province,year,category,batch,university_code,university_name,major_group,subject_req,min_score,min_rank,control_score,score_diff,admit_count,school_province,school_nature,is_985,is_211
江西,2025,历史类,专科批,2096,河北科技工程职业技术大学,（103）,首选历史，再选不限,469,55660,,,0,河北,公办,0,0
江西,2025,历史类,专科批,2219,大连科技学院,（101）,首选历史，再选不限,398,101278,,,0,辽宁,民办,0,0
江西,2025,历史类,专科批,2565,汉江师范学院,（102）,首选历史，再选不限,487,40314,,,11,湖北,公办,0,0
江西,2025,历史类,专科批,3359,温州商学院,（102）,首选历史，再选不限,461,63000,,,4,浙江,民办,0,0
江西,2025,历史类,专科批,3371,浙江树人学院,（102）,首选历史，再选不限,453,63711,,,10,浙江,民办,0,0
江西,2025,历史类,专科批,5083,唐山幼儿师范高等专科学校,（101）,首选历史，再选不限,454,55660,,,5,河北,公办,0,0
江西,2025,历史类,专科批,5222,长春金融高等专科学校,（101）,首选历史，再选不限,464,44921,,,5,吉林,公办,0,0
江西,2025,历史类,专科批,5283,上海旅游高等专科学校,,首选历史，再选不限,464,52965,,,10,上海,公办,0,0
江西,2025,历史类,专科批,5311,镇江市高等专科学校,（101）,首选历史，再选不限,477,45576,,,7,江苏,公办,0,0
江西,2025,历史类,专科批,5314,江苏城市职业学院,（101）,首选历史，再选不限,482,46887,,,0,江苏,公办,0,0
江西,2025,历史类,专科批,5381,安徽中医药高等专科学校,（101）,首选历史，再选不限,478,31293,,,14,安徽,公办,0,0
江西,2025,历史类,专科批,5382,安徽第二医学院,（101）,首选历史，再选不限,494,40963,,,9,安徽,公办,0,0
江西,2025,历史类,专科批,5517,河南医学高等专科学校,（101）,首选历史，再选不限,471,57693,,,0,河南,公办,0,0
江西,2025,历史类,专科批,5752,三亚护理职业学院,（101）,首选历史，再选不限,240,177699,,,0,海南,民办,0,0
江西,2025,历史类,专科批,5774,重庆幼儿师范高等专科学校,（101）,首选历史，再选不限,463,63000,,,0,重庆,公办,0,0
江西,2025,历史类,专科批,5845,毕节职业技术学院,（101）,首选历史，再选不限,364,80778,,,16,贵州,公办,0,0
江西,2025,历史类,专科批,5856,曲靖健康医学院,（101）,首选历史，再选不限,462,63711,,,2,云南,公办,0,0
江西,2025,历史类,专科批,5857,楚雄医药高等专科学校,（101）,首选历史，再选不限,452,70087,,,2,云南,公办,0,0
江西,2025,历史类,专科批,5886,大连职业技术学院,（101）,首选历史，再选不限,427,83986,,,0,辽宁,公办,0,0
江西,2025,历史类,专科批,5891,盘锦职业技术学院,（101）,首选历史，再选不限,369,122825,,,0,辽宁,公办,0,0
江西,2025,历史类,专科批,5919,浙江安防职业技术学院,（101）,首选历史，再选不限,451,70730,,,0,浙江,公办,0,0
江西,2025,历史类,专科批,5928,桐城师范高等专科学校,（101）,首选历史，再选不限,465,61678,,,0,安徽,公办,0,0
江西,2025,历史类,专科批,5936,湄洲湾职业技术学院,（101）,首选历史，再选不限,453,63000,,,30,福建,公办,0,0
江西,2025,历史类,专科批,5939,漳州职业技术学院,（101）,首选历史，再选不限,486,44921,,,0,福建,公办,0,0
江西,2025,历史类,专科批,5946,山东胜利职业学院,（101）,首选历史，再选不限,379,95810,,,75,山东,公办,0,0
江西,2025,历史类,专科批,5947,鹤壁职业技术学院,（101）,首选历史，再选不限,405,82054,,,0,河南,公办,0,0
江西,2025,历史类,专科批,6141,临汾职业技术学院,（101）,首选历史，再选不限,442,61678,,,2,山西,公办,0,0
江西,2025,历史类,专科批,6220,辽宁生态工程职业学院,（101）,首选历史，再选不限,379,114699,,,0,辽宁,公办,0,0
江西,2025,历史类,专科批,6243,黑龙江农业工程职业学院,（101）,首选历史，再选不限,447,56314,,,0,黑龙江,公办,0,0
江西,2025,历史类,专科批,6248,伊春职业学院,（101）,首选历史，再选不限,449,68191,,,9,黑龙江,公办,0,0
江西,2025,历史类,专科批,6281,上海工商职业技术学院,（101）,首选历史，再选不限,280,176754,,,0,上海,民办,0,0
江西,2025,历史类,专科批,6282,上海东海职业技术学院,（101）,首选历史，再选不限,278,174851,,,0,上海,民办,0,0
江西,2025,历史类,专科批,6286,上海工商外国语职业学院,（101）,首选历史，再选不限,401,103332,,,0,上海,民办,0,0
江西,2025,历史类,专科批,6288,上海交通职业技术学院,（101）,首选历史，再选不限,472,54301,,,0,上海,公办,0,0
江西,2025,历史类,专科批,6292,上海邦德职业技术学院,（101）,首选历史，再选不限,271,181658,,,0,上海,民办,0,0
江西,2025,历史类,专科批,6297,上海行健职业学院,（101）,首选历史，再选不限,470,54997,,,0,上海,公办,0,0
江西,2025,历史类,专科批,6299,上海南湖职业技术学院,（101）,首选历史，再选不限,465,59712,,,0,上海,公办,0,0
江西,2025,历史类,专科批,6300,上海闵行职业技术学院,（101）,首选历史，再选不限,459,63000,,,0,上海,公办,0,0
江西,2025,历史类,专科批,6301,上海浦东职业技术学院,（101）,首选历史，再选不限,476,52328,,,8,上海,公办,0,0
江西,2025,历史类,专科批,6302,上海震旦职业学院,（101）,首选历史，再选不限,295,166427,,,0,上海,民办,0,0
江西,2025,历史类,专科批,6304,上海农林职业技术学院,（101）,首选历史，再选不限,467,55660,,,0,上海,公办,0,0
江西,2025,历史类,专科批,6305,上海现代化工职业学院,（101）,首选历史，再选不限,458,63000,,,0,上海,公办,0,0
江西,2025,历史类,专科批,6311,连云港职业技术学院,（101）,首选历史，再选不限,473,56314,,,0,江苏,公办,0,0
江西,2025,历史类,专科批,6325,江苏经贸职业技术学院,（101）,首选历史，再选不限,485,33734,,,15,江苏,公办,0,0
江西,2025,历史类,专科批,6334,南京铁道职业技术学院,（101）,首选历史，再选不限,507,31293,,,15,江苏,公办,0,0
江西,2025,历史类,专科批,6343,常州机电职业技术学院,（101）,首选历史，再选不限,471,50956,,,16,江苏,公办,0,0
江西,2025,历史类,专科批,6347,江苏工程职业技术学院,（101）,首选历史，再选不限,478,48205,,,13,江苏,公办,0,0
江西,2025,历史类,专科批,6348,苏州卫生职业技术学院,（101）,首选历史，再选不限,501,35681,,,0,江苏,公办,0,0
江西,2025,历史类,专科批,6351,浙江工业职业技术学院,（101）,首选历史，再选不限,468,57693,,,15,浙江,公办,0,0
江西,2025,历史类,专科批,6354,浙江经贸职业技术学院,（101）,首选历史，再选不限,488,40963,,,12,浙江,公办,0,0
江西,2025,历史类,专科批,6355,浙江纺织服装职业技术学院,（101）,首选历史，再选不限,465,57693,,,0,浙江,公办,0,0
江西,2025,历史类,专科批,6356,浙江商业职业技术学院,（101）,首选历史，再选不限,484,44921,,,13,浙江,公办,0,0
江西,2025,历史类,专科批,6364,浙江机电职业技术大学,（102）,首选历史，再选不限,485,40963,,,0,浙江,公办,0,0
江西,2025,历史类,专科批,6365,浙江邮电职业技术学院,（101）,首选历史，再选不限,495,40314,,,4,浙江,公办,0,0
江西,2025,历史类,专科批,6367,浙江国际海运职业技术学院,（101）,首选历史，再选不限,472,56991,,,0,浙江,公办,0,0
江西,2025,历史类,专科批,6368,义乌工商职业技术学院,（101）,首选历史，再选不限,475,50249,,,0,浙江,公办,0,0
江西,2025,历史类,专科批,6372,杭州科技职业技术学院,（101）,首选历史，再选不限,484,41625,,,16,浙江,公办,0,0
江西,2025,历史类,专科批,6377,杭州职业技术大学,（101）,首选历史，再选不限,503,31884,,,0,浙江,公办,0,0
江西,2025,历史类,专科批,6379,浙江建设职业技术学院,（101）,首选历史，再选不限,477,37020,,,0,浙江,公办,0,0
江西,2025,历史类,专科批,6389,合肥幼儿师范高等专科学校,（101）,首选历史，再选不限,465,56314,,,0,安徽,公办,0,0
江西,2025,历史类,专科批,6439,厦门城市职业学院,（101）,首选历史，再选不限,484,42250,,,0,福建,公办,0,0
江西,2025,历史类,专科批,6440,闽西职业技术学院,（101）,首选历史，再选不限,435,71381,,,29,福建,公办,0,0
江西,2025,历史类,专科批,6448,黎明职业大学,,首选历史，再选不限,408,61678,,,18,福建,公办,0,0
江西,2025,历史类,专科批,6470,山东商务职业学院,（101）,首选历史，再选不限,447,73251,,,5,山东,公办,0,0
江西,2025,历史类,专科批,6483,威海职业学院,（101）,首选历史，再选不限,440,69480,,,16,山东,公办,0,0
江西,2025,历史类,专科批,6490,齐鲁医药学院,,首选历史，再选不限,439,58426,,,0,山东,民办,0,0
江西,2025,历史类,专科批,6519,濮阳职业技术学院,（101）,首选历史，再选不限,378,119774,,,5,河南,公办,0,0
江西,2025,历史类,专科批,6524,郑州旅游职业学院,（101）,首选历史，再选不限,408,91186,,,10,河南,公办,0,0
江西,2025,历史类,专科批,6527,安阳职业技术学院,（101）,首选历史，再选不限,431,66252,,,0,河南,公办,0,0
江西,2025,历史类,专科批,6538,三门峡职业技术学院,（101）,首选历史，再选不限,431,78271,,,0,河南,公办,0,0
江西,2025,历史类,专科批,6539,河南推拿职业学院,（101）,首选历史，再选不限,470,58426,,,3,河南,公办,0,0
江西,2025,历史类,专科批,6547,湖北职业技术学院,（101）,首选历史，再选不限,482,41625,,,34,湖北,公办,0,0
江西,2025,历史类,专科批,6568,江汉艺术职业学院,（101）,首选历史，再选不限,448,67528,,,12,湖北,公办,0,0
江西,2025,历史类,专科批,6585,襄阳科技职业学院,（101）,首选历史，再选不限,403,93844,,,4,湖北,公办,0,0
江西,2025,历史类,专科批,6592,宜昌科技职业学院,（101）,首选历史，再选不限,409,96472,,,16,湖北,公办,0,0
江西,2025,历史类,专科批,6626,湖南汽车工程职业大学,（101）,首选历史，再选不限,469,56991,,,0,湖南,公办,0,0
江西,2025,历史类,专科批,6646,株洲科技职业学院,,首选历史，再选不限,303,65614,,,0,湖南,民办,0,0
江西,2025,历史类,专科批,6663,广州职业技术大学,（101）,首选历史，再选不限,487,44269,,,20,广东,公办,0,0
江西,2025,历史类,专科批,6664,广东水利电力职业技术学院,（101）,首选历史，再选不限,476,52328,,,0,广东,公办,0,0
江西,2025,历史类,专科批,6674,广东科贸职业学院,（101）,首选历史，再选不限,482,44921,,,18,广东,公办,0,0
江西,2025,历史类,专科批,6692,东莞职业技术学院,,首选历史，再选不限,477,49562,,,0,广东,公办,0,0
江西,2025,历史类,专科批,6726,广西水利电力职业技术学院,（101）,首选历史，再选不限,410,90490,,,0,广西,公办,0,0
江西,2025,历史类,专科批,6728,广西信息职业技术学院,（101）,首选历史，再选不限,391,106805,,,13,广西,公办,0,0
江西,2025,历史类,专科批,6744,广西职业技术学院,（101）,首选历史，再选不限,250,192306,,,5,广西,公办,0,0
江西,2025,历史类,专科批,6758,海南经贸职业技术学院,（101）,首选历史，再选不限,468,53607,,,0,海南,公办,0,0
江西,2025,历史类,专科批,6759,海南外国语职业学院,（101）,首选历史，再选不限,444,64957,,,0,海南,公办,0,0
江西,2025,历史类,专科批,6765,海南卫生健康职业学院,（101）,首选历史，再选不限,447,65614,,,0,海南,公办,0,0
江西,2025,历史类,专科批,6768,重庆护理职业学院,（101）,首选历史，再选不限,321,122112,,,0,重庆,民办,0,0
江西,2025,历史类,专科批,6771,重庆工信职业学院,（101）,首选历史，再选不限,455,64326,,,10,重庆,公办,0,0
江西,2025,历史类,专科批,6792,重庆工贸职业技术学院,（101）,首选历史，再选不限,459,64957,,,12,重庆,公办,0,0
江西,2025,历史类,专科批,6858,云南能源职业技术学院,（101）,首选历史，再选不限,398,104642,,,4,云南,公办,0,0
江西,2025,历史类,专科批,6862,云南林业职业技术学院,（101）,首选历史，再选不限,439,63711,,,0,云南,公办,0,0
江西,2025,历史类,专科批,6872,云南财经职业学院,（101）,首选历史，再选不限,465,61678,,,6,云南,公办,0,0
江西,2025,历史类,专科批,6929,四川水利职业技术学院,（101）,首选历史，再选不限,433,82054,,,0,四川,公办,0,0
江西,2025,历史类,专科批,6933,乌兰察布医学高等专科学校,（101）,首选历史，再选不限,449,72030,,,0,内蒙古,公办,0,0
江西,2025,历史类,专科批,6949,重庆财经职业学院,（101）,首选历史，再选不限,476,52328,,,0,重庆,公办,0,0
江西,2025,历史类,专科批,7554,大兴安岭职业学院,（101）,首选历史，再选不限,369,118346,,,8,黑龙江,公办,0,0
江西,2025,历史类,专科批,7566,苏州健雄职业技术学院,（101）,首选历史，再选不限,447,68821,,,0,江苏,公办,0,0
江西,2025,历史类,专科批,7567,江苏电子信息职业学院,（101）,首选历史，再选不限,467,60360,,,0,江苏,公办,0,0
江西,2025,历史类,专科批,7578,南京机电职业技术学院,（101）,首选历史，再选不限,483,38305,,,0,江苏,公办,0,0
江西,2025,历史类,专科批,7590,石家庄幼儿师范高等专科学校,,首选历史，再选不限,357,128062,,,9,河北,公办,0,0
江西,2025,历史类,专科批,7591,徐州幼儿师范高等专科学校,（101）,首选历史，再选不限,456,67528,,,0,江苏,公办,0,0
江西,2025,历史类,专科批,7593,郑州幼儿师范高等专科学校,（101）,首选历史，再选不限,351,140111,,,0,河南,公办,0,0
江西,2025,历史类,专科批,7595,河北轨道运输职业技术学院,（101）,首选历史，再选不限,470,55660,,,0,河北,公办,0,0
江西,2025,历史类,专科批,7597,辽宁民族师范高等专科学校,,首选历史，再选不限,364,97825,,,0,辽宁,公办,0,0
江西,2025,历史类,专科批,8277,抚州医药学院,,首选历史，再选不限,459,41626,,,0,江西,公办,0,0
江西,2025,历史类,专科批,8511,江西医学高等专科学校,（101）,首选历史，再选不限,366,121361,,,0,江西,公办,0,0
江西,2025,历史类,专科批,8608,江西现代职业技术学院,,首选历史，再选不限,423,53607,,,900,江西,公办,0,0
江西,2025,历史类,专科批,8609,江西机电职业技术学院,,首选历史，再选不限,303,74506,,,1953,江西,公办,0,0
江西,2025,历史类,专科批,8621,江西制造职业技术学院,（101）,首选历史，再选不限,417,83986,,,0,江西,公办,0,0
江西,2025,历史类,专科批,8624,江西航空职业技术学院,（101）,首选历史，再选不限,290,128062,,,1735,江西,民办,0,0
江西,2025,历史类,专科批,8634,江西应用技术职业学院,,首选历史，再选不限,463,54997,,,569,江西,公办,0,0
江西,2025,历史类,专科批,8635,宜春职业技术学院,,首选历史，再选不限,463,37639,,,593,江西,公办,0,0
江西,2025,历史类,专科批,8686,赣南卫生健康职业学院,（101）,首选历史，再选不限,277,58426,,,1731,江西,公办,0,0
江西,2025,历史类,专科批,8686,赣南卫生健康职业学院,（102）,首选历史，再选化学,273,174385,,,27,江西,公办,0,0
江西,2025,历史类,专科批,8688,南昌健康职业技术学院,（101）,首选历史，再选不限,434,69480,,,1006,江西,公办,0,0
江西,2025,历史类,专科提前批,5283,上海旅游高等专科学校,（101）,首选历史，再选不限,467,60360,,,3,上海,公办,0,0
江西,2025,历史类,本科批,1001,中央民族大学,,首选历史，再选不限,537,1113,,,0,北京,公办,1,1
江西,2025,历史类,本科批,1008,北京科技大学,（101）,首选历史，再选不限,604,1593,,,17,北京,公办,0,1
江西,2025,历史类,本科批,1009,北京化工大学,（101）,首选历史，再选不限,599,1364,,,0,北京,公办,0,1
江西,2025,历史类,本科批,1010,北京邮电大学,（101）,首选历史，再选不限,609,1063,,,13,北京,公办,0,1
江西,2025,历史类,本科批,1012,北京林业大学,（101）,首选历史，再选不限,602,1593,,,0,北京,公办,0,1
江西,2025,历史类,本科批,1012,北京林业大学,（102）,首选历史，再选地理,607,1593,,,0,北京,公办,0,1
江西,2025,历史类,本科批,1013,北京中医药大学,（101）,首选历史，再选不限,600,1746,,,0,北京,公办,0,1
江西,2025,历史类,本科批,1015,中国传媒大学,,首选历史，再选不限,594,1231,,,0,北京,公办,0,1
江西,2025,历史类,本科批,1016,中央财经大学,,首选历史，再选不限,601,620,,,0,北京,公办,0,1
江西,2025,历史类,本科批,1017,对外经济贸易大学,,首选历史，再选不限,599,620,,,31,北京,公办,0,1
江西,2025,历史类,本科批,1017,对外经济贸易大学,（162）,首选历史，再选思想政治,599,2320,,,3,北京,公办,0,1
江西,2025,历史类,本科批,1020,中国石油大学（北京）,（101）,首选历史，再选不限,599,2320,,,0,北京,公办,0,1
江西,2025,历史类,本科批,1020,中国石油大学（北京）,（102）,首选历史，再选思想政治,598,2428,,,0,北京,公办,0,1
江西,2025,历史类,本科批,1021,中国地质大学（北京）,（101）,首选历史，再选不限,594,2535,,,0,北京,公办,0,1
江西,2025,历史类,本科批,1027,北京外国语大学,（102）,首选历史，再选不限,609,860,,,0,北京,公办,0,1
江西,2025,历史类,本科批,1027,北京外国语大学,,首选历史，再选思想政治,601,1364,,,0,北京,公办,0,1
江西,2025,历史类,本科批,1071,石家庄铁道大学,,首选历史，再选不限,564,7188,,,0,河北,公办,0,0
江西,2025,历史类,本科批,1073,燕山大学,（101）,首选历史，再选不限,569,6519,,,18,河北,公办,0,0
江西,2025,历史类,本科批,1221,吉林大学,,首选历史，再选不限,609,495,,,25,吉林,公办,1,1
江西,2025,历史类,本科批,1221,吉林大学,,首选历史，再选思想政治,600,1296,,,7,吉林,公办,1,1
江西,2025,历史类,本科批,1222,延边大学,（101）,首选历史，再选不限,571,5283,,,0,吉林,公办,0,1
江西,2025,历史类,本科批,1223,长春理工大学,,首选历史，再选不限,538,10711,,,0,吉林,公办,0,0
江西,2025,历史类,本科批,1244,哈尔滨医科大学,（101）,首选历史，再选不限,560,8949,,,4,黑龙江,公办,0,0
江西,2025,历史类,本科批,1244,哈尔滨医科大学,（102）,首选历史，再选生物,571,6732,,,1,黑龙江,公办,0,0
江西,2025,历史类,本科批,1245,东北石油大学,（101）,首选历史，再选不限,529,13070,,,18,黑龙江,公办,0,0
江西,2025,历史类,本科批,1246,东北林业大学,（101）,首选历史，再选不限,577,4574,,,0,黑龙江,公办,0,1
江西,2025,历史类,本科批,1246,东北林业大学,（102）,首选历史，再选思想政治,579,4756,,,0,黑龙江,公办,0,1
江西,2025,历史类,本科批,1247,黑龙江中医药大学,（101）,首选历史，再选不限,563,5481,,,6,黑龙江,公办,0,0
江西,2025,历史类,本科批,1247,黑龙江中医药大学,（102）,首选历史，再选生物,516,26711,,,4,黑龙江,公办,0,0
江西,2025,历史类,本科批,1284,华东理工大学,,首选历史，再选不限,595,1941,,,0,上海,公办,0,1
江西,2025,历史类,本科批,1287,上海财经大学,（101）,首选历史，再选不限,615,331,,,0,上海,公办,0,1
江西,2025,历史类,本科批,1287,上海财经大学,（102）,首选历史，再选思想政治,620,814,,,0,上海,公办,0,1
江西,2025,历史类,本科批,1291,上海对外经贸大学,,首选历史，再选不限,578,2887,,,0,上海,公办,0,0
江西,2025,历史类,本科批,1294,上海理工大学,（101）,首选历史，再选不限,575,5481,,,0,上海,公办,0,0
江西,2025,历史类,本科批,131,山西师范大学,（101）,首选历史，再选不限,539,12386,,,14,山西,公办,0,0
江西,2025,历史类,本科批,131,山西师范大学,（102）,首选历史，再选思想政治,564,8431,,,2,山西,公办,0,0
江西,2025,历史类,本科批,1317,南京理工大学,（101）,首选历史，再选不限,596,2320,,,0,江苏,公办,0,1
江西,2025,历史类,本科批,1317,南京理工大学,（102）,首选历史，再选思想政治,598,2428,,,0,江苏,公办,0,1
江西,2025,历史类,本科批,1320,南京信息工程大学,（101）,首选历史，再选不限,582,4239,,,8,江苏,公办,0,0
江西,2025,历史类,本科批,1320,南京信息工程大学,（102）,首选历史，再选思想政治,585,4103,,,2,江苏,公办,0,0
江西,2025,历史类,本科批,1321,江南大学,,首选历史，再选不限,604,1524,,,17,江苏,公办,0,1
江西,2025,历史类,本科批,1321,江南大学,（104）,首选历史，再选思想政治,605,1660,,,2,江苏,公办,0,1
江西,2025,历史类,本科批,1322,江苏大学,（101）,首选历史，再选不限,582,2026,,,10,江苏,公办,0,0
江西,2025,历史类,本科批,1323,扬州大学,,首选历史，再选不限,575,3657,,,23,江苏,公办,0,0
江西,2025,历史类,本科批,1323,扬州大学,（102）,首选历史，再选思想政治,589,3508,,,2,江苏,公办,0,0
江西,2025,历史类,本科批,1324,江苏科技大学,（101）,首选历史，再选不限,574,5884,,,7,江苏,公办,0,0
江西,2025,历史类,本科批,1325,西交利物浦大学,（101）,首选历史，再选不限,562,8949,,,34,江苏,中外合作办学,0,0
江西,2025,历史类,本科批,1352,宁波大学,,首选历史，再选不限,562,1941,,,0,浙江,公办,0,0
江西,2025,历史类,本科批,1353,浙江工业大学,（101）,首选历史，再选不限,576,5675,,,2,浙江,公办,0,0
江西,2025,历史类,本科批,1354,浙江理工大学,（101）,首选历史，再选不限,575,5675,,,0,浙江,公办,0,0
江西,2025,历史类,本科批,1356,浙江工商大学,（101）,首选历史，再选不限,589,2887,,,15,浙江,公办,0,0
江西,2025,历史类,本科批,1461,山东大学,,首选历史，再选不限,601,576,,,30,山东,公办,1,1
江西,2025,历史类,本科批,1462,中国海洋大学,,首选历史，再选不限,605,1296,,,0,山东,公办,1,1
江西,2025,历史类,本科批,1462,中国海洋大学,（103）,首选历史，再选思想政治,606,1659,,,0,山东,公办,1,1
江西,2025,历史类,本科批,1463,中国石油大学（华东）,（101）,首选历史，再选不限,596,2654,,,0,山东,公办,0,1
江西,2025,历史类,本科批,1464,山东大学（威海）,（101）,首选历史，再选不限,612,1167,,,4,山东,公办,1,1
江西,2025,历史类,本科批,1464,山东大学（威海）,（102）,首选历史，再选思想政治,609,1443,,,5,山东,公办,1,1
江西,2025,历史类,本科批,1502,河南大学,,首选历史，再选不限,545,3952,,,0,河南,公办,0,0
江西,2025,历史类,本科批,1502,河南大学,（103）,首选历史，再选地理,584,4239,,,0,河南,公办,0,0
江西,2025,历史类,本科批,1545,武汉理工大学,,首选历史，再选不限,592,2106,,,0,湖北,公办,0,1
江西,2025,历史类,本科批,1545,武汉理工大学,（103）,首选历史，再选思想政治,598,2428,,,0,湖北,公办,0,1
江西,2025,历史类,本科批,1546,中国地质大学（武汉）,（101）,首选历史，再选不限,595,1839,,,0,湖北,公办,0,1
江西,2025,历史类,本科批,1548,武汉科技大学,（101）,首选历史，再选不限,575,5109,,,0,湖北,公办,0,0
江西,2025,历史类,本科批,1602,中南大学,（101）,首选历史，再选不限,614,814,,,24,湖南,公办,1,1
江西,2025,历史类,本科批,1603,湘潭大学,（101）,首选历史，再选不限,579,2106,,,46,湖南,公办,0,0
江西,2025,历史类,本科批,1603,湘潭大学,（102）,首选历史，再选思想政治,586,3390,,,8,湖南,公办,0,0
江西,2025,历史类,本科批,1668,深圳大学,（101）,首选历史，再选不限,604,1168,,,15,广东,公办,0,0
江西,2025,历史类,本科批,1669,南方医科大学,（101）,首选历史，再选不限,588,1593,,,0,广东,公办,0,0
江西,2025,历史类,本科批,1721,广西大学,（101）,首选历史，再选不限,581,3390,,,0,广西,公办,0,1
江西,2025,历史类,本科批,1751,海南大学,,首选历史，再选不限,558,2199,,,0,海南,公办,0,1
江西,2025,历史类,本科批,1751,海南大学,（106）,首选历史，再选地理,565,8431,,,0,海南,公办,0,1
江西,2025,历史类,本科批,1751,海南大学,,首选历史，再选思想政治,588,3258,,,0,海南,公办,0,1
江西,2025,历史类,本科批,1831,贵州大学,（101）,首选历史，再选不限,579,4409,,,0,贵州,公办,0,1
江西,2025,历史类,本科批,1831,贵州大学,（102）,首选历史，再选思想政治,585,4103,,,0,贵州,公办,0,1
江西,2025,历史类,本科批,1873,西安交通大学,（102）,首选历史，再选不限,619,576,,,0,陕西,公办,1,1
江西,2025,历史类,本科批,191,大连海事大学,（101）,首选历史，再选不限,591,1746,,,0,辽宁,公办,0,1
江西,2025,历史类,本科批,191,大连海事大学,（102）,首选历史，再选思想政治,591,3258,,,0,辽宁,公办,0,1
江西,2025,历史类,本科批,1921,兰州大学,（101）,首选历史，再选不限,603,1523,,,14,甘肃,公办,1,1
江西,2025,历史类,本科批,1921,兰州大学,（102）,首选历史，再选思想政治,607,1523,,,4,甘肃,公办,1,1
江西,2025,历史类,本科批,194,辽宁师范大学,,首选历史，再选不限,529,13070,,,12,辽宁,公办,0,0
江西,2025,历史类,本科批,1961,宁夏大学,,首选历史，再选不限,573,6296,,,0,宁夏,公办,0,1
江西,2025,历史类,本科批,1961,宁夏大学,（103）,首选历史，再选思想政治,575,5884,,,0,宁夏,公办,0,1
江西,2025,历史类,本科批,1981,新疆大学,（101）,首选历史，再选不限,582,4574,,,0,新疆,公办,0,1
江西,2025,历史类,本科批,1981,新疆大学,（102）,首选历史，再选思想政治,576,5481,,,0,新疆,公办,0,1
江西,2025,历史类,本科批,1982,石河子大学,（101）,首选历史，再选不限,570,5675,,,10,新疆,公办,0,1
江西,2025,历史类,本科批,1983,中国石油大学（北京）克拉玛依校区,（101）,首选历史，再选不限,578,5283,,,0,新疆,公办,0,1
江西,2025,历史类,本科批,1983,中国石油大学（北京）克拉玛依校区,（102）,首选历史，再选思想政治,571,6732,,,0,新疆,公办,0,1
江西,2025,历史类,本科批,2001,中华女子学院,（101）,首选历史，再选不限,535,8681,,,27,北京,公办,0,0
江西,2025,历史类,本科批,2006,北京石油化工学院,（101）,首选历史，再选不限,551,12386,,,0,北京,公办,0,0
江西,2025,历史类,本科批,2007,北京物资学院,（101）,首选历史，再选不限,566,6519,,,0,北京,公办,0,0
江西,2025,历史类,本科批,2010,首都经济贸易大学,（101）,首选历史，再选不限,589,2887,,,0,北京,公办,0,0
江西,2025,历史类,本科批,2011,北京工商大学,（101）,首选历史，再选不限,569,7188,,,5,北京,公办,0,0
江西,2025,历史类,本科批,2016,北京联合大学,,首选历史，再选不限,559,6296,,,0,北京,公办,0,0
江西,2025,历史类,本科批,2017,中国劳动关系学院,（101）,首选历史，再选不限,562,7427,,,0,北京,公办,0,0
江西,2025,历史类,本科批,2017,中国劳动关系学院,（102）,首选历史，再选思想政治,557,9821,,,0,北京,公办,0,0
江西,2025,历史类,本科批,2019,防灾科技学院,（101）,首选历史，再选不限,532,16489,,,0,河北,公办,0,0
江西,2025,历史类,本科批,2041,天津工业大学,,首选历史，再选不限,560,4239,,,15,天津,公办,0,0
江西,2025,历史类,本科批,2044,天津职业技术师范大学,（101）,首选历史，再选不限,542,15643,,,0,天津,公办,0,0
江西,2025,历史类,本科批,2049,中国民航大学,（101）,首选历史，再选不限,572,4103,,,0,天津,公办,0,0
江西,2025,历史类,本科批,2049,中国民航大学,（102）,首选历史，再选思想政治,576,5675,,,0,天津,公办,0,0
江西,2025,历史类,本科批,2071,河北大学,（101）,首选历史，再选不限,568,5884,,,0,河北,公办,0,0
江西,2025,历史类,本科批,2075,廊坊师范学院,（101）,首选历史，再选不限,530,17715,,,10,河北,公办,0,0
江西,2025,历史类,本科批,2081,河北工程大学,（101）,首选历史，再选不限,550,10711,,,0,河北,公办,0,0
江西,2025,历史类,本科批,2084,北华航天工业学院,（101）,首选历史，再选不限,527,20002,,,8,河北,公办,0,0
江西,2025,历史类,本科批,2090,河北传媒学院,（101）,首选历史，再选不限,493,42250,,,0,河北,民办,0,0
江西,2025,历史类,本科批,2096,河北科技工程职业技术大学,（102）,首选历史，再选不限,515,28374,,,0,河北,公办,0,0
江西,2025,历史类,本科批,2133,中北大学,（101）,首选历史，再选不限,561,9217,,,2,山西,公办,0,0
江西,2025,历史类,本科批,2134,太原工业学院,（101）,首选历史，再选不限,522,25036,,,3,山西,公办,0,0
江西,2025,历史类,本科批,2135,山西农业大学,（101）,首选历史，再选不限,538,16877,,,0,山西,公办,0,0
江西,2025,历史类,本科批,2135,山西农业大学,（102）,首选历史，再选思想政治,539,16063,,,0,山西,公办,0,0
江西,2025,历史类,本科批,2139,山西医科大学,（101）,首选历史，再选不限,537,15260,,,10,山西,公办,0,0
江西,2025,历史类,本科批,2139,山西医科大学,（102）,首选历史，再选生物,537,17715,,,3,山西,公办,0,0
江西,2025,历史类,本科批,2141,运城学院,（101）,首选历史，再选不限,515,27818,,,0,山西,公办,0,0
江西,2025,历史类,本科批,2142,太原学院,（101）,首选历史，再选不限,517,27260,,,0,山西,公办,0,0
江西,2025,历史类,本科批,2143,太原师范学院,（101）,首选历史，再选不限,521,25036,,,0,山西,公办,0,0
江西,2025,历史类,本科批,2143,太原师范学院,（102）,首选历史，再选思想政治,529,20979,,,0,山西,公办,0,0
江西,2025,历史类,本科批,2144,忻州师范学院,,首选历史，再选不限,518,20472,,,17,山西,公办,0,0
江西,2025,历史类,本科批,2144,忻州师范学院,（103）,首选历史，再选地理,521,25575,,,1,山西,公办,0,0
江西,2025,历史类,本科批,2146,长治学院,（101）,首选历史，再选不限,524,20002,,,5,山西,公办,0,0
江西,2025,历史类,本科批,2146,长治学院,（102）,首选历史，再选思想政治,522,25036,,,2,山西,公办,0,0
江西,2025,历史类,本科批,2149,山西工程科技职业大学,（101）,首选历史，再选不限,520,26151,,,2,山西,公办,0,0
江西,2025,历史类,本科批,2173,内蒙古工业大学,（101）,首选历史，再选不限,515,28929,,,0,内蒙古,公办,0,0
江西,2025,历史类,本科批,2181,内蒙古财经大学,（101）,首选历史，再选不限,533,18619,,,0,内蒙古,公办,0,0
江西,2025,历史类,本科批,2182,内蒙古大学创业学院,（101）,首选历史，再选不限,502,36363,,,11,内蒙古,民办,0,0
江西,2025,历史类,本科批,2184,内蒙古大学,,首选历史，再选不限,590,3258,,,2,内蒙古,公办,0,1
江西,2025,历史类,本科批,2184,内蒙古大学,（103）,首选历史，再选思想政治,584,4239,,,1,内蒙古,公办,0,1
江西,2025,历史类,本科批,2193,沈阳理工大学,（101）,首选历史，再选不限,540,11014,,,5,辽宁,公办,0,0
江西,2025,历史类,本科批,2198,大连工业大学,（101）,首选历史，再选不限,541,15644,,,3,辽宁,公办,0,0
江西,2025,历史类,本科批,2199,沈阳师范大学,,首选历史，再选不限,521,19078,,,33,辽宁,公办,0,0
江西,2025,历史类,本科批,2200,大连外国语大学,,首选历史，再选不限,549,10420,,,28,辽宁,公办,0,0
江西,2025,历史类,本科批,2200,大连外国语大学,（103）,首选历史，再选思想政治,565,8170,,,1,辽宁,公办,0,0
江西,2025,历史类,本科批,2201,大连医科大学,（101）,首选历史，再选不限,585,4103,,,0,辽宁,公办,0,0
江西,2025,历史类,本科批,2207,鞍山师范学院,,首选历史，再选不限,514,26711,,,0,辽宁,公办,0,0
江西,2025,历史类,本科批,2208,辽东学院,,首选历史，再选不限,514,26151,,,0,辽宁,公办,0,0
江西,2025,历史类,本科批,2209,沈阳大学,（102）,首选历史，再选不限,533,18120,,,13,辽宁,公办,0,0
江西,2025,历史类,本科批,2209,沈阳大学,（103）,首选历史，再选地理,546,14132,,,2,辽宁,公办,0,0
江西,2025,历史类,本科批,221,东北师范大学,,首选历史，再选不限,586,3009,,,0,吉林,公办,0,1
江西,2025,历史类,本科批,221,东北师范大学,,首选历史，再选思想政治,593,2199,,,0,吉林,公办,0,1
江西,2025,历史类,本科批,2216,辽宁工业大学,（101）,首选历史，再选不限,520,25575,,,0,辽宁,公办,0,0
江西,2025,历史类,本科批,2221,吉林警察学院,（101）,首选历史，再选不限,544,13772,,,0,吉林,公办,0,0
江西,2025,历史类,本科批,2222,东北电力大学,（101）,首选历史，再选不限,545,14505,,,3,吉林,公办,0,0
江西,2025,历史类,本科批,2222,东北电力大学,（102）,首选历史，再选思想政治,552,12028,,,3,吉林,公办,0,0
江西,2025,历史类,本科批,2227,长春大学,,首选历史，再选不限,512,16489,,,21,吉林,公办,0,0
江西,2025,历史类,本科批,2228,北华大学,（101）,首选历史，再选不限,540,15260,,,9,吉林,公办,0,0
江西,2025,历史类,本科批,2230,长春工业大学,（101）,首选历史，再选不限,532,14132,,,19,吉林,公办,0,0
江西,2025,历史类,本科批,2231,长春师范大学,,首选历史，再选不限,502,19078,,,34,吉林,公办,0,0
江西,2025,历史类,本科批,2231,长春师范大学,（104）,首选历史，再选地理,532,17715,,,5,吉林,公办,0,0
江西,2025,历史类,本科批,2231,长春师范大学,（103）,首选历史，再选思想政治,538,16489,,,6,吉林,公办,0,0
江西,2025,历史类,本科批,2232,吉林工程技术师范学院,（101）,首选历史，再选不限,515,28929,,,0,吉林,公办,0,0
江西,2025,历史类,本科批,2236,吉林医药学院,（101）,首选历史，再选不限,519,26151,,,0,吉林,公办,0,0
江西,2025,历史类,本科批,2237,吉林外国语大学,,首选历史，再选不限,486,35681,,,0,吉林,民办,0,0
江西,2025,历史类,本科批,2243,黑龙江大学,,首选历史，再选不限,548,5884,,,0,黑龙江,公办,0,0
江西,2025,历史类,本科批,2245,哈尔滨商业大学,（101）,首选历史，再选不限,533,12708,,,0,黑龙江,公办,0,0
江西,2025,历史类,本科批,2246,佳木斯大学,（101）,首选历史，再选不限,533,19510,,,0,黑龙江,公办,0,0
江西,2025,历史类,本科批,2249,齐齐哈尔大学,（101）,首选历史，再选不限,524,22984,,,0,黑龙江,公办,0,0
江西,2025,历史类,本科批,2251,哈尔滨学院,,首选历史，再选不限,520,22470,,,0,黑龙江,公办,0,0
江西,2025,历史类,本科批,2251,哈尔滨学院,（103）,首选历史，再选思想政治,523,24520,,,0,黑龙江,公办,0,0
江西,2025,历史类,本科批,2252,黑龙江八一农垦大学,（101）,首选历史，再选不限,521,22984,,,0,黑龙江,公办,0,0
江西,2025,历史类,本科批,2253,牡丹江师范学院,（101）,首选历史，再选不限,515,25036,,,18,黑龙江,公办,0,0
江西,2025,历史类,本科批,2255,绥化学院,（101）,首选历史，再选不限,515,28374,,,12,黑龙江,公办,0,0
江西,2025,历史类,本科批,2255,绥化学院,（102）,首选历史，再选地理,514,29543,,,4,黑龙江,公办,0,0
江西,2025,历史类,本科批,2256,黑河学院,,首选历史，再选不限,514,28374,,,0,黑龙江,公办,0,0
江西,2025,历史类,本科批,2260,辽宁中医药大学,,首选历史，再选不限,526,7427,,,0,辽宁,公办,0,0
江西,2025,历史类,本科批,2260,辽宁中医药大学,（103）,首选历史，再选化学,496,40963,,,0,辽宁,公办,0,0
江西,2025,历史类,本科批,2261,长春人文学院,（101）,首选历史，再选不限,491,39641,,,0,吉林,民办,0,0
江西,2025,历史类,本科批,2281,上海师范大学,,首选历史，再选不限,558,3794,,,0,上海,公办,0,0
江西,2025,历史类,本科批,2285,上海海事大学,（101）,首选历史，再选不限,596,2320,,,0,上海,公办,0,0
江西,2025,历史类,本科批,2286,上海海洋大学,（101）,首选历史，再选不限,580,4756,,,0,上海,公办,0,0
江西,2025,历史类,本科批,2289,上海第二工业大学,（101）,首选历史，再选不限,564,7667,,,0,上海,公办,0,0
江西,2025,历史类,本科批,2290,上海立信会计金融学院,（101）,首选历史，再选不限,574,4574,,,0,上海,公办,0,0
江西,2025,历史类,本科批,2293,上海政法学院,,首选历史，再选不限,587,2199,,,0,上海,公办,0,0
江西,2025,历史类,本科批,2293,上海政法学院,（103）,首选历史，再选思想政治,584,4103,,,0,上海,公办,0,0
江西,2025,历史类,本科批,2312,南京工业大学,,首选历史，再选不限,576,3794,,,8,江苏,公办,0,0
江西,2025,历史类,本科批,2313,常州大学,（101）,首选历史，再选不限,572,5283,,,16,江苏,公办,0,0
江西,2025,历史类,本科批,2313,常州大学,（102）,首选历史，再选思想政治,568,7427,,,4,江苏,公办,0,0
江西,2025,历史类,本科批,2318,南京工程学院,（101）,首选历史，再选不限,559,7188,,,0,江苏,公办,0,0
江西,2025,历史类,本科批,2321,苏州科技大学,（101）,首选历史，再选不限,571,6296,,,0,江苏,公办,0,0
江西,2025,历史类,本科批,2321,苏州科技大学,（102）,首选历史，再选思想政治,573,6296,,,0,江苏,公办,0,0
江西,2025,历史类,本科批,2331,金陵科技学院,（101）,首选历史，再选不限,546,11681,,,7,江苏,公办,0,0
江西,2025,历史类,本科批,2332,徐州工程学院,（101）,首选历史，再选不限,547,10109,,,0,江苏,公办,0,0
江西,2025,历史类,本科批,2336,苏州工学院,（101）,首选历史，再选不限,549,11014,,,6,江苏,公办,0,0
江西,2025,历史类,本科批,2340,江苏师范大学,（101）,首选历史，再选不限,574,4574,,,0,江苏,公办,0,0
江西,2025,历史类,本科批,2340,江苏师范大学,（102）,首选历史，再选思想政治,574,6106,,,0,江苏,公办,0,0
江西,2025,历史类,本科批,2342,江苏第二师范学院,（101）,首选历史，再选不限,541,13427,,,11,江苏,公办,0,0
江西,2025,历史类,本科批,2345,淮阴师范学院,（101）,首选历史，再选不限,531,20472,,,0,江苏,公办,0,0
江西,2025,历史类,本科批,2346,宿迁学院,（101）,首选历史，再选不限,541,13772,,,0,江苏,公办,0,0
江西,2025,历史类,本科批,2354,浙江海洋大学,（101）,首选历史，再选不限,553,9217,,,12,浙江,公办,0,0
江西,2025,历史类,本科批,2355,浙江农林大学,,首选历史，再选不限,573,4239,,,8,浙江,公办,0,0
江西,2025,历史类,本科批,2357,浙江中医药大学,（101）,首选历史，再选不限,567,6519,,,4,浙江,公办,0,0
江西,2025,历史类,本科批,2359,绍兴文理学院,（101）,首选历史，再选不限,548,11681,,,25,浙江,公办,0,0
江西,2025,历史类,本科批,2360,温州大学,,首选历史，再选不限,575,4239,,,0,浙江,公办,0,0
江西,2025,历史类,本科批,2360,温州大学,（103）,首选历史，再选思想政治,575,5884,,,0,浙江,公办,0,0
江西,2025,历史类,本科批,2361,中国计量大学,（101）,首选历史，再选不限,591,3125,,,2,浙江,公办,0,0
江西,2025,历史类,本科批,2362,嘉兴大学,（101）,首选历史，再选不限,561,7427,,,0,浙江,公办,0,0
江西,2025,历史类,本科批,2363,浙江传媒学院,,首选历史，再选不限,559,4574,,,0,浙江,公办,0,0
江西,2025,历史类,本科批,2364,台州学院,,首选历史，再选不限,545,14132,,,13,浙江,公办,0,0
江西,2025,历史类,本科批,2366,宁波工程学院,（101）,首选历史，再选不限,545,12708,,,13,浙江,公办,0,0
江西,2025,历史类,本科批,2371,湖州师范学院,（101）,首选历史，再选不限,552,8681,,,17,浙江,公办,0,0
江西,2025,历史类,本科批,2372,衢州学院,,首选历史，再选不限,534,16877,,,18,浙江,公办,0,0
江西,2025,历史类,本科批,2373,浙江外国语学院,,首选历史，再选不限,551,6948,,,38,浙江,公办,0,0
江西,2025,历史类,本科批,2374,浙江万里学院,（101）,首选历史，再选不限,526,16063,,,0,浙江,公办,0,0
江西,2025,历史类,本科批,2377,浙江药科职业大学,（101）,首选历史，再选不限,525,22470,,,0,浙江,公办,0,0
江西,2025,历史类,本科批,2385,安徽财经大学,（101）,首选历史，再选不限,569,4925,,,37,安徽,公办,0,0
江西,2025,历史类,本科批,2386,淮南师范学院,（101）,首选历史，再选不限,533,,,,0,安徽,公办,0,0
江西,2025,历史类,本科批,2386,淮南师范学院,（102）,首选历史，再选思想政治,530,,,,0,安徽,公办,0,0
江西,2025,历史类,本科批,2390,安徽中医药大学,,首选历史，再选不限,542,6519,,,21,安徽,公办,0,0
江西,2025,历史类,本科批,2393,合肥大学,,首选历史，再选不限,531,9527,,,0,安徽,公办,0,0
江西,2025,历史类,本科批,2398,安庆师范大学,（101）,首选历史，再选不限,539,14132,,,40,安徽,公办,0,0
江西,2025,历史类,本科批,241,哈尔滨师范大学,（101）,首选历史，再选思想政治,564,8431,,,0,黑龙江,公办,0,0
江西,2025,历史类,本科批,2410,铜陵学院,（101）,首选历史，再选不限,522,22984,,,14,安徽,公办,0,0
江西,2025,历史类,本科批,2430,龙岩学院,（101）,首选历史，再选不限,526,18619,,,0,福建,公办,0,0
江西,2025,历史类,本科批,2431,华侨大学,,首选历史，再选不限,571,4103,,,0,福建,公办,0,0
江西,2025,历史类,本科批,2435,三明学院,,首选历史，再选不限,525,18619,,,13,福建,公办,0,0
江西,2025,历史类,本科批,2462,山东科技大学,（101）,首选历史，再选不限,569,6732,,,4,山东,公办,0,0
江西,2025,历史类,本科批,2465,青岛理工大学,,首选历史，再选不限,549,7667,,,0,山东,公办,0,0
江西,2025,历史类,本科批,2468,济南大学,（101）,首选历史，再选不限,562,6732,,,0,山东,公办,0,0
江西,2025,历史类,本科批,2468,济南大学,（102）,首选历史，再选思想政治,572,6519,,,0,山东,公办,0,0
江西,2025,历史类,本科批,2470,山东交通学院,（101）,首选历史，再选不限,527,21470,,,8,山东,公办,0,0
江西,2025,历史类,本科批,2473,聊城大学,（101）,首选历史，再选不限,556,10711,,,0,山东,公办,0,0
江西,2025,历史类,本科批,2473,聊城大学,（102）,首选历史，再选思想政治,554,11353,,,0,山东,公办,0,0
江西,2025,历史类,本科批,2474,鲁东大学,（101）,首选历史，再选不限,550,11014,,,0,山东,公办,0,0
江西,2025,历史类,本科批,2475,临沂大学,（101）,首选历史，再选不限,545,14505,,,0,山东,公办,0,0
江西,2025,历史类,本科批,2481,滨州医学院,,首选历史，再选不限,513,17715,,,0,山东,公办,0,0
江西,2025,历史类,本科批,2482,山东财经大学,（101）,首选历史，再选不限,570,3390,,,0,山东,公办,0,0
江西,2025,历史类,本科批,2483,山东工商学院,（101）,首选历史，再选不限,548,7427,,,0,山东,公办,0,0
江西,2025,历史类,本科批,2486,山东理工大学,（101）,首选历史，再选不限,544,11353,,,0,山东,公办,0,0
江西,2025,历史类,本科批,2489,曲阜师范大学,（101）,首选历史，再选不限,548,9527,,,0,山东,公办,0,0
江西,2025,历史类,本科批,2489,曲阜师范大学,（102）,首选历史，再选思想政治,559,9217,,,0,山东,公办,0,0
江西,2025,历史类,本科批,2490,山东航空学院,（101）,首选历史，再选思想政治,532,20002,,,0,山东,公办,0,0
江西,2025,历史类,本科批,2492,山东政法学院,（101）,首选历史，再选不限,557,6296,,,0,山东,公办,0,0
江西,2025,历史类,本科批,2492,山东政法学院,（102）,首选历史，再选思想政治,554,11353,,,0,山东,公办,0,0
江西,2025,历史类,本科批,2498,山东第一医科大学,,首选历史，再选不限,532,18120,,,27,山东,公办,0,0
江西,2025,历史类,本科批,2502,河南理工大学,（101）,首选历史，再选不限,546,12386,,,10,河南,公办,0,0
江西,2025,历史类,本科批,2507,中原工学院,（101）,首选历史，再选不限,526,17715,,,0,河南,公办,0,0
江西,2025,历史类,本科批,2509,河南科技学院,（101）,首选历史，再选不限,523,22984,,,0,河南,公办,0,0
江西,2025,历史类,本科批,2512,许昌学院,,首选历史，再选不限,514,25036,,,16,河南,公办,0,0
江西,2025,历史类,本科批,2517,河南财经政法大学,（101）,首选历史，再选不限,573,5109,,,14,河南,公办,0,0
江西,2025,历史类,本科批,2523,安阳工学院,（101）,首选历史，再选不限,517,27260,,,8,河南,公办,0,0
江西,2025,历史类,本科批,2525,平顶山学院,,首选历史，再选不限,509,20472,,,0,河南,公办,0,0
江西,2025,历史类,本科批,2529,河南工程学院,（101）,首选历史，再选不限,525,20979,,,0,河南,公办,0,0
江西,2025,历史类,本科批,2543,武汉轻工大学,（101）,首选历史，再选不限,564,7667,,,0,湖北,公办,0,0
江西,2025,历史类,本科批,2546,湖北大学,（102）,首选历史，再选地理,574,6106,,,0,湖北,公办,0,0
江西,2025,历史类,本科批,2546,湖北大学,（101）,首选历史，再选思想政治,580,4925,,,0,湖北,公办,0,0
江西,2025,历史类,本科批,2549,湖北民族大学,,首选历史，再选不限,543,13070,,,0,湖北,公办,0,0
江西,2025,历史类,本科批,2550,湖北文理学院,,首选历史，再选不限,517,14132,,,0,湖北,公办,0,0
江西,2025,历史类,本科批,2552,湖北汽车工业学院,（101）,首选历史，再选不限,522,24020,,,0,湖北,公办,0,0
江西,2025,历史类,本科批,2555,湖北医药学院,（101）,首选历史，再选不限,529,20472,,,0,湖北,公办,0,0
江西,2025,历史类,本科批,2560,湖北理工学院,（101）,首选历史，再选不限,532,18120,,,0,湖北,公办,0,0
江西,2025,历史类,本科批,2562,湖北第二师范学院,,首选历史，再选不限,512,11681,,,0,湖北,公办,0,0
江西,2025,历史类,本科批,2562,湖北第二师范学院,（103）,首选历史，再选思想政治,551,12386,,,0,湖北,公办,0,0
江西,2025,历史类,本科批,2565,汉江师范学院,（101）,首选历史，再选不限,528,19510,,,19,湖北,公办,0,0
江西,2025,历史类,本科批,2602,中南林业科技大学,（101）,首选历史，再选不限,565,5481,,,27,湖南,公办,0,0
江西,2025,历史类,本科批,2608,长沙理工大学,（101）,首选历史，再选不限,575,4409,,,0,湖南,公办,0,0
江西,2025,历史类,本科批,2610,湖南工业大学,（101）,首选历史，再选不限,564,6732,,,0,湖南,公办,0,0
江西,2025,历史类,本科批,2611,南华大学,（101）,首选历史，再选不限,574,5481,,,0,湖南,公办,0,0
江西,2025,历史类,本科批,2616,湖南科技学院,（101）,首选历史，再选不限,519,26711,,,0,湖南,公办,0,0
江西,2025,历史类,本科批,2618,湘南学院,（101）,首选历史，再选不限,540,14858,,,8,湖南,公办,0,0
江西,2025,历史类,本科批,2618,湘南学院,（102）,首选历史，再选思想政治,535,18619,,,2,湖南,公办,0,0
江西,2025,历史类,本科批,2619,长沙学院,,首选历史，再选不限,535,11014,,,11,湖南,公办,0,0
江西,2025,历史类,本科批,2620,湖南人文科技学院,（101）,首选历史，再选不限,523,24520,,,4,湖南,公办,0,0
江西,2025,历史类,本科批,2628,湖南女子学院,（101）,首选历史，再选不限,524,20002,,,36,湖南,公办,0,0
江西,2025,历史类,本科批,2666,广东工业大学,（101）,首选历史，再选不限,576,5283,,,6,广东,公办,0,0
江西,2025,历史类,本科批,2674,佛山大学,（161）,首选历史，再选不限,539,16877,,,5,广东,公办,0,0
江西,2025,历史类,本科批,2677,韩山师范学院,,首选历史，再选不限,532,19078,,,0,广东,公办,0,0
江西,2025,历史类,本科批,2681,广东警官学院,（101）,首选历史，再选不限,571,6732,,,0,广东,公办,0,0
江西,2025,历史类,本科批,2688,深圳技术大学,（101）,首选历史，再选不限,579,4239,,,9,广东,公办,0,0
江西,2025,历史类,本科批,2691,肇庆学院,,首选历史，再选不限,530,17715,,,12,广东,公办,0,0
江西,2025,历史类,本科批,2722,桂林电子科技大学,（101）,首选历史，再选不限,533,13772,,,0,广西,公办,0,0
江西,2025,历史类,本科批,2723,桂林理工大学,（101）,首选历史，再选不限,534,19078,,,0,广西,公办,0,0
江西,2025,历史类,本科批,2725,右江民族医学院,（101）,首选历史，再选生物,515,28929,,,1,广西,公办,0,0
江西,2025,历史类,本科批,2727,桂林医科大学,（101）,首选历史，再选不限,515,28929,,,0,广西,公办,0,0
江西,2025,历史类,本科批,2729,玉林师范学院,,首选历史，再选不限,523,20472,,,0,广西,公办,0,0
江西,2025,历史类,本科批,2734,北部湾大学,,首选历史，再选不限,521,13427,,,0,广西,公办,0,0
江西,2025,历史类,本科批,2735,贺州学院,,首选历史，再选不限,512,27818,,,31,广西,公办,0,0
江西,2025,历史类,本科批,2736,百色学院,,首选历史，再选不限,518,24520,,,16,广西,公办,0,0
江西,2025,历史类,本科批,2736,百色学院,（103）,首选历史，再选思想政治,520,26151,,,3,广西,公办,0,0
江西,2025,历史类,本科批,2753,海南医科大学,（101）,首选历史，再选不限,546,14132,,,0,海南,公办,0,0
江西,2025,历史类,本科批,2754,海南热带海洋学院,,首选历史，再选不限,492,20472,,,0,海南,公办,0,0
江西,2025,历史类,本科批,2754,海南热带海洋学院,（103）,首选历史，再选思想政治,527,20472,,,0,海南,公办,0,0
江西,2025,历史类,本科批,2774,重庆理工大学,,首选历史，再选不限,559,7667,,,20,重庆,公办,0,0
江西,2025,历史类,本科批,2775,重庆工商大学,,首选历史，再选不限,548,4926,,,0,重庆,公办,0,0
江西,2025,历史类,本科批,2775,重庆工商大学,（104）,首选历史，再选生物,514,28930,,,0,重庆,公办,0,0
江西,2025,历史类,本科批,2778,四川外国语大学,,首选历史，再选不限,529,4104,,,0,重庆,公办,0,0
江西,2025,历史类,本科批,2778,四川外国语大学,（105）,首选历史，再选思想政治,565,7922,,,0,重庆,公办,0,0
江西,2025,历史类,本科批,2780,重庆科技大学,（101）,首选历史，再选不限,540,16489,,,2,重庆,公办,0,0
江西,2025,历史类,本科批,2781,重庆第二师范学院,,首选历史，再选不限,541,14132,,,0,重庆,公办,0,0
江西,2025,历史类,本科批,2782,重庆中医药学院,（101）,首选历史，再选不限,560,8681,,,8,重庆,公办,0,0
江西,2025,历史类,本科批,2791,西南石油大学,（101）,首选历史，再选不限,586,3508,,,0,四川,公办,0,0
江西,2025,历史类,本科批,2796,成都中医药大学,（101）,首选历史，再选不限,564,6732,,,0,四川,公办,0,0
江西,2025,历史类,本科批,2798,西华师范大学,（101）,首选历史，再选不限,552,8681,,,0,四川,公办,0,0
江西,2025,历史类,本科批,2798,西华师范大学,（102）,首选历史，再选思想政治,553,10711,,,0,四川,公办,0,0
江西,2025,历史类,本科批,2802,攀枝花学院,（101）,首选历史，再选不限,521,25575,,,5,四川,公办,0,0
江西,2025,历史类,本科批,2804,宜宾学院,（101）,首选历史，再选不限,508,33106,,,4,四川,公办,0,0
江西,2025,历史类,本科批,2805,绵阳师范学院,（101）,首选历史，再选不限,518,21470,,,0,四川,公办,0,0
江西,2025,历史类,本科批,2806,中国民用航空飞行学院,（101）,首选历史，再选不限,541,11014,,,7,四川,公办,0,0
江西,2025,历史类,本科批,2806,中国民用航空飞行学院,（102）,首选历史，再选思想政治,552,12028,,,1,四川,公办,0,0
江西,2025,历史类,本科批,2808,西南民族大学,（101）,首选历史，再选不限,568,6519,,,15,四川,公办,0,0
江西,2025,历史类,本科批,2811,四川文理学院,,首选历史，再选不限,518,22470,,,9,四川,公办,0,0
江西,2025,历史类,本科批,2815,川北医学院,（101）,首选历史，再选生物,522,25036,,,0,四川,公办,0,0
江西,2025,历史类,本科批,2817,成都师范学院,,首选历史，再选不限,546,12708,,,0,四川,公办,0,0
江西,2025,历史类,本科批,282,华东师范大学,,首选历史，再选不限,603,495,,,0,上海,公办,1,1
江西,2025,历史类,本科批,282,华东师范大学,,首选历史，再选思想政治,606,670,,,0,上海,公办,1,1
江西,2025,历史类,本科批,283,上海体育大学,,首选历史，再选不限,574,5884,,,0,上海,公办,0,0
江西,2025,历史类,本科批,2833,遵义医科大学,,首选历史，再选不限,542,14858,,,4,贵州,公办,0,0
江西,2025,历史类,本科批,2833,遵义医科大学,（103）,首选历史，再选生物,547,13772,,,2,贵州,公办,0,0
江西,2025,历史类,本科批,2834,贵州财经大学,（101）,首选历史，再选不限,555,10711,,,0,贵州,公办,0,0
江西,2025,历史类,本科批,2834,贵州财经大学,（102）,首选历史，再选思想政治,549,13070,,,0,贵州,公办,0,0
江西,2025,历史类,本科批,2842,安顺学院,（101）,首选历史，再选不限,517,20979,,,5,贵州,公办,0,0
江西,2025,历史类,本科批,2842,安顺学院,（105）,首选历史，再选思想政治,533,19510,,,1,贵州,公办,0,0
江西,2025,历史类,本科批,2845,凯里学院,（101）,首选历史，再选不限,517,27818,,,12,贵州,公办,0,0
江西,2025,历史类,本科批,2852,昆明理工大学,（101）,首选历史，再选地理,547,13427,,,0,云南,公办,0,0
江西,2025,历史类,本科批,2853,西南林业大学,（101）,首选历史，再选不限,542,12708,,,18,云南,公办,0,0
江西,2025,历史类,本科批,2854,云南中医药大学,,首选历史，再选不限,555,6948,,,2,云南,公办,0,0
江西,2025,历史类,本科批,2855,云南农业大学,,首选历史，再选不限,518,15260,,,10,云南,公办,0,0
江西,2025,历史类,本科批,2856,玉溪师范学院,（101）,首选历史，再选不限,535,16877,,,4,云南,公办,0,0
江西,2025,历史类,本科批,2857,云南民族大学,（101）,首选历史，再选不限,546,14132,,,0,云南,公办,0,0
江西,2025,历史类,本科批,2861,大理大学,,首选历史，再选不限,537,12029,,,16,云南,公办,0,0
江西,2025,历史类,本科批,2861,大理大学,（104）,首选历史，再选生物,536,17716,,,2,云南,公办,0,0
江西,2025,历史类,本科批,2863,昆明学院,（101）,首选历史，再选不限,517,20002,,,8,云南,公办,0,0
江西,2025,历史类,本科批,2865,文山学院,（101）,首选历史，再选不限,515,28929,,,5,云南,公办,0,0
江西,2025,历史类,本科批,2879,西北政法大学,,首选历史，再选不限,555,1523,,,0,陕西,公办,0,0
江西,2025,历史类,本科批,2881,陕西理工大学,（101）,首选历史，再选不限,540,13070,,,0,陕西,公办,0,0
江西,2025,历史类,本科批,2882,延安大学,（101）,首选历史，再选不限,544,12386,,,13,陕西,公办,0,0
江西,2025,历史类,本科批,2883,咸阳师范学院,,首选历史，再选不限,505,27260,,,32,陕西,公办,0,0
江西,2025,历史类,本科批,2884,宝鸡文理学院,（101）,首选历史，再选不限,521,18120,,,10,陕西,公办,0,0
江西,2025,历史类,本科批,2885,渭南师范学院,,首选历史，再选不限,498,27260,,,21,陕西,公办,0,0
江西,2025,历史类,本科批,2885,渭南师范学院,（108）,首选历史，再选思想政治,521,25575,,,3,陕西,公办,0,0
江西,2025,历史类,本科批,2887,榆林学院,（101）,首选历史，再选不限,518,22984,,,0,陕西,公办,0,0
江西,2025,历史类,本科批,2893,安康学院,（101）,首选历史，再选不限,516,26711,,,32,陕西,公办,0,0
江西,2025,历史类,本科批,2893,安康学院,（102）,首选历史，再选思想政治,520,26151,,,4,陕西,公办,0,0
江西,2025,历史类,本科批,2895,陕西学前师范学院,（101）,首选历史，再选不限,513,25036,,,0,陕西,公办,0,0
江西,2025,历史类,本科批,2895,陕西学前师范学院,（102）,首选历史，再选思想政治,525,23507,,,0,陕西,公办,0,0
江西,2025,历史类,本科批,2924,天水师范大学,（101）,首选历史，再选不限,526,21470,,,0,甘肃,公办,0,0
江西,2025,历史类,本科批,2933,兰州财经大学,（101）,首选历史，再选不限,540,13070,,,0,甘肃,公办,0,0
江西,2025,历史类,本科批,2934,甘肃政法大学,（101）,首选历史，再选不限,563,6106,,,0,甘肃,公办,0,0
江西,2025,历史类,本科批,2934,甘肃政法大学,（102）,首选历史，再选思想政治,562,8949,,,0,甘肃,公办,0,0
江西,2025,历史类,本科批,2963,北方民族大学,（101）,首选历史，再选不限,537,14505,,,0,宁夏,公办,0,0
江西,2025,历史类,本科批,2963,北方民族大学,（102）,首选历史，再选思想政治,544,14858,,,0,宁夏,公办,0,0
江西,2025,历史类,本科批,2985,喀什大学,（101）,首选历史，再选不限,514,26151,,,38,新疆,公办,0,0
江西,2025,历史类,本科批,2985,喀什大学,（105）,首选历史，再选地理,514,29543,,,4,新疆,公办,0,0
江西,2025,历史类,本科批,2985,喀什大学,（104）,首选历史，再选思想政治,516,28374,,,2,新疆,公办,0,0
江西,2025,历史类,本科批,3041,天津商业大学宝德学院,,首选历史，再选不限,500,33106,,,0,天津,民办,0,0
江西,2025,历史类,本科批,3042,天津外国语大学滨海外事学院,（101）,首选历史，再选不限,510,30693,,,0,天津,民办,0,0
江西,2025,历史类,本科批,3081,石家庄铁道大学四方学院,（101）,首选历史，再选不限,514,29543,,,2,河北,民办,0,0
江西,2025,历史类,本科批,311,南京师范大学,,首选历史，再选不限,598,1523,,,0,江苏,公办,0,1
江西,2025,历史类,本科批,3196,大连东软信息学院,（101）,首选历史，再选不限,486,46887,,,0,辽宁,民办,0,0
江西,2025,历史类,本科批,3222,长春光华学院,（101）,首选历史，再选不限,488,43622,,,0,吉林,民办,0,0
江西,2025,历史类,本科批,3227,长春建筑学院,（101）,首选历史，再选不限,489,45576,,,0,吉林,民办,0,0
江西,2025,历史类,本科批,3228,长春科技学院,（101）,首选历史，再选不限,488,46229,,,0,吉林,民办,0,0
江西,2025,历史类,本科批,3232,长春大学旅游学院,（101）,首选历史，再选不限,486,46229,,,0,吉林,民办,0,0
江西,2025,历史类,本科批,3246,齐齐哈尔工程学院,（101）,首选历史，再选不限,478,47572,,,27,黑龙江,民办,0,0
江西,2025,历史类,本科批,3285,上海杉达学院,,首选历史，再选不限,504,22984,,,0,上海,民办,0,0
江西,2025,历史类,本科批,3311,东南大学成贤学院,（101）,首选历史，再选不限,515,24020,,,0,江苏,民办,0,0
江西,2025,历史类,本科批,3313,南京师范大学泰州学院,（101）,首选历史，再选不限,509,30693,,,0,江苏,民办,0,0
江西,2025,历史类,本科批,3315,南京传媒学院,（101）,首选历史，再选不限,497,27260,,,0,江苏,民办,0,0
江西,2025,历史类,本科批,3319,南京财经大学红山学院,（101）,首选历史，再选不限,511,24520,,,0,江苏,民办,0,0
江西,2025,历史类,本科批,3333,苏州大学应用技术学院,（101）,首选历史，再选不限,505,28929,,,29,江苏,民办,0,0
江西,2025,历史类,本科批,3334,苏州城市学院,（101）,首选历史，再选不限,548,12028,,,20,江苏,公办,0,0
江西,2025,历史类,本科批,3335,中国矿业大学徐海学院,（101）,首选历史，再选不限,505,33106,,,0,江苏,民办,0,0
江西,2025,历史类,本科批,3354,宁波大学科学技术学院,（101）,首选历史，再选不限,508,30102,,,0,浙江,民办,0,0
江西,2025,历史类,本科批,3356,浙江工业大学之江学院,（101）,首选历史，再选不限,512,30693,,,5,浙江,民办,0,0
江西,2025,历史类,本科批,3359,温州商学院,（101）,首选历史，再选不限,492,35681,,,32,浙江,民办,0,0
江西,2025,历史类,本科批,3360,温州医科大学仁济学院,（101）,首选历史，再选不限,507,33734,,,2,浙江,民办,0,0
江西,2025,历史类,本科批,3364,温州理工学院,（101）,首选历史，再选不限,551,10109,,,0,浙江,公办,0,0
江西,2025,历史类,本科批,3365,浙江工商大学杭州商学院,（101）,首选历史，再选不限,506,28929,,,37,浙江,民办,0,0
江西,2025,历史类,本科批,3371,浙江树人学院,（101）,首选历史，再选不限,493,38986,,,23,浙江,民办,0,0
江西,2025,历史类,本科批,3387,马鞍山学院,（101）,首选历史，再选不限,502,36729,,,0,安徽,民办,0,0
江西,2025,历史类,本科批,3390,安徽艺术学院,（101）,首选历史，再选不限,521,25436,,,4,安徽,公办,0,0
江西,2025,历史类,本科批,3426,福州大学至诚学院,（101）,首选历史，再选不限,509,30102,,,15,福建,民办,0,0
江西,2025,历史类,本科批,3428,厦门工学院,（101）,首选历史，再选不限,496,37639,,,21,福建,民办,0,0
江西,2025,历史类,本科批,3464,山东石油化工学院,,首选历史，再选不限,539,14505,,,4,山东,公办,0,0
江西,2025,历史类,本科批,351,浙江师范大学,,首选历史，再选不限,547,3657,,,26,浙江,公办,0,0
江西,2025,历史类,本科批,3513,内蒙古鸿德文理学院,（101）,首选历史，再选不限,497,37639,,,0,内蒙古,民办,0,0
江西,2025,历史类,本科批,3548,武汉华夏理工学院,（101）,首选历史，再选不限,501,36363,,,0,湖北,民办,0,0
江西,2025,历史类,本科批,3551,武汉工程大学邮电与信息工程学院,（101）,首选历史，再选不限,515,28929,,,0,湖北,民办,0,0
江西,2025,历史类,本科批,3571,武汉工商学院,（101）,首选历史，再选不限,505,31884,,,0,湖北,民办,0,0
江西,2025,历史类,本科批,3673,广州软件学院,（101）,首选历史，再选不限,495,41625,,,0,广东,民办,0,0
江西,2025,历史类,本科批,3722,桂林学院,（101）,首选历史，再选不限,498,37020,,,32,广西,民办,0,0
江西,2025,历史类,本科批,3771,重庆外语外事学院,（101）,首选历史，再选不限,503,34369,,,0,重庆,民办,0,0
江西,2025,历史类,本科批,3773,重庆财经学院,（101）,首选历史，再选不限,516,23507,,,0,重庆,民办,0,0
江西,2025,历史类,本科批,3776,重庆移通学院,（101）,首选历史，再选不限,503,35019,,,0,重庆,民办,0,0
江西,2025,历史类,本科批,3790,四川警察学院,（101）,首选历史，再选不限,568,7427,,,0,四川,公办,0,0
江西,2025,历史类,本科批,3796,成都银杏酒店管理学院,（101）,首选历史，再选不限,500,38305,,,0,四川,民办,0,0
江西,2025,历史类,本科批,3798,西南财经大学天府学院,,首选历史，再选不限,510,31293,,,0,四川,民办,0,0
江西,2025,历史类,本科批,3801,成都东软学院,（101）,首选历史，再选不限,502,35681,,,0,四川,民办,0,0
江西,2025,历史类,本科批,3802,成都锦城学院,,首选历史，再选不限,507,30693,,,0,四川,民办,0,0
江西,2025,历史类,本科批,3803,西京学院,（101）,首选历史，再选不限,498,39640,,,15,陕西,民办,0,0
江西,2025,历史类,本科批,3803,西京学院,,首选历史，再选思想政治,494,38305,,,6,陕西,民办,0,0
江西,2025,历史类,本科批,3808,重庆工程学院,（101）,首选历史，再选不限,509,30693,,,0,重庆,民办,0,0
江西,2025,历史类,本科批,381,安徽师范大学,（102）,首选历史，再选不限,564,5481,,,0,安徽,公办,0,0
江西,2025,历史类,本科批,381,安徽师范大学,（104）,首选历史，再选地理,572,6519,,,0,安徽,公办,0,0
江西,2025,历史类,本科批,381,安徽师范大学,（103）,首选历史，再选思想政治,573,6296,,,0,安徽,公办,0,0
江西,2025,历史类,本科批,3851,滇池学院,（101）,首选历史，再选不限,508,32473,,,7,云南,民办,0,0
江西,2025,历史类,本科批,3854,昆明医科大学海源学院,（101）,首选历史，再选不限,508,33106,,,0,云南,民办,0,0
江西,2025,历史类,本科批,3872,西安建筑科技大学华清学院,（101）,首选历史，再选不限,495,40963,,,0,陕西,民办,0,0
江西,2025,历史类,本科批,3877,西安明德理工学院,（101）,首选历史，再选不限,490,43622,,,0,陕西,民办,0,0
江西,2025,历史类,本科批,3936,贵州黔南科技学院,（101）,首选历史，再选不限,502,37020,,,4,贵州,民办,0,0
江西,2025,历史类,本科批,3962,宁夏理工学院,（101）,首选历史，再选不限,498,38986,,,6,宁夏,民办,0,0
江西,2025,历史类,本科批,43,天津师范大学,,首选历史，再选不限,541,5109,,,0,天津,公办,0,0
江西,2025,历史类,本科批,43,天津师范大学,（104）,首选历史，再选地理,566,7188,,,0,天津,公办,0,0
江西,2025,历史类,本科批,43,天津师范大学,（103）,首选历史，再选思想政治,576,5481,,,0,天津,公办,0,0
江西,2025,历史类,本科批,44,天津体育学院,（101）,首选历史，再选不限,532,18619,,,0,天津,公办,0,0
江西,2025,历史类,本科批,461,山东师范大学,,首选历史，再选不限,529,6296,,,0,山东,公办,0,0
江西,2025,历史类,本科批,461,山东师范大学,（103）,首选历史，再选地理,571,6732,,,0,山东,公办,0,0
江西,2025,历史类,本科批,501,河南师范大学,（101）,首选历史，再选不限,552,10711,,,0,河南,公办,0,0
江西,2025,历史类,本科批,501,河南师范大学,（102）,首选历史，再选思想政治,568,7427,,,0,河南,公办,0,0
江西,2025,历史类,本科批,5072,河北金融学院,,首选历史，再选不限,522,16489,,,28,河北,公办,0,0
江西,2025,历史类,本科批,5173,集宁师范学院,（101）,首选历史，再选不限,514,29543,,,12,内蒙古,公办,0,0
江西,2025,历史类,本科批,5173,集宁师范学院,（102）,首选历史，再选思想政治,515,28929,,,12,内蒙古,公办,0,0
江西,2025,历史类,本科批,5242,黑龙江工业学院,（101）,首选历史，再选不限,514,28929,,,16,黑龙江,公办,0,0
江西,2025,历史类,本科批,5383,池州学院,（101）,首选历史，再选不限,520,21961,,,46,安徽,公办,0,0
江西,2025,历史类,本科批,5383,池州学院,（102）,首选历史，再选地理,521,25575,,,6,安徽,公办,0,0
江西,2025,历史类,本科批,541,华中师范大学,,首选历史，再选不限,595,1231,,,0,湖北,公办,0,1
江西,2025,历史类,本科批,541,华中师范大学,,首选历史，再选思想政治,588,1523,,,0,湖北,公办,0,1
江西,2025,历史类,本科批,542,湖北师范大学,（101）,首选历史，再选不限,560,7188,,,0,湖北,公办,0,0
江西,2025,历史类,本科批,542,湖北师范大学,（103）,首选历史，再选地理,565,8170,,,0,湖北,公办,0,0
江西,2025,历史类,本科批,542,湖北师范大学,（102）,首选历史，再选思想政治,566,7921,,,0,湖北,公办,0,0
江西,2025,历史类,本科批,5501,郑州工程技术学院,（101）,首选历史，再选不限,517,27818,,,0,河南,公办,0,0
江西,2025,历史类,本科批,5545,武汉商学院,,首选历史，再选不限,525,12028,,,0,湖北,公办,0,0
江西,2025,历史类,本科批,5722,桂林航天工业学院,（101）,首选历史，再选不限,519,26151,,,0,广西,公办,0,0
江西,2025,历史类,本科批,5751,琼台师范学院,,首选历史，再选不限,489,22984,,,0,海南,公办,0,0
江西,2025,历史类,本科批,5751,琼台师范学院,（105）,首选历史，再选思想政治,531,20472,,,0,海南,公办,0,0
江西,2025,历史类,本科批,5793,四川旅游学院,（101）,首选历史，再选不限,539,15643,,,4,四川,公办,0,0
江西,2025,历史类,本科批,5793,四川旅游学院,（102）,首选历史，再选思想政治,531,20472,,,3,四川,公办,0,0
江西,2025,历史类,本科批,6092,河北环境工程学院,（101）,首选历史，再选不限,516,27260,,,6,河北,公办,0,0
江西,2025,历史类,本科批,6142,运城职业技术大学,（101）,首选历史，再选不限,502,28374,,,11,山西,民办,0,0
江西,2025,历史类,本科批,6324,南京特殊教育师范学院,（101）,首选历史，再选不限,534,11014,,,24,江苏,公办,0,0
江西,2025,历史类,本科批,6364,浙江机电职业技术大学,（101）,首选历史，再选不限,519,25036,,,0,浙江,公办,0,0
江西,2025,历史类,本科批,6422,福建江夏学院,（101）,首选历史，再选不限,550,9821,,,0,福建,公办,0,0
江西,2025,历史类,本科批,6490,齐鲁医药学院,,首选历史，再选不限,512,28929,,,0,山东,民办,0,0
江西,2025,历史类,本科批,6840,六盘水师范学院,（101）,首选历史，再选思想政治,526,22984,,,2,贵州,公办,0,0
江西,2025,历史类,本科批,6954,重庆人文科技学院,,首选历史，再选不限,512,28929,,,0,重庆,民办,0,0
江西,2025,历史类,本科批,6954,重庆人文科技学院,（103）,首选历史，再选思想政治,517,27818,,,0,重庆,民办,0,0
江西,2025,历史类,本科批,6983,西安交通工程学院,（101）,首选历史，再选不限,496,39640,,,0,陕西,民办,0,0
江西,2025,历史类,本科批,7,北京体育大学,,首选历史，再选不限,527,3009,,,0,北京,公办,0,1
江西,2025,历史类,本科批,7,北京体育大学,（104）,首选历史，再选思想政治,591,3258,,,0,北京,公办,0,1
江西,2025,历史类,本科批,7001,中央戏剧学院,（101）,首选历史，再选不限,574,4409,,,0,北京,公办,0,0
江西,2025,历史类,本科批,7005,中央美术学院,（101）,首选历史，再选不限,536,18120,,,0,北京,公办,0,0
江西,2025,历史类,本科批,7041,天津美术学院,（101）,首选历史，再选不限,539,16063,,,0,天津,公办,0,0
江西,2025,历史类,本科批,721,广西师范大学,,首选历史，再选不限,519,7427,,,0,广西,公办,0,0
江西,2025,历史类,本科批,721,广西师范大学,（104）,首选历史，再选思想政治,569,7188,,,0,广西,公办,0,0
江西,2025,历史类,本科批,7282,上海戏剧学院,（101）,首选历史，再选不限,582,4574,,,0,上海,公办,0,0
江西,2025,历史类,本科批,74,河北师范大学,,首选历史，再选不限,536,9527,,,24,河北,公办,0,0
江西,2025,历史类,本科批,74,河北师范大学,（105）,首选历史，再选地理,562,8681,,,4,河北,公办,0,0
江西,2025,历史类,本科批,74,河北师范大学,（104）,首选历史，再选思想政治,567,7667,,,2,河北,公办,0,0
江西,2025,历史类,本科批,751,海南师范大学,,首选历史，再选不限,506,7667,,,78,海南,公办,0,0
江西,2025,历史类,本科批,751,海南师范大学,（106）,首选历史，再选地理,562,8949,,,2,海南,公办,0,0
江西,2025,历史类,本科批,751,海南师范大学,,首选历史，再选思想政治,545,7667,,,11,海南,公办,0,0
江西,2025,历史类,本科批,771,重庆师范大学,,首选历史，再选不限,545,8431,,,0,重庆,公办,0,0
江西,2025,历史类,本科批,771,重庆师范大学,（105）,首选历史，再选地理,575,5884,,,0,重庆,公办,0,0
江西,2025,历史类,本科批,771,重庆师范大学,（104）,首选历史，再选思想政治,575,5884,,,0,重庆,公办,0,0
江西,2025,历史类,本科批,7721,广西艺术学院,（101）,首选历史，再选不限,512,29543,,,0,广西,公办,0,0
江西,2025,历史类,本科批,7791,四川音乐学院,（101）,首选历史，再选不限,546,14132,,,0,四川,公办,0,0
江西,2025,历史类,本科批,791,四川师范大学,,首选历史，再选不限,569,5884,,,0,四川,公办,0,0
江西,2025,历史类,本科批,791,四川师范大学,（106）,首选历史，再选地理,573,6106,,,0,四川,公办,0,0
江西,2025,历史类,本科批,791,四川师范大学,（105）,首选历史，再选思想政治,571,6296,,,0,四川,公办,0,0
江西,2025,历史类,本科批,8201,江西农业大学,,首选历史，再选不限,552,7921,,,0,江西,公办,0,0
江西,2025,历史类,本科批,8201,江西农业大学,（104）,首选历史，再选地理,557,10420,,,0,江西,公办,0,0
江西,2025,历史类,本科批,8201,江西农业大学,（103）,首选历史，再选生物,525,23507,,,0,江西,公办,0,0
江西,2025,历史类,本科批,8203,江西理工大学,（101）,首选历史，再选不限,552,6948,,,571,江西,公办,0,0
江西,2025,历史类,本科批,8204,东华理工大学,,首选历史，再选不限,517,9527,,,0,江西,公办,0,0
江西,2025,历史类,本科批,8205,南昌航空大学,,首选历史，再选不限,542,6948,,,257,江西,公办,0,0
江西,2025,历史类,本科批,8210,赣南师范大学,,首选历史，再选不限,517,7972,,,1179,江西,公办,0,0
江西,2025,历史类,本科批,8210,赣南师范大学,（10H）,首选历史，再选地理,537,15888,,,100,江西,公办,0,0
江西,2025,历史类,本科批,8210,赣南师范大学,（10G）,首选历史，再选思想政治,542,14220,,,153,江西,公办,0,0
江西,2025,历史类,本科批,8213,宜春学院,（101）,首选历史，再选不限,524,19510,,,563,江西,公办,0,0
江西,2025,历史类,本科批,8213,宜春学院,（104）,首选历史，再选思想政治,528,21961,,,32,江西,公办,0,0
江西,2025,历史类,本科批,8213,宜春学院,,首选历史，再选生物,518,24520,,,30,江西,公办,0,0
江西,2025,历史类,本科批,8217,九江学院,（101）,首选历史，再选不限,522,16927,,,0,江西,公办,0,0
江西,2025,历史类,本科批,8217,九江学院,（103）,首选历史，再选地理,521,24911,,,0,江西,公办,0,0
江西,2025,历史类,本科批,8218,江西水利电力大学,,首选历史，再选不限,534,8170,,,0,江西,公办,0,0
江西,2025,历史类,本科批,8229,新余学院,,首选历史，再选不限,517,23507,,,435,江西,公办,0,0
江西,2025,历史类,本科批,8229,新余学院,（103）,首选历史，再选生物,516,28374,,,30,江西,公办,0,0
江西,2025,历史类,本科批,8266,南昌医学院,,首选历史，再选不限,520,25575,,,0,江西,公办,0,0
江西,2025,历史类,本科批,8266,南昌医学院,（103）,首选历史，再选生物,514,28929,,,0,江西,公办,0,0
江西,2025,历史类,本科批,8277,抚州医药学院,（101）,首选历史，再选生物,508,32690,,,0,江西,公办,0,0
江西,2025,历史类,本科批,8306,南昌交通学院,（101）,首选历史，再选不限,496,37639,,,0,江西,民办,0,0
江西,2025,历史类,本科批,8307,赣南科技学院,（101）,首选历史，再选不限,524,20979,,,0,江西,公办,0,0
江西,2025,历史类,本科批,8642,江西飞行学院,（101）,首选历史，再选不限,522,24020,,,146,江西,公办,0,0
江西,2025,历史类,本科批,921,西北师范大学,（101）,首选历史，再选不限,555,8431,,,0,甘肃,公办,0,0
江西,2025,历史类,本科批,921,西北师范大学,（103）,首选历史，再选地理,548,9821,,,0,甘肃,公办,0,0
江西,2025,历史类,本科批,921,西北师范大学,（102）,首选历史，再选思想政治,566,7921,,,0,甘肃,公办,0,0
江西,2025,历史类,本科提前批,1873,西安交通大学,（101）,首选历史，再选思想政治,621,767,,,0,陕西,公办,1,1
江西,2025,历史类,本科提前批,192,中国刑事警察学院,,首选历史，再选思想政治,592,670,,,11,辽宁,公办,0,0
江西,2025,历史类,本科提前批,2243,黑龙江大学,（101）,首选历史，再选不限,545,14505,,,0,黑龙江,公办,0,0
江西,2025,历史类,本科提前批,282,华东师范大学,,首选历史，再选不限,612,313,,,0,上海,公办,1,1
江西,2025,历史类,本科提前批,282,华东师范大学,（103）,首选历史，再选思想政治,630,413,,,0,上海,公办,1,1
江西,2025,历史类,本科提前批,3,中国人民公安大学,,首选历史，再选思想政治,597,260,,,0,北京,公办,0,0
江西,2025,历史类,本科提前批,381,安徽师范大学,（101）,首选历史，再选思想政治,570,6948,,,0,安徽,公办,0,0
江西,2025,历史类,本科提前批,541,华中师范大学,,首选历史，再选不限,573,535,,,0,湖北,公办,0,1
江西,2025,历史类,本科提前批,541,华中师范大学,（104）,首选历史，再选地理,620,814,,,0,湖北,公办,0,1
江西,2025,历史类,本科提前批,541,华中师范大学,（103）,首选历史，再选思想政治,619,860,,,0,湖北,公办,0,1
江西,2025,历史类,本科提前批,8,中国消防救援学院,（J11）,首选历史，再选思想政治,571,5109,,,0,北京,公办,0,0
江西,2025,历史类,高校专项计划批,282,华东师范大学,（107）,首选历史，再选不限,609,576,,,0,上海,公办,1,1
江西,2025,历史类,高校专项计划批,282,华东师范大学,（108）,首选历史，再选思想政治,607,1593,,,0,上海,公办,1,1
江西,2025,历史类,高校专项计划批,311,南京师范大学,（103）,首选历史，再选不限,600,2026,,,0,江苏,公办,0,1
江西,2025,历史类,高校专项计划批,541,华中师范大学,（108）,首选历史，再选不限,591,3258,,,0,湖北,公办,0,1
江西,2025,物理类,专科批,2096,河北科技工程职业技术大学,（503）,首选物理，再选不限,414,180751,,,0,河北,公办,0,0
江西,2025,物理类,专科批,2219,大连科技学院,（502）,首选物理，再选不限,372,203898,,,0,辽宁,民办,0,0
江西,2025,物理类,专科批,2565,汉江师范学院,（503）,首选物理，再选不限,428,153466,,,19,湖北,公办,0,0
江西,2025,物理类,专科批,3196,大连东软信息学院,（502）,首选物理，再选不限,226,250887,,,0,辽宁,民办,0,0
江西,2025,物理类,专科批,3359,温州商学院,（503）,首选物理，再选不限,383,203898,,,6,浙江,民办,0,0
江西,2025,物理类,专科批,3371,浙江树人学院,（504）,首选物理，再选不限,369,195025,,,20,浙江,民办,0,0
江西,2025,物理类,专科批,5083,唐山幼儿师范高等专科学校,（501）,首选物理，再选不限,248,238950,,,3,河北,公办,0,0
江西,2025,物理类,专科批,5222,长春金融高等专科学校,（501）,首选物理，再选不限,398,165840,,,5,吉林,公办,0,0
江西,2025,物理类,专科批,5283,上海旅游高等专科学校,,首选物理，再选不限,405,185190,,,9,上海,公办,0,0
江西,2025,物理类,专科批,5311,镇江市高等专科学校,（501）,首选物理，再选不限,415,174089,,,7,江苏,公办,0,0
江西,2025,物理类,专科批,5314,江苏城市职业学院,（501）,首选物理，再选不限,429,164773,,,0,江苏,公办,0,0
江西,2025,物理类,专科批,5381,安徽中医药高等专科学校,（501）,首选物理，再选不限,425,126088,,,16,安徽,公办,0,0
江西,2025,物理类,专科批,5382,安徽第二医学院,（501）,首选物理，再选不限,422,155855,,,22,安徽,公办,0,0
江西,2025,物理类,专科批,5382,安徽第二医学院,（502）,首选物理，再选化学,440,160373,,,17,安徽,公办,0,0
江西,2025,物理类,专科批,5467,烟台工程职业技术学院,（501）,首选物理，再选不限,231,235919,,,25,山东,公办,0,0
江西,2025,物理类,专科批,5508,郑州电力高等专科学校,（501）,首选物理，再选不限,438,158155,,,0,河南,公办,0,0
江西,2025,物理类,专科批,5517,河南医学高等专科学校,（501）,首选物理，再选不限,414,186094,,,0,河南,公办,0,0
江西,2025,物理类,专科批,5752,三亚护理职业学院,（501）,首选物理，再选不限,240,259802,,,0,海南,民办,0,0
江西,2025,物理类,专科批,5773,重庆三峡医药高等专科学校,（501）,首选物理，再选不限,438,145214,,,0,重庆,公办,0,0
江西,2025,物理类,专科批,5774,重庆幼儿师范高等专科学校,（501）,首选物理，再选不限,393,202480,,,0,重庆,公办,0,0
江西,2025,物理类,专科批,5845,毕节职业技术学院,（501）,首选物理，再选不限,227,182573,,,8,贵州,公办,0,0
江西,2025,物理类,专科批,5856,曲靖健康医学院,（501）,首选物理，再选不限,419,181683,,,3,云南,公办,0,0
江西,2025,物理类,专科批,5857,楚雄医药高等专科学校,（501）,首选物理，再选不限,421,179795,,,2,云南,公办,0,0
江西,2025,物理类,专科批,5857,楚雄医药高等专科学校,（502）,首选物理，再选化学、生物(2科必选),385,197354,,,8,云南,公办,0,0
江西,2025,物理类,专科批,5880,辽宁装备制造职业技术学院,（501）,首选物理，再选不限,335,226358,,,25,辽宁,公办,0,0
江西,2025,物理类,专科批,5886,大连职业技术学院,（501）,首选物理，再选不限,391,191086,,,0,辽宁,公办,0,0
江西,2025,物理类,专科批,5891,盘锦职业技术学院,（501）,首选物理，再选不限,294,238950,,,0,辽宁,公办,0,0
江西,2025,物理类,专科批,5919,浙江安防职业技术学院,（501）,首选物理，再选不限,401,192712,,,0,浙江,公办,0,0
江西,2025,物理类,专科批,5928,桐城师范高等专科学校,（501）,首选物理，再选不限,280,240727,,,0,安徽,公办,0,0
江西,2025,物理类,专科批,5936,湄洲湾职业技术学院,（501）,首选物理，再选不限,385,198802,,,30,福建,公办,0,0
江西,2025,物理类,专科批,5939,漳州职业技术学院,（501）,首选物理，再选不限,426,161450,,,0,福建,公办,0,0
江西,2025,物理类,专科批,5946,山东胜利职业学院,（501）,首选物理，再选不限,229,231791,,,72,山东,公办,0,0
江西,2025,物理类,专科批,5947,鹤壁职业技术学院,（501）,首选物理，再选不限,240,259802,,,0,河南,公办,0,0
江西,2025,物理类,专科批,6089,河北交通职业技术学院,（501）,首选物理，再选不限,401,196609,,,0,河北,公办,0,0
江西,2025,物理类,专科批,6141,临汾职业技术学院,,首选物理，再选不限,319,232640,,,3,山西,公办,0,0
江西,2025,物理类,专科批,6191,渤海船舶职业学院,（501）,首选物理，再选不限,325,206598,,,0,辽宁,公办,0,0
江西,2025,物理类,专科批,6213,辽宁轨道交通职业学院,（501）,首选物理，再选不限,400,187830,,,0,辽宁,公办,0,0
江西,2025,物理类,专科批,6219,辽宁铁道职业技术学院,（501）,首选物理，再选不限,408,164773,,,0,辽宁,公办,0,0
江西,2025,物理类,专科批,6220,辽宁生态工程职业学院,（501）,首选物理，再选不限,230,250374,,,0,辽宁,公办,0,0
江西,2025,物理类,专科批,6227,长春职业技术大学,（503）,首选物理，再选不限,253,257541,,,0,吉林,公办,0,0
江西,2025,物理类,专科批,6243,黑龙江农业工程职业学院,（501）,首选物理，再选不限,293,211068,,,0,黑龙江,公办,0,0
江西,2025,物理类,专科批,6248,伊春职业学院,（501）,首选物理，再选不限,373,205243,,,10,黑龙江,公办,0,0
江西,2025,物理类,专科批,6281,上海工商职业技术学院,（501）,首选物理，再选不限,271,209173,,,0,上海,民办,0,0
江西,2025,物理类,专科批,6282,上海东海职业技术学院,（501）,首选物理，再选不限,224,233927,,,0,上海,民办,0,0
江西,2025,物理类,专科批,6286,上海工商外国语职业学院,（501）,首选物理，再选不限,360,222393,,,0,上海,民办,0,0
江西,2025,物理类,专科批,6288,上海交通职业技术学院,（501）,首选物理，再选不限,415,173043,,,0,上海,公办,0,0
江西,2025,物理类,专科批,6292,上海邦德职业技术学院,（501）,首选物理，再选不限,228,247948,,,0,上海,民办,0,0
江西,2025,物理类,专科批,6297,上海行健职业学院,（501）,首选物理，再选不限,419,174089,,,0,上海,公办,0,0
江西,2025,物理类,专科批,6299,上海南湖职业技术学院,（501）,首选物理，再选不限,415,179795,,,0,上海,公办,0,0
江西,2025,物理类,专科批,6300,上海闵行职业技术学院,（501）,首选物理，再选不限,403,186983,,,0,上海,公办,0,0
江西,2025,物理类,专科批,6301,上海浦东职业技术学院,（501）,首选物理，再选不限,416,171055,,,14,上海,公办,0,0
江西,2025,物理类,专科批,6302,上海震旦职业学院,（501）,首选物理，再选不限,243,212895,,,0,上海,民办,0,0
江西,2025,物理类,专科批,6304,上海农林职业技术学院,（501）,首选物理，再选不限,405,178862,,,0,上海,公办,0,0
江西,2025,物理类,专科批,6305,上海现代化工职业学院,（501）,首选物理，再选不限,403,183431,,,0,上海,公办,0,0
江西,2025,物理类,专科批,6306,上海建设管理职业技术学院,（501）,首选物理，再选不限,389,189464,,,0,上海,公办,0,0
江西,2025,物理类,专科批,6311,连云港职业技术学院,（501）,首选物理，再选不限,427,174089,,,0,江苏,公办,0,0
江西,2025,物理类,专科批,6325,江苏经贸职业技术学院,（501）,首选物理，再选不限,423,165840,,,15,江苏,公办,0,0
江西,2025,物理类,专科批,6334,南京铁道职业技术学院,（501）,首选物理，再选不限,455,92002,,,95,江苏,公办,0,0
江西,2025,物理类,专科批,6343,常州机电职业技术学院,（501）,首选物理，再选不限,427,145214,,,16,江苏,公办,0,0
江西,2025,物理类,专科批,6347,江苏工程职业技术学院,（501）,首选物理，再选不限,418,175016,,,27,江苏,公办,0,0
江西,2025,物理类,专科批,6348,苏州卫生职业技术学院,（501）,首选物理，再选不限,428,162528,,,0,江苏,公办,0,0
江西,2025,物理类,专科批,6351,浙江工业职业技术学院,（501）,首选物理，再选不限,409,188670,,,20,浙江,公办,0,0
江西,2025,物理类,专科批,6354,浙江经贸职业技术学院,（501）,首选物理，再选不限,431,153466,,,13,浙江,公办,0,0
江西,2025,物理类,专科批,6356,浙江商业职业技术学院,（501）,首选物理，再选不限,425,163651,,,17,浙江,公办,0,0
江西,2025,物理类,专科批,6364,浙江机电职业技术大学,（502）,首选物理，再选不限,461,131331,,,0,浙江,公办,0,0
江西,2025,物理类,专科批,6365,浙江邮电职业技术学院,（501）,首选物理，再选不限,432,153466,,,26,浙江,公办,0,0
江西,2025,物理类,专科批,6367,浙江国际海运职业技术学院,（501）,首选物理，再选不限,407,186983,,,0,浙江,公办,0,0
江西,2025,物理类,专科批,6368,义乌工商职业技术学院,（501）,首选物理，再选不限,405,158155,,,0,浙江,公办,0,0
江西,2025,物理类,专科批,6372,杭州科技职业技术学院,（501）,首选物理，再选不限,435,155855,,,14,浙江,公办,0,0
江西,2025,物理类,专科批,6377,杭州职业技术大学,,首选物理，再选不限,443,132623,,,0,浙江,公办,0,0
江西,2025,物理类,专科批,6379,浙江建设职业技术学院,（501）,首选物理，再选不限,421,152301,,,0,浙江,公办,0,0
江西,2025,物理类,专科批,6380,台州科技职业学院,,首选物理，再选不限,406,173043,,,0,浙江,公办,0,0
江西,2025,物理类,专科批,6389,合肥幼儿师范高等专科学校,（501）,首选物理，再选不限,342,215250,,,0,安徽,公办,0,0
江西,2025,物理类,专科批,6439,厦门城市职业学院,（501）,首选物理，再选不限,406,184333,,,0,福建,公办,0,0
江西,2025,物理类,专科批,6440,闽西职业技术学院,（501）,首选物理，再选不限,355,207911,,,71,福建,公办,0,0
江西,2025,物理类,专科批,6448,黎明职业大学,,首选物理，再选不限,235,179795,,,58,福建,公办,0,0
江西,2025,物理类,专科批,6470,山东商务职业学院,（501）,首选物理，再选不限,241,232210,,,6,山东,公办,0,0
江西,2025,物理类,专科批,6483,威海职业学院,（501）,首选物理，再选不限,387,189464,,,30,山东,公办,0,0
江西,2025,物理类,专科批,6490,齐鲁医药学院,,首选物理，再选不限,331,171055,,,0,山东,民办,0,0
江西,2025,物理类,专科批,6519,濮阳职业技术学院,（501）,首选物理，再选不限,327,237056,,,5,河南,公办,0,0
江西,2025,物理类,专科批,6527,安阳职业技术学院,（501）,首选物理，再选不限,382,190313,,,0,河南,公办,0,0
江西,2025,物理类,专科批,6538,三门峡职业技术学院,（501）,首选物理，再选不限,333,227733,,,0,河南,公办,0,0
江西,2025,物理类,专科批,6539,河南推拿职业学院,（501）,首选物理，再选不限,417,183431,,,2,河南,公办,0,0
江西,2025,物理类,专科批,6547,湖北职业技术学院,（501）,首选物理，再选不限,413,170004,,,47,湖北,公办,0,0
江西,2025,物理类,专科批,6568,江汉艺术职业学院,（501）,首选物理，再选不限,381,201030,,,9,湖北,公办,0,0
江西,2025,物理类,专科批,6585,襄阳科技职业学院,（501）,首选物理，再选不限,369,208500,,,6,湖北,公办,0,0
江西,2025,物理类,专科批,6592,宜昌科技职业学院,（501）,首选物理，再选不限,355,215814,,,24,湖北,公办,0,0
江西,2025,物理类,专科批,6626,湖南汽车工程职业大学,（501）,首选物理，再选不限,422,173043,,,0,湖南,公办,0,0
江西,2025,物理类,专科批,6646,株洲科技职业学院,（504）,首选物理，再选不限,395,201030,,,0,湖南,民办,0,0
江西,2025,物理类,专科批,6663,广州职业技术大学,（501）,首选物理，再选不限,436,150011,,,50,广东,公办,0,0
江西,2025,物理类,专科批,6664,广东水利电力职业技术学院,（501）,首选物理，再选不限,429,164773,,,0,广东,公办,0,0
江西,2025,物理类,专科批,6674,广东科贸职业学院,（501）,首选物理，再选不限,424,170004,,,22,广东,公办,0,0
江西,2025,物理类,专科批,6692,东莞职业技术学院,（501）,首选物理，再选不限,434,152301,,,0,广东,公办,0,0
江西,2025,物理类,专科批,6697,广东江门中医药职业学院,（501）,首选物理，再选不限,385,201030,,,0,广东,公办,0,0
江西,2025,物理类,专科批,6720,肇庆医学院,（502）,首选物理，再选不限,436,163651,,,9,广东,公办,0,0
江西,2025,物理类,专科批,6720,肇庆医学院,（503）,首选物理，再选化学,438,147682,,,21,广东,公办,0,0
江西,2025,物理类,专科批,6726,广西水利电力职业技术学院,（501）,首选物理，再选不限,398,191086,,,0,广西,公办,0,0
江西,2025,物理类,专科批,6728,广西信息职业技术学院,（501）,首选物理，再选不限,313,232640,,,17,广西,公办,0,0
江西,2025,物理类,专科批,6744,广西职业技术学院,（501）,首选物理，再选不限,250,258116,,,3,广西,公办,0,0
江西,2025,物理类,专科批,6758,海南经贸职业技术学院,（501）,首选物理，再选不限,393,201030,,,0,海南,公办,0,0
江西,2025,物理类,专科批,6759,海南外国语职业学院,（501）,首选物理，再选不限,357,211679,,,0,海南,公办,0,0
江西,2025,物理类,专科批,6765,海南卫生健康职业学院,（501）,首选物理，再选不限,356,204580,,,0,海南,公办,0,0
江西,2025,物理类,专科批,6768,重庆护理职业学院,（501）,首选物理，再选不限,303,229091,,,0,重庆,民办,0,0
江西,2025,物理类,专科批,6770,重庆化工职业学院,（501）,首选物理，再选不限,353,217452,,,10,重庆,公办,0,0
江西,2025,物理类,专科批,6771,重庆工信职业学院,（501）,首选物理，再选不限,399,195025,,,0,重庆,公办,0,0
江西,2025,物理类,专科批,6773,重庆工程职业技术学院,,首选物理，再选不限,422,162528,,,6,重庆,公办,0,0
江西,2025,物理类,专科批,6792,重庆工贸职业技术学院,（501）,首选物理，再选不限,406,192712,,,8,重庆,公办,0,0
江西,2025,物理类,专科批,6831,四川铁道职业学院,（501）,首选物理，再选不限,425,173043,,,0,四川,公办,0,0
江西,2025,物理类,专科批,6858,云南能源职业技术学院,（501）,首选物理，再选不限,322,235919,,,4,云南,公办,0,0
江西,2025,物理类,专科批,6862,云南林业职业技术学院,（501）,首选物理，再选不限,371,216340,,,0,云南,公办,0,0
江西,2025,物理类,专科批,6862,云南林业职业技术学院,（502）,首选物理，再选生物,250,159269,,,0,云南,公办,0,0
江西,2025,物理类,专科批,6872,云南财经职业学院,（501）,首选物理，再选不限,395,201030,,,4,云南,公办,0,0
江西,2025,物理类,专科批,6878,西藏职业技术学院,（501）,首选物理，再选化学,226,261786,,,2,西藏,公办,0,0
江西,2025,物理类,专科批,6878,西藏职业技术学院,（502）,首选物理，再选化学、生物(2科必选),240,259802,,,3,西藏,公办,0,0
江西,2025,物理类,专科批,6913,江苏建筑职业技术学院,（501）,首选物理，再选不限,404,183431,,,15,江苏,公办,0,0
江西,2025,物理类,专科批,6929,四川水利职业技术学院,（501）,首选物理，再选不限,394,201758,,,0,四川,公办,0,0
江西,2025,物理类,专科批,6933,乌兰察布医学高等专科学校,（501）,首选物理，再选不限,375,211068,,,0,内蒙古,公办,0,0
江西,2025,物理类,专科批,6949,重庆财经职业学院,（501）,首选物理，再选不限,410,178862,,,0,重庆,公办,0,0
江西,2025,物理类,专科批,7554,大兴安岭职业学院,（501）,首选物理，再选不限,262,233502,,,3,黑龙江,公办,0,0
江西,2025,物理类,专科批,7554,大兴安岭职业学院,（502）,首选物理，再选化学,224,206598,,,12,黑龙江,公办,0,0
江西,2025,物理类,专科批,7554,大兴安岭职业学院,（503）,首选物理，再选生物,385,207911,,,2,黑龙江,公办,0,0
江西,2025,物理类,专科批,7566,苏州健雄职业技术学院,（501）,首选物理，再选不限,393,197354,,,0,江苏,公办,0,0
江西,2025,物理类,专科批,7567,江苏电子信息职业学院,（501）,首选物理，再选不限,428,168954,,,0,江苏,公办,0,0
江西,2025,物理类,专科批,7578,南京机电职业技术学院,（501）,首选物理，再选不限,399,112876,,,0,江苏,公办,0,0
江西,2025,物理类,专科批,7590,石家庄幼儿师范高等专科学校,（501）,首选物理，再选不限,279,251905,,,2,河北,公办,0,0
江西,2025,物理类,专科批,7591,徐州幼儿师范高等专科学校,（501）,首选物理，再选不限,352,226358,,,0,江苏,公办,0,0
江西,2025,物理类,专科批,7593,郑州幼儿师范高等专科学校,（501）,首选物理，再选不限,253,257541,,,0,河南,公办,0,0
江西,2025,物理类,专科批,7595,河北轨道运输职业技术学院,（501）,首选物理，再选不限,418,174089,,,0,河北,公办,0,0
江西,2025,物理类,专科批,7597,辽宁民族师范高等专科学校,（503）,首选物理，再选不限,286,250129,,,0,辽宁,公办,0,0
江西,2025,物理类,专科批,8277,抚州医药学院,,首选物理，再选不限,244,159270,,,0,江西,公办,0,0
江西,2025,物理类,专科批,8511,江西医学高等专科学校,,首选物理，再选不限,366,211679,,,0,江西,公办,0,0
江西,2025,物理类,专科批,8511,江西医学高等专科学校,,首选物理，再选化学,243,158155,,,0,江西,公办,0,0
江西,2025,物理类,专科批,8511,江西医学高等专科学校,（507）,首选物理，再选化学、生物(2科必选),395,201030,,,0,江西,公办,0,0
江西,2025,物理类,专科批,8608,江西现代职业技术学院,,首选物理，再选不限,330,175959,,,2168,江西,公办,0,0
江西,2025,物理类,专科批,8609,江西机电职业技术学院,,首选物理，再选不限,223,192712,,,2889,江西,公办,0,0
江西,2025,物理类,专科批,8621,江西制造职业技术学院,（501）,首选物理，再选不限,355,203898,,,0,江西,公办,0,0
江西,2025,物理类,专科批,8624,江西航空职业技术学院,（501）,首选物理，再选不限,220,184333,,,871,江西,民办,0,0
江西,2025,物理类,专科批,8634,江西应用技术职业学院,,首选物理，再选不限,220,177865,,,1680,江西,公办,0,0
江西,2025,物理类,专科批,8635,宜春职业技术学院,,首选物理，再选不限,224,175959,,,1787,江西,公办,0,0
江西,2025,物理类,专科批,8686,赣南卫生健康职业学院,,首选物理，再选不限,221,206598,,,1066,江西,公办,0,0
江西,2025,物理类,专科批,8686,赣南卫生健康职业学院,,首选物理，再选化学,221,259802,,,216,江西,公办,0,0
江西,2025,物理类,专科批,8686,赣南卫生健康职业学院,（505）,首选物理，再选化学、生物(2科必选),221,210452,,,444,江西,公办,0,0
江西,2025,物理类,专科批,8688,南昌健康职业技术学院,（501）,首选物理，再选不限,332,208500,,,1161,江西,公办,0,0
江西,2025,物理类,专科提前批,5283,上海旅游高等专科学校,（501）,首选物理，再选不限,403,195025,,,3,上海,公办,0,0
江西,2025,物理类,专科提前批,6015,北京科技职业大学,（J31）,首选物理，再选不限,453,136502,,,15,北京,公办,0,0
江西,2025,物理类,专科提前批,6991,兰州资源环境职业技术大学,（J31）,首选物理，再选不限,396,198101,,,0,甘肃,公办,0,0
江西,2025,物理类,专科提前批,8218,江西水利电力大学,,首选物理，再选不限,413,150140,,,145,江西,公办,0,0
江西,2025,物理类,本科批,1001,中央民族大学,（501）,首选物理，再选不限,593,9653,,,0,北京,公办,1,1
江西,2025,物理类,本科批,1001,中央民族大学,,首选物理，再选化学,586,8027,,,0,北京,公办,1,1
江西,2025,物理类,本科批,1004,北京大学医学部,（501）,首选物理，再选化学,641,176,,,0,北京,公办,1,1
江西,2025,物理类,本科批,1008,北京科技大学,（501）,首选物理，再选不限,607,6875,,,7,北京,公办,0,1
江西,2025,物理类,本科批,1008,北京科技大学,,首选物理，再选化学,569,4533,,,112,北京,公办,0,1
江西,2025,物理类,本科批,1009,北京化工大学,,首选物理，再选化学,581,7442,,,0,北京,公办,0,1
江西,2025,物理类,本科批,1010,北京邮电大学,（561）,首选物理，再选不限,606,6875,,,6,北京,公办,0,1
江西,2025,物理类,本科批,1010,北京邮电大学,,首选物理，再选化学,595,1454,,,129,北京,公办,0,1
江西,2025,物理类,本科批,1012,北京林业大学,,首选物理，再选不限,570,13073,,,0,北京,公办,0,1
江西,2025,物理类,本科批,1012,北京林业大学,,首选物理，再选化学,566,8354,,,0,北京,公办,0,1
江西,2025,物理类,本科批,1012,北京林业大学,（507）,首选物理，再选地理,581,16139,,,0,北京,公办,0,1
江西,2025,物理类,本科批,1012,北京林业大学,（506）,首选物理，再选生物,578,17994,,,0,北京,公办,0,1
江西,2025,物理类,本科批,1013,北京中医药大学,,首选物理，再选不限,564,11893,,,0,北京,公办,0,1
江西,2025,物理类,本科批,1013,北京中医药大学,,首选物理，再选化学,563,4086,,,0,北京,公办,0,1
江西,2025,物理类,本科批,1015,中国传媒大学,（502）,首选物理，再选不限,587,12269,,,0,北京,公办,0,1
江西,2025,物理类,本科批,1015,中国传媒大学,,首选物理，再选化学,570,7442,,,0,北京,公办,0,1
江西,2025,物理类,本科批,1016,中央财经大学,,首选物理，再选不限,591,5438,,,0,北京,公办,0,1
江西,2025,物理类,本科批,1016,中央财经大学,,首选物理，再选化学,610,5684,,,0,北京,公办,0,1
江西,2025,物理类,本科批,1017,对外经济贸易大学,,首选物理，再选不限,588,6875,,,28,北京,公办,0,1
江西,2025,物理类,本科批,1017,对外经济贸易大学,,首选物理，再选化学,578,6875,,,13,北京,公办,0,1
江西,2025,物理类,本科批,1020,中国石油大学（北京）,,首选物理，再选不限,580,13506,,,0,北京,公办,0,1
江西,2025,物理类,本科批,1020,中国石油大学（北京）,（502）,首选物理，再选化学,595,7738,,,0,北京,公办,0,1
江西,2025,物理类,本科批,1021,中国地质大学（北京）,,首选物理，再选不限,574,15680,,,0,北京,公办,0,1
江西,2025,物理类,本科批,1021,中国地质大学（北京）,,首选物理，再选化学,579,9653,,,0,北京,公办,0,1
江西,2025,物理类,本科批,1024,北京工业大学,,首选物理，再选化学,563,10774,,,0,北京,公办,0,1
江西,2025,物理类,本科批,1026,首都医科大学,,首选物理，再选化学,573,2879,,,0,北京,公办,0,0
江西,2025,物理类,本科批,1027,北京外国语大学,（502）,首选物理，再选不限,599,8682,,,0,北京,公办,0,1
江西,2025,物理类,本科批,1027,北京外国语大学,（503）,首选物理，再选化学,614,5193,,,0,北京,公办,0,1
江西,2025,物理类,本科批,1027,北京外国语大学,（504）,首选物理，再选思想政治,595,10774,,,0,北京,公办,0,1
江西,2025,物理类,本科批,1071,石家庄铁道大学,,首选物理，再选不限,517,51865,,,0,河北,公办,0,0
江西,2025,物理类,本科批,1071,石家庄铁道大学,,首选物理，再选化学,535,22223,,,0,河北,公办,0,0
江西,2025,物理类,本科批,1073,燕山大学,（501）,首选物理，再选化学,576,14815,,,48,河北,公办,0,0
江西,2025,物理类,本科批,1195,沈阳农业大学,（501）,首选物理，再选不限,507,74814,,,0,辽宁,公办,0,0
江西,2025,物理类,本科批,1195,沈阳农业大学,,首选物理，再选化学,445,48225,,,0,辽宁,公办,0,0
江西,2025,物理类,本科批,1221,吉林大学,,首选物理，再选不限,586,3877,,,14,吉林,公办,1,1
江西,2025,物理类,本科批,1221,吉林大学,,首选物理，再选化学,590,4295,,,126,吉林,公办,1,1
江西,2025,物理类,本科批,1222,延边大学,（501）,首选物理，再选不限,551,34409,,,0,吉林,公办,0,1
江西,2025,物理类,本科批,1222,延边大学,,首选物理，再选化学,532,17994,,,0,吉林,公办,0,1
江西,2025,物理类,本科批,1222,延边大学,（503）,首选物理，再选生物,515,67078,,,0,吉林,公办,0,1
江西,2025,物理类,本科批,1223,长春理工大学,（501）,首选物理，再选不限,524,49992,,,0,吉林,公办,0,0
江西,2025,物理类,本科批,1223,长春理工大学,,首选物理，再选化学,531,15220,,,0,吉林,公办,0,0
江西,2025,物理类,本科批,1244,哈尔滨医科大学,（502）,首选物理，再选化学,581,16545,,,1,黑龙江,公办,0,0
江西,2025,物理类,本科批,1244,哈尔滨医科大学,,首选物理，再选化学、生物(2科必选),536,10032,,,29,黑龙江,公办,0,0
江西,2025,物理类,本科批,1244,哈尔滨医科大学,（508）,首选物理，再选生物,545,38934,,,1,黑龙江,公办,0,0
江西,2025,物理类,本科批,1245,东北石油大学,（501）,首选物理，再选不限,512,49100,,,9,黑龙江,公办,0,0
江西,2025,物理类,本科批,1245,东北石油大学,,首选物理，再选化学,518,27607,,,110,黑龙江,公办,0,0
江西,2025,物理类,本科批,1246,东北林业大学,（501）,首选物理，再选不限,562,19482,,,0,黑龙江,公办,0,1
江西,2025,物理类,本科批,1246,东北林业大学,（502）,首选物理，再选化学,554,14363,,,0,黑龙江,公办,0,1
江西,2025,物理类,本科批,1246,东北林业大学,（503）,首选物理，再选生物,553,32981,,,0,黑龙江,公办,0,1
江西,2025,物理类,本科批,1247,黑龙江中医药大学,,首选物理，再选不限,472,32276,,,40,黑龙江,公办,0,0
江西,2025,物理类,本科批,1247,黑龙江中医药大学,（503）,首选物理，再选化学,471,62733,,,51,黑龙江,公办,0,0
江西,2025,物理类,本科批,1247,黑龙江中医药大学,,首选物理，再选生物,466,67078,,,16,黑龙江,公办,0,0
江西,2025,物理类,本科批,1284,华东理工大学,,首选物理，再选不限,547,9327,,,0,上海,公办,0,1
江西,2025,物理类,本科批,1284,华东理工大学,,首选物理，再选化学,598,5193,,,0,上海,公办,0,1
江西,2025,物理类,本科批,1287,上海财经大学,,首选物理，再选不限,593,3525,,,0,上海,公办,0,1
江西,2025,物理类,本科批,1287,上海财经大学,,首选物理，再选化学,607,4295,,,0,上海,公办,0,1
江西,2025,物理类,本科批,1291,上海对外经贸大学,,首选物理，再选不限,547,16139,,,0,上海,公办,0,0
江西,2025,物理类,本科批,1291,上海对外经贸大学,（503）,首选物理，再选化学,581,14363,,,0,上海,公办,0,0
江西,2025,物理类,本科批,1294,上海理工大学,,首选物理，再选化学,578,13073,,,0,上海,公办,0,0
江西,2025,物理类,本科批,131,山西师范大学,（501）,首选物理，再选不限,448,89477,,,10,山西,公办,0,0
江西,2025,物理类,本科批,131,山西师范大学,（502）,首选物理，再选化学,482,76036,,,17,山西,公办,0,0
江西,2025,物理类,本科批,131,山西师范大学,（503）,首选物理，再选地理,491,74814,,,8,山西,公办,0,0
江西,2025,物理类,本科批,1317,南京理工大学,（561）,首选物理，再选不限,590,10399,,,0,江苏,公办,0,1
江西,2025,物理类,本科批,1317,南京理工大学,,首选物理，再选化学,600,4753,,,0,江苏,公办,0,1
江西,2025,物理类,本科批,1320,南京信息工程大学,（502）,首选物理，再选不限,573,20570,,,2,江苏,公办,0,0
江西,2025,物理类,本科批,1320,南京信息工程大学,,首选物理，再选化学,560,10032,,,75,江苏,公办,0,0
江西,2025,物理类,本科批,1321,江南大学,,首选物理，再选不限,558,8986,,,17,江苏,公办,0,1
江西,2025,物理类,本科批,1321,江南大学,,首选物理，再选化学,584,4534,,,110,江苏,公办,0,1
江西,2025,物理类,本科批,1322,江苏大学,（501）,首选物理，再选不限,569,21654,,,8,江苏,公办,0,0
江西,2025,物理类,本科批,1322,江苏大学,,首选物理，再选化学,556,13506,,,91,江苏,公办,0,0
江西,2025,物理类,本科批,1323,扬州大学,,首选物理，再选不限,558,28888,,,4,江苏,公办,0,0
江西,2025,物理类,本科批,1323,扬州大学,,首选物理，再选化学,521,18987,,,55,江苏,公办,0,0
江西,2025,物理类,本科批,1324,江苏科技大学,（501）,首选物理，再选不限,554,31545,,,6,江苏,公办,0,0
江西,2025,物理类,本科批,1324,江苏科技大学,,首选物理，再选化学,530,13924,,,75,江苏,公办,0,0
江西,2025,物理类,本科批,1325,西交利物浦大学,（501）,首选物理，再选不限,552,33664,,,44,江苏,中外合作办学,0,0
江西,2025,物理类,本科批,1325,西交利物浦大学,（502）,首选物理，再选化学,553,32981,,,153,江苏,中外合作办学,0,0
江西,2025,物理类,本科批,1352,宁波大学,,首选物理，再选化学,573,11122,,,0,浙江,公办,0,0
江西,2025,物理类,本科批,1352,宁波大学,（504）,首选物理，再选地理,489,98356,,,0,浙江,公办,0,0
江西,2025,物理类,本科批,1353,浙江工业大学,,首选物理，再选化学,571,10774,,,58,浙江,公办,0,0
江西,2025,物理类,本科批,1354,浙江理工大学,,首选物理，再选不限,540,27607,,,0,浙江,公办,0,0
江西,2025,物理类,本科批,1354,浙江理工大学,（503）,首选物理，再选化学,577,13924,,,0,浙江,公办,0,0
江西,2025,物理类,本科批,1355,温州医科大学,,首选物理，再选不限,521,34409,,,0,浙江,公办,0,0
江西,2025,物理类,本科批,1355,温州医科大学,,首选物理，再选化学,527,4533,,,0,浙江,公办,0,0
江西,2025,物理类,本科批,1356,浙江工商大学,,首选物理，再选不限,565,17994,,,18,浙江,公办,0,0
江西,2025,物理类,本科批,1356,浙江工商大学,（503）,首选物理，再选化学,558,21129,,,20,浙江,公办,0,0
江西,2025,物理类,本科批,1461,山东大学,,首选物理，再选化学,587,3187,,,103,山东,公办,1,1
江西,2025,物理类,本科批,1461,山东大学,（506）,首选物理，再选化学、生物(2科必选),624,2879,,,4,山东,公办,1,1
江西,2025,物理类,本科批,1462,中国海洋大学,（501）,首选物理，再选不限,598,8682,,,0,山东,公办,1,1
江西,2025,物理类,本科批,1462,中国海洋大学,,首选物理，再选化学,586,5684,,,0,山东,公办,1,1
江西,2025,物理类,本科批,1463,中国石油大学（华东）,,首选物理，再选不限,570,15680,,,0,山东,公办,0,1
江西,2025,物理类,本科批,1463,中国石油大学（华东）,,首选物理，再选化学,573,8354,,,0,山东,公办,0,1
江西,2025,物理类,本科批,1464,山东大学（威海）,,首选物理，再选不限,603,5684,,,32,山东,公办,1,1
江西,2025,物理类,本科批,1466,青岛科技大学,（501）,首选物理，再选不限,533,49100,,,2,山东,公办,0,0
江西,2025,物理类,本科批,1466,青岛科技大学,,首选物理，再选化学,488,32981,,,62,山东,公办,0,0
江西,2025,物理类,本科批,1502,河南大学,（501）,首选物理，再选不限,566,23925,,,0,河南,公办,0,0
江西,2025,物理类,本科批,1502,河南大学,,首选物理，再选化学,548,20570,,,0,河南,公办,0,0
江西,2025,物理类,本科批,1502,河南大学,（507）,首选物理，再选地理,572,21129,,,0,河南,公办,0,0
江西,2025,物理类,本科批,1545,武汉理工大学,（502）,首选物理，再选不限,583,15680,,,0,湖北,公办,0,1
江西,2025,物理类,本科批,1545,武汉理工大学,,首选物理，再选化学,595,4086,,,0,湖北,公办,0,1
江西,2025,物理类,本科批,1546,中国地质大学（武汉）,（501）,首选物理，再选不限,572,17995,,,0,湖北,公办,0,1
江西,2025,物理类,本科批,1546,中国地质大学（武汉）,,首选物理，再选化学,567,8028,,,0,湖北,公办,0,1
江西,2025,物理类,本科批,1548,武汉科技大学,（501）,首选物理，再选不限,557,28888,,,0,湖北,公办,0,0
江西,2025,物理类,本科批,1548,武汉科技大学,（502）,首选物理，再选化学,575,16545,,,0,湖北,公办,0,0
江西,2025,物理类,本科批,1602,中南大学,（501）,首选物理，再选化学,606,2879,,,272,湖南,公办,1,1
江西,2025,物理类,本科批,1602,中南大学,,首选物理，再选化学、生物(2科必选),624,780,,,15,湖南,公办,1,1
江西,2025,物理类,本科批,1603,湘潭大学,（501）,首选物理，再选不限,564,20570,,,26,湖南,公办,0,0
江西,2025,物理类,本科批,1603,湘潭大学,（502）,首选物理，再选化学,569,11496,,,82,湖南,公办,0,0
江西,2025,物理类,本科批,1663,华南农业大学,（501）,首选物理，再选不限,568,22223,,,4,广东,公办,0,0
江西,2025,物理类,本科批,1663,华南农业大学,（502）,首选物理，再选化学,557,10399,,,142,广东,公办,0,0
江西,2025,物理类,本科批,1668,深圳大学,,首选物理，再选不限,579,8355,,,11,广东,公办,0,0
江西,2025,物理类,本科批,1668,深圳大学,（503）,首选物理，再选化学,602,4296,,,41,广东,公办,0,0
江西,2025,物理类,本科批,1668,深圳大学,（504）,首选物理，再选生物,599,8986,,,1,广东,公办,0,0
江西,2025,物理类,本科批,1669,南方医科大学,（501）,首选物理，再选化学,549,3030,,,0,广东,公办,0,0
江西,2025,物理类,本科批,1721,广西大学,（501）,首选物理，再选化学,557,11893,,,0,广西,公办,0,1
江西,2025,物理类,本科批,1751,海南大学,,首选物理，再选不限,546,21129,,,0,海南,公办,0,1
江西,2025,物理类,本科批,1751,海南大学,,首选物理，再选化学,568,14363,,,0,海南,公办,0,1
江西,2025,物理类,本科批,1751,海南大学,（507）,首选物理，再选化学、生物(2科必选),564,26338,,,0,海南,公办,0,1
江西,2025,物理类,本科批,1751,海南大学,（508）,首选物理，再选地理,544,40558,,,0,海南,公办,0,1
江西,2025,物理类,本科批,1831,贵州大学,,首选物理，再选不限,557,23925,,,0,贵州,公办,0,1
江西,2025,物理类,本科批,1831,贵州大学,,首选物理，再选化学,538,11122,,,0,贵州,公办,0,1
江西,2025,物理类,本科批,1831,贵州大学,（50A）,首选物理，再选生物,549,35878,,,0,贵州,公办,0,1
江西,2025,物理类,本科批,1873,西安交通大学,（501）,首选物理，再选不限,617,4533,,,0,陕西,公办,1,1
江西,2025,物理类,本科批,1873,西安交通大学,,首选物理，再选化学,599,674,,,0,陕西,公办,1,1
江西,2025,物理类,本科批,191,大连海事大学,,首选物理，再选不限,562,20570,,,0,辽宁,公办,0,1
江西,2025,物理类,本科批,191,大连海事大学,,首选物理，再选化学,554,11893,,,0,辽宁,公办,0,1
江西,2025,物理类,本科批,1921,兰州大学,,首选物理，再选不限,562,9327,,,15,甘肃,公办,1,1
江西,2025,物理类,本科批,1921,兰州大学,,首选物理，再选化学,584,5193,,,96,甘肃,公办,1,1
江西,2025,物理类,本科批,194,辽宁师范大学,,首选物理，再选不限,439,104827,,,20,辽宁,公办,0,0
江西,2025,物理类,本科批,194,辽宁师范大学,（504）,首选物理，再选化学,507,55683,,,7,辽宁,公办,0,0
江西,2025,物理类,本科批,1941,青海大学,（501）,首选物理，再选不限,559,25122,,,0,青海,公办,0,1
江西,2025,物理类,本科批,1941,青海大学,（503）,首选物理，再选化学,546,16993,,,0,青海,公办,0,1
江西,2025,物理类,本科批,1941,青海大学,（504）,首选物理，再选化学、生物(2科必选),553,17994,,,0,青海,公办,0,1
江西,2025,物理类,本科批,1961,宁夏大学,,首选物理，再选化学,536,25726,,,0,宁夏,公办,0,1
江西,2025,物理类,本科批,1981,新疆大学,（501）,首选物理，再选不限,519,45619,,,0,新疆,公办,0,1
江西,2025,物理类,本科批,1981,新疆大学,（502）,首选物理，再选化学,515,20570,,,0,新疆,公办,0,1
江西,2025,物理类,本科批,1982,石河子大学,（501）,首选物理，再选不限,536,43054,,,20,新疆,公办,0,1
江西,2025,物理类,本科批,1982,石河子大学,,首选物理，再选化学,531,24510,,,100,新疆,公办,0,1
江西,2025,物理类,本科批,1983,中国石油大学（北京）克拉玛依校区,（501）,首选物理，再选不限,544,30845,,,0,新疆,公办,0,1
江西,2025,物理类,本科批,1983,中国石油大学（北京）克拉玛依校区,,首选物理，再选化学,562,18502,,,0,新疆,公办,0,1
江西,2025,物理类,本科批,2001,中华女子学院,（501）,首选物理，再选不限,514,57614,,,12,北京,公办,0,0
江西,2025,物理类,本科批,2001,中华女子学院,（502）,首选物理，再选化学,522,59715,,,3,北京,公办,0,0
江西,2025,物理类,本科批,2005,北京建筑大学,（501）,首选物理，再选不限,571,21654,,,0,北京,公办,0,0
江西,2025,物理类,本科批,2005,北京建筑大学,（502）,首选物理，再选化学,550,15680,,,0,北京,公办,0,0
江西,2025,物理类,本科批,2006,北京石油化工学院,（501）,首选物理，再选化学,535,43054,,,0,北京,公办,0,0
江西,2025,物理类,本科批,2007,北京物资学院,（501）,首选物理，再选不限,522,27607,,,0,北京,公办,0,0
江西,2025,物理类,本科批,2007,北京物资学院,（502）,首选物理，再选化学,549,33664,,,0,北京,公办,0,0
江西,2025,物理类,本科批,2010,首都经济贸易大学,（501）,首选物理，再选不限,559,28888,,,0,北京,公办,0,0
江西,2025,物理类,本科批,2010,首都经济贸易大学,（502）,首选物理，再选化学,567,21654,,,0,北京,公办,0,0
江西,2025,物理类,本科批,2011,北京工商大学,,首选物理，再选不限,550,28237,,,16,北京,公办,0,0
江西,2025,物理类,本科批,2011,北京工商大学,,首选物理，再选化学,560,23330,,,32,北京,公办,0,0
江西,2025,物理类,本科批,2016,北京联合大学,（501）,首选物理，再选不限,538,43054,,,0,北京,公办,0,0
江西,2025,物理类,本科批,2016,北京联合大学,,首选物理，再选化学,543,24510,,,0,北京,公办,0,0
江西,2025,物理类,本科批,2017,中国劳动关系学院,（501）,首选物理，再选不限,533,43054,,,0,北京,公办,0,0
江西,2025,物理类,本科批,2017,中国劳动关系学院,（502）,首选物理，再选化学,530,49992,,,0,北京,公办,0,0
江西,2025,物理类,本科批,2019,防灾科技学院,,首选物理，再选不限,496,73687,,,0,河北,公办,0,0
江西,2025,物理类,本科批,2019,防灾科技学院,,首选物理，再选化学,475,59715,,,0,河北,公办,0,0
江西,2025,物理类,本科批,2041,天津工业大学,（501）,首选物理，再选不限,553,25726,,,9,天津,公办,0,0
江西,2025,物理类,本科批,2041,天津工业大学,,首选物理，再选化学,560,14363,,,98,天津,公办,0,0
江西,2025,物理类,本科批,2043,天津农学院,,首选物理，再选化学,487,52796,,,41,天津,公办,0,0
江西,2025,物理类,本科批,2043,天津农学院,（503）,首选物理，再选生物,467,127347,,,3,天津,公办,0,0
江西,2025,物理类,本科批,2044,天津职业技术师范大学,（501）,首选物理，再选不限,495,90756,,,0,天津,公办,0,0
江西,2025,物理类,本科批,2044,天津职业技术师范大学,（502）,首选物理，再选化学,501,68184,,,0,天津,公办,0,0
江西,2025,物理类,本科批,2049,中国民航大学,（501）,首选物理，再选不限,563,25122,,,0,天津,公办,0,0
江西,2025,物理类,本科批,2049,中国民航大学,,首选物理，再选化学,567,12667,,,0,天津,公办,0,0
江西,2025,物理类,本科批,2071,河北大学,（501）,首选物理，再选不限,548,32981,,,0,河北,公办,0,0
江西,2025,物理类,本科批,2071,河北大学,（502）,首选物理，再选化学,553,22223,,,0,河北,公办,0,0
江西,2025,物理类,本科批,2075,廊坊师范学院,（501）,首选物理，再选不限,474,94492,,,4,河北,公办,0,0
江西,2025,物理类,本科批,2075,廊坊师范学院,（502）,首选物理，再选化学,477,102222,,,6,河北,公办,0,0
江西,2025,物理类,本科批,2076,河北科技师范学院,（501）,首选物理，再选不限,466,120774,,,0,河北,公办,0,0
江西,2025,物理类,本科批,2080,河北科技大学,,首选物理，再选化学,491,50918,,,15,河北,公办,0,0
江西,2025,物理类,本科批,2081,河北工程大学,（501）,首选物理，再选不限,512,63821,,,0,河北,公办,0,0
江西,2025,物理类,本科批,2081,河北工程大学,,首选物理，再选化学,488,43910,,,0,河北,公办,0,0
江西,2025,物理类,本科批,2084,北华航天工业学院,（501）,首选物理，再选化学,524,54691,,,22,河北,公办,0,0
江西,2025,物理类,本科批,2085,河北建筑工程学院,（501）,首选物理，再选不限,478,112876,,,0,河北,公办,0,0
江西,2025,物理类,本科批,2085,河北建筑工程学院,（502）,首选物理，再选化学,491,81906,,,0,河北,公办,0,0
江西,2025,物理类,本科批,2086,河北医科大学,（501）,首选物理，再选化学,546,25726,,,0,河北,公办,0,0
江西,2025,物理类,本科批,2086,河北医科大学,（502）,首选物理，再选化学、生物(2科必选),569,20570,,,0,河北,公办,0,0
江西,2025,物理类,本科批,2086,河北医科大学,（503）,首选物理，再选生物,518,63821,,,0,河北,公办,0,0
江西,2025,物理类,本科批,2088,承德医学院,（501）,首选物理，再选化学,548,36643,,,4,河北,公办,0,0
江西,2025,物理类,本科批,2088,承德医学院,（502）,首选物理，再选生物,485,103528,,,2,河北,公办,0,0
江西,2025,物理类,本科批,2090,河北传媒学院,（501）,首选物理，再选化学,460,130011,,,0,河北,民办,0,0
江西,2025,物理类,本科批,2091,河北北方学院,（502）,首选物理，再选不限,474,118215,,,5,河北,公办,0,0
江西,2025,物理类,本科批,2091,河北北方学院,（501）,首选物理，再选化学,514,68184,,,5,河北,公办,0,0
江西,2025,物理类,本科批,2093,河北中医药大学,（501）,首选物理，再选不限,517,51865,,,0,河北,公办,0,0
江西,2025,物理类,本科批,2093,河北中医药大学,,首选物理，再选化学,503,67078,,,0,河北,公办,0,0
江西,2025,物理类,本科批,2096,河北科技工程职业技术大学,（501）,首选物理，再选不限,477,100928,,,0,河北,公办,0,0
江西,2025,物理类,本科批,2096,河北科技工程职业技术大学,（502）,首选物理，再选化学,469,123427,,,0,河北,公办,0,0
江西,2025,物理类,本科批,2133,中北大学,（501）,首选物理，再选不限,541,38145,,,3,山西,公办,0,0
江西,2025,物理类,本科批,2133,中北大学,（502）,首选物理，再选化学,564,16993,,,67,山西,公办,0,0
江西,2025,物理类,本科批,2134,太原工业学院,,首选物理，再选化学,478,71510,,,32,山西,公办,0,0
江西,2025,物理类,本科批,2135,山西农业大学,（501）,首选物理，再选不限,481,99653,,,0,山西,公办,0,0
江西,2025,物理类,本科批,2135,山西农业大学,（502）,首选物理，再选化学,467,99653,,,0,山西,公办,0,0
江西,2025,物理类,本科批,2135,山西农业大学,,首选物理，再选化学、生物(2科必选),464,89477,,,0,山西,公办,0,0
江西,2025,物理类,本科批,2139,山西医科大学,,首选物理，再选不限,432,48225,,,12,山西,公办,0,0
江西,2025,物理类,本科批,2139,山西医科大学,（503）,首选物理，再选化学,466,53699,,,35,山西,公办,0,0
江西,2025,物理类,本科批,2139,山西医科大学,,首选物理，再选化学、生物(2科必选),450,17515,,,28,山西,公办,0,0
江西,2025,物理类,本科批,2139,山西医科大学,（506）,首选物理，再选生物,502,81906,,,5,山西,公办,0,0
江西,2025,物理类,本科批,2140,长治医学院,,首选物理，再选不限,495,73687,,,3,山西,公办,0,0
江西,2025,物理类,本科批,2140,长治医学院,,首选物理，再选化学,462,49100,,,17,山西,公办,0,0
江西,2025,物理类,本科批,2140,长治医学院,（506）,首选物理，再选生物,473,107582,,,3,山西,公办,0,0
江西,2025,物理类,本科批,2141,运城学院,（501）,首选物理，再选化学,466,124774,,,0,山西,公办,0,0
江西,2025,物理类,本科批,2142,太原学院,,首选物理，再选不限,472,108860,,,0,山西,公办,0,0
江西,2025,物理类,本科批,2142,太原学院,（503）,首选物理，再选化学,472,119467,,,0,山西,公办,0,0
江西,2025,物理类,本科批,2143,太原师范学院,（501）,首选物理，再选不限,469,124774,,,0,山西,公办,0,0
江西,2025,物理类,本科批,2143,太原师范学院,（502）,首选物理，再选化学,469,122118,,,0,山西,公办,0,0
江西,2025,物理类,本科批,2143,太原师范学院,（503）,首选物理，再选地理,487,100928,,,0,山西,公办,0,0
江西,2025,物理类,本科批,2144,忻州师范学院,,首选物理，再选不限,464,120774,,,5,山西,公办,0,0
江西,2025,物理类,本科批,2144,忻州师范学院,（503）,首选物理，再选化学,471,100928,,,13,山西,公办,0,0
江西,2025,物理类,本科批,2144,忻州师范学院,（504）,首选物理，再选化学、生物(2科必选),469,123427,,,3,山西,公办,0,0
江西,2025,物理类,本科批,2144,忻州师范学院,（505）,首选物理，再选地理,473,119467,,,1,山西,公办,0,0
江西,2025,物理类,本科批,2146,长治学院,,首选物理，再选不限,470,115474,,,10,山西,公办,0,0
江西,2025,物理类,本科批,2146,长治学院,（503）,首选物理，再选化学,479,93255,,,13,山西,公办,0,0
江西,2025,物理类,本科批,2149,山西工程科技职业大学,（501）,首选物理，再选不限,470,118215,,,4,山西,公办,0,0
江西,2025,物理类,本科批,2150,山西工程技术学院,（501）,首选物理，再选化学,501,61721,,,0,山西,公办,0,0
江西,2025,物理类,本科批,2151,山西科技学院,（501）,首选物理，再选化学,516,56652,,,6,山西,公办,0,0
江西,2025,物理类,本科批,2152,山西电子科技学院,（501）,首选物理，再选化学,497,85623,,,20,山西,公办,0,0
江西,2025,物理类,本科批,2173,内蒙古工业大学,,首选物理，再选不限,437,119467,,,0,内蒙古,公办,0,0
江西,2025,物理类,本科批,2173,内蒙古工业大学,,首选物理，再选化学,430,76036,,,0,内蒙古,公办,0,0
江西,2025,物理类,本科批,2181,内蒙古财经大学,,首选物理，再选不限,491,76036,,,0,内蒙古,公办,0,0
江西,2025,物理类,本科批,2181,内蒙古财经大学,（504）,首选物理，再选化学,496,89477,,,0,内蒙古,公办,0,0
江西,2025,物理类,本科批,2182,内蒙古大学创业学院,（501）,首选物理，再选不限,440,152301,,,9,内蒙古,民办,0,0
江西,2025,物理类,本科批,2182,内蒙古大学创业学院,（502）,首选物理，再选化学,448,145214,,,17,内蒙古,民办,0,0
江西,2025,物理类,本科批,2184,内蒙古大学,,首选物理，再选不限,566,17994,,,2,内蒙古,公办,0,1
江西,2025,物理类,本科批,2184,内蒙古大学,,首选物理，再选化学,562,18987,,,16,内蒙古,公办,0,1
江西,2025,物理类,本科批,2192,沈阳航空航天大学,（501）,首选物理，再选化学,554,23330,,,0,辽宁,公办,0,0
江西,2025,物理类,本科批,2193,沈阳理工大学,（501）,首选物理，再选不限,490,67078,,,5,辽宁,公办,0,0
江西,2025,物理类,本科批,2193,沈阳理工大学,,首选物理，再选化学,479,25726,,,53,辽宁,公办,0,0
江西,2025,物理类,本科批,2195,辽宁石油化工大学,,首选物理，再选化学,514,45619,,,34,辽宁,公办,0,0
江西,2025,物理类,本科批,2198,大连工业大学,,首选物理，再选不限,484,73688,,,4,辽宁,公办,0,0
江西,2025,物理类,本科批,2198,大连工业大学,,首选物理，再选化学,507,34410,,,47,辽宁,公办,0,0
江西,2025,物理类,本科批,2199,沈阳师范大学,,首选物理，再选化学,442,66020,,,31,辽宁,公办,0,0
江西,2025,物理类,本科批,2200,大连外国语大学,,首选物理，再选不限,499,74814,,,28,辽宁,公办,0,0
江西,2025,物理类,本科批,2200,大连外国语大学,（503）,首选物理，再选思想政治,522,59715,,,1,辽宁,公办,0,0
江西,2025,物理类,本科批,2201,大连医科大学,,首选物理，再选不限,476,30845,,,0,辽宁,公办,0,0
江西,2025,物理类,本科批,2201,大连医科大学,,首选物理，再选化学,520,8027,,,0,辽宁,公办,0,0
江西,2025,物理类,本科批,2202,沈阳化工大学,（501）,首选物理，再选不限,491,95753,,,0,辽宁,公办,0,0
江西,2025,物理类,本科批,2202,沈阳化工大学,（502）,首选物理，再选化学,514,44755,,,0,辽宁,公办,0,0
江西,2025,物理类,本科批,2203,沈阳建筑大学,,首选物理，再选不限,435,68184,,,15,辽宁,公办,0,0
江西,2025,物理类,本科批,2203,沈阳建筑大学,,首选物理，再选化学,433,42236,,,61,辽宁,公办,0,0
江西,2025,物理类,本科批,2207,鞍山师范学院,,首选物理，再选不限,464,103528,,,0,辽宁,公办,0,0
江西,2025,物理类,本科批,2207,鞍山师范学院,（505）,首选物理，再选化学,469,122118,,,0,辽宁,公办,0,0
江西,2025,物理类,本科批,2208,辽东学院,,首选物理，再选不限,463,122118,,,0,辽宁,公办,0,0
江西,2025,物理类,本科批,2208,辽东学院,（504）,首选物理，再选化学,469,106213,,,0,辽宁,公办,0,0
江西,2025,物理类,本科批,2208,辽东学院,（505）,首选物理，再选地理,473,119467,,,0,辽宁,公办,0,0
江西,2025,物理类,本科批,2209,沈阳大学,,首选物理，再选不限,479,77198,,,15,辽宁,公办,0,0
江西,2025,物理类,本科批,2209,沈阳大学,,首选物理，再选化学,439,55683,,,61,辽宁,公办,0,0
江西,2025,物理类,本科批,2209,沈阳大学,（507）,首选物理，再选生物,461,135203,,,3,辽宁,公办,0,0
江西,2025,物理类,本科批,221,东北师范大学,（561）,首选物理，再选不限,563,26338,,,0,吉林,公办,0,1
江西,2025,物理类,本科批,221,东北师范大学,,首选物理，再选化学,561,12269,,,0,吉林,公办,0,1
江西,2025,物理类,本科批,2211,辽宁科技学院,（501）,首选物理，再选化学,471,104827,,,57,辽宁,公办,0,0
江西,2025,物理类,本科批,2216,辽宁工业大学,,首选物理，再选化学,478,52796,,,0,辽宁,公办,0,0
江西,2025,物理类,本科批,2219,大连科技学院,（501）,首选物理，再选化学,446,148841,,,0,辽宁,民办,0,0
江西,2025,物理类,本科批,2221,吉林警察学院,（501）,首选物理，再选不限,513,64884,,,0,吉林,公办,0,0
江西,2025,物理类,本科批,2221,吉林警察学院,（502）,首选物理，再选化学,494,92002,,,0,吉林,公办,0,0
江西,2025,物理类,本科批,2222,东北电力大学,（501）,首选物理，再选不限,520,61721,,,4,吉林,公办,0,0
江西,2025,物理类,本科批,2222,东北电力大学,,首选物理，再选化学,529,11893,,,90,吉林,公办,0,0
江西,2025,物理类,本科批,2223,吉林农业大学,（501）,首选物理，再选不限,480,107582,,,0,吉林,公办,0,0
江西,2025,物理类,本科批,2223,吉林农业大学,（502）,首选物理，再选化学,490,77198,,,0,吉林,公办,0,0
江西,2025,物理类,本科批,2223,吉林农业大学,,首选物理，再选化学、生物(2科必选),472,74814,,,0,吉林,公办,0,0
江西,2025,物理类,本科批,2223,吉林农业大学,（504）,首选物理，再选生物,495,90756,,,0,吉林,公办,0,0
江西,2025,物理类,本科批,2224,长春中医药大学,（501）,首选物理，再选不限,500,72579,,,17,吉林,公办,0,0
江西,2025,物理类,本科批,2224,长春中医药大学,,首选物理，再选化学,465,86916,,,49,吉林,公办,0,0
江西,2025,物理类,本科批,2227,长春大学,,首选物理，再选不限,439,68184,,,11,吉林,公办,0,0
江西,2025,物理类,本科批,2227,长春大学,,首选物理，再选化学,453,50918,,,99,吉林,公办,0,0
江西,2025,物理类,本科批,2228,北华大学,（501）,首选物理，再选不限,466,128651,,,2,吉林,公办,0,0
江西,2025,物理类,本科批,2228,北华大学,,首选物理，再选化学,460,67078,,,89,吉林,公办,0,0
江西,2025,物理类,本科批,2229,长春工程学院,（501）,首选物理，再选不限,457,112876,,,0,吉林,公办,0,0
江西,2025,物理类,本科批,2229,长春工程学院,（502）,首选物理，再选化学,470,56652,,,0,吉林,公办,0,0
江西,2025,物理类,本科批,2230,长春工业大学,,首选物理，再选不限,449,77198,,,30,吉林,公办,0,0
江西,2025,物理类,本科批,2230,长春工业大学,,首选物理，再选化学,504,51865,,,116,吉林,公办,0,0
江西,2025,物理类,本科批,2231,长春师范大学,（501）,首选物理，再选不限,432,133944,,,19,吉林,公办,0,0
江西,2025,物理类,本科批,2231,长春师范大学,,首选物理，再选化学,485,89477,,,42,吉林,公办,0,0
江西,2025,物理类,本科批,2231,长春师范大学,（504）,首选物理，再选地理,502,81906,,,2,吉林,公办,0,0
江西,2025,物理类,本科批,2232,吉林工程技术师范学院,,首选物理，再选化学,465,116849,,,0,吉林,公办,0,0
江西,2025,物理类,本科批,2233,吉林建筑大学,（501）,首选物理，再选不限,482,99653,,,0,吉林,公办,0,0
江西,2025,物理类,本科批,2233,吉林建筑大学,（502）,首选物理，再选化学,465,74814,,,0,吉林,公办,0,0
江西,2025,物理类,本科批,2234,吉林化工大学,（501）,首选物理，再选不限,475,103528,,,0,吉林,公办,0,0
江西,2025,物理类,本科批,2234,吉林化工大学,（502）,首选物理，再选化学,470,72579,,,0,吉林,公办,0,0
江西,2025,物理类,本科批,2236,吉林医药学院,（501）,首选物理，再选化学,468,93255,,,0,吉林,公办,0,0
江西,2025,物理类,本科批,2236,吉林医药学院,,首选物理，再选化学、生物(2科必选),462,93255,,,0,吉林,公办,0,0
江西,2025,物理类,本科批,2237,吉林外国语大学,,首选物理，再选不限,425,137749,,,0,吉林,民办,0,0
江西,2025,物理类,本科批,2237,吉林外国语大学,（503）,首选物理，再选化学,461,135203,,,0,吉林,民办,0,0
江西,2025,物理类,本科批,2243,黑龙江大学,（501）,首选物理，再选化学,551,32981,,,0,黑龙江,公办,0,0
江西,2025,物理类,本科批,2244,黑龙江科技大学,（501）,首选物理，再选不限,505,78323,,,0,黑龙江,公办,0,0
江西,2025,物理类,本科批,2244,黑龙江科技大学,（502）,首选物理，再选化学,506,54691,,,0,黑龙江,公办,0,0
江西,2025,物理类,本科批,2245,哈尔滨商业大学,,首选物理，再选不限,475,88212,,,0,黑龙江,公办,0,0
江西,2025,物理类,本科批,2245,哈尔滨商业大学,,首选物理，再选化学,463,73687,,,0,黑龙江,公办,0,0
江西,2025,物理类,本科批,2246,佳木斯大学,,首选物理，再选不限,464,119467,,,0,黑龙江,公办,0,0
江西,2025,物理类,本科批,2246,佳木斯大学,（503）,首选物理，再选化学,466,123427,,,0,黑龙江,公办,0,0
江西,2025,物理类,本科批,2247,哈尔滨理工大学,（501）,首选物理，再选不限,444,53699,,,0,黑龙江,公办,0,0
江西,2025,物理类,本科批,2247,哈尔滨理工大学,,首选物理，再选化学,534,18987,,,0,黑龙江,公办,0,0
江西,2025,物理类,本科批,2248,营口理工学院,,首选物理，再选不限,471,106213,,,7,辽宁,公办,0,0
江西,2025,物理类,本科批,2248,营口理工学院,（503）,首选物理，再选化学,478,93255,,,48,辽宁,公办,0,0
江西,2025,物理类,本科批,2249,齐齐哈尔大学,（501）,首选物理，再选化学,471,83105,,,0,黑龙江,公办,0,0
江西,2025,物理类,本科批,2250,牡丹江医科大学,（501）,首选物理，再选不限,482,106213,,,0,黑龙江,公办,0,0
江西,2025,物理类,本科批,2250,牡丹江医科大学,,首选物理，再选化学,464,71510,,,0,黑龙江,公办,0,0
江西,2025,物理类,本科批,2250,牡丹江医科大学,,首选物理，再选化学、生物(2科必选),463,76036,,,0,黑龙江,公办,0,0
江西,2025,物理类,本科批,2251,哈尔滨学院,（501）,首选物理，再选不限,473,112876,,,0,黑龙江,公办,0,0
江西,2025,物理类,本科批,2251,哈尔滨学院,（502）,首选物理，再选化学,471,99653,,,0,黑龙江,公办,0,0
江西,2025,物理类,本科批,2252,黑龙江八一农垦大学,（501）,首选物理，再选不限,467,90756,,,0,黑龙江,公办,0,0
江西,2025,物理类,本科批,2252,黑龙江八一农垦大学,,首选物理，再选化学,467,76036,,,0,黑龙江,公办,0,0
江西,2025,物理类,本科批,2252,黑龙江八一农垦大学,（505）,首选物理，再选生物,462,133944,,,0,黑龙江,公办,0,0
江西,2025,物理类,本科批,2253,牡丹江师范学院,（501）,首选物理，再选不限,468,124774,,,6,黑龙江,公办,0,0
江西,2025,物理类,本科批,2253,牡丹江师范学院,（502）,首选物理，再选化学,466,122118,,,15,黑龙江,公办,0,0
江西,2025,物理类,本科批,2253,牡丹江师范学院,（503）,首选物理，再选生物,464,131331,,,3,黑龙江,公办,0,0
江西,2025,物理类,本科批,2255,绥化学院,（501）,首选物理，再选不限,469,123427,,,8,黑龙江,公办,0,0
江西,2025,物理类,本科批,2255,绥化学院,,首选物理，再选化学,473,99653,,,22,黑龙江,公办,0,0
江西,2025,物理类,本科批,2255,绥化学院,（504）,首选物理，再选地理,464,131331,,,4,黑龙江,公办,0,0
江西,2025,物理类,本科批,2256,黑河学院,（501）,首选物理，再选不限,467,122118,,,0,黑龙江,公办,0,0
江西,2025,物理类,本科批,2256,黑河学院,（502）,首选物理，再选化学,470,114209,,,0,黑龙江,公办,0,0
江西,2025,物理类,本科批,2260,辽宁中医药大学,,首选物理，再选不限,488,67078,,,0,辽宁,公办,0,0
江西,2025,物理类,本科批,2260,辽宁中医药大学,,首选物理，再选化学,475,81906,,,0,辽宁,公办,0,0
江西,2025,物理类,本科批,2261,长春人文学院,（501）,首选物理，再选不限,422,150012,,,0,吉林,民办,0,0
江西,2025,物理类,本科批,2261,长春人文学院,（502）,首选物理，再选化学,429,147683,,,0,吉林,民办,0,0
江西,2025,物理类,本科批,2281,上海师范大学,（501）,首选物理，再选不限,559,26975,,,0,上海,公办,0,0
江西,2025,物理类,本科批,2281,上海师范大学,,首选物理，再选化学,547,26338,,,0,上海,公办,0,0
江西,2025,物理类,本科批,2281,上海师范大学,（504）,首选物理，再选地理,542,35167,,,0,上海,公办,0,0
江西,2025,物理类,本科批,2285,上海海事大学,（502）,首选物理，再选不限,576,16139,,,0,上海,公办,0,0
江西,2025,物理类,本科批,2285,上海海事大学,（503）,首选物理，再选化学,574,15680,,,0,上海,公办,0,0
江西,2025,物理类,本科批,2286,上海海洋大学,（501）,首选物理，再选化学,562,22777,,,0,上海,公办,0,0
江西,2025,物理类,本科批,2289,上海第二工业大学,（501）,首选物理，再选不限,544,36643,,,0,上海,公办,0,0
江西,2025,物理类,本科批,2289,上海第二工业大学,,首选物理，再选化学,545,22223,,,0,上海,公办,0,0
江西,2025,物理类,本科批,2290,上海立信会计金融学院,,首选物理，再选不限,535,30845,,,0,上海,公办,0,0
江西,2025,物理类,本科批,2290,上海立信会计金融学院,（503）,首选物理，再选化学,541,39759,,,0,上海,公办,0,0
江西,2025,物理类,本科批,2293,上海政法学院,,首选物理，再选不限,552,18502,,,0,上海,公办,0,0
江西,2025,物理类,本科批,2295,上海中医药大学,（501）,首选物理，再选化学,608,5898,,,0,上海,公办,0,0
江西,2025,物理类,本科批,2312,南京工业大学,（501）,首选物理，再选不限,569,22777,,,1,江苏,公办,0,0
江西,2025,物理类,本科批,2312,南京工业大学,,首选物理，再选化学,556,13073,,,105,江苏,公办,0,0
江西,2025,物理类,本科批,2313,常州大学,（501）,首选物理，再选不限,542,41357,,,6,江苏,公办,0,0
江西,2025,物理类,本科批,2313,常州大学,,首选物理，再选化学,541,22223,,,57,江苏,公办,0,0
江西,2025,物理类,本科批,2314,南京邮电大学,（561）,首选物理，再选不限,571,17995,,,6,江苏,公办,0,0
江西,2025,物理类,本科批,2314,南京邮电大学,,首选物理，再选化学,577,7159,,,86,江苏,公办,0,0
江西,2025,物理类,本科批,2318,南京工程学院,（501）,首选物理，再选不限,541,36643,,,0,江苏,公办,0,0
江西,2025,物理类,本科批,2318,南京工程学院,（502）,首选物理，再选化学,553,13506,,,0,江苏,公办,0,0
江西,2025,物理类,本科批,2321,苏州科技大学,,首选物理，再选不限,514,33664,,,0,江苏,公办,0,0
江西,2025,物理类,本科批,2321,苏州科技大学,,首选物理，再选化学,519,22223,,,0,江苏,公办,0,0
江西,2025,物理类,本科批,2329,常州工学院,（501）,首选物理，再选化学,527,49993,,,20,江苏,公办,0,0
江西,2025,物理类,本科批,2331,金陵科技学院,（501）,首选物理，再选不限,512,55683,,,11,江苏,公办,0,0
江西,2025,物理类,本科批,2331,金陵科技学院,（502）,首选物理，再选化学,522,41357,,,17,江苏,公办,0,0
江西,2025,物理类,本科批,2332,徐州工程学院,（501）,首选物理，再选不限,518,60705,,,0,江苏,公办,0,0
江西,2025,物理类,本科批,2332,徐州工程学院,（502）,首选物理，再选化学,525,55683,,,0,江苏,公办,0,0
江西,2025,物理类,本科批,2333,张家口学院,（501）,首选物理，再选化学,476,114210,,,7,河北,公办,0,0
江西,2025,物理类,本科批,2336,苏州工学院,（501）,首选物理，再选化学,522,49992,,,33,江苏,公办,0,0
江西,2025,物理类,本科批,2340,江苏师范大学,（502）,首选物理，再选不限,526,35878,,,0,江苏,公办,0,0
江西,2025,物理类,本科批,2340,江苏师范大学,（503）,首选物理，再选化学,538,36643,,,0,江苏,公办,0,0
江西,2025,物理类,本科批,2340,江苏师范大学,（504）,首选物理，再选地理,530,51865,,,0,江苏,公办,0,0
江西,2025,物理类,本科批,2342,江苏第二师范学院,（501）,首选物理，再选化学,505,64884,,,9,江苏,公办,0,0
江西,2025,物理类,本科批,2345,淮阴师范学院,,首选物理，再选化学,508,64884,,,0,江苏,公办,0,0
江西,2025,物理类,本科批,2346,宿迁学院,（501）,首选物理，再选不限,501,81906,,,0,江苏,公办,0,0
江西,2025,物理类,本科批,2346,宿迁学院,（502）,首选物理，再选化学,508,67078,,,0,江苏,公办,0,0
江西,2025,物理类,本科批,2354,浙江海洋大学,（502）,首选物理，再选不限,528,53699,,,7,浙江,公办,0,0
江西,2025,物理类,本科批,2354,浙江海洋大学,,首选物理，再选化学,529,38145,,,123,浙江,公办,0,0
江西,2025,物理类,本科批,2354,浙江海洋大学,（504）,首选物理，再选生物,517,64884,,,4,浙江,公办,0,0
江西,2025,物理类,本科批,2355,浙江农林大学,（501）,首选物理，再选不限,537,41357,,,9,浙江,公办,0,0
江西,2025,物理类,本科批,2355,浙江农林大学,（502）,首选物理，再选化学,530,22223,,,93,浙江,公办,0,0
江西,2025,物理类,本科批,2355,浙江农林大学,（503）,首选物理，再选生物,543,40558,,,2,浙江,公办,0,0
江西,2025,物理类,本科批,2357,浙江中医药大学,,首选物理，再选化学,528,7738,,,90,浙江,公办,0,0
江西,2025,物理类,本科批,2359,绍兴文理学院,,首选物理，再选化学,509,55683,,,61,浙江,公办,0,0
江西,2025,物理类,本科批,2360,温州大学,（501）,首选物理，再选不限,538,43054,,,0,浙江,公办,0,0
江西,2025,物理类,本科批,2360,温州大学,,首选物理，再选化学,541,19482,,,0,浙江,公办,0,0
江西,2025,物理类,本科批,2361,中国计量大学,（501）,首选物理，再选不限,572,16993,,,7,浙江,公办,0,0
江西,2025,物理类,本科批,2361,中国计量大学,（502）,首选物理，再选化学,575,16139,,,90,浙江,公办,0,0
江西,2025,物理类,本科批,2362,嘉兴大学,（501）,首选物理，再选不限,524,49992,,,0,浙江,公办,0,0
江西,2025,物理类,本科批,2362,嘉兴大学,（502）,首选物理，再选化学,529,42236,,,0,浙江,公办,0,0
江西,2025,物理类,本科批,2363,浙江传媒学院,,首选物理，再选不限,528,35167,,,0,浙江,公办,0,0
江西,2025,物理类,本科批,2363,浙江传媒学院,,首选物理，再选化学,483,25726,,,0,浙江,公办,0,0
江西,2025,物理类,本科批,2364,台州学院,（501）,首选物理，再选化学,480,49992,,,70,浙江,公办,0,0
江西,2025,物理类,本科批,2366,宁波工程学院,,首选物理，再选不限,506,61721,,,9,浙江,公办,0,0
江西,2025,物理类,本科批,2366,宁波工程学院,,首选物理，再选化学,514,44755,,,128,浙江,公办,0,0
江西,2025,物理类,本科批,2367,杭州师范大学,（501）,首选物理，再选不限,547,31545,,,34,浙江,公办,0,0
江西,2025,物理类,本科批,2367,杭州师范大学,,首选物理，再选化学,518,23330,,,82,浙江,公办,0,0
江西,2025,物理类,本科批,2371,湖州师范学院,（501）,首选物理，再选不限,508,71510,,,8,浙江,公办,0,0
江西,2025,物理类,本科批,2371,湖州师范学院,（502）,首选物理，再选化学,496,67078,,,25,浙江,公办,0,0
江西,2025,物理类,本科批,2372,衢州学院,（501）,首选物理，再选不限,494,84381,,,21,浙江,公办,0,0
江西,2025,物理类,本科批,2372,衢州学院,（502）,首选物理，再选化学,513,63821,,,41,浙江,公办,0,0
江西,2025,物理类,本科批,2373,浙江外国语学院,（501）,首选物理，再选不限,517,38145,,,35,浙江,公办,0,0
江西,2025,物理类,本科批,2373,浙江外国语学院,（502）,首选物理，再选化学,531,50918,,,3,浙江,公办,0,0
江西,2025,物理类,本科批,2374,浙江万里学院,（501）,首选物理，再选不限,484,100928,,,0,浙江,公办,0,0
江西,2025,物理类,本科批,2374,浙江万里学院,（502）,首选物理，再选化学,492,80684,,,0,浙江,公办,0,0
江西,2025,物理类,本科批,2377,浙江药科职业大学,,首选物理，再选不限,483,79542,,,0,浙江,公办,0,0
江西,2025,物理类,本科批,2385,安徽财经大学,（501）,首选物理，再选不限,500,32981,,,58,安徽,公办,0,0
江西,2025,物理类,本科批,2385,安徽财经大学,（502）,首选物理，再选化学,553,30845,,,13,安徽,公办,0,0
江西,2025,物理类,本科批,2386,淮南师范学院,（501）,首选物理，再选不限,480,90756,,,0,安徽,公办,0,0
江西,2025,物理类,本科批,2386,淮南师范学院,（502）,首选物理，再选化学,485,83105,,,0,安徽,公办,0,0
江西,2025,物理类,本科批,2386,淮南师范学院,（503）,首选物理，再选生物,481,108860,,,0,安徽,公办,0,0
江西,2025,物理类,本科批,2388,安徽农业大学,（501）,首选物理，再选不限,528,53699,,,2,安徽,公办,0,0
江西,2025,物理类,本科批,2388,安徽农业大学,（502）,首选物理，再选化学,521,43054,,,36,安徽,公办,0,0
江西,2025,物理类,本科批,2388,安徽农业大学,（503）,首选物理，再选生物,526,55683,,,3,安徽,公办,0,0
江西,2025,物理类,本科批,2390,安徽中医药大学,,首选物理，再选不限,486,49992,,,41,安徽,公办,0,0
江西,2025,物理类,本科批,2390,安徽中医药大学,（503）,首选物理，再选化学,502,69294,,,90,安徽,公办,0,0
江西,2025,物理类,本科批,2393,合肥大学,（501）,首选物理，再选不限,519,59715,,,0,安徽,公办,0,0
江西,2025,物理类,本科批,2393,合肥大学,（502）,首选物理，再选化学,531,41357,,,0,安徽,公办,0,0
江西,2025,物理类,本科批,2395,安徽医科大学,（501）,首选物理，再选化学,566,16139,,,8,安徽,公办,0,0
江西,2025,物理类,本科批,2398,安庆师范大学,（501）,首选物理，再选不限,471,122118,,,10,安徽,公办,0,0
江西,2025,物理类,本科批,2398,安庆师范大学,,首选物理，再选化学,487,62733,,,60,安徽,公办,0,0
江西,2025,物理类,本科批,2400,宿州学院,（501）,首选物理，再选化学,489,94492,,,12,安徽,公办,0,0
江西,2025,物理类,本科批,2403,皖南医学院,（501）,首选物理，再选化学,553,28888,,,16,安徽,公办,0,0
江西,2025,物理类,本科批,241,哈尔滨师范大学,（501）,首选物理，再选不限,469,124774,,,0,黑龙江,公办,0,0
江西,2025,物理类,本科批,241,哈尔滨师范大学,（502）,首选物理，再选化学,510,68184,,,0,黑龙江,公办,0,0
江西,2025,物理类,本科批,241,哈尔滨师范大学,（503）,首选物理，再选地理,518,63821,,,0,黑龙江,公办,0,0
江西,2025,物理类,本科批,2410,铜陵学院,（501）,首选物理，再选不限,481,102222,,,29,安徽,公办,0,0
江西,2025,物理类,本科批,2410,铜陵学院,（502）,首选物理，再选化学,483,97073,,,25,安徽,公办,0,0
江西,2025,物理类,本科批,2411,皖西学院,（501）,首选物理，再选地理,490,97073,,,0,安徽,公办,0,0
江西,2025,物理类,本科批,2430,龙岩学院,（501）,首选物理，再选不限,475,111493,,,0,福建,公办,0,0
江西,2025,物理类,本科批,2430,龙岩学院,（502）,首选物理，再选化学,479,92002,,,0,福建,公办,0,0
江西,2025,物理类,本科批,2431,华侨大学,,首选物理，再选不限,529,26975,,,0,福建,公办,0,0
江西,2025,物理类,本科批,2431,华侨大学,,首选物理，再选化学,556,18502,,,0,福建,公办,0,0
江西,2025,物理类,本科批,2435,三明学院,,首选物理，再选不限,452,102222,,,34,福建,公办,0,0
江西,2025,物理类,本科批,2435,三明学院,,首选物理，再选化学,447,73687,,,53,福建,公办,0,0
江西,2025,物理类,本科批,2462,山东科技大学,（501）,首选物理，再选不限,532,49100,,,4,山东,公办,0,0
江西,2025,物理类,本科批,2462,山东科技大学,,首选物理，再选化学,530,20026,,,68,山东,公办,0,0
江西,2025,物理类,本科批,2462,山东科技大学,（504）,首选物理，再选地理,540,43054,,,4,山东,公办,0,0
江西,2025,物理类,本科批,2465,青岛理工大学,,首选物理，再选不限,456,56652,,,0,山东,公办,0,0
江西,2025,物理类,本科批,2465,青岛理工大学,,首选物理，再选化学,454,26975,,,0,山东,公办,0,0
江西,2025,物理类,本科批,2466,山东农业大学,（501）,首选物理，再选化学,508,54691,,,0,山东,公办,0,0
江西,2025,物理类,本科批,2468,济南大学,,首选物理，再选不限,487,46462,,,0,山东,公办,0,0
江西,2025,物理类,本科批,2468,济南大学,,首选物理，再选化学,497,27607,,,0,山东,公办,0,0
江西,2025,物理类,本科批,2470,山东交通学院,（502）,首选物理，再选不限,507,70395,,,8,山东,公办,0,0
江西,2025,物理类,本科批,2470,山东交通学院,,首选物理，再选化学,431,61721,,,36,山东,公办,0,0
江西,2025,物理类,本科批,2471,德州学院,（501）,首选物理，再选化学,506,74814,,,5,山东,公办,0,0
江西,2025,物理类,本科批,2473,聊城大学,（501）,首选物理，再选化学,503,68184,,,0,山东,公办,0,0
江西,2025,物理类,本科批,2473,聊城大学,（502）,首选物理，再选生物,495,90756,,,0,山东,公办,0,0
江西,2025,物理类,本科批,2474,鲁东大学,（501）,首选物理，再选不限,512,70395,,,0,山东,公办,0,0
江西,2025,物理类,本科批,2474,鲁东大学,,首选物理，再选化学,466,58638,,,0,山东,公办,0,0
江西,2025,物理类,本科批,2475,临沂大学,（501）,首选物理，再选化学,503,71510,,,0,山东,公办,0,0
江西,2025,物理类,本科批,2476,泰山学院,,首选物理，再选化学,472,90756,,,10,山东,公办,0,0
江西,2025,物理类,本科批,2479,青岛农业大学,（501）,首选物理，再选化学,474,74814,,,85,山东,公办,0,0
江西,2025,物理类,本科批,2480,山东第二医科大学,（501）,首选物理，再选不限,511,71510,,,2,山东,公办,0,0
江西,2025,物理类,本科批,2480,山东第二医科大学,（502）,首选物理，再选化学,492,26338,,,18,山东,公办,0,0
江西,2025,物理类,本科批,2481,滨州医学院,（501）,首选物理，再选不限,508,74814,,,0,山东,公办,0,0
江西,2025,物理类,本科批,2481,滨州医学院,,首选物理，再选化学,485,34409,,,0,山东,公办,0,0
江西,2025,物理类,本科批,2482,山东财经大学,,首选物理，再选不限,531,34409,,,0,山东,公办,0,0
江西,2025,物理类,本科批,2482,山东财经大学,（503）,首选物理，再选化学,560,26975,,,0,山东,公办,0,0
江西,2025,物理类,本科批,2483,山东工商学院,（501）,首选物理，再选不限,484,61721,,,0,山东,公办,0,0
江西,2025,物理类,本科批,2483,山东工商学院,（502）,首选物理，再选化学,513,69294,,,0,山东,公办,0,0
江西,2025,物理类,本科批,2486,山东理工大学,（501）,首选物理，再选不限,519,61721,,,0,山东,公办,0,0
江西,2025,物理类,本科批,2486,山东理工大学,（502）,首选物理，再选化学,484,57614,,,0,山东,公办,0,0
江西,2025,物理类,本科批,2487,枣庄学院,（501）,首选物理，再选化学,476,115474,,,10,山东,公办,0,0
江西,2025,物理类,本科批,2489,曲阜师范大学,（501）,首选物理，再选不限,468,112876,,,0,山东,公办,0,0
江西,2025,物理类,本科批,2489,曲阜师范大学,（502）,首选物理，再选化学,436,50918,,,0,山东,公办,0,0
江西,2025,物理类,本科批,2490,山东航空学院,（501）,首选物理，再选不限,509,73687,,,0,山东,公办,0,0
江西,2025,物理类,本科批,2490,山东航空学院,（502）,首选物理，再选化学,523,58638,,,0,山东,公办,0,0
江西,2025,物理类,本科批,2490,山东航空学院,（503）,首选物理，再选思想政治,495,90756,,,0,山东,公办,0,0
江西,2025,物理类,本科批,2492,山东政法学院,（501）,首选物理，再选不限,513,33664,,,0,山东,公办,0,0
江西,2025,物理类,本科批,2492,山东政法学院,（502）,首选物理，再选化学,516,63821,,,0,山东,公办,0,0
江西,2025,物理类,本科批,2495,济宁学院,（501）,首选物理，再选不限,472,120774,,,0,山东,公办,0,0
江西,2025,物理类,本科批,2495,济宁学院,（502）,首选物理，再选化学,514,68184,,,0,山东,公办,0,0
江西,2025,物理类,本科批,2498,山东第一医科大学,（501）,首选物理，再选不限,512,70395,,,2,山东,公办,0,0
江西,2025,物理类,本科批,2498,山东第一医科大学,,首选物理，再选化学,497,15220,,,101,山东,公办,0,0
江西,2025,物理类,本科批,2501,华北水利水电大学,,首选物理，再选不限,434,99653,,,20,河南,公办,0,0
江西,2025,物理类,本科批,2501,华北水利水电大学,,首选物理，再选化学,448,30214,,,113,河南,公办,0,0
江西,2025,物理类,本科批,2502,河南理工大学,（501）,首选物理，再选不限,514,64884,,,4,河南,公办,0,0
江西,2025,物理类,本科批,2502,河南理工大学,,首选物理，再选化学,430,32276,,,95,河南,公办,0,0
江西,2025,物理类,本科批,2507,中原工学院,（501）,首选物理，再选不限,485,97073,,,0,河南,公办,0,0
江西,2025,物理类,本科批,2507,中原工学院,,首选物理，再选化学,476,76036,,,0,河南,公办,0,0
江西,2025,物理类,本科批,2509,河南科技学院,（501）,首选物理，再选不限,468,123427,,,0,河南,公办,0,0
江西,2025,物理类,本科批,2509,河南科技学院,（502）,首选物理，再选化学,485,85623,,,0,河南,公办,0,0
江西,2025,物理类,本科批,2512,许昌学院,（501）,首选物理，再选化学,472,114209,,,8,河南,公办,0,0
江西,2025,物理类,本科批,2517,河南财经政法大学,（501）,首选物理，再选不限,529,35878,,,16,河南,公办,0,0
江西,2025,物理类,本科批,2517,河南财经政法大学,,首选物理，再选化学,527,37362,,,14,河南,公办,0,0
江西,2025,物理类,本科批,2523,安阳工学院,,首选物理，再选化学,431,102222,,,26,河南,公办,0,0
江西,2025,物理类,本科批,2525,平顶山学院,,首选物理，再选不限,471,98356,,,0,河南,公办,0,0
江西,2025,物理类,本科批,2525,平顶山学院,（503）,首选物理，再选化学,476,108860,,,0,河南,公办,0,0
江西,2025,物理类,本科批,2529,河南工程学院,（501）,首选物理，再选不限,487,94492,,,0,河南,公办,0,0
江西,2025,物理类,本科批,2529,河南工程学院,（502）,首选物理，再选化学,500,63821,,,0,河南,公办,0,0
江西,2025,物理类,本科批,2529,河南工程学院,（503）,首选物理，再选化学、地理(2科必选),492,94492,,,0,河南,公办,0,0
江西,2025,物理类,本科批,2533,商丘工学院,（501）,首选物理，再选化学,463,132623,,,5,河南,民办,0,0
江西,2025,物理类,本科批,2543,武汉轻工大学,（501）,首选物理，再选不限,481,108860,,,0,湖北,公办,0,0
江西,2025,物理类,本科批,2543,武汉轻工大学,,首选物理，再选化学,498,29536,,,0,湖北,公办,0,0
江西,2025,物理类,本科批,2546,湖北大学,（501）,首选物理，再选不限,565,23330,,,0,湖北,公办,0,0
江西,2025,物理类,本科批,2546,湖北大学,,首选物理，再选化学,564,16993,,,0,湖北,公办,0,0
江西,2025,物理类,本科批,2546,湖北大学,（504）,首选物理，再选地理,569,22777,,,0,湖北,公办,0,0
江西,2025,物理类,本科批,2549,湖北民族大学,,首选物理，再选化学,490,56652,,,0,湖北,公办,0,0
江西,2025,物理类,本科批,2549,湖北民族大学,（504）,首选物理，再选生物,490,97073,,,0,湖北,公办,0,0
江西,2025,物理类,本科批,2550,湖北文理学院,（501）,首选物理，再选化学,501,68184,,,0,湖北,公办,0,0
江西,2025,物理类,本科批,2552,湖北汽车工业学院,（501）,首选物理，再选不限,518,63821,,,0,湖北,公办,0,0
江西,2025,物理类,本科批,2552,湖北汽车工业学院,（502）,首选物理，再选化学,522,49100,,,0,湖北,公办,0,0
江西,2025,物理类,本科批,2555,湖北医药学院,（501）,首选物理，再选化学,493,37362,,,0,湖北,公办,0,0
江西,2025,物理类,本科批,2560,湖北理工学院,（501）,首选物理，再选不限,501,79542,,,0,湖北,公办,0,0
江西,2025,物理类,本科批,2560,湖北理工学院,（502）,首选物理，再选化学,514,54691,,,0,湖北,公办,0,0
江西,2025,物理类,本科批,2562,湖北第二师范学院,（501）,首选物理，再选不限,495,78323,,,0,湖北,公办,0,0
江西,2025,物理类,本科批,2562,湖北第二师范学院,,首选物理，再选化学,499,69294,,,0,湖北,公办,0,0
江西,2025,物理类,本科批,2565,汉江师范学院,（501）,首选物理，再选不限,466,89477,,,15,湖北,公办,0,0
江西,2025,物理类,本科批,2565,汉江师范学院,（502）,首选物理，再选化学,499,74814,,,20,湖北,公办,0,0
江西,2025,物理类,本科批,2602,中南林业科技大学,（501）,首选物理，再选不限,518,53699,,,20,湖南,公办,0,0
江西,2025,物理类,本科批,2602,中南林业科技大学,（502）,首选物理，再选化学,528,34409,,,96,湖南,公办,0,0
江西,2025,物理类,本科批,2608,长沙理工大学,（501）,首选物理，再选不限,554,32276,,,0,湖南,公办,0,0
江西,2025,物理类,本科批,2608,长沙理工大学,（502）,首选物理，再选化学,567,11893,,,0,湖南,公办,0,0
江西,2025,物理类,本科批,2610,湖南工业大学,,首选物理，再选不限,474,39759,,,0,湖南,公办,0,0
江西,2025,物理类,本科批,2610,湖南工业大学,,首选物理，再选化学,524,27607,,,0,湖南,公办,0,0
江西,2025,物理类,本科批,2611,南华大学,（501）,首选物理，再选不限,517,49100,,,0,湖南,公办,0,0
江西,2025,物理类,本科批,2611,南华大学,（502）,首选物理，再选化学,512,14815,,,0,湖南,公办,0,0
江西,2025,物理类,本科批,2616,湖南科技学院,（501）,首选物理，再选化学,505,76036,,,0,湖南,公办,0,0
江西,2025,物理类,本科批,2618,湘南学院,（501）,首选物理，再选不限,492,70395,,,12,湖南,公办,0,0
江西,2025,物理类,本科批,2618,湘南学院,,首选物理，再选化学,508,55683,,,27,湖南,公办,0,0
江西,2025,物理类,本科批,2619,长沙学院,,首选物理，再选不限,504,74814,,,3,湖南,公办,0,0
江西,2025,物理类,本科批,2619,长沙学院,,首选物理，再选化学,523,36643,,,4,湖南,公办,0,0
江西,2025,物理类,本科批,2620,湖南人文科技学院,（501）,首选物理，再选不限,501,83105,,,1,湖南,公办,0,0
江西,2025,物理类,本科批,2620,湖南人文科技学院,,首选物理，再选化学,482,80684,,,22,湖南,公办,0,0
江西,2025,物理类,本科批,2628,湖南女子学院,（501）,首选物理，再选不限,480,100928,,,4,湖南,公办,0,0
江西,2025,物理类,本科批,2628,湖南女子学院,（502）,首选物理，再选化学,509,71510,,,15,湖南,公办,0,0
江西,2025,物理类,本科批,2665,广东石油化工学院,,首选物理，再选化学,481,49992,,,33,广东,公办,0,0
江西,2025,物理类,本科批,2665,广东石油化工学院,（507）,首选物理，再选地理,518,63821,,,2,广东,公办,0,0
江西,2025,物理类,本科批,2666,广东工业大学,（501）,首选物理，再选不限,573,20570,,,1,广东,公办,0,0
江西,2025,物理类,本科批,2666,广东工业大学,,首选物理，再选化学,571,11893,,,48,广东,公办,0,0
江西,2025,物理类,本科批,2673,五邑大学,,首选物理，再选化学,517,42236,,,36,广东,公办,0,0
江西,2025,物理类,本科批,2674,佛山大学,,首选物理，再选不限,515,62733,,,13,广东,公办,0,0
江西,2025,物理类,本科批,2674,佛山大学,,首选物理，再选化学,497,54691,,,32,广东,公办,0,0
江西,2025,物理类,本科批,2677,韩山师范学院,,首选物理，再选化学,484,66020,,,0,广东,公办,0,0
江西,2025,物理类,本科批,2680,广东药科大学,,首选物理，再选不限,519,52796,,,0,广东,公办,0,0
江西,2025,物理类,本科批,2680,广东药科大学,,首选物理，再选化学,524,32276,,,0,广东,公办,0,0
江西,2025,物理类,本科批,2681,广东警官学院,（501）,首选物理，再选不限,547,37362,,,0,广东,公办,0,0
江西,2025,物理类,本科批,2687,广州医科大学,,首选物理，再选不限,503,28888,,,0,广东,公办,0,0
江西,2025,物理类,本科批,2687,广州医科大学,,首选物理，再选化学,550,8682,,,0,广东,公办,0,0
江西,2025,物理类,本科批,2688,深圳技术大学,,首选物理，再选化学,584,8682,,,27,广东,公办,0,0
江西,2025,物理类,本科批,2691,肇庆学院,,首选物理，再选化学,495,57614,,,9,广东,公办,0,0
江西,2025,物理类,本科批,2721,广西科技大学,（501）,首选物理，再选不限,498,77198,,,12,广西,公办,0,0
江西,2025,物理类,本科批,2721,广西科技大学,,首选物理，再选化学,489,51865,,,40,广西,公办,0,0
江西,2025,物理类,本科批,2721,广西科技大学,（508）,首选物理，再选化学、生物(2科必选),471,102222,,,7,广西,公办,0,0
江西,2025,物理类,本科批,2722,桂林电子科技大学,（501）,首选物理，再选不限,523,43054,,,0,广西,公办,0,0
江西,2025,物理类,本科批,2722,桂林电子科技大学,,首选物理，再选化学,537,15220,,,0,广西,公办,0,0
江西,2025,物理类,本科批,2723,桂林理工大学,,首选物理，再选化学,494,46462,,,0,广西,公办,0,0
江西,2025,物理类,本科批,2724,广西医科大学,,首选物理，再选化学,517,11496,,,0,广西,公办,0,0
江西,2025,物理类,本科批,2724,广西医科大学,（506）,首选物理，再选生物,496,89477,,,0,广西,公办,0,0
江西,2025,物理类,本科批,2725,右江民族医学院,（501）,首选物理，再选不限,474,115474,,,2,广西,公办,0,0
江西,2025,物理类,本科批,2725,右江民族医学院,,首选物理，再选化学,483,69294,,,13,广西,公办,0,0
江西,2025,物理类,本科批,2725,右江民族医学院,（506）,首选物理，再选生物,484,104827,,,1,广西,公办,0,0
江西,2025,物理类,本科批,2727,桂林医科大学,（501）,首选物理，再选不限,520,61721,,,0,广西,公办,0,0
江西,2025,物理类,本科批,2727,桂林医科大学,,首选物理，再选化学,452,26975,,,0,广西,公办,0,0
江西,2025,物理类,本科批,2729,玉林师范学院,,首选物理，再选化学,476,102222,,,0,广西,公办,0,0
江西,2025,物理类,本科批,2734,北部湾大学,（502）,首选物理，再选不限,497,88212,,,0,广西,公办,0,0
江西,2025,物理类,本科批,2734,北部湾大学,,首选物理，再选化学,476,64884,,,0,广西,公办,0,0
江西,2025,物理类,本科批,2734,北部湾大学,（509）,首选物理，再选地理,505,68184,,,0,广西,公办,0,0
江西,2025,物理类,本科批,2735,贺州学院,（501）,首选物理，再选不限,473,112876,,,16,广西,公办,0,0
江西,2025,物理类,本科批,2735,贺州学院,（502）,首选物理，再选化学,474,100928,,,32,广西,公办,0,0
江西,2025,物理类,本科批,2736,百色学院,,首选物理，再选不限,467,107582,,,6,广西,公办,0,0
江西,2025,物理类,本科批,2736,百色学院,（504）,首选物理，再选化学,483,84381,,,14,广西,公办,0,0
江西,2025,物理类,本科批,2736,百色学院,（505）,首选物理，再选地理,476,115474,,,2,广西,公办,0,0
江西,2025,物理类,本科批,2753,海南医科大学,（501）,首选物理，再选不限,525,54691,,,0,海南,公办,0,0
江西,2025,物理类,本科批,2753,海南医科大学,,首选物理，再选化学,477,25726,,,0,海南,公办,0,0
江西,2025,物理类,本科批,2754,海南热带海洋学院,,首选物理，再选不限,443,126088,,,0,海南,公办,0,0
江西,2025,物理类,本科批,2754,海南热带海洋学院,（504）,首选物理，再选化学,474,74814,,,0,海南,公办,0,0
江西,2025,物理类,本科批,2773,重庆医科大学,,首选物理，再选化学,542,11496,,,0,重庆,公办,0,0
江西,2025,物理类,本科批,2774,重庆理工大学,（501）,首选物理，再选不限,539,38934,,,27,重庆,公办,0,0
江西,2025,物理类,本科批,2774,重庆理工大学,,首选物理，再选化学,537,20570,,,131,重庆,公办,0,0
江西,2025,物理类,本科批,2775,重庆工商大学,,首选物理，再选不限,518,32982,,,0,重庆,公办,0,0
江西,2025,物理类,本科批,2775,重庆工商大学,（503）,首选物理，再选化学,535,43055,,,0,重庆,公办,0,0
江西,2025,物理类,本科批,2778,四川外国语大学,,首选物理，再选不限,516,29537,,,0,重庆,公办,0,0
江西,2025,物理类,本科批,2778,四川外国语大学,（505）,首选物理，再选思想政治,532,49101,,,0,重庆,公办,0,0
江西,2025,物理类,本科批,2780,重庆科技大学,（501）,首选物理，再选不限,513,66020,,,5,重庆,公办,0,0
江西,2025,物理类,本科批,2780,重庆科技大学,,首选物理，再选化学,524,40558,,,42,重庆,公办,0,0
江西,2025,物理类,本科批,2781,重庆第二师范学院,,首选物理，再选不限,492,81906,,,0,重庆,公办,0,0
江西,2025,物理类,本科批,2781,重庆第二师范学院,,首选物理，再选化学,479,71510,,,0,重庆,公办,0,0
江西,2025,物理类,本科批,2782,重庆中医药学院,（501）,首选物理，再选不限,516,49992,,,14,重庆,公办,0,0
江西,2025,物理类,本科批,2782,重庆中医药学院,,首选物理，再选化学,504,66020,,,13,重庆,公办,0,0
江西,2025,物理类,本科批,2791,西南石油大学,（501）,首选物理，再选化学,570,16545,,,0,四川,公办,0,0
江西,2025,物理类,本科批,2796,成都中医药大学,（501）,首选物理，再选不限,575,18987,,,0,四川,公办,0,0
江西,2025,物理类,本科批,2796,成都中医药大学,,首选物理，再选化学,557,16993,,,0,四川,公办,0,0
江西,2025,物理类,本科批,2798,西华师范大学,（501）,首选物理，再选不限,459,51865,,,0,四川,公办,0,0
江西,2025,物理类,本科批,2798,西华师范大学,（502）,首选物理，再选化学,430,116849,,,0,四川,公办,0,0
江西,2025,物理类,本科批,2798,西华师范大学,（503）,首选物理，再选化学、生物(2科必选),505,74814,,,0,四川,公办,0,0
江西,2025,物理类,本科批,2802,攀枝花学院,（501）,首选物理，再选化学,515,66020,,,10,四川,公办,0,0
江西,2025,物理类,本科批,2804,宜宾学院,（501）,首选物理，再选不限,494,85623,,,15,四川,公办,0,0
江西,2025,物理类,本科批,2805,绵阳师范学院,（501）,首选物理，再选化学,488,99653,,,0,四川,公办,0,0
江西,2025,物理类,本科批,2806,中国民用航空飞行学院,（502）,首选物理，再选不限,506,57614,,,24,四川,公办,0,0
江西,2025,物理类,本科批,2806,中国民用航空飞行学院,,首选物理，再选化学,524,38145,,,126,四川,公办,0,0
江西,2025,物理类,本科批,2806,中国民用航空飞行学院,（504）,首选物理，再选思想政治,496,89477,,,2,四川,公办,0,0
江西,2025,物理类,本科批,2808,西南民族大学,（501）,首选物理，再选不限,527,49100,,,9,四川,公办,0,0
江西,2025,物理类,本科批,2808,西南民族大学,,首选物理，再选化学,527,31545,,,29,四川,公办,0,0
江西,2025,物理类,本科批,2811,四川文理学院,（501）,首选物理，再选不限,490,97073,,,3,四川,公办,0,0
江西,2025,物理类,本科批,2811,四川文理学院,（502）,首选物理，再选化学,490,95753,,,6,四川,公办,0,0
江西,2025,物理类,本科批,2815,川北医学院,,首选物理，再选化学,507,39759,,,0,四川,公办,0,0
江西,2025,物理类,本科批,2817,成都师范学院,,首选物理，再选不限,503,68184,,,0,四川,公办,0,0
江西,2025,物理类,本科批,2817,成都师范学院,,首选物理，再选化学,508,63821,,,0,四川,公办,0,0
江西,2025,物理类,本科批,282,华东师范大学,（503）,首选物理，再选不限,618,4295,,,0,上海,公办,1,1
江西,2025,物理类,本科批,282,华东师范大学,,首选物理，再选化学,609,3187,,,0,上海,公办,1,1
江西,2025,物理类,本科批,2820,西南医科大学,（501）,首选物理，再选不限,530,51865,,,0,四川,公办,0,0
江西,2025,物理类,本科批,2820,西南医科大学,,首选物理，再选化学,503,15220,,,0,四川,公办,0,0
江西,2025,物理类,本科批,283,上海体育大学,（501）,首选物理，再选不限,553,32981,,,0,上海,公办,0,0
江西,2025,物理类,本科批,283,上海体育大学,,首选物理，再选化学,548,16545,,,0,上海,公办,0,0
江西,2025,物理类,本科批,2833,遵义医科大学,（501）,首选物理，再选不限,486,102222,,,2,贵州,公办,0,0
江西,2025,物理类,本科批,2833,遵义医科大学,,首选物理，再选化学,507,15220,,,27,贵州,公办,0,0
江西,2025,物理类,本科批,2833,遵义医科大学,（507）,首选物理，再选生物,526,55683,,,2,贵州,公办,0,0
江西,2025,物理类,本科批,2834,贵州财经大学,,首选物理，再选不限,486,64884,,,0,贵州,公办,0,0
江西,2025,物理类,本科批,2834,贵州财经大学,,首选物理，再选化学,507,53699,,,0,贵州,公办,0,0
江西,2025,物理类,本科批,2839,茅台学院,,首选物理，再选化学,472,102222,,,0,贵州,民办,0,0
江西,2025,物理类,本科批,2842,安顺学院,（501）,首选物理，再选化学,469,114209,,,7,贵州,公办,0,0
江西,2025,物理类,本科批,2842,安顺学院,（506）,首选物理，再选地理,489,98356,,,1,贵州,公办,0,0
江西,2025,物理类,本科批,2844,铜仁学院,,首选物理，再选化学,482,74814,,,8,贵州,公办,0,0
江西,2025,物理类,本科批,2847,贵州理工学院,,首选物理，再选不限,493,85623,,,4,贵州,公办,0,0
江西,2025,物理类,本科批,2847,贵州理工学院,,首选物理，再选化学,477,69294,,,6,贵州,公办,0,0
江西,2025,物理类,本科批,2851,昆明医科大学,,首选物理，再选化学,477,24510,,,0,云南,公办,0,0
江西,2025,物理类,本科批,2852,昆明理工大学,（502）,首选物理，再选不限,538,38145,,,0,云南,公办,0,0
江西,2025,物理类,本科批,2852,昆明理工大学,（503）,首选物理，再选化学,548,19482,,,0,云南,公办,0,0
江西,2025,物理类,本科批,2852,昆明理工大学,（504）,首选物理，再选化学、生物(2科必选),554,26975,,,0,云南,公办,0,0
江西,2025,物理类,本科批,2852,昆明理工大学,（505）,首选物理，再选地理,488,99653,,,0,云南,公办,0,0
江西,2025,物理类,本科批,2853,西南林业大学,（501）,首选物理，再选不限,490,78323,,,14,云南,公办,0,0
江西,2025,物理类,本科批,2853,西南林业大学,（503）,首选物理，再选化学,492,70395,,,77,云南,公办,0,0
江西,2025,物理类,本科批,2853,西南林业大学,（504）,首选物理，再选生物,497,88212,,,3,云南,公办,0,0
江西,2025,物理类,本科批,2854,云南中医药大学,,首选物理，再选不限,469,57614,,,16,云南,公办,0,0
江西,2025,物理类,本科批,2854,云南中医药大学,,首选物理，再选化学,452,64884,,,35,云南,公办,0,0
江西,2025,物理类,本科批,2855,云南农业大学,,首选物理，再选不限,473,78323,,,18,云南,公办,0,0
江西,2025,物理类,本科批,2855,云南农业大学,,首选物理，再选化学,429,54691,,,62,云南,公办,0,0
江西,2025,物理类,本科批,2856,玉溪师范学院,（501）,首选物理，再选化学,478,98356,,,8,云南,公办,0,0
江西,2025,物理类,本科批,2857,云南民族大学,（501）,首选物理，再选不限,529,52796,,,0,云南,公办,0,0
江西,2025,物理类,本科批,2861,大理大学,（501）,首选物理，再选不限,505,77199,,,2,云南,公办,0,0
江西,2025,物理类,本科批,2861,大理大学,,首选物理，再选化学,507,40559,,,26,云南,公办,0,0
江西,2025,物理类,本科批,2863,昆明学院,（501）,首选物理，再选不限,494,85623,,,6,云南,公办,0,0
江西,2025,物理类,本科批,2863,昆明学院,（502）,首选物理，再选化学,491,79542,,,24,云南,公办,0,0
江西,2025,物理类,本科批,2863,昆明学院,（503）,首选物理，再选化学、生物(2科必选),484,84381,,,6,云南,公办,0,0
江西,2025,物理类,本科批,2865,文山学院,（501）,首选物理，再选不限,480,110174,,,5,云南,公办,0,0
江西,2025,物理类,本科批,2869,保山学院,（501）,首选物理，再选化学,468,123427,,,10,云南,公办,0,0
江西,2025,物理类,本科批,2879,西北政法大学,（501）,首选物理，再选不限,569,14815,,,0,陕西,公办,0,0
江西,2025,物理类,本科批,2881,陕西理工大学,（501）,首选物理，再选不限,482,104827,,,0,陕西,公办,0,0
江西,2025,物理类,本科批,2881,陕西理工大学,（502）,首选物理，再选化学,520,50918,,,0,陕西,公办,0,0
江西,2025,物理类,本科批,2882,延安大学,（501）,首选物理，再选不限,502,74814,,,12,陕西,公办,0,0
江西,2025,物理类,本科批,2882,延安大学,（502）,首选物理，再选化学,512,52796,,,26,陕西,公办,0,0
江西,2025,物理类,本科批,2882,延安大学,（503）,首选物理，再选化学、生物(2科必选),485,103528,,,3,陕西,公办,0,0
江西,2025,物理类,本科批,2883,咸阳师范学院,（501）,首选物理，再选不限,470,106213,,,6,陕西,公办,0,0
江西,2025,物理类,本科批,2883,咸阳师范学院,（502）,首选物理，再选化学,473,98356,,,36,陕西,公办,0,0
江西,2025,物理类,本科批,2884,宝鸡文理学院,（501）,首选物理，再选不限,470,122118,,,4,陕西,公办,0,0
江西,2025,物理类,本科批,2884,宝鸡文理学院,（502）,首选物理，再选化学,492,78323,,,30,陕西,公办,0,0
江西,2025,物理类,本科批,2885,渭南师范学院,（501）,首选物理，再选不限,462,114209,,,7,陕西,公办,0,0
江西,2025,物理类,本科批,2885,渭南师范学院,（503）,首选物理，再选化学,470,99653,,,39,陕西,公办,0,0
江西,2025,物理类,本科批,2885,渭南师范学院,（50D）,首选物理，再选地理,484,104827,,,1,陕西,公办,0,0
江西,2025,物理类,本科批,2887,榆林学院,（501）,首选物理，再选化学,477,89477,,,0,陕西,公办,0,0
江西,2025,物理类,本科批,2887,榆林学院,（502）,首选物理，再选生物,467,127347,,,0,陕西,公办,0,0
江西,2025,物理类,本科批,2893,安康学院,（501）,首选物理，再选不限,469,120774,,,12,陕西,公办,0,0
江西,2025,物理类,本科批,2893,安康学院,（502）,首选物理，再选化学,475,107582,,,22,陕西,公办,0,0
江西,2025,物理类,本科批,2893,安康学院,（503）,首选物理，再选生物,470,123427,,,4,陕西,公办,0,0
江西,2025,物理类,本科批,2895,陕西学前师范学院,（501）,首选物理，再选不限,457,128651,,,0,陕西,公办,0,0
江西,2025,物理类,本科批,2895,陕西学前师范学院,（502）,首选物理，再选化学,465,119467,,,0,陕西,公办,0,0
江西,2025,物理类,本科批,2924,天水师范大学,（501）,首选物理，再选化学,473,112876,,,0,甘肃,公办,0,0
江西,2025,物理类,本科批,2924,天水师范大学,（502）,首选物理，再选化学、生物(2科必选),470,123427,,,0,甘肃,公办,0,0
江西,2025,物理类,本科批,2933,兰州财经大学,,首选物理，再选不限,429,74814,,,0,甘肃,公办,0,0
江西,2025,物理类,本科批,2933,兰州财经大学,（503）,首选物理，再选化学,513,67078,,,0,甘肃,公办,0,0
江西,2025,物理类,本科批,2933,兰州财经大学,（504）,首选物理，再选地理,497,88212,,,0,甘肃,公办,0,0
江西,2025,物理类,本科批,2934,甘肃政法大学,（501）,首选物理，再选不限,535,29536,,,0,甘肃,公办,0,0
江西,2025,物理类,本科批,2934,甘肃政法大学,（502）,首选物理，再选化学,519,59715,,,0,甘肃,公办,0,0
江西,2025,物理类,本科批,2963,北方民族大学,,首选物理，再选不限,485,79542,,,0,宁夏,公办,0,0
江西,2025,物理类,本科批,2963,北方民族大学,,首选物理，再选化学,500,64884,,,0,宁夏,公办,0,0
江西,2025,物理类,本科批,2964,宁夏医科大学,,首选物理，再选化学,487,24510,,,0,宁夏,公办,0,0
江西,2025,物理类,本科批,2965,宁夏师范大学,,首选物理，再选不限,465,106213,,,6,宁夏,公办,0,0
江西,2025,物理类,本科批,2965,宁夏师范大学,,首选物理，再选化学,464,86916,,,18,宁夏,公办,0,0
江西,2025,物理类,本科批,2965,宁夏师范大学,（506）,首选物理，再选地理,489,98356,,,2,宁夏,公办,0,0
江西,2025,物理类,本科批,2985,喀什大学,（502）,首选物理，再选不限,463,116849,,,59,新疆,公办,0,0
江西,2025,物理类,本科批,2985,喀什大学,（504）,首选物理，再选化学,465,100928,,,64,新疆,公办,0,0
江西,2025,物理类,本科批,2985,喀什大学,（506）,首选物理，再选地理,466,128651,,,4,新疆,公办,0,0
江西,2025,物理类,本科批,2985,喀什大学,（505）,首选物理，再选思想政治,461,135203,,,2,新疆,公办,0,0
江西,2025,物理类,本科批,3041,天津商业大学宝德学院,,首选物理，再选不限,443,130011,,,0,天津,民办,0,0
江西,2025,物理类,本科批,3042,天津外国语大学滨海外事学院,（501）,首选物理，再选不限,447,141543,,,0,天津,民办,0,0
江西,2025,物理类,本科批,3044,天津医科大学临床医学院,,首选物理，再选化学,467,124774,,,0,天津,民办,0,0
江西,2025,物理类,本科批,3044,天津医科大学临床医学院,,首选物理，再选化学、生物(2科必选),497,78323,,,0,天津,民办,0,0
江西,2025,物理类,本科批,3081,石家庄铁道大学四方学院,,首选物理，再选不限,464,126088,,,4,河北,民办,0,0
江西,2025,物理类,本科批,3081,石家庄铁道大学四方学院,（503）,首选物理，再选化学,473,107582,,,7,河北,民办,0,0
江西,2025,物理类,本科批,311,南京师范大学,（501）,首选物理，再选不限,569,16993,,,0,江苏,公办,0,1
江西,2025,物理类,本科批,311,南京师范大学,,首选物理，再选化学,570,10032,,,0,江苏,公办,0,1
江西,2025,物理类,本科批,311,南京师范大学,（503）,首选物理，再选地理,585,14815,,,0,江苏,公办,0,1
江西,2025,物理类,本科批,3196,大连东软信息学院,（501）,首选物理，再选化学,428,159269,,,0,辽宁,民办,0,0
江西,2025,物理类,本科批,3222,长春光华学院,（501）,首选物理，再选不限,414,175016,,,0,吉林,民办,0,0
江西,2025,物理类,本科批,3222,长春光华学院,（502）,首选物理，再选化学,424,161450,,,0,吉林,民办,0,0
江西,2025,物理类,本科批,3227,长春建筑学院,（501）,首选物理，再选化学,410,161450,,,0,吉林,民办,0,0
江西,2025,物理类,本科批,3228,长春科技学院,（501）,首选物理，再选不限,430,171055,,,0,吉林,民办,0,0
江西,2025,物理类,本科批,3228,长春科技学院,（502）,首选物理，再选化学,429,158155,,,0,吉林,民办,0,0
江西,2025,物理类,本科批,3232,长春大学旅游学院,（501）,首选物理，再选不限,410,170004,,,0,吉林,民办,0,0
江西,2025,物理类,本科批,3232,长春大学旅游学院,（502）,首选物理，再选化学,410,177865,,,0,吉林,民办,0,0
江西,2025,物理类,本科批,3246,齐齐哈尔工程学院,（501）,首选物理，再选不限,409,186983,,,21,黑龙江,民办,0,0
江西,2025,物理类,本科批,3246,齐齐哈尔工程学院,（502）,首选物理，再选化学,409,186094,,,120,黑龙江,民办,0,0
江西,2025,物理类,本科批,3246,齐齐哈尔工程学院,（503）,首选物理，再选生物,411,178862,,,21,黑龙江,民办,0,0
江西,2025,物理类,本科批,3285,上海杉达学院,,首选物理，再选不限,469,71510,,,0,上海,民办,0,0
江西,2025,物理类,本科批,3285,上海杉达学院,（503）,首选物理，再选化学,467,58638,,,0,上海,民办,0,0
江西,2025,物理类,本科批,3311,东南大学成贤学院,（501）,首选物理，再选不限,462,119467,,,0,江苏,民办,0,0
江西,2025,物理类,本科批,3311,东南大学成贤学院,（502）,首选物理，再选化学,466,107582,,,0,江苏,民办,0,0
江西,2025,物理类,本科批,3313,南京师范大学泰州学院,（501）,首选物理，再选化学,454,131331,,,0,江苏,民办,0,0
江西,2025,物理类,本科批,3315,南京传媒学院,（501）,首选物理，再选不限,457,104827,,,0,江苏,民办,0,0
江西,2025,物理类,本科批,3315,南京传媒学院,（502）,首选物理，再选化学,469,107582,,,0,江苏,民办,0,0
江西,2025,物理类,本科批,3319,南京财经大学红山学院,（501）,首选物理，再选不限,455,122118,,,0,江苏,民办,0,0
江西,2025,物理类,本科批,3333,苏州大学应用技术学院,（501）,首选物理，再选不限,455,131331,,,12,江苏,民办,0,0
江西,2025,物理类,本科批,3333,苏州大学应用技术学院,（502）,首选物理，再选化学,471,112876,,,29,江苏,民办,0,0
江西,2025,物理类,本科批,3334,苏州城市学院,（501）,首选物理，再选化学,540,41357,,,15,江苏,公办,0,0
江西,2025,物理类,本科批,3335,中国矿业大学徐海学院,（501）,首选物理，再选不限,481,108860,,,0,江苏,民办,0,0
江西,2025,物理类,本科批,3335,中国矿业大学徐海学院,,首选物理，再选化学,463,100928,,,0,江苏,民办,0,0
江西,2025,物理类,本科批,3351,杭州电子科技大学信息工程学院,（501）,首选物理，再选不限,486,102222,,,0,浙江,民办,0,0
江西,2025,物理类,本科批,3351,杭州电子科技大学信息工程学院,（502）,首选物理，再选化学,490,80684,,,0,浙江,民办,0,0
江西,2025,物理类,本科批,3354,宁波大学科学技术学院,（501）,首选物理，再选不限,456,89477,,,0,浙江,民办,0,0
江西,2025,物理类,本科批,3354,宁波大学科学技术学院,（502）,首选物理，再选化学,457,111493,,,0,浙江,民办,0,0
江西,2025,物理类,本科批,3356,浙江工业大学之江学院,（501）,首选物理，再选不限,464,111493,,,9,浙江,民办,0,0
江西,2025,物理类,本科批,3356,浙江工业大学之江学院,（502）,首选物理，再选化学,468,114209,,,51,浙江,民办,0,0
江西,2025,物理类,本科批,3359,温州商学院,（501）,首选物理，再选不限,427,138928,,,45,浙江,民办,0,0
江西,2025,物理类,本科批,3359,温州商学院,（502）,首选物理，再选化学,440,145214,,,40,浙江,民办,0,0
江西,2025,物理类,本科批,3360,温州医科大学仁济学院,（501）,首选物理，再选不限,469,124774,,,2,浙江,民办,0,0
江西,2025,物理类,本科批,3360,温州医科大学仁济学院,,首选物理，再选化学,469,85623,,,21,浙江,民办,0,0
江西,2025,物理类,本科批,3362,湖州学院,（501）,首选物理，再选化学,515,56652,,,105,浙江,公办,0,0
江西,2025,物理类,本科批,3364,温州理工学院,（501）,首选物理，再选不限,514,62733,,,0,浙江,公办,0,0
江西,2025,物理类,本科批,3364,温州理工学院,（502）,首选物理，再选化学,525,51865,,,0,浙江,公办,0,0
江西,2025,物理类,本科批,3365,浙江工商大学杭州商学院,,首选物理，再选不限,456,111493,,,46,浙江,民办,0,0
江西,2025,物理类,本科批,3365,浙江工商大学杭州商学院,（503）,首选物理，再选化学,468,119467,,,17,浙江,民办,0,0
江西,2025,物理类,本科批,3367,浙江理工大学科技与艺术学院,（501）,首选物理，再选不限,449,131331,,,42,浙江,民办,0,0
江西,2025,物理类,本科批,3367,浙江理工大学科技与艺术学院,（503）,首选物理，再选化学,459,127347,,,28,浙江,民办,0,0
江西,2025,物理类,本科批,3371,浙江树人学院,（501）,首选物理，再选不限,453,145214,,,3,浙江,民办,0,0
江西,2025,物理类,本科批,3371,浙江树人学院,（502）,首选物理，再选化学,454,120774,,,57,浙江,民办,0,0
江西,2025,物理类,本科批,3371,浙江树人学院,（503）,首选物理，再选生物,444,155855,,,7,浙江,民办,0,0
江西,2025,物理类,本科批,3381,蚌埠工商学院,（501）,首选物理，再选不限,471,122118,,,0,安徽,民办,0,0
江西,2025,物理类,本科批,3383,合肥城市学院,（501）,首选物理，再选不限,442,158155,,,0,安徽,民办,0,0
江西,2025,物理类,本科批,3383,合肥城市学院,（502）,首选物理，再选化学,445,153466,,,0,安徽,民办,0,0
江西,2025,物理类,本科批,3387,马鞍山学院,（501）,首选物理，再选化学,470,122867,,,0,安徽,民办,0,0
江西,2025,物理类,本科批,3391,安徽医科大学临床医学院,（501）,首选物理，再选化学,482,103528,,,0,安徽,独立学院,0,0
江西,2025,物理类,本科批,3426,福州大学至诚学院,（501）,首选物理，再选不限,463,126088,,,8,福建,民办,0,0
江西,2025,物理类,本科批,3426,福州大学至诚学院,（502）,首选物理，再选化学,455,126088,,,71,福建,民办,0,0
江西,2025,物理类,本科批,3428,厦门工学院,（501）,首选物理，再选不限,439,150011,,,24,福建,民办,0,0
江西,2025,物理类,本科批,3428,厦门工学院,（502）,首选物理，再选化学,450,130011,,,24,福建,民办,0,0
江西,2025,物理类,本科批,3464,山东石油化工学院,,首选物理，再选化学,504,69294,,,26,山东,公办,0,0
江西,2025,物理类,本科批,351,浙江师范大学,（501）,首选物理，再选不限,541,33664,,,14,浙江,公办,0,0
江西,2025,物理类,本科批,351,浙江师范大学,,首选物理，再选化学,549,20026,,,60,浙江,公办,0,0
江西,2025,物理类,本科批,351,浙江师范大学,（506）,首选物理，再选地理,525,56652,,,2,浙江,公办,0,0
江西,2025,物理类,本科批,3513,内蒙古鸿德文理学院,（501）,首选物理，再选不限,438,160373,,,0,内蒙古,民办,0,0
江西,2025,物理类,本科批,3548,武汉华夏理工学院,（501）,首选物理，再选不限,450,145214,,,0,湖北,民办,0,0
江西,2025,物理类,本科批,3548,武汉华夏理工学院,（503）,首选物理，再选化学,458,124774,,,0,湖北,民办,0,0
江西,2025,物理类,本科批,3551,武汉工程大学邮电与信息工程学院,（501）,首选物理，再选不限,451,145214,,,0,湖北,民办,0,0
江西,2025,物理类,本科批,3551,武汉工程大学邮电与信息工程学院,（502）,首选物理，再选化学,462,119467,,,0,湖北,民办,0,0
江西,2025,物理类,本科批,3571,武汉工商学院,（501）,首选物理，再选不限,452,106213,,,0,湖北,民办,0,0
江西,2025,物理类,本科批,3571,武汉工商学院,（502）,首选物理，再选化学,467,123427,,,0,湖北,民办,0,0
江西,2025,物理类,本科批,3673,广州软件学院,,首选物理，再选化学,468,122118,,,0,广东,民办,0,0
江西,2025,物理类,本科批,3722,桂林学院,（501）,首选物理，再选不限,445,136502,,,31,广西,民办,0,0
江西,2025,物理类,本科批,3722,桂林学院,（502）,首选物理，再选化学,452,137749,,,21,广西,民办,0,0
江西,2025,物理类,本科批,3728,广西中医药大学赛恩斯新医药学院,（501）,首选物理，再选不限,476,112876,,,0,广西,民办,0,0
江西,2025,物理类,本科批,3728,广西中医药大学赛恩斯新医药学院,（502）,首选物理，再选化学,465,124774,,,0,广西,民办,0,0
江西,2025,物理类,本科批,3771,重庆外语外事学院,,首选物理，再选不限,453,99653,,,0,重庆,民办,0,0
江西,2025,物理类,本科批,3771,重庆外语外事学院,（503）,首选物理，再选化学,465,128651,,,0,重庆,民办,0,0
江西,2025,物理类,本科批,3773,重庆财经学院,（501）,首选物理，再选不限,470,97073,,,0,重庆,民办,0,0
江西,2025,物理类,本科批,3773,重庆财经学院,（502）,首选物理，再选化学,477,103528,,,0,重庆,民办,0,0
江西,2025,物理类,本科批,3776,重庆移通学院,（501）,首选物理，再选不限,462,131331,,,0,重庆,民办,0,0
江西,2025,物理类,本科批,3776,重庆移通学院,（502）,首选物理，再选化学,461,120774,,,0,重庆,民办,0,0
江西,2025,物理类,本科批,3790,四川警察学院,（501）,首选物理，再选不限,519,62733,,,0,四川,公办,0,0
江西,2025,物理类,本科批,3796,成都银杏酒店管理学院,（501）,首选物理，再选不限,445,140228,,,0,四川,民办,0,0
江西,2025,物理类,本科批,3796,成都银杏酒店管理学院,（502）,首选物理，再选生物,444,155855,,,0,四川,民办,0,0
江西,2025,物理类,本科批,3798,西南财经大学天府学院,,首选物理，再选不限,464,130011,,,0,四川,民办,0,0
江西,2025,物理类,本科批,3801,成都东软学院,（501）,首选物理，再选化学,494,72579,,,0,四川,民办,0,0
江西,2025,物理类,本科批,3802,成都锦城学院,,首选物理，再选不限,466,123427,,,0,四川,民办,0,0
江西,2025,物理类,本科批,3802,成都锦城学院,（503）,首选物理，再选化学,466,120774,,,0,四川,民办,0,0
江西,2025,物理类,本科批,3803,西京学院,（501）,首选物理，再选不限,436,151134,,,13,陕西,民办,0,0
江西,2025,物理类,本科批,3803,西京学院,,首选物理，再选化学,452,127347,,,35,陕西,民办,0,0
江西,2025,物理类,本科批,3803,西京学院,（504）,首选物理，再选化学、生物(2科必选),456,141543,,,2,陕西,民办,0,0
江西,2025,物理类,本科批,3803,西京学院,（505）,首选物理，再选生物,431,170004,,,5,陕西,民办,0,0
江西,2025,物理类,本科批,3808,重庆工程学院,,首选物理，再选化学,485,85623,,,0,重庆,民办,0,0
江西,2025,物理类,本科批,381,安徽师范大学,,首选物理，再选不限,503,35167,,,0,安徽,公办,0,0
江西,2025,物理类,本科批,381,安徽师范大学,（503）,首选物理，再选化学,500,32276,,,0,安徽,公办,0,0
江西,2025,物理类,本科批,381,安徽师范大学,（504）,首选物理，再选地理,531,50918,,,0,安徽,公办,0,0
江西,2025,物理类,本科批,3851,滇池学院,（501）,首选物理，再选不限,446,147682,,,5,云南,民办,0,0
江西,2025,物理类,本科批,3851,滇池学院,（502）,首选物理，再选化学,454,142774,,,4,云南,民办,0,0
江西,2025,物理类,本科批,3854,昆明医科大学海源学院,（501）,首选物理，再选化学,463,115474,,,0,云南,民办,0,0
江西,2025,物理类,本科批,3854,昆明医科大学海源学院,（502）,首选物理，再选生物,463,132623,,,0,云南,民办,0,0
江西,2025,物理类,本科批,3872,西安建筑科技大学华清学院,（501）,首选物理，再选化学,443,151134,,,0,陕西,民办,0,0
江西,2025,物理类,本科批,3877,西安明德理工学院,（501）,首选物理，再选不限,429,168954,,,0,陕西,民办,0,0
江西,2025,物理类,本科批,3877,西安明德理工学院,（502）,首选物理，再选化学,431,161450,,,0,陕西,民办,0,0
江西,2025,物理类,本科批,3962,宁夏理工学院,（501）,首选物理，再选化学,452,138928,,,17,宁夏,民办,0,0
江西,2025,物理类,本科批,43,天津师范大学,,首选物理，再选不限,475,38145,,,0,天津,公办,0,0
江西,2025,物理类,本科批,43,天津师范大学,,首选物理，再选化学,538,30214,,,0,天津,公办,0,0
江西,2025,物理类,本科批,43,天津师范大学,（504）,首选物理，再选地理,538,42236,,,0,天津,公办,0,0
江西,2025,物理类,本科批,44,天津体育学院,（501）,首选物理，再选不限,495,84381,,,0,天津,公办,0,0
江西,2025,物理类,本科批,461,山东师范大学,,首选物理，再选不限,488,32276,,,0,山东,公办,0,0
江西,2025,物理类,本科批,461,山东师范大学,,首选物理，再选化学,528,32276,,,0,山东,公办,0,0
江西,2025,物理类,本科批,461,山东师范大学,（505）,首选物理，再选地理,538,44755,,,0,山东,公办,0,0
江西,2025,物理类,本科批,501,河南师范大学,（501）,首选物理，再选化学,517,57614,,,0,河南,公办,0,0
江西,2025,物理类,本科批,5072,河北金融学院,,首选物理，再选不限,473,78323,,,37,河北,公办,0,0
江西,2025,物理类,本科批,5072,河北金融学院,（504）,首选物理，再选化学,489,94492,,,15,河北,公办,0,0
江西,2025,物理类,本科批,5173,集宁师范学院,（501）,首选物理，再选化学,467,127347,,,23,内蒙古,公办,0,0
江西,2025,物理类,本科批,5223,长春汽车职业技术大学,（501）,首选物理，再选不限,472,115474,,,87,吉林,公办,0,0
江西,2025,物理类,本科批,5242,黑龙江工业学院,（501）,首选物理，再选不限,470,123427,,,2,黑龙江,公办,0,0
江西,2025,物理类,本科批,5242,黑龙江工业学院,（502）,首选物理，再选化学,468,107582,,,42,黑龙江,公办,0,0
江西,2025,物理类,本科批,5281,上海健康医学院,,首选物理，再选化学,518,26975,,,0,上海,公办,0,0
江西,2025,物理类,本科批,5352,浙江水利水电学院,,首选物理，再选不限,515,66020,,,17,浙江,公办,0,0
江西,2025,物理类,本科批,5352,浙江水利水电学院,,首选物理，再选化学,521,50918,,,123,浙江,公办,0,0
江西,2025,物理类,本科批,5352,浙江水利水电学院,（504）,首选物理，再选地理,524,57614,,,5,浙江,公办,0,0
江西,2025,物理类,本科批,5354,杭州医学院,,首选物理，再选化学,502,67078,,,120,浙江,公办,0,0
江西,2025,物理类,本科批,5383,池州学院,（501）,首选物理，再选不限,482,88212,,,8,安徽,公办,0,0
江西,2025,物理类,本科批,5383,池州学院,（502）,首选物理，再选化学,493,78323,,,50,安徽,公办,0,0
江西,2025,物理类,本科批,541,华中师范大学,,首选物理，再选不限,575,15220,,,0,湖北,公办,0,1
江西,2025,物理类,本科批,541,华中师范大学,,首选物理，再选化学,586,6628,,,0,湖北,公办,0,1
江西,2025,物理类,本科批,541,华中师范大学,（50A）,首选物理，再选地理,593,11496,,,0,湖北,公办,0,1
江西,2025,物理类,本科批,542,湖北师范大学,（501）,首选物理，再选不限,519,57614,,,0,湖北,公办,0,0
江西,2025,物理类,本科批,542,湖北师范大学,（502）,首选物理，再选化学,524,48225,,,0,湖北,公办,0,0
江西,2025,物理类,本科批,542,湖北师范大学,（503）,首选物理，再选地理,531,49100,,,0,湖北,公办,0,0
江西,2025,物理类,本科批,5501,郑州工程技术学院,,首选物理，再选化学,487,94492,,,0,河南,公办,0,0
江西,2025,物理类,本科批,5505,河南工学院,（501）,首选物理，再选不限,473,107582,,,0,河南,公办,0,0
江西,2025,物理类,本科批,5505,河南工学院,（502）,首选物理，再选化学,500,79542,,,0,河南,公办,0,0
江西,2025,物理类,本科批,5545,武汉商学院,,首选物理，再选不限,486,79542,,,0,湖北,公办,0,0
江西,2025,物理类,本科批,5545,武汉商学院,（503）,首选物理，再选化学,518,61721,,,0,湖北,公办,0,0
江西,2025,物理类,本科批,5722,桂林航天工业学院,（501）,首选物理，再选不限,497,86916,,,0,广西,公办,0,0
江西,2025,物理类,本科批,5722,桂林航天工业学院,,首选物理，再选化学,499,57614,,,0,广西,公办,0,0
江西,2025,物理类,本科批,5751,琼台师范学院,,首选物理，再选不限,442,114209,,,0,海南,公办,0,0
江西,2025,物理类,本科批,5751,琼台师范学院,（503）,首选物理，再选化学,486,94492,,,0,海南,公办,0,0
江西,2025,物理类,本科批,5793,四川旅游学院,（501）,首选物理，再选不限,492,84381,,,4,四川,公办,0,0
江西,2025,物理类,本科批,5793,四川旅游学院,,首选物理，再选化学,469,86916,,,12,四川,公办,0,0
江西,2025,物理类,本科批,5871,西安航空学院,,首选物理，再选化学,463,43054,,,0,陕西,公办,0,0
江西,2025,物理类,本科批,6092,河北环境工程学院,（501）,首选物理，再选化学,475,103528,,,11,河北,公办,0,0
江西,2025,物理类,本科批,6092,河北环境工程学院,（502）,首选物理，再选生物,468,126088,,,3,河北,公办,0,0
江西,2025,物理类,本科批,6142,运城职业技术大学,（501）,首选物理，再选不限,453,130011,,,30,山西,民办,0,0
江西,2025,物理类,本科批,6227,长春职业技术大学,（501）,首选物理，再选化学,471,118215,,,0,吉林,公办,0,0
江西,2025,物理类,本科批,6227,长春职业技术大学,（502）,首选物理，再选化学、生物(2科必选),464,131331,,,0,吉林,公办,0,0
江西,2025,物理类,本科批,6324,南京特殊教育师范学院,（501）,首选物理，再选不限,484,81906,,,23,江苏,公办,0,0
江西,2025,物理类,本科批,6324,南京特殊教育师范学院,（502）,首选物理，再选化学,491,58638,,,26,江苏,公办,0,0
江西,2025,物理类,本科批,6364,浙江机电职业技术大学,（501）,首选物理，再选不限,505,56652,,,0,浙江,公办,0,0
江西,2025,物理类,本科批,6422,福建江夏学院,（501）,首选物理，再选不限,498,62733,,,0,福建,公办,0,0
江西,2025,物理类,本科批,6422,福建江夏学院,（502）,首选物理，再选化学,510,68184,,,0,福建,公办,0,0
江西,2025,物理类,本科批,6490,齐鲁医药学院,（501）,首选物理，再选不限,459,132623,,,0,山东,民办,0,0
江西,2025,物理类,本科批,6490,齐鲁医药学院,,首选物理，再选化学,461,107582,,,0,山东,民办,0,0
江西,2025,物理类,本科批,6690,广东东软学院,（501）,首选物理，再选化学,454,133944,,,0,广东,民办,0,0
江西,2025,物理类,本科批,6720,肇庆医学院,（501）,首选物理，再选化学,486,77198,,,10,广东,公办,0,0
江西,2025,物理类,本科批,6840,六盘水师范学院,,首选物理，再选化学,489,90756,,,12,贵州,公办,0,0
江西,2025,物理类,本科批,6954,重庆人文科技学院,（501）,首选物理，再选化学,468,119467,,,0,重庆,民办,0,0
江西,2025,物理类,本科批,6983,西安交通工程学院,,首选物理，再选不限,436,154661,,,0,陕西,民办,0,0
江西,2025,物理类,本科批,6983,西安交通工程学院,（503）,首选物理，再选化学,444,136502,,,0,陕西,民办,0,0
江西,2025,物理类,本科批,6991,兰州资源环境职业技术大学,（501）,首选物理，再选不限,469,110174,,,0,甘肃,公办,0,0
江西,2025,物理类,本科批,7,北京体育大学,,首选物理，再选不限,517,15680,,,0,北京,公办,0,1
江西,2025,物理类,本科批,7,北京体育大学,,首选物理，再选化学,574,13506,,,0,北京,公办,0,1
江西,2025,物理类,本科批,7005,中央美术学院,（501）,首选物理，再选不限,548,30214,,,0,北京,公办,0,0
江西,2025,物理类,本科批,721,广西师范大学,,首选物理，再选不限,454,71510,,,0,广西,公办,0,0
江西,2025,物理类,本科批,721,广西师范大学,（503）,首选物理，再选化学,435,42236,,,0,广西,公办,0,0
江西,2025,物理类,本科批,721,广西师范大学,（505）,首选物理，再选地理,529,47325,,,0,广西,公办,0,0
江西,2025,物理类,本科批,721,广西师范大学,（504）,首选物理，再选思想政治,507,74814,,,0,广西,公办,0,0
江西,2025,物理类,本科批,74,河北师范大学,,首选物理，再选不限,467,90756,,,15,河北,公办,0,0
江西,2025,物理类,本科批,74,河北师范大学,,首选物理，再选化学,435,38934,,,42,河北,公办,0,0
江西,2025,物理类,本科批,74,河北师范大学,（507）,首选物理，再选地理,525,56652,,,6,河北,公办,0,0
江西,2025,物理类,本科批,751,海南师范大学,,首选物理，再选不限,488,79542,,,49,海南,公办,0,0
江西,2025,物理类,本科批,751,海南师范大学,,首选物理，再选化学,487,52796,,,79,海南,公办,0,0
江西,2025,物理类,本科批,751,海南师范大学,（505）,首选物理，再选化学、生物(2科必选),450,63821,,,15,海南,公办,0,0
江西,2025,物理类,本科批,751,海南师范大学,（507）,首选物理，再选地理,523,44755,,,5,海南,公办,0,0
江西,2025,物理类,本科批,751,海南师范大学,（506）,首选物理，再选思想政治,525,56652,,,2,海南,公办,0,0
江西,2025,物理类,本科批,7613,河北水利电力学院,（501）,首选物理，再选不限,453,142774,,,8,河北,公办,0,0
江西,2025,物理类,本科批,7613,河北水利电力学院,（502）,首选物理，再选化学,486,83105,,,32,河北,公办,0,0
江西,2025,物理类,本科批,771,重庆师范大学,,首选物理，再选不限,507,72579,,,0,重庆,公办,0,0
江西,2025,物理类,本科批,771,重庆师范大学,,首选物理，再选化学,494,77198,,,0,重庆,公办,0,0
江西,2025,物理类,本科批,771,重庆师范大学,（505）,首选物理，再选化学、生物(2科必选),497,88212,,,0,重庆,公办,0,0
江西,2025,物理类,本科批,771,重庆师范大学,（507）,首选物理，再选地理,546,38145,,,0,重庆,公办,0,0
江西,2025,物理类,本科批,771,重庆师范大学,（506）,首选物理，再选思想政治,563,26338,,,0,重庆,公办,0,0
江西,2025,物理类,本科批,791,四川师范大学,,首选物理，再选不限,497,35167,,,0,四川,公办,0,0
江西,2025,物理类,本科批,791,四川师范大学,,首选物理，再选化学,521,31545,,,0,四川,公办,0,0
江西,2025,物理类,本科批,791,四川师范大学,（507）,首选物理，再选化学、生物(2科必选),532,44755,,,0,四川,公办,0,0
江西,2025,物理类,本科批,791,四川师范大学,（508）,首选物理，再选地理,533,48225,,,0,四川,公办,0,0
江西,2025,物理类,本科批,8201,江西农业大学,,首选物理，再选不限,496,53699,,,0,江西,公办,0,0
江西,2025,物理类,本科批,8201,江西农业大学,,首选物理，再选化学,511,43910,,,0,江西,公办,0,0
江西,2025,物理类,本科批,8201,江西农业大学,（508）,首选物理，再选地理,537,45619,,,0,江西,公办,0,0
江西,2025,物理类,本科批,8201,江西农业大学,（507）,首选物理，再选生物,515,67078,,,0,江西,公办,0,0
江西,2025,物理类,本科批,8203,江西理工大学,（501）,首选物理，再选不限,517,38145,,,359,江西,公办,0,0
江西,2025,物理类,本科批,8203,江西理工大学,,首选物理，再选化学,517,18987,,,2757,江西,公办,0,0
江西,2025,物理类,本科批,8203,江西理工大学,（506）,首选物理，再选地理,533,49100,,,52,江西,公办,0,0
江西,2025,物理类,本科批,8204,东华理工大学,（501）,首选物理，再选不限,514,49992,,,0,江西,公办,0,0
江西,2025,物理类,本科批,8204,东华理工大学,,首选物理，再选化学,463,38934,,,0,江西,公办,0,0
江西,2025,物理类,本科批,8204,东华理工大学,（506）,首选物理，再选地理,510,72579,,,0,江西,公办,0,0
江西,2025,物理类,本科批,8205,南昌航空大学,,首选物理，再选不限,507,38934,,,353,江西,公办,0,0
江西,2025,物理类,本科批,8205,南昌航空大学,,首选物理，再选化学,534,26975,,,2891,江西,公办,0,0
江西,2025,物理类,本科批,8210,赣南师范大学,,首选物理，再选不限,457,58894,,,571,江西,公办,0,0
江西,2025,物理类,本科批,8210,赣南师范大学,,首选物理，再选化学,470,49931,,,1726,江西,公办,0,0
江西,2025,物理类,本科批,8210,赣南师范大学,（519）,首选物理，再选地理,500,75051,,,87,江西,公办,0,0
江西,2025,物理类,本科批,8210,赣南师范大学,（518）,首选物理，再选思想政治,491,95496,,,7,江西,公办,0,0
江西,2025,物理类,本科批,8213,宜春学院,（501）,首选物理，再选不限,481,84381,,,298,江西,公办,0,0
江西,2025,物理类,本科批,8213,宜春学院,,首选物理，再选化学,476,77198,,,1759,江西,公办,0,0
江西,2025,物理类,本科批,8213,宜春学院,（504）,首选物理，再选化学、生物(2科必选),473,100928,,,454,江西,公办,0,0
江西,2025,物理类,本科批,8213,宜春学院,,首选物理，再选生物,473,110174,,,185,江西,公办,0,0
江西,2025,物理类,本科批,8217,九江学院,（501）,首选物理，再选不限,472,76831,,,0,江西,公办,0,0
江西,2025,物理类,本科批,8217,九江学院,,首选物理，再选化学,443,74784,,,0,江西,公办,0,0
江西,2025,物理类,本科批,8217,九江学院,（507）,首选物理，再选地理,488,96407,,,0,江西,公办,0,0
江西,2025,物理类,本科批,8217,九江学院,（506）,首选物理，再选生物,480,109067,,,0,江西,公办,0,0
江西,2025,物理类,本科批,8218,江西水利电力大学,,首选物理，再选不限,504,53699,,,0,江西,公办,0,0
江西,2025,物理类,本科批,8218,江西水利电力大学,,首选物理，再选化学,520,36643,,,0,江西,公办,0,0
江西,2025,物理类,本科批,8229,新余学院,,首选物理，再选不限,473,111493,,,352,江西,公办,0,0
江西,2025,物理类,本科批,8229,新余学院,,首选物理，再选化学,475,67078,,,1531,江西,公办,0,0
江西,2025,物理类,本科批,8229,新余学院,（505）,首选物理，再选生物,470,123427,,,101,江西,公办,0,0
江西,2025,物理类,本科批,8266,南昌医学院,,首选物理，再选不限,473,104827,,,0,江西,公办,0,0
江西,2025,物理类,本科批,8266,南昌医学院,,首选物理，再选化学,478,54691,,,0,江西,公办,0,0
江西,2025,物理类,本科批,8266,南昌医学院,,首选物理，再选生物,466,80684,,,0,江西,公办,0,0
江西,2025,物理类,本科批,8277,抚州医药学院,（502）,首选物理，再选化学,471,122100,,,0,江西,公办,0,0
江西,2025,物理类,本科批,8277,抚州医药学院,,首选物理，再选生物,468,116515,,,0,江西,公办,0,0
江西,2025,物理类,本科批,8306,南昌交通学院,（501）,首选物理，再选不限,445,146429,,,0,江西,民办,0,0
江西,2025,物理类,本科批,8306,南昌交通学院,,首选物理，再选化学,435,148841,,,0,江西,民办,0,0
江西,2025,物理类,本科批,8307,赣南科技学院,（501）,首选物理，再选不限,474,95753,,,0,江西,公办,0,0
江西,2025,物理类,本科批,8307,赣南科技学院,（502）,首选物理，再选化学,483,76036,,,0,江西,公办,0,0
江西,2025,物理类,本科批,8642,江西飞行学院,（502）,首选物理，再选不限,479,99653,,,375,江西,公办,0,0
江西,2025,物理类,本科批,8642,江西飞行学院,（503）,首选物理，再选化学,488,86916,,,1086,江西,公办,0,0
江西,2025,物理类,本科批,921,西北师范大学,（501）,首选物理，再选不限,435,80684,,,0,甘肃,公办,0,0
江西,2025,物理类,本科批,921,西北师范大学,（502）,首选物理，再选化学,521,47325,,,0,甘肃,公办,0,0
江西,2025,物理类,本科提前批,1320,南京信息工程大学,（501）,首选物理，再选化学,611,5898,,,0,江苏,公办,0,0
江西,2025,物理类,本科提前批,192,中国刑事警察学院,,首选物理，再选化学,602,3525,,,13,辽宁,公办,0,0
江西,2025,物理类,本科提前批,192,中国刑事警察学院,（J32）,首选物理，再选思想政治,584,15220,,,1,辽宁,公办,0,0
江西,2025,物理类,本科提前批,2285,上海海事大学,（501）,首选物理，再选化学,549,22223,,,0,上海,公办,0,0
江西,2025,物理类,本科提前批,2734,北部湾大学,（501）,首选物理，再选化学,492,90756,,,0,广西,公办,0,0
江西,2025,物理类,本科提前批,2754,海南热带海洋学院,（501）,首选物理，再选化学,484,104827,,,0,海南,公办,0,0
江西,2025,物理类,本科提前批,282,华东师范大学,,首选物理，再选化学,597,2442,,,0,上海,公办,1,1
江西,2025,物理类,本科提前批,3,中国人民公安大学,,首选物理，再选化学,609,1548,,,0,北京,公办,0,0
江西,2025,物理类,本科提前批,3,中国人民公安大学,,首选物理，再选思想政治,592,4295,,,0,北京,公办,0,0
江西,2025,物理类,本科提前批,541,华中师范大学,,首选物理，再选不限,587,5193,,,0,湖北,公办,0,1
江西,2025,物理类,本科提前批,541,华中师范大学,,首选物理，再选化学,597,4295,,,0,湖北,公办,0,1
江西,2025,物理类,本科提前批,541,华中师范大学,（506）,首选物理，再选地理,602,8354,,,0,湖北,公办,0,1
江西,2025,物理类,本科提前批,8,中国消防救援学院,（J31）,首选物理，再选化学,574,15680,,,0,北京,公办,0,0
江西,2025,物理类,本科提前批,8266,南昌医学院,（501）,首选物理，再选化学,553,32981,,,0,江西,公办,0,0
江西,2025,物理类,高校专项计划批,1009,北京化工大学,（506）,首选物理，再选化学,590,10399,,,0,北京,公办,0,1
江西,2025,物理类,高校专项计划批,1012,北京林业大学,（508）,首选物理，再选不限,557,30214,,,0,北京,公办,0,1
江西,2025,物理类,高校专项计划批,1012,北京林业大学,（509）,首选物理，再选化学,562,23925,,,0,北京,公办,0,1
江西,2025,物理类,高校专项计划批,1013,北京中医药大学,（W化）,首选物理，再选化学,567,8985,,,0,北京,公办,0,1
江西,2025,物理类,高校专项计划批,1284,华东理工大学,（503）,首选物理，再选化学,582,9653,,,0,上海,公办,0,1
江西,2025,物理类,高校专项计划批,1287,上海财经大学,（503）,首选物理，再选不限,592,11893,,,0,上海,公办,0,1
江西,2025,物理类,高校专项计划批,1287,上海财经大学,（504）,首选物理，再选化学,593,11496,,,0,上海,公办,0,1
江西,2025,物理类,高校专项计划批,1317,南京理工大学,（502）,首选物理，再选不限,575,18502,,,0,江苏,公办,0,1
江西,2025,物理类,高校专项计划批,1465,哈尔滨工业大学（威海）,（503）,首选物理，再选化学,610,6135,,,0,山东,公办,1,1
江西,2025,物理类,高校专项计划批,2243,黑龙江大学,（502）,首选物理，再选化学,536,46462,,,0,黑龙江,公办,0,0
江西,2025,物理类,高校专项计划批,282,华东师范大学,（506）,首选物理，再选化学,606,4086,,,0,上海,公办,1,1
江西,2025,物理类,高校专项计划批,311,南京师范大学,（505）,首选物理，再选不限,570,22223,,,0,江苏,公办,0,1
江西,2025,物理类,高校专项计划批,311,南京师范大学,（506）,首选物理，再选化学,592,11893,,,0,江苏,公办,0,1
江西,2025,物理类,高校专项计划批,541,华中师范大学,（50C）,首选物理，再选不限,568,23330,,,0,湖北,公办,0,1
江西,2025,物理类,高校专项计划批,541,华中师范大学,（50D）,首选物理，再选化学,582,16139,,,0,湖北,公办,0,1
江西,2025,艺术类（历史）,艺术类本科批,,郑州美术学院,,首选历史，再选不限,483,,,,0,河南,民办,0,0
