province,year,category,batch,university_code,university_name,major_group,subject_req,min_score,min_rank,control_score,score_diff,admit_count,school_province,school_nature,is_985,is_211
内蒙,2025,历史类,本科批,100,南京工程学院,,历史,538,5172,,,0,,,0,0
内蒙,2025,历史类,本科批,101,太原科技大学,,历史,552,4584,,,0,,,0,0
内蒙,2025,历史类,本科批,103,湖南工程学院,,历史,546,5172,,,0,,,0,0
内蒙,2025,历史类,本科批,104,河南科技大学,,历史,528,3485,,,0,,,0,0
内蒙,2025,历史类,本科批,105,西北工业大学,,历史,631,431,,,0,,,0,0
内蒙,2025,历史类,本科批,107,哈尔滨工业大学,,历史,635,370,,,0,,,0,0
内蒙,2025,历史类,本科批,109,重庆师范大学,,历史,569,3359,,,0,,,0,0
内蒙,2025,历史类,本科批,110,乐山师范学院,,历史,490,11038,,,0,,,0,0
内蒙,2025,历史类,本科批,112,邯郸学院,,历史,504,9451,,,0,,,0,0
内蒙,2025,历史类,本科批,116,北华航天工业学院,,历史,450,10554,,,0,,,0,0
内蒙,2025,历史类,本科批,119,北京航空航天大学,,历史,644,199,,,0,,,0,0
内蒙,2025,历史类,本科批,124,烟台南山学院,,历史,446,16745,,,0,,,0,0
内蒙,2025,历史类,本科批,126,长沙理工大学,,历史,585,2115,,,0,,,0,0
内蒙,2025,历史类,本科批,127,常州大学,,历史,533,4658,,,0,,,0,0
内蒙,2025,历史类,本科批,128,大连医科大学,,历史,580,2646,,,0,,,0,0
内蒙,2025,历史类,本科批,131,华北电力大学(保定),,历史,594,1669,,,0,,,0,0
内蒙,2025,历史类,本科批,132,东北电力大学,,历史,533,6310,,,0,,,0,0
内蒙,2025,历史类,本科批,132,东北电力大学,,"历史,政治",561,3938,,,0,,,0,0
内蒙,2025,历史类,本科批,134,华北电力大学(北京),,历史,608,1006,,,0,,,0,0
内蒙,2025,历史类,本科批,137,上海海事大学,,历史,581,2068,,,0,,,0,0
内蒙,2025,历史类,本科批,14,晋中学院,,历史,485,11157,,,0,,,0,0
内蒙,2025,历史类,本科批,14,晋中学院,,"历史,政治",509,8857,,,0,,,0,0
内蒙,2025,历史类,本科批,141,盐城师范学院,,历史,540,5666,,,0,,,0,0
内蒙,2025,历史类,本科批,144,河海大学,,历史,604,1219,,,0,,,0,0
内蒙,2025,历史类,本科批,146,江西水利电力大学,,历史,500,9326,,,0,,,0,0
内蒙,2025,历史类,本科批,147,福建农林大学,,历史,559,4087,,,0,,,0,0
内蒙,2025,历史类,本科批,148,中国海洋大学,,历史,614,563,,,0,,,0,0
内蒙,2025,历史类,本科批,148,中国海洋大学,,"历史,政治",625,643,,,0,,,0,0
内蒙,2025,历史类,本科批,15,忻州师范学院,,历史,479,7312,,,0,,,0,0
内蒙,2025,历史类,本科批,15,忻州师范学院,,"历史,地理",492,10130,,,0,,,0,0
内蒙,2025,历史类,本科批,15,忻州师范学院,,"历史,政治",524,7214,,,0,,,0,0
内蒙,2025,历史类,本科批,150,沈阳建筑大学,,历史,534,6226,,,0,,,0,0
内蒙,2025,历史类,本科批,151,周口师范学院,,历史,484,9326,,,0,,,0,0
内蒙,2025,历史类,本科批,154,云南民族大学,,历史,532,6310,,,0,,,0,0
内蒙,2025,历史类,本科批,154,云南民族大学,,"历史,政治",535,6134,,,0,,,0,0
内蒙,2025,历史类,本科批,157,河北地质大学,,历史,514,7617,,,0,,,0,0
内蒙,2025,历史类,本科批,159,长江师范学院,,历史,524,7214,,,0,,,0,0
内蒙,2025,历史类,本科批,16,辽宁师范大学,,历史,509,6045,,,0,,,0,0
内蒙,2025,历史类,本科批,16,辽宁师范大学,,"历史,地理",546,5172,,,0,,,0,0
内蒙,2025,历史类,本科批,160,中国地质大学(北京),,历史,607,1219,,,0,,,0,0
内蒙,2025,历史类,本科批,161,德州学院,,历史,470,13551,,,0,,,0,0
内蒙,2025,历史类,本科批,162,中国地质大学(武汉),,历史,608,859,,,0,,,0,0
内蒙,2025,历史类,本科批,164,文华学院,,历史,465,12683,,,0,,,0,0
内蒙,2025,历史类,本科批,165,山东英才学院,,"历史,生物",436,18135,,,0,,,0,0
内蒙,2025,历史类,本科批,167,辽宁科技大学,,历史,513,7214,,,0,,,0,0
内蒙,2025,历史类,本科批,17,西南政法大学,,历史,598,1486,,,0,,,0,0
内蒙,2025,历史类,本科批,170,北京科技大学,,历史,612,793,,,0,,,0,0
内蒙,2025,历史类,本科批,175,枣庄学院,,"历史,政治",515,8156,,,0,,,0,0
内蒙,2025,历史类,本科批,176,西安交通工程学院,,历史,439,16205,,,0,,,0,0
内蒙,2025,历史类,本科批,18,西北政法大学,,历史,563,563,,,0,,,0,0
内蒙,2025,历史类,本科批,182,东北大学秦皇岛分校,,历史,619,820,,,0,,,0,0
内蒙,2025,历史类,本科批,182,东北大学秦皇岛分校,,"历史,政治",609,1182,,,0,,,0,0
内蒙,2025,历史类,本科批,186,哈尔滨工业大学(深圳),,历史,627,397,,,0,,,0,0
内蒙,2025,历史类,本科批,187,电子科技大学,,历史,621,613,,,0,,,0,0
内蒙,2025,历史类,本科批,19,中国政法大学,,历史,619,27,,,0,,,0,0
内蒙,2025,历史类,本科批,190,吉林工商学院,,历史,494,7117,,,0,,,0,0
内蒙,2025,历史类,本科批,191,贵州民族大学,,历史,506,5666,,,0,,,0,0
内蒙,2025,历史类,本科批,191,贵州民族大学,,"历史,政治,地理",504,7012,,,0,,,0,0
内蒙,2025,历史类,本科批,192,南京工业大学,,历史,573,2827,,,0,,,0,0
内蒙,2025,历史类,本科批,193,陇东学院,,历史,482,11683,,,0,,,0,0
内蒙,2025,历史类,本科批,193,陇东学院,,"历史,化学,生物",491,10917,,,0,,,0,0
内蒙,2025,历史类,本科批,196,吉林警察学院,,历史,525,6432,,,0,,,0,0
内蒙,2025,历史类,本科批,197,山东理工大学,,历史,532,5172,,,0,,,0,0
内蒙,2025,历史类,本科批,198,沈阳理工大学,,历史,524,7012,,,0,,,0,0
内蒙,2025,历史类,本科批,199,北京理工大学,,历史,639,270,,,0,,,0,0
内蒙,2025,历史类,本科批,20,中南财经政法大学,,历史,607,563,,,0,,,0,0
内蒙,2025,历史类,本科批,201,长春理工大学,,历史,496,3359,,,0,,,0,0
内蒙,2025,历史类,本科批,202,中北大学,,历史,543,3855,,,0,,,0,0
内蒙,2025,历史类,本科批,208,广东金融学院,,历史,550,4087,,,0,,,0,0
内蒙,2025,历史类,本科批,21,大连民族大学,,历史,526,4087,,,0,,,0,0
内蒙,2025,历史类,本科批,210,北京化工大学,,历史,610,894,,,0,,,0,0
内蒙,2025,历史类,本科批,211,青岛科技大学,,历史,558,3627,,,0,,,0,0
内蒙,2025,历史类,本科批,217,上海应用技术大学,,历史,528,4911,,,0,,,0,0
内蒙,2025,历史类,本科批,218,哈尔滨信息工程学院,,历史,456,15378,,,0,,,0,0
内蒙,2025,历史类,本科批,219,天津工业大学,,历史,557,1814,,,0,,,0,0
内蒙,2025,历史类,本科批,222,西安医学院,,历史,506,8971,,,0,,,0,0
内蒙,2025,历史类,本科批,222,西安医学院,,"历史,生物",511,8638,,,0,,,0,0
内蒙,2025,历史类,本科批,223,郑州轻工业大学,,历史,522,6622,,,0,,,0,0
内蒙,2025,历史类,本科批,227,南昌工学院,,历史,436,14602,,,0,,,0,0
内蒙,2025,历史类,本科批,228,景德镇陶瓷大学,,历史,512,6226,,,0,,,0,0
内蒙,2025,历史类,本科批,229,天津科技大学,,历史,551,2827,,,0,,,0,0
内蒙,2025,历史类,本科批,231,西安邮电大学,,历史,571,2287,,,0,,,0,0
内蒙,2025,历史类,本科批,237,西南交通大学,,历史,606,1057,,,0,,,0,0
内蒙,2025,历史类,本科批,237,西南交通大学,,"历史,政治",605,1353,,,0,,,0,0
内蒙,2025,历史类,本科批,238,大连交通大学,,历史,544,3558,,,0,,,0,0
内蒙,2025,历史类,本科批,24,上海财经大学,,历史,636,330,,,0,,,0,0
内蒙,2025,历史类,本科批,241,兰州交通大学,,历史,554,3267,,,0,,,0,0
内蒙,2025,历史类,本科批,243,北京交通大学,,历史,619,643,,,0,,,0,0
内蒙,2025,历史类,本科批,244,石家庄铁道大学,,历史,541,2353,,,0,,,0,0
内蒙,2025,历史类,本科批,246,伊犁师范大学,,历史,461,13173,,,0,,,0,0
内蒙,2025,历史类,本科批,246,伊犁师范大学,,"历史,地理",460,14867,,,0,,,0,0
内蒙,2025,历史类,本科批,25,中央财经大学,,历史,621,199,,,0,,,0,0
内蒙,2025,历史类,本科批,250,大连海事大学,,历史,590,1303,,,0,,,0,0
内蒙,2025,历史类,本科批,252,山东交通学院,,历史,513,7617,,,0,,,0,0
内蒙,2025,历史类,本科批,253,武汉理工大学,,历史,596,1182,,,0,,,0,0
内蒙,2025,历史类,本科批,253,武汉理工大学,,"历史,政治",612,1057,,,0,,,0,0
内蒙,2025,历史类,本科批,26,东北财经大学,,历史,564,1434,,,0,,,0,0
内蒙,2025,历史类,本科批,260,中央美术学院,,历史,537,2068,,,0,,,0,0
内蒙,2025,历史类,本科批,269,中国传媒大学,,历史,617,539,,,0,,,0,0
内蒙,2025,历史类,本科批,27,江西财经大学,,历史,589,1219,,,0,,,0,0
内蒙,2025,历史类,本科批,271,浙江传媒学院,,历史,575,1868,,,0,,,0,0
内蒙,2025,历史类,本科批,273,中央戏剧学院,,历史,595,1814,,,0,,,0,0
内蒙,2025,历史类,本科批,274,上海戏剧学院,,历史,552,2165,,,0,,,0,0
内蒙,2025,历史类,本科批,276,北京外国语大学,,历史,611,254,,,0,,,0,0
内蒙,2025,历史类,本科批,276,北京外国语大学,,"历史,政治",631,480,,,0,,,0,0
内蒙,2025,历史类,本科批,277,上海外国语大学,,历史,588,754,,,0,,,0,0
内蒙,2025,历史类,本科批,278,长安大学,,历史,596,1530,,,0,,,0,0
内蒙,2025,历史类,本科批,278,长安大学,,"历史,政治",618,859,,,0,,,0,0
内蒙,2025,历史类,本科批,279,中山大学,,历史,631,177,,,0,,,0,0
内蒙,2025,历史类,本科批,281,北京语言大学,,历史,510,1530,,,0,,,0,0
内蒙,2025,历史类,本科批,281,北京语言大学,,"历史,政治",587,1303,,,0,,,0,0
内蒙,2025,历史类,本科批,282,南京大学,,历史,657,51,,,0,,,0,0
内蒙,2025,历史类,本科批,283,东南大学,,历史,641,254,,,0,,,0,0
内蒙,2025,历史类,本科批,283,东南大学,,"历史,政治",639,292,,,0,,,0,0
内蒙,2025,历史类,本科批,284,大连理工大学,,历史,612,859,,,0,,,0,0
内蒙,2025,历史类,本科批,285,西安交通大学,,历史,647,160,,,0,,,0,0
内蒙,2025,历史类,本科批,286,中国人民大学,,历史,661,15,,,0,,,0,0
内蒙,2025,历史类,本科批,286,中国人民大学,,"历史,政治",662,31,,,0,,,0,0
内蒙,2025,历史类,本科批,287,东华大学,,历史,606,1219,,,0,,,0,0
内蒙,2025,历史类,本科批,288,江南大学,,历史,567,963,,,0,,,0,0
内蒙,2025,历史类,本科批,289,四川大学,,历史,636,254,,,0,,,0,0
内蒙,2025,历史类,本科批,29,西安财经大学,,历史,569,2770,,,0,,,0,0
内蒙,2025,历史类,本科批,290,重庆大学,,历史,590,312,,,0,,,0,0
内蒙,2025,历史类,本科批,291,东北大学,,历史,614,754,,,0,,,0,0
内蒙,2025,历史类,本科批,291,东北大学,,"历史,政治",625,643,,,0,,,0,0
内蒙,2025,历史类,本科批,292,浙江大学,,历史,659,51,,,0,,,0,0
内蒙,2025,历史类,本科批,293,三峡大学,,历史,536,4355,,,0,,,0,0
内蒙,2025,历史类,本科批,294,清华大学,,历史,681,12,,,0,,,0,0
内蒙,2025,历史类,本科批,295,燕山大学,,历史,565,3007,,,0,,,0,0
内蒙,2025,历史类,本科批,296,兰州大学,,历史,613,539,,,0,,,0,0
内蒙,2025,历史类,本科批,296,兰州大学,,"历史,政治",624,643,,,0,,,0,0
内蒙,2025,历史类,本科批,297,吉林大学,,历史,614,228,,,0,,,0,0
内蒙,2025,历史类,本科批,297,吉林大学,,"历史,政治",629,539,,,0,,,0,0
内蒙,2025,历史类,本科批,298,厦门大学,,历史,635,119,,,0,,,0,0
内蒙,2025,历史类,本科批,298,厦门大学,,"历史,政治",641,254,,,0,,,0,0
内蒙,2025,历史类,本科批,299,江苏大学,,历史,586,2287,,,0,,,0,0
内蒙,2025,历史类,本科批,3,中央民族大学,,历史,530,563,,,0,,,0,0
内蒙,2025,历史类,本科批,300,山东大学,,历史,620,228,,,0,,,0,0
内蒙,2025,历史类,本科批,300,山东大学,,"历史,政治",634,397,,,0,,,0,0
内蒙,2025,历史类,本科批,301,湖南大学,,历史,625,431,,,0,,,0,0
内蒙,2025,历史类,本科批,302,南开大学,,历史,648,119,,,0,,,0,0
内蒙,2025,历史类,本科批,303,天津大学,,历史,635,370,,,0,,,0,0
内蒙,2025,历史类,本科批,304,北京大学,,历史,675,12,,,0,,,0,0
内蒙,2025,历史类,本科批,305,武汉大学,,历史,652,85,,,0,,,0,0
内蒙,2025,历史类,本科批,305,武汉大学,,"历史,政治",649,141,,,0,,,0,0
内蒙,2025,历史类,本科批,306,济南大学,,历史,570,2531,,,0,,,0,0
内蒙,2025,历史类,本科批,307,北京师范大学,,历史,650,92,,,0,,,0,0
内蒙,2025,历史类,本科批,308,复旦大学,,历史,665,16,,,0,,,0,0
内蒙,2025,历史类,本科批,309,同济大学,,历史,645,177,,,0,,,0,0
内蒙,2025,历史类,本科批,309,同济大学,,"历史,政治",644,199,,,0,,,0,0
内蒙,2025,历史类,本科批,31,南京审计大学,,历史,594,1303,,,0,,,0,0
内蒙,2025,历史类,本科批,310,上海交通大学,,历史,654,31,,,0,,,0,0
内蒙,2025,历史类,本科批,311,华东理工大学,,历史,602,1353,,,0,,,0,0
内蒙,2025,历史类,本科批,312,中南大学,,历史,629,397,,,0,,,0,0
内蒙,2025,历史类,本科批,313,山东大学威海分校,,历史,629,510,,,0,,,0,0
内蒙,2025,历史类,本科批,314,唐山学院,,历史,521,7500,,,0,,,0,0
内蒙,2025,历史类,本科批,316,河北师范大学,,历史,579,2225,,,0,,,0,0
内蒙,2025,历史类,本科批,316,河北师范大学,,"历史,地理",569,3359,,,0,,,0,0
内蒙,2025,历史类,本科批,317,南京师范大学,,历史,606,1139,,,0,,,0,0
内蒙,2025,历史类,本科批,320,陕西师范大学,,历史,598,1669,,,0,,,0,0
内蒙,2025,历史类,本科批,321,东北师范大学,,历史,550,793,,,0,,,0,0
内蒙,2025,历史类,本科批,321,东北师范大学,,"历史,政治",609,1139,,,0,,,0,0
内蒙,2025,历史类,本科批,322,商丘师范学院,,历史,476,8753,,,0,,,0,0
内蒙,2025,历史类,本科批,322,商丘师范学院,,"历史,地理",489,11157,,,0,,,0,0
内蒙,2025,历史类,本科批,324,华中师范大学,,历史,601,1057,,,0,,,0,0
内蒙,2025,历史类,本科批,324,华中师范大学,,"历史,政治",618,859,,,0,,,0,0
内蒙,2025,历史类,本科批,325,云南师范大学,,历史,526,6432,,,0,,,0,0
内蒙,2025,历史类,本科批,327,苏州大学,,历史,620,723,,,0,,,0,0
内蒙,2025,历史类,本科批,327,苏州大学,,"历史,政治,地理",625,585,,,0,,,0,0
内蒙,2025,历史类,本科批,329,江西师范大学,,历史,583,2414,,,0,,,0,0
内蒙,2025,历史类,本科批,33,大连外国语大学,,历史,533,3627,,,0,,,0,0
内蒙,2025,历史类,本科批,33,大连外国语大学,,"历史,政治",553,3938,,,0,,,0,0
内蒙,2025,历史类,本科批,333,咸阳师范学院,,历史,507,9096,,,0,,,0,0
内蒙,2025,历史类,本科批,335,成都体育学院,,历史,511,2470,,,0,,,0,0
内蒙,2025,历史类,本科批,336,沈阳体育学院,,历史,496,8156,,,0,,,0,0
内蒙,2025,历史类,本科批,338,北京体育大学,,历史,595,1102,,,0,,,0,0
内蒙,2025,历史类,本科批,338,北京体育大学,,"历史,政治",603,1434,,,0,,,0,0
内蒙,2025,历史类,本科批,340,玉溪师范学院,,历史,485,11557,,,0,,,0,0
内蒙,2025,历史类,本科批,342,闽南理工学院,,历史,452,11557,,,0,,,0,0
内蒙,2025,历史类,本科批,343,齐齐哈尔大学,,历史,521,7012,,,0,,,0,0
内蒙,2025,历史类,本科批,346,长春工业大学,,历史,513,4273,,,0,,,0,0
内蒙,2025,历史类,本科批,349,长春建筑学院,,历史,433,17852,,,0,,,0,0
内蒙,2025,历史类,本科批,35,西南财经大学,,历史,609,480,,,0,,,0,0
内蒙,2025,历史类,本科批,353,曲靖师范学院,,历史,496,10130,,,0,,,0,0
内蒙,2025,历史类,本科批,354,上海海关学院,,历史,557,3359,,,0,,,0,0
内蒙,2025,历史类,本科批,356,长春科技学院,,历史,448,15378,,,0,,,0,0
内蒙,2025,历史类,本科批,358,成都信息工程大学,,历史,547,4823,,,0,,,0,0
内蒙,2025,历史类,本科批,36,牡丹江师范学院,,历史,473,10917,,,0,,,0,0
内蒙,2025,历史类,本科批,362,中国民用航空飞行学院,,历史,527,4175,,,0,,,0,0
内蒙,2025,历史类,本科批,362,中国民用航空飞行学院,,"历史,政治",576,2890,,,0,,,0,0
内蒙,2025,历史类,本科批,363,中国民航大学,,历史,578,1486,,,0,,,0,0
内蒙,2025,历史类,本科批,363,中国民航大学,,"历史,政治",590,2068,,,0,,,0,0
内蒙,2025,历史类,本科批,367,南昌理工学院,,历史,431,16617,,,0,,,0,0
内蒙,2025,历史类,本科批,368,北京第二外国语学院,,历史,573,2017,,,0,,,0,0
内蒙,2025,历史类,本科批,370,吉林动画学院,,历史,426,17309,,,0,,,0,0
内蒙,2025,历史类,本科批,371,河北科技学院,,历史,424,19778,,,0,,,0,0
内蒙,2025,历史类,本科批,373,北京印刷学院,,历史,533,2941,,,0,,,0,0
内蒙,2025,历史类,本科批,377,暨南大学,,历史,603,1139,,,0,,,0,0
内蒙,2025,历史类,本科批,378,华侨大学,,历史,542,2225,,,0,,,0,0
内蒙,2025,历史类,本科批,38,河北金融学院,,历史,396,7312,,,0,,,0,0
内蒙,2025,历史类,本科批,380,哈尔滨职业技术大学,,历史,473,13173,,,0,,,0,0
内蒙,2025,历史类,本科批,381,吉林财经大学,,历史,519,3007,,,0,,,0,0
内蒙,2025,历史类,本科批,384,华东政法大学,,历史,608,1057,,,0,,,0,0
内蒙,2025,历史类,本科批,390,中国药科大学,,历史,610,1139,,,0,,,0,0
内蒙,2025,历史类,本科批,394,郑州工业应用技术学院,,历史,453,15792,,,0,,,0,0
内蒙,2025,历史类,本科批,395,黄河科技学院,,历史,471,13173,,,0,,,0,0
内蒙,2025,历史类,本科批,399,北京中医药大学,,历史,601,160,,,0,,,0,0
内蒙,2025,历史类,本科批,4,西北民族大学,,历史,375,5002,,,0,,,0,0
内蒙,2025,历史类,本科批,4,西北民族大学,,"历史,政治",564,3705,,,0,,,0,0
内蒙,2025,历史类,本科批,404,湖南文理学院,,历史,527,6310,,,0,,,0,0
内蒙,2025,历史类,本科批,405,厦门理工学院,,历史,549,4355,,,0,,,0,0
内蒙,2025,历史类,本科批,406,井冈山大学,,历史,492,9451,,,0,,,0,0
内蒙,2025,历史类,本科批,409,江苏科技大学,,历史,587,2225,,,0,,,0,0
内蒙,2025,历史类,本科批,41,哈尔滨金融学院,,历史,497,5330,,,0,,,0,0
内蒙,2025,历史类,本科批,410,哈尔滨工程大学,,历史,599,1353,,,0,,,0,0
内蒙,2025,历史类,本科批,411,河南医药大学,,历史,459,14867,,,0,,,0,0
内蒙,2025,历史类,本科批,418,临沂大学,,历史,508,7617,,,0,,,0,0
内蒙,2025,历史类,本科批,42,安徽师范大学,,历史,546,2531,,,0,,,0,0
内蒙,2025,历史类,本科批,421,九江学院,,历史,474,12683,,,0,,,0,0
内蒙,2025,历史类,本科批,421,九江学院,,"历史,地理",498,10130,,,0,,,0,0
内蒙,2025,历史类,本科批,423,湖南理工学院,,历史,517,5963,,,0,,,0,0
内蒙,2025,历史类,本科批,424,桂林理工大学,,历史,492,10434,,,0,,,0,0
内蒙,2025,历史类,本科批,425,昆明理工大学,,历史,531,6528,,,0,,,0,0
内蒙,2025,历史类,本科批,427,北方工业大学,,历史,592,1756,,,0,,,0,0
内蒙,2025,历史类,本科批,428,江西理工大学,,历史,527,5244,,,0,,,0,0
内蒙,2025,历史类,本科批,429,长春师范大学,,历史,470,5498,,,0,,,0,0
内蒙,2025,历史类,本科批,430,长春工程学院,,历史,413,10321,,,0,,,0,0
内蒙,2025,历史类,本科批,431,大连科技学院,,历史,438,16073,,,0,,,0,0
内蒙,2025,历史类,本科批,435,中国石油大学(北京),,历史,604,1392,,,0,,,0,0
内蒙,2025,历史类,本科批,435,中国石油大学(北京),,"历史,政治",615,963,,,0,,,0,0
内蒙,2025,历史类,本科批,437,沈阳城市建设学院,,历史,432,18556,,,0,,,0,0
内蒙,2025,历史类,本科批,438,西安石油大学,,历史,527,6904,,,0,,,0,0
内蒙,2025,历史类,本科批,439,中国石油大学(华东),,历史,606,1182,,,0,,,0,0
内蒙,2025,历史类,本科批,44,宜春学院,,历史,534,6226,,,0,,,0,0
内蒙,2025,历史类,本科批,440,东北石油大学,,历史,575,2941,,,0,,,0,0
内蒙,2025,历史类,本科批,441,上海大学,,历史,605,923,,,0,,,0,0
内蒙,2025,历史类,本科批,446,三峡大学科技学院,,历史,486,10223,,,0,,,0,0
内蒙,2025,历史类,本科批,447,山东工商学院,,历史,467,4441,,,0,,,0,0
内蒙,2025,历史类,本科批,449,赣南科技学院,,历史,485,10223,,,0,,,0,0
内蒙,2025,历史类,本科批,45,重庆工商大学,,历史,562,3198,,,0,,,0,0
内蒙,2025,历史类,本科批,450,辽宁工程技术大学,,历史,520,5498,,,0,,,0,0
内蒙,2025,历史类,本科批,451,哈尔滨华德学院,,历史,425,19664,,,0,,,0,0
内蒙,2025,历史类,本科批,455,淮北师范大学,,历史,527,5498,,,0,,,0,0
内蒙,2025,历史类,本科批,455,淮北师范大学,,"历史,政治",557,4273,,,0,,,0,0
内蒙,2025,历史类,本科批,455,淮北师范大学,,"历史,政治,地理",578,2770,,,0,,,0,0
内蒙,2025,历史类,本科批,456,邢台学院,,历史,488,11307,,,0,,,0,0
内蒙,2025,历史类,本科批,457,黑龙江科技大学,,历史,494,6432,,,0,,,0,0
内蒙,2025,历史类,本科批,457,黑龙江科技大学,,"历史,政治",550,4823,,,0,,,0,0
内蒙,2025,历史类,本科批,459,运城学院,,历史,466,13438,,,0,,,0,0
内蒙,2025,历史类,本科批,46,天津商业大学,,历史,533,3558,,,0,,,0,0
内蒙,2025,历史类,本科批,461,华北科技学院,,历史,496,6622,,,0,,,0,0
内蒙,2025,历史类,本科批,463,中国矿业大学(徐州),,历史,599,1530,,,0,,,0,0
内蒙,2025,历史类,本科批,464,南华大学,,历史,554,2287,,,0,,,0,0
内蒙,2025,历史类,本科批,469,鞍山师范学院,,"历史,政治",545,5244,,,0,,,0,0
内蒙,2025,历史类,本科批,472,烟台理工学院,,历史,455,14602,,,0,,,0,0
内蒙,2025,历史类,本科批,478,湖北工业大学,,历史,589,2115,,,0,,,0,0
内蒙,2025,历史类,本科批,48,北京物资学院,,历史,549,2531,,,0,,,0,0
内蒙,2025,历史类,本科批,480,湖北师范大学,,历史,548,2470,,,0,,,0,0
内蒙,2025,历史类,本科批,482,青岛城市学院,,历史,443,12457,,,0,,,0,0
内蒙,2025,历史类,本科批,487,江西财经大学现代经济管理学院,,历史,464,12337,,,0,,,0,0
内蒙,2025,历史类,本科批,49,南京财经大学,,历史,569,2531,,,0,,,0,0
内蒙,2025,历史类,本科批,499,重庆移通学院,,历史,449,11442,,,0,,,0,0
内蒙,2025,历史类,本科批,5,北方民族大学,,历史,492,5002,,,0,,,0,0
内蒙,2025,历史类,本科批,5,北方民族大学,,"历史,政治",560,4018,,,0,,,0,0
内蒙,2025,历史类,本科批,50,安庆师范大学,,"历史,地理",522,7390,,,0,,,0,0
内蒙,2025,历史类,本科批,500,吉林医药学院,,历史,481,12211,,,0,,,0,0
内蒙,2025,历史类,本科批,502,江苏海洋大学,,历史,522,2941,,,0,,,0,0
内蒙,2025,历史类,本科批,503,电子科技大学成都学院,,历史,470,12211,,,0,,,0,0
内蒙,2025,历史类,本科批,509,成都文理学院,,历史,481,12211,,,0,,,0,0
内蒙,2025,历史类,本科批,51,兰州财经大学,,历史,527,5172,,,0,,,0,0
内蒙,2025,历史类,本科批,51,兰州财经大学,,"历史,地理",502,9663,,,0,,,0,0
内蒙,2025,历史类,本科批,510,湖州师范学院,,历史,506,6904,,,0,,,0,0
内蒙,2025,历史类,本科批,514,西安思源学院,,历史,443,15264,,,0,,,0,0
内蒙,2025,历史类,本科批,52,安徽财经大学,,历史,549,2890,,,0,,,0,0
内蒙,2025,历史类,本科批,522,首都经济贸易大学,,历史,589,2115,,,0,,,0,0
内蒙,2025,历史类,本科批,523,北京农学院,,历史,533,6310,,,0,,,0,0
内蒙,2025,历史类,本科批,525,北京工业大学,,历史,604,1392,,,0,,,0,0
内蒙,2025,历史类,本科批,527,重庆文理学院,,历史,489,11157,,,0,,,0,0
内蒙,2025,历史类,本科批,527,重庆文理学院,,"历史,生物",495,10434,,,0,,,0,0
内蒙,2025,历史类,本科批,528,北京城市学院,,历史,452,10434,,,0,,,0,0
内蒙,2025,历史类,本科批,529,首都师范大学,,历史,595,1257,,,0,,,0,0
内蒙,2025,历史类,本科批,53,河南工业大学,,历史,529,3119,,,0,,,0,0
内蒙,2025,历史类,本科批,530,北京联合大学,,历史,549,1868,,,0,,,0,0
内蒙,2025,历史类,本科批,531,梧州学院,,历史,465,13946,,,0,,,0,0
内蒙,2025,历史类,本科批,532,商洛学院,,"历史,地理",492,10794,,,0,,,0,0
内蒙,2025,历史类,本科批,535,湖北中医药大学,,历史,529,1570,,,0,,,0,0
内蒙,2025,历史类,本科批,54,哈尔滨商业大学,,历史,519,5172,,,0,,,0,0
内蒙,2025,历史类,本科批,541,陕西理工大学,,历史,526,4823,,,0,,,0,0
内蒙,2025,历史类,本科批,546,西华大学,,历史,532,4823,,,0,,,0,0
内蒙,2025,历史类,本科批,546,西华大学,,"历史,政治",571,3198,,,0,,,0,0
内蒙,2025,历史类,本科批,547,内江师范学院,,历史,529,6226,,,0,,,0,0
内蒙,2025,历史类,本科批,548,绵阳师范学院,,历史,479,7617,,,0,,,0,0
内蒙,2025,历史类,本科批,548,绵阳师范学院,,"历史,地理",513,8397,,,0,,,0,0
内蒙,2025,历史类,本科批,548,绵阳师范学院,,"历史,政治",527,6904,,,0,,,0,0
内蒙,2025,历史类,本科批,549,黑龙江东方学院,,历史,465,14211,,,0,,,0,0
内蒙,2025,历史类,本科批,551,天津外国语大学,,历史,550,2353,,,0,,,0,0
内蒙,2025,历史类,本科批,551,天津外国语大学,,"历史,政治",572,2414,,,0,,,0,0
内蒙,2025,历史类,本科批,552,天津体育学院,,历史,520,6904,,,0,,,0,0
内蒙,2025,历史类,本科批,553,天津城建大学,,历史,519,6904,,,0,,,0,0
内蒙,2025,历史类,本科批,556,天津财经大学,,历史,561,3198,,,0,,,0,0
内蒙,2025,历史类,本科批,56,山西财经大学,,历史,548,2414,,,0,,,0,0
内蒙,2025,历史类,本科批,56,山西财经大学,,"历史,地理",541,5582,,,0,,,0,0
内蒙,2025,历史类,本科批,561,天津天狮学院,,历史,445,15009,,,0,,,0,0
内蒙,2025,历史类,本科批,562,天津师范大学,,历史,542,2646,,,0,,,0,0
内蒙,2025,历史类,本科批,562,天津师范大学,,"历史,地理",579,2713,,,0,,,0,0
内蒙,2025,历史类,本科批,563,天津农学院,,历史,480,6045,,,0,,,0,0
内蒙,2025,历史类,本科批,564,天津中医药大学,,历史,564,3198,,,0,,,0,0
内蒙,2025,历史类,本科批,576,湖南科技学院,,历史,484,9216,,,0,,,0,0
内蒙,2025,历史类,本科批,578,上海师范大学天华学院,,历史,456,15378,,,0,,,0,0
内蒙,2025,历史类,本科批,58,中华女子学院,,历史,527,4741,,,0,,,0,0
内蒙,2025,历史类,本科批,580,河北科技师范学院,,历史,520,6432,,,0,,,0,0
内蒙,2025,历史类,本科批,581,河北医科大学,,"历史,生物",510,8753,,,0,,,0,0
内蒙,2025,历史类,本科批,582,萍乡学院,,历史,513,7846,,,0,,,0,0
内蒙,2025,历史类,本科批,585,西安明德理工学院,,历史,449,16073,,,0,,,0,0
内蒙,2025,历史类,本科批,59,中国劳动关系学院,,历史,560,2588,,,0,,,0,0
内蒙,2025,历史类,本科批,59,中国劳动关系学院,,"历史,政治",555,2890,,,0,,,0,0
内蒙,2025,历史类,本科批,590,河南农业大学,,历史,541,5330,,,0,,,0,0
内蒙,2025,历史类,本科批,591,贵州大学,,历史,586,1814,,,0,,,0,0
内蒙,2025,历史类,本科批,592,大理大学,,历史,505,7214,,,0,,,0,0
内蒙,2025,历史类,本科批,594,河南大学,,历史,564,2890,,,0,,,0,0
内蒙,2025,历史类,本科批,595,河南中医药大学,,历史,531,2068,,,0,,,0,0
内蒙,2025,历史类,本科批,596,洛阳理工学院,,历史,491,7312,,,0,,,0,0
内蒙,2025,历史类,本科批,598,许昌学院,,历史,505,8638,,,0,,,0,0
内蒙,2025,历史类,本科批,598,许昌学院,,"历史,政治",519,7742,,,0,,,0,0
内蒙,2025,历史类,本科批,599,郑州工程技术学院,,历史,516,8050,,,0,,,0,0
内蒙,2025,历史类,本科批,6,西南民族大学,,历史,476,2941,,,0,,,0,0
内蒙,2025,历史类,本科批,602,河南城建学院,,历史,476,12798,,,0,,,0,0
内蒙,2025,历史类,本科批,603,温州大学,,历史,598,1669,,,0,,,0,0
内蒙,2025,历史类,本科批,605,郑州大学,,历史,607,1028,,,0,,,0,0
内蒙,2025,历史类,本科批,607,西安文理学院,,历史,545,4741,,,0,,,0,0
内蒙,2025,历史类,本科批,609,阜阳师范大学,,历史,518,6528,,,0,,,0,0
内蒙,2025,历史类,本科批,61,对外经济贸易大学,,历史,630,254,,,0,,,0,0
内蒙,2025,历史类,本科批,611,江西科技师范大学,,历史,504,5406,,,0,,,0,0
内蒙,2025,历史类,本科批,612,山东科技大学,,历史,599,1612,,,0,,,0,0
内蒙,2025,历史类,本科批,614,陕西国际商贸学院,,历史,446,16205,,,0,,,0,0
内蒙,2025,历史类,本科批,616,陕西服装工程学院,,历史,430,16073,,,0,,,0,0
内蒙,2025,历史类,本科批,617,齐鲁工业大学,,历史,548,4515,,,0,,,0,0
内蒙,2025,历史类,本科批,619,山东第一医科大学,,历史,524,7214,,,0,,,0,0
内蒙,2025,历史类,本科批,62,上海海洋大学,,历史,580,2646,,,0,,,0,0
内蒙,2025,历史类,本科批,621,西南科技大学,,历史,568,2470,,,0,,,0,0
内蒙,2025,历史类,本科批,627,集美大学,,历史,552,4273,,,0,,,0,0
内蒙,2025,历史类,本科批,628,湖南城市学院,,历史,498,9326,,,0,,,0,0
内蒙,2025,历史类,本科批,628,湖南城市学院,,"历史,政治",518,7846,,,0,,,0,0
内蒙,2025,历史类,本科批,63,聊城大学,,历史,558,4175,,,0,,,0,0
内蒙,2025,历史类,本科批,63,聊城大学,,"历史,政治",552,4658,,,0,,,0,0
内蒙,2025,历史类,本科批,630,河北大学,,历史,547,3705,,,0,,,0,0
内蒙,2025,历史类,本科批,631,河北工业大学,,历史,527,1057,,,0,,,0,0
内蒙,2025,历史类,本科批,631,河北工业大学,,"历史,政治",541,5582,,,0,,,0,0
内蒙,2025,历史类,本科批,632,华北理工大学,,历史,547,5092,,,0,,,0,0
内蒙,2025,历史类,本科批,632,华北理工大学,,"历史,生物",541,5582,,,0,,,0,0
内蒙,2025,历史类,本科批,639,廊坊师范学院,,历史,484,7846,,,0,,,0,0
内蒙,2025,历史类,本科批,644,衡水学院,,历史,365,11442,,,0,,,0,0
内蒙,2025,历史类,本科批,644,衡水学院,,"历史,政治",419,9663,,,0,,,0,0
内蒙,2025,历史类,本科批,645,河北经贸大学,,历史,521,5498,,,0,,,0,0
内蒙,2025,历史类,本科批,646,武汉城市学院,,历史,444,13551,,,0,,,0,0
内蒙,2025,历史类,本科批,65,湖南农业大学,,历史,550,4087,,,0,,,0,0
内蒙,2025,历史类,本科批,651,山东师范大学,,历史,571,3198,,,0,,,0,0
内蒙,2025,历史类,本科批,652,沧州师范学院,,历史,478,11307,,,0,,,0,0
内蒙,2025,历史类,本科批,654,新余学院,,历史,478,9554,,,0,,,0,0
内蒙,2025,历史类,本科批,659,上饶师范学院,,历史,481,6622,,,0,,,0,0
内蒙,2025,历史类,本科批,66,华中农业大学,,历史,595,1570,,,0,,,0,0
内蒙,2025,历史类,本科批,666,信阳师范大学,,历史,505,9326,,,0,,,0,0
内蒙,2025,历史类,本科批,668,哈尔滨师范大学,,历史,530,4087,,,0,,,0,0
内蒙,2025,历史类,本科批,668,哈尔滨师范大学,,"历史,化学",437,17992,,,0,,,0,0
内蒙,2025,历史类,本科批,68,山东航空学院,,历史,538,5870,,,0,,,0,0
内蒙,2025,历史类,本科批,680,山西农业大学,,历史,508,7117,,,0,,,0,0
内蒙,2025,历史类,本科批,680,山西农业大学,,"历史,政治",510,7500,,,0,,,0,0
内蒙,2025,历史类,本科批,681,无锡学院,,历史,564,3705,,,0,,,0,0
内蒙,2025,历史类,本科批,683,武汉生物工程学院,,历史,452,15670,,,0,,,0,0
内蒙,2025,历史类,本科批,684,南昌大学科学技术学院,,历史,454,15526,,,0,,,0,0
内蒙,2025,历史类,本科批,687,湖北理工学院,,历史,520,7617,,,0,,,0,0
内蒙,2025,历史类,本科批,687,湖北理工学院,,"历史,生物",502,9663,,,0,,,0,0
内蒙,2025,历史类,本科批,690,黄冈师范学院,,历史,534,6226,,,0,,,0,0
内蒙,2025,历史类,本科批,695,湖南工学院,,历史,489,8753,,,0,,,0,0
内蒙,2025,历史类,本科批,696,邵阳学院,,历史,482,8397,,,0,,,0,0
内蒙,2025,历史类,本科批,698,南京审计大学金审学院,,历史,523,5762,,,0,,,0,0
内蒙,2025,历史类,本科批,699,湖南女子学院,,历史,473,12457,,,0,,,0,0
内蒙,2025,历史类,本科批,7,中南民族大学,,历史,556,1966,,,0,,,0,0
内蒙,2025,历史类,本科批,7,中南民族大学,,"历史,政治",592,1966,,,0,,,0,0
内蒙,2025,历史类,本科批,701,吉首大学,,历史,481,6717,,,0,,,0,0
内蒙,2025,历史类,本科批,702,湘潭大学,,历史,578,1814,,,0,,,0,0
内蒙,2025,历史类,本科批,703,湖南工商大学,,历史,558,4175,,,0,,,0,0
内蒙,2025,历史类,本科批,704,天津商业大学宝德学院,,历史,443,11307,,,0,,,0,0
内蒙,2025,历史类,本科批,705,聊城大学东昌学院,,历史,455,15526,,,0,,,0,0
内蒙,2025,历史类,本科批,71,西南大学,,历史,583,1182,,,0,,,0,0
内蒙,2025,历史类,本科批,71,西南大学,,"历史,地理",610,1139,,,0,,,0,0
内蒙,2025,历史类,本科批,711,山西大学,,历史,582,1717,,,0,,,0,0
内蒙,2025,历史类,本科批,711,山西大学,,"历史,政治",581,2165,,,0,,,0,0
内蒙,2025,历史类,本科批,712,山西师范大学,,历史,528,5002,,,0,,,0,0
内蒙,2025,历史类,本科批,713,山西医科大学,,历史,518,4175,,,0,,,0,0
内蒙,2025,历史类,本科批,713,山西医科大学,,"历史,生物",509,8857,,,0,,,0,0
内蒙,2025,历史类,本科批,716,大连艺术学院,,历史,428,17852,,,0,,,0,0
内蒙,2025,历史类,本科批,719,太原学院,,历史,417,9663,,,0,,,0,0
内蒙,2025,历史类,本科批,723,山西应用科技学院,,历史,445,16894,,,0,,,0,0
内蒙,2025,历史类,本科批,724,西安信息职业大学,,历史,437,16333,,,0,,,0,0
内蒙,2025,历史类,本科批,728,山西中医药大学,,历史,566,3198,,,0,,,0,0
内蒙,2025,历史类,本科批,729,太原师范学院,,历史,519,6717,,,0,,,0,0
内蒙,2025,历史类,本科批,729,太原师范学院,,"历史,地理",507,8857,,,0,,,0,0
内蒙,2025,历史类,本科批,729,太原师范学院,,"历史,政治",533,5870,,,0,,,0,0
内蒙,2025,历史类,本科批,73,中国农业大学,,历史,597,446,,,0,,,0,0
内蒙,2025,历史类,本科批,730,潍坊科技学院,,历史,459,15009,,,0,,,0,0
内蒙,2025,历史类,本科批,733,武汉华夏理工学院,,历史,445,15131,,,0,,,0,0
内蒙,2025,历史类,本科批,737,烟台大学,,历史,485,3627,,,0,,,0,0
内蒙,2025,历史类,本科批,738,青岛大学,,历史,570,2646,,,0,,,0,0
内蒙,2025,历史类,本科批,739,青岛滨海学院,,历史,427,14867,,,0,,,0,0
内蒙,2025,历史类,本科批,74,西北农林科技大学,,历史,604,1219,,,0,,,0,0
内蒙,2025,历史类,本科批,741,山东农业大学,,历史,508,6904,,,0,,,0,0
内蒙,2025,历史类,本科批,744,桂林旅游学院,,历史,487,10917,,,0,,,0,0
内蒙,2025,历史类,本科批,746,广西科技大学,,历史,498,10130,,,0,,,0,0
内蒙,2025,历史类,本科批,749,云南大学,,历史,581,2115,,,0,,,0,0
内蒙,2025,历史类,本科批,749,云南大学,,"历史,政治",600,1006,,,0,,,0,0
内蒙,2025,历史类,本科批,749,云南大学,,"历史,政治,地理",594,1868,,,0,,,0,0
内蒙,2025,历史类,本科批,75,塔里木大学,,历史,486,11442,,,0,,,0,0
内蒙,2025,历史类,本科批,75,塔里木大学,,"历史,政治",509,8857,,,0,,,0,0
内蒙,2025,历史类,本科批,750,西安科技大学高新学院,,历史,435,18135,,,0,,,0,0
内蒙,2025,历史类,本科批,751,内蒙古大学,,历史,416,1353,,,0,,,0,0
内蒙,2025,历史类,本科批,751,内蒙古大学,,"历史,政治",462,1868,,,0,,,0,0
内蒙,2025,历史类,本科批,752,内蒙古师范大学,,历史,362,3777,,,0,,,0,0
内蒙,2025,历史类,本科批,752,内蒙古师范大学,,"历史,政治",451,4018,,,0,,,0,0
内蒙,2025,历史类,本科批,753,内蒙古工业大学,,历史,399,4441,,,0,,,0,0
内蒙,2025,历史类,本科批,754,内蒙古财经大学,,历史,374,3359,,,0,,,0,0
内蒙,2025,历史类,本科批,754,内蒙古财经大学,,"历史,地理",503,9554,,,0,,,0,0
内蒙,2025,历史类,本科批,755,内蒙古农业大学,,历史,363,5498,,,0,,,0,0
内蒙,2025,历史类,本科批,757,内蒙古科技大学包头师范学院,,历史,349,7930,,,0,,,0,0
内蒙,2025,历史类,本科批,757,内蒙古科技大学包头师范学院,,"历史,政治",531,6528,,,0,,,0,0
内蒙,2025,历史类,本科批,758,内蒙古医科大学,,历史,445,3412,,,0,,,0,0
内蒙,2025,历史类,本科批,758,内蒙古医科大学,,"历史,政治,地理",494,10554,,,0,,,0,0
内蒙,2025,历史类,本科批,759,内蒙古科技大学包头医学院,,历史,542,5172,,,0,,,0,0
内蒙,2025,历史类,本科批,759,内蒙古科技大学包头医学院,,"历史,政治",519,7742,,,0,,,0,0
内蒙,2025,历史类,本科批,759,内蒙古科技大学包头医学院,,"历史,生物,政治",465,14211,,,0,,,0,0
内蒙,2025,历史类,本科批,76,石河子大学,,历史,554,3777,,,0,,,0,0
内蒙,2025,历史类,本科批,760,绵阳城市学院,,历史,450,15938,,,0,,,0,0
内蒙,2025,历史类,本科批,761,内蒙古民族大学,,历史,353,7500,,,0,,,0,0
内蒙,2025,历史类,本科批,761,内蒙古民族大学,,"历史,政治",533,6310,,,0,,,0,0
内蒙,2025,历史类,本科批,761,内蒙古民族大学,,"历史,生物",504,9451,,,0,,,0,0
内蒙,2025,历史类,本科批,764,内蒙古科技大学,,历史,360,5406,,,0,,,0,0
内蒙,2025,历史类,本科批,764,内蒙古科技大学,,"历史,政治",529,6717,,,0,,,0,0
内蒙,2025,历史类,本科批,765,集宁师范学院,,历史,319,11038,,,0,,,0,0
内蒙,2025,历史类,本科批,765,集宁师范学院,,"历史,地理",480,11943,,,0,,,0,0
内蒙,2025,历史类,本科批,765,集宁师范学院,,"历史,政治",487,10554,,,0,,,0,0
内蒙,2025,历史类,本科批,766,呼伦贝尔学院,,历史,319,10794,,,0,,,0,0
内蒙,2025,历史类,本科批,766,呼伦贝尔学院,,"历史,地理",481,12211,,,0,,,0,0
内蒙,2025,历史类,本科批,766,呼伦贝尔学院,,"历史,政治",489,10321,,,0,,,0,0
内蒙,2025,历史类,本科批,767,赤峰学院,,历史,324,7742,,,0,,,0,0
内蒙,2025,历史类,本科批,767,赤峰学院,,"历史,地理",346,11157,,,0,,,0,0
内蒙,2025,历史类,本科批,767,赤峰学院,,"历史,政治",364,8638,,,0,,,0,0
内蒙,2025,历史类,本科批,768,呼和浩特民族学院,,历史,319,8397,,,0,,,0,0
内蒙,2025,历史类,本科批,768,呼和浩特民族学院,,"历史,政治",380,10321,,,0,,,0,0
内蒙,2025,历史类,本科批,771,内蒙古建筑职业技术大学,,历史,438,16617,,,0,,,0,0
内蒙,2025,历史类,本科批,772,河套学院,,历史,319,13311,,,0,,,0,0
内蒙,2025,历史类,本科批,772,河套学院,,"历史,政治,地理",469,12211,,,0,,,0,0
内蒙,2025,历史类,本科批,773,内蒙古警察学院,,历史,538,5870,,,0,,,0,0
内蒙,2025,历史类,本科批,775,兴安职业技术大学,,历史,427,18135,,,0,,,0,0
内蒙,2025,历史类,本科批,78,华南农业大学,,历史,533,5582,,,0,,,0,0
内蒙,2025,历史类,本科批,787,天津财经大学珠江学院,,历史,458,14602,,,0,,,0,0
内蒙,2025,历史类,本科批,791,广西民族大学,,历史,542,4823,,,0,,,0,0
内蒙,2025,历史类,本科批,791,广西民族大学,,"历史,政治",531,6528,,,0,,,0,0
内蒙,2025,历史类,本科批,796,广州中医药大学,,历史,556,1057,,,0,,,0,0
内蒙,2025,历史类,本科批,796,广州中医药大学,,"历史,生物",548,5002,,,0,,,0,0
内蒙,2025,历史类,本科批,798,广西师范大学,,历史,514,7846,,,0,,,0,0
内蒙,2025,历史类,本科批,798,广西师范大学,,"历史,政治",557,4273,,,0,,,0,0
内蒙,2025,历史类,本科批,80,南京林业大学,,历史,574,2827,,,0,,,0,0
内蒙,2025,历史类,本科批,801,辽宁大学,,历史,530,1182,,,0,,,0,0
内蒙,2025,历史类,本科批,802,辽宁工业大学,,历史,462,14602,,,0,,,0,0
内蒙,2025,历史类,本科批,803,沈阳音乐学院,,历史,512,8528,,,0,,,0,0
内蒙,2025,历史类,本科批,808,辽宁对外经贸学院,,历史,421,18943,,,0,,,0,0
内蒙,2025,历史类,本科批,810,沈阳师范大学,,历史,471,10794,,,0,,,0,0
内蒙,2025,历史类,本科批,819,朝阳师范学院,,历史,473,13173,,,0,,,0,0
内蒙,2025,历史类,本科批,82,北京林业大学,,历史,606,1139,,,0,,,0,0
内蒙,2025,历史类,本科批,82,北京林业大学,,"历史,地理",606,1303,,,0,,,0,0
内蒙,2025,历史类,本科批,820,渤海大学,,历史,495,6310,,,0,,,0,0
内蒙,2025,历史类,本科批,820,渤海大学,,"历史,政治",546,5172,,,0,,,0,0
内蒙,2025,历史类,本科批,823,大连大学,,历史,531,3627,,,0,,,0,0
内蒙,2025,历史类,本科批,824,沈阳医学院,,"历史,生物",507,9096,,,0,,,0,0
内蒙,2025,历史类,本科批,83,东北林业大学,,历史,571,1914,,,0,,,0,0
内蒙,2025,历史类,本科批,83,东北林业大学,,"历史,政治",589,1717,,,0,,,0,0
内蒙,2025,历史类,本科批,832,长春大学,,历史,425,8971,,,0,,,0,0
内蒙,2025,历史类,本科批,835,吉林体育学院,,历史,477,12683,,,0,,,0,0
内蒙,2025,历史类,本科批,836,吉林建筑科技学院,,历史,428,16471,,,0,,,0,0
内蒙,2025,历史类,本科批,837,延边大学,,历史,456,3119,,,0,,,0,0
内蒙,2025,历史类,本科批,838,长春工业大学人文信息学院,,历史,430,15378,,,0,,,0,0
内蒙,2025,历史类,本科批,840,吉林农业大学,,历史,398,6801,,,0,,,0,0
内蒙,2025,历史类,本科批,842,吉林工程技术师范学院,,历史,471,11943,,,0,,,0,0
内蒙,2025,历史类,本科批,844,华南师范大学,,历史,603,1257,,,0,,,0,0
内蒙,2025,历史类,本科批,844,华南师范大学,,"历史,政治",605,1353,,,0,,,0,0
内蒙,2025,历史类,本科批,846,北华大学,,历史,495,9451,,,0,,,0,0
内蒙,2025,历史类,本科批,846,北华大学,,"历史,政治",546,5172,,,0,,,0,0
内蒙,2025,历史类,本科批,847,岭南师范学院,,历史,515,7617,,,0,,,0,0
内蒙,2025,历史类,本科批,848,吉林艺术学院,,历史,449,16333,,,0,,,0,0
内蒙,2025,历史类,本科批,85,韩山师范学院,,历史,494,10130,,,0,,,0,0
内蒙,2025,历史类,本科批,851,吉林师范大学,,历史,477,4087,,,0,,,0,0
内蒙,2025,历史类,本科批,851,吉林师范大学,,"历史,政治",552,4658,,,0,,,0,0
内蒙,2025,历史类,本科批,852,白城师范学院,,历史,463,9096,,,0,,,0,0
内蒙,2025,历史类,本科批,852,白城师范学院,,"历史,政治",517,7930,,,0,,,0,0
内蒙,2025,历史类,本科批,853,肇庆学院,,历史,502,9663,,,0,,,0,0
内蒙,2025,历史类,本科批,854,吉林农业科技学院,,历史,475,11683,,,0,,,0,0
内蒙,2025,历史类,本科批,854,吉林农业科技学院,,"历史,生物",473,13173,,,0,,,0,0
内蒙,2025,历史类,本科批,857,喀什大学,,历史,487,9216,,,0,,,0,0
内蒙,2025,历史类,本科批,858,吉林外国语大学,,历史,432,15264,,,0,,,0,0
内蒙,2025,历史类,本科批,858,吉林外国语大学,,"历史,政治",449,16333,,,0,,,0,0
内蒙,2025,历史类,本科批,86,广东财经大学,,历史,583,2287,,,0,,,0,0
内蒙,2025,历史类,本科批,861,青岛黄海学院,,历史,480,12337,,,0,,,0,0
内蒙,2025,历史类,本科批,861,青岛黄海学院,,"历史,生物",449,16333,,,0,,,0,0
内蒙,2025,历史类,本科批,867,武昌理工学院,,历史,488,10655,,,0,,,0,0
内蒙,2025,历史类,本科批,868,湖北民族大学,,历史,514,8270,,,0,,,0,0
内蒙,2025,历史类,本科批,868,湖北民族大学,,"历史,政治",531,6528,,,0,,,0,0
内蒙,2025,历史类,本科批,873,黑龙江工业学院,,历史,471,12211,,,0,,,0,0
内蒙,2025,历史类,本科批,873,黑龙江工业学院,,"历史,政治",493,10655,,,0,,,0,0
内蒙,2025,历史类,本科批,874,黑龙江八一农垦大学,,历史,504,7390,,,0,,,0,0
内蒙,2025,历史类,本科批,875,黑龙江大学,,历史,538,3938,,,0,,,0,0
内蒙,2025,历史类,本科批,875,黑龙江大学,,"历史,政治",572,3119,,,0,,,0,0
内蒙,2025,历史类,本科批,876,黑河学院,,历史,467,12457,,,0,,,0,0
内蒙,2025,历史类,本科批,877,东北农业大学,,历史,552,1868,,,0,,,0,0
内蒙,2025,历史类,本科批,879,黑龙江中医药大学,,历史,592,1966,,,0,,,0,0
内蒙,2025,历史类,本科批,879,黑龙江中医药大学,,"历史,生物",524,7214,,,0,,,0,0
内蒙,2025,历史类,本科批,881,黑龙江工程学院,,历史,488,10917,,,0,,,0,0
内蒙,2025,历史类,本科批,882,佳木斯大学,,历史,507,7390,,,0,,,0,0
内蒙,2025,历史类,本科批,885,南京工业职业技术大学,,历史,499,8971,,,0,,,0,0
内蒙,2025,历史类,本科批,887,四川外国语大学,,历史,557,2588,,,0,,,0,0
内蒙,2025,历史类,本科批,887,四川外国语大学,,"历史,政治",563,3777,,,0,,,0,0
内蒙,2025,历史类,本科批,89,保定学院,,历史,500,7312,,,0,,,0,0
内蒙,2025,历史类,本科批,89,保定学院,,"历史,地理",488,11307,,,0,,,0,0
内蒙,2025,历史类,本科批,89,保定学院,,"历史,政治",528,6801,,,0,,,0,0
内蒙,2025,历史类,本科批,891,黑龙江外国语学院,,历史,418,20570,,,0,,,0,0
内蒙,2025,历史类,本科批,892,绥化学院,,历史,470,11557,,,0,,,0,0
内蒙,2025,历史类,本科批,892,绥化学院,,"历史,地理",482,12064,,,0,,,0,0
内蒙,2025,历史类,本科批,897,北京信息科技大学,,历史,600,1570,,,0,,,0,0
内蒙,2025,历史类,本科批,899,重庆财经学院,,历史,464,9096,,,0,,,0,0
内蒙,2025,历史类,本科批,90,重庆人文科技学院,,历史,458,14338,,,0,,,0,0
内蒙,2025,历史类,本科批,900,上海理工大学,,历史,589,1966,,,0,,,0,0
内蒙,2025,历史类,本科批,903,上海第二工业大学,,历史,537,4441,,,0,,,0,0
内蒙,2025,历史类,本科批,908,宁波大学,,历史,581,1434,,,0,,,0,0
内蒙,2025,历史类,本科批,91,新乡学院,,历史,480,11557,,,0,,,0,0
内蒙,2025,历史类,本科批,910,南京艺术学院,,历史,528,3777,,,0,,,0,0
内蒙,2025,历史类,本科批,911,扬州大学,,历史,587,1966,,,0,,,0,0
内蒙,2025,历史类,本科批,917,南京特殊教育师范学院,,历史,510,5092,,,0,,,0,0
内蒙,2025,历史类,本科批,920,安徽大学,,历史,586,1570,,,0,,,0,0
内蒙,2025,历史类,本科批,924,重庆工商大学派斯学院,,历史,465,14211,,,0,,,0,0
内蒙,2025,历史类,本科批,925,海南大学,,历史,541,1434,,,0,,,0,0
内蒙,2025,历史类,本科批,925,海南大学,,"历史,政治",592,1966,,,0,,,0,0
内蒙,2025,历史类,本科批,926,海口经济学院,,历史,418,19664,,,0,,,0,0
内蒙,2025,历史类,本科批,927,海南师范大学,,历史,480,6134,,,0,,,0,0
内蒙,2025,历史类,本科批,927,海南师范大学,,"历史,地理",536,6045,,,0,,,0,0
内蒙,2025,历史类,本科批,927,海南师范大学,,"历史,政治",535,6134,,,0,,,0,0
内蒙,2025,历史类,本科批,935,南昌大学,,历史,579,2068,,,0,,,0,0
内蒙,2025,历史类,本科批,936,江西科技学院,,历史,430,16745,,,0,,,0,0
内蒙,2025,历史类,本科批,94,河北民族师范学院,,历史,477,9451,,,0,,,0,0
内蒙,2025,历史类,本科批,940,榆林学院,,历史,486,7012,,,0,,,0,0
内蒙,2025,历史类,本科批,941,西北大学,,历史,601,1139,,,0,,,0,0
内蒙,2025,历史类,本科批,942,西安外国语大学,,历史,551,3412,,,0,,,0,0
内蒙,2025,历史类,本科批,942,西安外国语大学,,"历史,政治",575,2827,,,0,,,0,0
内蒙,2025,历史类,本科批,943,西安音乐学院,,历史,518,7846,,,0,,,0,0
内蒙,2025,历史类,本科批,945,西安外事学院,,历史,438,15938,,,0,,,0,0
内蒙,2025,历史类,本科批,948,西安欧亚学院,,历史,443,14211,,,0,,,0,0
内蒙,2025,历史类,本科批,949,西京学院,,历史,463,12570,,,0,,,0,0
内蒙,2025,历史类,本科批,95,沈阳工业大学,,历史,491,9784,,,0,,,0,0
内蒙,2025,历史类,本科批,950,西安培华学院,,历史,450,11442,,,0,,,0,0
内蒙,2025,历史类,本科批,950,西安培华学院,,"历史,生物",476,12798,,,0,,,0,0
内蒙,2025,历史类,本科批,951,西安翻译学院,,历史,430,14867,,,0,,,0,0
内蒙,2025,历史类,本科批,953,渭南师范学院,,"历史,政治",529,6717,,,0,,,0,0
内蒙,2025,历史类,本科批,955,甘肃农业大学,,历史,493,10655,,,0,,,0,0
内蒙,2025,历史类,本科批,957,甘肃政法大学,,历史,569,2713,,,0,,,0,0
内蒙,2025,历史类,本科批,957,甘肃政法大学,,"历史,政治",551,4584,,,0,,,0,0
内蒙,2025,历史类,本科批,958,西北师范大学,,历史,485,3855,,,0,,,0,0
内蒙,2025,历史类,本科批,958,西北师范大学,,"历史,政治",550,2827,,,0,,,0,0
内蒙,2025,历史类,本科批,961,青海大学,,历史,406,22067,,,0,,,0,0
内蒙,2025,历史类,本科批,962,青海民族大学,,历史,347,19905,,,0,,,0,0
内蒙,2025,历史类,本科批,963,青海师范大学,,历史,387,21468,,,0,,,0,0
内蒙,2025,历史类,本科批,964,上海立信会计金融学院,,历史,579,1966,,,0,,,0,0
内蒙,2025,历史类,本科批,966,潍坊学院,,历史,482,6622,,,0,,,0,0
内蒙,2025,历史类,本科批,966,潍坊学院,,"历史,政治",550,4823,,,0,,,0,0
内蒙,2025,历史类,本科批,968,浙江科技大学,,历史,543,5244,,,0,,,0,0
内蒙,2025,历史类,本科批,971,广州大学,,历史,575,2531,,,0,,,0,0
内蒙,2025,历史类,本科批,971,广州大学,,"历史,地理",577,2827,,,0,,,0,0
内蒙,2025,历史类,本科批,972,宁夏大学,,历史,565,1717,,,0,,,0,0
内蒙,2025,历史类,本科批,973,宁夏理工学院,,历史,438,16471,,,0,,,0,0
内蒙,2025,历史类,本科批,973,宁夏理工学院,,"历史,政治",462,14602,,,0,,,0,0
内蒙,2025,历史类,本科批,976,海南热带海洋学院,,历史,420,11307,,,0,,,0,0
内蒙,2025,历史类,本科批,976,海南热带海洋学院,,"历史,政治",493,10223,,,0,,,0,0
内蒙,2025,历史类,本科批,981,新疆大学,,历史,555,2470,,,0,,,0,0
内蒙,2025,历史类,本科批,982,新疆师范大学,,历史,515,5498,,,0,,,0,0
内蒙,2025,历史类,本科批,982,新疆师范大学,,"历史,政治",553,4584,,,0,,,0,0
内蒙,2025,历史类,本科批,989,五邑大学,,历史,562,3855,,,0,,,0,0
内蒙,2025,历史类,本科批,99,哈尔滨理工大学,,历史,519,4741,,,0,,,0,0
内蒙,2025,历史类,本科批,992,昆明学院,,历史,482,9451,,,0,,,0,0
内蒙,2025,历史类,本科批,992,昆明学院,,"历史,政治",519,7742,,,0,,,0,0
内蒙,2025,历史类,本科批,993,重庆科技大学,,历史,564,3705,,,0,,,0,0
内蒙,2025,历史类,本科批,,三亚学院,,历史,418,15526,,,0,,,0,0
内蒙,2025,历史类,本科批,,三亚学院,,"历史,政治",447,16617,,,0,,,0,0
内蒙,2025,历史类,本科批,,三明学院,,历史,474,11943,,,0,,,0,0
内蒙,2025,历史类,本科批,,上海中侨职业技术大学,,历史,422,19905,,,0,,,0,0
内蒙,2025,历史类,本科批,,上海商学院,,历史,530,5870,,,0,,,0,0
内蒙,2025,历史类,本科批,,上海外国语大学贤达经济人文学院,,历史,423,14733,,,0,,,0,0
内蒙,2025,历史类,本科批,,上海建桥学院,,历史,436,13946,,,0,,,0,0
内蒙,2025,历史类,本科批,,上海政法学院,,历史,581,1434,,,0,,,0,0
内蒙,2025,历史类,本科批,,上海杉达学院,,历史,455,11442,,,0,,,0,0
内蒙,2025,历史类,本科批,,上海立达学院,,历史,420,19513,,,0,,,0,0
内蒙,2025,历史类,本科批,,上海财经大学浙江学院,,历史,485,10917,,,0,,,0,0
内蒙,2025,历史类,本科批,,东莞理工学院,,历史,547,5092,,,0,,,0,0
内蒙,2025,历史类,本科批,,中南林业科技大学,,历史,530,2470,,,0,,,0,0
内蒙,2025,历史类,本科批,,中国人民大学,,历史,641,217,,,0,,,0,0
内蒙,2025,历史类,本科批,,中国戏曲学院,,历史,570,3267,,,0,,,0,0
内蒙,2025,历史类,本科批,,中国石油大学(北京)克拉玛依校区,,历史,590,2068,,,0,,,0,0
内蒙,2025,历史类,本科批,,中国石油大学(北京)克拉玛依校区,,"历史,政治",578,2770,,,0,,,0,0
内蒙,2025,历史类,本科批,,中国矿业大学徐海学院,,历史,457,13551,,,0,,,0,0
内蒙,2025,历史类,本科批,,中国社会科学院大学,,历史,618,431,,,0,,,0,0
内蒙,2025,历史类,本科批,,中国社会科学院大学,,"历史,政治",619,480,,,0,,,0,0
内蒙,2025,历史类,本科批,,丽水学院,,历史,495,10434,,,0,,,0,0
内蒙,2025,历史类,本科批,,丽江文化旅游学院,,历史,428,13817,,,0,,,0,0
内蒙,2025,历史类,本科批,,云南财经大学,,历史,551,4273,,,0,,,0,0
内蒙,2025,历史类,本科批,,保定理工学院,,历史,447,15009,,,0,,,0,0
内蒙,2025,历史类,本科批,,信阳学院,,历史,483,11943,,,0,,,0,0
内蒙,2025,历史类,本科批,,兰州工商学院,,历史,466,14085,,,0,,,0,0
内蒙,2025,历史类,本科批,,兰州工商学院,,"历史,政治",469,13038,,,0,,,0,0
内蒙,2025,历史类,本科批,,兰州文理学院,,历史,481,10001,,,0,,,0,0
内蒙,2025,历史类,本科批,,兰州石化职业技术大学,,历史,511,8638,,,0,,,0,0
内蒙,2025,历史类,本科批,,内蒙古大学创业学院,,历史,448,15009,,,0,,,0,0
内蒙,2025,历史类,本科批,,内蒙古艺术学院,,历史,463,13438,,,0,,,0,0
内蒙,2025,历史类,本科批,,内蒙古鸿德文理学院,,历史,428,12337,,,0,,,0,0
内蒙,2025,历史类,本科批,,北京中医药大学东方学院,,历史,493,8397,,,0,,,0,0
内蒙,2025,历史类,本科批,,北京中医药大学东方学院,,"历史,生物",481,12211,,,0,,,0,0
内蒙,2025,历史类,本科批,,北京工业大学耿丹学院,,历史,423,17309,,,0,,,0,0
内蒙,2025,历史类,本科批,,北京师范大学,,历史,634,397,,,0,,,0,0
内蒙,2025,历史类,本科批,,北京科技大学天津学院,,历史,458,14468,,,0,,,0,0
内蒙,2025,历史类,本科批,,北京第二外国语学院中瑞酒店管理学院,,历史,405,17162,,,0,,,0,0
内蒙,2025,历史类,本科批,,北京金融科技学院,,历史,422,16205,,,0,,,0,0
内蒙,2025,历史类,本科批,,北师香港浸会大学,,历史,554,3627,,,0,,,0,0
内蒙,2025,历史类,本科批,,南京传媒学院,,历史,501,9554,,,0,,,0,0
内蒙,2025,历史类,本科批,,南京航空航天大学金城学院,,历史,464,13946,,,0,,,0,0
内蒙,2025,历史类,本科批,,南宁学院,,历史,460,14867,,,0,,,0,0
内蒙,2025,历史类,本科批,,南宁师范大学,,历史,482,12064,,,0,,,0,0
内蒙,2025,历史类,本科批,,南宁师范大学,,"历史,政治",546,5172,,,0,,,0,0
内蒙,2025,历史类,本科批,,南宁师范大学师园学院,,历史,462,14338,,,0,,,0,0
内蒙,2025,历史类,本科批,,南宁理工学院,,历史,439,15670,,,0,,,0,0
内蒙,2025,历史类,本科批,,南方医科大学,,历史,586,963,,,0,,,0,0
内蒙,2025,历史类,本科批,,南昌交通学院,,历史,452,14733,,,0,,,0,0
内蒙,2025,历史类,本科批,,南昌医学院,,"历史,生物",500,9886,,,0,,,0,0
内蒙,2025,历史类,本科批,,南阳理工学院,,历史,521,7117,,,0,,,0,0
内蒙,2025,历史类,本科批,,厦门大学嘉庚学院,,历史,481,8156,,,0,,,0,0
内蒙,2025,历史类,本科批,,厦门工学院,,历史,431,17446,,,0,,,0,0
内蒙,2025,历史类,本科批,,合肥大学,,历史,523,5582,,,0,,,0,0
内蒙,2025,历史类,本科批,,合肥工业大学,,历史,585,2353,,,0,,,0,0
内蒙,2025,历史类,本科批,,合肥工业大学,,"历史,政治",586,2287,,,0,,,0,0
内蒙,2025,历史类,本科批,,吉利学院,,历史,453,14867,,,0,,,0,0
内蒙,2025,历史类,本科批,,吉林师范大学博达学院,,历史,426,15526,,,0,,,0,0
内蒙,2025,历史类,本科批,,吉林师范大学博达学院,,"历史,地理",445,16894,,,0,,,0,0
内蒙,2025,历史类,本科批,,吕梁学院,,历史,473,7846,,,0,,,0,0
内蒙,2025,历史类,本科批,,吕梁学院,,"历史,地理",476,12798,,,0,,,0,0
内蒙,2025,历史类,本科批,,吕梁学院,,"历史,生物",467,13946,,,0,,,0,0
内蒙,2025,历史类,本科批,,哈尔滨剑桥学院,,历史,433,15670,,,0,,,0,0
内蒙,2025,历史类,本科批,,哈尔滨学院,,历史,411,8050,,,0,,,0,0
内蒙,2025,历史类,本科批,,哈尔滨学院,,"历史,地理",503,9554,,,0,,,0,0
内蒙,2025,历史类,本科批,,哈尔滨广厦学院,,历史,444,16617,,,0,,,0,0
内蒙,2025,历史类,本科批,,哈尔滨石油学院,,历史,433,15378,,,0,,,0,0
内蒙,2025,历史类,本科批,,哈尔滨远东理工学院,,历史,454,15670,,,0,,,0,0
内蒙,2025,历史类,本科批,,唐山师范学院,,历史,472,12457,,,0,,,0,0
内蒙,2025,历史类,本科批,,唐山师范学院,,"历史,地理",483,11943,,,0,,,0,0
内蒙,2025,历史类,本科批,,四川传媒学院,,历史,468,11557,,,0,,,0,0
内蒙,2025,历史类,本科批,,四川大学锦江学院,,历史,472,13173,,,0,,,0,0
内蒙,2025,历史类,本科批,,四川工业科技学院,,历史,448,16471,,,0,,,0,0
内蒙,2025,历史类,本科批,,四川师范大学,,"历史,政治",587,2165,,,0,,,0,0
内蒙,2025,历史类,本科批,,四川文理学院,,历史,482,11557,,,0,,,0,0
内蒙,2025,历史类,本科批,,大连东软信息学院,,历史,426,14602,,,0,,,0,0
内蒙,2025,历史类,本科批,,大连工业大学艺术与信息工程学院,,历史,436,17852,,,0,,,0,0
内蒙,2025,历史类,本科批,,大连理工大学城市学院,,历史,465,14211,,,0,,,0,0
内蒙,2025,历史类,本科批,,大连财经学院,,历史,458,13311,,,0,,,0,0
内蒙,2025,历史类,本科批,,天水师范大学,,历史,518,7312,,,0,,,0,0
内蒙,2025,历史类,本科批,,天津仁爱学院,,历史,441,14085,,,0,,,0,0
内蒙,2025,历史类,本科批,,天津仁爱学院,,"历史,政治",511,8638,,,0,,,0,0
内蒙,2025,历史类,本科批,,天津传媒学院,,历史,427,17704,,,0,,,0,0
内蒙,2025,历史类,本科批,,天津医科大学临床医学院,,历史,456,15378,,,0,,,0,0
内蒙,2025,历史类,本科批,,天津外国语大学滨海外事学院,,历史,464,13946,,,0,,,0,0
内蒙,2025,历史类,本科批,,天津外国语大学滨海外事学院,,"历史,政治",460,14867,,,0,,,0,0
内蒙,2025,历史类,本科批,,天津理工大学中环信息学院,,历史,464,13817,,,0,,,0,0
内蒙,2025,历史类,本科批,,宁夏大学新华学院,,历史,459,14211,,,0,,,0,0
内蒙,2025,历史类,本科批,,宁夏师范大学,,历史,482,12064,,,0,,,0,0
内蒙,2025,历史类,本科批,,宁波诺丁汉大学,,历史,575,2115,,,0,,,0,0
内蒙,2025,历史类,本科批,,宁波财经学院,,历史,451,15264,,,0,,,0,0
内蒙,2025,历史类,本科批,,安康学院,,历史,483,11943,,,0,,,0,0
内蒙,2025,历史类,本科批,,安徽建筑大学,,历史,519,7742,,,0,,,0,0
内蒙,2025,历史类,本科批,,安阳学院,,历史,457,15131,,,0,,,0,0
内蒙,2025,历史类,本科批,,安阳师范学院,,历史,511,8528,,,0,,,0,0
内蒙,2025,历史类,本科批,,安顺学院,,历史,466,12457,,,0,,,0,0
内蒙,2025,历史类,本科批,,山东农业工程学院,,历史,495,9326,,,0,,,0,0
内蒙,2025,历史类,本科批,,山东协和学院,,历史,450,15792,,,0,,,0,0
内蒙,2025,历史类,本科批,,山东协和学院,,"历史,生物",445,16894,,,0,,,0,0
内蒙,2025,历史类,本科批,,山东女子学院,,历史,473,8857,,,0,,,0,0
内蒙,2025,历史类,本科批,,山东政法学院,,历史,531,3485,,,0,,,0,0
内蒙,2025,历史类,本科批,,山东政法学院,,"历史,政治",572,3119,,,0,,,0,0
内蒙,2025,历史类,本科批,,山东石油化工学院,,历史,533,4823,,,0,,,0,0
内蒙,2025,历史类,本科批,,山东管理学院,,历史,483,10554,,,0,,,0,0
内蒙,2025,历史类,本科批,,山东财经大学,,历史,547,3627,,,0,,,0,0
内蒙,2025,历史类,本科批,,山东青年政治学院,,历史,503,9216,,,0,,,0,0
内蒙,2025,历史类,本科批,,山东青年政治学院,,"历史,政治",520,7312,,,0,,,0,0
内蒙,2025,历史类,本科批,,山西传媒学院,,历史,488,9216,,,0,,,0,0
内蒙,2025,历史类,本科批,,山西工商学院,,历史,457,14733,,,0,,,0,0
内蒙,2025,历史类,本科批,,山西晋中理工学院,,历史,462,14468,,,0,,,0,0
内蒙,2025,历史类,本科批,,常德学院,,历史,443,16745,,,0,,,0,0
内蒙,2025,历史类,本科批,,平顶山学院,,历史,488,11307,,,0,,,0,0
内蒙,2025,历史类,本科批,,广东理工学院,,历史,429,19082,,,0,,,0,0
内蒙,2025,历史类,本科批,,广东轻工职业技术大学,,历史,477,12683,,,0,,,0,0
内蒙,2025,历史类,本科批,,广州华立学院,,历史,447,11038,,,0,,,0,0
内蒙,2025,历史类,本科批,,广州城市理工学院,,历史,426,16073,,,0,,,0,0
内蒙,2025,历史类,本科批,,广州工商学院,,历史,424,19778,,,0,,,0,0
内蒙,2025,历史类,本科批,,广州应用科技学院,,历史,430,17704,,,0,,,0,0
内蒙,2025,历史类,本科批,,广州新华学院,,历史,453,15264,,,0,,,0,0
内蒙,2025,历史类,本科批,,怀化学院,,历史,481,10001,,,0,,,0,0
内蒙,2025,历史类,本科批,,成都东软学院,,历史,450,15378,,,0,,,0,0
内蒙,2025,历史类,本科批,,成都外国语学院,,历史,447,14733,,,0,,,0,0
内蒙,2025,历史类,本科批,,成都大学,,历史,574,2941,,,0,,,0,0
内蒙,2025,历史类,本科批,,成都大学,,"历史,政治",582,2470,,,0,,,0,0
内蒙,2025,历史类,本科批,,成都工业学院,,历史,514,8270,,,0,,,0,0
内蒙,2025,历史类,本科批,,成都理工大学工程技术学院,,历史,483,11943,,,0,,,0,0
内蒙,2025,历史类,本科批,,成都锦城学院,,历史,466,14085,,,0,,,0,0
内蒙,2025,历史类,本科批,,扬州大学广陵学院,,历史,495,9451,,,0,,,0,0
内蒙,2025,历史类,本科批,,攀枝花学院,,历史,517,7930,,,0,,,0,0
内蒙,2025,历史类,本科批,,新疆和田学院,,历史,473,12570,,,0,,,0,0
内蒙,2025,历史类,本科批,,新疆和田学院,,"历史,政治",486,11557,,,0,,,0,0
内蒙,2025,历史类,本科批,,新疆政法学院,,历史,485,8397,,,0,,,0,0
内蒙,2025,历史类,本科批,,新疆政法学院,,"历史,政治",497,10001,,,0,,,0,0
内蒙,2025,历史类,本科批,,新疆理工学院,,历史,480,10434,,,0,,,0,0
内蒙,2025,历史类,本科批,,新疆警察学院,,历史,522,7390,,,0,,,0,0
内蒙,2025,历史类,本科批,,新疆财经大学,,历史,512,7390,,,0,,,0,0
内蒙,2025,历史类,本科批,,无锡太湖学院,,历史,467,13173,,,0,,,0,0
内蒙,2025,历史类,本科批,,昆明医科大学海源学院,,历史,469,13678,,,0,,,0,0
内蒙,2025,历史类,本科批,,昆明城市学院,,历史,448,15938,,,0,,,0,0
内蒙,2025,历史类,本科批,,昆明城市学院,,"历史,政治",460,14867,,,0,,,0,0
内蒙,2025,历史类,本科批,,昆明理工大学津桥学院,,历史,448,16471,,,0,,,0,0
内蒙,2025,历史类,本科批,,昌吉学院,,历史,501,9784,,,0,,,0,0
内蒙,2025,历史类,本科批,,昌吉学院,,"历史,政治",494,10554,,,0,,,0,0
内蒙,2025,历史类,本科批,,晋中信息学院,,历史,449,15131,,,0,,,0,0
内蒙,2025,历史类,本科批,,普洱学院,,"历史,政治,地理",486,11557,,,0,,,0,0
内蒙,2025,历史类,本科批,,曲阜师范大学,,历史,562,3359,,,0,,,0,0
内蒙,2025,历史类,本科批,,曲阜师范大学,,"历史,政治",571,3007,,,0,,,0,0
内蒙,2025,历史类,本科批,,柳州工学院,,历史,452,15938,,,0,,,0,0
内蒙,2025,历史类,本科批,,桂林信息科技学院,,历史,439,17704,,,0,,,0,0
内蒙,2025,历史类,本科批,,桂林学院,,历史,446,15792,,,0,,,0,0
内蒙,2025,历史类,本科批,,桂林师范学院,,历史,471,11943,,,0,,,0,0
内蒙,2025,历史类,本科批,,楚雄师范学院,,历史,469,13551,,,0,,,0,0
内蒙,2025,历史类,本科批,,武夷学院,,历史,471,12798,,,0,,,0,0
内蒙,2025,历史类,本科批,,武昌首义学院,,历史,464,12798,,,0,,,0,0
内蒙,2025,历史类,本科批,,武汉体育学院,,历史,514,8270,,,0,,,0,0
内蒙,2025,历史类,本科批,,武汉学院,,历史,446,10655,,,0,,,0,0
内蒙,2025,历史类,本科批,,武汉工商学院,,历史,451,15378,,,0,,,0,0
内蒙,2025,历史类,本科批,,武汉工程大学邮电与信息工程学院,,历史,455,15526,,,0,,,0,0
内蒙,2025,历史类,本科批,,武汉工程科技学院,,历史,471,13438,,,0,,,0,0
内蒙,2025,历史类,本科批,,武汉文理学院,,历史,457,14733,,,0,,,0,0
内蒙,2025,历史类,本科批,,武汉文理学院,,"历史,生物",477,12683,,,0,,,0,0
内蒙,2025,历史类,本科批,,武汉晴川学院,,历史,441,17309,,,0,,,0,0
内蒙,2025,历史类,本科批,,武汉纺织大学外经贸学院,,历史,449,16333,,,0,,,0,0
内蒙,2025,历史类,本科批,,民政职业大学,,历史,499,8050,,,0,,,0,0
内蒙,2025,历史类,本科批,,江苏师范大学,,历史,543,5406,,,0,,,0,0
内蒙,2025,历史类,本科批,,江苏理工学院,,历史,498,9554,,,0,,,0,0
内蒙,2025,历史类,本科批,,江西农业大学南昌商学院,,历史,466,11943,,,0,,,0,0
内蒙,2025,历史类,本科批,,江西工程学院,,历史,455,15526,,,0,,,0,0
内蒙,2025,历史类,本科批,,沈阳城市学院,,历史,425,18135,,,0,,,0,0
内蒙,2025,历史类,本科批,,沈阳工学院,,历史,431,18281,,,0,,,0,0
内蒙,2025,历史类,本科批,,沈阳科技学院,,历史,457,13173,,,0,,,0,0
内蒙,2025,历史类,本科批,,沧州交通学院,,历史,436,17309,,,0,,,0,0
内蒙,2025,历史类,本科批,,河北东方学院,,历史,456,15009,,,0,,,0,0
内蒙,2025,历史类,本科批,,河北中医药大学,,历史,516,2287,,,0,,,0,0
内蒙,2025,历史类,本科批,,河北地质大学华信学院,,历史,466,13946,,,0,,,0,0
内蒙,2025,历史类,本科批,,河北外国语学院,,历史,438,16894,,,0,,,0,0
内蒙,2025,历史类,本科批,,河北工业职业技术大学,,历史,474,13038,,,0,,,0,0
内蒙,2025,历史类,本科批,,河北工程大学,,历史,404,21348,,,0,,,0,0
内蒙,2025,历史类,本科批,,河北环境工程学院,,历史,478,12337,,,0,,,0,0
内蒙,2025,历史类,本科批,,河北科技工程职业技术大学,,历史,475,12457,,,0,,,0,0
内蒙,2025,历史类,本科批,,河南工程学院,,历史,505,8528,,,0,,,0,0
内蒙,2025,历史类,本科批,,河南师范大学,,历史,550,4823,,,0,,,0,0
内蒙,2025,历史类,本科批,,河南牧业经济学院,,历史,481,8971,,,0,,,0,0
内蒙,2025,历史类,本科批,,河南科技学院,,历史,487,9784,,,0,,,0,0
内蒙,2025,历史类,本科批,,河南财政金融学院,,历史,535,5582,,,0,,,0,0
内蒙,2025,历史类,本科批,,河南财经政法大学,,历史,587,1914,,,0,,,0,0
内蒙,2025,历史类,本科批,,河西学院,,历史,469,13551,,,0,,,0,0
内蒙,2025,历史类,本科批,,泉州师范学院,,历史,489,11157,,,0,,,0,0
内蒙,2025,历史类,本科批,,泰山学院,,历史,472,13311,,,0,,,0,0
内蒙,2025,历史类,本科批,,泰山科技学院,,历史,457,15264,,,0,,,0,0
内蒙,2025,历史类,本科批,,洛阳师范学院,,历史,479,11807,,,0,,,0,0
内蒙,2025,历史类,本科批,,济宁学院,,历史,495,10434,,,0,,,0,0
内蒙,2025,历史类,本科批,,浙江万里学院,,历史,512,7930,,,0,,,0,0
内蒙,2025,历史类,本科批,,浙江农林大学,,历史,561,3777,,,0,,,0,0
内蒙,2025,历史类,本科批,,浙江财经大学,,历史,578,2414,,,0,,,0,0
内蒙,2025,历史类,本科批,,海南医科大学,,历史,511,8638,,,0,,,0,0
内蒙,2025,历史类,本科批,,海南科技职业大学,,历史,420,20158,,,0,,,0,0
内蒙,2025,历史类,本科批,,深圳大学,,历史,603,585,,,0,,,0,0
内蒙,2025,历史类,本科批,,深圳技术大学,,历史,578,2713,,,0,,,0,0
内蒙,2025,历史类,本科批,,湖北商贸学院,,历史,456,15378,,,0,,,0,0
内蒙,2025,历史类,本科批,,湖北大学知行学院,,历史,462,11557,,,0,,,0,0
内蒙,2025,历史类,本科批,,湖北工程学院新技术学院,,历史,465,13311,,,0,,,0,0
内蒙,2025,历史类,本科批,,湖北恩施学院,,历史,466,14085,,,0,,,0,0
内蒙,2025,历史类,本科批,,湖北文理学院,,历史,471,5870,,,0,,,0,0
内蒙,2025,历史类,本科批,,湖北文理学院理工学院,,历史,455,15526,,,0,,,0,0
内蒙,2025,历史类,本科批,,湖北第二师范学院,,历史,531,6134,,,0,,,0,0
内蒙,2025,历史类,本科批,,湖北第二师范学院,,"历史,政治",533,6310,,,0,,,0,0
内蒙,2025,历史类,本科批,,湖北经济学院,,历史,515,6801,,,0,,,0,0
内蒙,2025,历史类,本科批,,湖北经济学院法商学院,,历史,478,12457,,,0,,,0,0
内蒙,2025,历史类,本科批,,湖南中医药大学,,历史,528,1102,,,0,,,0,0
内蒙,2025,历史类,本科批,,湖南人文科技学院,,历史,531,6528,,,0,,,0,0
内蒙,2025,历史类,本科批,,湖南工业大学,,历史,520,2713,,,0,,,0,0
内蒙,2025,历史类,本科批,,湖南师范大学,,历史,594,1392,,,0,,,0,0
内蒙,2025,历史类,本科批,,湖南涉外经济学院,,历史,429,17309,,,0,,,0,0
内蒙,2025,历史类,本科批,,湖南科技大学,,历史,546,3485,,,0,,,0,0
内蒙,2025,历史类,本科批,,湖南财政经济学院,,历史,538,5244,,,0,,,0,0
内蒙,2025,历史类,本科批,,湘南学院,,历史,494,8638,,,0,,,0,0
内蒙,2025,历史类,本科批,,滇西应用技术大学,,历史,476,12798,,,0,,,0,0
内蒙,2025,历史类,本科批,,滨州医学院,,历史,520,7617,,,0,,,0,0
内蒙,2025,历史类,本科批,,燕京理工学院,,历史,454,15670,,,0,,,0,0
内蒙,2025,历史类,本科批,,玉林师范学院,,历史,480,12337,,,0,,,0,0
内蒙,2025,历史类,本科批,,珠海科技学院,,历史,470,11807,,,0,,,0,0
内蒙,2025,历史类,本科批,,琼台师范学院,,历史,422,9216,,,0,,,0,0
内蒙,2025,历史类,本科批,,甘肃中医药大学,,历史,501,3412,,,0,,,0,0
内蒙,2025,历史类,本科批,,甘肃林业职业技术大学,,历史,466,14085,,,0,,,0,0
内蒙,2025,历史类,本科批,,甘肃民族师范学院,,历史,514,8270,,,0,,,0,0
内蒙,2025,历史类,本科批,,百色学院,,历史,471,12798,,,0,,,0,0
内蒙,2025,历史类,本科批,,盐城工学院,,历史,483,11157,,,0,,,0,0
内蒙,2025,历史类,本科批,,石家庄铁道大学四方学院,,历史,494,10554,,,0,,,0,0
内蒙,2025,历史类,本科批,,福州外语外贸学院,,历史,427,16333,,,0,,,0,0
内蒙,2025,历史类,本科批,,福州大学至诚学院,,历史,462,11157,,,0,,,0,0
内蒙,2025,历史类,本科批,,福建商学院,,历史,426,19513,,,0,,,0,0
内蒙,2025,历史类,本科批,,福建师范大学,,历史,580,2588,,,0,,,0,0
内蒙,2025,历史类,本科批,,福建江夏学院,,历史,511,7390,,,0,,,0,0
内蒙,2025,历史类,本科批,,红河学院,,历史,471,13438,,,0,,,0,0
内蒙,2025,历史类,本科批,,苏州科技大学,,历史,555,4175,,,0,,,0,0
内蒙,2025,历史类,本科批,,荆州学院,,历史,442,16471,,,0,,,0,0
内蒙,2025,历史类,本科批,,菏泽学院,,历史,485,9326,,,0,,,0,0
内蒙,2025,历史类,本科批,,营口理工学院,,历史,481,11807,,,0,,,0,0
内蒙,2025,历史类,本科批,,衡阳师范学院,,历史,508,7012,,,0,,,0,0
内蒙,2025,历史类,本科批,,衡阳师范学院,,"历史,政治",542,5498,,,0,,,0,0
内蒙,2025,历史类,本科批,,西交利物浦大学,,历史,580,2646,,,0,,,0,0
内蒙,2025,历史类,本科批,,西南大学,,历史,587,2165,,,0,,,0,0
内蒙,2025,历史类,本科批,,西南石油大学,,历史,610,1139,,,0,,,0,0
内蒙,2025,历史类,本科批,,西南财经大学天府学院,,历史,476,9886,,,0,,,0,0
内蒙,2025,历史类,本科批,,西安交通大学城市学院,,历史,476,12798,,,0,,,0,0
内蒙,2025,历史类,本科批,,西安工业大学,,历史,558,3412,,,0,,,0,0
内蒙,2025,历史类,本科批,,西安工商学院,,历史,472,10001,,,0,,,0,0
内蒙,2025,历史类,本科批,,西安建筑科技大学华清学院,,历史,436,15938,,,0,,,0,0
内蒙,2025,历史类,本科批,,西安汽车职业大学,,历史,449,16333,,,0,,,0,0
内蒙,2025,历史类,本科批,,贵州中医药大学,,历史,590,2068,,,0,,,0,0
内蒙,2025,历史类,本科批,,赣东学院,,历史,503,8397,,,0,,,0,0
内蒙,2025,历史类,本科批,,赣南师范大学,,历史,489,6801,,,0,,,0,0
内蒙,2025,历史类,本科批,,赣南师范大学,,"历史,政治",546,5172,,,0,,,0,0
内蒙,2025,历史类,本科批,,辽宁传媒学院,,历史,435,17992,,,0,,,0,0
内蒙,2025,历史类,本科批,,辽宁师范大学海华学院,,历史,434,14338,,,0,,,0,0
内蒙,2025,历史类,本科批,,辽宁师范大学海华学院,,"历史,政治",481,12211,,,0,,,0,0
内蒙,2025,历史类,本科批,,辽宁财贸学院,,历史,432,17704,,,0,,,0,0
内蒙,2025,历史类,本科批,,郑州升达经贸管理学院,,历史,459,14085,,,0,,,0,0
内蒙,2025,历史类,本科批,,郑州商学院,,历史,464,11807,,,0,,,0,0
内蒙,2025,历史类,本科批,,郑州工商学院,,历史,474,11157,,,0,,,0,0
内蒙,2025,历史类,本科批,,郑州师范学院,,历史,495,10434,,,0,,,0,0
内蒙,2025,历史类,本科批,,郑州航空工业管理学院,,历史,516,7312,,,0,,,0,0
内蒙,2025,历史类,本科批,,鄂尔多斯应用技术学院,,历史,478,10794,,,0,,,0,0
内蒙,2025,历史类,本科批,,鄂尔多斯应用技术学院,,"历史,地理",467,13946,,,0,,,0,0
内蒙,2025,历史类,本科批,,重庆三峡学院,,历史,511,7117,,,0,,,0,0
内蒙,2025,历史类,本科批,,重庆交通大学,,历史,562,3267,,,0,,,0,0
内蒙,2025,历史类,本科批,,重庆外语外事学院,,历史,448,15526,,,0,,,0,0
内蒙,2025,历史类,本科批,,重庆对外经贸学院,,历史,467,13678,,,0,,,0,0
内蒙,2025,历史类,本科批,,金陵科技学院,,历史,516,6310,,,0,,,0,0
内蒙,2025,历史类,本科批,,银川科技学院,,历史,429,17852,,,0,,,0,0
内蒙,2025,历史类,本科批,,长春中医药大学,,历史,594,1814,,,0,,,0,0
内蒙,2025,历史类,本科批,,长春人文学院,,历史,428,16894,,,0,,,0,0
内蒙,2025,历史类,本科批,,长春光华学院,,历史,426,18281,,,0,,,0,0
内蒙,2025,历史类,本科批,,长春大学旅游学院,,历史,425,19239,,,0,,,0,0
内蒙,2025,历史类,本科批,,长春电子科技学院,,历史,434,18427,,,0,,,0,0
内蒙,2025,历史类,本科批,,长春财经学院,,历史,436,14468,,,0,,,0,0
内蒙,2025,历史类,本科批,,长江大学文理学院,,历史,468,13817,,,0,,,0,0
内蒙,2025,历史类,本科批,,长治学院,,历史,492,9216,,,0,,,0,0
内蒙,2025,历史类,本科批,,长治学院,,"历史,政治",518,7846,,,0,,,0,0
内蒙,2025,历史类,本科批,,闽南科技学院,,历史,435,14602,,,0,,,0,0
内蒙,2025,历史类,本科批,,闽江学院,,历史,496,7312,,,0,,,0,0
内蒙,2025,历史类,本科批,,防灾科技学院,,历史,493,7742,,,0,,,0,0
内蒙,2025,历史类,本科批,,陕西学前师范学院,,历史,505,8971,,,0,,,0,0
内蒙,2025,历史类,本科批,,集美大学诚毅学院,,历史,472,12933,,,0,,,0,0
内蒙,2025,历史类,本科批,,青岛农业大学海都学院,,历史,451,16073,,,0,,,0,0
内蒙,2025,历史类,本科批,,青岛工学院,,历史,439,15792,,,0,,,0,0
内蒙,2025,历史类,本科批,,青岛恒星科技学院,,历史,456,13311,,,0,,,0,0
内蒙,2025,历史类,本科批,,韶关学院,,历史,475,10001,,,0,,,0,0
内蒙,2025,历史类,本科批,,首都师范大学科德学院,,历史,411,20297,,,0,,,0,0
内蒙,2025,历史类,本科批,,黑龙江工商学院,,历史,452,15526,,,0,,,0,0
内蒙,2025,历史类,本科批,,黑龙江财经学院,,历史,431,14733,,,0,,,0,0
内蒙,2025,历史类,本科批,,齐鲁医药学院,,历史,455,13551,,,0,,,0,0
内蒙,2025,历史类,本科批,,齐鲁理工学院,,历史,447,16333,,,0,,,0,0
内蒙,2025,历史类,本科批,,齐齐哈尔医学院,,历史,506,9216,,,0,,,0,0
内蒙,2025,历史类,本科提前批B段,1,北京电子科技学院,,历史,635,189,,,0,,,0,0
内蒙,2025,历史类,本科提前批B段,10,中国人民公安大学,,"历史,政治",593,189,,,0,,,0,0
内蒙,2025,历史类,本科提前批B段,12,中国人民警察大学,,"历史,政治",533,342,,,0,,,0,0
内蒙,2025,历史类,本科提前批B段,148,中国海洋大学,,历史,598,1257,,,0,,,0,0
内蒙,2025,历史类,本科提前批B段,17,西南政法大学,,历史,602,1486,,,0,,,0,0
内蒙,2025,历史类,本科提前批B段,17,西南政法大学,,"历史,政治",586,2287,,,0,,,0,0
内蒙,2025,历史类,本科提前批B段,18,西北政法大学,,"历史,政治",556,4355,,,0,,,0,0
内蒙,2025,历史类,本科提前批B段,19,中国政法大学,,历史,619,820,,,0,,,0,0
内蒙,2025,历史类,本科提前批B段,20,中南财经政法大学,,历史,602,1486,,,0,,,0,0
内蒙,2025,历史类,本科提前批B段,20,中南财经政法大学,,"历史,政治",576,2890,,,0,,,0,0
内蒙,2025,历史类,本科提前批B段,207,江西警察学院,,"历史,政治",521,1006,,,0,,,0,0
内蒙,2025,历史类,本科提前批B段,23,中央司法警官学院,,历史,521,674,,,0,,,0,0
内蒙,2025,历史类,本科提前批B段,23,中央司法警官学院,,"历史,政治",569,1914,,,0,,,0,0
内蒙,2025,历史类,本科提前批B段,25,中央财经大学,,历史,605,1353,,,0,,,0,0
内蒙,2025,历史类,本科提前批B段,269,中国传媒大学,,历史,573,3061,,,0,,,0,0
内蒙,2025,历史类,本科提前批B段,269,中国传媒大学,,"历史,政治",579,2713,,,0,,,0,0
内蒙,2025,历史类,本科提前批B段,277,上海外国语大学,,历史,581,2588,,,0,,,0,0
内蒙,2025,历史类,本科提前批B段,279,中山大学,,历史,590,2068,,,0,,,0,0
内蒙,2025,历史类,本科提前批B段,281,北京语言大学,,历史,579,2713,,,0,,,0,0
内蒙,2025,历史类,本科提前批B段,283,东南大学,,历史,602,1486,,,0,,,0,0
内蒙,2025,历史类,本科提前批B段,285,西安交通大学,,"历史,政治",640,270,,,0,,,0,0
内蒙,2025,历史类,本科提前批B段,286,中国人民大学,,历史,617,793,,,0,,,0,0
内蒙,2025,历史类,本科提前批B段,289,四川大学,,历史,615,963,,,0,,,0,0
内蒙,2025,历史类,本科提前批B段,292,浙江大学,,历史,624,674,,,0,,,0,0
内蒙,2025,历史类,本科提前批B段,294,清华大学,,历史,637,330,,,0,,,0,0
内蒙,2025,历史类,本科提前批B段,296,兰州大学,,历史,611,1102,,,0,,,0,0
内蒙,2025,历史类,本科提前批B段,297,吉林大学,,历史,585,1102,,,0,,,0,0
内蒙,2025,历史类,本科提前批B段,297,吉林大学,,"历史,政治",631,480,,,0,,,0,0
内蒙,2025,历史类,本科提前批B段,298,厦门大学,,历史,614,1006,,,0,,,0,0
内蒙,2025,历史类,本科提前批B段,300,山东大学,,历史,617,894,,,0,,,0,0
内蒙,2025,历史类,本科提前批B段,301,湖南大学,,历史,606,1303,,,0,,,0,0
内蒙,2025,历史类,本科提前批B段,303,天津大学,,历史,599,1612,,,0,,,0,0
内蒙,2025,历史类,本科提前批B段,305,武汉大学,,历史,650,134,,,0,,,0,0
内蒙,2025,历史类,本科提前批B段,307,北京师范大学,,历史,615,963,,,0,,,0,0
内蒙,2025,历史类,本科提前批B段,308,复旦大学,,历史,641,254,,,0,,,0,0
内蒙,2025,历史类,本科提前批B段,312,中南大学,,历史,619,820,,,0,,,0,0
内蒙,2025,历史类,本科提前批B段,315,华东师范大学,,历史,607,370,,,0,,,0,0
内蒙,2025,历史类,本科提前批B段,315,华东师范大学,,"历史,政治",642,228,,,0,,,0,0
内蒙,2025,历史类,本科提前批B段,317,南京师范大学,,历史,586,2287,,,0,,,0,0
内蒙,2025,历史类,本科提前批B段,320,陕西师范大学,,历史,599,563,,,0,,,0,0
内蒙,2025,历史类,本科提前批B段,320,陕西师范大学,,"历史,政治",601,674,,,0,,,0,0
内蒙,2025,历史类,本科提前批B段,321,东北师范大学,,历史,612,963,,,0,,,0,0
内蒙,2025,历史类,本科提前批B段,321,东北师范大学,,"历史,政治",619,820,,,0,,,0,0
内蒙,2025,历史类,本科提前批B段,324,华中师范大学,,历史,590,431,,,0,,,0,0
内蒙,2025,历史类,本科提前批B段,324,华中师范大学,,"历史,地理",596,177,,,0,,,0,0
内蒙,2025,历史类,本科提前批B段,324,华中师范大学,,"历史,政治",632,446,,,0,,,0,0
内蒙,2025,历史类,本科提前批B段,327,苏州大学,,历史,587,2225,,,0,,,0,0
内蒙,2025,历史类,本科提前批B段,329,江西师范大学,,"历史,政治",586,2287,,,0,,,0,0
内蒙,2025,历史类,本科提前批B段,35,西南财经大学,,历史,560,4018,,,0,,,0,0
内蒙,2025,历史类,本科提前批B段,354,上海海关学院,,历史,634,397,,,0,,,0,0
内蒙,2025,历史类,本科提前批B段,505,国防科技大学,,历史,611,23,,,0,,,0,0
内蒙,2025,历史类,本科提前批B段,505,国防科技大学,,"历史,政治",622,292,,,0,,,0,0
内蒙,2025,历史类,本科提前批B段,591,贵州大学,,历史,568,3412,,,0,,,0,0
内蒙,2025,历史类,本科提前批B段,61,对外经济贸易大学,,历史,591,1102,,,0,,,0,0
内蒙,2025,历史类,本科提前批B段,61,对外经济贸易大学,,"历史,政治",603,1434,,,0,,,0,0
内蒙,2025,历史类,本科提前批B段,71,西南大学,,历史,586,585,,,0,,,0,0
内蒙,2025,历史类,本科提前批B段,71,西南大学,,"历史,地理",623,693,,,0,,,0,0
内蒙,2025,历史类,本科提前批B段,71,西南大学,,"历史,政治",630,510,,,0,,,0,0
内蒙,2025,历史类,本科提前批B段,749,云南大学,,历史,606,1303,,,0,,,0,0
内蒙,2025,历史类,本科提前批B段,752,内蒙古师范大学,,历史,554,1257,,,0,,,0,0
内蒙,2025,历史类,本科提前批B段,752,内蒙古师范大学,,"历史,政治",569,1814,,,0,,,0,0
内蒙,2025,历史类,本科提前批B段,761,内蒙古民族大学,,历史,556,2017,,,0,,,0,0
内蒙,2025,历史类,本科提前批B段,761,内蒙古民族大学,,"历史,政治",562,1717,,,0,,,0,0
内蒙,2025,历史类,本科提前批B段,773,内蒙古警察学院,,"历史,政治",418,1756,,,0,,,0,0
内蒙,2025,历史类,本科提前批B段,8,郑州警察学院,,"历史,政治",525,793,,,0,,,0,0
内蒙,2025,历史类,本科提前批B段,84,南京警察学院,,"历史,政治",548,563,,,0,,,0,0
内蒙,2025,历史类,本科提前批B段,875,黑龙江大学,,历史,530,4515,,,0,,,0,0
内蒙,2025,历史类,本科提前批B段,887,四川外国语大学,,历史,552,3705,,,0,,,0,0
内蒙,2025,历史类,本科提前批B段,9,中国刑事警察学院,,"历史,政治",549,312,,,0,,,0,0
内蒙,2025,历史类,本科提前批B段,941,西北大学,,历史,579,1102,,,0,,,0,0
内蒙,2025,历史类,本科提前批B段,,中国消防救援学院,,"历史,政治",587,2225,,,0,,,0,0
内蒙,2025,历史类,本科提前批B段,,云南警官学院,,"历史,政治",460,1434,,,0,,,0,0
内蒙,2025,历史类,本科提前批B段,,北京师范大学,,历史,604,793,,,0,,,0,0
内蒙,2025,历史类,本科提前批B段,,北京师范大学,,"历史,政治",600,1570,,,0,,,0,0
内蒙,2025,历史类,本科提前批B段,,外交学院,,历史,615,643,,,0,,,0,0
内蒙,2025,历史类,本科提前批B段,,外交学院,,"历史,政治",627,585,,,0,,,0,0
内蒙,2025,历史类,本科提前批B段,,新疆警察学院,,"历史,政治",539,5762,,,0,,,0,0
内蒙,2025,历史类,本科提前批B段,,浙江警察学院,,"历史,政治",528,963,,,0,,,0,0
内蒙,2025,历史类,本科提前批B段,,陆军步兵学院,,历史,611,1102,,,0,,,0,0
内蒙,2025,历史类,本科提前批B段,,香港中文大学,,历史,641,141,,,0,,,0,0
内蒙,2025,历史类,本科提前批B段,,香港城市大学,,历史,621,723,,,0,,,0,0
内蒙,2025,历史类,本科提前批C段,19,中国政法大学,,历史,606,1006,,,0,,,0,0
内蒙,2025,历史类,本科提前批C段,20,中南财经政法大学,,历史,579,1756,,,0,,,0,0
内蒙,2025,历史类,本科提前批C段,21,大连民族大学,,历史,546,5172,,,0,,,0,0
内蒙,2025,历史类,本科提前批C段,25,中央财经大学,,历史,586,2287,,,0,,,0,0
内蒙,2025,历史类,本科提前批C段,26,东北财经大学,,历史,598,1669,,,0,,,0,0
内蒙,2025,历史类,本科提前批C段,269,中国传媒大学,,历史,571,3198,,,0,,,0,0
内蒙,2025,历史类,本科提前批C段,276,北京外国语大学,,历史,544,5330,,,0,,,0,0
内蒙,2025,历史类,本科提前批C段,277,上海外国语大学,,历史,576,2890,,,0,,,0,0
内蒙,2025,历史类,本科提前批C段,279,中山大学,,历史,590,2017,,,0,,,0,0
内蒙,2025,历史类,本科提前批C段,286,中国人民大学,,历史,635,370,,,0,,,0,0
内蒙,2025,历史类,本科提前批C段,287,东华大学,,历史,565,2770,,,0,,,0,0
内蒙,2025,历史类,本科提前批C段,289,四川大学,,历史,587,2225,,,0,,,0,0
内蒙,2025,历史类,本科提前批C段,294,清华大学,,历史,638,312,,,0,,,0,0
内蒙,2025,历史类,本科提前批C段,298,厦门大学,,"历史,政治",622,723,,,0,,,0,0
内蒙,2025,历史类,本科提前批C段,300,山东大学,,历史,598,1669,,,0,,,0,0
内蒙,2025,历史类,本科提前批C段,302,南开大学,,历史,599,1612,,,0,,,0,0
内蒙,2025,历史类,本科提前批C段,304,北京大学,,历史,641,70,,,0,,,0,0
内蒙,2025,历史类,本科提前批C段,305,武汉大学,,历史,613,1028,,,0,,,0,0
内蒙,2025,历史类,本科提前批C段,307,北京师范大学,,历史,633,431,,,0,,,0,0
内蒙,2025,历史类,本科提前批C段,307,北京师范大学,,"历史,政治",609,1182,,,0,,,0,0
内蒙,2025,历史类,本科提前批C段,308,复旦大学,,历史,634,397,,,0,,,0,0
内蒙,2025,历史类,本科提前批C段,310,上海交通大学,,历史,620,674,,,0,,,0,0
内蒙,2025,历史类,本科提前批C段,312,中南大学,,历史,588,2165,,,0,,,0,0
内蒙,2025,历史类,本科提前批C段,313,山东大学威海分校,,历史,578,2531,,,0,,,0,0
内蒙,2025,历史类,本科提前批C段,315,华东师范大学,,"历史,政治",600,1570,,,0,,,0,0
内蒙,2025,历史类,本科提前批C段,320,陕西师范大学,,历史,571,1353,,,0,,,0,0
内蒙,2025,历史类,本科提前批C段,321,东北师范大学,,历史,571,3198,,,0,,,0,0
内蒙,2025,历史类,本科提前批C段,324,华中师范大学,,"历史,地理",569,3359,,,0,,,0,0
内蒙,2025,历史类,本科提前批C段,327,苏州大学,,历史,582,2353,,,0,,,0,0
内蒙,2025,历史类,本科提前批C段,338,北京体育大学,,历史,565,2890,,,0,,,0,0
内蒙,2025,历史类,本科提前批C段,35,西南财经大学,,历史,567,2531,,,0,,,0,0
内蒙,2025,历史类,本科提前批C段,354,上海海关学院,,历史,540,5666,,,0,,,0,0
内蒙,2025,历史类,本科提前批C段,377,暨南大学,,历史,578,2353,,,0,,,0,0
内蒙,2025,历史类,本科提前批C段,49,南京财经大学,,历史,555,4441,,,0,,,0,0
内蒙,2025,历史类,本科提前批C段,58,中华女子学院,,历史,507,8156,,,0,,,0,0
内蒙,2025,历史类,本科提前批C段,59,中国劳动关系学院,,历史,527,5002,,,0,,,0,0
内蒙,2025,历史类,本科提前批C段,59,中国劳动关系学院,,"历史,政治",552,3359,,,0,,,0,0
内蒙,2025,历史类,本科提前批C段,61,对外经济贸易大学,,历史,615,963,,,0,,,0,0
内蒙,2025,历史类,本科提前批C段,61,对外经济贸易大学,,"历史,政治",587,2225,,,0,,,0,0
内蒙,2025,历史类,本科提前批C段,651,山东师范大学,,历史,544,3007,,,0,,,0,0
内蒙,2025,历史类,本科提前批C段,651,山东师范大学,,"历史,地理",555,4441,,,0,,,0,0
内蒙,2025,历史类,本科提前批C段,7,中南民族大学,,历史,553,4515,,,0,,,0,0
内蒙,2025,历史类,本科提前批C段,751,内蒙古大学,,历史,407,1530,,,0,,,0,0
内蒙,2025,历史类,本科提前批C段,751,内蒙古大学,,"历史,政治",434,2827,,,0,,,0,0
内蒙,2025,历史类,本科提前批C段,752,内蒙古师范大学,,历史,389,6801,,,0,,,0,0
内蒙,2025,历史类,本科提前批C段,752,内蒙古师范大学,,"历史,政治",549,4911,,,0,,,0,0
内蒙,2025,历史类,本科提前批C段,754,内蒙古财经大学,,历史,442,4658,,,0,,,0,0
内蒙,2025,历史类,本科提前批C段,755,内蒙古农业大学,,历史,518,7214,,,0,,,0,0
内蒙,2025,历史类,本科提前批C段,757,内蒙古科技大学包头师范学院,,历史,512,6134,,,0,,,0,0
内蒙,2025,历史类,本科提前批C段,757,内蒙古科技大学包头师范学院,,"历史,政治",532,6432,,,0,,,0,0
内蒙,2025,历史类,本科提前批C段,761,内蒙古民族大学,,历史,378,5498,,,0,,,0,0
内蒙,2025,历史类,本科提前批C段,765,集宁师范学院,,历史,489,10917,,,0,,,0,0
内蒙,2025,历史类,本科提前批C段,765,集宁师范学院,,"历史,政治",493,7500,,,0,,,0,0
内蒙,2025,历史类,本科提前批C段,766,呼伦贝尔学院,,历史,501,9784,,,0,,,0,0
内蒙,2025,历史类,本科提前批C段,766,呼伦贝尔学院,,"历史,政治",490,11038,,,0,,,0,0
内蒙,2025,历史类,本科提前批C段,772,河套学院,,历史,478,12570,,,0,,,0,0
内蒙,2025,历史类,本科提前批C段,772,河套学院,,"历史,政治,地理",492,10794,,,0,,,0,0
内蒙,2025,历史类,本科提前批C段,82,北京林业大学,,历史,577,2827,,,0,,,0,0
内蒙,2025,历史类,本科提前批C段,,中国社会科学院大学,,历史,600,1570,,,0,,,0,0
内蒙,2025,历史类,本科提前批C段,,中国社会科学院大学,,"历史,政治",591,2017,,,0,,,0,0
内蒙,2025,历史类,本科提前批C段,,浙江师范大学,,历史,555,4441,,,0,,,0,0
内蒙,2025,历史类,本科提前批C段,,浙江师范大学,,"历史,政治",576,2890,,,0,,,0,0
内蒙,2025,历史类,高职(专科)批,102,上海旅游高等专科学校,,历史,391,22305,,,0,,,0,0
内蒙,2025,历史类,高职(专科)批,111,山西林业职业技术学院,,历史,364,26503,,,0,,,0,0
内蒙,2025,历史类,高职(专科)批,113,长江工程职业技术学院,,历史,396,21848,,,0,,,0,0
内蒙,2025,历史类,高职(专科)批,123,黑龙江职业学院,,历史,388,15009,,,0,,,0,0
内蒙,2025,历史类,高职(专科)批,124,烟台南山学院,,历史,287,31330,,,0,,,0,0
内蒙,2025,历史类,高职(专科)批,136,重庆电力高等专科学校,,历史,393,21593,,,0,,,0,0
内蒙,2025,历史类,高职(专科)批,140,辽阳职业技术学院,,历史,383,24474,,,0,,,0,0
内蒙,2025,历史类,高职(专科)批,143,黄河水利职业技术大学,,历史,393,22562,,,0,,,0,0
内蒙,2025,历史类,高职(专科)批,152,河北对外经贸职业学院,,历史,344,23976,,,0,,,0,0
内蒙,2025,历史类,高职(专科)批,153,石家庄信息工程职业学院,,历史,397,21348,,,0,,,0,0
内蒙,2025,历史类,高职(专科)批,155,湖南信息职业技术学院,,历史,395,23392,,,0,,,0,0
内蒙,2025,历史类,高职(专科)批,163,江西交通职业技术学院,,历史,370,25405,,,0,,,0,0
内蒙,2025,历史类,高职(专科)批,169,日照职业技术学院,,历史,408,20158,,,0,,,0,0
内蒙,2025,历史类,高职(专科)批,176,西安交通工程学院,,历史,162,30760,,,0,,,0,0
内蒙,2025,历史类,高职(专科)批,178,湖北交通职业技术学院,,历史,394,20297,,,0,,,0,0
内蒙,2025,历史类,高职(专科)批,179,伊春职业学院,,历史,288,21468,,,0,,,0,0
内蒙,2025,历史类,高职(专科)批,180,牡丹江大学,,历史,354,22675,,,0,,,0,0
内蒙,2025,历史类,高职(专科)批,183,石家庄理工职业学院,,历史,330,27816,,,0,,,0,0
内蒙,2025,历史类,高职(专科)批,204,包头职业技术学院,,历史,182,24596,,,0,,,0,0
内蒙,2025,历史类,高职(专科)批,206,河南职业技术学院,,历史,426,19513,,,0,,,0,0
内蒙,2025,历史类,高职(专科)批,212,山西机电职业技术学院,,历史,402,22562,,,0,,,0,0
内蒙,2025,历史类,高职(专科)批,215,威海职业学院,,历史,349,25823,,,0,,,0,0
内蒙,2025,历史类,高职(专科)批,216,山西省财政税务专科学校,,历史,379,15264,,,0,,,0,0
内蒙,2025,历史类,高职(专科)批,226,北京信息职业技术学院,,历史,409,20967,,,0,,,0,0
内蒙,2025,历史类,高职(专科)批,227,南昌工学院,,历史,241,30445,,,0,,,0,0
内蒙,2025,历史类,高职(专科)批,230,成都航空职业技术大学,,历史,442,17309,,,0,,,0,0
内蒙,2025,历史类,高职(专科)批,235,北京工业职业技术学院,,历史,408,20297,,,0,,,0,0
内蒙,2025,历史类,高职(专科)批,239,哈尔滨铁道职业技术学院,,历史,414,19778,,,0,,,0,0
内蒙,2025,历史类,高职(专科)批,245,湖南铁道职业技术学院,,历史,412,16745,,,0,,,0,0
内蒙,2025,历史类,高职(专科)批,247,四川交通职业技术学院,,历史,455,15526,,,0,,,0,0
内蒙,2025,历史类,高职(专科)批,248,武汉软件工程职业学院,,历史,405,22188,,,0,,,0,0
内蒙,2025,历史类,高职(专科)批,249,泰州职业技术学院,,历史,365,24839,,,0,,,0,0
内蒙,2025,历史类,高职(专科)批,255,辽宁广告职业学院,,历史,223,29306,,,0,,,0,0
内蒙,2025,历史类,高职(专科)批,256,青岛职业技术学院,,历史,420,15131,,,0,,,0,0
内蒙,2025,历史类,高职(专科)批,263,潍坊职业学院,,历史,386,24371,,,0,,,0,0
内蒙,2025,历史类,高职(专科)批,266,云南经济管理学院,,历史,263,31138,,,0,,,0,0
内蒙,2025,历史类,高职(专科)批,32,长沙民政职业技术学院,,历史,394,16205,,,0,,,0,0
内蒙,2025,历史类,高职(专科)批,344,三亚城市职业学院,,历史,211,27430,,,0,,,0,0
内蒙,2025,历史类,高职(专科)批,345,黑龙江林业职业技术学院,,历史,296,29699,,,0,,,0,0
内蒙,2025,历史类,高职(专科)批,351,石家庄铁路职业技术学院,,历史,447,15526,,,0,,,0,0
内蒙,2025,历史类,高职(专科)批,356,长春科技学院,,历史,210,30211,,,0,,,0,0
内蒙,2025,历史类,高职(专科)批,359,山东商业职业技术学院,,历史,368,20158,,,0,,,0,0
内蒙,2025,历史类,高职(专科)批,360,安徽中医药高等专科学校,,历史,417,14733,,,0,,,0,0
内蒙,2025,历史类,高职(专科)批,364,广州民航职业技术学院,,历史,424,13173,,,0,,,0,0
内蒙,2025,历史类,高职(专科)批,365,湖南邮电职业技术学院,,历史,396,23277,,,0,,,0,0
内蒙,2025,历史类,高职(专科)批,366,山西水利职业技术学院,,历史,389,24060,,,0,,,0,0
内蒙,2025,历史类,高职(专科)批,367,南昌理工学院,,历史,251,24596,,,0,,,0,0
内蒙,2025,历史类,高职(专科)批,37,齐齐哈尔高等师范专科学校,,历史,280,29306,,,0,,,0,0
内蒙,2025,历史类,高职(专科)批,371,河北科技学院,,历史,323,29749,,,0,,,0,0
内蒙,2025,历史类,高职(专科)批,372,上海出版印刷高等专科学校,,历史,420,19239,,,0,,,0,0
内蒙,2025,历史类,高职(专科)批,375,平顶山工业职业技术学院,,历史,382,23976,,,0,,,0,0
内蒙,2025,历史类,高职(专科)批,383,山东水利职业学院,,历史,360,26785,,,0,,,0,0
内蒙,2025,历史类,高职(专科)批,385,成都农业科技职业学院,,历史,456,15378,,,0,,,0,0
内蒙,2025,历史类,高职(专科)批,39,长春金融高等专科学校,,历史,384,19905,,,0,,,0,0
内蒙,2025,历史类,高职(专科)批,392,锦州师范高等专科学校,,历史,408,20019,,,0,,,0,0
内蒙,2025,历史类,高职(专科)批,400,青岛港湾职业技术学院,,历史,389,20835,,,0,,,0,0
内蒙,2025,历史类,高职(专科)批,401,西安城市建设职业学院,,历史,249,30877,,,0,,,0,0
内蒙,2025,历史类,高职(专科)批,407,武汉警官职业学院,,历史,418,19365,,,0,,,0,0
内蒙,2025,历史类,高职(专科)批,408,江苏食品药品职业技术学院,,历史,406,20835,,,0,,,0,0
内蒙,2025,历史类,高职(专科)批,424,桂林理工大学,,历史,379,22305,,,0,,,0,0
内蒙,2025,历史类,高职(专科)批,43,黑龙江商业职业学院,,历史,414,21087,,,0,,,0,0
内蒙,2025,历史类,高职(专科)批,431,大连科技学院,,历史,376,24269,,,0,,,0,0
内蒙,2025,历史类,高职(专科)批,434,张家界航空工业职业技术学院,,历史,403,20835,,,0,,,0,0
内蒙,2025,历史类,高职(专科)批,444,江西财经职业学院,,历史,379,24371,,,0,,,0,0
内蒙,2025,历史类,高职(专科)批,446,三峡大学科技学院,,历史,377,24474,,,0,,,0,0
内蒙,2025,历史类,高职(专科)批,460,山东化工职业学院,,历史,424,19778,,,0,,,0,0
内蒙,2025,历史类,高职(专科)批,485,枣庄科技职业学院,,历史,309,28394,,,0,,,0,0
内蒙,2025,历史类,高职(专科)批,486,抚州职业技术学院,,历史,407,21946,,,0,,,0,0
内蒙,2025,历史类,高职(专科)批,491,宝鸡职业技术学院,,历史,402,21593,,,0,,,0,0
内蒙,2025,历史类,高职(专科)批,514,西安思源学院,,历史,310,30483,,,0,,,0,0
内蒙,2025,历史类,高职(专科)批,524,漳州职业技术学院,,历史,423,19905,,,0,,,0,0
内蒙,2025,历史类,高职(专科)批,526,北京青年政治学院,,历史,423,14211,,,0,,,0,0
内蒙,2025,历史类,高职(专科)批,534,聊城职业技术学院,,历史,351,26785,,,0,,,0,0
内蒙,2025,历史类,高职(专科)批,536,北京经济技术职业学院,,历史,210,28911,,,0,,,0,0
内蒙,2025,历史类,高职(专科)批,540,淄博师范高等专科学校,,历史,319,26105,,,0,,,0,0
内蒙,2025,历史类,高职(专科)批,543,河北女子职业技术学院,,历史,397,23149,,,0,,,0,0
内蒙,2025,历史类,高职(专科)批,545,四川建筑职业技术学院,,历史,400,22807,,,0,,,0,0
内蒙,2025,历史类,高职(专科)批,558,天津市职业大学,,历史,429,14468,,,0,,,0,0
内蒙,2025,历史类,高职(专科)批,560,江西青年职业学院,,历史,330,25726,,,0,,,0,0
内蒙,2025,历史类,高职(专科)批,561,天津天狮学院,,历史,254,31939,,,0,,,0,0
内蒙,2025,历史类,高职(专科)批,565,天津滨海职业学院,,历史,388,17704,,,0,,,0,0
内蒙,2025,历史类,高职(专科)批,567,天津现代职业技术学院,,历史,408,13678,,,0,,,0,0
内蒙,2025,历史类,高职(专科)批,568,天津轻工职业技术学院,,历史,397,21087,,,0,,,0,0
内蒙,2025,历史类,高职(专科)批,569,天津电子信息职业技术学院,,历史,419,20019,,,0,,,0,0
内蒙,2025,历史类,高职(专科)批,571,天津机电职业技术学院,,历史,390,18667,,,0,,,0,0
内蒙,2025,历史类,高职(专科)批,572,天津渤海职业技术学院,,历史,348,21716,,,0,,,0,0
内蒙,2025,历史类,高职(专科)批,574,天津商务职业学院,,历史,405,19664,,,0,,,0,0
内蒙,2025,历史类,高职(专科)批,583,扬州职业技术大学,,历史,393,23651,,,0,,,0,0
内蒙,2025,历史类,高职(专科)批,585,西安明德理工学院,,历史,253,31939,,,0,,,0,0
内蒙,2025,历史类,高职(专科)批,587,天津交通职业学院,,历史,370,24164,,,0,,,0,0
内蒙,2025,历史类,高职(专科)批,588,湖北城市建设职业技术学院,,历史,336,28553,,,0,,,0,0
内蒙,2025,历史类,高职(专科)批,593,焦作大学,,历史,416,20835,,,0,,,0,0
内蒙,2025,历史类,高职(专科)批,601,开封大学,,历史,402,21222,,,0,,,0,0
内蒙,2025,历史类,高职(专科)批,606,湖南理工职业技术学院,,历史,403,22420,,,0,,,0,0
内蒙,2025,历史类,高职(专科)批,613,九江职业大学,,历史,355,26592,,,0,,,0,0
内蒙,2025,历史类,高职(专科)批,614,陕西国际商贸学院,,历史,354,27337,,,0,,,0,0
内蒙,2025,历史类,高职(专科)批,615,西安铁路职业技术学院,,历史,449,16333,,,0,,,0,0
内蒙,2025,历史类,高职(专科)批,618,陕西职业技术学院,,历史,332,28774,,,0,,,0,0
内蒙,2025,历史类,高职(专科)批,624,四川工程职业技术大学,,历史,397,21468,,,0,,,0,0
内蒙,2025,历史类,高职(专科)批,626,重庆城市管理职业学院,,历史,417,20707,,,0,,,0,0
内蒙,2025,历史类,高职(专科)批,635,西安职业技术学院,,历史,339,28774,,,0,,,0,0
内蒙,2025,历史类,高职(专科)批,653,江西应用科技学院,,历史,340,26876,,,0,,,0,0
内蒙,2025,历史类,高职(专科)批,655,江西信息应用职业技术学院,,历史,403,20707,,,0,,,0,0
内蒙,2025,历史类,高职(专科)批,656,江西医学高等专科学校,,历史,421,20158,,,0,,,0,0
内蒙,2025,历史类,高职(专科)批,657,江西电力职业技术学院,,历史,409,19082,,,0,,,0,0
内蒙,2025,历史类,高职(专科)批,660,浙江建设职业技术学院,,历史,391,17162,,,0,,,0,0
内蒙,2025,历史类,高职(专科)批,661,武汉工程职业技术学院,,历史,377,23392,,,0,,,0,0
内蒙,2025,历史类,高职(专科)批,662,荆州理工职业学院,,历史,366,25298,,,0,,,0,0
内蒙,2025,历史类,高职(专科)批,665,荆州职业技术学院,,历史,402,22562,,,0,,,0,0
内蒙,2025,历史类,高职(专科)批,673,武汉职业技术大学,,历史,410,15670,,,0,,,0,0
内蒙,2025,历史类,高职(专科)批,674,咸宁职业技术学院,,历史,335,27162,,,0,,,0,0
内蒙,2025,历史类,高职(专科)批,675,湖北职业技术学院,,历史,410,19513,,,0,,,0,0
内蒙,2025,历史类,高职(专科)批,682,黄冈职业技术学院,,历史,393,16894,,,0,,,0,0
内蒙,2025,历史类,高职(专科)批,683,武汉生物工程学院,,历史,278,30760,,,0,,,0,0
内蒙,2025,历史类,高职(专科)批,688,武汉商贸职业学院,,历史,369,26197,,,0,,,0,0
内蒙,2025,历史类,高职(专科)批,689,鄂州职业大学,,历史,360,26785,,,0,,,0,0
内蒙,2025,历史类,高职(专科)批,694,湖南工程职业技术学院,,历史,341,26197,,,0,,,0,0
内蒙,2025,历史类,高职(专科)批,706,长沙环境保护职业技术学院,,历史,345,28331,,,0,,,0,0
内蒙,2025,历史类,高职(专科)批,708,大庆医学高等专科学校,,历史,399,11557,,,0,,,0,0
内蒙,2025,历史类,高职(专科)批,709,武汉信息传播职业技术学院,,历史,220,32487,,,0,,,0,0
内蒙,2025,历史类,高职(专科)批,710,石家庄医学高等专科学校,,历史,368,20443,,,0,,,0,0
内蒙,2025,历史类,高职(专科)批,715,天津城市建设管理职业技术学院,,历史,361,23882,,,0,,,0,0
内蒙,2025,历史类,高职(专科)批,716,大连艺术学院,,历史,223,30520,,,0,,,0,0
内蒙,2025,历史类,高职(专科)批,721,陕西青年职业学院,,历史,396,22067,,,0,,,0,0
内蒙,2025,历史类,高职(专科)批,724,西安信息职业大学,,历史,227,26876,,,0,,,0,0
内蒙,2025,历史类,高职(专科)批,725,山西药科职业学院,,历史,422,17446,,,0,,,0,0
内蒙,2025,历史类,高职(专科)批,731,滨州职业学院,,历史,361,20967,,,0,,,0,0
内蒙,2025,历史类,高职(专科)批,732,山东力明科技职业学院,,历史,250,28625,,,0,,,0,0
内蒙,2025,历史类,高职(专科)批,735,山东科技职业学院,,历史,405,21468,,,0,,,0,0
内蒙,2025,历史类,高职(专科)批,736,张家口职业技术学院,,历史,344,27671,,,0,,,0,0
内蒙,2025,历史类,高职(专科)批,743,石家庄工程职业学院,,历史,194,31877,,,0,,,0,0
内蒙,2025,历史类,高职(专科)批,744,桂林旅游学院,,历史,394,22420,,,0,,,0,0
内蒙,2025,历史类,高职(专科)批,755,内蒙古农业大学,,历史,399,19082,,,0,,,0,0
内蒙,2025,历史类,高职(专科)批,762,吉林铁道职业技术大学,,历史,479,11038,,,0,,,0,0
内蒙,2025,历史类,高职(专科)批,763,黑龙江交通职业技术学院,,历史,412,15526,,,0,,,0,0
内蒙,2025,历史类,高职(专科)批,769,科尔沁艺术职业学院,,历史,195,31801,,,0,,,0,0
内蒙,2025,历史类,高职(专科)批,770,呼和浩特职业技术大学,,历史,295,18798,,,0,,,0,0
内蒙,2025,历史类,高职(专科)批,771,内蒙古建筑职业技术大学,,历史,260,26677,,,0,,,0,0
内蒙,2025,历史类,高职(专科)批,773,内蒙古警察学院,,历史,438,17852,,,0,,,0,0
内蒙,2025,历史类,高职(专科)批,774,内蒙古体育职业学院,,历史,308,29876,,,0,,,0,0
内蒙,2025,历史类,高职(专科)批,774,内蒙古体育职业学院,,"历史,政治,地理",262,29123,,,0,,,0,0
内蒙,2025,历史类,高职(专科)批,775,兴安职业技术大学,,历史,160,22807,,,0,,,0,0
内蒙,2025,历史类,高职(专科)批,776,内蒙古机电职业技术学院,,历史,270,22675,,,0,,,0,0
内蒙,2025,历史类,高职(专科)批,777,三峡电力职业学院,,历史,428,17852,,,0,,,0,0
内蒙,2025,历史类,高职(专科)批,778,内蒙古丰州职业学院,,历史,171,28911,,,0,,,0,0
内蒙,2025,历史类,高职(专科)批,779,内蒙古商贸职业学院,,历史,197,16471,,,0,,,0,0
内蒙,2025,历史类,高职(专科)批,780,郑州电力职业技术学院,,历史,376,23149,,,0,,,0,0
内蒙,2025,历史类,高职(专科)批,781,山东商务职业学院,,历史,414,20967,,,0,,,0,0
内蒙,2025,历史类,高职(专科)批,782,内蒙古化工职业学院,,历史,197,21348,,,0,,,0,0
内蒙,2025,历史类,高职(专科)批,783,内蒙古电子信息职业技术学院,,历史,192,23149,,,0,,,0,0
内蒙,2025,历史类,高职(专科)批,785,锡林郭勒职业学院,,历史,156,26592,,,0,,,0,0
内蒙,2025,历史类,高职(专科)批,786,山东城市建设职业学院,,历史,338,28067,,,0,,,0,0
内蒙,2025,历史类,高职(专科)批,792,乌兰察布职业学院,,历史,176,32345,,,0,,,0,0
内蒙,2025,历史类,高职(专科)批,792,乌兰察布职业学院,,"历史,化学",286,31356,,,0,,,0,0
内蒙,2025,历史类,高职(专科)批,792,乌兰察布职业学院,,"历史,地理",168,32212,,,0,,,0,0
内蒙,2025,历史类,高职(专科)批,792,乌兰察布职业学院,,"历史,生物",190,30800,,,0,,,0,0
内蒙,2025,历史类,高职(专科)批,794,通辽职业学院,,历史,171,21087,,,0,,,0,0
内蒙,2025,历史类,高职(专科)批,795,包头轻工职业技术学院,,历史,160,23149,,,0,,,0,0
内蒙,2025,历史类,高职(专科)批,811,盘锦职业技术学院,,历史,346,25298,,,0,,,0,0
内蒙,2025,历史类,高职(专科)批,813,营口职业技术学院,,历史,378,20297,,,0,,,0,0
内蒙,2025,历史类,高职(专科)批,815,山西职业技术学院,,历史,407,19513,,,0,,,0,0
内蒙,2025,历史类,高职(专科)批,816,辽宁省交通高等专科学校,,历史,345,18281,,,0,,,0,0
内蒙,2025,历史类,高职(专科)批,818,太原城市职业技术学院,,历史,378,25298,,,0,,,0,0
内蒙,2025,历史类,高职(专科)批,819,朝阳师范学院,,历史,382,21848,,,0,,,0,0
内蒙,2025,历史类,高职(专科)批,821,抚顺职业技术学院,,历史,332,26005,,,0,,,0,0
内蒙,2025,历史类,高职(专科)批,825,大连职业技术学院,,历史,365,24596,,,0,,,0,0
内蒙,2025,历史类,高职(专科)批,828,鹤岗师范高等专科学校,,历史,293,25919,,,0,,,0,0
内蒙,2025,历史类,高职(专科)批,831,长春医学高等专科学校,,历史,453,15264,,,0,,,0,0
内蒙,2025,历史类,高职(专科)批,833,吉林工业职业技术学院,,历史,353,27671,,,0,,,0,0
内蒙,2025,历史类,高职(专科)批,834,长春东方职业学院,,历史,249,30211,,,0,,,0,0
内蒙,2025,历史类,高职(专科)批,843,辽宁机电职业技术学院,,历史,359,27072,,,0,,,0,0
内蒙,2025,历史类,高职(专科)批,849,吉林工程职业学院,,历史,345,25823,,,0,,,0,0
内蒙,2025,历史类,高职(专科)批,850,吉林交通职业技术学院,,历史,407,20707,,,0,,,0,0
内蒙,2025,历史类,高职(专科)批,856,吉林电子信息职业技术学院,,历史,370,25628,,,0,,,0,0
内蒙,2025,历史类,高职(专科)批,861,青岛黄海学院,,历史,271,30089,,,0,,,0,0
内蒙,2025,历史类,高职(专科)批,862,邢台医学院,,历史,438,16205,,,0,,,0,0
内蒙,2025,历史类,高职(专科)批,866,湖北水利水电职业技术学院,,历史,386,22067,,,0,,,0,0
内蒙,2025,历史类,高职(专科)批,869,汉江师范学院,,历史,406,20707,,,0,,,0,0
内蒙,2025,历史类,高职(专科)批,87,青岛酒店管理职业技术学院,,历史,393,23651,,,0,,,0,0
内蒙,2025,历史类,高职(专科)批,888,黑龙江农垦职业学院,,历史,391,22305,,,0,,,0,0
内蒙,2025,历史类,高职(专科)批,890,黑龙江建筑职业技术学院,,历史,366,25726,,,0,,,0,0
内蒙,2025,历史类,高职(专科)批,893,大庆职业学院,,历史,378,23149,,,0,,,0,0
内蒙,2025,历史类,高职(专科)批,896,黑龙江农业工程职业学院,,历史,394,20967,,,0,,,0,0
内蒙,2025,历史类,高职(专科)批,898,黑龙江农业经济职业学院,,历史,404,21222,,,0,,,0,0
内蒙,2025,历史类,高职(专科)批,901,湖南工业职业技术学院,,历史,391,23882,,,0,,,0,0
内蒙,2025,历史类,高职(专科)批,902,上海工商外国语职业学院,,历史,337,28911,,,0,,,0,0
内蒙,2025,历史类,高职(专科)批,912,江西旅游商贸职业学院,,历史,387,23514,,,0,,,0,0
内蒙,2025,历史类,高职(专科)批,915,江苏农牧科技职业学院,,历史,410,19082,,,0,,,0,0
内蒙,2025,历史类,高职(专科)批,92,大兴安岭职业学院,,历史,304,27337,,,0,,,0,0
内蒙,2025,历史类,高职(专科)批,922,淮南职业技术学院,,历史,299,30947,,,0,,,0,0
内蒙,2025,历史类,高职(专科)批,923,海南职业技术学院,,历史,165,28470,,,0,,,0,0
内蒙,2025,历史类,高职(专科)批,926,海口经济学院,,历史,257,27816,,,0,,,0,0
内蒙,2025,历史类,高职(专科)批,933,湖北工业职业技术学院,,历史,306,27671,,,0,,,0,0
内蒙,2025,历史类,高职(专科)批,936,江西科技学院,,历史,374,25726,,,0,,,0,0
内蒙,2025,历史类,高职(专科)批,945,西安外事学院,,历史,338,26299,,,0,,,0,0
内蒙,2025,历史类,高职(专科)批,946,陕西能源职业技术学院,,历史,397,22305,,,0,,,0,0
内蒙,2025,历史类,高职(专科)批,950,西安培华学院,,历史,383,23392,,,0,,,0,0
内蒙,2025,历史类,高职(专科)批,951,西安翻译学院,,历史,378,25298,,,0,,,0,0
内蒙,2025,历史类,高职(专科)批,954,陕西工业职业技术学院,,历史,378,25298,,,0,,,0,0
内蒙,2025,历史类,高职(专科)批,960,四平职业大学,,历史,410,21087,,,0,,,0,0
内蒙,2025,历史类,高职(专科)批,967,重庆工业职业技术大学,,历史,420,20297,,,0,,,0,0
内蒙,2025,历史类,高职(专科)批,974,陕西铁路工程职业技术学院,,历史,421,16894,,,0,,,0,0
内蒙,2025,历史类,高职(专科)批,975,宁夏职业技术大学,,历史,381,24947,,,0,,,0,0
内蒙,2025,历史类,高职(专科)批,977,宁夏警官职业学院,,历史,424,19778,,,0,,,0,0
内蒙,2025,历史类,高职(专科)批,978,广东南华工商职业学院,,历史,399,21468,,,0,,,0,0
内蒙,2025,历史类,高职(专科)批,988,新疆农业职业技术大学,,历史,336,27337,,,0,,,0,0
内蒙,2025,历史类,高职(专科)批,,七台河职业学院,,历史,364,25187,,,0,,,0,0
内蒙,2025,历史类,高职(专科)批,,三亚中瑞酒店管理职业学院,,历史,238,30274,,,0,,,0,0
内蒙,2025,历史类,高职(专科)批,,三亚理工职业学院,,历史,323,29749,,,0,,,0,0
内蒙,2025,历史类,高职(专科)批,,三亚航空旅游职业学院,,历史,218,28331,,,0,,,0,0
内蒙,2025,历史类,高职(专科)批,,上海中侨职业技术大学,,历史,319,29306,,,0,,,0,0
内蒙,2025,历史类,高职(专科)批,,上海农林职业技术学院,,历史,415,18135,,,0,,,0,0
内蒙,2025,历史类,高职(专科)批,,上海城建职业学院,,历史,392,16894,,,0,,,0,0
内蒙,2025,历史类,高职(专科)批,,上海思博职业技术学院,,历史,300,30916,,,0,,,0,0
内蒙,2025,历史类,高职(专科)批,,上海民航职业技术学院,,历史,397,17446,,,0,,,0,0
内蒙,2025,历史类,高职(专科)批,,上海济光职业技术学院,,历史,372,25919,,,0,,,0,0
内蒙,2025,历史类,高职(专科)批,,上海科学技术职业学院,,历史,402,21087,,,0,,,0,0
内蒙,2025,历史类,高职(专科)批,,上海行健职业学院,,历史,397,22807,,,0,,,0,0
内蒙,2025,历史类,高职(专科)批,,上海邦德职业技术学院,,历史,208,30274,,,0,,,0,0
内蒙,2025,历史类,高职(专科)批,,东营科技职业学院,,历史,342,26503,,,0,,,0,0
内蒙,2025,历史类,高职(专科)批,,东营职业学院,,历史,364,22420,,,0,,,0,0
内蒙,2025,历史类,高职(专科)批,,临汾职业技术学院,,历史,423,19905,,,0,,,0,0
内蒙,2025,历史类,高职(专科)批,,乌兰察布医学高等专科学校,,历史,277,21348,,,0,,,0,0
内蒙,2025,历史类,高职(专科)批,,乌海职业技术学院,,历史,197,28331,,,0,,,0,0
内蒙,2025,历史类,高职(专科)批,,九州职业技术学院,,历史,380,25060,,,0,,,0,0
内蒙,2025,历史类,高职(专科)批,,云南三鑫职业技术学院,,历史,298,30980,,,0,,,0,0
内蒙,2025,历史类,高职(专科)批,,云南医药健康职业学院,,历史,344,25823,,,0,,,0,0
内蒙,2025,历史类,高职(专科)批,,云南理工职业学院,,历史,278,31567,,,0,,,0,0
内蒙,2025,历史类,高职(专科)批,,仙桃职业学院,,历史,403,22420,,,0,,,0,0
内蒙,2025,历史类,高职(专科)批,,佳木斯职业学院,,历史,253,31071,,,0,,,0,0
内蒙,2025,历史类,高职(专科)批,,保定职业技术学院,,历史,417,20707,,,0,,,0,0
内蒙,2025,历史类,高职(专科)批,,兰州外语职业学院,,历史,172,29816,,,0,,,0,0
内蒙,2025,历史类,高职(专科)批,,兰州现代职业学院,,历史,326,27072,,,0,,,0,0
内蒙,2025,历史类,高职(专科)批,,兰州石化职业技术大学,,历史,404,22305,,,0,,,0,0
内蒙,2025,历史类,高职(专科)批,,兰州资源环境职业技术大学,,历史,376,20835,,,0,,,0,0
内蒙,2025,历史类,高职(专科)批,,内蒙古丰州职业学院,,历史,176,31756,,,0,,,0,0
内蒙,2025,历史类,高职(专科)批,,内蒙古交通职业技术学院,,历史,162,28148,,,0,,,0,0
内蒙,2025,历史类,高职(专科)批,,内蒙古北方职业技术学院,,历史,161,26785,,,0,,,0,0
内蒙,2025,历史类,高职(专科)批,,内蒙古民族幼儿师范高等专科学校,,历史,180,25532,,,0,,,0,0
内蒙,2025,历史类,高职(专科)批,,内蒙古科技职业学院,,历史,203,32107,,,0,,,0,0
内蒙,2025,历史类,高职(专科)批,,内蒙古美术职业学院,,历史,204,31589,,,0,,,0,0
内蒙,2025,历史类,高职(专科)批,,内蒙古能源职业学院,,历史,160,32125,,,0,,,0,0
内蒙,2025,历史类,高职(专科)批,,内蒙古鸿德文理学院,,历史,170,29990,,,0,,,0,0
内蒙,2025,历史类,高职(专科)批,,包头钢铁职业技术学院,,历史,267,29123,,,0,,,0,0
内蒙,2025,历史类,高职(专科)批,,包头铁道职业技术学院,,历史,305,13946,,,0,,,0,0
内蒙,2025,历史类,高职(专科)批,,北京交通职业技术学院,,历史,384,24596,,,0,,,0,0
内蒙,2025,历史类,高职(专科)批,,北京交通运输职业学院,,历史,380,16617,,,0,,,0,0
内蒙,2025,历史类,高职(专科)批,,北京京北职业技术学院,,历史,389,21593,,,0,,,0,0
内蒙,2025,历史类,高职(专科)批,,北京农业职业学院,,历史,430,18943,,,0,,,0,0
内蒙,2025,历史类,高职(专科)批,,北京劳动保障职业学院,,历史,410,21593,,,0,,,0,0
内蒙,2025,历史类,高职(专科)批,,北京劳动保障职业学院,,"历史,政治",384,24596,,,0,,,0,0
内蒙,2025,历史类,高职(专科)批,,北京培黎职业学院,,历史,219,31779,,,0,,,0,0
内蒙,2025,历史类,高职(专科)批,,北京政法职业学院,,历史,405,20158,,,0,,,0,0
内蒙,2025,历史类,高职(专科)批,,北京汇佳职业学院,,历史,169,27337,,,0,,,0,0
内蒙,2025,历史类,高职(专科)批,,北京科技职业学院,,历史,291,31211,,,0,,,0,0
内蒙,2025,历史类,高职(专科)批,,北京经济管理职业学院,,历史,382,23514,,,0,,,0,0
内蒙,2025,历史类,高职(专科)批,,北京经贸职业学院,,历史,280,26785,,,0,,,0,0
内蒙,2025,历史类,高职(专科)批,,北京艺术传媒职业学院,,历史,352,27735,,,0,,,0,0
内蒙,2025,历史类,高职(专科)批,,北京财贸职业学院,,历史,421,13817,,,0,,,0,0
内蒙,2025,历史类,高职(专科)批,,南京科技职业学院,,历史,433,16617,,,0,,,0,0
内蒙,2025,历史类,高职(专科)批,,南充电影工业职业学院,,历史,390,23976,,,0,,,0,0
内蒙,2025,历史类,高职(专科)批,,南充科技职业学院,,历史,313,30331,,,0,,,0,0
内蒙,2025,历史类,高职(专科)批,,南阳医学高等专科学校,,历史,438,12933,,,0,,,0,0
内蒙,2025,历史类,高职(专科)批,,南阳职业学院,,历史,232,32411,,,0,,,0,0
内蒙,2025,历史类,高职(专科)批,,厦门华天涉外职业技术学院,,历史,336,27245,,,0,,,0,0
内蒙,2025,历史类,高职(专科)批,,可克达拉职业技术学院,,历史,225,28470,,,0,,,0,0
内蒙,2025,历史类,高职(专科)批,,吉林水利电力职业学院,,历史,386,24371,,,0,,,0,0
内蒙,2025,历史类,高职(专科)批,,吉林科技职业技术学院,,历史,215,31356,,,0,,,0,0
内蒙,2025,历史类,高职(专科)批,,吉林职业技术学院,,历史,235,30760,,,0,,,0,0
内蒙,2025,历史类,高职(专科)批,,吐鲁番职业技术学院,,历史,269,28470,,,0,,,0,0
内蒙,2025,历史类,高职(专科)批,,周口职业技术学院,,历史,355,24060,,,0,,,0,0
内蒙,2025,历史类,高职(专科)批,,呼伦贝尔职业技术学院,,历史,179,26785,,,0,,,0,0
内蒙,2025,历史类,高职(专科)批,,哈尔滨北方航空职业技术学院,,历史,268,28832,,,0,,,0,0
内蒙,2025,历史类,高职(专科)批,,哈尔滨应用职业技术学院,,历史,211,29816,,,0,,,0,0
内蒙,2025,历史类,高职(专科)批,,哈尔滨科学技术职业学院,,历史,355,24269,,,0,,,0,0
内蒙,2025,历史类,高职(专科)批,,唐山工业职业技术大学,,历史,416,19778,,,0,,,0,0
内蒙,2025,历史类,高职(专科)批,,唐山幼儿师范高等专科学校,,历史,366,22675,,,0,,,0,0
内蒙,2025,历史类,高职(专科)批,,唐山职业技术学院,,历史,422,14733,,,0,,,0,0
内蒙,2025,历史类,高职(专科)批,,商洛职业技术学院,,历史,435,18281,,,0,,,0,0
内蒙,2025,历史类,高职(专科)批,,四川国际标榜职业学院,,历史,165,31387,,,0,,,0,0
内蒙,2025,历史类,高职(专科)批,,四川城市职业学院,,历史,331,26105,,,0,,,0,0
内蒙,2025,历史类,高职(专科)批,,四川应用技术职业学院,,历史,232,26785,,,0,,,0,0
内蒙,2025,历史类,高职(专科)批,,四川文化传媒职业学院,,历史,245,31779,,,0,,,0,0
内蒙,2025,历史类,高职(专科)批,,四川水利职业技术学院,,历史,402,22305,,,0,,,0,0
内蒙,2025,历史类,高职(专科)批,,四川汽车职业技术学院,,历史,265,31891,,,0,,,0,0
内蒙,2025,历史类,高职(专科)批,,四川西南航空职业学院,,历史,218,28699,,,0,,,0,0
内蒙,2025,历史类,高职(专科)批,,大同师范高等专科学校,,历史,404,20019,,,0,,,0,0
内蒙,2025,历史类,高职(专科)批,,大连枫叶职业技术学院,,历史,267,29485,,,0,,,0,0
内蒙,2025,历史类,高职(专科)批,,大连财经学院,,历史,382,21222,,,0,,,0,0
内蒙,2025,历史类,高职(专科)批,,天府新区信息职业学院,,历史,240,30877,,,0,,,0,0
内蒙,2025,历史类,高职(专科)批,,天府新区航空旅游职业学院,,历史,168,29876,,,0,,,0,0
内蒙,2025,历史类,高职(专科)批,,天津国土资源和房屋职业学院,,历史,346,24712,,,0,,,0,0
内蒙,2025,历史类,高职(专科)批,,天津城市职业学院,,历史,363,22924,,,0,,,0,0
内蒙,2025,历史类,高职(专科)批,,天津工业职业学院,,历史,381,24269,,,0,,,0,0
内蒙,2025,历史类,高职(专科)批,,天津海运职业学院,,历史,385,19664,,,0,,,0,0
内蒙,2025,历史类,高职(专科)批,,天津滨海汽车工程职业学院,,历史,208,29816,,,0,,,0,0
内蒙,2025,历史类,高职(专科)批,,天津生物工程职业技术学院,,历史,369,22675,,,0,,,0,0
内蒙,2025,历史类,高职(专科)批,,天津石油职业技术学院,,历史,378,21348,,,0,,,0,0
内蒙,2025,历史类,高职(专科)批,,天津艺术职业学院,,历史,340,22562,,,0,,,0,0
内蒙,2025,历史类,高职(专科)批,,天津铁道职业技术学院,,历史,409,21593,,,0,,,0,0
内蒙,2025,历史类,高职(专科)批,,威海海洋职业学院,,历史,418,20570,,,0,,,0,0
内蒙,2025,历史类,高职(专科)批,,宁夏葡萄酒与防沙治沙职业技术学院,,历史,317,27976,,,0,,,0,0
内蒙,2025,历史类,高职(专科)批,,宁夏财经职业技术学院,,历史,416,20835,,,0,,,0,0
内蒙,2025,历史类,高职(专科)批,,安阳职业技术学院,,历史,375,21468,,,0,,,0,0
内蒙,2025,历史类,高职(专科)批,,宜春职业技术学院,,历史,405,21348,,,0,,,0,0
内蒙,2025,历史类,高职(专科)批,,宝鸡中北职业学院,,历史,261,29876,,,0,,,0,0
内蒙,2025,历史类,高职(专科)批,,宿迁职业技术学院,,历史,224,31567,,,0,,,0,0
内蒙,2025,历史类,高职(专科)批,,山东中医药高等专科学校,,历史,441,16333,,,0,,,0,0
内蒙,2025,历史类,高职(专科)批,,山东交通职业学院,,历史,404,22305,,,0,,,0,0
内蒙,2025,历史类,高职(专科)批,,山东传媒职业学院,,历史,401,21716,,,0,,,0,0
内蒙,2025,历史类,高职(专科)批,,山东信息职业技术学院,,历史,395,22305,,,0,,,0,0
内蒙,2025,历史类,高职(专科)批,,山东司法警官职业学院,,历史,427,19082,,,0,,,0,0
内蒙,2025,历史类,高职(专科)批,,山东圣翰财贸职业学院,,历史,228,31037,,,0,,,0,0
内蒙,2025,历史类,高职(专科)批,,山东工业职业学院,,历史,273,31693,,,0,,,0,0
内蒙,2025,历史类,高职(专科)批,,山东文化产业职业学院,,历史,211,29366,,,0,,,0,0
内蒙,2025,历史类,高职(专科)批,,山东旅游职业学院,,历史,332,28911,,,0,,,0,0
内蒙,2025,历史类,高职(专科)批,,山东畜牧兽医职业学院,,历史,435,17852,,,0,,,0,0
内蒙,2025,历史类,高职(专科)批,,山东经贸职业学院,,历史,380,23514,,,0,,,0,0
内蒙,2025,历史类,高职(专科)批,,山东药品食品职业学院,,历史,393,21946,,,0,,,0,0
内蒙,2025,历史类,高职(专科)批,,山西工程职业学院,,历史,371,25298,,,0,,,0,0
内蒙,2025,历史类,高职(专科)批,,山西管理职业学院,,历史,395,23392,,,0,,,0,0
内蒙,2025,历史类,高职(专科)批,,山西金融职业学院,,历史,432,18667,,,0,,,0,0
内蒙,2025,历史类,高职(专科)批,,岳阳职业技术学院,,历史,408,20967,,,0,,,0,0
内蒙,2025,历史类,高职(专科)批,,巴中职业技术学院,,历史,200,31274,,,0,,,0,0
内蒙,2025,历史类,高职(专科)批,,常州机电职业技术学院,,历史,421,17704,,,0,,,0,0
内蒙,2025,历史类,高职(专科)批,,平凉职业技术学院,,历史,283,30150,,,0,,,0,0
内蒙,2025,历史类,高职(专科)批,,广东肇庆航空职业学院,,历史,250,27735,,,0,,,0,0
内蒙,2025,历史类,高职(专科)批,,广东轻工职业技术大学,,历史,400,22807,,,0,,,0,0
内蒙,2025,历史类,高职(专科)批,,广元中核职业技术学院,,历史,400,19905,,,0,,,0,0
内蒙,2025,历史类,高职(专科)批,,广州华立科技职业学院,,历史,330,25919,,,0,,,0,0
内蒙,2025,历史类,高职(专科)批,,广西国际商务职业技术学院,,历史,252,29183,,,0,,,0,0
内蒙,2025,历史类,高职(专科)批,,广西幼儿师范高等专科学校,,历史,280,30483,,,0,,,0,0
内蒙,2025,历史类,高职(专科)批,,广西生态工程职业技术学院,,历史,206,29366,,,0,,,0,0
内蒙,2025,历史类,高职(专科)批,,广西电力职业技术学院,,历史,393,21716,,,0,,,0,0
内蒙,2025,历史类,高职(专科)批,,广西自然资源职业技术学院,,历史,330,27976,,,0,,,0,0
内蒙,2025,历史类,高职(专科)批,,张家口学院,,历史,455,15264,,,0,,,0,0
内蒙,2025,历史类,高职(专科)批,,徐州工业职业技术学院,,历史,410,20297,,,0,,,0,0
内蒙,2025,历史类,高职(专科)批,,德州工程职业学院,,历史,325,29595,,,0,,,0,0
内蒙,2025,历史类,高职(专科)批,,德州职业技术学院,,历史,259,31071,,,0,,,0,0
内蒙,2025,历史类,高职(专科)批,,德阳农业科技职业学院,,历史,263,27245,,,0,,,0,0
内蒙,2025,历史类,高职(专科)批,,德阳城市轨道交通职业学院,,历史,213,31138,,,0,,,0,0
内蒙,2025,历史类,高职(专科)批,,怀化职业技术学院,,历史,316,28553,,,0,,,0,0
内蒙,2025,历史类,高职(专科)批,,扎兰屯职业学院,,历史,202,23651,,,0,,,0,0
内蒙,2025,历史类,高职(专科)批,,扬州中瑞酒店职业学院,,历史,266,31877,,,0,,,0,0
内蒙,2025,历史类,高职(专科)批,,承德护理职业学院,,历史,427,18943,,,0,,,0,0
内蒙,2025,历史类,高职(专科)批,,抚州医药学院,,历史,445,16894,,,0,,,0,0
内蒙,2025,历史类,高职(专科)批,,新疆和田学院,,历史,383,23277,,,0,,,0,0
内蒙,2025,历史类,高职(专科)批,,新疆生产建设兵团兴新职业技术学院,,历史,250,32169,,,0,,,0,0
内蒙,2025,历史类,高职(专科)批,,新疆石河子职业技术学院,,历史,331,22420,,,0,,,0,0
内蒙,2025,历史类,高职(专科)批,,新疆职业大学,,历史,330,26503,,,0,,,0,0
内蒙,2025,历史类,高职(专科)批,,新疆警察学院,,历史,405,21348,,,0,,,0,0
内蒙,2025,历史类,高职(专科)批,,日照航海工程职业学院,,历史,227,30620,,,0,,,0,0
内蒙,2025,历史类,高职(专科)批,,昆明卫生职业学院,,"历史,化学",196,32644,,,0,,,0,0
内蒙,2025,历史类,高职(专科)批,,昆玉职业技术学院,,历史,227,29427,,,0,,,0,0
内蒙,2025,历史类,高职(专科)批,,明达职业技术学院,,历史,237,31138,,,0,,,0,0
内蒙,2025,历史类,高职(专科)批,,景德镇陶瓷职业技术学院,,历史,265,31891,,,0,,,0,0
内蒙,2025,历史类,高职(专科)批,,曲阜远东职业技术学院,,历史,283,31431,,,0,,,0,0
内蒙,2025,历史类,高职(专科)批,,松原职业技术学院,,历史,318,28699,,,0,,,0,0
内蒙,2025,历史类,高职(专科)批,,枣庄职业学院,,历史,419,15526,,,0,,,0,0
内蒙,2025,历史类,高职(专科)批,,柳州城市职业学院,,历史,304,26197,,,0,,,0,0
内蒙,2025,历史类,高职(专科)批,,柳州铁道职业技术学院,,历史,412,21087,,,0,,,0,0
内蒙,2025,历史类,高职(专科)批,,桂林信息工程职业学院,,历史,279,28832,,,0,,,0,0
内蒙,2025,历史类,高职(专科)批,,桂林师范学院,,历史,401,20297,,,0,,,0,0
内蒙,2025,历史类,高职(专科)批,,桂林生命与健康职业技术学院,,历史,223,30274,,,0,,,0,0
内蒙,2025,历史类,高职(专科)批,,榆林职业技术学院,,历史,326,29595,,,0,,,0,0
内蒙,2025,历史类,高职(专科)批,,榆林能源科技职业学院,,历史,341,28625,,,0,,,0,0
内蒙,2025,历史类,高职(专科)批,,武汉交通职业学院,,历史,334,25532,,,0,,,0,0
内蒙,2025,历史类,高职(专科)批,,武汉工商学院,,历史,365,26592,,,0,,,0,0
内蒙,2025,历史类,高职(专科)批,,武汉民政职业学院,,历史,387,16617,,,0,,,0,0
内蒙,2025,历史类,高职(专科)批,,武汉电力职业技术学院,,历史,448,13551,,,0,,,0,0
内蒙,2025,历史类,高职(专科)批,,武汉纺织大学外经贸学院,,历史,391,23780,,,0,,,0,0
内蒙,2025,历史类,高职(专科)批,,武汉船舶职业技术学院,,历史,354,27072,,,0,,,0,0
内蒙,2025,历史类,高职(专科)批,,武汉铁路职业技术学院,,历史,425,13173,,,0,,,0,0
内蒙,2025,历史类,高职(专科)批,,民政职业大学,,历史,382,14867,,,0,,,0,0
内蒙,2025,历史类,高职(专科)批,,江汉艺术职业学院,,历史,352,26503,,,0,,,0,0
内蒙,2025,历史类,高职(专科)批,,江苏海事职业技术学院,,历史,424,19778,,,0,,,0,0
内蒙,2025,历史类,高职(专科)批,,江苏电子信息职业学院,,历史,370,26105,,,0,,,0,0
内蒙,2025,历史类,高职(专科)批,,江苏航空职业技术学院,,历史,420,17162,,,0,,,0,0
内蒙,2025,历史类,高职(专科)批,,江苏财经职业技术学院,,历史,405,17852,,,0,,,0,0
内蒙,2025,历史类,高职(专科)批,,江西外语外贸职业学院,,历史,324,25628,,,0,,,0,0
内蒙,2025,历史类,高职(专科)批,,江西婺源茶业职业学院,,历史,386,24371,,,0,,,0,0
内蒙,2025,历史类,高职(专科)批,,江西工程职业学院,,历史,406,22067,,,0,,,0,0
内蒙,2025,历史类,高职(专科)批,,江西师范高等专科学校,,历史,392,23277,,,0,,,0,0
内蒙,2025,历史类,高职(专科)批,,江西建设职业技术学院,,历史,330,28394,,,0,,,0,0
内蒙,2025,历史类,高职(专科)批,,江西新能源科技职业学院,,历史,327,28625,,,0,,,0,0
内蒙,2025,历史类,高职(专科)批,,江西环境工程职业学院,,历史,321,29252,,,0,,,0,0
内蒙,2025,历史类,高职(专科)批,,江西职业技术大学,,历史,404,19513,,,0,,,0,0
内蒙,2025,历史类,高职(专科)批,,江西航空职业技术学院,,历史,369,23780,,,0,,,0,0
内蒙,2025,历史类,高职(专科)批,,沈阳职业技术学院,,历史,355,22305,,,0,,,0,0
内蒙,2025,历史类,高职(专科)批,,沧州医学高等专科学校,,历史,457,11307,,,0,,,0,0
内蒙,2025,历史类,高职(专科)批,,河北交通职业技术学院,,历史,396,23277,,,0,,,0,0
内蒙,2025,历史类,高职(专科)批,,河北劳动关系职业学院,,历史,349,26503,,,0,,,0,0
内蒙,2025,历史类,高职(专科)批,,河北化工医药职业技术学院,,历史,439,17704,,,0,,,0,0
内蒙,2025,历史类,高职(专科)批,,河北正定师范高等专科学校,,历史,354,27591,,,0,,,0,0
内蒙,2025,历史类,高职(专科)批,,河北科技工程职业技术大学,,历史,354,27591,,,0,,,0,0
内蒙,2025,历史类,高职(专科)批,,河北资源环境职业技术学院,,历史,346,27895,,,0,,,0,0
内蒙,2025,历史类,高职(专科)批,,河北轨道运输职业技术学院,,历史,441,16894,,,0,,,0,0
内蒙,2025,历史类,高职(专科)批,,河南农业职业学院,,历史,420,20297,,,0,,,0,0
内蒙,2025,历史类,高职(专科)批,,河南地矿职业学院,,历史,363,19082,,,0,,,0,0
内蒙,2025,历史类,高职(专科)批,,河南工业和信息化职业学院,,历史,340,28699,,,0,,,0,0
内蒙,2025,历史类,高职(专科)批,,河南测绘职业学院,,历史,348,27501,,,0,,,0,0
内蒙,2025,历史类,高职(专科)批,,泉州海洋职业学院,,历史,369,23780,,,0,,,0,0
内蒙,2025,历史类,高职(专科)批,,泉州纺织服装职业学院,,历史,364,26677,,,0,,,0,0
内蒙,2025,历史类,高职(专科)批,,泰山科技学院,,历史,178,32333,,,0,,,0,0
内蒙,2025,历史类,高职(专科)批,,泸州医疗器械职业学院,,历史,251,29749,,,0,,,0,0
内蒙,2025,历史类,高职(专科)批,,济南护理职业学院,,历史,433,16471,,,0,,,0,0
内蒙,2025,历史类,高职(专科)批,,济宁职业技术学院,,历史,410,21593,,,0,,,0,0
内蒙,2025,历史类,高职(专科)批,,济源职业技术学院,,历史,340,25726,,,0,,,0,0
内蒙,2025,历史类,高职(专科)批,,浙江商业职业技术学院,,历史,401,18135,,,0,,,0,0
内蒙,2025,历史类,高职(专科)批,,浙江工商职业技术学院,,历史,419,20019,,,0,,,0,0
内蒙,2025,历史类,高职(专科)批,,浙江机电职业技术大学,,历史,407,21946,,,0,,,0,0
内蒙,2025,历史类,高职(专科)批,,浙江经贸职业技术学院,,历史,403,14211,,,0,,,0,0
内蒙,2025,历史类,高职(专科)批,,海南东方新丝路职业学院,,历史,311,28911,,,0,,,0,0
内蒙,2025,历史类,高职(专科)批,,海南科技职业大学,,历史,173,32644,,,0,,,0,0
内蒙,2025,历史类,高职(专科)批,,淄博职业技术大学,,历史,411,20570,,,0,,,0,0
内蒙,2025,历史类,高职(专科)批,,渤海理工职业学院,,历史,368,26299,,,0,,,0,0
内蒙,2025,历史类,高职(专科)批,,渭南职业技术学院,,历史,404,19905,,,0,,,0,0
内蒙,2025,历史类,高职(专科)批,,湖北三峡职业技术学院,,历史,382,24839,,,0,,,0,0
内蒙,2025,历史类,高职(专科)批,,湖北国土资源职业学院,,历史,376,23780,,,0,,,0,0
内蒙,2025,历史类,高职(专科)批,,湖北生态工程职业技术学院,,历史,345,27895,,,0,,,0,0
内蒙,2025,历史类,高职(专科)批,,湖北生物科技职业学院,,历史,379,24947,,,0,,,0,0
内蒙,2025,历史类,高职(专科)批,,湖北财税职业学院,,历史,439,16073,,,0,,,0,0
内蒙,2025,历史类,高职(专科)批,,湖南交通职业技术学院,,历史,382,24839,,,0,,,0,0
内蒙,2025,历史类,高职(专科)批,,湖南化工职业技术学院,,历史,359,24839,,,0,,,0,0
内蒙,2025,历史类,高职(专科)批,,湖南商务职业技术学院,,历史,343,26503,,,0,,,0,0
内蒙,2025,历史类,高职(专科)批,,湖南大众传媒职业技术学院,,历史,423,18943,,,0,,,0,0
内蒙,2025,历史类,高职(专科)批,,湖南机电职业技术学院,,历史,401,22420,,,0,,,0,0
内蒙,2025,历史类,高职(专科)批,,湖南民族职业学院,,历史,377,25405,,,0,,,0,0
内蒙,2025,历史类,高职(专科)批,,湖南水利水电职业技术学院,,历史,384,19778,,,0,,,0,0
内蒙,2025,历史类,高职(专科)批,,湖南石油化工职业技术学院,,历史,399,22924,,,0,,,0,0
内蒙,2025,历史类,高职(专科)批,,湖南财经工业职业技术学院,,历史,413,21222,,,0,,,0,0
内蒙,2025,历史类,高职(专科)批,,湖南高速铁路职业技术学院,,历史,427,17852,,,0,,,0,0
内蒙,2025,历史类,高职(专科)批,,湘潭医卫职业技术学院,,历史,419,20443,,,0,,,0,0
内蒙,2025,历史类,高职(专科)批,,满洲里俄语职业学院,,历史,160,29485,,,0,,,0,0
内蒙,2025,历史类,高职(专科)批,,潍坊工商职业学院,,历史,307,29699,,,0,,,0,0
内蒙,2025,历史类,高职(专科)批,,濮阳医学高等专科学校,,历史,426,19365,,,0,,,0,0
内蒙,2025,历史类,高职(专科)批,,濮阳职业技术学院,,历史,386,24371,,,0,,,0,0
内蒙,2025,历史类,高职(专科)批,,炎黄职业技术学院,,历史,315,30211,,,0,,,0,0
内蒙,2025,历史类,高职(专科)批,,烟台汽车工程职业学院,,历史,347,25919,,,0,,,0,0
内蒙,2025,历史类,高职(专科)批,,烟台黄金职业学院,,历史,264,31624,,,0,,,0,0
内蒙,2025,历史类,高职(专科)批,,珠海艺术职业学院,,历史,276,31624,,,0,,,0,0
内蒙,2025,历史类,高职(专科)批,,甘肃交通职业技术学院,,历史,412,21348,,,0,,,0,0
内蒙,2025,历史类,高职(专科)批,,甘肃建筑职业技术学院,,历史,361,26978,,,0,,,0,0
内蒙,2025,历史类,高职(专科)批,,甘肃有色冶金职业技术学院,,历史,363,26785,,,0,,,0,0
内蒙,2025,历史类,高职(专科)批,,甘肃林业职业技术大学,,历史,273,27816,,,0,,,0,0
内蒙,2025,历史类,高职(专科)批,,白城医学高等专科学校,,历史,445,15792,,,0,,,0,0
内蒙,2025,历史类,高职(专科)批,,白城职业技术学院,,历史,403,22420,,,0,,,0,0
内蒙,2025,历史类,高职(专科)批,,白银矿冶职业技术学院,,历史,350,27816,,,0,,,0,0
内蒙,2025,历史类,高职(专科)批,,益阳医学高等专科学校,,历史,427,12570,,,0,,,0,0
内蒙,2025,历史类,高职(专科)批,,眉山药科职业学院,,历史,318,30038,,,0,,,0,0
内蒙,2025,历史类,高职(专科)批,,石家庄人民医学高等专科学校,,历史,414,21087,,,0,,,0,0
内蒙,2025,历史类,高职(专科)批,,石家庄工商职业学院,,历史,351,27816,,,0,,,0,0
内蒙,2025,历史类,高职(专科)批,,石家庄幼儿师范高等专科学校,,历史,363,26785,,,0,,,0,0
内蒙,2025,历史类,高职(专科)批,,石家庄科技信息职业学院,,历史,236,28470,,,0,,,0,0
内蒙,2025,历史类,高职(专科)批,,石家庄科技职业学院,,历史,239,32310,,,0,,,0,0
内蒙,2025,历史类,高职(专科)批,,石家庄邮电职业技术学院,,历史,457,11683,,,0,,,0,0
内蒙,2025,历史类,高职(专科)批,,石河子工程职业技术学院,,历史,174,30211,,,0,,,0,0
内蒙,2025,历史类,高职(专科)批,,秦皇岛工业职业技术学院,,历史,377,21468,,,0,,,0,0
内蒙,2025,历史类,高职(专科)批,,绵阳飞行职业学院,,历史,171,31939,,,0,,,0,0
内蒙,2025,历史类,高职(专科)批,,自贡职业技术学院,,历史,251,32153,,,0,,,0,0
内蒙,2025,历史类,高职(专科)批,,苏州百年职业学院,,历史,199,32181,,,0,,,0,0
内蒙,2025,历史类,高职(专科)批,,苏州高博职业学院,,历史,295,28832,,,0,,,0,0
内蒙,2025,历史类,高职(专科)批,,莱芜职业技术学院,,历史,360,26503,,,0,,,0,0
内蒙,2025,历史类,高职(专科)批,,菏泽家政职业学院,,历史,369,24269,,,0,,,0,0
内蒙,2025,历史类,高职(专科)批,,衡水职业技术学院,,历史,409,21716,,,0,,,0,0
内蒙,2025,历史类,高职(专科)批,,襄阳职业技术学院,,历史,453,15792,,,0,,,0,0
内蒙,2025,历史类,高职(专科)批,,西南交通大学希望学院,,历史,391,21348,,,0,,,0,0
内蒙,2025,历史类,高职(专科)批,,西安医学高等专科学校,,历史,428,19239,,,0,,,0,0
内蒙,2025,历史类,高职(专科)批,,西安汽车职业大学,,历史,194,26677,,,0,,,0,0
内蒙,2025,历史类,高职(专科)批,,西安海棠职业学院,,历史,342,23651,,,0,,,0,0
内蒙,2025,历史类,高职(专科)批,,西安航空职业技术学院,,历史,421,20019,,,0,,,0,0
内蒙,2025,历史类,高职(专科)批,,贵州工商职业学院,,历史,244,31330,,,0,,,0,0
内蒙,2025,历史类,高职(专科)批,,贵州工贸职业学院,,历史,348,28067,,,0,,,0,0
内蒙,2025,历史类,高职(专科)批,,贵州应用技术职业学院,,历史,253,30331,,,0,,,0,0
内蒙,2025,历史类,高职(专科)批,,资阳环境科技职业学院,,历史,298,30620,,,0,,,0,0
内蒙,2025,历史类,高职(专科)批,,赤峰工业职业技术学院,,历史,200,26978,,,0,,,0,0
内蒙,2025,历史类,高职(专科)批,,赤峰应用技术职业学院,,历史,193,24060,,,0,,,0,0
内蒙,2025,历史类,高职(专科)批,,辽宁传媒学院,,历史,221,32040,,,0,,,0,0
内蒙,2025,历史类,高职(专科)批,,辽宁何氏医学院,,历史,401,22675,,,0,,,0,0
内蒙,2025,历史类,高职(专科)批,,辽宁农业职业技术学院,,历史,285,28252,,,0,,,0,0
内蒙,2025,历史类,高职(专科)批,,辽宁医药职业学院,,历史,414,16205,,,0,,,0,0
内蒙,2025,历史类,高职(专科)批,,辽宁地质工程职业学院,,历史,338,28394,,,0,,,0,0
内蒙,2025,历史类,高职(专科)批,,辽宁工程职业学院,,历史,364,23780,,,0,,,0,0
内蒙,2025,历史类,高职(专科)批,,辽宁建筑职业学院,,历史,383,24164,,,0,,,0,0
内蒙,2025,历史类,高职(专科)批,,辽宁民族师范高等专科学校,,历史,362,23034,,,0,,,0,0
内蒙,2025,历史类,高职(专科)批,,辽宁现代服务职业技术学院,,历史,339,27816,,,0,,,0,0
内蒙,2025,历史类,高职(专科)批,,辽宁生态工程职业学院,,历史,348,21593,,,0,,,0,0
内蒙,2025,历史类,高职(专科)批,,辽宁经济职业技术学院,,历史,400,20835,,,0,,,0,0
内蒙,2025,历史类,高职(专科)批,,辽宁职业学院,,历史,356,27245,,,0,,,0,0
内蒙,2025,历史类,高职(专科)批,,辽宁轻工职业学院,,历史,354,17309,,,0,,,0,0
内蒙,2025,历史类,高职(专科)批,,辽宁金融职业学院,,历史,419,19082,,,0,,,0,0
内蒙,2025,历史类,高职(专科)批,,运城师范高等专科学校,,历史,366,26404,,,0,,,0,0
内蒙,2025,历史类,高职(专科)批,,运城幼儿师范高等专科学校,,历史,342,28148,,,0,,,0,0
内蒙,2025,历史类,高职(专科)批,,运城护理职业学院,,历史,447,16617,,,0,,,0,0
内蒙,2025,历史类,高职(专科)批,,通化医药健康职业学院,,历史,407,21716,,,0,,,0,0
内蒙,2025,历史类,高职(专科)批,,邢台新能源职业学院,,历史,370,26105,,,0,,,0,0
内蒙,2025,历史类,高职(专科)批,,郑州信息工程职业学院,,历史,220,32411,,,0,,,0,0
内蒙,2025,历史类,高职(专科)批,,郑州健康学院,,历史,406,19664,,,0,,,0,0
内蒙,2025,历史类,高职(专科)批,,郑州旅游职业学院,,历史,355,27501,,,0,,,0,0
内蒙,2025,历史类,高职(专科)批,,鄂尔多斯生态环境职业学院,,历史,163,27895,,,0,,,0,0
内蒙,2025,历史类,高职(专科)批,,鄂尔多斯职业学院,,历史,196,21348,,,0,,,0,0
内蒙,2025,历史类,高职(专科)批,,酒泉职业技术大学,,历史,338,28832,,,0,,,0,0
内蒙,2025,历史类,高职(专科)批,,重庆三峡职业学院,,历史,412,20967,,,0,,,0,0
内蒙,2025,历史类,高职(专科)批,,重庆信息技术职业学院,,历史,231,31274,,,0,,,0,0
内蒙,2025,历史类,高职(专科)批,,重庆商务职业学院,,历史,412,21348,,,0,,,0,0
内蒙,2025,历史类,高职(专科)批,,重庆工商职业学院,,历史,400,22807,,,0,,,0,0
内蒙,2025,历史类,高职(专科)批,,重庆建筑科技职业学院,,历史,253,31877,,,0,,,0,0
内蒙,2025,历史类,高职(专科)批,,重庆水利电力职业技术学院,,历史,408,20835,,,0,,,0,0
内蒙,2025,历史类,高职(专科)批,,重庆海联职业技术学院,,历史,204,29749,,,0,,,0,0
内蒙,2025,历史类,高职(专科)批,,重庆现代制造职业学院,,历史,229,27072,,,0,,,0,0
内蒙,2025,历史类,高职(专科)批,,重庆科技职业学院,,历史,218,26785,,,0,,,0,0
内蒙,2025,历史类,高职(专科)批,,重庆航天职业技术学院,,历史,367,26197,,,0,,,0,0
内蒙,2025,历史类,高职(专科)批,,重庆财经职业学院,,历史,414,20158,,,0,,,0,0
内蒙,2025,历史类,高职(专科)批,,重庆轻工职业学院,,历史,264,29699,,,0,,,0,0
内蒙,2025,历史类,高职(专科)批,,重庆青年职业技术学院,,历史,405,22188,,,0,,,0,0
内蒙,2025,历史类,高职(专科)批,,金肯职业技术学院,,历史,313,30331,,,0,,,0,0
内蒙,2025,历史类,高职(专科)批,,铁岭卫生职业学院,,历史,393,23392,,,0,,,0,0
内蒙,2025,历史类,高职(专科)批,,铁岭师范高等专科学校,,历史,270,26197,,,0,,,0,0
内蒙,2025,历史类,高职(专科)批,,铜仁职业技术大学,,历史,373,24712,,,0,,,0,0
内蒙,2025,历史类,高职(专科)批,,铜川职业技术学院,,历史,275,31330,,,0,,,0,0
内蒙,2025,历史类,高职(专科)批,,银川科技学院,,历史,262,31176,,,0,,,0,0
内蒙,2025,历史类,高职(专科)批,,长春信息技术职业学院,,历史,271,29749,,,0,,,0,0
内蒙,2025,历史类,高职(专科)批,,长春健康职业学院,,历史,217,31717,,,0,,,0,0
内蒙,2025,历史类,高职(专科)批,,长春师范高等专科学校,,历史,377,24269,,,0,,,0,0
内蒙,2025,历史类,高职(专科)批,,长春早期教育职业学院,,历史,328,24269,,,0,,,0,0
内蒙,2025,历史类,高职(专科)批,,长沙电力职业技术学院,,历史,450,15378,,,0,,,0,0
内蒙,2025,历史类,高职(专科)批,,长白山职业技术学院,,历史,404,22305,,,0,,,0,0
内蒙,2025,历史类,高职(专科)批,,阜新高等专科学校,,历史,391,23780,,,0,,,0,0
内蒙,2025,历史类,高职(专科)批,,阿克苏工业职业技术学院,,历史,250,30274,,,0,,,0,0
内蒙,2025,历史类,高职(专科)批,,阿拉善职业技术学院,,历史,193,31102,,,0,,,0,0
内蒙,2025,历史类,高职(专科)批,,陕西交通职业技术学院,,历史,416,19513,,,0,,,0,0
内蒙,2025,历史类,高职(专科)批,,陕西工商职业学院,,历史,423,19365,,,0,,,0,0
内蒙,2025,历史类,高职(专科)批,,陕西航空职业技术学院,,历史,415,20443,,,0,,,0,0
内蒙,2025,历史类,高职(专科)批,,陕西艺术职业学院,,历史,380,25060,,,0,,,0,0
内蒙,2025,历史类,高职(专科)批,,陕西财经职业技术学院,,历史,431,18798,,,0,,,0,0
内蒙,2025,历史类,高职(专科)批,,陕西邮电职业技术学院,,历史,386,20297,,,0,,,0,0
内蒙,2025,历史类,高职(专科)批,,青岛恒星科技学院,,历史,251,32153,,,0,,,0,0
内蒙,2025,历史类,高职(专科)批,,青岛航空科技职业学院,,历史,326,29595,,,0,,,0,0
内蒙,2025,历史类,高职(专科)批,,鹤壁汽车工程职业学院,,历史,226,31939,,,0,,,0,0
内蒙,2025,历史类,高职(专科)批,,鹤壁职业技术学院,,历史,386,24371,,,0,,,0,0
内蒙,2025,历史类,高职(专科)批,,黑龙江农业职业技术学院,,历史,396,21222,,,0,,,0,0
内蒙,2025,历史类,高职(专科)批,,黑龙江幼儿师范高等专科学校,,历史,224,25405,,,0,,,0,0
内蒙,2025,历史类,高职(专科)批,,黑龙江护理高等专科学校,,历史,416,17704,,,0,,,0,0
内蒙,2025,历史类,高职(专科)批,,黑龙江旅游职业技术学院,,历史,314,27162,,,0,,,0,0
内蒙,2025,历史类,高职(专科)批,,黑龙江民族职业学院,,历史,363,24947,,,0,,,0,0
内蒙,2025,历史类,高职(专科)批,,黑龙江生态工程职业学院,,历史,336,28987,,,0,,,0,0
内蒙,2025,历史类,高职(专科)批,,黑龙江能源职业学院,,历史,243,31505,,,0,,,0,0
内蒙,2025,历史类,高职(专科)批,,黑龙江艺术职业学院,,历史,340,28699,,,0,,,0,0
内蒙,2025,历史类,高职(专科)批,,齐鲁理工学院,,历史,366,26503,,,0,,,0,0
内蒙,2025,历史类,高职(专科)提前批,178,湖北交通职业技术学院,,历史,368,24596,,,0,,,0,0
内蒙,2025,历史类,高职(专科)提前批,215,威海职业学院,,历史,383,22420,,,0,,,0,0
内蒙,2025,历史类,高职(专科)提前批,355,黑龙江司法警官职业学院,,历史,376,7500,,,0,,,0,0
内蒙,2025,历史类,高职(专科)提前批,397,武昌职业学院,,历史,361,26978,,,0,,,0,0
内蒙,2025,历史类,高职(专科)提前批,420,长沙航空职业技术学院,,历史,457,10655,,,0,,,0,0
内蒙,2025,历史类,高职(专科)提前批,434,张家界航空工业职业技术学院,,历史,437,16205,,,0,,,0,0
内蒙,2025,历史类,高职(专科)提前批,648,延安职业技术学院,,历史,378,24269,,,0,,,0,0
内蒙,2025,历史类,高职(专科)提前批,731,滨州职业学院,,历史,376,22924,,,0,,,0,0
内蒙,2025,历史类,高职(专科)提前批,773,内蒙古警察学院,,"历史,政治",294,2068,,,0,,,0,0
内蒙,2025,历史类,高职(专科)提前批,816,辽宁省交通高等专科学校,,历史,392,22067,,,0,,,0,0
内蒙,2025,历史类,高职(专科)提前批,,吉林司法警官职业学院,,历史,424,6226,,,0,,,0,0
内蒙,2025,历史类,高职(专科)提前批,,四川司法警官职业学院,,历史,386,22067,,,0,,,0,0
内蒙,2025,历史类,高职(专科)提前批,,山东信息职业技术学院,,历史,391,23651,,,0,,,0,0
内蒙,2025,历史类,高职(专科)提前批,,新疆石河子职业技术学院,,历史,371,24839,,,0,,,0,0
内蒙,2025,历史类,高职(专科)提前批,,武汉交通职业学院,,历史,399,19365,,,0,,,0,0
内蒙,2025,历史类,高职(专科)提前批,,江西航空职业技术学院,,历史,373,24596,,,0,,,0,0
内蒙,2025,历史类,高职(专科)提前批,,泰山职业技术学院,,历史,369,25187,,,0,,,0,0
内蒙,2025,历史类,高职(专科)提前批,,浙江警官职业学院,,历史,427,6226,,,0,,,0,0
内蒙,2025,历史类,高职(专科)提前批,,湖南体育职业学院,,历史,361,25726,,,0,,,0,0
内蒙,2025,历史类,高职(专科)提前批,,湖南国防工业职业技术学院,,历史,392,22675,,,0,,,0,0
内蒙,2025,历史类,高职(专科)提前批,,湖南汽车工程职业大学,,历史,355,23034,,,0,,,0,0
内蒙,2025,历史类,高职(专科)提前批,,重庆医药高等专科学校,,历史,400,6904,,,0,,,0,0
内蒙,2025,物理类,本科批,100,南京工程学院,,"物理,化学",539,12722,,,0,,,0,0
内蒙,2025,物理类,本科批,101,太原科技大学,,物理,494,14494,,,0,,,0,0
内蒙,2025,物理类,本科批,101,太原科技大学,,"物理,化学",517,19305,,,0,,,0,0
内蒙,2025,物理类,本科批,103,湖南工程学院,,物理,526,22442,,,0,,,0,0
内蒙,2025,物理类,本科批,103,湖南工程学院,,"物理,化学",478,24966,,,0,,,0,0
内蒙,2025,物理类,本科批,104,河南科技大学,,物理,477,36606,,,0,,,0,0
内蒙,2025,物理类,本科批,104,河南科技大学,,"物理,化学",524,17824,,,0,,,0,0
内蒙,2025,物理类,本科批,105,西北工业大学,,"物理,化学",647,436,,,0,,,0,0
内蒙,2025,物理类,本科批,106,四川轻化工大学,,物理,487,31221,,,0,,,0,0
内蒙,2025,物理类,本科批,106,四川轻化工大学,,"物理,化学",503,20296,,,0,,,0,0
内蒙,2025,物理类,本科批,107,哈尔滨工业大学,,"物理,化学",621,152,,,0,,,0,0
内蒙,2025,物理类,本科批,109,重庆师范大学,,"物理,化学",559,14268,,,0,,,0,0
内蒙,2025,物理类,本科批,11,康复大学,,"物理,化学",564,5599,,,0,,,0,0
内蒙,2025,物理类,本科批,110,乐山师范学院,,"物理,化学",440,48330,,,0,,,0,0
内蒙,2025,物理类,本科批,110,乐山师范学院,,"物理,化学,生物",435,49999,,,0,,,0,0
内蒙,2025,物理类,本科批,112,邯郸学院,,"物理,化学",421,53661,,,0,,,0,0
内蒙,2025,物理类,本科批,116,北华航天工业学院,,"物理,化学",448,21084,,,0,,,0,0
内蒙,2025,物理类,本科批,117,南京航空航天大学,,"物理,化学",620,1697,,,0,,,0,0
内蒙,2025,物理类,本科批,118,沈阳航空航天大学,,物理,521,18077,,,0,,,0,0
内蒙,2025,物理类,本科批,118,沈阳航空航天大学,,"物理,化学",573,9394,,,0,,,0,0
内蒙,2025,物理类,本科批,119,北京航空航天大学,,"物理,化学",648,167,,,0,,,0,0
内蒙,2025,物理类,本科批,12,中国人民警察大学,,物理,536,19815,,,0,,,0,0
内蒙,2025,物理类,本科批,12,中国人民警察大学,,"物理,化学",534,16327,,,0,,,0,0
内蒙,2025,物理类,本科批,12,中国人民警察大学,,"物理,政治",523,23287,,,0,,,0,0
内蒙,2025,物理类,本科批,124,烟台南山学院,,"物理,化学",398,57211,,,0,,,0,0
内蒙,2025,物理类,本科批,125,河北工程技术学院,,"物理,化学",380,64921,,,0,,,0,0
内蒙,2025,物理类,本科批,126,长沙理工大学,,物理,533,16099,,,0,,,0,0
内蒙,2025,物理类,本科批,126,长沙理工大学,,"物理,化学",542,7838,,,0,,,0,0
内蒙,2025,物理类,本科批,127,常州大学,,"物理,化学",538,14956,,,0,,,0,0
内蒙,2025,物理类,本科批,128,大连医科大学,,物理,524,8198,,,0,,,0,0
内蒙,2025,物理类,本科批,128,大连医科大学,,"物理,化学",544,1763,,,0,,,0,0
内蒙,2025,物理类,本科批,131,华北电力大学(保定),,物理,592,6532,,,0,,,0,0
内蒙,2025,物理类,本科批,131,华北电力大学(保定),,"物理,化学",604,3015,,,0,,,0,0
内蒙,2025,物理类,本科批,132,东北电力大学,,物理,559,14036,,,0,,,0,0
内蒙,2025,物理类,本科批,132,东北电力大学,,"物理,化学",481,3548,,,0,,,0,0
内蒙,2025,物理类,本科批,134,华北电力大学(北京),,物理,596,5471,,,0,,,0,0
内蒙,2025,物理类,本科批,134,华北电力大学(北京),,"物理,化学",620,1832,,,0,,,0,0
内蒙,2025,物理类,本科批,135,沈阳工程学院,,"物理,化学",527,9043,,,0,,,0,0
内蒙,2025,物理类,本科批,137,上海海事大学,,"物理,化学",580,8013,,,0,,,0,0
内蒙,2025,物理类,本科批,138,宁夏医科大学,,"物理,化学",520,5599,,,0,,,0,0
内蒙,2025,物理类,本科批,138,宁夏医科大学,,"物理,化学,生物",503,28901,,,0,,,0,0
内蒙,2025,物理类,本科批,14,晋中学院,,物理,444,47043,,,0,,,0,0
内蒙,2025,物理类,本科批,141,盐城师范学院,,物理,471,38447,,,0,,,0,0
内蒙,2025,物理类,本科批,141,盐城师范学院,,"物理,地理",437,49381,,,0,,,0,0
内蒙,2025,物理类,本科批,143,黄河水利职业技术大学,,物理,450,44442,,,0,,,0,0
内蒙,2025,物理类,本科批,144,河海大学,,"物理,化学",599,3548,,,0,,,0,0
内蒙,2025,物理类,本科批,145,华北水利水电大学,,物理,437,24426,,,0,,,0,0
内蒙,2025,物理类,本科批,145,华北水利水电大学,,"物理,化学",458,12033,,,0,,,0,0
内蒙,2025,物理类,本科批,146,江西水利电力大学,,物理,492,32133,,,0,,,0,0
内蒙,2025,物理类,本科批,146,江西水利电力大学,,"物理,化学",498,19305,,,0,,,0,0
内蒙,2025,物理类,本科批,147,福建农林大学,,物理,487,25519,,,0,,,0,0
内蒙,2025,物理类,本科批,147,福建农林大学,,"物理,化学",491,21608,,,0,,,0,0
内蒙,2025,物理类,本科批,148,中国海洋大学,,物理,610,4517,,,0,,,0,0
内蒙,2025,物理类,本科批,148,中国海洋大学,,"物理,化学",601,3225,,,0,,,0,0
内蒙,2025,物理类,本科批,15,忻州师范学院,,物理,425,47394,,,0,,,0,0
内蒙,2025,物理类,本科批,15,忻州师范学院,,"物理,化学",439,35112,,,0,,,0,0
内蒙,2025,物理类,本科批,15,忻州师范学院,,"物理,化学,生物",423,49690,,,0,,,0,0
内蒙,2025,物理类,本科批,15,忻州师范学院,,"物理,地理",427,52652,,,0,,,0,0
内蒙,2025,物理类,本科批,150,沈阳建筑大学,,物理,475,27236,,,0,,,0,0
内蒙,2025,物理类,本科批,150,沈阳建筑大学,,"物理,化学",490,14494,,,0,,,0,0
内蒙,2025,物理类,本科批,151,周口师范学院,,物理,423,50339,,,0,,,0,0
内蒙,2025,物理类,本科批,151,周口师范学院,,"物理,化学",443,40037,,,0,,,0,0
内蒙,2025,物理类,本科批,151,周口师范学院,,"物理,生物",453,44142,,,0,,,0,0
内蒙,2025,物理类,本科批,154,云南民族大学,,"物理,化学",483,32753,,,0,,,0,0
内蒙,2025,物理类,本科批,156,成都理工大学,,物理,546,8532,,,0,,,0,0
内蒙,2025,物理类,本科批,156,成都理工大学,,"物理,化学",540,8884,,,0,,,0,0
内蒙,2025,物理类,本科批,157,河北地质大学,,物理,458,39041,,,0,,,0,0
内蒙,2025,物理类,本科批,157,河北地质大学,,"物理,化学",476,23005,,,0,,,0,0
内蒙,2025,物理类,本科批,159,长江师范学院,,物理,472,38138,,,0,,,0,0
内蒙,2025,物理类,本科批,159,长江师范学院,,"物理,化学",458,36606,,,0,,,0,0
内蒙,2025,物理类,本科批,16,辽宁师范大学,,物理,477,31838,,,0,,,0,0
内蒙,2025,物理类,本科批,16,辽宁师范大学,,"物理,化学",527,22165,,,0,,,0,0
内蒙,2025,物理类,本科批,16,辽宁师范大学,,"物理,地理",494,31526,,,0,,,0,0
内蒙,2025,物理类,本科批,160,中国地质大学(北京),,物理,583,5740,,,0,,,0,0
内蒙,2025,物理类,本科批,160,中国地质大学(北京),,"物理,化学",578,3796,,,0,,,0,0
内蒙,2025,物理类,本科批,161,德州学院,,"物理,化学",511,26673,,,0,,,0,0
内蒙,2025,物理类,本科批,162,中国地质大学(武汉),,"物理,化学",574,4025,,,0,,,0,0
内蒙,2025,物理类,本科批,164,文华学院,,"物理,化学",415,48647,,,0,,,0,0
内蒙,2025,物理类,本科批,165,山东英才学院,,"物理,化学",399,61271,,,0,,,0,0
内蒙,2025,物理类,本科批,165,山东英才学院,,"物理,生物",402,60654,,,0,,,0,0
内蒙,2025,物理类,本科批,167,辽宁科技大学,,物理,481,26955,,,0,,,0,0
内蒙,2025,物理类,本科批,167,辽宁科技大学,,"物理,化学",485,16099,,,0,,,0,0
内蒙,2025,物理类,本科批,17,西南政法大学,,物理,581,3446,,,0,,,0,0
内蒙,2025,物理类,本科批,170,北京科技大学,,物理,620,3677,,,0,,,0,0
内蒙,2025,物理类,本科批,170,北京科技大学,,"物理,化学",607,2162,,,0,,,0,0
内蒙,2025,物理类,本科批,171,西安建筑科技大学,,物理,528,20532,,,0,,,0,0
内蒙,2025,物理类,本科批,171,西安建筑科技大学,,"物理,化学",535,14956,,,0,,,0,0
内蒙,2025,物理类,本科批,173,青岛理工大学,,物理,518,13388,,,0,,,0,0
内蒙,2025,物理类,本科批,173,青岛理工大学,,"物理,化学",557,10380,,,0,,,0,0
内蒙,2025,物理类,本科批,174,辽宁科技学院,,"物理,化学",479,28645,,,0,,,0,0
内蒙,2025,物理类,本科批,175,枣庄学院,,"物理,化学",453,44142,,,0,,,0,0
内蒙,2025,物理类,本科批,176,西安交通工程学院,,"物理,化学",422,48647,,,0,,,0,0
内蒙,2025,物理类,本科批,177,武汉科技大学,,"物理,化学",593,6532,,,0,,,0,0
内蒙,2025,物理类,本科批,18,西北政法大学,,物理,577,6818,,,0,,,0,0
内蒙,2025,物理类,本科批,181,上海电力大学,,"物理,化学",610,4517,,,0,,,0,0
内蒙,2025,物理类,本科批,182,东北大学秦皇岛分校,,物理,590,6818,,,0,,,0,0
内蒙,2025,物理类,本科批,182,东北大学秦皇岛分校,,"物理,化学",612,3111,,,0,,,0,0
内蒙,2025,物理类,本科批,184,通化师范学院,,"物理,化学",400,59392,,,0,,,0,0
内蒙,2025,物理类,本科批,185,江汉大学,,"物理,化学",557,12033,,,0,,,0,0
内蒙,2025,物理类,本科批,186,哈尔滨工业大学(深圳),,"物理,化学",668,436,,,0,,,0,0
内蒙,2025,物理类,本科批,187,电子科技大学,,"物理,化学",638,577,,,0,,,0,0
内蒙,2025,物理类,本科批,188,杭州电子科技大学,,物理,573,7014,,,0,,,0,0
内蒙,2025,物理类,本科批,188,杭州电子科技大学,,"物理,化学",586,4935,,,0,,,0,0
内蒙,2025,物理类,本科批,189,西安电子科技大学,,"物理,化学",626,897,,,0,,,0,0
内蒙,2025,物理类,本科批,19,中国政法大学,,物理,611,3677,,,0,,,0,0
内蒙,2025,物理类,本科批,190,吉林工商学院,,物理,440,34836,,,0,,,0,0
内蒙,2025,物理类,本科批,190,吉林工商学院,,"物理,化学",460,35426,,,0,,,0,0
内蒙,2025,物理类,本科批,190,吉林工商学院,,"物理,化学,生物",435,49999,,,0,,,0,0
内蒙,2025,物理类,本科批,191,贵州民族大学,,"物理,化学",443,29488,,,0,,,0,0
内蒙,2025,物理类,本科批,192,南京工业大学,,物理,560,14036,,,0,,,0,0
内蒙,2025,物理类,本科批,192,南京工业大学,,"物理,化学",539,10991,,,0,,,0,0
内蒙,2025,物理类,本科批,193,陇东学院,,物理,426,50996,,,0,,,0,0
内蒙,2025,物理类,本科批,193,陇东学院,,"物理,化学",434,50339,,,0,,,0,0
内蒙,2025,物理类,本科批,193,陇东学院,,"物理,化学,生物",457,42820,,,0,,,0,0
内蒙,2025,物理类,本科批,196,吉林警察学院,,物理,501,28078,,,0,,,0,0
内蒙,2025,物理类,本科批,196,吉林警察学院,,"物理,化学",500,29780,,,0,,,0,0
内蒙,2025,物理类,本科批,197,山东理工大学,,"物理,化学",509,14710,,,0,,,0,0
内蒙,2025,物理类,本科批,198,沈阳理工大学,,物理,524,21892,,,0,,,0,0
内蒙,2025,物理类,本科批,198,沈阳理工大学,,"物理,化学",455,10580,,,0,,,0,0
内蒙,2025,物理类,本科批,199,北京理工大学,,物理,623,3330,,,0,,,0,0
内蒙,2025,物理类,本科批,199,北京理工大学,,"物理,化学",636,212,,,0,,,0,0
内蒙,2025,物理类,本科批,20,中南财经政法大学,,物理,599,4935,,,0,,,0,0
内蒙,2025,物理类,本科批,20,中南财经政法大学,,"物理,化学",612,4664,,,0,,,0,0
内蒙,2025,物理类,本科批,200,上海电机学院,,物理,491,31221,,,0,,,0,0
内蒙,2025,物理类,本科批,200,上海电机学院,,"物理,化学",479,36015,,,0,,,0,0
内蒙,2025,物理类,本科批,201,长春理工大学,,物理,547,13154,,,0,,,0,0
内蒙,2025,物理类,本科批,201,长春理工大学,,"物理,化学",532,6184,,,0,,,0,0
内蒙,2025,物理类,本科批,201,长春理工大学,,"物理,化学,生物",574,10991,,,0,,,0,0
内蒙,2025,物理类,本科批,202,中北大学,,物理,510,23287,,,0,,,0,0
内蒙,2025,物理类,本科批,202,中北大学,,"物理,化学",561,4935,,,0,,,0,0
内蒙,2025,物理类,本科批,203,南京理工大学,,物理,619,3796,,,0,,,0,0
内蒙,2025,物理类,本科批,203,南京理工大学,,"物理,化学",626,2330,,,0,,,0,0
内蒙,2025,物理类,本科批,208,广东金融学院,,物理,510,19553,,,0,,,0,0
内蒙,2025,物理类,本科批,209,沈阳化工大学,,"物理,化学",524,17590,,,0,,,0,0
内蒙,2025,物理类,本科批,21,大连民族大学,,物理,494,18582,,,0,,,0,0
内蒙,2025,物理类,本科批,21,大连民族大学,,"物理,化学",508,13154,,,0,,,0,0
内蒙,2025,物理类,本科批,21,大连民族大学,,"物理,化学,生物",488,28078,,,0,,,0,0
内蒙,2025,物理类,本科批,210,北京化工大学,,物理,584,9043,,,0,,,0,0
内蒙,2025,物理类,本科批,210,北京化工大学,,"物理,化学",577,3548,,,0,,,0,0
内蒙,2025,物理类,本科批,211,青岛科技大学,,"物理,化学",535,12722,,,0,,,0,0
内蒙,2025,物理类,本科批,217,上海应用技术大学,,"物理,化学",517,9394,,,0,,,0,0
内蒙,2025,物理类,本科批,218,哈尔滨信息工程学院,,物理,411,57884,,,0,,,0,0
内蒙,2025,物理类,本科批,218,哈尔滨信息工程学院,,"物理,化学",383,65192,,,0,,,0,0
内蒙,2025,物理类,本科批,219,天津工业大学,,物理,544,14710,,,0,,,0,0
内蒙,2025,物理类,本科批,219,天津工业大学,,"物理,化学",558,5740,,,0,,,0,0
内蒙,2025,物理类,本科批,22,天津职业技术师范大学,,物理,476,30334,,,0,,,0,0
内蒙,2025,物理类,本科批,22,天津职业技术师范大学,,"物理,化学",542,14036,,,0,,,0,0
内蒙,2025,物理类,本科批,221,大连工业大学,,"物理,化学",486,12270,,,0,,,0,0
内蒙,2025,物理类,本科批,222,西安医学院,,物理,476,35112,,,0,,,0,0
内蒙,2025,物理类,本科批,222,西安医学院,,"物理,化学",492,20815,,,0,,,0,0
内蒙,2025,物理类,本科批,222,西安医学院,,"物理,化学,生物",549,16605,,,0,,,0,0
内蒙,2025,物理类,本科批,222,西安医学院,,"物理,生物",492,30054,,,0,,,0,0
内蒙,2025,物理类,本科批,223,郑州轻工业大学,,"物理,化学",489,12270,,,0,,,0,0
内蒙,2025,物理类,本科批,224,陕西科技大学,,"物理,化学",528,10380,,,0,,,0,0
内蒙,2025,物理类,本科批,227,南昌工学院,,物理,384,61913,,,0,,,0,0
内蒙,2025,物理类,本科批,227,南昌工学院,,"物理,化学",376,58187,,,0,,,0,0
内蒙,2025,物理类,本科批,228,景德镇陶瓷大学,,"物理,化学",485,26380,,,0,,,0,0
内蒙,2025,物理类,本科批,229,天津科技大学,,物理,529,18582,,,0,,,0,0
内蒙,2025,物理类,本科批,229,天津科技大学,,"物理,化学",530,9043,,,0,,,0,0
内蒙,2025,物理类,本科批,231,西安邮电大学,,物理,556,8198,,,0,,,0,0
内蒙,2025,物理类,本科批,231,西安邮电大学,,"物理,化学",603,4517,,,0,,,0,0
内蒙,2025,物理类,本科批,232,南京邮电大学,,"物理,化学",613,3330,,,0,,,0,0
内蒙,2025,物理类,本科批,233,重庆邮电大学,,"物理,化学",608,4800,,,0,,,0,0
内蒙,2025,物理类,本科批,234,北京邮电大学,,"物理,化学",608,519,,,0,,,0,0
内蒙,2025,物理类,本科批,237,西南交通大学,,"物理,化学",586,3015,,,0,,,0,0
内蒙,2025,物理类,本科批,238,大连交通大学,,物理,575,10801,,,0,,,0,0
内蒙,2025,物理类,本科批,238,大连交通大学,,"物理,化学",521,8714,,,0,,,0,0
内蒙,2025,物理类,本科批,24,上海财经大学,,物理,621,1919,,,0,,,0,0
内蒙,2025,物理类,本科批,24,上海财经大学,,"物理,化学",624,2885,,,0,,,0,0
内蒙,2025,物理类,本科批,241,兰州交通大学,,物理,419,18582,,,0,,,0,0
内蒙,2025,物理类,本科批,241,兰州交通大学,,"物理,化学",381,4025,,,0,,,0,0
内蒙,2025,物理类,本科批,241,兰州交通大学,,"物理,地理",532,20815,,,0,,,0,0
内蒙,2025,物理类,本科批,242,华东交通大学,,"物理,化学",538,10801,,,0,,,0,0
内蒙,2025,物理类,本科批,243,北京交通大学,,物理,609,5059,,,0,,,0,0
内蒙,2025,物理类,本科批,243,北京交通大学,,"物理,化学",605,1316,,,0,,,0,0
内蒙,2025,物理类,本科批,244,石家庄铁道大学,,物理,544,12932,,,0,,,0,0
内蒙,2025,物理类,本科批,244,石家庄铁道大学,,"物理,化学",536,6818,,,0,,,0,0
内蒙,2025,物理类,本科批,246,伊犁师范大学,,物理,405,59699,,,0,,,0,0
内蒙,2025,物理类,本科批,246,伊犁师范大学,,"物理,化学",406,45695,,,0,,,0,0
内蒙,2025,物理类,本科批,246,伊犁师范大学,,"物理,地理",414,56914,,,0,,,0,0
内蒙,2025,物理类,本科批,25,中央财经大学,,物理,607,1634,,,0,,,0,0
内蒙,2025,物理类,本科批,250,大连海事大学,,物理,593,6026,,,0,,,0,0
内蒙,2025,物理类,本科批,250,大连海事大学,,"物理,化学",588,5194,,,0,,,0,0
内蒙,2025,物理类,本科批,251,南通大学,,物理,494,31221,,,0,,,0,0
内蒙,2025,物理类,本科批,251,南通大学,,"物理,化学",498,26673,,,0,,,0,0
内蒙,2025,物理类,本科批,252,山东交通学院,,物理,473,36015,,,0,,,0,0
内蒙,2025,物理类,本科批,252,山东交通学院,,"物理,化学",500,20532,,,0,,,0,0
内蒙,2025,物理类,本科批,253,武汉理工大学,,物理,594,7337,,,0,,,0,0
内蒙,2025,物理类,本科批,253,武汉理工大学,,"物理,化学",601,2885,,,0,,,0,0
内蒙,2025,物理类,本科批,259,北京服装学院,,物理,447,41288,,,0,,,0,0
内蒙,2025,物理类,本科批,259,北京服装学院,,"物理,化学",448,26090,,,0,,,0,0
内蒙,2025,物理类,本科批,26,东北财经大学,,物理,549,5325,,,0,,,0,0
内蒙,2025,物理类,本科批,269,中国传媒大学,,物理,596,4517,,,0,,,0,0
内蒙,2025,物理类,本科批,269,中国传媒大学,,"物理,化学",613,3908,,,0,,,0,0
内蒙,2025,物理类,本科批,27,江西财经大学,,物理,547,7337,,,0,,,0,0
内蒙,2025,物理类,本科批,27,江西财经大学,,"物理,化学",529,9784,,,0,,,0,0
内蒙,2025,物理类,本科批,271,浙江传媒学院,,物理,523,20532,,,0,,,0,0
内蒙,2025,物理类,本科批,271,浙江传媒学院,,"物理,化学",539,13388,,,0,,,0,0
内蒙,2025,物理类,本科批,274,上海戏剧学院,,物理,531,2702,,,0,,,0,0
内蒙,2025,物理类,本科批,276,北京外国语大学,,物理,610,3015,,,0,,,0,0
内蒙,2025,物理类,本科批,277,上海外国语大学,,物理,560,5059,,,0,,,0,0
内蒙,2025,物理类,本科批,278,长安大学,,物理,564,8884,,,0,,,0,0
内蒙,2025,物理类,本科批,278,长安大学,,"物理,化学",579,3548,,,0,,,0,0
内蒙,2025,物理类,本科批,279,中山大学,,"物理,化学",629,601,,,0,,,0,0
内蒙,2025,物理类,本科批,280,华南理工大学,,"物理,化学",634,841,,,0,,,0,0
内蒙,2025,物理类,本科批,281,北京语言大学,,物理,466,10580,,,0,,,0,0
内蒙,2025,物理类,本科批,281,北京语言大学,,"物理,化学",561,8884,,,0,,,0,0
内蒙,2025,物理类,本科批,281,北京语言大学,,"物理,政治",568,12270,,,0,,,0,0
内蒙,2025,物理类,本科批,282,南京大学,,"物理,化学",680,120,,,0,,,0,0
内蒙,2025,物理类,本科批,283,东南大学,,"物理,化学",635,470,,,0,,,0,0
内蒙,2025,物理类,本科批,284,大连理工大学,,物理,630,2598,,,0,,,0,0
内蒙,2025,物理类,本科批,284,大连理工大学,,"物理,化学",613,638,,,0,,,0,0
内蒙,2025,物理类,本科批,285,西安交通大学,,"物理,化学",628,350,,,0,,,0,0
内蒙,2025,物理类,本科批,286,中国人民大学,,"物理,化学",677,190,,,0,,,0,0
内蒙,2025,物理类,本科批,287,东华大学,,"物理,化学",604,3796,,,0,,,0,0
内蒙,2025,物理类,本科批,288,江南大学,,"物理,化学",546,3225,,,0,,,0,0
内蒙,2025,物理类,本科批,289,四川大学,,物理,626,2702,,,0,,,0,0
内蒙,2025,物理类,本科批,289,四川大学,,"物理,化学",631,436,,,0,,,0,0
内蒙,2025,物理类,本科批,29,西安财经大学,,物理,525,21608,,,0,,,0,0
内蒙,2025,物理类,本科批,29,西安财经大学,,"物理,化学",568,12033,,,0,,,0,0
内蒙,2025,物理类,本科批,290,重庆大学,,"物理,化学",561,1149,,,0,,,0,0
内蒙,2025,物理类,本科批,291,东北大学,,物理,613,4517,,,0,,,0,0
内蒙,2025,物理类,本科批,291,东北大学,,"物理,化学",607,1919,,,0,,,0,0
内蒙,2025,物理类,本科批,292,浙江大学,,"物理,化学",683,58,,,0,,,0,0
内蒙,2025,物理类,本科批,293,三峡大学,,物理,529,16847,,,0,,,0,0
内蒙,2025,物理类,本科批,293,三峡大学,,"物理,化学",525,17824,,,0,,,0,0
内蒙,2025,物理类,本科批,294,清华大学,,"物理,化学",693,11,,,0,,,0,0
内蒙,2025,物理类,本科批,295,燕山大学,,"物理,化学",570,5325,,,0,,,0,0
内蒙,2025,物理类,本科批,296,兰州大学,,物理,600,5740,,,0,,,0,0
内蒙,2025,物理类,本科批,296,兰州大学,,"物理,化学",600,3111,,,0,,,0,0
内蒙,2025,物理类,本科批,297,吉林大学,,物理,613,4142,,,0,,,0,0
内蒙,2025,物理类,本科批,297,吉林大学,,"物理,化学",590,1272,,,0,,,0,0
内蒙,2025,物理类,本科批,297,吉林大学,,"物理,化学,生物",609,3225,,,0,,,0,0
内蒙,2025,物理类,本科批,297,吉林大学,,"物理,政治",594,7337,,,0,,,0,0
内蒙,2025,物理类,本科批,298,厦门大学,,物理,633,1218,,,0,,,0,0
内蒙,2025,物理类,本科批,298,厦门大学,,"物理,化学",642,1316,,,0,,,0,0
内蒙,2025,物理类,本科批,299,江苏大学,,"物理,化学",562,6184,,,0,,,0,0
内蒙,2025,物理类,本科批,3,中央民族大学,,物理,526,4391,,,0,,,0,0
内蒙,2025,物理类,本科批,3,中央民族大学,,"物理,化学",609,3796,,,0,,,0,0
内蒙,2025,物理类,本科批,30,承德医学院,,"物理,生物",486,33918,,,0,,,0,0
内蒙,2025,物理类,本科批,300,山东大学,,"物理,化学",618,1149,,,0,,,0,0
内蒙,2025,物理类,本科批,300,山东大学,,"物理,化学,生物",645,1316,,,0,,,0,0
内蒙,2025,物理类,本科批,301,湖南大学,,物理,623,2885,,,0,,,0,0
内蒙,2025,物理类,本科批,301,湖南大学,,"物理,化学",636,1763,,,0,,,0,0
内蒙,2025,物理类,本科批,302,南开大学,,物理,653,950,,,0,,,0,0
内蒙,2025,物理类,本科批,302,南开大学,,"物理,化学",656,541,,,0,,,0,0
内蒙,2025,物理类,本科批,303,天津大学,,"物理,化学",652,713,,,0,,,0,0
内蒙,2025,物理类,本科批,304,北京大学,,"物理,化学",694,41,,,0,,,0,0
内蒙,2025,物理类,本科批,305,武汉大学,,物理,654,841,,,0,,,0,0
内蒙,2025,物理类,本科批,305,武汉大学,,"物理,化学",603,519,,,0,,,0,0
内蒙,2025,物理类,本科批,306,济南大学,,物理,565,11823,,,0,,,0,0
内蒙,2025,物理类,本科批,306,济南大学,,"物理,化学",516,17092,,,0,,,0,0
内蒙,2025,物理类,本科批,307,北京师范大学,,物理,632,2426,,,0,,,0,0
内蒙,2025,物理类,本科批,307,北京师范大学,,"物理,化学",648,638,,,0,,,0,0
内蒙,2025,物理类,本科批,308,复旦大学,,"物理,化学",685,54,,,0,,,0,0
内蒙,2025,物理类,本科批,309,同济大学,,"物理,化学",643,313,,,0,,,0,0
内蒙,2025,物理类,本科批,31,南京审计大学,,物理,584,6026,,,0,,,0,0
内蒙,2025,物理类,本科批,31,南京审计大学,,"物理,化学",593,7499,,,0,,,0,0
内蒙,2025,物理类,本科批,310,上海交通大学,,"物理,化学",662,82,,,0,,,0,0
内蒙,2025,物理类,本科批,311,华东理工大学,,物理,613,4517,,,0,,,0,0
内蒙,2025,物理类,本科批,311,华东理工大学,,"物理,化学",613,3330,,,0,,,0,0
内蒙,2025,物理类,本科批,312,中南大学,,"物理,化学",590,1490,,,0,,,0,0
内蒙,2025,物理类,本科批,312,中南大学,,"物理,化学,生物",628,495,,,0,,,0,0
内蒙,2025,物理类,本科批,313,山东大学威海分校,,物理,617,4025,,,0,,,0,0
内蒙,2025,物理类,本科批,313,山东大学威海分校,,"物理,化学",630,2330,,,0,,,0,0
内蒙,2025,物理类,本科批,314,唐山学院,,"物理,化学",489,32445,,,0,,,0,0
内蒙,2025,物理类,本科批,315,华东师范大学,,"物理,化学",621,2598,,,0,,,0,0
内蒙,2025,物理类,本科批,316,河北师范大学,,物理,495,24966,,,0,,,0,0
内蒙,2025,物理类,本科批,316,河北师范大学,,"物理,化学",533,17327,,,0,,,0,0
内蒙,2025,物理类,本科批,316,河北师范大学,,"物理,地理",537,19553,,,0,,,0,0
内蒙,2025,物理类,本科批,317,南京师范大学,,物理,605,5471,,,0,,,0,0
内蒙,2025,物理类,本科批,317,南京师范大学,,"物理,化学",603,5325,,,0,,,0,0
内蒙,2025,物理类,本科批,317,南京师范大学,,"物理,地理",606,5471,,,0,,,0,0
内蒙,2025,物理类,本科批,320,陕西师范大学,,物理,595,7178,,,0,,,0,0
内蒙,2025,物理类,本科批,321,东北师范大学,,物理,528,8532,,,0,,,0,0
内蒙,2025,物理类,本科批,321,东北师范大学,,"物理,化学",591,3908,,,0,,,0,0
内蒙,2025,物理类,本科批,322,商丘师范学院,,物理,437,49381,,,0,,,0,0
内蒙,2025,物理类,本科批,322,商丘师范学院,,"物理,化学",423,45369,,,0,,,0,0
内蒙,2025,物理类,本科批,323,淮南师范学院,,物理,443,45695,,,0,,,0,0
内蒙,2025,物理类,本科批,323,淮南师范学院,,"物理,化学",447,40037,,,0,,,0,0
内蒙,2025,物理类,本科批,324,华中师范大学,,物理,576,7499,,,0,,,0,0
内蒙,2025,物理类,本科批,324,华中师范大学,,"物理,化学",607,4664,,,0,,,0,0
内蒙,2025,物理类,本科批,325,云南师范大学,,物理,402,35726,,,0,,,0,0
内蒙,2025,物理类,本科批,327,苏州大学,,"物理,化学",606,1634,,,0,,,0,0
内蒙,2025,物理类,本科批,328,华中科技大学,,"物理,化学",632,436,,,0,,,0,0
内蒙,2025,物理类,本科批,329,江西师范大学,,"物理,化学",564,13154,,,0,,,0,0
内蒙,2025,物理类,本科批,33,大连外国语大学,,物理,498,14956,,,0,,,0,0
内蒙,2025,物理类,本科批,33,大连外国语大学,,"物理,政治",513,26090,,,0,,,0,0
内蒙,2025,物理类,本科批,330,北京大学医学部,,"物理,化学",668,190,,,0,,,0,0
内蒙,2025,物理类,本科批,331,中国医科大学,,"物理,化学",501,1763,,,0,,,0,0
内蒙,2025,物理类,本科批,333,咸阳师范学院,,物理,494,31526,,,0,,,0,0
内蒙,2025,物理类,本科批,335,成都体育学院,,物理,527,22165,,,0,,,0,0
内蒙,2025,物理类,本科批,335,成都体育学院,,"物理,化学",508,27496,,,0,,,0,0
内蒙,2025,物理类,本科批,336,沈阳体育学院,,物理,458,35426,,,0,,,0,0
内蒙,2025,物理类,本科批,338,北京体育大学,,物理,588,2702,,,0,,,0,0
内蒙,2025,物理类,本科批,338,北京体育大学,,"物理,化学",594,5325,,,0,,,0,0
内蒙,2025,物理类,本科批,340,玉溪师范学院,,"物理,化学",420,54269,,,0,,,0,0
内蒙,2025,物理类,本科批,341,昆明医科大学,,"物理,化学",496,15393,,,0,,,0,0
内蒙,2025,物理类,本科批,342,闽南理工学院,,物理,387,63748,,,0,,,0,0
内蒙,2025,物理类,本科批,342,闽南理工学院,,"物理,化学",408,58837,,,0,,,0,0
内蒙,2025,物理类,本科批,343,齐齐哈尔大学,,"物理,化学",445,29488,,,0,,,0,0
内蒙,2025,物理类,本科批,346,长春工业大学,,物理,474,22719,,,0,,,0,0
内蒙,2025,物理类,本科批,346,长春工业大学,,"物理,化学",527,12722,,,0,,,0,0
内蒙,2025,物理类,本科批,349,长春建筑学院,,物理,360,61913,,,0,,,0,0
内蒙,2025,物理类,本科批,349,长春建筑学院,,"物理,化学",364,61601,,,0,,,0,0
内蒙,2025,物理类,本科批,35,西南财经大学,,物理,601,3677,,,0,,,0,0
内蒙,2025,物理类,本科批,35,西南财经大学,,"物理,化学",612,3677,,,0,,,0,0
内蒙,2025,物理类,本科批,352,山东第二医科大学,,物理,480,35726,,,0,,,0,0
内蒙,2025,物理类,本科批,352,山东第二医科大学,,"物理,化学",497,17590,,,0,,,0,0
内蒙,2025,物理类,本科批,353,曲靖师范学院,,物理,426,47394,,,0,,,0,0
内蒙,2025,物理类,本科批,353,曲靖师范学院,,"物理,化学",467,31526,,,0,,,0,0
内蒙,2025,物理类,本科批,354,上海海关学院,,物理,536,19815,,,0,,,0,0
内蒙,2025,物理类,本科批,356,长春科技学院,,物理,395,60964,,,0,,,0,0
内蒙,2025,物理类,本科批,356,长春科技学院,,"物理,化学",379,66383,,,0,,,0,0
内蒙,2025,物理类,本科批,357,南京信息工程大学,,"物理,化学",567,4142,,,0,,,0,0
内蒙,2025,物理类,本科批,358,成都信息工程大学,,"物理,化学",570,5471,,,0,,,0,0
内蒙,2025,物理类,本科批,36,牡丹江师范学院,,"物理,化学",442,39382,,,0,,,0,0
内蒙,2025,物理类,本科批,362,中国民用航空飞行学院,,物理,530,16327,,,0,,,0,0
内蒙,2025,物理类,本科批,362,中国民用航空飞行学院,,"物理,化学",559,10580,,,0,,,0,0
内蒙,2025,物理类,本科批,362,中国民用航空飞行学院,,"物理,政治",544,17824,,,0,,,0,0
内蒙,2025,物理类,本科批,363,中国民航大学,,物理,582,9043,,,0,,,0,0
内蒙,2025,物理类,本科批,363,中国民航大学,,"物理,化学",587,3796,,,0,,,0,0
内蒙,2025,物理类,本科批,367,南昌理工学院,,物理,387,63748,,,0,,,0,0
内蒙,2025,物理类,本科批,367,南昌理工学院,,"物理,化学",386,54937,,,0,,,0,0
内蒙,2025,物理类,本科批,368,北京第二外国语学院,,物理,552,13154,,,0,,,0,0
内蒙,2025,物理类,本科批,370,吉林动画学院,,物理,379,67212,,,0,,,0,0
内蒙,2025,物理类,本科批,370,吉林动画学院,,"物理,化学",376,62261,,,0,,,0,0
内蒙,2025,物理类,本科批,371,河北科技学院,,物理,379,67476,,,0,,,0,0
内蒙,2025,物理类,本科批,371,河北科技学院,,"物理,化学",390,62859,,,0,,,0,0
内蒙,2025,物理类,本科批,371,河北科技学院,,"物理,生物",381,66940,,,0,,,0,0
内蒙,2025,物理类,本科批,373,北京印刷学院,,物理,553,15607,,,0,,,0,0
内蒙,2025,物理类,本科批,373,北京印刷学院,,"物理,化学",530,7178,,,0,,,0,0
内蒙,2025,物理类,本科批,374,中国计量大学,,物理,572,10380,,,0,,,0,0
内蒙,2025,物理类,本科批,374,中国计量大学,,"物理,化学",573,7337,,,0,,,0,0
内蒙,2025,物理类,本科批,377,暨南大学,,物理,601,5890,,,0,,,0,0
内蒙,2025,物理类,本科批,377,暨南大学,,"物理,化学",577,3446,,,0,,,0,0
内蒙,2025,物理类,本科批,377,暨南大学,,"物理,政治",591,7838,,,0,,,0,0
内蒙,2025,物理类,本科批,378,华侨大学,,物理,529,17590,,,0,,,0,0
内蒙,2025,物理类,本科批,378,华侨大学,,"物理,化学",497,14494,,,0,,,0,0
内蒙,2025,物理类,本科批,38,河北金融学院,,物理,334,36331,,,0,,,0,0
内蒙,2025,物理类,本科批,38,河北金融学院,,"物理,化学",504,28645,,,0,,,0,0
内蒙,2025,物理类,本科批,380,哈尔滨职业技术大学,,物理,423,49999,,,0,,,0,0
内蒙,2025,物理类,本科批,381,吉林财经大学,,物理,484,13604,,,0,,,0,0
内蒙,2025,物理类,本科批,381,吉林财经大学,,"物理,化学",557,13388,,,0,,,0,0
内蒙,2025,物理类,本科批,384,华东政法大学,,物理,610,4517,,,0,,,0,0
内蒙,2025,物理类,本科批,389,上海健康医学院,,"物理,化学",504,28645,,,0,,,0,0
内蒙,2025,物理类,本科批,390,中国药科大学,,物理,574,10991,,,0,,,0,0
内蒙,2025,物理类,本科批,390,中国药科大学,,"物理,化学",591,841,,,0,,,0,0
内蒙,2025,物理类,本科批,391,沈阳药科大学,,"物理,化学",554,6349,,,0,,,0,0
内蒙,2025,物理类,本科批,394,郑州工业应用技术学院,,物理,396,62560,,,0,,,0,0
内蒙,2025,物理类,本科批,394,郑州工业应用技术学院,,"物理,化学,生物",409,58187,,,0,,,0,0
内蒙,2025,物理类,本科批,395,黄河科技学院,,物理,438,46700,,,0,,,0,0
内蒙,2025,物理类,本科批,395,黄河科技学院,,"物理,化学",411,53661,,,0,,,0,0
内蒙,2025,物理类,本科批,399,北京中医药大学,,物理,619,3796,,,0,,,0,0
内蒙,2025,物理类,本科批,399,北京中医药大学,,"物理,化学",539,577,,,0,,,0,0
内蒙,2025,物理类,本科批,4,西北民族大学,,物理,443,28078,,,0,,,0,0
内蒙,2025,物理类,本科批,4,西北民族大学,,"物理,化学",437,30906,,,0,,,0,0
内蒙,2025,物理类,本科批,4,西北民族大学,,"物理,化学,生物",560,14036,,,0,,,0,0
内蒙,2025,物理类,本科批,40,安徽工业大学,,"物理,化学",495,15607,,,0,,,0,0
内蒙,2025,物理类,本科批,403,中国科学技术大学,,"物理,化学",680,120,,,0,,,0,0
内蒙,2025,物理类,本科批,404,湖南文理学院,,"物理,化学",450,32445,,,0,,,0,0
内蒙,2025,物理类,本科批,404,湖南文理学院,,"物理,地理",483,33332,,,0,,,0,0
内蒙,2025,物理类,本科批,405,厦门理工学院,,物理,498,30334,,,0,,,0,0
内蒙,2025,物理类,本科批,405,厦门理工学院,,"物理,化学",531,14956,,,0,,,0,0
内蒙,2025,物理类,本科批,406,井冈山大学,,物理,455,40959,,,0,,,0,0
内蒙,2025,物理类,本科批,406,井冈山大学,,"物理,化学",423,36606,,,0,,,0,0
内蒙,2025,物理类,本科批,409,江苏科技大学,,物理,538,16605,,,0,,,0,0
内蒙,2025,物理类,本科批,409,江苏科技大学,,"物理,化学",574,8198,,,0,,,0,0
内蒙,2025,物理类,本科批,41,哈尔滨金融学院,,物理,469,25236,,,0,,,0,0
内蒙,2025,物理类,本科批,41,哈尔滨金融学院,,"物理,化学",509,27236,,,0,,,0,0
内蒙,2025,物理类,本科批,410,哈尔滨工程大学,,"物理,化学",616,1372,,,0,,,0,0
内蒙,2025,物理类,本科批,411,河南医药大学,,"物理,化学",476,18825,,,0,,,0,0
内蒙,2025,物理类,本科批,414,辽宁石油化工大学,,物理,478,36331,,,0,,,0,0
内蒙,2025,物理类,本科批,414,辽宁石油化工大学,,"物理,化学",505,21892,,,0,,,0,0
内蒙,2025,物理类,本科批,416,北京石油化工学院,,"物理,化学",514,23579,,,0,,,0,0
内蒙,2025,物理类,本科批,418,临沂大学,,"物理,化学",483,21084,,,0,,,0,0
内蒙,2025,物理类,本科批,42,安徽师范大学,,"物理,化学",510,22165,,,0,,,0,0
内蒙,2025,物理类,本科批,42,安徽师范大学,,"物理,地理",544,17824,,,0,,,0,0
内蒙,2025,物理类,本科批,421,九江学院,,物理,430,49999,,,0,,,0,0
内蒙,2025,物理类,本科批,421,九江学院,,"物理,化学",448,38737,,,0,,,0,0
内蒙,2025,物理类,本科批,423,湖南理工学院,,物理,477,35112,,,0,,,0,0
内蒙,2025,物理类,本科批,424,桂林理工大学,,物理,460,39382,,,0,,,0,0
内蒙,2025,物理类,本科批,424,桂林理工大学,,"物理,化学",474,26090,,,0,,,0,0
内蒙,2025,物理类,本科批,425,昆明理工大学,,物理,501,27496,,,0,,,0,0
内蒙,2025,物理类,本科批,425,昆明理工大学,,"物理,化学",532,11607,,,0,,,0,0
内蒙,2025,物理类,本科批,425,昆明理工大学,,"物理,化学,生物",558,12722,,,0,,,0,0
内蒙,2025,物理类,本科批,425,昆明理工大学,,"物理,地理",531,21084,,,0,,,0,0
内蒙,2025,物理类,本科批,427,北方工业大学,,"物理,化学",507,5059,,,0,,,0,0
内蒙,2025,物理类,本科批,428,江西理工大学,,"物理,化学",392,22442,,,0,,,0,0
内蒙,2025,物理类,本科批,429,长春师范大学,,物理,427,22719,,,0,,,0,0
内蒙,2025,物理类,本科批,429,长春师范大学,,"物理,化学",481,20815,,,0,,,0,0
内蒙,2025,物理类,本科批,429,长春师范大学,,"物理,地理",477,36606,,,0,,,0,0
内蒙,2025,物理类,本科批,430,长春工程学院,,物理,438,29488,,,0,,,0,0
内蒙,2025,物理类,本科批,430,长春工程学院,,"物理,化学",406,16327,,,0,,,0,0
内蒙,2025,物理类,本科批,431,大连科技学院,,物理,379,64921,,,0,,,0,0
内蒙,2025,物理类,本科批,431,大连科技学院,,"物理,化学",368,61601,,,0,,,0,0
内蒙,2025,物理类,本科批,432,贵州财经大学,,物理,388,40959,,,0,,,0,0
内蒙,2025,物理类,本科批,433,江西中医药大学,,物理,579,7337,,,0,,,0,0
内蒙,2025,物理类,本科批,433,江西中医药大学,,"物理,化学",518,22719,,,0,,,0,0
内蒙,2025,物理类,本科批,435,中国石油大学(北京),,"物理,化学",592,3796,,,0,,,0,0
内蒙,2025,物理类,本科批,437,沈阳城市建设学院,,物理,361,62859,,,0,,,0,0
内蒙,2025,物理类,本科批,437,沈阳城市建设学院,,"物理,化学",367,60309,,,0,,,0,0
内蒙,2025,物理类,本科批,438,西安石油大学,,物理,559,14268,,,0,,,0,0
内蒙,2025,物理类,本科批,438,西安石油大学,,"物理,化学",539,10580,,,0,,,0,0
内蒙,2025,物理类,本科批,439,中国石油大学(华东),,物理,578,10183,,,0,,,0,0
内蒙,2025,物理类,本科批,439,中国石油大学(华东),,"物理,化学",588,4800,,,0,,,0,0
内蒙,2025,物理类,本科批,44,宜春学院,,物理,447,43816,,,0,,,0,0
内蒙,2025,物理类,本科批,44,宜春学院,,"物理,化学",441,45095,,,0,,,0,0
内蒙,2025,物理类,本科批,44,宜春学院,,"物理,生物",461,41608,,,0,,,0,0
内蒙,2025,物理类,本科批,440,东北石油大学,,物理,544,17092,,,0,,,0,0
内蒙,2025,物理类,本科批,440,东北石油大学,,"物理,化学",538,12501,,,0,,,0,0
内蒙,2025,物理类,本科批,441,上海大学,,物理,583,9219,,,0,,,0,0
内蒙,2025,物理类,本科批,441,上海大学,,"物理,化学",624,3225,,,0,,,0,0
内蒙,2025,物理类,本科批,442,浙江理工大学,,"物理,化学",551,13604,,,0,,,0,0
内蒙,2025,物理类,本科批,446,三峡大学科技学院,,"物理,化学",433,34528,,,0,,,0,0
内蒙,2025,物理类,本科批,447,山东工商学院,,物理,429,22719,,,0,,,0,0
内蒙,2025,物理类,本科批,447,山东工商学院,,"物理,化学",495,20815,,,0,,,0,0
内蒙,2025,物理类,本科批,449,赣南科技学院,,物理,449,45369,,,0,,,0,0
内蒙,2025,物理类,本科批,449,赣南科技学院,,"物理,化学",461,34836,,,0,,,0,0
内蒙,2025,物理类,本科批,45,重庆工商大学,,物理,544,14956,,,0,,,0,0
内蒙,2025,物理类,本科批,450,辽宁工程技术大学,,物理,502,21342,,,0,,,0,0
内蒙,2025,物理类,本科批,450,辽宁工程技术大学,,"物理,化学",516,13388,,,0,,,0,0
内蒙,2025,物理类,本科批,451,哈尔滨华德学院,,"物理,化学",359,66383,,,0,,,0,0
内蒙,2025,物理类,本科批,452,西安科技大学,,物理,558,11394,,,0,,,0,0
内蒙,2025,物理类,本科批,452,西安科技大学,,"物理,化学",514,15607,,,0,,,0,0
内蒙,2025,物理类,本科批,453,安徽理工大学,,"物理,化学",525,14036,,,0,,,0,0
内蒙,2025,物理类,本科批,455,淮北师范大学,,物理,461,39382,,,0,,,0,0
内蒙,2025,物理类,本科批,455,淮北师范大学,,"物理,化学",531,21084,,,0,,,0,0
内蒙,2025,物理类,本科批,455,淮北师范大学,,"物理,化学,生物",473,33332,,,0,,,0,0
内蒙,2025,物理类,本科批,456,邢台学院,,物理,424,53661,,,0,,,0,0
内蒙,2025,物理类,本科批,457,黑龙江科技大学,,物理,459,31838,,,0,,,0,0
内蒙,2025,物理类,本科批,457,黑龙江科技大学,,"物理,化学",487,22165,,,0,,,0,0
内蒙,2025,物理类,本科批,458,太原理工大学,,"物理,化学",569,4935,,,0,,,0,0
内蒙,2025,物理类,本科批,46,天津商业大学,,物理,508,17092,,,0,,,0,0
内蒙,2025,物理类,本科批,46,天津商业大学,,"物理,化学",523,12270,,,0,,,0,0
内蒙,2025,物理类,本科批,461,华北科技学院,,物理,441,48019,,,0,,,0,0
内蒙,2025,物理类,本科批,461,华北科技学院,,"物理,化学",447,25236,,,0,,,0,0
内蒙,2025,物理类,本科批,462,中国矿业大学(北京),,物理,600,6349,,,0,,,0,0
内蒙,2025,物理类,本科批,462,中国矿业大学(北京),,"物理,化学",577,4284,,,0,,,0,0
内蒙,2025,物理类,本科批,463,中国矿业大学(徐州),,物理,588,7499,,,0,,,0,0
内蒙,2025,物理类,本科批,463,中国矿业大学(徐州),,"物理,化学",588,3015,,,0,,,0,0
内蒙,2025,物理类,本科批,464,南华大学,,物理,509,17590,,,0,,,0,0
内蒙,2025,物理类,本科批,464,南华大学,,"物理,化学",449,8532,,,0,,,0,0
内蒙,2025,物理类,本科批,466,东华理工大学,,物理,469,36946,,,0,,,0,0
内蒙,2025,物理类,本科批,466,东华理工大学,,"物理,化学",476,23867,,,0,,,0,0
内蒙,2025,物理类,本科批,467,河北北方学院,,物理,315,21342,,,0,,,0,0
内蒙,2025,物理类,本科批,467,河北北方学院,,"物理,化学",494,19553,,,0,,,0,0
内蒙,2025,物理类,本科批,469,鞍山师范学院,,"物理,化学",495,31221,,,0,,,0,0
内蒙,2025,物理类,本科批,469,鞍山师范学院,,"物理,政治",484,34528,,,0,,,0,0
内蒙,2025,物理类,本科批,47,北京工商大学,,物理,576,10580,,,0,,,0,0
内蒙,2025,物理类,本科批,47,北京工商大学,,"物理,化学",530,11394,,,0,,,0,0
内蒙,2025,物理类,本科批,471,广西医科大学,,"物理,化学",496,4517,,,0,,,0,0
内蒙,2025,物理类,本科批,471,广西医科大学,,"物理,生物",511,26673,,,0,,,0,0
内蒙,2025,物理类,本科批,472,烟台理工学院,,"物理,化学",399,60309,,,0,,,0,0
内蒙,2025,物理类,本科批,473,湖北科技学院,,"物理,化学",484,28645,,,0,,,0,0
内蒙,2025,物理类,本科批,476,湖北汽车工业学院,,"物理,化学",503,28645,,,0,,,0,0
内蒙,2025,物理类,本科批,478,湖北工业大学,,"物理,化学",569,8379,,,0,,,0,0
内蒙,2025,物理类,本科批,479,桂林航天工业学院,,物理,456,43178,,,0,,,0,0
内蒙,2025,物理类,本科批,48,北京物资学院,,物理,521,14956,,,0,,,0,0
内蒙,2025,物理类,本科批,48,北京物资学院,,"物理,化学",557,12932,,,0,,,0,0
内蒙,2025,物理类,本科批,480,湖北师范大学,,"物理,化学",500,26090,,,0,,,0,0
内蒙,2025,物理类,本科批,482,青岛城市学院,,物理,392,58500,,,0,,,0,0
内蒙,2025,物理类,本科批,482,青岛城市学院,,"物理,化学",397,44142,,,0,,,0,0
内蒙,2025,物理类,本科批,487,江西财经大学现代经济管理学院,,物理,416,43491,,,0,,,0,0
内蒙,2025,物理类,本科批,49,南京财经大学,,物理,559,9219,,,0,,,0,0
内蒙,2025,物理类,本科批,49,南京财经大学,,"物理,化学",572,9574,,,0,,,0,0
内蒙,2025,物理类,本科批,492,浙江海洋大学,,"物理,化学",502,21084,,,0,,,0,0
内蒙,2025,物理类,本科批,499,重庆移通学院,,物理,410,56271,,,0,,,0,0
内蒙,2025,物理类,本科批,499,重庆移通学院,,"物理,化学",376,50996,,,0,,,0,0
内蒙,2025,物理类,本科批,5,北方民族大学,,物理,383,30626,,,0,,,0,0
内蒙,2025,物理类,本科批,5,北方民族大学,,"物理,化学",376,19815,,,0,,,0,0
内蒙,2025,物理类,本科批,5,北方民族大学,,"物理,政治",503,28901,,,0,,,0,0
内蒙,2025,物理类,本科批,50,安庆师范大学,,"物理,化学",444,47043,,,0,,,0,0
内蒙,2025,物理类,本科批,500,吉林医药学院,,物理,460,41908,,,0,,,0,0
内蒙,2025,物理类,本科批,500,吉林医药学院,,"物理,化学",457,34836,,,0,,,0,0
内蒙,2025,物理类,本科批,500,吉林医药学院,,"物理,化学,生物",435,27496,,,0,,,0,0
内蒙,2025,物理类,本科批,502,江苏海洋大学,,"物理,化学",506,16847,,,0,,,0,0
内蒙,2025,物理类,本科批,503,电子科技大学成都学院,,"物理,化学",469,34836,,,0,,,0,0
内蒙,2025,物理类,本科批,504,温州医科大学,,物理,466,28645,,,0,,,0,0
内蒙,2025,物理类,本科批,504,温州医科大学,,"物理,化学",527,14710,,,0,,,0,0
内蒙,2025,物理类,本科批,509,成都文理学院,,物理,462,41288,,,0,,,0,0
内蒙,2025,物理类,本科批,51,兰州财经大学,,物理,481,29488,,,0,,,0,0
内蒙,2025,物理类,本科批,51,兰州财经大学,,"物理,化学",511,22165,,,0,,,0,0
内蒙,2025,物理类,本科批,51,兰州财经大学,,"物理,地理",458,42515,,,0,,,0,0
内蒙,2025,物理类,本科批,510,湖州师范学院,,物理,478,36331,,,0,,,0,0
内蒙,2025,物理类,本科批,510,湖州师范学院,,"物理,化学",472,33918,,,0,,,0,0
内蒙,2025,物理类,本科批,514,西安思源学院,,物理,383,58837,,,0,,,0,0
内蒙,2025,物理类,本科批,514,西安思源学院,,"物理,生物",407,59120,,,0,,,0,0
内蒙,2025,物理类,本科批,52,安徽财经大学,,物理,526,12270,,,0,,,0,0
内蒙,2025,物理类,本科批,52,安徽财经大学,,"物理,化学",549,14036,,,0,,,0,0
内蒙,2025,物理类,本科批,522,首都经济贸易大学,,物理,581,9574,,,0,,,0,0
内蒙,2025,物理类,本科批,522,首都经济贸易大学,,"物理,化学",594,7337,,,0,,,0,0
内蒙,2025,物理类,本科批,523,北京农学院,,"物理,化学",528,21892,,,0,,,0,0
内蒙,2025,物理类,本科批,525,北京工业大学,,物理,574,10991,,,0,,,0,0
内蒙,2025,物理类,本科批,525,北京工业大学,,"物理,化学",599,4664,,,0,,,0,0
内蒙,2025,物理类,本科批,527,重庆文理学院,,物理,489,33044,,,0,,,0,0
内蒙,2025,物理类,本科批,527,重庆文理学院,,"物理,化学",473,29780,,,0,,,0,0
内蒙,2025,物理类,本科批,528,北京城市学院,,"物理,化学",376,59392,,,0,,,0,0
内蒙,2025,物理类,本科批,529,首都师范大学,,"物理,化学",581,8532,,,0,,,0,0
内蒙,2025,物理类,本科批,53,河南工业大学,,物理,489,19305,,,0,,,0,0
内蒙,2025,物理类,本科批,53,河南工业大学,,"物理,化学",479,18326,,,0,,,0,0
内蒙,2025,物理类,本科批,530,北京联合大学,,"物理,化学",566,12501,,,0,,,0,0
内蒙,2025,物理类,本科批,531,梧州学院,,物理,431,51337,,,0,,,0,0
内蒙,2025,物理类,本科批,531,梧州学院,,"物理,化学",431,37836,,,0,,,0,0
内蒙,2025,物理类,本科批,532,商洛学院,,"物理,化学",430,50667,,,0,,,0,0
内蒙,2025,物理类,本科批,532,商洛学院,,"物理,化学,生物",441,48019,,,0,,,0,0
内蒙,2025,物理类,本科批,532,商洛学院,,"物理,生物",475,37238,,,0,,,0,0
内蒙,2025,物理类,本科批,535,湖北中医药大学,,物理,515,14268,,,0,,,0,0
内蒙,2025,物理类,本科批,535,湖北中医药大学,,"物理,化学",496,21608,,,0,,,0,0
内蒙,2025,物理类,本科批,54,哈尔滨商业大学,,物理,406,18825,,,0,,,0,0
内蒙,2025,物理类,本科批,54,哈尔滨商业大学,,"物理,化学",494,23287,,,0,,,0,0
内蒙,2025,物理类,本科批,541,陕西理工大学,,物理,465,35426,,,0,,,0,0
内蒙,2025,物理类,本科批,541,陕西理工大学,,"物理,化学",501,23005,,,0,,,0,0
内蒙,2025,物理类,本科批,542,陕西中医药大学,,物理,564,11189,,,0,,,0,0
内蒙,2025,物理类,本科批,542,陕西中医药大学,,"物理,化学",495,18326,,,0,,,0,0
内蒙,2025,物理类,本科批,546,西华大学,,"物理,化学",512,18326,,,0,,,0,0
内蒙,2025,物理类,本科批,547,内江师范学院,,"物理,化学",482,33332,,,0,,,0,0
内蒙,2025,物理类,本科批,548,绵阳师范学院,,物理,465,38447,,,0,,,0,0
内蒙,2025,物理类,本科批,548,绵阳师范学院,,"物理,化学",463,37238,,,0,,,0,0
内蒙,2025,物理类,本科批,548,绵阳师范学院,,"物理,生物",434,50339,,,0,,,0,0
内蒙,2025,物理类,本科批,549,黑龙江东方学院,,物理,375,67736,,,0,,,0,0
内蒙,2025,物理类,本科批,549,黑龙江东方学院,,"物理,化学",375,64626,,,0,,,0,0
内蒙,2025,物理类,本科批,55,武汉轻工大学,,"物理,化学",527,14956,,,0,,,0,0
内蒙,2025,物理类,本科批,551,天津外国语大学,,物理,530,16099,,,0,,,0,0
内蒙,2025,物理类,本科批,551,天津外国语大学,,"物理,化学",566,12722,,,0,,,0,0
内蒙,2025,物理类,本科批,552,天津体育学院,,物理,483,24142,,,0,,,0,0
内蒙,2025,物理类,本科批,552,天津体育学院,,"物理,化学",491,32445,,,0,,,0,0
内蒙,2025,物理类,本科批,553,天津城建大学,,物理,473,34528,,,0,,,0,0
内蒙,2025,物理类,本科批,553,天津城建大学,,"物理,化学",499,18825,,,0,,,0,0
内蒙,2025,物理类,本科批,556,天津财经大学,,物理,548,8198,,,0,,,0,0
内蒙,2025,物理类,本科批,556,天津财经大学,,"物理,化学",580,9043,,,0,,,0,0
内蒙,2025,物理类,本科批,557,天津医科大学,,"物理,化学",568,4391,,,0,,,0,0
内蒙,2025,物理类,本科批,557,天津医科大学,,"物理,化学,生物",596,1052,,,0,,,0,0
内蒙,2025,物理类,本科批,559,天津理工大学,,物理,525,15173,,,0,,,0,0
内蒙,2025,物理类,本科批,559,天津理工大学,,"物理,化学",538,8013,,,0,,,0,0
内蒙,2025,物理类,本科批,56,山西财经大学,,物理,476,20296,,,0,,,0,0
内蒙,2025,物理类,本科批,56,山西财经大学,,"物理,化学",527,18582,,,0,,,0,0
内蒙,2025,物理类,本科批,56,山西财经大学,,"物理,地理",501,29211,,,0,,,0,0
内蒙,2025,物理类,本科批,561,天津天狮学院,,物理,357,61601,,,0,,,0,0
内蒙,2025,物理类,本科批,561,天津天狮学院,,"物理,化学",380,55623,,,0,,,0,0
内蒙,2025,物理类,本科批,561,天津天狮学院,,"物理,化学,生物",414,56914,,,0,,,0,0
内蒙,2025,物理类,本科批,562,天津师范大学,,物理,587,8532,,,0,,,0,0
内蒙,2025,物理类,本科批,562,天津师范大学,,"物理,化学",556,9394,,,0,,,0,0
内蒙,2025,物理类,本科批,562,天津师范大学,,"物理,地理",538,19305,,,0,,,0,0
内蒙,2025,物理类,本科批,563,天津农学院,,物理,434,32445,,,0,,,0,0
内蒙,2025,物理类,本科批,563,天津农学院,,"物理,化学",453,28078,,,0,,,0,0
内蒙,2025,物理类,本科批,563,天津农学院,,"物理,生物",464,39710,,,0,,,0,0
内蒙,2025,物理类,本科批,564,天津中医药大学,,物理,516,18326,,,0,,,0,0
内蒙,2025,物理类,本科批,564,天津中医药大学,,"物理,化学",532,3796,,,0,,,0,0
内蒙,2025,物理类,本科批,57,福建理工大学,,物理,478,32133,,,0,,,0,0
内蒙,2025,物理类,本科批,57,福建理工大学,,"物理,化学",522,22442,,,0,,,0,0
内蒙,2025,物理类,本科批,573,天津中德应用技术大学,,物理,488,33332,,,0,,,0,0
内蒙,2025,物理类,本科批,573,天津中德应用技术大学,,"物理,化学",521,23867,,,0,,,0,0
内蒙,2025,物理类,本科批,576,湖南科技学院,,"物理,化学",457,36015,,,0,,,0,0
内蒙,2025,物理类,本科批,578,上海师范大学天华学院,,物理,402,60654,,,0,,,0,0
内蒙,2025,物理类,本科批,578,上海师范大学天华学院,,"物理,化学",375,62560,,,0,,,0,0
内蒙,2025,物理类,本科批,580,河北科技师范学院,,"物理,化学",451,39710,,,0,,,0,0
内蒙,2025,物理类,本科批,581,河北医科大学,,"物理,化学",517,21892,,,0,,,0,0
内蒙,2025,物理类,本科批,581,河北医科大学,,"物理,化学,生物",548,12033,,,0,,,0,0
内蒙,2025,物理类,本科批,582,萍乡学院,,"物理,化学",418,53969,,,0,,,0,0
内蒙,2025,物理类,本科批,584,成都中医药大学,,物理,581,6818,,,0,,,0,0
内蒙,2025,物理类,本科批,585,西安明德理工学院,,"物理,化学",411,54593,,,0,,,0,0
内蒙,2025,物理类,本科批,589,绍兴文理学院,,"物理,化学",475,30906,,,0,,,0,0
内蒙,2025,物理类,本科批,59,中国劳动关系学院,,物理,535,15858,,,0,,,0,0
内蒙,2025,物理类,本科批,59,中国劳动关系学院,,"物理,化学",527,21084,,,0,,,0,0
内蒙,2025,物理类,本科批,590,河南农业大学,,物理,485,34211,,,0,,,0,0
内蒙,2025,物理类,本科批,590,河南农业大学,,"物理,化学",500,28078,,,0,,,0,0
内蒙,2025,物理类,本科批,590,河南农业大学,,"物理,化学,生物",470,27496,,,0,,,0,0
内蒙,2025,物理类,本科批,591,贵州大学,,物理,552,12270,,,0,,,0,0
内蒙,2025,物理类,本科批,591,贵州大学,,"物理,化学",531,5740,,,0,,,0,0
内蒙,2025,物理类,本科批,591,贵州大学,,"物理,生物",539,19077,,,0,,,0,0
内蒙,2025,物理类,本科批,592,大理大学,,"物理,化学",484,21084,,,0,,,0,0
内蒙,2025,物理类,本科批,594,河南大学,,物理,528,18582,,,0,,,0,0
内蒙,2025,物理类,本科批,594,河南大学,,"物理,化学",519,13388,,,0,,,0,0
内蒙,2025,物理类,本科批,594,河南大学,,"物理,地理",568,12270,,,0,,,0,0
内蒙,2025,物理类,本科批,595,河南中医药大学,,"物理,化学",494,18825,,,0,,,0,0
内蒙,2025,物理类,本科批,595,河南中医药大学,,"物理,生物",511,26673,,,0,,,0,0
内蒙,2025,物理类,本科批,596,洛阳理工学院,,"物理,化学",470,28376,,,0,,,0,0
内蒙,2025,物理类,本科批,598,许昌学院,,"物理,化学",437,42207,,,0,,,0,0
内蒙,2025,物理类,本科批,599,郑州工程技术学院,,"物理,化学",469,39041,,,0,,,0,0
内蒙,2025,物理类,本科批,6,西南民族大学,,物理,486,20532,,,0,,,0,0
内蒙,2025,物理类,本科批,6,西南民族大学,,"物理,化学",484,14494,,,0,,,0,0
内蒙,2025,物理类,本科批,60,北京建筑大学,,物理,522,14494,,,0,,,0,0
内蒙,2025,物理类,本科批,60,北京建筑大学,,"物理,化学",524,12033,,,0,,,0,0
内蒙,2025,物理类,本科批,602,河南城建学院,,物理,409,51337,,,0,,,0,0
内蒙,2025,物理类,本科批,602,河南城建学院,,"物理,化学",416,51337,,,0,,,0,0
内蒙,2025,物理类,本科批,603,温州大学,,物理,542,18326,,,0,,,0,0
内蒙,2025,物理类,本科批,603,温州大学,,"物理,化学",520,19305,,,0,,,0,0
内蒙,2025,物理类,本科批,604,南阳师范学院,,"物理,化学",450,33612,,,0,,,0,0
内蒙,2025,物理类,本科批,605,郑州大学,,物理,587,7838,,,0,,,0,0
内蒙,2025,物理类,本科批,605,郑州大学,,"物理,化学",567,5194,,,0,,,0,0
内蒙,2025,物理类,本科批,607,西安文理学院,,"物理,化学",497,30626,,,0,,,0,0
内蒙,2025,物理类,本科批,607,西安文理学院,,"物理,化学,生物",502,26090,,,0,,,0,0
内蒙,2025,物理类,本科批,609,阜阳师范大学,,物理,443,46355,,,0,,,0,0
内蒙,2025,物理类,本科批,609,阜阳师范大学,,"物理,化学",481,34528,,,0,,,0,0
内蒙,2025,物理类,本科批,61,对外经济贸易大学,,物理,609,3225,,,0,,,0,0
内蒙,2025,物理类,本科批,61,对外经济贸易大学,,"物理,化学",602,3796,,,0,,,0,0
内蒙,2025,物理类,本科批,611,江西科技师范大学,,物理,447,36015,,,0,,,0,0
内蒙,2025,物理类,本科批,611,江西科技师范大学,,"物理,化学",448,40336,,,0,,,0,0
内蒙,2025,物理类,本科批,612,山东科技大学,,"物理,化学",527,12932,,,0,,,0,0
内蒙,2025,物理类,本科批,614,陕西国际商贸学院,,物理,401,59699,,,0,,,0,0
内蒙,2025,物理类,本科批,614,陕西国际商贸学院,,"物理,化学",384,64062,,,0,,,0,0
内蒙,2025,物理类,本科批,617,齐鲁工业大学,,"物理,化学",508,10991,,,0,,,0,0
内蒙,2025,物理类,本科批,619,山东第一医科大学,,"物理,化学",527,5194,,,0,,,0,0
内蒙,2025,物理类,本科批,62,上海海洋大学,,"物理,化学",556,12501,,,0,,,0,0
内蒙,2025,物理类,本科批,621,西南科技大学,,物理,499,18326,,,0,,,0,0
内蒙,2025,物理类,本科批,621,西南科技大学,,"物理,化学",511,13388,,,0,,,0,0
内蒙,2025,物理类,本科批,621,西南科技大学,,"物理,地理",542,18326,,,0,,,0,0
内蒙,2025,物理类,本科批,624,四川工程职业技术大学,,物理,476,33612,,,0,,,0,0
内蒙,2025,物理类,本科批,627,集美大学,,物理,531,21084,,,0,,,0,0
内蒙,2025,物理类,本科批,627,集美大学,,"物理,化学",552,14494,,,0,,,0,0
内蒙,2025,物理类,本科批,627,集美大学,,"物理,地理",557,14710,,,0,,,0,0
内蒙,2025,物理类,本科批,628,湖南城市学院,,"物理,化学",442,43178,,,0,,,0,0
内蒙,2025,物理类,本科批,63,聊城大学,,"物理,化学",498,28078,,,0,,,0,0
内蒙,2025,物理类,本科批,630,河北大学,,物理,496,16099,,,0,,,0,0
内蒙,2025,物理类,本科批,630,河北大学,,"物理,化学",489,16099,,,0,,,0,0
内蒙,2025,物理类,本科批,631,河北工业大学,,"物理,化学",510,4664,,,0,,,0,0
内蒙,2025,物理类,本科批,632,华北理工大学,,物理,525,19305,,,0,,,0,0
内蒙,2025,物理类,本科批,632,华北理工大学,,"物理,化学",488,22165,,,0,,,0,0
内蒙,2025,物理类,本科批,632,华北理工大学,,"物理,生物",538,18825,,,0,,,0,0
内蒙,2025,物理类,本科批,636,河北科技大学,,"物理,化学",465,13809,,,0,,,0,0
内蒙,2025,物理类,本科批,639,廊坊师范学院,,物理,426,48019,,,0,,,0,0
内蒙,2025,物理类,本科批,639,廊坊师范学院,,"物理,化学",449,40648,,,0,,,0,0
内蒙,2025,物理类,本科批,64,大连海洋大学,,物理,482,35112,,,0,,,0,0
内蒙,2025,物理类,本科批,64,大连海洋大学,,"物理,化学",493,21342,,,0,,,0,0
内蒙,2025,物理类,本科批,644,衡水学院,,物理,493,31838,,,0,,,0,0
内蒙,2025,物理类,本科批,644,衡水学院,,"物理,化学",442,41288,,,0,,,0,0
内蒙,2025,物理类,本科批,645,河北经贸大学,,物理,486,21084,,,0,,,0,0
内蒙,2025,物理类,本科批,645,河北经贸大学,,"物理,化学",519,23867,,,0,,,0,0
内蒙,2025,物理类,本科批,646,武汉城市学院,,物理,442,47701,,,0,,,0,0
内蒙,2025,物理类,本科批,646,武汉城市学院,,"物理,化学",405,58187,,,0,,,0,0
内蒙,2025,物理类,本科批,649,浙江水利水电学院,,物理,469,29211,,,0,,,0,0
内蒙,2025,物理类,本科批,649,浙江水利水电学院,,"物理,化学",495,19553,,,0,,,0,0
内蒙,2025,物理类,本科批,65,湖南农业大学,,物理,475,26955,,,0,,,0,0
内蒙,2025,物理类,本科批,65,湖南农业大学,,"物理,化学",498,20296,,,0,,,0,0
内蒙,2025,物理类,本科批,651,山东师范大学,,"物理,化学",571,11607,,,0,,,0,0
内蒙,2025,物理类,本科批,652,沧州师范学院,,"物理,化学",484,33044,,,0,,,0,0
内蒙,2025,物理类,本科批,654,新余学院,,"物理,化学",435,35426,,,0,,,0,0
内蒙,2025,物理类,本科批,658,江西农业大学,,物理,493,28901,,,0,,,0,0
内蒙,2025,物理类,本科批,658,江西农业大学,,"物理,化学",482,27236,,,0,,,0,0
内蒙,2025,物理类,本科批,659,上饶师范学院,,物理,434,50339,,,0,,,0,0
内蒙,2025,物理类,本科批,659,上饶师范学院,,"物理,化学",430,47701,,,0,,,0,0
内蒙,2025,物理类,本科批,659,上饶师范学院,,"物理,地理",449,45369,,,0,,,0,0
内蒙,2025,物理类,本科批,66,华中农业大学,,物理,563,11189,,,0,,,0,0
内蒙,2025,物理类,本科批,66,华中农业大学,,"物理,化学",571,7178,,,0,,,0,0
内蒙,2025,物理类,本科批,66,华中农业大学,,"物理,地理",600,6349,,,0,,,0,0
内蒙,2025,物理类,本科批,66,华中农业大学,,"物理,生物",589,8198,,,0,,,0,0
内蒙,2025,物理类,本科批,666,信阳师范大学,,"物理,化学",457,42820,,,0,,,0,0
内蒙,2025,物理类,本科批,668,哈尔滨师范大学,,物理,463,35426,,,0,,,0,0
内蒙,2025,物理类,本科批,668,哈尔滨师范大学,,"物理,化学",508,22442,,,0,,,0,0
内蒙,2025,物理类,本科批,67,四川农业大学,,物理,584,6818,,,0,,,0,0
内蒙,2025,物理类,本科批,67,四川农业大学,,"物理,化学",538,11607,,,0,,,0,0
内蒙,2025,物理类,本科批,670,武汉工程大学,,"物理,化学",583,8198,,,0,,,0,0
内蒙,2025,物理类,本科批,671,长江大学,,"物理,化学",521,21084,,,0,,,0,0
内蒙,2025,物理类,本科批,673,武汉职业技术大学,,物理,472,38138,,,0,,,0,0
内蒙,2025,物理类,本科批,677,湖北工程学院,,"物理,化学",452,32133,,,0,,,0,0
内蒙,2025,物理类,本科批,678,深圳理工大学,,"物理,化学",643,1568,,,0,,,0,0
内蒙,2025,物理类,本科批,679,荆楚理工学院,,"物理,化学",464,36015,,,0,,,0,0
内蒙,2025,物理类,本科批,68,山东航空学院,,物理,510,26955,,,0,,,0,0
内蒙,2025,物理类,本科批,68,山东航空学院,,"物理,化学",484,31221,,,0,,,0,0
内蒙,2025,物理类,本科批,680,山西农业大学,,物理,445,46038,,,0,,,0,0
内蒙,2025,物理类,本科批,680,山西农业大学,,"物理,化学",446,30054,,,0,,,0,0
内蒙,2025,物理类,本科批,680,山西农业大学,,"物理,化学,生物",448,33612,,,0,,,0,0
内蒙,2025,物理类,本科批,681,无锡学院,,"物理,化学",562,12722,,,0,,,0,0
内蒙,2025,物理类,本科批,683,武汉生物工程学院,,"物理,化学",396,46038,,,0,,,0,0
内蒙,2025,物理类,本科批,684,南昌大学科学技术学院,,物理,400,61271,,,0,,,0,0
内蒙,2025,物理类,本科批,684,南昌大学科学技术学院,,"物理,化学",420,53326,,,0,,,0,0
内蒙,2025,物理类,本科批,685,南京邮电大学通达学院,,"物理,化学",458,33332,,,0,,,0,0
内蒙,2025,物理类,本科批,687,湖北理工学院,,"物理,化学",471,36015,,,0,,,0,0
内蒙,2025,物理类,本科批,690,黄冈师范学院,,"物理,化学",418,55303,,,0,,,0,0
内蒙,2025,物理类,本科批,691,广州医科大学,,物理,562,13604,,,0,,,0,0
内蒙,2025,物理类,本科批,691,广州医科大学,,"物理,化学",523,21342,,,0,,,0,0
内蒙,2025,物理类,本科批,695,湖南工学院,,物理,452,40648,,,0,,,0,0
内蒙,2025,物理类,本科批,695,湖南工学院,,"物理,化学",440,32445,,,0,,,0,0
内蒙,2025,物理类,本科批,696,邵阳学院,,物理,450,43816,,,0,,,0,0
内蒙,2025,物理类,本科批,696,邵阳学院,,"物理,化学",463,33612,,,0,,,0,0
内蒙,2025,物理类,本科批,698,南京审计大学金审学院,,物理,467,28901,,,0,,,0,0
内蒙,2025,物理类,本科批,698,南京审计大学金审学院,,"物理,化学",465,33044,,,0,,,0,0
内蒙,2025,物理类,本科批,699,湖南女子学院,,物理,453,44142,,,0,,,0,0
内蒙,2025,物理类,本科批,699,湖南女子学院,,"物理,化学",478,33332,,,0,,,0,0
内蒙,2025,物理类,本科批,7,中南民族大学,,物理,515,16099,,,0,,,0,0
内蒙,2025,物理类,本科批,7,中南民族大学,,"物理,化学",526,10991,,,0,,,0,0
内蒙,2025,物理类,本科批,70,南京农业大学,,物理,569,9219,,,0,,,0,0
内蒙,2025,物理类,本科批,70,南京农业大学,,"物理,化学",575,5890,,,0,,,0,0
内蒙,2025,物理类,本科批,701,吉首大学,,物理,468,39382,,,0,,,0,0
内蒙,2025,物理类,本科批,701,吉首大学,,"物理,化学",443,37522,,,0,,,0,0
内蒙,2025,物理类,本科批,701,吉首大学,,"物理,生物",438,43491,,,0,,,0,0
内蒙,2025,物理类,本科批,702,湘潭大学,,"物理,化学",575,8379,,,0,,,0,0
内蒙,2025,物理类,本科批,703,湖南工商大学,,物理,517,23579,,,0,,,0,0
内蒙,2025,物理类,本科批,703,湖南工商大学,,"物理,化学",481,33612,,,0,,,0,0
内蒙,2025,物理类,本科批,704,天津商业大学宝德学院,,物理,385,43816,,,0,,,0,0
内蒙,2025,物理类,本科批,705,聊城大学东昌学院,,"物理,化学",418,55623,,,0,,,0,0
内蒙,2025,物理类,本科批,707,湖南医药学院,,物理,529,20815,,,0,,,0,0
内蒙,2025,物理类,本科批,707,湖南医药学院,,"物理,化学",469,20057,,,0,,,0,0
内蒙,2025,物理类,本科批,71,西南大学,,物理,575,6818,,,0,,,0,0
内蒙,2025,物理类,本科批,71,西南大学,,"物理,化学",584,3225,,,0,,,0,0
内蒙,2025,物理类,本科批,71,西南大学,,"物理,地理",592,7667,,,0,,,0,0
内蒙,2025,物理类,本科批,711,山西大学,,物理,560,11189,,,0,,,0,0
内蒙,2025,物理类,本科批,711,山西大学,,"物理,化学",529,9043,,,0,,,0,0
内蒙,2025,物理类,本科批,712,山西师范大学,,物理,431,31526,,,0,,,0,0
内蒙,2025,物理类,本科批,712,山西师范大学,,"物理,化学",466,28376,,,0,,,0,0
内蒙,2025,物理类,本科批,712,山西师范大学,,"物理,地理",484,24966,,,0,,,0,0
内蒙,2025,物理类,本科批,713,山西医科大学,,物理,471,19077,,,0,,,0,0
内蒙,2025,物理类,本科批,713,山西医科大学,,"物理,化学",512,22442,,,0,,,0,0
内蒙,2025,物理类,本科批,713,山西医科大学,,"物理,化学,生物",516,4517,,,0,,,0,0
内蒙,2025,物理类,本科批,713,山西医科大学,,"物理,生物",527,22165,,,0,,,0,0
内蒙,2025,物理类,本科批,714,长治医学院,,物理,467,21608,,,0,,,0,0
内蒙,2025,物理类,本科批,714,长治医学院,,"物理,化学",472,19815,,,0,,,0,0
内蒙,2025,物理类,本科批,714,长治医学院,,"物理,生物",486,33044,,,0,,,0,0
内蒙,2025,物理类,本科批,716,大连艺术学院,,"物理,化学",358,64361,,,0,,,0,0
内蒙,2025,物理类,本科批,717,电子科技大学中山学院,,"物理,化学",398,37836,,,0,,,0,0
内蒙,2025,物理类,本科批,719,太原学院,,物理,393,42515,,,0,,,0,0
内蒙,2025,物理类,本科批,719,太原学院,,"物理,化学",426,50667,,,0,,,0,0
内蒙,2025,物理类,本科批,719,太原学院,,"物理,生物",435,49999,,,0,,,0,0
内蒙,2025,物理类,本科批,72,沈阳农业大学,,物理,540,18825,,,0,,,0,0
内蒙,2025,物理类,本科批,72,沈阳农业大学,,"物理,化学",504,12033,,,0,,,0,0
内蒙,2025,物理类,本科批,723,山西应用科技学院,,物理,399,60654,,,0,,,0,0
内蒙,2025,物理类,本科批,724,西安信息职业大学,,物理,370,61271,,,0,,,0,0
内蒙,2025,物理类,本科批,728,山西中医药大学,,物理,493,18077,,,0,,,0,0
内蒙,2025,物理类,本科批,728,山西中医药大学,,"物理,化学",468,34211,,,0,,,0,0
内蒙,2025,物理类,本科批,728,山西中医药大学,,"物理,生物",505,20815,,,0,,,0,0
内蒙,2025,物理类,本科批,729,太原师范学院,,"物理,化学",470,32133,,,0,,,0,0
内蒙,2025,物理类,本科批,729,太原师范学院,,"物理,地理",472,35112,,,0,,,0,0
内蒙,2025,物理类,本科批,73,中国农业大学,,物理,595,5890,,,0,,,0,0
内蒙,2025,物理类,本科批,73,中国农业大学,,"物理,化学",607,1149,,,0,,,0,0
内蒙,2025,物理类,本科批,730,潍坊科技学院,,物理,408,58837,,,0,,,0,0
内蒙,2025,物理类,本科批,730,潍坊科技学院,,"物理,化学",391,63168,,,0,,,0,0
内蒙,2025,物理类,本科批,733,武汉华夏理工学院,,物理,380,67212,,,0,,,0,0
内蒙,2025,物理类,本科批,733,武汉华夏理工学院,,"物理,化学",389,60654,,,0,,,0,0
内蒙,2025,物理类,本科批,737,烟台大学,,物理,442,26673,,,0,,,0,0
内蒙,2025,物理类,本科批,737,烟台大学,,"物理,化学",508,11607,,,0,,,0,0
内蒙,2025,物理类,本科批,738,青岛大学,,物理,551,14956,,,0,,,0,0
内蒙,2025,物理类,本科批,738,青岛大学,,"物理,化学",554,10801,,,0,,,0,0
内蒙,2025,物理类,本科批,739,青岛滨海学院,,"物理,化学",386,59120,,,0,,,0,0
内蒙,2025,物理类,本科批,739,青岛滨海学院,,"物理,生物",404,60009,,,0,,,0,0
内蒙,2025,物理类,本科批,74,西北农林科技大学,,物理,586,5325,,,0,,,0,0
内蒙,2025,物理类,本科批,74,西北农林科技大学,,"物理,化学",576,4025,,,0,,,0,0
内蒙,2025,物理类,本科批,74,西北农林科技大学,,"物理,化学,生物",612,4664,,,0,,,0,0
内蒙,2025,物理类,本科批,74,西北农林科技大学,,"物理,地理",606,5471,,,0,,,0,0
内蒙,2025,物理类,本科批,74,西北农林科技大学,,"物理,生物",589,8198,,,0,,,0,0
内蒙,2025,物理类,本科批,741,山东农业大学,,"物理,化学",469,28376,,,0,,,0,0
内蒙,2025,物理类,本科批,742,西安理工大学高科学院,,"物理,化学",418,46038,,,0,,,0,0
内蒙,2025,物理类,本科批,744,桂林旅游学院,,物理,420,54269,,,0,,,0,0
内蒙,2025,物理类,本科批,745,广西大学,,"物理,化学",567,9043,,,0,,,0,0
内蒙,2025,物理类,本科批,746,广西科技大学,,物理,456,36331,,,0,,,0,0
内蒙,2025,物理类,本科批,746,广西科技大学,,"物理,化学",448,24966,,,0,,,0,0
内蒙,2025,物理类,本科批,748,贵州医科大学,,"物理,化学",490,11189,,,0,,,0,0
内蒙,2025,物理类,本科批,749,云南大学,,物理,575,8379,,,0,,,0,0
内蒙,2025,物理类,本科批,749,云南大学,,"物理,化学",546,3796,,,0,,,0,0
内蒙,2025,物理类,本科批,749,云南大学,,"物理,化学,生物",594,5599,,,0,,,0,0
内蒙,2025,物理类,本科批,749,云南大学,,"物理,地理",557,13154,,,0,,,0,0
内蒙,2025,物理类,本科批,749,云南大学,,"物理,政治",555,9784,,,0,,,0,0
内蒙,2025,物理类,本科批,75,塔里木大学,,物理,414,52987,,,0,,,0,0
内蒙,2025,物理类,本科批,75,塔里木大学,,"物理,化学",412,36015,,,0,,,0,0
内蒙,2025,物理类,本科批,75,塔里木大学,,"物理,生物",410,58187,,,0,,,0,0
内蒙,2025,物理类,本科批,750,西安科技大学高新学院,,物理,416,56271,,,0,,,0,0
内蒙,2025,物理类,本科批,750,西安科技大学高新学院,,"物理,化学",399,57884,,,0,,,0,0
内蒙,2025,物理类,本科批,751,内蒙古大学,,物理,458,6184,,,0,,,0,0
内蒙,2025,物理类,本科批,751,内蒙古大学,,"物理,化学",448,4935,,,0,,,0,0
内蒙,2025,物理类,本科批,751,内蒙古大学,,"物理,政治",560,14036,,,0,,,0,0
内蒙,2025,物理类,本科批,752,内蒙古师范大学,,物理,334,21084,,,0,,,0,0
内蒙,2025,物理类,本科批,752,内蒙古师范大学,,"物理,化学",373,16605,,,0,,,0,0
内蒙,2025,物理类,本科批,752,内蒙古师范大学,,"物理,地理",355,26380,,,0,,,0,0
内蒙,2025,物理类,本科批,753,内蒙古工业大学,,物理,377,37522,,,0,,,0,0
内蒙,2025,物理类,本科批,753,内蒙古工业大学,,"物理,化学",415,12033,,,0,,,0,0
内蒙,2025,物理类,本科批,754,内蒙古财经大学,,物理,352,14494,,,0,,,0,0
内蒙,2025,物理类,本科批,754,内蒙古财经大学,,"物理,化学",431,23867,,,0,,,0,0
内蒙,2025,物理类,本科批,754,内蒙古财经大学,,"物理,地理",459,42207,,,0,,,0,0
内蒙,2025,物理类,本科批,755,内蒙古农业大学,,物理,333,34528,,,0,,,0,0
内蒙,2025,物理类,本科批,755,内蒙古农业大学,,"物理,化学",330,21608,,,0,,,0,0
内蒙,2025,物理类,本科批,755,内蒙古农业大学,,"物理,生物",320,78975,,,0,,,0,0
内蒙,2025,物理类,本科批,756,四川文化艺术学院,,"物理,化学",398,61913,,,0,,,0,0
内蒙,2025,物理类,本科批,757,内蒙古科技大学包头师范学院,,物理,319,34836,,,0,,,0,0
内蒙,2025,物理类,本科批,757,内蒙古科技大学包头师范学院,,"物理,化学",398,37522,,,0,,,0,0
内蒙,2025,物理类,本科批,757,内蒙古科技大学包头师范学院,,"物理,地理",440,45695,,,0,,,0,0
内蒙,2025,物理类,本科批,758,内蒙古医科大学,,物理,429,18077,,,0,,,0,0
内蒙,2025,物理类,本科批,758,内蒙古医科大学,,"物理,化学,生物",375,11823,,,0,,,0,0
内蒙,2025,物理类,本科批,758,内蒙古医科大学,,"物理,生物",458,23287,,,0,,,0,0
内蒙,2025,物理类,本科批,759,内蒙古科技大学包头医学院,,物理,524,19305,,,0,,,0,0
内蒙,2025,物理类,本科批,759,内蒙古科技大学包头医学院,,"物理,化学",456,36946,,,0,,,0,0
内蒙,2025,物理类,本科批,759,内蒙古科技大学包头医学院,,"物理,化学,生物",359,19077,,,0,,,0,0
内蒙,2025,物理类,本科批,759,内蒙古科技大学包头医学院,,"物理,生物,政治",398,61913,,,0,,,0,0
内蒙,2025,物理类,本科批,76,石河子大学,,物理,521,19553,,,0,,,0,0
内蒙,2025,物理类,本科批,76,石河子大学,,"物理,化学",517,9394,,,0,,,0,0
内蒙,2025,物理类,本科批,760,绵阳城市学院,,"物理,化学",408,31221,,,0,,,0,0
内蒙,2025,物理类,本科批,761,内蒙古民族大学,,物理,335,27236,,,0,,,0,0
内蒙,2025,物理类,本科批,761,内蒙古民族大学,,"物理,化学",333,23005,,,0,,,0,0
内蒙,2025,物理类,本科批,761,内蒙古民族大学,,"物理,化学,生物",442,47701,,,0,,,0,0
内蒙,2025,物理类,本科批,761,内蒙古民族大学,,"物理,政治",490,32753,,,0,,,0,0
内蒙,2025,物理类,本科批,761,内蒙古民族大学,,"物理,生物",332,45095,,,0,,,0,0
内蒙,2025,物理类,本科批,764,内蒙古科技大学,,物理,323,26380,,,0,,,0,0
内蒙,2025,物理类,本科批,764,内蒙古科技大学,,"物理,化学",332,19305,,,0,,,0,0
内蒙,2025,物理类,本科批,764,内蒙古科技大学,,"物理,化学,生物",477,36606,,,0,,,0,0
内蒙,2025,物理类,本科批,765,集宁师范学院,,物理,413,45095,,,0,,,0,0
内蒙,2025,物理类,本科批,765,集宁师范学院,,"物理,化学",406,43491,,,0,,,0,0
内蒙,2025,物理类,本科批,765,集宁师范学院,,"物理,地理",423,52652,,,0,,,0,0
内蒙,2025,物理类,本科批,766,呼伦贝尔学院,,物理,320,47043,,,0,,,0,0
内蒙,2025,物理类,本科批,766,呼伦贝尔学院,,"物理,化学",386,34836,,,0,,,0,0
内蒙,2025,物理类,本科批,766,呼伦贝尔学院,,"物理,地理",433,50667,,,0,,,0,0
内蒙,2025,物理类,本科批,767,赤峰学院,,物理,325,31221,,,0,,,0,0
内蒙,2025,物理类,本科批,767,赤峰学院,,"物理,化学",322,34836,,,0,,,0,0
内蒙,2025,物理类,本科批,767,赤峰学院,,"物理,化学,生物",416,22442,,,0,,,0,0
内蒙,2025,物理类,本科批,767,赤峰学院,,"物理,地理",401,55303,,,0,,,0,0
内蒙,2025,物理类,本科批,767,赤峰学院,,"物理,生物",423,40648,,,0,,,0,0
内蒙,2025,物理类,本科批,768,呼和浩特民族学院,,物理,309,33044,,,0,,,0,0
内蒙,2025,物理类,本科批,768,呼和浩特民族学院,,"物理,化学",319,40336,,,0,,,0,0
内蒙,2025,物理类,本科批,770,呼和浩特职业技术大学,,物理,415,43491,,,0,,,0,0
内蒙,2025,物理类,本科批,771,内蒙古建筑职业技术大学,,物理,383,59120,,,0,,,0,0
内蒙,2025,物理类,本科批,772,河套学院,,物理,321,55623,,,0,,,0,0
内蒙,2025,物理类,本科批,772,河套学院,,"物理,化学",320,51685,,,0,,,0,0
内蒙,2025,物理类,本科批,772,河套学院,,"物理,化学,生物",397,60964,,,0,,,0,0
内蒙,2025,物理类,本科批,772,河套学院,,"物理,政治",398,61913,,,0,,,0,0
内蒙,2025,物理类,本科批,773,内蒙古警察学院,,物理,497,30626,,,0,,,0,0
内蒙,2025,物理类,本科批,775,兴安职业技术大学,,物理,399,60009,,,0,,,0,0
内蒙,2025,物理类,本科批,775,兴安职业技术大学,,"物理,化学,生物",395,62859,,,0,,,0,0
内蒙,2025,物理类,本科批,78,华南农业大学,,物理,504,26090,,,0,,,0,0
内蒙,2025,物理类,本科批,78,华南农业大学,,"物理,化学",561,13809,,,0,,,0,0
内蒙,2025,物理类,本科批,787,天津财经大学珠江学院,,物理,398,53326,,,0,,,0,0
内蒙,2025,物理类,本科批,79,安徽农业大学,,"物理,化学",516,16847,,,0,,,0,0
内蒙,2025,物理类,本科批,790,广东医科大学,,"物理,化学",467,5740,,,0,,,0,0
内蒙,2025,物理类,本科批,791,广西民族大学,,物理,420,43178,,,0,,,0,0
内蒙,2025,物理类,本科批,791,广西民族大学,,"物理,化学",495,29488,,,0,,,0,0
内蒙,2025,物理类,本科批,791,广西民族大学,,"物理,化学,生物",471,38447,,,0,,,0,0
内蒙,2025,物理类,本科批,796,广州中医药大学,,物理,541,3908,,,0,,,0,0
内蒙,2025,物理类,本科批,796,广州中医药大学,,"物理,化学",563,9394,,,0,,,0,0
内蒙,2025,物理类,本科批,796,广州中医药大学,,"物理,生物",532,20815,,,0,,,0,0
内蒙,2025,物理类,本科批,798,广西师范大学,,物理,490,21892,,,0,,,0,0
内蒙,2025,物理类,本科批,798,广西师范大学,,"物理,化学",496,21892,,,0,,,0,0
内蒙,2025,物理类,本科批,799,桂林医科大学,,"物理,化学",507,13809,,,0,,,0,0
内蒙,2025,物理类,本科批,80,南京林业大学,,物理,549,14710,,,0,,,0,0
内蒙,2025,物理类,本科批,80,南京林业大学,,"物理,化学",538,9574,,,0,,,0,0
内蒙,2025,物理类,本科批,80,南京林业大学,,"物理,生物",567,12501,,,0,,,0,0
内蒙,2025,物理类,本科批,801,辽宁大学,,物理,555,5890,,,0,,,0,0
内蒙,2025,物理类,本科批,801,辽宁大学,,"物理,化学",521,5194,,,0,,,0,0
内蒙,2025,物理类,本科批,802,辽宁工业大学,,物理,392,57566,,,0,,,0,0
内蒙,2025,物理类,本科批,802,辽宁工业大学,,"物理,化学",410,18582,,,0,,,0,0
内蒙,2025,物理类,本科批,803,沈阳音乐学院,,物理,522,23579,,,0,,,0,0
内蒙,2025,物理类,本科批,808,辽宁对外经贸学院,,物理,350,64062,,,0,,,0,0
内蒙,2025,物理类,本科批,81,西南林业大学,,物理,446,40037,,,0,,,0,0
内蒙,2025,物理类,本科批,81,西南林业大学,,"物理,化学",454,33044,,,0,,,0,0
内蒙,2025,物理类,本科批,81,西南林业大学,,"物理,生物",487,33612,,,0,,,0,0
内蒙,2025,物理类,本科批,810,沈阳师范大学,,物理,442,40037,,,0,,,0,0
内蒙,2025,物理类,本科批,810,沈阳师范大学,,"物理,化学",488,29211,,,0,,,0,0
内蒙,2025,物理类,本科批,817,辽东学院,,物理,412,57566,,,0,,,0,0
内蒙,2025,物理类,本科批,817,辽东学院,,"物理,化学",433,35426,,,0,,,0,0
内蒙,2025,物理类,本科批,819,朝阳师范学院,,物理,436,45695,,,0,,,0,0
内蒙,2025,物理类,本科批,82,北京林业大学,,物理,573,6667,,,0,,,0,0
内蒙,2025,物理类,本科批,82,北京林业大学,,"物理,化学",550,4517,,,0,,,0,0
内蒙,2025,物理类,本科批,82,北京林业大学,,"物理,生物",594,7337,,,0,,,0,0
内蒙,2025,物理类,本科批,820,渤海大学,,"物理,化学",440,26090,,,0,,,0,0
内蒙,2025,物理类,本科批,823,大连大学,,物理,477,17824,,,0,,,0,0
内蒙,2025,物理类,本科批,823,大连大学,,"物理,化学",475,14268,,,0,,,0,0
内蒙,2025,物理类,本科批,824,沈阳医学院,,"物理,化学",459,14036,,,0,,,0,0
内蒙,2025,物理类,本科批,824,沈阳医学院,,"物理,生物",503,28901,,,0,,,0,0
内蒙,2025,物理类,本科批,827,锦州医科大学,,"物理,化学",488,16327,,,0,,,0,0
内蒙,2025,物理类,本科批,827,锦州医科大学,,"物理,生物",474,37522,,,0,,,0,0
内蒙,2025,物理类,本科批,83,东北林业大学,,物理,550,12501,,,0,,,0,0
内蒙,2025,物理类,本科批,83,东北林业大学,,"物理,化学",499,6532,,,0,,,0,0
内蒙,2025,物理类,本科批,83,东北林业大学,,"物理,生物",566,12722,,,0,,,0,0
内蒙,2025,物理类,本科批,830,吉林建筑大学,,物理,374,40037,,,0,,,0,0
内蒙,2025,物理类,本科批,830,吉林建筑大学,,"物理,化学",357,29211,,,0,,,0,0
内蒙,2025,物理类,本科批,832,长春大学,,物理,353,35112,,,0,,,0,0
内蒙,2025,物理类,本科批,832,长春大学,,"物理,化学",428,17092,,,0,,,0,0
内蒙,2025,物理类,本科批,832,长春大学,,"物理,生物",463,40959,,,0,,,0,0
内蒙,2025,物理类,本科批,835,吉林体育学院,,物理,423,53969,,,0,,,0,0
内蒙,2025,物理类,本科批,836,吉林建筑科技学院,,物理,358,66940,,,0,,,0,0
内蒙,2025,物理类,本科批,836,吉林建筑科技学院,,"物理,化学",361,53661,,,0,,,0,0
内蒙,2025,物理类,本科批,837,延边大学,,物理,554,12270,,,0,,,0,0
内蒙,2025,物理类,本科批,837,延边大学,,"物理,化学",556,9972,,,0,,,0,0
内蒙,2025,物理类,本科批,837,延边大学,,"物理,生物",529,21608,,,0,,,0,0
内蒙,2025,物理类,本科批,838,长春工业大学人文信息学院,,物理,355,62261,,,0,,,0,0
内蒙,2025,物理类,本科批,838,长春工业大学人文信息学院,,"物理,化学",369,61913,,,0,,,0,0
内蒙,2025,物理类,本科批,839,吉林化工大学,,物理,441,40959,,,0,,,0,0
内蒙,2025,物理类,本科批,839,吉林化工大学,,"物理,化学",433,25793,,,0,,,0,0
内蒙,2025,物理类,本科批,840,吉林农业大学,,物理,459,41288,,,0,,,0,0
内蒙,2025,物理类,本科批,840,吉林农业大学,,"物理,化学",387,30906,,,0,,,0,0
内蒙,2025,物理类,本科批,840,吉林农业大学,,"物理,化学,生物",418,34528,,,0,,,0,0
内蒙,2025,物理类,本科批,840,吉林农业大学,,"物理,生物",456,43178,,,0,,,0,0
内蒙,2025,物理类,本科批,842,吉林工程技术师范学院,,"物理,化学",441,45695,,,0,,,0,0
内蒙,2025,物理类,本科批,844,华南师范大学,,物理,598,6667,,,0,,,0,0
内蒙,2025,物理类,本科批,844,华南师范大学,,"物理,化学",599,5059,,,0,,,0,0
内蒙,2025,物理类,本科批,846,北华大学,,物理,437,37238,,,0,,,0,0
内蒙,2025,物理类,本科批,846,北华大学,,"物理,化学",423,25793,,,0,,,0,0
内蒙,2025,物理类,本科批,846,北华大学,,"物理,化学,生物",540,18326,,,0,,,0,0
内蒙,2025,物理类,本科批,846,北华大学,,"物理,生物",452,44442,,,0,,,0,0
内蒙,2025,物理类,本科批,847,岭南师范学院,,"物理,化学",459,32445,,,0,,,0,0
内蒙,2025,物理类,本科批,847,岭南师范学院,,"物理,地理",465,40336,,,0,,,0,0
内蒙,2025,物理类,本科批,85,韩山师范学院,,"物理,化学",447,43491,,,0,,,0,0
内蒙,2025,物理类,本科批,851,吉林师范大学,,物理,472,30906,,,0,,,0,0
内蒙,2025,物理类,本科批,851,吉林师范大学,,"物理,化学",448,20296,,,0,,,0,0
内蒙,2025,物理类,本科批,851,吉林师范大学,,"物理,地理",529,21608,,,0,,,0,0
内蒙,2025,物理类,本科批,852,白城师范学院,,物理,399,52332,,,0,,,0,0
内蒙,2025,物理类,本科批,852,白城师范学院,,"物理,化学",418,48019,,,0,,,0,0
内蒙,2025,物理类,本科批,853,肇庆学院,,"物理,化学",427,52652,,,0,,,0,0
内蒙,2025,物理类,本科批,854,吉林农业科技学院,,物理,438,39710,,,0,,,0,0
内蒙,2025,物理类,本科批,854,吉林农业科技学院,,"物理,化学",424,35426,,,0,,,0,0
内蒙,2025,物理类,本科批,854,吉林农业科技学院,,"物理,生物",433,50667,,,0,,,0,0
内蒙,2025,物理类,本科批,857,喀什大学,,物理,423,34836,,,0,,,0,0
内蒙,2025,物理类,本科批,857,喀什大学,,"物理,化学",407,51337,,,0,,,0,0
内蒙,2025,物理类,本科批,858,吉林外国语大学,,物理,380,51996,,,0,,,0,0
内蒙,2025,物理类,本科批,858,吉林外国语大学,,"物理,化学",416,46700,,,0,,,0,0
内蒙,2025,物理类,本科批,86,广东财经大学,,物理,550,16327,,,0,,,0,0
内蒙,2025,物理类,本科批,86,广东财经大学,,"物理,地理",536,19815,,,0,,,0,0
内蒙,2025,物理类,本科批,861,青岛黄海学院,,物理,393,63446,,,0,,,0,0
内蒙,2025,物理类,本科批,861,青岛黄海学院,,"物理,化学",390,63168,,,0,,,0,0
内蒙,2025,物理类,本科批,861,青岛黄海学院,,"物理,生物",403,60309,,,0,,,0,0
内蒙,2025,物理类,本科批,865,湖北医药学院,,"物理,化学",537,15607,,,0,,,0,0
内蒙,2025,物理类,本科批,867,武昌理工学院,,"物理,化学",411,57884,,,0,,,0,0
内蒙,2025,物理类,本科批,868,湖北民族大学,,"物理,化学",489,18582,,,0,,,0,0
内蒙,2025,物理类,本科批,872,牡丹江医科大学,,"物理,化学",480,21892,,,0,,,0,0
内蒙,2025,物理类,本科批,872,牡丹江医科大学,,"物理,化学,生物",445,20532,,,0,,,0,0
内蒙,2025,物理类,本科批,873,黑龙江工业学院,,物理,432,50996,,,0,,,0,0
内蒙,2025,物理类,本科批,873,黑龙江工业学院,,"物理,化学",424,44442,,,0,,,0,0
内蒙,2025,物理类,本科批,874,黑龙江八一农垦大学,,物理,453,31838,,,0,,,0,0
内蒙,2025,物理类,本科批,874,黑龙江八一农垦大学,,"物理,化学",451,28078,,,0,,,0,0
内蒙,2025,物理类,本科批,874,黑龙江八一农垦大学,,"物理,生物",446,46355,,,0,,,0,0
内蒙,2025,物理类,本科批,875,黑龙江大学,,物理,545,14956,,,0,,,0,0
内蒙,2025,物理类,本科批,875,黑龙江大学,,"物理,化学",514,10380,,,0,,,0,0
内蒙,2025,物理类,本科批,876,黑河学院,,物理,415,37836,,,0,,,0,0
内蒙,2025,物理类,本科批,876,黑河学院,,"物理,化学",438,42515,,,0,,,0,0
内蒙,2025,物理类,本科批,877,东北农业大学,,物理,532,18326,,,0,,,0,0
内蒙,2025,物理类,本科批,877,东北农业大学,,"物理,化学",515,9219,,,0,,,0,0
内蒙,2025,物理类,本科批,878,哈尔滨医科大学,,"物理,化学",525,4664,,,0,,,0,0
内蒙,2025,物理类,本科批,878,哈尔滨医科大学,,"物理,化学,生物",554,1424,,,0,,,0,0
内蒙,2025,物理类,本科批,879,黑龙江中医药大学,,物理,458,7178,,,0,,,0,0
内蒙,2025,物理类,本科批,879,黑龙江中医药大学,,"物理,化学",477,18825,,,0,,,0,0
内蒙,2025,物理类,本科批,879,黑龙江中医药大学,,"物理,生物",507,12501,,,0,,,0,0
内蒙,2025,物理类,本科批,881,黑龙江工程学院,,物理,452,44442,,,0,,,0,0
内蒙,2025,物理类,本科批,881,黑龙江工程学院,,"物理,化学",464,32753,,,0,,,0,0
内蒙,2025,物理类,本科批,882,佳木斯大学,,"物理,化学",455,32753,,,0,,,0,0
内蒙,2025,物理类,本科批,883,重庆医科大学,,"物理,化学",536,4391,,,0,,,0,0
内蒙,2025,物理类,本科批,884,大庆师范学院,,"物理,化学",440,29488,,,0,,,0,0
内蒙,2025,物理类,本科批,885,南京工业职业技术大学,,物理,523,20057,,,0,,,0,0
内蒙,2025,物理类,本科批,887,四川外国语大学,,物理,521,12270,,,0,,,0,0
内蒙,2025,物理类,本科批,887,四川外国语大学,,"物理,政治",516,25236,,,0,,,0,0
内蒙,2025,物理类,本科批,889,齐齐哈尔工程学院,,物理,391,64062,,,0,,,0,0
内蒙,2025,物理类,本科批,889,齐齐哈尔工程学院,,"物理,化学",356,68528,,,0,,,0,0
内蒙,2025,物理类,本科批,89,保定学院,,物理,441,40336,,,0,,,0,0
内蒙,2025,物理类,本科批,89,保定学院,,"物理,化学",500,29488,,,0,,,0,0
内蒙,2025,物理类,本科批,891,黑龙江外国语学院,,物理,378,67736,,,0,,,0,0
内蒙,2025,物理类,本科批,892,绥化学院,,物理,420,51685,,,0,,,0,0
内蒙,2025,物理类,本科批,892,绥化学院,,"物理,化学",439,34528,,,0,,,0,0
内蒙,2025,物理类,本科批,892,绥化学院,,"物理,地理",425,53326,,,0,,,0,0
内蒙,2025,物理类,本科批,897,北京信息科技大学,,物理,582,9043,,,0,,,0,0
内蒙,2025,物理类,本科批,897,北京信息科技大学,,"物理,化学",550,5740,,,0,,,0,0
内蒙,2025,物理类,本科批,899,重庆财经学院,,物理,406,49009,,,0,,,0,0
内蒙,2025,物理类,本科批,90,重庆人文科技学院,,物理,406,59392,,,0,,,0,0
内蒙,2025,物理类,本科批,90,重庆人文科技学院,,"物理,化学",410,51996,,,0,,,0,0
内蒙,2025,物理类,本科批,900,上海理工大学,,"物理,化学",590,6349,,,0,,,0,0
内蒙,2025,物理类,本科批,903,上海第二工业大学,,"物理,化学",503,16099,,,0,,,0,0
内蒙,2025,物理类,本科批,908,宁波大学,,"物理,化学",548,13809,,,0,,,0,0
内蒙,2025,物理类,本科批,91,新乡学院,,"物理,化学",455,39710,,,0,,,0,0
内蒙,2025,物理类,本科批,911,扬州大学,,物理,545,17590,,,0,,,0,0
内蒙,2025,物理类,本科批,911,扬州大学,,"物理,化学",559,6532,,,0,,,0,0
内蒙,2025,物理类,本科批,913,上海工程技术大学,,物理,491,23867,,,0,,,0,0
内蒙,2025,物理类,本科批,913,上海工程技术大学,,"物理,化学",530,19305,,,0,,,0,0
内蒙,2025,物理类,本科批,917,南京特殊教育师范学院,,物理,469,30334,,,0,,,0,0
内蒙,2025,物理类,本科批,917,南京特殊教育师范学院,,"物理,化学",487,23287,,,0,,,0,0
内蒙,2025,物理类,本科批,920,安徽大学,,"物理,化学",591,4800,,,0,,,0,0
内蒙,2025,物理类,本科批,924,重庆工商大学派斯学院,,物理,412,55303,,,0,,,0,0
内蒙,2025,物理类,本科批,925,海南大学,,物理,552,15858,,,0,,,0,0
内蒙,2025,物理类,本科批,925,海南大学,,"物理,化学",553,6349,,,0,,,0,0
内蒙,2025,物理类,本科批,926,海口经济学院,,物理,345,67212,,,0,,,0,0
内蒙,2025,物理类,本科批,926,海口经济学院,,"物理,化学",358,65812,,,0,,,0,0
内蒙,2025,物理类,本科批,927,海南师范大学,,物理,435,20532,,,0,,,0,0
内蒙,2025,物理类,本科批,927,海南师范大学,,"物理,化学",480,24426,,,0,,,0,0
内蒙,2025,物理类,本科批,927,海南师范大学,,"物理,化学,生物",534,20296,,,0,,,0,0
内蒙,2025,物理类,本科批,927,海南师范大学,,"物理,地理",490,32753,,,0,,,0,0
内蒙,2025,物理类,本科批,931,福州大学,,物理,592,7667,,,0,,,0,0
内蒙,2025,物理类,本科批,931,福州大学,,"物理,化学",566,6184,,,0,,,0,0
内蒙,2025,物理类,本科批,935,南昌大学,,物理,584,7838,,,0,,,0,0
内蒙,2025,物理类,本科批,935,南昌大学,,"物理,化学",582,6349,,,0,,,0,0
内蒙,2025,物理类,本科批,936,江西科技学院,,"物理,化学",376,60654,,,0,,,0,0
内蒙,2025,物理类,本科批,936,江西科技学院,,"物理,政治",389,64626,,,0,,,0,0
内蒙,2025,物理类,本科批,936,江西科技学院,,"物理,生物",394,63168,,,0,,,0,0
内蒙,2025,物理类,本科批,938,沈阳大学,,"物理,化学",494,24701,,,0,,,0,0
内蒙,2025,物理类,本科批,94,河北民族师范学院,,物理,466,35112,,,0,,,0,0
内蒙,2025,物理类,本科批,94,河北民族师范学院,,"物理,化学",443,47394,,,0,,,0,0
内蒙,2025,物理类,本科批,940,榆林学院,,"物理,化学",424,33918,,,0,,,0,0
内蒙,2025,物理类,本科批,941,西北大学,,物理,601,5740,,,0,,,0,0
内蒙,2025,物理类,本科批,941,西北大学,,"物理,化学",598,4391,,,0,,,0,0
内蒙,2025,物理类,本科批,942,西安外国语大学,,物理,522,15173,,,0,,,0,0
内蒙,2025,物理类,本科批,945,西安外事学院,,"物理,化学",407,49009,,,0,,,0,0
内蒙,2025,物理类,本科批,945,西安外事学院,,"物理,生物",395,62859,,,0,,,0,0
内蒙,2025,物理类,本科批,947,延安大学,,物理,461,41288,,,0,,,0,0
内蒙,2025,物理类,本科批,947,延安大学,,"物理,化学",472,30906,,,0,,,0,0
内蒙,2025,物理类,本科批,947,延安大学,,"物理,化学,生物",493,31838,,,0,,,0,0
内蒙,2025,物理类,本科批,948,西安欧亚学院,,物理,403,51337,,,0,,,0,0
内蒙,2025,物理类,本科批,948,西安欧亚学院,,"物理,化学",380,64361,,,0,,,0,0
内蒙,2025,物理类,本科批,949,西京学院,,物理,401,60009,,,0,,,0,0
内蒙,2025,物理类,本科批,949,西京学院,,"物理,化学",410,40037,,,0,,,0,0
内蒙,2025,物理类,本科批,95,沈阳工业大学,,物理,426,27236,,,0,,,0,0
内蒙,2025,物理类,本科批,95,沈阳工业大学,,"物理,化学",512,9043,,,0,,,0,0
内蒙,2025,物理类,本科批,950,西安培华学院,,物理,408,54269,,,0,,,0,0
内蒙,2025,物理类,本科批,950,西安培华学院,,"物理,化学",403,48330,,,0,,,0,0
内蒙,2025,物理类,本科批,950,西安培华学院,,"物理,生物",421,54593,,,0,,,0,0
内蒙,2025,物理类,本科批,951,西安翻译学院,,物理,387,64921,,,0,,,0,0
内蒙,2025,物理类,本科批,951,西安翻译学院,,"物理,化学",401,57884,,,0,,,0,0
内蒙,2025,物理类,本科批,953,渭南师范学院,,物理,443,47394,,,0,,,0,0
内蒙,2025,物理类,本科批,953,渭南师范学院,,"物理,化学",473,31526,,,0,,,0,0
内蒙,2025,物理类,本科批,953,渭南师范学院,,"物理,地理",479,36015,,,0,,,0,0
内蒙,2025,物理类,本科批,955,甘肃农业大学,,"物理,化学",445,44442,,,0,,,0,0
内蒙,2025,物理类,本科批,957,甘肃政法大学,,物理,536,12501,,,0,,,0,0
内蒙,2025,物理类,本科批,957,甘肃政法大学,,"物理,化学",526,22442,,,0,,,0,0
内蒙,2025,物理类,本科批,958,西北师范大学,,物理,472,18077,,,0,,,0,0
内蒙,2025,物理类,本科批,958,西北师范大学,,"物理,化学",434,25236,,,0,,,0,0
内蒙,2025,物理类,本科批,96,西安理工大学,,"物理,化学",586,6532,,,0,,,0,0
内蒙,2025,物理类,本科批,961,青海大学,,物理,473,34528,,,0,,,0,0
内蒙,2025,物理类,本科批,961,青海大学,,"物理,化学",452,33044,,,0,,,0,0
内蒙,2025,物理类,本科批,961,青海大学,,"物理,化学,生物",492,22165,,,0,,,0,0
内蒙,2025,物理类,本科批,962,青海民族大学,,"物理,化学",372,42820,,,0,,,0,0
内蒙,2025,物理类,本科批,962,青海民族大学,,"物理,地理",405,59699,,,0,,,0,0
内蒙,2025,物理类,本科批,963,青海师范大学,,物理,379,64921,,,0,,,0,0
内蒙,2025,物理类,本科批,963,青海师范大学,,"物理,化学",400,61271,,,0,,,0,0
内蒙,2025,物理类,本科批,964,上海立信会计金融学院,,物理,542,12501,,,0,,,0,0
内蒙,2025,物理类,本科批,964,上海立信会计金融学院,,"物理,化学",551,13809,,,0,,,0,0
内蒙,2025,物理类,本科批,966,潍坊学院,,物理,450,43491,,,0,,,0,0
内蒙,2025,物理类,本科批,966,潍坊学院,,"物理,化学",463,30906,,,0,,,0,0
内蒙,2025,物理类,本科批,966,潍坊学院,,"物理,化学,生物",461,41608,,,0,,,0,0
内蒙,2025,物理类,本科批,966,潍坊学院,,"物理,政治",513,26090,,,0,,,0,0
内蒙,2025,物理类,本科批,968,浙江科技大学,,"物理,化学",553,14036,,,0,,,0,0
内蒙,2025,物理类,本科批,969,宁波工程学院,,物理,487,33612,,,0,,,0,0
内蒙,2025,物理类,本科批,969,宁波工程学院,,"物理,化学",500,20057,,,0,,,0,0
内蒙,2025,物理类,本科批,97,合肥工业大学,,物理,558,7667,,,0,,,0,0
内蒙,2025,物理类,本科批,97,合肥工业大学,,"物理,化学",574,7014,,,0,,,0,0
内蒙,2025,物理类,本科批,971,广州大学,,"物理,化学",572,7667,,,0,,,0,0
内蒙,2025,物理类,本科批,972,宁夏大学,,物理,565,12932,,,0,,,0,0
内蒙,2025,物理类,本科批,972,宁夏大学,,"物理,化学",557,8379,,,0,,,0,0
内蒙,2025,物理类,本科批,972,宁夏大学,,"物理,地理",579,9972,,,0,,,0,0
内蒙,2025,物理类,本科批,973,宁夏理工学院,,物理,386,60654,,,0,,,0,0
内蒙,2025,物理类,本科批,973,宁夏理工学院,,"物理,化学",375,57566,,,0,,,0,0
内蒙,2025,物理类,本科批,976,海南热带海洋学院,,物理,395,62859,,,0,,,0,0
内蒙,2025,物理类,本科批,976,海南热带海洋学院,,"物理,化学",434,35726,,,0,,,0,0
内蒙,2025,物理类,本科批,98,兰州理工大学,,物理,446,22442,,,0,,,0,0
内蒙,2025,物理类,本科批,98,兰州理工大学,,"物理,化学",370,14268,,,0,,,0,0
内蒙,2025,物理类,本科批,981,新疆大学,,物理,560,12270,,,0,,,0,0
内蒙,2025,物理类,本科批,981,新疆大学,,"物理,化学",537,6818,,,0,,,0,0
内蒙,2025,物理类,本科批,982,新疆师范大学,,物理,427,33918,,,0,,,0,0
内蒙,2025,物理类,本科批,986,新疆农业大学,,"物理,化学",453,36331,,,0,,,0,0
内蒙,2025,物理类,本科批,989,五邑大学,,物理,537,19553,,,0,,,0,0
内蒙,2025,物理类,本科批,989,五邑大学,,"物理,化学",495,21084,,,0,,,0,0
内蒙,2025,物理类,本科批,99,哈尔滨理工大学,,物理,517,20296,,,0,,,0,0
内蒙,2025,物理类,本科批,99,哈尔滨理工大学,,"物理,化学",554,8379,,,0,,,0,0
内蒙,2025,物理类,本科批,992,昆明学院,,物理,464,40648,,,0,,,0,0
内蒙,2025,物理类,本科批,992,昆明学院,,"物理,化学",452,36331,,,0,,,0,0
内蒙,2025,物理类,本科批,992,昆明学院,,"物理,化学,生物",490,27236,,,0,,,0,0
内蒙,2025,物理类,本科批,992,昆明学院,,"物理,政治",487,33612,,,0,,,0,0
内蒙,2025,物理类,本科批,993,重庆科技大学,,物理,540,18825,,,0,,,0,0
内蒙,2025,物理类,本科批,993,重庆科技大学,,"物理,化学",497,23005,,,0,,,0,0
内蒙,2025,物理类,本科批,998,广东石油化工学院,,"物理,化学",424,27790,,,0,,,0,0
内蒙,2025,物理类,本科批,999,重庆理工大学,,物理,524,22442,,,0,,,0,0
内蒙,2025,物理类,本科批,999,重庆理工大学,,"物理,化学",566,12501,,,0,,,0,0
内蒙,2025,物理类,本科批,,三亚学院,,物理,345,64361,,,0,,,0,0
内蒙,2025,物理类,本科批,,三亚学院,,"物理,化学",347,63168,,,0,,,0,0
内蒙,2025,物理类,本科批,,三明学院,,物理,479,36015,,,0,,,0,0
内蒙,2025,物理类,本科批,,三明学院,,"物理,化学",451,32133,,,0,,,0,0
内蒙,2025,物理类,本科批,,上海中侨职业技术大学,,物理,382,65812,,,0,,,0,0
内蒙,2025,物理类,本科批,,上海交通大学医学院,,"物理,化学",579,133,,,0,,,0,0
内蒙,2025,物理类,本科批,,上海商学院,,物理,503,22719,,,0,,,0,0
内蒙,2025,物理类,本科批,,上海外国语大学贤达经济人文学院,,物理,346,35426,,,0,,,0,0
内蒙,2025,物理类,本科批,,上海外国语大学贤达经济人文学院,,"物理,化学",396,62560,,,0,,,0,0
内蒙,2025,物理类,本科批,,上海建桥学院,,物理,376,68264,,,0,,,0,0
内蒙,2025,物理类,本科批,,上海建桥学院,,"物理,化学",406,43491,,,0,,,0,0
内蒙,2025,物理类,本科批,,上海政法学院,,物理,549,7014,,,0,,,0,0
内蒙,2025,物理类,本科批,,上海杉达学院,,物理,468,39382,,,0,,,0,0
内蒙,2025,物理类,本科批,,上海杉达学院,,"物理,化学",439,30334,,,0,,,0,0
内蒙,2025,物理类,本科批,,上海立达学院,,物理,385,55623,,,0,,,0,0
内蒙,2025,物理类,本科批,,上海立达学院,,"物理,化学",375,64361,,,0,,,0,0
内蒙,2025,物理类,本科批,,上海财经大学浙江学院,,物理,419,50339,,,0,,,0,0
内蒙,2025,物理类,本科批,,东莞理工学院,,"物理,化学",516,19305,,,0,,,0,0
内蒙,2025,物理类,本科批,,中南林业科技大学,,物理,380,30626,,,0,,,0,0
内蒙,2025,物理类,本科批,,中南林业科技大学,,"物理,化学",381,21084,,,0,,,0,0
内蒙,2025,物理类,本科批,,中国人民大学,,物理,644,1490,,,0,,,0,0
内蒙,2025,物理类,本科批,,中国石油大学(北京)克拉玛依校区,,物理,560,13388,,,0,,,0,0
内蒙,2025,物理类,本科批,,中国石油大学(北京)克拉玛依校区,,"物理,化学",565,9784,,,0,,,0,0
内蒙,2025,物理类,本科批,,中国矿业大学徐海学院,,物理,425,53326,,,0,,,0,0
内蒙,2025,物理类,本科批,,中国矿业大学徐海学院,,"物理,化学",424,44772,,,0,,,0,0
内蒙,2025,物理类,本科批,,中国社会科学院大学,,物理,605,5059,,,0,,,0,0
内蒙,2025,物理类,本科批,,中国计量大学现代科技学院,,物理,419,55303,,,0,,,0,0
内蒙,2025,物理类,本科批,,中国计量大学现代科技学院,,"物理,化学",423,43178,,,0,,,0,0
内蒙,2025,物理类,本科批,,丽水学院,,物理,450,45095,,,0,,,0,0
内蒙,2025,物理类,本科批,,丽水学院,,"物理,化学",483,32445,,,0,,,0,0
内蒙,2025,物理类,本科批,,丽江文化旅游学院,,物理,365,63446,,,0,,,0,0
内蒙,2025,物理类,本科批,,丽江文化旅游学院,,"物理,化学",375,63748,,,0,,,0,0
内蒙,2025,物理类,本科批,,云南中医药大学,,物理,541,15393,,,0,,,0,0
内蒙,2025,物理类,本科批,,云南中医药大学,,"物理,化学",513,26090,,,0,,,0,0
内蒙,2025,物理类,本科批,,云南农业大学,,物理,468,30626,,,0,,,0,0
内蒙,2025,物理类,本科批,,云南农业大学,,"物理,化学",453,33612,,,0,,,0,0
内蒙,2025,物理类,本科批,,云南财经大学,,物理,529,21342,,,0,,,0,0
内蒙,2025,物理类,本科批,,保定理工学院,,物理,399,60964,,,0,,,0,0
内蒙,2025,物理类,本科批,,保定理工学院,,"物理,化学",413,57211,,,0,,,0,0
内蒙,2025,物理类,本科批,,信阳学院,,"物理,化学",407,58187,,,0,,,0,0
内蒙,2025,物理类,本科批,,兰州信息科技学院,,"物理,化学",420,48647,,,0,,,0,0
内蒙,2025,物理类,本科批,,兰州博文科技学院,,物理,385,65812,,,0,,,0,0
内蒙,2025,物理类,本科批,,兰州博文科技学院,,"物理,化学",392,57566,,,0,,,0,0
内蒙,2025,物理类,本科批,,兰州工商学院,,物理,397,59699,,,0,,,0,0
内蒙,2025,物理类,本科批,,兰州工商学院,,"物理,化学",404,60009,,,0,,,0,0
内蒙,2025,物理类,本科批,,兰州文理学院,,"物理,化学",463,39041,,,0,,,0,0
内蒙,2025,物理类,本科批,,兰州石化职业技术大学,,物理,458,40336,,,0,,,0,0
内蒙,2025,物理类,本科批,,兰州资源环境职业技术大学,,物理,437,46700,,,0,,,0,0
内蒙,2025,物理类,本科批,,内蒙古大学创业学院,,物理,383,63748,,,0,,,0,0
内蒙,2025,物理类,本科批,,内蒙古大学创业学院,,"物理,化学",375,64062,,,0,,,0,0
内蒙,2025,物理类,本科批,,内蒙古鸿德文理学院,,物理,375,56914,,,0,,,0,0
内蒙,2025,物理类,本科批,,内蒙古鸿德文理学院,,"物理,化学",375,67476,,,0,,,0,0
内蒙,2025,物理类,本科批,,北京中医药大学东方学院,,物理,472,27496,,,0,,,0,0
内蒙,2025,物理类,本科批,,北京中医药大学东方学院,,"物理,化学",441,44142,,,0,,,0,0
内蒙,2025,物理类,本科批,,北京中医药大学东方学院,,"物理,生物",442,47701,,,0,,,0,0
内蒙,2025,物理类,本科批,,北京交通大学,,物理,584,9043,,,0,,,0,0
内蒙,2025,物理类,本科批,,北京交通大学,,"物理,化学",596,5194,,,0,,,0,0
内蒙,2025,物理类,本科批,,北京协和医学院,,"物理,化学",600,6349,,,0,,,0,0
内蒙,2025,物理类,本科批,,北京工业大学耿丹学院,,物理,367,58187,,,0,,,0,0
内蒙,2025,物理类,本科批,,北京工业大学耿丹学院,,"物理,化学",377,45695,,,0,,,0,0
内蒙,2025,物理类,本科批,,北京师范大学,,"物理,化学",636,2079,,,0,,,0,0
内蒙,2025,物理类,本科批,,北京科技大学天津学院,,物理,398,61271,,,0,,,0,0
内蒙,2025,物理类,本科批,,北京科技大学天津学院,,"物理,化学",399,59120,,,0,,,0,0
内蒙,2025,物理类,本科批,,北京科技职业大学,,物理,480,35726,,,0,,,0,0
内蒙,2025,物理类,本科批,,北京第二外国语学院中瑞酒店管理学院,,物理,345,66940,,,0,,,0,0
内蒙,2025,物理类,本科批,,北京金融科技学院,,物理,375,67736,,,0,,,0,0
内蒙,2025,物理类,本科批,,北京金融科技学院,,"物理,化学",382,65192,,,0,,,0,0
内蒙,2025,物理类,本科批,,北师香港浸会大学,,物理,530,18077,,,0,,,0,0
内蒙,2025,物理类,本科批,,北师香港浸会大学,,"物理,化学",539,17092,,,0,,,0,0
内蒙,2025,物理类,本科批,,南京理工大学泰州科技学院,,"物理,化学",404,60009,,,0,,,0,0
内蒙,2025,物理类,本科批,,南京航空航天大学金城学院,,"物理,化学",461,35726,,,0,,,0,0
内蒙,2025,物理类,本科批,,南宁学院,,物理,397,62261,,,0,,,0,0
内蒙,2025,物理类,本科批,,南宁学院,,"物理,化学",391,64062,,,0,,,0,0
内蒙,2025,物理类,本科批,,南宁师范大学,,物理,448,42820,,,0,,,0,0
内蒙,2025,物理类,本科批,,南宁师范大学,,"物理,化学",525,22719,,,0,,,0,0
内蒙,2025,物理类,本科批,,南宁师范大学,,"物理,化学,生物",496,30906,,,0,,,0,0
内蒙,2025,物理类,本科批,,南宁师范大学师园学院,,物理,399,61601,,,0,,,0,0
内蒙,2025,物理类,本科批,,南宁师范大学师园学院,,"物理,化学",382,60654,,,0,,,0,0
内蒙,2025,物理类,本科批,,南宁理工学院,,"物理,化学",375,58837,,,0,,,0,0
内蒙,2025,物理类,本科批,,南方医科大学,,"物理,化学",571,9394,,,0,,,0,0
内蒙,2025,物理类,本科批,,南昌交通学院,,"物理,化学",390,61913,,,0,,,0,0
内蒙,2025,物理类,本科批,,南昌医学院,,"物理,化学",531,14956,,,0,,,0,0
内蒙,2025,物理类,本科批,,南昌医学院,,"物理,生物",549,16605,,,0,,,0,0
内蒙,2025,物理类,本科批,,南昌航空大学,,"物理,化学",566,8379,,,0,,,0,0
内蒙,2025,物理类,本科批,,南通理工学院,,"物理,化学",422,50339,,,0,,,0,0
内蒙,2025,物理类,本科批,,南阳理工学院,,物理,496,26673,,,0,,,0,0
内蒙,2025,物理类,本科批,,南阳理工学院,,"物理,化学",431,49381,,,0,,,0,0
内蒙,2025,物理类,本科批,,南阳理工学院,,"物理,化学,生物",447,46038,,,0,,,0,0
内蒙,2025,物理类,本科批,,厦门大学嘉庚学院,,物理,417,34211,,,0,,,0,0
内蒙,2025,物理类,本科批,,厦门大学嘉庚学院,,"物理,化学",421,44772,,,0,,,0,0
内蒙,2025,物理类,本科批,,厦门工学院,,物理,376,64626,,,0,,,0,0
内蒙,2025,物理类,本科批,,厦门工学院,,"物理,化学",377,61913,,,0,,,0,0
内蒙,2025,物理类,本科批,,台州学院,,"物理,化学",464,37238,,,0,,,0,0
内蒙,2025,物理类,本科批,,右江民族医学院,,物理,426,49999,,,0,,,0,0
内蒙,2025,物理类,本科批,,右江民族医学院,,"物理,化学",523,22719,,,0,,,0,0
内蒙,2025,物理类,本科批,,右江民族医学院,,"物理,生物",478,36331,,,0,,,0,0
内蒙,2025,物理类,本科批,,合肥工业大学,,"物理,化学",550,6026,,,0,,,0,0
内蒙,2025,物理类,本科批,,吉利学院,,"物理,化学",413,43491,,,0,,,0,0
内蒙,2025,物理类,本科批,,吉林师范大学博达学院,,物理,384,61271,,,0,,,0,0
内蒙,2025,物理类,本科批,,吉林师范大学博达学院,,"物理,化学",376,64361,,,0,,,0,0
内蒙,2025,物理类,本科批,,吉林师范大学博达学院,,"物理,地理",410,58187,,,0,,,0,0
内蒙,2025,物理类,本科批,,吕梁学院,,物理,416,44142,,,0,,,0,0
内蒙,2025,物理类,本科批,,吕梁学院,,"物理,化学",416,45695,,,0,,,0,0
内蒙,2025,物理类,本科批,,吕梁学院,,"物理,化学,生物",436,49690,,,0,,,0,0
内蒙,2025,物理类,本科批,,吕梁学院,,"物理,地理",429,51996,,,0,,,0,0
内蒙,2025,物理类,本科批,,吕梁学院,,"物理,生物",415,52987,,,0,,,0,0
内蒙,2025,物理类,本科批,,哈尔滨剑桥学院,,物理,376,56591,,,0,,,0,0
内蒙,2025,物理类,本科批,,哈尔滨剑桥学院,,"物理,化学",378,61271,,,0,,,0,0
内蒙,2025,物理类,本科批,,哈尔滨学院,,物理,419,52332,,,0,,,0,0
内蒙,2025,物理类,本科批,,哈尔滨学院,,"物理,化学",462,37522,,,0,,,0,0
内蒙,2025,物理类,本科批,,哈尔滨学院,,"物理,地理",481,35426,,,0,,,0,0
内蒙,2025,物理类,本科批,,哈尔滨工业大学(威海),,"物理,化学",645,950,,,0,,,0,0
内蒙,2025,物理类,本科批,,哈尔滨广厦学院,,物理,378,64921,,,0,,,0,0
内蒙,2025,物理类,本科批,,哈尔滨广厦学院,,"物理,化学",391,60654,,,0,,,0,0
内蒙,2025,物理类,本科批,,哈尔滨石油学院,,物理,391,64062,,,0,,,0,0
内蒙,2025,物理类,本科批,,哈尔滨石油学院,,"物理,化学",367,59699,,,0,,,0,0
内蒙,2025,物理类,本科批,,哈尔滨远东理工学院,,"物理,化学",380,66658,,,0,,,0,0
内蒙,2025,物理类,本科批,,唐山师范学院,,物理,419,53661,,,0,,,0,0
内蒙,2025,物理类,本科批,,唐山师范学院,,"物理,地理",428,52332,,,0,,,0,0
内蒙,2025,物理类,本科批,,嘉兴大学,,物理,494,27236,,,0,,,0,0
内蒙,2025,物理类,本科批,,嘉兴大学,,"物理,化学",499,24426,,,0,,,0,0
内蒙,2025,物理类,本科批,,四川传媒学院,,物理,435,40648,,,0,,,0,0
内蒙,2025,物理类,本科批,,四川大学锦江学院,,物理,446,46355,,,0,,,0,0
内蒙,2025,物理类,本科批,,四川大学锦江学院,,"物理,化学",400,56914,,,0,,,0,0
内蒙,2025,物理类,本科批,,四川工业科技学院,,物理,393,63446,,,0,,,0,0
内蒙,2025,物理类,本科批,,四川工业科技学院,,"物理,化学",410,55931,,,0,,,0,0
内蒙,2025,物理类,本科批,,四川工商学院,,物理,409,58500,,,0,,,0,0
内蒙,2025,物理类,本科批,,四川工商学院,,"物理,化学",409,57566,,,0,,,0,0
内蒙,2025,物理类,本科批,,四川文理学院,,"物理,化学",450,40959,,,0,,,0,0
内蒙,2025,物理类,本科批,,复旦大学医学院,,"物理,化学",681,167,,,0,,,0,0
内蒙,2025,物理类,本科批,,大连东软信息学院,,物理,380,66658,,,0,,,0,0
内蒙,2025,物理类,本科批,,大连东软信息学院,,"物理,化学",393,55303,,,0,,,0,0
内蒙,2025,物理类,本科批,,大连医科大学中山学院,,物理,427,52652,,,0,,,0,0
内蒙,2025,物理类,本科批,,大连医科大学中山学院,,"物理,化学",390,36015,,,0,,,0,0
内蒙,2025,物理类,本科批,,大连工业大学艺术与信息工程学院,,物理,375,65192,,,0,,,0,0
内蒙,2025,物理类,本科批,,大连工业大学艺术与信息工程学院,,"物理,化学",375,65192,,,0,,,0,0
内蒙,2025,物理类,本科批,,大连理工大学,,物理,611,4800,,,0,,,0,0
内蒙,2025,物理类,本科批,,大连理工大学,,"物理,化学",588,3908,,,0,,,0,0
内蒙,2025,物理类,本科批,,大连理工大学城市学院,,物理,372,62261,,,0,,,0,0
内蒙,2025,物理类,本科批,,大连理工大学城市学院,,"物理,化学",392,44772,,,0,,,0,0
内蒙,2025,物理类,本科批,,大连财经学院,,物理,403,39382,,,0,,,0,0
内蒙,2025,物理类,本科批,,天水师范大学,,"物理,化学",426,47043,,,0,,,0,0
内蒙,2025,物理类,本科批,,天水师范大学,,"物理,地理",453,44142,,,0,,,0,0
内蒙,2025,物理类,本科批,,天津仁爱学院,,物理,375,63446,,,0,,,0,0
内蒙,2025,物理类,本科批,,天津仁爱学院,,"物理,化学",365,59392,,,0,,,0,0
内蒙,2025,物理类,本科批,,天津医科大学临床医学院,,物理,427,52652,,,0,,,0,0
内蒙,2025,物理类,本科批,,天津医科大学临床医学院,,"物理,化学",423,46038,,,0,,,0,0
内蒙,2025,物理类,本科批,,天津医科大学临床医学院,,"物理,化学,生物",510,24426,,,0,,,0,0
内蒙,2025,物理类,本科批,,天津外国语大学滨海外事学院,,物理,388,52332,,,0,,,0,0
内蒙,2025,物理类,本科批,,天津理工大学中环信息学院,,物理,418,55623,,,0,,,0,0
内蒙,2025,物理类,本科批,,天津理工大学中环信息学院,,"物理,化学",421,42515,,,0,,,0,0
内蒙,2025,物理类,本科批,,太原工业学院,,"物理,化学",446,26380,,,0,,,0,0
内蒙,2025,物理类,本科批,,宁夏大学新华学院,,物理,419,55303,,,0,,,0,0
内蒙,2025,物理类,本科批,,宁夏大学新华学院,,"物理,化学",389,58187,,,0,,,0,0
内蒙,2025,物理类,本科批,,宁夏师范大学,,物理,462,41288,,,0,,,0,0
内蒙,2025,物理类,本科批,,宁夏师范大学,,"物理,化学",462,27790,,,0,,,0,0
内蒙,2025,物理类,本科批,,宁波诺丁汉大学,,物理,553,13809,,,0,,,0,0
内蒙,2025,物理类,本科批,,宁波诺丁汉大学,,"物理,化学",540,11189,,,0,,,0,0
内蒙,2025,物理类,本科批,,宁波财经学院,,物理,414,50339,,,0,,,0,0
内蒙,2025,物理类,本科批,,宁波财经学院,,"物理,化学",412,54269,,,0,,,0,0
内蒙,2025,物理类,本科批,,安康学院,,"物理,化学",467,39710,,,0,,,0,0
内蒙,2025,物理类,本科批,,安徽医科大学,,"物理,化学",519,17092,,,0,,,0,0
内蒙,2025,物理类,本科批,,安徽建筑大学,,"物理,化学",485,30334,,,0,,,0,0
内蒙,2025,物理类,本科批,,安徽科技学院,,"物理,化学",453,40336,,,0,,,0,0
内蒙,2025,物理类,本科批,,安徽科技学院,,"物理,地理",439,48019,,,0,,,0,0
内蒙,2025,物理类,本科批,,安阳学院,,物理,400,60009,,,0,,,0,0
内蒙,2025,物理类,本科批,,安阳工学院,,"物理,化学",441,35426,,,0,,,0,0
内蒙,2025,物理类,本科批,,安阳师范学院,,"物理,化学",454,41908,,,0,,,0,0
内蒙,2025,物理类,本科批,,安顺学院,,物理,415,56591,,,0,,,0,0
内蒙,2025,物理类,本科批,,安顺学院,,"物理,化学",417,48019,,,0,,,0,0
内蒙,2025,物理类,本科批,,山东中医药大学,,"物理,化学",523,12033,,,0,,,0,0
内蒙,2025,物理类,本科批,,山东农业工程学院,,物理,451,37238,,,0,,,0,0
内蒙,2025,物理类,本科批,,山东协和学院,,物理,427,52652,,,0,,,0,0
内蒙,2025,物理类,本科批,,山东协和学院,,"物理,化学",393,25793,,,0,,,0,0
内蒙,2025,物理类,本科批,,山东协和学院,,"物理,生物",414,56914,,,0,,,0,0
内蒙,2025,物理类,本科批,,山东女子学院,,物理,444,27236,,,0,,,0,0
内蒙,2025,物理类,本科批,,山东女子学院,,"物理,化学",463,31526,,,0,,,0,0
内蒙,2025,物理类,本科批,,山东建筑大学,,物理,493,23867,,,0,,,0,0
内蒙,2025,物理类,本科批,,山东建筑大学,,"物理,化学",397,24142,,,0,,,0,0
内蒙,2025,物理类,本科批,,山东政法学院,,物理,540,12932,,,0,,,0,0
内蒙,2025,物理类,本科批,,山东政法学院,,"物理,化学",519,23287,,,0,,,0,0
内蒙,2025,物理类,本科批,,山东石油化工学院,,"物理,化学",488,25793,,,0,,,0,0
内蒙,2025,物理类,本科批,,山东财经大学,,物理,528,14494,,,0,,,0,0
内蒙,2025,物理类,本科批,,山东财经大学,,"物理,化学",564,12033,,,0,,,0,0
内蒙,2025,物理类,本科批,,山西传媒学院,,物理,437,48019,,,0,,,0,0
内蒙,2025,物理类,本科批,,山西传媒学院,,"物理,化学",473,37836,,,0,,,0,0
内蒙,2025,物理类,本科批,,山西医药学院,,"物理,化学",458,36606,,,0,,,0,0
内蒙,2025,物理类,本科批,,山西大同大学,,"物理,化学",454,34836,,,0,,,0,0
内蒙,2025,物理类,本科批,,山西大同大学,,"物理,生物",462,41288,,,0,,,0,0
内蒙,2025,物理类,本科批,,山西工商学院,,物理,392,62261,,,0,,,0,0
内蒙,2025,物理类,本科批,,山西工商学院,,"物理,化学",385,65192,,,0,,,0,0
内蒙,2025,物理类,本科批,,山西工学院,,"物理,化学",464,39710,,,0,,,0,0
内蒙,2025,物理类,本科批,,山西工程技术学院,,"物理,化学",436,33612,,,0,,,0,0
内蒙,2025,物理类,本科批,,山西晋中理工学院,,"物理,化学",439,47394,,,0,,,0,0
内蒙,2025,物理类,本科批,,山西能源学院,,"物理,化学",460,40648,,,0,,,0,0
内蒙,2025,物理类,本科批,,川北医学院,,"物理,化学",546,17327,,,0,,,0,0
内蒙,2025,物理类,本科批,,常德学院,,"物理,化学",376,65192,,,0,,,0,0
内蒙,2025,物理类,本科批,,平顶山学院,,物理,435,49999,,,0,,,0,0
内蒙,2025,物理类,本科批,,平顶山学院,,"物理,化学",451,44772,,,0,,,0,0
内蒙,2025,物理类,本科批,,广东工业大学,,物理,570,11823,,,0,,,0,0
内蒙,2025,物理类,本科批,,广东工业大学,,"物理,化学",600,5740,,,0,,,0,0
内蒙,2025,物理类,本科批,,广东海洋大学,,"物理,化学",483,28376,,,0,,,0,0
内蒙,2025,物理类,本科批,,广东海洋大学,,"物理,化学,生物",507,24966,,,0,,,0,0
内蒙,2025,物理类,本科批,,广东理工学院,,"物理,化学",396,60309,,,0,,,0,0
内蒙,2025,物理类,本科批,,广东轻工职业技术大学,,物理,485,34211,,,0,,,0,0
内蒙,2025,物理类,本科批,,广州华立学院,,物理,355,73189,,,0,,,0,0
内蒙,2025,物理类,本科批,,广州华立学院,,"物理,化学",393,55623,,,0,,,0,0
内蒙,2025,物理类,本科批,,广州城市理工学院,,物理,355,53661,,,0,,,0,0
内蒙,2025,物理类,本科批,,广州城市理工学院,,"物理,化学",368,54937,,,0,,,0,0
内蒙,2025,物理类,本科批,,广州工商学院,,物理,407,59120,,,0,,,0,0
内蒙,2025,物理类,本科批,,广州工商学院,,"物理,化学",376,68264,,,0,,,0,0
内蒙,2025,物理类,本科批,,广州应用科技学院,,物理,380,58837,,,0,,,0,0
内蒙,2025,物理类,本科批,,广州应用科技学院,,"物理,化学",379,64361,,,0,,,0,0
内蒙,2025,物理类,本科批,,广州新华学院,,物理,415,56591,,,0,,,0,0
内蒙,2025,物理类,本科批,,广州新华学院,,"物理,化学",382,57884,,,0,,,0,0
内蒙,2025,物理类,本科批,,张家口学院,,"物理,化学",424,53661,,,0,,,0,0
内蒙,2025,物理类,本科批,,张家口学院,,"物理,生物",453,41908,,,0,,,0,0
内蒙,2025,物理类,本科批,,怀化学院,,"物理,化学",456,36946,,,0,,,0,0
内蒙,2025,物理类,本科批,,惠州学院,,物理,447,46038,,,0,,,0,0
内蒙,2025,物理类,本科批,,惠州学院,,"物理,化学",456,43178,,,0,,,0,0
内蒙,2025,物理类,本科批,,成都东软学院,,"物理,化学",444,40336,,,0,,,0,0
内蒙,2025,物理类,本科批,,成都医学院,,"物理,化学",503,28078,,,0,,,0,0
内蒙,2025,物理类,本科批,,成都外国语学院,,物理,389,58187,,,0,,,0,0
内蒙,2025,物理类,本科批,,成都大学,,物理,528,21892,,,0,,,0,0
内蒙,2025,物理类,本科批,,成都大学,,"物理,化学",551,12722,,,0,,,0,0
内蒙,2025,物理类,本科批,,成都工业学院,,"物理,化学",493,25519,,,0,,,0,0
内蒙,2025,物理类,本科批,,成都理工大学工程技术学院,,"物理,化学",455,43491,,,0,,,0,0
内蒙,2025,物理类,本科批,,成都银杏酒店管理学院,,"物理,生物",375,68528,,,0,,,0,0
内蒙,2025,物理类,本科批,,成都锦城学院,,物理,411,57884,,,0,,,0,0
内蒙,2025,物理类,本科批,,扬州大学广陵学院,,"物理,化学",384,63748,,,0,,,0,0
内蒙,2025,物理类,本科批,,攀枝花学院,,"物理,化学",461,40037,,,0,,,0,0
内蒙,2025,物理类,本科批,,新疆和田学院,,物理,419,52987,,,0,,,0,0
内蒙,2025,物理类,本科批,,新疆和田学院,,"物理,化学",405,53326,,,0,,,0,0
内蒙,2025,物理类,本科批,,新疆工业学院,,物理,405,57566,,,0,,,0,0
内蒙,2025,物理类,本科批,,新疆工业学院,,"物理,化学",409,46700,,,0,,,0,0
内蒙,2025,物理类,本科批,,新疆政法学院,,物理,433,26955,,,0,,,0,0
内蒙,2025,物理类,本科批,,新疆政法学院,,"物理,化学",430,44142,,,0,,,0,0
内蒙,2025,物理类,本科批,,新疆科技学院,,物理,456,41288,,,0,,,0,0
内蒙,2025,物理类,本科批,,新疆第二医学院,,"物理,化学,生物",440,29488,,,0,,,0,0
内蒙,2025,物理类,本科批,,新疆警察学院,,物理,491,32445,,,0,,,0,0
内蒙,2025,物理类,本科批,,新疆警察学院,,"物理,化学",460,41908,,,0,,,0,0
内蒙,2025,物理类,本科批,,新疆财经大学,,物理,474,30054,,,0,,,0,0
内蒙,2025,物理类,本科批,,无锡太湖学院,,物理,454,39382,,,0,,,0,0
内蒙,2025,物理类,本科批,,昆明医科大学海源学院,,"物理,化学",416,30334,,,0,,,0,0
内蒙,2025,物理类,本科批,,昆明医科大学海源学院,,"物理,生物",404,60009,,,0,,,0,0
内蒙,2025,物理类,本科批,,昆明城市学院,,物理,386,65514,,,0,,,0,0
内蒙,2025,物理类,本科批,,昆明城市学院,,"物理,化学",401,60654,,,0,,,0,0
内蒙,2025,物理类,本科批,,昆明理工大学津桥学院,,物理,403,60309,,,0,,,0,0
内蒙,2025,物理类,本科批,,昆明理工大学津桥学院,,"物理,化学",398,61271,,,0,,,0,0
内蒙,2025,物理类,本科批,,昌吉学院,,"物理,化学",414,56914,,,0,,,0,0
内蒙,2025,物理类,本科批,,晋中信息学院,,物理,413,56914,,,0,,,0,0
内蒙,2025,物理类,本科批,,晋中信息学院,,"物理,化学",408,54937,,,0,,,0,0
内蒙,2025,物理类,本科批,,普洱学院,,"物理,化学",424,53661,,,0,,,0,0
内蒙,2025,物理类,本科批,,曲阜师范大学,,物理,484,25236,,,0,,,0,0
内蒙,2025,物理类,本科批,,曲阜师范大学,,"物理,化学",553,14494,,,0,,,0,0
内蒙,2025,物理类,本科批,,柳州工学院,,"物理,化学",375,68264,,,0,,,0,0
内蒙,2025,物理类,本科批,,桂林信息科技学院,,物理,395,62859,,,0,,,0,0
内蒙,2025,物理类,本科批,,桂林信息科技学院,,"物理,化学",385,62859,,,0,,,0,0
内蒙,2025,物理类,本科批,,桂林学院,,物理,390,64361,,,0,,,0,0
内蒙,2025,物理类,本科批,,桂林学院,,"物理,化学",392,63748,,,0,,,0,0
内蒙,2025,物理类,本科批,,桂林师范学院,,物理,424,51337,,,0,,,0,0
内蒙,2025,物理类,本科批,,桂林电子科技大学,,"物理,化学",542,5740,,,0,,,0,0
内蒙,2025,物理类,本科批,,楚雄师范学院,,物理,412,57211,,,0,,,0,0
内蒙,2025,物理类,本科批,,楚雄师范学院,,"物理,化学",456,43178,,,0,,,0,0
内蒙,2025,物理类,本科批,,武夷学院,,物理,444,47043,,,0,,,0,0
内蒙,2025,物理类,本科批,,武夷学院,,"物理,化学",439,33918,,,0,,,0,0
内蒙,2025,物理类,本科批,,武昌首义学院,,"物理,化学",422,41608,,,0,,,0,0
内蒙,2025,物理类,本科批,,武汉体育学院,,物理,460,38138,,,0,,,0,0
内蒙,2025,物理类,本科批,,武汉学院,,物理,408,53661,,,0,,,0,0
内蒙,2025,物理类,本科批,,武汉学院,,"物理,化学",413,57211,,,0,,,0,0
内蒙,2025,物理类,本科批,,武汉工商学院,,物理,403,58187,,,0,,,0,0
内蒙,2025,物理类,本科批,,武汉工商学院,,"物理,化学",424,53661,,,0,,,0,0
内蒙,2025,物理类,本科批,,武汉工程大学邮电与信息工程学院,,物理,398,59699,,,0,,,0,0
内蒙,2025,物理类,本科批,,武汉工程大学邮电与信息工程学院,,"物理,化学",396,59392,,,0,,,0,0
内蒙,2025,物理类,本科批,,武汉工程科技学院,,"物理,化学",437,49381,,,0,,,0,0
内蒙,2025,物理类,本科批,,武汉文理学院,,物理,395,56914,,,0,,,0,0
内蒙,2025,物理类,本科批,,武汉文理学院,,"物理,化学",397,58187,,,0,,,0,0
内蒙,2025,物理类,本科批,,武汉文理学院,,"物理,生物",410,58187,,,0,,,0,0
内蒙,2025,物理类,本科批,,武汉晴川学院,,物理,392,60654,,,0,,,0,0
内蒙,2025,物理类,本科批,,武汉晴川学院,,"物理,化学",412,49381,,,0,,,0,0
内蒙,2025,物理类,本科批,,武汉纺织大学,,"物理,化学",536,19553,,,0,,,0,0
内蒙,2025,物理类,本科批,,武汉纺织大学外经贸学院,,物理,409,58500,,,0,,,0,0
内蒙,2025,物理类,本科批,,武汉纺织大学外经贸学院,,"物理,化学",409,57884,,,0,,,0,0
内蒙,2025,物理类,本科批,,民政职业大学,,物理,457,34528,,,0,,,0,0
内蒙,2025,物理类,本科批,,江苏师范大学,,物理,511,26673,,,0,,,0,0
内蒙,2025,物理类,本科批,,江苏师范大学,,"物理,化学",538,17327,,,0,,,0,0
内蒙,2025,物理类,本科批,,江苏理工学院,,"物理,化学",506,25519,,,0,,,0,0
内蒙,2025,物理类,本科批,,江西农业大学南昌商学院,,物理,401,58837,,,0,,,0,0
内蒙,2025,物理类,本科批,,江西农业大学南昌商学院,,"物理,化学",403,60309,,,0,,,0,0
内蒙,2025,物理类,本科批,,江西工程学院,,"物理,化学",415,54269,,,0,,,0,0
内蒙,2025,物理类,本科批,,沈阳城市学院,,物理,355,63168,,,0,,,0,0
内蒙,2025,物理类,本科批,,沈阳城市学院,,"物理,化学",372,64361,,,0,,,0,0
内蒙,2025,物理类,本科批,,沈阳工学院,,物理,380,62859,,,0,,,0,0
内蒙,2025,物理类,本科批,,沈阳工学院,,"物理,化学",375,53326,,,0,,,0,0
内蒙,2025,物理类,本科批,,沈阳工学院,,"物理,生物",375,68528,,,0,,,0,0
内蒙,2025,物理类,本科批,,沈阳科技学院,,物理,421,54593,,,0,,,0,0
内蒙,2025,物理类,本科批,,沈阳科技学院,,"物理,化学",390,56591,,,0,,,0,0
内蒙,2025,物理类,本科批,,沧州交通学院,,物理,384,62859,,,0,,,0,0
内蒙,2025,物理类,本科批,,沧州交通学院,,"物理,化学",376,59120,,,0,,,0,0
内蒙,2025,物理类,本科批,,河北东方学院,,"物理,化学",414,56914,,,0,,,0,0
内蒙,2025,物理类,本科批,,河北东方学院,,"物理,生物",422,54269,,,0,,,0,0
内蒙,2025,物理类,本科批,,河北中医药大学,,物理,541,16605,,,0,,,0,0
内蒙,2025,物理类,本科批,,河北中医药大学,,"物理,化学",508,19305,,,0,,,0,0
内蒙,2025,物理类,本科批,,河北医科大学临床学院,,"物理,化学,生物",467,37238,,,0,,,0,0
内蒙,2025,物理类,本科批,,河北医科大学临床学院,,"物理,生物",449,45369,,,0,,,0,0
内蒙,2025,物理类,本科批,,河北地质大学华信学院,,"物理,化学",418,55623,,,0,,,0,0
内蒙,2025,物理类,本科批,,河北外国语学院,,物理,385,64361,,,0,,,0,0
内蒙,2025,物理类,本科批,,河北外国语学院,,"物理,化学",383,60964,,,0,,,0,0
内蒙,2025,物理类,本科批,,河北工业职业技术大学,,物理,423,37238,,,0,,,0,0
内蒙,2025,物理类,本科批,,河北工业职业技术大学,,"物理,化学",437,49381,,,0,,,0,0
内蒙,2025,物理类,本科批,,河北工程大学,,"物理,化学",444,17092,,,0,,,0,0
内蒙,2025,物理类,本科批,,河北工程大学,,"物理,生物",490,32753,,,0,,,0,0
内蒙,2025,物理类,本科批,,河北建筑工程学院,,"物理,化学",434,41288,,,0,,,0,0
内蒙,2025,物理类,本科批,,河北环境工程学院,,"物理,化学",431,49381,,,0,,,0,0
内蒙,2025,物理类,本科批,,河北环境工程学院,,"物理,生物",451,44772,,,0,,,0,0
内蒙,2025,物理类,本科批,,河北石油职业技术大学,,物理,451,40037,,,0,,,0,0
内蒙,2025,物理类,本科批,,河南工程学院,,物理,448,38447,,,0,,,0,0
内蒙,2025,物理类,本科批,,河南工程学院,,"物理,化学",459,29780,,,0,,,0,0
内蒙,2025,物理类,本科批,,河南工程学院,,"物理,化学,地理",467,39710,,,0,,,0,0
内蒙,2025,物理类,本科批,,河南师范大学,,"物理,化学",501,26955,,,0,,,0,0
内蒙,2025,物理类,本科批,,河南开封科技传媒学院,,物理,387,64921,,,0,,,0,0
内蒙,2025,物理类,本科批,,河南理工大学,,"物理,化学",475,19553,,,0,,,0,0
内蒙,2025,物理类,本科批,,河南科技学院,,"物理,化学",426,44772,,,0,,,0,0
内蒙,2025,物理类,本科批,,河南财政金融学院,,物理,459,42207,,,0,,,0,0
内蒙,2025,物理类,本科批,,河南财政金融学院,,"物理,化学",523,23287,,,0,,,0,0
内蒙,2025,物理类,本科批,,河南财经政法大学,,物理,570,6818,,,0,,,0,0
内蒙,2025,物理类,本科批,,河南财经政法大学,,"物理,化学",571,11607,,,0,,,0,0
内蒙,2025,物理类,本科批,,河西学院,,物理,522,23579,,,0,,,0,0
内蒙,2025,物理类,本科批,,河西学院,,"物理,化学",446,44442,,,0,,,0,0
内蒙,2025,物理类,本科批,,泉州师范学院,,"物理,化学",437,44442,,,0,,,0,0
内蒙,2025,物理类,本科批,,泉州师范学院,,"物理,化学,生物",478,36331,,,0,,,0,0
内蒙,2025,物理类,本科批,,泰山学院,,"物理,化学",491,30626,,,0,,,0,0
内蒙,2025,物理类,本科批,,泰山科技学院,,物理,384,51337,,,0,,,0,0
内蒙,2025,物理类,本科批,,泰山科技学院,,"物理,化学",400,61271,,,0,,,0,0
内蒙,2025,物理类,本科批,,洛阳师范学院,,"物理,化学",466,35426,,,0,,,0,0
内蒙,2025,物理类,本科批,,济宁医学院,,"物理,化学",477,28645,,,0,,,0,0
内蒙,2025,物理类,本科批,,济宁学院,,"物理,化学",471,38447,,,0,,,0,0
内蒙,2025,物理类,本科批,,浙江万里学院,,物理,468,37836,,,0,,,0,0
内蒙,2025,物理类,本科批,,浙江万里学院,,"物理,化学",463,33044,,,0,,,0,0
内蒙,2025,物理类,本科批,,浙江农林大学,,"物理,化学",535,14956,,,0,,,0,0
内蒙,2025,物理类,本科批,,浙江大学医学院,,"物理,化学",669,313,,,0,,,0,0
内蒙,2025,物理类,本科批,,浙江工业大学,,物理,571,11607,,,0,,,0,0
内蒙,2025,物理类,本科批,,浙江工业大学,,"物理,化学",565,10801,,,0,,,0,0
内蒙,2025,物理类,本科批,,浙江师范大学,,物理,533,20532,,,0,,,0,0
内蒙,2025,物理类,本科批,,浙江师范大学,,"物理,化学",543,11189,,,0,,,0,0
内蒙,2025,物理类,本科批,,浙江财经大学,,物理,539,17092,,,0,,,0,0
内蒙,2025,物理类,本科批,,浙江财经大学,,"物理,化学",607,5325,,,0,,,0,0
内蒙,2025,物理类,本科批,,海南医科大学,,物理,535,18825,,,0,,,0,0
内蒙,2025,物理类,本科批,,海南医科大学,,"物理,化学",493,15607,,,0,,,0,0
内蒙,2025,物理类,本科批,,海南比勒费尔德应用科学大学,,物理,415,43816,,,0,,,0,0
内蒙,2025,物理类,本科批,,海南比勒费尔德应用科学大学,,"物理,化学",383,30626,,,0,,,0,0
内蒙,2025,物理类,本科批,,海南科技职业大学,,物理,380,61913,,,0,,,0,0
内蒙,2025,物理类,本科批,,淮阴工学院,,物理,468,38737,,,0,,,0,0
内蒙,2025,物理类,本科批,,淮阴工学院,,"物理,化学",466,39382,,,0,,,0,0
内蒙,2025,物理类,本科批,,深圳大学,,物理,606,5325,,,0,,,0,0
内蒙,2025,物理类,本科批,,深圳大学,,"物理,化学",613,3796,,,0,,,0,0
内蒙,2025,物理类,本科批,,深圳技术大学,,"物理,化学",600,5471,,,0,,,0,0
内蒙,2025,物理类,本科批,,湖北医药学院药护学院,,"物理,化学",449,45369,,,0,,,0,0
内蒙,2025,物理类,本科批,,湖北商贸学院,,"物理,化学",410,58187,,,0,,,0,0
内蒙,2025,物理类,本科批,,湖北大学知行学院,,物理,447,43491,,,0,,,0,0
内蒙,2025,物理类,本科批,,湖北大学知行学院,,"物理,化学",418,39382,,,0,,,0,0
内蒙,2025,物理类,本科批,,湖北工程学院新技术学院,,物理,407,56591,,,0,,,0,0
内蒙,2025,物理类,本科批,,湖北工程学院新技术学院,,"物理,化学",395,60009,,,0,,,0,0
内蒙,2025,物理类,本科批,,湖北恩施学院,,"物理,化学",450,45095,,,0,,,0,0
内蒙,2025,物理类,本科批,,湖北文理学院,,"物理,化学",485,30334,,,0,,,0,0
内蒙,2025,物理类,本科批,,湖北文理学院理工学院,,物理,410,58187,,,0,,,0,0
内蒙,2025,物理类,本科批,,湖北文理学院理工学院,,"物理,化学",446,46355,,,0,,,0,0
内蒙,2025,物理类,本科批,,湖北第二师范学院,,物理,485,31838,,,0,,,0,0
内蒙,2025,物理类,本科批,,湖北第二师范学院,,"物理,化学",478,36331,,,0,,,0,0
内蒙,2025,物理类,本科批,,湖北经济学院,,物理,504,24966,,,0,,,0,0
内蒙,2025,物理类,本科批,,湖北经济学院法商学院,,物理,431,50667,,,0,,,0,0
内蒙,2025,物理类,本科批,,湖南中医药大学,,物理,504,7337,,,0,,,0,0
内蒙,2025,物理类,本科批,,湖南中医药大学,,"物理,化学",480,6532,,,0,,,0,0
内蒙,2025,物理类,本科批,,湖南人文科技学院,,物理,521,23867,,,0,,,0,0
内蒙,2025,物理类,本科批,,湖南人文科技学院,,"物理,化学",449,42207,,,0,,,0,0
内蒙,2025,物理类,本科批,,湖南工业大学,,物理,481,17092,,,0,,,0,0
内蒙,2025,物理类,本科批,,湖南工业大学,,"物理,化学",538,15858,,,0,,,0,0
内蒙,2025,物理类,本科批,,湖南师范大学,,物理,573,7014,,,0,,,0,0
内蒙,2025,物理类,本科批,,湖南师范大学,,"物理,化学",563,6532,,,0,,,0,0
内蒙,2025,物理类,本科批,,湖南涉外经济学院,,物理,365,63748,,,0,,,0,0
内蒙,2025,物理类,本科批,,湖南涉外经济学院,,"物理,化学",395,60654,,,0,,,0,0
内蒙,2025,物理类,本科批,,湖南科技大学,,物理,529,21342,,,0,,,0,0
内蒙,2025,物理类,本科批,,湖南科技大学,,"物理,化学",503,12033,,,0,,,0,0
内蒙,2025,物理类,本科批,,湖南科技大学,,"物理,地理",523,22442,,,0,,,0,0
内蒙,2025,物理类,本科批,,湖南财政经济学院,,物理,445,25519,,,0,,,0,0
内蒙,2025,物理类,本科批,,湖南财政经济学院,,"物理,化学",519,23287,,,0,,,0,0
内蒙,2025,物理类,本科批,,湖州学院,,"物理,化学",519,22719,,,0,,,0,0
内蒙,2025,物理类,本科批,,湘南学院,,物理,448,39710,,,0,,,0,0
内蒙,2025,物理类,本科批,,湘南学院,,"物理,化学",489,29488,,,0,,,0,0
内蒙,2025,物理类,本科批,,滇西应用技术大学,,"物理,化学",426,50339,,,0,,,0,0
内蒙,2025,物理类,本科批,,滨州医学院,,"物理,化学",493,13154,,,0,,,0,0
内蒙,2025,物理类,本科批,,燕京理工学院,,物理,479,36015,,,0,,,0,0
内蒙,2025,物理类,本科批,,燕京理工学院,,"物理,化学",439,48647,,,0,,,0,0
内蒙,2025,物理类,本科批,,玉林师范学院,,"物理,化学",433,48330,,,0,,,0,0
内蒙,2025,物理类,本科批,,珠海科技学院,,物理,426,44772,,,0,,,0,0
内蒙,2025,物理类,本科批,,珠海科技学院,,"物理,化学",433,45695,,,0,,,0,0
内蒙,2025,物理类,本科批,,琼台师范学院,,物理,403,60309,,,0,,,0,0
内蒙,2025,物理类,本科批,,琼台师范学院,,"物理,化学",483,33918,,,0,,,0,0
内蒙,2025,物理类,本科批,,甘肃中医药大学,,物理,505,16847,,,0,,,0,0
内蒙,2025,物理类,本科批,,甘肃中医药大学,,"物理,化学",464,17590,,,0,,,0,0
内蒙,2025,物理类,本科批,,甘肃医学院,,"物理,化学",480,24426,,,0,,,0,0
内蒙,2025,物理类,本科批,,甘肃林业职业技术大学,,物理,409,56914,,,0,,,0,0
内蒙,2025,物理类,本科批,,甘肃民族师范学院,,"物理,化学",453,40336,,,0,,,0,0
内蒙,2025,物理类,本科批,,百色学院,,物理,416,54593,,,0,,,0,0
内蒙,2025,物理类,本科批,,百色学院,,"物理,化学",411,52332,,,0,,,0,0
内蒙,2025,物理类,本科批,,盐城工学院,,物理,471,38447,,,0,,,0,0
内蒙,2025,物理类,本科批,,盐城工学院,,"物理,化学",493,31838,,,0,,,0,0
内蒙,2025,物理类,本科批,,石家庄铁道大学四方学院,,物理,420,54937,,,0,,,0,0
内蒙,2025,物理类,本科批,,石家庄铁道大学四方学院,,"物理,化学",434,28376,,,0,,,0,0
内蒙,2025,物理类,本科批,,福州外语外贸学院,,物理,377,60309,,,0,,,0,0
内蒙,2025,物理类,本科批,,福州外语外贸学院,,"物理,化学",379,65812,,,0,,,0,0
内蒙,2025,物理类,本科批,,福州大学至诚学院,,"物理,化学",397,50996,,,0,,,0,0
内蒙,2025,物理类,本科批,,福建医科大学,,"物理,化学,生物",540,18326,,,0,,,0,0
内蒙,2025,物理类,本科批,,福建师范大学,,"物理,化学",529,17590,,,0,,,0,0
内蒙,2025,物理类,本科批,,福建江夏学院,,物理,474,29780,,,0,,,0,0
内蒙,2025,物理类,本科批,,红河学院,,物理,417,54937,,,0,,,0,0
内蒙,2025,物理类,本科批,,红河学院,,"物理,化学",412,57211,,,0,,,0,0
内蒙,2025,物理类,本科批,,肇庆医学院,,"物理,化学",485,33918,,,0,,,0,0
内蒙,2025,物理类,本科批,,苏州科技大学,,"物理,化学",569,11189,,,0,,,0,0
内蒙,2025,物理类,本科批,,荆州学院,,"物理,化学",395,62560,,,0,,,0,0
内蒙,2025,物理类,本科批,,菏泽学院,,物理,439,38447,,,0,,,0,0
内蒙,2025,物理类,本科批,,菏泽学院,,"物理,化学",476,36946,,,0,,,0,0
内蒙,2025,物理类,本科批,,菏泽学院,,"物理,化学,生物",459,42207,,,0,,,0,0
内蒙,2025,物理类,本科批,,营口理工学院,,物理,445,41608,,,0,,,0,0
内蒙,2025,物理类,本科批,,营口理工学院,,"物理,化学",464,32753,,,0,,,0,0
内蒙,2025,物理类,本科批,,衡阳师范学院,,"物理,化学",447,45369,,,0,,,0,0
内蒙,2025,物理类,本科批,,衡阳师范学院,,"物理,地理",444,47043,,,0,,,0,0
内蒙,2025,物理类,本科批,,衢州学院,,"物理,化学",445,38138,,,0,,,0,0
内蒙,2025,物理类,本科批,,西交利物浦大学,,物理,566,12722,,,0,,,0,0
内蒙,2025,物理类,本科批,,西交利物浦大学,,"物理,化学",559,13809,,,0,,,0,0
内蒙,2025,物理类,本科批,,西南交通大学希望学院,,物理,461,34836,,,0,,,0,0
内蒙,2025,物理类,本科批,,西南交通大学希望学院,,"物理,化学",381,31221,,,0,,,0,0
内蒙,2025,物理类,本科批,,西南医科大学,,"物理,化学",513,5890,,,0,,,0,0
内蒙,2025,物理类,本科批,,西南大学,,物理,597,6818,,,0,,,0,0
内蒙,2025,物理类,本科批,,西南大学,,"物理,化学",584,8532,,,0,,,0,0
内蒙,2025,物理类,本科批,,西南石油大学,,"物理,化学",589,6818,,,0,,,0,0
内蒙,2025,物理类,本科批,,西南财经大学天府学院,,物理,434,38447,,,0,,,0,0
内蒙,2025,物理类,本科批,,西南财经大学天府学院,,"物理,化学",443,47394,,,0,,,0,0
内蒙,2025,物理类,本科批,,西安交通大学城市学院,,"物理,化学",446,38447,,,0,,,0,0
内蒙,2025,物理类,本科批,,西安工业大学,,物理,565,12932,,,0,,,0,0
内蒙,2025,物理类,本科批,,西安工业大学,,"物理,化学",558,9219,,,0,,,0,0
内蒙,2025,物理类,本科批,,西安工商学院,,物理,429,51996,,,0,,,0,0
内蒙,2025,物理类,本科批,,西安工商学院,,"物理,化学",372,57566,,,0,,,0,0
内蒙,2025,物理类,本科批,,西安工程大学,,"物理,化学",523,10380,,,0,,,0,0
内蒙,2025,物理类,本科批,,西安建筑科技大学华清学院,,"物理,化学",411,49999,,,0,,,0,0
内蒙,2025,物理类,本科批,,西安汽车职业大学,,物理,391,62560,,,0,,,0,0
内蒙,2025,物理类,本科批,,西安航空学院,,"物理,化学",485,32445,,,0,,,0,0
内蒙,2025,物理类,本科批,,西昌学院,,"物理,化学",417,52332,,,0,,,0,0
内蒙,2025,物理类,本科批,,豫北医学院,,"物理,化学",430,50667,,,0,,,0,0
内蒙,2025,物理类,本科批,,豫北医学院,,"物理,化学,生物",506,28078,,,0,,,0,0
内蒙,2025,物理类,本科批,,贵州中医药大学,,物理,541,18582,,,0,,,0,0
内蒙,2025,物理类,本科批,,贵州中医药大学,,"物理,化学",513,26090,,,0,,,0,0
内蒙,2025,物理类,本科批,,贵州理工学院,,"物理,化学",457,29780,,,0,,,0,0
内蒙,2025,物理类,本科批,,贺州学院,,物理,429,50339,,,0,,,0,0
内蒙,2025,物理类,本科批,,贺州学院,,"物理,化学",421,50667,,,0,,,0,0
内蒙,2025,物理类,本科批,,赣东学院,,物理,435,37238,,,0,,,0,0
内蒙,2025,物理类,本科批,,赣东学院,,"物理,化学",445,35726,,,0,,,0,0
内蒙,2025,物理类,本科批,,赣南师范大学,,物理,446,44442,,,0,,,0,0
内蒙,2025,物理类,本科批,,赣南师范大学,,"物理,化学",429,29488,,,0,,,0,0
内蒙,2025,物理类,本科批,,赣南师范大学,,"物理,地理",463,38447,,,0,,,0,0
内蒙,2025,物理类,本科批,,辽宁中医药大学,,"物理,化学",515,23579,,,0,,,0,0
内蒙,2025,物理类,本科批,,辽宁中医药大学杏林学院,,"物理,化学",473,37522,,,0,,,0,0
内蒙,2025,物理类,本科批,,辽宁传媒学院,,物理,356,64361,,,0,,,0,0
内蒙,2025,物理类,本科批,,辽宁传媒学院,,"物理,化学",402,60654,,,0,,,0,0
内蒙,2025,物理类,本科批,,辽宁何氏医学院,,"物理,化学",388,49381,,,0,,,0,0
内蒙,2025,物理类,本科批,,辽宁师范大学海华学院,,物理,369,65514,,,0,,,0,0
内蒙,2025,物理类,本科批,,辽宁师范大学海华学院,,"物理,化学",372,60009,,,0,,,0,0
内蒙,2025,物理类,本科批,,辽宁师范大学海华学院,,"物理,政治",394,63168,,,0,,,0,0
内蒙,2025,物理类,本科批,,辽宁理工职业大学,,物理,376,65812,,,0,,,0,0
内蒙,2025,物理类,本科批,,辽宁理工职业大学,,"物理,化学",380,65812,,,0,,,0,0
内蒙,2025,物理类,本科批,,辽宁财贸学院,,物理,376,61601,,,0,,,0,0
内蒙,2025,物理类,本科批,,辽宁财贸学院,,"物理,化学",388,61913,,,0,,,0,0
内蒙,2025,物理类,本科批,,遵义师范学院,,物理,440,48330,,,0,,,0,0
内蒙,2025,物理类,本科批,,遵义师范学院,,"物理,化学",443,32753,,,0,,,0,0
内蒙,2025,物理类,本科批,,郑州升达经贸管理学院,,"物理,化学",413,56591,,,0,,,0,0
内蒙,2025,物理类,本科批,,郑州商学院,,物理,420,44142,,,0,,,0,0
内蒙,2025,物理类,本科批,,郑州商学院,,"物理,化学",422,54269,,,0,,,0,0
内蒙,2025,物理类,本科批,,郑州工商学院,,"物理,化学",425,49009,,,0,,,0,0
内蒙,2025,物理类,本科批,,郑州师范学院,,"物理,化学",489,33044,,,0,,,0,0
内蒙,2025,物理类,本科批,,郑州科技学院,,"物理,化学",438,49009,,,0,,,0,0
内蒙,2025,物理类,本科批,,郑州航空工业管理学院,,物理,492,30334,,,0,,,0,0
内蒙,2025,物理类,本科批,,郑州航空工业管理学院,,"物理,化学",514,24426,,,0,,,0,0
内蒙,2025,物理类,本科批,,鄂尔多斯应用技术学院,,物理,319,44442,,,0,,,0,0
内蒙,2025,物理类,本科批,,鄂尔多斯应用技术学院,,"物理,化学",409,26380,,,0,,,0,0
内蒙,2025,物理类,本科批,,鄂尔多斯应用技术学院,,"物理,化学,生物",426,47043,,,0,,,0,0
内蒙,2025,物理类,本科批,,重庆三峡学院,,物理,497,28376,,,0,,,0,0
内蒙,2025,物理类,本科批,,重庆三峡学院,,"物理,化学",467,35726,,,0,,,0,0
内蒙,2025,物理类,本科批,,重庆交通大学,,物理,509,22165,,,0,,,0,0
内蒙,2025,物理类,本科批,,重庆交通大学,,"物理,化学",521,13154,,,0,,,0,0
内蒙,2025,物理类,本科批,,重庆外语外事学院,,物理,388,61271,,,0,,,0,0
内蒙,2025,物理类,本科批,,重庆对外经贸学院,,物理,421,54593,,,0,,,0,0
内蒙,2025,物理类,本科批,,重庆对外经贸学院,,"物理,化学",436,49690,,,0,,,0,0
内蒙,2025,物理类,本科批,,金陵科技学院,,物理,479,33612,,,0,,,0,0
内蒙,2025,物理类,本科批,,金陵科技学院,,"物理,化学",498,28901,,,0,,,0,0
内蒙,2025,物理类,本科批,,金陵科技学院,,"物理,生物",471,38447,,,0,,,0,0
内蒙,2025,物理类,本科批,,银川科技学院,,物理,375,58500,,,0,,,0,0
内蒙,2025,物理类,本科批,,银川科技学院,,"物理,化学",399,52652,,,0,,,0,0
内蒙,2025,物理类,本科批,,长春中医药大学,,物理,560,8884,,,0,,,0,0
内蒙,2025,物理类,本科批,,长春中医药大学,,"物理,化学",456,15173,,,0,,,0,0
内蒙,2025,物理类,本科批,,长春人文学院,,物理,356,66103,,,0,,,0,0
内蒙,2025,物理类,本科批,,长春人文学院,,"物理,化学",367,63168,,,0,,,0,0
内蒙,2025,物理类,本科批,,长春光华学院,,物理,377,62859,,,0,,,0,0
内蒙,2025,物理类,本科批,,长春光华学院,,"物理,化学",387,61271,,,0,,,0,0
内蒙,2025,物理类,本科批,,长春大学旅游学院,,物理,355,62261,,,0,,,0,0
内蒙,2025,物理类,本科批,,长春大学旅游学院,,"物理,化学",375,59699,,,0,,,0,0
内蒙,2025,物理类,本科批,,长春电子科技学院,,物理,375,67476,,,0,,,0,0
内蒙,2025,物理类,本科批,,长春电子科技学院,,"物理,化学",375,58837,,,0,,,0,0
内蒙,2025,物理类,本科批,,长春财经学院,,物理,368,63446,,,0,,,0,0
内蒙,2025,物理类,本科批,,长春财经学院,,"物理,化学",392,60654,,,0,,,0,0
内蒙,2025,物理类,本科批,,长江大学文理学院,,物理,405,59699,,,0,,,0,0
内蒙,2025,物理类,本科批,,长沙医学院,,物理,460,40648,,,0,,,0,0
内蒙,2025,物理类,本科批,,长沙医学院,,"物理,化学",389,35726,,,0,,,0,0
内蒙,2025,物理类,本科批,,长治学院,,物理,445,46700,,,0,,,0,0
内蒙,2025,物理类,本科批,,长治学院,,"物理,化学",431,41288,,,0,,,0,0
内蒙,2025,物理类,本科批,,闽南科技学院,,物理,399,61601,,,0,,,0,0
内蒙,2025,物理类,本科批,,闽南科技学院,,"物理,化学",401,59699,,,0,,,0,0
内蒙,2025,物理类,本科批,,闽江学院,,物理,484,33332,,,0,,,0,0
内蒙,2025,物理类,本科批,,闽江学院,,"物理,化学",464,19553,,,0,,,0,0
内蒙,2025,物理类,本科批,,防灾科技学院,,物理,466,33918,,,0,,,0,0
内蒙,2025,物理类,本科批,,防灾科技学院,,"物理,化学",475,22719,,,0,,,0,0
内蒙,2025,物理类,本科批,,防灾科技学院,,"物理,地理",487,33612,,,0,,,0,0
内蒙,2025,物理类,本科批,,陆军工程大学,,物理,537,18825,,,0,,,0,0
内蒙,2025,物理类,本科批,,陆军工程大学,,"物理,化学",550,12501,,,0,,,0,0
内蒙,2025,物理类,本科批,,陕西学前师范学院,,"物理,化学",467,38138,,,0,,,0,0
内蒙,2025,物理类,本科批,,集美大学诚毅学院,,物理,414,54593,,,0,,,0,0
内蒙,2025,物理类,本科批,,集美大学诚毅学院,,"物理,化学",399,57211,,,0,,,0,0
内蒙,2025,物理类,本科批,,青岛农业大学,,"物理,化学",471,32445,,,0,,,0,0
内蒙,2025,物理类,本科批,,青岛农业大学海都学院,,物理,433,50667,,,0,,,0,0
内蒙,2025,物理类,本科批,,青岛农业大学海都学院,,"物理,化学",403,56591,,,0,,,0,0
内蒙,2025,物理类,本科批,,青岛农业大学海都学院,,"物理,生物",395,62859,,,0,,,0,0
内蒙,2025,物理类,本科批,,青岛工学院,,物理,387,53661,,,0,,,0,0
内蒙,2025,物理类,本科批,,青岛工学院,,"物理,化学",381,60009,,,0,,,0,0
内蒙,2025,物理类,本科批,,青岛恒星科技学院,,物理,378,67736,,,0,,,0,0
内蒙,2025,物理类,本科批,,青岛恒星科技学院,,"物理,化学",393,61913,,,0,,,0,0
内蒙,2025,物理类,本科批,,韶关学院,,"物理,化学",434,50339,,,0,,,0,0
内蒙,2025,物理类,本科批,,首都师范大学科德学院,,物理,377,64921,,,0,,,0,0
内蒙,2025,物理类,本科批,,首都师范大学科德学院,,"物理,化学",367,70530,,,0,,,0,0
内蒙,2025,物理类,本科批,,香港城市大学(东莞),,"物理,化学",630,1424,,,0,,,0,0
内蒙,2025,物理类,本科批,,鲁东大学,,物理,470,38737,,,0,,,0,0
内蒙,2025,物理类,本科批,,鲁东大学,,"物理,化学",437,23579,,,0,,,0,0
内蒙,2025,物理类,本科批,,黄淮学院,,物理,423,49009,,,0,,,0,0
内蒙,2025,物理类,本科批,,黄淮学院,,"物理,化学",479,35426,,,0,,,0,0
内蒙,2025,物理类,本科批,,黄淮学院,,"物理,生物",451,44772,,,0,,,0,0
内蒙,2025,物理类,本科批,,黑龙江工商学院,,物理,401,60964,,,0,,,0,0
内蒙,2025,物理类,本科批,,黑龙江财经学院,,物理,370,57884,,,0,,,0,0
内蒙,2025,物理类,本科批,,黑龙江财经学院,,"物理,化学",397,60964,,,0,,,0,0
内蒙,2025,物理类,本科批,,齐鲁医药学院,,物理,403,60309,,,0,,,0,0
内蒙,2025,物理类,本科批,,齐鲁医药学院,,"物理,化学",414,24701,,,0,,,0,0
内蒙,2025,物理类,本科批,,齐鲁理工学院,,物理,420,54937,,,0,,,0,0
内蒙,2025,物理类,本科批,,齐鲁理工学院,,"物理,化学",413,56591,,,0,,,0,0
内蒙,2025,物理类,本科批,,齐鲁理工学院,,"物理,生物",400,61271,,,0,,,0,0
内蒙,2025,物理类,本科批,,齐齐哈尔医学院,,"物理,化学",470,34528,,,0,,,0,0
内蒙,2025,物理类,本科批,,齐齐哈尔医学院,,"物理,化学,生物",484,21342,,,0,,,0,0
内蒙,2025,物理类,本科提前批B段,1,北京电子科技学院,,"物理,化学",632,370,,,0,,,0,0
内蒙,2025,物理类,本科提前批B段,10,中国人民公安大学,,"物理,化学",599,1832,,,0,,,0,0
内蒙,2025,物理类,本科提前批B段,10,中国人民公安大学,,"物理,政治",573,2240,,,0,,,0,0
内蒙,2025,物理类,本科提前批B段,105,西北工业大学,,"物理,化学",648,1272,,,0,,,0,0
内蒙,2025,物理类,本科提前批B段,107,哈尔滨工业大学,,"物理,化学",643,1568,,,0,,,0,0
内蒙,2025,物理类,本科提前批B段,108,空军工程大学,,"物理,化学",590,3548,,,0,,,0,0
内蒙,2025,物理类,本科提前批B段,117,南京航空航天大学,,"物理,化学",622,3446,,,0,,,0,0
内蒙,2025,物理类,本科提前批B段,119,北京航空航天大学,,"物理,化学",638,1099,,,0,,,0,0
内蒙,2025,物理类,本科提前批B段,12,中国人民警察大学,,"物理,化学",589,3111,,,0,,,0,0
内蒙,2025,物理类,本科提前批B段,12,中国人民警察大学,,"物理,政治",533,4025,,,0,,,0,0
内蒙,2025,物理类,本科提前批B段,131,华北电力大学(保定),,"物理,化学",611,4664,,,0,,,0,0
内蒙,2025,物理类,本科提前批B段,134,华北电力大学(北京),,"物理,化学",623,3015,,,0,,,0,0
内蒙,2025,物理类,本科提前批B段,148,中国海洋大学,,"物理,化学",603,5890,,,0,,,0,0
内蒙,2025,物理类,本科提前批B段,160,中国地质大学(北京),,"物理,化学",567,11394,,,0,,,0,0
内蒙,2025,物理类,本科提前批B段,162,中国地质大学(武汉),,"物理,化学",569,12033,,,0,,,0,0
内蒙,2025,物理类,本科提前批B段,17,西南政法大学,,物理,609,5059,,,0,,,0,0
内蒙,2025,物理类,本科提前批B段,17,西南政法大学,,"物理,政治",564,13154,,,0,,,0,0
内蒙,2025,物理类,本科提前批B段,170,北京科技大学,,"物理,化学",576,8532,,,0,,,0,0
内蒙,2025,物理类,本科提前批B段,18,西北政法大学,,"物理,政治",487,33612,,,0,,,0,0
内蒙,2025,物理类,本科提前批B段,187,电子科技大学,,"物理,化学",629,1697,,,0,,,0,0
内蒙,2025,物理类,本科提前批B段,189,西安电子科技大学,,"物理,化学",632,2001,,,0,,,0,0
内蒙,2025,物理类,本科提前批B段,19,中国政法大学,,物理,590,8013,,,0,,,0,0
内蒙,2025,物理类,本科提前批B段,199,北京理工大学,,"物理,化学",645,1424,,,0,,,0,0
内蒙,2025,物理类,本科提前批B段,20,中南财经政法大学,,物理,606,5471,,,0,,,0,0
内蒙,2025,物理类,本科提前批B段,20,中南财经政法大学,,"物理,政治",517,24966,,,0,,,0,0
内蒙,2025,物理类,本科提前批B段,203,南京理工大学,,"物理,化学",586,8714,,,0,,,0,0
内蒙,2025,物理类,本科提前批B段,207,江西警察学院,,"物理,政治",511,6184,,,0,,,0,0
内蒙,2025,物理类,本科提前批B段,210,北京化工大学,,"物理,化学",601,4935,,,0,,,0,0
内蒙,2025,物理类,本科提前批B段,23,中央司法警官学院,,物理,542,10380,,,0,,,0,0
内蒙,2025,物理类,本科提前批B段,23,中央司法警官学院,,"物理,化学",591,4664,,,0,,,0,0
内蒙,2025,物理类,本科提前批B段,23,中央司法警官学院,,"物理,政治",536,15173,,,0,,,0,0
内蒙,2025,物理类,本科提前批B段,234,北京邮电大学,,"物理,化学",637,2001,,,0,,,0,0
内蒙,2025,物理类,本科提前批B段,237,西南交通大学,,"物理,化学",521,19815,,,0,,,0,0
内蒙,2025,物理类,本科提前批B段,24,上海财经大学,,"物理,化学",625,3111,,,0,,,0,0
内蒙,2025,物理类,本科提前批B段,243,北京交通大学,,"物理,化学",598,3548,,,0,,,0,0
内蒙,2025,物理类,本科提前批B段,25,中央财经大学,,物理,578,10183,,,0,,,0,0
内蒙,2025,物理类,本科提前批B段,250,大连海事大学,,物理,572,11394,,,0,,,0,0
内蒙,2025,物理类,本科提前批B段,250,大连海事大学,,"物理,化学",557,8198,,,0,,,0,0
内蒙,2025,物理类,本科提前批B段,252,山东交通学院,,"物理,化学",515,22442,,,0,,,0,0
内蒙,2025,物理类,本科提前批B段,253,武汉理工大学,,"物理,化学",567,6818,,,0,,,0,0
内蒙,2025,物理类,本科提前批B段,278,长安大学,,"物理,化学",560,4391,,,0,,,0,0
内蒙,2025,物理类,本科提前批B段,280,华南理工大学,,"物理,化学",609,5059,,,0,,,0,0
内蒙,2025,物理类,本科提前批B段,281,北京语言大学,,物理,552,7178,,,0,,,0,0
内蒙,2025,物理类,本科提前批B段,282,南京大学,,"物理,化学",643,1568,,,0,,,0,0
内蒙,2025,物理类,本科提前批B段,283,东南大学,,物理,640,1763,,,0,,,0,0
内蒙,2025,物理类,本科提前批B段,284,大连理工大学,,"物理,化学",622,2885,,,0,,,0,0
内蒙,2025,物理类,本科提前批B段,285,西安交通大学,,物理,638,1919,,,0,,,0,0
内蒙,2025,物理类,本科提前批B段,285,西安交通大学,,"物理,化学",647,1316,,,0,,,0,0
内蒙,2025,物理类,本科提前批B段,286,中国人民大学,,物理,617,4025,,,0,,,0,0
内蒙,2025,物理类,本科提前批B段,287,东华大学,,"物理,化学",577,8379,,,0,,,0,0
内蒙,2025,物理类,本科提前批B段,288,江南大学,,"物理,化学",570,11823,,,0,,,0,0
内蒙,2025,物理类,本科提前批B段,289,四川大学,,"物理,化学",623,3330,,,0,,,0,0
内蒙,2025,物理类,本科提前批B段,291,东北大学,,物理,604,5740,,,0,,,0,0
内蒙,2025,物理类,本科提前批B段,291,东北大学,,"物理,化学",597,2162,,,0,,,0,0
内蒙,2025,物理类,本科提前批B段,292,浙江大学,,"物理,化学",671,190,,,0,,,0,0
内蒙,2025,物理类,本科提前批B段,294,清华大学,,"物理,化学",682,58,,,0,,,0,0
内蒙,2025,物理类,本科提前批B段,296,兰州大学,,"物理,化学",610,4935,,,0,,,0,0
内蒙,2025,物理类,本科提前批B段,297,吉林大学,,"物理,化学",595,4800,,,0,,,0,0
内蒙,2025,物理类,本科提前批B段,298,厦门大学,,物理,596,7014,,,0,,,0,0
内蒙,2025,物理类,本科提前批B段,300,山东大学,,"物理,化学",600,6349,,,0,,,0,0
内蒙,2025,物理类,本科提前批B段,301,湖南大学,,物理,623,3330,,,0,,,0,0
内蒙,2025,物理类,本科提前批B段,302,南开大学,,"物理,化学",617,4025,,,0,,,0,0
内蒙,2025,物理类,本科提前批B段,303,天津大学,,"物理,化学",599,6532,,,0,,,0,0
内蒙,2025,物理类,本科提前批B段,304,北京大学,,"物理,化学",687,90,,,0,,,0,0
内蒙,2025,物理类,本科提前批B段,305,武汉大学,,"物理,化学",640,1763,,,0,,,0,0
内蒙,2025,物理类,本科提前批B段,307,北京师范大学,,"物理,化学",631,2516,,,0,,,0,0
内蒙,2025,物理类,本科提前批B段,308,复旦大学,,物理,664,541,,,0,,,0,0
内蒙,2025,物理类,本科提前批B段,308,复旦大学,,"物理,化学",655,897,,,0,,,0,0
内蒙,2025,物理类,本科提前批B段,309,同济大学,,"物理,化学",638,1919,,,0,,,0,0
内蒙,2025,物理类,本科提前批B段,310,上海交通大学,,"物理,化学",649,1218,,,0,,,0,0
内蒙,2025,物理类,本科提前批B段,311,华东理工大学,,"物理,化学",589,6532,,,0,,,0,0
内蒙,2025,物理类,本科提前批B段,312,中南大学,,"物理,化学",597,4800,,,0,,,0,0
内蒙,2025,物理类,本科提前批B段,315,华东师范大学,,"物理,化学",614,1490,,,0,,,0,0
内蒙,2025,物理类,本科提前批B段,317,南京师范大学,,物理,586,8714,,,0,,,0,0
内蒙,2025,物理类,本科提前批B段,320,陕西师范大学,,物理,615,2789,,,0,,,0,0
内蒙,2025,物理类,本科提前批B段,320,陕西师范大学,,"物理,化学",599,3111,,,0,,,0,0
内蒙,2025,物理类,本科提前批B段,320,陕西师范大学,,"物理,地理",607,4664,,,0,,,0,0
内蒙,2025,物理类,本科提前批B段,320,陕西师范大学,,"物理,生物",629,2702,,,0,,,0,0
内蒙,2025,物理类,本科提前批B段,321,东北师范大学,,物理,612,4025,,,0,,,0,0
内蒙,2025,物理类,本科提前批B段,321,东北师范大学,,"物理,化学",578,2598,,,0,,,0,0
内蒙,2025,物理类,本科提前批B段,324,华中师范大学,,物理,575,3015,,,0,,,0,0
内蒙,2025,物理类,本科提前批B段,324,华中师范大学,,"物理,化学",614,1832,,,0,,,0,0
内蒙,2025,物理类,本科提前批B段,324,华中师范大学,,"物理,地理",620,3677,,,0,,,0,0
内蒙,2025,物理类,本科提前批B段,327,苏州大学,,物理,580,9784,,,0,,,0,0
内蒙,2025,物理类,本科提前批B段,328,华中科技大学,,"物理,化学",630,2598,,,0,,,0,0
内蒙,2025,物理类,本科提前批B段,35,西南财经大学,,物理,560,8714,,,0,,,0,0
内蒙,2025,物理类,本科提前批B段,354,上海海关学院,,物理,611,2426,,,0,,,0,0
内蒙,2025,物理类,本科提前批B段,362,中国民用航空飞行学院,,"物理,化学",568,12270,,,0,,,0,0
内蒙,2025,物理类,本科提前批B段,390,中国药科大学,,"物理,化学",585,6818,,,0,,,0,0
内蒙,2025,物理类,本科提前批B段,399,北京中医药大学,,"物理,化学",528,21892,,,0,,,0,0
内蒙,2025,物理类,本科提前批B段,403,中国科学技术大学,,"物理,化学",658,753,,,0,,,0,0
内蒙,2025,物理类,本科提前批B段,410,哈尔滨工程大学,,"物理,化学",619,3225,,,0,,,0,0
内蒙,2025,物理类,本科提前批B段,439,中国石油大学(华东),,"物理,化学",587,4517,,,0,,,0,0
内蒙,2025,物理类,本科提前批B段,462,中国矿业大学(北京),,"物理,化学",573,5471,,,0,,,0,0
内蒙,2025,物理类,本科提前批B段,463,中国矿业大学(徐州),,"物理,化学",551,16099,,,0,,,0,0
内蒙,2025,物理类,本科提前批B段,484,武警工程大学,,物理,575,4517,,,0,,,0,0
内蒙,2025,物理类,本科提前批B段,484,武警工程大学,,"物理,化学",576,4664,,,0,,,0,0
内蒙,2025,物理类,本科提前批B段,505,国防科技大学,,物理,631,1272,,,0,,,0,0
内蒙,2025,物理类,本科提前批B段,505,国防科技大学,,"物理,化学",625,245,,,0,,,0,0
内蒙,2025,物理类,本科提前批B段,525,北京工业大学,,"物理,化学",543,7499,,,0,,,0,0
内蒙,2025,物理类,本科提前批B段,559,天津理工大学,,"物理,化学",541,15173,,,0,,,0,0
内蒙,2025,物理类,本科提前批B段,591,贵州大学,,"物理,化学",554,15393,,,0,,,0,0
内蒙,2025,物理类,本科提前批B段,61,对外经济贸易大学,,物理,586,8532,,,0,,,0,0
内蒙,2025,物理类,本科提前批B段,64,大连海洋大学,,"物理,化学",527,21892,,,0,,,0,0
内蒙,2025,物理类,本科提前批B段,66,华中农业大学,,"物理,化学",576,8532,,,0,,,0,0
内蒙,2025,物理类,本科提前批B段,70,南京农业大学,,物理,567,12501,,,0,,,0,0
内蒙,2025,物理类,本科提前批B段,71,西南大学,,物理,615,3796,,,0,,,0,0
内蒙,2025,物理类,本科提前批B段,71,西南大学,,"物理,化学",572,2789,,,0,,,0,0
内蒙,2025,物理类,本科提前批B段,71,西南大学,,"物理,化学,生物",622,3446,,,0,,,0,0
内蒙,2025,物理类,本科提前批B段,71,西南大学,,"物理,地理",620,3677,,,0,,,0,0
内蒙,2025,物理类,本科提前批B段,73,中国农业大学,,"物理,化学",603,5890,,,0,,,0,0
内蒙,2025,物理类,本科提前批B段,74,西北农林科技大学,,"物理,化学",580,8714,,,0,,,0,0
内蒙,2025,物理类,本科提前批B段,745,广西大学,,"物理,化学",605,5599,,,0,,,0,0
内蒙,2025,物理类,本科提前批B段,749,云南大学,,"物理,化学",589,8198,,,0,,,0,0
内蒙,2025,物理类,本科提前批B段,752,内蒙古师范大学,,物理,533,10183,,,0,,,0,0
内蒙,2025,物理类,本科提前批B段,752,内蒙古师范大学,,"物理,化学",547,4800,,,0,,,0,0
内蒙,2025,物理类,本科提前批B段,752,内蒙古师范大学,,"物理,地理",544,8714,,,0,,,0,0
内蒙,2025,物理类,本科提前批B段,753,内蒙古工业大学,,"物理,化学",496,30906,,,0,,,0,0
内蒙,2025,物理类,本科提前批B段,758,内蒙古医科大学,,物理,550,7014,,,0,,,0,0
内蒙,2025,物理类,本科提前批B段,758,内蒙古医科大学,,"物理,化学,生物",537,7499,,,0,,,0,0
内蒙,2025,物理类,本科提前批B段,759,内蒙古科技大学包头医学院,,"物理,化学,生物",536,5194,,,0,,,0,0
内蒙,2025,物理类,本科提前批B段,761,内蒙古民族大学,,物理,469,9043,,,0,,,0,0
内蒙,2025,物理类,本科提前批B段,761,内蒙古民族大学,,"物理,化学",519,4284,,,0,,,0,0
内蒙,2025,物理类,本科提前批B段,767,赤峰学院,,"物理,化学,生物",543,5890,,,0,,,0,0
内蒙,2025,物理类,本科提前批B段,773,内蒙古警察学院,,"物理,化学",547,6818,,,0,,,0,0
内蒙,2025,物理类,本科提前批B段,773,内蒙古警察学院,,"物理,政治",493,8198,,,0,,,0,0
内蒙,2025,物理类,本科提前批B段,8,郑州警察学院,,"物理,化学",583,3796,,,0,,,0,0
内蒙,2025,物理类,本科提前批B段,8,郑州警察学院,,"物理,政治",514,5194,,,0,,,0,0
内蒙,2025,物理类,本科提前批B段,82,北京林业大学,,物理,576,10580,,,0,,,0,0
内蒙,2025,物理类,本科提前批B段,82,北京林业大学,,"物理,化学",568,10801,,,0,,,0,0
内蒙,2025,物理类,本科提前批B段,82,北京林业大学,,"物理,生物",566,12722,,,0,,,0,0
内蒙,2025,物理类,本科提前批B段,83,东北林业大学,,"物理,化学",560,6532,,,0,,,0,0
内蒙,2025,物理类,本科提前批B段,84,南京警察学院,,"物理,化学",583,3330,,,0,,,0,0
内蒙,2025,物理类,本科提前批B段,84,南京警察学院,,"物理,政治",528,4935,,,0,,,0,0
内蒙,2025,物理类,本科提前批B段,875,黑龙江大学,,物理,481,26090,,,0,,,0,0
内蒙,2025,物理类,本科提前批B段,875,黑龙江大学,,"物理,化学",530,21342,,,0,,,0,0
内蒙,2025,物理类,本科提前批B段,887,四川外国语大学,,物理,512,19815,,,0,,,0,0
内蒙,2025,物理类,本科提前批B段,9,中国刑事警察学院,,"物理,化学",595,2516,,,0,,,0,0
内蒙,2025,物理类,本科提前批B段,9,中国刑事警察学院,,"物理,政治",571,3677,,,0,,,0,0
内蒙,2025,物理类,本科提前批B段,908,宁波大学,,"物理,化学",552,15173,,,0,,,0,0
内蒙,2025,物理类,本科提前批B段,931,福州大学,,"物理,化学",583,9219,,,0,,,0,0
内蒙,2025,物理类,本科提前批B段,941,西北大学,,"物理,化学",583,7337,,,0,,,0,0
内蒙,2025,物理类,本科提前批B段,97,合肥工业大学,,"物理,化学",552,15858,,,0,,,0,0
内蒙,2025,物理类,本科提前批B段,,上海交通大学医学院,,"物理,化学",642,1634,,,0,,,0,0
内蒙,2025,物理类,本科提前批B段,,中国消防救援学院,,"物理,化学",561,6184,,,0,,,0,0
内蒙,2025,物理类,本科提前批B段,,中国石油大学(北京)克拉玛依校区,,"物理,化学",553,11823,,,0,,,0,0
内蒙,2025,物理类,本科提前批B段,,云南警官学院,,"物理,政治",488,9219,,,0,,,0,0
内蒙,2025,物理类,本科提前批B段,,信息支援部队工程大学,,"物理,化学",616,2789,,,0,,,0,0
内蒙,2025,物理类,本科提前批B段,,军事航天部队航天工程大学,,"物理,化学",608,3446,,,0,,,0,0
内蒙,2025,物理类,本科提前批B段,,北京师范大学,,物理,609,5059,,,0,,,0,0
内蒙,2025,物理类,本科提前批B段,,北京师范大学,,"物理,化学",598,5740,,,0,,,0,0
内蒙,2025,物理类,本科提前批B段,,合肥工业大学,,物理,552,15858,,,0,,,0,0
内蒙,2025,物理类,本科提前批B段,,合肥工业大学,,"物理,化学",538,19305,,,0,,,0,0
内蒙,2025,物理类,本科提前批B段,,哈尔滨工业大学(威海),,"物理,化学",631,2516,,,0,,,0,0
内蒙,2025,物理类,本科提前批B段,,外交学院,,物理,631,2516,,,0,,,0,0
内蒙,2025,物理类,本科提前批B段,,外交学院,,"物理,政治",605,5599,,,0,,,0,0
内蒙,2025,物理类,本科提前批B段,,广州航海学院,,"物理,化学",518,19815,,,0,,,0,0
内蒙,2025,物理类,本科提前批B段,,新疆警察学院,,"物理,政治",541,7178,,,0,,,0,0
内蒙,2025,物理类,本科提前批B段,,武警警官学院,,物理,569,11394,,,0,,,0,0
内蒙,2025,物理类,本科提前批B段,,武警警官学院,,"物理,化学",574,10991,,,0,,,0,0
内蒙,2025,物理类,本科提前批B段,,海军军医大学,,"物理,化学",597,841,,,0,,,0,0
内蒙,2025,物理类,本科提前批B段,,火箭军工程大学,,"物理,化学",587,7499,,,0,,,0,0
内蒙,2025,物理类,本科提前批B段,,空军军医大学,,"物理,化学",600,1763,,,0,,,0,0
内蒙,2025,物理类,本科提前批B段,,空军预警学院,,"物理,化学",590,7667,,,0,,,0,0
内蒙,2025,物理类,本科提前批B段,,网络空间部队信息工程大学,,物理,608,2885,,,0,,,0,0
内蒙,2025,物理类,本科提前批B段,,网络空间部队信息工程大学,,"物理,化学",613,2162,,,0,,,0,0
内蒙,2025,物理类,本科提前批B段,,联勤保障部队工程大学,,物理,592,4142,,,0,,,0,0
内蒙,2025,物理类,本科提前批B段,,联勤保障部队工程大学,,"物理,化学",588,7838,,,0,,,0,0
内蒙,2025,物理类,本科提前批B段,,陆军兵种大学,,物理,576,8532,,,0,,,0,0
内蒙,2025,物理类,本科提前批B段,,陆军兵种大学,,"物理,化学",579,5890,,,0,,,0,0
内蒙,2025,物理类,本科提前批B段,,陆军工程大学,,物理,585,3908,,,0,,,0,0
内蒙,2025,物理类,本科提前批B段,,陆军工程大学,,"物理,化学",583,3908,,,0,,,0,0
内蒙,2025,物理类,本科提前批B段,,陆军步兵学院,,物理,567,10380,,,0,,,0,0
内蒙,2025,物理类,本科提前批B段,,陆军步兵学院,,"物理,化学",574,10991,,,0,,,0,0
内蒙,2025,物理类,本科提前批B段,,香港中文大学,,物理,651,601,,,0,,,0,0
内蒙,2025,物理类,本科提前批B段,,香港城市大学,,物理,613,638,,,0,,,0,0
内蒙,2025,物理类,本科提前批C段,105,西北工业大学,,"物理,化学",617,4025,,,0,,,0,0
内蒙,2025,物理类,本科提前批C段,107,哈尔滨工业大学,,"物理,化学",638,1919,,,0,,,0,0
内蒙,2025,物理类,本科提前批C段,117,南京航空航天大学,,"物理,化学",613,3446,,,0,,,0,0
内蒙,2025,物理类,本科提前批C段,119,北京航空航天大学,,"物理,化学",657,793,,,0,,,0,0
内蒙,2025,物理类,本科提前批C段,12,中国人民警察大学,,"物理,化学",504,20815,,,0,,,0,0
内蒙,2025,物理类,本科提前批C段,128,大连医科大学,,"物理,化学",512,26380,,,0,,,0,0
内蒙,2025,物理类,本科提前批C段,131,华北电力大学(保定),,"物理,化学",564,4025,,,0,,,0,0
内蒙,2025,物理类,本科提前批C段,134,华北电力大学(北京),,"物理,化学",623,3015,,,0,,,0,0
内蒙,2025,物理类,本科提前批C段,144,河海大学,,"物理,化学",541,9219,,,0,,,0,0
内蒙,2025,物理类,本科提前批C段,148,中国海洋大学,,"物理,化学",599,4935,,,0,,,0,0
内蒙,2025,物理类,本科提前批C段,150,沈阳建筑大学,,"物理,化学",567,12501,,,0,,,0,0
内蒙,2025,物理类,本科提前批C段,160,中国地质大学(北京),,"物理,化学",568,10380,,,0,,,0,0
内蒙,2025,物理类,本科提前批C段,162,中国地质大学(武汉),,"物理,化学",567,12501,,,0,,,0,0
内蒙,2025,物理类,本科提前批C段,167,辽宁科技大学,,"物理,化学",521,23867,,,0,,,0,0
内蒙,2025,物理类,本科提前批C段,170,北京科技大学,,"物理,化学",578,7178,,,0,,,0,0
内蒙,2025,物理类,本科提前批C段,173,青岛理工大学,,"物理,化学",442,20815,,,0,,,0,0
内蒙,2025,物理类,本科提前批C段,187,电子科技大学,,"物理,化学",637,713,,,0,,,0,0
内蒙,2025,物理类,本科提前批C段,189,西安电子科技大学,,"物理,化学",639,1832,,,0,,,0,0
内蒙,2025,物理类,本科提前批C段,19,中国政法大学,,物理,605,3677,,,0,,,0,0
内蒙,2025,物理类,本科提前批C段,192,南京工业大学,,"物理,化学",539,19077,,,0,,,0,0
内蒙,2025,物理类,本科提前批C段,198,沈阳理工大学,,"物理,化学",553,15607,,,0,,,0,0
内蒙,2025,物理类,本科提前批C段,199,北京理工大学,,"物理,化学",643,1003,,,0,,,0,0
内蒙,2025,物理类,本科提前批C段,20,中南财经政法大学,,物理,575,7178,,,0,,,0,0
内蒙,2025,物理类,本科提前批C段,201,长春理工大学,,"物理,化学",587,7838,,,0,,,0,0
内蒙,2025,物理类,本科提前批C段,203,南京理工大学,,"物理,化学",596,4664,,,0,,,0,0
内蒙,2025,物理类,本科提前批C段,21,大连民族大学,,物理,514,25793,,,0,,,0,0
内蒙,2025,物理类,本科提前批C段,21,大连民族大学,,"物理,化学",517,17092,,,0,,,0,0
内蒙,2025,物理类,本科提前批C段,210,北京化工大学,,"物理,化学",595,6026,,,0,,,0,0
内蒙,2025,物理类,本科提前批C段,217,上海应用技术大学,,"物理,化学",485,28901,,,0,,,0,0
内蒙,2025,物理类,本科提前批C段,22,天津职业技术师范大学,,"物理,化学",519,22719,,,0,,,0,0
内蒙,2025,物理类,本科提前批C段,229,天津科技大学,,"物理,化学",580,8532,,,0,,,0,0
内蒙,2025,物理类,本科提前批C段,232,南京邮电大学,,物理,567,12501,,,0,,,0,0
内蒙,2025,物理类,本科提前批C段,232,南京邮电大学,,"物理,化学",588,8379,,,0,,,0,0
内蒙,2025,物理类,本科提前批C段,234,北京邮电大学,,物理,637,2001,,,0,,,0,0
内蒙,2025,物理类,本科提前批C段,234,北京邮电大学,,"物理,化学",633,2330,,,0,,,0,0
内蒙,2025,物理类,本科提前批C段,237,西南交通大学,,"物理,化学",549,10580,,,0,,,0,0
内蒙,2025,物理类,本科提前批C段,238,大连交通大学,,"物理,化学",578,9394,,,0,,,0,0
内蒙,2025,物理类,本科提前批C段,24,上海财经大学,,物理,603,5890,,,0,,,0,0
内蒙,2025,物理类,本科提前批C段,24,上海财经大学,,"物理,化学",607,5325,,,0,,,0,0
内蒙,2025,物理类,本科提前批C段,243,北京交通大学,,物理,596,7014,,,0,,,0,0
内蒙,2025,物理类,本科提前批C段,243,北京交通大学,,"物理,化学",555,3548,,,0,,,0,0
内蒙,2025,物理类,本科提前批C段,25,中央财经大学,,"物理,化学",617,4025,,,0,,,0,0
内蒙,2025,物理类,本科提前批C段,250,大连海事大学,,物理,546,13604,,,0,,,0,0
内蒙,2025,物理类,本科提前批C段,250,大连海事大学,,"物理,化学",598,6667,,,0,,,0,0
内蒙,2025,物理类,本科提前批C段,253,武汉理工大学,,"物理,化学",536,7838,,,0,,,0,0
内蒙,2025,物理类,本科提前批C段,269,中国传媒大学,,"物理,化学",609,3908,,,0,,,0,0
内蒙,2025,物理类,本科提前批C段,276,北京外国语大学,,物理,595,7178,,,0,,,0,0
内蒙,2025,物理类,本科提前批C段,277,上海外国语大学,,物理,570,11823,,,0,,,0,0
内蒙,2025,物理类,本科提前批C段,278,长安大学,,"物理,化学",523,16327,,,0,,,0,0
内蒙,2025,物理类,本科提前批C段,279,中山大学,,"物理,化学",621,1697,,,0,,,0,0
内蒙,2025,物理类,本科提前批C段,280,华南理工大学,,"物理,化学",591,6532,,,0,,,0,0
内蒙,2025,物理类,本科提前批C段,281,北京语言大学,,"物理,化学",594,7337,,,0,,,0,0
内蒙,2025,物理类,本科提前批C段,283,东南大学,,"物理,化学",619,1919,,,0,,,0,0
内蒙,2025,物理类,本科提前批C段,284,大连理工大学,,"物理,化学",604,3908,,,0,,,0,0
内蒙,2025,物理类,本科提前批C段,285,西安交通大学,,物理,618,3908,,,0,,,0,0
内蒙,2025,物理类,本科提前批C段,285,西安交通大学,,"物理,化学",621,2516,,,0,,,0,0
内蒙,2025,物理类,本科提前批C段,287,东华大学,,"物理,化学",578,8714,,,0,,,0,0
内蒙,2025,物理类,本科提前批C段,288,江南大学,,"物理,化学",583,8714,,,0,,,0,0
内蒙,2025,物理类,本科提前批C段,289,四川大学,,物理,581,7178,,,0,,,0,0
内蒙,2025,物理类,本科提前批C段,290,重庆大学,,"物理,化学",559,4025,,,0,,,0,0
内蒙,2025,物理类,本科提前批C段,291,东北大学,,"物理,化学",591,5599,,,0,,,0,0
内蒙,2025,物理类,本科提前批C段,292,浙江大学,,物理,649,1218,,,0,,,0,0
内蒙,2025,物理类,本科提前批C段,292,浙江大学,,"物理,化学",633,266,,,0,,,0,0
内蒙,2025,物理类,本科提前批C段,294,清华大学,,"物理,化学",684,36,,,0,,,0,0
内蒙,2025,物理类,本科提前批C段,296,兰州大学,,"物理,化学",594,6818,,,0,,,0,0
内蒙,2025,物理类,本科提前批C段,297,吉林大学,,"物理,化学",596,5890,,,0,,,0,0
内蒙,2025,物理类,本科提前批C段,298,厦门大学,,"物理,化学",617,3677,,,0,,,0,0
内蒙,2025,物理类,本科提前批C段,299,江苏大学,,"物理,化学",550,15858,,,0,,,0,0
内蒙,2025,物理类,本科提前批C段,300,山东大学,,"物理,化学",612,4391,,,0,,,0,0
内蒙,2025,物理类,本科提前批C段,301,湖南大学,,物理,570,6818,,,0,,,0,0
内蒙,2025,物理类,本科提前批C段,302,南开大学,,"物理,化学",628,2789,,,0,,,0,0
内蒙,2025,物理类,本科提前批C段,303,天津大学,,"物理,化学",611,4800,,,0,,,0,0
内蒙,2025,物理类,本科提前批C段,304,北京大学,,物理,680,167,,,0,,,0,0
内蒙,2025,物理类,本科提前批C段,304,北京大学,,"物理,化学",681,152,,,0,,,0,0
内蒙,2025,物理类,本科提前批C段,305,武汉大学,,"物理,化学",623,3015,,,0,,,0,0
内蒙,2025,物理类,本科提前批C段,307,北京师范大学,,物理,613,4517,,,0,,,0,0
内蒙,2025,物理类,本科提前批C段,307,北京师范大学,,"物理,化学",622,3446,,,0,,,0,0
内蒙,2025,物理类,本科提前批C段,308,复旦大学,,"物理,化学",664,470,,,0,,,0,0
内蒙,2025,物理类,本科提前批C段,309,同济大学,,"物理,化学",623,3111,,,0,,,0,0
内蒙,2025,物理类,本科提前批C段,310,上海交通大学,,"物理,化学",644,1272,,,0,,,0,0
内蒙,2025,物理类,本科提前批C段,311,华东理工大学,,"物理,化学",582,7838,,,0,,,0,0
内蒙,2025,物理类,本科提前批C段,312,中南大学,,"物理,化学",581,8013,,,0,,,0,0
内蒙,2025,物理类,本科提前批C段,313,山东大学威海分校,,物理,601,6184,,,0,,,0,0
内蒙,2025,物理类,本科提前批C段,313,山东大学威海分校,,"物理,化学",595,3111,,,0,,,0,0
内蒙,2025,物理类,本科提前批C段,315,华东师范大学,,"物理,化学",601,5059,,,0,,,0,0
内蒙,2025,物理类,本科提前批C段,317,南京师范大学,,物理,562,13604,,,0,,,0,0
内蒙,2025,物理类,本科提前批C段,317,南京师范大学,,"物理,化学",566,10380,,,0,,,0,0
内蒙,2025,物理类,本科提前批C段,320,陕西师范大学,,物理,555,15173,,,0,,,0,0
内蒙,2025,物理类,本科提前批C段,320,陕西师范大学,,"物理,化学",619,3796,,,0,,,0,0
内蒙,2025,物理类,本科提前批C段,320,陕西师范大学,,"物理,地理",596,7014,,,0,,,0,0
内蒙,2025,物理类,本科提前批C段,321,东北师范大学,,"物理,化学",588,8379,,,0,,,0,0
内蒙,2025,物理类,本科提前批C段,324,华中师范大学,,"物理,化学",591,5325,,,0,,,0,0
内蒙,2025,物理类,本科提前批C段,327,苏州大学,,物理,591,7838,,,0,,,0,0
内蒙,2025,物理类,本科提前批C段,327,苏州大学,,"物理,化学",603,5890,,,0,,,0,0
内蒙,2025,物理类,本科提前批C段,328,华中科技大学,,"物理,化学",622,2330,,,0,,,0,0
内蒙,2025,物理类,本科提前批C段,330,北京大学医学部,,"物理,化学",664,541,,,0,,,0,0
内蒙,2025,物理类,本科提前批C段,331,中国医科大学,,"物理,化学",592,7667,,,0,,,0,0
内蒙,2025,物理类,本科提前批C段,338,北京体育大学,,物理,477,12033,,,0,,,0,0
内蒙,2025,物理类,本科提前批C段,35,西南财经大学,,物理,562,12501,,,0,,,0,0
内蒙,2025,物理类,本科提前批C段,35,西南财经大学,,"物理,化学",615,4284,,,0,,,0,0
内蒙,2025,物理类,本科提前批C段,354,上海海关学院,,物理,511,19815,,,0,,,0,0
内蒙,2025,物理类,本科提前批C段,357,南京信息工程大学,,"物理,化学",538,18326,,,0,,,0,0
内蒙,2025,物理类,本科提前批C段,363,中国民航大学,,"物理,化学",562,9219,,,0,,,0,0
内蒙,2025,物理类,本科提前批C段,377,暨南大学,,"物理,化学",550,16327,,,0,,,0,0
内蒙,2025,物理类,本科提前批C段,390,中国药科大学,,"物理,化学",561,9972,,,0,,,0,0
内蒙,2025,物理类,本科提前批C段,391,沈阳药科大学,,"物理,化学",596,7014,,,0,,,0,0
内蒙,2025,物理类,本科提前批C段,399,北京中医药大学,,"物理,化学",583,9219,,,0,,,0,0
内蒙,2025,物理类,本科提前批C段,4,西北民族大学,,"物理,化学",500,23867,,,0,,,0,0
内蒙,2025,物理类,本科提前批C段,403,中国科学技术大学,,"物理,化学",662,413,,,0,,,0,0
内蒙,2025,物理类,本科提前批C段,409,江苏科技大学,,"物理,化学",500,26090,,,0,,,0,0
内蒙,2025,物理类,本科提前批C段,410,哈尔滨工程大学,,"物理,化学",615,3225,,,0,,,0,0
内蒙,2025,物理类,本科提前批C段,427,北方工业大学,,"物理,化学",539,16605,,,0,,,0,0
内蒙,2025,物理类,本科提前批C段,435,中国石油大学(北京),,"物理,化学",557,12270,,,0,,,0,0
内蒙,2025,物理类,本科提前批C段,439,中国石油大学(华东),,"物理,化学",560,9784,,,0,,,0,0
内蒙,2025,物理类,本科提前批C段,450,辽宁工程技术大学,,"物理,化学",486,33918,,,0,,,0,0
内蒙,2025,物理类,本科提前批C段,461,华北科技学院,,"物理,化学",512,26380,,,0,,,0,0
内蒙,2025,物理类,本科提前批C段,462,中国矿业大学(北京),,"物理,化学",591,7337,,,0,,,0,0
内蒙,2025,物理类,本科提前批C段,463,中国矿业大学(徐州),,"物理,化学",568,11607,,,0,,,0,0
内蒙,2025,物理类,本科提前批C段,49,南京财经大学,,物理,545,17590,,,0,,,0,0
内蒙,2025,物理类,本科提前批C段,492,浙江海洋大学,,"物理,化学",497,28078,,,0,,,0,0
内蒙,2025,物理类,本科提前批C段,5,北方民族大学,,物理,527,14036,,,0,,,0,0
内蒙,2025,物理类,本科提前批C段,5,北方民族大学,,"物理,化学",477,24966,,,0,,,0,0
内蒙,2025,物理类,本科提前批C段,525,北京工业大学,,"物理,化学",546,11189,,,0,,,0,0
内蒙,2025,物理类,本科提前批C段,551,天津外国语大学,,物理,461,25519,,,0,,,0,0
内蒙,2025,物理类,本科提前批C段,564,天津中医药大学,,"物理,化学",512,26380,,,0,,,0,0
内蒙,2025,物理类,本科提前批C段,59,中国劳动关系学院,,物理,505,27236,,,0,,,0,0
内蒙,2025,物理类,本科提前批C段,59,中国劳动关系学院,,"物理,化学",496,27790,,,0,,,0,0
内蒙,2025,物理类,本科提前批C段,6,西南民族大学,,"物理,化学",511,13388,,,0,,,0,0
内蒙,2025,物理类,本科提前批C段,61,对外经济贸易大学,,物理,568,12270,,,0,,,0,0
内蒙,2025,物理类,本科提前批C段,62,上海海洋大学,,"物理,化学",496,30906,,,0,,,0,0
内蒙,2025,物理类,本科提前批C段,651,山东师范大学,,物理,498,30334,,,0,,,0,0
内蒙,2025,物理类,本科提前批C段,651,山东师范大学,,"物理,化学",569,12033,,,0,,,0,0
内蒙,2025,物理类,本科提前批C段,651,山东师范大学,,"物理,地理",512,26380,,,0,,,0,0
内蒙,2025,物理类,本科提前批C段,66,华中农业大学,,"物理,化学",546,12270,,,0,,,0,0
内蒙,2025,物理类,本科提前批C段,7,中南民族大学,,"物理,化学",513,10183,,,0,,,0,0
内蒙,2025,物理类,本科提前批C段,70,南京农业大学,,"物理,化学",553,6349,,,0,,,0,0
内蒙,2025,物理类,本科提前批C段,71,西南大学,,物理,591,7838,,,0,,,0,0
内蒙,2025,物理类,本科提前批C段,71,西南大学,,"物理,化学",554,8532,,,0,,,0,0
内蒙,2025,物理类,本科提前批C段,71,西南大学,,"物理,化学,生物",590,8013,,,0,,,0,0
内蒙,2025,物理类,本科提前批C段,71,西南大学,,"物理,生物",550,16327,,,0,,,0,0
内蒙,2025,物理类,本科提前批C段,72,沈阳农业大学,,"物理,化学",516,25236,,,0,,,0,0
内蒙,2025,物理类,本科提前批C段,73,中国农业大学,,物理,610,4935,,,0,,,0,0
内蒙,2025,物理类,本科提前批C段,73,中国农业大学,,"物理,化学",602,4284,,,0,,,0,0
内蒙,2025,物理类,本科提前批C段,73,中国农业大学,,"物理,生物",610,4935,,,0,,,0,0
内蒙,2025,物理类,本科提前批C段,74,西北农林科技大学,,"物理,化学",563,10380,,,0,,,0,0
内蒙,2025,物理类,本科提前批C段,751,内蒙古大学,,物理,515,7499,,,0,,,0,0
内蒙,2025,物理类,本科提前批C段,751,内蒙古大学,,"物理,化学",478,7337,,,0,,,0,0
内蒙,2025,物理类,本科提前批C段,752,内蒙古师范大学,,物理,443,39041,,,0,,,0,0
内蒙,2025,物理类,本科提前批C段,752,内蒙古师范大学,,"物理,化学",492,24142,,,0,,,0,0
内蒙,2025,物理类,本科提前批C段,753,内蒙古工业大学,,"物理,化学",525,11189,,,0,,,0,0
内蒙,2025,物理类,本科提前批C段,754,内蒙古财经大学,,物理,445,21084,,,0,,,0,0
内蒙,2025,物理类,本科提前批C段,754,内蒙古财经大学,,"物理,化学",509,27236,,,0,,,0,0
内蒙,2025,物理类,本科提前批C段,755,内蒙古农业大学,,物理,487,31526,,,0,,,0,0
内蒙,2025,物理类,本科提前批C段,755,内蒙古农业大学,,"物理,化学",491,20815,,,0,,,0,0
内蒙,2025,物理类,本科提前批C段,757,内蒙古科技大学包头师范学院,,物理,468,30054,,,0,,,0,0
内蒙,2025,物理类,本科提前批C段,757,内蒙古科技大学包头师范学院,,"物理,化学",462,32753,,,0,,,0,0
内蒙,2025,物理类,本科提前批C段,757,内蒙古科技大学包头师范学院,,"物理,地理",476,36946,,,0,,,0,0
内蒙,2025,物理类,本科提前批C段,758,内蒙古医科大学,,物理,427,23867,,,0,,,0,0
内蒙,2025,物理类,本科提前批C段,758,内蒙古医科大学,,"物理,化学,生物",476,33918,,,0,,,0,0
内蒙,2025,物理类,本科提前批C段,759,内蒙古科技大学包头医学院,,物理,533,20532,,,0,,,0,0
内蒙,2025,物理类,本科提前批C段,759,内蒙古科技大学包头医学院,,"物理,化学",486,31526,,,0,,,0,0
内蒙,2025,物理类,本科提前批C段,759,内蒙古科技大学包头医学院,,"物理,化学,生物",479,13809,,,0,,,0,0
内蒙,2025,物理类,本科提前批C段,761,内蒙古民族大学,,物理,413,32753,,,0,,,0,0
内蒙,2025,物理类,本科提前批C段,761,内蒙古民族大学,,"物理,化学",380,27496,,,0,,,0,0
内蒙,2025,物理类,本科提前批C段,764,内蒙古科技大学,,物理,479,26955,,,0,,,0,0
内蒙,2025,物理类,本科提前批C段,764,内蒙古科技大学,,"物理,化学",476,25793,,,0,,,0,0
内蒙,2025,物理类,本科提前批C段,765,集宁师范学院,,"物理,化学",452,40959,,,0,,,0,0
内蒙,2025,物理类,本科提前批C段,766,呼伦贝尔学院,,"物理,化学",434,44442,,,0,,,0,0
内蒙,2025,物理类,本科提前批C段,767,赤峰学院,,物理,386,65514,,,0,,,0,0
内蒙,2025,物理类,本科提前批C段,767,赤峰学院,,"物理,化学",467,39710,,,0,,,0,0
内蒙,2025,物理类,本科提前批C段,767,赤峰学院,,"物理,化学,生物",483,24142,,,0,,,0,0
内蒙,2025,物理类,本科提前批C段,772,河套学院,,"物理,化学",445,39041,,,0,,,0,0
内蒙,2025,物理类,本科提前批C段,80,南京林业大学,,"物理,化学",545,17092,,,0,,,0,0
内蒙,2025,物理类,本科提前批C段,801,辽宁大学,,"物理,化学",559,14268,,,0,,,0,0
内蒙,2025,物理类,本科提前批C段,82,北京林业大学,,"物理,化学",580,9784,,,0,,,0,0
内蒙,2025,物理类,本科提前批C段,82,北京林业大学,,"物理,生物",581,9574,,,0,,,0,0
内蒙,2025,物理类,本科提前批C段,823,大连大学,,"物理,化学",560,14036,,,0,,,0,0
内蒙,2025,物理类,本科提前批C段,83,东北林业大学,,"物理,化学",536,11189,,,0,,,0,0
内蒙,2025,物理类,本科提前批C段,837,延边大学,,"物理,化学",555,14268,,,0,,,0,0
内蒙,2025,物理类,本科提前批C段,908,宁波大学,,"物理,化学",502,29211,,,0,,,0,0
内蒙,2025,物理类,本科提前批C段,913,上海工程技术大学,,"物理,化学",456,27790,,,0,,,0,0
内蒙,2025,物理类,本科提前批C段,95,沈阳工业大学,,"物理,化学",566,11607,,,0,,,0,0
内蒙,2025,物理类,本科提前批C段,97,合肥工业大学,,"物理,化学",550,15173,,,0,,,0,0
内蒙,2025,物理类,本科提前批C段,99,哈尔滨理工大学,,"物理,化学",561,11607,,,0,,,0,0
内蒙,2025,物理类,本科提前批C段,,上海交通大学医学院,,"物理,化学",660,670,,,0,,,0,0
内蒙,2025,物理类,本科提前批C段,,中国石油大学(北京)克拉玛依校区,,"物理,化学",547,11607,,,0,,,0,0
内蒙,2025,物理类,本科提前批C段,,合肥工业大学,,"物理,化学",545,17590,,,0,,,0,0
内蒙,2025,物理类,本科提前批C段,,哈尔滨工业大学(威海),,"物理,化学",613,4517,,,0,,,0,0
内蒙,2025,物理类,本科提前批C段,,复旦大学医学院,,"物理,生物",582,9394,,,0,,,0,0
内蒙,2025,物理类,本科提前批C段,,浙江师范大学,,"物理,化学",521,18825,,,0,,,0,0
内蒙,2025,物理类,本科提前批C段,,鄂尔多斯应用技术学院,,"物理,化学",463,32753,,,0,,,0,0
内蒙,2025,物理类,本科提前批C段,,长春中医药大学,,"物理,化学",501,29211,,,0,,,0,0
内蒙,2025,物理类,本科提前批C段,,防灾科技学院,,物理,507,27790,,,0,,,0,0
内蒙,2025,物理类,高职(专科)批,102,上海旅游高等专科学校,,物理,344,73959,,,0,,,0,0
内蒙,2025,物理类,高职(专科)批,111,山西林业职业技术学院,,物理,274,82124,,,0,,,0,0
内蒙,2025,物理类,高职(专科)批,113,长江工程职业技术学院,,物理,350,73959,,,0,,,0,0
内蒙,2025,物理类,高职(专科)批,123,黑龙江职业学院,,物理,315,65192,,,0,,,0,0
内蒙,2025,物理类,高职(专科)批,124,烟台南山学院,,物理,260,83039,,,0,,,0,0
内蒙,2025,物理类,高职(专科)批,129,西安电力高等专科学校,,物理,411,42515,,,0,,,0,0
内蒙,2025,物理类,高职(专科)批,135,沈阳工程学院,,物理,358,66383,,,0,,,0,0
内蒙,2025,物理类,高职(专科)批,136,重庆电力高等专科学校,,物理,376,53661,,,0,,,0,0
内蒙,2025,物理类,高职(专科)批,140,辽阳职业技术学院,,物理,299,78606,,,0,,,0,0
内蒙,2025,物理类,高职(专科)批,142,甘肃工业职业技术大学,,物理,324,76991,,,0,,,0,0
内蒙,2025,物理类,高职(专科)批,143,黄河水利职业技术大学,,物理,378,67212,,,0,,,0,0
内蒙,2025,物理类,高职(专科)批,152,河北对外经贸职业学院,,物理,299,78349,,,0,,,0,0
内蒙,2025,物理类,高职(专科)批,153,石家庄信息工程职业学院,,物理,360,63748,,,0,,,0,0
内蒙,2025,物理类,高职(专科)批,155,湖南信息职业技术学院,,物理,367,70530,,,0,,,0,0
内蒙,2025,物理类,高职(专科)批,163,江西交通职业技术学院,,物理,289,80721,,,0,,,0,0
内蒙,2025,物理类,高职(专科)批,169,日照职业技术学院,,物理,354,63748,,,0,,,0,0
内蒙,2025,物理类,高职(专科)批,176,西安交通工程学院,,物理,239,81778,,,0,,,0,0
内蒙,2025,物理类,高职(专科)批,178,湖北交通职业技术学院,,物理,353,73584,,,0,,,0,0
内蒙,2025,物理类,高职(专科)批,179,伊春职业学院,,物理,252,78483,,,0,,,0,0
内蒙,2025,物理类,高职(专科)批,180,牡丹江大学,,物理,293,77638,,,0,,,0,0
内蒙,2025,物理类,高职(专科)批,183,石家庄理工职业学院,,物理,293,77786,,,0,,,0,0
内蒙,2025,物理类,高职(专科)批,204,包头职业技术学院,,物理,189,77322,,,0,,,0,0
内蒙,2025,物理类,高职(专科)批,205,黔南民族医学高等专科学校,,物理,334,72980,,,0,,,0,0
内蒙,2025,物理类,高职(专科)批,206,河南职业技术学院,,物理,362,70777,,,0,,,0,0
内蒙,2025,物理类,高职(专科)批,212,山西机电职业技术学院,,物理,364,71214,,,0,,,0,0
内蒙,2025,物理类,高职(专科)批,215,威海职业学院,,物理,337,75280,,,0,,,0,0
内蒙,2025,物理类,高职(专科)批,216,山西省财政税务专科学校,,物理,290,69287,,,0,,,0,0
内蒙,2025,物理类,高职(专科)批,226,北京信息职业技术学院,,物理,360,71674,,,0,,,0,0
内蒙,2025,物理类,高职(专科)批,227,南昌工学院,,物理,224,78975,,,0,,,0,0
内蒙,2025,物理类,高职(专科)批,230,成都航空职业技术大学,,物理,382,57211,,,0,,,0,0
内蒙,2025,物理类,高职(专科)批,235,北京工业职业技术学院,,物理,337,69287,,,0,,,0,0
内蒙,2025,物理类,高职(专科)批,239,哈尔滨铁道职业技术学院,,物理,363,68019,,,0,,,0,0
内蒙,2025,物理类,高职(专科)批,245,湖南铁道职业技术学院,,物理,361,58187,,,0,,,0,0
内蒙,2025,物理类,高职(专科)批,247,四川交通职业技术学院,,物理,362,71674,,,0,,,0,0
内蒙,2025,物理类,高职(专科)批,248,武汉软件工程职业学院,,物理,335,62261,,,0,,,0,0
内蒙,2025,物理类,高职(专科)批,249,泰州职业技术学院,,物理,334,74718,,,0,,,0,0
内蒙,2025,物理类,高职(专科)批,255,辽宁广告职业学院,,物理,272,81778,,,0,,,0,0
内蒙,2025,物理类,高职(专科)批,256,青岛职业技术学院,,物理,339,73584,,,0,,,0,0
内蒙,2025,物理类,高职(专科)批,263,潍坊职业学院,,物理,373,69041,,,0,,,0,0
内蒙,2025,物理类,高职(专科)批,32,长沙民政职业技术学院,,物理,335,62261,,,0,,,0,0
内蒙,2025,物理类,高职(专科)批,344,三亚城市职业学院,,物理,282,82124,,,0,,,0,0
内蒙,2025,物理类,高职(专科)批,345,黑龙江林业职业技术学院,,物理,184,80551,,,0,,,0,0
内蒙,2025,物理类,高职(专科)批,351,石家庄铁路职业技术学院,,物理,395,61271,,,0,,,0,0
内蒙,2025,物理类,高职(专科)批,356,长春科技学院,,物理,207,80551,,,0,,,0,0
内蒙,2025,物理类,高职(专科)批,359,山东商业职业技术学院,,物理,329,64921,,,0,,,0,0
内蒙,2025,物理类,高职(专科)批,360,安徽中医药高等专科学校,,物理,356,61601,,,0,,,0,0
内蒙,2025,物理类,高职(专科)批,361,宁夏工业职业学院,,物理,333,70777,,,0,,,0,0
内蒙,2025,物理类,高职(专科)批,362,中国民用航空飞行学院,,物理,444,47043,,,0,,,0,0
内蒙,2025,物理类,高职(专科)批,364,广州民航职业技术学院,,物理,358,52987,,,0,,,0,0
内蒙,2025,物理类,高职(专科)批,365,湖南邮电职业技术学院,,物理,348,74526,,,0,,,0,0
内蒙,2025,物理类,高职(专科)批,366,山西水利职业技术学院,,物理,348,74526,,,0,,,0,0
内蒙,2025,物理类,高职(专科)批,367,南昌理工学院,,物理,295,81293,,,0,,,0,0
内蒙,2025,物理类,高职(专科)批,37,齐齐哈尔高等师范专科学校,,物理,247,79625,,,0,,,0,0
内蒙,2025,物理类,高职(专科)批,372,上海出版印刷高等专科学校,,物理,357,68766,,,0,,,0,0
内蒙,2025,物理类,高职(专科)批,375,平顶山工业职业技术学院,,物理,328,71453,,,0,,,0,0
内蒙,2025,物理类,高职(专科)批,380,哈尔滨职业技术大学,,物理,363,68766,,,0,,,0,0
内蒙,2025,物理类,高职(专科)批,383,山东水利职业学院,,物理,317,77479,,,0,,,0,0
内蒙,2025,物理类,高职(专科)批,385,成都农业科技职业学院,,物理,390,64361,,,0,,,0,0
内蒙,2025,物理类,高职(专科)批,39,长春金融高等专科学校,,物理,321,73189,,,0,,,0,0
内蒙,2025,物理类,高职(专科)批,392,锦州师范高等专科学校,,物理,338,75092,,,0,,,0,0
内蒙,2025,物理类,高职(专科)批,400,青岛港湾职业技术学院,,物理,344,66103,,,0,,,0,0
内蒙,2025,物理类,高职(专科)批,401,西安城市建设职业学院,,物理,236,83483,,,0,,,0,0
内蒙,2025,物理类,高职(专科)批,407,武汉警官职业学院,,物理,357,70530,,,0,,,0,0
内蒙,2025,物理类,高职(专科)批,408,江苏食品药品职业技术学院,,物理,347,71674,,,0,,,0,0
内蒙,2025,物理类,高职(专科)批,420,长沙航空职业技术学院,,物理,400,55303,,,0,,,0,0
内蒙,2025,物理类,高职(专科)批,424,桂林理工大学,,物理,338,69041,,,0,,,0,0
内蒙,2025,物理类,高职(专科)批,43,黑龙江商业职业学院,,物理,314,79625,,,0,,,0,0
内蒙,2025,物理类,高职(专科)批,431,大连科技学院,,物理,321,74158,,,0,,,0,0
内蒙,2025,物理类,高职(专科)批,434,张家界航空工业职业技术学院,,物理,373,66658,,,0,,,0,0
内蒙,2025,物理类,高职(专科)批,444,江西财经职业学院,,物理,315,77479,,,0,,,0,0
内蒙,2025,物理类,高职(专科)批,446,三峡大学科技学院,,物理,353,73584,,,0,,,0,0
内蒙,2025,物理类,高职(专科)批,460,山东化工职业学院,,物理,351,73959,,,0,,,0,0
内蒙,2025,物理类,高职(专科)批,468,山东工程职业技术大学,,物理,295,81293,,,0,,,0,0
内蒙,2025,物理类,高职(专科)批,485,枣庄科技职业学院,,物理,224,82615,,,0,,,0,0
内蒙,2025,物理类,高职(专科)批,486,抚州职业技术学院,,物理,322,77322,,,0,,,0,0
内蒙,2025,物理类,高职(专科)批,491,宝鸡职业技术学院,,物理,345,74351,,,0,,,0,0
内蒙,2025,物理类,高职(专科)批,493,海南软件职业技术学院,,物理,353,73584,,,0,,,0,0
内蒙,2025,物理类,高职(专科)批,524,漳州职业技术学院,,物理,349,72317,,,0,,,0,0
内蒙,2025,物理类,高职(专科)批,526,北京青年政治学院,,物理,362,66658,,,0,,,0,0
内蒙,2025,物理类,高职(专科)批,534,聊城职业技术学院,,物理,294,81142,,,0,,,0,0
内蒙,2025,物理类,高职(专科)批,536,北京经济技术职业学院,,物理,212,83093,,,0,,,0,0
内蒙,2025,物理类,高职(专科)批,540,淄博师范高等专科学校,,物理,277,80975,,,0,,,0,0
内蒙,2025,物理类,高职(专科)批,543,河北女子职业技术学院,,物理,353,73584,,,0,,,0,0
内蒙,2025,物理类,高职(专科)批,545,四川建筑职业技术学院,,物理,334,76991,,,0,,,0,0
内蒙,2025,物理类,高职(专科)批,558,天津市职业大学,,物理,378,58187,,,0,,,0,0
内蒙,2025,物理类,高职(专科)批,561,天津天狮学院,,物理,247,83258,,,0,,,0,0
内蒙,2025,物理类,高职(专科)批,565,天津滨海职业学院,,物理,312,71889,,,0,,,0,0
内蒙,2025,物理类,高职(专科)批,567,天津现代职业技术学院,,物理,358,54937,,,0,,,0,0
内蒙,2025,物理类,高职(专科)批,568,天津轻工职业技术学院,,物理,363,63748,,,0,,,0,0
内蒙,2025,物理类,高职(专科)批,569,天津电子信息职业技术学院,,物理,358,65514,,,0,,,0,0
内蒙,2025,物理类,高职(专科)批,571,天津机电职业技术学院,,物理,341,70777,,,0,,,0,0
内蒙,2025,物理类,高职(专科)批,572,天津渤海职业技术学院,,物理,264,71674,,,0,,,0,0
内蒙,2025,物理类,高职(专科)批,574,天津商务职业学院,,物理,333,71006,,,0,,,0,0
内蒙,2025,物理类,高职(专科)批,577,天津医学高等专科学校,,物理,347,66103,,,0,,,0,0
内蒙,2025,物理类,高职(专科)批,577,天津医学高等专科学校,,"物理,化学,生物",371,60309,,,0,,,0,0
内蒙,2025,物理类,高职(专科)批,583,扬州职业技术大学,,物理,395,61913,,,0,,,0,0
内蒙,2025,物理类,高职(专科)批,585,西安明德理工学院,,物理,325,78349,,,0,,,0,0
内蒙,2025,物理类,高职(专科)批,587,天津交通职业学院,,物理,299,77322,,,0,,,0,0
内蒙,2025,物理类,高职(专科)批,588,湖北城市建设职业技术学院,,物理,298,78858,,,0,,,0,0
内蒙,2025,物理类,高职(专科)批,593,焦作大学,,物理,359,72317,,,0,,,0,0
内蒙,2025,物理类,高职(专科)批,601,开封大学,,物理,373,69041,,,0,,,0,0
内蒙,2025,物理类,高职(专科)批,606,湖南理工职业技术学院,,物理,345,71674,,,0,,,0,0
内蒙,2025,物理类,高职(专科)批,610,河南工业职业技术学院,,物理,354,72553,,,0,,,0,0
内蒙,2025,物理类,高职(专科)批,613,九江职业大学,,物理,318,75446,,,0,,,0,0
内蒙,2025,物理类,高职(专科)批,614,陕西国际商贸学院,,物理,348,74526,,,0,,,0,0
内蒙,2025,物理类,高职(专科)批,615,西安铁路职业技术学院,,物理,400,59699,,,0,,,0,0
内蒙,2025,物理类,高职(专科)批,618,陕西职业技术学院,,物理,345,73776,,,0,,,0,0
内蒙,2025,物理类,高职(专科)批,624,四川工程职业技术大学,,物理,344,70265,,,0,,,0,0
内蒙,2025,物理类,高职(专科)批,625,山东医学高等专科学校,,物理,390,54937,,,0,,,0,0
内蒙,2025,物理类,高职(专科)批,626,重庆城市管理职业学院,,物理,335,73584,,,0,,,0,0
内蒙,2025,物理类,高职(专科)批,635,西安职业技术学院,,物理,387,65192,,,0,,,0,0
内蒙,2025,物理类,高职(专科)批,637,河北能源职业技术学院,,物理,322,72087,,,0,,,0,0
内蒙,2025,物理类,高职(专科)批,641,河北建材职业技术学院,,物理,289,77322,,,0,,,0,0
内蒙,2025,物理类,高职(专科)批,647,石家庄城市经济职业学院,,物理,283,82070,,,0,,,0,0
内蒙,2025,物理类,高职(专科)批,650,河北旅游职业学院,,物理,349,73374,,,0,,,0,0
内蒙,2025,物理类,高职(专科)批,655,江西信息应用职业技术学院,,物理,362,65514,,,0,,,0,0
内蒙,2025,物理类,高职(专科)批,656,江西医学高等专科学校,,物理,359,71674,,,0,,,0,0
内蒙,2025,物理类,高职(专科)批,656,江西医学高等专科学校,,"物理,化学",368,60309,,,0,,,0,0
内蒙,2025,物理类,高职(专科)批,656,江西医学高等专科学校,,"物理,化学,生物",390,64361,,,0,,,0,0
内蒙,2025,物理类,高职(专科)批,657,江西电力职业技术学院,,物理,370,66658,,,0,,,0,0
内蒙,2025,物理类,高职(专科)批,660,浙江建设职业技术学院,,物理,335,73776,,,0,,,0,0
内蒙,2025,物理类,高职(专科)批,661,武汉工程职业技术学院,,物理,349,72756,,,0,,,0,0
内蒙,2025,物理类,高职(专科)批,662,荆州理工职业学院,,物理,349,73374,,,0,,,0,0
内蒙,2025,物理类,高职(专科)批,663,湖北中医药高等专科学校,,物理,388,37836,,,0,,,0,0
内蒙,2025,物理类,高职(专科)批,665,荆州职业技术学院,,物理,351,73959,,,0,,,0,0
内蒙,2025,物理类,高职(专科)批,673,武汉职业技术大学,,物理,370,62560,,,0,,,0,0
内蒙,2025,物理类,高职(专科)批,674,咸宁职业技术学院,,物理,331,75092,,,0,,,0,0
内蒙,2025,物理类,高职(专科)批,675,湖北职业技术学院,,物理,310,73374,,,0,,,0,0
内蒙,2025,物理类,高职(专科)批,682,黄冈职业技术学院,,物理,295,74718,,,0,,,0,0
内蒙,2025,物理类,高职(专科)批,683,武汉生物工程学院,,物理,270,77322,,,0,,,0,0
内蒙,2025,物理类,高职(专科)批,688,武汉商贸职业学院,,物理,253,77479,,,0,,,0,0
内蒙,2025,物理类,高职(专科)批,694,湖南工程职业技术学院,,物理,287,79333,,,0,,,0,0
内蒙,2025,物理类,高职(专科)批,706,长沙环境保护职业技术学院,,物理,276,81652,,,0,,,0,0
内蒙,2025,物理类,高职(专科)批,708,大庆医学高等专科学校,,物理,360,55623,,,0,,,0,0
内蒙,2025,物理类,高职(专科)批,709,武汉信息传播职业技术学院,,物理,256,83141,,,0,,,0,0
内蒙,2025,物理类,高职(专科)批,710,石家庄医学高等专科学校,,物理,244,66383,,,0,,,0,0
内蒙,2025,物理类,高职(专科)批,715,天津城市建设管理职业技术学院,,物理,295,78349,,,0,,,0,0
内蒙,2025,物理类,高职(专科)批,716,大连艺术学院,,物理,267,82808,,,0,,,0,0
内蒙,2025,物理类,高职(专科)批,721,陕西青年职业学院,,物理,331,70265,,,0,,,0,0
内蒙,2025,物理类,高职(专科)批,724,西安信息职业大学,,物理,248,73959,,,0,,,0,0
内蒙,2025,物理类,高职(专科)批,725,山西药科职业学院,,物理,389,62560,,,0,,,0,0
内蒙,2025,物理类,高职(专科)批,731,滨州职业学院,,物理,321,75826,,,0,,,0,0
内蒙,2025,物理类,高职(专科)批,732,山东力明科技职业学院,,物理,260,77479,,,0,,,0,0
内蒙,2025,物理类,高职(专科)批,735,山东科技职业学院,,物理,352,72980,,,0,,,0,0
内蒙,2025,物理类,高职(专科)批,736,张家口职业技术学院,,物理,299,78858,,,0,,,0,0
内蒙,2025,物理类,高职(专科)批,743,石家庄工程职业学院,,物理,296,80551,,,0,,,0,0
内蒙,2025,物理类,高职(专科)批,744,桂林旅游学院,,物理,337,76513,,,0,,,0,0
内蒙,2025,物理类,高职(专科)批,747,保定电力职业技术学院,,物理,391,60309,,,0,,,0,0
内蒙,2025,物理类,高职(专科)批,755,内蒙古农业大学,,物理,338,66658,,,0,,,0,0
内蒙,2025,物理类,高职(专科)批,758,内蒙古医科大学,,"物理,化学,生物",388,64921,,,0,,,0,0
内蒙,2025,物理类,高职(专科)批,762,吉林铁道职业技术大学,,物理,379,49009,,,0,,,0,0
内蒙,2025,物理类,高职(专科)批,763,黑龙江交通职业技术学院,,物理,366,62560,,,0,,,0,0
内蒙,2025,物理类,高职(专科)批,769,科尔沁艺术职业学院,,物理,177,80296,,,0,,,0,0
内蒙,2025,物理类,高职(专科)批,770,呼和浩特职业技术大学,,物理,284,56271,,,0,,,0,0
内蒙,2025,物理类,高职(专科)批,771,内蒙古建筑职业技术大学,,物理,206,77322,,,0,,,0,0
内蒙,2025,物理类,高职(专科)批,773,内蒙古警察学院,,物理,367,70530,,,0,,,0,0
内蒙,2025,物理类,高职(专科)批,774,内蒙古体育职业学院,,物理,271,81293,,,0,,,0,0
内蒙,2025,物理类,高职(专科)批,775,兴安职业技术大学,,物理,184,0,,,0,,,0,0
内蒙,2025,物理类,高职(专科)批,776,内蒙古机电职业技术学院,,物理,225,73189,,,0,,,0,0
内蒙,2025,物理类,高职(专科)批,777,三峡电力职业学院,,物理,384,64361,,,0,,,0,0
内蒙,2025,物理类,高职(专科)批,778,内蒙古丰州职业学院,,物理,259,81293,,,0,,,0,0
内蒙,2025,物理类,高职(专科)批,779,内蒙古商贸职业学院,,物理,271,66658,,,0,,,0,0
内蒙,2025,物理类,高职(专科)批,780,郑州电力职业技术学院,,物理,341,68766,,,0,,,0,0
内蒙,2025,物理类,高职(专科)批,781,山东商务职业学院,,物理,351,69539,,,0,,,0,0
内蒙,2025,物理类,高职(专科)批,782,内蒙古化工职业学院,,物理,189,72756,,,0,,,0,0
内蒙,2025,物理类,高职(专科)批,783,内蒙古电子信息职业技术学院,,物理,192,73374,,,0,,,0,0
内蒙,2025,物理类,高职(专科)批,785,锡林郭勒职业学院,,物理,156,61271,,,0,,,0,0
内蒙,2025,物理类,高职(专科)批,786,山东城市建设职业学院,,物理,192,82470,,,0,,,0,0
内蒙,2025,物理类,高职(专科)批,792,乌兰察布职业学院,,物理,201,81517,,,0,,,0,0
内蒙,2025,物理类,高职(专科)批,792,乌兰察布职业学院,,"物理,化学",217,82235,,,0,,,0,0
内蒙,2025,物理类,高职(专科)批,792,乌兰察布职业学院,,"物理,生物",241,79823,,,0,,,0,0
内蒙,2025,物理类,高职(专科)批,794,通辽职业学院,,物理,184,72980,,,0,,,0,0
内蒙,2025,物理类,高职(专科)批,795,包头轻工职业技术学院,,物理,200,76513,,,0,,,0,0
内蒙,2025,物理类,高职(专科)批,811,盘锦职业技术学院,,物理,290,76513,,,0,,,0,0
内蒙,2025,物理类,高职(专科)批,812,渤海船舶职业学院,,物理,346,72553,,,0,,,0,0
内蒙,2025,物理类,高职(专科)批,813,营口职业技术学院,,物理,277,67736,,,0,,,0,0
内蒙,2025,物理类,高职(专科)批,815,山西职业技术学院,,物理,321,76331,,,0,,,0,0
内蒙,2025,物理类,高职(专科)批,816,辽宁省交通高等专科学校,,物理,303,62859,,,0,,,0,0
内蒙,2025,物理类,高职(专科)批,818,太原城市职业技术学院,,物理,346,74907,,,0,,,0,0
内蒙,2025,物理类,高职(专科)批,819,朝阳师范学院,,物理,330,76331,,,0,,,0,0
内蒙,2025,物理类,高职(专科)批,821,抚顺职业技术学院,,物理,248,81778,,,0,,,0,0
内蒙,2025,物理类,高职(专科)批,825,大连职业技术学院,,物理,337,72756,,,0,,,0,0
内蒙,2025,物理类,高职(专科)批,828,鹤岗师范高等专科学校,,物理,263,81293,,,0,,,0,0
内蒙,2025,物理类,高职(专科)批,829,长春职业技术大学,,物理,339,68766,,,0,,,0,0
内蒙,2025,物理类,高职(专科)批,831,长春医学高等专科学校,,物理,402,58500,,,0,,,0,0
内蒙,2025,物理类,高职(专科)批,833,吉林工业职业技术学院,,物理,362,70265,,,0,,,0,0
内蒙,2025,物理类,高职(专科)批,834,长春东方职业学院,,物理,245,80296,,,0,,,0,0
内蒙,2025,物理类,高职(专科)批,841,辽宁石化职业技术学院,,物理,335,76828,,,0,,,0,0
内蒙,2025,物理类,高职(专科)批,843,辽宁机电职业技术学院,,物理,314,72980,,,0,,,0,0
内蒙,2025,物理类,高职(专科)批,849,吉林工程职业学院,,物理,271,72087,,,0,,,0,0
内蒙,2025,物理类,高职(专科)批,850,吉林交通职业技术学院,,物理,365,71006,,,0,,,0,0
内蒙,2025,物理类,高职(专科)批,855,辽源职业技术学院,,物理,172,81517,,,0,,,0,0
内蒙,2025,物理类,高职(专科)批,856,吉林电子信息职业技术学院,,物理,255,82666,,,0,,,0,0
内蒙,2025,物理类,高职(专科)批,861,青岛黄海学院,,物理,209,82977,,,0,,,0,0
内蒙,2025,物理类,高职(专科)批,862,邢台医学院,,物理,379,60654,,,0,,,0,0
内蒙,2025,物理类,高职(专科)批,862,邢台医学院,,"物理,化学",399,61601,,,0,,,0,0
内蒙,2025,物理类,高职(专科)批,866,湖北水利水电职业技术学院,,物理,363,68264,,,0,,,0,0
内蒙,2025,物理类,高职(专科)批,869,汉江师范学院,,物理,338,75622,,,0,,,0,0
内蒙,2025,物理类,高职(专科)批,87,青岛酒店管理职业技术学院,,物理,322,78733,,,0,,,0,0
内蒙,2025,物理类,高职(专科)批,888,黑龙江农垦职业学院,,物理,343,70777,,,0,,,0,0
内蒙,2025,物理类,高职(专科)批,890,黑龙江建筑职业技术学院,,物理,325,76170,,,0,,,0,0
内蒙,2025,物理类,高职(专科)批,893,大庆职业学院,,物理,332,70777,,,0,,,0,0
内蒙,2025,物理类,高职(专科)批,895,哈尔滨电力职业技术学院,,物理,380,61913,,,0,,,0,0
内蒙,2025,物理类,高职(专科)批,896,黑龙江农业工程职业学院,,物理,359,70023,,,0,,,0,0
内蒙,2025,物理类,高职(专科)批,898,黑龙江农业经济职业学院,,物理,347,71214,,,0,,,0,0
内蒙,2025,物理类,高职(专科)批,901,湖南工业职业技术学院,,物理,349,72553,,,0,,,0,0
内蒙,2025,物理类,高职(专科)批,902,上海工商外国语职业学院,,物理,292,81517,,,0,,,0,0
内蒙,2025,物理类,高职(专科)批,912,江西旅游商贸职业学院,,物理,347,73776,,,0,,,0,0
内蒙,2025,物理类,高职(专科)批,914,江苏建筑职业技术学院,,物理,322,76170,,,0,,,0,0
内蒙,2025,物理类,高职(专科)批,915,江苏农牧科技职业学院,,物理,374,65812,,,0,,,0,0
内蒙,2025,物理类,高职(专科)批,92,大兴安岭职业学院,,物理,265,80030,,,0,,,0,0
内蒙,2025,物理类,高职(专科)批,92,大兴安岭职业学院,,"物理,化学",377,63446,,,0,,,0,0
内蒙,2025,物理类,高职(专科)批,92,大兴安岭职业学院,,"物理,生物",380,67212,,,0,,,0,0
内蒙,2025,物理类,高职(专科)批,922,淮南职业技术学院,,物理,253,83206,,,0,,,0,0
内蒙,2025,物理类,高职(专科)批,923,海南职业技术学院,,物理,228,77170,,,0,,,0,0
内蒙,2025,物理类,高职(专科)批,926,海口经济学院,,物理,189,80133,,,0,,,0,0
内蒙,2025,物理类,高职(专科)批,933,湖北工业职业技术学院,,物理,284,80397,,,0,,,0,0
内蒙,2025,物理类,高职(专科)批,936,江西科技学院,,物理,341,75826,,,0,,,0,0
内蒙,2025,物理类,高职(专科)批,945,西安外事学院,,物理,213,77322,,,0,,,0,0
内蒙,2025,物理类,高职(专科)批,946,陕西能源职业技术学院,,物理,315,78483,,,0,,,0,0
内蒙,2025,物理类,高职(专科)批,950,西安培华学院,,物理,270,77479,,,0,,,0,0
内蒙,2025,物理类,高职(专科)批,951,西安翻译学院,,物理,323,77479,,,0,,,0,0
内蒙,2025,物理类,高职(专科)批,954,陕西工业职业技术学院,,物理,373,66383,,,0,,,0,0
内蒙,2025,物理类,高职(专科)批,960,四平职业大学,,物理,355,72553,,,0,,,0,0
内蒙,2025,物理类,高职(专科)批,967,重庆工业职业技术大学,,物理,396,62560,,,0,,,0,0
内蒙,2025,物理类,高职(专科)批,974,陕西铁路工程职业技术学院,,物理,379,63446,,,0,,,0,0
内蒙,2025,物理类,高职(专科)批,975,宁夏职业技术大学,,物理,344,75280,,,0,,,0,0
内蒙,2025,物理类,高职(专科)批,977,宁夏警官职业学院,,物理,393,63446,,,0,,,0,0
内蒙,2025,物理类,高职(专科)批,978,广东南华工商职业学院,,物理,312,79823,,,0,,,0,0
内蒙,2025,物理类,高职(专科)批,987,新疆轻工职业技术学院,,物理,269,82567,,,0,,,0,0
内蒙,2025,物理类,高职(专科)批,988,新疆农业职业技术大学,,物理,260,78975,,,0,,,0,0
内蒙,2025,物理类,高职(专科)批,997,湖北黄冈应急管理职业技术学院,,物理,300,74718,,,0,,,0,0
内蒙,2025,物理类,高职(专科)批,,七台河职业学院,,物理,319,77786,,,0,,,0,0
内蒙,2025,物理类,高职(专科)批,,三亚护理职业学院,,物理,259,83060,,,0,,,0,0
内蒙,2025,物理类,高职(专科)批,,三亚航空旅游职业学院,,物理,219,81142,,,0,,,0,0
内蒙,2025,物理类,高职(专科)批,,上海中侨职业技术大学,,物理,253,83206,,,0,,,0,0
内蒙,2025,物理类,高职(专科)批,,上海农林职业技术学院,,物理,361,67212,,,0,,,0,0
内蒙,2025,物理类,高职(专科)批,,上海城建职业学院,,物理,367,68264,,,0,,,0,0
内蒙,2025,物理类,高职(专科)批,,上海思博职业技术学院,,物理,292,81517,,,0,,,0,0
内蒙,2025,物理类,高职(专科)批,,上海民航职业技术学院,,物理,369,62859,,,0,,,0,0
内蒙,2025,物理类,高职(专科)批,,上海济光职业技术学院,,物理,275,82470,,,0,,,0,0
内蒙,2025,物理类,高职(专科)批,,上海电子信息职业技术学院,,物理,383,66383,,,0,,,0,0
内蒙,2025,物理类,高职(专科)批,,上海科学技术职业学院,,物理,354,71214,,,0,,,0,0
内蒙,2025,物理类,高职(专科)批,,上海行健职业学院,,物理,373,69041,,,0,,,0,0
内蒙,2025,物理类,高职(专科)批,,上海邦德职业技术学院,,物理,228,80030,,,0,,,0,0
内蒙,2025,物理类,高职(专科)批,,东营科技职业学院,,物理,339,73776,,,0,,,0,0
内蒙,2025,物理类,高职(专科)批,,东营职业学院,,物理,325,69287,,,0,,,0,0
内蒙,2025,物理类,高职(专科)批,,临汾职业技术学院,,物理,383,66383,,,0,,,0,0
内蒙,2025,物理类,高职(专科)批,,乌兰察布医学高等专科学校,,物理,279,70530,,,0,,,0,0
内蒙,2025,物理类,高职(专科)批,,乌兰察布医学高等专科学校,,"物理,化学",311,78083,,,0,,,0,0
内蒙,2025,物理类,高职(专科)批,,乌海职业技术学院,,物理,215,76331,,,0,,,0,0
内蒙,2025,物理类,高职(专科)批,,九州职业技术学院,,物理,323,78606,,,0,,,0,0
内蒙,2025,物理类,高职(专科)批,,云南三鑫职业技术学院,,物理,277,82376,,,0,,,0,0
内蒙,2025,物理类,高职(专科)批,,云南医药健康职业学院,,物理,339,70777,,,0,,,0,0
内蒙,2025,物理类,高职(专科)批,,云南国土资源职业学院,,物理,280,82235,,,0,,,0,0
内蒙,2025,物理类,高职(专科)批,,云南理工职业学院,,物理,312,79823,,,0,,,0,0
内蒙,2025,物理类,高职(专科)批,,仙桃职业学院,,物理,356,70530,,,0,,,0,0
内蒙,2025,物理类,高职(专科)批,,保定职业技术学院,,物理,360,72087,,,0,,,0,0
内蒙,2025,物理类,高职(专科)批,,克孜勒苏职业技术学院,,物理,206,80975,,,0,,,0,0
内蒙,2025,物理类,高职(专科)批,,兰州外语职业学院,,物理,277,82376,,,0,,,0,0
内蒙,2025,物理类,高职(专科)批,,兰州现代职业学院,,物理,211,80133,,,0,,,0,0
内蒙,2025,物理类,高职(专科)批,,兰州石化职业技术大学,,物理,389,62560,,,0,,,0,0
内蒙,2025,物理类,高职(专科)批,,兰州资源环境职业技术大学,,物理,363,69773,,,0,,,0,0
内蒙,2025,物理类,高职(专科)批,,内蒙古丰州职业学院,,物理,210,80638,,,0,,,0,0
内蒙,2025,物理类,高职(专科)批,,内蒙古交通职业技术学院,,物理,197,73374,,,0,,,0,0
内蒙,2025,物理类,高职(专科)批,,内蒙古北方职业技术学院,,物理,213,77934,,,0,,,0,0
内蒙,2025,物理类,高职(专科)批,,内蒙古民族幼儿师范高等专科学校,,物理,178,79221,,,0,,,0,0
内蒙,2025,物理类,高职(专科)批,,内蒙古科技职业学院,,物理,235,82124,,,0,,,0,0
内蒙,2025,物理类,高职(专科)批,,内蒙古美术职业学院,,物理,232,80133,,,0,,,0,0
内蒙,2025,物理类,高职(专科)批,,内蒙古能源职业学院,,物理,232,77934,,,0,,,0,0
内蒙,2025,物理类,高职(专科)批,,内蒙古鸿德文理学院,,物理,226,82176,,,0,,,0,0
内蒙,2025,物理类,高职(专科)批,,包头钢铁职业技术学院,,物理,172,76001,,,0,,,0,0
内蒙,2025,物理类,高职(专科)批,,包头铁道职业技术学院,,物理,288,56591,,,0,,,0,0
内蒙,2025,物理类,高职(专科)批,,北京交通职业技术学院,,物理,336,74718,,,0,,,0,0
内蒙,2025,物理类,高职(专科)批,,北京交通运输职业学院,,物理,345,57566,,,0,,,0,0
内蒙,2025,物理类,高职(专科)批,,北京京北职业技术学院,,物理,310,75826,,,0,,,0,0
内蒙,2025,物理类,高职(专科)批,,北京农业职业学院,,物理,367,62261,,,0,,,0,0
内蒙,2025,物理类,高职(专科)批,,北京劳动保障职业学院,,物理,372,69287,,,0,,,0,0
内蒙,2025,物理类,高职(专科)批,,北京劳动保障职业学院,,"物理,化学,生物",359,72317,,,0,,,0,0
内蒙,2025,物理类,高职(专科)批,,北京培黎职业学院,,物理,176,81293,,,0,,,0,0
内蒙,2025,物理类,高职(专科)批,,北京政法职业学院,,物理,338,72087,,,0,,,0,0
内蒙,2025,物理类,高职(专科)批,,北京汇佳职业学院,,物理,294,81377,,,0,,,0,0
内蒙,2025,物理类,高职(专科)批,,北京经济管理职业学院,,物理,321,77322,,,0,,,0,0
内蒙,2025,物理类,高职(专科)批,,北京经贸职业学院,,物理,182,78219,,,0,,,0,0
内蒙,2025,物理类,高职(专科)批,,北京财贸职业学院,,物理,359,65514,,,0,,,0,0
内蒙,2025,物理类,高职(专科)批,,南京科技职业学院,,物理,370,69539,,,0,,,0,0
内蒙,2025,物理类,高职(专科)批,,南充科技职业学院,,物理,249,83284,,,0,,,0,0
内蒙,2025,物理类,高职(专科)批,,南阳医学高等专科学校,,物理,372,60654,,,0,,,0,0
内蒙,2025,物理类,高职(专科)批,,厦门华天涉外职业技术学院,,物理,327,78083,,,0,,,0,0
内蒙,2025,物理类,高职(专科)批,,厦门南洋职业学院,,物理,323,78606,,,0,,,0,0
内蒙,2025,物理类,高职(专科)批,,厦门软件职业技术学院,,物理,333,77170,,,0,,,0,0
内蒙,2025,物理类,高职(专科)批,,可克达拉职业技术学院,,物理,242,80030,,,0,,,0,0
内蒙,2025,物理类,高职(专科)批,,吉林水利电力职业学院,,物理,386,65514,,,0,,,0,0
内蒙,2025,物理类,高职(专科)批,,吉林科技职业技术学院,,物理,281,80207,,,0,,,0,0
内蒙,2025,物理类,高职(专科)批,,吉林职业技术学院,,物理,199,82666,,,0,,,0,0
内蒙,2025,物理类,高职(专科)批,,吐鲁番职业技术学院,,物理,222,75280,,,0,,,0,0
内蒙,2025,物理类,高职(专科)批,,周口职业技术学院,,物理,297,79721,,,0,,,0,0
内蒙,2025,物理类,高职(专科)批,,呼伦贝尔职业技术学院,,物理,197,78219,,,0,,,0,0
内蒙,2025,物理类,高职(专科)批,,和君职业学院,,物理,296,81208,,,0,,,0,0
内蒙,2025,物理类,高职(专科)批,,哈尔滨城市职业学院,,物理,329,77786,,,0,,,0,0
内蒙,2025,物理类,高职(专科)批,,哈尔滨应用职业技术学院,,物理,263,80551,,,0,,,0,0
内蒙,2025,物理类,高职(专科)批,,哈尔滨科学技术职业学院,,物理,283,76689,,,0,,,0,0
内蒙,2025,物理类,高职(专科)批,,唐山工业职业技术大学,,物理,346,73776,,,0,,,0,0
内蒙,2025,物理类,高职(专科)批,,唐山幼儿师范高等专科学校,,物理,309,76689,,,0,,,0,0
内蒙,2025,物理类,高职(专科)批,,唐山职业技术学院,,物理,392,46355,,,0,,,0,0
内蒙,2025,物理类,高职(专科)批,,商丘医学高等专科学校,,物理,419,55303,,,0,,,0,0
内蒙,2025,物理类,高职(专科)批,,商洛职业技术学院,,物理,374,68766,,,0,,,0,0
内蒙,2025,物理类,高职(专科)批,,四川中医药高等专科学校,,"物理,化学",358,66103,,,0,,,0,0
内蒙,2025,物理类,高职(专科)批,,四川国际标榜职业学院,,物理,181,83429,,,0,,,0,0
内蒙,2025,物理类,高职(专科)批,,四川城市职业学院,,物理,311,79921,,,0,,,0,0
内蒙,2025,物理类,高职(专科)批,,四川应用技术职业学院,,物理,257,81293,,,0,,,0,0
内蒙,2025,物理类,高职(专科)批,,四川文化传媒职业学院,,物理,288,81778,,,0,,,0,0
内蒙,2025,物理类,高职(专科)批,,四川水利职业技术学院,,物理,347,74351,,,0,,,0,0
内蒙,2025,物理类,高职(专科)批,,四川西南航空职业学院,,物理,230,76828,,,0,,,0,0
内蒙,2025,物理类,高职(专科)批,,大同师范高等专科学校,,物理,329,66383,,,0,,,0,0
内蒙,2025,物理类,高职(专科)批,,大连东软信息学院,,物理,231,80888,,,0,,,0,0
内蒙,2025,物理类,高职(专科)批,,大连枫叶职业技术学院,,物理,251,82698,,,0,,,0,0
内蒙,2025,物理类,高职(专科)批,,大连航运职业技术学院,,物理,240,83258,,,0,,,0,0
内蒙,2025,物理类,高职(专科)批,,大连财经学院,,物理,304,77786,,,0,,,0,0
内蒙,2025,物理类,高职(专科)批,,天府新区航空旅游职业学院,,物理,286,78733,,,0,,,0,0
内蒙,2025,物理类,高职(专科)批,,天津国土资源和房屋职业学院,,物理,271,76001,,,0,,,0,0
内蒙,2025,物理类,高职(专科)批,,天津城市职业学院,,物理,292,76689,,,0,,,0,0
内蒙,2025,物理类,高职(专科)批,,天津工业职业学院,,物理,325,75092,,,0,,,0,0
内蒙,2025,物理类,高职(专科)批,,天津海运职业学院,,物理,341,65192,,,0,,,0,0
内蒙,2025,物理类,高职(专科)批,,天津滨海汽车工程职业学院,,物理,252,81440,,,0,,,0,0
内蒙,2025,物理类,高职(专科)批,,天津生物工程职业技术学院,,物理,341,69773,,,0,,,0,0
内蒙,2025,物理类,高职(专科)批,,天津石油职业技术学院,,物理,344,74907,,,0,,,0,0
内蒙,2025,物理类,高职(专科)批,,天津铁道职业技术学院,,物理,357,54269,,,0,,,0,0
内蒙,2025,物理类,高职(专科)批,,威海海洋职业学院,,物理,383,66383,,,0,,,0,0
内蒙,2025,物理类,高职(专科)批,,宁夏交通职业技术学院,,物理,296,81208,,,0,,,0,0
内蒙,2025,物理类,高职(专科)批,,宁夏葡萄酒与防沙治沙职业技术学院,,物理,260,81142,,,0,,,0,0
内蒙,2025,物理类,高职(专科)批,,宜春职业技术学院,,物理,345,74158,,,0,,,0,0
内蒙,2025,物理类,高职(专科)批,,宝鸡中北职业学院,,物理,232,83527,,,0,,,0,0
内蒙,2025,物理类,高职(专科)批,,宿迁职业技术学院,,物理,267,81652,,,0,,,0,0
内蒙,2025,物理类,高职(专科)批,,山东中医药高等专科学校,,物理,387,50339,,,0,,,0,0
内蒙,2025,物理类,高职(专科)批,,山东交通职业学院,,物理,327,78083,,,0,,,0,0
内蒙,2025,物理类,高职(专科)批,,山东信息职业技术学院,,物理,343,63168,,,0,,,0,0
内蒙,2025,物理类,高职(专科)批,,山东圣翰财贸职业学院,,物理,282,82124,,,0,,,0,0
内蒙,2025,物理类,高职(专科)批,,山东工业职业学院,,物理,257,83118,,,0,,,0,0
内蒙,2025,物理类,高职(专科)批,,山东文化产业职业学院,,物理,252,79221,,,0,,,0,0
内蒙,2025,物理类,高职(专科)批,,山东电力高等专科学校,,物理,459,42207,,,0,,,0,0
内蒙,2025,物理类,高职(专科)批,,山东畜牧兽医职业学院,,物理,400,60654,,,0,,,0,0
内蒙,2025,物理类,高职(专科)批,,山东经贸职业学院,,物理,298,81053,,,0,,,0,0
内蒙,2025,物理类,高职(专科)批,,山东职业学院,,物理,389,60964,,,0,,,0,0
内蒙,2025,物理类,高职(专科)批,,山东药品食品职业学院,,物理,341,74351,,,0,,,0,0
内蒙,2025,物理类,高职(专科)批,,山东铝业职业学院,,物理,317,76001,,,0,,,0,0
内蒙,2025,物理类,高职(专科)批,,山西工程职业学院,,物理,306,75826,,,0,,,0,0
内蒙,2025,物理类,高职(专科)批,,山西管理职业学院,,物理,342,75622,,,0,,,0,0
内蒙,2025,物理类,高职(专科)批,,山西金融职业学院,,物理,367,70530,,,0,,,0,0
内蒙,2025,物理类,高职(专科)批,,岳阳职业技术学院,,物理,367,70265,,,0,,,0,0
内蒙,2025,物理类,高职(专科)批,,常州机电职业技术学院,,物理,400,58187,,,0,,,0,0
内蒙,2025,物理类,高职(专科)批,,平凉职业技术学院,,物理,329,72756,,,0,,,0,0
内蒙,2025,物理类,高职(专科)批,,广东交通职业技术学院,,物理,355,73189,,,0,,,0,0
内蒙,2025,物理类,高职(专科)批,,广东肇庆航空职业学院,,物理,246,70777,,,0,,,0,0
内蒙,2025,物理类,高职(专科)批,,广东轻工职业技术大学,,物理,401,60964,,,0,,,0,0
内蒙,2025,物理类,高职(专科)批,,广元中核职业技术学院,,物理,378,66103,,,0,,,0,0
内蒙,2025,物理类,高职(专科)批,,广州华立科技职业学院,,物理,299,80975,,,0,,,0,0
内蒙,2025,物理类,高职(专科)批,,广州城市职业学院,,物理,363,63748,,,0,,,0,0
内蒙,2025,物理类,高职(专科)批,,广州科技贸易职业学院,,物理,352,73776,,,0,,,0,0
内蒙,2025,物理类,高职(专科)批,,广州科技贸易职业学院,,"物理,化学",351,73959,,,0,,,0,0
内蒙,2025,物理类,高职(专科)批,,广州铁路职业技术学院,,物理,362,70530,,,0,,,0,0
内蒙,2025,物理类,高职(专科)批,,广西国际商务职业技术学院,,物理,288,75280,,,0,,,0,0
内蒙,2025,物理类,高职(专科)批,,广西幼儿师范高等专科学校,,物理,257,82235,,,0,,,0,0
内蒙,2025,物理类,高职(专科)批,,广西生态工程职业技术学院,,物理,244,81855,,,0,,,0,0
内蒙,2025,物理类,高职(专科)批,,广西电力职业技术学院,,物理,347,71674,,,0,,,0,0
内蒙,2025,物理类,高职(专科)批,,广西自然资源职业技术学院,,物理,235,83206,,,0,,,0,0
内蒙,2025,物理类,高职(专科)批,,张家口学院,,物理,418,46700,,,0,,,0,0
内蒙,2025,物理类,高职(专科)批,,徐州工业职业技术学院,,物理,361,71889,,,0,,,0,0
内蒙,2025,物理类,高职(专科)批,,德州工程职业学院,,物理,253,78483,,,0,,,0,0
内蒙,2025,物理类,高职(专科)批,,德州职业技术学院,,物理,260,81440,,,0,,,0,0
内蒙,2025,物理类,高职(专科)批,,德阳城市轨道交通职业学院,,物理,177,82948,,,0,,,0,0
内蒙,2025,物理类,高职(专科)批,,怀化职业技术学院,,物理,289,81517,,,0,,,0,0
内蒙,2025,物理类,高职(专科)批,,扎兰屯职业学院,,物理,202,76001,,,0,,,0,0
内蒙,2025,物理类,高职(专科)批,,承德护理职业学院,,物理,385,64062,,,0,,,0,0
内蒙,2025,物理类,高职(专科)批,,抚州医药学院,,物理,390,61601,,,0,,,0,0
内蒙,2025,物理类,高职(专科)批,,新疆和田学院,,物理,241,83415,,,0,,,0,0
内蒙,2025,物理类,高职(专科)批,,新疆和田学院,,"物理,化学",345,60009,,,0,,,0,0
内蒙,2025,物理类,高职(专科)批,,新疆和田学院,,"物理,化学,生物",225,76331,,,0,,,0,0
内蒙,2025,物理类,高职(专科)批,,新疆生产建设兵团兴新职业技术学院,,物理,289,79099,,,0,,,0,0
内蒙,2025,物理类,高职(专科)批,,新疆石河子职业技术学院,,物理,252,76170,,,0,,,0,0
内蒙,2025,物理类,高职(专科)批,,新疆职业大学,,物理,196,70530,,,0,,,0,0
内蒙,2025,物理类,高职(专科)批,,新疆警察学院,,物理,334,76001,,,0,,,0,0
内蒙,2025,物理类,高职(专科)批,,日照航海工程职业学院,,物理,284,80638,,,0,,,0,0
内蒙,2025,物理类,高职(专科)批,,昆玉职业技术学院,,物理,186,76001,,,0,,,0,0
内蒙,2025,物理类,高职(专科)批,,晋城职业技术学院,,物理,347,74718,,,0,,,0,0
内蒙,2025,物理类,高职(专科)批,,景德镇陶瓷职业技术学院,,物理,316,79430,,,0,,,0,0
内蒙,2025,物理类,高职(专科)批,,曲阜远东职业技术学院,,物理,270,80030,,,0,,,0,0
内蒙,2025,物理类,高职(专科)批,,松原职业技术学院,,物理,226,57566,,,0,,,0,0
内蒙,2025,物理类,高职(专科)批,,枣庄职业学院,,物理,287,55931,,,0,,,0,0
内蒙,2025,物理类,高职(专科)批,,柳州城市职业学院,,物理,254,77170,,,0,,,0,0
内蒙,2025,物理类,高职(专科)批,,柳州铁道职业技术学院,,物理,369,61601,,,0,,,0,0
内蒙,2025,物理类,高职(专科)批,,桂林信息工程职业学院,,物理,276,82427,,,0,,,0,0
内蒙,2025,物理类,高职(专科)批,,桂林师范学院,,物理,282,75826,,,0,,,0,0
内蒙,2025,物理类,高职(专科)批,,桂林生命与健康职业技术学院,,物理,276,77934,,,0,,,0,0
内蒙,2025,物理类,高职(专科)批,,榆林职业技术学院,,物理,284,82020,,,0,,,0,0
内蒙,2025,物理类,高职(专科)批,,榆林能源科技职业学院,,物理,327,78083,,,0,,,0,0
内蒙,2025,物理类,高职(专科)批,,武汉交通职业学院,,物理,304,78349,,,0,,,0,0
内蒙,2025,物理类,高职(专科)批,,武汉工商学院,,物理,198,78219,,,0,,,0,0
内蒙,2025,物理类,高职(专科)批,,武汉民政职业学院,,物理,336,74158,,,0,,,0,0
内蒙,2025,物理类,高职(专科)批,,武汉电力职业技术学院,,物理,391,53969,,,0,,,0,0
内蒙,2025,物理类,高职(专科)批,,武汉纺织大学外经贸学院,,物理,346,74907,,,0,,,0,0
内蒙,2025,物理类,高职(专科)批,,武汉船舶职业技术学院,,物理,378,66658,,,0,,,0,0
内蒙,2025,物理类,高职(专科)批,,武汉铁路职业技术学院,,物理,366,57211,,,0,,,0,0
内蒙,2025,物理类,高职(专科)批,,民政职业大学,,物理,341,58500,,,0,,,0,0
内蒙,2025,物理类,高职(专科)批,,民政职业大学,,"物理,化学",373,69041,,,0,,,0,0
内蒙,2025,物理类,高职(专科)批,,汉中职业技术学院,,物理,371,68264,,,0,,,0,0
内蒙,2025,物理类,高职(专科)批,,江苏海事职业技术学院,,物理,377,68019,,,0,,,0,0
内蒙,2025,物理类,高职(专科)批,,江苏电子信息职业学院,,物理,355,72553,,,0,,,0,0
内蒙,2025,物理类,高职(专科)批,,江苏航空职业技术学院,,物理,389,63168,,,0,,,0,0
内蒙,2025,物理类,高职(专科)批,,江苏财经职业技术学院,,物理,346,71006,,,0,,,0,0
内蒙,2025,物理类,高职(专科)批,,江西婺源茶业职业学院,,物理,324,78483,,,0,,,0,0
内蒙,2025,物理类,高职(专科)批,,江西工程职业学院,,物理,346,74907,,,0,,,0,0
内蒙,2025,物理类,高职(专科)批,,江西师范高等专科学校,,物理,283,79625,,,0,,,0,0
内蒙,2025,物理类,高职(专科)批,,江西建设职业技术学院,,物理,223,75280,,,0,,,0,0
内蒙,2025,物理类,高职(专科)批,,江西新能源科技职业学院,,物理,244,79721,,,0,,,0,0
内蒙,2025,物理类,高职(专科)批,,江西环境工程职业学院,,物理,305,78606,,,0,,,0,0
内蒙,2025,物理类,高职(专科)批,,江西职业技术大学,,物理,347,69287,,,0,,,0,0
内蒙,2025,物理类,高职(专科)批,,江西航空职业技术学院,,物理,357,72317,,,0,,,0,0
内蒙,2025,物理类,高职(专科)批,,沈阳工学院,,物理,323,77322,,,0,,,0,0
内蒙,2025,物理类,高职(专科)批,,沈阳职业技术学院,,物理,320,66658,,,0,,,0,0
内蒙,2025,物理类,高职(专科)批,,沧州医学高等专科学校,,物理,402,56591,,,0,,,0,0
内蒙,2025,物理类,高职(专科)批,,河北交通职业技术学院,,物理,333,77170,,,0,,,0,0
内蒙,2025,物理类,高职(专科)批,,河北劳动关系职业学院,,物理,259,81377,,,0,,,0,0
内蒙,2025,物理类,高职(专科)批,,河北化工医药职业技术学院,,物理,361,71453,,,0,,,0,0
内蒙,2025,物理类,高职(专科)批,,河北机电职业技术学院,,物理,348,66383,,,0,,,0,0
内蒙,2025,物理类,高职(专科)批,,河北正定师范高等专科学校,,物理,299,80975,,,0,,,0,0
内蒙,2025,物理类,高职(专科)批,,河北石油职业技术大学,,物理,376,68264,,,0,,,0,0
内蒙,2025,物理类,高职(专科)批,,河北科技工程职业技术大学,,物理,312,77786,,,0,,,0,0
内蒙,2025,物理类,高职(专科)批,,河北资源环境职业技术学院,,物理,268,82235,,,0,,,0,0
内蒙,2025,物理类,高职(专科)批,,河北轨道运输职业技术学院,,物理,412,45695,,,0,,,0,0
内蒙,2025,物理类,高职(专科)批,,河南农业职业学院,,物理,380,67212,,,0,,,0,0
内蒙,2025,物理类,高职(专科)批,,河南地矿职业学院,,物理,325,73584,,,0,,,0,0
内蒙,2025,物理类,高职(专科)批,,河南工业和信息化职业学院,,物理,344,75092,,,0,,,0,0
内蒙,2025,物理类,高职(专科)批,,河南测绘职业学院,,物理,313,77322,,,0,,,0,0
内蒙,2025,物理类,高职(专科)批,,河南轻工职业学院,,物理,334,74718,,,0,,,0,0
内蒙,2025,物理类,高职(专科)批,,泉州海洋职业学院,,物理,295,75446,,,0,,,0,0
内蒙,2025,物理类,高职(专科)批,,泰山科技学院,,物理,282,77934,,,0,,,0,0
内蒙,2025,物理类,高职(专科)批,,泸州医疗器械职业学院,,物理,330,77638,,,0,,,0,0
内蒙,2025,物理类,高职(专科)批,,济南工程职业技术学院,,物理,297,78733,,,0,,,0,0
内蒙,2025,物理类,高职(专科)批,,济南护理职业学院,,物理,397,62261,,,0,,,0,0
内蒙,2025,物理类,高职(专科)批,,济宁职业技术学院,,物理,380,67212,,,0,,,0,0
内蒙,2025,物理类,高职(专科)批,,济源职业技术学院,,物理,245,82020,,,0,,,0,0
内蒙,2025,物理类,高职(专科)批,,浙江商业职业技术学院,,物理,350,59699,,,0,,,0,0
内蒙,2025,物理类,高职(专科)批,,浙江工商职业技术学院,,物理,356,65812,,,0,,,0,0
内蒙,2025,物理类,高职(专科)批,,浙江机电职业技术大学,,物理,397,53661,,,0,,,0,0
内蒙,2025,物理类,高职(专科)批,,浙江经贸职业技术学院,,物理,363,60654,,,0,,,0,0
内蒙,2025,物理类,高职(专科)批,,海南东方新丝路职业学院,,物理,270,81293,,,0,,,0,0
内蒙,2025,物理类,高职(专科)批,,海南科技职业大学,,物理,249,83284,,,0,,,0,0
内蒙,2025,物理类,高职(专科)批,,淄博职业技术大学,,物理,338,70530,,,0,,,0,0
内蒙,2025,物理类,高职(专科)批,,渤海理工职业学院,,物理,303,80638,,,0,,,0,0
内蒙,2025,物理类,高职(专科)批,,渭南职业技术学院,,物理,344,72756,,,0,,,0,0
内蒙,2025,物理类,高职(专科)批,,湖北三峡职业技术学院,,物理,220,82567,,,0,,,0,0
内蒙,2025,物理类,高职(专科)批,,湖北国土资源职业学院,,物理,328,75446,,,0,,,0,0
内蒙,2025,物理类,高职(专科)批,,湖北工程职业学院,,物理,367,70530,,,0,,,0,0
内蒙,2025,物理类,高职(专科)批,,湖北生态工程职业技术学院,,物理,308,75446,,,0,,,0,0
内蒙,2025,物理类,高职(专科)批,,湖北生物科技职业学院,,物理,353,72317,,,0,,,0,0
内蒙,2025,物理类,高职(专科)批,,湖北财税职业学院,,物理,376,66658,,,0,,,0,0
内蒙,2025,物理类,高职(专科)批,,湖南交通职业技术学院,,物理,333,77170,,,0,,,0,0
内蒙,2025,物理类,高职(专科)批,,湖南商务职业技术学院,,物理,272,79430,,,0,,,0,0
内蒙,2025,物理类,高职(专科)批,,湖南大众传媒职业技术学院,,物理,340,76001,,,0,,,0,0
内蒙,2025,物理类,高职(专科)批,,湖南机电职业技术学院,,物理,355,71674,,,0,,,0,0
内蒙,2025,物理类,高职(专科)批,,湖南民族职业学院,,物理,330,77638,,,0,,,0,0
内蒙,2025,物理类,高职(专科)批,,湖南水利水电职业技术学院,,物理,339,73776,,,0,,,0,0
内蒙,2025,物理类,高职(专科)批,,湖南石油化工职业技术学院,,物理,354,73374,,,0,,,0,0
内蒙,2025,物理类,高职(专科)批,,湖南财经工业职业技术学院,,物理,354,73374,,,0,,,0,0
内蒙,2025,物理类,高职(专科)批,,湖南高速铁路职业技术学院,,物理,383,62261,,,0,,,0,0
内蒙,2025,物理类,高职(专科)批,,湘潭医卫职业技术学院,,物理,392,63748,,,0,,,0,0
内蒙,2025,物理类,高职(专科)批,,满洲里俄语职业学院,,物理,225,80975,,,0,,,0,0
内蒙,2025,物理类,高职(专科)批,,漯河医学高等专科学校,,物理,331,55303,,,0,,,0,0
内蒙,2025,物理类,高职(专科)批,,潍坊工商职业学院,,物理,313,79721,,,0,,,0,0
内蒙,2025,物理类,高职(专科)批,,濮阳医学高等专科学校,,物理,367,69539,,,0,,,0,0
内蒙,2025,物理类,高职(专科)批,,濮阳石油化工职业技术学院,,物理,291,77934,,,0,,,0,0
内蒙,2025,物理类,高职(专科)批,,濮阳职业技术学院,,物理,318,78083,,,0,,,0,0
内蒙,2025,物理类,高职(专科)批,,烟台工程职业技术学院,,物理,272,80397,,,0,,,0,0
内蒙,2025,物理类,高职(专科)批,,烟台汽车工程职业学院,,物理,316,76513,,,0,,,0,0
内蒙,2025,物理类,高职(专科)批,,烟台黄金职业学院,,物理,206,83397,,,0,,,0,0
内蒙,2025,物理类,高职(专科)批,,甘肃交通职业技术学院,,物理,343,75446,,,0,,,0,0
内蒙,2025,物理类,高职(专科)批,,甘肃建筑职业技术学院,,物理,237,82124,,,0,,,0,0
内蒙,2025,物理类,高职(专科)批,,甘肃有色冶金职业技术学院,,物理,345,75092,,,0,,,0,0
内蒙,2025,物理类,高职(专科)批,,甘肃林业职业技术大学,,物理,288,72317,,,0,,,0,0
内蒙,2025,物理类,高职(专科)批,,甘肃畜牧工程职业技术学院,,物理,290,78858,,,0,,,0,0
内蒙,2025,物理类,高职(专科)批,,白城医学高等专科学校,,物理,407,58187,,,0,,,0,0
内蒙,2025,物理类,高职(专科)批,,白城职业技术学院,,物理,323,78606,,,0,,,0,0
内蒙,2025,物理类,高职(专科)批,,白银矿冶职业技术学院,,物理,243,76689,,,0,,,0,0
内蒙,2025,物理类,高职(专科)批,,益阳医学高等专科学校,,物理,367,58187,,,0,,,0,0
内蒙,2025,物理类,高职(专科)批,,石嘴山工贸职业技术学院,,物理,192,76513,,,0,,,0,0
内蒙,2025,物理类,高职(专科)批,,石家庄人民医学高等专科学校,,物理,370,69773,,,0,,,0,0
内蒙,2025,物理类,高职(专科)批,,石家庄工商职业学院,,物理,295,81142,,,0,,,0,0
内蒙,2025,物理类,高职(专科)批,,石家庄幼儿师范高等专科学校,,物理,334,76991,,,0,,,0,0
内蒙,2025,物理类,高职(专科)批,,石家庄科技信息职业学院,,物理,300,76689,,,0,,,0,0
内蒙,2025,物理类,高职(专科)批,,石家庄邮电职业技术学院,,物理,387,45095,,,0,,,0,0
内蒙,2025,物理类,高职(专科)批,,石河子工程职业技术学院,,物理,320,78975,,,0,,,0,0
内蒙,2025,物理类,高职(专科)批,,绵阳飞行职业学院,,物理,225,83472,,,0,,,0,0
内蒙,2025,物理类,高职(专科)批,,苏州工业职业技术学院,,物理,367,70023,,,0,,,0,0
内蒙,2025,物理类,高职(专科)批,,苏州百年职业学院,,物理,268,79625,,,0,,,0,0
内蒙,2025,物理类,高职(专科)批,,苏州高博职业学院,,物理,263,78606,,,0,,,0,0
内蒙,2025,物理类,高职(专科)批,,莱芜职业技术学院,,物理,341,74718,,,0,,,0,0
内蒙,2025,物理类,高职(专科)批,,衡水职业技术学院,,物理,374,68766,,,0,,,0,0
内蒙,2025,物理类,高职(专科)批,,襄阳职业技术学院,,物理,441,48019,,,0,,,0,0
内蒙,2025,物理类,高职(专科)批,,西南交通大学希望学院,,物理,304,76170,,,0,,,0,0
内蒙,2025,物理类,高职(专科)批,,西安医学高等专科学校,,物理,403,60309,,,0,,,0,0
内蒙,2025,物理类,高职(专科)批,,西安汽车职业大学,,物理,249,73776,,,0,,,0,0
内蒙,2025,物理类,高职(专科)批,,西安海棠职业学院,,物理,228,80133,,,0,,,0,0
内蒙,2025,物理类,高职(专科)批,,西安航空职业技术学院,,物理,388,64361,,,0,,,0,0
内蒙,2025,物理类,高职(专科)批,,西安航空职业技术学院,,"物理,化学",397,59392,,,0,,,0,0
内蒙,2025,物理类,高职(专科)批,,西藏职业技术学院,,"物理,化学",273,82567,,,0,,,0,0
内蒙,2025,物理类,高职(专科)批,,贵州工商职业学院,,物理,206,79625,,,0,,,0,0
内蒙,2025,物理类,高职(专科)批,,贵州应用技术职业学院,,物理,267,82808,,,0,,,0,0
内蒙,2025,物理类,高职(专科)批,,贵州民用航空职业学院,,物理,314,79625,,,0,,,0,0
内蒙,2025,物理类,高职(专科)批,,赤峰工业职业技术学院,,物理,174,77638,,,0,,,0,0
内蒙,2025,物理类,高职(专科)批,,赤峰应用技术职业学院,,物理,199,79430,,,0,,,0,0
内蒙,2025,物理类,高职(专科)批,,辽宁传媒学院,,物理,230,81976,,,0,,,0,0
内蒙,2025,物理类,高职(专科)批,,辽宁何氏医学院,,物理,248,81718,,,0,,,0,0
内蒙,2025,物理类,高职(专科)批,,辽宁农业职业技术学院,,物理,288,76331,,,0,,,0,0
内蒙,2025,物理类,高职(专科)批,,辽宁医药职业学院,,物理,367,64921,,,0,,,0,0
内蒙,2025,物理类,高职(专科)批,,辽宁地质工程职业学院,,物理,350,72087,,,0,,,0,0
内蒙,2025,物理类,高职(专科)批,,辽宁工程职业学院,,物理,317,77638,,,0,,,0,0
内蒙,2025,物理类,高职(专科)批,,辽宁建筑职业学院,,物理,225,80551,,,0,,,0,0
内蒙,2025,物理类,高职(专科)批,,辽宁民族师范高等专科学校,,物理,290,78975,,,0,,,0,0
内蒙,2025,物理类,高职(专科)批,,辽宁现代服务职业技术学院,,物理,210,71889,,,0,,,0,0
内蒙,2025,物理类,高职(专科)批,,辽宁生态工程职业学院,,物理,231,78733,,,0,,,0,0
内蒙,2025,物理类,高职(专科)批,,辽宁经济职业技术学院,,物理,302,75446,,,0,,,0,0
内蒙,2025,物理类,高职(专科)批,,辽宁职业学院,,物理,348,74158,,,0,,,0,0
内蒙,2025,物理类,高职(专科)批,,辽宁装备制造职业技术学院,,物理,339,73189,,,0,,,0,0
内蒙,2025,物理类,高职(专科)批,,辽宁轨道交通职业学院,,物理,374,61913,,,0,,,0,0
内蒙,2025,物理类,高职(专科)批,,辽宁轻工职业学院,,物理,310,61601,,,0,,,0,0
内蒙,2025,物理类,高职(专科)批,,辽宁金融职业学院,,物理,371,66103,,,0,,,0,0
内蒙,2025,物理类,高职(专科)批,,辽宁铁道职业技术学院,,物理,371,35426,,,0,,,0,0
内蒙,2025,物理类,高职(专科)批,,运城师范高等专科学校,,物理,307,79522,,,0,,,0,0
内蒙,2025,物理类,高职(专科)批,,运城护理职业学院,,物理,392,63748,,,0,,,0,0
内蒙,2025,物理类,高职(专科)批,,通化医药健康职业学院,,物理,348,73189,,,0,,,0,0
内蒙,2025,物理类,高职(专科)批,,邢台新能源职业学院,,物理,230,83550,,,0,,,0,0
内蒙,2025,物理类,高职(专科)批,,郑州健康学院,,物理,369,69041,,,0,,,0,0
内蒙,2025,物理类,高职(专科)批,,郑州电力高等专科学校,,物理,388,64062,,,0,,,0,0
内蒙,2025,物理类,高职(专科)批,,鄂尔多斯生态环境职业学院,,物理,163,71006,,,0,,,0,0
内蒙,2025,物理类,高职(专科)批,,鄂尔多斯职业学院,,物理,184,73374,,,0,,,0,0
内蒙,2025,物理类,高职(专科)批,,酒泉职业技术大学,,物理,280,82235,,,0,,,0,0
内蒙,2025,物理类,高职(专科)批,,重庆三峡医药高等专科学校,,物理,397,46038,,,0,,,0,0
内蒙,2025,物理类,高职(专科)批,,重庆三峡职业学院,,物理,342,75622,,,0,,,0,0
内蒙,2025,物理类,高职(专科)批,,重庆信息技术职业学院,,物理,260,76331,,,0,,,0,0
内蒙,2025,物理类,高职(专科)批,,重庆化工职业学院,,物理,346,74718,,,0,,,0,0
内蒙,2025,物理类,高职(专科)批,,重庆商务职业学院,,物理,358,69287,,,0,,,0,0
内蒙,2025,物理类,高职(专科)批,,重庆工商职业学院,,物理,344,73189,,,0,,,0,0
内蒙,2025,物理类,高职(专科)批,,重庆水利电力职业技术学院,,物理,353,71889,,,0,,,0,0
内蒙,2025,物理类,高职(专科)批,,重庆海联职业技术学院,,物理,300,75092,,,0,,,0,0
内蒙,2025,物理类,高职(专科)批,,重庆现代制造职业学院,,物理,240,81142,,,0,,,0,0
内蒙,2025,物理类,高职(专科)批,,重庆科技职业学院,,物理,297,77934,,,0,,,0,0
内蒙,2025,物理类,高职(专科)批,,重庆航天职业技术学院,,物理,379,66658,,,0,,,0,0
内蒙,2025,物理类,高职(专科)批,,重庆财经职业学院,,物理,352,70530,,,0,,,0,0
内蒙,2025,物理类,高职(专科)批,,重庆轻工职业学院,,物理,213,83663,,,0,,,0,0
内蒙,2025,物理类,高职(专科)批,,重庆青年职业技术学院,,物理,351,73959,,,0,,,0,0
内蒙,2025,物理类,高职(专科)批,,金肯职业技术学院,,物理,204,83701,,,0,,,0,0
内蒙,2025,物理类,高职(专科)批,,铁岭卫生职业学院,,物理,335,73374,,,0,,,0,0
内蒙,2025,物理类,高职(专科)批,,铁岭师范高等专科学校,,物理,249,77638,,,0,,,0,0
内蒙,2025,物理类,高职(专科)批,,铜仁职业技术大学,,物理,343,70265,,,0,,,0,0
内蒙,2025,物理类,高职(专科)批,,铜川职业技术学院,,物理,225,80133,,,0,,,0,0
内蒙,2025,物理类,高职(专科)批,,银川科技学院,,物理,274,82510,,,0,,,0,0
内蒙,2025,物理类,高职(专科)批,,长春信息技术职业学院,,物理,178,81917,,,0,,,0,0
内蒙,2025,物理类,高职(专科)批,,长春健康职业学院,,物理,283,74526,,,0,,,0,0
内蒙,2025,物理类,高职(专科)批,,长春师范高等专科学校,,物理,326,77479,,,0,,,0,0
内蒙,2025,物理类,高职(专科)批,,长沙电力职业技术学院,,物理,393,53326,,,0,,,0,0
内蒙,2025,物理类,高职(专科)批,,长白山职业技术学院,,物理,282,81855,,,0,,,0,0
内蒙,2025,物理类,高职(专科)批,,阜新高等专科学校,,物理,293,80030,,,0,,,0,0
内蒙,2025,物理类,高职(专科)批,,阿克苏工业职业技术学院,,物理,268,73776,,,0,,,0,0
内蒙,2025,物理类,高职(专科)批,,阿克苏职业技术学院,,物理,277,79625,,,0,,,0,0
内蒙,2025,物理类,高职(专科)批,,阿克苏职业技术学院,,"物理,化学",261,82235,,,0,,,0,0
内蒙,2025,物理类,高职(专科)批,,阿拉善职业技术学院,,物理,214,81293,,,0,,,0,0
内蒙,2025,物理类,高职(专科)批,,陕西交通职业技术学院,,物理,357,66940,,,0,,,0,0
内蒙,2025,物理类,高职(专科)批,,陕西国防工业职业技术学院,,物理,381,64361,,,0,,,0,0
内蒙,2025,物理类,高职(专科)批,,陕西航空职业技术学院,,物理,384,64921,,,0,,,0,0
内蒙,2025,物理类,高职(专科)批,,陕西财经职业技术学院,,物理,386,65514,,,0,,,0,0
内蒙,2025,物理类,高职(专科)批,,陕西邮电职业技术学院,,物理,334,73959,,,0,,,0,0
内蒙,2025,物理类,高职(专科)批,,青岛恒星科技学院,,物理,242,83373,,,0,,,0,0
内蒙,2025,物理类,高职(专科)批,,青岛航空科技职业学院,,物理,303,80133,,,0,,,0,0
内蒙,2025,物理类,高职(专科)批,,鹤壁职业技术学院,,物理,323,78606,,,0,,,0,0
内蒙,2025,物理类,高职(专科)批,,黑龙江农业职业技术学院,,物理,341,73374,,,0,,,0,0
内蒙,2025,物理类,高职(专科)批,,黑龙江幼儿师范高等专科学校,,物理,265,82470,,,0,,,0,0
内蒙,2025,物理类,高职(专科)批,,黑龙江护理高等专科学校,,物理,364,66940,,,0,,,0,0
内蒙,2025,物理类,高职(专科)批,,黑龙江旅游职业技术学院,,物理,203,78083,,,0,,,0,0
内蒙,2025,物理类,高职(专科)批,,黑龙江民族职业学院,,物理,299,70777,,,0,,,0,0
内蒙,2025,物理类,高职(专科)批,,黑龙江生态工程职业学院,,物理,275,82470,,,0,,,0,0
内蒙,2025,物理类,高职(专科)批,,黑龙江能源职业学院,,物理,250,80721,,,0,,,0,0
内蒙,2025,物理类,高职(专科)批,,齐齐哈尔理工职业学院,,物理,258,83093,,,0,,,0,0
内蒙,2025,物理类,高职(专科)提前批,146,江西水利电力大学,,物理,367,70023,,,0,,,0,0
内蒙,2025,物理类,高职(专科)提前批,178,湖北交通职业技术学院,,物理,353,70265,,,0,,,0,0
内蒙,2025,物理类,高职(专科)提前批,215,威海职业学院,,物理,375,60309,,,0,,,0,0
内蒙,2025,物理类,高职(专科)提前批,230,成都航空职业技术大学,,物理,398,56914,,,0,,,0,0
内蒙,2025,物理类,高职(专科)提前批,355,黑龙江司法警官职业学院,,物理,399,29211,,,0,,,0,0
内蒙,2025,物理类,高职(专科)提前批,397,武昌职业学院,,物理,357,72756,,,0,,,0,0
内蒙,2025,物理类,高职(专科)提前批,420,长沙航空职业技术学院,,物理,413,46038,,,0,,,0,0
内蒙,2025,物理类,高职(专科)提前批,434,张家界航空工业职业技术学院,,物理,396,57566,,,0,,,0,0
内蒙,2025,物理类,高职(专科)提前批,648,延安职业技术学院,,物理,364,69773,,,0,,,0,0
内蒙,2025,物理类,高职(专科)提前批,731,滨州职业学院,,物理,373,66940,,,0,,,0,0
内蒙,2025,物理类,高职(专科)提前批,773,内蒙古警察学院,,"物理,化学",396,8198,,,0,,,0,0
内蒙,2025,物理类,高职(专科)提前批,773,内蒙古警察学院,,"物理,政治",293,9219,,,0,,,0,0
内蒙,2025,物理类,高职(专科)提前批,816,辽宁省交通高等专科学校,,物理,362,69539,,,0,,,0,0
内蒙,2025,物理类,高职(专科)提前批,829,长春职业技术大学,,物理,345,74907,,,0,,,0,0
内蒙,2025,物理类,高职(专科)提前批,,兰州资源环境职业技术大学,,物理,356,69539,,,0,,,0,0
内蒙,2025,物理类,高职(专科)提前批,,北京科技职业大学,,物理,446,43816,,,0,,,0,0
内蒙,2025,物理类,高职(专科)提前批,,吉林司法警官职业学院,,物理,429,25793,,,0,,,0,0
内蒙,2025,物理类,高职(专科)提前批,,四川司法警官职业学院,,物理,389,51337,,,0,,,0,0
内蒙,2025,物理类,高职(专科)提前批,,四川邮电职业技术学院,,物理,357,70777,,,0,,,0,0
内蒙,2025,物理类,高职(专科)提前批,,山东信息职业技术学院,,物理,374,65192,,,0,,,0,0
内蒙,2025,物理类,高职(专科)提前批,,新疆石河子职业技术学院,,物理,365,69041,,,0,,,0,0
内蒙,2025,物理类,高职(专科)提前批,,武汉交通职业学院,,物理,375,60009,,,0,,,0,0
内蒙,2025,物理类,高职(专科)提前批,,江西航空职业技术学院,,物理,353,66383,,,0,,,0,0
内蒙,2025,物理类,高职(专科)提前批,,河南交通职业技术学院,,物理,358,26090,,,0,,,0,0
内蒙,2025,物理类,高职(专科)提前批,,泰山职业技术学院,,物理,362,66383,,,0,,,0,0
内蒙,2025,物理类,高职(专科)提前批,,浙江警官职业学院,,物理,449,18326,,,0,,,0,0
内蒙,2025,物理类,高职(专科)提前批,,湖南体育职业学院,,物理,348,73584,,,0,,,0,0
内蒙,2025,物理类,高职(专科)提前批,,湖南国防工业职业技术学院,,物理,388,60009,,,0,,,0,0
内蒙,2025,物理类,高职(专科)提前批,,湖南汽车工程职业大学,,物理,310,72317,,,0,,,0,0
内蒙,2025,物理类,高职(专科)提前批,,潍坊工程职业学院,,物理,349,73374,,,0,,,0,0
内蒙,2025,物理类,高职(专科)提前批,,西安航空职业技术学院,,物理,407,53326,,,0,,,0,0
内蒙,2025,物理类,高职(专科)提前批,,西安航空职业技术学院,,"物理,化学",445,46700,,,0,,,0,0
内蒙,2025,物理类,高职(专科)提前批,,重庆医药高等专科学校,,物理,385,20815,,,0,,,0,0
内蒙,2025,物理类,高职(专科)提前批,,重庆航天职业技术学院,,物理,389,63446,,,0,,,0,0
