province,year,category,batch,university_code,university_name,major_group,subject_req,min_score,min_rank,control_score,score_diff,admit_count,school_province,school_nature,is_985,is_211
浙江,2025,综合,普通类一段,1,浙江大学,,不限,668,459,,,0,浙江,公办,1,1
浙江,2025,综合,普通类一段,1,浙江大学,,物理、化学(2科必选),658,202,,,0,浙江,公办,1,1
浙江,2025,综合,普通类一段,10,浙江海洋大学,,不限,587,54663,,,0,浙江,公办,0,0
浙江,2025,综合,普通类一段,10,浙江海洋大学,,历史必选,595,57782,,,0,浙江,公办,0,0
浙江,2025,综合,普通类一段,10,浙江海洋大学,,物理、化学(2科必选),557,73793,,,0,浙江,公办,0,0
浙江,2025,综合,普通类一段,10,浙江海洋大学,,物理必选,573,83500,,,0,浙江,公办,0,0
浙江,2025,综合,普通类一段,10,浙江海洋大学,,生物必选,584,71253,,,0,浙江,公办,0,0
浙江,2025,综合,普通类一段,101,浙江农林大学暨阳学院,,不限,544,95935,,,0,浙江,民办,0,0
浙江,2025,综合,普通类一段,101,浙江农林大学暨阳学院,,地理必选,551,110303,,,0,浙江,民办,0,0
浙江,2025,综合,普通类一段,101,浙江农林大学暨阳学院,,物理、化学(2科必选),501,150878,,,0,浙江,民办,0,0
浙江,2025,综合,普通类一段,101,浙江农林大学暨阳学院,,物理必选,499,166368,,,0,浙江,民办,0,0
浙江,2025,综合,普通类一段,101,浙江农林大学暨阳学院,,生物必选,544,119413,,,0,浙江,民办,0,0
浙江,2025,综合,普通类一段,106,浙江同济科技职业学院,,不限,490,163337,,,0,浙江,公办,0,0
浙江,2025,综合,普通类一段,11,浙江农林大学,,不限,594,37066,,,0,浙江,公办,0,0
浙江,2025,综合,普通类一段,11,浙江农林大学,,地理必选,600,52085,,,0,浙江,公办,0,0
浙江,2025,综合,普通类一段,11,浙江农林大学,,物理、化学(2科必选),560,49354,,,0,浙江,公办,0,0
浙江,2025,综合,普通类一段,11,浙江农林大学,,物理必选,580,73837,,,0,浙江,公办,0,0
浙江,2025,综合,普通类一段,11,浙江农林大学,,生物必选,596,56347,,,0,浙江,公办,0,0
浙江,2025,综合,普通类一段,1102,北京城市学院,,不限,504,87443,,,0,北京,民办,0,0
浙江,2025,综合,普通类一段,1102,北京城市学院,,物理、化学(2科必选),501,144046,,,0,北京,民办,0,0
浙江,2025,综合,普通类一段,1103,北京大学,,不限,701,24,,,0,北京,公办,1,1
浙江,2025,综合,普通类一段,1103,北京大学,,物理、化学(2科必选),700,5,,,0,北京,公办,1,1
浙江,2025,综合,普通类一段,1104,北京大学医学部,,不限,691,397,,,0,北京,公办,1,1
浙江,2025,综合,普通类一段,1104,北京大学医学部,,物理、化学(2科必选),693,41,,,0,北京,公办,1,1
浙江,2025,综合,普通类一段,1105,北京第二外国语学院,,不限,605,16970,,,0,北京,公办,0,0
浙江,2025,综合,普通类一段,1105,北京第二外国语学院,,地理必选,617,34500,,,0,北京,公办,0,0
浙江,2025,综合,普通类一段,1105,北京第二外国语学院,,思想政治必选,625,21092,,,0,北京,公办,0,0
浙江,2025,综合,普通类一段,1106,北京第二外国语学院中瑞酒店管理学院,,不限,517,148077,,,0,北京,民办,0,0
浙江,2025,综合,普通类一段,1107,北京电影学院,,不限,622,15848,,,0,北京,公办,0,0
浙江,2025,综合,普通类一段,1107,北京电影学院,,物理、化学(2科必选),636,19206,,,0,北京,公办,0,0
浙江,2025,综合,普通类一段,1107,北京电影学院,,物理必选,609,42015,,,0,北京,公办,0,0
浙江,2025,综合,普通类一段,1109,北京科技职业大学,,不限,490,155436,,,0,北京,公办,0,0
浙江,2025,综合,普通类一段,1109,北京科技职业大学,,物理必选,491,182479,,,0,北京,公办,0,0
浙江,2025,综合,普通类一段,111,浙江国际海运职业技术学院,,不限,490,184372,,,0,浙江,公办,0,0
浙江,2025,综合,普通类一段,111,浙江国际海运职业技术学院,,物理必选,490,184372,,,0,浙江,公办,0,0
浙江,2025,综合,普通类一段,1110,北京服装学院,,物理、化学(2科必选),584,59515,,,0,北京,公办,0,0
浙江,2025,综合,普通类一段,1111,北京工商大学,,不限,600,34646,,,0,北京,公办,0,0
浙江,2025,综合,普通类一段,1111,北京工商大学,,物理、化学(2科必选),581,41074,,,0,北京,公办,0,0
浙江,2025,综合,普通类一段,1111,北京工商大学,,物理必选,604,47540,,,0,北京,公办,0,0
浙江,2025,综合,普通类一段,1112,北京金融科技学院,,不限,519,140801,,,0,北京,民办,0,0
浙江,2025,综合,普通类一段,1112,北京金融科技学院,,物理、化学(2科必选),490,183998,,,0,北京,民办,0,0
浙江,2025,综合,普通类一段,1113,北京工业大学,,物理、化学(2科必选),628,12592,,,0,北京,公办,0,1
浙江,2025,综合,普通类一段,1113,北京工业大学,,物理必选,624,28035,,,0,北京,公办,0,1
浙江,2025,综合,普通类一段,1114,北京工业大学耿丹学院,,不限,529,115451,,,0,北京,民办,0,0
浙江,2025,综合,普通类一段,1114,北京工业大学耿丹学院,,物理、化学(2科必选),490,174500,,,0,北京,民办,0,0
浙江,2025,综合,普通类一段,1114,北京工业大学耿丹学院,,物理必选,490,184372,,,0,北京,民办,0,0
浙江,2025,综合,普通类一段,1117,北京化工大学,,不限,639,11750,,,0,北京,公办,0,1
浙江,2025,综合,普通类一段,1117,北京化工大学,,物理、化学(2科必选),611,14746,,,0,北京,公办,0,1
浙江,2025,综合,普通类一段,1118,北京汇佳职业学院,,不限,490,184372,,,0,北京,民办,0,0
浙江,2025,综合,普通类一段,1119,吉利学院,,不限,533,124693,,,0,四川,民办,0,0
浙江,2025,综合,普通类一段,1119,吉利学院,,物理、化学(2科必选),492,177147,,,0,四川,民办,0,0
浙江,2025,综合,普通类一段,1119,吉利学院,,物理必选,490,184372,,,0,四川,民办,0,0
浙江,2025,综合,普通类一段,112,宁波卫生职业技术学院,,不限,495,128629,,,0,浙江,公办,0,0
浙江,2025,综合,普通类一段,1121,北京交通大学,,不限,633,10423,,,0,北京,公办,0,1
浙江,2025,综合,普通类一段,1121,北京交通大学,,物理、化学(2科必选),614,8473,,,0,北京,公办,0,1
浙江,2025,综合,普通类一段,1121,北京交通大学,,物理必选,639,16893,,,0,北京,公办,0,1
浙江,2025,综合,普通类一段,1121,北京交通大学（威海校区）,,不限,633,19758,,,10,山东,中外合作办学,0,1
浙江,2025,综合,普通类一段,1121,北京交通大学（威海校区）,,物理、化学(2科必选),614,17530,,,14,山东,中外合作办学,0,1
浙江,2025,综合,普通类一段,1123,北京科技大学,,不限,645,10751,,,0,北京,公办,0,1
浙江,2025,综合,普通类一段,1123,北京科技大学,,物理、化学(2科必选),643,8381,,,0,北京,公办,0,1
浙江,2025,综合,普通类一段,1123,北京科技大学,,物理必选,645,13555,,,0,北京,公办,0,1
浙江,2025,综合,普通类一段,1125,北京科技职业学院,,不限,490,184372,,,0,北京,民办,0,0
浙江,2025,综合,普通类一段,1127,北京理工大学,,不限,656,8499,,,0,北京,公办,1,1
浙江,2025,综合,普通类一段,1127,北京理工大学,,物理、化学(2科必选),652,2184,,,0,北京,公办,1,1
浙江,2025,综合,普通类一段,1128,北京林业大学,,不限,638,10317,,,0,北京,公办,0,1
浙江,2025,综合,普通类一段,1128,北京林业大学,,地理必选,642,13514,,,0,北京,公办,0,1
浙江,2025,综合,普通类一段,1128,北京林业大学,,物理、化学(2科必选),600,16492,,,0,北京,公办,0,1
浙江,2025,综合,普通类一段,1128,北京林业大学,,物理必选,631,18848,,,0,北京,公办,0,1
浙江,2025,综合,普通类一段,1128,北京林业大学,,生物必选,636,19319,,,0,北京,公办,0,1
浙江,2025,综合,普通类一段,113,宁波城市职业技术学院,,不限,490,174146,,,0,浙江,公办,0,0
浙江,2025,综合,普通类一段,1130,北京师范大学,,不限,661,4219,,,0,北京,公办,1,1
浙江,2025,综合,普通类一段,1130,北京师范大学,,物理、化学(2科必选),658,3831,,,0,北京,公办,1,1
浙江,2025,综合,普通类一段,1131,北京石油化工学院,,不限,573,77085,,,0,北京,公办,0,0
浙江,2025,综合,普通类一段,1131,北京石油化工学院,,物理、化学(2科必选),550,95669,,,0,北京,公办,0,0
浙江,2025,综合,普通类一段,1132,北京体育大学,,不限,589,10240,,,0,北京,公办,0,1
浙江,2025,综合,普通类一段,1132,北京体育大学,,物理、化学(2科必选),631,22981,,,0,北京,公办,0,1
浙江,2025,综合,普通类一段,1132,北京体育大学,,物理必选,623,23189,,,0,北京,公办,0,1
浙江,2025,综合,普通类一段,1133,北京外国语大学,,不限,652,5152,,,0,北京,公办,0,1
浙江,2025,综合,普通类一段,1133,北京外国语大学,,思想政治必选,647,7720,,,0,北京,公办,0,1
浙江,2025,综合,普通类一段,1133,北京外国语大学,,物理、化学(2科必选),651,10442,,,0,北京,公办,0,1
浙江,2025,综合,普通类一段,1133,北京外国语大学,,物理必选,649,11507,,,0,北京,公办,0,1
浙江,2025,综合,普通类一段,1135,北京物资学院,,不限,591,60589,,,0,北京,公办,0,0
浙江,2025,综合,普通类一段,1135,北京物资学院,,物理、化学(2科必选),554,86195,,,0,北京,公办,0,0
浙江,2025,综合,普通类一段,1136,北京协和医学院,,物理、化学(2科必选),608,10351,,,0,北京,公办,0,0
浙江,2025,综合,普通类一段,1138,北京信息科技大学,,物理、化学(2科必选),588,34027,,,0,北京,公办,0,0
浙江,2025,综合,普通类一段,1138,北京信息科技大学,,物理必选,602,49275,,,0,北京,公办,0,0
浙江,2025,综合,普通类一段,1139,北京印刷学院,,不限,612,30498,,,0,北京,公办,0,0
浙江,2025,综合,普通类一段,1139,北京印刷学院,,物理、化学(2科必选),550,96967,,,0,北京,公办,0,0
浙江,2025,综合,普通类一段,1140,北京邮电大学,,物理、化学(2科必选),642,4704,,,0,北京,公办,0,1
浙江,2025,综合,普通类一段,1141,北京邮电大学世纪学院,,不限,541,107016,,,0,北京,民办,0,0
浙江,2025,综合,普通类一段,1141,北京邮电大学世纪学院,,物理、化学(2科必选),490,164178,,,0,北京,民办,0,0
浙江,2025,综合,普通类一段,1141,北京邮电大学世纪学院,,物理必选,493,180518,,,0,北京,民办,0,0
浙江,2025,综合,普通类一段,1142,北京语言大学,,不限,578,18808,,,0,北京,公办,0,0
浙江,2025,综合,普通类一段,1142,北京语言大学,,思想政治必选,628,20081,,,0,北京,公办,0,0
浙江,2025,综合,普通类一段,1142,北京语言大学,,物理、化学(2科必选),617,34134,,,0,北京,公办,0,0
浙江,2025,综合,普通类一段,1142,北京语言大学,,物理必选,541,19961,,,0,北京,公办,0,0
浙江,2025,综合,普通类一段,1143,北京中医药大学,,不限,638,12035,,,0,北京,公办,0,1
浙江,2025,综合,普通类一段,1143,北京中医药大学,,物理、化学(2科必选),597,4074,,,0,北京,公办,0,1
浙江,2025,综合,普通类一段,1144,对外经济贸易大学,,不限,657,5194,,,34,北京,公办,0,1
浙江,2025,综合,普通类一段,1144,对外经济贸易大学,,物理、化学(2科必选),636,19448,,,5,北京,公办,0,1
浙江,2025,综合,普通类一段,1144,对外经济贸易大学,,物理必选,645,11784,,,20,北京,公办,0,1
浙江,2025,综合,普通类一段,1146,华北电力大学（北京）,,历史必选,637,11594,,,0,北京,公办,0,1
浙江,2025,综合,普通类一段,1146,华北电力大学（北京）,,物理、化学(2科必选),639,7118,,,0,北京,公办,0,1
浙江,2025,综合,普通类一段,1146,华北电力大学（北京）,,物理必选,629,17896,,,0,北京,公办,0,1
浙江,2025,综合,普通类一段,1147,清华大学,,不限,700,102,,,0,北京,公办,1,1
浙江,2025,综合,普通类一段,1147,清华大学,,物理、化学(2科必选),694,155,,,0,北京,公办,1,1
浙江,2025,综合,普通类一段,1148,首都经济贸易大学,,不限,623,20660,,,0,北京,公办,0,0
浙江,2025,综合,普通类一段,1148,首都经济贸易大学,,物理、化学(2科必选),600,51461,,,0,北京,公办,0,0
浙江,2025,综合,普通类一段,1149,首都师范大学,,不限,623,9826,,,0,北京,公办,0,0
浙江,2025,综合,普通类一段,1149,首都师范大学,,历史必选,652,10258,,,0,北京,公办,0,0
浙江,2025,综合,普通类一段,1149,首都师范大学,,物理、化学(2科必选),628,17774,,,0,北京,公办,0,0
浙江,2025,综合,普通类一段,115,浙江特殊教育职业学院,,不限,493,146897,,,0,浙江,公办,0,0
浙江,2025,综合,普通类一段,1150,首都师范大学科德学院,,不限,518,147006,,,0,北京,民办,0,0
浙江,2025,综合,普通类一段,1150,首都师范大学科德学院,,物理、化学(2科必选),490,184372,,,0,北京,民办,0,0
浙江,2025,综合,普通类一段,1151,首都医科大学,,不限,646,13271,,,0,北京,公办,0,0
浙江,2025,综合,普通类一段,1151,首都医科大学,,化学必选,588,38258,,,0,北京,公办,0,0
浙江,2025,综合,普通类一段,1151,首都医科大学,,物理、化学(2科必选),609,3251,,,0,北京,公办,0,0
浙江,2025,综合,普通类一段,1153,中国传媒大学,,不限,642,8102,,,0,北京,公办,0,1
浙江,2025,综合,普通类一段,1153,中国传媒大学,,思想政治必选,653,9623,,,0,北京,公办,0,1
浙江,2025,综合,普通类一段,1153,中国传媒大学,,物理、化学(2科必选),607,10585,,,0,北京,公办,0,1
浙江,2025,综合,普通类一段,1154,中国地质大学（北京）,,不限,641,11260,,,0,北京,公办,0,1
浙江,2025,综合,普通类一段,1154,中国地质大学（北京）,,物理、化学(2科必选),617,13831,,,0,北京,公办,0,1
浙江,2025,综合,普通类一段,1154,中国地质大学（北京）,,物理必选,626,19117,,,0,北京,公办,0,1
浙江,2025,综合,普通类一段,1155,中国矿业大学（北京）,,不限,638,17808,,,0,北京,公办,0,1
浙江,2025,综合,普通类一段,1155,中国矿业大学（北京）,,物理、化学(2科必选),617,14922,,,0,北京,公办,0,1
浙江,2025,综合,普通类一段,1155,中国矿业大学（北京）,,物理必选,625,27629,,,0,北京,公办,0,1
浙江,2025,综合,普通类一段,1156,中国劳动关系学院,,不限,573,47826,,,0,北京,公办,0,0
浙江,2025,综合,普通类一段,1156,中国劳动关系学院,,历史必选,594,58433,,,0,北京,公办,0,0
浙江,2025,综合,普通类一段,1156,中国劳动关系学院,,思想政治必选,590,63784,,,0,北京,公办,0,0
浙江,2025,综合,普通类一段,1156,中国劳动关系学院,,物理、化学(2科必选),548,103694,,,0,北京,公办,0,0
浙江,2025,综合,普通类一段,1157,中国农业大学,,不限,642,6760,,,0,北京,公办,1,1
浙江,2025,综合,普通类一段,1157,中国农业大学,,物理、化学(2科必选),647,7481,,,0,北京,公办,1,1
浙江,2025,综合,普通类一段,1157,中国农业大学,,物理、生物(2科必选),647,12729,,,0,北京,公办,1,1
浙江,2025,综合,普通类一段,1158,中国社会科学院大学,,不限,653,5851,,,0,北京,公办,0,0
浙江,2025,综合,普通类一段,1158,中国社会科学院大学,,思想政治必选,654,6931,,,0,北京,公办,0,0
浙江,2025,综合,普通类一段,1159,中国人民大学,,不限,684,281,,,0,北京,公办,1,1
浙江,2025,综合,普通类一段,1159,中国人民大学,,思想政治必选,683,746,,,0,北京,公办,1,1
浙江,2025,综合,普通类一段,1159,中国人民大学,,物理、化学(2科必选),680,755,,,0,北京,公办,1,1
浙江,2025,综合,普通类一段,1159,中国人民大学（苏州校区）,,不限,658,6982,,,0,江苏,公办,1,1
浙江,2025,综合,普通类一段,1159,中国人民大学（苏州校区）,,物理、化学(2科必选),656,3944,,,0,江苏,公办,1,1
浙江,2025,综合,普通类一段,1160,中国石油大学（北京）,,不限,642,15626,,,0,北京,公办,0,1
浙江,2025,综合,普通类一段,1160,中国石油大学（北京）,,物理、化学(2科必选),627,13406,,,0,北京,公办,0,1
浙江,2025,综合,普通类一段,1160,中国石油大学（北京）,,物理必选,629,18815,,,0,北京,公办,0,1
浙江,2025,综合,普通类一段,1161,中国戏曲学院,,不限,594,42741,,,0,北京,公办,0,0
浙江,2025,综合,普通类一段,1163,中国政法大学,,不限,654,1625,,,0,北京,公办,0,1
浙江,2025,综合,普通类一段,1163,中国政法大学,,思想政治必选,657,5250,,,0,北京,公办,0,1
浙江,2025,综合,普通类一段,1163,中国政法大学,,物理必选,646,12981,,,0,北京,公办,0,1
浙江,2025,综合,普通类一段,1164,中华女子学院,,不限,579,52716,,,0,北京,公办,0,0
浙江,2025,综合,普通类一段,1164,中华女子学院,,物理、化学(2科必选),549,113021,,,0,北京,公办,0,0
浙江,2025,综合,普通类一段,1165,中央财经大学,,不限,651,6115,,,0,北京,公办,0,1
浙江,2025,综合,普通类一段,1165,中央财经大学,,物理、化学(2科必选),649,10942,,,0,北京,公办,0,1
浙江,2025,综合,普通类一段,1165,中央财经大学,,物理必选,651,8721,,,0,北京,公办,0,1
浙江,2025,综合,普通类一段,1166,中央美术学院,,不限,598,23165,,,0,北京,公办,0,0
浙江,2025,综合,普通类一段,1167,中央民族大学,,不限,650,6677,,,0,北京,公办,1,1
浙江,2025,综合,普通类一段,1167,中央民族大学,,历史必选,654,8433,,,0,北京,公办,1,1
浙江,2025,综合,普通类一段,1167,中央民族大学,,物理、化学(2科必选),623,13170,,,0,北京,公办,1,1
浙江,2025,综合,普通类一段,1167,中央民族大学,,物理必选,641,15763,,,0,北京,公办,1,1
浙江,2025,综合,普通类一段,1168,中央戏剧学院,,不限,621,7122,,,0,北京,公办,0,0
浙江,2025,综合,普通类一段,117,中国计量大学现代科技学院,,不限,546,89092,,,0,浙江,民办,0,0
浙江,2025,综合,普通类一段,117,中国计量大学现代科技学院,,物理、化学(2科必选),500,154393,,,0,浙江,民办,0,0
浙江,2025,综合,普通类一段,117,中国计量大学现代科技学院,,物理必选,502,153805,,,0,浙江,民办,0,0
浙江,2025,综合,普通类一段,1170,北京联合大学,,不限,587,40693,,,0,北京,公办,0,0
浙江,2025,综合,普通类一段,1170,北京联合大学,,物理、化学(2科必选),599,52557,,,0,北京,公办,0,0
浙江,2025,综合,普通类一段,1170,北京联合大学,,物理必选,602,49232,,,0,北京,公办,0,0
浙江,2025,综合,普通类一段,1175,北京农学院,,物理、化学(2科必选),519,102586,,,0,北京,公办,0,0
浙江,2025,综合,普通类一段,1179,北方工业大学,,物理、化学(2科必选),584,68793,,,0,北京,公办,0,0
浙江,2025,综合,普通类一段,1189,中国科学院大学,,物理、化学(2科必选),691,193,,,0,北京,公办,0,0
浙江,2025,综合,普通类一段,119,浙江财经大学东方学院,,不限,545,91416,,,0,浙江,民办,0,0
浙江,2025,综合,普通类一段,119,浙江财经大学东方学院,,物理、化学(2科必选),499,164702,,,0,浙江,民办,0,0
浙江,2025,综合,普通类一段,119,浙江财经大学东方学院,,物理必选,500,163171,,,0,浙江,民办,0,0
浙江,2025,综合,普通类一段,12,浙江中医药大学,,不限,593,59102,,,0,浙江,公办,0,0
浙江,2025,综合,普通类一段,12,浙江中医药大学,,化学必选,545,11056,,,0,浙江,公办,0,0
浙江,2025,综合,普通类一段,12,浙江中医药大学,,物理、化学(2科必选),546,29102,,,0,浙江,公办,0,0
浙江,2025,综合,普通类一段,1201,北京科技大学天津学院,,不限,540,91565,,,0,天津,民办,0,0
浙江,2025,综合,普通类一段,1201,北京科技大学天津学院,,物理、化学(2科必选),490,157422,,,0,天津,民办,0,0
浙江,2025,综合,普通类一段,1202,河北工业大学,,物理、化学(2科必选),602,15035,,,0,天津,公办,0,1
浙江,2025,综合,普通类一段,1203,南开大学,,不限,663,4420,,,0,天津,公办,1,1
浙江,2025,综合,普通类一段,1203,南开大学,,物理、化学(2科必选),654,4115,,,0,天津,公办,1,1
浙江,2025,综合,普通类一段,1205,天津滨海职业学院,,不限,490,118407,,,0,天津,公办,0,0
浙江,2025,综合,普通类一段,1206,天津财经大学,,不限,589,20310,,,0,天津,公办,0,0
浙江,2025,综合,普通类一段,1206,天津财经大学,,物理、化学(2科必选),601,50387,,,0,天津,公办,0,0
浙江,2025,综合,普通类一段,1206,天津财经大学,,物理必选,587,56061,,,0,天津,公办,0,0
浙江,2025,综合,普通类一段,1207,天津财经大学珠江学院,,不限,539,110015,,,0,天津,民办,0,0
浙江,2025,综合,普通类一段,1207,天津财经大学珠江学院,,物理、化学(2科必选),492,181736,,,0,天津,民办,0,0
浙江,2025,综合,普通类一段,1207,天津财经大学珠江学院,,物理必选,490,184372,,,0,天津,民办,0,0
浙江,2025,综合,普通类一段,1208,天津城建大学,,不限,571,77515,,,0,天津,公办,0,0
浙江,2025,综合,普通类一段,1208,天津城建大学,,地理必选,592,61266,,,0,天津,公办,0,0
浙江,2025,综合,普通类一段,1208,天津城建大学,,物理、化学(2科必选),526,88449,,,0,天津,公办,0,0
浙江,2025,综合,普通类一段,1208,天津城建大学,,物理必选,546,95732,,,0,天津,公办,0,0
浙江,2025,综合,普通类一段,1209,天津城市职业学院,,不限,490,184372,,,0,天津,公办,0,0
浙江,2025,综合,普通类一段,121,湖州学院,,不限,571,77549,,,0,浙江,公办,0,0
浙江,2025,综合,普通类一段,121,湖州学院,,思想政治必选,577,79539,,,0,浙江,公办,0,0
浙江,2025,综合,普通类一段,121,湖州学院,,物理、化学(2科必选),547,109033,,,0,浙江,公办,0,0
浙江,2025,综合,普通类一段,121,湖州学院,,生物必选,574,82291,,,0,浙江,公办,0,0
浙江,2025,综合,普通类一段,1210,天津大学,,不限,655,6226,,,0,天津,公办,1,1
浙江,2025,综合,普通类一段,1210,天津大学,,物理、化学(2科必选),654,5865,,,0,天津,公办,1,1
浙江,2025,综合,普通类一段,1211,天津仁爱学院,,不限,526,125549,,,0,天津,民办,0,0
浙江,2025,综合,普通类一段,1211,天津仁爱学院,,历史、思想政治(2科必选),550,112315,,,0,天津,民办,0,0
浙江,2025,综合,普通类一段,1211,天津仁爱学院,,物理、化学(2科必选),490,184372,,,0,天津,民办,0,0
浙江,2025,综合,普通类一段,1212,天津电子信息职业技术学院,,不限,490,180843,,,0,天津,公办,0,0
浙江,2025,综合,普通类一段,1214,天津职业技术师范大学,,不限,564,50399,,,0,天津,公办,0,0
浙江,2025,综合,普通类一段,1214,天津职业技术师范大学,,物理、化学(2科必选),526,60945,,,0,天津,公办,0,0
浙江,2025,综合,普通类一段,1214,天津职业技术师范大学,,物理必选,558,101783,,,0,天津,公办,0,0
浙江,2025,综合,普通类一段,1216,天津工业大学,,不限,596,29029,,,0,天津,公办,0,0
浙江,2025,综合,普通类一段,1216,天津工业大学,,物理、化学(2科必选),590,25393,,,0,天津,公办,0,0
浙江,2025,综合,普通类一段,1216,天津工业大学,,物理必选,589,64071,,,0,天津,公办,0,0
浙江,2025,综合,普通类一段,1217,天津警察学院,,不限,516,150001,,,0,天津,公办,0,0
浙江,2025,综合,普通类一段,122,绍兴理工学院,,不限,570,75838,,,0,浙江,公办,0,0
浙江,2025,综合,普通类一段,122,绍兴理工学院,,物理、化学(2科必选),531,125269,,,0,浙江,公办,0,0
浙江,2025,综合,普通类一段,122,绍兴理工学院,,物理必选,532,133940,,,0,浙江,公办,0,0
浙江,2025,综合,普通类一段,122,绍兴理工学院,,生物必选,567,89394,,,0,浙江,公办,0,0
浙江,2025,综合,普通类一段,1220,天津机电职业技术学院,,不限,495,152433,,,0,天津,公办,0,0
浙江,2025,综合,普通类一段,1223,天津科技大学,,不限,590,53390,,,0,天津,公办,0,0
浙江,2025,综合,普通类一段,1223,天津科技大学,,物理、化学(2科必选),554,49480,,,0,天津,公办,0,0
浙江,2025,综合,普通类一段,1224,天津理工大学,,不限,589,56344,,,0,天津,公办,0,0
浙江,2025,综合,普通类一段,1224,天津理工大学,,物理、化学(2科必选),547,57218,,,0,天津,公办,0,0
浙江,2025,综合,普通类一段,1224,天津理工大学,,物理必选,557,61107,,,0,天津,公办,0,0
浙江,2025,综合,普通类一段,1225,天津理工大学中环信息学院,,不限,538,120053,,,0,天津,民办,0,0
浙江,2025,综合,普通类一段,1225,天津理工大学中环信息学院,,物理、化学(2科必选),493,160039,,,0,天津,民办,0,0
浙江,2025,综合,普通类一段,1225,天津理工大学中环信息学院,,物理必选,490,184372,,,0,天津,民办,0,0
浙江,2025,综合,普通类一段,1226,天津美术学院,,不限,557,70906,,,0,天津,公办,0,0
浙江,2025,综合,普通类一段,1227,天津农学院,,不限,566,72960,,,0,天津,公办,0,0
浙江,2025,综合,普通类一段,1227,天津农学院,,物理、化学(2科必选),508,97418,,,0,天津,公办,0,0
浙江,2025,综合,普通类一段,1227,天津农学院,,生物必选,571,86237,,,0,天津,公办,0,0
浙江,2025,综合,普通类一段,1228,天津轻工职业技术学院,,不限,490,184372,,,0,天津,公办,0,0
浙江,2025,综合,普通类一段,1229,天津商业大学,,不限,573,46967,,,0,天津,公办,0,0
浙江,2025,综合,普通类一段,1229,天津商业大学,,物理、化学(2科必选),524,96589,,,0,天津,公办,0,0
浙江,2025,综合,普通类一段,1229,天津商业大学,,物理必选,550,111532,,,0,天津,公办,0,0
浙江,2025,综合,普通类一段,123,温州理工学院,,不限,572,71983,,,0,浙江,公办,0,0
浙江,2025,综合,普通类一段,123,温州理工学院,,物理、化学(2科必选),546,94368,,,0,浙江,公办,0,0
浙江,2025,综合,普通类一段,123,温州理工学院,,物理必选,550,111493,,,0,浙江,公办,0,0
浙江,2025,综合,普通类一段,1230,天津商业大学宝德学院,,不限,534,108572,,,0,天津,民办,0,0
浙江,2025,综合,普通类一段,1232,天津师范大学,,不限,500,26036,,,0,天津,公办,0,0
浙江,2025,综合,普通类一段,1232,天津师范大学,,历史、思想政治(2科必选),627,26046,,,0,天津,公办,0,0
浙江,2025,综合,普通类一段,1232,天津师范大学,,历史必选,619,29924,,,0,天津,公办,0,0
浙江,2025,综合,普通类一段,1232,天津师范大学,,地理必选,612,24198,,,0,天津,公办,0,0
浙江,2025,综合,普通类一段,1232,天津师范大学,,思想政治必选,607,35646,,,0,天津,公办,0,0
浙江,2025,综合,普通类一段,1232,天津师范大学,,物理、化学(2科必选),559,49330,,,0,天津,公办,0,0
浙江,2025,综合,普通类一段,1232,天津师范大学,,物理必选,589,53989,,,0,天津,公办,0,0
浙江,2025,综合,普通类一段,1234,天津体育学院,,不限,566,80314,,,0,天津,公办,0,0
浙江,2025,综合,普通类一段,1235,天津外国语大学,,不限,575,28323,,,0,天津,公办,0,0
浙江,2025,综合,普通类一段,1235,天津外国语大学,,思想政治必选,600,48849,,,0,天津,公办,0,0
浙江,2025,综合,普通类一段,1235,天津外国语大学,,物理、化学(2科必选),577,79023,,,0,天津,公办,0,0
浙江,2025,综合,普通类一段,1235,天津外国语大学,,物理必选,579,76328,,,0,天津,公办,0,0
浙江,2025,综合,普通类一段,1236,天津外国语大学滨海外事学院,,不限,545,104887,,,0,天津,民办,0,0
浙江,2025,综合,普通类一段,1237,天津现代职业技术学院,,不限,490,184372,,,0,天津,公办,0,0
浙江,2025,综合,普通类一段,1239,天津医科大学,,物化生(3科必选),632,5895,,,0,天津,公办,0,1
浙江,2025,综合,普通类一段,1239,天津医科大学,,物理、化学(2科必选),629,14317,,,0,天津,公办,0,1
浙江,2025,综合,普通类一段,124,宁波幼儿师范高等专科学校,,不限,490,184372,,,0,浙江,公办,0,0
浙江,2025,综合,普通类一段,1240,天津医科大学临床医学院,,不限,538,101351,,,0,天津,民办,0,0
浙江,2025,综合,普通类一段,1240,天津医科大学临床医学院,,化学必选,509,161638,,,0,天津,民办,0,0
浙江,2025,综合,普通类一段,1240,天津医科大学临床医学院,,物化生(3科必选),506,111840,,,0,天津,民办,0,0
浙江,2025,综合,普通类一段,1240,天津医科大学临床医学院,,物理、化学(2科必选),493,165128,,,0,天津,民办,0,0
浙江,2025,综合,普通类一段,1241,天津医学高等专科学校,,不限,511,142884,,,0,天津,公办,0,0
浙江,2025,综合,普通类一段,1241,天津医学高等专科学校,,物化生(3科必选),490,184372,,,0,天津,公办,0,0
浙江,2025,综合,普通类一段,1244,天津市职业大学,,不限,490,115847,,,0,天津,公办,0,0
浙江,2025,综合,普通类一段,1246,天津中医药大学,,不限,603,37813,,,0,天津,公办,0,0
浙江,2025,综合,普通类一段,1246,天津中医药大学,,化学必选,586,68087,,,0,天津,公办,0,0
浙江,2025,综合,普通类一段,1246,天津中医药大学,,历史必选,613,37999,,,0,天津,公办,0,0
浙江,2025,综合,普通类一段,1246,天津中医药大学,,物理、化学(2科必选),581,6927,,,0,天津,公办,0,0
浙江,2025,综合,普通类一段,1247,中国民航大学,,不限,602,33926,,,0,天津,公办,0,0
浙江,2025,综合,普通类一段,1247,中国民航大学,,物理、化学(2科必选),598,22365,,,0,天津,公办,0,0
浙江,2025,综合,普通类一段,1247,中国民航大学,,物理必选,602,50295,,,0,天津,公办,0,0
浙江,2025,综合,普通类一段,1248,天津天狮学院,,不限,541,123110,,,0,天津,民办,0,0
浙江,2025,综合,普通类一段,1248,天津天狮学院,,物理、化学(2科必选),490,183865,,,0,天津,民办,0,0
浙江,2025,综合,普通类一段,1249,天津铁道职业技术学院,,不限,497,163675,,,0,天津,公办,0,0
浙江,2025,综合,普通类一段,125,嘉兴南湖学院,,不限,572,68516,,,0,浙江,公办,0,0
浙江,2025,综合,普通类一段,125,嘉兴南湖学院,,物理、化学(2科必选),535,105585,,,0,浙江,公办,0,0
浙江,2025,综合,普通类一段,125,嘉兴南湖学院,,物理必选,543,112725,,,0,浙江,公办,0,0
浙江,2025,综合,普通类一段,126,温州商学院,,不限,490,118421,,,0,浙江,民办,0,0
浙江,2025,综合,普通类一段,126,温州商学院,,物理、化学(2科必选),490,184372,,,0,浙江,民办,0,0
浙江,2025,综合,普通类一段,126,温州商学院,,物理必选,490,184372,,,0,浙江,民办,0,0
浙江,2025,综合,普通类一段,128,浙江邮电职业技术学院,,不限,490,184372,,,0,浙江,公办,0,0
浙江,2025,综合,普通类一段,129,浙江农业商贸职业学院,,不限,490,184372,,,0,浙江,公办,0,0
浙江,2025,综合,普通类一段,13,中国计量大学,,不限,597,36230,,,0,浙江,公办,0,0
浙江,2025,综合,普通类一段,13,中国计量大学,,物理、化学(2科必选),588,48186,,,0,浙江,公办,0,0
浙江,2025,综合,普通类一段,13,中国计量大学,,物理必选,558,54240,,,0,浙江,公办,0,0
浙江,2025,综合,普通类一段,1301,保定电力职业技术学院,,不限,504,158030,,,0,河北,公办,0,0
浙江,2025,综合,普通类一段,1302,北华航天工业学院,,不限,565,82319,,,0,河北,公办,0,0
浙江,2025,综合,普通类一段,1302,北华航天工业学院,,物理、化学(2科必选),511,119003,,,0,河北,公办,0,0
浙江,2025,综合,普通类一段,1302,北华航天工业学院,,物理、地理(2科必选),530,136335,,,0,河北,公办,0,0
浙江,2025,综合,普通类一段,1304,燕京理工学院,,不限,542,101497,,,0,河北,民办,0,0
浙江,2025,综合,普通类一段,1305,沧州交通学院,,不限,530,127529,,,0,河北,民办,0,0
浙江,2025,综合,普通类一段,1305,沧州交通学院,,物理、化学(2科必选),490,184372,,,0,河北,民办,0,0
浙江,2025,综合,普通类一段,1307,民政职业大学,,不限,569,75641,,,0,北京,公办,0,0
浙江,2025,综合,普通类一段,1307,民政职业大学,,物理必选,517,152791,,,0,北京,公办,0,0
浙江,2025,综合,普通类一段,1308,北京中医药大学东方学院,,不限,548,71678,,,0,河北,民办,0,0
浙江,2025,综合,普通类一段,1308,北京中医药大学东方学院,,化学必选,540,124633,,,0,河北,民办,0,0
浙江,2025,综合,普通类一段,1308,北京中医药大学东方学院,,物理、化学(2科必选),490,141423,,,0,河北,民办,0,0
浙江,2025,综合,普通类一段,1308,北京中医药大学东方学院,,生物必选,567,91472,,,0,河北,民办,0,0
浙江,2025,综合,普通类一段,1310,承德医学院,,物理、化学(2科必选),560,99615,,,0,河北,公办,0,0
浙江,2025,综合,普通类一段,1311,东北大学秦皇岛分校,,不限,641,14374,,,0,河北,公办,1,1
浙江,2025,综合,普通类一段,1311,东北大学秦皇岛分校,,物理、化学(2科必选),634,11828,,,0,河北,公办,1,1
浙江,2025,综合,普通类一段,1311,东北大学秦皇岛分校,,物理必选,635,16703,,,0,河北,公办,1,1
浙江,2025,综合,普通类一段,1312,防灾科技学院,,不限,566,82830,,,0,河北,公办,0,0
浙江,2025,综合,普通类一段,1312,防灾科技学院,,物理、化学(2科必选),521,111176,,,0,河北,公办,0,0
浙江,2025,综合,普通类一段,1312,防灾科技学院,,物理必选,542,121932,,,0,河北,公办,0,0
浙江,2025,综合,普通类一段,1313,邯郸学院,,物理、化学(2科必选),512,148560,,,0,河北,公办,0,0
浙江,2025,综合,普通类一段,1315,河北大学,,不限,566,25904,,,0,河北,公办,0,0
浙江,2025,综合,普通类一段,1315,河北大学,,物理、化学(2科必选),548,49221,,,0,河北,公办,0,0
浙江,2025,综合,普通类一段,1317,河北工程大学,,不限,570,79803,,,0,河北,公办,0,0
浙江,2025,综合,普通类一段,1317,河北工程大学,,物理、化学(2科必选),493,77327,,,0,河北,公办,0,0
浙江,2025,综合,普通类一段,1317,河北工程大学,,物理必选,544,120176,,,0,河北,公办,0,0
浙江,2025,综合,普通类一段,1318,河北工程大学科信学院,,物理、化学(2科必选),492,160937,,,0,河北,民办,0,0
浙江,2025,综合,普通类一段,1318,河北工程大学科信学院,,物理必选,490,184372,,,0,河北,民办,0,0
浙江,2025,综合,普通类一段,1319,河北石油职业技术大学,,物理必选,507,151184,,,0,河北,公办,0,0
浙江,2025,综合,普通类一段,1321,河北建筑工程学院,,不限,564,94858,,,0,河北,公办,0,0
浙江,2025,综合,普通类一段,1321,河北建筑工程学院,,物理、化学(2科必选),510,120358,,,0,河北,公办,0,0
浙江,2025,综合,普通类一段,1321,河北建筑工程学院,,物理必选,518,150852,,,0,河北,公办,0,0
浙江,2025,综合,普通类一段,1323,河北金融学院,,不限,553,89779,,,0,河北,公办,0,0
浙江,2025,综合,普通类一段,1323,河北金融学院,,物理、化学(2科必选),513,157235,,,0,河北,公办,0,0
浙江,2025,综合,普通类一段,1323,河北金融学院,,物理必选,503,150201,,,0,河北,公办,0,0
浙江,2025,综合,普通类一段,1324,河北经贸大学,,不限,564,53596,,,0,河北,公办,0,0
浙江,2025,综合,普通类一段,1324,河北经贸大学,,物理、化学(2科必选),528,137606,,,0,河北,公办,0,0
浙江,2025,综合,普通类一段,1324,河北经贸大学,,物理必选,511,112693,,,0,河北,公办,0,0
浙江,2025,综合,普通类一段,1325,河北经贸大学经济管理学院,,不限,545,117842,,,0,河北,民办,0,0
浙江,2025,综合,普通类一段,1326,河北科技大学,,物理、化学(2科必选),490,67600,,,0,河北,公办,0,0
浙江,2025,综合,普通类一段,1326,河北科技大学,,物理必选,524,144332,,,0,河北,公办,0,0
浙江,2025,综合,普通类一段,1328,河北科技师范学院,,不限,559,93966,,,0,河北,公办,0,0
浙江,2025,综合,普通类一段,1328,河北科技师范学院,,物理、化学(2科必选),520,131627,,,0,河北,公办,0,0
浙江,2025,综合,普通类一段,1329,华北理工大学,,不限,567,57102,,,0,河北,公办,0,0
浙江,2025,综合,普通类一段,1329,华北理工大学,,化学必选,535,130998,,,0,河北,公办,0,0
浙江,2025,综合,普通类一段,1329,华北理工大学,,物化生(3科必选),590,62966,,,0,河北,公办,0,0
浙江,2025,综合,普通类一段,1329,华北理工大学,,物理、化学(2科必选),499,49705,,,0,河北,公办,0,0
浙江,2025,综合,普通类一段,1329,华北理工大学,,物理必选,555,105556,,,0,河北,公办,0,0
浙江,2025,综合,普通类一段,1329,华北理工大学,,生物必选,595,58021,,,0,河北,公办,0,0
浙江,2025,综合,普通类一段,133,浙江安防职业技术学院,,不限,490,184372,,,0,浙江,公办,0,0
浙江,2025,综合,普通类一段,1330,河北师范大学,,不限,552,73055,,,0,河北,公办,0,0
浙江,2025,综合,普通类一段,1330,河北师范大学,,思想政治必选,605,46372,,,0,河北,公办,0,0
浙江,2025,综合,普通类一段,1330,河北师范大学,,物理、化学(2科必选),561,98247,,,0,河北,公办,0,0
浙江,2025,综合,普通类一段,1331,河北医科大学,,物化生(3科必选),595,18943,,,0,河北,公办,0,0
浙江,2025,综合,普通类一段,1331,河北医科大学,,物理、化学(2科必选),568,61659,,,0,河北,公办,0,0
浙江,2025,综合,普通类一段,1331,河北医科大学,,生物必选,589,64575,,,0,河北,公办,0,0
浙江,2025,综合,普通类一段,1332,河北医科大学临床学院,,物化生(3科必选),512,109750,,,0,河北,民办,0,0
浙江,2025,综合,普通类一段,1332,河北医科大学临床学院,,物理、化学(2科必选),502,169746,,,0,河北,民办,0,0
浙江,2025,综合,普通类一段,1332,河北医科大学临床学院,,生物必选,568,90254,,,0,河北,民办,0,0
浙江,2025,综合,普通类一段,1333,衡水学院,,物理、化学(2科必选),490,184372,,,0,河北,公办,0,0
浙江,2025,综合,普通类一段,1334,华北电力大学（保定）,,历史必选,629,13932,,,0,河北,公办,0,1
浙江,2025,综合,普通类一段,1334,华北电力大学（保定）,,物理、化学(2科必选),618,10300,,,0,河北,公办,0,1
浙江,2025,综合,普通类一段,1334,华北电力大学（保定）,,物理必选,624,19762,,,0,河北,公办,0,1
浙江,2025,综合,普通类一段,1336,华北科技学院,,不限,564,69024,,,0,河北,公办,0,0
浙江,2025,综合,普通类一段,1336,华北科技学院,,物理、化学(2科必选),510,74039,,,0,河北,公办,0,0
浙江,2025,综合,普通类一段,1339,廊坊师范学院,,不限,561,85149,,,0,河北,公办,0,0
浙江,2025,综合,普通类一段,1339,廊坊师范学院,,历史必选,577,79076,,,0,河北,公办,0,0
浙江,2025,综合,普通类一段,1339,廊坊师范学院,,物理、化学(2科必选),521,147158,,,0,河北,公办,0,0
浙江,2025,综合,普通类一段,1339,廊坊师范学院,,物理必选,509,161943,,,0,河北,公办,0,0
浙江,2025,综合,普通类一段,1341,河北地质大学,,不限,568,70793,,,0,河北,公办,0,0
浙江,2025,综合,普通类一段,1341,河北地质大学,,物理、化学(2科必选),526,134088,,,0,河北,公办,0,0
浙江,2025,综合,普通类一段,1341,河北地质大学,,物理必选,538,127450,,,0,河北,公办,0,0
浙江,2025,综合,普通类一段,1342,石家庄铁道大学,,不限,588,64251,,,0,河北,公办,0,0
浙江,2025,综合,普通类一段,1342,石家庄铁道大学,,物理、化学(2科必选),551,56322,,,0,河北,公办,0,0
浙江,2025,综合,普通类一段,1342,石家庄铁道大学,,物理必选,567,90796,,,0,河北,公办,0,0
浙江,2025,综合,普通类一段,1343,石家庄铁道大学四方学院,,不限,558,102381,,,0,河北,民办,0,0
浙江,2025,综合,普通类一段,1343,石家庄铁道大学四方学院,,物理、化学(2科必选),490,159243,,,0,河北,民办,0,0
浙江,2025,综合,普通类一段,1343,石家庄铁道大学四方学院,,物理必选,492,181370,,,0,河北,民办,0,0
浙江,2025,综合,普通类一段,1344,石家庄医学高等专科学校,,不限,499,168546,,,0,河北,民办,0,0
浙江,2025,综合,普通类一段,1345,石家庄邮电职业技术学院,,不限,503,154433,,,0,河北,公办,0,0
浙江,2025,综合,普通类一段,1346,邢台学院,,不限,562,87970,,,0,河北,公办,0,0
浙江,2025,综合,普通类一段,1346,邢台学院,,物理、化学(2科必选),509,161769,,,0,河北,公办,0,0
浙江,2025,综合,普通类一段,1347,邢台医学院,,不限,500,160437,,,0,河北,公办,0,0
浙江,2025,综合,普通类一段,1347,邢台医学院,,化学必选,490,176102,,,0,河北,公办,0,0
浙江,2025,综合,普通类一段,1349,燕山大学,,不限,586,36785,,,0,河北,公办,0,0
浙江,2025,综合,普通类一段,1349,燕山大学,,思想政治必选,595,57076,,,0,河北,公办,0,0
浙江,2025,综合,普通类一段,1349,燕山大学,,物理、化学(2科必选),537,35816,,,0,河北,公办,0,0
浙江,2025,综合,普通类一段,1349,燕山大学,,物理必选,552,57313,,,0,河北,公办,0,0
浙江,2025,综合,普通类一段,1351,保定理工学院,,不限,531,121601,,,0,河北,民办,0,0
浙江,2025,综合,普通类一段,1353,河北外国语学院,,不限,523,130851,,,0,河北,民办,0,0
浙江,2025,综合,普通类一段,1354,河北中医药大学,,不限,607,23389,,,0,河北,公办,0,0
浙江,2025,综合,普通类一段,1354,河北中医药大学,,物理、化学(2科必选),579,76519,,,0,河北,公办,0,0
浙江,2025,综合,普通类一段,1354,河北中医药大学,,生物必选,577,79018,,,0,河北,公办,0,0
浙江,2025,综合,普通类一段,1355,河北北方学院,,物理、化学(2科必选),537,128013,,,0,河北,公办,0,0
浙江,2025,综合,普通类一段,1356,河北科技学院,,不限,529,123695,,,0,河北,民办,0,0
浙江,2025,综合,普通类一段,1356,河北科技学院,,物理、化学(2科必选),490,178990,,,0,河北,民办,0,0
浙江,2025,综合,普通类一段,1356,河北科技学院,,生物必选,542,121764,,,0,河北,民办,0,0
浙江,2025,综合,普通类一段,1357,河北环境工程学院,,不限,561,97235,,,0,河北,公办,0,0
浙江,2025,综合,普通类一段,1357,河北环境工程学院,,物理、化学(2科必选),511,153963,,,0,河北,公办,0,0
浙江,2025,综合,普通类一段,1357,河北环境工程学院,,物理、生物(2科必选),496,176858,,,0,河北,公办,0,0
浙江,2025,综合,普通类一段,1361,河北科技工程职业技术大学,,不限,490,101637,,,0,河北,公办,0,0
浙江,2025,综合,普通类一段,1361,河北科技工程职业技术大学,,物理必选,512,158311,,,0,河北,公办,0,0
浙江,2025,综合,普通类一段,1362,河北水利电力学院,,物理、化学(2科必选),511,121691,,,0,河北,公办,0,0
浙江,2025,综合,普通类一段,1364,石家庄人民医学高等专科学校,,不限,490,172829,,,0,河北,民办,0,0
浙江,2025,综合,普通类一段,1366,唐山幼儿师范高等专科学校,,不限,490,175316,,,0,河北,公办,0,0
浙江,2025,综合,普通类一段,14,浙江万里学院,,不限,558,84112,,,0,浙江,公办,0,0
浙江,2025,综合,普通类一段,14,浙江万里学院,,物理、化学(2科必选),520,119051,,,0,浙江,公办,0,0
浙江,2025,综合,普通类一段,14,浙江万里学院,,物理必选,529,120875,,,0,浙江,公办,0,0
浙江,2025,综合,普通类一段,1402,山西财经大学,,不限,575,46749,,,0,山西,公办,0,0
浙江,2025,综合,普通类一段,1402,山西财经大学,,地理必选,582,61170,,,0,山西,公办,0,0
浙江,2025,综合,普通类一段,1402,山西财经大学,,物理、化学(2科必选),561,90771,,,0,山西,公办,0,0
浙江,2025,综合,普通类一段,1402,山西财经大学,,物理必选,533,91538,,,0,山西,公办,0,0
浙江,2025,综合,普通类一段,1403,山西大同大学,,不限,580,69641,,,0,山西,公办,0,0
浙江,2025,综合,普通类一段,1403,山西大同大学,,物化生(3科必选),509,161789,,,0,山西,公办,0,0
浙江,2025,综合,普通类一段,1403,山西大同大学,,物理、化学(2科必选),511,150155,,,0,山西,公办,0,0
浙江,2025,综合,普通类一段,1404,山西大学,,不限,593,26893,,,0,山西,公办,0,0
浙江,2025,综合,普通类一段,1404,山西大学,,思想政治必选,601,48515,,,0,山西,公办,0,0
浙江,2025,综合,普通类一段,1404,山西大学,,物理、化学(2科必选),557,22516,,,0,山西,公办,0,0
浙江,2025,综合,普通类一段,1404,山西大学,,物理必选,566,64042,,,0,山西,公办,0,0
浙江,2025,综合,普通类一段,1408,山西农业大学,,不限,572,80289,,,0,山西,公办,0,0
浙江,2025,综合,普通类一段,1408,山西农业大学,,历史、思想政治(2科必选),570,62793,,,0,山西,公办,0,0
浙江,2025,综合,普通类一段,1408,山西农业大学,,物化生(3科必选),506,101004,,,0,山西,公办,0,0
浙江,2025,综合,普通类一段,1408,山西农业大学,,物理、化学(2科必选),508,97174,,,0,山西,公办,0,0
浙江,2025,综合,普通类一段,1409,山西药科职业学院,,不限,490,184372,,,0,山西,公办,0,0
浙江,2025,综合,普通类一段,1410,山西中医药大学,,不限,595,52050,,,0,山西,公办,0,0
浙江,2025,综合,普通类一段,1410,山西中医药大学,,物理、化学(2科必选),526,99524,,,0,山西,公办,0,0
浙江,2025,综合,普通类一段,1410,山西中医药大学,,物理、生物(2科必选),556,104824,,,0,山西,公办,0,0
浙江,2025,综合,普通类一段,1410,山西中医药大学,,生物必选,579,77250,,,0,山西,公办,0,0
浙江,2025,综合,普通类一段,1413,太原工业学院,,不限,563,90344,,,0,山西,公办,0,0
浙江,2025,综合,普通类一段,1413,太原工业学院,,物理、化学(2科必选),494,124170,,,0,山西,公办,0,0
浙江,2025,综合,普通类一段,1413,太原工业学院,,物理必选,518,150891,,,0,山西,公办,0,0
浙江,2025,综合,普通类一段,1414,太原科技大学,,不限,572,80178,,,0,山西,公办,0,0
浙江,2025,综合,普通类一段,1414,太原科技大学,,物理、化学(2科必选),538,78791,,,0,山西,公办,0,0
浙江,2025,综合,普通类一段,1414,太原科技大学,,物理必选,545,117948,,,0,山西,公办,0,0
浙江,2025,综合,普通类一段,1415,太原理工大学,,不限,610,17128,,,0,山西,公办,0,1
浙江,2025,综合,普通类一段,1415,太原理工大学,,物理、化学(2科必选),597,15938,,,0,山西,公办,0,1
浙江,2025,综合,普通类一段,1415,太原理工大学,,物理必选,615,36370,,,0,山西,公办,0,1
浙江,2025,综合,普通类一段,1416,太原师范学院,,不限,557,77327,,,0,山西,公办,0,0
浙江,2025,综合,普通类一段,1416,太原师范学院,,地理必选,564,91868,,,0,山西,公办,0,0
浙江,2025,综合,普通类一段,1416,太原师范学院,,思想政治必选,572,85792,,,0,山西,公办,0,0
浙江,2025,综合,普通类一段,1416,太原师范学院,,物理、化学(2科必选),507,159194,,,0,山西,公办,0,0
浙江,2025,综合,普通类一段,1417,运城学院,,不限,555,92848,,,0,山西,公办,0,0
浙江,2025,综合,普通类一段,1417,运城学院,,物理、化学(2科必选),501,150951,,,0,山西,公办,0,0
浙江,2025,综合,普通类一段,1418,中北大学,,不限,583,71756,,,0,山西,公办,0,0
浙江,2025,综合,普通类一段,1418,中北大学,,物理、化学(2科必选),548,37472,,,0,山西,公办,0,0
浙江,2025,综合,普通类一段,1418,中北大学,,物理必选,562,89096,,,0,山西,公办,0,0
浙江,2025,综合,普通类一段,1419,山西晋中理工学院,,不限,547,115309,,,0,山西,民办,0,0
浙江,2025,综合,普通类一段,1419,山西晋中理工学院,,物理、化学(2科必选),496,176595,,,0,山西,民办,0,0
浙江,2025,综合,普通类一段,1420,山西传媒学院,,不限,561,91333,,,0,山西,公办,0,0
浙江,2025,综合,普通类一段,1420,山西传媒学院,,物理、化学(2科必选),523,145534,,,0,山西,公办,0,0
浙江,2025,综合,普通类一段,1421,山西师范大学,,不限,574,38811,,,5,山西,公办,0,0
浙江,2025,综合,普通类一段,1421,山西师范大学,,思想政治必选,610,41842,,,1,山西,公办,0,0
浙江,2025,综合,普通类一段,1421,山西师范大学,,物理、化学(2科必选),518,88225,,,9,山西,公办,0,0
浙江,2025,综合,普通类一段,1422,山西医科大学,,物化生(3科必选),529,45290,,,0,山西,公办,0,0
浙江,2025,综合,普通类一段,1422,山西医科大学,,物理、化学(2科必选),538,126550,,,0,山西,公办,0,0
浙江,2025,综合,普通类一段,1423,山西工学院,,不限,566,91615,,,0,山西,公办,0,0
浙江,2025,综合,普通类一段,1423,山西工学院,,物理、化学(2科必选),525,129519,,,0,山西,公办,0,0
浙江,2025,综合,普通类一段,1425,吕梁学院,,历史必选,572,85783,,,0,山西,公办,0,0
浙江,2025,综合,普通类一段,1425,吕梁学院,,物理、化学(2科必选),516,151600,,,0,山西,公办,0,0
浙江,2025,综合,普通类一段,1426,山西工程技术学院,,物理、化学(2科必选),508,89599,,,0,山西,公办,0,0
浙江,2025,综合,普通类一段,15,浙江科技大学,,不限,580,60592,,,0,浙江,公办,0,0
浙江,2025,综合,普通类一段,15,浙江科技大学,,物理、化学(2科必选),566,66373,,,0,浙江,公办,0,0
浙江,2025,综合,普通类一段,15,浙江科技大学,,物理必选,569,79815,,,0,浙江,公办,0,0
浙江,2025,综合,普通类一段,150,浙江金华科贸职业技术学院,,不限,490,184372,,,0,浙江,民办,0,0
浙江,2025,综合,普通类一段,1501,呼伦贝尔学院,,不限,557,103613,,,0,内蒙古,公办,0,0
浙江,2025,综合,普通类一段,1502,内蒙古大学,,不限,612,19097,,,0,内蒙古,公办,0,1
浙江,2025,综合,普通类一段,1502,内蒙古大学,,历史必选,631,22646,,,0,内蒙古,公办,0,1
浙江,2025,综合,普通类一段,1502,内蒙古大学,,思想政治必选,617,34737,,,0,内蒙古,公办,0,1
浙江,2025,综合,普通类一段,1502,内蒙古大学,,物理、化学(2科必选),579,36965,,,0,内蒙古,公办,0,1
浙江,2025,综合,普通类一段,1503,内蒙古工业大学,,不限,562,94313,,,0,内蒙古,公办,0,0
浙江,2025,综合,普通类一段,1505,内蒙古科技大学,,不限,558,80957,,,0,内蒙古,公办,0,0
浙江,2025,综合,普通类一段,1505,内蒙古科技大学,,思想政治必选,568,89818,,,0,内蒙古,公办,0,0
浙江,2025,综合,普通类一段,1505,内蒙古科技大学,,物化生(3科必选),490,184372,,,0,内蒙古,公办,0,0
浙江,2025,综合,普通类一段,1505,内蒙古科技大学,,物理、化学(2科必选),502,109420,,,0,内蒙古,公办,0,0
浙江,2025,综合,普通类一段,1506,内蒙古科技大学包头师范学院,,不限,547,93599,,,0,内蒙古,公办,0,0
浙江,2025,综合,普通类一段,1506,内蒙古科技大学包头师范学院,,物理、化学(2科必选),490,164609,,,0,内蒙古,公办,0,0
浙江,2025,综合,普通类一段,1507,内蒙古民族大学,,不限,561,89762,,,0,内蒙古,公办,0,0
浙江,2025,综合,普通类一段,1507,内蒙古民族大学,,历史必选,568,90387,,,0,内蒙古,公办,0,0
浙江,2025,综合,普通类一段,1507,内蒙古民族大学,,思想政治必选,560,99919,,,0,内蒙古,公办,0,0
浙江,2025,综合,普通类一段,1507,内蒙古民族大学,,物化生(3科必选),494,179998,,,0,内蒙古,公办,0,0
浙江,2025,综合,普通类一段,1507,内蒙古民族大学,,物理、化学(2科必选),499,166272,,,0,内蒙古,公办,0,0
浙江,2025,综合,普通类一段,1507,内蒙古民族大学,,生物必选,559,101492,,,0,内蒙古,公办,0,0
浙江,2025,综合,普通类一段,1508,内蒙古农业大学,,不限,561,96943,,,0,内蒙古,公办,0,0
浙江,2025,综合,普通类一段,1508,内蒙古农业大学,,物理、化学(2科必选),490,118628,,,0,内蒙古,公办,0,0
浙江,2025,综合,普通类一段,1510,内蒙古财经大学,,不限,560,84363,,,0,内蒙古,公办,0,0
浙江,2025,综合,普通类一段,1511,内蒙古医科大学,,物化生(3科必选),493,105798,,,0,内蒙古,公办,0,0
浙江,2025,综合,普通类一段,16,浙江财经大学,,不限,599,15413,,,0,浙江,公办,0,0
浙江,2025,综合,普通类一段,16,浙江财经大学,,物理、化学(2科必选),595,52863,,,0,浙江,公办,0,0
浙江,2025,综合,普通类一段,16,浙江财经大学,,物理必选,587,57097,,,0,浙江,公办,0,0
浙江,2025,综合,普通类一段,168,温州肯恩大学,,不限,580,58086,,,0,浙江,中外合作办学,0,0
浙江,2025,综合,普通类一段,168,温州肯恩大学,,物理、化学(2科必选),582,66496,,,0,浙江,中外合作办学,0,0
浙江,2025,综合,普通类一段,17,嘉兴大学,,不限,581,57379,,,0,浙江,公办,0,0
浙江,2025,综合,普通类一段,17,嘉兴大学,,物理、化学(2科必选),551,78781,,,0,浙江,公办,0,0
浙江,2025,综合,普通类一段,17,嘉兴大学,,物理必选,571,84087,,,0,浙江,公办,0,0
浙江,2025,综合,普通类一段,17,嘉兴大学,,生物必选,586,68555,,,0,浙江,公办,0,0
浙江,2025,综合,普通类一段,18,浙大城市学院,,不限,575,51373,,,0,浙江,公办,0,0
浙江,2025,综合,普通类一段,18,浙大城市学院,,化学必选,560,99356,,,0,浙江,公办,0,0
浙江,2025,综合,普通类一段,18,浙大城市学院,,物理、化学(2科必选),567,54507,,,0,浙江,公办,0,0
浙江,2025,综合,普通类一段,18,浙大城市学院,,物理必选,577,78968,,,0,浙江,公办,0,0
浙江,2025,综合,普通类一段,182,宁波诺丁汉大学,,不限,612,28109,,,0,浙江,中外合作办学,0,0
浙江,2025,综合,普通类一段,182,宁波诺丁汉大学,,思想政治必选,623,29320,,,0,浙江,中外合作办学,0,0
浙江,2025,综合,普通类一段,182,宁波诺丁汉大学,,物理、化学(2科必选),609,27246,,,0,浙江,中外合作办学,0,0
浙江,2025,综合,普通类一段,186,上海财经大学浙江学院,,不限,544,91379,,,0,浙江,民办,0,0
浙江,2025,综合,普通类一段,186,上海财经大学浙江学院,,物理、化学(2科必选),501,164087,,,0,浙江,民办,0,0
浙江,2025,综合,普通类一段,186,上海财经大学浙江学院,,物理必选,518,150973,,,0,浙江,民办,0,0
浙江,2025,综合,普通类一段,189,北京航空航天大学,,历史必选,666,4849,,,0,北京,公办,1,1
浙江,2025,综合,普通类一段,189,北京航空航天大学,,物理、化学(2科必选),655,737,,,0,北京,公办,1,1
浙江,2025,综合,普通类一段,19,浙大宁波理工学院,,不限,567,65501,,,0,浙江,公办,0,0
浙江,2025,综合,普通类一段,19,浙大宁波理工学院,,物理、化学(2科必选),552,85028,,,0,浙江,公办,0,0
浙江,2025,综合,普通类一段,19,浙大宁波理工学院,,物理必选,562,95087,,,0,浙江,公办,0,0
浙江,2025,综合,普通类一段,199,浙江药科职业大学,,不限,513,91227,,,0,浙江,公办,0,0
浙江,2025,综合,普通类一段,199,浙江药科职业大学,,物理必选,512,141421,,,0,浙江,公办,0,0
浙江,2025,综合,普通类一段,2,中国美术学院,,不限,595,38496,,,0,浙江,公办,0,0
浙江,2025,综合,普通类一段,2,中国美术学院,,物理、化学(2科必选),595,57447,,,0,浙江,公办,0,0
浙江,2025,综合,普通类一段,2101,鞍山师范学院,,不限,567,91075,,,0,辽宁,公办,0,0
浙江,2025,综合,普通类一段,2101,鞍山师范学院,,物理、化学(2科必选),523,145445,,,0,辽宁,公办,0,0
浙江,2025,综合,普通类一段,2103,渤海大学,,不限,564,84121,,,0,辽宁,公办,0,0
浙江,2025,综合,普通类一段,2103,渤海大学,,物理、化学(2科必选),490,69286,,,0,辽宁,公办,0,0
浙江,2025,综合,普通类一段,2104,大连大学,,不限,572,48881,,,0,辽宁,公办,0,0
浙江,2025,综合,普通类一段,2104,大连大学,,化学必选,536,129825,,,0,辽宁,公办,0,0
浙江,2025,综合,普通类一段,2104,大连大学,,物理、化学(2科必选),522,80412,,,0,辽宁,公办,0,0
浙江,2025,综合,普通类一段,2104,大连大学,,物理必选,542,122484,,,0,辽宁,公办,0,0
浙江,2025,综合,普通类一段,2106,大连东软信息学院,,不限,527,132518,,,0,辽宁,民办,0,0
浙江,2025,综合,普通类一段,2106,大连东软信息学院,,物理、化学(2科必选),490,184372,,,0,辽宁,民办,0,0
浙江,2025,综合,普通类一段,2106,大连东软信息学院,,物理必选,490,184372,,,0,辽宁,民办,0,0
浙江,2025,综合,普通类一段,2107,大连工业大学,,不限,567,90632,,,4,辽宁,公办,0,0
浙江,2025,综合,普通类一段,2107,大连工业大学,,物理、化学(2科必选),528,70026,,,40,辽宁,公办,0,0
浙江,2025,综合,普通类一段,2108,大连海事大学,,不限,631,11760,,,0,辽宁,公办,0,1
浙江,2025,综合,普通类一段,2108,大连海事大学,,物理、化学(2科必选),588,19156,,,0,辽宁,公办,0,1
浙江,2025,综合,普通类一段,2108,大连海事大学,,物理必选,619,32382,,,0,辽宁,公办,0,1
浙江,2025,综合,普通类一段,2109,大连交通大学,,不限,591,61003,,,0,辽宁,公办,0,0
浙江,2025,综合,普通类一段,2109,大连交通大学,,物理、化学(2科必选),548,59976,,,0,辽宁,公办,0,0
浙江,2025,综合,普通类一段,2109,大连交通大学,,物理必选,560,99388,,,0,辽宁,公办,0,0
浙江,2025,综合,普通类一段,2110,大连科技学院,,不限,520,132138,,,0,辽宁,民办,0,0
浙江,2025,综合,普通类一段,2111,大连理工大学,,物理、化学(2科必选),639,4655,,,0,辽宁,公办,1,1
浙江,2025,综合,普通类一段,2111,大连理工大学,,物理必选,656,8428,,,0,辽宁,公办,1,1
浙江,2025,综合,普通类一段,2111,大连理工大学（盘锦校区）,,物理、化学(2科必选),627,12756,,,0,辽宁,公办,1,1
浙江,2025,综合,普通类一段,2111,大连理工大学（盘锦校区）,,物理必选,636,19162,,,0,辽宁,公办,1,1
浙江,2025,综合,普通类一段,2112,大连理工大学城市学院,,不限,530,122098,,,0,辽宁,民办,0,0
浙江,2025,综合,普通类一段,2112,大连理工大学城市学院,,物理、化学(2科必选),490,166556,,,0,辽宁,民办,0,0
浙江,2025,综合,普通类一段,2112,大连理工大学城市学院,,物理必选,490,171740,,,0,辽宁,民办,0,0
浙江,2025,综合,普通类一段,2113,大连民族大学,,不限,571,86830,,,0,辽宁,公办,0,0
浙江,2025,综合,普通类一段,2113,大连民族大学,,物理、化学(2科必选),547,115329,,,0,辽宁,公办,0,0
浙江,2025,综合,普通类一段,2115,大连海洋大学,,不限,581,74572,,,0,辽宁,公办,0,0
浙江,2025,综合,普通类一段,2115,大连海洋大学,,物理、化学(2科必选),521,89628,,,0,辽宁,公办,0,0
浙江,2025,综合,普通类一段,2116,大连外国语大学,,不限,581,42682,,,0,辽宁,公办,0,0
浙江,2025,综合,普通类一段,2116,大连外国语大学,,思想政治必选,606,45268,,,0,辽宁,公办,0,0
浙江,2025,综合,普通类一段,2116,大连外国语大学,,物理必选,549,112846,,,0,辽宁,公办,0,0
浙江,2025,综合,普通类一段,2117,大连医科大学,,物理、化学(2科必选),552,12508,,,0,辽宁,公办,0,0
浙江,2025,综合,普通类一段,2118,大连医科大学中山学院,,化学必选,503,169376,,,0,辽宁,民办,0,0
浙江,2025,综合,普通类一段,2118,大连医科大学中山学院,,物理、化学(2科必选),490,117435,,,0,辽宁,民办,0,0
浙江,2025,综合,普通类一段,2122,东北财经大学,,不限,601,14625,,,0,辽宁,公办,0,0
浙江,2025,综合,普通类一段,2122,东北财经大学,,物理、化学(2科必选),591,44872,,,0,辽宁,公办,0,0
浙江,2025,综合,普通类一段,2122,东北财经大学,,物理必选,597,34109,,,0,辽宁,公办,0,0
浙江,2025,综合,普通类一段,2123,大连财经学院,,不限,530,110978,,,0,辽宁,民办,0,0
浙江,2025,综合,普通类一段,2123,大连财经学院,,物理必选,490,149923,,,0,辽宁,民办,0,0
浙江,2025,综合,普通类一段,2124,东北大学,,不限,644,12276,,,0,辽宁,公办,1,1
浙江,2025,综合,普通类一段,2124,东北大学,,物理、化学(2科必选),638,9042,,,0,辽宁,公办,1,1
浙江,2025,综合,普通类一段,2124,东北大学,,物理必选,639,16861,,,0,辽宁,公办,1,1
浙江,2025,综合,普通类一段,2126,辽宁财贸学院,,不限,520,140762,,,0,辽宁,民办,0,0
浙江,2025,综合,普通类一段,2127,辽宁大学,,不限,597,13214,,,0,辽宁,公办,0,1
浙江,2025,综合,普通类一段,2127,辽宁大学,,物理、化学(2科必选),617,22427,,,0,辽宁,公办,0,1
浙江,2025,综合,普通类一段,2127,辽宁大学,,物理必选,608,43861,,,0,辽宁,公办,0,1
浙江,2025,综合,普通类一段,2128,辽宁对外经贸学院,,不限,520,138706,,,0,辽宁,民办,0,0
浙江,2025,综合,普通类一段,2129,辽宁工业大学,,物理、化学(2科必选),495,97785,,,0,辽宁,公办,0,0
浙江,2025,综合,普通类一段,2133,辽宁科技大学,,物理、化学(2科必选),505,92533,,,0,辽宁,公办,0,0
浙江,2025,综合,普通类一段,2136,辽宁师范大学,,不限,561,93700,,,0,辽宁,公办,0,0
浙江,2025,综合,普通类一段,2136,辽宁师范大学,,物理、化学(2科必选),566,85292,,,0,辽宁,公办,0,0
浙江,2025,综合,普通类一段,2137,辽宁石油化工大学,,物理、化学(2科必选),522,76206,,,0,辽宁,公办,0,0
浙江,2025,综合,普通类一段,2138,锦州医科大学,,物理、化学(2科必选),526,53376,,,0,辽宁,公办,0,0
浙江,2025,综合,普通类一段,2138,锦州医科大学,,物理、生物(2科必选),490,184372,,,0,辽宁,公办,0,0
浙江,2025,综合,普通类一段,2139,辽宁中医药大学,,不限,575,43655,,,0,辽宁,公办,0,0
浙江,2025,综合,普通类一段,2139,辽宁中医药大学,,化学必选,507,164574,,,0,辽宁,公办,0,0
浙江,2025,综合,普通类一段,2139,辽宁中医药大学,,物理、化学(2科必选),534,132247,,,0,辽宁,公办,0,0
浙江,2025,综合,普通类一段,2139,辽宁中医药大学,,物理必选,538,127111,,,0,辽宁,公办,0,0
浙江,2025,综合,普通类一段,2140,辽宁中医药大学杏林学院,,物理、化学(2科必选),497,145166,,,0,辽宁,民办,0,0
浙江,2025,综合,普通类一段,2142,沈阳大学,,物理、化学(2科必选),535,110100,,,0,辽宁,公办,0,0
浙江,2025,综合,普通类一段,2142,沈阳大学,,物理必选,526,141784,,,0,辽宁,公办,0,0
浙江,2025,综合,普通类一段,2143,沈阳城市学院,,不限,522,112312,,,0,辽宁,民办,0,0
浙江,2025,综合,普通类一段,2144,沈阳工程学院,,不限,490,184372,,,0,辽宁,公办,0,0
浙江,2025,综合,普通类一段,2144,沈阳工程学院,,物理、化学(2科必选),565,24766,,,0,辽宁,公办,0,0
浙江,2025,综合,普通类一段,2145,沈阳工业大学,,不限,574,83067,,,0,辽宁,公办,0,0
浙江,2025,综合,普通类一段,2145,沈阳工业大学,,物理、化学(2科必选),544,41850,,,0,辽宁,公办,0,0
浙江,2025,综合,普通类一段,2145,沈阳工业大学,,物理必选,549,108291,,,0,辽宁,公办,0,0
浙江,2025,综合,普通类一段,2147,沈阳航空航天大学,,物理、化学(2科必选),566,34359,,,0,辽宁,公办,0,0
浙江,2025,综合,普通类一段,2149,沈阳化工大学,,物理、化学(2科必选),508,89515,,,0,辽宁,公办,0,0
浙江,2025,综合,普通类一段,2149,沈阳化工大学,,物理必选,530,108256,,,0,辽宁,公办,0,0
浙江,2025,综合,普通类一段,2151,沈阳建筑大学,,物理、化学(2科必选),512,83164,,,0,辽宁,公办,0,0
浙江,2025,综合,普通类一段,2151,沈阳建筑大学,,物理必选,531,93504,,,0,辽宁,公办,0,0
浙江,2025,综合,普通类一段,2152,沈阳城市建设学院,,不限,522,135394,,,0,辽宁,民办,0,0
浙江,2025,综合,普通类一段,2152,沈阳城市建设学院,,历史必选,524,142806,,,0,辽宁,民办,0,0
浙江,2025,综合,普通类一段,2153,沈阳理工大学,,物理、化学(2科必选),497,60051,,,0,辽宁,公办,0,0
浙江,2025,综合,普通类一段,2154,沈阳工学院,,不限,522,126428,,,0,辽宁,民办,0,0
浙江,2025,综合,普通类一段,2154,沈阳工学院,,物理、化学(2科必选),490,184372,,,0,辽宁,民办,0,0
浙江,2025,综合,普通类一段,2154,沈阳工学院,,物理必选,490,184372,,,0,辽宁,民办,0,0
浙江,2025,综合,普通类一段,2154,沈阳工学院,,生物必选,527,140623,,,0,辽宁,民办,0,0
浙江,2025,综合,普通类一段,2155,沈阳农业大学,,物理、化学(2科必选),513,66358,,,0,辽宁,公办,0,0
浙江,2025,综合,普通类一段,2156,沈阳师范大学,,不限,561,64892,,,0,辽宁,公办,0,0
浙江,2025,综合,普通类一段,2156,沈阳师范大学,,历史必选,589,65011,,,0,辽宁,公办,0,0
浙江,2025,综合,普通类一段,2156,沈阳师范大学,,物理、化学(2科必选),506,102043,,,0,辽宁,公办,0,0
浙江,2025,综合,普通类一段,2158,沈阳药科大学,,化学必选,536,129781,,,0,辽宁,公办,0,0
浙江,2025,综合,普通类一段,2158,沈阳药科大学,,物理、化学(2科必选),528,29119,,,0,辽宁,公办,0,0
浙江,2025,综合,普通类一段,2159,沈阳医学院,,物理、化学(2科必选),527,57315,,,0,辽宁,公办,0,0
浙江,2025,综合,普通类一段,2159,沈阳医学院,,生物必选,573,83829,,,0,辽宁,公办,0,0
浙江,2025,综合,普通类一段,2161,中国医科大学,,物理、化学(2科必选),523,9278,,,0,辽宁,公办,0,0
浙江,2025,综合,普通类一段,2163,鲁迅美术学院,,不限,569,89233,,,0,辽宁,公办,0,0
浙江,2025,综合,普通类一段,2170,辽宁工程技术大学,,物理、化学(2科必选),562,97413,,,0,辽宁,公办,0,0
浙江,2025,综合,普通类一段,220,杭州师范大学,,不限,601,22735,,,0,浙江,公办,0,0
浙江,2025,综合,普通类一段,220,杭州师范大学,,化学必选,576,61733,,,0,浙江,公办,0,0
浙江,2025,综合,普通类一段,220,杭州师范大学,,思想政治必选,625,27206,,,0,浙江,公办,0,0
浙江,2025,综合,普通类一段,220,杭州师范大学,,物理、化学(2科必选),562,43670,,,0,浙江,公办,0,0
浙江,2025,综合,普通类一段,220,杭州师范大学,,物理必选,584,51426,,,0,浙江,公办,0,0
浙江,2025,综合,普通类一段,2201,北华大学,,不限,565,69485,,,0,吉林,公办,0,0
浙江,2025,综合,普通类一段,2201,北华大学,,思想政治必选,577,78874,,,0,吉林,公办,0,0
浙江,2025,综合,普通类一段,2201,北华大学,,物化生(3科必选),536,99849,,,0,吉林,公办,0,0
浙江,2025,综合,普通类一段,2201,北华大学,,物理、化学(2科必选),502,94803,,,0,吉林,公办,0,0
浙江,2025,综合,普通类一段,2201,北华大学,,生物必选,565,93059,,,0,吉林,公办,0,0
浙江,2025,综合,普通类一段,2202,长春大学,,不限,557,68981,,,0,吉林,公办,0,0
浙江,2025,综合,普通类一段,2202,长春大学,,物理、化学(2科必选),490,89143,,,0,吉林,公办,0,0
浙江,2025,综合,普通类一段,2202,长春大学,,物理必选,544,119468,,,0,吉林,公办,0,0
浙江,2025,综合,普通类一段,2203,长春光华学院,,不限,519,122911,,,0,吉林,民办,0,0
浙江,2025,综合,普通类一段,2203,长春光华学院,,物理、化学(2科必选),490,184372,,,0,吉林,民办,0,0
浙江,2025,综合,普通类一段,2204,长春大学旅游学院,,不限,519,132321,,,0,吉林,民办,0,0
浙江,2025,综合,普通类一段,2206,长春工程学院,,物理、化学(2科必选),490,57262,,,0,吉林,公办,0,0
浙江,2025,综合,普通类一段,2206,长春工程学院,,物理必选,514,149652,,,0,吉林,公办,0,0
浙江,2025,综合,普通类一段,2207,长春工业大学,,不限,565,75794,,,0,吉林,公办,0,0
浙江,2025,综合,普通类一段,2207,长春工业大学,,物理、化学(2科必选),514,68072,,,0,吉林,公办,0,0
浙江,2025,综合,普通类一段,2207,长春工业大学,,物理必选,533,102098,,,0,吉林,公办,0,0
浙江,2025,综合,普通类一段,2208,长春工业大学人文信息学院,,不限,519,121310,,,0,吉林,民办,0,0
浙江,2025,综合,普通类一段,2208,长春工业大学人文信息学院,,物理、化学(2科必选),490,184372,,,0,吉林,民办,0,0
浙江,2025,综合,普通类一段,2209,长春金融高等专科学校,,不限,490,184372,,,0,吉林,公办,0,0
浙江,2025,综合,普通类一段,2210,长春理工大学,,不限,516,49087,,,0,吉林,公办,0,0
浙江,2025,综合,普通类一段,2210,长春理工大学,,物化生(3科必选),531,135132,,,0,吉林,公办,0,0
浙江,2025,综合,普通类一段,2210,长春理工大学,,物理、化学(2科必选),508,32363,,,0,吉林,公办,0,0
浙江,2025,综合,普通类一段,2210,长春理工大学,,物理必选,563,88838,,,0,吉林,公办,0,0
浙江,2025,综合,普通类一段,2211,长春电子科技学院,,不限,518,147095,,,0,吉林,民办,0,0
浙江,2025,综合,普通类一段,2211,长春电子科技学院,,物理、化学(2科必选),490,184372,,,0,吉林,民办,0,0
浙江,2025,综合,普通类一段,2213,长春师范大学,,不限,562,89953,,,1,吉林,公办,0,0
浙江,2025,综合,普通类一段,2213,长春师范大学,,历史必选,569,67209,,,0,吉林,公办,0,0
浙江,2025,综合,普通类一段,2213,长春师范大学,,地理必选,592,61427,,,0,吉林,公办,0,0
浙江,2025,综合,普通类一段,2213,长春师范大学,,物理、化学(2科必选),515,125257,,,0,吉林,公办,0,0
浙江,2025,综合,普通类一段,2213,长春师范大学,,物理必选,528,139522,,,0,吉林,公办,0,0
浙江,2025,综合,普通类一段,2214,吉林财经大学,,不限,563,54370,,,0,吉林,公办,0,0
浙江,2025,综合,普通类一段,2214,吉林财经大学,,物理、化学(2科必选),543,97467,,,0,吉林,公办,0,0
浙江,2025,综合,普通类一段,2214,吉林财经大学,,物理必选,548,87087,,,0,吉林,公办,0,0
浙江,2025,综合,普通类一段,2215,长春财经学院,,不限,523,118680,,,0,吉林,民办,0,0
浙江,2025,综合,普通类一段,2215,长春财经学院,,物理、化学(2科必选),490,182313,,,0,吉林,民办,0,0
浙江,2025,综合,普通类一段,2216,长春医学高等专科学校,,不限,490,133443,,,0,吉林,公办,0,0
浙江,2025,综合,普通类一段,2217,东北电力大学,,不限,567,56835,,,0,吉林,公办,0,0
浙江,2025,综合,普通类一段,2217,东北电力大学,,思想政治必选,577,79206,,,0,吉林,公办,0,0
浙江,2025,综合,普通类一段,2217,东北电力大学,,物理、化学(2科必选),560,23886,,,0,吉林,公办,0,0
浙江,2025,综合,普通类一段,2218,东北师范大学,,不限,597,11324,,,0,吉林,公办,0,1
浙江,2025,综合,普通类一段,2218,东北师范大学,,思想政治必选,645,13835,,,0,吉林,公办,0,1
浙江,2025,综合,普通类一段,2218,东北师范大学,,物理、化学(2科必选),624,21928,,,0,吉林,公办,0,1
浙江,2025,综合,普通类一段,2219,长春人文学院,,不限,519,115938,,,0,吉林,民办,0,0
浙江,2025,综合,普通类一段,2219,长春人文学院,,物理、化学(2科必选),490,184372,,,0,吉林,民办,0,0
浙江,2025,综合,普通类一段,222,浙江师范大学,,不限,597,12018,,,0,浙江,公办,0,0
浙江,2025,综合,普通类一段,222,浙江师范大学,,历史必选,634,13901,,,0,浙江,公办,0,0
浙江,2025,综合,普通类一段,222,浙江师范大学,,地理必选,602,21338,,,0,浙江,公办,0,0
浙江,2025,综合,普通类一段,222,浙江师范大学,,思想政治必选,637,18482,,,0,浙江,公办,0,0
浙江,2025,综合,普通类一段,222,浙江师范大学,,物理、化学(2科必选),577,23215,,,0,浙江,公办,0,0
浙江,2025,综合,普通类一段,222,浙江师范大学,,物理必选,582,65654,,,0,浙江,公办,0,0
浙江,2025,综合,普通类一段,2220,吉林大学,,不限,655,3733,,,0,吉林,公办,1,1
浙江,2025,综合,普通类一段,2220,吉林大学,,历史必选,653,7935,,,0,吉林,公办,1,1
浙江,2025,综合,普通类一段,2220,吉林大学,,思想政治必选,653,8948,,,0,吉林,公办,1,1
浙江,2025,综合,普通类一段,2220,吉林大学,,物理、化学(2科必选),639,8671,,,0,吉林,公办,1,1
浙江,2025,综合,普通类一段,2220,吉林大学,,物理必选,644,13178,,,0,吉林,公办,1,1
浙江,2025,综合,普通类一段,2221,吉林动画学院,,不限,521,139154,,,0,吉林,民办,0,0
浙江,2025,综合,普通类一段,2222,吉林工程技术师范学院,,不限,560,99323,,,0,吉林,公办,0,0
浙江,2025,综合,普通类一段,2222,吉林工程技术师范学院,,物理、化学(2科必选),508,162968,,,0,吉林,公办,0,0
浙江,2025,综合,普通类一段,2223,吉林工商学院,,不限,559,89245,,,0,吉林,公办,0,0
浙江,2025,综合,普通类一段,2223,吉林工商学院,,物理、化学(2科必选),498,141345,,,0,吉林,公办,0,0
浙江,2025,综合,普通类一段,2225,吉林外国语大学,,不限,521,108403,,,0,吉林,民办,0,0
浙江,2025,综合,普通类一段,2225,吉林外国语大学,,思想政治必选,538,127436,,,0,吉林,民办,0,0
浙江,2025,综合,普通类一段,2225,吉林外国语大学,,物理、化学(2科必选),490,184372,,,0,吉林,民办,0,0
浙江,2025,综合,普通类一段,2225,吉林外国语大学,,物理必选,490,184372,,,0,吉林,民办,0,0
浙江,2025,综合,普通类一段,2226,吉林化工大学,,不限,562,97908,,,0,吉林,公办,0,0
浙江,2025,综合,普通类一段,2226,吉林化工大学,,物理、化学(2科必选),509,116860,,,0,吉林,公办,0,0
浙江,2025,综合,普通类一段,2226,吉林化工大学,,物理必选,523,145737,,,0,吉林,公办,0,0
浙江,2025,综合,普通类一段,2227,吉林建筑大学,,不限,562,81891,,,0,吉林,公办,0,0
浙江,2025,综合,普通类一段,2227,吉林建筑大学,,物理、化学(2科必选),490,110409,,,0,吉林,公办,0,0
浙江,2025,综合,普通类一段,2227,吉林建筑大学,,物理必选,490,142102,,,0,吉林,公办,0,0
浙江,2025,综合,普通类一段,2227,吉林建筑大学,,生物、地理(2科必选),560,99893,,,0,吉林,公办,0,0
浙江,2025,综合,普通类一段,2228,吉林建筑科技学院,,不限,518,142182,,,0,吉林,民办,0,0
浙江,2025,综合,普通类一段,2228,吉林建筑科技学院,,物理、化学(2科必选),490,184372,,,0,吉林,民办,0,0
浙江,2025,综合,普通类一段,2228,吉林建筑科技学院,,物理必选,490,184372,,,0,吉林,民办,0,0
浙江,2025,综合,普通类一段,2229,长春建筑学院,,不限,519,141577,,,0,吉林,民办,0,0
浙江,2025,综合,普通类一段,2229,长春建筑学院,,化学必选,502,169952,,,0,吉林,民办,0,0
浙江,2025,综合,普通类一段,223,湖州师范学院,,不限,581,35576,,,0,浙江,公办,0,0
浙江,2025,综合,普通类一段,223,湖州师范学院,,化学必选,550,111741,,,0,浙江,公办,0,0
浙江,2025,综合,普通类一段,223,湖州师范学院,,思想政治必选,596,56618,,,0,浙江,公办,0,0
浙江,2025,综合,普通类一段,223,湖州师范学院,,物理、化学(2科必选),550,74997,,,0,浙江,公办,0,0
浙江,2025,综合,普通类一段,223,湖州师范学院,,物理必选,555,101849,,,0,浙江,公办,0,0
浙江,2025,综合,普通类一段,2231,吉林农业大学,,不限,565,82147,,,0,吉林,公办,0,0
浙江,2025,综合,普通类一段,2231,吉林农业大学,,思想政治必选,578,78052,,,0,吉林,公办,0,0
浙江,2025,综合,普通类一段,2231,吉林农业大学,,物化生(3科必选),490,143803,,,0,吉林,公办,0,0
浙江,2025,综合,普通类一段,2231,吉林农业大学,,物理、化学(2科必选),507,114232,,,0,吉林,公办,0,0
浙江,2025,综合,普通类一段,2232,长春科技学院,,不限,490,121718,,,0,吉林,民办,0,0
浙江,2025,综合,普通类一段,2232,长春科技学院,,物理、化学(2科必选),490,184372,,,0,吉林,民办,0,0
浙江,2025,综合,普通类一段,2232,长春科技学院,,生物必选,539,126423,,,0,吉林,民办,0,0
浙江,2025,综合,普通类一段,2233,吉林农业科技学院,,不限,562,97213,,,0,吉林,公办,0,0
浙江,2025,综合,普通类一段,2233,吉林农业科技学院,,物理、化学(2科必选),499,135268,,,0,吉林,公办,0,0
浙江,2025,综合,普通类一段,2233,吉林农业科技学院,,生物必选,559,101245,,,0,吉林,公办,0,0
浙江,2025,综合,普通类一段,2234,吉林师范大学,,不限,564,62756,,,0,吉林,公办,0,0
浙江,2025,综合,普通类一段,2234,吉林师范大学,,物理、化学(2科必选),512,109194,,,0,吉林,公办,0,0
浙江,2025,综合,普通类一段,2235,吉林师范大学博达学院,,不限,519,144509,,,0,吉林,民办,0,0
浙江,2025,综合,普通类一段,2236,吉林司法警官职业学院,,不限,490,184372,,,0,吉林,公办,0,0
浙江,2025,综合,普通类一段,2238,吉林铁道职业技术大学,,不限,490,167400,,,0,吉林,公办,0,0
浙江,2025,综合,普通类一段,2239,吉林医药学院,,历史必选,562,95229,,,0,吉林,公办,0,0
浙江,2025,综合,普通类一段,2239,吉林医药学院,,物化生(3科必选),490,148505,,,0,吉林,公办,0,0
浙江,2025,综合,普通类一段,2239,吉林医药学院,,物理、化学(2科必选),490,143506,,,0,吉林,公办,0,0
浙江,2025,综合,普通类一段,2239,吉林医药学院,,物理必选,537,127788,,,0,吉林,公办,0,0
浙江,2025,综合,普通类一段,2241,通化师范学院,,不限,558,96669,,,0,吉林,公办,0,0
浙江,2025,综合,普通类一段,2241,通化师范学院,,地理必选,568,89808,,,0,吉林,公办,0,0
浙江,2025,综合,普通类一段,2241,通化师范学院,,物理、化学(2科必选),496,157613,,,0,吉林,公办,0,0
浙江,2025,综合,普通类一段,2242,延边大学,,不限,600,18974,,,0,吉林,公办,0,1
浙江,2025,综合,普通类一段,2242,延边大学,,物理、化学(2科必选),589,36383,,,0,吉林,公办,0,1
浙江,2025,综合,普通类一段,2243,吉林艺术学院,,不限,553,95664,,,0,吉林,公办,0,0
浙江,2025,综合,普通类一段,2244,白城师范学院,,不限,536,85935,,,0,吉林,公办,0,0
浙江,2025,综合,普通类一段,2244,白城师范学院,,地理必选,565,93199,,,0,吉林,公办,0,0
浙江,2025,综合,普通类一段,2244,白城师范学院,,思想政治必选,566,93008,,,0,吉林,公办,0,0
浙江,2025,综合,普通类一段,2244,白城师范学院,,物理、化学(2科必选),502,153756,,,0,吉林,公办,0,0
浙江,2025,综合,普通类一段,2245,长春中医药大学,,不限,595,22317,,,0,吉林,公办,0,0
浙江,2025,综合,普通类一段,2245,长春中医药大学,,物理、化学(2科必选),558,101841,,,0,吉林,公办,0,0
浙江,2025,综合,普通类一段,2301,大庆师范学院,,不限,554,99213,,,0,黑龙江,公办,0,0
浙江,2025,综合,普通类一段,2301,大庆师范学院,,史政地(3科必选),562,95199,,,0,黑龙江,公办,0,0
浙江,2025,综合,普通类一段,2301,大庆师范学院,,物理、化学(2科必选),500,167937,,,0,黑龙江,公办,0,0
浙江,2025,综合,普通类一段,2302,东北石油大学,,物理、化学(2科必选),490,73883,,,0,黑龙江,公办,0,0
浙江,2025,综合,普通类一段,2303,东北林业大学,,不限,615,18566,,,0,黑龙江,公办,0,1
浙江,2025,综合,普通类一段,2303,东北林业大学,,物理、化学(2科必选),592,26699,,,0,黑龙江,公办,0,1
浙江,2025,综合,普通类一段,2303,东北林业大学,,物理、生物(2科必选),600,51422,,,0,黑龙江,公办,0,1
浙江,2025,综合,普通类一段,2303,东北林业大学,,物理必选,597,54921,,,0,黑龙江,公办,0,1
浙江,2025,综合,普通类一段,2304,东北农业大学,,不限,611,23573,,,0,黑龙江,公办,0,1
浙江,2025,综合,普通类一段,2304,东北农业大学,,物理、化学(2科必选),541,27161,,,0,黑龙江,公办,0,1
浙江,2025,综合,普通类一段,2304,东北农业大学,,生物必选,612,39517,,,0,黑龙江,公办,0,1
浙江,2025,综合,普通类一段,2305,黑龙江工商学院,,不限,519,136855,,,0,黑龙江,民办,0,0
浙江,2025,综合,普通类一段,2306,黑龙江财经学院,,不限,519,113578,,,0,黑龙江,民办,0,0
浙江,2025,综合,普通类一段,2308,哈尔滨工程大学,,物理、化学(2科必选),603,10546,,,0,黑龙江,公办,0,1
浙江,2025,综合,普通类一段,2309,哈尔滨工业大学,,物理、化学(2科必选),642,1380,,,0,黑龙江,公办,1,1
浙江,2025,综合,普通类一段,2309,哈尔滨工业大学,,物理必选,640,10725,,,0,黑龙江,公办,1,1
浙江,2025,综合,普通类一段,2310,哈尔滨工业大学（威海）,,物理、化学(2科必选),642,7453,,,0,山东,公办,1,1
浙江,2025,综合,普通类一段,2312,哈尔滨金融学院,,不限,560,86095,,,0,黑龙江,公办,0,0
浙江,2025,综合,普通类一段,2312,哈尔滨金融学院,,物理、化学(2科必选),522,145984,,,0,黑龙江,公办,0,0
浙江,2025,综合,普通类一段,2312,哈尔滨金融学院,,物理必选,512,135190,,,0,黑龙江,公办,0,0
浙江,2025,综合,普通类一段,2313,哈尔滨理工大学,,物理、化学(2科必选),552,37802,,,0,黑龙江,公办,0,0
浙江,2025,综合,普通类一段,2313,哈尔滨理工大学,,物理必选,545,85821,,,0,黑龙江,公办,0,0
浙江,2025,综合,普通类一段,2314,哈尔滨商业大学,,不限,564,71641,,,0,黑龙江,公办,0,0
浙江,2025,综合,普通类一段,2314,哈尔滨商业大学,,物理、化学(2科必选),507,110396,,,0,黑龙江,公办,0,0
浙江,2025,综合,普通类一段,2314,哈尔滨商业大学,,物理必选,534,115653,,,0,黑龙江,公办,0,0
浙江,2025,综合,普通类一段,2315,哈尔滨师范大学,,不限,555,50074,,,0,黑龙江,公办,0,0
浙江,2025,综合,普通类一段,2315,哈尔滨师范大学,,物理、化学(2科必选),490,120888,,,0,黑龙江,公办,0,0
浙江,2025,综合,普通类一段,2315,哈尔滨师范大学,,物理必选,545,118034,,,0,黑龙江,公办,0,0
浙江,2025,综合,普通类一段,2316,黑龙江外国语学院,,不限,518,148286,,,0,黑龙江,民办,0,0
浙江,2025,综合,普通类一段,2318,哈尔滨铁道职业技术学院,,不限,490,169212,,,0,黑龙江,公办,0,0
浙江,2025,综合,普通类一段,2319,哈尔滨学院,,不限,562,83083,,,0,黑龙江,公办,0,0
浙江,2025,综合,普通类一段,2319,哈尔滨学院,,历史必选,560,72337,,,0,黑龙江,公办,0,0
浙江,2025,综合,普通类一段,2319,哈尔滨学院,,地理必选,574,83122,,,0,黑龙江,公办,0,0
浙江,2025,综合,普通类一段,2319,哈尔滨学院,,物理、化学(2科必选),500,133052,,,0,黑龙江,公办,0,0
浙江,2025,综合,普通类一段,232,浙江舟山群岛新区旅游与健康职业学院,,不限,490,179501,,,0,浙江,公办,0,0
浙江,2025,综合,普通类一段,2320,哈尔滨医科大学,,物化生(3科必选),561,11740,,,0,黑龙江,公办,0,0
浙江,2025,综合,普通类一段,2320,哈尔滨医科大学,,物理、化学(2科必选),560,51129,,,0,黑龙江,公办,0,0
浙江,2025,综合,普通类一段,2320,哈尔滨医科大学,,生物必选,601,26766,,,0,黑龙江,公办,0,0
浙江,2025,综合,普通类一段,2322,黑龙江八一农垦大学,,不限,558,86366,,,0,黑龙江,公办,0,0
浙江,2025,综合,普通类一段,2322,黑龙江八一农垦大学,,物理、化学(2科必选),490,130581,,,0,黑龙江,公办,0,0
浙江,2025,综合,普通类一段,2322,黑龙江八一农垦大学,,生物必选,560,100005,,,0,黑龙江,公办,0,0
浙江,2025,综合,普通类一段,2323,黑龙江大学,,不限,570,29044,,,0,黑龙江,公办,0,0
浙江,2025,综合,普通类一段,2323,黑龙江大学,,历史必选,578,52794,,,0,黑龙江,公办,0,0
浙江,2025,综合,普通类一段,2323,黑龙江大学,,物理、化学(2科必选),530,54284,,,0,黑龙江,公办,0,0
浙江,2025,综合,普通类一段,2324,黑龙江东方学院,,物理、化学(2科必选),490,184372,,,0,黑龙江,民办,0,0
浙江,2025,综合,普通类一段,2325,黑龙江工程学院,,物理、化学(2科必选),510,135898,,,0,黑龙江,公办,0,0
浙江,2025,综合,普通类一段,2328,黑龙江科技大学,,不限,571,83601,,,0,黑龙江,公办,0,0
浙江,2025,综合,普通类一段,2328,黑龙江科技大学,,物理、化学(2科必选),520,103238,,,0,黑龙江,公办,0,0
浙江,2025,综合,普通类一段,2329,黑龙江农垦职业学院,,不限,490,184372,,,0,黑龙江,公办,0,0
浙江,2025,综合,普通类一段,2332,黑龙江中医药大学,,不限,590,45705,,,0,黑龙江,公办,0,0
浙江,2025,综合,普通类一段,2332,黑龙江中医药大学,,物理、化学(2科必选),524,106693,,,0,黑龙江,公办,0,0
浙江,2025,综合,普通类一段,2332,黑龙江中医药大学,,物理、生物(2科必选),573,83839,,,0,黑龙江,公办,0,0
浙江,2025,综合,普通类一段,2332,黑龙江中医药大学,,生物必选,577,79761,,,0,黑龙江,公办,0,0
浙江,2025,综合,普通类一段,2333,佳木斯大学,,不限,561,93427,,,0,黑龙江,公办,0,0
浙江,2025,综合,普通类一段,2333,佳木斯大学,,物化生(3科必选),494,179323,,,0,黑龙江,公办,0,0
浙江,2025,综合,普通类一段,2333,佳木斯大学,,物理、化学(2科必选),497,158143,,,0,黑龙江,公办,0,0
浙江,2025,综合,普通类一段,2333,佳木斯大学,,生物必选,562,97536,,,0,黑龙江,公办,0,0
浙江,2025,综合,普通类一段,2334,牡丹江大学,,不限,490,184372,,,0,黑龙江,公办,0,0
浙江,2025,综合,普通类一段,2335,牡丹江师范学院,,不限,558,89884,,,0,黑龙江,公办,0,0
浙江,2025,综合,普通类一段,2335,牡丹江师范学院,,物理、化学(2科必选),498,134318,,,0,黑龙江,公办,0,0
浙江,2025,综合,普通类一段,2335,牡丹江师范学院,,物理必选,510,160488,,,0,黑龙江,公办,0,0
浙江,2025,综合,普通类一段,2336,牡丹江医科大学,,不限,565,93551,,,0,黑龙江,公办,0,0
浙江,2025,综合,普通类一段,2336,牡丹江医科大学,,化学、生物(2科必选),535,130501,,,0,黑龙江,公办,0,0
浙江,2025,综合,普通类一段,2336,牡丹江医科大学,,物化生(3科必选),503,140021,,,0,黑龙江,公办,0,0
浙江,2025,综合,普通类一段,2336,牡丹江医科大学,,物理、化学(2科必选),499,90927,,,0,黑龙江,公办,0,0
浙江,2025,综合,普通类一段,2337,齐齐哈尔大学,,不限,562,92192,,,0,黑龙江,公办,0,0
浙江,2025,综合,普通类一段,2337,齐齐哈尔大学,,历史必选,565,94233,,,0,黑龙江,公办,0,0
浙江,2025,综合,普通类一段,2337,齐齐哈尔大学,,物理、化学(2科必选),503,124591,,,0,黑龙江,公办,0,0
浙江,2025,综合,普通类一段,2337,齐齐哈尔大学,,物理、生物(2科必选),516,153408,,,0,黑龙江,公办,0,0
浙江,2025,综合,普通类一段,2338,齐齐哈尔医学院,,不限,558,88844,,,0,黑龙江,公办,0,0
浙江,2025,综合,普通类一段,2338,齐齐哈尔医学院,,物化生(3科必选),494,136395,,,0,黑龙江,公办,0,0
浙江,2025,综合,普通类一段,2338,齐齐哈尔医学院,,物理、化学(2科必选),513,142016,,,0,黑龙江,公办,0,0
浙江,2025,综合,普通类一段,2356,哈尔滨职业技术大学,,物理必选,494,173243,,,0,黑龙江,公办,0,0
浙江,2025,综合,普通类一段,24,温州大学,,不限,591,35545,,,0,浙江,公办,0,0
浙江,2025,综合,普通类一段,24,温州大学,,思想政治必选,612,39768,,,0,浙江,公办,0,0
浙江,2025,综合,普通类一段,24,温州大学,,物理、化学(2科必选),559,58936,,,0,浙江,公办,0,0
浙江,2025,综合,普通类一段,24,温州大学,,物理必选,567,75620,,,0,浙江,公办,0,0
浙江,2025,综合,普通类一段,25,浙江外国语学院,,不限,576,62441,,,0,浙江,公办,0,0
浙江,2025,综合,普通类一段,25,浙江外国语学院,,历史必选,586,56805,,,0,浙江,公办,0,0
浙江,2025,综合,普通类一段,25,浙江外国语学院,,物理、化学(2科必选),553,86749,,,0,浙江,公办,0,0
浙江,2025,综合,普通类一段,25,浙江外国语学院,,物理必选,541,110832,,,0,浙江,公办,0,0
浙江,2025,综合,普通类一段,259,浙江大学医学院,,物理、化学(2科必选),658,1245,,,0,浙江,公办,1,1
浙江,2025,综合,普通类一段,27,浙江传媒学院,,不限,580,51382,,,0,浙江,公办,0,0
浙江,2025,综合,普通类一段,27,浙江传媒学院,,物理、化学(2科必选),544,73367,,,0,浙江,公办,0,0
浙江,2025,综合,普通类一段,28,宁波工程学院,,不限,569,71672,,,0,浙江,公办,0,0
浙江,2025,综合,普通类一段,28,宁波工程学院,,物理、化学(2科必选),532,96771,,,0,浙江,公办,0,0
浙江,2025,综合,普通类一段,28,宁波工程学院,,物理必选,543,118083,,,0,浙江,公办,0,0
浙江,2025,综合,普通类一段,29,衢州学院,,不限,569,71757,,,0,浙江,公办,0,0
浙江,2025,综合,普通类一段,29,衢州学院,,历史必选,584,70447,,,0,浙江,公办,0,0
浙江,2025,综合,普通类一段,29,衢州学院,,物理、化学(2科必选),529,114414,,,0,浙江,公办,0,0
浙江,2025,综合,普通类一段,29,衢州学院,,物理必选,535,125313,,,0,浙江,公办,0,0
浙江,2025,综合,普通类一段,299,温州医科大学仁济学院,,不限,548,102678,,,0,浙江,民办,0,0
浙江,2025,综合,普通类一段,299,温州医科大学仁济学院,,化学必选,511,159463,,,0,浙江,民办,0,0
浙江,2025,综合,普通类一段,299,温州医科大学仁济学院,,物理、化学(2科必选),507,94449,,,0,浙江,民办,0,0
浙江,2025,综合,普通类一段,299,温州医科大学仁济学院,,物理必选,528,138907,,,0,浙江,民办,0,0
浙江,2025,综合,普通类一段,3,浙江工业大学,,不限,611,11299,,,0,浙江,公办,0,0
浙江,2025,综合,普通类一段,3,浙江工业大学,,物理、化学(2科必选),609,12883,,,0,浙江,公办,0,0
浙江,2025,综合,普通类一段,3,浙江工业大学,,物理必选,615,36254,,,0,浙江,公办,0,0
浙江,2025,综合,普通类一段,30,浙江水利水电学院,,不限,571,75915,,,0,浙江,公办,0,0
浙江,2025,综合,普通类一段,30,浙江水利水电学院,,地理必选,581,74326,,,0,浙江,公办,0,0
浙江,2025,综合,普通类一段,30,浙江水利水电学院,,物理、化学(2科必选),535,89619,,,0,浙江,公办,0,0
浙江,2025,综合,普通类一段,30,浙江水利水电学院,,物理必选,541,99482,,,0,浙江,公办,0,0
浙江,2025,综合,普通类一段,3101,东华大学,,不限,647,9638,,,0,上海,公办,0,1
浙江,2025,综合,普通类一段,3101,东华大学,,物理、化学(2科必选),635,12941,,,0,上海,公办,0,1
浙江,2025,综合,普通类一段,3102,复旦大学,,不限,694,278,,,0,上海,公办,1,1
浙江,2025,综合,普通类一段,3102,复旦大学,,物理、化学(2科必选),695,113,,,0,上海,公办,1,1
浙江,2025,综合,普通类一段,3103,上海视觉艺术学院,,不限,552,91762,,,0,上海,民办,0,0
浙江,2025,综合,普通类一段,3104,华东理工大学,,不限,640,10365,,,0,上海,公办,0,1
浙江,2025,综合,普通类一段,3104,华东理工大学,,物理、化学(2科必选),638,9037,,,0,上海,公办,0,1
浙江,2025,综合,普通类一段,3105,华东师范大学,,不限,662,2727,,,0,上海,公办,1,1
浙江,2025,综合,普通类一段,3105,华东师范大学,,物理、化学(2科必选),657,4975,,,0,上海,公办,1,1
浙江,2025,综合,普通类一段,3106,华东政法大学,,不限,649,4827,,,0,上海,公办,0,0
浙江,2025,综合,普通类一段,3109,上海财经大学,,不限,657,3295,,,0,上海,公办,0,1
浙江,2025,综合,普通类一段,3109,上海财经大学,,思想政治必选,657,8020,,,0,上海,公办,0,1
浙江,2025,综合,普通类一段,3109,上海财经大学,,物理、化学(2科必选),653,6659,,,0,上海,公办,0,1
浙江,2025,综合,普通类一段,3109,上海财经大学,,物理必选,655,7893,,,0,上海,公办,0,1
浙江,2025,综合,普通类一段,3110,上海城建职业学院,,不限,490,135906,,,0,上海,公办,0,0
浙江,2025,综合,普通类一段,3111,上海出版印刷高等专科学校,,不限,490,144521,,,0,上海,公办,0,0
浙江,2025,综合,普通类一段,3111,上海出版印刷高等专科学校,,物理必选,490,184372,,,0,上海,公办,0,0
浙江,2025,综合,普通类一段,3112,上海大学,,不限,641,8975,,,0,上海,公办,0,1
浙江,2025,综合,普通类一段,3112,上海大学,,思想政治必选,654,9393,,,0,上海,公办,0,1
浙江,2025,综合,普通类一段,3112,上海大学,,物理、化学(2科必选),630,10409,,,0,上海,公办,0,1
浙江,2025,综合,普通类一段,3112,上海大学,,物理必选,638,15957,,,0,上海,公办,0,1
浙江,2025,综合,普通类一段,3113,上海第二工业大学,,不限,597,41842,,,0,上海,公办,0,0
浙江,2025,综合,普通类一段,3113,上海第二工业大学,,物理、化学(2科必选),592,33926,,,0,上海,公办,0,0
浙江,2025,综合,普通类一段,3113,上海第二工业大学,,物理必选,581,58143,,,0,上海,公办,0,0
浙江,2025,综合,普通类一段,3114,上海电机学院,,物理、化学(2科必选),559,81496,,,0,上海,公办,0,0
浙江,2025,综合,普通类一段,3114,上海电机学院,,物理必选,567,86043,,,0,上海,公办,0,0
浙江,2025,综合,普通类一段,3115,上海电力大学,,物理、化学(2科必选),615,14793,,,0,上海,公办,0,0
浙江,2025,综合,普通类一段,3115,上海电力大学,,物理必选,609,42109,,,0,上海,公办,0,0
浙江,2025,综合,普通类一段,3116,上海电影艺术职业学院,,不限,490,184372,,,0,上海,民办,0,0
浙江,2025,综合,普通类一段,3117,上海电子信息职业技术学院,,不限,490,161412,,,0,上海,公办,0,0
浙江,2025,综合,普通类一段,3118,上海东海职业技术学院,,不限,490,163359,,,0,上海,民办,0,0
浙江,2025,综合,普通类一段,3119,上海对外经贸大学,,不限,624,11267,,,0,上海,公办,0,0
浙江,2025,综合,普通类一段,3119,上海对外经贸大学,,思想政治必选,628,25308,,,0,上海,公办,0,0
浙江,2025,综合,普通类一段,3119,上海对外经贸大学,,物理、化学(2科必选),620,22518,,,0,上海,公办,0,0
浙江,2025,综合,普通类一段,3120,上海工程技术大学,,不限,601,39477,,,0,上海,公办,0,0
浙江,2025,综合,普通类一段,3120,上海工程技术大学,,物理、化学(2科必选),582,44346,,,0,上海,公办,0,0
浙江,2025,综合,普通类一段,3120,上海工程技术大学,,物理必选,608,42894,,,0,上海,公办,0,0
浙江,2025,综合,普通类一段,3122,上海工商外国语职业学院,,不限,490,169717,,,0,上海,民办,0,0
浙江,2025,综合,普通类一段,3123,上海工艺美术职业学院,,不限,513,102467,,,0,上海,公办,0,0
浙江,2025,综合,普通类一段,3124,上海海关学院,,不限,631,18365,,,0,上海,公办,0,0
浙江,2025,综合,普通类一段,3124,上海海关学院,,物理、化学(2科必选),622,30078,,,0,上海,公办,0,0
浙江,2025,综合,普通类一段,3125,上海海事大学,,不限,618,13946,,,0,上海,公办,0,0
浙江,2025,综合,普通类一段,3125,上海海事大学,,思想政治必选,622,30041,,,0,上海,公办,0,0
浙江,2025,综合,普通类一段,3125,上海海事大学,,物理、化学(2科必选),591,29610,,,0,上海,公办,0,0
浙江,2025,综合,普通类一段,3127,上海海洋大学,,不限,599,29480,,,0,上海,公办,0,0
浙江,2025,综合,普通类一段,3127,上海海洋大学,,物理、化学(2科必选),594,33926,,,0,上海,公办,0,0
浙江,2025,综合,普通类一段,3127,上海海洋大学,,物理必选,591,62803,,,0,上海,公办,0,0
浙江,2025,综合,普通类一段,3128,上海济光职业技术学院,,不限,490,182134,,,0,上海,民办,0,0
浙江,2025,综合,普通类一段,3130,上海建桥学院,,不限,490,104693,,,0,上海,民办,0,0
浙江,2025,综合,普通类一段,3130,上海建桥学院,,物理、化学(2科必选),490,177249,,,0,上海,民办,0,0
浙江,2025,综合,普通类一段,3130,上海建桥学院,,物理必选,490,180229,,,0,上海,民办,0,0
浙江,2025,综合,普通类一段,3130,上海建桥学院,,生物必选,543,120996,,,0,上海,民办,0,0
浙江,2025,综合,普通类一段,3131,上海交通大学,,物理、化学(2科必选),696,143,,,0,上海,公办,1,1
浙江,2025,综合,普通类一段,3132,上海交通大学医学院,,物理、化学(2科必选),690,267,,,0,上海,公办,1,1
浙江,2025,综合,普通类一段,3133,上海交通职业技术学院,,不限,490,145026,,,0,上海,公办,0,0
浙江,2025,综合,普通类一段,3135,上海科学技术职业学院,,不限,490,146504,,,0,上海,公办,0,0
浙江,2025,综合,普通类一段,3136,上海理工大学,,不限,615,20696,,,0,上海,公办,0,0
浙江,2025,综合,普通类一段,3136,上海理工大学,,物理、化学(2科必选),621,22434,,,0,上海,公办,0,0
浙江,2025,综合,普通类一段,3137,上海立达学院,,不限,490,138300,,,0,上海,民办,0,0
浙江,2025,综合,普通类一段,3137,上海立达学院,,物理、化学(2科必选),490,184372,,,0,上海,民办,0,0
浙江,2025,综合,普通类一段,3137,上海立达学院,,物理必选,490,184372,,,0,上海,民办,0,0
浙江,2025,综合,普通类一段,3138,上海立信会计金融学院,,不限,597,21503,,,0,上海,公办,0,0
浙江,2025,综合,普通类一段,3138,上海立信会计金融学院,,物理、化学(2科必选),579,62867,,,0,上海,公办,0,0
浙江,2025,综合,普通类一段,3138,上海立信会计金融学院,,物理必选,580,51145,,,0,上海,公办,0,0
浙江,2025,综合,普通类一段,3139,上海旅游高等专科学校,,不限,496,155707,,,37,上海,公办,0,0
浙江,2025,综合,普通类一段,3141,上海农林职业技术学院,,不限,490,138637,,,0,上海,公办,0,0
浙江,2025,综合,普通类一段,3143,上海杉达学院,,不限,490,85171,,,0,上海,民办,0,0
浙江,2025,综合,普通类一段,3143,上海杉达学院,,化学必选,504,167702,,,0,上海,民办,0,0
浙江,2025,综合,普通类一段,3143,上海杉达学院,,物理、化学(2科必选),490,173193,,,0,上海,民办,0,0
浙江,2025,综合,普通类一段,3143,上海杉达学院,,物理必选,490,184372,,,0,上海,民办,0,0
浙江,2025,综合,普通类一段,3144,上海商学院,,不限,565,51530,,,0,上海,公办,0,0
浙江,2025,综合,普通类一段,3144,上海商学院,,物理、化学(2科必选),548,114193,,,0,上海,公办,0,0
浙江,2025,综合,普通类一段,3145,上海师范大学,,不限,599,13406,,,0,上海,公办,0,0
浙江,2025,综合,普通类一段,3145,上海师范大学,,物理、化学(2科必选),554,32114,,,0,上海,公办,0,0
浙江,2025,综合,普通类一段,3145,上海师范大学,,物理必选,596,57019,,,0,上海,公办,0,0
浙江,2025,综合,普通类一段,3146,上海师范大学天华学院,,不限,523,116848,,,0,上海,民办,0,0
浙江,2025,综合,普通类一段,3146,上海师范大学天华学院,,物理、化学(2科必选),490,184372,,,0,上海,民办,0,0
浙江,2025,综合,普通类一段,3146,上海师范大学天华学院,,物理必选,490,184372,,,0,上海,民办,0,0
浙江,2025,综合,普通类一段,3147,上海思博职业技术学院,,不限,497,174536,,,0,上海,民办,0,0
浙江,2025,综合,普通类一段,3148,上海体育大学,,不限,617,23638,,,0,上海,公办,0,0
浙江,2025,综合,普通类一段,3148,上海体育大学,,物理、化学(2科必选),594,36117,,,0,上海,公办,0,0
浙江,2025,综合,普通类一段,3150,上海兴伟学院,,不限,517,151289,,,0,上海,民办,0,0
浙江,2025,综合,普通类一段,3151,上海外国语大学,,不限,650,8514,,,0,上海,公办,0,1
浙江,2025,综合,普通类一段,3151,上海外国语大学,,思想政治必选,653,8107,,,0,上海,公办,0,1
浙江,2025,综合,普通类一段,3152,上海外国语大学贤达经济人文学院,,不限,525,102152,,,0,上海,民办,0,0
浙江,2025,综合,普通类一段,3152,上海外国语大学贤达经济人文学院,,物理必选,490,184372,,,0,上海,民办,0,0
浙江,2025,综合,普通类一段,3156,上海健康医学院,,不限,573,82192,,,0,上海,公办,0,0
浙江,2025,综合,普通类一段,3156,上海健康医学院,,化学必选,526,137576,,,0,上海,公办,0,0
浙江,2025,综合,普通类一段,3156,上海健康医学院,,物理、化学(2科必选),535,80989,,,0,上海,公办,0,0
浙江,2025,综合,普通类一段,3159,上海应用技术大学,,不限,591,49462,,,0,上海,公办,0,0
浙江,2025,综合,普通类一段,3159,上海应用技术大学,,物理、化学(2科必选),584,44183,,,0,上海,公办,0,0
浙江,2025,综合,普通类一段,3161,上海政法学院,,不限,598,12308,,,0,上海,公办,0,0
浙江,2025,综合,普通类一段,3163,上海中侨职业技术大学,,不限,490,120326,,,0,上海,民办,0,0
浙江,2025,综合,普通类一段,3163,上海中侨职业技术大学,,物理必选,490,176593,,,0,上海,民办,0,0
浙江,2025,综合,普通类一段,3164,上海中医药大学,,物理、化学(2科必选),604,6995,,,0,上海,公办,0,0
浙江,2025,综合,普通类一段,3165,同济大学,,不限,666,4363,,,0,上海,公办,1,1
浙江,2025,综合,普通类一段,3165,同济大学,,物理、化学(2科必选),660,2630,,,0,上海,公办,1,1
浙江,2025,综合,普通类一段,3168,上海民航职业技术学院,,不限,490,146277,,,0,上海,公办,0,0
浙江,2025,综合,普通类一段,3171,复旦大学上海医学院,,物理、化学(2科必选),673,468,,,0,上海,公办,1,1
浙江,2025,综合,普通类一段,3173,上海南湖职业技术学院,,不限,504,168593,,,0,上海,公办,0,0
浙江,2025,综合,普通类一段,3178,上海浦东职业技术学院,,不限,511,160384,,,2,上海,公办,0,0
浙江,2025,综合,普通类一段,3201,苏州工学院,,不限,575,74710,,,0,江苏,公办,0,0
浙江,2025,综合,普通类一段,3201,苏州工学院,,物理、化学(2科必选),536,103070,,,0,江苏,公办,0,0
浙江,2025,综合,普通类一段,3203,常州机电职业技术学院,,不限,490,184372,,,0,江苏,公办,0,0
浙江,2025,综合,普通类一段,3205,常州信息职业技术学院,,不限,490,158589,,,0,江苏,公办,0,0
浙江,2025,综合,普通类一段,3206,东南大学,,不限,663,5361,,,0,江苏,公办,1,1
浙江,2025,综合,普通类一段,3206,东南大学,,物理、化学(2科必选),661,3014,,,0,江苏,公办,1,1
浙江,2025,综合,普通类一段,3207,东南大学成贤学院,,不限,560,79566,,,0,江苏,民办,0,0
浙江,2025,综合,普通类一段,3207,东南大学成贤学院,,化学必选,522,146739,,,0,江苏,民办,0,0
浙江,2025,综合,普通类一段,3207,东南大学成贤学院,,物理、化学(2科必选),499,129250,,,0,江苏,民办,0,0
浙江,2025,综合,普通类一段,3207,东南大学成贤学院,,物理必选,500,172628,,,0,江苏,民办,0,0
浙江,2025,综合,普通类一段,3208,硅湖职业技术学院,,不限,490,184372,,,0,江苏,民办,0,0
浙江,2025,综合,普通类一段,3209,河海大学,,不限,644,9373,,,0,江苏,公办,0,1
浙江,2025,综合,普通类一段,3209,河海大学,,物理、化学(2科必选),613,10241,,,0,江苏,公办,0,1
浙江,2025,综合,普通类一段,3209,河海大学,,物理必选,634,16346,,,0,江苏,公办,0,1
浙江,2025,综合,普通类一段,3210,江苏海洋大学,,不限,580,61998,,,0,江苏,公办,0,0
浙江,2025,综合,普通类一段,3210,江苏海洋大学,,物理、化学(2科必选),543,88330,,,0,江苏,公办,0,0
浙江,2025,综合,普通类一段,3211,淮阴工学院,,不限,570,87713,,,0,江苏,公办,0,0
浙江,2025,综合,普通类一段,3211,淮阴工学院,,物理、化学(2科必选),562,97542,,,0,江苏,公办,0,0
浙江,2025,综合,普通类一段,3212,淮阴师范学院,,不限,567,70401,,,0,江苏,公办,0,0
浙江,2025,综合,普通类一段,3216,江南大学,,不限,634,11104,,,0,江苏,公办,0,1
浙江,2025,综合,普通类一段,3216,江南大学,,思想政治必选,648,12268,,,0,江苏,公办,0,1
浙江,2025,综合,普通类一段,3216,江南大学,,物理、化学(2科必选),623,12856,,,0,江苏,公办,0,1
浙江,2025,综合,普通类一段,3216,江南大学,,物理必选,619,24164,,,0,江苏,公办,0,1
浙江,2025,综合,普通类一段,3217,无锡太湖学院,,不限,542,96385,,,0,江苏,民办,0,0
浙江,2025,综合,普通类一段,3217,无锡太湖学院,,物理、化学(2科必选),491,163952,,,0,江苏,民办,0,0
浙江,2025,综合,普通类一段,3217,无锡太湖学院,,生物必选,542,122249,,,0,江苏,民办,0,0
浙江,2025,综合,普通类一段,3219,江苏财经职业技术学院,,不限,490,178837,,,0,江苏,公办,0,0
浙江,2025,综合,普通类一段,322,绍兴文理学院,,不限,538,34890,,,0,浙江,公办,0,0
浙江,2025,综合,普通类一段,322,绍兴文理学院,,思想政治必选,590,63816,,,0,浙江,公办,0,0
浙江,2025,综合,普通类一段,322,绍兴文理学院,,物理、化学(2科必选),537,94536,,,0,浙江,公办,0,0
浙江,2025,综合,普通类一段,322,绍兴文理学院,,物理必选,548,114430,,,0,浙江,公办,0,0
浙江,2025,综合,普通类一段,322,绍兴文理学院,,生物必选,580,75648,,,0,浙江,公办,0,0
浙江,2025,综合,普通类一段,3220,江苏大学,,不限,605,19107,,,0,江苏,公办,0,0
浙江,2025,综合,普通类一段,3220,江苏大学,,物理、化学(2科必选),592,19521,,,0,江苏,公办,0,0
浙江,2025,综合,普通类一段,3220,江苏大学,,物理必选,610,37150,,,0,江苏,公办,0,0
浙江,2025,综合,普通类一段,3221,江苏大学京江学院,,物理、化学(2科必选),492,156127,,,0,江苏,民办,0,0
浙江,2025,综合,普通类一段,3222,常州大学,,不限,588,48244,,,0,江苏,公办,0,0
浙江,2025,综合,普通类一段,3222,常州大学,,物理、化学(2科必选),581,49327,,,0,江苏,公办,0,0
浙江,2025,综合,普通类一段,3222,常州大学,,物理必选,585,69104,,,0,江苏,公办,0,0
浙江,2025,综合,普通类一段,3223,江苏海事职业技术学院,,不限,490,164126,,,0,江苏,公办,0,0
浙江,2025,综合,普通类一段,3224,江苏理工学院,,不限,574,50758,,,0,江苏,公办,0,0
浙江,2025,综合,普通类一段,3224,江苏理工学院,,物理、化学(2科必选),509,81411,,,0,江苏,公办,0,0
浙江,2025,综合,普通类一段,3225,江苏经贸职业技术学院,,不限,491,149277,,,0,江苏,公办,0,0
浙江,2025,综合,普通类一段,3227,江苏科技大学,,不限,584,60413,,,9,江苏,公办,0,0
浙江,2025,综合,普通类一段,3227,江苏科技大学,,物理、化学(2科必选),551,49197,,,50,江苏,公办,0,0
浙江,2025,综合,普通类一段,3227,江苏科技大学,,物理必选,581,71267,,,15,江苏,公办,0,0
浙江,2025,综合,普通类一段,3229,江苏农林职业技术学院,,不限,490,152900,,,0,江苏,公办,0,0
浙江,2025,综合,普通类一段,3230,江苏食品药品职业技术学院,,不限,491,174646,,,0,江苏,公办,0,0
浙江,2025,综合,普通类一段,3231,江苏信息职业技术学院,,不限,495,177899,,,0,江苏,公办,0,0
浙江,2025,综合,普通类一段,3232,江苏农牧科技职业学院,,不限,490,157700,,,0,江苏,公办,0,0
浙江,2025,综合,普通类一段,3235,金陵科技学院,,不限,581,46041,,,7,江苏,公办,0,0
浙江,2025,综合,普通类一段,3235,金陵科技学院,,物理、化学(2科必选),575,47051,,,7,江苏,公办,0,0
浙江,2025,综合,普通类一段,3238,南京财经大学,,不限,604,17239,,,0,江苏,公办,0,0
浙江,2025,综合,普通类一段,3238,南京财经大学,,物理、化学(2科必选),596,36062,,,0,江苏,公办,0,0
浙江,2025,综合,普通类一段,3238,南京财经大学,,物理必选,585,34649,,,0,江苏,公办,0,0
浙江,2025,综合,普通类一段,3239,南京财经大学红山学院,,不限,550,87734,,,0,江苏,民办,0,0
浙江,2025,综合,普通类一段,3240,南京大学,,不限,677,1618,,,0,江苏,公办,1,1
浙江,2025,综合,普通类一段,3240,南京大学,,物理、化学(2科必选),656,693,,,0,江苏,公办,1,1
浙江,2025,综合,普通类一段,3242,南京工程学院,,不限,586,61911,,,0,江苏,公办,0,0
浙江,2025,综合,普通类一段,3242,南京工程学院,,物理、化学(2科必选),512,18231,,,0,江苏,公办,0,0
浙江,2025,综合,普通类一段,3242,南京工程学院,,物理必选,574,65221,,,0,江苏,公办,0,0
浙江,2025,综合,普通类一段,3243,南京工业大学,,不限,604,27803,,,0,江苏,公办,0,0
浙江,2025,综合,普通类一段,3243,南京工业大学,,物理、化学(2科必选),584,26337,,,0,江苏,公办,0,0
浙江,2025,综合,普通类一段,3243,南京工业大学,,物理必选,597,37249,,,0,江苏,公办,0,0
浙江,2025,综合,普通类一段,3244,南京工业大学浦江学院,,不限,532,90512,,,0,江苏,民办,0,0
浙江,2025,综合,普通类一段,3244,南京工业大学浦江学院,,历史必选,548,114186,,,0,江苏,民办,0,0
浙江,2025,综合,普通类一段,3244,南京工业大学浦江学院,,物理、化学(2科必选),495,136525,,,0,江苏,民办,0,0
浙江,2025,综合,普通类一段,3244,南京工业大学浦江学院,,物理必选,504,142744,,,0,江苏,民办,0,0
浙江,2025,综合,普通类一段,3245,南京工业职业技术大学,,物理必选,560,61190,,,0,江苏,公办,0,0
浙江,2025,综合,普通类一段,3246,南京航空航天大学,,历史必选,655,8533,,,0,江苏,公办,0,1
浙江,2025,综合,普通类一段,3246,南京航空航天大学,,物理、化学(2科必选),642,7061,,,0,江苏,公办,0,1
浙江,2025,综合,普通类一段,3247,南京航空航天大学金城学院,,不限,547,92400,,,0,江苏,民办,0,0
浙江,2025,综合,普通类一段,3247,南京航空航天大学金城学院,,思想政治必选,563,96714,,,0,江苏,民办,0,0
浙江,2025,综合,普通类一段,3247,南京航空航天大学金城学院,,物理、化学(2科必选),513,129751,,,0,江苏,民办,0,0
浙江,2025,综合,普通类一段,3247,南京航空航天大学金城学院,,物理必选,514,156711,,,0,江苏,民办,0,0
浙江,2025,综合,普通类一段,3248,南京科技职业学院,,不限,490,168872,,,0,江苏,公办,0,0
浙江,2025,综合,普通类一段,3249,南京机电职业技术学院,,不限,490,162602,,,0,江苏,公办,0,0
浙江,2025,综合,普通类一段,3250,南京交通职业技术学院,,不限,490,151988,,,0,江苏,公办,0,0
浙江,2025,综合,普通类一段,3251,南京理工大学,,历史必选,653,9621,,,0,江苏,公办,0,1
浙江,2025,综合,普通类一段,3251,南京理工大学,,物理、化学(2科必选),647,10529,,,0,江苏,公办,0,1
浙江,2025,综合,普通类一段,3252,南京理工大学泰州科技学院,,不限,552,96645,,,0,江苏,民办,0,0
浙江,2025,综合,普通类一段,3252,南京理工大学泰州科技学院,,物理、化学(2科必选),490,165219,,,0,江苏,民办,0,0
浙江,2025,综合,普通类一段,3252,南京理工大学泰州科技学院,,物理必选,499,165813,,,0,江苏,民办,0,0
浙江,2025,综合,普通类一段,3253,南京理工大学紫金学院,,不限,559,86387,,,0,江苏,民办,0,0
浙江,2025,综合,普通类一段,3253,南京理工大学紫金学院,,物理、化学(2科必选),502,136833,,,0,江苏,民办,0,0
浙江,2025,综合,普通类一段,3253,南京理工大学紫金学院,,物理必选,508,148514,,,0,江苏,民办,0,0
浙江,2025,综合,普通类一段,3254,南京林业大学,,不限,607,20414,,,0,江苏,公办,0,0
浙江,2025,综合,普通类一段,3254,南京林业大学,,物理、化学(2科必选),599,29798,,,0,江苏,公办,0,0
浙江,2025,综合,普通类一段,3254,南京林业大学,,物理必选,616,35461,,,0,江苏,公办,0,0
浙江,2025,综合,普通类一段,3254,南京林业大学,,生物必选,630,23724,,,0,江苏,公办,0,0
浙江,2025,综合,普通类一段,3255,南京旅游职业学院,,不限,490,147369,,,0,江苏,公办,0,0
浙江,2025,综合,普通类一段,3256,南京农业大学,,不限,640,11720,,,0,江苏,公办,0,1
浙江,2025,综合,普通类一段,3256,南京农业大学,,地理必选,640,16762,,,0,江苏,公办,0,1
浙江,2025,综合,普通类一段,3256,南京农业大学,,物理、化学(2科必选),624,15645,,,0,江苏,公办,0,1
浙江,2025,综合,普通类一段,3256,南京农业大学,,物理、生物(2科必选),617,34454,,,0,江苏,公办,0,1
浙江,2025,综合,普通类一段,3256,南京农业大学,,物理必选,625,20208,,,0,江苏,公办,0,1
浙江,2025,综合,普通类一段,3257,南京审计大学,,不限,608,12396,,,0,江苏,公办,0,0
浙江,2025,综合,普通类一段,3257,南京审计大学,,物理、化学(2科必选),621,30585,,,0,江苏,公办,0,0
浙江,2025,综合,普通类一段,3257,南京审计大学,,物理必选,564,37039,,,0,江苏,公办,0,0
浙江,2025,综合,普通类一段,3258,南京审计大学金审学院,,不限,559,77281,,,0,江苏,民办,0,0
浙江,2025,综合,普通类一段,3258,南京审计大学金审学院,,物理、化学(2科必选),502,121946,,,0,江苏,民办,0,0
浙江,2025,综合,普通类一段,3258,南京审计大学金审学院,,物理必选,536,129521,,,0,江苏,民办,0,0
浙江,2025,综合,普通类一段,3259,南京师范大学,,不限,639,9352,,,0,江苏,公办,0,1
浙江,2025,综合,普通类一段,3259,南京师范大学,,历史必选,656,6334,,,0,江苏,公办,0,1
浙江,2025,综合,普通类一段,3259,南京师范大学,,地理必选,656,8322,,,0,江苏,公办,0,1
浙江,2025,综合,普通类一段,3259,南京师范大学,,物理、化学(2科必选),627,9843,,,0,江苏,公办,0,1
浙江,2025,综合,普通类一段,3259,南京师范大学,,物理必选,631,22959,,,0,江苏,公办,0,1
浙江,2025,综合,普通类一段,3260,南京师范大学泰州学院,,不限,545,94664,,,0,江苏,民办,0,0
浙江,2025,综合,普通类一段,3260,南京师范大学泰州学院,,物理、化学(2科必选),495,178291,,,0,江苏,民办,0,0
浙江,2025,综合,普通类一段,3261,南京师范大学中北学院,,不限,573,75599,,,0,江苏,民办,0,0
浙江,2025,综合,普通类一段,3261,南京师范大学中北学院,,物理、化学(2科必选),505,162049,,,0,江苏,民办,0,0
浙江,2025,综合,普通类一段,3263,南京特殊教育师范学院,,不限,568,51863,,,0,江苏,公办,0,0
浙江,2025,综合,普通类一段,3263,南京特殊教育师范学院,,思想政治必选,576,80411,,,0,江苏,公办,0,0
浙江,2025,综合,普通类一段,3263,南京特殊教育师范学院,,物理、化学(2科必选),525,95041,,,0,江苏,公办,0,0
浙江,2025,综合,普通类一段,3263,南京特殊教育师范学院,,物理必选,523,144704,,,0,江苏,公办,0,0
浙江,2025,综合,普通类一段,3264,南京体育学院,,不限,568,89823,,,0,江苏,公办,0,0
浙江,2025,综合,普通类一段,3264,南京体育学院,,历史必选,576,80090,,,0,江苏,公办,0,0
浙江,2025,综合,普通类一段,3264,南京体育学院,,物理、生物(2科必选),528,119660,,,0,江苏,公办,0,0
浙江,2025,综合,普通类一段,3265,南京铁道职业技术学院,,不限,492,101852,,,0,江苏,公办,0,0
浙江,2025,综合,普通类一段,3266,南京晓庄学院,,不限,578,64124,,,0,江苏,公办,0,0
浙江,2025,综合,普通类一段,3267,南京信息工程大学,,不限,616,17107,,,0,江苏,公办,0,0
浙江,2025,综合,普通类一段,3267,南京信息工程大学,,历史、思想政治(2科必选),632,21960,,,0,江苏,公办,0,0
浙江,2025,综合,普通类一段,3267,南京信息工程大学,,物理、化学(2科必选),602,16993,,,0,江苏,公办,0,0
浙江,2025,综合,普通类一段,3267,南京信息工程大学,,物理必选,621,23311,,,0,江苏,公办,0,0
浙江,2025,综合,普通类一段,3268,无锡学院,,不限,593,60218,,,0,江苏,公办,0,0
浙江,2025,综合,普通类一段,3268,无锡学院,,物理、化学(2科必选),524,81518,,,0,江苏,公办,0,0
浙江,2025,综合,普通类一段,3268,无锡学院,,物理必选,552,92039,,,0,江苏,公办,0,0
浙江,2025,综合,普通类一段,3269,南京信息职业技术学院,,不限,490,103080,,,0,江苏,公办,0,0
浙江,2025,综合,普通类一段,3270,南京医科大学,,物理、化学(2科必选),605,5572,,,0,江苏,公办,0,0
浙江,2025,综合,普通类一段,3271,南京医科大学康达学院,,不限,552,107073,,,0,江苏,民办,0,0
浙江,2025,综合,普通类一段,3271,南京医科大学康达学院,,物理、化学(2科必选),503,113015,,,0,江苏,民办,0,0
浙江,2025,综合,普通类一段,3272,南京艺术学院,,不限,599,31081,,,0,江苏,公办,0,0
浙江,2025,综合,普通类一段,3272,南京艺术学院,,物理、化学(2科必选),603,49116,,,0,江苏,公办,0,0
浙江,2025,综合,普通类一段,3273,南京邮电大学,,不限,635,19687,,,0,江苏,公办,0,0
浙江,2025,综合,普通类一段,3273,南京邮电大学,,物理、化学(2科必选),637,13456,,,0,江苏,公办,0,0
浙江,2025,综合,普通类一段,3273,南京邮电大学,,物理必选,635,19807,,,0,江苏,公办,0,0
浙江,2025,综合,普通类一段,3274,南京邮电大学通达学院,,不限,562,93289,,,0,江苏,民办,0,0
浙江,2025,综合,普通类一段,3274,南京邮电大学通达学院,,物理、化学(2科必选),508,144294,,,0,江苏,民办,0,0
浙江,2025,综合,普通类一段,3274,南京邮电大学通达学院,,物理必选,511,159409,,,0,江苏,民办,0,0
浙江,2025,综合,普通类一段,3275,南京中医药大学,,不限,620,13898,,,0,江苏,公办,0,0
浙江,2025,综合,普通类一段,3275,南京中医药大学,,物理、化学(2科必选),579,30501,,,0,江苏,公办,0,0
浙江,2025,综合,普通类一段,3276,南通大学,,不限,596,34074,,,0,江苏,公办,0,0
浙江,2025,综合,普通类一段,3276,南通大学,,化学必选,572,84818,,,0,江苏,公办,0,0
浙江,2025,综合,普通类一段,3276,南通大学,,思想政治必选,622,30285,,,0,江苏,公办,0,0
浙江,2025,综合,普通类一段,3276,南通大学,,物理、化学(2科必选),526,43631,,,0,江苏,公办,0,0
浙江,2025,综合,普通类一段,3276,南通大学,,物理、地理(2科必选),598,54205,,,0,江苏,公办,0,0
浙江,2025,综合,普通类一段,3276,南通大学,,物理必选,569,76660,,,0,江苏,公办,0,0
浙江,2025,综合,普通类一段,3277,南通大学杏林学院,,不限,548,109548,,,0,江苏,民办,0,0
浙江,2025,综合,普通类一段,3277,南通大学杏林学院,,物理、化学(2科必选),490,169216,,,0,江苏,民办,0,0
浙江,2025,综合,普通类一段,3277,南通大学杏林学院,,物理必选,499,173431,,,0,江苏,民办,0,0
浙江,2025,综合,普通类一段,3278,南通科技职业学院,,不限,490,184372,,,0,江苏,公办,0,0
浙江,2025,综合,普通类一段,3279,南通职业大学,,不限,490,122041,,,0,江苏,公办,0,0
浙江,2025,综合,普通类一段,3280,三江学院,,不限,541,99455,,,0,江苏,民办,0,0
浙江,2025,综合,普通类一段,3280,三江学院,,物理、化学(2科必选),493,162726,,,0,江苏,民办,0,0
浙江,2025,综合,普通类一段,3281,苏州大学,,不限,649,5344,,,0,江苏,公办,0,1
浙江,2025,综合,普通类一段,3281,苏州大学,,史政地(3科必选),653,6550,,,0,江苏,公办,0,1
浙江,2025,综合,普通类一段,3281,苏州大学,,思想政治必选,655,9009,,,0,江苏,公办,0,1
浙江,2025,综合,普通类一段,3281,苏州大学,,物理、化学(2科必选),631,7033,,,0,江苏,公办,0,1
浙江,2025,综合,普通类一段,3282,苏州城市学院,,不限,577,74834,,,10,江苏,公办,0,0
浙江,2025,综合,普通类一段,3282,苏州城市学院,,物理、化学(2科必选),536,130146,,,5,江苏,公办,0,0
浙江,2025,综合,普通类一段,3282,苏州城市学院,,物理必选,546,117730,,,5,江苏,公办,0,0
浙江,2025,综合,普通类一段,3283,苏州大学应用技术学院,,不限,551,108541,,,0,江苏,民办,0,0
浙江,2025,综合,普通类一段,3283,苏州大学应用技术学院,,物理、化学(2科必选),499,155786,,,0,江苏,民办,0,0
浙江,2025,综合,普通类一段,3286,苏州工业园区职业技术学院,,不限,490,184372,,,0,江苏,民办,0,0
浙江,2025,综合,普通类一段,3288,苏州科技大学,,不限,577,45653,,,0,江苏,公办,0,0
浙江,2025,综合,普通类一段,3288,苏州科技大学,,物理、化学(2科必选),549,39536,,,0,江苏,公办,0,0
浙江,2025,综合,普通类一段,3288,苏州科技大学,,物理、地理(2科必选),601,50503,,,0,江苏,公办,0,0
浙江,2025,综合,普通类一段,3288,苏州科技大学,,物理必选,555,68058,,,0,江苏,公办,0,0
浙江,2025,综合,普通类一段,3289,苏州农业职业技术学院,,不限,490,170712,,,0,江苏,公办,0,0
浙江,2025,综合,普通类一段,3291,苏州卫生职业技术学院,,不限,529,130985,,,0,江苏,公办,0,0
浙江,2025,综合,普通类一段,3292,苏州职业技术大学,,不限,490,123926,,,0,江苏,公办,0,0
浙江,2025,综合,普通类一段,3292,苏州职业技术大学,,物理必选,490,184372,,,0,江苏,公办,0,0
浙江,2025,综合,普通类一段,3293,无锡城市职业技术学院,,不限,490,184372,,,0,江苏,公办,0,0
浙江,2025,综合,普通类一段,3296,无锡商业职业技术学院,,不限,490,176845,,,0,江苏,公办,0,0
浙江,2025,综合,普通类一段,3297,西交利物浦大学,,不限,610,40787,,,0,江苏,中外合作办学,0,0
浙江,2025,综合,普通类一段,3297,西交利物浦大学,,物理、化学(2科必选),601,47612,,,0,江苏,中外合作办学,0,0
浙江,2025,综合,普通类一段,3297,西交利物浦大学,,物理必选,601,50540,,,0,江苏,中外合作办学,0,0
浙江,2025,综合,普通类一段,3298,徐州工程学院,,不限,567,67094,,,0,江苏,公办,0,0
浙江,2025,综合,普通类一段,3298,徐州工程学院,,物理、化学(2科必选),524,104654,,,0,江苏,公办,0,0
浙江,2025,综合,普通类一段,3298,徐州工程学院,,物理必选,541,122771,,,0,江苏,公办,0,0
浙江,2025,综合,普通类一段,3299,江苏建筑职业技术学院,,不限,490,184372,,,0,江苏,公办,0,0
浙江,2025,综合,普通类一段,33,浙江树人学院,,不限,490,97989,,,0,浙江,民办,0,0
浙江,2025,综合,普通类一段,33,浙江树人学院,,物理、化学(2科必选),490,161663,,,0,浙江,民办,0,0
浙江,2025,综合,普通类一段,33,浙江树人学院,,生物必选,550,112203,,,0,浙江,民办,0,0
浙江,2025,综合,普通类一段,3301,江苏师范大学,,不限,622,29617,,,0,江苏,公办,0,0
浙江,2025,综合,普通类一段,3301,江苏师范大学,,历史必选,626,26467,,,0,江苏,公办,0,0
浙江,2025,综合,普通类一段,3301,江苏师范大学,,物理、化学(2科必选),553,39070,,,0,江苏,公办,0,0
浙江,2025,综合,普通类一段,3301,江苏师范大学,,物理必选,567,91200,,,0,江苏,公办,0,0
浙江,2025,综合,普通类一段,3302,江苏师范大学科文学院,,不限,556,86209,,,0,江苏,民办,0,0
浙江,2025,综合,普通类一段,3302,江苏师范大学科文学院,,物理、化学(2科必选),497,168149,,,0,江苏,民办,0,0
浙江,2025,综合,普通类一段,3302,江苏师范大学科文学院,,物理必选,503,168629,,,0,江苏,民办,0,0
浙江,2025,综合,普通类一段,3303,徐州医科大学,,化学必选,583,71335,,,0,江苏,公办,0,0
浙江,2025,综合,普通类一段,3303,徐州医科大学,,物理、化学(2科必选),573,31726,,,0,江苏,公办,0,0
浙江,2025,综合,普通类一段,3304,盐城工学院,,物理、化学(2科必选),526,130210,,,0,江苏,公办,0,0
浙江,2025,综合,普通类一段,3305,盐城师范学院,,不限,569,88609,,,0,江苏,公办,0,0
浙江,2025,综合,普通类一段,3305,盐城师范学院,,物理、化学(2科必选),539,125406,,,0,江苏,公办,0,0
浙江,2025,综合,普通类一段,3306,扬州大学,,不限,609,19248,,,0,江苏,公办,0,0
浙江,2025,综合,普通类一段,3306,扬州大学,,历史必选,634,20832,,,0,江苏,公办,0,0
浙江,2025,综合,普通类一段,3306,扬州大学,,物理、化学(2科必选),588,30210,,,0,江苏,公办,0,0
浙江,2025,综合,普通类一段,3306,扬州大学,,物理必选,593,59648,,,0,江苏,公办,0,0
浙江,2025,综合,普通类一段,3307,扬州大学广陵学院,,不限,559,86593,,,0,江苏,民办,0,0
浙江,2025,综合,普通类一段,3307,扬州大学广陵学院,,物理、化学(2科必选),498,133420,,,0,江苏,民办,0,0
浙江,2025,综合,普通类一段,3307,扬州大学广陵学院,,物理必选,494,179440,,,0,江苏,民办,0,0
浙江,2025,综合,普通类一段,3307,扬州大学广陵学院,,生物必选,548,114172,,,0,江苏,民办,0,0
浙江,2025,综合,普通类一段,3308,扬州工业职业技术学院,,不限,490,184372,,,0,江苏,公办,0,0
浙江,2025,综合,普通类一段,3310,扬州职业技术大学,,不限,490,148006,,,0,江苏,公办,0,0
浙江,2025,综合,普通类一段,3312,镇江市高等专科学校,,不限,500,155248,,,0,江苏,公办,0,0
浙江,2025,综合,普通类一段,3314,南京传媒学院,,不限,547,92592,,,0,江苏,民办,0,0
浙江,2025,综合,普通类一段,3315,中国矿业大学,,不限,636,12678,,,0,江苏,公办,0,1
浙江,2025,综合,普通类一段,3315,中国矿业大学,,物理、化学(2科必选),599,14456,,,0,江苏,公办,0,1
浙江,2025,综合,普通类一段,3315,中国矿业大学,,物理必选,637,18275,,,0,江苏,公办,0,1
浙江,2025,综合,普通类一段,3316,中国药科大学,,不限,645,13678,,,0,江苏,公办,0,1
浙江,2025,综合,普通类一段,3316,中国药科大学,,物理、化学(2科必选),620,9053,,,0,江苏,公办,0,1
浙江,2025,综合,普通类一段,3318,南通理工学院,,不限,542,115606,,,0,江苏,民办,0,0
浙江,2025,综合,普通类一段,3318,南通理工学院,,物理、化学(2科必选),490,166807,,,0,江苏,民办,0,0
浙江,2025,综合,普通类一段,3318,南通理工学院,,物理必选,496,177076,,,0,江苏,民办,0,0
浙江,2025,综合,普通类一段,3321,无锡工艺职业技术学院,,不限,490,184372,,,0,江苏,公办,0,0
浙江,2025,综合,普通类一段,3323,苏州科技大学天平学院,,物理、化学(2科必选),494,145087,,,0,江苏,民办,0,0
浙江,2025,综合,普通类一段,3326,江苏科技大学苏州理工学院,,不限,559,94570,,,0,江苏,民办,0,0
浙江,2025,综合,普通类一段,3326,江苏科技大学苏州理工学院,,物理、化学(2科必选),522,141912,,,0,江苏,民办,0,0
浙江,2025,综合,普通类一段,3336,常州工程职业技术学院,,不限,490,184372,,,0,江苏,公办,0,0
浙江,2025,综合,普通类一段,3337,徐州生物工程职业技术学院,,不限,490,127315,,,0,江苏,公办,0,0
浙江,2025,综合,普通类一段,3339,江苏航空职业技术学院,,不限,490,137224,,,0,江苏,公办,0,0
浙江,2025,综合,普通类一段,3341,江苏航运职业技术学院,,不限,490,184372,,,0,江苏,公办,0,0
浙江,2025,综合,普通类一段,3347,苏州信息职业技术学院,,不限,490,184372,,,0,江苏,公办,0,0
浙江,2025,综合,普通类一段,3348,江苏护理职业学院,,不限,494,141234,,,0,江苏,公办,0,0
浙江,2025,综合,普通类一段,3350,江苏卫生健康职业学院,,不限,509,150555,,,0,江苏,公办,0,0
浙江,2025,综合,普通类一段,3351,南京城市职业学院,,不限,490,171252,,,0,江苏,公办,0,0
浙江,2025,综合,普通类一段,3352,江苏旅游职业学院,,不限,490,184372,,,0,江苏,公办,0,0
浙江,2025,综合,普通类一段,3353,连云港师范学院,,不限,490,82532,,,0,江苏,公办,0,0
浙江,2025,综合,普通类一段,3353,连云港师范学院,,物理、化学(2科必选),531,135566,,,0,江苏,公办,0,0
浙江,2025,综合,普通类一段,3355,苏州工业职业技术学院,,不限,490,184372,,,0,江苏,公办,0,0
浙江,2025,综合,普通类一段,3357,江苏医药职业学院,,不限,506,154221,,,0,江苏,公办,0,0
浙江,2025,综合,普通类一段,3357,江苏医药职业学院,,物理、化学(2科必选),490,166387,,,0,江苏,公办,0,0
浙江,2025,综合,普通类一段,3358,宿迁学院,,不限,569,74751,,,0,江苏,公办,0,0
浙江,2025,综合,普通类一段,3358,宿迁学院,,物理、化学(2科必选),519,105107,,,0,江苏,公办,0,0
浙江,2025,综合,普通类一段,3358,宿迁学院,,物理必选,536,129758,,,0,江苏,公办,0,0
浙江,2025,综合,普通类一段,3360,江苏第二师范学院,,不限,596,55914,,,0,江苏,公办,0,0
浙江,2025,综合,普通类一段,3360,江苏第二师范学院,,物理、化学(2科必选),546,117144,,,0,江苏,公办,0,0
浙江,2025,综合,普通类一段,3360,江苏第二师范学院,,物理、地理(2科必选),542,121435,,,0,江苏,公办,0,0
浙江,2025,综合,普通类一段,3361,南通师范高等专科学校,,不限,490,174331,,,0,江苏,公办,0,0
浙江,2025,综合,普通类一段,3362,盐城幼儿师范高等专科学校,,不限,506,166138,,,0,江苏,公办,0,0
浙江,2025,综合,普通类一段,3401,安徽财经大学,,不限,588,36573,,,0,安徽,公办,0,0
浙江,2025,综合,普通类一段,3402,蚌埠工商学院,,不限,551,101338,,,0,安徽,民办,0,0
浙江,2025,综合,普通类一段,3402,蚌埠工商学院,,物理必选,490,180049,,,0,安徽,民办,0,0
浙江,2025,综合,普通类一段,3404,安徽大学,,不限,637,10777,,,0,安徽,公办,0,1
浙江,2025,综合,普通类一段,3404,安徽大学,,历史、思想政治(2科必选),643,14835,,,0,安徽,公办,0,1
浙江,2025,综合,普通类一段,3404,安徽大学,,物理、化学(2科必选),601,16116,,,0,安徽,公办,0,1
浙江,2025,综合,普通类一段,3405,安徽电气工程职业技术学院,,不限,490,184372,,,0,安徽,公办,0,0
浙江,2025,综合,普通类一段,3406,安徽工程大学,,不限,571,86887,,,0,安徽,公办,0,0
浙江,2025,综合,普通类一段,3406,安徽工程大学,,物理、化学(2科必选),519,76161,,,0,安徽,公办,0,0
浙江,2025,综合,普通类一段,3407,安徽信息工程学院,,不限,534,123552,,,0,安徽,民办,0,0
浙江,2025,综合,普通类一段,3407,安徽信息工程学院,,物理、化学(2科必选),494,171229,,,0,安徽,民办,0,0
浙江,2025,综合,普通类一段,3410,安徽工业大学,,物理、化学(2科必选),544,47509,,,0,安徽,公办,0,0
浙江,2025,综合,普通类一段,3411,马鞍山学院,,不限,541,117952,,,0,安徽,民办,0,0
浙江,2025,综合,普通类一段,3416,安徽建筑大学,,不限,580,48800,,,0,安徽,公办,0,0
浙江,2025,综合,普通类一段,3416,安徽建筑大学,,物理、化学(2科必选),533,70317,,,0,安徽,公办,0,0
浙江,2025,综合,普通类一段,3416,安徽建筑大学,,物理、地理(2科必选),579,76525,,,0,安徽,公办,0,0
浙江,2025,综合,普通类一段,3416,安徽建筑大学,,物理必选,554,82190,,,0,安徽,公办,0,0
浙江,2025,综合,普通类一段,3417,合肥城市学院,,不限,544,119297,,,0,安徽,民办,0,0
浙江,2025,综合,普通类一段,3417,合肥城市学院,,物理、化学(2科必选),490,170702,,,0,安徽,民办,0,0
浙江,2025,综合,普通类一段,3417,合肥城市学院,,物理必选,494,179327,,,0,安徽,民办,0,0
浙江,2025,综合,普通类一段,3419,安徽警官职业学院,,不限,492,157620,,,0,安徽,公办,0,0
浙江,2025,综合,普通类一段,3420,安徽科技学院,,地理必选,567,77838,,,0,安徽,公办,0,0
浙江,2025,综合,普通类一段,3420,安徽科技学院,,物理、化学(2科必选),522,133912,,,0,安徽,公办,0,0
浙江,2025,综合,普通类一段,3420,安徽科技学院,,物理必选,528,133896,,,0,安徽,公办,0,0
浙江,2025,综合,普通类一段,3421,安徽理工大学,,不限,587,67100,,,0,安徽,公办,0,0
浙江,2025,综合,普通类一段,3421,安徽理工大学,,物理、化学(2科必选),541,51531,,,0,安徽,公办,0,0
浙江,2025,综合,普通类一段,3421,安徽理工大学,,物理必选,548,107093,,,0,安徽,公办,0,0
浙江,2025,综合,普通类一段,3422,安徽农业大学,,不限,587,44817,,,0,安徽,公办,0,0
浙江,2025,综合,普通类一段,3422,安徽农业大学,,物理、化学(2科必选),534,69088,,,0,安徽,公办,0,0
浙江,2025,综合,普通类一段,3422,安徽农业大学,,生物必选,588,66033,,,0,安徽,公办,0,0
浙江,2025,综合,普通类一段,3424,安徽审计职业学院,,不限,490,184372,,,0,安徽,公办,0,0
浙江,2025,综合,普通类一段,3425,安徽师范大学,,不限,583,24551,,,0,安徽,公办,0,0
浙江,2025,综合,普通类一段,3425,安徽师范大学,,地理必选,623,28862,,,0,安徽,公办,0,0
浙江,2025,综合,普通类一段,3425,安徽师范大学,,思想政治必选,623,29371,,,0,安徽,公办,0,0
浙江,2025,综合,普通类一段,3425,安徽师范大学,,物理、化学(2科必选),540,68422,,,0,安徽,公办,0,0
浙江,2025,综合,普通类一段,3425,安徽师范大学,,物理必选,550,89655,,,0,安徽,公办,0,0
浙江,2025,综合,普通类一段,3426,芜湖学院,,物理、化学(2科必选),503,164261,,,0,安徽,民办,0,0
浙江,2025,综合,普通类一段,3429,安徽医科大学,,不限,585,53552,,,0,安徽,公办,0,0
浙江,2025,综合,普通类一段,3429,安徽医科大学,,化学必选,582,72846,,,0,安徽,公办,0,0
浙江,2025,综合,普通类一段,3429,安徽医科大学,,物理、化学(2科必选),538,28056,,,0,安徽,公办,0,0
浙江,2025,综合,普通类一段,3429,安徽医科大学,,物理必选,571,86192,,,0,安徽,公办,0,0
浙江,2025,综合,普通类一段,3430,安徽医科大学临床医学院,,物理、化学(2科必选),508,135730,,,0,安徽,独立学院,0,0
浙江,2025,综合,普通类一段,3431,安徽第二医学院,,不限,497,135672,,,0,安徽,公办,0,0
浙江,2025,综合,普通类一段,3431,安徽第二医学院,,化学必选,490,182835,,,0,安徽,公办,0,0
浙江,2025,综合,普通类一段,3431,安徽第二医学院,,物理必选,490,184372,,,0,安徽,公办,0,0
浙江,2025,综合,普通类一段,3431,安徽第二医学院,,生物必选,511,160084,,,0,安徽,公办,0,0
浙江,2025,综合,普通类一段,3432,安徽职业技术大学,,不限,492,180769,,,0,安徽,公办,0,0
浙江,2025,综合,普通类一段,3432,安徽职业技术大学,,物理必选,492,181750,,,0,安徽,公办,0,0
浙江,2025,综合,普通类一段,3434,安徽中医药大学,,不限,581,27005,,,9,安徽,公办,0,0
浙江,2025,综合,普通类一段,3434,安徽中医药大学,,化学必选,548,115236,,,5,安徽,公办,0,0
浙江,2025,综合,普通类一段,3434,安徽中医药大学,,物理、化学(2科必选),562,82192,,,6,安徽,公办,0,0
浙江,2025,综合,普通类一段,3435,安徽中医药高等专科学校,,不限,490,109919,,,0,安徽,公办,0,0
浙江,2025,综合,普通类一段,3436,安庆师范大学,,不限,573,84451,,,0,安徽,公办,0,0
浙江,2025,综合,普通类一段,3436,安庆师范大学,,物理、化学(2科必选),490,184372,,,0,安徽,公办,0,0
浙江,2025,综合,普通类一段,3437,蚌埠学院,,不限,580,76078,,,0,安徽,公办,0,0
浙江,2025,综合,普通类一段,3437,蚌埠学院,,物理、化学(2科必选),526,103422,,,0,安徽,公办,0,0
浙江,2025,综合,普通类一段,3438,蚌埠医科大学,,物理、化学(2科必选),536,69116,,,0,安徽,公办,0,0
浙江,2025,综合,普通类一段,3439,巢湖学院,,不限,546,90398,,,0,安徽,公办,0,0
浙江,2025,综合,普通类一段,3439,巢湖学院,,物理、化学(2科必选),512,147298,,,0,安徽,公办,0,0
浙江,2025,综合,普通类一段,3439,巢湖学院,,物理必选,516,153849,,,0,安徽,公办,0,0
浙江,2025,综合,普通类一段,3440,合肥职业技术学院,,不限,490,184102,,,0,安徽,公办,0,0
浙江,2025,综合,普通类一段,3441,池州学院,,不限,565,78141,,,0,安徽,公办,0,0
浙江,2025,综合,普通类一段,3441,池州学院,,物理、化学(2科必选),526,124663,,,0,安徽,公办,0,0
浙江,2025,综合,普通类一段,3442,滁州学院,,不限,566,77052,,,0,安徽,公办,0,0
浙江,2025,综合,普通类一段,3442,滁州学院,,历史必选,569,88727,,,0,安徽,公办,0,0
浙江,2025,综合,普通类一段,3443,阜阳师范大学,,不限,579,76986,,,0,安徽,公办,0,0
浙江,2025,综合,普通类一段,3443,阜阳师范大学,,历史必选,585,69366,,,0,安徽,公办,0,0
浙江,2025,综合,普通类一段,3443,阜阳师范大学,,地理必选,580,75861,,,0,安徽,公办,0,0
浙江,2025,综合,普通类一段,3443,阜阳师范大学,,物理、化学(2科必选),531,113070,,,0,安徽,公办,0,0
浙江,2025,综合,普通类一段,3443,阜阳师范大学,,物理必选,533,132665,,,0,安徽,公办,0,0
浙江,2025,综合,普通类一段,3444,阜阳理工学院,,物理、化学(2科必选),490,184372,,,0,安徽,民办,0,0
浙江,2025,综合,普通类一段,3445,合肥工业大学,,不限,628,21492,,,0,安徽,公办,0,1
浙江,2025,综合,普通类一段,3445,合肥工业大学,,思想政治必选,646,13279,,,0,安徽,公办,0,1
浙江,2025,综合,普通类一段,3445,合肥工业大学,,物理、化学(2科必选),631,11706,,,0,安徽,公办,0,1
浙江,2025,综合,普通类一段,3445,合肥工业大学,,物理必选,631,16951,,,0,安徽,公办,0,1
浙江,2025,综合,普通类一段,3445,合肥工业大学（宣城校区）,,不限,636,19168,,,0,安徽,公办,0,1
浙江,2025,综合,普通类一段,3445,合肥工业大学（宣城校区）,,思想政治必选,635,20022,,,0,安徽,公办,0,1
浙江,2025,综合,普通类一段,3445,合肥工业大学（宣城校区）,,物理、化学(2科必选),630,15874,,,0,安徽,公办,0,1
浙江,2025,综合,普通类一段,3446,合肥大学,,不限,572,56310,,,0,安徽,公办,0,0
浙江,2025,综合,普通类一段,3446,合肥大学,,历史必选,591,62445,,,0,安徽,公办,0,0
浙江,2025,综合,普通类一段,3446,合肥大学,,物理、化学(2科必选),541,81026,,,0,安徽,公办,0,0
浙江,2025,综合,普通类一段,3446,合肥大学,,物理必选,561,98139,,,0,安徽,公办,0,0
浙江,2025,综合,普通类一段,3447,皖江工学院,,不限,547,116171,,,0,安徽,民办,0,0
浙江,2025,综合,普通类一段,3447,皖江工学院,,物理、化学(2科必选),492,177204,,,0,安徽,民办,0,0
浙江,2025,综合,普通类一段,3448,淮北师范大学,,不限,577,52154,,,0,安徽,公办,0,0
浙江,2025,综合,普通类一段,3448,淮北师范大学,,历史、思想政治(2科必选),607,44764,,,0,安徽,公办,0,0
浙江,2025,综合,普通类一段,3448,淮北师范大学,,史政地(3科必选),596,40319,,,0,安徽,公办,0,0
浙江,2025,综合,普通类一段,3448,淮北师范大学,,物化生(3科必选),505,117924,,,0,安徽,公办,0,0
浙江,2025,综合,普通类一段,3448,淮北师范大学,,物理、化学(2科必选),562,97206,,,0,安徽,公办,0,0
浙江,2025,综合,普通类一段,3448,淮北师范大学,,物理必选,543,120251,,,0,安徽,公办,0,0
浙江,2025,综合,普通类一段,3449,淮北职业技术学院,,不限,490,181590,,,0,安徽,公办,0,0
浙江,2025,综合,普通类一段,3450,淮南联合大学,,不限,490,149473,,,0,安徽,公办,0,0
浙江,2025,综合,普通类一段,3451,淮南师范学院,,不限,566,78429,,,0,安徽,公办,0,0
浙江,2025,综合,普通类一段,3451,淮南师范学院,,物理、化学(2科必选),527,130347,,,0,安徽,公办,0,0
浙江,2025,综合,普通类一段,3451,淮南师范学院,,物理必选,528,139223,,,0,安徽,公办,0,0
浙江,2025,综合,普通类一段,3453,皖南医学院,,化学必选,538,126586,,,0,安徽,公办,0,0
浙江,2025,综合,普通类一段,3453,皖南医学院,,物理、化学(2科必选),524,70215,,,0,安徽,公办,0,0
浙江,2025,综合,普通类一段,3454,芜湖职业技术大学,,不限,490,184372,,,0,安徽,公办,0,0
浙江,2025,综合,普通类一段,3455,中国科学技术大学,,物理、化学(2科必选),675,1973,,,0,安徽,公办,1,1
浙江,2025,综合,普通类一段,3456,黄山学院,,不限,554,92568,,,0,安徽,公办,0,0
浙江,2025,综合,普通类一段,3456,黄山学院,,物理、化学(2科必选),518,151088,,,0,安徽,公办,0,0
浙江,2025,综合,普通类一段,3461,黄山职业技术学院,,不限,490,184372,,,0,安徽,公办,0,0
浙江,2025,综合,普通类一段,3473,合肥师范学院,,不限,567,77070,,,0,安徽,公办,0,0
浙江,2025,综合,普通类一段,3473,合肥师范学院,,思想政治必选,576,80978,,,0,安徽,公办,0,0
浙江,2025,综合,普通类一段,3473,合肥师范学院,,物理、化学(2科必选),523,121526,,,0,安徽,公办,0,0
浙江,2025,综合,普通类一段,3474,安徽交通职业技术学院,,不限,490,184372,,,0,安徽,公办,0,0
浙江,2025,综合,普通类一段,3475,合肥幼儿师范高等专科学校,,不限,502,170411,,,0,安徽,公办,0,0
浙江,2025,综合,普通类一段,3477,皖西卫生职业学院,,不限,490,184372,,,0,安徽,公办,0,0
浙江,2025,综合,普通类一段,3478,铜陵职业技术学院,,不限,490,109207,,,0,安徽,公办,0,0
浙江,2025,综合,普通类一段,3483,安徽卫生健康职业学院,,不限,490,184372,,,0,安徽,公办,0,0
浙江,2025,综合,普通类一段,3487,安徽新华学院,,物理、化学(2科必选),493,177804,,,0,安徽,民办,0,0
浙江,2025,综合,普通类一段,350,台州学院,,不限,570,66610,,,0,浙江,公办,0,0
浙江,2025,综合,普通类一段,350,台州学院,,化学必选,529,138390,,,0,浙江,公办,0,0
浙江,2025,综合,普通类一段,350,台州学院,,思想政治必选,582,73032,,,0,浙江,公办,0,0
浙江,2025,综合,普通类一段,350,台州学院,,物理、化学(2科必选),530,108208,,,0,浙江,公办,0,0
浙江,2025,综合,普通类一段,350,台州学院,,物理必选,536,129561,,,0,浙江,公办,0,0
浙江,2025,综合,普通类一段,3501,福建电力职业技术学院,,不限,512,158541,,,0,福建,公办,0,0
浙江,2025,综合,普通类一段,3503,福建理工大学,,不限,578,53052,,,0,福建,公办,0,0
浙江,2025,综合,普通类一段,3503,福建理工大学,,物理、化学(2科必选),540,84777,,,0,福建,公办,0,0
浙江,2025,综合,普通类一段,3507,福建农林大学,,不限,565,61096,,,0,福建,公办,0,0
浙江,2025,综合,普通类一段,3507,福建农林大学,,物理、化学(2科必选),532,82656,,,0,福建,公办,0,0
浙江,2025,综合,普通类一段,3511,福建师范大学,,不限,581,56574,,,0,福建,公办,0,0
浙江,2025,综合,普通类一段,3511,福建师范大学,,地理必选,610,29483,,,0,福建,公办,0,0
浙江,2025,综合,普通类一段,3511,福建师范大学,,物化生(3科必选),553,93888,,,0,福建,公办,0,0
浙江,2025,综合,普通类一段,3511,福建师范大学,,物理、化学(2科必选),563,87122,,,0,福建,公办,0,0
浙江,2025,综合,普通类一段,3511,福建师范大学,,物理必选,562,97398,,,0,福建,公办,0,0
浙江,2025,综合,普通类一段,3512,福建师范大学协和学院,,不限,542,94115,,,0,福建,民办,0,0
浙江,2025,综合,普通类一段,3513,福建水利电力职业技术学院,,不限,490,184372,,,0,福建,公办,0,0
浙江,2025,综合,普通类一段,3514,福建信息职业技术学院,,不限,490,184372,,,0,福建,公办,0,0
浙江,2025,综合,普通类一段,3515,福建医科大学,,化学必选,549,61843,,,0,福建,公办,0,0
浙江,2025,综合,普通类一段,3515,福建医科大学,,物化生(3科必选),555,20182,,,0,福建,公办,0,0
浙江,2025,综合,普通类一段,3516,福建中医药大学,,物理、化学(2科必选),580,37329,,,0,福建,公办,0,0
浙江,2025,综合,普通类一段,3516,福建中医药大学,,物理、生物(2科必选),599,53101,,,0,福建,公办,0,0
浙江,2025,综合,普通类一段,3516,福建中医药大学,,生物必选,581,25597,,,0,福建,公办,0,0
浙江,2025,综合,普通类一段,3517,福州大学,,不限,633,10743,,,0,福建,公办,0,1
浙江,2025,综合,普通类一段,3517,福州大学,,地理必选,638,17616,,,0,福建,公办,0,1
浙江,2025,综合,普通类一段,3517,福州大学,,物化生(3科必选),639,17057,,,0,福建,公办,0,1
浙江,2025,综合,普通类一段,3517,福州大学,,物理、化学(2科必选),617,12341,,,0,福建,公办,0,1
浙江,2025,综合,普通类一段,3517,福州大学,,物理必选,615,36162,,,0,福建,公办,0,1
浙江,2025,综合,普通类一段,3518,阳光学院,,不限,532,99205,,,0,福建,民办,0,0
浙江,2025,综合,普通类一段,3518,阳光学院,,物理、化学(2科必选),490,181451,,,0,福建,民办,0,0
浙江,2025,综合,普通类一段,3519,福州大学至诚学院,,不限,551,94149,,,0,福建,民办,0,0
浙江,2025,综合,普通类一段,3519,福州大学至诚学院,,物理、化学(2科必选),490,159945,,,0,福建,民办,0,0
浙江,2025,综合,普通类一段,3520,福州理工学院,,不限,535,120028,,,0,福建,民办,0,0
浙江,2025,综合,普通类一段,3520,福州理工学院,,化学必选,514,156511,,,0,福建,民办,0,0
浙江,2025,综合,普通类一段,3521,福州外语外贸学院,,不限,520,103185,,,0,福建,民办,0,0
浙江,2025,综合,普通类一段,3521,福州外语外贸学院,,物理必选,490,184372,,,0,福建,民办,0,0
浙江,2025,综合,普通类一段,3522,福州职业技术学院,,不限,490,174013,,,0,福建,公办,0,0
浙江,2025,综合,普通类一段,3523,华侨大学,,不限,587,26415,,,0,福建,公办,0,0
浙江,2025,综合,普通类一段,3523,华侨大学,,思想政治必选,604,47526,,,0,福建,公办,0,0
浙江,2025,综合,普通类一段,3523,华侨大学,,物理、化学(2科必选),561,40006,,,0,福建,公办,0,0
浙江,2025,综合,普通类一段,3523,华侨大学,,物理必选,584,70711,,,0,福建,公办,0,0
浙江,2025,综合,普通类一段,3524,集美大学,,不限,585,26715,,,0,福建,公办,0,0
浙江,2025,综合,普通类一段,3524,集美大学,,物化生(3科必选),549,104489,,,0,福建,公办,0,0
浙江,2025,综合,普通类一段,3524,集美大学,,物理、化学(2科必选),578,65643,,,0,福建,公办,0,0
浙江,2025,综合,普通类一段,3524,集美大学,,物理必选,587,66858,,,0,福建,公办,0,0
浙江,2025,综合,普通类一段,3526,集美大学诚毅学院,,不限,553,83094,,,0,福建,民办,0,0
浙江,2025,综合,普通类一段,3526,集美大学诚毅学院,,物理、化学(2科必选),498,158043,,,0,福建,民办,0,0
浙江,2025,综合,普通类一段,3526,集美大学诚毅学院,,物理必选,503,169462,,,0,福建,民办,0,0
浙江,2025,综合,普通类一段,3528,龙岩学院,,不限,565,85847,,,0,福建,公办,0,0
浙江,2025,综合,普通类一段,3529,闽江学院,,不限,575,80198,,,0,福建,公办,0,0
浙江,2025,综合,普通类一段,3529,闽江学院,,物理、化学(2科必选),557,88812,,,0,福建,公办,0,0
浙江,2025,综合,普通类一段,3530,闽南理工学院,,不限,540,110847,,,0,福建,民办,0,0
浙江,2025,综合,普通类一段,3530,闽南理工学院,,物理、化学(2科必选),515,155570,,,0,福建,民办,0,0
浙江,2025,综合,普通类一段,3532,宁德职业技术学院,,不限,490,159697,,,0,福建,公办,0,0
浙江,2025,综合,普通类一段,3535,泉州经贸职业技术学院,,不限,490,184372,,,0,福建,公办,0,0
浙江,2025,综合,普通类一段,3536,泉州职业技术大学,,不限,529,124119,,,0,福建,民办,0,0
浙江,2025,综合,普通类一段,3536,泉州职业技术大学,,物理必选,490,184372,,,0,福建,民办,0,0
浙江,2025,综合,普通类一段,3537,泉州师范学院,,不限,568,77721,,,0,福建,公办,0,0
浙江,2025,综合,普通类一段,3537,泉州师范学院,,历史必选,570,62657,,,0,福建,公办,0,0
浙江,2025,综合,普通类一段,3537,泉州师范学院,,地理必选,574,66222,,,0,福建,公办,0,0
浙江,2025,综合,普通类一段,3537,泉州师范学院,,物化生(3科必选),513,157120,,,0,福建,公办,0,0
浙江,2025,综合,普通类一段,3537,泉州师范学院,,物理、化学(2科必选),519,101820,,,0,福建,公办,0,0
浙江,2025,综合,普通类一段,3537,泉州师范学院,,物理必选,538,126638,,,0,福建,公办,0,0
浙江,2025,综合,普通类一段,3538,泉州信息工程学院,,不限,525,121714,,,0,福建,民办,0,0
浙江,2025,综合,普通类一段,3538,泉州信息工程学院,,物理、化学(2科必选),490,173793,,,0,福建,民办,0,0
浙江,2025,综合,普通类一段,3540,三明学院,,不限,566,79638,,,0,福建,公办,0,0
浙江,2025,综合,普通类一段,3540,三明学院,,物理、化学(2科必选),517,124774,,,0,福建,公办,0,0
浙江,2025,综合,普通类一段,3540,三明学院,,物理必选,528,130304,,,0,福建,公办,0,0
浙江,2025,综合,普通类一段,3541,武夷学院,,不限,564,74832,,,0,福建,公办,0,0
浙江,2025,综合,普通类一段,3541,武夷学院,,物理、化学(2科必选),513,103972,,,0,福建,公办,0,0
浙江,2025,综合,普通类一段,3542,厦门城市职业学院,,不限,490,179819,,,0,福建,公办,0,0
浙江,2025,综合,普通类一段,3543,厦门大学,,不限,645,3381,,,0,福建,公办,1,1
浙江,2025,综合,普通类一段,3543,厦门大学,,思想政治必选,664,5479,,,0,福建,公办,1,1
浙江,2025,综合,普通类一段,3543,厦门大学,,物理、化学(2科必选),632,6323,,,0,福建,公办,1,1
浙江,2025,综合,普通类一段,3543,厦门大学,,物理必选,633,5447,,,0,福建,公办,1,1
浙江,2025,综合,普通类一段,3544,厦门大学嘉庚学院,,不限,554,79316,,,0,福建,民办,0,0
浙江,2025,综合,普通类一段,3544,厦门大学嘉庚学院,,物理、化学(2科必选),498,134789,,,0,福建,民办,0,0
浙江,2025,综合,普通类一段,3544,厦门大学嘉庚学院,,物理必选,490,141720,,,0,福建,民办,0,0
浙江,2025,综合,普通类一段,3545,厦门海洋职业技术学院,,不限,490,168008,,,0,福建,公办,0,0
浙江,2025,综合,普通类一段,3547,厦门华厦学院,,不限,542,97700,,,0,福建,民办,0,0
浙江,2025,综合,普通类一段,3547,厦门华厦学院,,物理、化学(2科必选),490,174553,,,0,福建,民办,0,0
浙江,2025,综合,普通类一段,3547,厦门华厦学院,,物理必选,490,184372,,,0,福建,民办,0,0
浙江,2025,综合,普通类一段,3548,厦门理工学院,,不限,586,68290,,,0,福建,公办,0,0
浙江,2025,综合,普通类一段,3548,厦门理工学院,,物理、化学(2科必选),574,71309,,,0,福建,公办,0,0
浙江,2025,综合,普通类一段,3553,闽南师范大学,,不限,565,51078,,,0,福建,公办,0,0
浙江,2025,综合,普通类一段,3553,闽南师范大学,,物理、化学(2科必选),510,97014,,,0,福建,公办,0,0
浙江,2025,综合,普通类一段,3553,闽南师范大学,,物理必选,558,102448,,,0,福建,公办,0,0
浙江,2025,综合,普通类一段,3564,仰恩大学,,不限,545,118306,,,0,福建,民办,0,0
浙江,2025,综合,普通类一段,3574,厦门医学院,,物理、化学(2科必选),541,81161,,,0,福建,公办,0,0
浙江,2025,综合,普通类一段,3575,宁德师范学院,,物理、化学(2科必选),512,145395,,,0,福建,公办,0,0
浙江,2025,综合,普通类一段,3576,闽西职业技术学院,,不限,490,184372,,,0,福建,公办,0,0
浙江,2025,综合,普通类一段,358,丽水学院,,不限,565,72220,,,0,浙江,公办,0,0
浙江,2025,综合,普通类一段,358,丽水学院,,化学必选,525,141255,,,0,浙江,公办,0,0
浙江,2025,综合,普通类一段,358,丽水学院,,历史必选,566,81255,,,0,浙江,公办,0,0
浙江,2025,综合,普通类一段,358,丽水学院,,思想政治必选,570,73767,,,0,浙江,公办,0,0
浙江,2025,综合,普通类一段,358,丽水学院,,物理、化学(2科必选),524,83553,,,0,浙江,公办,0,0
浙江,2025,综合,普通类一段,358,丽水学院,,生物必选,568,90570,,,0,浙江,公办,0,0
浙江,2025,综合,普通类一段,36,杭州医学院,,化学必选,532,131600,,,0,浙江,公办,0,0
浙江,2025,综合,普通类一段,36,杭州医学院,,物理、化学(2科必选),533,68078,,,0,浙江,公办,0,0
浙江,2025,综合,普通类一段,3601,东华理工大学,,不限,578,75600,,,0,江西,公办,0,0
浙江,2025,综合,普通类一段,3601,东华理工大学,,物理、化学(2科必选),526,103064,,,0,江西,公办,0,0
浙江,2025,综合,普通类一段,3601,东华理工大学,,物理必选,552,106640,,,0,江西,公办,0,0
浙江,2025,综合,普通类一段,3602,赣东学院,,不限,567,77098,,,0,江西,公办,0,0
浙江,2025,综合,普通类一段,3602,赣东学院,,物理、化学(2科必选),500,126932,,,0,江西,公办,0,0
浙江,2025,综合,普通类一段,3602,赣东学院,,物理必选,525,136452,,,0,江西,公办,0,0
浙江,2025,综合,普通类一段,3603,赣南师范大学,,不限,569,51406,,,32,江西,公办,0,0
浙江,2025,综合,普通类一段,3603,赣南师范大学,,历史、思想政治(2科必选),597,55840,,,2,江西,公办,0,0
浙江,2025,综合,普通类一段,3603,赣南师范大学,,历史必选,578,42849,,,11,江西,公办,0,0
浙江,2025,综合,普通类一段,3603,赣南师范大学,,地理必选,588,53612,,,6,江西,公办,0,0
浙江,2025,综合,普通类一段,3603,赣南师范大学,,思想政治必选,578,78531,,,2,江西,公办,0,0
浙江,2025,综合,普通类一段,3603,赣南师范大学,,物理、化学(2科必选),517,89443,,,24,江西,公办,0,0
浙江,2025,综合,普通类一段,3603,赣南师范大学,,物理必选,532,133791,,,6,江西,公办,0,0
浙江,2025,综合,普通类一段,3604,赣南医科大学,,不限,573,68171,,,0,江西,公办,0,0
浙江,2025,综合,普通类一段,3604,赣南医科大学,,物理、化学(2科必选),526,65248,,,0,江西,公办,0,0
浙江,2025,综合,普通类一段,3604,赣南医科大学,,生物必选,579,72014,,,0,江西,公办,0,0
浙江,2025,综合,普通类一段,3605,华东交通大学,,不限,589,37325,,,0,江西,公办,0,0
浙江,2025,综合,普通类一段,3605,华东交通大学,,物理、化学(2科必选),565,30854,,,0,江西,公办,0,0
浙江,2025,综合,普通类一段,3605,华东交通大学,,物理必选,551,111331,,,0,江西,公办,0,0
浙江,2025,综合,普通类一段,3606,南昌交通学院,,不限,544,95290,,,0,江西,民办,0,0
浙江,2025,综合,普通类一段,3606,南昌交通学院,,物理、化学(2科必选),495,149709,,,0,江西,民办,0,0
浙江,2025,综合,普通类一段,3607,江西财经大学,,不限,600,14320,,,0,江西,公办,0,0
浙江,2025,综合,普通类一段,3607,江西财经大学,,物理、化学(2科必选),554,31949,,,0,江西,公办,0,0
浙江,2025,综合,普通类一段,3607,江西财经大学,,物理必选,549,36239,,,0,江西,公办,0,0
浙江,2025,综合,普通类一段,3608,江西财经大学现代经济管理学院,,不限,546,87036,,,0,江西,独立学院,0,0
浙江,2025,综合,普通类一段,3608,江西财经大学现代经济管理学院,,物理、化学(2科必选),505,161770,,,0,江西,独立学院,0,0
浙江,2025,综合,普通类一段,3608,江西财经大学现代经济管理学院,,物理必选,491,159496,,,0,江西,独立学院,0,0
浙江,2025,综合,普通类一段,3609,江西财经职业学院,,不限,490,184372,,,0,江西,公办,0,0
浙江,2025,综合,普通类一段,3610,江西应用科技学院,,不限,534,118379,,,0,江西,民办,0,0
浙江,2025,综合,普通类一段,3610,江西应用科技学院,,物理、化学(2科必选),491,182457,,,0,江西,民办,0,0
浙江,2025,综合,普通类一段,3611,南昌职业大学,,物理必选,490,181208,,,0,江西,民办,0,0
浙江,2025,综合,普通类一段,3612,江西电力职业技术学院,,不限,492,162682,,,0,江西,公办,0,0
浙江,2025,综合,普通类一段,3612,江西电力职业技术学院,,物理必选,496,176761,,,0,江西,公办,0,0
浙江,2025,综合,普通类一段,3613,江西服装学院,,不限,531,125052,,,0,江西,民办,0,0
浙江,2025,综合,普通类一段,3613,江西服装学院,,物理、化学(2科必选),492,181688,,,0,江西,民办,0,0
浙江,2025,综合,普通类一段,3614,南昌工学院,,不限,490,111901,,,0,江西,民办,0,0
浙江,2025,综合,普通类一段,3614,南昌工学院,,物理、化学(2科必选),490,168597,,,0,江西,民办,0,0
浙江,2025,综合,普通类一段,3614,南昌工学院,,物理必选,490,182263,,,0,江西,民办,0,0
浙江,2025,综合,普通类一段,3614,南昌工学院,,生物必选,546,116607,,,0,江西,民办,0,0
浙江,2025,综合,普通类一段,3618,江西交通职业技术学院,,不限,490,184372,,,0,江西,公办,0,0
浙江,2025,综合,普通类一段,3619,江西科技师范大学,,不限,555,62116,,,0,江西,公办,0,0
浙江,2025,综合,普通类一段,3619,江西科技师范大学,,历史必选,596,48928,,,0,江西,公办,0,0
浙江,2025,综合,普通类一段,3619,江西科技师范大学,,思想政治必选,598,54062,,,0,江西,公办,0,0
浙江,2025,综合,普通类一段,3619,江西科技师范大学,,物理、化学(2科必选),509,84795,,,0,江西,公办,0,0
浙江,2025,综合,普通类一段,3619,江西科技师范大学,,物理必选,533,111319,,,0,江西,公办,0,0
浙江,2025,综合,普通类一段,3620,南昌应用技术师范学院,,不限,490,92363,,,0,江西,民办,0,0
浙江,2025,综合,普通类一段,3620,南昌应用技术师范学院,,物理、化学(2科必选),498,159427,,,0,江西,民办,0,0
浙江,2025,综合,普通类一段,3621,江西科技学院,,不限,490,108811,,,0,江西,民办,0,0
浙江,2025,综合,普通类一段,3621,江西科技学院,,物理、化学(2科必选),490,177056,,,0,江西,民办,0,0
浙江,2025,综合,普通类一段,3621,江西科技学院,,物理、生物(2科必选),502,170549,,,0,江西,民办,0,0
浙江,2025,综合,普通类一段,3622,江西理工大学,,不限,578,49477,,,0,江西,公办,0,0
浙江,2025,综合,普通类一段,3622,江西理工大学,,历史必选,586,68666,,,0,江西,公办,0,0
浙江,2025,综合,普通类一段,3622,江西理工大学,,地理必选,594,58323,,,0,江西,公办,0,0
浙江,2025,综合,普通类一段,3622,江西理工大学,,物理、化学(2科必选),539,64010,,,0,江西,公办,0,0
浙江,2025,综合,普通类一段,3622,江西理工大学,,物理必选,552,93498,,,0,江西,公办,0,0
浙江,2025,综合,普通类一段,3623,赣南科技学院,,不限,566,78339,,,0,江西,公办,0,0
浙江,2025,综合,普通类一段,3623,赣南科技学院,,物理、化学(2科必选),512,119928,,,0,江西,公办,0,0
浙江,2025,综合,普通类一段,3623,赣南科技学院,,物理必选,527,134130,,,0,江西,公办,0,0
浙江,2025,综合,普通类一段,3625,江西农业大学,,不限,578,62715,,,0,江西,公办,0,0
浙江,2025,综合,普通类一段,3625,江西农业大学,,地理必选,594,58997,,,0,江西,公办,0,0
浙江,2025,综合,普通类一段,3625,江西农业大学,,物理、化学(2科必选),523,81236,,,0,江西,公办,0,0
浙江,2025,综合,普通类一段,3625,江西农业大学,,生物必选,577,79647,,,0,江西,公办,0,0
浙江,2025,综合,普通类一段,3626,江西农业大学南昌商学院,,不限,549,98637,,,0,江西,民办,0,0
浙江,2025,综合,普通类一段,3626,江西农业大学南昌商学院,,物理、化学(2科必选),490,169860,,,0,江西,民办,0,0
浙江,2025,综合,普通类一段,3626,江西农业大学南昌商学院,,物理必选,496,166355,,,0,江西,民办,0,0
浙江,2025,综合,普通类一段,3626,江西农业大学南昌商学院,,生物必选,549,113738,,,0,江西,民办,0,0
浙江,2025,综合,普通类一段,3627,江西师范大学,,不限,579,30178,,,0,江西,公办,0,0
浙江,2025,综合,普通类一段,3627,江西师范大学,,历史、思想政治(2科必选),621,30913,,,0,江西,公办,0,0
浙江,2025,综合,普通类一段,3627,江西师范大学,,地理必选,614,37638,,,0,江西,公办,0,0
浙江,2025,综合,普通类一段,3627,江西师范大学,,物理、化学(2科必选),548,54072,,,0,江西,公办,0,0
浙江,2025,综合,普通类一段,3627,江西师范大学,,物理必选,569,59777,,,0,江西,公办,0,0
浙江,2025,综合,普通类一段,3628,江西师范大学科学技术学院,,不限,545,100007,,,0,江西,民办,0,0
浙江,2025,综合,普通类一段,3628,江西师范大学科学技术学院,,物理、化学(2科必选),490,178428,,,0,江西,民办,0,0
浙江,2025,综合,普通类一段,3628,江西师范大学科学技术学院,,物理必选,495,177762,,,0,江西,民办,0,0
浙江,2025,综合,普通类一段,3629,江西司法警官职业学院,,不限,490,173767,,,0,江西,公办,0,0
浙江,2025,综合,普通类一段,3630,江西外语外贸职业学院,,不限,490,184372,,,0,江西,公办,0,0
浙江,2025,综合,普通类一段,3637,江西中医药大学,,不限,575,17675,,,0,江西,公办,0,0
浙江,2025,综合,普通类一段,3637,江西中医药大学,,物理、化学(2科必选),553,78881,,,0,江西,公办,0,0
浙江,2025,综合,普通类一段,3637,江西中医药大学,,物理、生物(2科必选),583,72334,,,0,江西,公办,0,0
浙江,2025,综合,普通类一段,3637,江西中医药大学,,生物必选,583,71912,,,0,江西,公办,0,0
浙江,2025,综合,普通类一段,3638,南昌医学院,,不限,582,73548,,,0,江西,公办,0,0
浙江,2025,综合,普通类一段,3638,南昌医学院,,物理、化学(2科必选),517,86265,,,0,江西,公办,0,0
浙江,2025,综合,普通类一段,3638,南昌医学院,,物理、生物(2科必选),545,107870,,,0,江西,公办,0,0
浙江,2025,综合,普通类一段,3638,南昌医学院,,生物必选,569,82927,,,0,江西,公办,0,0
浙江,2025,综合,普通类一段,3639,抚州医药学院,,不限,494,156611,,,0,江西,公办,0,0
浙江,2025,综合,普通类一段,3640,井冈山大学,,不限,568,70452,,,0,江西,公办,0,0
浙江,2025,综合,普通类一段,3640,井冈山大学,,化学必选,524,143863,,,0,江西,公办,0,0
浙江,2025,综合,普通类一段,3640,井冈山大学,,历史、思想政治(2科必选),583,72110,,,0,江西,公办,0,0
浙江,2025,综合,普通类一段,3640,井冈山大学,,历史必选,588,66034,,,0,江西,公办,0,0
浙江,2025,综合,普通类一段,3640,井冈山大学,,物理、化学(2科必选),492,104281,,,0,江西,公办,0,0
浙江,2025,综合,普通类一段,3641,景德镇学院,,不限,568,83493,,,0,江西,公办,0,0
浙江,2025,综合,普通类一段,3641,景德镇学院,,历史必选,580,75308,,,0,江西,公办,0,0
浙江,2025,综合,普通类一段,3641,景德镇学院,,物理、化学(2科必选),531,135117,,,0,江西,公办,0,0
浙江,2025,综合,普通类一段,3642,景德镇陶瓷大学,,不限,574,58980,,,0,江西,公办,0,0
浙江,2025,综合,普通类一段,3642,景德镇陶瓷大学,,化学必选,578,77684,,,0,江西,公办,0,0
浙江,2025,综合,普通类一段,3642,景德镇陶瓷大学,,历史必选,593,50895,,,0,江西,公办,0,0
浙江,2025,综合,普通类一段,3642,景德镇陶瓷大学,,物理、化学(2科必选),532,81272,,,0,江西,公办,0,0
浙江,2025,综合,普通类一段,3643,景德镇艺术职业大学,,不限,490,116246,,,0,江西,民办,0,0
浙江,2025,综合,普通类一段,3643,景德镇艺术职业大学,,思想政治必选,550,112314,,,0,江西,民办,0,0
浙江,2025,综合,普通类一段,3643,景德镇艺术职业大学,,物理必选,506,157975,,,0,江西,民办,0,0
浙江,2025,综合,普通类一段,3644,九江学院,,不限,560,79555,,,0,江西,公办,0,0
浙江,2025,综合,普通类一段,3644,九江学院,,化学必选,545,118157,,,0,江西,公办,0,0
浙江,2025,综合,普通类一段,3644,九江学院,,物理、化学(2科必选),524,88748,,,0,江西,公办,0,0
浙江,2025,综合,普通类一段,3644,九江学院,,物理、生物(2科必选),518,151465,,,0,江西,公办,0,0
浙江,2025,综合,普通类一段,3645,江西职业技术大学,,不限,490,157208,,,0,江西,公办,0,0
浙江,2025,综合,普通类一段,3646,南昌大学,,不限,630,11061,,,0,江西,公办,0,1
浙江,2025,综合,普通类一段,3646,南昌大学,,物理、化学(2科必选),604,15839,,,0,江西,公办,0,1
浙江,2025,综合,普通类一段,3646,南昌大学,,物理必选,625,25213,,,0,江西,公办,0,1
浙江,2025,综合,普通类一段,3646,南昌大学,,生物必选,623,29047,,,0,江西,公办,0,1
浙江,2025,综合,普通类一段,3647,南昌大学科学技术学院,,不限,545,92038,,,0,江西,民办,0,0
浙江,2025,综合,普通类一段,3647,南昌大学科学技术学院,,物理、化学(2科必选),509,153984,,,0,江西,民办,0,0
浙江,2025,综合,普通类一段,3648,江西水利电力大学,,不限,570,69268,,,0,江西,公办,0,0
浙江,2025,综合,普通类一段,3648,江西水利电力大学,,物理、化学(2科必选),499,73932,,,0,江西,公办,0,0
浙江,2025,综合,普通类一段,3648,江西水利电力大学,,物理、生物(2科必选),524,143853,,,0,江西,公办,0,0
浙江,2025,综合,普通类一段,3648,江西水利电力大学,,物理必选,534,132106,,,0,江西,公办,0,0
浙江,2025,综合,普通类一段,3649,南昌航空大学,,不限,585,58417,,,0,江西,公办,0,0
浙江,2025,综合,普通类一段,3649,南昌航空大学,,物理、化学(2科必选),563,48205,,,0,江西,公办,0,0
浙江,2025,综合,普通类一段,3649,南昌航空大学,,物理必选,564,75491,,,0,江西,公办,0,0
浙江,2025,综合,普通类一段,3650,南昌航空大学科技学院,,不限,551,95435,,,0,江西,民办,0,0
浙江,2025,综合,普通类一段,3650,南昌航空大学科技学院,,物理、化学(2科必选),496,144998,,,0,江西,民办,0,0
浙江,2025,综合,普通类一段,3651,南昌理工学院,,不限,490,103144,,,0,江西,民办,0,0
浙江,2025,综合,普通类一段,3651,南昌理工学院,,化学必选,515,155214,,,0,江西,民办,0,0
浙江,2025,综合,普通类一段,3651,南昌理工学院,,物理、化学(2科必选),490,165126,,,0,江西,民办,0,0
浙江,2025,综合,普通类一段,3651,南昌理工学院,,物理必选,493,176128,,,0,江西,民办,0,0
浙江,2025,综合,普通类一段,3652,豫章师范学院,,不限,568,69700,,,0,江西,公办,0,0
浙江,2025,综合,普通类一段,3652,豫章师范学院,,物理、化学(2科必选),520,128921,,,0,江西,公办,0,0
浙江,2025,综合,普通类一段,3653,萍乡学院,,不限,563,79381,,,0,江西,公办,0,0
浙江,2025,综合,普通类一段,3653,萍乡学院,,物理、化学(2科必选),514,133867,,,0,江西,公办,0,0
浙江,2025,综合,普通类一段,3653,萍乡学院,,物理必选,517,152227,,,0,江西,公办,0,0
浙江,2025,综合,普通类一段,3654,上饶师范学院,,不限,567,73521,,,0,江西,公办,0,0
浙江,2025,综合,普通类一段,3654,上饶师范学院,,历史、思想政治(2科必选),578,77789,,,0,江西,公办,0,0
浙江,2025,综合,普通类一段,3654,上饶师范学院,,历史必选,577,79431,,,0,江西,公办,0,0
浙江,2025,综合,普通类一段,3654,上饶师范学院,,地理必选,577,78706,,,0,江西,公办,0,0
浙江,2025,综合,普通类一段,3654,上饶师范学院,,物理、化学(2科必选),511,137895,,,0,江西,公办,0,0
浙江,2025,综合,普通类一段,3654,上饶师范学院,,物理必选,523,144896,,,0,江西,公办,0,0
浙江,2025,综合,普通类一段,3656,新余学院,,不限,569,77428,,,0,江西,公办,0,0
浙江,2025,综合,普通类一段,3656,新余学院,,物理、化学(2科必选),524,115348,,,0,江西,公办,0,0
浙江,2025,综合,普通类一段,3656,新余学院,,物理必选,527,136349,,,0,江西,公办,0,0
浙江,2025,综合,普通类一段,3656,新余学院,,生物必选,570,87097,,,0,江西,公办,0,0
浙江,2025,综合,普通类一段,3657,宜春学院,,不限,563,72932,,,0,江西,公办,0,0
浙江,2025,综合,普通类一段,3657,宜春学院,,思想政治必选,574,83062,,,0,江西,公办,0,0
浙江,2025,综合,普通类一段,3657,宜春学院,,物化生(3科必选),521,137963,,,0,江西,公办,0,0
浙江,2025,综合,普通类一段,3657,宜春学院,,物理、化学(2科必选),508,109343,,,0,江西,公办,0,0
浙江,2025,综合,普通类一段,3657,宜春学院,,物理必选,538,126896,,,0,江西,公办,0,0
浙江,2025,综合,普通类一段,3657,宜春学院,,生物必选,565,89109,,,0,江西,公办,0,0
浙江,2025,综合,普通类一段,3660,江西工程学院,,不限,556,104660,,,0,江西,民办,0,0
浙江,2025,综合,普通类一段,3660,江西工程学院,,物理、化学(2科必选),504,162329,,,0,江西,民办,0,0
浙江,2025,综合,普通类一段,3663,江西应用技术职业学院,,不限,505,107958,,,0,江西,公办,0,0
浙江,2025,综合,普通类一段,3666,九江职业大学,,不限,499,173920,,,0,江西,公办,0,0
浙江,2025,综合,普通类一段,3669,江西医学高等专科学校,,不限,490,173634,,,0,江西,公办,0,0
浙江,2025,综合,普通类一段,3669,江西医学高等专科学校,,物理、化学(2科必选),490,183424,,,0,江西,公办,0,0
浙江,2025,综合,普通类一段,3685,江西师范高等专科学校,,不限,509,152786,,,0,江西,公办,0,0
浙江,2025,综合,普通类一段,3687,萍乡卫生职业学院,,不限,490,168526,,,0,江西,公办,0,0
浙江,2025,综合,普通类一段,3690,南昌师范学院,,不限,568,86738,,,0,江西,公办,0,0
浙江,2025,综合,普通类一段,3691,江西工商职业技术学院,,不限,490,184372,,,0,江西,民办,0,0
浙江,2025,综合,普通类一段,3699,江西生物科技职业学院,,不限,515,120605,,,0,江西,公办,0,0
浙江,2025,综合,普通类一段,37,浙江工商大学,,不限,604,16151,,,0,浙江,公办,0,0
浙江,2025,综合,普通类一段,37,浙江工商大学,,物理、化学(2科必选),591,34053,,,0,浙江,公办,0,0
浙江,2025,综合,普通类一段,37,浙江工商大学,,物理必选,601,31459,,,0,浙江,公办,0,0
浙江,2025,综合,普通类一段,3701,山东航空学院,,不限,571,86606,,,0,山东,公办,0,0
浙江,2025,综合,普通类一段,3701,山东航空学院,,物理、化学(2科必选),514,119210,,,0,山东,公办,0,0
浙江,2025,综合,普通类一段,3702,滨州医学院,,不限,567,91725,,,0,山东,公办,0,0
浙江,2025,综合,普通类一段,3702,滨州医学院,,物理、化学(2科必选),565,62679,,,0,山东,公办,0,0
浙江,2025,综合,普通类一段,3703,德州学院,,不限,571,86014,,,0,山东,公办,0,0
浙江,2025,综合,普通类一段,3703,德州学院,,物理、化学(2科必选),510,140411,,,0,山东,公办,0,0
浙江,2025,综合,普通类一段,3705,济南大学,,不限,589,39751,,,0,山东,公办,0,0
浙江,2025,综合,普通类一段,3705,济南大学,,化学、地理(2科必选),590,62978,,,0,山东,公办,0,0
浙江,2025,综合,普通类一段,3705,济南大学,,物理、化学(2科必选),549,58190,,,0,山东,公办,0,0
浙江,2025,综合,普通类一段,3705,济南大学,,物理必选,568,88258,,,0,山东,公办,0,0
浙江,2025,综合,普通类一段,3706,烟台科技学院,,不限,547,116236,,,0,山东,民办,0,0
浙江,2025,综合,普通类一段,3706,烟台科技学院,,物理、化学(2科必选),490,184372,,,0,山东,民办,0,0
浙江,2025,综合,普通类一段,3708,山东职业学院,,不限,490,184372,,,0,山东,公办,0,0
浙江,2025,综合,普通类一段,3708,山东职业学院,,物理必选,490,184372,,,0,山东,公办,0,0
浙江,2025,综合,普通类一段,3709,济宁医学院,,化学必选,526,141882,,,0,山东,公办,0,0
浙江,2025,综合,普通类一段,3709,济宁医学院,,物理、化学(2科必选),506,62916,,,0,山东,公办,0,0
浙江,2025,综合,普通类一段,3710,聊城大学,,不限,575,57824,,,0,山东,公办,0,0
浙江,2025,综合,普通类一段,3710,聊城大学,,思想政治必选,593,60144,,,0,山东,公办,0,0
浙江,2025,综合,普通类一段,3710,聊城大学,,物化生(3科必选),490,161766,,,0,山东,公办,0,0
浙江,2025,综合,普通类一段,3710,聊城大学,,物理、化学(2科必选),490,88347,,,0,山东,公办,0,0
浙江,2025,综合,普通类一段,3710,聊城大学,,物理必选,540,124185,,,0,山东,公办,0,0
浙江,2025,综合,普通类一段,3711,临沂大学,,不限,570,55795,,,0,山东,公办,0,0
浙江,2025,综合,普通类一段,3711,临沂大学,,物理、化学(2科必选),490,109257,,,0,山东,公办,0,0
浙江,2025,综合,普通类一段,3711,临沂大学,,物理必选,531,136063,,,0,山东,公办,0,0
浙江,2025,综合,普通类一段,3712,鲁东大学,,不限,573,84229,,,0,山东,公办,0,0
浙江,2025,综合,普通类一段,3712,鲁东大学,,物理、化学(2科必选),501,114057,,,0,山东,公办,0,0
浙江,2025,综合,普通类一段,3713,青岛滨海学院,,不限,529,128417,,,0,山东,民办,0,0
浙江,2025,综合,普通类一段,3713,青岛滨海学院,,物理、化学(2科必选),490,184372,,,0,山东,民办,0,0
浙江,2025,综合,普通类一段,3713,青岛滨海学院,,生物必选,538,120771,,,0,山东,民办,0,0
浙江,2025,综合,普通类一段,3714,青岛大学,,不限,591,29309,,,0,山东,公办,0,0
浙江,2025,综合,普通类一段,3714,青岛大学,,物理、化学(2科必选),556,34731,,,0,山东,公办,0,0
浙江,2025,综合,普通类一段,3714,青岛大学,,物理必选,580,65568,,,0,山东,公办,0,0
浙江,2025,综合,普通类一段,3717,青岛恒星科技学院,,不限,526,117471,,,0,山东,民办,0,0
浙江,2025,综合,普通类一段,3717,青岛恒星科技学院,,物理必选,490,184372,,,0,山东,民办,0,0
浙江,2025,综合,普通类一段,3717,青岛恒星科技学院,,生物必选,542,122295,,,0,山东,民办,0,0
浙江,2025,综合,普通类一段,3719,青岛科技大学,,不限,585,69526,,,0,山东,公办,0,0
浙江,2025,综合,普通类一段,3719,青岛科技大学,,物理、化学(2科必选),532,63776,,,0,山东,公办,0,0
浙江,2025,综合,普通类一段,3720,青岛理工大学,,不限,587,38713,,,0,山东,公办,0,0
浙江,2025,综合,普通类一段,3720,青岛理工大学,,物理、化学(2科必选),520,42637,,,0,山东,公办,0,0
浙江,2025,综合,普通类一段,3720,青岛理工大学,,物理必选,540,67727,,,0,山东,公办,0,0
浙江,2025,综合,普通类一段,3721,青岛农业大学,,物理、化学(2科必选),499,124503,,,0,山东,公办,0,0
浙江,2025,综合,普通类一段,3722,青岛农业大学海都学院,,不限,492,118245,,,0,山东,民办,0,0
浙江,2025,综合,普通类一段,3722,青岛农业大学海都学院,,物理、化学(2科必选),493,172109,,,0,山东,民办,0,0
浙江,2025,综合,普通类一段,3725,曲阜师范大学,,不限,576,37626,,,0,山东,公办,0,0
浙江,2025,综合,普通类一段,3725,曲阜师范大学,,物理、化学(2科必选),534,132300,,,0,山东,公办,0,0
浙江,2025,综合,普通类一段,3725,曲阜师范大学,,物理必选,563,96010,,,0,山东,公办,0,0
浙江,2025,综合,普通类一段,3726,齐鲁理工学院,,不限,490,114318,,,0,山东,民办,0,0
浙江,2025,综合,普通类一段,3726,齐鲁理工学院,,物理、化学(2科必选),490,172638,,,0,山东,民办,0,0
浙江,2025,综合,普通类一段,3726,齐鲁理工学院,,生物必选,543,120500,,,0,山东,民办,0,0
浙江,2025,综合,普通类一段,3727,日照职业技术学院,,不限,490,129443,,,0,山东,公办,0,0
浙江,2025,综合,普通类一段,3728,山东财经大学,,不限,589,24764,,,0,山东,公办,0,0
浙江,2025,综合,普通类一段,3728,山东财经大学,,物理、化学(2科必选),572,67769,,,0,山东,公办,0,0
浙江,2025,综合,普通类一段,3728,山东财经大学,,物理必选,573,72591,,,0,山东,公办,0,0
浙江,2025,综合,普通类一段,3729,山东财经大学东方学院,,不限,540,107726,,,0,山东,民办,0,0
浙江,2025,综合,普通类一段,3729,山东财经大学东方学院,,物理、化学(2科必选),490,183441,,,0,山东,民办,0,0
浙江,2025,综合,普通类一段,3731,山东大学,,不限,655,5485,,,0,山东,公办,1,1
浙江,2025,综合,普通类一段,3731,山东大学,,思想政治必选,657,7924,,,0,山东,公办,1,1
浙江,2025,综合,普通类一段,3731,山东大学,,物化生(3科必选),650,4675,,,0,山东,公办,1,1
浙江,2025,综合,普通类一段,3731,山东大学,,物理、化学(2科必选),651,4447,,,0,山东,公办,1,1
浙江,2025,综合,普通类一段,3732,山东大学（威海）,,不限,652,7123,,,0,山东,公办,1,1
浙江,2025,综合,普通类一段,3732,山东大学（威海）,,物理、化学(2科必选),641,9063,,,0,山东,公办,1,1
浙江,2025,综合,普通类一段,3734,山东工商学院,,不限,553,61399,,,0,山东,公办,0,0
浙江,2025,综合,普通类一段,3734,山东工商学院,,物理、化学(2科必选),517,93324,,,0,山东,公办,0,0
浙江,2025,综合,普通类一段,3734,山东工商学院,,物理必选,530,103508,,,0,山东,公办,0,0
浙江,2025,综合,普通类一段,3735,山东工艺美术学院,,不限,559,95179,,,0,山东,公办,0,0
浙江,2025,综合,普通类一段,3735,山东工艺美术学院,,物理、化学(2科必选),522,140436,,,0,山东,公办,0,0
浙江,2025,综合,普通类一段,3735,山东工艺美术学院,,物理必选,514,156568,,,0,山东,公办,0,0
浙江,2025,综合,普通类一段,3737,山东建筑大学,,不限,538,80485,,,0,山东,公办,0,0
浙江,2025,综合,普通类一段,3737,山东建筑大学,,物理、化学(2科必选),507,82936,,,0,山东,公办,0,0
浙江,2025,综合,普通类一段,3737,山东建筑大学,,物理必选,542,121737,,,0,山东,公办,0,0
浙江,2025,综合,普通类一段,3738,山东交通学院,,不限,568,88598,,,0,山东,公办,0,0
浙江,2025,综合,普通类一段,3738,山东交通学院,,物理、化学(2科必选),490,114722,,,0,山东,公办,0,0
浙江,2025,综合,普通类一段,3738,山东交通学院,,物理必选,531,136099,,,0,山东,公办,0,0
浙江,2025,综合,普通类一段,3742,山东科技大学,,不限,582,73386,,,0,山东,公办,0,0
浙江,2025,综合,普通类一段,3742,山东科技大学,,物理、化学(2科必选),553,57391,,,0,山东,公办,0,0
浙江,2025,综合,普通类一段,3743,山东理工大学,,不限,579,53648,,,0,山东,公办,0,0
浙江,2025,综合,普通类一段,3743,山东理工大学,,物理、化学(2科必选),521,61141,,,0,山东,公办,0,0
浙江,2025,综合,普通类一段,3743,山东理工大学,,物理必选,559,94564,,,0,山东,公办,0,0
浙江,2025,综合,普通类一段,3744,山东力明科技职业学院,,不限,490,168286,,,0,山东,民办,0,0
浙江,2025,综合,普通类一段,3745,山东农业大学,,不限,576,55334,,,0,山东,公办,0,0
浙江,2025,综合,普通类一段,3745,山东农业大学,,地理必选,592,61201,,,0,山东,公办,0,0
浙江,2025,综合,普通类一段,3745,山东农业大学,,思想政治必选,587,67538,,,0,山东,公办,0,0
浙江,2025,综合,普通类一段,3745,山东农业大学,,物理、化学(2科必选),541,86641,,,0,山东,公办,0,0
浙江,2025,综合,普通类一段,3745,山东农业大学,,物理必选,555,105349,,,0,山东,公办,0,0
浙江,2025,综合,普通类一段,3745,山东农业大学,,生物必选,575,81979,,,0,山东,公办,0,0
浙江,2025,综合,普通类一段,3746,齐鲁工业大学,,不限,567,78029,,,0,山东,公办,0,0
浙江,2025,综合,普通类一段,3746,齐鲁工业大学,,物化生(3科必选),516,153647,,,0,山东,公办,0,0
浙江,2025,综合,普通类一段,3746,齐鲁工业大学,,物理、化学(2科必选),542,82894,,,0,山东,公办,0,0
浙江,2025,综合,普通类一段,3746,齐鲁工业大学,,物理必选,544,119636,,,0,山东,公办,0,0
浙江,2025,综合,普通类一段,3748,山东师范大学,,不限,585,22820,,,0,山东,公办,0,0
浙江,2025,综合,普通类一段,3748,山东师范大学,,地理必选,613,37947,,,0,山东,公办,0,0
浙江,2025,综合,普通类一段,3748,山东师范大学,,物理、化学(2科必选),549,58870,,,0,山东,公办,0,0
浙江,2025,综合,普通类一段,3748,山东师范大学,,物理必选,586,67799,,,0,山东,公办,0,0
浙江,2025,综合,普通类一段,3749,山东外贸职业学院,,不限,490,184372,,,0,山东,公办,0,0
浙江,2025,综合,普通类一段,3750,齐鲁医药学院,,不限,490,104079,,,0,山东,民办,0,0
浙江,2025,综合,普通类一段,3750,齐鲁医药学院,,化学必选,512,158428,,,0,山东,民办,0,0
浙江,2025,综合,普通类一段,3750,齐鲁医药学院,,物理、化学(2科必选),491,111904,,,0,山东,民办,0,0
浙江,2025,综合,普通类一段,3751,山东现代学院,,不限,490,127328,,,0,山东,民办,0,0
浙江,2025,综合,普通类一段,3751,山东现代学院,,物理、化学(2科必选),490,180064,,,0,山东,民办,0,0
浙江,2025,综合,普通类一段,3751,山东现代学院,,物理、生物(2科必选),492,181374,,,0,山东,民办,0,0
浙江,2025,综合,普通类一段,3752,山东协和学院,,不限,543,108876,,,0,山东,民办,0,0
浙江,2025,综合,普通类一段,3752,山东协和学院,,物理、化学(2科必选),490,130163,,,0,山东,民办,0,0
浙江,2025,综合,普通类一段,3752,山东协和学院,,生物必选,543,121018,,,0,山东,民办,0,0
浙江,2025,综合,普通类一段,3754,山东畜牧兽医职业学院,,不限,490,163663,,,0,山东,公办,0,0
浙江,2025,综合,普通类一段,3755,山东医学高等专科学校,,不限,537,95974,,,0,山东,公办,0,0
浙江,2025,综合,普通类一段,3756,山东英才学院,,不限,490,134572,,,0,山东,民办,0,0
浙江,2025,综合,普通类一段,3757,泰山学院,,不限,563,87602,,,0,山东,公办,0,0
浙江,2025,综合,普通类一段,3758,潍坊学院,,不限,565,85901,,,0,山东,公办,0,0
浙江,2025,综合,普通类一段,3758,潍坊学院,,思想政治必选,575,81569,,,0,山东,公办,0,0
浙江,2025,综合,普通类一段,3758,潍坊学院,,物化生(3科必选),490,184372,,,0,山东,公办,0,0
浙江,2025,综合,普通类一段,3758,潍坊学院,,物理、化学(2科必选),498,158098,,,0,山东,公办,0,0
浙江,2025,综合,普通类一段,3759,山东第二医科大学,,化学必选,537,127839,,,0,山东,公办,0,0
浙江,2025,综合,普通类一段,3759,山东第二医科大学,,物理、化学(2科必选),527,50567,,,0,山东,公办,0,0
浙江,2025,综合,普通类一段,3759,山东第二医科大学,,物理必选,548,114252,,,0,山东,公办,0,0
浙江,2025,综合,普通类一段,3760,烟台大学,,不限,567,21853,,,0,山东,公办,0,0
浙江,2025,综合,普通类一段,3760,烟台大学,,物理、化学(2科必选),517,80395,,,0,山东,公办,0,0
浙江,2025,综合,普通类一段,3761,烟台南山学院,,不限,490,119307,,,0,山东,民办,0,0
浙江,2025,综合,普通类一段,3761,烟台南山学院,,物理、化学(2科必选),490,181297,,,0,山东,民办,0,0
浙江,2025,综合,普通类一段,3761,烟台南山学院,,物理必选,490,184372,,,0,山东,民办,0,0
浙江,2025,综合,普通类一段,3762,枣庄学院,,物理、化学(2科必选),520,148480,,,0,山东,公办,0,0
浙江,2025,综合,普通类一段,3763,中国海洋大学,,不限,651,8225,,,0,山东,公办,1,1
浙江,2025,综合,普通类一段,3763,中国海洋大学,,物理、化学(2科必选),635,9986,,,0,山东,公办,1,1
浙江,2025,综合,普通类一段,3764,青岛工学院,,不限,533,111498,,,0,山东,民办,0,0
浙江,2025,综合,普通类一段,3764,青岛工学院,,物理、化学(2科必选),490,184372,,,0,山东,民办,0,0
浙江,2025,综合,普通类一段,3764,青岛工学院,,物理必选,490,184372,,,0,山东,民办,0,0
浙江,2025,综合,普通类一段,3765,中国石油大学（华东）,,不限,630,18780,,,0,山东,公办,0,1
浙江,2025,综合,普通类一段,3765,中国石油大学（华东）,,物理、化学(2科必选),623,15529,,,0,山东,公办,0,1
浙江,2025,综合,普通类一段,3765,中国石油大学（华东）,,物理必选,626,26216,,,0,山东,公办,0,1
浙江,2025,综合,普通类一段,3766,山东石油化工学院,,不限,563,81405,,,0,山东,公办,0,0
浙江,2025,综合,普通类一段,3766,山东石油化工学院,,物理、化学(2科必选),515,136837,,,0,山东,公办,0,0
浙江,2025,综合,普通类一段,3767,山东艺术学院,,不限,568,89941,,,0,山东,公办,0,0
浙江,2025,综合,普通类一段,3768,青岛城市学院,,不限,530,96073,,,0,山东,民办,0,0
浙江,2025,综合,普通类一段,3768,青岛城市学院,,物理、化学(2科必选),495,144694,,,0,山东,民办,0,0
浙江,2025,综合,普通类一段,3768,青岛城市学院,,物理必选,493,180481,,,0,山东,民办,0,0
浙江,2025,综合,普通类一段,3769,山东工程职业技术大学,,不限,533,131914,,,0,山东,民办,0,0
浙江,2025,综合,普通类一段,3769,山东工程职业技术大学,,物理必选,490,184372,,,0,山东,民办,0,0
浙江,2025,综合,普通类一段,3770,山东中医药大学,,化学必选,572,84980,,,0,山东,公办,0,0
浙江,2025,综合,普通类一段,3770,山东中医药大学,,物理、化学(2科必选),540,44789,,,0,山东,公办,0,0
浙江,2025,综合,普通类一段,3771,青岛电影学院,,不限,522,139094,,,0,山东,民办,0,0
浙江,2025,综合,普通类一段,3773,青岛黄海学院,,不限,490,132416,,,0,山东,民办,0,0
浙江,2025,综合,普通类一段,3773,青岛黄海学院,,物理、化学(2科必选),490,184372,,,0,山东,民办,0,0
浙江,2025,综合,普通类一段,3773,青岛黄海学院,,生物必选,543,121069,,,0,山东,民办,0,0
浙江,2025,综合,普通类一段,3775,山东第一医科大学,,不限,577,75131,,,0,山东,公办,0,0
浙江,2025,综合,普通类一段,3775,山东第一医科大学,,物理、化学(2科必选),531,36442,,,0,山东,公办,0,0
浙江,2025,综合,普通类一段,3783,山东中医药高等专科学校,,不限,490,184372,,,0,山东,公办,0,0
浙江,2025,综合,普通类一段,3784,泰山科技学院,,不限,490,117036,,,0,山东,民办,0,0
浙江,2025,综合,普通类一段,3784,泰山科技学院,,物理、化学(2科必选),492,181519,,,0,山东,民办,0,0
浙江,2025,综合,普通类一段,3802,赣南卫生健康职业学院,,不限,490,184372,,,0,江西,公办,0,0
浙江,2025,综合,普通类一段,3807,宜春职业技术学院,,不限,490,157253,,,0,江西,公办,0,0
浙江,2025,综合,普通类一段,3809,上饶卫生健康职业学院,,不限,490,184372,,,0,江西,公办,0,0
浙江,2025,综合,普通类一段,3812,南昌健康职业技术学院,,不限,490,184372,,,0,江西,公办,0,0
浙江,2025,综合,普通类一段,3814,江西飞行学院,,物理、化学(2科必选),520,106846,,,0,江西,公办,0,0
浙江,2025,综合,普通类一段,3814,江西飞行学院,,物理必选,527,140743,,,0,江西,公办,0,0
浙江,2025,综合,普通类一段,3909,枣庄科技职业学院,,不限,490,184372,,,0,山东,公办,0,0
浙江,2025,综合,普通类一段,4001,长江大学,,不限,580,34401,,,0,湖北,公办,0,0
浙江,2025,综合,普通类一段,4001,长江大学,,物理、化学(2科必选),508,44213,,,0,湖北,公办,0,0
浙江,2025,综合,普通类一段,4001,长江大学,,物理、生物(2科必选),588,65384,,,0,湖北,公办,0,0
浙江,2025,综合,普通类一段,4001,长江大学,,生物必选,590,63687,,,0,湖北,公办,0,0
浙江,2025,综合,普通类一段,4006,鄂州职业大学,,不限,490,184372,,,0,湖北,公办,0,0
浙江,2025,综合,普通类一段,4009,湖北财税职业学院,,不限,490,184372,,,0,湖北,公办,0,0
浙江,2025,综合,普通类一段,4011,湖北大学,,不限,599,41334,,,0,湖北,公办,0,0
浙江,2025,综合,普通类一段,4011,湖北大学,,思想政治必选,584,70844,,,0,湖北,公办,0,0
浙江,2025,综合,普通类一段,4011,湖北大学,,物理、化学(2科必选),539,59480,,,0,湖北,公办,0,0
浙江,2025,综合,普通类一段,4012,湖北大学知行学院,,不限,547,86910,,,0,湖北,民办,0,0
浙江,2025,综合,普通类一段,4012,湖北大学知行学院,,物理、化学(2科必选),490,154138,,,0,湖北,民办,0,0
浙江,2025,综合,普通类一段,4012,湖北大学知行学院,,物理必选,509,162186,,,0,湖北,民办,0,0
浙江,2025,综合,普通类一段,4013,湖北第二师范学院,,不限,556,70157,,,0,湖北,公办,0,0
浙江,2025,综合,普通类一段,4013,湖北第二师范学院,,物理、化学(2科必选),513,142337,,,0,湖北,公办,0,0
浙江,2025,综合,普通类一段,4014,湖北工业大学,,不限,615,36767,,,0,湖北,公办,0,0
浙江,2025,综合,普通类一段,4014,湖北工业大学,,物理、化学(2科必选),557,31232,,,0,湖北,公办,0,0
浙江,2025,综合,普通类一段,4015,湖北工业大学工程技术学院,,不限,543,112946,,,0,湖北,民办,0,0
浙江,2025,综合,普通类一段,4015,湖北工业大学工程技术学院,,物理、化学(2科必选),491,153851,,,0,湖北,民办,0,0
浙江,2025,综合,普通类一段,4016,湖北商贸学院,,不限,544,105187,,,0,湖北,民办,0,0
浙江,2025,综合,普通类一段,4016,湖北商贸学院,,物理、化学(2科必选),490,184372,,,0,湖北,民办,0,0
浙江,2025,综合,普通类一段,4016,湖北商贸学院,,物理必选,490,184372,,,0,湖北,民办,0,0
浙江,2025,综合,普通类一段,4017,湖北国土资源职业学院,,不限,490,184372,,,0,湖北,公办,0,0
浙江,2025,综合,普通类一段,4019,湖北经济学院,,不限,576,70938,,,0,湖北,公办,0,0
浙江,2025,综合,普通类一段,4019,湖北经济学院,,物理、化学(2科必选),501,110867,,,0,湖北,公办,0,0
浙江,2025,综合,普通类一段,4019,湖北经济学院,,物理必选,543,120421,,,0,湖北,公办,0,0
浙江,2025,综合,普通类一段,4020,湖北经济学院法商学院,,不限,541,105162,,,0,湖北,民办,0,0
浙江,2025,综合,普通类一段,4021,湖北美术学院,,不限,569,81191,,,0,湖北,公办,0,0
浙江,2025,综合,普通类一段,4022,湖北民族大学,,不限,568,70680,,,0,湖北,公办,0,0
浙江,2025,综合,普通类一段,4022,湖北民族大学,,思想政治必选,579,77010,,,0,湖北,公办,0,0
浙江,2025,综合,普通类一段,4022,湖北民族大学,,物理、化学(2科必选),519,104886,,,0,湖北,公办,0,0
浙江,2025,综合,普通类一段,4023,湖北汽车工业学院,,物理、化学(2科必选),507,122254,,,0,湖北,公办,0,0
浙江,2025,综合,普通类一段,4023,湖北汽车工业学院,,物理必选,524,143902,,,0,湖北,公办,0,0
浙江,2025,综合,普通类一段,4025,湖北轻工职业技术学院,,不限,490,184372,,,0,湖北,公办,0,0
浙江,2025,综合,普通类一段,4026,湖北三峡职业技术学院,,不限,490,136122,,,0,湖北,公办,0,0
浙江,2025,综合,普通类一段,4028,湖北生物科技职业学院,,不限,490,161590,,,0,湖北,公办,0,0
浙江,2025,综合,普通类一段,4029,湖北师范大学,,不限,577,49450,,,0,湖北,公办,0,0
浙江,2025,综合,普通类一段,4029,湖北师范大学,,历史必选,606,45728,,,0,湖北,公办,0,0
浙江,2025,综合,普通类一段,4029,湖北师范大学,,物理、化学(2科必选),527,76229,,,0,湖北,公办,0,0
浙江,2025,综合,普通类一段,4031,湖北职业技术学院,,不限,490,161213,,,0,湖北,公办,0,0
浙江,2025,综合,普通类一段,4032,湖北中医药大学,,不限,574,17805,,,0,湖北,公办,0,0
浙江,2025,综合,普通类一段,4032,湖北中医药大学,,化学必选,549,80402,,,0,湖北,公办,0,0
浙江,2025,综合,普通类一段,4032,湖北中医药大学,,物理、化学(2科必选),545,56633,,,0,湖北,公办,0,0
浙江,2025,综合,普通类一段,4032,湖北中医药大学,,物理必选,557,103417,,,0,湖北,公办,0,0
浙江,2025,综合,普通类一段,4033,湖北中医药高等专科学校,,不限,490,150791,,,0,湖北,公办,0,0
浙江,2025,综合,普通类一段,4034,华中科技大学,,历史必选,662,5474,,,0,湖北,公办,1,1
浙江,2025,综合,普通类一段,4034,华中科技大学,,物理、化学(2科必选),643,1825,,,0,湖北,公办,1,1
浙江,2025,综合,普通类一段,4035,文华学院,,不限,490,100885,,,0,湖北,民办,0,0
浙江,2025,综合,普通类一段,4035,文华学院,,物理、化学(2科必选),490,162781,,,0,湖北,民办,0,0
浙江,2025,综合,普通类一段,4035,文华学院,,物理必选,490,184372,,,0,湖北,民办,0,0
浙江,2025,综合,普通类一段,4036,武昌首义学院,,不限,490,94163,,,0,湖北,民办,0,0
浙江,2025,综合,普通类一段,4036,武昌首义学院,,物理、化学(2科必选),490,151254,,,0,湖北,民办,0,0
浙江,2025,综合,普通类一段,4036,武昌首义学院,,物理必选,493,174875,,,0,湖北,民办,0,0
浙江,2025,综合,普通类一段,4037,华中农业大学,,不限,618,12201,,,0,湖北,公办,0,1
浙江,2025,综合,普通类一段,4037,华中农业大学,,物理、化学(2科必选),579,19437,,,0,湖北,公办,0,1
浙江,2025,综合,普通类一段,4037,华中农业大学,,物理、生物(2科必选),610,41477,,,0,湖北,公办,0,1
浙江,2025,综合,普通类一段,4037,华中农业大学,,物理必选,621,18834,,,0,湖北,公办,0,1
浙江,2025,综合,普通类一段,4038,武汉设计工程学院,,不限,541,119793,,,0,湖北,民办,0,0
浙江,2025,综合,普通类一段,4038,武汉设计工程学院,,物理、化学(2科必选),490,184372,,,0,湖北,民办,0,0
浙江,2025,综合,普通类一段,4039,华中师范大学,,不限,639,9488,,,0,湖北,公办,0,1
浙江,2025,综合,普通类一段,4039,华中师范大学,,历史必选,658,7330,,,0,湖北,公办,0,1
浙江,2025,综合,普通类一段,4039,华中师范大学,,思想政治必选,654,8584,,,0,湖北,公办,0,1
浙江,2025,综合,普通类一段,4039,华中师范大学,,物理、化学(2科必选),639,9488,,,0,湖北,公办,0,1
浙江,2025,综合,普通类一段,4039,华中师范大学,,物理必选,626,14489,,,0,湖北,公办,0,1
浙江,2025,综合,普通类一段,4040,汉口学院,,不限,530,106033,,,0,湖北,民办,0,0
浙江,2025,综合,普通类一段,4042,黄冈职业技术学院,,不限,490,155548,,,0,湖北,公办,0,0
浙江,2025,综合,普通类一段,4043,湖北理工学院,,不限,568,90542,,,0,湖北,公办,0,0
浙江,2025,综合,普通类一段,4043,湖北理工学院,,物理、化学(2科必选),526,123835,,,0,湖北,公办,0,0
浙江,2025,综合,普通类一段,4045,荆楚理工学院,,不限,563,96271,,,0,湖北,公办,0,0
浙江,2025,综合,普通类一段,4045,荆楚理工学院,,物理、化学(2科必选),495,147406,,,0,湖北,公办,0,0
浙江,2025,综合,普通类一段,4047,荆州职业技术学院,,不限,490,184372,,,0,湖北,公办,0,0
浙江,2025,综合,普通类一段,4048,三峡大学,,不限,592,61319,,,0,湖北,公办,0,0
浙江,2025,综合,普通类一段,4048,三峡大学,,物理、化学(2科必选),578,21779,,,0,湖北,公办,0,0
浙江,2025,综合,普通类一段,4048,三峡大学,,物理必选,585,69997,,,0,湖北,公办,0,0
浙江,2025,综合,普通类一段,4049,三峡大学科技学院,,不限,490,106581,,,0,湖北,民办,0,0
浙江,2025,综合,普通类一段,4049,三峡大学科技学院,,物理、化学(2科必选),502,139549,,,0,湖北,民办,0,0
浙江,2025,综合,普通类一段,4050,三峡电力职业学院,,不限,490,184372,,,0,湖北,公办,0,0
浙江,2025,综合,普通类一段,4051,荆州理工职业学院,,不限,490,184372,,,0,湖北,公办,0,0
浙江,2025,综合,普通类一段,4053,随州职业技术学院,,不限,490,184372,,,0,湖北,公办,0,0
浙江,2025,综合,普通类一段,4054,武汉船舶职业技术学院,,不限,490,184372,,,0,湖北,公办,0,0
浙江,2025,综合,普通类一段,4055,武汉大学,,不限,665,2000,,,0,湖北,公办,1,1
浙江,2025,综合,普通类一段,4055,武汉大学,,物理、化学(2科必选),660,2519,,,0,湖北,公办,1,1
浙江,2025,综合,普通类一段,4056,武汉晴川学院,,不限,535,114678,,,0,湖北,民办,0,0
浙江,2025,综合,普通类一段,4056,武汉晴川学院,,物理、化学(2科必选),490,177807,,,0,湖北,民办,0,0
浙江,2025,综合,普通类一段,4056,武汉晴川学院,,物理必选,490,184372,,,0,湖北,民办,0,0
浙江,2025,综合,普通类一段,4058,武汉工程大学,,不限,599,34288,,,0,湖北,公办,0,0
浙江,2025,综合,普通类一段,4058,武汉工程大学,,物理、化学(2科必选),585,37456,,,0,湖北,公办,0,0
浙江,2025,综合,普通类一段,4059,武汉工程大学邮电与信息工程学院,,不限,539,104960,,,0,湖北,民办,0,0
浙江,2025,综合,普通类一段,4059,武汉工程大学邮电与信息工程学院,,物理、化学(2科必选),492,167589,,,0,湖北,民办,0,0
浙江,2025,综合,普通类一段,4061,武汉轻工大学,,不限,567,63454,,,0,湖北,公办,0,0
浙江,2025,综合,普通类一段,4061,武汉轻工大学,,历史必选,586,68518,,,0,湖北,公办,0,0
浙江,2025,综合,普通类一段,4061,武汉轻工大学,,物理、化学(2科必选),490,64312,,,0,湖北,公办,0,0
浙江,2025,综合,普通类一段,4061,武汉轻工大学,,物理必选,532,134957,,,0,湖北,公办,0,0
浙江,2025,综合,普通类一段,4062,武昌工学院,,不限,534,118715,,,0,湖北,民办,0,0
浙江,2025,综合,普通类一段,4062,武昌工学院,,物理、化学(2科必选),490,177892,,,0,湖北,民办,0,0
浙江,2025,综合,普通类一段,4065,武汉交通职业学院,,不限,490,184372,,,0,湖北,公办,0,0
浙江,2025,综合,普通类一段,4066,武汉警官职业学院,,不限,503,154095,,,0,湖北,公办,0,0
浙江,2025,综合,普通类一段,4067,武汉科技大学,,不限,595,31528,,,0,湖北,公办,0,0
浙江,2025,综合,普通类一段,4067,武汉科技大学,,物理、化学(2科必选),560,42045,,,0,湖北,公办,0,0
浙江,2025,综合,普通类一段,4067,武汉科技大学,,物理必选,578,64286,,,0,湖北,公办,0,0
浙江,2025,综合,普通类一段,4068,武汉城市学院,,不限,541,96075,,,0,湖北,民办,0,0
浙江,2025,综合,普通类一段,4068,武汉城市学院,,物理、化学(2科必选),490,153478,,,0,湖北,民办,0,0
浙江,2025,综合,普通类一段,4068,武汉城市学院,,物理必选,494,164726,,,0,湖北,民办,0,0
浙江,2025,综合,普通类一段,4069,武昌理工学院,,不限,490,105856,,,0,湖北,民办,0,0
浙江,2025,综合,普通类一段,4069,武昌理工学院,,化学必选,511,160071,,,0,湖北,民办,0,0
浙江,2025,综合,普通类一段,4069,武昌理工学院,,物理、化学(2科必选),490,179025,,,0,湖北,民办,0,0
浙江,2025,综合,普通类一段,4070,武汉纺织大学,,不限,588,57986,,,0,湖北,公办,0,0
浙江,2025,综合,普通类一段,4070,武汉纺织大学,,物理、化学(2科必选),536,83828,,,0,湖北,公办,0,0
浙江,2025,综合,普通类一段,4070,武汉纺织大学,,物理必选,560,95735,,,0,湖北,公办,0,0
浙江,2025,综合,普通类一段,4071,武汉纺织大学外经贸学院,,不限,490,98827,,,0,湖北,民办,0,0
浙江,2025,综合,普通类一段,4071,武汉纺织大学外经贸学院,,物理、化学(2科必选),490,156180,,,0,湖北,民办,0,0
浙江,2025,综合,普通类一段,4071,武汉纺织大学外经贸学院,,物理必选,502,167964,,,0,湖北,民办,0,0
浙江,2025,综合,普通类一段,4072,武汉理工大学,,不限,637,11679,,,0,湖北,公办,0,1
浙江,2025,综合,普通类一段,4072,武汉理工大学,,思想政治必选,645,13600,,,0,湖北,公办,0,1
浙江,2025,综合,普通类一段,4072,武汉理工大学,,物理、化学(2科必选),612,10223,,,0,湖北,公办,0,1
浙江,2025,综合,普通类一段,4073,武汉华夏理工学院,,不限,537,112881,,,0,湖北,民办,0,0
浙江,2025,综合,普通类一段,4073,武汉华夏理工学院,,物理、化学(2科必选),490,169773,,,0,湖北,民办,0,0
浙江,2025,综合,普通类一段,4073,武汉华夏理工学院,,物理必选,490,184372,,,0,湖北,民办,0,0
浙江,2025,综合,普通类一段,4074,武汉民政职业学院,,不限,490,128881,,,0,湖北,公办,0,0
浙江,2025,综合,普通类一段,4075,武汉软件工程职业学院,,不限,493,119347,,,0,湖北,公办,0,0
浙江,2025,综合,普通类一段,4078,武汉生物工程学院,,不限,490,111856,,,0,湖北,民办,0,0
浙江,2025,综合,普通类一段,4078,武汉生物工程学院,,化学必选,516,154071,,,0,湖北,民办,0,0
浙江,2025,综合,普通类一段,4078,武汉生物工程学院,,物理、化学(2科必选),490,168661,,,0,湖北,民办,0,0
浙江,2025,综合,普通类一段,4078,武汉生物工程学院,,物理必选,490,180016,,,0,湖北,民办,0,0
浙江,2025,综合,普通类一段,4078,武汉生物工程学院,,生物必选,543,121191,,,0,湖北,民办,0,0
浙江,2025,综合,普通类一段,4079,武汉体育学院,,不限,569,75737,,,0,湖北,公办,0,0
浙江,2025,综合,普通类一段,4079,武汉体育学院,,物理、化学(2科必选),568,89581,,,0,湖北,公办,0,0
浙江,2025,综合,普通类一段,4079,武汉体育学院,,物理必选,537,109650,,,0,湖北,公办,0,0
浙江,2025,综合,普通类一段,4080,武汉铁路职业技术学院,,不限,490,106503,,,0,湖北,公办,0,0
浙江,2025,综合,普通类一段,4084,武汉职业技术大学,,不限,490,160220,,,0,湖北,公办,0,0
浙江,2025,综合,普通类一段,4085,仙桃职业学院,,不限,490,184372,,,0,湖北,公办,0,0
浙江,2025,综合,普通类一段,4086,湖北科技学院,,不限,567,80545,,,0,湖北,公办,0,0
浙江,2025,综合,普通类一段,4086,湖北科技学院,,化学必选,536,129454,,,0,湖北,公办,0,0
浙江,2025,综合,普通类一段,4086,湖北科技学院,,物理、化学(2科必选),519,84958,,,0,湖北,公办,0,0
浙江,2025,综合,普通类一段,4087,咸宁职业技术学院,,不限,499,173828,,,0,湖北,公办,0,0
浙江,2025,综合,普通类一段,4088,湖北文理学院,,不限,567,91514,,,0,湖北,公办,0,0
浙江,2025,综合,普通类一段,4088,湖北文理学院,,物理、化学(2科必选),511,132190,,,0,湖北,公办,0,0
浙江,2025,综合,普通类一段,4089,襄阳职业技术学院,,不限,490,149457,,,0,湖北,公办,0,0
浙江,2025,综合,普通类一段,4090,湖北工程学院,,不限,567,87755,,,0,湖北,公办,0,0
浙江,2025,综合,普通类一段,4090,湖北工程学院,,物理、化学(2科必选),518,106565,,,0,湖北,公办,0,0
浙江,2025,综合,普通类一段,4090,湖北工程学院,,物理必选,531,135171,,,0,湖北,公办,0,0
浙江,2025,综合,普通类一段,4091,汉江师范学院,,不限,512,113576,,,0,湖北,公办,0,0
浙江,2025,综合,普通类一段,4091,汉江师范学院,,物理、化学(2科必选),536,129489,,,0,湖北,公办,0,0
浙江,2025,综合,普通类一段,4092,湖北医药学院,,物理、化学(2科必选),558,64139,,,0,湖北,公办,0,0
浙江,2025,综合,普通类一段,4093,中国地质大学（武汉）,,不限,639,14300,,,0,湖北,公办,0,1
浙江,2025,综合,普通类一段,4093,中国地质大学（武汉）,,思想政治必选,645,13922,,,0,湖北,公办,0,1
浙江,2025,综合,普通类一段,4093,中国地质大学（武汉）,,物理、化学(2科必选),601,15197,,,0,湖北,公办,0,1
浙江,2025,综合,普通类一段,4094,武汉工程科技学院,,不限,490,109780,,,0,湖北,民办,0,0
浙江,2025,综合,普通类一段,4094,武汉工程科技学院,,物理、化学(2科必选),490,176689,,,0,湖北,民办,0,0
浙江,2025,综合,普通类一段,4095,中南财经政法大学,,不限,613,6757,,,0,湖北,公办,0,1
浙江,2025,综合,普通类一段,4095,中南财经政法大学,,思想政治必选,649,11687,,,0,湖北,公办,0,1
浙江,2025,综合,普通类一段,4095,中南财经政法大学,,物理必选,644,14115,,,0,湖北,公办,0,1
浙江,2025,综合,普通类一段,4096,中南民族大学,,不限,595,36803,,,0,湖北,公办,0,0
浙江,2025,综合,普通类一段,4096,中南民族大学,,物理、化学(2科必选),548,63028,,,0,湖北,公办,0,0
浙江,2025,综合,普通类一段,4096,中南民族大学,,物理必选,565,83621,,,0,湖北,公办,0,0
浙江,2025,综合,普通类一段,4097,武汉工商学院,,不限,490,112140,,,0,湖北,民办,0,0
浙江,2025,综合,普通类一段,4097,武汉工商学院,,物理、化学(2科必选),490,182612,,,0,湖北,民办,0,0
浙江,2025,综合,普通类一段,4097,武汉工商学院,,物理必选,490,179238,,,0,湖北,民办,0,0
浙江,2025,综合,普通类一段,4099,江汉大学,,不限,594,51773,,,0,湖北,公办,0,0
浙江,2025,综合,普通类一段,4099,江汉大学,,物理、化学(2科必选),565,60037,,,0,湖北,公办,0,0
浙江,2025,综合,普通类一段,41,浙江艺术职业学院,,不限,490,154491,,,0,浙江,公办,0,0
浙江,2025,综合,普通类一段,4110,湖北医药学院药护学院,,物理、化学(2科必选),520,147321,,,0,湖北,民办,0,0
浙江,2025,综合,普通类一段,4111,武汉城市职业学院,,不限,490,168863,,,0,湖北,公办,0,0
浙江,2025,综合,普通类一段,4112,武汉传媒学院,,不限,536,113307,,,0,湖北,民办,0,0
浙江,2025,综合,普通类一段,4114,长江大学文理学院,,不限,547,107629,,,0,湖北,民办,0,0
浙江,2025,综合,普通类一段,4116,湖北铁道运输职业学院,,不限,490,184372,,,0,湖北,公办,0,0
浙江,2025,综合,普通类一段,4117,武汉东湖学院,,不限,490,184372,,,0,湖北,民办,0,0
浙江,2025,综合,普通类一段,4120,武汉铁路桥梁职业学院,,不限,490,180366,,,0,湖北,公办,0,0
浙江,2025,综合,普通类一段,42,浙江交通职业技术学院,,不限,503,142518,,,0,浙江,公办,0,0
浙江,2025,综合,普通类一段,4201,安阳工学院,,物理、化学(2科必选),490,149883,,,0,河南,公办,0,0
浙江,2025,综合,普通类一段,4202,安阳师范学院,,不限,565,80242,,,0,河南,公办,0,0
浙江,2025,综合,普通类一段,4202,安阳师范学院,,物理、化学(2科必选),515,149656,,,0,河南,公办,0,0
浙江,2025,综合,普通类一段,4203,河南财经政法大学,,不限,588,35303,,,0,河南,公办,0,0
浙江,2025,综合,普通类一段,4203,河南财经政法大学,,物理、化学(2科必选),532,134140,,,0,河南,公办,0,0
浙江,2025,综合,普通类一段,4203,河南财经政法大学,,物理必选,535,130185,,,0,河南,公办,0,0
浙江,2025,综合,普通类一段,4204,郑州商学院,,不限,545,101204,,,0,河南,民办,0,0
浙江,2025,综合,普通类一段,4204,郑州商学院,,物理、化学(2科必选),501,171274,,,0,河南,民办,0,0
浙江,2025,综合,普通类一段,4206,河南大学,,不限,583,21651,,,0,河南,公办,0,0
浙江,2025,综合,普通类一段,4206,河南大学,,历史、地理(2科必选),622,30381,,,0,河南,公办,0,0
浙江,2025,综合,普通类一段,4206,河南大学,,历史必选,631,23127,,,0,河南,公办,0,0
浙江,2025,综合,普通类一段,4206,河南大学,,地理必选,639,17433,,,0,河南,公办,0,0
浙江,2025,综合,普通类一段,4206,河南大学,,物理、化学(2科必选),549,40819,,,0,河南,公办,0,0
浙江,2025,综合,普通类一段,4206,河南大学,,物理必选,594,59273,,,0,河南,公办,0,0
浙江,2025,综合,普通类一段,4207,河南开封科技传媒学院,,不限,536,121293,,,0,河南,民办,0,0
浙江,2025,综合,普通类一段,4207,河南开封科技传媒学院,,化学必选,509,161773,,,0,河南,民办,0,0
浙江,2025,综合,普通类一段,4208,河南工业大学,,不限,581,41328,,,0,河南,公办,0,0
浙江,2025,综合,普通类一段,4208,河南工业大学,,物理、化学(2科必选),515,64745,,,0,河南,公办,0,0
浙江,2025,综合,普通类一段,4208,河南工业大学,,物理必选,548,114017,,,0,河南,公办,0,0
浙江,2025,综合,普通类一段,4210,河南检察职业学院,,不限,490,182490,,,0,河南,公办,0,0
浙江,2025,综合,普通类一段,4211,河南科技大学,,不限,570,51311,,,0,河南,公办,0,0
浙江,2025,综合,普通类一段,4211,河南科技大学,,物理、化学(2科必选),528,64090,,,0,河南,公办,0,0
浙江,2025,综合,普通类一段,4211,河南科技大学,,物理必选,538,126745,,,0,河南,公办,0,0
浙江,2025,综合,普通类一段,4212,河南理工大学,,不限,574,65363,,,0,河南,公办,0,0
浙江,2025,综合,普通类一段,4212,河南理工大学,,化学必选,566,91431,,,0,河南,公办,0,0
浙江,2025,综合,普通类一段,4212,河南理工大学,,物理、化学(2科必选),534,70921,,,0,河南,公办,0,0
浙江,2025,综合,普通类一段,4212,河南理工大学,,物理必选,548,100733,,,0,河南,公办,0,0
浙江,2025,综合,普通类一段,4213,郑州工商学院,,不限,549,102076,,,0,河南,民办,0,0
浙江,2025,综合,普通类一段,4213,郑州工商学院,,物理、化学(2科必选),495,172509,,,0,河南,民办,0,0
浙江,2025,综合,普通类一段,4214,河南农业大学,,不限,574,50724,,,0,河南,公办,0,0
浙江,2025,综合,普通类一段,4214,河南农业大学,,地理必选,575,81309,,,0,河南,公办,0,0
浙江,2025,综合,普通类一段,4214,河南农业大学,,物理、化学(2科必选),514,79048,,,0,河南,公办,0,0
浙江,2025,综合,普通类一段,4214,河南农业大学,,物理必选,541,117697,,,0,河南,公办,0,0
浙江,2025,综合,普通类一段,4214,河南农业大学,,生物必选,575,81772,,,0,河南,公办,0,0
浙江,2025,综合,普通类一段,4216,河南师范大学,,不限,571,44208,,,0,河南,公办,0,0
浙江,2025,综合,普通类一段,4216,河南师范大学,,物理、化学(2科必选),515,109920,,,0,河南,公办,0,0
浙江,2025,综合,普通类一段,4217,河南中医药大学,,不限,619,32690,,,0,河南,公办,0,0
浙江,2025,综合,普通类一段,4217,河南中医药大学,,物理、化学(2科必选),539,125669,,,0,河南,公办,0,0
浙江,2025,综合,普通类一段,4217,河南中医药大学,,生物必选,579,76588,,,0,河南,公办,0,0
浙江,2025,综合,普通类一段,4218,华北水利水电大学,,不限,556,105113,,,0,河南,公办,0,0
浙江,2025,综合,普通类一段,4218,华北水利水电大学,,物理、化学(2科必选),521,73826,,,0,河南,公办,0,0
浙江,2025,综合,普通类一段,4218,华北水利水电大学,,物理必选,546,116729,,,0,河南,公办,0,0
浙江,2025,综合,普通类一段,4219,黄河科技学院,,不限,540,124746,,,0,河南,民办,0,0
浙江,2025,综合,普通类一段,4219,黄河科技学院,,物理、化学(2科必选),490,177757,,,0,河南,民办,0,0
浙江,2025,综合,普通类一段,4220,黄河水利职业技术大学,,不限,490,145207,,,0,河南,公办,0,0
浙江,2025,综合,普通类一段,4221,黄淮学院,,不限,564,95293,,,0,河南,公办,0,0
浙江,2025,综合,普通类一段,4221,黄淮学院,,物理、化学(2科必选),508,140547,,,0,河南,公办,0,0
浙江,2025,综合,普通类一段,4222,焦作大学,,不限,494,177677,,,0,河南,公办,0,0
浙江,2025,综合,普通类一段,4223,焦作师范高等专科学校,,史政地(3科必选),490,184372,,,0,河南,公办,0,0
浙江,2025,综合,普通类一段,4224,开封大学,,不限,512,156441,,,0,河南,公办,0,0
浙江,2025,综合,普通类一段,4225,洛阳理工学院,,不限,562,82173,,,0,河南,公办,0,0
浙江,2025,综合,普通类一段,4225,洛阳理工学院,,物理、化学(2科必选),490,119506,,,0,河南,公办,0,0
浙江,2025,综合,普通类一段,4225,洛阳理工学院,,物理必选,529,138017,,,0,河南,公办,0,0
浙江,2025,综合,普通类一段,4226,洛阳师范学院,,不限,563,95989,,,0,河南,公办,0,0
浙江,2025,综合,普通类一段,4226,洛阳师范学院,,历史、思想政治(2科必选),570,87963,,,0,河南,公办,0,0
浙江,2025,综合,普通类一段,4226,洛阳师范学院,,地理必选,568,90232,,,0,河南,公办,0,0
浙江,2025,综合,普通类一段,4226,洛阳师范学院,,思想政治必选,570,87142,,,0,河南,公办,0,0
浙江,2025,综合,普通类一段,4226,洛阳师范学院,,物理、化学(2科必选),515,154815,,,0,河南,公办,0,0
浙江,2025,综合,普通类一段,4226,洛阳师范学院,,物理必选,512,140911,,,0,河南,公办,0,0
浙江,2025,综合,普通类一段,4227,漯河医学高等专科学校,,不限,490,149884,,,0,河南,公办,0,0
浙江,2025,综合,普通类一段,4228,南阳理工学院,,不限,562,90992,,,0,河南,公办,0,0
浙江,2025,综合,普通类一段,4228,南阳理工学院,,物理、化学(2科必选),507,124169,,,0,河南,公办,0,0
浙江,2025,综合,普通类一段,4229,南阳师范学院,,不限,564,71805,,,0,河南,公办,0,0
浙江,2025,综合,普通类一段,4229,南阳师范学院,,地理必选,575,82192,,,0,河南,公办,0,0
浙江,2025,综合,普通类一段,4229,南阳师范学院,,物理、化学(2科必选),504,141319,,,0,河南,公办,0,0
浙江,2025,综合,普通类一段,4229,南阳师范学院,,物理必选,521,147656,,,0,河南,公办,0,0
浙江,2025,综合,普通类一段,4230,河南城建学院,,不限,555,99110,,,0,河南,公办,0,0
浙江,2025,综合,普通类一段,4230,河南城建学院,,物理、化学(2科必选),493,140564,,,0,河南,公办,0,0
浙江,2025,综合,普通类一段,4230,河南城建学院,,物理必选,504,148522,,,0,河南,公办,0,0
浙江,2025,综合,普通类一段,4232,新乡学院,,不限,558,91011,,,0,河南,公办,0,0
浙江,2025,综合,普通类一段,4232,新乡学院,,物理、化学(2科必选),505,146321,,,0,河南,公办,0,0
浙江,2025,综合,普通类一段,4233,河南医药大学,,物理、化学(2科必选),547,94299,,,15,河南,公办,0,0
浙江,2025,综合,普通类一段,4234,信阳师范大学,,不限,575,81912,,,0,河南,公办,0,0
浙江,2025,综合,普通类一段,4234,信阳师范大学,,物理、化学(2科必选),503,158126,,,0,河南,公办,0,0
浙江,2025,综合,普通类一段,4235,许昌学院,,不限,562,97410,,,0,河南,公办,0,0
浙江,2025,综合,普通类一段,4235,许昌学院,,物理、化学(2科必选),505,146773,,,0,河南,公办,0,0
浙江,2025,综合,普通类一段,4236,郑州大学,,不限,631,17143,,,0,河南,公办,0,1
浙江,2025,综合,普通类一段,4236,郑州大学,,思想政治必选,634,18006,,,0,河南,公办,0,1
浙江,2025,综合,普通类一段,4236,郑州大学,,物理、化学(2科必选),606,17905,,,0,河南,公办,0,1
浙江,2025,综合,普通类一段,4237,郑州航空工业管理学院,,物理、化学(2科必选),527,112872,,,0,河南,公办,0,0
浙江,2025,综合,普通类一段,4237,郑州航空工业管理学院,,物理必选,524,112774,,,0,河南,公办,0,0
浙江,2025,综合,普通类一段,4240,河南牧业经济学院,,不限,563,86891,,,0,河南,公办,0,0
浙江,2025,综合,普通类一段,4240,河南牧业经济学院,,生物必选,564,95243,,,0,河南,公办,0,0
浙江,2025,综合,普通类一段,4241,郑州轻工业大学,,不限,573,67980,,,0,河南,公办,0,0
浙江,2025,综合,普通类一段,4241,郑州轻工业大学,,物理、化学(2科必选),524,78761,,,0,河南,公办,0,0
浙江,2025,综合,普通类一段,4243,郑州铁路职业技术学院,,不限,509,145720,,,0,河南,公办,0,0
浙江,2025,综合,普通类一段,4244,中原工学院,,不限,565,92925,,,0,河南,公办,0,0
浙江,2025,综合,普通类一段,4244,中原工学院,,物理、化学(2科必选),499,131582,,,0,河南,公办,0,0
浙江,2025,综合,普通类一段,4244,中原工学院,,物理必选,516,153566,,,0,河南,公办,0,0
浙江,2025,综合,普通类一段,4245,郑州经贸学院,,不限,539,121809,,,0,河南,民办,0,0
浙江,2025,综合,普通类一段,4246,郑州工程技术学院,,不限,558,102385,,,0,河南,公办,0,0
浙江,2025,综合,普通类一段,4246,郑州工程技术学院,,物理、化学(2科必选),502,152405,,,0,河南,公办,0,0
浙江,2025,综合,普通类一段,4246,郑州工程技术学院,,物理必选,520,148662,,,0,河南,公办,0,0
浙江,2025,综合,普通类一段,4247,周口师范学院,,不限,560,81367,,,0,河南,公办,0,0
浙江,2025,综合,普通类一段,4247,周口师范学院,,思想政治必选,575,81808,,,0,河南,公办,0,0
浙江,2025,综合,普通类一段,4247,周口师范学院,,物理、化学(2科必选),506,136580,,,0,河南,公办,0,0
浙江,2025,综合,普通类一段,4247,周口师范学院,,物理、生物(2科必选),490,183428,,,0,河南,公办,0,0
浙江,2025,综合,普通类一段,4248,郑州工业应用技术学院,,不限,490,122794,,,0,河南,民办,0,0
浙江,2025,综合,普通类一段,4249,商丘师范学院,,不限,561,73539,,,0,河南,公办,0,0
浙江,2025,综合,普通类一段,4249,商丘师范学院,,物理、化学(2科必选),511,129001,,,0,河南,公办,0,0
浙江,2025,综合,普通类一段,4249,商丘师范学院,,物理必选,504,148704,,,0,河南,公办,0,0
浙江,2025,综合,普通类一段,4249,商丘师范学院,,生物必选,564,95193,,,0,河南,公办,0,0
浙江,2025,综合,普通类一段,4250,河南工程学院,,不限,565,85597,,,0,河南,公办,0,0
浙江,2025,综合,普通类一段,4250,河南工程学院,,思想政治必选,569,84116,,,0,河南,公办,0,0
浙江,2025,综合,普通类一段,4250,河南工程学院,,物理、化学(2科必选),507,116609,,,0,河南,公办,0,0
浙江,2025,综合,普通类一段,4250,河南工程学院,,物理必选,510,115797,,,0,河南,公办,0,0
浙江,2025,综合,普通类一段,4253,河南科技学院,,不限,579,77110,,,0,河南,公办,0,0
浙江,2025,综合,普通类一段,4253,河南科技学院,,物理、化学(2科必选),507,142380,,,0,河南,公办,0,0
浙江,2025,综合,普通类一段,4253,河南科技学院,,物理必选,509,144044,,,0,河南,公办,0,0
浙江,2025,综合,普通类一段,4254,商丘医学高等专科学校,,不限,490,153806,,,0,河南,公办,0,0
浙江,2025,综合,普通类一段,4260,商丘工学院,,物理、化学(2科必选),490,170473,,,0,河南,民办,0,0
浙江,2025,综合,普通类一段,4262,信阳农林学院,,不限,563,87587,,,0,河南,公办,0,0
浙江,2025,综合,普通类一段,4262,信阳农林学院,,物理、化学(2科必选),514,155716,,,0,河南,公办,0,0
浙江,2025,综合,普通类一段,4264,洛阳职业技术学院,,不限,490,178720,,,0,河南,公办,0,0
浙江,2025,综合,普通类一段,4265,平顶山学院,,不限,559,101607,,,0,河南,公办,0,0
浙江,2025,综合,普通类一段,4265,平顶山学院,,物理、化学(2科必选),515,154668,,,0,河南,公办,0,0
浙江,2025,综合,普通类一段,4266,郑州西亚斯学院,,不限,524,136211,,,0,河南,民办,0,0
浙江,2025,综合,普通类一段,4266,郑州西亚斯学院,,物理必选,490,184372,,,0,河南,民办,0,0
浙江,2025,综合,普通类一段,4267,郑州财经学院,,不限,548,94197,,,0,河南,民办,0,0
浙江,2025,综合,普通类一段,4267,郑州财经学院,,物理、化学(2科必选),491,163990,,,0,河南,民办,0,0
浙江,2025,综合,普通类一段,4268,河南工学院,,不限,565,94119,,,0,河南,公办,0,0
浙江,2025,综合,普通类一段,4268,河南工学院,,物理、化学(2科必选),521,147455,,,0,河南,公办,0,0
浙江,2025,综合,普通类一段,4270,漯河职业技术学院,,不限,490,184372,,,0,河南,公办,0,0
浙江,2025,综合,普通类一段,4274,郑州卫生健康职业学院,,不限,490,184372,,,0,河南,公办,0,0
浙江,2025,综合,普通类一段,4275,郑州医药健康职业学院,,不限,492,181914,,,0,河南,民办,0,0
浙江,2025,综合,普通类一段,4279,郑州电力高等专科学校,,物理必选,490,184372,,,0,河南,公办,0,0
浙江,2025,综合,普通类一段,43,浙江工商职业技术学院,,不限,490,164922,,,0,浙江,公办,0,0
浙江,2025,综合,普通类一段,4302,长沙电力职业技术学院,,不限,496,140739,,,0,湖南,公办,0,0
浙江,2025,综合,普通类一段,4303,长沙航空职业技术学院,,不限,490,120020,,,0,湖南,公办,0,0
浙江,2025,综合,普通类一段,4305,长沙理工大学,,不限,599,33795,,,0,湖南,公办,0,0
浙江,2025,综合,普通类一段,4305,长沙理工大学,,物理、化学(2科必选),569,17991,,,0,湖南,公办,0,0
浙江,2025,综合,普通类一段,4305,长沙理工大学,,物理必选,588,66339,,,0,湖南,公办,0,0
浙江,2025,综合,普通类一段,4307,长沙民政职业技术学院,,不限,490,72160,,,0,湖南,公办,0,0
浙江,2025,综合,普通类一段,4308,长沙学院,,不限,568,67251,,,0,湖南,公办,0,0
浙江,2025,综合,普通类一段,4308,长沙学院,,地理必选,572,85741,,,0,湖南,公办,0,0
浙江,2025,综合,普通类一段,4308,长沙学院,,思想政治必选,579,72673,,,0,湖南,公办,0,0
浙江,2025,综合,普通类一段,4308,长沙学院,,物化生(3科必选),517,150886,,,0,湖南,公办,0,0
浙江,2025,综合,普通类一段,4308,长沙学院,,物理、化学(2科必选),527,91103,,,0,湖南,公办,0,0
浙江,2025,综合,普通类一段,4308,长沙学院,,物理必选,521,147426,,,0,湖南,公办,0,0
浙江,2025,综合,普通类一段,4309,长沙医学院,,不限,555,103800,,,0,湖南,民办,0,0
浙江,2025,综合,普通类一段,4309,长沙医学院,,化学必选,503,168669,,,0,湖南,民办,0,0
浙江,2025,综合,普通类一段,4309,长沙医学院,,物理、化学(2科必选),490,172274,,,0,湖南,民办,0,0
浙江,2025,综合,普通类一段,4310,衡阳师范学院,,不限,562,64209,,,0,湖南,公办,0,0
浙江,2025,综合,普通类一段,4310,衡阳师范学院,,历史必选,588,65812,,,0,湖南,公办,0,0
浙江,2025,综合,普通类一段,4310,衡阳师范学院,,地理必选,567,60642,,,0,湖南,公办,0,0
浙江,2025,综合,普通类一段,4310,衡阳师范学院,,思想政治必选,588,66057,,,0,湖南,公办,0,0
浙江,2025,综合,普通类一段,4310,衡阳师范学院,,物化生(3科必选),508,146004,,,0,湖南,公办,0,0
浙江,2025,综合,普通类一段,4310,衡阳师范学院,,物理、化学(2科必选),513,95061,,,0,湖南,公办,0,0
浙江,2025,综合,普通类一段,4311,湖南财政经济学院,,不限,565,71796,,,0,湖南,公办,0,0
浙江,2025,综合,普通类一段,4311,湖南财政经济学院,,物理、化学(2科必选),532,108060,,,0,湖南,公办,0,0
浙江,2025,综合,普通类一段,4311,湖南财政经济学院,,物理必选,534,125457,,,0,湖南,公办,0,0
浙江,2025,综合,普通类一段,4313,湖南城市学院,,不限,561,88478,,,0,湖南,公办,0,0
浙江,2025,综合,普通类一段,4313,湖南城市学院,,物理、化学(2科必选),507,125622,,,0,湖南,公办,0,0
浙江,2025,综合,普通类一段,4313,湖南城市学院,,物理必选,518,132267,,,0,湖南,公办,0,0
浙江,2025,综合,普通类一段,4314,湖南大学,,不限,654,6759,,,0,湖南,公办,1,1
浙江,2025,综合,普通类一段,4314,湖南大学,,历史必选,657,7511,,,0,湖南,公办,1,1
浙江,2025,综合,普通类一段,4314,湖南大学,,物理、化学(2科必选),649,8414,,,0,湖南,公办,1,1
浙江,2025,综合,普通类一段,4314,湖南大学,,物理必选,650,9946,,,0,湖南,公办,1,1
浙江,2025,综合,普通类一段,4315,湖南大众传媒职业技术学院,,不限,504,145695,,,0,湖南,公办,0,0
浙江,2025,综合,普通类一段,4316,湖南第一师范学院,,物理、化学(2科必选),538,103947,,,0,湖南,公办,0,0
浙江,2025,综合,普通类一段,4318,湖南工程学院,,不限,561,77142,,,0,湖南,公办,0,0
浙江,2025,综合,普通类一段,4318,湖南工程学院,,物理、化学(2科必选),511,124012,,,0,湖南,公办,0,0
浙江,2025,综合,普通类一段,4318,湖南工程学院,,物理必选,540,124532,,,0,湖南,公办,0,0
浙江,2025,综合,普通类一段,4319,湖南工程学院应用技术学院,,物理、化学(2科必选),505,165798,,,0,湖南,民办,0,0
浙江,2025,综合,普通类一段,4320,湖南工程职业技术学院,,不限,490,124797,,,0,湖南,公办,0,0
浙江,2025,综合,普通类一段,4321,湖南工学院,,不限,566,76834,,,0,湖南,公办,0,0
浙江,2025,综合,普通类一段,4321,湖南工学院,,物理、化学(2科必选),520,118244,,,0,湖南,公办,0,0
浙江,2025,综合,普通类一段,4321,湖南工学院,,物理必选,515,114755,,,0,湖南,公办,0,0
浙江,2025,综合,普通类一段,4322,湖南工业大学,,不限,572,49925,,,0,湖南,公办,0,0
浙江,2025,综合,普通类一段,4322,湖南工业大学,,物理、化学(2科必选),528,79401,,,0,湖南,公办,0,0
浙江,2025,综合,普通类一段,4322,湖南工业大学,,物理必选,542,106755,,,0,湖南,公办,0,0
浙江,2025,综合,普通类一段,4324,湖南工业职业技术学院,,不限,490,184372,,,0,湖南,公办,0,0
浙江,2025,综合,普通类一段,4324,湖南工业职业技术学院,,物理必选,490,184372,,,0,湖南,公办,0,0
浙江,2025,综合,普通类一段,4326,湖南环境生物职业技术学院,,不限,490,139242,,,0,湖南,公办,0,0
浙江,2025,综合,普通类一段,4328,湖南高速铁路职业技术学院,,不限,498,150139,,,0,湖南,公办,0,0
浙江,2025,综合,普通类一段,4329,湖南交通职业技术学院,,不限,490,184372,,,0,湖南,公办,0,0
浙江,2025,综合,普通类一段,4330,湖南科技大学,,不限,574,38313,,,0,湖南,公办,0,0
浙江,2025,综合,普通类一段,4330,湖南科技大学,,地理必选,609,42183,,,0,湖南,公办,0,0
浙江,2025,综合,普通类一段,4330,湖南科技大学,,物理、化学(2科必选),527,30057,,,0,湖南,公办,0,0
浙江,2025,综合,普通类一段,4330,湖南科技大学,,物理必选,541,98600,,,0,湖南,公办,0,0
浙江,2025,综合,普通类一段,4331,湖南科技大学潇湘学院,,不限,565,94269,,,0,湖南,民办,0,0
浙江,2025,综合,普通类一段,4331,湖南科技大学潇湘学院,,物理、化学(2科必选),496,160449,,,0,湖南,民办,0,0
浙江,2025,综合,普通类一段,4332,湖南科技学院,,不限,564,69963,,,0,湖南,公办,0,0
浙江,2025,综合,普通类一段,4332,湖南科技学院,,历史必选,569,88273,,,0,湖南,公办,0,0
浙江,2025,综合,普通类一段,4332,湖南科技学院,,物理、化学(2科必选),519,138312,,,0,湖南,公办,0,0
浙江,2025,综合,普通类一段,4332,湖南科技学院,,物理必选,519,149932,,,0,湖南,公办,0,0
浙江,2025,综合,普通类一段,4333,湖南理工学院,,不限,567,86224,,,0,湖南,公办,0,0
浙江,2025,综合,普通类一段,4333,湖南理工学院,,物理、化学(2科必选),518,104707,,,0,湖南,公办,0,0
浙江,2025,综合,普通类一段,4333,湖南理工学院,,物理必选,530,129829,,,0,湖南,公办,0,0
浙江,2025,综合,普通类一段,4334,岳阳学院,,不限,526,110708,,,0,湖南,民办,0,0
浙江,2025,综合,普通类一段,4334,岳阳学院,,历史、思想政治(2科必选),544,119670,,,0,湖南,民办,0,0
浙江,2025,综合,普通类一段,4334,岳阳学院,,物理、化学(2科必选),494,174533,,,0,湖南,民办,0,0
浙江,2025,综合,普通类一段,4335,湖南农业大学,,不限,577,51107,,,0,湖南,公办,0,0
浙江,2025,综合,普通类一段,4335,湖南农业大学,,地理必选,589,64863,,,0,湖南,公办,0,0
浙江,2025,综合,普通类一段,4335,湖南农业大学,,物理、化学(2科必选),526,70052,,,0,湖南,公办,0,0
浙江,2025,综合,普通类一段,4336,湖南女子学院,,不限,565,85505,,,0,湖南,公办,0,0
浙江,2025,综合,普通类一段,4336,湖南女子学院,,物理必选,524,143547,,,0,湖南,公办,0,0
浙江,2025,综合,普通类一段,4337,湖南人文科技学院,,不限,554,84014,,,0,湖南,公办,0,0
浙江,2025,综合,普通类一段,4337,湖南人文科技学院,,物理、化学(2科必选),508,141634,,,0,湖南,公办,0,0
浙江,2025,综合,普通类一段,4339,湖南工商大学,,不限,577,40545,,,0,湖南,公办,0,0
浙江,2025,综合,普通类一段,4339,湖南工商大学,,物理、化学(2科必选),572,59558,,,0,湖南,公办,0,0
浙江,2025,综合,普通类一段,4339,湖南工商大学,,物理必选,576,65404,,,0,湖南,公办,0,0
浙江,2025,综合,普通类一段,4340,湘潭理工学院,,不限,539,113648,,,0,湖南,民办,0,0
浙江,2025,综合,普通类一段,4340,湘潭理工学院,,物理必选,490,184372,,,0,湖南,民办,0,0
浙江,2025,综合,普通类一段,4341,湖南涉外经济学院,,不限,524,112545,,,0,湖南,民办,0,0
浙江,2025,综合,普通类一段,4342,湖南师范大学,,不限,631,11664,,,0,湖南,公办,0,1
浙江,2025,综合,普通类一段,4342,湖南师范大学,,历史必选,647,10232,,,0,湖南,公办,0,1
浙江,2025,综合,普通类一段,4342,湖南师范大学,,地理必选,638,12241,,,0,湖南,公办,0,1
浙江,2025,综合,普通类一段,4342,湖南师范大学,,思想政治必选,641,10845,,,0,湖南,公办,0,1
浙江,2025,综合,普通类一段,4342,湖南师范大学,,物理、化学(2科必选),613,13565,,,0,湖南,公办,0,1
浙江,2025,综合,普通类一段,4344,湖南水利水电职业技术学院,,不限,490,184372,,,0,湖南,公办,0,0
浙江,2025,综合,普通类一段,4345,湖南司法警官职业学院,,不限,497,168496,,,0,湖南,公办,0,0
浙江,2025,综合,普通类一段,4346,湖南铁道职业技术学院,,不限,497,110891,,,0,湖南,公办,0,0
浙江,2025,综合,普通类一段,4347,湖南文理学院,,不限,565,67712,,,0,湖南,公办,0,0
浙江,2025,综合,普通类一段,4347,湖南文理学院,,历史必选,573,84244,,,0,湖南,公办,0,0
浙江,2025,综合,普通类一段,4347,湖南文理学院,,地理必选,572,73496,,,0,湖南,公办,0,0
浙江,2025,综合,普通类一段,4347,湖南文理学院,,物理、化学(2科必选),504,126924,,,0,湖南,公办,0,0
浙江,2025,综合,普通类一段,4347,湖南文理学院,,物理必选,492,133458,,,0,湖南,公办,0,0
浙江,2025,综合,普通类一段,4348,常德学院,,不限,547,111030,,,0,湖南,民办,0,0
浙江,2025,综合,普通类一段,4348,常德学院,,物理、化学(2科必选),490,184372,,,0,湖南,民办,0,0
浙江,2025,综合,普通类一段,4350,湖南信息职业技术学院,,不限,491,169600,,,0,湖南,公办,0,0
浙江,2025,综合,普通类一段,4352,湖南中医药大学,,不限,578,12808,,,0,湖南,公办,0,0
浙江,2025,综合,普通类一段,4352,湖南中医药大学,,化学必选,546,116554,,,0,湖南,公办,0,0
浙江,2025,综合,普通类一段,4352,湖南中医药大学,,物理、化学(2科必选),542,43397,,,0,湖南,公办,0,0
浙江,2025,综合,普通类一段,4353,湖南中医药大学湘杏学院,,不限,574,77881,,,0,湖南,民办,0,0
浙江,2025,综合,普通类一段,4353,湖南中医药大学湘杏学院,,化学必选,521,147475,,,0,湖南,民办,0,0
浙江,2025,综合,普通类一段,4353,湖南中医药大学湘杏学院,,物理、化学(2科必选),519,150126,,,0,湖南,民办,0,0
浙江,2025,综合,普通类一段,4354,湖南中医药高等专科学校,,不限,492,160105,,,0,湖南,公办,0,0
浙江,2025,综合,普通类一段,4355,怀化学院,,不限,559,77027,,,0,湖南,公办,0,0
浙江,2025,综合,普通类一段,4355,怀化学院,,思想政治必选,574,83207,,,0,湖南,公办,0,0
浙江,2025,综合,普通类一段,4355,怀化学院,,物理、化学(2科必选),502,127059,,,0,湖南,公办,0,0
浙江,2025,综合,普通类一段,4356,吉首大学,,不限,567,77267,,,0,湖南,公办,0,0
浙江,2025,综合,普通类一段,4356,吉首大学,,思想政治必选,596,56674,,,0,湖南,公办,0,0
浙江,2025,综合,普通类一段,4356,吉首大学,,物化生(3科必选),506,165208,,,0,湖南,公办,0,0
浙江,2025,综合,普通类一段,4356,吉首大学,,物理、化学(2科必选),520,84941,,,0,湖南,公办,0,0
浙江,2025,综合,普通类一段,4356,吉首大学,,物理必选,541,122849,,,0,湖南,公办,0,0
浙江,2025,综合,普通类一段,4357,张家界学院,,不限,490,123855,,,0,湖南,民办,0,0
浙江,2025,综合,普通类一段,4357,张家界学院,,化学必选,495,171597,,,0,湖南,民办,0,0
浙江,2025,综合,普通类一段,4358,南华大学,,不限,567,56995,,,0,湖南,公办,0,0
浙江,2025,综合,普通类一段,4358,南华大学,,化学必选,535,130898,,,0,湖南,公办,0,0
浙江,2025,综合,普通类一段,4358,南华大学,,物理、化学(2科必选),523,39971,,,0,湖南,公办,0,0
浙江,2025,综合,普通类一段,4358,南华大学,,物理必选,558,102085,,,0,湖南,公办,0,0
浙江,2025,综合,普通类一段,4359,南华大学船山学院,,不限,549,107602,,,0,湖南,民办,0,0
浙江,2025,综合,普通类一段,4359,南华大学船山学院,,化学必选,518,151331,,,0,湖南,民办,0,0
浙江,2025,综合,普通类一段,4359,南华大学船山学院,,物理、化学(2科必选),497,162032,,,0,湖南,民办,0,0
浙江,2025,综合,普通类一段,4360,邵阳学院,,不限,563,77629,,,0,湖南,公办,0,0
浙江,2025,综合,普通类一段,4360,邵阳学院,,地理必选,575,82110,,,0,湖南,公办,0,0
浙江,2025,综合,普通类一段,4360,邵阳学院,,物理、化学(2科必选),501,134125,,,0,湖南,公办,0,0
浙江,2025,综合,普通类一段,4360,邵阳学院,,物理必选,519,149620,,,0,湖南,公办,0,0
浙江,2025,综合,普通类一段,4360,邵阳学院,,生物必选,564,95382,,,0,湖南,公办,0,0
浙江,2025,综合,普通类一段,4361,湘南学院,,不限,562,60513,,,0,湖南,公办,0,0
浙江,2025,综合,普通类一段,4361,湘南学院,,化学必选,524,143926,,,0,湖南,公办,0,0
浙江,2025,综合,普通类一段,4361,湘南学院,,思想政治必选,573,84553,,,0,湖南,公办,0,0
浙江,2025,综合,普通类一段,4361,湘南学院,,物理、化学(2科必选),515,89596,,,0,湖南,公办,0,0
浙江,2025,综合,普通类一段,4361,湘南学院,,物理必选,523,144967,,,0,湖南,公办,0,0
浙江,2025,综合,普通类一段,4362,湘潭大学,,不限,605,12287,,,0,湖南,公办,0,0
浙江,2025,综合,普通类一段,4362,湘潭大学,,思想政治必选,624,28520,,,0,湖南,公办,0,0
浙江,2025,综合,普通类一段,4362,湘潭大学,,物理、化学(2科必选),594,28612,,,0,湖南,公办,0,0
浙江,2025,综合,普通类一段,4364,永州职业技术学院,,不限,493,153490,,,0,湖南,公办,0,0
浙江,2025,综合,普通类一段,4365,中南大学,,不限,654,6387,,,0,湖南,公办,1,1
浙江,2025,综合,普通类一段,4365,中南大学,,物化生(3科必选),651,2373,,,0,湖南,公办,1,1
浙江,2025,综合,普通类一段,4365,中南大学,,物理、化学(2科必选),634,7017,,,0,湖南,公办,1,1
浙江,2025,综合,普通类一段,4366,中南林业科技大学,,不限,575,45552,,,0,湖南,公办,0,0
浙江,2025,综合,普通类一段,4366,中南林业科技大学,,物理、化学(2科必选),506,71994,,,0,湖南,公办,0,0
浙江,2025,综合,普通类一段,4366,中南林业科技大学,,物理必选,549,92704,,,0,湖南,公办,0,0
浙江,2025,综合,普通类一段,4377,长沙职业技术学院,,不限,508,138118,,,0,湖南,公办,0,0
浙江,2025,综合,普通类一段,4382,中南林业科技大学涉外学院,,不限,554,92345,,,0,湖南,民办,0,0
浙江,2025,综合,普通类一段,4382,中南林业科技大学涉外学院,,物理、化学(2科必选),502,155933,,,0,湖南,民办,0,0
浙江,2025,综合,普通类一段,44,浙江工贸职业技术学院,,不限,490,167142,,,0,浙江,公办,0,0
浙江,2025,综合,普通类一段,4402,北师香港浸会大学,,不限,605,43906,,,0,广东,内地与港澳台地区合作办学,0,0
浙江,2025,综合,普通类一段,4402,北师香港浸会大学,,物理、化学(2科必选),598,45166,,,0,广东,内地与港澳台地区合作办学,0,0
浙江,2025,综合,普通类一段,4402,北师香港浸会大学,,物理必选,616,34878,,,0,广东,内地与港澳台地区合作办学,0,0
浙江,2025,综合,普通类一段,4403,电子科技大学中山学院,,不限,533,111271,,,0,广东,民办,0,0
浙江,2025,综合,普通类一段,4403,电子科技大学中山学院,,物理、化学(2科必选),490,163754,,,0,广东,民办,0,0
浙江,2025,综合,普通类一段,4404,东莞城市学院,,不限,524,128650,,,0,广东,民办,0,0
浙江,2025,综合,普通类一段,4404,东莞城市学院,,物理、化学(2科必选),490,184372,,,0,广东,民办,0,0
浙江,2025,综合,普通类一段,4405,广东白云学院,,不限,526,114909,,,0,广东,民办,0,0
浙江,2025,综合,普通类一段,4405,广东白云学院,,物理、化学(2科必选),490,176795,,,0,广东,民办,0,0
浙江,2025,综合,普通类一段,4405,广东白云学院,,物理必选,490,184139,,,0,广东,民办,0,0
浙江,2025,综合,普通类一段,4406,广东工业大学,,不限,606,36818,,,0,广东,公办,0,0
浙江,2025,综合,普通类一段,4406,广东工业大学,,物理、化学(2科必选),594,25142,,,0,广东,公办,0,0
浙江,2025,综合,普通类一段,4406,广东工业大学,,物理必选,569,51591,,,0,广东,公办,0,0
浙江,2025,综合,普通类一段,4408,广东金融学院,,不限,587,41555,,,0,广东,公办,0,0
浙江,2025,综合,普通类一段,4408,广东金融学院,,物理、化学(2科必选),591,36871,,,0,广东,公办,0,0
浙江,2025,综合,普通类一段,4408,广东金融学院,,物理必选,571,63729,,,0,广东,公办,0,0
浙江,2025,综合,普通类一段,4409,广东培正学院,,不限,526,109491,,,0,广东,民办,0,0
浙江,2025,综合,普通类一段,4412,广东外语外贸大学,,不限,601,16415,,,0,广东,公办,0,0
浙江,2025,综合,普通类一段,4412,广东外语外贸大学,,思想政治必选,613,38561,,,0,广东,公办,0,0
浙江,2025,综合,普通类一段,4412,广东外语外贸大学,,物理必选,589,57449,,,0,广东,公办,0,0
浙江,2025,综合,普通类一段,4414,广东药科大学,,物理、化学(2科必选),529,46129,,,0,广东,公办,0,0
浙江,2025,综合,普通类一段,4416,广州应用科技学院,,不限,533,110094,,,0,广东,民办,0,0
浙江,2025,综合,普通类一段,4417,广州工商学院,,不限,526,120158,,,0,广东,民办,0,0
浙江,2025,综合,普通类一段,4418,广州航海学院,,物理、化学(2科必选),545,118351,,,0,广东,公办,0,0
浙江,2025,综合,普通类一段,4420,广州民航职业技术学院,,不限,490,150250,,,0,广东,公办,0,0
浙江,2025,综合,普通类一段,4420,广州民航职业技术学院,,物理必选,490,167624,,,0,广东,公办,0,0
浙江,2025,综合,普通类一段,4421,广州体育学院,,不限,581,74558,,,0,广东,公办,0,0
浙江,2025,综合,普通类一段,4422,广州医科大学,,不限,607,25265,,,0,广东,公办,0,0
浙江,2025,综合,普通类一段,4422,广州医科大学,,化学必选,594,58253,,,0,广东,公办,0,0
浙江,2025,综合,普通类一段,4422,广州医科大学,,物理、化学(2科必选),587,14163,,,0,广东,公办,0,0
浙江,2025,综合,普通类一段,4423,广州中医药大学,,不限,619,7594,,,0,广东,公办,0,0
浙江,2025,综合,普通类一段,4423,广州中医药大学,,物理、化学(2科必选),590,18445,,,0,广东,公办,0,0
浙江,2025,综合,普通类一段,4423,广州中医药大学,,生物必选,614,37693,,,0,广东,公办,0,0
浙江,2025,综合,普通类一段,4424,华南理工大学,,不限,660,5683,,,0,广东,公办,1,1
浙江,2025,综合,普通类一段,4424,华南理工大学,,物理、化学(2科必选),655,5258,,,0,广东,公办,1,1
浙江,2025,综合,普通类一段,4424,华南理工大学,,物理必选,658,7515,,,0,广东,公办,1,1
浙江,2025,综合,普通类一段,4425,华南农业大学,,物理、化学(2科必选),568,30469,,,0,广东,公办,0,0
浙江,2025,综合,普通类一段,4425,华南农业大学,,生物必选,618,33808,,,0,广东,公办,0,0
浙江,2025,综合,普通类一段,4426,华南师范大学,,不限,635,8862,,,0,广东,公办,0,1
浙江,2025,综合,普通类一段,4426,华南师范大学,,地理必选,641,10646,,,0,广东,公办,0,1
浙江,2025,综合,普通类一段,4426,华南师范大学,,思想政治必选,650,11149,,,0,广东,公办,0,1
浙江,2025,综合,普通类一段,4426,华南师范大学,,物理、化学(2科必选),619,17709,,,0,广东,公办,0,1
浙江,2025,综合,普通类一段,4427,珠海科技学院,,不限,551,89684,,,0,广东,民办,0,0
浙江,2025,综合,普通类一段,4427,珠海科技学院,,物理、化学(2科必选),494,140611,,,0,广东,民办,0,0
浙江,2025,综合,普通类一段,4428,暨南大学,,不限,634,7560,,,0,广东,公办,0,1
浙江,2025,综合,普通类一段,4428,暨南大学,,物理、化学(2科必选),632,13018,,,0,广东,公办,0,1
浙江,2025,综合,普通类一段,4428,暨南大学,,物理必选,627,16988,,,0,广东,公办,0,1
浙江,2025,综合,普通类一段,4429,广东石油化工学院,,物理、化学(2科必选),499,114426,,,0,广东,公办,0,0
浙江,2025,综合,普通类一段,4429,广东石油化工学院,,物理必选,530,135590,,,0,广东,公办,0,0
浙江,2025,综合,普通类一段,4430,广东南华工商职业学院,,不限,490,176806,,,0,广东,公办,0,0
浙江,2025,综合,普通类一段,4431,南方医科大学,,不限,639,15267,,,0,广东,公办,0,0
浙江,2025,综合,普通类一段,4431,南方医科大学,,物理、化学(2科必选),598,4100,,,0,广东,公办,0,0
浙江,2025,综合,普通类一段,4433,汕头大学,,不限,613,20471,,,0,广东,公办,0,0
浙江,2025,综合,普通类一段,4433,汕头大学,,物理、化学(2科必选),591,17124,,,0,广东,公办,0,0
浙江,2025,综合,普通类一段,4435,星海音乐学院,,不限,581,74650,,,0,广东,公办,0,0
浙江,2025,综合,普通类一段,4436,中山大学,,不限,663,3761,,,0,广东,公办,1,1
浙江,2025,综合,普通类一段,4436,中山大学,,思想政治必选,663,5729,,,0,广东,公办,1,1
浙江,2025,综合,普通类一段,4436,中山大学,,物理、化学(2科必选),656,1695,,,0,广东,公办,1,1
浙江,2025,综合,普通类一段,4440,深圳大学,,不限,640,11439,,,0,广东,公办,0,0
浙江,2025,综合,普通类一段,4440,深圳大学,,物理、化学(2科必选),632,9815,,,0,广东,公办,0,0
浙江,2025,综合,普通类一段,4440,深圳大学,,物理必选,618,17039,,,0,广东,公办,0,0
浙江,2025,综合,普通类一段,4440,深圳大学,,生物必选,638,18115,,,0,广东,公办,0,0
浙江,2025,综合,普通类一段,4441,广东医科大学,,化学必选,538,126514,,,0,广东,公办,0,0
浙江,2025,综合,普通类一段,4441,广东医科大学,,物理、化学(2科必选),556,24875,,,0,广东,公办,0,0
浙江,2025,综合,普通类一段,4443,南方科技大学,,物理、化学(2科必选),660,6753,,,0,广东,公办,0,0
浙江,2025,综合,普通类一段,4445,广东海洋大学,,不限,586,56840,,,0,广东,公办,0,0
浙江,2025,综合,普通类一段,4445,广东海洋大学,,物化生(3科必选),519,140053,,,0,广东,公办,0,0
浙江,2025,综合,普通类一段,4445,广东海洋大学,,物理、化学(2科必选),526,66960,,,0,广东,公办,0,0
浙江,2025,综合,普通类一段,4450,韶关学院,,不限,565,83202,,,0,广东,公办,0,0
浙江,2025,综合,普通类一段,4450,韶关学院,,思想政治必选,573,84182,,,0,广东,公办,0,0
浙江,2025,综合,普通类一段,4450,韶关学院,,物理、化学(2科必选),516,135076,,,0,广东,公办,0,0
浙江,2025,综合,普通类一段,4450,韶关学院,,物理、生物(2科必选),513,156994,,,0,广东,公办,0,0
浙江,2025,综合,普通类一段,4451,东莞理工学院,,物理、化学(2科必选),525,86373,,,0,广东,公办,0,0
浙江,2025,综合,普通类一段,4452,广东理工学院,,不限,531,120025,,,0,广东,民办,0,0
浙江,2025,综合,普通类一段,4452,广东理工学院,,物理、化学(2科必选),490,170283,,,0,广东,民办,0,0
浙江,2025,综合,普通类一段,4452,广东理工学院,,物理必选,490,184372,,,0,广东,民办,0,0
浙江,2025,综合,普通类一段,4456,广东轻工职业技术大学,,不限,507,101515,,,0,广东,公办,0,0
浙江,2025,综合,普通类一段,4456,广东轻工职业技术大学,,物理必选,490,147150,,,0,广东,公办,0,0
浙江,2025,综合,普通类一段,4457,广州软件学院,,不限,536,111051,,,0,广东,民办,0,0
浙江,2025,综合,普通类一段,4457,广州软件学院,,物理、化学(2科必选),490,184372,,,0,广东,民办,0,0
浙江,2025,综合,普通类一段,4458,广州铁路职业技术学院,,不限,508,155254,,,0,广东,公办,0,0
浙江,2025,综合,普通类一段,4458,广州铁路职业技术学院,,物理必选,490,184131,,,0,广东,公办,0,0
浙江,2025,综合,普通类一段,4459,广东以色列理工学院,,物理、化学(2科必选),600,24247,,,0,广东,中外合作办学,0,0
浙江,2025,综合,普通类一段,4460,哈尔滨工业大学（深圳）,,物理、化学(2科必选),654,3791,,,0,广东,公办,1,1
浙江,2025,综合,普通类一段,4463,惠州学院,,不限,566,92967,,,0,广东,公办,0,0
浙江,2025,综合,普通类一段,4463,惠州学院,,物理、化学(2科必选),539,125623,,,0,广东,公办,0,0
浙江,2025,综合,普通类一段,4464,岭南师范学院,,不限,564,91802,,,0,广东,公办,0,0
浙江,2025,综合,普通类一段,4464,岭南师范学院,,物化生(3科必选),501,171422,,,0,广东,公办,0,0
浙江,2025,综合,普通类一段,4464,岭南师范学院,,物理、化学(2科必选),490,135364,,,0,广东,公办,0,0
浙江,2025,综合,普通类一段,4464,岭南师范学院,,物理必选,521,121543,,,0,广东,公办,0,0
浙江,2025,综合,普通类一段,4466,肇庆学院,,不限,573,84486,,,0,广东,公办,0,0
浙江,2025,综合,普通类一段,4466,肇庆学院,,物理、化学(2科必选),516,140037,,,0,广东,公办,0,0
浙江,2025,综合,普通类一段,4467,深圳北理莫斯科大学,,不限,600,51626,,,0,广东,中外合作办学,0,0
浙江,2025,综合,普通类一段,4467,深圳北理莫斯科大学,,物理、化学(2科必选),589,55967,,,0,广东,中外合作办学,0,0
浙江,2025,综合,普通类一段,4468,华南农业大学珠江学院,,不限,524,110178,,,0,广东,民办,0,0
浙江,2025,综合,普通类一段,4472,广州卫生职业技术学院,,不限,490,151883,,,0,广东,公办,0,0
浙江,2025,综合,普通类一段,4473,广州商学院,,不限,521,122179,,,0,广东,民办,0,0
浙江,2025,综合,普通类一段,4477,广州新华学院,,不限,534,109973,,,0,广东,民办,0,0
浙江,2025,综合,普通类一段,4477,广州新华学院,,化学必选,503,168856,,,0,广东,民办,0,0
浙江,2025,综合,普通类一段,4477,广州新华学院,,物理、化学(2科必选),493,180096,,,0,广东,民办,0,0
浙江,2025,综合,普通类一段,4479,广州华南商贸职业学院,,不限,490,184372,,,0,广东,民办,0,0
浙江,2025,综合,普通类一段,4481,广州理工学院,,不限,533,117199,,,0,广东,民办,0,0
浙江,2025,综合,普通类一段,4481,广州理工学院,,物理、化学(2科必选),490,173694,,,0,广东,民办,0,0
浙江,2025,综合,普通类一段,4482,肇庆医学院,,化学必选,528,139340,,,0,广东,公办,0,0
浙江,2025,综合,普通类一段,4482,肇庆医学院,,物理、化学(2科必选),520,116087,,,0,广东,公办,0,0
浙江,2025,综合,普通类一段,4499,深圳理工大学,,物理、化学(2科必选),653,9525,,,0,广东,公办,0,0
浙江,2025,综合,普通类一段,45,浙江机电职业技术大学,,不限,508,66311,,,0,浙江,公办,0,0
浙江,2025,综合,普通类一段,45,浙江机电职业技术大学,,物理必选,535,104601,,,0,浙江,公办,0,0
浙江,2025,综合,普通类一段,4501,北海艺术设计学院,,不限,525,128026,,,0,广西,民办,0,0
浙江,2025,综合,普通类一段,4503,广西财经学院,,不限,551,78872,,,0,广西,公办,0,0
浙江,2025,综合,普通类一段,4503,广西财经学院,,物理、化学(2科必选),490,143596,,,0,广西,公办,0,0
浙江,2025,综合,普通类一段,4503,广西财经学院,,物理必选,503,168876,,,0,广西,公办,0,0
浙江,2025,综合,普通类一段,4504,广西大学,,不限,633,21651,,,0,广西,公办,0,1
浙江,2025,综合,普通类一段,4504,广西大学,,思想政治必选,624,28606,,,0,广西,公办,0,1
浙江,2025,综合,普通类一段,4504,广西大学,,物理、化学(2科必选),582,24600,,,0,广西,公办,0,1
浙江,2025,综合,普通类一段,4506,广西科技大学,,化学、生物(2科必选),524,143649,,,0,广西,公办,0,0
浙江,2025,综合,普通类一段,4506,广西科技大学,,物化生(3科必选),517,152853,,,0,广西,公办,0,0
浙江,2025,综合,普通类一段,4506,广西科技大学,,物理、化学(2科必选),500,121977,,,0,广西,公办,0,0
浙江,2025,综合,普通类一段,4507,柳州工学院,,不限,527,135462,,,0,广西,民办,0,0
浙江,2025,综合,普通类一段,4507,柳州工学院,,物理、化学(2科必选),490,184372,,,0,广西,民办,0,0
浙江,2025,综合,普通类一段,4511,广西民族大学,,不限,544,61093,,,0,广西,公办,0,0
浙江,2025,综合,普通类一段,4511,广西民族大学,,物化生(3科必选),501,171859,,,0,广西,公办,0,0
浙江,2025,综合,普通类一段,4511,广西民族大学,,物理、化学(2科必选),490,138015,,,0,广西,公办,0,0
浙江,2025,综合,普通类一段,4511,广西民族大学,,物理必选,525,143397,,,0,广西,公办,0,0
浙江,2025,综合,普通类一段,4512,广西民族大学相思湖学院,,不限,527,135880,,,0,广西,民办,0,0
浙江,2025,综合,普通类一段,4513,广西师范大学,,不限,561,63288,,,0,广西,公办,0,0
浙江,2025,综合,普通类一段,4513,广西师范大学,,历史必选,585,38463,,,0,广西,公办,0,0
浙江,2025,综合,普通类一段,4513,广西师范大学,,思想政治必选,587,67388,,,0,广西,公办,0,0
浙江,2025,综合,普通类一段,4513,广西师范大学,,物理、化学(2科必选),513,97866,,,0,广西,公办,0,0
浙江,2025,综合,普通类一段,4514,桂林学院,,不限,527,123986,,,20,广西,民办,0,0
浙江,2025,综合,普通类一段,4514,桂林学院,,物理、化学(2科必选),491,183301,,,2,广西,民办,0,0
浙江,2025,综合,普通类一段,4515,南宁师范大学,,不限,569,60108,,,0,广西,公办,0,0
浙江,2025,综合,普通类一段,4515,南宁师范大学,,历史必选,570,87458,,,0,广西,公办,0,0
浙江,2025,综合,普通类一段,4515,南宁师范大学,,物理、化学(2科必选),516,142838,,,0,广西,公办,0,0
浙江,2025,综合,普通类一段,4515,南宁师范大学,,物理、地理(2科必选),578,77452,,,0,广西,公办,0,0
浙江,2025,综合,普通类一段,4515,南宁师范大学,,物理必选,524,143606,,,0,广西,公办,0,0
浙江,2025,综合,普通类一段,4517,广西医科大学,,不限,564,91327,,,0,广西,公办,0,0
浙江,2025,综合,普通类一段,4517,广西医科大学,,物理、化学(2科必选),490,16212,,,0,广西,公办,0,0
浙江,2025,综合,普通类一段,4517,广西医科大学,,生物必选,586,68177,,,0,广西,公办,0,0
浙江,2025,综合,普通类一段,4518,广西艺术学院,,不限,550,95582,,,0,广西,公办,0,0
浙江,2025,综合,普通类一段,4519,广西中医药大学,,不限,599,22571,,,0,广西,公办,0,0
浙江,2025,综合,普通类一段,4519,广西中医药大学,,物理、化学(2科必选),490,67124,,,0,广西,公办,0,0
浙江,2025,综合,普通类一段,4520,广西中医药大学赛恩斯新医药学院,,不限,560,98439,,,0,广西,民办,0,0
浙江,2025,综合,普通类一段,4520,广西中医药大学赛恩斯新医药学院,,物理、化学(2科必选),490,172600,,,0,广西,民办,0,0
浙江,2025,综合,普通类一段,4520,广西中医药大学赛恩斯新医药学院,,物理、生物(2科必选),492,181138,,,0,广西,民办,0,0
浙江,2025,综合,普通类一段,4521,桂林电子科技大学,,不限,575,76570,,,0,广西,公办,0,0
浙江,2025,综合,普通类一段,4521,桂林电子科技大学,,物理、化学(2科必选),552,39829,,,0,广西,公办,0,0
浙江,2025,综合,普通类一段,4522,桂林信息科技学院,,不限,526,130276,,,0,广西,民办,0,0
浙江,2025,综合,普通类一段,4522,桂林信息科技学院,,物理、化学(2科必选),490,183146,,,0,广西,民办,0,0
浙江,2025,综合,普通类一段,4524,桂林航天工业学院,,不限,561,95397,,,0,广西,公办,0,0
浙江,2025,综合,普通类一段,4524,桂林航天工业学院,,物理、化学(2科必选),525,130457,,,0,广西,公办,0,0
浙江,2025,综合,普通类一段,4524,桂林航天工业学院,,物理必选,526,141360,,,0,广西,公办,0,0
浙江,2025,综合,普通类一段,4525,桂林理工大学,,不限,494,73025,,,0,广西,公办,0,0
浙江,2025,综合,普通类一段,4525,桂林理工大学,,物理、化学(2科必选),505,94579,,,0,广西,公办,0,0
浙江,2025,综合,普通类一段,4526,桂林旅游学院,,不限,491,143278,,,0,广西,公办,0,0
浙江,2025,综合,普通类一段,4526,桂林旅游学院,,物理、化学(2科必选),490,184372,,,0,广西,公办,0,0
浙江,2025,综合,普通类一段,4527,桂林师范学院,,不限,490,93834,,,0,广西,公办,0,0
浙江,2025,综合,普通类一段,4528,桂林医科大学,,不限,550,111660,,,0,广西,公办,0,0
浙江,2025,综合,普通类一段,4528,桂林医科大学,,物理、化学(2科必选),490,68569,,,0,广西,公办,0,0
浙江,2025,综合,普通类一段,4529,北部湾大学,,不限,561,82751,,,0,广西,公办,0,0
浙江,2025,综合,普通类一段,4529,北部湾大学,,物理、化学(2科必选),503,133164,,,0,广西,公办,0,0
浙江,2025,综合,普通类一段,4529,北部湾大学,,物理必选,503,168715,,,0,广西,公办,0,0
浙江,2025,综合,普通类一段,4530,梧州学院,,不限,560,86129,,,0,广西,公办,0,0
浙江,2025,综合,普通类一段,4530,梧州学院,,思想政治必选,565,94112,,,0,广西,公办,0,0
浙江,2025,综合,普通类一段,4530,梧州学院,,物地技(3科必选),529,138191,,,0,广西,公办,0,0
浙江,2025,综合,普通类一段,4530,梧州学院,,物理、化学(2科必选),496,142651,,,0,广西,公办,0,0
浙江,2025,综合,普通类一段,4530,梧州学院,,物理必选,504,168062,,,0,广西,公办,0,0
浙江,2025,综合,普通类一段,4531,玉林师范学院,,不限,563,86520,,,0,广西,公办,0,0
浙江,2025,综合,普通类一段,4531,玉林师范学院,,历史必选,571,85865,,,0,广西,公办,0,0
浙江,2025,综合,普通类一段,4531,玉林师范学院,,物理、化学(2科必选),507,149683,,,0,广西,公办,0,0
浙江,2025,综合,普通类一段,4531,玉林师范学院,,生物必选,561,98203,,,0,广西,公办,0,0
浙江,2025,综合,普通类一段,4535,广西外国语学院,,不限,522,118749,,,0,广西,民办,0,0
浙江,2025,综合,普通类一段,4535,广西外国语学院,,物理必选,494,178950,,,0,广西,民办,0,0
浙江,2025,综合,普通类一段,4538,南宁理工学院,,不限,527,120733,,,0,广西,民办,0,0
浙江,2025,综合,普通类一段,4542,南宁学院,,不限,543,120272,,,0,广西,民办,0,0
浙江,2025,综合,普通类一段,4542,南宁学院,,物理、化学(2科必选),490,177835,,,0,广西,民办,0,0
浙江,2025,综合,普通类一段,4543,柳州铁道职业技术学院,,不限,490,184203,,,0,广西,公办,0,0
浙江,2025,综合,普通类一段,4553,南宁职业技术大学,,不限,552,109242,,,0,广西,公办,0,0
浙江,2025,综合,普通类一段,4553,南宁职业技术大学,,物理必选,505,166448,,,0,广西,公办,0,0
浙江,2025,综合,普通类一段,46,浙江商业职业技术学院,,不限,490,155741,,,0,浙江,公办,0,0
浙江,2025,综合,普通类一段,4601,海口经济学院,,不限,490,131960,,,0,海南,民办,0,0
浙江,2025,综合,普通类一段,4602,海南大学,,不限,591,12308,,,0,海南,公办,0,1
浙江,2025,综合,普通类一段,4602,海南大学,,化学、生物(2科必选),581,74834,,,0,海南,公办,0,1
浙江,2025,综合,普通类一段,4602,海南大学,,历史、思想政治(2科必选),628,23836,,,0,海南,公办,0,1
浙江,2025,综合,普通类一段,4602,海南大学,,历史必选,623,16817,,,0,海南,公办,0,1
浙江,2025,综合,普通类一段,4602,海南大学,,地理必选,599,53612,,,0,海南,公办,0,1
浙江,2025,综合,普通类一段,4602,海南大学,,思想政治必选,634,20890,,,0,海南,公办,0,1
浙江,2025,综合,普通类一段,4602,海南大学,,物理、化学(2科必选),586,25365,,,0,海南,公办,0,1
浙江,2025,综合,普通类一段,4602,海南大学,,物理必选,603,33035,,,0,海南,公办,0,1
浙江,2025,综合,普通类一段,4603,三亚学院,,不限,518,118739,,,0,海南,民办,0,0
浙江,2025,综合,普通类一段,4603,三亚学院,,化学必选,501,171357,,,0,海南,民办,0,0
浙江,2025,综合,普通类一段,4603,三亚学院,,历史、思想政治(2科必选),535,130737,,,0,海南,民办,0,0
浙江,2025,综合,普通类一段,4603,三亚学院,,物理、化学(2科必选),490,184372,,,0,海南,民办,0,0
浙江,2025,综合,普通类一段,4607,海南师范大学,,不限,560,48530,,,0,海南,公办,0,0
浙江,2025,综合,普通类一段,4607,海南师范大学,,历史、思想政治(2科必选),588,66307,,,0,海南,公办,0,0
浙江,2025,综合,普通类一段,4607,海南师范大学,,历史必选,607,44357,,,0,海南,公办,0,0
浙江,2025,综合,普通类一段,4607,海南师范大学,,物化生(3科必选),521,147367,,,0,海南,公办,0,0
浙江,2025,综合,普通类一段,4607,海南师范大学,,物理、化学(2科必选),521,90763,,,0,海南,公办,0,0
浙江,2025,综合,普通类一段,4609,海南医科大学,,不限,598,46041,,,6,海南,公办,0,0
浙江,2025,综合,普通类一段,4609,海南医科大学,,化学必选,520,132625,,,5,海南,公办,0,0
浙江,2025,综合,普通类一段,4609,海南医科大学,,物理、化学(2科必选),510,61619,,,41,海南,公办,0,0
浙江,2025,综合,普通类一段,4612,琼台师范学院,,不限,519,80989,,,0,海南,公办,0,0
浙江,2025,综合,普通类一段,4612,琼台师范学院,,物理、化学(2科必选),509,143456,,,0,海南,公办,0,0
浙江,2025,综合,普通类一段,4613,海南热带海洋学院,,不限,539,88225,,,0,海南,公办,0,0
浙江,2025,综合,普通类一段,4613,海南热带海洋学院,,历史必选,562,89443,,,0,海南,公办,0,0
浙江,2025,综合,普通类一段,4613,海南热带海洋学院,,思想政治必选,564,94299,,,0,海南,公办,0,0
浙江,2025,综合,普通类一段,4613,海南热带海洋学院,,物理、化学(2科必选),506,137576,,,0,海南,公办,0,0
浙江,2025,综合,普通类一段,4615,海南卫生健康职业学院,,不限,491,176949,,,0,海南,公办,0,0
浙江,2025,综合,普通类一段,4617,海南科技职业大学,,不限,524,120764,,,0,海南,民办,0,0
浙江,2025,综合,普通类一段,4621,海南比勒费尔德应用科学大学,,物理、化学(2科必选),490,184372,,,0,海南,境外高校独立办学,0,0
浙江,2025,综合,普通类一段,4621,海南比勒费尔德应用科学大学,,物理必选,490,184372,,,0,海南,境外高校独立办学,0,0
浙江,2025,综合,普通类一段,47,浙江警官职业学院,,不限,518,138943,,,0,浙江,公办,0,0
浙江,2025,综合,普通类一段,47,浙江警官职业学院,,物理必选,490,184372,,,0,浙江,公办,0,0
浙江,2025,综合,普通类一段,48,浙江工业职业技术学院,,不限,490,162410,,,0,浙江,公办,0,0
浙江,2025,综合,普通类一段,49,浙江旅游职业学院,,不限,490,174598,,,0,浙江,公办,0,0
浙江,2025,综合,普通类一段,5,宁波大学,,不限,601,11215,,,0,浙江,公办,0,0
浙江,2025,综合,普通类一段,5,宁波大学,,地理必选,604,26373,,,0,浙江,公办,0,0
浙江,2025,综合,普通类一段,5,宁波大学,,思想政治必选,630,23737,,,0,浙江,公办,0,0
浙江,2025,综合,普通类一段,5,宁波大学,,物理、化学(2科必选),596,16842,,,0,浙江,公办,0,0
浙江,2025,综合,普通类一段,5,宁波大学,,物理必选,606,37881,,,0,浙江,公办,0,0
浙江,2025,综合,普通类一段,50,浙江金融职业学院,,不限,498,139369,,,0,浙江,公办,0,0
浙江,2025,综合,普通类一段,5001,长江师范学院,,不限,564,95315,,,0,重庆,公办,0,0
浙江,2025,综合,普通类一段,5001,长江师范学院,,物理、化学(2科必选),512,143586,,,0,重庆,公办,0,0
浙江,2025,综合,普通类一段,5001,长江师范学院,,物理必选,524,143883,,,0,重庆,公办,0,0
浙江,2025,综合,普通类一段,5002,四川美术学院,,不限,571,54716,,,0,重庆,公办,0,0
浙江,2025,综合,普通类一段,5002,四川美术学院,,物理、化学(2科必选),593,59778,,,0,重庆,公办,0,0
浙江,2025,综合,普通类一段,5003,四川外国语大学,,不限,576,37568,,,0,重庆,公办,0,0
浙江,2025,综合,普通类一段,5003,四川外国语大学,,物理必选,557,96100,,,0,重庆,公办,0,0
浙江,2025,综合,普通类一段,5004,重庆外语外事学院,,不限,541,109617,,,0,重庆,民办,0,0
浙江,2025,综合,普通类一段,5005,西南大学,,不限,634,9100,,,0,重庆,公办,0,1
浙江,2025,综合,普通类一段,5005,西南大学,,地理必选,650,11279,,,0,重庆,公办,0,1
浙江,2025,综合,普通类一段,5005,西南大学,,物化生(3科必选),644,13621,,,0,重庆,公办,0,1
浙江,2025,综合,普通类一段,5005,西南大学,,物理、化学(2科必选),593,11854,,,0,重庆,公办,0,1
浙江,2025,综合,普通类一段,5005,西南大学,,生物必选,636,19041,,,0,重庆,公办,0,1
浙江,2025,综合,普通类一段,5006,重庆人文科技学院,,不限,537,100104,,,0,重庆,民办,0,0
浙江,2025,综合,普通类一段,5006,重庆人文科技学院,,物理、化学(2科必选),496,173212,,,0,重庆,民办,0,0
浙江,2025,综合,普通类一段,5006,重庆人文科技学院,,物理必选,494,179243,,,0,重庆,民办,0,0
浙江,2025,综合,普通类一段,5006,重庆人文科技学院,,生物必选,536,129878,,,0,重庆,民办,0,0
浙江,2025,综合,普通类一段,5007,西南政法大学,,不限,641,6917,,,0,重庆,公办,0,0
浙江,2025,综合,普通类一段,5007,西南政法大学,,思想政治必选,644,11648,,,0,重庆,公办,0,0
浙江,2025,综合,普通类一段,5007,西南政法大学,,物理、化学(2科必选),628,24715,,,0,重庆,公办,0,0
浙江,2025,综合,普通类一段,5009,重庆城市管理职业学院,,不限,490,166246,,,0,重庆,公办,0,0
浙江,2025,综合,普通类一段,5011,重庆大学,,不限,657,8139,,,0,重庆,公办,1,1
浙江,2025,综合,普通类一段,5011,重庆大学,,历史必选,660,6899,,,0,重庆,公办,1,1
浙江,2025,综合,普通类一段,5011,重庆大学,,物理、化学(2科必选),645,6341,,,0,重庆,公办,1,1
浙江,2025,综合,普通类一段,5012,重庆城市科技学院,,不限,542,106355,,,0,重庆,民办,0,0
浙江,2025,综合,普通类一段,5012,重庆城市科技学院,,思想政治必选,553,107983,,,0,重庆,民办,0,0
浙江,2025,综合,普通类一段,5012,重庆城市科技学院,,物理、化学(2科必选),490,162989,,,0,重庆,民办,0,0
浙江,2025,综合,普通类一段,5012,重庆城市科技学院,,物理必选,490,167769,,,0,重庆,民办,0,0
浙江,2025,综合,普通类一段,5013,重庆电力高等专科学校,,不限,490,149381,,,0,重庆,公办,0,0
浙江,2025,综合,普通类一段,5015,重庆工程职业技术学院,,不限,490,162851,,,0,重庆,公办,0,0
浙江,2025,综合,普通类一段,5017,重庆工商大学,,不限,582,48285,,,0,重庆,公办,0,0
浙江,2025,综合,普通类一段,5017,重庆工商大学,,物理、化学(2科必选),588,65180,,,0,重庆,公办,0,0
浙江,2025,综合,普通类一段,5018,重庆工商大学派斯学院,,不限,536,107424,,,0,重庆,民办,0,0
浙江,2025,综合,普通类一段,5018,重庆工商大学派斯学院,,物理、化学(2科必选),494,177246,,,0,重庆,民办,0,0
浙江,2025,综合,普通类一段,5018,重庆工商大学派斯学院,,物理必选,490,184372,,,0,重庆,民办,0,0
浙江,2025,综合,普通类一段,5019,重庆财经学院,,不限,544,96358,,,0,重庆,民办,0,0
浙江,2025,综合,普通类一段,5019,重庆财经学院,,物理、化学(2科必选),490,172141,,,0,重庆,民办,0,0
浙江,2025,综合,普通类一段,5019,重庆财经学院,,物理必选,490,167505,,,0,重庆,民办,0,0
浙江,2025,综合,普通类一段,5021,重庆航天职业技术学院,,不限,496,171889,,,0,重庆,公办,0,0
浙江,2025,综合,普通类一段,5022,重庆交通大学,,不限,586,56992,,,0,重庆,公办,0,0
浙江,2025,综合,普通类一段,5022,重庆交通大学,,物理、化学(2科必选),566,60546,,,0,重庆,公办,0,0
浙江,2025,综合,普通类一段,5023,重庆科技大学,,不限,574,65889,,,0,重庆,公办,0,0
浙江,2025,综合,普通类一段,5023,重庆科技大学,,物理、化学(2科必选),542,88498,,,0,重庆,公办,0,0
浙江,2025,综合,普通类一段,5023,重庆科技大学,,物理必选,543,114173,,,0,重庆,公办,0,0
浙江,2025,综合,普通类一段,5024,重庆理工大学,,不限,583,44578,,,0,重庆,公办,0,0
浙江,2025,综合,普通类一段,5024,重庆理工大学,,物理、化学(2科必选),558,47382,,,0,重庆,公办,0,0
浙江,2025,综合,普通类一段,5024,重庆理工大学,,物理必选,569,70333,,,0,重庆,公办,0,0
浙江,2025,综合,普通类一段,5025,重庆三峡学院,,不限,566,68977,,,0,重庆,公办,0,0
浙江,2025,综合,普通类一段,5025,重庆三峡学院,,思想政治必选,579,76674,,,0,重庆,公办,0,0
浙江,2025,综合,普通类一段,5025,重庆三峡学院,,物理、化学(2科必选),514,100772,,,0,重庆,公办,0,0
浙江,2025,综合,普通类一段,5025,重庆三峡学院,,物理必选,542,122202,,,0,重庆,公办,0,0
浙江,2025,综合,普通类一段,5026,重庆三峡医药高等专科学校,,不限,529,117426,,,0,重庆,公办,0,0
浙江,2025,综合,普通类一段,5027,重庆师范大学,,不限,587,38250,,,0,重庆,公办,0,0
浙江,2025,综合,普通类一段,5027,重庆师范大学,,历史必选,584,38338,,,0,重庆,公办,0,0
浙江,2025,综合,普通类一段,5027,重庆师范大学,,思想政治必选,617,34484,,,0,重庆,公办,0,0
浙江,2025,综合,普通类一段,5027,重庆师范大学,,物化生(3科必选),551,110725,,,0,重庆,公办,0,0
浙江,2025,综合,普通类一段,5027,重庆师范大学,,物理、化学(2科必选),529,59344,,,0,重庆,公办,0,0
浙江,2025,综合,普通类一段,5027,重庆师范大学,,物理必选,545,118092,,,0,重庆,公办,0,0
浙江,2025,综合,普通类一段,5028,重庆对外经贸学院,,不限,536,107265,,,0,重庆,民办,0,0
浙江,2025,综合,普通类一段,5028,重庆对外经贸学院,,地理必选,546,117636,,,0,重庆,民办,0,0
浙江,2025,综合,普通类一段,5028,重庆对外经贸学院,,物理、化学(2科必选),490,178593,,,0,重庆,民办,0,0
浙江,2025,综合,普通类一段,5028,重庆对外经贸学院,,物理必选,490,182327,,,0,重庆,民办,0,0
浙江,2025,综合,普通类一段,5029,重庆文理学院,,不限,567,84284,,,0,重庆,公办,0,0
浙江,2025,综合,普通类一段,5029,重庆文理学院,,物理、化学(2科必选),510,109058,,,0,重庆,公办,0,0
浙江,2025,综合,普通类一段,5029,重庆文理学院,,物理必选,517,135243,,,0,重庆,公办,0,0
浙江,2025,综合,普通类一段,5031,重庆医科大学,,不限,602,49869,,,0,重庆,公办,0,0
浙江,2025,综合,普通类一段,5031,重庆医科大学,,化学必选,577,78645,,,0,重庆,公办,0,0
浙江,2025,综合,普通类一段,5031,重庆医科大学,,物理、化学(2科必选),556,10086,,,0,重庆,公办,0,0
浙江,2025,综合,普通类一段,5032,重庆邮电大学,,物理、化学(2科必选),589,28236,,,0,重庆,公办,0,0
浙江,2025,综合,普通类一段,5033,重庆移通学院,,不限,544,115780,,,0,重庆,民办,0,0
浙江,2025,综合,普通类一段,5033,重庆移通学院,,物理、化学(2科必选),498,171030,,,0,重庆,民办,0,0
浙江,2025,综合,普通类一段,5033,重庆移通学院,,物理必选,491,159334,,,0,重庆,民办,0,0
浙江,2025,综合,普通类一段,5035,重庆医药高等专科学校,,不限,526,98537,,,0,重庆,公办,0,0
浙江,2025,综合,普通类一段,5035,重庆医药高等专科学校,,化学必选,493,180234,,,0,重庆,公办,0,0
浙江,2025,综合,普通类一段,5036,重庆电子科技职业大学,,不限,491,166299,,,0,重庆,公办,0,0
浙江,2025,综合,普通类一段,5036,重庆电子科技职业大学,,物理必选,490,184372,,,0,重庆,公办,0,0
浙江,2025,综合,普通类一段,5043,重庆幼儿师范高等专科学校,,不限,490,184372,,,0,重庆,公办,0,0
浙江,2025,综合,普通类一段,5052,重庆中医药学院,,不限,602,43825,,,0,重庆,公办,0,0
浙江,2025,综合,普通类一段,5052,重庆中医药学院,,物理、化学(2科必选),538,92384,,,0,重庆,公办,0,0
浙江,2025,综合,普通类一段,51,浙江经济职业技术学院,,不限,499,146986,,,0,浙江,公办,0,0
浙江,2025,综合,普通类一段,5101,成都工业学院,,不限,569,89289,,,0,四川,公办,0,0
浙江,2025,综合,普通类一段,5101,成都工业学院,,物理、化学(2科必选),528,98137,,,0,四川,公办,0,0
浙江,2025,综合,普通类一段,5102,成都航空职业技术大学,,不限,521,147808,,,0,四川,公办,0,0
浙江,2025,综合,普通类一段,5102,成都航空职业技术大学,,物理必选,490,173315,,,0,四川,公办,0,0
浙江,2025,综合,普通类一段,5103,成都理工大学,,不限,600,34535,,,0,四川,公办,0,0
浙江,2025,综合,普通类一段,5103,成都理工大学,,地理必选,602,50267,,,0,四川,公办,0,0
浙江,2025,综合,普通类一段,5103,成都理工大学,,思想政治必选,621,30810,,,0,四川,公办,0,0
浙江,2025,综合,普通类一段,5103,成都理工大学,,物理、化学(2科必选),589,29925,,,0,四川,公办,0,0
浙江,2025,综合,普通类一段,5103,成都理工大学,,物理、地理(2科必选),571,86066,,,0,四川,公办,0,0
浙江,2025,综合,普通类一段,5103,成都理工大学,,物理必选,608,43005,,,0,四川,公办,0,0
浙江,2025,综合,普通类一段,5104,成都理工大学工程技术学院,,不限,549,109812,,,0,四川,民办,0,0
浙江,2025,综合,普通类一段,5104,成都理工大学工程技术学院,,物理、化学(2科必选),498,158320,,,0,四川,民办,0,0
浙江,2025,综合,普通类一段,5105,四川传媒学院,,不限,546,110056,,,0,四川,民办,0,0
浙江,2025,综合,普通类一段,5106,成都体育学院,,不限,569,69957,,,0,四川,公办,0,0
浙江,2025,综合,普通类一段,5106,成都体育学院,,物理、化学(2科必选),542,122206,,,0,四川,公办,0,0
浙江,2025,综合,普通类一段,5107,成都信息工程大学,,不限,576,52507,,,0,四川,公办,0,0
浙江,2025,综合,普通类一段,5107,成都信息工程大学,,物理、化学(2科必选),583,45401,,,0,四川,公办,0,0
浙江,2025,综合,普通类一段,5108,成都银杏酒店管理学院,,不限,535,128327,,,0,四川,民办,0,0
浙江,2025,综合,普通类一段,5109,成都大学,,不限,582,46651,,,0,四川,公办,0,0
浙江,2025,综合,普通类一段,5109,成都大学,,历史必选,606,45968,,,0,四川,公办,0,0
浙江,2025,综合,普通类一段,5109,成都大学,,思想政治必选,598,42466,,,0,四川,公办,0,0
浙江,2025,综合,普通类一段,5109,成都大学,,物化生(3科必选),590,63328,,,0,四川,公办,0,0
浙江,2025,综合,普通类一段,5109,成都大学,,物理、化学(2科必选),562,58764,,,0,四川,公办,0,0
浙江,2025,综合,普通类一段,5109,成都大学,,物理必选,490,82534,,,0,四川,公办,0,0
浙江,2025,综合,普通类一段,5110,成都医学院,,物理、化学(2科必选),540,84203,,,0,四川,公办,0,0
浙江,2025,综合,普通类一段,5111,成都中医药大学,,不限,592,8457,,,0,四川,公办,0,0
浙江,2025,综合,普通类一段,5111,成都中医药大学,,物理、化学(2科必选),553,35347,,,0,四川,公办,0,0
浙江,2025,综合,普通类一段,5112,川北医学院,,物理、化学(2科必选),560,94515,,,0,四川,公办,0,0
浙江,2025,综合,普通类一段,5113,电子科技大学,,物理、化学(2科必选),648,2980,,,0,四川,公办,1,1
浙江,2025,综合,普通类一段,5114,电子科技大学成都学院,,不限,547,100366,,,0,四川,民办,0,0
浙江,2025,综合,普通类一段,5114,电子科技大学成都学院,,物理、化学(2科必选),499,137582,,,0,四川,民办,0,0
浙江,2025,综合,普通类一段,5115,乐山师范学院,,不限,564,83274,,,0,四川,公办,0,0
浙江,2025,综合,普通类一段,5115,乐山师范学院,,历史、思想政治(2科必选),567,91335,,,0,四川,公办,0,0
浙江,2025,综合,普通类一段,5115,乐山师范学院,,物化生(3科必选),515,155137,,,0,四川,公办,0,0
浙江,2025,综合,普通类一段,5115,乐山师范学院,,物理、化学(2科必选),526,132367,,,0,四川,公办,0,0
浙江,2025,综合,普通类一段,5115,乐山师范学院,,物理必选,534,131814,,,0,四川,公办,0,0
浙江,2025,综合,普通类一段,5116,西南医科大学,,不限,569,89443,,,0,四川,公办,0,0
浙江,2025,综合,普通类一段,5116,西南医科大学,,物理、化学(2科必选),541,46041,,,0,四川,公办,0,0
浙江,2025,综合,普通类一段,5117,绵阳师范学院,,不限,569,72378,,,0,四川,公办,0,0
浙江,2025,综合,普通类一段,5117,绵阳师范学院,,物理、化学(2科必选),542,121774,,,0,四川,公办,0,0
浙江,2025,综合,普通类一段,5118,内江师范学院,,不限,582,73342,,,0,四川,公办,0,0
浙江,2025,综合,普通类一段,5118,内江师范学院,,历史必选,580,75128,,,0,四川,公办,0,0
浙江,2025,综合,普通类一段,5118,内江师范学院,,地理必选,582,73510,,,0,四川,公办,0,0
浙江,2025,综合,普通类一段,5118,内江师范学院,,思想政治必选,579,76180,,,0,四川,公办,0,0
浙江,2025,综合,普通类一段,5118,内江师范学院,,物理、化学(2科必选),534,131937,,,0,四川,公办,0,0
浙江,2025,综合,普通类一段,5120,四川大学,,不限,648,5640,,,0,四川,公办,1,1
浙江,2025,综合,普通类一段,5120,四川大学,,思想政治必选,657,8148,,,0,四川,公办,1,1
浙江,2025,综合,普通类一段,5120,四川大学,,物理、化学(2科必选),647,1452,,,0,四川,公办,1,1
浙江,2025,综合,普通类一段,5120,四川大学,,物理必选,650,10891,,,0,四川,公办,1,1
浙江,2025,综合,普通类一段,5121,成都锦城学院,,不限,545,106800,,,0,四川,民办,0,0
浙江,2025,综合,普通类一段,5121,成都锦城学院,,物理、化学(2科必选),504,157513,,,0,四川,民办,0,0
浙江,2025,综合,普通类一段,5122,四川大学锦江学院,,不限,549,100615,,,0,四川,民办,0,0
浙江,2025,综合,普通类一段,5122,四川大学锦江学院,,思想政治必选,547,115644,,,0,四川,民办,0,0
浙江,2025,综合,普通类一段,5122,四川大学锦江学院,,物理、化学(2科必选),492,157415,,,0,四川,民办,0,0
浙江,2025,综合,普通类一段,5122,四川大学锦江学院,,物理必选,499,173182,,,0,四川,民办,0,0
浙江,2025,综合,普通类一段,5123,四川工程职业技术大学,,不限,493,147619,,,0,四川,公办,0,0
浙江,2025,综合,普通类一段,5123,四川工程职业技术大学,,物理必选,490,144977,,,0,四川,公办,0,0
浙江,2025,综合,普通类一段,5125,四川建筑职业技术学院,,历史必选,496,177635,,,0,四川,公办,0,0
浙江,2025,综合,普通类一段,5126,四川交通职业技术学院,,物理必选,490,184372,,,0,四川,公办,0,0
浙江,2025,综合,普通类一段,5128,四川警察学院,,不限,601,51292,,,0,四川,公办,0,0
浙江,2025,综合,普通类一段,5129,四川农业大学,,不限,616,19142,,,0,四川,公办,0,1
浙江,2025,综合,普通类一段,5129,四川农业大学,,化学必选,596,56402,,,0,四川,公办,0,1
浙江,2025,综合,普通类一段,5129,四川农业大学,,物理、化学(2科必选),587,30731,,,0,四川,公办,0,1
浙江,2025,综合,普通类一段,5129,四川农业大学,,生物必选,622,30310,,,0,四川,公办,0,1
浙江,2025,综合,普通类一段,5131,四川师范大学,,不限,586,35368,,,0,四川,公办,0,0
浙江,2025,综合,普通类一段,5131,四川师范大学,,历史、地理(2科必选),611,39959,,,0,四川,公办,0,0
浙江,2025,综合,普通类一段,5131,四川师范大学,,历史、思想政治(2科必选),594,32714,,,0,四川,公办,0,0
浙江,2025,综合,普通类一段,5131,四川师范大学,,历史必选,590,63795,,,0,四川,公办,0,0
浙江,2025,综合,普通类一段,5131,四川师范大学,,地理必选,610,41438,,,0,四川,公办,0,0
浙江,2025,综合,普通类一段,5131,四川师范大学,,思想政治必选,602,50041,,,0,四川,公办,0,0
浙江,2025,综合,普通类一段,5131,四川师范大学,,物理、化学(2科必选),555,57035,,,0,四川,公办,0,0
浙江,2025,综合,普通类一段,5131,四川师范大学,,物理、地理(2科必选),589,64813,,,0,四川,公办,0,0
浙江,2025,综合,普通类一段,5131,四川师范大学,,物理必选,563,69148,,,0,四川,公办,0,0
浙江,2025,综合,普通类一段,5132,四川工商学院,,不限,548,108493,,,0,四川,民办,0,0
浙江,2025,综合,普通类一段,5132,四川工商学院,,物理、化学(2科必选),490,177929,,,0,四川,民办,0,0
浙江,2025,综合,普通类一段,5133,成都文理学院,,不限,538,107296,,,0,四川,民办,0,0
浙江,2025,综合,普通类一段,5136,成都外国语学院,,不限,530,95176,,,0,四川,民办,0,0
浙江,2025,综合,普通类一段,5137,四川音乐学院,,不限,557,78531,,,0,四川,公办,0,0
浙江,2025,综合,普通类一段,5139,西华大学,,不限,583,43831,,,0,四川,公办,0,0
浙江,2025,综合,普通类一段,5139,西华大学,,物理、化学(2科必选),535,63253,,,0,四川,公办,0,0
浙江,2025,综合,普通类一段,5139,西华大学,,物理必选,567,91086,,,0,四川,公办,0,0
浙江,2025,综合,普通类一段,5140,西华师范大学,,不限,571,58275,,,0,四川,公办,0,0
浙江,2025,综合,普通类一段,5140,西华师范大学,,物理、化学(2科必选),513,132667,,,0,四川,公办,0,0
浙江,2025,综合,普通类一段,5141,西南财经大学,,不限,631,7091,,,0,四川,公办,0,1
浙江,2025,综合,普通类一段,5141,西南财经大学,,物理、化学(2科必选),640,11886,,,0,四川,公办,0,1
浙江,2025,综合,普通类一段,5141,西南财经大学,,物理必选,627,13136,,,0,四川,公办,0,1
浙江,2025,综合,普通类一段,5142,西南财经大学天府学院,,不限,545,111253,,,0,四川,民办,0,0
浙江,2025,综合,普通类一段,5142,西南财经大学天府学院,,化学必选,509,162276,,,0,四川,民办,0,0
浙江,2025,综合,普通类一段,5143,西南交通大学,,历史、思想政治(2科必选),646,13288,,,0,四川,公办,0,1
浙江,2025,综合,普通类一段,5143,西南交通大学,,历史必选,636,13807,,,0,四川,公办,0,1
浙江,2025,综合,普通类一段,5143,西南交通大学,,思想政治必选,644,10720,,,0,四川,公办,0,1
浙江,2025,综合,普通类一段,5143,西南交通大学,,物理、化学(2科必选),595,12179,,,0,四川,公办,0,1
浙江,2025,综合,普通类一段,5144,西南科技大学,,不限,575,64907,,,0,四川,公办,0,0
浙江,2025,综合,普通类一段,5144,西南科技大学,,物理、化学(2科必选),507,68434,,,0,四川,公办,0,0
浙江,2025,综合,普通类一段,5144,西南科技大学,,物理必选,564,91959,,,0,四川,公办,0,0
浙江,2025,综合,普通类一段,5145,西南民族大学,,不限,589,34376,,,0,四川,公办,0,0
浙江,2025,综合,普通类一段,5145,西南民族大学,,历史必选,590,63387,,,0,四川,公办,0,0
浙江,2025,综合,普通类一段,5145,西南民族大学,,物理、化学(2科必选),575,75664,,,0,四川,公办,0,0
浙江,2025,综合,普通类一段,5146,西南石油大学,,不限,614,26741,,,0,四川,公办,0,0
浙江,2025,综合,普通类一段,5146,西南石油大学,,历史、思想政治(2科必选),611,39983,,,0,四川,公办,0,0
浙江,2025,综合,普通类一段,5146,西南石油大学,,物理、化学(2科必选),606,36938,,,0,四川,公办,0,0
浙江,2025,综合,普通类一段,5147,宜宾学院,,不限,568,77451,,,0,四川,公办,0,0
浙江,2025,综合,普通类一段,5147,宜宾学院,,物理、化学(2科必选),531,128715,,,0,四川,公办,0,0
浙江,2025,综合,普通类一段,5148,中国民用航空飞行学院,,不限,568,80805,,,0,四川,公办,0,0
浙江,2025,综合,普通类一段,5148,中国民用航空飞行学院,,思想政治必选,579,76559,,,0,四川,公办,0,0
浙江,2025,综合,普通类一段,5148,中国民用航空飞行学院,,物理、化学(2科必选),527,62995,,,0,四川,公办,0,0
浙江,2025,综合,普通类一段,5148,中国民用航空飞行学院,,物理必选,509,78208,,,0,四川,公办,0,0
浙江,2025,综合,普通类一段,5151,四川旅游学院,,物理、化学(2科必选),490,184372,,,0,四川,公办,0,0
浙江,2025,综合,普通类一段,5152,四川化工职业技术学院,,不限,490,184372,,,0,四川,公办,0,0
浙江,2025,综合,普通类一段,5155,四川铁道职业学院,,物理必选,490,184372,,,0,四川,公办,0,0
浙江,2025,综合,普通类一段,5162,成都东软学院,,不限,541,123485,,,0,四川,民办,0,0
浙江,2025,综合,普通类一段,5162,成都东软学院,,物理、化学(2科必选),499,166619,,,0,四川,民办,0,0
浙江,2025,综合,普通类一段,5163,四川轻化工大学,,不限,577,52881,,,0,四川,公办,0,0
浙江,2025,综合,普通类一段,5163,四川轻化工大学,,物理、化学(2科必选),519,71668,,,0,四川,公办,0,0
浙江,2025,综合,普通类一段,5163,四川轻化工大学,,物理必选,547,115525,,,0,四川,公办,0,0
浙江,2025,综合,普通类一段,5164,攀枝花学院,,不限,575,81463,,,0,四川,公办,0,0
浙江,2025,综合,普通类一段,5164,攀枝花学院,,物理、化学(2科必选),530,136764,,,0,四川,公办,0,0
浙江,2025,综合,普通类一段,5165,四川电影电视学院,,不限,552,109084,,,0,四川,民办,0,0
浙江,2025,综合,普通类一段,5166,四川文化产业职业学院,,不限,490,181925,,,0,四川,公办,0,0
浙江,2025,综合,普通类一段,5168,四川航天职业技术学院,,不限,490,184372,,,0,四川,公办,0,0
浙江,2025,综合,普通类一段,5170,四川城市职业学院,,不限,490,184372,,,0,四川,民办,0,0
浙江,2025,综合,普通类一段,5179,德阳城市轨道交通职业学院,,不限,490,184372,,,0,四川,民办,0,0
浙江,2025,综合,普通类一段,5180,天府新区航空旅游职业学院,,不限,490,184372,,,0,四川,民办,0,0
浙江,2025,综合,普通类一段,5183,资阳口腔职业学院,,不限,490,184372,,,0,四川,民办,0,0
浙江,2025,综合,普通类一段,5190,西昌学院,,不限,557,103435,,,0,四川,公办,0,0
浙江,2025,综合,普通类一段,5190,西昌学院,,物理、化学(2科必选),526,141451,,,0,四川,公办,0,0
浙江,2025,综合,普通类一段,5193,四川工业科技学院,,物理、化学(2科必选),490,184372,,,0,四川,民办,0,0
浙江,2025,综合,普通类一段,5197,成都师范学院,,物理、化学(2科必选),544,119169,,,0,四川,公办,0,0
浙江,2025,综合,普通类一段,5197,成都师范学院,,物理必选,560,99757,,,0,四川,公办,0,0
浙江,2025,综合,普通类一段,52,浙江建设职业技术学院,,不限,490,161539,,,0,浙江,公办,0,0
浙江,2025,综合,普通类一段,5203,贵州工程应用技术学院,,不限,568,89974,,,0,贵州,公办,0,0
浙江,2025,综合,普通类一段,5203,贵州工程应用技术学院,,物理、化学(2科必选),501,162969,,,0,贵州,公办,0,0
浙江,2025,综合,普通类一段,5204,贵州医科大学,,化学必选,546,116777,,,0,贵州,公办,0,0
浙江,2025,综合,普通类一段,5204,贵州医科大学,,物理、化学(2科必选),493,38870,,,0,贵州,公办,0,0
浙江,2025,综合,普通类一段,5206,贵州中医药大学,,不限,573,52372,,,0,贵州,公办,0,0
浙江,2025,综合,普通类一段,5206,贵州中医药大学,,物理、化学(2科必选),506,93537,,,0,贵州,公办,0,0
浙江,2025,综合,普通类一段,5208,贵州财经大学,,物理必选,490,137846,,,0,贵州,公办,0,0
浙江,2025,综合,普通类一段,5209,贵州黔南经济学院,,不限,540,109922,,,0,贵州,民办,0,0
浙江,2025,综合,普通类一段,5210,贵州大学,,不限,604,20686,,,0,贵州,公办,0,1
浙江,2025,综合,普通类一段,5210,贵州大学,,物理、化学(2科必选),550,24363,,,0,贵州,公办,0,1
浙江,2025,综合,普通类一段,5210,贵州大学,,物理必选,585,69338,,,0,贵州,公办,0,1
浙江,2025,综合,普通类一段,5211,贵州黔南科技学院,,不限,540,124854,,,0,贵州,民办,0,0
浙江,2025,综合,普通类一段,5211,贵州黔南科技学院,,物理、化学(2科必选),490,184372,,,0,贵州,民办,0,0
浙江,2025,综合,普通类一段,5218,贵阳康养职业大学,,不限,561,95080,,,0,贵州,公办,0,0
浙江,2025,综合,普通类一段,5218,贵阳康养职业大学,,物理、化学(2科必选),496,167900,,,0,贵州,公办,0,0
浙江,2025,综合,普通类一段,5218,贵阳康养职业大学,,物理必选,497,147787,,,0,贵州,公办,0,0
浙江,2025,综合,普通类一段,5219,黔南民族师范学院,,不限,559,84695,,,0,贵州,公办,0,0
浙江,2025,综合,普通类一段,5219,黔南民族师范学院,,地理必选,567,91819,,,0,贵州,公办,0,0
浙江,2025,综合,普通类一段,5219,黔南民族师范学院,,物理、化学(2科必选),498,174813,,,0,贵州,公办,0,0
浙江,2025,综合,普通类一段,5220,遵义医科大学,,物理、化学(2科必选),562,46557,,,0,贵州,公办,0,0
浙江,2025,综合,普通类一段,5221,贵州理工学院,,物理、化学(2科必选),521,113573,,,0,贵州,公办,0,0
浙江,2025,综合,普通类一段,5222,贵州民族大学,,物理、化学(2科必选),500,142655,,,0,贵州,公办,0,0
浙江,2025,综合,普通类一段,5223,贵州师范大学,,不限,557,103970,,,0,贵州,公办,0,0
浙江,2025,综合,普通类一段,5223,贵州师范大学,,物理、化学(2科必选),507,163992,,,0,贵州,公办,0,0
浙江,2025,综合,普通类一段,5225,贵州师范学院,,物化生(3科必选),497,175635,,,0,贵州,公办,0,0
浙江,2025,综合,普通类一段,5225,贵州师范学院,,物理、化学(2科必选),510,143460,,,0,贵州,公办,0,0
浙江,2025,综合,普通类一段,5235,贵阳学院,,物理、化学(2科必选),515,149866,,,0,贵州,公办,0,0
浙江,2025,综合,普通类一段,53,浙江经贸职业技术学院,,不限,490,153804,,,0,浙江,公办,0,0
浙江,2025,综合,普通类一段,5301,楚雄师范学院,,不限,558,101851,,,0,云南,公办,0,0
浙江,2025,综合,普通类一段,5301,楚雄师范学院,,历史必选,566,92678,,,0,云南,公办,0,0
浙江,2025,综合,普通类一段,5301,楚雄师范学院,,地理必选,559,96860,,,0,云南,公办,0,0
浙江,2025,综合,普通类一段,5301,楚雄师范学院,,物理、化学(2科必选),506,163388,,,0,云南,公办,0,0
浙江,2025,综合,普通类一段,5301,楚雄师范学院,,物理必选,497,175524,,,0,云南,公办,0,0
浙江,2025,综合,普通类一段,5302,大理大学,,不限,571,60266,,,0,云南,公办,0,0
浙江,2025,综合,普通类一段,5302,大理大学,,物理、化学(2科必选),518,68327,,,0,云南,公办,0,0
浙江,2025,综合,普通类一段,5303,红河学院,,不限,559,94346,,,0,云南,公办,0,0
浙江,2025,综合,普通类一段,5303,红河学院,,物理、化学(2科必选),501,141671,,,0,云南,公办,0,0
浙江,2025,综合,普通类一段,5304,昆明理工大学,,不限,587,33035,,,0,云南,公办,0,0
浙江,2025,综合,普通类一段,5304,昆明理工大学,,化学、生物(2科必选),536,130146,,,0,云南,公办,0,0
浙江,2025,综合,普通类一段,5304,昆明理工大学,,历史必选,587,67576,,,0,云南,公办,0,0
浙江,2025,综合,普通类一段,5304,昆明理工大学,,物化生(3科必选),579,58143,,,0,云南,公办,0,0
浙江,2025,综合,普通类一段,5304,昆明理工大学,,物理、化学(2科必选),513,37785,,,0,云南,公办,0,0
浙江,2025,综合,普通类一段,5304,昆明理工大学,,物理必选,557,77327,,,0,云南,公办,0,0
浙江,2025,综合,普通类一段,5305,昆明理工大学津桥学院,,不限,531,101123,,,0,云南,民办,0,0
浙江,2025,综合,普通类一段,5305,昆明理工大学津桥学院,,物理、化学(2科必选),490,166402,,,0,云南,民办,0,0
浙江,2025,综合,普通类一段,5306,昆明冶金高等专科学校,,不限,490,184372,,,0,云南,公办,0,0
浙江,2025,综合,普通类一段,5307,昆明医科大学,,化学必选,528,138790,,,0,云南,公办,0,0
浙江,2025,综合,普通类一段,5307,昆明医科大学,,物理、化学(2科必选),530,23228,,,0,云南,公办,0,0
浙江,2025,综合,普通类一段,5308,昆明医科大学海源学院,,不限,544,99216,,,0,云南,民办,0,0
浙江,2025,综合,普通类一段,5308,昆明医科大学海源学院,,物理、化学(2科必选),490,150160,,,0,云南,民办,0,0
浙江,2025,综合,普通类一段,5308,昆明医科大学海源学院,,生物必选,543,97971,,,0,云南,民办,0,0
浙江,2025,综合,普通类一段,5310,曲靖师范学院,,不限,560,54413,,,0,云南,公办,0,0
浙江,2025,综合,普通类一段,5310,曲靖师范学院,,地理必选,573,84458,,,0,云南,公办,0,0
浙江,2025,综合,普通类一段,5310,曲靖师范学院,,思想政治必选,577,79397,,,0,云南,公办,0,0
浙江,2025,综合,普通类一段,5310,曲靖师范学院,,物理、化学(2科必选),500,148439,,,0,云南,公办,0,0
浙江,2025,综合,普通类一段,5311,西南林业大学,,不限,567,62667,,,0,云南,公办,0,0
浙江,2025,综合,普通类一段,5311,西南林业大学,,物理、化学(2科必选),521,92087,,,0,云南,公办,0,0
浙江,2025,综合,普通类一段,5311,西南林业大学,,生物必选,576,80673,,,0,云南,公办,0,0
浙江,2025,综合,普通类一段,5312,玉溪师范学院,,不限,559,87332,,,0,云南,公办,0,0
浙江,2025,综合,普通类一段,5312,玉溪师范学院,,物理、化学(2科必选),500,154907,,,0,云南,公办,0,0
浙江,2025,综合,普通类一段,5313,云南财经大学,,不限,569,58835,,,0,云南,公办,0,0
浙江,2025,综合,普通类一段,5313,云南财经大学,,物理、化学(2科必选),530,131399,,,0,云南,公办,0,0
浙江,2025,综合,普通类一段,5313,云南财经大学,,物理必选,514,110922,,,0,云南,公办,0,0
浙江,2025,综合,普通类一段,5314,云南大学,,不限,627,16097,,,0,云南,公办,0,1
浙江,2025,综合,普通类一段,5314,云南大学,,历史必选,644,12181,,,0,云南,公办,0,1
浙江,2025,综合,普通类一段,5314,云南大学,,史政地(3科必选),631,14413,,,0,云南,公办,0,1
浙江,2025,综合,普通类一段,5314,云南大学,,地理必选,635,19848,,,0,云南,公办,0,1
浙江,2025,综合,普通类一段,5314,云南大学,,思想政治必选,643,13350,,,0,云南,公办,0,1
浙江,2025,综合,普通类一段,5314,云南大学,,物化生(3科必选),587,22568,,,0,云南,公办,0,1
浙江,2025,综合,普通类一段,5314,云南大学,,物理、化学(2科必选),577,22537,,,0,云南,公办,0,1
浙江,2025,综合,普通类一段,5314,云南大学,,物理必选,598,30462,,,0,云南,公办,0,1
浙江,2025,综合,普通类一段,5315,滇池学院,,不限,526,109689,,,0,云南,民办,0,0
浙江,2025,综合,普通类一段,5315,滇池学院,,历史必选,536,112213,,,0,云南,民办,0,0
浙江,2025,综合,普通类一段,5315,滇池学院,,物理必选,490,184372,,,0,云南,民办,0,0
浙江,2025,综合,普通类一段,5316,丽江文化旅游学院,,不限,490,117810,,,0,云南,民办,0,0
浙江,2025,综合,普通类一段,5316,丽江文化旅游学院,,化学必选,494,174678,,,0,云南,民办,0,0
浙江,2025,综合,普通类一段,5319,云南民族大学,,不限,565,92772,,,0,云南,公办,0,0
浙江,2025,综合,普通类一段,5319,云南民族大学,,史政地(3科必选),582,73208,,,0,云南,公办,0,0
浙江,2025,综合,普通类一段,5319,云南民族大学,,物理、化学(2科必选),490,121573,,,0,云南,公办,0,0
浙江,2025,综合,普通类一段,5320,云南农业大学,,不限,518,74834,,,12,云南,公办,0,0
浙江,2025,综合,普通类一段,5320,云南农业大学,,物理、化学(2科必选),511,98035,,,41,云南,公办,0,0
浙江,2025,综合,普通类一段,5321,云南师范大学,,不限,564,35739,,,0,云南,公办,0,0
浙江,2025,综合,普通类一段,5321,云南师范大学,,物理、化学(2科必选),527,89018,,,0,云南,公办,0,0
浙江,2025,综合,普通类一段,5322,昆明城市学院,,不限,490,108158,,,0,云南,民办,0,0
浙江,2025,综合,普通类一段,5323,昆明文理学院,,不限,525,122358,,,0,云南,民办,0,0
浙江,2025,综合,普通类一段,5325,云南经济管理学院,,不限,528,130666,,,0,云南,民办,0,0
浙江,2025,综合,普通类一段,5325,云南经济管理学院,,物理、化学(2科必选),490,184372,,,0,云南,民办,0,0
浙江,2025,综合,普通类一段,5325,云南经济管理学院,,生物必选,542,121897,,,0,云南,民办,0,0
浙江,2025,综合,普通类一段,5330,文山学院,,不限,558,98736,,,0,云南,公办,0,0
浙江,2025,综合,普通类一段,5331,云南医药健康职业学院,,不限,490,184372,,,0,云南,民办,0,0
浙江,2025,综合,普通类一段,5332,普洱学院,,物理、化学(2科必选),492,163938,,,0,云南,公办,0,0
浙江,2025,综合,普通类一段,5333,云南艺术学院,,不限,557,95332,,,0,云南,公办,0,0
浙江,2025,综合,普通类一段,5335,云南工商学院,,不限,531,127502,,,0,云南,民办,0,0
浙江,2025,综合,普通类一段,5335,云南工商学院,,化学必选,506,165620,,,0,云南,民办,0,0
浙江,2025,综合,普通类一段,5335,云南工商学院,,物理、化学(2科必选),490,184372,,,0,云南,民办,0,0
浙江,2025,综合,普通类一段,5338,昆明卫生职业学院,,不限,508,163872,,,0,云南,民办,0,0
浙江,2025,综合,普通类一段,54,浙江育英职业技术学院,,不限,490,184372,,,0,浙江,民办,0,0
浙江,2025,综合,普通类一段,5401,西藏大学,,不限,599,53169,,,0,西藏,公办,0,1
浙江,2025,综合,普通类一段,5401,西藏大学,,历史、思想政治(2科必选),599,52816,,,0,西藏,公办,0,1
浙江,2025,综合,普通类一段,5401,西藏大学,,史政地(3科必选),609,42449,,,0,西藏,公办,0,1
浙江,2025,综合,普通类一段,5401,西藏大学,,物化生(3科必选),570,87189,,,0,西藏,公办,0,1
浙江,2025,综合,普通类一段,5401,西藏大学,,物理、化学(2科必选),544,73843,,,0,西藏,公办,0,1
浙江,2025,综合,普通类一段,55,浙江东方职业技术学院,,不限,490,184372,,,0,浙江,民办,0,0
浙江,2025,综合,普通类一段,56,浙江长征职业技术学院,,不限,490,184372,,,0,浙江,民办,0,0
浙江,2025,综合,普通类一段,58,浙江纺织服装职业技术学院,,不限,490,168160,,,0,浙江,公办,0,0
浙江,2025,综合,普通类一段,59,浙江广厦建设职业技术大学,,不限,490,121935,,,0,浙江,民办,0,0
浙江,2025,综合,普通类一段,59,浙江广厦建设职业技术大学,,物理必选,490,177798,,,0,浙江,民办,0,0
浙江,2025,综合,普通类一段,6,杭州电子科技大学,,不限,617,26390,,,0,浙江,公办,0,0
浙江,2025,综合,普通类一段,6,杭州电子科技大学,,物理、化学(2科必选),617,13129,,,0,浙江,公办,0,0
浙江,2025,综合,普通类一段,6,杭州电子科技大学,,物理必选,618,31438,,,0,浙江,公办,0,0
浙江,2025,综合,普通类一段,60,杭州职业技术大学,,不限,510,93854,,,0,浙江,公办,0,0
浙江,2025,综合,普通类一段,60,杭州职业技术大学,,物理必选,518,137810,,,0,浙江,公办,0,0
浙江,2025,综合,普通类一段,61,金华职业技术大学,,不限,510,82929,,,0,浙江,公办,0,0
浙江,2025,综合,普通类一段,61,金华职业技术大学,,物理必选,521,126741,,,0,浙江,公办,0,0
浙江,2025,综合,普通类一段,6101,宝鸡文理学院,,不限,562,90631,,,6,陕西,公办,0,0
浙江,2025,综合,普通类一段,6101,宝鸡文理学院,,物理、化学(2科必选),524,144669,,,3,陕西,公办,0,0
浙江,2025,综合,普通类一段,6101,宝鸡文理学院,,物理、地理(2科必选),526,139942,,,4,陕西,公办,0,0
浙江,2025,综合,普通类一段,6101,宝鸡文理学院,,物理必选,518,152037,,,2,陕西,公办,0,0
浙江,2025,综合,普通类一段,6102,长安大学,,不限,628,16735,,,0,陕西,公办,0,1
浙江,2025,综合,普通类一段,6102,长安大学,,思想政治必选,637,18499,,,0,陕西,公办,0,1
浙江,2025,综合,普通类一段,6102,长安大学,,物理、化学(2科必选),595,11488,,,0,陕西,公办,0,1
浙江,2025,综合,普通类一段,6102,长安大学,,物理必选,616,22706,,,0,陕西,公办,0,1
浙江,2025,综合,普通类一段,6103,陕西服装工程学院,,不限,490,130063,,,0,陕西,民办,0,0
浙江,2025,综合,普通类一段,6103,陕西服装工程学院,,物理、化学(2科必选),490,184372,,,0,陕西,民办,0,0
浙江,2025,综合,普通类一段,6104,陕西交通职业技术学院,,不限,490,164401,,,0,陕西,公办,0,0
浙江,2025,综合,普通类一段,6105,陕西科技大学,,不限,579,66534,,,0,陕西,公办,0,0
浙江,2025,综合,普通类一段,6105,陕西科技大学,,物理、化学(2科必选),544,59802,,,0,陕西,公办,0,0
浙江,2025,综合,普通类一段,6105,陕西科技大学,,物理必选,562,96843,,,0,陕西,公办,0,0
浙江,2025,综合,普通类一段,6106,陕西科技大学镐京学院,,不限,520,126172,,,0,陕西,民办,0,0
浙江,2025,综合,普通类一段,6107,陕西理工大学,,不限,565,62397,,,0,陕西,公办,0,0
浙江,2025,综合,普通类一段,6107,陕西理工大学,,地理必选,589,64274,,,0,陕西,公办,0,0
浙江,2025,综合,普通类一段,6107,陕西理工大学,,思想政治必选,573,83913,,,0,陕西,公办,0,0
浙江,2025,综合,普通类一段,6107,陕西理工大学,,物理、化学(2科必选),506,83406,,,0,陕西,公办,0,0
浙江,2025,综合,普通类一段,6108,陕西师范大学,,不限,639,13674,,,0,陕西,公办,0,1
浙江,2025,综合,普通类一段,6108,陕西师范大学,,历史必选,651,9602,,,0,陕西,公办,0,1
浙江,2025,综合,普通类一段,6108,陕西师范大学,,地理必选,649,11392,,,0,陕西,公办,0,1
浙江,2025,综合,普通类一段,6108,陕西师范大学,,思想政治必选,641,16002,,,0,陕西,公办,0,1
浙江,2025,综合,普通类一段,6108,陕西师范大学,,物理、化学(2科必选),598,16225,,,0,陕西,公办,0,1
浙江,2025,综合,普通类一段,6108,陕西师范大学,,物理、生物(2科必选),619,32267,,,0,陕西,公办,0,1
浙江,2025,综合,普通类一段,6108,陕西师范大学,,物理必选,625,27424,,,0,陕西,公办,0,1
浙江,2025,综合,普通类一段,6111,陕西中医药大学,,不限,613,38710,,,0,陕西,公办,0,0
浙江,2025,综合,普通类一段,6111,陕西中医药大学,,物理、化学(2科必选),586,66409,,,0,陕西,公办,0,0
浙江,2025,综合,普通类一段,6112,渭南师范学院,,不限,542,90631,,,15,陕西,公办,0,0
浙江,2025,综合,普通类一段,6112,渭南师范学院,,物理、化学(2科必选),512,148397,,,2,陕西,公办,0,0
浙江,2025,综合,普通类一段,6113,西安财经大学,,不限,577,37429,,,0,陕西,公办,0,0
浙江,2025,综合,普通类一段,6113,西安财经大学,,物理、化学(2科必选),572,85722,,,0,陕西,公办,0,0
浙江,2025,综合,普通类一段,6113,西安财经大学,,物理必选,556,89117,,,0,陕西,公办,0,0
浙江,2025,综合,普通类一段,6114,西安财经大学行知学院,,不限,540,116855,,,0,陕西,民办,0,0
浙江,2025,综合,普通类一段,6114,西安财经大学行知学院,,物理必选,490,184372,,,0,陕西,民办,0,0
浙江,2025,综合,普通类一段,6116,西安电子科技大学,,物理、化学(2科必选),642,9859,,,0,陕西,公办,0,1
浙江,2025,综合,普通类一段,6116,西安电子科技大学,,物理必选,637,12984,,,0,陕西,公办,0,1
浙江,2025,综合,普通类一段,6118,西安翻译学院,,不限,525,135792,,,0,陕西,民办,0,0
浙江,2025,综合,普通类一段,6118,西安翻译学院,,化学必选,502,169812,,,0,陕西,民办,0,0
浙江,2025,综合,普通类一段,6118,西安翻译学院,,物理、化学(2科必选),490,184372,,,0,陕西,民办,0,0
浙江,2025,综合,普通类一段,6119,西安工程大学,,不限,567,79392,,,0,陕西,公办,0,0
浙江,2025,综合,普通类一段,6119,西安工程大学,,物理、化学(2科必选),527,121589,,,0,陕西,公办,0,0
浙江,2025,综合,普通类一段,6120,西安工业大学,,不限,597,55421,,,0,陕西,公办,0,0
浙江,2025,综合,普通类一段,6120,西安工业大学,,物理、化学(2科必选),565,51641,,,0,陕西,公办,0,0
浙江,2025,综合,普通类一段,6120,西安工业大学,,物理必选,581,74129,,,0,陕西,公办,0,0
浙江,2025,综合,普通类一段,6121,西安工商学院,,不限,490,118014,,,0,陕西,民办,0,0
浙江,2025,综合,普通类一段,6121,西安工商学院,,物理、化学(2科必选),493,180172,,,0,陕西,民办,0,0
浙江,2025,综合,普通类一段,6121,西安工商学院,,物理必选,490,184372,,,0,陕西,民办,0,0
浙江,2025,综合,普通类一段,6123,西安航空学院,,不限,564,94671,,,0,陕西,公办,0,0
浙江,2025,综合,普通类一段,6123,西安航空学院,,物理、化学(2科必选),496,117129,,,0,陕西,公办,0,0
浙江,2025,综合,普通类一段,6125,西安建筑科技大学,,不限,585,37434,,,0,陕西,公办,0,0
浙江,2025,综合,普通类一段,6125,西安建筑科技大学,,物理、化学(2科必选),541,42965,,,0,陕西,公办,0,0
浙江,2025,综合,普通类一段,6125,西安建筑科技大学,,物理必选,559,72210,,,0,陕西,公办,0,0
浙江,2025,综合,普通类一段,6126,西安建筑科技大学华清学院,,不限,541,123534,,,0,陕西,民办,0,0
浙江,2025,综合,普通类一段,6126,西安建筑科技大学华清学院,,物理、化学(2科必选),492,173675,,,0,陕西,民办,0,0
浙江,2025,综合,普通类一段,6127,西安交通大学,,历史必选,665,4604,,,0,陕西,公办,1,1
浙江,2025,综合,普通类一段,6127,西安交通大学,,物理、化学(2科必选),636,2541,,,0,陕西,公办,1,1
浙江,2025,综合,普通类一段,6127,西安交通大学,,物理必选,658,7761,,,0,陕西,公办,1,1
浙江,2025,综合,普通类一段,6128,西安科技大学,,不限,584,71030,,,0,陕西,公办,0,0
浙江,2025,综合,普通类一段,6128,西安科技大学,,地理必选,593,60237,,,0,陕西,公办,0,0
浙江,2025,综合,普通类一段,6128,西安科技大学,,物理、化学(2科必选),547,59439,,,0,陕西,公办,0,0
浙江,2025,综合,普通类一段,6128,西安科技大学,,物理必选,588,65715,,,0,陕西,公办,0,0
浙江,2025,综合,普通类一段,6129,西安科技大学高新学院,,不限,540,124757,,,0,陕西,民办,0,0
浙江,2025,综合,普通类一段,6129,西安科技大学高新学院,,物理、化学(2科必选),490,184372,,,0,陕西,民办,0,0
浙江,2025,综合,普通类一段,6130,西安理工大学,,物理、化学(2科必选),557,35406,,,0,陕西,公办,0,0
浙江,2025,综合,普通类一段,6130,西安理工大学,,物理必选,588,57041,,,0,陕西,公办,0,0
浙江,2025,综合,普通类一段,6131,西安理工大学高科学院,,物理、化学(2科必选),496,176872,,,0,陕西,民办,0,0
浙江,2025,综合,普通类一段,6132,西安美术学院,,不限,570,79752,,,0,陕西,公办,0,0
浙江,2025,综合,普通类一段,6133,西安欧亚学院,,不限,525,115883,,,0,陕西,民办,0,0
浙江,2025,综合,普通类一段,6133,西安欧亚学院,,物理、化学(2科必选),490,184372,,,0,陕西,民办,0,0
浙江,2025,综合,普通类一段,6133,西安欧亚学院,,物理必选,490,184372,,,0,陕西,民办,0,0
浙江,2025,综合,普通类一段,6134,西安培华学院,,不限,530,111482,,,0,陕西,民办,0,0
浙江,2025,综合,普通类一段,6134,西安培华学院,,物理、化学(2科必选),486,166262,,,0,陕西,民办,0,0
浙江,2025,综合,普通类一段,6134,西安培华学院,,物理必选,481,193949,,,0,陕西,民办,0,0
浙江,2025,综合,普通类一段,6134,西安培华学院,,生物必选,563,96769,,,0,陕西,民办,0,0
浙江,2025,综合,普通类一段,6135,西安石油大学,,不限,582,73446,,,0,陕西,公办,0,0
浙江,2025,综合,普通类一段,6135,西安石油大学,,物理、化学(2科必选),518,70139,,,0,陕西,公办,0,0
浙江,2025,综合,普通类一段,6136,西安思源学院,,不限,490,114914,,,0,陕西,民办,0,0
浙江,2025,综合,普通类一段,6136,西安思源学院,,物理、化学(2科必选),499,174091,,,0,陕西,民办,0,0
浙江,2025,综合,普通类一段,6136,西安思源学院,,生物必选,548,114764,,,0,陕西,民办,0,0
浙江,2025,综合,普通类一段,6138,西安铁路职业技术学院,,不限,490,180425,,,0,陕西,公办,0,0
浙江,2025,综合,普通类一段,6139,西安外国语大学,,不限,528,29408,,,0,陕西,公办,0,0
浙江,2025,综合,普通类一段,6139,西安外国语大学,,物理、化学(2科必选),578,77828,,,0,陕西,公办,0,0
浙江,2025,综合,普通类一段,6140,西安外事学院,,不限,490,132255,,,0,陕西,民办,0,0
浙江,2025,综合,普通类一段,6141,西安文理学院,,不限,563,85263,,,0,陕西,公办,0,0
浙江,2025,综合,普通类一段,6141,西安文理学院,,历史必选,565,74813,,,0,陕西,公办,0,0
浙江,2025,综合,普通类一段,6141,西安文理学院,,物理、化学(2科必选),524,133855,,,0,陕西,公办,0,0
浙江,2025,综合,普通类一段,6142,西安音乐学院,,不限,571,86583,,,0,陕西,公办,0,0
浙江,2025,综合,普通类一段,6143,西安邮电大学,,物理、化学(2科必选),584,37014,,,0,陕西,公办,0,0
浙江,2025,综合,普通类一段,6144,西北大学,,不限,628,12317,,,0,陕西,公办,0,1
浙江,2025,综合,普通类一段,6144,西北大学,,化学必选,609,22032,,,0,陕西,公办,0,1
浙江,2025,综合,普通类一段,6144,西北大学,,历史必选,633,9140,,,0,陕西,公办,0,1
浙江,2025,综合,普通类一段,6144,西北大学,,物理、化学(2科必选),616,14764,,,0,陕西,公办,0,1
浙江,2025,综合,普通类一段,6144,西北大学,,物理、地理(2科必选),622,29732,,,0,陕西,公办,0,1
浙江,2025,综合,普通类一段,6144,西北大学,,物理必选,626,24147,,,0,陕西,公办,0,1
浙江,2025,综合,普通类一段,6145,西北工业大学,,物理、化学(2科必选),644,4697,,,0,陕西,公办,1,1
浙江,2025,综合,普通类一段,6146,西安明德理工学院,,不限,490,121377,,,0,陕西,民办,0,0
浙江,2025,综合,普通类一段,6146,西安明德理工学院,,物理、化学(2科必选),490,175822,,,0,陕西,民办,0,0
浙江,2025,综合,普通类一段,6147,西北农林科技大学,,不限,644,11707,,,0,陕西,公办,1,1
浙江,2025,综合,普通类一段,6147,西北农林科技大学,,物化生(3科必选),636,17957,,,0,陕西,公办,1,1
浙江,2025,综合,普通类一段,6147,西北农林科技大学,,物理、化学(2科必选),611,13375,,,0,陕西,公办,1,1
浙江,2025,综合,普通类一段,6147,西北农林科技大学,,物理、地理(2科必选),642,15260,,,0,陕西,公办,1,1
浙江,2025,综合,普通类一段,6147,西北农林科技大学,,物理必选,634,19760,,,0,陕西,公办,1,1
浙江,2025,综合,普通类一段,6148,西北政法大学,,不限,637,9476,,,0,陕西,公办,0,0
浙江,2025,综合,普通类一段,6149,西京学院,,不限,532,121418,,,16,陕西,民办,0,0
浙江,2025,综合,普通类一段,6149,西京学院,,思想政治必选,537,125245,,,8,陕西,民办,0,0
浙江,2025,综合,普通类一段,6149,西京学院,,物理、化学(2科必选),490,178870,,,14,陕西,民办,0,0
浙江,2025,综合,普通类一段,6149,西京学院,,物理必选,492,180003,,,8,陕西,民办,0,0
浙江,2025,综合,普通类一段,6150,咸阳师范学院,,不限,549,89443,,,6,陕西,公办,0,0
浙江,2025,综合,普通类一段,6150,咸阳师范学院,,物理、化学(2科必选),511,160384,,,2,陕西,公办,0,0
浙江,2025,综合,普通类一段,6150,咸阳师范学院,,物理必选,520,149572,,,2,陕西,公办,0,0
浙江,2025,综合,普通类一段,6151,延安大学,,不限,580,57019,,,6,陕西,公办,0,0
浙江,2025,综合,普通类一段,6151,延安大学,,物理、化学(2科必选),498,98035,,,19,陕西,公办,0,0
浙江,2025,综合,普通类一段,6152,陕西国际商贸学院,,不限,529,125118,,,0,陕西,民办,0,0
浙江,2025,综合,普通类一段,6153,西安交通大学城市学院,,不限,540,110445,,,0,陕西,民办,0,0
浙江,2025,综合,普通类一段,6153,西安交通大学城市学院,,物理、化学(2科必选),499,170446,,,0,陕西,民办,0,0
浙江,2025,综合,普通类一段,6154,西安交通工程学院,,不限,490,133743,,,0,陕西,民办,0,0
浙江,2025,综合,普通类一段,6154,西安交通工程学院,,物理、化学(2科必选),490,183988,,,0,陕西,民办,0,0
浙江,2025,综合,普通类一段,6154,西安交通工程学院,,物理必选,491,183004,,,0,陕西,民办,0,0
浙江,2025,综合,普通类一段,6156,商洛学院,,不限,562,97672,,,0,陕西,公办,0,0
浙江,2025,综合,普通类一段,6156,商洛学院,,物理、化学(2科必选),516,144712,,,0,陕西,公办,0,0
浙江,2025,综合,普通类一段,6156,商洛学院,,物理必选,526,141177,,,0,陕西,公办,0,0
浙江,2025,综合,普通类一段,6157,商洛职业技术学院,,不限,490,184372,,,0,陕西,公办,0,0
浙江,2025,综合,普通类一段,62,义乌工商职业技术学院,,不限,490,179964,,,0,浙江,公办,0,0
浙江,2025,综合,普通类一段,6203,兰州城市学院,,不限,554,93660,,,0,甘肃,公办,0,0
浙江,2025,综合,普通类一段,6203,兰州城市学院,,思想政治必选,559,100156,,,0,甘肃,公办,0,0
浙江,2025,综合,普通类一段,6204,兰州大学,,不限,647,9904,,,0,甘肃,公办,1,1
浙江,2025,综合,普通类一段,6204,兰州大学,,历史必选,651,10355,,,0,甘肃,公办,1,1
浙江,2025,综合,普通类一段,6204,兰州大学,,思想政治必选,649,11732,,,0,甘肃,公办,1,1
浙江,2025,综合,普通类一段,6204,兰州大学,,物理、化学(2科必选),642,10363,,,0,甘肃,公办,1,1
浙江,2025,综合,普通类一段,6205,兰州交通大学,,不限,568,66954,,,0,甘肃,公办,0,0
浙江,2025,综合,普通类一段,6205,兰州交通大学,,物理、化学(2科必选),547,34239,,,0,甘肃,公办,0,0
浙江,2025,综合,普通类一段,6205,兰州交通大学,,物理、地理(2科必选),563,95653,,,0,甘肃,公办,0,0
浙江,2025,综合,普通类一段,6205,兰州交通大学,,物理必选,556,99247,,,0,甘肃,公办,0,0
浙江,2025,综合,普通类一段,6206,兰州博文科技学院,,不限,536,122436,,,0,甘肃,民办,0,0
浙江,2025,综合,普通类一段,6206,兰州博文科技学院,,物理、化学(2科必选),490,180824,,,0,甘肃,民办,0,0
浙江,2025,综合,普通类一段,6207,兰州理工大学,,不限,544,59973,,,0,甘肃,公办,0,0
浙江,2025,综合,普通类一段,6207,兰州理工大学,,物理、化学(2科必选),519,71468,,,0,甘肃,公办,0,0
浙江,2025,综合,普通类一段,6208,兰州信息科技学院,,不限,533,133556,,,0,甘肃,民办,0,0
浙江,2025,综合,普通类一段,6208,兰州信息科技学院,,物理、化学(2科必选),490,184372,,,0,甘肃,民办,0,0
浙江,2025,综合,普通类一段,6209,兰州财经大学,,不限,563,64944,,,0,甘肃,公办,0,0
浙江,2025,综合,普通类一段,6209,兰州财经大学,,地理必选,565,93795,,,0,甘肃,公办,0,0
浙江,2025,综合,普通类一段,6209,兰州财经大学,,物理、化学(2科必选),523,126856,,,0,甘肃,公办,0,0
浙江,2025,综合,普通类一段,6209,兰州财经大学,,物理必选,490,128722,,,0,甘肃,公办,0,0
浙江,2025,综合,普通类一段,6210,兰州资源环境职业技术大学,,不限,494,173446,,,0,甘肃,公办,0,0
浙江,2025,综合,普通类一段,6210,兰州资源环境职业技术大学,,物理必选,509,151009,,,0,甘肃,公办,0,0
浙江,2025,综合,普通类一段,6211,兰州工商学院,,不限,530,123376,,,0,甘肃,民办,0,0
浙江,2025,综合,普通类一段,6211,兰州工商学院,,历史、思想政治(2科必选),545,113642,,,0,甘肃,民办,0,0
浙江,2025,综合,普通类一段,6211,兰州工商学院,,物理、化学(2科必选),490,184372,,,0,甘肃,民办,0,0
浙江,2025,综合,普通类一段,6211,兰州工商学院,,物理必选,490,184372,,,0,甘肃,民办,0,0
浙江,2025,综合,普通类一段,6213,天水师范大学,,不限,566,90631,,,0,甘肃,公办,0,0
浙江,2025,综合,普通类一段,6213,天水师范大学,,物理、化学(2科必选),499,153310,,,0,甘肃,公办,0,0
浙江,2025,综合,普通类一段,6214,西北民族大学,,不限,565,91822,,,0,甘肃,公办,0,0
浙江,2025,综合,普通类一段,6214,西北民族大学,,历史必选,560,77031,,,0,甘肃,公办,0,0
浙江,2025,综合,普通类一段,6214,西北民族大学,,思想政治必选,591,62611,,,0,甘肃,公办,0,0
浙江,2025,综合,普通类一段,6214,西北民族大学,,物理、化学(2科必选),490,127849,,,0,甘肃,公办,0,0
浙江,2025,综合,普通类一段,6214,西北民族大学,,物理必选,533,133313,,,0,甘肃,公办,0,0
浙江,2025,综合,普通类一段,6215,西北师范大学,,不限,564,58111,,,0,甘肃,公办,0,0
浙江,2025,综合,普通类一段,6215,西北师范大学,,历史必选,610,41564,,,0,甘肃,公办,0,0
浙江,2025,综合,普通类一段,6215,西北师范大学,,地理必选,601,51398,,,0,甘肃,公办,0,0
浙江,2025,综合,普通类一段,6215,西北师范大学,,物理、化学(2科必选),498,81081,,,0,甘肃,公办,0,0
浙江,2025,综合,普通类一段,6215,西北师范大学,,物理必选,570,87680,,,0,甘肃,公办,0,0
浙江,2025,综合,普通类一段,6217,甘肃农业大学,,不限,564,88938,,,0,甘肃,公办,0,0
浙江,2025,综合,普通类一段,6217,甘肃农业大学,,物理、化学(2科必选),513,140891,,,0,甘肃,公办,0,0
浙江,2025,综合,普通类一段,6218,甘肃政法大学,,不限,585,49435,,,0,甘肃,公办,0,0
浙江,2025,综合,普通类一段,6218,甘肃政法大学,,思想政治必选,588,60178,,,0,甘肃,公办,0,0
浙江,2025,综合,普通类一段,6218,甘肃政法大学,,物理、化学(2科必选),535,70179,,,0,甘肃,公办,0,0
浙江,2025,综合,普通类一段,6218,甘肃政法大学,,物理必选,527,140866,,,0,甘肃,公办,0,0
浙江,2025,综合,普通类一段,6219,兰州石化职业技术大学,,不限,490,163228,,,0,甘肃,公办,0,0
浙江,2025,综合,普通类一段,6219,兰州石化职业技术大学,,历史必选,560,99451,,,0,甘肃,公办,0,0
浙江,2025,综合,普通类一段,6219,兰州石化职业技术大学,,物理、化学(2科必选),490,159517,,,0,甘肃,公办,0,0
浙江,2025,综合,普通类一段,6219,兰州石化职业技术大学,,物理必选,520,139217,,,0,甘肃,公办,0,0
浙江,2025,综合,普通类一段,6220,甘肃中医药大学,,不限,590,30736,,,0,甘肃,公办,0,0
浙江,2025,综合,普通类一段,6220,甘肃中医药大学,,化学必选,530,136502,,,0,甘肃,公办,0,0
浙江,2025,综合,普通类一段,6220,甘肃中医药大学,,物理、化学(2科必选),502,90150,,,0,甘肃,公办,0,0
浙江,2025,综合,普通类一段,6221,陇东学院,,不限,566,92131,,,0,甘肃,公办,0,0
浙江,2025,综合,普通类一段,6221,陇东学院,,物理、化学(2科必选),505,140279,,,0,甘肃,公办,0,0
浙江,2025,综合,普通类一段,6222,兰州工业学院,,物理、化学(2科必选),490,130303,,,0,甘肃,公办,0,0
浙江,2025,综合,普通类一段,6228,甘肃林业职业技术大学,,不限,553,108521,,,0,甘肃,公办,0,0
浙江,2025,综合,普通类一段,6228,甘肃林业职业技术大学,,物理必选,492,167740,,,0,甘肃,公办,0,0
浙江,2025,综合,普通类一段,63,宁波职业技术大学,,不限,503,94336,,,0,浙江,公办,0,0
浙江,2025,综合,普通类一段,63,宁波职业技术大学,,物理必选,518,136046,,,0,浙江,公办,0,0
浙江,2025,综合,普通类一段,6301,青海大学,,不限,610,21613,,,0,青海,公办,0,1
浙江,2025,综合,普通类一段,6301,青海大学,,物化生(3科必选),565,33037,,,0,青海,公办,0,1
浙江,2025,综合,普通类一段,6301,青海大学,,物理、化学(2科必选),544,27252,,,0,青海,公办,0,1
浙江,2025,综合,普通类一段,6301,青海大学,,物理必选,585,48596,,,0,青海,公办,0,1
浙江,2025,综合,普通类一段,6303,青海民族大学,,不限,564,90236,,,0,青海,公办,0,0
浙江,2025,综合,普通类一段,6303,青海民族大学,,历史必选,561,85739,,,0,青海,公办,0,0
浙江,2025,综合,普通类一段,6303,青海民族大学,,思想政治必选,582,73033,,,0,青海,公办,0,0
浙江,2025,综合,普通类一段,6303,青海民族大学,,物理、化学(2科必选),504,158294,,,0,青海,公办,0,0
浙江,2025,综合,普通类一段,6303,青海民族大学,,物理、地理(2科必选),490,184372,,,0,青海,公办,0,0
浙江,2025,综合,普通类一段,6305,青海理工学院,,物理、化学(2科必选),497,147184,,,0,青海,公办,0,0
浙江,2025,综合,普通类一段,6305,青海理工学院,,物理必选,508,149836,,,0,青海,公办,0,0
浙江,2025,综合,普通类一段,64,温州职业技术学院,,不限,490,151708,,,0,浙江,公办,0,0
浙江,2025,综合,普通类一段,6404,北方民族大学,,不限,570,87575,,,0,宁夏,公办,0,0
浙江,2025,综合,普通类一段,6404,北方民族大学,,思想政治必选,572,85567,,,0,宁夏,公办,0,0
浙江,2025,综合,普通类一段,6404,北方民族大学,,物理、化学(2科必选),509,113376,,,0,宁夏,公办,0,0
浙江,2025,综合,普通类一段,6405,宁夏大学,,不限,601,40521,,,0,宁夏,公办,0,1
浙江,2025,综合,普通类一段,6405,宁夏大学,,物理、化学(2科必选),557,57194,,,0,宁夏,公办,0,1
浙江,2025,综合,普通类一段,6406,宁夏大学新华学院,,不限,540,124925,,,0,宁夏,民办,0,0
浙江,2025,综合,普通类一段,6408,宁夏理工学院,,不限,520,124287,,,0,宁夏,民办,0,0
浙江,2025,综合,普通类一段,6408,宁夏理工学院,,思想政治必选,533,133496,,,0,宁夏,民办,0,0
浙江,2025,综合,普通类一段,6408,宁夏理工学院,,物理、化学(2科必选),490,184372,,,0,宁夏,民办,0,0
浙江,2025,综合,普通类一段,6409,宁夏医科大学,,不限,565,93926,,,0,宁夏,公办,0,0
浙江,2025,综合,普通类一段,6409,宁夏医科大学,,化学、生物(2科必选),524,144306,,,0,宁夏,公办,0,0
浙江,2025,综合,普通类一段,6409,宁夏医科大学,,物理、化学(2科必选),516,38939,,,0,宁夏,公办,0,0
浙江,2025,综合,普通类一段,6417,银川科技学院,,不限,500,173119,,,0,宁夏,民办,0,0
浙江,2025,综合,普通类一段,65,浙江越秀外国语学院,,不限,490,98027,,,0,浙江,民办,0,0
浙江,2025,综合,普通类一段,65,浙江越秀外国语学院,,物理、化学(2科必选),495,177078,,,0,浙江,民办,0,0
浙江,2025,综合,普通类一段,65,浙江越秀外国语学院,,物理必选,490,173050,,,0,浙江,民办,0,0
浙江,2025,综合,普通类一段,6501,石河子大学,,不限,597,36275,,,0,新疆,公办,0,1
浙江,2025,综合,普通类一段,6501,石河子大学,,物化生(3科必选),569,88306,,,0,新疆,公办,0,1
浙江,2025,综合,普通类一段,6501,石河子大学,,物理、化学(2科必选),546,35221,,,0,新疆,公办,0,1
浙江,2025,综合,普通类一段,6501,石河子大学,,物理必选,576,79984,,,0,新疆,公办,0,1
浙江,2025,综合,普通类一段,6502,新疆财经大学,,不限,554,85001,,,0,新疆,公办,0,0
浙江,2025,综合,普通类一段,6502,新疆财经大学,,历史、思想政治(2科必选),562,87971,,,0,新疆,公办,0,0
浙江,2025,综合,普通类一段,6502,新疆财经大学,,思想政治必选,558,86926,,,0,新疆,公办,0,0
浙江,2025,综合,普通类一段,6502,新疆财经大学,,物理、化学(2科必选),511,141854,,,0,新疆,公办,0,0
浙江,2025,综合,普通类一段,6502,新疆财经大学,,物理必选,497,125352,,,0,新疆,公办,0,0
浙江,2025,综合,普通类一段,6503,新疆科技学院,,不限,554,106257,,,0,新疆,公办,0,0
浙江,2025,综合,普通类一段,6503,新疆科技学院,,思想政治必选,554,106876,,,0,新疆,公办,0,0
浙江,2025,综合,普通类一段,6503,新疆科技学院,,物理、化学(2科必选),490,164122,,,0,新疆,公办,0,0
浙江,2025,综合,普通类一段,6503,新疆科技学院,,物理必选,490,184372,,,0,新疆,公办,0,0
浙江,2025,综合,普通类一段,6503,新疆科技学院,,生物必选,555,105915,,,0,新疆,公办,0,0
浙江,2025,综合,普通类一段,6504,新疆大学,,不限,594,25099,,,0,新疆,公办,0,1
浙江,2025,综合,普通类一段,6504,新疆大学,,地理必选,606,36604,,,0,新疆,公办,0,1
浙江,2025,综合,普通类一段,6504,新疆大学,,物理、化学(2科必选),568,33387,,,0,新疆,公办,0,1
浙江,2025,综合,普通类一段,6504,新疆大学,,物理必选,585,69354,,,0,新疆,公办,0,1
浙江,2025,综合,普通类一段,6505,新疆理工学院,,不限,548,101668,,,0,新疆,公办,0,0
浙江,2025,综合,普通类一段,6505,新疆理工学院,,物理、化学(2科必选),490,149824,,,0,新疆,公办,0,0
浙江,2025,综合,普通类一段,6505,新疆理工学院,,物理必选,490,166915,,,0,新疆,公办,0,0
浙江,2025,综合,普通类一段,6506,新疆工程学院,,物理、化学(2科必选),490,154514,,,0,新疆,公办,0,0
浙江,2025,综合,普通类一段,6507,新疆农业大学,,不限,552,94498,,,0,新疆,公办,0,0
浙江,2025,综合,普通类一段,6507,新疆农业大学,,物理、化学(2科必选),490,150079,,,0,新疆,公办,0,0
浙江,2025,综合,普通类一段,6509,新疆师范大学,,不限,549,68202,,,0,新疆,公办,0,0
浙江,2025,综合,普通类一段,6509,新疆师范大学,,历史必选,560,99986,,,0,新疆,公办,0,0
浙江,2025,综合,普通类一段,6509,新疆师范大学,,地理必选,565,83265,,,0,新疆,公办,0,0
浙江,2025,综合,普通类一段,6509,新疆师范大学,,思想政治必选,561,83045,,,0,新疆,公办,0,0
浙江,2025,综合,普通类一段,6509,新疆师范大学,,物理、化学(2科必选),490,150986,,,0,新疆,公办,0,0
浙江,2025,综合,普通类一段,6509,新疆师范大学,,物理、技术(2科必选),525,142580,,,0,新疆,公办,0,0
浙江,2025,综合,普通类一段,6509,新疆师范大学,,物理必选,497,144793,,,0,新疆,公办,0,0
浙江,2025,综合,普通类一段,6510,新疆第二医学院,,化学、生物(2科必选),519,149617,,,0,新疆,公办,0,0
浙江,2025,综合,普通类一段,6510,新疆第二医学院,,史生政(3科必选),557,103594,,,0,新疆,公办,0,0
浙江,2025,综合,普通类一段,6510,新疆第二医学院,,物化生(3科必选),490,164162,,,0,新疆,公办,0,0
浙江,2025,综合,普通类一段,6510,新疆第二医学院,,物理、化学(2科必选),498,175250,,,0,新疆,公办,0,0
浙江,2025,综合,普通类一段,6515,塔里木大学,,不限,558,101188,,,0,新疆,公办,0,0
浙江,2025,综合,普通类一段,6515,塔里木大学,,物理、化学(2科必选),503,142579,,,0,新疆,公办,0,0
浙江,2025,综合,普通类一段,6516,新疆医科大学,,不限,566,66062,,,0,新疆,公办,0,0
浙江,2025,综合,普通类一段,6516,新疆医科大学,,物化生(3科必选),495,36356,,,0,新疆,公办,0,0
浙江,2025,综合,普通类一段,6516,新疆医科大学,,物理、化学(2科必选),528,98239,,,0,新疆,公办,0,0
浙江,2025,综合,普通类一段,6517,中国石油大学（北京）克拉玛依校区,,不限,604,38149,,,0,新疆,公办,0,1
浙江,2025,综合,普通类一段,6517,中国石油大学（北京）克拉玛依校区,,物理、化学(2科必选),588,48315,,,0,新疆,公办,0,1
浙江,2025,综合,普通类一段,6518,喀什大学,,不限,555,106104,,,0,新疆,公办,0,0
浙江,2025,综合,普通类一段,6518,喀什大学,,思想政治必选,559,101564,,,0,新疆,公办,0,0
浙江,2025,综合,普通类一段,6518,喀什大学,,物理、化学(2科必选),490,157159,,,0,新疆,公办,0,0
浙江,2025,综合,普通类一段,6519,新疆政法学院,,不限,557,85522,,,0,新疆,公办,0,0
浙江,2025,综合,普通类一段,6519,新疆政法学院,,历史必选,563,95804,,,0,新疆,公办,0,0
浙江,2025,综合,普通类一段,6519,新疆政法学院,,思想政治必选,560,99789,,,0,新疆,公办,0,0
浙江,2025,综合,普通类一段,6519,新疆政法学院,,物理、化学(2科必选),490,175738,,,0,新疆,公办,0,0
浙江,2025,综合,普通类一段,6520,新疆和田学院,,不限,490,101932,,,0,新疆,公办,0,0
浙江,2025,综合,普通类一段,6520,新疆和田学院,,化学必选,536,129664,,,0,新疆,公办,0,0
浙江,2025,综合,普通类一段,6520,新疆和田学院,,思想政治必选,559,101440,,,0,新疆,公办,0,0
浙江,2025,综合,普通类一段,6520,新疆和田学院,,物理、化学(2科必选),490,170410,,,0,新疆,公办,0,0
浙江,2025,综合,普通类一段,6521,伊犁师范大学,,不限,554,101481,,,0,新疆,公办,0,0
浙江,2025,综合,普通类一段,6521,伊犁师范大学,,历史、地理(2科必选),548,114265,,,0,新疆,公办,0,0
浙江,2025,综合,普通类一段,6521,伊犁师范大学,,历史必选,564,95131,,,0,新疆,公办,0,0
浙江,2025,综合,普通类一段,6521,伊犁师范大学,,物理、化学(2科必选),490,166283,,,0,新疆,公办,0,0
浙江,2025,综合,普通类一段,6521,伊犁师范大学,,物理必选,490,184372,,,0,新疆,公办,0,0
浙江,2025,综合,普通类一段,6522,昌吉学院,,不限,556,104652,,,0,新疆,公办,0,0
浙江,2025,综合,普通类一段,6522,昌吉学院,,物理、化学(2科必选),490,165308,,,0,新疆,公办,0,0
浙江,2025,综合,普通类一段,6522,昌吉学院,,物理必选,519,149901,,,0,新疆,公办,0,0
浙江,2025,综合,普通类一段,6530,阿勒泰职业技术学院,,不限,490,184372,,,0,新疆,公办,0,0
浙江,2025,综合,普通类一段,66,台州职业技术学院,,不限,490,167338,,,0,浙江,公办,0,0
浙江,2025,综合,普通类一段,67,绍兴职业技术学院,,不限,490,184372,,,0,浙江,民办,0,0
浙江,2025,综合,普通类一段,69,嘉兴职业技术学院,,不限,490,168412,,,0,浙江,公办,0,0
浙江,2025,综合,普通类一段,70,湖州职业技术学院,,不限,490,171617,,,0,浙江,公办,0,0
浙江,2025,综合,普通类一段,71,衢州职业技术学院,,不限,490,164814,,,0,浙江,公办,0,0
浙江,2025,综合,普通类一段,72,丽水职业技术学院,,不限,490,176965,,,0,浙江,公办,0,0
浙江,2025,综合,普通类一段,74,宁波财经学院,,不限,490,104828,,,0,浙江,民办,0,0
浙江,2025,综合,普通类一段,74,宁波财经学院,,物理、化学(2科必选),494,170960,,,0,浙江,民办,0,0
浙江,2025,综合,普通类一段,74,宁波财经学院,,物理必选,490,174456,,,0,浙江,民办,0,0
浙江,2025,综合,普通类一段,75,台州科技职业学院,,不限,490,182345,,,0,浙江,公办,0,0
浙江,2025,综合,普通类一段,76,杭州科技职业技术学院,,不限,490,167235,,,0,浙江,公办,0,0
浙江,2025,综合,普通类一段,77,杭州万向职业技术学院,,不限,490,184372,,,0,浙江,民办,0,0
浙江,2025,综合,普通类一段,78,嘉兴南洋职业技术学院,,不限,490,184372,,,0,浙江,民办,0,0
浙江,2025,综合,普通类一段,8,浙江理工大学,,不限,599,28415,,,0,浙江,公办,0,0
浙江,2025,综合,普通类一段,8,浙江理工大学,,物理、化学(2科必选),603,29167,,,0,浙江,公办,0,0
浙江,2025,综合,普通类一段,8,浙江理工大学,,物理必选,605,44349,,,0,浙江,公办,0,0
浙江,2025,综合,普通类一段,8102,香港城市大学（东莞）,,物理、化学(2科必选),638,13664,,,0,广东,内地与港澳台地区合作办学,0,0
浙江,2025,综合,普通类一段,8103,香港珠海学院,,不限,533,122078,,,0,香港,民办,0,0
浙江,2025,综合,普通类一段,8103,香港珠海学院,,物理必选,522,146812,,,0,香港,民办,0,0
浙江,2025,综合,普通类一段,85,温州科技职业学院,,不限,490,169055,,,0,浙江,公办,0,0
浙江,2025,综合,普通类一段,86,浙江横店影视职业学院,,不限,490,184372,,,0,浙江,民办,0,0
浙江,2025,综合,普通类一段,87,浙江汽车职业技术学院,,不限,490,184372,,,0,浙江,民办,0,0
浙江,2025,综合,普通类一段,9,温州医科大学,,不限,588,49678,,,0,浙江,公办,0,0
浙江,2025,综合,普通类一段,9,温州医科大学,,化学必选,569,81838,,,0,浙江,公办,0,0
浙江,2025,综合,普通类一段,9,温州医科大学,,物理、化学(2科必选),562,6329,,,0,浙江,公办,0,0
浙江,2025,综合,普通类一段,9,温州医科大学,,物理必选,572,84913,,,0,浙江,公办,0,0
浙江,2025,综合,普通类一段,90,湖州健康职业学院,,不限,490,184372,,,0,浙江,民办,0,0
浙江,2025,综合,普通类一段,9001,海军军医大学,,物理、化学(2科必选),625,13948,,,0,上海,公办,0,1
浙江,2025,综合,普通类一段,9031,中国人民警察大学,,不限,608,43883,,,0,河北,公办,0,0
浙江,2025,综合,普通类一段,9031,中国人民警察大学,,思想政治必选,606,45902,,,0,河北,公办,0,0
浙江,2025,综合,普通类一段,9031,中国人民警察大学,,物理、化学(2科必选),576,62348,,,0,河北,公办,0,0
浙江,2025,综合,普通类一段,9034,中国人民公安大学,,不限,656,8163,,,0,北京,公办,0,0
浙江,2025,综合,普通类一段,92,浙江工业大学之江学院,,不限,548,86933,,,0,浙江,民办,0,0
浙江,2025,综合,普通类一段,92,浙江工业大学之江学院,,物理、化学(2科必选),512,143614,,,0,浙江,民办,0,0
浙江,2025,综合,普通类一段,92,浙江工业大学之江学院,,物理必选,513,157733,,,0,浙江,民办,0,0
浙江,2025,综合,普通类一段,93,浙江师范大学行知学院,,不限,544,100116,,,0,浙江,民办,0,0
浙江,2025,综合,普通类一段,93,浙江师范大学行知学院,,物理、化学(2科必选),499,147768,,,0,浙江,民办,0,0
浙江,2025,综合,普通类一段,93,浙江师范大学行知学院,,物理、生物(2科必选),504,167456,,,0,浙江,民办,0,0
浙江,2025,综合,普通类一段,94,宁波大学科学技术学院,,不限,532,92881,,,0,浙江,民办,0,0
浙江,2025,综合,普通类一段,94,宁波大学科学技术学院,,物理、化学(2科必选),503,143663,,,0,浙江,民办,0,0
浙江,2025,综合,普通类一段,94,宁波大学科学技术学院,,物理必选,508,162859,,,0,浙江,民办,0,0
浙江,2025,综合,普通类一段,95,杭州电子科技大学信息工程学院,,不限,551,94898,,,0,浙江,民办,0,0
浙江,2025,综合,普通类一段,95,杭州电子科技大学信息工程学院,,物理、化学(2科必选),516,137997,,,0,浙江,民办,0,0
浙江,2025,综合,普通类一段,95,杭州电子科技大学信息工程学院,,物理必选,516,153342,,,0,浙江,民办,0,0
浙江,2025,综合,普通类一段,96,浙江工商大学杭州商学院,,不限,553,95163,,,0,浙江,民办,0,0
浙江,2025,综合,普通类一段,96,浙江工商大学杭州商学院,,物理、化学(2科必选),526,136490,,,0,浙江,民办,0,0
浙江,2025,综合,普通类一段,96,浙江工商大学杭州商学院,,物理必选,526,132918,,,0,浙江,民办,0,0
浙江,2025,综合,普通类一段,97,浙江理工大学科技与艺术学院,,不限,546,92186,,,0,浙江,民办,0,0
浙江,2025,综合,普通类一段,97,浙江理工大学科技与艺术学院,,物理、化学(2科必选),498,157591,,,0,浙江,民办,0,0
浙江,2025,综合,普通类一段,97,浙江理工大学科技与艺术学院,,物理必选,504,150583,,,0,浙江,民办,0,0
浙江,2025,综合,普通类一段,,宁波东方理工大学,,物理、化学(2科必选),656,8518,,,0,浙江,民办,0,0
浙江,2025,综合,普通类一段,,重庆医科大学莱斯特大学联合学院,,物理、化学(2科必选),562,33075,,,0,重庆,中外合作办学,0,0
浙江,2025,综合,普通类二段,10,浙江海洋大学,,生物必选,565,94299,,,0,浙江,公办,0,0
浙江,2025,综合,普通类二段,101,浙江农林大学暨阳学院,,生物必选,562,98035,,,0,浙江,民办,0,0
浙江,2025,综合,普通类二段,106,浙江同济科技职业学院,,不限,451,187636,,,0,浙江,公办,0,0
浙江,2025,综合,普通类二段,1102,北京城市学院,,物理、化学(2科必选),488,186576,,,0,北京,民办,0,0
浙江,2025,综合,普通类二段,1106,北京第二外国语学院中瑞酒店管理学院,,不限,511,154495,,,0,北京,民办,0,0
浙江,2025,综合,普通类二段,1109,北京科技职业大学,,不限,489,185464,,,0,北京,公办,0,0
浙江,2025,综合,普通类二段,111,浙江国际海运职业技术学院,,不限,438,206643,,,0,浙江,公办,0,0
浙江,2025,综合,普通类二段,111,浙江国际海运职业技术学院,,物理必选,455,214791,,,0,浙江,公办,0,0
浙江,2025,综合,普通类二段,1112,北京金融科技学院,,不限,514,131398,,,0,北京,民办,0,0
浙江,2025,综合,普通类二段,1112,北京金融科技学院,,物理、化学(2科必选),468,203848,,,0,北京,民办,0,0
浙江,2025,综合,普通类二段,1112,北京金融科技学院,,物理必选,467,191901,,,0,北京,民办,0,0
浙江,2025,综合,普通类二段,1114,北京工业大学耿丹学院,,不限,523,145937,,,0,北京,民办,0,0
浙江,2025,综合,普通类二段,1114,北京工业大学耿丹学院,,物理、化学(2科必选),476,185464,,,0,北京,民办,0,0
浙江,2025,综合,普通类二段,1114,北京工业大学耿丹学院,,物理必选,473,197988,,,0,北京,民办,0,0
浙江,2025,综合,普通类二段,1117,北京化工大学,,物理、化学(2科必选),629,24600,,,0,北京,公办,0,1
浙江,2025,综合,普通类二段,1118,北京汇佳职业学院,,不限,312,274638,,,0,北京,民办,0,0
浙江,2025,综合,普通类二段,1119,吉利学院,,不限,523,145937,,,0,四川,民办,0,0
浙江,2025,综合,普通类二段,1119,吉利学院,,物理、化学(2科必选),482,192932,,,0,四川,民办,0,0
浙江,2025,综合,普通类二段,1119,吉利学院,,物理必选,480,190798,,,0,四川,民办,0,0
浙江,2025,综合,普通类二段,1122,北京经贸职业学院,,不限,345,254556,,,0,北京,民办,0,0
浙江,2025,综合,普通类二段,1125,北京科技职业学院,,不限,374,222417,,,0,北京,民办,0,0
浙江,2025,综合,普通类二段,1129,北京培黎职业学院,,不限,332,255601,,,0,北京,民办,0,0
浙江,2025,综合,普通类二段,113,宁波城市职业技术学院,,不限,451,187636,,,0,浙江,公办,0,0
浙江,2025,综合,普通类二段,1141,北京邮电大学世纪学院,,不限,554,107736,,,0,北京,民办,0,0
浙江,2025,综合,普通类二段,1141,北京邮电大学世纪学院,,物理、化学(2科必选),480,181112,,,0,北京,民办,0,0
浙江,2025,综合,普通类二段,115,浙江特殊教育职业学院,,不限,475,199963,,,0,浙江,公办,0,0
浙江,2025,综合,普通类二段,1150,首都师范大学科德学院,,不限,513,153310,,,0,北京,民办,0,0
浙江,2025,综合,普通类二段,1150,首都师范大学科德学院,,物理、化学(2科必选),471,200964,,,0,北京,民办,0,0
浙江,2025,综合,普通类二段,1150,首都师范大学科德学院,,物理必选,471,203848,,,0,北京,民办,0,0
浙江,2025,综合,普通类二段,1178,北京北大方正软件职业技术学院,,不限,281,280462,,,0,北京,民办,0,0
浙江,2025,综合,普通类二段,12,浙江中医药大学,,化学必选,544,120176,,,0,浙江,公办,0,0
浙江,2025,综合,普通类二段,12,浙江中医药大学,,物理、化学(2科必选),548,74834,,,0,浙江,公办,0,0
浙江,2025,综合,普通类二段,1201,北京科技大学天津学院,,不限,575,82192,,,0,天津,民办,0,0
浙江,2025,综合,普通类二段,1201,北京科技大学天津学院,,物理必选,512,149572,,,0,天津,民办,0,0
浙江,2025,综合,普通类二段,1205,天津滨海职业学院,,不限,432,185464,,,0,天津,公办,0,0
浙江,2025,综合,普通类二段,1207,天津财经大学珠江学院,,物理必选,492,182258,,,0,天津,民办,0,0
浙江,2025,综合,普通类二段,1209,天津城市职业学院,,不限,425,221591,,,0,天津,公办,0,0
浙江,2025,综合,普通类二段,1211,天津仁爱学院,,物理、化学(2科必选),472,185464,,,0,天津,民办,0,0
浙江,2025,综合,普通类二段,1211,天津仁爱学院,,物理必选,469,201929,,,0,天津,民办,0,0
浙江,2025,综合,普通类二段,1212,天津电子信息职业技术学院,,不限,468,187636,,,0,天津,公办,0,0
浙江,2025,综合,普通类二段,1213,天津商务职业学院,,不限,384,221591,,,0,天津,公办,0,0
浙江,2025,综合,普通类二段,1218,天津国土资源和房屋职业学院,,不限,422,226282,,,0,天津,公办,0,0
浙江,2025,综合,普通类二段,1219,天津海运职业学院,,不限,430,220779,,,0,天津,公办,0,0
浙江,2025,综合,普通类二段,1220,天津机电职业技术学院,,不限,451,122712,,,0,天津,公办,0,0
浙江,2025,综合,普通类二段,1221,天津交通职业学院,,不限,428,219114,,,0,天津,公办,0,0
浙江,2025,综合,普通类二段,1225,天津理工大学中环信息学院,,物理必选,493,181112,,,0,天津,民办,0,0
浙江,2025,综合,普通类二段,1227,天津农学院,,物理、化学(2科必选),531,136302,,,0,天津,公办,0,0
浙江,2025,综合,普通类二段,1228,天津轻工职业技术学院,,不限,451,197988,,,0,天津,公办,0,0
浙江,2025,综合,普通类二段,1231,天津生物工程职业技术学院,,不限,458,212196,,,0,天津,公办,0,0
浙江,2025,综合,普通类二段,1237,天津现代职业技术学院,,不限,427,194962,,,0,天津,公办,0,0
浙江,2025,综合,普通类二段,1238,天津工业职业学院,,不限,429,219976,,,0,天津,公办,0,0
浙江,2025,综合,普通类二段,124,宁波幼儿师范高等专科学校,,不限,382,194962,,,0,浙江,公办,0,0
浙江,2025,综合,普通类二段,1241,天津医学高等专科学校,,不限,487,187636,,,0,天津,公办,0,0
浙江,2025,综合,普通类二段,1241,天津医学高等专科学校,,物化生(3科必选),430,201929,,,0,天津,公办,0,0
浙江,2025,综合,普通类二段,1242,天津艺术职业学院,,不限,425,228586,,,0,天津,公办,0,0
浙江,2025,综合,普通类二段,1244,天津市职业大学,,不限,468,186576,,,0,天津,公办,0,0
浙江,2025,综合,普通类二段,1248,天津天狮学院,,物理、化学(2科必选),473,192932,,,0,天津,民办,0,0
浙江,2025,综合,普通类二段,1249,天津铁道职业技术学院,,不限,451,189770,,,0,天津,公办,0,0
浙江,2025,综合,普通类二段,1250,天津城市建设管理职业技术学院,,不限,427,218243,,,0,天津,公办,0,0
浙江,2025,综合,普通类二段,126,温州商学院,,不限,379,231464,,,0,浙江,民办,0,0
浙江,2025,综合,普通类二段,126,温州商学院,,物理、化学(2科必选),486,186576,,,0,浙江,民办,0,0
浙江,2025,综合,普通类二段,126,温州商学院,,物理必选,483,190798,,,0,浙江,民办,0,0
浙江,2025,综合,普通类二段,128,浙江邮电职业技术学院,,不限,455,203848,,,0,浙江,公办,0,0
浙江,2025,综合,普通类二段,129,浙江农业商贸职业学院,,不限,444,203848,,,0,浙江,公办,0,0
浙江,2025,综合,普通类二段,1305,沧州交通学院,,物理、化学(2科必选),486,186576,,,0,河北,民办,0,0
浙江,2025,综合,普通类二段,1306,北京经济技术职业学院,,不限,360,252525,,,0,河北,民办,0,0
浙江,2025,综合,普通类二段,1308,北京中医药大学东方学院,,物理、化学(2科必选),524,131398,,,0,河北,民办,0,0
浙江,2025,综合,普通类二段,1318,河北工程大学科信学院,,物理必选,516,154495,,,0,河北,民办,0,0
浙江,2025,综合,普通类二段,1322,河北交通职业技术学院,,不限,448,222417,,,0,河北,公办,0,0
浙江,2025,综合,普通类二段,1326,河北科技大学,,物理、化学(2科必选),494,180003,,,0,河北,公办,0,0
浙江,2025,综合,普通类二段,133,浙江安防职业技术学院,,不限,443,211325,,,0,浙江,公办,0,0
浙江,2025,综合,普通类二段,1333,衡水学院,,物理、化学(2科必选),492,182258,,,0,河北,公办,0,0
浙江,2025,综合,普通类二段,1340,秦皇岛职业技术学院,,不限,431,229313,,,0,河北,公办,0,0
浙江,2025,综合,普通类二段,1343,石家庄铁道大学四方学院,,物理、化学(2科必选),514,156842,,,0,河北,民办,0,0
浙江,2025,综合,普通类二段,1344,石家庄医学高等专科学校,,不限,371,190798,,,0,河北,民办,0,0
浙江,2025,综合,普通类二段,1345,石家庄邮电职业技术学院,,不限,500,155707,,,0,河北,公办,0,0
浙江,2025,综合,普通类二段,1347,邢台医学院,,化学必选,483,191901,,,0,河北,公办,0,0
浙江,2025,综合,普通类二段,1351,保定理工学院,,不限,551,111482,,,0,河北,民办,0,0
浙江,2025,综合,普通类二段,1356,河北科技学院,,物理、化学(2科必选),483,191901,,,0,河北,民办,0,0
浙江,2025,综合,普通类二段,1361,河北科技工程职业技术大学,,不限,431,209501,,,0,河北,公办,0,0
浙江,2025,综合,普通类二段,1364,石家庄人民医学高等专科学校,,不限,472,202888,,,0,河北,民办,0,0
浙江,2025,综合,普通类二段,1365,廊坊卫生职业学院,,不限,466,208543,,,0,河北,公办,0,0
浙江,2025,综合,普通类二段,1366,唐山幼儿师范高等专科学校,,不限,381,187636,,,0,河北,公办,0,0
浙江,2025,综合,普通类二段,1367,邢台应用技术职业学院,,不限,318,268589,,,0,河北,民办,0,0
浙江,2025,综合,普通类二段,1369,邢台新能源职业学院,,不限,268,279255,,,0,河北,民办,0,0
浙江,2025,综合,普通类二段,1409,山西药科职业学院,,不限,445,226282,,,0,山西,公办,0,0
浙江,2025,综合,普通类二段,1427,山西同文职业技术学院,,不限,298,237023,,,0,山西,民办,0,0
浙江,2025,综合,普通类二段,150,浙江金华科贸职业技术学院,,不限,383,249784,,,0,浙江,民办,0,0
浙江,2025,综合,普通类二段,1505,内蒙古科技大学,,物化生(3科必选),521,148397,,,0,内蒙古,公办,0,0
浙江,2025,综合,普通类二段,1506,内蒙古科技大学包头师范学院,,物理、化学(2科必选),524,105346,,,0,内蒙古,公办,0,0
浙江,2025,综合,普通类二段,1508,内蒙古农业大学,,物理、化学(2科必选),521,148397,,,0,内蒙古,公办,0,0
浙江,2025,综合,普通类二段,1513,内蒙古北方职业技术学院,,不限,347,186576,,,0,内蒙古,民办,0,0
浙江,2025,综合,普通类二段,1514,满洲里俄语职业学院,,不限,269,254556,,,0,内蒙古,公办,0,0
浙江,2025,综合,普通类二段,199,浙江药科职业大学,,物理必选,530,133791,,,0,浙江,公办,0,0
浙江,2025,综合,普通类二段,2103,渤海大学,,物理、化学(2科必选),514,136302,,,0,辽宁,公办,0,0
浙江,2025,综合,普通类二段,2106,大连东软信息学院,,物理、化学(2科必选),476,190798,,,0,辽宁,民办,0,0
浙江,2025,综合,普通类二段,2106,大连东软信息学院,,物理必选,474,200964,,,0,辽宁,民办,0,0
浙江,2025,综合,普通类二段,2112,大连理工大学城市学院,,物理、化学(2科必选),480,186576,,,0,辽宁,民办,0,0
浙江,2025,综合,普通类二段,2112,大连理工大学城市学院,,物理必选,484,175451,,,0,辽宁,民办,0,0
浙江,2025,综合,普通类二段,2118,大连医科大学中山学院,,物理、化学(2科必选),480,180003,,,0,辽宁,民办,0,0
浙江,2025,综合,普通类二段,2123,大连财经学院,,物理必选,482,187636,,,0,辽宁,民办,0,0
浙江,2025,综合,普通类二段,2124,东北大学,,物理、化学(2科必选),648,12308,,,0,辽宁,公办,1,1
浙江,2025,综合,普通类二段,2128,辽宁对外经贸学院,,物理必选,468,206643,,,0,辽宁,民办,0,0
浙江,2025,综合,普通类二段,2132,辽宁金融职业学院,,不限,417,245257,,,0,辽宁,公办,0,0
浙江,2025,综合,普通类二段,2138,锦州医科大学,,物理、生物(2科必选),487,187636,,,0,辽宁,公办,0,0
浙江,2025,综合,普通类二段,2143,沈阳城市学院,,物理、化学(2科必选),468,186576,,,0,辽宁,民办,0,0
浙江,2025,综合,普通类二段,2144,沈阳工程学院,,不限,484,190798,,,0,辽宁,公办,0,0
浙江,2025,综合,普通类二段,2152,沈阳城市建设学院,,物理必选,465,209501,,,0,辽宁,民办,0,0
浙江,2025,综合,普通类二段,2154,沈阳工学院,,不限,268,236330,,,0,辽宁,民办,0,0
浙江,2025,综合,普通类二段,2154,沈阳工学院,,物理、化学(2科必选),472,185464,,,0,辽宁,民办,0,0
浙江,2025,综合,普通类二段,2154,沈阳工学院,,物理必选,476,194962,,,0,辽宁,民办,0,0
浙江,2025,综合,普通类二段,2164,辽宁经济职业技术学院,,不限,435,233553,,,0,辽宁,公办,0,0
浙江,2025,综合,普通类二段,2201,北华大学,,物理、化学(2科必选),594,59273,,,0,吉林,公办,0,0
浙江,2025,综合,普通类二段,2203,长春光华学院,,物理、化学(2科必选),475,191901,,,0,吉林,民办,0,0
浙江,2025,综合,普通类二段,2204,长春大学旅游学院,,物理、化学(2科必选),466,203848,,,0,吉林,民办,0,0
浙江,2025,综合,普通类二段,2204,长春大学旅游学院,,物理必选,456,212196,,,0,吉林,民办,0,0
浙江,2025,综合,普通类二段,2206,长春工程学院,,物理、化学(2科必选),485,189770,,,0,吉林,公办,0,0
浙江,2025,综合,普通类二段,2208,长春工业大学人文信息学院,,物理、化学(2科必选),471,188688,,,0,吉林,民办,0,0
浙江,2025,综合,普通类二段,2209,长春金融高等专科学校,,不限,402,199963,,,0,吉林,公办,0,0
浙江,2025,综合,普通类二段,2211,长春电子科技学院,,物理、化学(2科必选),465,195964,,,0,吉林,民办,0,0
浙江,2025,综合,普通类二段,2213,长春师范大学,,不限,575,82192,,,0,吉林,公办,0,0
浙江,2025,综合,普通类二段,2215,长春财经学院,,物理、化学(2科必选),472,190798,,,0,吉林,民办,0,0
浙江,2025,综合,普通类二段,2215,长春财经学院,,物理必选,460,204772,,,0,吉林,民办,0,0
浙江,2025,综合,普通类二段,2216,长春医学高等专科学校,,不限,473,188688,,,0,吉林,公办,0,0
浙江,2025,综合,普通类二段,2219,长春人文学院,,物理、化学(2科必选),468,193949,,,0,吉林,民办,0,0
浙江,2025,综合,普通类二段,2221,吉林动画学院,,物理、化学(2科必选),483,191901,,,0,吉林,民办,0,0
浙江,2025,综合,普通类二段,2224,吉林工业职业技术学院,,不限,410,240350,,,0,吉林,公办,0,0
浙江,2025,综合,普通类二段,2225,吉林外国语大学,,物理、化学(2科必选),491,183301,,,0,吉林,民办,0,0
浙江,2025,综合,普通类二段,2225,吉林外国语大学,,物理必选,487,187636,,,0,吉林,民办,0,0
浙江,2025,综合,普通类二段,2227,吉林建筑大学,,物理、化学(2科必选),502,170889,,,0,吉林,公办,0,0
浙江,2025,综合,普通类二段,2227,吉林建筑大学,,物理必选,489,185464,,,0,吉林,公办,0,0
浙江,2025,综合,普通类二段,2228,吉林建筑科技学院,,物理、化学(2科必选),464,190798,,,0,吉林,民办,0,0
浙江,2025,综合,普通类二段,2228,吉林建筑科技学院,,物理必选,464,210412,,,0,吉林,民办,0,0
浙江,2025,综合,普通类二段,2229,长春建筑学院,,物理、化学(2科必选),464,202888,,,0,吉林,民办,0,0
浙江,2025,综合,普通类二段,2229,长春建筑学院,,物理必选,466,208543,,,0,吉林,民办,0,0
浙江,2025,综合,普通类二段,2230,吉林交通职业技术学院,,不限,357,230723,,,0,吉林,公办,0,0
浙江,2025,综合,普通类二段,2231,吉林农业大学,,物化生(3科必选),488,153310,,,0,吉林,公办,0,0
浙江,2025,综合,普通类二段,2232,长春科技学院,,不限,389,204772,,,0,吉林,民办,0,0
浙江,2025,综合,普通类二段,2232,长春科技学院,,物理、化学(2科必选),465,189770,,,0,吉林,民办,0,0
浙江,2025,综合,普通类二段,2235,吉林师范大学博达学院,,物理、化学(2科必选),468,199963,,,0,吉林,民办,0,0
浙江,2025,综合,普通类二段,2236,吉林司法警官职业学院,,不限,437,219976,,,0,吉林,公办,0,0
浙江,2025,综合,普通类二段,2238,吉林铁道职业技术大学,,不限,438,187636,,,0,吉林,公办,0,0
浙江,2025,综合,普通类二段,2239,吉林医药学院,,物化生(3科必选),488,186576,,,0,吉林,公办,0,0
浙江,2025,综合,普通类二段,2239,吉林医药学院,,物理、化学(2科必选),531,136302,,,0,吉林,公办,0,0
浙江,2025,综合,普通类二段,2241,通化师范学院,,物理、化学(2科必选),484,190798,,,0,吉林,公办,0,0
浙江,2025,综合,普通类二段,2246,吉林电子信息职业技术学院,,不限,410,248049,,,0,吉林,公办,0,0
浙江,2025,综合,普通类二段,2248,长春师范高等专科学校,,不限,386,229313,,,0,吉林,公办,0,0
浙江,2025,综合,普通类二段,2249,长春早期教育职业学院,,不限,268,283214,,,0,吉林,民办,0,0
浙江,2025,综合,普通类二段,2251,吉林职业技术学院,,不限,306,223981,,,0,吉林,民办,0,0
浙江,2025,综合,普通类二段,2302,东北石油大学,,物理、化学(2科必选),521,148397,,,0,黑龙江,公办,0,0
浙江,2025,综合,普通类二段,2305,黑龙江工商学院,,物理、化学(2科必选),470,204772,,,0,黑龙江,民办,0,0
浙江,2025,综合,普通类二段,2311,哈尔滨华德学院,,物理、化学(2科必选),466,197988,,,0,黑龙江,民办,0,0
浙江,2025,综合,普通类二段,2315,哈尔滨师范大学,,物理、化学(2科必选),528,139942,,,0,黑龙江,公办,0,0
浙江,2025,综合,普通类二段,2318,哈尔滨铁道职业技术学院,,不限,489,185464,,,0,黑龙江,公办,0,0
浙江,2025,综合,普通类二段,232,浙江舟山群岛新区旅游与健康职业学院,,不限,413,218243,,,0,浙江,公办,0,0
浙江,2025,综合,普通类二段,2321,鹤岗师范高等专科学校,,不限,391,249217,,,0,黑龙江,公办,0,0
浙江,2025,综合,普通类二段,2322,黑龙江八一农垦大学,,物理、化学(2科必选),522,147124,,,0,黑龙江,公办,0,0
浙江,2025,综合,普通类二段,2324,黑龙江东方学院,,物理、化学(2科必选),475,199963,,,0,黑龙江,民办,0,0
浙江,2025,综合,普通类二段,2327,黑龙江建筑职业技术学院,,不限,429,227042,,,0,黑龙江,公办,0,0
浙江,2025,综合,普通类二段,2329,黑龙江农垦职业学院,,不限,326,236330,,,0,黑龙江,公办,0,0
浙江,2025,综合,普通类二段,2330,黑龙江农业工程职业学院,,不限,408,227812,,,0,黑龙江,公办,0,0
浙江,2025,综合,普通类二段,2333,佳木斯大学,,物理、化学(2科必选),529,138775,,,0,黑龙江,公办,0,0
浙江,2025,综合,普通类二段,2334,牡丹江大学,,不限,427,204772,,,0,黑龙江,公办,0,0
浙江,2025,综合,普通类二段,2351,黑龙江交通职业技术学院,,不限,435,208543,,,0,黑龙江,公办,0,0
浙江,2025,综合,普通类二段,2352,哈尔滨北方航空职业技术学院,,不限,268,281260,,,0,黑龙江,民办,0,0
浙江,2025,综合,普通类二段,2353,黑龙江三江美术职业学院,,不限,268,281260,,,0,黑龙江,民办,0,0
浙江,2025,综合,普通类二段,2354,黑龙江职业学院,,不限,358,232172,,,0,黑龙江,公办,0,0
浙江,2025,综合,普通类二段,2355,哈尔滨传媒职业学院,,不限,268,290155,,,0,黑龙江,民办,0,0
浙江,2025,综合,普通类二段,2357,齐齐哈尔高等师范专科学校,,不限,398,245257,,,0,黑龙江,公办,0,0
浙江,2025,综合,普通类二段,2358,佳木斯职业学院,,不限,332,278804,,,0,黑龙江,公办,0,0
浙江,2025,综合,普通类二段,3108,上海邦德职业技术学院,,不限,336,244106,,,0,上海,民办,0,0
浙江,2025,综合,普通类二段,3110,上海城建职业学院,,不限,475,186576,,,0,上海,公办,0,0
浙江,2025,综合,普通类二段,3111,上海出版印刷高等专科学校,,不限,447,187636,,,0,上海,公办,0,0
浙江,2025,综合,普通类二段,3111,上海出版印刷高等专科学校,,物理必选,459,208543,,,0,上海,公办,0,0
浙江,2025,综合,普通类二段,3112,上海大学,,物理、化学(2科必选),640,16817,,,0,上海,公办,0,1
浙江,2025,综合,普通类二段,3116,上海电影艺术职业学院,,不限,305,278127,,,0,上海,民办,0,0
浙江,2025,综合,普通类二段,3117,上海电子信息职业技术学院,,不限,456,177704,,,0,上海,公办,0,0
浙江,2025,综合,普通类二段,3118,上海东海职业技术学院,,不限,326,236330,,,0,上海,民办,0,0
浙江,2025,综合,普通类二段,3122,上海工商外国语职业学院,,不限,331,186576,,,0,上海,民办,0,0
浙江,2025,综合,普通类二段,3128,上海济光职业技术学院,,不限,330,201929,,,0,上海,民办,0,0
浙江,2025,综合,普通类二段,3130,上海建桥学院,,不限,404,204772,,,0,上海,民办,0,0
浙江,2025,综合,普通类二段,3130,上海建桥学院,,物理、化学(2科必选),476,185464,,,0,上海,民办,0,0
浙江,2025,综合,普通类二段,3130,上海建桥学院,,物理必选,481,193949,,,0,上海,民办,0,0
浙江,2025,综合,普通类二段,3133,上海交通职业技术学院,,不限,452,187636,,,0,上海,公办,0,0
浙江,2025,综合,普通类二段,3135,上海科学技术职业学院,,不限,447,195964,,,0,上海,公办,0,0
浙江,2025,综合,普通类二段,3137,上海立达学院,,不限,384,142327,,,0,上海,民办,0,0
浙江,2025,综合,普通类二段,3137,上海立达学院,,物理、化学(2科必选),472,199963,,,0,上海,民办,0,0
浙江,2025,综合,普通类二段,3137,上海立达学院,,物理必选,476,198979,,,0,上海,民办,0,0
浙江,2025,综合,普通类二段,3139,上海旅游高等专科学校,,不限,423,180003,,,112,上海,公办,0,0
浙江,2025,综合,普通类二段,3140,上海民远职业技术学院,,不限,346,265510,,,0,上海,民办,0,0
浙江,2025,综合,普通类二段,3141,上海农林职业技术学院,,不限,427,203848,,,0,上海,公办,0,0
浙江,2025,综合,普通类二段,3143,上海杉达学院,,不限,424,230723,,,0,上海,民办,0,0
浙江,2025,综合,普通类二段,3143,上海杉达学院,,物理、化学(2科必选),483,186576,,,0,上海,民办,0,0
浙江,2025,综合,普通类二段,3143,上海杉达学院,,物理必选,486,188688,,,0,上海,民办,0,0
浙江,2025,综合,普通类二段,3146,上海师范大学天华学院,,不限,534,132625,,,0,上海,民办,0,0
浙江,2025,综合,普通类二段,3146,上海师范大学天华学院,,物理、化学(2科必选),471,191901,,,0,上海,民办,0,0
浙江,2025,综合,普通类二段,3146,上海师范大学天华学院,,物理必选,475,199963,,,0,上海,民办,0,0
浙江,2025,综合,普通类二段,3147,上海思博职业技术学院,,不限,333,243458,,,0,上海,民办,0,0
浙江,2025,综合,普通类二段,3150,上海兴伟学院,,不限,489,172010,,,0,上海,民办,0,0
浙江,2025,综合,普通类二段,3152,上海外国语大学贤达经济人文学院,,物理必选,485,185464,,,0,上海,民办,0,0
浙江,2025,综合,普通类二段,3154,上海工商职业技术学院,,不限,331,219976,,,0,上海,民办,0,0
浙江,2025,综合,普通类二段,3155,上海行健职业学院,,不限,441,185464,,,0,上海,公办,0,0
浙江,2025,综合,普通类二段,3160,上海震旦职业学院,,不限,335,240966,,,0,上海,民办,0,0
浙江,2025,综合,普通类二段,3163,上海中侨职业技术大学,,不限,355,248049,,,0,上海,民办,0,0
浙江,2025,综合,普通类二段,3163,上海中侨职业技术大学,,物理必选,471,180003,,,0,上海,民办,0,0
浙江,2025,综合,普通类二段,3168,上海民航职业技术学院,,不限,417,186576,,,0,上海,公办,0,0
浙江,2025,综合,普通类二段,3173,上海南湖职业技术学院,,不限,446,189770,,,0,上海,公办,0,0
浙江,2025,综合,普通类二段,3174,上海科创职业技术学院,,不限,439,198979,,,0,上海,公办,0,0
浙江,2025,综合,普通类二段,3175,上海闵行职业技术学院,,不限,445,203848,,,0,上海,公办,0,0
浙江,2025,综合,普通类二段,3176,上海现代化工职业学院,,不限,436,200964,,,0,上海,公办,0,0
浙江,2025,综合,普通类二段,3177,上海建设管理职业技术学院,,不限,434,219114,,,0,上海,公办,0,0
浙江,2025,综合,普通类二段,3178,上海浦东职业技术学院,,不限,463,187636,,,22,上海,公办,0,0
浙江,2025,综合,普通类二段,3179,上海中华职业技术学院,,不限,361,255080,,,0,上海,民办,0,0
浙江,2025,综合,普通类二段,3202,常州纺织服装职业技术学院,,不限,437,227812,,,0,江苏,公办,0,0
浙江,2025,综合,普通类二段,3203,常州机电职业技术学院,,不限,470,185464,,,0,江苏,公办,0,0
浙江,2025,综合,普通类二段,3204,常州工业职业技术学院,,不限,442,212196,,,0,江苏,公办,0,0
浙江,2025,综合,普通类二段,3205,常州信息职业技术学院,,不限,487,122712,,,0,江苏,公办,0,0
浙江,2025,综合,普通类二段,3208,硅湖职业技术学院,,不限,371,188688,,,0,江苏,民办,0,0
浙江,2025,综合,普通类二段,3213,建东职业技术学院,,不限,355,255080,,,0,江苏,民办,0,0
浙江,2025,综合,普通类二段,3214,苏州健雄职业技术学院,,不限,415,212196,,,0,江苏,公办,0,0
浙江,2025,综合,普通类二段,3215,江海职业技术学院,,不限,342,267094,,,0,江苏,民办,0,0
浙江,2025,综合,普通类二段,3218,江南影视艺术职业学院,,不限,363,265112,,,0,江苏,民办,0,0
浙江,2025,综合,普通类二段,3219,江苏财经职业技术学院,,不限,444,194962,,,0,江苏,公办,0,0
浙江,2025,综合,普通类二段,3223,江苏海事职业技术学院,,不限,461,186576,,,0,江苏,公办,0,0
浙江,2025,综合,普通类二段,3229,江苏农林职业技术学院,,不限,395,194962,,,0,江苏,公办,0,0
浙江,2025,综合,普通类二段,3229,江苏农林职业技术学院,,物理必选,453,219976,,,0,江苏,公办,0,0
浙江,2025,综合,普通类二段,3230,江苏食品药品职业技术学院,,不限,462,201929,,,0,江苏,公办,0,0
浙江,2025,综合,普通类二段,3231,江苏信息职业技术学院,,不限,473,191901,,,0,江苏,公办,0,0
浙江,2025,综合,普通类二段,3232,江苏农牧科技职业学院,,不限,437,186576,,,0,江苏,公办,0,0
浙江,2025,综合,普通类二段,3233,江阴职业技术学院,,不限,437,218243,,,0,江苏,公办,0,0
浙江,2025,综合,普通类二段,3234,金肯职业技术学院,,不限,362,261742,,,0,江苏,民办,0,0
浙江,2025,综合,普通类二段,3236,金山职业技术学院,,不限,360,249784,,,0,江苏,民办,0,0
浙江,2025,综合,普通类二段,3237,昆山登云科技职业学院,,不限,367,252525,,,0,江苏,民办,0,0
浙江,2025,综合,普通类二段,3248,南京科技职业学院,,不限,466,189770,,,0,江苏,公办,0,0
浙江,2025,综合,普通类二段,3249,南京机电职业技术学院,,不限,466,154495,,,0,江苏,公办,0,0
浙江,2025,综合,普通类二段,3250,南京交通职业技术学院,,不限,471,190798,,,0,江苏,公办,0,0
浙江,2025,综合,普通类二段,3252,南京理工大学泰州科技学院,,物理、化学(2科必选),488,186576,,,0,江苏,民办,0,0
浙江,2025,综合,普通类二段,3255,南京旅游职业学院,,不限,462,190798,,,0,江苏,公办,0,0
浙江,2025,综合,普通类二段,3262,南京视觉艺术职业学院,,不限,362,242196,,,0,江苏,民办,0,0
浙江,2025,综合,普通类二段,3269,南京信息职业技术学院,,不限,488,186576,,,0,江苏,公办,0,0
浙江,2025,综合,普通类二段,3275,南京中医药大学,,物理、化学(2科必选),565,94299,,,0,江苏,公办,0,0
浙江,2025,综合,普通类二段,3277,南通大学杏林学院,,物理、化学(2科必选),498,175451,,,0,江苏,民办,0,0
浙江,2025,综合,普通类二段,3278,南通科技职业学院,,不限,440,210412,,,0,江苏,公办,0,0
浙江,2025,综合,普通类二段,3279,南通职业大学,,不限,470,180003,,,0,江苏,公办,0,0
浙江,2025,综合,普通类二段,3280,三江学院,,物理、化学(2科必选),488,186576,,,0,江苏,民办,0,0
浙江,2025,综合,普通类二段,3284,苏州百年职业学院,,不限,321,275431,,,0,江苏,中外合作办学,0,0
浙江,2025,综合,普通类二段,3285,苏州高博职业学院,,不限,354,260880,,,0,江苏,民办,0,0
浙江,2025,综合,普通类二段,3286,苏州工业园区职业技术学院,,不限,407,214791,,,0,江苏,民办,0,0
浙江,2025,综合,普通类二段,3289,苏州农业职业技术学院,,不限,461,213063,,,0,江苏,公办,0,0
浙江,2025,综合,普通类二段,3292,苏州职业技术大学,,不限,479,195964,,,0,江苏,公办,0,0
浙江,2025,综合,普通类二段,3292,苏州职业技术大学,,物理必选,477,187636,,,0,江苏,公办,0,0
浙江,2025,综合,普通类二段,3293,无锡城市职业技术学院,,不限,442,193949,,,0,江苏,公办,0,0
浙江,2025,综合,普通类二段,3295,无锡南洋职业技术学院,,不限,326,248653,,,0,江苏,民办,0,0
浙江,2025,综合,普通类二段,3296,无锡商业职业技术学院,,不限,440,202888,,,0,江苏,公办,0,0
浙江,2025,综合,普通类二段,3299,江苏建筑职业技术学院,,不限,459,189770,,,0,江苏,公办,0,0
浙江,2025,综合,普通类二段,33,浙江树人学院,,不限,465,196959,,,0,浙江,民办,0,0
浙江,2025,综合,普通类二段,33,浙江树人学院,,物理、化学(2科必选),484,139942,,,0,浙江,民办,0,0
浙江,2025,综合,普通类二段,3308,扬州工业职业技术学院,,不限,438,208543,,,0,江苏,公办,0,0
浙江,2025,综合,普通类二段,3310,扬州职业技术大学,,不限,480,184372,,,0,江苏,公办,0,0
浙江,2025,综合,普通类二段,3313,正德职业技术学院,,不限,390,242810,,,0,江苏,民办,0,0
浙江,2025,综合,普通类二段,3317,钟山职业技术学院,,不限,372,202888,,,0,江苏,民办,0,0
浙江,2025,综合,普通类二段,3318,南通理工学院,,物理、化学(2科必选),483,185464,,,0,江苏,民办,0,0
浙江,2025,综合,普通类二段,3320,太湖创意职业技术学院,,不限,404,251460,,,0,江苏,民办,0,0
浙江,2025,综合,普通类二段,3321,无锡工艺职业技术学院,,不限,485,189770,,,0,江苏,公办,0,0
浙江,2025,综合,普通类二段,3322,苏州工业园区服务外包职业学院,,不限,451,210412,,,0,江苏,公办,0,0
浙江,2025,综合,普通类二段,3324,宿迁泽达职业技术学院,,不限,357,250301,,,0,江苏,民办,0,0
浙江,2025,综合,普通类二段,3336,常州工程职业技术学院,,不限,448,188688,,,0,江苏,公办,0,0
浙江,2025,综合,普通类二段,3337,徐州生物工程职业技术学院,,不限,444,187636,,,0,江苏,公办,0,0
浙江,2025,综合,普通类二段,3338,扬州中瑞酒店职业学院,,不限,311,270323,,,0,江苏,民办,0,0
浙江,2025,综合,普通类二段,3339,江苏航空职业技术学院,,不限,479,186576,,,0,江苏,公办,0,0
浙江,2025,综合,普通类二段,3340,九州职业技术学院,,不限,349,230003,,,0,江苏,民办,0,0
浙江,2025,综合,普通类二段,3341,江苏航运职业技术学院,,不限,451,187636,,,0,江苏,公办,0,0
浙江,2025,综合,普通类二段,3342,炎黄职业技术学院,,不限,341,267852,,,0,江苏,民办,0,0
浙江,2025,综合,普通类二段,3343,宿迁职业技术学院,,不限,419,232172,,,0,江苏,民办,0,0
浙江,2025,综合,普通类二段,3345,连云港职业技术学院,,不限,444,214791,,,0,江苏,公办,0,0
浙江,2025,综合,普通类二段,3346,江苏电子信息职业学院,,不限,450,216518,,,0,江苏,公办,0,0
浙江,2025,综合,普通类二段,3347,苏州信息职业技术学院,,不限,455,214791,,,0,江苏,公办,0,0
浙江,2025,综合,普通类二段,3349,江苏安全技术职业学院,,不限,456,202888,,,0,江苏,公办,0,0
浙江,2025,综合,普通类二段,3350,江苏卫生健康职业学院,,物理、化学(2科必选),459,208543,,,0,江苏,公办,0,0
浙江,2025,综合,普通类二段,3351,南京城市职业学院,,不限,468,185464,,,0,江苏,公办,0,0
浙江,2025,综合,普通类二段,3352,江苏旅游职业学院,,不限,442,177704,,,0,江苏,公办,0,0
浙江,2025,综合,普通类二段,3353,连云港师范学院,,不限,470,188688,,,0,江苏,公办,0,0
浙江,2025,综合,普通类二段,3354,明达职业技术学院,,不限,346,256610,,,0,江苏,民办,0,0
浙江,2025,综合,普通类二段,3355,苏州工业职业技术学院,,不限,469,195964,,,0,江苏,公办,0,0
浙江,2025,综合,普通类二段,3356,徐州幼儿师范高等专科学校,,不限,397,256075,,,0,江苏,公办,0,0
浙江,2025,综合,普通类二段,3357,江苏医药职业学院,,物理、化学(2科必选),484,190798,,,0,江苏,公办,0,0
浙江,2025,综合,普通类二段,3359,徐州工业职业技术学院,,不限,444,213063,,,0,江苏,公办,0,0
浙江,2025,综合,普通类二段,3361,南通师范高等专科学校,,不限,439,193949,,,0,江苏,公办,0,0
浙江,2025,综合,普通类二段,3362,盐城幼儿师范高等专科学校,,不限,438,200964,,,0,江苏,公办,0,0
浙江,2025,综合,普通类二段,3363,无锡师范高等专科学校,,不限,434,234254,,,0,江苏,公办,0,0
浙江,2025,综合,普通类二段,3402,蚌埠工商学院,,物理必选,513,158030,,,0,安徽,民办,0,0
浙江,2025,综合,普通类二段,3403,安徽财贸职业学院,,不限,363,235618,,,0,安徽,公办,0,0
浙江,2025,综合,普通类二段,3405,安徽电气工程职业技术学院,,不限,462,209501,,,0,安徽,公办,0,0
浙江,2025,综合,普通类二段,3406,安徽工程大学,,物理、化学(2科必选),535,131398,,,0,安徽,公办,0,0
浙江,2025,综合,普通类二段,3409,安徽工商职业学院,,不限,438,203848,,,0,安徽,公办,0,0
浙江,2025,综合,普通类二段,3412,安徽工业经济职业技术学院,,不限,437,212196,,,0,安徽,公办,0,0
浙江,2025,综合,普通类二段,3414,安徽国际商务职业学院,,不限,432,224734,,,0,安徽,公办,0,0
浙江,2025,综合,普通类二段,3417,合肥城市学院,,物理、化学(2科必选),488,185464,,,0,安徽,民办,0,0
浙江,2025,综合,普通类二段,3423,安徽商贸职业技术学院,,不限,441,214791,,,0,安徽,公办,0,0
浙江,2025,综合,普通类二段,3424,安徽审计职业学院,,不限,420,215635,,,0,安徽,公办,0,0
浙江,2025,综合,普通类二段,3431,安徽第二医学院,,不限,526,142327,,,0,安徽,公办,0,0
浙江,2025,综合,普通类二段,3431,安徽第二医学院,,化学必选,488,178870,,,0,安徽,公办,0,0
浙江,2025,综合,普通类二段,3431,安徽第二医学院,,物理必选,469,205725,,,0,安徽,公办,0,0
浙江,2025,综合,普通类二段,3432,安徽职业技术大学,,不限,467,207623,,,0,安徽,公办,0,0
浙江,2025,综合,普通类二段,3435,安徽中医药高等专科学校,,不限,465,113980,,,0,安徽,公办,0,0
浙江,2025,综合,普通类二段,3436,安庆师范大学,,物理、化学(2科必选),574,83385,,,0,安徽,公办,0,0
浙江,2025,综合,普通类二段,3440,合肥职业技术学院,,不限,437,198979,,,0,安徽,公办,0,0
浙江,2025,综合,普通类二段,3444,阜阳理工学院,,物理、化学(2科必选),499,174362,,,0,安徽,民办,0,0
浙江,2025,综合,普通类二段,3447,皖江工学院,,物理、化学(2科必选),495,178870,,,0,安徽,民办,0,0
浙江,2025,综合,普通类二段,3449,淮北职业技术学院,,不限,541,123986,,,0,安徽,公办,0,0
浙江,2025,综合,普通类二段,3450,淮南联合大学,,不限,428,186576,,,0,安徽,公办,0,0
浙江,2025,综合,普通类二段,3452,民办万博科技职业学院,,不限,412,245257,,,0,安徽,民办,0,0
浙江,2025,综合,普通类二段,3454,芜湖职业技术大学,,不限,488,185464,,,0,安徽,公办,0,0
浙江,2025,综合,普通类二段,3460,滁州职业技术学院,,不限,438,225499,,,0,安徽,公办,0,0
浙江,2025,综合,普通类二段,3461,黄山职业技术学院,,不限,432,186576,,,0,安徽,公办,0,0
浙江,2025,综合,普通类二段,3474,安徽交通职业技术学院,,不限,424,190798,,,0,安徽,公办,0,0
浙江,2025,综合,普通类二段,3475,合肥幼儿师范高等专科学校,,不限,443,201929,,,0,安徽,公办,0,0
浙江,2025,综合,普通类二段,3477,皖西卫生职业学院,,不限,473,198979,,,0,安徽,公办,0,0
浙江,2025,综合,普通类二段,3478,铜陵职业技术学院,,不限,426,165101,,,0,安徽,公办,0,0
浙江,2025,综合,普通类二段,3479,合肥通用职业技术学院,,不限,438,228586,,,0,安徽,公办,0,0
浙江,2025,综合,普通类二段,3480,宣城职业技术学院,,不限,437,226282,,,0,安徽,公办,0,0
浙江,2025,综合,普通类二段,3481,安徽新闻出版职业技术学院,,不限,434,214791,,,0,安徽,公办,0,0
浙江,2025,综合,普通类二段,3482,安徽粮食工程职业学院,,不限,455,207623,,,0,安徽,公办,0,0
浙江,2025,综合,普通类二段,3483,安徽卫生健康职业学院,,不限,474,187636,,,0,安徽,公办,0,0
浙江,2025,综合,普通类二段,3484,蚌埠经济技术职业学院,,不限,424,194962,,,0,安徽,民办,0,0
浙江,2025,综合,普通类二段,3485,黄山健康职业学院,,不限,451,221591,,,0,安徽,民办,0,0
浙江,2025,综合,普通类二段,3486,宿州航空职业学院,,不限,349,262997,,,0,安徽,民办,0,0
浙江,2025,综合,普通类二段,3504,福建船政交通职业学院,,不限,441,209501,,,0,福建,公办,0,0
浙江,2025,综合,普通类二段,3513,福建水利电力职业技术学院,,不限,431,214791,,,0,福建,公办,0,0
浙江,2025,综合,普通类二段,3514,福建信息职业技术学院,,不限,443,207623,,,0,福建,公办,0,0
浙江,2025,综合,普通类二段,3518,阳光学院,,物理、化学(2科必选),476,188688,,,0,福建,民办,0,0
浙江,2025,综合,普通类二段,3518,阳光学院,,物理必选,466,193949,,,0,福建,民办,0,0
浙江,2025,综合,普通类二段,3519,福州大学至诚学院,,物理、化学(2科必选),489,173134,,,0,福建,民办,0,0
浙江,2025,综合,普通类二段,3521,福州外语外贸学院,,物理、化学(2科必选),479,195964,,,0,福建,民办,0,0
浙江,2025,综合,普通类二段,3521,福州外语外贸学院,,物理必选,475,196959,,,0,福建,民办,0,0
浙江,2025,综合,普通类二段,3522,福州职业技术学院,,不限,454,185464,,,0,福建,公办,0,0
浙江,2025,综合,普通类二段,3532,宁德职业技术学院,,不限,403,187636,,,0,福建,公办,0,0
浙江,2025,综合,普通类二段,3534,泉州华光职业学院,,不限,312,249784,,,0,福建,民办,0,0
浙江,2025,综合,普通类二段,3535,泉州经贸职业技术学院,,不限,430,227042,,,0,福建,公办,0,0
浙江,2025,综合,普通类二段,3536,泉州职业技术大学,,物理必选,476,189770,,,0,福建,民办,0,0
浙江,2025,综合,普通类二段,3538,泉州信息工程学院,,物理、化学(2科必选),472,185464,,,0,福建,民办,0,0
浙江,2025,综合,普通类二段,3538,泉州信息工程学院,,物理必选,475,197988,,,0,福建,民办,0,0
浙江,2025,综合,普通类二段,3542,厦门城市职业学院,,不限,454,190798,,,0,福建,公办,0,0
浙江,2025,综合,普通类二段,3542,厦门城市职业学院,,物理必选,440,213914,,,0,福建,公办,0,0
浙江,2025,综合,普通类二段,3544,厦门大学嘉庚学院,,物理必选,515,155707,,,0,福建,民办,0,0
浙江,2025,综合,普通类二段,3545,厦门海洋职业技术学院,,不限,445,190798,,,0,福建,公办,0,0
浙江,2025,综合,普通类二段,3546,厦门华天涉外职业技术学院,,不限,336,237729,,,0,福建,民办,0,0
浙江,2025,综合,普通类二段,3547,厦门华厦学院,,物理、化学(2科必选),482,186576,,,0,福建,民办,0,0
浙江,2025,综合,普通类二段,3547,厦门华厦学院,,物理必选,480,191901,,,0,福建,民办,0,0
浙江,2025,综合,普通类二段,3549,厦门南洋职业学院,,不限,368,237729,,,0,福建,民办,0,0
浙江,2025,综合,普通类二段,3550,厦门软件职业技术学院,,不限,403,253041,,,0,福建,民办,0,0
浙江,2025,综合,普通类二段,3551,厦门演艺职业学院,,不限,354,273173,,,0,福建,民办,0,0
浙江,2025,综合,普通类二段,3553,闽南师范大学,,不限,569,89443,,,0,福建,公办,0,0
浙江,2025,综合,普通类二段,3555,泉州海洋职业学院,,不限,373,236330,,,0,福建,民办,0,0
浙江,2025,综合,普通类二段,3559,厦门兴才职业技术学院,,不限,311,250871,,,0,福建,民办,0,0
浙江,2025,综合,普通类二段,3561,泉州轻工职业学院,,不限,362,235618,,,0,福建,民办,0,0
浙江,2025,综合,普通类二段,3562,福州墨尔本理工职业学院,,不限,322,242196,,,0,福建,中外合作办学,0,0
浙江,2025,综合,普通类二段,3565,福建华南女子职业学院,,不限,292,276665,,,0,福建,民办,0,0
浙江,2025,综合,普通类二段,3566,泉州纺织服装职业学院,,不限,364,258075,,,0,福建,民办,0,0
浙江,2025,综合,普通类二段,3567,湄洲湾职业技术学院,,不限,468,206643,,,0,福建,公办,0,0
浙江,2025,综合,普通类二段,3568,厦门东海职业技术学院,,不限,364,230723,,,0,福建,民办,0,0
浙江,2025,综合,普通类二段,3569,漳州理工职业学院,,不限,355,245828,,,0,福建,民办,0,0
浙江,2025,综合,普通类二段,3570,武夷山职业学院,,不限,321,265112,,,0,福建,民办,0,0
浙江,2025,综合,普通类二段,3571,厦门安防科技职业学院,,不限,377,214791,,,0,福建,民办,0,0
浙江,2025,综合,普通类二段,3572,福州英华职业学院,,不限,375,240966,,,0,福建,民办,0,0
浙江,2025,综合,普通类二段,3573,漳州科技职业学院,,不限,336,264239,,,0,福建,民办,0,0
浙江,2025,综合,普通类二段,3576,闽西职业技术学院,,不限,415,227042,,,0,福建,公办,0,0
浙江,2025,综合,普通类二段,36,杭州医学院,,物理、化学(2科必选),538,115236,,,0,浙江,公办,0,0
浙江,2025,综合,普通类二段,3606,南昌交通学院,,物理、化学(2科必选),486,184372,,,0,江西,民办,0,0
浙江,2025,综合,普通类二段,3606,南昌交通学院,,物理必选,489,185464,,,0,江西,民办,0,0
浙江,2025,综合,普通类二段,3608,江西财经大学现代经济管理学院,,物理、化学(2科必选),524,144669,,,0,江西,独立学院,0,0
浙江,2025,综合,普通类二段,3609,江西财经职业学院,,不限,440,201929,,,0,江西,公办,0,0
浙江,2025,综合,普通类二段,3610,江西应用科技学院,,不限,343,252007,,,0,江西,民办,0,0
浙江,2025,综合,普通类二段,3610,江西应用科技学院,,物理、化学(2科必选),474,190798,,,0,江西,民办,0,0
浙江,2025,综合,普通类二段,3610,江西应用科技学院,,物理必选,480,194962,,,0,江西,民办,0,0
浙江,2025,综合,普通类二段,3611,南昌职业大学,,不限,370,226282,,,0,江西,民办,0,0
浙江,2025,综合,普通类二段,3611,南昌职业大学,,物理必选,485,189770,,,0,江西,民办,0,0
浙江,2025,综合,普通类二段,3613,江西服装学院,,物理、化学(2科必选),478,196959,,,0,江西,民办,0,0
浙江,2025,综合,普通类二段,3614,南昌工学院,,不限,268,216518,,,0,江西,民办,0,0
浙江,2025,综合,普通类二段,3614,南昌工学院,,物理、化学(2科必选),482,186576,,,0,江西,民办,0,0
浙江,2025,综合,普通类二段,3614,南昌工学院,,物理必选,485,186576,,,0,江西,民办,0,0
浙江,2025,综合,普通类二段,3615,江西工程职业学院,,不限,431,227812,,,0,江西,公办,0,0
浙江,2025,综合,普通类二段,3616,江西工业贸易职业技术学院,,不限,397,228586,,,0,江西,公办,0,0
浙江,2025,综合,普通类二段,3618,江西交通职业技术学院,,不限,425,196959,,,0,江西,公办,0,0
浙江,2025,综合,普通类二段,3620,南昌应用技术师范学院,,不限,426,218243,,,0,江西,民办,0,0
浙江,2025,综合,普通类二段,3621,江西科技学院,,不限,391,223981,,,0,江西,民办,0,0
浙江,2025,综合,普通类二段,3621,江西科技学院,,物理、化学(2科必选),487,186576,,,0,江西,民办,0,0
浙江,2025,综合,普通类二段,3621,江西科技学院,,物理、思想政治(2科必选),486,188688,,,0,江西,民办,0,0
浙江,2025,综合,普通类二段,3624,江西旅游商贸职业学院,,不限,435,223225,,,0,江西,公办,0,0
浙江,2025,综合,普通类二段,3626,江西农业大学南昌商学院,,物理、化学(2科必选),519,150846,,,0,江西,民办,0,0
浙江,2025,综合,普通类二段,3626,江西农业大学南昌商学院,,物理必选,519,150846,,,0,江西,民办,0,0
浙江,2025,综合,普通类二段,3628,江西师范大学科学技术学院,,物理、化学(2科必选),525,143456,,,0,江西,民办,0,0
浙江,2025,综合,普通类二段,3629,江西司法警官职业学院,,不限,464,185464,,,0,江西,公办,0,0
浙江,2025,综合,普通类二段,3630,江西外语外贸职业学院,,不限,424,220779,,,0,江西,公办,0,0
浙江,2025,综合,普通类二段,3631,江西软件职业技术大学,,不限,331,256075,,,0,江西,民办,0,0
浙江,2025,综合,普通类二段,3632,江西现代职业技术学院,,不限,433,219976,,,0,江西,公办,0,0
浙江,2025,综合,普通类二段,3633,江西信息应用职业技术学院,,不限,441,228586,,,0,江西,公办,0,0
浙江,2025,综合,普通类二段,3635,江西应用工程职业学院,,不限,428,226282,,,0,江西,公办,0,0
浙江,2025,综合,普通类二段,3636,江西制造职业技术学院,,不限,434,220779,,,0,江西,公办,0,0
浙江,2025,综合,普通类二段,3639,抚州医药学院,,不限,479,195964,,,0,江西,公办,0,0
浙江,2025,综合,普通类二段,3639,抚州医药学院,,物理必选,404,208543,,,0,江西,公办,0,0
浙江,2025,综合,普通类二段,3643,景德镇艺术职业大学,,不限,400,232866,,,0,江西,民办,0,0
浙江,2025,综合,普通类二段,3643,景德镇艺术职业大学,,物理必选,489,185464,,,0,江西,民办,0,0
浙江,2025,综合,普通类二段,3645,江西职业技术大学,,不限,461,175451,,,0,江西,公办,0,0
浙江,2025,综合,普通类二段,3651,南昌理工学院,,不限,366,211325,,,0,江西,民办,0,0
浙江,2025,综合,普通类二段,3651,南昌理工学院,,物理、化学(2科必选),485,175451,,,0,江西,民办,0,0
浙江,2025,综合,普通类二段,3651,南昌理工学院,,物理必选,484,190798,,,0,江西,民办,0,0
浙江,2025,综合,普通类二段,3655,上饶职业技术学院,,不限,424,220779,,,0,江西,公办,0,0
浙江,2025,综合,普通类二段,3658,江西科技职业学院,,不限,329,238373,,,0,江西,民办,0,0
浙江,2025,综合,普通类二段,3659,江西青年职业学院,,不限,425,224734,,,0,江西,公办,0,0
浙江,2025,综合,普通类二段,3661,江西泰豪动漫职业学院,,不限,339,266694,,,0,江西,民办,0,0
浙江,2025,综合,普通类二段,3663,江西应用技术职业学院,,不限,431,185464,,,0,江西,公办,0,0
浙江,2025,综合,普通类二段,3666,九江职业大学,,不限,445,195964,,,0,江西,公办,0,0
浙江,2025,综合,普通类二段,3669,江西医学高等专科学校,,不限,461,211325,,,0,江西,公办,0,0
浙江,2025,综合,普通类二段,3669,江西医学高等专科学校,,物化生(3科必选),468,206643,,,0,江西,公办,0,0
浙江,2025,综合,普通类二段,3669,江西医学高等专科学校,,物理、化学(2科必选),443,188688,,,0,江西,公办,0,0
浙江,2025,综合,普通类二段,3669,江西医学高等专科学校,,物理必选,454,219114,,,0,江西,公办,0,0
浙江,2025,综合,普通类二段,3679,江西水利职业学院,,不限,377,219114,,,0,江西,公办,0,0
浙江,2025,综合,普通类二段,3681,江西航空职业技术学院,,不限,389,215635,,,0,江西,民办,0,0
浙江,2025,综合,普通类二段,3683,宜春幼儿师范高等专科学校,,不限,423,234254,,,0,江西,公办,0,0
浙江,2025,综合,普通类二段,3687,萍乡卫生职业学院,,不限,436,186576,,,0,江西,公办,0,0
浙江,2025,综合,普通类二段,3688,江西婺源茶业职业学院,,不限,420,230003,,,0,江西,公办,0,0
浙江,2025,综合,普通类二段,3689,江西机电职业技术学院,,不限,436,214791,,,75,江西,公办,0,0
浙江,2025,综合,普通类二段,3691,江西工商职业技术学院,,不限,318,229313,,,0,江西,民办,0,0
浙江,2025,综合,普通类二段,3692,江西工业工程职业技术学院,,不限,431,229313,,,0,江西,公办,0,0
浙江,2025,综合,普通类二段,3693,赣西科技职业学院,,不限,346,245257,,,0,江西,民办,0,0
浙江,2025,综合,普通类二段,3694,江西枫林涉外经贸职业学院,,不限,281,244106,,,0,江西,民办,0,0
浙江,2025,综合,普通类二段,3695,景德镇陶瓷职业技术学院,,不限,268,237729,,,0,江西,民办,0,0
浙江,2025,综合,普通类二段,3696,江西洪州职业学院,,不限,335,233553,,,0,江西,民办,0,0
浙江,2025,综合,普通类二段,3697,抚州幼儿师范高等专科学校,,不限,413,247511,,,0,江西,公办,0,0
浙江,2025,综合,普通类二段,3698,江西环境工程职业学院,,不限,417,223225,,,0,江西,公办,0,0
浙江,2025,综合,普通类二段,3699,江西生物科技职业学院,,不限,447,193949,,,0,江西,公办,0,0
浙江,2025,综合,普通类二段,3704,东营职业学院,,不限,428,217387,,,0,山东,公办,0,0
浙江,2025,综合,普通类二段,3705,济南大学,,物理、化学(2科必选),531,136302,,,0,山东,公办,0,0
浙江,2025,综合,普通类二段,3706,烟台科技学院,,物理、化学(2科必选),487,143456,,,0,山东,民办,0,0
浙江,2025,综合,普通类二段,3707,济南工程职业技术学院,,不限,435,227042,,,0,山东,公办,0,0
浙江,2025,综合,普通类二段,3708,山东职业学院,,不限,448,126489,,,0,山东,公办,0,0
浙江,2025,综合,普通类二段,3708,山东职业学院,,物理必选,462,194962,,,0,山东,公办,0,0
浙江,2025,综合,普通类二段,3710,聊城大学,,物化生(3科必选),487,187636,,,0,山东,公办,0,0
浙江,2025,综合,普通类二段,3710,聊城大学,,物理、化学(2科必选),496,152037,,,0,山东,公办,0,0
浙江,2025,综合,普通类二段,3711,临沂大学,,物理、化学(2科必选),486,186576,,,0,山东,公办,0,0
浙江,2025,综合,普通类二段,3713,青岛滨海学院,,物理、化学(2科必选),478,156842,,,0,山东,民办,0,0
浙江,2025,综合,普通类二段,3713,青岛滨海学院,,物理必选,481,193949,,,0,山东,民办,0,0
浙江,2025,综合,普通类二段,3716,青岛港湾职业技术学院,,不限,427,220779,,,0,山东,公办,0,0
浙江,2025,综合,普通类二段,3717,青岛恒星科技学院,,不限,309,256610,,,0,山东,民办,0,0
浙江,2025,综合,普通类二段,3717,青岛恒星科技学院,,物理、化学(2科必选),475,191901,,,0,山东,民办,0,0
浙江,2025,综合,普通类二段,3717,青岛恒星科技学院,,物理必选,479,195964,,,0,山东,民办,0,0
浙江,2025,综合,普通类二段,3718,青岛酒店管理职业技术学院,,不限,426,229313,,,0,山东,公办,0,0
浙江,2025,综合,普通类二段,3722,青岛农业大学海都学院,,不限,299,189770,,,0,山东,民办,0,0
浙江,2025,综合,普通类二段,3722,青岛农业大学海都学院,,物理、化学(2科必选),487,170889,,,0,山东,民办,0,0
浙江,2025,综合,普通类二段,3722,青岛农业大学海都学院,,物理、生物(2科必选),482,192932,,,0,山东,民办,0,0
浙江,2025,综合,普通类二段,3722,青岛农业大学海都学院,,物理必选,490,184372,,,0,山东,民办,0,0
浙江,2025,综合,普通类二段,3723,青岛求实职业技术学院,,不限,329,228586,,,0,山东,民办,0,0
浙江,2025,综合,普通类二段,3724,青岛职业技术学院,,不限,411,102929,,,0,山东,公办,0,0
浙江,2025,综合,普通类二段,3726,齐鲁理工学院,,不限,467,206643,,,0,山东,民办,0,0
浙江,2025,综合,普通类二段,3726,齐鲁理工学院,,物理、化学(2科必选),486,188688,,,0,山东,民办,0,0
浙江,2025,综合,普通类二段,3727,日照职业技术学院,,不限,416,189770,,,0,山东,公办,0,0
浙江,2025,综合,普通类二段,3729,山东财经大学东方学院,,物理、化学(2科必选),510,161593,,,0,山东,民办,0,0
浙江,2025,综合,普通类二段,3730,山东城市建设职业学院,,不限,422,237729,,,0,山东,公办,0,0
浙江,2025,综合,普通类二段,3738,山东交通学院,,物理、化学(2科必选),501,172010,,,0,山东,公办,0,0
浙江,2025,综合,普通类二段,3744,山东力明科技职业学院,,不限,402,199963,,,0,山东,民办,0,0
浙江,2025,综合,普通类二段,3747,山东商业职业技术学院,,不限,409,200964,,,0,山东,公办,0,0
浙江,2025,综合,普通类二段,3749,山东外贸职业学院,,不限,424,213914,,,0,山东,公办,0,0
浙江,2025,综合,普通类二段,3750,齐鲁医药学院,,不限,438,202888,,,0,山东,民办,0,0
浙江,2025,综合,普通类二段,3751,山东现代学院,,不限,317,188688,,,0,山东,民办,0,0
浙江,2025,综合,普通类二段,3751,山东现代学院,,物理、化学(2科必选),487,159194,,,0,山东,民办,0,0
浙江,2025,综合,普通类二段,3752,山东协和学院,,物理、化学(2科必选),485,185464,,,0,山东,民办,0,0
浙江,2025,综合,普通类二段,3754,山东畜牧兽医职业学院,,不限,436,187636,,,0,山东,公办,0,0
浙江,2025,综合,普通类二段,3756,山东英才学院,,不限,294,273173,,,0,山东,民办,0,0
浙江,2025,综合,普通类二段,3758,潍坊学院,,物化生(3科必选),522,147124,,,0,山东,公办,0,0
浙江,2025,综合,普通类二段,3761,烟台南山学院,,不限,268,192932,,,0,山东,民办,0,0
浙江,2025,综合,普通类二段,3761,烟台南山学院,,物理、化学(2科必选),487,185464,,,0,山东,民办,0,0
浙江,2025,综合,普通类二段,3761,烟台南山学院,,物理必选,487,187636,,,0,山东,民办,0,0
浙江,2025,综合,普通类二段,3764,青岛工学院,,物理、化学(2科必选),477,190798,,,0,山东,民办,0,0
浙江,2025,综合,普通类二段,3764,青岛工学院,,物理必选,483,191901,,,0,山东,民办,0,0
浙江,2025,综合,普通类二段,3768,青岛城市学院,,物理、化学(2科必选),486,186576,,,0,山东,民办,0,0
浙江,2025,综合,普通类二段,3768,青岛城市学院,,物理必选,483,191901,,,0,山东,民办,0,0
浙江,2025,综合,普通类二段,3769,山东工程职业技术大学,,不限,316,260443,,,0,山东,民办,0,0
浙江,2025,综合,普通类二段,3769,山东工程职业技术大学,,物理必选,481,185464,,,0,山东,民办,0,0
浙江,2025,综合,普通类二段,3771,青岛电影学院,,物理、化学(2科必选),460,213914,,,0,山东,民办,0,0
浙江,2025,综合,普通类二段,3773,青岛黄海学院,,不限,291,240350,,,0,山东,民办,0,0
浙江,2025,综合,普通类二段,3773,青岛黄海学院,,物理、化学(2科必选),458,188688,,,0,山东,民办,0,0
浙江,2025,综合,普通类二段,3773,青岛黄海学院,,物理必选,478,191901,,,0,山东,民办,0,0
浙江,2025,综合,普通类二段,3783,山东中医药高等专科学校,,不限,433,213914,,,0,山东,公办,0,0
浙江,2025,综合,普通类二段,3784,泰山科技学院,,不限,268,260443,,,0,山东,民办,0,0
浙江,2025,综合,普通类二段,3784,泰山科技学院,,物理、化学(2科必选),475,191901,,,0,山东,民办,0,0
浙江,2025,综合,普通类二段,3784,泰山科技学院,,物理必选,476,198979,,,0,山东,民办,0,0
浙江,2025,综合,普通类二段,3785,临沂科技职业学院,,不限,421,234973,,,0,山东,公办,0,0
浙江,2025,综合,普通类二段,3787,曲阜远东职业技术学院,,不限,268,274079,,,0,山东,民办,0,0
浙江,2025,综合,普通类二段,3788,山东圣翰财贸职业学院,,不限,268,242196,,,0,山东,民办,0,0
浙江,2025,综合,普通类二段,3789,山东化工职业学院,,不限,421,237729,,,0,山东,公办,0,0
浙江,2025,综合,普通类二段,3790,山东文化产业职业学院,,不限,308,242810,,,0,山东,民办,0,0
浙江,2025,综合,普通类二段,3791,山东艺术设计职业学院,,不限,308,276665,,,0,山东,民办,0,0
浙江,2025,综合,普通类二段,3792,烟台黄金职业学院,,不限,268,275924,,,0,山东,民办,0,0
浙江,2025,综合,普通类二段,3793,日照航海工程职业学院,,不限,341,266694,,,0,山东,民办,0,0
浙江,2025,综合,普通类二段,3794,青岛航空科技职业学院,,不限,327,267094,,,0,山东,民办,0,0
浙江,2025,综合,普通类二段,3795,潍坊食品科技职业学院,,不限,268,271962,,,0,山东,民办,0,0
浙江,2025,综合,普通类二段,3797,滨州科技职业学院,,不限,268,253541,,,0,山东,民办,0,0
浙江,2025,综合,普通类二段,3798,德州工程职业学院,,不限,292,273471,,,0,山东,民办,0,0
浙江,2025,综合,普通类二段,3799,山东水利职业学院,,不限,426,223225,,,0,山东,公办,0,0
浙江,2025,综合,普通类二段,3799,山东水利职业学院,,物理必选,445,222417,,,0,山东,公办,0,0
浙江,2025,综合,普通类二段,3801,江西新能源科技职业学院,,不限,402,238373,,,0,江西,民办,0,0
浙江,2025,综合,普通类二段,3802,赣南卫生健康职业学院,,不限,485,189770,,,0,江西,公办,0,0
浙江,2025,综合,普通类二段,3802,赣南卫生健康职业学院,,化学、生物(2科必选),466,188688,,,0,江西,公办,0,0
浙江,2025,综合,普通类二段,3804,和君职业学院,,不限,339,260443,,,0,江西,民办,0,0
浙江,2025,综合,普通类二段,3805,上饶幼儿师范高等专科学校,,不限,422,223981,,,0,江西,公办,0,0
浙江,2025,综合,普通类二段,3806,江西工业职业技术学院,,不限,426,228586,,,0,江西,公办,0,0
浙江,2025,综合,普通类二段,3807,宜春职业技术学院,,不限,448,189770,,,0,江西,公办,0,0
浙江,2025,综合,普通类二段,3809,上饶卫生健康职业学院,,不限,460,199963,,,0,江西,公办,0,0
浙江,2025,综合,普通类二段,3809,上饶卫生健康职业学院,,化学必选,481,193949,,,0,江西,公办,0,0
浙江,2025,综合,普通类二段,3809,上饶卫生健康职业学院,,物理必选,427,239016,,,0,江西,公办,0,0
浙江,2025,综合,普通类二段,3810,江西樟树中医药职业学院,,不限,438,224734,,,0,江西,民办,0,0
浙江,2025,综合,普通类二段,3811,江西管理职业学院,,不限,421,229313,,,0,江西,公办,0,0
浙江,2025,综合,普通类二段,3812,南昌健康职业技术学院,,不限,470,193949,,,0,江西,公办,0,0
浙江,2025,综合,普通类二段,3813,鹰潭卫生职业学院,,不限,346,259043,,,0,江西,民办,0,0
浙江,2025,综合,普通类二段,3815,赣东职业技术学院,,不限,305,271007,,,0,江西,民办,0,0
浙江,2025,综合,普通类二段,3816,南昌影视传播职业学院,,不限,305,266694,,,0,江西,民办,0,0
浙江,2025,综合,普通类二段,3902,威海职业学院,,不限,420,231464,,,0,山东,公办,0,0
浙江,2025,综合,普通类二段,3906,山东外国语职业技术大学,,不限,356,243458,,,0,山东,民办,0,0
浙江,2025,综合,普通类二段,3907,潍坊工商职业学院,,不限,268,249217,,,0,山东,民办,0,0
浙江,2025,综合,普通类二段,3908,山东轻工职业学院,,不限,416,240966,,,0,山东,公办,0,0
浙江,2025,综合,普通类二段,3909,枣庄科技职业学院,,不限,413,189770,,,0,山东,公办,0,0
浙江,2025,综合,普通类二段,4003,长江工程职业技术学院,,不限,381,222417,,,0,湖北,公办,0,0
浙江,2025,综合,普通类二段,4004,长江职业学院,,不限,430,227042,,,0,湖北,公办,0,0
浙江,2025,综合,普通类二段,4006,鄂州职业大学,,不限,415,205725,,,0,湖北,公办,0,0
浙江,2025,综合,普通类二段,4007,恩施职业技术学院,,不限,410,233553,,,0,湖北,公办,0,0
浙江,2025,综合,普通类二段,4009,湖北财税职业学院,,不限,414,212196,,,0,湖北,公办,0,0
浙江,2025,综合,普通类二段,4010,湖北城市建设职业技术学院,,不限,421,230723,,,0,湖北,公办,0,0
浙江,2025,综合,普通类二段,4012,湖北大学知行学院,,物理、化学(2科必选),509,162728,,,0,湖北,民办,0,0
浙江,2025,综合,普通类二段,4016,湖北商贸学院,,物理、化学(2科必选),489,185464,,,0,湖北,民办,0,0
浙江,2025,综合,普通类二段,4016,湖北商贸学院,,物理必选,484,190798,,,0,湖北,民办,0,0
浙江,2025,综合,普通类二段,4017,湖北国土资源职业学院,,不限,420,228586,,,0,湖北,公办,0,0
浙江,2025,综合,普通类二段,4018,湖北交通职业技术学院,,不限,428,219114,,,0,湖北,公办,0,0
浙江,2025,综合,普通类二段,4025,湖北轻工职业技术学院,,不限,427,218243,,,0,湖北,公办,0,0
浙江,2025,综合,普通类二段,4026,湖北三峡职业技术学院,,不限,431,185464,,,0,湖北,公办,0,0
浙江,2025,综合,普通类二段,4027,湖北生态工程职业技术学院,,不限,427,222417,,,0,湖北,公办,0,0
浙江,2025,综合,普通类二段,4028,湖北生物科技职业学院,,不限,436,205725,,,0,湖北,公办,0,0
浙江,2025,综合,普通类二段,4030,湖北水利水电职业技术学院,,不限,440,218243,,,0,湖北,公办,0,0
浙江,2025,综合,普通类二段,4031,湖北职业技术学院,,不限,446,190798,,,0,湖北,公办,0,0
浙江,2025,综合,普通类二段,4033,湖北中医药高等专科学校,,不限,481,177704,,,0,湖北,公办,0,0
浙江,2025,综合,普通类二段,4033,湖北中医药高等专科学校,,物理必选,486,188688,,,0,湖北,公办,0,0
浙江,2025,综合,普通类二段,4035,文华学院,,不限,380,234973,,,0,湖北,民办,0,0
浙江,2025,综合,普通类二段,4035,文华学院,,物理、化学(2科必选),480,168593,,,0,湖北,民办,0,0
浙江,2025,综合,普通类二段,4035,文华学院,,物理必选,486,186576,,,0,湖北,民办,0,0
浙江,2025,综合,普通类二段,4036,武昌首义学院,,不限,380,185464,,,0,湖北,民办,0,0
浙江,2025,综合,普通类二段,4036,武昌首义学院,,物理、化学(2科必选),482,161593,,,0,湖北,民办,0,0
浙江,2025,综合,普通类二段,4036,武昌首义学院,,物理必选,487,187636,,,0,湖北,民办,0,0
浙江,2025,综合,普通类二段,4038,武汉设计工程学院,,物理、化学(2科必选),487,187636,,,0,湖北,民办,0,0
浙江,2025,综合,普通类二段,4041,黄冈科技职业学院,,不限,338,240966,,,0,湖北,民办,0,0
浙江,2025,综合,普通类二段,4042,黄冈职业技术学院,,不限,436,199963,,,0,湖北,公办,0,0
浙江,2025,综合,普通类二段,4044,江汉艺术职业学院,,不限,424,235618,,,0,湖北,公办,0,0
浙江,2025,综合,普通类二段,4047,荆州职业技术学院,,不限,417,189770,,,0,湖北,公办,0,0
浙江,2025,综合,普通类二段,4049,三峡大学科技学院,,不限,475,188688,,,0,湖北,民办,0,0
浙江,2025,综合,普通类二段,4050,三峡电力职业学院,,不限,444,204772,,,0,湖北,公办,0,0
浙江,2025,综合,普通类二段,4051,荆州理工职业学院,,不限,414,207623,,,0,湖北,公办,0,0
浙江,2025,综合,普通类二段,4052,湖北工业职业技术学院,,不限,375,230723,,,0,湖北,公办,0,0
浙江,2025,综合,普通类二段,4053,随州职业技术学院,,不限,411,219976,,,0,湖北,公办,0,0
浙江,2025,综合,普通类二段,4054,武汉船舶职业技术学院,,不限,423,202888,,,0,湖北,公办,0,0
浙江,2025,综合,普通类二段,4056,武汉晴川学院,,物理、化学(2科必选),486,186576,,,0,湖北,民办,0,0
浙江,2025,综合,普通类二段,4056,武汉晴川学院,,物理必选,483,189770,,,0,湖北,民办,0,0
浙江,2025,综合,普通类二段,4060,武汉工程职业技术学院,,不限,437,202888,,,0,湖北,公办,0,0
浙江,2025,综合,普通类二段,4061,武汉轻工大学,,物理、化学(2科必选),516,154495,,,0,湖北,公办,0,0
浙江,2025,综合,普通类二段,4062,武昌工学院,,物理、化学(2科必选),488,186576,,,0,湖北,民办,0,0
浙江,2025,综合,普通类二段,4062,武昌工学院,,物理必选,485,189770,,,0,湖北,民办,0,0
浙江,2025,综合,普通类二段,4064,武汉航海职业技术学院,,不限,431,217387,,,0,湖北,公办,0,0
浙江,2025,综合,普通类二段,4065,武汉交通职业学院,,不限,393,204772,,,0,湖北,公办,0,0
浙江,2025,综合,普通类二段,4068,武汉城市学院,,物理、化学(2科必选),485,189770,,,0,湖北,民办,0,0
浙江,2025,综合,普通类二段,4068,武汉城市学院,,物理必选,486,186576,,,0,湖北,民办,0,0
浙江,2025,综合,普通类二段,4069,武昌理工学院,,不限,376,186576,,,0,湖北,民办,0,0
浙江,2025,综合,普通类二段,4069,武昌理工学院,,物理、化学(2科必选),488,165101,,,0,湖北,民办,0,0
浙江,2025,综合,普通类二段,4069,武昌理工学院,,物理必选,489,185464,,,0,湖北,民办,0,0
浙江,2025,综合,普通类二段,4071,武汉纺织大学外经贸学院,,不限,430,203848,,,0,湖北,民办,0,0
浙江,2025,综合,普通类二段,4071,武汉纺织大学外经贸学院,,物理、化学(2科必选),491,183301,,,0,湖北,民办,0,0
浙江,2025,综合,普通类二段,4073,武汉华夏理工学院,,物理、化学(2科必选),477,186576,,,0,湖北,民办,0,0
浙江,2025,综合,普通类二段,4073,武汉华夏理工学院,,物理必选,484,186576,,,0,湖北,民办,0,0
浙江,2025,综合,普通类二段,4074,武汉民政职业学院,,不限,404,207623,,,0,湖北,公办,0,0
浙江,2025,综合,普通类二段,4075,武汉软件工程职业学院,,不限,453,194962,,,0,湖北,公办,0,0
浙江,2025,综合,普通类二段,4076,武汉商贸职业学院,,不限,354,234973,,,0,湖北,民办,0,0
浙江,2025,综合,普通类二段,4078,武汉生物工程学院,,不限,362,100479,,,0,湖北,民办,0,0
浙江,2025,综合,普通类二段,4078,武汉生物工程学院,,物理、化学(2科必选),483,162728,,,0,湖北,民办,0,0
浙江,2025,综合,普通类二段,4078,武汉生物工程学院,,物理必选,501,172010,,,0,湖北,民办,0,0
浙江,2025,综合,普通类二段,4080,武汉铁路职业技术学院,,不限,446,186576,,,0,湖北,公办,0,0
浙江,2025,综合,普通类二段,4081,武汉外语外事职业学院,,不限,367,244106,,,0,湖北,民办,0,0
浙江,2025,综合,普通类二段,4082,武汉信息传播职业技术学院,,不限,376,249217,,,0,湖北,民办,0,0
浙江,2025,综合,普通类二段,4083,武昌职业学院,,不限,341,248653,,,0,湖北,民办,0,0
浙江,2025,综合,普通类二段,4084,武汉职业技术大学,,不限,469,186576,,,0,湖北,公办,0,0
浙江,2025,综合,普通类二段,4085,仙桃职业学院,,不限,429,212196,,,0,湖北,公办,0,0
浙江,2025,综合,普通类二段,4087,咸宁职业技术学院,,不限,359,212196,,,0,湖北,公办,0,0
浙江,2025,综合,普通类二段,4089,襄阳职业技术学院,,不限,268,187636,,,0,湖北,公办,0,0
浙江,2025,综合,普通类二段,4094,武汉工程科技学院,,不限,383,107736,,,0,湖北,民办,0,0
浙江,2025,综合,普通类二段,4094,武汉工程科技学院,,物理、化学(2科必选),485,189770,,,0,湖北,民办,0,0
浙江,2025,综合,普通类二段,4097,武汉工商学院,,不限,418,205725,,,0,湖北,民办,0,0
浙江,2025,综合,普通类二段,4097,武汉工商学院,,物理、化学(2科必选),483,188688,,,0,湖北,民办,0,0
浙江,2025,综合,普通类二段,4097,武汉工商学院,,物理必选,425,186576,,,0,湖北,民办,0,0
浙江,2025,综合,普通类二段,41,浙江艺术职业学院,,不限,478,185464,,,0,浙江,公办,0,0
浙江,2025,综合,普通类二段,4111,武汉城市职业学院,,不限,436,186576,,,0,湖北,公办,0,0
浙江,2025,综合,普通类二段,4116,湖北铁道运输职业学院,,不限,467,193949,,,0,湖北,公办,0,0
浙江,2025,综合,普通类二段,4117,武汉东湖学院,,不限,368,203848,,,0,湖北,民办,0,0
浙江,2025,综合,普通类二段,4118,长江艺术工程职业学院,,不限,349,263435,,,0,湖北,民办,0,0
浙江,2025,综合,普通类二段,4119,天门职业学院,,不限,416,226282,,,0,湖北,公办,0,0
浙江,2025,综合,普通类二段,4120,武汉铁路桥梁职业学院,,不限,430,188688,,,0,湖北,公办,0,0
浙江,2025,综合,普通类二段,4121,武汉光谷职业学院,,不限,389,238373,,,0,湖北,民办,0,0
浙江,2025,综合,普通类二段,42,浙江交通职业技术学院,,不限,565,94299,,,0,浙江,公办,0,0
浙江,2025,综合,普通类二段,4201,安阳工学院,,物理、化学(2科必选),489,185464,,,0,河南,公办,0,0
浙江,2025,综合,普通类二段,4204,郑州商学院,,物理必选,503,169717,,,0,河南,民办,0,0
浙江,2025,综合,普通类二段,4210,河南检察职业学院,,不限,529,138775,,,0,河南,公办,0,0
浙江,2025,综合,普通类二段,4219,黄河科技学院,,物理、化学(2科必选),486,185464,,,0,河南,民办,0,0
浙江,2025,综合,普通类二段,4220,黄河水利职业技术大学,,不限,456,188688,,,0,河南,公办,0,0
浙江,2025,综合,普通类二段,4223,焦作师范高等专科学校,,史政地(3科必选),424,240966,,,0,河南,公办,0,0
浙江,2025,综合,普通类二段,4225,洛阳理工学院,,物理、化学(2科必选),499,174362,,,0,河南,公办,0,0
浙江,2025,综合,普通类二段,4227,漯河医学高等专科学校,,不限,422,201929,,,0,河南,公办,0,0
浙江,2025,综合,普通类二段,4239,郑州旅游职业学院,,不限,425,240350,,,0,河南,公办,0,0
浙江,2025,综合,普通类二段,4239,郑州旅游职业学院,,历史必选,418,237729,,,0,河南,公办,0,0
浙江,2025,综合,普通类二段,4248,郑州工业应用技术学院,,不限,396,234254,,,0,河南,民办,0,0
浙江,2025,综合,普通类二段,4254,商丘医学高等专科学校,,不限,476,197988,,,0,河南,公办,0,0
浙江,2025,综合,普通类二段,4260,商丘工学院,,物理、化学(2科必选),488,186576,,,0,河南,民办,0,0
浙江,2025,综合,普通类二段,4264,洛阳职业技术学院,,不限,455,190798,,,0,河南,公办,0,0
浙江,2025,综合,普通类二段,4266,郑州西亚斯学院,,物理必选,464,205725,,,0,河南,民办,0,0
浙江,2025,综合,普通类二段,4270,漯河职业技术学院,,不限,402,224734,,,0,河南,公办,0,0
浙江,2025,综合,普通类二段,4271,周口职业技术学院,,不限,432,229313,,,0,河南,公办,0,0
浙江,2025,综合,普通类二段,4272,鹤壁职业技术学院,,不限,364,240350,,,0,河南,公办,0,0
浙江,2025,综合,普通类二段,4273,河南测绘职业学院,,不限,420,242810,,,0,河南,公办,0,0
浙江,2025,综合,普通类二段,4274,郑州卫生健康职业学院,,不限,462,208543,,,0,河南,公办,0,0
浙江,2025,综合,普通类二段,4275,郑州医药健康职业学院,,不限,324,199963,,,0,河南,民办,0,0
浙江,2025,综合,普通类二段,4276,河南职业技术学院,,不限,434,234254,,,0,河南,公办,0,0
浙江,2025,综合,普通类二段,4276,河南职业技术学院,,物理必选,436,225499,,,0,河南,公办,0,0
浙江,2025,综合,普通类二段,4277,鹤壁汽车工程职业学院,,不限,268,281260,,,0,河南,民办,0,0
浙江,2025,综合,普通类二段,4278,河南地矿职业学院,,不限,421,231464,,,0,河南,公办,0,0
浙江,2025,综合,普通类二段,4279,郑州电力高等专科学校,,物理必选,477,197988,,,0,河南,公办,0,0
浙江,2025,综合,普通类二段,4280,信阳航空职业学院,,不限,268,282170,,,0,河南,民办,0,0
浙江,2025,综合,普通类二段,4281,郑州食品工程职业学院,,不限,268,282170,,,0,河南,民办,0,0
浙江,2025,综合,普通类二段,43,浙江工商职业技术学院,,不限,461,185464,,,0,浙江,公办,0,0
浙江,2025,综合,普通类二段,4303,长沙航空职业技术学院,,不限,486,186576,,,0,湖南,公办,0,0
浙江,2025,综合,普通类二段,4304,长沙环境保护职业技术学院,,不限,424,237729,,,0,湖南,公办,0,0
浙江,2025,综合,普通类二段,4307,长沙民政职业技术学院,,不限,489,185464,,,0,湖南,公办,0,0
浙江,2025,综合,普通类二段,4309,长沙医学院,,化学必选,520,149572,,,0,湖南,民办,0,0
浙江,2025,综合,普通类二段,4309,长沙医学院,,物理、化学(2科必选),487,149572,,,0,湖南,民办,0,0
浙江,2025,综合,普通类二段,4311,湖南财政经济学院,,物理必选,560,100479,,,0,湖南,公办,0,0
浙江,2025,综合,普通类二段,4312,湖南城建职业技术学院,,不限,431,234254,,,0,湖南,公办,0,0
浙江,2025,综合,普通类二段,4320,湖南工程职业技术学院,,不限,425,190798,,,0,湖南,公办,0,0
浙江,2025,综合,普通类二段,4324,湖南工业职业技术学院,,不限,459,183301,,,0,湖南,公办,0,0
浙江,2025,综合,普通类二段,4324,湖南工业职业技术学院,,物理必选,473,201929,,,0,湖南,公办,0,0
浙江,2025,综合,普通类二段,4326,湖南环境生物职业技术学院,,不限,458,196959,,,0,湖南,公办,0,0
浙江,2025,综合,普通类二段,4329,湖南交通职业技术学院,,不限,463,189770,,,0,湖南,公办,0,0
浙江,2025,综合,普通类二段,4334,岳阳学院,,物理、化学(2科必选),486,186576,,,0,湖南,民办,0,0
浙江,2025,综合,普通类二段,4334,岳阳学院,,物理必选,482,192932,,,0,湖南,民办,0,0
浙江,2025,综合,普通类二段,4338,湖南商务职业技术学院,,不限,430,212196,,,0,湖南,公办,0,0
浙江,2025,综合,普通类二段,4340,湘潭理工学院,,物理必选,511,160384,,,0,湖南,民办,0,0
浙江,2025,综合,普通类二段,4341,湖南涉外经济学院,,不限,530,107736,,,0,湖南,民办,0,0
浙江,2025,综合,普通类二段,4341,湖南涉外经济学院,,物理、化学(2科必选),476,190798,,,0,湖南,民办,0,0
浙江,2025,综合,普通类二段,4343,湖南石油化工职业技术学院,,不限,433,224734,,,0,湖南,公办,0,0
浙江,2025,综合,普通类二段,4344,湖南水利水电职业技术学院,,不限,432,205725,,,0,湖南,公办,0,0
浙江,2025,综合,普通类二段,4348,常德学院,,物理、化学(2科必选),487,161593,,,0,湖南,民办,0,0
浙江,2025,综合,普通类二段,4350,湖南信息职业技术学院,,不限,460,197988,,,0,湖南,公办,0,0
浙江,2025,综合,普通类二段,4357,张家界学院,,不限,318,224734,,,0,湖南,民办,0,0
浙江,2025,综合,普通类二段,4357,张家界学院,,物理、化学(2科必选),487,187636,,,0,湖南,民办,0,0
浙江,2025,综合,普通类二段,4364,永州职业技术学院,,不限,483,191901,,,0,湖南,公办,0,0
浙江,2025,综合,普通类二段,4375,湖南三一工业职业技术学院,,不限,367,248653,,,0,湖南,民办,0,0
浙江,2025,综合,普通类二段,4378,湖南安全技术职业学院,,不限,430,234973,,,0,湖南,公办,0,0
浙江,2025,综合,普通类二段,4380,湖南都市职业学院,,不限,316,271962,,,0,湖南,民办,0,0
浙江,2025,综合,普通类二段,4383,湖南外国语职业学院,,不限,279,277145,,,0,湖南,民办,0,0
浙江,2025,综合,普通类二段,4384,湖南电子科技职业学院,,不限,389,252525,,,0,湖南,民办,0,0
浙江,2025,综合,普通类二段,4385,长沙轨道交通职业学院,,不限,268,240350,,,0,湖南,民办,0,0
浙江,2025,综合,普通类二段,4386,长沙文创艺术职业学院,,不限,273,275924,,,0,湖南,民办,0,0
浙江,2025,综合,普通类二段,4387,岳阳现代服务职业学院,,不限,326,264239,,,0,湖南,民办,0,0
浙江,2025,综合,普通类二段,4388,郴州思科职业学院,,不限,290,237729,,,0,湖南,民办,0,0
浙江,2025,综合,普通类二段,4389,衡阳科技职业学院,,不限,369,266694,,,0,湖南,民办,0,0
浙江,2025,综合,普通类二段,4390,长沙科技职业学院,,不限,358,268589,,,0,湖南,民办,0,0
浙江,2025,综合,普通类二段,4391,湖南工商职业学院,,不限,332,260443,,,0,湖南,民办,0,0
浙江,2025,综合,普通类二段,4393,郴州智能科技职业学院,,不限,268,290790,,,0,湖南,民办,0,0
浙江,2025,综合,普通类二段,4394,长沙医药健康职业学院,,不限,385,221591,,,0,湖南,民办,0,0
浙江,2025,综合,普通类二段,4395,株洲科技职业学院,,不限,280,282005,,,0,湖南,民办,0,0
浙江,2025,综合,普通类二段,4396,邵阳工业职业技术学院,,不限,418,238373,,,0,湖南,公办,0,0
浙江,2025,综合,普通类二段,4397,湖南交通工程学院,,不限,300,253541,,,0,湖南,民办,0,0
浙江,2025,综合,普通类二段,4398,衡阳理工职业学院,,不限,272,283394,,,0,湖南,民办,0,0
浙江,2025,综合,普通类二段,4399,潇湘职业学院,,不限,268,258075,,,0,湖南,民办,0,0
浙江,2025,综合,普通类二段,44,浙江工贸职业技术学院,,不限,459,158030,,,0,浙江,公办,0,0
浙江,2025,综合,普通类二段,4403,电子科技大学中山学院,,物理、化学(2科必选),488,186576,,,0,广东,民办,0,0
浙江,2025,综合,普通类二段,4404,东莞城市学院,,物理、化学(2科必选),467,195964,,,0,广东,民办,0,0
浙江,2025,综合,普通类二段,4404,东莞城市学院,,物理必选,474,199963,,,0,广东,民办,0,0
浙江,2025,综合,普通类二段,4405,广东白云学院,,物理、化学(2科必选),481,188688,,,0,广东,民办,0,0
浙江,2025,综合,普通类二段,4413,广东亚视演艺职业学院,,不限,268,276393,,,0,广东,民办,0,0
浙江,2025,综合,普通类二段,4416,广州应用科技学院,,物理、化学(2科必选),484,187636,,,0,广东,民办,0,0
浙江,2025,综合,普通类二段,4417,广州工商学院,,物理、化学(2科必选),461,209501,,,0,广东,民办,0,0
浙江,2025,综合,普通类二段,4420,广州民航职业技术学院,,不限,399,255080,,,0,广东,公办,0,0
浙江,2025,综合,普通类二段,4420,广州民航职业技术学院,,物理必选,453,186576,,,0,广东,公办,0,0
浙江,2025,综合,普通类二段,4430,广东南华工商职业学院,,不限,357,201929,,,0,广东,公办,0,0
浙江,2025,综合,普通类二段,4434,私立华联学院,,不限,326,269638,,,0,广东,民办,0,0
浙江,2025,综合,普通类二段,4438,珠海艺术职业学院,,不限,343,256075,,,0,广东,民办,0,0
浙江,2025,综合,普通类二段,4452,广东理工学院,,物理、化学(2科必选),484,160384,,,0,广东,民办,0,0
浙江,2025,综合,普通类二段,4452,广东理工学院,,物理必选,475,199963,,,0,广东,民办,0,0
浙江,2025,综合,普通类二段,4456,广东轻工职业技术大学,,物理必选,486,188688,,,0,广东,公办,0,0
浙江,2025,综合,普通类二段,4457,广州软件学院,,物理、化学(2科必选),485,185464,,,0,广东,民办,0,0
浙江,2025,综合,普通类二段,4458,广州铁路职业技术学院,,物理必选,469,190798,,,0,广东,公办,0,0
浙江,2025,综合,普通类二段,4464,岭南师范学院,,物理、化学(2科必选),489,185464,,,0,广东,公办,0,0
浙江,2025,综合,普通类二段,4468,华南农业大学珠江学院,,不限,526,136302,,,0,广东,民办,0,0
浙江,2025,综合,普通类二段,4469,广州华立科技职业学院,,不限,307,216518,,,0,广东,民办,0,0
浙江,2025,综合,普通类二段,4470,广州科技贸易职业学院,,物理、化学(2科必选),442,199963,,,0,广东,公办,0,0
浙江,2025,综合,普通类二段,4471,广东信息工程职业学院,,不限,268,262997,,,0,广东,民办,0,0
浙江,2025,综合,普通类二段,4472,广州卫生职业技术学院,,不限,473,192932,,,0,广东,公办,0,0
浙江,2025,综合,普通类二段,4472,广州卫生职业技术学院,,物理、化学(2科必选),459,214791,,,0,广东,公办,0,0
浙江,2025,综合,普通类二段,4474,广东茂名幼儿师范专科学校,,不限,408,250301,,,0,广东,公办,0,0
浙江,2025,综合,普通类二段,4476,广东碧桂园职业学院,,不限,268,290790,,,0,广东,民办,0,0
浙江,2025,综合,普通类二段,4477,广州新华学院,,物理、化学(2科必选),483,191901,,,0,广东,民办,0,0
浙江,2025,综合,普通类二段,4479,广州华南商贸职业学院,,不限,269,279897,,,0,广东,民办,0,0
浙江,2025,综合,普通类二段,4481,广州理工学院,,物理、化学(2科必选),482,187636,,,0,广东,民办,0,0
浙江,2025,综合,普通类二段,4483,广州涉外经济职业技术学院,,不限,268,282878,,,0,广东,民办,0,0
浙江,2025,综合,普通类二段,4506,广西科技大学,,物理、化学(2科必选),518,152037,,,0,广西,公办,0,0
浙江,2025,综合,普通类二段,4507,柳州工学院,,不限,554,107736,,,0,广西,民办,0,0
浙江,2025,综合,普通类二段,4507,柳州工学院,,物理、化学(2科必选),475,190798,,,0,广西,民办,0,0
浙江,2025,综合,普通类二段,4507,柳州工学院,,物理、思想政治(2科必选),464,204772,,,0,广西,民办,0,0
浙江,2025,综合,普通类二段,4509,广西机电职业技术学院,,不限,416,238373,,,0,广西,公办,0,0
浙江,2025,综合,普通类二段,4509,广西机电职业技术学院,,物理必选,413,236330,,,0,广西,公办,0,0
浙江,2025,综合,普通类二段,4511,广西民族大学,,不限,585,70025,,,0,广西,公办,0,0
浙江,2025,综合,普通类二段,4511,广西民族大学,,物理、化学(2科必选),498,175451,,,0,广西,公办,0,0
浙江,2025,综合,普通类二段,4514,桂林学院,,物理、化学(2科必选),481,186576,,,18,广西,民办,0,0
浙江,2025,综合,普通类二段,4514,桂林学院,,物理必选,482,189770,,,6,广西,民办,0,0
浙江,2025,综合,普通类二段,4517,广西医科大学,,物理、化学(2科必选),491,183301,,,0,广西,公办,0,0
浙江,2025,综合,普通类二段,4519,广西中医药大学,,物理、化学(2科必选),485,189770,,,0,广西,公办,0,0
浙江,2025,综合,普通类二段,4520,广西中医药大学赛恩斯新医药学院,,物理、化学(2科必选),501,168593,,,0,广西,民办,0,0
浙江,2025,综合,普通类二段,4522,桂林信息科技学院,,物理、化学(2科必选),462,185464,,,0,广西,民办,0,0
浙江,2025,综合,普通类二段,4526,桂林旅游学院,,物理、化学(2科必选),465,209501,,,0,广西,公办,0,0
浙江,2025,综合,普通类二段,4527,桂林师范学院,,不限,268,166262,,,0,广西,公办,0,0
浙江,2025,综合,普通类二段,4528,桂林医科大学,,物理、化学(2科必选),485,186576,,,0,广西,公办,0,0
浙江,2025,综合,普通类二段,4529,北部湾大学,,物理、化学(2科必选),529,138775,,,0,广西,公办,0,0
浙江,2025,综合,普通类二段,4531,玉林师范学院,,物化生(3科必选),527,141125,,,0,广西,公办,0,0
浙江,2025,综合,普通类二段,4531,玉林师范学院,,物理、化学(2科必选),524,144669,,,0,广西,公办,0,0
浙江,2025,综合,普通类二段,4532,广西工程职业学院,,不限,268,274638,,,0,广西,民办,0,0
浙江,2025,综合,普通类二段,4533,广西英华国际职业学院,,不限,274,287324,,,0,广西,民办,0,0
浙江,2025,综合,普通类二段,4535,广西外国语学院,,不限,531,95529,,,0,广西,民办,0,0
浙江,2025,综合,普通类二段,4535,广西外国语学院,,物理、化学(2科必选),454,188688,,,0,广西,民办,0,0
浙江,2025,综合,普通类二段,4535,广西外国语学院,,物理必选,466,201929,,,0,广西,民办,0,0
浙江,2025,综合,普通类二段,4537,广西演艺职业学院,,不限,268,285020,,,0,广西,民办,0,0
浙江,2025,综合,普通类二段,4538,南宁理工学院,,不限,533,102929,,,0,广西,民办,0,0
浙江,2025,综合,普通类二段,4538,南宁理工学院,,物理必选,474,199963,,,0,广西,民办,0,0
浙江,2025,综合,普通类二段,4539,广西电力职业技术学院,,不限,417,221591,,,0,广西,公办,0,0
浙江,2025,综合,普通类二段,4540,广西经济职业学院,,不限,268,279897,,,0,广西,民办,0,0
浙江,2025,综合,普通类二段,4541,广西培贤国际职业学院,,不限,268,254038,,,0,广西,民办,0,0
浙江,2025,综合,普通类二段,4542,南宁学院,,物理、化学(2科必选),477,185464,,,0,广西,民办,0,0
浙江,2025,综合,普通类二段,4542,南宁学院,,物理必选,477,194962,,,0,广西,民办,0,0
浙江,2025,综合,普通类二段,4543,柳州铁道职业技术学院,,不限,478,185464,,,0,广西,公办,0,0
浙江,2025,综合,普通类二段,4543,柳州铁道职业技术学院,,物理必选,453,204772,,,0,广西,公办,0,0
浙江,2025,综合,普通类二段,4544,广西科技职业学院,,不限,342,276393,,,0,广西,民办,0,0
浙江,2025,综合,普通类二段,4546,广西国际商务职业技术学院,,不限,401,246944,,,0,广西,公办,0,0
浙江,2025,综合,普通类二段,4547,广西自然资源职业技术学院,,不限,409,242196,,,0,广西,公办,0,0
浙江,2025,综合,普通类二段,4548,广西物流职业技术学院,,不限,410,242810,,,0,广西,公办,0,0
浙江,2025,综合,普通类二段,4548,广西物流职业技术学院,,物理必选,401,254038,,,0,广西,公办,0,0
浙江,2025,综合,普通类二段,4549,广西质量工程职业技术学院,,不限,419,232172,,,0,广西,公办,0,0
浙江,2025,综合,普通类二段,4550,桂林信息工程职业学院,,不限,268,276178,,,0,广西,民办,0,0
浙江,2025,综合,普通类二段,4551,梧州医学高等专科学校,,不限,268,206643,,,0,广西,民办,0,0
浙江,2025,综合,普通类二段,4552,广西金融职业技术学院,,不限,386,249217,,,0,广西,公办,0,0
浙江,2025,综合,普通类二段,4553,南宁职业技术大学,,不限,402,225499,,,0,广西,公办,0,0
浙江,2025,综合,普通类二段,4554,广西幼儿师范高等专科学校,,不限,379,221591,,,0,广西,公办,0,0
浙江,2025,综合,普通类二段,46,浙江商业职业技术学院,,不限,460,147124,,,0,浙江,公办,0,0
浙江,2025,综合,普通类二段,4601,海口经济学院,,不限,268,252007,,,0,海南,民办,0,0
浙江,2025,综合,普通类二段,4601,海口经济学院,,物理、化学(2科必选),467,198979,,,0,海南,民办,0,0
浙江,2025,综合,普通类二段,4603,三亚学院,,不限,507,104123,,,0,海南,民办,0,0
浙江,2025,综合,普通类二段,4603,三亚学院,,物理、化学(2科必选),463,191901,,,0,海南,民办,0,0
浙江,2025,综合,普通类二段,4603,三亚学院,,物理必选,464,208543,,,0,海南,民办,0,0
浙江,2025,综合,普通类二段,4606,海南软件职业技术学院,,不限,417,219114,,,0,海南,公办,0,0
浙江,2025,综合,普通类二段,4608,海南外国语职业学院,,不限,424,207623,,,0,海南,公办,0,0
浙江,2025,综合,普通类二段,4611,海南职业技术学院,,不限,397,220779,,,0,海南,公办,0,0
浙江,2025,综合,普通类二段,4614,三亚航空旅游职业学院,,不限,322,254556,,,0,海南,民办,0,0
浙江,2025,综合,普通类二段,4615,海南卫生健康职业学院,,不限,395,186576,,,0,海南,公办,0,0
浙江,2025,综合,普通类二段,4616,海南工商职业学院,,不限,268,290790,,,0,海南,民办,0,0
浙江,2025,综合,普通类二段,4617,海南科技职业大学,,不限,329,252525,,,0,海南,民办,0,0
浙江,2025,综合,普通类二段,4617,海南科技职业大学,,物理必选,482,192932,,,0,海南,民办,0,0
浙江,2025,综合,普通类二段,4618,三亚理工职业学院,,不限,319,227042,,,0,海南,民办,0,0
浙江,2025,综合,普通类二段,4619,三亚城市职业学院,,不限,282,260443,,,0,海南,民办,0,0
浙江,2025,综合,普通类二段,4620,三亚中瑞酒店管理职业学院,,不限,268,283214,,,0,海南,民办,0,0
浙江,2025,综合,普通类二段,4621,海南比勒费尔德应用科学大学,,物理、化学(2科必选),480,189770,,,0,海南,境外高校独立办学,0,0
浙江,2025,综合,普通类二段,4621,海南比勒费尔德应用科学大学,,物理必选,470,203848,,,0,海南,境外高校独立办学,0,0
浙江,2025,综合,普通类二段,4622,海南东方新丝路职业学院,,不限,268,282878,,,0,海南,民办,0,0
浙江,2025,综合,普通类二段,4623,三亚护理职业学院,,不限,268,281606,,,0,海南,民办,0,0
浙江,2025,综合,普通类二段,47,浙江警官职业学院,,物理必选,457,191901,,,0,浙江,公办,0,0
浙江,2025,综合,普通类二段,48,浙江工业职业技术学院,,不限,465,189770,,,0,浙江,公办,0,0
浙江,2025,综合,普通类二段,49,浙江旅游职业学院,,不限,461,187636,,,0,浙江,公办,0,0
浙江,2025,综合,普通类二段,5006,重庆人文科技学院,,不限,567,91868,,,0,重庆,民办,0,0
浙江,2025,综合,普通类二段,5009,重庆城市管理职业学院,,不限,437,168593,,,0,重庆,公办,0,0
浙江,2025,综合,普通类二段,5012,重庆城市科技学院,,不限,563,90631,,,0,重庆,民办,0,0
浙江,2025,综合,普通类二段,5012,重庆城市科技学院,,物理、化学(2科必选),515,155707,,,0,重庆,民办,0,0
浙江,2025,综合,普通类二段,5012,重庆城市科技学院,,物理必选,489,165101,,,0,重庆,民办,0,0
浙江,2025,综合,普通类二段,5013,重庆电力高等专科学校,,不限,488,186576,,,0,重庆,公办,0,0
浙江,2025,综合,普通类二段,5015,重庆工程职业技术学院,,不限,446,185464,,,0,重庆,公办,0,0
浙江,2025,综合,普通类二段,5018,重庆工商大学派斯学院,,物理必选,489,169717,,,0,重庆,民办,0,0
浙江,2025,综合,普通类二段,5019,重庆财经学院,,物理、化学(2科必选),519,150846,,,0,重庆,民办,0,0
浙江,2025,综合,普通类二段,5019,重庆财经学院,,物理必选,508,163898,,,0,重庆,民办,0,0
浙江,2025,综合,普通类二段,5028,重庆对外经贸学院,,物理、化学(2科必选),488,166262,,,0,重庆,民办,0,0
浙江,2025,综合,普通类二段,5028,重庆对外经贸学院,,物理必选,489,184372,,,0,重庆,民办,0,0
浙江,2025,综合,普通类二段,5033,重庆移通学院,,物理、化学(2科必选),467,201929,,,0,重庆,民办,0,0
浙江,2025,综合,普通类二段,5036,重庆电子科技职业大学,,物理必选,470,197988,,,0,重庆,公办,0,0
浙江,2025,综合,普通类二段,5037,重庆信息技术职业学院,,不限,353,256610,,,0,重庆,民办,0,0
浙江,2025,综合,普通类二段,5038,重庆建筑科技职业学院,,不限,268,262587,,,0,重庆,民办,0,0
浙江,2025,综合,普通类二段,5039,重庆电讯职业学院,,不限,268,257570,,,0,重庆,民办,0,0
浙江,2025,综合,普通类二段,5040,重庆艺术工程职业学院,,不限,268,259978,,,0,重庆,民办,0,0
浙江,2025,综合,普通类二段,5041,重庆轻工职业学院,,不限,268,262997,,,0,重庆,民办,0,0
浙江,2025,综合,普通类二段,5042,重庆电信职业学院,,不限,268,279033,,,0,重庆,民办,0,0
浙江,2025,综合,普通类二段,5043,重庆幼儿师范高等专科学校,,不限,476,198979,,,0,重庆,公办,0,0
浙江,2025,综合,普通类二段,5044,重庆科技职业学院,,不限,268,255080,,,0,重庆,民办,0,0
浙江,2025,综合,普通类二段,5045,重庆资源与环境保护职业学院,,不限,268,268957,,,0,重庆,民办,0,0
浙江,2025,综合,普通类二段,5046,重庆理工职业学院,,不限,268,257072,,,0,重庆,民办,0,0
浙江,2025,综合,普通类二段,5047,重庆海联职业技术学院,,不限,326,209501,,,0,重庆,民办,0,0
浙江,2025,综合,普通类二段,5048,重庆传媒职业学院,,不限,300,246361,,,0,重庆,民办,0,0
浙江,2025,综合,普通类二段,5049,重庆化工职业学院,,不限,438,229313,,,0,重庆,公办,0,0
浙江,2025,综合,普通类二段,5050,重庆经贸职业学院,,不限,268,262997,,,0,重庆,民办,0,0
浙江,2025,综合,普通类二段,5051,重庆健康职业学院,,不限,295,280273,,,0,重庆,民办,0,0
浙江,2025,综合,普通类二段,5053,重庆数字产业职业技术学院,,不限,274,282523,,,0,重庆,民办,0,0
浙江,2025,综合,普通类二段,5055,重庆现代制造职业学院,,不限,268,275694,,,0,重庆,民办,0,0
浙江,2025,综合,普通类二段,5056,重庆能源职业学院,,不限,268,272872,,,0,重庆,民办,0,0
浙江,2025,综合,普通类二段,5057,重庆工信职业学院,,不限,425,239016,,,0,重庆,公办,0,0
浙江,2025,综合,普通类二段,5058,重庆应用技术职业学院,,不限,268,290790,,,0,重庆,民办,0,0
浙江,2025,综合,普通类二段,5059,重庆智能工程职业学院,,不限,268,279691,,,0,重庆,民办,0,0
浙江,2025,综合,普通类二段,5060,重庆公共运输职业学院,,不限,398,255601,,,0,重庆,民办,0,0
浙江,2025,综合,普通类二段,5102,成都航空职业技术大学,,物理必选,457,185464,,,0,四川,公办,0,0
浙江,2025,综合,普通类二段,5108,成都银杏酒店管理学院,,物生技(3科必选),431,236330,,,0,四川,民办,0,0
浙江,2025,综合,普通类二段,5109,成都大学,,物理必选,455,218243,,,0,四川,公办,0,0
浙江,2025,综合,普通类二段,5119,南充职业技术学院,,不限,413,241578,,,0,四川,公办,0,0
浙江,2025,综合,普通类二段,5122,四川大学锦江学院,,物理、化学(2科必选),487,187636,,,0,四川,民办,0,0
浙江,2025,综合,普通类二段,5123,四川工程职业技术大学,,物理必选,405,208543,,,0,四川,公办,0,0
浙江,2025,综合,普通类二段,5124,四川国际标榜职业学院,,不限,268,285713,,,0,四川,民办,0,0
浙江,2025,综合,普通类二段,5125,四川建筑职业技术学院,,物理必选,443,227812,,,0,四川,公办,0,0
浙江,2025,综合,普通类二段,5126,四川交通职业技术学院,,物理必选,444,189770,,,0,四川,公办,0,0
浙江,2025,综合,普通类二段,5132,四川工商学院,,物理、化学(2科必选),488,186576,,,0,四川,民办,0,0
浙江,2025,综合,普通类二段,5133,成都文理学院,,不限,268,99218,,,0,四川,民办,0,0
浙江,2025,综合,普通类二段,5134,四川水利职业技术学院,,不限,462,212196,,,0,四川,公办,0,0
浙江,2025,综合,普通类二段,5136,成都外国语学院,,不限,556,105346,,,0,四川,民办,0,0
浙江,2025,综合,普通类二段,5148,中国民用航空飞行学院,,物理、化学(2科必选),568,90631,,,0,四川,公办,0,0
浙江,2025,综合,普通类二段,5151,四川旅游学院,,物理、化学(2科必选),501,172010,,,0,四川,公办,0,0
浙江,2025,综合,普通类二段,5152,四川化工职业技术学院,,不限,416,232172,,,0,四川,公办,0,0
浙江,2025,综合,普通类二段,5154,四川华新现代职业学院,,不限,321,281068,,,0,四川,民办,0,0
浙江,2025,综合,普通类二段,5155,四川铁道职业学院,,物理必选,456,196959,,,0,四川,公办,0,0
浙江,2025,综合,普通类二段,5156,四川文轩职业学院,,不限,268,268219,,,0,四川,民办,0,0
浙江,2025,综合,普通类二段,5157,天府新区信息职业学院,,不限,268,285368,,,0,四川,民办,0,0
浙江,2025,综合,普通类二段,5158,江阳城建职业学院,,不限,268,290790,,,0,四川,民办,0,0
浙江,2025,综合,普通类二段,5159,南充文化旅游职业学院,,不限,421,234254,,,0,四川,公办,0,0
浙江,2025,综合,普通类二段,5160,自贡职业技术学院,,不限,268,255601,,,0,四川,民办,0,0
浙江,2025,综合,普通类二段,5161,遂宁工程职业学院,,不限,268,282878,,,0,四川,民办,0,0
浙江,2025,综合,普通类二段,5162,成都东软学院,,物理、化学(2科必选),465,209501,,,0,四川,民办,0,0
浙江,2025,综合,普通类二段,5162,成都东软学院（中外合作办学项目）,,物理、化学(2科必选),465,209501,,,0,四川,中外合作办学,0,0
浙江,2025,综合,普通类二段,5166,四川文化产业职业学院,,不限,489,185464,,,0,四川,公办,0,0
浙江,2025,综合,普通类二段,5167,德阳科贸职业学院,,不限,268,282878,,,0,四川,民办,0,0
浙江,2025,综合,普通类二段,5168,四川航天职业技术学院,,不限,451,188688,,,0,四川,公办,0,0
浙江,2025,综合,普通类二段,5169,四川托普信息技术职业学院,,不限,268,279463,,,0,四川,民办,0,0
浙江,2025,综合,普通类二段,5170,四川城市职业学院,,不限,268,283214,,,0,四川,民办,0,0
浙江,2025,综合,普通类二段,5171,四川现代职业学院,,不限,275,245828,,,0,四川,民办,0,0
浙江,2025,综合,普通类二段,5171,四川现代职业学院,,物理必选,348,262587,,,0,四川,民办,0,0
浙江,2025,综合,普通类二段,5172,四川长江职业学院,,不限,268,253541,,,0,四川,民办,0,0
浙江,2025,综合,普通类二段,5173,四川汽车职业技术学院,,不限,268,290790,,,0,四川,民办,0,0
浙江,2025,综合,普通类二段,5174,巴中职业技术学院,,不限,268,234254,,,0,四川,民办,0,0
浙江,2025,综合,普通类二段,5175,四川希望汽车职业学院,,不限,268,290790,,,0,四川,民办,0,0
浙江,2025,综合,普通类二段,5176,四川电子机械职业技术学院,,不限,268,275431,,,0,四川,民办,0,0
浙江,2025,综合,普通类二段,5177,四川西南航空职业学院,,不限,268,270643,,,0,四川,民办,0,0
浙江,2025,综合,普通类二段,5178,四川应用技术职业学院,,不限,268,282713,,,0,四川,民办,0,0
浙江,2025,综合,普通类二段,5179,德阳城市轨道交通职业学院,,不限,268,281801,,,0,四川,民办,0,0
浙江,2025,综合,普通类二段,5180,天府新区航空旅游职业学院,,不限,268,276665,,,0,四川,民办,0,0
浙江,2025,综合,普通类二段,5181,南充科技职业学院,,不限,268,271649,,,0,四川,民办,0,0
浙江,2025,综合,普通类二段,5182,攀枝花攀西职业学院,,不限,268,267852,,,0,四川,民办,0,0
浙江,2025,综合,普通类二段,5183,资阳口腔职业学院,,不限,268,267094,,,0,四川,民办,0,0
浙江,2025,综合,普通类二段,5183,资阳口腔职业学院,,物理、化学(2科必选),449,223225,,,0,四川,民办,0,0
浙江,2025,综合,普通类二段,5184,资阳环境科技职业学院,,不限,268,281606,,,0,四川,民办,0,0
浙江,2025,综合,普通类二段,5185,南充电影工业职业学院,,不限,268,276178,,,0,四川,民办,0,0
浙江,2025,综合,普通类二段,5186,绵阳飞行职业学院,,不限,268,276665,,,0,四川,民办,0,0
浙江,2025,综合,普通类二段,5187,德阳农业科技职业学院,,不限,268,248653,,,0,四川,民办,0,0
浙江,2025,综合,普通类二段,5188,泸州医疗器械职业学院,,不限,352,239687,,,0,四川,民办,0,0
浙江,2025,综合,普通类二段,5189,广元中核职业技术学院,,不限,380,244106,,,0,四川,民办,0,0
浙江,2025,综合,普通类二段,5191,遂宁职业学院,,不限,268,290790,,,0,四川,民办,0,0
浙江,2025,综合,普通类二段,5192,四川科技职业学院,,不限,268,285713,,,0,四川,民办,0,0
浙江,2025,综合,普通类二段,5193,四川工业科技学院,,物理、化学(2科必选),499,174362,,,0,四川,民办,0,0
浙江,2025,综合,普通类二段,5194,眉山药科职业学院,,不限,268,290790,,,0,四川,民办,0,0
浙江,2025,综合,普通类二段,5195,四川职业技术学院,,不限,373,245828,,,0,四川,公办,0,0
浙江,2025,综合,普通类二段,5195,四川职业技术学院,,物理必选,411,248653,,,0,四川,公办,0,0
浙江,2025,综合,普通类二段,5196,四川文化传媒职业学院,,不限,270,272569,,,0,四川,民办,0,0
浙江,2025,综合,普通类二段,52,浙江建设职业技术学院,,不限,468,90631,,,0,浙江,公办,0,0
浙江,2025,综合,普通类二段,5202,安顺职业技术学院,,不限,458,215635,,,0,贵州,公办,0,0
浙江,2025,综合,普通类二段,5202,安顺职业技术学院,,物化生(3科必选),352,231464,,,0,贵州,公办,0,0
浙江,2025,综合,普通类二段,5204,贵州医科大学,,物理、化学(2科必选),486,188688,,,0,贵州,公办,0,0
浙江,2025,综合,普通类二段,5208,贵州财经大学,,物理必选,482,192932,,,0,贵州,公办,0,0
浙江,2025,综合,普通类二段,5209,贵州黔南经济学院,,不限,563,96769,,,0,贵州,民办,0,0
浙江,2025,综合,普通类二段,5211,贵州黔南科技学院,,物理、化学(2科必选),495,178870,,,0,贵州,民办,0,0
浙江,2025,综合,普通类二段,5212,贵州电子信息职业技术学院,,不限,398,221591,,,0,贵州,公办,0,0
浙江,2025,综合,普通类二段,5227,贵州工贸职业学院,,不限,268,260443,,,0,贵州,民办,0,0
浙江,2025,综合,普通类二段,5228,贵州城市职业学院,,不限,268,282878,,,0,贵州,民办,0,0
浙江,2025,综合,普通类二段,5229,贵州民用航空职业学院,,不限,268,282878,,,0,贵州,民办,0,0
浙江,2025,综合,普通类二段,5230,贵州铜仁数据职业学院,,不限,268,276665,,,0,贵州,民办,0,0
浙江,2025,综合,普通类二段,5232,贵州工程职业学院,,不限,305,271962,,,0,贵州,民办,0,0
浙江,2025,综合,普通类二段,5233,贵州工商职业学院,,不限,268,290790,,,0,贵州,民办,0,0
浙江,2025,综合,普通类二段,5234,贵州应用技术职业学院,,不限,268,290790,,,0,贵州,民办,0,0
浙江,2025,综合,普通类二段,5236,贵州传媒职业学院,,不限,416,224734,,,0,贵州,公办,0,0
浙江,2025,综合,普通类二段,5237,贵州工业职业技术学院,,不限,391,239016,,,0,贵州,公办,0,0
浙江,2025,综合,普通类二段,53,浙江经贸职业技术学院,,不限,482,192932,,,0,浙江,公办,0,0
浙江,2025,综合,普通类二段,5305,昆明理工大学津桥学院,,不限,555,106509,,,0,云南,民办,0,0
浙江,2025,综合,普通类二段,5305,昆明理工大学津桥学院,,物理、化学(2科必选),475,173134,,,0,云南,民办,0,0
浙江,2025,综合,普通类二段,5305,昆明理工大学津桥学院,,物理必选,480,194962,,,0,云南,民办,0,0
浙江,2025,综合,普通类二段,5306,昆明冶金高等专科学校,,不限,472,202888,,,0,云南,公办,0,0
浙江,2025,综合,普通类二段,5306,昆明冶金高等专科学校,,物化生(3科必选),268,246361,,,0,云南,公办,0,0
浙江,2025,综合,普通类二段,5306,昆明冶金高等专科学校,,物理、化学(2科必选),268,220779,,,0,云南,公办,0,0
浙江,2025,综合,普通类二段,5306,昆明冶金高等专科学校,,物理必选,401,239016,,,0,云南,公办,0,0
浙江,2025,综合,普通类二段,5308,昆明医科大学海源学院,,物理、化学(2科必选),481,185464,,,0,云南,民办,0,0
浙江,2025,综合,普通类二段,5315,滇池学院,,不限,570,88225,,,0,云南,民办,0,0
浙江,2025,综合,普通类二段,5315,滇池学院,,物理、化学(2科必选),477,194962,,,0,云南,民办,0,0
浙江,2025,综合,普通类二段,5315,滇池学院,,物理必选,481,191901,,,0,云南,民办,0,0
浙江,2025,综合,普通类二段,5316,丽江文化旅游学院,,不限,268,122712,,,0,云南,民办,0,0
浙江,2025,综合,普通类二段,5316,丽江文化旅游学院,,化学必选,489,185464,,,0,云南,民办,0,0
浙江,2025,综合,普通类二段,5316,丽江文化旅游学院,,物理、化学(2科必选),469,199963,,,0,云南,民办,0,0
浙江,2025,综合,普通类二段,5319,云南民族大学,,物理、化学(2科必选),527,139942,,,0,云南,公办,0,0
浙江,2025,综合,普通类二段,5322,昆明城市学院,,不限,268,95529,,,0,云南,民办,0,0
浙江,2025,综合,普通类二段,5323,昆明文理学院,,不限,564,95529,,,0,云南,民办,0,0
浙江,2025,综合,普通类二段,5323,昆明文理学院,,物理、化学(2科必选),483,191901,,,0,云南,民办,0,0
浙江,2025,综合,普通类二段,5325,云南经济管理学院,,不限,268,106509,,,0,云南,民办,0,0
浙江,2025,综合,普通类二段,5325,云南经济管理学院,,物理、化学(2科必选),474,190798,,,0,云南,民办,0,0
浙江,2025,综合,普通类二段,5331,云南医药健康职业学院,,不限,268,202888,,,0,云南,民办,0,0
浙江,2025,综合,普通类二段,5334,云南城市建设职业学院,,不限,268,276910,,,0,云南,民办,0,0
浙江,2025,综合,普通类二段,5335,云南工商学院,,不限,268,271338,,,0,云南,民办,0,0
浙江,2025,综合,普通类二段,5335,云南工商学院,,物理、化学(2科必选),482,192932,,,0,云南,民办,0,0
浙江,2025,综合,普通类二段,5336,云南新兴职业学院,,不限,268,233553,,,0,云南,民办,0,0
浙江,2025,综合,普通类二段,5337,云南经贸外事职业学院,,不限,323,266694,,,0,云南,民办,0,0
浙江,2025,综合,普通类二段,5338,昆明卫生职业学院,,不限,451,221591,,,0,云南,民办,0,0
浙江,2025,综合,普通类二段,5338,昆明卫生职业学院,,化学必选,448,223981,,,0,云南,民办,0,0
浙江,2025,综合,普通类二段,5338,昆明卫生职业学院,,物理、生物(2科必选),449,213914,,,0,云南,民办,0,0
浙江,2025,综合,普通类二段,5339,云南理工职业学院,,不限,268,269638,,,0,云南,民办,0,0
浙江,2025,综合,普通类二段,5340,云南工程职业学院,,不限,268,266301,,,0,云南,民办,0,0
浙江,2025,综合,普通类二段,5341,云南三鑫职业技术学院,,不限,268,290790,,,0,云南,民办,0,0
浙江,2025,综合,普通类二段,5342,云南商务职业学院,,不限,268,290790,,,0,云南,民办,0,0
浙江,2025,综合,普通类二段,5343,昆明工业职业技术学院,,物理必选,330,232866,,,0,云南,公办,0,0
浙江,2025,综合,普通类二段,5345,昆明传媒学院,,不限,268,281801,,,0,云南,民办,0,0
浙江,2025,综合,普通类二段,54,浙江育英职业技术学院,,不限,411,232866,,,0,浙江,民办,0,0
浙江,2025,综合,普通类二段,5403,西藏职业技术学院,,不限,400,254556,,,0,西藏,公办,0,0
浙江,2025,综合,普通类二段,5403,西藏职业技术学院,,史政地(3科必选),268,289103,,,0,西藏,公办,0,0
浙江,2025,综合,普通类二段,5403,西藏职业技术学院,,物化技(3科必选),268,290790,,,0,西藏,公办,0,0
浙江,2025,综合,普通类二段,5403,西藏职业技术学院,,物化生(3科必选),278,288661,,,0,西藏,公办,0,0
浙江,2025,综合,普通类二段,5403,西藏职业技术学院,,物地技(3科必选),268,290790,,,0,西藏,公办,0,0
浙江,2025,综合,普通类二段,55,浙江东方职业技术学院,,不限,402,197988,,,0,浙江,民办,0,0
浙江,2025,综合,普通类二段,56,浙江长征职业技术学院,,不限,410,232866,,,0,浙江,民办,0,0
浙江,2025,综合,普通类二段,58,浙江纺织服装职业技术学院,,不限,431,196959,,,0,浙江,公办,0,0
浙江,2025,综合,普通类二段,59,浙江广厦建设职业技术大学,,不限,407,98035,,,0,浙江,民办,0,0
浙江,2025,综合,普通类二段,59,浙江广厦建设职业技术大学,,物理必选,477,173134,,,0,浙江,民办,0,0
浙江,2025,综合,普通类二段,61,金华职业技术大学,,不限,561,90631,,,0,浙江,公办,0,0
浙江,2025,综合,普通类二段,6103,陕西服装工程学院,,不限,268,156842,,,0,陕西,民办,0,0
浙江,2025,综合,普通类二段,6103,陕西服装工程学院,,物理、化学(2科必选),473,197988,,,0,陕西,民办,0,0
浙江,2025,综合,普通类二段,6104,陕西交通职业技术学院,,不限,423,185464,,,0,陕西,公办,0,0
浙江,2025,综合,普通类二段,6114,西安财经大学行知学院,,物理、化学(2科必选),489,185464,,,0,陕西,民办,0,0
浙江,2025,综合,普通类二段,6114,西安财经大学行知学院,,物理必选,485,189770,,,0,陕西,民办,0,0
浙江,2025,综合,普通类二段,6118,西安翻译学院,,不限,374,240966,,,0,陕西,民办,0,0
浙江,2025,综合,普通类二段,6118,西安翻译学院,,物理、化学(2科必选),476,185464,,,0,陕西,民办,0,0
浙江,2025,综合,普通类二段,6121,西安工商学院,,不限,423,131398,,,0,陕西,民办,0,0
浙江,2025,综合,普通类二段,6121,西安工商学院,,物理、化学(2科必选),477,197988,,,0,陕西,民办,0,0
浙江,2025,综合,普通类二段,6121,西安工商学院,,物理必选,474,199963,,,0,陕西,民办,0,0
浙江,2025,综合,普通类二段,6122,西安海棠职业学院,,不限,317,219976,,,0,陕西,民办,0,0
浙江,2025,综合,普通类二段,6126,西安建筑科技大学华清学院,,物理、化学(2科必选),479,192932,,,0,陕西,民办,0,0
浙江,2025,综合,普通类二段,6126,西安建筑科技大学华清学院,,物理必选,477,190798,,,0,陕西,民办,0,0
浙江,2025,综合,普通类二段,6129,西安科技大学高新学院,,物理、化学(2科必选),476,186576,,,0,陕西,民办,0,0
浙江,2025,综合,普通类二段,6131,西安理工大学高科学院,,物理、化学(2科必选),487,186576,,,0,陕西,民办,0,0
浙江,2025,综合,普通类二段,6133,西安欧亚学院,,不限,280,240966,,,0,陕西,民办,0,0
浙江,2025,综合,普通类二段,6133,西安欧亚学院,,物理、化学(2科必选),472,192932,,,0,陕西,民办,0,0
浙江,2025,综合,普通类二段,6133,西安欧亚学院,,物理必选,470,200964,,,0,陕西,民办,0,0
浙江,2025,综合,普通类二段,6134,西安培华学院,,不限,310,185464,,,0,陕西,民办,0,0
浙江,2025,综合,普通类二段,6136,西安思源学院,,不限,268,226282,,,0,陕西,民办,0,0
浙江,2025,综合,普通类二段,6136,西安思源学院,,物理、化学(2科必选),469,198979,,,0,陕西,民办,0,0
浙江,2025,综合,普通类二段,6138,西安铁路职业技术学院,,不限,478,168593,,,0,陕西,公办,0,0
浙江,2025,综合,普通类二段,6140,西安外事学院,,不限,412,199963,,,0,陕西,民办,0,0
浙江,2025,综合,普通类二段,6140,西安外事学院,,物理、化学(2科必选),479,195964,,,0,陕西,民办,0,0
浙江,2025,综合,普通类二段,6146,西安明德理工学院,,不限,268,113980,,,0,陕西,民办,0,0
浙江,2025,综合,普通类二段,6146,西安明德理工学院,,物理、化学(2科必选),487,187636,,,0,陕西,民办,0,0
浙江,2025,综合,普通类二段,6147,西北农林科技大学,,物理、化学(2科必选),592,46041,,,0,陕西,公办,1,1
浙江,2025,综合,普通类二段,6152,陕西国际商贸学院,,不限,303,250301,,,0,陕西,民办,0,0
浙江,2025,综合,普通类二段,6153,西安交通大学城市学院,,物理、化学(2科必选),481,193949,,,0,陕西,民办,0,0
浙江,2025,综合,普通类二段,6154,西安交通工程学院,,不限,385,242196,,,0,陕西,民办,0,0
浙江,2025,综合,普通类二段,6154,西安交通工程学院,,物理、化学(2科必选),477,197988,,,0,陕西,民办,0,0
浙江,2025,综合,普通类二段,6157,商洛职业技术学院,,不限,458,196959,,,0,陕西,公办,0,0
浙江,2025,综合,普通类二段,6158,西安汽车职业大学,,不限,402,245257,,,0,陕西,民办,0,0
浙江,2025,综合,普通类二段,6159,陕西工商职业学院,,不限,413,240966,,,0,陕西,公办,0,0
浙江,2025,综合,普通类二段,6160,宝鸡三和职业学院,,不限,268,252525,,,0,陕西,民办,0,0
浙江,2025,综合,普通类二段,6161,榆林能源科技职业学院,,不限,364,210412,,,0,陕西,民办,0,0
浙江,2025,综合,普通类二段,6162,陕西职业技术学院,,不限,427,227812,,,0,陕西,公办,0,0
浙江,2025,综合,普通类二段,6163,陕西电子信息职业技术学院,,不限,367,253041,,,0,陕西,民办,0,0
浙江,2025,综合,普通类二段,6163,陕西电子信息职业技术学院,,物理必选,431,236330,,,0,陕西,民办,0,0
浙江,2025,综合,普通类二段,6164,陕西旅游烹饪职业学院,,不限,316,217387,,,0,陕西,民办,0,0
浙江,2025,综合,普通类二段,6165,宝鸡中北职业学院,,不限,358,253541,,,0,陕西,民办,0,0
浙江,2025,综合,普通类二段,62,义乌工商职业技术学院,,不限,452,189770,,,0,浙江,公办,0,0
浙江,2025,综合,普通类二段,6206,兰州博文科技学院,,物理、化学(2科必选),469,188688,,,0,甘肃,民办,0,0
浙江,2025,综合,普通类二段,6206,兰州博文科技学院,,物理必选,466,185464,,,0,甘肃,民办,0,0
浙江,2025,综合,普通类二段,6208,兰州信息科技学院,,物理、化学(2科必选),471,191901,,,0,甘肃,民办,0,0
浙江,2025,综合,普通类二段,6209,兰州财经大学,,物理必选,559,101665,,,0,甘肃,公办,0,0
浙江,2025,综合,普通类二段,6211,兰州工商学院,,物理、化学(2科必选),464,210412,,,0,甘肃,民办,0,0
浙江,2025,综合,普通类二段,6211,兰州工商学院,,物理必选,453,219976,,,0,甘肃,民办,0,0
浙江,2025,综合,普通类二段,6214,西北民族大学,,物理、化学(2科必选),581,74834,,,0,甘肃,公办,0,0
浙江,2025,综合,普通类二段,6219,兰州石化职业技术大学,,不限,386,196959,,,0,甘肃,公办,0,0
浙江,2025,综合,普通类二段,6222,兰州工业学院,,物理、化学(2科必选),633,21651,,,0,甘肃,公办,0,0
浙江,2025,综合,普通类二段,6223,兰州外语职业学院,,不限,268,286787,,,0,甘肃,民办,0,0
浙江,2025,综合,普通类二段,6224,兰州科技职业学院,,不限,268,255080,,,0,甘肃,民办,0,0
浙江,2025,综合,普通类二段,6225,白银希望职业技术学院,,不限,268,286965,,,0,甘肃,民办,0,0
浙江,2025,综合,普通类二段,6227,甘肃建筑职业技术学院,,不限,407,249784,,,0,甘肃,公办,0,0
浙江,2025,综合,普通类二段,6228,甘肃林业职业技术大学,,不限,362,236330,,,0,甘肃,公办,0,0
浙江,2025,综合,普通类二段,6303,青海民族大学,,物理、地理(2科必选),487,187636,,,0,青海,公办,0,0
浙江,2025,综合,普通类二段,64,温州职业技术学院,,不限,484,177704,,,0,浙江,公办,0,0
浙江,2025,综合,普通类二段,6406,宁夏大学新华学院,,物理、化学(2科必选),477,191901,,,0,宁夏,民办,0,0
浙江,2025,综合,普通类二段,6408,宁夏理工学院,,物理、化学(2科必选),464,195964,,,0,宁夏,民办,0,0
浙江,2025,综合,普通类二段,6408,宁夏理工学院,,物理必选,465,209501,,,0,宁夏,民办,0,0
浙江,2025,综合,普通类二段,6417,银川科技学院,,不限,274,262997,,,0,宁夏,民办,0,0
浙江,2025,综合,普通类二段,65,浙江越秀外国语学院,,不限,385,94299,,,0,浙江,民办,0,0
浙江,2025,综合,普通类二段,65,浙江越秀外国语学院,,物理必选,483,191901,,,0,浙江,民办,0,0
浙江,2025,综合,普通类二段,6503,新疆科技学院,,物理、化学(2科必选),489,163898,,,0,新疆,公办,0,0
浙江,2025,综合,普通类二段,6503,新疆科技学院,,物理必选,500,141125,,,0,新疆,公办,0,0
浙江,2025,综合,普通类二段,6505,新疆理工学院,,物理、化学(2科必选),493,148397,,,0,新疆,公办,0,0
浙江,2025,综合,普通类二段,6505,新疆理工学院,,物理必选,495,178870,,,0,新疆,公办,0,0
浙江,2025,综合,普通类二段,6506,新疆工程学院,,物理、化学(2科必选),507,154495,,,0,新疆,公办,0,0
浙江,2025,综合,普通类二段,6507,新疆农业大学,,物理、化学(2科必选),500,159194,,,0,新疆,公办,0,0
浙江,2025,综合,普通类二段,6509,新疆师范大学,,物理、化学(2科必选),511,155707,,,0,新疆,公办,0,0
浙江,2025,综合,普通类二段,6510,新疆第二医学院,,物化生(3科必选),487,169717,,,0,新疆,公办,0,0
浙江,2025,综合,普通类二段,6518,喀什大学,,物理、化学(2科必选),504,158030,,,0,新疆,公办,0,0
浙江,2025,综合,普通类二段,6519,新疆政法学院,,物理、化学(2科必选),516,154495,,,0,新疆,公办,0,0
浙江,2025,综合,普通类二段,6520,新疆和田学院,,不限,418,206643,,,0,新疆,公办,0,0
浙江,2025,综合,普通类二段,6520,新疆和田学院,,物理、化学(2科必选),415,163898,,,0,新疆,公办,0,0
浙江,2025,综合,普通类二段,6521,伊犁师范大学,,物理、化学(2科必选),498,107736,,,0,新疆,公办,0,0
浙江,2025,综合,普通类二段,6521,伊犁师范大学,,物理必选,498,175451,,,0,新疆,公办,0,0
浙江,2025,综合,普通类二段,6522,昌吉学院,,物理、化学(2科必选),490,168593,,,0,新疆,公办,0,0
浙江,2025,综合,普通类二段,6523,和田职业技术学院,,不限,294,242196,,,0,新疆,公办,0,0
浙江,2025,综合,普通类二段,6524,喀什职业技术学院,,不限,361,219114,,,0,新疆,公办,0,0
浙江,2025,综合,普通类二段,6524,喀什职业技术学院,,史政地(3科必选),347,269302,,,0,新疆,公办,0,0
浙江,2025,综合,普通类二段,6524,喀什职业技术学院,,物化生(3科必选),392,246361,,,0,新疆,公办,0,0
浙江,2025,综合,普通类二段,6524,喀什职业技术学院,,物理、化学(2科必选),404,246944,,,0,新疆,公办,0,0
浙江,2025,综合,普通类二段,6524,喀什职业技术学院,,物理必选,400,239016,,,0,新疆,公办,0,0
浙江,2025,综合,普通类二段,6525,喀什理工职业技术学院,,不限,369,239687,,,0,新疆,公办,0,0
浙江,2025,综合,普通类二段,6526,阿克苏职业技术学院,,不限,336,263435,,,0,新疆,公办,0,0
浙江,2025,综合,普通类二段,6526,阿克苏职业技术学院,,物理必选,320,281260,,,0,新疆,公办,0,0
浙江,2025,综合,普通类二段,6527,塔里木职业技术学院,,不限,307,258581,,,0,新疆,公办,0,0
浙江,2025,综合,普通类二段,6528,塔城职业技术学院,,不限,364,255601,,,0,新疆,公办,0,0
浙江,2025,综合,普通类二段,6529,吐鲁番职业技术学院,,历史必选,346,255601,,,0,新疆,公办,0,0
浙江,2025,综合,普通类二段,6530,阿勒泰职业技术学院,,不限,348,223225,,,0,新疆,公办,0,0
浙江,2025,综合,普通类二段,66,台州职业技术学院,,不限,451,194962,,,0,浙江,公办,0,0
浙江,2025,综合,普通类二段,67,绍兴职业技术学院,,不限,434,191901,,,0,浙江,民办,0,0
浙江,2025,综合,普通类二段,69,嘉兴职业技术学院,,不限,443,187636,,,0,浙江,公办,0,0
浙江,2025,综合,普通类二段,70,湖州职业技术学院,,不限,454,149572,,,0,浙江,公办,0,0
浙江,2025,综合,普通类二段,71,衢州职业技术学院,,不限,449,189770,,,0,浙江,公办,0,0
浙江,2025,综合,普通类二段,72,丽水职业技术学院,,不限,446,203848,,,0,浙江,公办,0,0
浙江,2025,综合,普通类二段,74,宁波财经学院,,不限,452,194962,,,0,浙江,民办,0,0
浙江,2025,综合,普通类二段,74,宁波财经学院,,物理必选,485,188688,,,0,浙江,民办,0,0
浙江,2025,综合,普通类二段,75,台州科技职业学院,,不限,431,198979,,,0,浙江,公办,0,0
浙江,2025,综合,普通类二段,76,杭州科技职业技术学院,,不限,463,175451,,,0,浙江,公办,0,0
浙江,2025,综合,普通类二段,77,杭州万向职业技术学院,,不限,427,193949,,,0,浙江,民办,0,0
浙江,2025,综合,普通类二段,78,嘉兴南洋职业技术学院,,不限,402,225499,,,0,浙江,民办,0,0
浙江,2025,综合,普通类二段,85,温州科技职业学院,,不限,442,186576,,,0,浙江,公办,0,0
浙江,2025,综合,普通类二段,86,浙江横店影视职业学院,,不限,387,225499,,,0,浙江,民办,0,0
浙江,2025,综合,普通类二段,87,浙江汽车职业技术学院,,不限,398,232866,,,0,浙江,民办,0,0
浙江,2025,综合,普通类二段,88,浙江宇翔职业技术学院,,不限,372,252525,,,0,浙江,民办,0,0
浙江,2025,综合,普通类二段,9,温州医科大学,,化学必选,539,125752,,,0,浙江,公办,0,0
浙江,2025,综合,普通类二段,9,温州医科大学,,物理、化学(2科必选),567,55972,,,0,浙江,公办,0,0
浙江,2025,综合,普通类二段,90,湖州健康职业学院,,不限,409,240966,,,0,浙江,民办,0,0
浙江,2025,综合,普通类二段,,重庆移通学院德国工程学院,,物理、化学(2科必选),467,201929,,,0,重庆,中外合作办学,0,0
浙江,2025,综合,普通类平行录取,3524,集美大学,,物理、化学(2科必选),562,98035,,,5,福建,公办,0,0
浙江,2025,综合,普通类提前批,10,浙江海洋大学,,化学必选,550,108985,,,0,浙江,公办,0,0
浙江,2025,综合,普通类提前批,1144,对外经济贸易大学,,不限,640,10365,,,22,北京,公办,0,1
浙江,2025,综合,普通类提前批,1152,外交学院,,不限,650,10810,,,0,北京,公办,0,0
浙江,2025,综合,普通类提前批,1152,外交学院,,历史、思想政治(2科必选),651,10810,,,0,北京,公办,0,0
浙江,2025,综合,普通类提前批,1152,外交学院,,物理必选,634,17433,,,0,北京,公办,0,0
浙江,2025,综合,普通类提前批,1153,中国传媒大学,,不限,632,19448,,,0,北京,公办,0,1
浙江,2025,综合,普通类提前批,1190,中国消防救援学院,,思想政治必选,612,39811,,,0,北京,公办,0,0
浙江,2025,综合,普通类提前批,1190,中国消防救援学院,,物理、化学(2科必选),618,21651,,,0,北京,公办,0,0
浙江,2025,综合,普通类提前批,12,浙江中医药大学,,化学必选,593,51406,,,0,浙江,公办,0,0
浙江,2025,综合,普通类提前批,1232,天津师范大学,,历史、思想政治(2科必选),611,40819,,,0,天津,公办,0,0
浙江,2025,综合,普通类提前批,1247,中国民航大学,,物理、化学(2科必选),552,110269,,,0,天津,公办,0,0
浙江,2025,综合,普通类提前批,13,中国计量大学,,物理、化学(2科必选),549,59273,,,0,浙江,公办,0,0
浙江,2025,综合,普通类提前批,13,中国计量大学,,物理必选,561,88225,,,0,浙江,公办,0,0
浙江,2025,综合,普通类提前批,14,浙江万里学院,,不限,514,120176,,,0,浙江,公办,0,0
浙江,2025,综合,普通类提前批,14,浙江万里学院,,物理、化学(2科必选),461,167421,,,0,浙江,公办,0,0
浙江,2025,综合,普通类提前批,14,浙江万里学院,,物理必选,517,153310,,,0,浙江,公办,0,0
浙江,2025,综合,普通类提前批,15,浙江科技大学,,不限,533,108985,,,50,浙江,公办,0,0
浙江,2025,综合,普通类提前批,15,浙江科技大学,,化学必选,534,100479,,,161,浙江,公办,0,0
浙江,2025,综合,普通类提前批,17,嘉兴大学,,物理、化学(2科必选),559,101665,,,0,浙江,公办,0,0
浙江,2025,综合,普通类提前批,18,浙大城市学院,,不限,575,82192,,,0,浙江,公办,0,0
浙江,2025,综合,普通类提前批,18,浙大城市学院,,物理、化学(2科必选),567,91868,,,0,浙江,公办,0,0
浙江,2025,综合,普通类提前批,19,浙大宁波理工学院,,不限,567,88225,,,0,浙江,公办,0,0
浙江,2025,综合,普通类提前批,2108,大连海事大学,,物理、化学(2科必选),607,41842,,,0,辽宁,公办,0,1
浙江,2025,综合,普通类提前批,2131,辽宁省交通高等专科学校,,不限,404,252525,,,0,辽宁,公办,0,0
浙江,2025,综合,普通类提前批,2171,渤海船舶职业学院,,不限,335,278127,,,0,辽宁,公办,0,0
浙江,2025,综合,普通类提前批,220,杭州师范大学,,不限,568,8163,,,267,浙江,公办,0,0
浙江,2025,综合,普通类提前批,220,杭州师范大学,,化学必选,523,145937,,,160,浙江,公办,0,0
浙江,2025,综合,普通类提前批,220,杭州师范大学,,思想政治必选,623,9924,,,31,浙江,公办,0,0
浙江,2025,综合,普通类提前批,220,杭州师范大学,,物理、化学(2科必选),574,7330,,,154,浙江,公办,0,0
浙江,2025,综合,普通类提前批,2218,东北师范大学,,不限,643,14489,,,0,吉林,公办,0,1
浙江,2025,综合,普通类提前批,2218,东北师范大学,,化学必选,625,27798,,,0,吉林,公办,0,1
浙江,2025,综合,普通类提前批,2218,东北师范大学,,历史必选,656,8584,,,0,吉林,公办,0,1
浙江,2025,综合,普通类提前批,2218,东北师范大学,,物理、化学(2科必选),654,9488,,,0,吉林,公办,0,1
浙江,2025,综合,普通类提前批,222,浙江师范大学,,不限,554,6995,,,0,浙江,公办,0,0
浙江,2025,综合,普通类提前批,222,浙江师范大学,,历史必选,641,8584,,,0,浙江,公办,0,0
浙江,2025,综合,普通类提前批,222,浙江师范大学,,地理必选,606,3718,,,0,浙江,公办,0,0
浙江,2025,综合,普通类提前批,222,浙江师范大学,,思想政治必选,606,7761,,,0,浙江,公办,0,0
浙江,2025,综合,普通类提前批,222,浙江师范大学,,物理、化学(2科必选),552,9924,,,0,浙江,公办,0,0
浙江,2025,综合,普通类提前批,222,浙江师范大学,,物理必选,580,76084,,,0,浙江,公办,0,0
浙江,2025,综合,普通类提前批,223,湖州师范学院,,不限,655,9037,,,1,浙江,公办,0,0
浙江,2025,综合,普通类提前批,223,湖州师范学院,,化学必选,491,120176,,,4,浙江,公办,0,0
浙江,2025,综合,普通类提前批,223,湖州师范学院,,物理、化学(2科必选),586,51406,,,27,浙江,公办,0,0
浙江,2025,综合,普通类提前批,223,湖州师范学院,,物理必选,616,35870,,,1,浙江,公办,0,0
浙江,2025,综合,普通类提前批,24,温州大学,,不限,566,48104,,,0,浙江,公办,0,0
浙江,2025,综合,普通类提前批,24,温州大学,,思想政治必选,593,60413,,,0,浙江,公办,0,0
浙江,2025,综合,普通类提前批,24,温州大学,,物理、化学(2科必选),531,83385,,,0,浙江,公办,0,0
浙江,2025,综合,普通类提前批,24,温州大学,,物理必选,543,88225,,,0,浙江,公办,0,0
浙江,2025,综合,普通类提前批,25,浙江外国语学院,,不限,547,88225,,,0,浙江,公办,0,0
浙江,2025,综合,普通类提前批,25,浙江外国语学院,,历史必选,570,88225,,,0,浙江,公办,0,0
浙江,2025,综合,普通类提前批,28,宁波工程学院,,不限,536,130146,,,0,浙江,公办,0,0
浙江,2025,综合,普通类提前批,28,宁波工程学院,,物理、化学(2科必选),496,177704,,,0,浙江,公办,0,0
浙江,2025,综合,普通类提前批,29,衢州学院,,不限,533,132625,,,0,浙江,公办,0,0
浙江,2025,综合,普通类提前批,29,衢州学院,,物理、化学(2科必选),508,163898,,,0,浙江,公办,0,0
浙江,2025,综合,普通类提前批,3,浙江工业大学,,物理、化学(2科必选),600,52529,,,0,浙江,公办,0,0
浙江,2025,综合,普通类提前批,3105,华东师范大学,,不限,667,2117,,,0,上海,公办,1,1
浙江,2025,综合,普通类提前批,3105,华东师范大学,,思想政治必选,667,4604,,,0,上海,公办,1,1
浙江,2025,综合,普通类提前批,3105,华东师范大学,,物理、化学(2科必选),658,4302,,,0,上海,公办,1,1
浙江,2025,综合,普通类提前批,3106,华东政法大学,,思想政治必选,618,33926,,,0,上海,公办,0,0
浙江,2025,综合,普通类提前批,322,绍兴文理学院,,不限,649,11784,,,2,浙江,公办,0,0
浙江,2025,综合,普通类提前批,322,绍兴文理学院,,物理、化学(2科必选),520,25365,,,104,浙江,公办,0,0
浙江,2025,综合,普通类提前批,3425,安徽师范大学,,思想政治必选,609,42849,,,0,安徽,公办,0,0
浙江,2025,综合,普通类提前批,3524,集美大学,,物理、化学(2科必选),564,76084,,,7,福建,公办,0,0
浙江,2025,综合,普通类提前批,358,丽水学院,,不限,536,21651,,,0,浙江,公办,0,0
浙江,2025,综合,普通类提前批,358,丽水学院,,历史必选,536,130146,,,0,浙江,公办,0,0
浙江,2025,综合,普通类提前批,358,丽水学院,,物理、化学(2科必选),576,33926,,,0,浙江,公办,0,0
浙江,2025,综合,普通类提前批,36,杭州医学院,,物理、化学(2科必选),492,14489,,,150,浙江,公办,0,0
浙江,2025,综合,普通类提前批,3648,江西水利电力大学,,物理必选,458,202473,,,10,江西,公办,0,0
浙江,2025,综合,普通类提前批,3681,江西航空职业技术学院,,不限,455,180003,,,20,江西,民办,0,0
浙江,2025,综合,普通类提前批,3731,山东大学,,思想政治必选,658,7761,,,0,山东,公办,1,1
浙江,2025,综合,普通类提前批,3763,中国海洋大学,,不限,639,15626,,,0,山东,公办,1,1
浙江,2025,综合,普通类提前批,3786,潍坊工程职业学院,,不限,409,243458,,,0,山东,公办,0,0
浙江,2025,综合,普通类提前批,3796,滨州职业学院,,不限,446,217387,,,0,山东,公办,0,0
浙江,2025,综合,普通类提前批,3901,山东信息职业技术学院,,不限,439,224734,,,0,山东,公办,0,0
浙江,2025,综合,普通类提前批,3902,威海职业学院,,不限,409,248653,,,0,山东,公办,0,0
浙江,2025,综合,普通类提前批,4039,华中师范大学,,不限,656,8584,,,0,湖北,公办,0,1
浙江,2025,综合,普通类提前批,4039,华中师范大学,,历史必选,652,8163,,,0,湖北,公办,0,1
浙江,2025,综合,普通类提前批,4039,华中师范大学,,地理必选,654,9488,,,0,湖北,公办,0,1
浙江,2025,综合,普通类提前批,4039,华中师范大学,,思想政治必选,654,9488,,,0,湖北,公办,0,1
浙江,2025,综合,普通类提前批,4039,华中师范大学,,物理、化学(2科必选),646,9924,,,0,湖北,公办,0,1
浙江,2025,综合,普通类提前批,4039,华中师范大学,,物理必选,643,9037,,,0,湖北,公办,0,1
浙江,2025,综合,普通类提前批,4095,中南财经政法大学,,思想政治必选,612,39811,,,0,湖北,公办,0,1
浙江,2025,综合,普通类提前批,4269,河南交通职业技术学院,,物理必选,408,208543,,,0,河南,公办,0,0
浙江,2025,综合,普通类提前批,4418,广州航海学院,,物理、化学(2科必选),501,137576,,,11,广东,公办,0,0
浙江,2025,综合,普通类提前批,4529,北部湾大学,,物理、化学(2科必选),514,152037,,,0,广西,公办,0,0
浙江,2025,综合,普通类提前批,4613,海南热带海洋学院,,物理、化学(2科必选),511,160384,,,0,海南,公办,0,0
浙江,2025,综合,普通类提前批,47,浙江警官职业学院,,不限,603,16792,,,0,浙江,公办,0,0
浙江,2025,综合,普通类提前批,5,宁波大学,,物理、化学(2科必选),587,58143,,,0,浙江,公办,0,0
浙江,2025,综合,普通类提前批,5003,四川外国语大学,,不限,589,31221,,,0,重庆,公办,0,0
浙江,2025,综合,普通类提前批,5005,西南大学,,不限,651,9488,,,0,重庆,公办,0,1
浙江,2025,综合,普通类提前批,5005,西南大学,,历史必选,657,7330,,,0,重庆,公办,0,1
浙江,2025,综合,普通类提前批,5005,西南大学,,地理必选,655,9037,,,0,重庆,公办,0,1
浙江,2025,综合,普通类提前批,5005,西南大学,,思想政治必选,651,10810,,,0,重庆,公办,0,1
浙江,2025,综合,普通类提前批,5005,西南大学,,物理、化学(2科必选),641,6226,,,0,重庆,公办,0,1
浙江,2025,综合,普通类提前批,52,浙江建设职业技术学院,,不限,470,98035,,,0,浙江,公办,0,0
浙江,2025,综合,普通类提前批,5318,云南警官学院,,思想政治必选,624,10365,,,0,云南,公办,0,0
浙江,2025,综合,普通类提前批,6127,西安交通大学,,思想政治必选,659,7330,,,0,陕西,公办,1,1
浙江,2025,综合,普通类提前批,6210,兰州资源环境职业技术大学,,不限,403,239016,,,0,甘肃,公办,0,0
浙江,2025,综合,普通类提前批,74,宁波财经学院,,不限,479,154495,,,0,浙江,民办,0,0
浙江,2025,综合,普通类提前批,74,宁波财经学院,,物理、化学(2科必选),459,214791,,,0,浙江,民办,0,0
浙江,2025,综合,普通类提前批,9,温州医科大学,,物理、化学(2科必选),573,13406,,,0,浙江,公办,0,0
浙江,2025,综合,普通类提前批,9003,中国人民解放军陆军军医大学,,物理、化学(2科必选),609,23836,,,0,重庆,公办,0,0
浙江,2025,综合,普通类提前批,9034,中国人民公安大学,,思想政治必选,591,1617,,,0,北京,公办,0,0
浙江,2025,综合,普通类提前批,9034,中国人民公安大学,,物理、化学(2科必选),653,2969,,,0,北京,公办,0,0
浙江,2025,综合,普通类提前批,9035,中国刑事警察学院,,思想政治必选,603,6612,,,11,辽宁,公办,0,0
浙江,2025,综合,普通类提前批,9035,中国刑事警察学院,,物理、化学(2科必选),609,14489,,,13,辽宁,公办,0,0
浙江,2025,综合,普通类提前批,9055,武警警官学院,,历史必选,628,25365,,,0,四川,公办,0,0
浙江,2025,综合,普通类提前批,9055,武警警官学院,,物理、化学(2科必选),602,50295,,,0,四川,公办,0,0
浙江,2025,综合,普通类提前批,9055,武警警官学院,,物理必选,594,46041,,,0,四川,公办,0,0
浙江,2025,综合,高校专项计划批,1143,北京中医药大学,,不限,626,27005,,,0,北京,公办,0,1
浙江,2025,综合,高校专项计划批,1143,北京中医药大学,,物理必选,606,46041,,,0,北京,公办,0,1
浙江,2025,综合,高校专项计划批,2310,哈尔滨工业大学（威海）,,化学必选,652,10365,,,0,山东,公办,1,1
浙江,2025,综合,高校专项计划批,3104,华东理工大学,,物理、化学(2科必选),630,19448,,,0,上海,公办,0,1
浙江,2025,综合,高校专项计划批,3105,华东师范大学,,不限,650,7330,,,0,上海,公办,1,1
浙江,2025,综合,高校专项计划批,3105,华东师范大学,,物理、化学(2科必选),637,8163,,,0,上海,公办,1,1
浙江,2025,综合,高校专项计划批,4039,华中师范大学,,不限,629,20890,,,0,湖北,公办,0,1
浙江,2025,综合,高校专项计划批,4504,广西大学,,物理、化学(2科必选),630,23836,,,0,广西,公办,0,1
