province,year,category,batch,university_code,university_name,major_group,subject_req,min_score,min_rank,control_score,score_diff,admit_count,school_province,school_nature,is_985,is_211
江苏,2025,历史类,专科批,1155,南京铁道职业技术学院,,首选历史，再选不限,474,36538,,,162,江苏,公办,0,0
江苏,2025,历史类,专科批,1156,江苏经贸职业技术学院,,首选历史，再选不限,462,45734,,,782,江苏,公办,0,0
江苏,2025,历史类,专科批,1159,南京机电职业技术学院,（01）,首选历史，再选不限,467,54407,,,0,江苏,公办,0,0
江苏,2025,历史类,专科批,1160,南京旅游职业学院,,首选历史，再选不限,429,52005,,,271,江苏,公办,0,0
江苏,2025,历史类,专科批,1171,江苏城市职业学院,（01）,首选历史，再选不限,423,64681,,,0,江苏,公办,0,0
江苏,2025,历史类,专科批,1213,无锡科技职业学院,,首选历史，再选不限,429,47639,,,382,江苏,公办,0,0
江苏,2025,历史类,专科批,1215,无锡工艺职业技术学院,,首选历史，再选不限,419,53003,,,0,江苏,公办,0,0
江苏,2025,历史类,专科批,1217,无锡师范高等专科学校,,首选历史，再选不限,320,52005,,,0,江苏,公办,0,0
江苏,2025,历史类,专科批,1230,江苏建筑职业技术学院,（01）,首选历史，再选不限,370,66698,,,328,江苏,公办,0,0
江苏,2025,历史类,专科批,1232,徐州幼儿师范高等专科学校,,首选历史，再选不限,319,53482,,,0,江苏,公办,0,0
江苏,2025,历史类,专科批,1250,常州信息职业技术学院,,首选历史，再选不限,462,39428,,,0,江苏,公办,0,0
江苏,2025,历史类,专科批,1254,常州机电职业技术学院,,首选历史，再选不限,371,60918,,,238,江苏,公办,0,0
江苏,2025,历史类,专科批,1275,苏州卫生职业技术学院,（02）,首选历史，再选不限,466,56398,,,0,江苏,公办,0,0
江苏,2025,历史类,专科批,1279,苏州健雄职业技术学院,,首选历史，再选不限,308,68436,,,0,江苏,公办,0,0
江苏,2025,历史类,专科批,1290,苏州幼儿师范高等专科学校,（03）,首选历史，再选不限,344,85761,,,0,江苏,公办,0,0
江苏,2025,历史类,专科批,1312,江苏工程职业技术学院,,首选历史，再选不限,397,54928,,,238,江苏,公办,0,0
江苏,2025,历史类,专科批,1330,连云港师范学院,（02）,首选历史，再选不限,390,69922,,,0,江苏,公办,0,0
江苏,2025,历史类,专科批,1331,连云港职业技术学院,,首选历史，再选不限,319,46678,,,0,江苏,公办,0,0
江苏,2025,历史类,专科批,1350,江苏电子信息职业学院,（01）,首选历史，再选不限,358,73110,,,0,江苏,公办,0,0
江苏,2025,历史类,专科批,1392,扬州工业职业技术学院,,首选历史，再选不限,366,52005,,,0,江苏,公办,0,0
江苏,2025,历史类,专科批,1410,镇江市高等专科学校,,首选历史，再选不限,356,45734,,,794,江苏,公办,0,0
江苏,2025,历史类,专科批,1431,泰州职业技术学院,（01）,首选历史，再选不限,395,64681,,,0,江苏,公办,0,0
江苏,2025,历史类,专科批,2134,上海旅游高等专科学校,,首选历史，再选不限,390,65158,,,34,上海,公办,0,0
江苏,2025,历史类,专科批,2150,上海农林职业技术学院,（01）,首选历史，再选不限,440,64221,,,0,上海,公办,0,0
江苏,2025,历史类,专科批,2154,上海交通职业技术学院,（01）,首选历史，再选不限,448,60918,,,0,上海,公办,0,0
江苏,2025,历史类,专科批,2166,上海行健职业学院,（01）,首选历史，再选不限,436,66916,,,0,上海,公办,0,0
江苏,2025,历史类,专科批,2170,上海现代化工职业学院,（01）,首选历史，再选不限,416,71606,,,0,上海,公办,0,0
江苏,2025,历史类,专科批,2174,上海浦东职业技术学院,（01）,首选历史，再选不限,431,61160,,,7,上海,公办,0,0
江苏,2025,历史类,专科批,2217,浙江经贸职业技术学院,（01）,首选历史，再选不限,474,56398,,,8,浙江,公办,0,0
江苏,2025,历史类,专科批,2226,浙江邮电职业技术学院,（01）,首选历史，再选不限,457,63474,,,2,浙江,公办,0,0
江苏,2025,历史类,专科批,2238,浙江国际海运职业技术学院,（01）,首选历史，再选不限,461,62482,,,0,浙江,公办,0,0
江苏,2025,历史类,专科批,2247,浙江交通职业技术学院,（01）,首选历史，再选不限,406,74608,,,0,浙江,公办,0,0
江苏,2025,历史类,专科批,2255,浙江机电职业技术大学,（01）,首选历史，再选不限,430,61699,,,0,浙江,公办,0,0
江苏,2025,历史类,专科批,2260,浙江建设职业技术学院,（01）,首选历史，再选不限,440,67364,,,0,浙江,公办,0,0
江苏,2025,历史类,专科批,2533,江西应用技术职业学院,（01）,首选历史，再选不限,306,92007,,,1,江西,公办,0,0
江苏,2025,历史类,专科批,2569,江西机电职业技术学院,（01）,首选历史，再选不限,309,87687,,,33,江西,公办,0,0
江苏,2025,历史类,专科批,2583,抚州医药学院,,首选历史，再选不限,353,85548,,,0,江西,公办,0,0
江苏,2025,历史类,专科批,2618,山东胜利职业学院,（01）,首选历史，再选不限,310,87232,,,75,山东,公办,0,0
江苏,2025,历史类,专科批,2679,枣庄职业学院,（01）,首选历史，再选不限,295,93047,,,10,山东,公办,0,0
江苏,2025,历史类,专科批,2685,滨州职业学院,,首选历史，再选不限,397,71606,,,0,山东,公办,0,0
江苏,2025,历史类,专科批,2686,威海职业学院,（01）,首选历史，再选不限,299,92667,,,4,山东,公办,0,0
江苏,2025,历史类,专科批,3329,河北交通职业技术学院,（01）,首选历史，再选不限,427,70125,,,0,河北,公办,0,0
江苏,2025,历史类,专科批,3354,河北轨道运输职业技术学院,（01）,首选历史，再选不限,436,63220,,,0,河北,公办,0,0
江苏,2025,历史类,专科批,3369,唐山幼儿师范高等专科学校,（01）,首选历史，再选不限,293,92362,,,4,河北,公办,0,0
江苏,2025,历史类,专科批,3376,河北化工医药职业技术学院,（01）,首选历史，再选不限,320,90494,,,2,河北,公办,0,0
江苏,2025,历史类,专科批,3379,河北科技工程职业技术大学,（02）,首选历史，再选不限,305,91829,,,0,河北,公办,0,0
江苏,2025,历史类,专科批,3435,临汾职业技术学院,,首选历史，再选不限,299,91736,,,5,山西,公办,0,0
江苏,2025,历史类,专科批,3438,太原幼儿师范高等专科学校,（01）,首选历史，再选不限,291,93398,,,2,山西,公办,0,0
江苏,2025,历史类,专科批,4221,长春金融高等专科学校,（01）,首选历史，再选不限,324,76666,,,5,吉林,公办,0,0
江苏,2025,历史类,专科批,4338,黑龙江农业工程职业学院,（01）,首选历史，再选不限,354,68207,,,3,黑龙江,公办,0,0
江苏,2025,历史类,专科批,5178,三门峡职业技术学院,（01）,首选历史，再选不限,290,92869,,,0,河南,公办,0,0
江苏,2025,历史类,专科批,5194,信阳职业技术学院,（01）,首选历史，再选不限,307,91168,,,25,河南,公办,0,0
江苏,2025,历史类,专科批,5225,汉江师范学院,（02）,首选历史，再选不限,399,67586,,,13,湖北,公办,0,0
江苏,2025,历史类,专科批,5235,武汉民政职业学院,（01）,首选历史，再选不限,460,57020,,,7,湖北,公办,0,0
江苏,2025,历史类,专科批,5283,湖北铁道运输职业学院,（01）,首选历史，再选不限,380,71169,,,36,湖北,公办,0,0
江苏,2025,历史类,专科批,5291,襄阳职业技术学院,（01）,首选历史，再选不限,403,68658,,,6,湖北,公办,0,0
江苏,2025,历史类,专科批,6190,四川水利职业技术学院,（01）,首选历史，再选不限,413,73110,,,0,四川,公办,0,0
江苏,2025,历史类,专科批,6216,重庆三峡医药高等专科学校,（01）,首选历史，再选不限,412,73331,,,0,重庆,公办,0,0
江苏,2025,历史类,专科批,6240,重庆工信职业学院,（01）,首选历史，再选不限,300,92561,,,20,重庆,公办,0,0
江苏,2025,历史类,专科批,6504,西藏职业技术学院,（01）,首选历史，再选思想政治、地理(2科必选),226,96338,,,8,西藏,公办,0,0
江苏,2025,历史类,专科批,7532,喀什职业技术学院,（01）,首选历史，再选不限,274,90243,,,0,新疆,公办,0,0
江苏,2025,历史类,专科批,7532,喀什职业技术学院,（02）,首选历史，再选思想政治、地理(2科必选),268,93674,,,0,新疆,公办,0,0
江苏,2025,历史类,专科批,8001,上海杉达学院,（02）,首选历史，再选不限,412,70125,,,0,上海,民办,0,0
江苏,2025,历史类,专科批,8017,上海东海职业技术学院,（01）,首选历史，再选不限,377,79849,,,0,上海,民办,0,0
江苏,2025,历史类,专科批,8018,上海工商职业技术学院,,首选历史，再选不限,236,75062,,,0,上海,民办,0,0
江苏,2025,历史类,专科批,8019,上海震旦职业学院,（01）,首选历史，再选不限,381,68658,,,0,上海,民办,0,0
江苏,2025,历史类,专科批,8025,上海工商外国语职业学院,（01）,首选历史，再选不限,359,84727,,,0,上海,民办,0,0
江苏,2025,历史类,专科批,8026,上海邦德职业技术学院,（01）,首选历史，再选不限,312,90810,,,0,上海,民办,0,0
江苏,2025,历史类,专科批,8052,温州商学院,（02）,首选历史，再选不限,449,63984,,,3,浙江,民办,0,0
江苏,2025,历史类,专科批,8758,三亚护理职业学院,（01）,首选历史，再选不限,228,96901,,,0,海南,民办,0,0
江苏,2025,历史类,专科批,8827,重庆建筑科技职业学院,（01）,首选历史，再选不限,277,90494,,,2,重庆,民办,0,0
江苏,2025,历史类,专科批,8934,西安城市建设职业学院,（01）,首选历史，再选不限,243,92965,,,0,陕西,民办,0,0
江苏,2025,历史类,本科批,1101,南京大学,（03）,首选历史，再选不限,643,194,,,241,江苏,公办,1,1
江苏,2025,历史类,本科批,1102,东南大学,（03）,首选历史，再选不限,636,828,,,0,江苏,公办,1,1
江苏,2025,历史类,本科批,1103,南京航空航天大学,（01）,首选历史，再选不限,614,1928,,,170,江苏,公办,0,1
江苏,2025,历史类,本科批,1104,南京理工大学,（01）,首选历史，再选不限,610,3431,,,0,江苏,公办,0,1
江苏,2025,历史类,本科批,1105,河海大学,,首选历史，再选不限,603,3605,,,236,江苏,公办,0,1
江苏,2025,历史类,本科批,1105,河海大学,（03）,首选历史，再选思想政治,607,4104,,,20,江苏,公办,0,1
江苏,2025,历史类,本科批,1106,南京信息工程大学,,首选历史，再选不限,569,5101,,,424,江苏,公办,0,0
江苏,2025,历史类,本科批,1106,南京信息工程大学,（02）,首选历史，再选思想政治,596,6765,,,25,江苏,公办,0,0
江苏,2025,历史类,本科批,1107,南京农业大学,（01）,首选历史，再选不限,595,4658,,,317,江苏,公办,0,1
江苏,2025,历史类,本科批,1108,南京师范大学,,首选历史，再选不限,574,1337,,,0,江苏,公办,0,1
江苏,2025,历史类,本科批,1108,南京师范大学,（12）,首选历史，再选地理,612,3431,,,0,江苏,公办,0,1
江苏,2025,历史类,本科批,1108,南京师范大学,（11）,首选历史，再选思想政治,615,2944,,,0,江苏,公办,0,1
江苏,2025,历史类,本科批,1109,中国药科大学,（01）,首选历史，再选不限,591,7551,,,134,江苏,公办,0,1
江苏,2025,历史类,本科批,1110,南京工业大学,（02）,首选历史，再选不限,577,9942,,,307,江苏,公办,0,0
江苏,2025,历史类,本科批,1111,南京邮电大学,（02）,首选历史，再选不限,582,7819,,,211,江苏,公办,0,0
江苏,2025,历史类,本科批,1112,南京医科大学,（01）,首选历史，再选不限,577,11172,,,90,江苏,公办,0,0
江苏,2025,历史类,本科批,1113,南京中医药大学,,首选历史，再选不限,541,5558,,,305,江苏,公办,0,0
江苏,2025,历史类,本科批,1114,南京工程学院,,首选历史，再选不限,543,16741,,,0,江苏,公办,0,0
江苏,2025,历史类,本科批,1115,南京林业大学,,首选历史，再选不限,573,8106,,,722,江苏,公办,0,0
江苏,2025,历史类,本科批,1116,南京财经大学,,首选历史，再选不限,557,5558,,,646,江苏,公办,0,0
江苏,2025,历史类,本科批,1117,南京体育学院,,首选历史，再选不限,485,27904,,,0,江苏,公办,0,0
江苏,2025,历史类,本科批,1118,南京艺术学院,（01）,首选历史，再选不限,530,25582,,,371,江苏,公办,0,0
江苏,2025,历史类,本科批,1119,南京审计大学,,首选历史，再选不限,560,4462,,,748,江苏,公办,0,0
江苏,2025,历史类,本科批,1120,南京晓庄学院,,首选历史，再选不限,528,15975,,,955,江苏,公办,0,0
江苏,2025,历史类,本科批,1120,南京晓庄学院,（07）,首选历史，再选地理,565,17140,,,25,江苏,公办,0,0
江苏,2025,历史类,本科批,1120,南京晓庄学院,（06）,首选历史，再选思想政治,571,14850,,,22,江苏,公办,0,0
江苏,2025,历史类,本科批,1128,金陵科技学院,,首选历史，再选不限,532,17140,,,363,江苏,公办,0,0
江苏,2025,历史类,本科批,1131,江苏第二师范学院,,首选历史，再选不限,512,17574,,,336,江苏,公办,0,0
江苏,2025,历史类,本科批,1131,江苏第二师范学院,（10）,首选历史，再选地理,556,20493,,,47,江苏,公办,0,0
江苏,2025,历史类,本科批,1131,江苏第二师范学院,（09）,首选历史，再选思想政治,564,17574,,,30,江苏,公办,0,0
江苏,2025,历史类,本科批,1133,南京特殊教育师范学院,,首选历史，再选不限,482,21405,,,384,江苏,公办,0,0
江苏,2025,历史类,本科批,1133,南京特殊教育师范学院,（04）,首选历史，再选思想政治,549,24175,,,23,江苏,公办,0,0
江苏,2025,历史类,本科批,1136,南京工业职业技术大学,,首选历史，再选不限,530,30301,,,112,江苏,公办,0,0
江苏,2025,历史类,本科批,1201,江南大学,,首选历史，再选不限,590,3432,,,172,江苏,公办,0,1
江苏,2025,历史类,本科批,1201,江南大学,（08）,首选历史，再选思想政治,605,4463,,,8,江苏,公办,0,1
江苏,2025,历史类,本科批,1203,无锡学院,（01）,首选历史，再选不限,558,18813,,,136,江苏,公办,0,0
江苏,2025,历史类,本科批,1221,中国矿业大学,（01）,首选历史，再选不限,596,4658,,,45,江苏,公办,0,1
江苏,2025,历史类,本科批,1222,江苏师范大学,（03）,首选历史，再选不限,562,12244,,,0,江苏,公办,0,0
江苏,2025,历史类,本科批,1222,江苏师范大学,（05）,首选历史，再选地理,572,14483,,,0,江苏,公办,0,0
江苏,2025,历史类,本科批,1222,江苏师范大学,（04）,首选历史，再选思想政治,577,12628,,,0,江苏,公办,0,0
江苏,2025,历史类,本科批,1223,徐州医科大学,（01）,首选历史，再选不限,557,20075,,,82,江苏,公办,0,0
江苏,2025,历史类,本科批,1224,徐州工程学院,（01）,首选历史，再选不限,537,25115,,,0,江苏,公办,0,0
江苏,2025,历史类,本科批,1242,常州大学,,首选历史，再选不限,532,13709,,,619,江苏,公办,0,0
江苏,2025,历史类,本科批,1242,常州大学,（02）,首选历史，再选思想政治,563,18005,,,66,江苏,公办,0,0
江苏,2025,历史类,本科批,1243,常州工学院,,首选历史，再选不限,489,22802,,,598,江苏,公办,0,0
江苏,2025,历史类,本科批,1244,江苏理工学院,,首选历史，再选不限,537,20075,,,519,江苏,公办,0,0
江苏,2025,历史类,本科批,1261,苏州大学,,首选历史，再选不限,596,2030,,,0,江苏,公办,0,1
江苏,2025,历史类,本科批,1261,苏州大学,（07）,首选历史，再选思想政治,612,3431,,,0,江苏,公办,0,1
江苏,2025,历史类,本科批,1261,苏州大学,,首选历史，再选思想政治、地理(2科必选),614,1489,,,0,江苏,公办,0,1
江苏,2025,历史类,本科批,1262,苏州科技大学,,首选历史，再选不限,548,14850,,,525,江苏,公办,0,0
江苏,2025,历史类,本科批,1262,苏州科技大学,（04）,首选历史，再选地理,565,15975,,,39,江苏,公办,0,0
江苏,2025,历史类,本科批,1262,苏州科技大学,（03）,首选历史，再选思想政治,570,15246,,,32,江苏,公办,0,0
江苏,2025,历史类,本科批,1263,苏州工学院,,首选历史，再选不限,482,21405,,,587,江苏,公办,0,0
江苏,2025,历史类,本科批,1267,苏州城市学院,（01）,首选历史，再选不限,549,20075,,,400,江苏,公办,0,0
江苏,2025,历史类,本科批,1270,苏州职业技术大学,（01）,首选历史，再选不限,530,33083,,,130,江苏,公办,0,0
江苏,2025,历史类,本科批,1301,南通大学,,首选历史，再选不限,531,13709,,,744,江苏,公办,0,0
江苏,2025,历史类,本科批,1301,南通大学,（05）,首选历史，再选思想政治,577,12628,,,35,江苏,公办,0,0
江苏,2025,历史类,本科批,1321,江苏海洋大学,（01）,首选历史，再选不限,540,20075,,,390,江苏,公办,0,0
江苏,2025,历史类,本科批,1321,江苏海洋大学,（02）,首选历史，再选地理,558,20075,,,25,江苏,公办,0,0
江苏,2025,历史类,本科批,1330,连云港师范学院,（01）,首选历史，再选不限,511,31665,,,0,江苏,公办,0,0
江苏,2025,历史类,本科批,1341,淮阴师范学院,,首选历史，再选不限,494,21405,,,0,江苏,公办,0,0
江苏,2025,历史类,本科批,1341,淮阴师范学院,（05）,首选历史，再选地理,551,23247,,,0,江苏,公办,0,0
江苏,2025,历史类,本科批,1341,淮阴师范学院,（04）,首选历史，再选思想政治,553,22327,,,0,江苏,公办,0,0
江苏,2025,历史类,本科批,1342,淮阴工学院,（01）,首选历史，再选不限,539,23247,,,259,江苏,公办,0,0
江苏,2025,历史类,本科批,1361,盐城工学院,（01）,首选历史，再选不限,533,25115,,,293,江苏,公办,0,0
江苏,2025,历史类,本科批,1362,盐城师范学院,（03）,首选历史，再选不限,533,23247,,,1028,江苏,公办,0,0
江苏,2025,历史类,本科批,1362,盐城师范学院,（05）,首选历史，再选地理,542,26047,,,104,江苏,公办,0,0
江苏,2025,历史类,本科批,1362,盐城师范学院,（04）,首选历史，再选思想政治,549,24175,,,85,江苏,公办,0,0
江苏,2025,历史类,本科批,1381,扬州大学,,首选历史，再选不限,529,5101,,,827,江苏,公办,0,0
江苏,2025,历史类,本科批,1381,扬州大学,（17）,首选历史，再选思想政治,591,8106,,,41,江苏,公办,0,0
江苏,2025,历史类,本科批,1390,扬州职业技术大学,（01）,首选历史，再选不限,528,34079,,,40,江苏,公办,0,0
江苏,2025,历史类,本科批,1401,江苏大学,,首选历史，再选不限,554,10856,,,700,江苏,公办,0,0
江苏,2025,历史类,本科批,1401,江苏大学,（03）,首选历史，再选思想政治,581,11172,,,68,江苏,公办,0,0
江苏,2025,历史类,本科批,1402,江苏科技大学,,首选历史，再选不限,550,14900,,,313,江苏,公办,0,0
江苏,2025,历史类,本科批,1421,泰州学院,,首选历史，再选不限,490,28408,,,501,江苏,公办,0,0
江苏,2025,历史类,本科批,1426,宿迁学院,（01）,首选历史，再选不限,532,28888,,,0,江苏,公办,0,0
江苏,2025,历史类,本科批,1426,宿迁学院,（02）,首选历史，再选思想政治,539,28888,,,0,江苏,公办,0,0
江苏,2025,历史类,本科批,1802,东南大学成贤学院,,首选历史，再选不限,521,32121,,,35,江苏,民办,0,0
江苏,2025,历史类,本科批,1803,南京航空航天大学金城学院,,首选历史，再选不限,509,37028,,,704,江苏,民办,0,0
江苏,2025,历史类,本科批,1803,南京航空航天大学金城学院,（03）,首选历史，再选思想政治,519,38488,,,70,江苏,民办,0,0
江苏,2025,历史类,本科批,1804,南京理工大学紫金学院,,首选历史，再选不限,522,33083,,,487,江苏,民办,0,0
江苏,2025,历史类,本科批,1807,南京审计大学金审学院,（01）,首选历史，再选不限,525,33083,,,642,江苏,民办,0,0
江苏,2025,历史类,本科批,1810,南京工业大学浦江学院,,首选历史，再选不限,490,40423,,,315,江苏,民办,0,0
江苏,2025,历史类,本科批,1816,南京财经大学红山学院,（01）,首选历史，再选不限,517,36049,,,0,江苏,民办,0,0
江苏,2025,历史类,本科批,1826,中国矿业大学徐海学院,（01）,首选历史，再选不限,509,40423,,,0,江苏,民办,0,0
江苏,2025,历史类,本科批,1827,江苏师范大学科文学院,,首选历史，再选不限,502,40897,,,750,江苏,民办,0,0
江苏,2025,历史类,本科批,1827,江苏师范大学科文学院,（05）,首选历史，再选地理,506,44712,,,44,江苏,民办,0,0
江苏,2025,历史类,本科批,1834,苏州大学应用技术学院,（01）,首选历史，再选不限,511,39909,,,289,江苏,民办,0,0
江苏,2025,历史类,本科批,1835,苏州科技大学天平学院,（01）,首选历史，再选不限,516,34549,,,124,江苏,民办,0,0
江苏,2025,历史类,本科批,1837,江苏科技大学苏州理工学院,（01）,首选历史，再选不限,512,40423,,,93,江苏,民办,0,0
江苏,2025,历史类,本科批,1838,南通大学杏林学院,（01）,首选历史，再选不限,503,41387,,,410,江苏,民办,0,0
江苏,2025,历史类,本科批,1838,南通大学杏林学院,（02）,首选历史，再选化学,496,49577,,,1,江苏,民办,0,0
江苏,2025,历史类,本科批,1844,扬州大学广陵学院,（01）,首选历史，再选不限,518,36049,,,363,江苏,民办,0,0
江苏,2025,历史类,本科批,1845,江苏大学京江学院,（01）,首选历史，再选不限,508,40897,,,319,江苏,民办,0,0
江苏,2025,历史类,本科批,1845,江苏大学京江学院,（02）,首选历史，再选生物,500,47639,,,22,江苏,民办,0,0
江苏,2025,历史类,本科批,1846,南京医科大学康达学院,（01）,首选历史，再选不限,503,42789,,,175,江苏,民办,0,0
江苏,2025,历史类,本科批,1846,南京医科大学康达学院,（02）,首选历史，再选生物,493,50998,,,135,江苏,民办,0,0
江苏,2025,历史类,本科批,1847,南京师范大学泰州学院,,首选历史，再选不限,518,34549,,,0,江苏,民办,0,0
江苏,2025,历史类,本科批,1848,南京理工大学泰州科技学院,（01）,首选历史，再选不限,508,43730,,,503,江苏,民办,0,0
江苏,2025,历史类,本科批,1850,南京邮电大学通达学院,（01）,首选历史，再选不限,516,39428,,,60,江苏,民办,0,0
江苏,2025,历史类,本科批,1855,常州大学怀德学院,（01）,首选历史，再选不限,504,43275,,,380,江苏,民办,0,0
江苏,2025,历史类,本科批,1858,南京师范大学中北学院,,首选历史，再选不限,507,36049,,,289,江苏,民办,0,0
江苏,2025,历史类,本科批,1901,南京传媒学院,,首选历史，再选不限,483,47639,,,0,江苏,民办,0,0
江苏,2025,历史类,本科批,1911,三江学院,（01）,首选历史，再选不限,498,43275,,,693,江苏,民办,0,0
江苏,2025,历史类,本科批,1915,无锡太湖学院,（01）,首选历史，再选不限,502,34549,,,222,江苏,民办,0,0
江苏,2025,历史类,本科批,1915,无锡太湖学院,（02）,首选历史，再选生物,505,45257,,,8,江苏,民办,0,0
江苏,2025,历史类,本科批,1921,西交利物浦大学,（01）,首选历史，再选不限,560,19224,,,0,江苏,中外合作办学,0,0
江苏,2025,历史类,本科批,1921,西交利物浦大学,（02）,首选历史，再选思想政治,579,11880,,,0,江苏,中外合作办学,0,0
江苏,2025,历史类,本科批,1928,南通理工学院,（01）,首选历史，再选不限,499,46229,,,244,江苏,民办,0,0
江苏,2025,历史类,本科批,2101,复旦大学,（03）,首选历史，再选不限,656,109,,,42,上海,公办,1,1
江苏,2025,历史类,本科批,2102,同济大学,（02）,首选历史，再选不限,641,587,,,7,上海,公办,1,1
江苏,2025,历史类,本科批,2102,同济大学,（03）,首选历史，再选思想政治,639,672,,,3,上海,公办,1,1
江苏,2025,历史类,本科批,2103,上海交通大学,（02）,首选历史，再选不限,659,109,,,2,上海,公办,1,1
江苏,2025,历史类,本科批,2104,华东理工大学,（01）,首选历史，再选不限,595,3741,,,0,上海,公办,0,1
江苏,2025,历史类,本科批,2105,东华大学,（01）,首选历史，再选不限,603,4269,,,24,上海,公办,0,1
江苏,2025,历史类,本科批,2106,华东师范大学,,首选历史，再选不限,625,587,,,0,上海,公办,1,1
江苏,2025,历史类,本科批,2106,华东师范大学,（03）,首选历史，再选思想政治,632,889,,,0,上海,公办,1,1
江苏,2025,历史类,本科批,2107,华东政法大学,（01）,首选历史，再选不限,624,958,,,0,上海,公办,0,0
江苏,2025,历史类,本科批,2109,上海外国语大学,,首选历史，再选不限,615,2253,,,64,上海,公办,0,1
江苏,2025,历史类,本科批,2109,上海外国语大学,（03）,首选历史，再选思想政治,626,1599,,,3,上海,公办,0,1
江苏,2025,历史类,本科批,2110,上海财经大学,（01）,首选历史，再选不限,629,540,,,0,上海,公办,0,1
江苏,2025,历史类,本科批,2110,上海财经大学,（02）,首选历史，再选思想政治,626,1599,,,0,上海,公办,0,1
江苏,2025,历史类,本科批,2111,上海师范大学,,首选历史，再选不限,575,6765,,,0,上海,公办,0,0
江苏,2025,历史类,本科批,2112,上海大学,,首选历史，再选不限,596,2785,,,0,上海,公办,0,1
江苏,2025,历史类,本科批,2114,上海对外经贸大学,,首选历史，再选不限,586,5101,,,0,上海,公办,0,0
江苏,2025,历史类,本科批,2115,上海理工大学,,首选历史，再选不限,578,10245,,,0,上海,公办,0,0
江苏,2025,历史类,本科批,2116,上海海洋大学,（01）,首选历史，再选不限,590,7287,,,0,上海,公办,0,0
江苏,2025,历史类,本科批,2117,上海海事大学,（01）,首选历史，再选不限,601,4889,,,0,上海,公办,0,0
江苏,2025,历史类,本科批,2118,上海电力大学,（01）,首选历史，再选不限,577,12628,,,6,上海,公办,0,0
江苏,2025,历史类,本科批,2119,上海体育大学,,首选历史，再选不限,581,9628,,,0,上海,公办,0,0
江苏,2025,历史类,本科批,2120,上海工程技术大学,（01）,首选历史，再选不限,570,14483,,,0,上海,公办,0,0
江苏,2025,历史类,本科批,2124,上海第二工业大学,（01）,首选历史，再选不限,562,18005,,,0,上海,公办,0,0
江苏,2025,历史类,本科批,2125,上海政法学院,,首选历史，再选不限,568,3605,,,0,上海,公办,0,0
江苏,2025,历史类,本科批,2131,上海海关学院,（03）,首选历史，再选不限,601,5558,,,2,上海,公办,0,0
江苏,2025,历史类,本科批,2137,上海立信会计金融学院,（01）,首选历史，再选不限,580,7287,,,0,上海,公办,0,0
江苏,2025,历史类,本科批,2141,上海商学院,,首选历史，再选不限,540,14850,,,0,上海,公办,0,0
江苏,2025,历史类,本科批,2201,浙江大学,（01）,首选历史，再选不限,642,156,,,36,浙江,公办,1,1
江苏,2025,历史类,本科批,2202,中国计量大学,（01）,首选历史，再选不限,594,7023,,,2,浙江,公办,0,0
江苏,2025,历史类,本科批,2203,浙江理工大学,（01）,首选历史，再选不限,578,12244,,,0,浙江,公办,0,0
江苏,2025,历史类,本科批,2204,浙江工业大学,（01）,首选历史，再选不限,599,6031,,,3,浙江,公办,0,0
江苏,2025,历史类,本科批,2205,中国美术学院,（01）,首选历史，再选不限,590,8106,,,4,浙江,公办,0,0
江苏,2025,历史类,本科批,2206,浙江师范大学,,首选历史，再选不限,559,9329,,,11,浙江,公办,0,0
江苏,2025,历史类,本科批,2207,浙江工商大学,（01）,首选历史，再选不限,586,5300,,,24,浙江,公办,0,0
江苏,2025,历史类,本科批,2211,浙江传媒学院,,首选历史，再选不限,558,8399,,,0,浙江,公办,0,0
江苏,2025,历史类,本科批,2212,浙江科技大学,,首选历史，再选不限,552,19646,,,16,浙江,公办,0,0
江苏,2025,历史类,本科批,2213,浙江财经大学,,首选历史，再选不限,575,6765,,,23,浙江,公办,0,0
江苏,2025,历史类,本科批,2214,浙江农林大学,,首选历史，再选不限,568,14117,,,6,浙江,公办,0,0
江苏,2025,历史类,本科批,2216,浙江中医药大学,（01）,首选历史，再选不限,577,12628,,,1,浙江,公办,0,0
江苏,2025,历史类,本科批,2221,宁波大学,（01）,首选历史，再选不限,591,7551,,,0,浙江,公办,0,0
江苏,2025,历史类,本科批,2223,绍兴文理学院,（01）,首选历史，再选不限,514,40897,,,15,浙江,公办,0,0
江苏,2025,历史类,本科批,2228,温州大学,（01）,首选历史，再选不限,567,15613,,,0,浙江,公办,0,0
江苏,2025,历史类,本科批,2240,浙江外国语学院,,首选历史，再选不限,552,19224,,,18,浙江,公办,0,0
江苏,2025,历史类,本科批,2245,宁波诺丁汉大学,（01）,首选历史，再选不限,579,9628,,,11,浙江,中外合作办学,0,0
江苏,2025,历史类,本科批,2245,宁波诺丁汉大学,（02）,首选历史，再选思想政治,600,5796,,,1,浙江,中外合作办学,0,0
江苏,2025,历史类,本科批,2248,温州肯恩大学,（01）,首选历史，再选不限,558,18813,,,8,浙江,中外合作办学,0,0
江苏,2025,历史类,本科批,2249,浙大城市学院,,首选历史，再选不限,552,16346,,,14,浙江,公办,0,0
江苏,2025,历史类,本科批,2250,浙大宁波理工学院,（01）,首选历史，再选不限,533,30732,,,8,浙江,公办,0,0
江苏,2025,历史类,本科批,2261,湖州师范学院,（01）,首选历史，再选不限,556,20493,,,6,浙江,公办,0,0
江苏,2025,历史类,本科批,2268,丽水学院,（01）,首选历史，再选不限,537,28408,,,13,浙江,公办,0,0
江苏,2025,历史类,本科批,2268,丽水学院,（02）,首选历史，再选思想政治,548,24649,,,2,浙江,公办,0,0
江苏,2025,历史类,本科批,2275,湖州学院,（01）,首选历史，再选不限,537,26540,,,32,浙江,公办,0,0
江苏,2025,历史类,本科批,2277,嘉兴南湖学院,（01）,首选历史，再选不限,551,20493,,,0,浙江,公办,0,0
江苏,2025,历史类,本科批,2279,绍兴理工学院,（01）,首选历史，再选不限,536,26047,,,17,浙江,公办,0,0
江苏,2025,历史类,本科批,2302,合肥工业大学,（01）,首选历史，再选不限,594,7287,,,0,安徽,公办,0,1
江苏,2025,历史类,本科批,2302,合肥工业大学,（02）,首选历史，再选思想政治,600,5101,,,0,安徽,公办,0,1
江苏,2025,历史类,本科批,2302,合肥工业大学（宣城校区）,（01）,首选历史，再选不限,593,7551,,,0,安徽,公办,0,1
江苏,2025,历史类,本科批,2302,合肥工业大学（宣城校区）,（02）,首选历史，再选思想政治,590,8399,,,0,安徽,公办,0,1
江苏,2025,历史类,本科批,2303,安徽大学,（01）,首选历史，再选不限,592,6765,,,24,安徽,公办,0,1
江苏,2025,历史类,本科批,2304,安徽医科大学,（01）,首选历史，再选不限,578,10245,,,2,安徽,公办,0,0
江苏,2025,历史类,本科批,2305,安徽建筑大学,（01）,首选历史，再选不限,558,16346,,,13,安徽,公办,0,0
江苏,2025,历史类,本科批,2306,安徽农业大学,（01）,首选历史，再选不限,566,15613,,,6,安徽,公办,0,0
江苏,2025,历史类,本科批,2307,安徽中医药大学,,首选历史，再选不限,579,6031,,,2,安徽,公办,0,0
江苏,2025,历史类,本科批,2309,安徽师范大学,（02）,首选历史，再选不限,564,10538,,,0,安徽,公办,0,0
江苏,2025,历史类,本科批,2309,安徽师范大学,（03）,首选历史，再选思想政治,585,9942,,,0,安徽,公办,0,0
江苏,2025,历史类,本科批,2321,安徽财经大学,,首选历史，再选不限,567,10856,,,31,安徽,公办,0,0
江苏,2025,历史类,本科批,2327,合肥大学,（01）,首选历史，再选不限,558,18396,,,0,安徽,公办,0,0
江苏,2025,历史类,本科批,2331,阜阳师范大学,,首选历史，再选不限,521,23719,,,8,安徽,公办,0,0
江苏,2025,历史类,本科批,2342,宿州学院,（01）,首选历史，再选不限,542,27430,,,4,安徽,公办,0,0
江苏,2025,历史类,本科批,2342,宿州学院,（02）,首选历史，再选地理,541,27904,,,4,安徽,公办,0,0
江苏,2025,历史类,本科批,2343,安庆师范大学,（01）,首选历史，再选不限,549,24175,,,5,安徽,公办,0,0
江苏,2025,历史类,本科批,2348,池州学院,（01）,首选历史，再选不限,532,32121,,,7,安徽,公办,0,0
江苏,2025,历史类,本科批,2351,淮北师范大学,,首选历史，再选不限,553,18396,,,16,安徽,公办,0,0
江苏,2025,历史类,本科批,2351,淮北师范大学,（03）,首选历史，再选思想政治,566,15613,,,2,安徽,公办,0,0
江苏,2025,历史类,本科批,2351,淮北师范大学,（04）,首选历史，再选思想政治、地理(2科必选),555,19224,,,6,安徽,公办,0,0
江苏,2025,历史类,本科批,2356,铜陵学院,（01）,首选历史，再选不限,549,24175,,,5,安徽,公办,0,0
江苏,2025,历史类,本科批,2359,合肥师范学院,（01）,首选历史，再选不限,532,30301,,,8,安徽,公办,0,0
江苏,2025,历史类,本科批,2361,安徽工业大学,（01）,首选历史，再选不限,568,15246,,,6,安徽,公办,0,0
江苏,2025,历史类,本科批,2362,淮南师范学院,（01）,首选历史，再选不限,533,28408,,,0,安徽,公办,0,0
江苏,2025,历史类,本科批,2362,淮南师范学院,（02）,首选历史，再选思想政治,547,25115,,,0,安徽,公办,0,0
江苏,2025,历史类,本科批,2367,巢湖学院,（01）,首选历史，再选不限,497,49120,,,4,安徽,公办,0,0
江苏,2025,历史类,本科批,2372,滁州学院,（01）,首选历史，再选不限,532,28408,,,20,安徽,公办,0,0
江苏,2025,历史类,本科批,2381,黄山学院,,首选历史，再选不限,505,33083,,,31,安徽,公办,0,0
江苏,2025,历史类,本科批,2401,福州大学,（01）,首选历史，再选不限,595,5300,,,13,福建,公办,0,1
江苏,2025,历史类,本科批,2402,福建农林大学,（01）,首选历史，再选不限,556,20493,,,2,福建,公办,0,0
江苏,2025,历史类,本科批,2405,福建理工大学,（01）,首选历史，再选不限,541,23247,,,4,福建,公办,0,0
江苏,2025,历史类,本科批,2410,三明学院,（01）,首选历史，再选不限,533,31664,,,2,福建,公办,0,0
江苏,2025,历史类,本科批,2411,厦门大学,,首选历史，再选不限,613,726,,,0,福建,公办,1,1
江苏,2025,历史类,本科批,2411,厦门大学,（03）,首选历史，再选思想政治,631,1171,,,0,福建,公办,1,1
江苏,2025,历史类,本科批,2412,集美大学,（01）,首选历史，再选不限,565,14483,,,9,福建,公办,0,0
江苏,2025,历史类,本科批,2413,厦门理工学院,（01）,首选历史，再选不限,548,22817,,,6,福建,公办,0,0
江苏,2025,历史类,本科批,2421,莆田学院,（01）,首选历史，再选不限,530,30732,,,10,福建,公办,0,0
江苏,2025,历史类,本科批,2422,华侨大学,（01）,首选历史，再选不限,566,11172,,,0,福建,公办,0,0
江苏,2025,历史类,本科批,2422,华侨大学,（02）,首选历史，再选思想政治,573,14117,,,0,福建,公办,0,0
江苏,2025,历史类,本科批,2437,武夷学院,（01）,首选历史，再选不限,528,33083,,,4,福建,公办,0,0
江苏,2025,历史类,本科批,2448,闽南师范大学,（01）,首选历史，再选不限,541,25582,,,10,福建,公办,0,0
江苏,2025,历史类,本科批,2501,江西财经大学,,首选历史，再选不限,582,4462,,,26,江西,公办,0,0
江苏,2025,历史类,本科批,2502,华东交通大学,,首选历史，再选不限,556,10245,,,15,江西,公办,0,0
江苏,2025,历史类,本科批,2504,江西中医药大学,,首选历史，再选不限,555,8399,,,0,江西,公办,0,0
江苏,2025,历史类,本科批,2504,江西中医药大学,（03）,首选历史，再选生物,555,21405,,,0,江西,公办,0,0
江苏,2025,历史类,本科批,2505,南昌大学,（01）,首选历史，再选不限,591,6276,,,17,江西,公办,0,1
江苏,2025,历史类,本科批,2506,南昌航空大学,,首选历史，再选不限,553,19646,,,14,江西,公办,0,0
江苏,2025,历史类,本科批,2507,江西科技师范大学,（01）,首选历史，再选不限,552,20075,,,0,江西,公办,0,0
江苏,2025,历史类,本科批,2508,江西农业大学,,首选历史，再选不限,549,21861,,,0,江西,公办,0,0
江苏,2025,历史类,本科批,2510,江西师范大学,,首选历史，再选不限,553,14117,,,36,江西,公办,0,0
江苏,2025,历史类,本科批,2510,江西师范大学,（08）,首选历史，再选地理,586,9628,,,1,江西,公办,0,0
江苏,2025,历史类,本科批,2510,江西师范大学,（07）,首选历史，再选思想政治,586,9628,,,1,江西,公办,0,0
江苏,2025,历史类,本科批,2511,江西水利电力大学,（01）,首选历史，再选不限,541,25116,,,0,江西,公办,0,0
江苏,2025,历史类,本科批,2512,江西警察学院,（01）,首选历史，再选不限,557,20493,,,3,江西,公办,0,0
江苏,2025,历史类,本科批,2521,江西理工大学,（01）,首选历史，再选不限,552,19646,,,19,江西,公办,0,0
江苏,2025,历史类,本科批,2523,赣南师范大学,,首选历史，再选不限,536,19646,,,33,江西,公办,0,0
江苏,2025,历史类,本科批,2523,赣南师范大学,（07）,首选历史，再选地理,549,22801,,,5,江西,公办,0,0
江苏,2025,历史类,本科批,2523,赣南师范大学,（06）,首选历史，再选思想政治,549,23719,,,4,江西,公办,0,0
江苏,2025,历史类,本科批,2527,新余学院,,首选历史，再选不限,530,31200,,,6,江西,公办,0,0
江苏,2025,历史类,本科批,2531,景德镇陶瓷大学,（01）,首选历史，再选不限,549,17140,,,10,江西,公办,0,0
江苏,2025,历史类,本科批,2539,豫章师范学院,（01）,首选历史，再选不限,539,28888,,,2,江西,公办,0,0
江苏,2025,历史类,本科批,2542,萍乡学院,,首选历史，再选不限,526,33554,,,4,江西,公办,0,0
江苏,2025,历史类,本科批,2543,南昌师范学院,（01）,首选历史，再选不限,532,32121,,,2,江西,公办,0,0
江苏,2025,历史类,本科批,2543,南昌师范学院,（02）,首选历史，再选思想政治,532,32121,,,2,江西,公办,0,0
江苏,2025,历史类,本科批,2551,宜春学院,（01）,首选历史，再选不限,528,29351,,,23,江西,公办,0,0
江苏,2025,历史类,本科批,2551,宜春学院,（03）,首选历史，再选思想政治,533,31664,,,2,江西,公办,0,0
江苏,2025,历史类,本科批,2551,宜春学院,（02）,首选历史，再选生物,519,38488,,,2,江西,公办,0,0
江苏,2025,历史类,本科批,2561,九江学院,（01）,首选历史，再选不限,529,32121,,,0,江西,公办,0,0
江苏,2025,历史类,本科批,2571,上饶师范学院,（01）,首选历史，再选不限,529,32121,,,15,江西,公办,0,0
江苏,2025,历史类,本科批,2571,上饶师范学院,（02）,首选历史，再选思想政治,536,30301,,,2,江西,公办,0,0
江苏,2025,历史类,本科批,2572,赣东学院,（01）,首选历史，再选不限,531,31200,,,5,江西,公办,0,0
江苏,2025,历史类,本科批,2573,赣南科技学院,（01）,首选历史，再选不限,527,33554,,,0,江西,公办,0,0
江苏,2025,历史类,本科批,2574,南昌医学院,（01）,首选历史，再选生物,533,31664,,,0,江西,公办,0,0
江苏,2025,历史类,本科批,2581,井冈山大学,（01）,首选历史，再选不限,539,25582,,,14,江西,公办,0,0
江苏,2025,历史类,本科批,2596,景德镇学院,（01）,首选历史，再选不限,530,32597,,,7,江西,公办,0,0
江苏,2025,历史类,本科批,2601,山东大学,,首选历史，再选不限,625,958,,,34,山东,公办,1,1
江苏,2025,历史类,本科批,2602,济南大学,（01）,首选历史，再选不限,559,18813,,,0,山东,公办,0,0
江苏,2025,历史类,本科批,2606,山东财经大学,（01）,首选历史，再选不限,575,9329,,,0,山东,公办,0,0
江苏,2025,历史类,本科批,2608,山东工艺美术学院,,首选历史，再选不限,524,34079,,,12,山东,公办,0,0
江苏,2025,历史类,本科批,2609,山东交通学院,（01）,首选历史，再选不限,544,25582,,,8,山东,公办,0,0
江苏,2025,历史类,本科批,2610,齐鲁工业大学,（01）,首选历史，再选不限,547,24175,,,0,山东,公办,0,0
江苏,2025,历史类,本科批,2611,山东理工大学,（01）,首选历史，再选不限,574,13709,,,0,山东,公办,0,0
江苏,2025,历史类,本科批,2612,山东艺术学院,（01）,首选历史，再选不限,529,33554,,,1,山东,公办,0,0
江苏,2025,历史类,本科批,2621,中国海洋大学,,首选历史，再选不限,616,2253,,,0,山东,公办,1,1
江苏,2025,历史类,本科批,2621,中国海洋大学,（04）,首选历史，再选思想政治,615,2944,,,0,山东,公办,1,1
江苏,2025,历史类,本科批,2622,青岛理工大学,（01）,首选历史，再选不限,561,18005,,,0,山东,公办,0,0
江苏,2025,历史类,本科批,2624,青岛大学,（01）,首选历史，再选不限,569,12977,,,0,山东,公办,0,0
江苏,2025,历史类,本科批,2631,山东农业大学,（01）,首选历史，再选不限,567,15613,,,0,山东,公办,0,0
江苏,2025,历史类,本科批,2635,潍坊学院,（01）,首选历史，再选不限,535,29839,,,8,山东,公办,0,0
江苏,2025,历史类,本科批,2635,潍坊学院,（02）,首选历史，再选思想政治,546,25115,,,4,山东,公办,0,0
江苏,2025,历史类,本科批,2641,中国石油大学（华东）,（01）,首选历史，再选不限,600,5796,,,0,山东,公办,0,1
江苏,2025,历史类,本科批,2642,聊城大学,,首选历史，再选不限,507,20075,,,0,山东,公办,0,0
江苏,2025,历史类,本科批,2645,临沂大学,（01）,首选历史，再选不限,548,23719,,,0,山东,公办,0,0
江苏,2025,历史类,本科批,2650,山东航空学院,（01）,首选历史，再选不限,550,23719,,,0,山东,公办,0,0
江苏,2025,历史类,本科批,2651,烟台大学,（01）,首选历史，再选不限,549,13709,,,10,山东,公办,0,0
江苏,2025,历史类,本科批,2652,山东工商学院,（01）,首选历史，再选不限,544,24649,,,0,山东,公办,0,0
江苏,2025,历史类,本科批,2653,鲁东大学,（01）,首选历史，再选不限,536,20075,,,0,山东,公办,0,0
江苏,2025,历史类,本科批,2661,山东大学（威海）,（01）,首选历史，再选不限,620,1693,,,18,山东,公办,1,1
江苏,2025,历史类,本科批,2669,菏泽学院,（01）,首选历史，再选不限,538,29351,,,1,山东,公办,0,0
江苏,2025,历史类,本科批,2671,曲阜师范大学,（01）,首选历史，再选不限,557,17574,,,0,山东,公办,0,0
江苏,2025,历史类,本科批,2683,德州学院,（01）,首选历史，再选不限,542,27430,,,5,山东,公办,0,0
江苏,2025,历史类,本科批,2691,山东第一医科大学,（01）,首选历史，再选不限,550,22801,,,7,山东,公办,0,0
江苏,2025,历史类,本科批,2701,山东女子学院,（01）,首选历史，再选不限,530,31664,,,6,山东,公办,0,0
江苏,2025,历史类,本科批,2702,济宁学院,（01）,首选历史，再选不限,530,33083,,,0,山东,公办,0,0
江苏,2025,历史类,本科批,2711,山东师范大学,,首选历史，再选不限,548,8976,,,0,山东,公办,0,0
江苏,2025,历史类,本科批,2711,山东师范大学,（04）,首选历史，再选地理,586,9628,,,0,山东,公办,0,0
江苏,2025,历史类,本科批,2755,山东石油化工学院,,首选历史，再选不限,542,25582,,,4,山东,公办,0,0
江苏,2025,历史类,本科批,306,中国民用航空飞行学院,（01）,首选历史，再选不限,554,20493,,,2,四川,公办,0,0
江苏,2025,历史类,本科批,306,中国民用航空飞行学院,（02）,首选历史，再选思想政治,561,18813,,,1,四川,公办,0,0
江苏,2025,历史类,本科批,3101,北京大学,（03）,首选历史，再选不限,666,109,,,28,北京,公办,1,1
江苏,2025,历史类,本科批,3102,中国人民大学,（03）,首选历史，再选不限,653,109,,,34,北京,公办,1,1
江苏,2025,历史类,本科批,3102,中国人民大学,（04）,首选历史，再选思想政治,657,109,,,2,北京,公办,1,1
江苏,2025,历史类,本科批,3102,中国人民大学（苏州校区）,（02）,首选历史，再选不限,627,1111,,,17,江苏,公办,1,1
江苏,2025,历史类,本科批,3103,清华大学,（02）,首选历史，再选不限,679,109,,,4,北京,公办,1,1
江苏,2025,历史类,本科批,3104,北京师范大学,（03）,首选历史，再选不限,635,672,,,15,北京,公办,1,1
江苏,2025,历史类,本科批,3105,北京交通大学,,首选历史，再选不限,595,2383,,,10,北京,公办,0,1
江苏,2025,历史类,本科批,3105,北京交通大学（威海校区）,（01）,首选历史，再选不限,590,8399,,,5,山东,中外合作办学,0,1
江苏,2025,历史类,本科批,3106,北京航空航天大学,（01）,首选历史，再选不限,634,958,,,5,北京,公办,1,1
江苏,2025,历史类,本科批,3107,北京理工大学,（01）,首选历史，再选不限,629,1250,,,26,北京,公办,1,1
江苏,2025,历史类,本科批,3108,北京科技大学,（01）,首选历史，再选不限,608,2944,,,15,北京,公办,0,1
江苏,2025,历史类,本科批,3109,北京化工大学,（01）,首选历史，再选不限,597,5300,,,0,北京,公办,0,1
江苏,2025,历史类,本科批,3110,中国农业大学,,首选历史，再选不限,605,1599,,,26,北京,公办,1,1
江苏,2025,历史类,本科批,3111,中国地质大学（北京）,（01）,首选历史，再选不限,594,7287,,,0,北京,公办,0,1
江苏,2025,历史类,本科批,3112,中国政法大学,,首选历史，再选不限,631,497,,,49,北京,公办,0,1
江苏,2025,历史类,本科批,3112,中国政法大学,（03）,首选历史，再选思想政治,628,1337,,,4,北京,公办,0,1
江苏,2025,历史类,本科批,3114,北京林业大学,,首选历史，再选不限,598,4104,,,0,北京,公办,0,1
江苏,2025,历史类,本科批,3114,北京林业大学,（04）,首选历史，再选地理,601,5558,,,0,北京,公办,0,1
江苏,2025,历史类,本科批,3114,北京林业大学,（03）,首选历史，再选生物,593,7551,,,0,北京,公办,0,1
江苏,2025,历史类,本科批,3115,北京大学医学部,（01）,首选历史，再选不限,657,125,,,0,北京,公办,1,1
江苏,2025,历史类,本科批,3116,北京外国语大学,（02）,首选历史，再选不限,618,1599,,,0,北京,公办,0,1
江苏,2025,历史类,本科批,3116,北京外国语大学,,首选历史，再选思想政治,610,1337,,,0,北京,公办,0,1
江苏,2025,历史类,本科批,3117,北京语言大学,,首选历史，再选不限,546,7023,,,23,北京,公办,0,0
江苏,2025,历史类,本科批,3117,北京语言大学,（04）,首选历史，再选思想政治,595,6526,,,2,北京,公办,0,0
江苏,2025,历史类,本科批,3118,中国石油大学（北京）,（01）,首选历史，再选思想政治,601,5558,,,0,北京,公办,0,1
江苏,2025,历史类,本科批,3119,对外经济贸易大学,（02）,首选历史，再选不限,628,889,,,29,北京,公办,0,1
江苏,2025,历史类,本科批,3120,中央财经大学,,首选历史，再选不限,614,889,,,0,北京,公办,0,1
江苏,2025,历史类,本科批,3121,北京中医药大学,（01）,首选历史，再选不限,604,3605,,,0,北京,公办,0,1
江苏,2025,历史类,本科批,3122,中国矿业大学（北京）,（01）,首选历史，再选不限,592,7023,,,0,北京,公办,0,1
江苏,2025,历史类,本科批,3123,中国传媒大学,,首选历史，再选不限,604,2030,,,0,北京,公办,0,1
江苏,2025,历史类,本科批,3124,中央美术学院,,首选历史，再选不限,580,2510,,,0,北京,公办,0,0
江苏,2025,历史类,本科批,3125,中央戏剧学院,（01）,首选历史，再选不限,588,4104,,,0,北京,公办,0,0
江苏,2025,历史类,本科批,3127,北京体育大学,,首选历史，再选不限,544,7287,,,0,北京,公办,0,1
江苏,2025,历史类,本科批,3127,北京体育大学,（04）,首选历史，再选思想政治,595,7023,,,0,北京,公办,0,1
江苏,2025,历史类,本科批,3128,华北电力大学（北京）,（01）,首选历史，再选不限,598,4269,,,0,北京,公办,0,1
江苏,2025,历史类,本科批,3129,中央民族大学,（01）,首选历史，再选不限,616,1599,,,0,北京,公办,1,1
江苏,2025,历史类,本科批,3132,北京第二外国语学院,（01）,首选历史，再选不限,579,5796,,,11,北京,公办,0,0
江苏,2025,历史类,本科批,3133,首都师范大学,（01）,首选历史，再选不限,588,5796,,,12,北京,公办,0,0
江苏,2025,历史类,本科批,3136,北京物资学院,（01）,首选历史，再选不限,560,17574,,,0,北京,公办,0,0
江苏,2025,历史类,本科批,3139,北京印刷学院,（01）,首选历史，再选不限,559,19646,,,2,北京,公办,0,0
江苏,2025,历史类,本科批,3141,北京石油化工学院,（01）,首选历史，再选不限,551,20940,,,0,北京,公办,0,0
江苏,2025,历史类,本科批,3142,北京工商大学,（01）,首选历史，再选不限,566,16741,,,5,北京,公办,0,0
江苏,2025,历史类,本科批,3144,北京联合大学,（01）,首选历史，再选不限,561,18396,,,0,北京,公办,0,0
江苏,2025,历史类,本科批,3148,北京电影学院,,首选历史，再选不限,585,2784,,,10,北京,公办,0,0
江苏,2025,历史类,本科批,3153,华北科技学院,（01）,首选历史，再选不限,529,23719,,,26,河北,公办,0,0
江苏,2025,历史类,本科批,3154,首都经济贸易大学,（01）,首选历史，再选不限,583,9628,,,0,北京,公办,0,0
江苏,2025,历史类,本科批,3169,中国劳动关系学院,（01）,首选历史，再选不限,557,15246,,,0,北京,公办,0,0
江苏,2025,历史类,本科批,3176,民政职业大学,（01）,首选历史，再选不限,540,23247,,,13,北京,公办,0,0
江苏,2025,历史类,本科批,3201,南开大学,（02）,首选历史，再选不限,636,672,,,31,天津,公办,1,1
江苏,2025,历史类,本科批,3204,天津师范大学,,首选历史，再选不限,537,11515,,,17,天津,公办,0,0
江苏,2025,历史类,本科批,3204,天津师范大学,（05）,首选历史，再选地理,584,10245,,,0,天津,公办,0,0
江苏,2025,历史类,本科批,3204,天津师范大学,（04）,首选历史，再选思想政治,574,12977,,,0,天津,公办,0,0
江苏,2025,历史类,本科批,3205,中国民航大学,（01）,首选历史，再选不限,571,7287,,,0,天津,公办,0,0
江苏,2025,历史类,本科批,3205,中国民航大学,（02）,首选历史，再选思想政治,582,10856,,,0,天津,公办,0,0
江苏,2025,历史类,本科批,3206,天津工业大学,,首选历史，再选不限,563,8707,,,8,天津,公办,0,0
江苏,2025,历史类,本科批,3207,天津商业大学,（01）,首选历史，再选不限,565,15613,,,13,天津,公办,0,0
江苏,2025,历史类,本科批,3208,天津科技大学,（01）,首选历史，再选不限,560,15975,,,14,天津,公办,0,0
江苏,2025,历史类,本科批,3209,天津财经大学,（01）,首选历史，再选不限,579,8106,,,16,天津,公办,0,0
江苏,2025,历史类,本科批,3210,天津城建大学,,首选历史，再选不限,516,25582,,,11,天津,公办,0,0
江苏,2025,历史类,本科批,3211,天津外国语大学,,首选历史，再选不限,558,13339,,,22,天津,公办,0,0
江苏,2025,历史类,本科批,3211,天津外国语大学,（05）,首选历史，再选思想政治,573,11515,,,3,天津,公办,0,0
江苏,2025,历史类,本科批,3212,天津中医药大学,（01）,首选历史，再选不限,571,14483,,,6,天津,公办,0,0
江苏,2025,历史类,本科批,3213,天津农学院,（01）,首选历史，再选不限,533,27904,,,7,天津,公办,0,0
江苏,2025,历史类,本科批,3217,天津体育学院,（01）,首选历史，再选不限,528,33554,,,6,天津,公办,0,0
江苏,2025,历史类,本科批,3218,天津职业技术师范大学,（01）,首选历史，再选不限,548,20075,,,0,天津,公办,0,0
江苏,2025,历史类,本科批,3301,石家庄铁道大学,,首选历史，再选不限,566,15975,,,0,河北,公办,0,0
江苏,2025,历史类,本科批,3302,河北科技师范学院,（01）,首选历史，再选不限,532,27904,,,0,河北,公办,0,0
江苏,2025,历史类,本科批,3305,河北地质大学,（01）,首选历史，再选不限,546,23719,,,20,河北,公办,0,0
江苏,2025,历史类,本科批,3307,河北工业大学,（01）,首选历史，再选不限,591,8106,,,0,天津,公办,0,1
江苏,2025,历史类,本科批,3310,河北经贸大学,,首选历史，再选不限,535,16346,,,32,河北,公办,0,0
江苏,2025,历史类,本科批,3311,华北电力大学（保定）,（01）,首选历史，再选不限,590,7023,,,0,河北,公办,0,1
江苏,2025,历史类,本科批,3312,河北大学,（01）,首选历史，再选不限,567,15246,,,13,河北,公办,0,0
江苏,2025,历史类,本科批,3314,河北师范大学,,首选历史，再选不限,533,19224,,,10,河北,公办,0,0
江苏,2025,历史类,本科批,3315,河北金融学院,,首选历史，再选不限,525,24175,,,8,河北,公办,0,0
江苏,2025,历史类,本科批,3318,防灾科技学院,（01）,首选历史，再选不限,529,32597,,,0,河北,公办,0,0
江苏,2025,历史类,本科批,3320,河北环境工程学院,（01）,首选历史，再选不限,526,34079,,,12,河北,公办,0,0
江苏,2025,历史类,本科批,3321,燕山大学,（01）,首选历史，再选不限,567,15613,,,0,河北,公办,0,0
江苏,2025,历史类,本科批,3322,东北大学秦皇岛分校,（01）,首选历史，再选不限,602,4658,,,15,河北,公办,1,1
江苏,2025,历史类,本科批,3332,华北理工大学,,首选历史，再选不限,550,19224,,,8,河北,公办,0,0
江苏,2025,历史类,本科批,3332,华北理工大学,（03）,首选历史，再选生物,552,22801,,,3,河北,公办,0,0
江苏,2025,历史类,本科批,3333,衡水学院,（01）,首选历史，再选不限,528,34079,,,2,河北,公办,0,0
江苏,2025,历史类,本科批,3333,衡水学院,（02）,首选历史，再选思想政治,528,33554,,,4,河北,公办,0,0
江苏,2025,历史类,本科批,3341,北华航天工业学院,（01）,首选历史，再选不限,531,29351,,,9,河北,公办,0,0
江苏,2025,历史类,本科批,3344,邯郸学院,（01）,首选历史，再选不限,528,33554,,,14,河北,公办,0,0
江苏,2025,历史类,本科批,3350,张家口学院,（01）,首选历史，再选不限,528,34079,,,6,河北,公办,0,0
江苏,2025,历史类,本科批,3351,河北工程大学,,首选历史，再选不限,526,23719,,,0,河北,公办,0,0
江苏,2025,历史类,本科批,3362,邢台学院,（01）,首选历史，再选不限,526,34549,,,18,河北,公办,0,0
江苏,2025,历史类,本科批,3365,沧州师范学院,（01）,首选历史，再选不限,530,32597,,,4,河北,公办,0,0
江苏,2025,历史类,本科批,3379,河北科技工程职业技术大学,（01）,首选历史，再选不限,521,37529,,,0,河北,公办,0,0
江苏,2025,历史类,本科批,3401,山西大学,（01）,首选历史，再选不限,583,8707,,,10,山西,公办,0,0
江苏,2025,历史类,本科批,3402,中北大学,（01）,首选历史，再选不限,554,21861,,,3,山西,公办,0,0
江苏,2025,历史类,本科批,3403,山西财经大学,,首选历史，再选不限,553,17140,,,24,山西,公办,0,0
江苏,2025,历史类,本科批,3404,太原科技大学,（01）,首选历史，再选不限,553,21405,,,0,山西,公办,0,0
江苏,2025,历史类,本科批,3406,太原工业学院,（01）,首选历史，再选不限,526,34079,,,13,山西,公办,0,0
江苏,2025,历史类,本科批,3408,山西中医药大学,,首选历史，再选不限,578,7551,,,7,山西,公办,0,0
江苏,2025,历史类,本科批,3410,山西农业大学,（01）,首选历史，再选不限,537,27430,,,0,山西,公办,0,0
江苏,2025,历史类,本科批,3410,山西农业大学,（02）,首选历史，再选思想政治,543,23719,,,0,山西,公办,0,0
江苏,2025,历史类,本科批,3412,山西传媒学院,（01）,首选历史，再选不限,525,34079,,,18,山西,公办,0,0
江苏,2025,历史类,本科批,3415,山西师范大学,（01）,首选历史，再选不限,535,19224,,,8,山西,公办,0,0
江苏,2025,历史类,本科批,3415,山西师范大学,（02）,首选历史，再选思想政治,574,13709,,,1,山西,公办,0,0
江苏,2025,历史类,本科批,3416,太原师范学院,（01）,首选历史，再选不限,530,29351,,,0,山西,公办,0,0
江苏,2025,历史类,本科批,3416,太原师范学院,（02）,首选历史，再选地理,534,29839,,,0,山西,公办,0,0
江苏,2025,历史类,本科批,3417,山西大同大学,（01）,首选历史，再选不限,545,26047,,,10,山西,公办,0,0
江苏,2025,历史类,本科批,3417,山西大同大学,（02）,首选历史，再选思想政治,538,29351,,,5,山西,公办,0,0
江苏,2025,历史类,本科批,3418,运城学院,（01）,首选历史，再选不限,526,34079,,,0,山西,公办,0,0
江苏,2025,历史类,本科批,3418,运城学院,（02）,首选历史，再选思想政治,528,34079,,,0,山西,公办,0,0
江苏,2025,历史类,本科批,3429,山西工程科技职业大学,（01）,首选历史，再选不限,527,34549,,,2,山西,公办,0,0
江苏,2025,历史类,本科批,3431,吕梁学院,（01）,首选历史，再选不限,527,33554,,,4,山西,公办,0,0
江苏,2025,历史类,本科批,3431,吕梁学院,（04）,首选历史，再选地理,524,36049,,,2,山西,公办,0,0
江苏,2025,历史类,本科批,3431,吕梁学院,（03）,首选历史，再选思想政治,531,32597,,,1,山西,公办,0,0
江苏,2025,历史类,本科批,3431,吕梁学院,（02）,首选历史，再选生物,520,38007,,,2,山西,公办,0,0
江苏,2025,历史类,本科批,3432,晋中学院,（01）,首选历史，再选不限,524,35556,,,0,山西,公办,0,0
江苏,2025,历史类,本科批,3433,山西工程技术学院,（01）,首选历史，再选不限,527,34079,,,0,山西,公办,0,0
江苏,2025,历史类,本科批,3434,山西科技学院,（01）,首选历史，再选不限,528,34079,,,2,山西,公办,0,0
江苏,2025,历史类,本科批,3506,内蒙古民族大学,（01）,首选历史，再选不限,526,35055,,,2,内蒙古,公办,0,0
江苏,2025,历史类,本科批,3511,内蒙古科技大学,（01）,首选历史，再选不限,545,26047,,,0,内蒙古,公办,0,0
江苏,2025,历史类,本科批,3511,内蒙古科技大学,（02）,首选历史，再选思想政治,535,30732,,,0,内蒙古,公办,0,0
江苏,2025,历史类,本科批,4101,东北大学,（01）,首选历史，再选不限,613,2944,,,7,辽宁,公办,1,1
江苏,2025,历史类,本科批,4102,辽宁大学,,首选历史，再选不限,573,5558,,,12,辽宁,公办,0,1
江苏,2025,历史类,本科批,4108,沈阳工业大学,（01）,首选历史，再选不限,549,22801,,,7,辽宁,公办,0,0
江苏,2025,历史类,本科批,4109,沈阳理工大学,（01）,首选历史，再选不限,551,18005,,,3,辽宁,公办,0,0
江苏,2025,历史类,本科批,4112,鞍山师范学院,（01）,首选历史，再选不限,524,34549,,,5,辽宁,公办,0,0
江苏,2025,历史类,本科批,4113,沈阳医学院,（01）,首选历史，再选生物,551,23247,,,1,辽宁,公办,0,0
江苏,2025,历史类,本科批,4114,辽宁中医药大学,,首选历史，再选不限,544,7551,,,0,辽宁,公办,0,0
江苏,2025,历史类,本科批,4117,沈阳师范大学,,首选历史，再选不限,519,25582,,,19,辽宁,公办,0,0
江苏,2025,历史类,本科批,4120,沈阳大学,（01）,首选历史，再选不限,548,24649,,,2,辽宁,公办,0,0
江苏,2025,历史类,本科批,4126,辽宁师范大学,（01）,首选历史，再选不限,547,25115,,,2,辽宁,公办,0,0
江苏,2025,历史类,本科批,4131,大连理工大学,（01）,首选历史，再选不限,610,2784,,,27,辽宁,公办,1,1
江苏,2025,历史类,本科批,4132,大连海事大学,,首选历史，再选不限,602,2944,,,0,辽宁,公办,0,1
江苏,2025,历史类,本科批,4133,东北财经大学,,首选历史，再选不限,584,3741,,,11,辽宁,公办,0,0
江苏,2025,历史类,本科批,4135,大连外国语大学,,首选历史，再选不限,552,14117,,,12,辽宁,公办,0,0
江苏,2025,历史类,本科批,4136,大连大学,（01）,首选历史，再选不限,548,23719,,,8,辽宁,公办,0,0
江苏,2025,历史类,本科批,4139,大连交通大学,（01）,首选历史，再选不限,561,18396,,,5,辽宁,公办,0,0
江苏,2025,历史类,本科批,4140,大连民族大学,（01）,首选历史，再选不限,539,28888,,,0,辽宁,公办,0,0
江苏,2025,历史类,本科批,4152,渤海大学,,首选历史，再选不限,539,25115,,,3,辽宁,公办,0,0
江苏,2025,历史类,本科批,4201,吉林大学,,首选历史，再选不限,617,726,,,29,吉林,公办,1,1
江苏,2025,历史类,本科批,4201,吉林大学,（04）,首选历史，再选思想政治,620,2253,,,8,吉林,公办,1,1
江苏,2025,历史类,本科批,4202,东北师范大学,,首选历史，再选不限,569,3741,,,0,吉林,公办,0,1
江苏,2025,历史类,本科批,4202,东北师范大学,（04）,首选历史，再选思想政治,601,5558,,,0,吉林,公办,0,1
江苏,2025,历史类,本科批,4204,长春大学,,首选历史，再选不限,502,28408,,,8,吉林,公办,0,0
江苏,2025,历史类,本科批,4206,吉林财经大学,,首选历史，再选不限,556,16741,,,0,吉林,公办,0,0
江苏,2025,历史类,本科批,4207,长春师范大学,,首选历史，再选不限,519,31200,,,18,吉林,公办,0,0
江苏,2025,历史类,本科批,4208,长春理工大学,（01）,首选历史，再选不限,541,26982,,,0,吉林,公办,0,0
江苏,2025,历史类,本科批,4209,长春工程学院,（01）,首选历史，再选不限,457,63474,,,0,吉林,公办,0,0
江苏,2025,历史类,本科批,4210,吉林建筑大学,,首选历史，再选不限,528,32597,,,0,吉林,公办,0,0
江苏,2025,历史类,本科批,4212,吉林工程技术师范学院,（01）,首选历史，再选不限,522,36538,,,23,吉林,公办,0,0
江苏,2025,历史类,本科批,4213,吉林体育学院,（01）,首选历史，再选不限,526,35055,,,1,吉林,公办,0,0
江苏,2025,历史类,本科批,4215,吉林师范大学,,首选历史，再选不限,534,20075,,,0,吉林,公办,0,0
江苏,2025,历史类,本科批,4215,吉林师范大学,（04）,首选历史，再选地理,559,19646,,,0,吉林,公办,0,0
江苏,2025,历史类,本科批,4220,吉林警察学院,（01）,首选历史，再选不限,551,23247,,,0,吉林,公办,0,0
江苏,2025,历史类,本科批,4225,吉林农业科技学院,（01）,首选历史，再选不限,524,36049,,,4,吉林,公办,0,0
江苏,2025,历史类,本科批,4228,吉林医药学院,（01）,首选历史，再选不限,528,33083,,,0,吉林,公办,0,0
江苏,2025,历史类,本科批,4232,北华大学,（01）,首选历史，再选不限,541,26982,,,8,吉林,公办,0,0
江苏,2025,历史类,本科批,4232,北华大学,（02）,首选历史，再选思想政治,547,25115,,,2,吉林,公办,0,0
江苏,2025,历史类,本科批,4233,通化师范学院,（01）,首选历史，再选不限,524,35556,,,18,吉林,公办,0,0
江苏,2025,历史类,本科批,4237,吉林工商学院,（01）,首选历史，再选不限,527,33083,,,10,吉林,公办,0,0
江苏,2025,历史类,本科批,4241,白城师范学院,（01）,首选历史，再选不限,525,35055,,,7,吉林,公办,0,0
江苏,2025,历史类,本科批,4241,白城师范学院,（03）,首选历史，再选地理,528,34079,,,2,吉林,公办,0,0
江苏,2025,历史类,本科批,4241,白城师范学院,（02）,首选历史，再选思想政治,527,34549,,,5,吉林,公办,0,0
江苏,2025,历史类,本科批,4301,哈尔滨工业大学,（01）,首选历史，再选不限,627,1489,,,10,黑龙江,公办,1,1
江苏,2025,历史类,本科批,4302,哈尔滨工程大学,,首选历史，再选不限,591,6276,,,17,黑龙江,公办,0,1
江苏,2025,历史类,本科批,4302,哈尔滨工程大学,（03）,首选历史，再选思想政治,605,4658,,,2,黑龙江,公办,0,1
江苏,2025,历史类,本科批,4303,东北林业大学,（01）,首选历史，再选不限,586,7287,,,0,黑龙江,公办,0,1
江苏,2025,历史类,本科批,4304,东北农业大学,（01）,首选历史，再选不限,584,8976,,,0,黑龙江,公办,0,1
江苏,2025,历史类,本科批,4305,黑龙江中医药大学,（01）,首选历史，再选不限,594,7287,,,2,黑龙江,公办,0,0
江苏,2025,历史类,本科批,4306,黑龙江工程学院,（01）,首选历史，再选不限,526,35055,,,2,黑龙江,公办,0,0
江苏,2025,历史类,本科批,4307,哈尔滨商业大学,（01）,首选历史，再选不限,539,26047,,,0,黑龙江,公办,0,0
江苏,2025,历史类,本科批,4309,哈尔滨医科大学,,首选历史，再选生物,569,11880,,,2,黑龙江,公办,0,0
江苏,2025,历史类,本科批,4310,黑龙江科技大学,（01）,首选历史，再选不限,530,32121,,,0,黑龙江,公办,0,0
江苏,2025,历史类,本科批,4311,黑龙江大学,（02）,首选历史，再选不限,558,15975,,,0,黑龙江,公办,0,0
江苏,2025,历史类,本科批,4311,黑龙江大学,（03）,首选历史，再选思想政治,562,18396,,,0,黑龙江,公办,0,0
江苏,2025,历史类,本科批,4312,哈尔滨师范大学,（01）,首选历史，再选不限,540,25115,,,0,黑龙江,公办,0,0
江苏,2025,历史类,本科批,4314,牡丹江师范学院,（01）,首选历史，再选不限,525,34549,,,19,黑龙江,公办,0,0
江苏,2025,历史类,本科批,4315,哈尔滨金融学院,（01）,首选历史，再选不限,529,29839,,,8,黑龙江,公办,0,0
江苏,2025,历史类,本科批,4323,哈尔滨学院,,首选历史，再选不限,528,32597,,,0,黑龙江,公办,0,0
江苏,2025,历史类,本科批,4323,哈尔滨学院,（03）,首选历史，再选地理,529,33554,,,0,黑龙江,公办,0,0
江苏,2025,历史类,本科批,4324,大庆师范学院,（01）,首选历史，再选不限,524,36049,,,3,黑龙江,公办,0,0
江苏,2025,历史类,本科批,4331,齐齐哈尔医学院,（01）,首选历史，再选不限,515,40423,,,0,黑龙江,公办,0,0
江苏,2025,历史类,本科批,4332,齐齐哈尔大学,（01）,首选历史，再选不限,526,34549,,,0,黑龙江,公办,0,0
江苏,2025,历史类,本科批,4371,延边大学,（01）,首选历史，再选不限,576,9942,,,0,吉林,公办,0,1
江苏,2025,历史类,本科批,5101,郑州大学,（01）,首选历史，再选不限,605,4269,,,11,河南,公办,0,1
江苏,2025,历史类,本科批,5103,中原工学院,（01）,首选历史，再选不限,531,31664,,,0,河南,公办,0,0
江苏,2025,历史类,本科批,5104,河南工业大学,（01）,首选历史，再选不限,557,15246,,,10,河南,公办,0,0
江苏,2025,历史类,本科批,5105,郑州航空工业管理学院,（01）,首选历史，再选不限,536,26982,,,0,河南,公办,0,0
江苏,2025,历史类,本科批,5106,郑州轻工业大学,（01）,首选历史，再选不限,554,18005,,,0,河南,公办,0,0
江苏,2025,历史类,本科批,5110,河南科技学院,（01）,首选历史，再选不限,530,32121,,,0,河南,公办,0,0
江苏,2025,历史类,本科批,5114,河南中医药大学,（01）,首选历史，再选不限,562,18396,,,1,河南,公办,0,0
江苏,2025,历史类,本科批,5114,河南中医药大学,（02）,首选历史，再选生物,568,15975,,,1,河南,公办,0,0
江苏,2025,历史类,本科批,5117,河南农业大学,（01）,首选历史，再选不限,555,20493,,,10,河南,公办,0,0
江苏,2025,历史类,本科批,5118,信阳师范大学,,首选历史，再选不限,542,24175,,,15,河南,公办,0,0
江苏,2025,历史类,本科批,5119,河南财经政法大学,（01）,首选历史，再选不限,571,10856,,,9,河南,公办,0,0
江苏,2025,历史类,本科批,5122,河南工程学院,（01）,首选历史，再选不限,531,32121,,,0,河南,公办,0,0
江苏,2025,历史类,本科批,5122,河南工程学院,（02）,首选历史，再选思想政治,540,28408,,,0,河南,公办,0,0
江苏,2025,历史类,本科批,5125,周口师范学院,（01）,首选历史，再选不限,529,30301,,,16,河南,公办,0,0
江苏,2025,历史类,本科批,5125,周口师范学院,（02）,首选历史，再选思想政治,532,31664,,,4,河南,公办,0,0
江苏,2025,历史类,本科批,5131,洛阳理工学院,（01）,首选历史，再选不限,530,32121,,,0,河南,公办,0,0
江苏,2025,历史类,本科批,5132,河南科技大学,（01）,首选历史，再选不限,561,18396,,,10,河南,公办,0,0
江苏,2025,历史类,本科批,5133,洛阳师范学院,（01）,首选历史，再选不限,529,33083,,,15,河南,公办,0,0
江苏,2025,历史类,本科批,5134,平顶山学院,（01）,首选历史，再选不限,531,32121,,,0,河南,公办,0,0
江苏,2025,历史类,本科批,5134,平顶山学院,（02）,首选历史，再选思想政治,545,26047,,,0,河南,公办,0,0
江苏,2025,历史类,本科批,5141,河南大学,,首选历史，再选不限,566,8399,,,0,河南,公办,0,0
江苏,2025,历史类,本科批,5141,河南大学,（04）,首选历史，再选地理,585,9942,,,0,河南,公办,0,0
江苏,2025,历史类,本科批,5141,河南大学,（03）,首选历史，再选思想政治,589,8707,,,0,河南,公办,0,0
江苏,2025,历史类,本科批,5151,河南理工大学,（01）,首选历史，再选不限,556,20940,,,4,河南,公办,0,0
江苏,2025,历史类,本科批,5153,河南师范大学,（01）,首选历史，再选不限,560,19224,,,0,河南,公办,0,0
江苏,2025,历史类,本科批,5162,安阳师范学院,（01）,首选历史，再选不限,531,30732,,,14,河南,公办,0,0
江苏,2025,历史类,本科批,5162,安阳师范学院,（02）,首选历史，再选思想政治,534,31200,,,6,河南,公办,0,0
江苏,2025,历史类,本科批,5172,郑州工程技术学院,（01）,首选历史，再选不限,526,34549,,,0,河南,公办,0,0
江苏,2025,历史类,本科批,5173,新乡学院,,首选历史，再选不限,524,34549,,,22,河南,公办,0,0
江苏,2025,历史类,本科批,5174,许昌学院,（01）,首选历史，再选不限,528,31664,,,42,河南,公办,0,0
江苏,2025,历史类,本科批,5181,南阳师范学院,,首选历史，再选不限,510,30732,,,34,河南,公办,0,0
江苏,2025,历史类,本科批,5181,南阳师范学院,（04）,首选历史，再选地理,530,33083,,,5,河南,公办,0,0
江苏,2025,历史类,本科批,5182,南阳理工学院,,首选历史，再选不限,528,33083,,,8,河南,公办,0,0
江苏,2025,历史类,本科批,5191,黄淮学院,,首选历史，再选不限,521,32597,,,15,河南,公办,0,0
江苏,2025,历史类,本科批,5193,河南城建学院,（01）,首选历史，再选不限,522,36538,,,10,河南,公办,0,0
江苏,2025,历史类,本科批,5198,商丘师范学院,（01）,首选历史，再选不限,529,28408,,,18,河南,公办,0,0
江苏,2025,历史类,本科批,5198,商丘师范学院,（03）,首选历史，再选地理,530,33083,,,1,河南,公办,0,0
江苏,2025,历史类,本科批,5198,商丘师范学院,（02）,首选历史，再选思想政治,541,27904,,,1,河南,公办,0,0
江苏,2025,历史类,本科批,5201,武汉大学,（03）,首选历史，再选不限,641,299,,,35,湖北,公办,1,1
江苏,2025,历史类,本科批,5201,武汉大学,（04）,首选历史，再选思想政治,639,672,,,6,湖北,公办,1,1
江苏,2025,历史类,本科批,5202,华中科技大学,（01）,首选历史，再选不限,623,1111,,,50,湖北,公办,1,1
江苏,2025,历史类,本科批,5203,华中师范大学,（02）,首选历史，再选不限,604,3741,,,0,湖北,公办,0,1
江苏,2025,历史类,本科批,5203,华中师范大学,（04）,首选历史，再选地理,612,3431,,,0,湖北,公办,0,1
江苏,2025,历史类,本科批,5203,华中师范大学,（03）,首选历史，再选思想政治,610,3741,,,0,湖北,公办,0,1
江苏,2025,历史类,本科批,5204,华中农业大学,（01）,首选历史，再选不限,591,7551,,,17,湖北,公办,0,1
江苏,2025,历史类,本科批,5205,中国地质大学（武汉）,（01）,首选历史，再选不限,594,4659,,,0,湖北,公办,0,1
江苏,2025,历史类,本科批,5205,中国地质大学（武汉）,（02）,首选历史，再选思想政治,602,5102,,,0,湖北,公办,0,1
江苏,2025,历史类,本科批,5206,中南财经政法大学,,首选历史，再选不限,556,1250,,,0,湖北,公办,0,1
江苏,2025,历史类,本科批,5207,武汉理工大学,（01）,首选历史，再选不限,592,5558,,,0,湖北,公办,0,1
江苏,2025,历史类,本科批,5208,中南民族大学,,首选历史，再选不限,572,11515,,,14,湖北,公办,0,0
江苏,2025,历史类,本科批,5208,中南民族大学,（03）,首选历史，再选思想政治,577,12628,,,2,湖北,公办,0,0
江苏,2025,历史类,本科批,5209,湖北大学,（01）,首选历史，再选思想政治,551,23247,,,4,湖北,公办,0,0
江苏,2025,历史类,本科批,5210,湖北美术学院,（01）,首选历史，再选不限,528,34079,,,0,湖北,公办,0,0
江苏,2025,历史类,本科批,5211,湖北中医药大学,（01）,首选历史，再选不限,578,6276,,,20,湖北,公办,0,0
江苏,2025,历史类,本科批,5212,武汉纺织大学,（01）,首选历史，再选不限,559,18813,,,7,湖北,公办,0,0
江苏,2025,历史类,本科批,5213,武汉体育学院,（01）,首选历史，再选不限,530,32597,,,10,湖北,公办,0,0
江苏,2025,历史类,本科批,5215,武汉工程大学,（01）,首选历史，再选不限,564,16346,,,6,湖北,公办,0,0
江苏,2025,历史类,本科批,5216,武汉轻工大学,,首选历史，再选不限,530,20940,,,0,湖北,公办,0,0
江苏,2025,历史类,本科批,5217,武汉科技大学,（01）,首选历史，再选不限,567,12244,,,0,湖北,公办,0,0
江苏,2025,历史类,本科批,5220,湖北第二师范学院,,首选历史，再选不限,508,25115,,,0,湖北,公办,0,0
江苏,2025,历史类,本科批,5221,湖北经济学院,,首选历史，再选不限,529,18813,,,0,湖北,公办,0,0
江苏,2025,历史类,本科批,5225,汉江师范学院,（01）,首选历史，再选不限,541,27430,,,4,湖北,公办,0,0
江苏,2025,历史类,本科批,5243,长江大学,（01）,首选历史，再选不限,555,20075,,,6,湖北,公办,0,0
江苏,2025,历史类,本科批,5251,三峡大学,（01）,首选历史，再选不限,550,22327,,,14,湖北,公办,0,0
江苏,2025,历史类,本科批,5261,湖北师范大学,（01）,首选历史，再选不限,559,18813,,,0,湖北,公办,0,0
江苏,2025,历史类,本科批,5261,湖北师范大学,（02）,首选历史，再选地理,565,17140,,,0,湖北,公办,0,0
江苏,2025,历史类,本科批,5265,湖北理工学院,（01）,首选历史，再选不限,532,30732,,,0,湖北,公办,0,0
江苏,2025,历史类,本科批,5267,湖北民族大学,（01）,首选历史，再选不限,545,25582,,,0,湖北,公办,0,0
江苏,2025,历史类,本科批,5271,湖北警官学院,（01）,首选历史，再选不限,558,20075,,,9,湖北,公办,0,0
江苏,2025,历史类,本科批,5285,荆楚理工学院,（01）,首选历史，再选不限,527,33554,,,7,湖北,公办,0,0
江苏,2025,历史类,本科批,5287,湖北科技学院,（01）,首选历史，再选不限,529,33083,,,16,湖北,公办,0,0
江苏,2025,历史类,本科批,5290,湖北文理学院,（01）,首选历史，再选不限,526,35055,,,0,湖北,公办,0,0
江苏,2025,历史类,本科批,5295,湖北工程学院,（01）,首选历史，再选不限,528,25115,,,9,湖北,公办,0,0
江苏,2025,历史类,本科批,5301,湖南大学,（01）,首选历史，再选不限,625,1416,,,22,湖南,公办,1,1
江苏,2025,历史类,本科批,5302,中南大学,（01）,首选历史，再选不限,621,1928,,,23,湖南,公办,1,1
江苏,2025,历史类,本科批,5303,湖南师范大学,（01）,首选历史，再选不限,593,5101,,,0,湖南,公办,0,1
江苏,2025,历史类,本科批,5303,湖南师范大学,（03）,首选历史，再选地理,600,5558,,,0,湖南,公办,0,1
江苏,2025,历史类,本科批,5303,湖南师范大学,（02）,首选历史，再选思想政治,599,5796,,,0,湖南,公办,0,1
江苏,2025,历史类,本科批,5305,湖南农业大学,（01）,首选历史，再选不限,555,17140,,,12,湖南,公办,0,0
江苏,2025,历史类,本科批,5306,湖南工商大学,（01）,首选历史，再选不限,557,18005,,,6,湖南,公办,0,0
江苏,2025,历史类,本科批,5307,长沙理工大学,（01）,首选历史，再选不限,566,15613,,,0,湖南,公办,0,0
江苏,2025,历史类,本科批,5308,长沙学院,,首选历史，再选不限,535,24649,,,22,湖南,公办,0,0
江苏,2025,历史类,本科批,5308,长沙学院,（04）,首选历史，再选地理,536,30301,,,2,湖南,公办,0,0
江苏,2025,历史类,本科批,5308,长沙学院,（03）,首选历史，再选思想政治,542,27430,,,3,湖南,公办,0,0
江苏,2025,历史类,本科批,5310,湖南人文科技学院,,首选历史，再选不限,501,34549,,,20,湖南,公办,0,0
江苏,2025,历史类,本科批,5310,湖南人文科技学院,（03）,首选历史，再选思想政治,530,33083,,,4,湖南,公办,0,0
江苏,2025,历史类,本科批,5320,湖南财政经济学院,（01）,首选历史，再选不限,545,24649,,,8,湖南,公办,0,0
江苏,2025,历史类,本科批,5321,湖南科技大学,（01）,首选历史，再选不限,549,13339,,,17,湖南,公办,0,0
江苏,2025,历史类,本科批,5322,湖南工程学院,（01）,首选历史，再选不限,526,34549,,,0,湖南,公办,0,0
江苏,2025,历史类,本科批,5323,湘潭大学,（01）,首选历史，再选不限,579,9329,,,19,湖南,公办,0,0
江苏,2025,历史类,本科批,5327,湖南工学院,（01）,首选历史，再选不限,527,33554,,,17,湖南,公办,0,0
江苏,2025,历史类,本科批,5331,中南林业科技大学,（01）,首选历史，再选不限,557,19224,,,12,湖南,公办,0,0
江苏,2025,历史类,本科批,5332,湖南工业大学,（01）,首选历史，再选不限,551,20075,,,0,湖南,公办,0,0
江苏,2025,历史类,本科批,5341,南华大学,（01）,首选历史，再选不限,554,20075,,,0,湖南,公办,0,0
江苏,2025,历史类,本科批,5342,衡阳师范学院,（01）,首选历史，再选不限,528,28408,,,16,湖南,公办,0,0
江苏,2025,历史类,本科批,5342,衡阳师范学院,（02）,首选历史，再选思想政治,556,20940,,,1,湖南,公办,0,0
江苏,2025,历史类,本科批,5343,湖南文理学院,（01）,首选历史，再选不限,528,28408,,,13,湖南,公办,0,0
江苏,2025,历史类,本科批,5351,湖南理工学院,（01）,首选历史，再选不限,529,31664,,,21,湖南,公办,0,0
江苏,2025,历史类,本科批,5355,湖南城市学院,（01）,首选历史，再选不限,526,34079,,,14,湖南,公办,0,0
江苏,2025,历史类,本科批,5361,吉首大学,（01）,首选历史，再选不限,543,26982,,,0,湖南,公办,0,0
江苏,2025,历史类,本科批,5361,吉首大学,（02）,首选历史，再选思想政治,544,26047,,,0,湖南,公办,0,0
江苏,2025,历史类,本科批,5371,邵阳学院,（01）,首选历史，再选不限,526,34079,,,12,湖南,公办,0,0
江苏,2025,历史类,本科批,5380,长沙师范学院,,首选历史，再选不限,539,27904,,,6,湖南,公办,0,0
江苏,2025,历史类,本科批,5381,湘南学院,（01）,首选历史，再选不限,529,31664,,,21,湖南,公办,0,0
江苏,2025,历史类,本科批,5385,怀化学院,（01）,首选历史，再选不限,529,27430,,,15,湖南,公办,0,0
江苏,2025,历史类,本科批,5385,怀化学院,（02）,首选历史，再选思想政治,532,32121,,,2,湖南,公办,0,0
江苏,2025,历史类,本科批,5391,湖南科技学院,（01）,首选历史，再选不限,526,33554,,,0,湖南,公办,0,0
江苏,2025,历史类,本科批,5391,湖南科技学院,（02）,首选历史，再选思想政治,534,31200,,,0,湖南,公办,0,0
江苏,2025,历史类,本科批,5393,湖南女子学院,（01）,首选历史，再选不限,525,33083,,,35,湖南,公办,0,0
江苏,2025,历史类,本科批,5401,中山大学,（01）,首选历史，再选不限,633,672,,,22,广东,公办,1,1
江苏,2025,历史类,本科批,5401,中山大学,（02）,首选历史，再选思想政治,630,1250,,,6,广东,公办,1,1
江苏,2025,历史类,本科批,5402,华南理工大学,（01）,首选历史，再选不限,624,1489,,,12,广东,公办,1,1
江苏,2025,历史类,本科批,5404,广东外语外贸大学,（01）,首选历史，再选不限,573,8976,,,17,广东,公办,0,0
江苏,2025,历史类,本科批,5404,广东外语外贸大学,（02）,首选历史，再选思想政治,578,12244,,,2,广东,公办,0,0
江苏,2025,历史类,本科批,5407,暨南大学,（01）,首选历史，再选不限,599,4104,,,16,广东,公办,0,1
江苏,2025,历史类,本科批,5412,广东金融学院,（01）,首选历史，再选不限,566,14483,,,2,广东,公办,0,0
江苏,2025,历史类,本科批,5413,华南师范大学,（01）,首选历史，再选不限,601,4269,,,10,广东,公办,0,1
江苏,2025,历史类,本科批,5414,广东财经大学,（01）,首选历史，再选不限,586,9329,,,4,广东,公办,0,0
江苏,2025,历史类,本科批,5416,广东轻工职业技术大学,（01）,首选历史，再选不限,525,35556,,,1,广东,公办,0,0
江苏,2025,历史类,本科批,5418,哈尔滨工业大学（深圳）,（01）,首选历史，再选不限,621,1795,,,0,广东,公办,1,1
江苏,2025,历史类,本科批,5419,广州大学,,首选历史，再选不限,556,11880,,,0,广东,公办,0,0
江苏,2025,历史类,本科批,5420,广州中医药大学,（01）,首选历史，再选不限,573,12977,,,3,广东,公办,0,0
江苏,2025,历史类,本科批,5421,汕头大学,（01）,首选历史，再选不限,570,10538,,,12,广东,公办,0,0
江苏,2025,历史类,本科批,5422,南方医科大学,（01）,首选历史，再选不限,572,8399,,,0,广东,公办,0,0
江苏,2025,历史类,本科批,5423,广州体育学院,（01）,首选历史，再选不限,530,33083,,,2,广东,公办,0,0
江苏,2025,历史类,本科批,5437,韶关学院,（01）,首选历史，再选不限,525,35556,,,5,广东,公办,0,0
江苏,2025,历史类,本科批,5451,深圳大学,（01）,首选历史，再选不限,601,2945,,,6,广东,公办,0,0
江苏,2025,历史类,本科批,5461,北师香港浸会大学,（01）,首选历史，再选不限,560,15246,,,15,广东,内地与港澳台地区合作办学,0,0
江苏,2025,历史类,本科批,5477,岭南师范学院,（01）,首选历史，再选不限,530,33083,,,4,广东,公办,0,0
江苏,2025,历史类,本科批,5477,岭南师范学院,（02）,首选历史，再选地理,537,29839,,,2,广东,公办,0,0
江苏,2025,历史类,本科批,5479,深圳技术大学,（01）,首选历史，再选不限,580,9628,,,5,广东,公办,0,0
江苏,2025,历史类,本科批,5502,广西中医药大学,（01）,首选历史，再选不限,585,8106,,,4,广西,公办,0,0
江苏,2025,历史类,本科批,5504,南宁师范大学,（01）,首选历史，再选不限,541,27430,,,4,广西,公办,0,0
江苏,2025,历史类,本科批,5505,玉林师范学院,,首选历史，再选不限,522,34079,,,7,广西,公办,0,0
江苏,2025,历史类,本科批,5506,广西艺术学院,（01）,首选历史，再选不限,520,37028,,,0,广西,公办,0,0
江苏,2025,历史类,本科批,5510,桂林医科大学,（01）,首选历史，再选生物,529,33554,,,0,广西,公办,0,0
江苏,2025,历史类,本科批,5511,广西师范大学,,首选历史，再选不限,543,21405,,,0,广西,公办,0,0
江苏,2025,历史类,本科批,5512,桂林理工大学,（01）,首选历史，再选不限,529,29351,,,0,广西,公办,0,0
江苏,2025,历史类,本科批,5517,右江民族医学院,（01）,首选历史，再选生物,528,34079,,,1,广西,公办,0,0
江苏,2025,历史类,本科批,5518,广西民族师范学院,（01）,首选历史，再选不限,521,36538,,,15,广西,公办,0,0
江苏,2025,历史类,本科批,5519,贺州学院,（01）,首选历史，再选不限,524,35556,,,12,广西,公办,0,0
江苏,2025,历史类,本科批,5521,桂林航天工业学院,（01）,首选历史，再选不限,537,29839,,,0,广西,公办,0,0
江苏,2025,历史类,本科批,5522,桂林旅游学院,,首选历史，再选不限,483,55402,,,0,广西,公办,0,0
江苏,2025,历史类,本科批,5527,广西科技师范学院,（01）,首选历史，再选不限,525,35055,,,0,广西,公办,0,0
江苏,2025,历史类,本科批,5531,广西科技大学,（01）,首选历史，再选不限,529,33554,,,5,广西,公办,0,0
江苏,2025,历史类,本科批,5532,广西民族大学,,首选历史，再选不限,526,18813,,,10,广西,公办,0,0
江苏,2025,历史类,本科批,5561,梧州学院,（01）,首选历史，再选不限,525,34549,,,9,广西,公办,0,0
江苏,2025,历史类,本科批,5601,海南大学,,首选历史，再选不限,566,7287,,,0,海南,公办,0,1
江苏,2025,历史类,本科批,5601,海南大学,（06）,首选历史，再选地理,572,14483,,,0,海南,公办,0,1
江苏,2025,历史类,本科批,5601,海南大学,,首选历史，再选思想政治,589,6276,,,0,海南,公办,0,1
江苏,2025,历史类,本科批,5602,海南师范大学,,首选历史，再选不限,528,20075,,,26,海南,公办,0,0
江苏,2025,历史类,本科批,5602,海南师范大学,（04）,首选历史，再选思想政治,557,20493,,,2,海南,公办,0,0
江苏,2025,历史类,本科批,5604,海南热带海洋学院,,首选历史，再选不限,487,34079,,,0,海南,公办,0,0
江苏,2025,历史类,本科批,5604,海南热带海洋学院,（03）,首选历史，再选思想政治,526,34549,,,0,海南,公办,0,0
江苏,2025,历史类,本科批,5619,琼台师范学院,,首选历史，再选不限,508,36049,,,0,海南,公办,0,0
江苏,2025,历史类,本科批,5619,琼台师范学院,（03）,首选历史，再选思想政治,529,33554,,,0,海南,公办,0,0
江苏,2025,历史类,本科批,6101,四川大学,（02）,首选历史，再选不限,623,1111,,,0,四川,公办,1,1
江苏,2025,历史类,本科批,6102,西南交通大学,（01）,首选历史，再选不限,592,6031,,,16,四川,公办,0,1
江苏,2025,历史类,本科批,6102,西南交通大学,（02）,首选历史，再选思想政治,596,6276,,,9,四川,公办,0,1
江苏,2025,历史类,本科批,6103,西南财经大学,,首选历史，再选不限,587,1250,,,0,四川,公办,0,1
江苏,2025,历史类,本科批,6105,西南民族大学,（01）,首选历史，再选不限,571,12628,,,9,四川,公办,0,0
江苏,2025,历史类,本科批,6106,成都理工大学,（01）,首选历史，再选不限,558,20075,,,4,四川,公办,0,0
江苏,2025,历史类,本科批,6107,成都信息工程大学,（01）,首选历史，再选不限,556,18813,,,12,四川,公办,0,0
江苏,2025,历史类,本科批,6108,成都体育学院,,首选历史，再选不限,531,11515,,,0,四川,公办,0,0
江苏,2025,历史类,本科批,6109,四川音乐学院,,首选历史，再选不限,528,33554,,,0,四川,公办,0,0
江苏,2025,历史类,本科批,6110,西华大学,（01）,首选历史，再选不限,550,21861,,,0,四川,公办,0,0
江苏,2025,历史类,本科批,6110,西华大学,（02）,首选历史，再选思想政治,561,18813,,,0,四川,公办,0,0
江苏,2025,历史类,本科批,6111,成都中医药大学,（01）,首选历史，再选不限,564,17574,,,0,四川,公办,0,0
江苏,2025,历史类,本科批,6112,电子科技大学,（01）,首选历史，再选不限,618,2383,,,6,四川,公办,1,1
江苏,2025,历史类,本科批,6114,成都大学,,首选历史，再选不限,548,18813,,,11,四川,公办,0,0
江苏,2025,历史类,本科批,6115,四川轻化工大学,（01）,首选历史，再选不限,544,25115,,,3,四川,公办,0,0
江苏,2025,历史类,本科批,6117,西昌学院,（01）,首选历史，再选不限,523,36049,,,0,四川,公办,0,0
江苏,2025,历史类,本科批,6118,内江师范学院,（01）,首选历史，再选不限,546,25582,,,3,四川,公办,0,0
江苏,2025,历史类,本科批,6118,内江师范学院,（02）,首选历史，再选思想政治,539,28888,,,2,四川,公办,0,0
江苏,2025,历史类,本科批,6120,四川警察学院,（01）,首选历史，再选不限,557,20493,,,0,四川,公办,0,0
江苏,2025,历史类,本科批,6129,成都师范学院,（01）,首选历史，再选不限,541,27904,,,0,四川,公办,0,0
江苏,2025,历史类,本科批,6129,成都师范学院,（02）,首选历史，再选地理,549,24175,,,0,四川,公办,0,0
江苏,2025,历史类,本科批,6131,西南科技大学,（01）,首选历史，再选不限,549,23719,,,0,四川,公办,0,0
江苏,2025,历史类,本科批,6140,四川师范大学,,首选历史，再选不限,566,12628,,,0,四川,公办,0,0
江苏,2025,历史类,本科批,6140,四川师范大学,（03）,首选历史，再选思想政治,574,11880,,,0,四川,公办,0,0
江苏,2025,历史类,本科批,6141,西南石油大学,（01）,首选历史，再选不限,564,17574,,,0,四川,公办,0,0
江苏,2025,历史类,本科批,6142,西华师范大学,（01）,首选历史，再选不限,549,23247,,,0,四川,公办,0,0
江苏,2025,历史类,本科批,6144,绵阳师范学院,（01）,首选历史，再选不限,527,34549,,,4,四川,公办,0,0
江苏,2025,历史类,本科批,6151,乐山师范学院,（01）,首选历史，再选不限,527,34079,,,6,四川,公办,0,0
江苏,2025,历史类,本科批,6161,川北医学院,（01）,首选历史，再选生物,527,34549,,,0,四川,公办,0,0
江苏,2025,历史类,本科批,6181,宜宾学院,（01）,首选历史，再选不限,531,31200,,,4,四川,公办,0,0
江苏,2025,历史类,本科批,6187,攀枝花学院,（01）,首选历史，再选不限,542,27430,,,3,四川,公办,0,0
江苏,2025,历史类,本科批,6201,重庆大学,（02）,首选历史，再选不限,626,1599,,,8,重庆,公办,1,1
江苏,2025,历史类,本科批,6202,西南大学,,首选历史，再选不限,596,2944,,,14,重庆,公办,0,1
江苏,2025,历史类,本科批,6202,西南大学,（03）,首选历史，再选地理,605,4658,,,1,重庆,公办,0,1
江苏,2025,历史类,本科批,6203,西南政法大学,,首选历史，再选不限,609,1250,,,49,重庆,公办,0,0
江苏,2025,历史类,本科批,6206,重庆工商大学,（01）,首选历史，再选不限,556,14118,,,0,重庆,公办,0,0
江苏,2025,历史类,本科批,6207,重庆交通大学,（01）,首选历史，再选不限,556,20075,,,9,重庆,公办,0,0
江苏,2025,历史类,本科批,6208,重庆理工大学,,首选历史，再选不限,557,20075,,,8,重庆,公办,0,0
江苏,2025,历史类,本科批,6209,重庆邮电大学,（01）,首选历史，再选不限,560,19224,,,4,重庆,公办,0,0
江苏,2025,历史类,本科批,6210,重庆师范大学,,首选历史，再选不限,545,18396,,,40,重庆,公办,0,0
江苏,2025,历史类,本科批,6210,重庆师范大学,（03）,首选历史，再选地理,576,12977,,,2,重庆,公办,0,0
江苏,2025,历史类,本科批,6211,四川美术学院,（01）,首选历史，再选不限,544,18813,,,6,重庆,公办,0,0
江苏,2025,历史类,本科批,6212,四川外国语大学,,首选历史，再选不限,551,16347,,,0,重庆,公办,0,0
江苏,2025,历史类,本科批,6212,四川外国语大学,（06）,首选历史，再选思想政治,567,15976,,,0,重庆,公办,0,0
江苏,2025,历史类,本科批,6213,重庆三峡学院,（01）,首选历史，再选不限,530,31664,,,18,重庆,公办,0,0
江苏,2025,历史类,本科批,6214,长江师范学院,（01）,首选历史，再选不限,532,28888,,,0,重庆,公办,0,0
江苏,2025,历史类,本科批,6214,长江师范学院,（02）,首选历史，再选生物,519,38488,,,0,重庆,公办,0,0
江苏,2025,历史类,本科批,6221,重庆科技大学,（01）,首选历史，再选不限,551,23247,,,2,重庆,公办,0,0
江苏,2025,历史类,本科批,6301,贵州大学,（01）,首选历史，再选不限,591,7818,,,0,贵州,公办,0,1
江苏,2025,历史类,本科批,6302,贵州中医药大学,,首选历史，再选不限,559,10856,,,4,贵州,公办,0,0
江苏,2025,历史类,本科批,6304,贵州财经大学,,首选历史，再选不限,537,25115,,,0,贵州,公办,0,0
江苏,2025,历史类,本科批,6308,安顺学院,,首选历史，再选不限,523,35055,,,5,贵州,公办,0,0
江苏,2025,历史类,本科批,6310,黔南民族师范学院,（01）,首选历史，再选不限,522,36049,,,3,贵州,公办,0,0
江苏,2025,历史类,本科批,6315,贵州工程应用技术学院,（01）,首选历史，再选不限,523,36538,,,2,贵州,公办,0,0
江苏,2025,历史类,本科批,6315,贵州工程应用技术学院,（02）,首选历史，再选思想政治,522,37028,,,2,贵州,公办,0,0
江苏,2025,历史类,本科批,6316,贵州商学院,,首选历史，再选不限,512,36049,,,6,贵州,公办,0,0
江苏,2025,历史类,本科批,6317,遵义师范学院,（01）,首选历史，再选不限,531,32121,,,4,贵州,公办,0,0
江苏,2025,历史类,本科批,6317,遵义师范学院,（02）,首选历史，再选思想政治,536,30301,,,2,贵州,公办,0,0
江苏,2025,历史类,本科批,6320,六盘水师范学院,（01）,首选历史，再选不限,523,36538,,,4,贵州,公办,0,0
江苏,2025,历史类,本科批,6323,贵州警察学院,（01）,首选历史，再选不限,556,20940,,,1,贵州,公办,0,0
江苏,2025,历史类,本科批,6324,贵阳康养职业大学,（01）,首选历史，再选不限,522,37028,,,1,贵州,公办,0,0
江苏,2025,历史类,本科批,6401,云南大学,（01）,首选历史，再选不限,589,8399,,,2,云南,公办,0,1
江苏,2025,历史类,本科批,6401,云南大学,（02）,首选历史，再选思想政治,602,4889,,,2,云南,公办,0,1
江苏,2025,历史类,本科批,6402,云南师范大学,（01）,首选历史，再选不限,559,17574,,,10,云南,公办,0,0
江苏,2025,历史类,本科批,6402,云南师范大学,（02）,首选历史，再选思想政治,565,16346,,,4,云南,公办,0,0
江苏,2025,历史类,本科批,6403,云南艺术学院,（01）,首选历史，再选不限,523,35055,,,10,云南,公办,0,0
江苏,2025,历史类,本科批,6404,昆明理工大学,（01）,首选历史，再选不限,557,18396,,,0,云南,公办,0,0
江苏,2025,历史类,本科批,6404,昆明理工大学,（02）,首选历史，再选地理,551,21861,,,0,云南,公办,0,0
江苏,2025,历史类,本科批,6405,云南农业大学,,首选历史，再选不限,537,25115,,,6,云南,公办,0,0
江苏,2025,历史类,本科批,6407,玉溪师范学院,（01）,首选历史，再选不限,529,32597,,,6,云南,公办,0,0
江苏,2025,历史类,本科批,6408,云南财经大学,（01）,首选历史，再选不限,548,16741,,,37,云南,公办,0,0
江苏,2025,历史类,本科批,6410,昆明学院,（01）,首选历史，再选思想政治,539,28888,,,2,云南,公办,0,0
江苏,2025,历史类,本科批,6411,大理大学,（01）,首选历史，再选不限,547,22801,,,8,云南,公办,0,0
江苏,2025,历史类,本科批,6411,大理大学,（02）,首选历史，再选生物,529,33554,,,2,云南,公办,0,0
江苏,2025,历史类,本科批,6413,红河学院,（01）,首选历史，再选不限,523,35556,,,11,云南,公办,0,0
江苏,2025,历史类,本科批,6414,云南民族大学,（01）,首选历史，再选不限,547,24649,,,0,云南,公办,0,0
江苏,2025,历史类,本科批,6414,云南民族大学,（02）,首选历史，再选思想政治,544,26540,,,0,云南,公办,0,0
江苏,2025,历史类,本科批,6417,曲靖师范学院,（01）,首选历史，再选不限,513,41387,,,1,云南,公办,0,0
江苏,2025,历史类,本科批,6417,曲靖师范学院,（02）,首选历史，再选地理,536,30301,,,1,云南,公办,0,0
江苏,2025,历史类,本科批,6419,普洱学院,（01）,首选历史，再选不限,522,37028,,,4,云南,公办,0,0
江苏,2025,历史类,本科批,6419,普洱学院,（02）,首选历史，再选思想政治,522,37028,,,5,云南,公办,0,0
江苏,2025,历史类,本科批,6420,文山学院,（01）,首选历史，再选不限,525,35556,,,6,云南,公办,0,0
江苏,2025,历史类,本科批,6501,西藏大学,（01）,首选历史，再选思想政治,575,13339,,,1,西藏,公办,0,1
江苏,2025,历史类,本科批,7101,西北大学,,首选历史，再选不限,594,2945,,,0,陕西,公办,0,1
江苏,2025,历史类,本科批,7102,西北工业大学,（01）,首选历史，再选不限,618,2030,,,21,陕西,公办,1,1
江苏,2025,历史类,本科批,7102,西北工业大学,（02）,首选历史，再选思想政治,618,2510,,,3,陕西,公办,1,1
江苏,2025,历史类,本科批,7103,陕西师范大学,（01）,首选历史，再选不限,599,4269,,,16,陕西,公办,0,1
江苏,2025,历史类,本科批,7103,陕西师范大学,（02）,首选历史，再选思想政治,603,5101,,,3,陕西,公办,0,1
江苏,2025,历史类,本科批,7104,西安交通大学,（01）,首选历史，再选不限,630,1111,,,0,陕西,公办,1,1
江苏,2025,历史类,本科批,7107,长安大学,,首选历史，再选不限,584,6031,,,15,陕西,公办,0,1
江苏,2025,历史类,本科批,7109,西北政法大学,（01）,首选历史，再选不限,612,2644,,,0,陕西,公办,0,0
江苏,2025,历史类,本科批,7110,西安工程大学,,首选历史，再选不限,543,21405,,,6,陕西,公办,0,0
江苏,2025,历史类,本科批,7111,西安财经大学,（01）,首选历史，再选不限,559,18813,,,7,陕西,公办,0,0
江苏,2025,历史类,本科批,7113,西安石油大学,（01）,首选历史，再选不限,550,22327,,,8,陕西,公办,0,0
江苏,2025,历史类,本科批,7114,西安医学院,（01）,首选历史，再选不限,527,34549,,,2,陕西,公办,0,0
江苏,2025,历史类,本科批,7114,西安医学院,（02）,首选历史，再选生物,542,27430,,,2,陕西,公办,0,0
江苏,2025,历史类,本科批,7115,西安工业大学,（01）,首选历史，再选不限,558,19224,,,6,陕西,公办,0,0
江苏,2025,历史类,本科批,7117,西安外国语大学,（02）,首选历史，再选不限,562,12977,,,39,陕西,公办,0,0
江苏,2025,历史类,本科批,7120,西安音乐学院,（01）,首选历史，再选不限,525,35556,,,0,陕西,公办,0,0
江苏,2025,历史类,本科批,7122,西安文理学院,,首选历史，再选不限,529,33083,,,12,陕西,公办,0,0
江苏,2025,历史类,本科批,7140,渭南师范学院,,首选历史，再选不限,484,31200,,,8,陕西,公办,0,0
江苏,2025,历史类,本科批,7141,西北农林科技大学,（01）,首选历史，再选不限,601,4462,,,12,陕西,公办,1,1
江苏,2025,历史类,本科批,7142,延安大学,（01）,首选历史，再选不限,547,20493,,,10,陕西,公办,0,0
江苏,2025,历史类,本科批,7142,延安大学,（02）,首选历史，再选思想政治,554,21861,,,4,陕西,公办,0,0
江苏,2025,历史类,本科批,7150,陕西学前师范学院,（01）,首选历史，再选不限,525,34549,,,0,陕西,公办,0,0
江苏,2025,历史类,本科批,7150,陕西学前师范学院,（02）,首选历史，再选地理,530,33083,,,0,陕西,公办,0,0
江苏,2025,历史类,本科批,7151,陕西科技大学,（01）,首选历史，再选不限,557,20493,,,4,陕西,公办,0,0
江苏,2025,历史类,本科批,7162,宝鸡文理学院,（01）,首选历史，再选不限,526,35055,,,12,陕西,公办,0,0
江苏,2025,历史类,本科批,7165,咸阳师范学院,（01）,首选历史，再选不限,503,46229,,,3,陕西,公办,0,0
江苏,2025,历史类,本科批,7166,商洛学院,（01）,首选历史，再选思想政治,529,33554,,,2,陕西,公办,0,0
江苏,2025,历史类,本科批,7167,陕西理工大学,（01）,首选历史，再选不限,543,23719,,,0,陕西,公办,0,0
江苏,2025,历史类,本科批,7167,陕西理工大学,（03）,首选历史，再选地理,554,21861,,,0,陕西,公办,0,0
江苏,2025,历史类,本科批,7167,陕西理工大学,（02）,首选历史，再选思想政治,557,20493,,,0,陕西,公办,0,0
江苏,2025,历史类,本科批,7201,兰州大学,（01）,首选历史，再选不限,609,2253,,,25,甘肃,公办,1,1
江苏,2025,历史类,本科批,7201,兰州大学,（02）,首选历史，再选思想政治,612,2784,,,5,甘肃,公办,1,1
江苏,2025,历史类,本科批,7202,兰州理工大学,（01）,首选历史，再选不限,545,19224,,,11,甘肃,公办,0,0
江苏,2025,历史类,本科批,7203,兰州财经大学,（01）,首选历史，再选不限,538,25115,,,0,甘肃,公办,0,0
江苏,2025,历史类,本科批,7204,兰州交通大学,（01）,首选历史，再选不限,550,20493,,,0,甘肃,公办,0,0
江苏,2025,历史类,本科批,7205,西北民族大学,,首选历史，再选不限,529,28888,,,16,甘肃,公办,0,0
江苏,2025,历史类,本科批,7205,西北民族大学,（05）,首选历史，再选思想政治,557,20493,,,2,甘肃,公办,0,0
江苏,2025,历史类,本科批,7206,甘肃农业大学,（01）,首选历史，再选不限,542,26540,,,5,甘肃,公办,0,0
江苏,2025,历史类,本科批,7207,甘肃政法大学,（01）,首选历史，再选不限,564,11880,,,0,甘肃,公办,0,0
江苏,2025,历史类,本科批,7207,甘肃政法大学,（02）,首选历史，再选思想政治,563,18005,,,0,甘肃,公办,0,0
江苏,2025,历史类,本科批,7211,陇东学院,（01）,首选历史，再选不限,530,33083,,,1,甘肃,公办,0,0
江苏,2025,历史类,本科批,7214,西北师范大学,（01）,首选历史，再选不限,549,17140,,,0,甘肃,公办,0,0
江苏,2025,历史类,本科批,7214,西北师范大学,（02）,首选历史，再选思想政治,565,17140,,,0,甘肃,公办,0,0
江苏,2025,历史类,本科批,7216,天水师范大学,（01）,首选历史，再选不限,529,33083,,,0,甘肃,公办,0,0
江苏,2025,历史类,本科批,7218,兰州城市学院,（01）,首选历史，再选不限,520,36049,,,15,甘肃,公办,0,0
江苏,2025,历史类,本科批,7219,兰州文理学院,（01）,首选历史，再选不限,528,34079,,,5,甘肃,公办,0,0
江苏,2025,历史类,本科批,7222,兰州石化职业技术大学,（01）,首选历史，再选不限,523,36538,,,1,甘肃,公办,0,0
江苏,2025,历史类,本科批,7224,甘肃中医药大学,（01）,首选历史，再选不限,585,9942,,,0,甘肃,公办,0,0
江苏,2025,历史类,本科批,7302,青海民族大学,,首选历史，再选不限,525,34549,,,5,青海,公办,0,0
江苏,2025,历史类,本科批,7302,青海民族大学,（03）,首选历史，再选思想政治,545,26047,,,3,青海,公办,0,0
江苏,2025,历史类,本科批,7303,青海师范大学,（01）,首选历史，再选不限,530,30301,,,5,青海,公办,0,0
江苏,2025,历史类,本科批,7304,青海职业技术大学,（01）,首选历史，再选不限,519,37529,,,7,青海,公办,0,0
江苏,2025,历史类,本科批,7401,北方民族大学,（01）,首选历史，再选不限,540,25582,,,0,宁夏,公办,0,0
江苏,2025,历史类,本科批,7401,北方民族大学,（02）,首选历史，再选思想政治,538,29351,,,0,宁夏,公办,0,0
江苏,2025,历史类,本科批,7402,宁夏大学,,首选历史，再选不限,578,9329,,,0,宁夏,公办,0,1
江苏,2025,历史类,本科批,7501,新疆大学,（01）,首选历史，再选不限,577,11172,,,0,新疆,公办,0,1
江苏,2025,历史类,本科批,7501,新疆大学,（02）,首选历史，再选思想政治,571,14850,,,0,新疆,公办,0,1
江苏,2025,历史类,本科批,7502,新疆师范大学,,首选历史，再选不限,533,24649,,,23,新疆,公办,0,0
江苏,2025,历史类,本科批,7502,新疆师范大学,（04）,首选历史，再选思想政治,541,24649,,,2,新疆,公办,0,0
江苏,2025,历史类,本科批,7503,新疆农业大学,,首选历史，再选不限,515,34079,,,51,新疆,公办,0,0
江苏,2025,历史类,本科批,7505,新疆财经大学,（01）,首选历史，再选不限,524,26047,,,29,新疆,公办,0,0
江苏,2025,历史类,本科批,7505,新疆财经大学,（02）,首选历史，再选思想政治,527,30732,,,7,新疆,公办,0,0
江苏,2025,历史类,本科批,7507,昌吉学院,（01）,首选历史，再选不限,521,37529,,,2,新疆,公办,0,0
江苏,2025,历史类,本科批,7508,新疆艺术学院,（01）,首选历史，再选不限,517,39428,,,0,新疆,公办,0,0
江苏,2025,历史类,本科批,7512,新疆科技学院,（01）,首选历史，再选不限,521,37529,,,0,新疆,公办,0,0
江苏,2025,历史类,本科批,7512,新疆科技学院,（02）,首选历史，再选思想政治,520,37529,,,0,新疆,公办,0,0
江苏,2025,历史类,本科批,7513,新疆理工学院,（01）,首选历史，再选不限,519,36538,,,20,新疆,公办,0,0
江苏,2025,历史类,本科批,7521,伊犁师范大学,（01）,首选历史，再选不限,521,36049,,,47,新疆,公办,0,0
江苏,2025,历史类,本科批,7521,伊犁师范大学,（03）,首选历史，再选地理,519,38488,,,4,新疆,公办,0,0
江苏,2025,历史类,本科批,7521,伊犁师范大学,（02）,首选历史，再选思想政治,523,36538,,,5,新疆,公办,0,0
江苏,2025,历史类,本科批,7523,新疆和田学院,（01）,首选历史，再选不限,519,37529,,,10,新疆,公办,0,0
江苏,2025,历史类,本科批,7523,新疆和田学院,（02）,首选历史，再选思想政治,519,38488,,,5,新疆,公办,0,0
江苏,2025,历史类,本科批,7526,塔里木大学,（01）,首选历史，再选不限,522,37028,,,3,新疆,公办,0,0
江苏,2025,历史类,本科批,7529,喀什大学,（01）,首选历史，再选不限,523,35055,,,5,新疆,公办,0,0
江苏,2025,历史类,本科批,7529,喀什大学,（02）,首选历史，再选思想政治,528,34079,,,3,新疆,公办,0,0
江苏,2025,历史类,本科批,7531,新疆政法学院,（01）,首选历史，再选不限,524,24175,,,32,新疆,公办,0,0
江苏,2025,历史类,本科批,7531,新疆政法学院,（02）,首选历史，再选思想政治,523,36538,,,5,新疆,公办,0,0
江苏,2025,历史类,本科批,8001,上海杉达学院,（01）,首选历史，再选不限,513,33554,,,0,上海,民办,0,0
江苏,2025,历史类,本科批,8002,上海建桥学院,（01）,首选历史，再选不限,500,32121,,,27,上海,民办,0,0
江苏,2025,历史类,本科批,8003,上海兴伟学院,（01）,首选历史，再选不限,482,56398,,,7,上海,民办,0,0
江苏,2025,历史类,本科批,8004,上海视觉艺术学院,（01）,首选历史，再选不限,520,38007,,,1,上海,民办,0,0
江苏,2025,历史类,本科批,8005,上海外国语大学贤达经济人文学院,（01）,首选历史，再选不限,494,42789,,,27,上海,民办,0,0
江苏,2025,历史类,本科批,8006,上海师范大学天华学院,,首选历史，再选不限,496,44712,,,27,上海,民办,0,0
江苏,2025,历史类,本科批,8023,上海立达学院,（01）,首选历史，再选不限,489,52005,,,31,上海,民办,0,0
江苏,2025,历史类,本科批,8029,上海中侨职业技术大学,（01）,首选历史，再选不限,489,51495,,,18,上海,民办,0,0
江苏,2025,历史类,本科批,8030,浙江万里学院,,首选历史，再选不限,505,33083,,,0,浙江,公办,0,0
江苏,2025,历史类,本科批,8031,浙江树人学院,（01）,首选历史，再选不限,494,47156,,,135,浙江,民办,0,0
江苏,2025,历史类,本科批,8032,浙江越秀外国语学院,（01）,首选历史，再选不限,490,47639,,,65,浙江,民办,0,0
江苏,2025,历史类,本科批,8033,宁波财经学院,（01）,首选历史，再选不限,496,42789,,,28,浙江,民办,0,0
江苏,2025,历史类,本科批,8036,浙江工业大学之江学院,（01）,首选历史，再选不限,514,40897,,,2,浙江,民办,0,0
江苏,2025,历史类,本科批,8037,浙江师范大学行知学院,（01）,首选历史，再选不限,510,42789,,,1,浙江,民办,0,0
江苏,2025,历史类,本科批,8038,宁波大学科学技术学院,（01）,首选历史，再选不限,503,42335,,,0,浙江,民办,0,0
江苏,2025,历史类,本科批,8042,浙江农林大学暨阳学院,（01）,首选历史，再选不限,508,39909,,,0,浙江,民办,0,0
江苏,2025,历史类,本科批,8043,温州医科大学仁济学院,（01）,首选历史，再选不限,500,46678,,,14,浙江,民办,0,0
江苏,2025,历史类,本科批,8048,浙江工商大学杭州商学院,（01）,首选历史，再选不限,507,39909,,,21,浙江,民办,0,0
江苏,2025,历史类,本科批,8051,浙江财经大学东方学院,（01）,首选历史，再选不限,503,45734,,,12,浙江,民办,0,0
江苏,2025,历史类,本科批,8052,温州商学院,（01）,首选历史，再选不限,497,43730,,,11,浙江,民办,0,0
江苏,2025,历史类,本科批,8054,上海财经大学浙江学院,（01）,首选历史，再选不限,509,38488,,,23,浙江,民办,0,0
江苏,2025,历史类,本科批,8080,安徽三联学院,（01）,首选历史，再选不限,500,46229,,,25,安徽,民办,0,0
江苏,2025,历史类,本科批,8081,安徽新华学院,（01）,首选历史，再选不限,495,47639,,,110,安徽,民办,0,0
江苏,2025,历史类,本科批,8082,安徽文达信息工程学院,（01）,首选历史，再选不限,498,48117,,,8,安徽,民办,0,0
江苏,2025,历史类,本科批,8083,安徽外国语学院,（01）,首选历史，再选不限,494,47639,,,12,安徽,民办,0,0
江苏,2025,历史类,本科批,8084,蚌埠工商学院,（01）,首选历史，再选不限,507,39428,,,0,安徽,民办,0,0
江苏,2025,历史类,本科批,8086,安徽信息工程学院,（01）,首选历史，再选不限,498,47639,,,10,安徽,民办,0,0
江苏,2025,历史类,本科批,8087,马鞍山学院,（01）,首选历史，再选不限,509,42790,,,0,安徽,民办,0,0
江苏,2025,历史类,本科批,8088,合肥城市学院,（01）,首选历史，再选不限,500,47639,,,0,安徽,民办,0,0
江苏,2025,历史类,本科批,8090,芜湖学院,（01）,首选历史，再选不限,521,37529,,,10,安徽,民办,0,0
江苏,2025,历史类,本科批,8094,皖江工学院,（01）,首选历史，再选不限,501,45734,,,25,安徽,民办,0,0
江苏,2025,历史类,本科批,8121,闽南理工学院,（01）,首选历史，再选不限,507,44233,,,1,福建,民办,0,0
江苏,2025,历史类,本科批,8124,厦门工学院,（01）,首选历史，再选不限,498,46678,,,6,福建,民办,0,0
江苏,2025,历史类,本科批,8125,阳光学院,（01）,首选历史，再选不限,489,53003,,,2,福建,民办,0,0
江苏,2025,历史类,本科批,8126,厦门大学嘉庚学院,,首选历史，再选不限,505,38960,,,71,福建,民办,0,0
江苏,2025,历史类,本科批,8127,福州大学至诚学院,（01）,首选历史，再选不限,501,44712,,,19,福建,民办,0,0
江苏,2025,历史类,本科批,8128,集美大学诚毅学院,（01）,首选历史，再选不限,504,44712,,,26,福建,民办,0,0
江苏,2025,历史类,本科批,8130,福州外语外贸学院,（01）,首选历史，再选不限,501,45734,,,4,福建,民办,0,0
江苏,2025,历史类,本科批,8132,仰恩大学,（01）,首选历史，再选不限,506,44712,,,2,福建,民办,0,0
江苏,2025,历史类,本科批,8170,江西科技学院,（01）,首选历史，再选不限,492,50536,,,63,江西,民办,0,0
江苏,2025,历史类,本科批,8171,江西工程学院,（01）,首选历史，再选不限,499,48117,,,2,江西,民办,0,0
江苏,2025,历史类,本科批,8172,南昌理工学院,（01）,首选历史，再选不限,497,47639,,,14,江西,民办,0,0
江苏,2025,历史类,本科批,8173,江西应用科技学院,（01）,首选历史，再选不限,493,50998,,,12,江西,民办,0,0
江苏,2025,历史类,本科批,8174,江西服装学院,（01）,首选历史，再选不限,485,52005,,,28,江西,民办,0,0
江苏,2025,历史类,本科批,8175,南昌工学院,（01）,首选历史，再选不限,494,50536,,,9,江西,民办,0,0
江苏,2025,历史类,本科批,8175,南昌工学院,（02）,首选历史，再选思想政治,511,42335,,,2,江西,民办,0,0
江苏,2025,历史类,本科批,8176,南昌大学科学技术学院,（01）,首选历史，再选不限,510,40423,,,12,江西,民办,0,0
江苏,2025,历史类,本科批,8177,南昌大学共青学院,（01）,首选历史，再选不限,504,41862,,,14,江西,民办,0,0
江苏,2025,历史类,本科批,8178,南昌交通学院,（01）,首选历史，再选不限,498,46678,,,0,江西,民办,0,0
江苏,2025,历史类,本科批,8180,南昌航空大学科技学院,（01）,首选历史，再选不限,504,43275,,,17,江西,民办,0,0
江苏,2025,历史类,本科批,8183,江西农业大学南昌商学院,（01）,首选历史，再选不限,501,41862,,,12,江西,民办,0,0
江苏,2025,历史类,本科批,8183,江西农业大学南昌商学院,（02）,首选历史，再选生物,492,51495,,,1,江西,民办,0,0
江苏,2025,历史类,本科批,8185,江西师范大学科学技术学院,（01）,首选历史，再选不限,500,46229,,,18,江西,民办,0,0
江苏,2025,历史类,本科批,8186,景德镇艺术职业大学,（01）,首选历史，再选不限,501,47156,,,4,江西,民办,0,0
江苏,2025,历史类,本科批,8188,江西财经大学现代经济管理学院,（01）,首选历史，再选不限,505,38960,,,30,江西,独立学院,0,0
江苏,2025,历史类,本科批,8210,齐鲁医药学院,,首选历史，再选不限,503,42789,,,0,山东,民办,0,0
江苏,2025,历史类,本科批,8211,青岛滨海学院,（01）,首选历史，再选不限,495,47156,,,33,山东,民办,0,0
江苏,2025,历史类,本科批,8212,烟台南山学院,（01）,首选历史，再选不限,498,47639,,,0,山东,民办,0,0
江苏,2025,历史类,本科批,8213,潍坊科技学院,（01）,首选历史，再选不限,504,44233,,,7,山东,民办,0,0
江苏,2025,历史类,本科批,8214,山东英才学院,（01）,首选历史，再选不限,489,52005,,,55,山东,民办,0,0
江苏,2025,历史类,本科批,8215,青岛恒星科技学院,（01）,首选历史，再选不限,493,50065,,,28,山东,民办,0,0
江苏,2025,历史类,本科批,8216,青岛黄海学院,（01）,首选历史，再选不限,503,43730,,,12,山东,民办,0,0
江苏,2025,历史类,本科批,8217,山东现代学院,（01）,首选历史，再选不限,496,49577,,,22,山东,民办,0,0
江苏,2025,历史类,本科批,8218,山东协和学院,（01）,首选历史，再选不限,501,45734,,,13,山东,民办,0,0
江苏,2025,历史类,本科批,8219,烟台理工学院,（01）,首选历史，再选不限,501,41862,,,0,山东,民办,0,0
江苏,2025,历史类,本科批,8220,青岛城市学院,（01）,首选历史，再选不限,498,45734,,,10,山东,民办,0,0
江苏,2025,历史类,本科批,8223,泰山科技学院,（01）,首选历史，再选不限,511,42335,,,2,山东,民办,0,0
江苏,2025,历史类,本科批,8225,青岛工学院,（01）,首选历史，再选不限,500,44712,,,13,山东,民办,0,0
江苏,2025,历史类,本科批,8226,青岛农业大学海都学院,（01）,首选历史，再选不限,501,47156,,,4,山东,民办,0,0
江苏,2025,历史类,本科批,8227,齐鲁理工学院,（01）,首选历史，再选不限,493,50065,,,28,山东,民办,0,0
江苏,2025,历史类,本科批,8228,山东财经大学东方学院,（01）,首选历史，再选不限,503,44712,,,20,山东,民办,0,0
江苏,2025,历史类,本科批,8230,烟台科技学院,（01）,首选历史，再选不限,499,47639,,,11,山东,民办,0,0
江苏,2025,历史类,本科批,8231,青岛电影学院,（01）,首选历史，再选不限,482,54407,,,9,山东,民办,0,0
江苏,2025,历史类,本科批,8260,北京城市学院,（01）,首选历史，再选不限,491,41862,,,8,北京,民办,0,0
江苏,2025,历史类,本科批,8262,首都师范大学科德学院,（01）,首选历史，再选不限,483,52535,,,25,北京,民办,0,0
江苏,2025,历史类,本科批,8263,北京金融科技学院,（01）,首选历史，再选不限,482,55915,,,22,北京,民办,0,0
江苏,2025,历史类,本科批,8264,北京邮电大学世纪学院,（01）,首选历史，再选不限,489,52535,,,27,北京,民办,0,0
江苏,2025,历史类,本科批,8265,北京工业大学耿丹学院,（01）,首选历史，再选不限,488,53003,,,4,北京,民办,0,0
江苏,2025,历史类,本科批,8266,北京第二外国语学院中瑞酒店管理学院,（01）,首选历史，再选不限,482,53920,,,27,北京,民办,0,0
江苏,2025,历史类,本科批,8290,天津天狮学院,（01）,首选历史，再选不限,489,53003,,,4,天津,民办,0,0
江苏,2025,历史类,本科批,8291,天津外国语大学滨海外事学院,（01）,首选历史，再选不限,497,48630,,,0,天津,民办,0,0
江苏,2025,历史类,本科批,8292,天津传媒学院,（01）,首选历史，再选不限,486,53482,,,30,天津,民办,0,0
江苏,2025,历史类,本科批,8293,天津商业大学宝德学院,,首选历史，再选不限,495,44233,,,0,天津,民办,0,0
江苏,2025,历史类,本科批,8294,天津医科大学临床医学院,（01）,首选历史，再选不限,480,56706,,,0,天津,民办,0,0
江苏,2025,历史类,本科批,8297,天津理工大学中环信息学院,（01）,首选历史，再选不限,497,47639,,,25,天津,民办,0,0
江苏,2025,历史类,本科批,8298,北京科技大学天津学院,（01）,首选历史，再选不限,502,46229,,,22,天津,民办,0,0
江苏,2025,历史类,本科批,8299,天津仁爱学院,（01）,首选历史，再选不限,490,52005,,,9,天津,民办,0,0
江苏,2025,历史类,本科批,8301,天津财经大学珠江学院,（01）,首选历史，再选不限,502,45734,,,40,天津,民办,0,0
江苏,2025,历史类,本科批,8313,河北科技学院,（01）,首选历史，再选不限,492,50998,,,8,河北,民办,0,0
江苏,2025,历史类,本科批,8314,河北外国语学院,,首选历史，再选不限,492,46678,,,6,河北,民办,0,0
江苏,2025,历史类,本科批,8316,华北理工大学轻工学院,（01）,首选历史，再选不限,496,49577,,,5,河北,民办,0,0
江苏,2025,历史类,本科批,8318,河北经贸大学经济管理学院,（01）,首选历史，再选不限,506,44712,,,10,河北,民办,0,0
江苏,2025,历史类,本科批,8323,石家庄铁道大学四方学院,（01）,首选历史，再选不限,521,37529,,,3,河北,民办,0,0
江苏,2025,历史类,本科批,8326,保定理工学院,（01）,首选历史，再选不限,494,48630,,,22,河北,民办,0,0
江苏,2025,历史类,本科批,8327,燕京理工学院,（01）,首选历史，再选不限,487,49120,,,3,河北,民办,0,0
江苏,2025,历史类,本科批,8328,北京中医药大学东方学院,（01）,首选历史，再选不限,492,50536,,,15,河北,民办,0,0
江苏,2025,历史类,本科批,8329,沧州交通学院,（01）,首选历史，再选不限,494,50065,,,15,河北,民办,0,0
江苏,2025,历史类,本科批,8330,河北东方学院,（01）,首选历史，再选不限,516,36049,,,2,河北,民办,0,0
江苏,2025,历史类,本科批,8360,山西应用科技学院,（01）,首选历史，再选不限,495,48630,,,8,山西,民办,0,0
江苏,2025,历史类,本科批,8363,晋中信息学院,（01）,首选历史，再选不限,499,47639,,,0,山西,民办,0,0
江苏,2025,历史类,本科批,8364,山西晋中理工学院,（01）,首选历史，再选不限,495,50065,,,6,山西,民办,0,0
江苏,2025,历史类,本科批,8366,山西工商学院,,首选历史，再选不限,501,44712,,,10,山西,民办,0,0
江苏,2025,历史类,本科批,8379,运城职业技术大学,（01）,首选历史，再选不限,499,47156,,,3,山西,民办,0,0
江苏,2025,历史类,本科批,8407,沈阳城市建设学院,（01）,首选历史，再选不限,489,52535,,,9,辽宁,民办,0,0
江苏,2025,历史类,本科批,8408,大连医科大学中山学院,（01）,首选历史，再选不限,489,50536,,,17,辽宁,民办,0,0
江苏,2025,历史类,本科批,8411,大连财经学院,（01）,首选历史，再选不限,496,47639,,,16,辽宁,民办,0,0
江苏,2025,历史类,本科批,8412,沈阳城市学院,（01）,首选历史，再选不限,486,54407,,,4,辽宁,民办,0,0
江苏,2025,历史类,本科批,8417,辽宁师范大学海华学院,（01）,首选历史，再选不限,504,34549,,,2,辽宁,民办,0,0
江苏,2025,历史类,本科批,8440,吉林外国语大学,,首选历史，再选不限,482,50065,,,0,吉林,民办,0,0
江苏,2025,历史类,本科批,8441,长春光华学院,（01）,首选历史，再选不限,490,52535,,,0,吉林,民办,0,0
江苏,2025,历史类,本科批,8442,长春工业大学人文信息学院,（01）,首选历史，再选不限,491,50536,,,4,吉林,民办,0,0
江苏,2025,历史类,本科批,8443,长春电子科技学院,（01）,首选历史，再选不限,501,42789,,,4,吉林,民办,0,0
江苏,2025,历史类,本科批,8444,长春财经学院,（01）,首选历史，再选不限,494,49120,,,10,吉林,民办,0,0
江苏,2025,历史类,本科批,8445,吉林建筑科技学院,（01）,首选历史，再选不限,492,49577,,,6,吉林,民办,0,0
江苏,2025,历史类,本科批,8447,长春科技学院,（01）,首选历史，再选不限,490,50065,,,0,吉林,民办,0,0
江苏,2025,历史类,本科批,8449,吉林师范大学博达学院,,首选历史，再选不限,483,53482,,,40,吉林,民办,0,0
江苏,2025,历史类,本科批,8451,长春人文学院,（01）,首选历史，再选不限,490,51496,,,0,吉林,民办,0,0
江苏,2025,历史类,本科批,8472,黑龙江财经学院,（01）,首选历史，再选不限,492,49577,,,10,黑龙江,民办,0,0
江苏,2025,历史类,本科批,8473,哈尔滨石油学院,（01）,首选历史，再选不限,487,53920,,,8,黑龙江,民办,0,0
江苏,2025,历史类,本科批,8474,哈尔滨广厦学院,（01）,首选历史，再选不限,491,52005,,,8,黑龙江,民办,0,0
江苏,2025,历史类,本科批,8475,哈尔滨华德学院,（01）,首选历史，再选不限,484,54407,,,33,黑龙江,民办,0,0
江苏,2025,历史类,本科批,8501,黄河科技学院,（01）,首选历史，再选不限,501,46678,,,13,河南,民办,0,0
江苏,2025,历史类,本科批,8502,郑州科技学院,（01）,首选历史，再选不限,516,33083,,,3,河南,民办,0,0
江苏,2025,历史类,本科批,8504,郑州财经学院,（01）,首选历史，再选不限,518,37529,,,3,河南,民办,0,0
江苏,2025,历史类,本科批,8508,郑州工商学院,（01）,首选历史，再选不限,504,44712,,,20,河南,民办,0,0
江苏,2025,历史类,本科批,8509,郑州经贸学院,（01）,首选历史，再选不限,501,46678,,,30,河南,民办,0,0
江苏,2025,历史类,本科批,8510,郑州商学院,（01）,首选历史，再选不限,511,41387,,,6,河南,民办,0,0
江苏,2025,历史类,本科批,8518,郑州西亚斯学院,（01）,首选历史，再选不限,487,53482,,,4,河南,民办,0,0
江苏,2025,历史类,本科批,8550,武汉东湖学院,（01）,首选历史，再选不限,494,50065,,,21,湖北,民办,0,0
江苏,2025,历史类,本科批,8551,汉口学院,（01）,首选历史，再选不限,494,50536,,,6,湖北,民办,0,0
江苏,2025,历史类,本科批,8552,武昌首义学院,（01）,首选历史，再选不限,497,45734,,,28,湖北,民办,0,0
江苏,2025,历史类,本科批,8553,武昌理工学院,（01）,首选历史，再选不限,499,48117,,,12,湖北,民办,0,0
江苏,2025,历史类,本科批,8554,武汉生物工程学院,（01）,首选历史，再选不限,498,48630,,,12,湖北,民办,0,0
江苏,2025,历史类,本科批,8555,武汉晴川学院,（01）,首选历史，再选不限,495,48630,,,18,湖北,民办,0,0
江苏,2025,历史类,本科批,8556,湖北大学知行学院,（01）,首选历史，再选不限,502,43275,,,16,湖北,民办,0,0
江苏,2025,历史类,本科批,8557,武汉城市学院,（01）,首选历史，再选不限,497,49120,,,14,湖北,民办,0,0
江苏,2025,历史类,本科批,8558,三峡大学科技学院,（01）,首选历史，再选不限,500,46678,,,6,湖北,民办,0,0
江苏,2025,历史类,本科批,8559,湖北工业大学工程技术学院,（01）,首选历史，再选不限,497,48630,,,15,湖北,民办,0,0
江苏,2025,历史类,本科批,8560,武汉工程大学邮电与信息工程学院,（01）,首选历史，再选不限,496,49577,,,0,湖北,民办,0,0
江苏,2025,历史类,本科批,8561,武汉纺织大学外经贸学院,（01）,首选历史，再选不限,494,36538,,,8,湖北,民办,0,0
江苏,2025,历史类,本科批,8562,武昌工学院,（01）,首选历史，再选不限,494,49120,,,16,湖北,民办,0,0
江苏,2025,历史类,本科批,8563,武汉工商学院,（01）,首选历史，再选不限,498,44712,,,0,湖北,民办,0,0
江苏,2025,历史类,本科批,8565,长江大学文理学院,,首选历史，再选不限,504,40897,,,12,湖北,民办,0,0
江苏,2025,历史类,本科批,8570,湖北经济学院法商学院,（01）,首选历史，再选不限,499,47156,,,17,湖北,民办,0,0
江苏,2025,历史类,本科批,8571,武汉体育学院体育科技学院,（01）,首选历史，再选不限,490,51495,,,10,湖北,民办,0,0
江苏,2025,历史类,本科批,8572,湖北文理学院理工学院,,首选历史，再选不限,500,39428,,,12,湖北,民办,0,0
江苏,2025,历史类,本科批,8573,文华学院,（01）,首选历史，再选不限,496,47639,,,23,湖北,民办,0,0
江苏,2025,历史类,本科批,8574,武汉工程科技学院,（01）,首选历史，再选不限,499,48117,,,6,湖北,民办,0,0
江苏,2025,历史类,本科批,8575,武汉华夏理工学院,（01）,首选历史，再选不限,492,48630,,,0,湖北,民办,0,0
江苏,2025,历史类,本科批,8576,武汉传媒学院,（01）,首选历史，再选不限,492,49120,,,30,湖北,民办,0,0
江苏,2025,历史类,本科批,8577,武汉设计工程学院,（01）,首选历史，再选不限,493,50536,,,6,湖北,民办,0,0
江苏,2025,历史类,本科批,8601,长沙医学院,（01）,首选历史，再选不限,492,50998,,,8,湖南,民办,0,0
江苏,2025,历史类,本科批,8602,湖南涉外经济学院,,首选历史，再选不限,488,52005,,,13,湖南,民办,0,0
江苏,2025,历史类,本科批,8605,湖南科技大学潇湘学院,（01）,首选历史，再选不限,516,39909,,,2,湖南,民办,0,0
江苏,2025,历史类,本科批,8606,南华大学船山学院,（01）,首选历史，再选不限,501,46678,,,6,湖南,民办,0,0
江苏,2025,历史类,本科批,8607,湘潭理工学院,（01）,首选历史，再选不限,494,49120,,,4,湖南,民办,0,0
江苏,2025,历史类,本科批,8608,湖南农业大学东方科技学院,（01）,首选历史，再选不限,497,49120,,,4,湖南,民办,0,0
江苏,2025,历史类,本科批,8609,常德学院,（01）,首选历史，再选不限,508,43730,,,3,湖南,民办,0,0
江苏,2025,历史类,本科批,8610,岳阳学院,（01）,首选历史，再选不限,496,47639,,,11,湖南,民办,0,0
江苏,2025,历史类,本科批,8610,岳阳学院,（02）,首选历史，再选思想政治,497,49120,,,4,湖南,民办,0,0
江苏,2025,历史类,本科批,8613,张家界学院,（01）,首选历史，再选不限,491,52005,,,4,湖南,民办,0,0
江苏,2025,历史类,本科批,8620,中南林业科技大学涉外学院,（01）,首选历史，再选不限,506,38960,,,5,湖南,民办,0,0
江苏,2025,历史类,本科批,8640,广东白云学院,（01）,首选历史，再选不限,490,52005,,,8,广东,民办,0,0
江苏,2025,历史类,本科批,8643,广州城市理工学院,（01）,首选历史，再选不限,490,50998,,,13,广东,民办,0,0
江苏,2025,历史类,本科批,8645,广州南方学院,（01）,首选历史，再选不限,494,39428,,,12,广东,民办,0,0
江苏,2025,历史类,本科批,8646,广东外语外贸大学南国商学院,（01）,首选历史，再选不限,488,53482,,,5,广东,民办,0,0
江苏,2025,历史类,本科批,8650,珠海科技学院,（01）,首选历史，再选不限,509,39428,,,10,广东,民办,0,0
江苏,2025,历史类,本科批,8651,广州工商学院,（01）,首选历史，再选不限,486,54407,,,24,广东,民办,0,0
江苏,2025,历史类,本科批,8652,东莞城市学院,（01）,首选历史，再选不限,488,53482,,,10,广东,民办,0,0
江苏,2025,历史类,本科批,8659,华南农业大学珠江学院,（01）,首选历史，再选不限,482,53920,,,32,广东,民办,0,0
江苏,2025,历史类,本科批,8660,湛江科技学院,（01）,首选历史，再选不限,490,52535,,,7,广东,民办,0,0
江苏,2025,历史类,本科批,8664,广东工商职业技术大学,（01）,首选历史，再选不限,487,53920,,,5,广东,民办,0,0
江苏,2025,历史类,本科批,8665,广州新华学院,（01）,首选历史，再选不限,489,53003,,,5,广东,民办,0,0
江苏,2025,历史类,本科批,8668,广东理工学院,（01）,首选历史，再选不限,488,51495,,,8,广东,民办,0,0
江苏,2025,历史类,本科批,8710,南宁学院,（01）,首选历史，再选不限,500,47639,,,2,广西,民办,0,0
江苏,2025,历史类,本科批,8713,柳州工学院,（01）,首选历史，再选不限,486,53003,,,0,广西,民办,0,0
江苏,2025,历史类,本科批,8714,桂林学院,（01）,首选历史，再选不限,491,49577,,,6,广西,民办,0,0
江苏,2025,历史类,本科批,8717,南宁理工学院,（01）,首选历史，再选不限,483,55402,,,19,广西,民办,0,0
江苏,2025,历史类,本科批,8718,广西外国语学院,（01）,首选历史，再选不限,483,50536,,,25,广西,民办,0,0
江苏,2025,历史类,本科批,8740,海口经济学院,（01）,首选历史，再选不限,482,53482,,,0,海南,民办,0,0
江苏,2025,历史类,本科批,8741,三亚学院,,首选历史，再选不限,485,48117,,,29,海南,民办,0,0
江苏,2025,历史类,本科批,8757,海南科技职业大学,（01）,首选历史，再选不限,483,53920,,,6,海南,民办,0,0
江苏,2025,历史类,本科批,8760,成都东软学院,（01）,首选历史，再选不限,497,49120,,,6,四川,民办,0,0
江苏,2025,历史类,本科批,8761,电子科技大学成都学院,（01）,首选历史，再选不限,499,47156,,,15,四川,民办,0,0
江苏,2025,历史类,本科批,8762,成都理工大学工程技术学院,（01）,首选历史，再选不限,500,46678,,,14,四川,民办,0,0
江苏,2025,历史类,本科批,8763,四川传媒学院,,首选历史，再选不限,497,39428,,,16,四川,民办,0,0
江苏,2025,历史类,本科批,8764,成都银杏酒店管理学院,（01）,首选历史，再选不限,493,50065,,,0,四川,民办,0,0
江苏,2025,历史类,本科批,8765,成都文理学院,（01）,首选历史，再选不限,498,48630,,,2,四川,民办,0,0
江苏,2025,历史类,本科批,8766,四川工商学院,（01）,首选历史，再选不限,494,50536,,,2,四川,民办,0,0
江苏,2025,历史类,本科批,8767,成都外国语学院,（01）,首选历史，再选不限,495,36538,,,39,四川,民办,0,0
江苏,2025,历史类,本科批,8769,成都锦城学院,,首选历史，再选不限,495,39428,,,0,四川,民办,0,0
江苏,2025,历史类,本科批,8770,西南财经大学天府学院,,首选历史，再选不限,503,38007,,,0,四川,民办,0,0
江苏,2025,历史类,本科批,8771,四川大学锦江学院,（01）,首选历史，再选不限,506,44712,,,4,四川,民办,0,0
江苏,2025,历史类,本科批,8771,四川大学锦江学院,（02）,首选历史，再选思想政治,505,45257,,,1,四川,民办,0,0
江苏,2025,历史类,本科批,8774,西南交通大学希望学院,（01）,首选历史，再选不限,506,34549,,,0,四川,民办,0,0
江苏,2025,历史类,本科批,8781,吉利学院,（01）,首选历史，再选不限,491,51495,,,4,四川,民办,0,0
江苏,2025,历史类,本科批,8801,重庆城市科技学院,（01）,首选历史，再选不限,497,47156,,,76,重庆,民办,0,0
江苏,2025,历史类,本科批,8801,重庆城市科技学院,（02）,首选历史，再选思想政治,506,44712,,,3,重庆,民办,0,0
江苏,2025,历史类,本科批,8802,重庆外语外事学院,（01）,首选历史，再选不限,505,41862,,,0,重庆,民办,0,0
江苏,2025,历史类,本科批,8803,重庆对外经贸学院,（01）,首选历史，再选不限,498,48117,,,35,重庆,民办,0,0
江苏,2025,历史类,本科批,8804,重庆财经学院,（01）,首选历史，再选不限,508,39909,,,0,重庆,民办,0,0
江苏,2025,历史类,本科批,8805,重庆工商大学派斯学院,（01）,首选历史，再选不限,501,46229,,,15,重庆,民办,0,0
江苏,2025,历史类,本科批,8806,重庆移通学院,（01）,首选历史，再选不限,496,49120,,,0,重庆,民办,0,0
江苏,2025,历史类,本科批,8808,重庆人文科技学院,（01）,首选历史，再选不限,499,46678,,,0,重庆,民办,0,0
江苏,2025,历史类,本科批,8841,贵阳人文科技学院,（01）,首选历史，再选不限,496,49120,,,14,贵州,民办,0,0
江苏,2025,历史类,本科批,8870,滇池学院,（01）,首选历史，再选不限,490,47639,,,19,云南,民办,0,0
江苏,2025,历史类,本科批,8871,丽江文化旅游学院,（01）,首选历史，再选不限,487,49577,,,46,云南,民办,0,0
江苏,2025,历史类,本科批,8872,昆明城市学院,（01）,首选历史，再选不限,495,50065,,,8,云南,民办,0,0
江苏,2025,历史类,本科批,8873,昆明医科大学海源学院,（01）,首选历史，再选不限,492,50536,,,0,云南,民办,0,0
江苏,2025,历史类,本科批,8874,昆明传媒学院,（01）,首选历史，再选不限,490,52535,,,2,云南,民办,0,0
江苏,2025,历史类,本科批,8875,昆明文理学院,（01）,首选历史，再选不限,500,47639,,,3,云南,民办,0,0
江苏,2025,历史类,本科批,8876,昆明理工大学津桥学院,（01）,首选历史，再选不限,489,53003,,,4,云南,民办,0,0
江苏,2025,历史类,本科批,8878,云南经济管理学院,（01）,首选历史，再选不限,497,49120,,,2,云南,民办,0,0
江苏,2025,历史类,本科批,8882,云南工商学院,（01）,首选历史，再选不限,495,37529,,,5,云南,民办,0,0
江苏,2025,历史类,本科批,8901,西安培华学院,,首选历史，再选不限,490,50065,,,0,陕西,民办,0,0
江苏,2025,历史类,本科批,8902,西安欧亚学院,（01）,首选历史，再选不限,488,52005,,,17,陕西,民办,0,0
江苏,2025,历史类,本科批,8903,西安外事学院,（01）,首选历史，再选不限,490,50536,,,24,陕西,民办,0,0
江苏,2025,历史类,本科批,8904,西安翻译学院,（01）,首选历史，再选不限,497,49120,,,10,陕西,民办,0,0
江苏,2025,历史类,本科批,8905,西京学院,（01）,首选历史，再选不限,506,44712,,,6,陕西,民办,0,0
江苏,2025,历史类,本科批,8906,西安思源学院,（01）,首选历史，再选不限,488,52535,,,11,陕西,民办,0,0
江苏,2025,历史类,本科批,8907,陕西国际商贸学院,（01）,首选历史，再选不限,491,52005,,,4,陕西,民办,0,0
江苏,2025,历史类,本科批,8910,西安交通大学城市学院,（01）,首选历史，再选不限,499,45257,,,10,陕西,民办,0,0
江苏,2025,历史类,本科批,8911,西北大学现代学院,（01）,首选历史，再选不限,484,55402,,,2,陕西,民办,0,0
江苏,2025,历史类,本科批,8912,西安建筑科技大学华清学院,（01）,首选历史，再选不限,497,48117,,,0,陕西,民办,0,0
江苏,2025,历史类,本科批,8913,西安财经大学行知学院,（01）,首选历史，再选不限,494,49120,,,27,陕西,民办,0,0
江苏,2025,历史类,本科批,8914,西安工商学院,（01）,首选历史，再选不限,494,50065,,,11,陕西,民办,0,0
江苏,2025,历史类,本科批,8915,延安大学西安创新学院,（01）,首选历史，再选不限,494,50065,,,8,陕西,民办,0,0
江苏,2025,历史类,本科批,8916,西安明德理工学院,（01）,首选历史，再选不限,497,49120,,,0,陕西,民办,0,0
江苏,2025,历史类,本科批,8918,西安科技大学高新学院,（01）,首选历史，再选不限,483,55915,,,6,陕西,民办,0,0
江苏,2025,历史类,本科批,8940,兰州工商学院,（01）,首选历史，再选不限,490,50536,,,8,甘肃,民办,0,0
江苏,2025,历史类,本科批,8941,兰州博文科技学院,（01）,首选历史，再选不限,495,49120,,,4,甘肃,民办,0,0
江苏,2025,历史类,本科批,8970,宁夏理工学院,（01）,首选历史，再选不限,488,50998,,,22,宁夏,民办,0,0
江苏,2025,历史类,本科批,8971,宁夏大学新华学院,（01）,首选历史，再选不限,496,49577,,,5,宁夏,民办,0,0
江苏,2025,历史类,本科批,8972,银川能源学院,（01）,首选历史，再选不限,486,54407,,,3,宁夏,民办,0,0
江苏,2025,历史类,本科批,9112,香港珠海学院,（01）,首选历史，再选不限,514,35055,,,4,香港,民办,0,0
江苏,2025,历史类,本科提前批,1108,南京师范大学,（03）,首选历史，再选不限,599,2030,,,0,江苏,公办,0,1
江苏,2025,历史类,本科提前批,1108,南京师范大学,（04）,首选历史，再选思想政治,609,3921,,,0,江苏,公办,0,1
江苏,2025,历史类,本科提前批,1110,南京工业大学,（01）,首选历史，再选不限,580,11515,,,8,江苏,公办,0,0
江苏,2025,历史类,本科提前批,1111,南京邮电大学,（01）,首选历史，再选不限,577,10539,,,0,江苏,公办,0,0
江苏,2025,历史类,本科提前批,1113,南京中医药大学,（01）,首选历史，再选不限,592,7818,,,0,江苏,公办,0,0
江苏,2025,历史类,本科提前批,1131,江苏第二师范学院,,首选历史，再选不限,570,1928,,,54,江苏,公办,0,0
江苏,2025,历史类,本科提前批,1133,南京特殊教育师范学院,（01）,首选历史，再选不限,586,9628,,,0,江苏,公办,0,0
江苏,2025,历史类,本科提前批,1222,江苏师范大学,,首选历史，再选不限,563,3741,,,0,江苏,公办,0,0
江苏,2025,历史类,本科提前批,1301,南通大学,（01）,首选历史，再选不限,580,587,,,0,江苏,公办,0,0
江苏,2025,历史类,本科提前批,1341,淮阴师范学院,（01）,首选历史，再选不限,586,9628,,,0,江苏,公办,0,0
江苏,2025,历史类,本科提前批,1381,扬州大学,,首选历史，再选不限,567,9628,,,0,江苏,公办,0,0
江苏,2025,历史类,本科提前批,170,武警警官学院,（01）,首选历史，再选不限,600,5796,,,0,四川,公办,0,0
江苏,2025,历史类,本科提前批,201,中国人民公安大学,,首选历史，再选思想政治,623,140,,,0,北京,公办,0,0
江苏,2025,历史类,本科提前批,202,中国刑事警察学院,,首选历史，再选思想政治,586,626,,,29,辽宁,公办,0,0
江苏,2025,历史类,本科提前批,2309,安徽师范大学,（01）,首选历史，再选思想政治,582,10856,,,0,安徽,公办,0,0
江苏,2025,历史类,本科提前批,2601,山东大学,（01）,首选历史，再选不限,619,2383,,,0,山东,公办,1,1
江苏,2025,历史类,本科提前批,2621,中国海洋大学,（01）,首选历史，再选不限,615,2944,,,0,山东,公办,1,1
江苏,2025,历史类,本科提前批,307,中国消防救援学院,（01）,首选历史，再选思想政治,574,13709,,,0,北京,公办,0,0
江苏,2025,历史类,本科提前批,3119,对外经济贸易大学,（01）,首选历史，再选不限,621,1693,,,8,北京,公办,0,1
江苏,2025,历史类,本科提前批,3123,中国传媒大学,（01）,首选历史，再选不限,615,2944,,,0,北京,公办,0,1
江苏,2025,历史类,本科提前批,3131,外交学院,（01）,首选历史，再选不限,617,1171,,,0,北京,公办,0,0
江苏,2025,历史类,本科提前批,3131,外交学院,（02）,首选历史，再选思想政治,634,958,,,0,北京,公办,0,0
江苏,2025,历史类,本科提前批,3204,天津师范大学,（01）,首选历史，再选思想政治,579,11880,,,0,天津,公办,0,0
江苏,2025,历史类,本科提前批,4201,吉林大学,（01）,首选历史，再选思想政治,622,2030,,,0,吉林,公办,1,1
江苏,2025,历史类,本科提前批,4311,黑龙江大学,（01）,首选历史，再选不限,548,20940,,,0,黑龙江,公办,0,0
江苏,2025,历史类,本科提前批,5203,华中师范大学,（01）,首选历史，再选不限,595,7023,,,0,湖北,公办,0,1
江苏,2025,历史类,本科提前批,6212,四川外国语大学,（01）,首选历史，再选不限,564,8106,,,0,重庆,公办,0,0
江苏,2025,历史类,本科提前批,6421,云南警官学院,（01）,首选历史，再选思想政治,620,2253,,,0,云南,公办,0,0
江苏,2025,历史类,高校专项计划批,2106,华东师范大学,（L不限）,首选历史，再选不限,615,1171,,,0,上海,公办,1,1
江苏,2025,历史类,高校专项计划批,2106,华东师范大学,（L政治）,首选历史，再选思想政治,624,1337,,,0,上海,公办,1,1
江苏,2025,历史类,高校专项计划批,5203,华中师范大学,（L不限）,首选历史，再选不限,585,7818,,,0,湖北,公办,0,1
江苏,2025,物理类,专科批,1155,南京铁道职业技术学院,,首选物理，再选不限,457,147536,,,983,江苏,公办,0,0
江苏,2025,物理类,专科批,1156,江苏经贸职业技术学院,,首选物理，再选不限,440,178268,,,628,江苏,公办,0,0
江苏,2025,物理类,专科批,1159,南京机电职业技术学院,（02）,首选物理，再选不限,456,185582,,,0,江苏,公办,0,0
江苏,2025,物理类,专科批,1160,南京旅游职业学院,,首选物理，再选不限,402,200008,,,371,江苏,公办,0,0
江苏,2025,物理类,专科批,1171,江苏城市职业学院,（02）,首选物理，再选不限,394,222408,,,0,江苏,公办,0,0
江苏,2025,物理类,专科批,1213,无锡科技职业学院,,首选物理，再选不限,415,184370,,,798,江苏,公办,0,0
江苏,2025,物理类,专科批,1215,无锡工艺职业技术学院,,首选物理，再选不限,229,204004,,,0,江苏,公办,0,0
江苏,2025,物理类,专科批,1217,无锡师范高等专科学校,,首选物理，再选不限,221,189076,,,0,江苏,公办,0,0
江苏,2025,物理类,专科批,1230,江苏建筑职业技术学院,,首选物理，再选不限,225,225539,,,723,江苏,公办,0,0
江苏,2025,物理类,专科批,1232,徐州幼儿师范高等专科学校,,首选物理，再选不限,220,208647,,,0,江苏,公办,0,0
江苏,2025,物理类,专科批,1250,常州信息职业技术学院,,首选物理，再选不限,447,159919,,,0,江苏,公办,0,0
江苏,2025,物理类,专科批,1254,常州机电职业技术学院,,首选物理，再选不限,321,210319,,,850,江苏,公办,0,0
江苏,2025,物理类,专科批,1275,苏州卫生职业技术学院,（05）,首选物理，再选不限,442,209489,,,0,江苏,公办,0,0
江苏,2025,物理类,专科批,1275,苏州卫生职业技术学院,（08）,首选物理，再选生物,453,202992,,,0,江苏,公办,0,0
江苏,2025,物理类,专科批,1279,苏州健雄职业技术学院,,首选物理，再选不限,329,227806,,,0,江苏,公办,0,0
江苏,2025,物理类,专科批,1290,苏州幼儿师范高等专科学校,（06）,首选物理，再选不限,418,222408,,,0,江苏,公办,0,0
江苏,2025,物理类,专科批,1312,江苏工程职业技术学院,,首选物理，再选不限,220,206844,,,650,江苏,公办,0,0
江苏,2025,物理类,专科批,1330,连云港师范学院,（05）,首选物理，再选不限,262,243376,,,0,江苏,公办,0,0
江苏,2025,物理类,专科批,1330,连云港师范学院,（06）,首选物理，再选化学、生物(2科必选),240,259730,,,0,江苏,公办,0,0
江苏,2025,物理类,专科批,1331,连云港职业技术学院,,首选物理，再选不限,220,191363,,,0,江苏,公办,0,0
江苏,2025,物理类,专科批,1350,江苏电子信息职业学院,,首选物理，再选不限,300,195768,,,0,江苏,公办,0,0
江苏,2025,物理类,专科批,1392,扬州工业职业技术学院,,首选物理，再选不限,402,195768,,,0,江苏,公办,0,0
江苏,2025,物理类,专科批,1410,镇江市高等专科学校,,首选物理，再选不限,220,185582,,,687,江苏,公办,0,0
江苏,2025,物理类,专科批,1431,泰州职业技术学院,,首选物理，再选不限,223,194703,,,0,江苏,公办,0,0
江苏,2025,物理类,专科批,1431,泰州职业技术学院,（04）,首选物理，再选生物,463,205975,,,0,江苏,公办,0,0
江苏,2025,物理类,专科批,2134,上海旅游高等专科学校,,首选物理，再选不限,422,220429,,,33,上海,公办,0,0
江苏,2025,物理类,专科批,2138,上海电子信息职业技术学院,（01）,首选物理，再选不限,461,206844,,,0,上海,公办,0,0
江苏,2025,物理类,专科批,2150,上海农林职业技术学院,（02）,首选物理，再选不限,438,222408,,,0,上海,公办,0,0
江苏,2025,物理类,专科批,2154,上海交通职业技术学院,（02）,首选物理，再选不限,446,214389,,,0,上海,公办,0,0
江苏,2025,物理类,专科批,2166,上海行健职业学院,（02）,首选物理，再选不限,452,212826,,,0,上海,公办,0,0
江苏,2025,物理类,专科批,2170,上海现代化工职业学院,（02）,首选物理，再选不限,421,222408,,,0,上海,公办,0,0
江苏,2025,物理类,专科批,2172,上海闵行职业技术学院,（01）,首选物理，再选不限,431,224334,,,0,上海,公办,0,0
江苏,2025,物理类,专科批,2173,上海建设管理职业技术学院,（01）,首选物理，再选不限,410,232047,,,0,上海,公办,0,0
江苏,2025,物理类,专科批,2174,上海浦东职业技术学院,（02）,首选物理，再选不限,434,216775,,,13,上海,公办,0,0
江苏,2025,物理类,专科批,2217,浙江经贸职业技术学院,（02）,首选物理，再选不限,454,177018,,,8,浙江,公办,0,0
江苏,2025,物理类,专科批,2226,浙江邮电职业技术学院,（02）,首选物理，再选不限,457,195768,,,8,浙江,公办,0,0
江苏,2025,物理类,专科批,2238,浙江国际海运职业技术学院,（02）,首选物理，再选不限,442,218991,,,0,浙江,公办,0,0
江苏,2025,物理类,专科批,2247,浙江交通职业技术学院,（02）,首选物理，再选不限,418,222408,,,0,浙江,公办,0,0
江苏,2025,物理类,专科批,2255,浙江机电职业技术大学,（02）,首选物理，再选不限,460,206844,,,0,浙江,公办,0,0
江苏,2025,物理类,专科批,2260,浙江建设职业技术学院,,首选物理，再选不限,428,159919,,,0,浙江,公办,0,0
江苏,2025,物理类,专科批,2518,江西制造职业技术学院,（01）,首选物理，再选不限,403,221788,,,0,江西,公办,0,0
江苏,2025,物理类,专科批,2533,江西应用技术职业学院,（02）,首选物理，再选不限,374,247494,,,1,江西,公办,0,0
江苏,2025,物理类,专科批,2569,江西机电职业技术学院,（02）,首选物理，再选不限,364,240313,,,26,江西,公办,0,0
江苏,2025,物理类,专科批,2618,山东胜利职业学院,（02）,首选物理，再选不限,224,246547,,,68,山东,公办,0,0
江苏,2025,物理类,专科批,2679,枣庄职业学院,（02）,首选物理，再选不限,227,259131,,,19,山东,公办,0,0
江苏,2025,物理类,专科批,2685,滨州职业学院,,首选物理，再选不限,417,232954,,,0,山东,公办,0,0
江苏,2025,物理类,专科批,2686,威海职业学院,（04）,首选物理，再选不限,281,245950,,,11,山东,公办,0,0
江苏,2025,物理类,专科批,306,中国民用航空飞行学院,（07）,首选物理，再选不限,496,167921,,,5,四川,公办,0,0
江苏,2025,物理类,专科批,3329,河北交通职业技术学院,（02）,首选物理，再选不限,422,233415,,,0,河北,公办,0,0
江苏,2025,物理类,专科批,3354,河北轨道运输职业技术学院,（02）,首选物理，再选不限,434,216017,,,0,河北,公办,0,0
江苏,2025,物理类,专科批,3355,廊坊职业技术学院,（01）,首选物理，再选不限,346,251598,,,5,河北,公办,0,0
江苏,2025,物理类,专科批,3369,唐山幼儿师范高等专科学校,（02）,首选物理，再选不限,292,256366,,,2,河北,公办,0,0
江苏,2025,物理类,专科批,3376,河北化工医药职业技术学院,（02）,首选物理，再选不限,264,248758,,,6,河北,公办,0,0
江苏,2025,物理类,专科批,3379,河北科技工程职业技术大学,（04）,首选物理，再选不限,248,253552,,,0,河北,公办,0,0
江苏,2025,物理类,专科批,3435,临汾职业技术学院,,首选物理，再选不限,348,247971,,,6,山西,公办,0,0
江苏,2025,物理类,专科批,4155,渤海船舶职业学院,,首选物理，再选不限,402,237549,,,0,辽宁,公办,0,0
江苏,2025,物理类,专科批,4221,长春金融高等专科学校,（02）,首选物理，再选不限,330,239652,,,5,吉林,公办,0,0
江苏,2025,物理类,专科批,4338,黑龙江农业工程职业学院,（02）,首选物理，再选不限,361,211174,,,4,黑龙江,公办,0,0
江苏,2025,物理类,专科批,5108,郑州电力高等专科学校,（01）,首选物理，再选不限,467,185582,,,0,河南,公办,0,0
江苏,2025,物理类,专科批,5136,濮阳职业技术学院,（01）,首选物理，再选不限,297,253887,,,10,河南,公办,0,0
江苏,2025,物理类,专科批,5178,三门峡职业技术学院,（02）,首选物理，再选不限,263,252259,,,0,河南,公办,0,0
江苏,2025,物理类,专科批,5194,信阳职业技术学院,（02）,首选物理，再选不限,284,247293,,,25,河南,公办,0,0
江苏,2025,物理类,专科批,5225,汉江师范学院,（04）,首选物理，再选不限,415,224334,,,11,湖北,公办,0,0
江苏,2025,物理类,专科批,5235,武汉民政职业学院,（02）,首选物理，再选不限,444,204004,,,5,湖北,公办,0,0
江苏,2025,物理类,专科批,5283,湖北铁道运输职业学院,（02）,首选物理，再选不限,368,240925,,,69,湖北,公办,0,0
江苏,2025,物理类,专科批,5291,襄阳职业技术学院,（02）,首选物理，再选不限,440,223089,,,4,湖北,公办,0,0
江苏,2025,物理类,专科批,5474,广州铁路职业技术学院,（01）,首选物理，再选不限,422,224916,,,0,广东,公办,0,0
江苏,2025,物理类,专科批,5522,桂林旅游学院,（06）,首选物理，再选不限,405,239990,,,0,广西,公办,0,0
江苏,2025,物理类,专科批,6153,四川铁道职业学院,（01）,首选物理，再选不限,442,208647,,,0,四川,公办,0,0
江苏,2025,物理类,专科批,6190,四川水利职业技术学院,（02）,首选物理，再选不限,436,226097,,,0,四川,公办,0,0
江苏,2025,物理类,专科批,6216,重庆三峡医药高等专科学校,（02）,首选物理，再选不限,431,226097,,,0,重庆,公办,0,0
江苏,2025,物理类,专科批,6234,重庆工程职业技术学院,,首选物理，再选不限,327,242365,,,4,重庆,公办,0,0
江苏,2025,物理类,专科批,6240,重庆工信职业学院,（02）,首选物理，再选不限,389,244356,,,0,重庆,公办,0,0
江苏,2025,物理类,专科批,6504,西藏职业技术学院,（04）,首选物理，再选地理,244,259537,,,5,西藏,公办,0,0
江苏,2025,物理类,专科批,7532,喀什职业技术学院,（03）,首选物理，再选不限,222,249877,,,0,新疆,公办,0,0
江苏,2025,物理类,专科批,7532,喀什职业技术学院,（04）,首选物理，再选化学,337,252576,,,0,新疆,公办,0,0
江苏,2025,物理类,专科批,7532,喀什职业技术学院,（05）,首选物理，再选化学、生物(2科必选),307,255226,,,0,新疆,公办,0,0
江苏,2025,物理类,专科批,8001,上海杉达学院,（05）,首选物理，再选不限,447,216775,,,0,上海,民办,0,0
江苏,2025,物理类,专科批,8017,上海东海职业技术学院,（02）,首选物理，再选不限,374,245721,,,0,上海,民办,0,0
江苏,2025,物理类,专科批,8018,上海工商职业技术学院,,首选物理，再选不限,289,243878,,,0,上海,民办,0,0
江苏,2025,物理类,专科批,8019,上海震旦职业学院,（02）,首选物理，再选不限,368,241206,,,0,上海,民办,0,0
江苏,2025,物理类,专科批,8025,上海工商外国语职业学院,（02）,首选物理，再选不限,399,241792,,,0,上海,民办,0,0
江苏,2025,物理类,专科批,8026,上海邦德职业技术学院,（02）,首选物理，再选不限,347,250685,,,0,上海,民办,0,0
江苏,2025,物理类,专科批,8052,温州商学院,（05）,首选物理，再选不限,440,210319,,,2,浙江,民办,0,0
江苏,2025,物理类,专科批,8196,江西航空职业技术学院,（03）,首选物理，再选不限,361,237918,,,10,江西,民办,0,0
江苏,2025,物理类,专科批,8367,山西同文职业技术学院,（01）,首选物理，再选不限,295,254224,,,10,山西,民办,0,0
江苏,2025,物理类,专科批,8416,大连东软信息学院,（03）,首选物理，再选不限,276,216017,,,0,辽宁,民办,0,0
江苏,2025,物理类,专科批,8758,三亚护理职业学院,（02）,首选物理，再选不限,220,260587,,,0,海南,民办,0,0
江苏,2025,物理类,专科批,8827,重庆建筑科技职业学院,（02）,首选物理，再选不限,333,241206,,,5,重庆,民办,0,0
江苏,2025,物理类,专科批,8934,西安城市建设职业学院,（02）,首选物理，再选不限,245,237918,,,0,陕西,民办,0,0
江苏,2025,物理类,本科批,105,陆军工程大学,（09）,首选物理，再选不限,598,34888,,,2,江苏,公办,0,0
江苏,2025,物理类,本科批,105,陆军工程大学,（10）,首选物理，再选化学,595,29638,,,6,江苏,公办,0,0
江苏,2025,物理类,本科批,1101,南京大学,,首选物理，再选化学,645,196,,,681,江苏,公办,1,1
江苏,2025,物理类,本科批,1102,东南大学,（07）,首选物理，再选不限,654,3081,,,0,江苏,公办,1,1
江苏,2025,物理类,本科批,1102,东南大学,,首选物理，再选化学,644,1835,,,0,江苏,公办,1,1
江苏,2025,物理类,本科批,1103,南京航空航天大学,,首选物理，再选化学,615,3281,,,533,江苏,公办,0,1
江苏,2025,物理类,本科批,1104,南京理工大学,,首选物理，再选化学,607,3556,,,0,江苏,公办,0,1
江苏,2025,物理类,本科批,1105,河海大学,（09）,首选物理，再选不限,626,14487,,,28,江苏,公办,0,1
江苏,2025,物理类,本科批,1105,河海大学,,首选物理，再选化学,594,6732,,,936,江苏,公办,0,1
江苏,2025,物理类,本科批,1106,南京信息工程大学,,首选物理，再选不限,588,27965,,,233,江苏,公办,0,0
江苏,2025,物理类,本科批,1106,南京信息工程大学,,首选物理，再选化学,578,9765,,,3017,江苏,公办,0,0
江苏,2025,物理类,本科批,1107,南京农业大学,（03）,首选物理，再选不限,606,26330,,,70,江苏,公办,0,1
江苏,2025,物理类,本科批,1107,南京农业大学,,首选物理，再选化学,594,15713,,,477,江苏,公办,0,1
江苏,2025,物理类,本科批,1108,南京师范大学,,首选物理，再选不限,586,19674,,,0,江苏,公办,0,1
江苏,2025,物理类,本科批,1108,南京师范大学,,首选物理，再选化学,565,7121,,,0,江苏,公办,0,1
江苏,2025,物理类,本科批,1108,南京师范大学,,首选物理，再选地理,614,21043,,,0,江苏,公办,0,1
江苏,2025,物理类,本科批,1109,中国药科大学,,首选物理，再选化学,597,5633,,,435,江苏,公办,0,1
江苏,2025,物理类,本科批,1110,南京工业大学,（05）,首选物理，再选不限,576,50891,,,184,江苏,公办,0,0
江苏,2025,物理类,本科批,1110,南京工业大学,,首选物理，再选化学,543,32190,,,2875,江苏,公办,0,0
江苏,2025,物理类,本科批,1111,南京邮电大学,（05）,首选物理，再选不限,608,26331,,,94,江苏,公办,0,0
江苏,2025,物理类,本科批,1111,南京邮电大学,,首选物理，再选化学,606,7530,,,2860,江苏,公办,0,0
江苏,2025,物理类,本科批,1112,南京医科大学,（04）,首选物理，再选不限,575,57591,,,84,江苏,公办,0,0
江苏,2025,物理类,本科批,1112,南京医科大学,,首选物理，再选化学,561,2847,,,1932,江苏,公办,0,0
江苏,2025,物理类,本科批,1113,南京中医药大学,,首选物理，再选不限,540,8362,,,387,江苏,公办,0,0
江苏,2025,物理类,本科批,1113,南京中医药大学,,首选物理，再选化学,522,17028,,,1382,江苏,公办,0,0
江苏,2025,物理类,本科批,1114,南京工程学院,,首选物理，再选不限,535,79711,,,0,江苏,公办,0,0
江苏,2025,物理类,本科批,1114,南京工程学院,,首选物理，再选化学,489,21043,,,0,江苏,公办,0,0
江苏,2025,物理类,本科批,1115,南京林业大学,,首选物理，再选不限,570,39620,,,717,江苏,公办,0,0
江苏,2025,物理类,本科批,1115,南京林业大学,,首选物理，再选化学,527,29638,,,3104,江苏,公办,0,0
江苏,2025,物理类,本科批,1115,南京林业大学,,首选物理，再选生物,561,44618,,,79,江苏,公办,0,0
江苏,2025,物理类,本科批,1116,南京财经大学,,首选物理，再选不限,540,34888,,,1744,江苏,公办,0,0
江苏,2025,物理类,本科批,1116,南京财经大学,,首选物理，再选化学,566,43570,,,287,江苏,公办,0,0
江苏,2025,物理类,本科批,1117,南京体育学院,,首选物理，再选不限,479,117992,,,0,江苏,公办,0,0
江苏,2025,物理类,本科批,1117,南京体育学院,（06）,首选物理，再选化学,535,113739,,,0,江苏,公办,0,0
江苏,2025,物理类,本科批,1117,南京体育学院,（07）,首选物理，再选生物,535,110914,,,0,江苏,公办,0,0
江苏,2025,物理类,本科批,1118,南京艺术学院,（02）,首选物理，再选不限,538,86192,,,40,江苏,公办,0,0
江苏,2025,物理类,本科批,1118,南京艺术学院,（03）,首选物理，再选化学,543,102526,,,41,江苏,公办,0,0
江苏,2025,物理类,本科批,1119,南京审计大学,,首选物理，再选不限,530,27965,,,1527,江苏,公办,0,0
江苏,2025,物理类,本科批,1119,南京审计大学,,首选物理，再选化学,572,52996,,,587,江苏,公办,0,0
江苏,2025,物理类,本科批,1120,南京晓庄学院,,首选物理，再选不限,518,79711,,,441,江苏,公办,0,0
江苏,2025,物理类,本科批,1120,南京晓庄学院,（15）,首选物理，再选化学,530,105341,,,1084,江苏,公办,0,0
江苏,2025,物理类,本科批,1120,南京晓庄学院,（17）,首选物理，再选地理,552,86192,,,89,江苏,公办,0,0
江苏,2025,物理类,本科批,1120,南京晓庄学院,（16）,首选物理，再选思想政治,556,84862,,,7,江苏,公办,0,0
江苏,2025,物理类,本科批,1128,金陵科技学院,,首选物理，再选不限,519,79711,,,468,江苏,公办,0,0
江苏,2025,物理类,本科批,1128,金陵科技学院,,首选物理，再选化学,463,84862,,,1989,江苏,公办,0,0
江苏,2025,物理类,本科批,1128,金陵科技学院,（10）,首选物理，再选生物,531,119385,,,27,江苏,公办,0,0
江苏,2025,物理类,本科批,1131,江苏第二师范学院,,首选物理，再选不限,478,81013,,,334,江苏,公办,0,0
江苏,2025,物理类,本科批,1131,江苏第二师范学院,,首选物理，再选化学,523,103949,,,683,江苏,公办,0,0
江苏,2025,物理类,本科批,1131,江苏第二师范学院,（25）,首选物理，再选地理,542,98331,,,74,江苏,公办,0,0
江苏,2025,物理类,本科批,1131,江苏第二师范学院,（24）,首选物理，再选思想政治,553,88855,,,8,江苏,公办,0,0
江苏,2025,物理类,本科批,1133,南京特殊教育师范学院,,首选物理，再选不限,463,92971,,,232,江苏,公办,0,0
江苏,2025,物理类,本科批,1133,南京特殊教育师范学院,,首选物理，再选化学,464,122198,,,97,江苏,公办,0,0
江苏,2025,物理类,本科批,1133,南京特殊教育师范学院,（10）,首选物理，再选思想政治,541,105341,,,5,江苏,公办,0,0
江苏,2025,物理类,本科批,1136,南京工业职业技术大学,,首选物理，再选不限,484,79711,,,212,江苏,公办,0,0
江苏,2025,物理类,本科批,1201,江南大学,,首选物理，再选不限,587,20350,,,93,江苏,公办,0,1
江苏,2025,物理类,本科批,1201,江南大学,,首选物理，再选化学,603,7122,,,671,江苏,公办,0,1
江苏,2025,物理类,本科批,1203,无锡学院,（02）,首选物理，再选不限,544,86192,,,142,江苏,公办,0,0
江苏,2025,物理类,本科批,1203,无锡学院,,首选物理，再选化学,512,83617,,,1948,江苏,公办,0,0
江苏,2025,物理类,本科批,1211,无锡职业技术大学,（03）,首选物理，再选不限,518,126402,,,1000,江苏,公办,0,0
江苏,2025,物理类,本科批,1221,中国矿业大学,（02）,首选物理，再选不限,607,25515,,,32,江苏,公办,0,1
江苏,2025,物理类,本科批,1221,中国矿业大学,,首选物理，再选化学,580,12320,,,508,江苏,公办,0,1
江苏,2025,物理类,本科批,1222,江苏师范大学,,首选物理，再选不限,529,81013,,,0,江苏,公办,0,0
江苏,2025,物理类,本科批,1222,江苏师范大学,,首选物理，再选化学,522,78396,,,0,江苏,公办,0,0
江苏,2025,物理类,本科批,1222,江苏师范大学,（14）,首选物理，再选地理,566,70814,,,0,江苏,公办,0,0
江苏,2025,物理类,本科批,1222,江苏师范大学,（13）,首选物理，再选思想政治,565,73284,,,0,江苏,公办,0,0
江苏,2025,物理类,本科批,1223,徐州医科大学,（03）,首选物理，再选不限,545,98331,,,88,江苏,公办,0,0
江苏,2025,物理类,本科批,1223,徐州医科大学,,首选物理，再选化学,539,11769,,,2238,江苏,公办,0,0
江苏,2025,物理类,本科批,1224,徐州工程学院,（02）,首选物理，再选不限,523,105341,,,0,江苏,公办,0,0
江苏,2025,物理类,本科批,1224,徐州工程学院,,首选物理，再选化学,475,115115,,,0,江苏,公办,0,0
江苏,2025,物理类,本科批,1242,常州大学,,首选物理，再选不限,516,72122,,,586,江苏,公办,0,0
江苏,2025,物理类,本科批,1242,常州大学,,首选物理，再选化学,535,61029,,,4082,江苏,公办,0,0
江苏,2025,物理类,本科批,1243,常州工学院,,首选物理，再选不限,480,109485,,,351,江苏,公办,0,0
江苏,2025,物理类,本科批,1243,常州工学院,,首选物理，再选化学,505,87529,,,2601,江苏,公办,0,0
江苏,2025,物理类,本科批,1244,江苏理工学院,,首选物理，再选不限,464,95642,,,613,江苏,公办,0,0
江苏,2025,物理类,本科批,1244,江苏理工学院,,首选物理，再选化学,485,95642,,,2109,江苏,公办,0,0
江苏,2025,物理类,本科批,1261,苏州大学,,首选物理，再选不限,598,18319,,,0,江苏,公办,0,1
江苏,2025,物理类,本科批,1261,苏州大学,,首选物理，再选化学,595,8362,,,0,江苏,公办,0,1
江苏,2025,物理类,本科批,1261,苏州大学,（41）,首选物理，再选生物,600,34888,,,0,江苏,公办,0,1
江苏,2025,物理类,本科批,1262,苏州科技大学,,首选物理，再选不限,526,82292,,,553,江苏,公办,0,0
江苏,2025,物理类,本科批,1262,苏州科技大学,,首选物理，再选化学,529,65871,,,2797,江苏,公办,0,0
江苏,2025,物理类,本科批,1262,苏州科技大学,（17）,首选物理，再选地理,559,78396,,,135,江苏,公办,0,0
江苏,2025,物理类,本科批,1262,苏州科技大学,（16）,首选物理，再选思想政治,562,77093,,,10,江苏,公办,0,0
江苏,2025,物理类,本科批,1263,苏州工学院,,首选物理，再选不限,524,92971,,,431,江苏,公办,0,0
江苏,2025,物理类,本科批,1263,苏州工学院,,首选物理，再选化学,463,83617,,,2846,江苏,公办,0,0
江苏,2025,物理类,本科批,1267,苏州城市学院,（02）,首选物理，再选不限,529,91583,,,265,江苏,公办,0,0
江苏,2025,物理类,本科批,1267,苏州城市学院,,首选物理，再选化学,536,98331,,,605,江苏,公办,0,0
江苏,2025,物理类,本科批,1270,苏州职业技术大学,（04）,首选物理，再选不限,521,123539,,,570,江苏,公办,0,0
江苏,2025,物理类,本科批,1301,南通大学,,首选物理，再选不限,497,63454,,,638,江苏,公办,0,0
江苏,2025,物理类,本科批,1301,南通大学,,首选物理，再选化学,479,32190,,,4702,江苏,公办,0,0
江苏,2025,物理类,本科批,1301,南通大学,（31）,首选物理，再选地理,562,77093,,,180,江苏,公办,0,0
江苏,2025,物理类,本科批,1301,南通大学,（30）,首选物理，再选思想政治,560,79711,,,30,江苏,公办,0,0
江苏,2025,物理类,本科批,131,海军军医大学,,首选物理，再选化学,603,23947,,,26,上海,公办,0,1
江苏,2025,物理类,本科批,1321,江苏海洋大学,（03）,首选物理，再选不限,535,94329,,,284,江苏,公办,0,0
江苏,2025,物理类,本科批,1321,江苏海洋大学,,首选物理，再选化学,512,92971,,,2137,江苏,公办,0,0
江苏,2025,物理类,本科批,1321,江苏海洋大学,（06）,首选物理，再选地理,554,87528,,,20,江苏,公办,0,0
江苏,2025,物理类,本科批,1330,连云港师范学院,（03）,首选物理，再选不限,511,119385,,,0,江苏,公办,0,0
江苏,2025,物理类,本科批,1330,连云港师范学院,（04）,首选物理，再选化学,506,154519,,,0,江苏,公办,0,0
江苏,2025,物理类,本科批,1341,淮阴师范学院,,首选物理，再选不限,475,109484,,,0,江苏,公办,0,0
江苏,2025,物理类,本科批,1341,淮阴师范学院,（11）,首选物理，再选化学,504,137742,,,0,江苏,公办,0,0
江苏,2025,物理类,本科批,1341,淮阴师范学院,（13）,首选物理，再选地理,523,122198,,,0,江苏,公办,0,0
江苏,2025,物理类,本科批,1341,淮阴师范学院,（12）,首选物理，再选思想政治,527,125021,,,0,江苏,公办,0,0
江苏,2025,物理类,本科批,1342,淮阴工学院,,首选物理，再选不限,498,106680,,,757,江苏,公办,0,0
江苏,2025,物理类,本科批,1342,淮阴工学院,,首选物理，再选化学,488,110914,,,2643,江苏,公办,0,0
江苏,2025,物理类,本科批,1361,盐城工学院,（02）,首选物理，再选不限,512,115115,,,569,江苏,公办,0,0
江苏,2025,物理类,本科批,1361,盐城工学院,,首选物理，再选化学,484,108073,,,3212,江苏,公办,0,0
江苏,2025,物理类,本科批,1362,盐城师范学院,,首选物理，再选不限,512,110914,,,812,江苏,公办,0,0
江苏,2025,物理类,本科批,1362,盐城师范学院,,首选物理，再选化学,504,126402,,,1915,江苏,公办,0,0
江苏,2025,物理类,本科批,1362,盐城师范学院,（17）,首选物理，再选地理,522,125021,,,95,江苏,公办,0,0
江苏,2025,物理类,本科批,1362,盐城师范学院,（16）,首选物理，再选思想政治,542,103949,,,10,江苏,公办,0,0
江苏,2025,物理类,本科批,1381,扬州大学,,首选物理，再选不限,513,33069,,,669,江苏,公办,0,0
江苏,2025,物理类,本科批,1381,扬州大学,,首选物理，再选化学,511,40639,,,3870,江苏,公办,0,0
江苏,2025,物理类,本科批,1381,扬州大学,（61）,首选物理，再选生物,559,81013,,,78,江苏,公办,0,0
江苏,2025,物理类,本科批,1390,扬州职业技术大学,,首选物理，再选不限,507,142068,,,910,江苏,公办,0,0
江苏,2025,物理类,本科批,1401,江苏大学,,首选物理，再选不限,527,43570,,,151,江苏,公办,0,0
江苏,2025,物理类,本科批,1401,江苏大学,,首选物理，再选化学,512,27965,,,3225,江苏,公办,0,0
江苏,2025,物理类,本科批,1402,江苏科技大学,,首选物理，再选不限,546,68338,,,251,江苏,公办,0,0
江苏,2025,物理类,本科批,1402,江苏科技大学,,首选物理，再选化学,556,52996,,,3522,江苏,公办,0,0
江苏,2025,物理类,本科批,1421,泰州学院,,首选物理，再选不限,473,129305,,,562,江苏,公办,0,0
江苏,2025,物理类,本科批,1421,泰州学院,,首选物理，再选化学,465,132082,,,1601,江苏,公办,0,0
江苏,2025,物理类,本科批,1426,宿迁学院,（03）,首选物理，再选不限,510,126402,,,0,江苏,公办,0,0
江苏,2025,物理类,本科批,1426,宿迁学院,（04）,首选物理，再选化学,506,139203,,,0,江苏,公办,0,0
江苏,2025,物理类,本科批,1426,宿迁学院,（06）,首选物理，再选思想政治,522,132082,,,0,江苏,公办,0,0
江苏,2025,物理类,本科批,1426,宿迁学院,（05）,首选物理，再选生物,509,150364,,,0,江苏,公办,0,0
江苏,2025,物理类,本科批,1802,东南大学成贤学院,,首选物理，再选不限,507,129305,,,14,江苏,民办,0,0
江苏,2025,物理类,本科批,1802,东南大学成贤学院,,首选物理，再选化学,492,132082,,,0,江苏,民办,0,0
江苏,2025,物理类,本科批,1803,南京航空航天大学金城学院,（05）,首选物理，再选不限,496,157259,,,437,江苏,民办,0,0
江苏,2025,物理类,本科批,1803,南京航空航天大学金城学院,,首选物理，再选化学,489,159919,,,1600,江苏,民办,0,0
江苏,2025,物理类,本科批,1803,南京航空航天大学金城学院,（08）,首选物理，再选思想政治,504,157259,,,15,江苏,民办,0,0
江苏,2025,物理类,本科批,1804,南京理工大学紫金学院,,首选物理，再选不限,509,137742,,,285,江苏,民办,0,0
江苏,2025,物理类,本科批,1804,南京理工大学紫金学院,,首选物理，再选化学,500,142068,,,1351,江苏,民办,0,0
江苏,2025,物理类,本科批,1807,南京审计大学金审学院,（02）,首选物理，再选不限,507,134945,,,449,江苏,民办,0,0
江苏,2025,物理类,本科批,1807,南京审计大学金审学院,（03）,首选物理，再选化学,500,158579,,,267,江苏,民办,0,0
江苏,2025,物理类,本科批,1810,南京工业大学浦江学院,,首选物理，再选不限,483,157259,,,292,江苏,民办,0,0
江苏,2025,物理类,本科批,1810,南京工业大学浦江学院,,首选物理，再选化学,485,161261,,,821,江苏,民办,0,0
江苏,2025,物理类,本科批,1816,南京财经大学红山学院,（02）,首选物理，再选不限,495,154519,,,0,江苏,民办,0,0
江苏,2025,物理类,本科批,1826,中国矿业大学徐海学院,（02）,首选物理，再选不限,498,162612,,,0,江苏,民办,0,0
江苏,2025,物理类,本科批,1826,中国矿业大学徐海学院,,首选物理，再选化学,479,173223,,,0,江苏,民办,0,0
江苏,2025,物理类,本科批,1827,江苏师范大学科文学院,,首选物理，再选不限,487,166591,,,874,江苏,民办,0,0
江苏,2025,物理类,本科批,1827,江苏师范大学科文学院,,首选物理，再选化学,477,182030,,,1169,江苏,民办,0,0
江苏,2025,物理类,本科批,1827,江苏师范大学科文学院,（13）,首选物理，再选地理,495,169250,,,40,江苏,民办,0,0
江苏,2025,物理类,本科批,1834,苏州大学应用技术学院,（02）,首选物理，再选不限,497,157259,,,143,江苏,民办,0,0
江苏,2025,物理类,本科批,1834,苏州大学应用技术学院,（03）,首选物理，再选化学,491,166591,,,592,江苏,民办,0,0
江苏,2025,物理类,本科批,1835,苏州科技大学天平学院,（02）,首选物理，再选不限,495,153112,,,119,江苏,民办,0,0
江苏,2025,物理类,本科批,1835,苏州科技大学天平学院,（03）,首选物理，再选化学,485,174488,,,350,江苏,民办,0,0
江苏,2025,物理类,本科批,1837,江苏科技大学苏州理工学院,（02）,首选物理，再选不限,500,154519,,,52,江苏,民办,0,0
江苏,2025,物理类,本科批,1837,江苏科技大学苏州理工学院,（03）,首选物理，再选化学,489,170582,,,392,江苏,民办,0,0
江苏,2025,物理类,本科批,1838,南通大学杏林学院,（03）,首选物理，再选不限,488,163926,,,458,江苏,民办,0,0
江苏,2025,物理类,本科批,1838,南通大学杏林学院,,首选物理，再选化学,474,106680,,,1042,江苏,民办,0,0
江苏,2025,物理类,本科批,1844,扬州大学广陵学院,（02）,首选物理，再选不限,499,153112,,,148,江苏,民办,0,0
江苏,2025,物理类,本科批,1844,扬州大学广陵学院,（03）,首选物理，再选化学,481,170582,,,1000,江苏,民办,0,0
江苏,2025,物理类,本科批,1844,扬州大学广陵学院,（04）,首选物理，再选生物,493,171881,,,60,江苏,民办,0,0
江苏,2025,物理类,本科批,1845,江苏大学京江学院,（03）,首选物理，再选不限,495,159919,,,223,江苏,民办,0,0
江苏,2025,物理类,本科批,1845,江苏大学京江学院,,首选物理，再选化学,478,171881,,,942,江苏,民办,0,0
江苏,2025,物理类,本科批,1845,江苏大学京江学院,（08）,首选物理，再选生物,502,159919,,,121,江苏,民办,0,0
江苏,2025,物理类,本科批,1846,南京医科大学康达学院,（04）,首选物理，再选不限,499,159919,,,74,江苏,民办,0,0
江苏,2025,物理类,本科批,1846,南京医科大学康达学院,,首选物理，再选化学,490,106680,,,1018,江苏,民办,0,0
江苏,2025,物理类,本科批,1846,南京医科大学康达学院,（07）,首选物理，再选生物,505,155895,,,356,江苏,民办,0,0
江苏,2025,物理类,本科批,1847,南京师范大学泰州学院,（03）,首选物理，再选不限,496,155895,,,0,江苏,民办,0,0
江苏,2025,物理类,本科批,1847,南京师范大学泰州学院,,首选物理，再选化学,478,167921,,,0,江苏,民办,0,0
江苏,2025,物理类,本科批,1848,南京理工大学泰州科技学院,,首选物理，再选不限,501,158579,,,205,江苏,民办,0,0
江苏,2025,物理类,本科批,1848,南京理工大学泰州科技学院,（04）,首选物理，再选化学,486,180771,,,726,江苏,民办,0,0
江苏,2025,物理类,本科批,1850,南京邮电大学通达学院,（02）,首选物理，再选不限,501,158579,,,198,江苏,民办,0,0
江苏,2025,物理类,本科批,1850,南京邮电大学通达学院,,首选物理，再选化学,493,166591,,,1317,江苏,民办,0,0
江苏,2025,物理类,本科批,1855,常州大学怀德学院,（02）,首选物理，再选不限,487,162612,,,355,江苏,民办,0,0
江苏,2025,物理类,本科批,1855,常州大学怀德学院,（03）,首选物理，再选化学,472,192448,,,1017,江苏,民办,0,0
江苏,2025,物理类,本科批,1858,南京师范大学中北学院,,首选物理，再选不限,492,162612,,,218,江苏,民办,0,0
江苏,2025,物理类,本科批,1858,南京师范大学中北学院,（05）,首选物理，再选化学,479,178268,,,603,江苏,民办,0,0
江苏,2025,物理类,本科批,1901,南京传媒学院,,首选物理，再选不限,474,175732,,,0,江苏,民办,0,0
江苏,2025,物理类,本科批,1901,南京传媒学院,（05）,首选物理，再选化学,470,193550,,,0,江苏,民办,0,0
江苏,2025,物理类,本科批,1911,三江学院,（02）,首选物理，再选不限,486,170582,,,374,江苏,民办,0,0
江苏,2025,物理类,本科批,1911,三江学院,（03）,首选物理，再选化学,469,191363,,,1227,江苏,民办,0,0
江苏,2025,物理类,本科批,1915,无锡太湖学院,,首选物理，再选不限,470,139203,,,231,江苏,民办,0,0
江苏,2025,物理类,本科批,1915,无锡太湖学院,,首选物理，再选化学,463,178268,,,844,江苏,民办,0,0
江苏,2025,物理类,本科批,1915,无锡太湖学院,（07）,首选物理，再选生物,496,167921,,,111,江苏,民办,0,0
江苏,2025,物理类,本科批,1921,西交利物浦大学,（03）,首选物理，再选不限,549,94329,,,0,江苏,中外合作办学,0,0
江苏,2025,物理类,本科批,1921,西交利物浦大学,（04）,首选物理，再选化学,550,92971,,,0,江苏,中外合作办学,0,0
江苏,2025,物理类,本科批,1928,南通理工学院,（02）,首选物理，再选不限,485,155895,,,547,江苏,民办,0,0
江苏,2025,物理类,本科批,1928,南通理工学院,,首选物理，再选化学,463,186727,,,2670,江苏,民办,0,0
江苏,2025,物理类,本科批,201,中国人民公安大学,（10）,首选物理，再选不限,614,23214,,,0,北京,公办,0,0
江苏,2025,物理类,本科批,203,中国人民警察大学,（12）,首选物理，再选不限,578,57591,,,6,河北,公办,0,0
江苏,2025,物理类,本科批,203,中国人民警察大学,（13）,首选物理，再选化学,564,65871,,,21,河北,公办,0,0
江苏,2025,物理类,本科批,203,中国人民警察大学,（14）,首选物理，再选思想政治,562,77093,,,3,河北,公办,0,0
江苏,2025,物理类,本科批,2101,复旦大学,（04）,首选物理，再选化学,672,164,,,80,上海,公办,1,1
江苏,2025,物理类,本科批,2102,同济大学,,首选物理，再选化学,649,1521,,,126,上海,公办,1,1
江苏,2025,物理类,本科批,2103,上海交通大学,,首选物理，再选化学,663,126,,,179,上海,公办,1,1
江苏,2025,物理类,本科批,2104,华东理工大学,（02）,首选物理，再选不限,620,17706,,,0,上海,公办,0,1
江苏,2025,物理类,本科批,2104,华东理工大学,（03）,首选物理，再选化学,625,6732,,,0,上海,公办,0,1
江苏,2025,物理类,本科批,2105,东华大学,,首选物理，再选化学,613,13359,,,140,上海,公办,0,1
江苏,2025,物理类,本科批,2106,华东师范大学,（04）,首选物理，再选不限,649,4675,,,0,上海,公办,1,1
江苏,2025,物理类,本科批,2106,华东师范大学,（05）,首选物理，再选化学,646,4082,,,0,上海,公办,1,1
江苏,2025,物理类,本科批,2107,华东政法大学,（02）,首选物理，再选不限,630,10262,,,0,上海,公办,0,0
江苏,2025,物理类,本科批,2109,上海外国语大学,,首选物理，再选不限,615,10750,,,29,上海,公办,0,1
江苏,2025,物理类,本科批,2109,上海外国语大学,（06）,首选物理，再选化学,630,12829,,,6,上海,公办,0,1
江苏,2025,物理类,本科批,2110,上海财经大学,（03）,首选物理，再选不限,635,5985,,,0,上海,公办,0,1
江苏,2025,物理类,本科批,2110,上海财经大学,（04）,首选物理，再选化学,640,6362,,,0,上海,公办,0,1
江苏,2025,物理类,本科批,2111,上海师范大学,（04）,首选物理，再选不限,581,54119,,,0,上海,公办,0,0
江苏,2025,物理类,本科批,2111,上海师范大学,,首选物理，再选化学,495,41599,,,0,上海,公办,0,0
江苏,2025,物理类,本科批,2112,上海大学,,首选物理，再选不限,607,13359,,,0,上海,公办,0,1
江苏,2025,物理类,本科批,2112,上海大学,,首选物理，再选化学,609,9279,,,21,上海,公办,0,1
江苏,2025,物理类,本科批,2113,上海中医药大学,,首选物理，再选化学,591,10262,,,0,上海,公办,0,0
江苏,2025,物理类,本科批,2114,上海对外经贸大学,,首选物理，再选不限,583,29638,,,0,上海,公办,0,0
江苏,2025,物理类,本科批,2114,上海对外经贸大学,（05）,首选物理，再选化学,603,29638,,,0,上海,公办,0,0
江苏,2025,物理类,本科批,2115,上海理工大学,,首选物理，再选化学,600,27150,,,0,上海,公办,0,0
江苏,2025,物理类,本科批,2116,上海海洋大学,（02）,首选物理，再选不限,581,54119,,,0,上海,公办,0,0
江苏,2025,物理类,本科批,2116,上海海洋大学,（03）,首选物理，再选化学,590,40639,,,0,上海,公办,0,0
江苏,2025,物理类,本科批,2117,上海海事大学,（03）,首选物理，再选不限,603,30492,,,0,上海,公办,0,0
江苏,2025,物理类,本科批,2117,上海海事大学,（04）,首选物理，再选化学,598,30492,,,0,上海,公办,0,0
江苏,2025,物理类,本科批,2118,上海电力大学,,首选物理，再选化学,608,20349,,,68,上海,公办,0,0
江苏,2025,物理类,本科批,2119,上海体育大学,（03）,首选物理，再选不限,583,51945,,,0,上海,公办,0,0
江苏,2025,物理类,本科批,2119,上海体育大学,,首选物理，再选化学,570,41599,,,0,上海,公办,0,0
江苏,2025,物理类,本科批,2120,上海工程技术大学,（02）,首选物理，再选化学,570,42525,,,0,上海,公办,0,0
江苏,2025,物理类,本科批,2123,上海应用技术大学,,首选物理，再选不限,565,52996,,,6,上海,公办,0,0
江苏,2025,物理类,本科批,2123,上海应用技术大学,,首选物理，再选化学,576,36724,,,25,上海,公办,0,0
江苏,2025,物理类,本科批,2124,上海第二工业大学,（02）,首选物理，再选不限,577,58764,,,0,上海,公办,0,0
江苏,2025,物理类,本科批,2124,上海第二工业大学,（03）,首选物理，再选化学,573,47686,,,0,上海,公办,0,0
江苏,2025,物理类,本科批,2125,上海政法学院,,首选物理，再选不限,561,26330,,,0,上海,公办,0,0
江苏,2025,物理类,本科批,2128,复旦大学上海医学院,,首选物理，再选化学,657,164,,,41,上海,公办,1,1
江苏,2025,物理类,本科批,2131,上海海关学院,,首选物理，再选不限,587,38685,,,6,上海,公办,0,0
江苏,2025,物理类,本科批,2135,上海健康医学院,（01）,首选物理，再选不限,542,99722,,,0,上海,公办,0,0
江苏,2025,物理类,本科批,2135,上海健康医学院,,首选物理，再选化学,541,54119,,,0,上海,公办,0,0
江苏,2025,物理类,本科批,2136,上海电机学院,（01）,首选物理，再选不限,558,81013,,,6,上海,公办,0,0
江苏,2025,物理类,本科批,2136,上海电机学院,,首选物理，再选化学,560,58764,,,40,上海,公办,0,0
江苏,2025,物理类,本科批,2137,上海立信会计金融学院,（02）,首选物理，再选不限,559,39620,,,0,上海,公办,0,0
江苏,2025,物理类,本科批,2137,上海立信会计金融学院,（03）,首选物理，再选化学,567,68338,,,0,上海,公办,0,0
江苏,2025,物理类,本科批,2139,上海交通大学医学院,,首选物理，再选化学,663,227,,,37,上海,公办,1,1
江苏,2025,物理类,本科批,2141,上海商学院,,首选物理，再选不限,529,78396,,,0,上海,公办,0,0
江苏,2025,物理类,本科批,2141,上海商学院,（05）,首选物理，再选化学,551,82292,,,0,上海,公办,0,0
江苏,2025,物理类,本科批,2201,浙江大学,,首选物理，再选化学,651,338,,,65,浙江,公办,1,1
江苏,2025,物理类,本科批,2202,中国计量大学,（02）,首选物理，再选不限,593,39620,,,10,浙江,公办,0,0
江苏,2025,物理类,本科批,2202,中国计量大学,（03）,首选物理，再选化学,591,38685,,,52,浙江,公办,0,0
江苏,2025,物理类,本科批,2203,浙江理工大学,（02）,首选物理，再选不限,570,61029,,,0,浙江,公办,0,0
江苏,2025,物理类,本科批,2203,浙江理工大学,（03）,首选物理，再选化学,572,55261,,,0,浙江,公办,0,0
江苏,2025,物理类,本科批,2204,浙江工业大学,（02）,首选物理，再选不限,596,38685,,,3,浙江,公办,0,0
江苏,2025,物理类,本科批,2204,浙江工业大学,,首选物理，再选化学,596,27965,,,48,浙江,公办,0,0
江苏,2025,物理类,本科批,2205,中国美术学院,（02）,首选物理，再选化学,618,20349,,,3,浙江,公办,0,0
江苏,2025,物理类,本科批,2206,浙江师范大学,,首选物理，再选不限,561,39620,,,6,浙江,公办,0,0
江苏,2025,物理类,本科批,2206,浙江师范大学,,首选物理，再选化学,593,32190,,,6,浙江,公办,0,0
江苏,2025,物理类,本科批,2207,浙江工商大学,,首选物理，再选不限,568,44618,,,48,浙江,公办,0,0
江苏,2025,物理类,本科批,2207,浙江工商大学,（04）,首选物理，再选化学,567,59905,,,28,浙江,公办,0,0
江苏,2025,物理类,本科批,2208,杭州电子科技大学,（01）,首选物理，再选不限,585,38685,,,17,浙江,公办,0,0
江苏,2025,物理类,本科批,2208,杭州电子科技大学,,首选物理，再选化学,608,19004,,,43,浙江,公办,0,0
江苏,2025,物理类,本科批,2209,杭州师范大学,,首选物理，再选化学,544,58764,,,77,浙江,公办,0,0
江苏,2025,物理类,本科批,2211,浙江传媒学院,,首选物理，再选不限,547,67133,,,0,浙江,公办,0,0
江苏,2025,物理类,本科批,2211,浙江传媒学院,,首选物理，再选化学,534,56445,,,0,浙江,公办,0,0
江苏,2025,物理类,本科批,2212,浙江科技大学,,首选物理，再选不限,558,78396,,,11,浙江,公办,0,0
江苏,2025,物理类,本科批,2212,浙江科技大学,,首选物理，再选化学,527,67133,,,43,浙江,公办,0,0
江苏,2025,物理类,本科批,2213,浙江财经大学,,首选物理，再选不限,558,40639,,,63,浙江,公办,0,0
江苏,2025,物理类,本科批,2213,浙江财经大学,（05）,首选物理，再选化学,578,56445,,,17,浙江,公办,0,0
江苏,2025,物理类,本科批,2214,浙江农林大学,（03）,首选物理，再选不限,559,75837,,,3,浙江,公办,0,0
江苏,2025,物理类,本科批,2214,浙江农林大学,,首选物理，再选化学,537,65871,,,30,浙江,公办,0,0
江苏,2025,物理类,本科批,2216,浙江中医药大学,,首选物理，再选化学,559,30492,,,19,浙江,公办,0,0
江苏,2025,物理类,本科批,2221,宁波大学,（02）,首选物理，再选不限,588,46626,,,0,浙江,公办,0,0
江苏,2025,物理类,本科批,2221,宁波大学,,首选物理，再选化学,590,27150,,,0,浙江,公办,0,0
江苏,2025,物理类,本科批,2222,宁波工程学院,（01）,首选物理，再选不限,538,109484,,,2,浙江,公办,0,0
江苏,2025,物理类,本科批,2222,宁波工程学院,,首选物理，再选化学,523,88855,,,61,浙江,公办,0,0
江苏,2025,物理类,本科批,2223,绍兴文理学院,（02）,首选物理，再选化学,523,129305,,,17,浙江,公办,0,0
江苏,2025,物理类,本科批,2228,温州大学,（02）,首选物理，再选不限,565,73284,,,0,浙江,公办,0,0
江苏,2025,物理类,本科批,2228,温州大学,,首选物理，再选化学,555,68338,,,0,浙江,公办,0,0
江苏,2025,物理类,本科批,2231,嘉兴大学,,首选物理，再选化学,533,101161,,,0,浙江,公办,0,0
江苏,2025,物理类,本科批,2240,浙江外国语学院,,首选物理，再选不限,535,92971,,,20,浙江,公办,0,0
江苏,2025,物理类,本科批,2240,浙江外国语学院,（05）,首选物理，再选化学,556,78396,,,8,浙江,公办,0,0
江苏,2025,物理类,本科批,2241,温州医科大学,,首选物理，再选化学,591,27150,,,0,浙江,公办,0,0
江苏,2025,物理类,本科批,2242,浙江大学医学院,,首选物理，再选化学,646,2209,,,22,浙江,公办,1,1
江苏,2025,物理类,本科批,2245,宁波诺丁汉大学,（03）,首选物理，再选不限,583,37720,,,9,浙江,中外合作办学,0,0
江苏,2025,物理类,本科批,2245,宁波诺丁汉大学,（04）,首选物理，再选化学,589,23947,,,23,浙江,中外合作办学,0,0
江苏,2025,物理类,本科批,2248,温州肯恩大学,（02）,首选物理，再选不限,547,91583,,,9,浙江,中外合作办学,0,0
江苏,2025,物理类,本科批,2248,温州肯恩大学,（03）,首选物理，再选化学,535,91583,,,8,浙江,中外合作办学,0,0
江苏,2025,物理类,本科批,2249,浙大城市学院,（03）,首选物理，再选不限,538,95642,,,23,浙江,公办,0,0
江苏,2025,物理类,本科批,2249,浙大城市学院,,首选物理，再选化学,538,63454,,,43,浙江,公办,0,0
江苏,2025,物理类,本科批,2250,浙大宁波理工学院,（02）,首选物理，再选不限,539,105341,,,9,浙江,公办,0,0
江苏,2025,物理类,本科批,2250,浙大宁波理工学院,（03）,首选物理，再选化学,531,94329,,,93,浙江,公办,0,0
江苏,2025,物理类,本科批,2251,浙江海洋大学,,首选物理，再选化学,544,69540,,,70,浙江,公办,0,0
江苏,2025,物理类,本科批,2251,浙江海洋大学,（04）,首选物理，再选生物,564,74582,,,2,浙江,公办,0,0
江苏,2025,物理类,本科批,2261,湖州师范学院,（02）,首选物理，再选不限,538,109484,,,4,浙江,公办,0,0
江苏,2025,物理类,本科批,2261,湖州师范学院,,首选物理，再选化学,520,90193,,,30,浙江,公办,0,0
江苏,2025,物理类,本科批,2268,丽水学院,（03）,首选物理，再选不限,525,127836,,,3,浙江,公办,0,0
江苏,2025,物理类,本科批,2268,丽水学院,,首选物理，再选化学,520,59905,,,46,浙江,公办,0,0
江苏,2025,物理类,本科批,2272,浙江水利水电学院,（01）,首选物理，再选不限,546,98331,,,3,浙江,公办,0,0
江苏,2025,物理类,本科批,2272,浙江水利水电学院,（02）,首选物理，再选化学,536,91583,,,43,浙江,公办,0,0
江苏,2025,物理类,本科批,2272,浙江水利水电学院,（03）,首选物理，再选地理,558,82292,,,4,浙江,公办,0,0
江苏,2025,物理类,本科批,2275,湖州学院,（02）,首选物理，再选化学,533,105341,,,58,浙江,公办,0,0
江苏,2025,物理类,本科批,2276,温州理工学院,（01）,首选物理，再选化学,529,108073,,,0,浙江,公办,0,0
江苏,2025,物理类,本科批,2277,嘉兴南湖学院,（02）,首选物理，再选不限,533,109484,,,0,浙江,公办,0,0
江苏,2025,物理类,本科批,2277,嘉兴南湖学院,（03）,首选物理，再选化学,522,122198,,,0,浙江,公办,0,0
江苏,2025,物理类,本科批,2278,衢州学院,（01）,首选物理，再选不限,510,147536,,,8,浙江,公办,0,0
江苏,2025,物理类,本科批,2278,衢州学院,（02）,首选物理，再选化学,510,144772,,,14,浙江,公办,0,0
江苏,2025,物理类,本科批,2279,绍兴理工学院,（02）,首选物理，再选不限,523,122198,,,18,浙江,公办,0,0
江苏,2025,物理类,本科批,2279,绍兴理工学院,（03）,首选物理，再选化学,516,130715,,,25,浙江,公办,0,0
江苏,2025,物理类,本科批,2301,中国科学技术大学,（01）,首选物理，再选化学,669,506,,,40,安徽,公办,1,1
江苏,2025,物理类,本科批,2302,合肥工业大学,（03）,首选物理，再选不限,603,18319,,,0,安徽,公办,0,1
江苏,2025,物理类,本科批,2302,合肥工业大学,（04）,首选物理，再选化学,626,7928,,,0,安徽,公办,0,1
江苏,2025,物理类,本科批,2302,合肥工业大学（宣城校区）,（03）,首选物理，再选化学,618,17706,,,0,安徽,公办,0,1
江苏,2025,物理类,本科批,2303,安徽大学,（02）,首选物理，再选不限,601,27965,,,16,安徽,公办,0,1
江苏,2025,物理类,本科批,2303,安徽大学,,首选物理，再选化学,593,17706,,,52,安徽,公办,0,1
江苏,2025,物理类,本科批,2304,安徽医科大学,,首选物理，再选不限,537,87528,,,5,安徽,公办,0,0
江苏,2025,物理类,本科批,2304,安徽医科大学,（04）,首选物理，再选化学,559,52996,,,16,安徽,公办,0,0
江苏,2025,物理类,本科批,2305,安徽建筑大学,（02）,首选物理，再选不限,542,94329,,,24,安徽,公办,0,0
江苏,2025,物理类,本科批,2305,安徽建筑大学,（03）,首选物理，再选化学,536,70814,,,77,安徽,公办,0,0
江苏,2025,物理类,本科批,2305,安徽建筑大学,（04）,首选物理，再选地理,559,81013,,,4,安徽,公办,0,0
江苏,2025,物理类,本科批,2306,安徽农业大学,（02）,首选物理，再选化学,539,68338,,,77,安徽,公办,0,0
江苏,2025,物理类,本科批,2306,安徽农业大学,（03）,首选物理，再选生物,564,74582,,,2,安徽,公办,0,0
江苏,2025,物理类,本科批,2307,安徽中医药大学,,首选物理，再选不限,562,46626,,,10,安徽,公办,0,0
江苏,2025,物理类,本科批,2307,安徽中医药大学,（05）,首选物理，再选化学,562,67133,,,8,安徽,公办,0,0
江苏,2025,物理类,本科批,2308,安徽工程大学,（01）,首选物理，再选化学,532,106680,,,64,安徽,公办,0,0
江苏,2025,物理类,本科批,2309,安徽师范大学,（04）,首选物理，再选不限,550,69540,,,0,安徽,公办,0,0
江苏,2025,物理类,本科批,2309,安徽师范大学,（05）,首选物理，再选化学,552,57591,,,0,安徽,公办,0,0
江苏,2025,物理类,本科批,2309,安徽师范大学,（06）,首选物理，再选地理,589,45633,,,0,安徽,公办,0,0
江苏,2025,物理类,本科批,2310,安徽科技学院,（01）,首选物理，再选不限,528,120767,,,6,安徽,公办,0,0
江苏,2025,物理类,本科批,2310,安徽科技学院,（02）,首选物理，再选化学,513,133470,,,38,安徽,公办,0,0
江苏,2025,物理类,本科批,2310,安徽科技学院,（03）,首选物理，再选地理,527,96973,,,8,安徽,公办,0,0
江苏,2025,物理类,本科批,2321,安徽财经大学,（03）,首选物理，再选不限,553,52996,,,48,安徽,公办,0,0
江苏,2025,物理类,本科批,2321,安徽财经大学,（04）,首选物理，再选化学,557,78396,,,28,安徽,公办,0,0
江苏,2025,物理类,本科批,2327,合肥大学,（02）,首选物理，再选不限,554,87528,,,0,安徽,公办,0,0
江苏,2025,物理类,本科批,2327,合肥大学,（03）,首选物理，再选化学,553,78396,,,0,安徽,公办,0,0
江苏,2025,物理类,本科批,2331,阜阳师范大学,（03）,首选物理，再选不限,530,105341,,,12,安徽,公办,0,0
江苏,2025,物理类,本科批,2332,蚌埠医科大学,（01）,首选物理，再选化学,552,56445,,,30,安徽,公办,0,0
江苏,2025,物理类,本科批,2341,安徽理工大学,（01）,首选物理，再选不限,550,82292,,,16,安徽,公办,0,0
江苏,2025,物理类,本科批,2341,安徽理工大学,,首选物理，再选化学,538,59905,,,99,安徽,公办,0,0
江苏,2025,物理类,本科批,2342,宿州学院,（03）,首选物理，再选化学,505,147536,,,32,安徽,公办,0,0
江苏,2025,物理类,本科批,2343,安庆师范大学,（02）,首选物理，再选化学,509,150364,,,5,安徽,公办,0,0
江苏,2025,物理类,本科批,2347,蚌埠学院,（01）,首选物理，再选化学,541,105341,,,2,安徽,公办,0,0
江苏,2025,物理类,本科批,2348,池州学院,（02）,首选物理，再选化学,518,129305,,,7,安徽,公办,0,0
江苏,2025,物理类,本科批,2349,皖南医学院,（01）,首选物理，再选化学,563,61029,,,54,安徽,公办,0,0
江苏,2025,物理类,本科批,2351,淮北师范大学,（05）,首选物理，再选不限,542,94329,,,4,安徽,公办,0,0
江苏,2025,物理类,本科批,2351,淮北师范大学,（06）,首选物理，再选化学,550,91583,,,3,安徽,公办,0,0
江苏,2025,物理类,本科批,2351,淮北师范大学,（07）,首选物理，再选化学、生物(2科必选),523,91583,,,31,安徽,公办,0,0
江苏,2025,物理类,本科批,2356,铜陵学院,（02）,首选物理，再选化学,503,158579,,,5,安徽,公办,0,0
江苏,2025,物理类,本科批,2361,安徽工业大学,（02）,首选物理，再选不限,559,67133,,,5,安徽,公办,0,0
江苏,2025,物理类,本科批,2361,安徽工业大学,（03）,首选物理，再选化学,553,40639,,,62,安徽,公办,0,0
江苏,2025,物理类,本科批,2362,淮南师范学院,（03）,首选物理，再选不限,523,116554,,,0,安徽,公办,0,0
江苏,2025,物理类,本科批,2362,淮南师范学院,（04）,首选物理，再选化学,516,127836,,,0,安徽,公办,0,0
江苏,2025,物理类,本科批,2367,巢湖学院,（02）,首选物理，再选不限,510,137742,,,30,安徽,公办,0,0
江苏,2025,物理类,本科批,2367,巢湖学院,（03）,首选物理，再选化学,505,151737,,,11,安徽,公办,0,0
江苏,2025,物理类,本科批,2381,黄山学院,,首选物理，再选不限,490,148936,,,17,安徽,公办,0,0
江苏,2025,物理类,本科批,2381,黄山学院,（05）,首选物理，再选化学,504,155895,,,17,安徽,公办,0,0
江苏,2025,物理类,本科批,2401,福州大学,（02）,首选物理，再选不限,600,28841,,,10,福建,公办,0,1
江苏,2025,物理类,本科批,2401,福州大学,（03）,首选物理，再选化学,612,17028,,,52,福建,公办,0,1
江苏,2025,物理类,本科批,2402,福建农林大学,（02）,首选物理，再选不限,517,125021,,,8,福建,公办,0,0
江苏,2025,物理类,本科批,2402,福建农林大学,（03）,首选物理，再选化学,536,90193,,,15,福建,公办,0,0
江苏,2025,物理类,本科批,2405,福建理工大学,（02）,首选物理，再选不限,542,103949,,,2,福建,公办,0,0
江苏,2025,物理类,本科批,2405,福建理工大学,（03）,首选物理，再选化学,542,87528,,,18,福建,公办,0,0
江苏,2025,物理类,本科批,2406,福建医科大学,（01）,首选物理，再选不限,558,79711,,,3,福建,公办,0,0
江苏,2025,物理类,本科批,2406,福建医科大学,（02）,首选物理，再选化学,545,95642,,,9,福建,公办,0,0
江苏,2025,物理类,本科批,2406,福建医科大学,（03）,首选物理，再选化学、生物(2科必选),571,34888,,,18,福建,公办,0,0
江苏,2025,物理类,本科批,2407,福建中医药大学,（01）,首选物理，再选化学,537,63454,,,5,福建,公办,0,0
江苏,2025,物理类,本科批,2407,福建中医药大学,（02）,首选物理，再选生物,589,41599,,,5,福建,公办,0,0
江苏,2025,物理类,本科批,2408,龙岩学院,（01）,首选物理，再选不限,519,136395,,,0,福建,公办,0,0
江苏,2025,物理类,本科批,2408,龙岩学院,（02）,首选物理，再选化学,503,155895,,,0,福建,公办,0,0
江苏,2025,物理类,本科批,2409,闽江学院,（01）,首选物理，再选不限,529,117992,,,10,福建,公办,0,0
江苏,2025,物理类,本科批,2410,三明学院,（02）,首选物理，再选不限,509,150364,,,4,福建,公办,0,0
江苏,2025,物理类,本科批,2410,三明学院,（03）,首选物理，再选化学,505,146160,,,14,福建,公办,0,0
江苏,2025,物理类,本科批,2411,厦门大学,,首选物理，再选不限,622,5310,,,0,福建,公办,1,1
江苏,2025,物理类,本科批,2411,厦门大学,,首选物理，再选化学,623,5985,,,0,福建,公办,1,1
江苏,2025,物理类,本科批,2412,集美大学,（04）,首选物理，再选不限,564,69540,,,6,福建,公办,0,0
江苏,2025,物理类,本科批,2412,集美大学,,首选物理，再选化学,562,54119,,,38,福建,公办,0,0
江苏,2025,物理类,本科批,2412,集美大学,（08）,首选物理，再选化学、生物(2科必选),549,94329,,,6,福建,公办,0,0
江苏,2025,物理类,本科批,2412,集美大学,（09）,首选物理，再选地理,581,54119,,,3,福建,公办,0,0
江苏,2025,物理类,本科批,2413,厦门理工学院,（02）,首选物理，再选不限,548,94331,,,2,福建,公办,0,0
江苏,2025,物理类,本科批,2413,厦门理工学院,（03）,首选物理，再选化学,539,81027,,,18,福建,公办,0,0
江苏,2025,物理类,本科批,2421,莆田学院,（02）,首选物理，再选不限,498,165225,,,2,福建,公办,0,0
江苏,2025,物理类,本科批,2421,莆田学院,（03）,首选物理，再选化学,567,70814,,,8,福建,公办,0,0
江苏,2025,物理类,本科批,2422,华侨大学,（03）,首选物理，再选不限,548,83617,,,0,福建,公办,0,0
江苏,2025,物理类,本科批,2422,华侨大学,,首选物理，再选化学,549,61029,,,0,福建,公办,0,0
江苏,2025,物理类,本科批,2437,武夷学院,（02）,首选物理，再选不限,511,139203,,,4,福建,公办,0,0
江苏,2025,物理类,本科批,2437,武夷学院,（03）,首选物理，再选化学,502,148936,,,12,福建,公办,0,0
江苏,2025,物理类,本科批,2442,宁德师范学院,（01）,首选物理，再选化学,513,142068,,,5,福建,公办,0,0
江苏,2025,物理类,本科批,2443,泉州师范学院,（01）,首选物理，再选不限,532,117992,,,2,福建,公办,0,0
江苏,2025,物理类,本科批,2443,泉州师范学院,（02）,首选物理，再选化学,505,142068,,,10,福建,公办,0,0
江苏,2025,物理类,本科批,2443,泉州师范学院,（03）,首选物理，再选地理,546,98331,,,2,福建,公办,0,0
江苏,2025,物理类,本科批,2448,闽南师范大学,（02）,首选物理，再选不限,531,110914,,,8,福建,公办,0,0
江苏,2025,物理类,本科批,2448,闽南师范大学,（03）,首选物理，再选化学,523,125021,,,9,福建,公办,0,0
江苏,2025,物理类,本科批,2448,闽南师范大学,（04）,首选物理，再选生物,528,123539,,,3,福建,公办,0,0
江苏,2025,物理类,本科批,2501,江西财经大学,,首选物理，再选不限,535,35803,,,37,江西,公办,0,0
江苏,2025,物理类,本科批,2501,江西财经大学,,首选物理，再选化学,540,54119,,,37,江西,公办,0,0
江苏,2025,物理类,本科批,2502,华东交通大学,,首选物理，再选不限,530,63454,,,21,江西,公办,0,0
江苏,2025,物理类,本科批,2502,华东交通大学,（08）,首选物理，再选化学,559,40639,,,56,江西,公办,0,0
江苏,2025,物理类,本科批,2504,江西中医药大学,（04）,首选物理，再选不限,588,46626,,,0,江西,公办,0,0
江苏,2025,物理类,本科批,2504,江西中医药大学,（05）,首选物理，再选化学,540,106680,,,0,江西,公办,0,0
江苏,2025,物理类,本科批,2504,江西中医药大学,,首选物理，再选生物,557,47686,,,0,江西,公办,0,0
江苏,2025,物理类,本科批,2505,南昌大学,（02）,首选物理，再选不限,598,33069,,,15,江西,公办,0,1
江苏,2025,物理类,本科批,2505,南昌大学,,首选物理，再选化学,600,24769,,,58,江西,公办,0,1
江苏,2025,物理类,本科批,2505,南昌大学,（06）,首选物理，再选化学、生物(2科必选),622,17706,,,3,江西,公办,0,1
江苏,2025,物理类,本科批,2506,南昌航空大学,（03）,首选物理，再选不限,557,78396,,,6,江西,公办,0,0
江苏,2025,物理类,本科批,2506,南昌航空大学,,首选物理，再选化学,562,48740,,,85,江西,公办,0,0
江苏,2025,物理类,本科批,2507,江西科技师范大学,（02）,首选物理，再选不限,530,108073,,,0,江西,公办,0,0
江苏,2025,物理类,本科批,2507,江西科技师范大学,（03）,首选物理，再选化学,511,123539,,,0,江西,公办,0,0
江苏,2025,物理类,本科批,2508,江西农业大学,,首选物理，再选不限,534,102526,,,0,江西,公办,0,0
江苏,2025,物理类,本科批,2508,江西农业大学,,首选物理，再选化学,527,86192,,,2,江西,公办,0,0
江苏,2025,物理类,本科批,2508,江西农业大学,（08）,首选物理，再选地理,558,82292,,,0,江西,公办,0,0
江苏,2025,物理类,本科批,2510,江西师范大学,,首选物理，再选不限,541,69540,,,19,江西,公办,0,0
江苏,2025,物理类,本科批,2510,江西师范大学,,首选物理，再选化学,545,55261,,,16,江西,公办,0,0
江苏,2025,物理类,本科批,2510,江西师范大学,（14）,首选物理，再选地理,594,36724,,,2,江西,公办,0,0
江苏,2025,物理类,本科批,2511,江西水利电力大学,（02）,首选物理，再选不限,546,94330,,,0,江西,公办,0,0
江苏,2025,物理类,本科批,2511,江西水利电力大学,,首选物理，再选化学,522,87529,,,0,江西,公办,0,0
江苏,2025,物理类,本科批,2511,江西水利电力大学,（05）,首选物理，再选生物,528,122199,,,0,江西,公办,0,0
江苏,2025,物理类,本科批,2512,江西警察学院,（02）,首选物理，再选不限,554,87528,,,4,江西,公办,0,0
江苏,2025,物理类,本科批,2512,江西警察学院,（03）,首选物理，再选化学,531,119385,,,5,江西,公办,0,0
江苏,2025,物理类,本科批,2521,江西理工大学,（02）,首选物理，再选不限,533,94329,,,13,江西,公办,0,0
江苏,2025,物理类,本科批,2521,江西理工大学,,首选物理，再选化学,535,73284,,,64,江西,公办,0,0
江苏,2025,物理类,本科批,2521,江西理工大学,（05）,首选物理，再选地理,555,86192,,,2,江西,公办,0,0
江苏,2025,物理类,本科批,2522,赣南医科大学,（01）,首选物理，再选不限,533,113739,,,6,江西,公办,0,0
江苏,2025,物理类,本科批,2522,赣南医科大学,（02）,首选物理，再选化学,502,92971,,,30,江西,公办,0,0
江苏,2025,物理类,本科批,2522,赣南医科大学,（03）,首选物理，再选生物,551,91583,,,5,江西,公办,0,0
江苏,2025,物理类,本科批,2523,赣南师范大学,,首选物理，再选不限,521,126402,,,16,江西,公办,0,0
江苏,2025,物理类,本科批,2523,赣南师范大学,,首选物理，再选化学,503,99722,,,44,江西,公办,0,0
江苏,2025,物理类,本科批,2527,新余学院,,首选物理，再选化学,502,130715,,,11,江西,公办,0,0
江苏,2025,物理类,本科批,2531,景德镇陶瓷大学,（02）,首选物理，再选不限,527,125021,,,2,江西,公办,0,0
江苏,2025,物理类,本科批,2531,景德镇陶瓷大学,（03）,首选物理，再选化学,528,87528,,,28,江西,公办,0,0
江苏,2025,物理类,本科批,2541,东华理工大学,,首选物理，再选化学,521,59905,,,0,江西,公办,0,0
江苏,2025,物理类,本科批,2542,萍乡学院,（03）,首选物理，再选不限,509,150364,,,2,江西,公办,0,0
江苏,2025,物理类,本科批,2542,萍乡学院,（04）,首选物理，再选化学,503,134945,,,5,江西,公办,0,0
江苏,2025,物理类,本科批,2543,南昌师范学院,（03）,首选物理，再选不限,509,127836,,,10,江西,公办,0,0
江苏,2025,物理类,本科批,2543,南昌师范学院,（04）,首选物理，再选化学,519,133470,,,6,江西,公办,0,0
江苏,2025,物理类,本科批,2547,江西飞行学院,（01）,首选物理，再选化学,539,102526,,,3,江西,公办,0,0
江苏,2025,物理类,本科批,2551,宜春学院,（04）,首选物理，再选不限,512,117992,,,9,江西,公办,0,0
江苏,2025,物理类,本科批,2551,宜春学院,（05）,首选物理，再选化学,503,144772,,,30,江西,公办,0,0
江苏,2025,物理类,本科批,2551,宜春学院,（06）,首选物理，再选化学、生物(2科必选),509,117992,,,16,江西,公办,0,0
江苏,2025,物理类,本科批,2551,宜春学院,（07）,首选物理，再选生物,519,126402,,,9,江西,公办,0,0
江苏,2025,物理类,本科批,2561,九江学院,（02）,首选物理，再选不限,511,144772,,,0,江西,公办,0,0
江苏,2025,物理类,本科批,2561,九江学院,（03）,首选物理，再选化学,504,148936,,,0,江西,公办,0,0
江苏,2025,物理类,本科批,2571,上饶师范学院,（03）,首选物理，再选不限,509,132082,,,6,江西,公办,0,0
江苏,2025,物理类,本科批,2571,上饶师范学院,（04）,首选物理，再选化学,502,155895,,,26,江西,公办,0,0
江苏,2025,物理类,本科批,2571,上饶师范学院,（05）,首选物理，再选生物,508,151737,,,2,江西,公办,0,0
江苏,2025,物理类,本科批,2572,赣东学院,（02）,首选物理，再选不限,510,140608,,,5,江西,公办,0,0
江苏,2025,物理类,本科批,2572,赣东学院,（03）,首选物理，再选化学,503,150364,,,20,江西,公办,0,0
江苏,2025,物理类,本科批,2573,赣南科技学院,（02）,首选物理，再选不限,508,146160,,,0,江西,公办,0,0
江苏,2025,物理类,本科批,2573,赣南科技学院,（03）,首选物理，再选化学,504,143440,,,0,江西,公办,0,0
江苏,2025,物理类,本科批,2574,南昌医学院,,首选物理，再选化学,558,49806,,,0,江西,公办,0,0
江苏,2025,物理类,本科批,2574,南昌医学院,,首选物理，再选生物,555,58764,,,0,江西,公办,0,0
江苏,2025,物理类,本科批,2581,井冈山大学,（02）,首选物理，再选不限,518,122198,,,21,江西,公办,0,0
江苏,2025,物理类,本科批,2581,井冈山大学,（03）,首选物理，再选化学,501,84862,,,52,江西,公办,0,0
江苏,2025,物理类,本科批,2596,景德镇学院,（02）,首选物理，再选不限,511,147536,,,2,江西,公办,0,0
江苏,2025,物理类,本科批,2596,景德镇学院,（03）,首选物理，再选化学,520,134945,,,3,江西,公办,0,0
江苏,2025,物理类,本科批,2601,山东大学,,首选物理，再选化学,635,4675,,,125,山东,公办,1,1
江苏,2025,物理类,本科批,2601,山东大学,（08）,首选物理，再选化学、生物(2科必选),640,5633,,,9,山东,公办,1,1
江苏,2025,物理类,本科批,2601,山东大学,（09）,首选物理，再选生物,612,24769,,,8,山东,公办,1,1
江苏,2025,物理类,本科批,2602,济南大学,（02）,首选物理，再选不限,583,51945,,,0,山东,公办,0,0
江苏,2025,物理类,本科批,2602,济南大学,（03）,首选物理，再选化学,557,62232,,,0,山东,公办,0,0
江苏,2025,物理类,本科批,2605,山东中医药大学,（01）,首选物理，再选化学,544,55261,,,20,山东,公办,0,0
江苏,2025,物理类,本科批,2606,山东财经大学,,首选物理，再选不限,561,41599,,,0,山东,公办,0,0
江苏,2025,物理类,本科批,2606,山东财经大学,（04）,首选物理，再选化学,569,64677,,,0,山东,公办,0,0
江苏,2025,物理类,本科批,2607,山东建筑大学,,首选物理，再选不限,520,73284,,,5,山东,公办,0,0
江苏,2025,物理类,本科批,2607,山东建筑大学,,首选物理，再选化学,514,82292,,,30,山东,公办,0,0
江苏,2025,物理类,本科批,2608,山东工艺美术学院,,首选物理，再选不限,507,130715,,,14,山东,公办,0,0
江苏,2025,物理类,本科批,2608,山东工艺美术学院,（05）,首选物理，再选化学,513,134945,,,13,山东,公办,0,0
江苏,2025,物理类,本科批,2609,山东交通学院,（03）,首选物理，再选不限,526,117992,,,10,山东,公办,0,0
江苏,2025,物理类,本科批,2609,山东交通学院,,首选物理，再选化学,466,113739,,,20,山东,公办,0,0
江苏,2025,物理类,本科批,2610,齐鲁工业大学,（02）,首选物理，再选化学,539,87528,,,0,山东,公办,0,0
江苏,2025,物理类,本科批,2611,山东理工大学,（02）,首选物理，再选化学,551,61029,,,0,山东,公办,0,0
江苏,2025,物理类,本科批,2613,枣庄学院,（01）,首选物理，再选不限,514,142068,,,10,山东,公办,0,0
江苏,2025,物理类,本科批,2613,枣庄学院,（02）,首选物理，再选化学,505,148936,,,20,山东,公办,0,0
江苏,2025,物理类,本科批,2614,山东第二医科大学,（01）,首选物理，再选不限,553,88855,,,2,山东,公办,0,0
江苏,2025,物理类,本科批,2614,山东第二医科大学,（02）,首选物理，再选化学,566,59905,,,25,山东,公办,0,0
江苏,2025,物理类,本科批,2621,中国海洋大学,（05）,首选物理，再选不限,624,13359,,,0,山东,公办,1,1
江苏,2025,物理类,本科批,2621,中国海洋大学,,首选物理，再选化学,620,7121,,,0,山东,公办,1,1
江苏,2025,物理类,本科批,2622,青岛理工大学,,首选物理，再选不限,530,59905,,,0,山东,公办,0,0
江苏,2025,物理类,本科批,2622,青岛理工大学,,首选物理，再选化学,525,54119,,,0,山东,公办,0,0
江苏,2025,物理类,本科批,2623,青岛科技大学,（01）,首选物理，再选化学,558,73284,,,46,山东,公办,0,0
江苏,2025,物理类,本科批,2624,青岛大学,（02）,首选物理，再选不限,584,47686,,,0,山东,公办,0,0
江苏,2025,物理类,本科批,2624,青岛大学,,首选物理，再选化学,561,44618,,,0,山东,公办,0,0
江苏,2025,物理类,本科批,2631,山东农业大学,,首选物理，再选化学,533,87528,,,0,山东,公办,0,0
江苏,2025,物理类,本科批,2633,山东科技大学,,首选物理，再选不限,539,48740,,,11,山东,公办,0,0
江苏,2025,物理类,本科批,2633,山东科技大学,,首选物理，再选化学,556,73284,,,41,山东,公办,0,0
江苏,2025,物理类,本科批,2633,山东科技大学,（05）,首选物理，再选地理,590,44618,,,2,山东,公办,0,0
江苏,2025,物理类,本科批,2635,潍坊学院,（03）,首选物理，再选不限,514,143440,,,2,山东,公办,0,0
江苏,2025,物理类,本科批,2635,潍坊学院,（04）,首选物理，再选化学,508,137742,,,39,山东,公办,0,0
江苏,2025,物理类,本科批,2635,潍坊学院,（05）,首选物理，再选化学、生物(2科必选),503,158579,,,4,山东,公办,0,0
江苏,2025,物理类,本科批,2641,中国石油大学（华东）,（02）,首选物理，再选不限,600,30492,,,0,山东,公办,0,1
江苏,2025,物理类,本科批,2641,中国石油大学（华东）,（03）,首选物理，再选化学,607,17706,,,0,山东,公办,0,1
江苏,2025,物理类,本科批,2642,聊城大学,（03）,首选物理，再选不限,541,105341,,,0,山东,公办,0,0
江苏,2025,物理类,本科批,2642,聊城大学,,首选物理，再选化学,466,110914,,,0,山东,公办,0,0
江苏,2025,物理类,本科批,2642,聊城大学,（06）,首选物理，再选化学、生物(2科必选),494,170582,,,0,山东,公办,0,0
江苏,2025,物理类,本科批,2643,青岛农业大学,,首选物理，再选化学,521,116554,,,25,山东,公办,0,0
江苏,2025,物理类,本科批,2645,临沂大学,,首选物理，再选不限,548,81013,,,0,山东,公办,0,0
江苏,2025,物理类,本科批,2645,临沂大学,,首选物理，再选化学,475,99722,,,0,山东,公办,0,0
江苏,2025,物理类,本科批,2650,山东航空学院,（02）,首选物理，再选不限,542,103949,,,0,山东,公办,0,0
江苏,2025,物理类,本科批,2650,山东航空学院,,首选物理，再选化学,544,91583,,,0,山东,公办,0,0
江苏,2025,物理类,本科批,2651,烟台大学,（03）,首选物理，再选不限,536,110914,,,6,山东,公办,0,0
江苏,2025,物理类,本科批,2651,烟台大学,（05）,首选物理，再选化学,526,84862,,,32,山东,公办,0,0
江苏,2025,物理类,本科批,2652,山东工商学院,,首选物理，再选不限,524,91583,,,0,山东,公办,0,0
江苏,2025,物理类,本科批,2652,山东工商学院,（04）,首选物理，再选化学,530,116554,,,0,山东,公办,0,0
江苏,2025,物理类,本科批,2653,鲁东大学,（02）,首选物理，再选不限,535,108073,,,0,山东,公办,0,0
江苏,2025,物理类,本科批,2653,鲁东大学,,首选物理，再选化学,509,109484,,,0,山东,公办,0,0
江苏,2025,物理类,本科批,2661,山东大学（威海）,（02）,首选物理，再选不限,632,11769,,,15,山东,公办,1,1
江苏,2025,物理类,本科批,2661,山东大学（威海）,（03）,首选物理，再选化学,635,9279,,,43,山东,公办,1,1
江苏,2025,物理类,本科批,2662,哈尔滨工业大学（威海）,,首选物理，再选化学,639,3805,,,0,山东,公办,1,1
江苏,2025,物理类,本科批,2669,菏泽学院,（02）,首选物理，再选不限,525,127836,,,1,山东,公办,0,0
江苏,2025,物理类,本科批,2669,菏泽学院,（03）,首选物理，再选化学,503,157259,,,5,山东,公办,0,0
江苏,2025,物理类,本科批,2671,曲阜师范大学,（02）,首选物理，再选不限,540,98331,,,0,山东,公办,0,0
江苏,2025,物理类,本科批,2671,曲阜师范大学,（03）,首选物理，再选化学,555,65871,,,0,山东,公办,0,0
江苏,2025,物理类,本科批,2671,曲阜师范大学,（04）,首选物理，再选地理,577,58764,,,0,山东,公办,0,0
江苏,2025,物理类,本科批,2681,滨州医学院,,首选物理，再选化学,538,52996,,,0,山东,公办,0,0
江苏,2025,物理类,本科批,2683,德州学院,（02）,首选物理，再选化学,516,140608,,,5,山东,公办,0,0
江苏,2025,物理类,本科批,2691,山东第一医科大学,,首选物理，再选化学,558,29638,,,23,山东,公办,0,0
江苏,2025,物理类,本科批,2695,济宁医学院,（01）,首选物理，再选化学,535,77093,,,0,山东,公办,0,0
江苏,2025,物理类,本科批,2701,山东女子学院,（02）,首选物理，再选不限,516,134945,,,6,山东,公办,0,0
江苏,2025,物理类,本科批,2702,济宁学院,（02）,首选物理，再选化学,528,123539,,,0,山东,公办,0,0
江苏,2025,物理类,本科批,2706,泰山学院,,首选物理，再选化学,507,117992,,,23,山东,公办,0,0
江苏,2025,物理类,本科批,2710,齐鲁师范学院,,首选物理，再选化学,465,158579,,,20,山东,公办,0,0
江苏,2025,物理类,本科批,2711,山东师范大学,,首选物理，再选不限,537,63454,,,0,山东,公办,0,0
江苏,2025,物理类,本科批,2711,山东师范大学,（07）,首选物理，再选化学,550,82292,,,0,山东,公办,0,0
江苏,2025,物理类,本科批,2711,山东师范大学,（08）,首选物理，再选地理,584,50891,,,0,山东,公办,0,0
江苏,2025,物理类,本科批,2713,山东青年政治学院,（01）,首选物理，再选不限,531,119385,,,5,山东,公办,0,0
江苏,2025,物理类,本科批,2713,山东青年政治学院,（02）,首选物理，再选化学,530,120767,,,5,山东,公办,0,0
江苏,2025,物理类,本科批,2721,康复大学,,首选物理，再选化学,568,48741,,,0,山东,公办,0,0
江苏,2025,物理类,本科批,2755,山东石油化工学院,,首选物理，再选化学,519,106680,,,26,山东,公办,0,0
江苏,2025,物理类,本科批,306,中国民用航空飞行学院,（04）,首选物理，再选不限,553,69540,,,7,四川,公办,0,0
江苏,2025,物理类,本科批,306,中国民用航空飞行学院,（05）,首选物理，再选化学,561,45633,,,38,四川,公办,0,0
江苏,2025,物理类,本科批,306,中国民用航空飞行学院,（06）,首选物理，再选思想政治,548,95642,,,1,四川,公办,0,0
江苏,2025,物理类,本科批,3101,北京大学,（05）,首选物理，再选化学,686,126,,,24,北京,公办,1,1
江苏,2025,物理类,本科批,3102,中国人民大学,（05）,首选物理，再选化学,661,728,,,19,北京,公办,1,1
江苏,2025,物理类,本科批,3102,中国人民大学（苏州校区）,（03）,首选物理，再选不限,643,6732,,,12,江苏,公办,1,1
江苏,2025,物理类,本科批,3102,中国人民大学（苏州校区）,,首选物理，再选化学,649,2414,,,8,江苏,公办,1,1
江苏,2025,物理类,本科批,3103,清华大学,（04）,首选物理，再选化学,684,126,,,44,北京,公办,1,1
江苏,2025,物理类,本科批,3104,北京师范大学,（04）,首选物理，再选不限,642,6732,,,4,北京,公办,1,1
江苏,2025,物理类,本科批,3104,北京师范大学,（05）,首选物理，再选化学,644,5310,,,16,北京,公办,1,1
江苏,2025,物理类,本科批,3105,北京交通大学,,首选物理，再选化学,630,5985,,,29,北京,公办,0,1
江苏,2025,物理类,本科批,3105,北京交通大学（威海校区）,（02）,首选物理，再选不限,604,31362,,,4,山东,中外合作办学,0,1
江苏,2025,物理类,本科批,3105,北京交通大学（威海校区）,（03）,首选物理，再选化学,610,20349,,,11,山东,中外合作办学,0,1
江苏,2025,物理类,本科批,3106,北京航空航天大学,,首选物理，再选化学,646,937,,,93,北京,公办,1,1
江苏,2025,物理类,本科批,3107,北京理工大学,（05）,首选物理，再选不限,631,12320,,,4,北京,公办,1,1
江苏,2025,物理类,本科批,3107,北京理工大学,,首选物理，再选化学,640,1039,,,68,北京,公办,1,1
江苏,2025,物理类,本科批,3108,北京科技大学,（02）,首选物理，再选不限,634,10750,,,5,北京,公办,0,1
江苏,2025,物理类,本科批,3108,北京科技大学,,首选物理，再选化学,634,7121,,,84,北京,公办,0,1
江苏,2025,物理类,本科批,3109,北京化工大学,,首选物理，再选化学,614,14487,,,0,北京,公办,0,1
江苏,2025,物理类,本科批,3110,中国农业大学,（03）,首选物理，再选不限,620,19004,,,3,北京,公办,1,1
江苏,2025,物理类,本科批,3110,中国农业大学,,首选物理，再选化学,638,4675,,,74,北京,公办,1,1
江苏,2025,物理类,本科批,3111,中国地质大学（北京）,（02）,首选物理，再选不限,602,30492,,,0,北京,公办,0,1
江苏,2025,物理类,本科批,3111,中国地质大学（北京）,（03）,首选物理，再选化学,599,13359,,,0,北京,公办,0,1
江苏,2025,物理类,本科批,3112,中国政法大学,（04）,首选物理，再选不限,631,2618,,,35,北京,公办,0,1
江苏,2025,物理类,本科批,3113,北京邮电大学,,首选物理，再选化学,626,2847,,,58,北京,公办,0,1
江苏,2025,物理类,本科批,3114,北京林业大学,,首选物理，再选不限,599,28841,,,0,北京,公办,0,1
江苏,2025,物理类,本科批,3114,北京林业大学,,首选物理，再选化学,598,21043,,,0,北京,公办,0,1
江苏,2025,物理类,本科批,3114,北京林业大学,（12）,首选物理，再选地理,609,25515,,,0,北京,公办,0,1
江苏,2025,物理类,本科批,3114,北京林业大学,（11）,首选物理，再选生物,600,34888,,,0,北京,公办,0,1
江苏,2025,物理类,本科批,3115,北京大学医学部,（02）,首选物理，再选不限,667,1039,,,0,北京,公办,1,1
江苏,2025,物理类,本科批,3115,北京大学医学部,,首选物理，再选化学,671,144,,,0,北京,公办,1,1
江苏,2025,物理类,本科批,3116,北京外国语大学,（06）,首选物理，再选不限,622,5310,,,0,北京,公办,0,1
江苏,2025,物理类,本科批,3116,北京外国语大学,（07）,首选物理，再选思想政治,584,50891,,,0,北京,公办,0,1
江苏,2025,物理类,本科批,3117,北京语言大学,,首选物理，再选不限,530,36724,,,25,北京,公办,0,0
江苏,2025,物理类,本科批,3117,北京语言大学,（08）,首选物理，再选化学,592,42525,,,12,北京,公办,0,0
江苏,2025,物理类,本科批,3117,北京语言大学,（09）,首选物理，再选思想政治,591,43570,,,1,北京,公办,0,0
江苏,2025,物理类,本科批,3118,中国石油大学（北京）,（02）,首选物理，再选不限,609,27150,,,0,北京,公办,0,1
江苏,2025,物理类,本科批,3118,中国石油大学（北京）,（03）,首选物理，再选化学,607,14487,,,0,北京,公办,0,1
江苏,2025,物理类,本科批,3119,对外经济贸易大学,（04）,首选物理，再选不限,632,7928,,,29,北京,公办,0,1
江苏,2025,物理类,本科批,3119,对外经济贸易大学,,首选物理，再选化学,615,8362,,,15,北京,公办,0,1
江苏,2025,物理类,本科批,3120,中央财经大学,,首选物理，再选不限,622,5985,,,4,北京,公办,0,1
江苏,2025,物理类,本科批,3121,北京中医药大学,（02）,首选物理，再选不限,599,31362,,,0,北京,公办,0,1
江苏,2025,物理类,本科批,3121,北京中医药大学,（03）,首选物理，再选化学,608,6732,,,0,北京,公办,0,1
江苏,2025,物理类,本科批,3122,中国矿业大学（北京）,（02）,首选物理，再选不限,597,36724,,,0,北京,公办,0,1
江苏,2025,物理类,本科批,3122,中国矿业大学（北京）,（03）,首选物理，再选化学,605,17028,,,0,北京,公办,0,1
江苏,2025,物理类,本科批,3123,中国传媒大学,,首选物理，再选不限,613,17706,,,0,北京,公办,0,1
江苏,2025,物理类,本科批,3123,中国传媒大学,,首选物理，再选化学,593,11248,,,0,北京,公办,0,1
江苏,2025,物理类,本科批,3124,中央美术学院,,首选物理，再选不限,551,41599,,,0,北京,公办,0,0
江苏,2025,物理类,本科批,3124,中央美术学院,（05）,首选物理，再选化学,619,19674,,,0,北京,公办,0,0
江苏,2025,物理类,本科批,3127,北京体育大学,,首选物理，再选不限,540,14487,,,0,北京,公办,0,1
江苏,2025,物理类,本科批,3127,北京体育大学,,首选物理，再选化学,599,27150,,,0,北京,公办,0,1
江苏,2025,物理类,本科批,3128,华北电力大学（北京）,（02）,首选物理，再选不限,608,21735,,,0,北京,公办,0,1
江苏,2025,物理类,本科批,3128,华北电力大学（北京）,（03）,首选物理，再选化学,625,9279,,,0,北京,公办,0,1
江苏,2025,物理类,本科批,3129,中央民族大学,（02）,首选物理，再选不限,621,15713,,,0,北京,公办,1,1
江苏,2025,物理类,本科批,3129,中央民族大学,,首选物理，再选化学,601,12829,,,0,北京,公办,1,1
江苏,2025,物理类,本科批,3130,北京协和医学院,（01）,首选物理，再选化学,598,36724,,,10,北京,公办,0,0
江苏,2025,物理类,本科批,3132,北京第二外国语学院,（02）,首选物理，再选不限,573,39620,,,6,北京,公办,0,0
江苏,2025,物理类,本科批,3133,首都师范大学,（02）,首选物理，再选化学,607,15713,,,12,北京,公办,0,0
江苏,2025,物理类,本科批,3134,北京工业大学,（01）,首选物理，再选化学,633,10750,,,0,北京,公办,0,1
江苏,2025,物理类,本科批,3135,首都医科大学,,首选物理，再选化学,587,3081,,,0,北京,公办,0,0
江苏,2025,物理类,本科批,3136,北京物资学院,,首选物理，再选不限,530,74582,,,0,北京,公办,0,0
江苏,2025,物理类,本科批,3136,北京物资学院,（04）,首选物理，再选化学,560,77093,,,0,北京,公办,0,0
江苏,2025,物理类,本科批,3137,北京信息科技大学,（01）,首选物理，再选不限,592,42525,,,4,北京,公办,0,0
江苏,2025,物理类,本科批,3137,北京信息科技大学,（02）,首选物理，再选化学,597,32190,,,16,北京,公办,0,0
江苏,2025,物理类,本科批,3138,北京服装学院,（01）,首选物理，再选化学,545,94329,,,2,北京,公办,0,0
江苏,2025,物理类,本科批,3139,北京印刷学院,（02）,首选物理，再选化学,550,78396,,,2,北京,公办,0,0
江苏,2025,物理类,本科批,3141,北京石油化工学院,（02）,首选物理，再选化学,540,92971,,,0,北京,公办,0,0
江苏,2025,物理类,本科批,3142,北京工商大学,（02）,首选物理，再选不限,570,59905,,,21,北京,公办,0,0
江苏,2025,物理类,本科批,3142,北京工商大学,（03）,首选物理，再选化学,564,63454,,,31,北京,公办,0,0
江苏,2025,物理类,本科批,3144,北京联合大学,（02）,首选物理，再选化学,586,48740,,,0,北京,公办,0,0
江苏,2025,物理类,本科批,3144,北京联合大学,（03）,首选物理，再选地理,574,62232,,,0,北京,公办,0,0
江苏,2025,物理类,本科批,3145,北京建筑大学,（01）,首选物理，再选不限,585,49806,,,0,北京,公办,0,0
江苏,2025,物理类,本科批,3145,北京建筑大学,（02）,首选物理，再选化学,545,45633,,,0,北京,公办,0,0
江苏,2025,物理类,本科批,3148,北京电影学院,,首选物理，再选不限,586,15099,,,8,北京,公办,0,0
江苏,2025,物理类,本科批,3148,北京电影学院,（11）,首选物理，再选化学,616,21735,,,3,北京,公办,0,0
江苏,2025,物理类,本科批,3153,华北科技学院,（02）,首选物理，再选不限,517,137742,,,13,河北,公办,0,0
江苏,2025,物理类,本科批,3153,华北科技学院,,首选物理，再选化学,512,110914,,,66,河北,公办,0,0
江苏,2025,物理类,本科批,3154,首都经济贸易大学,（02）,首选物理，再选不限,582,52996,,,0,北京,公办,0,0
江苏,2025,物理类,本科批,3154,首都经济贸易大学,,首选物理，再选化学,580,44618,,,0,北京,公办,0,0
江苏,2025,物理类,本科批,3156,中国科学院大学,（02）,首选物理，再选化学,669,443,,,7,北京,公办,0,0
江苏,2025,物理类,本科批,3169,中国劳动关系学院,（02）,首选物理，再选不限,536,81013,,,0,北京,公办,0,0
江苏,2025,物理类,本科批,3169,中国劳动关系学院,（03）,首选物理，再选化学,536,109484,,,0,北京,公办,0,0
江苏,2025,物理类,本科批,3176,民政职业大学,（03）,首选物理，再选不限,531,105341,,,13,北京,公办,0,0
江苏,2025,物理类,本科批,3201,南开大学,（03）,首选物理，再选化学,651,3081,,,55,天津,公办,1,1
江苏,2025,物理类,本科批,3202,天津大学,,首选物理，再选化学,637,3556,,,128,天津,公办,1,1
江苏,2025,物理类,本科批,3203,天津医科大学,（01）,首选物理，再选化学,606,19004,,,6,天津,公办,0,1
江苏,2025,物理类,本科批,3203,天津医科大学,,首选物理，再选化学、生物(2科必选),599,4363,,,16,天津,公办,0,1
江苏,2025,物理类,本科批,3204,天津师范大学,（06）,首选物理，再选不限,545,72122,,,0,天津,公办,0,0
江苏,2025,物理类,本科批,3204,天津师范大学,,首选物理，再选化学,545,69540,,,0,天津,公办,0,0
江苏,2025,物理类,本科批,3204,天津师范大学,（09）,首选物理，再选地理,565,70814,,,0,天津,公办,0,0
江苏,2025,物理类,本科批,3205,中国民航大学,（03）,首选物理，再选不限,589,43570,,,0,天津,公办,0,0
江苏,2025,物理类,本科批,3205,中国民航大学,（04）,首选物理，再选化学,593,26330,,,0,天津,公办,0,0
江苏,2025,物理类,本科批,3206,天津工业大学,（03）,首选物理，再选不限,589,42525,,,4,天津,公办,0,0
江苏,2025,物理类,本科批,3206,天津工业大学,,首选物理，再选化学,583,32190,,,73,天津,公办,0,0
江苏,2025,物理类,本科批,3207,天津商业大学,,首选物理，再选不限,547,78396,,,19,天津,公办,0,0
江苏,2025,物理类,本科批,3207,天津商业大学,（04）,首选物理，再选化学,545,88855,,,15,天津,公办,0,0
江苏,2025,物理类,本科批,3208,天津科技大学,（02）,首选物理，再选不限,555,70814,,,8,天津,公办,0,0
江苏,2025,物理类,本科批,3208,天津科技大学,,首选物理，再选化学,545,54119,,,70,天津,公办,0,0
江苏,2025,物理类,本科批,3209,天津财经大学,,首选物理，再选不限,560,45633,,,25,天津,公办,0,0
江苏,2025,物理类,本科批,3209,天津财经大学,（04）,首选物理，再选化学,568,68338,,,8,天津,公办,0,0
江苏,2025,物理类,本科批,3210,天津城建大学,（03）,首选物理，再选不限,535,103949,,,4,天津,公办,0,0
江苏,2025,物理类,本科批,3210,天津城建大学,,首选物理，再选化学,498,109484,,,35,天津,公办,0,0
江苏,2025,物理类,本科批,3210,天津城建大学,（06）,首选物理，再选地理,555,86192,,,2,天津,公办,0,0
江苏,2025,物理类,本科批,3211,天津外国语大学,,首选物理，再选不限,540,78396,,,21,天津,公办,0,0
江苏,2025,物理类,本科批,3211,天津外国语大学,（10）,首选物理，再选化学,575,61029,,,1,天津,公办,0,0
江苏,2025,物理类,本科批,3211,天津外国语大学,（11）,首选物理，再选思想政治,550,90193,,,2,天津,公办,0,0
江苏,2025,物理类,本科批,3212,天津中医药大学,,首选物理，再选化学,548,19674,,,49,天津,公办,0,0
江苏,2025,物理类,本科批,3213,天津农学院,,首选物理，再选不限,519,129305,,,6,天津,公办,0,0
江苏,2025,物理类,本科批,3213,天津农学院,,首选物理，再选化学,506,117992,,,65,天津,公办,0,0
江苏,2025,物理类,本科批,3213,天津农学院,（06）,首选物理，再选生物,517,139203,,,3,天津,公办,0,0
江苏,2025,物理类,本科批,3214,天津理工大学,（01）,首选物理，再选不限,543,87528,,,19,天津,公办,0,0
江苏,2025,物理类,本科批,3214,天津理工大学,,首选物理，再选化学,544,56445,,,57,天津,公办,0,0
江苏,2025,物理类,本科批,3217,天津体育学院,（02）,首选物理，再选不限,514,140608,,,7,天津,公办,0,0
江苏,2025,物理类,本科批,3218,天津职业技术师范大学,（02）,首选物理，再选不限,553,88855,,,0,天津,公办,0,0
江苏,2025,物理类,本科批,3218,天津职业技术师范大学,（03）,首选物理，再选化学,549,68338,,,0,天津,公办,0,0
江苏,2025,物理类,本科批,3301,石家庄铁道大学,,首选物理，再选不限,542,65871,,,0,河北,公办,0,0
江苏,2025,物理类,本科批,3301,石家庄铁道大学,,首选物理，再选化学,566,45633,,,0,河北,公办,0,0
江苏,2025,物理类,本科批,3302,河北科技师范学院,（02）,首选物理，再选不限,505,153112,,,0,河北,公办,0,0
江苏,2025,物理类,本科批,3302,河北科技师范学院,（03）,首选物理，再选化学,504,155895,,,0,河北,公办,0,0
江苏,2025,物理类,本科批,3303,河北建筑工程学院,（01）,首选物理，再选不限,520,134945,,,0,河北,公办,0,0
江苏,2025,物理类,本科批,3303,河北建筑工程学院,（02）,首选物理，再选化学,503,151737,,,0,河北,公办,0,0
江苏,2025,物理类,本科批,3304,河北科技大学,（01）,首选物理，再选不限,526,126402,,,4,河北,公办,0,0
江苏,2025,物理类,本科批,3304,河北科技大学,,首选物理，再选化学,493,78396,,,34,河北,公办,0,0
江苏,2025,物理类,本科批,3305,河北地质大学,（02）,首选物理，再选不限,527,115115,,,20,河北,公办,0,0
江苏,2025,物理类,本科批,3305,河北地质大学,（03）,首选物理，再选化学,525,113739,,,23,河北,公办,0,0
江苏,2025,物理类,本科批,3307,河北工业大学,（02）,首选物理，再选不限,592,40639,,,0,天津,公办,0,1
江苏,2025,物理类,本科批,3307,河北工业大学,,首选物理，再选化学,597,13359,,,0,天津,公办,0,1
江苏,2025,物理类,本科批,3310,河北经贸大学,,首选物理，再选不限,501,92971,,,33,河北,公办,0,0
江苏,2025,物理类,本科批,3310,河北经贸大学,（08）,首选物理，再选化学,543,90193,,,16,河北,公办,0,0
江苏,2025,物理类,本科批,3311,华北电力大学（保定）,（02）,首选物理，再选不限,601,24769,,,0,河北,公办,0,1
江苏,2025,物理类,本科批,3311,华北电力大学（保定）,（03）,首选物理，再选化学,628,8362,,,0,河北,公办,0,1
江苏,2025,物理类,本科批,3312,河北大学,（02）,首选物理，再选不限,544,95642,,,14,河北,公办,0,0
江苏,2025,物理类,本科批,3312,河北大学,（03）,首选物理，再选化学,538,72122,,,33,河北,公办,0,0
江苏,2025,物理类,本科批,3313,河北医科大学,（01）,首选物理，再选化学,558,74582,,,0,河北,公办,0,0
江苏,2025,物理类,本科批,3313,河北医科大学,（02）,首选物理，再选化学、生物(2科必选),584,44618,,,0,河北,公办,0,0
江苏,2025,物理类,本科批,3313,河北医科大学,（03）,首选物理，再选生物,561,78396,,,0,河北,公办,0,0
江苏,2025,物理类,本科批,3314,河北师范大学,（03）,首选物理，再选不限,535,113739,,,2,河北,公办,0,0
江苏,2025,物理类,本科批,3314,河北师范大学,（04）,首选物理，再选化学,555,82292,,,15,河北,公办,0,0
江苏,2025,物理类,本科批,3314,河北师范大学,（05）,首选物理，再选化学、生物(2科必选),517,139203,,,8,河北,公办,0,0
江苏,2025,物理类,本科批,3315,河北金融学院,,首选物理，再选不限,519,112293,,,13,河北,公办,0,0
江苏,2025,物理类,本科批,3315,河北金融学院,（05）,首选物理，再选化学,511,143440,,,9,河北,公办,0,0
江苏,2025,物理类,本科批,3318,防灾科技学院,（02）,首选物理，再选不限,526,112293,,,0,河北,公办,0,0
江苏,2025,物理类,本科批,3318,防灾科技学院,（03）,首选物理，再选化学,519,119385,,,0,河北,公办,0,0
江苏,2025,物理类,本科批,3320,河北环境工程学院,（02）,首选物理，再选不限,508,151737,,,3,河北,公办,0,0
江苏,2025,物理类,本科批,3320,河北环境工程学院,（03）,首选物理，再选化学,502,158579,,,12,河北,公办,0,0
江苏,2025,物理类,本科批,3321,燕山大学,（02）,首选物理，再选不限,563,70814,,,0,河北,公办,0,0
江苏,2025,物理类,本科批,3321,燕山大学,,首选物理，再选化学,566,33985,,,44,河北,公办,0,0
江苏,2025,物理类,本科批,3322,东北大学秦皇岛分校,（02）,首选物理，再选不限,618,15713,,,11,河北,公办,1,1
江苏,2025,物理类,本科批,3322,东北大学秦皇岛分校,,首选物理，再选化学,622,9765,,,72,河北,公办,1,1
江苏,2025,物理类,本科批,3326,河北水利电力学院,（01）,首选物理，再选化学,505,153112,,,5,河北,公办,0,0
江苏,2025,物理类,本科批,3332,华北理工大学,,首选物理，再选不限,535,87528,,,9,河北,公办,0,0
江苏,2025,物理类,本科批,3332,华北理工大学,,首选物理，再选化学,529,79711,,,92,河北,公办,0,0
江苏,2025,物理类,本科批,3332,华北理工大学,（10）,首选物理，再选化学、生物(2科必选),579,51945,,,7,河北,公办,0,0
江苏,2025,物理类,本科批,3332,华北理工大学,（11）,首选物理，再选生物,568,68338,,,6,河北,公办,0,0
江苏,2025,物理类,本科批,3333,衡水学院,（03）,首选物理，再选不限,507,150364,,,12,河北,公办,0,0
江苏,2025,物理类,本科批,3333,衡水学院,,首选物理，再选化学,476,157259,,,18,河北,公办,0,0
江苏,2025,物理类,本科批,3341,北华航天工业学院,（02）,首选物理，再选不限,523,125021,,,9,河北,公办,0,0
江苏,2025,物理类,本科批,3341,北华航天工业学院,（03）,首选物理，再选化学,525,84862,,,32,河北,公办,0,0
江苏,2025,物理类,本科批,3344,邯郸学院,（02）,首选物理，再选化学,503,157259,,,20,河北,公办,0,0
江苏,2025,物理类,本科批,3348,河北中医药大学,（01）,首选物理，再选不限,577,57591,,,0,河北,公办,0,0
江苏,2025,物理类,本科批,3348,河北中医药大学,,首选物理，再选化学,553,62232,,,0,河北,公办,0,0
江苏,2025,物理类,本科批,3348,河北中医药大学,（04）,首选物理，再选生物,563,75837,,,0,河北,公办,0,0
江苏,2025,物理类,本科批,3349,河北北方学院,,首选物理，再选化学,561,64677,,,10,河北,公办,0,0
江苏,2025,物理类,本科批,3351,河北工程大学,,首选物理，再选不限,503,77093,,,0,河北,公办,0,0
江苏,2025,物理类,本科批,3351,河北工程大学,,首选物理，再选化学,508,72122,,,0,河北,公办,0,0
江苏,2025,物理类,本科批,3353,承德医学院,（01）,首选物理，再选化学,578,57591,,,2,河北,公办,0,0
江苏,2025,物理类,本科批,3362,邢台学院,（02）,首选物理，再选不限,504,157259,,,2,河北,公办,0,0
江苏,2025,物理类,本科批,3362,邢台学院,（03）,首选物理，再选化学,506,151737,,,15,河北,公办,0,0
江苏,2025,物理类,本科批,3365,沧州师范学院,（02）,首选物理，再选化学,509,147536,,,9,河北,公办,0,0
江苏,2025,物理类,本科批,3378,河北石油职业技术大学,（01）,首选物理，再选不限,519,126402,,,10,河北,公办,0,0
江苏,2025,物理类,本科批,3379,河北科技工程职业技术大学,（03）,首选物理，再选不限,526,123539,,,0,河北,公办,0,0
江苏,2025,物理类,本科批,3380,河北工业职业技术大学,（01）,首选物理，再选不限,522,130715,,,4,河北,公办,0,0
江苏,2025,物理类,本科批,3380,河北工业职业技术大学,,首选物理，再选化学,501,159919,,,6,河北,公办,0,0
江苏,2025,物理类,本科批,3401,山西大学,（02）,首选物理，再选化学,594,33069,,,18,山西,公办,0,0
江苏,2025,物理类,本科批,3402,中北大学,（02）,首选物理，再选不限,548,77093,,,5,山西,公办,0,0
江苏,2025,物理类,本科批,3402,中北大学,,首选物理，再选化学,571,30492,,,54,山西,公办,0,0
江苏,2025,物理类,本科批,3403,山西财经大学,,首选物理，再选不限,535,72122,,,30,山西,公办,0,0
江苏,2025,物理类,本科批,3403,山西财经大学,（06）,首选物理，再选化学,555,84862,,,6,山西,公办,0,0
江苏,2025,物理类,本科批,3404,太原科技大学,（02）,首选物理，再选不限,550,91583,,,0,山西,公办,0,0
江苏,2025,物理类,本科批,3404,太原科技大学,（03）,首选物理，再选化学,547,77093,,,0,山西,公办,0,0
江苏,2025,物理类,本科批,3405,太原理工大学,（01）,首选物理，再选化学,594,26330,,,87,山西,公办,0,1
江苏,2025,物理类,本科批,3406,太原工业学院,,首选物理，再选化学,501,139203,,,48,山西,公办,0,0
江苏,2025,物理类,本科批,3407,山西医科大学,,首选物理，再选化学、生物(2科必选),577,47686,,,8,山西,公办,0,0
江苏,2025,物理类,本科批,3407,山西医科大学,（03）,首选物理，再选生物,564,74582,,,2,山西,公办,0,0
江苏,2025,物理类,本科批,3408,山西中医药大学,,首选物理，再选不限,572,45633,,,8,山西,公办,0,0
江苏,2025,物理类,本科批,3408,山西中医药大学,（05）,首选物理，再选化学,536,101161,,,6,山西,公办,0,0
江苏,2025,物理类,本科批,3408,山西中医药大学,,首选物理，再选生物,563,58764,,,4,山西,公办,0,0
江苏,2025,物理类,本科批,3409,太原学院,（02）,首选物理，再选不限,425,232047,,,0,山西,公办,0,0
江苏,2025,物理类,本科批,3410,山西农业大学,（03）,首选物理，再选不限,529,122198,,,0,山西,公办,0,0
江苏,2025,物理类,本科批,3410,山西农业大学,（04）,首选物理，再选化学,517,92971,,,0,山西,公办,0,0
江苏,2025,物理类,本科批,3410,山西农业大学,,首选物理，再选化学、生物(2科必选),507,108073,,,0,山西,公办,0,0
江苏,2025,物理类,本科批,3412,山西传媒学院,（02）,首选物理，再选不限,505,154519,,,11,山西,公办,0,0
江苏,2025,物理类,本科批,3412,山西传媒学院,（03）,首选物理，再选化学,503,155895,,,4,山西,公办,0,0
江苏,2025,物理类,本科批,3413,忻州师范学院,（01）,首选物理，再选不限,505,146160,,,19,山西,公办,0,0
江苏,2025,物理类,本科批,3413,忻州师范学院,（02）,首选物理，再选化学,499,158579,,,35,山西,公办,0,0
江苏,2025,物理类,本科批,3413,忻州师范学院,（03）,首选物理，再选化学、生物(2科必选),496,163926,,,8,山西,公办,0,0
江苏,2025,物理类,本科批,3413,忻州师范学院,（04）,首选物理，再选地理,507,153112,,,2,山西,公办,0,0
江苏,2025,物理类,本科批,3415,山西师范大学,（03）,首选物理，再选不限,534,73284,,,5,山西,公办,0,0
江苏,2025,物理类,本科批,3415,山西师范大学,（04）,首选物理，再选化学,515,122198,,,15,山西,公办,0,0
江苏,2025,物理类,本科批,3415,山西师范大学,（05）,首选物理，再选地理,546,91583,,,6,山西,公办,0,0
江苏,2025,物理类,本科批,3416,太原师范学院,（03）,首选物理，再选不限,505,151737,,,0,山西,公办,0,0
江苏,2025,物理类,本科批,3416,太原师范学院,（04）,首选物理，再选化学,499,148936,,,0,山西,公办,0,0
江苏,2025,物理类,本科批,3416,太原师范学院,（05）,首选物理，再选地理,519,134945,,,0,山西,公办,0,0
江苏,2025,物理类,本科批,3417,山西大同大学,（03）,首选物理，再选化学、生物(2科必选),568,69540,,,10,山西,公办,0,0
江苏,2025,物理类,本科批,3418,运城学院,（03）,首选物理，再选化学,499,158579,,,0,山西,公办,0,0
江苏,2025,物理类,本科批,3429,山西工程科技职业大学,（02）,首选物理，再选不限,508,150364,,,7,山西,公办,0,0
江苏,2025,物理类,本科批,3431,吕梁学院,（05）,首选物理，再选不限,508,151737,,,3,山西,公办,0,0
江苏,2025,物理类,本科批,3431,吕梁学院,,首选物理，再选化学,502,153112,,,13,山西,公办,0,0
江苏,2025,物理类,本科批,3431,吕梁学院,（09）,首选物理，再选地理,507,153112,,,2,山西,公办,0,0
江苏,2025,物理类,本科批,3431,吕梁学院,（08）,首选物理，再选生物,506,154519,,,3,山西,公办,0,0
江苏,2025,物理类,本科批,3432,晋中学院,（02）,首选物理，再选不限,507,153112,,,0,山西,公办,0,0
江苏,2025,物理类,本科批,3432,晋中学院,（03）,首选物理，再选化学,499,158579,,,0,山西,公办,0,0
江苏,2025,物理类,本科批,3433,山西工程技术学院,（02）,首选物理，再选不限,506,151737,,,0,山西,公办,0,0
江苏,2025,物理类,本科批,3433,山西工程技术学院,（03）,首选物理，再选化学,502,139203,,,0,山西,公办,0,0
江苏,2025,物理类,本科批,3433,山西工程技术学院,（04）,首选物理，再选地理,523,130715,,,0,山西,公办,0,0
江苏,2025,物理类,本科批,3434,山西科技学院,（02）,首选物理，再选不限,520,133470,,,5,山西,公办,0,0
江苏,2025,物理类,本科批,3434,山西科技学院,（03）,首选物理，再选化学,531,119385,,,2,山西,公办,0,0
江苏,2025,物理类,本科批,3439,山西工学院,（01）,首选物理，再选化学,521,129305,,,2,山西,公办,0,0
江苏,2025,物理类,本科批,3501,内蒙古大学,（01）,首选物理，再选不限,594,40639,,,1,内蒙古,公办,0,1
江苏,2025,物理类,本科批,3501,内蒙古大学,（02）,首选物理，再选化学,586,33069,,,9,内蒙古,公办,0,1
江苏,2025,物理类,本科批,3503,内蒙古农业大学,（01）,首选物理，再选化学,521,122198,,,0,内蒙古,公办,0,0
江苏,2025,物理类,本科批,3503,内蒙古农业大学,（02）,首选物理，再选生物,514,143440,,,0,内蒙古,公办,0,0
江苏,2025,物理类,本科批,3504,内蒙古工业大学,,首选物理，再选不限,510,144772,,,0,内蒙古,公办,0,0
江苏,2025,物理类,本科批,3506,内蒙古民族大学,（02）,首选物理，再选不限,510,148936,,,2,内蒙古,公办,0,0
江苏,2025,物理类,本科批,3506,内蒙古民族大学,（03）,首选物理，再选化学,502,159919,,,2,内蒙古,公办,0,0
江苏,2025,物理类,本科批,3506,内蒙古民族大学,（04）,首选物理，再选化学、生物(2科必选),501,161261,,,2,内蒙古,公办,0,0
江苏,2025,物理类,本科批,3506,内蒙古民族大学,（05）,首选物理，再选生物,508,151737,,,2,内蒙古,公办,0,0
江苏,2025,物理类,本科批,3507,内蒙古财经大学,（01）,首选物理，再选不限,526,126402,,,0,内蒙古,公办,0,0
江苏,2025,物理类,本科批,3507,内蒙古财经大学,（02）,首选物理，再选化学,525,127836,,,0,内蒙古,公办,0,0
江苏,2025,物理类,本科批,3511,内蒙古科技大学,（03）,首选物理，再选不限,504,153112,,,0,内蒙古,公办,0,0
江苏,2025,物理类,本科批,3511,内蒙古科技大学,（04）,首选物理，再选化学,507,113739,,,0,内蒙古,公办,0,0
江苏,2025,物理类,本科批,3511,内蒙古科技大学,（05）,首选物理，再选化学、生物(2科必选),498,165225,,,0,内蒙古,公办,0,0
江苏,2025,物理类,本科批,3515,赤峰学院,（01）,首选物理，再选化学,496,167921,,,3,内蒙古,公办,0,0
江苏,2025,物理类,本科批,3515,赤峰学院,（02）,首选物理，再选化学、生物(2科必选),500,162612,,,3,内蒙古,公办,0,0
江苏,2025,物理类,本科批,3516,内蒙古医科大学,,首选物理，再选化学、生物(2科必选),524,63454,,,5,内蒙古,公办,0,0
江苏,2025,物理类,本科批,4101,东北大学,（02）,首选物理，再选不限,624,15713,,,7,辽宁,公办,1,1
江苏,2025,物理类,本科批,4101,东北大学,（03）,首选物理，再选化学,634,5633,,,87,辽宁,公办,1,1
江苏,2025,物理类,本科批,4102,辽宁大学,,首选物理，再选不限,570,37720,,,9,辽宁,公办,0,1
江苏,2025,物理类,本科批,4102,辽宁大学,（09）,首选物理，再选化学,601,27150,,,11,辽宁,公办,0,1
江苏,2025,物理类,本科批,4103,中国医科大学,,首选物理，再选化学,551,9765,,,31,辽宁,公办,0,0
江苏,2025,物理类,本科批,4104,沈阳药科大学,,首选物理，再选化学,565,27150,,,20,辽宁,公办,0,0
江苏,2025,物理类,本科批,4105,沈阳农业大学,,首选物理，再选化学,528,75837,,,2,辽宁,公办,0,0
江苏,2025,物理类,本科批,4107,沈阳化工大学,（01）,首选物理，再选不限,506,127836,,,0,辽宁,公办,0,0
江苏,2025,物理类,本科批,4107,沈阳化工大学,（02）,首选物理，再选化学,524,102526,,,0,辽宁,公办,0,0
江苏,2025,物理类,本科批,4108,沈阳工业大学,（02）,首选物理，再选不限,537,95642,,,13,辽宁,公办,0,0
江苏,2025,物理类,本科批,4108,沈阳工业大学,,首选物理，再选化学,535,48740,,,64,辽宁,公办,0,0
江苏,2025,物理类,本科批,4109,沈阳理工大学,（02）,首选物理，再选不限,547,86192,,,2,辽宁,公办,0,0
江苏,2025,物理类,本科批,4109,沈阳理工大学,,首选物理，再选化学,523,55261,,,46,辽宁,公办,0,0
江苏,2025,物理类,本科批,4110,沈阳航空航天大学,,首选物理，再选化学,572,37720,,,0,辽宁,公办,0,0
江苏,2025,物理类,本科批,4111,沈阳建筑大学,,首选物理，再选不限,522,83617,,,7,辽宁,公办,0,0
江苏,2025,物理类,本科批,4111,沈阳建筑大学,,首选物理，再选化学,466,92971,,,14,辽宁,公办,0,0
江苏,2025,物理类,本科批,4112,鞍山师范学院,（02）,首选物理，再选不限,506,151737,,,5,辽宁,公办,0,0
江苏,2025,物理类,本科批,4113,沈阳医学院,,首选物理，再选化学,527,62232,,,16,辽宁,公办,0,0
江苏,2025,物理类,本科批,4113,沈阳医学院,（04）,首选物理，再选生物,562,77093,,,1,辽宁,公办,0,0
江苏,2025,物理类,本科批,4114,辽宁中医药大学,,首选物理，再选不限,526,56445,,,0,辽宁,公办,0,0
江苏,2025,物理类,本科批,4114,辽宁中医药大学,,首选物理，再选化学,529,109484,,,0,辽宁,公办,0,0
江苏,2025,物理类,本科批,4115,辽宁工业大学,,首选物理，再选化学,525,84862,,,0,辽宁,公办,0,0
江苏,2025,物理类,本科批,4116,沈阳体育学院,（01）,首选物理，再选不限,506,142068,,,15,辽宁,公办,0,0
江苏,2025,物理类,本科批,4117,沈阳师范大学,,首选物理，再选不限,519,112293,,,9,辽宁,公办,0,0
江苏,2025,物理类,本科批,4117,沈阳师范大学,,首选物理，再选化学,508,82292,,,19,辽宁,公办,0,0
江苏,2025,物理类,本科批,4120,沈阳大学,,首选物理，再选不限,519,101161,,,16,辽宁,公办,0,0
江苏,2025,物理类,本科批,4120,沈阳大学,,首选物理，再选化学,527,112293,,,35,辽宁,公办,0,0
江苏,2025,物理类,本科批,4122,沈阳工程学院,（01）,首选物理，再选化学,561,46626,,,0,辽宁,公办,0,0
江苏,2025,物理类,本科批,4126,辽宁师范大学,（02）,首选物理，再选不限,518,137742,,,2,辽宁,公办,0,0
江苏,2025,物理类,本科批,4131,大连理工大学,,首选物理，再选化学,638,3281,,,113,辽宁,公办,1,1
江苏,2025,物理类,本科批,4131,大连理工大学（盘锦校区）,（01）,首选物理，再选不限,630,12829,,,2,辽宁,公办,1,1
江苏,2025,物理类,本科批,4131,大连理工大学（盘锦校区）,,首选物理，再选化学,602,9765,,,22,辽宁,公办,1,1
江苏,2025,物理类,本科批,4132,大连海事大学,,首选物理，再选不限,594,26330,,,0,辽宁,公办,0,1
江苏,2025,物理类,本科批,4132,大连海事大学,,首选物理，再选化学,581,22495,,,0,辽宁,公办,0,1
江苏,2025,物理类,本科批,4133,东北财经大学,,首选物理，再选不限,585,30492,,,19,辽宁,公办,0,0
江苏,2025,物理类,本科批,4134,大连医科大学,,首选物理，再选化学,616,15099,,,0,辽宁,公办,0,0
江苏,2025,物理类,本科批,4135,大连外国语大学,,首选物理，再选不限,539,54119,,,13,辽宁,公办,0,0
江苏,2025,物理类,本科批,4135,大连外国语大学,（08）,首选物理，再选化学,561,78396,,,2,辽宁,公办,0,0
江苏,2025,物理类,本科批,4135,大连外国语大学,（09）,首选物理，再选思想政治,553,88855,,,1,辽宁,公办,0,0
江苏,2025,物理类,本科批,4136,大连大学,（02）,首选物理，再选不限,533,105341,,,8,辽宁,公办,0,0
江苏,2025,物理类,本科批,4136,大连大学,,首选物理，再选化学,526,81013,,,23,辽宁,公办,0,0
江苏,2025,物理类,本科批,4137,大连海洋大学,,首选物理，再选化学,528,110914,,,25,辽宁,公办,0,0
江苏,2025,物理类,本科批,4138,大连工业大学,（01）,首选物理，再选不限,549,92972,,,2,辽宁,公办,0,0
江苏,2025,物理类,本科批,4138,大连工业大学,,首选物理，再选化学,536,67134,,,44,辽宁,公办,0,0
江苏,2025,物理类,本科批,4139,大连交通大学,（02）,首选物理，再选不限,567,70814,,,2,辽宁,公办,0,0
江苏,2025,物理类,本科批,4139,大连交通大学,（03）,首选物理，再选化学,549,51945,,,55,辽宁,公办,0,0
江苏,2025,物理类,本科批,4140,大连民族大学,（02）,首选物理，再选不限,555,86192,,,0,辽宁,公办,0,0
江苏,2025,物理类,本科批,4140,大连民族大学,（03）,首选物理，再选化学,553,87528,,,0,辽宁,公办,0,0
江苏,2025,物理类,本科批,4141,锦州医科大学,,首选物理，再选化学,537,48740,,,11,辽宁,公办,0,0
江苏,2025,物理类,本科批,4141,锦州医科大学,（03）,首选物理，再选生物,508,151737,,,4,辽宁,公办,0,0
江苏,2025,物理类,本科批,4152,渤海大学,（03）,首选物理，再选不限,532,117992,,,1,辽宁,公办,0,0
江苏,2025,物理类,本科批,4152,渤海大学,,首选物理，再选化学,522,81013,,,6,辽宁,公办,0,0
江苏,2025,物理类,本科批,4161,辽宁工程技术大学,（01）,首选物理，再选化学,536,92971,,,20,辽宁,公办,0,0
江苏,2025,物理类,本科批,4171,辽宁科技大学,,首选物理，再选化学,505,99722,,,20,辽宁,公办,0,0
江苏,2025,物理类,本科批,4181,辽宁石油化工大学,,首选物理，再选化学,535,74582,,,15,辽宁,公办,0,0
江苏,2025,物理类,本科批,4192,辽宁科技学院,（01）,首选物理，再选化学,502,150364,,,10,辽宁,公办,0,0
江苏,2025,物理类,本科批,4201,吉林大学,,首选物理，再选不限,624,7121,,,19,吉林,公办,1,1
江苏,2025,物理类,本科批,4201,吉林大学,,首选物理，再选化学,626,5310,,,184,吉林,公办,1,1
江苏,2025,物理类,本科批,4202,东北师范大学,,首选物理，再选不限,531,56445,,,0,吉林,公办,0,1
江苏,2025,物理类,本科批,4202,东北师范大学,（08）,首选物理，再选化学,613,21735,,,0,吉林,公办,0,1
江苏,2025,物理类,本科批,4203,吉林农业大学,（01）,首选物理，再选不限,519,123539,,,0,吉林,公办,0,0
江苏,2025,物理类,本科批,4203,吉林农业大学,（02）,首选物理，再选化学,517,119385,,,0,吉林,公办,0,0
江苏,2025,物理类,本科批,4203,吉林农业大学,,首选物理，再选化学、生物(2科必选),500,119385,,,0,吉林,公办,0,0
江苏,2025,物理类,本科批,4204,长春大学,,首选物理，再选不限,483,90193,,,6,吉林,公办,0,0
江苏,2025,物理类,本科批,4204,长春大学,,首选物理，再选化学,499,81013,,,30,吉林,公办,0,0
江苏,2025,物理类,本科批,4205,长春工业大学,,首选物理，再选不限,530,87528,,,17,吉林,公办,0,0
江苏,2025,物理类,本科批,4205,长春工业大学,,首选物理，再选化学,530,74582,,,46,吉林,公办,0,0
江苏,2025,物理类,本科批,4206,吉林财经大学,,首选物理，再选不限,546,83617,,,0,吉林,公办,0,0
江苏,2025,物理类,本科批,4206,吉林财经大学,（05）,首选物理，再选化学,547,91583,,,0,吉林,公办,0,0
江苏,2025,物理类,本科批,4207,长春师范大学,（04）,首选物理，再选不限,517,139203,,,4,吉林,公办,0,0
江苏,2025,物理类,本科批,4207,长春师范大学,,首选物理，再选化学,512,123539,,,23,吉林,公办,0,0
江苏,2025,物理类,本科批,4208,长春理工大学,（02）,首选物理，再选不限,543,78396,,,0,吉林,公办,0,0
江苏,2025,物理类,本科批,4208,长春理工大学,,首选物理，再选化学,558,31362,,,0,吉林,公办,0,0
江苏,2025,物理类,本科批,4208,长春理工大学,（08）,首选物理，再选化学、生物(2科必选),554,87528,,,0,吉林,公办,0,0
江苏,2025,物理类,本科批,4209,长春工程学院,,首选物理，再选不限,474,139203,,,0,吉林,公办,0,0
江苏,2025,物理类,本科批,4209,长春工程学院,（05）,首选物理，再选化学,506,113739,,,0,吉林,公办,0,0
江苏,2025,物理类,本科批,4210,吉林建筑大学,,首选物理，再选不限,500,120767,,,0,吉林,公办,0,0
江苏,2025,物理类,本科批,4210,吉林建筑大学,,首选物理，再选化学,494,140608,,,0,吉林,公办,0,0
江苏,2025,物理类,本科批,4210,吉林建筑大学,（07）,首选物理，再选生物、地理(2科必选),516,140608,,,0,吉林,公办,0,0
江苏,2025,物理类,本科批,4212,吉林工程技术师范学院,,首选物理，再选化学,482,163926,,,50,吉林,公办,0,0
江苏,2025,物理类,本科批,4213,吉林体育学院,（02）,首选物理，再选不限,506,151737,,,6,吉林,公办,0,0
江苏,2025,物理类,本科批,4214,长春中医药大学,（01）,首选物理，再选不限,570,57591,,,9,吉林,公办,0,0
江苏,2025,物理类,本科批,4214,长春中医药大学,（02）,首选物理，再选化学,538,87528,,,6,吉林,公办,0,0
江苏,2025,物理类,本科批,4215,吉林师范大学,（05）,首选物理，再选不限,532,117992,,,0,吉林,公办,0,0
江苏,2025,物理类,本科批,4215,吉林师范大学,（06）,首选物理，再选化学,525,115115,,,0,吉林,公办,0,0
江苏,2025,物理类,本科批,4220,吉林警察学院,（02）,首选物理，再选不限,525,120767,,,0,吉林,公办,0,0
江苏,2025,物理类,本科批,4220,吉林警察学院,（03）,首选物理，再选化学,517,139203,,,0,吉林,公办,0,0
江苏,2025,物理类,本科批,4222,长春汽车职业技术大学,（01）,首选物理，再选不限,525,122198,,,6,吉林,公办,0,0
江苏,2025,物理类,本科批,4225,吉林农业科技学院,（02）,首选物理，再选化学,500,147536,,,11,吉林,公办,0,0
江苏,2025,物理类,本科批,4228,吉林医药学院,（02）,首选物理，再选不限,524,129305,,,0,吉林,公办,0,0
江苏,2025,物理类,本科批,4228,吉林医药学院,（03）,首选物理，再选化学,515,122198,,,0,吉林,公办,0,0
江苏,2025,物理类,本科批,4228,吉林医药学院,,首选物理，再选化学、生物(2科必选),487,96973,,,0,吉林,公办,0,0
江苏,2025,物理类,本科批,4231,东北电力大学,,首选物理，再选不限,553,68338,,,6,吉林,公办,0,0
江苏,2025,物理类,本科批,4231,东北电力大学,,首选物理，再选化学,522,29638,,,99,吉林,公办,0,0
江苏,2025,物理类,本科批,4232,北华大学,（03）,首选物理，再选不限,509,150364,,,6,吉林,公办,0,0
江苏,2025,物理类,本科批,4232,北华大学,,首选物理，再选化学,515,105341,,,37,吉林,公办,0,0
江苏,2025,物理类,本科批,4232,北华大学,（06）,首选物理，再选化学、生物(2科必选),560,70814,,,5,吉林,公办,0,0
江苏,2025,物理类,本科批,4233,通化师范学院,,首选物理，再选化学,481,159919,,,12,吉林,公办,0,0
江苏,2025,物理类,本科批,4233,通化师范学院,（04）,首选物理，再选地理,514,143440,,,3,吉林,公办,0,0
江苏,2025,物理类,本科批,4235,吉林化工大学,（01）,首选物理，再选不限,517,136395,,,0,吉林,公办,0,0
江苏,2025,物理类,本科批,4235,吉林化工大学,（02）,首选物理，再选化学,510,112293,,,0,吉林,公办,0,0
江苏,2025,物理类,本科批,4237,吉林工商学院,（02）,首选物理，再选不限,507,148936,,,18,吉林,公办,0,0
江苏,2025,物理类,本科批,4237,吉林工商学院,（03）,首选物理，再选化学,500,161261,,,12,吉林,公办,0,0
江苏,2025,物理类,本科批,4241,白城师范学院,,首选物理，再选不限,481,154519,,,7,吉林,公办,0,0
江苏,2025,物理类,本科批,4241,白城师范学院,,首选物理，再选化学,497,155895,,,32,吉林,公办,0,0
江苏,2025,物理类,本科批,4241,白城师范学院,（08）,首选物理，再选地理,509,150364,,,4,吉林,公办,0,0
江苏,2025,物理类,本科批,4301,哈尔滨工业大学,,首选物理，再选不限,628,8362,,,9,黑龙江,公办,1,1
江苏,2025,物理类,本科批,4301,哈尔滨工业大学,,首选物理，再选化学,635,937,,,59,黑龙江,公办,1,1
江苏,2025,物理类,本科批,4302,哈尔滨工程大学,,首选物理，再选化学,575,7121,,,80,黑龙江,公办,0,1
江苏,2025,物理类,本科批,4303,东北林业大学,（02）,首选物理，再选不限,593,37720,,,0,黑龙江,公办,0,1
江苏,2025,物理类,本科批,4303,东北林业大学,,首选物理，再选化学,577,30492,,,0,黑龙江,公办,0,1
江苏,2025,物理类,本科批,4304,东北农业大学,（02）,首选物理，再选化学,592,38685,,,0,黑龙江,公办,0,1
江苏,2025,物理类,本科批,4305,黑龙江中医药大学,（02）,首选物理，再选不限,576,41599,,,22,黑龙江,公办,0,0
江苏,2025,物理类,本科批,4305,黑龙江中医药大学,（03）,首选物理，再选化学,533,106680,,,16,黑龙江,公办,0,0
江苏,2025,物理类,本科批,4306,黑龙江工程学院,（02）,首选物理，再选不限,508,147536,,,8,黑龙江,公办,0,0
江苏,2025,物理类,本科批,4306,黑龙江工程学院,（03）,首选物理，再选化学,504,148936,,,13,黑龙江,公办,0,0
江苏,2025,物理类,本科批,4306,黑龙江工程学院,（04）,首选物理，再选地理,526,126402,,,2,黑龙江,公办,0,0
江苏,2025,物理类,本科批,4307,哈尔滨商业大学,（02）,首选物理，再选不限,520,88855,,,0,黑龙江,公办,0,0
江苏,2025,物理类,本科批,4307,哈尔滨商业大学,（03）,首选物理，再选化学,523,116554,,,0,黑龙江,公办,0,0
江苏,2025,物理类,本科批,4308,哈尔滨理工大学,（01）,首选物理，再选不限,548,72122,,,0,黑龙江,公办,0,0
江苏,2025,物理类,本科批,4308,哈尔滨理工大学,,首选物理，再选化学,551,38685,,,0,黑龙江,公办,0,0
江苏,2025,物理类,本科批,4309,哈尔滨医科大学,,首选物理，再选化学,546,35803,,,15,黑龙江,公办,0,0
江苏,2025,物理类,本科批,4309,哈尔滨医科大学,,首选物理，再选化学、生物(2科必选),555,19674,,,28,黑龙江,公办,0,0
江苏,2025,物理类,本科批,4309,哈尔滨医科大学,,首选物理，再选生物,567,61029,,,5,黑龙江,公办,0,0
江苏,2025,物理类,本科批,4310,黑龙江科技大学,,首选物理，再选不限,522,112293,,,0,黑龙江,公办,0,0
江苏,2025,物理类,本科批,4310,黑龙江科技大学,（04）,首选物理，再选化学,515,112293,,,0,黑龙江,公办,0,0
江苏,2025,物理类,本科批,4311,黑龙江大学,（05）,首选物理，再选不限,543,96973,,,0,黑龙江,公办,0,0
江苏,2025,物理类,本科批,4311,黑龙江大学,（06）,首选物理，再选化学,481,105341,,,0,黑龙江,公办,0,0
江苏,2025,物理类,本科批,4312,哈尔滨师范大学,（02）,首选物理，再选不限,530,75837,,,0,黑龙江,公办,0,0
江苏,2025,物理类,本科批,4312,哈尔滨师范大学,（03）,首选物理，再选化学,521,130715,,,0,黑龙江,公办,0,0
江苏,2025,物理类,本科批,4312,哈尔滨师范大学,（04）,首选物理，再选地理,539,102526,,,0,黑龙江,公办,0,0
江苏,2025,物理类,本科批,4314,牡丹江师范学院,（02）,首选物理，再选不限,503,151737,,,14,黑龙江,公办,0,0
江苏,2025,物理类,本科批,4314,牡丹江师范学院,（03）,首选物理，再选化学,497,162612,,,18,黑龙江,公办,0,0
江苏,2025,物理类,本科批,4314,牡丹江师范学院,（04）,首选物理，再选生物,506,154519,,,2,黑龙江,公办,0,0
江苏,2025,物理类,本科批,4315,哈尔滨金融学院,,首选物理，再选不限,521,123539,,,10,黑龙江,公办,0,0
江苏,2025,物理类,本科批,4315,哈尔滨金融学院,（04）,首选物理，再选化学,517,139203,,,2,黑龙江,公办,0,0
江苏,2025,物理类,本科批,4321,东北石油大学,（01）,首选物理，再选不限,534,109484,,,2,黑龙江,公办,0,0
江苏,2025,物理类,本科批,4321,东北石油大学,,首选物理，再选化学,528,77093,,,12,黑龙江,公办,0,0
江苏,2025,物理类,本科批,4323,哈尔滨学院,（04）,首选物理，再选不限,508,137742,,,0,黑龙江,公办,0,0
江苏,2025,物理类,本科批,4323,哈尔滨学院,（05）,首选物理，再选化学,500,142068,,,0,黑龙江,公办,0,0
江苏,2025,物理类,本科批,4323,哈尔滨学院,（06）,首选物理，再选地理,524,129305,,,0,黑龙江,公办,0,0
江苏,2025,物理类,本科批,4324,大庆师范学院,（02）,首选物理，再选不限,501,161261,,,5,黑龙江,公办,0,0
江苏,2025,物理类,本科批,4324,大庆师范学院,,首选物理，再选化学,497,161261,,,19,黑龙江,公办,0,0
江苏,2025,物理类,本科批,4331,齐齐哈尔医学院,（02）,首选物理，再选化学,476,153112,,,0,黑龙江,公办,0,0
江苏,2025,物理类,本科批,4331,齐齐哈尔医学院,（03）,首选物理，再选化学、生物(2科必选),543,99722,,,0,黑龙江,公办,0,0
江苏,2025,物理类,本科批,4332,齐齐哈尔大学,（02）,首选物理，再选化学,500,142068,,,0,黑龙江,公办,0,0
江苏,2025,物理类,本科批,4332,齐齐哈尔大学,（03）,首选物理，再选生物,520,134945,,,0,黑龙江,公办,0,0
江苏,2025,物理类,本科批,4333,黑河学院,（01）,首选物理，再选不限,499,163926,,,0,黑龙江,公办,0,0
江苏,2025,物理类,本科批,4333,黑河学院,（02）,首选物理，再选化学,492,167921,,,0,黑龙江,公办,0,0
江苏,2025,物理类,本科批,4341,黑龙江工业学院,（01）,首选物理，再选不限,507,153112,,,2,黑龙江,公办,0,0
江苏,2025,物理类,本科批,4341,黑龙江工业学院,（02）,首选物理，再选化学,501,148936,,,18,黑龙江,公办,0,0
江苏,2025,物理类,本科批,4343,哈尔滨职业技术大学,（01）,首选物理，再选不限,509,144772,,,20,黑龙江,公办,0,0
江苏,2025,物理类,本科批,4351,佳木斯大学,,首选物理，再选化学,504,106680,,,0,黑龙江,公办,0,0
江苏,2025,物理类,本科批,4351,佳木斯大学,,首选物理，再选化学、生物(2科必选),513,61029,,,0,黑龙江,公办,0,0
江苏,2025,物理类,本科批,4352,黑龙江八一农垦大学,（01）,首选物理，再选不限,508,151737,,,0,黑龙江,公办,0,0
江苏,2025,物理类,本科批,4352,黑龙江八一农垦大学,,首选物理，再选化学,500,115115,,,0,黑龙江,公办,0,0
江苏,2025,物理类,本科批,4352,黑龙江八一农垦大学,（05）,首选物理，再选生物,517,139203,,,0,黑龙江,公办,0,0
江苏,2025,物理类,本科批,4371,延边大学,（02）,首选物理，再选不限,582,52996,,,0,吉林,公办,0,1
江苏,2025,物理类,本科批,4371,延边大学,（03）,首选物理，再选化学,582,34888,,,0,吉林,公办,0,1
江苏,2025,物理类,本科批,4381,牡丹江医科大学,,首选物理，再选化学,522,67133,,,0,黑龙江,公办,0,0
江苏,2025,物理类,本科批,4381,牡丹江医科大学,,首选物理，再选化学、生物(2科必选),516,81013,,,0,黑龙江,公办,0,0
江苏,2025,物理类,本科批,5101,郑州大学,（02）,首选物理，再选化学,606,19674,,,55,河南,公办,0,1
江苏,2025,物理类,本科批,5102,华北水利水电大学,（01）,首选物理，再选化学,539,56445,,,70,河南,公办,0,0
江苏,2025,物理类,本科批,5103,中原工学院,（02）,首选物理，再选不限,511,147536,,,0,河南,公办,0,0
江苏,2025,物理类,本科批,5103,中原工学院,（03）,首选物理，再选化学,500,130715,,,0,河南,公办,0,0
江苏,2025,物理类,本科批,5104,河南工业大学,（02）,首选物理，再选不限,536,87528,,,15,河南,公办,0,0
江苏,2025,物理类,本科批,5104,河南工业大学,,首选物理，再选化学,524,73284,,,89,河南,公办,0,0
江苏,2025,物理类,本科批,5105,郑州航空工业管理学院,,首选物理，再选不限,508,108073,,,0,河南,公办,0,0
江苏,2025,物理类,本科批,5105,郑州航空工业管理学院,,首选物理，再选化学,507,90193,,,0,河南,公办,0,0
江苏,2025,物理类,本科批,5106,郑州轻工业大学,,首选物理，再选化学,528,56445,,,0,河南,公办,0,0
江苏,2025,物理类,本科批,5110,河南科技学院,（02）,首选物理，再选化学,504,147536,,,0,河南,公办,0,0
江苏,2025,物理类,本科批,5114,河南中医药大学,,首选物理，再选不限,561,50891,,,3,河南,公办,0,0
江苏,2025,物理类,本科批,5114,河南中医药大学,（05）,首选物理，再选化学,558,78396,,,4,河南,公办,0,0
江苏,2025,物理类,本科批,5114,河南中医药大学,（06）,首选物理，再选生物,563,75837,,,1,河南,公办,0,0
江苏,2025,物理类,本科批,5117,河南农业大学,（02）,首选物理，再选不限,545,96973,,,3,河南,公办,0,0
江苏,2025,物理类,本科批,5117,河南农业大学,,首选物理，再选化学,517,63454,,,18,河南,公办,0,0
江苏,2025,物理类,本科批,5117,河南农业大学,（06）,首选物理，再选化学、生物(2科必选),529,115115,,,4,河南,公办,0,0
江苏,2025,物理类,本科批,5117,河南农业大学,（08）,首选物理，再选地理,544,101161,,,2,河南,公办,0,0
江苏,2025,物理类,本科批,5117,河南农业大学,（07）,首选物理，再选生物,536,112293,,,3,河南,公办,0,0
江苏,2025,物理类,本科批,5118,信阳师范大学,,首选物理，再选化学,507,122198,,,15,河南,公办,0,0
江苏,2025,物理类,本科批,5119,河南财经政法大学,（02）,首选物理，再选不限,557,62232,,,9,河南,公办,0,0
江苏,2025,物理类,本科批,5119,河南财经政法大学,,首选物理，再选化学,553,82292,,,22,河南,公办,0,0
江苏,2025,物理类,本科批,5122,河南工程学院,（03）,首选物理，再选不限,510,146160,,,0,河南,公办,0,0
江苏,2025,物理类,本科批,5122,河南工程学院,（04）,首选物理，再选化学,503,143440,,,0,河南,公办,0,0
江苏,2025,物理类,本科批,5122,河南工程学院,（05）,首选物理，再选化学、地理(2科必选),519,136395,,,0,河南,公办,0,0
江苏,2025,物理类,本科批,5125,周口师范学院,,首选物理，再选化学,465,146160,,,30,河南,公办,0,0
江苏,2025,物理类,本科批,5131,洛阳理工学院,（02）,首选物理，再选化学,504,134945,,,0,河南,公办,0,0
江苏,2025,物理类,本科批,5132,河南科技大学,,首选物理，再选不限,553,81013,,,6,河南,公办,0,0
江苏,2025,物理类,本科批,5132,河南科技大学,,首选物理，再选化学,530,78396,,,67,河南,公办,0,0
江苏,2025,物理类,本科批,5133,洛阳师范学院,（02）,首选物理，再选化学,504,153112,,,15,河南,公办,0,0
江苏,2025,物理类,本科批,5134,平顶山学院,（03）,首选物理，再选不限,515,136395,,,0,河南,公办,0,0
江苏,2025,物理类,本科批,5134,平顶山学院,（04）,首选物理，再选化学,515,142068,,,0,河南,公办,0,0
江苏,2025,物理类,本科批,5134,平顶山学院,（05）,首选物理，再选思想政治,535,113739,,,0,河南,公办,0,0
江苏,2025,物理类,本科批,5141,河南大学,（05）,首选物理，再选不限,591,43570,,,0,河南,公办,0,0
江苏,2025,物理类,本科批,5141,河南大学,,首选物理，再选化学,589,41599,,,0,河南,公办,0,0
江苏,2025,物理类,本科批,5141,河南大学,（09）,首选物理，再选地理,595,39620,,,0,河南,公办,0,0
江苏,2025,物理类,本科批,5151,河南理工大学,（02）,首选物理，再选不限,542,98331,,,10,河南,公办,0,0
江苏,2025,物理类,本科批,5151,河南理工大学,,首选物理，再选化学,520,75837,,,43,河南,公办,0,0
江苏,2025,物理类,本科批,5153,河南师范大学,,首选物理，再选化学,532,110914,,,0,河南,公办,0,0
江苏,2025,物理类,本科批,5161,安阳工学院,,首选物理，再选化学,486,158579,,,14,河南,公办,0,0
江苏,2025,物理类,本科批,5162,安阳师范学院,（03）,首选物理，再选化学,504,150364,,,23,河南,公办,0,0
江苏,2025,物理类,本科批,5171,河南工学院,（01）,首选物理，再选化学,526,109484,,,0,河南,公办,0,0
江苏,2025,物理类,本科批,5172,郑州工程技术学院,（02）,首选物理，再选化学,500,159919,,,0,河南,公办,0,0
江苏,2025,物理类,本科批,5173,新乡学院,,首选物理，再选化学,491,157259,,,43,河南,公办,0,0
江苏,2025,物理类,本科批,5174,许昌学院,（02）,首选物理，再选不限,507,153112,,,6,河南,公办,0,0
江苏,2025,物理类,本科批,5174,许昌学院,（03）,首选物理，再选化学,514,143440,,,15,河南,公办,0,0
江苏,2025,物理类,本科批,5174,许昌学院,（04）,首选物理，再选地理,524,129305,,,5,河南,公办,0,0
江苏,2025,物理类,本科批,5181,南阳师范学院,,首选物理，再选不限,497,134945,,,19,河南,公办,0,0
江苏,2025,物理类,本科批,5181,南阳师范学院,（08）,首选物理，再选化学,501,158579,,,43,河南,公办,0,0
江苏,2025,物理类,本科批,5181,南阳师范学院,（09）,首选物理，再选地理,526,126402,,,2,河南,公办,0,0
江苏,2025,物理类,本科批,5182,南阳理工学院,,首选物理，再选不限,509,134945,,,15,河南,公办,0,0
江苏,2025,物理类,本科批,5182,南阳理工学院,,首选物理，再选化学,505,129305,,,49,河南,公办,0,0
江苏,2025,物理类,本科批,5191,黄淮学院,（03）,首选物理，再选不限,508,151737,,,5,河南,公办,0,0
江苏,2025,物理类,本科批,5191,黄淮学院,,首选物理，再选化学,495,158579,,,85,河南,公办,0,0
江苏,2025,物理类,本科批,5191,黄淮学院,（06）,首选物理，再选生物,507,153112,,,15,河南,公办,0,0
江苏,2025,物理类,本科批,5192,河南医药大学,（01）,首选物理，再选化学,542,67133,,,20,河南,公办,0,0
江苏,2025,物理类,本科批,5193,河南城建学院,（02）,首选物理，再选不限,508,151737,,,5,河南,公办,0,0
江苏,2025,物理类,本科批,5193,河南城建学院,（03）,首选物理，再选化学,494,159919,,,36,河南,公办,0,0
江苏,2025,物理类,本科批,5198,商丘师范学院,（04）,首选物理，再选不限,509,136395,,,8,河南,公办,0,0
江苏,2025,物理类,本科批,5198,商丘师范学院,（05）,首选物理，再选化学,503,117992,,,28,河南,公办,0,0
江苏,2025,物理类,本科批,5201,武汉大学,（05）,首选物理，再选不限,651,3281,,,18,湖北,公办,1,1
江苏,2025,物理类,本科批,5201,武汉大学,,首选物理，再选化学,625,1147,,,139,湖北,公办,1,1
江苏,2025,物理类,本科批,5202,华中科技大学,,首选物理，再选化学,647,2209,,,202,湖北,公办,1,1
江苏,2025,物理类,本科批,5203,华中师范大学,（06）,首选物理，再选不限,600,23214,,,0,湖北,公办,0,1
江苏,2025,物理类,本科批,5203,华中师范大学,,首选物理，再选化学,609,21043,,,0,湖北,公办,0,1
江苏,2025,物理类,本科批,5203,华中师范大学,（09）,首选物理，再选地理,612,24769,,,0,湖北,公办,0,1
江苏,2025,物理类,本科批,5204,华中农业大学,（02）,首选物理，再选不限,595,35803,,,30,湖北,公办,0,1
江苏,2025,物理类,本科批,5204,华中农业大学,（03）,首选物理，再选化学,603,22495,,,50,湖北,公办,0,1
江苏,2025,物理类,本科批,5204,华中农业大学,（05）,首选物理，再选地理,610,26330,,,3,湖北,公办,0,1
江苏,2025,物理类,本科批,5204,华中农业大学,（04）,首选物理，再选生物,600,34888,,,2,湖北,公办,0,1
江苏,2025,物理类,本科批,5205,中国地质大学（武汉）,,首选物理，再选化学,600,17029,,,0,湖北,公办,0,1
江苏,2025,物理类,本科批,5206,中南财经政法大学,,首选物理，再选不限,556,13359,,,0,湖北,公办,0,1
江苏,2025,物理类,本科批,5206,中南财经政法大学,,首选物理，再选化学,604,19674,,,0,湖北,公办,0,1
江苏,2025,物理类,本科批,5207,武汉理工大学,,首选物理，再选化学,599,7121,,,0,湖北,公办,0,1
江苏,2025,物理类,本科批,5208,中南民族大学,（04）,首选物理，再选不限,550,81013,,,18,湖北,公办,0,0
江苏,2025,物理类,本科批,5208,中南民族大学,,首选物理，再选化学,542,56445,,,47,湖北,公办,0,0
江苏,2025,物理类,本科批,5209,湖北大学,（02）,首选物理，再选不限,550,87528,,,0,湖北,公办,0,0
江苏,2025,物理类,本科批,5209,湖北大学,,首选物理，再选化学,528,48740,,,14,湖北,公办,0,0
江苏,2025,物理类,本科批,5211,湖北中医药大学,（02）,首选物理，再选不限,572,41599,,,24,湖北,公办,0,0
江苏,2025,物理类,本科批,5211,湖北中医药大学,（03）,首选物理，再选化学,546,70814,,,29,湖北,公办,0,0
江苏,2025,物理类,本科批,5212,武汉纺织大学,（02）,首选物理，再选化学,543,81013,,,71,湖北,公办,0,0
江苏,2025,物理类,本科批,5213,武汉体育学院,（02）,首选物理，再选不限,520,122198,,,4,湖北,公办,0,0
江苏,2025,物理类,本科批,5215,武汉工程大学,,首选物理，再选化学,552,51945,,,23,湖北,公办,0,0
江苏,2025,物理类,本科批,5216,武汉轻工大学,（03）,首选物理，再选不限,522,132082,,,0,湖北,公办,0,0
江苏,2025,物理类,本科批,5216,武汉轻工大学,,首选物理，再选化学,523,68338,,,0,湖北,公办,0,0
江苏,2025,物理类,本科批,5217,武汉科技大学,（02）,首选物理，再选化学,589,41599,,,0,湖北,公办,0,0
江苏,2025,物理类,本科批,5218,江汉大学,（01）,首选物理，再选化学,571,63454,,,0,湖北,公办,0,0
江苏,2025,物理类,本科批,5219,湖北工业大学,（01）,首选物理，再选不限,545,91583,,,10,湖北,公办,0,0
江苏,2025,物理类,本科批,5219,湖北工业大学,,首选物理，再选化学,550,51945,,,20,湖北,公办,0,0
江苏,2025,物理类,本科批,5220,湖北第二师范学院,,首选物理，再选不限,505,133470,,,0,湖北,公办,0,0
江苏,2025,物理类,本科批,5220,湖北第二师范学院,（05）,首选物理，再选化学,512,146160,,,0,湖北,公办,0,0
江苏,2025,物理类,本科批,5221,湖北经济学院,,首选物理，再选不限,505,101161,,,0,湖北,公办,0,0
江苏,2025,物理类,本科批,5221,湖北经济学院,（05）,首选物理，再选化学,540,105341,,,0,湖北,公办,0,0
江苏,2025,物理类,本科批,5225,汉江师范学院,（03）,首选物理，再选化学,514,143440,,,4,湖北,公办,0,0
江苏,2025,物理类,本科批,5226,武汉职业技术大学,（01）,首选物理，再选不限,518,134945,,,8,湖北,公办,0,0
江苏,2025,物理类,本科批,5243,长江大学,（02）,首选物理，再选不限,555,86192,,,2,湖北,公办,0,0
江苏,2025,物理类,本科批,5243,长江大学,,首选物理，再选化学,516,57591,,,29,湖北,公办,0,0
江苏,2025,物理类,本科批,5243,长江大学,（06）,首选物理，再选生物,532,117992,,,3,湖北,公办,0,0
江苏,2025,物理类,本科批,5251,三峡大学,（02）,首选物理，再选不限,565,48740,,,4,湖北,公办,0,0
江苏,2025,物理类,本科批,5251,三峡大学,（03）,首选物理，再选化学,575,31362,,,57,湖北,公办,0,0
江苏,2025,物理类,本科批,5255,湖北汽车工业学院,（01）,首选物理，再选不限,531,119385,,,0,湖北,公办,0,0
江苏,2025,物理类,本科批,5255,湖北汽车工业学院,,首选物理，再选化学,514,106680,,,0,湖北,公办,0,0
江苏,2025,物理类,本科批,5256,湖北医药学院,（01）,首选物理，再选化学,533,81013,,,0,湖北,公办,0,0
江苏,2025,物理类,本科批,5261,湖北师范大学,,首选物理，再选化学,522,95642,,,0,湖北,公办,0,0
江苏,2025,物理类,本科批,5265,湖北理工学院,（02）,首选物理，再选不限,521,133470,,,0,湖北,公办,0,0
江苏,2025,物理类,本科批,5265,湖北理工学院,（03）,首选物理，再选化学,517,112293,,,0,湖北,公办,0,0
江苏,2025,物理类,本科批,5267,湖北民族大学,（02）,首选物理，再选化学,539,103949,,,0,湖北,公办,0,0
江苏,2025,物理类,本科批,5271,湖北警官学院,（02）,首选物理，再选不限,555,86192,,,5,湖北,公办,0,0
江苏,2025,物理类,本科批,5271,湖北警官学院,（03）,首选物理，再选化学,533,116554,,,16,湖北,公办,0,0
江苏,2025,物理类,本科批,5285,荆楚理工学院,,首选物理，再选化学,481,143440,,,8,湖北,公办,0,0
江苏,2025,物理类,本科批,5287,湖北科技学院,,首选物理，再选化学,498,81013,,,37,湖北,公办,0,0
江苏,2025,物理类,本科批,5290,湖北文理学院,（02）,首选物理，再选化学,493,148936,,,0,湖北,公办,0,0
江苏,2025,物理类,本科批,5295,湖北工程学院,（02）,首选物理，再选不限,515,137742,,,9,湖北,公办,0,0
江苏,2025,物理类,本科批,5295,湖北工程学院,（03）,首选物理，再选化学,504,130715,,,14,湖北,公办,0,0
江苏,2025,物理类,本科批,5301,湖南大学,（04）,首选物理，再选不限,632,10750,,,21,湖南,公办,1,1
江苏,2025,物理类,本科批,5301,湖南大学,（06）,首选物理，再选化学,635,4363,,,136,湖南,公办,1,1
江苏,2025,物理类,本科批,5302,中南大学,,首选物理，再选化学,619,6362,,,141,湖南,公办,1,1
江苏,2025,物理类,本科批,5302,中南大学,,首选物理，再选化学、生物(2科必选),633,3281,,,17,湖南,公办,1,1
江苏,2025,物理类,本科批,5303,湖南师范大学,（04）,首选物理，再选不限,591,34888,,,0,湖南,公办,0,1
江苏,2025,物理类,本科批,5303,湖南师范大学,,首选物理，再选化学,561,24769,,,0,湖南,公办,0,1
江苏,2025,物理类,本科批,5303,湖南师范大学,（07）,首选物理，再选地理,598,34888,,,0,湖南,公办,0,1
江苏,2025,物理类,本科批,5304,湖南中医药大学,,首选物理，再选不限,538,38685,,,20,湖南,公办,0,0
江苏,2025,物理类,本科批,5304,湖南中医药大学,,首选物理，再选化学,496,52996,,,38,湖南,公办,0,0
江苏,2025,物理类,本科批,5305,湖南农业大学,（02）,首选物理，再选不限,541,99722,,,11,湖南,公办,0,0
江苏,2025,物理类,本科批,5305,湖南农业大学,（03）,首选物理，再选化学,543,79711,,,52,湖南,公办,0,0
江苏,2025,物理类,本科批,5306,湖南工商大学,,首选物理，再选不限,532,102526,,,20,湖南,公办,0,0
江苏,2025,物理类,本科批,5306,湖南工商大学,（04）,首选物理，再选化学,542,86192,,,45,湖南,公办,0,0
江苏,2025,物理类,本科批,5306,湖南工商大学,（05）,首选物理，再选地理,536,112293,,,6,湖南,公办,0,0
江苏,2025,物理类,本科批,5307,长沙理工大学,（02）,首选物理，再选不限,570,59905,,,0,湖南,公办,0,0
江苏,2025,物理类,本科批,5307,长沙理工大学,,首选物理，再选化学,541,30492,,,0,湖南,公办,0,0
江苏,2025,物理类,本科批,5308,长沙学院,,首选物理，再选不限,522,126402,,,14,湖南,公办,0,0
江苏,2025,物理类,本科批,5308,长沙学院,,首选物理，再选化学,515,125021,,,32,湖南,公办,0,0
江苏,2025,物理类,本科批,5308,长沙学院,（10）,首选物理，再选化学、生物(2科必选),516,134945,,,4,湖南,公办,0,0
江苏,2025,物理类,本科批,5308,长沙学院,（11）,首选物理，再选思想政治,520,134945,,,2,湖南,公办,0,0
江苏,2025,物理类,本科批,5310,湖南人文科技学院,,首选物理，再选不限,496,144772,,,13,湖南,公办,0,0
江苏,2025,物理类,本科批,5310,湖南人文科技学院,（06）,首选物理，再选化学,499,158579,,,52,湖南,公办,0,0
江苏,2025,物理类,本科批,5310,湖南人文科技学院,（07）,首选物理，再选思想政治,521,133470,,,1,湖南,公办,0,0
江苏,2025,物理类,本科批,5320,湖南财政经济学院,,首选物理，再选不限,522,115115,,,19,湖南,公办,0,0
江苏,2025,物理类,本科批,5320,湖南财政经济学院,（04）,首选物理，再选化学,537,103949,,,3,湖南,公办,0,0
江苏,2025,物理类,本科批,5321,湖南科技大学,（02）,首选物理，再选不限,535,84862,,,20,湖南,公办,0,0
江苏,2025,物理类,本科批,5321,湖南科技大学,（03）,首选物理，再选化学,528,58764,,,86,湖南,公办,0,0
江苏,2025,物理类,本科批,5321,湖南科技大学,（04）,首选物理，再选地理,562,64677,,,2,湖南,公办,0,0
江苏,2025,物理类,本科批,5322,湖南工程学院,（02）,首选物理，再选不限,516,139203,,,0,湖南,公办,0,0
江苏,2025,物理类,本科批,5322,湖南工程学院,,首选物理，再选化学,505,126402,,,0,湖南,公办,0,0
江苏,2025,物理类,本科批,5323,湘潭大学,（02）,首选物理，再选不限,580,37720,,,21,湖南,公办,0,0
江苏,2025,物理类,本科批,5323,湘潭大学,,首选物理，再选化学,584,37720,,,25,湖南,公办,0,0
江苏,2025,物理类,本科批,5327,湖南工学院,（02）,首选物理，再选不限,519,130715,,,12,湖南,公办,0,0
江苏,2025,物理类,本科批,5327,湖南工学院,（03）,首选物理，再选化学,505,129305,,,46,湖南,公办,0,0
江苏,2025,物理类,本科批,5331,中南林业科技大学,（02）,首选物理，再选不限,534,102526,,,16,湖南,公办,0,0
江苏,2025,物理类,本科批,5331,中南林业科技大学,（03）,首选物理，再选化学,496,98331,,,50,湖南,公办,0,0
江苏,2025,物理类,本科批,5332,湖南工业大学,,首选物理，再选不限,520,101161,,,0,湖南,公办,0,0
江苏,2025,物理类,本科批,5332,湖南工业大学,,首选物理，再选化学,529,81013,,,0,湖南,公办,0,0
江苏,2025,物理类,本科批,5341,南华大学,（02）,首选物理，再选不限,536,95642,,,0,湖南,公办,0,0
江苏,2025,物理类,本科批,5341,南华大学,（03）,首选物理，再选化学,530,42525,,,0,湖南,公办,0,0
江苏,2025,物理类,本科批,5342,衡阳师范学院,（03）,首选物理，再选不限,509,140608,,,7,湖南,公办,0,0
江苏,2025,物理类,本科批,5342,衡阳师范学院,（04）,首选物理，再选化学,503,137742,,,12,湖南,公办,0,0
江苏,2025,物理类,本科批,5342,衡阳师范学院,（05）,首选物理，再选地理,524,115115,,,5,湖南,公办,0,0
江苏,2025,物理类,本科批,5343,湖南文理学院,（02）,首选物理，再选不限,505,155895,,,6,湖南,公办,0,0
江苏,2025,物理类,本科批,5343,湖南文理学院,,首选物理，再选化学,499,155895,,,19,湖南,公办,0,0
江苏,2025,物理类,本科批,5343,湖南文理学院,（05）,首选物理，再选化学、生物(2科必选),496,167921,,,2,湖南,公办,0,0
江苏,2025,物理类,本科批,5348,湖南医药学院,,首选物理，再选化学,530,49806,,,5,湖南,公办,0,0
江苏,2025,物理类,本科批,5349,湖南第一师范学院,（01）,首选物理，再选化学,527,112293,,,35,湖南,公办,0,0
江苏,2025,物理类,本科批,5351,湖南理工学院,,首选物理，再选不限,519,126402,,,21,湖南,公办,0,0
江苏,2025,物理类,本科批,5351,湖南理工学院,（04）,首选物理，再选化学,501,106680,,,50,湖南,公办,0,0
江苏,2025,物理类,本科批,5355,湖南城市学院,（02）,首选物理，再选不限,508,142068,,,8,湖南,公办,0,0
江苏,2025,物理类,本科批,5355,湖南城市学院,（03）,首选物理，再选化学,502,150364,,,47,湖南,公办,0,0
江苏,2025,物理类,本科批,5361,吉首大学,（03）,首选物理，再选不限,532,86192,,,0,湖南,公办,0,0
江苏,2025,物理类,本科批,5361,吉首大学,（04）,首选物理，再选化学,508,110914,,,0,湖南,公办,0,0
江苏,2025,物理类,本科批,5371,邵阳学院,,首选物理，再选化学,486,150364,,,53,湖南,公办,0,0
江苏,2025,物理类,本科批,5380,长沙师范学院,（03）,首选物理，再选不限,517,139203,,,4,湖南,公办,0,0
江苏,2025,物理类,本科批,5380,长沙师范学院,（04）,首选物理，再选化学,523,130715,,,4,湖南,公办,0,0
江苏,2025,物理类,本科批,5381,湘南学院,（02）,首选物理，再选不限,508,119385,,,21,湖南,公办,0,0
江苏,2025,物理类,本科批,5381,湘南学院,,首选物理，再选化学,502,101161,,,71,湖南,公办,0,0
江苏,2025,物理类,本科批,5385,怀化学院,（03）,首选物理，再选化学,499,154519,,,44,湖南,公办,0,0
江苏,2025,物理类,本科批,5385,怀化学院,（04）,首选物理，再选生物,508,151737,,,2,湖南,公办,0,0
江苏,2025,物理类,本科批,5391,湖南科技学院,（03）,首选物理，再选化学,501,155895,,,0,湖南,公办,0,0
江苏,2025,物理类,本科批,5393,湖南女子学院,（02）,首选物理，再选不限,507,143440,,,16,湖南,公办,0,0
江苏,2025,物理类,本科批,5393,湖南女子学院,（03）,首选物理，再选化学,508,147536,,,14,湖南,公办,0,0
江苏,2025,物理类,本科批,5401,中山大学,（03）,首选物理，再选不限,644,4973,,,10,广东,公办,1,1
江苏,2025,物理类,本科批,5401,中山大学,,首选物理，再选化学,643,3556,,,62,广东,公办,1,1
江苏,2025,物理类,本科批,5402,华南理工大学,,首选物理，再选化学,644,3556,,,52,广东,公办,1,1
江苏,2025,物理类,本科批,5403,华南农业大学,（01）,首选物理，再选不限,588,40639,,,3,广东,公办,0,0
江苏,2025,物理类,本科批,5403,华南农业大学,（02）,首选物理，再选化学,590,31362,,,12,广东,公办,0,0
江苏,2025,物理类,本科批,5403,华南农业大学,（03）,首选物理，再选生物,590,44618,,,1,广东,公办,0,0
江苏,2025,物理类,本科批,5404,广东外语外贸大学,（03）,首选物理，再选不限,554,26330,,,20,广东,公办,0,0
江苏,2025,物理类,本科批,5405,广东医科大学,,首选物理，再选化学,527,52996,,,18,广东,公办,0,0
江苏,2025,物理类,本科批,5406,广东药科大学,,首选物理，再选化学,555,61029,,,0,广东,公办,0,0
江苏,2025,物理类,本科批,5407,暨南大学,（02）,首选物理，再选不限,598,21735,,,18,广东,公办,0,1
江苏,2025,物理类,本科批,5407,暨南大学,,首选物理，再选化学,610,13359,,,35,广东,公办,0,1
江苏,2025,物理类,本科批,5408,广州美术学院,（01）,首选物理，再选不限,552,33069,,,0,广东,公办,0,0
江苏,2025,物理类,本科批,5408,广州美术学院,（02）,首选物理，再选化学,602,33069,,,0,广东,公办,0,0
江苏,2025,物理类,本科批,5411,广州航海学院,（02）,首选物理，再选化学,531,119385,,,2,广东,公办,0,0
江苏,2025,物理类,本科批,5412,广东金融学院,（02）,首选物理，再选不限,560,77093,,,2,广东,公办,0,0
江苏,2025,物理类,本科批,5412,广东金融学院,（03）,首选物理，再选化学,564,74582,,,1,广东,公办,0,0
江苏,2025,物理类,本科批,5413,华南师范大学,（02）,首选物理，再选化学,610,23947,,,10,广东,公办,0,1
江苏,2025,物理类,本科批,5414,广东财经大学,（02）,首选物理，再选不限,558,78396,,,6,广东,公办,0,0
江苏,2025,物理类,本科批,5416,广东轻工职业技术大学,（03）,首选物理，再选不限,520,134945,,,1,广东,公办,0,0
江苏,2025,物理类,本科批,5418,哈尔滨工业大学（深圳）,,首选物理，再选化学,646,2414,,,7,广东,公办,1,1
江苏,2025,物理类,本科批,5419,广州大学,（03）,首选物理，再选化学,583,47686,,,0,广东,公办,0,0
江苏,2025,物理类,本科批,5420,广州中医药大学,（02）,首选物理，再选不限,598,23214,,,4,广东,公办,0,0
江苏,2025,物理类,本科批,5420,广州中医药大学,（03）,首选物理，再选化学,584,40639,,,6,广东,公办,0,0
江苏,2025,物理类,本科批,5421,汕头大学,（02）,首选物理，再选不限,564,47686,,,4,广东,公办,0,0
江苏,2025,物理类,本科批,5421,汕头大学,,首选物理，再选化学,558,27150,,,25,广东,公办,0,0
江苏,2025,物理类,本科批,5422,南方医科大学,（02）,首选物理，再选化学,555,40639,,,0,广东,公办,0,0
江苏,2025,物理类,本科批,5423,广州体育学院,（02）,首选物理，再选化学,535,113739,,,1,广东,公办,0,0
江苏,2025,物理类,本科批,5427,东莞理工学院,（01）,首选物理，再选化学,525,110914,,,6,广东,公办,0,0
江苏,2025,物理类,本科批,5431,广东海洋大学,（01）,首选物理，再选不限,545,99722,,,1,广东,公办,0,0
江苏,2025,物理类,本科批,5431,广东海洋大学,,首选物理，再选化学,521,79711,,,32,广东,公办,0,0
江苏,2025,物理类,本科批,5431,广东海洋大学,（05）,首选物理，再选化学、生物(2科必选),533,103949,,,9,广东,公办,0,0
江苏,2025,物理类,本科批,5437,韶关学院,（02）,首选物理，再选化学,515,142068,,,5,广东,公办,0,0
江苏,2025,物理类,本科批,5438,广东以色列理工学院,（01）,首选物理，再选化学,586,39620,,,36,广东,中外合作办学,0,0
江苏,2025,物理类,本科批,5441,广东石油化工学院,（01）,首选物理，再选化学,512,142068,,,11,广东,公办,0,0
江苏,2025,物理类,本科批,5451,深圳大学,,首选物理，再选不限,611,13916,,,4,广东,公办,0,0
江苏,2025,物理类,本科批,5451,深圳大学,（04）,首选物理，再选化学,623,8838,,,15,广东,公办,0,0
江苏,2025,物理类,本科批,5461,北师香港浸会大学,（02）,首选物理，再选不限,549,90193,,,8,广东,内地与港澳台地区合作办学,0,0
江苏,2025,物理类,本科批,5461,北师香港浸会大学,（03）,首选物理，再选化学,555,58764,,,9,广东,内地与港澳台地区合作办学,0,0
江苏,2025,物理类,本科批,5477,岭南师范学院,,首选物理，再选不限,521,108073,,,6,广东,公办,0,0
江苏,2025,物理类,本科批,5477,岭南师范学院,,首选物理，再选化学,515,134945,,,10,广东,公办,0,0
江苏,2025,物理类,本科批,5478,广东工业大学,（01）,首选物理，再选不限,543,102526,,,2,广东,公办,0,0
江苏,2025,物理类,本科批,5478,广东工业大学,（02）,首选物理，再选化学,606,27150,,,8,广东,公办,0,0
江苏,2025,物理类,本科批,5479,深圳技术大学,（02）,首选物理，再选化学,598,29638,,,25,广东,公办,0,0
江苏,2025,物理类,本科批,5480,深圳北理莫斯科大学,（04）,首选物理，再选化学,578,57591,,,2,广东,中外合作办学,0,0
江苏,2025,物理类,本科批,5484,肇庆学院,,首选物理，再选化学,521,115115,,,0,广东,公办,0,0
江苏,2025,物理类,本科批,5485,肇庆医学院,（01）,首选物理，再选化学,524,120767,,,3,广东,公办,0,0
江苏,2025,物理类,本科批,5501,广西大学,（01）,首选物理，再选化学,590,28841,,,0,广西,公办,0,1
江苏,2025,物理类,本科批,5502,广西中医药大学,（02）,首选物理，再选不限,575,41599,,,5,广西,公办,0,0
江苏,2025,物理类,本科批,5502,广西中医药大学,,首选物理，再选化学,535,55261,,,11,广西,公办,0,0
江苏,2025,物理类,本科批,5504,南宁师范大学,（02）,首选物理，再选不限,508,132082,,,6,广西,公办,0,0
江苏,2025,物理类,本科批,5504,南宁师范大学,,首选物理，再选化学,518,113739,,,10,广西,公办,0,0
江苏,2025,物理类,本科批,5505,玉林师范学院,,首选物理，再选化学,496,157259,,,5,广西,公办,0,0
江苏,2025,物理类,本科批,5505,玉林师范学院,（07）,首选物理，再选化学、生物(2科必选),497,166591,,,0,广西,公办,0,0
江苏,2025,物理类,本科批,5505,玉林师范学院,（08）,首选物理，再选生物,504,157259,,,0,广西,公办,0,0
江苏,2025,物理类,本科批,5507,北部湾大学,,首选物理，再选化学,499,125021,,,0,广西,公办,0,0
江苏,2025,物理类,本科批,5508,广西医科大学,,首选物理，再选化学,525,88855,,,0,广西,公办,0,0
江苏,2025,物理类,本科批,5510,桂林医科大学,,首选物理，再选化学,551,56445,,,0,广西,公办,0,0
江苏,2025,物理类,本科批,5511,广西师范大学,,首选物理，再选不限,505,77093,,,0,广西,公办,0,0
江苏,2025,物理类,本科批,5511,广西师范大学,（05）,首选物理，再选化学,526,90193,,,0,广西,公办,0,0
江苏,2025,物理类,本科批,5511,广西师范大学,（06）,首选物理，再选地理,556,84862,,,0,广西,公办,0,0
江苏,2025,物理类,本科批,5512,桂林理工大学,（03）,首选物理，再选不限,520,125021,,,0,广西,公办,0,0
江苏,2025,物理类,本科批,5512,桂林理工大学,,首选物理，再选化学,522,109484,,,0,广西,公办,0,0
江苏,2025,物理类,本科批,5513,桂林电子科技大学,（02）,首选物理，再选不限,557,74582,,,0,广西,公办,0,0
江苏,2025,物理类,本科批,5513,桂林电子科技大学,,首选物理，再选化学,563,35803,,,0,广西,公办,0,0
江苏,2025,物理类,本科批,5517,右江民族医学院,（02）,首选物理，再选不限,506,154519,,,1,广西,公办,0,0
江苏,2025,物理类,本科批,5517,右江民族医学院,,首选物理，再选化学,516,78396,,,17,广西,公办,0,0
江苏,2025,物理类,本科批,5517,右江民族医学院,（07）,首选物理，再选生物,552,90193,,,1,广西,公办,0,0
江苏,2025,物理类,本科批,5518,广西民族师范学院,（02）,首选物理，再选化学,496,158579,,,25,广西,公办,0,0
江苏,2025,物理类,本科批,5519,贺州学院,（02）,首选物理，再选不限,509,150364,,,3,广西,公办,0,0
江苏,2025,物理类,本科批,5519,贺州学院,（03）,首选物理，再选化学,499,161261,,,15,广西,公办,0,0
江苏,2025,物理类,本科批,5521,桂林航天工业学院,（02）,首选物理，再选化学,562,75837,,,0,广西,公办,0,0
江苏,2025,物理类,本科批,5522,桂林旅游学院,,首选物理，再选不限,466,194703,,,0,广西,公办,0,0
江苏,2025,物理类,本科批,5522,桂林旅游学院,（05）,首选物理，再选化学,489,177018,,,0,广西,公办,0,0
江苏,2025,物理类,本科批,5527,广西科技师范学院,（02）,首选物理，再选不限,505,153112,,,0,广西,公办,0,0
江苏,2025,物理类,本科批,5527,广西科技师范学院,（03）,首选物理，再选化学,500,155895,,,0,广西,公办,0,0
江苏,2025,物理类,本科批,5531,广西科技大学,（02）,首选物理，再选不限,521,133470,,,4,广西,公办,0,0
江苏,2025,物理类,本科批,5531,广西科技大学,,首选物理，再选化学,503,139203,,,39,广西,公办,0,0
江苏,2025,物理类,本科批,5531,广西科技大学,（05）,首选物理，再选化学、生物(2科必选),569,68338,,,2,广西,公办,0,0
江苏,2025,物理类,本科批,5532,广西民族大学,,首选物理，再选不限,486,92971,,,9,广西,公办,0,0
江苏,2025,物理类,本科批,5532,广西民族大学,（05）,首选物理，再选化学,516,112293,,,8,广西,公办,0,0
江苏,2025,物理类,本科批,5532,广西民族大学,（06）,首选物理，再选化学、生物(2科必选),508,137742,,,3,广西,公办,0,0
江苏,2025,物理类,本科批,5544,河池学院,（01）,首选物理，再选化学,493,167921,,,15,广西,公办,0,0
江苏,2025,物理类,本科批,5545,桂林师范学院,（02）,首选物理，再选不限,508,150364,,,4,广西,公办,0,0
江苏,2025,物理类,本科批,5561,梧州学院,（02）,首选物理，再选不限,506,140608,,,3,广西,公办,0,0
江苏,2025,物理类,本科批,5561,梧州学院,（03）,首选物理，再选化学,499,155895,,,18,广西,公办,0,0
江苏,2025,物理类,本科批,5601,海南大学,,首选物理，再选不限,542,39620,,,0,海南,公办,0,1
江苏,2025,物理类,本科批,5601,海南大学,,首选物理，再选化学,594,29638,,,0,海南,公办,0,1
江苏,2025,物理类,本科批,5602,海南师范大学,,首选物理，再选不限,521,110914,,,18,海南,公办,0,0
江苏,2025,物理类,本科批,5602,海南师范大学,,首选物理，再选化学,531,88855,,,15,海南,公办,0,0
江苏,2025,物理类,本科批,5602,海南师范大学,（09）,首选物理，再选化学、生物(2科必选),527,125021,,,4,海南,公办,0,0
江苏,2025,物理类,本科批,5603,海南医科大学,（01）,首选物理，再选不限,570,61029,,,4,海南,公办,0,0
江苏,2025,物理类,本科批,5603,海南医科大学,,首选物理，再选化学,508,64677,,,60,海南,公办,0,0
江苏,2025,物理类,本科批,5604,海南热带海洋学院,,首选物理，再选不限,477,137742,,,0,海南,公办,0,0
江苏,2025,物理类,本科批,5604,海南热带海洋学院,（07）,首选物理，再选化学,495,154519,,,0,海南,公办,0,0
江苏,2025,物理类,本科批,5619,琼台师范学院,（04）,首选物理，再选不限,464,204991,,,0,海南,公办,0,0
江苏,2025,物理类,本科批,5619,琼台师范学院,（05）,首选物理，再选化学,503,155895,,,0,海南,公办,0,0
江苏,2025,物理类,本科批,5621,海南比勒费尔德应用科学大学,（01）,首选物理，再选不限,464,202992,,,11,海南,境外高校独立办学,0,0
江苏,2025,物理类,本科批,5621,海南比勒费尔德应用科学大学,,首选物理，再选化学,464,195768,,,12,海南,境外高校独立办学,0,0
江苏,2025,物理类,本科批,6101,四川大学,,首选物理，再选不限,635,9279,,,0,四川,公办,1,1
江苏,2025,物理类,本科批,6101,四川大学,,首选物理，再选化学,597,1835,,,0,四川,公办,1,1
江苏,2025,物理类,本科批,6102,西南交通大学,,首选物理，再选化学,581,13359,,,288,四川,公办,0,1
江苏,2025,物理类,本科批,6103,西南财经大学,,首选物理，再选不限,587,11248,,,0,四川,公办,0,1
江苏,2025,物理类,本科批,6103,西南财经大学,（05）,首选物理，再选化学,622,13359,,,0,四川,公办,0,1
江苏,2025,物理类,本科批,6105,西南民族大学,（02）,首选物理，再选不限,545,95642,,,9,四川,公办,0,0
江苏,2025,物理类,本科批,6105,西南民族大学,（03）,首选物理，再选化学,554,82292,,,12,四川,公办,0,0
江苏,2025,物理类,本科批,6106,成都理工大学,,首选物理，再选不限,549,45633,,,11,四川,公办,0,0
江苏,2025,物理类,本科批,6106,成都理工大学,,首选物理，再选化学,567,30492,,,39,四川,公办,0,0
江苏,2025,物理类,本科批,6107,成都信息工程大学,（02）,首选物理，再选化学,584,43570,,,34,四川,公办,0,0
江苏,2025,物理类,本科批,6108,成都体育学院,,首选物理，再选不限,539,69540,,,0,四川,公办,0,0
江苏,2025,物理类,本科批,6108,成都体育学院,（05）,首选物理，再选化学,541,105341,,,0,四川,公办,0,0
江苏,2025,物理类,本科批,6110,西华大学,（03）,首选物理，再选化学,536,92971,,,0,四川,公办,0,0
江苏,2025,物理类,本科批,6111,成都中医药大学,,首选物理，再选不限,591,16379,,,0,四川,公办,0,0
江苏,2025,物理类,本科批,6112,电子科技大学,,首选物理，再选化学,640,2847,,,115,四川,公办,1,1
江苏,2025,物理类,本科批,6113,四川农业大学,（01）,首选物理，再选不限,590,43570,,,8,四川,公办,0,1
江苏,2025,物理类,本科批,6113,四川农业大学,（02）,首选物理，再选化学,589,40639,,,14,四川,公办,0,1
江苏,2025,物理类,本科批,6114,成都大学,（04）,首选物理，再选不限,539,108073,,,6,四川,公办,0,0
江苏,2025,物理类,本科批,6114,成都大学,,首选物理，再选化学,551,67133,,,11,四川,公办,0,0
江苏,2025,物理类,本科批,6115,四川轻化工大学,（02）,首选物理，再选化学,546,95642,,,5,四川,公办,0,0
江苏,2025,物理类,本科批,6116,成都医学院,（01）,首选物理，再选化学,538,106680,,,9,四川,公办,0,0
江苏,2025,物理类,本科批,6117,西昌学院,,首选物理，再选化学,497,154519,,,0,四川,公办,0,0
江苏,2025,物理类,本科批,6118,内江师范学院,（03）,首选物理，再选不限,519,136395,,,3,四川,公办,0,0
江苏,2025,物理类,本科批,6118,内江师范学院,（04）,首选物理，再选化学,526,126402,,,2,四川,公办,0,0
江苏,2025,物理类,本科批,6120,四川警察学院,（02）,首选物理，再选不限,560,79711,,,0,四川,公办,0,0
江苏,2025,物理类,本科批,6129,成都师范学院,（03）,首选物理，再选不限,532,117992,,,0,四川,公办,0,0
江苏,2025,物理类,本科批,6129,成都师范学院,（04）,首选物理，再选化学,517,139203,,,0,四川,公办,0,0
江苏,2025,物理类,本科批,6129,成都师范学院,（05）,首选物理，再选地理,550,92971,,,0,四川,公办,0,0
江苏,2025,物理类,本科批,6131,西南科技大学,（02）,首选物理，再选不限,540,106680,,,0,四川,公办,0,0
江苏,2025,物理类,本科批,6131,西南科技大学,（03）,首选物理，再选化学,542,73284,,,0,四川,公办,0,0
江苏,2025,物理类,本科批,6135,四川工程职业技术大学,（02）,首选物理，再选不限,514,139203,,,5,四川,公办,0,0
江苏,2025,物理类,本科批,6140,四川师范大学,（04）,首选物理，再选化学,549,67133,,,0,四川,公办,0,0
江苏,2025,物理类,本科批,6141,西南石油大学,（02）,首选物理，再选化学,596,33985,,,0,四川,公办,0,0
江苏,2025,物理类,本科批,6142,西华师范大学,（02）,首选物理，再选化学,530,119385,,,0,四川,公办,0,0
江苏,2025,物理类,本科批,6143,西南医科大学,,首选物理，再选化学,560,46626,,,0,四川,公办,0,0
江苏,2025,物理类,本科批,6144,绵阳师范学院,（02）,首选物理，再选化学,502,159919,,,2,四川,公办,0,0
江苏,2025,物理类,本科批,6144,绵阳师范学院,（03）,首选物理，再选生物,531,119385,,,1,四川,公办,0,0
江苏,2025,物理类,本科批,6150,成都工业学院,（01）,首选物理，再选化学,534,108073,,,6,四川,公办,0,0
江苏,2025,物理类,本科批,6151,乐山师范学院,（02）,首选物理，再选化学,501,155895,,,11,四川,公办,0,0
江苏,2025,物理类,本科批,6151,乐山师范学院,（03）,首选物理，再选化学、生物(2科必选),502,159919,,,3,四川,公办,0,0
江苏,2025,物理类,本科批,6161,川北医学院,,首选物理，再选化学,533,56445,,,0,四川,公办,0,0
江苏,2025,物理类,本科批,6181,宜宾学院,（02）,首选物理，再选不限,513,144772,,,4,四川,公办,0,0
江苏,2025,物理类,本科批,6181,宜宾学院,（03）,首选物理，再选化学,506,148936,,,7,四川,公办,0,0
江苏,2025,物理类,本科批,6187,攀枝花学院,（02）,首选物理，再选化学,516,140608,,,2,四川,公办,0,0
江苏,2025,物理类,本科批,6201,重庆大学,,首选物理，再选化学,637,4363,,,129,重庆,公办,1,1
江苏,2025,物理类,本科批,6202,西南大学,,首选物理，再选不限,591,33985,,,14,重庆,公办,0,1
江苏,2025,物理类,本科批,6202,西南大学,,首选物理，再选化学,597,21043,,,40,重庆,公办,0,1
江苏,2025,物理类,本科批,6202,西南大学,（10）,首选物理，再选化学、生物(2科必选),615,21735,,,2,重庆,公办,0,1
江苏,2025,物理类,本科批,6202,西南大学,（11）,首选物理，再选地理,612,24769,,,1,重庆,公办,0,1
江苏,2025,物理类,本科批,6203,西南政法大学,,首选物理，再选不限,600,15099,,,40,重庆,公办,0,0
江苏,2025,物理类,本科批,6205,重庆医科大学,,首选物理，再选化学,557,13915,,,0,重庆,公办,0,0
江苏,2025,物理类,本科批,6206,重庆工商大学,（02）,首选物理，再选不限,544,84863,,,0,重庆,公办,0,0
江苏,2025,物理类,本科批,6206,重庆工商大学,（03）,首选物理，再选化学,549,82293,,,0,重庆,公办,0,0
江苏,2025,物理类,本科批,6207,重庆交通大学,（03）,首选物理，再选不限,547,79711,,,18,重庆,公办,0,0
江苏,2025,物理类,本科批,6207,重庆交通大学,（04）,首选物理，再选化学,547,72122,,,62,重庆,公办,0,0
江苏,2025,物理类,本科批,6208,重庆理工大学,（03）,首选物理，再选不限,568,67133,,,8,重庆,公办,0,0
江苏,2025,物理类,本科批,6208,重庆理工大学,,首选物理，再选化学,570,51945,,,44,重庆,公办,0,0
江苏,2025,物理类,本科批,6209,重庆邮电大学,,首选物理，再选化学,586,30492,,,39,重庆,公办,0,0
江苏,2025,物理类,本科批,6210,重庆师范大学,（04）,首选物理，再选不限,538,96973,,,17,重庆,公办,0,0
江苏,2025,物理类,本科批,6210,重庆师范大学,,首选物理，再选化学,550,79711,,,30,重庆,公办,0,0
江苏,2025,物理类,本科批,6210,重庆师范大学,（07）,首选物理，再选地理,572,64677,,,3,重庆,公办,0,0
江苏,2025,物理类,本科批,6211,四川美术学院,（02）,首选物理，再选不限,530,119385,,,2,重庆,公办,0,0
江苏,2025,物理类,本科批,6211,四川美术学院,（03）,首选物理，再选化学,590,44618,,,1,重庆,公办,0,0
江苏,2025,物理类,本科批,6212,四川外国语大学,,首选物理，再选不限,532,70815,,,0,重庆,公办,0,0
江苏,2025,物理类,本科批,6212,四川外国语大学,（12）,首选物理，再选思想政治,540,105342,,,0,重庆,公办,0,0
江苏,2025,物理类,本科批,6213,重庆三峡学院,（02）,首选物理，再选不限,518,130715,,,6,重庆,公办,0,0
江苏,2025,物理类,本科批,6213,重庆三峡学院,（03）,首选物理，再选化学,512,123539,,,42,重庆,公办,0,0
江苏,2025,物理类,本科批,6214,长江师范学院,（03）,首选物理，再选不限,511,136395,,,0,重庆,公办,0,0
江苏,2025,物理类,本科批,6214,长江师范学院,,首选物理，再选化学,490,143440,,,0,重庆,公办,0,0
江苏,2025,物理类,本科批,6214,长江师范学院,（06）,首选物理，再选生物,524,129305,,,0,重庆,公办,0,0
江苏,2025,物理类,本科批,6215,重庆文理学院,（01）,首选物理，再选不限,525,126402,,,4,重庆,公办,0,0
江苏,2025,物理类,本科批,6215,重庆文理学院,（02）,首选物理，再选化学,519,119385,,,25,重庆,公办,0,0
江苏,2025,物理类,本科批,6221,重庆科技大学,（02）,首选物理，再选不限,545,99722,,,3,重庆,公办,0,0
江苏,2025,物理类,本科批,6221,重庆科技大学,,首选物理，再选化学,541,87528,,,45,重庆,公办,0,0
江苏,2025,物理类,本科批,6301,贵州大学,,首选物理，再选化学,576,27150,,,0,贵州,公办,0,1
江苏,2025,物理类,本科批,6302,贵州中医药大学,（03）,首选物理，再选不限,574,62232,,,4,贵州,公办,0,0
江苏,2025,物理类,本科批,6302,贵州中医药大学,,首选物理，再选化学,518,102526,,,14,贵州,公办,0,0
江苏,2025,物理类,本科批,6303,贵州医科大学,,首选物理，再选化学,545,40639,,,6,贵州,公办,0,0
江苏,2025,物理类,本科批,6304,贵州财经大学,,首选物理，再选不限,508,98331,,,0,贵州,公办,0,0
江苏,2025,物理类,本科批,6305,贵州民族大学,（01）,首选物理，再选化学,504,146160,,,8,贵州,公办,0,0
江苏,2025,物理类,本科批,6308,安顺学院,（03）,首选物理，再选不限,517,139203,,,1,贵州,公办,0,0
江苏,2025,物理类,本科批,6308,安顺学院,（04）,首选物理，再选化学,497,163926,,,3,贵州,公办,0,0
江苏,2025,物理类,本科批,6308,安顺学院,（05）,首选物理，再选地理,514,143440,,,1,贵州,公办,0,0
江苏,2025,物理类,本科批,6309,贵阳学院,（01）,首选物理，再选化学,499,155895,,,22,贵州,公办,0,0
江苏,2025,物理类,本科批,6310,黔南民族师范学院,（02）,首选物理，再选不限,503,158579,,,1,贵州,公办,0,0
江苏,2025,物理类,本科批,6310,黔南民族师范学院,（03）,首选物理，再选化学,499,146160,,,3,贵州,公办,0,0
江苏,2025,物理类,本科批,6314,遵义医科大学,,首选物理，再选化学,574,49806,,,30,贵州,公办,0,0
江苏,2025,物理类,本科批,6315,贵州工程应用技术学院,（03）,首选物理，再选不限,506,154519,,,2,贵州,公办,0,0
江苏,2025,物理类,本科批,6315,贵州工程应用技术学院,（04）,首选物理，再选化学,496,165225,,,7,贵州,公办,0,0
江苏,2025,物理类,本科批,6316,贵州商学院,,首选物理，再选不限,494,154519,,,6,贵州,公办,0,0
江苏,2025,物理类,本科批,6316,贵州商学院,（05）,首选物理，再选化学,484,183221,,,4,贵州,公办,0,0
江苏,2025,物理类,本科批,6319,贵州理工学院,（01）,首选物理，再选不限,505,155895,,,2,贵州,公办,0,0
江苏,2025,物理类,本科批,6319,贵州理工学院,（02）,首选物理，再选化学,504,146160,,,8,贵州,公办,0,0
江苏,2025,物理类,本科批,6320,六盘水师范学院,（02）,首选物理，再选化学,500,158579,,,6,贵州,公办,0,0
江苏,2025,物理类,本科批,6323,贵州警察学院,（02）,首选物理，再选不限,545,95642,,,3,贵州,公办,0,0
江苏,2025,物理类,本科批,6323,贵州警察学院,（03）,首选物理，再选化学,530,120767,,,1,贵州,公办,0,0
江苏,2025,物理类,本科批,6324,贵阳康养职业大学,,首选物理，再选不限,509,148936,,,3,贵州,公办,0,0
江苏,2025,物理类,本科批,6324,贵阳康养职业大学,（04）,首选物理，再选化学,496,167921,,,2,贵州,公办,0,0
江苏,2025,物理类,本科批,6401,云南大学,（03）,首选物理，再选不限,599,33985,,,4,云南,公办,0,1
江苏,2025,物理类,本科批,6401,云南大学,,首选物理，再选化学,556,27150,,,7,云南,公办,0,1
江苏,2025,物理类,本科批,6401,云南大学,,首选物理，再选化学、生物(2科必选),592,7928,,,8,云南,公办,0,1
江苏,2025,物理类,本科批,6402,云南师范大学,,首选物理，再选化学,514,110914,,,20,云南,公办,0,0
江苏,2025,物理类,本科批,6402,云南师范大学,（05）,首选物理，再选地理,552,84862,,,6,云南,公办,0,0
江苏,2025,物理类,本科批,6404,昆明理工大学,（03）,首选物理，再选不限,543,99722,,,0,云南,公办,0,0
江苏,2025,物理类,本科批,6404,昆明理工大学,,首选物理，再选化学,544,64677,,,0,云南,公办,0,0
江苏,2025,物理类,本科批,6404,昆明理工大学,（06）,首选物理，再选化学、生物(2科必选),564,72122,,,0,云南,公办,0,0
江苏,2025,物理类,本科批,6405,云南农业大学,,首选物理，再选不限,512,126402,,,6,云南,公办,0,0
江苏,2025,物理类,本科批,6405,云南农业大学,,首选物理，再选化学,496,91583,,,33,云南,公办,0,0
江苏,2025,物理类,本科批,6406,昆明医科大学,,首选物理，再选化学,538,56445,,,0,云南,公办,0,0
江苏,2025,物理类,本科批,6407,玉溪师范学院,（02）,首选物理，再选化学,499,161261,,,6,云南,公办,0,0
江苏,2025,物理类,本科批,6408,云南财经大学,（02）,首选物理，再选不限,524,82292,,,47,云南,公办,0,0
江苏,2025,物理类,本科批,6408,云南财经大学,（03）,首选物理，再选化学,525,119385,,,26,云南,公办,0,0
江苏,2025,物理类,本科批,6409,楚雄师范学院,（01）,首选物理，再选不限,503,158579,,,2,云南,公办,0,0
江苏,2025,物理类,本科批,6409,楚雄师范学院,（02）,首选物理，再选化学,494,167921,,,10,云南,公办,0,0
江苏,2025,物理类,本科批,6410,昆明学院,（02）,首选物理，再选不限,512,133470,,,6,云南,公办,0,0
江苏,2025,物理类,本科批,6410,昆明学院,（03）,首选物理，再选化学,506,126402,,,26,云南,公办,0,0
江苏,2025,物理类,本科批,6410,昆明学院,（04）,首选物理，再选化学、生物(2科必选),522,122198,,,4,云南,公办,0,0
江苏,2025,物理类,本科批,6411,大理大学,,首选物理，再选化学,513,75837,,,30,云南,公办,0,0
江苏,2025,物理类,本科批,6413,红河学院,（02）,首选物理，再选不限,504,150364,,,7,云南,公办,0,0
江苏,2025,物理类,本科批,6413,红河学院,（03）,首选物理，再选化学,498,157259,,,18,云南,公办,0,0
江苏,2025,物理类,本科批,6414,云南民族大学,（03）,首选物理，再选化学,517,136395,,,0,云南,公办,0,0
江苏,2025,物理类,本科批,6415,西南林业大学,（01）,首选物理，再选不限,511,122198,,,8,云南,公办,0,0
江苏,2025,物理类,本科批,6415,西南林业大学,,首选物理，再选化学,519,88855,,,19,云南,公办,0,0
江苏,2025,物理类,本科批,6415,西南林业大学,（04）,首选物理，再选生物,532,117992,,,3,云南,公办,0,0
江苏,2025,物理类,本科批,6417,曲靖师范学院,（03）,首选物理，再选不限,506,154519,,,1,云南,公办,0,0
江苏,2025,物理类,本科批,6417,曲靖师范学院,（04）,首选物理，再选化学,498,165225,,,2,云南,公办,0,0
江苏,2025,物理类,本科批,6417,曲靖师范学院,（05）,首选物理，再选地理,511,147536,,,1,云南,公办,0,0
江苏,2025,物理类,本科批,6420,文山学院,（02）,首选物理，再选地理,507,153112,,,5,云南,公办,0,0
江苏,2025,物理类,本科批,6501,西藏大学,（02）,首选物理，再选不限,560,62232,,,2,西藏,公办,0,1
江苏,2025,物理类,本科批,6501,西藏大学,（03）,首选物理，再选化学,555,86192,,,1,西藏,公办,0,1
江苏,2025,物理类,本科批,6501,西藏大学,（04）,首选物理，再选化学、生物(2科必选),583,51945,,,1,西藏,公办,0,1
江苏,2025,物理类,本科批,7101,西北大学,（03）,首选物理，再选不限,602,31363,,,0,陕西,公办,0,1
江苏,2025,物理类,本科批,7101,西北大学,,首选物理，再选化学,594,23215,,,0,陕西,公办,0,1
江苏,2025,物理类,本科批,7101,西北大学,（08）,首选物理，再选地理,604,30493,,,0,陕西,公办,0,1
江苏,2025,物理类,本科批,7102,西北工业大学,,首选物理，再选化学,640,3081,,,198,陕西,公办,1,1
江苏,2025,物理类,本科批,7103,陕西师范大学,（03）,首选物理，再选不限,604,31362,,,2,陕西,公办,0,1
江苏,2025,物理类,本科批,7103,陕西师范大学,,首选物理，再选化学,592,32190,,,28,陕西,公办,0,1
江苏,2025,物理类,本科批,7103,陕西师范大学,（07）,首选物理，再选地理,610,26330,,,3,陕西,公办,0,1
江苏,2025,物理类,本科批,7103,陕西师范大学,（06）,首选物理，再选生物,603,32190,,,3,陕西,公办,0,1
江苏,2025,物理类,本科批,7104,西安交通大学,（02）,首选物理，再选不限,648,4973,,,0,陕西,公办,1,1
江苏,2025,物理类,本科批,7104,西安交通大学,,首选物理，再选化学,630,1663,,,0,陕西,公办,1,1
江苏,2025,物理类,本科批,7105,西安电子科技大学,,首选物理，再选不限,615,13359,,,0,陕西,公办,0,1
江苏,2025,物理类,本科批,7105,西安电子科技大学,,首选物理，再选化学,634,4082,,,0,陕西,公办,0,1
江苏,2025,物理类,本科批,7107,长安大学,（03）,首选物理，再选不限,596,34888,,,12,陕西,公办,0,1
江苏,2025,物理类,本科批,7107,长安大学,,首选物理，再选化学,595,17028,,,99,陕西,公办,0,1
江苏,2025,物理类,本科批,7108,西安建筑科技大学,,首选物理，再选不限,518,79711,,,13,陕西,公办,0,0
江苏,2025,物理类,本科批,7108,西安建筑科技大学,,首选物理，再选化学,534,67133,,,69,陕西,公办,0,0
江苏,2025,物理类,本科批,7109,西北政法大学,（02）,首选物理，再选不限,614,19674,,,0,陕西,公办,0,0
江苏,2025,物理类,本科批,7110,西安工程大学,（04）,首选物理，再选不限,536,103949,,,12,陕西,公办,0,0
江苏,2025,物理类,本科批,7110,西安工程大学,,首选物理，再选化学,532,65871,,,66,陕西,公办,0,0
江苏,2025,物理类,本科批,7111,西安财经大学,,首选物理，再选不限,541,54119,,,7,陕西,公办,0,0
江苏,2025,物理类,本科批,7111,西安财经大学,（04）,首选物理，再选化学,562,77093,,,6,陕西,公办,0,0
江苏,2025,物理类,本科批,7112,西安理工大学,（01）,首选物理，再选不限,574,58764,,,11,陕西,公办,0,0
江苏,2025,物理类,本科批,7112,西安理工大学,（02）,首选物理，再选化学,558,38685,,,88,陕西,公办,0,0
江苏,2025,物理类,本科批,7113,西安石油大学,,首选物理，再选化学,550,58764,,,56,陕西,公办,0,0
江苏,2025,物理类,本科批,7114,西安医学院,,首选物理，再选化学,514,101161,,,4,陕西,公办,0,0
江苏,2025,物理类,本科批,7114,西安医学院,（05）,首选物理，再选化学、生物(2科必选),572,64677,,,2,陕西,公办,0,0
江苏,2025,物理类,本科批,7114,西安医学院,（06）,首选物理，再选生物,537,110914,,,2,陕西,公办,0,0
江苏,2025,物理类,本科批,7115,西安工业大学,（02）,首选物理，再选不限,575,55261,,,6,陕西,公办,0,0
江苏,2025,物理类,本科批,7115,西安工业大学,,首选物理，再选化学,539,39620,,,30,陕西,公办,0,0
江苏,2025,物理类,本科批,7116,西安邮电大学,（02）,首选物理，再选不限,591,43570,,,0,陕西,公办,0,0
江苏,2025,物理类,本科批,7116,西安邮电大学,,首选物理，再选化学,582,29638,,,0,陕西,公办,0,0
江苏,2025,物理类,本科批,7117,西安外国语大学,（04）,首选物理，再选不限,544,81013,,,22,陕西,公办,0,0
江苏,2025,物理类,本科批,7117,西安外国语大学,（05）,首选物理，再选化学,564,74582,,,3,陕西,公办,0,0
江苏,2025,物理类,本科批,7118,西安科技大学,（01）,首选物理，再选不限,562,72122,,,9,陕西,公办,0,0
江苏,2025,物理类,本科批,7118,西安科技大学,（02）,首选物理，再选化学,555,77093,,,29,陕西,公办,0,0
江苏,2025,物理类,本科批,7118,西安科技大学,（03）,首选物理，再选地理,575,61029,,,3,陕西,公办,0,0
江苏,2025,物理类,本科批,7122,西安文理学院,（03）,首选物理，再选化学,504,155895,,,12,陕西,公办,0,0
江苏,2025,物理类,本科批,7131,西安航空学院,,首选物理，再选化学,504,116554,,,0,陕西,公办,0,0
江苏,2025,物理类,本科批,7138,陕西中医药大学,（01）,首选物理，再选不限,581,54119,,,3,陕西,公办,0,0
江苏,2025,物理类,本科批,7138,陕西中医药大学,（02）,首选物理，再选化学,546,88855,,,13,陕西,公办,0,0
江苏,2025,物理类,本科批,7140,渭南师范学院,（03）,首选物理，再选不限,500,159919,,,4,陕西,公办,0,0
江苏,2025,物理类,本科批,7140,渭南师范学院,（04）,首选物理，再选化学,503,154519,,,6,陕西,公办,0,0
江苏,2025,物理类,本科批,7141,西北农林科技大学,,首选物理，再选不限,612,20349,,,9,陕西,公办,1,1
江苏,2025,物理类,本科批,7141,西北农林科技大学,,首选物理，再选化学,592,18319,,,64,陕西,公办,1,1
江苏,2025,物理类,本科批,7141,西北农林科技大学,（09）,首选物理，再选化学、生物(2科必选),625,15713,,,3,陕西,公办,1,1
江苏,2025,物理类,本科批,7141,西北农林科技大学,（11）,首选物理，再选地理,618,20349,,,2,陕西,公办,1,1
江苏,2025,物理类,本科批,7141,西北农林科技大学,（10）,首选物理，再选生物,614,23214,,,2,陕西,公办,1,1
江苏,2025,物理类,本科批,7142,延安大学,（03）,首选物理，再选不限,520,106680,,,10,陕西,公办,0,0
江苏,2025,物理类,本科批,7142,延安大学,（04）,首选物理，再选化学,525,110914,,,16,陕西,公办,0,0
江苏,2025,物理类,本科批,7150,陕西学前师范学院,（03）,首选物理，再选不限,501,157259,,,0,陕西,公办,0,0
江苏,2025,物理类,本科批,7150,陕西学前师范学院,（04）,首选物理，再选化学,501,161261,,,0,陕西,公办,0,0
江苏,2025,物理类,本科批,7150,陕西学前师范学院,（05）,首选物理，再选地理,507,153112,,,0,陕西,公办,0,0
江苏,2025,物理类,本科批,7151,陕西科技大学,（02）,首选物理，再选不限,558,82292,,,5,陕西,公办,0,0
江苏,2025,物理类,本科批,7151,陕西科技大学,,首选物理，再选化学,520,54119,,,47,陕西,公办,0,0
江苏,2025,物理类,本科批,7162,宝鸡文理学院,（02）,首选物理，再选化学,502,150364,,,30,陕西,公办,0,0
江苏,2025,物理类,本科批,7165,咸阳师范学院,（02）,首选物理，再选不限,519,136395,,,2,陕西,公办,0,0
江苏,2025,物理类,本科批,7166,商洛学院,,首选物理，再选化学,502,154519,,,8,陕西,公办,0,0
江苏,2025,物理类,本科批,7167,陕西理工大学,（04）,首选物理，再选不限,531,108073,,,0,陕西,公办,0,0
江苏,2025,物理类,本科批,7167,陕西理工大学,（05）,首选物理，再选化学,525,99722,,,0,陕西,公办,0,0
江苏,2025,物理类,本科批,7167,陕西理工大学,（07）,首选物理，再选地理,547,96973,,,0,陕西,公办,0,0
江苏,2025,物理类,本科批,7167,陕西理工大学,（06）,首选物理，再选思想政治,539,108073,,,0,陕西,公办,0,0
江苏,2025,物理类,本科批,7201,兰州大学,（03）,首选物理，再选不限,624,12320,,,16,甘肃,公办,1,1
江苏,2025,物理类,本科批,7201,兰州大学,（04）,首选物理，再选化学,630,8362,,,120,甘肃,公办,1,1
江苏,2025,物理类,本科批,7202,兰州理工大学,（02）,首选物理，再选不限,532,102526,,,7,甘肃,公办,0,0
江苏,2025,物理类,本科批,7202,兰州理工大学,（03）,首选物理，再选化学,515,72122,,,117,甘肃,公办,0,0
江苏,2025,物理类,本科批,7203,兰州财经大学,（02）,首选物理，再选不限,509,120767,,,0,甘肃,公办,0,0
江苏,2025,物理类,本科批,7203,兰州财经大学,（03）,首选物理，再选化学,539,108073,,,0,甘肃,公办,0,0
江苏,2025,物理类,本科批,7204,兰州交通大学,（02）,首选物理，再选不限,544,82292,,,0,甘肃,公办,0,0
江苏,2025,物理类,本科批,7204,兰州交通大学,（03）,首选物理，再选化学,556,27150,,,0,甘肃,公办,0,0
江苏,2025,物理类,本科批,7205,西北民族大学,,首选物理，再选不限,498,132082,,,4,甘肃,公办,0,0
江苏,2025,物理类,本科批,7205,西北民族大学,（08）,首选物理，再选化学,501,130715,,,34,甘肃,公办,0,0
江苏,2025,物理类,本科批,7206,甘肃农业大学,（02）,首选物理，再选不限,523,123539,,,5,甘肃,公办,0,0
江苏,2025,物理类,本科批,7207,甘肃政法大学,（03）,首选物理，再选不限,546,62232,,,0,甘肃,公办,0,0
江苏,2025,物理类,本科批,7207,甘肃政法大学,（04）,首选物理，再选化学,546,92971,,,0,甘肃,公办,0,0
江苏,2025,物理类,本科批,7211,陇东学院,（02）,首选物理，再选不限,515,142068,,,1,甘肃,公办,0,0
江苏,2025,物理类,本科批,7211,陇东学院,（03）,首选物理，再选化学,498,162612,,,18,甘肃,公办,0,0
江苏,2025,物理类,本科批,7214,西北师范大学,（03）,首选物理，再选不限,473,123539,,,0,甘肃,公办,0,0
江苏,2025,物理类,本科批,7214,西北师范大学,（04）,首选物理，再选化学,532,94329,,,0,甘肃,公办,0,0
江苏,2025,物理类,本科批,7214,西北师范大学,（05）,首选物理，再选地理,553,88855,,,0,甘肃,公办,0,0
江苏,2025,物理类,本科批,7216,天水师范大学,（02）,首选物理，再选不限,506,154519,,,0,甘肃,公办,0,0
江苏,2025,物理类,本科批,7216,天水师范大学,（03）,首选物理，再选化学,500,148936,,,0,甘肃,公办,0,0
江苏,2025,物理类,本科批,7217,兰州工业学院,（01）,首选物理，再选化学,502,148936,,,27,甘肃,公办,0,0
江苏,2025,物理类,本科批,7218,兰州城市学院,（02）,首选物理，再选不限,503,157259,,,12,甘肃,公办,0,0
江苏,2025,物理类,本科批,7219,兰州文理学院,（02）,首选物理，再选化学,502,159919,,,10,甘肃,公办,0,0
江苏,2025,物理类,本科批,7220,甘肃医学院,,首选物理，再选化学,510,87529,,,12,甘肃,公办,0,0
江苏,2025,物理类,本科批,7222,兰州石化职业技术大学,（03）,首选物理，再选化学,498,163926,,,4,甘肃,公办,0,0
江苏,2025,物理类,本科批,7223,兰州资源环境职业技术大学,（01）,首选物理，再选不限,517,139203,,,0,甘肃,公办,0,0
江苏,2025,物理类,本科批,7224,甘肃中医药大学,,首选物理，再选不限,568,44618,,,7,甘肃,公办,0,0
江苏,2025,物理类,本科批,7224,甘肃中医药大学,,首选物理，再选化学,523,84862,,,14,甘肃,公办,0,0
江苏,2025,物理类,本科批,7301,青海大学,（01）,首选物理，再选化学,593,33069,,,0,青海,公办,0,1
江苏,2025,物理类,本科批,7301,青海大学,（02）,首选物理，再选化学、生物(2科必选),598,36724,,,0,青海,公办,0,1
江苏,2025,物理类,本科批,7302,青海民族大学,（04）,首选物理，再选化学,499,162612,,,4,青海,公办,0,0
江苏,2025,物理类,本科批,7302,青海民族大学,（06）,首选物理，再选地理,486,180771,,,6,青海,公办,0,0
江苏,2025,物理类,本科批,7302,青海民族大学,（05）,首选物理，再选思想政治,508,151737,,,2,青海,公办,0,0
江苏,2025,物理类,本科批,7303,青海师范大学,（02）,首选物理，再选不限,525,127836,,,2,青海,公办,0,0
江苏,2025,物理类,本科批,7303,青海师范大学,（03）,首选物理，再选化学,520,134945,,,2,青海,公办,0,0
江苏,2025,物理类,本科批,7304,青海职业技术大学,（02）,首选物理，再选不限,504,151737,,,60,青海,公办,0,0
江苏,2025,物理类,本科批,7305,青海理工学院,（01）,首选物理，再选不限,507,150364,,,6,青海,公办,0,0
江苏,2025,物理类,本科批,7305,青海理工学院,（02）,首选物理，再选化学,497,158579,,,24,青海,公办,0,0
江苏,2025,物理类,本科批,7401,北方民族大学,（03）,首选物理，再选不限,517,130715,,,0,宁夏,公办,0,0
江苏,2025,物理类,本科批,7401,北方民族大学,,首选物理，再选化学,504,132082,,,0,宁夏,公办,0,0
江苏,2025,物理类,本科批,7402,宁夏大学,,首选物理，再选化学,583,32190,,,0,宁夏,公办,0,1
江苏,2025,物理类,本科批,7403,宁夏医科大学,,首选物理，再选化学,542,35803,,,0,宁夏,公办,0,0
江苏,2025,物理类,本科批,7403,宁夏医科大学,（04）,首选物理，再选化学、生物(2科必选),540,106680,,,0,宁夏,公办,0,0
江苏,2025,物理类,本科批,7501,新疆大学,（03）,首选物理，再选不限,575,59905,,,0,新疆,公办,0,1
江苏,2025,物理类,本科批,7501,新疆大学,（04）,首选物理，再选化学,564,36724,,,2,新疆,公办,0,1
江苏,2025,物理类,本科批,7501,新疆大学,（05）,首选物理，再选地理,580,48740,,,0,新疆,公办,0,1
江苏,2025,物理类,本科批,7502,新疆师范大学,,首选物理，再选不限,500,94329,,,31,新疆,公办,0,0
江苏,2025,物理类,本科批,7502,新疆师范大学,（07）,首选物理，再选化学,496,129305,,,42,新疆,公办,0,0
江苏,2025,物理类,本科批,7502,新疆师范大学,（09）,首选物理，再选地理,520,115115,,,6,新疆,公办,0,0
江苏,2025,物理类,本科批,7502,新疆师范大学,（08）,首选物理，再选思想政治,519,136395,,,1,新疆,公办,0,0
江苏,2025,物理类,本科批,7503,新疆农业大学,,首选物理，再选不限,499,142068,,,34,新疆,公办,0,0
江苏,2025,物理类,本科批,7503,新疆农业大学,,首选物理，再选化学,476,129305,,,115,新疆,公办,0,0
江苏,2025,物理类,本科批,7504,中国石油大学（北京）克拉玛依校区,（01）,首选物理，再选不限,581,50891,,,0,新疆,公办,0,1
江苏,2025,物理类,本科批,7504,中国石油大学（北京）克拉玛依校区,（02）,首选物理，再选化学,585,38685,,,0,新疆,公办,0,1
江苏,2025,物理类,本科批,7505,新疆财经大学,（03）,首选物理，再选不限,499,112293,,,38,新疆,公办,0,0
江苏,2025,物理类,本科批,7505,新疆财经大学,（04）,首选物理，再选化学,504,129305,,,19,新疆,公办,0,0
江苏,2025,物理类,本科批,7505,新疆财经大学,（05）,首选物理，再选思想政治,495,115115,,,2,新疆,公办,0,0
江苏,2025,物理类,本科批,7507,昌吉学院,（02）,首选物理，再选不限,507,153112,,,1,新疆,公办,0,0
江苏,2025,物理类,本科批,7507,昌吉学院,（03）,首选物理，再选化学,488,173223,,,72,新疆,公办,0,0
江苏,2025,物理类,本科批,7508,新疆艺术学院,（02）,首选物理，再选不限,493,171881,,,0,新疆,公办,0,0
江苏,2025,物理类,本科批,7509,新疆工程学院,,首选物理，再选化学,492,155895,,,50,新疆,公办,0,0
江苏,2025,物理类,本科批,7511,石河子大学,（01）,首选物理，再选不限,562,65871,,,20,新疆,公办,0,1
江苏,2025,物理类,本科批,7511,石河子大学,,首选物理，再选化学,567,45633,,,64,新疆,公办,0,1
江苏,2025,物理类,本科批,7512,新疆科技学院,（03）,首选物理，再选不限,498,154519,,,0,新疆,公办,0,0
江苏,2025,物理类,本科批,7512,新疆科技学院,（04）,首选物理，再选化学,488,169250,,,0,新疆,公办,0,0
江苏,2025,物理类,本科批,7512,新疆科技学院,（05）,首选物理，再选化学、生物(2科必选),483,184370,,,0,新疆,公办,0,0
江苏,2025,物理类,本科批,7512,新疆科技学院,（06）,首选物理，再选生物,510,148936,,,0,新疆,公办,0,0
江苏,2025,物理类,本科批,7513,新疆理工学院,,首选物理，再选不限,500,148936,,,21,新疆,公办,0,0
江苏,2025,物理类,本科批,7513,新疆理工学院,（04）,首选物理，再选化学,486,169250,,,84,新疆,公办,0,0
江苏,2025,物理类,本科批,7521,伊犁师范大学,（04）,首选物理，再选不限,498,159919,,,42,新疆,公办,0,0
江苏,2025,物理类,本科批,7521,伊犁师范大学,（05）,首选物理，再选化学,486,155895,,,114,新疆,公办,0,0
江苏,2025,物理类,本科批,7521,伊犁师范大学,（07）,首选物理，再选地理,506,147536,,,12,新疆,公办,0,0
江苏,2025,物理类,本科批,7521,伊犁师范大学,（06）,首选物理，再选生物,506,154519,,,3,新疆,公办,0,0
江苏,2025,物理类,本科批,7523,新疆和田学院,（04）,首选物理，再选不限,497,161261,,,6,新疆,公办,0,0
江苏,2025,物理类,本科批,7523,新疆和田学院,（05）,首选物理，再选化学,484,178268,,,34,新疆,公办,0,0
江苏,2025,物理类,本科批,7526,塔里木大学,（02）,首选物理，再选化学,499,155895,,,17,新疆,公办,0,0
江苏,2025,物理类,本科批,7527,新疆医科大学,（01）,首选物理，再选不限,562,77093,,,3,新疆,公办,0,0
江苏,2025,物理类,本科批,7527,新疆医科大学,（02）,首选物理，再选化学,530,79711,,,10,新疆,公办,0,0
江苏,2025,物理类,本科批,7527,新疆医科大学,（03）,首选物理，再选化学、生物(2科必选),532,52996,,,42,新疆,公办,0,0
江苏,2025,物理类,本科批,7529,喀什大学,（03）,首选物理，再选不限,503,150364,,,5,新疆,公办,0,0
江苏,2025,物理类,本科批,7529,喀什大学,（04）,首选物理，再选化学,493,165225,,,30,新疆,公办,0,0
江苏,2025,物理类,本科批,7529,喀什大学,（05）,首选物理，再选思想政治,498,165225,,,3,新疆,公办,0,0
江苏,2025,物理类,本科批,7531,新疆政法学院,（03）,首选物理，再选不限,503,142068,,,32,新疆,公办,0,0
江苏,2025,物理类,本科批,7531,新疆政法学院,（04）,首选物理，再选化学,493,165225,,,31,新疆,公办,0,0
江苏,2025,物理类,本科批,7531,新疆政法学院,（05）,首选物理，再选思想政治,501,161261,,,2,新疆,公办,0,0
江苏,2025,物理类,本科批,8001,上海杉达学院,（03）,首选物理，再选不限,495,133470,,,0,上海,民办,0,0
江苏,2025,物理类,本科批,8001,上海杉达学院,（04）,首选物理，再选化学,469,186727,,,0,上海,民办,0,0
江苏,2025,物理类,本科批,8002,上海建桥学院,（03）,首选物理，再选不限,495,158579,,,11,上海,民办,0,0
江苏,2025,物理类,本科批,8002,上海建桥学院,（04）,首选物理，再选化学,469,174488,,,63,上海,民办,0,0
江苏,2025,物理类,本科批,8003,上海兴伟学院,（02）,首选物理，再选不限,465,202992,,,6,上海,民办,0,0
江苏,2025,物理类,本科批,8004,上海视觉艺术学院,（02）,首选物理，再选不限,524,129305,,,1,上海,民办,0,0
江苏,2025,物理类,本科批,8005,上海外国语大学贤达经济人文学院,,首选物理，再选不限,470,133470,,,70,上海,民办,0,0
江苏,2025,物理类,本科批,8005,上海外国语大学贤达经济人文学院,（04）,首选物理，再选化学,480,187938,,,1,上海,民办,0,0
江苏,2025,物理类,本科批,8006,上海师范大学天华学院,,首选物理，再选不限,471,190184,,,70,上海,民办,0,0
江苏,2025,物理类,本科批,8006,上海师范大学天华学院,（05）,首选物理，再选化学,463,204004,,,38,上海,民办,0,0
江苏,2025,物理类,本科批,8023,上海立达学院,（03）,首选物理，再选不限,467,196830,,,43,上海,民办,0,0
江苏,2025,物理类,本科批,8023,上海立达学院,（04）,首选物理，再选化学,463,205975,,,17,上海,民办,0,0
江苏,2025,物理类,本科批,8029,上海中侨职业技术大学,,首选物理，再选不限,472,169250,,,30,上海,民办,0,0
江苏,2025,物理类,本科批,8030,浙江万里学院,,首选物理，再选不限,495,137742,,,0,浙江,公办,0,0
江苏,2025,物理类,本科批,8030,浙江万里学院,,首选物理，再选化学,497,143440,,,0,浙江,公办,0,0
江苏,2025,物理类,本科批,8031,浙江树人学院,（02）,首选物理，再选不限,479,147536,,,120,浙江,民办,0,0
江苏,2025,物理类,本科批,8031,浙江树人学院,（03）,首选物理，再选化学,468,170582,,,65,浙江,民办,0,0
江苏,2025,物理类,本科批,8032,浙江越秀外国语学院,（02）,首选物理，再选不限,471,185582,,,109,浙江,民办,0,0
江苏,2025,物理类,本科批,8032,浙江越秀外国语学院,（03）,首选物理，再选化学,470,197910,,,12,浙江,民办,0,0
江苏,2025,物理类,本科批,8033,宁波财经学院,（02）,首选物理，再选不限,484,155895,,,22,浙江,民办,0,0
江苏,2025,物理类,本科批,8033,宁波财经学院,（03）,首选物理，再选化学,470,192448,,,27,浙江,民办,0,0
江苏,2025,物理类,本科批,8036,浙江工业大学之江学院,（02）,首选物理，再选不限,495,166591,,,6,浙江,民办,0,0
江苏,2025,物理类,本科批,8036,浙江工业大学之江学院,（03）,首选物理，再选化学,481,170582,,,54,浙江,民办,0,0
江苏,2025,物理类,本科批,8037,浙江师范大学行知学院,（02）,首选物理，再选化学,481,163926,,,28,浙江,民办,0,0
江苏,2025,物理类,本科批,8037,浙江师范大学行知学院,（03）,首选物理，再选生物,510,148936,,,2,浙江,民办,0,0
江苏,2025,物理类,本科批,8038,宁波大学科学技术学院,（02）,首选物理，再选不限,488,163926,,,0,浙江,民办,0,0
江苏,2025,物理类,本科批,8038,宁波大学科学技术学院,（03）,首选物理，再选化学,472,177018,,,0,浙江,民办,0,0
江苏,2025,物理类,本科批,8039,杭州电子科技大学信息工程学院,（01）,首选物理，再选不限,532,117992,,,0,浙江,民办,0,0
江苏,2025,物理类,本科批,8039,杭州电子科技大学信息工程学院,（02）,首选物理，再选化学,496,158579,,,0,浙江,民办,0,0
江苏,2025,物理类,本科批,8040,浙江理工大学科技与艺术学院,（01）,首选物理，再选不限,488,169250,,,14,浙江,民办,0,0
江苏,2025,物理类,本科批,8040,浙江理工大学科技与艺术学院,（02）,首选物理，再选化学,475,180771,,,17,浙江,民办,0,0
江苏,2025,物理类,本科批,8042,浙江农林大学暨阳学院,（02）,首选物理，再选不限,495,165225,,,0,浙江,民办,0,0
江苏,2025,物理类,本科批,8042,浙江农林大学暨阳学院,（03）,首选物理，再选化学,471,184370,,,0,浙江,民办,0,0
江苏,2025,物理类,本科批,8042,浙江农林大学暨阳学院,（04）,首选物理，再选生物,487,179556,,,0,浙江,民办,0,0
江苏,2025,物理类,本科批,8043,温州医科大学仁济学院,（02）,首选物理，再选不限,502,159919,,,6,浙江,民办,0,0
江苏,2025,物理类,本科批,8048,浙江工商大学杭州商学院,（02）,首选物理，再选不限,490,142068,,,29,浙江,民办,0,0
江苏,2025,物理类,本科批,8048,浙江工商大学杭州商学院,（03）,首选物理，再选化学,490,170582,,,15,浙江,民办,0,0
江苏,2025,物理类,本科批,8050,中国计量大学现代科技学院,（01）,首选物理，再选不限,539,108073,,,1,浙江,民办,0,0
江苏,2025,物理类,本科批,8050,中国计量大学现代科技学院,（02）,首选物理，再选化学,520,50891,,,4,浙江,民办,0,0
江苏,2025,物理类,本科批,8051,浙江财经大学东方学院,（02）,首选物理，再选不限,486,161261,,,56,浙江,民办,0,0
江苏,2025,物理类,本科批,8051,浙江财经大学东方学院,（03）,首选物理，再选化学,485,182030,,,6,浙江,民办,0,0
江苏,2025,物理类,本科批,8052,温州商学院,（03）,首选物理，再选不限,480,171881,,,12,浙江,民办,0,0
江苏,2025,物理类,本科批,8052,温州商学院,（04）,首选物理，再选化学,476,191363,,,8,浙江,民办,0,0
江苏,2025,物理类,本科批,8054,上海财经大学浙江学院,（02）,首选物理，再选不限,493,150364,,,32,浙江,民办,0,0
江苏,2025,物理类,本科批,8054,上海财经大学浙江学院,（03）,首选物理，再选化学,492,170582,,,7,浙江,民办,0,0
江苏,2025,物理类,本科批,8077,浙江广厦建设职业技术大学,（01）,首选物理，再选不限,492,155895,,,20,浙江,民办,0,0
江苏,2025,物理类,本科批,8080,安徽三联学院,（02）,首选物理，再选不限,487,173223,,,15,安徽,民办,0,0
江苏,2025,物理类,本科批,8080,安徽三联学院,（03）,首选物理，再选化学,472,193550,,,45,安徽,民办,0,0
江苏,2025,物理类,本科批,8081,安徽新华学院,（02）,首选物理，再选不限,482,178268,,,120,安徽,民办,0,0
江苏,2025,物理类,本科批,8081,安徽新华学院,（03）,首选物理，再选化学,466,197910,,,122,安徽,民办,0,0
江苏,2025,物理类,本科批,8082,安徽文达信息工程学院,（02）,首选物理，再选不限,484,179556,,,8,安徽,民办,0,0
江苏,2025,物理类,本科批,8083,安徽外国语学院,（02）,首选物理，再选不限,484,163926,,,8,安徽,民办,0,0
江苏,2025,物理类,本科批,8084,蚌埠工商学院,（02）,首选物理，再选不限,503,154519,,,0,安徽,民办,0,0
江苏,2025,物理类,本科批,8084,蚌埠工商学院,（03）,首选物理，再选化学,489,163926,,,0,安徽,民办,0,0
江苏,2025,物理类,本科批,8086,安徽信息工程学院,（02）,首选物理，再选化学,481,178268,,,25,安徽,民办,0,0
江苏,2025,物理类,本科批,8087,马鞍山学院,（02）,首选物理，再选不限,500,161262,,,0,安徽,民办,0,0
江苏,2025,物理类,本科批,8087,马鞍山学院,（03）,首选物理，再选化学,489,173224,,,0,安徽,民办,0,0
江苏,2025,物理类,本科批,8088,合肥城市学院,（02）,首选物理，再选不限,485,178268,,,6,安徽,民办,0,0
江苏,2025,物理类,本科批,8088,合肥城市学院,（03）,首选物理，再选化学,469,187938,,,0,安徽,民办,0,0
江苏,2025,物理类,本科批,8090,芜湖学院,（02）,首选物理，再选化学,492,173223,,,10,安徽,民办,0,0
江苏,2025,物理类,本科批,8091,安徽医科大学临床医学院,（01）,首选物理，再选不限,499,163926,,,0,安徽,独立学院,0,0
江苏,2025,物理类,本科批,8094,皖江工学院,,首选物理，再选不限,484,174488,,,50,安徽,民办,0,0
江苏,2025,物理类,本科批,8094,皖江工学院,（04）,首选物理，再选化学,465,192448,,,138,安徽,民办,0,0
江苏,2025,物理类,本科批,8120,厦门华厦学院,（01）,首选物理，再选不限,477,187938,,,11,福建,民办,0,0
江苏,2025,物理类,本科批,8120,厦门华厦学院,（02）,首选物理，再选化学,463,198992,,,9,福建,民办,0,0
江苏,2025,物理类,本科批,8121,闽南理工学院,（02）,首选物理，再选不限,482,182030,,,4,福建,民办,0,0
江苏,2025,物理类,本科批,8121,闽南理工学院,（03）,首选物理，再选化学,466,196830,,,3,福建,民办,0,0
江苏,2025,物理类,本科批,8122,闽南科技学院,（01）,首选物理，再选化学,473,192448,,,4,福建,民办,0,0
江苏,2025,物理类,本科批,8124,厦门工学院,（02）,首选物理，再选不限,475,178268,,,36,福建,民办,0,0
江苏,2025,物理类,本科批,8124,厦门工学院,（03）,首选物理，再选化学,463,201036,,,18,福建,民办,0,0
江苏,2025,物理类,本科批,8125,阳光学院,,首选物理，再选不限,467,182030,,,33,福建,民办,0,0
江苏,2025,物理类,本科批,8125,阳光学院,（04）,首选物理，再选化学,463,187938,,,4,福建,民办,0,0
江苏,2025,物理类,本科批,8126,厦门大学嘉庚学院,,首选物理，再选不限,487,163926,,,43,福建,民办,0,0
江苏,2025,物理类,本科批,8126,厦门大学嘉庚学院,（05）,首选物理，再选化学,473,173223,,,81,福建,民办,0,0
江苏,2025,物理类,本科批,8127,福州大学至诚学院,（02）,首选物理，再选不限,483,166591,,,21,福建,民办,0,0
江苏,2025,物理类,本科批,8127,福州大学至诚学院,（03）,首选物理，再选化学,463,198992,,,96,福建,民办,0,0
江苏,2025,物理类,本科批,8128,集美大学诚毅学院,（03）,首选物理，再选不限,482,183221,,,28,福建,民办,0,0
江苏,2025,物理类,本科批,8128,集美大学诚毅学院,（04）,首选物理，再选化学,470,105341,,,26,福建,民办,0,0
江苏,2025,物理类,本科批,8130,福州外语外贸学院,（02）,首选物理，再选不限,490,175732,,,2,福建,民办,0,0
江苏,2025,物理类,本科批,8130,福州外语外贸学院,（03）,首选物理，再选化学,465,197910,,,4,福建,民办,0,0
江苏,2025,物理类,本科批,8132,仰恩大学,（02）,首选物理，再选不限,495,169250,,,3,福建,民办,0,0
江苏,2025,物理类,本科批,8133,泉州信息工程学院,（01）,首选物理，再选不限,482,184370,,,4,福建,民办,0,0
江苏,2025,物理类,本科批,8133,泉州信息工程学院,,首选物理，再选化学,464,198992,,,13,福建,民办,0,0
江苏,2025,物理类,本科批,8170,江西科技学院,（03）,首选物理，再选不限,491,174488,,,15,江西,民办,0,0
江苏,2025,物理类,本科批,8170,江西科技学院,（04）,首选物理，再选化学,464,198992,,,45,江西,民办,0,0
江苏,2025,物理类,本科批,8171,江西工程学院,（02）,首选物理，再选化学,487,175732,,,5,江西,民办,0,0
江苏,2025,物理类,本科批,8172,南昌理工学院,（02）,首选物理，再选不限,490,158579,,,8,江西,民办,0,0
江苏,2025,物理类,本科批,8172,南昌理工学院,（03）,首选物理，再选化学,467,190184,,,43,江西,民办,0,0
江苏,2025,物理类,本科批,8173,江西应用科技学院,（03）,首选物理，再选不限,481,184370,,,7,江西,民办,0,0
江苏,2025,物理类,本科批,8173,江西应用科技学院,（04）,首选物理，再选化学,464,200008,,,12,江西,民办,0,0
江苏,2025,物理类,本科批,8174,江西服装学院,（02）,首选物理，再选不限,477,185582,,,8,江西,民办,0,0
江苏,2025,物理类,本科批,8174,江西服装学院,（03）,首选物理，再选化学,464,166591,,,9,江西,民办,0,0
江苏,2025,物理类,本科批,8175,南昌工学院,,首选物理，再选不限,481,174488,,,32,江西,民办,0,0
江苏,2025,物理类,本科批,8175,南昌工学院,（06）,首选物理，再选化学,464,187938,,,57,江西,民办,0,0
江苏,2025,物理类,本科批,8176,南昌大学科学技术学院,,首选物理，再选不限,493,167921,,,20,江西,民办,0,0
江苏,2025,物理类,本科批,8176,南昌大学科学技术学院,（04）,首选物理，再选化学,492,171881,,,11,江西,民办,0,0
江苏,2025,物理类,本科批,8177,南昌大学共青学院,（02）,首选物理，再选不限,492,173223,,,2,江西,民办,0,0
江苏,2025,物理类,本科批,8177,南昌大学共青学院,（03）,首选物理，再选化学,483,177018,,,11,江西,民办,0,0
江苏,2025,物理类,本科批,8178,南昌交通学院,（02）,首选物理，再选不限,488,178268,,,0,江西,民办,0,0
江苏,2025,物理类,本科批,8178,南昌交通学院,（03）,首选物理，再选化学,471,178268,,,0,江西,民办,0,0
江苏,2025,物理类,本科批,8180,南昌航空大学科技学院,（02）,首选物理，再选不限,493,166591,,,5,江西,民办,0,0
江苏,2025,物理类,本科批,8180,南昌航空大学科技学院,（03）,首选物理，再选化学,483,87528,,,39,江西,民办,0,0
江苏,2025,物理类,本科批,8183,江西农业大学南昌商学院,（03）,首选物理，再选不限,491,166591,,,11,江西,民办,0,0
江苏,2025,物理类,本科批,8183,江西农业大学南昌商学院,（04）,首选物理，再选化学,482,173223,,,10,江西,民办,0,0
江苏,2025,物理类,本科批,8183,江西农业大学南昌商学院,（05）,首选物理，再选生物,497,166591,,,1,江西,民办,0,0
江苏,2025,物理类,本科批,8185,江西师范大学科学技术学院,（02）,首选物理，再选不限,484,177018,,,9,江西,民办,0,0
江苏,2025,物理类,本科批,8185,江西师范大学科学技术学院,（03）,首选物理，再选化学,478,190184,,,13,江西,民办,0,0
江苏,2025,物理类,本科批,8186,景德镇艺术职业大学,（02）,首选物理，再选不限,506,148936,,,12,江西,民办,0,0
江苏,2025,物理类,本科批,8187,南昌应用技术师范学院,（01）,首选物理，再选不限,498,165225,,,2,江西,民办,0,0
江苏,2025,物理类,本科批,8187,南昌应用技术师范学院,（02）,首选物理，再选化学,471,194703,,,18,江西,民办,0,0
江苏,2025,物理类,本科批,8188,江西财经大学现代经济管理学院,,首选物理，再选不限,489,154519,,,36,江西,独立学院,0,0
江苏,2025,物理类,本科批,8188,江西财经大学现代经济管理学院,（04）,首选物理，再选化学,470,193550,,,9,江西,独立学院,0,0
江苏,2025,物理类,本科批,8210,齐鲁医药学院,,首选物理，再选不限,488,161261,,,0,山东,民办,0,0
江苏,2025,物理类,本科批,8210,齐鲁医药学院,（07）,首选物理，再选化学,491,174488,,,0,山东,民办,0,0
江苏,2025,物理类,本科批,8211,青岛滨海学院,（02）,首选物理，再选不限,482,184370,,,15,山东,民办,0,0
江苏,2025,物理类,本科批,8211,青岛滨海学院,（03）,首选物理，再选化学,465,197910,,,34,山东,民办,0,0
江苏,2025,物理类,本科批,8212,烟台南山学院,（02）,首选物理，再选化学,472,187938,,,0,山东,民办,0,0
江苏,2025,物理类,本科批,8213,潍坊科技学院,（03）,首选物理，再选不限,498,158579,,,6,山东,民办,0,0
江苏,2025,物理类,本科批,8213,潍坊科技学院,（04）,首选物理，再选化学,488,169250,,,7,山东,民办,0,0
江苏,2025,物理类,本科批,8214,山东英才学院,（02）,首选物理，再选化学,463,204991,,,55,山东,民办,0,0
江苏,2025,物理类,本科批,8215,青岛恒星科技学院,（03）,首选物理，再选不限,482,184370,,,10,山东,民办,0,0
江苏,2025,物理类,本科批,8215,青岛恒星科技学院,（04）,首选物理，再选化学,463,204991,,,20,山东,民办,0,0
江苏,2025,物理类,本科批,8216,青岛黄海学院,（02）,首选物理，再选不限,490,159919,,,14,山东,民办,0,0
江苏,2025,物理类,本科批,8216,青岛黄海学院,（03）,首选物理，再选化学,469,197910,,,25,山东,民办,0,0
江苏,2025,物理类,本科批,8217,山东现代学院,（03）,首选物理，再选不限,481,186727,,,20,山东,民办,0,0
江苏,2025,物理类,本科批,8217,山东现代学院,（04）,首选物理，再选化学,469,193550,,,18,山东,民办,0,0
江苏,2025,物理类,本科批,8218,山东协和学院,（02）,首选物理，再选不限,486,175732,,,12,山东,民办,0,0
江苏,2025,物理类,本科批,8218,山东协和学院,（03）,首选物理，再选化学,472,187938,,,16,山东,民办,0,0
江苏,2025,物理类,本科批,8219,烟台理工学院,（02）,首选物理，再选化学,490,174488,,,0,山东,民办,0,0
江苏,2025,物理类,本科批,8220,青岛城市学院,（02）,首选物理，再选不限,483,178268,,,9,山东,民办,0,0
江苏,2025,物理类,本科批,8220,青岛城市学院,（03）,首选物理，再选化学,468,191363,,,16,山东,民办,0,0
江苏,2025,物理类,本科批,8223,泰山科技学院,（03）,首选物理，再选不限,484,183221,,,4,山东,民办,0,0
江苏,2025,物理类,本科批,8223,泰山科技学院,（04）,首选物理，再选化学,465,202012,,,8,山东,民办,0,0
江苏,2025,物理类,本科批,8225,青岛工学院,（02）,首选物理，再选不限,484,175732,,,18,山东,民办,0,0
江苏,2025,物理类,本科批,8225,青岛工学院,（03）,首选物理，再选化学,465,196830,,,69,山东,民办,0,0
江苏,2025,物理类,本科批,8226,青岛农业大学海都学院,（03）,首选物理，再选不限,485,180771,,,5,山东,民办,0,0
江苏,2025,物理类,本科批,8226,青岛农业大学海都学院,（04）,首选物理，再选化学,466,197910,,,14,山东,民办,0,0
江苏,2025,物理类,本科批,8226,青岛农业大学海都学院,（05）,首选物理，再选生物,486,180771,,,2,山东,民办,0,0
江苏,2025,物理类,本科批,8227,齐鲁理工学院,（02）,首选物理，再选不限,482,182030,,,27,山东,民办,0,0
江苏,2025,物理类,本科批,8227,齐鲁理工学院,（03）,首选物理，再选化学,466,158579,,,35,山东,民办,0,0
江苏,2025,物理类,本科批,8228,山东财经大学东方学院,,首选物理，再选不限,493,163926,,,15,山东,民办,0,0
江苏,2025,物理类,本科批,8228,山东财经大学东方学院,（04）,首选物理，再选化学,487,179556,,,5,山东,民办,0,0
江苏,2025,物理类,本科批,8230,烟台科技学院,（02）,首选物理，再选化学,473,192448,,,9,山东,民办,0,0
江苏,2025,物理类,本科批,8249,山东工程职业技术大学,（02）,首选物理，再选不限,495,163926,,,10,山东,民办,0,0
江苏,2025,物理类,本科批,8260,北京城市学院,（02）,首选物理，再选不限,500,162612,,,1,北京,民办,0,0
江苏,2025,物理类,本科批,8260,北京城市学院,（03）,首选物理，再选化学,463,159919,,,15,北京,民办,0,0
江苏,2025,物理类,本科批,8262,首都师范大学科德学院,（02）,首选物理，再选不限,464,185582,,,12,北京,民办,0,0
江苏,2025,物理类,本科批,8263,北京金融科技学院,（02）,首选物理，再选不限,463,197910,,,15,北京,民办,0,0
江苏,2025,物理类,本科批,8263,北京金融科技学院,（03）,首选物理，再选化学,465,204004,,,1,北京,民办,0,0
江苏,2025,物理类,本科批,8264,北京邮电大学世纪学院,（02）,首选物理，再选不限,468,163926,,,35,北京,民办,0,0
江苏,2025,物理类,本科批,8264,北京邮电大学世纪学院,（03）,首选物理，再选化学,463,148936,,,18,北京,民办,0,0
江苏,2025,物理类,本科批,8265,北京工业大学耿丹学院,（02）,首选物理，再选不限,465,187938,,,9,北京,民办,0,0
江苏,2025,物理类,本科批,8265,北京工业大学耿丹学院,（03）,首选物理，再选化学,465,200008,,,3,北京,民办,0,0
江苏,2025,物理类,本科批,8266,北京第二外国语学院中瑞酒店管理学院,（02）,首选物理，再选不限,463,204004,,,52,北京,民办,0,0
江苏,2025,物理类,本科批,8290,天津天狮学院,（03）,首选物理，再选不限,482,163926,,,2,天津,民办,0,0
江苏,2025,物理类,本科批,8290,天津天狮学院,（04）,首选物理，再选化学,476,192448,,,2,天津,民办,0,0
江苏,2025,物理类,本科批,8291,天津外国语大学滨海外事学院,（02）,首选物理，再选不限,482,185582,,,0,天津,民办,0,0
江苏,2025,物理类,本科批,8292,天津传媒学院,（02）,首选物理，再选化学,469,200008,,,3,天津,民办,0,0
江苏,2025,物理类,本科批,8293,天津商业大学宝德学院,,首选物理，再选不限,481,166591,,,0,天津,民办,0,0
江苏,2025,物理类,本科批,8294,天津医科大学临床医学院,（02）,首选物理，再选不限,489,174488,,,0,天津,民办,0,0
江苏,2025,物理类,本科批,8297,天津理工大学中环信息学院,（02）,首选物理，再选不限,489,177018,,,3,天津,民办,0,0
江苏,2025,物理类,本科批,8297,天津理工大学中环信息学院,（03）,首选物理，再选化学,470,171881,,,70,天津,民办,0,0
江苏,2025,物理类,本科批,8298,北京科技大学天津学院,（02）,首选物理，再选不限,482,158579,,,25,天津,民办,0,0
江苏,2025,物理类,本科批,8298,北京科技大学天津学院,（03）,首选物理，再选化学,469,163926,,,83,天津,民办,0,0
江苏,2025,物理类,本科批,8299,天津仁爱学院,（02）,首选物理，再选不限,465,195768,,,164,天津,民办,0,0
江苏,2025,物理类,本科批,8299,天津仁爱学院,（03）,首选物理，再选化学,463,193550,,,18,天津,民办,0,0
江苏,2025,物理类,本科批,8301,天津财经大学珠江学院,（02）,首选物理，再选不限,483,179556,,,43,天津,民办,0,0
江苏,2025,物理类,本科批,8301,天津财经大学珠江学院,（03）,首选物理，再选化学,475,193550,,,10,天津,民办,0,0
江苏,2025,物理类,本科批,8313,河北科技学院,（02）,首选物理，再选不限,484,183221,,,3,河北,民办,0,0
江苏,2025,物理类,本科批,8313,河北科技学院,（03）,首选物理，再选化学,464,204991,,,29,河北,民办,0,0
江苏,2025,物理类,本科批,8314,河北外国语学院,,首选物理，再选不限,473,190184,,,14,河北,民办,0,0
江苏,2025,物理类,本科批,8316,华北理工大学轻工学院,（02）,首选物理，再选不限,482,184370,,,4,河北,民办,0,0
江苏,2025,物理类,本科批,8316,华北理工大学轻工学院,（03）,首选物理，再选化学,464,204991,,,25,河北,民办,0,0
江苏,2025,物理类,本科批,8318,河北经贸大学经济管理学院,（02）,首选物理，再选不限,493,171881,,,10,河北,民办,0,0
江苏,2025,物理类,本科批,8320,河北工程大学科信学院,（01）,首选物理，再选不限,502,159919,,,2,河北,民办,0,0
江苏,2025,物理类,本科批,8320,河北工程大学科信学院,（02）,首选物理，再选化学,488,165225,,,28,河北,民办,0,0
江苏,2025,物理类,本科批,8323,石家庄铁道大学四方学院,（02）,首选物理，再选不限,502,159919,,,3,河北,民办,0,0
江苏,2025,物理类,本科批,8323,石家庄铁道大学四方学院,（03）,首选物理，再选化学,493,155895,,,19,河北,民办,0,0
江苏,2025,物理类,本科批,8324,河北地质大学华信学院,（01）,首选物理，再选不限,483,177018,,,12,河北,民办,0,0
江苏,2025,物理类,本科批,8324,河北地质大学华信学院,（02）,首选物理，再选化学,471,197910,,,8,河北,民办,0,0
江苏,2025,物理类,本科批,8326,保定理工学院,（02）,首选物理，再选不限,480,185582,,,50,河北,民办,0,0
江苏,2025,物理类,本科批,8326,保定理工学院,（03）,首选物理，再选化学,469,183221,,,16,河北,民办,0,0
江苏,2025,物理类,本科批,8327,燕京理工学院,（02）,首选物理，再选不限,474,193550,,,2,河北,民办,0,0
江苏,2025,物理类,本科批,8328,北京中医药大学东方学院,（02）,首选物理，再选不限,477,190184,,,15,河北,民办,0,0
江苏,2025,物理类,本科批,8329,沧州交通学院,（02）,首选物理，再选不限,479,189076,,,50,河北,民办,0,0
江苏,2025,物理类,本科批,8329,沧州交通学院,（03）,首选物理，再选化学,466,193550,,,35,河北,民办,0,0
江苏,2025,物理类,本科批,8330,河北东方学院,（02）,首选物理，再选化学,476,191363,,,3,河北,民办,0,0
江苏,2025,物理类,本科批,8360,山西应用科技学院,（02）,首选物理，再选不限,481,169250,,,10,山西,民办,0,0
江苏,2025,物理类,本科批,8363,晋中信息学院,（02）,首选物理，再选化学,481,179556,,,0,山西,民办,0,0
江苏,2025,物理类,本科批,8364,山西晋中理工学院,（02）,首选物理，再选化学,474,191363,,,8,山西,民办,0,0
江苏,2025,物理类,本科批,8366,山西工商学院,（03）,首选物理，再选不限,492,165225,,,10,山西,民办,0,0
江苏,2025,物理类,本科批,8366,山西工商学院,（04）,首选物理，再选化学,477,191363,,,5,山西,民办,0,0
江苏,2025,物理类,本科批,8379,运城职业技术大学,（02）,首选物理，再选不限,503,151737,,,6,山西,民办,0,0
江苏,2025,物理类,本科批,8401,辽宁对外经贸学院,（01）,首选物理，再选不限,467,194703,,,78,辽宁,民办,0,0
江苏,2025,物理类,本科批,8402,大连理工大学城市学院,（01）,首选物理，再选不限,465,184370,,,44,辽宁,民办,0,0
江苏,2025,物理类,本科批,8402,大连理工大学城市学院,（02）,首选物理，再选化学,463,193550,,,15,辽宁,民办,0,0
江苏,2025,物理类,本科批,8404,沈阳工学院,（01）,首选物理，再选不限,475,169250,,,32,辽宁,民办,0,0
江苏,2025,物理类,本科批,8404,沈阳工学院,（02）,首选物理，再选化学,471,191363,,,21,辽宁,民办,0,0
江苏,2025,物理类,本科批,8404,沈阳工学院,（03）,首选物理，再选生物,480,187938,,,2,辽宁,民办,0,0
江苏,2025,物理类,本科批,8405,大连工业大学艺术与信息工程学院,（01）,首选物理，再选不限,480,187938,,,3,辽宁,民办,0,0
江苏,2025,物理类,本科批,8405,大连工业大学艺术与信息工程学院,（02）,首选物理，再选化学,466,201036,,,8,辽宁,民办,0,0
江苏,2025,物理类,本科批,8406,大连科技学院,（01）,首选物理，再选不限,467,190184,,,168,辽宁,民办,0,0
江苏,2025,物理类,本科批,8406,大连科技学院,（02）,首选物理，再选化学,463,187938,,,52,辽宁,民办,0,0
江苏,2025,物理类,本科批,8407,沈阳城市建设学院,（02）,首选物理，再选不限,464,192448,,,61,辽宁,民办,0,0
江苏,2025,物理类,本科批,8408,大连医科大学中山学院,（02）,首选物理，再选不限,477,186727,,,8,辽宁,民办,0,0
江苏,2025,物理类,本科批,8408,大连医科大学中山学院,（03）,首选物理，再选化学,463,197910,,,7,辽宁,民办,0,0
江苏,2025,物理类,本科批,8411,大连财经学院,（02）,首选物理，再选不限,480,187938,,,19,辽宁,民办,0,0
江苏,2025,物理类,本科批,8412,沈阳城市学院,（02）,首选物理，再选不限,464,190184,,,41,辽宁,民办,0,0
江苏,2025,物理类,本科批,8412,沈阳城市学院,（03）,首选物理，再选化学,463,190184,,,5,辽宁,民办,0,0
江苏,2025,物理类,本科批,8416,大连东软信息学院,（01）,首选物理，再选不限,477,183221,,,0,辽宁,民办,0,0
江苏,2025,物理类,本科批,8416,大连东软信息学院,（02）,首选物理，再选化学,467,189076,,,0,辽宁,民办,0,0
江苏,2025,物理类,本科批,8417,辽宁师范大学海华学院,（02）,首选物理，再选不限,476,180771,,,3,辽宁,民办,0,0
江苏,2025,物理类,本科批,8417,辽宁师范大学海华学院,（03）,首选物理，再选化学,465,189076,,,4,辽宁,民办,0,0
江苏,2025,物理类,本科批,8440,吉林外国语大学,,首选物理，再选不限,466,185582,,,0,吉林,民办,0,0
江苏,2025,物理类,本科批,8440,吉林外国语大学,（05）,首选物理，再选化学,465,198992,,,0,吉林,民办,0,0
江苏,2025,物理类,本科批,8441,长春光华学院,,首选物理，再选不限,469,195768,,,0,吉林,民办,0,0
江苏,2025,物理类,本科批,8441,长春光华学院,（04）,首选物理，再选化学,463,204991,,,0,吉林,民办,0,0
江苏,2025,物理类,本科批,8442,长春工业大学人文信息学院,（02）,首选物理，再选不限,465,189076,,,68,吉林,民办,0,0
江苏,2025,物理类,本科批,8442,长春工业大学人文信息学院,（03）,首选物理，再选化学,463,171881,,,6,吉林,民办,0,0
江苏,2025,物理类,本科批,8443,长春电子科技学院,（02）,首选物理，再选不限,466,200008,,,89,吉林,民办,0,0
江苏,2025,物理类,本科批,8443,长春电子科技学院,（03）,首选物理，再选化学,463,195768,,,17,吉林,民办,0,0
江苏,2025,物理类,本科批,8444,长春财经学院,,首选物理，再选不限,464,195768,,,97,吉林,民办,0,0
江苏,2025,物理类,本科批,8444,长春财经学院,（04）,首选物理，再选化学,463,204004,,,8,吉林,民办,0,0
江苏,2025,物理类,本科批,8445,吉林建筑科技学院,（02）,首选物理，再选不限,463,194703,,,60,吉林,民办,0,0
江苏,2025,物理类,本科批,8445,吉林建筑科技学院,（03）,首选物理，再选化学,463,180771,,,7,吉林,民办,0,0
江苏,2025,物理类,本科批,8446,长春建筑学院,（01）,首选物理，再选不限,469,197910,,,0,吉林,民办,0,0
江苏,2025,物理类,本科批,8446,长春建筑学院,（02）,首选物理，再选化学,464,198992,,,0,吉林,民办,0,0
江苏,2025,物理类,本科批,8447,长春科技学院,（02）,首选物理，再选不限,468,200008,,,0,吉林,民办,0,0
江苏,2025,物理类,本科批,8447,长春科技学院,（03）,首选物理，再选化学,463,196830,,,0,吉林,民办,0,0
江苏,2025,物理类,本科批,8448,吉林动画学院,（01）,首选物理，再选不限,470,195768,,,0,吉林,民办,0,0
江苏,2025,物理类,本科批,8448,吉林动画学院,（02）,首选物理，再选化学,463,202992,,,0,吉林,民办,0,0
江苏,2025,物理类,本科批,8449,吉林师范大学博达学院,,首选物理，再选不限,467,193550,,,45,吉林,民办,0,0
江苏,2025,物理类,本科批,8449,吉林师范大学博达学院,（05）,首选物理，再选化学,465,204004,,,2,吉林,民办,0,0
江苏,2025,物理类,本科批,8450,长春大学旅游学院,（01）,首选物理，再选不限,463,194703,,,0,吉林,民办,0,0
江苏,2025,物理类,本科批,8450,长春大学旅游学院,（02）,首选物理，再选化学,463,205975,,,0,吉林,民办,0,0
江苏,2025,物理类,本科批,8451,长春人文学院,,首选物理，再选不限,463,189077,,,6,吉林,民办,0,0
江苏,2025,物理类,本科批,8451,长春人文学院,（04）,首选物理，再选化学,463,180772,,,0,吉林,民办,0,0
江苏,2025,物理类,本科批,8470,黑龙江东方学院,（01）,首选物理，再选化学,463,204991,,,7,黑龙江,民办,0,0
江苏,2025,物理类,本科批,8472,黑龙江财经学院,（02）,首选物理，再选不限,472,192448,,,26,黑龙江,民办,0,0
江苏,2025,物理类,本科批,8473,哈尔滨石油学院,（02）,首选物理，再选化学,467,202012,,,2,黑龙江,民办,0,0
江苏,2025,物理类,本科批,8474,哈尔滨广厦学院,（02）,首选物理，再选不限,480,187938,,,6,黑龙江,民办,0,0
江苏,2025,物理类,本科批,8475,哈尔滨华德学院,（02）,首选物理，再选不限,463,192448,,,23,黑龙江,民办,0,0
江苏,2025,物理类,本科批,8475,哈尔滨华德学院,（03）,首选物理，再选化学,463,191363,,,7,黑龙江,民办,0,0
江苏,2025,物理类,本科批,8483,黑龙江工商学院,（01）,首选物理，再选化学,463,205975,,,10,黑龙江,民办,0,0
江苏,2025,物理类,本科批,8501,黄河科技学院,（02）,首选物理，再选不限,493,170582,,,5,河南,民办,0,0
江苏,2025,物理类,本科批,8501,黄河科技学院,（03）,首选物理，再选化学,481,185582,,,12,河南,民办,0,0
江苏,2025,物理类,本科批,8502,郑州科技学院,（02）,首选物理，再选不限,492,163926,,,7,河南,民办,0,0
江苏,2025,物理类,本科批,8502,郑州科技学院,（03）,首选物理，再选化学,499,159919,,,6,河南,民办,0,0
江苏,2025,物理类,本科批,8504,郑州财经学院,（02）,首选物理，再选不限,503,154519,,,2,河南,民办,0,0
江苏,2025,物理类,本科批,8504,郑州财经学院,（03）,首选物理，再选化学,496,162612,,,2,河南,民办,0,0
江苏,2025,物理类,本科批,8505,商丘工学院,（01）,首选物理，再选化学,474,193550,,,20,河南,民办,0,0
江苏,2025,物理类,本科批,8508,郑州工商学院,（02）,首选物理，再选不限,496,158579,,,15,河南,民办,0,0
江苏,2025,物理类,本科批,8508,郑州工商学院,（03）,首选物理，再选化学,479,185582,,,30,河南,民办,0,0
江苏,2025,物理类,本科批,8510,郑州商学院,（02）,首选物理，再选不限,494,159919,,,10,河南,民办,0,0
江苏,2025,物理类,本科批,8510,郑州商学院,（03）,首选物理，再选化学,496,166591,,,4,河南,民办,0,0
江苏,2025,物理类,本科批,8518,郑州西亚斯学院,（02）,首选物理，再选不限,470,196830,,,14,河南,民办,0,0
江苏,2025,物理类,本科批,8518,郑州西亚斯学院,（03）,首选物理，再选化学,491,169250,,,4,河南,民办,0,0
江苏,2025,物理类,本科批,8550,武汉东湖学院,（03）,首选物理，再选不限,481,179556,,,29,湖北,民办,0,0
江苏,2025,物理类,本科批,8550,武汉东湖学院,（04）,首选物理，再选化学,468,178268,,,35,湖北,民办,0,0
江苏,2025,物理类,本科批,8552,武昌首义学院,（03）,首选物理，再选不限,483,180771,,,8,湖北,民办,0,0
江苏,2025,物理类,本科批,8552,武昌首义学院,（04）,首选物理，再选化学,468,173223,,,32,湖北,民办,0,0
江苏,2025,物理类,本科批,8553,武昌理工学院,（02）,首选物理，再选不限,487,179556,,,6,湖北,民办,0,0
江苏,2025,物理类,本科批,8553,武昌理工学院,（03）,首选物理，再选化学,468,197910,,,23,湖北,民办,0,0
江苏,2025,物理类,本科批,8554,武汉生物工程学院,（03）,首选物理，再选化学,472,191363,,,33,湖北,民办,0,0
江苏,2025,物理类,本科批,8555,武汉晴川学院,（02）,首选物理，再选不限,482,182030,,,15,湖北,民办,0,0
江苏,2025,物理类,本科批,8555,武汉晴川学院,（03）,首选物理，再选化学,469,180771,,,24,湖北,民办,0,0
江苏,2025,物理类,本科批,8556,湖北大学知行学院,,首选物理，再选不限,484,167921,,,13,湖北,民办,0,0
江苏,2025,物理类,本科批,8556,湖北大学知行学院,,首选物理，再选化学,473,162612,,,15,湖北,民办,0,0
江苏,2025,物理类,本科批,8557,武汉城市学院,（02）,首选物理，再选不限,483,183221,,,13,湖北,民办,0,0
江苏,2025,物理类,本科批,8557,武汉城市学院,（03）,首选物理，再选化学,470,184370,,,11,湖北,民办,0,0
江苏,2025,物理类,本科批,8558,三峡大学科技学院,（03）,首选物理，再选不限,493,171881,,,2,湖北,民办,0,0
江苏,2025,物理类,本科批,8558,三峡大学科技学院,（04）,首选物理，再选化学,474,169250,,,27,湖北,民办,0,0
江苏,2025,物理类,本科批,8559,湖北工业大学工程技术学院,（02）,首选物理，再选化学,470,194703,,,27,湖北,民办,0,0
江苏,2025,物理类,本科批,8560,武汉工程大学邮电与信息工程学院,（02）,首选物理，再选不限,482,179556,,,0,湖北,民办,0,0
江苏,2025,物理类,本科批,8560,武汉工程大学邮电与信息工程学院,（03）,首选物理，再选化学,473,190184,,,0,湖北,民办,0,0
江苏,2025,物理类,本科批,8561,武汉纺织大学外经贸学院,,首选物理，再选不限,484,158579,,,5,湖北,民办,0,0
江苏,2025,物理类,本科批,8561,武汉纺织大学外经贸学院,（05）,首选物理，再选化学,469,196830,,,8,湖北,民办,0,0
江苏,2025,物理类,本科批,8562,武昌工学院,（02）,首选物理，再选不限,481,183221,,,12,湖北,民办,0,0
江苏,2025,物理类,本科批,8562,武昌工学院,（03）,首选物理，再选化学,469,196830,,,25,湖北,民办,0,0
江苏,2025,物理类,本科批,8563,武汉工商学院,（02）,首选物理，再选不限,484,180771,,,0,湖北,民办,0,0
江苏,2025,物理类,本科批,8563,武汉工商学院,（03）,首选物理，再选化学,476,166591,,,0,湖北,民办,0,0
江苏,2025,物理类,本科批,8565,长江大学文理学院,（03）,首选物理，再选化学,473,180771,,,13,湖北,民办,0,0
江苏,2025,物理类,本科批,8568,湖北医药学院药护学院,（01）,首选物理，再选不限,480,187938,,,20,湖北,民办,0,0
江苏,2025,物理类,本科批,8570,湖北经济学院法商学院,（02）,首选物理，再选不限,481,180771,,,23,湖北,民办,0,0
江苏,2025,物理类,本科批,8570,湖北经济学院法商学院,（03）,首选物理，再选化学,473,195768,,,5,湖北,民办,0,0
江苏,2025,物理类,本科批,8571,武汉体育学院体育科技学院,（02）,首选物理，再选不限,482,184370,,,10,湖北,民办,0,0
江苏,2025,物理类,本科批,8572,湖北文理学院理工学院,,首选物理，再选不限,487,169250,,,8,湖北,民办,0,0
江苏,2025,物理类,本科批,8572,湖北文理学院理工学院,（05）,首选物理，再选化学,476,175732,,,20,湖北,民办,0,0
江苏,2025,物理类,本科批,8573,文华学院,（02）,首选物理，再选不限,483,173223,,,22,湖北,民办,0,0
江苏,2025,物理类,本科批,8573,文华学院,（03）,首选物理，再选化学,466,195768,,,38,湖北,民办,0,0
江苏,2025,物理类,本科批,8574,武汉工程科技学院,（03）,首选物理，再选化学,465,183221,,,31,湖北,民办,0,0
江苏,2025,物理类,本科批,8575,武汉华夏理工学院,（02）,首选物理，再选不限,482,170582,,,0,湖北,民办,0,0
江苏,2025,物理类,本科批,8575,武汉华夏理工学院,（03）,首选物理，再选化学,468,185582,,,0,湖北,民办,0,0
江苏,2025,物理类,本科批,8576,武汉传媒学院,（02）,首选物理，再选不限,478,189076,,,6,湖北,民办,0,0
江苏,2025,物理类,本科批,8577,武汉设计工程学院,（02）,首选物理，再选化学,477,189076,,,6,湖北,民办,0,0
江苏,2025,物理类,本科批,8601,长沙医学院,（02）,首选物理，再选不限,483,182030,,,7,湖南,民办,0,0
江苏,2025,物理类,本科批,8601,长沙医学院,（03）,首选物理，再选化学,476,190184,,,5,湖南,民办,0,0
江苏,2025,物理类,本科批,8602,湖南涉外经济学院,,首选物理，再选不限,467,193550,,,71,湖南,民办,0,0
江苏,2025,物理类,本科批,8602,湖南涉外经济学院,（05）,首选物理，再选化学,463,183221,,,5,湖南,民办,0,0
江苏,2025,物理类,本科批,8605,湖南科技大学潇湘学院,（02）,首选物理，再选化学,491,165225,,,4,湖南,民办,0,0
江苏,2025,物理类,本科批,8606,南华大学船山学院,（02）,首选物理，再选化学,486,178268,,,9,湖南,民办,0,0
江苏,2025,物理类,本科批,8607,湘潭理工学院,（02）,首选物理，再选不限,485,162612,,,4,湖南,民办,0,0
江苏,2025,物理类,本科批,8607,湘潭理工学院,（03）,首选物理，再选化学,471,197910,,,2,湖南,民办,0,0
江苏,2025,物理类,本科批,8608,湖南农业大学东方科技学院,（02）,首选物理，再选化学,487,179556,,,2,湖南,民办,0,0
江苏,2025,物理类,本科批,8609,常德学院,（02）,首选物理，再选化学,491,173223,,,5,湖南,民办,0,0
江苏,2025,物理类,本科批,8610,岳阳学院,（03）,首选物理，再选不限,481,159919,,,10,湖南,民办,0,0
江苏,2025,物理类,本科批,8610,岳阳学院,（04）,首选物理，再选化学,463,190184,,,20,湖南,民办,0,0
江苏,2025,物理类,本科批,8612,湖南工程学院应用技术学院,（01）,首选物理，再选不限,487,178268,,,5,湖南,民办,0,0
江苏,2025,物理类,本科批,8613,张家界学院,（02）,首选物理，再选化学,463,204004,,,7,湖南,民办,0,0
江苏,2025,物理类,本科批,8620,中南林业科技大学涉外学院,（02）,首选物理，再选不限,491,163926,,,4,湖南,民办,0,0
江苏,2025,物理类,本科批,8620,中南林业科技大学涉外学院,（03）,首选物理，再选化学,488,170582,,,3,湖南,民办,0,0
江苏,2025,物理类,本科批,8640,广东白云学院,（02）,首选物理，再选不限,466,190184,,,19,广东,民办,0,0
江苏,2025,物理类,本科批,8640,广东白云学院,（03）,首选物理，再选化学,463,198992,,,8,广东,民办,0,0
江苏,2025,物理类,本科批,8641,电子科技大学中山学院,（01）,首选物理，再选不限,474,189076,,,12,广东,民办,0,0
江苏,2025,物理类,本科批,8641,电子科技大学中山学院,,首选物理，再选化学,465,180771,,,18,广东,民办,0,0
江苏,2025,物理类,本科批,8642,广东东软学院,（01）,首选物理，再选不限,469,191363,,,0,广东,民办,0,0
江苏,2025,物理类,本科批,8642,广东东软学院,（02）,首选物理，再选化学,463,198992,,,0,广东,民办,0,0
江苏,2025,物理类,本科批,8643,广州城市理工学院,（02）,首选物理，再选不限,478,179556,,,9,广东,民办,0,0
江苏,2025,物理类,本科批,8643,广州城市理工学院,（03）,首选物理，再选化学,464,202012,,,8,广东,民办,0,0
江苏,2025,物理类,本科批,8644,广州软件学院,,首选物理，再选化学,464,189076,,,0,广东,民办,0,0
江苏,2025,物理类,本科批,8645,广州南方学院,（02）,首选物理，再选不限,467,202012,,,4,广东,民办,0,0
江苏,2025,物理类,本科批,8645,广州南方学院,（03）,首选物理，再选化学,463,196830,,,8,广东,民办,0,0
江苏,2025,物理类,本科批,8646,广东外语外贸大学南国商学院,（02）,首选物理，再选不限,482,158579,,,3,广东,民办,0,0
江苏,2025,物理类,本科批,8646,广东外语外贸大学南国商学院,（03）,首选物理，再选化学,477,191363,,,1,广东,民办,0,0
江苏,2025,物理类,本科批,8650,珠海科技学院,（02）,首选物理，再选不限,504,98331,,,8,广东,民办,0,0
江苏,2025,物理类,本科批,8650,珠海科技学院,（03）,首选物理，再选化学,495,154519,,,12,广东,民办,0,0
江苏,2025,物理类,本科批,8651,广州工商学院,（02）,首选物理，再选化学,465,204004,,,1,广东,民办,0,0
江苏,2025,物理类,本科批,8652,东莞城市学院,（02）,首选物理，再选化学,470,197910,,,4,广东,民办,0,0
江苏,2025,物理类,本科批,8661,广州华立学院,,首选物理，再选不限,477,189076,,,6,广东,民办,0,0
江苏,2025,物理类,本科批,8661,广州华立学院,（03）,首选物理，再选化学,472,196830,,,2,广东,民办,0,0
江苏,2025,物理类,本科批,8664,广东工商职业技术大学,（02）,首选物理，再选不限,489,167921,,,15,广东,民办,0,0
江苏,2025,物理类,本科批,8665,广州新华学院,（02）,首选物理，再选不限,480,180771,,,6,广东,民办,0,0
江苏,2025,物理类,本科批,8665,广州新华学院,（03）,首选物理，再选化学,468,195768,,,4,广东,民办,0,0
江苏,2025,物理类,本科批,8668,广东理工学院,（02）,首选物理，再选化学,463,204004,,,13,广东,民办,0,0
江苏,2025,物理类,本科批,8710,南宁学院,（02）,首选物理，再选不限,477,185582,,,25,广西,民办,0,0
江苏,2025,物理类,本科批,8710,南宁学院,（03）,首选物理，再选化学,463,194703,,,19,广西,民办,0,0
江苏,2025,物理类,本科批,8713,柳州工学院,（02）,首选物理，再选不限,477,191363,,,0,广西,民办,0,0
江苏,2025,物理类,本科批,8713,柳州工学院,（03）,首选物理，再选化学,463,191363,,,0,广西,民办,0,0
江苏,2025,物理类,本科批,8714,桂林学院,（02）,首选物理，再选不限,476,182030,,,19,广西,民办,0,0
江苏,2025,物理类,本科批,8714,桂林学院,（03）,首选物理，再选化学,464,204004,,,18,广西,民办,0,0
江苏,2025,物理类,本科批,8715,广西中医药大学赛恩斯新医药学院,（01）,首选物理，再选化学,475,193550,,,0,广西,民办,0,0
江苏,2025,物理类,本科批,8716,桂林信息科技学院,（01）,首选物理，再选不限,473,194703,,,54,广西,民办,0,0
江苏,2025,物理类,本科批,8716,桂林信息科技学院,（02）,首选物理，再选化学,463,200008,,,15,广西,民办,0,0
江苏,2025,物理类,本科批,8717,南宁理工学院,（02）,首选物理，再选不限,476,184370,,,8,广西,民办,0,0
江苏,2025,物理类,本科批,8717,南宁理工学院,（03）,首选物理，再选化学,463,202992,,,4,广西,民办,0,0
江苏,2025,物理类,本科批,8718,广西外国语学院,（02）,首选物理，再选不限,468,189076,,,27,广西,民办,0,0
江苏,2025,物理类,本科批,8718,广西外国语学院,（03）,首选物理，再选化学,467,202012,,,1,广西,民办,0,0
江苏,2025,物理类,本科批,8740,海口经济学院,,首选物理，再选不限,464,197910,,,0,海南,民办,0,0
江苏,2025,物理类,本科批,8741,三亚学院,,首选物理，再选不限,463,191363,,,40,海南,民办,0,0
江苏,2025,物理类,本科批,8741,三亚学院,（09）,首选物理，再选化学,464,204991,,,2,海南,民办,0,0
江苏,2025,物理类,本科批,8757,海南科技职业大学,（04）,首选物理，再选不限,476,179556,,,11,海南,民办,0,0
江苏,2025,物理类,本科批,8760,成都东软学院,（02）,首选物理，再选化学,475,187938,,,15,四川,民办,0,0
江苏,2025,物理类,本科批,8761,电子科技大学成都学院,（02）,首选物理，再选化学,484,171881,,,47,四川,民办,0,0
江苏,2025,物理类,本科批,8762,成都理工大学工程技术学院,（02）,首选物理，再选化学,472,169250,,,26,四川,民办,0,0
江苏,2025,物理类,本科批,8763,四川传媒学院,,首选物理，再选不限,486,171881,,,15,四川,民办,0,0
江苏,2025,物理类,本科批,8764,成都银杏酒店管理学院,（02）,首选物理，再选不限,478,184370,,,0,四川,民办,0,0
江苏,2025,物理类,本科批,8764,成都银杏酒店管理学院,（03）,首选物理，再选生物,477,191363,,,0,四川,民办,0,0
江苏,2025,物理类,本科批,8765,成都文理学院,（02）,首选物理，再选不限,487,179556,,,2,四川,民办,0,0
江苏,2025,物理类,本科批,8766,四川工商学院,（03）,首选物理，再选不限,486,180771,,,2,四川,民办,0,0
江苏,2025,物理类,本科批,8766,四川工商学院,（04）,首选物理，再选化学,488,178268,,,2,四川,民办,0,0
江苏,2025,物理类,本科批,8767,成都外国语学院,（02）,首选物理，再选不限,478,161261,,,29,四川,民办,0,0
江苏,2025,物理类,本科批,8769,成都锦城学院,（03）,首选物理，再选不限,488,161261,,,0,四川,民办,0,0
江苏,2025,物理类,本科批,8769,成都锦城学院,（04）,首选物理，再选化学,494,165225,,,0,四川,民办,0,0
江苏,2025,物理类,本科批,8770,西南财经大学天府学院,,首选物理，再选不限,492,167921,,,0,四川,民办,0,0
江苏,2025,物理类,本科批,8770,西南财经大学天府学院,,首选物理，再选化学,476,192448,,,0,四川,民办,0,0
江苏,2025,物理类,本科批,8771,四川大学锦江学院,（04）,首选物理，再选不限,499,163926,,,2,四川,民办,0,0
江苏,2025,物理类,本科批,8771,四川大学锦江学院,（05）,首选物理，再选化学,480,178268,,,6,四川,民办,0,0
江苏,2025,物理类,本科批,8771,四川大学锦江学院,（06）,首选物理，再选思想政治,495,169250,,,1,四川,民办,0,0
江苏,2025,物理类,本科批,8774,西南交通大学希望学院,（02）,首选物理，再选化学,472,180771,,,2,四川,民办,0,0
江苏,2025,物理类,本科批,8781,吉利学院,（02）,首选物理，再选不限,494,170582,,,2,四川,民办,0,0
江苏,2025,物理类,本科批,8781,吉利学院,（03）,首选物理，再选化学,477,179556,,,9,四川,民办,0,0
江苏,2025,物理类,本科批,8801,重庆城市科技学院,（03）,首选物理，再选不限,482,167921,,,42,重庆,民办,0,0
江苏,2025,物理类,本科批,8801,重庆城市科技学院,（04）,首选物理，再选化学,473,186727,,,42,重庆,民办,0,0
江苏,2025,物理类,本科批,8802,重庆外语外事学院,（02）,首选物理，再选不限,483,161261,,,0,重庆,民办,0,0
江苏,2025,物理类,本科批,8803,重庆对外经贸学院,（02）,首选物理，再选不限,483,180771,,,30,重庆,民办,0,0
江苏,2025,物理类,本科批,8803,重庆对外经贸学院,（03）,首选物理，再选化学,472,191363,,,25,重庆,民办,0,0
江苏,2025,物理类,本科批,8804,重庆财经学院,（02）,首选物理，再选不限,499,153112,,,0,重庆,民办,0,0
江苏,2025,物理类,本科批,8804,重庆财经学院,（03）,首选物理，再选化学,499,163926,,,0,重庆,民办,0,0
江苏,2025,物理类,本科批,8805,重庆工商大学派斯学院,（02）,首选物理，再选化学,473,193550,,,15,重庆,民办,0,0
江苏,2025,物理类,本科批,8806,重庆移通学院,（02）,首选物理，再选不限,497,163926,,,0,重庆,民办,0,0
江苏,2025,物理类,本科批,8806,重庆移通学院,,首选物理，再选化学,467,186727,,,0,重庆,民办,0,0
江苏,2025,物理类,本科批,8808,重庆人文科技学院,（02）,首选物理，再选化学,487,177018,,,0,重庆,民办,0,0
江苏,2025,物理类,本科批,8833,四川工业科技学院,（01）,首选物理，再选化学,481,186727,,,2,四川,民办,0,0
江苏,2025,物理类,本科批,8841,贵阳人文科技学院,（02）,首选物理，再选化学,467,200008,,,20,贵州,民办,0,0
江苏,2025,物理类,本科批,8848,茅台学院,（01）,首选物理，再选不限,505,155895,,,0,贵州,民办,0,0
江苏,2025,物理类,本科批,8848,茅台学院,（02）,首选物理，再选化学,496,158579,,,0,贵州,民办,0,0
江苏,2025,物理类,本科批,8870,滇池学院,（02）,首选物理，再选不限,478,189076,,,10,云南,民办,0,0
江苏,2025,物理类,本科批,8870,滇池学院,（03）,首选物理，再选化学,463,186727,,,11,云南,民办,0,0
江苏,2025,物理类,本科批,8871,丽江文化旅游学院,（03）,首选物理，再选不限,472,186727,,,42,云南,民办,0,0
江苏,2025,物理类,本科批,8871,丽江文化旅游学院,（04）,首选物理，再选化学,463,202012,,,14,云南,民办,0,0
江苏,2025,物理类,本科批,8872,昆明城市学院,（02）,首选物理，再选不限,481,185582,,,6,云南,民办,0,0
江苏,2025,物理类,本科批,8872,昆明城市学院,（03）,首选物理，再选化学,466,202012,,,7,云南,民办,0,0
江苏,2025,物理类,本科批,8873,昆明医科大学海源学院,（02）,首选物理，再选不限,485,177018,,,0,云南,民办,0,0
江苏,2025,物理类,本科批,8874,昆明传媒学院,（02）,首选物理，再选不限,484,183221,,,8,云南,民办,0,0
江苏,2025,物理类,本科批,8874,昆明传媒学院,（03）,首选物理，再选化学,480,187938,,,1,云南,民办,0,0
江苏,2025,物理类,本科批,8875,昆明文理学院,（02）,首选物理，再选不限,479,187938,,,5,云南,民办,0,0
江苏,2025,物理类,本科批,8875,昆明文理学院,（03）,首选物理，再选化学,467,197910,,,7,云南,民办,0,0
江苏,2025,物理类,本科批,8876,昆明理工大学津桥学院,（02）,首选物理，再选不限,476,182030,,,10,云南,民办,0,0
江苏,2025,物理类,本科批,8876,昆明理工大学津桥学院,（03）,首选物理，再选化学,463,196830,,,22,云南,民办,0,0
江苏,2025,物理类,本科批,8878,云南经济管理学院,（03）,首选物理，再选不限,481,186727,,,4,云南,民办,0,0
江苏,2025,物理类,本科批,8878,云南经济管理学院,（04）,首选物理，再选化学,466,202992,,,4,云南,民办,0,0
江苏,2025,物理类,本科批,8882,云南工商学院,（02）,首选物理，再选化学,464,200008,,,13,云南,民办,0,0
江苏,2025,物理类,本科批,8901,西安培华学院,,首选物理，再选不限,478,179556,,,0,陕西,民办,0,0
江苏,2025,物理类,本科批,8901,西安培华学院,（05）,首选物理，再选化学,471,189076,,,0,陕西,民办,0,0
江苏,2025,物理类,本科批,8902,西安欧亚学院,（02）,首选物理，再选不限,477,186727,,,34,陕西,民办,0,0
江苏,2025,物理类,本科批,8902,西安欧亚学院,（03）,首选物理，再选化学,465,201036,,,9,陕西,民办,0,0
江苏,2025,物理类,本科批,8903,西安外事学院,（03）,首选物理，再选不限,479,189076,,,6,陕西,民办,0,0
江苏,2025,物理类,本科批,8903,西安外事学院,（04）,首选物理，再选化学,469,200008,,,6,陕西,民办,0,0
江苏,2025,物理类,本科批,8904,西安翻译学院,（02）,首选物理，再选不限,481,186727,,,45,陕西,民办,0,0
江苏,2025,物理类,本科批,8905,西京学院,（02）,首选物理，再选不限,499,159919,,,4,陕西,民办,0,0
江苏,2025,物理类,本科批,8906,西安思源学院,（02）,首选物理，再选不限,468,189076,,,11,陕西,民办,0,0
江苏,2025,物理类,本科批,8906,西安思源学院,（03）,首选物理，再选化学,463,196830,,,5,陕西,民办,0,0
江苏,2025,物理类,本科批,8907,陕西国际商贸学院,（02）,首选物理，再选不限,479,186727,,,7,陕西,民办,0,0
江苏,2025,物理类,本科批,8907,陕西国际商贸学院,（03）,首选物理，再选化学,463,202992,,,4,陕西,民办,0,0
江苏,2025,物理类,本科批,8910,西安交通大学城市学院,（02）,首选物理，再选不限,483,170582,,,10,陕西,民办,0,0
江苏,2025,物理类,本科批,8910,西安交通大学城市学院,（03）,首选物理，再选化学,470,187938,,,21,陕西,民办,0,0
江苏,2025,物理类,本科批,8911,西北大学现代学院,,首选物理，再选不限,477,183221,,,4,陕西,民办,0,0
江苏,2025,物理类,本科批,8912,西安建筑科技大学华清学院,（02）,首选物理，再选化学,468,182030,,,0,陕西,民办,0,0
江苏,2025,物理类,本科批,8913,西安财经大学行知学院,（02）,首选物理，再选不限,497,166591,,,2,陕西,民办,0,0
江苏,2025,物理类,本科批,8913,西安财经大学行知学院,（03）,首选物理，再选化学,489,177018,,,2,陕西,民办,0,0
江苏,2025,物理类,本科批,8914,西安工商学院,（03）,首选物理，再选不限,479,189076,,,15,陕西,民办,0,0
江苏,2025,物理类,本科批,8914,西安工商学院,（04）,首选物理，再选化学,465,193550,,,14,陕西,民办,0,0
江苏,2025,物理类,本科批,8915,延安大学西安创新学院,（02）,首选物理，再选化学,463,202992,,,2,陕西,民办,0,0
江苏,2025,物理类,本科批,8916,西安明德理工学院,（02）,首选物理，再选不限,491,174488,,,0,陕西,民办,0,0
江苏,2025,物理类,本科批,8916,西安明德理工学院,（03）,首选物理，再选化学,465,202992,,,0,陕西,民办,0,0
江苏,2025,物理类,本科批,8918,西安科技大学高新学院,（02）,首选物理，再选不限,497,166591,,,4,陕西,民办,0,0
江苏,2025,物理类,本科批,8918,西安科技大学高新学院,（03）,首选物理，再选化学,468,201036,,,4,陕西,民办,0,0
江苏,2025,物理类,本科批,8940,兰州工商学院,（02）,首选物理，再选不限,475,186727,,,25,甘肃,民办,0,0
江苏,2025,物理类,本科批,8941,兰州博文科技学院,（02）,首选物理，再选不限,484,183221,,,2,甘肃,民办,0,0
江苏,2025,物理类,本科批,8941,兰州博文科技学院,（03）,首选物理，再选化学,464,201036,,,14,甘肃,民办,0,0
江苏,2025,物理类,本科批,8942,兰州信息科技学院,（01）,首选物理，再选化学,464,201036,,,11,甘肃,民办,0,0
江苏,2025,物理类,本科批,8970,宁夏理工学院,（02）,首选物理，再选不限,463,189076,,,46,宁夏,民办,0,0
江苏,2025,物理类,本科批,8970,宁夏理工学院,（03）,首选物理，再选化学,463,178268,,,90,宁夏,民办,0,0
江苏,2025,物理类,本科批,8971,宁夏大学新华学院,（02）,首选物理，再选不限,477,191363,,,4,宁夏,民办,0,0
江苏,2025,物理类,本科批,8971,宁夏大学新华学院,,首选物理，再选化学,463,195768,,,10,宁夏,民办,0,0
江苏,2025,物理类,本科批,8972,银川能源学院,（02）,首选物理，再选不限,468,201036,,,3,宁夏,民办,0,0
江苏,2025,物理类,本科批,8972,银川能源学院,（03）,首选物理，再选化学,463,202992,,,4,宁夏,民办,0,0
江苏,2025,物理类,本科批,9106,香港城市大学（东莞）,（01）,首选物理，再选化学,640,7121,,,3,广东,内地与港澳台地区合作办学,0,0
江苏,2025,物理类,本科批,9112,香港珠海学院,（02）,首选物理，再选不限,463,204004,,,8,香港,民办,0,0
江苏,2025,物理类,本科提前批,1106,南京信息工程大学,（06）,首选物理，再选不限,594,39620,,,0,江苏,公办,0,0
江苏,2025,物理类,本科提前批,1106,南京信息工程大学,,首选物理，再选化学,574,23947,,,0,江苏,公办,0,0
江苏,2025,物理类,本科提前批,1108,南京师范大学,（14）,首选物理，再选不限,597,27965,,,0,江苏,公办,0,1
江苏,2025,物理类,本科提前批,1108,南京师范大学,（15）,首选物理，再选化学,608,16379,,,0,江苏,公办,0,1
江苏,2025,物理类,本科提前批,1108,南京师范大学,（16）,首选物理，再选地理,607,28841,,,0,江苏,公办,0,1
江苏,2025,物理类,本科提前批,1110,南京工业大学,（03）,首选物理，再选不限,577,47686,,,7,江苏,公办,0,0
江苏,2025,物理类,本科提前批,1110,南京工业大学,（04）,首选物理，再选化学,585,37720,,,49,江苏,公办,0,0
江苏,2025,物理类,本科提前批,1111,南京邮电大学,（03）,首选物理，再选不限,591,36725,,,0,江苏,公办,0,0
江苏,2025,物理类,本科提前批,1111,南京邮电大学,（04）,首选物理，再选化学,602,27151,,,0,江苏,公办,0,0
江苏,2025,物理类,本科提前批,1113,南京中医药大学,,首选物理，再选化学,560,59905,,,0,江苏,公办,0,0
江苏,2025,物理类,本科提前批,1131,江苏第二师范学院,,首选物理，再选不限,568,17706,,,25,江苏,公办,0,0
江苏,2025,物理类,本科提前批,1131,江苏第二师范学院,,首选物理，再选化学,568,28841,,,63,江苏,公办,0,0
江苏,2025,物理类,本科提前批,1133,南京特殊教育师范学院,（05）,首选物理，再选不限,573,41599,,,0,江苏,公办,0,0
江苏,2025,物理类,本科提前批,1222,江苏师范大学,（07）,首选物理，再选不限,583,17706,,,0,江苏,公办,0,0
江苏,2025,物理类,本科提前批,1222,江苏师范大学,,首选物理，再选化学,565,23947,,,0,江苏,公办,0,0
江苏,2025,物理类,本科提前批,1243,常州工学院,,首选物理，再选化学,458,51945,,,0,江苏,公办,0,0
江苏,2025,物理类,本科提前批,1301,南通大学,（07）,首选物理，再选不限,578,13915,,,0,江苏,公办,0,0
江苏,2025,物理类,本科提前批,1301,南通大学,,首选物理，再选化学,523,10750,,,0,江苏,公办,0,0
江苏,2025,物理类,本科提前批,132,中国人民解放军陆军军医大学,（01）,首选物理，再选不限,616,21735,,,0,重庆,公办,0,0
江苏,2025,物理类,本科提前批,132,中国人民解放军陆军军医大学,,首选物理，再选化学,601,4973,,,0,重庆,公办,0,0
江苏,2025,物理类,本科提前批,1341,淮阴师范学院,（06）,首选物理，再选不限,588,46626,,,0,江苏,公办,0,0
江苏,2025,物理类,本科提前批,1341,淮阴师范学院,（07）,首选物理，再选化学,580,40639,,,0,江苏,公办,0,0
江苏,2025,物理类,本科提前批,1341,淮阴师范学院,（08）,首选物理，再选地理,564,74582,,,0,江苏,公办,0,0
江苏,2025,物理类,本科提前批,1381,扬州大学,（18）,首选物理，再选不限,574,62232,,,0,江苏,公办,0,0
江苏,2025,物理类,本科提前批,1381,扬州大学,,首选物理，再选化学,562,17028,,,0,江苏,公办,0,0
江苏,2025,物理类,本科提前批,1401,江苏大学,,首选物理，再选化学,568,27150,,,153,江苏,公办,0,0
江苏,2025,物理类,本科提前批,170,武警警官学院,,首选物理，再选不限,592,36724,,,0,四川,公办,0,0
江苏,2025,物理类,本科提前批,170,武警警官学院,（04）,首选物理，再选化学,597,37720,,,0,四川,公办,0,0
江苏,2025,物理类,本科提前批,201,中国人民公安大学,,首选物理，再选化学,645,443,,,0,北京,公办,0,0
江苏,2025,物理类,本科提前批,201,中国人民公安大学,,首选物理，再选思想政治,623,3805,,,0,北京,公办,0,0
江苏,2025,物理类,本科提前批,202,中国刑事警察学院,,首选物理，再选化学,632,5985,,,22,辽宁,公办,0,0
江苏,2025,物理类,本科提前批,202,中国刑事警察学院,,首选物理，再选思想政治,614,16379,,,4,辽宁,公办,0,0
江苏,2025,物理类,本科提前批,2117,上海海事大学,（02）,首选物理，再选化学,593,40639,,,0,上海,公办,0,0
江苏,2025,物理类,本科提前批,2251,浙江海洋大学,（01）,首选物理，再选化学,563,74582,,,0,浙江,公办,0,0
江苏,2025,物理类,本科提前批,2412,集美大学,,首选物理，再选化学,578,54119,,,15,福建,公办,0,0
江苏,2025,物理类,本科提前批,2609,山东交通学院,（02）,首选物理，再选化学,501,161261,,,12,山东,公办,0,0
江苏,2025,物理类,本科提前批,307,中国消防救援学院,（02）,首选物理，再选化学,597,12320,,,0,北京,公办,0,0
江苏,2025,物理类,本科提前批,3119,对外经济贸易大学,（03）,首选物理，再选不限,623,13915,,,2,北京,公办,0,1
江苏,2025,物理类,本科提前批,3123,中国传媒大学,（06）,首选物理，再选不限,603,32190,,,0,北京,公办,0,1
江苏,2025,物理类,本科提前批,3131,外交学院,（03）,首选物理，再选不限,641,7529,,,0,北京,公办,0,0
江苏,2025,物理类,本科提前批,3131,外交学院,（04）,首选物理，再选思想政治,615,22495,,,0,北京,公办,0,0
江苏,2025,物理类,本科提前批,4132,大连海事大学,（03）,首选物理，再选化学,603,28841,,,0,辽宁,公办,0,1
江苏,2025,物理类,本科提前批,4311,黑龙江大学,（04）,首选物理，再选不限,542,88855,,,0,黑龙江,公办,0,0
江苏,2025,物理类,本科提前批,5161,安阳工学院,（01）,首选物理，再选化学,525,127836,,,2,河南,公办,0,0
江苏,2025,物理类,本科提前批,5203,华中师范大学,（05）,首选物理，再选不限,599,35803,,,0,湖北,公办,0,1
江苏,2025,物理类,本科提前批,5411,广州航海学院,（01）,首选物理，再选化学,561,78396,,,5,广东,公办,0,0
江苏,2025,物理类,本科提前批,5507,北部湾大学,（01）,首选物理，再选化学,550,84862,,,0,广西,公办,0,0
江苏,2025,物理类,本科提前批,5604,海南热带海洋学院,（04）,首选物理，再选化学,540,106680,,,0,海南,公办,0,0
江苏,2025,物理类,本科提前批,6207,重庆交通大学,（02）,首选物理，再选化学,571,63454,,,0,重庆,公办,0,0
江苏,2025,物理类,本科提前批,6212,四川外国语大学,（07）,首选物理，再选不限,553,47686,,,0,重庆,公办,0,0
江苏,2025,物理类,本科提前批,6421,云南警官学院,（02）,首选物理，再选思想政治,577,58764,,,0,云南,公办,0,0
江苏,2025,物理类,高校专项计划批,2104,华东理工大学,（W化）,首选物理，再选化学,615,9765,,,0,上海,公办,0,1
江苏,2025,物理类,高校专项计划批,2106,华东师范大学,（W化学）,首选物理，再选化学,615,5985,,,0,上海,公办,1,1
江苏,2025,物理类,高校专项计划批,2662,哈尔滨工业大学（威海）,（化）,首选物理，再选化学,639,8362,,,0,山东,公办,1,1
江苏,2025,物理类,高校专项计划批,3121,北京中医药大学,（W化）,首选物理，再选化学,612,24769,,,0,北京,公办,0,1
江苏,2025,物理类,高校专项计划批,5203,华中师范大学,（W不限）,首选物理，再选不限,583,51945,,,0,湖北,公办,0,1
江苏,2025,物理类,高校专项计划批,5501,广西大学,（物化）,首选物理，再选化学,592,36724,,,0,广西,公办,0,1
江苏,2025,艺术类（历史）,艺术类本科提前批,,郑州美术学院,,首选历史，再选不限,481,,,,0,河南,民办,0,0
