province,year,category,batch,university_code,university_name,major_group,subject_req,min_score,min_rank,control_score,score_diff,admit_count,school_province,school_nature,is_985,is_211
四川,2025,历史类,专科批,1356,河北轨道运输职业技术学院,（101）,首选历史，再选不限,434,73412,,,0,河北,公办,0,0
四川,2025,历史类,专科批,1378,河北化工医药职业技术学院,（101）,首选历史，再选不限,392,117382,,,4,河北,公办,0,0
四川,2025,历史类,专科批,1384,河北正定师范高等专科学校,（101）,首选历史，再选不限,344,143780,,,0,河北,公办,0,0
四川,2025,历史类,专科批,1399,唐山幼儿师范高等专科学校,（101）,首选历史，再选不限,368,116097,,,8,河北,公办,0,0
四川,2025,历史类,专科批,1449,忻州职业技术学院,（101）,首选历史，再选不限,403,103198,,,0,山西,公办,0,0
四川,2025,历史类,专科批,1469,临汾职业技术学院,,首选历史，再选不限,389,107301,,,7,山西,公办,0,0
四川,2025,历史类,专科批,1481,太原幼儿师范高等专科学校,（101）,首选历史，再选不限,348,146866,,,5,山西,公办,0,0
四川,2025,历史类,专科批,1493,山西同文职业技术学院,（101）,首选历史，再选不限,342,146866,,,7,山西,民办,0,0
四川,2025,历史类,专科批,1839,石家庄幼儿师范高等专科学校,,首选历史，再选不限,288,125846,,,27,河北,公办,0,0
四川,2025,历史类,专科批,1847,河北软件职业技术学院,（101）,首选历史，再选不限,374,132605,,,0,河北,公办,0,0
四川,2025,历史类,专科批,2155,大连职业技术学院,（101）,首选历史，再选不限,357,139478,,,0,辽宁,公办,0,0
四川,2025,历史类,专科批,2157,辽宁民族师范高等专科学校,,首选历史，再选不限,182,170257,,,0,辽宁,公办,0,0
四川,2025,历史类,专科批,2168,渤海船舶职业学院,（101）,首选历史，再选不限,388,114811,,,0,辽宁,公办,0,0
四川,2025,历史类,专科批,2176,盘锦职业技术学院,（101）,首选历史，再选不限,340,148336,,,0,辽宁,公办,0,0
四川,2025,历史类,专科批,2198,辽宁生态工程职业学院,（101）,首选历史，再选不限,334,133149,,,0,辽宁,公办,0,0
四川,2025,历史类,专科批,2227,长春金融高等专科学校,（101）,首选历史，再选不限,393,103926,,,4,吉林,公办,0,0
四川,2025,历史类,专科批,2284,长春科技学院,（101）,首选历史，再选不限,312,96561,,,0,吉林,民办,0,0
四川,2025,历史类,专科批,2353,黑龙江农垦职业学院,（101）,首选历史，再选不限,331,127021,,,52,黑龙江,公办,0,0
四川,2025,历史类,专科批,2357,黑龙江农业工程职业学院,（101）,首选历史，再选不限,368,56035,,,0,黑龙江,公办,0,0
四川,2025,历史类,专科批,2370,伊春职业学院,（101）,首选历史，再选不限,226,120093,,,27,黑龙江,公办,0,0
四川,2025,历史类,专科批,2393,哈尔滨幼儿师范高等专科学校,（101）,首选历史，再选不限,323,128315,,,0,黑龙江,公办,0,0
四川,2025,历史类,专科批,3119,上海旅游高等专科学校,,首选历史，再选不限,419,58853,,,27,上海,公办,0,0
四川,2025,历史类,专科批,3140,上海杉达学院,（101）,首选历史，再选不限,453,79684,,,0,上海,民办,0,0
四川,2025,历史类,专科批,3153,上海交通职业技术学院,（101）,首选历史，再选不限,447,72715,,,0,上海,公办,0,0
四川,2025,历史类,专科批,3159,上海东海职业技术学院,（101）,首选历史，再选不限,350,145860,,,0,上海,民办,0,0
四川,2025,历史类,专科批,3160,上海工商职业技术学院,（101）,首选历史，再选不限,423,100451,,,0,上海,民办,0,0
四川,2025,历史类,专科批,3164,上海行健职业学院,（101）,首选历史，再选不限,460,72715,,,0,上海,公办,0,0
四川,2025,历史类,专科批,3184,上海农林职业技术学院,（101）,首选历史，再选不限,437,65764,,,0,上海,公办,0,0
四川,2025,历史类,专科批,3236,镇江市高等专科学校,（101）,首选历史，再选不限,381,87206,,,28,江苏,公办,0,0
四川,2025,历史类,专科批,3252,连云港职业技术学院,（101）,首选历史，再选不限,429,96561,,,0,江苏,公办,0,0
四川,2025,历史类,专科批,3265,江苏工程职业技术学院,（101）,首选历史，再选不限,418,88567,,,4,江苏,公办,0,0
四川,2025,历史类,专科批,3274,江苏经贸职业技术学院,（101）,首选历史，再选不限,476,59526,,,5,江苏,公办,0,0
四川,2025,历史类,专科批,3279,常州机电职业技术学院,（101）,首选历史，再选不限,465,53274,,,5,江苏,公办,0,0
四川,2025,历史类,专科批,3280,江苏电子信息职业学院,（101）,首选历史，再选不限,414,106615,,,0,江苏,公办,0,0
四川,2025,历史类,专科批,3283,徐州幼儿师范高等专科学校,（101）,首选历史，再选不限,324,157425,,,0,江苏,公办,0,0
四川,2025,历史类,专科批,3342,温州商学院,（101）,首选历史，再选不限,327,78223,,,3,浙江,民办,0,0
四川,2025,历史类,专科批,3344,台州科技职业学院,（101）,首选历史，再选不限,414,80365,,,0,浙江,公办,0,0
四川,2025,历史类,专科批,3346,浙江邮电职业技术学院,（101）,首选历史，再选不限,460,67861,,,4,浙江,公办,0,0
四川,2025,历史类,专科批,3352,浙江交通职业技术学院,（101）,首选历史，再选不限,468,65102,,,0,浙江,公办,0,0
四川,2025,历史类,专科批,3359,浙江商业职业技术学院,（101）,首选历史，再选不限,463,50651,,,7,浙江,公办,0,0
四川,2025,历史类,专科批,3368,杭州科技职业技术学院,（101）,首选历史，再选不限,456,74131,,,5,浙江,公办,0,0
四川,2025,历史类,专科批,3369,浙江机电职业技术大学,（101）,首选历史，再选不限,470,65764,,,0,浙江,公办,0,0
四川,2025,历史类,专科批,3370,义乌工商职业技术学院,（101）,首选历史，再选不限,440,83794,,,0,浙江,公办,0,0
四川,2025,历史类,专科批,3372,浙江建设职业技术学院,（101）,首选历史，再选不限,459,42766,,,0,浙江,公办,0,0
四川,2025,历史类,专科批,3377,杭州职业技术大学,,首选历史，再选不限,521,35017,,,0,浙江,公办,0,0
四川,2025,历史类,专科批,3425,安徽中医药高等专科学校,（101）,首选历史，再选不限,464,47906,,,28,安徽,公办,0,0
四川,2025,历史类,专科批,3474,安徽第二医学院,（101）,首选历史，再选不限,468,60241,,,24,安徽,公办,0,0
四川,2025,历史类,专科批,3499,合肥幼儿师范高等专科学校,（101）,首选历史，再选不限,407,85852,,,0,安徽,公办,0,0
四川,2025,历史类,专科批,3525,湄洲湾职业技术学院,（101）,首选历史，再选不限,406,112147,,,5,福建,公办,0,0
四川,2025,历史类,专科批,3538,福建电力职业技术学院,（101）,首选历史，再选不限,472,67122,,,0,福建,公办,0,0
四川,2025,历史类,专科批,3546,闽西职业技术学院,（101）,首选历史，再选不限,397,118077,,,5,福建,公办,0,0
四川,2025,历史类,专科批,3547,厦门城市职业学院,（101）,首选历史，再选不限,432,80365,,,0,福建,公办,0,0
四川,2025,历史类,专科批,3558,漳州职业技术学院,（101）,首选历史，再选不限,449,66430,,,0,福建,公办,0,0
四川,2025,历史类,专科批,3598,黎明职业大学,（101）,首选历史，再选不限,389,89913,,,8,福建,公办,0,0
四川,2025,历史类,专科批,3614,南昌健康职业技术学院,（101）,首选历史，再选不限,403,99118,,,10,江西,公办,0,0
四川,2025,历史类,专科批,3621,江西医学高等专科学校,（101）,首选历史，再选不限,442,87933,,,0,江西,公办,0,0
四川,2025,历史类,专科批,3635,江西机电职业技术学院,（101）,首选历史，再选不限,384,110024,,,7,江西,公办,0,0
四川,2025,历史类,专科批,3640,抚州医药学院,,首选历史，再选不限,456,60968,,,0,江西,公办,0,0
四川,2025,历史类,专科批,3647,赣南卫生健康职业学院,,首选历史，再选不限,443,74131,,,0,江西,公办,0,0
四川,2025,历史类,专科批,3669,江西应用技术职业学院,（101）,首选历史，再选不限,452,64383,,,3,江西,公办,0,0
四川,2025,历史类,专科批,3685,宜春职业技术学院,（101）,首选历史，再选不限,428,78928,,,17,江西,公办,0,0
四川,2025,历史类,专科批,3734,淄博师范高等专科学校,（101）,首选历史，再选不限,335,152981,,,10,山东,公办,0,0
四川,2025,历史类,专科批,3749,齐鲁医药学院,,首选历史，再选不限,432,60967,,,0,山东,民办,0,0
四川,2025,历史类,专科批,3762,威海职业学院,（101）,首选历史，再选不限,373,116097,,,8,山东,公办,0,0
四川,2025,历史类,专科批,3774,山东商务职业学院,（101）,首选历史，再选不限,370,125220,,,15,山东,公办,0,0
四川,2025,历史类,专科批,3855,苏州卫生职业技术学院,（101）,首选历史，再选不限,481,57431,,,0,江苏,公办,0,0
四川,2025,历史类,专科批,3857,桐城师范高等专科学校,（101）,首选历史，再选不限,379,129552,,,0,安徽,公办,0,0
四川,2025,历史类,专科批,3912,南京机电职业技术学院,（101）,首选历史，再选不限,471,58853,,,0,江苏,公办,0,0
四川,2025,历史类,专科批,3914,江苏城市职业学院,（101）,首选历史，再选不限,447,81018,,,0,江苏,公办,0,0
四川,2025,历史类,专科批,3935,浙江纺织服装职业技术学院,（101）,首选历史，再选不限,436,86525,,,0,浙江,公办,0,0
四川,2025,历史类,专科批,3953,江西航空职业技术学院,（101）,首选历史，再选不限,389,109382,,,5,江西,民办,0,0
四川,2025,历史类,专科批,3974,潍坊工程职业学院,（101）,首选历史，再选不限,375,132019,,,0,山东,公办,0,0
四川,2025,历史类,专科批,3976,枣庄职业学院,,首选历史，再选不限,309,57431,,,18,山东,公办,0,0
四川,2025,历史类,专科批,3995,苏州健雄职业技术学院,（101）,首选历史，再选不限,406,110024,,,0,江苏,公办,0,0
四川,2025,历史类,专科批,4135,信阳农林学院,（101）,首选历史，再选不限,467,70656,,,2,河南,公办,0,0
四川,2025,历史类,专科批,4154,商丘职业技术学院,（101）,首选历史，再选不限,386,118077,,,0,河南,公办,0,0
四川,2025,历史类,专科批,4156,三门峡职业技术学院,（101）,首选历史，再选不限,357,123934,,,0,河南,公办,0,0
四川,2025,历史类,专科批,4157,郑州卫生健康职业学院,（101）,首选历史，再选不限,404,112825,,,0,河南,公办,0,0
四川,2025,历史类,专科批,4159,鹤壁职业技术学院,（101）,首选历史，再选不限,361,126423,,,0,河南,公办,0,0
四川,2025,历史类,专科批,4169,安阳职业技术学院,（101）,首选历史，再选不限,380,110024,,,0,河南,公办,0,0
四川,2025,历史类,专科批,4171,信阳职业技术学院,（101）,首选历史，再选不限,313,99118,,,61,河南,公办,0,0
四川,2025,历史类,专科批,4179,郑州旅游职业学院,（101）,首选历史，再选不限,369,132019,,,15,河南,公办,0,0
四川,2025,历史类,专科批,4180,濮阳职业技术学院,（101）,首选历史，再选不限,355,143254,,,15,河南,公办,0,0
四川,2025,历史类,专科批,4194,河南推拿职业学院,（101）,首选历史，再选不限,452,81018,,,12,河南,公办,0,0
四川,2025,历史类,专科批,4198,河南医学高等专科学校,（101）,首选历史，再选不限,453,80365,,,0,河南,公办,0,0
四川,2025,历史类,专科批,4214,汉江师范学院,（101）,首选历史，再选不限,485,45962,,,12,湖北,公办,0,0
四川,2025,历史类,专科批,4234,宜昌科技职业学院,（101）,首选历史，再选不限,379,97833,,,45,湖北,公办,0,0
四川,2025,历史类,专科批,4258,湖北职业技术学院,（101）,首选历史，再选不限,441,72052,,,58,湖北,公办,0,0
四川,2025,历史类,专科批,4269,襄阳职业技术学院,,首选历史，再选不限,430,47906,,,49,湖北,公办,0,0
四川,2025,历史类,专科批,4398,湖南汽车工程职业大学,（101）,首选历史，再选不限,408,97833,,,0,湖南,公办,0,0
四川,2025,历史类,专科批,4529,广西体育高等专科学校,（101）,首选历史，再选不限,406,112147,,,0,广西,公办,0,0
四川,2025,历史类,专科批,4561,广西水利电力职业技术学院,（101）,首选历史，再选不限,389,123306,,,0,广西,公办,0,0
四川,2025,历史类,专科批,4656,海南经贸职业技术学院,（101）,首选历史，再选不限,416,97195,,,2,海南,公办,0,0
四川,2025,历史类,专科批,4659,海南外国语职业学院,（101）,首选历史，再选不限,381,51298,,,0,海南,公办,0,0
四川,2025,历史类,专科批,4693,海南卫生健康职业学院,（101）,首选历史，再选不限,398,91796,,,0,海南,公办,0,0
四川,2025,历史类,专科批,4694,三亚护理职业学院,,首选历史，再选不限,150,177978,,,0,海南,民办,0,0
四川,2025,历史类,专科批,4702,郑州幼儿师范高等专科学校,（101）,首选历史，再选不限,332,154216,,,0,河南,公办,0,0
四川,2025,历史类,专科批,4853,武汉民政职业学院,（101）,首选历史，再选不限,461,49965,,,25,湖北,公办,0,0
四川,2025,历史类,专科批,4878,江汉艺术职业学院,（101）,首选历史，再选不限,348,123934,,,62,湖北,公办,0,0
四川,2025,历史类,专科批,5008,重庆医科大学,（101）,首选历史，再选不限,488,56035,,,0,重庆,公办,0,0
四川,2025,历史类,专科批,5052,重庆工业职业技术大学,,首选历史，再选不限,377,55309,,,126,重庆,公办,0,0
四川,2025,历史类,专科批,5053,重庆工程职业技术学院,（101）,首选历史，再选不限,456,58853,,,79,重庆,公办,0,0
四川,2025,历史类,专科批,5055,重庆化工职业学院,（101）,首选历史，再选不限,412,85852,,,240,重庆,公办,0,0
四川,2025,历史类,专科批,5062,重庆工贸职业技术学院,（101）,首选历史，再选不限,239,99118,,,547,重庆,公办,0,0
四川,2025,历史类,专科批,5072,重庆财经职业学院,（101）,首选历史，再选不限,442,76846,,,0,重庆,公办,0,0
四川,2025,历史类,专科批,5095,重庆护理职业学院,（101）,首选历史，再选不限,390,95878,,,0,重庆,民办,0,0
四川,2025,历史类,专科批,5147,四川旅游学院,（101）,首选历史，再选不限,505,44094,,,20,四川,公办,0,0
四川,2025,历史类,专科批,5168,乐山职业技术学院,,首选历史，再选不限,456,58131,,,0,四川,公办,0,0
四川,2025,历史类,专科批,5168,乐山职业技术学院,（103）,首选历史，再选化学,371,134340,,,0,四川,公办,0,0
四川,2025,历史类,专科批,5168,乐山职业技术学院,（104）,首选历史，再选生物,271,132019,,,0,四川,公办,0,0
四川,2025,历史类,专科批,5173,四川水利职业技术学院,（101）,首选历史，再选不限,450,56697,,,0,四川,公办,0,0
四川,2025,历史类,专科批,5183,四川铁道职业学院,（101）,首选历史，再选不限,481,38597,,,0,四川,公办,0,0
四川,2025,历史类,专科批,5267,毕节职业技术学院,（101）,首选历史，再选不限,375,122671,,,27,贵州,公办,0,0
四川,2025,历史类,专科批,5271,贵阳职业技术学院,（101）,首选历史，再选不限,417,78928,,,0,贵州,公办,0,0
四川,2025,历史类,专科批,5273,贵州护理职业技术学院,（101）,首选历史，再选不限,427,97833,,,5,贵州,公办,0,0
四川,2025,历史类,专科批,5332,曲靖健康医学院,（101）,首选历史，再选不限,463,73412,,,5,云南,公办,0,0
四川,2025,历史类,专科批,5357,云南林业职业技术学院,（101）,首选历史，再选不限,431,93868,,,0,云南,公办,0,0
四川,2025,历史类,专科批,5357,云南林业职业技术学院,（102）,首选历史，再选生物,402,84456,,,0,云南,公办,0,0
四川,2025,历史类,专科批,5364,云南能源职业技术学院,（101）,首选历史，再选不限,396,111441,,,8,云南,公办,0,0
四川,2025,历史类,专科批,5368,云南旅游职业学院,（101）,首选历史，再选不限,392,108706,,,15,云南,公办,0,0
四川,2025,历史类,专科批,5390,红河卫生职业学院,（101）,首选历史，再选不限,432,87933,,,0,云南,公办,0,0
四川,2025,历史类,专科批,5395,云南财经职业学院,（101）,首选历史，再选不限,416,99118,,,23,云南,公办,0,0
四川,2025,历史类,专科批,5408,西藏职业技术学院,（101）,首选历史，再选不限,382,127643,,,6,西藏,公办,0,0
四川,2025,历史类,专科批,5408,西藏职业技术学院,（102）,首选历史，再选思想政治、地理(2科必选),286,168651,,,9,西藏,公办,0,0
四川,2025,历史类,专科批,5703,成都锦城学院,（101）,首选历史，再选不限,443,78223,,,0,四川,民办,0,0
四川,2025,历史类,专科批,5710,西南财经大学天府学院,,首选历史，再选不限,388,111441,,,0,四川,民办,0,0
四川,2025,历史类,专科批,5861,重庆工信职业学院,（101）,首选历史，再选不限,422,81710,,,268,重庆,公办,0,0
四川,2025,历史类,专科批,5893,重庆五一职业技术学院,（101）,首选历史，再选不限,438,90536,,,0,重庆,公办,0,0
四川,2025,历史类,专科批,6171,西安城市建设职业学院,（101）,首选历史，再选不限,204,141126,,,0,陕西,民办,0,0
四川,2025,历史类,专科批,6588,兰州资源环境职业技术大学,（101）,首选历史，再选不限,446,74786,,,0,甘肃,公办,0,0
四川,2025,历史类,本科批A段,1121,首都经济贸易大学,（101）,首选历史，再选不限,585,7828,,,0,北京,公办,0,0
四川,2025,历史类,本科批A段,5116,西南医科大学,（603）,首选历史，再选不限,581,8874,,,0,四川,公办,0,0
四川,2025,历史类,本科批A段（国家专项）,27,华东理工大学,（101）,首选历史，再选不限,601,3628,,,0,上海,公办,0,1
四川,2025,历史类,本科批A段（国家专项）,29,华东师范大学,（101）,首选历史，再选不限,626,771,,,0,上海,公办,1,1
四川,2025,历史类,本科批A段（国家专项）,29,华东师范大学,（102）,首选历史，再选思想政治,618,2074,,,0,上海,公办,1,1
四川,2025,历史类,本科批A段（国家专项）,31,上海财经大学,（101）,首选历史，再选不限,614,1865,,,0,上海,公办,0,1
四川,2025,历史类,本科批A段（国家专项）,320,中国民航大学,（101）,首选历史，再选不限,599,3498,,,0,天津,公办,0,0
四川,2025,历史类,本科批A段（国家专项）,320,中国民航大学,（102）,首选历史，再选思想政治,592,6142,,,0,天津,公办,0,0
四川,2025,历史类,本科批A段（国家专项）,3225,南京师范大学,（101）,首选历史，再选不限,598,4956,,,0,江苏,公办,0,1
四川,2025,历史类,本科批A段（国家专项）,357,西南民族大学,（101）,首选历史，再选不限,565,7098,,,0,四川,公办,0,0
四川,2025,历史类,本科批A段（国家专项）,48,华中师范大学,（101）,首选历史，再选不限,602,2301,,,0,湖北,公办,0,1
四川,2025,历史类,本科批A段（国家专项）,48,华中师范大学,（102）,首选历史，再选思想政治,601,4408,,,0,湖北,公办,0,1
四川,2025,历史类,本科批A段（国家专项）,5120,四川师范大学,,首选历史，再选不限,523,10008,,,0,四川,公办,0,0
四川,2025,历史类,本科批A段（国家专项）,5120,四川师范大学,（105）,首选历史，再选地理,571,11819,,,0,四川,公办,0,0
四川,2025,历史类,本科批A段（国家专项）,5120,四川师范大学,（104）,首选历史，再选思想政治,575,7828,,,0,四川,公办,0,0
四川,2025,历史类,本科批A段（地方专项）,5120,四川师范大学,,首选历史，再选不限,470,7828,,,0,四川,公办,0,0
四川,2025,历史类,本科批A段（地方专项）,5120,四川师范大学,（106）,首选历史，再选地理,578,8874,,,0,四川,公办,0,0
四川,2025,历史类,本科批A段（地方专项）,5120,四川师范大学,（105）,首选历史，再选思想政治,577,8073,,,0,四川,公办,0,0
四川,2025,历史类,本科批B段,10,北京中医药大学,（101）,首选历史，再选不限,606,2198,,,0,北京,公办,0,1
四川,2025,历史类,本科批B段,1108,首都体育学院,（101）,首选历史，再选不限,551,17967,,,0,北京,公办,0,0
四川,2025,历史类,本科批B段,1111,北京物资学院,（101）,首选历史，再选不限,578,8073,,,0,北京,公办,0,0
四川,2025,历史类,本科批B段,1119,北京联合大学,（101）,首选历史，再选不限,564,13960,,,0,北京,公办,0,0
四川,2025,历史类,本科批B段,1120,北京工商大学,,首选历史，再选不限,578,5355,,,15,北京,公办,0,0
四川,2025,历史类,本科批B段,1121,首都经济贸易大学,（101）,首选历史，再选不限,598,4956,,,0,北京,公办,0,0
四川,2025,历史类,本科批B段,1202,天津工业大学,（101）,首选历史，再选不限,592,5545,,,12,天津,公办,0,0
四川,2025,历史类,本科批B段,1205,天津农学院,（101）,首选历史，再选不限,528,25206,,,26,天津,公办,0,0
四川,2025,历史类,本科批B段,1207,天津师范大学,（101）,首选历史，再选不限,565,10008,,,0,天津,公办,0,0
四川,2025,历史类,本科批B段,1207,天津师范大学,（103）,首选历史，再选地理,567,10880,,,0,天津,公办,0,0
四川,2025,历史类,本科批B段,1207,天津师范大学,（102）,首选历史，再选思想政治,576,9693,,,0,天津,公办,0,0
四川,2025,历史类,本科批B段,1212,天津体育学院,（101）,首选历史，再选不限,524,31573,,,0,天津,公办,0,0
四川,2025,历史类,本科批B段,1214,天津美术学院,（101）,首选历史，再选不限,560,12900,,,0,天津,公办,0,0
四川,2025,历史类,本科批B段,1222,天津职业技术师范大学,,首选历史，再选不限,528,18375,,,0,天津,公办,0,0
四川,2025,历史类,本科批B段,1292,天津商业大学宝德学院,,首选历史，再选不限,474,49287,,,0,天津,民办,0,0
四川,2025,历史类,本科批B段,1295,天津外国语大学滨海外事学院,,首选历史，再选不限,478,32116,,,0,天津,民办,0,0
四川,2025,历史类,本科批B段,13,中国传媒大学,,首选历史，再选不限,599,771,,,0,北京,公办,0,1
四川,2025,历史类,本科批B段,13,中国传媒大学,（105）,首选历史，再选思想政治,613,2658,,,0,北京,公办,0,1
四川,2025,历史类,本科批B段,1301,河北工程大学,,首选历史，再选不限,529,15119,,,0,河北,公办,0,0
四川,2025,历史类,本科批B段,1302,河北大学,,首选历史，再选不限,571,8603,,,0,河北,公办,0,0
四川,2025,历史类,本科批B段,1308,河北师范大学,,首选历史，再选不限,561,8874,,,19,河北,公办,0,0
四川,2025,历史类,本科批B段,1308,河北师范大学,（104）,首选历史，再选思想政治,573,11180,,,3,河北,公办,0,0
四川,2025,历史类,本科批B段,1309,石家庄铁道大学,,首选历史，再选不限,555,10296,,,0,河北,公办,0,0
四川,2025,历史类,本科批B段,1310,燕山大学,,首选历史，再选不限,559,9420,,,19,河北,公办,0,0
四川,2025,历史类,本科批B段,1314,河北金融学院,,首选历史，再选不限,522,17967,,,25,河北,公办,0,0
四川,2025,历史类,本科批B段,1315,北华航天工业学院,（101）,首选历史，再选不限,531,26218,,,14,河北,公办,0,0
四川,2025,历史类,本科批B段,1317,廊坊师范学院,,首选历史，再选不限,499,31573,,,16,河北,公办,0,0
四川,2025,历史类,本科批B段,1317,廊坊师范学院,（102）,首选历史，再选思想政治,535,27268,,,3,河北,公办,0,0
四川,2025,历史类,本科批B段,1319,河北医科大学,（101）,首选历史，再选生物,547,21412,,,0,河北,公办,0,0
四川,2025,历史类,本科批B段,1322,河北建筑工程学院,,首选历史，再选不限,519,33264,,,0,河北,公办,0,0
四川,2025,历史类,本科批B段,1341,河北中医药大学,,首选历史，再选不限,557,8332,,,0,河北,公办,0,0
四川,2025,历史类,本科批B段,1349,张家口学院,（101）,首选历史，再选地理,523,33265,,,10,河北,公办,0,0
四川,2025,历史类,本科批B段,1368,河北传媒学院,（101）,首选历史，再选不限,473,58131,,,0,河北,民办,0,0
四川,2025,历史类,本科批B段,1390,河北环境工程学院,（101）,首选历史，再选不限,522,33891,,,12,河北,公办,0,0
四川,2025,历史类,本科批B段,1394,石家庄铁道大学四方学院,（101）,首选历史，再选不限,536,26727,,,1,河北,民办,0,0
四川,2025,历史类,本科批B段,14,中央财经大学,,首选历史，再选不限,616,538,,,0,北京,公办,0,1
四川,2025,历史类,本科批B段,1403,中北大学,（101）,首选历史，再选不限,551,18797,,,7,山西,公办,0,0
四川,2025,历史类,本科批B段,1406,山西农业大学,,首选历史，再选不限,535,21412,,,0,山西,公办,0,0
四川,2025,历史类,本科批B段,1406,山西农业大学,（103）,首选历史，再选思想政治,546,16718,,,0,山西,公办,0,0
四川,2025,历史类,本科批B段,1407,山西医科大学,（101）,首选历史，再选不限,535,23302,,,5,山西,公办,0,0
四川,2025,历史类,本科批B段,1407,山西医科大学,（102）,首选历史，再选生物,555,17967,,,2,山西,公办,0,0
四川,2025,历史类,本科批B段,1409,长治医学院,,首选历史，再选不限,534,10296,,,4,山西,公办,0,0
四川,2025,历史类,本科批B段,1411,山西师范大学,,首选历史，再选不限,530,17556,,,0,山西,公办,0,0
四川,2025,历史类,本科批B段,1412,太原师范学院,（101）,首选历史，再选不限,528,27829,,,0,山西,公办,0,0
四川,2025,历史类,本科批B段,1412,太原师范学院,（102）,首选历史，再选思想政治,531,27829,,,0,山西,公办,0,0
四川,2025,历史类,本科批B段,1416,忻州师范学院,,首选历史，再选不限,526,24236,,,15,山西,公办,0,0
四川,2025,历史类,本科批B段,1416,忻州师范学院,（103）,首选历史，再选地理,540,24731,,,1,山西,公办,0,0
四川,2025,历史类,本科批B段,1418,吕梁学院,,首选历史，再选不限,524,28838,,,8,山西,公办,0,0
四川,2025,历史类,本科批B段,1418,吕梁学院,（103）,首选历史，再选地理,521,33891,,,2,山西,公办,0,0
四川,2025,历史类,本科批B段,1420,长治学院,,首选历史，再选不限,523,27829,,,10,山西,公办,0,0
四川,2025,历史类,本科批B段,1420,长治学院,（103）,首选历史，再选思想政治,536,26727,,,1,山西,公办,0,0
四川,2025,历史类,本科批B段,1427,太原学院,,首选历史，再选不限,449,32698,,,0,山西,公办,0,0
四川,2025,历史类,本科批B段,1476,运城职业技术大学,（101）,首选历史，再选不限,509,37405,,,6,山西,民办,0,0
四川,2025,历史类,本科批B段,15,对外经济贸易大学,（101）,首选历史，再选不限,630,452,,,30,北京,公办,0,1
四川,2025,历史类,本科批B段,1501,内蒙古大学,,首选历史，再选不限,586,4250,,,12,内蒙古,公办,0,1
四川,2025,历史类,本科批B段,1501,内蒙古大学,（105）,首选历史，再选思想政治,592,6142,,,1,内蒙古,公办,0,1
四川,2025,历史类,本科批B段,1518,内蒙古财经大学,（101）,首选历史，再选不限,544,20096,,,0,内蒙古,公办,0,0
四川,2025,历史类,本科批B段,1556,集宁师范学院,（101）,首选历史，再选不限,522,34457,,,4,内蒙古,公办,0,0
四川,2025,历史类,本科批B段,1556,集宁师范学院,（102）,首选历史，再选思想政治,526,32116,,,3,内蒙古,公办,0,0
四川,2025,历史类,本科批B段,1913,山西工程科技职业大学,（101）,首选历史，再选不限,521,33891,,,8,山西,公办,0,0
四川,2025,历史类,本科批B段,21,吉林大学,,首选历史，再选不限,610,580,,,27,吉林,公办,1,1
四川,2025,历史类,本科批B段,21,吉林大学,（103）,首选历史，再选思想政治,617,2198,,,2,吉林,公办,1,1
四川,2025,历史类,本科批B段,2103,沈阳理工大学,,首选历史，再选不限,543,20096,,,8,辽宁,公办,0,0
四川,2025,历史类,本科批B段,2110,沈阳大学,（102）,首选历史，再选不限,543,20967,,,13,辽宁,公办,0,0
四川,2025,历史类,本科批B段,2120,大连外国语大学,,首选历史，再选不限,557,9150,,,23,辽宁,公办,0,0
四川,2025,历史类,本科批B段,2122,辽宁中医药大学,（101）,首选历史，再选不限,585,7828,,,0,辽宁,公办,0,0
四川,2025,历史类,本科批B段,2123,辽宁师范大学,,首选历史，再选不限,543,17967,,,38,辽宁,公办,0,0
四川,2025,历史类,本科批B段,2123,辽宁师范大学,（105）,首选历史，再选地理,543,23302,,,2,辽宁,公办,0,0
四川,2025,历史类,本科批B段,2123,辽宁师范大学,（104）,首选历史，再选思想政治,555,17967,,,3,辽宁,公办,0,0
四川,2025,历史类,本科批B段,2124,沈阳师范大学,,首选历史，再选不限,495,20526,,,66,辽宁,公办,0,0
四川,2025,历史类,本科批B段,2127,鞍山师范学院,,首选历史，再选不限,521,29871,,,0,辽宁,公办,0,0
四川,2025,历史类,本科批B段,2127,鞍山师范学院,（105）,首选历史，再选思想政治,535,27268,,,0,辽宁,公办,0,0
四川,2025,历史类,本科批B段,2136,辽宁科技学院,（101）,首选历史，再选不限,523,32698,,,8,辽宁,公办,0,0
四川,2025,历史类,本科批B段,2143,营口理工学院,（101）,首选历史，再选不限,522,33891,,,5,辽宁,公办,0,0
四川,2025,历史类,本科批B段,2159,辽东学院,（101）,首选历史，再选不限,521,33264,,,0,辽宁,公办,0,0
四川,2025,历史类,本科批B段,2188,大连东软信息学院,,首选历史，再选不限,440,70005,,,0,辽宁,民办,0,0
四川,2025,历史类,本科批B段,2190,大连科技学院,（101）,首选历史，再选不限,467,69262,,,0,辽宁,民办,0,0
四川,2025,历史类,本科批B段,22,东北师范大学,,首选历史，再选不限,579,4075,,,0,吉林,公办,0,1
四川,2025,历史类,本科批B段,22,东北师范大学,,首选历史，再选思想政治,585,3498,,,0,吉林,公办,0,1
四川,2025,历史类,本科批B段,2201,长春理工大学,,首选历史，再选不限,531,12147,,,0,吉林,公办,0,0
四川,2025,历史类,本科批B段,2202,延边大学,（101）,首选历史，再选不限,587,6591,,,0,吉林,公办,0,1
四川,2025,历史类,本科批B段,2202,延边大学,（102）,首选历史，再选地理,592,6142,,,0,吉林,公办,0,1
四川,2025,历史类,本科批B段,2205,长春工业大学,,首选历史，再选不限,523,19276,,,15,吉林,公办,0,0
四川,2025,历史类,本科批B段,2211,长春中医药大学,（101）,首选历史，再选不限,585,7312,,,10,吉林,公办,0,0
四川,2025,历史类,本科批B段,2215,吉林工程技术师范学院,,首选历史，再选不限,521,34457,,,0,吉林,公办,0,0
四川,2025,历史类,本科批B段,2216,长春师范大学,,首选历史，再选不限,511,22376,,,0,吉林,公办,0,0
四川,2025,历史类,本科批B段,2216,长春师范大学,（107）,首选历史，再选地理,542,23750,,,0,吉林,公办,0,0
四川,2025,历史类,本科批B段,2216,长春师范大学,（106）,首选历史，再选思想政治,547,21412,,,0,吉林,公办,0,0
四川,2025,历史类,本科批B段,2230,长春大学,,首选历史，再选不限,537,25206,,,10,吉林,公办,0,0
四川,2025,历史类,本科批B段,2235,北华大学,,首选历史，再选不限,539,21880,,,0,吉林,公办,0,0
四川,2025,历史类,本科批B段,2241,吉林医药学院,（101）,首选历史，再选不限,528,31015,,,0,吉林,公办,0,0
四川,2025,历史类,本科批B段,2279,吉林外国语大学,（101）,首选历史，再选不限,489,42155,,,0,吉林,民办,0,0
四川,2025,历史类,本科批B段,2284,长春科技学院,（101）,首选历史，再选不限,515,38597,,,0,吉林,民办,0,0
四川,2025,历史类,本科批B段,2285,长春建筑学院,（101）,首选历史，再选不限,444,60241,,,0,吉林,民办,0,0
四川,2025,历史类,本科批B段,2290,长春光华学院,（101）,首选历史，再选不限,462,70656,,,0,吉林,民办,0,0
四川,2025,历史类,本科批B段,2291,长春人文学院,（101）,首选历史，再选不限,467,59527,,,0,吉林,民办,0,0
四川,2025,历史类,本科批B段,2293,长春大学旅游学院,,首选历史，再选不限,441,66430,,,0,吉林,民办,0,0
四川,2025,历史类,本科批B段,2295,吉林警察学院,（101）,首选历史，再选不限,544,20096,,,0,吉林,公办,0,0
四川,2025,历史类,本科批B段,23,东北林业大学,（101）,首选历史，再选不限,590,5925,,,0,黑龙江,公办,0,1
四川,2025,历史类,本科批B段,23,东北林业大学,（102）,首选历史，再选思想政治,595,5355,,,0,黑龙江,公办,0,1
四川,2025,历史类,本科批B段,2301,黑龙江大学,,首选历史，再选不限,538,10880,,,0,黑龙江,公办,0,0
四川,2025,历史类,本科批B段,2305,黑龙江科技大学,,首选历史，再选不限,532,24731,,,0,黑龙江,公办,0,0
四川,2025,历史类,本科批B段,2305,黑龙江科技大学,（103）,首选历史，再选思想政治,538,25709,,,0,黑龙江,公办,0,0
四川,2025,历史类,本科批B段,2306,东北石油大学,,首选历史，再选不限,547,16718,,,16,黑龙江,公办,0,0
四川,2025,历史类,本科批B段,2307,齐齐哈尔大学,,首选历史，再选不限,528,25206,,,0,黑龙江,公办,0,0
四川,2025,历史类,本科批B段,2307,齐齐哈尔大学,（103）,首选历史，再选思想政治,542,23750,,,0,黑龙江,公办,0,0
四川,2025,历史类,本科批B段,2308,哈尔滨医科大学,（101）,首选历史，再选不限,565,11496,,,3,黑龙江,公办,0,0
四川,2025,历史类,本科批B段,2311,哈尔滨师范大学,,首选历史，再选不限,535,15499,,,0,黑龙江,公办,0,0
四川,2025,历史类,本科批B段,2311,哈尔滨师范大学,（103）,首选历史，再选思想政治,565,13960,,,0,黑龙江,公办,0,0
四川,2025,历史类,本科批B段,2313,绥化学院,,首选历史，再选不限,520,32698,,,34,黑龙江,公办,0,0
四川,2025,历史类,本科批B段,2317,哈尔滨商业大学,（101）,首选历史，再选不限,540,12520,,,0,黑龙江,公办,0,0
四川,2025,历史类,本科批B段,2318,牡丹江师范学院,,首选历史，再选不限,522,32116,,,37,黑龙江,公办,0,0
四川,2025,历史类,本科批B段,2321,佳木斯大学,,首选历史，再选不限,520,33264,,,0,黑龙江,公办,0,0
四川,2025,历史类,本科批B段,2322,黑龙江工业学院,,首选历史，再选不限,519,35017,,,38,黑龙江,公办,0,0
四川,2025,历史类,本科批B段,2322,黑龙江工业学院,（103）,首选历史，再选思想政治,521,35017,,,2,黑龙江,公办,0,0
四川,2025,历史类,本科批B段,2327,哈尔滨理工大学,（101）,首选历史，再选不限,499,24731,,,0,黑龙江,公办,0,0
四川,2025,历史类,本科批B段,2330,哈尔滨学院,,首选历史，再选不限,525,29369,,,0,黑龙江,公办,0,0
四川,2025,历史类,本科批B段,2330,哈尔滨学院,（105）,首选历史，再选地理,542,23750,,,0,黑龙江,公办,0,0
四川,2025,历史类,本科批B段,2330,哈尔滨学院,（104）,首选历史，再选思想政治,528,31015,,,0,黑龙江,公办,0,0
四川,2025,历史类,本科批B段,2336,齐齐哈尔工程学院,（101）,首选历史，再选不限,433,92482,,,9,黑龙江,民办,0,0
四川,2025,历史类,本科批B段,2339,黑河学院,（101）,首选历史，再选不限,521,33264,,,0,黑龙江,公办,0,0
四川,2025,历史类,本科批B段,2444,黑龙江中医药大学,（101）,首选历史，再选不限,589,6591,,,4,黑龙江,公办,0,0
四川,2025,历史类,本科批B段,2444,黑龙江中医药大学,（102）,首选历史，再选生物,536,26727,,,4,黑龙江,公办,0,0
四川,2025,历史类,本科批B段,27,华东理工大学,（101）,首选历史，再选不限,604,3628,,,0,上海,公办,0,1
四川,2025,历史类,本科批B段,29,华东师范大学,,首选历史，再选不限,621,498,,,0,上海,公办,1,1
四川,2025,历史类,本科批B段,29,华东师范大学,（103）,首选历史，再选思想政治,631,873,,,0,上海,公办,1,1
四川,2025,历史类,本科批B段,308,中国人民公安大学,（101）,首选历史，再选不限,615,2301,,,0,北京,公办,0,0
四川,2025,历史类,本科批B段,31,上海财经大学,（101）,首选历史，再选不限,634,262,,,0,上海,公办,0,1
四川,2025,历史类,本科批B段,31,上海财经大学,（102）,首选历史，再选思想政治,620,1865,,,0,上海,公办,0,1
四川,2025,历史类,本科批B段,310,北京体育大学,,首选历史，再选不限,543,4075,,,0,北京,公办,0,1
四川,2025,历史类,本科批B段,310,北京体育大学,（104）,首选历史，再选思想政治,599,4765,,,0,北京,公办,0,1
四川,2025,历史类,本科批B段,3101,上海理工大学,,首选历史，再选不限,578,8603,,,0,上海,公办,0,0
四川,2025,历史类,本科批B段,3103,上海海事大学,,首选历史，再选不限,575,4584,,,0,上海,公办,0,0
四川,2025,历史类,本科批B段,3111,上海海洋大学,,首选历史，再选不限,561,6830,,,0,上海,公办,0,0
四川,2025,历史类,本科批B段,3112,上海中医药大学,（101）,首选历史，再选化学,532,28838,,,0,上海,公办,0,0
四川,2025,历史类,本科批B段,3113,上海师范大学,,首选历史，再选不限,580,5735,,,0,上海,公办,0,0
四川,2025,历史类,本科批B段,3115,上海体育大学,,首选历史，再选不限,569,10880,,,0,上海,公办,0,0
四川,2025,历史类,本科批B段,3117,上海对外经贸大学,,首选历史，再选不限,580,4075,,,0,上海,公办,0,0
四川,2025,历史类,本科批B段,3122,上海戏剧学院,（101）,首选历史，再选不限,584,3048,,,0,上海,公办,0,0
四川,2025,历史类,本科批B段,3123,上海政法学院,,首选历史，再选不限,584,2521,,,0,上海,公办,0,0
四川,2025,历史类,本科批B段,3123,上海政法学院,（102）,首选历史，再选思想政治,592,5355,,,0,上海,公办,0,0
四川,2025,历史类,本科批B段,3126,上海立信会计金融学院,（101）,首选历史，再选不限,573,4956,,,0,上海,公办,0,0
四川,2025,历史类,本科批B段,3140,上海杉达学院,,首选历史，再选不限,432,39198,,,0,上海,民办,0,0
四川,2025,历史类,本科批B段,315,中央民族大学,,首选历史，再选不限,604,1865,,,0,北京,公办,1,1
四川,2025,历史类,本科批B段,3154,上海商学院,,首选历史，再选不限,542,15902,,,0,上海,公办,0,0
四川,2025,历史类,本科批B段,3155,上海第二工业大学,,首选历史，再选不限,551,16279,,,0,上海,公办,0,0
四川,2025,历史类,本科批B段,320,中国民航大学,（101）,首选历史，再选不限,583,4584,,,0,天津,公办,0,0
四川,2025,历史类,本科批B段,320,中国民航大学,（102）,首选历史，再选思想政治,584,8073,,,0,天津,公办,0,0
四川,2025,历史类,本科批B段,3204,江苏师范大学,（101）,首选历史，再选不限,564,8603,,,0,江苏,公办,0,0
四川,2025,历史类,本科批B段,3204,江苏师范大学,（102）,首选历史，再选思想政治,578,9693,,,0,江苏,公办,0,0
四川,2025,历史类,本科批B段,3205,江苏科技大学,,首选历史，再选不限,556,10880,,,13,江苏,公办,0,0
四川,2025,历史类,本科批B段,3207,南京工业大学,（101）,首选历史，再选不限,581,6830,,,20,江苏,公办,0,0
四川,2025,历史类,本科批B段,3208,常州大学,（101）,首选历史，再选不限,562,12520,,,21,江苏,公办,0,0
四川,2025,历史类,本科批B段,3208,常州大学,（102）,首选历史，再选思想政治,572,11496,,,4,江苏,公办,0,0
四川,2025,历史类,本科批B段,3209,南京邮电大学,（101）,首选历史，再选不限,588,5356,,,32,江苏,公办,0,0
四川,2025,历史类,本科批B段,3212,江苏大学,,首选历史，再选不限,591,4956,,,15,江苏,公办,0,0
四川,2025,历史类,本科批B段,3213,南京信息工程大学,,首选历史，再选不限,566,4956,,,37,江苏,公办,0,0
四川,2025,历史类,本科批B段,3213,南京信息工程大学,（103）,首选历史，再选思想政治,597,5148,,,2,江苏,公办,0,0
四川,2025,历史类,本科批B段,3219,南京体育学院,（101）,首选历史，再选不限,547,21412,,,0,江苏,公办,0,0
四川,2025,历史类,本科批B段,3220,苏州工学院,,首选历史，再选不限,534,20096,,,27,江苏,公办,0,0
四川,2025,历史类,本科批B段,3225,南京师范大学,（101）,首选历史，再选不限,609,3048,,,0,江苏,公办,0,1
四川,2025,历史类,本科批B段,3227,淮阴师范学院,（101）,首选历史，再选不限,520,17556,,,0,江苏,公办,0,0
四川,2025,历史类,本科批B段,3234,金陵科技学院,（101）,首选历史，再选不限,540,15499,,,11,江苏,公办,0,0
四川,2025,历史类,本科批B段,3235,徐州工程学院,,首选历史，再选不限,539,20526,,,0,江苏,公办,0,0
四川,2025,历史类,本科批B段,3240,江苏第二师范学院,（101）,首选历史，再选不限,545,20526,,,10,江苏,公办,0,0
四川,2025,历史类,本科批B段,3242,连云港师范学院,（101）,首选历史，再选不限,525,31015,,,0,江苏,公办,0,0
四川,2025,历史类,本科批B段,3243,南京工程学院,（101）,首选历史，再选不限,550,18797,,,0,江苏,公办,0,0
四川,2025,历史类,本科批B段,3244,苏州科技大学,（101）,首选历史，再选不限,567,10880,,,0,江苏,公办,0,0
四川,2025,历史类,本科批B段,3244,苏州科技大学,（102）,首选历史，再选思想政治,576,10296,,,0,江苏,公办,0,0
四川,2025,历史类,本科批B段,3245,中国矿业大学徐海学院,,首选历史，再选不限,497,37405,,,0,江苏,民办,0,0
四川,2025,历史类,本科批B段,3247,西交利物浦大学,（101）,首选历史，再选不限,574,10880,,,72,江苏,中外合作办学,0,0
四川,2025,历史类,本科批B段,325,大连海事大学,,首选历史，再选不限,604,3335,,,0,辽宁,公办,0,1
四川,2025,历史类,本科批B段,3288,南京特殊教育师范学院,,首选历史，再选不限,533,17142,,,24,江苏,公办,0,0
四川,2025,历史类,本科批B段,3288,南京特殊教育师范学院,（103）,首选历史，再选思想政治,538,25709,,,2,江苏,公办,0,0
四川,2025,历史类,本科批B段,3292,南京传媒学院,（101）,首选历史，再选不限,509,23302,,,0,江苏,民办,0,0
四川,2025,历史类,本科批B段,3298,东南大学成贤学院,（101）,首选历史，再选不限,506,32116,,,0,江苏,民办,0,0
四川,2025,历史类,本科批B段,3303,浙江理工大学,（101）,首选历史，再选不限,576,10296,,,0,浙江,公办,0,0
四川,2025,历史类,本科批B段,3305,浙江海洋大学,,首选历史，再选不限,547,17142,,,12,浙江,公办,0,0
四川,2025,历史类,本科批B段,3306,浙江农林大学,,首选历史，再选不限,573,7312,,,10,浙江,公办,0,0
四川,2025,历史类,本科批B段,3309,浙江师范大学,,首选历史，再选不限,545,4408,,,36,浙江,公办,0,0
四川,2025,历史类,本科批B段,3310,杭州师范大学,（101）,首选历史，再选不限,563,12520,,,6,浙江,公办,0,0
四川,2025,历史类,本科批B段,3313,绍兴文理学院,,首选历史，再选不限,543,20967,,,20,浙江,公办,0,0
四川,2025,历史类,本科批B段,3314,台州学院,（101）,首选历史，再选不限,536,21880,,,10,浙江,公办,0,0
四川,2025,历史类,本科批B段,3315,浙江工商大学,（101）,首选历史，再选不限,575,8603,,,8,浙江,公办,0,0
四川,2025,历史类,本科批B段,3316,湖州师范学院,,首选历史，再选不限,539,22376,,,14,浙江,公办,0,0
四川,2025,历史类,本科批B段,3319,浙江万里学院,（101）,首选历史，再选不限,529,26727,,,0,浙江,公办,0,0
四川,2025,历史类,本科批B段,3321,浙江科技大学,（101）,首选历史，再选不限,553,18797,,,3,浙江,公办,0,0
四川,2025,历史类,本科批B段,3322,宁波工程学院,,首选历史，再选不限,509,18375,,,13,浙江,公办,0,0
四川,2025,历史类,本科批B段,3325,宁波大学,,首选历史，再选不限,564,3498,,,0,浙江,公办,0,0
四川,2025,历史类,本科批B段,3327,浙江传媒学院,,首选历史，再选不限,555,8874,,,0,浙江,公办,0,0
四川,2025,历史类,本科批B段,3329,温州大学,（101）,首选历史，再选不限,572,9693,,,0,浙江,公办,0,0
四川,2025,历史类,本科批B段,3341,浙江外国语学院,,首选历史，再选不限,554,10596,,,39,浙江,公办,0,0
四川,2025,历史类,本科批B段,3342,温州商学院,（101）,首选历史，再选不限,477,48590,,,9,浙江,民办,0,0
四川,2025,历史类,本科批B段,3364,宁波大学科学技术学院,,首选历史，再选不限,480,44094,,,0,浙江,民办,0,0
四川,2025,历史类,本科批B段,3379,浙江工商大学杭州商学院,,首选历史，再选不限,498,37405,,,24,浙江,民办,0,0
四川,2025,历史类,本科批B段,3380,温州医科大学仁济学院,（101）,首选历史，再选不限,479,53274,,,9,浙江,民办,0,0
四川,2025,历史类,本科批B段,3388,衢州学院,,首选历史，再选不限,531,28339,,,15,浙江,公办,0,0
四川,2025,历史类,本科批B段,3390,浙江财经大学东方学院,（101）,首选历史，再选不限,498,31015,,,15,浙江,民办,0,0
四川,2025,历史类,本科批B段,3395,浙江工业大学之江学院,（101）,首选历史，再选不限,509,37405,,,5,浙江,民办,0,0
四川,2025,历史类,本科批B段,3398,湖州学院,（101）,首选历史，再选不限,533,23750,,,42,浙江,公办,0,0
四川,2025,历史类,本科批B段,3399,温州理工学院,（101）,首选历史，再选不限,544,20526,,,0,浙江,公办,0,0
四川,2025,历史类,本科批B段,3405,安徽农业大学,（101）,首选历史，再选不限,580,9150,,,3,安徽,公办,0,0
四川,2025,历史类,本科批B段,3407,安徽师范大学,（101）,首选历史，再选不限,556,10296,,,0,安徽,公办,0,0
四川,2025,历史类,本科批B段,3407,安徽师范大学,（102）,首选历史，再选地理,574,10880,,,0,安徽,公办,0,0
四川,2025,历史类,本科批B段,341,南京理工大学,（101）,首选历史，再选不限,600,4075,,,0,江苏,公办,0,1
四川,2025,历史类,本科批B段,341,南京理工大学,（102）,首选历史，再选思想政治,607,3498,,,0,江苏,公办,0,1
四川,2025,历史类,本科批B段,3415,安徽财经大学,（101）,首选历史，再选不限,562,10296,,,23,安徽,公办,0,0
四川,2025,历史类,本科批B段,3420,合肥大学,（101）,首选历史，再选不限,549,17967,,,0,安徽,公办,0,0
四川,2025,历史类,本科批B段,3427,安庆师范大学,（101）,首选历史，再选不限,556,17556,,,4,安徽,公办,0,0
四川,2025,历史类,本科批B段,3427,安庆师范大学,（103）,首选历史，再选地理,546,21880,,,3,安徽,公办,0,0
四川,2025,历史类,本科批B段,3427,安庆师范大学,（102）,首选历史，再选思想政治,552,19276,,,3,安徽,公办,0,0
四川,2025,历史类,本科批B段,3428,安徽中医药大学,,首选历史，再选不限,588,6591,,,0,安徽,公办,0,0
四川,2025,历史类,本科批B段,347,华侨大学,,首选历史，再选不限,569,7828,,,0,福建,公办,0,0
四川,2025,历史类,本科批B段,347,华侨大学,（103）,首选历史，再选思想政治,588,7098,,,0,福建,公办,0,0
四川,2025,历史类,本科批B段,3473,池州学院,（101）,首选历史，再选不限,525,31573,,,19,安徽,公办,0,0
四川,2025,历史类,本科批B段,3533,三明学院,,首选历史，再选不限,525,29369,,,8,福建,公办,0,0
四川,2025,历史类,本科批B段,3537,龙岩学院,,首选历史，再选不限,525,31573,,,0,福建,公办,0,0
四川,2025,历史类,本科批B段,3541,福建江夏学院,,首选历史，再选不限,536,20096,,,0,福建,公办,0,0
四川,2025,历史类,本科批B段,355,中国民用航空飞行学院,（101）,首选历史，再选不限,552,15499,,,20,四川,公办,0,0
四川,2025,历史类,本科批B段,355,中国民用航空飞行学院,（102）,首选历史，再选思想政治,554,18375,,,3,四川,公办,0,0
四川,2025,历史类,本科批B段,357,西南民族大学,,首选历史，再选不限,541,7098,,,247,四川,公办,0,0
四川,2025,历史类,本科批B段,3592,厦门工学院,（101）,首选历史，再选不限,482,42766,,,8,福建,民办,0,0
四川,2025,历史类,本科批B段,3595,福州大学至诚学院,,首选历史，再选不限,489,44731,,,8,福建,民办,0,0
四川,2025,历史类,本科批B段,36,江南大学,,首选历史，再选不限,604,3049,,,20,江苏,公办,0,1
四川,2025,历史类,本科批B段,36,江南大学,（105）,首选历史，再选思想政治,609,3049,,,2,江苏,公办,0,1
四川,2025,历史类,本科批B段,3602,东华理工大学,（101）,首选历史，再选不限,560,13960,,,0,江西,公办,0,0
四川,2025,历史类,本科批B段,3603,南昌航空大学,,首选历史，再选不限,549,17556,,,13,江西,公办,0,0
四川,2025,历史类,本科批B段,3604,江西理工大学,（101）,首选历史，再选不限,553,16279,,,8,江西,公办,0,0
四川,2025,历史类,本科批B段,3607,江西农业大学,,首选历史，再选不限,541,13582,,,0,江西,公办,0,0
四川,2025,历史类,本科批B段,3615,赣南师范大学,,首选历史，再选不限,539,17142,,,22,江西,公办,0,0
四川,2025,历史类,本科批B段,3615,赣南师范大学,（104）,首选历史，再选思想政治,556,17556,,,2,江西,公办,0,0
四川,2025,历史类,本科批B段,3619,江西飞行学院,（101）,首选历史，再选不限,522,34457,,,2,江西,公办,0,0
四川,2025,历史类,本科批B段,3633,江西水利电力大学,,首选历史，再选不限,533,20097,,,0,江西,公办,0,0
四川,2025,历史类,本科批B段,3636,宜春学院,,首选历史，再选不限,530,19685,,,8,江西,公办,0,0
四川,2025,历史类,本科批B段,3641,新余学院,,首选历史，再选不限,528,30453,,,11,江西,公办,0,0
四川,2025,历史类,本科批B段,3642,九江学院,,首选历史，再选不限,527,27268,,,0,江西,公办,0,0
四川,2025,历史类,本科批B段,3642,九江学院,（103）,首选历史，再选地理,529,30453,,,0,江西,公办,0,0
四川,2025,历史类,本科批B段,365,石河子大学,（101）,首选历史，再选不限,582,6591,,,18,新疆,公办,0,1
四川,2025,历史类,本科批B段,3691,赣南科技学院,（101）,首选历史，再选不限,536,25206,,,0,江西,公办,0,0
四川,2025,历史类,本科批B段,3692,南昌交通学院,（101）,首选历史，再选不限,508,36221,,,0,江西,民办,0,0
四川,2025,历史类,本科批B段,3695,南昌医学院,（101）,首选历史，再选不限,529,30453,,,0,江西,公办,0,0
四川,2025,历史类,本科批B段,3695,南昌医学院,（102）,首选历史，再选生物,526,31573,,,0,江西,公办,0,0
四川,2025,历史类,本科批B段,3701,济南大学,（101）,首选历史，再选不限,563,12147,,,0,山东,公办,0,0
四川,2025,历史类,本科批B段,3701,济南大学,（102）,首选历史，再选思想政治,570,12147,,,0,山东,公办,0,0
四川,2025,历史类,本科批B段,3704,山东政法学院,,首选历史，再选不限,552,9420,,,0,山东,公办,0,0
四川,2025,历史类,本科批B段,3705,青岛理工大学,,首选历史，再选不限,552,10296,,,0,山东,公办,0,0
四川,2025,历史类,本科批B段,3707,曲阜师范大学,,首选历史，再选不限,549,15119,,,0,山东,公办,0,0
四川,2025,历史类,本科批B段,3707,曲阜师范大学,（103）,首选历史，再选思想政治,554,16718,,,0,山东,公办,0,0
四川,2025,历史类,本科批B段,3711,临沂大学,（101）,首选历史，再选不限,547,19685,,,0,山东,公办,0,0
四川,2025,历史类,本科批B段,3712,聊城大学,,首选历史，再选不限,553,15902,,,0,山东,公办,0,0
四川,2025,历史类,本科批B段,3713,山东师范大学,,首选历史，再选不限,551,13238,,,0,山东,公办,0,0
四川,2025,历史类,本科批B段,3713,山东师范大学,（103）,首选历史，再选地理,568,12900,,,0,山东,公办,0,0
四川,2025,历史类,本科批B段,3714,泰山学院,（101）,首选历史，再选不限,522,34457,,,5,山东,公办,0,0
四川,2025,历史类,本科批B段,3715,鲁东大学,（101）,首选历史，再选不限,533,19685,,,0,山东,公办,0,0
四川,2025,历史类,本科批B段,3716,济宁学院,（101）,首选历史，再选不限,522,34457,,,0,山东,公办,0,0
四川,2025,历史类,本科批B段,3719,山东工艺美术学院,（101）,首选历史，再选不限,522,33264,,,4,山东,公办,0,0
四川,2025,历史类,本科批B段,3720,山东财经大学,（101）,首选历史，再选不限,573,5735,,,0,山东,公办,0,0
四川,2025,历史类,本科批B段,3723,山东交通学院,（101）,首选历史，再选不限,528,27268,,,18,山东,公办,0,0
四川,2025,历史类,本科批B段,3725,山东工商学院,,首选历史，再选不限,526,20967,,,0,山东,公办,0,0
四川,2025,历史类,本科批B段,373,北方民族大学,,首选历史，再选不限,534,19685,,,0,宁夏,公办,0,0
四川,2025,历史类,本科批B段,373,北方民族大学,（104）,首选历史，再选思想政治,551,19685,,,0,宁夏,公办,0,0
四川,2025,历史类,本科批B段,3730,青岛大学,,首选历史，再选不限,576,6830,,,0,山东,公办,0,0
四川,2025,历史类,本科批B段,3730,青岛大学,（103）,首选历史，再选思想政治,584,8073,,,0,山东,公办,0,0
四川,2025,历史类,本科批B段,3739,山东理工大学,,首选历史，再选不限,546,15902,,,0,山东,公办,0,0
四川,2025,历史类,本科批B段,3740,山东农业大学,（101）,首选历史，再选不限,545,19685,,,0,山东,公办,0,0
四川,2025,历史类,本科批B段,3744,山东农业工程学院,（101）,首选历史，再选不限,532,26218,,,13,山东,公办,0,0
四川,2025,历史类,本科批B段,3749,齐鲁医药学院,,首选历史，再选不限,506,33264,,,0,山东,民办,0,0
四川,2025,历史类,本科批B段,3750,山东女子学院,,首选历史，再选不限,524,30453,,,6,山东,公办,0,0
四川,2025,历史类,本科批B段,3798,山东石油化工学院,,首选历史，再选不限,545,17142,,,5,山东,公办,0,0
四川,2025,历史类,本科批B段,381,防灾科技学院,,首选历史，再选不限,528,22376,,,0,河北,公办,0,0
四川,2025,历史类,本科批B段,3810,皖西学院,（101）,首选历史，再选不限,537,26218,,,0,安徽,公办,0,0
四川,2025,历史类,本科批B段,3810,皖西学院,（102）,首选历史，再选地理,533,28339,,,0,安徽,公办,0,0
四川,2025,历史类,本科批B段,3812,山东第一医科大学,,首选历史，再选不限,528,22838,,,7,山东,公办,0,0
四川,2025,历史类,本科批B段,3851,浙江中医药大学,（101）,首选历史，再选不限,567,12147,,,2,浙江,公办,0,0
四川,2025,历史类,本科批B段,3871,宿迁学院,（101）,首选历史，再选不限,535,24236,,,0,江苏,公办,0,0
四川,2025,历史类,本科批B段,3894,苏州城市学院,（101）,首选历史，再选不限,542,19276,,,50,江苏,公办,0,0
四川,2025,历史类,本科批B段,3895,苏州大学应用技术学院,（101）,首选历史，再选不限,475,49965,,,61,江苏,民办,0,0
四川,2025,历史类,本科批B段,3908,安徽艺术学院,（101）,首选历史，再选不限,526,32116,,,3,安徽,公办,0,0
四川,2025,历史类,本科批B段,391,中华女子学院,（101）,首选历史，再选不限,558,10880,,,26,北京,公办,0,0
四川,2025,历史类,本科批B段,3915,南京师范大学泰州学院,（101）,首选历史，再选不限,500,37405,,,0,江苏,民办,0,0
四川,2025,历史类,本科批B段,3916,南京财经大学红山学院,（101）,首选历史，再选不限,503,35652,,,0,江苏,民办,0,0
四川,2025,历史类,本科批B段,3922,扬州大学,（101）,首选历史，再选不限,582,7098,,,15,江苏,公办,0,0
四川,2025,历史类,本科批B段,397,中国劳动关系学院,（101）,首选历史，再选不限,560,12147,,,0,北京,公办,0,0
四川,2025,历史类,本科批B段,397,中国劳动关系学院,（102）,首选历史，再选思想政治,561,14328,,,0,北京,公办,0,0
四川,2025,历史类,本科批B段,3987,铜陵学院,（101）,首选历史，再选不限,548,20967,,,5,安徽,公办,0,0
四川,2025,历史类,本科批B段,4102,河南理工大学,,首选历史，再选不限,544,17556,,,11,河南,公办,0,0
四川,2025,历史类,本科批B段,4107,中原工学院,（101）,首选历史，再选不限,546,20096,,,0,河南,公办,0,0
四川,2025,历史类,本科批B段,4110,河南工程学院,,首选历史，再选不限,529,22376,,,0,河南,公办,0,0
四川,2025,历史类,本科批B段,4110,河南工程学院,（103）,首选历史，再选思想政治,532,28838,,,0,河南,公办,0,0
四川,2025,历史类,本科批B段,4113,河南大学,,首选历史，再选不限,550,7098,,,0,河南,公办,0,0
四川,2025,历史类,本科批B段,4113,河南大学,（104）,首选历史，再选地理,596,5355,,,0,河南,公办,0,0
四川,2025,历史类,本科批B段,4113,河南大学,（103）,首选历史，再选思想政治,588,7098,,,0,河南,公办,0,0
四川,2025,历史类,本科批B段,4115,河南师范大学,,首选历史，再选不限,543,15902,,,0,河南,公办,0,0
四川,2025,历史类,本科批B段,4121,河南财经政法大学,（101）,首选历史，再选不限,575,7556,,,10,河南,公办,0,0
四川,2025,历史类,本科批B段,4129,郑州工程技术学院,（101）,首选历史，再选不限,522,33891,,,0,河南,公办,0,0
四川,2025,历史类,本科批B段,4135,信阳农林学院,（101）,首选历史，再选不限,522,33264,,,15,河南,公办,0,0
四川,2025,历史类,本科批B段,4151,平顶山学院,（101）,首选历史，再选不限,526,32116,,,0,河南,公办,0,0
四川,2025,历史类,本科批B段,4183,郑州经贸学院,（101）,首选历史，再选不限,490,49965,,,0,河南,民办,0,0
四川,2025,历史类,本科批B段,4192,河南科技学院,,首选历史，再选不限,525,30453,,,0,河南,公办,0,0
四川,2025,历史类,本科批B段,42,山东大学,,首选历史，再选不限,604,1017,,,42,山东,公办,1,1
四川,2025,历史类,本科批B段,4203,湖北大学,,首选历史，再选不限,583,6830,,,0,湖北,公办,0,0
四川,2025,历史类,本科批B段,4203,湖北大学,（103）,首选历史，再选思想政治,593,5925,,,0,湖北,公办,0,0
四川,2025,历史类,本科批B段,4205,武汉轻工大学,,首选历史，再选不限,522,14328,,,0,湖北,公办,0,0
四川,2025,历史类,本科批B段,4209,湖北师范大学,,首选历史，再选不限,555,15902,,,0,湖北,公办,0,0
四川,2025,历史类,本科批B段,4209,湖北师范大学,（103）,首选历史，再选思想政治,562,15119,,,0,湖北,公办,0,0
四川,2025,历史类,本科批B段,4213,湖北民族大学,,首选历史，再选不限,507,20096,,,0,湖北,公办,0,0
四川,2025,历史类,本科批B段,4214,汉江师范学院,（101）,首选历史，再选不限,528,28838,,,10,湖北,公办,0,0
四川,2025,历史类,本科批B段,4215,湖北文理学院,,首选历史，再选不限,530,17142,,,0,湖北,公办,0,0
四川,2025,历史类,本科批B段,4220,湖北第二师范学院,,首选历史，再选不限,540,20096,,,0,湖北,公办,0,0
四川,2025,历史类,本科批B段,4220,湖北第二师范学院,（103）,首选历史，再选思想政治,548,19276,,,0,湖北,公办,0,0
四川,2025,历史类,本科批B段,4223,湖北理工学院,（101）,首选历史，再选不限,530,29369,,,0,湖北,公办,0,0
四川,2025,历史类,本科批B段,4225,湖北医药学院,（101）,首选历史，再选不限,530,28339,,,0,湖北,公办,0,0
四川,2025,历史类,本科批B段,4237,武汉商学院,,首选历史，再选不限,527,22838,,,0,湖北,公办,0,0
四川,2025,历史类,本科批B段,4239,武汉科技大学,（101）,首选历史，再选不限,573,7828,,,0,湖北,公办,0,0
四川,2025,历史类,本科批B段,4239,武汉科技大学,（102）,首选历史，再选思想政治,576,10296,,,0,湖北,公办,0,0
四川,2025,历史类,本科批B段,4289,武汉工程大学邮电与信息工程学院,（101）,首选历史，再选不限,492,49965,,,0,湖北,民办,0,0
四川,2025,历史类,本科批B段,4299,武汉工商学院,,首选历史，再选不限,503,43439,,,0,湖北,民办,0,0
四川,2025,历史类,本科批B段,43,中国海洋大学,,首选历史，再选不限,597,2198,,,0,山东,公办,1,1
四川,2025,历史类,本科批B段,43,中国海洋大学,（103）,首选历史，再选思想政治,614,2521,,,0,山东,公办,1,1
四川,2025,历史类,本科批B段,4301,湘潭大学,（101）,首选历史，再选不限,591,3628,,,31,湖南,公办,0,0
四川,2025,历史类,本科批B段,4301,湘潭大学,（102）,首选历史，再选思想政治,596,4408,,,4,湖南,公办,0,0
四川,2025,历史类,本科批B段,4306,长沙理工大学,（101）,首选历史，再选不限,580,7828,,,0,湖南,公办,0,0
四川,2025,历史类,本科批B段,4308,中南林业科技大学,,首选历史，再选不限,552,9420,,,19,湖南,公办,0,0
四川,2025,历史类,本科批B段,4314,湘南学院,（101）,首选历史，再选不限,531,24731,,,5,湖南,公办,0,0
四川,2025,历史类,本科批B段,4317,怀化学院,（101）,首选历史，再选不限,536,26218,,,0,湖南,公办,0,0
四川,2025,历史类,本科批B段,4317,怀化学院,（102）,首选历史，再选思想政治,542,23750,,,0,湖南,公办,0,0
四川,2025,历史类,本科批B段,4319,湖南科技学院,,首选历史，再选不限,530,28838,,,0,湖南,公办,0,0
四川,2025,历史类,本科批B段,4332,长沙学院,,首选历史，再选不限,534,15119,,,5,湖南,公办,0,0
四川,2025,历史类,本科批B段,4335,湖南工业大学,,首选历史，再选不限,525,16718,,,0,湖南,公办,0,0
四川,2025,历史类,本科批B段,44,中国石油大学（华东）,（101）,首选历史，再选不限,602,3628,,,0,山东,公办,0,1
四川,2025,历史类,本科批B段,4424,深圳大学,（101）,首选历史，再选不限,607,2398,,,20,广东,公办,0,0
四川,2025,历史类,本科批B段,4434,韩山师范学院,,首选历史，再选不限,530,29871,,,0,广东,公办,0,0
四川,2025,历史类,本科批B段,4438,广东工业大学,（101）,首选历史，再选不限,576,8073,,,9,广东,公办,0,0
四川,2025,历史类,本科批B段,4439,南方医科大学,（101）,首选历史，再选不限,592,4250,,,0,广东,公办,0,0
四川,2025,历史类,本科批B段,4444,五邑大学,（101）,首选历史，再选不限,563,14706,,,2,广东,公办,0,0
四川,2025,历史类,本科批B段,4489,广州软件学院,（101）,首选历史，再选不限,468,65102,,,0,广东,民办,0,0
四川,2025,历史类,本科批B段,4501,广西大学,,首选历史，再选不限,595,4956,,,0,广西,公办,0,1
四川,2025,历史类,本科批B段,4502,广西科技大学,,首选历史，再选不限,531,26727,,,11,广西,公办,0,0
四川,2025,历史类,本科批B段,4504,桂林理工大学,（101）,首选历史，再选不限,534,25709,,,0,广西,公办,0,0
四川,2025,历史类,本科批B段,4506,广西医科大学,（101）,首选历史，再选不限,537,26218,,,0,广西,公办,0,0
四川,2025,历史类,本科批B段,4506,广西医科大学,（102）,首选历史，再选生物,547,21412,,,0,广西,公办,0,0
四川,2025,历史类,本科批B段,4507,右江民族医学院,（101）,首选历史，再选生物,529,30453,,,1,广西,公办,0,0
四川,2025,历史类,本科批B段,4510,广西师范大学,,首选历史，再选不限,536,12520,,,0,广西,公办,0,0
四川,2025,历史类,本科批B段,4514,玉林师范学院,（101）,首选历史，再选不限,530,29871,,,0,广西,公办,0,0
四川,2025,历史类,本科批B段,4520,桂林航天工业学院,（101）,首选历史，再选不限,525,31573,,,0,广西,公办,0,0
四川,2025,历史类,本科批B段,4523,百色学院,,首选历史，再选不限,525,28339,,,26,广西,公办,0,0
四川,2025,历史类,本科批B段,4523,百色学院,（105）,首选历史，再选地理,527,31573,,,2,广西,公办,0,0
四川,2025,历史类,本科批B段,4523,百色学院,（104）,首选历史，再选思想政治,529,30453,,,2,广西,公办,0,0
四川,2025,历史类,本科批B段,4528,北部湾大学,,首选历史，再选不限,527,26727,,,0,广西,公办,0,0
四川,2025,历史类,本科批B段,4546,贺州学院,,首选历史，再选不限,520,31573,,,9,广西,公办,0,0
四川,2025,历史类,本科批B段,4546,贺州学院,（103）,首选历史，再选思想政治,529,30453,,,3,广西,公办,0,0
四川,2025,历史类,本科批B段,4590,广西中医药大学赛恩斯新医药学院,（101）,首选历史，再选不限,547,20967,,,0,广西,民办,0,0
四川,2025,历史类,本科批B段,46,中国地质大学（武汉）,（101）,首选历史，再选不限,604,3924,,,0,湖北,公办,0,1
四川,2025,历史类,本科批B段,4605,海南大学,,首选历史，再选不限,574,2912,,,67,海南,公办,0,1
四川,2025,历史类,本科批B段,4605,海南大学,（107）,首选历史，再选地理,586,7556,,,2,海南,公办,0,1
四川,2025,历史类,本科批B段,4605,海南大学,,首选历史，再选思想政治,597,4075,,,9,海南,公办,0,1
四川,2025,历史类,本科批B段,4611,海南热带海洋学院,,首选历史，再选不限,505,30453,,,0,海南,公办,0,0
四川,2025,历史类,本科批B段,4611,海南热带海洋学院,（103）,首选历史，再选思想政治,531,27268,,,0,海南,公办,0,0
四川,2025,历史类,本科批B段,4615,海南师范大学,,首选历史，再选不限,547,15119,,,69,海南,公办,0,0
四川,2025,历史类,本科批B段,4615,海南师范大学,（105）,首选历史，再选地理,561,14328,,,5,海南,公办,0,0
四川,2025,历史类,本科批B段,4615,海南师范大学,,首选历史，再选思想政治,554,12147,,,11,海南,公办,0,0
四川,2025,历史类,本科批B段,4617,海南医科大学,（101）,首选历史，再选不限,552,19276,,,0,海南,公办,0,0
四川,2025,历史类,本科批B段,4618,琼台师范学院,,首选历史，再选不限,513,31015,,,0,海南,公办,0,0
四川,2025,历史类,本科批B段,4618,琼台师范学院,（105）,首选历史，再选思想政治,530,29871,,,0,海南,公办,0,0
四川,2025,历史类,本科批B段,4790,深圳技术大学,,首选历史，再选不限,547,7098,,,9,广东,公办,0,0
四川,2025,历史类,本科批B段,48,华中师范大学,（101）,首选历史，再选不限,609,1865,,,0,湖北,公办,0,1
四川,2025,历史类,本科批B段,48,华中师范大学,（103）,首选历史，再选地理,615,2397,,,0,湖北,公办,0,1
四川,2025,历史类,本科批B段,48,华中师范大学,（102）,首选历史，再选思想政治,610,2912,,,0,湖北,公办,0,1
四川,2025,历史类,本科批B段,4877,武汉华夏理工学院,（101）,首选历史，再选不限,478,60241,,,0,湖北,民办,0,0
四川,2025,历史类,本科批B段,4906,肇庆学院,,首选历史，再选不限,525,27829,,,13,广东,公办,0,0
四川,2025,历史类,本科批B段,5,北京科技大学,（101）,首选历史，再选不限,608,3335,,,16,北京,公办,0,1
四川,2025,历史类,本科批B段,5008,重庆医科大学,,首选历史，再选不限,553,18797,,,0,重庆,公办,0,0
四川,2025,历史类,本科批B段,5010,重庆师范大学,,首选历史，再选不限,562,8874,,,0,重庆,公办,0,0
四川,2025,历史类,本科批B段,5010,重庆师范大学,（104）,首选历史，再选地理,578,9693,,,0,重庆,公办,0,0
四川,2025,历史类,本科批B段,5010,重庆师范大学,（103）,首选历史，再选思想政治,584,8073,,,0,重庆,公办,0,0
四川,2025,历史类,本科批B段,5015,四川外国语大学,,首选历史，再选不限,534,7313,,,0,重庆,公办,0,0
四川,2025,历史类,本科批B段,5015,四川外国语大学,（106）,首选历史，再选思想政治,567,12901,,,0,重庆,公办,0,0
四川,2025,历史类,本科批B段,5022,重庆科技大学,,首选历史，再选不限,557,13582,,,28,重庆,公办,0,0
四川,2025,历史类,本科批B段,5025,重庆理工大学,,首选历史，再选不限,553,9150,,,82,重庆,公办,0,0
四川,2025,历史类,本科批B段,5026,重庆工商大学,,首选历史，再选不限,520,5356,,,0,重庆,公办,0,0
四川,2025,历史类,本科批B段,5026,重庆工商大学,（103）,首选历史，再选生物,544,22377,,,0,重庆,公办,0,0
四川,2025,历史类,本科批B段,5027,重庆第二师范学院,,首选历史，再选不限,545,18797,,,0,重庆,公办,0,0
四川,2025,历史类,本科批B段,5027,重庆第二师范学院,（103）,首选历史，再选思想政治,556,17556,,,0,重庆,公办,0,0
四川,2025,历史类,本科批B段,5064,重庆工程学院,（101）,首选历史，再选不限,495,48590,,,0,重庆,民办,0,0
四川,2025,历史类,本科批B段,5085,重庆人文科技学院,（105）,首选历史，再选生物,489,55309,,,0,重庆,民办,0,0
四川,2025,历史类,本科批B段,5092,重庆移通学院,（101）,首选历史，再选不限,499,43439,,,0,重庆,民办,0,0
四川,2025,历史类,本科批B段,5093,重庆财经学院,（101）,首选历史，再选不限,516,32698,,,0,重庆,民办,0,0
四川,2025,历史类,本科批B段,5101,西南石油大学,,首选历史，再选不限,566,6830,,,0,四川,公办,0,0
四川,2025,历史类,本科批B段,5101,西南石油大学,（107）,首选历史，再选思想政治,588,7098,,,0,四川,公办,0,0
四川,2025,历史类,本科批B段,5116,西南医科大学,,首选历史，再选不限,539,6830,,,0,四川,公办,0,0
四川,2025,历史类,本科批B段,5117,成都中医药大学,,首选历史，再选不限,530,723,,,0,四川,公办,0,0
四川,2025,历史类,本科批B段,5117,成都中医药大学,（105）,首选历史，再选化学,517,37405,,,0,四川,公办,0,0
四川,2025,历史类,本科批B段,5118,川北医学院,（101）,首选历史，再选不限,532,27268,,,0,四川,公办,0,0
四川,2025,历史类,本科批B段,5118,川北医学院,（102）,首选历史，再选生物,529,29871,,,0,四川,公办,0,0
四川,2025,历史类,本科批B段,5120,四川师范大学,,首选历史，再选不限,523,5355,,,0,四川,公办,0,0
四川,2025,历史类,本科批B段,5120,四川师范大学,（110）,首选历史，再选地理,566,12520,,,0,四川,公办,0,0
四川,2025,历史类,本科批B段,5120,四川师范大学,（109）,首选历史，再选思想政治,571,8332,,,0,四川,公办,0,0
四川,2025,历史类,本科批B段,5123,绵阳师范学院,,首选历史，再选不限,538,22838,,,0,四川,公办,0,0
四川,2025,历史类,本科批B段,5123,绵阳师范学院,（106）,首选历史，再选地理,545,22376,,,0,四川,公办,0,0
四川,2025,历史类,本科批B段,5123,绵阳师范学院,（105）,首选历史，再选思想政治,549,20526,,,0,四川,公办,0,0
四川,2025,历史类,本科批B段,5123,绵阳师范学院,（104）,首选历史，再选生物,519,36221,,,0,四川,公办,0,0
四川,2025,历史类,本科批B段,5124,内江师范学院,,首选历史，再选不限,544,18375,,,544,四川,公办,0,0
四川,2025,历史类,本科批B段,5124,内江师范学院,（103）,首选历史，再选地理,543,22838,,,119,四川,公办,0,0
四川,2025,历史类,本科批B段,5124,内江师范学院,（104）,首选历史，再选思想政治,553,18797,,,71,四川,公办,0,0
四川,2025,历史类,本科批B段,5125,宜宾学院,,首选历史，再选不限,522,21880,,,1054,四川,公办,0,0
四川,2025,历史类,本科批B段,5125,宜宾学院,（107）,首选历史，再选思想政治,540,24731,,,55,四川,公办,0,0
四川,2025,历史类,本科批B段,5126,成都师范学院,,首选历史，再选不限,546,15119,,,0,四川,公办,0,0
四川,2025,历史类,本科批B段,5126,成都师范学院,（104）,首选历史，再选地理,564,14328,,,0,四川,公办,0,0
四川,2025,历史类,本科批B段,5128,四川文理学院,,首选历史，再选不限,522,26218,,,0,四川,公办,0,0
四川,2025,历史类,本科批B段,5128,四川文理学院,（105）,首选历史，再选思想政治,534,26727,,,0,四川,公办,0,0
四川,2025,历史类,本科批B段,5128,四川文理学院,（106）,首选历史，再选思想政治、地理(2科必选),536,26727,,,0,四川,公办,0,0
四川,2025,历史类,本科批B段,5136,四川音乐学院,,首选历史，再选不限,513,33891,,,0,四川,公办,0,0
四川,2025,历史类,本科批B段,5139,攀枝花学院,（101）,首选历史，再选不限,529,24731,,,666,四川,公办,0,0
四川,2025,历史类,本科批B段,5143,四川民族学院,,首选历史，再选不限,526,29871,,,262,四川,公办,0,0
四川,2025,历史类,本科批B段,5143,四川民族学院,（103）,首选历史，再选思想政治,527,31573,,,62,四川,公办,0,0
四川,2025,历史类,本科批B段,5147,四川旅游学院,（101）,首选历史，再选不限,528,24236,,,228,四川,公办,0,0
四川,2025,历史类,本科批B段,5147,四川旅游学院,,首选历史，再选地理,521,30453,,,37,四川,公办,0,0
四川,2025,历史类,本科批B段,5147,四川旅游学院,（102）,首选历史，再选思想政治,528,31015,,,37,四川,公办,0,0
四川,2025,历史类,本科批B段,5149,四川警察学院,（101）,首选历史，再选不限,575,10596,,,0,四川,公办,0,0
四川,2025,历史类,本科批B段,5177,成都东软学院,（101）,首选历史，再选不限,475,58131,,,0,四川,民办,0,0
四川,2025,历史类,本科批B段,5201,贵州大学,,首选历史，再选不限,564,3924,,,0,贵州,公办,0,1
四川,2025,历史类,本科批B段,5201,贵州大学,（104）,首选历史，再选思想政治,600,4584,,,0,贵州,公办,0,1
四川,2025,历史类,本科批B段,5205,遵义医科大学,（101）,首选历史，再选不限,542,23750,,,2,贵州,公办,0,0
四川,2025,历史类,本科批B段,5205,遵义医科大学,（102）,首选历史，再选生物,549,20526,,,5,贵州,公办,0,0
四川,2025,历史类,本科批B段,5209,安顺学院,（101）,首选历史，再选不限,527,31573,,,1,贵州,公办,0,0
四川,2025,历史类,本科批B段,5209,安顺学院,（102）,首选历史，再选思想政治,528,31015,,,1,贵州,公办,0,0
四川,2025,历史类,本科批B段,5211,贵州财经大学,（101）,首选历史，再选不限,552,19276,,,0,贵州,公办,0,0
四川,2025,历史类,本科批B段,5286,贵州黔南科技学院,（101）,首选历史，再选不限,500,47906,,,7,贵州,民办,0,0
四川,2025,历史类,本科批B段,5302,昆明理工大学,（101）,首选历史，再选不限,570,9150,,,0,云南,公办,0,0
四川,2025,历史类,本科批B段,5302,昆明理工大学,（102）,首选历史，再选地理,558,15499,,,0,云南,公办,0,0
四川,2025,历史类,本科批B段,5304,云南农业大学,（101）,首选历史，再选不限,548,19276,,,0,云南,公办,0,0
四川,2025,历史类,本科批B段,5305,西南林业大学,,首选历史，再选不限,554,14328,,,10,云南,公办,0,0
四川,2025,历史类,本科批B段,5307,大理大学,,首选历史，再选不限,541,18798,,,18,云南,公办,0,0
四川,2025,历史类,本科批B段,5307,大理大学,（104）,首选历史，再选思想政治,554,17968,,,2,云南,公办,0,0
四川,2025,历史类,本科批B段,5308,云南中医药大学,,首选历史，再选不限,556,5545,,,2,云南,公办,0,0
四川,2025,历史类,本科批B段,5313,保山学院,（101）,首选历史，再选不限,535,27268,,,3,云南,公办,0,0
四川,2025,历史类,本科批B段,5320,云南民族大学,（101）,首选历史，再选不限,535,21412,,,0,云南,公办,0,0
四川,2025,历史类,本科批B段,5320,云南民族大学,（103）,首选历史，再选思想政治、地理(2科必选),559,16279,,,0,云南,公办,0,0
四川,2025,历史类,本科批B段,5321,玉溪师范学院,,首选历史，再选不限,531,26218,,,6,云南,公办,0,0
四川,2025,历史类,本科批B段,5324,昆明学院,,首选历史，再选不限,531,23750,,,14,云南,公办,0,0
四川,2025,历史类,本科批B段,5324,昆明学院,（103）,首选历史，再选思想政治,537,25206,,,4,云南,公办,0,0
四川,2025,历史类,本科批B段,5326,文山学院,（101）,首选历史，再选不限,523,33891,,,9,云南,公办,0,0
四川,2025,历史类,本科批B段,5381,滇池学院,（101）,首选历史，再选不限,495,37999,,,28,云南,民办,0,0
四川,2025,历史类,本科批B段,5574,重庆中医药学院,,首选历史，再选不限,552,7098,,,42,重庆,公办,0,0
四川,2025,历史类,本科批B段,5703,成都锦城学院,,首选历史，再选不限,505,27829,,,0,四川,民办,0,0
四川,2025,历史类,本科批B段,5710,西南财经大学天府学院,,首选历史，再选不限,492,49965,,,0,四川,民办,0,0
四川,2025,历史类,本科批B段,58,西安交通大学,（101）,首选历史，再选不限,633,538,,,0,陕西,公办,1,1
四川,2025,历史类,本科批B段,6,北京化工大学,（101）,首选历史，再选不限,606,2912,,,0,北京,公办,0,1
四川,2025,历史类,本科批B段,61,兰州大学,（101）,首选历史，再选不限,609,1966,,,17,甘肃,公办,1,1
四川,2025,历史类,本科批B段,61,兰州大学,（102）,首选历史，再选思想政治,614,2198,,,4,甘肃,公办,1,1
四川,2025,历史类,本科批B段,6116,延安大学,（101）,首选历史，再选不限,547,20967,,,4,陕西,公办,0,0
四川,2025,历史类,本科批B段,6117,咸阳师范学院,,首选历史，再选不限,519,23302,,,3,陕西,公办,0,0
四川,2025,历史类,本科批B段,6118,渭南师范学院,,首选历史，再选不限,508,29871,,,22,陕西,公办,0,0
四川,2025,历史类,本科批B段,6121,西北政法大学,,首选历史，再选不限,563,3335,,,0,陕西,公办,0,0
四川,2025,历史类,本科批B段,6125,榆林学院,（101）,首选历史，再选不限,536,25709,,,0,陕西,公办,0,0
四川,2025,历史类,本科批B段,6127,安康学院,（101）,首选历史，再选不限,527,31015,,,8,陕西,公办,0,0
四川,2025,历史类,本科批B段,6134,陕西学前师范学院,,首选历史，再选不限,527,28838,,,0,陕西,公办,0,0
四川,2025,历史类,本科批B段,6134,陕西学前师范学院,（103）,首选历史，再选思想政治,537,26218,,,0,陕西,公办,0,0
四川,2025,历史类,本科批B段,6137,宝鸡文理学院,（101）,首选历史，再选不限,529,27829,,,12,陕西,公办,0,0
四川,2025,历史类,本科批B段,6139,陕西理工大学,（101）,首选历史，再选不限,549,17967,,,0,陕西,公办,0,0
四川,2025,历史类,本科批B段,6156,西京学院,（101）,首选历史，再选不限,489,53934,,,8,陕西,民办,0,0
四川,2025,历史类,本科批B段,6182,西安建筑科技大学华清学院,（101）,首选历史，再选不限,472,56035,,,0,陕西,民办,0,0
四川,2025,历史类,本科批B段,6186,西安文理学院,,首选历史，再选不限,537,23302,,,6,陕西,公办,0,0
四川,2025,历史类,本科批B段,6186,西安文理学院,（103）,首选历史，再选思想政治,548,20967,,,2,陕西,公办,0,0
四川,2025,历史类,本科批B段,6188,西安明德理工学院,（101）,首选历史，再选不限,470,63722,,,0,陕西,民办,0,0
四川,2025,历史类,本科批B段,6206,西北师范大学,,首选历史，再选不限,522,11496,,,0,甘肃,公办,0,0
四川,2025,历史类,本科批B段,6206,西北师范大学,（104）,首选历史，再选地理,575,10596,,,0,甘肃,公办,0,0
四川,2025,历史类,本科批B段,6206,西北师范大学,,首选历史，再选思想政治,540,12520,,,0,甘肃,公办,0,0
四川,2025,历史类,本科批B段,6209,天水师范大学,（101）,首选历史，再选不限,530,27829,,,0,甘肃,公办,0,0
四川,2025,历史类,本科批B段,6211,兰州财经大学,,首选历史，再选不限,531,14706,,,0,甘肃,公办,0,0
四川,2025,历史类,本科批B段,6211,兰州财经大学,（104）,首选历史，再选地理,541,24236,,,0,甘肃,公办,0,0
四川,2025,历史类,本科批B段,6215,甘肃政法大学,（101）,首选历史，再选不限,555,6591,,,0,甘肃,公办,0,0
四川,2025,历史类,本科批B段,6215,甘肃政法大学,（102）,首选历史，再选思想政治,557,17142,,,0,甘肃,公办,0,0
四川,2025,历史类,本科批B段,63,中国石油大学（北京）,（101）,首选历史，再选不限,611,2912,,,0,北京,公办,0,1
四川,2025,历史类,本科批B段,63,中国石油大学（北京）,（102）,首选历史，再选思想政治,610,3048,,,0,北京,公办,0,1
四川,2025,历史类,本科批B段,6301,青海大学,（101）,首选历史，再选不限,586,6591,,,0,青海,公办,0,1
四川,2025,历史类,本科批B段,64,中国地质大学（北京）,（101）,首选历史，再选不限,604,2912,,,0,北京,公办,0,1
四川,2025,历史类,本科批B段,6401,宁夏大学,,首选历史，再选不限,590,5735,,,0,宁夏,公办,0,1
四川,2025,历史类,本科批B段,6405,宁夏师范大学,,首选历史，再选不限,535,23302,,,23,宁夏,公办,0,0
四川,2025,历史类,本科批B段,6405,宁夏师范大学,（103）,首选历史，再选思想政治,541,24236,,,5,宁夏,公办,0,0
四川,2025,历史类,本科批B段,6451,宁夏理工学院,（101）,首选历史，再选不限,468,63029,,,40,宁夏,民办,0,0
四川,2025,历史类,本科批B段,6451,宁夏理工学院,（102）,首选历史，再选思想政治,489,55309,,,5,宁夏,民办,0,0
四川,2025,历史类,本科批B段,6501,新疆大学,（101）,首选历史，再选不限,589,4765,,,0,新疆,公办,0,1
四川,2025,历史类,本科批B段,6509,喀什大学,,首选历史，再选不限,513,31573,,,151,新疆,公办,0,0
四川,2025,历史类,本科批B段,6509,喀什大学,（104）,首选历史，再选地理,519,36221,,,3,新疆,公办,0,0
四川,2025,历史类,本科批B段,6509,喀什大学,（103）,首选历史，再选思想政治,527,31573,,,8,新疆,公办,0,0
四川,2025,历史类,本科批B段,6514,新疆艺术学院,（101）,首选历史，再选不限,517,37405,,,0,新疆,公办,0,0
四川,2025,历史类,本科批B段,67,中南大学,（101）,首选历史，再选不限,617,1865,,,26,湖南,公办,1,1
四川,2025,历史类,本科批B段,6752,西安交通工程学院,（101）,首选历史，再选不限,418,65764,,,0,陕西,民办,0,0
四川,2025,历史类,本科批B段,7,北京邮电大学,（101）,首选历史，再选不限,615,1629,,,13,北京,公办,0,1
四川,2025,历史类,本科批B段,70,武汉理工大学,,首选历史，再选不限,597,3628,,,0,湖北,公办,0,1
四川,2025,历史类,本科批B段,70,武汉理工大学,（103）,首选历史，再选思想政治,605,3772,,,0,湖北,公办,0,1
四川,2025,历史类,本科批B段,73,中央美术学院,,首选历史，再选不限,563,5925,,,0,北京,公办,0,0
四川,2025,历史类,本科批B段,74,中央戏剧学院,（101）,首选历史，再选不限,584,6142,,,0,北京,公办,0,0
四川,2025,历史类,本科批B段,75,北京外国语大学,（101）,首选历史，再选不限,624,664,,,0,北京,公办,0,1
四川,2025,历史类,本科批B段,75,北京外国语大学,,首选历史，再选思想政治,610,1301,,,0,北京,公办,0,1
四川,2025,历史类,本科批B段,78,山东大学（威海）,（101）,首选历史，再选不限,612,1547,,,28,山东,公办,1,1
四川,2025,历史类,本科批B段,9,北京林业大学,（101）,首选历史，再选不限,605,3190,,,0,北京,公办,0,1
四川,2025,历史类,本科批B段,9,北京林业大学,（102）,首选历史，再选地理,606,3628,,,0,北京,公办,0,1
四川,2025,历史类,本科批B段,94,中国石油大学（北京）克拉玛依校区,,首选历史，再选不限,584,7556,,,0,新疆,公办,0,1
四川,2025,历史类,本科批B段,94,中国石油大学（北京）克拉玛依校区,（103）,首选历史，再选思想政治,586,7556,,,0,新疆,公办,0,1
四川,2025,历史类,本科批（区域教育均衡发展专项）,5116,西南医科大学,（205）,首选历史，再选不限,511,40955,,,0,四川,公办,0,0
四川,2025,历史类,本科批（区域教育均衡发展专项）,5123,绵阳师范学院,,首选历史，再选不限,502,31573,,,15,四川,公办,0,0
四川,2025,历史类,本科批（区域教育均衡发展专项）,5123,绵阳师范学院,（108）,首选历史，再选地理,521,34457,,,2,四川,公办,0,0
四川,2025,历史类,本科批（区域教育均衡发展专项）,5123,绵阳师范学院,,首选历史，再选思想政治,526,31573,,,3,四川,公办,0,0
四川,2025,历史类,本科批（预科）,5123,绵阳师范学院,,首选历史，再选不限,440,67122,,,0,四川,公办,0,0
四川,2025,历史类,本科批（预科）,5123,绵阳师范学院,（112）,首选历史，再选地理,461,74786,,,0,四川,公办,0,0
四川,2025,历史类,本科批（预科）,5123,绵阳师范学院,,首选历史，再选思想政治,431,68594,,,0,四川,公办,0,0
四川,2025,历史类,本科批（高校专项）,2301,黑龙江大学,（101）,首选历史，再选不限,534,27829,,,0,黑龙江,公办,0,0
四川,2025,历史类,本科批（高校专项）,29,华东师范大学,（101不限）,首选历史，再选不限,603,1460,,,0,上海,公办,1,1
四川,2025,历史类,本科批（高校专项）,29,华东师范大学,（101政）,首选历史，再选思想政治,627,1219,,,0,上海,公办,1,1
四川,2025,历史类,本科批（高校专项）,3225,南京师范大学,（101不限）,首选历史，再选不限,588,4956,,,0,江苏,公办,0,1
四川,2025,历史类,本科批（高校专项）,3225,南京师范大学,（101政）,首选历史，再选思想政治,600,4584,,,0,江苏,公办,0,1
四川,2025,历史类,本科批（高校专项）,48,华中师范大学,（101）,首选历史，再选不限,596,3190,,,0,湖北,公办,0,1
四川,2025,历史类,本科提前批A段,308,中国人民公安大学,,首选历史，再选思想政治,529,187,,,0,北京,公办,0,0
四川,2025,历史类,本科提前批A段,327,中国刑事警察学院,,首选历史，再选思想政治,573,942,,,0,辽宁,公办,0,0
四川,2025,历史类,本科提前批A段,96,中国消防救援学院,,首选历史，再选思想政治,607,3048,,,0,北京,公办,0,0
四川,2025,历史类,本科提前批B段,2301,黑龙江大学,,首选历史，再选不限,555,9420,,,0,黑龙江,公办,0,0
四川,2025,历史类,本科提前批B段,29,华东师范大学,,首选历史，再选不限,612,384,,,0,上海,公办,1,1
四川,2025,历史类,本科提前批B段,29,华东师范大学,（102）,首选历史，再选思想政治,640,498,,,0,上海,公办,1,1
四川,2025,历史类,本科提前批B段,48,华中师范大学,,首选历史，再选不限,606,723,,,0,湖北,公办,0,1
四川,2025,历史类,本科提前批B段,48,华中师范大学,（103）,首选历史，再选地理,629,1085,,,0,湖北,公办,0,1
四川,2025,历史类,本科提前批B段,48,华中师范大学,（102）,首选历史，再选思想政治,637,613,,,0,湖北,公办,0,1
四川,2025,历史类,本科提前批B段,5120,四川师范大学,,首选历史，再选不限,527,2074,,,0,四川,公办,0,0
四川,2025,历史类,本科提前批B段,5120,四川师范大学,,首选历史，再选地理,541,2198,,,0,四川,公办,0,0
四川,2025,历史类,本科提前批B段,5120,四川师范大学,,首选历史，再选思想政治,512,2198,,,0,四川,公办,0,0
四川,2025,历史类,本科提前批B段,5123,绵阳师范学院,,首选历史，再选不限,540,7828,,,0,四川,公办,0,0
四川,2025,历史类,本科提前批B段,5133,乐山师范学院,,首选历史，再选不限,500,4075,,,43,四川,公办,0,0
四川,2025,历史类,本科提前批B段,58,西安交通大学,（101）,首选历史，再选思想政治,635,723,,,0,陕西,公办,1,1
四川,2025,物理类,专科批,1356,河北轨道运输职业技术学院,（101）,首选物理，再选不限,423,218297,,,0,河北,公办,0,0
四川,2025,物理类,专科批,1377,河北交通职业技术学院,（101）,首选物理，再选不限,394,244708,,,0,河北,公办,0,0
四川,2025,物理类,专科批,1378,河北化工医药职业技术学院,（101）,首选物理，再选不限,385,238637,,,6,河北,公办,0,0
四川,2025,物理类,专科批,1399,唐山幼儿师范高等专科学校,,首选物理，再选不限,261,238637,,,4,河北,公办,0,0
四川,2025,物理类,专科批,1449,忻州职业技术学院,（101）,首选物理，再选不限,406,230882,,,0,山西,公办,0,0
四川,2025,物理类,专科批,1469,临汾职业技术学院,,首选物理，再选不限,344,238637,,,8,山西,公办,0,0
四川,2025,物理类,专科批,1493,山西同文职业技术学院,（101）,首选物理，再选不限,317,274299,,,5,山西,民办,0,0
四川,2025,物理类,专科批,1839,石家庄幼儿师范高等专科学校,,首选物理，再选不限,200,264626,,,15,河北,公办,0,0
四川,2025,物理类,专科批,1847,河北软件职业技术学院,（101）,首选物理，再选不限,380,252815,,,0,河北,公办,0,0
四川,2025,物理类,专科批,1860,廊坊职业技术学院,（101）,首选物理，再选不限,364,260348,,,5,河北,公办,0,0
四川,2025,物理类,专科批,2155,大连职业技术学院,（101）,首选物理，再选不限,341,241421,,,0,辽宁,公办,0,0
四川,2025,物理类,专科批,2157,辽宁民族师范高等专科学校,,首选物理，再选不限,271,227464,,,0,辽宁,公办,0,0
四川,2025,物理类,专科批,2165,辽宁铁道职业技术学院,（101）,首选物理，再选不限,407,212314,,,0,辽宁,公办,0,0
四川,2025,物理类,专科批,2168,渤海船舶职业学院,（101）,首选物理，再选不限,381,238637,,,0,辽宁,公办,0,0
四川,2025,物理类,专科批,2176,盘锦职业技术学院,（101）,首选物理，再选不限,325,264972,,,0,辽宁,公办,0,0
四川,2025,物理类,专科批,2188,大连东软信息学院,（101）,首选物理，再选不限,193,265669,,,0,辽宁,民办,0,0
四川,2025,物理类,专科批,2190,大连科技学院,（101）,首选物理，再选不限,253,259497,,,0,辽宁,民办,0,0
四川,2025,物理类,专科批,2193,辽宁装备制造职业技术学院,（101）,首选物理，再选不限,361,256432,,,40,辽宁,公办,0,0
四川,2025,物理类,专科批,2198,辽宁生态工程职业学院,（101）,首选物理，再选不限,313,262426,,,0,辽宁,公办,0,0
四川,2025,物理类,专科批,2227,长春金融高等专科学校,（101）,首选物理，再选不限,389,232523,,,4,吉林,公办,0,0
四川,2025,物理类,专科批,2353,黑龙江农垦职业学院,（101）,首选物理，再选不限,284,257323,,,53,黑龙江,公办,0,0
四川,2025,物理类,专科批,2357,黑龙江农业工程职业学院,（101）,首选物理，再选不限,360,214417,,,0,黑龙江,公办,0,0
四川,2025,物理类,专科批,2370,伊春职业学院,（101）,首选物理，再选不限,274,248419,,,14,黑龙江,公办,0,0
四川,2025,物理类,专科批,2393,哈尔滨幼儿师范高等专科学校,（101）,首选物理，再选不限,251,272453,,,0,黑龙江,公办,0,0
四川,2025,物理类,专科批,2563,辽宁轨道交通职业学院,（101）,首选物理，再选不限,399,236406,,,0,辽宁,公办,0,0
四川,2025,物理类,专科批,3119,上海旅游高等专科学校,,首选物理，再选不限,405,228336,,,25,上海,公办,0,0
四川,2025,物理类,专科批,3153,上海交通职业技术学院,（101）,首选物理，再选不限,432,182565,,,0,上海,公办,0,0
四川,2025,物理类,专科批,3159,上海东海职业技术学院,（101）,首选物理，再选不限,315,275153,,,0,上海,民办,0,0
四川,2025,物理类,专科批,3160,上海工商职业技术学院,（101）,首选物理，再选不限,402,239331,,,0,上海,民办,0,0
四川,2025,物理类,专科批,3162,上海震旦职业学院,（101）,首选物理，再选不限,374,255941,,,0,上海,民办,0,0
四川,2025,物理类,专科批,3164,上海行健职业学院,（101）,首选物理，再选不限,436,187568,,,0,上海,公办,0,0
四川,2025,物理类,专科批,3184,上海农林职业技术学院,（101）,首选物理，再选不限,420,216410,,,0,上海,公办,0,0
四川,2025,物理类,专科批,3197,上海建设管理职业技术学院,（101）,首选物理，再选不限,326,256432,,,0,上海,公办,0,0
四川,2025,物理类,专科批,3236,镇江市高等专科学校,（101）,首选物理，再选不限,379,217374,,,28,江苏,公办,0,0
四川,2025,物理类,专科批,3252,连云港职业技术学院,（101）,首选物理，再选不限,425,220190,,,0,江苏,公办,0,0
四川,2025,物理类,专科批,3264,江苏建筑职业技术学院,（101）,首选物理，再选不限,352,249601,,,21,江苏,公办,0,0
四川,2025,物理类,专科批,3265,江苏工程职业技术学院,（101）,首选物理，再选不限,406,236406,,,2,江苏,公办,0,0
四川,2025,物理类,专科批,3274,江苏经贸职业技术学院,（101）,首选物理，再选不限,425,185117,,,5,江苏,公办,0,0
四川,2025,物理类,专科批,3279,常州机电职业技术学院,（101）,首选物理，再选不限,461,174813,,,5,江苏,公办,0,0
四川,2025,物理类,专科批,3280,江苏电子信息职业学院,（101）,首选物理，再选不限,432,203895,,,0,江苏,公办,0,0
四川,2025,物理类,专科批,3337,浙江安防职业技术学院,（101）,首选物理，再选不限,397,242786,,,0,浙江,公办,0,0
四川,2025,物理类,专科批,3342,温州商学院,（101）,首选物理，再选不限,411,232523,,,1,浙江,民办,0,0
四川,2025,物理类,专科批,3343,浙江国际海运职业技术学院,（101）,首选物理，再选不限,406,183842,,,0,浙江,公办,0,0
四川,2025,物理类,专科批,3346,浙江邮电职业技术学院,（101）,首选物理，再选不限,444,194744,,,6,浙江,公办,0,0
四川,2025,物理类,专科批,3352,浙江交通职业技术学院,（101）,首选物理，再选不限,450,191229,,,0,浙江,公办,0,0
四川,2025,物理类,专科批,3359,浙江商业职业技术学院,（101）,首选物理，再选不限,423,188781,,,13,浙江,公办,0,0
四川,2025,物理类,专科批,3368,杭州科技职业技术学院,（101）,首选物理，再选不限,455,169623,,,3,浙江,公办,0,0
四川,2025,物理类,专科批,3369,浙江机电职业技术大学,（101）,首选物理，再选不限,471,135473,,,0,浙江,公办,0,0
四川,2025,物理类,专科批,3370,义乌工商职业技术学院,（101）,首选物理，再选不限,428,204951,,,0,浙江,公办,0,0
四川,2025,物理类,专科批,3372,浙江建设职业技术学院,（101）,首选物理，再选不限,427,149186,,,0,浙江,公办,0,0
四川,2025,物理类,专科批,3375,浙江同济科技职业学院,（101）,首选物理，再选不限,431,200565,,,10,浙江,公办,0,0
四川,2025,物理类,专科批,3377,杭州职业技术大学,,首选物理，再选不限,464,143591,,,0,浙江,公办,0,0
四川,2025,物理类,专科批,3425,安徽中医药高等专科学校,（101）,首选物理，再选不限,407,174813,,,32,安徽,公办,0,0
四川,2025,物理类,专科批,3474,安徽第二医学院,（101）,首选物理，再选不限,414,187568,,,62,安徽,公办,0,0
四川,2025,物理类,专科批,3474,安徽第二医学院,（102）,首选物理，再选化学,428,216410,,,34,安徽,公办,0,0
四川,2025,物理类,专科批,3499,合肥幼儿师范高等专科学校,（101）,首选物理，再选不限,364,246573,,,0,安徽,公办,0,0
四川,2025,物理类,专科批,3525,湄洲湾职业技术学院,（101）,首选物理，再选不限,364,252815,,,45,福建,公办,0,0
四川,2025,物理类,专科批,3538,福建电力职业技术学院,（101）,首选物理，再选不限,448,195955,,,0,福建,公办,0,0
四川,2025,物理类,专科批,3546,闽西职业技术学院,（101）,首选物理，再选不限,365,247189,,,15,福建,公办,0,0
四川,2025,物理类,专科批,3547,厦门城市职业学院,（101）,首选物理，再选不限,389,232523,,,0,福建,公办,0,0
四川,2025,物理类,专科批,355,中国民用航空飞行学院,（101）,首选物理，再选不限,502,124544,,,12,四川,公办,0,0
四川,2025,物理类,专科批,3558,漳州职业技术学院,（101）,首选物理，再选不限,421,198330,,,0,福建,公办,0,0
四川,2025,物理类,专科批,3598,黎明职业大学,,首选物理，再选不限,378,219255,,,22,福建,公办,0,0
四川,2025,物理类,专科批,3614,南昌健康职业技术学院,（101）,首选物理，再选不限,372,250680,,,10,江西,公办,0,0
四川,2025,物理类,专科批,3621,江西医学高等专科学校,（101）,首选物理，再选不限,368,232523,,,0,江西,公办,0,0
四川,2025,物理类,专科批,3621,江西医学高等专科学校,,首选物理，再选化学,336,143591,,,0,江西,公办,0,0
四川,2025,物理类,专科批,3635,江西机电职业技术学院,（101）,首选物理，再选不限,416,212314,,,8,江西,公办,0,0
四川,2025,物理类,专科批,3640,抚州医药学院,,首选物理，再选不限,401,186339,,,0,江西,公办,0,0
四川,2025,物理类,专科批,3647,赣南卫生健康职业学院,,首选物理，再选不限,409,212314,,,0,江西,公办,0,0
四川,2025,物理类,专科批,3647,赣南卫生健康职业学院,（103）,首选物理，再选化学,394,244708,,,0,江西,公办,0,0
四川,2025,物理类,专科批,3647,赣南卫生健康职业学院,（104）,首选物理，再选化学、生物(2科必选),427,215399,,,0,江西,公办,0,0
四川,2025,物理类,专科批,3669,江西应用技术职业学院,（101）,首选物理，再选不限,415,153315,,,17,江西,公办,0,0
四川,2025,物理类,专科批,3672,江西制造职业技术学院,（101）,首选物理，再选不限,400,237142,,,0,江西,公办,0,0
四川,2025,物理类,专科批,3685,宜春职业技术学院,（101）,首选物理，再选不限,366,224801,,,33,江西,公办,0,0
四川,2025,物理类,专科批,3749,齐鲁医药学院,,首选物理，再选不限,255,209223,,,0,山东,民办,0,0
四川,2025,物理类,专科批,3762,威海职业学院,（101）,首选物理，再选不限,361,258642,,,3,山东,公办,0,0
四川,2025,物理类,专科批,3774,山东商务职业学院,（101）,首选物理，再选不限,338,259064,,,25,山东,公办,0,0
四川,2025,物理类,专科批,3818,烟台工程职业技术学院,（101）,首选物理，再选不限,351,250110,,,35,山东,公办,0,0
四川,2025,物理类,专科批,3855,苏州卫生职业技术学院,（101）,首选物理，再选不限,437,195955,,,0,江苏,公办,0,0
四川,2025,物理类,专科批,3912,南京机电职业技术学院,（101）,首选物理，再选不限,454,143591,,,0,江苏,公办,0,0
四川,2025,物理类,专科批,3914,江苏城市职业学院,（101）,首选物理，再选不限,413,227464,,,0,江苏,公办,0,0
四川,2025,物理类,专科批,3953,江西航空职业技术学院,（101）,首选物理，再选不限,397,224801,,,5,江西,民办,0,0
四川,2025,物理类,专科批,3974,潍坊工程职业学院,,首选物理，再选不限,308,265317,,,0,山东,公办,0,0
四川,2025,物理类,专科批,3976,枣庄职业学院,,首选物理，再选不限,326,251223,,,35,山东,公办,0,0
四川,2025,物理类,专科批,3995,苏州健雄职业技术学院,（101）,首选物理，再选不限,385,247189,,,0,江苏,公办,0,0
四川,2025,物理类,专科批,4135,信阳农林学院,（101）,首选物理，再选不限,411,211254,,,8,河南,公办,0,0
四川,2025,物理类,专科批,4140,郑州电力高等专科学校,（101）,首选物理，再选不限,449,192378,,,0,河南,公办,0,0
四川,2025,物理类,专科批,4154,商丘职业技术学院,（101）,首选物理，再选不限,363,255450,,,0,河南,公办,0,0
四川,2025,物理类,专科批,4156,三门峡职业技术学院,（101）,首选物理，再选不限,238,265317,,,0,河南,公办,0,0
四川,2025,物理类,专科批,4157,郑州卫生健康职业学院,（101）,首选物理，再选不限,359,240725,,,0,河南,公办,0,0
四川,2025,物理类,专科批,4159,鹤壁职业技术学院,（101）,首选物理，再选不限,339,262787,,,0,河南,公办,0,0
四川,2025,物理类,专科批,4169,安阳职业技术学院,（101）,首选物理，再选不限,303,233377,,,0,河南,公办,0,0
四川,2025,物理类,专科批,4171,信阳职业技术学院,（101）,首选物理，再选不限,351,227464,,,39,河南,公办,0,0
四川,2025,物理类,专科批,4180,濮阳职业技术学院,（101）,首选物理，再选不限,343,265669,,,14,河南,公办,0,0
四川,2025,物理类,专科批,4194,河南推拿职业学院,（101）,首选物理，再选不限,426,219255,,,8,河南,公办,0,0
四川,2025,物理类,专科批,4198,河南医学高等专科学校,（101）,首选物理，再选不限,245,283397,,,0,河南,公办,0,0
四川,2025,物理类,专科批,4214,汉江师范学院,（101）,首选物理，再选不限,428,188781,,,18,湖北,公办,0,0
四川,2025,物理类,专科批,4234,宜昌科技职业学院,（101）,首选物理，再选不限,383,242114,,,65,湖北,公办,0,0
四川,2025,物理类,专科批,4258,湖北职业技术学院,（101）,首选物理，再选不限,300,220190,,,53,湖北,公办,0,0
四川,2025,物理类,专科批,4269,襄阳职业技术学院,,首选物理，再选不限,276,188781,,,62,湖北,公办,0,0
四川,2025,物理类,专科批,4398,湖南汽车工程职业大学,（101）,首选物理，再选不限,407,219255,,,0,湖南,公办,0,0
四川,2025,物理类,专科批,4433,肇庆医学院,（101）,首选物理，再选不限,452,191229,,,12,广东,公办,0,0
四川,2025,物理类,专科批,4433,肇庆医学院,（102）,首选物理，再选化学,454,174813,,,17,广东,公办,0,0
四川,2025,物理类,专科批,4457,广东水利电力职业技术学院,,首选物理，再选不限,347,225713,,,0,广东,公办,0,0
四川,2025,物理类,专科批,4529,广西体育高等专科学校,（101）,首选物理，再选不限,375,255450,,,0,广西,公办,0,0
四川,2025,物理类,专科批,4561,广西水利电力职业技术学院,（101）,首选物理，再选不限,388,237142,,,0,广西,公办,0,0
四川,2025,物理类,专科批,4656,海南经贸职业技术学院,（101）,首选物理，再选不限,377,238637,,,8,海南,公办,0,0
四川,2025,物理类,专科批,4659,海南外国语职业学院,（101）,首选物理，再选不限,348,183842,,,0,海南,公办,0,0
四川,2025,物理类,专科批,4693,海南卫生健康职业学院,（101）,首选物理，再选不限,250,227464,,,0,海南,公办,0,0
四川,2025,物理类,专科批,4694,三亚护理职业学院,,首选物理，再选不限,150,284789,,,0,海南,民办,0,0
四川,2025,物理类,专科批,4702,郑州幼儿师范高等专科学校,（101）,首选物理，再选不限,409,234158,,,0,河南,公办,0,0
四川,2025,物理类,专科批,4853,武汉民政职业学院,（101）,首选物理，再选不限,428,191229,,,16,湖北,公办,0,0
四川,2025,物理类,专科批,4878,江汉艺术职业学院,（101）,首选物理，再选不限,306,258191,,,39,湖北,公办,0,0
四川,2025,物理类,专科批,5008,重庆医科大学,,首选物理，再选不限,458,173494,,,0,重庆,公办,0,0
四川,2025,物理类,专科批,5032,重庆三峡医药高等专科学校,（101）,首选物理，再选不限,478,143591,,,0,重庆,公办,0,0
四川,2025,物理类,专科批,5052,重庆工业职业技术大学,,首选物理，再选不限,397,183842,,,349,重庆,公办,0,0
四川,2025,物理类,专科批,5053,重庆工程职业技术学院,,首选物理，再选不限,229,186338,,,384,重庆,公办,0,0
四川,2025,物理类,专科批,5055,重庆化工职业学院,（101）,首选物理，再选不限,375,221141,,,513,重庆,公办,0,0
四川,2025,物理类,专科批,5062,重庆工贸职业技术学院,（101）,首选物理，再选不限,240,232523,,,421,重庆,公办,0,0
四川,2025,物理类,专科批,5072,重庆财经职业学院,（101）,首选物理，再选不限,341,212314,,,0,重庆,公办,0,0
四川,2025,物理类,专科批,5095,重庆护理职业学院,（101）,首选物理，再选不限,261,239331,,,0,重庆,民办,0,0
四川,2025,物理类,专科批,5147,四川旅游学院,（101）,首选物理，再选不限,461,176107,,,40,四川,公办,0,0
四川,2025,物理类,专科批,5156,四川电力职业技术学院,（101）,首选物理，再选不限,474,109853,,,0,四川,公办,0,0
四川,2025,物理类,专科批,5168,乐山职业技术学院,,首选物理，再选不限,362,198330,,,0,四川,公办,0,0
四川,2025,物理类,专科批,5168,乐山职业技术学院,（103）,首选物理，再选化学,215,239331,,,0,四川,公办,0,0
四川,2025,物理类,专科批,5168,乐山职业技术学院,（104）,首选物理，再选化学、生物(2科必选),440,204951,,,0,四川,公办,0,0
四川,2025,物理类,专科批,5168,乐山职业技术学院,（105）,首选物理，再选生物,252,267643,,,0,四川,公办,0,0
四川,2025,物理类,专科批,5173,四川水利职业技术学院,（101）,首选物理，再选不限,324,183842,,,0,四川,公办,0,0
四川,2025,物理类,专科批,5183,四川铁道职业学院,（101）,首选物理，再选不限,461,160168,,,0,四川,公办,0,0
四川,2025,物理类,专科批,5267,毕节职业技术学院,（101）,首选物理，再选不限,316,249601,,,27,贵州,公办,0,0
四川,2025,物理类,专科批,5271,贵阳职业技术学院,（101）,首选物理，再选不限,389,224801,,,0,贵州,公办,0,0
四川,2025,物理类,专科批,5273,贵州护理职业技术学院,（101）,首选物理，再选不限,375,255450,,,5,贵州,公办,0,0
四川,2025,物理类,专科批,5332,曲靖健康医学院,,首选物理，再选不限,453,181284,,,10,云南,公办,0,0
四川,2025,物理类,专科批,5357,云南林业职业技术学院,（101）,首选物理，再选不限,393,221141,,,0,云南,公办,0,0
四川,2025,物理类,专科批,5357,云南林业职业技术学院,（102）,首选物理，再选生物,370,225713,,,0,云南,公办,0,0
四川,2025,物理类,专科批,5364,云南能源职业技术学院,（101）,首选物理，再选不限,398,210241,,,8,云南,公办,0,0
四川,2025,物理类,专科批,5368,云南旅游职业学院,（101）,首选物理，再选不限,352,239331,,,10,云南,公办,0,0
四川,2025,物理类,专科批,5390,红河卫生职业学院,（101）,首选物理，再选不限,401,232523,,,0,云南,公办,0,0
四川,2025,物理类,专科批,5395,云南财经职业学院,（101）,首选物理，再选不限,266,257767,,,20,云南,公办,0,0
四川,2025,物理类,专科批,5408,西藏职业技术学院,（101）,首选物理，再选不限,343,258642,,,11,西藏,公办,0,0
四川,2025,物理类,专科批,5408,西藏职业技术学院,（102）,首选物理，再选化学,336,253323,,,29,西藏,公办,0,0
四川,2025,物理类,专科批,5408,西藏职业技术学院,（104）,首选物理，再选化学、思想政治(2科必选),282,280368,,,1,西藏,公办,0,0
四川,2025,物理类,专科批,5408,西藏职业技术学院,（103）,首选物理，再选化学、生物(2科必选),238,275153,,,31,西藏,公办,0,0
四川,2025,物理类,专科批,5408,西藏职业技术学院,（105）,首选物理，再选生物、地理(2科必选),400,240725,,,1,西藏,公办,0,0
四川,2025,物理类,专科批,5703,成都锦城学院,（101）,首选物理，再选不限,381,242114,,,0,四川,民办,0,0
四川,2025,物理类,专科批,5710,西南财经大学天府学院,,首选物理，再选不限,357,242786,,,0,四川,民办,0,0
四川,2025,物理类,专科批,5861,重庆工信职业学院,（101）,首选物理，再选不限,381,220190,,,0,重庆,公办,0,0
四川,2025,物理类,专科批,5893,重庆五一职业技术学院,,首选物理，再选不限,325,230025,,,0,重庆,公办,0,0
四川,2025,物理类,专科批,6171,西安城市建设职业学院,（101）,首选物理，再选不限,230,274523,,,0,陕西,民办,0,0
四川,2025,物理类,专科批,6493,宁夏职业技术大学,（101）,首选物理，再选不限,312,239331,,,0,宁夏,公办,0,0
四川,2025,物理类,专科批,6588,兰州资源环境职业技术大学,（101）,首选物理，再选不限,418,221141,,,0,甘肃,公办,0,0
四川,2025,物理类,专科提前批,1918,北京科技职业大学,（101）,首选物理，再选不限,452,170913,,,10,北京,公办,0,0
四川,2025,物理类,专科提前批,6588,兰州资源环境职业技术大学,（101）,首选物理，再选不限,401,214417,,,0,甘肃,公办,0,0
四川,2025,物理类,本科批A段,1101,北京工业大学,（101）,首选物理，再选化学,585,,,,0,北京,公办,0,1
四川,2025,物理类,本科批A段,1121,首都经济贸易大学,（101）,首选物理，再选不限,539,77689,,,0,北京,公办,0,0
四川,2025,物理类,本科批A段,1121,首都经济贸易大学,（102）,首选物理，再选化学,568,47711,,,0,北京,公办,0,0
四川,2025,物理类,本科批A段,2115,沈阳农业大学,（101）,首选物理，再选化学,452,191229,,,0,辽宁,公办,0,0
四川,2025,物理类,本科批A段,3117,上海对外经贸大学,（101）,首选物理，再选不限,515,66644,,,0,上海,公办,0,0
四川,2025,物理类,本科批A段,3310,杭州师范大学,（101）,首选物理，再选化学,557,58346,,,5,浙江,公办,0,0
四川,2025,物理类,本科批A段,365,石河子大学,（101）,首选物理，再选不限,557,47711,,,0,新疆,公办,0,1
四川,2025,物理类,本科批A段,365,石河子大学,（102）,首选物理，再选化学,516,68733,,,0,新疆,公办,0,1
四川,2025,物理类,本科批A段,373,北方民族大学,（101）,首选物理，再选不限,471,135473,,,0,宁夏,公办,0,0
四川,2025,物理类,本科批A段,373,北方民族大学,（102）,首选物理，再选化学,483,55395,,,0,宁夏,公办,0,0
四川,2025,物理类,本科批A段,380,哈尔滨工业大学（威海）,（101）,首选物理，再选化学,637,6688,,,0,山东,公办,1,1
四川,2025,物理类,本科批A段,390,哈尔滨工业大学（深圳）,（101）,首选物理，再选化学,649,3636,,,0,广东,公办,1,1
四川,2025,物理类,本科批A段,5116,西南医科大学,,首选物理，再选化学,511,36672,,,0,四川,公办,0,0
四川,2025,物理类,本科批A段,6,北京化工大学,（101）,首选物理，再选化学,602,21662,,,0,北京,公办,0,1
四川,2025,物理类,本科批A段,77,北京大学医学部,（101）,首选物理，再选化学,635,7273,,,0,北京,公办,1,1
四川,2025,物理类,本科批A段（国家专项）,10,北京中医药大学,（101）,首选物理，再选不限,580,30818,,,0,北京,公办,0,1
四川,2025,物理类,本科批A段（国家专项）,10,北京中医药大学,（102）,首选物理，再选化学,582,18260,,,0,北京,公办,0,1
四川,2025,物理类,本科批A段（国家专项）,1106,首都医科大学,（101）,首选物理，再选不限,571,45003,,,0,北京,公办,0,0
四川,2025,物理类,本科批A段（国家专项）,1106,首都医科大学,（102）,首选物理，再选化学,553,62454,,,0,北京,公办,0,0
四川,2025,物理类,本科批A段（国家专项）,2103,沈阳理工大学,（101）,首选物理，再选化学,562,53398,,,0,辽宁,公办,0,0
四川,2025,物理类,本科批A段（国家专项）,2112,沈阳建筑大学,（101）,首选物理，再选化学,552,26637,,,0,辽宁,公办,0,0
四川,2025,物理类,本科批A段（国家专项）,2205,长春工业大学,（101）,首选物理，再选化学,504,70843,,,8,吉林,公办,0,0
四川,2025,物理类,本科批A段（国家专项）,2311,哈尔滨师范大学,（101）,首选物理，再选化学,446,198330,,,0,黑龙江,公办,0,0
四川,2025,物理类,本科批A段（国家专项）,2444,黑龙江中医药大学,（101）,首选物理，再选化学,468,73076,,,10,黑龙江,公办,0,0
四川,2025,物理类,本科批A段（国家专项）,27,华东理工大学,（101）,首选物理，再选化学,609,15739,,,0,上海,公办,0,1
四川,2025,物理类,本科批A段（国家专项）,29,华东师范大学,（101）,首选物理，再选化学,620,7923,,,0,上海,公办,1,1
四川,2025,物理类,本科批A段（国家专项）,3101,上海理工大学,（101）,首选物理，再选化学,597,25369,,,0,上海,公办,0,0
四川,2025,物理类,本科批A段（国家专项）,3103,上海海事大学,（101）,首选物理，再选化学,550,44146,,,0,上海,公办,0,0
四川,2025,物理类,本科批A段（国家专项）,3125,上海工程技术大学,（101）,首选物理，再选化学,494,121845,,,0,上海,公办,0,0
四川,2025,物理类,本科批A段（国家专项）,320,中国民航大学,（101）,首选物理，再选化学,600,19899,,,0,天津,公办,0,0
四川,2025,物理类,本科批A段（国家专项）,3205,江苏科技大学,（101）,首选物理，再选化学,545,55395,,,10,江苏,公办,0,0
四川,2025,物理类,本科批A段（国家专项）,3207,南京工业大学,（101）,首选物理，再选化学,581,29415,,,10,江苏,公办,0,0
四川,2025,物理类,本科批A段（国家专项）,3209,南京邮电大学,（101）,首选物理，再选不限,606,19364,,,0,江苏,公办,0,0
四川,2025,物理类,本科批A段（国家专项）,3209,南京邮电大学,（102）,首选物理，再选化学,587,28721,,,0,江苏,公办,0,0
四川,2025,物理类,本科批A段（国家专项）,3213,南京信息工程大学,（101）,首选物理，再选化学,574,36672,,,0,江苏,公办,0,0
四川,2025,物理类,本科批A段（国家专项）,3225,南京师范大学,（101）,首选物理，再选不限,570,45869,,,0,江苏,公办,0,1
四川,2025,物理类,本科批A段（国家专项）,3225,南京师范大学,（102）,首选物理，再选化学,594,22824,,,0,江苏,公办,0,1
四川,2025,物理类,本科批A段（国家专项）,3308,温州医科大学,（101）,首选物理，再选不限,464,176107,,,5,浙江,公办,0,0
四川,2025,物理类,本科批A段（国家专项）,3308,温州医科大学,,首选物理，再选化学,469,115134,,,8,浙江,公办,0,0
四川,2025,物理类,本科批A段（国家专项）,341,南京理工大学,（101）,首选物理，再选化学,616,8961,,,0,江苏,公办,0,1
四川,2025,物理类,本科批A段（国家专项）,357,西南民族大学,（101）,首选物理，再选化学,550,56423,,,0,四川,公办,0,0
四川,2025,物理类,本科批A段（国家专项）,48,华中师范大学,（101）,首选物理，再选不限,582,32968,,,0,湖北,公办,0,1
四川,2025,物理类,本科批A段（国家专项）,48,华中师范大学,,首选物理，再选化学,603,17239,,,0,湖北,公办,0,1
四川,2025,物理类,本科批A段（国家专项）,5,北京科技大学,（101）,首选物理，再选化学,587,18260,,,17,北京,公办,0,1
四川,2025,物理类,本科批A段（国家专项）,5120,四川师范大学,,首选物理，再选不限,480,55395,,,0,四川,公办,0,0
四川,2025,物理类,本科批A段（国家专项）,5120,四川师范大学,,首选物理，再选化学,463,48644,,,0,四川,公办,0,0
四川,2025,物理类,本科批A段（国家专项）,5120,四川师范大学,（108）,首选物理，再选化学、生物(2科必选),538,51460,,,0,四川,公办,0,0
四川,2025,物理类,本科批A段（国家专项）,5120,四川师范大学,（109）,首选物理，再选地理,509,74215,,,0,四川,公办,0,0
四川,2025,物理类,本科批A段（国家专项）,7,北京邮电大学,（101）,首选物理，再选不限,618,11716,,,6,北京,公办,0,1
四川,2025,物理类,本科批A段（国家专项）,7,北京邮电大学,（102）,首选物理，再选化学,634,5796,,,11,北京,公办,0,1
四川,2025,物理类,本科批A段（国家专项）,9,北京林业大学,（101）,首选物理，再选不限,586,32968,,,0,北京,公办,0,1
四川,2025,物理类,本科批A段（国家专项）,9,北京林业大学,（102）,首选物理，再选化学,582,28720,,,0,北京,公办,0,1
四川,2025,物理类,本科批A段（国家专项）,9,北京林业大学,（103）,首选物理，再选生物,585,33728,,,0,北京,公办,0,1
四川,2025,物理类,本科批A段（地方专项）,5120,四川师范大学,,首选物理，再选不限,452,52443,,,0,四川,公办,0,0
四川,2025,物理类,本科批A段（地方专项）,5120,四川师范大学,,首选物理，再选化学,500,37428,,,0,四川,公办,0,0
四川,2025,物理类,本科批A段（地方专项）,5120,四川师范大学,（108）,首选物理，再选化学、生物(2科必选),549,53398,,,0,四川,公办,0,0
四川,2025,物理类,本科批A段（地方专项）,5120,四川师范大学,（109）,首选物理，再选地理,513,93220,,,0,四川,公办,0,0
四川,2025,物理类,本科批B段,10,北京中医药大学,（101）,首选物理，再选不限,618,13814,,,0,北京,公办,0,1
四川,2025,物理类,本科批B段,10,北京中医药大学,（102）,首选物理，再选化学,570,6688,,,0,北京,公办,0,1
四川,2025,物理类,本科批B段,1101,北京工业大学,（101）,首选物理，再选化学,614,12979,,,0,北京,公办,0,1
四川,2025,物理类,本科批B段,1103,北京服装学院,（101）,首选物理，再选化学,525,55395,,,10,北京,公办,0,0
四川,2025,物理类,本科批B段,1105,北京石油化工学院,（101）,首选物理，再选化学,544,62454,,,0,北京,公办,0,0
四川,2025,物理类,本科批B段,1106,首都医科大学,,首选物理，再选化学,617,1834,,,0,北京,公办,0,0
四川,2025,物理类,本科批B段,1108,首都体育学院,（101）,首选物理，再选不限,525,93220,,,0,北京,公办,0,0
四川,2025,物理类,本科批B段,1109,北京建筑大学,,首选物理，再选不限,565,32968,,,0,北京,公办,0,0
四川,2025,物理类,本科批B段,1109,北京建筑大学,（103）,首选物理，再选化学,544,33728,,,0,北京,公办,0,0
四川,2025,物理类,本科批B段,1111,北京物资学院,（101）,首选物理，再选不限,552,47711,,,0,北京,公办,0,0
四川,2025,物理类,本科批B段,1111,北京物资学院,（102）,首选物理，再选化学,557,57388,,,0,北京,公办,0,0
四川,2025,物理类,本科批B段,1119,北京联合大学,（101）,首选物理，再选化学,565,45869,,,0,北京,公办,0,0
四川,2025,物理类,本科批B段,1120,北京工商大学,（101）,首选物理，再选不限,570,38241,,,17,北京,公办,0,0
四川,2025,物理类,本科批B段,1120,北京工商大学,（102）,首选物理，再选化学,558,46766,,,37,北京,公办,0,0
四川,2025,物理类,本科批B段,1121,首都经济贸易大学,（101）,首选物理，再选不限,592,28720,,,0,北京,公办,0,0
四川,2025,物理类,本科批B段,1121,首都经济贸易大学,（102）,首选物理，再选化学,600,22235,,,0,北京,公办,0,0
四川,2025,物理类,本科批B段,1202,天津工业大学,,首选物理，再选化学,592,18260,,,58,天津,公办,0,0
四川,2025,物理类,本科批B段,1205,天津农学院,,首选物理，再选不限,496,109853,,,25,天津,公办,0,0
四川,2025,物理类,本科批B段,1205,天津农学院,,首选物理，再选化学,503,81156,,,157,天津,公办,0,0
四川,2025,物理类,本科批B段,1205,天津农学院,（105）,首选物理，再选生物,503,123200,,,6,天津,公办,0,0
四川,2025,物理类,本科批B段,1207,天津师范大学,（101）,首选物理，再选不限,516,45869,,,0,天津,公办,0,0
四川,2025,物理类,本科批B段,1207,天津师范大学,,首选物理，再选化学,533,63535,,,0,天津,公办,0,0
四川,2025,物理类,本科批B段,1207,天津师范大学,（104）,首选物理，再选地理,532,84680,,,0,天津,公办,0,0
四川,2025,物理类,本科批B段,1212,天津体育学院,（101）,首选物理，再选不限,500,121845,,,0,天津,公办,0,0
四川,2025,物理类,本科批B段,1222,天津职业技术师范大学,,首选物理，再选不限,464,98269,,,0,天津,公办,0,0
四川,2025,物理类,本科批B段,1222,天津职业技术师范大学,,首选物理，再选化学,483,97005,,,0,天津,公办,0,0
四川,2025,物理类,本科批B段,1292,天津商业大学宝德学院,,首选物理，再选不限,446,172209,,,0,天津,民办,0,0
四川,2025,物理类,本科批B段,1293,天津医科大学临床医学院,,首选物理，再选化学,479,151883,,,0,天津,民办,0,0
四川,2025,物理类,本科批B段,1293,天津医科大学临床医学院,,首选物理，再选化学、生物(2科必选),521,71973,,,0,天津,民办,0,0
四川,2025,物理类,本科批B段,1295,天津外国语大学滨海外事学院,,首选物理，再选不限,452,172209,,,0,天津,民办,0,0
四川,2025,物理类,本科批B段,13,中国传媒大学,,首选物理，再选不限,582,16212,,,0,北京,公办,0,1
四川,2025,物理类,本科批B段,13,中国传媒大学,,首选物理，再选化学,587,8272,,,0,北京,公办,0,1
四川,2025,物理类,本科批B段,1301,河北工程大学,,首选物理，再选不限,513,93220,,,0,河北,公办,0,0
四川,2025,物理类,本科批B段,1301,河北工程大学,,首选物理，再选化学,502,62454,,,0,河北,公办,0,0
四川,2025,物理类,本科批B段,1301,河北工程大学,（106）,首选物理，再选生物,506,119161,,,0,河北,公办,0,0
四川,2025,物理类,本科批B段,1302,河北大学,（101）,首选物理，再选不限,555,60374,,,0,河北,公办,0,0
四川,2025,物理类,本科批B段,1302,河北大学,,首选物理，再选化学,555,43244,,,0,河北,公办,0,0
四川,2025,物理类,本科批B段,1306,河北科技大学,,首选物理，再选化学,525,51460,,,20,河北,公办,0,0
四川,2025,物理类,本科批B段,1308,河北师范大学,,首选物理，再选不限,526,64577,,,17,河北,公办,0,0
四川,2025,物理类,本科批B段,1308,河北师范大学,,首选物理，再选化学,534,62454,,,42,河北,公办,0,0
四川,2025,物理类,本科批B段,1308,河北师范大学,（107）,首选物理，再选化学、生物(2科必选),468,109853,,,11,河北,公办,0,0
四川,2025,物理类,本科批B段,1308,河北师范大学,（108）,首选物理，再选思想政治,543,73079,,,3,河北,公办,0,0
四川,2025,物理类,本科批B段,1309,石家庄铁道大学,,首选物理，再选不限,534,56423,,,0,河北,公办,0,0
四川,2025,物理类,本科批B段,1309,石家庄铁道大学,,首选物理，再选化学,551,25965,,,0,河北,公办,0,0
四川,2025,物理类,本科批B段,1310,燕山大学,（101）,首选物理，再选不限,556,38996,,,8,河北,公办,0,0
四川,2025,物理类,本科批B段,1310,燕山大学,（102）,首选物理，再选化学,587,17239,,,74,河北,公办,0,0
四川,2025,物理类,本科批B段,1311,河北科技师范学院,（101）,首选物理，再选化学,496,128670,,,0,河北,公办,0,0
四川,2025,物理类,本科批B段,1313,承德医学院,（101）,首选物理，再选化学,567,48644,,,4,河北,公办,0,0
四川,2025,物理类,本科批B段,1313,承德医学院,（102）,首选物理，再选生物,507,117870,,,2,河北,公办,0,0
四川,2025,物理类,本科批B段,1314,河北金融学院,,首选物理，再选不限,493,109853,,,40,河北,公办,0,0
四川,2025,物理类,本科批B段,1314,河北金融学院,（105）,首选物理，再选化学,504,115134,,,25,河北,公办,0,0
四川,2025,物理类,本科批B段,1315,北华航天工业学院,（101）,首选物理，再选化学,529,63535,,,56,河北,公办,0,0
四川,2025,物理类,本科批B段,1317,廊坊师范学院,,首选物理，再选不限,472,140851,,,13,河北,公办,0,0
四川,2025,物理类,本科批B段,1317,廊坊师范学院,（102）,首选物理，再选化学,496,130019,,,12,河北,公办,0,0
四川,2025,物理类,本科批B段,1317,廊坊师范学院,（103）,首选物理，再选思想政治,501,125937,,,2,河北,公办,0,0
四川,2025,物理类,本科批B段,1319,河北医科大学,（101）,首选物理，再选化学,534,77689,,,0,河北,公办,0,0
四川,2025,物理类,本科批B段,1319,河北医科大学,（102）,首选物理，再选化学、生物(2科必选),574,41558,,,0,河北,公办,0,0
四川,2025,物理类,本科批B段,1322,河北建筑工程学院,,首选物理，再选不限,491,134050,,,0,河北,公办,0,0
四川,2025,物理类,本科批B段,1322,河北建筑工程学院,（103）,首选物理，再选化学,502,111117,,,0,河北,公办,0,0
四川,2025,物理类,本科批B段,1325,河北北方学院,,首选物理，再选化学,524,66644,,,10,河北,公办,0,0
四川,2025,物理类,本科批B段,1341,河北中医药大学,（101）,首选物理，再选不限,554,61371,,,0,河北,公办,0,0
四川,2025,物理类,本科批B段,1341,河北中医药大学,,首选物理，再选化学,532,69786,,,0,河北,公办,0,0
四川,2025,物理类,本科批B段,1349,张家口学院,,首选物理，再选化学,488,121846,,,25,河北,公办,0,0
四川,2025,物理类,本科批B段,1368,河北传媒学院,（101）,首选物理，再选不限,454,187568,,,0,河北,民办,0,0
四川,2025,物理类,本科批B段,1368,河北传媒学院,（102）,首选物理，再选化学,460,150538,,,0,河北,民办,0,0
四川,2025,物理类,本科批B段,1390,河北环境工程学院,（101）,首选物理，再选不限,494,135473,,,3,河北,公办,0,0
四川,2025,物理类,本科批B段,1390,河北环境工程学院,（102）,首选物理，再选化学,496,128670,,,18,河北,公办,0,0
四川,2025,物理类,本科批B段,1390,河北环境工程学院,（103）,首选物理，再选生物,493,134050,,,6,河北,公办,0,0
四川,2025,物理类,本科批B段,1394,石家庄铁道大学四方学院,（101）,首选物理，再选不限,506,119161,,,1,河北,民办,0,0
四川,2025,物理类,本科批B段,1394,石家庄铁道大学四方学院,,首选物理，再选化学,488,116541,,,8,河北,民办,0,0
四川,2025,物理类,本科批B段,1395,河北水利电力学院,（101）,首选物理，再选不限,495,134050,,,4,河北,公办,0,0
四川,2025,物理类,本科批B段,1395,河北水利电力学院,（102）,首选物理，再选化学,507,94428,,,76,河北,公办,0,0
四川,2025,物理类,本科批B段,14,中央财经大学,,首选物理，再选不限,611,3636,,,0,北京,公办,0,1
四川,2025,物理类,本科批B段,14,中央财经大学,（102）,首选物理，再选化学,627,9704,,,0,北京,公办,0,1
四川,2025,物理类,本科批B段,1403,中北大学,（101）,首选物理，再选不限,536,51460,,,14,山西,公办,0,0
四川,2025,物理类,本科批B段,1403,中北大学,,首选物理，再选化学,581,18260,,,204,山西,公办,0,0
四川,2025,物理类,本科批B段,1406,山西农业大学,（101）,首选物理，再选不限,505,109853,,,0,山西,公办,0,0
四川,2025,物理类,本科批B段,1406,山西农业大学,（102）,首选物理，再选化学,515,78802,,,0,山西,公办,0,0
四川,2025,物理类,本科批B段,1406,山西农业大学,（103）,首选物理，再选化学、生物(2科必选),513,98269,,,0,山西,公办,0,0
四川,2025,物理类,本科批B段,1407,山西医科大学,（101）,首选物理，再选不限,509,104651,,,7,山西,公办,0,0
四川,2025,物理类,本科批B段,1407,山西医科大学,（102）,首选物理，再选化学,529,75327,,,20,山西,公办,0,0
四川,2025,物理类,本科批B段,1407,山西医科大学,,首选物理，再选化学、生物(2科必选),542,15739,,,24,山西,公办,0,0
四川,2025,物理类,本科批B段,1407,山西医科大学,（105）,首选物理，再选生物,531,87075,,,2,山西,公办,0,0
四川,2025,物理类,本科批B段,1409,长治医学院,,首选物理，再选不限,497,120489,,,2,山西,公办,0,0
四川,2025,物理类,本科批B段,1409,长治医学院,,首选物理，再选化学,504,67613,,,42,山西,公办,0,0
四川,2025,物理类,本科批B段,1409,长治医学院,（105）,首选物理，再选生物,502,121845,,,8,山西,公办,0,0
四川,2025,物理类,本科批B段,1411,山西师范大学,（101）,首选物理，再选不限,513,102062,,,0,山西,公办,0,0
四川,2025,物理类,本科批B段,1411,山西师范大学,（102）,首选物理，再选化学,510,90690,,,0,山西,公办,0,0
四川,2025,物理类,本科批B段,1411,山西师范大学,（103）,首选物理，再选地理,531,83509,,,0,山西,公办,0,0
四川,2025,物理类,本科批B段,1412,太原师范学院,（101）,首选物理，再选化学,504,117870,,,0,山西,公办,0,0
四川,2025,物理类,本科批B段,1415,运城学院,（101）,首选物理，再选化学,494,134050,,,0,山西,公办,0,0
四川,2025,物理类,本科批B段,1416,忻州师范学院,（101）,首选物理，再选不限,497,125937,,,3,山西,公办,0,0
四川,2025,物理类,本科批B段,1416,忻州师范学院,,首选物理，再选化学,498,105920,,,7,山西,公办,0,0
四川,2025,物理类,本科批B段,1416,忻州师范学院,（103）,首选物理，再选化学、生物(2科必选),496,123200,,,2,山西,公办,0,0
四川,2025,物理类,本科批B段,1416,忻州师范学院,（104）,首选物理，再选地理,497,131341,,,1,山西,公办,0,0
四川,2025,物理类,本科批B段,1418,吕梁学院,（101）,首选物理，再选不限,493,127322,,,6,山西,公办,0,0
四川,2025,物理类,本科批B段,1418,吕梁学院,（102）,首选物理，再选化学,495,124544,,,41,山西,公办,0,0
四川,2025,物理类,本科批B段,1418,吕梁学院,（103）,首选物理，再选化学、生物(2科必选),494,135473,,,3,山西,公办,0,0
四川,2025,物理类,本科批B段,1418,吕梁学院,（105）,首选物理，再选地理,486,143591,,,2,山西,公办,0,0
四川,2025,物理类,本科批B段,1418,吕梁学院,（104）,首选物理，再选生物,493,136811,,,3,山西,公办,0,0
四川,2025,物理类,本科批B段,1420,长治学院,（101）,首选物理，再选不限,496,132669,,,1,山西,公办,0,0
四川,2025,物理类,本科批B段,1420,长治学院,（102）,首选物理，再选化学,498,125937,,,10,山西,公办,0,0
四川,2025,物理类,本科批B段,1427,太原学院,,首选物理，再选不限,491,134050,,,0,山西,公办,0,0
四川,2025,物理类,本科批B段,1427,太原学院,（103）,首选物理，再选化学,497,127322,,,0,山西,公办,0,0
四川,2025,物理类,本科批B段,1427,太原学院,（104）,首选物理，再选生物,493,136811,,,0,山西,公办,0,0
四川,2025,物理类,本科批B段,1433,太原工业学院,,首选物理，再选化学,506,94428,,,41,山西,公办,0,0
四川,2025,物理类,本科批B段,1476,运城职业技术大学,（101）,首选物理，再选不限,465,147761,,,17,山西,民办,0,0
四川,2025,物理类,本科批B段,1483,山西医药学院,（101）,首选物理，再选化学,515,88298,,,20,山西,公办,0,0
四川,2025,物理类,本科批B段,1484,山西电子科技学院,（101）,首选物理，再选化学,515,100805,,,30,山西,公办,0,0
四川,2025,物理类,本科批B段,1495,山西工程技术学院,（101）,首选物理，再选化学,503,108557,,,0,山西,公办,0,0
四川,2025,物理类,本科批B段,15,对外经济贸易大学,（101）,首选物理，再选不限,622,10486,,,32,北京,公办,0,1
四川,2025,物理类,本科批B段,15,对外经济贸易大学,,首选物理，再选化学,611,9704,,,10,北京,公办,0,1
四川,2025,物理类,本科批B段,1501,内蒙古大学,,首选物理，再选不限,557,39823,,,8,内蒙古,公办,0,1
四川,2025,物理类,本科批B段,1501,内蒙古大学,,首选物理，再选化学,563,22235,,,39,内蒙古,公办,0,1
四川,2025,物理类,本科批B段,1504,内蒙古工业大学,（101）,首选物理，再选不限,493,136811,,,0,内蒙古,公办,0,0
四川,2025,物理类,本科批B段,1504,内蒙古工业大学,,首选物理，再选化学,489,79949,,,0,内蒙古,公办,0,0
四川,2025,物理类,本科批B段,1518,内蒙古财经大学,（101）,首选物理，再选不限,504,113767,,,0,内蒙古,公办,0,0
四川,2025,物理类,本科批B段,1518,内蒙古财经大学,（102）,首选物理，再选化学,513,109853,,,0,内蒙古,公办,0,0
四川,2025,物理类,本科批B段,1556,集宁师范学院,（101）,首选物理，再选化学,492,135473,,,8,内蒙古,公办,0,0
四川,2025,物理类,本科批B段,1909,山西科技学院,（101）,首选物理，再选化学,518,98269,,,23,山西,公办,0,0
四川,2025,物理类,本科批B段,1913,山西工程科技职业大学,（101）,首选物理，再选不限,492,135473,,,10,山西,公办,0,0
四川,2025,物理类,本科批B段,21,吉林大学,,首选物理，再选不限,612,8961,,,16,吉林,公办,1,1
四川,2025,物理类,本科批B段,21,吉林大学,,首选物理，再选化学,599,4527,,,153,吉林,公办,1,1
四川,2025,物理类,本科批B段,21,吉林大学,（108）,首选物理，再选化学、生物(2科必选),611,14761,,,15,吉林,公办,1,1
四川,2025,物理类,本科批B段,21,吉林大学,（109）,首选物理，再选思想政治,577,39823,,,3,吉林,公办,1,1
四川,2025,物理类,本科批B段,2102,沈阳航空航天大学,（101）,首选物理，再选化学,571,22235,,,0,辽宁,公办,0,0
四川,2025,物理类,本科批B段,2103,沈阳理工大学,,首选物理，再选不限,522,90690,,,7,辽宁,公办,0,0
四川,2025,物理类,本科批B段,2103,沈阳理工大学,,首选物理，再选化学,514,34455,,,79,辽宁,公办,0,0
四川,2025,物理类,本科批B段,2107,辽宁石油化工大学,,首选物理，再选化学,507,59373,,,57,辽宁,公办,0,0
四川,2025,物理类,本科批B段,2108,沈阳化工大学,（101）,首选物理，再选不限,501,113767,,,0,辽宁,公办,0,0
四川,2025,物理类,本科批B段,2108,沈阳化工大学,（102）,首选物理，再选化学,529,70843,,,0,辽宁,公办,0,0
四川,2025,物理类,本科批B段,2110,沈阳大学,,首选物理，再选不限,469,99505,,,22,辽宁,公办,0,0
四川,2025,物理类,本科批B段,2110,沈阳大学,,首选物理，再选化学,513,76490,,,68,辽宁,公办,0,0
四川,2025,物理类,本科批B段,2111,大连工业大学,,首选物理，再选不限,515,71974,,,4,辽宁,公办,0,0
四川,2025,物理类,本科批B段,2111,大连工业大学,,首选物理，再选化学,518,58347,,,58,辽宁,公办,0,0
四川,2025,物理类,本科批B段,2112,沈阳建筑大学,,首选物理，再选不限,466,85880,,,9,辽宁,公办,0,0
四川,2025,物理类,本科批B段,2112,沈阳建筑大学,,首选物理，再选化学,507,62454,,,35,辽宁,公办,0,0
四川,2025,物理类,本科批B段,2115,沈阳农业大学,（101）,首选物理，再选化学,500,74215,,,0,辽宁,公办,0,0
四川,2025,物理类,本科批B段,2119,大连医科大学,,首选物理，再选化学,605,8961,,,0,辽宁,公办,0,0
四川,2025,物理类,本科批B段,2120,大连外国语大学,,首选物理，再选不限,528,63535,,,8,辽宁,公办,0,0
四川,2025,物理类,本科批B段,2122,辽宁中医药大学,（101）,首选物理，再选不限,545,68733,,,0,辽宁,公办,0,0
四川,2025,物理类,本科批B段,2122,辽宁中医药大学,,首选物理，再选化学,515,67613,,,0,辽宁,公办,0,0
四川,2025,物理类,本科批B段,2123,辽宁师范大学,,首选物理，再选不限,501,107235,,,33,辽宁,公办,0,0
四川,2025,物理类,本科批B段,2123,辽宁师范大学,（104）,首选物理，再选化学,520,90690,,,16,辽宁,公办,0,0
四川,2025,物理类,本科批B段,2123,辽宁师范大学,（106）,首选物理，再选地理,517,104651,,,2,辽宁,公办,0,0
四川,2025,物理类,本科批B段,2123,辽宁师范大学,（105）,首选物理，再选思想政治,503,123200,,,2,辽宁,公办,0,0
四川,2025,物理类,本科批B段,2124,沈阳师范大学,（103）,首选物理，再选不限,500,127322,,,6,辽宁,公办,0,0
四川,2025,物理类,本科批B段,2124,沈阳师范大学,,首选物理，再选化学,506,94428,,,39,辽宁,公办,0,0
四川,2025,物理类,本科批B段,2127,鞍山师范学院,,首选物理，再选不限,489,132669,,,0,辽宁,公办,0,0
四川,2025,物理类,本科批B段,2127,鞍山师范学院,（105）,首选物理，再选化学,492,134050,,,0,辽宁,公办,0,0
四川,2025,物理类,本科批B段,2127,鞍山师范学院,（106）,首选物理，再选思想政治,492,138221,,,0,辽宁,公办,0,0
四川,2025,物理类,本科批B段,2136,辽宁科技学院,（101）,首选物理，再选不限,487,142200,,,4,辽宁,公办,0,0
四川,2025,物理类,本科批B段,2136,辽宁科技学院,（102）,首选物理，再选化学,503,105920,,,51,辽宁,公办,0,0
四川,2025,物理类,本科批B段,2139,辽宁工业大学,（101）,首选物理，再选不限,481,132669,,,0,辽宁,公办,0,0
四川,2025,物理类,本科批B段,2139,辽宁工业大学,（102）,首选物理，再选化学,527,71973,,,0,辽宁,公办,0,0
四川,2025,物理类,本科批B段,2143,营口理工学院,,首选物理，再选不限,490,135473,,,13,辽宁,公办,0,0
四川,2025,物理类,本科批B段,2143,营口理工学院,（103）,首选物理，再选化学,500,119161,,,53,辽宁,公办,0,0
四川,2025,物理类,本科批B段,2159,辽东学院,,首选物理，再选不限,485,139538,,,0,辽宁,公办,0,0
四川,2025,物理类,本科批B段,2159,辽东学院,（103）,首选物理，再选化学,494,124544,,,0,辽宁,公办,0,0
四川,2025,物理类,本科批B段,2188,大连东软信息学院,,首选物理，再选不限,403,236406,,,0,辽宁,民办,0,0
四川,2025,物理类,本科批B段,2188,大连东软信息学院,（103）,首选物理，再选化学,407,222969,,,0,辽宁,民办,0,0
四川,2025,物理类,本科批B段,2190,大连科技学院,（101）,首选物理，再选不限,439,202781,,,0,辽宁,民办,0,0
四川,2025,物理类,本科批B段,2190,大连科技学院,（102）,首选物理，再选化学,446,181284,,,0,辽宁,民办,0,0
四川,2025,物理类,本科批B段,22,东北师范大学,,首选物理，再选不限,554,31541,,,0,吉林,公办,0,1
四川,2025,物理类,本科批B段,22,东北师范大学,,首选物理，再选化学,570,15239,,,0,吉林,公办,0,1
四川,2025,物理类,本科批B段,2201,长春理工大学,,首选物理，再选不限,498,59373,,,0,吉林,公办,0,0
四川,2025,物理类,本科批B段,2201,长春理工大学,,首选物理，再选化学,540,17239,,,0,吉林,公办,0,0
四川,2025,物理类,本科批B段,2201,长春理工大学,（109）,首选物理，再选化学、生物(2科必选),559,56423,,,0,吉林,公办,0,0
四川,2025,物理类,本科批B段,2202,延边大学,（101）,首选物理，再选不限,567,45003,,,0,吉林,公办,0,1
四川,2025,物理类,本科批B段,2202,延边大学,（102）,首选物理，再选化学,574,31541,,,0,吉林,公办,0,1
四川,2025,物理类,本科批B段,2202,延边大学,（103）,首选物理，再选地理,565,50491,,,0,吉林,公办,0,1
四川,2025,物理类,本科批B段,2203,东北电力大学,,首选物理，再选化学,581,17774,,,63,吉林,公办,0,0
四川,2025,物理类,本科批B段,2205,长春工业大学,,首选物理，再选不限,495,95738,,,16,吉林,公办,0,0
四川,2025,物理类,本科批B段,2205,长春工业大学,,首选物理，再选化学,527,59373,,,61,吉林,公办,0,0
四川,2025,物理类,本科批B段,2206,吉林建筑大学,（101）,首选物理，再选化学,505,105920,,,0,吉林,公办,0,0
四川,2025,物理类,本科批B段,2207,吉林化工大学,,首选物理，再选不限,494,121845,,,0,吉林,公办,0,0
四川,2025,物理类,本科批B段,2207,吉林化工大学,（103）,首选物理，再选化学,507,91961,,,0,吉林,公办,0,0
四川,2025,物理类,本科批B段,2208,吉林农业大学,,首选物理，再选不限,497,120489,,,0,吉林,公办,0,0
四川,2025,物理类,本科批B段,2208,吉林农业大学,（103）,首选物理，再选化学,511,95738,,,0,吉林,公办,0,0
四川,2025,物理类,本科批B段,2208,吉林农业大学,（104）,首选物理，再选化学、生物(2科必选),510,87075,,,0,吉林,公办,0,0
四川,2025,物理类,本科批B段,2211,长春中医药大学,（101）,首选物理，再选不限,546,56423,,,28,吉林,公办,0,0
四川,2025,物理类,本科批B段,2211,长春中医药大学,,首选物理，再选化学,491,127322,,,32,吉林,公办,0,0
四川,2025,物理类,本科批B段,2215,吉林工程技术师范学院,（101）,首选物理，再选化学,494,131341,,,0,吉林,公办,0,0
四川,2025,物理类,本科批B段,2216,长春师范大学,（101）,首选物理，再选不限,485,147761,,,0,吉林,公办,0,0
四川,2025,物理类,本科批B段,2216,长春师范大学,,首选物理，再选化学,501,89512,,,0,吉林,公办,0,0
四川,2025,物理类,本科批B段,2225,长春汽车职业技术大学,（101）,首选物理，再选不限,497,128670,,,30,吉林,公办,0,0
四川,2025,物理类,本科批B段,2230,长春大学,,首选物理，再选不限,494,83509,,,11,吉林,公办,0,0
四川,2025,物理类,本科批B段,2230,长春大学,,首选物理，再选化学,488,74215,,,51,吉林,公办,0,0
四川,2025,物理类,本科批B段,2235,北华大学,,首选物理，再选不限,511,109853,,,0,吉林,公办,0,0
四川,2025,物理类,本科批B段,2235,北华大学,,首选物理，再选化学,477,82339,,,0,吉林,公办,0,0
四川,2025,物理类,本科批B段,2235,北华大学,（106）,首选物理，再选生物,493,136811,,,0,吉林,公办,0,0
四川,2025,物理类,本科批B段,2237,长春工程学院,（101）,首选物理，再选不限,494,127322,,,0,吉林,公办,0,0
四川,2025,物理类,本科批B段,2237,长春工程学院,,首选物理，再选化学,485,74215,,,0,吉林,公办,0,0
四川,2025,物理类,本科批B段,2241,吉林医药学院,（101）,首选物理，再选不限,509,115134,,,0,吉林,公办,0,0
四川,2025,物理类,本科批B段,2241,吉林医药学院,（102）,首选物理，再选化学,503,105920,,,0,吉林,公办,0,0
四川,2025,物理类,本科批B段,2241,吉林医药学院,,首选物理，再选化学、生物(2科必选),491,87075,,,0,吉林,公办,0,0
四川,2025,物理类,本科批B段,2279,吉林外国语大学,（101）,首选物理，再选不限,460,161520,,,0,吉林,民办,0,0
四川,2025,物理类,本科批B段,2279,吉林外国语大学,（102）,首选物理，再选化学,477,158786,,,0,吉林,民办,0,0
四川,2025,物理类,本科批B段,2284,长春科技学院,（101）,首选物理，再选不限,475,161520,,,0,吉林,民办,0,0
四川,2025,物理类,本科批B段,2284,长春科技学院,（102）,首选物理，再选化学,477,151883,,,0,吉林,民办,0,0
四川,2025,物理类,本科批B段,2285,长春建筑学院,（101）,首选物理，再选不限,451,192378,,,0,吉林,民办,0,0
四川,2025,物理类,本科批B段,2285,长春建筑学院,（102）,首选物理，再选化学,417,146356,,,0,吉林,民办,0,0
四川,2025,物理类,本科批B段,2290,长春光华学院,（101）,首选物理，再选化学,443,195955,,,0,吉林,民办,0,0
四川,2025,物理类,本科批B段,2291,长春人文学院,（101）,首选物理，再选不限,418,225714,,,0,吉林,民办,0,0
四川,2025,物理类,本科批B段,2291,长春人文学院,（102）,首选物理，再选化学,448,193579,,,0,吉林,民办,0,0
四川,2025,物理类,本科批B段,2293,长春大学旅游学院,,首选物理，再选不限,404,197158,,,0,吉林,民办,0,0
四川,2025,物理类,本科批B段,2293,长春大学旅游学院,（103）,首选物理，再选化学,405,158786,,,0,吉林,民办,0,0
四川,2025,物理类,本科批B段,2295,吉林警察学院,（101）,首选物理，再选不限,516,89512,,,0,吉林,公办,0,0
四川,2025,物理类,本科批B段,2295,吉林警察学院,（102）,首选物理，再选化学,518,103351,,,0,吉林,公办,0,0
四川,2025,物理类,本科批B段,23,东北林业大学,（101）,首选物理，再选不限,578,30818,,,0,黑龙江,公办,0,1
四川,2025,物理类,本科批B段,23,东北林业大学,,首选物理，再选化学,561,17774,,,0,黑龙江,公办,0,1
四川,2025,物理类,本科批B段,23,东北林业大学,（104）,首选物理，再选生物,575,41558,,,0,黑龙江,公办,0,1
四川,2025,物理类,本科批B段,2301,黑龙江大学,（101）,首选物理，再选不限,505,120489,,,0,黑龙江,公办,0,0
四川,2025,物理类,本科批B段,2301,黑龙江大学,,首选物理，再选化学,483,53398,,,0,黑龙江,公办,0,0
四川,2025,物理类,本科批B段,2305,黑龙江科技大学,（101）,首选物理，再选不限,508,105920,,,0,黑龙江,公办,0,0
四川,2025,物理类,本科批B段,2305,黑龙江科技大学,（102）,首选物理，再选化学,520,66644,,,0,黑龙江,公办,0,0
四川,2025,物理类,本科批B段,2306,东北石油大学,（101）,首选物理，再选不限,512,98269,,,7,黑龙江,公办,0,0
四川,2025,物理类,本科批B段,2306,东北石油大学,,首选物理，再选化学,529,35194,,,163,黑龙江,公办,0,0
四川,2025,物理类,本科批B段,2307,齐齐哈尔大学,（101）,首选物理，再选化学,497,91961,,,0,黑龙江,公办,0,0
四川,2025,物理类,本科批B段,2307,齐齐哈尔大学,（102）,首选物理，再选地理,505,120489,,,0,黑龙江,公办,0,0
四川,2025,物理类,本科批B段,2308,哈尔滨医科大学,,首选物理，再选化学、生物(2科必选),555,20484,,,38,黑龙江,公办,0,0
四川,2025,物理类,本科批B段,2311,哈尔滨师范大学,,首选物理，再选不限,498,71973,,,0,黑龙江,公办,0,0
四川,2025,物理类,本科批B段,2311,哈尔滨师范大学,（103）,首选物理，再选化学,514,87075,,,0,黑龙江,公办,0,0
四川,2025,物理类,本科批B段,2311,哈尔滨师范大学,（104）,首选物理，再选地理,508,107235,,,0,黑龙江,公办,0,0
四川,2025,物理类,本科批B段,2313,绥化学院,,首选物理，再选不限,487,138221,,,27,黑龙江,公办,0,0
四川,2025,物理类,本科批B段,2313,绥化学院,,首选物理，再选化学,493,120489,,,49,黑龙江,公办,0,0
四川,2025,物理类,本科批B段,2317,哈尔滨商业大学,,首选物理，再选不限,469,60374,,,0,黑龙江,公办,0,0
四川,2025,物理类,本科批B段,2317,哈尔滨商业大学,,首选物理，再选化学,499,97005,,,0,黑龙江,公办,0,0
四川,2025,物理类,本科批B段,2318,牡丹江师范学院,,首选物理，再选不限,485,140851,,,22,黑龙江,公办,0,0
四川,2025,物理类,本科批B段,2318,牡丹江师范学院,（103）,首选物理，再选化学,491,130019,,,38,黑龙江,公办,0,0
四川,2025,物理类,本科批B段,2318,牡丹江师范学院,（104）,首选物理，再选生物,487,144941,,,3,黑龙江,公办,0,0
四川,2025,物理类,本科批B段,2321,佳木斯大学,（101）,首选物理，再选不限,489,136811,,,0,黑龙江,公办,0,0
四川,2025,物理类,本科批B段,2321,佳木斯大学,（102）,首选物理，再选化学,498,107235,,,0,黑龙江,公办,0,0
四川,2025,物理类,本科批B段,2321,佳木斯大学,（103）,首选物理，再选生物,485,147761,,,0,黑龙江,公办,0,0
四川,2025,物理类,本科批B段,2322,黑龙江工业学院,（101）,首选物理，再选不限,489,142200,,,4,黑龙江,公办,0,0
四川,2025,物理类,本科批B段,2322,黑龙江工业学院,（102）,首选物理，再选化学,493,128670,,,87,黑龙江,公办,0,0
四川,2025,物理类,本科批B段,2327,哈尔滨理工大学,（101）,首选物理，再选不限,547,68733,,,0,黑龙江,公办,0,0
四川,2025,物理类,本科批B段,2327,哈尔滨理工大学,,首选物理，再选化学,559,29415,,,0,黑龙江,公办,0,0
四川,2025,物理类,本科批B段,2329,牡丹江医科大学,（101）,首选物理，再选不限,495,127322,,,0,黑龙江,公办,0,0
四川,2025,物理类,本科批B段,2329,牡丹江医科大学,,首选物理，再选化学,498,68733,,,0,黑龙江,公办,0,0
四川,2025,物理类,本科批B段,2329,牡丹江医科大学,,首选物理，再选化学、生物(2科必选),502,71973,,,0,黑龙江,公办,0,0
四川,2025,物理类,本科批B段,2330,哈尔滨学院,（101）,首选物理，再选不限,492,125937,,,0,黑龙江,公办,0,0
四川,2025,物理类,本科批B段,2330,哈尔滨学院,（102）,首选物理，再选化学,494,125937,,,0,黑龙江,公办,0,0
四川,2025,物理类,本科批B段,2330,哈尔滨学院,（103）,首选物理，再选地理,500,127322,,,0,黑龙江,公办,0,0
四川,2025,物理类,本科批B段,2336,齐齐哈尔工程学院,（101）,首选物理，再选不限,407,199439,,,14,黑龙江,民办,0,0
四川,2025,物理类,本科批B段,2336,齐齐哈尔工程学院,（102）,首选物理，再选化学,403,186338,,,99,黑龙江,民办,0,0
四川,2025,物理类,本科批B段,2336,齐齐哈尔工程学院,（103）,首选物理，再选生物,404,197158,,,34,黑龙江,民办,0,0
四川,2025,物理类,本科批B段,2339,黑河学院,（101）,首选物理，再选不限,487,139538,,,0,黑龙江,公办,0,0
四川,2025,物理类,本科批B段,2339,黑河学院,（102）,首选物理，再选化学,495,130019,,,0,黑龙江,公办,0,0
四川,2025,物理类,本科批B段,2444,黑龙江中医药大学,,首选物理，再选不限,500,30818,,,42,黑龙江,公办,0,0
四川,2025,物理类,本科批B段,2444,黑龙江中医药大学,（103）,首选物理，再选化学,506,95738,,,60,黑龙江,公办,0,0
四川,2025,物理类,本科批B段,2444,黑龙江中医药大学,,首选物理，再选生物,504,65638,,,30,黑龙江,公办,0,0
四川,2025,物理类,本科批B段,27,华东理工大学,（101）,首选物理，再选不限,618,12979,,,0,上海,公办,0,1
四川,2025,物理类,本科批B段,27,华东理工大学,（102）,首选物理，再选化学,618,8272,,,0,上海,公办,0,1
四川,2025,物理类,本科批B段,29,华东师范大学,（101）,首选物理，再选不限,635,7273,,,0,上海,公办,1,1
四川,2025,物理类,本科批B段,29,华东师范大学,（102）,首选物理，再选化学,636,3867,,,0,上海,公办,1,1
四川,2025,物理类,本科批B段,31,上海财经大学,（101）,首选物理，再选不限,631,2851,,,0,上海,公办,0,1
四川,2025,物理类,本科批B段,31,上海财经大学,（102）,首选物理，再选化学,634,5531,,,0,上海,公办,0,1
四川,2025,物理类,本科批B段,310,北京体育大学,,首选物理，再选不限,522,19363,,,0,北京,公办,0,1
四川,2025,物理类,本科批B段,310,北京体育大学,,首选物理，再选化学,593,19363,,,0,北京,公办,0,1
四川,2025,物理类,本科批B段,3101,上海理工大学,（101）,首选物理，再选不限,591,29415,,,0,上海,公办,0,0
四川,2025,物理类,本科批B段,3101,上海理工大学,,首选物理，再选化学,597,22235,,,0,上海,公办,0,0
四川,2025,物理类,本科批B段,3103,上海海事大学,,首选物理，再选不限,559,27315,,,0,上海,公办,0,0
四川,2025,物理类,本科批B段,3103,上海海事大学,（102）,首选物理，再选化学,576,32274,,,0,上海,公办,0,0
四川,2025,物理类,本科批B段,3109,上海健康医学院,,首选物理，再选化学,511,49593,,,0,上海,公办,0,0
四川,2025,物理类,本科批B段,3111,上海海洋大学,（101）,首选物理，再选不限,563,52443,,,0,上海,公办,0,0
四川,2025,物理类,本科批B段,3111,上海海洋大学,,首选物理，再选化学,565,34455,,,0,上海,公办,0,0
四川,2025,物理类,本科批B段,3112,上海中医药大学,,首选物理，再选化学,560,8961,,,0,上海,公办,0,0
四川,2025,物理类,本科批B段,3113,上海师范大学,（101）,首选物理，再选不限,549,58346,,,0,上海,公办,0,0
四川,2025,物理类,本科批B段,3113,上海师范大学,（102）,首选物理，再选化学,553,38996,,,0,上海,公办,0,0
四川,2025,物理类,本科批B段,3115,上海体育大学,（101）,首选物理，再选不限,540,76490,,,0,上海,公办,0,0
四川,2025,物理类,本科批B段,3115,上海体育大学,,首选物理，再选化学,539,56423,,,0,上海,公办,0,0
四川,2025,物理类,本科批B段,3117,上海对外经贸大学,,首选物理，再选不限,562,23461,,,0,上海,公办,0,0
四川,2025,物理类,本科批B段,3122,上海戏剧学院,（101）,首选物理，再选不限,586,24083,,,0,上海,公办,0,0
四川,2025,物理类,本科批B段,3123,上海政法学院,,首选物理，再选不限,551,24744,,,0,上海,公办,0,0
四川,2025,物理类,本科批B段,3126,上海立信会计金融学院,,首选物理，再选不限,531,47711,,,0,上海,公办,0,0
四川,2025,物理类,本科批B段,3126,上海立信会计金融学院,（103）,首选物理，再选化学,529,82339,,,0,上海,公办,0,0
四川,2025,物理类,本科批B段,3140,上海杉达学院,,首选物理，再选不限,403,142200,,,0,上海,民办,0,0
四川,2025,物理类,本科批B段,3140,上海杉达学院,（103）,首选物理，再选化学,403,178722,,,0,上海,民办,0,0
四川,2025,物理类,本科批B段,315,中央民族大学,,首选物理，再选不限,605,12558,,,0,北京,公办,1,1
四川,2025,物理类,本科批B段,315,中央民族大学,,首选物理，再选化学,605,13814,,,0,北京,公办,1,1
四川,2025,物理类,本科批B段,3154,上海商学院,,首选物理，再选不限,505,81156,,,0,上海,公办,0,0
四川,2025,物理类,本科批B段,3154,上海商学院,（102）,首选物理，再选化学,524,88297,,,0,上海,公办,0,0
四川,2025,物理类,本科批B段,3155,上海第二工业大学,（101）,首选物理，再选不限,525,85880,,,0,上海,公办,0,0
四川,2025,物理类,本科批B段,3155,上海第二工业大学,,首选物理，再选化学,513,58346,,,0,上海,公办,0,0
四川,2025,物理类,本科批B段,320,中国民航大学,（101）,首选物理，再选不限,583,31541,,,0,天津,公办,0,0
四川,2025,物理类,本科批B段,320,中国民航大学,,首选物理，再选化学,592,14292,,,0,天津,公办,0,0
四川,2025,物理类,本科批B段,3204,江苏师范大学,（101）,首选物理，再选不限,519,94428,,,0,江苏,公办,0,0
四川,2025,物理类,本科批B段,3204,江苏师范大学,（102）,首选物理，再选化学,542,66644,,,0,江苏,公办,0,0
四川,2025,物理类,本科批B段,3204,江苏师范大学,（103）,首选物理，再选地理,547,68733,,,0,江苏,公办,0,0
四川,2025,物理类,本科批B段,3205,江苏科技大学,（101）,首选物理，再选不限,543,63535,,,19,江苏,公办,0,0
四川,2025,物理类,本科批B段,3205,江苏科技大学,,首选物理，再选化学,551,30818,,,147,江苏,公办,0,0
四川,2025,物理类,本科批B段,3207,南京工业大学,（101）,首选物理，再选不限,587,32274,,,3,江苏,公办,0,0
四川,2025,物理类,本科批B段,3207,南京工业大学,（102）,首选物理，再选化学,559,22235,,,142,江苏,公办,0,0
四川,2025,物理类,本科批B段,3208,常州大学,（101）,首选物理，再选不限,540,69786,,,9,江苏,公办,0,0
四川,2025,物理类,本科批B段,3208,常州大学,,首选物理，再选化学,526,48644,,,101,江苏,公办,0,0
四川,2025,物理类,本科批B段,3209,南京邮电大学,（101）,首选物理，再选化学,610,10899,,,144,江苏,公办,0,0
四川,2025,物理类,本科批B段,3212,江苏大学,（101）,首选物理，再选化学,572,21058,,,146,江苏,公办,0,0
四川,2025,物理类,本科批B段,3213,南京信息工程大学,（101）,首选物理，再选不限,592,27996,,,8,江苏,公办,0,0
四川,2025,物理类,本科批B段,3213,南京信息工程大学,,首选物理，再选化学,563,14761,,,196,江苏,公办,0,0
四川,2025,物理类,本科批B段,3215,常州工学院,（101）,首选物理，再选化学,523,73080,,,75,江苏,公办,0,0
四川,2025,物理类,本科批B段,3219,南京体育学院,（101）,首选物理，再选不限,503,123200,,,0,江苏,公办,0,0
四川,2025,物理类,本科批B段,3219,南京体育学院,（102）,首选物理，再选生物,508,112408,,,0,江苏,公办,0,0
四川,2025,物理类,本科批B段,3220,苏州工学院,（101）,首选物理，再选不限,519,91961,,,6,江苏,公办,0,0
四川,2025,物理类,本科批B段,3220,苏州工学院,（102）,首选物理，再选化学,529,58346,,,112,江苏,公办,0,0
四川,2025,物理类,本科批B段,3225,南京师范大学,（101）,首选物理，再选化学,607,13420,,,0,江苏,公办,0,1
四川,2025,物理类,本科批B段,3225,南京师范大学,（102）,首选物理，再选地理,611,17239,,,0,江苏,公办,0,1
四川,2025,物理类,本科批B段,3227,淮阴师范学院,（101）,首选物理，再选化学,553,62454,,,0,江苏,公办,0,0
四川,2025,物理类,本科批B段,3234,金陵科技学院,（101）,首选物理，再选不限,521,88297,,,7,江苏,公办,0,0
四川,2025,物理类,本科批B段,3234,金陵科技学院,（102）,首选物理，再选化学,534,67613,,,40,江苏,公办,0,0
四川,2025,物理类,本科批B段,3235,徐州工程学院,（101）,首选物理，再选不限,514,108557,,,0,江苏,公办,0,0
四川,2025,物理类,本科批B段,3235,徐州工程学院,（102）,首选物理，再选化学,514,95738,,,0,江苏,公办,0,0
四川,2025,物理类,本科批B段,3240,江苏第二师范学院,（101）,首选物理，再选化学,507,113767,,,10,江苏,公办,0,0
四川,2025,物理类,本科批B段,3242,连云港师范学院,（101）,首选物理，再选不限,493,128670,,,0,江苏,公办,0,0
四川,2025,物理类,本科批B段,3242,连云港师范学院,（102）,首选物理，再选化学,504,121845,,,0,江苏,公办,0,0
四川,2025,物理类,本科批B段,3243,南京工程学院,（101）,首选物理，再选不限,535,76490,,,0,江苏,公办,0,0
四川,2025,物理类,本科批B段,3243,南京工程学院,（102）,首选物理，再选化学,563,27315,,,0,江苏,公办,0,0
四川,2025,物理类,本科批B段,3244,苏州科技大学,,首选物理，再选不限,523,68733,,,0,江苏,公办,0,0
四川,2025,物理类,本科批B段,3244,苏州科技大学,（103）,首选物理，再选化学,567,37428,,,0,江苏,公办,0,0
四川,2025,物理类,本科批B段,3244,苏州科技大学,（105）,首选物理，再选地理,556,56423,,,0,江苏,公办,0,0
四川,2025,物理类,本科批B段,3245,中国矿业大学徐海学院,（101）,首选物理，再选不限,466,168271,,,0,江苏,民办,0,0
四川,2025,物理类,本科批B段,3245,中国矿业大学徐海学院,,首选物理，再选化学,459,161520,,,0,江苏,民办,0,0
四川,2025,物理类,本科批B段,3247,西交利物浦大学,（101）,首选物理，再选不限,574,42395,,,51,江苏,中外合作办学,0,0
四川,2025,物理类,本科批B段,3247,西交利物浦大学,（102）,首选物理，再选化学,573,43244,,,309,江苏,中外合作办学,0,0
四川,2025,物理类,本科批B段,325,大连海事大学,,首选物理，再选不限,582,22824,,,0,辽宁,公办,0,1
四川,2025,物理类,本科批B段,325,大连海事大学,,首选物理，再选化学,574,16680,,,0,辽宁,公办,0,1
四川,2025,物理类,本科批B段,3288,南京特殊教育师范学院,,首选物理，再选不限,496,70843,,,20,江苏,公办,0,0
四川,2025,物理类,本科批B段,3288,南京特殊教育师范学院,（103）,首选物理，再选化学,501,117870,,,24,江苏,公办,0,0
四川,2025,物理类,本科批B段,3292,南京传媒学院,（101）,首选物理，再选不限,486,116541,,,0,江苏,民办,0,0
四川,2025,物理类,本科批B段,3292,南京传媒学院,（102）,首选物理，再选化学,498,121845,,,0,江苏,民办,0,0
四川,2025,物理类,本科批B段,3298,东南大学成贤学院,（101）,首选物理，再选不限,473,142200,,,0,江苏,民办,0,0
四川,2025,物理类,本科批B段,3298,东南大学成贤学院,（102）,首选物理，再选化学,466,139538,,,0,江苏,民办,0,0
四川,2025,物理类,本科批B段,3302,浙江工业大学,,首选物理，再选化学,574,17239,,,69,浙江,公办,0,0
四川,2025,物理类,本科批B段,3303,浙江理工大学,（101）,首选物理，再选化学,566,30818,,,0,浙江,公办,0,0
四川,2025,物理类,本科批B段,3305,浙江海洋大学,（101）,首选物理，再选化学,533,73079,,,61,浙江,公办,0,0
四川,2025,物理类,本科批B段,3305,浙江海洋大学,（102）,首选物理，再选生物,521,99505,,,2,浙江,公办,0,0
四川,2025,物理类,本科批B段,3306,浙江农林大学,（101）,首选物理，再选不限,532,69786,,,11,浙江,公办,0,0
四川,2025,物理类,本科批B段,3306,浙江农林大学,（102）,首选物理，再选化学,518,53398,,,79,浙江,公办,0,0
四川,2025,物理类,本科批B段,3306,浙江农林大学,（104）,首选物理，再选地理,557,58346,,,2,浙江,公办,0,0
四川,2025,物理类,本科批B段,3306,浙江农林大学,（103）,首选物理，再选生物,539,77689,,,4,浙江,公办,0,0
四川,2025,物理类,本科批B段,3308,温州医科大学,,首选物理，再选不限,533,82339,,,0,浙江,公办,0,0
四川,2025,物理类,本科批B段,3308,温州医科大学,,首选物理，再选化学,529,6398,,,0,浙江,公办,0,0
四川,2025,物理类,本科批B段,3309,浙江师范大学,（101）,首选物理，再选不限,537,68733,,,19,浙江,公办,0,0
四川,2025,物理类,本科批B段,3309,浙江师范大学,,首选物理，再选化学,547,36672,,,38,浙江,公办,0,0
四川,2025,物理类,本科批B段,3309,浙江师范大学,（105）,首选物理，再选地理,529,89512,,,4,浙江,公办,0,0
四川,2025,物理类,本科批B段,3310,杭州师范大学,,首选物理，再选化学,547,43244,,,50,浙江,公办,0,0
四川,2025,物理类,本科批B段,3313,绍兴文理学院,（101）,首选物理，再选化学,516,99505,,,25,浙江,公办,0,0
四川,2025,物理类,本科批B段,3314,台州学院,（101）,首选物理，再选化学,508,94428,,,69,浙江,公办,0,0
四川,2025,物理类,本科批B段,3315,浙江工商大学,（101）,首选物理，再选不限,519,40707,,,25,浙江,公办,0,0
四川,2025,物理类,本科批B段,3315,浙江工商大学,,首选物理，再选化学,542,66644,,,62,浙江,公办,0,0
四川,2025,物理类,本科批B段,3316,湖州师范学院,（101）,首选物理，再选不限,514,108557,,,2,浙江,公办,0,0
四川,2025,物理类,本科批B段,3316,湖州师范学院,（102）,首选物理，再选化学,510,95738,,,33,浙江,公办,0,0
四川,2025,物理类,本科批B段,3318,中国计量大学,（101）,首选物理，再选不限,586,30818,,,11,浙江,公办,0,0
四川,2025,物理类,本科批B段,3318,中国计量大学,（102）,首选物理，再选化学,587,22235,,,99,浙江,公办,0,0
四川,2025,物理类,本科批B段,3319,浙江万里学院,,首选物理，再选不限,498,113767,,,0,浙江,公办,0,0
四川,2025,物理类,本科批B段,3319,浙江万里学院,（103）,首选物理，再选化学,512,103351,,,0,浙江,公办,0,0
四川,2025,物理类,本科批B段,3321,浙江科技大学,,首选物理，再选化学,509,51460,,,63,浙江,公办,0,0
四川,2025,物理类,本科批B段,3322,宁波工程学院,,首选物理，再选不限,514,104651,,,9,浙江,公办,0,0
四川,2025,物理类,本科批B段,3322,宁波工程学院,,首选物理，再选化学,512,75327,,,81,浙江,公办,0,0
四川,2025,物理类,本科批B段,3324,浙江水利水电学院,,首选物理，再选不限,504,111117,,,14,浙江,公办,0,0
四川,2025,物理类,本科批B段,3324,浙江水利水电学院,,首选物理，再选化学,516,70843,,,56,浙江,公办,0,0
四川,2025,物理类,本科批B段,3325,宁波大学,,首选物理，再选不限,533,40707,,,0,浙江,公办,0,0
四川,2025,物理类,本科批B段,3325,宁波大学,（103）,首选物理，再选化学,582,32968,,,0,浙江,公办,0,0
四川,2025,物理类,本科批B段,3325,宁波大学,（104）,首选物理，再选地理,539,77689,,,0,浙江,公办,0,0
四川,2025,物理类,本科批B段,3326,杭州医学院,,首选物理，再选化学,514,49593,,,80,浙江,公办,0,0
四川,2025,物理类,本科批B段,3327,浙江传媒学院,,首选物理，再选不限,525,60374,,,0,浙江,公办,0,0
四川,2025,物理类,本科批B段,3327,浙江传媒学院,,首选物理，再选化学,520,52443,,,0,浙江,公办,0,0
四川,2025,物理类,本科批B段,3329,温州大学,（101）,首选物理，再选不限,530,81156,,,0,浙江,公办,0,0
四川,2025,物理类,本科批B段,3329,温州大学,,首选物理，再选化学,537,44146,,,0,浙江,公办,0,0
四川,2025,物理类,本科批B段,3331,嘉兴大学,（101）,首选物理，再选不限,523,89512,,,0,浙江,公办,0,0
四川,2025,物理类,本科批B段,3331,嘉兴大学,,首选物理，再选化学,525,67613,,,0,浙江,公办,0,0
四川,2025,物理类,本科批B段,3341,浙江外国语学院,,首选物理，再选不限,470,76490,,,26,浙江,公办,0,0
四川,2025,物理类,本科批B段,3341,浙江外国语学院,（103）,首选物理，再选化学,537,79949,,,4,浙江,公办,0,0
四川,2025,物理类,本科批B段,3342,温州商学院,,首选物理，再选不限,431,178722,,,11,浙江,民办,0,0
四川,2025,物理类,本科批B段,3342,温州商学院,,首选物理，再选化学,438,194744,,,12,浙江,民办,0,0
四川,2025,物理类,本科批B段,3362,浙江理工大学科技与艺术学院,（101）,首选物理，再选不限,448,170913,,,27,浙江,民办,0,0
四川,2025,物理类,本科批B段,3362,浙江理工大学科技与艺术学院,（102）,首选物理，再选化学,452,162900,,,18,浙江,民办,0,0
四川,2025,物理类,本科批B段,3364,宁波大学科学技术学院,,首选物理，再选不限,455,139538,,,0,浙江,民办,0,0
四川,2025,物理类,本科批B段,3364,宁波大学科学技术学院,（103）,首选物理，再选化学,456,139538,,,0,浙江,民办,0,0
四川,2025,物理类,本科批B段,3379,浙江工商大学杭州商学院,,首选物理，再选不限,444,125937,,,37,浙江,民办,0,0
四川,2025,物理类,本科批B段,3379,浙江工商大学杭州商学院,（103）,首选物理，再选化学,456,170913,,,9,浙江,民办,0,0
四川,2025,物理类,本科批B段,3380,温州医科大学仁济学院,（101）,首选物理，再选不限,494,135473,,,2,浙江,民办,0,0
四川,2025,物理类,本科批B段,3380,温州医科大学仁济学院,,首选物理，再选化学,478,84680,,,39,浙江,民办,0,0
四川,2025,物理类,本科批B段,3388,衢州学院,（101）,首选物理，再选不限,499,124544,,,12,浙江,公办,0,0
四川,2025,物理类,本科批B段,3388,衢州学院,（102）,首选物理，再选化学,513,100805,,,73,浙江,公办,0,0
四川,2025,物理类,本科批B段,3390,浙江财经大学东方学院,,首选物理，再选不限,456,169623,,,19,浙江,民办,0,0
四川,2025,物理类,本科批B段,3390,浙江财经大学东方学院,（103）,首选物理，再选化学,451,170913,,,10,浙江,民办,0,0
四川,2025,物理类,本科批B段,3393,杭州电子科技大学信息工程学院,（101）,首选物理，再选不限,483,150538,,,0,浙江,民办,0,0
四川,2025,物理类,本科批B段,3393,杭州电子科技大学信息工程学院,（102）,首选物理，再选化学,483,130019,,,0,浙江,民办,0,0
四川,2025,物理类,本科批B段,3395,浙江工业大学之江学院,（101）,首选物理，再选不限,452,165602,,,10,浙江,民办,0,0
四川,2025,物理类,本科批B段,3395,浙江工业大学之江学院,（102）,首选物理，再选化学,455,168271,,,56,浙江,民办,0,0
四川,2025,物理类,本科批B段,3398,湖州学院,（101）,首选物理，再选化学,520,91961,,,53,浙江,公办,0,0
四川,2025,物理类,本科批B段,3399,温州理工学院,（101）,首选物理，再选不限,519,98269,,,0,浙江,公办,0,0
四川,2025,物理类,本科批B段,3399,温州理工学院,（102）,首选物理，再选化学,524,88297,,,0,浙江,公办,0,0
四川,2025,物理类,本科批B段,3405,安徽农业大学,（101）,首选物理，再选不限,541,75327,,,2,安徽,公办,0,0
四川,2025,物理类,本科批B段,3405,安徽农业大学,（102）,首选物理，再选化学,520,52443,,,61,安徽,公办,0,0
四川,2025,物理类,本科批B段,3405,安徽农业大学,（103）,首选物理，再选生物,515,107235,,,4,安徽,公办,0,0
四川,2025,物理类,本科批B段,3406,安徽医科大学,（101）,首选物理，再选不限,540,76490,,,1,安徽,公办,0,0
四川,2025,物理类,本科批B段,3406,安徽医科大学,（102）,首选物理，再选化学,615,15239,,,6,安徽,公办,0,0
四川,2025,物理类,本科批B段,3407,安徽师范大学,,首选物理，再选不限,463,93220,,,0,安徽,公办,0,0
四川,2025,物理类,本科批B段,3407,安徽师范大学,（103）,首选物理，再选化学,537,59373,,,0,安徽,公办,0,0
四川,2025,物理类,本科批B段,3407,安徽师范大学,（104）,首选物理，再选地理,584,34455,,,0,安徽,公办,0,0
四川,2025,物理类,本科批B段,341,南京理工大学,（104）,首选物理，再选不限,608,18804,,,0,江苏,公办,0,1
四川,2025,物理类,本科批B段,341,南京理工大学,,首选物理，再选化学,616,7273,,,0,江苏,公办,0,1
四川,2025,物理类,本科批B段,3415,安徽财经大学,（101）,首选物理，再选不限,490,67613,,,44,安徽,公办,0,0
四川,2025,物理类,本科批B段,3419,淮南师范学院,,首选物理，再选不限,496,127322,,,0,安徽,公办,0,0
四川,2025,物理类,本科批B段,3419,淮南师范学院,（103）,首选物理，再选化学,499,121845,,,0,安徽,公办,0,0
四川,2025,物理类,本科批B段,3419,淮南师范学院,（104）,首选物理，再选生物,500,127322,,,0,安徽,公办,0,0
四川,2025,物理类,本科批B段,3420,合肥大学,（101）,首选物理，再选化学,525,85880,,,0,安徽,公办,0,0
四川,2025,物理类,本科批B段,3422,蚌埠学院,（101）,首选物理，再选化学,510,105920,,,10,安徽,公办,0,0
四川,2025,物理类,本科批B段,3427,安庆师范大学,,首选物理，再选化学,529,70843,,,5,安徽,公办,0,0
四川,2025,物理类,本科批B段,3428,安徽中医药大学,（101）,首选物理，再选不限,558,52443,,,0,安徽,公办,0,0
四川,2025,物理类,本科批B段,3428,安徽中医药大学,（102）,首选物理，再选化学,528,75327,,,0,安徽,公办,0,0
四川,2025,物理类,本科批B段,347,华侨大学,,首选物理，再选不限,537,67613,,,0,福建,公办,0,0
四川,2025,物理类,本科批B段,347,华侨大学,,首选物理，再选化学,548,32968,,,0,福建,公办,0,0
四川,2025,物理类,本科批B段,3473,池州学院,（101）,首选物理，再选化学,504,109853,,,20,安徽,公办,0,0
四川,2025,物理类,本科批B段,3481,蚌埠工商学院,（101）,首选物理，再选不限,468,166963,,,0,安徽,民办,0,0
四川,2025,物理类,本科批B段,3481,蚌埠工商学院,（102）,首选物理，再选化学,469,165602,,,0,安徽,民办,0,0
四川,2025,物理类,本科批B段,3533,三明学院,,首选物理，再选不限,492,132669,,,16,福建,公办,0,0
四川,2025,物理类,本科批B段,3533,三明学院,（103）,首选物理，再选化学,501,113767,,,45,福建,公办,0,0
四川,2025,物理类,本科批B段,3537,龙岩学院,（101）,首选物理，再选不限,489,138221,,,0,福建,公办,0,0
四川,2025,物理类,本科批B段,3537,龙岩学院,（102）,首选物理，再选化学,500,109853,,,0,福建,公办,0,0
四川,2025,物理类,本科批B段,3541,福建江夏学院,,首选物理，再选不限,504,99505,,,0,福建,公办,0,0
四川,2025,物理类,本科批B段,3541,福建江夏学院,（103）,首选物理，再选化学,512,103351,,,0,福建,公办,0,0
四川,2025,物理类,本科批B段,355,中国民用航空飞行学院,（101）,首选物理，再选不限,535,67613,,,83,四川,公办,0,0
四川,2025,物理类,本科批B段,355,中国民用航空飞行学院,（102）,首选物理，再选化学,560,35194,,,425,四川,公办,0,0
四川,2025,物理类,本科批B段,355,中国民用航空飞行学院,（103）,首选物理，再选思想政治,530,88297,,,6,四川,公办,0,0
四川,2025,物理类,本科批B段,357,西南民族大学,,首选物理，再选不限,523,50491,,,115,四川,公办,0,0
四川,2025,物理类,本科批B段,357,西南民族大学,（102）,首选物理，再选化学,550,55395,,,290,四川,公办,0,0
四川,2025,物理类,本科批B段,3592,厦门工学院,（101）,首选物理，再选不限,403,194744,,,24,福建,民办,0,0
四川,2025,物理类,本科批B段,3592,厦门工学院,（102）,首选物理，再选化学,444,168271,,,22,福建,民办,0,0
四川,2025,物理类,本科批B段,3595,福州大学至诚学院,（101）,首选物理，再选不限,444,200565,,,2,福建,民办,0,0
四川,2025,物理类,本科批B段,3595,福州大学至诚学院,（102）,首选物理，再选化学,445,162900,,,25,福建,民办,0,0
四川,2025,物理类,本科批B段,36,江南大学,,首选物理，再选不限,576,22825,,,7,江苏,公办,0,1
四川,2025,物理类,本科批B段,36,江南大学,,首选物理，再选化学,609,8962,,,89,江苏,公办,0,1
四川,2025,物理类,本科批B段,3602,东华理工大学,（101）,首选物理，再选不限,459,79949,,,0,江西,公办,0,0
四川,2025,物理类,本科批B段,3602,东华理工大学,（102）,首选物理，再选化学,532,42395,,,0,江西,公办,0,0
四川,2025,物理类,本科批B段,3603,南昌航空大学,,首选物理，再选化学,563,27315,,,108,江西,公办,0,0
四川,2025,物理类,本科批B段,3604,江西理工大学,（101）,首选物理，再选不限,461,88297,,,13,江西,公办,0,0
四川,2025,物理类,本科批B段,3604,江西理工大学,（102）,首选物理，再选化学,536,54387,,,54,江西,公办,0,0
四川,2025,物理类,本科批B段,3604,江西理工大学,（103）,首选物理，再选地理,551,64577,,,2,江西,公办,0,0
四川,2025,物理类,本科批B段,3607,江西农业大学,,首选物理，再选不限,505,99505,,,0,江西,公办,0,0
四川,2025,物理类,本科批B段,3607,江西农业大学,,首选物理，再选化学,518,75327,,,0,江西,公办,0,0
四川,2025,物理类,本科批B段,3615,赣南师范大学,,首选物理，再选不限,490,94428,,,13,江西,公办,0,0
四川,2025,物理类,本科批B段,3615,赣南师范大学,,首选物理，再选化学,515,75327,,,16,江西,公办,0,0
四川,2025,物理类,本科批B段,3615,赣南师范大学,（106）,首选物理，再选地理,513,104651,,,4,江西,公办,0,0
四川,2025,物理类,本科批B段,3619,江西飞行学院,（101）,首选物理，再选不限,489,138221,,,12,江西,公办,0,0
四川,2025,物理类,本科批B段,3619,江西飞行学院,（102）,首选物理，再选化学,513,71973,,,30,江西,公办,0,0
四川,2025,物理类,本科批B段,3633,江西水利电力大学,（101）,首选物理，再选不限,519,94429,,,0,江西,公办,0,0
四川,2025,物理类,本科批B段,3633,江西水利电力大学,,首选物理，再选化学,487,61372,,,0,江西,公办,0,0
四川,2025,物理类,本科批B段,3633,江西水利电力大学,（104）,首选物理，再选生物,493,135474,,,0,江西,公办,0,0
四川,2025,物理类,本科批B段,3636,宜春学院,（101）,首选物理，再选不限,500,107235,,,4,江西,公办,0,0
四川,2025,物理类,本科批B段,3636,宜春学院,,首选物理，再选化学,501,117870,,,25,江西,公办,0,0
四川,2025,物理类,本科批B段,3636,宜春学院,（104）,首选物理，再选化学、生物(2科必选),510,113767,,,2,江西,公办,0,0
四川,2025,物理类,本科批B段,3636,宜春学院,（105）,首选物理，再选生物,508,116541,,,2,江西,公办,0,0
四川,2025,物理类,本科批B段,3641,新余学院,（101）,首选物理，再选不限,491,131341,,,5,江西,公办,0,0
四川,2025,物理类,本科批B段,3641,新余学院,（102）,首选物理，再选化学,500,104651,,,20,江西,公办,0,0
四川,2025,物理类,本科批B段,3641,新余学院,（103）,首选物理，再选生物,506,119161,,,2,江西,公办,0,0
四川,2025,物理类,本科批B段,3642,九江学院,（101）,首选物理，再选不限,489,136811,,,0,江西,公办,0,0
四川,2025,物理类,本科批B段,3642,九江学院,（102）,首选物理，再选化学,505,111117,,,0,江西,公办,0,0
四川,2025,物理类,本科批B段,365,石河子大学,（101）,首选物理，再选不限,550,60374,,,27,新疆,公办,0,1
四川,2025,物理类,本科批B段,365,石河子大学,,首选物理，再选化学,551,30107,,,161,新疆,公办,0,1
四川,2025,物理类,本科批B段,3691,赣南科技学院,（101）,首选物理，再选化学,517,99505,,,0,江西,公办,0,0
四川,2025,物理类,本科批B段,3692,南昌交通学院,（101）,首选物理，再选化学,461,164265,,,0,江西,民办,0,0
四川,2025,物理类,本科批B段,3695,南昌医学院,（101）,首选物理，再选不限,511,112408,,,0,江西,公办,0,0
四川,2025,物理类,本科批B段,3695,南昌医学院,,首选物理，再选化学,512,38241,,,0,江西,公办,0,0
四川,2025,物理类,本科批B段,3695,南昌医学院,,首选物理，再选生物,508,74215,,,0,江西,公办,0,0
四川,2025,物理类,本科批B段,3701,济南大学,,首选物理，再选不限,532,60374,,,0,山东,公办,0,0
四川,2025,物理类,本科批B段,3701,济南大学,（103）,首选物理，再选化学,541,35928,,,0,山东,公办,0,0
四川,2025,物理类,本科批B段,3701,济南大学,（104）,首选物理，再选化学、地理(2科必选),546,69786,,,0,山东,公办,0,0
四川,2025,物理类,本科批B段,3702,青岛科技大学,（101）,首选物理，再选化学,550,56423,,,89,山东,公办,0,0
四川,2025,物理类,本科批B段,3703,山东科技大学,,首选物理，再选不限,522,82339,,,16,山东,公办,0,0
四川,2025,物理类,本科批B段,3703,山东科技大学,,首选物理，再选化学,545,47711,,,52,山东,公办,0,0
四川,2025,物理类,本科批B段,3703,山东科技大学,（105）,首选物理，再选地理,558,57388,,,2,山东,公办,0,0
四川,2025,物理类,本科批B段,3704,山东政法学院,（101）,首选物理，再选不限,536,69786,,,0,山东,公办,0,0
四川,2025,物理类,本科批B段,3704,山东政法学院,（102）,首选物理，再选化学,532,84680,,,0,山东,公办,0,0
四川,2025,物理类,本科批B段,3705,青岛理工大学,,首选物理，再选不限,473,84680,,,0,山东,公办,0,0
四川,2025,物理类,本科批B段,3705,青岛理工大学,,首选物理，再选化学,493,40707,,,0,山东,公办,0,0
四川,2025,物理类,本科批B段,3707,曲阜师范大学,（101）,首选物理，再选不限,472,112408,,,0,山东,公办,0,0
四川,2025,物理类,本科批B段,3707,曲阜师范大学,（102）,首选物理，再选化学,525,76490,,,0,山东,公办,0,0
四川,2025,物理类,本科批B段,3707,曲阜师范大学,（103）,首选物理，再选地理,528,90690,,,0,山东,公办,0,0
四川,2025,物理类,本科批B段,3708,青岛农业大学,（101）,首选物理，再选化学,503,105920,,,35,山东,公办,0,0
四川,2025,物理类,本科批B段,3709,山东第二医科大学,（101）,首选物理，再选化学,506,41558,,,22,山东,公办,0,0
四川,2025,物理类,本科批B段,3711,临沂大学,（101）,首选物理，再选化学,524,87075,,,0,山东,公办,0,0
四川,2025,物理类,本科批B段,3712,聊城大学,（101）,首选物理，再选不限,519,102062,,,0,山东,公办,0,0
四川,2025,物理类,本科批B段,3712,聊城大学,,首选物理，再选化学,453,94428,,,0,山东,公办,0,0
四川,2025,物理类,本科批B段,3712,聊城大学,（104）,首选物理，再选化学、生物(2科必选),467,172209,,,0,山东,公办,0,0
四川,2025,物理类,本科批B段,3713,山东师范大学,（101）,首选物理，再选不限,535,65638,,,0,山东,公办,0,0
四川,2025,物理类,本科批B段,3713,山东师范大学,（102）,首选物理，再选化学,498,27315,,,0,山东,公办,0,0
四川,2025,物理类,本科批B段,3713,山东师范大学,（103）,首选物理，再选地理,537,79949,,,0,山东,公办,0,0
四川,2025,物理类,本科批B段,3714,泰山学院,,首选物理，再选化学,498,112408,,,20,山东,公办,0,0
四川,2025,物理类,本科批B段,3715,鲁东大学,（101）,首选物理，再选不限,510,109853,,,0,山东,公办,0,0
四川,2025,物理类,本科批B段,3715,鲁东大学,,首选物理，再选化学,496,74215,,,0,山东,公办,0,0
四川,2025,物理类,本科批B段,3716,济宁学院,（101）,首选物理，再选化学,504,121845,,,0,山东,公办,0,0
四川,2025,物理类,本科批B段,3720,山东财经大学,,首选物理，再选不限,510,21662,,,0,山东,公办,0,0
四川,2025,物理类,本科批B段,3720,山东财经大学,（103）,首选物理，再选化学,550,62454,,,0,山东,公办,0,0
四川,2025,物理类,本科批B段,3723,山东交通学院,（101）,首选物理，再选不限,503,108557,,,8,山东,公办,0,0
四川,2025,物理类,本科批B段,3723,山东交通学院,,首选物理，再选化学,471,87075,,,52,山东,公办,0,0
四川,2025,物理类,本科批B段,3724,滨州医学院,,首选物理，再选化学,486,65638,,,0,山东,公办,0,0
四川,2025,物理类,本科批B段,3725,山东工商学院,,首选物理，再选不限,493,104651,,,0,山东,公办,0,0
四川,2025,物理类,本科批B段,3725,山东工商学院,（103）,首选物理，再选化学,515,89512,,,0,山东,公办,0,0
四川,2025,物理类,本科批B段,3726,山东航空学院,（101）,首选物理，再选不限,514,108557,,,0,山东,公办,0,0
四川,2025,物理类,本科批B段,3726,山东航空学院,,首选物理，再选化学,527,78802,,,0,山东,公办,0,0
四川,2025,物理类,本科批B段,373,北方民族大学,（101）,首选物理，再选不限,493,116541,,,0,宁夏,公办,0,0
四川,2025,物理类,本科批B段,373,北方民族大学,,首选物理，再选化学,507,61371,,,0,宁夏,公办,0,0
四川,2025,物理类,本科批B段,373,北方民族大学,（104）,首选物理，再选思想政治,510,113767,,,0,宁夏,公办,0,0
四川,2025,物理类,本科批B段,3730,青岛大学,（101）,首选物理，再选不限,551,40707,,,0,山东,公办,0,0
四川,2025,物理类,本科批B段,3730,青岛大学,,首选物理，再选化学,556,27315,,,0,山东,公办,0,0
四川,2025,物理类,本科批B段,3730,青岛大学,（104）,首选物理，再选生物,546,69786,,,0,山东,公办,0,0
四川,2025,物理类,本科批B段,3731,枣庄学院,（101）,首选物理，再选化学,499,128670,,,10,山东,公办,0,0
四川,2025,物理类,本科批B段,3739,山东理工大学,（101）,首选物理，再选不限,529,89512,,,0,山东,公办,0,0
四川,2025,物理类,本科批B段,3739,山东理工大学,（102）,首选物理，再选化学,520,57388,,,0,山东,公办,0,0
四川,2025,物理类,本科批B段,3740,山东农业大学,,首选物理，再选化学,514,67613,,,0,山东,公办,0,0
四川,2025,物理类,本科批B段,3744,山东农业工程学院,（101）,首选物理，再选不限,496,105920,,,22,山东,公办,0,0
四川,2025,物理类,本科批B段,3749,齐鲁医药学院,,首选物理，再选不限,471,151883,,,0,山东,民办,0,0
四川,2025,物理类,本科批B段,3749,齐鲁医药学院,,首选物理，再选化学,483,82339,,,0,山东,民办,0,0
四川,2025,物理类,本科批B段,3750,山东女子学院,,首选物理，再选不限,490,127322,,,6,山东,公办,0,0
四川,2025,物理类,本科批B段,3750,山东女子学院,,首选物理，再选化学,495,104651,,,8,山东,公办,0,0
四川,2025,物理类,本科批B段,3798,山东石油化工学院,,首选物理，再选化学,524,73079,,,25,山东,公办,0,0
四川,2025,物理类,本科批B段,381,防灾科技学院,,首选物理，再选不限,492,95738,,,0,河北,公办,0,0
四川,2025,物理类,本科批B段,381,防灾科技学院,,首选物理，再选化学,505,82339,,,0,河北,公办,0,0
四川,2025,物理类,本科批B段,381,防灾科技学院,（107）,首选物理，再选地理,520,100805,,,0,河北,公办,0,0
四川,2025,物理类,本科批B段,3810,皖西学院,（101）,首选物理，再选化学,505,117870,,,0,安徽,公办,0,0
四川,2025,物理类,本科批B段,3812,山东第一医科大学,（101）,首选物理，再选不限,520,100805,,,3,山东,公办,0,0
四川,2025,物理类,本科批B段,3812,山东第一医科大学,,首选物理，再选化学,516,30818,,,30,山东,公办,0,0
四川,2025,物理类,本科批B段,3851,浙江中医药大学,,首选物理，再选化学,540,23461,,,28,浙江,公办,0,0
四川,2025,物理类,本科批B段,3871,宿迁学院,（101）,首选物理，再选不限,500,127322,,,0,江苏,公办,0,0
四川,2025,物理类,本科批B段,3871,宿迁学院,（102）,首选物理，再选化学,513,103351,,,0,江苏,公办,0,0
四川,2025,物理类,本科批B段,3894,苏州城市学院,（101）,首选物理，再选不限,520,100805,,,4,江苏,公办,0,0
四川,2025,物理类,本科批B段,3894,苏州城市学院,（102）,首选物理，再选化学,527,79949,,,49,江苏,公办,0,0
四川,2025,物理类,本科批B段,3895,苏州大学应用技术学院,（101）,首选物理，再选不限,438,186338,,,35,江苏,民办,0,0
四川,2025,物理类,本科批B段,3895,苏州大学应用技术学院,（102）,首选物理，再选化学,468,154721,,,45,江苏,民办,0,0
四川,2025,物理类,本科批B段,3908,安徽艺术学院,（101）,首选物理，再选不限,491,139538,,,2,安徽,公办,0,0
四川,2025,物理类,本科批B段,391,中华女子学院,（101）,首选物理，再选不限,524,69786,,,14,北京,公办,0,0
四川,2025,物理类,本科批B段,391,中华女子学院,（102）,首选物理，再选化学,534,77689,,,7,北京,公办,0,0
四川,2025,物理类,本科批B段,3915,南京师范大学泰州学院,（101）,首选物理，再选化学,443,185117,,,0,江苏,民办,0,0
四川,2025,物理类,本科批B段,3916,南京财经大学红山学院,（101）,首选物理，再选不限,455,169623,,,0,江苏,民办,0,0
四川,2025,物理类,本科批B段,3922,扬州大学,（101）,首选物理，再选化学,560,30818,,,25,江苏,公办,0,0
四川,2025,物理类,本科批B段,397,中国劳动关系学院,（101）,首选物理，再选不限,547,56423,,,0,北京,公办,0,0
四川,2025,物理类,本科批B段,397,中国劳动关系学院,（102）,首选物理，再选化学,542,71973,,,0,北京,公办,0,0
四川,2025,物理类,本科批B段,3987,铜陵学院,（101）,首选物理，再选化学,516,105920,,,5,安徽,公办,0,0
四川,2025,物理类,本科批B段,4102,河南理工大学,（101）,首选物理，再选不限,522,98269,,,7,河南,公办,0,0
四川,2025,物理类,本科批B段,4102,河南理工大学,,首选物理，再选化学,526,49593,,,96,河南,公办,0,0
四川,2025,物理类,本科批B段,4103,华北水利水电大学,（101）,首选物理，再选不限,530,88297,,,6,河南,公办,0,0
四川,2025,物理类,本科批B段,4103,华北水利水电大学,,首选物理，再选化学,491,50491,,,74,河南,公办,0,0
四川,2025,物理类,本科批B段,4107,中原工学院,（102）,首选物理，再选化学,515,100805,,,0,河南,公办,0,0
四川,2025,物理类,本科批B段,4110,河南工程学院,（101）,首选物理，再选不限,497,124544,,,0,河南,公办,0,0
四川,2025,物理类,本科批B段,4110,河南工程学院,（102）,首选物理，再选化学,504,104651,,,0,河南,公办,0,0
四川,2025,物理类,本科批B段,4113,河南大学,,首选物理，再选不限,545,53398,,,0,河南,公办,0,0
四川,2025,物理类,本科批B段,4113,河南大学,,首选物理，再选化学,571,28720,,,0,河南,公办,0,0
四川,2025,物理类,本科批B段,4115,河南师范大学,（101）,首选物理，再选不限,522,98269,,,0,河南,公办,0,0
四川,2025,物理类,本科批B段,4115,河南师范大学,,首选物理，再选化学,472,81156,,,0,河南,公办,0,0
四川,2025,物理类,本科批B段,4121,河南财经政法大学,（101）,首选物理，再选不限,512,32274,,,14,河南,公办,0,0
四川,2025,物理类,本科批B段,4121,河南财经政法大学,（102）,首选物理，再选化学,549,64577,,,6,河南,公办,0,0
四川,2025,物理类,本科批B段,4129,郑州工程技术学院,（101）,首选物理，再选不限,493,136811,,,0,河南,公办,0,0
四川,2025,物理类,本科批B段,4129,郑州工程技术学院,,首选物理，再选化学,498,124544,,,0,河南,公办,0,0
四川,2025,物理类,本科批B段,4135,信阳农林学院,（101）,首选物理，再选化学,493,135473,,,15,河南,公办,0,0
四川,2025,物理类,本科批B段,4138,河南工学院,（101）,首选物理，再选不限,495,134050,,,0,河南,公办,0,0
四川,2025,物理类,本科批B段,4138,河南工学院,（102）,首选物理，再选化学,514,99505,,,0,河南,公办,0,0
四川,2025,物理类,本科批B段,4139,安阳工学院,,首选物理，再选化学,489,103351,,,0,河南,公办,0,0
四川,2025,物理类,本科批B段,4151,平顶山学院,（101）,首选物理，再选不限,496,132669,,,0,河南,公办,0,0
四川,2025,物理类,本科批B段,4151,平顶山学院,（102）,首选物理，再选化学,498,130019,,,0,河南,公办,0,0
四川,2025,物理类,本科批B段,4182,豫北医学院,（101）,首选物理，再选化学,499,121845,,,0,河南,民办,0,0
四川,2025,物理类,本科批B段,4182,豫北医学院,（102）,首选物理，再选化学、生物(2科必选),531,87075,,,0,河南,民办,0,0
四川,2025,物理类,本科批B段,4183,郑州经贸学院,（101）,首选物理，再选化学,473,156077,,,0,河南,民办,0,0
四川,2025,物理类,本科批B段,4192,河南科技学院,（101）,首选物理，再选不限,493,131341,,,0,河南,公办,0,0
四川,2025,物理类,本科批B段,4192,河南科技学院,（102）,首选物理，再选化学,497,113767,,,0,河南,公办,0,0
四川,2025,物理类,本科批B段,42,山东大学,,首选物理，再选化学,604,4745,,,97,山东,公办,1,1
四川,2025,物理类,本科批B段,42,山东大学,（105）,首选物理，再选化学、生物(2科必选),634,1972,,,9,山东,公办,1,1
四川,2025,物理类,本科批B段,4203,湖北大学,,首选物理，再选不限,567,38996,,,0,湖北,公办,0,0
四川,2025,物理类,本科批B段,4203,湖北大学,,首选物理，再选化学,570,31541,,,0,湖北,公办,0,0
四川,2025,物理类,本科批B段,4203,湖北大学,（105）,首选物理，再选地理,576,40707,,,0,湖北,公办,0,0
四川,2025,物理类,本科批B段,4205,武汉轻工大学,（101）,首选物理，再选不限,492,138221,,,0,湖北,公办,0,0
四川,2025,物理类,本科批B段,4205,武汉轻工大学,,首选物理，再选化学,505,58346,,,0,湖北,公办,0,0
四川,2025,物理类,本科批B段,4209,湖北师范大学,（101）,首选物理，再选不限,517,103351,,,0,湖北,公办,0,0
四川,2025,物理类,本科批B段,4209,湖北师范大学,（102）,首选物理，再选化学,526,78802,,,0,湖北,公办,0,0
四川,2025,物理类,本科批B段,4209,湖北师范大学,（103）,首选物理，再选地理,526,93220,,,0,湖北,公办,0,0
四川,2025,物理类,本科批B段,4213,湖北民族大学,（105）,首选物理，再选不限,502,124544,,,0,湖北,公办,0,0
四川,2025,物理类,本科批B段,4213,湖北民族大学,,首选物理，再选化学,502,84680,,,0,湖北,公办,0,0
四川,2025,物理类,本科批B段,4213,湖北民族大学,（104）,首选物理，再选地理,514,108557,,,0,湖北,公办,0,0
四川,2025,物理类,本科批B段,4214,汉江师范学院,（101）,首选物理，再选不限,501,119161,,,6,湖北,公办,0,0
四川,2025,物理类,本科批B段,4214,汉江师范学院,（102）,首选物理，再选化学,502,117870,,,20,湖北,公办,0,0
四川,2025,物理类,本科批B段,4215,湖北文理学院,（101）,首选物理，再选化学,515,97005,,,0,湖北,公办,0,0
四川,2025,物理类,本科批B段,4217,湖北汽车工业学院,,首选物理，再选不限,505,87075,,,0,湖北,公办,0,0
四川,2025,物理类,本科批B段,4217,湖北汽车工业学院,,首选物理，再选化学,517,67613,,,0,湖北,公办,0,0
四川,2025,物理类,本科批B段,4220,湖北第二师范学院,,首选物理，再选不限,502,100805,,,0,湖北,公办,0,0
四川,2025,物理类,本科批B段,4220,湖北第二师范学院,（103）,首选物理，再选化学,512,102062,,,0,湖北,公办,0,0
四川,2025,物理类,本科批B段,4223,湖北理工学院,（101）,首选物理，再选不限,517,104651,,,0,湖北,公办,0,0
四川,2025,物理类,本科批B段,4223,湖北理工学院,（102）,首选物理，再选化学,527,83509,,,0,湖北,公办,0,0
四川,2025,物理类,本科批B段,4225,湖北医药学院,（101）,首选物理，再选化学,527,63535,,,0,湖北,公办,0,0
四川,2025,物理类,本科批B段,4237,武汉商学院,（101）,首选物理，再选不限,501,125937,,,0,湖北,公办,0,0
四川,2025,物理类,本科批B段,4237,武汉商学院,（102）,首选物理，再选化学,518,100805,,,0,湖北,公办,0,0
四川,2025,物理类,本科批B段,4239,武汉科技大学,（101）,首选物理，再选不限,562,44146,,,0,湖北,公办,0,0
四川,2025,物理类,本科批B段,4239,武汉科技大学,（102）,首选物理，再选化学,567,24744,,,0,湖北,公办,0,0
四川,2025,物理类,本科批B段,4289,武汉工程大学邮电与信息工程学院,（101）,首选物理，再选不限,457,185117,,,0,湖北,民办,0,0
四川,2025,物理类,本科批B段,4289,武汉工程大学邮电与信息工程学院,（102）,首选物理，再选化学,471,144941,,,0,湖北,民办,0,0
四川,2025,物理类,本科批B段,4299,武汉工商学院,（101）,首选物理，再选不限,473,151883,,,0,湖北,民办,0,0
四川,2025,物理类,本科批B段,4299,武汉工商学院,,首选物理，再选化学,457,161520,,,0,湖北,民办,0,0
四川,2025,物理类,本科批B段,43,中国海洋大学,,首选物理，再选不限,603,13814,,,0,山东,公办,1,1
四川,2025,物理类,本科批B段,43,中国海洋大学,,首选物理，再选化学,602,6688,,,0,山东,公办,1,1
四川,2025,物理类,本科批B段,4301,湘潭大学,（101）,首选物理，再选不限,574,29415,,,14,湖南,公办,0,0
四川,2025,物理类,本科批B段,4301,湘潭大学,（102）,首选物理，再选化学,581,18804,,,54,湖南,公办,0,0
四川,2025,物理类,本科批B段,4306,长沙理工大学,（101）,首选物理，再选不限,553,41558,,,0,湖南,公办,0,0
四川,2025,物理类,本科批B段,4306,长沙理工大学,（102）,首选物理，再选化学,581,17774,,,0,湖南,公办,0,0
四川,2025,物理类,本科批B段,4308,中南林业科技大学,,首选物理，再选不限,492,78802,,,18,湖南,公办,0,0
四川,2025,物理类,本科批B段,4308,中南林业科技大学,,首选物理，再选化学,533,46766,,,79,湖南,公办,0,0
四川,2025,物理类,本科批B段,4314,湘南学院,（101）,首选物理，再选不限,519,95738,,,2,湖南,公办,0,0
四川,2025,物理类,本科批B段,4314,湘南学院,,首选物理，再选化学,504,95738,,,13,湖南,公办,0,0
四川,2025,物理类,本科批B段,4317,怀化学院,（101）,首选物理，再选化学,514,99505,,,0,湖南,公办,0,0
四川,2025,物理类,本科批B段,4319,湖南科技学院,（101）,首选物理，再选不限,499,125937,,,0,湖南,公办,0,0
四川,2025,物理类,本科批B段,4332,长沙学院,（101）,首选物理，再选不限,509,115134,,,2,湖南,公办,0,0
四川,2025,物理类,本科批B段,4335,湖南工业大学,,首选物理，再选不限,485,74215,,,0,湖南,公办,0,0
四川,2025,物理类,本科批B段,4335,湖南工业大学,,首选物理，再选化学,538,51460,,,0,湖南,公办,0,0
四川,2025,物理类,本科批B段,4339,南华大学,,首选物理，再选不限,524,61371,,,0,湖南,公办,0,0
四川,2025,物理类,本科批B段,4339,南华大学,（103）,首选物理，再选化学,559,29415,,,0,湖南,公办,0,0
四川,2025,物理类,本科批B段,4398,湖南汽车工程职业大学,（101）,首选物理，再选不限,502,124544,,,0,湖南,公办,0,0
四川,2025,物理类,本科批B段,44,中国石油大学（华东）,（101）,首选物理，再选不限,600,22235,,,0,山东,公办,0,1
四川,2025,物理类,本科批B段,44,中国石油大学（华东）,（102）,首选物理，再选化学,605,10101,,,0,山东,公办,0,1
四川,2025,物理类,本科批B段,4404,华南农业大学,（101）,首选物理，再选化学,560,29415,,,70,广东,公办,0,0
四川,2025,物理类,本科批B段,4404,华南农业大学,（102）,首选物理，再选生物,566,49593,,,2,广东,公办,0,0
四川,2025,物理类,本科批B段,4409,广东药科大学,,首选物理，再选化学,542,45003,,,0,广东,公办,0,0
四川,2025,物理类,本科批B段,4424,深圳大学,,首选物理，再选不限,592,8584,,,13,广东,公办,0,0
四川,2025,物理类,本科批B段,4424,深圳大学,（103）,首选物理，再选化学,618,4980,,,49,广东,公办,0,0
四川,2025,物理类,本科批B段,4433,肇庆医学院,（101）,首选物理，再选化学,516,94428,,,4,广东,公办,0,0
四川,2025,物理类,本科批B段,4434,韩山师范学院,,首选物理，再选不限,497,115134,,,0,广东,公办,0,0
四川,2025,物理类,本科批B段,4434,韩山师范学院,（103）,首选物理，再选化学,500,127322,,,0,广东,公办,0,0
四川,2025,物理类,本科批B段,4435,广东石油化工学院,,首选物理，再选化学,518,73079,,,28,广东,公办,0,0
四川,2025,物理类,本科批B段,4435,广东石油化工学院,（105）,首选物理，再选地理,520,100805,,,2,广东,公办,0,0
四川,2025,物理类,本科批B段,4436,佛山大学,,首选物理，再选不限,511,102062,,,14,广东,公办,0,0
四川,2025,物理类,本科批B段,4436,佛山大学,,首选物理，再选化学,521,91961,,,17,广东,公办,0,0
四川,2025,物理类,本科批B段,4438,广东工业大学,（101）,首选物理，再选不限,592,27996,,,4,广东,公办,0,0
四川,2025,物理类,本科批B段,4438,广东工业大学,（102）,首选物理，再选化学,600,17239,,,44,广东,公办,0,0
四川,2025,物理类,本科批B段,4439,南方医科大学,（101）,首选物理，再选化学,596,3212,,,0,广东,公办,0,0
四川,2025,物理类,本科批B段,4444,五邑大学,（101）,首选物理，再选不限,558,57388,,,1,广东,公办,0,0
四川,2025,物理类,本科批B段,4444,五邑大学,,首选物理，再选化学,522,82339,,,22,广东,公办,0,0
四川,2025,物理类,本科批B段,4473,广东东软学院,（101）,首选物理，再选不限,441,185117,,,0,广东,民办,0,0
四川,2025,物理类,本科批B段,4473,广东东软学院,（102）,首选物理，再选化学,424,195955,,,0,广东,民办,0,0
四川,2025,物理类,本科批B段,4489,广州软件学院,,首选物理，再选化学,429,198330,,,0,广东,民办,0,0
四川,2025,物理类,本科批B段,4501,广西大学,（101）,首选物理，再选不限,577,36672,,,0,广西,公办,0,1
四川,2025,物理类,本科批B段,4501,广西大学,（102）,首选物理，再选化学,585,15739,,,0,广西,公办,0,1
四川,2025,物理类,本科批B段,4501,广西大学,（103）,首选物理，再选化学、生物(2科必选),591,27996,,,0,广西,公办,0,1
四川,2025,物理类,本科批B段,4502,广西科技大学,,首选物理，再选不限,509,95738,,,12,广西,公办,0,0
四川,2025,物理类,本科批B段,4502,广西科技大学,,首选物理，再选化学,504,62454,,,32,广西,公办,0,0
四川,2025,物理类,本科批B段,4502,广西科技大学,（108）,首选物理，再选化学、生物(2科必选),524,95738,,,4,广西,公办,0,0
四川,2025,物理类,本科批B段,4503,桂林电子科技大学,（101）,首选物理，再选不限,551,56423,,,0,广西,公办,0,0
四川,2025,物理类,本科批B段,4503,桂林电子科技大学,,首选物理，再选化学,546,25369,,,0,广西,公办,0,0
四川,2025,物理类,本科批B段,4504,桂林理工大学,（101）,首选物理，再选不限,508,108557,,,0,广西,公办,0,0
四川,2025,物理类,本科批B段,4504,桂林理工大学,,首选物理，再选化学,511,64577,,,0,广西,公办,0,0
四川,2025,物理类,本科批B段,4504,桂林理工大学,（104）,首选物理，再选地理,535,82339,,,0,广西,公办,0,0
四川,2025,物理类,本科批B段,4506,广西医科大学,,首选物理，再选化学,524,9704,,,0,广西,公办,0,0
四川,2025,物理类,本科批B段,4507,右江民族医学院,,首选物理，再选不限,493,132669,,,3,广西,公办,0,0
四川,2025,物理类,本科批B段,4507,右江民族医学院,,首选物理，再选化学,515,43244,,,19,广西,公办,0,0
四川,2025,物理类,本科批B段,4507,右江民族医学院,（108）,首选物理，再选生物,514,108557,,,1,广西,公办,0,0
四川,2025,物理类,本科批B段,4509,桂林医科大学,,首选物理，再选化学,528,41558,,,0,广西,公办,0,0
四川,2025,物理类,本科批B段,4510,广西师范大学,,首选物理，再选不限,474,93220,,,0,广西,公办,0,0
四川,2025,物理类,本科批B段,4510,广西师范大学,（103）,首选物理，再选化学,525,76490,,,0,广西,公办,0,0
四川,2025,物理类,本科批B段,4510,广西师范大学,（105）,首选物理，再选地理,528,84680,,,0,广西,公办,0,0
四川,2025,物理类,本科批B段,4510,广西师范大学,（104）,首选物理，再选思想政治,519,102062,,,0,广西,公办,0,0
四川,2025,物理类,本科批B段,4514,玉林师范学院,（101）,首选物理，再选化学,498,128670,,,0,广西,公办,0,0
四川,2025,物理类,本科批B段,4520,桂林航天工业学院,（101）,首选物理，再选不限,491,116541,,,0,广西,公办,0,0
四川,2025,物理类,本科批B段,4520,桂林航天工业学院,,首选物理，再选化学,514,69786,,,0,广西,公办,0,0
四川,2025,物理类,本科批B段,4523,百色学院,,首选物理，再选不限,491,138221,,,6,广西,公办,0,0
四川,2025,物理类,本科批B段,4523,百色学院,（103）,首选物理，再选化学,498,120489,,,22,广西,公办,0,0
四川,2025,物理类,本科批B段,4523,百色学院,（104）,首选物理，再选地理,492,138221,,,2,广西,公办,0,0
四川,2025,物理类,本科批B段,4528,北部湾大学,（101）,首选物理，再选不限,510,113767,,,0,广西,公办,0,0
四川,2025,物理类,本科批B段,4528,北部湾大学,,首选物理，再选化学,502,94428,,,0,广西,公办,0,0
四川,2025,物理类,本科批B段,4546,贺州学院,（101）,首选物理，再选不限,498,130019,,,3,广西,公办,0,0
四川,2025,物理类,本科批B段,4546,贺州学院,（102）,首选物理，再选化学,501,124544,,,6,广西,公办,0,0
四川,2025,物理类,本科批B段,4590,广西中医药大学赛恩斯新医药学院,（101）,首选物理，再选不限,503,113767,,,0,广西,民办,0,0
四川,2025,物理类,本科批B段,4590,广西中医药大学赛恩斯新医药学院,（102）,首选物理，再选化学,482,134050,,,0,广西,民办,0,0
四川,2025,物理类,本科批B段,4590,广西中医药大学赛恩斯新医药学院,（103）,首选物理，再选生物,480,154721,,,0,广西,民办,0,0
四川,2025,物理类,本科批B段,46,中国地质大学（武汉）,,首选物理，再选化学,581,11305,,,0,湖北,公办,0,1
四川,2025,物理类,本科批B段,4605,海南大学,,首选物理，再选不限,566,31541,,,21,海南,公办,0,1
四川,2025,物理类,本科批B段,4605,海南大学,,首选物理，再选化学,581,18260,,,366,海南,公办,0,1
四川,2025,物理类,本科批B段,4605,海南大学,（107）,首选物理，再选化学、生物(2科必选),578,38996,,,5,海南,公办,0,1
四川,2025,物理类,本科批B段,4611,海南热带海洋学院,,首选物理，再选不限,482,128670,,,0,海南,公办,0,0
四川,2025,物理类,本科批B段,4611,海南热带海洋学院,（103）,首选物理，再选化学,496,115134,,,0,海南,公办,0,0
四川,2025,物理类,本科批B段,4615,海南师范大学,,首选物理，再选不限,438,87075,,,48,海南,公办,0,0
四川,2025,物理类,本科批B段,4615,海南师范大学,,首选物理，再选化学,440,70843,,,99,海南,公办,0,0
四川,2025,物理类,本科批B段,4615,海南师范大学,（105）,首选物理，再选化学、生物(2科必选),474,132669,,,16,海南,公办,0,0
四川,2025,物理类,本科批B段,4615,海南师范大学,（106）,首选物理，再选地理,533,83509,,,6,海南,公办,0,0
四川,2025,物理类,本科批B段,4617,海南医科大学,（101）,首选物理，再选不限,554,60374,,,0,海南,公办,0,0
四川,2025,物理类,本科批B段,4617,海南医科大学,,首选物理，再选化学,499,28720,,,0,海南,公办,0,0
四川,2025,物理类,本科批B段,4618,琼台师范学院,,首选物理，再选不限,458,120489,,,0,海南,公办,0,0
四川,2025,物理类,本科批B段,4618,琼台师范学院,（106）,首选物理，再选化学,500,120489,,,0,海南,公办,0,0
四川,2025,物理类,本科批B段,4790,深圳技术大学,,首选物理，再选化学,607,11716,,,15,广东,公办,0,0
四川,2025,物理类,本科批B段,48,华中师范大学,（101）,首选物理，再选不限,594,20484,,,0,湖北,公办,0,1
四川,2025,物理类,本科批B段,48,华中师范大学,,首选物理，再选化学,611,11304,,,0,湖北,公办,0,1
四川,2025,物理类,本科批B段,48,华中师范大学,（104）,首选物理，再选地理,611,17239,,,0,湖北,公办,0,1
四川,2025,物理类,本科批B段,4877,武汉华夏理工学院,（101）,首选物理，再选不限,443,195955,,,0,湖北,民办,0,0
四川,2025,物理类,本科批B段,4877,武汉华夏理工学院,（102）,首选物理，再选化学,457,165602,,,0,湖北,民办,0,0
四川,2025,物理类,本科批B段,4903,商丘工学院,（101）,首选物理，再选化学,473,162900,,,10,河南,民办,0,0
四川,2025,物理类,本科批B段,4906,肇庆学院,,首选物理，再选化学,495,97005,,,17,广东,公办,0,0
四川,2025,物理类,本科批B段,5,北京科技大学,（101）,首选物理，再选不限,623,11716,,,7,北京,公办,0,1
四川,2025,物理类,本科批B段,5,北京科技大学,,首选物理，再选化学,623,5531,,,104,北京,公办,0,1
四川,2025,物理类,本科批B段,5008,重庆医科大学,,首选物理，再选化学,519,2522,,,0,重庆,公办,0,0
四川,2025,物理类,本科批B段,5010,重庆师范大学,,首选物理，再选不限,522,45003,,,0,重庆,公办,0,0
四川,2025,物理类,本科批B段,5010,重庆师范大学,,首选物理，再选化学,535,68733,,,0,重庆,公办,0,0
四川,2025,物理类,本科批B段,5010,重庆师范大学,（105）,首选物理，再选化学、生物(2科必选),543,73079,,,0,重庆,公办,0,0
四川,2025,物理类,本科批B段,5010,重庆师范大学,（107）,首选物理，再选地理,550,65638,,,0,重庆,公办,0,0
四川,2025,物理类,本科批B段,5010,重庆师范大学,（106）,首选物理，再选思想政治,563,52443,,,0,重庆,公办,0,0
四川,2025,物理类,本科批B段,5015,四川外国语大学,,首选物理，再选不限,510,62455,,,0,重庆,公办,0,0
四川,2025,物理类,本科批B段,5015,四川外国语大学,（106）,首选物理，再选思想政治,534,82340,,,0,重庆,公办,0,0
四川,2025,物理类,本科批B段,5022,重庆科技大学,,首选物理，再选不限,512,81156,,,57,重庆,公办,0,0
四川,2025,物理类,本科批B段,5022,重庆科技大学,,首选物理，再选化学,537,51460,,,292,重庆,公办,0,0
四川,2025,物理类,本科批B段,5025,重庆理工大学,（101）,首选物理，再选不限,537,60374,,,108,重庆,公办,0,0
四川,2025,物理类,本科批B段,5025,重庆理工大学,,首选物理，再选化学,552,26637,,,289,重庆,公办,0,0
四川,2025,物理类,本科批B段,5026,重庆工商大学,,首选物理，再选不限,500,38997,,,0,重庆,公办,0,0
四川,2025,物理类,本科批B段,5026,重庆工商大学,（103）,首选物理，再选化学,544,54388,,,0,重庆,公办,0,0
四川,2025,物理类,本科批B段,5026,重庆工商大学,（104）,首选物理，再选生物,520,99506,,,0,重庆,公办,0,0
四川,2025,物理类,本科批B段,5027,重庆第二师范学院,,首选物理，再选不限,452,89512,,,0,重庆,公办,0,0
四川,2025,物理类,本科批B段,5027,重庆第二师范学院,,首选物理，再选化学,480,87075,,,0,重庆,公办,0,0
四川,2025,物理类,本科批B段,5027,重庆第二师范学院,（106）,首选物理，再选思想政治,523,97005,,,0,重庆,公办,0,0
四川,2025,物理类,本科批B段,5064,重庆工程学院,,首选物理，再选不限,474,154721,,,0,重庆,民办,0,0
四川,2025,物理类,本科批B段,5064,重庆工程学院,,首选物理，再选化学,475,146356,,,0,重庆,民办,0,0
四川,2025,物理类,本科批B段,5085,重庆人文科技学院,,首选物理，再选不限,480,140851,,,0,重庆,民办,0,0
四川,2025,物理类,本科批B段,5085,重庆人文科技学院,,首选物理，再选化学,488,132669,,,0,重庆,民办,0,0
四川,2025,物理类,本科批B段,5092,重庆移通学院,（101）,首选物理，再选不限,472,157445,,,0,重庆,民办,0,0
四川,2025,物理类,本科批B段,5092,重庆移通学院,,首选物理，再选化学,465,139538,,,0,重庆,民办,0,0
四川,2025,物理类,本科批B段,5093,重庆财经学院,,首选物理，再选不限,453,128670,,,0,重庆,民办,0,0
四川,2025,物理类,本科批B段,5093,重庆财经学院,（103）,首选物理，再选化学,486,138221,,,0,重庆,民办,0,0
四川,2025,物理类,本科批B段,5101,西南石油大学,,首选物理，再选不限,544,35194,,,0,四川,公办,0,0
四川,2025,物理类,本科批B段,5101,西南石油大学,,首选物理，再选化学,563,20484,,,0,四川,公办,0,0
四川,2025,物理类,本科批B段,5101,西南石油大学,（106）,首选物理，再选地理,581,36672,,,0,四川,公办,0,0
四川,2025,物理类,本科批B段,5116,西南医科大学,,首选物理，再选不限,469,45003,,,0,四川,公办,0,0
四川,2025,物理类,本科批B段,5116,西南医科大学,,首选物理，再选化学,477,11304,,,0,四川,公办,0,0
四川,2025,物理类,本科批B段,5117,成都中医药大学,,首选物理，再选不限,498,4527,,,0,四川,公办,0,0
四川,2025,物理类,本科批B段,5117,成都中医药大学,,首选物理，再选化学,504,15239,,,0,四川,公办,0,0
四川,2025,物理类,本科批B段,5118,川北医学院,（101）,首选物理，再选不限,511,108557,,,0,四川,公办,0,0
四川,2025,物理类,本科批B段,5118,川北医学院,,首选物理，再选化学,518,27315,,,0,四川,公办,0,0
四川,2025,物理类,本科批B段,5118,川北医学院,,首选物理，再选生物,513,71973,,,0,四川,公办,0,0
四川,2025,物理类,本科批B段,5120,四川师范大学,,首选物理，再选不限,475,27315,,,0,四川,公办,0,0
四川,2025,物理类,本科批B段,5120,四川师范大学,,首选物理，再选化学,466,47711,,,0,四川,公办,0,0
四川,2025,物理类,本科批B段,5120,四川师范大学,（113）,首选物理，再选化学、生物(2科必选),528,81156,,,0,四川,公办,0,0
四川,2025,物理类,本科批B段,5120,四川师范大学,（114）,首选物理，再选地理,539,66644,,,0,四川,公办,0,0
四川,2025,物理类,本科批B段,5123,绵阳师范学院,,首选物理，再选不限,492,100805,,,0,四川,公办,0,0
四川,2025,物理类,本科批B段,5123,绵阳师范学院,（105）,首选物理，再选化学,506,99505,,,0,四川,公办,0,0
四川,2025,物理类,本科批B段,5123,绵阳师范学院,（107）,首选物理，再选地理,513,109853,,,0,四川,公办,0,0
四川,2025,物理类,本科批B段,5123,绵阳师范学院,（106）,首选物理，再选生物,499,128670,,,0,四川,公办,0,0
四川,2025,物理类,本科批B段,5124,内江师范学院,,首选物理，再选不限,497,108557,,,601,四川,公办,0,0
四川,2025,物理类,本科批B段,5124,内江师范学院,,首选物理，再选化学,489,97005,,,993,四川,公办,0,0
四川,2025,物理类,本科批B段,5124,内江师范学院,（503）,首选物理，再选化学、生物(2科必选),507,115134,,,146,四川,公办,0,0
四川,2025,物理类,本科批B段,5124,内江师范学院,（504）,首选物理，再选地理,519,99505,,,26,四川,公办,0,0
四川,2025,物理类,本科批B段,5124,内江师范学院,（505）,首选物理，再选思想政治,523,97005,,,10,四川,公办,0,0
四川,2025,物理类,本科批B段,5125,宜宾学院,,首选物理，再选不限,494,103351,,,818,四川,公办,0,0
四川,2025,物理类,本科批B段,5125,宜宾学院,,首选物理，再选化学,500,84680,,,2882,四川,公办,0,0
四川,2025,物理类,本科批B段,5125,宜宾学院,（113）,首选物理，再选化学、生物(2科必选),506,119161,,,116,四川,公办,0,0
四川,2025,物理类,本科批B段,5126,成都师范学院,,首选物理，再选不限,507,66644,,,0,四川,公办,0,0
四川,2025,物理类,本科批B段,5126,成都师范学院,,首选物理，再选化学,512,79949,,,0,四川,公办,0,0
四川,2025,物理类,本科批B段,5126,成都师范学院,（108）,首选物理，再选地理,522,98269,,,0,四川,公办,0,0
四川,2025,物理类,本科批B段,5128,四川文理学院,,首选物理，再选不限,494,113767,,,0,四川,公办,0,0
四川,2025,物理类,本科批B段,5128,四川文理学院,,首选物理，再选化学,496,104651,,,0,四川,公办,0,0
四川,2025,物理类,本科批B段,5128,四川文理学院,（107）,首选物理，再选生物,509,115134,,,0,四川,公办,0,0
四川,2025,物理类,本科批B段,5136,四川音乐学院,,首选物理，再选不限,488,134050,,,0,四川,公办,0,0
四川,2025,物理类,本科批B段,5139,攀枝花学院,（202）,首选物理，再选不限,495,119161,,,450,四川,公办,0,0
四川,2025,物理类,本科批B段,5139,攀枝花学院,,首选物理，再选化学,504,71973,,,2160,四川,公办,0,0
四川,2025,物理类,本科批B段,5143,四川民族学院,,首选物理，再选不限,494,117870,,,228,四川,公办,0,0
四川,2025,物理类,本科批B段,5143,四川民族学院,,首选物理，再选化学,493,127322,,,432,四川,公办,0,0
四川,2025,物理类,本科批B段,5143,四川民族学院,（104）,首选物理，再选化学、生物(2科必选),492,138221,,,43,四川,公办,0,0
四川,2025,物理类,本科批B段,5143,四川民族学院,（105）,首选物理，再选思想政治,489,142200,,,30,四川,公办,0,0
四川,2025,物理类,本科批B段,5147,四川旅游学院,（101）,首选物理，再选不限,498,113767,,,227,四川,公办,0,0
四川,2025,物理类,本科批B段,5147,四川旅游学院,,首选物理，再选化学,442,100805,,,446,四川,公办,0,0
四川,2025,物理类,本科批B段,5149,四川警察学院,（101）,首选物理，再选不限,556,59373,,,0,四川,公办,0,0
四川,2025,物理类,本科批B段,5177,成都东软学院,（101）,首选物理，再选不限,444,180008,,,0,四川,民办,0,0
四川,2025,物理类,本科批B段,5177,成都东软学院,,首选物理，再选化学,438,147761,,,0,四川,民办,0,0
四川,2025,物理类,本科批B段,5201,贵州大学,,首选物理，再选不限,533,36672,,,0,贵州,公办,0,1
四川,2025,物理类,本科批B段,5201,贵州大学,,首选物理，再选化学,555,16212,,,0,贵州,公办,0,1
四川,2025,物理类,本科批B段,5205,遵义医科大学,,首选物理，再选化学,530,30107,,,88,贵州,公办,0,0
四川,2025,物理类,本科批B段,5205,遵义医科大学,（105）,首选物理，再选生物,525,91961,,,4,贵州,公办,0,0
四川,2025,物理类,本科批B段,5209,安顺学院,,首选物理，再选化学,505,115134,,,4,贵州,公办,0,0
四川,2025,物理类,本科批B段,5211,贵州财经大学,（101）,首选物理，再选不限,535,81156,,,0,贵州,公办,0,0
四川,2025,物理类,本科批B段,5211,贵州财经大学,（102）,首选物理，再选化学,547,68733,,,0,贵州,公办,0,0
四川,2025,物理类,本科批B段,5214,六盘水师范学院,,首选物理，再选化学,502,107235,,,13,贵州,公办,0,0
四川,2025,物理类,本科批B段,5214,六盘水师范学院,（103）,首选物理，再选地理,500,127322,,,2,贵州,公办,0,0
四川,2025,物理类,本科批B段,5220,铜仁学院,,首选物理，再选不限,502,108557,,,0,贵州,公办,0,0
四川,2025,物理类,本科批B段,5220,铜仁学院,,首选物理，再选化学,482,99505,,,0,贵州,公办,0,0
四川,2025,物理类,本科批B段,5220,铜仁学院,（107）,首选物理，再选生物,509,115134,,,0,贵州,公办,0,0
四川,2025,物理类,本科批B段,5288,茅台学院,（101）,首选物理，再选不限,488,143591,,,0,贵州,民办,0,0
四川,2025,物理类,本科批B段,5288,茅台学院,,首选物理，再选化学,507,91961,,,0,贵州,民办,0,0
四川,2025,物理类,本科批B段,5302,昆明理工大学,（101）,首选物理，再选不限,502,45869,,,0,云南,公办,0,0
四川,2025,物理类,本科批B段,5302,昆明理工大学,,首选物理，再选化学,557,27315,,,0,云南,公办,0,0
四川,2025,物理类,本科批B段,5302,昆明理工大学,（103）,首选物理，再选化学、生物(2科必选),585,30107,,,0,云南,公办,0,0
四川,2025,物理类,本科批B段,5302,昆明理工大学,（104）,首选物理，再选地理,504,121845,,,0,云南,公办,0,0
四川,2025,物理类,本科批B段,5304,云南农业大学,,首选物理，再选不限,467,84680,,,0,云南,公办,0,0
四川,2025,物理类,本科批B段,5304,云南农业大学,,首选物理，再选化学,491,58346,,,0,云南,公办,0,0
四川,2025,物理类,本科批B段,5304,云南农业大学,（106）,首选物理，再选思想政治,523,97005,,,0,云南,公办,0,0
四川,2025,物理类,本科批B段,5305,西南林业大学,,首选物理，再选不限,514,91961,,,13,云南,公办,0,0
四川,2025,物理类,本科批B段,5305,西南林业大学,,首选物理，再选化学,496,75327,,,49,云南,公办,0,0
四川,2025,物理类,本科批B段,5305,西南林业大学,（104）,首选物理，再选生物,532,85880,,,1,云南,公办,0,0
四川,2025,物理类,本科批B段,5306,昆明医科大学,,首选物理，再选化学,521,38996,,,0,云南,公办,0,0
四川,2025,物理类,本科批B段,5307,大理大学,,首选物理，再选不限,514,88298,,,10,云南,公办,0,0
四川,2025,物理类,本科批B段,5307,大理大学,,首选物理，再选化学,524,46767,,,35,云南,公办,0,0
四川,2025,物理类,本科批B段,5307,大理大学,（107）,首选物理，再选生物,517,103352,,,2,云南,公办,0,0
四川,2025,物理类,本科批B段,5308,云南中医药大学,,首选物理，再选不限,546,56423,,,8,云南,公办,0,0
四川,2025,物理类,本科批B段,5308,云南中医药大学,,首选物理，再选化学,526,58346,,,16,云南,公办,0,0
四川,2025,物理类,本科批B段,5313,保山学院,（101）,首选物理，再选化学,496,131341,,,17,云南,公办,0,0
四川,2025,物理类,本科批B段,5320,云南民族大学,（101）,首选物理，再选化学,523,97005,,,0,云南,公办,0,0
四川,2025,物理类,本科批B段,5321,玉溪师范学院,（101）,首选物理，再选化学,501,119161,,,8,云南,公办,0,0
四川,2025,物理类,本科批B段,5324,昆明学院,（101）,首选物理，再选不限,508,104651,,,6,云南,公办,0,0
四川,2025,物理类,本科批B段,5324,昆明学院,（102）,首选物理，再选化学,519,91961,,,39,云南,公办,0,0
四川,2025,物理类,本科批B段,5324,昆明学院,（103）,首选物理，再选化学、生物(2科必选),533,75327,,,6,云南,公办,0,0
四川,2025,物理类,本科批B段,5324,昆明学院,（104）,首选物理，再选思想政治,512,111117,,,2,云南,公办,0,0
四川,2025,物理类,本科批B段,5326,文山学院,（101）,首选物理，再选化学,496,132669,,,5,云南,公办,0,0
四川,2025,物理类,本科批B段,5381,滇池学院,（101）,首选物理，再选不限,437,180008,,,10,云南,民办,0,0
四川,2025,物理类,本科批B段,5381,滇池学院,（102）,首选物理，再选化学,448,166963,,,17,云南,民办,0,0
四川,2025,物理类,本科批B段,5391,昆明医科大学海源学院,（101）,首选物理，再选化学,508,100805,,,0,云南,民办,0,0
四川,2025,物理类,本科批B段,5574,重庆中医药学院,（101）,首选物理，再选不限,549,60374,,,54,重庆,公办,0,0
四川,2025,物理类,本科批B段,5574,重庆中医药学院,,首选物理，再选化学,520,66644,,,135,重庆,公办,0,0
四川,2025,物理类,本科批B段,5703,成都锦城学院,,首选物理，再选不限,480,108557,,,0,四川,民办,0,0
四川,2025,物理类,本科批B段,5703,成都锦城学院,,首选物理，再选化学,485,138221,,,0,四川,民办,0,0
四川,2025,物理类,本科批B段,5710,西南财经大学天府学院,,首选物理，再选不限,454,144941,,,0,四川,民办,0,0
四川,2025,物理类,本科批B段,5710,西南财经大学天府学院,,首选物理，再选化学,469,139538,,,0,四川,民办,0,0
四川,2025,物理类,本科批B段,58,西安交通大学,（101）,首选物理，再选不限,645,4527,,,0,陕西,公办,1,1
四川,2025,物理类,本科批B段,58,西安交通大学,,首选物理，再选化学,610,489,,,0,陕西,公办,1,1
四川,2025,物理类,本科批B段,6,北京化工大学,,首选物理，再选化学,597,9704,,,0,北京,公办,0,1
四川,2025,物理类,本科批B段,61,兰州大学,（101）,首选物理，再选不限,606,12558,,,13,甘肃,公办,1,1
四川,2025,物理类,本科批B段,61,兰州大学,,首选物理，再选化学,595,6688,,,82,甘肃,公办,1,1
四川,2025,物理类,本科批B段,6116,延安大学,（101）,首选物理，再选不限,509,113767,,,6,陕西,公办,0,0
四川,2025,物理类,本科批B段,6116,延安大学,（102）,首选物理，再选化学,518,89512,,,14,陕西,公办,0,0
四川,2025,物理类,本科批B段,6116,延安大学,（103）,首选物理，再选化学、生物(2科必选),512,111117,,,3,陕西,公办,0,0
四川,2025,物理类,本科批B段,6117,咸阳师范学院,（101）,首选物理，再选不限,486,146356,,,3,陕西,公办,0,0
四川,2025,物理类,本科批B段,6117,咸阳师范学院,（102）,首选物理，再选化学,507,116541,,,4,陕西,公办,0,0
四川,2025,物理类,本科批B段,6121,西北政法大学,（101）,首选物理，再选不限,597,19363,,,0,陕西,公办,0,0
四川,2025,物理类,本科批B段,6125,榆林学院,（101）,首选物理，再选化学,503,116541,,,0,陕西,公办,0,0
四川,2025,物理类,本科批B段,6127,安康学院,（101）,首选物理，再选不限,501,125937,,,6,陕西,公办,0,0
四川,2025,物理类,本科批B段,6127,安康学院,（102）,首选物理，再选化学,499,125937,,,12,陕西,公办,0,0
四川,2025,物理类,本科批B段,6127,安康学院,（103）,首选物理，再选生物,494,135473,,,2,陕西,公办,0,0
四川,2025,物理类,本科批B段,6133,西安航空学院,,首选物理，再选化学,518,48644,,,0,陕西,公办,0,0
四川,2025,物理类,本科批B段,6134,陕西学前师范学院,（101）,首选物理，再选不限,509,115134,,,0,陕西,公办,0,0
四川,2025,物理类,本科批B段,6134,陕西学前师范学院,（102）,首选物理，再选化学,499,125937,,,0,陕西,公办,0,0
四川,2025,物理类,本科批B段,6137,宝鸡文理学院,（101）,首选物理，再选化学,508,103351,,,18,陕西,公办,0,0
四川,2025,物理类,本科批B段,6139,陕西理工大学,（101）,首选物理，再选不限,508,99505,,,0,陕西,公办,0,0
四川,2025,物理类,本科批B段,6139,陕西理工大学,（102）,首选物理，再选化学,538,49593,,,0,陕西,公办,0,0
四川,2025,物理类,本科批B段,6156,西京学院,,首选物理，再选不限,472,150538,,,6,陕西,民办,0,0
四川,2025,物理类,本科批B段,6156,西京学院,（103）,首选物理，再选化学,461,140851,,,6,陕西,民办,0,0
四川,2025,物理类,本科批B段,6182,西安建筑科技大学华清学院,（101）,首选物理，再选化学,438,200565,,,0,陕西,民办,0,0
四川,2025,物理类,本科批B段,6186,西安文理学院,（101）,首选物理，再选化学,507,111117,,,10,陕西,公办,0,0
四川,2025,物理类,本科批B段,6188,西安明德理工学院,（101）,首选物理，再选不限,446,166963,,,0,陕西,民办,0,0
四川,2025,物理类,本科批B段,6188,西安明德理工学院,（102）,首选物理，再选化学,453,173494,,,0,陕西,民办,0,0
四川,2025,物理类,本科批B段,6206,西北师范大学,,首选物理，再选不限,500,65638,,,0,甘肃,公办,0,0
四川,2025,物理类,本科批B段,6206,西北师范大学,,首选物理，再选化学,440,49593,,,0,甘肃,公办,0,0
四川,2025,物理类,本科批B段,6206,西北师范大学,（108）,首选物理，再选地理,493,136811,,,0,甘肃,公办,0,0
四川,2025,物理类,本科批B段,6209,天水师范大学,（101）,首选物理，再选不限,497,131341,,,0,甘肃,公办,0,0
四川,2025,物理类,本科批B段,6209,天水师范大学,（102）,首选物理，再选化学,501,124544,,,0,甘肃,公办,0,0
四川,2025,物理类,本科批B段,6211,兰州财经大学,,首选物理，再选不限,509,81156,,,0,甘肃,公办,0,0
四川,2025,物理类,本科批B段,6211,兰州财经大学,（104）,首选物理，再选化学,527,74215,,,0,甘肃,公办,0,0
四川,2025,物理类,本科批B段,6211,兰州财经大学,（105）,首选物理，再选地理,506,119161,,,0,甘肃,公办,0,0
四川,2025,物理类,本科批B段,6215,甘肃政法大学,（101）,首选物理，再选不限,522,29415,,,0,甘肃,公办,0,0
四川,2025,物理类,本科批B段,6215,甘肃政法大学,（102）,首选物理，再选化学,533,73079,,,0,甘肃,公办,0,0
四川,2025,物理类,本科批B段,63,中国石油大学（北京）,（101）,首选物理，再选不限,617,14292,,,0,北京,公办,0,1
四川,2025,物理类,本科批B段,63,中国石油大学（北京）,（102）,首选物理，再选化学,613,8961,,,0,北京,公办,0,1
四川,2025,物理类,本科批B段,6301,青海大学,,首选物理，再选不限,571,31541,,,0,青海,公办,0,1
四川,2025,物理类,本科批B段,6301,青海大学,（104）,首选物理，再选化学,564,21058,,,0,青海,公办,0,1
四川,2025,物理类,本科批B段,6301,青海大学,（105）,首选物理，再选化学、生物(2科必选),551,20484,,,0,青海,公办,0,1
四川,2025,物理类,本科批B段,64,中国地质大学（北京）,（101）,首选物理，再选不限,602,21058,,,0,北京,公办,0,1
四川,2025,物理类,本科批B段,64,中国地质大学（北京）,,首选物理，再选化学,576,12979,,,0,北京,公办,0,1
四川,2025,物理类,本科批B段,6401,宁夏大学,,首选物理，再选不限,557,52443,,,0,宁夏,公办,0,1
四川,2025,物理类,本科批B段,6401,宁夏大学,,首选物理，再选化学,542,20484,,,0,宁夏,公办,0,1
四川,2025,物理类,本科批B段,6405,宁夏师范大学,（101）,首选物理，再选不限,494,135473,,,3,宁夏,公办,0,0
四川,2025,物理类,本科批B段,6405,宁夏师范大学,,首选物理，再选化学,506,112408,,,21,宁夏,公办,0,0
四川,2025,物理类,本科批B段,6405,宁夏师范大学,（104）,首选物理，再选地理,498,130019,,,3,宁夏,公办,0,0
四川,2025,物理类,本科批B段,6407,宁夏医科大学,,首选物理，再选化学,517,22824,,,0,宁夏,公办,0,0
四川,2025,物理类,本科批B段,6407,宁夏医科大学,（106）,首选物理，再选化学、生物(2科必选),513,109853,,,0,宁夏,公办,0,0
四川,2025,物理类,本科批B段,6451,宁夏理工学院,（101）,首选物理，再选不限,442,173494,,,9,宁夏,民办,0,0
四川,2025,物理类,本科批B段,6451,宁夏理工学院,（102）,首选物理，再选化学,428,182565,,,183,宁夏,民办,0,0
四川,2025,物理类,本科批B段,6501,新疆大学,（101）,首选物理，再选不限,545,42395,,,0,新疆,公办,0,1
四川,2025,物理类,本科批B段,6501,新疆大学,（102）,首选物理，再选化学,568,21662,,,0,新疆,公办,0,1
四川,2025,物理类,本科批B段,6501,新疆大学,（103）,首选物理，再选地理,577,39823,,,0,新疆,公办,0,1
四川,2025,物理类,本科批B段,6509,喀什大学,,首选物理，再选不限,472,134050,,,218,新疆,公办,0,0
四川,2025,物理类,本科批B段,6509,喀什大学,（103）,首选物理，再选化学,480,130019,,,393,新疆,公办,0,0
四川,2025,物理类,本科批B段,6509,喀什大学,（106）,首选物理，再选地理,494,135473,,,3,新疆,公办,0,0
四川,2025,物理类,本科批B段,6509,喀什大学,（105）,首选物理，再选思想政治,484,149186,,,7,新疆,公办,0,0
四川,2025,物理类,本科批B段,6509,喀什大学,（104）,首选物理，再选生物,495,134050,,,16,新疆,公办,0,0
四川,2025,物理类,本科批B段,6588,兰州资源环境职业技术大学,（101）,首选物理，再选不限,496,131341,,,0,甘肃,公办,0,0
四川,2025,物理类,本科批B段,67,中南大学,（101）,首选物理，再选化学,625,6688,,,163,湖南,公办,1,1
四川,2025,物理类,本科批B段,67,中南大学,,首选物理，再选化学、生物(2科必选),631,1500,,,18,湖南,公办,1,1
四川,2025,物理类,本科批B段,6752,西安交通工程学院,,首选物理，再选不限,438,150538,,,0,陕西,民办,0,0
四川,2025,物理类,本科批B段,6752,西安交通工程学院,（103）,首选物理，再选化学,469,160168,,,0,陕西,民办,0,0
四川,2025,物理类,本科批B段,7,北京邮电大学,,首选物理，再选化学,614,2118,,,154,北京,公办,0,1
四川,2025,物理类,本科批B段,70,武汉理工大学,（101）,首选物理，再选不限,600,23461,,,0,湖北,公办,0,1
四川,2025,物理类,本科批B段,70,武汉理工大学,,首选物理，再选化学,601,9704,,,0,湖北,公办,0,1
四川,2025,物理类,本科批B段,73,中央美术学院,,首选物理，再选不限,582,15239,,,0,北京,公办,0,0
四川,2025,物理类,本科批B段,73,中央美术学院,（103）,首选物理，再选化学,600,23461,,,0,北京,公办,0,0
四川,2025,物理类,本科批B段,75,北京外国语大学,（101）,首选物理，再选不限,620,2851,,,0,北京,公办,0,1
四川,2025,物理类,本科批B段,75,北京外国语大学,（102）,首选物理，再选化学,624,11304,,,0,北京,公办,0,1
四川,2025,物理类,本科批B段,77,北京大学医学部,（101）,首选物理，再选化学,675,109,,,0,北京,公办,1,1
四川,2025,物理类,本科批B段,78,山东大学（威海）,（101）,首选物理，再选不限,619,13420,,,11,山东,公办,1,1
四川,2025,物理类,本科批B段,78,山东大学（威海）,（102）,首选物理，再选化学,625,7923,,,32,山东,公办,1,1
四川,2025,物理类,本科批B段,78,山东大学（威海）,（103）,首选物理，再选思想政治,605,20484,,,3,山东,公办,1,1
四川,2025,物理类,本科批B段,9,北京林业大学,,首选物理，再选不限,591,17239,,,0,北京,公办,0,1
四川,2025,物理类,本科批B段,9,北京林业大学,,首选物理，再选化学,577,15739,,,0,北京,公办,0,1
四川,2025,物理类,本科批B段,9,北京林业大学,（108）,首选物理，再选地理,602,22235,,,0,北京,公办,0,1
四川,2025,物理类,本科批B段,9,北京林业大学,（107）,首选物理，再选生物,597,25369,,,0,北京,公办,0,1
四川,2025,物理类,本科批B段,94,中国石油大学（北京）克拉玛依校区,,首选物理，再选不限,574,33728,,,0,新疆,公办,0,1
四川,2025,物理类,本科批B段,94,中国石油大学（北京）克拉玛依校区,（103）,首选物理，再选化学,589,22824,,,0,新疆,公办,0,1
四川,2025,物理类,本科批（区域教育均衡发展专项）,5116,西南医科大学,,首选物理，再选化学,441,140851,,,0,四川,公办,0,0
四川,2025,物理类,本科批（区域教育均衡发展专项）,5123,绵阳师范学院,,首选物理，再选不限,443,140851,,,8,四川,公办,0,0
四川,2025,物理类,本科批（区域教育均衡发展专项）,5123,绵阳师范学院,（109）,首选物理，再选地理,471,165602,,,1,四川,公办,0,0
四川,2025,物理类,本科批（预科）,5116,西南医科大学,（101）,首选物理，再选化学,467,172209,,,0,四川,公办,0,0
四川,2025,物理类,本科批（预科）,5123,绵阳师范学院,,首选物理，再选不限,366,216410,,,0,四川,公办,0,0
四川,2025,物理类,本科批（预科）,5123,绵阳师范学院,,首选物理，再选化学,384,202781,,,0,四川,公办,0,0
四川,2025,物理类,本科批（预科）,5123,绵阳师范学院,（113）,首选物理，再选地理,426,219255,,,0,四川,公办,0,0
四川,2025,物理类,本科批（预科）,5123,绵阳师范学院,（112）,首选物理，再选生物,425,220190,,,0,四川,公办,0,0
四川,2025,物理类,本科批（高校专项）,10,北京中医药大学,（101）,首选物理，再选化学,565,26637,,,0,北京,公办,0,1
四川,2025,物理类,本科批（高校专项）,27,华东理工大学,（101）,首选物理，再选化学,578,15739,,,0,上海,公办,0,1
四川,2025,物理类,本科批（高校专项）,29,华东师范大学,（101）,首选物理，再选化学,544,6992,,,0,上海,公办,1,1
四川,2025,物理类,本科批（高校专项）,31,上海财经大学,（101）,首选物理，再选化学,620,12979,,,0,上海,公办,0,1
四川,2025,物理类,本科批（高校专项）,3225,南京师范大学,（101不限）,首选物理，再选不限,569,46766,,,0,江苏,公办,0,1
四川,2025,物理类,本科批（高校专项）,3225,南京师范大学,（101化）,首选物理，再选化学,554,48644,,,0,江苏,公办,0,1
四川,2025,物理类,本科批（高校专项）,341,南京理工大学,（101）,首选物理，再选不限,579,29415,,,0,江苏,公办,0,1
四川,2025,物理类,本科批（高校专项）,380,哈尔滨工业大学（威海）,（101）,首选物理，再选化学,641,5531,,,0,山东,公办,1,1
四川,2025,物理类,本科批（高校专项）,48,华中师范大学,（101不限）,首选物理，再选不限,582,32274,,,0,湖北,公办,0,1
四川,2025,物理类,本科批（高校专项）,48,华中师范大学,（101化）,首选物理，再选化学,583,33728,,,0,湖北,公办,0,1
四川,2025,物理类,本科批（高校专项）,48,华中师范大学,（101地）,首选物理，再选地理,586,32968,,,0,湖北,公办,0,1
四川,2025,物理类,本科批（高校专项）,6,北京化工大学,（101）,首选物理，再选化学,599,17774,,,0,北京,公办,0,1
四川,2025,物理类,本科批（高校专项）,9,北京林业大学,（101）,首选物理，再选化学,572,37428,,,0,北京,公办,0,1
四川,2025,物理类,本科提前批,327,中国刑事警察学院,（101）,首选物理，再选化学,610,12979,,,0,辽宁,公办,0,0
四川,2025,物理类,本科提前批A段,308,中国人民公安大学,,首选物理，再选化学,642,2239,,,0,北京,公办,0,0
四川,2025,物理类,本科提前批A段,308,中国人民公安大学,,首选物理，再选思想政治,552,7273,,,0,北京,公办,0,0
四川,2025,物理类,本科提前批A段,3103,上海海事大学,（101）,首选物理，再选化学,559,45869,,,0,上海,公办,0,0
四川,2025,物理类,本科提前批A段,327,中国刑事警察学院,,首选物理，再选化学,629,6398,,,0,辽宁,公办,0,0
四川,2025,物理类,本科提前批A段,327,中国刑事警察学院,（103）,首选物理，再选思想政治,544,71973,,,0,辽宁,公办,0,0
四川,2025,物理类,本科提前批A段,4528,北部湾大学,（101）,首选物理，再选化学,516,103351,,,0,广西,公办,0,0
四川,2025,物理类,本科提前批A段,4611,海南热带海洋学院,（101）,首选物理，再选化学,509,115134,,,0,海南,公办,0,0
四川,2025,物理类,本科提前批A段,96,中国消防救援学院,（101）,首选物理，再选化学,591,14292,,,0,北京,公办,0,0
四川,2025,物理类,本科提前批B段,2301,黑龙江大学,（101）,首选物理，再选不限,555,58346,,,0,黑龙江,公办,0,0
四川,2025,物理类,本科提前批B段,29,华东师范大学,,首选物理，再选化学,616,2118,,,0,上海,公办,1,1
四川,2025,物理类,本科提前批B段,48,华中师范大学,,首选物理，再选不限,605,5531,,,0,湖北,公办,0,1
四川,2025,物理类,本科提前批B段,48,华中师范大学,,首选物理，再选化学,611,4306,,,0,湖北,公办,0,1
四川,2025,物理类,本科提前批B段,48,华中师范大学,（104）,首选物理，再选地理,632,8272,,,0,湖北,公办,0,1
四川,2025,物理类,本科提前批B段,5120,四川师范大学,,首选物理，再选不限,498,12979,,,0,四川,公办,0,0
四川,2025,物理类,本科提前批B段,5120,四川师范大学,,首选物理，再选化学,506,10101,,,0,四川,公办,0,0
四川,2025,物理类,本科提前批B段,5120,四川师范大学,,首选物理，再选化学、生物(2科必选),539,14292,,,0,四川,公办,0,0
四川,2025,物理类,本科提前批B段,5123,绵阳师范学院,,首选物理，再选不限,500,28720,,,8,四川,公办,0,0
四川,2025,物理类,本科提前批B段,5123,绵阳师范学院,,首选物理，再选化学,517,35194,,,1,四川,公办,0,0
四川,2025,物理类,本科提前批B段,5133,乐山师范学院,,首选物理，再选化学,511,31541,,,103,四川,公办,0,0
四川,2025,物理类,本科提前批（国家专项）,308,中国人民公安大学,（101）,首选物理，再选化学,622,6992,,,0,北京,公办,0,0
四川,2025,艺术类（历史）,艺术类本科批,,郑州美术学院,,首选历史，再选不限,505,,,,25,河南,民办,0,0
