province,year,category,batch,university_code,university_name,major_group,subject_req,min_score,min_rank,control_score,score_diff,admit_count,school_province,school_nature,is_985,is_211
安徽,2025,历史类,专科批,1008,安阳职业技术学院,（001）,首选历史，再选不限,338,72250,,,0,河南,公办,0,0
安徽,2025,历史类,专科批,1016,包头轻工职业技术学院,（001）,首选历史，再选不限,322,119702,,,0,内蒙古,公办,0,0
安徽,2025,历史类,专科批,1053,北京科技职业大学,（001）,首选历史，再选不限,472,41258,,,0,北京,公办,0,0
安徽,2025,历史类,专科批,1076,毕节职业技术学院,（001）,首选历史，再选不限,268,121792,,,16,贵州,公办,0,0
安徽,2025,历史类,专科批,1080,渤海船舶职业学院,（001）,首选历史，再选不限,391,88065,,,0,辽宁,公办,0,0
安徽,2025,历史类,专科批,1098,长春金融高等专科学校,（001）,首选历史，再选不限,368,79125,,,3,吉林,公办,0,0
安徽,2025,历史类,专科批,1135,常州机电职业技术学院,（001）,首选历史，再选不限,446,45244,,,52,江苏,公办,0,0
安徽,2025,历史类,专科批,1160,重庆财经职业学院,（001）,首选历史，再选不限,459,52356,,,0,重庆,公办,0,0
安徽,2025,历史类,专科批,1176,重庆工信职业学院,（001）,首选历史，再选不限,412,78611,,,10,重庆,公办,0,0
安徽,2025,历史类,专科批,1177,重庆工业职业技术大学,（001）,首选历史，再选不限,459,51836,,,4,重庆,公办,0,0
安徽,2025,历史类,专科批,1180,重庆护理职业学院,（001）,首选历史，再选不限,287,65405,,,0,重庆,民办,0,0
安徽,2025,历史类,专科批,1211,重庆幼儿师范高等专科学校,（001）,首选历史，再选不限,442,62797,,,0,重庆,公办,0,0
安徽,2025,历史类,专科批,1215,楚雄医药高等专科学校,（001）,首选历史，再选不限,397,86534,,,3,云南,公办,0,0
安徽,2025,历史类,专科批,1236,大连职业技术学院,（001）,首选历史，再选不限,333,108726,,,0,辽宁,公办,0,0
安徽,2025,历史类,专科批,1262,东莞职业技术学院,,首选历史，再选不限,399,71230,,,0,广东,公办,0,0
安徽,2025,历史类,专科批,1276,福建电力职业技术学院,（001）,首选历史，再选不限,446,60741,,,0,福建,公办,0,0
安徽,2025,历史类,专科批,1386,广西水利电力职业技术学院,（001）,首选历史，再选不限,304,124781,,,0,广西,公办,0,0
安徽,2025,历史类,专科批,1387,广西体育高等专科学校,（001）,首选历史，再选不限,333,88566,,,0,广西,公办,0,0
安徽,2025,历史类,专科批,1401,广州职业技术大学,（001）,首选历史，再选不限,430,68052,,,15,广东,公办,0,0
安徽,2025,历史类,专科批,1495,海南经贸职业技术学院,（001）,首选历史，再选不限,421,42281,,,0,海南,公办,0,0
安徽,2025,历史类,专科批,1500,海南外国语职业学院,（001）,首选历史，再选不限,323,88566,,,0,海南,公办,0,0
安徽,2025,历史类,专科批,1501,海南卫生健康职业学院,（001）,首选历史，再选不限,361,87541,,,0,海南,公办,0,0
安徽,2025,历史类,专科批,1509,汉江师范学院,（002）,首选历史，再选不限,468,42775,,,12,湖北,公办,0,0
安徽,2025,历史类,专科批,1513,杭州科技职业技术学院,（001）,首选历史，再选不限,461,47775,,,17,浙江,公办,0,0
安徽,2025,历史类,专科批,1517,杭州职业技术大学,（001）,首选历史，再选不限,488,36833,,,0,浙江,公办,0,0
安徽,2025,历史类,专科批,1534,河北轨道运输职业技术学院,（001）,首选历史，再选不限,452,44750,,,0,河北,公办,0,0
安徽,2025,历史类,专科批,1535,河北化工医药职业技术学院,（001）,首选历史，再选不限,428,70181,,,2,河北,公办,0,0
安徽,2025,历史类,专科批,1540,河北交通职业技术学院,,首选历史，再选不限,385,51307,,,0,河北,公办,0,0
安徽,2025,历史类,专科批,1544,河北科技工程职业技术大学,（002）,首选历史，再选不限,392,89092,,,0,河北,公办,0,0
安徽,2025,历史类,专科批,1559,河北正定师范高等专科学校,（001）,首选历史，再选不限,310,120604,,,0,河北,公办,0,0
安徽,2025,历史类,专科批,1588,河南医学高等专科学校,（002）,首选历史，再选不限,447,60178,,,0,河南,公办,0,0
安徽,2025,历史类,专科批,1598,鹤壁职业技术学院,（001）,首选历史，再选不限,325,115671,,,0,河南,公办,0,0
安徽,2025,历史类,专科批,1616,黑龙江农垦职业学院,（001）,首选历史，再选不限,289,102307,,,47,黑龙江,公办,0,0
安徽,2025,历史类,专科批,1617,黑龙江农业工程职业学院,,首选历史，再选不限,382,43266,,,0,黑龙江,公办,0,0
安徽,2025,历史类,专科批,1666,湖北职业技术学院,（001）,首选历史，再选不限,444,52356,,,64,湖北,公办,0,0
安徽,2025,历史类,专科批,1799,江汉艺术职业学院,（001）,首选历史，再选不限,318,118104,,,39,湖北,公办,0,0
安徽,2025,历史类,专科批,1806,江苏城市职业学院,（001）,首选历史，再选不限,473,45752,,,0,江苏,公办,0,0
安徽,2025,历史类,专科批,1810,江苏电子信息职业学院,（001）,首选历史，再选不限,427,68052,,,0,江苏,公办,0,0
安徽,2025,历史类,专科批,1811,江苏工程职业技术学院,（001）,首选历史，再选不限,451,51836,,,25,江苏,公办,0,0
安徽,2025,历史类,专科批,1818,江苏经贸职业技术学院,（001）,首选历史，再选不限,471,39761,,,29,江苏,公办,0,0
安徽,2025,历史类,专科批,1844,江西航空职业技术学院,（002）,首选历史，再选不限,352,104715,,,7,江西,民办,0,0
安徽,2025,历史类,专科批,1847,江西机电职业技术学院,（001）,首选历史，再选不限,386,83403,,,4,江西,公办,0,0
安徽,2025,历史类,专科批,1872,江西医学高等专科学校,（001）,首选历史，再选不限,446,58622,,,0,江西,公办,0,0
安徽,2025,历史类,专科批,1874,江西应用技术职业学院,（001）,首选历史，再选不限,413,51307,,,5,江西,公办,0,0
安徽,2025,历史类,专科批,1880,抚州医药学院,,首选历史，再选不限,410,54918,,,0,江西,公办,0,0
安徽,2025,历史类,专科批,1945,黎明职业大学,（001）,首选历史，再选不限,368,93295,,,8,福建,公办,0,0
安徽,2025,历史类,专科批,1949,连云港师范学院,（002）,首选历史，再选不限,469,44261,,,0,江苏,公办,0,0
安徽,2025,历史类,专科批,1950,连云港职业技术学院,（001）,首选历史，再选不限,397,74308,,,0,江苏,公办,0,0
安徽,2025,历史类,专科批,1971,辽宁民族师范高等专科学校,（001）,首选历史，再选不限,307,123463,,,0,辽宁,公办,0,0
安徽,2025,历史类,专科批,1974,辽宁生态工程职业学院,（001）,首选历史，再选不限,300,97896,,,0,辽宁,公办,0,0
安徽,2025,历史类,专科批,1991,临汾职业技术学院,（001）,首选历史，再选不限,329,115671,,,3,山西,公办,0,0
安徽,2025,历史类,专科批,2031,闽西职业技术学院,（001）,首选历史，再选不限,355,107440,,,7,福建,公办,0,0
安徽,2025,历史类,专科批,2040,南昌健康职业技术学院,（001）,首选历史，再选不限,372,89610,,,10,江西,公办,0,0
安徽,2025,历史类,专科批,2063,南京机电职业技术学院,（001）,首选历史，再选不限,476,32982,,,0,江苏,公办,0,0
安徽,2025,历史类,专科批,2076,南京铁道职业技术学院,（001）,首选历史，再选不限,502,31561,,,16,江苏,公办,0,0
安徽,2025,历史类,专科批,2132,盘锦职业技术学院,（001）,首选历史，再选不限,304,123985,,,0,辽宁,公办,0,0
安徽,2025,历史类,专科批,2145,齐鲁医药学院,（004）,首选历史，再选不限,415,56506,,,0,山东,民办,0,0
安徽,2025,历史类,专科批,2182,曲靖健康医学院,（001）,首选历史，再选不限,433,67520,,,2,云南,公办,0,0
安徽,2025,历史类,专科批,2200,三门峡职业技术学院,（001）,首选历史，再选不限,367,82377,,,0,河南,公办,0,0
安徽,2025,历史类,专科批,2208,三亚护理职业学院,（001）,首选历史，再选不限,180,141400,,,0,海南,民办,0,0
安徽,2025,历史类,专科批,2248,山东商务职业学院,（001）,首选历史，再选不限,335,106057,,,15,山东,公办,0,0
安徽,2025,历史类,专科批,2316,商丘工学院,（001）,首选历史，再选不限,221,139345,,,5,河南,民办,0,0
安徽,2025,历史类,专科批,2319,商丘职业技术学院,（001）,首选历史，再选不限,377,95309,,,0,河南,公办,0,0
安徽,2025,历史类,专科批,2320,上海邦德职业技术学院,（001）,首选历史，再选不限,204,137829,,,0,上海,民办,0,0
安徽,2025,历史类,专科批,2330,上海东海职业技术学院,（001）,首选历史，再选不限,200,130127,,,0,上海,民办,0,0
安徽,2025,历史类,专科批,2333,上海工商外国语职业学院,（001）,首选历史，再选不限,226,138753,,,0,上海,民办,0,0
安徽,2025,历史类,专科批,2334,上海工商职业技术学院,,首选历史，再选不限,202,135831,,,0,上海,民办,0,0
安徽,2025,历史类,专科批,2345,上海交通职业技术学院,（001）,首选历史，再选不限,437,49317,,,0,上海,公办,0,0
安徽,2025,历史类,专科批,2352,上海旅游高等专科学校,（001）,首选历史，再选不限,388,53385,,,12,上海,公办,0,0
安徽,2025,历史类,专科批,2356,上海南湖职业技术学院,（001）,首选历史，再选不限,435,61771,,,0,上海,公办,0,0
安徽,2025,历史类,专科批,2358,上海农林职业技术学院,（001）,首选历史，再选不限,436,53385,,,0,上海,公办,0,0
安徽,2025,历史类,专科批,2359,上海浦东职业技术学院,（001）,首选历史，再选不限,440,47775,,,7,上海,公办,0,0
安徽,2025,历史类,专科批,2360,上海杉达学院,（004）,首选历史，再选不限,436,57015,,,0,上海,民办,0,0
安徽,2025,历史类,专科批,2368,上海现代化工职业学院,（001）,首选历史，再选不限,412,72729,,,0,上海,公办,0,0
安徽,2025,历史类,专科批,2369,上海行健职业学院,,首选历史，再选不限,404,45752,,,0,上海,公办,0,0
安徽,2025,历史类,专科批,2373,上海震旦职业学院,（001）,首选历史，再选不限,238,100838,,,0,上海,民办,0,0
安徽,2025,历史类,专科批,2419,石家庄幼儿师范高等专科学校,,首选历史，再选不限,301,103771,,,6,河北,公办,0,0
安徽,2025,历史类,专科批,2475,苏州健雄职业技术学院,（001）,首选历史，再选不限,419,69650,,,0,江苏,公办,0,0
安徽,2025,历史类,专科批,2479,苏州卫生职业技术学院,（001）,首选历史，再选不限,480,40761,,,0,江苏,公办,0,0
安徽,2025,历史类,专科批,2493,台州科技职业学院,,首选历史，再选不限,205,71715,,,0,浙江,公办,0,0
安徽,2025,历史类,专科批,2502,太原幼儿师范高等专科学校,（001）,首选历史，再选不限,305,118411,,,15,山西,公办,0,0
安徽,2025,历史类,专科批,2511,唐山幼儿师范高等专科学校,（001）,首选历史，再选不限,312,104715,,,14,河北,公办,0,0
安徽,2025,历史类,专科批,2571,威海职业学院,（002）,首选历史，再选不限,388,87541,,,9,山东,公办,0,0
安徽,2025,历史类,专科批,2586,温州商学院,（002）,首选历史，再选不限,407,80755,,,4,浙江,民办,0,0
安徽,2025,历史类,专科批,2631,武汉民政职业学院,（001）,首选历史，再选不限,421,57015,,,37,湖北,公办,0,0
安徽,2025,历史类,专科批,2651,西安城市建设职业学院,（001）,首选历史，再选不限,232,107440,,,0,陕西,民办,0,0
安徽,2025,历史类,专科批,2693,西藏职业技术学院,（001）,首选历史，再选思想政治、地理(2科必选),288,128551,,,4,西藏,公办,0,0
安徽,2025,历史类,专科批,2710,厦门城市职业学院,（001）,首选历史，再选不限,420,70714,,,0,福建,公办,0,0
安徽,2025,历史类,专科批,2734,襄阳科技职业学院,（001）,首选历史，再选不限,339,84473,,,5,湖北,公办,0,0
安徽,2025,历史类,专科批,2736,襄阳职业技术学院,,首选历史，再选不限,476,42281,,,8,湖北,公办,0,0
安徽,2025,历史类,专科批,2768,信阳航空职业学院,（001）,首选历史，再选不限,204,140608,,,0,河南,民办,0,0
安徽,2025,历史类,专科批,2773,信阳职业技术学院,（001）,首选历史，再选不限,335,111524,,,38,河南,公办,0,0
安徽,2025,历史类,专科批,2808,伊春职业学院,（001）,首选历史，再选不限,365,70714,,,20,黑龙江,公办,0,0
安徽,2025,历史类,专科批,2813,宜昌科技职业学院,（001）,首选历史，再选不限,331,114170,,,16,湖北,公办,0,0
安徽,2025,历史类,专科批,2816,宜春职业技术学院,（001）,首选历史，再选不限,407,76478,,,12,江西,公办,0,0
安徽,2025,历史类,专科批,2817,义乌工商职业技术学院,（001）,首选历史，再选不限,423,62298,,,0,浙江,公办,0,0
安徽,2025,历史类,专科批,2836,云南财经职业学院,（001）,首选历史，再选不限,394,88065,,,3,云南,公办,0,0
安徽,2025,历史类,专科批,2847,云南林业职业技术学院,（001）,首选历史，再选不限,326,100838,,,0,云南,公办,0,0
安徽,2025,历史类,专科批,2849,云南能源职业技术学院,（001）,首选历史，再选不限,328,117409,,,3,云南,公办,0,0
安徽,2025,历史类,专科批,2863,枣庄职业学院,,首选历史，再选不限,245,54386,,,17,山东,公办,0,0
安徽,2025,历史类,专科批,2867,张家口学院,（002）,首选历史，再选不限,496,34845,,,3,河北,公办,0,0
安徽,2025,历史类,专科批,2872,漳州职业技术学院,（001）,首选历史，再选不限,425,57562,,,0,福建,公办,0,0
安徽,2025,历史类,专科批,2878,浙江安防职业技术学院,（001）,首选历史，再选不限,440,57015,,,0,浙江,公办,0,0
安徽,2025,历史类,专科批,2884,浙江纺织服装职业技术学院,,首选历史，再选不限,365,74854,,,0,浙江,公办,0,0
安徽,2025,历史类,专科批,2889,浙江工业职业技术学院,（001）,首选历史，再选不限,447,57562,,,20,浙江,公办,0,0
安徽,2025,历史类,专科批,2891,浙江国际海运职业技术学院,（001）,首选历史，再选不限,415,76984,,,0,浙江,公办,0,0
安徽,2025,历史类,专科批,2894,浙江机电职业技术大学,（002）,首选历史，再选不限,464,42281,,,0,浙江,公办,0,0
安徽,2025,历史类,专科批,2895,浙江建设职业技术学院,（002）,首选历史，再选不限,446,49317,,,0,浙江,公办,0,0
安徽,2025,历史类,专科批,2899,浙江经贸职业技术学院,（001）,首选历史，再选不限,469,40246,,,12,浙江,公办,0,0
安徽,2025,历史类,专科批,2900,浙江警官职业学院,,首选历史，再选不限,472,45752,,,0,浙江,公办,0,0
安徽,2025,历史类,专科批,2906,浙江商业职业技术学院,（001）,首选历史，再选不限,461,47265,,,19,浙江,公办,0,0
安徽,2025,历史类,专科批,2916,浙江邮电职业技术学院,（001）,首选历史，再选不限,470,42775,,,6,浙江,公办,0,0
安徽,2025,历史类,专科批,2921,镇江市高等专科学校,（001）,首选历史，再选不限,450,49820,,,10,江苏,公办,0,0
安徽,2025,历史类,专科批,2942,郑州卫生健康职业学院,（001）,首选历史，再选不限,372,92231,,,0,河南,公办,0,0
安徽,2025,历史类,专科批,2946,郑州幼儿师范高等专科学校,（001）,首选历史，再选不限,430,69119,,,0,河南,公办,0,0
安徽,2025,历史类,专科批,3001,淄博师范高等专科学校,（001）,首选历史，再选不限,329,114554,,,30,山东,公办,0,0
安徽,2025,历史类,专科批,9120,安徽第二医学院,（001）,首选历史，再选不限,465,40761,,,833,安徽,公办,0,0
安徽,2025,历史类,专科批,9120,安徽第二医学院,（002）,首选历史，再选生物,463,51836,,,23,安徽,公办,0,0
安徽,2025,历史类,专科批,9301,安徽财贸职业学院,,首选历史，再选不限,324,83927,,,0,安徽,公办,0,0
安徽,2025,历史类,专科批,9335,安徽艺术职业学院,（001）,首选历史，再选不限,368,91682,,,0,安徽,公办,0,0
安徽,2025,历史类,专科批,9339,安徽中医药高等专科学校,（002）,首选历史，再选不限,455,48797,,,948,安徽,公办,0,0
安徽,2025,历史类,专科批,9357,合肥幼儿师范高等专科学校,,首选历史，再选不限,415,53385,,,0,安徽,公办,0,0
安徽,2025,历史类,专科批,9365,马鞍山师范高等专科学校,（001）,首选历史，再选不限,361,65952,,,0,安徽,公办,0,0
安徽,2025,历史类,专科批,9367,桐城师范高等专科学校,（001）,首选历史，再选不限,377,73753,,,0,安徽,公办,0,0
安徽,2025,历史类,专科批,9378,芜湖航空职业学院,（001）,首选历史，再选不限,246,114554,,,0,安徽,民办,0,0
安徽,2025,历史类,国家专项计划批,1056,北京林业大学,（001）,首选历史，再选不限,601,3285,,,0,北京,公办,0,1
安徽,2025,历史类,国家专项计划批,1728,华东理工大学,（001）,首选历史，再选不限,597,3157,,,0,上海,公办,0,1
安徽,2025,历史类,国家专项计划批,1729,华东师范大学,（004）,首选历史，再选不限,627,626,,,0,上海,公办,1,1
安徽,2025,历史类,国家专项计划批,1729,华东师范大学,（005）,首选历史，再选思想政治,629,819,,,0,上海,公办,1,1
安徽,2025,历史类,国家专项计划批,1737,华中师范大学,（003）,首选历史，再选不限,613,1891,,,0,湖北,公办,0,1
安徽,2025,历史类,国家专项计划批,1737,华中师范大学,（004）,首选历史，再选思想政治,616,1730,,,0,湖北,公办,0,1
安徽,2025,历史类,国家专项计划批,2072,南京师范大学,（001）,首选历史，再选不限,602,3157,,,0,江苏,公办,0,1
安徽,2025,历史类,国家专项计划批,9008,安徽师范大学,,首选历史，再选不限,556,5185,,,0,安徽,公办,0,0
安徽,2025,历史类,国家专项计划批,9008,安徽师范大学,（017）,首选历史，再选地理,579,6788,,,0,安徽,公办,0,0
安徽,2025,历史类,国家专项计划批,9008,安徽师范大学,（016）,首选历史，再选思想政治,585,5713,,,0,安徽,公办,0,0
安徽,2025,历史类,国家专项计划批,9009,安徽医科大学,（001）,首选历史，再选不限,553,12302,,,11,安徽,公办,0,0
安徽,2025,历史类,国家专项计划批,9010,安徽中医药大学,（002）,首选历史，再选不限,570,8722,,,12,安徽,公办,0,0
安徽,2025,历史类,地方专项计划批,9008,安徽师范大学,,首选历史，再选不限,558,5185,,,0,安徽,公办,0,0
安徽,2025,历史类,地方专项计划批,9008,安徽师范大学,（030）,首选历史，再选地理,581,6406,,,0,安徽,公办,0,0
安徽,2025,历史类,地方专项计划批,9008,安徽师范大学,（029）,首选历史，再选思想政治,584,5893,,,0,安徽,公办,0,0
安徽,2025,历史类,地方专项计划批,9009,安徽医科大学,（002）,首选历史，再选不限,555,11738,,,6,安徽,公办,0,0
安徽,2025,历史类,地方专项计划批,9010,安徽中医药大学,（003）,首选历史，再选不限,561,10926,,,24,安徽,公办,0,0
安徽,2025,历史类,地方专项计划批,9111,淮南师范学院,（002）,首选历史，再选不限,526,20729,,,0,安徽,公办,0,0
安徽,2025,历史类,本科批,1003,安康学院,（001）,首选历史，再选不限,504,31561,,,8,陕西,公办,0,0
安徽,2025,历史类,本科批,1005,安阳工学院,（001）,首选历史，再选不限,504,31122,,,4,河南,公办,0,0
安徽,2025,历史类,本科批,1009,鞍山师范学院,,首选历史，再选不限,501,30259,,,0,辽宁,公办,0,0
安徽,2025,历史类,本科批,1009,鞍山师范学院,（005）,首选历史，再选思想政治,511,28434,,,0,辽宁,公办,0,0
安徽,2025,历史类,本科批,1020,宝鸡文理学院,（001）,首选历史，再选不限,503,31122,,,6,陕西,公办,0,0
安徽,2025,历史类,本科批,1024,北部湾大学,（001）,首选历史，再选不限,517,23788,,,0,广西,公办,0,0
安徽,2025,历史类,本科批,1026,北方民族大学,（001）,首选历史，再选不限,578,6979,,,0,宁夏,公办,0,0
安徽,2025,历史类,本科批,1026,北方民族大学,（002）,首选历史，再选思想政治,561,10926,,,0,宁夏,公办,0,0
安徽,2025,历史类,本科批,1029,北华大学,,首选历史，再选不限,520,21858,,,40,吉林,公办,0,0
安徽,2025,历史类,本科批,1029,北华大学,（003）,首选历史，再选思想政治,529,21104,,,5,吉林,公办,0,0
安徽,2025,历史类,本科批,1030,北华航天工业学院,（001）,首选历史，再选不限,507,22270,,,13,河北,公办,0,0
安徽,2025,历史类,本科批,1033,北京大学医学部,（001）,首选历史，再选不限,663,43,,,0,北京,公办,1,1
安徽,2025,历史类,本科批,1037,北京服装学院,（001）,首选历史，再选不限,533,19588,,,2,北京,公办,0,0
安徽,2025,历史类,本科批,1038,北京工商大学,（001）,首选历史，再选不限,590,4870,,,6,北京,公办,0,0
安徽,2025,历史类,本科批,1042,北京化工大学,（001）,首选历史，再选不限,602,2298,,,0,北京,公办,0,1
安徽,2025,历史类,本科批,1051,北京科技大学,（001）,首选历史，再选不限,611,1891,,,18,北京,公办,0,1
安徽,2025,历史类,本科批,1055,北京联合大学,,首选历史，再选不限,547,9740,,,0,北京,公办,0,0
安徽,2025,历史类,本科批,1056,北京林业大学,（002）,首选历史，再选不限,605,2093,,,0,北京,公办,0,1
安徽,2025,历史类,本科批,1056,北京林业大学,（003）,首选历史，再选地理,611,2198,,,0,北京,公办,0,1
安徽,2025,历史类,本科批,1062,北京石油化工学院,（001）,首选历史，再选不限,527,21486,,,0,北京,公办,0,0
安徽,2025,历史类,本科批,1063,北京体育大学,,首选历史，再选不限,499,3034,,,0,北京,公办,0,1
安徽,2025,历史类,本科批,1063,北京体育大学,（006）,首选历史，再选思想政治,588,5185,,,0,北京,公办,0,1
安徽,2025,历史类,本科批,1064,北京外国语大学,（004）,首选历史，再选不限,619,819,,,0,北京,公办,0,1
安徽,2025,历史类,本科批,1064,北京外国语大学,,首选历史，再选思想政治,603,1458,,,0,北京,公办,0,1
安徽,2025,历史类,本科批,1066,北京物资学院,（001）,首选历史，再选不限,548,12302,,,0,北京,公办,0,0
安徽,2025,历史类,本科批,1071,北京邮电大学,（001）,首选历史，再选不限,615,1375,,,14,北京,公办,0,1
安徽,2025,历史类,本科批,1074,北京中医药大学,（001）,首选历史，再选不限,609,626,,,0,北京,公办,0,1
安徽,2025,历史类,本科批,1078,滨州医学院,（001）,首选历史，再选不限,519,24995,,,0,山东,公办,0,0
安徽,2025,历史类,本科批,1091,长春大学,,首选历史，再选不限,517,19975,,,8,吉林,公办,0,0
安徽,2025,历史类,本科批,1095,长春工业大学,（001）,首选历史，再选不限,516,21858,,,20,吉林,公办,0,0
安徽,2025,历史类,本科批,1096,长春光华学院,（001）,首选历史，再选不限,481,42775,,,0,吉林,民办,0,0
安徽,2025,历史类,本科批,1099,长春科技学院,（001）,首选历史，再选不限,480,43266,,,0,吉林,民办,0,0
安徽,2025,历史类,本科批,1100,长春理工大学,,首选历史，再选不限,534,15012,,,0,吉林,公办,0,0
安徽,2025,历史类,本科批,1102,长春人文学院,（001）,首选历史，再选不限,491,37300,,,0,吉林,民办,0,0
安徽,2025,历史类,本科批,1103,长春师范大学,,首选历史，再选不限,493,26278,,,25,吉林,公办,0,0
安徽,2025,历史类,本科批,1116,长沙理工大学,（001）,首选历史，再选不限,572,6788,,,0,湖南,公办,0,0
安徽,2025,历史类,本科批,1123,长沙学院,（002）,首选历史，再选不限,529,18524,,,8,湖南,公办,0,0
安徽,2025,历史类,本科批,1127,长治学院,,首选历史，再选不限,501,27994,,,11,山西,公办,0,0
安徽,2025,历史类,本科批,1127,长治学院,（003）,首选历史，再选思想政治,513,27528,,,2,山西,公办,0,0
安徽,2025,历史类,本科批,1130,常州大学,（001）,首选历史，再选不限,568,7192,,,16,江苏,公办,0,0
安徽,2025,历史类,本科批,1130,常州大学,（002）,首选历史，再选思想政治,568,9224,,,4,江苏,公办,0,0
安徽,2025,历史类,本科批,1139,成都东软学院,（001）,首选历史，再选不限,488,35856,,,0,四川,民办,0,0
安徽,2025,历史类,本科批,1143,成都锦城学院,（001）,首选历史，再选不限,496,33914,,,0,四川,民办,0,0
安徽,2025,历史类,本科批,1146,成都师范学院,,首选历史，再选不限,539,15933,,,0,四川,公办,0,0
安徽,2025,历史类,本科批,1153,成都银杏酒店管理学院,（001）,首选历史，再选不限,486,40246,,,0,四川,民办,0,0
安徽,2025,历史类,本科批,1159,重庆财经学院,（001）,首选历史，再选不限,514,25852,,,0,重庆,民办,0,0
安徽,2025,历史类,本科批,1167,重庆第二师范学院,（001）,首选历史，再选不限,516,26278,,,0,重庆,公办,0,0
安徽,2025,历史类,本科批,1172,重庆工程学院,（001）,首选历史，再选不限,496,33914,,,0,重庆,民办,0,0
安徽,2025,历史类,本科批,1174,重庆工商大学,,首选历史，再选不限,534,12564,,,0,重庆,公办,0,0
安徽,2025,历史类,本科批,1187,重庆科技大学,（001）,首选历史，再选不限,534,19233,,,5,重庆,公办,0,0
安徽,2025,历史类,本科批,1189,重庆理工大学,,首选历史，再选不限,538,15309,,,16,重庆,公办,0,0
安徽,2025,历史类,本科批,1194,重庆人文科技学院,,首选历史，再选不限,496,33445,,,0,重庆,民办,0,0
安徽,2025,历史类,本科批,1199,重庆师范大学,,首选历史，再选不限,538,9740,,,0,重庆,公办,0,0
安徽,2025,历史类,本科批,1208,重庆移通学院,（001）,首选历史，再选不限,491,34384,,,0,重庆,民办,0,0
安徽,2025,历史类,本科批,1213,重庆中医药学院,（001）,首选历史，再选不限,557,11479,,,4,重庆,公办,0,0
安徽,2025,历史类,本科批,1217,大理大学,（001）,首选历史，再选不限,536,17558,,,4,云南,公办,0,0
安徽,2025,历史类,本科批,1221,大连东软信息学院,（001）,首选历史，再选不限,471,46272,,,0,辽宁,民办,0,0
安徽,2025,历史类,本科批,1224,大连海事大学,,首选历史，再选不限,598,2700,,,0,辽宁,公办,0,1
安徽,2025,历史类,本科批,1224,大连海事大学,（003）,首选历史，再选思想政治,594,4267,,,0,辽宁,公办,0,1
安徽,2025,历史类,本科批,1233,大连外国语大学,,首选历史，再选不限,542,11479,,,38,辽宁,公办,0,0
安徽,2025,历史类,本科批,1233,大连外国语大学,（003）,首选历史，再选思想政治,549,14408,,,2,辽宁,公办,0,0
安徽,2025,历史类,本科批,1234,大连医科大学,（001）,首选历史，再选不限,566,9740,,,0,辽宁,公办,0,0
安徽,2025,历史类,本科批,1235,大连艺术学院,（001）,首选历史，再选不限,467,45752,,,0,辽宁,民办,0,0
安徽,2025,历史类,本科批,1248,德州学院,（001）,首选历史，再选不限,528,21486,,,5,山东,公办,0,0
安徽,2025,历史类,本科批,1250,滇池学院,（001）,首选历史，再选不限,493,36355,,,6,云南,民办,0,0
安徽,2025,历史类,本科批,1256,东北电力大学,（001）,首选历史，再选思想政治,542,16572,,,3,吉林,公办,0,0
安徽,2025,历史类,本科批,1257,东北林业大学,（001）,首选历史，再选不限,582,5530,,,0,黑龙江,公办,0,1
安徽,2025,历史类,本科批,1257,东北林业大学,（002）,首选历史，再选思想政治,586,5358,,,0,黑龙江,公办,0,1
安徽,2025,历史类,本科批,1259,东北师范大学,,首选历史，再选不限,556,4267,,,0,吉林,公办,0,1
安徽,2025,历史类,本科批,1259,东北师范大学,（009）,首选历史，再选思想政治,604,2806,,,0,吉林,公办,0,1
安徽,2025,历史类,本科批,1260,东北石油大学,（001）,首选历史，再选不限,530,13503,,,13,黑龙江,公办,0,0
安徽,2025,历史类,本科批,1264,东华理工大学,（001）,首选历史，再选不限,538,17228,,,0,江西,公办,0,0
安徽,2025,历史类,本科批,1270,对外经济贸易大学,（005）,首选历史，再选不限,623,934,,,24,北京,公办,0,1
安徽,2025,历史类,本科批,1270,对外经济贸易大学,（006）,首选历史，再选思想政治,621,1310,,,3,北京,公办,0,1
安徽,2025,历史类,本科批,1273,防灾科技学院,,首选历史，再选不限,511,25852,,,0,河北,公办,0,0
安徽,2025,历史类,本科批,1274,佛山大学,（001）,首选历史，再选不限,523,23398,,,4,广东,公办,0,0
安徽,2025,历史类,本科批,1279,福建江夏学院,（001）,首选历史，再选不限,527,18857,,,0,福建,公办,0,0
安徽,2025,历史类,本科批,1280,福建警察学院,（001）,首选历史，再选不限,536,18524,,,0,福建,公办,0,0
安徽,2025,历史类,本科批,1314,甘肃政法大学,（001）,首选历史，再选不限,555,6979,,,0,甘肃,公办,0,0
安徽,2025,历史类,本科批,1314,甘肃政法大学,（002）,首选历史，再选思想政治,554,12563,,,0,甘肃,公办,0,0
安徽,2025,历史类,本科批,1317,赣南科技学院,（001）,首选历史，再选不限,510,26691,,,0,江西,公办,0,0
安徽,2025,历史类,本科批,1318,赣南师范大学,,首选历史，再选不限,518,17228,,,29,江西,公办,0,0
安徽,2025,历史类,本科批,1318,赣南师范大学,（006）,首选历史，再选思想政治,546,15012,,,3,江西,公办,0,0
安徽,2025,历史类,本科批,1334,广东工业大学,（002）,首选历史，再选不限,567,7421,,,15,广东,公办,0,0
安徽,2025,历史类,本科批,1352,广东石油化工学院,（001）,首选历史，再选不限,516,25852,,,8,广东,公办,0,0
安徽,2025,历史类,本科批,1379,广西科技大学,（001）,首选历史，再选不限,515,25852,,,6,广西,公办,0,0
安徽,2025,历史类,本科批,1385,广西师范大学,（001）,首选历史，再选不限,542,11176,,,0,广西,公办,0,0
安徽,2025,历史类,本科批,1385,广西师范大学,（002）,首选历史，再选思想政治,560,11176,,,0,广西,公办,0,0
安徽,2025,历史类,本科批,1391,广西艺术学院,（001）,首选历史，再选不限,496,32982,,,0,广西,公办,0,0
安徽,2025,历史类,本科批,1430,贵州财经大学,（001）,首选历史，再选不限,526,15012,,,0,贵州,公办,0,0
安徽,2025,历史类,本科批,1433,贵州大学,,首选历史，再选不限,551,4870,,,0,贵州,公办,0,1
安徽,2025,历史类,本科批,1444,贵州黔南科技学院,（001）,首选历史，再选不限,486,40246,,,6,贵州,民办,0,0
安徽,2025,历史类,本科批,1455,桂林电子科技大学,（001）,首选历史，再选不限,528,16572,,,0,广西,公办,0,0
安徽,2025,历史类,本科批,1456,桂林航天工业学院,（001）,首选历史，再选不限,508,28434,,,0,广西,公办,0,0
安徽,2025,历史类,本科批,1457,桂林理工大学,（001）,首选历史，再选不限,515,26278,,,0,广西,公办,0,0
安徽,2025,历史类,本科批,1462,桂林学院,（001）,首选历史，再选不限,487,35339,,,12,广西,民办,0,0
安徽,2025,历史类,本科批,1478,哈尔滨商业大学,（001）,首选历史，再选不限,525,16572,,,0,黑龙江,公办,0,0
安徽,2025,历史类,本科批,1479,哈尔滨师范大学,,首选历史，再选不限,507,22270,,,0,黑龙江,公办,0,0
安徽,2025,历史类,本科批,1483,哈尔滨学院,,首选历史，再选不限,505,24995,,,0,黑龙江,公办,0,0
安徽,2025,历史类,本科批,1483,哈尔滨学院,（004）,首选历史，再选地理,513,27528,,,0,黑龙江,公办,0,0
安徽,2025,历史类,本科批,1483,哈尔滨学院,（003）,首选历史，再选思想政治,519,24995,,,0,黑龙江,公办,0,0
安徽,2025,历史类,本科批,1484,哈尔滨医科大学,（001）,首选历史，再选不限,550,13503,,,4,黑龙江,公办,0,0
安徽,2025,历史类,本科批,1484,哈尔滨医科大学,（002）,首选历史，再选生物,579,6788,,,1,黑龙江,公办,0,0
安徽,2025,历史类,本科批,1491,海南大学,,首选历史，再选不限,541,3285,,,0,海南,公办,0,1
安徽,2025,历史类,本科批,1491,海南大学,（006）,首选历史，再选地理,556,12563,,,0,海南,公办,0,1
安徽,2025,历史类,本科批,1491,海南大学,,首选历史，再选思想政治,587,4407,,,0,海南,公办,0,1
安徽,2025,历史类,本科批,1497,海南热带海洋学院,,首选历史，再选不限,482,27994,,,0,海南,公办,0,0
安徽,2025,历史类,本科批,1497,海南热带海洋学院,（003）,首选历史，再选思想政治,503,31122,,,0,海南,公办,0,0
安徽,2025,历史类,本科批,1499,海南师范大学,,首选历史，再选不限,495,13503,,,58,海南,公办,0,0
安徽,2025,历史类,本科批,1499,海南师范大学,（006）,首选历史，再选地理,562,10664,,,2,海南,公办,0,0
安徽,2025,历史类,本科批,1499,海南师范大学,,首选历史，再选思想政治,546,10664,,,10,海南,公办,0,0
安徽,2025,历史类,本科批,1502,海南医科大学,,首选历史，再选不限,522,12867,,,0,海南,公办,0,0
安徽,2025,历史类,本科批,1509,汉江师范学院,（001）,首选历史，再选不限,524,21486,,,7,湖北,公办,0,0
安徽,2025,历史类,本科批,1524,河北大学,（001）,首选历史，再选不限,562,6979,,,0,河北,公办,0,0
安徽,2025,历史类,本科批,1528,河北工程大学,,首选历史，再选不限,513,13809,,,0,河北,公办,0,0
安徽,2025,历史类,本科批,1536,河北环境工程学院,（001）,首选历史，再选不限,502,32050,,,9,河北,公办,0,0
安徽,2025,历史类,本科批,1539,河北建筑工程学院,（001）,首选历史，再选不限,503,31561,,,0,河北,公办,0,0
安徽,2025,历史类,本科批,1541,河北金融学院,,首选历史，再选不限,499,24564,,,25,河北,公办,0,0
安徽,2025,历史类,本科批,1544,河北科技工程职业技术大学,（001）,首选历史，再选不限,500,33445,,,0,河北,公办,0,0
安徽,2025,历史类,本科批,1553,河北师范大学,,首选历史，再选不限,492,15617,,,24,河北,公办,0,0
安徽,2025,历史类,本科批,1553,河北师范大学,（004）,首选历史，再选思想政治,563,9976,,,4,河北,公办,0,0
安徽,2025,历史类,本科批,1563,河南财经政法大学,（001）,首选历史，再选不限,567,7844,,,19,河南,公办,0,0
安徽,2025,历史类,本科批,1567,河南大学,,首选历史，再选不限,554,5713,,,0,河南,公办,0,0
安徽,2025,历史类,本科批,1567,河南大学,（004）,首选历史，再选地理,585,5713,,,0,河南,公办,0,0
安徽,2025,历史类,本科批,1567,河南大学,（003）,首选历史，再选思想政治,586,5530,,,0,河南,公办,0,0
安徽,2025,历史类,本科批,1569,河南工程学院,（001）,首选历史，再选不限,515,26278,,,0,河南,公办,0,0
安徽,2025,历史类,本科批,1578,河南科技学院,（001）,首选历史，再选不限,519,24564,,,0,河南,公办,0,0
安徽,2025,历史类,本科批,1579,河南理工大学,（001）,首选历史，再选不限,540,13809,,,16,河南,公办,0,0
安徽,2025,历史类,本科批,1584,河南师范大学,,首选历史，再选不限,526,11176,,,0,河南,公办,0,0
安徽,2025,历史类,本科批,1600,黑河学院,（001）,首选历史，再选不限,503,31122,,,0,黑龙江,公办,0,0
安徽,2025,历史类,本科批,1601,黑龙江八一农垦大学,（001）,首选历史，再选不限,507,26691,,,0,黑龙江,公办,0,0
安徽,2025,历史类,本科批,1601,黑龙江八一农垦大学,（002）,首选历史，再选生物,506,30698,,,0,黑龙江,公办,0,0
安徽,2025,历史类,本科批,1604,黑龙江大学,（004）,首选历史，再选不限,563,8046,,,0,黑龙江,公办,0,0
安徽,2025,历史类,本科批,1607,黑龙江工业学院,（001）,首选历史，再选不限,500,32521,,,16,黑龙江,公办,0,0
安徽,2025,历史类,本科批,1607,黑龙江工业学院,（002）,首选历史，再选思想政治,501,32982,,,2,黑龙江,公办,0,0
安徽,2025,历史类,本科批,1611,黑龙江科技大学,（001）,首选历史，再选不限,517,23398,,,0,黑龙江,公办,0,0
安徽,2025,历史类,本科批,1627,黑龙江中医药大学,（001）,首选历史，再选不限,561,10926,,,4,黑龙江,公办,0,0
安徽,2025,历史类,本科批,1627,黑龙江中医药大学,（002）,首选历史，再选生物,504,29349,,,4,黑龙江,公办,0,0
安徽,2025,历史类,本科批,1634,湖北大学,（001）,首选历史，再选不限,580,6080,,,0,湖北,公办,0,0
安徽,2025,历史类,本科批,1634,湖北大学,（003）,首选历史，再选地理,579,6788,,,0,湖北,公办,0,0
安徽,2025,历史类,本科批,1635,湖北第二师范学院,（001）,首选历史，再选不限,526,21858,,,0,湖北,公办,0,0
安徽,2025,历史类,本科批,1635,湖北第二师范学院,（002）,首选历史，再选思想政治,531,18857,,,0,湖北,公办,0,0
安徽,2025,历史类,本科批,1649,湖北理工学院,（001）,首选历史，再选不限,509,28906,,,0,湖北,公办,0,0
安徽,2025,历史类,本科批,1650,湖北美术学院,（001）,首选历史，再选不限,540,17228,,,0,湖北,公办,0,0
安徽,2025,历史类,本科批,1651,湖北民族大学,（001）,首选历史，再选不限,528,13809,,,0,湖北,公办,0,0
安徽,2025,历史类,本科批,1652,湖北汽车工业学院,（001）,首选历史，再选不限,507,28906,,,0,湖北,公办,0,0
安徽,2025,历史类,本科批,1658,湖北师范大学,（001）,首选历史，再选不限,557,10664,,,0,湖北,公办,0,0
安徽,2025,历史类,本科批,1658,湖北师范大学,（002）,首选历史，再选思想政治,559,11479,,,0,湖北,公办,0,0
安徽,2025,历史类,本科批,1662,湖北文理学院,,首选历史，再选不限,508,23788,,,0,湖北,公办,0,0
安徽,2025,历史类,本科批,1663,湖北医药学院,（001）,首选历史，再选不限,513,24564,,,0,湖北,公办,0,0
安徽,2025,历史类,本科批,1683,湖南工业大学,（001）,首选历史，再选不限,545,13503,,,0,湖南,公办,0,0
安徽,2025,历史类,本科批,1692,湖南科技学院,（001）,首选历史，再选不限,516,25852,,,0,湖南,公办,0,0
安徽,2025,历史类,本科批,1697,湖南女子学院,（001）,首选历史，再选不限,503,30698,,,8,湖南,公办,0,0
安徽,2025,历史类,本科批,1699,湖南人文科技学院,（001）,首选历史，再选不限,510,28906,,,4,湖南,公办,0,0
安徽,2025,历史类,本科批,1719,湖州师范学院,（001）,首选历史，再选不限,539,15309,,,18,浙江,公办,0,0
安徽,2025,历史类,本科批,1720,湖州学院,（001）,首选历史，再选不限,525,21858,,,20,浙江,公办,0,0
安徽,2025,历史类,本科批,1728,华东理工大学,（002）,首选历史，再选不限,600,2198,,,0,上海,公办,0,1
安徽,2025,历史类,本科批,1729,华东师范大学,,首选历史，再选不限,627,420,,,0,上海,公办,1,1
安徽,2025,历史类,本科批,1729,华东师范大学,（010）,首选历史，再选思想政治,631,663,,,0,上海,公办,1,1
安徽,2025,历史类,本科批,1734,华侨大学,,首选历史，再选不限,541,6979,,,0,福建,公办,0,0
安徽,2025,历史类,本科批,1734,华侨大学,（004）,首选历史，再选思想政治,577,7192,,,0,福建,公办,0,0
安徽,2025,历史类,本科批,1737,华中师范大学,（006）,首选历史，再选不限,616,1179,,,0,湖北,公办,0,1
安徽,2025,历史类,本科批,1737,华中师范大学,（007）,首选历史，再选思想政治,621,1310,,,0,湖北,公办,0,1
安徽,2025,历史类,本科批,1738,怀化学院,（001）,首选历史，再选不限,518,24184,,,0,湖南,公办,0,0
安徽,2025,历史类,本科批,1740,淮阴师范学院,（001）,首选历史，再选不限,546,15309,,,0,江苏,公办,0,0
安徽,2025,历史类,本科批,1755,吉林大学,,首选历史，再选不限,617,626,,,26,吉林,公办,1,1
安徽,2025,历史类,本科批,1755,吉林大学,（007）,首选历史，再选思想政治,617,1630,,,7,吉林,公办,1,1
安徽,2025,历史类,本科批,1758,吉林工程技术师范学院,（001）,首选历史，再选不限,501,32982,,,0,吉林,公办,0,0
安徽,2025,历史类,本科批,1762,吉林建筑大学,,首选历史，再选不限,492,26691,,,0,吉林,公办,0,0
安徽,2025,历史类,本科批,1765,吉林警察学院,（001）,首选历史，再选不限,525,21104,,,0,吉林,公办,0,0
安徽,2025,历史类,本科批,1766,吉林农业大学,（001）,首选历史，再选不限,515,24564,,,0,吉林,公办,0,0
安徽,2025,历史类,本科批,1773,吉林外国语大学,,首选历史，再选不限,471,37788,,,0,吉林,民办,0,0
安徽,2025,历史类,本科批,1774,吉林医药学院,（001）,首选历史，再选不限,504,31122,,,0,吉林,公办,0,0
安徽,2025,历史类,本科批,1778,济南大学,（002）,首选历史，再选不限,554,9740,,,0,山东,公办,0,0
安徽,2025,历史类,本科批,1778,济南大学,（003）,首选历史，再选思想政治,572,8272,,,0,山东,公办,0,0
安徽,2025,历史类,本科批,1782,济宁学院,（001）,首选历史，再选不限,505,31122,,,0,山东,公办,0,0
安徽,2025,历史类,本科批,1791,嘉兴大学,（001）,首选历史，再选不限,553,9504,,,0,浙江,公办,0,0
安徽,2025,历史类,本科批,1801,江南大学,,首选历史，再选不限,594,1807,,,35,江苏,公办,0,1
安徽,2025,历史类,本科批,1801,江南大学,（006）,首选历史，再选思想政治,610,2199,,,4,江苏,公办,0,1
安徽,2025,历史类,本科批,1808,江苏大学,（001）,首选历史，再选不限,586,4564,,,8,江苏,公办,0,0
安徽,2025,历史类,本科批,1809,江苏第二师范学院,（001）,首选历史，再选不限,545,14718,,,7,江苏,公办,0,0
安徽,2025,历史类,本科批,1819,江苏科技大学,（001）,首选历史，再选不限,568,8500,,,9,江苏,公办,0,0
安徽,2025,历史类,本科批,1825,江苏师范大学,（001）,首选历史，再选不限,581,6080,,,0,江苏,公办,0,0
安徽,2025,历史类,本科批,1834,江西飞行学院,（001）,首选历史，再选不限,509,22270,,,2,江西,公办,0,0
安徽,2025,历史类,本科批,1854,江西理工大学,（001）,首选历史，再选不限,551,13503,,,7,江西,公办,0,0
安徽,2025,历史类,本科批,1856,江西农业大学,,首选历史，再选不限,544,10926,,,0,江西,公办,0,0
安徽,2025,历史类,本科批,1887,金陵科技学院,（001）,首选历史，再选不限,536,14109,,,9,江苏,公办,0,0
安徽,2025,历史类,本科批,1902,九江学院,,首选历史，再选不限,504,25852,,,0,江西,公办,0,0
安徽,2025,历史类,本科批,1902,九江学院,（003）,首选历史，再选地理,512,27994,,,0,江西,公办,0,0
安徽,2025,历史类,本科批,1906,喀什大学,（001）,首选历史，再选不限,502,29805,,,21,新疆,公办,0,0
安徽,2025,历史类,本科批,1906,喀什大学,（002）,首选历史，再选思想政治,505,31122,,,2,新疆,公办,0,0
安徽,2025,历史类,本科批,1919,昆明学院,（001）,首选历史，再选不限,516,24564,,,6,云南,公办,0,0
安徽,2025,历史类,本科批,1919,昆明学院,（002）,首选历史，再选思想政治,519,24995,,,2,云南,公办,0,0
安徽,2025,历史类,本科批,1930,兰州财经大学,,首选历史，再选不限,523,20338,,,0,甘肃,公办,0,0
安徽,2025,历史类,本科批,1932,兰州大学,（003）,首选历史，再选不限,611,1310,,,17,甘肃,公办,1,1
安徽,2025,历史类,本科批,1932,兰州大学,（004）,首选历史，再选思想政治,615,1806,,,5,甘肃,公办,1,1
安徽,2025,历史类,本科批,1942,廊坊师范学院,（001）,首选历史，再选不限,509,29349,,,5,河北,公办,0,0
安徽,2025,历史类,本科批,1942,廊坊师范学院,（002）,首选历史，再选思想政治,516,26278,,,3,河北,公办,0,0
安徽,2025,历史类,本科批,1949,连云港师范学院,（001）,首选历史，再选不限,517,24565,,,0,江苏,公办,0,0
安徽,2025,历史类,本科批,1951,辽东学院,,首选历史，再选不限,503,30698,,,0,辽宁,公办,0,0
安徽,2025,历史类,本科批,1951,辽东学院,（003）,首选历史，再选地理,505,31122,,,0,辽宁,公办,0,0
安徽,2025,历史类,本科批,1959,辽宁工业大学,（001）,首选历史，再选不限,519,23021,,,0,辽宁,公办,0,0
安徽,2025,历史类,本科批,1976,辽宁师范大学,,首选历史，再选不限,510,9224,,,20,辽宁,公办,0,0
安徽,2025,历史类,本科批,1985,辽宁中医药大学,,首选历史，再选不限,517,11479,,,0,辽宁,公办,0,0
安徽,2025,历史类,本科批,1989,聊城大学,,首选历史，再选不限,493,14109,,,0,山东,公办,0,0
安徽,2025,历史类,本科批,1992,临沂大学,（002）,首选历史，再选不限,545,15012,,,0,山东,公办,0,0
安徽,2025,历史类,本科批,1999,六盘水师范学院,（001）,首选历史，再选不限,504,31561,,,3,贵州,公办,0,0
安徽,2025,历史类,本科批,2001,龙岩学院,（001）,首选历史，再选不限,504,31561,,,0,福建,公办,0,0
安徽,2025,历史类,本科批,2006,鲁东大学,（001）,首选历史，再选不限,541,14408,,,0,山东,公办,0,0
安徽,2025,历史类,本科批,2015,吕梁学院,,首选历史，再选不限,501,28434,,,5,山西,公办,0,0
安徽,2025,历史类,本科批,2015,吕梁学院,（004）,首选历史，再选思想政治,510,28906,,,1,山西,公办,0,0
安徽,2025,历史类,本科批,2022,绵阳师范学院,（001）,首选历史，再选不限,517,24184,,,0,四川,公办,0,0
安徽,2025,历史类,本科批,2034,牡丹江师范学院,（001）,首选历史，再选不限,503,30698,,,15,黑龙江,公办,0,0
安徽,2025,历史类,本科批,2037,江西水利电力大学,（001）,首选历史，再选不限,521,16483,,,0,江西,公办,0,0
安徽,2025,历史类,本科批,2039,南昌航空大学,,首选历史，再选不限,522,10926,,,30,江西,公办,0,0
安徽,2025,历史类,本科批,2041,南昌交通学院,（001）,首选历史，再选不限,489,36833,,,0,江西,民办,0,0
安徽,2025,历史类,本科批,2044,南昌医学院,（001）,首选历史，再选不限,513,27528,,,0,江西,公办,0,0
安徽,2025,历史类,本科批,2044,南昌医学院,（002）,首选历史，再选生物,511,28434,,,0,江西,公办,0,0
安徽,2025,历史类,本科批,2052,南方医科大学,（001）,首选历史，再选不限,580,3415,,,0,广东,公办,0,0
安徽,2025,历史类,本科批,2053,南华大学,（001）,首选历史，再选不限,550,9976,,,0,湖南,公办,0,0
安徽,2025,历史类,本科批,2056,南京传媒学院,（001）,首选历史，再选不限,494,34384,,,0,江苏,民办,0,0
安徽,2025,历史类,本科批,2059,南京工程学院,（001）,首选历史，再选不限,557,10664,,,0,江苏,公办,0,0
安徽,2025,历史类,本科批,2060,南京工业大学,（001）,首选历史，再选不限,586,5530,,,3,江苏,公办,0,0
安徽,2025,历史类,本科批,2067,南京理工大学,（001）,首选历史，再选不限,602,2492,,,0,江苏,公办,0,1
安徽,2025,历史类,本科批,2067,南京理工大学,（002）,首选历史，再选思想政治,609,2382,,,0,江苏,公办,0,1
安徽,2025,历史类,本科批,2072,南京师范大学,（003）,首选历史，再选不限,616,1238,,,0,江苏,公办,0,1
安徽,2025,历史类,本科批,2072,南京师范大学,（004）,首选历史，再选思想政治,622,1238,,,0,江苏,公办,0,1
安徽,2025,历史类,本科批,2074,南京特殊教育师范学院,（001）,首选历史，再选不限,527,8963,,,36,江苏,公办,0,0
安徽,2025,历史类,本科批,2074,南京特殊教育师范学院,（002）,首选历史，再选思想政治,532,19975,,,1,江苏,公办,0,0
安徽,2025,历史类,本科批,2075,南京体育学院,（001）,首选历史，再选不限,528,21486,,,0,江苏,公办,0,0
安徽,2025,历史类,本科批,2078,南京信息工程大学,,首选历史，再选不限,575,3977,,,26,江苏,公办,0,0
安徽,2025,历史类,本科批,2101,内蒙古财经大学,,首选历史，再选不限,506,22639,,,0,内蒙古,公办,0,0
安徽,2025,历史类,本科批,2102,内蒙古大学,,首选历史，再选不限,579,3415,,,7,内蒙古,公办,0,1
安徽,2025,历史类,本科批,2102,内蒙古大学,（003）,首选历史，再选思想政治,580,5358,,,3,内蒙古,公办,0,1
安徽,2025,历史类,本科批,2104,内蒙古工业大学,（001）,首选历史，再选不限,525,22639,,,0,内蒙古,公办,0,0
安徽,2025,历史类,本科批,2116,宁波大学,,首选历史，再选不限,549,4267,,,0,浙江,公办,0,0
安徽,2025,历史类,本科批,2117,宁波工程学院,,首选历史，再选不限,527,15617,,,21,浙江,公办,0,0
安徽,2025,历史类,本科批,2124,宁夏大学,,首选历史，再选不限,580,5358,,,0,宁夏,公办,0,1
安徽,2025,历史类,本科批,2124,宁夏大学,（003）,首选历史，再选思想政治,580,6603,,,0,宁夏,公办,0,1
安徽,2025,历史类,本科批,2125,宁夏理工学院,（001）,首选历史，再选不限,477,31561,,,25,宁夏,民办,0,0
安徽,2025,历史类,本科批,2126,宁夏师范大学,,首选历史，再选不限,510,23021,,,23,宁夏,公办,0,0
安徽,2025,历史类,本科批,2126,宁夏师范大学,（004）,首选历史，再选思想政治,514,27096,,,4,宁夏,公办,0,0
安徽,2025,历史类,本科批,2131,攀枝花学院,（001）,首选历史，再选不限,516,26278,,,4,四川,公办,0,0
安徽,2025,历史类,本科批,2134,平顶山学院,（001）,首选历史，再选不限,505,30698,,,0,河南,公办,0,0
安徽,2025,历史类,本科批,2145,齐鲁医药学院,,首选历史，再选不限,491,36833,,,0,山东,民办,0,0
安徽,2025,历史类,本科批,2146,齐齐哈尔大学,（001）,首选历史，再选不限,513,27528,,,0,黑龙江,公办,0,0
安徽,2025,历史类,本科批,2148,齐齐哈尔工程学院,（001）,首选历史，再选不限,472,38755,,,8,黑龙江,民办,0,0
安徽,2025,历史类,本科批,2158,青岛大学,（001）,首选历史，再选不限,572,7192,,,0,山东,公办,0,0
安徽,2025,历史类,本科批,2166,青岛理工大学,（001）,首选历史，再选不限,551,13503,,,0,山东,公办,0,0
安徽,2025,历史类,本科批,2170,青海大学,（001）,首选历史，再选不限,568,6237,,,0,青海,公办,0,1
安徽,2025,历史类,本科批,2178,琼台师范学院,,首选历史，再选不限,462,31122,,,0,海南,公办,0,0
安徽,2025,历史类,本科批,2178,琼台师范学院,（004）,首选历史，再选思想政治,506,30698,,,0,海南,公办,0,0
安徽,2025,历史类,本科批,2179,曲阜师范大学,（001）,首选历史，再选不限,552,10422,,,0,山东,公办,0,0
安徽,2025,历史类,本科批,2179,曲阜师范大学,（002）,首选历史，再选思想政治,564,9224,,,0,山东,公办,0,0
安徽,2025,历史类,本科批,2183,衢州学院,（001）,首选历史，再选不限,520,23398,,,12,浙江,公办,0,0
安徽,2025,历史类,本科批,2201,三明学院,（001）,首选历史，再选不限,504,31122,,,2,福建,公办,0,0
安徽,2025,历史类,本科批,2213,山东财经大学,（001）,首选历史，再选不限,564,6080,,,0,山东,公办,0,0
安徽,2025,历史类,本科批,2217,山东大学,,首选历史，再选不限,623,713,,,42,山东,公办,1,1
安徽,2025,历史类,本科批,2217,山东大学,（007）,首选历史，再选思想政治,625,1045,,,8,山东,公办,1,1
安徽,2025,历史类,本科批,2218,山东大学（威海）,（003）,首选历史，再选不限,618,934,,,31,山东,公办,1,1
安徽,2025,历史类,本科批,2218,山东大学（威海）,（004）,首选历史，再选思想政治,620,1375,,,4,山东,公办,1,1
安徽,2025,历史类,本科批,2220,山东第一医科大学,,首选历史，再选不限,520,21858,,,35,山东,公办,0,0
安徽,2025,历史类,本科批,2223,山东工商学院,,首选历史，再选不限,499,15617,,,0,山东,公办,0,0
安徽,2025,历史类,本科批,2225,山东工艺美术学院,,首选历史，再选不限,499,30698,,,19,山东,公办,0,0
安徽,2025,历史类,本科批,2228,山东航空学院,（001）,首选历史，再选不限,516,26278,,,0,山东,公办,0,0
安徽,2025,历史类,本科批,2232,山东交通学院,（001）,首选历史，再选不限,528,18524,,,10,山东,公办,0,0
安徽,2025,历史类,本科批,2235,山东科技大学,（001）,首选历史，再选不限,584,5893,,,2,山东,公办,0,0
安徽,2025,历史类,本科批,2238,山东理工大学,（001）,首选历史，再选不限,537,15933,,,0,山东,公办,0,0
安徽,2025,历史类,本科批,2244,山东农业工程学院,（001）,首选历史，再选不限,514,23788,,,8,山东,公办,0,0
安徽,2025,历史类,本科批,2245,山东女子学院,,首选历史，再选不限,504,25852,,,5,山东,公办,0,0
安徽,2025,历史类,本科批,2251,山东师范大学,,首选历史，再选不限,545,6080,,,0,山东,公办,0,0
安徽,2025,历史类,本科批,2251,山东师范大学,（004）,首选历史，再选地理,578,6979,,,0,山东,公办,0,0
安徽,2025,历史类,本科批,2268,山东政法学院,（001）,首选历史，再选不限,553,8963,,,0,山东,公办,0,0
安徽,2025,历史类,本科批,2268,山东政法学院,（002）,首选历史，再选思想政治,552,13503,,,0,山东,公办,0,0
安徽,2025,历史类,本科批,2277,山西工程科技职业大学,（001）,首选历史，再选不限,503,32050,,,3,山西,公办,0,0
安徽,2025,历史类,本科批,2281,山西科技学院,（001）,首选历史，再选不限,511,27994,,,6,山西,公办,0,0
安徽,2025,历史类,本科批,2283,山西农业大学,（001）,首选历史，再选不限,521,23021,,,0,山西,公办,0,0
安徽,2025,历史类,本科批,2283,山西农业大学,（002）,首选历史，再选思想政治,529,19588,,,0,山西,公办,0,0
安徽,2025,历史类,本科批,2285,山西师范大学,（001）,首选历史，再选不限,545,12014,,,7,山西,公办,0,0
安徽,2025,历史类,本科批,2285,山西师范大学,（002）,首选历史，再选思想政治,562,10664,,,1,山西,公办,0,0
安徽,2025,历史类,本科批,2289,山西医科大学,（001）,首选历史，再选不限,523,22270,,,7,山西,公办,0,0
安徽,2025,历史类,本科批,2289,山西医科大学,（002）,首选历史，再选生物,507,30259,,,3,山西,公办,0,0
安徽,2025,历史类,本科批,2303,陕西理工大学,（001）,首选历史，再选不限,518,21104,,,0,陕西,公办,0,0
安徽,2025,历史类,本科批,2303,陕西理工大学,（002）,首选历史，再选地理,543,16264,,,0,陕西,公办,0,0
安徽,2025,历史类,本科批,2308,陕西学前师范学院,（001）,首选历史，再选不限,502,25419,,,0,陕西,公办,0,0
安徽,2025,历史类,本科批,2308,陕西学前师范学院,（002）,首选历史，再选思想政治,522,23788,,,0,陕西,公办,0,0
安徽,2025,历史类,本科批,2321,上海财经大学,（001）,首选历史，再选不限,625,420,,,0,上海,公办,0,1
安徽,2025,历史类,本科批,2321,上海财经大学,（002）,首选历史，再选思想政治,621,1310,,,0,上海,公办,0,1
安徽,2025,历史类,本科批,2325,上海第二工业大学,（001）,首选历史，再选不限,549,11738,,,0,上海,公办,0,0
安徽,2025,历史类,本科批,2331,上海对外经贸大学,,首选历史，再选不限,570,3680,,,0,上海,公办,0,0
安徽,2025,历史类,本科批,2337,上海海事大学,（001）,首选历史，再选不限,585,3545,,,0,上海,公办,0,0
安徽,2025,历史类,本科批,2338,上海海洋大学,（001）,首选历史，再选不限,583,5358,,,0,上海,公办,0,0
安徽,2025,历史类,本科批,2349,上海理工大学,,首选历史，再选不限,554,7421,,,0,上海,公办,0,0
安徽,2025,历史类,本科批,2351,上海立信会计金融学院,（002）,首选历史，再选不限,562,6788,,,0,上海,公办,0,0
安徽,2025,历史类,本科批,2360,上海杉达学院,,首选历史，再选不限,461,34384,,,0,上海,民办,0,0
安徽,2025,历史类,本科批,2361,上海商学院,,首选历史，再选不限,542,9976,,,0,上海,公办,0,0
安徽,2025,历史类,本科批,2362,上海师范大学,,首选历史，再选不限,564,4725,,,0,上海,公办,0,0
安徽,2025,历史类,本科批,2365,上海体育大学,,首选历史，再选不限,569,7632,,,0,上海,公办,0,0
安徽,2025,历史类,本科批,2367,上海戏剧学院,（001）,首选历史，再选不限,580,6406,,,0,上海,公办,0,0
安徽,2025,历史类,本科批,2374,上海政法学院,,首选历史，再选不限,564,3034,,,0,上海,公办,0,0
安徽,2025,历史类,本科批,2374,上海政法学院,（004）,首选历史，再选思想政治,580,6080,,,0,上海,公办,0,0
安徽,2025,历史类,本科批,2376,上海中医药大学,（001）,首选历史，再选不限,579,6788,,,0,上海,公办,0,0
安徽,2025,历史类,本科批,2383,绍兴文理学院,（001）,首选历史，再选不限,535,15309,,,20,浙江,公办,0,0
安徽,2025,历史类,本科批,2386,深圳大学,（001）,首选历史，再选不限,602,2094,,,20,广东,公办,0,0
安徽,2025,历史类,本科批,2387,深圳技术大学,（001）,首选历史，再选不限,571,7632,,,6,广东,公办,0,0
安徽,2025,历史类,本科批,2393,沈阳大学,,首选历史，再选不限,524,17228,,,21,辽宁,公办,0,0
安徽,2025,历史类,本科批,2398,沈阳化工大学,（001）,首选历史，再选不限,516,26278,,,0,辽宁,公办,0,0
安徽,2025,历史类,本科批,2401,沈阳理工大学,（001）,首选历史，再选不限,539,16876,,,2,辽宁,公办,0,0
安徽,2025,历史类,本科批,2403,沈阳师范大学,,首选历史，再选不限,505,15933,,,58,辽宁,公办,0,0
安徽,2025,历史类,本科批,2403,沈阳师范大学,（003）,首选历史，再选思想政治,544,15933,,,2,辽宁,公办,0,0
安徽,2025,历史类,本科批,2409,石河子大学,（001）,首选历史，再选不限,568,6406,,,25,新疆,公办,0,1
安徽,2025,历史类,本科批,2413,石家庄铁道大学,,首选历史，再选不限,558,9740,,,0,河北,公办,0,0
安徽,2025,历史类,本科批,2421,首都经济贸易大学,（001）,首选历史，再选不限,586,5530,,,0,北京,公办,0,0
安徽,2025,历史类,本科批,2443,四川旅游学院,（001）,首选历史，再选不限,510,28434,,,6,四川,公办,0,0
安徽,2025,历史类,本科批,2449,四川师范大学,,首选历史，再选不限,537,6237,,,0,四川,公办,0,0
安徽,2025,历史类,本科批,2449,四川师范大学,（005）,首选历史，再选地理,567,8722,,,0,四川,公办,0,0
安徽,2025,历史类,本科批,2449,四川师范大学,（004）,首选历史，再选思想政治,565,8722,,,0,四川,公办,0,0
安徽,2025,历史类,本科批,2453,四川外国语大学,,首选历史，再选不限,531,8273,,,0,重庆,公办,0,0
安徽,2025,历史类,本科批,2453,四川外国语大学,（005）,首选历史，再选思想政治,572,8047,,,0,重庆,公办,0,0
安徽,2025,历史类,本科批,2457,四川文理学院,（001）,首选历史，再选不限,505,30698,,,12,四川,公办,0,0
安徽,2025,历史类,本科批,2457,四川文理学院,（002）,首选历史，再选思想政治,521,24184,,,2,四川,公办,0,0
安徽,2025,历史类,本科批,2467,苏州城市学院,（001）,首选历史，再选不限,553,13186,,,5,江苏,公办,0,0
安徽,2025,历史类,本科批,2470,苏州工学院,（001）,首选历史，再选不限,544,14718,,,8,江苏,公办,0,0
安徽,2025,历史类,本科批,2477,苏州科技大学,（001）,首选历史，再选不限,574,7421,,,0,江苏,公办,0,0
安徽,2025,历史类,本科批,2477,苏州科技大学,（002）,首选历史，再选思想政治,576,7421,,,0,江苏,公办,0,0
安徽,2025,历史类,本科批,2482,宿迁学院,（001）,首选历史，再选不限,523,20729,,,0,江苏,公办,0,0
安徽,2025,历史类,本科批,2486,绥化学院,,首选历史，再选不限,502,31561,,,10,黑龙江,公办,0,0
安徽,2025,历史类,本科批,2494,台州学院,,首选历史，再选不限,529,18857,,,10,浙江,公办,0,0
安徽,2025,历史类,本科批,2500,太原师范学院,,首选历史，再选不限,491,21104,,,0,山西,公办,0,0
安徽,2025,历史类,本科批,2500,太原师范学院,（003）,首选历史，再选地理,523,23398,,,0,山西,公办,0,0
安徽,2025,历史类,本科批,2501,太原学院,（001）,首选历史，再选不限,503,29349,,,0,山西,公办,0,0
安徽,2025,历史类,本科批,2504,泰山学院,（001）,首选历史，再选不限,504,31561,,,5,山东,公办,0,0
安徽,2025,历史类,本科批,2524,天津工业大学,,首选历史，再选不限,547,5530,,,23,天津,公办,0,0
安徽,2025,历史类,本科批,2535,天津农学院,（001）,首选历史，再选不限,516,24184,,,13,天津,公办,0,0
安徽,2025,历史类,本科批,2541,天津师范大学,（001）,首选历史，再选不限,553,6237,,,0,天津,公办,0,0
安徽,2025,历史类,本科批,2541,天津师范大学,（002）,首选历史，再选思想政治,575,6979,,,0,天津,公办,0,0
安徽,2025,历史类,本科批,2554,天津职业技术师范大学,（001）,首选历史，再选不限,528,19233,,,0,天津,公办,0,0
安徽,2025,历史类,本科批,2558,天水师范大学,（001）,首选历史，再选不限,517,25852,,,0,甘肃,公办,0,0
安徽,2025,历史类,本科批,2558,天水师范大学,（002）,首选历史，再选地理,511,28434,,,0,甘肃,公办,0,0
安徽,2025,历史类,本科批,2582,温州大学,,首选历史，再选不限,571,6406,,,0,浙江,公办,0,0
安徽,2025,历史类,本科批,2586,温州商学院,（001）,首选历史，再选不限,481,33445,,,16,浙江,民办,0,0
安徽,2025,历史类,本科批,2590,文山学院,（001）,首选历史，再选不限,504,31561,,,5,云南,公办,0,0
安徽,2025,历史类,本科批,2603,五邑大学,（001）,首选历史，再选不限,545,15617,,,1,广东,公办,0,0
安徽,2025,历史类,本科批,2621,武汉工商学院,,首选历史，再选不限,488,33445,,,0,湖北,民办,0,0
安徽,2025,历史类,本科批,2625,武汉华夏理工学院,（001）,首选历史，再选不限,487,38755,,,0,湖北,民办,0,0
安徽,2025,历史类,本科批,2628,武汉科技大学,（001）,首选历史，再选不限,573,6603,,,0,湖北,公办,0,0
安徽,2025,历史类,本科批,2630,武汉理工大学,,首选历史，再选不限,598,2806,,,0,湖北,公办,0,1
安徽,2025,历史类,本科批,2630,武汉理工大学,（003）,首选历史，再选思想政治,607,2600,,,0,湖北,公办,0,1
安徽,2025,历史类,本科批,2632,武汉轻工大学,,首选历史，再选不限,523,13186,,,0,湖北,公办,0,0
安徽,2025,历史类,本科批,2636,武汉商学院,（001）,首选历史，再选不限,537,15617,,,0,湖北,公办,0,0
安徽,2025,历史类,本科批,2662,西安交通大学,（003）,首选历史，再选不限,631,555,,,0,陕西,公办,1,1
安徽,2025,历史类,本科批,2663,西安交通工程学院,（001）,首选历史，再选不限,484,40246,,,0,陕西,民办,0,0
安徽,2025,历史类,本科批,2666,西安美术学院,（001）,首选历史，再选不限,522,20729,,,0,陕西,公办,0,0
安徽,2025,历史类,本科批,2667,西安明德理工学院,（001）,首选历史，再选不限,477,43742,,,0,陕西,民办,0,0
安徽,2025,历史类,本科批,2677,西安文理学院,,首选历史，再选不限,517,23788,,,17,陕西,公办,0,0
安徽,2025,历史类,本科批,2688,西北师范大学,（001）,首选历史，再选不限,549,10199,,,0,甘肃,公办,0,0
安徽,2025,历史类,本科批,2688,西北师范大学,（003）,首选历史，再选思想政治,562,10664,,,0,甘肃,公办,0,0
安徽,2025,历史类,本科批,2689,西北政法大学,（001）,首选历史，再选不限,606,2093,,,0,陕西,公办,0,0
安徽,2025,历史类,本科批,2697,西交利物浦大学,（001）,首选历史，再选不限,559,11479,,,105,江苏,中外合作办学,0,0
安徽,2025,历史类,本科批,2698,西京学院,（001）,首选历史，再选不限,487,39761,,,16,陕西,民办,0,0
安徽,2025,历史类,本科批,2698,西京学院,（002）,首选历史，再选思想政治,487,39247,,,5,陕西,民办,0,0
安徽,2025,历史类,本科批,2705,西南民族大学,（001）,首选历史，再选不限,567,8722,,,19,四川,公办,0,0
安徽,2025,历史类,本科批,2706,西南石油大学,（001）,首选历史，再选不限,581,6237,,,0,四川,公办,0,0
安徽,2025,历史类,本科批,2714,厦门工学院,（001）,首选历史，再选不限,484,39761,,,6,福建,民办,0,0
安徽,2025,历史类,本科批,2726,咸阳师范学院,,首选历史，再选不限,477,28434,,,12,陕西,公办,0,0
安徽,2025,历史类,本科批,2729,湘南学院,（001）,首选历史，再选不限,522,20729,,,4,湖南,公办,0,0
安徽,2025,历史类,本科批,2731,湘潭大学,（001）,首选历史，再选不限,581,4107,,,53,湖南,公办,0,0
安徽,2025,历史类,本科批,2731,湘潭大学,（002）,首选历史，再选思想政治,588,4407,,,8,湖南,公办,0,0
安徽,2025,历史类,本科批,2740,新疆大学,（001）,首选历史，再选不限,577,6979,,,0,新疆,公办,0,1
安徽,2025,历史类,本科批,2740,新疆大学,（002）,首选历史，再选思想政治,575,7192,,,0,新疆,公办,0,1
安徽,2025,历史类,本科批,2760,新疆艺术学院,（001）,首选历史，再选不限,499,33914,,,0,新疆,公办,0,0
安徽,2025,历史类,本科批,2766,新余学院,,首选历史，再选不限,509,27096,,,15,江西,公办,0,0
安徽,2025,历史类,本科批,2769,信阳农林学院,（001）,首选历史，再选不限,505,30698,,,15,河南,公办,0,0
安徽,2025,历史类,本科批,2780,徐州工程学院,（001）,首选历史，再选不限,530,19588,,,0,江苏,公办,0,0
安徽,2025,历史类,本科批,2785,许昌学院,,首选历史，再选不限,503,29805,,,16,河南,公办,0,0
安徽,2025,历史类,本科批,2795,延安大学,（001）,首选历史，再选不限,532,19233,,,6,陕西,公办,0,0
安徽,2025,历史类,本科批,2797,延边大学,（001）,首选历史，再选不限,571,5358,,,0,吉林,公办,0,1
安徽,2025,历史类,本科批,2802,燕山大学,（001）,首选历史，再选不限,555,9740,,,24,河北,公办,0,0
安徽,2025,历史类,本科批,2803,扬州大学,,首选历史，再选不限,582,3977,,,19,江苏,公办,0,0
安徽,2025,历史类,本科批,2811,宜宾学院,（001）,首选历史，再选不限,515,25852,,,6,四川,公办,0,0
安徽,2025,历史类,本科批,2814,宜春学院,（001）,首选历史，再选不限,512,22270,,,11,江西,公办,0,0
安徽,2025,历史类,本科批,2814,宜春学院,（002）,首选历史，再选思想政治,520,24564,,,2,江西,公办,0,0
安徽,2025,历史类,本科批,2825,右江民族医学院,（001）,首选历史，再选生物,504,31561,,,1,广西,公办,0,0
安徽,2025,历史类,本科批,2827,榆林学院,（001）,首选历史，再选不限,506,30259,,,0,陕西,公办,0,0
安徽,2025,历史类,本科批,2828,玉林师范学院,,首选历史，再选不限,502,27528,,,0,广西,公办,0,0
安徽,2025,历史类,本科批,2829,玉溪师范学院,,首选历史，再选不限,505,26691,,,4,云南,公办,0,0
安徽,2025,历史类,本科批,2848,云南民族大学,（001）,首选历史，再选不限,520,24564,,,0,云南,公办,0,0
安徽,2025,历史类,本科批,2850,云南农业大学,（001）,首选历史，再选不限,507,30259,,,2,云南,公办,0,0
安徽,2025,历史类,本科批,2855,云南中医药大学,,首选历史，再选不限,526,12302,,,2,云南,公办,0,0
安徽,2025,历史类,本科批,2860,运城职业技术大学,（001）,首选历史，再选不限,489,36355,,,3,山西,民办,0,0
安徽,2025,历史类,本科批,2867,张家口学院,（001）,首选历史，再选不限,496,34846,,,10,河北,公办,0,0
安徽,2025,历史类,本科批,2880,浙江传媒学院,,首选历史，再选不限,548,8046,,,0,浙江,公办,0,0
安徽,2025,历史类,本科批,2886,浙江工商大学,（002）,首选历史，再选不限,583,3034,,,36,浙江,公办,0,0
安徽,2025,历史类,本科批,2888,浙江工业大学,,首选历史，再选不限,570,5530,,,14,浙江,公办,0,0
安徽,2025,历史类,本科批,2892,浙江海洋大学,（001）,首选历史，再选不限,539,14109,,,12,浙江,公办,0,0
安徽,2025,历史类,本科批,2894,浙江机电职业技术大学,（001）,首选历史，再选不限,502,32050,,,0,浙江,公办,0,0
安徽,2025,历史类,本科批,2901,浙江科技大学,（001）,首选历史，再选不限,556,12302,,,4,浙江,公办,0,0
安徽,2025,历史类,本科批,2902,浙江理工大学,（001）,首选历史，再选不限,579,6788,,,0,浙江,公办,0,0
安徽,2025,历史类,本科批,2904,浙江农林大学,,首选历史，再选不限,574,5713,,,9,浙江,公办,0,0
安徽,2025,历史类,本科批,2907,浙江师范大学,,首选历史，再选不限,541,5358,,,17,浙江,公办,0,0
安徽,2025,历史类,本科批,2908,浙江树人学院,（001）,首选历史，再选不限,489,32521,,,14,浙江,民办,0,0
安徽,2025,历史类,本科批,2912,浙江外国语学院,,首选历史，再选不限,522,10926,,,19,浙江,公办,0,0
安徽,2025,历史类,本科批,2913,浙江万里学院,（001）,首选历史，再选不限,506,21486,,,0,浙江,公办,0,0
安徽,2025,历史类,本科批,2920,浙江中医药大学,（001）,首选历史，再选不限,568,9224,,,2,浙江,公办,0,0
安徽,2025,历史类,本科批,2926,郑州工程技术学院,（001）,首选历史，再选不限,502,32050,,,0,河南,公办,0,0
安徽,2025,历史类,本科批,2948,中北大学,（001）,首选历史，再选不限,538,16572,,,14,山西,公办,0,0
安徽,2025,历史类,本科批,2949,中国传媒大学,,首选历史，再选不限,600,934,,,0,北京,公办,0,1
安徽,2025,历史类,本科批,2949,中国传媒大学,（007）,首选历史，再选思想政治,612,2093,,,0,北京,公办,0,1
安徽,2025,历史类,本科批,2950,中国地质大学（北京）,（001）,首选历史，再选不限,599,3034,,,0,北京,公办,0,1
安徽,2025,历史类,本科批,2951,中国地质大学（武汉）,（002）,首选历史，再选不限,599,2701,,,0,湖北,公办,0,1
安徽,2025,历史类,本科批,2951,中国地质大学（武汉）,（003）,首选历史，再选思想政治,602,3035,,,0,湖北,公办,0,1
安徽,2025,历史类,本科批,2952,中国海洋大学,,首选历史，再选不限,612,1375,,,0,山东,公办,1,1
安徽,2025,历史类,本科批,2952,中国海洋大学,（005）,首选历史，再选思想政治,616,1730,,,0,山东,公办,1,1
安徽,2025,历史类,本科批,2953,中国计量大学,（001）,首选历史，再选不限,566,5713,,,4,浙江,公办,0,0
安徽,2025,历史类,本科批,2957,中国劳动关系学院,（003）,首选历史，再选不限,552,10199,,,0,北京,公办,0,0
安徽,2025,历史类,本科批,2957,中国劳动关系学院,（004）,首选历史，再选思想政治,546,13809,,,0,北京,公办,0,0
安徽,2025,历史类,本科批,2959,中国民航大学,（001）,首选历史，再选不限,576,4267,,,0,天津,公办,0,0
安徽,2025,历史类,本科批,2959,中国民航大学,（002）,首选历史，再选思想政治,581,6406,,,0,天津,公办,0,0
安徽,2025,历史类,本科批,2960,中国民用航空飞行学院,（001）,首选历史，再选不限,520,21486,,,5,四川,公办,0,0
安徽,2025,历史类,本科批,2960,中国民用航空飞行学院,（002）,首选历史，再选思想政治,529,21104,,,1,四川,公办,0,0
安徽,2025,历史类,本科批,2967,中国石油大学（北京）,（001）,首选历史，再选不限,603,3034,,,0,北京,公办,0,1
安徽,2025,历史类,本科批,2967,中国石油大学（北京）,（002）,首选历史，再选思想政治,606,2700,,,0,北京,公办,0,1
安徽,2025,历史类,本科批,2968,中国石油大学（北京）克拉玛依校区,（001）,首选历史，再选不限,572,6603,,,0,新疆,公办,0,1
安徽,2025,历史类,本科批,2968,中国石油大学（北京）克拉玛依校区,（002）,首选历史，再选思想政治,573,8046,,,0,新疆,公办,0,1
安徽,2025,历史类,本科批,2969,中国石油大学（华东）,（001）,首选历史，再选不限,595,3285,,,0,山东,公办,0,1
安徽,2025,历史类,本科批,2977,中华女子学院,（002）,首选历史，再选不限,538,15309,,,26,北京,公办,0,0
安徽,2025,历史类,本科批,2979,中南大学,（003）,首选历史，再选不限,622,870,,,23,湖南,公办,1,1
安徽,2025,历史类,本科批,2980,中南林业科技大学,（001）,首选历史，再选不限,544,13503,,,27,湖南,公办,0,0
安徽,2025,历史类,本科批,2985,中央财经大学,,首选历史，再选不限,609,663,,,0,北京,公办,0,1
安徽,2025,历史类,本科批,2986,中央美术学院,（001）,首选历史，再选不限,560,7632,,,0,北京,公办,0,0
安徽,2025,历史类,本科批,2987,中央民族大学,（002）,首选历史，再选不限,615,1458,,,0,北京,公办,1,1
安徽,2025,历史类,本科批,2989,中央戏剧学院,（001）,首选历史，再选不限,587,3818,,,0,北京,公办,0,0
安徽,2025,历史类,本科批,2991,中原工学院,（001）,首选历史，再选不限,524,22270,,,0,河南,公办,0,0
安徽,2025,历史类,本科批,5003,长春大学旅游学院,（001）,首选历史，再选不限,472,46272,,,0,吉林,民办,0,0
安徽,2025,历史类,本科批,5014,东南大学成贤学院,（001）,首选历史，再选不限,498,30698,,,0,江苏,民办,0,0
安徽,2025,历史类,本科批,5017,福州大学至诚学院,（001）,首选历史，再选不限,493,35856,,,10,福建,民办,0,0
安徽,2025,历史类,本科批,5022,杭州电子科技大学信息工程学院,（001）,首选历史，再选不限,497,34384,,,0,浙江,民办,0,0
安徽,2025,历史类,本科批,5056,南京财经大学红山学院,（001）,首选历史，再选不限,499,30698,,,0,江苏,民办,0,0
安徽,2025,历史类,本科批,5062,南京师范大学泰州学院,（001）,首选历史，再选不限,497,31122,,,0,江苏,民办,0,0
安徽,2025,历史类,本科批,5068,宁波大学科学技术学院,（001）,首选历史，再选不限,508,15309,,,0,浙江,民办,0,0
安徽,2025,历史类,本科批,5078,石家庄铁道大学四方学院,（001）,首选历史，再选不限,500,33445,,,2,河北,民办,0,0
安徽,2025,历史类,本科批,5080,苏州大学应用技术学院,（001）,首选历史，再选不限,497,25852,,,20,江苏,民办,0,0
安徽,2025,历史类,本科批,5084,天津商业大学宝德学院,,首选历史，再选不限,485,35339,,,0,天津,民办,0,0
安徽,2025,历史类,本科批,5085,天津外国语大学滨海外事学院,（001）,首选历史，再选不限,488,36833,,,0,天津,民办,0,0
安徽,2025,历史类,本科批,5085,天津外国语大学滨海外事学院,（002）,首选历史，再选思想政治,491,37788,,,0,天津,民办,0,0
安徽,2025,历史类,本科批,5095,西南财经大学天府学院,,首选历史，再选不限,492,34384,,,0,四川,民办,0,0
安徽,2025,历史类,本科批,5095,西南财经大学天府学院,（004）,首选历史，再选化学,485,40761,,,0,四川,民办,0,0
安徽,2025,历史类,本科批,5100,浙江财经大学东方学院,（001）,首选历史，再选不限,499,31561,,,15,浙江,民办,0,0
安徽,2025,历史类,本科批,5101,浙江工商大学杭州商学院,（001）,首选历史，再选不限,495,34384,,,23,浙江,民办,0,0
安徽,2025,历史类,本科批,5102,浙江工业大学之江学院,（001）,首选历史，再选不限,502,30698,,,11,浙江,民办,0,0
安徽,2025,历史类,本科批,5107,中国矿业大学徐海学院,（001）,首选历史，再选不限,497,32050,,,0,江苏,民办,0,0
安徽,2025,历史类,本科批,9002,安徽财经大学,（003）,首选历史，再选不限,554,8046,,,1365,安徽,公办,0,0
安徽,2025,历史类,本科批,9007,安徽农业大学,（001）,首选历史，再选不限,560,8046,,,578,安徽,公办,0,0
安徽,2025,历史类,本科批,9008,安徽师范大学,,首选历史，再选不限,531,6406,,,0,安徽,公办,0,0
安徽,2025,历史类,本科批,9008,安徽师范大学,（044）,首选历史，再选地理,575,7632,,,0,安徽,公办,0,0
安徽,2025,历史类,本科批,9008,安徽师范大学,（043）,首选历史，再选思想政治,576,7421,,,0,安徽,公办,0,0
安徽,2025,历史类,本科批,9009,安徽医科大学,,首选历史，再选不限,525,11176,,,238,安徽,公办,0,0
安徽,2025,历史类,本科批,9010,安徽中医药大学,,首选历史，再选不限,529,10199,,,442,安徽,公办,0,0
安徽,2025,历史类,本科批,9010,安徽中医药大学,（006）,首选历史，再选化学,525,22639,,,1,安徽,公办,0,0
安徽,2025,历史类,本科批,9011,安庆师范大学,（007）,首选历史，再选不限,540,14109,,,475,安徽,公办,0,0
安徽,2025,历史类,本科批,9011,安庆师范大学,（010）,首选历史，再选地理,555,12563,,,11,安徽,公办,0,0
安徽,2025,历史类,本科批,9011,安庆师范大学,（009）,首选历史，再选思想政治,551,13809,,,50,安徽,公办,0,0
安徽,2025,历史类,本科批,9015,合肥大学,,首选历史，再选不限,519,14718,,,0,安徽,公办,0,0
安徽,2025,历史类,本科批,9102,蚌埠学院,（001）,首选历史，再选不限,511,27096,,,270,安徽,公办,0,0
安徽,2025,历史类,本科批,9106,池州学院,,首选历史，再选不限,506,27096,,,530,安徽,公办,0,0
安徽,2025,历史类,本科批,9106,池州学院,（005）,首选历史，再选地理,509,28434,,,84,安徽,公办,0,0
安徽,2025,历史类,本科批,9106,池州学院,（004）,首选历史，再选思想政治,514,27096,,,45,安徽,公办,0,0
安徽,2025,历史类,本科批,9111,淮南师范学院,（003）,首选历史，再选不限,524,21858,,,0,安徽,公办,0,0
安徽,2025,历史类,本科批,9111,淮南师范学院,（004）,首选历史，再选思想政治,527,21858,,,0,安徽,公办,0,0
安徽,2025,历史类,本科批,9114,皖南医学院,（001）,首选历史，再选不限,526,18524,,,109,安徽,公办,0,0
安徽,2025,历史类,本科批,9115,皖西学院,（002）,首选历史，再选不限,521,21858,,,0,安徽,公办,0,0
安徽,2025,历史类,本科批,9115,皖西学院,（003）,首选历史，再选地理,521,24184,,,0,安徽,公办,0,0
安徽,2025,历史类,本科批,9117,安徽艺术学院,（001）,首选历史，再选不限,504,30684,,,129,安徽,公办,0,0
安徽,2025,历史类,本科批,9120,安徽第二医学院,（021）,首选历史，再选不限,510,28906,,,25,安徽,公办,0,0
安徽,2025,历史类,本科批,9120,安徽第二医学院,（022）,首选历史，再选生物,511,28434,,,8,安徽,公办,0,0
安徽,2025,历史类,本科批,9121,安徽职业技术大学,（021）,首选历史，再选不限,501,32982,,,0,安徽,公办,0,0
安徽,2025,历史类,本科批,9201,蚌埠工商学院,（001）,首选历史，再选不限,491,35339,,,0,安徽,民办,0,0
安徽,2025,历史类,本科批,9203,马鞍山学院,（001）,首选历史，再选不限,483,40410,,,0,安徽,民办,0,0
安徽,2025,历史类,本科批,9204,合肥城市学院,（001）,首选历史，再选不限,481,41258,,,0,安徽,民办,0,0
安徽,2025,历史类,本科批,9205,合肥经济学院,（001）,首选历史，再选不限,492,34845,,,550,安徽,民办,0,0
安徽,2025,历史类,本科提前批,1604,黑龙江大学,,首选历史，再选不限,508,17228,,,0,黑龙江,公办,0,0
安徽,2025,历史类,本科提前批,1729,华东师范大学,,首选历史，再选不限,616,242,,,0,上海,公办,1,1
安徽,2025,历史类,本科提前批,1729,华东师范大学,（003）,首选历史，再选思想政治,642,342,,,0,上海,公办,1,1
安徽,2025,历史类,本科提前批,1737,华中师范大学,,首选历史，再选不限,578,555,,,0,湖北,公办,0,1
安徽,2025,历史类,本科提前批,1737,华中师范大学,（002）,首选历史，再选地理,632,663,,,0,湖北,公办,0,1
安徽,2025,历史类,本科提前批,2662,西安交通大学,（001）,首选历史，再选思想政治,630,763,,,0,陕西,公办,1,1
安徽,2025,历史类,本科提前批,2844,云南警官学院,,首选历史，再选思想政治,552,3034,,,0,云南,公办,0,0
安徽,2025,历史类,本科提前批,2964,中国人民公安大学,,首选历史，再选思想政治,603,199,,,0,北京,公办,0,0
安徽,2025,历史类,本科提前批,2971,中国消防救援学院,（001）,首选历史，再选思想政治,565,9976,,,0,北京,公办,0,0
安徽,2025,历史类,本科提前批,2972,中国刑事警察学院,,首选历史，再选思想政治,583,1108,,,20,辽宁,公办,0,0
安徽,2025,历史类,本科提前批,9008,安徽师范大学,,首选历史，再选不限,565,4407,,,0,安徽,公办,0,0
安徽,2025,历史类,本科提前批,9008,安徽师范大学,,首选历史，再选思想政治,570,3680,,,0,安徽,公办,0,0
安徽,2025,历史类,本科提前批,9010,安徽中医药大学,（001）,首选历史，再选不限,563,10422,,,56,安徽,公办,0,0
安徽,2025,历史类,本科提前批,9109,合肥师范学院,（061）,首选历史，再选不限,519,9740,,,20,安徽,公办,0,0
安徽,2025,历史类,本科提前批,9111,淮南师范学院,（061）,首选历史，再选不限,522,23788,,,0,安徽,公办,0,0
安徽,2025,历史类,高校专项计划批,1729,华东师范大学,（006）,首选历史，再选不限,620,934,,,0,上海,公办,1,1
安徽,2025,历史类,高校专项计划批,1729,华东师范大学,（007）,首选历史，再选思想政治,617,1630,,,0,上海,公办,1,1
安徽,2025,历史类,高校专项计划批,1737,华中师范大学,（005）,首选历史，再选不限,591,2492,,,0,湖北,公办,0,1
安徽,2025,历史类,高校专项计划批,2072,南京师范大学,（002）,首选历史，再选不限,605,2382,,,0,江苏,公办,0,1
安徽,2025,物理类,专科批,1008,安阳职业技术学院,（001）,首选物理，再选不限,365,231328,,,0,河南,公办,0,0
安徽,2025,物理类,专科批,1016,包头轻工职业技术学院,（001）,首选物理，再选不限,372,277796,,,0,内蒙古,公办,0,0
安徽,2025,物理类,专科批,1053,北京科技职业大学,（002）,首选物理，再选不限,475,154269,,,0,北京,公办,0,0
安徽,2025,物理类,专科批,1076,毕节职业技术学院,（001）,首选物理，再选不限,292,294467,,,20,贵州,公办,0,0
安徽,2025,物理类,专科批,1080,渤海船舶职业学院,（002）,首选物理，再选不限,395,243416,,,0,辽宁,公办,0,0
安徽,2025,物理类,专科批,1098,长春金融高等专科学校,（001）,首选物理，再选不限,384,266868,,,7,吉林,公办,0,0
安徽,2025,物理类,专科批,1135,常州机电职业技术学院,（001）,首选物理，再选不限,445,192766,,,59,江苏,公办,0,0
安徽,2025,物理类,专科批,1136,常州信息职业技术学院,（001）,首选物理，再选不限,471,161733,,,0,江苏,公办,0,0
安徽,2025,物理类,专科批,1160,重庆财经职业学院,（001）,首选物理，再选不限,442,201937,,,0,重庆,公办,0,0
安徽,2025,物理类,专科批,1173,重庆工程职业技术学院,,首选物理，再选不限,433,207029,,,11,重庆,公办,0,0
安徽,2025,物理类,专科批,1176,重庆工信职业学院,（001）,首选物理，再选不限,420,239558,,,0,重庆,公办,0,0
安徽,2025,物理类,专科批,1177,重庆工业职业技术大学,,首选物理，再选不限,459,188658,,,16,重庆,公办,0,0
安徽,2025,物理类,专科批,1180,重庆护理职业学院,（001）,首选物理，再选不限,278,285647,,,0,重庆,民办,0,0
安徽,2025,物理类,专科批,1181,重庆化工职业学院,（001）,首选物理，再选不限,393,246186,,,10,重庆,公办,0,0
安徽,2025,物理类,专科批,1196,重庆三峡医药高等专科学校,（001）,首选物理，再选不限,457,192766,,,0,重庆,公办,0,0
安徽,2025,物理类,专科批,1211,重庆幼儿师范高等专科学校,（001）,首选物理，再选不限,420,239558,,,0,重庆,公办,0,0
安徽,2025,物理类,专科批,1215,楚雄医药高等专科学校,,首选物理，再选化学、生物(2科必选),431,197990,,,7,云南,公办,0,0
安徽,2025,物理类,专科批,1221,大连东软信息学院,（004）,首选物理，再选不限,226,312950,,,0,辽宁,民办,0,0
安徽,2025,物理类,专科批,1228,大连科技学院,（002）,首选物理，再选不限,284,275835,,,0,辽宁,民办,0,0
安徽,2025,物理类,专科批,1236,大连职业技术学院,（001）,首选物理，再选不限,377,228048,,,0,辽宁,公办,0,0
安徽,2025,物理类,专科批,1262,东莞职业技术学院,（001）,首选物理，再选不限,434,220279,,,0,广东,公办,0,0
安徽,2025,物理类,专科批,1276,福建电力职业技术学院,（001）,首选物理，再选不限,444,210729,,,0,福建,公办,0,0
安徽,2025,物理类,专科批,1319,赣南卫生健康职业学院,（001）,首选物理，再选不限,439,219108,,,0,江西,公办,0,0
安徽,2025,物理类,专科批,1319,赣南卫生健康职业学院,（002）,首选物理，再选化学、生物(2科必选),444,207029,,,0,江西,公办,0,0
安徽,2025,物理类,专科批,1354,广东水利电力职业技术学院,（001）,首选物理，再选不限,396,246186,,,0,广东,公办,0,0
安徽,2025,物理类,专科批,1386,广西水利电力职业技术学院,（001）,首选物理，再选不限,386,262398,,,0,广西,公办,0,0
安徽,2025,物理类,专科批,1387,广西体育高等专科学校,（001）,首选物理，再选不限,324,297372,,,0,广西,公办,0,0
安徽,2025,物理类,专科批,1401,广州职业技术大学,（001）,首选物理，再选不限,424,219108,,,20,广东,公办,0,0
安徽,2025,物理类,专科批,1500,海南外国语职业学院,（001）,首选物理，再选不限,378,253350,,,0,海南,公办,0,0
安徽,2025,物理类,专科批,1501,海南卫生健康职业学院,（001）,首选物理，再选不限,380,237609,,,0,海南,公办,0,0
安徽,2025,物理类,专科批,1509,汉江师范学院,（002）,首选物理，再选不限,443,199321,,,17,湖北,公办,0,0
安徽,2025,物理类,专科批,1513,杭州科技职业技术学院,（001）,首选物理，再选不限,456,184616,,,16,浙江,公办,0,0
安徽,2025,物理类,专科批,1517,杭州职业技术大学,（001）,首选物理，再选不限,469,161733,,,0,浙江,公办,0,0
安徽,2025,物理类,专科批,1534,河北轨道运输职业技术学院,（001）,首选物理，再选不限,445,194128,,,0,河北,公办,0,0
安徽,2025,物理类,专科批,1535,河北化工医药职业技术学院,（001）,首选物理，再选不限,416,240505,,,8,河北,公办,0,0
安徽,2025,物理类,专科批,1540,河北交通职业技术学院,（002）,首选物理，再选不限,403,246186,,,0,河北,公办,0,0
安徽,2025,物理类,专科批,1544,河北科技工程职业技术大学,（003）,首选物理，再选不限,412,244351,,,0,河北,公办,0,0
安徽,2025,物理类,专科批,1552,河北软件职业技术学院,（001）,首选物理，再选不限,378,273834,,,0,河北,公办,0,0
安徽,2025,物理类,专科批,1588,河南医学高等专科学校,（002）,首选物理，再选不限,431,228048,,,0,河南,公办,0,0
安徽,2025,物理类,专科批,1598,鹤壁职业技术学院,（001）,首选物理，再选不限,200,284514,,,0,河南,公办,0,0
安徽,2025,物理类,专科批,1616,黑龙江农垦职业学院,（001）,首选物理，再选不限,306,279080,,,53,黑龙江,公办,0,0
安徽,2025,物理类,专科批,1617,黑龙江农业工程职业学院,,首选物理，再选不限,377,244351,,,0,黑龙江,公办,0,0
安徽,2025,物理类,专科批,1666,湖北职业技术学院,（001）,首选物理，再选不限,428,215586,,,82,湖北,公办,0,0
安徽,2025,物理类,专科批,1799,江汉艺术职业学院,（001）,首选物理，再选不限,343,280384,,,66,湖北,公办,0,0
安徽,2025,物理类,专科批,1806,江苏城市职业学院,（001）,首选物理，再选不限,468,177597,,,0,江苏,公办,0,0
安徽,2025,物理类,专科批,1810,江苏电子信息职业学院,（001）,首选物理，再选不限,436,217904,,,0,江苏,公办,0,0
安徽,2025,物理类,专科批,1811,江苏工程职业技术学院,（001）,首选物理，再选不限,441,192766,,,42,江苏,公办,0,0
安徽,2025,物理类,专科批,1817,江苏建筑职业技术学院,（001）,首选物理，再选不限,429,215586,,,45,江苏,公办,0,0
安徽,2025,物理类,专科批,1818,江苏经贸职业技术学院,（001）,首选物理，再选不限,454,166052,,,29,江苏,公办,0,0
安徽,2025,物理类,专科批,1844,江西航空职业技术学院,（002）,首选物理，再选不限,425,216809,,,13,江西,民办,0,0
安徽,2025,物理类,专科批,1847,江西机电职业技术学院,（001）,首选物理，再选不限,412,237609,,,6,江西,公办,0,0
安徽,2025,物理类,专科批,1872,江西医学高等专科学校,,首选物理，再选不限,423,226948,,,0,江西,公办,0,0
安徽,2025,物理类,专科批,1872,江西医学高等专科学校,,首选物理，再选化学,372,214395,,,0,江西,公办,0,0
安徽,2025,物理类,专科批,1872,江西医学高等专科学校,（006）,首选物理，再选化学、生物(2科必选),447,209487,,,0,江西,公办,0,0
安徽,2025,物理类,专科批,1874,江西应用技术职业学院,（001）,首选物理，再选不限,424,155807,,,15,江西,公办,0,0
安徽,2025,物理类,专科批,1878,江西制造职业技术学院,（001）,首选物理，再选不限,428,220279,,,0,江西,公办,0,0
安徽,2025,物理类,专科批,1880,抚州医药学院,,首选物理，再选不限,426,217905,,,0,江西,公办,0,0
安徽,2025,物理类,专科批,1945,黎明职业大学,,首选物理，再选不限,373,246186,,,27,福建,公办,0,0
安徽,2025,物理类,专科批,1949,连云港师范学院,（002）,首选物理，再选不限,442,215586,,,0,江苏,公办,0,0
安徽,2025,物理类,专科批,1950,连云港职业技术学院,（001）,首选物理，再选不限,416,225868,,,0,江苏,公办,0,0
安徽,2025,物理类,专科批,1961,辽宁轨道交通职业学院,（001）,首选物理，再选不限,428,224757,,,0,辽宁,公办,0,0
安徽,2025,物理类,专科批,1971,辽宁民族师范高等专科学校,（001）,首选物理，再选不限,329,284514,,,0,辽宁,公办,0,0
安徽,2025,物理类,专科批,1974,辽宁生态工程职业学院,（001）,首选物理，再选不限,330,289839,,,0,辽宁,公办,0,0
安徽,2025,物理类,专科批,1980,辽宁铁道职业技术学院,（001）,首选物理，再选不限,440,183207,,,0,辽宁,公办,0,0
安徽,2025,物理类,专科批,1986,辽宁装备制造职业技术学院,（001）,首选物理，再选不限,349,273133,,,37,辽宁,公办,0,0
安徽,2025,物理类,专科批,1991,临汾职业技术学院,（001）,首选物理，再选不限,399,258327,,,2,山西,公办,0,0
安徽,2025,物理类,专科批,2019,湄洲湾职业技术学院,（001）,首选物理，再选不限,361,266868,,,30,福建,公办,0,0
安徽,2025,物理类,专科批,2031,闽西职业技术学院,（001）,首选物理，再选不限,385,260831,,,18,福建,公办,0,0
安徽,2025,物理类,专科批,2040,南昌健康职业技术学院,（001）,首选物理，再选不限,377,233458,,,10,江西,公办,0,0
安徽,2025,物理类,专科批,2063,南京机电职业技术学院,（001）,首选物理，再选不限,475,127752,,,0,江苏,公办,0,0
安徽,2025,物理类,专科批,2076,南京铁道职业技术学院,（001）,首选物理，再选不限,492,101477,,,162,江苏,公办,0,0
安徽,2025,物理类,专科批,2132,盘锦职业技术学院,（001）,首选物理，再选不限,338,291228,,,0,辽宁,公办,0,0
安徽,2025,物理类,专科批,2140,濮阳职业技术学院,（001）,首选物理，再选不限,346,291228,,,10,河南,公办,0,0
安徽,2025,物理类,专科批,2145,齐鲁医药学院,（004）,首选物理，再选不限,369,238608,,,0,山东,民办,0,0
安徽,2025,物理类,专科批,2182,曲靖健康医学院,（001）,首选物理，再选不限,446,210729,,,3,云南,公办,0,0
安徽,2025,物理类,专科批,2200,三门峡职业技术学院,（001）,首选物理，再选不限,392,246186,,,0,河南,公办,0,0
安徽,2025,物理类,专科批,2208,三亚护理职业学院,（001）,首选物理，再选不限,180,320779,,,0,海南,民办,0,0
安徽,2025,物理类,专科批,2237,山东劳动职业技术学院,（001）,首选物理，再选不限,324,294923,,,0,山东,公办,0,0
安徽,2025,物理类,专科批,2248,山东商务职业学院,（001）,首选物理，再选不限,363,277141,,,25,山东,公办,0,0
安徽,2025,物理类,专科批,2316,商丘工学院,（002）,首选物理，再选不限,309,306075,,,5,河南,民办,0,0
安徽,2025,物理类,专科批,2319,商丘职业技术学院,（001）,首选物理，再选不限,394,261639,,,0,河南,公办,0,0
安徽,2025,物理类,专科批,2320,上海邦德职业技术学院,（001）,首选物理，再选不限,215,244351,,,0,上海,民办,0,0
安徽,2025,物理类,专科批,2330,上海东海职业技术学院,（001）,首选物理，再选不限,198,306914,,,0,上海,民办,0,0
安徽,2025,物理类,专科批,2333,上海工商外国语职业学院,（001）,首选物理，再选不限,246,318091,,,0,上海,民办,0,0
安徽,2025,物理类,专科批,2334,上海工商职业技术学院,,首选物理，再选不限,188,287293,,,0,上海,民办,0,0
安徽,2025,物理类,专科批,2341,上海建设管理职业技术学院,（001）,首选物理，再选不限,417,236611,,,0,上海,公办,0,0
安徽,2025,物理类,专科批,2345,上海交通职业技术学院,（001）,首选物理，再选不限,432,200651,,,0,上海,公办,0,0
安徽,2025,物理类,专科批,2352,上海旅游高等专科学校,（001）,首选物理，再选不限,417,211972,,,12,上海,公办,0,0
安徽,2025,物理类,专科批,2355,上海闵行职业技术学院,（001）,首选物理，再选不限,425,225868,,,0,上海,公办,0,0
安徽,2025,物理类,专科批,2356,上海南湖职业技术学院,（001）,首选物理，再选不限,436,217904,,,0,上海,公办,0,0
安徽,2025,物理类,专科批,2358,上海农林职业技术学院,（001）,首选物理，再选不限,435,208291,,,0,上海,公办,0,0
安徽,2025,物理类,专科批,2359,上海浦东职业技术学院,（001）,首选物理，再选不限,432,194128,,,13,上海,公办,0,0
安徽,2025,物理类,专科批,2360,上海杉达学院,（004）,首选物理，再选不限,426,216809,,,0,上海,民办,0,0
安徽,2025,物理类,专科批,2368,上海现代化工职业学院,（001）,首选物理，再选不限,425,224757,,,0,上海,公办,0,0
安徽,2025,物理类,专科批,2369,上海行健职业学院,,首选物理，再选不限,420,203193,,,0,上海,公办,0,0
安徽,2025,物理类,专科批,2373,上海震旦职业学院,,首选物理，再选不限,205,305472,,,0,上海,民办,0,0
安徽,2025,物理类,专科批,2409,石河子大学,（006）,首选物理，再选化学,443,194128,,,41,新疆,公办,0,1
安徽,2025,物理类,专科批,2419,石家庄幼儿师范高等专科学校,,首选物理，再选不限,370,269724,,,4,河北,公办,0,0
安徽,2025,物理类,专科批,2451,四川铁道职业学院,（001）,首选物理，再选不限,447,197990,,,0,四川,公办,0,0
安徽,2025,物理类,专科批,2475,苏州健雄职业技术学院,（001）,首选物理，再选不限,424,222508,,,0,江苏,公办,0,0
安徽,2025,物理类,专科批,2479,苏州卫生职业技术学院,（001）,首选物理，再选不限,463,168871,,,0,江苏,公办,0,0
安徽,2025,物理类,专科批,2502,太原幼儿师范高等专科学校,（001）,首选物理，再选不限,268,305786,,,7,山西,公办,0,0
安徽,2025,物理类,专科批,2511,唐山幼儿师范高等专科学校,（001）,首选物理，再选不限,277,261639,,,7,河北,公办,0,0
安徽,2025,物理类,专科批,2571,威海职业学院,（002）,首选物理，再选不限,412,235570,,,17,山东,公办,0,0
安徽,2025,物理类,专科批,2572,潍坊工程职业学院,（002）,首选物理，再选不限,365,282200,,,0,山东,公办,0,0
安徽,2025,物理类,专科批,2586,温州商学院,（003）,首选物理，再选不限,416,235570,,,6,浙江,民办,0,0
安徽,2025,物理类,专科批,2594,无锡科技职业学院,（001）,首选物理，再选不限,451,199321,,,20,江苏,公办,0,0
安徽,2025,物理类,专科批,2631,武汉民政职业学院,（001）,首选物理，再选不限,410,230239,,,39,湖北,公办,0,0
安徽,2025,物理类,专科批,2651,西安城市建设职业学院,（001）,首选物理，再选不限,220,300450,,,0,陕西,民办,0,0
安徽,2025,物理类,专科批,2693,西藏职业技术学院,（001）,首选物理，再选不限,327,300096,,,3,西藏,公办,0,0
安徽,2025,物理类,专科批,2693,西藏职业技术学院,（002）,首选物理，再选化学,319,302243,,,9,西藏,公办,0,0
安徽,2025,物理类,专科批,2693,西藏职业技术学院,（003）,首选物理，再选化学、生物(2科必选),330,298940,,,5,西藏,公办,0,0
安徽,2025,物理类,专科批,2693,西藏职业技术学院,（005）,首选物理，再选地理,290,311031,,,5,西藏,公办,0,0
安徽,2025,物理类,专科批,2693,西藏职业技术学院,（004）,首选物理，再选生物、地理(2科必选),299,308826,,,4,西藏,公办,0,0
安徽,2025,物理类,专科批,2710,厦门城市职业学院,（001）,首选物理，再选不限,398,251593,,,0,福建,公办,0,0
安徽,2025,物理类,专科批,2734,襄阳科技职业学院,（001）,首选物理，再选不限,392,251593,,,10,湖北,公办,0,0
安徽,2025,物理类,专科批,2736,襄阳职业技术学院,,首选物理，再选不限,459,189977,,,12,湖北,公办,0,0
安徽,2025,物理类,专科批,2768,信阳航空职业学院,（001）,首选物理，再选不限,222,316430,,,0,河南,民办,0,0
安徽,2025,物理类,专科批,2769,信阳农林学院,（002）,首选物理，再选化学,377,274506,,,20,河南,公办,0,0
安徽,2025,物理类,专科批,2773,信阳职业技术学院,（001）,首选物理，再选不限,380,258327,,,22,河南,公办,0,0
安徽,2025,物理类,专科批,2784,徐州幼儿师范高等专科学校,（001）,首选物理，再选不限,400,257548,,,0,江苏,公办,0,0
安徽,2025,物理类,专科批,2788,烟台工程职业技术学院,（001）,首选物理，再选不限,362,277141,,,25,山东,公办,0,0
安徽,2025,物理类,专科批,2808,伊春职业学院,（001）,首选物理，再选不限,287,250677,,,19,黑龙江,公办,0,0
安徽,2025,物理类,专科批,2813,宜昌科技职业学院,（001）,首选物理，再选不限,373,269012,,,24,湖北,公办,0,0
安徽,2025,物理类,专科批,2816,宜春职业技术学院,（001）,首选物理，再选不限,423,226948,,,13,江西,公办,0,0
安徽,2025,物理类,专科批,2817,义乌工商职业技术学院,（001）,首选物理，再选不限,438,208291,,,0,浙江,公办,0,0
安徽,2025,物理类,专科批,2836,云南财经职业学院,（001）,首选物理，再选不限,396,260831,,,2,云南,公办,0,0
安徽,2025,物理类,专科批,2847,云南林业职业技术学院,（001）,首选物理，再选生物,402,229124,,,0,云南,公办,0,0
安徽,2025,物理类,专科批,2849,云南能源职业技术学院,（001）,首选物理，再选不限,372,270401,,,3,云南,公办,0,0
安徽,2025,物理类,专科批,2863,枣庄职业学院,,首选物理，再选不限,262,242450,,,37,山东,公办,0,0
安徽,2025,物理类,专科批,2867,张家口学院,（003）,首选物理，再选不限,462,183208,,,4,河北,公办,0,0
安徽,2025,物理类,专科批,2872,漳州职业技术学院,（001）,首选物理，再选不限,419,231328,,,0,福建,公办,0,0
安徽,2025,物理类,专科批,2875,肇庆医学院,（002）,首选物理，再选不限,450,201937,,,6,广东,公办,0,0
安徽,2025,物理类,专科批,2875,肇庆医学院,（003）,首选物理，再选化学,448,184616,,,9,广东,公办,0,0
安徽,2025,物理类,专科批,2878,浙江安防职业技术学院,（001）,首选物理，再选不限,422,223621,,,0,浙江,公办,0,0
安徽,2025,物理类,专科批,2889,浙江工业职业技术学院,（001）,首选物理，再选不限,436,221385,,,10,浙江,公办,0,0
安徽,2025,物理类,专科批,2891,浙江国际海运职业技术学院,,首选物理，再选不限,430,210729,,,0,浙江,公办,0,0
安徽,2025,物理类,专科批,2894,浙江机电职业技术大学,（002）,首选物理，再选不限,471,160272,,,0,浙江,公办,0,0
安徽,2025,物理类,专科批,2895,浙江建设职业技术学院,（002）,首选物理，再选不限,437,183207,,,0,浙江,公办,0,0
安徽,2025,物理类,专科批,2896,浙江交通职业技术学院,,首选物理，再选不限,461,179032,,,0,浙江,公办,0,0
安徽,2025,物理类,专科批,2899,浙江经贸职业技术学院,（001）,首选物理，再选不限,451,189977,,,13,浙江,公办,0,0
安徽,2025,物理类,专科批,2900,浙江警官职业学院,,首选物理，再选不限,440,204450,,,0,浙江,公办,0,0
安徽,2025,物理类,专科批,2906,浙江商业职业技术学院,（001）,首选物理，再选不限,440,201937,,,26,浙江,公办,0,0
安徽,2025,物理类,专科批,2916,浙江邮电职业技术学院,（001）,首选物理，再选不限,453,189977,,,24,浙江,公办,0,0
安徽,2025,物理类,专科批,2921,镇江市高等专科学校,（001）,首选物理，再选不限,432,219108,,,10,江苏,公办,0,0
安徽,2025,物理类,专科批,2925,郑州电力高等专科学校,（001）,首选物理，再选不限,465,183207,,,0,河南,公办,0,0
安徽,2025,物理类,专科批,2934,郑州旅游职业学院,（001）,首选物理，再选不限,345,285091,,,15,河南,公办,0,0
安徽,2025,物理类,专科批,2942,郑州卫生健康职业学院,（001）,首选物理，再选不限,420,226948,,,0,河南,公办,0,0
安徽,2025,物理类,专科批,2946,郑州幼儿师范高等专科学校,（001）,首选物理，再选不限,419,240505,,,0,河南,公办,0,0
安徽,2025,物理类,专科批,2960,中国民用航空飞行学院,（007）,首选物理，再选不限,488,152846,,,4,四川,公办,0,0
安徽,2025,物理类,专科批,3001,淄博师范高等专科学校,（001）,首选物理，再选不限,362,277796,,,35,山东,公办,0,0
安徽,2025,物理类,专科批,9120,安徽第二医学院,（003）,首选物理，再选不限,434,200651,,,2367,安徽,公办,0,0
安徽,2025,物理类,专科批,9120,安徽第二医学院,,首选物理，再选化学,427,191416,,,567,安徽,公办,0,0
安徽,2025,物理类,专科批,9120,安徽第二医学院,（006）,首选物理，再选生物,443,214395,,,55,安徽,公办,0,0
安徽,2025,物理类,专科批,9301,安徽财贸职业学院,,首选物理，再选不限,337,239558,,,0,安徽,公办,0,0
安徽,2025,物理类,专科批,9335,安徽艺术职业学院,（001）,首选物理，再选不限,365,275141,,,0,安徽,公办,0,0
安徽,2025,物理类,专科批,9339,安徽中医药高等专科学校,（002）,首选物理，再选不限,439,194128,,,853,安徽,公办,0,0
安徽,2025,物理类,专科批,9357,合肥幼儿师范高等专科学校,,首选物理，再选不限,406,223621,,,0,安徽,公办,0,0
安徽,2025,物理类,专科批,9365,马鞍山师范高等专科学校,（001）,首选物理，再选不限,351,234512,,,0,安徽,公办,0,0
安徽,2025,物理类,专科批,9367,桐城师范高等专科学校,（001）,首选物理，再选不限,341,273834,,,0,安徽,公办,0,0
安徽,2025,物理类,专科批,9378,芜湖航空职业学院,（001）,首选物理，再选不限,221,296172,,,0,安徽,民办,0,0
安徽,2025,物理类,专科提前批,1053,北京科技职业大学,（001）,首选物理，再选不限,474,157276,,,15,北京,公办,0,0
安徽,2025,物理类,专科提前批,1941,兰州资源环境职业技术大学,（001）,首选物理，再选不限,435,221385,,,0,甘肃,公办,0,0
安徽,2025,物理类,专科提前批,2037,江西水利电力大学,,首选物理，再选不限,433,205185,,,15,江西,公办,0,0
安徽,2025,物理类,国家专项计划批,1026,北方民族大学,（001）,首选物理，再选不限,559,61103,,,0,宁夏,公办,0,0
安徽,2025,物理类,国家专项计划批,1026,北方民族大学,（002）,首选物理，再选化学,548,36298,,,0,宁夏,公办,0,0
安徽,2025,物理类,国家专项计划批,1033,北京大学医学部,（001）,首选物理，再选化学,670,924,,,0,北京,公办,1,1
安徽,2025,物理类,国家专项计划批,1039,北京工业大学,（001）,首选物理，再选化学,601,,,,0,北京,公办,0,1
安徽,2025,物理类,国家专项计划批,1042,北京化工大学,（001）,首选物理，再选化学,623,13374,,,0,北京,公办,0,1
安徽,2025,物理类,国家专项计划批,1051,北京科技大学,（001）,首选物理，再选化学,592,9171,,,20,北京,公办,0,1
安徽,2025,物理类,国家专项计划批,1056,北京林业大学,（001）,首选物理，再选不限,598,28440,,,0,北京,公办,0,1
安徽,2025,物理类,国家专项计划批,1056,北京林业大学,（002）,首选物理，再选化学,601,15329,,,0,北京,公办,0,1
安徽,2025,物理类,国家专项计划批,1056,北京林业大学,（004）,首选物理，再选地理,582,40231,,,0,北京,公办,0,1
安徽,2025,物理类,国家专项计划批,1056,北京林业大学,（003）,首选物理，再选生物,600,27089,,,0,北京,公办,0,1
安徽,2025,物理类,国家专项计划批,1071,北京邮电大学,（001）,首选物理，再选不限,644,4921,,,6,北京,公办,0,1
安徽,2025,物理类,国家专项计划批,1071,北京邮电大学,（002）,首选物理，再选化学,644,3270,,,14,北京,公办,0,1
安徽,2025,物理类,国家专项计划批,1074,北京中医药大学,（W不限）,首选物理，再选不限,599,23250,,,0,北京,公办,0,1
安徽,2025,物理类,国家专项计划批,1074,北京中医药大学,（W化）,首选物理，再选化学,603,14341,,,0,北京,公办,0,1
安徽,2025,物理类,国家专项计划批,1424,广州医科大学,（001）,首选物理，再选不限,559,56996,,,0,广东,公办,0,0
安徽,2025,物理类,国家专项计划批,1424,广州医科大学,（002）,首选物理，再选化学,600,27089,,,0,广东,公办,0,0
安徽,2025,物理类,国家专项计划批,1471,哈尔滨工业大学（威海）,（001）,首选物理，再选化学,647,4921,,,0,山东,公办,1,1
安徽,2025,物理类,国家专项计划批,1728,华东理工大学,（001）,首选物理，再选不限,616,12024,,,0,上海,公办,0,1
安徽,2025,物理类,国家专项计划批,1728,华东理工大学,（002）,首选物理，再选化学,623,7027,,,0,上海,公办,0,1
安徽,2025,物理类,国家专项计划批,1729,华东师范大学,（003）,首选物理，再选化学,634,3049,,,0,上海,公办,1,1
安徽,2025,物理类,国家专项计划批,1737,华中师范大学,（004）,首选物理，再选不限,606,19645,,,0,湖北,公办,0,1
安徽,2025,物理类,国家专项计划批,1737,华中师范大学,,首选物理，再选化学,619,10374,,,0,湖北,公办,0,1
安徽,2025,物理类,国家专项计划批,1737,华中师范大学,（006）,首选物理，再选地理,612,19645,,,0,湖北,公办,0,1
安徽,2025,物理类,国家专项计划批,1819,江苏科技大学,（001）,首选物理，再选化学,582,40231,,,3,江苏,公办,0,0
安徽,2025,物理类,国家专项计划批,2067,南京理工大学,（001）,首选物理，再选不限,618,13374,,,0,江苏,公办,0,1
安徽,2025,物理类,国家专项计划批,2067,南京理工大学,（002）,首选物理，再选化学,629,6073,,,0,江苏,公办,0,1
安徽,2025,物理类,国家专项计划批,2072,南京师范大学,（001）,首选物理，再选不限,609,21398,,,0,江苏,公办,0,1
安徽,2025,物理类,国家专项计划批,2072,南京师范大学,（002）,首选物理，再选化学,612,13859,,,0,江苏,公办,0,1
安徽,2025,物理类,国家专项计划批,2072,南京师范大学,（003）,首选物理，再选地理,615,17949,,,0,江苏,公办,0,1
安徽,2025,物理类,国家专项计划批,2078,南京信息工程大学,（001）,首选物理，再选化学,607,22637,,,0,江苏,公办,0,0
安徽,2025,物理类,国家专项计划批,2082,南京邮电大学,（001）,首选物理，再选不限,629,10759,,,0,江苏,公办,0,0
安徽,2025,物理类,国家专项计划批,2321,上海财经大学,（001）,首选物理，再选不限,628,10374,,,0,上海,公办,0,1
安徽,2025,物理类,国家专项计划批,2321,上海财经大学,（002）,首选物理，再选化学,638,7739,,,0,上海,公办,0,1
安徽,2025,物理类,国家专项计划批,2338,上海海洋大学,（001）,首选物理，再选化学,589,34087,,,0,上海,公办,0,0
安徽,2025,物理类,国家专项计划批,2349,上海理工大学,（001）,首选物理，再选化学,606,23250,,,0,上海,公办,0,0
安徽,2025,物理类,国家专项计划批,2376,上海中医药大学,,首选物理，再选化学,570,27826,,,0,上海,公办,0,0
安徽,2025,物理类,国家专项计划批,2797,延边大学,（001）,首选物理，再选化学,585,37046,,,0,吉林,公办,0,1
安徽,2025,物理类,国家专项计划批,2797,延边大学,（002）,首选物理，再选地理,569,51534,,,0,吉林,公办,0,1
安徽,2025,物理类,国家专项计划批,2959,中国民航大学,（002）,首选物理，再选化学,592,28440,,,0,天津,公办,0,0
安徽,2025,物理类,国家专项计划批,9008,安徽师范大学,,首选物理，再选不限,557,42731,,,0,安徽,公办,0,0
安徽,2025,物理类,国家专项计划批,9008,安徽师范大学,,首选物理，再选化学,551,31261,,,0,安徽,公办,0,0
安徽,2025,物理类,国家专项计划批,9008,安徽师范大学,（018）,首选物理，再选地理,569,51534,,,0,安徽,公办,0,0
安徽,2025,物理类,国家专项计划批,9009,安徽医科大学,（002）,首选物理，再选不限,542,67357,,,10,安徽,公办,0,0
安徽,2025,物理类,国家专项计划批,9009,安徽医科大学,（003）,首选物理，再选化学,558,21398,,,159,安徽,公办,0,0
安徽,2025,物理类,国家专项计划批,9010,安徽中医药大学,（002）,首选物理，再选不限,554,66261,,,48,安徽,公办,0,0
安徽,2025,物理类,国家专项计划批,9010,安徽中医药大学,（003）,首选物理，再选化学,521,105379,,,60,安徽,公办,0,0
安徽,2025,物理类,国家专项计划批,9014,蚌埠医科大学,（002）,首选物理，再选化学,585,37839,,,0,安徽,公办,0,0
安徽,2025,物理类,地方专项计划批,9008,安徽师范大学,,首选物理，再选不限,553,44443,,,0,安徽,公办,0,0
安徽,2025,物理类,地方专项计划批,9008,安徽师范大学,,首选物理，再选化学,557,30543,,,0,安徽,公办,0,0
安徽,2025,物理类,地方专项计划批,9008,安徽师范大学,（033）,首选物理，再选地理,572,48779,,,0,安徽,公办,0,0
安徽,2025,物理类,地方专项计划批,9009,安徽医科大学,（004）,首选物理，再选不限,545,61103,,,6,安徽,公办,0,0
安徽,2025,物理类,地方专项计划批,9009,安徽医科大学,（005）,首选物理，再选化学,557,20793,,,88,安徽,公办,0,0
安徽,2025,物理类,地方专项计划批,9010,安徽中医药大学,（004）,首选物理，再选不限,549,71693,,,96,安徽,公办,0,0
安徽,2025,物理类,地方专项计划批,9010,安徽中医药大学,（005）,首选物理，再选化学,521,105379,,,120,安徽,公办,0,0
安徽,2025,物理类,地方专项计划批,9014,蚌埠医科大学,（003）,首选物理，再选化学,572,48779,,,0,安徽,公办,0,0
安徽,2025,物理类,地方专项计划批,9111,淮南师范学院,（002）,首选物理，再选不限,518,101477,,,0,安徽,公办,0,0
安徽,2025,物理类,地方专项计划批,9111,淮南师范学院,（003）,首选物理，再选化学,517,106696,,,0,安徽,公办,0,0
安徽,2025,物理类,本科批,1003,安康学院,（001）,首选物理，再选化学,505,127752,,,8,陕西,公办,0,0
安徽,2025,物理类,本科批,1005,安阳工学院,,首选物理，再选化学,480,126302,,,32,河南,公办,0,0
安徽,2025,物理类,本科批,1009,鞍山师范学院,,首选物理，再选不限,490,135050,,,0,辽宁,公办,0,0
安徽,2025,物理类,本科批,1009,鞍山师范学院,（005）,首选物理，再选化学,490,146903,,,0,辽宁,公办,0,0
安徽,2025,物理类,本科批,1009,鞍山师范学院,（006）,首选物理，再选思想政治,506,126302,,,0,辽宁,公办,0,0
安徽,2025,物理类,本科批,1020,宝鸡文理学院,（001）,首选物理，再选化学,500,132119,,,7,陕西,公办,0,0
安徽,2025,物理类,本科批,1024,北部湾大学,,首选物理，再选化学,505,96333,,,0,广西,公办,0,0
安徽,2025,物理类,本科批,1026,北方民族大学,（003）,首选物理，再选不限,530,93829,,,0,宁夏,公办,0,0
安徽,2025,物理类,本科批,1026,北方民族大学,,首选物理，再选化学,515,84178,,,0,宁夏,公办,0,0
安徽,2025,物理类,本科批,1029,北华大学,,首选物理，再选不限,507,109427,,,26,吉林,公办,0,0
安徽,2025,物理类,本科批,1029,北华大学,,首选物理，再选化学,472,83017,,,130,吉林,公办,0,0
安徽,2025,物理类,本科批,1029,北华大学,（006）,首选物理，再选化学、生物(2科必选),557,61103,,,5,吉林,公办,0,0
安徽,2025,物理类,本科批,1029,北华大学,（007）,首选物理，再选生物,512,117743,,,2,吉林,公办,0,0
安徽,2025,物理类,本科批,1030,北华航天工业学院,（001）,首选物理，再选化学,532,73825,,,41,河北,公办,0,0
安徽,2025,物理类,本科批,1033,北京大学医学部,,首选物理，再选化学,674,265,,,0,北京,公办,1,1
安徽,2025,物理类,本科批,1037,北京服装学院,（001）,首选物理，再选不限,527,96333,,,2,北京,公办,0,0
安徽,2025,物理类,本科批,1037,北京服装学院,（002）,首选物理，再选化学,521,100155,,,10,北京,公办,0,0
安徽,2025,物理类,本科批,1038,北京工商大学,（001）,首选物理，再选不限,581,34787,,,35,北京,公办,0,0
安徽,2025,物理类,本科批,1038,北京工商大学,（002）,首选物理，再选化学,592,29819,,,15,北京,公办,0,0
安徽,2025,物理类,本科批,1039,北京工业大学,,首选物理，再选化学,618,9966,,,0,北京,公办,0,1
安徽,2025,物理类,本科批,1042,北京化工大学,,首选物理，再选化学,601,9966,,,0,北京,公办,0,1
安徽,2025,物理类,本科批,1043,北京建筑大学,,首选物理，再选不限,571,41859,,,0,北京,公办,0,0
安徽,2025,物理类,本科批,1043,北京建筑大学,（003）,首选物理，再选化学,575,32674,,,0,北京,公办,0,0
安徽,2025,物理类,本科批,1051,北京科技大学,（003）,首选物理，再选不限,635,8795,,,8,北京,公办,0,1
安徽,2025,物理类,本科批,1051,北京科技大学,,首选物理，再选化学,635,6404,,,124,北京,公办,0,1
安徽,2025,物理类,本科批,1055,北京联合大学,,首选物理，再选不限,513,61103,,,0,北京,公办,0,0
安徽,2025,物理类,本科批,1055,北京联合大学,,首选物理，再选化学,521,55105,,,0,北京,公办,0,0
安徽,2025,物理类,本科批,1056,北京林业大学,,首选物理，再选不限,601,15329,,,0,北京,公办,0,1
安徽,2025,物理类,本科批,1056,北京林业大学,,首选物理，再选化学,600,13859,,,0,北京,公办,0,1
安徽,2025,物理类,本科批,1056,北京林业大学,（015）,首选物理，再选地理,611,20184,,,0,北京,公办,0,1
安徽,2025,物理类,本科批,1056,北京林业大学,（014）,首选物理，再选生物,601,26393,,,0,北京,公办,0,1
安徽,2025,物理类,本科批,1062,北京石油化工学院,（001）,首选物理，再选化学,538,70614,,,0,北京,公办,0,0
安徽,2025,物理类,本科批,1063,北京体育大学,,首选物理，再选不限,507,21994,,,0,北京,公办,0,1
安徽,2025,物理类,本科批,1063,北京体育大学,,首选物理，再选化学,590,23894,,,0,北京,公办,0,1
安徽,2025,物理类,本科批,1064,北京外国语大学,（006）,首选物理，再选不限,617,5483,,,0,北京,公办,0,1
安徽,2025,物理类,本科批,1066,北京物资学院,,首选物理，再选不限,484,41062,,,0,北京,公办,0,0
安徽,2025,物理类,本科批,1066,北京物资学院,（004）,首选物理，再选化学,568,47082,,,0,北京,公办,0,0
安徽,2025,物理类,本科批,1071,北京邮电大学,,首选物理，再选化学,624,1998,,,166,北京,公办,0,1
安徽,2025,物理类,本科批,1074,北京中医药大学,（004）,首选物理，再选不限,613,19065,,,0,北京,公办,0,1
安徽,2025,物理类,本科批,1074,北京中医药大学,（005）,首选物理，再选化学,583,4921,,,0,北京,公办,0,1
安徽,2025,物理类,本科批,1078,滨州医学院,（001）,首选物理，再选不限,508,123337,,,0,山东,公办,0,0
安徽,2025,物理类,本科批,1078,滨州医学院,,首选物理，再选化学,524,49685,,,0,山东,公办,0,0
安徽,2025,物理类,本科批,1091,长春大学,（001）,首选物理，再选不限,537,85340,,,2,吉林,公办,0,0
安徽,2025,物理类,本科批,1091,长春大学,,首选物理，再选化学,492,76096,,,38,吉林,公办,0,0
安徽,2025,物理类,本科批,1094,长春工程学院,（001）,首选物理，再选不限,489,148355,,,0,吉林,公办,0,0
安徽,2025,物理类,本科批,1094,长春工程学院,,首选物理，再选化学,474,98913,,,0,吉林,公办,0,0
安徽,2025,物理类,本科批,1095,长春工业大学,,首选物理，再选不限,516,84178,,,27,吉林,公办,0,0
安徽,2025,物理类,本科批,1095,长春工业大学,,首选物理，再选化学,530,72790,,,83,吉林,公办,0,0
安徽,2025,物理类,本科批,1096,长春光华学院,（001）,首选物理，再选不限,466,184616,,,0,吉林,民办,0,0
安徽,2025,物理类,本科批,1096,长春光华学院,（002）,首选物理，再选化学,461,185977,,,0,吉林,民办,0,0
安徽,2025,物理类,本科批,1097,长春建筑学院,（001）,首选物理，再选不限,461,174666,,,0,吉林,民办,0,0
安徽,2025,物理类,本科批,1097,长春建筑学院,（002）,首选物理，再选化学,463,181796,,,0,吉林,民办,0,0
安徽,2025,物理类,本科批,1099,长春科技学院,（001）,首选物理，再选不限,454,179032,,,0,吉林,民办,0,0
安徽,2025,物理类,本科批,1099,长春科技学院,（002）,首选物理，再选化学,462,173255,,,0,吉林,民办,0,0
安徽,2025,物理类,本科批,1100,长春理工大学,（003）,首选物理，再选不限,549,61103,,,0,吉林,公办,0,0
安徽,2025,物理类,本科批,1100,长春理工大学,,首选物理，再选化学,513,23250,,,0,吉林,公办,0,0
安徽,2025,物理类,本科批,1101,长春汽车职业技术大学,（001）,首选物理，再选不限,488,145426,,,100,吉林,公办,0,0
安徽,2025,物理类,本科批,1102,长春人文学院,（001）,首选物理，再选不限,461,185978,,,0,吉林,民办,0,0
安徽,2025,物理类,本科批,1103,长春师范大学,（001）,首选物理，再选不限,522,93829,,,6,吉林,公办,0,0
安徽,2025,物理类,本科批,1103,长春师范大学,,首选物理，再选化学,504,100155,,,15,吉林,公办,0,0
安徽,2025,物理类,本科批,1103,长春师范大学,（004）,首选物理，再选地理,529,95066,,,2,吉林,公办,0,0
安徽,2025,物理类,本科批,1107,长春职业技术大学,（002）,首选物理，再选化学,488,151358,,,0,吉林,公办,0,0
安徽,2025,物理类,本科批,1107,长春职业技术大学,（003）,首选物理，再选化学、生物(2科必选),486,155807,,,0,吉林,公办,0,0
安徽,2025,物理类,本科批,1108,长春中医药大学,,首选物理，再选化学,497,114928,,,23,吉林,公办,0,0
安徽,2025,物理类,本科批,1116,长沙理工大学,（001）,首选物理，再选不限,565,39448,,,0,湖南,公办,0,0
安徽,2025,物理类,本科批,1116,长沙理工大学,（002）,首选物理，再选化学,587,20793,,,0,湖南,公办,0,0
安徽,2025,物理类,本科批,1123,长沙学院,（002）,首选物理，再选不限,516,108036,,,7,湖南,公办,0,0
安徽,2025,物理类,本科批,1123,长沙学院,,首选物理，再选化学,531,86496,,,8,湖南,公办,0,0
安徽,2025,物理类,本科批,1123,长沙学院,（007）,首选物理，再选思想政治,519,108036,,,2,湖南,公办,0,0
安徽,2025,物理类,本科批,1127,长治学院,（001）,首选物理，再选不限,496,140985,,,1,山西,公办,0,0
安徽,2025,物理类,本科批,1127,长治学院,（002）,首选物理，再选化学,493,133575,,,11,山西,公办,0,0
安徽,2025,物理类,本科批,1128,长治医学院,（001）,首选物理，再选不限,542,79575,,,1,山西,公办,0,0
安徽,2025,物理类,本科批,1128,长治医学院,,首选物理，再选化学,497,69512,,,33,山西,公办,0,0
安徽,2025,物理类,本科批,1128,长治医学院,（004）,首选物理，再选生物,506,126302,,,4,山西,公办,0,0
安徽,2025,物理类,本科批,1130,常州大学,（001）,首选物理，再选不限,570,50653,,,4,江苏,公办,0,0
安徽,2025,物理类,本科批,1130,常州大学,,首选物理，再选化学,575,27826,,,61,江苏,公办,0,0
安徽,2025,物理类,本科批,1133,常州工学院,（002）,首选物理，再选化学,539,80752,,,6,江苏,公办,0,0
安徽,2025,物理类,本科批,1139,成都东软学院,（001）,首选物理，再选不限,485,155807,,,0,四川,民办,0,0
安徽,2025,物理类,本科批,1139,成都东软学院,,首选物理，再选化学,461,160272,,,0,四川,民办,0,0
安徽,2025,物理类,本科批,1143,成都锦城学院,（001）,首选物理，再选不限,485,149816,,,0,四川,民办,0,0
安徽,2025,物理类,本科批,1143,成都锦城学院,（002）,首选物理，再选化学,483,152846,,,0,四川,民办,0,0
安徽,2025,物理类,本科批,1146,成都师范学院,,首选物理，再选不限,523,77227,,,0,四川,公办,0,0
安徽,2025,物理类,本科批,1146,成都师范学院,,首选物理，再选化学,522,77227,,,0,四川,公办,0,0
安徽,2025,物理类,本科批,1153,成都银杏酒店管理学院,（001）,首选物理，再选不限,472,176182,,,0,四川,民办,0,0
安徽,2025,物理类,本科批,1153,成都银杏酒店管理学院,（002）,首选物理，再选生物,470,179032,,,0,四川,民办,0,0
安徽,2025,物理类,本科批,1154,成都中医药大学,,首选物理，再选不限,578,26393,,,0,四川,公办,0,0
安徽,2025,物理类,本科批,1154,成都中医药大学,,首选物理，再选化学,575,41859,,,0,四川,公办,0,0
安徽,2025,物理类,本科批,1156,承德医学院,,首选物理，再选化学,541,62125,,,6,河北,公办,0,0
安徽,2025,物理类,本科批,1156,承德医学院,（003）,首选物理，再选生物,511,119110,,,6,河北,公办,0,0
安徽,2025,物理类,本科批,1159,重庆财经学院,,首选物理，再选不限,470,95066,,,0,重庆,民办,0,0
安徽,2025,物理类,本科批,1159,重庆财经学院,（003）,首选物理，再选化学,503,114928,,,0,重庆,民办,0,0
安徽,2025,物理类,本科批,1167,重庆第二师范学院,（001）,首选物理，再选不限,512,117743,,,0,重庆,公办,0,0
安徽,2025,物理类,本科批,1167,重庆第二师范学院,,首选物理，再选化学,522,101477,,,0,重庆,公办,0,0
安徽,2025,物理类,本科批,1172,重庆工程学院,（001）,首选物理，再选化学,491,142426,,,0,重庆,民办,0,0
安徽,2025,物理类,本科批,1174,重庆工商大学,,首选物理，再选不限,523,55106,,,0,重庆,公办,0,0
安徽,2025,物理类,本科批,1174,重庆工商大学,（004）,首选物理，再选化学,552,55106,,,0,重庆,公办,0,0
安徽,2025,物理类,本科批,1174,重庆工商大学,（005）,首选物理，再选生物,530,92565,,,0,重庆,公办,0,0
安徽,2025,物理类,本科批,1187,重庆科技大学,,首选物理，再选不限,515,88917,,,9,重庆,公办,0,0
安徽,2025,物理类,本科批,1187,重庆科技大学,,首选物理，再选化学,535,63155,,,36,重庆,公办,0,0
安徽,2025,物理类,本科批,1189,重庆理工大学,（001）,首选物理，再选不限,557,58985,,,6,重庆,公办,0,0
安徽,2025,物理类,本科批,1189,重庆理工大学,,首选物理，再选化学,554,33386,,,85,重庆,公办,0,0
安徽,2025,物理类,本科批,1194,重庆人文科技学院,（001）,首选物理，再选不限,477,168871,,,0,重庆,民办,0,0
安徽,2025,物理类,本科批,1194,重庆人文科技学院,（002）,首选物理，再选化学,482,151358,,,0,重庆,民办,0,0
安徽,2025,物理类,本科批,1199,重庆师范大学,（001）,首选物理，再选不限,550,70614,,,0,重庆,公办,0,0
安徽,2025,物理类,本科批,1199,重庆师范大学,,首选物理，再选化学,564,48779,,,0,重庆,公办,0,0
安徽,2025,物理类,本科批,1206,重庆医科大学,,首选物理，再选化学,554,8795,,,0,重庆,公办,0,0
安徽,2025,物理类,本科批,1208,重庆移通学院,（001）,首选物理，再选不限,491,148355,,,0,重庆,民办,0,0
安徽,2025,物理类,本科批,1208,重庆移通学院,（002）,首选物理，再选化学,485,142426,,,0,重庆,民办,0,0
安徽,2025,物理类,本科批,1213,重庆中医药学院,（001）,首选物理，再选不限,540,79575,,,8,重庆,公办,0,0
安徽,2025,物理类,本科批,1213,重庆中医药学院,,首选物理，再选化学,525,90129,,,8,重庆,公办,0,0
安徽,2025,物理类,本科批,1216,川北医学院,（001）,首选物理，再选不限,511,119110,,,0,四川,公办,0,0
安徽,2025,物理类,本科批,1216,川北医学院,（002）,首选物理，再选化学,559,61103,,,0,四川,公办,0,0
安徽,2025,物理类,本科批,1216,川北医学院,（003）,首选物理，再选生物,518,109427,,,0,四川,公办,0,0
安徽,2025,物理类,本科批,1217,大理大学,（001）,首选物理，再选化学,558,54204,,,7,云南,公办,0,0
安徽,2025,物理类,本科批,1221,大连东软信息学院,,首选物理，再选不限,450,192766,,,0,辽宁,民办,0,0
安徽,2025,物理类,本科批,1221,大连东软信息学院,（003）,首选物理，再选化学,450,189977,,,0,辽宁,民办,0,0
安徽,2025,物理类,本科批,1223,大连工业大学,,首选物理，再选不限,522,65228,,,12,辽宁,公办,0,0
安徽,2025,物理类,本科批,1223,大连工业大学,,首选物理，再选化学,532,62126,,,52,辽宁,公办,0,0
安徽,2025,物理类,本科批,1224,大连海事大学,,首选物理，再选不限,587,27089,,,0,辽宁,公办,0,1
安徽,2025,物理类,本科批,1224,大连海事大学,,首选物理，再选化学,558,19065,,,0,辽宁,公办,0,1
安徽,2025,物理类,本科批,1228,大连科技学院,（001）,首选物理，再选化学,469,176182,,,0,辽宁,民办,0,0
安徽,2025,物理类,本科批,1233,大连外国语大学,,首选物理，再选不限,518,72790,,,31,辽宁,公办,0,0
安徽,2025,物理类,本科批,1233,大连外国语大学,（004）,首选物理，再选思想政治,527,97676,,,1,辽宁,公办,0,0
安徽,2025,物理类,本科批,1234,大连医科大学,（002）,首选物理，再选不限,595,30543,,,0,辽宁,公办,0,0
安徽,2025,物理类,本科批,1234,大连医科大学,,首选物理，再选化学,539,12502,,,0,辽宁,公办,0,0
安徽,2025,物理类,本科批,1235,大连艺术学院,（001）,首选物理，再选不限,441,210729,,,0,辽宁,民办,0,0
安徽,2025,物理类,本科批,1235,大连艺术学院,（002）,首选物理，再选化学,443,207029,,,0,辽宁,民办,0,0
安徽,2025,物理类,本科批,1248,德州学院,,首选物理，再选化学,498,123337,,,17,山东,公办,0,0
安徽,2025,物理类,本科批,1250,滇池学院,（001）,首选物理，再选不限,476,170300,,,2,云南,民办,0,0
安徽,2025,物理类,本科批,1250,滇池学院,（002）,首选物理，再选化学,483,160272,,,2,云南,民办,0,0
安徽,2025,物理类,本科批,1256,东北电力大学,,首选物理，再选不限,543,66261,,,13,吉林,公办,0,0
安徽,2025,物理类,本科批,1256,东北电力大学,,首选物理，再选化学,525,21994,,,123,吉林,公办,0,0
安徽,2025,物理类,本科批,1257,东北林业大学,（003）,首选物理，再选不限,586,34787,,,0,黑龙江,公办,0,1
安徽,2025,物理类,本科批,1257,东北林业大学,,首选物理，再选化学,582,21994,,,0,黑龙江,公办,0,1
安徽,2025,物理类,本科批,1257,东北林业大学,（006）,首选物理，再选生物,585,37839,,,0,黑龙江,公办,0,1
安徽,2025,物理类,本科批,1259,东北师范大学,,首选物理，再选不限,557,27089,,,0,吉林,公办,0,1
安徽,2025,物理类,本科批,1259,东北师范大学,,首选物理，再选化学,602,9966,,,0,吉林,公办,0,1
安徽,2025,物理类,本科批,1260,东北石油大学,（001）,首选物理，再选不限,535,81872,,,8,黑龙江,公办,0,0
安徽,2025,物理类,本科批,1260,东北石油大学,,首选物理，再选化学,526,58985,,,98,黑龙江,公办,0,0
安徽,2025,物理类,本科批,1264,东华理工大学,（002）,首选物理，再选不限,510,105379,,,0,江西,公办,0,0
安徽,2025,物理类,本科批,1264,东华理工大学,（003）,首选物理，再选化学,531,40231,,,0,江西,公办,0,0
安徽,2025,物理类,本科批,1270,对外经济贸易大学,（003）,首选物理，再选不限,630,9171,,,29,北京,公办,0,1
安徽,2025,物理类,本科批,1270,对外经济贸易大学,（004）,首选物理，再选化学,636,7739,,,6,北京,公办,0,1
安徽,2025,物理类,本科批,1273,防灾科技学院,,首选物理，再选不限,505,106696,,,0,河北,公办,0,0
安徽,2025,物理类,本科批,1273,防灾科技学院,,首选物理，再选化学,503,97676,,,0,河北,公办,0,0
安徽,2025,物理类,本科批,1274,佛山大学,,首选物理，再选不限,517,73825,,,7,广东,公办,0,0
安徽,2025,物理类,本科批,1274,佛山大学,（003）,首选物理，再选化学,522,100155,,,27,广东,公办,0,0
安徽,2025,物理类,本科批,1279,福建江夏学院,（001）,首选物理，再选不限,506,98913,,,0,福建,公办,0,0
安徽,2025,物理类,本科批,1279,福建江夏学院,（002）,首选物理，再选化学,516,92564,,,0,福建,公办,0,0
安徽,2025,物理类,本科批,1280,福建警察学院,（001）,首选物理，再选不限,516,100155,,,0,福建,公办,0,0
安徽,2025,物理类,本科批,1280,福建警察学院,（002）,首选物理，再选化学,522,104065,,,0,福建,公办,0,0
安徽,2025,物理类,本科批,1314,甘肃政法大学,,首选物理，再选不限,543,39448,,,0,甘肃,公办,0,0
安徽,2025,物理类,本科批,1314,甘肃政法大学,（003）,首选物理，再选化学,539,74955,,,0,甘肃,公办,0,0
安徽,2025,物理类,本科批,1317,赣南科技学院,（001）,首选物理，再选不限,510,119110,,,0,江西,公办,0,0
安徽,2025,物理类,本科批,1317,赣南科技学院,（002）,首选物理，再选化学,507,114928,,,0,江西,公办,0,0
安徽,2025,物理类,本科批,1318,赣南师范大学,,首选物理，再选不限,512,102791,,,19,江西,公办,0,0
安徽,2025,物理类,本科批,1318,赣南师范大学,,首选物理，再选化学,511,91376,,,44,江西,公办,0,0
安徽,2025,物理类,本科批,1318,赣南师范大学,（008）,首选物理，再选地理,523,92564,,,6,江西,公办,0,0
安徽,2025,物理类,本科批,1330,广东东软学院,（001）,首选物理，再选化学,446,194128,,,0,广东,民办,0,0
安徽,2025,物理类,本科批,1334,广东工业大学,,首选物理，再选不限,564,37839,,,15,广东,公办,0,0
安徽,2025,物理类,本科批,1334,广东工业大学,（008）,首选物理，再选化学,601,19065,,,52,广东,公办,0,0
安徽,2025,物理类,本科批,1352,广东石油化工学院,（001）,首选物理，再选不限,518,109427,,,2,广东,公办,0,0
安徽,2025,物理类,本科批,1352,广东石油化工学院,,首选物理，再选化学,517,85340,,,35,广东,公办,0,0
安徽,2025,物理类,本科批,1362,广东药科大学,（001）,首选物理，再选不限,521,100155,,,0,广东,公办,0,0
安徽,2025,物理类,本科批,1362,广东药科大学,,首选物理，再选化学,521,85340,,,0,广东,公办,0,0
安徽,2025,物理类,本科批,1371,广西大学,（002）,首选物理，再选不限,582,35532,,,0,广西,公办,0,1
安徽,2025,物理类,本科批,1371,广西大学,（003）,首选物理，再选化学,603,21398,,,0,广西,公办,0,1
安徽,2025,物理类,本科批,1371,广西大学,（004）,首选物理，再选化学、生物(2科必选),595,29819,,,0,广西,公办,0,1
安徽,2025,物理类,本科批,1379,广西科技大学,（001）,首选物理，再选不限,515,105379,,,12,广西,公办,0,0
安徽,2025,物理类,本科批,1379,广西科技大学,,首选物理，再选化学,507,86496,,,39,广西,公办,0,0
安徽,2025,物理类,本科批,1379,广西科技大学,,首选物理，再选化学、生物(2科必选),505,68456,,,14,广西,公办,0,0
安徽,2025,物理类,本科批,1385,广西师范大学,（001）,首选物理，再选不限,511,93829,,,0,广西,公办,0,0
安徽,2025,物理类,本科批,1385,广西师范大学,（002）,首选物理，再选化学,531,64218,,,0,广西,公办,0,0
安徽,2025,物理类,本科批,1385,广西师范大学,（004）,首选物理，再选地理,543,73825,,,0,广西,公办,0,0
安徽,2025,物理类,本科批,1385,广西师范大学,（003）,首选物理，再选思想政治,537,85340,,,0,广西,公办,0,0
安徽,2025,物理类,本科批,1390,广西医科大学,（001）,首选物理，再选不限,507,120475,,,0,广西,公办,0,0
安徽,2025,物理类,本科批,1390,广西医科大学,（002）,首选物理，再选化学,518,105379,,,0,广西,公办,0,0
安徽,2025,物理类,本科批,1391,广西艺术学院,（001）,首选物理，再选不限,486,110771,,,0,广西,公办,0,0
安徽,2025,物理类,本科批,1417,广州软件学院,,首选物理，再选化学,456,148355,,,0,广东,民办,0,0
安徽,2025,物理类,本科批,1424,广州医科大学,（003）,首选物理，再选不限,575,46234,,,0,广东,公办,0,0
安徽,2025,物理类,本科批,1424,广州医科大学,,首选物理，再选化学,564,12024,,,0,广东,公办,0,0
安徽,2025,物理类,本科批,1430,贵州财经大学,,首选物理，再选不限,505,86496,,,0,贵州,公办,0,0
安徽,2025,物理类,本科批,1430,贵州财经大学,,首选物理，再选化学,532,87721,,,0,贵州,公办,0,0
安徽,2025,物理类,本科批,1433,贵州大学,,首选物理，再选不限,515,37046,,,0,贵州,公办,0,1
安徽,2025,物理类,本科批,1433,贵州大学,,首选物理，再选化学,571,21398,,,0,贵州,公办,0,1
安徽,2025,物理类,本科批,1441,贵州理工学院,,首选物理，再选化学,499,104065,,,10,贵州,公办,0,0
安徽,2025,物理类,本科批,1455,桂林电子科技大学,（001）,首选物理，再选不限,528,81872,,,0,广西,公办,0,0
安徽,2025,物理类,本科批,1455,桂林电子科技大学,,首选物理，再选化学,551,27089,,,0,广西,公办,0,0
安徽,2025,物理类,本科批,1456,桂林航天工业学院,（001）,首选物理，再选不限,504,97676,,,0,广西,公办,0,0
安徽,2025,物理类,本科批,1456,桂林航天工业学院,,首选物理，再选化学,510,97676,,,0,广西,公办,0,0
安徽,2025,物理类,本科批,1457,桂林理工大学,（001）,首选物理，再选不限,514,102791,,,0,广西,公办,0,0
安徽,2025,物理类,本科批,1457,桂林理工大学,,首选物理，再选化学,519,76096,,,0,广西,公办,0,0
安徽,2025,物理类,本科批,1457,桂林理工大学,（004）,首选物理，再选地理,543,78451,,,0,广西,公办,0,0
安徽,2025,物理类,本科批,1462,桂林学院,（001）,首选物理，再选不限,472,171778,,,8,广西,民办,0,0
安徽,2025,物理类,本科批,1462,桂林学院,（002）,首选物理，再选化学,477,166052,,,10,广西,民办,0,0
安徽,2025,物理类,本科批,1463,桂林医科大学,（001）,首选物理，再选不限,479,166052,,,0,广西,公办,0,0
安徽,2025,物理类,本科批,1463,桂林医科大学,,首选物理，再选化学,477,56996,,,0,广西,公办,0,0
安徽,2025,物理类,本科批,1477,哈尔滨理工大学,（001）,首选物理，再选不限,548,66261,,,0,黑龙江,公办,0,0
安徽,2025,物理类,本科批,1477,哈尔滨理工大学,（002）,首选物理，再选化学,571,29819,,,0,黑龙江,公办,0,0
安徽,2025,物理类,本科批,1478,哈尔滨商业大学,,首选物理，再选不限,508,96333,,,0,黑龙江,公办,0,0
安徽,2025,物理类,本科批,1478,哈尔滨商业大学,,首选物理，再选化学,505,96333,,,0,黑龙江,公办,0,0
安徽,2025,物理类,本科批,1479,哈尔滨师范大学,,首选物理，再选不限,505,116353,,,0,黑龙江,公办,0,0
安徽,2025,物理类,本科批,1479,哈尔滨师范大学,,首选物理，再选化学,508,102791,,,0,黑龙江,公办,0,0
安徽,2025,物理类,本科批,1479,哈尔滨师范大学,（005）,首选物理，再选地理,539,83017,,,0,黑龙江,公办,0,0
安徽,2025,物理类,本科批,1483,哈尔滨学院,（001）,首选物理，再选不限,500,116353,,,0,黑龙江,公办,0,0
安徽,2025,物理类,本科批,1483,哈尔滨学院,（002）,首选物理，再选化学,492,116353,,,0,黑龙江,公办,0,0
安徽,2025,物理类,本科批,1483,哈尔滨学院,（003）,首选物理，再选地理,512,117743,,,0,黑龙江,公办,0,0
安徽,2025,物理类,本科批,1484,哈尔滨医科大学,（001）,首选物理，再选化学,588,35532,,,1,黑龙江,公办,0,0
安徽,2025,物理类,本科批,1484,哈尔滨医科大学,,首选物理，再选化学、生物(2科必选),541,18507,,,31,黑龙江,公办,0,0
安徽,2025,物理类,本科批,1484,哈尔滨医科大学,（006）,首选物理，再选生物,567,53330,,,1,黑龙江,公办,0,0
安徽,2025,物理类,本科批,1491,海南大学,,首选物理，再选不限,533,29819,,,0,海南,公办,0,1
安徽,2025,物理类,本科批,1491,海南大学,,首选物理，再选化学,593,23250,,,0,海南,公办,0,1
安徽,2025,物理类,本科批,1491,海南大学,（007）,首选物理，再选化学、生物(2科必选),588,36298,,,0,海南,公办,0,1
安徽,2025,物理类,本科批,1491,海南大学,（008）,首选物理，再选地理,572,49685,,,0,海南,公办,0,1
安徽,2025,物理类,本科批,1497,海南热带海洋学院,,首选物理，再选不限,478,126302,,,0,海南,公办,0,0
安徽,2025,物理类,本科批,1497,海南热带海洋学院,（004）,首选物理，再选化学,489,124829,,,0,海南,公办,0,0
安徽,2025,物理类,本科批,1499,海南师范大学,,首选物理，再选不限,512,95066,,,34,海南,公办,0,0
安徽,2025,物理类,本科批,1499,海南师范大学,,首选物理，再选化学,521,81872,,,70,海南,公办,0,0
安徽,2025,物理类,本科批,1499,海南师范大学,（005）,首选物理，再选化学、生物(2科必选),501,100155,,,13,海南,公办,0,0
安徽,2025,物理类,本科批,1499,海南师范大学,（006）,首选物理，再选地理,537,79575,,,5,海南,公办,0,0
安徽,2025,物理类,本科批,1502,海南医科大学,（001）,首选物理，再选不限,537,84178,,,0,海南,公办,0,0
安徽,2025,物理类,本科批,1502,海南医科大学,,首选物理，再选化学,458,71693,,,0,海南,公办,0,0
安徽,2025,物理类,本科批,1509,汉江师范学院,（001）,首选物理，再选化学,520,106696,,,2,湖北,公办,0,0
安徽,2025,物理类,本科批,1514,杭州师范大学,（001）,首选物理，再选不限,578,37046,,,20,浙江,公办,0,0
安徽,2025,物理类,本科批,1514,杭州师范大学,,首选物理，再选化学,537,28440,,,65,浙江,公办,0,0
安徽,2025,物理类,本科批,1516,杭州医学院,（001）,首选物理，再选化学,563,49685,,,30,浙江,公办,0,0
安徽,2025,物理类,本科批,1522,河北北方学院,,首选物理，再选化学,514,69512,,,10,河北,公办,0,0
安徽,2025,物理类,本科批,1523,河北传媒学院,（001）,首选物理，再选不限,466,173255,,,0,河北,民办,0,0
安徽,2025,物理类,本科批,1523,河北传媒学院,（002）,首选物理，再选化学,476,167466,,,0,河北,民办,0,0
安徽,2025,物理类,本科批,1524,河北大学,（001）,首选物理，再选不限,551,62125,,,0,河北,公办,0,0
安徽,2025,物理类,本科批,1524,河北大学,,首选物理，再选化学,558,31970,,,0,河北,公办,0,0
安徽,2025,物理类,本科批,1528,河北工程大学,,首选物理，再选不限,526,83017,,,0,河北,公办,0,0
安徽,2025,物理类,本科批,1528,河北工程大学,,首选物理，再选化学,518,61103,,,0,河北,公办,0,0
安徽,2025,物理类,本科批,1528,河北工程大学,（006）,首选物理，再选生物,518,104065,,,0,河北,公办,0,0
安徽,2025,物理类,本科批,1536,河北环境工程学院,（001）,首选物理，再选不限,491,148355,,,4,河北,公办,0,0
安徽,2025,物理类,本科批,1536,河北环境工程学院,（002）,首选物理，再选化学,490,148355,,,18,河北,公办,0,0
安徽,2025,物理类,本科批,1536,河北环境工程学院,（003）,首选物理，再选生物,489,151358,,,4,河北,公办,0,0
安徽,2025,物理类,本科批,1539,河北建筑工程学院,,首选物理，再选不限,495,132119,,,0,河北,公办,0,0
安徽,2025,物理类,本科批,1539,河北建筑工程学院,（003）,首选物理，再选化学,493,130632,,,0,河北,公办,0,0
安徽,2025,物理类,本科批,1541,河北金融学院,,首选物理，再选不限,499,106696,,,45,河北,公办,0,0
安徽,2025,物理类,本科批,1541,河北金融学院,（004）,首选物理，再选化学,500,127752,,,40,河北,公办,0,0
安徽,2025,物理类,本科批,1543,河北科技大学,（001）,首选物理，再选不限,503,130632,,,4,河北,公办,0,0
安徽,2025,物理类,本科批,1543,河北科技大学,,首选物理，再选化学,520,66261,,,56,河北,公办,0,0
安徽,2025,物理类,本科批,1544,河北科技工程职业技术大学,（001）,首选物理，再选不限,510,97676,,,0,河北,公办,0,0
安徽,2025,物理类,本科批,1544,河北科技工程职业技术大学,（002）,首选物理，再选化学,492,146903,,,0,河北,公办,0,0
安徽,2025,物理类,本科批,1545,河北科技师范学院,（001）,首选物理，再选不限,492,143937,,,0,河北,公办,0,0
安徽,2025,物理类,本科批,1545,河北科技师范学院,（002）,首选物理，再选化学,495,136506,,,0,河北,公办,0,0
安徽,2025,物理类,本科批,1553,河北师范大学,,首选物理，再选不限,491,73825,,,15,河北,公办,0,0
安徽,2025,物理类,本科批,1553,河北师范大学,,首选物理，再选化学,556,57983,,,55,河北,公办,0,0
安徽,2025,物理类,本科批,1555,河北水利电力学院,（001）,首选物理，再选不限,499,136506,,,3,河北,公办,0,0
安徽,2025,物理类,本科批,1555,河北水利电力学院,（002）,首选物理，再选化学,502,129182,,,7,河北,公办,0,0
安徽,2025,物理类,本科批,1558,河北医科大学,（001）,首选物理，再选化学,542,68456,,,0,河北,公办,0,0
安徽,2025,物理类,本科批,1558,河北医科大学,（002）,首选物理，再选化学、生物(2科必选),541,56996,,,0,河北,公办,0,0
安徽,2025,物理类,本科批,1560,河北中医药大学,（001）,首选物理，再选不限,543,78451,,,0,河北,公办,0,0
安徽,2025,物理类,本科批,1560,河北中医药大学,（002）,首选物理，再选化学,518,97676,,,0,河北,公办,0,0
安徽,2025,物理类,本科批,1560,河北中医药大学,（003）,首选物理，再选生物,517,109427,,,0,河北,公办,0,0
安徽,2025,物理类,本科批,1563,河南财经政法大学,（001）,首选物理，再选不限,551,52416,,,14,河南,公办,0,0
安徽,2025,物理类,本科批,1563,河南财经政法大学,,首选物理，再选化学,555,61103,,,16,河南,公办,0,0
安徽,2025,物理类,本科批,1567,河南大学,,首选物理，再选不限,524,36298,,,0,河南,公办,0,0
安徽,2025,物理类,本科批,1567,河南大学,,首选物理，再选化学,555,27089,,,0,河南,公办,0,0
安徽,2025,物理类,本科批,1567,河南大学,（008）,首选物理，再选地理,591,33386,,,0,河南,公办,0,0
安徽,2025,物理类,本科批,1569,河南工程学院,（001）,首选物理，再选不限,512,114928,,,0,河南,公办,0,0
安徽,2025,物理类,本科批,1569,河南工程学院,,首选物理，再选化学,507,95066,,,0,河南,公办,0,0
安徽,2025,物理类,本科批,1569,河南工程学院,（004）,首选物理，再选化学、地理(2科必选),503,119110,,,0,河南,公办,0,0
安徽,2025,物理类,本科批,1570,河南工学院,（001）,首选物理，再选化学,512,113545,,,0,河南,公办,0,0
安徽,2025,物理类,本科批,1578,河南科技学院,（001）,首选物理，再选不限,500,132119,,,0,河南,公办,0,0
安徽,2025,物理类,本科批,1578,河南科技学院,（002）,首选物理，再选化学,497,110771,,,0,河南,公办,0,0
安徽,2025,物理类,本科批,1579,河南理工大学,（001）,首选物理，再选不限,534,84178,,,20,河南,公办,0,0
安徽,2025,物理类,本科批,1579,河南理工大学,,首选物理，再选化学,528,50653,,,263,河南,公办,0,0
安徽,2025,物理类,本科批,1584,河南师范大学,（001）,首选物理，再选不限,473,167466,,,0,河南,公办,0,0
安徽,2025,物理类,本科批,1584,河南师范大学,（002）,首选物理，再选化学,527,63155,,,0,河南,公办,0,0
安徽,2025,物理类,本科批,1597,贺州学院,（001）,首选物理，再选化学,492,139469,,,25,广西,公办,0,0
安徽,2025,物理类,本科批,1600,黑河学院,,首选物理，再选不限,490,148355,,,0,黑龙江,公办,0,0
安徽,2025,物理类,本科批,1600,黑河学院,（003）,首选物理，再选化学,498,132119,,,0,黑龙江,公办,0,0
安徽,2025,物理类,本科批,1601,黑龙江八一农垦大学,（001）,首选物理，再选不限,497,132119,,,0,黑龙江,公办,0,0
安徽,2025,物理类,本科批,1601,黑龙江八一农垦大学,,首选物理，再选化学,494,98913,,,0,黑龙江,公办,0,0
安徽,2025,物理类,本科批,1604,黑龙江大学,（003）,首选物理，再选不限,560,60032,,,0,黑龙江,公办,0,0
安徽,2025,物理类,本科批,1604,黑龙江大学,（004）,首选物理，再选化学,551,49685,,,0,黑龙江,公办,0,0
安徽,2025,物理类,本科批,1607,黑龙江工业学院,（001）,首选物理，再选不限,489,151358,,,2,黑龙江,公办,0,0
安徽,2025,物理类,本科批,1607,黑龙江工业学院,（002）,首选物理，再选化学,489,148355,,,32,黑龙江,公办,0,0
安徽,2025,物理类,本科批,1611,黑龙江科技大学,（001）,首选物理，再选不限,522,100155,,,0,黑龙江,公办,0,0
安徽,2025,物理类,本科批,1611,黑龙江科技大学,（002）,首选物理，再选化学,528,79575,,,0,黑龙江,公办,0,0
安徽,2025,物理类,本科批,1627,黑龙江中医药大学,,首选物理，再选不限,503,66261,,,25,黑龙江,公办,0,0
安徽,2025,物理类,本科批,1627,黑龙江中医药大学,（003）,首选物理，再选化学,506,114928,,,41,黑龙江,公办,0,0
安徽,2025,物理类,本科批,1627,黑龙江中医药大学,,首选物理，再选生物,502,86496,,,10,黑龙江,公办,0,0
安徽,2025,物理类,本科批,1634,湖北大学,（001）,首选物理，再选不限,586,34787,,,0,湖北,公办,0,0
安徽,2025,物理类,本科批,1634,湖北大学,,首选物理，再选化学,584,29819,,,0,湖北,公办,0,0
安徽,2025,物理类,本科批,1635,湖北第二师范学院,（001）,首选物理，再选不限,512,110771,,,0,湖北,公办,0,0
安徽,2025,物理类,本科批,1635,湖北第二师范学院,（002）,首选物理，再选化学,516,96333,,,0,湖北,公办,0,0
安徽,2025,物理类,本科批,1649,湖北理工学院,（001）,首选物理，再选不限,520,106696,,,0,湖北,公办,0,0
安徽,2025,物理类,本科批,1649,湖北理工学院,（002）,首选物理，再选化学,527,87721,,,0,湖北,公办,0,0
安徽,2025,物理类,本科批,1651,湖北民族大学,（001）,首选物理，再选不限,528,96333,,,0,湖北,公办,0,0
安徽,2025,物理类,本科批,1651,湖北民族大学,,首选物理，再选化学,511,92564,,,0,湖北,公办,0,0
安徽,2025,物理类,本科批,1651,湖北民族大学,（005）,首选物理，再选地理,522,104065,,,0,湖北,公办,0,0
安徽,2025,物理类,本科批,1651,湖北民族大学,（004）,首选物理，再选生物,517,110771,,,0,湖北,公办,0,0
安徽,2025,物理类,本科批,1652,湖北汽车工业学院,（001）,首选物理，再选不限,518,109427,,,0,湖北,公办,0,0
安徽,2025,物理类,本科批,1652,湖北汽车工业学院,（002）,首选物理，再选化学,529,80751,,,0,湖北,公办,0,0
安徽,2025,物理类,本科批,1658,湖北师范大学,（001）,首选物理，再选不限,531,87721,,,0,湖北,公办,0,0
安徽,2025,物理类,本科批,1658,湖北师范大学,（002）,首选物理，再选化学,541,69512,,,0,湖北,公办,0,0
安徽,2025,物理类,本科批,1662,湖北文理学院,（001）,首选物理，再选不限,511,119110,,,0,湖北,公办,0,0
安徽,2025,物理类,本科批,1662,湖北文理学院,（002）,首选物理，再选化学,511,108036,,,0,湖北,公办,0,0
安徽,2025,物理类,本科批,1663,湖北医药学院,（001）,首选物理，再选化学,512,66261,,,0,湖北,公办,0,0
安徽,2025,物理类,本科批,1683,湖南工业大学,,首选物理，再选不限,534,72790,,,0,湖南,公办,0,0
安徽,2025,物理类,本科批,1683,湖南工业大学,,首选物理，再选化学,542,52416,,,0,湖南,公办,0,0
安徽,2025,物理类,本科批,1692,湖南科技学院,（001）,首选物理，再选化学,507,121838,,,0,湖南,公办,0,0
安徽,2025,物理类,本科批,1699,湖南人文科技学院,（001）,首选物理，再选化学,487,154269,,,9,湖南,公办,0,0
安徽,2025,物理类,本科批,1719,湖州师范学院,（001）,首选物理，再选不限,530,93829,,,3,浙江,公办,0,0
安徽,2025,物理类,本科批,1719,湖州师范学院,（002）,首选物理，再选化学,528,69512,,,41,浙江,公办,0,0
安徽,2025,物理类,本科批,1720,湖州学院,（001）,首选物理，再选化学,534,86496,,,47,浙江,公办,0,0
安徽,2025,物理类,本科批,1726,华北水利水电大学,（001）,首选物理，再选不限,537,56996,,,11,河南,公办,0,0
安徽,2025,物理类,本科批,1726,华北水利水电大学,,首选物理，再选化学,508,47082,,,132,河南,公办,0,0
安徽,2025,物理类,本科批,1728,华东理工大学,（004）,首选物理，再选不限,631,10374,,,0,上海,公办,0,1
安徽,2025,物理类,本科批,1728,华东理工大学,（005）,首选物理，再选化学,625,6073,,,0,上海,公办,0,1
安徽,2025,物理类,本科批,1729,华东师范大学,（005）,首选物理，再选不限,645,4395,,,0,上海,公办,1,1
安徽,2025,物理类,本科批,1729,华东师范大学,（006）,首选物理，再选化学,650,2673,,,0,上海,公办,1,1
安徽,2025,物理类,本科批,1732,华南农业大学,（001）,首选物理，再选不限,586,34087,,,3,广东,公办,0,0
安徽,2025,物理类,本科批,1732,华南农业大学,（002）,首选物理，再选化学,580,25101,,,143,广东,公办,0,0
安徽,2025,物理类,本科批,1734,华侨大学,,首选物理，再选不限,533,49685,,,0,福建,公办,0,0
安徽,2025,物理类,本科批,1734,华侨大学,,首选物理，再选化学,567,30543,,,0,福建,公办,0,0
安徽,2025,物理类,本科批,1737,华中师范大学,（009）,首选物理，再选不限,604,20184,,,0,湖北,公办,0,1
安徽,2025,物理类,本科批,1737,华中师范大学,,首选物理，再选化学,624,8426,,,0,湖北,公办,0,1
安徽,2025,物理类,本科批,1738,怀化学院,（001）,首选物理，再选化学,509,116353,,,0,湖南,公办,0,0
安徽,2025,物理类,本科批,1740,淮阴师范学院,（001）,首选物理，再选化学,512,114928,,,0,江苏,公办,0,0
安徽,2025,物理类,本科批,1755,吉林大学,（005）,首选物理，再选不限,628,9966,,,15,吉林,公办,1,1
安徽,2025,物理类,本科批,1755,吉林大学,,首选物理，再选化学,624,2844,,,150,吉林,公办,1,1
安徽,2025,物理类,本科批,1757,吉林动画学院,（001）,首选物理，再选不限,461,191416,,,0,吉林,民办,0,0
安徽,2025,物理类,本科批,1757,吉林动画学院,（002）,首选物理，再选化学,461,191416,,,0,吉林,民办,0,0
安徽,2025,物理类,本科批,1758,吉林工程技术师范学院,,首选物理，再选化学,489,149816,,,0,吉林,公办,0,0
安徽,2025,物理类,本科批,1761,吉林化工大学,（001）,首选物理，再选不限,502,119110,,,0,吉林,公办,0,0
安徽,2025,物理类,本科批,1761,吉林化工大学,,首选物理，再选化学,489,98913,,,0,吉林,公办,0,0
安徽,2025,物理类,本科批,1762,吉林建筑大学,,首选物理，再选不限,491,112140,,,0,吉林,公办,0,0
安徽,2025,物理类,本科批,1762,吉林建筑大学,,首选物理，再选化学,498,96333,,,0,吉林,公办,0,0
安徽,2025,物理类,本科批,1765,吉林警察学院,（001）,首选物理，再选不限,519,98913,,,0,吉林,公办,0,0
安徽,2025,物理类,本科批,1766,吉林农业大学,（002）,首选物理，再选不限,512,104065,,,0,吉林,公办,0,0
安徽,2025,物理类,本科批,1766,吉林农业大学,（003）,首选物理，再选化学,521,93829,,,0,吉林,公办,0,0
安徽,2025,物理类,本科批,1766,吉林农业大学,,首选物理，再选化学、生物(2科必选),488,78451,,,0,吉林,公办,0,0
安徽,2025,物理类,本科批,1766,吉林农业大学,（006）,首选物理，再选生物,509,121838,,,0,吉林,公办,0,0
安徽,2025,物理类,本科批,1773,吉林外国语大学,（001）,首选物理，再选不限,474,163201,,,0,吉林,民办,0,0
安徽,2025,物理类,本科批,1773,吉林外国语大学,（002）,首选物理，再选化学,478,161733,,,0,吉林,民办,0,0
安徽,2025,物理类,本科批,1774,吉林医药学院,（001）,首选物理，再选不限,506,126302,,,0,吉林,公办,0,0
安徽,2025,物理类,本科批,1774,吉林医药学院,（002）,首选物理，再选化学,502,126302,,,0,吉林,公办,0,0
安徽,2025,物理类,本科批,1774,吉林医药学院,,首选物理，再选化学、生物(2科必选),488,124829,,,0,吉林,公办,0,0
安徽,2025,物理类,本科批,1778,济南大学,,首选物理，再选不限,553,41062,,,0,山东,公办,0,0
安徽,2025,物理类,本科批,1778,济南大学,（004）,首选物理，再选化学,565,32674,,,0,山东,公办,0,0
安徽,2025,物理类,本科批,1778,济南大学,（005）,首选物理，再选化学、地理(2科必选),561,58985,,,0,山东,公办,0,0
安徽,2025,物理类,本科批,1782,济宁学院,（001）,首选物理，再选化学,498,135050,,,0,山东,公办,0,0
安徽,2025,物理类,本科批,1789,佳木斯大学,,首选物理，再选不限,492,140985,,,0,黑龙江,公办,0,0
安徽,2025,物理类,本科批,1789,佳木斯大学,,首选物理，再选化学,493,108036,,,0,黑龙江,公办,0,0
安徽,2025,物理类,本科批,1789,佳木斯大学,（007）,首选物理，再选地理,498,137898,,,0,黑龙江,公办,0,0
安徽,2025,物理类,本科批,1789,佳木斯大学,（006）,首选物理，再选生物,502,132119,,,0,黑龙江,公办,0,0
安徽,2025,物理类,本科批,1791,嘉兴大学,（001）,首选物理，再选不限,540,78451,,,0,浙江,公办,0,0
安徽,2025,物理类,本科批,1791,嘉兴大学,,首选物理，再选化学,533,51534,,,0,浙江,公办,0,0
安徽,2025,物理类,本科批,1801,江南大学,,首选物理，再选不限,595,16858,,,42,江苏,公办,0,1
安徽,2025,物理类,本科批,1801,江南大学,,首选物理，再选化学,611,5484,,,184,江苏,公办,0,1
安徽,2025,物理类,本科批,1808,江苏大学,（002）,首选物理，再选不限,596,28440,,,7,江苏,公办,0,0
安徽,2025,物理类,本科批,1808,江苏大学,（003）,首选物理，再选化学,593,23250,,,164,江苏,公办,0,0
安徽,2025,物理类,本科批,1809,江苏第二师范学院,（001）,首选物理，再选化学,534,84178,,,12,江苏,公办,0,0
安徽,2025,物理类,本科批,1819,江苏科技大学,（002）,首选物理，再选不限,587,34087,,,6,江苏,公办,0,0
安徽,2025,物理类,本科批,1819,江苏科技大学,（003）,首选物理，再选化学,578,21994,,,65,江苏,公办,0,0
安徽,2025,物理类,本科批,1825,江苏师范大学,（001）,首选物理，再选不限,575,43621,,,0,江苏,公办,0,0
安徽,2025,物理类,本科批,1825,江苏师范大学,（002）,首选物理，再选化学,581,37839,,,0,江苏,公办,0,0
安徽,2025,物理类,本科批,1834,江西飞行学院,（001）,首选物理，再选不限,498,112140,,,8,江西,公办,0,0
安徽,2025,物理类,本科批,1834,江西飞行学院,（002）,首选物理，再选化学,520,88917,,,22,江西,公办,0,0
安徽,2025,物理类,本科批,1854,江西理工大学,（001）,首选物理，再选不限,528,68456,,,21,江西,公办,0,0
安徽,2025,物理类,本科批,1854,江西理工大学,,首选物理，再选化学,546,33386,,,111,江西,公办,0,0
安徽,2025,物理类,本科批,1854,江西理工大学,（005）,首选物理，再选地理,569,51534,,,3,江西,公办,0,0
安徽,2025,物理类,本科批,1856,江西农业大学,,首选物理，再选不限,528,83017,,,0,江西,公办,0,0
安徽,2025,物理类,本科批,1856,江西农业大学,,首选物理，再选化学,525,56996,,,0,江西,公办,0,0
安徽,2025,物理类,本科批,1856,江西农业大学,（007）,首选物理，再选地理,557,63155,,,0,江西,公办,0,0
安徽,2025,物理类,本科批,1887,金陵科技学院,（001）,首选物理，再选不限,530,77227,,,9,江苏,公办,0,0
安徽,2025,物理类,本科批,1887,金陵科技学院,（002）,首选物理，再选化学,541,68456,,,17,江苏,公办,0,0
安徽,2025,物理类,本科批,1902,九江学院,（001）,首选物理，再选化学,504,120475,,,0,江西,公办,0,0
安徽,2025,物理类,本科批,1906,喀什大学,（001）,首选物理，再选不限,488,130632,,,24,新疆,公办,0,0
安徽,2025,物理类,本科批,1906,喀什大学,（003）,首选物理，再选化学,489,126302,,,42,新疆,公办,0,0
安徽,2025,物理类,本科批,1906,喀什大学,（004）,首选物理，再选思想政治,489,151358,,,2,新疆,公办,0,0
安徽,2025,物理类,本科批,1916,昆明理工大学,（002）,首选物理，再选不限,548,57983,,,0,云南,公办,0,0
安徽,2025,物理类,本科批,1916,昆明理工大学,（003）,首选物理，再选化学,572,35532,,,0,云南,公办,0,0
安徽,2025,物理类,本科批,1916,昆明理工大学,（004）,首选物理，再选化学、生物(2科必选),574,38612,,,0,云南,公办,0,0
安徽,2025,物理类,本科批,1916,昆明理工大学,（005）,首选物理，再选地理,568,52416,,,0,云南,公办,0,0
安徽,2025,物理类,本科批,1919,昆明学院,（001）,首选物理，再选不限,520,106696,,,2,云南,公办,0,0
安徽,2025,物理类,本科批,1919,昆明学院,（002）,首选物理，再选化学,506,109427,,,15,云南,公办,0,0
安徽,2025,物理类,本科批,1919,昆明学院,（003）,首选物理，再选化学、生物(2科必选),512,117743,,,3,云南,公办,0,0
安徽,2025,物理类,本科批,1921,昆明医科大学,,首选物理，再选化学,505,39448,,,0,云南,公办,0,0
安徽,2025,物理类,本科批,1930,兰州财经大学,,首选物理，再选不限,516,102791,,,0,甘肃,公办,0,0
安徽,2025,物理类,本科批,1930,兰州财经大学,（003）,首选物理，再选化学,523,95066,,,0,甘肃,公办,0,0
安徽,2025,物理类,本科批,1932,兰州大学,（005）,首选物理，再选不限,612,13374,,,12,甘肃,公办,1,1
安徽,2025,物理类,本科批,1932,兰州大学,,首选物理，再选化学,619,6707,,,105,甘肃,公办,1,1
安徽,2025,物理类,本科批,1941,兰州资源环境职业技术大学,（002）,首选物理，再选不限,495,142426,,,0,甘肃,公办,0,0
安徽,2025,物理类,本科批,1942,廊坊师范学院,（001）,首选物理，再选不限,494,143937,,,4,河北,公办,0,0
安徽,2025,物理类,本科批,1942,廊坊师范学院,（002）,首选物理，再选化学,491,145426,,,6,河北,公办,0,0
安徽,2025,物理类,本科批,1942,廊坊师范学院,（003）,首选物理，再选思想政治,511,119110,,,2,河北,公办,0,0
安徽,2025,物理类,本科批,1949,连云港师范学院,（001）,首选物理，再选化学,512,117743,,,0,江苏,公办,0,0
安徽,2025,物理类,本科批,1951,辽东学院,,首选物理，再选不限,489,148355,,,0,辽宁,公办,0,0
安徽,2025,物理类,本科批,1951,辽东学院,（004）,首选物理，再选化学,490,146903,,,0,辽宁,公办,0,0
安徽,2025,物理类,本科批,1959,辽宁工业大学,（001）,首选物理，再选不限,516,108036,,,0,辽宁,公办,0,0
安徽,2025,物理类,本科批,1959,辽宁工业大学,,首选物理，再选化学,494,76096,,,0,辽宁,公办,0,0
安徽,2025,物理类,本科批,1968,辽宁科技学院,（001）,首选物理，再选化学,496,132119,,,60,辽宁,公办,0,0
安徽,2025,物理类,本科批,1976,辽宁师范大学,,首选物理，再选不限,497,87721,,,23,辽宁,公办,0,0
安徽,2025,物理类,本科批,1976,辽宁师范大学,（005）,首选物理，再选化学,542,71693,,,19,辽宁,公办,0,0
安徽,2025,物理类,本科批,1978,辽宁石油化工大学,（002）,首选物理，再选不限,521,104065,,,15,辽宁,公办,0,0
安徽,2025,物理类,本科批,1978,辽宁石油化工大学,（003）,首选物理，再选化学,522,47939,,,123,辽宁,公办,0,0
安徽,2025,物理类,本科批,1985,辽宁中医药大学,,首选物理，再选不限,505,86496,,,0,辽宁,公办,0,0
安徽,2025,物理类,本科批,1985,辽宁中医药大学,,首选物理，再选化学,503,88917,,,0,辽宁,公办,0,0
安徽,2025,物理类,本科批,1989,聊城大学,（001）,首选物理，再选不限,510,120475,,,0,山东,公办,0,0
安徽,2025,物理类,本科批,1989,聊城大学,,首选物理，再选化学,467,80751,,,0,山东,公办,0,0
安徽,2025,物理类,本科批,1989,聊城大学,,首选物理，再选化学、生物(2科必选),479,98913,,,0,山东,公办,0,0
安徽,2025,物理类,本科批,1989,聊城大学,（006）,首选物理，再选生物,515,113545,,,0,山东,公办,0,0
安徽,2025,物理类,本科批,1992,临沂大学,（001）,首选物理，再选不限,531,92564,,,0,山东,公办,0,0
安徽,2025,物理类,本科批,1992,临沂大学,（003）,首选物理，再选化学,531,83017,,,0,山东,公办,0,0
安徽,2025,物理类,本科批,1999,六盘水师范学院,,首选物理，再选化学,496,126302,,,12,贵州,公办,0,0
安徽,2025,物理类,本科批,2001,龙岩学院,（001）,首选物理，再选不限,493,135050,,,0,福建,公办,0,0
安徽,2025,物理类,本科批,2001,龙岩学院,（002）,首选物理，再选化学,496,120475,,,0,福建,公办,0,0
安徽,2025,物理类,本科批,2006,鲁东大学,（001）,首选物理，再选不限,511,116353,,,0,山东,公办,0,0
安徽,2025,物理类,本科批,2006,鲁东大学,,首选物理，再选化学,486,85340,,,0,山东,公办,0,0
安徽,2025,物理类,本科批,2015,吕梁学院,,首选物理，再选不限,491,133575,,,5,山西,公办,0,0
安徽,2025,物理类,本科批,2015,吕梁学院,（004）,首选物理，再选化学,492,139469,,,20,山西,公办,0,0
安徽,2025,物理类,本科批,2015,吕梁学院,（005）,首选物理，再选化学、生物(2科必选),490,149816,,,3,山西,公办,0,0
安徽,2025,物理类,本科批,2017,茅台学院,（001）,首选物理，再选不限,490,149816,,,0,贵州,民办,0,0
安徽,2025,物理类,本科批,2017,茅台学院,,首选物理，再选化学,488,140985,,,0,贵州,民办,0,0
安徽,2025,物理类,本科批,2022,绵阳师范学院,（001）,首选物理，再选不限,498,137898,,,0,四川,公办,0,0
安徽,2025,物理类,本科批,2022,绵阳师范学院,（002）,首选物理，再选化学,507,121838,,,0,四川,公办,0,0
安徽,2025,物理类,本科批,2022,绵阳师范学院,（003）,首选物理，再选生物,493,145426,,,0,四川,公办,0,0
安徽,2025,物理类,本科批,2034,牡丹江师范学院,（001）,首选物理，再选不限,489,119110,,,12,黑龙江,公办,0,0
安徽,2025,物理类,本科批,2034,牡丹江师范学院,（002）,首选物理，再选化学,489,149816,,,19,黑龙江,公办,0,0
安徽,2025,物理类,本科批,2034,牡丹江师范学院,（003）,首选物理，再选生物,493,145426,,,2,黑龙江,公办,0,0
安徽,2025,物理类,本科批,2035,牡丹江医科大学,,首选物理，再选化学,499,80751,,,0,黑龙江,公办,0,0
安徽,2025,物理类,本科批,2035,牡丹江医科大学,,首选物理，再选化学、生物(2科必选),500,77227,,,0,黑龙江,公办,0,0
安徽,2025,物理类,本科批,2037,江西水利电力大学,（003）,首选物理，再选不限,521,95136,,,0,江西,公办,0,0
安徽,2025,物理类,本科批,2037,江西水利电力大学,,首选物理，再选化学,526,62450,,,0,江西,公办,0,0
安徽,2025,物理类,本科批,2037,江西水利电力大学,（006）,首选物理，再选生物,512,116504,,,0,江西,公办,0,0
安徽,2025,物理类,本科批,2039,南昌航空大学,（001）,首选物理，再选不限,550,67357,,,7,江西,公办,0,0
安徽,2025,物理类,本科批,2039,南昌航空大学,,首选物理，再选化学,570,29144,,,214,江西,公办,0,0
安徽,2025,物理类,本科批,2041,南昌交通学院,（001）,首选物理，再选不限,479,157276,,,0,江西,民办,0,0
安徽,2025,物理类,本科批,2041,南昌交通学院,（002）,首选物理，再选化学,480,151358,,,0,江西,民办,0,0
安徽,2025,物理类,本科批,2044,南昌医学院,,首选物理，再选化学,520,45303,,,0,江西,公办,0,0
安徽,2025,物理类,本科批,2044,南昌医学院,,首选物理，再选生物,521,81872,,,0,江西,公办,0,0
安徽,2025,物理类,本科批,2052,南方医科大学,（001）,首选物理，再选化学,596,6707,,,0,广东,公办,0,0
安徽,2025,物理类,本科批,2053,南华大学,（001）,首选物理，再选不限,522,76096,,,0,湖南,公办,0,0
安徽,2025,物理类,本科批,2053,南华大学,（002）,首选物理，再选化学,546,27089,,,0,湖南,公办,0,0
安徽,2025,物理类,本科批,2056,南京传媒学院,（001）,首选物理，再选不限,476,155807,,,0,江苏,民办,0,0
安徽,2025,物理类,本科批,2056,南京传媒学院,（002）,首选物理，再选化学,499,116353,,,0,江苏,民办,0,0
安徽,2025,物理类,本科批,2059,南京工程学院,（001）,首选物理，再选不限,590,33386,,,0,江苏,公办,0,0
安徽,2025,物理类,本科批,2059,南京工程学院,,首选物理，再选化学,524,21398,,,0,江苏,公办,0,0
安徽,2025,物理类,本科批,2060,南京工业大学,（002）,首选物理，再选不限,597,29144,,,4,江苏,公办,0,0
安徽,2025,物理类,本科批,2060,南京工业大学,,首选物理，再选化学,583,23250,,,87,江苏,公办,0,0
安徽,2025,物理类,本科批,2067,南京理工大学,（005）,首选物理，再选化学,638,4395,,,0,江苏,公办,0,1
安徽,2025,物理类,本科批,2072,南京师范大学,（006）,首选物理，再选不限,607,8795,,,0,江苏,公办,0,1
安徽,2025,物理类,本科批,2072,南京师范大学,,首选物理，再选化学,612,8795,,,0,江苏,公办,0,1
安徽,2025,物理类,本科批,2074,南京特殊教育师范学院,,首选物理，再选不限,507,86496,,,39,江苏,公办,0,0
安徽,2025,物理类,本科批,2074,南京特殊教育师范学院,（003）,首选物理，再选化学,508,113545,,,45,江苏,公办,0,0
安徽,2025,物理类,本科批,2075,南京体育学院,（001）,首选物理，再选化学,526,98913,,,0,江苏,公办,0,0
安徽,2025,物理类,本科批,2075,南京体育学院,（002）,首选物理，再选生物,523,101477,,,0,江苏,公办,0,0
安徽,2025,物理类,本科批,2078,南京信息工程大学,（002）,首选物理，再选不限,606,23250,,,5,江苏,公办,0,0
安徽,2025,物理类,本科批,2078,南京信息工程大学,,首选物理，再选化学,589,13374,,,151,江苏,公办,0,0
安徽,2025,物理类,本科批,2082,南京邮电大学,（002）,首选物理，再选化学,620,9531,,,154,江苏,公办,0,0
安徽,2025,物理类,本科批,2101,内蒙古财经大学,,首选物理，再选不限,502,121838,,,0,内蒙古,公办,0,0
安徽,2025,物理类,本科批,2101,内蒙古财经大学,（003）,首选物理，再选化学,508,117743,,,0,内蒙古,公办,0,0
安徽,2025,物理类,本科批,2102,内蒙古大学,,首选物理，再选不限,581,28440,,,5,内蒙古,公办,0,1
安徽,2025,物理类,本科批,2102,内蒙古大学,,首选物理，再选化学,577,23250,,,38,内蒙古,公办,0,1
安徽,2025,物理类,本科批,2104,内蒙古工业大学,,首选物理，再选不限,484,145426,,,0,内蒙古,公办,0,0
安徽,2025,物理类,本科批,2104,内蒙古工业大学,（003）,首选物理，再选化学,501,97676,,,0,内蒙古,公办,0,0
安徽,2025,物理类,本科批,2116,宁波大学,,首选物理，再选不限,594,24503,,,0,浙江,公办,0,0
安徽,2025,物理类,本科批,2116,宁波大学,（006）,首选物理，再选化学,600,21398,,,0,浙江,公办,0,0
安徽,2025,物理类,本科批,2116,宁波大学,（007）,首选物理，再选地理,564,56027,,,0,浙江,公办,0,0
安徽,2025,物理类,本科批,2117,宁波工程学院,（001）,首选物理，再选不限,530,93829,,,2,浙江,公办,0,0
安徽,2025,物理类,本科批,2117,宁波工程学院,,首选物理，再选化学,521,76096,,,37,浙江,公办,0,0
安徽,2025,物理类,本科批,2124,宁夏大学,（001）,首选物理，再选不限,575,46234,,,0,宁夏,公办,0,1
安徽,2025,物理类,本科批,2124,宁夏大学,,首选物理，再选化学,566,26393,,,0,宁夏,公办,0,1
安徽,2025,物理类,本科批,2124,宁夏大学,（006）,首选物理，再选地理,577,41062,,,0,宁夏,公办,0,1
安徽,2025,物理类,本科批,2125,宁夏理工学院,（001）,首选物理，再选不限,476,170300,,,3,宁夏,民办,0,0
安徽,2025,物理类,本科批,2125,宁夏理工学院,（002）,首选物理，再选化学,461,167466,,,93,宁夏,民办,0,0
安徽,2025,物理类,本科批,2126,宁夏师范大学,（001）,首选物理，再选不限,493,121838,,,4,宁夏,公办,0,0
安徽,2025,物理类,本科批,2126,宁夏师范大学,,首选物理，再选化学,508,109427,,,16,宁夏,公办,0,0
安徽,2025,物理类,本科批,2128,宁夏医科大学,（001）,首选物理，再选不限,565,55105,,,0,宁夏,公办,0,0
安徽,2025,物理类,本科批,2128,宁夏医科大学,,首选物理，再选化学,505,42731,,,0,宁夏,公办,0,0
安徽,2025,物理类,本科批,2128,宁夏医科大学,（006）,首选物理，再选化学、生物(2科必选),505,127752,,,0,宁夏,公办,0,0
安徽,2025,物理类,本科批,2131,攀枝花学院,（001）,首选物理，再选不限,497,139469,,,4,四川,公办,0,0
安徽,2025,物理类,本科批,2131,攀枝花学院,（002）,首选物理，再选化学,551,69512,,,4,四川,公办,0,0
安徽,2025,物理类,本科批,2134,平顶山学院,（001）,首选物理，再选不限,495,137898,,,0,河南,公办,0,0
安徽,2025,物理类,本科批,2134,平顶山学院,（002）,首选物理，再选化学,495,140985,,,0,河南,公办,0,0
安徽,2025,物理类,本科批,2145,齐鲁医药学院,,首选物理，再选不限,483,157276,,,0,山东,民办,0,0
安徽,2025,物理类,本科批,2145,齐鲁医药学院,（003）,首选物理，再选化学,484,101477,,,0,山东,民办,0,0
安徽,2025,物理类,本科批,2146,齐齐哈尔大学,（001）,首选物理，再选化学,503,113545,,,0,黑龙江,公办,0,0
安徽,2025,物理类,本科批,2148,齐齐哈尔工程学院,（001）,首选物理，再选化学,447,188658,,,46,黑龙江,民办,0,0
安徽,2025,物理类,本科批,2148,齐齐哈尔工程学院,（002）,首选物理，再选生物,461,191416,,,7,黑龙江,民办,0,0
安徽,2025,物理类,本科批,2158,青岛大学,（001）,首选物理，再选不限,584,37839,,,0,山东,公办,0,0
安徽,2025,物理类,本科批,2158,青岛大学,,首选物理，再选化学,581,24503,,,0,山东,公办,0,0
安徽,2025,物理类,本科批,2158,青岛大学,（004）,首选物理，再选生物,581,41062,,,0,山东,公办,0,0
安徽,2025,物理类,本科批,2165,青岛科技大学,,首选物理，再选化学,523,37839,,,90,山东,公办,0,0
安徽,2025,物理类,本科批,2166,青岛理工大学,,首选物理，再选不限,509,52416,,,0,山东,公办,0,0
安徽,2025,物理类,本科批,2166,青岛理工大学,,首选物理，再选化学,526,31261,,,0,山东,公办,0,0
安徽,2025,物理类,本科批,2167,青岛农业大学,（001）,首选物理，再选化学,518,97676,,,26,山东,公办,0,0
安徽,2025,物理类,本科批,2170,青海大学,,首选物理，再选不限,572,37046,,,0,青海,公办,0,1
安徽,2025,物理类,本科批,2170,青海大学,（004）,首选物理，再选化学,574,26393,,,0,青海,公办,0,1
安徽,2025,物理类,本科批,2170,青海大学,（005）,首选物理，再选化学、生物(2科必选),558,37046,,,0,青海,公办,0,1
安徽,2025,物理类,本科批,2178,琼台师范学院,,首选物理，再选不限,473,140985,,,0,海南,公办,0,0
安徽,2025,物理类,本科批,2178,琼台师范学院,（004）,首选物理，再选化学,490,139469,,,0,海南,公办,0,0
安徽,2025,物理类,本科批,2179,曲阜师范大学,（001）,首选物理，再选不限,526,92564,,,0,山东,公办,0,0
安徽,2025,物理类,本科批,2179,曲阜师范大学,（002）,首选物理，再选化学,543,57983,,,0,山东,公办,0,0
安徽,2025,物理类,本科批,2179,曲阜师范大学,（003）,首选物理，再选地理,556,64218,,,0,山东,公办,0,0
安徽,2025,物理类,本科批,2183,衢州学院,（001）,首选物理，再选化学,520,97676,,,42,浙江,公办,0,0
安徽,2025,物理类,本科批,2201,三明学院,（001）,首选物理，再选不限,493,133575,,,10,福建,公办,0,0
安徽,2025,物理类,本科批,2201,三明学院,（002）,首选物理，再选化学,512,106696,,,22,福建,公办,0,0
安徽,2025,物理类,本科批,2213,山东财经大学,,首选物理，再选不限,551,41859,,,0,山东,公办,0,0
安徽,2025,物理类,本科批,2213,山东财经大学,（003）,首选物理，再选化学,572,45303,,,0,山东,公办,0,0
安徽,2025,物理类,本科批,2217,山东大学,,首选物理，再选化学,637,3461,,,176,山东,公办,1,1
安徽,2025,物理类,本科批,2217,山东大学,（007）,首选物理，再选化学、生物(2科必选),645,3270,,,17,山东,公办,1,1
安徽,2025,物理类,本科批,2218,山东大学（威海）,（003）,首选物理，再选不限,632,9966,,,15,山东,公办,1,1
安徽,2025,物理类,本科批,2218,山东大学（威海）,（004）,首选物理，再选化学,638,6073,,,52,山东,公办,1,1
安徽,2025,物理类,本科批,2219,山东第二医科大学,（001）,首选物理，再选不限,530,93829,,,3,山东,公办,0,0
安徽,2025,物理类,本科批,2219,山东第二医科大学,（002）,首选物理，再选化学,527,62125,,,36,山东,公办,0,0
安徽,2025,物理类,本科批,2220,山东第一医科大学,（001）,首选物理，再选不限,521,105379,,,10,山东,公办,0,0
安徽,2025,物理类,本科批,2220,山东第一医科大学,,首选物理，再选化学,520,28440,,,157,山东,公办,0,0
安徽,2025,物理类,本科批,2223,山东工商学院,,首选物理，再选不限,490,83017,,,0,山东,公办,0,0
安徽,2025,物理类,本科批,2223,山东工商学院,（004）,首选物理，再选化学,518,88917,,,0,山东,公办,0,0
安徽,2025,物理类,本科批,2225,山东工艺美术学院,,首选物理，再选不限,489,149816,,,16,山东,公办,0,0
安徽,2025,物理类,本科批,2225,山东工艺美术学院,（003）,首选物理，再选化学,494,130632,,,12,山东,公办,0,0
安徽,2025,物理类,本科批,2228,山东航空学院,（001）,首选物理，再选不限,530,93829,,,0,山东,公办,0,0
安徽,2025,物理类,本科批,2228,山东航空学院,,首选物理，再选化学,504,84178,,,0,山东,公办,0,0
安徽,2025,物理类,本科批,2232,山东交通学院,（002）,首选物理，再选不限,522,104065,,,4,山东,公办,0,0
安徽,2025,物理类,本科批,2232,山东交通学院,,首选物理，再选化学,469,81872,,,30,山东,公办,0,0
安徽,2025,物理类,本科批,2235,山东科技大学,,首选物理，再选不限,526,47082,,,11,山东,公办,0,0
安徽,2025,物理类,本科批,2235,山东科技大学,,首选物理，再选化学,541,27089,,,70,山东,公办,0,0
安徽,2025,物理类,本科批,2235,山东科技大学,（005）,首选物理，再选地理,589,34787,,,2,山东,公办,0,0
安徽,2025,物理类,本科批,2238,山东理工大学,（001）,首选物理，再选不限,550,70614,,,0,山东,公办,0,0
安徽,2025,物理类,本科批,2238,山东理工大学,（002）,首选物理，再选化学,542,63155,,,0,山东,公办,0,0
安徽,2025,物理类,本科批,2243,山东农业大学,（001）,首选物理，再选化学,531,65227,,,0,山东,公办,0,0
安徽,2025,物理类,本科批,2244,山东农业工程学院,（001）,首选物理，再选不限,503,120475,,,17,山东,公办,0,0
安徽,2025,物理类,本科批,2245,山东女子学院,,首选物理，再选不限,493,117743,,,5,山东,公办,0,0
安徽,2025,物理类,本科批,2245,山东女子学院,,首选物理，再选化学,499,109427,,,10,山东,公办,0,0
安徽,2025,物理类,本科批,2251,山东师范大学,（004）,首选物理，再选不限,545,47082,,,0,山东,公办,0,0
安徽,2025,物理类,本科批,2251,山东师范大学,（006）,首选物理，再选化学,559,39448,,,0,山东,公办,0,0
安徽,2025,物理类,本科批,2251,山东师范大学,（007）,首选物理，再选地理,570,50653,,,0,山东,公办,0,0
安徽,2025,物理类,本科批,2252,山东石油化工学院,（001）,首选物理，再选化学,513,112140,,,29,山东,公办,0,0
安徽,2025,物理类,本科批,2268,山东政法学院,（001）,首选物理，再选不限,562,40231,,,0,山东,公办,0,0
安徽,2025,物理类,本科批,2268,山东政法学院,（002）,首选物理，再选化学,536,84178,,,0,山东,公办,0,0
安徽,2025,物理类,本科批,2276,山西工程技术学院,（001）,首选物理，再选不限,490,142426,,,0,山西,公办,0,0
安徽,2025,物理类,本科批,2276,山西工程技术学院,（002）,首选物理，再选化学,496,104065,,,0,山西,公办,0,0
安徽,2025,物理类,本科批,2276,山西工程技术学院,（003）,首选物理，再选地理,525,100155,,,0,山西,公办,0,0
安徽,2025,物理类,本科批,2277,山西工程科技职业大学,（001）,首选物理，再选不限,489,151358,,,3,山西,公办,0,0
安徽,2025,物理类,本科批,2281,山西科技学院,（001）,首选物理，再选不限,506,119110,,,10,山西,公办,0,0
安徽,2025,物理类,本科批,2281,山西科技学院,（002）,首选物理，再选化学,518,98913,,,4,山西,公办,0,0
安徽,2025,物理类,本科批,2283,山西农业大学,（001）,首选物理，再选不限,510,117743,,,0,山西,公办,0,0
安徽,2025,物理类,本科批,2283,山西农业大学,（002）,首选物理，再选化学,512,96333,,,0,山西,公办,0,0
安徽,2025,物理类,本科批,2283,山西农业大学,,首选物理，再选化学、生物(2科必选),508,101477,,,0,山西,公办,0,0
安徽,2025,物理类,本科批,2285,山西师范大学,（001）,首选物理，再选不限,526,84178,,,7,山西,公办,0,0
安徽,2025,物理类,本科批,2285,山西师范大学,（002）,首选物理，再选化学,522,90129,,,10,山西,公办,0,0
安徽,2025,物理类,本科批,2285,山西师范大学,（003）,首选物理，再选地理,532,85340,,,3,山西,公办,0,0
安徽,2025,物理类,本科批,2289,山西医科大学,,首选物理，再选不限,519,87721,,,10,山西,公办,0,0
安徽,2025,物理类,本科批,2289,山西医科大学,（003）,首选物理，再选化学,520,90129,,,35,山西,公办,0,0
安徽,2025,物理类,本科批,2289,山西医科大学,,首选物理，再选化学、生物(2科必选),539,32674,,,28,山西,公办,0,0
安徽,2025,物理类,本科批,2289,山西医科大学,（006）,首选物理，再选生物,529,95066,,,4,山西,公办,0,0
安徽,2025,物理类,本科批,2303,陕西理工大学,（001）,首选物理，再选不限,529,88917,,,0,陕西,公办,0,0
安徽,2025,物理类,本科批,2303,陕西理工大学,（002）,首选物理，再选化学,535,77227,,,0,陕西,公办,0,0
安徽,2025,物理类,本科批,2303,陕西理工大学,（004）,首选物理，再选地理,533,90129,,,0,陕西,公办,0,0
安徽,2025,物理类,本科批,2303,陕西理工大学,（003）,首选物理，再选思想政治,526,98913,,,0,陕西,公办,0,0
安徽,2025,物理类,本科批,2308,陕西学前师范学院,（001）,首选物理，再选不限,504,129182,,,0,陕西,公办,0,0
安徽,2025,物理类,本科批,2308,陕西学前师范学院,（002）,首选物理，再选化学,494,137898,,,0,陕西,公办,0,0
安徽,2025,物理类,本科批,2316,商丘工学院,（001）,首选物理，再选化学,477,166052,,,20,河南,民办,0,0
安徽,2025,物理类,本科批,2321,上海财经大学,（005）,首选物理，再选不限,636,3917,,,0,上海,公办,0,1
安徽,2025,物理类,本科批,2321,上海财经大学,（006）,首选物理，再选化学,640,6073,,,0,上海,公办,0,1
安徽,2025,物理类,本科批,2325,上海第二工业大学,（001）,首选物理，再选不限,557,57983,,,0,上海,公办,0,0
安徽,2025,物理类,本科批,2325,上海第二工业大学,,首选物理，再选化学,546,47082,,,0,上海,公办,0,0
安徽,2025,物理类,本科批,2331,上海对外经贸大学,,首选物理，再选不限,563,25742,,,0,上海,公办,0,0
安徽,2025,物理类,本科批,2337,上海海事大学,（002）,首选物理，再选不限,592,26393,,,0,上海,公办,0,0
安徽,2025,物理类,本科批,2337,上海海事大学,（003）,首选物理，再选化学,593,27089,,,0,上海,公办,0,0
安徽,2025,物理类,本科批,2338,上海海洋大学,（002）,首选物理，再选化学,587,28440,,,0,上海,公办,0,0
安徽,2025,物理类,本科批,2342,上海健康医学院,（001）,首选物理，再选不限,527,97676,,,0,上海,公办,0,0
安徽,2025,物理类,本科批,2342,上海健康医学院,,首选物理，再选化学,521,87721,,,0,上海,公办,0,0
安徽,2025,物理类,本科批,2349,上海理工大学,（002）,首选物理，再选不限,598,27826,,,0,上海,公办,0,0
安徽,2025,物理类,本科批,2349,上海理工大学,,首选物理，再选化学,601,21994,,,0,上海,公办,0,0
安徽,2025,物理类,本科批,2351,上海立信会计金融学院,,首选物理，再选不限,536,51534,,,0,上海,公办,0,0
安徽,2025,物理类,本科批,2351,上海立信会计金融学院,（004）,首选物理，再选化学,545,68456,,,0,上海,公办,0,0
安徽,2025,物理类,本科批,2360,上海杉达学院,,首选物理，再选不限,471,132119,,,0,上海,民办,0,0
安徽,2025,物理类,本科批,2360,上海杉达学院,（003）,首选物理，再选化学,454,177597,,,0,上海,民办,0,0
安徽,2025,物理类,本科批,2361,上海商学院,,首选物理，再选不限,506,57983,,,0,上海,公办,0,0
安徽,2025,物理类,本科批,2361,上海商学院,（003）,首选物理，再选化学,548,66261,,,0,上海,公办,0,0
安徽,2025,物理类,本科批,2362,上海师范大学,（001）,首选物理，再选不限,575,43621,,,0,上海,公办,0,0
安徽,2025,物理类,本科批,2362,上海师范大学,,首选物理，再选化学,561,31261,,,0,上海,公办,0,0
安徽,2025,物理类,本科批,2362,上海师范大学,（004）,首选物理，再选地理,571,48779,,,0,上海,公办,0,0
安徽,2025,物理类,本科批,2365,上海体育大学,（001）,首选物理，再选不限,571,49685,,,0,上海,公办,0,0
安徽,2025,物理类,本科批,2365,上海体育大学,,首选物理，再选化学,555,38612,,,0,上海,公办,0,0
安徽,2025,物理类,本科批,2374,上海政法学院,,首选物理，再选不限,549,23894,,,0,上海,公办,0,0
安徽,2025,物理类,本科批,2376,上海中医药大学,（003）,首选物理，再选不限,583,39448,,,0,上海,公办,0,0
安徽,2025,物理类,本科批,2376,上海中医药大学,,首选物理，再选化学,583,19065,,,0,上海,公办,0,0
安徽,2025,物理类,本科批,2383,绍兴文理学院,（001）,首选物理，再选化学,529,85340,,,31,浙江,公办,0,0
安徽,2025,物理类,本科批,2386,深圳大学,,首选物理，再选不限,598,16858,,,11,广东,公办,0,0
安徽,2025,物理类,本科批,2386,深圳大学,（003）,首选物理，再选化学,616,4150,,,50,广东,公办,0,0
安徽,2025,物理类,本科批,2386,深圳大学,（004）,首选物理，再选生物,605,23251,,,2,广东,公办,0,0
安徽,2025,物理类,本科批,2387,深圳技术大学,,首选物理，再选化学,597,16363,,,23,广东,公办,0,0
安徽,2025,物理类,本科批,2393,沈阳大学,（001）,首选物理，再选不限,519,97676,,,19,辽宁,公办,0,0
安徽,2025,物理类,本科批,2393,沈阳大学,,首选物理，再选化学,510,84178,,,65,辽宁,公办,0,0
安徽,2025,物理类,本科批,2393,沈阳大学,（004）,首选物理，再选生物,516,112140,,,2,辽宁,公办,0,0
安徽,2025,物理类,本科批,2397,沈阳航空航天大学,（002）,首选物理，再选不限,538,84178,,,0,辽宁,公办,0,0
安徽,2025,物理类,本科批,2397,沈阳航空航天大学,,首选物理，再选化学,568,28440,,,0,辽宁,公办,0,0
安徽,2025,物理类,本科批,2398,沈阳化工大学,（001）,首选物理，再选不限,511,105379,,,0,辽宁,公办,0,0
安徽,2025,物理类,本科批,2398,沈阳化工大学,（002）,首选物理，再选化学,526,71693,,,0,辽宁,公办,0,0
安徽,2025,物理类,本科批,2399,沈阳建筑大学,,首选物理，再选不限,508,84178,,,18,辽宁,公办,0,0
安徽,2025,物理类,本科批,2399,沈阳建筑大学,,首选物理，再选化学,529,70614,,,57,辽宁,公办,0,0
安徽,2025,物理类,本科批,2401,沈阳理工大学,,首选物理，再选化学,511,29144,,,67,辽宁,公办,0,0
安徽,2025,物理类,本科批,2402,沈阳农业大学,（002）,首选物理，再选不限,520,91376,,,0,辽宁,公办,0,0
安徽,2025,物理类,本科批,2402,沈阳农业大学,（003）,首选物理，再选化学,522,62125,,,0,辽宁,公办,0,0
安徽,2025,物理类,本科批,2402,沈阳农业大学,（005）,首选物理，再选生物,513,116353,,,0,辽宁,公办,0,0
安徽,2025,物理类,本科批,2403,沈阳师范大学,,首选物理，再选不限,507,117743,,,8,辽宁,公办,0,0
安徽,2025,物理类,本科批,2403,沈阳师范大学,,首选物理，再选化学,513,83017,,,50,辽宁,公办,0,0
安徽,2025,物理类,本科批,2409,石河子大学,（003）,首选物理，再选不限,551,56996,,,51,新疆,公办,0,1
安徽,2025,物理类,本科批,2409,石河子大学,,首选物理，再选化学,555,27826,,,251,新疆,公办,0,1
安徽,2025,物理类,本科批,2413,石家庄铁道大学,,首选物理，再选不限,538,70614,,,0,河北,公办,0,0
安徽,2025,物理类,本科批,2413,石家庄铁道大学,,首选物理，再选化学,556,29144,,,0,河北,公办,0,0
安徽,2025,物理类,本科批,2421,首都经济贸易大学,（002）,首选物理，再选不限,594,27826,,,0,北京,公办,0,0
安徽,2025,物理类,本科批,2421,首都经济贸易大学,,首选物理，再选化学,577,27826,,,0,北京,公办,0,0
安徽,2025,物理类,本科批,2424,首都医科大学,,首选物理，再选化学,594,2501,,,0,北京,公办,0,0
安徽,2025,物理类,本科批,2443,四川旅游学院,（001）,首选物理，再选不限,501,130632,,,4,四川,公办,0,0
安徽,2025,物理类,本科批,2443,四川旅游学院,,首选物理，再选化学,483,143937,,,19,四川,公办,0,0
安徽,2025,物理类,本科批,2449,四川师范大学,（001）,首选物理，再选不限,550,50653,,,0,四川,公办,0,0
安徽,2025,物理类,本科批,2449,四川师范大学,,首选物理，再选化学,567,42731,,,0,四川,公办,0,0
安徽,2025,物理类,本科批,2449,四川师范大学,（004）,首选物理，再选化学、生物(2科必选),550,65227,,,0,四川,公办,0,0
安徽,2025,物理类,本科批,2449,四川师范大学,（005）,首选物理，再选地理,553,61103,,,0,四川,公办,0,0
安徽,2025,物理类,本科批,2453,四川外国语大学,,首选物理，再选不限,526,43622,,,0,重庆,公办,0,0
安徽,2025,物理类,本科批,2453,四川外国语大学,（005）,首选物理，再选思想政治,559,60033,,,0,重庆,公办,0,0
安徽,2025,物理类,本科批,2457,四川文理学院,（001）,首选物理，再选不限,503,130632,,,3,四川,公办,0,0
安徽,2025,物理类,本科批,2457,四川文理学院,（002）,首选物理，再选化学,499,135050,,,6,四川,公办,0,0
安徽,2025,物理类,本科批,2467,苏州城市学院,（001）,首选物理，再选化学,549,68456,,,20,江苏,公办,0,0
安徽,2025,物理类,本科批,2470,苏州工学院,（001）,首选物理，再选不限,530,91376,,,9,江苏,公办,0,0
安徽,2025,物理类,本科批,2470,苏州工学院,,首选物理，再选化学,533,67357,,,40,江苏,公办,0,0
安徽,2025,物理类,本科批,2477,苏州科技大学,,首选物理，再选不限,541,43621,,,0,江苏,公办,0,0
安徽,2025,物理类,本科批,2477,苏州科技大学,,首选物理，再选化学,549,31970,,,0,江苏,公办,0,0
安徽,2025,物理类,本科批,2482,宿迁学院,（001）,首选物理，再选不限,517,110771,,,0,江苏,公办,0,0
安徽,2025,物理类,本科批,2482,宿迁学院,（002）,首选物理，再选化学,523,96333,,,0,江苏,公办,0,0
安徽,2025,物理类,本科批,2486,绥化学院,,首选物理，再选不限,490,148355,,,15,黑龙江,公办,0,0
安徽,2025,物理类,本科批,2486,绥化学院,,首选物理，再选化学,491,140985,,,16,黑龙江,公办,0,0
安徽,2025,物理类,本科批,2494,台州学院,（001）,首选物理，再选化学,524,87721,,,40,浙江,公办,0,0
安徽,2025,物理类,本科批,2497,太原工业学院,（001）,首选物理，再选不限,497,139469,,,4,山西,公办,0,0
安徽,2025,物理类,本科批,2497,太原工业学院,,首选物理，再选化学,507,108036,,,42,山西,公办,0,0
安徽,2025,物理类,本科批,2500,太原师范学院,（001）,首选物理，再选化学,508,117743,,,0,山西,公办,0,0
安徽,2025,物理类,本科批,2500,太原师范学院,（002）,首选物理，再选地理,506,124829,,,0,山西,公办,0,0
安徽,2025,物理类,本科批,2501,太原学院,,首选物理，再选不限,490,142426,,,0,山西,公办,0,0
安徽,2025,物理类,本科批,2504,泰山学院,,首选物理，再选化学,497,120475,,,30,山东,公办,0,0
安徽,2025,物理类,本科批,2524,天津工业大学,（002）,首选物理，再选不限,583,37046,,,15,天津,公办,0,0
安徽,2025,物理类,本科批,2524,天津工业大学,,首选物理，再选化学,583,22637,,,190,天津,公办,0,0
安徽,2025,物理类,本科批,2534,天津美术学院,（001）,首选物理，再选不限,517,110771,,,0,天津,公办,0,0
安徽,2025,物理类,本科批,2535,天津农学院,,首选物理，再选不限,507,110771,,,11,天津,公办,0,0
安徽,2025,物理类,本科批,2535,天津农学院,,首选物理，再选化学,503,88917,,,74,天津,公办,0,0
安徽,2025,物理类,本科批,2535,天津农学院,（005）,首选物理，再选生物,506,126302,,,4,天津,公办,0,0
安徽,2025,物理类,本科批,2541,天津师范大学,（001）,首选物理，再选不限,530,45303,,,0,天津,公办,0,0
安徽,2025,物理类,本科批,2541,天津师范大学,,首选物理，再选化学,568,37839,,,0,天津,公办,0,0
安徽,2025,物理类,本科批,2554,天津职业技术师范大学,（001）,首选物理，再选不限,509,92564,,,0,天津,公办,0,0
安徽,2025,物理类,本科批,2554,天津职业技术师范大学,（002）,首选物理，再选化学,532,67357,,,0,天津,公办,0,0
安徽,2025,物理类,本科批,2558,天水师范大学,（001）,首选物理，再选不限,500,135050,,,0,甘肃,公办,0,0
安徽,2025,物理类,本科批,2558,天水师范大学,（002）,首选物理，再选化学,502,132119,,,0,甘肃,公办,0,0
安徽,2025,物理类,本科批,2580,渭南师范学院,（001）,首选物理，再选不限,499,136506,,,4,陕西,公办,0,0
安徽,2025,物理类,本科批,2582,温州大学,（001）,首选物理，再选不限,556,55105,,,0,浙江,公办,0,0
安徽,2025,物理类,本科批,2582,温州大学,,首选物理，再选化学,561,35532,,,0,浙江,公办,0,0
安徽,2025,物理类,本科批,2586,温州商学院,（001）,首选物理，再选不限,455,158798,,,24,浙江,民办,0,0
安徽,2025,物理类,本科批,2586,温州商学院,（002）,首选物理，再选化学,472,171778,,,10,浙江,民办,0,0
安徽,2025,物理类,本科批,2587,温州医科大学,（001）,首选物理，再选不限,574,47082,,,0,浙江,公办,0,0
安徽,2025,物理类,本科批,2587,温州医科大学,,首选物理，再选化学,549,18507,,,0,浙江,公办,0,0
安徽,2025,物理类,本科批,2603,五邑大学,（001）,首选物理，再选不限,543,78451,,,1,广东,公办,0,0
安徽,2025,物理类,本科批,2603,五邑大学,,首选物理，再选化学,516,80751,,,32,广东,公办,0,0
安徽,2025,物理类,本科批,2621,武汉工商学院,,首选物理，再选不限,484,149816,,,0,湖北,民办,0,0
安徽,2025,物理类,本科批,2621,武汉工商学院,,首选物理，再选化学,471,149816,,,0,湖北,民办,0,0
安徽,2025,物理类,本科批,2625,武汉华夏理工学院,（001）,首选物理，再选不限,480,155807,,,0,湖北,民办,0,0
安徽,2025,物理类,本科批,2625,武汉华夏理工学院,（002）,首选物理，再选化学,481,149816,,,0,湖北,民办,0,0
安徽,2025,物理类,本科批,2628,武汉科技大学,（001）,首选物理，再选不限,582,36298,,,0,湖北,公办,0,0
安徽,2025,物理类,本科批,2628,武汉科技大学,,首选物理，再选化学,572,25742,,,0,湖北,公办,0,0
安徽,2025,物理类,本科批,2630,武汉理工大学,（005）,首选物理，再选不限,611,20184,,,0,湖北,公办,0,1
安徽,2025,物理类,本科批,2630,武汉理工大学,,首选物理，再选化学,624,6073,,,0,湖北,公办,0,1
安徽,2025,物理类,本科批,2632,武汉轻工大学,（001）,首选物理，再选不限,509,121838,,,0,湖北,公办,0,0
安徽,2025,物理类,本科批,2632,武汉轻工大学,,首选物理，再选化学,525,56996,,,0,湖北,公办,0,0
安徽,2025,物理类,本科批,2659,西安航空学院,,首选物理，再选化学,513,84178,,,0,陕西,公办,0,0
安徽,2025,物理类,本科批,2662,西安交通大学,（006）,首选物理，再选不限,649,4395,,,0,陕西,公办,1,1
安徽,2025,物理类,本科批,2662,西安交通大学,,首选物理，再选化学,643,924,,,0,陕西,公办,1,1
安徽,2025,物理类,本科批,2663,西安交通工程学院,（001）,首选物理，再选不限,481,154269,,,0,陕西,民办,0,0
安徽,2025,物理类,本科批,2663,西安交通工程学院,（002）,首选物理，再选化学,476,158798,,,0,陕西,民办,0,0
安徽,2025,物理类,本科批,2667,西安明德理工学院,（001）,首选物理，再选不限,472,168871,,,0,陕西,民办,0,0
安徽,2025,物理类,本科批,2667,西安明德理工学院,（002）,首选物理，再选化学,468,167466,,,0,陕西,民办,0,0
安徽,2025,物理类,本科批,2677,西安文理学院,（001）,首选物理，再选不限,506,126302,,,4,陕西,公办,0,0
安徽,2025,物理类,本科批,2677,西安文理学院,,首选物理，再选化学,503,127752,,,19,陕西,公办,0,0
安徽,2025,物理类,本科批,2677,西安文理学院,（004）,首选物理，再选化学、生物(2科必选),501,133575,,,3,陕西,公办,0,0
安徽,2025,物理类,本科批,2688,西北师范大学,（001）,首选物理，再选不限,521,93829,,,0,甘肃,公办,0,0
安徽,2025,物理类,本科批,2688,西北师范大学,,首选物理，再选化学,513,65227,,,0,甘肃,公办,0,0
安徽,2025,物理类,本科批,2689,西北政法大学,（001）,首选物理，再选不限,598,21994,,,0,陕西,公办,0,0
安徽,2025,物理类,本科批,2696,西华师范大学,（001）,首选物理，再选不限,504,129182,,,0,四川,公办,0,0
安徽,2025,物理类,本科批,2696,西华师范大学,（002）,首选物理，再选化学,525,84178,,,0,四川,公办,0,0
安徽,2025,物理类,本科批,2696,西华师范大学,（003）,首选物理，再选化学、生物(2科必选),528,96333,,,0,四川,公办,0,0
安徽,2025,物理类,本科批,2697,西交利物浦大学,（001）,首选物理，再选不限,566,54203,,,141,江苏,中外合作办学,0,0
安徽,2025,物理类,本科批,2697,西交利物浦大学,（002）,首选物理，再选化学,569,51534,,,354,江苏,中外合作办学,0,0
安徽,2025,物理类,本科批,2698,西京学院,,首选物理，再选不限,473,154269,,,18,陕西,民办,0,0
安徽,2025,物理类,本科批,2698,西京学院,（003）,首选物理，再选化学,480,161733,,,25,陕西,民办,0,0
安徽,2025,物理类,本科批,2698,西京学院,（004）,首选物理，再选生物,478,167466,,,2,陕西,民办,0,0
安徽,2025,物理类,本科批,2704,西南林业大学,,首选物理，再选化学,519,88917,,,21,云南,公办,0,0
安徽,2025,物理类,本科批,2705,西南民族大学,（002）,首选物理，再选不限,546,60032,,,10,四川,公办,0,0
安徽,2025,物理类,本科批,2705,西南民族大学,（003）,首选物理，再选化学,547,61103,,,26,四川,公办,0,0
安徽,2025,物理类,本科批,2706,西南石油大学,（001）,首选物理，再选不限,581,39448,,,0,四川,公办,0,0
安徽,2025,物理类,本科批,2706,西南石油大学,（002）,首选物理，再选化学,585,27089,,,0,四川,公办,0,0
安徽,2025,物理类,本科批,2707,西南医科大学,,首选物理，再选化学,504,28440,,,0,四川,公办,0,0
安徽,2025,物理类,本科批,2714,厦门工学院,（001）,首选物理，再选不限,441,181796,,,28,福建,民办,0,0
安徽,2025,物理类,本科批,2714,厦门工学院,（002）,首选物理，再选化学,469,170300,,,25,福建,民办,0,0
安徽,2025,物理类,本科批,2726,咸阳师范学院,（001）,首选物理，再选不限,485,157276,,,2,陕西,公办,0,0
安徽,2025,物理类,本科批,2726,咸阳师范学院,（002）,首选物理，再选化学,509,120475,,,6,陕西,公办,0,0
安徽,2025,物理类,本科批,2729,湘南学院,（001）,首选物理，再选不限,518,102791,,,2,湖南,公办,0,0
安徽,2025,物理类,本科批,2729,湘南学院,,首选物理，再选化学,529,88917,,,11,湖南,公办,0,0
安徽,2025,物理类,本科批,2731,湘潭大学,（001）,首选物理，再选不限,591,23894,,,26,湖南,公办,0,0
安徽,2025,物理类,本科批,2731,湘潭大学,（002）,首选物理，再选化学,588,19065,,,129,湖南,公办,0,0
安徽,2025,物理类,本科批,2738,忻州师范学院,,首选物理，再选不限,489,133575,,,8,山西,公办,0,0
安徽,2025,物理类,本科批,2738,忻州师范学院,（003）,首选物理，再选化学,490,137898,,,22,山西,公办,0,0
安徽,2025,物理类,本科批,2738,忻州师范学院,（004）,首选物理，再选化学、生物(2科必选),488,148355,,,4,山西,公办,0,0
安徽,2025,物理类,本科批,2740,新疆大学,,首选物理，再选不限,557,51534,,,0,新疆,公办,0,1
安徽,2025,物理类,本科批,2740,新疆大学,（003）,首选物理，再选化学,553,25101,,,0,新疆,公办,0,1
安徽,2025,物理类,本科批,2740,新疆大学,（005）,首选物理，再选地理,579,42731,,,0,新疆,公办,0,1
安徽,2025,物理类,本科批,2740,新疆大学,（004）,首选物理，再选思想政治,559,61103,,,0,新疆,公办,0,1
安徽,2025,物理类,本科批,2760,新疆艺术学院,（001）,首选物理，再选不限,486,155807,,,0,新疆,公办,0,0
安徽,2025,物理类,本科批,2766,新余学院,,首选物理，再选不限,497,132119,,,15,江西,公办,0,0
安徽,2025,物理类,本科批,2766,新余学院,,首选物理，再选化学,501,108036,,,41,江西,公办,0,0
安徽,2025,物理类,本科批,2766,新余学院,（005）,首选物理，再选生物,506,126302,,,5,江西,公办,0,0
安徽,2025,物理类,本科批,2769,信阳农林学院,（001）,首选物理，再选化学,491,145426,,,15,河南,公办,0,0
安徽,2025,物理类,本科批,2780,徐州工程学院,（001）,首选物理，再选不限,530,93829,,,0,江苏,公办,0,0
安徽,2025,物理类,本科批,2780,徐州工程学院,（002）,首选物理，再选化学,534,81872,,,0,江苏,公办,0,0
安徽,2025,物理类,本科批,2785,许昌学院,（001）,首选物理，再选化学,514,104065,,,17,河南,公办,0,0
安徽,2025,物理类,本科批,2795,延安大学,（001）,首选物理，再选不限,516,106696,,,6,陕西,公办,0,0
安徽,2025,物理类,本科批,2795,延安大学,（002）,首选物理，再选化学,532,85340,,,7,陕西,公办,0,0
安徽,2025,物理类,本科批,2797,延边大学,（003）,首选物理，再选不限,575,40231,,,0,吉林,公办,0,1
安徽,2025,物理类,本科批,2797,延边大学,（004）,首选物理，再选化学,584,29144,,,0,吉林,公办,0,1
安徽,2025,物理类,本科批,2797,延边大学,（005）,首选物理，再选生物,585,37839,,,0,吉林,公办,0,1
安徽,2025,物理类,本科批,2802,燕山大学,,首选物理，再选不限,558,53330,,,9,河北,公办,0,0
安徽,2025,物理类,本科批,2802,燕山大学,（004）,首选物理，再选化学,594,22637,,,64,河北,公办,0,0
安徽,2025,物理类,本科批,2803,扬州大学,（002）,首选物理，再选不限,585,37839,,,2,江苏,公办,0,0
安徽,2025,物理类,本科批,2803,扬州大学,,首选物理，再选化学,576,22637,,,76,江苏,公办,0,0
安徽,2025,物理类,本科批,2803,扬州大学,（009）,首选物理，再选生物,575,46234,,,3,江苏,公办,0,0
安徽,2025,物理类,本科批,2811,宜宾学院,（001）,首选物理，再选化学,515,108036,,,15,四川,公办,0,0
安徽,2025,物理类,本科批,2814,宜春学院,（001）,首选物理，再选不限,511,117743,,,3,江西,公办,0,0
安徽,2025,物理类,本科批,2814,宜春学院,（002）,首选物理，再选化学,504,114928,,,31,江西,公办,0,0
安徽,2025,物理类,本科批,2814,宜春学院,（003）,首选物理，再选化学、生物(2科必选),524,79575,,,10,江西,公办,0,0
安徽,2025,物理类,本科批,2822,营口理工学院,（001）,首选物理，再选不限,489,151358,,,6,辽宁,公办,0,0
安徽,2025,物理类,本科批,2822,营口理工学院,（002）,首选物理，再选化学,493,130632,,,39,辽宁,公办,0,0
安徽,2025,物理类,本科批,2825,右江民族医学院,（001）,首选物理，再选不限,483,152846,,,3,广西,公办,0,0
安徽,2025,物理类,本科批,2825,右江民族医学院,,首选物理，再选化学,488,72790,,,12,广西,公办,0,0
安徽,2025,物理类,本科批,2825,右江民族医学院,（006）,首选物理，再选生物,508,123337,,,1,广西,公办,0,0
安徽,2025,物理类,本科批,2827,榆林学院,（001）,首选物理，再选化学,495,135050,,,0,陕西,公办,0,0
安徽,2025,物理类,本科批,2828,玉林师范学院,（001）,首选物理，再选化学,491,146903,,,0,广西,公办,0,0
安徽,2025,物理类,本科批,2829,玉溪师范学院,（001）,首选物理，再选化学,492,133575,,,6,云南,公办,0,0
安徽,2025,物理类,本科批,2830,豫北医学院,（001）,首选物理，再选化学,489,151358,,,0,河南,民办,0,0
安徽,2025,物理类,本科批,2830,豫北医学院,（002）,首选物理，再选化学、生物(2科必选),532,91376,,,0,河南,民办,0,0
安徽,2025,物理类,本科批,2830,豫北医学院,（003）,首选物理，再选生物,488,152846,,,0,河南,民办,0,0
安徽,2025,物理类,本科批,2848,云南民族大学,（002）,首选物理，再选化学,512,104065,,,0,云南,公办,0,0
安徽,2025,物理类,本科批,2848,云南民族大学,（003）,首选物理，再选化学、生物(2科必选),504,129182,,,0,云南,公办,0,0
安徽,2025,物理类,本科批,2848,云南民族大学,（004）,首选物理，再选思想政治,512,117743,,,0,云南,公办,0,0
安徽,2025,物理类,本科批,2850,云南农业大学,,首选物理，再选不限,495,100155,,,4,云南,公办,0,0
安徽,2025,物理类,本科批,2850,云南农业大学,,首选物理，再选化学,520,83017,,,40,云南,公办,0,0
安徽,2025,物理类,本科批,2850,云南农业大学,（005）,首选物理，再选生物,519,108036,,,3,云南,公办,0,0
安徽,2025,物理类,本科批,2855,云南中医药大学,,首选物理，再选不限,509,83017,,,10,云南,公办,0,0
安徽,2025,物理类,本科批,2855,云南中医药大学,,首选物理，再选化学,508,91376,,,19,云南,公办,0,0
安徽,2025,物理类,本科批,2858,运城学院,（001）,首选物理，再选不限,488,149816,,,0,山西,公办,0,0
安徽,2025,物理类,本科批,2860,运城职业技术大学,（001）,首选物理，再选不限,478,163201,,,7,山西,民办,0,0
安徽,2025,物理类,本科批,2862,枣庄学院,（001）,首选物理，再选不限,497,139469,,,5,山东,公办,0,0
安徽,2025,物理类,本科批,2862,枣庄学院,（002）,首选物理，再选化学,494,130632,,,45,山东,公办,0,0
安徽,2025,物理类,本科批,2867,张家口学院,（001）,首选物理，再选不限,500,133576,,,10,河北,公办,0,0
安徽,2025,物理类,本科批,2867,张家口学院,（002）,首选物理，再选化学,498,136507,,,6,河北,公办,0,0
安徽,2025,物理类,本科批,2874,肇庆学院,,首选物理，再选化学,492,105379,,,26,广东,公办,0,0
安徽,2025,物理类,本科批,2875,肇庆医学院,（001）,首选物理，再选化学,504,113545,,,5,广东,公办,0,0
安徽,2025,物理类,本科批,2880,浙江传媒学院,,首选物理，再选不限,548,56027,,,0,浙江,公办,0,0
安徽,2025,物理类,本科批,2880,浙江传媒学院,,首选物理，再选化学,530,48779,,,0,浙江,公办,0,0
安徽,2025,物理类,本科批,2886,浙江工商大学,,首选物理，再选不限,579,29144,,,56,浙江,公办,0,0
安徽,2025,物理类,本科批,2886,浙江工商大学,（004）,首选物理，再选化学,571,27826,,,66,浙江,公办,0,0
安徽,2025,物理类,本科批,2888,浙江工业大学,（001）,首选物理，再选不限,599,27826,,,5,浙江,公办,0,0
安徽,2025,物理类,本科批,2888,浙江工业大学,,首选物理，再选化学,572,16857,,,69,浙江,公办,0,0
安徽,2025,物理类,本科批,2892,浙江海洋大学,（002）,首选物理，再选不限,551,69512,,,4,浙江,公办,0,0
安徽,2025,物理类,本科批,2892,浙江海洋大学,（003）,首选物理，再选化学,547,54203,,,70,浙江,公办,0,0
安徽,2025,物理类,本科批,2892,浙江海洋大学,（004）,首选物理，再选生物,544,77227,,,2,浙江,公办,0,0
安徽,2025,物理类,本科批,2894,浙江机电职业技术大学,（001）,首选物理，再选不限,513,100155,,,0,浙江,公办,0,0
安徽,2025,物理类,本科批,2901,浙江科技大学,（001）,首选物理，再选不限,565,55105,,,5,浙江,公办,0,0
安徽,2025,物理类,本科批,2901,浙江科技大学,,首选物理，再选化学,539,32674,,,86,浙江,公办,0,0
安徽,2025,物理类,本科批,2902,浙江理工大学,,首选物理，再选不限,540,37046,,,0,浙江,公办,0,0
安徽,2025,物理类,本科批,2902,浙江理工大学,（004）,首选物理，再选化学,594,26393,,,0,浙江,公办,0,0
安徽,2025,物理类,本科批,2904,浙江农林大学,,首选物理，再选不限,554,46234,,,12,浙江,公办,0,0
安徽,2025,物理类,本科批,2904,浙江农林大学,（003）,首选物理，再选化学,560,39448,,,106,浙江,公办,0,0
安徽,2025,物理类,本科批,2904,浙江农林大学,（005）,首选物理，再选地理,580,41859,,,2,浙江,公办,0,0
安徽,2025,物理类,本科批,2907,浙江师范大学,,首选物理，再选不限,555,44443,,,8,浙江,公办,0,0
安徽,2025,物理类,本科批,2907,浙江师范大学,,首选物理，再选化学,580,27826,,,53,浙江,公办,0,0
安徽,2025,物理类,本科批,2908,浙江树人学院,（001）,首选物理，再选不限,477,164647,,,18,浙江,民办,0,0
安徽,2025,物理类,本科批,2908,浙江树人学院,（002）,首选物理，再选化学,478,151358,,,43,浙江,民办,0,0
安徽,2025,物理类,本科批,2908,浙江树人学院,（003）,首选物理，再选生物,481,163201,,,5,浙江,民办,0,0
安徽,2025,物理类,本科批,2909,浙江水利水电学院,（001）,首选物理，再选不限,535,85340,,,5,浙江,公办,0,0
安徽,2025,物理类,本科批,2909,浙江水利水电学院,（002）,首选物理，再选化学,539,72790,,,36,浙江,公办,0,0
安徽,2025,物理类,本科批,2909,浙江水利水电学院,（003）,首选物理，再选地理,541,80751,,,4,浙江,公办,0,0
安徽,2025,物理类,本科批,2912,浙江外国语学院,（001）,首选物理，再选不限,542,60032,,,8,浙江,公办,0,0
安徽,2025,物理类,本科批,2912,浙江外国语学院,（002）,首选物理，再选化学,547,70614,,,11,浙江,公办,0,0
安徽,2025,物理类,本科批,2913,浙江万里学院,,首选物理，再选不限,495,121838,,,0,浙江,公办,0,0
安徽,2025,物理类,本科批,2913,浙江万里学院,（003）,首选物理，再选化学,498,102791,,,0,浙江,公办,0,0
安徽,2025,物理类,本科批,2914,浙江药科职业大学,（001）,首选物理，再选不限,510,117743,,,0,浙江,公办,0,0
安徽,2025,物理类,本科批,2920,浙江中医药大学,,首选物理，再选化学,551,24503,,,71,浙江,公办,0,0
安徽,2025,物理类,本科批,2926,郑州工程技术学院,（001）,首选物理，再选化学,491,140985,,,0,河南,公办,0,0
安徽,2025,物理类,本科批,2948,中北大学,（001）,首选物理，再选不限,549,49685,,,25,山西,公办,0,0
安徽,2025,物理类,本科批,2948,中北大学,,首选物理，再选化学,575,21994,,,327,山西,公办,0,0
安徽,2025,物理类,本科批,2949,中国传媒大学,（004）,首选物理，再选不限,606,16363,,,0,北京,公办,0,1
安徽,2025,物理类,本科批,2949,中国传媒大学,,首选物理，再选化学,600,11188,,,0,北京,公办,0,1
安徽,2025,物理类,本科批,2950,中国地质大学（北京）,（003）,首选物理，再选不限,603,18507,,,0,北京,公办,0,1
安徽,2025,物理类,本科批,2950,中国地质大学（北京）,（004）,首选物理，再选化学,602,12024,,,0,北京,公办,0,1
安徽,2025,物理类,本科批,2951,中国地质大学（武汉）,（003）,首选物理，再选不限,604,23895,,,0,湖北,公办,0,1
安徽,2025,物理类,本科批,2951,中国地质大学（武汉）,,首选物理，再选化学,585,11595,,,0,湖北,公办,0,1
安徽,2025,物理类,本科批,2952,中国海洋大学,（004）,首选物理，再选不限,625,11188,,,0,山东,公办,1,1
安徽,2025,物理类,本科批,2952,中国海洋大学,,首选物理，再选化学,614,5755,,,0,山东,公办,1,1
安徽,2025,物理类,本科批,2953,中国计量大学,（003）,首选物理，再选不限,594,29819,,,12,浙江,公办,0,0
安徽,2025,物理类,本科批,2953,中国计量大学,（004）,首选物理，再选化学,597,24503,,,93,浙江,公办,0,0
安徽,2025,物理类,本科批,2957,中国劳动关系学院,（003）,首选物理，再选不限,535,66261,,,0,北京,公办,0,0
安徽,2025,物理类,本科批,2957,中国劳动关系学院,（004）,首选物理，再选化学,535,81872,,,0,北京,公办,0,0
安徽,2025,物理类,本科批,2959,中国民航大学,（003）,首选物理，再选不限,588,33386,,,0,天津,公办,0,0
安徽,2025,物理类,本科批,2959,中国民航大学,（004）,首选物理，再选化学,595,20184,,,0,天津,公办,0,0
安徽,2025,物理类,本科批,2960,中国民用航空飞行学院,（004）,首选物理，再选不限,538,68456,,,13,四川,公办,0,0
安徽,2025,物理类,本科批,2960,中国民用航空飞行学院,（005）,首选物理，再选化学,552,31261,,,71,四川,公办,0,0
安徽,2025,物理类,本科批,2960,中国民用航空飞行学院,（006）,首选物理，再选思想政治,543,78451,,,1,四川,公办,0,0
安徽,2025,物理类,本科批,2967,中国石油大学（北京）,（002）,首选物理，再选不限,607,19645,,,0,北京,公办,0,1
安徽,2025,物理类,本科批,2967,中国石油大学（北京）,（003）,首选物理，再选化学,611,9966,,,0,北京,公办,0,1
安徽,2025,物理类,本科批,2968,中国石油大学（北京）克拉玛依校区,（004）,首选物理，再选不限,579,40231,,,0,新疆,公办,0,1
安徽,2025,物理类,本科批,2968,中国石油大学（北京）克拉玛依校区,（005）,首选物理，再选化学,587,28440,,,0,新疆,公办,0,1
安徽,2025,物理类,本科批,2969,中国石油大学（华东）,,首选物理，再选不限,606,17949,,,0,山东,公办,0,1
安徽,2025,物理类,本科批,2969,中国石油大学（华东）,（006）,首选物理，再选化学,604,11594,,,0,山东,公办,0,1
安徽,2025,物理类,本科批,2977,中华女子学院,（001）,首选物理，再选不限,521,84178,,,17,北京,公办,0,0
安徽,2025,物理类,本科批,2977,中华女子学院,（002）,首选物理，再选化学,529,95066,,,4,北京,公办,0,0
安徽,2025,物理类,本科批,2979,中南大学,（004）,首选物理，再选化学,638,3917,,,243,湖南,公办,1,1
安徽,2025,物理类,本科批,2979,中南大学,,首选物理，再选化学、生物(2科必选),642,1226,,,19,湖南,公办,1,1
安徽,2025,物理类,本科批,2980,中南林业科技大学,（001）,首选物理，再选不限,530,83017,,,33,湖南,公办,0,0
安徽,2025,物理类,本科批,2980,中南林业科技大学,（002）,首选物理，再选化学,533,50653,,,125,湖南,公办,0,0
安徽,2025,物理类,本科批,2985,中央财经大学,,首选物理，再选不限,621,4629,,,0,北京,公办,0,1
安徽,2025,物理类,本科批,2986,中央美术学院,（001）,首选物理，再选不限,565,42731,,,0,北京,公办,0,0
安徽,2025,物理类,本科批,2987,中央民族大学,（002）,首选物理，再选不限,619,13374,,,0,北京,公办,1,1
安徽,2025,物理类,本科批,2987,中央民族大学,,首选物理，再选化学,615,9171,,,0,北京,公办,1,1
安徽,2025,物理类,本科批,2991,中原工学院,（001）,首选物理，再选不限,509,121838,,,0,河南,公办,0,0
安徽,2025,物理类,本科批,2991,中原工学院,（002）,首选物理，再选化学,520,96333,,,0,河南,公办,0,0
安徽,2025,物理类,本科批,3004,遵义医科大学,,首选物理，再选化学,534,37046,,,13,贵州,公办,0,0
安徽,2025,物理类,本科批,5003,长春大学旅游学院,（001）,首选物理，再选不限,449,203193,,,0,吉林,民办,0,0
安徽,2025,物理类,本科批,5003,长春大学旅游学院,（002）,首选物理，再选化学,451,204450,,,0,吉林,民办,0,0
安徽,2025,物理类,本科批,5014,东南大学成贤学院,（001）,首选物理，再选不限,491,130632,,,0,江苏,民办,0,0
安徽,2025,物理类,本科批,5014,东南大学成贤学院,（002）,首选物理，再选化学,488,105379,,,0,江苏,民办,0,0
安徽,2025,物理类,本科批,5017,福州大学至诚学院,（001）,首选物理，再选不限,481,163201,,,6,福建,民办,0,0
安徽,2025,物理类,本科批,5017,福州大学至诚学院,（002）,首选物理，再选化学,475,160272,,,55,福建,民办,0,0
安徽,2025,物理类,本科批,5021,广西中医药大学赛恩斯新医药学院,（001）,首选物理，再选不限,497,137898,,,0,广西,民办,0,0
安徽,2025,物理类,本科批,5021,广西中医药大学赛恩斯新医药学院,（002）,首选物理，再选化学,484,149816,,,0,广西,民办,0,0
安徽,2025,物理类,本科批,5021,广西中医药大学赛恩斯新医药学院,（003）,首选物理，再选生物,486,155807,,,0,广西,民办,0,0
安徽,2025,物理类,本科批,5022,杭州电子科技大学信息工程学院,（001）,首选物理，再选化学,500,121838,,,0,浙江,民办,0,0
安徽,2025,物理类,本科批,5050,昆明医科大学海源学院,（001）,首选物理，再选化学,485,146903,,,0,云南,民办,0,0
安徽,2025,物理类,本科批,5050,昆明医科大学海源学院,（002）,首选物理，再选生物,479,166052,,,0,云南,民办,0,0
安徽,2025,物理类,本科批,5056,南京财经大学红山学院,（001）,首选物理，再选不限,486,136506,,,0,江苏,民办,0,0
安徽,2025,物理类,本科批,5062,南京师范大学泰州学院,（001）,首选物理，再选化学,485,151358,,,0,江苏,民办,0,0
安徽,2025,物理类,本科批,5068,宁波大学科学技术学院,（001）,首选物理，再选不限,489,47939,,,0,浙江,民办,0,0
安徽,2025,物理类,本科批,5068,宁波大学科学技术学院,（002）,首选物理，再选化学,484,48779,,,0,浙江,民办,0,0
安徽,2025,物理类,本科批,5078,石家庄铁道大学四方学院,（001）,首选物理，再选不限,502,132119,,,2,河北,民办,0,0
安徽,2025,物理类,本科批,5078,石家庄铁道大学四方学院,（002）,首选物理，再选化学,487,105379,,,25,河北,民办,0,0
安徽,2025,物理类,本科批,5080,苏州大学应用技术学院,（001）,首选物理，再选化学,505,17381,,,25,江苏,民办,0,0
安徽,2025,物理类,本科批,5084,天津商业大学宝德学院,,首选物理，再选不限,474,135050,,,0,天津,民办,0,0
安徽,2025,物理类,本科批,5085,天津外国语大学滨海外事学院,（001）,首选物理，再选不限,472,161733,,,0,天津,民办,0,0
安徽,2025,物理类,本科批,5086,天津医科大学临床医学院,,首选物理，再选化学,485,145426,,,0,天津,民办,0,0
安徽,2025,物理类,本科批,5086,天津医科大学临床医学院,,首选物理，再选化学、生物(2科必选),537,69512,,,0,天津,民办,0,0
安徽,2025,物理类,本科批,5087,温州医科大学仁济学院,,首选物理，再选化学,489,121838,,,10,浙江,民办,0,0
安徽,2025,物理类,本科批,5089,武汉工程大学邮电与信息工程学院,（001）,首选物理，再选化学,483,145426,,,0,湖北,民办,0,0
安徽,2025,物理类,本科批,5092,西安建筑科技大学华清学院,（001）,首选物理，再选化学,469,163201,,,0,陕西,民办,0,0
安徽,2025,物理类,本科批,5095,西南财经大学天府学院,,首选物理，再选不限,479,145426,,,0,四川,民办,0,0
安徽,2025,物理类,本科批,5095,西南财经大学天府学院,,首选物理，再选化学,480,160272,,,0,四川,民办,0,0
安徽,2025,物理类,本科批,5100,浙江财经大学东方学院,,首选物理，再选不限,481,135050,,,24,浙江,民办,0,0
安徽,2025,物理类,本科批,5100,浙江财经大学东方学院,（003）,首选物理，再选化学,485,151358,,,5,浙江,民办,0,0
安徽,2025,物理类,本科批,5101,浙江工商大学杭州商学院,,首选物理，再选不限,486,149816,,,22,浙江,民办,0,0
安徽,2025,物理类,本科批,5101,浙江工商大学杭州商学院,（003）,首选物理，再选化学,491,137898,,,10,浙江,民办,0,0
安徽,2025,物理类,本科批,5102,浙江工业大学之江学院,（001）,首选物理，再选化学,487,148355,,,53,浙江,民办,0,0
安徽,2025,物理类,本科批,5103,浙江理工大学科技与艺术学院,（001）,首选物理，再选不限,477,160272,,,20,浙江,民办,0,0
安徽,2025,物理类,本科批,5103,浙江理工大学科技与艺术学院,（003）,首选物理，再选化学,484,49685,,,10,浙江,民办,0,0
安徽,2025,物理类,本科批,5107,中国矿业大学徐海学院,（001）,首选物理，再选不限,489,148355,,,0,江苏,民办,0,0
安徽,2025,物理类,本科批,5107,中国矿业大学徐海学院,,首选物理，再选化学,482,146903,,,0,江苏,民办,0,0
安徽,2025,物理类,本科批,9002,安徽财经大学,（003）,首选物理，再选不限,540,51534,,,1247,安徽,公办,0,0
安徽,2025,物理类,本科批,9002,安徽财经大学,（004）,首选物理，再选化学,547,66261,,,746,安徽,公办,0,0
安徽,2025,物理类,本科批,9007,安徽农业大学,（004）,首选物理，再选不限,549,44443,,,467,安徽,公办,0,0
安徽,2025,物理类,本科批,9007,安徽农业大学,,首选物理，再选化学,529,37839,,,2289,安徽,公办,0,0
安徽,2025,物理类,本科批,9007,安徽农业大学,（007）,首选物理，再选生物,557,63155,,,18,安徽,公办,0,0
安徽,2025,物理类,本科批,9008,安徽师范大学,,首选物理，再选不限,536,37046,,,0,安徽,公办,0,0
安徽,2025,物理类,本科批,9008,安徽师范大学,,首选物理，再选化学,535,31261,,,0,安徽,公办,0,0
安徽,2025,物理类,本科批,9008,安徽师范大学,（053）,首选物理，再选地理,571,49685,,,0,安徽,公办,0,0
安徽,2025,物理类,本科批,9009,安徽医科大学,,首选物理，再选不限,515,79575,,,326,安徽,公办,0,0
安徽,2025,物理类,本科批,9009,安徽医科大学,,首选物理，再选化学,526,12502,,,3088,安徽,公办,0,0
安徽,2025,物理类,本科批,9010,安徽中医药大学,,首选物理，再选不限,523,33386,,,829,安徽,公办,0,0
安徽,2025,物理类,本科批,9010,安徽中医药大学,（009）,首选物理，再选化学,522,88917,,,1756,安徽,公办,0,0
安徽,2025,物理类,本科批,9011,安庆师范大学,（005）,首选物理，再选不限,524,92564,,,441,安徽,公办,0,0
安徽,2025,物理类,本科批,9011,安庆师范大学,,首选物理，再选化学,495,81872,,,1446,安徽,公办,0,0
安徽,2025,物理类,本科批,9011,安庆师范大学,（009）,首选物理，再选地理,539,83017,,,31,安徽,公办,0,0
安徽,2025,物理类,本科批,9015,合肥大学,,首选物理，再选不限,522,84178,,,0,安徽,公办,0,0
安徽,2025,物理类,本科批,9015,合肥大学,,首选物理，再选化学,533,67357,,,0,安徽,公办,0,0
安徽,2025,物理类,本科批,9102,蚌埠学院,（002）,首选物理，再选不限,492,135050,,,475,安徽,公办,0,0
安徽,2025,物理类,本科批,9102,蚌埠学院,（003）,首选物理，再选化学,494,120475,,,2608,安徽,公办,0,0
安徽,2025,物理类,本科批,9106,池州学院,（002）,首选物理，再选不限,494,133575,,,320,安徽,公办,0,0
安徽,2025,物理类,本科批,9106,池州学院,,首选物理，再选化学,497,123337,,,839,安徽,公办,0,0
安徽,2025,物理类,本科批,9106,池州学院,（005）,首选物理，再选化学、地理(2科必选),491,146903,,,100,安徽,公办,0,0
安徽,2025,物理类,本科批,9106,池州学院,（006）,首选物理，再选地理,500,133575,,,40,安徽,公办,0,0
安徽,2025,物理类,本科批,9111,淮南师范学院,（004）,首选物理，再选不限,509,113545,,,0,安徽,公办,0,0
安徽,2025,物理类,本科批,9111,淮南师范学院,,首选物理，再选化学,504,117743,,,0,安徽,公办,0,0
安徽,2025,物理类,本科批,9111,淮南师范学院,（008）,首选物理，再选思想政治,518,109427,,,0,安徽,公办,0,0
安徽,2025,物理类,本科批,9111,淮南师范学院,（007）,首选物理，再选生物,508,123337,,,0,安徽,公办,0,0
安徽,2025,物理类,本科批,9114,皖南医学院,（005）,首选物理，再选不限,513,102791,,,98,安徽,公办,0,0
安徽,2025,物理类,本科批,9114,皖南医学院,,首选物理，再选化学,507,48779,,,2431,安徽,公办,0,0
安徽,2025,物理类,本科批,9115,皖西学院,（002）,首选物理，再选不限,504,113545,,,0,安徽,公办,0,0
安徽,2025,物理类,本科批,9115,皖西学院,（003）,首选物理，再选化学,506,105379,,,0,安徽,公办,0,0
安徽,2025,物理类,本科批,9115,皖西学院,（004）,首选物理，再选地理,512,117743,,,0,安徽,公办,0,0
安徽,2025,物理类,本科批,9117,安徽艺术学院,（001）,首选物理，再选不限,494,139496,,,80,安徽,公办,0,0
安徽,2025,物理类,本科批,9120,安徽第二医学院,（021）,首选物理，再选不限,498,137898,,,25,安徽,公办,0,0
安徽,2025,物理类,本科批,9120,安徽第二医学院,（022）,首选物理，再选化学,494,142426,,,330,安徽,公办,0,0
安徽,2025,物理类,本科批,9120,安徽第二医学院,（023）,首选物理，再选生物,500,135050,,,111,安徽,公办,0,0
安徽,2025,物理类,本科批,9121,安徽职业技术大学,（021）,首选物理，再选不限,490,140985,,,0,安徽,公办,0,0
安徽,2025,物理类,本科批,9201,蚌埠工商学院,（001）,首选物理，再选不限,476,160272,,,0,安徽,民办,0,0
安徽,2025,物理类,本科批,9201,蚌埠工商学院,（002）,首选物理，再选化学,479,163201,,,0,安徽,民办,0,0
安徽,2025,物理类,本科批,9203,马鞍山学院,（001）,首选物理，再选不限,468,172626,,,0,安徽,民办,0,0
安徽,2025,物理类,本科批,9203,马鞍山学院,（002）,首选物理，再选化学,466,169121,,,0,安徽,民办,0,0
安徽,2025,物理类,本科批,9204,合肥城市学院,（001）,首选物理，再选不限,464,183207,,,0,安徽,民办,0,0
安徽,2025,物理类,本科批,9204,合肥城市学院,（002）,首选物理，再选化学,455,180442,,,0,安徽,民办,0,0
安徽,2025,物理类,本科批,9205,合肥经济学院,（001）,首选物理，再选不限,474,158798,,,892,安徽,民办,0,0
安徽,2025,物理类,本科批,9205,合肥经济学院,（002）,首选物理，再选化学,473,163201,,,1735,安徽,民办,0,0
安徽,2025,物理类,本科提前批,1024,北部湾大学,（001）,首选物理，再选化学,500,124829,,,0,广西,公办,0,0
安徽,2025,物理类,本科提前批,1133,常州工学院,（001）,首选物理，再选化学,528,96333,,,0,江苏,公办,0,0
安徽,2025,物理类,本科提前批,1497,海南热带海洋学院,（001）,首选物理，再选化学,494,143937,,,0,海南,公办,0,0
安徽,2025,物理类,本科提前批,1592,河西学院,（001）,首选物理，再选化学,494,143937,,,0,甘肃,公办,0,0
安徽,2025,物理类,本科提前批,1729,华东师范大学,,首选物理，再选化学,636,2152,,,0,上海,公办,1,1
安徽,2025,物理类,本科提前批,1737,华中师范大学,,首选物理，再选不限,589,6707,,,0,湖北,公办,0,1
安徽,2025,物理类,本科提前批,1737,华中师范大学,,首选物理，再选化学,628,5205,,,0,湖北,公办,0,1
安徽,2025,物理类,本科提前批,1737,华中师范大学,（003）,首选物理，再选地理,637,8106,,,0,湖北,公办,0,1
安徽,2025,物理类,本科提前批,2337,上海海事大学,（001）,首选物理，再选化学,545,61103,,,0,上海,公办,0,0
安徽,2025,物理类,本科提前批,2844,云南警官学院,（001）,首选物理，再选思想政治,589,34787,,,0,云南,公办,0,0
安徽,2025,物理类,本科提前批,2959,中国民航大学,（001）,首选物理，再选化学,537,85340,,,0,天津,公办,0,0
安徽,2025,物理类,本科提前批,2964,中国人民公安大学,,首选物理，再选化学,632,2844,,,0,北京,公办,0,0
安徽,2025,物理类,本科提前批,2964,中国人民公安大学,,首选物理，再选思想政治,620,7027,,,0,北京,公办,0,0
安徽,2025,物理类,本科提前批,2971,中国消防救援学院,（001）,首选物理，再选化学,520,13374,,,0,北京,公办,0,0
安徽,2025,物理类,本科提前批,2972,中国刑事警察学院,,首选物理，再选化学,629,6404,,,19,辽宁,公办,0,0
安徽,2025,物理类,本科提前批,2972,中国刑事警察学院,,首选物理，再选思想政治,618,10374,,,3,辽宁,公办,0,0
安徽,2025,物理类,本科提前批,9008,安徽师范大学,（061）,首选物理，再选不限,543,78451,,,0,安徽,公办,0,0
安徽,2025,物理类,本科提前批,9008,安徽师范大学,（064）,首选物理，再选化学,601,21398,,,0,安徽,公办,0,0
安徽,2025,物理类,本科提前批,9008,安徽师范大学,（003）,首选物理，再选思想政治,571,49685,,,0,安徽,公办,0,0
安徽,2025,物理类,本科提前批,9009,安徽医科大学,（001）,首选物理，再选化学,544,22637,,,140,安徽,公办,0,0
安徽,2025,物理类,本科提前批,9010,安徽中医药大学,（001）,首选物理，再选不限,543,78451,,,224,安徽,公办,0,0
安徽,2025,物理类,本科提前批,9014,蚌埠医科大学,（001）,首选物理，再选化学,563,31970,,,0,安徽,公办,0,0
安徽,2025,物理类,本科提前批,9109,合肥师范学院,（061）,首选物理，再选不限,518,35532,,,19,安徽,公办,0,0
安徽,2025,物理类,本科提前批,9111,淮南师范学院,（061）,首选物理，再选不限,528,96333,,,0,安徽,公办,0,0
安徽,2025,物理类,高校专项计划批,1042,北京化工大学,（002）,首选物理，再选化学,618,16363,,,0,北京,公办,0,1
安徽,2025,物理类,高校专项计划批,1056,北京林业大学,（005）,首选物理，再选不限,599,27826,,,0,北京,公办,0,1
安徽,2025,物理类,高校专项计划批,1056,北京林业大学,（006）,首选物理，再选生物,538,84178,,,0,北京,公办,0,1
安徽,2025,物理类,高校专项计划批,1074,北京中医药大学,（W化）,首选物理，再选化学,616,16363,,,0,北京,公办,0,1
安徽,2025,物理类,高校专项计划批,1471,哈尔滨工业大学（威海）,（002）,首选物理，再选化学,641,6707,,,0,山东,公办,1,1
安徽,2025,物理类,高校专项计划批,1728,华东理工大学,（003）,首选物理，再选化学,622,9171,,,0,上海,公办,0,1
安徽,2025,物理类,高校专项计划批,1729,华东师范大学,（004）,首选物理，再选化学,626,5205,,,0,上海,公办,1,1
安徽,2025,物理类,高校专项计划批,1737,华中师范大学,（007）,首选物理，再选化学,616,17381,,,0,湖北,公办,0,1
安徽,2025,物理类,高校专项计划批,2067,南京理工大学,（003）,首选物理，再选不限,595,29144,,,0,江苏,公办,0,1
安徽,2025,物理类,高校专项计划批,2067,南京理工大学,（004）,首选物理，再选化学,604,24503,,,0,江苏,公办,0,1
安徽,2025,物理类,高校专项计划批,2072,南京师范大学,（004）,首选物理，再选不限,603,25101,,,0,江苏,公办,0,1
安徽,2025,物理类,高校专项计划批,2072,南京师范大学,（005）,首选物理，再选化学,615,16363,,,0,江苏,公办,0,1
安徽,2025,物理类,高校专项计划批,2321,上海财经大学,（003）,首选物理，再选不限,607,22637,,,0,上海,公办,0,1
安徽,2025,物理类,高校专项计划批,2321,上海财经大学,（004）,首选物理，再选化学,638,7739,,,0,上海,公办,0,1
安徽,2025,艺术类（历史）,艺术类本科批,,郑州美术学院,,首选历史，再选不限,469,,,,0,河南,民办,0,0
