province,year,batch,category,university_code,university_name,major_group,major_code,major_name,major_note,subject_req,plan_count,duration,tuition
西藏,2025,本科二批,理科,,三亚学院,,,计算机科学与技术,（办学地点：海南三亚。）,,3,四年,33900.0
西藏,2025,本科二批,理科,,三亚学院,,,工程管理,（建筑数字技术与造价）（办学地点：海南三亚。）,,3,四年,31900.0
西藏,2025,本科二批,理科,,三亚学院,,,会计学,（办学地点：海南三亚。）,,3,四年,36900.0
西藏,2025,本科二批,文科,,三亚学院,,,法学,（办学地点：海南三亚。）,,3,四年,33900.0
西藏,2025,本科二批,文科,,三亚学院,,,汉语言文学,（办学地点：海南三亚。）,,3,四年,31900.0
西藏,2025,本科二批,文科,,三亚学院,,,市场营销,（数字营销）（办学地点：海南三亚。）,,3,四年,33900.0
西藏,2025,本科二批,文科,,三亚学院,,,会计学,（办学地点：海南三亚。）,,3,四年,36900.0
西藏,2025,本科二批,文科,,三亚学院,,,供应链管理,（办学地点：海南三亚。）,,3,四年,33900.0
西藏,2025,本科二批,文科,,三亚学院,,,经济与金融,（办学地点：海南三亚。）,,2,四年,36900.0
西藏,2025,本科二批,文科,,三亚学院,,,思想政治教育,（办学地点：海南三亚。）,,2,四年,33900.0
西藏,2025,本科二批,文科,,三亚学院,,,旅游管理,（智慧旅游大数据）（办学地点：海南三亚。）,,2,四年,33900.0
西藏,2025,本科一批,理科,329,三峡大学,,5,水利水电工程,（免补专业。）,,6,四年,5850.0
西藏,2025,本科一批,理科,329,三峡大学,,,少数民族预科,（民族预科班）（我校少数民族预科班学生在我校完成一年预科阶段学习，学业合格、无重大违纪违规情况，根据学校专业计划结合学生综合测评排名、专业志愿，升入相应本科专业学习。升入本科专业后，转入校本部。预科培养地点：三峡大学。）,,6,一年,4000.0
西藏,2025,本科一批,理科,329,三峡大学,,3,电气工程及其自动化,（输电线路工程方向）,,2,四年,5850.0
西藏,2025,本科一批,理科,329,三峡大学,,3,电气工程及其自动化,,,2,四年,5850.0
西藏,2025,本科一批,理科,329,三峡大学,,4,土木工程,（智慧土木方向）,,2,四年,5850.0
西藏,2025,本科一批,理科,329,三峡大学,,6,地质工程,（智慧地质方向）（免补专业。）,,2,四年,4500.0
西藏,2025,本科一批,理科,329,三峡大学,,7,环境工程,（免补专业。）,,2,四年,4500.0
西藏,2025,本科一批,理科,329,三峡大学,,8,工程管理,（含造价方向）,,2,四年,4500.0
西藏,2025,本科一批,文科,329,三峡大学,,,少数民族预科,（民族预科班）（我校少数民族预科班学生在我校完成一年预科阶段学习，学业合格、无重大违纪违规情况，根据学校专业计划结合学生综合测评排名、专业志愿，升入相应本科专业学习。升入本科专业后，转入校本部。预科培养地点：三峡大学。）,,3,一年,4000.0
西藏,2025,本科一批,文科,329,三峡大学,,9,人力资源管理,,,2,四年,4500.0
西藏,2025,本科二批,理科,,三峡大学科技学院,,,电气工程及其自动化,（含电力系统、输电线路工程方向。办学地点：三峡大学科技学院新校区。）,,2,四年,20000.0
西藏,2025,本科二批,文科,,三峡大学科技学院,,,法学,（办学地点：三峡大学科技学院新校区。）,,2,四年,17000.0
西藏,2025,专科批,理科,621,三明医学科技职业学院,,4,护理,（办学地点：三元校区。不招色盲、色弱。）,,2,三年,6600.0
西藏,2025,专科批,理科,621,三明医学科技职业学院,,9,康复治疗技术,（办学地点：三元校区。不招色盲、色弱。）,,2,三年,6600.0
西藏,2025,专科批,理科,621,三明医学科技职业学院,,10,婴幼儿托育服务与管理,（办学地点：三元校区。）,,2,三年,6000.0
西藏,2025,专科批,理科,621,三明医学科技职业学院,,14,电子商务,（办学地点：三元校区。）,,2,三年,6000.0
西藏,2025,专科批,理科,621,三明医学科技职业学院,,1,现代纺织技术,（办学地点：三元校区。）,,1,三年,6000.0
西藏,2025,专科批,理科,621,三明医学科技职业学院,,2,数字化染整技术,（办学地点：三元校区。）,,1,三年,6000.0
西藏,2025,专科批,理科,621,三明医学科技职业学院,,3,纺织品检验与贸易,（办学地点：三元校区。）,,1,三年,6000.0
西藏,2025,专科批,理科,621,三明医学科技职业学院,,6,助产,（办学地点：三元校区。不招色盲、色弱，男生不宜填报。）,,1,三年,6600.0
西藏,2025,专科批,理科,621,三明医学科技职业学院,,7,药学,（办学地点：三元校区。不招色盲、色弱。）,,1,三年,6600.0
西藏,2025,专科批,理科,621,三明医学科技职业学院,,8,医学检验技术,（办学地点：三元校区。不招色盲、色弱。）,,1,三年,6600.0
西藏,2025,专科批,文科,621,三明医学科技职业学院,,5,护理,（办学地点：三元校区。不招色盲、色弱。）,,1,三年,6600.0
西藏,2025,专科批,文科,621,三明医学科技职业学院,,11,老年保健与管理,（办学地点：三元校区。）,,1,三年,6600.0
西藏,2025,专科批,文科,621,三明医学科技职业学院,,12,会计信息管理,（办学地点：三元校区。）,,1,三年,6000.0
西藏,2025,专科批,文科,621,三明医学科技职业学院,,16,早期教育,（办学地点：三元校区。师范类。）,,1,三年,6000.0
西藏,2025,专科批,文科,621,三明医学科技职业学院,,19,人力资源管理,（办学地点：三元校区。）,,1,三年,6000.0
西藏,2025,专科批,理科,621,三明医学科技职业学院,,13,市场营销,（办学地点：三元校区。）,,1,三年,6000.0
西藏,2025,专科批,理科,621,三明医学科技职业学院,,15,早期教育,（办学地点：三元校区。师范类。）,,1,三年,6000.0
西藏,2025,专科批,理科,621,三明医学科技职业学院,,17,体育保健与康复,（办学地点：三元校区。）,,1,三年,6000.0
西藏,2025,专科批,理科,621,三明医学科技职业学院,,18,人力资源管理,（办学地点：三元校区。）,,1,三年,6000.0
西藏,2025,本科二批,理科,343,三明学院,,6,环境工程,（办学地点：三明学院。免补专业。）,,3,四年,5460.0
西藏,2025,本科二批,理科,343,三明学院,,1,贸易经济,（办学地点：三明学院。）,,2,四年,5040.0
西藏,2025,本科二批,理科,343,三明学院,,2,机械设计制造及其自动化,（办学地点：三明学院。）,,2,四年,5460.0
西藏,2025,本科二批,理科,343,三明学院,,3,电子信息工程,（办学地点：三明学院。）,,2,四年,5040.0
西藏,2025,本科二批,理科,343,三明学院,,4,物联网工程,（办学地点：三明学院。）,,2,四年,5040.0
西藏,2025,本科二批,理科,343,三明学院,,5,土木工程,（办学地点：三明学院。）,,2,四年,5460.0
西藏,2025,本科二批,理科,343,三明学院,,7,电子商务,（办学地点：三明学院。）,,1,四年,5040.0
西藏,2025,本科二批,理科,343,三明学院,,9,旅游管理与服务教育,（办学地点：三明学院。）,,1,四年,5040.0
西藏,2025,本科二批,文科,343,三明学院,,8,旅游管理与服务教育,（办学地点：三明学院。）,,3,四年,5040.0
西藏,2025,本科二批,理科,,三江学院,,,会计学,（办学地点：东山校区。）,,10,四年,28600.0
西藏,2025,本科一批,理科,113,上海交通大学,,1,经济管理试验班,（含经济学、金融学、会计学、工商管理、人力资源管理、大数据管理与应用（大数据和商务管理）。办学地点：校本部。）,,2,四年,6500.0
西藏,2025,本科一批,理科,113,上海交通大学,,2,工科试验班类,（机电类）（含机械类、航空航天工程、智慧能源工程、可持续能源。办学地点：校本部。）,,2,四年,7000.0
西藏,2025,本科一批,理科,113,上海交通大学,,,智慧能源工程,（产教融合培养班，回生源地国家电投企业工作）（仅录取有专业志愿的考生。委托单位：国家电力投资集团有限公司。考生须签署委托培养定向生合同书。办学地点：校本部。）,,2,四年,7000.0
西藏,2025,本科一批,理科,113,上海交通大学,,15,药学类,（办学地点：校本部。）,,1,四年,7400.0
西藏,2025,本科一批,理科,113,上海交通大学,,,少数民族预科,（民族预科班）（自然保护与环境生态类。预科培养地点：上海交通大学。）,,1,一年,7000.0
西藏,2025,国家专项计划本科批,理科,113,上海交通大学,,12,自然保护与环境生态类,（含农业资源与环境（免补专业）、动物科学（免补专业）、食品科学与工程、植物科学与技术（免补专业）、智慧农业（免补专业）。办学地点：校本部。）,,1,四年,7000.0
西藏,2025,国家专项计划本科批,理科,113,上海交通大学,,15,药学类,（办学地点：校本部。）,,1,四年,7400.0
西藏,2025,本科一批,文科,113,上海交通大学,,,少数民族预科,（民族预科班）（文化产业管理。预科培养地点：上海交通大学。）,,1,一年,6500.0
西藏,2025,提前批艺体类本科,理科,,上海体育大学,,,体育教育,（认可区内体育统考成绩。）,,3,四年,7700.0
西藏,2025,提前批艺体类本科,文科,,上海体育大学,,,体育教育,（认可区内体育统考成绩。）,,3,四年,7700.0
西藏,2025,提前批艺体类本科,文科,,上海体育大学,,,舞蹈编导,（舞蹈）（认可区内舞蹈类专业统考成绩。）,,2,四年,13000.0
西藏,2025,提前批艺体类本科,文科,,上海体育大学,,,播音与主持艺术,（播音）（认可区内播音与主持类专业统考成绩。）,,2,四年,13000.0
西藏,2025,专科批,文科,385,上海出版印刷高等专科学校,,3,会展策划与管理,（办学地点：奉贤校区。）,,2,三年,6500.0
西藏,2025,专科批,文科,385,上海出版印刷高等专科学校,,5,数字出版,（办学地点：奉贤校区。）,,2,三年,6500.0
西藏,2025,专科批,理科,385,上海出版印刷高等专科学校,,1,包装工程技术,（办学地点：奉贤校区。）,,2,三年,7000.0
西藏,2025,专科批,理科,385,上海出版印刷高等专科学校,,2,大数据技术,（办学地点：奉贤校区。）,,2,三年,7000.0
西藏,2025,专科批,理科,385,上海出版印刷高等专科学校,,4,数字图文信息处理技术,（办学地点：奉贤校区。）,,2,三年,7000.0
西藏,2025,本科二批,理科,413,上海商学院,,1,食品质量与安全,（办学地点：奉浦校区。）,,5,四年,7000.0
西藏,2025,本科二批,理科,413,上海商学院,,3,市场营销,（办学地点：奉浦校区。）,,2,四年,6500.0
西藏,2025,本科二批,理科,413,上海商学院,,5,电子商务,（办学地点：奉浦校区。）,,2,四年,6500.0
西藏,2025,本科二批,文科,413,上海商学院,,2,市场营销,（办学地点：奉浦校区。）,,3,四年,6500.0
西藏,2025,本科二批,文科,413,上海商学院,,4,电子商务,（办学地点：奉浦校区。）,,3,四年,6500.0
西藏,2025,本科一批,文科,123,上海外国语大学,,1,英语,（教育）（招英语语种。须英语口试。办学地点：主校区。）,,2,四年,7150.0
西藏,2025,高校专项计划本科批,文科,123,上海外国语大学,,2,俄语,（招英语或俄语语种。须英语口试。办学地点：主校区。）,,1,四年,7150.0
西藏,2025,本科二批,文科,,上海外国语大学贤达经济人文学院,,,国际经济与贸易,（办学地点：崇明校区。）,,1,四年,38000.0
西藏,2025,本科二批,文科,,上海外国语大学贤达经济人文学院,,,英语,（办学地点：崇明校区。）,,1,四年,38000.0
西藏,2025,本科二批,文科,,上海外国语大学贤达经济人文学院,,,新闻学,（新媒体方向）（办学地点：崇明校区。）,,1,四年,38000.0
西藏,2025,本科二批,文科,,上海外国语大学贤达经济人文学院,,,会计学,（办学地点：崇明校区。）,,1,四年,38000.0
西藏,2025,本科二批,文科,,上海外国语大学贤达经济人文学院,,,旅游管理,（办学地点：崇明校区。）,,1,四年,38000.0
西藏,2025,本科二批,理科,,上海外国语大学贤达经济人文学院,,,国际经济与贸易,（办学地点：崇明校区。）,,1,四年,38000.0
西藏,2025,本科二批,理科,,上海外国语大学贤达经济人文学院,,,英语,（办学地点：崇明校区。）,,1,四年,38000.0
西藏,2025,本科二批,理科,,上海外国语大学贤达经济人文学院,,,新闻学,（新媒体方向）（办学地点：崇明校区。）,,1,四年,38000.0
西藏,2025,本科二批,理科,,上海外国语大学贤达经济人文学院,,,会计学,（办学地点：崇明校区。）,,1,四年,38000.0
西藏,2025,本科二批,理科,,上海外国语大学贤达经济人文学院,,,旅游管理,（办学地点：崇明校区。）,,1,四年,38000.0
西藏,2025,国家专项计划本科批,理科,131,上海大学,,2,法学,（办学地点：宝山校区。）,,2,四年,6500.0
西藏,2025,本科一批,文科,131,上海大学,,3,法学,（办学地点：宝山校区。）,,5,四年,6500.0
西藏,2025,国家专项计划本科批,文科,131,上海大学,,3,法学,（办学地点：宝山校区。）,,5,四年,6500.0
西藏,2025,本科一批,理科,131,上海大学,,2,法学,（办学地点：宝山校区。）,,2,四年,6500.0
西藏,2025,本科一批,文科,125,上海对外经贸大学,,2,法学,（商法方向）（国家级一流本科专业建设点。办学地点：松江校区。）,,2,四年,6500.0
西藏,2025,本科一批,文科,125,上海对外经贸大学,,5,文化产业管理,（办学地点：松江校区。）,,2,四年,6500.0
西藏,2025,本科一批,理科,125,上海对外经贸大学,,1,金融学,（国家级一流本科专业建设点。办学地点：松江校区。）,,2,四年,6500.0
西藏,2025,本科一批,理科,125,上海对外经贸大学,,3,法学,（商法方向）（国家级一流本科专业建设点。办学地点：松江校区。）,,2,四年,6500.0
西藏,2025,本科一批,理科,125,上海对外经贸大学,,4,人力资源管理,（上海市级一流本科专业建设点。办学地点：松江校区。）,,2,四年,6500.0
西藏,2025,本科一批,理科,307,上海工程技术大学,,5,非织造材料与工程,（办学地点：松江校区。）,,8,四年,7000.0
西藏,2025,本科一批,理科,307,上海工程技术大学,,4,纺织工程,（上海市一流本科专业建设点。办学地点：松江校区。）,,5,四年,7000.0
西藏,2025,本科一批,理科,307,上海工程技术大学,,3,制药工程,（通过工程教育专业认证，国家级一流本科专业建设点。办学地点：松江校区。）,,2,四年,7000.0
西藏,2025,本科一批,理科,307,上海工程技术大学,,2,化学工程与工艺,（通过工程教育专业认证，国家级一流本科专业建设点。办学地点：松江校区。）,,1,四年,7000.0
西藏,2025,本科一批,理科,307,上海工程技术大学,,6,环境工程,（通过工程教育专业认证，国家级一流本科专业建设点。办学地点：松江校区。免补专业。）,,1,四年,7000.0
西藏,2025,本科一批,理科,307,上海工程技术大学,,7,药物化学,（办学地点：松江校区。）,,1,四年,7000.0
西藏,2025,国家专项计划本科批,理科,307,上海工程技术大学,,1,材料成型及控制工程,（上海市一流本科专业建设点。办学地点：松江校区。）,,2,四年,7000.0
西藏,2025,本科一批,理科,122,上海师范大学,,5,电子信息类,（含人工智能、机器人工程、计算机科学与技术、通信工程、电子信息工程专业。建议无色盲。办学地点：上海市徐汇区桂林路100号，奉贤区海思路100号。）,,5,四年,7000.0
西藏,2025,国家专项计划本科批,理科,122,上海师范大学,,6,工程管理,（建议近视不高于800度。办学地点：上海市徐汇区桂林路100号，奉贤区海思路100号。）,,4,四年,6500.0
西藏,2025,本科一批,文科,122,上海师范大学,,8,旅游管理类,（含旅游管理、酒店管理、会展经济与管理专业。办学地点：上海市徐汇区桂林路100号，奉贤区海思路100号。）,,8,四年,6500.0
西藏,2025,本科一批,文科,122,上海师范大学,,4,地理科学,（建议无色盲。办学地点：上海市徐汇区桂林路100号，奉贤区海思路100号。师范类。）,,7,四年,7000.0
西藏,2025,本科一批,文科,122,上海师范大学,,1,社会工作,（办学地点：上海市徐汇区桂林路100号，奉贤区海思路100号。）,,5,四年,6500.0
西藏,2025,本科一批,文科,122,上海师范大学,,7,行政管理,（办学地点：上海市徐汇区桂林路100号，奉贤区海思路100号。）,,5,四年,6500.0
西藏,2025,国家专项计划本科批,文科,122,上海师范大学,,2,小学教育,（办学地点：上海市徐汇区桂林路100号，奉贤区海思路100号。师范类。）,,4,四年,6500.0
西藏,2025,本科二批,理科,,上海师范大学天华学院,,,应用心理学,（含中小学心理咨询与辅导、人力资源管理与测评方向。）,,2,四年,35000.0
西藏,2025,本科二批,理科,,上海师范大学天华学院,,,健康服务与管理,（含“健康管理+人工智能”、智慧养老方向。）,,2,四年,35000.0
西藏,2025,本科二批,理科,,上海师范大学天华学院,,,物流管理,（智慧物流方向。）,,2,四年,35000.0
西藏,2025,本科二批,文科,,上海师范大学天华学院,,,应用心理学,（含中小学心理咨询与辅导、人力资源管理与测评方向。）,,2,四年,35000.0
西藏,2025,本科二批,文科,,上海师范大学天华学院,,,健康服务与管理,（含“健康管理+人工智能”、智慧养老方向。）,,2,四年,35000.0
西藏,2025,本科二批,文科,,上海师范大学天华学院,,,物流管理,（智慧物流方向。）,,2,四年,35000.0
西藏,2025,本科一批,文科,119,上海应用技术大学,,1,社会工作,（办学地点：上海市奉贤区海泉路100号。）,,2,四年,6500.0
西藏,2025,本科一批,文科,119,上海应用技术大学,,13,文化产业管理,（办学地点：上海市奉贤区海泉路100号。）,,2,四年,6500.0
西藏,2025,本科一批,文科,119,上海应用技术大学,,14,劳动与社会保障,（办学地点：上海市奉贤区海泉路100号。）,,2,四年,6500.0
西藏,2025,本科一批,理科,119,上海应用技术大学,,8,土木工程,（办学地点：上海市奉贤区海泉路100号。）,,3,四年,7000.0
西藏,2025,本科一批,理科,119,上海应用技术大学,,10,环境工程,（办学地点：上海市奉贤区海泉路100号。免补专业。）,,3,四年,7000.0
西藏,2025,本科一批,理科,119,上海应用技术大学,,12,信息管理与信息系统,（办学地点：上海市徐汇区漕宝路120号。）,,3,四年,6500.0
西藏,2025,本科一批,理科,119,上海应用技术大学,,2,机械设计制造及其自动化,（卓越工程师计划试点班）（办学地点：上海市奉贤区海泉路100号。）,,2,四年,7000.0
西藏,2025,本科一批,理科,119,上海应用技术大学,,4,复合材料与工程,（办学地点：上海市奉贤区海泉路100号。）,,2,四年,7000.0
西藏,2025,本科一批,理科,119,上海应用技术大学,,5,光电信息科学与工程,（办学地点：上海市奉贤区海泉路100号。）,,2,四年,7000.0
西藏,2025,本科一批,理科,119,上海应用技术大学,,6,机器人工程,（办学地点：上海市奉贤区海泉路100号。）,,2,四年,7000.0
西藏,2025,本科一批,理科,119,上海应用技术大学,,7,计算机科学与技术,（办学地点：上海市奉贤区海泉路100号。）,,2,四年,7000.0
西藏,2025,本科一批,理科,119,上海应用技术大学,,9,铁道工程,（办学地点：上海市奉贤区海泉路100号。）,,2,四年,7000.0
西藏,2025,本科一批,理科,119,上海应用技术大学,,11,园艺,（办学地点：上海市奉贤区海泉路100号。免补专业。）,,2,四年,7000.0
西藏,2025,本科一批,理科,119,上海应用技术大学,,3,智能制造工程,（办学地点：上海市奉贤区海泉路100号。）,,1,四年,7000.0
西藏,2025,本科二批,文科,,上海建桥学院,,,商务英语,,,2,四年,42000.0
西藏,2025,本科二批,文科,,上海建桥学院,,,养老服务管理,,,2,四年,42000.0
西藏,2025,本科二批,理科,,上海建桥学院,,,网络工程,,,4,四年,42000.0
西藏,2025,本科二批,理科,,上海建桥学院,,,计算机科学与技术,,,2,四年,42000.0
西藏,2025,本科一批,理科,509,上海戏剧学院,,1,艺术管理,（办学地点：昌林路校区。）,,1,四年,13000.0
西藏,2025,本科一批,理科,509,上海戏剧学院,,2,戏剧影视文学,（办学地点：华山路校区。）,,1,四年,13000.0
西藏,2025,本科一批,文科,509,上海戏剧学院,,3,戏剧影视文学,（办学地点：华山路校区。）,,1,四年,13000.0
西藏,2025,本科一批,理科,395,上海政法学院,,2,法学,（经济法方向）,,1,四年,6500.0
西藏,2025,本科一批,理科,395,上海政法学院,,3,知识产权,,,1,四年,6500.0
西藏,2025,本科一批,文科,395,上海政法学院,,1,法学,（刑事司法方向）,,2,四年,6500.0
西藏,2025,本科一批,文科,395,上海政法学院,,4,行政管理,,,2,四年,6500.0
西藏,2025,专科批,文科,664,上海民航职业技术学院,,1,民航运输服务,（色盲色弱考生谨慎报考。办学地点：浦东校区。）,,2,三年,7500.0
西藏,2025,专科批,文科,664,上海民航职业技术学院,,3,民航安全技术管理,（色盲色弱考生谨慎报考。办学地点：浦东校区。）,,2,三年,7500.0
西藏,2025,专科批,理科,664,上海民航职业技术学院,,5,飞机机电设备维修,（色盲色弱考生谨慎报考。办学地点：浦东校区。）,,4,三年,7500.0
西藏,2025,专科批,理科,664,上海民航职业技术学院,,2,民航运输服务,（色盲色弱考生谨慎报考。办学地点：浦东校区。）,,2,三年,7500.0
西藏,2025,专科批,理科,664,上海民航职业技术学院,,4,民航安全技术管理,（色盲色弱考生谨慎报考。办学地点：浦东校区。）,,2,三年,7500.0
西藏,2025,本科一批,理科,116,上海海事大学,,4,会计学,,,2,四年,
西藏,2025,本科一批,理科,116,上海海事大学,,1,经济学类,（大类招生）,,2,四年,
西藏,2025,本科一批,文科,116,上海海事大学,,5,会计学,,,4,四年,
西藏,2025,本科一批,文科,116,上海海事大学,,2,经济学类,（大类招生）,,3,四年,
西藏,2025,本科一批,文科,116,上海海事大学,,6,财务管理,,,2,四年,
西藏,2025,本科一批,文科,116,上海海事大学,,3,法学,（海商法）,,2,四年,
西藏,2025,国家专项计划本科批,理科,126,上海海关学院,,3,物流管理,,,2,四年,6500.0
西藏,2025,国家专项计划本科批,理科,126,上海海关学院,,1,经济统计学,,,1,四年,6500.0
西藏,2025,提前录取本科二批,理科,126,上海海关学院,,2,海关管理,（招男生。建议不符合下列身体条件的考生，谨慎填报：男性身高不低于168厘米，体型匀称；双眼矫正视力均不低于0.6（标准对数视力4.8），无明显视功能损害眼病；五官端正，面部无疤痕等明显特征和缺陷，无各种残疾。）,,1,四年,6500.0
西藏,2025,国家专项计划本科批,文科,126,上海海关学院,,4,物流管理,,,2,四年,6500.0
西藏,2025,本科一批,理科,120,上海海洋大学,,4,电气工程及其自动化,（办学地点：校本部主校区。）,,2,四年,7000.0
西藏,2025,本科一批,理科,120,上海海洋大学,,5,生物制药,（办学地点：校本部主校区。）,,2,四年,7000.0
西藏,2025,本科一批,理科,120,上海海洋大学,,6,水产类,（不招色盲、色弱、单色识别不全者。含水产养殖学、水族科学与技术、水生动物医学专业。办学地点：校本部主校区。免补专业。）,,2,四年,7700.0
西藏,2025,本科一批,理科,120,上海海洋大学,,3,能源与动力工程,（办学地点：校本部主校区。）,,1,四年,7000.0
西藏,2025,本科一批,文科,120,上海海洋大学,,1,国际经济与贸易,（办学地点：校本部主校区。）,,2,四年,6500.0
西藏,2025,本科一批,文科,120,上海海洋大学,,2,社会工作,（办学地点：校本部主校区。）,,2,四年,6500.0
西藏,2025,本科一批,文科,120,上海海洋大学,,7,工商管理,（办学地点：校本部主校区。）,,2,四年,6500.0
西藏,2025,本科一批,文科,120,上海海洋大学,,8,会计学,（办学地点：校本部主校区。）,,2,四年,6500.0
西藏,2025,本科一批,文科,120,上海海洋大学,,9,农林经济管理,（办学地点：校本部主校区。免补专业。）,,1,四年,6500.0
西藏,2025,本科一批,文科,115,上海理工大学,,1,经济管理试验班,（含税收学、金融学、国际经济与贸易、工商管理、会计学、公共事业管理专业。）,,2,四年,6500.0
西藏,2025,本科一批,文科,115,上海理工大学,,5,新闻传播学类,（含广告学、传播学、编辑出版学专业。）,,1,四年,6500.0
西藏,2025,本科一批,理科,115,上海理工大学,,2,工科试验班,（智能化制造类）（大类招生，具体包含专业详见招生章程。）,,7,四年,7000.0
西藏,2025,本科一批,理科,115,上海理工大学,,3,工科试验班,（电子与信息类）（含测控技术与仪器、电气工程及其自动化、电子信息工程、电子科学与技术、通信工程、光电信息科学与工程、医学信息工程、人工智能、自动化、计算机科学与技术、智能科学与技术、数据科学与大数据技术、新媒体技术、医学影像技术、智能医学工程专业。）,,4,四年,7000.0
西藏,2025,本科一批,理科,115,上海理工大学,,4,理科试验班,（含数学与应用数学、应用物理学、系统科学与工程专业。）,,1,四年,7000.0
西藏,2025,本科一批,理科,118,上海电力大学,,2,电气工程及其自动化,（办学地点：临港校区。）,,6,四年,7000.0
西藏,2025,本科一批,理科,118,上海电力大学,,1,能源与动力工程,（办学地点：临港校区。）,,2,四年,7000.0
西藏,2025,本科一批,理科,118,上海电力大学,,3,计算机科学与技术,（办学地点：临港校区。）,,2,四年,7000.0
西藏,2025,本科一批,理科,118,上海电力大学,,4,信息管理与信息系统,（办学地点：临港校区。）,,2,四年,6500.0
西藏,2025,本科一批,理科,118,上海电力大学,,5,工程管理,（办学地点：临港校区。）,,2,四年,6500.0
西藏,2025,本科一批,理科,362,上海电机学院,,6,工业工程,（办学地点：闵行校区。）,,5,四年,6500.0
西藏,2025,本科一批,理科,362,上海电机学院,,5,计算机类,（含计算机科学与技术、软件工程、数据科学与大数据技术、物联网工程、人工智能专业。办学地点：临港校区。）,,4,四年,7000.0
西藏,2025,本科一批,理科,362,上海电机学院,,4,通信工程,（办学地点：临港校区。）,,3,四年,7000.0
西藏,2025,本科一批,理科,362,上海电机学院,,1,经济统计学,（办学地点：闵行校区。）,,2,四年,6500.0
西藏,2025,本科一批,理科,362,上海电机学院,,2,机械类,（含机械设计制造及其自动化、机械电子工程、车辆工程、智能制造工程专业。办学地点：临港校区。）,,2,四年,7000.0
西藏,2025,本科一批,理科,362,上海电机学院,,3,工业设计,（办学地点：闵行校区。）,,2,四年,7000.0
西藏,2025,本科一批,理科,321,上海立信会计金融学院,,4,金融学,（办学地点：上川路校区。）,,4,四年,6500.0
西藏,2025,本科一批,理科,321,上海立信会计金融学院,,14,工商管理,（办学地点：文翔路校区。）,,2,四年,6500.0
西藏,2025,本科一批,理科,321,上海立信会计金融学院,,1,财政学,（办学地点：文翔路校区。）,,1,四年,6500.0
西藏,2025,本科一批,理科,321,上海立信会计金融学院,,7,保险学,（办学地点：上川路校区。）,,1,四年,6500.0
西藏,2025,本科一批,理科,321,上海立信会计金融学院,,8,投资学,（办学地点：上川路校区。）,,1,四年,6500.0
西藏,2025,本科一批,理科,321,上海立信会计金融学院,,9,国际经济与贸易,（办学地点：上川路校区。）,,1,四年,6500.0
西藏,2025,本科一批,理科,321,上海立信会计金融学院,,13,法学,（办学地点：上川路校区。）,,1,四年,6500.0
西藏,2025,本科一批,理科,321,上海立信会计金融学院,,16,会计学,（办学地点：文翔路校区。）,,1,四年,6500.0
西藏,2025,本科一批,理科,321,上海立信会计金融学院,,18,人力资源管理,（办学地点：文翔路校区。）,,1,四年,6500.0
西藏,2025,国家专项计划本科批,理科,321,上海立信会计金融学院,,3,税收学,（办学地点：文翔路校区。）,,1,四年,6500.0
西藏,2025,国家专项计划本科批,理科,321,上海立信会计金融学院,,4,金融学,（办学地点：上川路校区。）,,1,四年,6500.0
西藏,2025,国家专项计划本科批,理科,321,上海立信会计金融学院,,13,法学,（办学地点：上川路校区。）,,1,四年,6500.0
西藏,2025,国家专项计划本科批,文科,321,上海立信会计金融学院,,2,税收学,（办学地点：文翔路校区。）,,1,四年,6500.0
西藏,2025,国家专项计划本科批,文科,321,上海立信会计金融学院,,10,法学,（办学地点：上川路校区。）,,1,四年,6500.0
西藏,2025,本科一批,文科,321,上海立信会计金融学院,,6,金融学,（办学地点：上川路校区。）,,2,四年,6500.0
西藏,2025,本科一批,文科,321,上海立信会计金融学院,,10,法学,（办学地点：上川路校区。）,,2,四年,6500.0
西藏,2025,本科一批,文科,321,上海立信会计金融学院,,15,工商管理,（办学地点：文翔路校区。）,,1,四年,6500.0
西藏,2025,本科一批,文科,321,上海立信会计金融学院,,17,会计学,（办学地点：文翔路校区。）,,1,四年,6500.0
西藏,2025,本科一批,文科,321,上海立信会计金融学院,,19,人力资源管理,（办学地点：文翔路校区。）,,1,四年,6500.0
西藏,2025,提前批艺体类本科,理科,,上海立达学院,,,播音与主持艺术,（民办）（播音）（认可区内播音与主持类专业统考成绩。）,,5,四年,65800.0
西藏,2025,提前批艺体类本科,理科,,上海立达学院,,,表演,（民办）（认可区内戏剧影视表演、戏剧影视导演、服装表演专业统考成绩。）,,4,四年,65800.0
西藏,2025,提前批艺体类本科,文科,,上海立达学院,,,播音与主持艺术,（民办）（播音）（认可区内播音与主持类专业统考成绩。）,,10,四年,65800.0
西藏,2025,提前批艺体类本科,文科,,上海立达学院,,,表演,（民办）（认可区内戏剧影视表演、戏剧影视导演、服装表演专业统考成绩。）,,6,四年,65800.0
西藏,2025,本科一批,理科,409,上海第二工业大学,,1,材料成型及控制工程,,,3,四年,7000.0
西藏,2025,本科一批,理科,409,上海第二工业大学,,2,机械电子工程,,,3,四年,7000.0
西藏,2025,本科一批,理科,409,上海第二工业大学,,3,测控技术与仪器,,,3,四年,7000.0
西藏,2025,本科一批,理科,409,上海第二工业大学,,4,材料科学与工程,,,3,四年,7000.0
西藏,2025,本科一批,理科,409,上海第二工业大学,,5,电子信息工程,,,3,四年,7000.0
西藏,2025,本科一批,理科,409,上海第二工业大学,,6,网络工程,,,3,四年,7000.0
西藏,2025,本科一批,理科,409,上海第二工业大学,,7,环境工程,（不招色弱、色盲。免补专业。）,,3,四年,7000.0
西藏,2025,国家专项计划本科批,理科,124,上海财经大学,,1,法学,（涉外法治实验班、财经法治卓越班）,,1,四年,6500.0
西藏,2025,国家专项计划本科批,理科,124,上海财经大学,,2,公共管理类,（含行政管理、劳动与社会保障专业。）,,1,四年,6500.0
西藏,2025,高校专项计划本科批,理科,124,上海财经大学,,3,电子商务,（商务智能）,,1,四年,7000.0
西藏,2025,本科一批,文科,503,上海音乐学院,,1,艺术管理,（办学地点：零陵路校区。）,,2,四年,13000.0
西藏,2025,本科二批,文科,537,上饶师范学院,,1,思想政治教育,（师范类。师范类。）,,3,四年,4270.0
西藏,2025,本科二批,文科,537,上饶师范学院,,2,学前教育,（师范类，不招色盲、色弱。师范类。）,,3,四年,4270.0
西藏,2025,本科一批,理科,448,东北农业大学,,1,金融学类,（含金融学、保险学、国际经济与贸易专业。）,,4,四年,3500.0
西藏,2025,本科一批,理科,448,东北农业大学,,3,工商管理类,（不招单色识别不全考生。含工商管理、会计学、市场营销、人力资源管理专业。）,,4,四年,4000.0
西藏,2025,本科一批,文科,448,东北农业大学,,2,金融学类,（含金融学、保险学、国际经济与贸易专业。）,,2,四年,3500.0
西藏,2025,本科一批,文科,448,东北农业大学,,4,工商管理类,（不招单色识别不全考生。含工商管理、会计学、市场营销、人力资源管理专业。）,,2,四年,4000.0
西藏,2025,本科一批,文科,448,东北农业大学,,5,行政管理,（不招单色识别不全考生。）,,2,四年,5000.0
西藏,2025,本科一批,理科,70,东北大学,,1,经济管理试验班,（入学后部分课程采用英文教材和英语授课，外语语种为非英语的考生请慎重报考。含工商管理、市场营销、会计学、工业工程、信息管理与信息系统、金融学、经济学专业。办学地点：辽宁沈阳。）,,2,四年,6240.0
西藏,2025,本科一批,理科,70,东北大学,,,少数民族预科,（民族预科班）（不招单色识别不全者，专业体检要求详见招生章程。预科结业时根据高考成绩、预科阶段学业成绩和表现转入到：信息管理与信息系统1人、工业工程1人。入学后部分课程采用英文教材和英语授课，外语语种为非英语的考生请慎重报考。预科培养地点：东北大学。）,,2,一年,5760.0
西藏,2025,本科一批,理科,70,东北大学,,3,工科试验班,（2）（含矿物加工工程（免补专业）、测绘工程、资源勘查工程（免补专业）、环境工程（免补专业）、安全工程、土木工程专业。办学地点：辽宁沈阳。）,,1,四年,6240.0
西藏,2025,国家专项计划本科批,理科,70,东北大学,,3,工科试验班,（2）（含矿物加工工程（免补专业）、测绘工程、资源勘查工程（免补专业）、环境工程（免补专业）、安全工程、土木工程专业。办学地点：辽宁沈阳。）,,3,四年,6240.0
西藏,2025,国家专项计划本科批,理科,70,东北大学,,6,材料类,（含材料科学与工程、材料成型及控制工程、材料物理专业。办学地点：辽宁沈阳。）,,1,四年,6240.0
西藏,2025,高校专项计划本科批,理科,70,东北大学,,3,工科试验班,（2）（含矿物加工工程（免补专业）、测绘工程、资源勘查工程（免补专业）、环境工程（免补专业）、安全工程、土木工程专业。办学地点：辽宁沈阳。）,,1,四年,6240.0
西藏,2025,本科一批,理科,94,东北师范大学,,4,经济学类,（含金融学、会计学、人力资源管理、经济学、市场营销专业。办学地点：净月大街校区。）,,2,四年,6070.0
西藏,2025,本科一批,理科,94,东北师范大学,,17,计算机类,（含计算机科学与技术、智能科学与技术、数据科学与大数据技术、教育技术学（智能教育，师范）专业。办学地点：净月大街校区。）,,2,四年,6210.0
西藏,2025,本科一批,理科,94,东北师范大学,,,少数民族预科,（民族预科班）（经济学类，含经济学、金融学、会计学、市场营销、人力资源管理专业。预科培养地点：东北师范大学。）,,1,一年,5000.0
西藏,2025,国家专项计划本科批,理科,94,东北师范大学,,4,经济学类,（含金融学、会计学、人力资源管理、经济学、市场营销专业。办学地点：净月大街校区。）,,1,四年,6070.0
西藏,2025,高校专项计划本科批,理科,94,东北师范大学,,4,经济学类,（含金融学、会计学、人力资源管理、经济学、市场营销专业。办学地点：净月大街校区。）,,1,四年,6070.0
西藏,2025,提前录取本科一批,理科,94,东北师范大学,,,英语,（公费）（招英语语种。办学地点：净月大街校区。本研衔接公费师范生。毕业后到山南市、昌都市履约任教。）,,2,四年,
西藏,2025,提前录取本科一批,理科,94,东北师范大学,,,心理学,（公费）（办学地点：人民大街校区。本研衔接公费师范生。毕业后到日喀则市、昌都市履约任教。）,,2,四年,
西藏,2025,提前批艺体类本科,理科,94,东北师范大学,,,体育教育,（体育专项统一测试成绩合格并且不低于80分（100分制）。办学地点：人民大街校区。认可区内体育统考成绩。师范类。）,,2,四年,6320.0
西藏,2025,本科一批,文科,94,东北师范大学,,1,经济学类,（含金融学、会计学、人力资源管理、经济学、市场营销专业。办学地点：净月大街校区。）,,3,四年,6070.0
西藏,2025,本科一批,文科,94,东北师范大学,,7,教育学类,（含教育学、小学教育、学前教育专业。办学地点：人民大街校区。师范类。）,,3,四年,6070.0
西藏,2025,本科一批,文科,94,东北师范大学,,,少数民族预科,（民族预科班）（政治学类，含政治学与行政学、国际政治、行政管理专业。预科培养地点：东北师范大学。）,,1,一年,5000.0
西藏,2025,本科一批,文科,94,东北师范大学,,,少数民族预科,（民族预科班）（马克思主义理论类，含思想政治教育（师范）、社会学、哲学专业。预科培养地点：东北师范大学。）,,1,一年,5000.0
西藏,2025,国家专项计划本科批,文科,94,东北师范大学,,7,教育学类,（含教育学、小学教育、学前教育专业。办学地点：人民大街校区。师范类。）,,1,四年,6070.0
西藏,2025,提前录取本科一批,文科,94,东北师范大学,,,思想政治教育,（公费）（办学地点：净月大街校区。本研衔接公费师范生。毕业后到拉萨市、阿里地区履约任教。）,,2,四年,
西藏,2025,提前录取本科一批,文科,94,东北师范大学,,,汉语言文学,（公费）（办学地点：人民大街校区。本研衔接公费师范生。毕业后到林芝市、那曲市履约任教。）,,2,四年,
西藏,2025,提前录取本科一批,文科,94,东北师范大学,,,历史学,（公费）（办学地点：人民大街校区。本研衔接公费师范生。毕业后到山南市、昌都市履约任教。）,,2,四年,
西藏,2025,高校专项计划本科批,文科,94,东北师范大学,,5,政治学类,（含国际政治、政治学与行政学、行政管理专业。办学地点：净月大街校区。）,,1,四年,6070.0
西藏,2025,提前批艺体类本科,文科,94,东北师范大学,,,体育教育,（体育专项统一测试成绩合格并且不低于80分（100分制）。办学地点：人民大街校区。认可区内体育统考成绩。师范类。）,,2,四年,6320.0
西藏,2025,本科一批,理科,108,东北林业大学,,,少数民族预科,（民族预科班）（预科培养地点：东北林业大学。）,,3,一年,4000.0
西藏,2025,本科一批,理科,108,东北林业大学,,2,土木工程,（国家级“卓越工程师教育培养计划”。办学地点：哈尔滨。）,,2,四年,4800.0
西藏,2025,本科一批,理科,108,东北林业大学,,1,生态学,（黑龙江首批省级基础学科高水平培养基地。办学地点：哈尔滨。免补专业。）,,1,四年,5000.0
西藏,2025,本科一批,理科,108,东北林业大学,,3,交通运输类,（含交通运输、交通工程专业。办学地点：哈尔滨。）,,1,四年,4000.0
西藏,2025,本科一批,理科,108,东北林业大学,,4,木材科学与工程,（国家级“卓越工程师教育培养计划”。办学地点：哈尔滨。免补专业。）,,1,四年,3500.0
西藏,2025,本科一批,理科,108,东北林业大学,,6,动物医学,（办学地点：哈尔滨。免补专业。）,,1,四年,3000.0
西藏,2025,本科一批,理科,108,东北林业大学,,7,林学类,（国家级“卓越农林人才教育培养计划”。含林学、森林保护专业。办学地点：哈尔滨。免补专业。）,,1,四年,3000.0
西藏,2025,国家专项计划本科批,理科,108,东北林业大学,,9,工商管理类,（含工商管理、市场营销、会计学、农林经济管理（免补专业）专业。办学地点：哈尔滨。）,,2,四年,3500.0
西藏,2025,国家专项计划本科批,理科,108,东北林业大学,,4,木材科学与工程,（国家级“卓越工程师教育培养计划”。办学地点：哈尔滨。免补专业。）,,1,四年,3500.0
西藏,2025,本科一批,文科,108,东北林业大学,,8,工商管理类,（含工商管理、市场营销、会计学、农林经济管理（免补专业）专业。办学地点：哈尔滨。）,,2,四年,3500.0
西藏,2025,本科二批,理科,88,东北电力大学,,2,电气工程及其自动化,（办学地点：东北电力大学船营校区。）,,5,四年,5940.0
西藏,2025,本科二批,理科,88,东北电力大学,,3,智能电网信息工程,（办学地点：东北电力大学船营校区。）,,3,四年,5940.0
西藏,2025,本科一批,文科,106,东北石油大学,,1,国际经济与贸易,（办学地点：大庆校区。）,,2,四年,3500.0
西藏,2025,本科一批,文科,106,东北石油大学,,3,社会工作,（办学地点：大庆校区。）,,2,四年,4000.0
西藏,2025,本科一批,文科,106,东北石油大学,,15,工商管理,（办学地点：大庆校区。）,,2,四年,4500.0
西藏,2025,本科一批,文科,106,东北石油大学,,17,会计学,（办学地点：大庆校区。）,,2,四年,4500.0
西藏,2025,本科一批,文科,106,东北石油大学,,19,行政管理,（办学地点：大庆校区。）,,2,四年,4000.0
西藏,2025,国家专项计划本科批,文科,106,东北石油大学,,2,社会工作,（国家级一流专业建设点。办学地点：大庆校区。）,,2,四年,4000.0
西藏,2025,国家专项计划本科批,文科,106,东北石油大学,,15,工商管理,（办学地点：大庆校区。）,,1,四年,4500.0
西藏,2025,国家专项计划本科批,文科,106,东北石油大学,,17,会计学,（办学地点：大庆校区。）,,1,四年,4500.0
西藏,2025,国家专项计划本科批,文科,106,东北石油大学,,19,行政管理,（办学地点：大庆校区。）,,1,四年,4000.0
西藏,2025,本科一批,理科,106,东北石油大学,,4,机械设计制造及其自动化,（国家级一流专业建设点、国家工程教育专业认证通过专业、省级重点专业。办学地点：大庆校区。）,,2,四年,4500.0
西藏,2025,本科一批,理科,106,东北石油大学,,5,金属材料工程,（省级一流专业建设点、省级重点专业。办学地点：大庆校区。）,,2,四年,4500.0
西藏,2025,本科一批,理科,106,东北石油大学,,7,电子信息工程,（国家级一流专业建设点、国家卓越工程师教育培养计划专业、国家工程教育专业认证通过专业、省级重点专业。办学地点：大庆校区。）,,2,四年,4000.0
西藏,2025,本科一批,理科,106,东北石油大学,,13,化学工程与工艺,（国家级一流专业建设点、国家级特色专业、国家工程教育专业认证通过专业、省级重点专业。办学地点：大庆校区。）,,2,四年,4500.0
西藏,2025,本科一批,理科,106,东北石油大学,,6,电气工程及其自动化,（国家级一流专业建设点、国家卓越工程师教育培养计划专业、省级重点专业。办学地点：大庆校区。）,,1,四年,4000.0
西藏,2025,本科一批,理科,106,东北石油大学,,8,自动化,（融创班）（依托学校现代产业学院办学。办学地点：大庆校区。）,,1,四年,4800.0
西藏,2025,本科一批,理科,106,东北石油大学,,9,机器人工程,（秦皇岛校区就读。办学地点：秦皇岛校区。）,,1,四年,5000.0
西藏,2025,本科一批,理科,106,东北石油大学,,10,计算机科学与技术,（办学地点：大庆校区。）,,1,四年,4800.0
西藏,2025,本科一批,理科,106,东北石油大学,,11,软件工程,（办学地点：大庆校区。）,,1,四年,6000.0
西藏,2025,本科一批,理科,106,东北石油大学,,12,网络空间安全,（办学地点：大庆校区。）,,1,四年,5000.0
西藏,2025,本科一批,理科,106,东北石油大学,,14,工程造价,（秦皇岛校区就读。办学地点：秦皇岛校区。）,,1,四年,5000.0
西藏,2025,本科一批,理科,150,东北财经大学,,3,行政管理,,,1,四年,5200.0
西藏,2025,本科一批,理科,150,东北财经大学,,7,物流管理,,,1,四年,5200.0
西藏,2025,本科一批,理科,150,东北财经大学,,8,电子商务,,,1,四年,5200.0
西藏,2025,本科一批,理科,150,东北财经大学,,9,旅游管理,,,1,四年,5200.0
西藏,2025,本科一批,文科,150,东北财经大学,,1,法学,,,1,四年,4800.0
西藏,2025,本科一批,文科,150,东北财经大学,,2,商务英语,（招英语语种。）,,1,四年,5100.0
西藏,2025,本科一批,文科,150,东北财经大学,,4,行政管理,,,1,四年,5200.0
西藏,2025,本科一批,文科,150,东北财经大学,,6,劳动与社会保障,,,1,四年,5200.0
西藏,2025,本科一批,文科,150,东北财经大学,,10,旅游管理,,,1,四年,5200.0
西藏,2025,国家专项计划本科批,文科,150,东北财经大学,,4,行政管理,,,1,四年,5200.0
西藏,2025,高校专项计划本科批,理科,117,东华大学,,2,纺织类,（智能纺织与设计）（“双一流”学科。高考成绩（含政策加分）须达到所在省份第一批本科录取控制分数线上30分（含）含纺织工程、非织造材料与工程专业。办学地点：松江校区。）,,1,四年,7700.0
西藏,2025,国家专项计划本科批,文科,117,东华大学,,1,社会科学试验班,（含法学、行政管理专业。办学地点：延安路校区。）,,3,四年,6500.0
西藏,2025,本科一批,文科,133,东南大学,,1,文科试验班类,（郭秉文班）（预科）,,3,四年,
西藏,2025,本科一批,文科,133,东南大学,,1,文科试验班类,（郭秉文班）,,2,四年,
西藏,2025,国家专项计划批,文科,133,东南大学,,3,政治学与行政学,（国家专项）,,2,四年,
西藏,2025,高校专项计划批,文科,133,东南大学,,1,文科试验班类,（郭秉文班）（高校专项）,,1,四年,
西藏,2025,本科一批,理科,757,东莞理工学院,,5,自动化,（色盲者慎重报考。办学地点：松山湖校区。）,,2,四年,5710.0
西藏,2025,本科一批,文科,757,东莞理工学院,,6,会计学,（办学地点：莞城校区。）,,4,四年,5050.0
西藏,2025,本科一批,文科,757,东莞理工学院,,1,经济与金融,（办学地点：莞城校区。）,,2,四年,5050.0
西藏,2025,本科一批,文科,757,东莞理工学院,,2,法学,（办学地点：莞城校区。）,,2,四年,5050.0
西藏,2025,本科一批,文科,757,东莞理工学院,,3,社会工作,（办学地点：莞城校区。）,,2,四年,5050.0
西藏,2025,本科一批,文科,757,东莞理工学院,,4,汉语言文学,（办学地点：松山湖校区。）,,2,四年,5050.0
西藏,2025,专科批,理科,429,东营职业学院,,2,机械制造及自动化,,,4,三年,5000.0
西藏,2025,专科批,理科,429,东营职业学院,,3,数字媒体技术,,,4,三年,5000.0
西藏,2025,专科批,理科,429,东营职业学院,,1,建筑工程技术,,,3,三年,5000.0
西藏,2025,专科批,文科,429,东营职业学院,,4,国际经济与贸易,,,3,三年,5500.0
西藏,2025,专科批,文科,429,东营职业学院,,5,市场营销,,,3,三年,5500.0
西藏,2025,专科批,文科,429,东营职业学院,,6,电子商务,,,3,三年,5500.0
西藏,2025,本科一批,理科,60,中北大学,,3,电子信息工程,,,2,四年,5500.0
西藏,2025,本科一批,理科,60,中北大学,,4,化学工程与工艺,,,2,四年,5500.0
西藏,2025,本科一批,文科,60,中北大学,,2,广播电视学,,,2,四年,5100.0
西藏,2025,本科一批,文科,60,中北大学,,5,财务管理,,,2,四年,5100.0
西藏,2025,本科一批,理科,210,中南大学,,1,工科试验班,（轨道交通基础设施与安全类）（含铁道工程、工程力学、消防工程、工程管理、城市地下空间工程、安全工程专业。办学地点：岳麓山校区。）,,4,四年,6500.0
西藏,2025,本科一批,理科,210,中南大学,,5,数学类,（含数学与应用数学、信息与计算科学、统计学专业。办学地点：岳麓山校区。）,,2,四年,5300.0
西藏,2025,本科一批,理科,210,中南大学,,6,材料类,（冶金材料类）（含材料科学与工程、粉体材料科学与工程、冶金工程、新能源材料与器件专业。办学地点：岳麓山校区。）,,2,四年,6500.0
西藏,2025,本科一批,理科,210,中南大学,,8,化工与制药类,（化学生物环境类）（含应用化学、化学工程与工艺、制药工程、环境工程（免补专业）、生物工程专业。办学地点：岳麓山校区。）,,2,四年,5300.0
西藏,2025,本科一批,理科,210,中南大学,,,少数民族预科,（民族预科班）（铁道工程。预科培养地点：中南大学。）,,2,一年,4000.0
西藏,2025,本科一批,理科,210,中南大学,,,少数民族预科,（民族预科班）（采矿工程（免补专业）。预科培养地点：中南大学。）,,2,一年,4000.0
西藏,2025,高校专项计划本科批,理科,210,中南大学,,10,预防医学,（办学地点：岳麓山校区。）,,1,五年,7800.0
西藏,2025,国家专项计划本科批,理科,210,中南大学,,7,土木工程,（办学地点：岳麓山校区。）,,3,四年,6500.0
西藏,2025,国家专项计划本科批,理科,210,中南大学,,9,精神医学,（办学地点：岳麓山校区。）,,2,五年,7800.0
西藏,2025,本科一批,文科,210,中南大学,,2,法学,（办学地点：岳麓山校区。）,,2,四年,5500.0
西藏,2025,高校专项计划本科批,文科,210,中南大学,,3,思想政治教育,（办学地点：岳麓山校区。）,,1,四年,5500.0
西藏,2025,本科一批,理科,257,中南林业科技大学,,1,林学类,（林学国家一流专业建设点；森林保护为国家级特色专业、国家一流专业建设点含林学、森林保护、经济林专业。办学地点：湖南省长沙市。免补专业。）,,2,四年,3600.0
西藏,2025,本科一批,文科,257,中南林业科技大学,,2,旅游管理,（旅游管理为国家一流专业建设点。办学地点：湖南省长沙市。）,,2,四年,5000.0
西藏,2025,本科二批,理科,,中南林业科技大学涉外学院,,,会计学,（办学地点：中南林业科技大学涉外学院。）,,1,四年,12700.0
西藏,2025,本科二批,文科,,中南林业科技大学涉外学院,,,人力资源管理,（办学地点：中南林业科技大学涉外学院。）,,2,四年,12700.0
西藏,2025,本科一批,文科,207,中南民族大学,,7,新闻传播学类,（含新闻学、广告学专业。）,,5,四年,4500.0
西藏,2025,本科一批,文科,207,中南民族大学,,,少数民族预科,（民族预科班）（预科培养地点：中南民族大学。）,,4,一年,3375.0
西藏,2025,本科一批,文科,207,中南民族大学,,1,经济学类,（含经济学（经济学试点班）、经济学（大数据分析与经济决策）、金融学（科技金融方向）、金融学（量化投资方向）、国际经济与贸易（国际贸易实验班）、国际经济与贸易（数字贸易方向）专业。）,,3,四年,5850.0
西藏,2025,本科一批,文科,207,中南民族大学,,3,法学,,,2,四年,5850.0
西藏,2025,本科一批,文科,207,中南民族大学,,6,汉语言文学,,,2,四年,4500.0
西藏,2025,本科一批,文科,207,中南民族大学,,3,法学,（涉外法治卓越人才实验班）,,1,四年,5850.0
西藏,2025,本科一批,理科,207,中南民族大学,,10,环境科学与工程类,（含环境工程（免补专业）、环境科学（免补专业）、资源循环科学与工程、水文与水资源工程（免补专业）专业。）,,5,四年,4500.0
西藏,2025,本科一批,理科,207,中南民族大学,,12,药学类,（含化学生物学、药学、药物制剂、药物分析专业。）,,4,四年,5850.0
西藏,2025,本科一批,理科,207,中南民族大学,,,少数民族预科,（民族预科班）（预科培养地点：中南民族大学。）,,4,一年,3375.0
西藏,2025,本科一批,理科,207,中南民族大学,,2,经济学类,（含经济学（经济学试点班）、经济学（大数据分析与经济决策）、金融学（科技金融方向）、金融学（量化投资方向）、国际经济与贸易（国际贸易实验班）、国际经济与贸易（数字贸易方向）专业。）,,3,四年,5850.0
西藏,2025,本科一批,理科,207,中南民族大学,,11,生物医学工程类,（含医学信息工程（医学信息处理与智慧医疗方向）、生物医学工程（医学仪器方向，医用材料与再生医学方向）专业。）,,3,四年,5850.0
西藏,2025,本科一批,理科,207,中南民族大学,,4,法学,,,2,四年,5850.0
西藏,2025,本科一批,理科,207,中南民族大学,,8,新闻传播学类,（含新闻学、广告学专业。）,,2,四年,4500.0
西藏,2025,本科一批,理科,207,中南民族大学,,9,生物科学类,（含生物技术、生物工程、生物制药、食品质量与安全专业。）,,2,四年,4500.0
西藏,2025,本科一批,理科,204,中南财经政法大学,,5,工商管理类,（本专业类内专业任选含工商管理、工商管理（商务分析方向）、市场营销、人力资源管理、物流管理、旅游管理、劳动关系专业。办学地点：中南财经政法大学。）,,5,四年,4500.0
西藏,2025,本科一批,理科,204,中南财经政法大学,,4,法学类,（本专业类内专业任选含法学、法学（民商法方向）、法学（涉外法治方向）、法学（政府法治方向）、法学（社会治理方向）、国际法、知识产权、国际经贸规则、法学（刑事司法方向）、纪检监察专业。办学地点：中南财经政法大学。）,,2,四年,5850.0
西藏,2025,本科一批,理科,204,中南财经政法大学,,8,公共管理类,（本专业类内专业任选含行政管理、劳动与社会保障、城市管理专业。办学地点：中南财经政法大学。）,,2,四年,4500.0
西藏,2025,本科一批,理科,204,中南财经政法大学,,,少数民族预科,（民族预科班）（预科培养地点：中南财经政法大学。）,,1,一年,3375.0
西藏,2025,国家专项计划本科批,理科,204,中南财经政法大学,,5,工商管理类,（本专业类内专业任选含工商管理、工商管理(商务分析方向)、市场营销、人力资源管理、物流管理、旅游管理、劳动关系专业。办学地点：中南财经政法大学。）,,1,四年,4500.0
西藏,2025,本科一批,文科,204,中南财经政法大学,,6,工商管理类,（本专业类内专业任选含工商管理、工商管理（商务分析方向）、市场营销、人力资源管理、物流管理、旅游管理、劳动关系专业。办学地点：中南财经政法大学。）,,4,四年,4500.0
西藏,2025,本科一批,文科,204,中南财经政法大学,,3,法学类,（本专业类内专业任选含法学、法学（民商法方向）、法学（涉外法治方向）、法学（政府法治方向）、法学（社会治理方向）、国际法、知识产权、国际经贸规则、法学（刑事司法方向）、纪检监察专业。办学地点：中南财经政法大学。）,,2,四年,5850.0
西藏,2025,本科一批,文科,204,中南财经政法大学,,9,公共管理类,（本专业类内专业任选含行政管理、劳动与社会保障、城市管理专业。办学地点：中南财经政法大学。）,,2,四年,4500.0
西藏,2025,本科一批,文科,204,中南财经政法大学,,,少数民族预科,（民族预科班）（预科培养地点：中南财经政法大学。）,,2,一年,3375.0
西藏,2025,本科一批,文科,204,中南财经政法大学,,2,哲学,（办学地点：中南财经政法大学。）,,1,四年,4500.0
西藏,2025,国家专项计划本科批,文科,204,中南财经政法大学,,2,哲学,（办学地点：中南财经政法大学。）,,2,四年,4500.0
西藏,2025,国家专项计划本科批,理科,34,中国人民公安大学,,18,安全防范工程,（招男生。须参加政治考察、面试、体检、体能测评并且合格，年龄16-22周岁，具体要求详见《招生章程》。办学地点：团河校区。）,,1,四年,4600.0
西藏,2025,国家专项计划本科批,理科,34,中国人民公安大学,,23,数据警务技术,（招男生。须参加政治考察、面试、体检、体能测评并且合格，年龄16-22周岁，具体要求详见《招生章程》。办学地点：团河校区。）,,1,四年,4600.0
西藏,2025,提前录取本科一批,理科,34,中国人民公安大学,,16,刑事科学技术,（招男生。须参加政治考察、面试、体检、体能测评并且合格，年龄16-22周岁，具体要求详见《招生章程》。办学地点：团河校区。）,,2,四年,4600.0
西藏,2025,提前录取本科一批,理科,34,中国人民公安大学,,17,交通管理工程,（招男生。须参加政治考察、面试、体检、体能测评并且合格，年龄16-22周岁，具体要求详见《招生章程》。办学地点：团河校区。）,,2,四年,4600.0
西藏,2025,提前录取本科一批,理科,34,中国人民公安大学,,18,安全防范工程,（招男生。须参加政治考察、面试、体检、体能测评并且合格，年龄16-22周岁，具体要求详见《招生章程》。办学地点：团河校区。）,,2,四年,4600.0
西藏,2025,提前录取本科一批,理科,34,中国人民公安大学,,20,公安视听技术,（招男生。须参加政治考察、面试、体检、体能测评并且合格，年龄16-22周岁，具体要求详见《招生章程》。办学地点：团河校区。）,,2,四年,4600.0
西藏,2025,提前录取本科一批,理科,34,中国人民公安大学,,23,数据警务技术,（招男生。须参加政治考察、面试、体检、体能测评并且合格，年龄16-22周岁，具体要求详见《招生章程》。办学地点：团河校区。）,,2,四年,4600.0
西藏,2025,提前录取本科一批,理科,34,中国人民公安大学,,2,治安学,（警察法学方向）（招男生。须参加政治考察、面试、体检、体能测评并且合格，年龄16-22周岁，具体要求详见《招生章程》。办学地点：团河校区。）,,1,四年,4200.0
西藏,2025,提前录取本科一批,理科,34,中国人民公安大学,,5,侦查学,（招男生。须参加政治考察、面试、体检、体能测评并且合格，年龄16-22周岁，具体要求详见《招生章程》。办学地点：团河校区。）,,1,四年,4200.0
西藏,2025,提前录取本科一批,理科,34,中国人民公安大学,,7,公安情报学,（招男生。须参加政治考察、面试、体检、体能测评并且合格，年龄16-22周岁，具体要求详见《招生章程》。办学地点：团河校区。）,,1,四年,4200.0
西藏,2025,提前录取本科一批,理科,34,中国人民公安大学,,10,犯罪学,（招男生。须参加政治考察、面试、体检、体能测评并且合格，年龄16-22周岁，具体要求详见《招生章程》。办学地点：团河校区。）,,1,四年,4200.0
西藏,2025,提前录取本科一批,理科,34,中国人民公安大学,,14,警务指挥与战术,（招男生。须参加政治考察、面试、体检、体能测评并且合格，年龄16-22周岁，具体要求详见《招生章程》。办学地点：团河校区。）,,1,四年,4200.0
西藏,2025,提前录取本科一批,文科,34,中国人民公安大学,,1,治安学,（招男生。须参加政治考察、面试、体检、体能测评并且合格，年龄16-22周岁，具体要求详见《招生章程》。办学地点：团河校区。）,,1,四年,4200.0
西藏,2025,提前录取本科一批,文科,34,中国人民公安大学,,3,侦查学,（招男生。须参加政治考察、面试、体检、体能测评并且合格，年龄16-22周岁，具体要求详见《招生章程》。办学地点：团河校区。）,,1,四年,4200.0
西藏,2025,提前录取本科一批,文科,34,中国人民公安大学,,4,侦查学,（招女生。须参加政治考察、面试、体检、体能测评并且合格，年龄16-22周岁，具体要求详见《招生章程》。办学地点：团河校区。）,,1,四年,4200.0
西藏,2025,提前录取本科一批,文科,34,中国人民公安大学,,6,公安情报学,（招男生。须参加政治考察、面试、体检、体能测评并且合格，年龄16-22周岁，具体要求详见《招生章程》。办学地点：团河校区。）,,1,四年,4200.0
西藏,2025,提前录取本科一批,文科,34,中国人民公安大学,,8,犯罪学,（招男生。须参加政治考察、面试、体检、体能测评并且合格，年龄16-22周岁，具体要求详见《招生章程》。办学地点：团河校区。）,,1,四年,4200.0
西藏,2025,提前录取本科一批,文科,34,中国人民公安大学,,9,犯罪学,（招女生。须参加政治考察、面试、体检、体能测评并且合格，年龄16-22周岁，具体要求详见《招生章程》。办学地点：团河校区。）,,1,四年,4200.0
西藏,2025,提前录取本科一批,文科,34,中国人民公安大学,,11,公安管理学,（招男生。须参加政治考察、面试、体检、体能测评并且合格，年龄16-22周岁，具体要求详见《招生章程》。办学地点：团河校区。）,,1,四年,4200.0
西藏,2025,提前录取本科一批,文科,34,中国人民公安大学,,12,涉外警务,（招男生。外语≥105。须参加政治考察、面试、体检、体能测评并且合格，年龄16-22周岁，具体要求详见《招生章程》。办学地点：团河校区。）,,1,四年,4200.0
西藏,2025,提前录取本科一批,文科,34,中国人民公安大学,,13,警务指挥与战术,（招男生。须参加政治考察、面试、体检、体能测评并且合格，年龄16-22周岁，具体要求详见《招生章程》。办学地点：团河校区。）,,1,四年,4200.0
西藏,2025,提前录取本科一批,理科,34,中国人民公安大学,,15,公安政治工作,（招男生。须参加政治考察、面试、体检、体能测评并且合格，年龄16-22周岁，具体要求详见《招生章程》。办学地点：团河校区。）,,1,四年,4200.0
西藏,2025,提前录取本科一批,理科,34,中国人民公安大学,,21,公安视听技术,（招女生。须参加政治考察、面试、体检、体能测评并且合格，年龄16-22周岁，具体要求详见《招生章程》。办学地点：团河校区。）,,1,四年,4600.0
西藏,2025,提前录取本科一批,理科,34,中国人民公安大学,,22,网络安全与执法,（招男生。须参加政治考察、面试、体检、体能测评并且合格，年龄16-22周岁，具体要求详见《招生章程》。办学地点：团河校区。）,,1,四年,4600.0
西藏,2025,提前录取本科一批,理科,34,中国人民公安大学,,25,数据警务技术,（招女生。须参加政治考察、面试、体检、体能测评并且合格，年龄16-22周岁，具体要求详见《招生章程》。办学地点：团河校区。）,,1,四年,4600.0
西藏,2025,本科一批,文科,2,中国人民大学,,1,人文科学试验班,（国际交流项目：约翰霍普金斯大学、牛津大学赫特福德学院、香港科技大学等学生交换项目，日本东京大学互访研学项目，德国波恩大学硕士交流项目等。含哲学、宗教学等专业。）,,1,四年,5000.0
西藏,2025,本科一批,文科,2,中国人民大学,,6,新闻传播学类,（无时点专业选择；培养方向涵盖智能传播、全媒体新闻生产、国际传播、视听传播等国家前沿战略发展领域；特色培养项目：国际新闻传播战略人才班；国际交流：与多所世界知名大学新闻院系建立联合培养关系，境外交流奖学金资助全员覆盖。含新闻学、广播电视学、广告学等专业。）,,1,四年,5000.0
西藏,2025,本科一批,文科,2,中国人民大学,,9,公共管理类,（行政、土地、城市）（国家一流本科专业，国际交流：美国华盛顿大学、英国剑桥大学、德国慕尼黑工业大学、荷兰格罗宁根大学、日本一桥大学等学生交换项目。含行政管理、城市管理、土地资源管理专业。办学地点：中国人民大学。）,,1,四年,5000.0
西藏,2025,本科一批,理科,2,中国人民大学,,2,理科试验班,（商业数据分析与AI管理）（内设工商管理、财务管理、会计学、市场营销、管理科学、贸易经济6个专业，无时点专业选择。特色培养项目：中意美三学位管理学战略人才班；国际交流：含新加坡南洋理工大学、西班牙ESADE商学院、荷兰阿姆斯特丹大学等校免学费交流项目。含管理科学（商学院）专业。）,,1,四年,5000.0
西藏,2025,本科一批,理科,2,中国人民大学,,4,数字经济,（内设经济学、国际经济与贸易、能源经济、国民经济管理、数字经济5个专业。国际交流：美国伊利诺伊大学香槟分校、威斯康星大学麦迪逊分校、英国曼彻斯特大学、日本九州大学等名校联合培养项目，英国牛津大学、德国波鸿鲁尔大学等夏/冬令营项目。办学地点：中国人民大学。）,,1,四年,5000.0
西藏,2025,本科一批,理科,2,中国人民大学,,7,应用心理学,（国家一流本科专业-双维课程：心理学核心课程体系+交叉学科课程体系；双重导师：生涯导师+学术导师；双轮实践：校内实践+校外实践；双向视野：人类心理研究的国际视野+人民心理实践的本土视野。办学地点：中国人民大学。）,,1,四年,5000.0
西藏,2025,高校专项计划本科批,理科,2,中国人民大学,,8,农业经济管理类,（含农林经济管理、农村区域发展专业。免补专业。高考成绩（含政策性加分）不得低于第一批本科录取控制分数线上70分（含）。）,,1,四年,5000.0
西藏,2025,国家专项计划本科批,文科,2,中国人民大学,,3,资源与环境经济学,（全面的科研训练和社会实训，暑期“行走美丽中国”暑期实践教学涵盖国家公园等自然保护地，培养绿色低碳发展前沿的生态文明建设复合型高端人才。办学地点：中国人民大学。）,,1,四年,5000.0
西藏,2025,高校专项计划本科批,文科,2,中国人民大学,,5,中国古典学,（高考成绩（含政策性加分）不得低于第一批本科录取控制分数线上70分（含）。）,,1,四年,5000.0
西藏,2025,提前录取军校批,理科,1233,中国人民解放军国防科技大学,,,大气科学类,（战场环境保障、武器研发初级技术军官）（须政审、面试、军检。招男生。通用标准合格。招英语语种。）,,1,四年,
西藏,2025,提前录取军校批,理科,1233,中国人民解放军国防科技大学,,,任务规划,（任务规划初级技术军官）（须政审、面试、军检。招女生。通用标准合格。招英语语种。）,,1,四年,
西藏,2025,提前录取军校批,文科,1233,中国人民解放军国防科技大学,,,印地语,（军事翻译、军事外语技术初级技术军官）（须政审、面试、军检。招男生。通用标准合格。招英语语种。）,,1,四年,
西藏,2025,提前录取军校批,理科,1234,中国人民解放军陆军军医大学,,,临床医学,（临床通科医师）（须政审、面试、军检。招男生。医疗卫生岗位合格。招英语语种。）,,4,五年,
西藏,2025,提前录取军校批,理科,1234,中国人民解放军陆军军医大学,,,临床医学,（临床通科医师（武警））（须政审、面试、军检。招男生。医疗卫生岗位合格。招英语语种。）,,1,五年,
西藏,2025,提前录取军校批,理科,1234,中国人民解放军陆军军医大学,,,临床医学,（临床通科医师）（须政审、面试、军检。招女生。医疗卫生岗位合格。招英语语种。）,,1,五年,
西藏,2025,提前录取军校批,理科,1234,中国人民解放军陆军军医大学,,,医学检验技术,（检验技师）（须政审、面试、军检。招男生。医疗卫生岗位合格。招英语语种。）,,1,四年,
西藏,2025,本科一批,理科,754,中国人民警察大学,,23,火灾勘查,（非公安专业，自主就业。具体标准详见警察大学2025年《招生章程》。）,,3,四年,4900.0
西藏,2025,本科一批,理科,754,中国人民警察大学,,5,消防指挥,（非公安专业，自主就业。具体标准详见警察大学2025年《招生章程》。不建议女生报考。）,,2,四年,4900.0
西藏,2025,提前录取本科一批,理科,754,中国人民警察大学,,4,边防管理,（招男生，须参加政治考察、面试、体检、体能测评且合格，面向移民管理机构入警就业。具体标准和要求详见警察大学2025年《招生章程》。）,,2,四年,4900.0
西藏,2025,提前录取本科一批,理科,754,中国人民警察大学,,10,警务指挥与战术,（招男生，须参加政治考察、面试、体检、体能测评且合格，面向地方公安机关入警就业。具体标准和要求详见警察大学2025年《招生章程》。）,,2,四年,4900.0
西藏,2025,提前录取本科一批,理科,754,中国人民警察大学,,14,公安政治工作,（招男生，须参加政治考察、面试、体检、体能测评且合格，面向地方公安机关入警就业。具体标准和要求详见警察大学2025年《招生章程》。）,,2,四年,4900.0
西藏,2025,提前录取本科一批,理科,754,中国人民警察大学,,21,刑事科学技术,（招男生，须参加政治考察、面试、体检、体能测评且合格，面向地方公安机关入警就业。具体标准和要求详见警察大学2025年《招生章程》。）,,2,四年,4900.0
西藏,2025,提前录取本科一批,理科,754,中国人民警察大学,,24,网络安全与执法,（招男生，须参加政治考察、面试、体检、体能测评且合格，面向移民管理机构入警就业。具体标准和要求详见警察大学2025年《招生章程》。）,,2,四年,4900.0
西藏,2025,提前录取本科一批,理科,754,中国人民警察大学,,28,数据警务技术,（招男生，须参加政治考察、面试、体检、体能测评且合格，面向地方公安机关入警就业。具体标准和要求详见警察大学2025年《招生章程》。）,,2,四年,4900.0
西藏,2025,提前录取本科一批,理科,754,中国人民警察大学,,30,食品药品环境犯罪侦查技术,（招男生，须参加政治考察、面试、体检、体能测评且合格，面向地方公安机关入警就业。具体标准和要求详见警察大学2025年《招生章程》。）,,2,四年,4900.0
西藏,2025,提前录取本科一批,理科,754,中国人民警察大学,,2,边防管理,（招女生，须参加政治考察、面试、体检、体能测评且合格，面向移民管理机构入警就业。具体标准和要求详见警察大学2025年《招生章程》。）,,1,四年,4900.0
西藏,2025,提前录取本科一批,理科,754,中国人民警察大学,,9,警务指挥与战术,（招女生，须参加政治考察、面试、体检、体能测评且合格，面向移民管理机构入警就业。具体标准和要求详见警察大学2025年《招生章程》。）,,1,四年,4900.0
西藏,2025,提前录取本科一批,理科,754,中国人民警察大学,,11,警务指挥与战术,（招男生，须参加政治考察、面试、体检、体能测评且合格，面向移民管理机构入警就业。具体标准和要求详见警察大学2025年《招生章程》。）,,1,四年,4900.0
西藏,2025,国家专项计划本科批,理科,754,中国人民警察大学,,22,消防工程,（非公安专业，自主就业。具体标准详见警察大学2025年《招生章程》。）,,4,四年,4900.0
西藏,2025,提前录取本科一批,文科,754,中国人民警察大学,,1,边防管理,（招男生，须参加政治考察、面试、体检、体能测评且合格，面向移民管理机构入警就业。具体标准和要求详见警察大学2025年《招生章程》。）,,3,四年,4900.0
西藏,2025,提前录取本科一批,文科,754,中国人民警察大学,,12,警务指挥与战术,（招男生，须参加政治考察、面试、体检、体能测评且合格，面向移民管理机构入警就业。具体标准和要求详见警察大学2025年《招生章程》。）,,2,四年,4900.0
西藏,2025,提前录取本科一批,文科,754,中国人民警察大学,,15,移民管理,（招男生，须参加政治考察、面试、体检、体能测评且合格，面向移民管理机构入警就业。具体标准和要求详见警察大学2025年《招生章程》。）,,2,四年,4900.0
西藏,2025,提前录取本科一批,文科,754,中国人民警察大学,,16,出入境管理,（招男生，须参加政治考察、面试、体检、体能测评且合格，面向地方公安机关入警就业。具体标准和要求详见警察大学2025年《招生章程》。）,,2,四年,4900.0
西藏,2025,提前录取本科一批,文科,754,中国人民警察大学,,20,出入境管理,（招男生，须参加政治考察、面试、体检、体能测评且合格，面向移民管理机构入警就业。具体标准和要求详见警察大学2025年《招生章程》。）,,2,四年,4900.0
西藏,2025,提前录取本科一批,文科,754,中国人民警察大学,,3,边防管理,（招女生，须参加政治考察、面试、体检、体能测评且合格，面向移民管理机构入警就业。具体标准和要求详见警察大学2025年《招生章程》。）,,1,四年,4900.0
西藏,2025,提前录取本科一批,文科,754,中国人民警察大学,,6,涉外警务,（招女生，须参加政治考察、面试、体检、体能测评且合格，面向地方公安机关入警就业。外语≥105。具体标准和要求详见警察大学2025年《招生章程》。）,,1,四年,4900.0
西藏,2025,提前录取本科一批,文科,754,中国人民警察大学,,7,涉外警务,（招男生，须参加政治考察、面试、体检、体能测评且合格，面向移民管理机构入警就业。外语≥105。具体标准和要求详见警察大学2025年《招生章程》。）,,1,四年,4900.0
西藏,2025,提前录取本科一批,文科,754,中国人民警察大学,,8,警务指挥与战术,（招男生，须参加政治考察、面试、体检、体能测评且合格，面向地方公安机关入警就业。具体标准和要求详见警察大学2025年《招生章程》。）,,1,四年,4900.0
西藏,2025,提前录取本科一批,文科,754,中国人民警察大学,,13,公安政治工作,（招男生，须参加政治考察、面试、体检、体能测评且合格，面向地方公安机关入警就业。具体标准和要求详见警察大学2025年《招生章程》。）,,1,四年,4900.0
西藏,2025,提前录取本科一批,文科,754,中国人民警察大学,,19,出入境管理,（招女生，须参加政治考察、面试、体检、体能测评且合格，面向移民管理机构入警就业。具体标准和要求详见警察大学2025年《招生章程》。）,,1,四年,4900.0
西藏,2025,提前录取本科一批,理科,754,中国人民警察大学,,17,出入境管理,（招女生，须参加政治考察、面试、体检、体能测评且合格，面向地方公安机关入警就业。具体标准和要求详见警察大学2025年《招生章程》。）,,1,四年,4900.0
西藏,2025,提前录取本科一批,理科,754,中国人民警察大学,,18,出入境管理,（招男生，须参加政治考察、面试、体检、体能测评且合格，面向移民管理机构入警就业。具体标准和要求详见警察大学2025年《招生章程》。）,,1,四年,4900.0
西藏,2025,提前录取本科一批,理科,754,中国人民警察大学,,25,网络安全与执法,（招女生，须参加政治考察、面试、体检、体能测评且合格，面向移民管理机构入警就业。具体标准和要求详见警察大学2025年《招生章程》。）,,1,四年,4900.0
西藏,2025,提前录取本科一批,理科,754,中国人民警察大学,,26,网络安全与执法,（招男生，须参加政治考察、面试、体检、体能测评且合格，面向地方公安机关入警就业。具体标准和要求详见警察大学2025年《招生章程》。）,,1,四年,4900.0
西藏,2025,提前录取本科一批,理科,754,中国人民警察大学,,27,数据警务技术,（招男生，须参加政治考察、面试、体检、体能测评且合格，面向移民管理机构入警就业。具体标准和要求详见警察大学2025年《招生章程》。）,,1,四年,4900.0
西藏,2025,提前录取本科一批,理科,754,中国人民警察大学,,29,食品药品环境犯罪侦查技术,（招女生，须参加政治考察、面试、体检、体能测评且合格，面向地方公安机关入警就业。具体标准和要求详见警察大学2025年《招生章程》。）,,1,四年,4900.0
西藏,2025,本科一批,理科,29,中国传媒大学,,4,智能视听工程,,,2,四年,5500.0
西藏,2025,本科一批,理科,29,中国传媒大学,,5,智能装备与系统,（演艺工程与智能技术方向）,,2,四年,5500.0
西藏,2025,本科一批,文科,29,中国传媒大学,,3,网络与新媒体,（智能融媒体运营方向）,,2,四年,5000.0
西藏,2025,本科一批,文科,29,中国传媒大学,,6,工商管理,,,2,四年,5000.0
西藏,2025,国家专项计划本科批,文科,29,中国传媒大学,,7,文化产业管理,,,2,四年,5000.0
西藏,2025,国家专项计划本科批,理科,29,中国传媒大学,,1,数字经济,,,2,四年,5000.0
西藏,2025,提前录取本科一批,文科,29,中国传媒大学,,2,尼泊尔语,（跨文化交流与国际事务方向）（招英语语种。）,,2,四年,6000.0
西藏,2025,国家专项计划本科批,理科,18,中国农业大学,,2,植物保护,（办学地点：北京市海淀区。免补专业。）,,1,四年,3000.0
西藏,2025,国家专项计划本科批,理科,18,中国农业大学,,4,动物科学,（办学地点：北京市海淀区。免补专业。）,,1,四年,3000.0
西藏,2025,高校专项计划本科批,理科,18,中国农业大学,,5,草业科学,（办学地点：北京市海淀区。免补专业。）,,1,四年,3000.0
西藏,2025,本科一批,理科,18,中国农业大学,,,少数民族预科,（民族预科班）（预科培养地点：中国农业大学。）,,2,一年,3000.0
西藏,2025,本科一批,理科,18,中国农业大学,,4,动物科学,（办学地点：北京市海淀区。免补专业。）,,1,四年,3000.0
西藏,2025,本科一批,文科,18,中国农业大学,,1,社会学类,（含社会学、社会政策专业。办学地点：北京市海淀区。）,,1,四年,5000.0
西藏,2025,国家专项计划本科批,理科,83,中国刑事警察学院,,14,刑事科学技术,（招男生，须参加政治考察、面试、体检和体能测试且合格，面向地方公安机关就业，详见《招生章程》。）,,1,四年,5200.0
西藏,2025,国家专项计划本科批,理科,83,中国刑事警察学院,,16,公安视听技术,（招男生，须参加政治考察、面试、体检和体能测试且合格，面向地方公安机关就业，详见《招生章程》。）,,1,四年,5200.0
西藏,2025,提前录取本科一批,理科,83,中国刑事警察学院,,19,网络安全与执法,（招男生，须参加政治考察、面试、体检、体能测评且合格，面向地方公安机关就业，详见《招生章程》。）,,2,四年,5200.0
西藏,2025,提前录取本科一批,理科,83,中国刑事警察学院,,4,侦查学,（招男生，须参加政治考察、面试、体检、体能测评且合格，面向地方公安机关就业，详见《招生章程》。）,,1,四年,4800.0
西藏,2025,提前录取本科一批,理科,83,中国刑事警察学院,,11,公安情报学,（招女生，须参加政治考察、面试、体检、体能测评且合格，面向地方公安机关就业，详见《招生章程》。）,,1,四年,4800.0
西藏,2025,提前录取本科一批,理科,83,中国刑事警察学院,,12,公安情报学,（招男生，须参加政治考察、面试、体检、体能测评且合格，面向地方公安机关就业，详见《招生章程》。）,,1,四年,4800.0
西藏,2025,提前录取本科一批,理科,83,中国刑事警察学院,,13,涉外警务,（招男生，须参加政治考察、面试、体检、体能测评且合格，面向地方公安机关就业，详见《招生章程》。）,,1,四年,4800.0
西藏,2025,提前录取本科一批,理科,83,中国刑事警察学院,,15,刑事科学技术,（招男生，须参加政治考察、面试、体检、体能测评且合格，面向地方公安机关就业，详见《招生章程》。）,,1,四年,5200.0
西藏,2025,提前录取本科一批,理科,83,中国刑事警察学院,,17,公安视听技术,（招男生，须参加政治考察、面试、体检、体能测评且合格，面向地方公安机关就业，详见《招生章程》。）,,1,四年,5200.0
西藏,2025,提前录取本科一批,理科,83,中国刑事警察学院,,18,网络安全与执法,（招女生，须参加政治考察、面试、体检、体能测评且合格，面向地方公安机关就业，详见《招生章程》。）,,1,四年,5200.0
西藏,2025,提前录取本科一批,理科,83,中国刑事警察学院,,20,数据警务技术,（招男生，须参加政治考察、面试、体检、体能测评且合格，面向地方公安机关就业，详见《招生章程》。）,,1,四年,5200.0
西藏,2025,提前录取本科二批,理科,83,中国刑事警察学院,,5,禁毒学,（招男生，须参加政治考察、面试、体检和体能测试且合格，面向地方公安机关就业，详见《招生章程》。）,,6,四年,4800.0
西藏,2025,提前录取本科二批,理科,83,中国刑事警察学院,,7,警犬技术,（招男生，须参加政治考察、面试、体检和体能测试且合格，面向移民管理机构就业，详见《招生章程》。）,,6,四年,4800.0
西藏,2025,提前录取本科二批,理科,83,中国刑事警察学院,,1,治安学,（招男生，须参加政治考察、面试、体检和体能测试且合格，面向地方公安机关就业，详见《招生章程》。）,,1,四年,4800.0
西藏,2025,提前录取本科二批,理科,83,中国刑事警察学院,,8,警犬技术,（招男生，须参加政治考察、面试、体检和体能测试且合格，面向地方公安机关就业，详见《招生章程》。）,,1,四年,4800.0
西藏,2025,提前录取本科二批,文科,83,中国刑事警察学院,,6,警犬技术,（招男生，须参加政治考察、面试、体检和体能测试且合格，面向移民管理机构就业，详见《招生章程》。）,,2,四年,4800.0
西藏,2025,提前录取本科一批,文科,83,中国刑事警察学院,,2,侦查学,（招男生，须参加政治考察、面试、体检、体能测评且合格，面向地方公安机关就业，详见《招生章程》。）,,1,四年,4800.0
西藏,2025,提前录取本科一批,文科,83,中国刑事警察学院,,3,侦查学,（招女生，须参加政治考察、面试、体检、体能测评且合格，面向地方公安机关就业，详见《招生章程》。）,,1,四年,4800.0
西藏,2025,提前录取本科一批,文科,83,中国刑事警察学院,,9,经济犯罪侦查,（招男生，须参加政治考察、面试、体检、体能测评且合格，面向地方公安机关就业，详见《招生章程》。）,,1,四年,4800.0
西藏,2025,提前录取本科一批,文科,83,中国刑事警察学院,,10,经济犯罪侦查,（招女生，须参加政治考察、面试、体检、体能测评且合格，面向地方公安机关就业，详见《招生章程》。）,,1,四年,4800.0
西藏,2025,国家专项计划本科批,文科,430,中国劳动关系学院,,1,人力资源管理,（执行本科二批录取最低控制分数线。办学地点：北京校本部。低年级在涿州校区就读，详见招生章程。办学地点：北京校本部低年级在涿州校区就读，详见招生章程。）,,1,四年,4200.0
西藏,2025,国家专项计划本科批,文科,430,中国劳动关系学院,,2,劳动与社会保障,（执行本科二批录取最低控制分数线。办学地点：北京校本部。低年级在涿州校区就读，详见招生章程。办学地点：北京校本部低年级在涿州校区就读，详见招生章程。）,,1,四年,4200.0
西藏,2025,本科一批,理科,78,中国医科大学,,1,临床医学,（不招色盲、色弱。）,,6,五年,6050.0
西藏,2025,本科一批,理科,78,中国医科大学,,3,儿科学,（不招色盲、色弱。）,,4,五年,6050.0
西藏,2025,本科一批,理科,78,中国医科大学,,1,临床医学,（内高班）,,4,五年,6050.0
西藏,2025,本科一批,理科,78,中国医科大学,,2,精神医学,（不招色盲、色弱。）,,3,五年,5500.0
西藏,2025,本科一批,理科,78,中国医科大学,,5,医学检验技术,（不招色盲、色弱。）,,3,四年,5500.0
西藏,2025,本科一批,理科,78,中国医科大学,,6,康复治疗学,（不招色盲、色弱。）,,2,四年,5500.0
西藏,2025,本科一批,理科,78,中国医科大学,,7,护理学,（不招色盲、色弱。）,,2,四年,5500.0
西藏,2025,国家专项计划批,理科,78,中国医科大学,,4,临床药学,（国家专项计划）,,3,五年,5500.0
西藏,2025,本科一批,理科,355,中国地质大学（北京）,,,地质类,（不招色盲、色弱、单色识别不全者。含石油工程（免补专业）、资源勘查工程（能源）（免补专业）、资源勘查工程（新能源地质与工程）（免补专业）、新能源科学与工程、碳储科学与工程（免补专业）专业。）,,3,四年,5500.0
西藏,2025,本科一批,理科,355,中国地质大学（北京）,,,地质学类,（不招色盲、色弱、单色识别不全。含地质学（免补专业）、地质学（地质地球物理复合）（免补专业）、地质学（旅游地学）（免补专业）、资源勘查工程（固体矿产）（免补专业）、地球化学（免补专业）、地球信息科学与技术（大数据与数字地球）（免补专业）、行星科学专业。）,,2,四年,5500.0
西藏,2025,本科一批,理科,355,中国地质大学（北京）,,,材料类,（不招色盲、色弱、单色识别不全。含材料科学与工程、材料化学、材料物理、新能源材料与器件、矿物加工工程（免补专业）专业。）,,2,四年,5500.0
西藏,2025,本科一批,理科,355,中国地质大学（北京）,,,勘查技术与工程,（免补专业。）,,2,四年,5500.0
西藏,2025,本科一批,理科,355,中国地质大学（北京）,,,环境生态工程,（免补专业。）,,2,四年,5500.0
西藏,2025,国家专项计划本科批,理科,355,中国地质大学（北京）,,,地质学类,（北京）（不招色盲、色弱、单色识别不全。含地质学（免补专业）、地质学(地质地球物理复合)（免补专业）、地质学(旅游地学)（免补专业）、资源勘查工程(固体矿产)（免补专业）、地球化学（免补专业）、地球信息科学与技术(大数据与数字地球)（免补专业）、行星科学专业。）,,1,四年,5500.0
西藏,2025,本科一批,文科,199,中国地质大学（武汉）,,,经济学类,（含经济学、国际经济与贸易专业。）,,2,四年,4500.0
西藏,2025,本科一批,理科,199,中国地质大学（武汉）,,,地球物理学类,（地球物理与信息类）（色盲、色弱考生慎报。含地球物理学、地球信息科学与技术（免补专业）、勘查技术与工程（免补专业）专业。）,,2,四年,4500.0
西藏,2025,本科一批,理科,199,中国地质大学（武汉）,,,地质类,（资源能源）（色盲、色弱考生慎报。含资源勘查工程专业。免补专业。）,,2,四年,4500.0
西藏,2025,本科一批,理科,199,中国地质大学（武汉）,,,地理科学类,（色盲、色弱考生慎报。含地理科学、地理信息科学专业。）,,1,四年,5850.0
西藏,2025,本科一批,理科,199,中国地质大学（武汉）,,,机械类,（含机械设计制造及其自动化专业。）,,1,四年,5850.0
西藏,2025,本科一批,理科,199,中国地质大学（武汉）,,,资源环境大数据工程,（色盲、色弱考生慎报。免补专业。）,,1,四年,4500.0
西藏,2025,本科一批,理科,199,中国地质大学（武汉）,,,石油工程,（色盲、色弱考生慎报。免补专业。）,,1,四年,4500.0
西藏,2025,本科一批,文科,43,中国政法大学,,2,法学,（办学地点：北京昌平。）,,4,四年,5000.0
西藏,2025,本科一批,理科,43,中国政法大学,,1,法学,（办学地点：北京昌平。）,,3,四年,5000.0
西藏,2025,国家专项计划本科批,文科,43,中国政法大学,,2,法学,（办学地点：北京昌平。）,,2,四年,5000.0
西藏,2025,高校专项计划本科批,文科,43,中国政法大学,,2,法学,（办学地点：北京昌平。）,,1,四年,5000.0
西藏,2025,本科一批,理科,237,中国民用航空飞行学院,,10,交通运输,（空中交通管制、飞行签派、航行情报）（应满足《民用航空人员体检合格证管理规则》（CCAR-67FS-R2）规定，不招色盲、色弱，无显斜视，无语言、发音或听力障碍，无精神疾病病史等，建议报考该专业每眼裸眼视力低于4.0（E字表）的考生谨慎报考。建议女生谨慎报考。办学地点：成都天府校区。）,,7,四年,6500.0
西藏,2025,本科一批,理科,237,中国民用航空飞行学院,,2,大气科学,（不招色盲、色弱。办学地点：成都天府校区。）,,4,四年,6500.0
西藏,2025,本科一批,理科,237,中国民用航空飞行学院,,3,应用气象学,（机场气象预报、航空公司气象分析）（不招色盲、色弱。办学地点：成都天府校区。）,,3,四年,6500.0
西藏,2025,本科一批,理科,237,中国民用航空飞行学院,,7,电子信息工程,"（航空电子设备维修）（建议女生谨慎报考,不招色盲、色弱。办学地点：成都天府校区。）",,3,四年,6500.0
西藏,2025,本科一批,理科,237,中国民用航空飞行学院,,9,数据科学与大数据技术,（不招色盲、色弱。办学地点：成都天府校区。）,,3,四年,6500.0
西藏,2025,本科一批,理科,237,中国民用航空飞行学院,,12,交通工程,（机场管理与工程）（不招色盲、色弱。）,,3,四年,6500.0
西藏,2025,本科一批,理科,237,中国民用航空飞行学院,,18,工商管理,,,3,四年,4800.0
西藏,2025,本科一批,理科,237,中国民用航空飞行学院,,5,电气工程及其自动化,"（航空电气设备维修）（建议女生谨慎报考,不招色盲、色弱。办学地点：成都天府校区。）",,2,四年,6500.0
西藏,2025,本科一批,理科,237,中国民用航空飞行学院,,8,计算机科学与技术,（不招色盲、色弱。）,,2,四年,6500.0
西藏,2025,本科一批,理科,237,中国民用航空飞行学院,,14,飞行器动力工程,"（飞机发动机维修）（建议女生谨慎报考,不招色盲、色弱。办学地点：成都天府校区。）",,2,四年,6500.0
西藏,2025,本科一批,文科,237,中国民用航空飞行学院,,17,工商管理,,,1,四年,4800.0
西藏,2025,本科一批,文科,237,中国民用航空飞行学院,,20,市场营销,,,1,四年,4800.0
西藏,2025,本科一批,文科,237,中国民用航空飞行学院,,22,公共事业管理,,,1,四年,4800.0
西藏,2025,国家专项计划批,理科,237,中国民用航空飞行学院,,7,电子信息工程,"（建议女生谨慎报考,无色盲色弱。）（国家专项计划）",,1,四年,
西藏,2025,国家专项计划批,理科,237,中国民用航空飞行学院,,14,飞行器动力工程,"（建议女生谨慎报考,无色盲色弱。）（国家专项计划）",,1,四年,
西藏,2025,国家专项计划批,理科,237,中国民用航空飞行学院,,5,电气工程及其自动化,"（建议女生谨慎报考,无色盲色弱。）（国家专项计划）",,1,四年,
西藏,2025,国家专项计划批,理科,237,中国民用航空飞行学院,,10,交通运输,（应满足《民用航空人员体检合格证管理规则》（CCAR-67FS-R2）规定，无色盲色弱，无显斜视，无语言、发音或听力障碍，无精神疾病病史等，建议报考该专业每眼裸眼视力低于4.0（E字表）的考生谨慎报考。建议女生谨慎报考。）（国家专项计划）,,1,四年,
西藏,2025,本科一批,理科,237,中国民用航空飞行学院,,19,市场营销,,,2,四年,4800.0
西藏,2025,本科一批,理科,237,中国民用航空飞行学院,,23,交通管理,（机场运行管理）（不招色盲、色弱。）,,2,四年,4800.0
西藏,2025,本科一批,理科,237,中国民用航空飞行学院,,1,信息与计算科学,（不招色盲、色弱。办学地点：成都天府校区。）,,1,四年,6500.0
西藏,2025,本科一批,理科,237,中国民用航空飞行学院,,13,飞行器设计与工程,"（民用航空器设计）（建议女生谨慎报考,不招色盲、色弱。办学地点：成都天府校区。）",,1,四年,6500.0
西藏,2025,本科一批,理科,237,中国民用航空飞行学院,,16,应急管理,,,1,四年,4800.0
西藏,2025,本科一批,理科,237,中国民用航空飞行学院,,21,公共事业管理,,,1,四年,4800.0
西藏,2025,本科一批,理科,49,中国民航大学,,3,工科试验班,（航空航天）（色弱、色盲不宜就读。含飞行器动力工程（航空发动机）、飞行器制造工程（飞机结构与系统）、机械电子工程（飞机机电附件）、材料科学与工程、飞行器设计与工程、新能源科学与工程、油气储运工程（机场供油工程）（免补专业）专业。办学地点：东丽校区。）,,2,四年,5800.0
西藏,2025,本科一批,理科,49,中国民航大学,,4,工科试验班,（电子信息与电气自动化）（色弱、色盲不宜就读。含电子信息工程（航空电子）、电气工程及其自动化（航空电气）、通信工程、自动化、物联网工程专业。办学地点：东丽校区。）,,2,四年,5800.0
西藏,2025,本科一批,理科,49,中国民航大学,,5,工科试验班,（智慧空中交通管制）（原则上只招男生；单眼裸视未达到E字表4.0及以上，存在语言、发音、听力障碍，色弱、色盲不宜就读。含交通运输（空中交通管制）、智慧交通专业。办学地点：东丽校区。）,,2,四年,5800.0
西藏,2025,本科一批,理科,49,中国民航大学,,2,工科试验班,（民航安全与应急类）（色弱、色盲不宜就读。含安全工程、应急技术与管理专业。办学地点：东丽校区。）,,1,四年,5800.0
西藏,2025,本科一批,理科,49,中国民航大学,,11,应用气象学,（航空气象）（色弱、色盲不宜就读。办学地点：东丽校区。）,,1,四年,5800.0
西藏,2025,本科一批,理科,49,中国民航大学,,12,材料物理,（先进航空材料及智能设计）（办学地点：东丽校区。）,,1,四年,5800.0
西藏,2025,本科一批,理科,49,中国民航大学,,13,材料化学,（航空材料与器件处理）（办学地点：东丽校区。）,,1,四年,5800.0
西藏,2025,本科一批,理科,49,中国民航大学,,14,土木工程,（机场工程）（办学地点：东丽校区。）,,1,四年,5800.0
西藏,2025,本科一批,理科,49,中国民航大学,,16,交通工程,（机场规划与运行）（办学地点：东丽校区。）,,1,四年,5800.0
西藏,2025,本科一批,理科,49,中国民航大学,,18,飞行器运维工程,（色弱、色盲不宜就读。办学地点：东丽校区。）,,1,四年,5800.0
西藏,2025,国家专项计划本科批,理科,49,中国民航大学,,5,工科试验班,（智慧空中交通管制）（原则上只招男生；单眼裸视未达到E字表4.0及以上，存在语言、发音、听力障碍，色弱、色盲不宜就读。含交通运输(空中交通管制)、智慧交通专业。办学地点：东丽校区。）,,2,四年,5800.0
西藏,2025,国家专项计划本科批,理科,49,中国民航大学,,4,工科试验班,（电子信息与电气自动化）（色弱、色盲不宜就读。含电子信息工程(航空电子)、电气工程及其自动化(航空电气)、通信工程、自动化、物联网工程专业。办学地点：东丽校区。）,,2,四年,5800.0
西藏,2025,国家专项计划本科批,理科,49,中国民航大学,,3,工科试验班,（航空航天）（色弱、色盲不宜就读。含飞行器动力工程(航空发动机)、飞行器制造工程(飞机结构与系统)、机械电子工程(飞机机电附件)、材料科学与工程、飞行器设计与工程、新能源科学与工程、油气储运工程(机场供油工程)（免补专业）专业。办学地点：东丽校区。）,,2,四年,5800.0
西藏,2025,国家专项计划本科批,理科,49,中国民航大学,,16,交通工程,（机场规划与运行）（办学地点：东丽校区。）,,2,四年,5800.0
西藏,2025,国家专项计划本科批,理科,49,中国民航大学,,18,飞行器运维工程,（色弱、色盲不宜就读。办学地点：东丽校区。）,,1,四年,5800.0
西藏,2025,本科一批,文科,49,中国民航大学,,8,思想政治教育,（办学地点：东丽校区。）,,1,四年,5200.0
西藏,2025,本科一批,文科,49,中国民航大学,,9,英语,（民航外语）（招英语语种。办学地点：东丽校区。）,,1,四年,5800.0
西藏,2025,本科一批,文科,49,中国民航大学,,10,翻译,（招英语语种。办学地点：东丽校区。）,,1,四年,5800.0
西藏,2025,本科一批,文科,49,中国民航大学,,20,工商管理类,（航空运输管理与航空金融）（含经济与金融、工商管理、会计学、财务管理专业。办学地点：东丽校区。）,,1,四年,5200.0
西藏,2025,本科一批,理科,49,中国民航大学,,19,工商管理类,（航空运输管理与航空金融）（含经济与金融、工商管理、会计学、财务管理专业。办学地点：东丽校区。）,,1,四年,5200.0
西藏,2025,本科一批,理科,49,中国民航大学,,21,交通管理,（飞行运行管理）（原则上只招男生；单眼裸视未达到E字表4.0及以上，存在语言、发音、听力障碍，色弱、色盲不宜就读。办学地点：东丽校区。）,,1,四年,5200.0
西藏,2025,本科一批,理科,49,中国民航大学,,22,物流管理,（航空物流）（办学地点：东丽校区。）,,1,四年,5200.0
西藏,2025,本科一批,理科,184,中国海洋大学,,1,法学,（设有教育部涉外法治人才协同培养创新基地（培育）。办学地点：崂山校区。）,,2,四年,5280.0
西藏,2025,本科一批,理科,184,中国海洋大学,,4,水产养殖学,（教育部卓越农林人才教育培养计划改革试点专业。办学地点：鱼山校区。免补专业。）,,2,四年,6600.0
西藏,2025,本科一批,理科,184,中国海洋大学,,5,工商管理,（数字化创新管理）（办学地点：崂山校区。）,,2,四年,6600.0
西藏,2025,本科一批,理科,184,中国海洋大学,,6,行政管理,（可选拔至全球环境治理（环境科学+行政管理）双学位项目。办学地点：崂山校区。）,,2,四年,6600.0
西藏,2025,国家专项计划本科批,理科,184,中国海洋大学,,3,土木工程,（办学地点：西海岸校区。）,,2,四年,6600.0
西藏,2025,本科一批,文科,184,中国海洋大学,,2,新闻传播学类,（含新闻学、网络与新媒体专业。办学地点：崂山校区。）,,2,四年,5280.0
西藏,2025,提前录取本科一批,理科,750,中国消防救援学院,,5,应急装备技术与工程,（消防救援）（须参加本省消防员招录工作办公室组织的政治审查、体格检查、心理测试和面试，结论均为合格。招男生。免学费。）,,1,四年,
西藏,2025,提前录取本科一批,理科,750,中国消防救援学院,,5,应急装备技术与工程,（森林消防）（须参加本省消防员招录工作办公室组织的政治审查、体格检查、心理测试和面试，结论均为合格。招男生。免学费。）,,1,四年,
西藏,2025,提前录取本科一批,理科,750,中国消防救援学院,,7,通信工程,（森林消防）（须参加本省消防员招录工作办公室组织的政治审查、体格检查、心理测试和面试，结论均为合格。招男生。免学费。）,,1,四年,
西藏,2025,提前录取本科一批,理科,750,中国消防救援学院,,8,飞行器控制与信息工程,（消防救援）（须参加本省消防员招录工作办公室组织的政治审查、体格检查、心理测试和面试，结论均为合格。招男生。免学费。）,,1,四年,
西藏,2025,提前录取本科一批,理科,750,中国消防救援学院,,9,消防工程,（消防救援）（须参加本省消防员招录工作办公室组织的政治审查、体格检查、心理测试和面试，结论均为合格。招男生。免学费。）,,1,四年,
西藏,2025,提前录取本科一批,理科,750,中国消防救援学院,,12,火灾勘查,（消防救援）（须参加本省消防员招录工作办公室组织的政治审查、体格检查、心理测试和面试，结论均为合格。招男生。免学费。）,,1,四年,
西藏,2025,国家专项计划本科批,理科,354,中国石油大学（北京）,,,环境工程,（北京）（办学地点：北京。免补专业。）,,1,四年,5200.0
西藏,2025,国家专项计划本科批,理科,354,中国石油大学（北京）,,,工商管理类,（北京）（含会计学、财务管理专业。办学地点：北京。）,,1,四年,5000.0
西藏,2025,本科一批,理科,354,中国石油大学（北京）,,,环境工程,（办学地点：北京。免补专业。）,,2,四年,5200.0
西藏,2025,本科一批,理科,354,中国石油大学（北京）,,,少数民族预科,（民族预科班）（预科培养地点：中国石油大学（北京）。）,,2,一年,5000.0
西藏,2025,本科一批,理科,354,中国石油大学（北京）,,,经济学类,（含能源经济、金融学专业。办学地点：北京。）,,1,四年,5000.0
西藏,2025,本科一批,理科,354,中国石油大学（北京）,,,工商管理类,（含会计学、财务管理专业。办学地点：北京。）,,1,四年,5000.0
西藏,2025,本科一批,理科,835,中国石油大学（北京）克拉玛依校区,,,环境工程,（油气生产加工环境保护）（办学地点：克拉玛依校区。免补专业。）,,2,四年,3500.0
西藏,2025,国家专项计划本科批,理科,186,中国石油大学（华东）,,,材料类,（华东）（学生分流时在类内专业任选。入校后可选拔进入材料卓越班。含材料成型及控制工程、材料科学与工程、新能源材料与器件专业。办学地点：青岛。）,,1,四年,6600.0
西藏,2025,国家专项计划本科批,理科,186,中国石油大学（华东）,,,测绘工程,（华东）（入校后可选拔进入海洋信息类特色班。办学地点：青岛。）,,1,四年,6600.0
西藏,2025,国家专项计划本科批,理科,186,中国石油大学（华东）,,,资源勘查工程,（华东）（入校后可选拔进入油气地学类（未来）特色班、拔尖基地特色班。办学地点：青岛。免补专业。）,,1,四年,6600.0
西藏,2025,本科一批,理科,186,中国石油大学（华东）,,,管理科学与工程类,（学生分流时在类内专业任选。入校后可选拔进入经济管理实验班（特色）。含工程管理、信息管理与信息系统专业。办学地点：青岛。）,,3,四年,6600.0
西藏,2025,本科一批,理科,186,中国石油大学（华东）,,,勘查技术与工程,（含物探和智能测井两个方向，入校后可选拔进入油气地学类（未来）特色班、拔尖基地特色班。办学地点：青岛。免补专业。）,,2,四年,6600.0
西藏,2025,本科一批,理科,186,中国石油大学（华东）,,,环保设备工程,（入校后可选拔进入碳中和未来班（特色）。办学地点：青岛。）,,2,四年,6600.0
西藏,2025,本科一批,理科,186,中国石油大学（华东）,,,建筑学,（办学地点：青岛。）,,2,五年,6600.0
西藏,2025,高校专项计划本科批,理科,186,中国石油大学（华东）,,,应用化学,（华东）（含化学、应用化学，学生分流时在上述专业内任选。入校后可选拔至化学拔尖班。办学地点：青岛。）,,1,四年,6600.0
西藏,2025,国家专项计划本科批,理科,,中国矿业大学,,,地质类,（含地质工程、资源勘查工程专业。办学地点：中国矿业大学。免补专业。）,,2,四年,5800.0
西藏,2025,国家专项计划本科批,理科,,中国矿业大学,,,土木工程,（北京）（办学地点：北京市。）,,1,四年,5500.0
西藏,2025,高校专项计划本科批,理科,,中国矿业大学,,,地质类,（含地质工程、资源勘查工程专业。办学地点：中国矿业大学。免补专业。）,,1,四年,5800.0
西藏,2025,本科一批,理科,,中国矿业大学,,,地质类,（含地质工程、资源勘查工程专业。办学地点：中国矿业大学。免补专业。）,,3,四年,5800.0
西藏,2025,本科一批,理科,,中国矿业大学,,,矿业类,（含采矿工程（免补专业）、矿物加工工程（免补专业）、智能采矿工程（免补专业）、工业工程、新能源科学与工程专业。办学地点：中国矿业大学。）,,2,四年,5200.0
西藏,2025,本科一批,理科,,中国矿业大学,,,土木工程,（办学地点：北京市。）,,2,四年,5500.0
西藏,2025,本科一批,理科,,中国矿业大学,,,地质类,（含地质工程、资源勘查工程专业。办学地点：北京市。免补专业。）,,2,四年,5500.0
西藏,2025,本科一批,理科,,中国矿业大学,,,机械类,（含机械工程、智能制造工程专业。办学地点：中国矿业大学。）,,1,四年,5800.0
西藏,2025,本科一批,文科,519,中国美术学院,,1,风景园林,（文旅部共建项目。办学地点：象山校区。）,,1,四年,18000.0
西藏,2025,本科一批,文科,519,中国美术学院,,2,艺术学理论类,（文旅部共建项目。含艺术史论、艺术管理专业。办学地点：南山校区。）,,1,四年,7500.0
西藏,2025,本科一批,理科,147,中国药科大学,,1,生物技术,（不招色盲、色弱。办学地点：江宁校区。）,,1,四年,6050.0
西藏,2025,本科一批,理科,147,中国药科大学,,3,化工与制药类,（不招色盲、色弱。含制药工程、食品营养与健康、环境科学（免补专业）专业。办学地点：江宁校区。）,,1,四年,5800.0
西藏,2025,本科一批,理科,147,中国药科大学,,4,中药学类,（不招色盲、色弱。含中药学、中药资源与开发、中药制药专业。办学地点：江宁校区。）,,1,四年,7480.0
西藏,2025,本科一批,理科,147,中国药科大学,,,少数民族预科,（民族预科班）（经济管理试验班（医药方向）。预科培养地点：中国药科大学。学费待定。）,,1,一年,
西藏,2025,本科一批,理科,147,中国药科大学,,,少数民族预科,（民族预科班）（不招色盲、色弱。中药学类。预科培养地点：中国药科大学。学费待定。）,,1,一年,
西藏,2025,本科一批,理科,147,中国药科大学,,,少数民族预科,（民族预科班）（不招色盲、色弱。生物技术。预科培养地点：中国药科大学。学费待定。）,,1,一年,
西藏,2025,国家专项计划本科批,理科,147,中国药科大学,,3,化工与制药类,（不招色盲、色弱。含制药工程、食品营养与健康、环境科学（免补专业）专业。办学地点：江宁校区。）,,1,四年,5800.0
西藏,2025,国家专项计划本科批,理科,147,中国药科大学,,4,中药学类,（不招色盲、色弱。含中药学、中药资源与开发、中药制药专业。办学地点：江宁校区。）,,1,四年,7480.0
西藏,2025,高校专项计划本科批,理科,147,中国药科大学,,4,中药学类,（不招色盲、色弱。含中药学、中药资源与开发、中药制药专业。办学地点：江宁校区。）,,1,四年,7480.0
西藏,2025,本科一批,理科,162,中国计量大学,,13,药学,（办学地点：杭州市。）,,4,四年,5500.0
西藏,2025,本科一批,理科,162,中国计量大学,,1,应用化学,（办学地点：杭州市。）,,3,四年,5500.0
西藏,2025,本科一批,理科,162,中国计量大学,,5,材料科学与工程,（办学地点：杭州市。）,,3,四年,5500.0
西藏,2025,本科一批,理科,162,中国计量大学,,10,食品质量与安全,（办学地点：杭州市。）,,3,四年,5500.0
西藏,2025,本科一批,理科,162,中国计量大学,,12,生物工程,（办学地点：杭州市。）,,3,四年,5500.0
西藏,2025,本科一批,理科,162,中国计量大学,,16,标准化工程,（办学地点：杭州市。）,,3,四年,5520.0
西藏,2025,本科一批,理科,162,中国计量大学,,17,质量管理工程,（办学地点：杭州市。）,,3,四年,4800.0
西藏,2025,本科一批,理科,162,中国计量大学,,2,机械设计制造及其自动化,（办学地点：杭州市。）,,2,四年,6325.0
西藏,2025,本科一批,理科,162,中国计量大学,,3,机械电子工程,（办学地点：杭州市。）,,2,四年,5500.0
西藏,2025,本科一批,理科,162,中国计量大学,,4,测控技术与仪器,（办学地点：杭州市。）,,2,四年,6325.0
西藏,2025,本科一批,理科,162,中国计量大学,,7,能源与动力工程,（办学地点：杭州市。）,,2,四年,5500.0
西藏,2025,本科一批,理科,162,中国计量大学,,8,电子信息工程,（办学地点：杭州市。）,,2,四年,5500.0
西藏,2025,本科一批,理科,162,中国计量大学,,11,安全工程,（办学地点：杭州市。）,,2,四年,5500.0
西藏,2025,本科一批,理科,162,中国计量大学,,14,卫生检验与检疫,（办学地点：杭州市。）,,2,四年,4800.0
西藏,2025,本科一批,理科,162,中国计量大学,,15,工业工程,（办学地点：杭州市。）,,2,四年,4800.0
西藏,2025,本科一批,理科,162,中国计量大学,,6,功能材料,（办学地点：杭州市。）,,1,四年,5500.0
西藏,2025,本科一批,理科,162,中国计量大学,,9,光电信息科学与工程,（办学地点：杭州市。）,,1,四年,6325.0
西藏,2025,提前录取本科二批,理科,399,中央司法警官学院,,13,数据警务技术,（招男生4名，女生2名。须参加政治考察、面试、体检和体能测试且合格。）,,6,四年,5060.0
西藏,2025,提前录取本科二批,理科,399,中央司法警官学院,,5,监狱学,（矫正教育方向）（招男生。须参加政治考察、面试、体检和体能测试且合格。）,,2,四年,5060.0
西藏,2025,提前录取本科二批,理科,399,中央司法警官学院,,12,禁毒学,（戒毒方向）（招男生1名，女生1名。须参加政治考察、面试、体检和体能测试且合格。）,,2,四年,5060.0
西藏,2025,提前录取本科二批,理科,399,中央司法警官学院,,5,监狱学,（招男生。须参加政治考察、面试、体检和体能测试且合格。）,,1,四年,5060.0
西藏,2025,提前录取本科二批,理科,399,中央司法警官学院,,5,监狱学,（劳动改造方向）（招男生。须参加政治考察、面试、体检和体能测试且合格。）,,1,四年,5060.0
西藏,2025,提前录取本科二批,理科,399,中央司法警官学院,,5,监狱学,（政治工作方向）（招男生。须参加政治考察、面试、体检和体能测试且合格。）,,1,四年,5060.0
西藏,2025,提前录取本科二批,理科,399,中央司法警官学院,,5,监狱学,（心理矫治方向）（招男生。须参加政治考察、面试、体检和体能测试且合格。）,,1,四年,5060.0
西藏,2025,提前录取本科二批,理科,399,中央司法警官学院,,11,侦查学,（狱内侦查方向）（招男生。须参加政治考察、面试、体检和体能测试且合格。）,,1,四年,5060.0
西藏,2025,提前录取本科二批,文科,399,中央司法警官学院,,1,法学,（招男生1名，女生1名。须参加政治考察、面试、体检和体能测试且合格。）,,2,四年,5060.0
西藏,2025,提前录取本科二批,文科,399,中央司法警官学院,,4,监狱学,（政治工作方向）（招男生1名，女生1名。须参加政治考察、面试、体检和体能测试且合格。）,,2,四年,5060.0
西藏,2025,提前录取本科二批,文科,399,中央司法警官学院,,14,行政管理,（招男生1名，女生1名。须参加政治考察、面试、体检和体能测试且合格。）,,2,四年,5060.0
西藏,2025,提前录取本科二批,文科,399,中央司法警官学院,,2,监狱学,（招男生。须参加政治考察、面试、体检和体能测试且合格。）,,1,四年,5060.0
西藏,2025,提前录取本科二批,文科,399,中央司法警官学院,,2,监狱学,（矫正教育方向）（招男生。须参加政治考察、面试、体检和体能测试且合格。）,,1,四年,5060.0
西藏,2025,提前录取本科二批,文科,399,中央司法警官学院,,10,侦查学,（狱内侦查方向）（招男生。须参加政治考察、面试、体检和体能测试且合格。）,,1,四年,5060.0
西藏,2025,本科一批,理科,42,中央民族大学,,2,经济学类,（含经济学、财政学、金融学、国际经济与贸易专业。办学地点：丰台校区。）,,8,四年,5000.0
西藏,2025,本科一批,理科,42,中央民族大学,,15,工商管理类,（含工商管理、会计学、财务管理、人力资源管理专业。办学地点：丰台校区。）,,8,四年,5000.0
西藏,2025,本科一批,理科,42,中央民族大学,,12,中国少数民族语言文学,（藏语）（须藏语文成绩。办学地点：丰台校区。免学费。）,,4,四年,
西藏,2025,本科一批,理科,42,中央民族大学,,4,法学类,（含法学、法学（涉外法治）专业。办学地点：丰台校区。）,,2,四年,5000.0
西藏,2025,本科一批,理科,42,中央民族大学,,6,法学,（创新实验班）（须藏语文成绩。办学地点：丰台校区。）,,2,四年,5000.0
西藏,2025,本科一批,理科,42,中央民族大学,,,少数民族预科,（民族预科班）（预科培养地点：中央民族大学。招收珞巴族考生。）,,1,一年,4800.0
西藏,2025,本科一批,文科,42,中央民族大学,,5,法学,（创新实验班）（须藏语文成绩。办学地点：丰台校区。）,,6,四年,5000.0
西藏,2025,本科一批,文科,42,中央民族大学,,3,法学类,（含法学、法学（涉外法治）专业。办学地点：丰台校区。）,,5,四年,5000.0
西藏,2025,本科一批,文科,42,中央民族大学,,11,中国少数民族语言文学,（藏语）（须藏语文成绩。办学地点：丰台校区。免学费。）,,4,四年,
西藏,2025,本科一批,文科,42,中央民族大学,,13,新闻传播学类,（含新闻学、广告学、网络与新媒体专业。办学地点：丰台校区。）,,4,四年,5000.0
西藏,2025,本科一批,文科,42,中央民族大学,,16,公共管理类,（含公共事业管理、行政管理专业。办学地点：丰台校区。）,,4,四年,5000.0
西藏,2025,本科一批,文科,42,中央民族大学,,8,民族学,（与中国少数民族语言双学位。办学地点：丰台校区。）,,3,四年,5000.0
西藏,2025,本科一批,文科,42,中央民族大学,,9,教育学,（办学地点：丰台校区。）,,3,四年,5000.0
西藏,2025,本科一批,文科,42,中央民族大学,,10,汉语言文学,（办学地点：丰台校区。）,,3,四年,5000.0
西藏,2025,本科一批,文科,42,中央民族大学,,1,哲学类,（含哲学、宗教学专业。办学地点：丰台校区。）,,2,四年,5000.0
西藏,2025,本科一批,文科,42,中央民族大学,,7,社会学类,（含社会学、社会工作专业。办学地点：丰台校区。）,,2,四年,5000.0
西藏,2025,本科一批,文科,42,中央民族大学,,14,历史学,（办学地点：丰台校区。）,,2,四年,5000.0
西藏,2025,本科一批,文科,42,中央民族大学,,,少数民族预科,（民族预科班）（预科培养地点：中央民族大学。招收珞巴族考生。）,,1,一年,4800.0
西藏,2025,本科一批,理科,30,中央财经大学,,4,管理科学与工程类,（含管理科学（商务量化分析）、工程管理（建设经济管理）专业。办学地点：按学校两校区建设规划和办学实际确定。）,,4,四年,5000.0
西藏,2025,本科一批,理科,30,中央财经大学,,5,工商管理类,（商学院）（含工商管理、工商管理（法学、工管双学位项目）、市场营销（大数据营销）、人力资源管理、供应链管理、供应链管理（供应链、经统双学位项目）专业。办学地点：按学校两校区建设规划和办学实际确定。）,,4,四年,5000.0
西藏,2025,本科一批,理科,30,中央财经大学,,7,工商管理类,（会计学院）（含会计学、会计学（法学、会计学双学位项目）、财务管理专业。办学地点：按学校两校区建设规划和办学实际确定。）,,4,四年,5000.0
西藏,2025,国家专项计划本科批,理科,30,中央财经大学,,5,工商管理类,（商学院）（含工商管理、工商管理(法学、工管双学位项目)、市场营销(大数据营销)、人力资源管理、供应链管理、供应链管理(供应链、经统双学位项目)专业。办学地点：按学校两校区建设规划和办学实际确定。）,,1,四年,5000.0
西藏,2025,本科一批,文科,30,中央财经大学,,1,财政学类,（含财政学、税收学、资产评估、财政学（财政基础理论基地班）、税收学（全球税收治理菁英班）专业。办学地点：按学校两校区建设规划和办学实际确定。）,,2,四年,5000.0
西藏,2025,本科一批,文科,30,中央财经大学,,2,法学,（含与会计学双学位、与工管双学位等4个专业）（含法学（卓越法治人才教育培养计划）、法学（涉外法治人才培养基地班）、法学（法学-会计学双学位项目）、法学（法学-工商管理双学位项目）4个专业。办学地点：按学校两校区建设规划和办学实际确定。）,,2,四年,5000.0
西藏,2025,国家专项计划本科批,文科,30,中央财经大学,,3,社会学类,（含社会学(经济社会学)、社会工作(金融领域)专业。办学地点：按学校两校区建设规划和办学实际确定。）,,2,四年,5000.0
西藏,2025,本科一批,理科,220,中山大学,,8,临床医学,（含眼科创新班）（不招色盲、色弱。办学地点：深圳校区。）,,2,五年,7660.0
西藏,2025,本科一批,理科,220,中山大学,,7,智能科学与技术,（办学地点：深圳校区。）,,1,四年,6850.0
西藏,2025,本科一批,理科,220,中山大学,,9,预防医学,（不招色盲、色弱。办学地点：广州校区北校园。）,,1,五年,7660.0
西藏,2025,本科一批,理科,220,中山大学,,12,工商管理,（办学地点：深圳校区。）,,1,四年,6060.0
西藏,2025,国家专项计划本科批,理科,220,中山大学,,10,护理学,（不招色盲、色弱。办学地点：广州校区北校园。）,,2,四年,7660.0
西藏,2025,国家专项计划本科批,理科,220,中山大学,,6,地质学类,（含地质学（免补专业）、地球物理学、地质工程（免补专业）专业。办学地点：珠海校区。）,,1,四年,6850.0
西藏,2025,高校专项计划本科批,理科,220,中山大学,,10,护理学,（不招色盲、色弱。办学地点：广州校区北校园。）,,1,四年,7660.0
西藏,2025,国家专项计划本科批,文科,220,中山大学,,5,外国语言文学类,（含英语、阿拉伯语、西班牙语、朝鲜语、俄语专业。办学地点：珠海校区。）,,1,四年,6850.0
西藏,2025,国家专项计划本科批,文科,220,中山大学,,14,旅游管理类,（含旅游管理、会展经济与管理、酒店管理专业。办学地点：珠海校区。）,,1,四年,6060.0
西藏,2025,本科一批,文科,220,中山大学,,2,国际政治,（办学地点：珠海校区。）,,2,四年,6060.0
西藏,2025,本科一批,文科,220,中山大学,,1,经济学,（办学地点：深圳校区。）,,1,四年,6060.0
西藏,2025,本科一批,文科,220,中山大学,,5,外国语言文学类,（含英语、阿拉伯语、西班牙语、朝鲜语、俄语专业。办学地点：珠海校区。）,,1,四年,6850.0
西藏,2025,本科一批,文科,220,中山大学,,13,图书情报与档案管理类,（含图书馆学、档案学专业。办学地点：广州校区东校园。）,,1,四年,6060.0
西藏,2025,专科批,理科,648,临沂职业学院,,2,建筑工程技术,,,5,三年,5000.0
西藏,2025,专科批,理科,648,临沂职业学院,,4,中医康复技术,,,4,三年,6000.0
西藏,2025,专科批,文科,648,临沂职业学院,,3,中医康复技术,,,6,三年,6000.0
西藏,2025,专科批,文科,648,临沂职业学院,,1,建筑工程技术,,,5,三年,5000.0
西藏,2025,本科二批,理科,1043,云南农业大学,,1,蜂学,,,1,四年,
西藏,2025,专科批,理科,426,云南国土资源职业学院,,2,矿产地质勘查,（办学地点：阳宗海校区。免补专业。）,,2,三年,5000.0
西藏,2025,专科批,理科,426,云南国土资源职业学院,,1,地质调查与矿产普查,（办学地点：阳宗海校区。免补专业。）,,1,三年,5000.0
西藏,2025,专科批,理科,426,云南国土资源职业学院,,5,生态环境修复技术,（办学地点：阳宗海校区。免补专业。）,,1,三年,5000.0
西藏,2025,专科批,文科,426,云南国土资源职业学院,,3,矿产地质勘查,（办学地点：阳宗海校区。免补专业。）,,2,三年,5000.0
西藏,2025,专科批,文科,426,云南国土资源职业学院,,4,水文与工程地质,（办学地点：阳宗海校区。免补专业。）,,2,三年,5000.0
西藏,2025,专科批,文科,426,云南国土资源职业学院,,6,生态环境修复技术,（办学地点：阳宗海校区。免补专业。）,,1,三年,5000.0
西藏,2025,专科批,理科,,云南外事外语职业学院,,,护理,,,5,三年,9800.0
西藏,2025,专科批,理科,,云南外事外语职业学院,,,水利水电建筑工程,（免补专业。）,,2,三年,9800.0
西藏,2025,专科批,理科,,云南外事外语职业学院,,,学前教育,,,2,三年,9800.0
西藏,2025,专科批,文科,,云南外事外语职业学院,,,护理,,,5,三年,9800.0
西藏,2025,专科批,文科,,云南外事外语职业学院,,,水利水电建筑工程,（免补专业。）,,3,三年,9800.0
西藏,2025,专科批,文科,,云南外事外语职业学院,,,学前教育,,,3,三年,9800.0
西藏,2025,本科一批,理科,692,云南大学,,5,电子信息工程,,,1,四年,5600.0
西藏,2025,本科一批,理科,692,云南大学,,6,软件工程,（第三、四学年学费12000元/年）,,1,四年,5000.0
西藏,2025,本科一批,理科,692,云南大学,,7,环境科学与工程类,"（生态学,环境科学与工程,植物科学与技术）（大类培养分流办法及各专业学费标准详见《云南大学2025年本科招生章程》）",,1,四年,4500.0
西藏,2025,本科一批,理科,692,云南大学,,8,城乡规划,,,1,五年,5000.0
西藏,2025,高校专项计划批,理科,692,云南大学,,4,新能源科学与工程,（高校专项）,,1,四年,5000.0
西藏,2025,本科一批,文科,692,云南大学,,3,汉语言文学,,,1,四年,4200.0
西藏,2025,本科一批,文科,692,云南大学,,1,法学,,,1,四年,5000.0
西藏,2025,本科一批,文科,692,云南大学,,2,民族学,,,1,四年,4500.0
西藏,2025,专科批,理科,,云南新兴职业学院,,,学前教育,,,10,三年,10000.0
西藏,2025,专科批,理科,,云南新兴职业学院,,,护理,,,8,三年,10000.0
西藏,2025,专科批,理科,,云南新兴职业学院,,,动物医学,（免补专业。）,,6,三年,10000.0
西藏,2025,专科批,理科,,云南新兴职业学院,,,医学影像技术,,,4,三年,10000.0
西藏,2025,专科批,理科,,云南新兴职业学院,,,药学,,,2,三年,10000.0
西藏,2025,专科批,理科,,云南新兴职业学院,,,医学检验技术,,,2,三年,10000.0
西藏,2025,专科批,文科,,云南新兴职业学院,,,学前教育,,,10,三年,10000.0
西藏,2025,专科批,文科,,云南新兴职业学院,,,护理,,,8,三年,10000.0
西藏,2025,专科批,文科,,云南新兴职业学院,,,动物医学,（免补专业。）,,6,三年,10000.0
西藏,2025,专科批,文科,,云南新兴职业学院,,,医学检验技术,,,2,三年,10000.0
西藏,2025,专科批,文科,,云南新兴职业学院,,,医学影像技术,,,2,三年,10000.0
西藏,2025,专科批,理科,,云南旅游职业学院,,,大数据技术,,,2,三年,5000.0
西藏,2025,专科批,理科,,云南旅游职业学院,,,大数据与财务管理,,,2,三年,5000.0
西藏,2025,专科批,理科,,云南旅游职业学院,,,旅游管理,,,1,三年,5000.0
西藏,2025,专科批,理科,,云南旅游职业学院,,,导游,,,1,三年,5000.0
西藏,2025,专科批,理科,,云南旅游职业学院,,,酒店管理与数字化运营,,,1,三年,5000.0
西藏,2025,专科批,文科,,云南旅游职业学院,,,旅游管理,,,1,三年,5000.0
西藏,2025,专科批,文科,,云南旅游职业学院,,,导游,,,1,三年,5000.0
西藏,2025,专科批,文科,,云南旅游职业学院,,,酒店管理与数字化运营,,,1,三年,5000.0
西藏,2025,专科批,理科,581,云南林业职业技术学院,,10,森林生态旅游与康养,（一年级在石林校区，二、三年级按学校教学场所、专业规划等办学实际安排在金殿校区、官渡校区或石林校区。学校执行学分制收费，学年初预缴5000元/年，学年末核算。办学地点：石林校区。免补专业。）,,4,三年,5000.0
西藏,2025,专科批,理科,581,云南林业职业技术学院,,4,森林和草原资源保护,（一年级在石林校区，二、三年级按学校教学场所、专业规划等办学实际安排在金殿校区、官渡校区或石林校区。学校执行学分制收费，学年初预缴5000元/年，学年末核算。办学地点：石林校区。免补专业。）,,2,三年,5000.0
西藏,2025,专科批,理科,581,云南林业职业技术学院,,6,野生动植物资源保护与利用,（一年级在石林校区，二、三年级按学校教学场所、专业规划等办学实际安排在金殿校区、官渡校区或石林校区。学校执行学分制收费，学年初预缴5000元/年，学年末核算。办学地点：石林校区。免补专业。）,,2,三年,5000.0
西藏,2025,专科批,理科,581,云南林业职业技术学院,,8,自然保护地建设与管理,（一年级在石林校区，二、三年级按学校教学场所、专业规划等办学实际安排在金殿校区、官渡校区或石林校区。学校执行学分制收费，学年初预缴5000元/年，学年末核算。办学地点：石林校区。免补专业。）,,2,三年,5000.0
西藏,2025,专科批,理科,581,云南林业职业技术学院,,12,林业信息技术应用,（一年级在石林校区，二、三年级按学校教学场所、专业规划等办学实际安排在金殿校区、官渡校区或石林校区。学校执行学分制收费，学年初预缴5000元/年，学年末核算。办学地点：石林校区。免补专业。）,,2,三年,5000.0
西藏,2025,专科批,理科,581,云南林业职业技术学院,,14,森林草原防火技术,（一年级在石林校区，二、三年级按学校教学场所、专业规划等办学实际安排在金殿校区、官渡校区或石林校区。学校执行学分制收费，学年初预缴5000元/年，学年末核算。办学地点：石林校区。）,,2,三年,5000.0
西藏,2025,专科批,理科,581,云南林业职业技术学院,,1,经济林培育与利用,（一年级在石林校区，二、三年级按学校教学场所、专业规划等办学实际安排在金殿校区、官渡校区或石林校区。学校执行学分制收费，学年初预缴5000元/年，学年末核算。办学地点：石林校区。免补专业。）,,1,三年,5000.0
西藏,2025,专科批,文科,581,云南林业职业技术学院,,9,森林生态旅游与康养,（一年级在石林校区，二、三年级按学校教学场所、专业规划等办学实际安排在金殿校区、官渡校区或石林校区。学校执行学分制收费，学年初预缴5000元/年，学年末核算。办学地点：石林校区。免补专业。）,,4,三年,5000.0
西藏,2025,专科批,文科,581,云南林业职业技术学院,,3,森林和草原资源保护,（一年级在石林校区，二、三年级按学校教学场所、专业规划等办学实际安排在金殿校区、官渡校区或石林校区。学校执行学分制收费，学年初预缴5000元/年，学年末核算。办学地点：石林校区。免补专业。）,,2,三年,5000.0
西藏,2025,专科批,文科,581,云南林业职业技术学院,,5,野生动植物资源保护与利用,（一年级在石林校区，二、三年级按学校教学场所、专业规划等办学实际安排在金殿校区、官渡校区或石林校区。学校执行学分制收费，学年初预缴5000元/年，学年末核算。办学地点：石林校区。免补专业。）,,2,三年,5000.0
西藏,2025,专科批,文科,581,云南林业职业技术学院,,7,自然保护地建设与管理,（一年级在石林校区，二、三年级按学校教学场所、专业规划等办学实际安排在金殿校区、官渡校区或石林校区。学校执行学分制收费，学年初预缴5000元/年，学年末核算。办学地点：石林校区。免补专业。）,,2,三年,5000.0
西藏,2025,专科批,文科,581,云南林业职业技术学院,,11,林业信息技术应用,（一年级在石林校区，二、三年级按学校教学场所、专业规划等办学实际安排在金殿校区、官渡校区或石林校区。学校执行学分制收费，学年初预缴5000元/年，学年末核算。办学地点：石林校区。免补专业。）,,2,三年,5000.0
西藏,2025,专科批,文科,581,云南林业职业技术学院,,13,森林草原防火技术,（一年级在石林校区，二、三年级按学校教学场所、专业规划等办学实际安排在金殿校区、官渡校区或石林校区。学校执行学分制收费，学年初预缴5000元/年，学年末核算。办学地点：石林校区。）,,2,三年,5000.0
西藏,2025,专科批,文科,581,云南林业职业技术学院,,2,经济林培育与利用,（一年级在石林校区，二、三年级按学校教学场所、专业规划等办学实际安排在金殿校区、官渡校区或石林校区。学校执行学分制收费，学年初预缴5000元/年，学年末核算。办学地点：石林校区。免补专业。）,,1,三年,5000.0
西藏,2025,本科二批,文科,265,云南民族大学,,1,法学,（办学地点：雨花校区。）,,3,四年,4500.0
西藏,2025,本科二批,文科,265,云南民族大学,,2,社会学,（办学地点：雨花校区。）,,3,四年,5100.0
西藏,2025,本科二批,理科,350,云南警官学院,,2,法学,,,2,四年,4500.0
西藏,2025,本科二批,文科,350,云南警官学院,,1,法学,,,2,四年,4500.0
西藏,2025,本科二批,理科,264,云南财经大学,,2,会计学,（高等职业教育普通本科。办学地点：安宁校区。）,,3,四年,7000.0
西藏,2025,本科二批,理科,264,云南财经大学,,3,财务管理,（高等职业教育普通本科。办学地点：安宁校区。）,,3,四年,7000.0
西藏,2025,本科二批,文科,264,云南财经大学,,1,会计学,（高等职业教育普通本科。办学地点：安宁校区。）,,2,四年,7000.0
西藏,2025,本科二批,文科,264,云南财经大学,,4,财务管理,（高等职业教育普通本科。办学地点：安宁校区。）,,2,四年,7000.0
西藏,2025,本科一批,理科,182,井冈山大学,,2,计算机科学与技术,（不能准确在显示器上识别红、黄、绿、兰、紫各颜色中任何一种颜色的数码、字母者不能录取到计算机科学与技术等专业。）,,4,四年,4790.0
西藏,2025,本科一批,理科,182,井冈山大学,,3,临床医学,（不招色盲、色弱。）,,3,五年,4790.0
西藏,2025,专科批,理科,471,仙桃职业学院,,3,临床医学,（不招色盲、色弱。）,,20,三年,5000.0
西藏,2025,专科批,理科,471,仙桃职业学院,,1,机电一体化技术,,,15,三年,5000.0
西藏,2025,专科批,理科,471,仙桃职业学院,,9,大数据与会计,,,15,三年,5000.0
西藏,2025,专科批,理科,471,仙桃职业学院,,5,护理,（不招色盲、色弱。）,,14,三年,5000.0
西藏,2025,专科批,理科,471,仙桃职业学院,,7,医学影像技术,,,10,三年,5000.0
西藏,2025,专科批,理科,471,仙桃职业学院,,15,学前教育,（不招色盲、色弱。）,,5,三年,5000.0
西藏,2025,专科批,理科,471,仙桃职业学院,,17,小学教育,,,5,三年,5000.0
西藏,2025,专科批,理科,471,仙桃职业学院,,12,早期教育,,,4,三年,5000.0
西藏,2025,专科批,文科,471,仙桃职业学院,,2,临床医学,（不招色盲、色弱。）,,15,三年,5000.0
西藏,2025,专科批,文科,471,仙桃职业学院,,4,护理,（不招色盲、色弱。）,,15,三年,5000.0
西藏,2025,专科批,文科,471,仙桃职业学院,,8,大数据与会计,,,15,三年,5000.0
西藏,2025,专科批,文科,471,仙桃职业学院,,6,医学影像技术,,,12,三年,5000.0
西藏,2025,专科批,文科,471,仙桃职业学院,,11,早期教育,,,5,三年,5000.0
西藏,2025,专科批,文科,471,仙桃职业学院,,13,学前教育,（不招色盲、色弱。）,,5,三年,5000.0
西藏,2025,专科批,文科,471,仙桃职业学院,,16,小学教育,,,5,三年,5000.0
西藏,2025,本科二批,理科,616,仲恺农业工程学院,,1,资源环境科学,（不招色盲、色弱。办学地点：白云校区。）,,2,四年,5710.0
西藏,2025,本科二批,理科,616,仲恺农业工程学院,,2,植物保护,（不招色盲、色弱。办学地点：白云校区。免补专业。）,,2,四年,4570.0
西藏,2025,本科二批,理科,616,仲恺农业工程学院,,3,动物科学,（不招色盲、色弱。办学地点：白云校区。免补专业。）,,2,四年,4570.0
西藏,2025,本科二批,理科,616,仲恺农业工程学院,,4,林学,（不招色盲、色弱。办学地点：白云校区。免补专业。）,,2,四年,4570.0
西藏,2025,本科二批,理科,616,仲恺农业工程学院,,5,园林,（不招色盲、色弱。办学地点：白云校区。免补专业。）,,2,四年,4570.0
西藏,2025,本科二批,文科,292,伊犁师范大学,,1,旅游管理,（省级一流本科专业建设点。办学地点：东校区。）,,3,四年,3500.0
西藏,2025,本科二批,理科,107,佳木斯大学,,2,会计学,,,14,四年,3500.0
西藏,2025,本科二批,理科,107,佳木斯大学,,1,工商管理,,,11,四年,3500.0
西藏,2025,本科二批,理科,107,佳木斯大学,,3,物流管理,,,3,四年,4200.0
西藏,2025,本科一批,理科,282,兰州交通大学,,2,建筑环境与能源应用工程,,,3,四年,4700.0
西藏,2025,本科一批,理科,282,兰州交通大学,,3,给排水科学与工程,,,3,四年,4700.0
西藏,2025,本科一批,理科,282,兰州交通大学,,1,土木工程,,,1,四年,4700.0
西藏,2025,本科一批,理科,282,兰州交通大学,,4,水利水电工程,（免补专业。）,,1,四年,4700.0
西藏,2025,本科一批,理科,282,兰州交通大学,,5,环境科学,（免补专业。）,,1,四年,4700.0
西藏,2025,本科一批,理科,282,兰州交通大学,,6,工程管理,,,1,四年,4700.0
西藏,2025,本科一批,理科,282,兰州交通大学,,7,工程造价,,,1,四年,4700.0
西藏,2025,本科二批,文科,284,兰州城市学院,,1,网络与新媒体,（学费待定。）,,3,四年,
西藏,2025,本科二批,文科,284,兰州城市学院,,31,广播电视编导,（学费待定。）,,3,四年,
西藏,2025,本科二批,文科,284,兰州城市学院,,4,地理科学,（师范类。学费待定。）,,1,四年,
西藏,2025,本科二批,文科,284,兰州城市学院,,6,地理信息科学,（学费待定。）,,1,四年,
西藏,2025,本科二批,文科,284,兰州城市学院,,8,应用心理学,（师范类。学费待定。）,,1,四年,
西藏,2025,本科二批,文科,284,兰州城市学院,,21,会计学,（学费待定。）,,1,四年,
西藏,2025,本科二批,文科,284,兰州城市学院,,23,财务管理,（学费待定。）,,1,四年,
西藏,2025,本科二批,文科,284,兰州城市学院,,25,审计学,（学费待定。）,,1,四年,
西藏,2025,本科二批,文科,284,兰州城市学院,,27,城市管理,（学费待定。）,,1,四年,
西藏,2025,本科二批,文科,284,兰州城市学院,,29,酒店管理,（学费待定。）,,1,四年,
西藏,2025,本科二批,理科,284,兰州城市学院,,2,网络与新媒体,（学费待定。）,,3,四年,
西藏,2025,本科二批,理科,284,兰州城市学院,,10,机械设计制造及其自动化,（办学地点：培黎校区。学费待定。）,,3,四年,
西藏,2025,本科二批,理科,284,兰州城市学院,,20,环境工程,（学费待定。免补专业。）,,3,四年,
西藏,2025,本科二批,理科,284,兰州城市学院,,32,广播电视编导,（学费待定。）,,3,四年,
西藏,2025,本科二批,理科,284,兰州城市学院,,3,化学,（师范类。学费待定。）,,2,四年,
西藏,2025,本科二批,理科,284,兰州城市学院,,5,地理科学,（师范类。学费待定。）,,2,四年,
西藏,2025,本科二批,理科,284,兰州城市学院,,7,地理信息科学,（学费待定。）,,2,四年,
西藏,2025,本科二批,理科,284,兰州城市学院,,11,智能制造工程,（办学地点：培黎校区。学费待定。）,,2,四年,
西藏,2025,本科二批,理科,284,兰州城市学院,,12,焊接技术与工程,（办学地点：培黎校区。学费待定。）,,2,四年,
西藏,2025,本科二批,理科,284,兰州城市学院,,14,通信工程,（办学地点：培黎校区。学费待定。）,,2,四年,
西藏,2025,本科二批,理科,284,兰州城市学院,,15,土木工程,（学费待定。）,,2,四年,
西藏,2025,本科二批,理科,284,兰州城市学院,,16,化学工程与工艺,（学费待定。）,,2,四年,
西藏,2025,本科二批,理科,284,兰州城市学院,,9,应用心理学,（师范类。学费待定。）,,1,四年,
西藏,2025,本科二批,理科,284,兰州城市学院,,13,新能源科学与工程,（办学地点：培黎校区。学费待定。）,,1,四年,
西藏,2025,本科二批,理科,284,兰州城市学院,,17,资源勘查工程,（办学地点：培黎校区。学费待定。免补专业。）,,1,四年,
西藏,2025,本科二批,理科,284,兰州城市学院,,18,石油工程,（办学地点：培黎校区。学费待定。免补专业。）,,1,四年,
西藏,2025,本科二批,理科,284,兰州城市学院,,19,油气储运工程,（办学地点：培黎校区。学费待定。免补专业。）,,1,四年,
西藏,2025,本科二批,理科,284,兰州城市学院,,22,会计学,（学费待定。）,,1,四年,
西藏,2025,本科二批,理科,284,兰州城市学院,,24,财务管理,（学费待定。）,,1,四年,
西藏,2025,本科二批,理科,284,兰州城市学院,,26,审计学,（学费待定。）,,1,四年,
西藏,2025,本科二批,理科,284,兰州城市学院,,28,城市管理,（学费待定。）,,1,四年,
西藏,2025,本科二批,理科,284,兰州城市学院,,30,酒店管理,（学费待定。）,,1,四年,
西藏,2025,专科批,理科,,兰州外语职业学院,,,电气自动化技术,（办学地点：新区校区。）,,3,三年,12200.0
西藏,2025,专科批,理科,,兰州外语职业学院,,,铁道交通运营管理,（办学地点：和平校区。）,,3,三年,12700.0
西藏,2025,专科批,理科,,兰州外语职业学院,,,护理,（办学地点：新区校区。）,,3,三年,14200.0
西藏,2025,专科批,理科,,兰州外语职业学院,,,学前教育,（办学地点：新区校区。师范类。）,,2,三年,14200.0
西藏,2025,专科批,文科,,兰州外语职业学院,,,铁道交通运营管理,（办学地点：和平校区。）,,3,三年,12700.0
西藏,2025,专科批,文科,,兰州外语职业学院,,,电气自动化技术,（办学地点：新区校区。）,,2,三年,12200.0
西藏,2025,专科批,文科,,兰州外语职业学院,,,护理,（办学地点：新区校区。）,,2,三年,14200.0
西藏,2025,专科批,文科,,兰州外语职业学院,,,学前教育,（办学地点：新区校区。师范类。）,,2,三年,14200.0
西藏,2025,国家专项计划本科批,理科,281,兰州大学,,7,预防医学,（智慧大健康创新班）（办学地点：甘肃兰州。）,,3,五年,6200.0
西藏,2025,国家专项计划本科批,理科,281,兰州大学,,5,临床医学,（办学地点：甘肃兰州。）,,2,五年,6200.0
西藏,2025,本科一批,理科,281,兰州大学,,4,地质学,（拔尖基地）（办学地点：甘肃兰州。免补专业。）,,2,四年,5800.0
西藏,2025,本科一批,理科,281,兰州大学,,7,预防医学,（智慧大健康创新班）（办学地点：甘肃兰州。）,,1,五年,6200.0
西藏,2025,高校专项计划本科批,理科,281,兰州大学,,8,工商管理类,（含基地班）（含行政管理、会计学、人力资源管理、信息管理与信息系统专业。办学地点：甘肃兰州。）,,1,四年,5500.0
西藏,2025,本科一批,文科,281,兰州大学,,2,民族学,（办学地点：甘肃兰州。）,,2,四年,5500.0
西藏,2025,本科一批,文科,281,兰州大学,,3,马克思主义理论类,（含思想政治教育、马克思主义理论专业。办学地点：甘肃兰州。）,,2,四年,5500.0
西藏,2025,高校专项计划本科批,文科,281,兰州大学,,1,政治学类,（含政治学与行政学、国际政治专业。办学地点：甘肃兰州。）,,1,四年,5500.0
西藏,2025,本科二批,理科,377,兰州文理学院,,3,电气工程与智能控制,（学费待定。）,,7,四年,
西藏,2025,本科二批,理科,377,兰州文理学院,,4,通信工程,（学费待定。）,,7,四年,
西藏,2025,本科二批,文科,377,兰州文理学院,,1,学前教育,（师范类。学费待定。）,,5,四年,
西藏,2025,本科二批,文科,377,兰州文理学院,,2,小学教育,（师范类。学费待定。）,,5,四年,
西藏,2025,本科二批,文科,377,兰州文理学院,,5,旅游管理,（学费待定。）,,5,四年,
西藏,2025,本科二批,文科,377,兰州文理学院,,6,酒店管理,（学费待定。）,,3,四年,
西藏,2025,专科批,理科,906,兰州现代职业学院,,2,园林技术,（办学地点：兰州现代职业学院。免补专业。）,,4,三年,4500.0
西藏,2025,专科批,理科,906,兰州现代职业学院,,4,工程造价,（办学地点：兰州现代职业学院。）,,3,三年,4500.0
西藏,2025,专科批,理科,906,兰州现代职业学院,,6,护理,（办学地点：兰州现代职业学院。）,,3,三年,4500.0
西藏,2025,专科批,理科,906,兰州现代职业学院,,8,学前教育,（办学地点：兰州现代职业学院。）,,3,三年,4500.0
西藏,2025,专科批,文科,906,兰州现代职业学院,,1,园林技术,（办学地点：兰州现代职业学院。免补专业。）,,3,三年,4500.0
西藏,2025,专科批,文科,906,兰州现代职业学院,,3,工程造价,（办学地点：兰州现代职业学院。）,,3,三年,4500.0
西藏,2025,专科批,文科,906,兰州现代职业学院,,5,护理,（办学地点：兰州现代职业学院。）,,3,三年,4500.0
西藏,2025,专科批,文科,906,兰州现代职业学院,,7,学前教育,（办学地点：兰州现代职业学院。）,,3,三年,4500.0
西藏,2025,专科批,理科,913,兰州石化职业技术大学,,1,测绘地理信息技术,（办学地点：兰州新区校区。）,,2,三年,4500.0
西藏,2025,专科批,理科,913,兰州石化职业技术大学,,2,油气储运技术,（办学地点：西固东校区。免补专业。）,,2,三年,4500.0
西藏,2025,专科批,理科,913,兰州石化职业技术大学,,3,热能动力工程技术,（办学地点：兰州新区校区。）,,2,三年,4500.0
西藏,2025,专科批,理科,913,兰州石化职业技术大学,,4,石油化工技术,（办学地点：西固西校区。）,,2,三年,4500.0
西藏,2025,专科批,文科,913,兰州石化职业技术大学,,5,现代物流管理,（办学地点：兰州新区校区。）,,2,三年,4300.0
西藏,2025,专科批,理科,489,兰州职业技术学院,,3,大数据与会计,（办学地点：总校区。）,,3,三年,4500.0
西藏,2025,专科批,理科,489,兰州职业技术学院,,8,学前教育,（办学地点：雁儿湾校区。）,,3,三年,4500.0
西藏,2025,专科批,理科,489,兰州职业技术学院,,1,电气自动化技术,（办学地点：总校区。）,,2,三年,4500.0
西藏,2025,专科批,理科,489,兰州职业技术学院,,6,融媒体技术与运营,（办学地点：总校区。）,,2,三年,4500.0
西藏,2025,专科批,文科,489,兰州职业技术学院,,5,融媒体技术与运营,（办学地点：总校区。）,,3,三年,4500.0
西藏,2025,专科批,文科,489,兰州职业技术学院,,7,学前教育,（办学地点：雁儿湾校区。）,,3,三年,4500.0
西藏,2025,专科批,文科,489,兰州职业技术学院,,2,大数据与会计,（办学地点：总校区。）,,2,三年,4500.0
西藏,2025,专科批,文科,489,兰州职业技术学院,,4,石窟寺保护技术,（办学地点：总校区。）,,2,三年,4500.0
西藏,2025,专科批,理科,912,兰州资源环境职业技术大学,,6,应用气象技术,,,2,三年,4500.0
西藏,2025,专科批,理科,912,兰州资源环境职业技术大学,,11,现代物流管理,,,2,三年,4500.0
西藏,2025,专科批,理科,912,兰州资源环境职业技术大学,,3,无人机测绘技术,,,1,三年,4500.0
西藏,2025,专科批,理科,912,兰州资源环境职业技术大学,,7,工业机器人技术,,,1,三年,4500.0
西藏,2025,本科二批,理科,912,兰州资源环境职业技术大学,,1,智慧气象技术,,,2,四年,6500.0
西藏,2025,本科二批,理科,912,兰州资源环境职业技术大学,,2,智慧水利工程,（免补专业。）,,1,四年,6500.0
西藏,2025,专科提前批,理科,912,兰州资源环境职业技术大学,,5,大气探测技术,（定向培养军士生，招男生，与空军联合培养。）,,5,三年,8000.0
西藏,2025,专科提前批,理科,912,兰州资源环境职业技术大学,,9,计算机应用技术,（定向培养军士生，招男生，与武警部队联合培养。）,,5,三年,8000.0
西藏,2025,专科批,文科,912,兰州资源环境职业技术大学,,10,现代物流管理,,,2,三年,4500.0
西藏,2025,专科批,文科,912,兰州资源环境职业技术大学,,4,无人机测绘技术,,,1,三年,4500.0
西藏,2025,专科批,文科,912,兰州资源环境职业技术大学,,8,工业机器人技术,,,1,三年,4500.0
西藏,2025,本科二批,理科,248,内江师范学院,,3,小学教育,（师范类。）,,3,四年,5520.0
西藏,2025,本科二批,理科,248,内江师范学院,,7,生物技术,,,2,四年,5980.0
西藏,2025,本科二批,理科,248,内江师范学院,,8,应用心理学,,,2,四年,5980.0
西藏,2025,本科二批,理科,248,内江师范学院,,10,电子商务,,,2,四年,5520.0
西藏,2025,本科二批,理科,248,内江师范学院,,1,学前教育,（师范类。）,,1,四年,5520.0
西藏,2025,本科二批,文科,248,内江师范学院,,5,历史学,（师范类。）,,3,四年,4800.0
西藏,2025,本科二批,文科,248,内江师范学院,,4,小学教育,（师范类。）,,2,四年,5520.0
西藏,2025,本科二批,文科,248,内江师范学院,,6,地理科学,（师范类。）,,2,四年,5980.0
西藏,2025,本科二批,文科,248,内江师范学院,,2,学前教育,（师范类。）,,1,四年,5520.0
西藏,2025,本科二批,文科,248,内江师范学院,,9,电子商务,,,1,四年,5520.0
西藏,2025,本科二批,理科,65,内蒙古农业大学,,3,动物科学,（含卓越农林计划，不招色盲。免补专业。）,,2,四年,4600.0
西藏,2025,本科二批,理科,65,内蒙古农业大学,,1,植物保护,（不招色盲。免补专业。）,,1,四年,4600.0
西藏,2025,本科二批,理科,65,内蒙古农业大学,,2,水土保持与荒漠化防治,（免补专业。）,,1,四年,4600.0
西藏,2025,本科二批,理科,65,内蒙古农业大学,,4,动物医学,（含卓越农林计划，不招色盲。免补专业。）,,1,五年,4600.0
西藏,2025,本科二批,理科,65,内蒙古农业大学,,5,林学,（含卓越农林计划，不招色盲。免补专业。）,,1,四年,4600.0
西藏,2025,专科批,理科,455,内蒙古化工职业学院,,1,食品营养与健康,,,5,三年,5000.0
西藏,2025,本科一批,理科,63,内蒙古大学,,2,机械工程,（办学地点：玉泉校区。）,,2,四年,5060.0
西藏,2025,本科一批,理科,63,内蒙古大学,,3,车辆工程,（办学地点：玉泉校区。）,,2,四年,5060.0
西藏,2025,本科一批,理科,63,内蒙古大学,,5,软件工程,（不能准确在显示器上识别红、黄、绿、蓝、紫各颜色中任何一种颜色的数码、字母者不予录取。办学地点：赛罕校区。）,,2,四年,9000.0
西藏,2025,本科一批,理科,63,内蒙古大学,,6,土木工程,（办学地点：玉泉校区。）,,2,四年,5060.0
西藏,2025,本科一批,理科,63,内蒙古大学,,7,智能建造,（办学地点：玉泉校区。）,,2,四年,5060.0
西藏,2025,本科一批,理科,63,内蒙古大学,,4,材料化学,（不招色弱。办学地点：玉泉校区。）,,1,四年,5060.0
西藏,2025,本科一批,理科,63,内蒙古大学,,8,交通运输,（不招色盲。办学地点：玉泉校区。）,,1,四年,5060.0
西藏,2025,本科一批,理科,63,内蒙古大学,,9,物流管理,（办学地点：玉泉校区。）,,1,四年,5060.0
西藏,2025,专科批,理科,454,内蒙古机电职业技术学院,,1,光伏工程技术,,,1,三年,5000.0
西藏,2025,专科批,理科,454,内蒙古机电职业技术学院,,2,氢能技术应用,,,1,三年,5000.0
西藏,2025,专科批,理科,454,内蒙古机电职业技术学院,,3,储能材料技术,,,1,三年,5000.0
西藏,2025,专科批,理科,454,内蒙古机电职业技术学院,,4,光伏材料制备技术,,,1,三年,5000.0
西藏,2025,专科批,理科,454,内蒙古机电职业技术学院,,6,建筑工程技术,,,1,三年,5000.0
西藏,2025,专科批,理科,454,内蒙古机电职业技术学院,,7,水利水电工程技术,（免补专业。）,,1,三年,5000.0
西藏,2025,专科批,理科,454,内蒙古机电职业技术学院,,10,增材制造技术,,,1,三年,5000.0
西藏,2025,专科批,文科,454,内蒙古机电职业技术学院,,5,建筑工程技术,,,1,三年,5000.0
西藏,2025,专科批,文科,454,内蒙古机电职业技术学院,,8,水利水电工程技术,（免补专业。）,,1,三年,5000.0
西藏,2025,专科批,文科,454,内蒙古机电职业技术学院,,9,水利水电建筑工程,（免补专业。）,,1,三年,5000.0
西藏,2025,专科批,理科,453,内蒙古电子信息职业技术学院,,1,新能源汽车技术,,,3,三年,5000.0
西藏,2025,专科批,理科,453,内蒙古电子信息职业技术学院,,2,计算机网络技术,,,2,三年,5000.0
西藏,2025,专科批,理科,453,内蒙古电子信息职业技术学院,,3,软件技术,,,2,三年,5000.0
西藏,2025,专科批,理科,453,内蒙古电子信息职业技术学院,,4,信息安全技术应用,,,1,三年,5000.0
西藏,2025,专科批,理科,453,内蒙古电子信息职业技术学院,,5,人工智能技术应用,,,1,三年,5000.0
西藏,2025,专科批,文科,453,内蒙古电子信息职业技术学院,,6,广播影视节目制作,,,1,三年,5000.0
西藏,2025,本科二批,文科,64,内蒙古科技大学,,1,法学,,,2,四年,4200.0
西藏,2025,本科二批,文科,64,内蒙古科技大学,,2,思想政治教育,,,1,四年,4200.0
西藏,2025,本科二批,文科,64,内蒙古科技大学,,3,汉语言文学,,,1,四年,4200.0
西藏,2025,本科二批,理科,64,内蒙古科技大学,,6,矿物加工工程,（免补专业。）,,2,四年,4600.0
西藏,2025,本科二批,理科,64,内蒙古科技大学,,4,电气工程及其自动化,,,1,四年,4600.0
西藏,2025,本科二批,理科,64,内蒙古科技大学,,5,自动化,,,1,四年,4600.0
西藏,2025,本科二批,理科,916,内蒙古科技大学包头医学院,,1,临床医学,（办学地点：东河校区。）,,1,五年,5000.0
西藏,2025,国家专项计划批,理科,22,北京中医药大学,,5,中药学,（不招色盲色弱，办学地点良乡校区）（国家专项计划）,,1,四年,5800.0
西藏,2025,本科一批,理科,22,北京中医药大学,,5,中药学,（不招色盲色弱，办学地点良乡校区）（内高班）（西藏班）,,3,四年,5800.0
西藏,2025,本科一批,理科,22,北京中医药大学,,,针灸推拿学,（不招色盲色弱，办学地点良乡校区）（内高班）（西藏班）,,3,五年,5800.0
西藏,2025,本科一批,理科,22,北京中医药大学,,1,中医学,（不招色盲色弱，办学地点良乡校区）（内高班）（西藏班）,,2,五年,5800.0
西藏,2025,本科一批,理科,22,北京中医药大学,,7,公共事业管理,（卫生管理）（办学地点良乡校区）（内高班）（西藏班）,,2,四年,5000.0
西藏,2025,本科一批,理科,22,北京中医药大学,,,法学,（医药卫生）（办学地点良乡校区）（内高班）（西藏班）,,2,四年,5000.0
西藏,2025,本科一批,理科,22,北京中医药大学,,1,中医学,（不招色盲色弱，办学地点良乡校区）,,2,五年,5800.0
西藏,2025,本科一批,理科,22,北京中医药大学,,1,中医学,（卓越5+3一体化）（不招色盲色弱，办学地点良乡校区）,,1,五年,5800.0
西藏,2025,本科一批,理科,22,北京中医药大学,,7,公共事业管理,（卫生管理）（不招色盲色弱且不招单色识别不全者，办学地点良乡校区）,,1,四年,5000.0
西藏,2025,本科一批,理科,22,北京中医药大学,,5,中药学,（不招色盲色弱，办学地点良乡校区）,,1,四年,5800.0
西藏,2025,本科一批,理科,22,北京中医药大学,,1,中医学,（实验班）（不招色盲色弱，办学地点良乡校区）,,1,五年,5800.0
西藏,2025,高校专项计划批,理科,22,北京中医药大学,,6,护理学,（不招色盲色弱，办学地点良乡校区）（高校专项计划）,,1,四年,5800.0
西藏,2025,本科一批,理科,4,北京交通大学,,4,交通运输类,（含交通运输（铁道运输）、交通运输（城市轨道交通）、交通运输（高铁运营管理）、交通运输（民航运输）、交通工程、智能运输工程、物流工程、电子商务专业。）,,2,四年,5500.0
西藏,2025,高校专项计划本科批,理科,4,北京交通大学,,4,交通运输类,（对成绩不低于同类型同科类本科一批控制分数线上80分的考生择优含交通运输(铁道运输)、交通运输(城市轨道交通)、交通运输(高铁运营管理)、交通运输(民航运输)、交通工程、智能运输工程、物流工程、电子商务专业。）,,1,四年,5500.0
西藏,2025,国家专项计划本科批,文科,4,北京交通大学,,1,法学,,,2,四年,5000.0
西藏,2025,本科一批,文科,4,北京交通大学,,,法学,（民族预科班）（民族班，只招少数民族考生，根据文件要求不得低于学校普通类专业提档线下40分。入校后插班学习，与其他普通生同等政策。）,,2,四年,5000.0
西藏,2025,提前批艺体类本科,理科,,北京体育大学,,,体育教育,（不招色盲色弱。认可区内体育统考成绩。）,,1,四年,5000.0
西藏,2025,提前批艺体类本科,文科,,北京体育大学,,,体育教育,（不招色盲色弱。认可区内体育统考成绩。）,,2,四年,5000.0
西藏,2025,本科一批,理科,338,北京信息科技大学,,1,自动化,（办学地点：沙河校区。）,,2,四年,4600.0
西藏,2025,本科一批,理科,338,北京信息科技大学,,2,信息管理与信息系统,（办学地点：沙河校区。）,,2,四年,4600.0
西藏,2025,本科二批,理科,19,北京农学院,,1,物联网工程,（办学地点：主校区。）,,1,四年,4600.0
西藏,2025,本科二批,理科,19,北京农学院,,2,农学,（不招色盲、色弱。办学地点：主校区。免学费。免补专业。）,,1,四年,
西藏,2025,本科二批,理科,19,北京农学院,,3,植物保护,（植物医学）（不招色盲、色弱。办学地点：主校区。免学费。免补专业。）,,1,四年,
西藏,2025,本科二批,理科,19,北京农学院,,4,动物科学,（不招色盲、色弱。办学地点：主校区。免学费。免补专业。）,,1,四年,
西藏,2025,本科二批,理科,19,北京农学院,,5,林学,（古树保护）（不招色盲、色弱。办学地点：主校区。免学费。免补专业。）,,1,四年,
西藏,2025,国家专项计划本科批,理科,10,北京化工大学,,2,工商管理类,（新文科经管法）（含财务管理、会计学、工商管理、国际经济与贸易、行政管理、公共事业管理、法学专业。办学地点：北京化工大学朝阳校区/昌平校区。）,,1,四年,5000.0
西藏,2025,本科一批,理科,10,北京化工大学,,2,工商管理类,（新文科经管法）（含财务管理、会计学、工商管理、国际经济与贸易、行政管理、公共事业管理、法学专业。办学地点：北京化工大学朝阳校区/昌平校区。）,,2,四年,5000.0
西藏,2025,本科一批,文科,10,北京化工大学,,1,工商管理类,（新文科经管法）（含财务管理、会计学、工商管理、国际经济与贸易、行政管理、公共事业管理、法学专业。办学地点：北京化工大学朝阳校区/昌平校区。）,,2,四年,5000.0
西藏,2025,国家专项计划本科批,文科,10,北京化工大学,,1,工商管理类,（新文科经管法）（含财务管理、会计学、工商管理、国际经济与贸易、行政管理、公共事业管理、法学专业。办学地点：北京化工大学朝阳校区/昌平校区。）,,1,四年,5000.0
西藏,2025,本科一批,理科,14,北京印刷学院,,2,计算机科学与技术,（办学地点：主校区。）,,2,四年,4600.0
西藏,2025,本科一批,文科,14,北京印刷学院,,1,数字出版,（实验班）（办学地点：主校区。）,,2,四年,4200.0
西藏,2025,提前批艺体类本科,文科,14,北京印刷学院,,,艺术与科技,（不招色盲。办学地点：主校区。认可区内美术与设计类专业统考成绩。）,,2,四年,10000.0
西藏,2025,提前录取本科一批,理科,26,北京外国语大学,,4,朝鲜语,（朝鲜半岛研究）（综合评价招生，须参加北外组织的测试且入围，无需高考外语口试成绩，考生高考总分须达到本科一批录取最低控制分数线。）,,1,四年,6000.0
西藏,2025,本科一批,理科,26,北京外国语大学,,2,汉语国际教育,,,1,四年,5000.0
西藏,2025,本科一批,文科,26,北京外国语大学,,1,法学,,,2,四年,5000.0
西藏,2025,本科一批,文科,26,北京外国语大学,,3,俄语,,,1,四年,6000.0
西藏,2025,本科一批,文科,26,北京外国语大学,,5,新闻传播学类,（含新闻学、传播学、国际新闻与传播专业。）,,1,四年,5000.0
西藏,2025,本科一批,理科,1,北京大学,,1,工科试验班类,（含理论与应用力学、工程力学、能源与环境系统工程、航空航天工程、生物医学工程、材料科学与工程专业。）,,1,四年,5000.0
西藏,2025,本科一批,理科,1,北京大学,,5,经济学类,（含经济学、金融学、国际经济与贸易、保险学（风险管理与保险）、财政学、资源与环境经济学专业。）,,1,四年,5000.0
西藏,2025,本科一批,理科,1,北京大学,,6,法学,,,1,四年,5000.0
西藏,2025,本科一批,理科,1,北京大学,,37,心理学类,（含应用心理学专业。）,,1,四年,5000.0
西藏,2025,本科一批,理科,1,北京大学,,39,电子信息类,（含电子信息科学与技术、微电子科学与工程专业。）,,1,四年,5300.0
西藏,2025,国家专项计划本科批,理科,1,北京大学,,40,信息管理与信息系统,,,1,四年,5000.0
西藏,2025,高校专项计划本科批,理科,1,北京大学,,1,工科试验班类,（含理论与应用力学、工程力学、能源与环境系统工程、航空航天工程、生物医学工程、材料科学与工程专业。）,,1,四年,5000.0
西藏,2025,本科一批,文科,1,北京大学,,7,法学,,,1,四年,5000.0
西藏,2025,本科一批,文科,1,北京大学,,8,国际政治,（国政、外交学、国际政经）,,1,四年,5000.0
西藏,2025,本科一批,文科,1,北京大学,,9,社会学类,（含社会学、社会工作专业。）,,1,四年,5000.0
西藏,2025,本科一批,文科,1,北京大学,,14,中国语言文学类,（含汉语言文学、汉语言、古典文献学、应用语言学专业。）,,1,四年,5000.0
西藏,2025,国家专项计划本科批,文科,1,北京大学,,41,公共管理类,（含城市管理、行政管理专业。）,,1,四年,5000.0
西藏,2025,高校专项计划本科批,文科,1,北京大学,,9,社会学类,（含社会学、社会工作专业。）,,1,四年,5000.0
西藏,2025,本科一批,理科,783,北京大学医学部,,1,临床医学,（八年制本博连读）（不招色盲。办学地点：北京大学医学部。）,,1,八年,6000.0
西藏,2025,国家专项计划本科批,理科,783,北京大学医学部,,2,预防医学,（七年制本硕连读）（办学地点：北京大学医学部。）,,1,七年,6000.0
西藏,2025,高校专项计划本科批,理科,5,北京工业大学,,2,土木类,（不招色盲。含土木工程、给排水科学与工程、建筑环境与能源应用工程专业。）,,1,四年,5000.0
西藏,2025,本科一批,理科,5,北京工业大学,,1,通信工程,,,3,四年,5000.0
西藏,2025,本科一批,理科,5,北京工业大学,,2,土木类,（不招色盲。含土木工程、给排水科学与工程、建筑环境与能源应用工程专业。）,,2,四年,5000.0
西藏,2025,本科一批,文科,11,北京工商大学,,1,法学,（办学地点：阜成路校区。）,,5,四年,4200.0
西藏,2025,本科一批,文科,11,北京工商大学,,2,新闻传播学类,（含新闻学、广告学（数字广告与智能传播方向）专业。办学地点：阜成路校区。）,,5,四年,4200.0
西藏,2025,国家专项计划本科批,理科,23,北京师范大学,,9,数学与应用数学,（办学地点：北京校区。）,,2,四年,5400.0
西藏,2025,本科一批,理科,23,北京师范大学,,7,英语,（招英语语种。须英语口试。办学地点：北京校区。）,,2,四年,6000.0
西藏,2025,本科一批,理科,23,北京师范大学,,9,数学与应用数学,（办学地点：北京校区。）,,1,四年,5400.0
西藏,2025,本科一批,理科,23,北京师范大学,,10,生物科学类,（含生物技术、生态学（免补专业）、生物科学专业。办学地点：北京校区。）,,1,四年,5400.0
西藏,2025,高校专项计划本科批,理科,23,北京师范大学,,,化学,（珠海校区）（公费）（办学地点：珠海校区。本研衔接公费师范生。毕业后到拉萨市履约任教。）,,1,四年,
西藏,2025,提前录取本科一批,理科,23,北京师范大学,,,心理学,（公费）（办学地点：北京校区。本研衔接公费师范生。毕业后到昌都市、那曲市履约任教。）,,2,四年,
西藏,2025,本科一批,文科,23,北京师范大学,,2,教育学类,（含教育学、教育技术学、学前教育、特殊教育专业。办学地点：北京校区。）,,2,四年,4800.0
西藏,2025,本科一批,文科,23,北京师范大学,,6,汉语言文学,（办学地点：北京校区。）,,1,四年,4800.0
西藏,2025,提前录取本科一批,文科,23,北京师范大学,,,特殊教育,（公费）（办学地点：北京校区。本研衔接公费师范生。毕业后到那曲市履约任教。）,,1,四年,
西藏,2025,国家专项计划本科批,文科,23,北京师范大学,,1,思想政治教育,（办学地点：北京校区。）,,2,四年,4800.0
西藏,2025,高校专项计划本科批,理科,23,北京师范大学（珠海校区）,,,化学,（珠海校区）（公费）（办学地点：珠海校区。本研衔接公费师范生。毕业后到拉萨市履约任教。）,,1,四年,
西藏,2025,本科一批,理科,15,北京建筑大学,,1,车辆工程,（实验班）（办学地点：大兴校区。）,,1,四年,4600.0
西藏,2025,本科一批,理科,15,北京建筑大学,,5,土木工程,（大师班）（办学地点：大兴校区。）,,1,四年,4600.0
西藏,2025,本科一批,理科,15,北京建筑大学,,5,土木工程,（办学地点：大兴校区。）,,1,四年,4600.0
西藏,2025,本科一批,理科,15,北京建筑大学,,6,建筑环境与能源应用工程,（办学地点：大兴校区。）,,1,四年,4600.0
西藏,2025,本科一批,理科,15,北京建筑大学,,8,环境工程,（海绵城市建设）（不招色盲、色弱。办学地点：大兴校区。免补专业。）,,1,四年,4600.0
西藏,2025,国家专项计划本科批,理科,15,北京建筑大学,,1,车辆工程,（智能轨道车辆）（办学地点：大兴校区。）,,2,四年,4600.0
西藏,2025,国家专项计划本科批,理科,15,北京建筑大学,,5,土木工程,（办学地点：大兴校区。）,,2,四年,4600.0
西藏,2025,国家专项计划本科批,理科,15,北京建筑大学,,7,智能建造,（办学地点：大兴校区。）,,1,四年,4600.0
西藏,2025,本科一批,理科,12,北京服装学院,,1,工业设计,（办学地点：北京服装学院。）,,1,四年,4600.0
西藏,2025,本科一批,理科,12,北京服装学院,,2,服装设计与工程,（办学地点：北京服装学院。）,,1,四年,4600.0
西藏,2025,本科一批,理科,12,北京服装学院,,3,工商管理类,（含工商管理、市场营销、文化产业管理专业。办学地点：北京服装学院。）,,1,四年,4200.0
西藏,2025,本科一批,理科,20,北京林业大学,,1,食品科学与工程,（办学地点：北京林业大学。）,,2,四年,5500.0
西藏,2025,本科一批,理科,20,北京林业大学,,2,国家公园建设与管理,（梁希实验班）（办学地点：北京林业大学。免补专业。）,,1,四年,5000.0
西藏,2025,本科一批,理科,32,北京物资学院,,1,法学,,,1,四年,4200.0
西藏,2025,本科一批,理科,32,北京物资学院,,3,财务管理,,,1,四年,4200.0
西藏,2025,本科一批,理科,32,北京物资学院,,4,人力资源管理,,,1,四年,4200.0
西藏,2025,本科一批,文科,32,北京物资学院,,2,法学,,,1,四年,4200.0
西藏,2025,本科一批,理科,7,北京理工大学,,3,理科试验班,（理学与材料菁英班）（含化学工程与工艺（含管理双学位）、新能源材料与器件（含管理双学位）、应用化学（含机械双学位）、材料化学、材料科学与工程、材料成型及控制工程、生物医学工程、智能医学工程、数学与应用数学、应用物理学、统计学、量子信息科学、电子封装技术、制药工程等专业。）,,2,四年,5500.0
西藏,2025,国家专项计划本科批,理科,7,北京理工大学,,2,经济管理试验班,（含数字化管理方向）（含会计学(含智能财务方向)、信息管理与信息系统(含大数据管理方向)、金融科技、信息管理与信息系统(北京外国语大学英语专业联合培养)专业。办学地点：北京。）,,2,四年,5000.0
西藏,2025,高校专项计划本科批,理科,7,北京理工大学,,3,理科试验班,（理学与材料菁英班）（含化学工程与工艺(含管理双学位)、新能源材料与器件(含管理双学位)、应用化学(含机械双学位)、材料化学、材料科学与工程、材料成型及控制工程、生物医学工程、智能医学工程、数学与应用数学、应用物理学、统计学、量子信息科学、电子封装技术、制药工程等专业。）,,2,四年,5500.0
西藏,2025,本科一批,文科,7,北京理工大学,,1,社会科学试验班,（人文社科方向）（含法学（含AI双学位）、法学、法学（中国政法大学联合培养）、社会工作、英语、日语、德语、西班牙语、德语（含车辆工程双学位）、英语（含法学双学位）专业。办学地点：北京。）,,2,四年,5000.0
西藏,2025,提前录取本科一批,理科,17,北京电子科技学院,,4,计算机科学与技术,（须政审、面试且合格，招英语语种。）,,2,四年,4600.0
西藏,2025,提前录取本科一批,理科,17,北京电子科技学院,,7,密码科学与技术,（须政审、面试且合格，招英语语种。）,,2,四年,4600.0
西藏,2025,提前录取本科一批,理科,17,北京电子科技学院,,1,电子信息工程,（须政审、面试且合格，招英语语种。）,,1,四年,4600.0
西藏,2025,提前录取本科一批,理科,17,北京电子科技学院,,2,通信工程,（须政审、面试且合格，招英语语种。）,,1,四年,4600.0
西藏,2025,提前录取本科一批,理科,17,北京电子科技学院,,5,网络空间安全,（须政审、面试且合格，招英语语种。）,,1,四年,4600.0
西藏,2025,提前录取本科一批,文科,17,北京电子科技学院,,8,行政管理,（须政审、面试且合格，招英语语种。）,,2,四年,4200.0
西藏,2025,国家专项计划本科批,理科,17,北京电子科技学院,,3,通信工程,（需政审、面试且合格，招英语语种。）,,1,四年,4600.0
西藏,2025,国家专项计划本科批,理科,17,北京电子科技学院,,6,网络空间安全,（需政审、面试且合格，招英语语种。）,,1,四年,4600.0
西藏,2025,本科二批,文科,16,北京石油化工学院,,2,旅游管理,（第一年在房山校区就读，第二年起回校本部，详见招生章程。）,,3,四年,4200.0
西藏,2025,本科二批,文科,16,北京石油化工学院,,1,电子商务,（商务智能）,,2,四年,4200.0
西藏,2025,本科一批,理科,8,北京科技大学,,1,机械类,（含机器人工程、智能制造工程、机械工程、车辆工程、物流工程、工业设计专业。）,,2,四年,5000.0
西藏,2025,本科一批,理科,8,北京科技大学,,2,材料科学与工程,（大一学年结束可分流至材料科学与工程、材料物理、材料化学、无机非金属材料工程、材料成型及控制工程、高分子材料与工程专业。百分百满足学生分流意愿。）,,2,四年,5000.0
西藏,2025,本科一批,理科,8,北京科技大学,,3,能源动力类,（含能源与动力工程、新能源科学与工程、环境工程（免补专业）、环境科学（免补专业）专业。）,,2,四年,5000.0
西藏,2025,本科一批,理科,8,北京科技大学,,4,通信工程,,,1,四年,5000.0
西藏,2025,本科一批,理科,8,北京科技大学,,5,自动化类,（含自动化、测控技术与仪器、智能感知工程专业。）,,1,四年,5000.0
西藏,2025,本科一批,理科,8,北京科技大学,,9,大数据管理与应用,（大数据与金融试验班）（大一学年结束可分流至大数据管理与应用、信息管理与信息系统、金融工程、数字经济专业。）,,1,四年,5000.0
西藏,2025,本科一批,理科,8,北京科技大学,,,少数民族预科,（民族预科班）（大一学年结束可分流至智能建造、工程管理、建筑环境与能源应用工程、土木工程专业。预科培养地点：北京科技大学。）,,1,一年,5000.0
西藏,2025,本科一批,理科,8,北京科技大学,,,少数民族预科,（民族预科班）（特殊培养政策详见学校本科招生网。冶金工程（低碳智慧冶金和战略金属提取）。预科培养地点：北京科技大学。）,,1,一年,5000.0
西藏,2025,高校专项计划本科批,理科,8,北京科技大学,,7,土木类,（未来城市建设、诊治与运维）（大一学年结束可分流至智能建造、工程管理、建筑环境与能源应用工程、土木工程专业。）,,1,四年,5000.0
西藏,2025,国家专项计划本科批,理科,8,北京科技大学,,7,土木类,（未来城市建设、诊治与运维）（大一学年结束可分流至智能建造、工程管理、建筑环境与能源应用工程、土木工程专业。）,,1,四年,5000.0
西藏,2025,国家专项计划本科批,理科,8,北京科技大学,,8,矿业类,（入学后可参与采矿工程国际班选拔（与北语西班牙语联合学士学位项目。特殊培养政策详见学校本科招生网。含采矿工程（免补专业）、智能采矿工程（免补专业）、矿物加工工程（免补专业）、工程力学专业。）,,1,四年,5000.0
西藏,2025,本科二批,理科,,北京科技大学天津学院,,,计算机科学与技术,（办学地点：天津市宝坻区。）,,3,四年,18000.0
西藏,2025,本科二批,文科,,北京科技大学天津学院,,,国际经济与贸易,（办学地点：天津市宝坻区。）,,2,四年,15000.0
西藏,2025,本科二批,文科,,北京科技大学天津学院,,,财务管理,（办学地点：天津市宝坻区。）,,2,四年,15000.0
西藏,2025,本科一批,理科,27,北京第二外国语学院,,1,贸易经济,（国际文化贸易方向）（外语≥90。辅修英语专业，复合型人才培养，合格者同时授予辅修学士学位。办学地点：朝阳校区。）,,1,四年,4200.0
西藏,2025,本科一批,理科,27,北京第二外国语学院,,4,酒店管理,（外语≥90。辅修英语专业，合格者同时授予辅修学士学位。专业含数智化运营与管理、康养投资与运营两个方向。大一大二不分方向，通开培养。大三时按学生意愿选择专业方向，如一个方向选择人数不足10人，则该方向不再开设，选择该方向的学生须转入另一个方向。）,,1,四年,4200.0
西藏,2025,本科一批,文科,27,北京第二外国语学院,,2,英语,（英语教育方向）（招英语语种。英语≥90。办学地点：朝阳校区。）,,1,四年,5000.0
西藏,2025,本科一批,文科,27,北京第二外国语学院,,3,泰语,（外语≥90。办学地点：朝阳校区。）,,1,四年,5000.0
西藏,2025,本科二批,理科,356,北京联合大学,,3,人力资源管理,（办学地点：垡头校区。）,,3,四年,4200.0
西藏,2025,本科二批,文科,356,北京联合大学,,4,旅游管理,（办学地点：北四环校区。）,,2,四年,4200.0
西藏,2025,国家专项计划本科批,理科,6,北京航空航天大学,,2,工科试验班类,（航空航天类）（含智能飞行器技术、空天智能电推进技术、智能制造工程、纳米材料与技术、低空技术与工程等专业，具体包含专业详见学校招生信息报考指南专栏，网址http://zs.buaa.edu.cn。办学地点：沙河校区。）,,2,四年,5500.0
西藏,2025,高校专项计划本科批,理科,6,北京航空航天大学,,2,工科试验班类,（航空航天类）（含智能飞行器技术、空天智能电推进技术、智能制造工程、纳米材料与技术、低空技术与工程等专业，具体包含专业详见学校招生信息报考指南专栏，网址http://zs.buaa.edu.cn。办学地点：沙河校区。）,,1,四年,5500.0
西藏,2025,本科一批,理科,6,北京航空航天大学,,2,工科试验班类,（航空航天类）（含智能飞行器技术、空天智能电推进技术、智能制造工程、纳米材料与技术、低空技术与工程等专业，具体包含专业详见学校招生信息报考指南专栏，网址http://zs.buaa.edu.cn。办学地点：沙河校区。）,,5,四年,5500.0
西藏,2025,本科一批,理科,6,北京航空航天大学,,5,工科试验班类,（信息科学与技术类）（含电子信息工程、通信工程、自动化等专业，具体包含专业详见学校招生信息报考指南专栏，网址http://zs.buaa.edu.cn。办学地点：学院路校区。）,,2,四年,5500.0
西藏,2025,本科一批,理科,6,北京航空航天大学,,6,理科试验班类,（含数学与应用数学、信息与计算科学等专业，具体包含专业详见学校招生信息报考指南专栏，网址http://zs.buaa.edu.cn。办学地点：沙河校区。）,,2,四年,5500.0
西藏,2025,本科一批,理科,6,北京航空航天大学,,4,工科试验班类,（计算与智能科学类）（含计算机科学与技术、软件工程、人工智能等专业，具体包含专业详见学校招生信息报考指南专栏，网址http://zs.buaa.edu.cn。办学地点：学院路校区。）,,1,四年,5500.0
西藏,2025,本科一批,理科,28,北京语言大学,,5,外国语言文学类,（英语和翻译）（招英语语种。含英语、英语（英西复语）、商务英语、翻译（汉英法多语实验班）专业。须英语口试。）,,2,四年,6000.0
西藏,2025,本科一批,理科,28,北京语言大学,,1,中国语言文学类,（含汉语国际教育、古典文献学、汉语言文学专业。）,,1,四年,5000.0
西藏,2025,本科一批,理科,28,北京语言大学,,6,翻译,（AI翻译实验班）（招英语语种。须英语口试。）,,1,四年,6000.0
西藏,2025,本科一批,文科,28,北京语言大学,,3,中国语言文学类,（含汉语国际教育、古典文献学、汉语言文学专业。）,,3,四年,5000.0
西藏,2025,本科一批,文科,28,北京语言大学,,4,外国语言文学类,（英语和翻译）（招英语语种。含英语、英语（英西复语）、商务英语、翻译（汉英法多语实验班）专业。须英语口试。）,,1,四年,6000.0
西藏,2025,国家专项计划本科批,文科,28,北京语言大学,,3,中国语言文学类,（含汉语国际教育、古典文献学、汉语言文学专业。）,,1,四年,5000.0
西藏,2025,本科一批,理科,13,北京邮电大学,,1,理科试验班,（数学与信息计算）（含数学与应用数学、信息与计算科学、信息与计算科学（通信双学位）专业。办学地点：沙河校区。）,,1,四年,5500.0
西藏,2025,本科一批,理科,13,北京邮电大学,,3,电子信息类,（含电子科学与技术、电子信息科学与技术、光电信息科学与工程、集成电路设计与集成系统专业。一年级在沙河校区，二、三、四年级将根据学校规划安排在沙河校区或西土城路校区。）,,1,四年,5500.0
西藏,2025,本科一批,理科,13,北京邮电大学,,4,通信工程,（大类招生）（含通信工程、电子信息工程、空间信息与数字技术专业。一年级在沙河校区，二、三、四年级将根据学校规划安排在沙河校区或西土城路校区。）,,1,四年,5500.0
西藏,2025,本科一批,理科,13,北京邮电大学,,5,电子商务,（数智商务实验班）（一年级在沙河校区，二、三、四年级将根据学校规划安排在沙河校区或西土城路校区。）,,1,四年,5000.0
西藏,2025,国家专项计划本科批,理科,13,北京邮电大学,,5,电子商务,（数智商务实验班）（一年级在沙河校区，二、三、四年级将根据学校规划安排在沙河校区或西土城路校区。）,,2,四年,5500.0
西藏,2025,本科二批,理科,95,北华大学,,3,机械设计制造及其自动化,（办学地点：龙潭校区。）,,4,四年,5940.0
西藏,2025,本科二批,理科,95,北华大学,,6,电气工程及其自动化,（办学地点：龙潭校区。）,,4,四年,5940.0
西藏,2025,本科二批,理科,95,北华大学,,2,法学,（办学地点：高新校区。）,,3,四年,5280.0
西藏,2025,本科二批,理科,95,北华大学,,9,软件工程,（办学地点：龙潭校区。）,,3,四年,5940.0
西藏,2025,本科二批,理科,95,北华大学,,10,数字媒体技术,（办学地点：龙潭校区。）,,3,四年,5400.0
西藏,2025,本科二批,理科,95,北华大学,,14,工商管理,（办学地点：丰满校区。）,,3,四年,5280.0
西藏,2025,本科二批,理科,95,北华大学,,1,国际经济与贸易,（办学地点：丰满校区。）,,2,四年,4800.0
西藏,2025,本科二批,理科,95,北华大学,,4,材料成型及控制工程,（办学地点：龙潭校区。）,,2,四年,5400.0
西藏,2025,本科二批,理科,95,北华大学,,5,智能制造工程,（办学地点：龙潭校区。）,,2,四年,5400.0
西藏,2025,本科二批,理科,95,北华大学,,7,机器人工程,（办学地点：龙潭校区。）,,2,四年,5400.0
西藏,2025,本科二批,理科,95,北华大学,,8,计算机科学与技术,（办学地点：龙潭校区。）,,2,四年,5940.0
西藏,2025,本科二批,理科,95,北华大学,,11,数据科学与大数据技术,（办学地点：高新校区。）,,2,四年,5400.0
西藏,2025,本科二批,理科,95,北华大学,,12,家具设计与工程,（办学地点：丰满校区。免补专业。）,,2,四年,5400.0
西藏,2025,本科二批,理科,95,北华大学,,13,药学,（办学地点：丰满校区。不招色盲、色弱、单色识别不全者。）,,2,四年,6160.0
西藏,2025,本科二批,理科,95,北华大学,,15,会计学,（办学地点：丰满校区。）,,1,四年,4800.0
西藏,2025,本科一批,文科,9,北方工业大学,,2,法学,,,2,四年,4200.0
西藏,2025,本科一批,文科,9,北方工业大学,,3,知识产权,,,2,四年,4200.0
西藏,2025,本科一批,文科,9,北方工业大学,,1,经济与金融,,,1,四年,4200.0
西藏,2025,本科一批,理科,352,北方民族大学,,12,材料类,（含高分子材料与工程、新能源材料与器件、材料科学与工程、智能材料与结构专业。办学地点：北方民族大学。）,,5,四年,4800.0
西藏,2025,本科一批,理科,352,北方民族大学,,26,旅游管理,（办学地点：北方民族大学。）,,2,四年,4400.0
西藏,2025,本科二批,理科,352,北方民族大学,,,少数民族预科,（民族预科班）（预科培养地点：北方民族大学。）,,5,一年,2500.0
西藏,2025,本科二批,理科,352,北方民族大学,,3,法学,（办学地点：北方民族大学。）,,2,四年,4400.0
西藏,2025,本科二批,理科,352,北方民族大学,,10,统计学,（办学地点：北方民族大学。）,,2,四年,4400.0
西藏,2025,本科二批,理科,352,北方民族大学,,16,医学影像技术,（办学地点：北方民族大学。）,,2,四年,4800.0
西藏,2025,本科二批,理科,352,北方民族大学,,19,工商管理类,（含工商管理、人力资源管理专业。办学地点：北方民族大学。）,,2,四年,4400.0
西藏,2025,本科二批,理科,352,北方民族大学,,5,思想政治教育,（办学地点：北方民族大学。）,,1,四年,4000.0
西藏,2025,本科二批,理科,352,北方民族大学,,11,机械类,（含机械设计制造及其自动化、机械电子工程、工业设计、过程装备与控制工程、材料成型及控制工程专业。办学地点：北方民族大学。）,,1,四年,4800.0
西藏,2025,本科二批,理科,352,北方民族大学,,13,水利水电工程,（办学地点：北方民族大学。免补专业。）,,1,四年,4400.0
西藏,2025,本科二批,理科,352,北方民族大学,,14,食品科学与工程,（办学地点：北方民族大学。）,,1,四年,4400.0
西藏,2025,本科二批,理科,352,北方民族大学,,15,医学检验技术,（办学地点：北方民族大学。）,,1,四年,4800.0
西藏,2025,国家专项计划本科批,理科,352,北方民族大学,,2,经济学类,（执行本科二批录取最低控制分数线。含经济学、税收学、国际经济与贸易、金融学专业。办学地点：北方民族大学。）,,1,四年,4400.0
西藏,2025,国家专项计划本科批,理科,352,北方民族大学,,20,会计学,（执行本科二批录取最低控制分数线。办学地点：北方民族大学。）,,1,四年,4400.0
西藏,2025,国家专项计划本科批,理科,352,北方民族大学,,23,行政管理,（执行本科二批录取最低控制分数线。办学地点：北方民族大学。）,,1,四年,4400.0
西藏,2025,提前批艺体类本科,文科,352,北方民族大学,,,舞蹈学,（办学地点：北方民族大学。认可区内舞蹈类专业统考成绩。）,,2,四年,8000.0
西藏,2025,本科二批,文科,352,北方民族大学,,4,法学,（办学地点：北方民族大学。）,,6,四年,4400.0
西藏,2025,本科二批,文科,352,北方民族大学,,7,汉语言文学,（办学地点：北方民族大学。）,,5,四年,4000.0
西藏,2025,本科二批,文科,352,北方民族大学,,,少数民族预科,（民族预科班）（预科培养地点：北方民族大学。）,,5,一年,2500.0
西藏,2025,本科二批,文科,352,北方民族大学,,9,历史学,（办学地点：北方民族大学。）,,3,四年,4000.0
西藏,2025,本科二批,文科,352,北方民族大学,,1,经济学类,（含经济学、税收学、国际经济与贸易、金融学专业。办学地点：北方民族大学。）,,2,四年,4400.0
西藏,2025,本科二批,文科,352,北方民族大学,,8,新闻传播学类,（含新闻学、传播学专业。办学地点：北方民族大学。）,,2,四年,4000.0
西藏,2025,本科二批,文科,352,北方民族大学,,18,工商管理类,（含工商管理、人力资源管理专业。办学地点：北方民族大学。）,,2,四年,4400.0
西藏,2025,本科二批,文科,352,北方民族大学,,25,行政管理,（办学地点：北方民族大学。）,,2,四年,4400.0
西藏,2025,本科二批,文科,352,北方民族大学,,6,思想政治教育,（办学地点：北方民族大学。）,,1,四年,4000.0
西藏,2025,本科二批,文科,352,北方民族大学,,22,会计学,（办学地点：北方民族大学。）,,1,四年,4400.0
西藏,2025,本科一批,文科,352,北方民族大学,,27,旅游管理,（办学地点：北方民族大学。）,,3,四年,4400.0
西藏,2025,本科二批,理科,352,北方民族大学,,17,眼视光学,（办学地点：北方民族大学。）,,1,四年,4800.0
西藏,2025,本科二批,理科,352,北方民族大学,,20,会计学,（办学地点：北方民族大学。）,,1,四年,4400.0
西藏,2025,本科二批,理科,352,北方民族大学,,23,行政管理,（办学地点：北方民族大学。）,,1,四年,4400.0
西藏,2025,提前录取本科一批,理科,,华东师范大学,,,地理科学,（公费）（办学地点：闵行校区。本研衔接公费师范生。毕业后到林芝市、昌都市履约任教。）,,2,四年,
西藏,2025,提前录取本科一批,理科,,华东师范大学,,,生物科学,（公费）（办学地点：闵行校区。本研衔接公费师范生。毕业后到日喀则市、那曲市履约任教。）,,2,四年,
西藏,2025,提前录取本科一批,理科,,华东师范大学,,,化学,（公费）（办学地点：闵行校区。本研衔接公费师范生。毕业后到昌都市履约任教。）,,1,四年,
西藏,2025,高校专项计划本科批,理科,,华东师范大学,,,化学,（公费）（办学地点：闵行校区。本研衔接公费师范生。毕业后到山南市履约任教。）,,1,四年,
西藏,2025,提前批艺体类本科,理科,,华东师范大学,,,体育教育,（公费）（办学地点：闵行校区。认可区内体育统考成绩。本研衔接公费师范生。毕业后到拉萨市、那曲市履约任教。）,,2,四年,
西藏,2025,高校专项计划本科批,文科,,华东师范大学,,,思想政治教育,（公费）（办学地点：闵行校区。本研衔接公费师范生。毕业后到山南市履约任教。）,,1,四年,
西藏,2025,提前录取本科一批,文科,,华东师范大学,,,思想政治教育,（公费）（办学地点：闵行校区。本研衔接公费师范生。毕业后到昌都市、那曲市、阿里地区履约任教。）,,3,四年,
西藏,2025,提前录取本科一批,文科,,华东师范大学,,,汉语言文学,（公费）（办学地点：闵行校区。本研衔接公费师范生。毕业后到山南市、林芝市、昌都市履约任教。）,,3,四年,
西藏,2025,提前录取本科一批,文科,,华东师范大学,,,历史学,（公费）（办学地点：闵行校区。本研衔接公费师范生。毕业后到那曲市、阿里地区履约任教。）,,2,四年,
西藏,2025,本科一批,理科,127,华东政法大学,,1,经济学类,（含经济学、金融学、国际经济与贸易、会计学、金融学（数量金融）专业。办学地点：松江校区。）,,2,四年,6500.0
西藏,2025,本科一批,理科,127,华东政法大学,,3,法学,（办学地点：松江校区。）,,2,四年,6500.0
西藏,2025,本科一批,理科,127,华东政法大学,,5,社会学类,（含社会学、社会工作、社会政策专业。办学地点：松江校区。）,,1,四年,6500.0
西藏,2025,本科一批,文科,127,华东政法大学,,7,公共管理类,（含行政管理、劳动与社会保障专业。办学地点：松江校区。）,,3,四年,6500.0
西藏,2025,本科一批,文科,127,华东政法大学,,2,法学,（办学地点：松江校区。）,,2,四年,6500.0
西藏,2025,本科一批,文科,127,华东政法大学,,4,社会学类,（含社会学、社会工作、社会政策专业。办学地点：松江校区。）,,2,四年,6500.0
西藏,2025,本科一批,文科,127,华东政法大学,,6,文化产业管理,（办学地点：松江校区。）,,1,四年,6500.0
西藏,2025,国家专项计划本科批,理科,114,华东理工大学,,4,工商管理,（商务分析）（办学地点：奉贤校区和徐汇校区。）,,2,四年,6500.0
西藏,2025,国家专项计划本科批,文科,114,华东理工大学,,3,风景园林,（未来人居环境方向）（不招色弱、色盲。办学地点：奉贤校区和徐汇校区。）,,2,四年,7000.0
西藏,2025,国家专项计划本科批,文科,114,华东理工大学,,5,行政管理,（办学地点：奉贤校区和徐汇校区。）,,2,四年,6500.0
西藏,2025,高校专项计划本科批,理科,114,华东理工大学,,2,食品质量与安全,（不招色弱、色盲、嗅觉迟钝者。办学地点：奉贤校区和徐汇校区。）,,1,四年,7000.0
西藏,2025,本科一批,理科,201,华中农业大学,,9,工商管理类,（含市场营销、人力资源管理、会计学、财务管理、工商管理专业。）,,2,四年,4500.0
西藏,2025,本科一批,理科,201,华中农业大学,,2,环境科学与工程类,（含农业资源与环境（国家卓越农林人才计划）、环境工程、环境科学、环境生态工程、生态学专业。免补专业。）,,1,四年,5850.0
西藏,2025,本科一批,理科,201,华中农业大学,,4,食品科学与工程类,（含食品科学与工程（国家卓越工程师计划）、食品质量与安全、食品营养与健康专业。）,,1,四年,5850.0
西藏,2025,本科一批,理科,201,华中农业大学,,5,植物生产类,（含农学（国家卓越农林人才计划）、植物科学与技术、种子科学与工程、植物保护（国家卓越农林人才计划）、应用生物科学专业。免补专业。）,,1,四年,4500.0
西藏,2025,本科一批,理科,201,华中农业大学,,7,林学,（免补专业。）,,1,四年,3375.0
西藏,2025,国家专项计划本科批,理科,201,华中农业大学,,2,环境科学与工程类,（含农业资源与环境(国家卓越农林人才计划)、环境工程、环境科学、环境生态工程、生态学专业。免补专业。）,,1,四年,5850.0
西藏,2025,国家专项计划本科批,理科,201,华中农业大学,,4,食品科学与工程类,（含食品科学与工程(国家卓越工程师计划)、食品质量与安全、食品营养与健康专业。）,,1,四年,5850.0
西藏,2025,国家专项计划本科批,理科,201,华中农业大学,,5,植物生产类,（含农学(国家卓越农林人才计划)、植物科学与技术、种子科学与工程、植物保护(国家卓越农林人才计划)、应用生物科学专业。免补专业。）,,1,四年,4500.0
西藏,2025,高校专项计划本科批,理科,201,华中农业大学,,9,工商管理类,（含市场营销、人力资源管理、会计学、财务管理、工商管理专业。）,,1,四年,4500.0
西藏,2025,本科一批,文科,201,华中农业大学,,10,工商管理类,（含市场营销、人力资源管理、会计学、财务管理、工商管理专业。）,,3,四年,4500.0
西藏,2025,本科一批,文科,201,华中农业大学,,11,公共管理类,（含土地资源管理、行政管理专业。）,,2,四年,4500.0
西藏,2025,本科一批,理科,202,华中师范大学,,1,金融学类,（含数字经济、金融工程（数智金融实验班）、房地产开发与管理（资产管理与智慧运营）专业。办学地点：华中师范大学。）,,2,四年,4500.0
西藏,2025,本科一批,理科,202,华中师范大学,,12,电子信息类,（含电子信息科学与技术、通信工程、集成电路设计与集成系统专业。办学地点：华中师范大学。）,,2,四年,5850.0
西藏,2025,国家专项计划本科批,理科,202,华中师范大学,,10,地理科学类,（含地理科学(非师范)、地理信息科学专业。办学地点：华中师范大学。）,,1,四年,4500.0
西藏,2025,国家专项计划本科批,理科,202,华中师范大学,,12,电子信息类,（含电子信息科学与技术、通信工程、集成电路设计与集成系统专业。办学地点：华中师范大学。）,,1,四年,5850.0
西藏,2025,高校专项计划本科批,理科,202,华中师范大学,,14,公共管理类,（含行政管理(含数智基层治理实验班)、劳动与社会保障、土地资源管理(数智国土治理实验班)专业。办学地点：华中师范大学。）,,1,四年,4500.0
西藏,2025,提前录取本科一批,理科,202,华中师范大学,,,教育技术学,（公费）（办学地点：华中师范大学。本研衔接公费师范生。毕业后到昌都市、那曲市履约任教。）,,2,四年,
西藏,2025,提前录取本科一批,理科,202,华中师范大学,,,数学与应用数学,（公费）（办学地点：华中师范大学。本研衔接公费师范生。毕业后到拉萨市、昌都市履约任教。）,,2,四年,
西藏,2025,提前批艺体类本科,理科,202,华中师范大学,,,体育教育,（公费）（办学地点：华中师范大学。认可区内体育统考成绩。本研衔接公费师范生。毕业后到山南市、阿里地区履约任教。）,,2,四年,
西藏,2025,本科一批,文科,202,华中师范大学,,13,公共管理类,（含行政管理（含数智基层治理实验班）、劳动与社会保障、土地资源管理（数智国土治理实验班）专业。办学地点：华中师范大学。）,,3,四年,4500.0
西藏,2025,本科一批,文科,202,华中师范大学,,9,地理科学类,（含地理科学（非师范）、地理信息科学专业。办学地点：华中师范大学。）,,2,四年,4500.0
西藏,2025,本科一批,文科,202,华中师范大学,,,少数民族预科,（民族预科班）（不招收公费师范生。预科培养地点：华中师范大学。）,,2,一年,3375.0
西藏,2025,国家专项计划本科批,文科,202,华中师范大学,,9,地理科学类,（含地理科学(非师范)、地理信息科学专业。办学地点：华中师范大学。）,,2,四年,4500.0
西藏,2025,高校专项计划本科批,文科,202,华中师范大学,,2,社会学类,（含社会学、社会工作专业。办学地点：华中师范大学。）,,1,四年,4500.0
西藏,2025,提前录取本科一批,文科,202,华中师范大学,,,思想政治教育,（公费）（办学地点：华中师范大学。本研衔接公费师范生。毕业后到拉萨市、阿里地区履约任教。）,,2,四年,
西藏,2025,提前录取本科一批,文科,202,华中师范大学,,,学前教育,（公费）（办学地点：华中师范大学。本研衔接公费师范生。毕业后到昌都市履约任教。）,,1,四年,
西藏,2025,本科一批,理科,197,华中科技大学,,10,土木类,（含国家级一流本科专业含智能建造、土木工程、工程管理专业。）,,3,四年,4500.0
西藏,2025,本科一批,理科,197,华中科技大学,,1,金融工程,（国家级一流本科专业。）,,2,四年,4500.0
西藏,2025,本科一批,理科,197,华中科技大学,,4,传播学,（计算机辅修学位）（国家级一流本科专业；与计算机学院联合培养辅修学位。）,,2,四年,4500.0
西藏,2025,本科一批,理科,197,华中科技大学,,5,化学类,（含国家级一流本科专业。基础学科拔尖学生培养计划2.0基地；分流时本专业类内专业任选。含化学、应用化学专业。）,,2,四年,4500.0
西藏,2025,本科一批,理科,197,华中科技大学,,7,生物科学类,（民族预科班）（民族班。均为国家级一流本科专业；基础学科拔尖学生培养计划2.0基地。含生物科学、生物技术、生物制药专业。）,,2,四年,5850.0
西藏,2025,本科一批,理科,197,华中科技大学,,,环境科学与工程类,（民族预科班）（民族班。均为国家级一流本科专业；设立新加坡国立大学“3+1+1”本硕项目、英国布里斯托大学“4+1”本硕项目等。含环境工程（免补专业）、给排水科学与工程、建筑环境与能源应用工程专业。）,,2,四年,4500.0
西藏,2025,本科一批,理科,197,华中科技大学,,7,生物科学类,（均为国家级一流本科专业；基础学科拔尖学生培养计划2.0基地。含生物科学、生物技术、生物制药专业。）,,1,四年,5850.0
西藏,2025,本科一批,理科,197,华中科技大学,,13,管理科学与工程类,（含国家级一流本科专业；计算金融采用“高校+金融机构+企业”的一体化培养模式，设立英国布里斯托大学“3+1”本硕项目；供应链管理与机械学院工业工程专业联合培养“管工融合”复合型人才，授予管理学与工学双学士学位。含信息管理与信息系统、计算金融等专业。）,,1,四年,4500.0
西藏,2025,国家专项计划本科批,理科,197,华中科技大学,,10,土木类,（含国家级一流本科专业。含智能建造、土木工程、工程管理专业。）,,2,四年,4500.0
西藏,2025,国家专项计划本科批,理科,197,华中科技大学,,12,环境科学与工程类,（均为国家级一流本科专业；设立新加坡国立大学“3+1+1”本硕项目、英国布里斯托大学“4+1”本硕项目等。含环境工程（免补专业）、给排水科学与工程、建筑环境与能源应用工程专业。）,,2,四年,4500.0
西藏,2025,高校专项计划本科批,理科,197,华中科技大学,,10,土木类,（含国家级一流本科专业。含智能建造、土木工程、工程管理专业。）,,1,四年,4500.0
西藏,2025,本科一批,理科,57,华北水利水电大学,,1,机械设计制造及其自动化,（办学地点：花园校区。）,,6,四年,5500.0
西藏,2025,本科一批,理科,57,华北水利水电大学,,2,计算机科学与技术,（新生入学及就读地点为江淮校区，第2学年起就读地点为龙子湖校区。）,,4,四年,5500.0
西藏,2025,本科一批,理科,57,华北水利水电大学,,3,土木工程,（办学地点：花园校区。）,,4,四年,5500.0
西藏,2025,本科一批,理科,57,华北水利水电大学,,5,水文与水资源工程,（办学地点：龙子湖校区。免补专业。）,,4,四年,5500.0
西藏,2025,本科一批,理科,57,华北水利水电大学,,6,工程造价,（办学地点：龙子湖校区。）,,4,四年,5000.0
西藏,2025,本科一批,理科,57,华北水利水电大学,,4,水利水电工程,（办学地点：龙子湖校区。免补专业。）,,3,四年,5500.0
西藏,2025,本科一批,理科,388,华北理工大学,,2,法学,（办学地点：主校区。）,,2,四年,4600.0
西藏,2025,本科一批,理科,388,华北理工大学,,5,公共事业管理,（办学地点：主校区。）,,2,四年,4600.0
西藏,2025,本科一批,理科,388,华北理工大学,,3,应用心理学,（办学地点：主校区。）,,1,四年,4900.0
西藏,2025,本科一批,文科,388,华北理工大学,,1,法学,（办学地点：主校区。）,,2,四年,4600.0
西藏,2025,本科一批,文科,388,华北理工大学,,4,应用心理学,（办学地点：主校区。）,,2,四年,4900.0
西藏,2025,本科一批,文科,388,华北理工大学,,6,公共事业管理,（办学地点：主校区。）,,1,四年,4600.0
西藏,2025,本科一批,理科,58,华北电力大学（保定）,,,电气工程及其自动化,（定向就业）（本专业为国网公司与学校联合培养、定向就业的招生项目，被录取的定向生须在入学注册前与学校及定向单位签订定向就业协议，对拒签协议的已录取考生，取消其录取资格。录取的定向生学费、住宿费等由定向单位承担。详细请查看招生官网，网址：https://zhaosheng.ncepu.edu.cn。）,,5,四年,5500.0
西藏,2025,本科一批,理科,58,华北电力大学（保定）,,,能源与动力工程,（办学地点：保定校区。）,,2,四年,5500.0
西藏,2025,本科一批,理科,58,华北电力大学（保定）,,,电气工程及其自动化,（办学地点：保定校区。）,,2,四年,5500.0
西藏,2025,本科一批,理科,58,华北电力大学（保定）,,,机械工程,（办学地点：保定校区。）,,1,四年,5500.0
西藏,2025,本科一批,理科,58,华北电力大学（保定）,,,自动化,（办学地点：保定校区。）,,1,四年,5500.0
西藏,2025,本科一批,理科,58,华北电力大学（保定）,,,计算机科学与技术,（办学地点：保定校区。）,,1,四年,5500.0
西藏,2025,本科一批,理科,58,华北电力大学（保定）,,,智能科学与技术,（办学地点：保定校区。）,,1,四年,5500.0
西藏,2025,高校专项计划本科批,理科,58,华北电力大学（保定）,,,机械工程,（保定）（办学地点：保定校区。）,,1,四年,5500.0
西藏,2025,国家专项计划本科批,理科,44,华北电力大学（北京）,,,能源动力类,（北京）（新能源）（含新能源科学与工程、新能源材料与器件专业。办学地点：北京校部。）,,1,四年,5500.0
西藏,2025,国家专项计划本科批,理科,44,华北电力大学（北京）,,,电子科学与技术,（北京）（办学地点：北京校部。）,,1,四年,5500.0
西藏,2025,国家专项计划本科批,理科,44,华北电力大学（北京）,,,通信工程,（北京）（办学地点：北京校部。）,,1,四年,5500.0
西藏,2025,本科一批,文科,44,华北电力大学（北京）,,,行政管理,（办学地点：北京校部。）,,1,四年,5000.0
西藏,2025,高校专项计划本科批,理科,44,华北电力大学（北京）,,,能源动力类,（北京）（新能源）（含新能源科学与工程、新能源材料与器件专业。办学地点：北京校部。）,,1,四年,5500.0
西藏,2025,本科一批,理科,44,华北电力大学（北京）,,,能源动力类,（新能源）（含新能源科学与工程、新能源材料与器件专业。办学地点：北京校部。）,,3,四年,5500.0
西藏,2025,本科一批,理科,44,华北电力大学（北京）,,,电气工程及其自动化,（办学地点：北京校部。）,,2,四年,5500.0
西藏,2025,本科一批,理科,44,华北电力大学（北京）,,,工程管理,（办学地点：北京校部。）,,2,四年,5000.0
西藏,2025,本科一批,理科,44,华北电力大学（北京）,,,会计学,（办学地点：北京校部。）,,2,四年,5000.0
西藏,2025,本科一批,理科,44,华北电力大学（北京）,,,机械工程,（办学地点：北京校部。）,,1,四年,5500.0
西藏,2025,本科一批,理科,44,华北电力大学（北京）,,,测控技术与仪器,（办学地点：北京校部。）,,1,四年,5500.0
西藏,2025,本科一批,理科,44,华北电力大学（北京）,,,能源与动力工程,（办学地点：北京校部。）,,1,四年,5500.0
西藏,2025,本科一批,理科,44,华北电力大学（北京）,,,智能电网信息工程,（办学地点：北京校部。）,,1,四年,5500.0
西藏,2025,本科一批,理科,44,华北电力大学（北京）,,,电子信息工程,（办学地点：北京校部。）,,1,四年,5500.0
西藏,2025,本科一批,理科,44,华北电力大学（北京）,,,人工智能,（办学地点：北京校部。）,,1,四年,5500.0
西藏,2025,本科一批,理科,44,华北电力大学（北京）,,,自动化,（办学地点：北京校部。）,,1,四年,5500.0
西藏,2025,本科一批,理科,44,华北电力大学（北京）,,,计算机科学与技术,（办学地点：北京校部。）,,1,四年,5500.0
西藏,2025,本科一批,理科,44,华北电力大学（北京）,,,软件工程,（办学地点：北京校部。）,,1,四年,5500.0
西藏,2025,本科一批,理科,44,华北电力大学（北京）,,,网络空间安全,（办学地点：北京校部。）,,1,四年,5500.0
西藏,2025,本科一批,理科,44,华北电力大学（北京）,,,环境科学,（办学地点：北京校部。免补专业。）,,1,四年,5500.0
西藏,2025,本科一批,理科,44,华北电力大学（北京）,,,供应链管理,（办学地点：北京校部。）,,1,四年,5000.0
西藏,2025,国家专项计划本科批,理科,332,华北科技学院,,1,通信工程,（执行本科二批录取最低控制分数线。）,,2,四年,4900.0
西藏,2025,本科一批,文科,221,华南理工大学,,1,法学类,（含法学、知识产权专业。办学地点：广州。）,,2,四年,6060.0
西藏,2025,国家专项计划本科批,文科,221,华南理工大学,,3,新闻传播学类,（含新闻学、传播学、广告学专业。办学地点：广州。）,,1,四年,6060.0
西藏,2025,艺术类本科批,艺术文,,南京传媒学院,,,播音与主持艺术,,,6,四年,35000.0
西藏,2025,本科一批,理科,142,南京信息工程大学,,5,大气科学类,（含大气科学专业。）,,25,四年,6050.0
西藏,2025,本科一批,理科,142,南京信息工程大学,,6,应用气象学,,,3,四年,6050.0
西藏,2025,本科一批,理科,142,南京信息工程大学,,4,地理科学类,（含地理信息科学、自然地理与资源环境、人文地理与城乡规划专业。）,,2,四年,6050.0
西藏,2025,本科一批,理科,142,南京信息工程大学,,9,光电信息科学与工程,,,2,四年,6380.0
西藏,2025,本科一批,理科,142,南京信息工程大学,,10,计算机科学与技术,,,2,四年,6380.0
西藏,2025,本科一批,理科,142,南京信息工程大学,,18,供应链管理,,,2,四年,5720.0
西藏,2025,国家专项计划本科批,理科,142,南京信息工程大学,,8,材料物理,,,4,四年,5800.0
西藏,2025,国家专项计划本科批,理科,142,南京信息工程大学,,3,应用物理学,,,2,四年,5500.0
西藏,2025,国家专项计划本科批,理科,142,南京信息工程大学,,7,防灾减灾科学与工程,,,2,四年,5500.0
西藏,2025,国家专项计划本科批,理科,142,南京信息工程大学,,11,给排水科学与工程,,,2,四年,6380.0
西藏,2025,国家专项计划本科批,理科,142,南京信息工程大学,,12,遥感科学与技术,,,2,四年,6380.0
西藏,2025,国家专项计划本科批,理科,142,南京信息工程大学,,13,环境科学与工程类,（含环境工程、环境科学专业。免补专业。）,,2,四年,6380.0
西藏,2025,国家专项计划本科批,理科,142,南京信息工程大学,,14,环境生态工程,（免补专业。）,,2,四年,6380.0
西藏,2025,国家专项计划本科批,理科,142,南京信息工程大学,,15,安全工程,,,2,四年,5800.0
西藏,2025,本科一批,文科,142,南京信息工程大学,,1,金融工程,,,5,四年,5720.0
西藏,2025,本科一批,文科,142,南京信息工程大学,,16,行政管理,,,3,四年,5200.0
西藏,2025,本科一批,文科,142,南京信息工程大学,,2,汉语言文学,,,2,四年,5200.0
西藏,2025,本科一批,文科,142,南京信息工程大学,,17,医疗保险,,,2,四年,5200.0
西藏,2025,国家专项计划本科批,理科,145,南京农业大学,,1,社会学类,（含法学、社会学、旅游管理、农村区域发展（免补专业）专业。办学地点：江苏省南京市。）,,1,四年,5200.0
西藏,2025,国家专项计划本科批,理科,145,南京农业大学,,4,环境科学与工程类,（含环境工程、环境科学、农业资源与环境、生态学专业。办学地点：江苏省南京市。免补专业。）,,1,四年,2750.0
西藏,2025,国家专项计划本科批,理科,145,南京农业大学,,7,工商管理类,（含工商管理、市场营销、电子商务专业。办学地点：江苏省南京市。）,,1,四年,5200.0
西藏,2025,本科一批,文科,145,南京农业大学,,2,社会学类,（含法学、社会学、旅游管理、农村区域发展（免补专业）专业。办学地点：江苏省南京市。）,,2,四年,5200.0
西藏,2025,本科一批,文科,145,南京农业大学,,8,公共管理类,（含土地资源管理、人力资源管理、劳动与社会保障、行政管理专业。办学地点：江苏省南京市。）,,2,四年,5720.0
西藏,2025,本科一批,理科,145,南京农业大学,,1,社会学类,（含法学、社会学、旅游管理、农村区域发展（免补专业）专业。办学地点：江苏省南京市。）,,2,四年,5200.0
西藏,2025,本科一批,理科,145,南京农业大学,,5,植物保护,（办学地点：江苏省南京市。免补专业。）,,2,四年,2750.0
西藏,2025,本科一批,理科,145,南京农业大学,,6,动物科学,（办学地点：江苏省南京市。免补专业。）,,2,四年,2750.0
西藏,2025,本科一批,理科,145,南京农业大学,,9,公共管理类,（含土地资源管理、人力资源管理、劳动与社会保障、行政管理专业。办学地点：江苏省南京市。）,,2,四年,5720.0
西藏,2025,本科二批,理科,,南京医科大学康达学院,,,护理学,,,8,四年,22000.0
西藏,2025,本科二批,理科,,南京医科大学康达学院,,,医学检验技术,,,3,四年,22000.0
西藏,2025,本科二批,理科,,南京医科大学康达学院,,,医学影像技术,,,3,四年,22000.0
西藏,2025,本科二批,理科,,南京医科大学康达学院,,,公共事业管理,（卫生事业管理）,,2,四年,18000.0
西藏,2025,本科二批,理科,,南京医科大学康达学院,,,医疗保险,,,2,四年,18000.0
西藏,2025,本科二批,文科,,南京医科大学康达学院,,,护理学,,,8,四年,22000.0
西藏,2025,本科二批,文科,,南京医科大学康达学院,,,公共事业管理,（卫生事业管理）,,2,四年,18000.0
西藏,2025,本科二批,文科,,南京医科大学康达学院,,,医疗保险,,,2,四年,18000.0
西藏,2025,本科一批,理科,132,南京大学,,2,理科试验班类,（化学与生命科学类）（含生物科学、生物技术、生态学（免补专业）、化学、应用化学专业。办学地点：鼓楼校区+仙林校区。）,,2,四年,6050.0
西藏,2025,高校专项计划本科批,理科,132,南京大学,,3,理科试验班类,（地球科学与资源环境类）（含大气科学、应用气象学、环境科学与工程类、地理科学类、地质学类专业。办学地点：鼓楼校区+仙林校区。）,,1,四年,6050.0
西藏,2025,本科一批,文科,132,南京大学,,1,社会科学试验班,（含法学、编辑出版学、社会学、社会工作、应用心理学、行政管理、劳动与社会保障、图书馆学、档案学、政治学与行政学、国际政治、信息管理与信息系统专业。办学地点：鼓楼校区+仙林校区。）,,4,四年,5720.0
西藏,2025,本科一批,理科,341,南京审计大学,,1,财政学,（办学地点：浦口校区。）,,4,四年,5720.0
西藏,2025,本科一批,理科,341,南京审计大学,,3,税收学,（办学地点：浦口校区。）,,4,四年,5720.0
西藏,2025,本科一批,理科,341,南京审计大学,,6,金融学,（办学地点：浦口校区。）,,4,四年,5720.0
西藏,2025,本科一批,理科,341,南京审计大学,,11,工商管理,（办学地点：浦口校区。）,,4,四年,5200.0
西藏,2025,本科一批,理科,341,南京审计大学,,12,会计学,（办学地点：浦口校区。）,,4,四年,5720.0
西藏,2025,本科一批,理科,341,南京审计大学,,14,财务管理,（办学地点：浦口校区。）,,4,四年,5720.0
西藏,2025,本科一批,理科,341,南京审计大学,,16,审计学,（办学地点：浦口校区。）,,4,四年,5720.0
西藏,2025,本科一批,理科,341,南京审计大学,,9,法学,（法务会计）（办学地点：浦口校区。）,,2,四年,5200.0
西藏,2025,本科一批,理科,341,南京审计大学,,9,法学,（法务金融）（办学地点：浦口校区。）,,2,四年,5200.0
西藏,2025,本科一批,理科,341,南京审计大学,,18,行政管理,（办学地点：浦口校区。）,,2,四年,5200.0
西藏,2025,本科一批,文科,341,南京审计大学,,7,法学,（办学地点：浦口校区。）,,4,四年,5200.0
西藏,2025,本科一批,文科,341,南京审计大学,,13,会计学,（办学地点：浦口校区。）,,4,四年,5720.0
西藏,2025,本科一批,文科,341,南京审计大学,,17,审计学,（办学地点：浦口校区。）,,4,四年,5720.0
西藏,2025,本科一批,文科,341,南京审计大学,,19,行政管理,（办学地点：浦口校区。）,,4,四年,5200.0
西藏,2025,本科一批,文科,341,南京审计大学,,2,财政学,（办学地点：浦口校区。）,,2,四年,5720.0
西藏,2025,本科一批,文科,341,南京审计大学,,4,税收学,（办学地点：浦口校区。）,,2,四年,5720.0
西藏,2025,本科一批,文科,341,南京审计大学,,5,金融学,（办学地点：浦口校区。）,,2,四年,5720.0
西藏,2025,本科一批,文科,341,南京审计大学,,7,法学,（法务会计）（办学地点：浦口校区。）,,2,四年,5200.0
西藏,2025,本科一批,文科,341,南京审计大学,,15,财务管理,（办学地点：浦口校区。）,,2,四年,5720.0
西藏,2025,本科一批,文科,341,南京审计大学,,20,劳动与社会保障,（办学地点：浦口校区。）,,2,四年,5200.0
西藏,2025,本科二批,理科,,南京审计大学金审学院,,,会计学,（办学地点：南京审计大学金审学院。）,,4,四年,18000.0
西藏,2025,本科二批,理科,,南京审计大学金审学院,,,财务管理,（办学地点：南京审计大学金审学院。）,,4,四年,18000.0
西藏,2025,本科二批,理科,,南京审计大学金审学院,,,税收学,（办学地点：南京审计大学金审学院。）,,3,四年,18000.0
西藏,2025,本科二批,理科,,南京审计大学金审学院,,,资产评估,（办学地点：南京审计大学金审学院。）,,3,四年,19800.0
西藏,2025,本科二批,理科,,南京审计大学金审学院,,,工商管理,（办学地点：南京审计大学金审学院。）,,2,四年,18000.0
西藏,2025,本科二批,理科,,南京审计大学金审学院,,,金融学,（办学地点：南京审计大学金审学院。）,,1,四年,18000.0
西藏,2025,本科二批,理科,,南京审计大学金审学院,,,保险学,（办学地点：南京审计大学金审学院。）,,1,四年,18000.0
西藏,2025,本科二批,理科,,南京审计大学金审学院,,,国际经济与贸易,（办学地点：南京审计大学金审学院。）,,1,四年,19800.0
西藏,2025,本科二批,理科,,南京审计大学金审学院,,,信息管理与信息系统,（办学地点：南京审计大学金审学院。）,,1,四年,18000.0
西藏,2025,本科二批,理科,,南京审计大学金审学院,,,审计学,（办学地点：南京审计大学金审学院。）,,1,四年,19800.0
西藏,2025,本科二批,文科,,南京审计大学金审学院,,,税收学,（办学地点：南京审计大学金审学院。）,,5,四年,18000.0
西藏,2025,本科二批,文科,,南京审计大学金审学院,,,会计学,（办学地点：南京审计大学金审学院。）,,4,四年,18000.0
西藏,2025,本科二批,文科,,南京审计大学金审学院,,,财务管理,（办学地点：南京审计大学金审学院。）,,4,四年,18000.0
西藏,2025,本科二批,文科,,南京审计大学金审学院,,,资产评估,（办学地点：南京审计大学金审学院。）,,4,四年,19800.0
西藏,2025,本科二批,文科,,南京审计大学金审学院,,,工商管理,（办学地点：南京审计大学金审学院。）,,3,四年,18000.0
西藏,2025,本科二批,文科,,南京审计大学金审学院,,,国际经济与贸易,（办学地点：南京审计大学金审学院。）,,2,四年,19800.0
西藏,2025,本科二批,文科,,南京审计大学金审学院,,,金融学,（办学地点：南京审计大学金审学院。）,,1,四年,18000.0
西藏,2025,本科二批,文科,,南京审计大学金审学院,,,保险学,（办学地点：南京审计大学金审学院。）,,1,四年,18000.0
西藏,2025,本科二批,文科,,南京审计大学金审学院,,,审计学,（办学地点：南京审计大学金审学院。）,,1,四年,19800.0
西藏,2025,本科二批,文科,,南京审计大学金审学院,,,内部审计,（办学地点：南京审计大学金审学院。）,,1,四年,18000.0
西藏,2025,本科二批,文科,,南京审计大学金审学院,,,行政管理,（办学地点：南京审计大学金审学院。）,,1,四年,18000.0
西藏,2025,本科二批,理科,,南京审计大学金审学院,,,内部审计,（办学地点：南京审计大学金审学院。）,,1,四年,18000.0
西藏,2025,本科二批,理科,,南京审计大学金审学院,,,行政管理,（办学地点：南京审计大学金审学院。）,,1,四年,18000.0
西藏,2025,本科二批,文科,363,南京晓庄学院,,1,社会工作,（办学地点：南京晓庄学院方山校区。）,,4,四年,5200.0
西藏,2025,本科二批,文科,363,南京晓庄学院,,5,物流管理,（办学地点：南京晓庄学院方山校区。）,,3,四年,5200.0
西藏,2025,本科二批,文科,363,南京晓庄学院,,2,汉语言文学,（办学地点：南京晓庄学院方山校区。）,,2,四年,5200.0
西藏,2025,本科二批,文科,363,南京晓庄学院,,3,汉语国际教育,（办学地点：南京晓庄学院方山校区。）,,2,四年,5200.0
西藏,2025,本科二批,文科,363,南京晓庄学院,,4,网络与新媒体,（办学地点：南京晓庄学院方山校区。）,,2,四年,5200.0
西藏,2025,本科二批,文科,363,南京晓庄学院,,6,旅游管理,（办学地点：南京晓庄学院方山校区。）,,2,四年,5200.0
西藏,2025,本科一批,理科,140,南京林业大学,,1,金融工程,（办学地点：一、二年级南京白马校区，三年级起南京新庄校区。）,,2,四年,5200.0
西藏,2025,本科一批,理科,140,南京林业大学,,8,工业设计,（办学地点：一、二年级南京白马校区，三年级起南京新庄校区。）,,2,四年,5800.0
西藏,2025,本科一批,理科,140,南京林业大学,,11,计算机科学与技术,（办学地点：一、二年级南京白马校区，三年级起南京新庄校区。）,,2,四年,5800.0
西藏,2025,本科一批,理科,140,南京林业大学,,12,智能建造,（办学地点：一、二年级南京白马校区，三年级起南京新庄校区。）,,2,四年,5800.0
西藏,2025,本科一批,理科,140,南京林业大学,,14,木材科学与工程,（办学地点：一、二年级南京白马校区，三年级起南京新庄校区。免补专业。）,,2,四年,6380.0
西藏,2025,本科一批,理科,140,南京林业大学,,15,家具设计与工程,（办学地点：一、二年级南京白马校区，三年级起南京新庄校区。免补专业。）,,2,四年,6380.0
西藏,2025,本科一批,理科,140,南京林业大学,,16,食品科学与工程类,（含食品科学与工程、食品质量与安全专业。办学地点：一、二年级南京白马校区，三年级起南京新庄校区。不招色盲、色弱。）,,2,四年,6380.0
西藏,2025,本科一批,理科,140,南京林业大学,,17,风景园林,（办学地点：一、二年级南京白马校区，三年级起南京新庄校区。）,,2,四年,6380.0
西藏,2025,本科一批,理科,140,南京林业大学,,21,工商管理,（办学地点：一、二年级南京白马校区，三年级起南京新庄校区。）,,2,四年,5200.0
西藏,2025,本科一批,理科,140,南京林业大学,,22,会计学,（办学地点：一、二年级南京白马校区，三年级起南京新庄校区。）,,2,四年,5200.0
西藏,2025,国家专项计划本科批,理科,140,南京林业大学,,20,林学类,（不招色弱、色盲。含林学、智慧林业、经济林专业。办学地点：一、二年级南京白马校区，三年级起南京新庄校区。免补专业。）,,4,四年,2750.0
西藏,2025,国家专项计划本科批,理科,140,南京林业大学,,18,生物工程类,（不招色弱、色盲。含生物工程、生物制药专业。办学地点：一、二年级南京白马校区，三年级起南京新庄校区。）,,3,四年,5800.0
西藏,2025,国家专项计划本科批,理科,140,南京林业大学,,6,生物科学,（办学地点：一、二年级南京白马校区，三年级起南京新庄校区。不招色盲、色弱。）,,2,四年,6050.0
西藏,2025,国家专项计划本科批,理科,140,南京林业大学,,7,生态学,（办学地点：一、二年级南京白马校区，三年级起南京新庄校区。不招色盲、色弱。免补专业。）,,2,四年,6050.0
西藏,2025,国家专项计划本科批,理科,140,南京林业大学,,9,电气工程及其自动化,（办学地点：一、二年级南京白马校区，三年级起南京新庄校区。）,,2,四年,6380.0
西藏,2025,国家专项计划本科批,理科,140,南京林业大学,,10,电子信息工程,（办学地点：一、二年级南京白马校区，三年级起南京新庄校区。）,,2,四年,6380.0
西藏,2025,国家专项计划本科批,理科,140,南京林业大学,,13,包装工程,（办学地点：一、二年级南京白马校区，三年级起南京新庄校区。）,,2,四年,5800.0
西藏,2025,国家专项计划本科批,理科,140,南京林业大学,,19,水土保持与荒漠化防治,（办学地点：一、二年级南京白马校区，三年级起南京新庄校区。免补专业。）,,2,四年,2500.0
西藏,2025,国家专项计划本科批,理科,140,南京林业大学,,23,农林经济管理,（办学地点：一、二年级南京白马校区，三年级起南京新庄校区。免补专业。）,,2,四年,5200.0
西藏,2025,本科一批,文科,140,南京林业大学,,24,旅游管理,（办学地点：一、二年级南京白马校区，三年级起南京新庄校区。）,,3,四年,5200.0
西藏,2025,本科一批,文科,140,南京林业大学,,2,汉语言文学,（办学地点：一、二年级南京白马校区，三年级起南京新庄校区。）,,2,四年,5200.0
西藏,2025,本科一批,文科,140,南京林业大学,,3,广播电视学,（办学地点：一、二年级南京白马校区，三年级起南京新庄校区。）,,2,四年,5200.0
西藏,2025,本科一批,文科,140,南京林业大学,,4,广告学,（办学地点：一、二年级南京白马校区，三年级起南京新庄校区。）,,2,四年,5200.0
西藏,2025,本科一批,文科,140,南京林业大学,,5,网络与新媒体,（办学地点：一、二年级南京白马校区，三年级起南京新庄校区。）,,2,四年,5200.0
西藏,2025,本科二批,理科,411,南京特殊教育师范学院,,11,计算机科学与技术,（办学地点：江宁校区，第一学年。）,,9,四年,5800.0
西藏,2025,本科二批,理科,411,南京特殊教育师范学院,,8,教育康复学,（办学地点：江宁校区，第一学年。师范类。）,,8,四年,5200.0
西藏,2025,本科二批,理科,411,南京特殊教育师范学院,,12,康复治疗学,（办学地点：江宁校区，第一学年。）,,7,四年,6800.0
西藏,2025,本科二批,理科,411,南京特殊教育师范学院,,4,小学教育,（办学地点：江宁校区，前两学年。师范类。）,,5,四年,5200.0
西藏,2025,本科二批,理科,411,南京特殊教育师范学院,,15,公共事业管理,（办学地点：江宁校区，第一学年。）,,5,四年,5200.0
西藏,2025,本科二批,理科,411,南京特殊教育师范学院,,10,应用心理学,（办学地点：江宁校区，第一学年。）,,4,四年,5500.0
西藏,2025,本科二批,理科,411,南京特殊教育师范学院,,2,学前教育,（办学地点：江宁校区，第一学年。师范类。）,,2,四年,5200.0
西藏,2025,本科二批,理科,411,南京特殊教育师范学院,,9,孤独症儿童教育,（办学地点：江宁校区，第一学年。师范类。）,,2,四年,5200.0
西藏,2025,本科二批,理科,411,南京特殊教育师范学院,,6,特殊教育,（办学地点：江宁校区，第一学年。师范类。）,,1,四年,5200.0
西藏,2025,本科二批,文科,411,南京特殊教育师范学院,,3,小学教育,（办学地点：江宁校区，前两学年。师范类。）,,8,四年,5200.0
西藏,2025,本科二批,文科,411,南京特殊教育师范学院,,13,财务管理,（办学地点：江宁校区，第一学年。）,,7,四年,5200.0
西藏,2025,本科二批,文科,411,南京特殊教育师范学院,,7,教育康复学,（办学地点：江宁校区，第一学年。师范类。）,,6,四年,5200.0
西藏,2025,本科二批,文科,411,南京特殊教育师范学院,,14,公共事业管理,（办学地点：江宁校区，第一学年。）,,3,四年,5200.0
西藏,2025,本科二批,文科,411,南京特殊教育师范学院,,1,学前教育,（办学地点：江宁校区，第一学年。师范类。）,,2,四年,5200.0
西藏,2025,本科二批,文科,411,南京特殊教育师范学院,,5,特殊教育,（办学地点：江宁校区，第一学年。师范类。）,,1,四年,5200.0
西藏,2025,本科一批,理科,135,南京理工大学,,6,特种能源技术与工程,（第一学年在江阴校区学习，第二、三、四学年在南京校区学习。办学地点：南京理工大学南京校区。）,,4,四年,6380.0
西藏,2025,本科一批,理科,135,南京理工大学,,5,化工与制药类,（第一学年在江阴校区学习，第二、三、四学年在南京校区学习含材料化学、高分子材料与工程、化学工程与工艺、应用化学、制药工程专业。办学地点：南京理工大学南京校区。）,,3,四年,6050.0
西藏,2025,本科一批,理科,135,南京理工大学,,1,经济学类,（第一学年在江阴校区学习，第二、三、四学年在南京校区学习含国际经济与贸易、金融学专业。办学地点：南京理工大学南京校区。）,,2,四年,5720.0
西藏,2025,本科一批,理科,135,南京理工大学,,3,机械类,（第一学年在江阴校区学习，第二、三、四学年在南京校区学习含车辆工程、工业工程、机械工程专业。办学地点：南京理工大学南京校区。）,,2,四年,6380.0
西藏,2025,本科一批,理科,135,南京理工大学,,4,材料类,（第一学年在江阴校区学习，第二、三、四学年在南京校区学习含材料科学与工程、材料物理、纳米材料与技术、材料成型及控制工程专业。办学地点：南京理工大学南京校区。）,,2,四年,6380.0
西藏,2025,本科一批,理科,135,南京理工大学,,9,工商管理类,（第一学年在江阴校区学习，第二、三、四学年在南京校区学习含会计学、人力资源管理专业。办学地点：南京理工大学南京校区。）,,2,四年,5720.0
西藏,2025,本科一批,理科,135,南京理工大学,,,少数民族预科,（民族预科班）（预科培养地点：预科一年在南京理工大学江阴校区。）,,2,一年,5200.0
西藏,2025,国家专项计划本科批,理科,135,南京理工大学,,7,环境科学与工程类,（第一学年在江阴校区学习，第二、三、四学年在南京校区学习含环境工程（免补专业）、生物工程、辐射防护与核安全专业。办学地点：南京理工大学南京校区。）,,3,四年,6380.0
西藏,2025,本科一批,文科,135,南京理工大学,,2,社会工作,（第一学年在江阴校区学习，第二、三、四学年在南京校区学习。办学地点：南京理工大学南京校区。）,,2,四年,5200.0
西藏,2025,本科一批,文科,135,南京理工大学,,10,公共事业管理,（第一学年在江阴校区学习，第二、三、四学年在南京校区学习。办学地点：南京理工大学南京校区。）,,2,四年,5200.0
西藏,2025,高校专项计划本科批,理科,135,南京理工大学,,7,环境科学与工程类,（第一学年在江阴校区学习，第二、三、四学年在南京校区学习含环境工程（免补专业）、生物工程、辐射防护与核安全专业。办学地点：南京理工大学南京校区。）,,1,四年,6380.0
西藏,2025,专科批,文科,504,南京科技职业学院,,3,大数据与财务管理,（办学地点：南京科技职业学院。）,,3,三年,4700.0
西藏,2025,专科批,文科,504,南京科技职业学院,,1,计算机应用技术,（办学地点：南京科技职业学院。）,,2,三年,5300.0
西藏,2025,专科批,理科,504,南京科技职业学院,,2,计算机应用技术,（办学地点：南京科技职业学院。）,,3,三年,5300.0
西藏,2025,专科批,理科,504,南京科技职业学院,,4,大数据与财务管理,（办学地点：南京科技职业学院。）,,2,三年,4700.0
西藏,2025,本科一批,理科,134,南京航空航天大学,,5,航空航天类,（含飞行器设计与工程、飞行器环境与生命保障工程、飞行器动力工程、飞行器制造工程、航空航天工程、飞行器控制与信息工程专业。办学地点：将军路校区。）,,3,四年,6380.0
西藏,2025,本科一批,理科,134,南京航空航天大学,,2,材料科学与工程,（一、二年级在常州市天目湖校区就读，三、四年级在南京市将军路校区就读。）,,2,四年,6380.0
西藏,2025,本科一批,理科,134,南京航空航天大学,,6,工业工程,（智能制造与管理）（一、二年级在常州市天目湖校区就读，三、四年级在南京市将军路校区就读。）,,2,四年,5720.0
西藏,2025,本科一批,理科,134,南京航空航天大学,,4,交通运输,（一、二年级在常州市天目湖校区就读，三、四年级在南京市将军路校区就读。）,,1,四年,6380.0
西藏,2025,国家专项计划本科批,理科,134,南京航空航天大学,,1,信息与计算科学,（一、二年级在常州市天目湖校区就读，三、四年级在南京市将军路校区就读。）,,2,四年,6050.0
西藏,2025,国家专项计划本科批,理科,134,南京航空航天大学,,6,工业工程,（智能制造与管理）（一、二年级在常州市天目湖校区就读，三、四年级在南京市将军路校区就读。）,,1,四年,5720.0
西藏,2025,高校专项计划本科批,理科,134,南京航空航天大学,,2,材料科学与工程,（一、二年级在常州市天目湖校区就读，三、四年级在南京市将军路校区就读。）,,1,四年,6380.0
西藏,2025,本科二批,文科,181,南京艺术学院,,1,非物质文化遗产保护,,,1,四年,9900.0
西藏,2025,本科二批,文科,181,南京艺术学院,,32,美术学,,,1,四年,9900.0
西藏,2025,提前批艺体类本科,文科,181,南京艺术学院,,,服装与服饰设计,（认可区内美术与设计类专业统考成绩。）,,1,四年,10000.0
西藏,2025,提前录取本科二批,文科,533,南京警察学院,,1,治安学,（招男生。须参加政治考察、面试、体检和体能测试且合格。）,,2,四年,6000.0
西藏,2025,提前录取本科二批,文科,533,南京警察学院,,3,侦查学,（招男生。须参加政治考察、面试、体检和体能测试且合格。）,,2,四年,6000.0
西藏,2025,提前录取本科二批,文科,533,南京警察学院,,2,治安学,（招女生。须参加政治考察、面试、体检和体能测试且合格。）,,1,四年,6000.0
西藏,2025,提前录取本科二批,文科,533,南京警察学院,,4,侦查学,（招女生。须参加政治考察、面试、体检和体能测试且合格。）,,1,四年,6000.0
西藏,2025,提前录取本科二批,文科,533,南京警察学院,,6,公安情报学,（招男生。须参加政治考察、面试、体检和体能测试且合格。）,,1,四年,6000.0
西藏,2025,提前录取本科二批,文科,533,南京警察学院,,7,公安情报学,（招女生。须参加政治考察、面试、体检和体能测试且合格。）,,1,四年,6000.0
西藏,2025,提前录取本科二批,理科,533,南京警察学院,,8,警务指挥与战术,（特警方向）（招男生。须参加政治考察、面试、体检和体能测试且合格。）,,3,四年,6000.0
西藏,2025,提前录取本科二批,理科,533,南京警察学院,,13,食品药品环境犯罪侦查技术,（招男生。须参加政治考察、面试、体检和体能测试且合格。）,,3,四年,6000.0
西藏,2025,提前录取本科二批,理科,533,南京警察学院,,9,刑事科学技术,（招男生。须参加政治考察、面试、体检和体能测试且合格。）,,2,四年,6000.0
西藏,2025,提前录取本科二批,理科,533,南京警察学院,,11,数据警务技术,（招男生。须参加政治考察、面试、体检和体能测试且合格。）,,2,四年,6000.0
西藏,2025,提前录取本科二批,理科,533,南京警察学院,,5,警犬技术,（招男生。须参加政治考察、面试、体检和体能测试且合格。）,,1,四年,6000.0
西藏,2025,提前录取本科二批,理科,533,南京警察学院,,10,网络安全与执法,（招男生。须参加政治考察、面试、体检和体能测试且合格。）,,1,四年,6000.0
西藏,2025,提前录取本科二批,理科,533,南京警察学院,,12,数据警务技术,（招女生。须参加政治考察、面试、体检和体能测试且合格。）,,1,四年,6000.0
西藏,2025,本科一批,理科,512,南京邮电大学,,1,数据科学与大数据技术,（办学地点：仙林校区。）,,1,四年,6380.0
西藏,2025,专科批,文科,824,南充文化旅游职业学院,,1,电子商务,（办学地点：主校区。）,,2,三年,4800.0
西藏,2025,专科批,文科,824,南充文化旅游职业学院,,3,旅游管理,（办学地点：主校区。）,,2,三年,4800.0
西藏,2025,专科批,文科,824,南充文化旅游职业学院,,5,酒店管理与数字化运营,（办学地点：主校区。）,,2,三年,4800.0
西藏,2025,专科批,理科,824,南充文化旅游职业学院,,2,电子商务,（办学地点：主校区。）,,2,三年,4800.0
西藏,2025,专科批,理科,824,南充文化旅游职业学院,,4,旅游管理,（办学地点：主校区。）,,2,三年,4800.0
西藏,2025,专科批,理科,824,南充文化旅游职业学院,,6,酒店管理与数字化运营,（办学地点：主校区。）,,2,三年,4800.0
西藏,2025,专科批,文科,450,南充职业技术学院,,5,早期教育,（师范类。）,,4,三年,4800.0
西藏,2025,专科批,文科,450,南充职业技术学院,,2,动物医学,（免补专业。）,,3,三年,4800.0
西藏,2025,专科批,文科,450,南充职业技术学院,,3,畜牧兽医,（免补专业。）,,3,三年,4800.0
西藏,2025,专科批,理科,450,南充职业技术学院,,6,早期教育,（师范类。）,,4,三年,4800.0
西藏,2025,专科批,理科,450,南充职业技术学院,,1,动物医学,（免补专业。）,,3,三年,4800.0
西藏,2025,专科批,理科,450,南充职业技术学院,,4,畜牧兽医,（免补专业。）,,3,三年,4800.0
西藏,2025,本科一批,文科,219,南华大学,,1,法学,（办学地点：雨母校区。）,,4,四年,5000.0
西藏,2025,本科一批,文科,219,南华大学,,2,汉语言文学,（办学地点：雨母校区。）,,4,四年,4500.0
西藏,2025,本科一批,文科,45,南开大学,,,公共管理类,（民族预科班）（民族班。本专业大类内专业任选。含社会学、社会工作、行政管理、城市管理、政治学与行政学、国际政治专业。办学地点：南开大学津南校区。）,,2,四年,5200.0
西藏,2025,国家专项计划本科批,文科,45,南开大学,,3,公共管理类,（国家治理与社会发展卓越人才计划）（本专业大类内专业任选。含行政管理、社会学、社会工作、城市管理专业。办学地点：南开大学津南校区。）,,1,四年,5200.0
西藏,2025,国家专项计划本科批,理科,45,南开大学,,2,工商管理类,（未来商业领导者计划）（本专业大类内专业任选。含工商管理、人力资源管理、财务管理、会计学、市场营销、物流管理、图书馆学、档案学、旅游管理、会展经济与管理专业。办学地点：南开大学八里台校区津南校区。）,,2,四年,5200.0
西藏,2025,提前录取本科一批,文科,45,南开大学,,1,马克思主义理论,（办学地点：南开大学津南校区。）,,5,四年,5200.0
西藏,2025,本科一批,理科,417,南方医科大学,,4,中药学,（不招色盲、色弱。办学地点：广州校区。）,,2,四年,7660.0
西藏,2025,本科一批,理科,417,南方医科大学,,5,医学检验技术,（不招色盲、色弱。办学地点：广州校区。）,,2,四年,7660.0
西藏,2025,本科一批,理科,417,南方医科大学,,9,护理学,（不招色盲、色弱。办学地点：广州校区。）,,2,四年,7660.0
西藏,2025,本科一批,理科,417,南方医科大学,,1,临床医学,（不招色盲、色弱。办学地点：广州校区。）,,1,五年,7660.0
西藏,2025,本科一批,理科,417,南方医科大学,,1,临床医学,（不招色盲、色弱。办学地点：广州校区。）,,1,八年,7660.0
西藏,2025,本科一批,理科,417,南方医科大学,,3,中医学,（不招色盲、色弱。办学地点：广州校区。）,,1,五年,7660.0
西藏,2025,本科一批,理科,417,南方医科大学,,6,康复治疗学,（不招色盲、色弱。办学地点：顺德校区。）,,1,四年,7660.0
西藏,2025,本科一批,文科,417,南方医科大学,,7,护理学,（不招色盲、色弱。办学地点：广州校区。）,,3,四年,7660.0
西藏,2025,本科一批,文科,417,南方医科大学,,7,护理学,（卓越班）（不招色盲、色弱。办学地点：广州校区。）,,1,四年,7660.0
西藏,2025,本科一批,文科,417,南方医科大学,,10,助产学,（不招色盲、色弱。办学地点：广州校区。）,,1,四年,7660.0
西藏,2025,本科一批,理科,178,南昌大学,,2,药学,（不招色弱、色盲、单色不能识别的考生。国家级一流本科专业建设点。办学地点：前湖校区。）,,2,四年,5550.0
西藏,2025,本科一批,理科,178,南昌大学,,3,管理科学,（不招单色不能识别的考生。国家级一流本科专业建设点。办学地点：前湖校区。）,,2,四年,4950.0
西藏,2025,本科一批,文科,178,南昌大学,,4,旅游管理,（国家级一流本科专业建设点。办学地点：前湖校区。）,,2,四年,4950.0
西藏,2025,本科二批,理科,,南昌工学院,,,水利水电工程,（免补专业。）,,2,四年,22600.0
西藏,2025,提前批艺体类本科,文科,,南昌工学院,,,体育教育,（民办）（认可区内体育统考成绩。）,,8,四年,28300.0
西藏,2025,提前批艺体类本科,理科,,南昌工学院,,,体育教育,（民办）（认可区内体育统考成绩。）,,8,四年,28300.0
西藏,2025,本科二批,理科,,南昌理工学院,,,康复治疗学,（办学地点：南昌校区。）,,1,四年,23500.0
西藏,2025,本科二批,理科,,南昌理工学院,,,护理学,（办学地点：南昌校区。）,,1,四年,23500.0
西藏,2025,本科二批,理科,,南昌理工学院,,,会计学,（办学地点：南昌校区。）,,1,四年,23500.0
西藏,2025,本科二批,文科,,南昌理工学院,,,康复治疗学,（办学地点：南昌校区。）,,1,四年,23500.0
西藏,2025,本科二批,文科,,南昌理工学院,,,护理学,（办学地点：南昌校区。）,,1,四年,23500.0
西藏,2025,本科二批,文科,,南昌理工学院,,,会计学,（办学地点：南昌校区。）,,1,四年,23500.0
西藏,2025,提前批艺体类本科,文科,,南昌理工学院,,,舞蹈表演,（民办）（舞蹈）（办学地点：南昌校区。认可区内舞蹈类专业统考成绩。）,,2,四年,28000.0
西藏,2025,提前批艺体类本科,文科,,南昌理工学院,,,视觉传达设计,（民办）（美术）（办学地点：南昌校区。认可区内美术与设计类专业统考成绩。）,,2,四年,28000.0
西藏,2025,专科批,理科,676,南通师范高等专科学校,,3,学前教育,（办学地点：南通师范高等专科学校如皋校区。师范类。）,,10,三年,4700.0
西藏,2025,专科批,文科,676,南通师范高等专科学校,,1,学前教育,（办学地点：南通师范高等专科学校如皋校区。师范类。）,,10,三年,4700.0
西藏,2025,提前批艺体类本科,文科,,南通理工学院,,,视觉传达设计,（民办）（前两年海安校区就读，后两年南通校区就读。认可区内美术与设计类专业统考成绩。不招色盲。）,,5,四年,31900.0
西藏,2025,提前批艺体类本科,文科,,南通理工学院,,,数字媒体艺术,（民办）（前两年海安校区就读，后两年南通校区就读。认可区内美术与设计类专业统考成绩。不招色盲。）,,5,四年,31900.0
西藏,2025,专科批,理科,459,南通科技职业学院,,5,机电一体化技术,（办学地点：南通科技职业学院。）,,5,三年,5300.0
西藏,2025,专科批,理科,459,南通科技职业学院,,3,植物保护与检疫技术,（办学地点：南通科技职业学院。免补专业。）,,4,三年,2200.0
西藏,2025,专科批,理科,459,南通科技职业学院,,1,现代农业技术,（办学地点：南通科技职业学院。免补专业。）,,2,三年,2200.0
西藏,2025,专科批,理科,459,南通科技职业学院,,8,电子商务,（办学地点：南通科技职业学院。）,,2,三年,4700.0
西藏,2025,专科批,理科,459,南通科技职业学院,,10,现代物流管理,（办学地点：南通科技职业学院。）,,2,三年,4700.0
西藏,2025,专科批,理科,459,南通科技职业学院,,12,酒店管理与数字化运营,（办学地点：南通科技职业学院。）,,2,三年,4700.0
西藏,2025,专科批,文科,459,南通科技职业学院,,4,植物保护与检疫技术,（办学地点：南通科技职业学院。免补专业。）,,6,三年,2200.0
西藏,2025,专科批,文科,459,南通科技职业学院,,9,现代物流管理,（办学地点：南通科技职业学院。）,,5,三年,4700.0
西藏,2025,专科批,文科,459,南通科技职业学院,,2,现代农业技术,（办学地点：南通科技职业学院。免补专业。）,,4,三年,2200.0
西藏,2025,专科批,文科,459,南通科技职业学院,,7,电子商务,（办学地点：南通科技职业学院。）,,3,三年,4700.0
西藏,2025,专科批,文科,459,南通科技职业学院,,11,酒店管理与数字化运营,（办学地点：南通科技职业学院。）,,3,三年,4700.0
西藏,2025,专科批,文科,459,南通科技职业学院,,6,机电一体化技术,（办学地点：南通科技职业学院。）,,2,三年,5300.0
西藏,2025,专科批,文科,780,博尔塔拉职业技术学院,,35,学前教育,（师范类。）,,5,三年,2900.0
西藏,2025,专科批,文科,780,博尔塔拉职业技术学院,,12,信息安全技术应用,,,3,三年,7800.0
西藏,2025,专科批,文科,780,博尔塔拉职业技术学院,,28,旅游管理,,,3,三年,3000.0
西藏,2025,专科批,文科,780,博尔塔拉职业技术学院,,33,早期教育,（师范类。）,,3,三年,2900.0
西藏,2025,专科批,文科,780,博尔塔拉职业技术学院,,2,现代农业经济管理,（免补专业。）,,2,三年,3000.0
西藏,2025,专科批,文科,780,博尔塔拉职业技术学院,,8,汽车技术服务与营销,,,2,三年,3300.0
西藏,2025,专科批,文科,780,博尔塔拉职业技术学院,,9,物联网应用技术,,,2,三年,3300.0
西藏,2025,专科批,文科,780,博尔塔拉职业技术学院,,14,护理,,,2,三年,3900.0
西藏,2025,专科批,文科,780,博尔塔拉职业技术学院,,16,康复治疗技术,,,2,三年,3900.0
西藏,2025,专科批,文科,780,博尔塔拉职业技术学院,,18,老年保健与管理,,,2,三年,3900.0
西藏,2025,专科批,理科,780,博尔塔拉职业技术学院,,11,软件技术,,,5,三年,7800.0
西藏,2025,专科批,理科,780,博尔塔拉职业技术学院,,3,机电一体化技术,（自动控制方向）,,4,三年,3300.0
西藏,2025,专科批,理科,780,博尔塔拉职业技术学院,,4,电气自动化技术,,,4,三年,3300.0
西藏,2025,专科批,理科,780,博尔塔拉职业技术学院,,5,新能源汽车技术,,,4,三年,3300.0
西藏,2025,专科批,理科,780,博尔塔拉职业技术学院,,36,学前教育,（师范类。）,,4,三年,2900.0
西藏,2025,专科批,理科,780,博尔塔拉职业技术学院,,1,现代农业经济管理,（免补专业。）,,3,三年,3000.0
西藏,2025,专科批,理科,780,博尔塔拉职业技术学院,,7,汽车技术服务与营销,,,3,三年,3300.0
西藏,2025,专科批,理科,780,博尔塔拉职业技术学院,,13,信息安全技术应用,,,3,三年,7800.0
西藏,2025,专科批,理科,780,博尔塔拉职业技术学院,,15,护理,,,3,三年,3900.0
西藏,2025,专科批,理科,780,博尔塔拉职业技术学院,,27,旅游管理,,,3,三年,3000.0
西藏,2025,专科批,文科,780,博尔塔拉职业技术学院,,21,大数据与会计,,,2,三年,3000.0
西藏,2025,专科批,文科,780,博尔塔拉职业技术学院,,22,国际经济与贸易,,,2,三年,3000.0
西藏,2025,专科批,文科,780,博尔塔拉职业技术学院,,24,电子商务,,,2,三年,3000.0
西藏,2025,专科批,文科,780,博尔塔拉职业技术学院,,26,网络营销与直播电商,,,2,三年,3000.0
西藏,2025,专科批,文科,780,博尔塔拉职业技术学院,,29,研学旅行管理与服务,,,2,三年,3000.0
西藏,2025,专科批,文科,780,博尔塔拉职业技术学院,,32,酒店管理与数字化运营,,,2,三年,3000.0
西藏,2025,专科批,文科,780,博尔塔拉职业技术学院,,38,小学教育,（师范类。）,,2,三年,2900.0
西藏,2025,专科批,理科,780,博尔塔拉职业技术学院,,34,早期教育,（师范类。）,,3,三年,2900.0
西藏,2025,专科批,理科,780,博尔塔拉职业技术学院,,37,小学教育,（师范类。）,,3,三年,2900.0
西藏,2025,专科批,理科,780,博尔塔拉职业技术学院,,6,智能网联汽车技术,,,2,三年,3300.0
西藏,2025,专科批,理科,780,博尔塔拉职业技术学院,,10,物联网应用技术,,,2,三年,3300.0
西藏,2025,专科批,理科,780,博尔塔拉职业技术学院,,17,康复治疗技术,,,2,三年,3900.0
西藏,2025,专科批,理科,780,博尔塔拉职业技术学院,,19,老年保健与管理,,,2,三年,3900.0
西藏,2025,专科批,理科,780,博尔塔拉职业技术学院,,20,大数据与会计,,,2,三年,3000.0
西藏,2025,专科批,理科,780,博尔塔拉职业技术学院,,23,电子商务,,,2,三年,3000.0
西藏,2025,专科批,理科,780,博尔塔拉职业技术学院,,25,网络营销与直播电商,,,2,三年,3000.0
西藏,2025,专科批,理科,780,博尔塔拉职业技术学院,,30,研学旅行管理与服务,,,2,三年,3000.0
西藏,2025,专科批,理科,780,博尔塔拉职业技术学院,,31,酒店管理与数字化运营,,,2,三年,3000.0
西藏,2025,专科批,理科,,厦门南洋职业学院,,,物联网应用技术,,,1,三年,18800.0
西藏,2025,专科批,文科,730,厦门城市职业学院,,1,学前教育,（师范类。）,,3,三年,6000.0
西藏,2025,高校专项计划本科批,理科,165,厦门大学,,1,工科试验班,（化工与材料类）（含化学工程与工艺、材料科学与工程专业。办学地点：思明校区。）,,1,四年,5460.0
西藏,2025,高校专项计划本科批,文科,165,厦门大学,,21,公共管理类,（含双学士学位项目）（含国际政治+英语双学士学位项目。含政治学与行政学、行政管理、国际政治、马克思主义理论专业。办学地点：思明校区。）,,1,四年,5460.0
西藏,2025,国家专项计划本科批,理科,165,厦门大学,,1,工科试验班,（化工与材料类）（含化学工程与工艺、材料科学与工程专业。办学地点：思明校区。）,,3,四年,5460.0
西藏,2025,本科二批,文科,,厦门大学嘉庚学院,,,汉语言文学,（办学地点：厦门大学漳州校区。）,,2,四年,21000.0
西藏,2025,本科二批,文科,,厦门大学嘉庚学院,,,新闻学,（办学地点：厦门大学漳州校区。）,,2,四年,21000.0
西藏,2025,本科二批,文科,,厦门大学嘉庚学院,,,广告学,（办学地点：厦门大学漳州校区。）,,1,四年,21000.0
西藏,2025,本科二批,理科,,厦门大学嘉庚学院,,,法学,（办学地点：厦门大学漳州校区。）,,2,四年,21000.0
西藏,2025,本科二批,理科,,厦门大学嘉庚学院,,,金融学,（办学地点：厦门大学漳州校区。）,,1,四年,21000.0
西藏,2025,本科二批,理科,,厦门工学院,,,机械工程,,,2,四年,30000.0
西藏,2025,本科二批,文科,,厦门工学院,,,汉语言文学,,,2,四年,34000.0
西藏,2025,本科二批,理科,326,厦门理工学院,,6,光电信息科学与工程,,,3,四年,5460.0
西藏,2025,本科二批,理科,326,厦门理工学院,,2,机械设计制造及其自动化,,,2,四年,5460.0
西藏,2025,本科二批,理科,326,厦门理工学院,,3,材料成型及控制工程,,,2,四年,5460.0
西藏,2025,本科二批,理科,326,厦门理工学院,,4,材料科学与工程,,,2,四年,5460.0
西藏,2025,本科二批,理科,326,厦门理工学院,,5,高分子材料与工程,,,2,四年,5460.0
西藏,2025,本科二批,理科,326,厦门理工学院,,7,土木工程,,,2,四年,5460.0
西藏,2025,本科二批,理科,326,厦门理工学院,,8,测绘工程,,,2,四年,5460.0
西藏,2025,本科二批,理科,326,厦门理工学院,,9,环境工程,（免补专业。）,,2,四年,5040.0
西藏,2025,本科二批,理科,326,厦门理工学院,,10,环境生态工程,（免补专业。）,,2,四年,5040.0
西藏,2025,本科二批,理科,326,厦门理工学院,,11,工程管理,,,2,四年,5040.0
西藏,2025,本科二批,文科,326,厦门理工学院,,1,汉语国际教育,,,2,四年,5040.0
西藏,2025,本科二批,文科,326,厦门理工学院,,12,工商管理,,,2,四年,5040.0
西藏,2025,本科二批,文科,326,厦门理工学院,,13,文化产业管理,,,2,四年,5040.0
西藏,2025,本科二批,理科,326,厦门理工学院,,14,物流管理,,,2,四年,5040.0
西藏,2025,本科二批,理科,160,台州学院,,3,护理学,（办学地点：椒江校区。）,,5,四年,6300.0
西藏,2025,本科二批,理科,160,台州学院,,4,财务管理,（办学地点：椒江校区。）,,3,四年,5500.0
西藏,2025,本科二批,文科,160,台州学院,,1,思想政治教育,（办学地点：临海校区。师范类。）,,3,四年,4800.0
西藏,2025,本科二批,文科,160,台州学院,,2,汉语言文学,（办学地点：临海校区。师范类。）,,3,四年,4800.0
西藏,2025,本科二批,文科,160,台州学院,,5,财务管理,（办学地点：椒江校区。）,,3,四年,5500.0
西藏,2025,本科二批,文科,160,台州学院,,6,旅游管理,（创新实验班）（办学地点：椒江校区。）,,3,四年,4800.0
西藏,2025,国家专项计划本科批,理科,163,合肥工业大学,,1,化学工程与工艺,（专业体检要求详见《合肥工业大学2025年全日制普通本科招生章程》。办学地点：合肥校区。）,,2,四年,5500.0
西藏,2025,国家专项计划本科批,理科,163,合肥工业大学,,3,食品质量与安全,（专业体检要求详见《合肥工业大学2025年全日制普通本科招生章程》。办学地点：合肥校区。）,,2,四年,5500.0
西藏,2025,本科一批,理科,163,合肥工业大学,,2,环境工程,（专业体检要求详见《合肥工业大学2025年全日制普通本科招生章程》。办学地点：合肥校区。免补专业。）,,3,四年,6050.0
西藏,2025,本科一批,理科,163,合肥工业大学,,4,电子商务,（专业体检要求详见《合肥工业大学2025年全日制普通本科招生章程》。办学地点：合肥校区。）,,3,四年,6600.0
西藏,2025,本科一批,理科,163,合肥工业大学,,,食品营养与健康,（专业体检要求详见《合肥工业大学2025年全日制普通本科招生章程》。办学地点：宣城校区。）,,1,四年,5500.0
西藏,2025,专科批,文科,412,吉林交通职业技术学院,,3,新能源汽车技术,,,2,三年,5500.0
西藏,2025,专科批,文科,412,吉林交通职业技术学院,,5,道路与桥梁工程技术,,,2,三年,5800.0
西藏,2025,专科批,理科,412,吉林交通职业技术学院,,1,机械制造及自动化,,,2,三年,5500.0
西藏,2025,专科批,理科,412,吉林交通职业技术学院,,2,智能控制技术,,,2,三年,4100.0
西藏,2025,专科批,理科,412,吉林交通职业技术学院,,4,智能网联汽车技术,,,2,三年,5000.0
西藏,2025,提前批艺体类本科,理科,,吉林体育学院,,,体能训练,（办学地点：吉林体育学院南岭校区。认可区内体育统考成绩。）,,2,四年,5000.0
西藏,2025,提前批艺体类本科,文科,,吉林体育学院,,,体能训练,（办学地点：吉林体育学院南岭校区。认可区内体育统考成绩。）,,2,四年,5000.0
西藏,2025,本科二批,理科,92,吉林农业大学,,4,食品科学与工程类,（含食品科学与工程、食品质量与安全、粮食工程、酿酒工程专业。办学地点：吉林农业大学净月校区。）,,7,四年,5400.0
西藏,2025,本科二批,理科,92,吉林农业大学,,1,机械类,（含机械设计制造及其自动化、自动化、农业智能装备工程（免补专业）、新能源科学与工程专业。办学地点：吉林农业大学净月校区。）,,4,四年,5400.0
西藏,2025,本科二批,理科,92,吉林农业大学,,6,动物生产类,（含动物科学、经济动物学、水产养殖学专业。办学地点：吉林农业大学净月校区。免补专业。）,,4,四年,5000.0
西藏,2025,本科二批,理科,92,吉林农业大学,,7,中药学类,（含中药学、中药资源与开发、中草药栽培与鉴定专业。办学地点：吉林农业大学净月校区。）,,4,四年,5600.0
西藏,2025,本科二批,理科,92,吉林农业大学,,8,工商管理类,（含工商管理、市场营销、财务管理、农林经济管理（免补专业）、土地资源管理、旅游管理专业。办学地点：吉林农业大学净月校区。）,,3,四年,4800.0
西藏,2025,本科二批,理科,92,吉林农业大学,,2,计算机类,（含计算机科学与技术、物联网工程、数据科学与大数据技术专业。办学地点：吉林农业大学净月校区。）,,2,四年,5400.0
西藏,2025,本科二批,理科,92,吉林农业大学,,3,环境科学与工程类,（含环境工程、环境科学专业。办学地点：吉林农业大学净月校区。免补专业。）,,2,四年,5400.0
西藏,2025,本科二批,理科,92,吉林农业大学,,5,自然保护与环境生态类,（含农业资源与环境、水土保持与荒漠化防治专业。办学地点：吉林农业大学净月校区。免补专业。）,,2,四年,5000.0
西藏,2025,本科二批,理科,359,吉林农业科技学院,,5,动物医学,（办学地点：吉林农业科技学院左家校区。免补专业。）,,8,五年,5500.0
西藏,2025,本科二批,理科,359,吉林农业科技学院,,6,中药学类,（不招色盲、色弱，不招单色识别不全者。含中药学、中药资源与开发、中草药栽培与鉴定专业。办学地点：吉林农业科技学院左家校区。）,,8,四年,5600.0
西藏,2025,本科二批,理科,359,吉林农业科技学院,,4,食品科学与工程类,（不招色盲、色弱，不招单色识别不全者。含食品科学与工程、食品质量与安全专业。办学地点：吉林农业科技学院九站校区。）,,5,四年,5400.0
西藏,2025,本科二批,理科,359,吉林农业科技学院,,2,土木工程,（办学地点：吉林农业科技学院九站校区。）,,3,四年,5400.0
西藏,2025,本科二批,理科,359,吉林农业科技学院,,3,制药工程,（不招色弱。办学地点：吉林农业科技学院九站校区。）,,3,四年,5400.0
西藏,2025,本科二批,文科,359,吉林农业科技学院,,1,英语,（招英语语种。办学地点：吉林农业科技学院九站校区。）,,2,四年,4600.0
西藏,2025,本科二批,理科,91,吉林化工大学,,2,应用化学,（不招色盲、色弱、单色识别不全。办学地点：吉林化工学院龙潭校区。）,,4,四年,5500.0
西藏,2025,本科二批,理科,91,吉林化工大学,,6,测控技术与仪器,（办学地点：吉林化工学院龙潭校区。）,,4,四年,5940.0
西藏,2025,本科二批,理科,91,吉林化工大学,,10,给排水科学与工程,（办学地点：吉林化工学院龙潭校区。）,,4,四年,5940.0
西藏,2025,本科二批,理科,91,吉林化工大学,,17,会计学,（办学地点：吉林化工学院双吉校区。）,,4,四年,5280.0
西藏,2025,本科二批,理科,91,吉林化工大学,,1,金融工程,（办学地点：吉林化工学院双吉校区。）,,3,四年,4800.0
西藏,2025,本科二批,理科,91,吉林化工大学,,7,材料化学,（不招色盲、色弱、单色识别不全。办学地点：吉林化工学院龙潭校区。）,,3,四年,5400.0
西藏,2025,本科二批,理科,91,吉林化工大学,,12,制药工程,（不招色盲、色弱、单色识别不全。办学地点：吉林化工学院龙潭校区。）,,3,四年,5940.0
西藏,2025,本科二批,理科,91,吉林化工大学,,15,食品科学与工程,（不招色盲、色弱、单色识别不全。办学地点：吉林化工学院龙潭校区。）,,3,四年,5400.0
西藏,2025,本科二批,理科,91,吉林化工大学,,3,材料成型及控制工程,（办学地点：吉林化工学院龙潭校区。）,,2,四年,5940.0
西藏,2025,本科二批,理科,91,吉林化工大学,,4,过程装备与控制工程,（不招色盲、色弱、单色识别不全。办学地点：吉林化工学院龙潭校区。）,,2,四年,5940.0
西藏,2025,本科二批,理科,91,吉林化工大学,,5,车辆工程,（办学地点：吉林化工学院双吉校区。）,,2,四年,5400.0
西藏,2025,本科二批,理科,91,吉林化工大学,,8,能源与动力工程,（办学地点：吉林化工学院龙潭校区。）,,2,四年,5400.0
西藏,2025,本科二批,理科,91,吉林化工大学,,11,化学工程与工艺,（不招色盲、色弱、单色识别不全。办学地点：吉林化工学院龙潭校区。）,,2,四年,5940.0
西藏,2025,本科二批,理科,91,吉林化工大学,,13,轻化工程,（不招色盲、色弱、单色识别不全。办学地点：吉林化工学院龙潭校区。）,,2,四年,5940.0
西藏,2025,本科二批,理科,91,吉林化工大学,,14,飞行器动力工程,（办学地点：吉林化工学院双吉校区。）,,2,四年,5400.0
西藏,2025,本科二批,理科,91,吉林化工大学,,16,市场营销,（办学地点：吉林化工学院双吉校区。）,,2,四年,4800.0
西藏,2025,本科二批,理科,91,吉林化工大学,,9,电气工程及其自动化,（办学地点：吉林化工学院龙潭校区。）,,1,四年,5400.0
西藏,2025,本科二批,理科,1157,吉林医药学院,,1,临床医学,（不招色弱、色盲。办学地点：吉林医药学院高新校区。）,,3,五年,6160.0
西藏,2025,本科二批,理科,1157,吉林医药学院,,2,护理学,（不招色弱、色盲。办学地点：吉林医药学院高新校区。）,,2,四年,6160.0
西藏,2025,专科批,理科,495,吉林司法警官职业学院,,2,法律事务,（办学地点：吉林司法警官职业学院合隆校区。）,,5,三年,4000.0
西藏,2025,专科批,理科,495,吉林司法警官职业学院,,4,司法鉴定技术,（办学地点：吉林司法警官职业学院合隆校区。）,,5,三年,4000.0
西藏,2025,专科批,文科,495,吉林司法警官职业学院,,1,法律事务,（办学地点：吉林司法警官职业学院合隆校区。）,,5,三年,4000.0
西藏,2025,专科批,文科,495,吉林司法警官职业学院,,3,司法鉴定技术,（办学地点：吉林司法警官职业学院合隆校区。）,,5,三年,4000.0
西藏,2025,本科一批,理科,85,吉林大学,,3,机械工程,（办学地点：南岭校区。）,,3,四年,6830.0
西藏,2025,本科一批,理科,85,吉林大学,,4,土木类,（土木工程专业可参与选拔法国南特中央理工大学3+1+2、德国亚琛工业大学4+2联合培养项目。含土木工程、地质工程（免补专业）专业。办学地点：前卫南区。）,,2,四年,6830.0
西藏,2025,本科一批,理科,85,吉林大学,,6,食品科学与工程类,（含食品科学与工程、食品质量与安全专业。办学地点：前卫南区。）,,2,四年,6830.0
西藏,2025,本科一批,理科,85,吉林大学,,8,预防医学,（办学地点：前卫南区。）,,2,五年,7080.0
西藏,2025,本科一批,理科,85,吉林大学,,,少数民族预科,（民族预科班）（预科学制1年后转入本科专业学习。护理学。预科培养地点：吉林大学。）,,2,一年,5000.0
西藏,2025,本科一批,理科,85,吉林大学,,,少数民族预科,（民族预科班）（预科学制1年后转入本科专业学习。法学。预科培养地点：吉林大学。）,,1,一年,5000.0
西藏,2025,高校专项计划本科批,理科,85,吉林大学,,7,植物生产类,（含农学、植物保护、农业资源与环境专业。办学地点：前卫南区。免补专业。）,,1,四年,6320.0
西藏,2025,国家专项计划本科批,理科,85,吉林大学,,5,地质类,（含地质学（免补专业）、资源勘查工程（免补专业）、土地资源管理专业。办学地点：前卫南区。）,,3,四年,6070.0
西藏,2025,国家专项计划本科批,理科,85,吉林大学,,9,农林经济管理,（办学地点：南岭校区。免补专业。）,,3,四年,6070.0
西藏,2025,本科一批,文科,85,吉林大学,,2,法学,（办学地点：前卫南区。）,,3,四年,6070.0
西藏,2025,高校专项计划本科批,文科,85,吉林大学,,1,哲学,（办学地点：前卫南区。）,,1,四年,5810.0
西藏,2025,专科批,理科,497,吉林工业职业技术学院,,1,工业机器人技术,（办学地点：吉桦东路校区。）,,4,三年,5500.0
西藏,2025,专科批,理科,497,吉林工业职业技术学院,,2,石油化工技术,（办学地点：恒山西路校区。）,,3,三年,5000.0
西藏,2025,专科批,理科,497,吉林工业职业技术学院,,4,软件技术,（办学地点：恒山西路校区。）,,3,三年,5000.0
西藏,2025,专科批,文科,497,吉林工业职业技术学院,,3,民航运输服务,（办学地点：吉桦东路校区。）,,5,三年,6500.0
西藏,2025,专科批,文科,497,吉林工业职业技术学院,,5,大数据与会计,（办学地点：吉桦东路校区。学费待定。）,,3,三年,
西藏,2025,本科二批,理科,340,吉林工商学院,,4,金融科技,（办学地点：吉林工商学院卡伦校区。）,,2,四年,4800.0
西藏,2025,本科二批,理科,340,吉林工商学院,,5,国际经济与贸易,（办学地点：吉林工商学院卡伦校区。）,,2,四年,5280.0
西藏,2025,本科二批,理科,340,吉林工商学院,,6,网络与新媒体,（办学地点：吉林工商学院卡伦校区。）,,2,四年,6200.0
西藏,2025,本科二批,理科,340,吉林工商学院,,7,通信工程,（办学地点：吉林工商学院卡伦校区。）,,2,四年,5400.0
西藏,2025,本科二批,理科,340,吉林工商学院,,8,数据科学与大数据技术,（办学地点：吉林工商学院卡伦校区。）,,2,四年,5400.0
西藏,2025,本科二批,理科,340,吉林工商学院,,10,粮食工程,（办学地点：吉林工商学院卡伦校区。）,,2,四年,5940.0
西藏,2025,本科二批,理科,340,吉林工商学院,,11,生物工程,（办学地点：吉林工商学院卡伦校区。）,,2,四年,5940.0
西藏,2025,本科二批,理科,340,吉林工商学院,,14,会计学,（办学地点：吉林工商学院卡伦校区。）,,2,四年,5280.0
西藏,2025,本科二批,理科,340,吉林工商学院,,16,资产评估,（办学地点：吉林工商学院卡伦校区。）,,2,四年,4800.0
西藏,2025,本科二批,理科,340,吉林工商学院,,18,物流管理,（办学地点：吉林工商学院卡伦校区。）,,2,四年,5280.0
西藏,2025,本科二批,文科,340,吉林工商学院,,1,税收学,（办学地点：吉林工商学院卡伦校区。）,,2,四年,4800.0
西藏,2025,本科二批,文科,340,吉林工商学院,,12,工商管理,（办学地点：吉林工商学院卡伦校区。）,,2,四年,4800.0
西藏,2025,本科二批,文科,340,吉林工商学院,,17,物流管理,（办学地点：吉林工商学院卡伦校区。）,,2,四年,5280.0
西藏,2025,本科二批,文科,340,吉林工商学院,,2,金融学,（办学地点：吉林工商学院卡伦校区。）,,1,四年,5280.0
西藏,2025,本科二批,文科,340,吉林工商学院,,13,市场营销,（办学地点：吉林工商学院卡伦校区。）,,1,四年,4800.0
西藏,2025,本科二批,文科,340,吉林工商学院,,15,会计学,（办学地点：吉林工商学院卡伦校区。）,,1,四年,5280.0
西藏,2025,本科二批,文科,340,吉林工商学院,,19,旅游管理,（办学地点：吉林工商学院卡伦校区。）,,1,四年,5280.0
西藏,2025,本科二批,理科,340,吉林工商学院,,3,金融学,（办学地点：吉林工商学院卡伦校区。）,,1,四年,5280.0
西藏,2025,本科二批,理科,340,吉林工商学院,,9,食品科学与工程,（办学地点：吉林工商学院卡伦校区。）,,1,四年,5940.0
西藏,2025,本科二批,理科,340,吉林工商学院,,20,旅游管理,（办学地点：吉林工商学院卡伦校区。）,,1,四年,5280.0
西藏,2025,本科二批,理科,98,吉林工程技术师范学院,,2,数字媒体技术,（办学地点：吉林工程技术师范学院凯旋校区。师范类。）,,15,四年,5400.0
西藏,2025,本科二批,理科,98,吉林工程技术师范学院,,1,编辑出版学,（办学地点：吉林工程技术师范学院凯旋校区。）,,10,四年,6820.0
西藏,2025,本科二批,文科,98,吉林工程技术师范学院,,3,旅游管理,（办学地点：吉林工程技术师范学院凯旋校区。师范类。）,,10,四年,5280.0
西藏,2025,专科批,理科,582,吉林工程职业学院,,1,建筑装饰工程技术,（办学地点：吉林工程职业学院。）,,4,三年,3700.0
西藏,2025,专科批,理科,582,吉林工程职业学院,,2,计算机网络技术,（办学地点：吉林工程职业学院。学费待定。）,,3,三年,
西藏,2025,专科批,理科,582,吉林工程职业学院,,3,旅游管理,（办学地点：吉林工程职业学院。）,,2,三年,5500.0
西藏,2025,本科二批,理科,97,吉林师范大学,,7,数学与应用数学,（办学地点：吉林师范大学四平校区。师范类。）,,2,四年,5500.0
西藏,2025,本科二批,理科,97,吉林师范大学,,8,应用物理学,（办学地点：吉林师范大学四平校区。）,,2,四年,5500.0
西藏,2025,本科二批,理科,97,吉林师范大学,,9,应用化学,（办学地点：吉林师范大学四平校区。）,,2,四年,5500.0
西藏,2025,本科二批,理科,97,吉林师范大学,,10,计算机科学与技术,（办学地点：吉林师范大学四平校区。师范类。）,,2,四年,5940.0
西藏,2025,本科二批,理科,97,吉林师范大学,,12,人力资源管理,（办学地点：吉林师范大学四平校区。）,,2,四年,5280.0
西藏,2025,本科二批,文科,97,吉林师范大学,,2,民族学,（办学地点：吉林师范大学四平校区。）,,4,四年,4800.0
西藏,2025,本科二批,文科,97,吉林师范大学,,4,小学教育,（办学地点：吉林师范大学四平校区。师范类。）,,4,四年,5280.0
西藏,2025,本科二批,文科,97,吉林师范大学,,6,历史学,（办学地点：吉林师范大学四平校区。师范类。）,,3,四年,5060.0
西藏,2025,本科二批,文科,97,吉林师范大学,,1,社会工作,（办学地点：吉林师范大学四平校区。）,,2,四年,4800.0
西藏,2025,本科二批,文科,97,吉林师范大学,,3,思想政治教育,（办学地点：吉林师范大学四平校区。师范类。）,,2,四年,5280.0
西藏,2025,本科二批,文科,97,吉林师范大学,,11,市场营销,（办学地点：吉林师范大学四平校区。）,,2,四年,4800.0
西藏,2025,提前批艺体类本科,文科,97,吉林师范大学,,,书法学,（办学地点：吉林师范大学四平校区。师范类。认可区内书法类专业统考成绩。）,,2,四年,5940.0
西藏,2025,本科二批,理科,90,吉林建筑大学,,1,地理空间信息工程,（办学地点：吉林建筑大学净月校区。）,,2,四年,5400.0
西藏,2025,本科二批,理科,90,吉林建筑大学,,2,工程管理,（办学地点：吉林建筑大学净月校区。）,,2,四年,5280.0
西藏,2025,专科批,理科,740,吉林水利电力职业学院,,1,发电厂及电力系统,（办学地点：净月校区。）,,5,三年,5000.0
西藏,2025,专科批,文科,740,吉林水利电力职业学院,,2,水利水电工程技术,（办学地点：净月校区。免补专业。）,,5,三年,5000.0
西藏,2025,专科批,理科,496,吉林电子信息职业技术学院,,2,汽车制造与试验技术,（办学地点：新山校区。）,,5,三年,5500.0
西藏,2025,专科批,理科,496,吉林电子信息职业技术学院,,4,汽车检测与维修技术,（办学地点：新山校区。学费待定。）,,5,三年,
西藏,2025,专科批,文科,496,吉林电子信息职业技术学院,,1,汽车制造与试验技术,（办学地点：新山校区。）,,5,三年,5500.0
西藏,2025,专科批,文科,496,吉林电子信息职业技术学院,,3,汽车检测与维修技术,（办学地点：新山校区。学费待定。）,,5,三年,
西藏,2025,本科二批,理科,361,吉林警察学院,,3,计算机科学与技术,（办学地点：吉林警察学院净月校区。）,,4,四年,5940.0
西藏,2025,本科二批,理科,361,吉林警察学院,,2,法学,（办学地点：吉林警察学院净月校区。）,,1,四年,5280.0
西藏,2025,本科二批,理科,361,吉林警察学院,,4,财务管理,（办学地点：吉林警察学院净月校区。）,,1,四年,5280.0
西藏,2025,本科二批,文科,361,吉林警察学院,,1,法学,（办学地点：吉林警察学院净月校区。）,,2,四年,5280.0
西藏,2025,本科二批,理科,101,吉林财经大学,,4,金融工程,（办学地点：吉林财经大学净月校区。）,,3,四年,5280.0
西藏,2025,本科二批,理科,101,吉林财经大学,,7,国际经济与贸易,（办学地点：吉林财经大学净月校区。）,,3,四年,5280.0
西藏,2025,本科二批,理科,101,吉林财经大学,,20,养老服务管理,（办学地点：吉林财经大学净月校区。）,,3,四年,4800.0
西藏,2025,本科二批,理科,101,吉林财经大学,,1,经济学,（办学地点：吉林财经大学净月校区。）,,2,四年,5280.0
西藏,2025,本科二批,理科,101,吉林财经大学,,2,经济统计学,（办学地点：吉林财经大学净月校区。）,,2,四年,5280.0
西藏,2025,本科二批,理科,101,吉林财经大学,,3,税收学,（办学地点：吉林财经大学净月校区。）,,2,四年,5280.0
西藏,2025,本科二批,理科,101,吉林财经大学,,5,保险学,（办学地点：吉林财经大学净月校区。）,,2,四年,5280.0
西藏,2025,本科二批,理科,101,吉林财经大学,,6,金融数学,（办学地点：吉林财经大学净月校区。）,,2,四年,4800.0
西藏,2025,本科二批,理科,101,吉林财经大学,,9,应用统计学,（办学地点：吉林财经大学净月校区。）,,2,四年,5000.0
西藏,2025,本科二批,理科,101,吉林财经大学,,11,数据科学与大数据技术,（办学地点：吉林财经大学净月校区。）,,2,四年,5400.0
西藏,2025,本科二批,文科,101,吉林财经大学,,8,广告学,（办学地点：吉林财经大学净月校区。）,,2,四年,6820.0
西藏,2025,本科二批,文科,101,吉林财经大学,,13,市场营销,（办学地点：吉林财经大学净月校区。）,,2,四年,5280.0
西藏,2025,本科二批,文科,101,吉林财经大学,,14,会计学,（办学地点：吉林财经大学净月校区。）,,1,四年,5280.0
西藏,2025,本科二批,文科,101,吉林财经大学,,19,资产评估,（办学地点：吉林财经大学净月校区。）,,1,四年,4800.0
西藏,2025,本科二批,理科,101,吉林财经大学,,16,财务管理,（办学地点：吉林财经大学净月校区。）,,2,四年,5280.0
西藏,2025,本科二批,理科,101,吉林财经大学,,17,人力资源管理,（办学地点：吉林财经大学净月校区。）,,2,四年,5280.0
西藏,2025,本科二批,理科,101,吉林财经大学,,10,数据科学,（办学地点：吉林财经大学净月校区。）,,1,四年,5000.0
西藏,2025,本科二批,理科,101,吉林财经大学,,12,大数据管理与应用,（办学地点：吉林财经大学净月校区。）,,1,四年,4800.0
西藏,2025,本科二批,理科,101,吉林财经大学,,15,会计学,（办学地点：吉林财经大学净月校区。）,,1,四年,5280.0
西藏,2025,本科二批,理科,101,吉林财经大学,,18,审计学,（办学地点：吉林财经大学净月校区。）,,1,四年,5280.0
西藏,2025,本科二批,理科,101,吉林财经大学,,21,物流管理,（办学地点：吉林财经大学净月校区。）,,1,四年,4800.0
西藏,2025,专科批,理科,810,吉林通用航空职业技术学院,,2,护理,（办学地点：吉林通用航空职业技术学院。）,,13,三年,5500.0
西藏,2025,专科批,理科,810,吉林通用航空职业技术学院,,3,学前教育,（办学地点：吉林通用航空职业技术学院。师范类。）,,12,三年,4000.0
西藏,2025,专科批,文科,810,吉林通用航空职业技术学院,,4,学前教育,（办学地点：吉林通用航空职业技术学院。师范类。）,,13,三年,4000.0
西藏,2025,专科批,文科,810,吉林通用航空职业技术学院,,1,护理,（办学地点：吉林通用航空职业技术学院。）,,12,三年,5500.0
西藏,2025,专科批,理科,1214,吉林铁道职业技术大学,,1,铁道机车车辆制造与维护,（办学地点：吉林铁道职业技术大学。）,,2,三年,6000.0
西藏,2025,专科批,理科,1214,吉林铁道职业技术大学,,2,高速铁路动车组制造与维护,（办学地点：吉林铁道职业技术大学。）,,2,三年,5500.0
西藏,2025,专科批,理科,1214,吉林铁道职业技术大学,,3,铁道工程技术,（办学地点：吉林铁道职业技术大学。）,,2,三年,6800.0
西藏,2025,专科批,理科,1214,吉林铁道职业技术大学,,4,高速铁路施工与维护,（办学地点：吉林铁道职业技术大学。）,,2,三年,6800.0
西藏,2025,专科批,理科,1214,吉林铁道职业技术大学,,5,铁道桥梁隧道工程技术,（办学地点：吉林铁道职业技术大学。）,,2,三年,5500.0
西藏,2025,专科批,理科,1214,吉林铁道职业技术大学,,6,铁道机车运用与维护,（办学地点：吉林铁道职业技术大学。）,,2,三年,6800.0
西藏,2025,专科批,理科,1214,吉林铁道职业技术大学,,8,高速铁路综合维修技术,（办学地点：吉林铁道职业技术大学。）,,2,三年,6000.0
西藏,2025,专科批,理科,1214,吉林铁道职业技术大学,,7,铁道车辆技术,（办学地点：吉林铁道职业技术大学。）,,1,三年,6800.0
西藏,2025,专科批,文科,1214,吉林铁道职业技术大学,,10,铁道交通运营管理,（办学地点：吉林铁道职业技术大学。）,,2,三年,6800.0
西藏,2025,专科批,文科,1214,吉林铁道职业技术大学,,11,铁路物流管理,（办学地点：吉林铁道职业技术大学。）,,2,三年,5000.0
西藏,2025,专科批,文科,1214,吉林铁道职业技术大学,,9,铁道信号自动控制,（办学地点：吉林铁道职业技术大学。）,,1,三年,6800.0
西藏,2025,本科二批,理科,744,吉首大学,,,少数民族预科,（民族预科班）（预科培养地点：吉首大学。）,,25,一年,4000.0
西藏,2025,本科二批,文科,744,吉首大学,,,少数民族预科,（民族预科班）（预科培养地点：吉首大学。）,,22,一年,4000.0
西藏,2025,本科二批,文科,744,吉首大学,,1,汉语言文学,（办学地点：吉首校区。师范类。）,,1,四年,4000.0
西藏,2025,本科二批,文科,744,吉首大学,,2,网络与新媒体,（办学地点：吉首校区。）,,1,四年,6000.0
西藏,2025,本科一批,理科,112,同济大学,,1,工科试验班,（含双学位培养项目：土木工程-法学，环境科学-会计学，土木工程-数学与应用数学，环境工程—数学与应用数学。含环境科学拔尖班。含土木工程、智能建造、环境工程（免补专业）、给排水科学与工程、环境科学（免补专业）专业。）,,2,四年,7700.0
西藏,2025,本科一批,理科,112,同济大学,,12,建筑类,（类内专业任选。含双学位培养项目：建筑学-应用物理学，城乡规划-法学。不招色盲、色弱。分流专业中建筑学为五年制。含建筑学、历史建筑保护工程、城乡规划、风景园林、城市设计专业。）,,2,四年,7700.0
西藏,2025,国家专项计划本科批,理科,112,同济大学,,2,工科试验班,（建筑城规学院。不招色盲、色弱。分流专业中建筑学为五年制。含建筑学、历史建筑保护工程、城乡规划、风景园林、城市设计专业。）,,2,四年,7700.0
西藏,2025,高校专项计划本科批,理科,112,同济大学,,3,工科试验班,（土木学院。含土木工程、智能建造专业。）,,1,四年,7700.0
西藏,2025,专科批,理科,905,吐鲁番职业技术学院,,1,畜牧兽医,（免补专业。）,,4,三年,3300.0
西藏,2025,专科批,理科,905,吐鲁番职业技术学院,,7,汽车检测与维修技术,,,3,三年,3300.0
西藏,2025,专科批,理科,905,吐鲁番职业技术学院,,2,储能材料技术,,,2,三年,3300.0
西藏,2025,专科批,理科,905,吐鲁番职业技术学院,,5,应用化工技术,,,2,三年,3300.0
西藏,2025,专科批,理科,905,吐鲁番职业技术学院,,6,煤化工技术,,,2,三年,3300.0
西藏,2025,专科批,理科,905,吐鲁番职业技术学院,,10,数字媒体技术,,,2,三年,3300.0
西藏,2025,专科批,理科,905,吐鲁番职业技术学院,,3,机电设备技术,,,1,三年,3300.0
西藏,2025,专科批,理科,905,吐鲁番职业技术学院,,4,机电一体化技术,,,1,三年,3300.0
西藏,2025,专科批,理科,905,吐鲁番职业技术学院,,9,软件技术,,,1,三年,3300.0
西藏,2025,专科批,理科,905,吐鲁番职业技术学院,,13,助产,,,1,三年,3900.0
西藏,2025,专科批,文科,905,吐鲁番职业技术学院,,11,护理,（临床护理）,,2,三年,3900.0
西藏,2025,专科批,文科,905,吐鲁番职业技术学院,,21,导游,,,2,三年,2900.0
西藏,2025,专科批,文科,905,吐鲁番职业技术学院,,22,早期教育,,,2,三年,2900.0
西藏,2025,专科批,文科,905,吐鲁番职业技术学院,,8,计算机网络技术,（网络工程方向）,,1,三年,3300.0
西藏,2025,专科批,文科,905,吐鲁番职业技术学院,,12,助产,,,1,三年,3900.0
西藏,2025,专科批,文科,905,吐鲁番职业技术学院,,14,婴幼儿托育服务与管理,,,1,三年,3900.0
西藏,2025,专科批,文科,905,吐鲁番职业技术学院,,17,老年保健与管理,,,1,三年,3900.0
西藏,2025,专科批,文科,905,吐鲁番职业技术学院,,20,旅游管理,,,1,三年,2900.0
西藏,2025,专科批,文科,905,吐鲁番职业技术学院,,23,学前教育,,,1,三年,2900.0
西藏,2025,专科批,理科,905,吐鲁番职业技术学院,,15,婴幼儿托育服务与管理,,,1,三年,3900.0
西藏,2025,专科批,理科,905,吐鲁番职业技术学院,,16,老年保健与管理,,,1,三年,3900.0
西藏,2025,专科批,理科,905,吐鲁番职业技术学院,,18,电子商务,,,1,三年,3000.0
西藏,2025,专科批,理科,905,吐鲁番职业技术学院,,19,旅游管理,,,1,三年,2900.0
西藏,2025,本科二批,文科,383,呼和浩特民族学院,,2,民族学,,,2,四年,4200.0
西藏,2025,本科二批,文科,383,呼和浩特民族学院,,1,法学,,,1,四年,4200.0
西藏,2025,本科二批,文科,383,呼和浩特民族学院,,3,思想政治教育,（师范类。）,,1,四年,4200.0
西藏,2025,本科二批,文科,383,呼和浩特民族学院,,5,小学教育,（师范类。）,,1,四年,4600.0
西藏,2025,本科二批,文科,383,呼和浩特民族学院,,6,汉语言文学,（师范类。）,,1,四年,4200.0
西藏,2025,本科二批,理科,383,呼和浩特民族学院,,8,应用化学,,,2,四年,4600.0
西藏,2025,本科二批,理科,383,呼和浩特民族学院,,4,科学教育,（师范类。）,,1,四年,4600.0
西藏,2025,本科二批,理科,383,呼和浩特民族学院,,7,数学与应用数学,（师范类。）,,1,四年,4600.0
西藏,2025,专科批,理科,452,呼和浩特职业技术大学,,1,铁道工程技术,（不招色盲、色弱，女生慎重报考。）,,2,三年,5000.0
西藏,2025,专科批,文科,452,呼和浩特职业技术大学,,2,铁道工程技术,（不招色盲、色弱，女生慎重报考。）,,3,三年,5000.0
西藏,2025,专科批,理科,836,咸宁职业技术学院,,11,护理,,,4,三年,5000.0
西藏,2025,专科批,理科,836,咸宁职业技术学院,,3,建筑工程技术,,,2,三年,5000.0
西藏,2025,专科批,理科,836,咸宁职业技术学院,,4,无人机应用技术,,,2,三年,5000.0
西藏,2025,专科批,理科,836,咸宁职业技术学院,,5,新能源汽车技术,,,2,三年,5000.0
西藏,2025,专科批,理科,836,咸宁职业技术学院,,6,生物制药技术,,,2,三年,5000.0
西藏,2025,专科批,理科,836,咸宁职业技术学院,,7,电子信息工程技术,,,2,三年,5000.0
西藏,2025,专科批,理科,836,咸宁职业技术学院,,10,人工智能技术应用,,,2,三年,5000.0
西藏,2025,专科批,理科,836,咸宁职业技术学院,,14,业财数据应用与管理,,,2,三年,5000.0
西藏,2025,提前批艺体类专科,理科,836,咸宁职业技术学院,,,体育教育,（认可区内体育统考成绩。师范类。）,,2,三年,5000.0
西藏,2025,专科批,文科,836,咸宁职业技术学院,,8,计算机应用技术,,,8,三年,5000.0
西藏,2025,专科批,文科,836,咸宁职业技术学院,,12,护理,,,6,三年,5000.0
西藏,2025,专科批,文科,836,咸宁职业技术学院,,2,建筑工程技术,,,3,三年,5000.0
西藏,2025,专科批,文科,836,咸宁职业技术学院,,15,业财数据应用与管理,,,3,三年,5000.0
西藏,2025,专科批,文科,836,咸宁职业技术学院,,1,农产品加工与质量检测,（免补专业。）,,2,三年,5000.0
西藏,2025,专科批,文科,836,咸宁职业技术学院,,9,人工智能技术应用,,,2,三年,5000.0
西藏,2025,专科批,文科,836,咸宁职业技术学院,,13,大数据与会计,,,2,三年,5000.0
西藏,2025,专科批,文科,836,咸宁职业技术学院,,16,公共文化服务与管理,,,2,三年,5000.0
西藏,2025,提前批艺体类专科,文科,836,咸宁职业技术学院,,,体育教育,（认可区内体育统考成绩。师范类。）,,2,三年,5000.0
西藏,2025,本科二批,理科,277,咸阳师范学院,,4,小学教育,（办学地点：渭城校区。师范类。）,,5,四年,5000.0
西藏,2025,本科二批,理科,277,咸阳师范学院,,10,地理科学,（办学地点：渭城校区。师范类。）,,5,四年,6000.0
西藏,2025,本科二批,理科,277,咸阳师范学院,,12,测绘工程,（办学地点：渭城校区。）,,3,四年,6000.0
西藏,2025,本科二批,理科,277,咸阳师范学院,,11,地理信息科学,（办学地点：渭城校区。）,,2,四年,6000.0
西藏,2025,本科二批,文科,277,咸阳师范学院,,1,社会工作,（办学地点：渭城校区。）,,7,四年,5000.0
西藏,2025,本科二批,文科,277,咸阳师范学院,,2,思想政治教育,（办学地点：渭城校区。师范类。）,,6,四年,5000.0
西藏,2025,本科二批,文科,277,咸阳师范学院,,8,历史学,（办学地点：渭城校区。师范类。）,,6,四年,4250.0
西藏,2025,本科二批,文科,277,咸阳师范学院,,3,学前教育,（办学地点：渭城校区。师范类。）,,5,四年,5350.0
西藏,2025,本科二批,文科,277,咸阳师范学院,,7,汉语言文学,（办学地点：渭城校区。师范类。）,,4,四年,5350.0
西藏,2025,本科二批,文科,277,咸阳师范学院,,9,文物与博物馆学,（办学地点：渭城校区。）,,4,四年,5000.0
西藏,2025,本科二批,文科,277,咸阳师范学院,,6,特殊教育,（办学地点：渭城校区。师范类。）,,3,四年,5000.0
西藏,2025,本科二批,文科,277,咸阳师范学院,,5,小学教育,（办学地点：渭城校区。师范类。）,,2,四年,5000.0
西藏,2025,提前批艺体类本科,理科,,哈尔滨体育学院,,,体育教育,（办学地点：主校区。认可区内体育统考成绩。）,,4,四年,6000.0
西藏,2025,提前批艺体类本科,理科,,哈尔滨体育学院,,,社会体育指导与管理,（办学地点：主校区。认可区内体育统考成绩。）,,3,四年,4000.0
西藏,2025,提前批艺体类本科,理科,,哈尔滨体育学院,,,冰雪运动,（办学地点：主校区。认可区内体育统考成绩。）,,3,四年,8000.0
西藏,2025,提前批艺体类本科,文科,,哈尔滨体育学院,,,冰雪运动,（办学地点：主校区。认可区内体育统考成绩。）,,3,四年,8000.0
西藏,2025,提前批艺体类本科,文科,,哈尔滨信息工程学院,,,视觉传达设计,（民办）（不招色盲、单色识别不全考生。所有专业均要求学生入学时自备笔记本电脑。招生咨询电话：0451-58607888。学校网址：https://www.greathiit.com/。认可区内美术与设计类专业统考成绩。）,,15,四年,28000.0
西藏,2025,本科一批,理科,484,哈尔滨商业大学,,6,质量管理工程,（办学地点：哈尔滨商业大学北校区。）,,3,四年,5000.0
西藏,2025,本科一批,理科,484,哈尔滨商业大学,,1,金融学,（办学地点：哈尔滨商业大学北校区。）,,2,四年,3500.0
西藏,2025,本科一批,理科,484,哈尔滨商业大学,,2,计算机科学与技术,（办学地点：哈尔滨商业大学北校区。）,,2,四年,4800.0
西藏,2025,本科一批,理科,484,哈尔滨商业大学,,3,工商管理,（办学地点：哈尔滨商业大学北校区。）,,2,四年,3500.0
西藏,2025,本科一批,理科,484,哈尔滨商业大学,,4,物流管理,（办学地点：哈尔滨商业大学北校区。）,,2,四年,3500.0
西藏,2025,本科一批,理科,484,哈尔滨商业大学,,5,物流工程,（办学地点：哈尔滨商业大学北校区。）,,2,四年,5000.0
西藏,2025,本科二批,理科,480,哈尔滨学院,,6,小学教育,（师范类。）,,2,四年,2800.0
西藏,2025,本科二批,理科,480,哈尔滨学院,,4,学前教育,（师范类。）,,1,四年,3500.0
西藏,2025,本科二批,理科,480,哈尔滨学院,,8,旅游管理,,,1,四年,4000.0
西藏,2025,本科二批,文科,480,哈尔滨学院,,1,社会工作,,,2,四年,4500.0
西藏,2025,本科二批,文科,480,哈尔滨学院,,2,思想政治教育,（师范类。）,,2,四年,2500.0
西藏,2025,本科二批,文科,480,哈尔滨学院,,3,学前教育,（师范类。）,,2,四年,3500.0
西藏,2025,本科二批,文科,480,哈尔滨学院,,5,小学教育,（师范类。）,,2,四年,2800.0
西藏,2025,本科二批,文科,480,哈尔滨学院,,7,旅游管理,,,1,四年,4000.0
西藏,2025,本科一批,理科,103,哈尔滨工业大学,,4,工科试验班,（AI加先进技术领军班）（本专业类内任选专业。含自动化、智能装备与系统、探测制导与控制技术、集成电路设计与集成系统、微电子科学与工程、智能视觉工程、通信工程、电子信息工程、信息对抗技术、智能科学与技术、电气工程及其自动化、能源互联网工程、统计学、计算机科学与技术、人工智能等专业。）,,12,四年,5500.0
西藏,2025,本科一批,理科,103,哈尔滨工业大学,,1,工科试验班,（未来技术拔尖班）（校本部理工专业任选，未来技术学院培养、书院制管理，采用“一生一策”拔尖培养。含自动化、人工智能、计算机科学与技术、通信工程、电子信息工程、飞行器设计与工程、机器人工程、焊接技术与工程、电气工程及其自动化、复合材料与工程、智能材料与结构等专业。）,,1,四年,5500.0
西藏,2025,国家专项计划本科批,理科,103,哈尔滨工业大学,,3,工科试验班,（卓越优才计划）（本专业类内任选专业，高考投档成绩在本科一批我校统招录取投档成绩以下的，入学后仅可申请在卓越优才计划内转专业。含信息管理与信息系统、大数据管理与应用、计算金融、数字经济、土木工程、城市地下空间工程、智能建造、环境工程（免补专业）、给排水科学与工程等专业。）,,4,四年,5500.0
西藏,2025,国家专项计划本科批,理科,103,哈尔滨工业大学,,2,工科试验班,（本专业类内任选专业，该专业所录取考生高考成绩在本科批我校统招录取投档分数以下者不得转专业。含智能医学工程、生物信息学、生物工程、生物技术专业。办学地点：哈尔滨市。）,,1,四年,5500.0
西藏,2025,本科一批,理科,105,哈尔滨工程大学,,1,机械类,（含机械设计制造及其自动化、工业设计专业。）,,1,四年,5500.0
西藏,2025,本科一批,理科,105,哈尔滨工程大学,,3,能源动力类,（含能源与动力工程、轮机工程专业。）,,1,四年,5500.0
西藏,2025,本科一批,理科,105,哈尔滨工程大学,,5,海洋工程类,（含船舶与海洋工程、港口航道与海岸工程、海洋机器人专业。）,,1,四年,5500.0
西藏,2025,本科一批,理科,105,哈尔滨工程大学,,6,航空航天类,（含飞行器设计与工程、飞行器动力工程、工程力学专业。）,,1,四年,5500.0
西藏,2025,本科一批,理科,105,哈尔滨工程大学,,7,大数据管理与应用,（不招单色异常考生。）,,1,四年,5000.0
西藏,2025,国家专项计划本科批,理科,105,哈尔滨工程大学,,1,机械类,（含机械设计制造及其自动化、工业设计专业。）,,1,四年,5500.0
西藏,2025,国家专项计划本科批,理科,105,哈尔滨工程大学,,3,能源动力类,（含能源与动力工程、轮机工程专业。）,,1,四年,5500.0
西藏,2025,本科二批,理科,465,哈尔滨师范大学,,3,地理科学,（办学地点：主校区。师范类。）,,3,四年,2800.0
西藏,2025,本科二批,理科,465,哈尔滨师范大学,,1,经济学,（办学地点：主校区。）,,2,四年,3500.0
西藏,2025,本科二批,理科,465,哈尔滨师范大学,,4,人力资源管理,（办学地点：主校区。）,,2,四年,5000.0
西藏,2025,本科二批,文科,465,哈尔滨师范大学,,5,旅游管理,（办学地点：主校区。）,,4,四年,3500.0
西藏,2025,本科二批,文科,465,哈尔滨师范大学,,2,小学教育,（办学地点：主校区。师范类。）,,2,四年,3000.0
西藏,2025,提前批艺体类本科,理科,,哈尔滨广厦学院,,,视觉传达设计,（民办）（办学地点：黑龙江省哈尔滨市。认可区内美术与设计类专业统考成绩。）,,4,四年,29800.0
西藏,2025,提前批艺体类本科,理科,,哈尔滨广厦学院,,,环境设计,（民办）（办学地点：黑龙江省哈尔滨市。认可区内美术与设计类专业统考成绩。）,,2,四年,29800.0
西藏,2025,提前批艺体类本科,文科,,哈尔滨广厦学院,,,视觉传达设计,（民办）（办学地点：黑龙江省哈尔滨市。认可区内美术与设计类专业统考成绩。）,,4,四年,29800.0
西藏,2025,提前批艺体类本科,文科,,哈尔滨广厦学院,,,环境设计,（民办）（办学地点：黑龙江省哈尔滨市。认可区内美术与设计类专业统考成绩。）,,3,四年,29800.0
西藏,2025,本科一批,理科,104,哈尔滨理工大学,,1,机械设计制造及其自动化,,,4,四年,3500.0
西藏,2025,本科一批,理科,104,哈尔滨理工大学,,2,车辆工程,,,4,四年,5500.0
西藏,2025,本科一批,理科,104,哈尔滨理工大学,,4,高分子材料与工程,,,4,四年,3500.0
西藏,2025,本科一批,理科,104,哈尔滨理工大学,,5,电气工程及其自动化,,,4,四年,4000.0
西藏,2025,本科一批,理科,104,哈尔滨理工大学,,8,工商管理,,,4,四年,3500.0
西藏,2025,本科一批,理科,104,哈尔滨理工大学,,9,会计学,,,4,四年,3500.0
西藏,2025,本科一批,理科,104,哈尔滨理工大学,,7,信息管理与信息系统,,,3,四年,3500.0
西藏,2025,本科一批,理科,104,哈尔滨理工大学,,10,人力资源管理,,,3,四年,3500.0
西藏,2025,本科一批,理科,104,哈尔滨理工大学,,3,测控技术与仪器,,,2,四年,3500.0
西藏,2025,本科一批,理科,104,哈尔滨理工大学,,6,安全工程,,,2,四年,3500.0
西藏,2025,提前批艺体类本科,文科,,哈尔滨石油学院,,,音乐表演,（民办）（音乐表演声乐）（声乐）（认可区内音乐表演（声乐方向）专业统考成绩。）,,7,四年,27800.0
西藏,2025,提前批艺体类本科,文科,,哈尔滨石油学院,,,数字媒体艺术,（民办）（美术）（认可区内美术与设计类专业统考成绩。）,,5,四年,27800.0
西藏,2025,提前批艺体类本科,理科,,哈尔滨石油学院,,,音乐表演,（民办）（音乐表演声乐）（声乐）（认可区内音乐表演（声乐方向）专业统考成绩。）,,6,四年,27800.0
西藏,2025,提前批艺体类本科,理科,,哈尔滨石油学院,,,数字媒体艺术,（民办）（美术）（认可区内美术与设计类专业统考成绩。）,,5,四年,27800.0
西藏,2025,专科批,文科,1124,哈尔滨职业技术大学,,8,护理,（办学地点：主校区。）,,10,三年,6000.0
西藏,2025,专科批,文科,1124,哈尔滨职业技术大学,,1,安全技术与管理,（办学地点：主校区。）,,5,三年,6000.0
西藏,2025,专科批,文科,1124,哈尔滨职业技术大学,,6,生物制药技术,（办学地点：主校区。）,,5,三年,6000.0
西藏,2025,专科批,文科,1124,哈尔滨职业技术大学,,10,智慧健康养老服务与管理,（办学地点：主校区。）,,2,三年,6000.0
西藏,2025,专科批,理科,1124,哈尔滨职业技术大学,,9,护理,（办学地点：主校区。）,,12,三年,6000.0
西藏,2025,专科批,理科,1124,哈尔滨职业技术大学,,2,安全技术与管理,（办学地点：主校区。）,,5,三年,6000.0
西藏,2025,专科批,理科,1124,哈尔滨职业技术大学,,3,应急救援技术,（办学地点：主校区。）,,5,三年,6000.0
西藏,2025,专科批,理科,1124,哈尔滨职业技术大学,,4,新能源汽车技术,（办学地点：主校区。）,,5,三年,6000.0
西藏,2025,专科批,理科,1124,哈尔滨职业技术大学,,7,生物制药技术,（办学地点：主校区。）,,5,三年,6000.0
西藏,2025,专科批,理科,1124,哈尔滨职业技术大学,,11,智慧健康养老服务与管理,（办学地点：主校区。）,,4,三年,6000.0
西藏,2025,专科批,理科,1124,哈尔滨职业技术大学,,5,食品检验检测技术,（办学地点：主校区。）,,2,三年,6000.0
西藏,2025,提前批艺体类本科,理科,,哈尔滨远东理工学院,,,设计学类,（民办）（含视觉传达设计、环境设计、产品设计专业。办学地点：哈尔滨市。认可区内美术与设计类专业统考成绩。）,,5,四年,25800.0
西藏,2025,提前批艺体类本科,文科,,哈尔滨远东理工学院,,,设计学类,（民办）（含视觉传达设计、环境设计、产品设计专业。办学地点：哈尔滨市。认可区内美术与设计类专业统考成绩。）,,8,四年,25800.0
西藏,2025,本科二批,理科,498,哈尔滨金融学院,,2,知识产权,,,5,四年,5000.0
西藏,2025,本科二批,文科,498,哈尔滨金融学院,,1,税收学,,,4,四年,4500.0
西藏,2025,本科二批,文科,498,哈尔滨金融学院,,3,劳动与社会保障,,,4,四年,4500.0
西藏,2025,专科批,理科,499,哈尔滨铁道职业技术学院,,1,地下与隧道工程技术,,,10,三年,6000.0
西藏,2025,专科批,文科,499,哈尔滨铁道职业技术学院,,2,土木工程检测技术,,,10,三年,6000.0
西藏,2025,专科批,文科,1118,唐山工业职业技术大学,,1,学前教育,（办学地点：唐山工业职业技术大学。师范类。）,,24,三年,3500.0
西藏,2025,专科批,理科,1118,唐山工业职业技术大学,,2,学前教育,（办学地点：唐山工业职业技术大学。师范类。）,,23,三年,3500.0
西藏,2025,专科批,理科,588,商丘医学高等专科学校,,1,临床医学,,,5,三年,4800.0
西藏,2025,本科二批,理科,431,商洛学院,,4,数学与应用数学,（办学地点：北新街校区。师范类。）,,4,四年,5250.0
西藏,2025,本科二批,理科,431,商洛学院,,6,化学,（办学地点：丹江校区。师范类。）,,4,四年,5250.0
西藏,2025,本科二批,理科,431,商洛学院,,9,生物技术,（办学地点：丹江校区。）,,4,四年,6000.0
西藏,2025,本科二批,理科,431,商洛学院,,12,护理学,（办学地点：北新街校区。）,,4,四年,6500.0
西藏,2025,本科二批,理科,431,商洛学院,,5,物理学,（办学地点：丹江校区。师范类。）,,2,四年,5250.0
西藏,2025,本科二批,理科,431,商洛学院,,8,地理科学,（办学地点：北新街校区。师范类。）,,2,四年,6000.0
西藏,2025,本科二批,理科,431,商洛学院,,11,应用心理学,（办学地点：北新街校区。师范类。）,,2,四年,6000.0
西藏,2025,本科二批,文科,431,商洛学院,,1,思想政治教育,（办学地点：北新街校区。师范类。）,,4,四年,5000.0
西藏,2025,本科二批,文科,431,商洛学院,,2,汉语言文学,（办学地点：北新街校区。师范类。）,,4,四年,5000.0
西藏,2025,本科二批,文科,431,商洛学院,,3,英语,（办学地点：北新街校区。师范类。）,,4,四年,5000.0
西藏,2025,本科二批,文科,431,商洛学院,,7,地理科学,（办学地点：北新街校区。师范类。）,,3,四年,6000.0
西藏,2025,本科二批,文科,431,商洛学院,,10,应用心理学,（办学地点：北新街校区。师范类。）,,3,四年,6000.0
西藏,2025,本科二批,理科,1060,喀什大学,,3,数学与应用数学,（办学地点：新泉校区。师范类。）,,3,四年,3500.0
西藏,2025,本科二批,文科,1060,喀什大学,,1,思想政治教育,（办学地点：新泉校区。师范类。）,,2,四年,3100.0
西藏,2025,本科二批,理科,1019,嘉兴大学,,2,护理学,（办学地点：梁林校区。）,,8,四年,5500.0
西藏,2025,本科二批,理科,1019,嘉兴大学,,6,会计学,（办学地点：梁林校区。）,,3,四年,5520.0
西藏,2025,本科二批,理科,1019,嘉兴大学,,8,财务管理,（办学地点：梁林校区。）,,3,四年,5520.0
西藏,2025,本科二批,理科,1019,嘉兴大学,,4,工商管理,（办学地点：梁林校区。）,,2,四年,4800.0
西藏,2025,本科二批,理科,1019,嘉兴大学,,10,人力资源管理,（办学地点：梁林校区。）,,2,四年,4800.0
西藏,2025,本科二批,文科,1019,嘉兴大学,,1,汉语言文学,（办学地点：梁林校区。）,,14,四年,4800.0
西藏,2025,本科二批,文科,1019,嘉兴大学,,5,会计学,（办学地点：梁林校区。）,,5,四年,5520.0
西藏,2025,本科二批,文科,1019,嘉兴大学,,7,财务管理,（办学地点：梁林校区。）,,5,四年,5520.0
西藏,2025,本科二批,文科,1019,嘉兴大学,,3,工商管理,（办学地点：梁林校区。）,,4,四年,4800.0
西藏,2025,本科二批,文科,1019,嘉兴大学,,9,人力资源管理,（办学地点：梁林校区。）,,4,四年,4800.0
西藏,2025,专科批,文科,624,四川中医药高等专科学校,,3,护理,（办学地点：主校区。）,,2,三年,6380.0
西藏,2025,专科批,文科,624,四川中医药高等专科学校,,7,针灸推拿,（办学地点：主校区。）,,2,三年,6380.0
西藏,2025,专科批,文科,624,四川中医药高等专科学校,,5,中医学,（办学地点：主校区。）,,1,三年,6380.0
西藏,2025,专科批,理科,624,四川中医药高等专科学校,,1,临床医学,（办学地点：主校区。）,,3,三年,6380.0
西藏,2025,专科批,理科,624,四川中医药高等专科学校,,2,护理,（办学地点：主校区。）,,2,三年,6380.0
西藏,2025,专科批,理科,624,四川中医药高等专科学校,,4,中医学,（办学地点：主校区。）,,2,三年,6380.0
西藏,2025,专科批,理科,624,四川中医药高等专科学校,,6,中医骨伤,（办学地点：主校区。）,,1,三年,6380.0
西藏,2025,专科批,理科,624,四川中医药高等专科学校,,8,医学检验技术,（办学地点：主校区。）,,1,三年,6380.0
西藏,2025,专科批,理科,624,四川中医药高等专科学校,,9,预防医学,（办学地点：主校区。）,,1,三年,6380.0
西藏,2025,本科一批,理科,238,四川农业大学,,1,法学,（办学地点：四川农业大学雅安校区。）,,3,四年,5760.0
西藏,2025,本科一批,理科,238,四川农业大学,,3,数据科学与大数据技术,（办学地点：四川农业大学雅安校区。）,,3,四年,6240.0
西藏,2025,本科一批,理科,238,四川农业大学,,4,农业水利工程,（办学地点：四川农业大学雅安校区。免补专业。）,,3,四年,6240.0
西藏,2025,本科一批,理科,238,四川农业大学,,6,食品科学与工程,（办学地点：四川农业大学雅安校区。）,,3,四年,6240.0
西藏,2025,本科一批,理科,238,四川农业大学,,7,食品营养与健康,（办学地点：四川农业大学雅安校区。）,,3,四年,6240.0
西藏,2025,本科一批,理科,238,四川农业大学,,11,动物医学,（办学地点：四川农业大学成都校区。免补专业。）,,3,五年,5760.0
西藏,2025,本科一批,理科,238,四川农业大学,,12,旅游管理,（办学地点：四川农业大学都江堰校区。）,,3,四年,5760.0
西藏,2025,本科一批,理科,238,四川农业大学,,2,计算机科学与技术,（办学地点：四川农业大学雅安校区。）,,2,四年,6240.0
西藏,2025,本科一批,理科,238,四川农业大学,,5,环境生态工程,（办学地点：四川农业大学成都校区。免补专业。）,,2,四年,6240.0
西藏,2025,本科一批,理科,238,四川农业大学,,8,园艺,（办学地点：四川农业大学成都校区。免补专业。）,,2,四年,5760.0
西藏,2025,本科一批,理科,238,四川农业大学,,9,茶学,（办学地点：四川农业大学成都校区。免补专业。）,,2,四年,5760.0
西藏,2025,本科一批,理科,238,四川农业大学,,10,动物科学,（办学地点：四川农业大学成都校区。免补专业。）,,2,四年,5760.0
西藏,2025,专科批,理科,596,四川司法警官职业学院,,2,消防救援技术,（办学地点：凯江校区校本部。）,,7,三年,5200.0
西藏,2025,专科批,理科,596,四川司法警官职业学院,,4,法律文秘,（办学地点：青衣江校区校本部。）,,7,三年,4800.0
西藏,2025,专科批,文科,596,四川司法警官职业学院,,1,消防救援技术,（办学地点：凯江校区校本部。）,,8,三年,5200.0
西藏,2025,专科批,文科,596,四川司法警官职业学院,,3,法律文秘,（办学地点：青衣江校区校本部。）,,8,三年,4800.0
西藏,2025,本科一批,文科,253,四川外国语大学,,1,社会学类,（含社会学、社会工作专业。）,,2,四年,5500.0
西藏,2025,本科一批,文科,253,四川外国语大学,,2,新闻传播学类,（含新闻学、网络与新媒体、广告学专业。）,,2,四年,5500.0
西藏,2025,本科一批,文科,253,四川外国语大学,,3,旅游管理,,,2,四年,5500.0
西藏,2025,国家专项计划本科批,理科,227,四川大学,,4,公共卫生与预防医学类,（含预防医学、食品卫生与营养学、卫生检验与检疫专业。办学地点：四川大学江安校区。）,,3,四年,7250.0
西藏,2025,高校专项计划本科批,理科,227,四川大学,,4,公共卫生与预防医学类,（含预防医学、食品卫生与营养学、卫生检验与检疫专业。办学地点：四川大学江安校区。）,,1,四年,7250.0
西藏,2025,本科一批,文科,227,四川大学,,1,人文科学试验班,（中文与新闻传播）（含汉语言文学、汉语国际教育、新闻学、广告学、网络与新媒体专业。办学地点：四川大学江安校区。）,,2,四年,6000.0
西藏,2025,本科一批,理科,227,四川大学,,4,公共卫生与预防医学类,（含预防医学、食品卫生与营养学、卫生检验与检疫专业。办学地点：四川大学江安校区。）,,6,四年,7250.0
西藏,2025,本科一批,理科,227,四川大学,,2,工科试验班,（绿色城市与智慧建造）（含环境工程（免补专业）、土木工程、工程力学专业。办学地点：四川大学江安校区。）,,4,四年,6500.0
西藏,2025,国家专项计划本科批,文科,227,四川大学,,7,旅游管理类,（含旅游管理、会展经济与管理专业。办学地点：四川大学江安校区。）,,2,四年,6000.0
西藏,2025,高校专项计划本科批,文科,227,四川大学,,7,旅游管理类,（含旅游管理、会展经济与管理专业。办学地点：四川大学江安校区。）,,1,四年,6000.0
西藏,2025,提前批艺体类本科,理科,,四川工业科技学院,,,社会体育指导与管理,（民办）（办学地点：罗江校区。认可区内体育统考成绩。）,,5,四年,18900.0
西藏,2025,提前批艺体类本科,理科,,四川工业科技学院,,,休闲体育,（民办）（办学地点：罗江校区。认可区内体育统考成绩。）,,2,四年,18000.0
西藏,2025,提前批艺体类本科,理科,,四川工业科技学院,,,艺术设计学,（民办）（美术）（办学地点：罗江校区。认可区内美术与设计类专业统考成绩。）,,2,四年,18900.0
西藏,2025,提前批艺体类本科,文科,,四川工业科技学院,,,社会体育指导与管理,（民办）（办学地点：罗江校区。认可区内体育统考成绩。）,,7,四年,18900.0
西藏,2025,提前批艺体类本科,文科,,四川工业科技学院,,,休闲体育,（民办）（办学地点：罗江校区。认可区内体育统考成绩。）,,3,四年,18000.0
西藏,2025,提前批艺体类本科,文科,,四川工业科技学院,,,艺术设计学,（民办）（美术）（办学地点：罗江校区。认可区内美术与设计类专业统考成绩。）,,3,四年,18900.0
西藏,2025,本科二批,理科,1116,四川工程职业技术大学,,1,智能建造工程,,,2,四年,5720.0
西藏,2025,本科二批,理科,1116,四川工程职业技术大学,,2,智能制造工程技术,,,2,四年,5720.0
西藏,2025,本科二批,理科,1116,四川工程职业技术大学,,3,电气工程及自动化,,,2,四年,5720.0
西藏,2025,本科二批,理科,1116,四川工程职业技术大学,,4,新能源汽车工程技术,,,2,四年,5720.0
西藏,2025,本科二批,理科,1116,四川工程职业技术大学,,5,人工智能工程技术,,,2,四年,5720.0
西藏,2025,专科批,理科,1116,四川工程职业技术大学,,9,电子商务,,,3,三年,5280.0
西藏,2025,专科批,理科,1116,四川工程职业技术大学,,7,大数据与会计,,,2,三年,5280.0
西藏,2025,专科批,理科,1116,四川工程职业技术大学,,11,旅游管理,,,1,三年,5280.0
西藏,2025,专科批,文科,1116,四川工程职业技术大学,,8,电子商务,,,3,三年,5280.0
西藏,2025,专科批,文科,1116,四川工程职业技术大学,,6,大数据与会计,,,2,三年,5280.0
西藏,2025,专科批,文科,1116,四川工程职业技术大学,,10,现代物流管理,,,1,三年,5280.0
西藏,2025,本科一批,理科,244,四川师范大学,,2,法学,（办学地点：狮子山校区。）,,2,四年,5760.0
西藏,2025,本科一批,理科,244,四川师范大学,,5,小学教育,（办学地点：狮子山校区。师范类。）,,2,四年,5760.0
西藏,2025,本科一批,理科,244,四川师范大学,,9,网络与新媒体,（办学地点：成龙校区。）,,1,四年,5760.0
西藏,2025,本科一批,文科,244,四川师范大学,,1,法学,（办学地点：狮子山校区。）,,2,四年,5760.0
西藏,2025,本科一批,文科,244,四川师范大学,,3,思想政治教育,（办学地点：狮子山校区。师范类。）,,2,四年,5760.0
西藏,2025,本科一批,文科,244,四川师范大学,,4,小学教育,（办学地点：狮子山校区。师范类。）,,2,四年,5760.0
西藏,2025,本科一批,文科,244,四川师范大学,,6,汉语言文学,（办学地点：狮子山校区。师范类。）,,2,四年,5760.0
西藏,2025,本科一批,文科,244,四川师范大学,,7,汉语国际教育,（办学地点：狮子山校区。师范类。）,,2,四年,5760.0
西藏,2025,本科一批,文科,244,四川师范大学,,10,历史学,（办学地点：狮子山校区。师范类。）,,2,四年,4800.0
西藏,2025,本科一批,文科,244,四川师范大学,,11,地理科学,（办学地点：成龙校区。师范类。）,,2,四年,6240.0
西藏,2025,本科一批,文科,244,四川师范大学,,8,网络与新媒体,（办学地点：成龙校区。）,,1,四年,5760.0
西藏,2025,专科批,文科,476,四川建筑职业技术学院,,2,工程造价,（铁路工程）,,4,三年,5720.0
西藏,2025,专科批,理科,476,四川建筑职业技术学院,,3,道路与桥梁工程技术,（办学地点：成都校区。）,,7,三年,5720.0
西藏,2025,专科批,理科,476,四川建筑职业技术学院,,1,建筑工程技术,,,3,三年,5720.0
西藏,2025,提前批艺体类专科,理科,,四川文化产业职业学院,,,舞蹈表演,（舞蹈）（建议男生身高不低于1.70米，女生身高不低于1.62米。认可区内舞蹈类专业统考成绩。）,,2,三年,10000.0
西藏,2025,提前批艺体类专科,文科,,四川文化产业职业学院,,,视觉传达设计,（美术）（不招色盲。认可区内美术与设计类专业统考成绩。）,,5,三年,8000.0
西藏,2025,提前批艺体类专科,文科,,四川文化产业职业学院,,,产品艺术设计,（美术）（不招色盲。认可区内美术与设计类专业统考成绩。）,,5,三年,8000.0
西藏,2025,提前批艺体类专科,文科,,四川文化产业职业学院,,,舞蹈表演,（舞蹈）（建议男生身高不低于1.70米，女生身高不低于1.62米。认可区内舞蹈类专业统考成绩。）,,3,三年,10000.0
西藏,2025,提前批艺体类本科,文科,,四川文化艺术学院,,,舞蹈学,（民办）（舞蹈）（办学地点：梓潼校区。认可区内舞蹈类专业统考成绩。）,,2,四年,20000.0
西藏,2025,提前批艺体类本科,文科,,四川文化艺术学院,,,雕塑,（民办）（美术）（办学地点：梓潼校区。认可区内美术与设计类专业统考成绩。）,,2,四年,20000.0
西藏,2025,提前批艺体类本科,文科,,四川文化艺术学院,,,数字媒体艺术,（民办）（美术）（办学地点：梓潼校区。认可区内美术与设计类专业统考成绩。）,,1,四年,20000.0
西藏,2025,本科二批,文科,382,四川民族学院,,,中国少数民族语言文学,（藏语言文学）（藏语授课，藏语文成绩好。师范类。）,,20,四年,4800.0
西藏,2025,本科二批,文科,382,四川民族学院,,,法学,（藏汉双语）（藏汉双语授课，藏语文成绩好。）,,5,四年,4800.0
西藏,2025,本科二批,文科,382,四川民族学院,,3,小学教育,（办学地点：泸定校区。师范类。）,,3,四年,4800.0
西藏,2025,本科二批,文科,382,四川民族学院,,5,旅游管理,,,3,四年,4800.0
西藏,2025,本科二批,理科,382,四川民族学院,,,法学,（藏汉双语）（藏汉双语授课，藏语文成绩好。）,,2,四年,4800.0
西藏,2025,专科批,理科,449,四川水利职业技术学院,,3,水利水电建筑工程,（免补专业。）,,3,三年,5720.0
西藏,2025,专科批,文科,449,四川水利职业技术学院,,2,水文与水资源技术,（免补专业。）,,2,三年,5720.0
西藏,2025,专科批,理科,1097,四川电力职业技术学院,,1,电力系统继电保护技术,（不招色盲，色弱者慎报。办学地点：温江校区。免学费。定向就业到国网西藏各县电力公司。）,,15,三年,
西藏,2025,专科批,理科,1097,四川电力职业技术学院,,4,电气自动化技术,（不招色盲，色弱者慎报。办学地点：温江校区。免学费。定向就业到国网西藏各县电力公司。）,,15,三年,
西藏,2025,专科批,理科,1097,四川电力职业技术学院,,2,输配电工程技术,（不招色盲，色弱者慎报。办学地点：温江校区。免学费。定向就业到国网西藏各县电力公司。）,,10,三年,
西藏,2025,专科批,理科,1097,四川电力职业技术学院,,3,供用电技术,（不招色盲，色弱者慎报。办学地点：温江校区。免学费。定向就业到国网西藏各县电力公司。）,,10,三年,
西藏,2025,专科批,理科,513,四川职业技术学院,,1,机械设计与制造,,,5,三年,5720.0
西藏,2025,专科批,理科,513,四川职业技术学院,,2,新能源装备技术,（办学地点：射洪校区。）,,5,三年,5720.0
西藏,2025,专科批,理科,513,四川职业技术学院,,3,食品质量与安全,（办学地点：龙凤校区。）,,5,三年,5720.0
西藏,2025,专科批,理科,513,四川职业技术学院,,5,电子信息工程技术,,,5,三年,5720.0
西藏,2025,专科批,理科,513,四川职业技术学院,,6,应用电子技术,,,5,三年,5720.0
西藏,2025,专科批,理科,513,四川职业技术学院,,8,康复治疗技术,,,5,三年,6380.0
西藏,2025,专科批,文科,513,四川职业技术学院,,4,食品质量与安全,（办学地点：龙凤校区。）,,5,三年,5720.0
西藏,2025,专科批,文科,513,四川职业技术学院,,7,康复治疗技术,,,5,三年,6380.0
西藏,2025,专科批,理科,681,四川航天职业技术学院,,2,现代物流管理,,,3,三年,5280.0
西藏,2025,专科批,文科,681,四川航天职业技术学院,,1,现代物流管理,,,3,三年,5280.0
西藏,2025,本科二批,文科,400,四川警察学院,,1,法学,（办学地点：泸州校区。）,,3,四年,5520.0
西藏,2025,本科二批,理科,400,四川警察学院,,2,法学,（办学地点：泸州校区。）,,2,四年,5520.0
西藏,2025,本科二批,理科,236,四川轻化工大学,,2,法学,,,1,四年,5520.0
西藏,2025,本科二批,理科,236,四川轻化工大学,,3,信息与计算科学,,,1,四年,5980.0
西藏,2025,本科二批,理科,236,四川轻化工大学,,4,应用统计学,,,1,四年,5980.0
西藏,2025,本科二批,理科,236,四川轻化工大学,,5,环境工程,（免补专业。）,,1,四年,5980.0
西藏,2025,本科二批,理科,236,四川轻化工大学,,6,安全工程,,,1,四年,5980.0
西藏,2025,本科二批,理科,236,四川轻化工大学,,9,旅游管理,,,1,四年,5520.0
西藏,2025,本科二批,文科,236,四川轻化工大学,,1,投资学,,,2,四年,5520.0
西藏,2025,本科二批,文科,236,四川轻化工大学,,7,人力资源管理,,,2,四年,5520.0
西藏,2025,本科二批,文科,236,四川轻化工大学,,10,旅游管理,,,2,四年,5520.0
西藏,2025,本科二批,文科,236,四川轻化工大学,,8,行政管理,,,1,四年,5520.0
西藏,2025,专科提前批,理科,1129,四川邮电职业技术学院,,3,现代通信技术,（定向培养军士生，招男生，陆军。办学地点：四川省成都市锦江区静康路536号。）,,5,三年,5720.0
西藏,2025,专科提前批,理科,1129,四川邮电职业技术学院,,1,软件技术,（定向培养军士生，招男生，陆军。办学地点：四川省成都市锦江区静康路536号。）,,3,三年,5720.0
西藏,2025,专科提前批,理科,1129,四川邮电职业技术学院,,2,软件技术,（定向培养军士生，招女生，陆军。办学地点：四川省成都市锦江区静康路536号。）,,2,三年,5720.0
西藏,2025,专科批,理科,1173,四川铁道职业学院,,1,铁道机车运用与维护,,,2,三年,5200.0
西藏,2025,专科批,理科,1173,四川铁道职业学院,,2,铁道供电技术,,,2,三年,5200.0
西藏,2025,专科批,理科,1173,四川铁道职业学院,,3,铁道信号自动控制,,,2,三年,5200.0
西藏,2025,专科批,文科,1173,四川铁道职业学院,,4,旅游管理,,,2,三年,4800.0
西藏,2025,专科批,理科,320,四平职业大学,,1,物联网应用技术,（办学地点：四平职业大学山门校区。）,,8,三年,6000.0
西藏,2025,专科批,理科,320,四平职业大学,,4,现代通信技术,（办学地点：四平职业大学山门校区。）,,8,三年,6500.0
西藏,2025,专科批,理科,320,四平职业大学,,2,计算机应用技术,（办学地点：四平职业大学山门校区。）,,7,三年,6700.0
西藏,2025,专科批,理科,320,四平职业大学,,3,人工智能技术应用,（办学地点：四平职业大学山门校区。学费待定。）,,7,三年,
西藏,2025,本科二批,理科,753,塔里木大学,,3,动物科学,（免补专业。不招色盲、色弱。）,,6,四年,3000.0
西藏,2025,本科二批,理科,753,塔里木大学,,4,智慧牧业科学与工程,（免补专业。）,,3,四年,3500.0
西藏,2025,本科二批,理科,753,塔里木大学,,2,农学,（免补专业。不招色盲、色弱。）,,2,四年,3000.0
西藏,2025,国家专项计划本科批,理科,753,塔里木大学,,1,农学,（执行本科二批录取最低控制分数线。免补专业。不招色盲、色弱。）,,2,四年,3000.0
西藏,2025,国家专项计划本科批,理科,753,塔里木大学,,5,农林经济管理,（执行本科二批录取最低控制分数线。免补专业。）,,2,四年,3200.0
西藏,2025,国家专项计划本科批,文科,111,复旦大学,,10,文物与博物馆学,（含文物与博物馆学博雅班（融通项目）。）,,1,四年,6500.0
西藏,2025,本科一批,文科,111,复旦大学,,1,社会科学试验班,（国务学院）（含卓越学术创新能力计划、国家治理与全球治理领导力计划、国家治理与全球治理实务计划；含行政管理（公共政策）-人工智能双学士学位含政治学与行政学、行政管理、国际政治专业。）,,1,四年,6500.0
西藏,2025,本科一批,文科,111,复旦大学,,7,新闻传播学类,（含战略传播菁英班（融通项目）、数字视听菁英班（融通项目），含新闻学-人工智能、传播学-人工智能、新闻学-经济学、新闻学-国际政治（全球领导力方向）、新闻学-社会学、新闻学-法学、传播学-社会学双学士学位。）,,1,四年,6500.0
西藏,2025,本科一批,文科,111,复旦大学,,8,历史学类,（含历史学-旅游管理双学士学位含历史学专业。）,,1,四年,6500.0
西藏,2025,本科一批,理科,687,复旦大学上海医学院,,,基础医学,,,1,五年,7400.0
西藏,2025,本科一批,理科,687,复旦大学上海医学院,,,预防医学,（含预防医学-人工智能、预防医学-公共事业管理双学士学位。）,,1,五年,7400.0
西藏,2025,本科一批,理科,687,复旦大学上海医学院,,,公共事业管理,（含公共事业管理-人工智能、预防医学-公共事业管理双学士学位。）,,1,四年,7400.0
西藏,2025,国家专项计划本科批,理科,687,复旦大学上海医学院,,,预防医学,,,1,五年,7400.0
西藏,2025,本科二批,文科,481,大庆师范学院,,2,汉语言文学,（师范类。）,,3,四年,4000.0
西藏,2025,本科二批,文科,481,大庆师范学院,,3,市场营销,,,2,四年,3500.0
西藏,2025,本科二批,文科,481,大庆师范学院,,4,财务管理,,,2,四年,4000.0
西藏,2025,本科二批,理科,481,大庆师范学院,,1,学前教育,（师范类。）,,3,四年,3500.0
西藏,2025,本科二批,理科,481,大庆师范学院,,5,旅游管理,,,3,四年,4000.0
西藏,2025,专科批,理科,819,大理农林职业技术学院,,4,畜牧兽医,（免补专业。）,,10,三年,5000.0
西藏,2025,专科批,理科,819,大理农林职业技术学院,,2,动物医学,（免补专业。）,,5,三年,5000.0
西藏,2025,专科批,文科,819,大理农林职业技术学院,,1,动物医学,（免补专业。）,,5,三年,5000.0
西藏,2025,专科批,文科,819,大理农林职业技术学院,,3,畜牧兽医,（免补专业。）,,5,三年,5000.0
西藏,2025,本科一批,理科,39,大连交通大学,,1,土木工程,（办学地点：旅顺口校区。）,,2,四年,5200.0
西藏,2025,本科一批,理科,39,大连交通大学,,4,交通工程,（办学地点：旅顺口校区。）,,2,四年,5200.0
西藏,2025,本科一批,理科,39,大连交通大学,,5,交通设备与控制工程,（办学地点：旅顺口校区。）,,2,四年,5200.0
西藏,2025,本科一批,理科,39,大连交通大学,,6,安全工程,（办学地点：旅顺口校区。）,,2,四年,5200.0
西藏,2025,本科一批,理科,39,大连交通大学,,3,交通运输,（办学地点：旅顺口校区。）,,1,四年,5200.0
西藏,2025,国家专项计划本科批,理科,39,大连交通大学,,3,交通运输,（办学地点：旅顺口校区。）,,1,四年,5200.0
西藏,2025,本科一批,理科,79,大连医科大学,,1,临床医学,,,13,五年,5500.0
西藏,2025,本科一批,理科,79,大连医科大学,,2,口腔医学,,,2,五年,5500.0
西藏,2025,本科一批,理科,79,大连医科大学,,3,预防医学,,,2,五年,5500.0
西藏,2025,国家专项计划本科批,理科,79,大连医科大学,,4,护理学,,,1,四年,5500.0
西藏,2025,本科二批,理科,,大连医科大学中山学院,,,护理学,（不招色盲、色弱。）,,7,四年,29000.0
西藏,2025,本科二批,理科,,大连医科大学中山学院,,,针灸推拿学,（不招色盲、色弱。）,,2,五年,29000.0
西藏,2025,本科一批,文科,423,大连外国语大学,,2,国际事务与国际关系,,,3,四年,8000.0
西藏,2025,本科一批,文科,423,大连外国语大学,,4,日语,,,3,四年,8000.0
西藏,2025,本科一批,理科,423,大连外国语大学,,1,经济学,,,2,四年,8000.0
西藏,2025,本科一批,理科,423,大连外国语大学,,3,国际事务与国际关系,,,1,四年,8000.0
西藏,2025,本科一批,理科,423,大连外国语大学,,5,日语,,,1,四年,8000.0
西藏,2025,本科二批,文科,415,大连大学,,6,旅游管理,（办学地点：大连大学。）,,3,四年,5200.0
西藏,2025,本科二批,文科,415,大连大学,,1,小学教育,（办学地点：大连大学。师范类。）,,2,四年,4800.0
西藏,2025,本科二批,文科,415,大连大学,,4,汉语言文学,（办学地点：大连大学。）,,2,四年,4800.0
西藏,2025,本科二批,理科,415,大连大学,,5,工商管理,（办学地点：大连大学。）,,3,四年,5200.0
西藏,2025,本科二批,理科,40,大连工业大学,,1,人力资源管理,,,2,四年,5200.0
西藏,2025,本科二批,文科,40,大连工业大学,,2,非物质文化遗产保护,（艺术类专业，按照普通类招生。）,,3,四年,6000.0
西藏,2025,本科一批,文科,75,大连海事大学,,2,公共管理类,（含公共事业管理、行政管理、社会工作专业。）,,1,四年,5200.0
西藏,2025,国家专项计划本科批,文科,75,大连海事大学,,1,政治学与行政学,,,2,四年,4800.0
西藏,2025,本科一批,理科,77,大连海洋大学,,2,经济与金融,（办学地点：大黑石校区。）,,4,四年,5200.0
西藏,2025,本科一批,理科,77,大连海洋大学,,3,法学,（办学地点：大黑石校区。）,,4,四年,4800.0
西藏,2025,本科一批,理科,77,大连海洋大学,,7,人力资源管理,（不能准确识别红、黄、绿、蓝、紫各种颜色中任何一种颜色的不予录取。办学地点：大黑石校区。）,,4,四年,5200.0
西藏,2025,本科一批,文科,77,大连海洋大学,,1,经济与金融,（办学地点：大黑石校区。）,,6,四年,5200.0
西藏,2025,本科一批,文科,77,大连海洋大学,,5,市场营销,（不能准确识别红、黄、绿、蓝、紫各种颜色中任何一种颜色的不予录取。办学地点：大黑石校区。）,,3,四年,5200.0
西藏,2025,本科一批,文科,77,大连海洋大学,,6,会计学,（不能准确识别红、黄、绿、蓝、紫各种颜色中任何一种颜色的不予录取。办学地点：大黑石校区。）,,3,四年,5200.0
西藏,2025,本科一批,文科,77,大连海洋大学,,9,农林经济管理,（不能准确识别红、黄、绿、蓝、紫各种颜色中任何一种颜色的不予录取。办学地点：大黑石校区。免补专业。）,,3,四年,5200.0
西藏,2025,本科一批,文科,77,大连海洋大学,,4,法学,（办学地点：大黑石校区。）,,2,四年,4800.0
西藏,2025,国家专项计划本科批,文科,77,大连海洋大学,,8,人力资源管理,（不能准确识别红、黄、绿、蓝、紫各种颜色中任何一种颜色的不予录取。办学地点：大黑石校区。）,,3,四年,5200.0
西藏,2025,本科一批,理科,67,大连理工大学,,2,智能制造工程,（含智能制造工程、机械设计制造及其自动化、智能车辆工程、能源与动力工程、电子信息材料、金属材料工程、功能材料、材料成型及控制工程、测控技术与仪器、生物医学工程，学生分流时专业任选。入校后可选拔进入机械日强班、材料中日精英班、机械卓越国合班。办学地点：主校区）,,2,四年,6240.0
西藏,2025,本科一批,理科,67,大连理工大学,,,少数民族预科,（民族预科班）（不分专业录取；预科学习一年后，经考核合格者升入本科。预科培养地点：大连理工大学。）,,2,一年,2400.0
西藏,2025,本科一批,理科,67,大连理工大学,,,经济学类,（非英语语种考生慎重报考。含电子商务、经济学专业。办学地点：大连理工大学盘锦校区。）,,1,四年,6240.0
西藏,2025,本科一批,理科,67,大连理工大学,,,能源化学工程,（含能源化学工程、化学工程与工业生物工程。非英语语种考生慎重报考。不招色盲、色弱。办学地点：大连理工大学盘锦校区。）,,1,四年,6240.0
西藏,2025,国家专项计划本科批,理科,67,大连理工大学,,3,智能建造,（含智能建造、水利水电工程（免补专业）、港口航道与海岸工程、建筑环境与能源应用工程、土木工程，上述五个专业分流任选。土木工程等专业2025年与美国加州大学欧文分校、美国伊利诺伊大学香槟分校、亚琛工业大学、新加坡国立大学、香港大学有联合培养项目。办学地点：主校区）,,2,四年,6240.0
西藏,2025,国家专项计划本科批,理科,67,大连理工大学,,5,化工与制药类,（本专业类内分流任选。不招色盲、色弱。2025年与美国加州大学欧文分校、美国伊利诺伊大学芝加哥分校（UIC）、德国马普高分子研究所、德国法兰克福大学、香港科技大学、日本东京大学、新加坡南洋理工大学等有联合培养项目。含化学工程与工艺、精细化工、制药工程等专业。）,,1,四年,6240.0
西藏,2025,高校专项计划本科批,理科,67,大连理工大学,,3,智能建造,（含智能建造、水利水电工程（免补专业）、港口航道与海岸工程、建筑环境与能源应用工程、土木工程，上述五个专业分流任选。土木工程等专业2025年与美国加州大学欧文分校、美国伊利诺伊大学香槟分校、亚琛工业大学、新加坡国立大学、香港大学有联合培养项目。办学地点：主校区）,,1,四年,6240.0
西藏,2025,本科二批,理科,,大连理工大学城市学院,,,英语,（办学地点：主校区。）,,1,四年,29000.0
西藏,2025,本科二批,理科,,大连理工大学城市学院,,,日语,（办学地点：主校区。）,,1,四年,29000.0
西藏,2025,本科二批,理科,,大连理工大学城市学院,,,工程造价,（办学地点：主校区。）,,1,四年,29000.0
西藏,2025,本科二批,文科,,大连理工大学城市学院,,,英语,（办学地点：主校区。）,,1,四年,29000.0
西藏,2025,本科二批,文科,,大连理工大学城市学院,,,日语,（办学地点：主校区。）,,1,四年,29000.0
西藏,2025,提前批艺体类本科,文科,,大连科技学院,,,动画,（民办）（认可区内美术与设计类专业统考成绩。不招色盲和不能准确识别红、黄、绿、蓝、紫各种颜色中任何一种颜色的导线、按键、信号灯、几何图形者。）,,5,四年,28000.0
西藏,2025,提前批艺体类本科,文科,,大连科技学院,,,产品设计,（民办）（认可区内美术与设计类专业统考成绩。不招色盲和不能准确识别红、黄、绿、蓝、紫各种颜色中任何一种颜色的导线、按键、信号灯、几何图形者。）,,5,四年,28000.0
西藏,2025,专科批,理科,494,天津交通职业学院,,1,新能源汽车技术,,,2,三年,5500.0
西藏,2025,专科批,文科,494,天津交通职业学院,,2,现代物流管理,,,3,三年,5000.0
西藏,2025,本科二批,理科,,天津仁爱学院,,,电气工程及其自动化,,,1,四年,31000.0
西藏,2025,本科二批,理科,,天津仁爱学院,,,计算机科学与技术,（详细培养方式、收费标准等请查看院校招生章程或咨询院校。）,,1,四年,32000.0
西藏,2025,本科二批,理科,,天津仁爱学院,,,财务管理,,,1,四年,28000.0
西藏,2025,本科二批,理科,51,天津农学院,,11,动物科学,（办学地点：天津农学院东校区。免补专业。）,,4,四年,4400.0
西藏,2025,本科二批,理科,51,天津农学院,,8,植物保护,（办学地点：天津农学院东校区。免补专业。）,,3,四年,4400.0
西藏,2025,本科二批,理科,51,天津农学院,,1,水利水电工程,（办学地点：天津农学院东校区。免补专业。）,,2,四年,5400.0
西藏,2025,本科二批,理科,51,天津农学院,,3,环境科学,（办学地点：天津农学院东校区。免补专业。）,,2,四年,5400.0
西藏,2025,本科二批,理科,51,天津农学院,,5,食品质量与安全,（办学地点：天津农学院东校区。）,,2,四年,5400.0
西藏,2025,本科二批,理科,51,天津农学院,,6,农学,（办学地点：天津农学院东校区。免补专业。）,,2,四年,4400.0
西藏,2025,本科二批,理科,51,天津农学院,,7,园艺,（办学地点：天津农学院东校区。免补专业。）,,2,四年,4400.0
西藏,2025,本科二批,理科,51,天津农学院,,10,生物育种科学,（办学地点：天津农学院东校区。免补专业。）,,2,四年,4400.0
西藏,2025,本科二批,理科,51,天津农学院,,12,动物医学,（小动医方向）（办学地点：天津农学院东校区。免补专业。）,,2,四年,4400.0
西藏,2025,本科二批,理科,51,天津农学院,,15,农林经济管理,（办学地点：天津农学院东校区。免补专业。）,,2,四年,4400.0
西藏,2025,本科二批,理科,51,天津农学院,,2,水文与水资源工程,（办学地点：天津农学院东校区。免补专业。）,,1,四年,5400.0
西藏,2025,本科二批,理科,51,天津农学院,,4,食品科学与工程,（办学地点：天津农学院东校区。）,,1,四年,5400.0
西藏,2025,本科二批,理科,51,天津农学院,,9,设施农业科学与工程,（办学地点：天津农学院东校区。免补专业。）,,1,四年,4400.0
西藏,2025,本科二批,理科,51,天津农学院,,13,动物药学,（办学地点：天津农学院东校区。免补专业。）,,1,四年,4400.0
西藏,2025,本科二批,理科,51,天津农学院,,14,园林,（办学地点：天津农学院东校区。免补专业。）,,1,四年,4400.0
西藏,2025,本科二批,理科,51,天津农学院,,16,旅游管理,（办学地点：天津农学院东校区。）,,1,四年,4400.0
西藏,2025,本科一批,文科,55,天津商业大学,,9,公共管理类,（含公共事业管理、行政管理、土地资源管理专业。）,,4,四年,4400.0
西藏,2025,本科一批,文科,55,天津商业大学,,11,旅游管理类,（含旅游管理、酒店管理专业。）,,4,四年,4400.0
西藏,2025,本科一批,文科,55,天津商业大学,,3,经济学类,（含经济学、财政学、金融学、信用管理、国际经济与贸易专业。）,,3,四年,4400.0
西藏,2025,本科一批,文科,55,天津商业大学,,6,会计学,,,2,四年,4400.0
西藏,2025,本科一批,理科,55,天津商业大学,,8,公共管理类,（含公共事业管理、行政管理、土地资源管理专业。）,,4,四年,4400.0
西藏,2025,本科一批,理科,55,天津商业大学,,10,旅游管理类,（含旅游管理、酒店管理专业。）,,3,四年,4400.0
西藏,2025,本科一批,理科,55,天津商业大学,,4,经济学类,（含经济学、财政学、金融学、信用管理、国际经济与贸易专业。）,,2,四年,4400.0
西藏,2025,本科一批,理科,55,天津商业大学,,5,法学,,,2,四年,4400.0
西藏,2025,本科一批,理科,55,天津商业大学,,7,财务管理,,,2,四年,4400.0
西藏,2025,国家专项计划本科批,理科,55,天津商业大学,,4,经济学类,（含经济学、财政学、金融学、信用管理、国际经济与贸易专业。）,,6,四年,4400.0
西藏,2025,国家专项计划本科批,文科,55,天津商业大学,,3,经济学类,（含经济学、财政学、金融学、信用管理、国际经济与贸易专业。）,,4,四年,4400.0
西藏,2025,专科批,理科,479,天津商务职业学院,,1,大数据技术,,,2,三年,5500.0
西藏,2025,专科批,理科,479,天津商务职业学院,,2,大数据与会计,,,2,三年,5500.0
西藏,2025,专科批,理科,479,天津商务职业学院,,3,关务与外贸服务,,,2,三年,5500.0
西藏,2025,专科批,理科,479,天津商务职业学院,,4,市场营销,,,2,三年,5000.0
西藏,2025,专科批,理科,479,天津商务职业学院,,5,酒店管理与数字化运营,,,2,三年,5000.0
西藏,2025,专科批,理科,483,天津国土资源和房屋职业学院,,3,建筑工程技术,（办学地点：天津国土资源和房屋职业学院。）,,3,三年,5500.0
西藏,2025,专科批,理科,483,天津国土资源和房屋职业学院,,4,智能建造技术,（办学地点：天津国土资源和房屋职业学院。）,,2,三年,5500.0
西藏,2025,专科批,理科,483,天津国土资源和房屋职业学院,,5,工程造价,（办学地点：天津国土资源和房屋职业学院。）,,2,三年,5500.0
西藏,2025,专科批,理科,483,天津国土资源和房屋职业学院,,6,建设工程管理,（办学地点：天津国土资源和房屋职业学院。）,,2,三年,5500.0
西藏,2025,专科批,文科,483,天津国土资源和房屋职业学院,,2,建筑装饰工程技术,（办学地点：天津国土资源和房屋职业学院。）,,3,三年,5500.0
西藏,2025,专科批,文科,483,天津国土资源和房屋职业学院,,7,旅游管理,（办学地点：天津国土资源和房屋职业学院。）,,3,三年,5500.0
西藏,2025,专科批,文科,483,天津国土资源和房屋职业学院,,1,国土资源调查与管理,（不动产登记）（办学地点：天津国土资源和房屋职业学院。免补专业。）,,2,三年,5500.0
西藏,2025,专科批,理科,626,天津城市建设管理职业技术学院,,1,工程测量技术,（办学地点：主校区。）,,1,三年,5500.0
西藏,2025,专科批,理科,626,天津城市建设管理职业技术学院,,3,摄影测量与遥感技术,（无人机方向）（办学地点：主校区。）,,1,三年,5000.0
西藏,2025,专科批,理科,626,天津城市建设管理职业技术学院,,6,无人机测绘技术,（办学地点：主校区。）,,1,三年,5500.0
西藏,2025,专科批,理科,626,天津城市建设管理职业技术学院,,8,智慧城市管理技术,（办学地点：主校区。）,,1,三年,5500.0
西藏,2025,专科批,理科,626,天津城市建设管理职业技术学院,,9,建筑工程技术,（办学地点：主校区。）,,1,三年,5500.0
西藏,2025,专科批,理科,626,天津城市建设管理职业技术学院,,11,工程造价,（建筑工程造价）（办学地点：主校区。）,,1,三年,5500.0
西藏,2025,专科批,理科,626,天津城市建设管理职业技术学院,,12,智能焊接技术,（办学地点：主校区。）,,1,三年,5500.0
西藏,2025,专科批,理科,626,天津城市建设管理职业技术学院,,13,电气自动化技术,（办学地点：主校区。）,,1,三年,5500.0
西藏,2025,专科批,理科,626,天津城市建设管理职业技术学院,,14,计算机应用技术,（办学地点：主校区。）,,1,三年,5500.0
西藏,2025,专科批,文科,626,天津城市建设管理职业技术学院,,2,工程测量技术,（办学地点：主校区。）,,1,三年,5500.0
西藏,2025,专科批,文科,626,天津城市建设管理职业技术学院,,4,摄影测量与遥感技术,（无人机方向）（办学地点：主校区。）,,1,三年,5000.0
西藏,2025,专科批,文科,626,天津城市建设管理职业技术学院,,5,无人机测绘技术,（办学地点：主校区。）,,1,三年,5500.0
西藏,2025,专科批,文科,626,天津城市建设管理职业技术学院,,7,建筑装饰工程技术,（办学地点：华苑校区。）,,1,三年,5500.0
西藏,2025,专科批,文科,626,天津城市建设管理职业技术学院,,10,建筑工程技术,（办学地点：主校区。）,,1,三年,5500.0
西藏,2025,专科批,文科,626,天津城市建设管理职业技术学院,,15,大数据与会计,（办学地点：主校区。）,,1,三年,5000.0
西藏,2025,本科二批,理科,293,天津城建大学,,7,计算机类,（含计算机科学与技术、网络工程、物联网工程专业。）,,3,四年,5400.0
西藏,2025,本科二批,理科,293,天津城建大学,,2,机械设计制造及其自动化,,,2,四年,5400.0
西藏,2025,本科二批,理科,293,天津城建大学,,5,电子信息类,（含电子信息工程、电子信息科学与技术专业。）,,2,四年,5400.0
西藏,2025,本科二批,理科,293,天津城建大学,,14,地质工程,（免补专业。）,,2,四年,5400.0
西藏,2025,本科二批,理科,293,天津城建大学,,16,工程管理,,,2,四年,4400.0
西藏,2025,本科二批,理科,293,天津城建大学,,3,机械电子工程,,,1,四年,5400.0
西藏,2025,本科二批,理科,293,天津城建大学,,4,电气工程及其自动化,,,1,四年,5400.0
西藏,2025,本科二批,理科,293,天津城建大学,,6,人工智能,,,1,四年,5400.0
西藏,2025,本科二批,理科,293,天津城建大学,,8,土木工程,,,1,四年,5400.0
西藏,2025,本科二批,理科,293,天津城建大学,,9,建筑环境与能源应用工程,,,1,四年,5400.0
西藏,2025,本科二批,文科,293,天津城建大学,,1,投资学,,,1,四年,4400.0
西藏,2025,本科二批,文科,293,天津城建大学,,18,工商管理,,,1,四年,4400.0
西藏,2025,本科二批,文科,293,天津城建大学,,19,土地资源管理,,,1,四年,4400.0
西藏,2025,本科二批,文科,293,天津城建大学,,20,城市管理,,,1,四年,4400.0
西藏,2025,本科二批,理科,293,天津城建大学,,10,给排水科学与工程,,,1,四年,5400.0
西藏,2025,本科二批,理科,293,天津城建大学,,11,道路桥梁与渡河工程,,,1,四年,5400.0
西藏,2025,本科二批,理科,293,天津城建大学,,12,智能建造,,,1,四年,5400.0
西藏,2025,本科二批,理科,293,天津城建大学,,13,测绘工程,,,1,四年,5400.0
西藏,2025,本科二批,理科,293,天津城建大学,,15,环境工程,（免补专业。）,,1,四年,5400.0
西藏,2025,本科二批,理科,293,天津城建大学,,17,房地产开发与管理,,,1,四年,4400.0
西藏,2025,本科一批,文科,54,天津外国语大学,,4,外国语言文学类,（招英语语种。国家级一流本科专业建设点；可参与英法双语国际传播人才、外交同传人才、跨境电商智能运营创新班选拔；“一带一路”倡议语种人才培养计划。含英语、商务英语、翻译专业。办学地点：马场道校区。）,,2,四年,5400.0
西藏,2025,本科一批,文科,54,天津外国语大学,,6,新闻传播学类,（新闻学专业为国家级一流本科专业建设点；可参与中国文化传播人才创新班选拔含新闻学、传播学、广告学、网络与新媒体专业。办学地点：滨海校区。）,,2,四年,4400.0
西藏,2025,本科一批,文科,54,天津外国语大学,,7,工商管理类,（国际商务专业为国家级一流本科专业建设点，人力资源管理专业为省级一流本科专业建设点，可参与“会计学+英语”创新班选拔含国际商务、会计学、财务管理、人力资源管理专业。办学地点：滨海校区。）,,2,四年,4400.0
西藏,2025,本科一批,文科,54,天津外国语大学,,1,经济学,（省级一流本科专业建设点。办学地点：滨海校区。）,,1,四年,4400.0
西藏,2025,本科一批,文科,54,天津外国语大学,,2,法学,（可参与涉外法治人才创新班。办学地点：滨海校区。）,,1,四年,4400.0
西藏,2025,本科一批,文科,54,天津外国语大学,,3,汉语言文学,（国家级一流本科专业建设点；可参与中国文化传播人才创新班选拔。办学地点：滨海校区。）,,1,四年,4400.0
西藏,2025,本科一批,文科,54,天津外国语大学,,5,印地语,（办学地点：马场道校区。）,,1,四年,5400.0
西藏,2025,本科一批,理科,46,天津大学,,2,工科试验班,（智能制造与建造）（含工程力学、工业设计、机械设计制造及其自动化、能源与动力工程、智能制造工程、港口航道与海岸工程、水利水电工程（免补专业）、土木工程、建筑环境与能源应用工程、材料成型及控制工程、智慧建筑与建造专业。办学地点：北洋园校区。）,,7,四年,5800.0
西藏,2025,本科一批,理科,46,天津大学,,,少数民族预科,（民族预科班）（预科培养地点：天津大学。）,,2,一年,3800.0
西藏,2025,国家专项计划本科批,理科,46,天津大学,,2,工科试验班,（智能制造与建造）（含工程力学、工业设计、机械设计制造及其自动化、能源与动力工程、智能制造工程、港口航道与海岸工程、水利水电工程（免补专业）、土木工程、建筑环境与能源应用工程、材料成型及控制工程、智慧建筑与建造专业。办学地点：北洋园校区。）,,2,四年,5800.0
西藏,2025,高校专项计划本科批,理科,46,天津大学,,2,工科试验班,（智能制造与建造）（含工程力学、工业设计、机械设计制造及其自动化、能源与动力工程、智能制造工程、港口航道与海岸工程、水利水电工程（免补专业）、土木工程、建筑环境与能源应用工程、材料成型及控制工程、智慧建筑与建造专业。办学地点：北洋园校区。）,,1,四年,5800.0
西藏,2025,本科一批,理科,48,天津工业大学,,1,金融学,,,2,四年,4400.0
西藏,2025,本科一批,理科,48,天津工业大学,,5,通信工程,,,2,四年,5400.0
西藏,2025,本科一批,理科,48,天津工业大学,,6,自动化,,,2,四年,5400.0
西藏,2025,本科一批,理科,48,天津工业大学,,7,纺织工程,,,2,四年,5400.0
西藏,2025,本科一批,理科,48,天津工业大学,,8,服装设计与工程,,,2,四年,5400.0
西藏,2025,本科一批,理科,48,天津工业大学,,9,环境工程,（免补专业。）,,2,四年,5400.0
西藏,2025,本科一批,理科,48,天津工业大学,,10,信息管理与信息系统,,,2,四年,4400.0
西藏,2025,国家专项计划本科批,理科,48,天津工业大学,,4,材料科学与工程,,,3,四年,5400.0
西藏,2025,本科一批,文科,48,天津工业大学,,2,法学,,,2,四年,4400.0
西藏,2025,本科一批,文科,48,天津工业大学,,3,网络与新媒体,,,2,四年,4400.0
西藏,2025,本科一批,文科,48,天津工业大学,,11,工商管理,,,2,四年,4400.0
西藏,2025,本科一批,文科,48,天津工业大学,,12,会计学,,,2,四年,4400.0
西藏,2025,提前批艺体类本科,文科,48,天津工业大学,,,服装与服饰设计,（认可区内美术与设计类专业统考成绩。）,,2,四年,12000.0
西藏,2025,本科一批,文科,52,天津师范大学,,5,汉语言文学,（师范）（办学地点：主校区。师范类。）,,3,四年,4400.0
西藏,2025,本科一批,文科,52,天津师范大学,,10,行政管理,（办学地点：主校区。）,,3,四年,4400.0
西藏,2025,本科一批,文科,52,天津师范大学,,2,教育学,（师范）（办学地点：主校区。师范类。）,,2,四年,4400.0
西藏,2025,本科一批,文科,52,天津师范大学,,3,学前教育,（师范）（办学地点：主校区。师范类。）,,2,四年,4400.0
西藏,2025,本科一批,文科,52,天津师范大学,,7,历史学,（师范）（办学地点：主校区。师范类。）,,2,四年,4400.0
西藏,2025,本科一批,文科,52,天津师范大学,,9,人文地理与城乡规划,（办学地点：主校区。）,,2,四年,5400.0
西藏,2025,本科一批,文科,52,天津师范大学,,6,广告学,（办学地点：主校区。）,,1,四年,4400.0
西藏,2025,本科一批,理科,52,天津师范大学,,4,小学教育,（师范）（含语文、数学、英语、思品辅导员、科学五个方向，其中英语方向学费标准为5400 元/生·学年，未分方向前学费暂时按 4400 元/生·学年收取。办学地点：主校区。师范类。）,,2,四年,4400.0
西藏,2025,本科一批,理科,52,天津师范大学,,8,地理科学,（师范）（办学地点：主校区。师范类。）,,2,四年,5400.0
西藏,2025,本科一批,理科,52,天津师范大学,,1,法学,（办学地点：主校区。）,,1,四年,4400.0
西藏,2025,专科提前批,理科,627,天津海运职业学院,,2,船舶通信装备技术,（航海类。）,,4,三年,5500.0
西藏,2025,专科批,文科,627,天津海运职业学院,,3,计算机网络技术,,,4,三年,5500.0
西藏,2025,专科批,文科,627,天津海运职业学院,,5,软件技术,,,2,三年,5500.0
西藏,2025,专科提前批,文科,627,天津海运职业学院,,1,船舶通信装备技术,（航海类。）,,6,三年,5500.0
西藏,2025,专科批,理科,627,天津海运职业学院,,4,计算机网络技术,,,2,三年,5500.0
西藏,2025,专科批,理科,627,天津海运职业学院,,6,软件技术,,,2,三年,5500.0
西藏,2025,专科批,理科,466,天津渤海职业技术学院,,2,建筑工程技术,（办学地点：主校区。）,,1,三年,5000.0
西藏,2025,专科批,理科,466,天津渤海职业技术学院,,4,智能建造技术,（办学地点：主校区。）,,1,三年,5000.0
西藏,2025,专科批,理科,466,天津渤海职业技术学院,,6,工程造价,（办学地点：主校区。）,,1,三年,5000.0
西藏,2025,专科批,理科,466,天津渤海职业技术学院,,8,机电一体化技术,（办学地点：主校区。）,,1,三年,5000.0
西藏,2025,专科批,理科,466,天津渤海职业技术学院,,10,工业机器人技术,（办学地点：主校区。）,,1,三年,5000.0
西藏,2025,专科批,理科,466,天津渤海职业技术学院,,12,新能源汽车技术,（办学地点：主校区。）,,1,三年,5000.0
西藏,2025,专科批,理科,466,天津渤海职业技术学院,,14,药品生产技术,（办学地点：主校区。）,,1,三年,5000.0
西藏,2025,专科批,理科,466,天津渤海职业技术学院,,16,计算机应用技术,（办学地点：主校区。）,,1,三年,5500.0
西藏,2025,专科批,理科,466,天津渤海职业技术学院,,18,云计算技术应用,（办学地点：主校区。）,,1,三年,5500.0
西藏,2025,专科批,理科,466,天津渤海职业技术学院,,20,财税大数据应用,（办学地点：主校区。）,,1,三年,5000.0
西藏,2025,专科批,文科,466,天津渤海职业技术学院,,1,建筑工程技术,（办学地点：主校区。）,,1,三年,5000.0
西藏,2025,专科批,文科,466,天津渤海职业技术学院,,3,智能建造技术,（办学地点：主校区。）,,1,三年,5000.0
西藏,2025,专科批,文科,466,天津渤海职业技术学院,,5,工程造价,（办学地点：主校区。）,,1,三年,5000.0
西藏,2025,专科批,文科,466,天津渤海职业技术学院,,7,机电一体化技术,（办学地点：主校区。）,,1,三年,5000.0
西藏,2025,专科批,文科,466,天津渤海职业技术学院,,9,工业机器人技术,（办学地点：主校区。）,,1,三年,5000.0
西藏,2025,专科批,文科,466,天津渤海职业技术学院,,11,新能源汽车技术,（办学地点：主校区。）,,1,三年,5000.0
西藏,2025,专科批,文科,466,天津渤海职业技术学院,,13,药品生产技术,（办学地点：主校区。）,,1,三年,5000.0
西藏,2025,专科批,文科,466,天津渤海职业技术学院,,15,计算机应用技术,（办学地点：主校区。）,,1,三年,5500.0
西藏,2025,专科批,文科,466,天津渤海职业技术学院,,17,云计算技术应用,（办学地点：主校区。）,,1,三年,5500.0
西藏,2025,专科批,文科,466,天津渤海职业技术学院,,19,财税大数据应用,（办学地点：主校区。）,,1,三年,5000.0
西藏,2025,本科一批,理科,50,天津理工大学,,6,工业工程,（办学地点：天津理工大学。）,,11,四年,4400.0
西藏,2025,本科一批,理科,50,天津理工大学,,1,社会工作,（办学地点：天津理工大学。）,,4,四年,4400.0
西藏,2025,本科一批,理科,50,天津理工大学,,4,工商管理,（办学地点：天津理工大学。）,,4,四年,4400.0
西藏,2025,本科一批,理科,50,天津理工大学,,2,安全工程,（办学地点：天津理工大学。）,,3,四年,5400.0
西藏,2025,本科一批,理科,50,天津理工大学,,3,应急技术与管理,（办学地点：天津理工大学。）,,2,四年,5400.0
西藏,2025,本科一批,理科,50,天津理工大学,,5,会计学,（办学地点：天津理工大学。）,,2,四年,4400.0
西藏,2025,本科二批,理科,,天津理工大学中环信息学院,,,财务管理,（办学地点：主校区。）,,2,四年,15000.0
西藏,2025,本科二批,理科,,天津理工大学中环信息学院,,,机械设计制造及其自动化,（办学地点：海河园校区。）,,1,四年,18000.0
西藏,2025,本科二批,理科,,天津理工大学中环信息学院,,,电气工程及其自动化,（办学地点：主校区。）,,1,四年,18000.0
西藏,2025,本科二批,理科,,天津理工大学中环信息学院,,,电子信息科学与技术,（办学地点：主校区。）,,1,四年,18000.0
西藏,2025,本科二批,理科,,天津理工大学中环信息学院,,,计算机科学与技术,（办学地点：主校区。）,,1,四年,18000.0
西藏,2025,本科二批,理科,,天津理工大学中环信息学院,,,数据科学与大数据技术,（办学地点：主校区。）,,1,四年,18000.0
西藏,2025,专科批,理科,467,天津电子信息职业技术学院,,2,计算机应用技术,,,4,三年,5500.0
西藏,2025,专科批,理科,467,天津电子信息职业技术学院,,1,电气自动化技术,,,3,三年,5500.0
西藏,2025,专科批,理科,467,天津电子信息职业技术学院,,3,数字媒体技术,,,3,三年,5500.0
西藏,2025,专科批,理科,467,天津电子信息职业技术学院,,4,人工智能技术应用,,,3,三年,5500.0
西藏,2025,专科批,理科,467,天津电子信息职业技术学院,,5,大数据与会计,,,3,三年,5000.0
西藏,2025,专科批,理科,1156,天津石油职业技术学院,,1,石油工程技术,（办学地点：主校区。免补专业。）,,3,三年,5000.0
西藏,2025,本科一批,理科,47,天津科技大学,,6,电气工程及其自动化,（实行学分制收费。办学地点：滨海校区。）,,2,四年,5400.0
西藏,2025,本科一批,理科,47,天津科技大学,,7,自动化,（实行学分制收费。办学地点：滨海校区。）,,2,四年,5400.0
西藏,2025,本科一批,理科,47,天津科技大学,,11,化学工程与工艺,（实行学分制收费。办学地点：滨海校区。）,,2,四年,5400.0
西藏,2025,本科一批,理科,47,天津科技大学,,12,轻化工程,（实行学分制收费。办学地点：滨海校区。）,,2,四年,5400.0
西藏,2025,本科一批,理科,47,天津科技大学,,13,食品科学与工程,（实行学分制收费。办学地点：滨海校区。）,,2,四年,5400.0
西藏,2025,本科一批,理科,47,天津科技大学,,14,生物工程,（实行学分制收费。办学地点：滨海校区。）,,2,四年,5400.0
西藏,2025,本科一批,理科,47,天津科技大学,,17,物流管理,（实行学分制收费。办学地点：河西校区。）,,2,四年,4400.0
西藏,2025,本科一批,理科,47,天津科技大学,,1,投资学,（实行学分制收费。办学地点：河西校区。）,,1,四年,4400.0
西藏,2025,本科一批,理科,47,天津科技大学,,9,计算机科学与技术,（实行学分制收费。办学地点：滨海校区。）,,1,四年,5400.0
西藏,2025,本科一批,理科,47,天津科技大学,,10,软件工程,（实行学分制收费。办学地点：滨海校区。）,,1,四年,5400.0
西藏,2025,国家专项计划本科批,理科,47,天津科技大学,,5,机械设计制造及其自动化,（实行学分制收费。办学地点：滨海校区。）,,2,四年,5400.0
西藏,2025,国家专项计划本科批,理科,47,天津科技大学,,9,计算机科学与技术,（实行学分制收费。办学地点：滨海校区。）,,1,四年,5400.0
西藏,2025,本科一批,理科,47,天津科技大学,,15,大数据管理与应用,（实行学分制收费。办学地点：河西校区。）,,1,四年,4400.0
西藏,2025,本科一批,文科,47,天津科技大学,,2,投资学,（实行学分制收费。办学地点：河西校区。）,,2,四年,4400.0
西藏,2025,本科一批,文科,47,天津科技大学,,3,国际经济与贸易,（实行学分制收费。办学地点：河西校区。）,,2,四年,4400.0
西藏,2025,本科一批,文科,47,天津科技大学,,16,财务管理,（实行学分制收费。办学地点：河西校区。）,,2,四年,4400.0
西藏,2025,本科一批,文科,47,天津科技大学,,4,法学类,（实行学分制收费含法学、知识产权专业。办学地点：河西校区。）,,1,四年,4400.0
西藏,2025,本科二批,文科,53,天津职业技术师范大学,,12,人力资源管理,（办学地点：天津职业技术师范大学。）,,3,四年,4400.0
西藏,2025,本科二批,文科,53,天津职业技术师范大学,,3,劳动教育,（办学地点：天津职业技术师范大学。师范类。）,,2,四年,4400.0
西藏,2025,本科二批,文科,53,天津职业技术师范大学,,16,电子商务,（办学地点：天津职业技术师范大学。师范类。）,,2,四年,4400.0
西藏,2025,本科二批,理科,53,天津职业技术师范大学,,5,新能源汽车工程,（办学地点：天津职业技术师范大学。师范类。）,,4,四年,5400.0
西藏,2025,本科二批,理科,53,天津职业技术师范大学,,8,自动化,（办学地点：天津职业技术师范大学。师范类。）,,4,四年,5400.0
西藏,2025,本科二批,理科,53,天津职业技术师范大学,,10,数字媒体技术,（办学地点：天津职业技术师范大学。师范类。）,,4,四年,5400.0
西藏,2025,本科二批,理科,53,天津职业技术师范大学,,13,人力资源管理,（办学地点：天津职业技术师范大学。）,,4,四年,4400.0
西藏,2025,本科二批,理科,53,天津职业技术师范大学,,1,教育学,（办学地点：天津职业技术师范大学。师范类。）,,3,四年,4400.0
西藏,2025,本科二批,理科,53,天津职业技术师范大学,,7,微电子科学与工程,（办学地点：天津职业技术师范大学。师范类。）,,3,四年,5400.0
西藏,2025,本科二批,理科,53,天津职业技术师范大学,,11,交通运输,（办学地点：天津职业技术师范大学。师范类。）,,3,四年,5400.0
西藏,2025,本科二批,理科,53,天津职业技术师范大学,,14,物流管理,（办学地点：天津职业技术师范大学。师范类。）,,3,四年,4400.0
西藏,2025,本科二批,理科,53,天津职业技术师范大学,,2,教育技术学,（办学地点：天津职业技术师范大学。师范类。）,,2,四年,4400.0
西藏,2025,本科二批,理科,53,天津职业技术师范大学,,4,机电技术教育,（办学地点：天津职业技术师范大学。师范类。）,,2,四年,5400.0
西藏,2025,本科二批,理科,53,天津职业技术师范大学,,6,电气工程及其自动化,（办学地点：天津职业技术师范大学。师范类。）,,2,四年,5400.0
西藏,2025,本科二批,理科,53,天津职业技术师范大学,,9,计算机科学与技术,（办学地点：天津职业技术师范大学。师范类。）,,2,四年,5400.0
西藏,2025,本科二批,理科,53,天津职业技术师范大学,,15,电子商务,（办学地点：天津职业技术师范大学。师范类。）,,2,四年,4400.0
西藏,2025,本科一批,文科,305,天津财经大学,,3,公共管理类,（含行政管理、劳动与社会保障专业。）,,2,四年,4400.0
西藏,2025,本科一批,理科,305,天津财经大学,,2,广播电视学,,,2,四年,4400.0
西藏,2025,本科一批,理科,305,天津财经大学,,1,经济学,,,1,四年,4400.0
西藏,2025,本科二批,理科,,天津财经大学珠江学院,,,会计学,（办学地点：天津市宝坻区。）,,2,四年,15000.0
西藏,2025,本科二批,文科,,天津财经大学珠江学院,,,会计学,（办学地点：天津市宝坻区。）,,3,四年,15000.0
西藏,2025,专科批,理科,469,天津轻工职业技术学院,,1,计算机网络技术,,,2,三年,5500.0
西藏,2025,专科批,理科,469,天津轻工职业技术学院,,2,大数据与会计,,,1,三年,5000.0
西藏,2025,专科批,文科,601,天津铁道职业技术学院,,4,铁道桥梁隧道工程技术,"（不招色盲、色弱。,矫正视力不低于4.8。办学地点：水西校区。）",,5,三年,5000.0
西藏,2025,专科批,文科,601,天津铁道职业技术学院,,2,智能建造技术,"（不招色盲、色弱。,矫正视力不低于4.8。办学地点：水西校区。）",,3,三年,5000.0
西藏,2025,专科批,理科,601,天津铁道职业技术学院,,6,铁道车辆技术,"（不招色盲、色弱。,矫正视力不低于4.8,只招男生。办学地点：水西校区。）",,5,三年,5000.0
西藏,2025,专科批,理科,601,天津铁道职业技术学院,,3,高速铁路动车组制造与维护,"（不招色盲、色弱。,矫正视力不低于4.8,只招男生。办学地点：水西校区。）",,3,三年,5000.0
西藏,2025,专科批,理科,601,天津铁道职业技术学院,,1,智能建造技术,"（不招色盲、色弱。,矫正视力不低于4.8。办学地点：水西校区。）",,2,三年,5000.0
西藏,2025,专科批,理科,601,天津铁道职业技术学院,,5,铁道机车运用与维护,"（不招色盲、色弱。,矫正视力不低于4.8,只招男生。办学地点：水西校区。）",,2,三年,5000.0
西藏,2025,本科二批,理科,1078,太原学院,,,边防军人子女预科,（民族预科班）（预科培养地点：汾东校区。非英语语种考生慎报。招边防军人子女。学费待定。）,,1,一年,
西藏,2025,本科二批,文科,1078,太原学院,,,边防军人子女预科,（民族预科班）（预科培养地点：汾东校区。非英语语种考生慎报。招边防军人子女。学费待定。）,,1,一年,
西藏,2025,本科一批,理科,61,太原理工大学,,3,测绘工程,（办学地点：虎峪校区。）,,3,四年,5500.0
西藏,2025,本科一批,理科,61,太原理工大学,,4,制药工程,（办学地点：虎峪校区。）,,3,四年,5500.0
西藏,2025,本科一批,理科,61,太原理工大学,,2,数学与应用数学,（办学地点：明向校区。）,,2,四年,5100.0
西藏,2025,专科批,文科,490,娄底职业技术学院,,42,护理,（办学地点：医卫校区。）,,22,三年,5460.0
西藏,2025,专科批,文科,490,娄底职业技术学院,,50,中医康复技术,（办学地点：医卫校区。）,,5,三年,5460.0
西藏,2025,专科批,文科,490,娄底职业技术学院,,65,大数据与会计,（办学地点：综合校区。）,,5,三年,3850.0
西藏,2025,专科批,文科,490,娄底职业技术学院,,71,电子商务,（办学地点：综合校区。）,,5,三年,3500.0
西藏,2025,专科批,文科,490,娄底职业技术学院,,9,畜牧兽医,（办学地点：综合校区。免补专业。）,,4,三年,3000.0
西藏,2025,专科批,文科,490,娄底职业技术学院,,12,建筑工程技术,（办学地点：综合校区。）,,4,三年,5060.0
西藏,2025,专科批,文科,490,娄底职业技术学院,,48,中药学,（办学地点：医卫校区。）,,4,三年,5460.0
西藏,2025,专科批,文科,490,娄底职业技术学院,,52,医学检验技术,（办学地点：医卫校区。）,,4,三年,5460.0
西藏,2025,专科批,文科,490,娄底职业技术学院,,58,眼视光技术,（办学地点：医卫校区。）,,4,三年,5460.0
西藏,2025,专科批,文科,490,娄底职业技术学院,,62,大数据与财务管理,（办学地点：综合校区。）,,4,三年,3500.0
西藏,2025,专科批,理科,490,娄底职业技术学院,,43,护理,（办学地点：医卫校区。）,,33,三年,5460.0
西藏,2025,专科批,理科,490,娄底职业技术学院,,10,畜牧兽医,（办学地点：综合校区。免补专业。）,,10,三年,3000.0
西藏,2025,专科批,理科,490,娄底职业技术学院,,35,计算机网络技术,（办学地点：综合校区。）,,9,三年,7800.0
西藏,2025,专科批,理科,490,娄底职业技术学院,,66,大数据与会计,（办学地点：综合校区。）,,8,三年,3850.0
西藏,2025,专科批,理科,490,娄底职业技术学院,,28,新能源汽车技术,（办学地点：综合校区。）,,7,三年,4600.0
西藏,2025,专科批,理科,490,娄底职业技术学院,,13,建筑工程技术,（办学地点：综合校区。）,,6,三年,5060.0
西藏,2025,专科批,理科,490,娄底职业技术学院,,34,应用电子技术,（办学地点：综合校区。）,,6,三年,5060.0
西藏,2025,专科批,理科,490,娄底职业技术学院,,46,药学,（办学地点：医卫校区。）,,6,三年,5460.0
西藏,2025,专科批,理科,490,娄底职业技术学院,,51,中医康复技术,（办学地点：医卫校区。）,,6,三年,5460.0
西藏,2025,专科批,理科,490,娄底职业技术学院,,53,医学检验技术,（办学地点：医卫校区。）,,6,三年,5460.0
西藏,2025,专科批,文科,490,娄底职业技术学院,,75,数字媒体艺术设计,（办学地点：综合校区。）,,3,三年,7500.0
西藏,2025,专科批,文科,490,娄底职业技术学院,,1,园艺技术,（办学地点：综合校区。免补专业。）,,2,三年,3000.0
西藏,2025,专科批,文科,490,娄底职业技术学院,,5,园林技术,（办学地点：综合校区。免补专业。）,,2,三年,3000.0
西藏,2025,专科批,文科,490,娄底职业技术学院,,27,新能源汽车技术,（办学地点：综合校区。）,,2,三年,4600.0
西藏,2025,专科批,文科,490,娄底职业技术学院,,56,婴幼儿托育服务与管理,（办学地点：综合校区。）,,2,三年,5460.0
西藏,2025,专科批,文科,490,娄底职业技术学院,,69,市场营销,（办学地点：综合校区。）,,2,三年,3500.0
西藏,2025,专科批,文科,490,娄底职业技术学院,,73,旅游管理,（办学地点：综合校区。）,,2,三年,4600.0
西藏,2025,专科批,文科,490,娄底职业技术学院,,77,环境艺术设计,（办学地点：综合校区。）,,2,三年,7500.0
西藏,2025,专科批,文科,490,娄底职业技术学院,,6,动物医学,（办学地点：综合校区。免补专业。）,,1,三年,3000.0
西藏,2025,专科批,文科,490,娄底职业技术学院,,15,工程造价,（办学地点：综合校区。）,,1,三年,4600.0
西藏,2025,专科批,理科,490,娄底职业技术学院,,59,眼视光技术,（办学地点：医卫校区。）,,6,三年,5460.0
西藏,2025,专科批,理科,490,娄底职业技术学院,,72,电子商务,（办学地点：综合校区。）,,6,三年,3500.0
西藏,2025,专科批,理科,490,娄底职业技术学院,,16,工程造价,（办学地点：综合校区。）,,5,三年,4600.0
西藏,2025,专科批,理科,490,娄底职业技术学院,,37,软件技术,（办学地点：综合校区。）,,5,三年,7800.0
西藏,2025,专科批,理科,490,娄底职业技术学院,,39,大数据技术,（办学地点：综合校区。）,,5,三年,4600.0
西藏,2025,专科批,理科,490,娄底职业技术学院,,49,中药学,（办学地点：医卫校区。）,,5,三年,5460.0
西藏,2025,专科批,理科,490,娄底职业技术学院,,63,大数据与财务管理,（办学地点：综合校区。）,,5,三年,3500.0
西藏,2025,专科批,理科,490,娄底职业技术学院,,23,无人机应用技术,（办学地点：综合校区。）,,3,三年,4600.0
西藏,2025,专科批,理科,490,娄底职业技术学院,,31,道路与桥梁工程技术,（办学地点：综合校区。）,,3,三年,4600.0
西藏,2025,专科批,理科,490,娄底职业技术学院,,4,园林技术,（办学地点：综合校区。免补专业。）,,2,三年,3000.0
西藏,2025,专科批,文科,490,娄底职业技术学院,,33,汽车技术服务与营销,（办学地点：综合校区。）,,1,三年,4600.0
西藏,2025,专科批,文科,490,娄底职业技术学院,,41,动漫制作技术,（办学地点：综合校区。）,,1,三年,7500.0
西藏,2025,专科批,理科,490,娄底职业技术学院,,7,动物医学,（办学地点：综合校区。免补专业。）,,2,三年,3000.0
西藏,2025,专科批,理科,490,娄底职业技术学院,,21,智能控制技术,（办学地点：综合校区。）,,2,三年,4600.0
西藏,2025,专科批,理科,490,娄底职业技术学院,,25,汽车制造与试验技术,（办学地点：综合校区。）,,2,三年,4600.0
西藏,2025,专科批,理科,490,娄底职业技术学院,,68,市场营销,（办学地点：综合校区。）,,2,三年,3500.0
西藏,2025,专科批,理科,490,娄底职业技术学院,,74,数字媒体艺术设计,（办学地点：综合校区。）,,2,三年,7500.0
西藏,2025,专科批,理科,490,娄底职业技术学院,,2,园艺技术,（办学地点：综合校区。免补专业。）,,1,三年,3000.0
西藏,2025,专科批,理科,490,娄底职业技术学院,,18,数控技术,（办学地点：综合校区。）,,1,三年,4600.0
西藏,2025,专科批,理科,490,娄底职业技术学院,,19,机电一体化技术,（办学地点：综合校区。）,,1,三年,5060.0
西藏,2025,专科批,理科,490,娄底职业技术学院,,40,动漫制作技术,（办学地点：综合校区。）,,1,三年,7500.0
西藏,2025,专科批,理科,490,娄底职业技术学院,,57,婴幼儿托育服务与管理,（办学地点：综合校区。）,,1,三年,5460.0
西藏,2025,专科批,理科,490,娄底职业技术学院,,76,环境艺术设计,（办学地点：综合校区。）,,1,三年,7500.0
西藏,2025,本科二批,文科,175,宁德师范学院,,4,旅游管理与服务教育,（办学地点：东侨校区。）,,5,四年,4800.0
西藏,2025,本科二批,文科,175,宁德师范学院,,1,市场营销,（办学地点：东侨校区。）,,3,四年,4800.0
西藏,2025,本科二批,文科,175,宁德师范学院,,2,国际商务,（办学地点：东侨校区。）,,3,四年,4800.0
西藏,2025,本科二批,文科,175,宁德师范学院,,3,酒店管理,（办学地点：东侨校区。）,,3,四年,4800.0
西藏,2025,专科批,理科,732,宁德职业技术学院,,1,人工智能技术应用,,,2,三年,6000.0
西藏,2025,专科批,理科,732,宁德职业技术学院,,2,婴幼儿托育服务与管理,,,2,三年,6000.0
西藏,2025,本科一批,理科,477,宁波大学,,9,信息管理与信息系统,（办学地点：主校区。）,,3,四年,5300.0
西藏,2025,本科一批,理科,477,宁波大学,,1,经济学类,（按类招生，含经济学、国际经济与贸易、金融学专业。办学地点：主校区。）,,2,四年,5300.0
西藏,2025,本科一批,理科,477,宁波大学,,3,法学,（办学地点：主校区。）,,2,四年,6000.0
西藏,2025,本科一批,理科,477,宁波大学,,8,传播学,（办学地点：主校区。）,,2,四年,5300.0
西藏,2025,本科一批,理科,477,宁波大学,,11,工商管理类,（按类招生，含工商管理、会计学、会计学（CPA Canada）专业。办学地点：主校区。）,,2,四年,5300.0
西藏,2025,本科一批,理科,477,宁波大学,,13,物流管理,（办学地点：梅山校区。）,,2,四年,5300.0
西藏,2025,本科一批,文科,477,宁波大学,,2,经济学类,（按类招生，含经济学、国际经济与贸易、金融学专业。办学地点：主校区。）,,2,四年,5300.0
西藏,2025,本科一批,文科,477,宁波大学,,4,法学,（办学地点：主校区。）,,2,四年,6000.0
西藏,2025,本科一批,文科,477,宁波大学,,5,学前教育,（办学地点：主校区。师范类。）,,2,四年,5300.0
西藏,2025,本科一批,文科,477,宁波大学,,6,小学教育,（办学地点：主校区。师范类。）,,2,四年,6000.0
西藏,2025,本科一批,文科,477,宁波大学,,7,传播学,（办学地点：主校区。）,,2,四年,5300.0
西藏,2025,本科一批,文科,477,宁波大学,,10,工商管理类,（按类招生，含工商管理、会计学、会计学（CPA Canada）专业。办学地点：主校区。）,,2,四年,5300.0
西藏,2025,本科一批,文科,477,宁波大学,,12,物流管理,（办学地点：梅山校区。）,,2,四年,5300.0
西藏,2025,本科二批,理科,378,宁波工程学院,,7,市场营销,（办学地点：风华校区。）,,5,四年,4800.0
西藏,2025,本科二批,理科,378,宁波工程学院,,5,商务英语,（招英语语种。办学地点：风华校区。）,,4,四年,4800.0
西藏,2025,本科二批,理科,378,宁波工程学院,,9,物流管理,（办学地点：风华校区。）,,4,四年,4800.0
西藏,2025,本科二批,理科,378,宁波工程学院,,11,电子商务,（办学地点：风华校区。）,,4,四年,4800.0
西藏,2025,本科二批,理科,378,宁波工程学院,,2,英语,（招英语语种。办学地点：风华校区。）,,3,四年,4800.0
西藏,2025,本科二批,文科,378,宁波工程学院,,10,物流管理,（办学地点：风华校区。）,,7,四年,4800.0
西藏,2025,本科二批,文科,378,宁波工程学院,,1,汉语言文学,（办学地点：风华校区。）,,6,四年,4800.0
西藏,2025,本科二批,文科,378,宁波工程学院,,8,城市管理,（办学地点：风华校区。）,,6,四年,4800.0
西藏,2025,本科二批,文科,378,宁波工程学院,,3,英语,（招英语语种。办学地点：风华校区。）,,4,四年,4800.0
西藏,2025,本科二批,文科,378,宁波工程学院,,4,商务英语,（招英语语种。办学地点：风华校区。）,,4,四年,4800.0
西藏,2025,本科二批,文科,378,宁波工程学院,,6,市场营销,（办学地点：风华校区。）,,3,四年,4800.0
西藏,2025,本科二批,文科,378,宁波工程学院,,12,电子商务,（办学地点：风华校区。）,,2,四年,4800.0
西藏,2025,本科二批,文科,416,安庆师范大学,,1,思想政治教育,（办学地点：安庆师范大学龙山校区。师范类。）,,5,四年,5390.0
西藏,2025,本科二批,文科,416,安庆师范大学,,2,地理科学,（办学地点：安庆师范大学龙山校区。师范类。）,,5,四年,5200.0
西藏,2025,本科二批,理科,617,安康学院,,9,康复治疗学,（办学地点：江北校区。）,,3,四年,6500.0
西藏,2025,本科二批,理科,617,安康学院,,4,小学教育,（办学地点：江南校区。师范类。）,,2,四年,5000.0
西藏,2025,本科二批,理科,617,安康学院,,7,农学,（办学地点：江北校区。免补专业。）,,2,四年,6000.0
西藏,2025,本科二批,理科,617,安康学院,,8,园林,（办学地点：江北校区。免补专业。）,,2,四年,6000.0
西藏,2025,本科二批,理科,617,安康学院,,10,护理学,（办学地点：江北校区。）,,2,四年,6500.0
西藏,2025,本科二批,文科,617,安康学院,,1,思想政治教育,（办学地点：江南校区。师范类。）,,2,四年,5000.0
西藏,2025,本科二批,文科,617,安康学院,,2,学前教育,（办学地点：江南校区。师范类。）,,2,四年,5000.0
西藏,2025,本科二批,文科,617,安康学院,,3,小学教育,（办学地点：江南校区。师范类。）,,2,四年,5000.0
西藏,2025,本科二批,文科,617,安康学院,,5,汉语言文学,（办学地点：江南校区。师范类。）,,2,四年,5000.0
西藏,2025,本科二批,文科,617,安康学院,,6,秘书学,（办学地点：江南校区。）,,2,四年,5000.0
西藏,2025,本科二批,文科,617,安康学院,,11,旅游管理,（办学地点：江北校区。）,,2,四年,5000.0
西藏,2025,本科一批,理科,164,安徽农业大学,,5,会计学,,,4,四年,5390.0
西藏,2025,本科一批,理科,164,安徽农业大学,,1,环境科学,（免补专业。）,,2,四年,5980.0
西藏,2025,本科一批,理科,164,安徽农业大学,,3,动物科学,（免补专业。）,,2,四年,5980.0
西藏,2025,本科一批,理科,164,安徽农业大学,,4,动物医学,（免补专业。）,,2,五年,5980.0
西藏,2025,本科一批,理科,164,安徽农业大学,,8,农林经济管理,（免补专业。）,,2,四年,5635.0
西藏,2025,本科一批,理科,164,安徽农业大学,,2,茶学,（免补专业。）,,1,四年,5980.0
西藏,2025,本科一批,文科,164,安徽农业大学,,6,会计学,,,3,四年,5390.0
西藏,2025,本科一批,文科,164,安徽农业大学,,7,农林经济管理,（免补专业。）,,2,四年,5635.0
西藏,2025,本科一批,文科,164,安徽农业大学,,9,土地资源管理,,,2,四年,4900.0
西藏,2025,本科一批,理科,215,安徽医科大学,,3,预防医学,（不招色盲、色弱。办学地点：新医科中心。）,,3,五年,5500.0
西藏,2025,本科一批,理科,215,安徽医科大学,,4,妇幼保健医学,（不招色盲、色弱。办学地点：新医科中心。）,,3,五年,5500.0
西藏,2025,本科一批,理科,215,安徽医科大学,,1,临床医学,（不招色盲、色弱。办学地点：新医科中心。）,,2,五年,6050.0
西藏,2025,本科一批,理科,215,安徽医科大学,,2,精神医学,（不招色盲、色弱。办学地点：新医科中心。）,,2,五年,5500.0
西藏,2025,专科批,理科,768,安徽城市管理职业学院,,2,护理,（办学地点：新站校区。）,,20,三年,3900.0
西藏,2025,专科批,理科,768,安徽城市管理职业学院,,4,学前教育,（办学地点：新站校区。师范类。）,,20,三年,3500.0
西藏,2025,专科批,文科,768,安徽城市管理职业学院,,1,护理,（办学地点：新站校区。）,,31,三年,3900.0
西藏,2025,专科批,文科,768,安徽城市管理职业学院,,3,学前教育,（办学地点：新站校区。师范类。）,,30,三年,3500.0
西藏,2025,本科一批,文科,520,安徽大学,,1,政治学与行政学,（办学地点：龙河校区。）,,2,四年,5000.0
西藏,2025,本科一批,文科,223,安徽财经大学,,2,经济学类,（含经济学、国民经济管理专业。办学地点：龙湖东校区。）,,2,四年,5635.0
西藏,2025,本科一批,文科,223,安徽财经大学,,5,国际商务,（办学地点：龙湖东校区。）,,2,四年,5635.0
西藏,2025,本科一批,理科,223,安徽财经大学,,1,经济学类,（含经济学、国民经济管理专业。办学地点：龙湖东校区。）,,2,四年,5635.0
西藏,2025,本科一批,理科,223,安徽财经大学,,3,经济与贸易类,（含国际经济与贸易、贸易经济专业。办学地点：龙湖东校区。）,,2,四年,5635.0
西藏,2025,本科一批,理科,223,安徽财经大学,,4,工商管理类,（含工商管理、市场营销、人力资源管理专业。办学地点：龙湖东校区。）,,2,四年,5635.0
西藏,2025,本科二批,文科,347,安阳工学院,,1,汉语国际教育,（办学地点：学校本部。）,,4,四年,4400.0
西藏,2025,本科二批,文科,347,安阳工学院,,2,电子商务,（办学地点：明德书院校区。）,,4,四年,4400.0
西藏,2025,专科批,理科,511,宜宾职业技术学院,,1,动物医学,（办学地点：宜宾职业技术学院。免补专业。）,,5,三年,5280.0
西藏,2025,专科批,理科,511,宜宾职业技术学院,,2,机电一体化技术,（办学地点：宜宾职业技术学院。）,,5,三年,5720.0
西藏,2025,专科批,文科,552,宜春职业技术学院,,3,护理,（不招色盲、色弱；男生低于165cm，女生低于158cm不宜报考。办学地点：宜春职业技术学院。）,,6,三年,5000.0
西藏,2025,专科批,文科,552,宜春职业技术学院,,2,数字媒体技术,（办学地点：宜春职业技术学院。）,,5,三年,5000.0
西藏,2025,专科批,文科,552,宜春职业技术学院,,8,网络营销与直播电商,（办学地点：宜春职业技术学院。）,,4,三年,5000.0
西藏,2025,专科批,文科,552,宜春职业技术学院,,7,老年保健与管理,（办学地点：宜春职业技术学院。）,,2,三年,5000.0
西藏,2025,专科批,理科,552,宜春职业技术学院,,5,医学检验技术,（不招色盲、色弱。办学地点：宜春职业技术学院。）,,4,三年,5000.0
西藏,2025,专科批,理科,552,宜春职业技术学院,,6,医学影像技术,（不招色盲、色弱。办学地点：宜春职业技术学院。）,,4,三年,5000.0
西藏,2025,专科批,理科,552,宜春职业技术学院,,1,计算机网络技术,（办学地点：宜春职业技术学院。）,,3,三年,5000.0
西藏,2025,专科批,理科,552,宜春职业技术学院,,4,药学,（不招色盲、色弱。办学地点：宜春职业技术学院。）,,2,三年,5000.0
西藏,2025,提前批艺体类本科,理科,,宝鸡文理学院,,,体育教育,（办学地点：高新校区。认可区内体育统考成绩。师范类。）,,5,四年,5000.0
西藏,2025,提前批艺体类本科,文科,,宝鸡文理学院,,,美术学,（美术）（办学地点：高新校区。师范类。认可区内美术与设计类专业统考成绩。）,,12,四年,11000.0
西藏,2025,提前批艺体类本科,文科,,宝鸡文理学院,,,舞蹈学,（舞蹈）（办学地点：高新校区。师范类。认可区内舞蹈类专业统考成绩。）,,6,四年,11000.0
西藏,2025,提前批艺体类本科,文科,,宝鸡文理学院,,,设计学类,（美术）（含视觉传达设计、环境设计专业。办学地点：高新校区。认可区内美术与设计类专业统考成绩。）,,6,四年,14000.0
西藏,2025,提前批艺体类本科,文科,,宝鸡文理学院,,,音乐学,（音乐教育声乐）（办学地点：高新校区。师范类。认可区内音乐教育（声乐方向）专业统考成绩。）,,3,四年,11000.0
西藏,2025,专科批,理科,526,宣城职业技术学院,,1,护理,（办学地点：敬亭山校区。）,,50,三年,3900.0
西藏,2025,专科批,文科,526,宣城职业技术学院,,2,学前教育,（办学地点：敬亭山校区。师范类。）,,51,三年,3500.0
西藏,2025,本科一批,理科,31,对外经济贸易大学,,1,政治学类,（含国际政治、政治学与行政学、政治学与行政学（金融学双学士学位项目）、国际政治（英语双学士学位项目）专业。办学地点：北京。）,,1,四年,5000.0
西藏,2025,国家专项计划本科批,理科,31,对外经济贸易大学,,4,公共管理类,（含海关管理、行政管理、公共事业管理、文化产业管理专业。办学地点：北京。）,,2,四年,5000.0
西藏,2025,本科一批,文科,31,对外经济贸易大学,,3,网络与新媒体,（办学地点：北京。）,,1,四年,5000.0
西藏,2025,国家专项计划本科批,文科,31,对外经济贸易大学,,2,政治学类,（含国际政治、政治学与行政学、政治学与行政学(金融学双学士学位项目)、国际政治(英语双学士学位项目)专业。办学地点：北京。）,,2,四年,5000.0
西藏,2025,本科二批,理科,369,山东交通学院,,1,材料成型及控制工程,（办学地点：长清校区。）,,2,四年,6325.0
西藏,2025,本科二批,理科,369,山东交通学院,,2,汽车服务工程,（办学地点：长清校区。）,,2,四年,6325.0
西藏,2025,本科二批,理科,369,山东交通学院,,3,智能制造工程,（办学地点：长清校区。）,,2,四年,5500.0
西藏,2025,本科二批,理科,369,山东交通学院,,4,土木工程,（办学地点：长清校区。）,,2,四年,6325.0
西藏,2025,本科二批,理科,369,山东交通学院,,5,测绘工程,（办学地点：长清校区。）,,2,四年,6325.0
西藏,2025,本科二批,理科,369,山东交通学院,,6,交通运输,（办学地点：长清校区。）,,2,四年,6325.0
西藏,2025,本科二批,理科,369,山东交通学院,,7,工程管理,（办学地点：长清校区。）,,2,四年,6325.0
西藏,2025,本科二批,理科,369,山东交通学院,,10,物流工程,（办学地点：长清校区。）,,2,四年,6600.0
西藏,2025,本科二批,文科,369,山东交通学院,,8,审计学,（办学地点：长清校区。）,,2,四年,5500.0
西藏,2025,本科二批,文科,369,山东交通学院,,9,交通管理,（办学地点：威海校区。）,,2,四年,5500.0
西藏,2025,本科二批,理科,189,山东农业大学,,1,土木类,（含土木工程、道路桥梁与渡河工程、给排水科学与工程专业。办学地点：山东农业大学。）,,4,四年,6325.0
西藏,2025,本科二批,理科,189,山东农业大学,,5,园艺,（办学地点：山东农业大学。免补专业。）,,4,四年,6600.0
西藏,2025,本科二批,理科,189,山东农业大学,,2,制药工程,（办学地点：山东农业大学。）,,2,四年,6325.0
西藏,2025,本科二批,理科,189,山东农业大学,,3,环境科学与工程类,（含环境科学、环境工程专业。办学地点：山东农业大学。免补专业。）,,2,四年,6325.0
西藏,2025,本科二批,理科,189,山东农业大学,,4,食品科学与工程,（办学地点：山东农业大学。）,,2,四年,6600.0
西藏,2025,本科二批,理科,189,山东农业大学,,6,动物科学,（办学地点：山东农业大学。免补专业。）,,2,四年,6600.0
西藏,2025,本科二批,文科,189,山东农业大学,,7,文化产业管理,（办学地点：山东农业大学。）,,2,四年,5500.0
西藏,2025,本科二批,文科,189,山东农业大学,,8,行政管理,（办学地点：山东农业大学。）,,2,四年,6600.0
西藏,2025,本科二批,文科,669,山东农业工程学院,,1,审计学,（办学地点：淄博科教园区。）,,10,四年,5500.0
西藏,2025,本科二批,文科,669,山东农业工程学院,,2,农林经济管理,（办学地点：淄博科教园区。免补专业。）,,5,四年,5500.0
西藏,2025,本科二批,理科,,山东协和学院,,,护理学,（办学地点：郭店校区。）,,2,四年,23800.0
西藏,2025,本科二批,文科,,山东协和学院,,,护理学,（办学地点：郭店校区。）,,3,四年,23800.0
西藏,2025,本科一批,理科,183,山东大学,,4,能源动力类,（电气与智慧能源新工科实验班）（含卓越工程师培养计划、全球能源互联网新工科特色班、能源与环境系统工程实验班、吴有训核科学英才班；含电气工程及其自动化、能源与动力工程、能源与环境系统工程、新能源科学与工程、储能科学与工程专业。）,,2,四年,6600.0
西藏,2025,本科一批,理科,183,山东大学,,5,电子信息类,（通信电子与光电方向）（含崇新学堂、微纳光电子科学与技术实验班、光电科创未来精英班；含通信工程、电子科学与技术、光电信息科学与工程专业。办学地点：青岛校区。）,,2,四年,6600.0
西藏,2025,本科一批,理科,183,山东大学,,6,自动化类,（含卓越工程师培养计划、自动化科学新工科实验班；含自动化、机器人工程专业。）,,2,四年,6600.0
西藏,2025,本科一批,理科,183,山东大学,,8,临床医学,（不招色弱、色盲。）,,2,五年,7920.0
西藏,2025,本科一批,理科,183,山东大学,,10,药学类,（含英国牛津大学、巴斯大学、日本东京大学、比利时鲁汶大学、香港大学等高校交流项目；不招色弱、色盲。含药学、临床药学（五年制）专业。）,,2,四年,7920.0
西藏,2025,本科一批,理科,183,山东大学,,,少数民族预科,（民族预科班）（预科培养地点：山东大学威海校区。）,,2,一年,4000.0
西藏,2025,国家专项计划本科批,理科,183,山东大学,,7,土木、水利与海洋工程,,,2,四年,6600.0
西藏,2025,国家专项计划本科批,理科,183,山东大学,,9,预防医学,,,1,五年,7920.0
西藏,2025,国家专项计划本科批,文科,183,山东大学,,11,工商管理类,（含工商管理、会计学专业。）,,1,四年,6600.0
西藏,2025,国家专项计划本科批,文科,183,山东大学,,14,公共管理类,（含行政管理专业。办学地点：青岛校区。）,,1,四年,6600.0
西藏,2025,本科一批,文科,183,山东大学,,2,新闻传播学类,（含卓越新闻传播人才教育培养计划；含密苏里大学双学位项目；含新闻学、国际新闻与传播专业。）,,2,四年,5280.0
西藏,2025,本科一批,文科,183,山东大学,,12,工商管理类,（含工商管理创新实验班；含工商管理、会计学专业。）,,2,四年,6600.0
西藏,2025,本科一批,文科,183,山东大学,,13,公共管理类,（含“公共管理+信息”双学位班；含英国牛津大学、巴斯大学、俄罗斯人民友谊大学等校联合培养项目；含行政管理专业。办学地点：青岛校区。）,,2,四年,6600.0
西藏,2025,本科一批,文科,183,山东大学,,,少数民族预科,（民族预科班）（预科培养地点：山东大学威海校区。）,,2,一年,4000.0
西藏,2025,专科批,文科,600,山东旅游职业学院,,1,旅游管理,（办学地点：山东旅游职业学院。）,,15,三年,5000.0
西藏,2025,专科批,文科,600,山东旅游职业学院,,2,酒店管理与数字化运营,（办学地点：山东旅游职业学院。）,,5,三年,5000.0
西藏,2025,专科批,理科,741,山东水利职业学院,,5,现代通信技术,（办学地点：日照。）,,2,三年,5500.0
西藏,2025,专科批,理科,741,山东水利职业学院,,7,大数据与会计,（办学地点：日照。）,,2,三年,5280.0
西藏,2025,专科批,理科,741,山东水利职业学院,,9,现代物流管理,（办学地点：日照。）,,2,三年,5280.0
西藏,2025,专科批,理科,741,山东水利职业学院,,2,建筑工程技术,（办学地点：日照。）,,1,三年,6050.0
西藏,2025,专科批,理科,741,山东水利职业学院,,3,软件技术,（办学地点：日照。）,,1,三年,5500.0
西藏,2025,专科批,文科,741,山东水利职业学院,,4,现代通信技术,（办学地点：日照。）,,2,三年,5500.0
西藏,2025,专科批,文科,741,山东水利职业学院,,6,大数据与会计,（办学地点：日照。）,,2,三年,5280.0
西藏,2025,专科批,文科,741,山东水利职业学院,,8,现代物流管理,（办学地点：日照。）,,2,三年,5280.0
西藏,2025,专科批,文科,741,山东水利职业学院,,1,建筑工程技术,（办学地点：日照。）,,1,三年,6050.0
西藏,2025,专科批,理科,713,山东畜牧兽医职业学院,,4,畜牧兽医,（免补专业。）,,7,三年,6000.0
西藏,2025,专科批,理科,713,山东畜牧兽医职业学院,,1,动物医学,（免补专业。）,,4,三年,6000.0
西藏,2025,专科批,文科,713,山东畜牧兽医职业学院,,2,动物医学,（免补专业。）,,5,三年,6000.0
西藏,2025,专科批,文科,713,山东畜牧兽医职业学院,,3,畜牧兽医,（免补专业。）,,4,三年,6000.0
西藏,2025,本科一批,理科,185,山东科技大学,,1,能源与动力工程,（办学地点：青岛校区。）,,5,四年,6325.0
西藏,2025,本科一批,理科,185,山东科技大学,,3,地质工程,（办学地点：青岛校区。免补专业。）,,4,四年,6600.0
西藏,2025,本科一批,理科,185,山东科技大学,,5,交通运输,（办学地点：青岛校区。）,,4,四年,6600.0
西藏,2025,本科一批,理科,185,山东科技大学,,6,安全工程,（办学地点：青岛校区。）,,2,四年,6600.0
西藏,2025,国家专项计划本科批,理科,185,山东科技大学,,2,土木工程,（办学地点：青岛校区。）,,6,四年,6600.0
西藏,2025,国家专项计划本科批,理科,185,山东科技大学,,4,资源勘查工程,（办学地点：青岛校区。免补专业。）,,4,四年,6600.0
西藏,2025,专科批,理科,487,山东科技职业学院,,2,药品生物技术,,,2,三年,5500.0
西藏,2025,专科批,理科,487,山东科技职业学院,,3,汽车检测与维修技术,,,2,三年,5500.0
西藏,2025,专科批,理科,487,山东科技职业学院,,5,计算机网络技术,,,2,三年,6325.0
西藏,2025,专科批,文科,487,山东科技职业学院,,1,药品生物技术,,,2,三年,5500.0
西藏,2025,专科批,文科,487,山东科技职业学院,,4,计算机网络技术,,,2,三年,6325.0
西藏,2025,本科二批,理科,1026,山东第二医科大学,,5,护理学,（不招色盲色弱。办学地点：山东第二医科大学。）,,8,四年,7920.0
西藏,2025,本科二批,理科,1026,山东第二医科大学,,3,医学检验技术,（不招色盲色弱。办学地点：山东第二医科大学。）,,4,四年,7590.0
西藏,2025,本科二批,理科,1026,山东第二医科大学,,1,预防医学,（不招色盲色弱。办学地点：山东第二医科大学。）,,3,五年,7590.0
西藏,2025,本科二批,理科,1026,山东第二医科大学,,2,药学,（不招色盲色弱。办学地点：山东第二医科大学。）,,3,四年,7920.0
西藏,2025,本科二批,理科,1026,山东第二医科大学,,4,康复治疗学,（不招色盲色弱。办学地点：山东第二医科大学。）,,2,四年,7590.0
西藏,2025,本科二批,文科,668,山东管理学院,,1,社会工作,（办学地点：主校区。）,,4,四年,4400.0
西藏,2025,本科二批,文科,668,山东管理学院,,2,秘书学,（办学地点：主校区。）,,2,四年,4400.0
西藏,2025,本科二批,文科,668,山东管理学院,,3,网络与新媒体,（办学地点：主校区。）,,2,四年,4400.0
西藏,2025,本科二批,文科,668,山东管理学院,,4,劳动关系,（办学地点：主校区。）,,2,四年,6600.0
西藏,2025,本科二批,文科,668,山东管理学院,,5,劳动与社会保障,（办学地点：主校区。）,,2,四年,5500.0
西藏,2025,本科二批,文科,668,山东管理学院,,6,公共关系学,（办学地点：主校区。）,,2,四年,5500.0
西藏,2025,本科二批,文科,668,山东管理学院,,7,物流管理,（办学地点：主校区。）,,2,四年,5500.0
西藏,2025,本科二批,文科,668,山东管理学院,,8,电子商务,（办学地点：主校区。）,,2,四年,5500.0
西藏,2025,本科二批,文科,668,山东管理学院,,9,旅游管理与服务教育,（办学地点：主校区。）,,2,四年,5500.0
西藏,2025,提前批艺体类本科,理科,,山东艺术学院,,,绘画,（美术）（办学地点：长清校区。认可区内美术与设计类专业统考成绩。）,,1,四年,15000.0
西藏,2025,提前批艺体类本科,文科,,山东艺术学院,,,绘画,（美术）（办学地点：长清校区。认可区内美术与设计类专业统考成绩。）,,2,四年,15000.0
西藏,2025,提前批艺体类本科,文科,,山东艺术学院,,,表演,（戏剧影视表演）（办学地点：长清校区。认可区内戏剧影视表演专业统考成绩。）,,1,四年,15000.0
西藏,2025,本科二批,理科,,山东英才学院,,,计算机科学与技术,（办学地点：北校区。）,,5,四年,31000.0
西藏,2025,专科批,理科,1211,山东铝业职业学院,,6,机电一体化技术,,,20,三年,8000.0
西藏,2025,专科批,理科,1211,山东铝业职业学院,,3,机械制造及自动化,,,15,三年,8000.0
西藏,2025,专科批,理科,1211,山东铝业职业学院,,11,分析检验技术,,,3,三年,8000.0
西藏,2025,专科批,理科,1211,山东铝业职业学院,,9,无人机应用技术,,,2,三年,8000.0
西藏,2025,专科批,文科,1211,山东铝业职业学院,,5,机电一体化技术,,,20,三年,8000.0
西藏,2025,专科批,文科,1211,山东铝业职业学院,,2,机械制造及自动化,,,5,三年,8000.0
西藏,2025,专科批,文科,1211,山东铝业职业学院,,12,分析检验技术,,,3,三年,8000.0
西藏,2025,专科批,文科,1211,山东铝业职业学院,,8,无人机应用技术,,,2,三年,8000.0
西藏,2025,本科二批,文科,1219,山东青年政治学院,,1,政治学与行政学,,,5,四年,5060.0
西藏,2025,本科二批,文科,1219,山东青年政治学院,,2,公共事业管理,,,5,四年,6325.0
西藏,2025,本科二批,理科,667,山西传媒学院,,3,广播电视学,（办学地点：山西传媒学院。）,,2,四年,5000.0
西藏,2025,本科二批,理科,667,山西传媒学院,,6,数字媒体技术,（办学地点：山西传媒学院。）,,2,四年,5280.0
西藏,2025,本科二批,理科,667,山西传媒学院,,7,广播电视编导,（办学地点：山西传媒学院。）,,2,四年,8580.0
西藏,2025,本科二批,文科,667,山西传媒学院,,1,汉语言文学,（办学地点：山西传媒学院。）,,2,四年,4500.0
西藏,2025,本科二批,文科,667,山西传媒学院,,2,新闻学,（办学地点：山西传媒学院。）,,2,四年,4950.0
西藏,2025,本科二批,文科,667,山西传媒学院,,4,广告学,（办学地点：山西传媒学院。）,,2,四年,7000.0
西藏,2025,本科二批,文科,667,山西传媒学院,,5,网络与新媒体,（办学地点：山西传媒学院。）,,2,四年,4950.0
西藏,2025,本科一批,理科,62,山西农业大学,,1,农学,（不招色弱、色盲。办学地点：山西农业大学。免补专业。）,,2,四年,4500.0
西藏,2025,本科一批,理科,62,山西农业大学,,2,园艺,（不招色弱、色盲。办学地点：山西农业大学。免补专业。）,,2,四年,4500.0
西藏,2025,本科一批,文科,62,山西农业大学,,3,公共事业管理,（办学地点：山西农业大学。）,,2,四年,5175.0
西藏,2025,本科一批,文科,62,山西农业大学,,4,土地资源管理,（办学地点：山西农业大学。）,,2,四年,5175.0
西藏,2025,本科一批,文科,62,山西农业大学,,5,物流管理,（办学地点：山西农业大学。）,,2,四年,5175.0
西藏,2025,本科一批,理科,1005,山西医科大学,,5,预防医学,（办学地点：中都校区。）,,3,五年,5600.0
西藏,2025,本科一批,理科,1005,山西医科大学,,3,麻醉学,（办学地点：中都校区。）,,1,五年,5600.0
西藏,2025,本科一批,理科,1005,山西医科大学,,4,医学影像学,（办学地点：中都校区。）,,1,五年,5600.0
西藏,2025,本科一批,理科,401,山西大学,,5,电气工程及其自动化,（办学地点：东山校区。）,,2,四年,5520.0
西藏,2025,本科一批,理科,401,山西大学,,3,测控技术与仪器,（办学地点：东山校区。）,,1,四年,5520.0
西藏,2025,本科一批,理科,401,山西大学,,4,能源与动力工程,（办学地点：东山校区。）,,1,四年,5520.0
西藏,2025,本科一批,理科,401,山西大学,,6,自动化,（办学地点：东山校区。）,,1,四年,5520.0
西藏,2025,本科二批,理科,851,山西工学院,,1,电气工程及其自动化,,,1,四年,5280.0
西藏,2025,本科二批,理科,797,山西工程技术学院,,1,机械工程,,,1,四年,5280.0
西藏,2025,本科二批,理科,797,山西工程技术学院,,2,机械设计制造及其自动化,,,1,四年,5280.0
西藏,2025,本科二批,理科,797,山西工程技术学院,,3,机械电子工程,,,1,四年,5280.0
西藏,2025,本科二批,理科,797,山西工程技术学院,,4,智能制造工程,,,1,四年,5280.0
西藏,2025,本科二批,理科,797,山西工程技术学院,,5,自动化,,,1,四年,5280.0
西藏,2025,专科批,文科,1143,山西金融职业学院,,1,大数据与会计,,,3,三年,5200.0
西藏,2025,专科批,文科,1143,山西金融职业学院,,2,电子商务,,,2,三年,4000.0
西藏,2025,本科二批,理科,333,岭南师范学院,,3,教育技术学,（办学地点：湖光校区。师范类。）,,3,四年,5050.0
西藏,2025,本科二批,理科,333,岭南师范学院,,10,心理学,（不招色盲、色弱。办学地点：寸金校区。师范类。）,,3,四年,5710.0
西藏,2025,本科二批,理科,333,岭南师范学院,,11,人工智能,（不招单色识别不全者。办学地点：湖光校区。）,,3,四年,5710.0
西藏,2025,本科二批,理科,333,岭南师范学院,,12,园林,（不招色盲、色弱。办学地点：寸金校区。免补专业。）,,3,四年,4568.0
西藏,2025,本科二批,理科,333,岭南师范学院,,8,应用物理学,（不招色盲。办学地点：湖光校区。）,,2,四年,5710.0
西藏,2025,本科二批,理科,333,岭南师范学院,,9,地理信息科学,（不招色盲。办学地点：湖光校区。）,,2,四年,5710.0
西藏,2025,本科二批,理科,333,岭南师范学院,,14,电子商务,（办学地点：寸金校区。）,,2,四年,5050.0
西藏,2025,本科二批,文科,333,岭南师范学院,,1,法学,（办学地点：寸金校区。）,,3,四年,5050.0
西藏,2025,本科二批,文科,333,岭南师范学院,,2,社会工作,（办学地点：寸金校区。）,,3,四年,5050.0
西藏,2025,本科二批,文科,333,岭南师范学院,,4,特殊教育,（不招色盲、色弱。办学地点：寸金校区。师范类。）,,3,四年,5050.0
西藏,2025,本科二批,文科,333,岭南师范学院,,7,历史学,（办学地点：寸金校区。师范类。）,,3,四年,5050.0
西藏,2025,本科二批,文科,333,岭南师范学院,,13,人力资源管理,（办学地点：寸金校区。）,,3,四年,5050.0
西藏,2025,本科二批,文科,333,岭南师范学院,,5,新闻学,（办学地点：寸金校区。）,,2,四年,5050.0
西藏,2025,本科二批,文科,333,岭南师范学院,,6,网络与新媒体,（办学地点：寸金校区。）,,2,四年,5050.0
西藏,2025,本科二批,理科,,岳阳学院,,,应用化学,,,2,四年,22900.0
西藏,2025,本科二批,文科,,岳阳学院,,,汉语言文学,,,2,四年,21500.0
西藏,2025,本科一批,理科,242,川北医学院,,1,临床医学,（不招色盲、色弱。）,,5,五年,6670.0
西藏,2025,专科批,理科,,巴中职业技术学院,,,畜牧兽医,（免补专业。）,,3,三年,11800.0
西藏,2025,专科批,理科,,巴中职业技术学院,,,民族表演艺术,,,2,三年,12000.0
西藏,2025,专科批,文科,,巴中职业技术学院,,,学前教育,（师范类。）,,2,三年,11800.0
西藏,2025,专科批,文科,,巴中职业技术学院,,,畜牧兽医,（免补专业。）,,1,三年,11800.0
西藏,2025,专科批,文科,,巴中职业技术学院,,,民族表演艺术,,,1,三年,12000.0
西藏,2025,专科批,文科,,巴中职业技术学院,,,小学教育,（师范类。）,,1,三年,12700.0
西藏,2025,本科二批,文科,,常德学院,,,思想政治教育,（师范类）（非定向）,,2,四年,
西藏,2025,本科二批,文科,,常德学院,,,汉语言文学,（师范类）（非定向）,,1,四年,
西藏,2025,专科批,理科,,广东亚视演艺职业学院,,,护理,,,2,三年,18600.0
西藏,2025,专科批,理科,,广东亚视演艺职业学院,,,学前教育,,,2,三年,18200.0
西藏,2025,专科批,理科,,广东亚视演艺职业学院,,,数字媒体技术,,,1,三年,18600.0
西藏,2025,专科批,文科,,广东亚视演艺职业学院,,,护理,,,2,三年,18600.0
西藏,2025,专科批,文科,,广东亚视演艺职业学院,,,学前教育,,,2,三年,18200.0
西藏,2025,专科批,文科,,广东亚视演艺职业学院,,,数字媒体技术,,,1,三年,18600.0
西藏,2025,提前批艺体类专科,理科,,广东亚视演艺职业学院,,,音乐表演,（民办）（音乐表演）（认可区内音乐表演专业统考成绩。）,,2,三年,19600.0
西藏,2025,提前批艺体类专科,理科,,广东亚视演艺职业学院,,,舞蹈表演,（民办）（舞蹈）（认可区内舞蹈类专业统考成绩。）,,2,三年,19600.0
西藏,2025,提前批艺体类专科,理科,,广东亚视演艺职业学院,,,播音与主持,（民办）（播音）（认可区内播音与主持类专业统考成绩。）,,1,三年,19600.0
西藏,2025,提前批艺体类专科,文科,,广东亚视演艺职业学院,,,音乐表演,（民办）（音乐表演）（认可区内音乐表演专业统考成绩。）,,2,三年,19600.0
西藏,2025,提前批艺体类专科,文科,,广东亚视演艺职业学院,,,舞蹈表演,（民办）（舞蹈）（认可区内舞蹈类专业统考成绩。）,,2,三年,19600.0
西藏,2025,提前批艺体类专科,文科,,广东亚视演艺职业学院,,,播音与主持,（民办）（播音）（认可区内播音与主持类专业统考成绩。）,,1,三年,19600.0
西藏,2025,本科一批,理科,560,广东医科大学,,3,医学影像学,（不招色盲、色弱。办学地点：湛江校区。）,,3,五年,7656.0
西藏,2025,本科一批,理科,560,广东医科大学,,1,临床医学,（湛江校区。不招色盲、色弱。办学地点：湛江校区。）,,2,五年,7656.0
西藏,2025,本科一批,理科,560,广东医科大学,,2,麻醉学,（不招色盲、色弱。办学地点：湛江校区。）,,2,五年,7656.0
西藏,2025,本科一批,理科,398,广东工业大学,,7,环境工程,（不招色盲、色弱。办学地点：大学城校区。免补专业。）,,3,四年,6850.0
西藏,2025,本科一批,理科,398,广东工业大学,,3,应用化学,（不招色盲、色弱。办学地点：大学城校区。）,,2,四年,6850.0
西藏,2025,本科一批,理科,398,广东工业大学,,4,材料类,（第三学期专业分流；不招色盲、色弱。含金属材料工程、高分子材料与工程、新能源材料与器件专业。办学地点：大学城校区。）,,2,四年,6850.0
西藏,2025,本科一批,理科,398,广东工业大学,,5,土木工程,（办学地点：大学城校区。）,,1,四年,6850.0
西藏,2025,本科一批,理科,398,广东工业大学,,6,能源化学工程,（不招色盲、色弱。办学地点：大学城校区。）,,1,四年,6850.0
西藏,2025,本科一批,理科,398,广东工业大学,,8,生物医学工程,（不招色盲、色弱。办学地点：大学城校区。）,,1,四年,6850.0
西藏,2025,本科一批,文科,398,广东工业大学,,1,社会工作,（办学地点：龙洞校区。）,,2,四年,6060.0
西藏,2025,本科一批,文科,398,广东工业大学,,9,工商管理,（办学地点：龙洞校区。）,,1,四年,6060.0
西藏,2025,本科一批,文科,398,广东工业大学,,10,市场营销,（办学地点：龙洞校区。）,,1,四年,6060.0
西藏,2025,本科一批,文科,398,广东工业大学,,11,电子商务,（办学地点：龙洞校区。）,,1,四年,6060.0
西藏,2025,本科二批,理科,569,广东技术师范大学,,9,物联网工程,（第一学年在河源校区，第二至第四学年在广州校区。师范类。）,,5,四年,5710.0
西藏,2025,本科二批,理科,569,广东技术师范大学,,5,机械设计制造及其自动化,（第一学年在河源校区，第二至第四学年在广州校区。师范类。）,,4,四年,5710.0
西藏,2025,本科二批,理科,569,广东技术师范大学,,8,自动化,（第一学年在河源校区，第二至第四学年在广州校区。师范类。）,,4,四年,5710.0
西藏,2025,本科二批,理科,569,广东技术师范大学,,4,数学与应用数学,（第一学年在河源校区，第二至第四学年在广州校区。师范类。）,,3,四年,5710.0
西藏,2025,本科二批,理科,569,广东技术师范大学,,6,机械电子工程,（第一学年在河源校区，第二至第四学年在广州校区。师范类。）,,3,四年,5710.0
西藏,2025,本科二批,理科,569,广东技术师范大学,,7,电气工程及其自动化,（第一学年在河源校区，第二至第四学年在广州校区。师范类。）,,3,四年,5710.0
西藏,2025,本科二批,理科,569,广东技术师范大学,,11,电子商务,（第一学年在河源校区，第二至第四学年在广州校区。师范类。）,,3,四年,5050.0
西藏,2025,本科二批,文科,569,广东技术师范大学,,3,历史学,（四年全部在广州校区。师范类。）,,5,四年,5050.0
西藏,2025,本科二批,文科,569,广东技术师范大学,,10,财务会计教育,（第一学年在河源校区，第二至第四学年在广州校区。师范类。）,,5,四年,5050.0
西藏,2025,本科二批,文科,569,广东技术师范大学,,2,汉语言文学,（第一学年在河源校区，第二至第四学年在广州校区。师范类。）,,4,四年,5050.0
西藏,2025,本科二批,文科,569,广东技术师范大学,,1,学前教育,（第一学年在河源校区，第二至第四学年在广州校区。师范类。）,,3,四年,5050.0
西藏,2025,专科批,理科,,广东文理职业学院,,,计算机应用技术,,,2,三年,19800.0
西藏,2025,专科批,理科,,广东文理职业学院,,,护理,,,2,三年,19800.0
西藏,2025,专科批,文科,,广东文理职业学院,,,工商企业管理,,,2,三年,17800.0
西藏,2025,专科批,文科,,广东文理职业学院,,,电子商务,,,2,三年,17800.0
西藏,2025,专科批,理科,308,广东水利电力职业技术学院,,1,建筑装饰工程技术,（办学地点：从化校区。校企联合培养，具体培养模式请查看学校网站。）,,10,三年,6410.0
西藏,2025,本科二批,理科,558,广东海洋大学,,3,农学,（不招色盲、色弱。办学地点：湖光校区。免补专业。）,,4,四年,5480.0
西藏,2025,本科二批,理科,558,广东海洋大学,,1,大气科学,（不招色盲。办学地点：湖光校区。）,,3,四年,6850.0
西藏,2025,本科二批,理科,558,广东海洋大学,,2,能源与动力工程,（办学地点：湖光校区。）,,2,四年,6850.0
西藏,2025,本科二批,理科,558,广东海洋大学,,4,动物医学,（不招色盲、色弱。办学地点：湖光校区。免补专业。）,,2,五年,5480.0
西藏,2025,本科二批,理科,558,广东海洋大学,,7,旅游管理,（办学地点：湖光校区。）,,2,四年,5510.0
西藏,2025,本科二批,理科,558,广东海洋大学,,5,会计学,（办学地点：湖光校区。）,,1,四年,5510.0
西藏,2025,本科二批,理科,558,广东海洋大学,,6,行政管理,（办学地点：湖光校区。）,,1,四年,5510.0
西藏,2025,专科批,理科,653,广东环境保护工程职业学院,,1,环境工程技术,（不招色盲、色弱。办学地点：佛山校区。免补专业。）,,3,三年,6410.0
西藏,2025,专科批,理科,653,广东环境保护工程职业学院,,3,资源综合利用技术,（办学地点：佛山校区。免补专业。）,,2,三年,6410.0
西藏,2025,专科批,理科,653,广东环境保护工程职业学院,,5,职业健康安全技术,（不招色盲、色弱。办学地点：佛山校区。）,,2,三年,6410.0
西藏,2025,专科批,理科,653,广东环境保护工程职业学院,,7,工业节能技术,（办学地点：佛山校区。）,,2,三年,6410.0
西藏,2025,专科批,理科,653,广东环境保护工程职业学院,,9,水环境智能监测与治理,（办学地点：佛山校区。免补专业。）,,2,三年,6410.0
西藏,2025,专科批,文科,653,广东环境保护工程职业学院,,2,环境工程技术,（不招色盲、色弱。办学地点：佛山校区。免补专业。）,,3,三年,6410.0
西藏,2025,专科批,文科,653,广东环境保护工程职业学院,,4,资源综合利用技术,（办学地点：佛山校区。免补专业。）,,2,三年,6410.0
西藏,2025,专科批,文科,653,广东环境保护工程职业学院,,6,职业健康安全技术,（不招色盲、色弱。办学地点：佛山校区。）,,2,三年,6410.0
西藏,2025,专科批,文科,653,广东环境保护工程职业学院,,8,工业节能技术,（办学地点：佛山校区。）,,2,三年,6410.0
西藏,2025,提前批艺体类本科,理科,,广东理工学院,,,艺术设计学,（民办）（美术）（办学地点：广东省肇庆市。认可区内美术与设计类专业统考成绩。）,,3,四年,31800.0
西藏,2025,提前批艺体类本科,理科,,广东理工学院,,,视觉传达设计,（民办）（美术）（办学地点：广东省肇庆市。认可区内美术与设计类专业统考成绩。）,,3,四年,31800.0
西藏,2025,提前批艺体类本科,理科,,广东理工学院,,,社会体育指导与管理,（民办）（民办）（办学地点：广东省肇庆市。认可区内体育统考成绩。）,,3,四年,31800.0
西藏,2025,提前批艺体类本科,理科,,广东理工学院,,,环境设计,（民办）（美术）（办学地点：广东省肇庆市。认可区内美术与设计类专业统考成绩。）,,2,四年,31800.0
西藏,2025,提前批艺体类本科,理科,,广东理工学院,,,服装与服饰设计,（民办）（美术）（办学地点：广东省肇庆市。认可区内美术与设计类专业统考成绩。）,,2,四年,31800.0
西藏,2025,提前批艺体类本科,文科,,广东理工学院,,,艺术设计学,（民办）（美术）（办学地点：广东省肇庆市。认可区内美术与设计类专业统考成绩。）,,3,四年,31800.0
西藏,2025,提前批艺体类本科,文科,,广东理工学院,,,视觉传达设计,（民办）（美术）（办学地点：广东省肇庆市。认可区内美术与设计类专业统考成绩。）,,3,四年,31800.0
西藏,2025,提前批艺体类本科,文科,,广东理工学院,,,社会体育指导与管理,（民办）（民办）（办学地点：广东省肇庆市。认可区内体育统考成绩。）,,3,四年,31800.0
西藏,2025,提前批艺体类本科,文科,,广东理工学院,,,环境设计,（民办）（美术）（办学地点：广东省肇庆市。认可区内美术与设计类专业统考成绩。）,,2,四年,31800.0
西藏,2025,提前批艺体类本科,文科,,广东理工学院,,,服装与服饰设计,（民办）（美术）（办学地点：广东省肇庆市。认可区内美术与设计类专业统考成绩。）,,2,四年,31800.0
西藏,2025,本科二批,理科,,广东白云学院,,,计算机科学与技术,（办学地点：西校区。）,,3,四年,32800.0
西藏,2025,本科二批,文科,,广东白云学院,,,小学教育,（师范）（办学地点：北校区。）,,2,四年,31800.0
西藏,2025,本科二批,文科,502,广东石油化工学院,,1,法学,（办学地点：官渡校区。）,,2,四年,5050.0
西藏,2025,本科二批,文科,502,广东石油化工学院,,2,思想政治教育,（办学地点：官渡校区。师范类。）,,2,四年,5050.0
西藏,2025,本科二批,文科,502,广东石油化工学院,,3,学前教育,（不招色盲。办学地点：官渡校区。师范类。）,,2,四年,5050.0
西藏,2025,本科二批,文科,502,广东石油化工学院,,4,汉语言文学,（办学地点：官渡校区。师范类。）,,2,四年,5050.0
西藏,2025,本科二批,文科,502,广东石油化工学院,,5,会计学,（办学地点：光华校区或西城校区。）,,2,四年,5050.0
西藏,2025,提前批艺体类专科,理科,,广东艺术职业学院,,,舞蹈表演,（舞蹈）（办学地点：西校区。认可区内舞蹈类专业统考成绩。）,,2,三年,10000.0
西藏,2025,提前批艺体类专科,文科,,广东艺术职业学院,,,音乐表演,（音乐表演）（办学地点：西校区。认可区内音乐表演专业统考成绩。）,,5,三年,10000.0
西藏,2025,提前批艺体类专科,文科,,广东艺术职业学院,,,舞蹈表演,（舞蹈）（办学地点：西校区。认可区内舞蹈类专业统考成绩。）,,3,三年,10000.0
西藏,2025,本科一批,理科,225,广东财经大学,,3,劳动与社会保障,（数智员工关系）（就读校区：第一、二学年佛山校区，第三、四学年广州校区。）,,3,四年,5510.0
西藏,2025,本科一批,理科,225,广东财经大学,,4,供应链管理,（就读校区：第一、二、三学年佛山校区，第四学年广州校区。）,,2,四年,5510.0
西藏,2025,本科一批,理科,225,广东财经大学,,2,人力资源管理,（就读校区：第一、二学年佛山校区，第三、四学年广州校区。）,,1,四年,5510.0
西藏,2025,本科一批,文科,225,广东财经大学,,5,酒店管理,（数智化运营）（就读校区：第一、二学年佛山校区，第三、四学年广州校区。）,,2,四年,5510.0
西藏,2025,本科一批,文科,225,广东财经大学,,1,网络与新媒体,（就读校区：第一、二学年佛山校区，第三、四学年广州校区。）,,1,四年,5510.0
西藏,2025,专科批,理科,1063,广东轻工职业技术大学,,1,环境工程技术,（办学地点：南海校区南区。免补专业。）,,1,三年,6410.0
西藏,2025,专科批,文科,1063,广东轻工职业技术大学,,2,旅游管理,（办学地点：南海校区北区。）,,1,三年,5250.0
西藏,2025,本科二批,理科,372,广东金融学院,,3,金融学,（第一、二学年在清远校区就读，第三、四学年在广州校本部就读。）,,1,四年,5050.0
西藏,2025,本科二批,理科,372,广东金融学院,,4,信用管理,（办学地点：广州校本部。）,,1,四年,5050.0
西藏,2025,本科二批,理科,372,广东金融学院,,5,国际经济与贸易,（第一、二学年在清远校区就读，第三、四学年在广州校本部就读。）,,1,四年,5050.0
西藏,2025,本科二批,理科,372,广东金融学院,,6,网络与新媒体,（办学地点：广州校本部。）,,1,四年,5050.0
西藏,2025,本科二批,理科,372,广东金融学院,,9,会计学,（第一、二学年在肇庆校区就读，第三、四学年在广州校本部就读。）,,1,四年,5050.0
西藏,2025,本科二批,文科,372,广东金融学院,,1,财政学,（第一、二学年在清远校区就读，第三、四学年在广州校本部就读。）,,1,四年,5050.0
西藏,2025,本科二批,文科,372,广东金融学院,,2,金融学,（第一、二学年在清远校区就读，第三、四学年在广州校本部就读。）,,1,四年,5050.0
西藏,2025,本科二批,文科,372,广东金融学院,,7,工商管理,（第一、二学年在清远校区就读，第三、四学年在广州校本部就读。）,,1,四年,5050.0
西藏,2025,本科二批,文科,372,广东金融学院,,8,会计学,（第一、二学年在肇庆校区就读，第三、四学年在广州校本部就读。）,,1,四年,5050.0
西藏,2025,本科二批,文科,372,广东金融学院,,10,人力资源管理,（第一、二学年在清远校区就读，第三、四学年在广州校本部就读。）,,1,四年,5050.0
西藏,2025,专科批,理科,435,广东食品药品职业学院,,6,中医养生保健,（因用人单位可能对考生身体素质有要求，请转氨酶异常的考生慎重报考。特征要求：不招色盲、色弱。办学地点：龙洞校区。）,,3,三年,6410.0
西藏,2025,专科批,理科,435,广东食品药品职业学院,,4,中药学,（因用人单位可能对考生身体素质有要求，请转氨酶异常的考生慎重报考。特征要求：不招色盲、色弱。办学地点：龙洞校区。）,,2,三年,6410.0
西藏,2025,专科批,理科,435,广东食品药品职业学院,,2,药品生物技术,（因用人单位可能对考生身体素质有要求，请转氨酶异常的考生慎重报考。特征要求：不招色盲、色弱。办学地点：龙洞校区。）,,1,三年,6410.0
西藏,2025,专科批,理科,435,广东食品药品职业学院,,3,化妆品经营与管理,（特征要求：不招色盲、色弱。办学地点：龙洞校区。）,,1,三年,6410.0
西藏,2025,专科批,文科,435,广东食品药品职业学院,,5,中医养生保健,（因用人单位可能对考生身体素质有要求，请转氨酶异常的考生慎重报考。特征要求：不招色盲、色弱。办学地点：龙洞校区。）,,2,三年,6410.0
西藏,2025,专科批,文科,435,广东食品药品职业学院,,1,药品生物技术,（因用人单位可能对考生身体素质有要求，请转氨酶异常的考生慎重报考。特征要求：不招色盲、色弱。办学地点：龙洞校区。）,,1,三年,6410.0
西藏,2025,提前批艺体类本科,理科,,广州商学院,,,视觉传达设计,（民办）（不招色盲。认可区内美术与设计类专业统考成绩。）,,2,四年,35800.0
西藏,2025,提前批艺体类本科,文科,,广州商学院,,,视觉传达设计,（民办）（不招色盲。认可区内美术与设计类专业统考成绩。）,,3,四年,35800.0
西藏,2025,本科二批,理科,,广州城市理工学院,,,智能车辆工程,（广东省民办高校唯一的本科专业。）,,3,四年,30000.0
西藏,2025,本科二批,理科,,广州城市理工学院,,,机械工程,（广东省一流专业建设点；广东省特色重点培养学科；广东省质量工程应用型人才培养示范专业；通过中华工程教育学会（IEET）工程教育认证。）,,2,四年,30000.0
西藏,2025,本科二批,理科,,广州城市理工学院,,,新能源科学与工程,（广东省首个新能源科学与工程本科专业； 广东省第一批新工科建设专业；请色盲、色弱考生慎重报考。）,,2,四年,30000.0
西藏,2025,本科二批,理科,,广州城市理工学院,,,人工智能,（AI十）（智能计算与数据科学人才培养 兼具无人系统、自主系统、计算机视觉、自然语言处理开发特色。）,,2,四年,30000.0
西藏,2025,本科二批,理科,,广州城市理工学院,,,自动化,（校友会中国民办大学一流专业。）,,2,四年,30000.0
西藏,2025,本科二批,理科,,广州城市理工学院,,,物流工程,（校友会中国民办大学一流专业。）,,2,四年,30000.0
西藏,2025,本科二批,理科,,广州城市理工学院,,,电子商务,（校友会中国民办大学一流专业； IACBE国际商科教育认证专业；学校特色建设专业。）,,2,四年,30000.0
西藏,2025,本科二批,文科,,广州城市理工学院,,,税收学,（新商科专业；粤港澳大湾区财税研究中心特色专业方向。）,,2,四年,30000.0
西藏,2025,本科二批,文科,,广州城市理工学院,,,商务英语,,,2,四年,30000.0
西藏,2025,本科二批,文科,,广州城市理工学院,,,会计学,（广东省特色重点培养学科；广东省质量工程应用型人才培养示范专业；通过中华工程教育学会（IEET）工程教育认证。）,,2,四年,31000.0
西藏,2025,本科二批,理科,,广州工商学院,,,市场营销,（办学地点：广州校区。）,,3,四年,33700.0
西藏,2025,本科二批,理科,,广州工商学院,,,电子商务,（办学地点：广州校区。）,,3,四年,32600.0
西藏,2025,本科二批,文科,,广州工商学院,,,市场营销,（办学地点：广州校区。）,,2,四年,33700.0
西藏,2025,本科二批,文科,,广州工商学院,,,电子商务,（办学地点：广州校区。）,,2,四年,32600.0
西藏,2025,本科二批,文科,,广州新华学院,,,护理学,"（不招色盲、色弱，因用人单位可能对考生身体素质有要求,请听觉和语言功能障碍、面部有明显疤痕的考生慎重报考。办学地点：广州校区。）",,3,四年,31980.0
西藏,2025,本科二批,文科,,广州新华学院,,,金融工程,（办学地点：东莞校区。）,,2,四年,31980.0
西藏,2025,本科二批,文科,,广州新华学院,,,汉语言文学,（办学地点：东莞校区。）,,2,四年,31980.0
西藏,2025,本科二批,文科,,广州新华学院,,,传播学,（办学地点：东莞校区。）,,2,四年,31980.0
西藏,2025,本科二批,文科,,广州新华学院,,,网络与新媒体,（办学地点：东莞校区。）,,2,四年,31980.0
西藏,2025,本科二批,文科,,广州新华学院,,,人文地理与城乡规划,"（不招色盲,因用人单位可能对考生身体素质有要求,请色弱的考生慎重报考。办学地点：东莞校区。）",,2,四年,31980.0
西藏,2025,本科二批,文科,,广州新华学院,,,会计学,（办学地点：东莞校区。）,,2,四年,31980.0
西藏,2025,本科二批,文科,,广州新华学院,,,数字经济,（办学地点：东莞校区。）,,1,四年,31980.0
西藏,2025,本科二批,文科,,广州新华学院,,,康复治疗学,"（不招色盲、色弱，因用人单位可能对考生身体素质有要求,请有听觉和语言功能障碍，男生身高＜155cm、女生身高＜150cm的考生慎重报考。办学地点：广州校区。）",,1,四年,31980.0
西藏,2025,本科二批,理科,,广州新华学院,,,网络与新媒体,（办学地点：东莞校区。）,,2,四年,31980.0
西藏,2025,本科二批,理科,,广州新华学院,,,自然地理与资源环境,"（不招色盲,因用人单位可能对考生身体素质有要求,请色弱的考生慎重报考。办学地点：东莞校区。）",,2,四年,31980.0
西藏,2025,本科二批,理科,,广州新华学院,,,电气工程及其自动化,（办学地点：东莞校区。）,,2,四年,31980.0
西藏,2025,本科二批,理科,,广州新华学院,,,计算机科学与技术,（办学地点：东莞校区。）,,2,四年,31980.0
西藏,2025,本科二批,理科,,广州新华学院,,,软件工程,（办学地点：东莞校区。）,,2,四年,31980.0
西藏,2025,本科二批,理科,,广州新华学院,,,风景园林,"（不招色盲,因用人单位可能对考生身体素质有要求,请色弱的考生慎重报考。办学地点：东莞校区。）",,2,四年,31980.0
西藏,2025,本科二批,理科,,广州新华学院,,,药学,"（不招色盲、色弱，因用人单位可能对考生身体素质有要求,请有听觉和语言功能障碍、嗅觉迟钝的考生慎重报考。办学地点：广州校区。）",,2,四年,31980.0
西藏,2025,本科二批,理科,,广州新华学院,,,医学影像技术,（不招色盲、色弱，因用人单位可能对考生身体素质有要求，请有听觉和语言功能障碍的考生慎重报考。办学地点：广州校区。）,,2,四年,31980.0
西藏,2025,本科二批,理科,,广州新华学院,,,护理学,"（不招色盲、色弱，因用人单位可能对考生身体素质有要求,请听觉和语言功能障碍、面部有明显疤痕的考生慎重报考。办学地点：广州校区。）",,2,四年,31980.0
西藏,2025,本科二批,理科,,广州新华学院,,,审计学,（办学地点：东莞校区。）,,2,四年,31980.0
西藏,2025,本科二批,理科,,广州新华学院,,,信息资源管理,（因用人单位可能对考生身体素质有要求，请有色盲、色弱、弱视的考生慎重报考。办学地点：广州校区。）,,2,四年,31980.0
西藏,2025,本科二批,理科,,广州新华学院,,,电子商务,（办学地点：东莞校区。）,,2,四年,31980.0
西藏,2025,专科批,文科,408,广州民航职业技术学院,,2,民航运输服务,（办学地点：花都赤坭校区。）,,1,三年,6410.0
西藏,2025,专科批,文科,408,广州民航职业技术学院,,5,民航安全技术管理,（民航旅客安全检查）（不招色盲，因用人单位对考生身体素质有要求，请色弱、男生身高低于1.72米、女生身高低于1.62米的考生慎重报考。办学地点：花都赤坭校区。）,,1,三年,6410.0
西藏,2025,专科批,文科,408,广州民航职业技术学院,,5,民航安全技术管理,（民航货邮安全检查）（不招色盲，因用人单位对考生身体素质有要求，请色弱、男生身高低于1.72米、女生身高低于1.62米的考生慎重报考。办学地点：花都赤坭校区。）,,1,三年,6410.0
西藏,2025,专科批,理科,408,广州民航职业技术学院,,10,飞机电子设备维修,（中外合作办学）（与加拿大卡纳多应用艺术与技术学院合作办学，不招色盲，因用人单位对考生身体素质有要求，请色弱考生、女生慎重报考; 因专业培养要求，请非英语语种考生慎重报考。办学地点：花都赤坭校区。）,,2,三年,16600.0
西藏,2025,专科批,理科,408,广州民航职业技术学院,,1,无人机应用技术,（办学地点：花都赤坭校区。）,,1,三年,6410.0
西藏,2025,专科批,理科,408,广州民航职业技术学院,,3,民航通信技术,（通信设备维修）（办学地点：花都赤坭校区。）,,1,三年,6410.0
西藏,2025,专科批,理科,408,广州民航职业技术学院,,4,民航安全技术管理,（民航旅客安全检查）（不招色盲，因用人单位对考生身体素质有要求，请色弱、男生身高低于1.72米、女生身高低于1.62米的考生慎重报考。办学地点：花都赤坭校区。）,,1,三年,6410.0
西藏,2025,专科批,理科,408,广州民航职业技术学院,,4,民航安全技术管理,（民航货邮安全检查）（不招色盲，因用人单位对考生身体素质有要求，请色弱、男生身高低于1.72米、女生身高低于1.62米的考生慎重报考。办学地点：花都赤坭校区。）,,1,三年,6410.0
西藏,2025,专科批,理科,408,广州民航职业技术学院,,8,飞机机电设备维修,（不招色盲，因用人单位对考生身体素质有要求，请色弱考生、女生慎重报考; 因专业培养要求，请非英语语种考生慎重报考。办学地点：花都赤坭校区。）,,1,三年,6410.0
西藏,2025,专科批,理科,408,广州民航职业技术学院,,8,飞机机电设备维修,（中外合作办学）（与加拿大卡纳多应用艺术与技术学院合作办学，不招色盲，因用人单位对考生身体素质有要求，请色弱考生、女生慎重报考; 因专业培养要求，请非英语语种考生慎重报考。办学地点：花都赤坭校区。）,,1,三年,16600.0
西藏,2025,专科批,理科,408,广州民航职业技术学院,,11,电子信息工程技术,（办学地点：花都赤坭校区。）,,1,三年,6410.0
西藏,2025,专科批,理科,408,广州民航职业技术学院,,12,人工智能技术应用,（办学地点：花都赤坭校区。）,,1,三年,6410.0
西藏,2025,专科批,理科,1216,广州科技贸易职业学院,,2,电气自动化技术,,,2,三年,6410.0
西藏,2025,专科批,理科,1216,广州科技贸易职业学院,,1,工业机器人技术,,,1,三年,6410.0
西藏,2025,专科批,理科,1216,广州科技贸易职业学院,,3,汽车制造与试验技术,,,1,三年,6410.0
西藏,2025,专科批,文科,410,广州职业技术大学,,2,会展策划与管理,,,5,三年,5250.0
西藏,2025,专科批,理科,410,广州职业技术大学,,1,采购与供应管理,,,5,三年,5250.0
西藏,2025,本科二批,理科,612,广州航海学院,,1,财务管理,（第一年在琶洲校区，第二至四年在黄埔校区。办学地点：琶洲校区。）,,3,四年,4590.0
西藏,2025,本科二批,理科,612,广州航海学院,,3,国际商务,（第一年在琶洲校区，第二至四年在黄埔校区。办学地点：琶洲校区。）,,3,四年,4590.0
西藏,2025,本科二批,理科,612,广州航海学院,,5,交通管理,（第一年在琶洲校区，第二至四年在黄埔校区。办学地点：琶洲校区。）,,3,四年,4590.0
西藏,2025,本科二批,理科,612,广州航海学院,,6,物流管理,（第一年在琶洲校区，第二至四年在黄埔校区。办学地点：琶洲校区。）,,3,四年,4590.0
西藏,2025,本科二批,理科,612,广州航海学院,,8,跨境电子商务,（第一年在琶洲校区，第二至四年在黄埔校区。办学地点：琶洲校区。）,,3,四年,4590.0
西藏,2025,本科二批,理科,612,广州航海学院,,10,旅游管理,（第一年在琶洲校区，第二至四年在黄埔校区。）,,3,四年,4590.0
西藏,2025,本科二批,文科,612,广州航海学院,,2,财务管理,（第一年在琶洲校区，第二至四年在黄埔校区。办学地点：琶洲校区。）,,1,四年,4590.0
西藏,2025,本科二批,文科,612,广州航海学院,,4,国际商务,（第一年在琶洲校区，第二至四年在黄埔校区。办学地点：琶洲校区。）,,1,四年,4590.0
西藏,2025,本科二批,文科,612,广州航海学院,,7,物流管理,（第一年在琶洲校区，第二至四年在黄埔校区。办学地点：琶洲校区。）,,1,四年,4590.0
西藏,2025,本科二批,文科,612,广州航海学院,,9,跨境电子商务,（第一年在琶洲校区，第二至四年在黄埔校区。办学地点：琶洲校区。）,,1,四年,4590.0
西藏,2025,本科二批,文科,612,广州航海学院,,11,旅游管理,（第一年在琶洲校区，第二至四年在黄埔校区。）,,1,四年,4590.0
西藏,2025,本科一批,理科,1039,广西大学,,1,自动化,,,4,四年,5971.0
西藏,2025,本科一批,理科,1039,广西大学,,2,环境工程,（不招色盲、色弱。免补专业。）,,4,四年,5977.0
西藏,2025,本科二批,理科,571,广西师范大学,,7,生态学,（不招色盲、色弱及单色识别不全者。办学地点：雁山校区。免补专业。）,,2,四年,5500.0
西藏,2025,本科二批,理科,571,广西师范大学,,9,旅游管理,（办学地点：王城校区。）,,1,四年,5500.0
西藏,2025,本科二批,文科,571,广西师范大学,,5,汉语言文学,（办学地点：雁山校区。师范类。）,,2,四年,5100.0
西藏,2025,本科二批,文科,571,广西师范大学,,6,历史学,（办学地点：王城校区。师范类。）,,2,四年,5100.0
西藏,2025,本科二批,文科,571,广西师范大学,,8,旅游管理,（办学地点：王城校区。）,,1,四年,5500.0
西藏,2025,本科二批,文科,226,广西民族大学,,3,民族学,（办学地点：相思湖校区。免学费。）,,2,四年,
西藏,2025,本科二批,文科,226,广西民族大学,,5,汉语言文学,（办学地点：相思湖校区。师范类。）,,2,四年,5040.0
西藏,2025,本科二批,文科,226,广西民族大学,,6,历史学,（办学地点：相思湖校区。师范类。）,,2,四年,5040.0
西藏,2025,本科二批,文科,226,广西民族大学,,8,行政管理,（办学地点：相思湖校区。）,,2,四年,5520.0
西藏,2025,本科二批,理科,226,广西民族大学,,7,会计学,（办学地点：武鸣校区。）,,3,四年,5520.0
西藏,2025,本科二批,理科,226,广西民族大学,,1,金融学,（办学地点：思源湖校区。）,,2,四年,5520.0
西藏,2025,本科二批,理科,226,广西民族大学,,4,教育学,（办学地点：思源湖校区。师范类。）,,2,四年,5040.0
西藏,2025,本科二批,理科,226,广西民族大学,,9,档案学,（办学地点：武鸣校区。）,,2,四年,5520.0
西藏,2025,本科二批,理科,226,广西民族大学,,10,旅游管理,（办学地点：武鸣校区。）,,2,四年,5520.0
西藏,2025,本科二批,理科,226,广西民族大学,,2,社会学,（办学地点：相思湖校区。）,,1,四年,5040.0
西藏,2025,专科批,理科,,广西经济职业学院,,,婴幼儿托育服务与管理,,,1,三年,11000.0
西藏,2025,专科批,理科,,广西经济职业学院,,,老年保健与管理,,,1,三年,9800.0
西藏,2025,专科批,理科,,广西经济职业学院,,,大数据与会计,,,1,三年,12000.0
西藏,2025,专科批,理科,,广西经济职业学院,,,社会体育,,,1,三年,13500.0
西藏,2025,专科批,文科,,广西经济职业学院,,,婴幼儿托育服务与管理,,,2,三年,11000.0
西藏,2025,专科批,文科,,广西经济职业学院,,,大数据与会计,,,2,三年,12000.0
西藏,2025,专科批,文科,,广西经济职业学院,,,老年保健与管理,,,1,三年,9800.0
西藏,2025,专科批,文科,,广西经济职业学院,,,社会体育,,,1,三年,13500.0
西藏,2025,本科二批,文科,572,广西艺术学院,,1,文化产业管理,（办学地点：相思湖校区。）,,2,四年,12000.0
西藏,2025,本科一批,理科,368,延安大学,,8,会计学,（办学地点：新城校区。）,,3,四年,5000.0
西藏,2025,本科一批,理科,368,延安大学,,4,生物科学,（办学地点：杨家岭校区。师范类。）,,2,四年,6480.0
西藏,2025,本科一批,理科,368,延安大学,,5,数据科学与大数据技术,（办学地点：新城校区。）,,2,四年,6480.0
西藏,2025,本科一批,理科,368,延安大学,,6,护理学,（办学地点：杨家岭校区。）,,2,四年,7020.0
西藏,2025,本科一批,文科,368,延安大学,,1,学前教育,（办学地点：杨家岭校区。师范类。）,,2,四年,5000.0
西藏,2025,本科一批,文科,368,延安大学,,3,历史学,（办学地点：新城校区。师范类。）,,2,四年,4250.0
西藏,2025,本科一批,文科,368,延安大学,,7,会计学,（办学地点：新城校区。）,,2,四年,5000.0
西藏,2025,本科一批,理科,86,延边大学,,2,电子信息工程,（办学地点：延边大学延吉校区。）,,2,四年,5940.0
西藏,2025,专科批,理科,1190,延边职业技术学院,,1,机电一体化技术,（办学地点：延边职业技术学院朝阳川校区。）,,1,三年,4800.0
西藏,2025,专科批,理科,1190,延边职业技术学院,,2,计算机应用技术,（办学地点：延边职业技术学院开发区校区。学费待定。）,,1,三年,
西藏,2025,专科批,理科,1190,延边职业技术学院,,4,电子商务,（办学地点：延边职业技术学院开发区校区。学费待定。）,,1,三年,
西藏,2025,专科批,文科,1190,延边职业技术学院,,3,大数据与会计,（办学地点：延边职业技术学院朝阳川校区。）,,1,三年,4100.0
西藏,2025,专科批,文科,1190,延边职业技术学院,,5,应用韩语,（办学地点：延边职业技术学院朝阳川校区。）,,1,三年,4300.0
西藏,2025,本科二批,理科,,张家界学院,,,工商管理,,,1,四年,22700.0
西藏,2025,本科二批,理科,,张家界学院,,,会计学,,,1,四年,23800.0
西藏,2025,专科批,理科,491,张家界航空工业职业技术学院,,2,旅游管理,（办学地点：湖南省张家界市武陵山大道学院路1号。）,,2,三年,5060.0
西藏,2025,专科批,理科,491,张家界航空工业职业技术学院,,4,导游,（办学地点：湖南省张家界市武陵山大道学院路1号。）,,2,三年,5060.0
西藏,2025,专科批,文科,491,张家界航空工业职业技术学院,,1,旅游管理,（办学地点：湖南省张家界市武陵山大道学院路1号。）,,2,三年,5060.0
西藏,2025,专科批,文科,491,张家界航空工业职业技术学院,,3,导游,（办学地点：湖南省张家界市武陵山大道学院路1号。）,,2,三年,5060.0
西藏,2025,本科一批,理科,146,徐州医科大学,,4,护理学类,（含护理学、助产学专业。办学地点：主校区。）,,18,四年,6800.0
西藏,2025,本科一批,理科,146,徐州医科大学,,3,药学,（办学地点：主校区。）,,7,四年,6800.0
西藏,2025,本科一批,理科,146,徐州医科大学,,1,临床医学,（办学地点：主校区。）,,3,五年,7480.0
西藏,2025,本科一批,理科,146,徐州医科大学,,2,麻醉学,（办学地点：主校区。）,,2,五年,7480.0
西藏,2025,专科批,理科,529,徐州工业职业技术学院,,2,高分子材料智能制造技术,,,3,三年,5300.0
西藏,2025,专科批,理科,529,徐州工业职业技术学院,,4,建筑工程技术,,,3,三年,5300.0
西藏,2025,专科批,理科,529,徐州工业职业技术学院,,8,电气自动化技术,,,3,三年,5300.0
西藏,2025,专科批,理科,529,徐州工业职业技术学院,,10,药品生产技术,,,3,三年,5300.0
西藏,2025,专科批,理科,529,徐州工业职业技术学院,,12,生物制药技术,,,3,三年,5300.0
西藏,2025,专科批,理科,529,徐州工业职业技术学院,,14,计算机应用技术,,,3,三年,5300.0
西藏,2025,专科批,理科,529,徐州工业职业技术学院,,18,市场营销,,,3,三年,4700.0
西藏,2025,专科批,理科,529,徐州工业职业技术学院,,6,机械制造及自动化,,,2,三年,5300.0
西藏,2025,专科批,理科,529,徐州工业职业技术学院,,16,大数据与会计,,,2,三年,4700.0
西藏,2025,专科批,文科,529,徐州工业职业技术学院,,17,市场营销,,,5,三年,4700.0
西藏,2025,专科批,文科,529,徐州工业职业技术学院,,15,大数据与会计,,,3,三年,4700.0
西藏,2025,专科批,文科,529,徐州工业职业技术学院,,1,高分子材料智能制造技术,,,2,三年,5300.0
西藏,2025,专科批,文科,529,徐州工业职业技术学院,,3,建筑工程技术,,,2,三年,5300.0
西藏,2025,专科批,文科,529,徐州工业职业技术学院,,5,机械制造及自动化,,,2,三年,5300.0
西藏,2025,专科批,文科,529,徐州工业职业技术学院,,9,药品生产技术,,,2,三年,5300.0
西藏,2025,专科批,文科,529,徐州工业职业技术学院,,11,生物制药技术,,,2,三年,5300.0
西藏,2025,专科批,文科,529,徐州工业职业技术学院,,13,计算机应用技术,,,2,三年,5300.0
西藏,2025,专科批,文科,529,徐州工业职业技术学院,,7,电气自动化技术,,,1,三年,5300.0
西藏,2025,专科批,文科,657,徐州幼儿师范高等专科学校,,1,小学英语教育,（师范类。）,,10,三年,4700.0
西藏,2025,专科批,文科,666,徐州生物工程职业技术学院,,13,护理,（办学地点：泉山校区。）,,4,三年,6200.0
西藏,2025,专科批,文科,666,徐州生物工程职业技术学院,,22,康复治疗技术,（办学地点：泉山校区。）,,3,三年,6200.0
西藏,2025,专科批,文科,666,徐州生物工程职业技术学院,,15,药学,（办学地点：泉山校区。）,,2,三年,6200.0
西藏,2025,专科批,文科,666,徐州生物工程职业技术学院,,24,电子商务,（办学地点：云龙校区。）,,2,三年,4700.0
西藏,2025,专科批,文科,666,徐州生物工程职业技术学院,,1,园艺技术,（办学地点：泉山校区。免补专业。）,,1,三年,2200.0
西藏,2025,专科批,文科,666,徐州生物工程职业技术学院,,3,植物保护与检疫技术,（办学地点：泉山校区。免补专业。）,,1,三年,2200.0
西藏,2025,专科批,文科,666,徐州生物工程职业技术学院,,8,环境工程技术,（办学地点：泉山校区。免补专业。）,,1,三年,5300.0
西藏,2025,专科批,文科,666,徐州生物工程职业技术学院,,12,计算机应用技术,（办学地点：云龙校区。）,,1,三年,5300.0
西藏,2025,专科批,文科,666,徐州生物工程职业技术学院,,17,中药学,（办学地点：泉山校区。）,,1,三年,6200.0
西藏,2025,专科批,文科,666,徐州生物工程职业技术学院,,19,中医康复技术,（办学地点：泉山校区。）,,1,三年,6200.0
西藏,2025,专科批,理科,666,徐州生物工程职业技术学院,,5,畜牧兽医,（办学地点：泉山校区。免补专业。）,,6,三年,2200.0
西藏,2025,专科批,理科,666,徐州生物工程职业技术学院,,14,护理,（办学地点：泉山校区。）,,4,三年,6200.0
西藏,2025,专科批,理科,666,徐州生物工程职业技术学院,,9,机电一体化技术,（办学地点：泉山校区。）,,3,三年,5300.0
西藏,2025,专科批,理科,666,徐州生物工程职业技术学院,,10,医用电子仪器技术,（办学地点：泉山校区。）,,3,三年,6200.0
西藏,2025,专科批,理科,666,徐州生物工程职业技术学院,,16,药学,（办学地点：泉山校区。）,,3,三年,6200.0
西藏,2025,专科批,理科,666,徐州生物工程职业技术学院,,21,康复治疗技术,（办学地点：泉山校区。）,,3,三年,6200.0
西藏,2025,专科批,理科,666,徐州生物工程职业技术学院,,4,植物保护与检疫技术,（办学地点：泉山校区。免补专业。）,,2,三年,2200.0
西藏,2025,专科批,理科,666,徐州生物工程职业技术学院,,6,环境监测技术,（办学地点：泉山校区。免补专业。）,,2,三年,5300.0
西藏,2025,专科批,理科,666,徐州生物工程职业技术学院,,7,环境工程技术,（办学地点：泉山校区。免补专业。）,,2,三年,5300.0
西藏,2025,专科批,理科,666,徐州生物工程职业技术学院,,2,园艺技术,（办学地点：泉山校区。免补专业。）,,1,三年,2200.0
西藏,2025,专科批,理科,666,徐州生物工程职业技术学院,,11,计算机应用技术,（办学地点：云龙校区。）,,1,三年,5300.0
西藏,2025,专科批,理科,666,徐州生物工程职业技术学院,,18,中药学,（办学地点：泉山校区。）,,1,三年,6200.0
西藏,2025,专科批,理科,666,徐州生物工程职业技术学院,,20,中医康复技术,（办学地点：泉山校区。）,,1,三年,6200.0
西藏,2025,专科批,理科,666,徐州生物工程职业技术学院,,23,电子商务,（办学地点：云龙校区。）,,1,三年,4700.0
西藏,2025,专科批,文科,727,忻州职业技术学院,,3,学前教育,（不招色盲、色弱。师范类。）,,10,三年,4000.0
西藏,2025,专科批,文科,727,忻州职业技术学院,,1,临床医学,（不招色盲、色弱。）,,7,三年,5200.0
西藏,2025,专科批,文科,727,忻州职业技术学院,,2,护理,（不招色盲、色弱。）,,5,三年,5200.0
西藏,2025,本科二批,文科,299,怀化学院,,1,小学教育,（师范类。）,,1,四年,4000.0
西藏,2025,本科二批,文科,299,怀化学院,,2,财务管理,,,1,四年,4000.0
西藏,2025,专科批,理科,714,怀化职业技术学院,,3,现代农业装备应用技术,（免补专业。）,,3,三年,3000.0
西藏,2025,专科批,理科,714,怀化职业技术学院,,6,动物医学,（免补专业。）,,3,三年,3000.0
西藏,2025,专科批,理科,714,怀化职业技术学院,,9,畜牧兽医,（免补专业。）,,3,三年,3000.0
西藏,2025,专科批,理科,714,怀化职业技术学院,,12,园林工程技术,,,3,三年,4600.0
西藏,2025,专科批,理科,714,怀化职业技术学院,,15,建筑工程技术,,,3,三年,4600.0
西藏,2025,专科批,理科,714,怀化职业技术学院,,18,工程造价,,,3,三年,4600.0
西藏,2025,专科批,理科,714,怀化职业技术学院,,27,数字媒体技术,,,3,三年,4600.0
西藏,2025,专科批,理科,714,怀化职业技术学院,,30,大数据与会计,,,3,三年,3500.0
西藏,2025,专科批,理科,714,怀化职业技术学院,,33,智能物流技术,,,3,三年,3500.0
西藏,2025,专科批,理科,714,怀化职业技术学院,,36,民宿管理与运营,,,3,三年,4600.0
西藏,2025,专科批,文科,714,怀化职业技术学院,,1,现代农业装备应用技术,（免补专业。）,,3,三年,3000.0
西藏,2025,专科批,文科,714,怀化职业技术学院,,4,动物医学,（免补专业。）,,3,三年,3000.0
西藏,2025,专科批,文科,714,怀化职业技术学院,,7,畜牧兽医,（免补专业。）,,3,三年,3000.0
西藏,2025,专科批,文科,714,怀化职业技术学院,,10,园林工程技术,,,3,三年,4600.0
西藏,2025,专科批,文科,714,怀化职业技术学院,,13,建筑工程技术,,,3,三年,4600.0
西藏,2025,专科批,文科,714,怀化职业技术学院,,16,工程造价,,,3,三年,4600.0
西藏,2025,专科批,文科,714,怀化职业技术学院,,25,数字媒体技术,,,3,三年,4600.0
西藏,2025,专科批,文科,714,怀化职业技术学院,,28,大数据与会计,,,3,三年,3500.0
西藏,2025,专科批,文科,714,怀化职业技术学院,,31,智能物流技术,,,3,三年,3500.0
西藏,2025,专科批,文科,714,怀化职业技术学院,,34,民宿管理与运营,,,3,三年,4600.0
西藏,2025,专科批,理科,714,怀化职业技术学院,,39,服装与服饰设计,,,3,三年,4600.0
西藏,2025,专科批,理科,714,怀化职业技术学院,,21,机电一体化技术,,,2,三年,4600.0
西藏,2025,专科批,理科,714,怀化职业技术学院,,24,应用电子技术,,,2,三年,4600.0
西藏,2025,专科批,文科,714,怀化职业技术学院,,37,服装与服饰设计,,,3,三年,4600.0
西藏,2025,专科批,文科,714,怀化职业技术学院,,19,机电一体化技术,,,2,三年,4600.0
西藏,2025,专科批,文科,714,怀化职业技术学院,,22,应用电子技术,,,2,三年,4600.0
西藏,2025,专科批,理科,425,恩施职业技术学院,,3,畜牧兽医,（免补专业。）,,20,三年,5000.0
西藏,2025,专科批,理科,425,恩施职业技术学院,,14,酒店管理与数字化运营,,,20,三年,5000.0
西藏,2025,专科批,理科,425,恩施职业技术学院,,16,中文,,,20,三年,5000.0
西藏,2025,专科批,理科,425,恩施职业技术学院,,4,工程造价,,,10,三年,5000.0
西藏,2025,专科批,理科,425,恩施职业技术学院,,12,旅游管理,,,10,三年,5000.0
西藏,2025,专科批,理科,425,恩施职业技术学院,,1,木业产品设计与制造,（免补专业。）,,5,三年,5000.0
西藏,2025,专科批,理科,425,恩施职业技术学院,,7,汽车检测与维修技术,,,5,三年,5000.0
西藏,2025,专科批,理科,425,恩施职业技术学院,,8,计算机应用技术,,,5,三年,5000.0
西藏,2025,专科批,理科,425,恩施职业技术学院,,9,药学,,,5,三年,5000.0
西藏,2025,专科批,理科,425,恩施职业技术学院,,11,网络营销与直播电商,,,5,三年,5000.0
西藏,2025,专科批,文科,425,恩施职业技术学院,,2,畜牧兽医,（免补专业。）,,20,三年,5000.0
西藏,2025,专科批,文科,425,恩施职业技术学院,,15,酒店管理与数字化运营,,,20,三年,5000.0
西藏,2025,专科批,文科,425,恩施职业技术学院,,17,中文,,,20,三年,5000.0
西藏,2025,专科批,文科,425,恩施职业技术学院,,13,旅游管理,,,10,三年,5000.0
西藏,2025,专科批,文科,425,恩施职业技术学院,,5,工程造价,,,5,三年,5000.0
西藏,2025,专科批,文科,425,恩施职业技术学院,,6,汽车检测与维修技术,,,5,三年,5000.0
西藏,2025,专科批,文科,425,恩施职业技术学院,,10,网络营销与直播电商,,,5,三年,5000.0
西藏,2025,专科批,文科,425,恩施职业技术学院,,19,现代家政服务与管理,,,5,三年,5000.0
西藏,2025,专科批,理科,425,恩施职业技术学院,,18,现代家政服务与管理,,,5,三年,5000.0
西藏,2025,本科一批,理科,241,成都中医药大学,,3,藏药学,（不招色盲、色弱。）,,5,四年,6960.0
西藏,2025,本科一批,理科,241,成都中医药大学,,4,公共事业管理,,,4,四年,5760.0
西藏,2025,本科一批,理科,241,成都中医药大学,,1,临床医学,（不招色盲、色弱考生。）,,3,五年,6960.0
西藏,2025,本科一批,理科,241,成都中医药大学,,2,藏医学,（不招色盲、色弱。）,,3,五年,6960.0
西藏,2025,提前批艺体类本科,理科,,成都体育学院,,,体育教育,（办学地点：东部新区校区。认可区内体育统考成绩。师范类。）,,2,四年,5760.0
西藏,2025,提前批艺体类本科,理科,,成都体育学院,,,社会体育指导与管理,（办学地点：东部新区校区。认可区内体育统考成绩。）,,2,四年,5760.0
西藏,2025,提前批艺体类本科,理科,,成都体育学院,,,休闲体育,（办学地点：东部新区校区。认可区内体育统考成绩。）,,2,四年,5760.0
西藏,2025,提前批艺体类本科,理科,,成都体育学院,,,体能训练,（办学地点：东部新区校区。认可区内体育统考成绩。）,,2,四年,5760.0
西藏,2025,本科一批,理科,235,成都信息工程大学,,3,大气科学,（办学地点：航空港校区。）,,2,四年,6240.0
西藏,2025,本科一批,理科,235,成都信息工程大学,,1,经济统计学,（办学地点：龙泉校区。）,,1,四年,5760.0
西藏,2025,本科一批,理科,235,成都信息工程大学,,4,气象技术与工程,（办学地点：航空港校区。）,,1,四年,6240.0
西藏,2025,本科一批,理科,235,成都信息工程大学,,5,电子信息工程,（办学地点：航空港校区。）,,1,四年,6240.0
西藏,2025,本科一批,理科,235,成都信息工程大学,,6,网络空间安全,（办学地点：航空港校区。）,,1,四年,6240.0
西藏,2025,本科一批,理科,235,成都信息工程大学,,7,工程管理,（办学地点：龙泉校区。）,,1,四年,5760.0
西藏,2025,本科一批,文科,235,成都信息工程大学,,2,社会工作,（办学地点：龙泉校区。）,,1,四年,5760.0
西藏,2025,本科一批,文科,235,成都信息工程大学,,8,财务管理,（办学地点：龙泉校区。）,,1,四年,5760.0
西藏,2025,本科一批,文科,235,成都信息工程大学,,9,物流管理,（办学地点：龙泉校区。）,,1,四年,5760.0
西藏,2025,专科批,文科,510,成都农业科技职业学院,,2,作物生产与经营管理,（办学地点：柳城校区。免补专业。）,,2,三年,5280.0
西藏,2025,专科批,理科,510,成都农业科技职业学院,,1,作物生产与经营管理,（办学地点：柳城校区。免补专业。）,,3,三年,5280.0
西藏,2025,本科二批,理科,335,成都工业学院,,4,工程造价,（该专业办学地点为宜宾校区，入学后不允许跨校区转专业。办学地点：宜宾校区。）,,6,四年,4800.0
西藏,2025,本科二批,理科,335,成都工业学院,,1,数字经济,（该专业办学地点为宜宾校区，入学后不允许跨校区转专业。办学地点：宜宾校区。）,,4,四年,4800.0
西藏,2025,本科二批,理科,335,成都工业学院,,3,智能制造工程,（该专业办学地点为宜宾校区，入学后不允许跨校区转专业。办学地点：宜宾校区。）,,3,四年,5200.0
西藏,2025,本科二批,文科,335,成都工业学院,,2,税收学,（该专业办学地点为宜宾校区，入学后不允许跨校区转专业。办学地点：宜宾校区。）,,4,四年,4800.0
西藏,2025,专科批,理科,721,成都工业职业技术学院,,4,铁道机车运用与维护,（办学地点：天府校区。）,,5,三年,5720.0
西藏,2025,专科批,理科,721,成都工业职业技术学院,,2,铁道工程技术,（办学地点：天府校区。）,,3,三年,5720.0
西藏,2025,专科批,理科,721,成都工业职业技术学院,,6,高速铁路综合维修技术,（办学地点：天府校区。）,,2,三年,5720.0
西藏,2025,专科批,文科,721,成都工业职业技术学院,,3,铁道机车运用与维护,（办学地点：天府校区。）,,5,三年,5720.0
西藏,2025,专科批,文科,721,成都工业职业技术学院,,1,铁道工程技术,（办学地点：天府校区。）,,3,三年,5720.0
西藏,2025,专科批,文科,721,成都工业职业技术学院,,5,高速铁路综合维修技术,（办学地点：天府校区。）,,2,三年,5720.0
西藏,2025,专科批,文科,721,成都工业职业技术学院,,7,铁道交通运营管理,（办学地点：天府校区。）,,1,三年,5720.0
西藏,2025,本科一批,理科,231,成都理工大学,,4,环境科学与工程类,（环境工程、环境生态工程）,,5,四年,6240.0
西藏,2025,本科一批,理科,231,成都理工大学,,1,地质学类,（地质学、地球化学）,,2,四年,6240.0
西藏,2025,本科一批,理科,231,成都理工大学,,2,资源勘查工程,（地科院）,,2,四年,6240.0
西藏,2025,本科一批,理科,231,成都理工大学,,3,石油工程,,,2,四年,6240.0
西藏,2025,专科批,文科,447,成都职业技术学院,,3,旅游管理,（办学地点：新津花源校区。）,,10,三年,5280.0
西藏,2025,专科批,理科,447,成都职业技术学院,,1,智能建造技术,（办学地点：新津花源校区。）,,5,三年,5720.0
西藏,2025,专科批,理科,447,成都职业技术学院,,2,电子商务,（办学地点：新津花源校区。）,,5,三年,5280.0
西藏,2025,专科提前批,理科,1099,成都航空职业技术大学,,3,无人机应用技术,（定向培养军士生，招男生，空军。）,,5,三年,5720.0
西藏,2025,专科提前批,理科,1099,成都航空职业技术大学,,5,飞机电子设备维修,（定向培养军士生，招男生，海军。）,,5,三年,5720.0
西藏,2025,专科批,理科,1099,成都航空职业技术大学,,1,航空复合材料成型与加工技术,（办学地点：分校区。）,,2,三年,5720.0
西藏,2025,专科批,理科,1099,成都航空职业技术大学,,2,无人机应用技术,,,2,三年,5720.0
西藏,2025,专科批,理科,1099,成都航空职业技术大学,,4,航空材料精密成型技术,（办学地点：分校区。）,,2,三年,5720.0
西藏,2025,专科批,理科,1099,成都航空职业技术大学,,6,电子信息工程技术,,,2,三年,5720.0
西藏,2025,本科一批,理科,1077,扬州大学,,2,临床医学,（办学地点：扬州市。）,,4,五年,6800.0
西藏,2025,本科一批,理科,1077,扬州大学,,1,智慧水利,（办学地点：扬州市。免补专业。）,,2,四年,6380.0
西藏,2025,本科一批,理科,1077,扬州大学,,3,预防医学,（办学地点：扬州市。）,,2,五年,6800.0
西藏,2025,本科一批,文科,1077,扬州大学,,4,会计学,（办学地点：扬州市。）,,2,四年,5200.0
西藏,2025,本科二批,理科,,扬州大学广陵学院,,,园林,（免补专业。）,,2,四年,20000.0
西藏,2025,本科二批,理科,,扬州大学广陵学院,,,市场营销,,,2,四年,18000.0
西藏,2025,本科二批,文科,,扬州大学广陵学院,,,国际经济与贸易,,,2,四年,18000.0
西藏,2025,本科二批,文科,,扬州大学广陵学院,,,广播电视学,,,2,四年,19800.0
西藏,2025,本科二批,文科,,扬州大学广陵学院,,,市场营销,,,2,四年,18000.0
西藏,2025,专科批,文科,770,抚州医药学院,,1,中医学,,,5,三年,
西藏,2025,专科批,文科,770,抚州医药学院,,2,针灸推拿,,,5,三年,
西藏,2025,本科二批,理科,1103,拉萨师范学院,,,学前教育,（办学地点：主校区。师范类。免学费。）,,60,四年,
西藏,2025,本科二批,理科,1103,拉萨师范学院,,,小学教育,（数学）（办学地点：主校区。师范类。免学费。）,,30,四年,
西藏,2025,本科二批,理科,1103,拉萨师范学院,,,小学教育,（数学）（边境专项计划。办学地点：主校区。师范类。免学费。）,,10,四年,
西藏,2025,提前批艺体类本科,理科,1103,拉萨师范学院,,,体育教育,（办学地点：主校区。认可区内体育统考成绩。师范类。免学费。）,,30,四年,
西藏,2025,专科批,理科,1103,拉萨师范学院,,11,计算机应用技术,（办学地点：主校区。学费待定。）,,90,三年,
西藏,2025,专科批,理科,1103,拉萨师范学院,,,小学科学教育,（办学地点：主校区。师范类。免学费。）,,80,三年,
西藏,2025,专科批,理科,1103,拉萨师范学院,,12,数字媒体技术,（办学地点：主校区。学费待定。）,,60,三年,
西藏,2025,专科批,理科,1103,拉萨师范学院,,,小学英语教育,（办学地点：主校区。师范类。免学费。）,,30,三年,
西藏,2025,专科批,理科,1103,拉萨师范学院,,17,旅游管理,（办学地点：主校区。学费待定。）,,25,三年,
西藏,2025,专科批,理科,1103,拉萨师范学院,,14,婴幼儿托育服务与管理,（办学地点：主校区。学费待定。）,,20,三年,
西藏,2025,专科批,理科,1103,拉萨师范学院,,,现代教育技术,（办学地点：主校区。师范类。免学费。）,,10,三年,
西藏,2025,提前批艺体类专科,理科,1103,拉萨师范学院,,,音乐教育,（师范）（音乐教育）（办学地点：主校区。师范类。免学费。认可区内音乐教育专业统考成绩。）,,50,三年,
西藏,2025,提前批艺体类专科,理科,1103,拉萨师范学院,,,美术教育,（师范）（美术）（办学地点：主校区。师范类。免学费。认可区内美术与设计类专业统考成绩。）,,50,三年,
西藏,2025,提前批艺体类专科,理科,1103,拉萨师范学院,,,休闲体育,（办学地点：主校区。认可区内体育统考成绩。学费待定。）,,15,三年,
西藏,2025,提前批艺体类专科,理科,1103,拉萨师范学院,,,视觉传达设计,（美术）（办学地点：主校区。学费待定。认可区内美术与设计类专业统考成绩。）,,15,三年,
西藏,2025,本科二批,文科,1103,拉萨师范学院,,,中国少数民族语言文学,（藏语）（藏语文≥90。办学地点：主校区。师范类。免学费。）,,190,四年,
西藏,2025,本科二批,文科,1103,拉萨师范学院,,,汉语言文学,（办学地点：主校区。师范类。免学费。）,,120,四年,
西藏,2025,本科二批,文科,1103,拉萨师范学院,,,思想政治教育,（办学地点：主校区。师范类。免学费。）,,90,四年,
西藏,2025,本科二批,文科,1103,拉萨师范学院,,,学前教育,（办学地点：主校区。师范类。免学费。）,,70,四年,
西藏,2025,本科二批,文科,1103,拉萨师范学院,,,中国少数民族语言文学,（藏语）（藏语文≥90。边境专项计划。办学地点：主校区。师范类。免学费。）,,10,四年,
西藏,2025,专科批,文科,1103,拉萨师范学院,,,小学英语教育,（办学地点：主校区。师范类。免学费。）,,40,三年,
西藏,2025,专科批,文科,1103,拉萨师范学院,,15,旅游管理,（办学地点：主校区。学费待定。）,,25,三年,
西藏,2025,专科批,文科,1103,拉萨师范学院,,13,婴幼儿托育服务与管理,（办学地点：主校区。学费待定。）,,20,三年,
西藏,2025,提前批艺体类本科,文科,1103,拉萨师范学院,,,体育教育,（办学地点：主校区。认可区内体育统考成绩。师范类。免学费。）,,30,四年,
西藏,2025,提前批艺体类专科,文科,1103,拉萨师范学院,,,音乐教育,（师范）（音乐教育）（办学地点：主校区。师范类。免学费。认可区内音乐教育专业统考成绩。）,,40,三年,
西藏,2025,提前批艺体类专科,文科,1103,拉萨师范学院,,,美术教育,（师范）（美术）（办学地点：主校区。师范类。免学费。认可区内美术与设计类专业统考成绩。）,,40,三年,
西藏,2025,提前批艺体类专科,文科,1103,拉萨师范学院,,,休闲体育,（办学地点：主校区。认可区内体育统考成绩。学费待定。）,,15,三年,
西藏,2025,提前批艺体类专科,文科,1103,拉萨师范学院,,,视觉传达设计,（美术）（办学地点：主校区。学费待定。认可区内美术与设计类专业统考成绩。）,,15,三年,
西藏,2025,专科批,理科,589,揭阳职业技术学院,,2,服装与服饰设计,,,5,三年,10000.0
西藏,2025,专科批,文科,589,揭阳职业技术学院,,1,服装与服饰设计,,,5,三年,10000.0
西藏,2025,本科二批,理科,349,攀枝花学院,,2,机械设计制造及其自动化,,,4,四年,
西藏,2025,本科二批,理科,349,攀枝花学院,,3,计算机科学与技术,,,3,四年,
西藏,2025,本科二批,文科,349,攀枝花学院,,1,汉语言文学,,,4,四年,
西藏,2025,本科二批,文科,349,攀枝花学院,,4,护理学,,,4,四年,
西藏,2025,本科二批,理科,1066,新疆农业大学,,1,计算机科学与技术,（办学地点：亚心校区。）,,1,四年,3500.0
西藏,2025,本科二批,理科,1067,新疆和田学院,,6,物理学,（办学地点：北京路南校区。师范类。）,,3,四年,3500.0
西藏,2025,本科二批,理科,1067,新疆和田学院,,11,数据科学与大数据技术,（办学地点：北京路南校区。）,,3,四年,3500.0
西藏,2025,本科二批,理科,1067,新疆和田学院,,12,化学工程与工艺,（办学地点：北京路南校区。）,,3,四年,3500.0
西藏,2025,本科二批,理科,1067,新疆和田学院,,18,中药学,（办学地点：昆仑路校区。）,,3,四年,4000.0
西藏,2025,本科二批,理科,1067,新疆和田学院,,14,医学检验技术,（办学地点：昆仑路校区。）,,3,四年,4000.0
西藏,2025,本科二批,理科,1067,新疆和田学院,,7,地理科学,（办学地点：北京路北校区。）,,2,四年,3500.0
西藏,2025,本科二批,理科,1067,新疆和田学院,,8,应用心理学,（办学地点：昆仑路校区。）,,2,四年,3500.0
西藏,2025,本科二批,理科,1067,新疆和田学院,,9,人工智能,（办学地点：北京路南校区。）,,2,四年,3500.0
西藏,2025,本科二批,理科,1067,新疆和田学院,,10,计算机科学与技术,（办学地点：北京路南校区。）,,2,四年,3500.0
西藏,2025,本科二批,理科,1067,新疆和田学院,,4,小学教育,（办学地点：昆仑路校区。师范类。）,,1,四年,3500.0
西藏,2025,专科批,理科,1067,新疆和田学院,,16,护理,（办学地点：昆仑路校区。）,,12,三年,3600.0
西藏,2025,专科批,理科,1067,新疆和田学院,,21,康复治疗技术,（办学地点：昆仑路校区。）,,6,三年,3600.0
西藏,2025,专科批,理科,1067,新疆和田学院,,24,旅游管理,（办学地点：北京路北校区。）,,4,三年,3300.0
西藏,2025,专科批,理科,1067,新疆和田学院,,26,小学数学教育,（办学地点：北京路南校区。师范类。）,,4,三年,3300.0
西藏,2025,专科批,理科,1067,新疆和田学院,,23,统计与大数据分析,（办学地点：北京路南校区。）,,3,三年,3300.0
西藏,2025,专科批,理科,1067,新疆和田学院,,17,助产,（办学地点：昆仑路校区。）,,2,三年,3600.0
西藏,2025,专科批,理科,1067,新疆和田学院,,19,维药学,（办学地点：昆仑路校区。）,,2,三年,3600.0
西藏,2025,专科批,理科,1067,新疆和田学院,,20,医学影像技术,（办学地点：昆仑路校区。）,,2,三年,3600.0
西藏,2025,专科批,理科,1067,新疆和田学院,,22,公共卫生管理,（办学地点：昆仑路校区。）,,2,三年,3600.0
西藏,2025,专科批,理科,1067,新疆和田学院,,15,应用化工技术,（办学地点：北京路南校区。）,,1,三年,3300.0
西藏,2025,提前批艺体类专科,理科,1067,新疆和田学院,,,体育教育,（办学地点：昆仑路校区。认可区内体育统考成绩。师范类。）,,1,三年,3100.0
西藏,2025,本科二批,文科,1067,新疆和田学院,,1,思想政治教育,（办学地点：昆仑路校区。师范类。）,,3,四年,3100.0
西藏,2025,本科二批,文科,1067,新疆和田学院,,2,学前教育,（办学地点：昆仑路校区。师范类。）,,3,四年,3100.0
西藏,2025,本科二批,文科,1067,新疆和田学院,,5,汉语言文学,（办学地点：昆仑路校区。师范类。）,,2,四年,3100.0
西藏,2025,本科二批,文科,1067,新疆和田学院,,3,小学教育,（办学地点：昆仑路校区。师范类。）,,1,四年,3500.0
西藏,2025,专科批,文科,1067,新疆和田学院,,27,小学英语教育,（办学地点：昆仑路校区。师范类。）,,2,三年,2900.0
西藏,2025,专科批,文科,1067,新疆和田学院,,33,现代文秘,（办学地点：昆仑路校区。）,,2,三年,2900.0
西藏,2025,专科批,文科,1067,新疆和田学院,,32,法律事务,（办学地点：昆仑路校区。）,,1,三年,2900.0
西藏,2025,提前批艺体类专科,文科,1067,新疆和田学院,,,舞蹈表演,（舞蹈）（办学地点：昆仑路校区。认可区内舞蹈类专业统考成绩。）,,2,三年,5500.0
西藏,2025,提前批艺体类专科,文科,1067,新疆和田学院,,,音乐教育,（音乐教育声乐）（办学地点：昆仑路校区。师范类。认可区内音乐教育（声乐方向）专业统考成绩。）,,1,三年,5500.0
西藏,2025,提前批艺体类专科,文科,1067,新疆和田学院,,,美术教育,（美术）（办学地点：昆仑路校区。师范类。认可区内美术与设计类专业统考成绩。）,,1,三年,5500.0
西藏,2025,专科批,理科,1067,新疆和田学院,,18,中药学,（办学地点：昆仑路校区。）,,1,三年,3600.0
西藏,2025,专科批,理科,1067,新疆和田学院,,28,小学科学教育,（办学地点：北京路南校区。师范类。）,,1,三年,3300.0
西藏,2025,本科一批,理科,598,新疆大学,,2,旅游管理,（办学地点：红湖校区。）,,1,四年,3500.0
西藏,2025,本科一批,文科,598,新疆大学,,1,汉语言文学,（办学地点：红湖校区。）,,2,四年,3100.0
西藏,2025,本科二批,理科,857,新疆政法学院,,2,国际经济与贸易,,,2,四年,3200.0
西藏,2025,本科二批,文科,857,新疆政法学院,,1,国际经济与贸易,,,2,四年,3200.0
西藏,2025,本科二批,文科,857,新疆政法学院,,3,法学,,,2,四年,3100.0
西藏,2025,本科二批,文科,852,新疆理工学院,,1,社会工作,,,1,四年,3100.0
西藏,2025,本科二批,文科,852,新疆理工学院,,2,市场营销,,,1,四年,3200.0
西藏,2025,本科二批,文科,852,新疆理工学院,,3,物流管理,,,1,四年,3200.0
西藏,2025,本科二批,文科,852,新疆理工学院,,4,旅游管理,,,1,四年,3200.0
西藏,2025,专科批,理科,1185,新疆职业大学,,1,供用电技术,,,1,三年,3960.0
西藏,2025,专科批,理科,1185,新疆职业大学,,2,水利水电工程技术,（免补专业。）,,1,三年,3960.0
西藏,2025,专科批,理科,1185,新疆职业大学,,3,水利水电工程智能管理,（免补专业。）,,1,三年,3960.0
西藏,2025,专科批,理科,1185,新疆职业大学,,4,水环境智能监测与治理,（免补专业。）,,1,三年,3960.0
西藏,2025,专科批,理科,1185,新疆职业大学,,5,智能制造装备技术,,,1,三年,3960.0
西藏,2025,专科批,理科,578,无锡城市职业技术学院,,1,人工智能技术应用,,,3,三年,5300.0
西藏,2025,专科批,理科,578,无锡城市职业技术学院,,2,研学旅行管理与服务,,,2,三年,4700.0
西藏,2025,本科二批,理科,885,无锡学院,,2,大气科学,（办学地点：主校区。）,,2,四年,5500.0
西藏,2025,本科二批,理科,885,无锡学院,,3,电气工程及其自动化,（办学地点：主校区。）,,2,四年,5800.0
西藏,2025,本科二批,文科,885,无锡学院,,1,法学,（办学地点：主校区。）,,2,四年,5200.0
西藏,2025,本科二批,文科,885,无锡学院,,5,物流管理,（办学地点：主校区。）,,2,四年,5200.0
西藏,2025,本科二批,文科,885,无锡学院,,4,会计学,（办学地点：主校区。）,,1,四年,5200.0
西藏,2025,专科批,文科,457,无锡科技职业学院,,1,现代物流管理,,,35,三年,4700.0
西藏,2025,专科批,文科,457,无锡科技职业学院,,2,现代文秘,,,35,三年,4700.0
西藏,2025,专科批,理科,302,无锡职业技术大学,,3,计算机网络技术,,,2,三年,5300.0
西藏,2025,专科批,理科,302,无锡职业技术大学,,6,微电子技术,,,2,三年,5300.0
西藏,2025,专科批,理科,302,无锡职业技术大学,,2,工业过程自动化技术,,,1,三年,5300.0
西藏,2025,专科批,文科,302,无锡职业技术大学,,7,工商企业管理,,,2,三年,4700.0
西藏,2025,专科批,文科,302,无锡职业技术大学,,1,工业过程自动化技术,,,1,三年,5300.0
西藏,2025,专科批,文科,302,无锡职业技术大学,,4,计算机网络技术,,,1,三年,5300.0
西藏,2025,专科批,文科,302,无锡职业技术大学,,5,微电子技术,,,1,三年,5300.0
西藏,2025,专科批,理科,1229,日喀则职业技术学院,,1,现代农业技术,（办学地点：日喀则职业技术学院。免学费。免补专业。）,,16,三年,
西藏,2025,专科批,理科,1229,日喀则职业技术学院,,5,汽车检测与维修技术,（办学地点：日喀则职业技术学院。）,,16,三年,2800.0
西藏,2025,专科批,理科,1229,日喀则职业技术学院,,4,建筑工程技术,（办学地点：日喀则职业技术学院。）,,14,三年,2800.0
西藏,2025,专科批,理科,1229,日喀则职业技术学院,,14,现代物流管理,（办学地点：日喀则职业技术学院。）,,8,三年,2800.0
西藏,2025,专科批,理科,1229,日喀则职业技术学院,,10,婴幼儿托育服务与管理,（办学地点：日喀则职业技术学院。）,,7,三年,2800.0
西藏,2025,专科批,理科,1229,日喀则职业技术学院,,8,护理,（办学地点：日喀则职业技术学院。）,,5,三年,2800.0
西藏,2025,专科批,文科,1229,日喀则职业技术学院,,15,现代物流管理,（办学地点：日喀则职业技术学院。）,,8,三年,2800.0
西藏,2025,专科批,文科,1229,日喀则职业技术学院,,12,婴幼儿托育服务与管理,（办学地点：日喀则职业技术学院。）,,7,三年,2800.0
西藏,2025,专科批,文科,1229,日喀则职业技术学院,,9,护理,（办学地点：日喀则职业技术学院。）,,6,三年,2800.0
西藏,2025,专科批,理科,374,昆明冶金高等专科学校,,6,机电一体化技术,（办学地点：安宁校区。）,,5,三年,5000.0
西藏,2025,专科批,理科,374,昆明冶金高等专科学校,,1,工程地质勘查,（办学地点：安宁校区。免补专业。）,,3,三年,5000.0
西藏,2025,专科批,理科,374,昆明冶金高等专科学校,,2,矿山智能开采技术,（办学地点：安宁校区。免补专业。）,,3,三年,5000.0
西藏,2025,专科批,理科,374,昆明冶金高等专科学校,,4,钢铁智能冶金技术,（办学地点：安宁校区。）,,3,三年,5000.0
西藏,2025,专科批,理科,374,昆明冶金高等专科学校,,5,有色金属智能冶金技术,（办学地点：安宁校区。）,,3,三年,5000.0
西藏,2025,专科批,理科,374,昆明冶金高等专科学校,,3,环境工程技术,（办学地点：安宁校区。免补专业。）,,2,三年,5000.0
西藏,2025,专科批,文科,374,昆明冶金高等专科学校,,7,大数据与会计,（办学地点：莲华校区。）,,4,三年,5000.0
西藏,2025,专科批,文科,374,昆明冶金高等专科学校,,9,旅游管理,（办学地点：莲华校区。）,,4,三年,5000.0
西藏,2025,专科批,文科,374,昆明冶金高等专科学校,,8,现代物流管理,（办学地点：莲华校区。）,,3,三年,5000.0
西藏,2025,本科二批,理科,263,昆明医科大学,,5,法医学,,,1,五年,5500.0
西藏,2025,本科一批,理科,263,昆明医科大学,,1,临床医学,,,1,五年,6000.0
西藏,2025,本科一批,理科,263,昆明医科大学,,2,麻醉学,,,1,五年,5500.0
西藏,2025,本科一批,理科,263,昆明医科大学,,3,医学影像学,,,1,五年,5500.0
西藏,2025,本科一批,理科,263,昆明医科大学,,4,预防医学,,,1,五年,6000.0
西藏,2025,本科一批,理科,263,昆明医科大学,,6,康复治疗学,,,1,四年,5500.0
西藏,2025,本科二批,理科,,昆明医科大学海源学院,,,临床医学,（不招色盲、色弱。办学地点：杨林校区。）,,3,五年,28000.0
西藏,2025,本科二批,理科,,昆明医科大学海源学院,,,口腔医学,（不招色盲、色弱。办学地点：杨林校区。）,,2,五年,28000.0
西藏,2025,提前批艺体类本科,文科,,昆明文理学院,,,音乐学,（民办）（音乐）（办学地点：杨林校区。认可区内音乐类专业统考成绩。）,,3,四年,28000.0
西藏,2025,提前批艺体类本科,文科,,昆明文理学院,,,舞蹈学,（民办）（舞蹈）（要求考生身高女生不低于157厘米，男生不低于167厘米。办学地点：杨林校区。认可区内舞蹈类专业统考成绩。）,,3,四年,28000.0
西藏,2025,提前批艺体类本科,文科,,昆明文理学院,,,视觉传达设计,（民办）（美术）（办学地点：杨林校区。认可区内美术与设计类专业统考成绩。）,,3,四年,28000.0
西藏,2025,提前批艺体类本科,理科,,昆明文理学院,,,音乐学,（民办）（音乐）（办学地点：杨林校区。认可区内音乐类专业统考成绩。）,,4,四年,28000.0
西藏,2025,提前批艺体类本科,理科,,昆明文理学院,,,舞蹈学,（民办）（舞蹈）（要求考生身高女生不低于157厘米，男生不低于167厘米。办学地点：杨林校区。认可区内舞蹈类专业统考成绩。）,,4,四年,28000.0
西藏,2025,提前批艺体类本科,理科,,昆明文理学院,,,视觉传达设计,（民办）（美术）（办学地点：杨林校区。认可区内美术与设计类专业统考成绩。）,,3,四年,28000.0
西藏,2025,本科一批,理科,261,昆明理工大学,,2,机械工程,（机电工程学院）（办学地点：呈贡校区。）,,3,四年,5900.0
西藏,2025,本科一批,理科,261,昆明理工大学,,4,冶金工程,（办学地点：莲华校区。）,,3,四年,5900.0
西藏,2025,本科一批,理科,261,昆明理工大学,,3,材料科学与工程,（办学地点：莲华校区。）,,2,四年,5900.0
西藏,2025,本科一批,理科,261,昆明理工大学,,5,环境工程,（环工学院培养）（办学地点：呈贡校区。免补专业。）,,2,四年,5900.0
西藏,2025,提前批艺体类专科,文科,,昆明艺术职业学院,,,艺术设计,（民办）（美术）（办学地点：主校区。认可区内美术与设计类专业统考成绩。）,,7,三年,15600.0
西藏,2025,提前批艺体类专科,文科,,昆明艺术职业学院,,,音乐表演,（民办）（音乐表演）（声乐）（办学地点：主校区。认可区内音乐表演专业统考成绩。）,,7,三年,15600.0
西藏,2025,提前批艺体类专科,文科,,昆明艺术职业学院,,,舞蹈表演,（民办）（舞蹈）（办学地点：主校区。认可区内舞蹈类专业统考成绩。）,,6,三年,15600.0
西藏,2025,专科批,理科,1195,昆明铁道职业技术学院,,3,铁道养路机械应用技术,（身体健康、肢体健全，无口吃、无色盲色弱。本专业对应岗位较适合男生，女生慎报。办学地点：小石坝校区。）,,2,三年,5000.0
西藏,2025,专科批,理科,1195,昆明铁道职业技术学院,,5,铁道机车运用与维护,（身高170厘米及以上，身体健康、肢体健全，无口吃、无色盲色弱，裸眼视力5.0及以上，本专业对应岗位较适合男生，女生慎报。办学地点：小石坝校区。）,,2,三年,5000.0
西藏,2025,专科批,理科,1195,昆明铁道职业技术学院,,2,铁道工程技术,（身体健康、肢体健全，无口吃、无色盲色弱。本专业对应岗位较适合男生，女生慎报。办学地点：小石坝校区。）,,1,三年,5000.0
西藏,2025,专科批,理科,1195,昆明铁道职业技术学院,,8,铁道信号自动控制,（身体健康、肢体健全，无口吃、无色盲色弱。本专业对应岗位较适合男生，女生慎报。办学地点：小石坝校区。）,,1,三年,5000.0
西藏,2025,专科批,文科,1195,昆明铁道职业技术学院,,1,铁道工程技术,（身体健康、肢体健全，无口吃、无色盲色弱。本专业对应岗位较适合男生，女生慎报。办学地点：小石坝校区。）,,1,三年,5000.0
西藏,2025,专科批,文科,1195,昆明铁道职业技术学院,,4,铁道养路机械应用技术,（身体健康、肢体健全，无口吃、无色盲色弱。本专业对应岗位较适合男生，女生慎报。办学地点：小石坝校区。）,,1,三年,5000.0
西藏,2025,专科批,文科,1195,昆明铁道职业技术学院,,6,铁道车辆技术,（身体健康、肢体健全，无口吃、无色盲色弱，矫正视力4.8及以上。本专业对应岗位较适合男生，女生慎报。办学地点：小石坝校区。）,,1,三年,5000.0
西藏,2025,专科批,文科,1195,昆明铁道职业技术学院,,7,铁道供电技术,（身体健康、肢体健全，无口吃、无色盲色弱。本专业对应岗位较适合男生，女生慎报。办学地点：小石坝校区。）,,1,三年,5000.0
西藏,2025,本科二批,理科,1075,昌吉学院,,1,金融数学,（办学地点：世纪大道新城校区。）,,1,四年,3500.0
西藏,2025,本科二批,理科,1075,昌吉学院,,2,数学与应用数学,（办学地点：世纪大道新城校区。师范类。）,,1,四年,3500.0
西藏,2025,本科二批,理科,1075,昌吉学院,,3,应用化学,（办学地点：世纪大道新城校区。）,,1,四年,3500.0
西藏,2025,本科二批,理科,1075,昌吉学院,,4,材料成型及控制工程,（办学地点：世纪大道新城校区。）,,1,四年,3500.0
西藏,2025,本科二批,理科,1075,昌吉学院,,5,材料物理,（办学地点：世纪大道新城校区。）,,1,四年,3500.0
西藏,2025,本科二批,理科,1075,昌吉学院,,6,能源与动力工程,（办学地点：世纪大道新城校区。）,,1,四年,3500.0
西藏,2025,本科二批,理科,1075,昌吉学院,,7,计算机科学与技术,（办学地点：世纪大道新城校区。）,,1,四年,3500.0
西藏,2025,本科二批,理科,1075,昌吉学院,,8,交通运输,（外语≥60。办学地点：世纪大道新城校区。）,,1,四年,3500.0
西藏,2025,本科二批,理科,1075,昌吉学院,,9,应急管理,（办学地点：北京北路园丁校区。）,,1,四年,3100.0
西藏,2025,本科二批,理科,1075,昌吉学院,,10,旅游管理,（办学地点：北京北路园丁校区。）,,1,四年,3100.0
西藏,2025,专科批,文科,610,晋中职业技术学院,,1,畜牧兽医,（办学地点：晋中职业技术学院。免补专业。）,,32,三年,4000.0
西藏,2025,提前批艺体类本科,文科,,景德镇陶瓷大学,,,绘画,（办学地点：湘湖校区。认可区内美术与设计类专业统考成绩。）,,1,四年,9600.0
西藏,2025,本科一批,文科,205,杭州师范大学,,1,社会工作,（第一学年在下沙校区，第二学年起在仓前校区。）,,3,四年,5300.0
西藏,2025,本科一批,文科,205,杭州师范大学,,9,公共管理类,（第一学年在下沙校区，第二学年起在仓前校区。入学后一学期内专业分流，可自主选择专业类内任一专业。含行政管理、公共事业管理（卫生事业管理方向）、健康服务与管理专业。）,,2,四年,5300.0
西藏,2025,本科一批,文科,205,杭州师范大学,,10,广播电视编导,（下沙校区。办学地点：下沙校区。）,,2,四年,9000.0
西藏,2025,本科一批,文科,205,杭州师范大学,,3,学前教育,（经亨颐实验班）（第一、二学年在下沙校区，第三学年起在仓前校区。入学后还可自主选择婴幼儿发展与健康管理方向。师范类。）,,1,四年,5300.0
西藏,2025,本科一批,理科,205,杭州师范大学,,2,教育技术学,（经亨颐实验班）（第一、二学年在下沙校区，第三学年起在仓前校区。师范类。）,,2,四年,5300.0
西藏,2025,本科一批,理科,205,杭州师范大学,,6,应用心理学,（第一、二学年在下沙校区，第三学年起在仓前校区。）,,2,四年,5300.0
西藏,2025,本科一批,理科,205,杭州师范大学,,7,制药工程,（第一学年在下沙校区，第二学年起在仓前校区。）,,2,四年,6000.0
西藏,2025,本科一批,理科,205,杭州师范大学,,8,药学,（第一学年在下沙校区，第二学年起在仓前校区。）,,2,四年,6900.0
西藏,2025,本科一批,理科,152,杭州电子科技大学,,1,金融学,（可参加学校“金融学CFA方向班”项目。办学地点：下沙校区。）,,7,四年,6095.0
西藏,2025,本科一批,理科,152,杭州电子科技大学,,6,材料科学与工程,（办学地点：下沙校区。）,,6,四年,6000.0
西藏,2025,本科一批,理科,152,杭州电子科技大学,,5,传播学,（办学地点：下沙校区。）,,4,四年,5300.0
西藏,2025,本科一批,理科,152,杭州电子科技大学,,8,工商管理,（办学地点：下沙校区。）,,2,四年,5300.0
西藏,2025,国家专项计划本科批,理科,152,杭州电子科技大学,,7,环境工程,（办学地点：下沙校区。免补专业。）,,6,四年,6000.0
西藏,2025,国家专项计划本科批,理科,152,杭州电子科技大学,,5,传播学,（办学地点：下沙校区。）,,2,四年,5300.0
西藏,2025,本科一批,文科,152,杭州电子科技大学,,2,社会学,（办学地点：下沙校区。）,,8,四年,5300.0
西藏,2025,本科一批,文科,152,杭州电子科技大学,,4,传播学,（办学地点：下沙校区。）,,5,四年,5300.0
西藏,2025,专科批,理科,611,松原职业技术学院,,4,空中乘务,（办学地点：主校区。）,,3,三年,3300.0
西藏,2025,专科批,理科,611,松原职业技术学院,,8,市场营销,（办学地点：主校区。）,,3,三年,3300.0
西藏,2025,专科批,理科,611,松原职业技术学院,,10,室内艺术设计,（办学地点：主校区。）,,3,三年,5000.0
西藏,2025,专科批,理科,611,松原职业技术学院,,5,大数据技术,（办学地点：主校区。）,,2,三年,5000.0
西藏,2025,专科批,理科,611,松原职业技术学院,,1,现代农业装备应用技术,（办学地点：主校区。学费待定。免补专业。）,,1,三年,
西藏,2025,专科批,文科,611,松原职业技术学院,,3,空中乘务,（办学地点：主校区。）,,2,三年,3300.0
西藏,2025,专科批,文科,611,松原职业技术学院,,7,市场营销,（办学地点：主校区。）,,2,三年,3300.0
西藏,2025,专科批,文科,611,松原职业技术学院,,9,室内艺术设计,（办学地点：主校区。）,,2,三年,5000.0
西藏,2025,专科批,文科,611,松原职业技术学院,,2,现代农业装备应用技术,（办学地点：主校区。学费待定。免补专业。）,,1,三年,
西藏,2025,专科批,文科,611,松原职业技术学院,,6,大数据技术,（办学地点：主校区。）,,1,三年,5000.0
西藏,2025,提前批艺体类本科,文科,,桂林旅游学院,,,音乐表演,（认可区内音乐表演专业统考成绩。）,,5,四年,11999.0
西藏,2025,本科二批,文科,748,桂林电子科技大学,,,边防军人子女预科,（民族预科班）（预科培养地点：花江校区。招边防军人子女。）,,1,一年,8000.0
西藏,2025,本科二批,理科,748,桂林电子科技大学,,,边防军人子女预科,（民族预科班）（预科培养地点：花江校区。招边防军人子女。）,,1,一年,8000.0
西藏,2025,本科二批,理科,428,榆林学院,,5,植物科学与技术,（免补专业。）,,2,四年,6000.0
西藏,2025,本科二批,理科,428,榆林学院,,6,动物科学,（免补专业。）,,2,四年,6000.0
西藏,2025,提前批艺体类本科,理科,428,榆林学院,,,体育教育,（认可区内体育统考成绩。师范类。）,,8,四年,5000.0
西藏,2025,提前批艺体类本科,理科,428,榆林学院,,,舞蹈学,（舞蹈）（师范类。认可区内舞蹈类专业统考成绩。）,,1,四年,11000.0
西藏,2025,提前批艺体类本科,理科,428,榆林学院,,,美术学,（美术）（师范类。认可区内美术与设计类专业统考成绩。）,,1,四年,11000.0
西藏,2025,本科二批,文科,428,榆林学院,,1,思想政治教育,（师范类。）,,3,四年,5000.0
西藏,2025,本科二批,文科,428,榆林学院,,4,汉语言文学,（师范类。）,,3,四年,5000.0
西藏,2025,本科二批,文科,428,榆林学院,,2,小学教育,（师范类。）,,2,四年,5000.0
西藏,2025,提前批艺体类本科,文科,428,榆林学院,,,舞蹈学,（舞蹈）（师范类。认可区内舞蹈类专业统考成绩。）,,4,四年,11000.0
西藏,2025,提前批艺体类本科,文科,428,榆林学院,,,美术学,（美术）（不招色盲。师范类。认可区内美术与设计类专业统考成绩。）,,4,四年,11000.0
西藏,2025,专科批,理科,817,榆林职业技术学院,,20,小学教育,（师范类。）,,42,三年,6500.0
西藏,2025,专科批,理科,817,榆林职业技术学院,,18,学前教育,（师范类。）,,25,三年,6500.0
西藏,2025,专科批,理科,817,榆林职业技术学院,,2,现代农业技术,（办学地点：农学院。免补专业。）,,1,三年,6500.0
西藏,2025,专科批,理科,817,榆林职业技术学院,,4,林业技术,（办学地点：林学院。免补专业。）,,1,三年,6500.0
西藏,2025,专科批,理科,817,榆林职业技术学院,,6,畜牧兽医,（办学地点：农学院。免补专业。）,,1,三年,6500.0
西藏,2025,专科批,理科,817,榆林职业技术学院,,8,护理,（办学地点：医学院。）,,1,三年,6500.0
西藏,2025,专科批,理科,817,榆林职业技术学院,,10,药学,（办学地点：医学院。）,,1,三年,6500.0
西藏,2025,专科批,理科,817,榆林职业技术学院,,11,医学检验技术,（办学地点：医学院。）,,1,三年,6500.0
西藏,2025,专科批,理科,817,榆林职业技术学院,,14,医学影像技术,（办学地点：医学院。）,,1,三年,6500.0
西藏,2025,专科批,理科,817,榆林职业技术学院,,16,康复治疗技术,（办学地点：医学院。）,,1,三年,6500.0
西藏,2025,专科批,文科,817,榆林职业技术学院,,19,小学教育,（师范类。）,,42,三年,6500.0
西藏,2025,专科批,文科,817,榆林职业技术学院,,17,学前教育,（师范类。）,,25,三年,6500.0
西藏,2025,专科批,文科,817,榆林职业技术学院,,1,现代农业技术,（办学地点：农学院。免补专业。）,,1,三年,6500.0
西藏,2025,专科批,文科,817,榆林职业技术学院,,3,林业技术,（办学地点：林学院。免补专业。）,,1,三年,6500.0
西藏,2025,专科批,文科,817,榆林职业技术学院,,5,畜牧兽医,（办学地点：农学院。免补专业。）,,1,三年,6500.0
西藏,2025,专科批,文科,817,榆林职业技术学院,,7,护理,（办学地点：医学院。）,,1,三年,6500.0
西藏,2025,专科批,文科,817,榆林职业技术学院,,9,药学,（办学地点：医学院。）,,1,三年,6500.0
西藏,2025,专科批,文科,817,榆林职业技术学院,,12,医学检验技术,（办学地点：医学院。）,,1,三年,6500.0
西藏,2025,专科批,文科,817,榆林职业技术学院,,13,医学影像技术,（办学地点：医学院。）,,1,三年,6500.0
西藏,2025,专科批,文科,817,榆林职业技术学院,,15,康复治疗技术,（办学地点：医学院。）,,1,三年,6500.0
西藏,2025,本科二批,理科,174,武夷学院,,5,物流管理,（办学地点：武夷山。）,,3,四年,5040.0
西藏,2025,本科二批,理科,174,武夷学院,,4,文化产业管理,（办学地点：武夷山。）,,2,四年,5040.0
西藏,2025,本科二批,理科,174,武夷学院,,8,旅游管理,（办学地点：武夷山。）,,2,四年,5460.0
西藏,2025,本科二批,理科,174,武夷学院,,10,酒店管理,（办学地点：武夷山。）,,2,四年,5460.0
西藏,2025,本科二批,文科,174,武夷学院,,2,汉语言文学,（办学地点：武夷山。）,,3,四年,5460.0
西藏,2025,本科二批,文科,174,武夷学院,,1,国际经济与贸易,（办学地点：武夷山。）,,2,四年,5040.0
西藏,2025,本科二批,文科,174,武夷学院,,3,文化产业管理,（办学地点：武夷山。）,,2,四年,5040.0
西藏,2025,本科二批,文科,174,武夷学院,,6,物流管理,（办学地点：武夷山。）,,2,四年,5040.0
西藏,2025,本科二批,文科,174,武夷学院,,7,旅游管理,（办学地点：武夷山。）,,1,四年,5460.0
西藏,2025,本科二批,文科,174,武夷学院,,9,酒店管理,（办学地点：武夷山。）,,1,四年,5460.0
西藏,2025,提前批艺体类本科,文科,,武昌工学院,,,摄影,（民办）（认可区内美术与设计类专业统考成绩。）,,5,四年,26800.0
西藏,2025,提前批艺体类本科,文科,,武昌理工学院,,,数字媒体艺术,（民办）（认可区内美术与设计类专业统考成绩。）,,3,四年,27800.0
西藏,2025,提前批艺体类本科,文科,,武昌理工学院,,,设计学类,（民办）（含视觉传达设计、环境设计、产品设计、工艺美术专业。认可区内美术与设计类专业统考成绩。）,,2,四年,27800.0
西藏,2025,专科提前批,理科,,武昌职业学院,,,人工智能技术应用,（民办）（定向培养军士生，招男生，火箭军。）,,3,三年,16600.0
西藏,2025,专科提前批,文科,,武昌职业学院,,,人工智能技术应用,（民办）（定向培养军士生，招男生，火箭军。）,,2,三年,16600.0
西藏,2025,体育类本科批,体育文,,武汉体育学院体育科技学院,,,体育教育,,,2,四年,
西藏,2025,体育类本科批,体育理,,武汉体育学院体育科技学院,,,体育教育,,,3,四年,
西藏,2025,本科二批,理科,379,武汉商学院,,2,物流管理,,,3,四年,4000.0
西藏,2025,本科二批,理科,379,武汉商学院,,4,电子商务,,,3,四年,5200.0
西藏,2025,本科二批,理科,379,武汉商学院,,7,酒店管理,,,2,四年,5200.0
西藏,2025,本科二批,理科,379,武汉商学院,,8,旅游管理与服务教育,,,2,四年,4000.0
西藏,2025,本科二批,文科,379,武汉商学院,,3,物流管理,,,3,四年,4000.0
西藏,2025,本科二批,文科,379,武汉商学院,,5,电子商务,,,3,四年,5200.0
西藏,2025,本科二批,文科,379,武汉商学院,,6,酒店管理,,,2,四年,5200.0
西藏,2025,本科二批,文科,379,武汉商学院,,9,旅游管理与服务教育,,,2,四年,4000.0
西藏,2025,本科二批,理科,,武汉城市学院,,,机械设计制造及其自动化,,,1,四年,21800.0
西藏,2025,本科二批,理科,,武汉城市学院,,,建筑学,,,1,五年,20800.0
西藏,2025,本科二批,理科,,武汉城市学院,,,工程管理,,,1,四年,20800.0
西藏,2025,本科二批,文科,,武汉城市学院,,,会计学,,,1,四年,22800.0
西藏,2025,本科二批,文科,,武汉城市学院,,,物流管理,,,1,四年,20800.0
西藏,2025,提前批艺体类本科,文科,,武汉工商学院,,,视觉传达设计,（民办）（认可区内美术与设计类专业统考成绩。）,,3,四年,26800.0
西藏,2025,提前批艺体类本科,文科,,武汉工商学院,,,数字媒体艺术,（民办）（认可区内美术与设计类专业统考成绩。）,,2,四年,26800.0
西藏,2025,本科一批,理科,543,武汉工程大学,,5,行政管理,（大数据与政府治理方向）,,3,四年,4500.0
西藏,2025,本科一批,理科,543,武汉工程大学,,3,工商管理,（数智化人才管理方向）,,2,四年,4500.0
西藏,2025,本科一批,理科,543,武汉工程大学,,4,会计学,（含大数据会计、智能财务方向）,,2,四年,4500.0
西藏,2025,本科一批,理科,543,武汉工程大学,,2,人工智能,（深度学习、机器人、智能金融方向）,,1,四年,4500.0
西藏,2025,本科一批,文科,543,武汉工程大学,,1,法学类,（含法学、法学（数字纪检方向）专业。）,,1,四年,4500.0
西藏,2025,本科一批,文科,543,武汉工程大学,,6,电子商务,（含大数据运营、跨境电商方向）,,1,四年,4500.0
西藏,2025,本科二批,文科,,武汉文理学院,,,学前教育,,,1,四年,20000.0
西藏,2025,本科二批,理科,,武汉文理学院,,,药学,,,2,四年,19000.0
西藏,2025,本科二批,理科,,武汉文理学院,,,口腔医学技术,,,2,四年,23000.0
西藏,2025,本科二批,理科,,武汉文理学院,,,学前教育,,,1,四年,20000.0
西藏,2025,本科二批,理科,,武汉文理学院,,,机械设计制造及其自动化,（智能制造）,,1,四年,18000.0
西藏,2025,本科二批,理科,,武汉文理学院,,,计算机科学与技术,,,1,四年,20900.0
西藏,2025,提前批艺体类本科,文科,,武汉晴川学院,,,产品设计,（民办）（认可区内美术与设计类专业统考成绩。）,,2,四年,25800.0
西藏,2025,提前批艺体类本科,文科,,武汉晴川学院,,,影视摄影与制作,（民办）（认可区内美术与设计类专业统考成绩。）,,1,四年,25800.0
西藏,2025,提前批艺体类本科,文科,,武汉晴川学院,,,环境设计,（民办）（认可区内美术与设计类专业统考成绩。）,,1,四年,25800.0
西藏,2025,提前批艺体类本科,文科,,武汉晴川学院,,,数字媒体艺术,（民办）（认可区内美术与设计类专业统考成绩。）,,1,四年,25800.0
西藏,2025,本科一批,理科,200,武汉理工大学,,4,材料类,（含材料成型及控制工程、材料科学与工程、无机非金属材料工程、高分子材料与工程、复合材料与工程、新能源材料与器件专业。）,,2,四年,4500.0
西藏,2025,本科一批,理科,200,武汉理工大学,,6,土木类,（含土木工程、建筑环境与能源应用工程、给排水科学与工程、工程管理专业。）,,2,四年,5850.0
西藏,2025,本科一批,理科,200,武汉理工大学,,7,化工与制药类,（含生物技术、应用化学、化学工程与工艺、制药工程专业。）,,2,四年,4500.0
西藏,2025,本科一批,理科,200,武汉理工大学,,10,工商管理类,（含人力资源管理、工商管理、会计学、创业管理专业。）,,2,四年,4500.0
西藏,2025,国家专项计划本科批,理科,200,武汉理工大学,,6,土木类,（含土木工程、建筑环境与能源应用工程、给排水科学与工程、工程管理专业。）,,3,四年,5850.0
西藏,2025,国家专项计划本科批,理科,200,武汉理工大学,,8,交通运输类,（含交通运输、交通工程、交通设备与控制工程专业。）,,2,四年,4500.0
西藏,2025,本科一批,文科,200,武汉理工大学,,2,法学类,（含法学、社会工作专业。）,,2,四年,4500.0
西藏,2025,本科一批,文科,200,武汉理工大学,,9,工商管理类,（含人力资源管理、工商管理、会计学、创业管理专业。）,,2,四年,4500.0
西藏,2025,本科一批,文科,200,武汉理工大学,,1,经济学类,（含经济学、金融学专业。）,,1,四年,4500.0
西藏,2025,提前批艺体类本科,理科,,武汉生物工程学院,,,音乐教育,（民办）（认可区内音乐教育专业统考成绩。）,,2,四年,23800.0
西藏,2025,提前批艺体类本科,文科,,武汉生物工程学院,,,音乐教育,（民办）（认可区内音乐教育专业统考成绩。）,,3,四年,23800.0
西藏,2025,本科一批,文科,544,武汉纺织大学,,3,工商管理,（办学地点：阳光校区。）,,3,四年,4500.0
西藏,2025,本科一批,文科,544,武汉纺织大学,,4,财务管理,（含智能财务方向）（办学地点：阳光校区。）,,3,四年,4500.0
西藏,2025,本科一批,文科,544,武汉纺织大学,,1,税收学,（办学地点：阳光校区。）,,2,四年,4500.0
西藏,2025,本科一批,文科,544,武汉纺织大学,,2,新闻传播学类,（含广告学、网络与新媒体专业。办学地点：南湖校区。）,,2,四年,4500.0
西藏,2025,专科批,文科,1072,武汉职业技术大学,,8,网络新闻与传播,（办学地点：武汉职业技术大学。）,,5,三年,5000.0
西藏,2025,专科批,文科,1072,武汉职业技术大学,,6,计算机网络技术,（办学地点：武汉职业技术大学。）,,3,三年,5000.0
西藏,2025,专科批,理科,1072,武汉职业技术大学,,3,机电一体化技术,（办学地点：武汉职业技术大学。）,,4,三年,5000.0
西藏,2025,专科批,理科,1072,武汉职业技术大学,,1,建筑工程技术,（办学地点：武汉职业技术大学。）,,3,三年,5000.0
西藏,2025,专科批,理科,1072,武汉职业技术大学,,4,电气自动化技术,（办学地点：武汉职业技术大学。）,,3,三年,5000.0
西藏,2025,专科批,理科,1072,武汉职业技术大学,,5,智能网联汽车技术,（办学地点：武汉职业技术大学。）,,3,三年,5000.0
西藏,2025,专科批,理科,1072,武汉职业技术大学,,2,工程造价,（办学地点：武汉职业技术大学。）,,2,三年,5000.0
西藏,2025,专科批,理科,1072,武汉职业技术大学,,7,计算机网络技术,（办学地点：武汉职业技术大学。）,,2,三年,5000.0
西藏,2025,专科批,理科,766,武汉警官职业学院,,17,刑事执行,（办学地点：武汉警官职业学院。）,,4,三年,5000.0
西藏,2025,专科批,理科,766,武汉警官职业学院,,21,司法警务,（办学地点：武汉警官职业学院。）,,4,三年,5000.0
西藏,2025,专科批,理科,766,武汉警官职业学院,,23,刑事侦查技术,（办学地点：武汉警官职业学院。）,,4,三年,5000.0
西藏,2025,专科批,理科,766,武汉警官职业学院,,5,计算机网络技术,（办学地点：武汉警官职业学院。）,,3,三年,5000.0
西藏,2025,专科批,理科,766,武汉警官职业学院,,13,心理咨询,（办学地点：武汉警官职业学院。）,,3,三年,5000.0
西藏,2025,专科批,理科,766,武汉警官职业学院,,19,行政执行,（办学地点：武汉警官职业学院。）,,3,三年,5000.0
西藏,2025,专科批,理科,766,武汉警官职业学院,,25,司法信息安全,（办学地点：武汉警官职业学院。）,,3,三年,5000.0
西藏,2025,专科批,理科,766,武汉警官职业学院,,2,消防救援技术,（办学地点：武汉警官职业学院。）,,1,三年,5000.0
西藏,2025,专科批,理科,766,武汉警官职业学院,,3,无人机应用技术,（办学地点：武汉警官职业学院。）,,1,三年,5000.0
西藏,2025,专科批,理科,766,武汉警官职业学院,,7,软件技术,（办学地点：武汉警官职业学院。）,,1,三年,5000.0
西藏,2025,专科批,文科,766,武汉警官职业学院,,20,司法警务,（办学地点：武汉警官职业学院。）,,3,三年,5000.0
西藏,2025,专科批,文科,766,武汉警官职业学院,,16,刑事执行,（办学地点：武汉警官职业学院。）,,2,三年,5000.0
西藏,2025,专科批,文科,766,武汉警官职业学院,,18,行政执行,（办学地点：武汉警官职业学院。）,,2,三年,5000.0
西藏,2025,专科批,文科,766,武汉警官职业学院,,22,刑事侦查技术,（办学地点：武汉警官职业学院。）,,2,三年,5000.0
西藏,2025,专科批,文科,766,武汉警官职业学院,,24,司法信息安全,（办学地点：武汉警官职业学院。）,,2,三年,5000.0
西藏,2025,专科批,文科,766,武汉警官职业学院,,1,消防救援技术,（办学地点：武汉警官职业学院。）,,1,三年,5000.0
西藏,2025,专科批,文科,766,武汉警官职业学院,,4,计算机网络技术,（办学地点：武汉警官职业学院。）,,1,三年,5000.0
西藏,2025,专科批,文科,766,武汉警官职业学院,,6,软件技术,（办学地点：武汉警官职业学院。）,,1,三年,5000.0
西藏,2025,专科批,文科,766,武汉警官职业学院,,8,大数据技术,（办学地点：武汉警官职业学院。）,,1,三年,5000.0
西藏,2025,专科批,文科,766,武汉警官职业学院,,10,信息安全技术应用,（办学地点：武汉警官职业学院。）,,1,三年,5000.0
西藏,2025,专科批,理科,766,武汉警官职业学院,,9,大数据技术,（办学地点：武汉警官职业学院。）,,1,三年,5000.0
西藏,2025,专科批,理科,766,武汉警官职业学院,,11,信息安全技术应用,（办学地点：武汉警官职业学院。）,,1,三年,5000.0
西藏,2025,专科批,理科,766,武汉警官职业学院,,15,法律事务,（办学地点：武汉警官职业学院。）,,1,三年,5000.0
西藏,2025,专科批,理科,766,武汉警官职业学院,,27,安全防范技术,（办学地点：武汉警官职业学院。）,,1,三年,5000.0
西藏,2025,专科批,文科,766,武汉警官职业学院,,12,心理咨询,（办学地点：武汉警官职业学院。）,,1,三年,5000.0
西藏,2025,专科批,文科,766,武汉警官职业学院,,14,法律事务,（办学地点：武汉警官职业学院。）,,1,三年,5000.0
西藏,2025,专科批,文科,766,武汉警官职业学院,,26,安全防范技术,（办学地点：武汉警官职业学院。）,,1,三年,5000.0
西藏,2025,本科二批,理科,545,武汉轻工大学,,1,食品科学与工程类,（含食品科学与工程（国家级一流本科专业、工程教育认证专业）、粮食工程、食品营养与健康、食品质量与安全专业。）,,4,四年,5200.0
西藏,2025,本科二批,文科,545,武汉轻工大学,,2,工商管理类,（含工商管理（大数据创新与管理方向）、会计学（国家级一流本科专业）专业。）,,4,四年,5200.0
西藏,2025,本科二批,文科,545,武汉轻工大学,,3,行政管理,,,4,四年,4000.0
西藏,2025,本科二批,文科,545,武汉轻工大学,,4,旅游管理,（国家级一流本科专业、数字文旅方向）,,3,四年,4000.0
西藏,2025,专科批,理科,1164,武汉铁路职业技术学院,,2,铁道工程技术,（不招色盲、色弱。）,,2,三年,5000.0
西藏,2025,专科批,理科,1164,武汉铁路职业技术学院,,7,城市轨道交通运营管理,（女生慎报，不招色盲、色弱。）,,2,三年,5000.0
西藏,2025,专科批,理科,1164,武汉铁路职业技术学院,,3,铁道机车运用与维护,（女生慎报，不招色盲、色弱，矫正视力4.8及以上，身高1.65米及以上。）,,1,三年,5000.0
西藏,2025,专科批,理科,1164,武汉铁路职业技术学院,,5,铁道交通运营管理,（女生慎报，不招色盲、色弱。）,,1,三年,5000.0
西藏,2025,专科批,文科,1164,武汉铁路职业技术学院,,1,铁道工程技术,（不招色盲、色弱。）,,1,三年,5000.0
西藏,2025,专科批,文科,1164,武汉铁路职业技术学院,,4,铁道机车运用与维护,（女生慎报，不招色盲、色弱，矫正视力4.8及以上，身高1.65米及以上。）,,1,三年,5000.0
西藏,2025,专科批,文科,1164,武汉铁路职业技术学院,,6,铁道交通运营管理,（女生慎报，不招色盲、色弱。）,,1,三年,5000.0
西藏,2025,专科批,文科,1164,武汉铁路职业技术学院,,8,城市轨道交通运营管理,（女生慎报，不招色盲、色弱。）,,1,三年,5000.0
西藏,2025,本科提前批,文科,1237,武警工程大学,,1,法学,（男）,,1,四年,
西藏,2025,本科提前批,文科,1237,武警工程大学,,1,法学,（女）,,1,四年,
西藏,2025,本科提前批,理科,1237,武警工程大学,,4,通信工程,（男）,,2,四年,
西藏,2025,本科提前批,理科,1237,武警工程大学,,3,法学,（男）,,1,四年,
西藏,2025,本科提前批,理科,1237,武警工程大学,,5,侦察情报,（男）,,1,四年,
西藏,2025,本科提前批,理科,1237,武警工程大学,,6,作战环境工程,（男）,,1,四年,
西藏,2025,本科提前批,理科,1237,武警工程大学,,7,装备保障,（男）,,1,四年,
西藏,2025,本科提前批,理科,1237,武警工程大学,,8,管理科学,（男）,,1,四年,
西藏,2025,提前录取军校批,理科,1238,武警警官学院,,2,作战指挥,（武警特种作战初级指挥警官）（须政审、面试、军检。招男生。特种作战岗位合格。招英语语种。）,,3,四年,
西藏,2025,提前录取军校批,理科,1238,武警警官学院,,4,无人系统指挥与控制,（机动分队初级指挥警官）（须政审、面试、军检。招男生。通用标准合格。招英语语种。）,,2,四年,
西藏,2025,提前录取军校批,理科,1238,武警警官学院,,1,法学,（机动分队初级指挥警官）（须政审、面试、军检。招男生。通用标准合格。招英语语种。）,,1,四年,
西藏,2025,提前录取军校批,理科,1238,武警警官学院,,3,作战指挥,（机动分队初级指挥警官）（须政审、面试、军检。招男生。通用标准合格。招英语语种。）,,1,四年,
西藏,2025,提前录取军校批,理科,1238,武警警官学院,,5,管理科学,（机动分队初级指挥警官）（须政审、面试、军检。招男生。通用标准合格。招英语语种。）,,1,四年,
西藏,2025,专科批,理科,419,永州职业技术学院,,1,现代农业技术,（办学地点：农学部。免补专业。）,,25,三年,3000.0
西藏,2025,专科批,理科,419,永州职业技术学院,,7,畜牧兽医,（办学地点：农学部。免补专业。）,,25,三年,3300.0
西藏,2025,专科批,理科,419,永州职业技术学院,,3,中草药栽培与加工技术,（办学地点：农学部。免补专业。）,,10,三年,3000.0
西藏,2025,专科批,理科,419,永州职业技术学院,,5,园林技术,（办学地点：农学部。免补专业。）,,10,三年,3000.0
西藏,2025,专科批,文科,419,永州职业技术学院,,4,中草药栽培与加工技术,（办学地点：农学部。免补专业。）,,10,三年,3000.0
西藏,2025,专科批,文科,419,永州职业技术学院,,6,园林技术,（办学地点：农学部。免补专业。）,,10,三年,3000.0
西藏,2025,专科批,文科,419,永州职业技术学院,,2,现代农业技术,（办学地点：农学部。免补专业。）,,5,三年,3000.0
西藏,2025,专科批,文科,419,永州职业技术学院,,8,畜牧兽医,（办学地点：农学部。免补专业。）,,5,三年,3300.0
西藏,2025,提前批艺体类本科,文科,,汉口学院,,,音乐学,（民办）（认可区内音乐教育专业统考成绩。）,,5,四年,26800.0
西藏,2025,本科二批,理科,691,汉江师范学院,,12,物流管理,,,4,四年,4000.0
西藏,2025,本科二批,理科,691,汉江师范学院,,13,电子商务,,,4,四年,4000.0
西藏,2025,本科二批,理科,691,汉江师范学院,,2,科学教育,（师范类。）,,3,四年,4000.0
西藏,2025,本科二批,理科,691,汉江师范学院,,9,生物科学,（师范类。）,,3,四年,4000.0
西藏,2025,本科二批,理科,691,汉江师范学院,,10,心理学,（师范类。）,,3,四年,4000.0
西藏,2025,提前批艺体类本科,理科,691,汉江师范学院,,,体育教育,（认可区内体育统考成绩。师范类。）,,3,四年,4000.0
西藏,2025,提前批艺体类本科,理科,691,汉江师范学院,,,社会体育指导与管理,（认可区内体育统考成绩。）,,3,四年,4000.0
西藏,2025,提前批艺体类本科,理科,691,汉江师范学院,,,舞蹈教育,（舞蹈）（师范类。认可区内舞蹈类专业统考成绩。）,,2,四年,10350.0
西藏,2025,本科二批,文科,691,汉江师范学院,,3,艺术教育,（师范类。）,,4,四年,4000.0
西藏,2025,本科二批,文科,691,汉江师范学院,,8,地理科学,（师范类。）,,4,四年,4000.0
西藏,2025,本科二批,文科,691,汉江师范学院,,14,旅游管理,,,4,四年,5200.0
西藏,2025,本科二批,文科,691,汉江师范学院,,1,思想政治教育,（师范类。）,,3,四年,4000.0
西藏,2025,本科二批,文科,691,汉江师范学院,,4,小学教育,（师范类。）,,2,四年,4000.0
西藏,2025,本科二批,文科,691,汉江师范学院,,7,历史学,（师范类。）,,2,四年,4000.0
西藏,2025,本科二批,文科,691,汉江师范学院,,11,行政管理,,,2,四年,4000.0
西藏,2025,提前批艺体类本科,文科,691,汉江师范学院,,,舞蹈教育,（舞蹈）（师范类。认可区内舞蹈类专业统考成绩。）,,3,四年,10350.0
西藏,2025,专科批,理科,508,汕头职业技术学院,,1,环境监测技术,（办学地点：金园校区。免补专业。）,,5,三年,6410.0
西藏,2025,专科批,理科,508,汕头职业技术学院,,2,建筑工程技术,（办学地点：金园校区。）,,2,三年,6410.0
西藏,2025,专科批,文科,508,汕头职业技术学院,,3,应用英语,（办学地点：金园校区。）,,5,三年,5250.0
西藏,2025,专科批,文科,508,汕头职业技术学院,,4,社区管理与服务,（办学地点：金园校区。）,,3,三年,5250.0
西藏,2025,本科一批,理科,139,江南大学,,1,小学教育,（办学地点：蠡湖校区。师范类。）,,4,四年,5200.0
西藏,2025,国家专项计划本科批,理科,139,江南大学,,1,小学教育,（办学地点：蠡湖校区。师范类。）,,3,四年,5200.0
西藏,2025,本科一批,文科,139,江南大学,,3,汉语言文学,（办学地点：蠡湖校区。）,,4,四年,5200.0
西藏,2025,本科一批,文科,139,江南大学,,,少数民族预科,（民族预科班）（工商管理。预科培养地点：江南大学。）,,4,一年,5200.0
西藏,2025,提前批艺体类本科,文科,139,江南大学,,,数字媒体艺术,（办学地点：江阴校区。认可区内美术与设计类专业统考成绩。）,,1,四年,6800.0
西藏,2025,本科一批,文科,609,江汉大学,,3,汉语言文学,,,6,四年,4000.0
西藏,2025,本科一批,文科,609,江汉大学,,1,教育学,,,4,四年,4000.0
西藏,2025,专科批,文科,1128,江苏信息职业技术学院,,4,大数据与财务管理,,,2,三年,4700.0
西藏,2025,专科批,文科,1128,江苏信息职业技术学院,,5,电子商务,,,2,三年,4700.0
西藏,2025,专科批,理科,1128,江苏信息职业技术学院,,1,机电一体化技术,,,2,三年,5300.0
西藏,2025,专科批,理科,1128,江苏信息职业技术学院,,2,电气自动化技术,,,2,三年,5300.0
西藏,2025,专科批,理科,1128,江苏信息职业技术学院,,3,电子信息工程技术,,,2,三年,5300.0
西藏,2025,专科批,理科,527,江苏农林职业技术学院,,12,计算机应用技术,,,7,三年,5300.0
西藏,2025,专科批,理科,527,江苏农林职业技术学院,,1,现代农业装备应用技术,（免补专业。）,,5,三年,5300.0
西藏,2025,专科批,理科,527,江苏农林职业技术学院,,4,园林技术,（免补专业。）,,5,三年,2200.0
西藏,2025,专科批,理科,527,江苏农林职业技术学院,,6,畜牧兽医,（免补专业。）,,5,三年,2200.0
西藏,2025,专科批,理科,527,江苏农林职业技术学院,,10,食品检验检测技术,,,5,三年,5300.0
西藏,2025,专科批,理科,527,江苏农林职业技术学院,,7,环境监测技术,（免补专业。）,,4,三年,5300.0
西藏,2025,专科批,理科,527,江苏农林职业技术学院,,14,旅游管理,,,4,三年,4700.0
西藏,2025,专科批,文科,527,江苏农林职业技术学院,,3,园林技术,（免补专业。）,,7,三年,2200.0
西藏,2025,专科批,文科,527,江苏农林职业技术学院,,2,现代农业装备应用技术,（免补专业。）,,6,三年,5300.0
西藏,2025,专科批,文科,527,江苏农林职业技术学院,,5,畜牧兽医,（免补专业。）,,6,三年,2200.0
西藏,2025,专科批,文科,527,江苏农林职业技术学院,,8,环境监测技术,（免补专业。）,,6,三年,5300.0
西藏,2025,专科批,文科,527,江苏农林职业技术学院,,9,食品检验检测技术,,,6,三年,5300.0
西藏,2025,专科批,文科,527,江苏农林职业技术学院,,13,旅游管理,,,5,三年,4700.0
西藏,2025,专科批,文科,527,江苏农林职业技术学院,,11,计算机应用技术,,,4,三年,5300.0
西藏,2025,专科批,理科,485,江苏农牧科技职业学院,,2,动物医学,（办学地点：凤凰校区。免补专业。）,,12,三年,6200.0
西藏,2025,专科批,理科,485,江苏农牧科技职业学院,,4,畜牧兽医,（办学地点：凤凰校区。免补专业。）,,8,三年,2200.0
西藏,2025,专科批,理科,485,江苏农牧科技职业学院,,6,畜禽智能化养殖,（办学地点：凤凰校区。免补专业。）,,5,三年,2200.0
西藏,2025,专科批,文科,485,江苏农牧科技职业学院,,1,动物医学,（办学地点：凤凰校区。免补专业。）,,11,三年,6200.0
西藏,2025,专科批,文科,485,江苏农牧科技职业学院,,3,畜牧兽医,（办学地点：凤凰校区。免补专业。）,,9,三年,2200.0
西藏,2025,专科批,文科,485,江苏农牧科技职业学院,,5,畜禽智能化养殖,（办学地点：凤凰校区。免补专业。）,,5,三年,2200.0
西藏,2025,专科批,理科,458,江苏医药职业学院,,3,康复治疗技术,（不招色盲、色弱。）,,4,三年,6200.0
西藏,2025,专科批,理科,458,江苏医药职业学院,,1,护理,（不招色盲、色弱。）,,3,三年,6200.0
西藏,2025,专科批,理科,458,江苏医药职业学院,,2,中药学,（不招色盲、色弱。）,,3,三年,6200.0
西藏,2025,专科批,文科,671,江苏商贸职业学院,,11,动漫制作技术,,,2,三年,5300.0
西藏,2025,专科批,文科,671,江苏商贸职业学院,,13,金融服务与管理,,,2,三年,4700.0
西藏,2025,专科批,文科,671,江苏商贸职业学院,,19,大数据与会计,,,2,三年,4700.0
西藏,2025,专科批,文科,671,江苏商贸职业学院,,1,农产品流通与管理,（免补专业。）,,1,三年,4700.0
西藏,2025,专科批,文科,671,江苏商贸职业学院,,15,财富管理,,,1,三年,4700.0
西藏,2025,专科批,文科,671,江苏商贸职业学院,,17,大数据与财务管理,,,1,三年,4700.0
西藏,2025,专科批,文科,671,江苏商贸职业学院,,21,国际经济与贸易,,,1,三年,4700.0
西藏,2025,专科批,文科,671,江苏商贸职业学院,,23,关务与外贸服务,,,1,三年,5300.0
西藏,2025,专科批,文科,671,江苏商贸职业学院,,25,市场营销,,,1,三年,4700.0
西藏,2025,专科批,文科,671,江苏商贸职业学院,,26,电子商务,,,1,三年,4700.0
西藏,2025,专科批,理科,671,江苏商贸职业学院,,3,建筑室内设计,,,6,三年,5300.0
西藏,2025,专科批,理科,671,江苏商贸职业学院,,12,动漫制作技术,,,6,三年,5300.0
西藏,2025,专科批,理科,671,江苏商贸职业学院,,18,大数据与财务管理,,,6,三年,4700.0
西藏,2025,专科批,理科,671,江苏商贸职业学院,,32,现代物流管理,,,6,三年,4700.0
西藏,2025,专科批,理科,671,江苏商贸职业学院,,7,软件技术,,,5,三年,5300.0
西藏,2025,专科批,理科,671,江苏商贸职业学院,,8,大数据技术,,,5,三年,5300.0
西藏,2025,专科批,理科,671,江苏商贸职业学院,,20,大数据与会计,,,5,三年,4700.0
西藏,2025,专科批,理科,671,江苏商贸职业学院,,16,财富管理,,,4,三年,4700.0
西藏,2025,专科批,理科,671,江苏商贸职业学院,,22,国际经济与贸易,,,4,三年,4700.0
西藏,2025,专科批,理科,671,江苏商贸职业学院,,40,旅游管理,,,4,三年,4700.0
西藏,2025,专科批,文科,671,江苏商贸职业学院,,28,跨境电子商务,,,1,三年,4700.0
西藏,2025,专科批,文科,671,江苏商贸职业学院,,29,网络营销与直播电商,,,1,三年,4700.0
西藏,2025,专科批,文科,671,江苏商贸职业学院,,31,现代物流管理,,,1,三年,4700.0
西藏,2025,专科批,文科,671,江苏商贸职业学院,,33,冷链物流技术与管理,,,1,三年,5300.0
西藏,2025,专科批,文科,671,江苏商贸职业学院,,35,智能物流技术,,,1,三年,5300.0
西藏,2025,专科批,文科,671,江苏商贸职业学院,,37,供应链运营,,,1,三年,4700.0
西藏,2025,专科批,文科,671,江苏商贸职业学院,,39,旅游管理,,,1,三年,4700.0
西藏,2025,专科批,理科,671,江苏商贸职业学院,,4,电气自动化技术,,,3,三年,5300.0
西藏,2025,专科批,理科,671,江苏商贸职业学院,,14,金融服务与管理,,,3,三年,4700.0
西藏,2025,专科批,理科,671,江苏商贸职业学院,,24,关务与外贸服务,,,3,三年,5300.0
西藏,2025,专科批,理科,671,江苏商贸职业学院,,34,冷链物流技术与管理,,,3,三年,5300.0
西藏,2025,专科批,理科,671,江苏商贸职业学院,,36,智能物流技术,,,3,三年,5300.0
西藏,2025,专科批,理科,671,江苏商贸职业学院,,5,无人机应用技术,,,2,三年,5300.0
西藏,2025,专科批,理科,671,江苏商贸职业学院,,6,计算机网络技术,,,2,三年,5300.0
西藏,2025,专科批,理科,671,江苏商贸职业学院,,9,信息安全技术应用,,,2,三年,5300.0
西藏,2025,专科批,理科,671,江苏商贸职业学院,,10,人工智能技术应用,,,2,三年,5300.0
西藏,2025,专科批,理科,671,江苏商贸职业学院,,27,电子商务,,,2,三年,4700.0
西藏,2025,专科批,理科,671,江苏商贸职业学院,,30,网络营销与直播电商,,,2,三年,4700.0
西藏,2025,专科批,理科,671,江苏商贸职业学院,,2,农产品流通与管理,（免补专业。）,,1,三年,4700.0
西藏,2025,专科批,理科,671,江苏商贸职业学院,,38,供应链运营,,,1,三年,4700.0
西藏,2025,专科批,理科,680,江苏城乡建设职业学院,,2,建筑装饰工程技术,,,7,三年,5300.0
西藏,2025,专科批,理科,680,江苏城乡建设职业学院,,4,建筑室内设计,,,7,三年,5300.0
西藏,2025,专科批,理科,680,江苏城乡建设职业学院,,5,建筑工程技术,,,7,三年,5300.0
西藏,2025,专科批,理科,680,江苏城乡建设职业学院,,6,智能建造技术,,,7,三年,5300.0
西藏,2025,专科批,理科,680,江苏城乡建设职业学院,,8,建筑电气工程技术,,,7,三年,5300.0
西藏,2025,专科批,理科,680,江苏城乡建设职业学院,,11,工程造价,,,7,三年,4700.0
西藏,2025,专科批,理科,680,江苏城乡建设职业学院,,12,建设工程管理,,,7,三年,4700.0
西藏,2025,专科批,理科,680,江苏城乡建设职业学院,,13,给排水工程技术,,,7,三年,5300.0
西藏,2025,专科批,理科,680,江苏城乡建设职业学院,,16,道路与桥梁工程技术,,,7,三年,5300.0
西藏,2025,专科批,理科,680,江苏城乡建设职业学院,,17,大数据与会计,,,7,三年,4700.0
西藏,2025,专科批,文科,680,江苏城乡建设职业学院,,14,城市燃气工程技术,,,8,三年,5300.0
西藏,2025,专科批,文科,680,江苏城乡建设职业学院,,1,无人机测绘技术,,,7,三年,5300.0
西藏,2025,专科批,文科,680,江苏城乡建设职业学院,,3,古建筑工程技术,,,7,三年,5300.0
西藏,2025,专科批,文科,680,江苏城乡建设职业学院,,7,建筑设备工程技术,,,7,三年,5300.0
西藏,2025,专科批,文科,680,江苏城乡建设职业学院,,9,建筑智能化工程技术,,,7,三年,5300.0
西藏,2025,专科批,文科,680,江苏城乡建设职业学院,,10,工程造价,,,7,三年,4700.0
西藏,2025,专科批,文科,680,江苏城乡建设职业学院,,15,道路与桥梁工程技术,,,7,三年,5300.0
西藏,2025,专科批,理科,143,江苏城市职业学院,,2,园林技术,（办学地点：应天校区。免补专业。）,,1,三年,2200.0
西藏,2025,专科批,理科,143,江苏城市职业学院,,3,环境监测技术,（办学地点：应天校区。免补专业。）,,1,三年,5300.0
西藏,2025,专科批,理科,143,江苏城市职业学院,,5,环境工程技术,（办学地点：应天校区。免补专业。）,,1,三年,5300.0
西藏,2025,专科批,理科,143,江苏城市职业学院,,8,建筑室内设计,（办学地点：应天校区。）,,1,三年,5300.0
西藏,2025,专科批,理科,143,江苏城市职业学院,,10,建筑智能化工程技术,（办学地点：应天校区。）,,1,三年,5300.0
西藏,2025,专科批,理科,143,江苏城市职业学院,,11,工业机器人技术,（办学地点：应天校区。）,,1,三年,5300.0
西藏,2025,专科批,理科,143,江苏城市职业学院,,13,城市轨道交通工程技术,（办学地点：应天校区。）,,1,三年,5300.0
西藏,2025,专科批,理科,143,江苏城市职业学院,,14,电子信息工程技术,（办学地点：应天校区。）,,1,三年,5300.0
西藏,2025,专科批,理科,143,江苏城市职业学院,,15,物联网应用技术,（办学地点：应天校区。）,,1,三年,5300.0
西藏,2025,专科批,理科,143,江苏城市职业学院,,16,计算机网络技术,（办学地点：应天校区。）,,1,三年,5300.0
西藏,2025,专科批,文科,143,江苏城市职业学院,,1,园林技术,（办学地点：应天校区。免补专业。）,,2,三年,2200.0
西藏,2025,专科批,文科,143,江苏城市职业学院,,4,环境工程技术,（办学地点：应天校区。免补专业。）,,2,三年,5300.0
西藏,2025,专科批,文科,143,江苏城市职业学院,,19,连锁经营与管理,（办学地点：定淮门东校区。）,,2,三年,4700.0
西藏,2025,专科批,文科,143,江苏城市职业学院,,20,电子商务,（办学地点：定淮门东校区。）,,2,三年,4700.0
西藏,2025,专科批,文科,143,江苏城市职业学院,,21,跨境电子商务,（办学地点：定淮门东校区。）,,2,三年,4700.0
西藏,2025,专科批,文科,143,江苏城市职业学院,,6,环境管理与评价,（办学地点：应天校区。免补专业。）,,1,三年,4700.0
西藏,2025,专科批,文科,143,江苏城市职业学院,,7,建筑室内设计,（办学地点：应天校区。）,,1,三年,5300.0
西藏,2025,专科批,文科,143,江苏城市职业学院,,9,建筑智能化工程技术,（办学地点：应天校区。）,,1,三年,5300.0
西藏,2025,专科批,文科,143,江苏城市职业学院,,12,城市轨道交通工程技术,（办学地点：应天校区。）,,1,三年,5300.0
西藏,2025,专科批,文科,143,江苏城市职业学院,,18,大数据与会计,（办学地点：定淮门东校区。）,,1,三年,4700.0
西藏,2025,专科批,文科,143,江苏城市职业学院,,23,现代物流管理,（办学地点：定淮门东校区。）,,1,三年,4700.0
西藏,2025,专科批,文科,143,江苏城市职业学院,,24,采购与供应管理,（办学地点：定淮门东校区。）,,1,三年,4700.0
西藏,2025,专科批,文科,143,江苏城市职业学院,,25,融媒体技术与运营,（办学地点：定淮门东校区。）,,1,三年,4700.0
西藏,2025,专科批,理科,143,江苏城市职业学院,,17,软件技术,（办学地点：应天校区。）,,1,三年,5300.0
西藏,2025,专科批,理科,143,江苏城市职业学院,,22,跨境电子商务,（办学地点：定淮门东校区。）,,1,三年,4700.0
西藏,2025,国家专项计划本科批,理科,141,江苏大学,,10,食品科学与工程类,（含食品科学与工程、食品质量与安全、食品营养与健康专业。）,,3,四年,6380.0
西藏,2025,国家专项计划本科批,理科,141,江苏大学,,11,安全工程,,,3,四年,6380.0
西藏,2025,国家专项计划本科批,理科,141,江苏大学,,2,生物科学,,,2,四年,5500.0
西藏,2025,国家专项计划本科批,理科,141,江苏大学,,3,材料成型及控制工程,,,2,四年,6380.0
西藏,2025,国家专项计划本科批,理科,141,江苏大学,,4,材料类,（含材料科学与工程、冶金工程专业。）,,2,四年,5800.0
西藏,2025,国家专项计划本科批,理科,141,江苏大学,,5,能源与动力工程,,,2,四年,6380.0
西藏,2025,国家专项计划本科批,理科,141,江苏大学,,8,化学工程与工艺,,,2,四年,6380.0
西藏,2025,本科一批,理科,141,江苏大学,,17,医学检验技术,,,4,四年,7480.0
西藏,2025,本科一批,理科,141,江苏大学,,13,临床医学,,,3,五年,7480.0
西藏,2025,本科一批,理科,141,江苏大学,,14,医学影像学,,,3,五年,7480.0
西藏,2025,本科一批,理科,141,江苏大学,,15,预防医学,,,3,五年,6800.0
西藏,2025,本科一批,理科,141,江苏大学,,16,药学类,（含药学、药物制剂专业。）,,3,四年,6800.0
西藏,2025,本科一批,理科,141,江苏大学,,6,通信工程,,,2,四年,6380.0
西藏,2025,本科一批,理科,141,江苏大学,,7,计算机科学与技术,,,2,四年,6380.0
西藏,2025,本科一批,理科,141,江苏大学,,9,交通运输,,,2,四年,5800.0
西藏,2025,本科一批,理科,141,江苏大学,,11,安全工程,,,2,四年,6380.0
西藏,2025,本科一批,文科,141,江苏大学,,1,法学,,,2,四年,5200.0
西藏,2025,本科一批,文科,141,江苏大学,,19,人力资源管理,,,2,四年,5720.0
西藏,2025,本科一批,文科,141,江苏大学,,20,公共事业管理,,,2,四年,5200.0
西藏,2025,本科一批,文科,141,江苏大学,,18,会计学,,,1,四年,5200.0
西藏,2025,提前批艺体类专科,理科,315,江苏工程职业技术学院,,,服装与服饰设计,（办学地点：江苏工程职业技术学院。认可区内美术与设计类专业统考成绩。）,,2,三年,6800.0
西藏,2025,专科批,理科,315,江苏工程职业技术学院,,16,计算机应用技术,（办学地点：江苏工程职业技术学院。）,,6,三年,5300.0
西藏,2025,专科批,理科,315,江苏工程职业技术学院,,4,机电一体化技术,（办学地点：江苏工程职业技术学院。）,,3,三年,5300.0
西藏,2025,专科批,理科,315,江苏工程职业技术学院,,5,电气自动化技术,（办学地点：江苏工程职业技术学院。）,,3,三年,5300.0
西藏,2025,专科批,理科,315,江苏工程职业技术学院,,11,空中乘务,（办学地点：江苏工程职业技术学院。）,,3,三年,5300.0
西藏,2025,专科批,理科,315,江苏工程职业技术学院,,13,民航安全技术管理,（办学地点：江苏工程职业技术学院。）,,3,三年,5300.0
西藏,2025,专科批,理科,315,江苏工程职业技术学院,,2,建筑工程技术,（办学地点：江苏工程职业技术学院。）,,1,三年,5300.0
西藏,2025,专科批,理科,315,江苏工程职业技术学院,,7,化妆品技术,（办学地点：江苏工程职业技术学院。）,,1,三年,5300.0
西藏,2025,专科批,理科,315,江苏工程职业技术学院,,8,服装设计与工艺,（办学地点：江苏工程职业技术学院。）,,1,三年,5300.0
西藏,2025,专科批,理科,315,江苏工程职业技术学院,,9,纺织品检验与贸易,（办学地点：江苏工程职业技术学院。）,,1,三年,5300.0
西藏,2025,专科批,理科,315,江苏工程职业技术学院,,10,生物制药技术,（办学地点：江苏工程职业技术学院。）,,1,三年,5300.0
西藏,2025,专科批,文科,315,江苏工程职业技术学院,,15,计算机应用技术,（办学地点：江苏工程职业技术学院。）,,6,三年,5300.0
西藏,2025,专科批,文科,315,江苏工程职业技术学院,,18,工商企业管理,（办学地点：江苏工程职业技术学院。）,,3,三年,4700.0
西藏,2025,专科批,文科,315,江苏工程职业技术学院,,3,机电一体化技术,（办学地点：江苏工程职业技术学院。）,,2,三年,5300.0
西藏,2025,专科批,文科,315,江苏工程职业技术学院,,6,电气自动化技术,（办学地点：江苏工程职业技术学院。）,,2,三年,5300.0
西藏,2025,专科批,文科,315,江苏工程职业技术学院,,12,空中乘务,（办学地点：江苏工程职业技术学院。）,,2,三年,5300.0
西藏,2025,专科批,文科,315,江苏工程职业技术学院,,14,民航安全技术管理,（办学地点：江苏工程职业技术学院。）,,2,三年,5300.0
西藏,2025,专科批,文科,315,江苏工程职业技术学院,,17,数字媒体技术,（办学地点：江苏工程职业技术学院。）,,2,三年,5300.0
西藏,2025,专科批,文科,315,江苏工程职业技术学院,,22,智慧健康养老服务与管理,（办学地点：江苏工程职业技术学院。）,,2,三年,4700.0
西藏,2025,专科批,文科,315,江苏工程职业技术学院,,1,建筑工程技术,（办学地点：江苏工程职业技术学院。）,,1,三年,5300.0
西藏,2025,提前批艺体类专科,文科,315,江苏工程职业技术学院,,,产品艺术设计,（办学地点：江苏工程职业技术学院。认可区内美术与设计类专业统考成绩。）,,2,三年,6800.0
西藏,2025,提前批艺体类专科,文科,315,江苏工程职业技术学院,,,视觉传达设计,（办学地点：江苏工程职业技术学院。认可区内美术与设计类专业统考成绩。）,,1,三年,6800.0
西藏,2025,本科二批,理科,,江苏师范大学科文学院,,,机械设计制造及其自动化,,,1,四年,20000.0
西藏,2025,本科二批,理科,,江苏师范大学科文学院,,,电气工程及其自动化,,,1,四年,20000.0
西藏,2025,本科二批,理科,,江苏师范大学科文学院,,,计算机科学与技术,,,1,四年,20000.0
西藏,2025,本科二批,理科,,江苏师范大学科文学院,,,软件工程,,,1,四年,22000.0
西藏,2025,本科二批,文科,,江苏师范大学科文学院,,,汉语言文学,,,2,四年,18000.0
西藏,2025,本科二批,文科,,江苏师范大学科文学院,,,广告学,,,1,四年,18000.0
西藏,2025,本科二批,文科,,江苏师范大学科文学院,,,网络与新媒体,,,1,四年,18000.0
西藏,2025,提前批艺体类本科,文科,,江苏师范大学科文学院,,,播音与主持艺术,（独立学院）（播音）（认可区内播音与主持类专业统考成绩。）,,6,四年,22000.0
西藏,2025,提前批艺体类本科,文科,,江苏师范大学科文学院,,,视觉传达设计,（独立学院）（美术）（认可区内美术与设计类专业统考成绩。）,,4,四年,22000.0
西藏,2025,提前批艺体类本科,文科,,江苏师范大学科文学院,,,影视摄影与制作,（独立学院）（美术）（认可区内美术与设计类专业统考成绩。）,,2,四年,24200.0
西藏,2025,专科批,理科,303,江苏建筑职业技术学院,,1,建筑工程技术,（办学地点：泉山校区。）,,4,三年,5300.0
西藏,2025,专科批,理科,303,江苏建筑职业技术学院,,2,供热通风与空调工程技术,（办学地点：泉山校区。）,,4,三年,5300.0
西藏,2025,专科批,理科,303,江苏建筑职业技术学院,,3,道路与桥梁工程技术,（办学地点：泉山校区。）,,4,三年,5300.0
西藏,2025,专科批,文科,303,江苏建筑职业技术学院,,4,市场营销,（办学地点：泉山校区。）,,4,三年,4700.0
西藏,2025,专科批,文科,303,江苏建筑职业技术学院,,5,电子商务,（办学地点：泉山校区。）,,4,三年,4700.0
西藏,2025,专科批,理科,679,江苏护理职业学院,,2,药学,（办学地点：科技路校区。）,,2,三年,6200.0
西藏,2025,专科批,理科,679,江苏护理职业学院,,6,医学检验技术,（办学地点：科技路校区。）,,2,三年,6200.0
西藏,2025,专科批,理科,679,江苏护理职业学院,,8,康复治疗技术,（办学地点：科技路校区。）,,2,三年,6200.0
西藏,2025,专科批,理科,679,江苏护理职业学院,,3,中药学,（办学地点：科技路校区。）,,1,三年,6200.0
西藏,2025,专科批,文科,679,江苏护理职业学院,,7,康复治疗技术,（办学地点：科技路校区。）,,3,三年,6200.0
西藏,2025,专科批,文科,679,江苏护理职业学院,,1,药学,（办学地点：科技路校区。）,,2,三年,6200.0
西藏,2025,专科批,文科,679,江苏护理职业学院,,5,医学检验技术,（办学地点：科技路校区。）,,2,三年,6200.0
西藏,2025,专科批,文科,679,江苏护理职业学院,,4,中药学,（办学地点：科技路校区。）,,1,三年,6200.0
西藏,2025,专科批,理科,683,江苏旅游职业学院,,1,计算机网络技术,（减免一年学费。办学地点：江苏旅游职业学院。）,,2,三年,5300.0
西藏,2025,专科批,理科,683,江苏旅游职业学院,,2,大数据与会计,（减免一年学费。办学地点：江苏旅游职业学院。）,,2,三年,4700.0
西藏,2025,专科批,理科,683,江苏旅游职业学院,,4,电子商务,（减免一年学费。办学地点：江苏旅游职业学院。）,,2,三年,4700.0
西藏,2025,专科批,文科,683,江苏旅游职业学院,,3,大数据与会计,（减免一年学费。办学地点：江苏旅游职业学院。）,,2,三年,4700.0
西藏,2025,专科批,文科,683,江苏旅游职业学院,,5,电子商务,（减免一年学费。办学地点：江苏旅游职业学院。）,,2,三年,4700.0
西藏,2025,专科批,理科,456,江苏海事职业技术学院,,3,物联网应用技术,（办学地点：主校区。）,,2,三年,5300.0
西藏,2025,专科批,理科,456,江苏海事职业技术学院,,2,国际邮轮乘务管理,（办学地点：主校区。）,,1,三年,5300.0
西藏,2025,专科批,理科,456,江苏海事职业技术学院,,4,现代物流管理,（办学地点：主校区。）,,1,三年,4700.0
西藏,2025,专科批,理科,456,江苏海事职业技术学院,,6,旅游管理,（办学地点：主校区。）,,1,三年,4700.0
西藏,2025,专科批,文科,456,江苏海事职业技术学院,,1,国际邮轮乘务管理,（办学地点：主校区。）,,2,三年,5300.0
西藏,2025,专科批,文科,456,江苏海事职业技术学院,,7,旅游管理,（办学地点：主校区。）,,2,三年,4700.0
西藏,2025,专科批,文科,456,江苏海事职业技术学院,,5,现代物流管理,（办学地点：主校区。）,,1,三年,4700.0
西藏,2025,专科批,理科,709,江苏电子信息职业学院,,6,物联网应用技术,（办学地点：江苏电子信息职业学院。）,,8,三年,5300.0
西藏,2025,专科批,理科,709,江苏电子信息职业学院,,2,机械制造及自动化,（办学地点：江苏电子信息职业学院。）,,5,三年,5300.0
西藏,2025,专科批,理科,709,江苏电子信息职业学院,,10,集成电路技术,（办学地点：江苏电子信息职业学院。）,,5,三年,5300.0
西藏,2025,专科批,理科,709,江苏电子信息职业学院,,4,工业互联网应用,（办学地点：江苏电子信息职业学院。）,,4,三年,5300.0
西藏,2025,专科批,理科,709,江苏电子信息职业学院,,1,数字化设计与制造技术,（办学地点：江苏电子信息职业学院。）,,3,三年,5300.0
西藏,2025,专科批,理科,709,江苏电子信息职业学院,,8,大数据技术,（办学地点：江苏电子信息职业学院。）,,2,三年,5300.0
西藏,2025,专科批,文科,709,江苏电子信息职业学院,,12,连锁经营与管理,（办学地点：江苏电子信息职业学院。）,,5,三年,4700.0
西藏,2025,专科批,文科,709,江苏电子信息职业学院,,13,现代物流管理,（办学地点：江苏电子信息职业学院。）,,5,三年,4700.0
西藏,2025,专科批,文科,709,江苏电子信息职业学院,,11,大数据与财务管理,（办学地点：江苏电子信息职业学院。）,,3,三年,4700.0
西藏,2025,本科一批,理科,136,江苏科技大学,,4,高分子材料与工程,,,4,四年,
西藏,2025,本科一批,理科,136,江苏科技大学,,3,金属材料工程,,,4,四年,
西藏,2025,本科一批,理科,136,江苏科技大学,,5,焊接技术与工程,,,4,四年,
西藏,2025,本科一批,理科,136,江苏科技大学,,8,环境工程,,,3,四年,
西藏,2025,本科一批,理科,136,江苏科技大学,,11,生物工程,,,3,四年,
西藏,2025,本科一批,理科,136,江苏科技大学,,7,信息安全,,,3,四年,
西藏,2025,本科一批,理科,136,江苏科技大学,,6,计算机科学与技术,,,3,四年,
西藏,2025,本科一批,理科,136,江苏科技大学,,1,金融工程,,,3,四年,
西藏,2025,本科一批,理科,136,江苏科技大学,,9,食品科学与工程类,,,1,四年,
西藏,2025,本科一批,理科,136,江苏科技大学,,10,粮食工程,,,1,四年,
西藏,2025,本科一批,文科,136,江苏科技大学,,13,公共事业管理,（文理兼收）,,6,四年,
西藏,2025,本科一批,文科,136,江苏科技大学,,14,物流管理,（文理兼收）,,2,四年,
西藏,2025,本科一批,文科,136,江苏科技大学,,12,会计学,（文理兼收）,,2,四年,
西藏,2025,本科一批,理科,136,江苏科技大学,,2,应用物理学,,,1,四年,
西藏,2025,专科批,理科,701,江苏经贸职业技术学院,,1,食品药品监督管理,（办学地点：主校区。）,,5,三年,4700.0
西藏,2025,专科批,理科,701,江苏经贸职业技术学院,,4,工商企业管理,（办学地点：主校区。）,,5,三年,4700.0
西藏,2025,专科批,理科,701,江苏经贸职业技术学院,,3,大数据与会计,（办学地点：主校区。）,,3,三年,4700.0
西藏,2025,专科批,文科,701,江苏经贸职业技术学院,,2,金融服务与管理,（办学地点：主校区。）,,5,三年,4700.0
西藏,2025,专科批,文科,701,江苏经贸职业技术学院,,5,旅游管理,（办学地点：主校区。）,,5,三年,4700.0
西藏,2025,专科批,文科,701,江苏经贸职业技术学院,,6,人力资源管理,（办学地点：主校区。）,,5,三年,4700.0
西藏,2025,专科批,理科,705,江苏航运职业技术学院,,7,大数据与会计,（办学地点：江苏省南通市。）,,20,三年,4700.0
西藏,2025,专科批,理科,705,江苏航运职业技术学院,,2,建筑室内设计,（办学地点：江苏省南通市。）,,15,三年,5300.0
西藏,2025,专科批,理科,705,江苏航运职业技术学院,,3,建筑工程技术,（办学地点：江苏省南通市。）,,15,三年,5300.0
西藏,2025,专科批,理科,705,江苏航运职业技术学院,,6,汽车检测与维修技术,（办学地点：江苏省南通市。）,,15,三年,5300.0
西藏,2025,专科批,文科,705,江苏航运职业技术学院,,1,建筑室内设计,（办学地点：江苏省南通市。）,,15,三年,5300.0
西藏,2025,专科批,文科,705,江苏航运职业技术学院,,8,大数据与会计,（办学地点：江苏省南通市。）,,10,三年,4700.0
西藏,2025,专科批,文科,705,江苏航运职业技术学院,,4,建筑工程技术,（办学地点：江苏省南通市。）,,5,三年,5300.0
西藏,2025,专科批,文科,705,江苏航运职业技术学院,,5,汽车检测与维修技术,（办学地点：江苏省南通市。）,,5,三年,5300.0
西藏,2025,专科批,文科,580,江苏财经职业技术学院,,5,法律事务,（办学地点：江苏财经职业技术学院。）,,20,三年,4700.0
西藏,2025,专科批,文科,580,江苏财经职业技术学院,,1,药品质量与安全,（办学地点：江苏财经职业技术学院。）,,5,三年,5300.0
西藏,2025,专科批,文科,580,江苏财经职业技术学院,,3,电子商务,（办学地点：江苏财经职业技术学院。）,,5,三年,4700.0
西藏,2025,专科批,理科,580,江苏财经职业技术学院,,6,法律事务,（办学地点：江苏财经职业技术学院。）,,10,三年,4700.0
西藏,2025,专科批,理科,580,江苏财经职业技术学院,,2,药品质量与安全,（办学地点：江苏财经职业技术学院。）,,5,三年,5300.0
西藏,2025,专科批,理科,580,江苏财经职业技术学院,,4,电子商务,（办学地点：江苏财经职业技术学院。）,,5,三年,4700.0
西藏,2025,专科批,理科,528,江苏食品药品职业技术学院,,9,药学,,,40,三年,6200.0
西藏,2025,专科批,理科,528,江苏食品药品职业技术学院,,6,食品药品监督管理,,,33,三年,5300.0
西藏,2025,专科批,理科,528,江苏食品药品职业技术学院,,11,中医康复技术,,,20,三年,6200.0
西藏,2025,专科批,理科,528,江苏食品药品职业技术学院,,3,生物制药技术,,,15,三年,5300.0
西藏,2025,专科批,理科,528,江苏食品药品职业技术学院,,12,中医养生保健,,,10,三年,6200.0
西藏,2025,专科批,理科,528,江苏食品药品职业技术学院,,13,婴幼儿托育服务与管理,,,10,三年,4700.0
西藏,2025,专科批,理科,528,江苏食品药品职业技术学院,,4,制药设备应用技术,,,8,三年,5300.0
西藏,2025,专科批,理科,528,江苏食品药品职业技术学院,,1,智能控制技术,,,4,三年,5300.0
西藏,2025,专科批,文科,528,江苏食品药品职业技术学院,,5,食品药品监督管理,,,30,三年,5300.0
西藏,2025,专科批,文科,528,江苏食品药品职业技术学院,,10,中药学,,,10,三年,6200.0
西藏,2025,专科批,理科,507,江西应用技术职业学院,,2,机电一体化技术,,,1,三年,5000.0
西藏,2025,专科批,文科,507,江西应用技术职业学院,,1,国土资源调查与管理,（不招色盲、色弱。免补专业。）,,1,三年,5000.0
西藏,2025,本科二批,理科,346,江西水利电力大学,,2,道路桥梁与渡河工程,（办学地点：瑶湖校区。）,,1,四年,4790.0
西藏,2025,本科二批,理科,346,江西水利电力大学,,3,水利水电工程,（办学地点：瑶湖校区。免补专业。）,,1,四年,4530.0
西藏,2025,本科二批,理科,346,江西水利电力大学,,4,农业水利工程,（办学地点：瑶湖校区。免补专业。）,,1,四年,4530.0
西藏,2025,本科二批,理科,346,江西水利电力大学,,5,水土保持与荒漠化防治,（办学地点：瑶湖校区。免补专业。）,,1,四年,3750.0
西藏,2025,本科二批,文科,346,江西水利电力大学,,1,新闻传播学类,（含编辑出版学、网络与新媒体专业。办学地点：瑶湖校区。）,,1,四年,4270.0
西藏,2025,本科二批,文科,346,江西水利电力大学,,6,财务管理,（办学地点：瑶湖校区。）,,1,四年,4270.0
西藏,2025,本科二批,文科,346,江西水利电力大学,,7,人力资源管理,（办学地点：瑶湖校区。）,,1,四年,4270.0
西藏,2025,本科二批,文科,346,江西水利电力大学,,8,农林经济管理,（办学地点：瑶湖校区。免补专业。）,,1,四年,4270.0
西藏,2025,本科二批,文科,346,江西水利电力大学,,9,供应链管理,（办学地点：瑶湖校区。）,,1,四年,4270.0
西藏,2025,专科批,理科,505,江西环境工程职业学院,,11,学前教育,（办学地点：江西省赣州市。师范类。）,,5,三年,5000.0
西藏,2025,专科批,理科,505,江西环境工程职业学院,,1,环境工程技术,（办学地点：江西省赣州市。免补专业。）,,4,三年,5000.0
西藏,2025,专科批,理科,505,江西环境工程职业学院,,2,机电一体化技术,（办学地点：江西省赣州市。）,,3,三年,5000.0
西藏,2025,专科批,理科,505,江西环境工程职业学院,,5,移动互联应用技术,（办学地点：江西省赣州市。）,,3,三年,5000.0
西藏,2025,专科批,理科,505,江西环境工程职业学院,,8,现代通信技术,（办学地点：江西省赣州市。）,,3,三年,5000.0
西藏,2025,专科批,理科,505,江西环境工程职业学院,,3,电气自动化技术,（办学地点：江西省赣州市。）,,2,三年,5000.0
西藏,2025,专科批,理科,505,江西环境工程职业学院,,4,食品检验检测技术,（办学地点：江西省赣州市。）,,2,三年,5000.0
西藏,2025,专科批,理科,505,江西环境工程职业学院,,6,数字媒体技术,（办学地点：江西省赣州市。）,,2,三年,5000.0
西藏,2025,专科批,理科,505,江西环境工程职业学院,,7,人工智能技术应用,（办学地点：江西省赣州市。）,,2,三年,5000.0
西藏,2025,专科批,文科,505,江西环境工程职业学院,,12,学前教育,（办学地点：江西省赣州市。师范类。）,,5,三年,5000.0
西藏,2025,专科批,文科,505,江西环境工程职业学院,,9,大数据与会计,（办学地点：江西省赣州市。）,,2,三年,5000.0
西藏,2025,专科批,文科,505,江西环境工程职业学院,,10,电子商务,（办学地点：江西省赣州市。）,,2,三年,5000.0
西藏,2025,本科一批,理科,180,江西理工大学,,1,测绘工程,（办学地点：赣州校区。）,,2,四年,5220.0
西藏,2025,本科一批,理科,180,江西理工大学,,2,地质工程,（办学地点：赣州校区。免补专业。）,,2,四年,4940.0
西藏,2025,本科一批,理科,180,江西理工大学,,3,环境工程,（办学地点：赣州校区。免补专业。）,,2,四年,4940.0
西藏,2025,本科一批,理科,180,江西理工大学,,4,行政管理,（办学地点：赣州校区。）,,2,四年,4660.0
西藏,2025,本科二批,文科,,江西科技学院,,,小学教育,,,1,四年,24600.0
西藏,2025,提前录取本科二批,理科,1085,江西警察学院,,2,经济犯罪侦查,（招男生。须参加政治考察、面试、体检和体能测试且合格。）,,2,四年,4350.0
西藏,2025,提前录取本科二批,文科,1085,江西警察学院,,1,经济犯罪侦查,（招男生。须参加政治考察、面试、体检和体能测试且合格。）,,1,四年,4350.0
西藏,2025,专科批,理科,506,江西财经职业学院,,3,大数据与会计,（办学地点：浔阳校区。）,,7,三年,5000.0
西藏,2025,专科批,理科,506,江西财经职业学院,,2,财税大数据应用,（办学地点：八里湖校区。）,,6,三年,5000.0
西藏,2025,专科批,文科,506,江西财经职业学院,,4,大数据与会计,（办学地点：浔阳校区。）,,10,三年,5000.0
西藏,2025,专科批,文科,506,江西财经职业学院,,1,财税大数据应用,（办学地点：八里湖校区。）,,7,三年,5000.0
西藏,2025,专科批,理科,535,江阴职业技术学院,,2,市场营销,（办学地点：江阴职业技术学院。）,,5,三年,4700.0
西藏,2025,专科批,理科,535,江阴职业技术学院,,4,旅游管理,（办学地点：江阴职业技术学院。）,,5,三年,4700.0
西藏,2025,专科批,文科,535,江阴职业技术学院,,1,市场营销,（办学地点：江阴职业技术学院。）,,5,三年,4700.0
西藏,2025,专科批,文科,535,江阴职业技术学院,,3,旅游管理,（办学地点：江阴职业技术学院。）,,5,三年,4700.0
西藏,2025,本科一批,理科,41,沈阳农业大学,,3,土地整治工程,（办学地点：主校区。免补专业。）,,3,四年,5200.0
西藏,2025,本科一批,理科,41,沈阳农业大学,,5,农业资源与环境,（办学地点：主校区。免补专业。）,,3,四年,5200.0
西藏,2025,本科一批,理科,41,沈阳农业大学,,1,生物科学,（办学地点：主校区。）,,2,四年,5200.0
西藏,2025,本科一批,理科,41,沈阳农业大学,,2,农业机械化及其自动化,（办学地点：主校区。免补专业。）,,2,四年,5200.0
西藏,2025,国家专项计划本科批,理科,41,沈阳农业大学,,4,植物保护,（办学地点：主校区。免补专业。）,,1,四年,5200.0
西藏,2025,本科二批,理科,74,沈阳化工大学,,4,材料化学,,,3,四年,5200.0
西藏,2025,本科二批,理科,74,沈阳化工大学,,5,金属材料工程,,,3,四年,5200.0
西藏,2025,本科二批,理科,74,沈阳化工大学,,6,无机非金属材料工程,,,3,四年,5200.0
西藏,2025,本科二批,理科,74,沈阳化工大学,,15,安全工程,,,3,四年,5200.0
西藏,2025,本科二批,理科,74,沈阳化工大学,,1,化学,,,2,四年,5200.0
西藏,2025,本科二批,理科,74,沈阳化工大学,,2,应用化学,,,2,四年,5200.0
西藏,2025,本科二批,理科,74,沈阳化工大学,,3,过程装备与控制工程,,,2,四年,5200.0
西藏,2025,本科二批,理科,74,沈阳化工大学,,7,高分子材料与工程,,,2,四年,5200.0
西藏,2025,本科二批,理科,74,沈阳化工大学,,11,制药工程,,,2,四年,5200.0
西藏,2025,本科二批,理科,74,沈阳化工大学,,12,能源化学工程,,,2,四年,5200.0
西藏,2025,本科二批,理科,74,沈阳化工大学,,14,环境工程,（免补专业。）,,2,四年,5200.0
西藏,2025,本科二批,理科,74,沈阳化工大学,,16,生物工程,,,2,四年,5200.0
西藏,2025,本科二批,理科,74,沈阳化工大学,,17,工程管理,,,2,四年,5200.0
西藏,2025,本科二批,理科,74,沈阳化工大学,,18,应急管理,,,2,四年,5200.0
西藏,2025,本科二批,理科,74,沈阳化工大学,,8,电子信息工程,,,1,四年,5200.0
西藏,2025,本科二批,理科,74,沈阳化工大学,,9,电子科学与技术,,,1,四年,5200.0
西藏,2025,本科二批,理科,74,沈阳化工大学,,10,网络工程,,,1,四年,5200.0
西藏,2025,本科二批,理科,74,沈阳化工大学,,13,油气储运工程,（免补专业。）,,1,四年,5200.0
西藏,2025,本科二批,理科,130,沈阳医学院,,1,临床医学,（外语仅用英语授课，不招色盲、色弱。）,,11,五年,5500.0
西藏,2025,本科二批,理科,130,沈阳医学院,,7,护理学,（外语仅用英语授课，不招色盲、色弱。）,,10,四年,5500.0
西藏,2025,本科二批,理科,130,沈阳医学院,,5,预防医学,（外语仅用英语授课，不招色盲、色弱。）,,5,五年,5500.0
西藏,2025,本科二批,理科,130,沈阳医学院,,2,麻醉学,（外语仅用英语授课，不招色盲、色弱。）,,3,五年,5500.0
西藏,2025,本科二批,理科,130,沈阳医学院,,3,医学影像学,（外语仅用英语授课，不招色盲、色弱。）,,3,五年,5500.0
西藏,2025,本科二批,理科,130,沈阳医学院,,4,口腔医学,（外语仅用英语授课，不招色盲、色弱。）,,2,五年,5500.0
西藏,2025,本科二批,理科,130,沈阳医学院,,6,医学检验技术,（外语仅用英语授课，不招色盲、色弱。）,,2,四年,5500.0
西藏,2025,本科二批,文科,370,沈阳大学,,1,学前教育,（师范类。办学地点：望花/联合路校区。师范类。）,,28,四年,4800.0
西藏,2025,本科二批,文科,370,沈阳大学,,3,小学教育,（师范类。办学地点：望花/联合路校区。师范类。）,,2,四年,4800.0
西藏,2025,本科二批,理科,370,沈阳大学,,2,学前教育,（师范类。办学地点：望花/联合路校区。师范类。）,,12,四年,4800.0
西藏,2025,本科一批,理科,421,沈阳工业大学,,2,材料成型及控制工程,（必须选考物理、化学。）,,4,四年,5700.0
西藏,2025,本科一批,理科,421,沈阳工业大学,,5,电子信息工程,（必须选考物理、化学。）,,4,四年,5700.0
西藏,2025,本科一批,理科,421,沈阳工业大学,,7,计算机科学与技术,（必须选考物理、化学，单色识别不全者不能报考。）,,4,四年,5700.0
西藏,2025,本科一批,理科,421,沈阳工业大学,,8,土木工程,（必须选考物理、化学。）,,4,四年,5700.0
西藏,2025,本科一批,理科,421,沈阳工业大学,,9,智能建造,（必须选考物理、化学。）,,4,四年,5200.0
西藏,2025,本科一批,理科,421,沈阳工业大学,,1,机械设计制造及其自动化,（必须选考物理、化学。）,,3,四年,5700.0
西藏,2025,本科一批,理科,421,沈阳工业大学,,6,自动化,（必须选考物理、化学。）,,3,四年,5700.0
西藏,2025,本科一批,理科,421,沈阳工业大学,,4,电气工程及其自动化,（必须选考物理、化学。）,,2,四年,5700.0
西藏,2025,国家专项计划本科批,理科,421,沈阳工业大学,,3,电气工程及其自动化,,,2,四年,5700.0
西藏,2025,本科二批,理科,463,沈阳工程学院,,7,电气工程及其自动化,,,34,四年,5200.0
西藏,2025,本科二批,理科,463,沈阳工程学院,,1,机械设计制造及其自动化,,,2,四年,5200.0
西藏,2025,本科二批,理科,463,沈阳工程学院,,2,过程装备与控制工程,,,2,四年,5200.0
西藏,2025,本科二批,理科,463,沈阳工程学院,,3,智能制造工程,,,2,四年,5200.0
西藏,2025,本科二批,理科,463,沈阳工程学院,,4,新能源材料与器件,,,2,四年,5200.0
西藏,2025,本科二批,理科,463,沈阳工程学院,,5,能源与动力工程,,,2,四年,5200.0
西藏,2025,本科二批,理科,463,沈阳工程学院,,6,新能源科学与工程,,,2,四年,5200.0
西藏,2025,本科二批,理科,463,沈阳工程学院,,8,智能电网信息工程,,,2,四年,5200.0
西藏,2025,本科二批,理科,463,沈阳工程学院,,9,电气工程与智能控制,,,2,四年,5200.0
西藏,2025,本科二批,理科,463,沈阳工程学院,,10,电子信息工程,,,2,四年,5200.0
西藏,2025,本科二批,理科,463,沈阳工程学院,,11,通信工程,,,2,四年,5200.0
西藏,2025,本科二批,理科,463,沈阳工程学院,,12,人工智能,,,2,四年,5200.0
西藏,2025,本科二批,理科,463,沈阳工程学院,,13,自动化,,,2,四年,5200.0
西藏,2025,本科二批,理科,463,沈阳工程学院,,14,机器人工程,,,2,四年,5200.0
西藏,2025,本科二批,理科,463,沈阳工程学院,,15,计算机科学与技术,,,2,四年,5200.0
西藏,2025,本科二批,理科,463,沈阳工程学院,,16,物联网工程,,,2,四年,5200.0
西藏,2025,本科二批,理科,81,沈阳师范大学,,2,法学,,,6,四年,4800.0
西藏,2025,本科二批,理科,81,沈阳师范大学,,7,新闻学,,,5,四年,4800.0
西藏,2025,本科二批,理科,81,沈阳师范大学,,9,应用心理学,（师范）（师范类。）,,3,四年,5200.0
西藏,2025,本科二批,理科,81,沈阳师范大学,,11,旅游管理,（乙肝病及病毒携带者、肺结核病及病毒携带者慎报。）,,3,四年,5200.0
西藏,2025,本科二批,文科,81,沈阳师范大学,,1,法学,,,6,四年,4800.0
西藏,2025,本科二批,文科,81,沈阳师范大学,,6,汉语言文学,（师范）（师范类。）,,6,四年,4800.0
西藏,2025,本科二批,文科,81,沈阳师范大学,,10,行政管理,,,6,四年,5200.0
西藏,2025,本科二批,文科,81,沈阳师范大学,,3,社会工作,,,5,四年,4800.0
西藏,2025,本科二批,文科,81,沈阳师范大学,,4,思想政治教育,（师范）（师范类。）,,5,四年,4800.0
西藏,2025,本科二批,文科,81,沈阳师范大学,,8,新闻学,,,5,四年,4800.0
西藏,2025,本科二批,文科,81,沈阳师范大学,,5,小学教育,（师范）（师范类。）,,4,四年,4800.0
西藏,2025,本科二批,文科,81,沈阳师范大学,,12,旅游管理,（乙肝病及病毒携带者、肺结核病及病毒携带者慎报。）,,3,四年,5200.0
西藏,2025,本科一批,理科,76,沈阳建筑大学,,3,机械设计制造及其自动化,（办学地点：主校区。）,,5,四年,5200.0
西藏,2025,本科一批,理科,76,沈阳建筑大学,,7,自动化,（办学地点：主校区。）,,4,四年,5200.0
西藏,2025,本科一批,理科,76,沈阳建筑大学,,12,道路桥梁与渡河工程,（办学地点：主校区。）,,4,四年,5200.0
西藏,2025,本科一批,理科,76,沈阳建筑大学,,2,机械工程,（办学地点：主校区。）,,3,四年,5200.0
西藏,2025,本科一批,理科,76,沈阳建筑大学,,8,计算机科学与技术,（不招收单色识别不全考生。办学地点：主校区。）,,3,四年,5200.0
西藏,2025,本科一批,理科,76,沈阳建筑大学,,4,智能制造工程,（办学地点：主校区。）,,2,四年,5200.0
西藏,2025,本科一批,理科,76,沈阳建筑大学,,6,电气工程及其自动化,（办学地点：主校区。）,,2,四年,5200.0
西藏,2025,本科一批,理科,76,沈阳建筑大学,,14,建筑学,（须具备一定美术基础。办学地点：主校区。）,,2,五年,5200.0
西藏,2025,本科一批,理科,76,沈阳建筑大学,,9,土木工程,（办学地点：主校区。）,,1,四年,5200.0
西藏,2025,国家专项计划本科批,理科,76,沈阳建筑大学,,2,机械工程,（办学地点：主校区。）,,1,四年,5200.0
西藏,2025,本科二批,理科,76,沈阳建筑大学,,5,无机非金属材料工程,（不招收色盲、单色识别不全考生。办学地点：主校区。）,,3,四年,5200.0
西藏,2025,本科二批,理科,76,沈阳建筑大学,,10,建筑环境与能源应用工程,（办学地点：主校区。）,,3,四年,5200.0
西藏,2025,本科二批,理科,76,沈阳建筑大学,,11,给排水科学与工程,（办学地点：主校区。）,,1,四年,5200.0
西藏,2025,本科二批,理科,76,沈阳建筑大学,,13,测绘工程,（办学地点：主校区。）,,1,四年,5200.0
西藏,2025,本科二批,理科,76,沈阳建筑大学,,15,工程管理,（办学地点：主校区。）,,1,四年,5200.0
西藏,2025,本科二批,理科,69,沈阳理工大学,,1,金融学,（办学地点：主校区。）,,1,四年,5200.0
西藏,2025,本科二批,理科,69,沈阳理工大学,,2,俄语,（办学地点：主校区。）,,1,四年,4800.0
西藏,2025,本科二批,理科,69,沈阳理工大学,,3,信息与计算科学,（办学地点：主校区。）,,1,四年,5200.0
西藏,2025,本科二批,理科,69,沈阳理工大学,,4,应用化学,（办学地点：主校区。）,,1,四年,5200.0
西藏,2025,本科二批,理科,69,沈阳理工大学,,5,机械设计制造及其自动化,（办学地点：主校区。）,,1,四年,5200.0
西藏,2025,本科二批,理科,69,沈阳理工大学,,6,材料成型及控制工程,（办学地点：主校区。）,,1,四年,5200.0
西藏,2025,本科二批,理科,69,沈阳理工大学,,7,机械电子工程,（办学地点：主校区。）,,1,四年,5200.0
西藏,2025,本科二批,理科,69,沈阳理工大学,,8,车辆工程,（办学地点：主校区。）,,1,四年,5200.0
西藏,2025,本科二批,理科,69,沈阳理工大学,,9,智能制造工程,（办学地点：主校区。）,,1,四年,5200.0
西藏,2025,本科二批,理科,69,沈阳理工大学,,10,测控技术与仪器,（办学地点：主校区。）,,1,四年,5200.0
西藏,2025,本科二批,理科,69,沈阳理工大学,,11,金属材料工程,（办学地点：主校区。）,,1,四年,5200.0
西藏,2025,本科二批,理科,69,沈阳理工大学,,12,无机非金属材料工程,（办学地点：主校区。）,,1,四年,5200.0
西藏,2025,本科二批,理科,69,沈阳理工大学,,13,粉体材料科学与工程,（办学地点：主校区。）,,1,四年,5200.0
西藏,2025,本科二批,理科,69,沈阳理工大学,,14,电子信息工程,（办学地点：主校区。）,,1,四年,5200.0
西藏,2025,本科二批,理科,69,沈阳理工大学,,15,通信工程,（办学地点：主校区。）,,1,四年,5200.0
西藏,2025,本科二批,理科,69,沈阳理工大学,,16,光电信息科学与工程,（办学地点：主校区。）,,1,四年,5200.0
西藏,2025,本科二批,理科,69,沈阳理工大学,,17,自动化,（办学地点：主校区。）,,1,四年,5200.0
西藏,2025,本科二批,理科,69,沈阳理工大学,,18,计算机科学与技术,（办学地点：主校区。）,,1,四年,5200.0
西藏,2025,本科二批,理科,69,沈阳理工大学,,19,弹药工程与爆炸技术,（办学地点：主校区。）,,1,四年,5200.0
西藏,2025,本科二批,理科,69,沈阳理工大学,,20,特种能源技术与工程,（办学地点：主校区。）,,1,四年,5200.0
西藏,2025,本科二批,理科,69,沈阳理工大学,,21,环境工程,（办学地点：主校区。免补专业。）,,1,四年,5200.0
西藏,2025,本科二批,理科,69,沈阳理工大学,,22,安全工程,（办学地点：主校区。）,,1,四年,5200.0
西藏,2025,本科二批,理科,69,沈阳理工大学,,23,信息管理与信息系统,（办学地点：主校区。）,,1,四年,5200.0
西藏,2025,本科二批,理科,69,沈阳理工大学,,24,工商管理,（办学地点：主校区。）,,1,四年,5200.0
西藏,2025,本科二批,理科,69,沈阳理工大学,,25,会计学,（办学地点：主校区。）,,1,四年,5200.0
西藏,2025,本科二批,理科,68,沈阳航空航天大学,,7,物流管理,（办学地点：辽宁省沈阳市沈北新区道义南大街37号沈阳航空航天大学。）,,8,四年,5200.0
西藏,2025,本科二批,理科,68,沈阳航空航天大学,,1,金融学,（办学地点：辽宁省沈阳市沈北新区道义南大街37号沈阳航空航天大学。）,,7,四年,5200.0
西藏,2025,本科二批,理科,68,沈阳航空航天大学,,3,国际经济与贸易,（办学地点：辽宁省沈阳市沈北新区道义南大街37号沈阳航空航天大学。）,,7,四年,5200.0
西藏,2025,本科二批,理科,68,沈阳航空航天大学,,5,人力资源管理,（办学地点：辽宁省沈阳市沈北新区道义南大街37号沈阳航空航天大学。）,,7,四年,5200.0
西藏,2025,本科二批,文科,68,沈阳航空航天大学,,2,金融学,（办学地点：辽宁省沈阳市沈北新区道义南大街37号沈阳航空航天大学。）,,2,四年,5200.0
西藏,2025,本科二批,文科,68,沈阳航空航天大学,,4,国际经济与贸易,（办学地点：辽宁省沈阳市沈北新区道义南大街37号沈阳航空航天大学。）,,2,四年,5200.0
西藏,2025,本科二批,文科,68,沈阳航空航天大学,,6,人力资源管理,（办学地点：辽宁省沈阳市沈北新区道义南大街37号沈阳航空航天大学。）,,2,四年,5200.0
西藏,2025,国家专项计划本科批,理科,129,沈阳药科大学,,3,中药学,（不招色盲、色弱。非英语不宜报考。办学地点：本溪市南校区。办学地点：南校区。）,,1,四年,5500.0
西藏,2025,本科一批,理科,129,沈阳药科大学,,3,中药学,（不招色盲、色弱。非英语不宜报考。办学地点：本溪市南校区。办学地点：南校区。）,,5,四年,5500.0
西藏,2025,本科一批,理科,129,沈阳药科大学,,1,食品科学与工程类,（不招色盲、色弱。非英语不宜报考。办学地点：本溪市南校区含食品科学与工程、食品质量与安全、葡萄与葡萄酒工程专业。办学地点：南校区。）,,4,四年,5200.0
西藏,2025,本科一批,理科,129,沈阳药科大学,,2,生物工程,（不招色盲、色弱。非英语不宜报考。办学地点：本溪市南校区。办学地点：南校区。）,,3,四年,5200.0
西藏,2025,本科一批,理科,129,沈阳药科大学,,5,工商管理,（药学基础交叉学习，非英语不宜报考。办学地点：本溪市南校区。办学地点：南校区。）,,2,四年,5200.0
西藏,2025,本科一批,理科,391,河北农业大学,,2,动物医学,（办学地点：保定校区。免补专业。）,,4,五年,4900.0
西藏,2025,本科一批,理科,391,河北农业大学,,1,动物科学,（教学为宠物、畜禽和君乐宝卓越班方向。办学地点：保定校区。免补专业。）,,3,四年,4900.0
西藏,2025,本科一批,理科,391,河北农业大学,,3,动植物检疫,（办学地点：保定校区。免补专业。）,,3,四年,4900.0
西藏,2025,本科一批,文科,391,河北农业大学,,,少数民族预科,（民族预科班）（预科培养地点：河北师范大学附属民族学院。）,,5,一年,4600.0
西藏,2025,本科二批,理科,37,河北北方学院,,1,学前教育,（不招色盲、色弱。办学地点：河北省张家口市。师范类。）,,12,四年,4600.0
西藏,2025,本科一批,理科,396,河北医科大学,,4,护理学,（办学地点：建华校区。）,,4,四年,5200.0
西藏,2025,本科一批,理科,396,河北医科大学,,1,精神医学,（办学地点：建华校区。）,,2,五年,5200.0
西藏,2025,本科一批,理科,396,河北医科大学,,2,药学类,（含药学、药物制剂、药物分析、药物化学专业。办学地点：中山校区。）,,2,四年,5200.0
西藏,2025,本科一批,理科,396,河北医科大学,,3,康复治疗学,（办学地点：建华校区。）,,2,四年,5200.0
西藏,2025,本科二批,理科,56,河北地质大学,,3,土木工程,（办学地点：新校区。）,,4,四年,4900.0
西藏,2025,本科二批,理科,56,河北地质大学,,2,防灾减灾科学与工程,（办学地点：新校区。）,,3,四年,4900.0
西藏,2025,本科二批,理科,56,河北地质大学,,4,工程管理,（办学地点：新校区。）,,2,四年,4600.0
西藏,2025,本科二批,理科,56,河北地质大学,,6,物流管理,（办学地点：新校区。）,,2,四年,4600.0
西藏,2025,本科二批,文科,56,河北地质大学,,1,经济学类,（含经济学、金融学专业。办学地点：新校区。）,,4,四年,4600.0
西藏,2025,本科二批,文科,56,河北地质大学,,5,工商管理类,（财会方向含会计学、审计学专业。办学地点：新校区。）,,2,四年,5060.0
西藏,2025,本科一批,文科,36,河北大学,,2,中国语言文学类,（含汉语言文学、汉语国际教育、古典文献学专业。办学地点：七一路校区。）,,3,四年,5060.0
西藏,2025,本科一批,理科,36,河北大学,,1,法学,（办学地点：七一路校区。）,,2,四年,5060.0
西藏,2025,本科一批,理科,59,河北工业大学,,3,公共事业管理,（单色识别不全不予录取。办学地点：河北工业大学。）,,2,四年,5000.0
西藏,2025,本科一批,理科,59,河北工业大学,,2,电气工程及其自动化,（办学地点：河北工业大学。）,,1,四年,5800.0
西藏,2025,本科一批,文科,59,河北工业大学,,1,思想政治教育,（办学地点：河北工业大学。）,,2,四年,5000.0
西藏,2025,本科二批,理科,336,河北工程大学,,2,机械设计制造及其自动化,,,2,四年,5300.0
西藏,2025,本科二批,理科,336,河北工程大学,,3,材料成型及控制工程,,,2,四年,4900.0
西藏,2025,本科二批,理科,336,河北工程大学,,4,复合材料与工程,,,2,四年,4900.0
西藏,2025,本科二批,理科,336,河北工程大学,,5,智慧水利,（免补专业。）,,2,四年,4900.0
西藏,2025,本科二批,理科,336,河北工程大学,,6,食品科学与工程,（不招色盲、色弱及单色识别不全者。）,,2,四年,4900.0
西藏,2025,本科一批,文科,38,河北师范大学,,1,政治学与行政学,（办学地点：河北师范大学。）,,2,四年,4600.0
西藏,2025,本科一批,文科,38,河北师范大学,,2,学前教育,（不招色弱考生。办学地点：河北师范大学。师范类。）,,2,四年,4600.0
西藏,2025,本科一批,文科,38,河北师范大学,,5,行政管理,（办学地点：河北师范大学。）,,1,四年,4600.0
西藏,2025,本科二批,文科,911,河北石油职业技术大学,,2,市场营销,,,5,四年,4600.0
西藏,2025,本科二批,文科,911,河北石油职业技术大学,,3,酒店管理,,,5,四年,4600.0
西藏,2025,本科二批,理科,911,河北石油职业技术大学,,1,新能源发电工程技术,,,5,四年,4900.0
西藏,2025,本科二批,理科,389,河北科技大学,,,少数民族预科,（民族预科班）（预科培养地点：河北师范大学附属民族学院。）,,3,一年,4600.0
西藏,2025,本科二批,理科,389,河北科技大学,,4,工商管理,（单色识别不全考生不予录取。）,,2,四年,4600.0
西藏,2025,本科二批,理科,389,河北科技大学,,5,电子商务,,,2,四年,4600.0
西藏,2025,本科二批,文科,389,河北科技大学,,1,法学,,,2,四年,4600.0
西藏,2025,本科二批,文科,389,河北科技大学,,2,社会工作,,,2,四年,4600.0
西藏,2025,本科二批,文科,389,河北科技大学,,3,汉语言文学,,,2,四年,4600.0
西藏,2025,本科二批,文科,389,河北科技大学,,,少数民族预科,（民族预科班）（预科培养地点：河北师范大学附属民族学院。）,,2,一年,4600.0
西藏,2025,专科批,理科,665,河北轨道运输职业技术学院,,2,铁道机车运用与维护,（本专业对应岗位较适合男生，女生慎报；不招色盲、色弱。办学地点：宁安路校区。）,,2,三年,5000.0
西藏,2025,专科批,理科,665,河北轨道运输职业技术学院,,6,铁道交通运营管理,（本专业对应岗位较适合男生，女生慎报；不招色盲、色弱。办学地点：宁安路校区。）,,2,三年,5000.0
西藏,2025,专科批,理科,665,河北轨道运输职业技术学院,,4,铁道车辆技术,（本专业对应岗位较适合男生，女生慎报；不招色盲、色弱。办学地点：宁安路校区。）,,1,三年,5000.0
西藏,2025,专科批,文科,665,河北轨道运输职业技术学院,,1,铁道机车运用与维护,（本专业对应岗位较适合男生，女生慎报；不招色盲、色弱。办学地点：宁安路校区。）,,2,三年,5000.0
西藏,2025,专科批,文科,665,河北轨道运输职业技术学院,,5,铁道交通运营管理,（本专业对应岗位较适合男生，女生慎报；不招色盲、色弱。办学地点：宁安路校区。）,,2,三年,5000.0
西藏,2025,专科批,文科,665,河北轨道运输职业技术学院,,3,铁道车辆技术,（本专业对应岗位较适合男生，女生慎报；不招色盲、色弱。办学地点：宁安路校区。）,,1,三年,5000.0
西藏,2025,本科二批,文科,433,河北金融学院,,2,法学,,,3,四年,4600.0
西藏,2025,本科二批,文科,433,河北金融学院,,4,会计学,,,2,四年,5060.0
西藏,2025,本科二批,理科,433,河北金融学院,,3,工商管理,,,3,四年,4600.0
西藏,2025,本科二批,理科,433,河北金融学院,,1,金融学,,,2,四年,5060.0
西藏,2025,本科二批,理科,252,河南中医药大学,,3,公共管理类,（含公共事业管理（卫生事业管理方向）、健康服务与管理、应用心理学专业。办学地点：河南中医药大学龙子湖校区。）,,1,四年,4400.0
西藏,2025,本科二批,文科,252,河南中医药大学,,1,针灸推拿学,（办学地点：河南中医药大学龙子湖校区。）,,2,五年,6000.0
西藏,2025,本科二批,文科,252,河南中医药大学,,2,公共管理类,（含公共事业管理（卫生事业管理方向）、健康服务与管理、应用心理学专业。办学地点：河南中医药大学龙子湖校区。）,,2,四年,4400.0
西藏,2025,本科二批,理科,1030,河南农业大学,,1,植物生产类,（不招色弱、色盲。含农学、种子科学与工程专业。办学地点：河南农业大学。免补专业。）,,1,四年,5000.0
西藏,2025,本科二批,理科,386,河南城建学院,,1,智能电网信息工程,,,3,四年,5000.0
西藏,2025,本科二批,文科,386,河南城建学院,,2,财务管理,,,4,四年,4400.0
西藏,2025,本科二批,文科,386,河南城建学院,,3,旅游管理,,,4,四年,4400.0
西藏,2025,本科一批,理科,196,河南大学,,2,教育学,（办学地点：开封校区。）,,5,四年,5060.0
西藏,2025,本科一批,理科,196,河南大学,,3,药学,（办学地点：开封校区。）,,5,四年,5500.0
西藏,2025,本科一批,文科,196,河南大学,,1,法学,（办学地点：开封校区。）,,2,四年,5060.0
西藏,2025,本科一批,理科,690,河南师范大学,,6,生物技术,（办学地点：科技创新港校区。）,,5,四年,5000.0
西藏,2025,本科一批,文科,690,河南师范大学,,1,法学类,（含法学、知识产权专业。办学地点：主校区。）,,7,四年,4400.0
西藏,2025,本科一批,文科,690,河南师范大学,,5,历史学,（办学地点：主校区。师范类。）,,5,四年,4840.0
西藏,2025,本科一批,理科,195,河南科技大学,,4,生物科学类,（含生物科学、生物技术专业。办学地点：开元校区。）,,4,四年,5000.0
西藏,2025,本科一批,理科,195,河南科技大学,,5,临床医学,（办学地点：开元校区。）,,4,五年,6050.0
西藏,2025,本科一批,文科,195,河南科技大学,,1,法学,（办学地点：开元校区。）,,2,四年,4400.0
西藏,2025,本科一批,文科,195,河南科技大学,,2,历史学,（办学地点：开元校区。）,,2,四年,4400.0
西藏,2025,本科一批,文科,195,河南科技大学,,3,考古学,（办学地点：开元校区。）,,1,四年,4400.0
西藏,2025,国家专项计划本科批,理科,138,河海大学,,9,土地整治工程,（大一、大三、大四在南京相应校区学习，大二在常州校区学习。免补专业。）,,2,四年,6380.0
西藏,2025,国家专项计划本科批,理科,138,河海大学,,7,地质工程,（大一、大三、大四在南京相应校区学习，大二在常州校区学习。免补专业。）,,1,四年,5800.0
西藏,2025,本科一批,理科,138,河海大学,,4,水利水电工程,（大一、大三、大四在南京相应校区学习，大二在常州校区学习。免补专业。）,,2,四年,6380.0
西藏,2025,本科一批,理科,138,河海大学,,10,环境工程,（大一、大三、大四在南京相应校区学习，大二在常州校区学习。免补专业。）,,2,四年,6380.0
西藏,2025,本科一批,理科,138,河海大学,,5,水文与水资源工程,（大一、大三、大四在南京相应校区学习，大二在常州校区学习。免补专业。）,,1,四年,6380.0
西藏,2025,本科一批,理科,138,河海大学,,6,水务工程,（大一、大三、大四在南京相应校区学习，大二在常州校区学习。免补专业。）,,1,四年,6380.0
西藏,2025,本科一批,理科,138,河海大学,,8,农业水利工程,（大一、大三、大四在南京相应校区学习，大二在常州校区学习。免补专业。）,,1,四年,6380.0
西藏,2025,本科一批,文科,138,河海大学,,1,法学,（大一、大三、大四在南京相应校区学习，大二在常州校区学习。）,,2,四年,5720.0
西藏,2025,本科一批,文科,138,河海大学,,11,财务管理,（智能财务创新班）（大一、大三、大四在南京相应校区学习，大二在常州校区学习。）,,2,四年,5720.0
西藏,2025,本科一批,文科,138,河海大学,,12,劳动与社会保障,（大一、大三、大四在南京相应校区学习，大二在常州校区学习。）,,1,四年,5720.0
西藏,2025,本科二批,理科,285,河西学院,,13,护理学,（办学地点：河西学院环城北路校区。）,,6,四年,4600.0
西藏,2025,本科二批,理科,285,河西学院,,1,经济学,（办学地点：河西学院环城北路校区。）,,4,四年,3800.0
西藏,2025,本科二批,理科,285,河西学院,,11,园艺,（办学地点：河西学院环城北路校区。免补专业。）,,4,四年,4000.0
西藏,2025,本科二批,理科,285,河西学院,,14,助产学,（办学地点：河西学院环城北路校区。）,,4,四年,4600.0
西藏,2025,本科二批,理科,285,河西学院,,8,生物科学,（办学地点：河西学院环城北路校区。师范类。）,,2,四年,4000.0
西藏,2025,本科二批,理科,285,河西学院,,9,农业水利工程,（办学地点：河西学院环城北路校区。免补专业。）,,2,四年,4400.0
西藏,2025,本科二批,理科,285,河西学院,,10,食品科学与工程,（办学地点：河西学院环城北路校区。）,,2,四年,4400.0
西藏,2025,本科二批,理科,285,河西学院,,12,菌物科学与工程,（办学地点：河西学院环城北路校区。免补专业。）,,2,四年,4000.0
西藏,2025,本科二批,理科,285,河西学院,,15,工程管理,（办学地点：河西学院环城北路校区。）,,2,四年,4400.0
西藏,2025,本科二批,理科,285,河西学院,,16,会计学,（办学地点：河西学院环城北路校区。）,,2,四年,3800.0
西藏,2025,本科二批,文科,285,河西学院,,2,社会工作,（办学地点：河西学院环城北路校区。）,,4,四年,3800.0
西藏,2025,本科二批,文科,285,河西学院,,3,思想政治教育,（办学地点：河西学院环城北路校区。师范类。）,,2,四年,3800.0
西藏,2025,本科二批,文科,285,河西学院,,5,汉语言文学,（办学地点：河西学院环城北路校区。师范类。）,,2,四年,3800.0
西藏,2025,本科二批,文科,285,河西学院,,6,网络与新媒体,（办学地点：河西学院环城北路校区。）,,2,四年,3800.0
西藏,2025,本科二批,文科,285,河西学院,,7,历史学,（办学地点：河西学院环城北路校区。师范类。）,,2,四年,3800.0
西藏,2025,本科二批,理科,285,河西学院,,17,养老服务管理,（办学地点：河西学院环城北路校区。）,,2,四年,3800.0
西藏,2025,本科二批,理科,,泉州信息工程学院,,,金融工程,,,2,四年,25800.0
西藏,2025,本科二批,理科,,泉州信息工程学院,,,财务管理,,,2,四年,25800.0
西藏,2025,专科批,文科,731,泉州工艺美术职业学院,,1,休闲服务与管理,,,1,三年,6000.0
西藏,2025,本科二批,理科,176,泉州师范学院,,2,小学教育,（办学地点：泉州主校区。师范类。）,,12,四年,5040.0
西藏,2025,本科二批,文科,176,泉州师范学院,,1,小学教育,（办学地点：泉州主校区。师范类。）,,12,四年,5040.0
西藏,2025,专科批,理科,658,泉州幼儿师范高等专科学校,,1,学前教育,（第一年就读永春校区。办学地点：永春校区。师范类。）,,2,三年,6000.0
西藏,2025,专科批,理科,1208,泉州经贸职业技术学院,,2,人物形象设计,,,2,三年,7200.0
西藏,2025,专科批,文科,1208,泉州经贸职业技术学院,,1,人物形象设计,,,2,三年,7200.0
西藏,2025,本科二批,文科,402,泰州学院,,1,知识产权,,,5,四年,5200.0
西藏,2025,本科二批,文科,402,泰州学院,,2,英语,（招英语语种。师范类。）,,5,四年,5200.0
西藏,2025,本科二批,文科,402,泰州学院,,3,物流管理,,,5,四年,5200.0
西藏,2025,提前批艺体类本科,文科,402,泰州学院,,,音乐学,（音乐教育声乐）（声乐）（师范类。认可区内音乐教育（声乐方向）专业统考成绩。）,,10,四年,6800.0
西藏,2025,提前批艺体类本科,文科,402,泰州学院,,,舞蹈学,（舞蹈）（师范类。认可区内舞蹈类专业统考成绩。）,,5,四年,6800.0
西藏,2025,本科一批,理科,187,济南大学,,2,地理科学,（师范兼非师范）,,3,四年,6600.0
西藏,2025,本科一批,理科,187,济南大学,,3,应用心理学,（师范类。）,,3,四年,5060.0
西藏,2025,本科一批,文科,187,济南大学,,1,法学,,,3,四年,4400.0
西藏,2025,本科一批,文科,187,济南大学,,4,文化产业管理,（办学地点：舜耕校区。）,,3,四年,5500.0
西藏,2025,本科一批,文科,187,济南大学,,5,公共管理类,（含行政管理、劳动与社会保障专业。）,,3,四年,6325.0
西藏,2025,本科一批,理科,156,浙江中医药大学,,10,护理学,（为适应专业工作的需要，建议报考护理学专业考生身高在158CM（含）以上。办学地点：第一、第二学年在富春校区，第三学年起按专业需要进行校区调整。）,,6,四年,6000.0
西藏,2025,本科一批,理科,156,浙江中医药大学,,11,助产学,（办学地点：第一、第二学年在富春校区，第三学年起按专业需要进行校区调整。）,,6,四年,6000.0
西藏,2025,本科一批,理科,156,浙江中医药大学,,3,预防医学,（办学地点：第一、第二学年在富春校区，第三学年起按专业需要进行校区调整。）,,4,五年,6900.0
西藏,2025,本科一批,理科,156,浙江中医药大学,,1,生物科学,（办学地点：第一、第二学年在富春校区，第三学年起按专业需要进行校区调整。）,,3,四年,5300.0
西藏,2025,本科一批,理科,156,浙江中医药大学,,6,中药学,（办学地点：第一、第二学年在富春校区，第三学年起按专业需要进行校区调整。）,,3,四年,6000.0
西藏,2025,本科一批,理科,156,浙江中医药大学,,8,医学实验技术,（办学地点：第一、第二学年在富春校区，第三学年起按专业需要进行校区调整。）,,3,四年,6000.0
西藏,2025,本科一批,理科,156,浙江中医药大学,,9,康复治疗学,（办学地点：第一、第二学年在富春校区，第三学年起按专业需要进行校区调整。）,,3,四年,6000.0
西藏,2025,本科一批,理科,156,浙江中医药大学,,5,药学,（办学地点：第一、第二学年在富春校区，第三学年起按专业需要进行校区调整。）,,2,四年,6000.0
西藏,2025,本科一批,理科,156,浙江中医药大学,,7,医学检验技术,（办学地点：第一、第二学年在富春校区，第三学年起按专业需要进行校区调整。）,,2,四年,6000.0
西藏,2025,本科一批,理科,156,浙江中医药大学,,12,健康服务与管理,（办学地点：第一、第二学年在富春校区，第三学年起按专业需要进行校区调整。）,,2,四年,5300.0
西藏,2025,本科一批,理科,156,浙江中医药大学,,2,临床医学,（办学地点：第一、第二学年在富春校区，第三学年起按专业需要进行校区调整。）,,1,五年,6900.0
西藏,2025,本科一批,理科,156,浙江中医药大学,,4,中医康复学,（办学地点：第一、第二学年在富春校区，第三学年起按专业需要进行校区调整。）,,1,五年,6000.0
西藏,2025,专科批,理科,407,浙江交通职业技术学院,,1,新能源汽车检测与维修技术,（办学地点：杭州校区。）,,10,三年,7500.0
西藏,2025,专科批,理科,407,浙江交通职业技术学院,,2,现代通信技术,（办学地点：杭州校区。）,,10,三年,6600.0
西藏,2025,本科一批,文科,155,浙江农林大学,,4,广告学,（办学地点：东湖校区。）,,5,四年,5300.0
西藏,2025,本科一批,文科,155,浙江农林大学,,8,工商管理,（办学地点：衣锦校区。）,,5,四年,5300.0
西藏,2025,本科一批,文科,155,浙江农林大学,,10,农林经济管理,（办学地点：衣锦校区。免补专业。）,,5,四年,5300.0
西藏,2025,本科一批,文科,155,浙江农林大学,,11,城市管理,（办学地点：衣锦校区。）,,5,四年,5300.0
西藏,2025,本科一批,文科,155,浙江农林大学,,1,国际经济与贸易,（办学地点：衣锦校区。）,,4,四年,5300.0
西藏,2025,本科一批,文科,155,浙江农林大学,,3,汉语言文学,（办学地点：衣锦校区。）,,4,四年,5300.0
西藏,2025,本科一批,文科,155,浙江农林大学,,2,法学,（办学地点：衣锦校区。）,,3,四年,5300.0
西藏,2025,本科一批,文科,155,浙江农林大学,,9,文化产业管理,（茶文化）（办学地点：东湖校区。）,,2,四年,5300.0
西藏,2025,本科一批,理科,155,浙江农林大学,,7,设施农业科学与工程,（办学地点：东湖校区。免补专业。）,,4,四年,5500.0
西藏,2025,本科一批,理科,155,浙江农林大学,,5,生物制药,（办学地点：东湖校区。）,,2,四年,6000.0
西藏,2025,本科一批,理科,155,浙江农林大学,,6,植物保护,（办学地点：东湖校区。免补专业。）,,2,四年,5500.0
西藏,2025,本科一批,文科,652,浙江外国语学院,,6,汉语言文学,（师范类。）,,8,四年,4800.0
西藏,2025,本科一批,文科,652,浙江外国语学院,,4,小学教育,（师范类。）,,6,四年,5500.0
西藏,2025,本科一批,文科,652,浙江外国语学院,,1,国际经济与贸易,,,4,四年,5500.0
西藏,2025,本科一批,文科,652,浙江外国语学院,,14,旅游管理,,,4,四年,4800.0
西藏,2025,本科一批,文科,652,浙江外国语学院,,7,英语,（招英语语种。英语≥120。师范类。）,,2,四年,5500.0
西藏,2025,本科一批,文科,652,浙江外国语学院,,10,国际商务,,,2,四年,4800.0
西藏,2025,本科一批,文科,652,浙江外国语学院,,12,跨境电子商务,,,2,四年,4800.0
西藏,2025,本科一批,文科,652,浙江外国语学院,,16,会展经济与管理,,,2,四年,4800.0
西藏,2025,本科一批,理科,652,浙江外国语学院,,5,小学教育,（师范类。）,,4,四年,5500.0
西藏,2025,本科一批,理科,652,浙江外国语学院,,15,旅游管理,,,4,四年,4800.0
西藏,2025,本科一批,理科,652,浙江外国语学院,,2,国际经济与贸易,,,2,四年,5500.0
西藏,2025,本科一批,理科,652,浙江外国语学院,,3,科学教育,（师范类。）,,2,四年,4800.0
西藏,2025,本科一批,理科,652,浙江外国语学院,,8,英语,（招英语语种。英语≥120。师范类。）,,2,四年,5500.0
西藏,2025,本科一批,理科,652,浙江外国语学院,,9,数学与应用数学,（师范类。）,,2,四年,4800.0
西藏,2025,本科一批,理科,652,浙江外国语学院,,11,国际商务,,,2,四年,4800.0
西藏,2025,本科一批,理科,652,浙江外国语学院,,13,跨境电子商务,,,2,四年,4800.0
西藏,2025,本科一批,理科,151,浙江大学,,6,理科试验班,（生命、环境、化学与地学）（含生物科学、生态学（免补专业）、环境工程（免补专业）、环境科学（免补专业）、化学、大气科学、地理信息科学、地质学（免补专业）专业。）,,3,四年,5300.0
西藏,2025,本科一批,理科,151,浙江大学,,4,工科试验班,（材料、化工与高分子）（含材料科学与工程、化学工程与工艺（含智慧化工卓越班）、生物工程、高分子材料与工程专业。）,,1,四年,6000.0
西藏,2025,本科一批,理科,151,浙江大学,,5,理科试验班类,（含商务大数据分析双学士学位项目）（含数学与应用数学、信息与计算科学、统计学、物理学、心理学、信息管理与信息系统专业；含商务大数据分析（信息管理与信息系统-统计学）双学士学位项目。）,,1,四年,5300.0
西藏,2025,本科一批,理科,151,浙江大学,,,药学,（民族预科班）（民族班。）,,1,四年,6000.0
西藏,2025,高校专项计划本科批,理科,151,浙江大学,,1,社会科学试验班,（含数字金融双学士学位项目）（含经济学、财政学、金融学、国际经济与贸易、教育学、会计学、工商管理、社会学、农林经济管理（免补专业）、行政管理、劳动与社会保障、土地资源管理、法学专业；含数字金融（金融学-数学与应用数学）双学士学位项目。）,,1,四年,5300.0
西藏,2025,本科一批,文科,151,浙江大学,,,政治学与行政学,（民族预科班）（民族班。）,,1,四年,5300.0
西藏,2025,高校专项计划本科批,文科,151,浙江大学,,3,人文科学试验班,（含古典文献学、汉语言文学、哲学、历史学、文物与博物馆学、考古学专业。）,,1,四年,5300.0
西藏,2025,国家专项计划本科批,文科,151,浙江大学,,2,社会科学试验班,（含数字金融双学士学位项目）（含经济学、财政学、金融学、国际经济与贸易、教育学、会计学、工商管理、社会学、农林经济管理（免补专业）、行政管理、劳动与社会保障、土地资源管理、法学专业；含数字金融（金融学-数学与应用数学）双学士学位项目。）,,2,四年,5300.0
西藏,2025,本科一批,文科,153,浙江工业大学,,1,法学,（办学地点：朝晖校区。）,,9,四年,5300.0
西藏,2025,本科一批,文科,153,浙江工业大学,,2,汉语言文学,（办学地点：朝晖校区。）,,3,四年,5300.0
西藏,2025,本科一批,文科,157,浙江师范大学,,2,经济与贸易类,（大一在杭州萧山校区，大二起在校本部。含金融学、国际经济与贸易专业。）,,3,四年,5300.0
西藏,2025,本科一批,文科,157,浙江师范大学,,9,工商管理类,（大一在杭州萧山校区，大二起在校本部。含财务管理、电子商务、会计学、工商管理专业。）,,3,四年,5300.0
西藏,2025,本科一批,文科,157,浙江师范大学,,5,学前教育,（办学地点：杭州萧山校区。师范类。）,,2,四年,6095.0
西藏,2025,本科一批,理科,157,浙江师范大学,,3,经济与贸易类,（大一在杭州萧山校区，大二起在校本部。含金融学、国际经济与贸易专业。）,,3,四年,5300.0
西藏,2025,本科一批,理科,157,浙江师范大学,,10,工商管理类,（大一在杭州萧山校区，大二起在校本部。含财务管理、电子商务、会计学、工商管理专业。）,,3,四年,5300.0
西藏,2025,本科一批,理科,157,浙江师范大学,,6,学前教育,（办学地点：杭州萧山校区。师范类。）,,2,四年,6095.0
西藏,2025,本科一批,理科,157,浙江师范大学,,7,化学,（师范类。）,,2,四年,6095.0
西藏,2025,国家专项计划本科批,文科,157,浙江师范大学,,2,经济与贸易类,（大一在杭州萧山校区，大二起在校本部。含金融学、国际经济与贸易专业。）,,2,四年,5300.0
西藏,2025,国家专项计划本科批,文科,157,浙江师范大学,,5,学前教育,（办学地点：杭州萧山校区。师范类。）,,2,四年,6095.0
西藏,2025,国家专项计划本科批,文科,157,浙江师范大学,,9,工商管理类,（大一在杭州萧山校区，大二起在校本部。含财务管理、电子商务、会计学、工商管理专业。）,,2,四年,5300.0
西藏,2025,本科二批,理科,438,浙江水利水电学院,,7,电气工程及其自动化,（办学地点：湖州南浔校区。）,,4,四年,6325.0
西藏,2025,本科二批,理科,438,浙江水利水电学院,,8,智能电网信息工程,（办学地点：湖州南浔校区。）,,4,四年,5500.0
西藏,2025,本科二批,理科,438,浙江水利水电学院,,3,地理信息科学,（大一在湖州市南浔校区就读，大二至大四在杭州市钱塘校区就读。）,,3,四年,4800.0
西藏,2025,本科二批,理科,438,浙江水利水电学院,,4,机械设计制造及其自动化,（办学地点：湖州南浔校区。）,,3,四年,6325.0
西藏,2025,本科二批,理科,438,浙江水利水电学院,,5,车辆工程,（办学地点：湖州南浔校区。）,,3,四年,5500.0
西藏,2025,本科二批,理科,438,浙江水利水电学院,,14,工程管理,（大一在湖州市南浔校区就读，大二至大四在杭州市钱塘校区就读。）,,3,四年,4800.0
西藏,2025,本科二批,理科,438,浙江水利水电学院,,2,金融工程,（办学地点：湖州南浔校区。）,,2,四年,4800.0
西藏,2025,本科二批,理科,438,浙江水利水电学院,,6,新能源科学与工程,（办学地点：湖州南浔校区。）,,2,四年,6325.0
西藏,2025,本科二批,理科,438,浙江水利水电学院,,9,建筑环境与能源应用工程,（办学地点：湖州南浔校区。）,,2,四年,5500.0
西藏,2025,本科二批,理科,438,浙江水利水电学院,,10,水文与水资源工程,（办学地点：湖州南浔校区。免补专业。）,,2,四年,5500.0
西藏,2025,本科二批,文科,438,浙江水利水电学院,,1,金融工程,（办学地点：湖州南浔校区。）,,4,四年,4800.0
西藏,2025,本科二批,文科,438,浙江水利水电学院,,15,人力资源管理,（大一至大二在湖州市南浔校区就读，大三至大四在杭州市钱塘校区就读。）,,4,四年,4800.0
西藏,2025,本科二批,文科,438,浙江水利水电学院,,17,物流工程,（大一至大二在湖州市南浔校区就读，大三至大四在杭州市钱塘校区就读。）,,4,四年,4800.0
西藏,2025,本科二批,理科,438,浙江水利水电学院,,11,遥感科学与技术,（大一在湖州市南浔校区就读，大二至大四在杭州市钱塘校区就读。）,,2,四年,5500.0
西藏,2025,本科二批,理科,438,浙江水利水电学院,,12,农业水利工程,（大一在湖州市南浔校区就读，大二至大四在杭州市钱塘校区就读。免补专业。）,,2,四年,5500.0
西藏,2025,本科二批,理科,438,浙江水利水电学院,,13,环境生态工程,（办学地点：湖州南浔校区。免补专业。）,,2,四年,5500.0
西藏,2025,本科二批,理科,438,浙江水利水电学院,,16,人力资源管理,（大一至大二在湖州市南浔校区就读，大三至大四在杭州市钱塘校区就读。）,,2,四年,4800.0
西藏,2025,本科二批,理科,438,浙江水利水电学院,,18,物流工程,（大一至大二在湖州市南浔校区就读，大三至大四在杭州市钱塘校区就读。）,,2,四年,4800.0
西藏,2025,本科二批,理科,192,浙江海洋大学,,3,机械设计制造及其自动化,（第一学年在定海校区，第二学年起在新城校区就读。）,,3,四年,5500.0
西藏,2025,本科二批,理科,192,浙江海洋大学,,2,生物科学,（第一学年在定海校区，第二学年起在新城校区就读。）,,2,四年,4800.0
西藏,2025,本科二批,理科,192,浙江海洋大学,,4,油气储运工程,（第一学年在定海校区，第二学年起在新城校区就读。免补专业。）,,2,四年,5500.0
西藏,2025,本科二批,理科,192,浙江海洋大学,,5,环境科学与工程,（第一学年在定海校区，第二学年起在新城校区就读。免补专业。）,,2,四年,5500.0
西藏,2025,本科二批,理科,192,浙江海洋大学,,6,食品科学与工程,（第一学年在定海校区，第二学年起在新城校区就读。）,,2,四年,6300.0
西藏,2025,本科二批,理科,192,浙江海洋大学,,7,食品质量与安全,（第一学年在定海校区，第二学年起在新城校区就读。）,,2,四年,5500.0
西藏,2025,本科二批,理科,192,浙江海洋大学,,8,药学,（第一学年在定海校区，第二学年起在新城校区就读。）,,2,四年,5500.0
西藏,2025,本科二批,文科,192,浙江海洋大学,,1,汉语言文学,（高级文秘方向）（办学地点：定海校区。）,,2,四年,5500.0
西藏,2025,本科二批,文科,192,浙江海洋大学,,9,财务管理,（定海校区就读。办学地点：定海校区。）,,2,四年,5500.0
西藏,2025,本科二批,文科,192,浙江海洋大学,,10,行政管理,（定海校区就读。办学地点：定海校区。）,,2,四年,4800.0
西藏,2025,本科二批,文科,192,浙江海洋大学,,11,物流管理,（定海校区就读。办学地点：定海校区。）,,2,四年,4800.0
西藏,2025,本科二批,文科,192,浙江海洋大学,,12,旅游管理,（定海校区就读。办学地点：定海校区。）,,2,四年,4800.0
西藏,2025,本科一批,理科,154,浙江理工大学,,5,自动化,（办学地点：下沙校区。）,,5,四年,6000.0
西藏,2025,本科一批,理科,154,浙江理工大学,,4,机械类,（含机械设计制造及其自动化、机械电子工程、智能制造工程专业。办学地点：下沙校区。）,,3,四年,6000.0
西藏,2025,本科一批,理科,154,浙江理工大学,,3,生物科学类,（含生物技术、生物制药专业。办学地点：下沙校区。）,,2,四年,5300.0
西藏,2025,本科一批,理科,154,浙江理工大学,,6,服装设计与工程,（办学地点：临平校区。）,,2,四年,6000.0
西藏,2025,本科一批,文科,154,浙江理工大学,,1,经济与贸易类,（含经济学、金融学、国际经济与贸易专业。办学地点：下沙校区。）,,4,四年,6000.0
西藏,2025,本科一批,文科,154,浙江理工大学,,7,工商管理类,（含工商管理、会计学、人力资源管理专业。办学地点：下沙校区。）,,3,四年,5300.0
西藏,2025,本科一批,文科,154,浙江理工大学,,2,新闻传播学类,（含传播学、汉语言文学专业。办学地点：临平校区。）,,2,四年,5300.0
西藏,2025,本科一批,文科,154,浙江理工大学,,8,行政管理,（办学地点：临平校区。）,,2,四年,5300.0
西藏,2025,专科批,理科,493,浙江艺术职业学院,,5,影视多媒体技术,（办学地点：东冠校区。）,,4,三年,6500.0
西藏,2025,专科批,文科,493,浙江艺术职业学院,,6,摄影摄像技术,（东冠校区。办学地点：东冠校区。）,,3,三年,6500.0
西藏,2025,提前批艺体类专科,文科,493,浙江艺术职业学院,,,服装与服饰设计,（办学地点：校本部主校区。认可区内美术与设计类专业统考成绩。）,,3,三年,10350.0
西藏,2025,提前批艺体类专科,文科,493,浙江艺术职业学院,,,广告艺术设计,（办学地点：校本部主校区。认可区内美术与设计类专业统考成绩。）,,3,三年,10350.0
西藏,2025,提前批艺体类专科,文科,493,浙江艺术职业学院,,,环境艺术设计,（办学地点：东冠校区。认可区内美术与设计类专业统考成绩。）,,2,三年,10350.0
西藏,2025,提前批艺体类专科,文科,493,浙江艺术职业学院,,,展示艺术设计,（办学地点：东冠校区。认可区内美术与设计类专业统考成绩。）,,2,三年,9000.0
西藏,2025,提前录取本科二批,文科,625,浙江警察学院,,1,治安学,（须参加政治考察、面试、体检和体能测试且合格，招男生。毕业时达到毕业条件且符合人民警察报考条件的，均可参加公安部统一联考，其中笔试、面试、体检、体测和考察均合格的毕业生，面向地方公安机关就业的，原则上录用到西藏公安机关，且需完成最低服务年限要求。）,,2,四年,6000.0
西藏,2025,提前录取本科二批,文科,625,浙江警察学院,,2,侦查学,（须参加政治考察、面试、体检和体能测试且合格，招男女生各1人。毕业时达到毕业条件且符合人民警察报考条件的，均可参加公安部统一联考，其中笔试、面试、体检、体测和考察均合格的毕业生，面向地方公安机关就业的，原则上录用到西藏公安机关，且需完成最低服务年限要求。）,,2,四年,6000.0
西藏,2025,提前录取本科二批,文科,625,浙江警察学院,,4,警务指挥与战术,（须参加政治考察、面试、体检和体能测试且合格，招男生。毕业时达到毕业条件且符合人民警察报考条件的，均可参加公安部统一联考，其中笔试、面试、体检、体测和考察均合格的毕业生，面向地方公安机关就业的，原则上录用到西藏公安机关，且需完成最低服务年限要求。）,,2,四年,6900.0
西藏,2025,提前录取本科二批,文科,625,浙江警察学院,,3,经济犯罪侦查,（须参加政治考察、面试、体检和体能测试且合格，招男生。毕业时达到毕业条件且符合人民警察报考条件的，均可参加公安部统一联考，其中笔试、面试、体检、体测和考察均合格的毕业生，面向地方公安机关就业的，原则上录用到西藏公安机关，且需完成最低服务年限要求。）,,1,四年,6000.0
西藏,2025,提前录取本科二批,理科,625,浙江警察学院,,5,刑事科学技术,（须参加政治考察、面试、体检和体能测试且合格，招男生。毕业时达到毕业条件且符合人民警察报考条件的，均可参加公安部统一联考，其中笔试、面试、体检、体测和考察均合格的毕业生，面向地方公安机关就业的，原则上录用到西藏公安机关，且需完成最低服务年限要求。）,,3,四年,6600.0
西藏,2025,提前录取本科二批,理科,625,浙江警察学院,,6,交通管理工程,（智能交通方向）（须参加政治考察、面试、体检和体能测试且合格，招男生。毕业时达到毕业条件且符合人民警察报考条件的，均可参加公安部统一联考，其中笔试、面试、体检、体测和考察均合格的毕业生，面向地方公安机关就业的，原则上录用到西藏公安机关，且需完成最低服务年限要求。）,,3,四年,6600.0
西藏,2025,提前录取本科二批,理科,625,浙江警察学院,,8,数据警务技术,（须参加政治考察、面试、体检和体能测试且合格，招男生。毕业时达到毕业条件且符合人民警察报考条件的，均可参加公安部统一联考，其中笔试、面试、体检、体测和考察均合格的毕业生，面向地方公安机关就业的，原则上录用到西藏公安机关，且需完成最低服务年限要求。）,,3,四年,6600.0
西藏,2025,提前录取本科二批,理科,625,浙江警察学院,,7,网络安全与执法,（须参加政治考察、面试、体检和体能测试且合格，招男女生各1人。毕业时达到毕业条件且符合人民警察报考条件的，均可参加公安部统一联考，其中笔试、面试、体检、体测和考察均合格的毕业生，面向地方公安机关就业的，原则上录用到西藏公安机关，且需完成最低服务年限要求。）,,2,四年,6600.0
西藏,2025,本科一批,理科,1093,海南医科大学,,6,护理学,（不招色盲、色弱。）,,7,四年,6000.0
西藏,2025,本科一批,理科,1093,海南医科大学,,7,健康服务与管理,,,4,四年,4620.0
西藏,2025,本科一批,理科,1093,海南医科大学,,1,临床医学,（不招色盲、色弱。）,,3,五年,6000.0
西藏,2025,本科一批,理科,1093,海南医科大学,,4,医学检验技术,（不招色盲、色弱。）,,3,四年,6000.0
西藏,2025,本科一批,理科,1093,海南医科大学,,5,医学影像技术,（不招色盲、色弱。）,,3,四年,6000.0
西藏,2025,本科一批,理科,1093,海南医科大学,,2,精神医学,（不招色盲、色弱。）,,2,五年,6000.0
西藏,2025,本科一批,理科,1093,海南医科大学,,3,预防医学,（不招色盲、色弱。）,,2,五年,6000.0
西藏,2025,专科批,文科,823,海南卫生健康职业学院,,1,护理,,,1,三年,
西藏,2025,专科批,理科,823,海南卫生健康职业学院,,,护理,（西藏班）,,5,三年,
西藏,2025,专科批,文科,565,海南外国语职业学院,,1,应用俄语,,,1,三年,5700.0
西藏,2025,本科一批,理科,224,海南大学,,2,数据科学与大数据技术,（办学地点：海甸校区。）,,2,四年,4600.0
西藏,2025,本科一批,文科,224,海南大学,,3,旅游管理,（观澜湖校区。办学地点：观澜湖校区。）,,2,四年,4600.0
西藏,2025,本科一批,文科,224,海南大学,,1,思想政治教育,（办学地点：海甸校区。）,,1,四年,4600.0
西藏,2025,本科一批,理科,380,海南师范大学,,6,数学与应用数学,（办学地点：桂林洋校区。师范类。）,,2,四年,4620.0
西藏,2025,本科一批,理科,380,海南师范大学,,7,物理学,（办学地点：龙昆南校区。师范类。）,,2,四年,4620.0
西藏,2025,本科一批,理科,380,海南师范大学,,8,生物科学,（不招色弱、色盲或单色识别不全者。办学地点：龙昆南校区。师范类。）,,2,四年,4620.0
西藏,2025,本科一批,文科,380,海南师范大学,,4,汉语言文学,（办学地点：桂林洋校区。师范类。）,,2,四年,4180.0
西藏,2025,本科一批,文科,380,海南师范大学,,5,历史学,（办学地点：桂林洋校区。师范类。）,,2,四年,4180.0
西藏,2025,本科二批,理科,331,海南热带海洋学院,,15,数字媒体技术,（办学地点：三亚校区。）,,4,四年,4620.0
西藏,2025,本科二批,理科,331,海南热带海洋学院,,8,生物技术,（不招色盲、色弱。办学地点：三亚校区。）,,3,四年,4620.0
西藏,2025,本科二批,理科,331,海南热带海洋学院,,16,环境工程,（不招色盲、色弱。办学地点：三亚校区。免补专业。）,,3,四年,4620.0
西藏,2025,本科二批,理科,331,海南热带海洋学院,,9,生态学,（不招色盲、色弱。办学地点：三亚校区。免补专业。）,,2,四年,4620.0
西藏,2025,本科二批,理科,331,海南热带海洋学院,,10,应用心理学,（不招色盲、色弱。办学地点：三亚校区。）,,2,四年,4620.0
西藏,2025,本科二批,理科,331,海南热带海洋学院,,11,通信工程,（办学地点：三亚校区。）,,2,四年,4620.0
西藏,2025,本科二批,理科,331,海南热带海洋学院,,13,计算机科学与技术,（不招单色识别不全者。办学地点：三亚校区。）,,2,四年,4620.0
西藏,2025,本科二批,理科,331,海南热带海洋学院,,14,软件工程,（办学地点：三亚校区。）,,2,四年,4620.0
西藏,2025,本科二批,理科,331,海南热带海洋学院,,17,食品科学与工程,（不招色盲、色弱。办学地点：三亚校区。）,,2,四年,4620.0
西藏,2025,本科二批,理科,331,海南热带海洋学院,,7,生物科学,（不招色盲、色弱。办学地点：三亚校区。）,,1,四年,4620.0
西藏,2025,本科二批,文科,331,海南热带海洋学院,,3,汉语言文学,（办学地点：三亚校区。）,,3,四年,4180.0
西藏,2025,本科二批,文科,331,海南热带海洋学院,,6,新闻学,（办学地点：三亚校区。）,,3,四年,4180.0
西藏,2025,本科二批,文科,331,海南热带海洋学院,,2,思想政治教育,（办学地点：三亚校区。师范类。）,,2,四年,4620.0
西藏,2025,本科二批,文科,331,海南热带海洋学院,,4,汉语国际教育,（办学地点：三亚校区。）,,2,四年,4180.0
西藏,2025,本科二批,文科,331,海南热带海洋学院,,5,俄语,（办学地点：三亚校区。）,,2,四年,4620.0
西藏,2025,本科二批,文科,331,海南热带海洋学院,,18,市场营销,（不招单色识别不全者。办学地点：三亚校区。）,,2,四年,4620.0
西藏,2025,本科二批,文科,331,海南热带海洋学院,,19,物流管理,（办学地点：三亚校区。）,,2,四年,4620.0
西藏,2025,本科二批,文科,331,海南热带海洋学院,,1,社会工作,（办学地点：三亚校区。）,,1,四年,4620.0
西藏,2025,本科二批,理科,331,海南热带海洋学院,,12,电子信息科学与技术,（办学地点：三亚校区。）,,1,四年,4620.0
西藏,2025,本科二批,理科,,海南科技职业大学,,,建筑工程,（办学地点：海南科技职业大学云龙校区。）,,3,四年,36900.0
西藏,2025,本科二批,理科,,海南科技职业大学,,,机械设计制造及自动化,（办学地点：海南科技职业大学美兰校区。）,,2,四年,36900.0
西藏,2025,本科二批,理科,,海南科技职业大学,,,新能源汽车工程技术,（办学地点：海南科技职业大学美兰校区。）,,2,四年,36900.0
西藏,2025,本科二批,理科,,海南科技职业大学,,,制药工程技术,（办学地点：海南科技职业大学美兰校区。）,,2,四年,36900.0
西藏,2025,本科二批,理科,,海南科技职业大学,,,大数据工程技术,（办学地点：海南科技职业大学美兰校区。）,,2,四年,36900.0
西藏,2025,本科二批,理科,,海南科技职业大学,,,药学,（办学地点：海南科技职业大学云龙校区。）,,2,四年,36900.0
西藏,2025,本科二批,理科,,海南科技职业大学,,,口腔医学技术,（办学地点：海南科技职业大学云龙校区。）,,2,四年,36900.0
西藏,2025,本科二批,理科,,海南科技职业大学,,,大数据与会计,（办学地点：海南科技职业大学云龙校区。）,,2,四年,36900.0
西藏,2025,本科二批,理科,,海南科技职业大学,,,学前教育,（办学地点：海南科技职业大学云龙校区。）,,2,四年,36900.0
西藏,2025,专科批,理科,,海南科技职业大学,,,口腔医学技术,（办学地点：海南科技职业大学云龙校区。）,,1,三年,20900.0
西藏,2025,本科二批,文科,,海南科技职业大学,,,制药工程技术,（办学地点：海南科技职业大学美兰校区。）,,2,四年,36900.0
西藏,2025,本科二批,文科,,海南科技职业大学,,,药学,（办学地点：海南科技职业大学云龙校区。）,,2,四年,36900.0
西藏,2025,本科二批,文科,,海南科技职业大学,,,口腔医学技术,（办学地点：海南科技职业大学云龙校区。）,,2,四年,36900.0
西藏,2025,本科二批,文科,,海南科技职业大学,,,金融管理,（办学地点：海南科技职业大学美兰校区。）,,2,四年,36900.0
西藏,2025,本科二批,文科,,海南科技职业大学,,,大数据与会计,（办学地点：海南科技职业大学云龙校区。）,,2,四年,36900.0
西藏,2025,本科二批,文科,,海南科技职业大学,,,旅游规划与设计,（办学地点：海南科技职业大学美兰校区。）,,2,四年,36900.0
西藏,2025,本科二批,文科,,海南科技职业大学,,,学前教育,（办学地点：海南科技职业大学云龙校区。）,,2,四年,36900.0
西藏,2025,专科批,理科,602,海南经贸职业技术学院,,2,网络营销与直播电商,,,1,三年,5700.0
西藏,2025,专科批,文科,602,海南经贸职业技术学院,,1,国际经济与贸易,,,1,三年,5700.0
西藏,2025,专科批,理科,406,海南职业技术学院,,4,畜牧兽医,（免补专业。）,,19,三年,10800.0
西藏,2025,专科批,理科,406,海南职业技术学院,,16,人力资源管理,,,5,三年,13800.0
西藏,2025,专科批,理科,406,海南职业技术学院,,2,园林技术,（免补专业。）,,3,三年,13800.0
西藏,2025,专科批,理科,406,海南职业技术学院,,6,新能源汽车技术,,,3,三年,13800.0
西藏,2025,专科批,理科,406,海南职业技术学院,,8,计算机网络技术,,,3,三年,15800.0
西藏,2025,专科批,理科,406,海南职业技术学院,,10,中药学,,,3,三年,13800.0
西藏,2025,专科批,理科,406,海南职业技术学院,,12,大数据与会计,,,3,三年,13800.0
西藏,2025,专科批,理科,406,海南职业技术学院,,14,电子商务,,,3,三年,13800.0
西藏,2025,专科批,文科,406,海南职业技术学院,,3,畜牧兽医,（免补专业。）,,19,三年,10800.0
西藏,2025,专科批,文科,406,海南职业技术学院,,15,人力资源管理,,,5,三年,13800.0
西藏,2025,专科批,文科,406,海南职业技术学院,,5,新能源汽车技术,,,3,三年,13800.0
西藏,2025,专科批,文科,406,海南职业技术学院,,9,中药学,,,3,三年,13800.0
西藏,2025,专科批,文科,406,海南职业技术学院,,1,园林技术,（免补专业。）,,2,三年,13800.0
西藏,2025,专科批,文科,406,海南职业技术学院,,7,计算机网络技术,,,2,三年,15800.0
西藏,2025,专科批,文科,406,海南职业技术学院,,11,大数据与会计,,,2,三年,13800.0
西藏,2025,专科批,文科,406,海南职业技术学院,,13,电子商务,,,2,三年,13800.0
西藏,2025,专科批,理科,563,海南软件职业技术学院,,1,软件技术,,,2,三年,5700.0
西藏,2025,本科二批,理科,,海口经济学院,,,电气工程及其自动化,（智能控制）,,5,四年,38900.0
西藏,2025,本科二批,理科,,海口经济学院,,,经济学类,（含经济学（金融与科技方向）、国际经济与贸易（跨境电商方向）专业。）,,3,四年,36900.0
西藏,2025,本科二批,文科,,海口经济学院,,,会计学,,,2,四年,36900.0
西藏,2025,专科批,理科,317,淮北职业技术学院,,4,机电一体化技术,（办学地点：安徽省淮北市。）,,6,三年,3900.0
西藏,2025,专科批,理科,317,淮北职业技术学院,,8,计算机应用技术,（办学地点：安徽省淮北市。）,,6,三年,3900.0
西藏,2025,专科批,理科,317,淮北职业技术学院,,10,现代物流管理,（办学地点：安徽省淮北市。）,,5,三年,3500.0
西藏,2025,专科批,理科,317,淮北职业技术学院,,12,旅游管理,（办学地点：安徽省淮北市。）,,5,三年,3500.0
西藏,2025,专科批,理科,317,淮北职业技术学院,,13,智慧健康养老服务与管理,（办学地点：安徽省淮北市。）,,5,三年,3900.0
西藏,2025,专科批,理科,317,淮北职业技术学院,,1,建筑工程技术,（办学地点：安徽省淮北市。）,,4,三年,3900.0
西藏,2025,专科批,理科,317,淮北职业技术学院,,6,服装设计与工艺,（办学地点：安徽省淮北市。）,,4,三年,3900.0
西藏,2025,专科批,文科,317,淮北职业技术学院,,3,机电一体化技术,（办学地点：安徽省淮北市。）,,9,三年,3900.0
西藏,2025,专科批,文科,317,淮北职业技术学院,,7,计算机应用技术,（办学地点：安徽省淮北市。）,,9,三年,3900.0
西藏,2025,专科批,文科,317,淮北职业技术学院,,2,建筑工程技术,（办学地点：安徽省淮北市。）,,6,三年,3900.0
西藏,2025,专科批,文科,317,淮北职业技术学院,,5,服装设计与工艺,（办学地点：安徽省淮北市。）,,6,三年,3900.0
西藏,2025,专科批,文科,317,淮北职业技术学院,,11,旅游管理,（办学地点：安徽省淮北市。）,,6,三年,3500.0
西藏,2025,专科批,文科,317,淮北职业技术学院,,9,现代物流管理,（办学地点：安徽省淮北市。）,,5,三年,3500.0
西藏,2025,专科批,文科,317,淮北职业技术学院,,14,智慧健康养老服务与管理,（办学地点：安徽省淮北市。）,,5,三年,3900.0
西藏,2025,专科批,理科,646,淮南职业技术学院,,22,旅游管理,（办学地点：洞山校区。）,,11,三年,6000.0
西藏,2025,专科批,理科,646,淮南职业技术学院,,2,建筑室内设计,（办学地点：洞山校区。）,,10,三年,6500.0
西藏,2025,专科批,理科,646,淮南职业技术学院,,4,机械制造及自动化,（办学地点：春申湖校区。）,,10,三年,6500.0
西藏,2025,专科批,理科,646,淮南职业技术学院,,6,机电设备技术,（办学地点：春申湖校区。）,,10,三年,6500.0
西藏,2025,专科批,理科,646,淮南职业技术学院,,8,工业机器人技术,（办学地点：春申湖校区。）,,10,三年,6500.0
西藏,2025,专科批,理科,646,淮南职业技术学院,,12,物联网应用技术,（办学地点：春申湖校区。）,,10,三年,6500.0
西藏,2025,专科批,理科,646,淮南职业技术学院,,14,计算机应用技术,（办学地点：春申湖校区。）,,10,三年,6500.0
西藏,2025,专科批,理科,646,淮南职业技术学院,,16,护理,（办学地点：洞山校区。）,,10,三年,6500.0
西藏,2025,专科批,理科,646,淮南职业技术学院,,18,药学,（办学地点：洞山校区。）,,10,三年,6500.0
西藏,2025,专科批,理科,646,淮南职业技术学院,,20,网络营销与直播电商,（办学地点：洞山校区。）,,10,三年,6000.0
西藏,2025,专科批,文科,646,淮南职业技术学院,,1,建筑室内设计,（办学地点：洞山校区。）,,10,三年,6500.0
西藏,2025,专科批,文科,646,淮南职业技术学院,,3,机械制造及自动化,（办学地点：春申湖校区。）,,10,三年,6500.0
西藏,2025,专科批,文科,646,淮南职业技术学院,,5,机电设备技术,（办学地点：春申湖校区。）,,10,三年,6500.0
西藏,2025,专科批,文科,646,淮南职业技术学院,,7,工业机器人技术,（办学地点：春申湖校区。）,,10,三年,6500.0
西藏,2025,专科批,文科,646,淮南职业技术学院,,11,物联网应用技术,（办学地点：春申湖校区。）,,10,三年,6500.0
西藏,2025,专科批,文科,646,淮南职业技术学院,,13,计算机应用技术,（办学地点：春申湖校区。）,,10,三年,6500.0
西藏,2025,专科批,文科,646,淮南职业技术学院,,15,护理,（办学地点：洞山校区。）,,10,三年,6500.0
西藏,2025,专科批,文科,646,淮南职业技术学院,,17,药学,（办学地点：洞山校区。）,,10,三年,6500.0
西藏,2025,专科批,文科,646,淮南职业技术学院,,19,网络营销与直播电商,（办学地点：洞山校区。）,,10,三年,6000.0
西藏,2025,专科批,文科,646,淮南职业技术学院,,21,旅游管理,（办学地点：洞山校区。）,,10,三年,6000.0
西藏,2025,专科批,理科,646,淮南职业技术学院,,24,视觉传达设计,（办学地点：洞山校区。）,,10,三年,6500.0
西藏,2025,专科批,理科,646,淮南职业技术学院,,26,学前教育,（办学地点：春申湖校区。师范类。）,,10,三年,6000.0
西藏,2025,专科批,理科,646,淮南职业技术学院,,10,城市轨道交通工程技术,（办学地点：春申湖校区。）,,5,三年,6500.0
西藏,2025,专科批,文科,646,淮南职业技术学院,,23,视觉传达设计,（办学地点：洞山校区。）,,10,三年,6500.0
西藏,2025,专科批,文科,646,淮南职业技术学院,,25,学前教育,（办学地点：春申湖校区。师范类。）,,10,三年,6000.0
西藏,2025,专科批,文科,646,淮南职业技术学院,,9,城市轨道交通工程技术,（办学地点：春申湖校区。）,,5,三年,6500.0
西藏,2025,本科一批,理科,570,深圳大学,,2,机械设计制造及其自动化,（办学地点：粤海校区。）,,3,四年,6230.0
西藏,2025,本科一批,理科,570,深圳大学,,3,计算机科学与技术,（办学地点：粤海校区。）,,3,四年,6853.0
西藏,2025,本科一批,文科,570,深圳大学,,1,汉语言文学,（办学地点：粤海校区。师范类。）,,2,四年,5510.0
西藏,2025,本科一批,文科,570,深圳大学,,5,工商管理,（办学地点：丽湖校区。）,,2,四年,5510.0
西藏,2025,专科批,理科,334,深圳职业技术大学,,1,汽车电子技术,（不招单色识别不全者。办学地点：西丽校区。）,,4,三年,6000.0
西藏,2025,专科批,理科,334,深圳职业技术大学,,2,虚拟现实技术应用,（不招单色识别不全者。办学地点：西丽校区。）,,4,三年,6000.0
西藏,2025,专科批,理科,334,深圳职业技术大学,,3,康复治疗技术,（因用人单位可能对考生身体素质有要求，请男生身高＜160cm、女生身高＜150cm的考生慎重报考。办学地点：西丽校区。）,,2,三年,6000.0
西藏,2025,国家专项计划本科批,理科,3,清华大学,,2,工科试验班,（智能制造与装备类）（含车辆工程、机械工程(含实验班)专业。）,,1,四年,5000.0
西藏,2025,本科一批,理科,3,清华大学,,2,工科试验班,（智能制造与装备类）（含车辆工程、机械工程（含实验班）专业。）,,1,四年,5000.0
西藏,2025,本科一批,理科,3,清华大学,,5,工科试验班,（自强书院。含交叉工程（等专业）专业。）,,1,四年,5000.0
西藏,2025,本科一批,理科,3,清华大学,,6,工科试验班,（无穹书院。含人工智能（等专业）专业。）,,1,四年,5000.0
西藏,2025,本科一批,理科,3,清华大学,,7,工科试验班,（水木书院。含交叉工程（等专业）专业。）,,1,四年,5000.0
西藏,2025,本科一批,理科,3,清华大学,,8,工科试验班,（笃实书院。含交叉工程（等专业）专业。）,,1,四年,5000.0
西藏,2025,本科一批,理科,3,清华大学,,9,工科试验班,（秀钟书院。含交叉工程（等专业）专业。）,,1,四年,5000.0
西藏,2025,本科一批,理科,3,清华大学,,10,理科试验班,（经济、金融与管理）（含计算机科学与技术（与金融学双学位等专业）专业。）,,1,四年,5000.0
西藏,2025,本科一批,理科,3,清华大学,,26,电子信息类,（含电子信息科学与技术专业。）,,1,四年,5000.0
西藏,2025,高校专项计划本科批,理科,3,清华大学,,7,工科试验班,（水木书院。含交叉工程(等专业)专业。）,,1,四年,5000.0
西藏,2025,国家专项计划本科批,文科,3,清华大学,,12,法学类,（含法学(含国际班)专业。）,,1,四年,5000.0
西藏,2025,本科一批,文科,3,清华大学,,1,文科试验班类,（至善书院。含经济学、社会学专业。）,,1,四年,5000.0
西藏,2025,本科一批,文科,3,清华大学,,12,法学类,（含法学（含国际班）专业。）,,1,四年,5000.0
西藏,2025,本科二批,理科,82,渤海大学,,16,物流管理,（办学地点：滨海校区。）,,6,四年,5200.0
西藏,2025,本科二批,理科,82,渤海大学,,12,市场营销,（办学地点：滨海校区。）,,5,四年,5200.0
西藏,2025,本科二批,理科,82,渤海大学,,18,旅游管理,（办学地点：松山校区。）,,4,四年,5200.0
西藏,2025,本科二批,理科,82,渤海大学,,2,教育技术学,（办学地点：松山校区。师范类。）,,3,四年,4800.0
西藏,2025,本科二批,理科,82,渤海大学,,8,新闻学,（办学地点：松山校区。）,,2,四年,4800.0
西藏,2025,本科二批,理科,82,渤海大学,,10,工商管理,（办学地点：滨海校区。）,,2,四年,5200.0
西藏,2025,本科二批,理科,82,渤海大学,,15,会计学,（办学地点：滨海校区。）,,2,四年,5200.0
西藏,2025,本科二批,理科,82,渤海大学,,3,学前教育,（办学地点：松山校区。师范类。）,,1,四年,4800.0
西藏,2025,本科二批,理科,82,渤海大学,,5,小学教育,（办学地点：松山校区。师范类。）,,1,四年,4800.0
西藏,2025,本科二批,文科,82,渤海大学,,13,市场营销,（办学地点：滨海校区。）,,8,四年,5200.0
西藏,2025,本科二批,文科,82,渤海大学,,1,思想政治教育,（办学地点：松山校区。师范类。）,,5,四年,4800.0
西藏,2025,本科二批,文科,82,渤海大学,,7,汉语言文学,（办学地点：松山校区。师范类。）,,3,四年,4800.0
西藏,2025,本科二批,文科,82,渤海大学,,9,新闻学,（办学地点：松山校区。）,,3,四年,4800.0
西藏,2025,本科二批,文科,82,渤海大学,,11,工商管理,（办学地点：滨海校区。）,,3,四年,5200.0
西藏,2025,本科二批,文科,82,渤海大学,,4,学前教育,（办学地点：松山校区。师范类。）,,2,四年,4800.0
西藏,2025,本科二批,文科,82,渤海大学,,6,小学教育,（办学地点：松山校区。师范类。）,,2,四年,4800.0
西藏,2025,本科二批,文科,82,渤海大学,,14,会计学,（办学地点：滨海校区。）,,2,四年,5200.0
西藏,2025,本科二批,文科,82,渤海大学,,17,物流管理,（办学地点：滨海校区。）,,1,四年,5200.0
西藏,2025,本科二批,文科,82,渤海大学,,19,旅游管理,（办学地点：松山校区。）,,1,四年,5200.0
西藏,2025,本科一批,理科,193,温州医科大学,,1,生物技术,（办学地点：第一学年在滨海校区，第二学年起在茶山校区。）,,5,四年,5300.0
西藏,2025,本科一批,理科,193,温州医科大学,,7,护理学,（办学地点：第一学年在滨海校区，第二学年起在茶山校区。）,,4,四年,6000.0
西藏,2025,本科一批,理科,193,温州医科大学,,8,信息管理与信息系统,（办学地点：茶山校区。）,,4,四年,5300.0
西藏,2025,本科一批,理科,193,温州医科大学,,3,临床医学,（内招班）,,4,,
西藏,2025,本科一批,理科,193,温州医科大学,,,精神医学,（内招班）,,4,,
西藏,2025,本科一批,理科,193,温州医科大学,,4,预防医学,（办学地点：茶山校区。）,,3,五年,6900.0
西藏,2025,本科一批,理科,193,温州医科大学,,,儿科学,（内招班）,,3,,
西藏,2025,本科一批,理科,193,温州医科大学,,7,护理学,（内招班）,,3,,
西藏,2025,本科一批,理科,193,温州医科大学,,2,应用心理学,（办学地点：茶山校区。）,,2,四年,5300.0
西藏,2025,本科一批,理科,193,温州医科大学,,3,临床医学,（办学地点：茶山校区。）,,2,五年,6900.0
西藏,2025,本科一批,理科,193,温州医科大学,,5,药学,（办学地点：第一学年在滨海校区，第二学年起在茶山校区。）,,2,四年,6000.0
西藏,2025,本科一批,理科,193,温州医科大学,,6,中药学,（办学地点：茶山校区。）,,2,四年,6000.0
西藏,2025,本科一批,理科,193,温州医科大学,,,医学影像学,（内招班）,,2,,
西藏,2025,本科一批,理科,193,温州医科大学,,,助产学,（内招班）,,2,,
西藏,2025,本科一批,理科,193,温州医科大学,,,麻醉学,（内招班）,,1,,
西藏,2025,本科一批,理科,518,温州大学,,16,土木工程,（办学地点：温州大学。）,,7,四年,6325.0
西藏,2025,本科一批,理科,518,温州大学,,5,教育技术学,（办学地点：温州大学。师范类。）,,6,四年,4800.0
西藏,2025,本科一批,理科,518,温州大学,,12,生物技术,（办学地点：温州大学。）,,4,四年,4800.0
西藏,2025,本科一批,理科,518,温州大学,,11,生物科学,（办学地点：温州大学。师范类。）,,3,四年,4800.0
西藏,2025,本科一批,理科,518,温州大学,,18,环境工程,（办学地点：温州大学。免补专业。）,,3,四年,5500.0
西藏,2025,本科一批,理科,518,温州大学,,19,建筑学,（办学地点：温州大学。）,,3,五年,5500.0
西藏,2025,本科一批,理科,518,温州大学,,1,金融工程,（办学地点：温州大学。）,,2,四年,5520.0
西藏,2025,本科一批,理科,518,温州大学,,10,能源化学,（办学地点：温州大学。）,,2,四年,4800.0
西藏,2025,本科一批,理科,518,温州大学,,13,生态学,（办学地点：温州大学。免补专业。）,,2,四年,4800.0
西藏,2025,本科一批,理科,518,温州大学,,14,电子信息科学与技术,（办学地点：温州大学。）,,2,四年,5500.0
西藏,2025,本科一批,文科,518,温州大学,,6,小学教育,（办学地点：温州大学。师范类。）,,4,四年,4800.0
西藏,2025,本科一批,文科,518,温州大学,,2,国际经济与贸易,（办学地点：温州大学。）,,2,四年,4800.0
西藏,2025,本科一批,文科,518,温州大学,,3,法学,（办学地点：温州大学。）,,2,四年,4800.0
西藏,2025,本科一批,文科,518,温州大学,,4,思想政治教育,（办学地点：温州大学。师范类。）,,2,四年,4800.0
西藏,2025,本科一批,文科,518,温州大学,,7,汉语言文学,（办学地点：温州大学。师范类。）,,2,四年,4800.0
西藏,2025,本科一批,文科,518,温州大学,,8,广告学,（办学地点：温州大学。）,,2,四年,4800.0
西藏,2025,本科一批,文科,518,温州大学,,9,历史学,（办学地点：温州大学。师范类。）,,2,四年,4800.0
西藏,2025,本科一批,文科,518,温州大学,,20,工商管理,（办学地点：温州大学。）,,2,四年,4800.0
西藏,2025,本科一批,文科,518,温州大学,,21,财务管理,（办学地点：温州大学。）,,2,四年,4800.0
西藏,2025,本科一批,文科,518,温州大学,,22,行政管理,（办学地点：温州大学。）,,2,四年,4800.0
西藏,2025,本科一批,理科,518,温州大学,,17,服装设计与工程,（卓工超豪示范班）（办学地点：温州大学。）,,2,四年,5500.0
西藏,2025,本科一批,理科,518,温州大学,,15,人工智能,（办学地点：温州大学。）,,1,四年,5500.0
西藏,2025,本科二批,文科,278,渭南师范学院,,1,思想政治教育,（办学地点：朝阳校区。师范类。）,,9,四年,5000.0
西藏,2025,本科二批,文科,278,渭南师范学院,,6,历史学,（办学地点：朝阳校区。师范类。）,,8,四年,4250.0
西藏,2025,本科二批,文科,278,渭南师范学院,,2,学前教育,（办学地点：朝阳校区。师范类。）,,7,四年,5350.0
西藏,2025,本科二批,文科,278,渭南师范学院,,5,汉语言文学,（办学地点：朝阳校区。师范类。）,,7,四年,5350.0
西藏,2025,本科二批,文科,278,渭南师范学院,,3,小学教育,（办学地点：朝阳校区。师范类。）,,6,四年,5000.0
西藏,2025,提前批艺体类本科,理科,278,渭南师范学院,,,体育教育,（办学地点：朝阳校区。认可区内体育统考成绩。师范类。）,,10,四年,5000.0
西藏,2025,专科批,文科,726,湄洲湾职业技术学院,,1,大数据与会计,,,5,三年,6000.0
西藏,2025,专科批,文科,726,湄洲湾职业技术学院,,2,研学旅行管理与服务,,,5,三年,6000.0
西藏,2025,专科批,文科,726,湄洲湾职业技术学院,,3,社会工作,,,5,三年,6000.0
西藏,2025,本科二批,理科,548,湖北中医药大学,,7,医学检验技术,,,2,四年,5200.0
西藏,2025,本科二批,理科,548,湖北中医药大学,,8,护理学,,,2,四年,5200.0
西藏,2025,本科二批,理科,548,湖北中医药大学,,1,中医学,,,1,五年,5200.0
西藏,2025,本科二批,理科,548,湖北中医药大学,,1,中医学,（5+3一体化）,,1,五年,5200.0
西藏,2025,本科二批,理科,548,湖北中医药大学,,3,针灸推拿学,,,1,五年,5200.0
西藏,2025,本科二批,理科,548,湖北中医药大学,,4,中医骨伤科学,,,1,五年,5200.0
西藏,2025,本科二批,理科,548,湖北中医药大学,,5,药学,,,1,四年,5200.0
西藏,2025,本科二批,理科,548,湖北中医药大学,,6,药物制剂,,,1,四年,4000.0
西藏,2025,专科批,理科,404,湖北中医药高等专科学校,,6,临床医学,（不招色盲、色弱。）,,2,三年,5000.0
西藏,2025,专科批,理科,404,湖北中医药高等专科学校,,7,口腔医学,（不招色盲、色弱。）,,2,三年,5000.0
西藏,2025,专科批,理科,404,湖北中医药高等专科学校,,8,护理,（不招色盲、色弱。）,,2,三年,5000.0
西藏,2025,专科批,理科,404,湖北中医药高等专科学校,,13,药学,（不招色盲、色弱。）,,2,三年,5000.0
西藏,2025,专科批,理科,404,湖北中医药高等专科学校,,15,中医学,（不招色盲、色弱。）,,2,三年,5000.0
西藏,2025,专科批,理科,404,湖北中医药高等专科学校,,19,针灸推拿,（不招色盲、色弱。）,,2,三年,5000.0
西藏,2025,专科批,理科,404,湖北中医药高等专科学校,,21,中药学,（不招色盲、色弱。）,,2,三年,5000.0
西藏,2025,专科批,理科,404,湖北中医药高等专科学校,,28,康复治疗技术,,,2,三年,5000.0
西藏,2025,专科批,理科,404,湖北中医药高等专科学校,,2,药品质量与安全,,,1,三年,5000.0
西藏,2025,专科批,理科,404,湖北中医药高等专科学校,,4,智能医疗装备技术,,,1,三年,5000.0
西藏,2025,专科批,文科,404,湖北中医药高等专科学校,,1,药品质量与安全,,,1,三年,5000.0
西藏,2025,专科批,文科,404,湖北中医药高等专科学校,,3,智能医疗装备技术,,,1,三年,5000.0
西藏,2025,专科批,文科,404,湖北中医药高等专科学校,,5,临床医学,（不招色盲、色弱。）,,1,三年,5000.0
西藏,2025,专科批,文科,404,湖北中医药高等专科学校,,9,护理,（不招色盲、色弱。）,,1,三年,5000.0
西藏,2025,专科批,文科,404,湖北中医药高等专科学校,,10,助产,（不招色盲、色弱。）,,1,三年,5000.0
西藏,2025,专科批,文科,404,湖北中医药高等专科学校,,12,药学,（不招色盲、色弱。）,,1,三年,5000.0
西藏,2025,专科批,文科,404,湖北中医药高等专科学校,,14,中医学,（不招色盲、色弱。）,,1,三年,5000.0
西藏,2025,专科批,文科,404,湖北中医药高等专科学校,,16,中医骨伤,（不招色盲、色弱。）,,1,三年,5000.0
西藏,2025,专科批,文科,404,湖北中医药高等专科学校,,18,针灸推拿,（不招色盲、色弱。）,,1,三年,5000.0
西藏,2025,专科批,文科,404,湖北中医药高等专科学校,,20,中药学,（不招色盲、色弱。）,,1,三年,5000.0
西藏,2025,专科批,理科,404,湖北中医药高等专科学校,,11,助产,（不招色盲、色弱。）,,1,三年,5000.0
西藏,2025,专科批,理科,404,湖北中医药高等专科学校,,17,中医骨伤,（不招色盲、色弱。）,,1,三年,5000.0
西藏,2025,专科批,理科,404,湖北中医药高等专科学校,,23,中医养生保健,,,1,三年,5000.0
西藏,2025,专科批,理科,404,湖北中医药高等专科学校,,24,医学检验技术,（不招色盲、色弱。）,,1,三年,5000.0
西藏,2025,专科批,理科,404,湖北中医药高等专科学校,,26,医学美容技术,,,1,三年,5000.0
西藏,2025,专科批,理科,404,湖北中医药高等专科学校,,30,婴幼儿托育服务与管理,,,1,三年,5000.0
西藏,2025,专科批,理科,404,湖北中医药高等专科学校,,32,智慧健康养老服务与管理,,,1,三年,5000.0
西藏,2025,专科批,文科,404,湖北中医药高等专科学校,,22,中医养生保健,,,1,三年,5000.0
西藏,2025,专科批,文科,404,湖北中医药高等专科学校,,25,医学美容技术,,,1,三年,5000.0
西藏,2025,专科批,文科,404,湖北中医药高等专科学校,,27,康复治疗技术,,,1,三年,5000.0
西藏,2025,专科批,文科,404,湖北中医药高等专科学校,,29,婴幼儿托育服务与管理,,,1,三年,5000.0
西藏,2025,专科批,文科,404,湖北中医药高等专科学校,,31,智慧健康养老服务与管理,,,1,三年,5000.0
西藏,2025,专科批,理科,473,湖北交通职业技术学院,,1,道路与桥梁工程技术,（办学地点：藏龙岛校区。）,,10,三年,5000.0
西藏,2025,专科批,理科,473,湖北交通职业技术学院,,3,大数据与会计,（办学地点：藏龙岛校区。）,,8,三年,5000.0
西藏,2025,专科批,理科,473,湖北交通职业技术学院,,7,现代物流管理,（办学地点：藏龙岛校区。）,,4,三年,5000.0
西藏,2025,专科批,理科,473,湖北交通职业技术学院,,6,跨境电子商务,（办学地点：藏龙岛校区。）,,2,三年,5000.0
西藏,2025,专科批,理科,473,湖北交通职业技术学院,,9,智能物流技术,（办学地点：藏龙岛校区。）,,2,三年,5000.0
西藏,2025,专科批,文科,473,湖北交通职业技术学院,,2,道路与桥梁工程技术,（办学地点：藏龙岛校区。）,,10,三年,5000.0
西藏,2025,专科批,文科,473,湖北交通职业技术学院,,4,大数据与会计,（办学地点：藏龙岛校区。）,,7,三年,5000.0
西藏,2025,专科批,文科,473,湖北交通职业技术学院,,8,现代物流管理,（办学地点：藏龙岛校区。）,,3,三年,5000.0
西藏,2025,专科批,文科,473,湖北交通职业技术学院,,5,跨境电子商务,（办学地点：藏龙岛校区。）,,2,三年,5000.0
西藏,2025,专科批,文科,473,湖北交通职业技术学院,,10,智能物流技术,（办学地点：藏龙岛校区。）,,2,三年,5000.0
西藏,2025,本科二批,理科,608,湖北医药学院,,1,临床医学,,,15,五年,5200.0
西藏,2025,本科二批,理科,608,湖北医药学院,,4,精神医学,,,7,五年,5200.0
西藏,2025,本科二批,理科,608,湖北医药学院,,3,医学影像学,,,6,五年,5200.0
西藏,2025,本科二批,理科,608,湖北医药学院,,5,口腔医学,,,6,五年,5200.0
西藏,2025,本科二批,理科,608,湖北医药学院,,2,麻醉学,,,1,五年,5200.0
西藏,2025,本科二批,理科,,湖北医药学院药护学院,,,临床医学,,,5,五年,20000.0
西藏,2025,本科二批,理科,,湖北医药学院药护学院,,,麻醉学,,,5,五年,20000.0
西藏,2025,本科二批,理科,,湖北大学知行学院,,,计算机类,（含计算机科学与技术、物联网工程专业。）,,2,四年,18000.0
西藏,2025,本科二批,理科,,湖北大学知行学院,,,审计学,,,1,四年,18000.0
西藏,2025,本科二批,文科,,湖北大学知行学院,,,会计学,,,2,四年,18000.0
西藏,2025,本科二批,文科,,湖北大学知行学院,,,旅游管理,（会展、酒店方向）,,2,四年,16000.0
西藏,2025,本科二批,文科,,湖北大学知行学院,,,国际经济与贸易,,,1,四年,16000.0
西藏,2025,本科二批,文科,,湖北大学知行学院,,,新闻传播学类,（含新闻学、广告学专业。）,,1,四年,16000.0
西藏,2025,本科二批,文科,,湖北大学知行学院,,,工商管理类,（含工商管理、市场营销专业。）,,1,四年,16000.0
西藏,2025,本科一批,理科,547,湖北工业大学,,2,高分子材料与工程,,,2,四年,4500.0
西藏,2025,本科一批,理科,547,湖北工业大学,,3,数据科学与大数据技术,,,2,四年,5850.0
西藏,2025,本科一批,理科,547,湖北工业大学,,4,生物工程,,,2,四年,4500.0
西藏,2025,本科一批,文科,547,湖北工业大学,,5,会计学,,,4,四年,5850.0
西藏,2025,本科二批,文科,556,湖北工程学院,,1,社会工作,,,5,四年,4000.0
西藏,2025,本科二批,文科,556,湖北工程学院,,2,学前教育,,,5,四年,4000.0
西藏,2025,本科二批,文科,556,湖北工程学院,,3,汉语言文学,,,5,四年,4000.0
西藏,2025,本科二批,文科,,湖北工程学院新技术学院,,,财务管理,,,2,四年,12000.0
西藏,2025,本科二批,理科,,湖北工程学院新技术学院,,,汉语言文学,,,2,四年,15000.0
西藏,2025,本科二批,理科,,湖北工程学院新技术学院,,,网络与新媒体,,,2,四年,12000.0
西藏,2025,本科二批,理科,549,湖北师范大学,,6,化学,（师范类。）,,3,四年,5200.0
西藏,2025,本科二批,理科,549,湖北师范大学,,5,数学与应用数学,（师范类。）,,2,四年,5200.0
西藏,2025,本科二批,理科,549,湖北师范大学,,7,地理科学,（师范类。）,,2,四年,4000.0
西藏,2025,本科二批,理科,549,湖北师范大学,,8,生物科学,（师范类。）,,2,四年,5200.0
西藏,2025,本科二批,文科,549,湖北师范大学,,1,教育学类,（含教育学、小学教育、特殊教育专业。师范类。）,,2,四年,4000.0
西藏,2025,本科二批,文科,549,湖北师范大学,,3,汉语言文学,（师范类。）,,2,四年,5200.0
西藏,2025,本科二批,文科,549,湖北师范大学,,4,历史学,（师范类。）,,2,四年,4000.0
西藏,2025,提前批艺体类本科,文科,,湖北恩施学院,,,美术学,（民办）（认可区内美术与设计类专业统考成绩。）,,5,四年,21800.0
西藏,2025,提前批艺体类本科,文科,,湖北恩施学院,,,环境设计,（民办）（认可区内美术与设计类专业统考成绩。）,,5,四年,21800.0
西藏,2025,本科二批,文科,203,湖北文理学院,,2,社会工作,,,4,四年,4000.0
西藏,2025,本科二批,文科,203,湖北文理学院,,3,学前教育,（师范类。）,,4,四年,4000.0
西藏,2025,本科二批,理科,203,湖北文理学院,,1,法学,,,4,四年,5200.0
西藏,2025,提前批艺体类本科,文科,203,湖北文理学院,,,音乐学,（师范类。认可区内音乐类专业统考成绩。）,,4,四年,9000.0
西藏,2025,本科二批,理科,,湖北文理学院理工学院,,,智能建造,,,3,四年,16500.0
西藏,2025,本科二批,文科,,湖北文理学院理工学院,,,汉语言文学,,,3,四年,16300.0
西藏,2025,本科二批,理科,551,湖北民族大学,,,少数民族预科,（民族预科班）（预科培养地点：湖北民族大学。）,,9,一年,5000.0
西藏,2025,本科二批,理科,551,湖北民族大学,,9,临床医学,,,2,五年,5200.0
西藏,2025,本科二批,理科,551,湖北民族大学,,10,护理学,,,2,四年,4000.0
西藏,2025,本科二批,理科,551,湖北民族大学,,1,经济与金融,（数智金融方向）,,1,四年,5200.0
西藏,2025,本科二批,文科,551,湖北民族大学,,,少数民族预科,（民族预科班）（预科培养地点：湖北民族大学。）,,9,一年,5000.0
西藏,2025,本科二批,文科,551,湖北民族大学,,4,社会学,,,2,四年,4000.0
西藏,2025,本科二批,文科,551,湖北民族大学,,11,旅游管理,（旅游规划和旅游企业运营管理方向）,,2,四年,4000.0
西藏,2025,本科二批,文科,551,湖北民族大学,,2,国际经济与贸易,（数字贸易方向）,,1,四年,5200.0
西藏,2025,本科二批,文科,551,湖北民族大学,,3,法学,,,1,四年,5200.0
西藏,2025,本科二批,文科,551,湖北民族大学,,5,思想政治教育,,,1,四年,4000.0
西藏,2025,本科二批,文科,551,湖北民族大学,,6,小学教育,,,1,四年,4000.0
西藏,2025,本科二批,文科,551,湖北民族大学,,7,汉语言文学,,,1,四年,5200.0
西藏,2025,本科二批,文科,551,湖北民族大学,,8,新闻学,,,1,四年,4000.0
西藏,2025,专科批,文科,517,湖北水利水电职业技术学院,,3,水利工程,（免补专业。）,,10,三年,5000.0
西藏,2025,专科批,文科,517,湖北水利水电职业技术学院,,1,水文与水资源技术,（免补专业。）,,5,三年,5000.0
西藏,2025,专科批,理科,517,湖北水利水电职业技术学院,,4,水利工程,（免补专业。）,,25,三年,5000.0
西藏,2025,专科批,理科,517,湖北水利水电职业技术学院,,2,水文与水资源技术,（免补专业。）,,5,三年,5000.0
西藏,2025,本科二批,理科,555,湖北汽车工业学院,,1,国际经济与贸易,（新能源国际汽车贸易）（办学地点：湖北汽车工业学院。）,,5,四年,4000.0
西藏,2025,本科二批,理科,555,湖北汽车工业学院,,8,工业工程,（汽车产业）（办学地点：湖北汽车工业学院。）,,4,四年,5200.0
西藏,2025,本科二批,理科,555,湖北汽车工业学院,,3,法学,（办学地点：湖北汽车工业学院。）,,3,四年,4000.0
西藏,2025,本科二批,理科,555,湖北汽车工业学院,,4,市场营销,（汽车数字化营销）（办学地点：湖北汽车工业学院。）,,3,四年,5200.0
西藏,2025,本科二批,理科,555,湖北汽车工业学院,,5,财务管理,（办学地点：湖北汽车工业学院。）,,3,四年,4000.0
西藏,2025,本科二批,理科,555,湖北汽车工业学院,,6,信息资源管理,（办学地点：湖北汽车工业学院。）,,3,四年,4000.0
西藏,2025,本科二批,理科,555,湖北汽车工业学院,,7,物流管理,（办学地点：湖北汽车工业学院。）,,3,四年,5200.0
西藏,2025,本科二批,理科,555,湖北汽车工业学院,,9,旅游管理,（办学地点：湖北汽车工业学院。）,,3,四年,4000.0
西藏,2025,本科二批,文科,555,湖北汽车工业学院,,2,法学,（办学地点：湖北汽车工业学院。）,,3,四年,4000.0
西藏,2025,本科二批,理科,313,湖北理工学院,,4,计算机科学与技术,（不招单色识别不全。）,,3,四年,5200.0
西藏,2025,本科二批,理科,313,湖北理工学院,,8,环境工程,（免补专业。）,,3,四年,5200.0
西藏,2025,本科二批,理科,313,湖北理工学院,,3,小学教育,（科学方向）（师范类。）,,2,四年,5200.0
西藏,2025,本科二批,理科,313,湖北理工学院,,3,小学教育,（数学方向）（师范类。）,,2,四年,5200.0
西藏,2025,本科二批,理科,313,湖北理工学院,,5,土木工程,（城市更新）,,2,四年,4000.0
西藏,2025,本科二批,理科,313,湖北理工学院,,6,给排水科学与工程,,,2,四年,4000.0
西藏,2025,本科二批,理科,313,湖北理工学院,,7,智能建造,,,2,四年,5200.0
西藏,2025,本科二批,理科,313,湖北理工学院,,9,生物制药,,,2,四年,4000.0
西藏,2025,本科二批,理科,313,湖北理工学院,,10,临床医学,（不招色弱、色盲、单色识别不全。）,,2,五年,5200.0
西藏,2025,本科二批,理科,313,湖北理工学院,,12,护理学,（不招色弱、色盲、单色识别不全。）,,2,四年,4000.0
西藏,2025,本科二批,文科,313,湖北理工学院,,11,护理学,（不招色弱、色盲、单色识别不全。）,,4,四年,4000.0
西藏,2025,本科二批,文科,313,湖北理工学院,,1,小学教育,（语文方向）（师范类。）,,2,四年,5200.0
西藏,2025,本科二批,文科,313,湖北理工学院,,13,物流管理,,,2,四年,4000.0
西藏,2025,本科二批,理科,607,湖北科技学院,,2,学前教育,（师范类。）,,2,四年,4000.0
西藏,2025,本科二批,理科,607,湖北科技学院,,4,小学教育,（师范类。）,,2,四年,4000.0
西藏,2025,本科二批,理科,607,湖北科技学院,,6,汉语言文学,（师范类。）,,2,四年,4000.0
西藏,2025,本科二批,文科,607,湖北科技学院,,3,小学教育,（师范类。）,,5,四年,4000.0
西藏,2025,本科二批,文科,607,湖北科技学院,,1,学前教育,（师范类。）,,2,四年,4000.0
西藏,2025,本科二批,文科,607,湖北科技学院,,5,汉语言文学,（师范类。）,,2,四年,4000.0
西藏,2025,本科二批,理科,816,湖北第二师范学院,,6,小学教育,（师范类。）,,4,四年,4000.0
西藏,2025,本科二批,理科,816,湖北第二师范学院,,2,思想政治教育,（师范类。）,,3,四年,4000.0
西藏,2025,本科二批,理科,816,湖北第二师范学院,,4,学前教育,（师范类。）,,2,四年,4000.0
西藏,2025,本科二批,理科,816,湖北第二师范学院,,9,汉语言文学,（师范类。）,,2,四年,4000.0
西藏,2025,本科二批,理科,816,湖北第二师范学院,,11,汉语国际教育,（师范类。）,,2,四年,4000.0
西藏,2025,本科二批,理科,816,湖北第二师范学院,,15,网络与新媒体,,,2,四年,5200.0
西藏,2025,提前批艺体类本科,理科,816,湖北第二师范学院,,,体育教育,（认可区内体育统考成绩。师范类。）,,3,四年,4000.0
西藏,2025,本科二批,文科,816,湖北第二师范学院,,10,汉语言文学,（师范类。）,,6,四年,4000.0
西藏,2025,本科二批,文科,816,湖北第二师范学院,,5,小学教育,（师范类。）,,4,四年,4000.0
西藏,2025,本科二批,文科,816,湖北第二师范学院,,1,思想政治教育,（师范类。）,,3,四年,4000.0
西藏,2025,本科二批,文科,816,湖北第二师范学院,,13,新闻学,,,3,四年,5200.0
西藏,2025,本科二批,文科,816,湖北第二师范学院,,3,学前教育,（师范类。）,,2,四年,4000.0
西藏,2025,本科二批,文科,816,湖北第二师范学院,,12,汉语国际教育,（师范类。）,,2,四年,4000.0
西藏,2025,本科二批,文科,816,湖北第二师范学院,,14,网络与新媒体,,,2,四年,5200.0
西藏,2025,提前批艺体类本科,文科,816,湖北第二师范学院,,,音乐学,（音乐教育）（师范类。认可区内音乐教育专业统考成绩。）,,4,四年,10000.0
西藏,2025,提前批艺体类本科,文科,816,湖北第二师范学院,,,舞蹈学,（舞蹈）（身高男生1.70米（含）、女生1.60米（含）以上。师范类。认可区内舞蹈类专业统考成绩。）,,4,四年,10000.0
西藏,2025,提前批艺体类本科,文科,816,湖北第二师范学院,,,体育教育,（认可区内体育统考成绩。师范类。）,,3,四年,4000.0
西藏,2025,本科二批,理科,631,湖北经济学院,,5,工商管理,,,3,四年,4000.0
西藏,2025,本科二批,理科,631,湖北经济学院,,7,旅游管理,,,3,四年,5200.0
西藏,2025,本科二批,理科,631,湖北经济学院,,3,工程管理,,,1,四年,4000.0
西藏,2025,本科二批,文科,631,湖北经济学院,,1,新闻学,,,2,四年,5200.0
西藏,2025,本科二批,文科,631,湖北经济学院,,2,网络与新媒体,,,2,四年,4000.0
西藏,2025,本科二批,文科,631,湖北经济学院,,6,旅游管理,,,2,四年,5200.0
西藏,2025,本科二批,文科,631,湖北经济学院,,4,工商管理,,,1,四年,4000.0
西藏,2025,本科二批,文科,631,湖北经济学院,,8,酒店管理,,,1,四年,4000.0
西藏,2025,本科二批,理科,,湖北经济学院法商学院,,,会计学,（注册会计师）,,6,四年,20000.0
西藏,2025,本科二批,文科,,湖北经济学院法商学院,,,会计学,（注册会计师）,,4,四年,20000.0
西藏,2025,本科一批,理科,214,湖南中医药大学,,2,中医学,（办学地点：湖南中医药大学。）,,2,五年,7500.0
西藏,2025,本科一批,理科,214,湖南中医药大学,,1,临床医学,（办学地点：湖南中医药大学。）,,1,五年,7500.0
西藏,2025,本科一批,理科,214,湖南中医药大学,,3,针灸推拿学,（办学地点：湖南中医药大学。）,,1,五年,7500.0
西藏,2025,本科一批,理科,214,湖南中医药大学,,4,中医康复学,（办学地点：湖南中医药大学。）,,1,五年,7500.0
西藏,2025,本科一批,理科,214,湖南中医药大学,,5,中西医临床医学,（办学地点：湖南中医药大学。）,,1,五年,7500.0
西藏,2025,本科一批,理科,214,湖南中医药大学,,6,康复治疗学,（办学地点：湖南中医药大学。）,,1,四年,7500.0
西藏,2025,本科二批,理科,,湖南中医药大学湘杏学院,,,中西医临床医学,（办学地点：湘阴校区。）,,1,五年,17250.0
西藏,2025,本科二批,文科,,湖南中医药大学湘杏学院,,,中西医临床医学,（办学地点：湘阴校区。）,,1,五年,17250.0
西藏,2025,本科二批,理科,,湖南交通工程学院,,,轨道交通信号与控制,,,1,四年,27180.0
西藏,2025,本科二批,文科,,湖南交通工程学院,,,护理学,,,1,四年,27180.0
西藏,2025,本科二批,理科,218,湖南人文科技学院,,2,农学,（不招色盲、色弱。学费待定。免补专业。）,,2,四年,
西藏,2025,提前批艺体类本科,文科,218,湖南人文科技学院,,,书法学,（学费待定。认可区内书法类专业统考成绩。）,,1,四年,
西藏,2025,本科二批,文科,218,湖南人文科技学院,,1,汉语言文学,（师范类。学费待定。）,,4,四年,
西藏,2025,本科二批,文科,,湖南信息学院,,,互联网金融,,,2,四年,31800.0
西藏,2025,本科二批,文科,,湖南信息学院,,,会计学,,,2,四年,31800.0
西藏,2025,本科二批,理科,,湖南信息学院,,,自动化,,,2,四年,31800.0
西藏,2025,本科二批,理科,,湖南信息学院,,,会计学,,,2,四年,31800.0
西藏,2025,专科批,理科,310,湖南信息职业技术学院,,1,机电一体化技术,,,12,三年,4600.0
西藏,2025,专科批,理科,310,湖南信息职业技术学院,,7,计算机网络技术,,,10,三年,7800.0
西藏,2025,专科批,理科,310,湖南信息职业技术学院,,2,电气自动化技术,,,8,三年,4600.0
西藏,2025,专科批,理科,310,湖南信息职业技术学院,,6,移动互联应用技术,,,8,三年,4600.0
西藏,2025,专科批,理科,310,湖南信息职业技术学院,,3,无人机应用技术,,,4,三年,4600.0
西藏,2025,专科批,理科,310,湖南信息职业技术学院,,4,电子信息工程技术,,,4,三年,5060.0
西藏,2025,专科批,理科,310,湖南信息职业技术学院,,5,物联网应用技术,,,4,三年,4600.0
西藏,2025,专科批,文科,310,湖南信息职业技术学院,,8,大数据与会计,,,8,三年,3500.0
西藏,2025,专科批,文科,310,湖南信息职业技术学院,,9,电子商务,,,8,三年,3500.0
西藏,2025,专科批,文科,310,湖南信息职业技术学院,,10,跨境电子商务,,,4,三年,3500.0
西藏,2025,本科一批,理科,213,湖南农业大学,,1,农学,（免补专业。）,,2,四年,3600.0
西藏,2025,本科一批,理科,213,湖南农业大学,,2,植物保护,（免补专业。）,,2,四年,3600.0
西藏,2025,本科二批,理科,,湖南农业大学东方科技学院,,,生物技术,,,2,四年,13000.0
西藏,2025,专科批,理科,523,湖南化工职业技术学院,,1,新能源材料应用技术,,,3,三年,4600.0
西藏,2025,专科批,理科,523,湖南化工职业技术学院,,3,机电一体化技术,,,3,三年,4600.0
西藏,2025,专科批,理科,523,湖南化工职业技术学院,,4,食品生物技术,,,3,三年,4600.0
西藏,2025,专科批,理科,523,湖南化工职业技术学院,,5,分析检验技术,,,3,三年,4600.0
西藏,2025,专科批,文科,523,湖南化工职业技术学院,,2,数字化设计与制造技术,,,2,三年,4600.0
西藏,2025,专科批,文科,523,湖南化工职业技术学院,,6,药品经营与管理,,,2,三年,4600.0
西藏,2025,专科批,文科,523,湖南化工职业技术学院,,7,软件技术,,,2,三年,7800.0
西藏,2025,专科批,文科,523,湖南化工职业技术学院,,8,电子商务,（跨境运营方向）,,2,三年,3500.0
西藏,2025,本科二批,理科,566,湖南医药学院,,1,药学,（不招色盲、色弱。办学地点：锦溪校区。）,,1,四年,7150.0
西藏,2025,本科二批,理科,566,湖南医药学院,,2,医学影像技术,（不招色盲、色弱。办学地点：锦溪校区。）,,1,四年,5500.0
西藏,2025,专科提前批,文科,776,湖南国防工业职业技术学院,,1,机械设计与制造,（定向培养军士生，招男生，火箭军。）,,2,三年,7850.0
西藏,2025,专科提前批,文科,776,湖南国防工业职业技术学院,,2,机械设计与制造,（定向培养军士生，招男生，陆军。航空机务军械维修方向。）,,2,三年,7850.0
西藏,2025,专科提前批,理科,776,湖南国防工业职业技术学院,,3,机械设计与制造,（定向培养军士生，招男生，陆军。航空机务军械维修方向。）,,3,三年,7850.0
西藏,2025,专科提前批,理科,776,湖南国防工业职业技术学院,,4,机械设计与制造,（定向培养军士生，招男生，火箭军。）,,3,三年,7850.0
西藏,2025,本科二批,理科,371,湖南城市学院,,3,工商管理,,,2,四年,5000.0
西藏,2025,本科二批,文科,371,湖南城市学院,,2,汉语国际教育,（师范类。）,,2,四年,4000.0
西藏,2025,本科二批,文科,371,湖南城市学院,,1,小学教育,（师范类。）,,1,四年,4000.0
西藏,2025,专科批,理科,524,湖南城建职业技术学院,,6,市政工程技术,（办学地点：高新校区。）,,6,三年,4600.0
西藏,2025,专科批,理科,524,湖南城建职业技术学院,,1,建筑工程技术,（办学地点：新湖校区。）,,2,三年,5060.0
西藏,2025,专科批,理科,524,湖南城建职业技术学院,,5,工程造价,（办学地点：新湖校区。）,,2,三年,5060.0
西藏,2025,专科批,文科,524,湖南城建职业技术学院,,7,道路与桥梁工程技术,（办学地点：高新校区。）,,4,三年,4600.0
西藏,2025,专科批,文科,524,湖南城建职业技术学院,,2,建筑工程技术,（办学地点：新湖校区。）,,2,三年,5060.0
西藏,2025,专科批,文科,524,湖南城建职业技术学院,,3,建筑设备工程技术,（办学地点：高新校区。）,,2,三年,4600.0
西藏,2025,专科批,文科,524,湖南城建职业技术学院,,4,工程造价,（办学地点：新湖校区。）,,2,三年,5060.0
西藏,2025,本科一批,理科,209,湖南大学,,3,生物技术,（含生物技术、生物医学工程，专业分流时在上述专业内任选；分流专业均为国家级一流本科专业建设点；项目制和导师制培养；入校后可选拔进入理科试验班专业。考生入校后可选拔进入生物技术+计算机科学与技术（双学位）专业。该专业录取有体检要求，具体参见学校章程。）,,2,四年,5300.0
西藏,2025,本科一批,理科,209,湖南大学,,4,给排水科学与工程,（国家级一流本科专业建设点；依托国家重点学科建设，拥有“建筑安全与节能教育部重点实验室”等专业教学实践基地。办学地点：湖南大学。）,,2,四年,6500.0
西藏,2025,本科一批,理科,209,湖南大学,,,少数民族预科,（民族预科班）（预科培养地点：湖南大学。）,,1,一年,4000.0
西藏,2025,国家专项计划本科批,理科,209,湖南大学,,6,建筑学,（含建筑学、城乡规划，专业分流时在上述专业内任选；分流专业均为国家级一流本科专业建设点；与奥克兰大学等海外高校签署联合培养协议，与米兰理工大学等海外高校建立学分互认机制，专业学位国际认证。办学地点：湖南大学。）,,3,五年,6500.0
西藏,2025,国家专项计划本科批,理科,209,湖南大学,,1,经济学类,（包含经济学、财政学、国际经济与贸易，本专业类内分流任选，分流专业均为国家级一流本科专业建设点；理科/选考物理考生入校后可选拔进入国际经济与贸易+数据科学与大数据技术（双学位）专业、数字经济专业。该专业录取有体检要求，具体参见学校章程。）,,2,四年,5500.0
西藏,2025,本科一批,文科,209,湖南大学,,2,新闻传播学类,（包含新闻学、广告学，本专业类内分流任选；分流专业均为国家级一流本科专业建设点含新闻学、广告学专业。办学地点：湖南大学。）,,2,四年,6000.0
西藏,2025,本科一批,文科,209,湖南大学,,,边防军人子女预科,（预科培养地点：校本部。招边防军人子女。未完成计划不开展征集志愿。）,,1,一年,4000.0
西藏,2025,本科一批,文科,209,湖南大学,,,少数民族预科,（民族预科班）（预科培养地点：湖南大学。）,,1,一年,4000.0
西藏,2025,高校专项计划本科批,文科,209,湖南大学,,7,行政管理,（含行政管理、城市管理，专业分流时在上述专业内任选；行政管理为国家级一流本科专业建设点；导师制培养。该专业录取有体检要求，具体参见学校章程。办学地点：湖南大学。）,,1,四年,5500.0
西藏,2025,高校专项计划本科批,理科,209,湖南大学,,6,建筑学,（含建筑学、城乡规划，专业分流时在上述专业内任选；分流专业均为国家级一流本科专业建设点；与奥克兰大学等海外高校签署联合培养协议，与米兰理工大学等海外高校建立学分互认机制，专业学位国际认证。办学地点：湖南大学。）,,1,五年,6500.0
西藏,2025,本科二批,文科,444,湖南女子学院,,1,人力资源管理,,,2,四年,4000.0
西藏,2025,专科批,文科,628,湖南安全技术职业学院,,2,酒店管理与数字化运营,（办学地点：湖南安全技术职业学院校本部。）,,8,三年,4600.0
西藏,2025,专科批,理科,628,湖南安全技术职业学院,,1,矿山智能开采技术,（办学地点：湖南安全技术职业学院校本部。免补专业。）,,20,三年,4600.0
西藏,2025,专科批,理科,628,湖南安全技术职业学院,,3,酒店管理与数字化运营,（办学地点：湖南安全技术职业学院校本部。）,,12,三年,4600.0
西藏,2025,本科一批,理科,755,湖南工业大学,,,少数民族预科,（民族预科班）（预科培养地点：湖南工业大学河东校区。）,,12,一年,4000.0
西藏,2025,本科一批,理科,755,湖南工业大学,,2,工业设计,（办学地点：主校区。）,,1,四年,5900.0
西藏,2025,本科一批,理科,755,湖南工业大学,,3,会计学,（办学地点：河东校区。）,,1,四年,5000.0
西藏,2025,本科一批,文科,755,湖南工业大学,,,少数民族预科,（民族预科班）（预科培养地点：湖南工业大学河东校区。）,,20,一年,4000.0
西藏,2025,本科一批,文科,755,湖南工业大学,,1,法学,（办学地点：主校区。）,,1,四年,5000.0
西藏,2025,本科一批,理科,312,湖南工商大学,,2,法学,（办学地点：长沙。）,,1,四年,5000.0
西藏,2025,本科一批,文科,312,湖南工商大学,,1,法学,（办学地点：长沙。）,,1,四年,5000.0
西藏,2025,本科二批,理科,745,湖南工学院,,,少数民族预科,（民族预科班）（预科培养地点：湖南工学院。）,,41,一年,4000.0
西藏,2025,本科二批,理科,745,湖南工学院,,1,计算机科学与技术,（办学地点：主校区。）,,1,四年,5900.0
西藏,2025,本科二批,理科,745,湖南工学院,,2,会计学,（办学地点：主校区。）,,1,四年,4000.0
西藏,2025,提前批艺体类本科,理科,,湖南工程学院,,,环境设计,（认可区内美术与设计类专业统考成绩。）,,1,四年,8000.0
西藏,2025,提前批艺体类本科,文科,,湖南工程学院,,,环境设计,（认可区内美术与设计类专业统考成绩。）,,1,四年,8000.0
西藏,2025,本科二批,文科,,湖南工程学院应用技术学院,,,市场营销,（办学地点：湖南工程学院应用技术学院。）,,2,四年,12700.0
西藏,2025,本科二批,文科,,湖南工程学院应用技术学院,,,会计学,（办学地点：湖南工程学院应用技术学院。）,,2,四年,12700.0
西藏,2025,本科一批,理科,751,湖南师范大学,,4,地理科学,（办学地点：湖南长沙。师范类。）,,1,四年,4000.0
西藏,2025,本科一批,文科,751,湖南师范大学,,1,小学教育,（办学地点：湖南长沙。师范类。）,,1,四年,4000.0
西藏,2025,本科一批,文科,751,湖南师范大学,,3,汉语言文学,（含世承书院中国语言文学基地班。办学地点：湖南长沙。师范类。）,,1,四年,4000.0
西藏,2025,本科二批,理科,,湖南应用技术学院,,,园林,（免补专业。）,,2,四年,19800.0
西藏,2025,本科二批,文科,217,湖南文理学院,,1,电子商务及法律,（办学地点：东校区。）,,2,四年,5000.0
西藏,2025,本科二批,文科,217,湖南文理学院,,2,旅游管理,（办学地点：东校区。）,,2,四年,5000.0
西藏,2025,专科批,文科,662,湖南有色金属职业技术学院,,2,矿山智能开采技术,（免补专业。）,,4,三年,4600.0
西藏,2025,专科批,文科,662,湖南有色金属职业技术学院,,5,矿物加工技术,（学费待定。免补专业。）,,4,三年,
西藏,2025,专科批,文科,662,湖南有色金属职业技术学院,,7,环境工程技术,（免补专业。）,,3,三年,4600.0
西藏,2025,专科批,文科,662,湖南有色金属职业技术学院,,8,建筑工程技术,（办学地点：南校区。）,,3,三年,4600.0
西藏,2025,专科批,文科,662,湖南有色金属职业技术学院,,11,大数据与会计,（办学地点：南校区。）,,2,三年,3500.0
西藏,2025,专科批,理科,662,湖南有色金属职业技术学院,,3,矿山智能开采技术,（免补专业。）,,8,三年,4600.0
西藏,2025,专科批,理科,662,湖南有色金属职业技术学院,,4,矿物加工技术,（学费待定。免补专业。）,,8,三年,
西藏,2025,专科批,理科,662,湖南有色金属职业技术学院,,6,环境工程技术,（免补专业。）,,5,三年,4600.0
西藏,2025,专科批,理科,662,湖南有色金属职业技术学院,,9,建筑工程技术,（办学地点：南校区。）,,5,三年,4600.0
西藏,2025,专科批,理科,662,湖南有色金属职业技术学院,,1,工程地质勘查,（免补专业。）,,4,三年,4600.0
西藏,2025,专科批,理科,662,湖南有色金属职业技术学院,,10,大数据与会计,（办学地点：南校区。）,,4,三年,3500.0
西藏,2025,专科批,理科,592,湖南民族职业学院,,15,学前教育,（师范类。）,,40,三年,3500.0
西藏,2025,专科批,理科,592,湖南民族职业学院,,10,早期教育,（师范类。）,,30,三年,3500.0
西藏,2025,专科批,理科,592,湖南民族职业学院,,2,跨境电子商务,,,15,三年,3850.0
西藏,2025,专科批,理科,592,湖南民族职业学院,,9,文化创意与策划,,,15,三年,6050.0
西藏,2025,专科批,文科,592,湖南民族职业学院,,13,学前教育,（师范类。）,,20,三年,3500.0
西藏,2025,专科批,文科,592,湖南民族职业学院,,11,早期教育,（师范类。）,,10,三年,3500.0
西藏,2025,专科批,文科,592,湖南民族职业学院,,1,跨境电子商务,,,5,三年,3850.0
西藏,2025,专科批,文科,592,湖南民族职业学院,,8,文化创意与策划,,,5,三年,6050.0
西藏,2025,本科二批,理科,1213,湖南汽车工程职业大学,,1,储能材料工程技术,（办学地点：东校区。）,,1,四年,4800.0
西藏,2025,本科二批,理科,,湖南涉外经济学院,,,网络与新媒体,,,3,四年,31800.0
西藏,2025,本科二批,文科,,湖南涉外经济学院,,,网络与新媒体,,,2,四年,31800.0
西藏,2025,专科批,理科,728,湖南现代物流职业技术学院,,8,现代物流管理,,,7,三年,5060.0
西藏,2025,专科批,理科,728,湖南现代物流职业技术学院,,13,供应链运营,,,5,三年,3500.0
西藏,2025,专科批,理科,728,湖南现代物流职业技术学院,,4,大数据与会计,,,4,三年,3850.0
西藏,2025,专科批,理科,728,湖南现代物流职业技术学院,,6,物流工程技术,,,3,三年,5060.0
西藏,2025,专科批,理科,728,湖南现代物流职业技术学院,,12,智能物流技术,,,3,三年,5060.0
西藏,2025,专科批,理科,728,湖南现代物流职业技术学院,,9,航空物流管理,,,2,三年,3500.0
西藏,2025,专科批,理科,728,湖南现代物流职业技术学院,,2,人工智能技术应用,,,1,三年,4600.0
西藏,2025,专科批,文科,728,湖南现代物流职业技术学院,,7,现代物流管理,,,7,三年,5060.0
西藏,2025,专科批,文科,728,湖南现代物流职业技术学院,,14,供应链运营,,,5,三年,3500.0
西藏,2025,专科批,文科,728,湖南现代物流职业技术学院,,3,大数据与会计,,,4,三年,3850.0
西藏,2025,专科批,文科,728,湖南现代物流职业技术学院,,5,物流工程技术,,,4,三年,5060.0
西藏,2025,专科批,文科,728,湖南现代物流职业技术学院,,10,航空物流管理,,,2,三年,3500.0
西藏,2025,专科批,文科,728,湖南现代物流职业技术学院,,11,智能物流技术,,,2,三年,5060.0
西藏,2025,专科批,文科,728,湖南现代物流职业技术学院,,1,人工智能技术应用,,,1,三年,4600.0
西藏,2025,本科一批,理科,216,湖南理工学院,,2,知识产权,,,1,四年,5000.0
西藏,2025,本科一批,理科,216,湖南理工学院,,4,网络与新媒体,,,1,四年,6000.0
西藏,2025,本科一批,文科,216,湖南理工学院,,3,秘书学,,,3,四年,4500.0
西藏,2025,本科一批,文科,216,湖南理工学院,,1,法学,,,1,四年,5000.0
西藏,2025,本科一批,理科,211,湖南科技大学,,6,人工智能,（办学地点：湖南省湘潭市。）,,1,四年,5900.0
西藏,2025,本科一批,理科,211,湖南科技大学,,7,计算机科学与技术,（办学地点：湖南省湘潭市。）,,1,四年,5900.0
西藏,2025,本科一批,文科,211,湖南科技大学,,1,法学,（办学地点：湖南省湘潭市。）,,1,四年,5000.0
西藏,2025,本科一批,文科,211,湖南科技大学,,4,汉语言文学,（办学地点：湖南省湘潭市。师范类。）,,1,四年,4000.0
西藏,2025,本科一批,文科,211,湖南科技大学,,5,新闻学,（办学地点：湖南省湘潭市。）,,1,四年,6000.0
西藏,2025,提前批艺体类本科,文科,,湖南科技学院,,,摄影,（认可区内美术与设计类专业统考成绩。）,,2,四年,8000.0
西藏,2025,本科一批,理科,534,湖南第一师范学院,,2,小学教育,（办学地点：湖南省长沙市。师范类。）,,1,四年,4000.0
西藏,2025,本科一批,文科,534,湖南第一师范学院,,1,小学教育,（办学地点：湖南省长沙市。师范类。）,,1,四年,4000.0
西藏,2025,本科一批,理科,158,湖州师范学院,,1,金融工程,,,3,四年,4800.0
西藏,2025,本科一批,理科,158,湖州师范学院,,3,应用心理学,（不招色盲、色弱。师范类。）,,3,四年,4800.0
西藏,2025,本科一批,理科,158,湖州师范学院,,4,电气工程及其自动化,,,3,四年,5500.0
西藏,2025,本科一批,理科,158,湖州师范学院,,5,护理学,（不招色盲、色弱。）,,2,四年,6300.0
西藏,2025,本科一批,文科,158,湖州师范学院,,2,学前教育,（不招色盲、色弱。师范类。）,,4,四年,5500.0
西藏,2025,本科一批,文科,158,湖州师范学院,,6,护理学,（不招色盲、色弱。）,,4,四年,6300.0
西藏,2025,本科一批,文科,158,湖州师范学院,,7,财务管理,,,4,四年,4800.0
西藏,2025,本科一批,文科,158,湖州师范学院,,8,行政管理,,,3,四年,4800.0
西藏,2025,本科一批,文科,158,湖州师范学院,,9,旅游管理,,,3,四年,4800.0
西藏,2025,本科二批,理科,258,湘南学院,,1,临床医学,（办学地点：湘南学院王仙校区。）,,1,五年,7150.0
西藏,2025,本科二批,文科,258,湘南学院,,2,旅游管理,（办学地点：湘南学院王仙校区。）,,1,四年,4000.0
西藏,2025,本科一批,理科,208,湘潭大学,,1,经济学,,,1,四年,5500.0
西藏,2025,本科一批,理科,208,湘潭大学,,4,旅游管理,,,1,四年,5500.0
西藏,2025,本科一批,文科,208,湘潭大学,,2,法学,,,1,四年,5500.0
西藏,2025,本科一批,文科,208,湘潭大学,,3,汉语言文学,,,1,四年,5300.0
西藏,2025,本科二批,文科,,湘潭理工学院,,,法学,,,2,四年,20500.0
西藏,2025,专科批,理科,593,湘西民族职业技术学院,,1,生态农业技术,（免补专业。）,,7,三年,3000.0
西藏,2025,专科批,理科,593,湘西民族职业技术学院,,3,畜牧兽医,（免补专业。）,,7,三年,3000.0
西藏,2025,专科批,理科,593,湘西民族职业技术学院,,5,电力系统自动化技术,,,7,三年,4600.0
西藏,2025,专科批,理科,593,湘西民族职业技术学院,,9,数字媒体技术,,,7,三年,4600.0
西藏,2025,专科批,理科,593,湘西民族职业技术学院,,11,大数据与会计,,,3,三年,3500.0
西藏,2025,专科批,理科,593,湘西民族职业技术学院,,16,中西面点工艺,,,3,三年,4600.0
西藏,2025,专科批,理科,593,湘西民族职业技术学院,,13,电子商务,,,2,三年,3500.0
西藏,2025,专科批,理科,593,湘西民族职业技术学院,,18,服装与服饰设计,,,2,三年,4600.0
西藏,2025,专科批,理科,593,湘西民族职业技术学院,,20,应用英语,,,2,三年,3500.0
西藏,2025,专科批,文科,593,湘西民族职业技术学院,,14,电子商务,,,8,三年,3500.0
西藏,2025,专科批,文科,593,湘西民族职业技术学院,,19,服装与服饰设计,,,8,三年,4600.0
西藏,2025,专科批,文科,593,湘西民族职业技术学院,,21,应用英语,,,8,三年,3500.0
西藏,2025,专科批,文科,593,湘西民族职业技术学院,,12,大数据与会计,,,7,三年,3500.0
西藏,2025,专科批,文科,593,湘西民族职业技术学院,,17,中西面点工艺,,,7,三年,4600.0
西藏,2025,专科批,文科,593,湘西民族职业技术学院,,2,生态农业技术,（免补专业。）,,3,三年,3000.0
西藏,2025,专科批,文科,593,湘西民族职业技术学院,,4,畜牧兽医,（免补专业。）,,3,三年,3000.0
西藏,2025,专科批,文科,593,湘西民族职业技术学院,,6,电力系统自动化技术,,,3,三年,4600.0
西藏,2025,专科批,文科,593,湘西民族职业技术学院,,10,数字媒体技术,,,3,三年,4600.0
西藏,2025,专科批,文科,1199,湛江幼儿师范专科学校,,1,网络新闻与传播,（办学地点：遂溪校区。）,,5,三年,5250.0
西藏,2025,本科二批,理科,,湛江科技学院,,,计算机科学与技术,（办学地点：新湖校区。）,,3,四年,33000.0
西藏,2025,本科二批,文科,,湛江科技学院,,,会计学,（办学地点：新湖校区。）,,2,四年,32000.0
西藏,2025,专科批,理科,639,漳州卫生职业学院,,1,护理,,,2,三年,6600.0
西藏,2025,专科批,理科,734,漳州城市职业学院,,1,食品质量与安全,,,1,三年,6000.0
西藏,2025,专科批,理科,734,漳州城市职业学院,,2,食品营养与健康,,,1,三年,6000.0
西藏,2025,专科批,理科,734,漳州城市职业学院,,3,食品检验检测技术,,,1,三年,6000.0
西藏,2025,本科二批,理科,1074,烟台大学,,,边防军人子女预科,（民族预科班）（预科培养地点：校本部。招边防军人子女。）,,1,一年,10000.0
西藏,2025,本科二批,理科,1014,牡丹江医科大学,,2,临床医学,,,14,五年,4400.0
西藏,2025,本科二批,理科,1014,牡丹江医科大学,,4,医学影像学,,,8,五年,5500.0
西藏,2025,本科二批,理科,1014,牡丹江医科大学,,3,麻醉学,,,5,五年,4400.0
西藏,2025,本科二批,理科,1014,牡丹江医科大学,,6,医学检验技术,,,5,四年,4400.0
西藏,2025,本科二批,理科,1014,牡丹江医科大学,,7,医学影像技术,,,3,四年,5500.0
西藏,2025,本科二批,理科,1014,牡丹江医科大学,,8,护理学,,,3,四年,4000.0
西藏,2025,本科二批,理科,1014,牡丹江医科大学,,1,制药工程,,,2,四年,4600.0
西藏,2025,本科二批,理科,1014,牡丹江医科大学,,5,预防医学,,,2,五年,4000.0
西藏,2025,本科二批,理科,1014,牡丹江医科大学,,9,信息管理与信息系统,,,2,四年,4400.0
西藏,2025,本科二批,文科,472,牡丹江师范学院,,2,学前教育,（师范类。）,,5,四年,4000.0
西藏,2025,本科二批,文科,472,牡丹江师范学院,,3,小学教育,（师范类。）,,3,四年,4000.0
西藏,2025,本科二批,文科,472,牡丹江师范学院,,6,工商管理,,,3,四年,4000.0
西藏,2025,本科二批,文科,472,牡丹江师范学院,,8,旅游管理,,,3,四年,4500.0
西藏,2025,本科二批,文科,472,牡丹江师范学院,,4,汉语言,,,2,四年,4000.0
西藏,2025,本科二批,理科,472,牡丹江师范学院,,5,工商管理,,,4,四年,4000.0
西藏,2025,本科二批,理科,472,牡丹江师范学院,,7,旅游管理,,,3,四年,4500.0
西藏,2025,本科二批,理科,472,牡丹江师范学院,,1,法学,,,2,四年,4500.0
西藏,2025,提前批艺体类本科,文科,,珠海科技学院,,,音乐表演,（民办）（音乐表演）（办学地点：珠海金湾。认可区内音乐表演专业统考成绩。）,,2,四年,34000.0
西藏,2025,提前批艺体类本科,文科,,珠海科技学院,,,音乐学,（民办）（音乐）（办学地点：珠海金湾。师范类。认可区内音乐类专业统考成绩。）,,2,四年,34000.0
西藏,2025,提前批艺体类本科,文科,,珠海科技学院,,,舞蹈编导,（民办）（舞蹈）（办学地点：珠海金湾。认可区内舞蹈类专业统考成绩。）,,2,四年,34000.0
西藏,2025,提前批艺体类本科,文科,,珠海科技学院,,,视觉传达设计,（民办）（美术）（办学地点：珠海金湾。认可区内美术与设计类专业统考成绩。）,,2,四年,34000.0
西藏,2025,提前批艺体类本科,文科,,珠海科技学院,,,动画,（民办）（美术）（办学地点：珠海金湾。认可区内美术与设计类专业统考成绩。）,,1,四年,34000.0
西藏,2025,提前批艺体类本科,文科,,珠海科技学院,,,艺术与科技,（民办）（美术）（办学地点：珠海金湾。认可区内美术与设计类专业统考成绩。）,,1,四年,34000.0
西藏,2025,专科批,文科,,珠海艺术职业学院,,,舞蹈表演,,,15,三年,18800.0
西藏,2025,本科二批,理科,595,琼台师范学院,,2,教育技术学,（办学地点：桂林洋校区。师范类。）,,5,四年,4620.0
西藏,2025,本科二批,理科,595,琼台师范学院,,9,数学与应用数学,（办学地点：桂林洋校区。师范类。）,,3,四年,4620.0
西藏,2025,本科二批,理科,595,琼台师范学院,,10,应用心理学,（办学地点：桂林洋校区。师范类。）,,3,四年,4620.0
西藏,2025,本科二批,理科,595,琼台师范学院,,11,计算机科学与技术,（办学地点：桂林洋校区。）,,3,四年,4620.0
西藏,2025,本科二批,理科,595,琼台师范学院,,12,数据科学与大数据技术,（办学地点：桂林洋校区。）,,2,四年,4620.0
西藏,2025,本科二批,理科,595,琼台师范学院,,13,财务管理,（办学地点：府城校区。）,,2,四年,4620.0
西藏,2025,本科二批,文科,595,琼台师范学院,,3,学前教育,（办学地点：府城校区。师范类。）,,8,四年,4620.0
西藏,2025,本科二批,文科,595,琼台师范学院,,4,小学教育,（办学地点：桂林洋校区。师范类。）,,7,四年,4620.0
西藏,2025,本科二批,文科,595,琼台师范学院,,8,汉语言文学,（办学地点：桂林洋校区。师范类。）,,6,四年,4180.0
西藏,2025,本科二批,文科,595,琼台师范学院,,1,思想政治教育,（办学地点：桂林洋校区。师范类。）,,3,四年,4620.0
西藏,2025,本科二批,文科,595,琼台师范学院,,5,特殊教育,（办学地点：桂林洋校区。师范类。）,,2,四年,4620.0
西藏,2025,提前批艺体类本科,文科,595,琼台师范学院,,,体育教育,（办学地点：桂林洋校区。认可区内体育统考成绩。师范类。）,,5,四年,4620.0
西藏,2025,提前批艺体类本科,文科,595,琼台师范学院,,,休闲体育,（办学地点：桂林洋校区。认可区内体育统考成绩。）,,4,四年,4620.0
西藏,2025,提前批艺体类本科,文科,595,琼台师范学院,,,美术学,（美术）（办学地点：桂林洋校区。师范类。认可区内美术与设计类专业统考成绩。）,,2,四年,8800.0
西藏,2025,提前批艺体类本科,文科,595,琼台师范学院,,,环境设计,（美术）（办学地点：桂林洋校区。认可区内美术与设计类专业统考成绩。）,,2,四年,8800.0
西藏,2025,提前批艺体类本科,文科,595,琼台师范学院,,,音乐表演,（音乐表演）（办学地点：桂林洋校区。认可区内音乐表演专业统考成绩。）,,2,四年,8800.0
西藏,2025,专科批,理科,815,甘孜职业学院,,2,藏医学,（办学地点：姑咱校区。）,,2,三年,5800.0
西藏,2025,专科批,理科,815,甘孜职业学院,,4,藏药学,（办学地点：姑咱校区。）,,2,三年,5800.0
西藏,2025,专科批,文科,815,甘孜职业学院,,1,藏医学,（办学地点：姑咱校区。）,,2,三年,5800.0
西藏,2025,专科批,文科,815,甘孜职业学院,,3,藏药学,（办学地点：姑咱校区。）,,2,三年,5800.0
西藏,2025,专科批,理科,559,甘肃交通职业技术学院,,1,汽车制造与试验技术,（办学地点：兰州新区职教园区。）,,5,三年,4500.0
西藏,2025,专科批,理科,559,甘肃交通职业技术学院,,4,电子商务,（办学地点：兰州新区职教园区。）,,3,三年,4500.0
西藏,2025,专科批,文科,559,甘肃交通职业技术学院,,3,电子商务,（办学地点：兰州新区职教园区。）,,5,三年,4500.0
西藏,2025,专科批,文科,559,甘肃交通职业技术学院,,2,汽车制造与试验技术,（办学地点：兰州新区职教园区。）,,2,三年,4500.0
西藏,2025,专科批,文科,808,甘肃农业职业技术学院,,2,动物医学,（办学地点：甘肃农业职业技术学院。免补专业。）,,10,三年,4500.0
西藏,2025,专科批,文科,808,甘肃农业职业技术学院,,4,畜牧兽医,（办学地点：甘肃农业职业技术学院。免补专业。）,,10,三年,4500.0
西藏,2025,专科批,文科,808,甘肃农业职业技术学院,,6,大数据与会计,（办学地点：甘肃农业职业技术学院。）,,3,三年,4500.0
西藏,2025,专科批,理科,808,甘肃农业职业技术学院,,1,动物医学,（办学地点：甘肃农业职业技术学院。免补专业。）,,16,三年,4500.0
西藏,2025,专科批,理科,808,甘肃农业职业技术学院,,3,畜牧兽医,（办学地点：甘肃农业职业技术学院。免补专业。）,,16,三年,4500.0
西藏,2025,专科批,理科,808,甘肃农业职业技术学院,,5,大数据与会计,（办学地点：甘肃农业职业技术学院。）,,5,三年,4500.0
西藏,2025,专科批,理科,1141,甘肃工业职业技术大学,,4,计算机应用技术,（办学地点：秦州校区。）,,3,三年,4500.0
西藏,2025,专科批,理科,1141,甘肃工业职业技术大学,,1,输配电工程技术,（办学地点：秦州校区。）,,2,三年,4500.0
西藏,2025,专科批,文科,1141,甘肃工业职业技术大学,,3,计算机应用技术,（办学地点：秦州校区。）,,3,三年,4500.0
西藏,2025,专科批,文科,1141,甘肃工业职业技术大学,,2,输配电工程技术,（办学地点：秦州校区。）,,2,三年,4500.0
西藏,2025,本科一批,文科,351,甘肃政法大学,,1,法学,（学费待定。）,,4,四年,
西藏,2025,本科一批,文科,351,甘肃政法大学,,12,劳动与社会保障,（学费待定。）,,2,四年,
西藏,2025,本科一批,文科,351,甘肃政法大学,,1,法学,（西部基层卓越法治人才基地班）（学费待定。）,,1,四年,
西藏,2025,本科一批,文科,351,甘肃政法大学,,5,政治学与行政学,（学费待定。）,,1,四年,
西藏,2025,本科一批,文科,351,甘肃政法大学,,6,社会工作,（学费待定。）,,1,四年,
西藏,2025,本科一批,文科,351,甘肃政法大学,,7,新闻学,（学费待定。）,,1,四年,
西藏,2025,本科一批,文科,351,甘肃政法大学,,10,行政管理,（学费待定。）,,1,四年,
西藏,2025,本科一批,理科,351,甘肃政法大学,,3,法学,（学费待定。）,,2,四年,
西藏,2025,本科一批,理科,351,甘肃政法大学,,3,法学,（西部基层卓越法治人才基地班）（学费待定。）,,1,四年,
西藏,2025,本科一批,理科,351,甘肃政法大学,,8,新闻学,（学费待定。）,,1,四年,
西藏,2025,本科一批,理科,351,甘肃政法大学,,9,信息安全,（学费待定。）,,1,四年,
西藏,2025,本科一批,理科,351,甘肃政法大学,,11,劳动与社会保障,（学费待定。）,,1,四年,
西藏,2025,专科批,理科,899,甘肃有色冶金职业技术学院,,2,矿物加工技术,（免补专业。）,,6,三年,4500.0
西藏,2025,专科批,理科,899,甘肃有色冶金职业技术学院,,3,电气自动化技术,,,6,三年,4500.0
西藏,2025,专科批,文科,899,甘肃有色冶金职业技术学院,,1,矿物加工技术,（免补专业。）,,4,三年,4500.0
西藏,2025,专科批,文科,899,甘肃有色冶金职业技术学院,,4,电气自动化技术,,,4,三年,4500.0
西藏,2025,专科批,理科,1119,甘肃林业职业技术大学,,19,林业信息技术应用,（免补专业。）,,2,三年,4500.0
西藏,2025,专科批,理科,1119,甘肃林业职业技术大学,,21,测绘地理信息技术,,,2,三年,4500.0
西藏,2025,专科批,理科,1119,甘肃林业职业技术大学,,23,环境监测技术,（免补专业。）,,2,三年,4500.0
西藏,2025,专科批,理科,1119,甘肃林业职业技术大学,,25,环境工程技术,（免补专业。）,,2,三年,4500.0
西藏,2025,专科批,理科,1119,甘肃林业职业技术大学,,35,现代物流管理,,,2,三年,4500.0
西藏,2025,专科批,理科,1119,甘肃林业职业技术大学,,7,现代农业技术,（办学地点：清水校区。免补专业。）,,1,三年,4500.0
西藏,2025,专科批,理科,1119,甘肃林业职业技术大学,,9,园艺技术,（办学地点：清水校区。免补专业。）,,1,三年,4500.0
西藏,2025,专科批,理科,1119,甘肃林业职业技术大学,,11,林业技术,（免补专业。）,,1,三年,4500.0
西藏,2025,专科批,理科,1119,甘肃林业职业技术大学,,13,草业技术,（免补专业。）,,1,三年,4500.0
西藏,2025,专科批,理科,1119,甘肃林业职业技术大学,,15,森林和草原资源保护,（免补专业。）,,1,三年,4500.0
西藏,2025,专科批,文科,1119,甘肃林业职业技术大学,,18,林业信息技术应用,（免补专业。）,,2,三年,4500.0
西藏,2025,专科批,文科,1119,甘肃林业职业技术大学,,20,测绘地理信息技术,,,2,三年,4500.0
西藏,2025,专科批,文科,1119,甘肃林业职业技术大学,,22,环境监测技术,（免补专业。）,,2,三年,4500.0
西藏,2025,专科批,文科,1119,甘肃林业职业技术大学,,24,环境工程技术,（免补专业。）,,2,三年,4500.0
西藏,2025,专科批,文科,1119,甘肃林业职业技术大学,,34,现代物流管理,,,2,三年,4500.0
西藏,2025,专科批,文科,1119,甘肃林业职业技术大学,,6,现代农业技术,（办学地点：清水校区。免补专业。）,,1,三年,4500.0
西藏,2025,专科批,文科,1119,甘肃林业职业技术大学,,8,园艺技术,（办学地点：清水校区。免补专业。）,,1,三年,4500.0
西藏,2025,专科批,文科,1119,甘肃林业职业技术大学,,10,林业技术,（免补专业。）,,1,三年,4500.0
西藏,2025,专科批,文科,1119,甘肃林业职业技术大学,,12,草业技术,（免补专业。）,,1,三年,4500.0
西藏,2025,专科批,文科,1119,甘肃林业职业技术大学,,14,森林和草原资源保护,（免补专业。）,,1,三年,4500.0
西藏,2025,本科二批,理科,1119,甘肃林业职业技术大学,,1,园林工程,（免补专业。）,,1,四年,6500.0
西藏,2025,本科二批,理科,1119,甘肃林业职业技术大学,,2,地理信息技术,,,1,四年,6500.0
西藏,2025,本科二批,理科,1119,甘肃林业职业技术大学,,3,生态环境工程技术,（免补专业。）,,1,四年,6500.0
西藏,2025,本科二批,理科,1119,甘肃林业职业技术大学,,4,园林景观工程,,,1,四年,6500.0
西藏,2025,本科二批,理科,1119,甘肃林业职业技术大学,,5,生态水利工程,（免补专业。）,,1,四年,6500.0
西藏,2025,专科批,文科,1119,甘肃林业职业技术大学,,16,森林生态旅游与康养,（免补专业。）,,1,三年,4500.0
西藏,2025,专科批,文科,1119,甘肃林业职业技术大学,,26,建筑装饰工程技术,,,1,三年,4500.0
西藏,2025,专科批,文科,1119,甘肃林业职业技术大学,,28,园林工程技术,,,1,三年,4500.0
西藏,2025,专科批,文科,1119,甘肃林业职业技术大学,,30,工程造价,,,1,三年,4500.0
西藏,2025,专科批,文科,1119,甘肃林业职业技术大学,,32,市政工程技术,,,1,三年,4500.0
西藏,2025,专科批,理科,1119,甘肃林业职业技术大学,,17,森林生态旅游与康养,（免补专业。）,,1,三年,4500.0
西藏,2025,专科批,理科,1119,甘肃林业职业技术大学,,27,建筑装饰工程技术,,,1,三年,4500.0
西藏,2025,专科批,理科,1119,甘肃林业职业技术大学,,29,园林工程技术,,,1,三年,4500.0
西藏,2025,专科批,理科,1119,甘肃林业职业技术大学,,31,工程造价,,,1,三年,4500.0
西藏,2025,专科批,理科,1119,甘肃林业职业技术大学,,33,市政工程技术,,,1,三年,4500.0
西藏,2025,本科二批,理科,376,甘肃民族师范学院,,9,物理学,（师范类。）,,5,四年,4000.0
西藏,2025,本科二批,理科,376,甘肃民族师范学院,,10,化学,（师范类。）,,5,四年,4000.0
西藏,2025,本科二批,理科,376,甘肃民族师范学院,,11,生物科学,（师范类。）,,5,四年,4000.0
西藏,2025,本科二批,理科,376,甘肃民族师范学院,,12,计算机科学与技术,（师范类。）,,5,四年,4000.0
西藏,2025,本科二批,理科,376,甘肃民族师范学院,,13,水利水电工程,（免补专业。）,,5,四年,4000.0
西藏,2025,本科二批,理科,376,甘肃民族师范学院,,14,财务管理,,,5,四年,4000.0
西藏,2025,本科二批,文科,376,甘肃民族师范学院,,1,思想政治教育,（师范类。）,,5,四年,3800.0
西藏,2025,本科二批,文科,376,甘肃民族师范学院,,2,学前教育,（师范类。）,,5,四年,3800.0
西藏,2025,本科二批,文科,376,甘肃民族师范学院,,3,小学教育,（师范类。）,,5,四年,4000.0
西藏,2025,本科二批,文科,376,甘肃民族师范学院,,4,汉语言文学,（师范类。）,,5,四年,3800.0
西藏,2025,本科二批,文科,376,甘肃民族师范学院,,5,中国少数民族语言文学,（藏语）（师范类。）,,5,四年,3800.0
西藏,2025,本科二批,文科,376,甘肃民族师范学院,,6,应用语言学,,,5,四年,3800.0
西藏,2025,本科二批,文科,376,甘肃民族师范学院,,6,应用语言学,（汉藏翻译）,,5,四年,3800.0
西藏,2025,本科二批,文科,376,甘肃民族师范学院,,8,英语,（招英语语种。须英语口试。师范类。）,,5,四年,4300.0
西藏,2025,本科二批,文科,376,甘肃民族师范学院,,15,文化产业管理,,,5,四年,3800.0
西藏,2025,提前批艺体类本科,文科,376,甘肃民族师范学院,,,音乐学,（音乐教育）（师范类。认可区内音乐教育专业统考成绩。）,,2,四年,6500.0
西藏,2025,提前批艺体类本科,文科,376,甘肃民族师范学院,,,舞蹈学,（舞蹈）（师范类。认可区内舞蹈类专业统考成绩。）,,2,四年,6500.0
西藏,2025,提前批艺体类本科,文科,376,甘肃民族师范学院,,,美术学,（美术）（师范类。认可区内美术与设计类专业统考成绩。）,,2,四年,6500.0
西藏,2025,专科批,理科,883,甘肃畜牧工程职业技术学院,,4,畜牧兽医,（办学地点：甘肃畜牧工程职业技术学院。免补专业。）,,6,三年,4500.0
西藏,2025,专科批,理科,883,甘肃畜牧工程职业技术学院,,1,园艺技术,（办学地点：甘肃畜牧工程职业技术学院。免补专业。）,,3,三年,4500.0
西藏,2025,专科批,理科,883,甘肃畜牧工程职业技术学院,,6,宠物医疗技术,（办学地点：甘肃畜牧工程职业技术学院。免补专业。）,,3,三年,4500.0
西藏,2025,专科批,理科,883,甘肃畜牧工程职业技术学院,,8,宠物养护与驯导,（办学地点：甘肃畜牧工程职业技术学院。免补专业。）,,3,三年,4500.0
西藏,2025,专科批,理科,883,甘肃畜牧工程职业技术学院,,9,机械设计与制造,（办学地点：甘肃畜牧工程职业技术学院。）,,3,三年,4500.0
西藏,2025,专科批,理科,883,甘肃畜牧工程职业技术学院,,11,机械制造及自动化,（办学地点：甘肃畜牧工程职业技术学院。）,,3,三年,4500.0
西藏,2025,专科批,理科,883,甘肃畜牧工程职业技术学院,,13,机电一体化技术,（办学地点：甘肃畜牧工程职业技术学院。）,,3,三年,4500.0
西藏,2025,专科批,理科,883,甘肃畜牧工程职业技术学院,,15,电气自动化技术,（办学地点：甘肃畜牧工程职业技术学院。）,,3,三年,4500.0
西藏,2025,专科批,理科,883,甘肃畜牧工程职业技术学院,,17,汽车制造与试验技术,（办学地点：甘肃畜牧工程职业技术学院。）,,3,三年,4500.0
西藏,2025,专科批,理科,883,甘肃畜牧工程职业技术学院,,19,智能网联汽车技术,（办学地点：甘肃畜牧工程职业技术学院。）,,3,三年,4500.0
西藏,2025,专科批,理科,883,甘肃畜牧工程职业技术学院,,22,食品智能加工技术,（办学地点：甘肃畜牧工程职业技术学院。）,,3,三年,4500.0
西藏,2025,专科批,理科,883,甘肃畜牧工程职业技术学院,,23,婴幼儿托育服务与管理,（办学地点：甘肃畜牧工程职业技术学院。）,,3,三年,4500.0
西藏,2025,专科批,理科,883,甘肃畜牧工程职业技术学院,,25,现代物流管理,（办学地点：甘肃畜牧工程职业技术学院。）,,3,三年,4500.0
西藏,2025,专科批,文科,883,甘肃畜牧工程职业技术学院,,3,畜牧兽医,（办学地点：甘肃畜牧工程职业技术学院。免补专业。）,,4,三年,4500.0
西藏,2025,专科批,文科,883,甘肃畜牧工程职业技术学院,,2,园艺技术,（办学地点：甘肃畜牧工程职业技术学院。免补专业。）,,2,三年,4500.0
西藏,2025,专科批,文科,883,甘肃畜牧工程职业技术学院,,5,宠物医疗技术,（办学地点：甘肃畜牧工程职业技术学院。免补专业。）,,2,三年,4500.0
西藏,2025,专科批,文科,883,甘肃畜牧工程职业技术学院,,7,宠物养护与驯导,（办学地点：甘肃畜牧工程职业技术学院。免补专业。）,,2,三年,4500.0
西藏,2025,专科批,文科,883,甘肃畜牧工程职业技术学院,,10,机械设计与制造,（办学地点：甘肃畜牧工程职业技术学院。）,,2,三年,4500.0
西藏,2025,专科批,文科,883,甘肃畜牧工程职业技术学院,,12,机械制造及自动化,（办学地点：甘肃畜牧工程职业技术学院。）,,2,三年,4500.0
西藏,2025,专科批,文科,883,甘肃畜牧工程职业技术学院,,14,机电一体化技术,（办学地点：甘肃畜牧工程职业技术学院。）,,2,三年,4500.0
西藏,2025,专科批,文科,883,甘肃畜牧工程职业技术学院,,16,电气自动化技术,（办学地点：甘肃畜牧工程职业技术学院。）,,2,三年,4500.0
西藏,2025,专科批,文科,883,甘肃畜牧工程职业技术学院,,18,汽车制造与试验技术,（办学地点：甘肃畜牧工程职业技术学院。）,,2,三年,4500.0
西藏,2025,专科批,文科,883,甘肃畜牧工程职业技术学院,,20,智能网联汽车技术,（办学地点：甘肃畜牧工程职业技术学院。）,,2,三年,4500.0
西藏,2025,专科批,文科,883,甘肃畜牧工程职业技术学院,,21,食品智能加工技术,（办学地点：甘肃畜牧工程职业技术学院。）,,2,三年,4500.0
西藏,2025,专科批,文科,883,甘肃畜牧工程职业技术学院,,24,婴幼儿托育服务与管理,（办学地点：甘肃畜牧工程职业技术学院。）,,2,三年,4500.0
西藏,2025,专科批,文科,883,甘肃畜牧工程职业技术学院,,26,现代物流管理,（办学地点：甘肃畜牧工程职业技术学院。）,,2,三年,4500.0
西藏,2025,本科一批,理科,230,电子科技大学,,1,工科试验班,（机器人、电气信息、智能制造）,,1,四年,
西藏,2025,本科一批,理科,230,电子科技大学,,4,电子信息类,（智能仪器、智能控制）,,1,四年,
西藏,2025,国家专项计划批,理科,230,电子科技大学,,5,集成电路设计与集成系统,（国家示范性微电子学院）（国家专项计划）,,1,四年,
西藏,2025,国家专项计划批,理科,230,电子科技大学,,6,航空航天类,（飞行器控制信息、无人机应用）（国家专项计划）,,1,四年,
西藏,2025,国家专项计划批,理科,230,电子科技大学,,4,电子信息类,（电子信息与物理科学复合培养）（国家专项计划）,,1,四年,
西藏,2025,高校专项计划批,理科,230,电子科技大学,,4,电子信息类,（信息与通信）（高校专项计划）,,1,四年,
西藏,2025,专科批,理科,577,白城医学高等专科学校,,4,护理,（办学地点：白城医学高等专科学校保平校区。）,,5,三年,6000.0
西藏,2025,专科批,理科,577,白城医学高等专科学校,,3,口腔医学,（办学地点：白城医学高等专科学校保平校区。）,,4,三年,6000.0
西藏,2025,专科批,理科,577,白城医学高等专科学校,,1,临床医学,（办学地点：白城医学高等专科学校保平校区。）,,2,三年,6000.0
西藏,2025,专科批,文科,577,白城医学高等专科学校,,5,护理,（办学地点：白城医学高等专科学校保平校区。）,,6,三年,6000.0
西藏,2025,专科批,文科,577,白城医学高等专科学校,,2,口腔医学,（办学地点：白城医学高等专科学校保平校区。）,,3,三年,6000.0
西藏,2025,本科二批,理科,100,白城师范学院,,9,生物科学,（办学地点：经开校区。师范类。）,,5,四年,5500.0
西藏,2025,本科二批,理科,100,白城师范学院,,4,数学与应用数学,（办学地点：经开校区。师范类。）,,3,四年,5000.0
西藏,2025,本科二批,理科,100,白城师范学院,,5,物理学,（办学地点：经开校区。师范类。）,,3,四年,5500.0
西藏,2025,本科二批,理科,100,白城师范学院,,6,化学,（办学地点：经开校区。师范类。）,,3,四年,5500.0
西藏,2025,本科二批,理科,100,白城师范学院,,8,地理科学,（办学地点：经开校区。师范类。）,,3,四年,5500.0
西藏,2025,本科二批,理科,100,白城师范学院,,10,生物技术,（办学地点：经开校区。）,,2,四年,5000.0
西藏,2025,本科二批,文科,100,白城师范学院,,1,思想政治教育,（办学地点：经开校区。师范类。）,,4,四年,5280.0
西藏,2025,本科二批,文科,100,白城师范学院,,2,汉语言文学,（办学地点：经开校区。师范类。）,,4,四年,5060.0
西藏,2025,本科二批,文科,100,白城师范学院,,3,历史学,（办学地点：经开校区。师范类。）,,3,四年,4600.0
西藏,2025,本科二批,文科,100,白城师范学院,,7,地理科学,（办学地点：经开校区。师范类。）,,2,四年,5500.0
西藏,2025,专科批,理科,733,白城职业技术学院,,2,音乐教育,（办学地点：白城职业技术学院。师范类。）,,5,三年,5500.0
西藏,2025,专科批,理科,733,白城职业技术学院,,3,美术教育,（办学地点：白城职业技术学院。师范类。）,,5,三年,5500.0
西藏,2025,专科批,理科,733,白城职业技术学院,,6,体育教育,（办学地点：白城职业技术学院。师范类。）,,5,三年,5500.0
西藏,2025,专科批,文科,733,白城职业技术学院,,1,音乐教育,（办学地点：白城职业技术学院。师范类。）,,5,三年,5500.0
西藏,2025,专科批,文科,733,白城职业技术学院,,4,美术教育,（办学地点：白城职业技术学院。师范类。）,,5,三年,5500.0
西藏,2025,专科批,文科,733,白城职业技术学院,,5,体育教育,（办学地点：白城职业技术学院。师范类。）,,5,三年,5500.0
西藏,2025,专科批,理科,702,白银矿冶职业技术学院,,2,计算机应用技术,,,3,三年,4500.0
西藏,2025,专科批,理科,702,白银矿冶职业技术学院,,4,数字媒体技术,,,3,三年,4500.0
西藏,2025,专科批,理科,702,白银矿冶职业技术学院,,6,电子商务,（办学地点：北校区。）,,3,三年,4500.0
西藏,2025,专科批,理科,702,白银矿冶职业技术学院,,8,旅游管理,（办学地点：北校区。）,,3,三年,4500.0
西藏,2025,专科批,理科,702,白银矿冶职业技术学院,,12,学前教育,,,3,三年,4500.0
西藏,2025,专科批,理科,702,白银矿冶职业技术学院,,10,音乐表演,,,2,三年,4500.0
西藏,2025,专科批,文科,702,白银矿冶职业技术学院,,1,计算机应用技术,,,3,三年,4500.0
西藏,2025,专科批,文科,702,白银矿冶职业技术学院,,3,数字媒体技术,,,3,三年,4500.0
西藏,2025,专科批,文科,702,白银矿冶职业技术学院,,5,电子商务,（办学地点：北校区。）,,3,三年,4500.0
西藏,2025,专科批,文科,702,白银矿冶职业技术学院,,7,旅游管理,（办学地点：北校区。）,,3,三年,4500.0
西藏,2025,专科批,文科,702,白银矿冶职业技术学院,,9,音乐表演,,,3,三年,4500.0
西藏,2025,专科批,文科,702,白银矿冶职业技术学院,,11,学前教育,,,3,三年,4500.0
西藏,2025,专科批,理科,594,益阳职业技术学院,,7,园林技术,（免补专业。）,,10,三年,3000.0
西藏,2025,专科批,理科,594,益阳职业技术学院,,8,畜牧兽医,（免补专业。）,,10,三年,3000.0
西藏,2025,专科批,理科,594,益阳职业技术学院,,11,机电一体化技术,,,10,三年,4600.0
西藏,2025,专科批,理科,594,益阳职业技术学院,,2,现代农业技术,（免补专业。）,,5,三年,3000.0
西藏,2025,专科批,理科,594,益阳职业技术学院,,5,农产品加工与质量检测,（免补专业。）,,5,三年,3000.0
西藏,2025,专科批,理科,594,益阳职业技术学院,,14,汽车检测与维修技术,,,5,三年,4600.0
西藏,2025,专科批,理科,594,益阳职业技术学院,,16,大数据与会计,,,5,三年,3500.0
西藏,2025,专科批,文科,594,益阳职业技术学院,,12,机电一体化技术,,,5,三年,4600.0
西藏,2025,专科批,文科,594,益阳职业技术学院,,17,大数据与会计,,,5,三年,3500.0
西藏,2025,专科批,文科,594,益阳职业技术学院,,19,电子商务,,,5,三年,3500.0
西藏,2025,专科批,文科,594,益阳职业技术学院,,21,农村电子商务,,,5,三年,3500.0
西藏,2025,专科批,理科,579,盐城工业职业技术学院,,2,大数据与会计,,,3,三年,4700.0
西藏,2025,专科批,文科,579,盐城工业职业技术学院,,1,大数据与会计,,,2,三年,4700.0
西藏,2025,提前批艺体类专科,文科,579,盐城工业职业技术学院,,,艺术设计,（认可区内美术与设计类专业统考成绩。）,,5,三年,6800.0
西藏,2025,本科二批,理科,144,盐城工学院,,2,应用化学,,,4,四年,5500.0
西藏,2025,本科二批,理科,144,盐城工学院,,3,服装设计与工程,,,4,四年,5800.0
西藏,2025,本科二批,文科,144,盐城工学院,,1,汉语言文学,,,7,四年,5200.0
西藏,2025,本科二批,文科,144,盐城工学院,,6,旅游管理,,,7,四年,5200.0
西藏,2025,本科二批,文科,144,盐城工学院,,4,工商管理,,,4,四年,5200.0
西藏,2025,本科二批,文科,144,盐城工学院,,5,财务管理,,,4,四年,5200.0
西藏,2025,本科二批,理科,149,盐城师范学院,,1,金融工程,,,5,四年,5200.0
西藏,2025,本科二批,理科,149,盐城师范学院,,8,电子商务,,,5,四年,5200.0
西藏,2025,本科二批,理科,149,盐城师范学院,,5,应急管理,,,3,四年,5200.0
西藏,2025,本科二批,文科,149,盐城师范学院,,2,法学,,,4,四年,5200.0
西藏,2025,本科二批,文科,149,盐城师范学院,,6,公共事业管理,,,4,四年,5200.0
西藏,2025,本科二批,文科,149,盐城师范学院,,7,物流管理,,,4,四年,5200.0
西藏,2025,本科二批,文科,149,盐城师范学院,,4,历史学,（师范类。）,,3,四年,5200.0
西藏,2025,本科二批,文科,149,盐城师范学院,,3,思想政治教育,（师范类。）,,2,四年,5200.0
西藏,2025,专科批,理科,782,盐城幼儿师范高等专科学校,,18,小学教育,（师范类。）,,3,三年,4700.0
西藏,2025,专科批,理科,782,盐城幼儿师范高等专科学校,,2,大数据技术,,,2,三年,5300.0
西藏,2025,专科批,理科,782,盐城幼儿师范高等专科学校,,6,跨境电子商务,,,2,三年,4700.0
西藏,2025,专科批,理科,782,盐城幼儿师范高等专科学校,,8,旅游管理,,,2,三年,4700.0
西藏,2025,专科批,理科,782,盐城幼儿师范高等专科学校,,14,早期教育,（师范类。）,,2,三年,4700.0
西藏,2025,专科批,理科,782,盐城幼儿师范高等专科学校,,3,婴幼儿托育服务与管理,,,1,三年,6200.0
西藏,2025,专科批,理科,782,盐城幼儿师范高等专科学校,,9,酒店管理与数字化运营,,,1,三年,4700.0
西藏,2025,专科批,理科,782,盐城幼儿师范高等专科学校,,15,学前教育,（师范类。）,,1,三年,4700.0
西藏,2025,专科批,理科,782,盐城幼儿师范高等专科学校,,20,商务英语,,,1,三年,4700.0
西藏,2025,专科批,理科,782,盐城幼儿师范高等专科学校,,27,智慧健康养老服务与管理,,,1,三年,4700.0
西藏,2025,专科批,文科,782,盐城幼儿师范高等专科学校,,5,跨境电子商务,,,3,三年,4700.0
西藏,2025,专科批,文科,782,盐城幼儿师范高等专科学校,,7,旅游管理,,,3,三年,4700.0
西藏,2025,专科批,文科,782,盐城幼儿师范高等专科学校,,17,小学教育,（师范类。）,,3,三年,4700.0
西藏,2025,专科批,文科,782,盐城幼儿师范高等专科学校,,13,早期教育,（师范类。）,,2,三年,4700.0
西藏,2025,专科批,文科,782,盐城幼儿师范高等专科学校,,26,智慧健康养老服务与管理,,,2,三年,4700.0
西藏,2025,专科批,文科,782,盐城幼儿师范高等专科学校,,1,大数据技术,,,1,三年,5300.0
西藏,2025,专科批,文科,782,盐城幼儿师范高等专科学校,,4,婴幼儿托育服务与管理,,,1,三年,6200.0
西藏,2025,专科批,文科,782,盐城幼儿师范高等专科学校,,10,酒店管理与数字化运营,,,1,三年,4700.0
西藏,2025,专科批,文科,782,盐城幼儿师范高等专科学校,,16,学前教育,（师范类。）,,1,三年,4700.0
西藏,2025,专科批,文科,782,盐城幼儿师范高等专科学校,,21,商务英语,,,1,三年,4700.0
西藏,2025,提前批艺体类专科,文科,782,盐城幼儿师范高等专科学校,,,舞蹈表演,（舞蹈）（认可区内舞蹈类专业统考成绩。）,,10,三年,6800.0
西藏,2025,提前批艺体类专科,文科,782,盐城幼儿师范高等专科学校,,,体育艺术表演,（认可区内体育统考成绩。）,,5,三年,4800.0
西藏,2025,提前批艺体类专科,文科,782,盐城幼儿师范高等专科学校,,,运动训练,（认可区内体育统考成绩。）,,3,三年,4800.0
西藏,2025,提前批艺体类专科,文科,782,盐城幼儿师范高等专科学校,,,体育保健与康复,（认可区内体育统考成绩。）,,3,三年,4800.0
西藏,2025,提前批艺体类专科,文科,782,盐城幼儿师范高等专科学校,,,体育教育,（认可区内体育统考成绩。师范类。）,,2,三年,4700.0
西藏,2025,提前批艺体类专科,文科,782,盐城幼儿师范高等专科学校,,,音乐表演,（音乐表演）（认可区内音乐表演专业统考成绩。）,,2,三年,6800.0
西藏,2025,提前批艺体类专科,文科,782,盐城幼儿师范高等专科学校,,,社会体育,（认可区内体育统考成绩。）,,1,三年,4800.0
西藏,2025,专科批,理科,,石家庄科技信息职业学院,,,护理,（办学地点：主校区。）,,2,三年,13000.0
西藏,2025,专科批,理科,,石家庄科技信息职业学院,,,药学,（办学地点：主校区。）,,1,三年,13000.0
西藏,2025,专科批,文科,,石家庄科技信息职业学院,,,护理,（办学地点：主校区。）,,1,三年,13000.0
西藏,2025,专科批,文科,,石家庄科技信息职业学院,,,药学,（办学地点：主校区。）,,1,三年,13000.0
西藏,2025,专科批,理科,546,石家庄邮电职业技术学院,,6,金融类,（为西藏邮政订单培养。要求男身高165cm及以上，女身高155cm及以上；无残疾；面颈部及着夏装身体裸露部位无明显疤痕、胎记等；口齿清晰；其他详见招生章程。入学后须面试。含金融服务与管理（邮政金融方向）、财富管理、金融科技应用、保险实务专业。办学地点：西校区。）,,2,三年,5000.0
西藏,2025,专科批,理科,546,石家庄邮电职业技术学院,,1,无人机应用技术,（为西藏邮政订单培养。要求男身高165cm及以上，女身高155cm及以上；无残疾；面颈部及着夏装身体裸露部位无明显疤痕、胎记等；口齿清晰；其他详见招生章程。入学后须面试。办学地点：东校区。）,,1,三年,5000.0
西藏,2025,专科批,理科,546,石家庄邮电职业技术学院,,2,邮政快递运营管理,（为西藏邮政订单培养。要求男身高165cm及以上，女身高155cm及以上；无残疾；面颈部及着夏装身体裸露部位无明显疤痕、胎记等；口齿清晰；其他详见招生章程。入学后须面试。办学地点：西校区。）,,1,三年,5000.0
西藏,2025,专科批,理科,546,石家庄邮电职业技术学院,,3,大数据技术,（为西藏邮政订单培养。要求男身高165cm及以上，女身高155cm及以上；无残疾；面颈部及着夏装身体裸露部位无明显疤痕、胎记等；口齿清晰；其他详见招生章程。入学后须面试。办学地点：东校区。）,,1,三年,5000.0
西藏,2025,专科批,理科,546,石家庄邮电职业技术学院,,4,人工智能技术应用,（为西藏邮政订单培养。要求男身高165cm及以上，女身高155cm及以上；无残疾；面颈部及着夏装身体裸露部位无明显疤痕、胎记等；口齿清晰；其他详见招生章程。入学后须面试。办学地点：东校区。）,,1,三年,5000.0
西藏,2025,专科批,文科,546,石家庄邮电职业技术学院,,5,金融类,（为西藏邮政订单培养。要求男身高165cm及以上，女身高155cm及以上；无残疾；面颈部及着夏装身体裸露部位无明显疤痕、胎记等；口齿清晰；其他详见招生章程。入学后须面试。含金融服务与管理（邮政金融方向）、财富管理、金融科技应用、保险实务专业。办学地点：西校区。）,,3,三年,5000.0
西藏,2025,专科批,文科,546,石家庄邮电职业技术学院,,7,电子商务类,（为西藏邮政订单培养。要求男身高165cm及以上，女身高155cm及以上；无残疾；面颈部及着夏装身体裸露部位无明显疤痕、胎记等；口齿清晰；其他详见招生章程。入学后须面试。含电子商务、网络营销与直播电商专业。办学地点：西校区。）,,1,三年,5000.0
西藏,2025,本科一批,理科,291,石河子大学,,2,生物科学类,（含生物科学（理学）、生物科学（菁英班）、生物技术专业。学费待定）,,2,四年,
西藏,2025,本科一批,理科,291,石河子大学,,4,动物医学,（学费待定。免补专业。）,,2,五年,
西藏,2025,本科一批,理科,291,石河子大学,,5,临床医学,（学费待定。）,,2,五年,
西藏,2025,本科一批,理科,291,石河子大学,,6,医学影像学,（学费待定。）,,2,五年,
西藏,2025,国家专项计划本科批,理科,291,石河子大学,,3,智慧水利,（学费待定。免补专业。）,,2,四年,
西藏,2025,专科批,文科,907,神木职业技术学院,,6,护理,（办学地点：神木职业技术学院。）,,10,三年,6500.0
西藏,2025,专科批,文科,907,神木职业技术学院,,15,学前教育,（办学地点：神木职业技术学院。）,,5,三年,6500.0
西藏,2025,专科批,文科,907,神木职业技术学院,,2,计算机应用技术,（办学地点：神木职业技术学院。）,,2,三年,6500.0
西藏,2025,专科批,文科,907,神木职业技术学院,,8,药学,（办学地点：神木职业技术学院。）,,2,三年,6500.0
西藏,2025,专科批,文科,907,神木职业技术学院,,10,康复治疗技术,（办学地点：神木职业技术学院。）,,2,三年,6500.0
西藏,2025,专科批,文科,907,神木职业技术学院,,12,婴幼儿托育服务与管理,（办学地点：神木职业技术学院。）,,2,三年,6500.0
西藏,2025,专科批,文科,907,神木职业技术学院,,16,社会工作,（办学地点：神木职业技术学院。）,,2,三年,6500.0
西藏,2025,专科批,理科,907,神木职业技术学院,,7,护理,（办学地点：神木职业技术学院。）,,8,三年,6500.0
西藏,2025,专科批,理科,907,神木职业技术学院,,9,药学,（办学地点：神木职业技术学院。）,,3,三年,6500.0
西藏,2025,专科批,理科,907,神木职业技术学院,,1,环境监测技术,（办学地点：神木职业技术学院。免补专业。）,,2,三年,6500.0
西藏,2025,专科批,理科,907,神木职业技术学院,,3,计算机应用技术,（办学地点：神木职业技术学院。）,,2,三年,6500.0
西藏,2025,专科批,理科,907,神木职业技术学院,,4,数字媒体技术,（办学地点：神木职业技术学院。）,,2,三年,6500.0
西藏,2025,专科批,理科,907,神木职业技术学院,,5,信息安全技术应用,（办学地点：神木职业技术学院。）,,2,三年,6500.0
西藏,2025,专科批,理科,907,神木职业技术学院,,11,康复治疗技术,（办学地点：神木职业技术学院。）,,2,三年,6500.0
西藏,2025,专科批,理科,907,神木职业技术学院,,13,婴幼儿托育服务与管理,（办学地点：神木职业技术学院。）,,2,三年,6500.0
西藏,2025,专科批,理科,907,神木职业技术学院,,14,大数据与会计,（办学地点：神木职业技术学院。）,,2,三年,6500.0
西藏,2025,本科二批,理科,,福州外语外贸学院,,,小学教育,（第一学年在滨海校区培养，第二至第四学年在长乐校区培养。师范类。）,,2,四年,31840.0
西藏,2025,本科二批,理科,,福州外语外贸学院,,,学前教育,（第一学年在滨海校区培养，第二至第四学年在长乐校区培养。师范类。）,,1,四年,31840.0
西藏,2025,本科二批,文科,,福州外语外贸学院,,,学前教育,（第一学年在滨海校区培养，第二至第四学年在长乐校区培养。师范类。）,,2,四年,31840.0
西藏,2025,本科一批,理科,166,福州大学,,1,金融学,"（第一学年在福州市铜盘校区培养,专业体检要求详见招生章程。办学地点：福州市旗山校区。）",,4,四年,5460.0
西藏,2025,本科一批,理科,166,福州大学,,6,微电子科学与工程,"（第一学年在福州市铜盘校区培养,专业体检要求详见招生章程。办学地点：福州市旗山校区。）",,4,四年,5460.0
西藏,2025,本科一批,理科,166,福州大学,,8,机器人工程,"（第一学年在福州市铜盘校区培养,专业体检要求详见招生章程。办学地点：福州市旗山校区。）",,4,四年,5460.0
西藏,2025,本科一批,理科,166,福州大学,,9,计算机科学与技术,"（第一学年在福州市铜盘校区培养,专业体检要求详见招生章程。办学地点：福州市旗山校区。）",,4,四年,5460.0
西藏,2025,本科一批,理科,166,福州大学,,12,城乡规划,"（第一学年在福州市铜盘校区培养,专业体检要求详见招生章程。办学地点：福州市旗山校区。）",,4,五年,5460.0
西藏,2025,国家专项计划本科批,理科,166,福州大学,,3,材料科学与工程,"（第一学年在福州市铜盘校区培养,专业体检要求详见招生章程。办学地点：福州市旗山校区。）",,2,四年,5460.0
西藏,2025,国家专项计划本科批,理科,166,福州大学,,5,电子信息类,"（第一学年在福州市铜盘校区培养,专业体检要求详见招生章程含电子信息工程、通信工程专业。办学地点：福州市旗山校区。）",,2,四年,5460.0
西藏,2025,国家专项计划本科批,理科,166,福州大学,,7,自动化,"（第一学年在福州市铜盘校区培养,专业体检要求详见招生章程。办学地点：福州市旗山校区。）",,2,四年,5460.0
西藏,2025,国家专项计划本科批,理科,166,福州大学,,10,交通工程,"（第一学年在福州市铜盘校区培养,专业体检要求详见招生章程。办学地点：福州市旗山校区。）",,2,四年,5460.0
西藏,2025,国家专项计划本科批,理科,166,福州大学,,4,电气工程及其自动化,"（第一学年在福州市铜盘校区培养,专业体检要求详见招生章程。办学地点：福州市旗山校区。）",,1,四年,5460.0
西藏,2025,本科一批,文科,166,福州大学,,2,汉语言文学,"（第一学年在福州市铜盘校区培养,专业体检要求详见招生章程。办学地点：福州市旗山校区。）",,4,四年,5460.0
西藏,2025,本科一批,文科,166,福州大学,,13,工商管理,"（第一学年在福州市铜盘校区培养,专业体检要求详见招生章程。办学地点：福州市旗山校区。）",,4,四年,5460.0
西藏,2025,本科一批,文科,166,福州大学,,14,公共事业管理,"（第一学年在福州市铜盘校区培养,专业体检要求详见招生章程。办学地点：福州市旗山校区。）",,2,四年,5460.0
西藏,2025,高校专项计划本科批,理科,166,福州大学,,11,食品科学与工程,"（第一学年在福州市铜盘校区培养,专业体检要求详见招生章程。办学地点：福州市旗山校区。）",,1,四年,5460.0
西藏,2025,本科二批,文科,,福州大学至诚学院,,,汉语言文学,（办学地点：主校区。）,,2,四年,20000.0
西藏,2025,本科二批,理科,,福州大学至诚学院,,,物流管理,（办学地点：主校区。）,,2,四年,20000.0
西藏,2025,本科二批,理科,,福州工商学院,,,会计学,（办学地点：福州校区。）,,4,四年,26900.0
西藏,2025,专科批,理科,367,福州职业技术学院,,1,无人机应用技术,,,1,三年,6000.0
西藏,2025,专科批,理科,367,福州职业技术学院,,2,智能网联汽车技术,,,1,三年,6000.0
西藏,2025,专科批,理科,367,福州职业技术学院,,3,计算机网络技术,,,1,三年,6000.0
西藏,2025,专科批,理科,367,福州职业技术学院,,5,会展策划与管理,,,1,三年,6000.0
西藏,2025,专科批,文科,367,福州职业技术学院,,4,市场营销,,,1,三年,6000.0
西藏,2025,本科二批,理科,171,福建中医药大学,,1,中医学,（办学地点：旗山校区。）,,11,五年,6760.0
西藏,2025,专科批,理科,442,福建信息职业技术学院,,1,工业机器人技术,（办学地点：平潭校区。）,,2,三年,6000.0
西藏,2025,专科批,理科,442,福建信息职业技术学院,,2,移动互联应用技术,（该专业第一、二学年在平潭校区学习，第三学年在福州产业园产教融合人才培养基地学习。办学地点：平潭校区。）,,2,三年,6000.0
西藏,2025,专科批,理科,442,福建信息职业技术学院,,3,软件技术,（办学地点：龙腰校区。）,,2,三年,6000.0
西藏,2025,专科批,文科,442,福建信息职业技术学院,,4,电子商务,（办学地点：平潭校区。）,,2,三年,6000.0
西藏,2025,专科批,文科,442,福建信息职业技术学院,,5,跨境电子商务,（办学地点：平潭校区。）,,2,三年,6000.0
西藏,2025,专科批,理科,703,福建农业职业技术学院,,1,现代农业技术,（办学地点：相思岭校区。免补专业。）,,3,三年,6000.0
西藏,2025,专科批,文科,703,福建农业职业技术学院,,2,现代农业技术,（办学地点：相思岭校区。免补专业。）,,2,三年,6000.0
西藏,2025,本科一批,理科,168,福建农林大学,,4,工商管理类,（专业体检受限要求详见学校招生章程。含工商管理、旅游管理专业。办学地点：金山校区。）,,6,四年,5460.0
西藏,2025,本科一批,理科,168,福建农林大学,,6,农村区域发展,（专业体检受限要求详见学校招生章程。办学地点：金山校区。免补专业。）,,6,四年,5460.0
西藏,2025,本科一批,理科,168,福建农林大学,,1,智慧农业,（办学地点：金山校区。免补专业。）,,4,四年,5460.0
西藏,2025,本科一批,理科,168,福建农林大学,,2,园林,（专业体检受限要求详见学校招生章程。办学地点：旗山校区。免补专业。）,,2,四年,5460.0
西藏,2025,本科一批,理科,168,福建农林大学,,5,农林经济管理,（专业体检受限要求详见学校招生章程。办学地点：金山校区。免补专业。）,,2,四年,5460.0
西藏,2025,本科一批,文科,168,福建农林大学,,3,工商管理类,（专业体检受限要求详见学校招生章程。含工商管理、旅游管理专业。办学地点：金山校区。）,,2,四年,5460.0
西藏,2025,本科一批,文科,168,福建农林大学,,7,农村区域发展,（专业体检受限要求详见学校招生章程。办学地点：金山校区。免补专业。）,,2,四年,5460.0
西藏,2025,本科二批,理科,,福建农林大学金山学院,,,人力资源管理,（大学一至二年级在福建农林大学南平办学点（武夷新区）培养，大学三至四年级在福州校区培养。）,,2,四年,20000.0
西藏,2025,本科二批,理科,,福建农林大学金山学院,,,行政管理,（大学一至二年级在福建农林大学南平办学点（武夷新区）培养，大学三至四年级在福州校区培养。）,,2,四年,20000.0
西藏,2025,本科一批,理科,170,福建医科大学,,1,运动康复,,,2,四年,5040.0
西藏,2025,本科一批,理科,170,福建医科大学,,2,临床医学,（不招色盲、色弱。）,,2,五年,6760.0
西藏,2025,本科一批,理科,170,福建医科大学,,4,医学检验技术,（不招色盲、色弱。）,,2,四年,6240.0
西藏,2025,本科一批,理科,170,福建医科大学,,5,护理学,（不招色盲、色弱。）,,2,四年,6760.0
西藏,2025,本科一批,理科,170,福建医科大学,,3,预防医学,（不招色盲、色弱。）,,1,五年,6760.0
西藏,2025,专科批,理科,445,福建卫生职业技术学院,,1,护理,（不招色弱、色盲。）,,3,三年,6600.0
西藏,2025,专科批,理科,445,福建卫生职业技术学院,,3,中药学,（不招色弱、色盲。）,,1,三年,6600.0
西藏,2025,专科批,文科,445,福建卫生职业技术学院,,2,护理,（不招色弱、色盲。）,,2,三年,6600.0
西藏,2025,专科批,文科,445,福建卫生职业技术学院,,4,中药学,（不招色弱、色盲。）,,1,三年,6600.0
西藏,2025,本科二批,理科,615,福建商学院,,1,工商管理,（办学地点：马尾校区。）,,1,四年,4800.0
西藏,2025,本科二批,理科,615,福建商学院,,3,人力资源管理,（办学地点：马尾校区。）,,1,四年,4800.0
西藏,2025,本科二批,理科,615,福建商学院,,5,电子商务,（办学地点：马尾校区。）,,1,四年,4800.0
西藏,2025,本科二批,理科,615,福建商学院,,7,旅游管理与服务教育,（办学地点：连江校区-主校区。）,,1,四年,4800.0
西藏,2025,本科二批,理科,615,福建商学院,,,边防军人子女预科,（民族预科班）（预科培养地点：鼓楼校区。招边防军人子女。）,,1,一年,4800.0
西藏,2025,本科二批,文科,615,福建商学院,,2,工商管理,（办学地点：马尾校区。）,,1,四年,4800.0
西藏,2025,本科二批,文科,615,福建商学院,,4,人力资源管理,（办学地点：马尾校区。）,,1,四年,4800.0
西藏,2025,本科二批,文科,615,福建商学院,,6,电子商务,（办学地点：马尾校区。）,,1,四年,4800.0
西藏,2025,本科二批,文科,615,福建商学院,,8,旅游管理与服务教育,（办学地点：连江校区-主校区。）,,1,四年,4800.0
西藏,2025,本科一批,理科,172,福建师范大学,,2,法学,（办学地点：旗山校区。）,,4,四年,5460.0
西藏,2025,本科一批,理科,172,福建师范大学,,9,公共管理类,（含劳动与社会保障、行政管理专业。办学地点：旗山校区。）,,4,四年,5040.0
西藏,2025,本科一批,理科,172,福建师范大学,,10,旅游管理,（办学地点：旗山校区。）,,4,四年,5460.0
西藏,2025,本科一批,理科,172,福建师范大学,,11,会展经济与管理,（办学地点：旗山校区。）,,3,四年,5460.0
西藏,2025,本科一批,文科,172,福建师范大学,,4,教育学,（师范类。办学地点：仓山校区。师范类。）,,3,四年,5460.0
西藏,2025,本科一批,文科,172,福建师范大学,,7,历史学,（师范类。办学地点：旗山校区。师范类。）,,3,四年,5460.0
西藏,2025,本科一批,文科,172,福建师范大学,,1,法学,（办学地点：旗山校区。）,,2,四年,5460.0
西藏,2025,本科一批,文科,172,福建师范大学,,8,公共管理类,（含劳动与社会保障、行政管理专业。办学地点：旗山校区。）,,2,四年,5040.0
西藏,2025,提前录取本科一批,文科,172,福建师范大学,,3,马克思主义理论类,（含思想政治教育、马克思主义理论专业。办学地点：旗山校区。师范类。）,,3,四年,5460.0
西藏,2025,本科二批,理科,,福建师范大学协和学院,,,金融学,（学费以物价主管部门最终审批为准。）,,1,四年,19000.0
西藏,2025,本科二批,理科,,福建师范大学协和学院,,,国际经济与贸易,（学费以物价主管部门最终审批为准。）,,1,四年,19000.0
西藏,2025,本科二批,理科,,福建师范大学协和学院,,,计算机科学与技术,（学费以物价主管部门最终审批为准。）,,1,四年,20000.0
西藏,2025,本科二批,理科,,福建师范大学协和学院,,,财务管理,（学费以物价主管部门最终审批为准。）,,1,四年,19000.0
西藏,2025,本科二批,文科,,福建师范大学协和学院,,,人力资源管理,（学费以物价主管部门最终审批为准。）,,1,四年,19000.0
西藏,2025,本科二批,理科,910,福建技术师范学院,,2,经济与金融,（办学地点：五马山校区。）,,2,四年,4800.0
西藏,2025,本科二批,理科,910,福建技术师范学院,,4,国际经济与贸易,（办学地点：五马山校区。）,,2,四年,4800.0
西藏,2025,本科二批,理科,910,福建技术师范学院,,1,数字经济,（办学地点：五马山校区。）,,1,四年,4800.0
西藏,2025,本科二批,理科,910,福建技术师范学院,,7,市场营销,（办学地点：五马山校区。）,,1,四年,4800.0
西藏,2025,本科二批,文科,910,福建技术师范学院,,6,市场营销,（办学地点：五马山校区。）,,2,四年,4800.0
西藏,2025,本科二批,文科,910,福建技术师范学院,,3,国际经济与贸易,（办学地点：五马山校区。）,,1,四年,4800.0
西藏,2025,本科二批,文科,910,福建技术师范学院,,5,应用心理学,（办学地点：五马山校区。）,,1,四年,4800.0
西藏,2025,专科批,理科,441,福建林业职业技术学院,,2,园林技术,（办学地点：江南校区。免补专业。）,,2,三年,6000.0
西藏,2025,专科批,文科,441,福建林业职业技术学院,,1,园林技术,（办学地点：江南校区。免补专业。）,,1,三年,6000.0
西藏,2025,专科批,理科,443,福建水利电力职业技术学院,,1,电力系统自动化技术,,,6,三年,6000.0
西藏,2025,本科二批,理科,583,福建江夏学院,,6,资产评估,,,2,四年,5200.0
西藏,2025,本科二批,理科,583,福建江夏学院,,13,电子商务,,,2,四年,5200.0
西藏,2025,本科二批,理科,583,福建江夏学院,,2,法学,,,1,四年,5200.0
西藏,2025,本科二批,理科,583,福建江夏学院,,4,人力资源管理,,,1,四年,5200.0
西藏,2025,本科二批,理科,583,福建江夏学院,,8,物业管理,,,1,四年,5200.0
西藏,2025,本科二批,理科,583,福建江夏学院,,11,行政管理,,,1,四年,4800.0
西藏,2025,本科二批,文科,583,福建江夏学院,,10,行政管理,,,3,四年,4800.0
西藏,2025,本科二批,文科,583,福建江夏学院,,1,法学,,,2,四年,5200.0
西藏,2025,本科二批,文科,583,福建江夏学院,,9,文化产业管理,,,2,四年,5200.0
西藏,2025,本科二批,文科,583,福建江夏学院,,3,人力资源管理,,,1,四年,5200.0
西藏,2025,本科二批,文科,583,福建江夏学院,,5,资产评估,,,1,四年,5200.0
西藏,2025,本科二批,文科,583,福建江夏学院,,7,物业管理,,,1,四年,5200.0
西藏,2025,本科二批,文科,583,福建江夏学院,,12,电子商务,,,1,四年,5200.0
西藏,2025,本科二批,理科,167,福建理工大学,,1,法学,（办学地点：旗山校区。）,,3,四年,5460.0
西藏,2025,本科二批,理科,167,福建理工大学,,4,土木工程,（办学地点：旗山校区。）,,3,四年,5460.0
西藏,2025,本科二批,理科,167,福建理工大学,,5,给排水科学与工程,（办学地点：旗山校区。）,,3,四年,5460.0
西藏,2025,本科二批,理科,167,福建理工大学,,6,环境工程,（办学地点：旗山校区。色盲、色弱、不能准确识别红、黄、绿、蓝、紫各种颜色中任何一种颜色的导线、按键、信号灯、几何图形者不予录取。免补专业。）,,3,四年,5460.0
西藏,2025,本科二批,理科,167,福建理工大学,,7,工程管理,（办学地点：旗山校区。不能准确识别红、黄、绿、蓝、紫各种颜色中任何一种颜色的导线、按键、信号灯、几何图形者不予录取。）,,3,四年,5460.0
西藏,2025,本科二批,理科,167,福建理工大学,,9,审计学,（办学地点：旗山校区。不能准确识别红、黄、绿、蓝、紫各种颜色中任何一种颜色的导线、按键、信号灯、几何图形者不予录取。）,,3,四年,5460.0
西藏,2025,本科二批,理科,167,福建理工大学,,3,机械设计制造及其自动化,（办学地点：旗山校区。）,,2,四年,5460.0
西藏,2025,本科二批,理科,167,福建理工大学,,8,工程造价,（办学地点：旗山校区。不能准确识别红、黄、绿、蓝、紫各种颜色中任何一种颜色的导线、按键、信号灯、几何图形者不予录取。）,,2,四年,5460.0
西藏,2025,本科二批,理科,167,福建理工大学,,10,物流管理,（办学地点：旗山校区。）,,2,四年,5460.0
西藏,2025,本科二批,理科,167,福建理工大学,,11,工业工程,（办学地点：旗山校区。）,,2,四年,5460.0
西藏,2025,本科二批,文科,167,福建理工大学,,2,新闻学,（办学地点：旗山校区。）,,2,四年,5040.0
西藏,2025,专科批,理科,695,福建船政交通职业学院,,2,软件技术,（办学地点：福建船政交通职业学院首山校区。）,,2,三年,6000.0
西藏,2025,专科批,理科,695,福建船政交通职业学院,,1,建筑工程技术,（办学地点：福建船政交通职业学院首山校区。）,,1,三年,6000.0
西藏,2025,专科批,文科,695,福建船政交通职业学院,,3,关务与外贸服务,（办学地点：福建船政交通职业学院首山校区。）,,1,三年,6000.0
西藏,2025,提前录取军校批,理科,1235,空军预警学院,,1,预警探测,（预警探测初级指挥军官）（须政审、面试、军检。招男生。通用标准合格。招英语语种。）,,2,四年,
西藏,2025,提前录取军校批,理科,1235,空军预警学院,,3,雷达工程,（装备技术保障初级技术军官）（须政审、面试、军检。招男生。通用标准合格。招英语语种。）,,2,四年,
西藏,2025,提前录取军校批,理科,1235,空军预警学院,,2,网电指挥与工程,（电子对抗初级指挥与技术军官）（须政审、面试、军检。招男生。电子对抗岗位合格。招英语语种。）,,1,四年,
西藏,2025,本科一批,理科,364,绍兴文理学院,,1,药学,,,10,四年,5500.0
西藏,2025,本科一批,理科,364,绍兴文理学院,,2,医学检验技术,,,10,四年,5500.0
西藏,2025,本科一批,理科,364,绍兴文理学院,,4,护理学,,,5,四年,5500.0
西藏,2025,本科一批,文科,364,绍兴文理学院,,3,护理学,,,5,四年,5500.0
西藏,2025,本科二批,理科,482,绥化学院,,2,学前教育,（办学地点：绥化学院主校区。师范类。）,,2,四年,3000.0
西藏,2025,本科二批,理科,482,绥化学院,,4,小学教育,（办学地点：绥化学院主校区。师范类。）,,2,四年,4000.0
西藏,2025,本科二批,文科,482,绥化学院,,5,汉语言文学,（办学地点：绥化学院主校区。师范类。）,,5,四年,2500.0
西藏,2025,本科二批,文科,482,绥化学院,,1,学前教育,（办学地点：绥化学院主校区。师范类。）,,2,四年,3000.0
西藏,2025,本科二批,文科,482,绥化学院,,3,小学教育,（办学地点：绥化学院主校区。师范类。）,,2,四年,4000.0
西藏,2025,本科二批,理科,247,绵阳师范学院,,3,化学,（办学地点：绵阳师范学院游仙校区。）,,2,四年,5980.0
西藏,2025,本科二批,理科,247,绵阳师范学院,,5,生物科学,（办学地点：绵阳师范学院高新校区。师范类。）,,2,四年,5980.0
西藏,2025,本科二批,理科,247,绵阳师范学院,,6,审计学,（办学地点：绵阳师范学院高新校区。）,,2,四年,5520.0
西藏,2025,本科二批,文科,247,绵阳师范学院,,1,小学教育,（办学地点：绵阳师范学院游仙校区。师范类。）,,2,四年,5520.0
西藏,2025,本科二批,文科,247,绵阳师范学院,,2,历史学,（办学地点：绵阳师范学院高新校区。师范类。）,,2,四年,4800.0
西藏,2025,本科二批,文科,247,绵阳师范学院,,4,地理科学,（办学地点：绵阳师范学院高新校区。师范类。）,,2,四年,5980.0
西藏,2025,本科二批,文科,247,绵阳师范学院,,7,旅游管理,（办学地点：绵阳师范学院高新校区。）,,2,四年,5520.0
西藏,2025,专科批,理科,651,绵阳职业技术学院,,1,智能光电技术应用,,,3,三年,5720.0
西藏,2025,专科批,文科,651,绵阳职业技术学院,,2,大数据与财务管理,,,2,三年,5280.0
西藏,2025,专科批,理科,1117,罗定职业技术学院,,1,数字媒体技术,,,1,三年,6410.0
西藏,2025,专科批,文科,1117,罗定职业技术学院,,2,大数据与会计,,,2,三年,5250.0
西藏,2025,专科批,文科,1117,罗定职业技术学院,,3,小学语文教育,（师范类。）,,2,三年,5250.0
西藏,2025,本科二批,文科,191,聊城大学,,1,法学,（办学地点：聊城市。）,,3,四年,4400.0
西藏,2025,本科二批,文科,191,聊城大学,,2,历史学,（办学地点：聊城市。师范类。）,,3,四年,5200.0
西藏,2025,本科二批,理科,191,聊城大学,,6,园林,（办学地点：聊城市。免补专业。）,,5,四年,6300.0
西藏,2025,本科二批,理科,191,聊城大学,,4,机械电子工程,（办学地点：聊城市。）,,4,四年,5500.0
西藏,2025,本科二批,理科,191,聊城大学,,5,材料科学与工程,（办学地点：聊城市。）,,4,四年,6300.0
西藏,2025,本科二批,理科,191,聊城大学,,3,机械设计制造及其自动化,（办学地点：聊城市。）,,3,四年,6300.0
西藏,2025,本科提前批,理科,1236,联勤保障部队工程大学,,,军需勤务,（军需保障初级指挥与技术军官，通用标准合格，男）,,5,四年,
西藏,2025,本科提前批,理科,1236,联勤保障部队工程大学,,,管理科学,（后勤建设管理初级指挥与技术军官，通用标准合格，男）,,5,四年,
西藏,2025,提前录取军校批,理科,1236,联勤保障部队工程大学,,1,车辆工程,（汽车运输分队初级指挥军官）（须政审、面试、军检。招男生。通用标准合格。招英语语种。）,,2,四年,
西藏,2025,提前录取军校批,理科,1236,联勤保障部队工程大学,,2,作战指挥,（汽车运输分队初级指挥军官）（须政审、面试、军检。招男生。通用标准合格。招英语语种。）,,1,四年,
西藏,2025,提前录取军校批,理科,1236,联勤保障部队工程大学,,3,军事能源工程,（油料保障初级指挥与技术军官）（须政审、面试、军检。招男生。油料岗位合格。招英语语种。）,,1,四年,
西藏,2025,提前录取军校批,理科,1236,联勤保障部队工程大学,,4,财务管理,（军事财务初级指挥与技术军官）（须政审、面试、军检。招女生。通用标准合格。招英语语种。）,,1,四年,
西藏,2025,本科二批,文科,561,肇庆学院,,5,行政管理,（办学校区：第一学年星湖校区，第二至四学年校本部。办学地点：星湖校区。）,,5,四年,5050.0
西藏,2025,本科二批,文科,561,肇庆学院,,1,思想政治教育,（师范类。）,,4,四年,5050.0
西藏,2025,本科二批,文科,561,肇庆学院,,2,学前教育,（不招色盲、色弱。师范类。）,,4,四年,5050.0
西藏,2025,本科二批,文科,561,肇庆学院,,3,汉语言文学,（师范类。）,,4,四年,5050.0
西藏,2025,本科二批,文科,561,肇庆学院,,4,应用心理学,（不招色盲、色弱。办学校区：第一学年星湖校区，第二至四学年校本部。办学地点：星湖校区。师范类。）,,4,四年,5710.0
西藏,2025,本科二批,文科,561,肇庆学院,,6,旅游管理,（办学校区：第一学年星湖校区，第二至四学年校本部。办学地点：星湖校区。）,,4,四年,5050.0
西藏,2025,专科批,文科,462,苏州卫生职业技术学院,,2,医学检验技术,（不招色盲、色弱。）,,4,三年,6200.0
西藏,2025,专科批,理科,462,苏州卫生职业技术学院,,1,医学检验技术,（不招色盲、色弱。）,,6,三年,6200.0
西藏,2025,专科批,理科,461,苏州工业职业技术学院,,2,集成电路技术,,,2,三年,5300.0
西藏,2025,专科批,文科,461,苏州工业职业技术学院,,1,工程造价,,,3,三年,4700.0
西藏,2025,提前批艺体类专科,文科,,苏州工艺美术职业技术学院,,,工艺美术品设计,（办学地点：苏州工艺美术职业技术学院。认可区内美术与设计类专业统考成绩。）,,3,三年,7800.0
西藏,2025,提前批艺体类专科,文科,,苏州工艺美术职业技术学院,,,书画艺术,（办学地点：苏州工艺美术职业技术学院。认可区内美术与设计类专业统考成绩。）,,2,三年,7800.0
西藏,2025,专科批,理科,460,苏州经贸职业技术学院,,3,电子商务,,,3,三年,4700.0
西藏,2025,专科批,文科,460,苏州经贸职业技术学院,,1,大数据与会计,,,2,三年,4700.0
西藏,2025,专科批,文科,460,苏州经贸职业技术学院,,2,电子商务,,,2,三年,4700.0
西藏,2025,专科批,文科,460,苏州经贸职业技术学院,,4,旅游管理,,,2,三年,4700.0
西藏,2025,专科批,理科,325,苏州职业技术大学,,5,法律事务,,,2,三年,4700.0
西藏,2025,专科批,理科,325,苏州职业技术大学,,2,旅游管理,,,1,三年,4700.0
西藏,2025,专科批,理科,325,苏州职业技术大学,,4,网络新闻与传播,,,1,三年,5300.0
西藏,2025,专科批,文科,325,苏州职业技术大学,,1,旅游管理,,,2,三年,4700.0
西藏,2025,专科批,文科,325,苏州职业技术大学,,6,法律事务,,,2,三年,4700.0
西藏,2025,专科批,文科,325,苏州职业技术大学,,3,网络新闻与传播,,,1,三年,5300.0
西藏,2025,专科批,文科,403,荆州理工职业学院,,3,机电一体化技术,（办学地点：中校区。）,,4,三年,5000.0
西藏,2025,专科批,文科,403,荆州理工职业学院,,5,工业机器人技术,（办学地点：中校区。）,,4,三年,5000.0
西藏,2025,专科批,文科,403,荆州理工职业学院,,7,电气自动化技术,（办学地点：中校区。）,,4,三年,5000.0
西藏,2025,专科批,文科,403,荆州理工职业学院,,9,工业互联网应用,（办学地点：中校区。）,,4,三年,5000.0
西藏,2025,专科批,文科,403,荆州理工职业学院,,11,无人机应用技术,（办学地点：中校区。）,,4,三年,5000.0
西藏,2025,专科批,文科,403,荆州理工职业学院,,18,大数据与会计,（办学地点：中校区。）,,4,三年,5000.0
西藏,2025,专科批,文科,403,荆州理工职业学院,,1,风力发电工程技术,（办学地点：中校区。）,,3,三年,5000.0
西藏,2025,专科批,文科,403,荆州理工职业学院,,15,计算机应用技术,（办学地点：中校区。）,,3,三年,5000.0
西藏,2025,专科批,文科,403,荆州理工职业学院,,13,应用化工技术,（办学地点：中校区。）,,2,三年,5000.0
西藏,2025,专科批,文科,403,荆州理工职业学院,,19,电子商务,（办学地点：中校区。）,,2,三年,5000.0
西藏,2025,专科批,理科,403,荆州理工职业学院,,6,工业机器人技术,（办学地点：中校区。）,,6,三年,5000.0
西藏,2025,专科批,理科,403,荆州理工职业学院,,4,机电一体化技术,（办学地点：中校区。）,,5,三年,5000.0
西藏,2025,专科批,理科,403,荆州理工职业学院,,8,电气自动化技术,（办学地点：中校区。）,,5,三年,5000.0
西藏,2025,专科批,理科,403,荆州理工职业学院,,10,工业互联网应用,（办学地点：中校区。）,,5,三年,5000.0
西藏,2025,专科批,理科,403,荆州理工职业学院,,12,无人机应用技术,（办学地点：中校区。）,,5,三年,5000.0
西藏,2025,专科批,理科,403,荆州理工职业学院,,16,计算机应用技术,（办学地点：中校区。）,,5,三年,5000.0
西藏,2025,专科批,理科,403,荆州理工职业学院,,17,大数据技术,（办学地点：中校区。）,,5,三年,5000.0
西藏,2025,专科批,理科,403,荆州理工职业学院,,2,风力发电工程技术,（办学地点：中校区。）,,4,三年,5000.0
西藏,2025,专科批,理科,403,荆州理工职业学院,,14,应用化工技术,（办学地点：中校区。）,,3,三年,5000.0
西藏,2025,专科批,理科,403,荆州理工职业学院,,20,健身指导与管理,（办学地点：东校区。）,,3,三年,6500.0
西藏,2025,本科二批,文科,348,荆楚理工学院,,1,学前教育,（师范类。）,,15,四年,4000.0
西藏,2025,本科二批,文科,348,荆楚理工学院,,2,小学教育,（师范类。）,,10,四年,4000.0
西藏,2025,本科二批,理科,348,荆楚理工学院,,3,机械设计制造及其自动化,,,3,四年,5200.0
西藏,2025,本科二批,理科,348,荆楚理工学院,,6,电气工程及其自动化,,,3,四年,5200.0
西藏,2025,本科二批,理科,348,荆楚理工学院,,7,机器人工程,,,3,四年,5200.0
西藏,2025,本科二批,理科,348,荆楚理工学院,,8,计算机科学与技术,,,3,四年,5200.0
西藏,2025,本科二批,理科,348,荆楚理工学院,,9,化学工程与工艺,,,3,四年,5200.0
西藏,2025,本科二批,理科,348,荆楚理工学院,,10,制药工程,,,3,四年,5200.0
西藏,2025,本科二批,理科,348,荆楚理工学院,,12,食品科学与工程,,,3,四年,5200.0
西藏,2025,本科二批,理科,348,荆楚理工学院,,13,生物工程,,,3,四年,4000.0
西藏,2025,本科二批,理科,348,荆楚理工学院,,4,材料成型及控制工程,,,2,四年,4000.0
西藏,2025,本科二批,理科,348,荆楚理工学院,,5,智能制造工程,,,2,四年,5200.0
西藏,2025,本科二批,理科,348,荆楚理工学院,,11,飞行器制造工程,,,2,四年,4000.0
西藏,2025,本科二批,文科,366,莆田学院,,3,市场营销,（办学地点：紫霄校区。）,,3,四年,5040.0
西藏,2025,本科二批,文科,366,莆田学院,,4,会计学,（办学地点：紫霄校区。）,,3,四年,5040.0
西藏,2025,本科二批,文科,366,莆田学院,,7,旅游管理,（办学地点：紫霄校区。）,,3,四年,5040.0
西藏,2025,本科二批,文科,366,莆田学院,,1,日语,（办学地点：紫霄校区。）,,2,四年,5040.0
西藏,2025,本科二批,文科,366,莆田学院,,2,城乡规划,（办学地点：紫霄校区。）,,2,五年,5040.0
西藏,2025,本科二批,文科,366,莆田学院,,5,财务管理,（办学地点：紫霄校区。）,,2,四年,5040.0
西藏,2025,本科二批,文科,366,莆田学院,,6,人力资源管理,（办学地点：紫霄校区。）,,2,四年,5040.0
西藏,2025,专科批,理科,908,萍乡卫生职业学院,,2,临床医学,（办学地点：萍乡卫生职业学院。）,,2,三年,5000.0
西藏,2025,专科批,理科,908,萍乡卫生职业学院,,4,护理,（办学地点：萍乡卫生职业学院。）,,2,三年,5000.0
西藏,2025,专科批,理科,908,萍乡卫生职业学院,,5,药学,（办学地点：萍乡卫生职业学院。）,,2,三年,5000.0
西藏,2025,专科批,理科,908,萍乡卫生职业学院,,6,中医学,（办学地点：萍乡卫生职业学院。）,,1,三年,5000.0
西藏,2025,专科批,文科,908,萍乡卫生职业学院,,3,护理,（办学地点：萍乡卫生职业学院。）,,2,三年,5000.0
西藏,2025,专科批,文科,908,萍乡卫生职业学院,,1,临床医学,（办学地点：萍乡卫生职业学院。）,,1,三年,5000.0
西藏,2025,本科二批,理科,901,营口理工学院,,1,机械设计制造及其自动化,,,4,四年,4900.0
西藏,2025,本科二批,理科,901,营口理工学院,,2,电气工程及其自动化,,,4,四年,4900.0
西藏,2025,本科二批,理科,901,营口理工学院,,3,自动化,,,4,四年,4900.0
西藏,2025,本科一批,文科,290,衡阳师范学院,,1,汉语言文学,（办学地点：西校区。师范类。）,,1,四年,4000.0
西藏,2025,本科一批,理科,290,衡阳师范学院,,2,数学与应用数学,（办学地点：东校区。师范类。）,,1,四年,4000.0
西藏,2025,本科二批,文科,,衡阳师范学院南岳学院,,,汉语言文学,（办学地点：新校区。师范类。）,,3,四年,12700.0
西藏,2025,本科二批,理科,629,衢州学院,,3,材料成型及控制工程,,,3,四年,5500.0
西藏,2025,本科二批,理科,629,衢州学院,,4,数据科学与大数据技术,,,3,四年,5500.0
西藏,2025,本科二批,理科,629,衢州学院,,5,环境工程,（免补专业。）,,3,四年,5500.0
西藏,2025,本科二批,理科,629,衢州学院,,6,工程管理,,,3,四年,4800.0
西藏,2025,提前批艺体类本科,理科,629,衢州学院,,,体能训练,（认可区内体育统考成绩。）,,5,四年,4800.0
西藏,2025,本科二批,文科,629,衢州学院,,1,学前教育,（师范类。）,,5,四年,5520.0
西藏,2025,本科二批,文科,629,衢州学院,,7,人力资源管理,,,5,四年,4800.0
西藏,2025,本科一批,理科,,西交利物浦大学,,,工商管理类,（中外合作办学）（含经济学（中外合作办学）、会计学（中外合作办学）等9个专业，西浦按大类招生，大类名称仅用于志愿填报，入学后第二学期选专业，所有专业及方向均开放选择。具体专业信息可参见官网www.xjtlu.edu.cn。）,,7,四年,93000.0
西藏,2025,本科一批,理科,,西交利物浦大学,,,电子信息类,（中外合作办学）（含计算机科学与技术（中外合作办学）、电气工程及其自动化（中外合作办学）等14个专业，西浦按大类招生，大类名称仅用于志愿填报，入学后第二学期选专业，所有专业及方向均开放选择。具体专业信息可参见官网www.xjtlu.edu.cn。）,,6,四年,93000.0
西藏,2025,本科一批,理科,,西交利物浦大学,,,数学类,（中外合作办学）（含金融数学（中外合作办学）、精算学（中外合作办学）等4个专业，西浦按大类招生，大类名称仅用于志愿填报，入学后第二学期选专业，所有专业及方向均开放选择。具体专业信息可参见官网www.xjtlu.edu.cn。）,,4,四年,93000.0
西藏,2025,本科一批,理科,,西交利物浦大学,,,生物科学类,（中外合作办学）（含生物制药（中外合作办学）、生物信息学（中外合作办学）等8个专业，西浦按大类招生，大类名称仅用于志愿填报，入学后第二学期选专业，所有专业及方向均开放选择。具体专业信息可参见官网www.xjtlu.edu.cn。）,,2,四年,93000.0
西藏,2025,本科一批,理科,,西交利物浦大学,,,建筑类,（中外合作办学）（含建筑学（中外合作办学）、城乡规划（中外合作办学）等3个专业，西浦按大类招生，大类名称仅用于志愿填报，入学后第二学期选专业，所有专业及方向均开放选择。具体专业信息可参见官网www.xjtlu.edu.cn。）,,2,四年,93000.0
西藏,2025,本科一批,理科,,西交利物浦大学,,,外国语言文学类,（中外合作办学）（含英语（中外合作办学）、翻译（中外合作办学），招英语语种。西浦按大类招生，大类名称仅用于志愿填报，入学后第二学期选专业，所有专业及方向均开放选择。具体专业信息可参见官网www.xjtlu.edu.cn。）,,1,四年,93000.0
西藏,2025,本科一批,文科,,西交利物浦大学,,,工商管理类,（中外合作办学）（含经济学（中外合作办学）、会计学（中外合作办学）等9个专业，西浦按大类招生，大类名称仅用于志愿填报，入学后第二学期选专业，所有专业及方向均开放选择。具体专业信息可参见官网www.xjtlu.edu.cn。）,,4,四年,93000.0
西藏,2025,本科一批,文科,,西交利物浦大学,,,数学类,（中外合作办学）（含金融数学（中外合作办学）、精算学（中外合作办学）等4个专业，西浦按大类招生，大类名称仅用于志愿填报，入学后第二学期选专业，所有专业及方向均开放选择。具体专业信息可参见官网www.xjtlu.edu.cn。）,,2,四年,93000.0
西藏,2025,本科一批,文科,,西交利物浦大学,,,外国语言文学类,（中外合作办学）（含英语（中外合作办学）、翻译（中外合作办学），招英语语种。西浦按大类招生，大类名称仅用于志愿填报，入学后第二学期选专业，所有专业及方向均开放选择。具体专业信息可参见官网www.xjtlu.edu.cn。）,,1,四年,93000.0
西藏,2025,本科一批,文科,,西交利物浦大学,,,建筑类,（中外合作办学）（含建筑学（中外合作办学）、城乡规划（中外合作办学）等3个专业，西浦按大类招生，大类名称仅用于志愿填报，入学后第二学期选专业，所有专业及方向均开放选择。具体专业信息可参见官网www.xjtlu.edu.cn。）,,1,四年,93000.0
西藏,2025,提前批艺体类本科,文科,,西京学院,,,动画,（民办）（认可区内美术与设计类专业统考成绩。）,,6,四年,30800.0
西藏,2025,提前批艺体类本科,文科,,西京学院,,,美术学,（民办）（认可区内美术与设计类专业统考成绩。）,,6,四年,30800.0
西藏,2025,提前批艺体类本科,文科,,西京学院,,,视觉传达设计,（民办）（认可区内美术与设计类专业统考成绩。）,,6,四年,30800.0
西藏,2025,提前批艺体类本科,文科,,西京学院,,,环境设计,（民办）（认可区内美术与设计类专业统考成绩。）,,6,四年,30800.0
西藏,2025,提前批艺体类本科,文科,,西京学院,,,产品设计,（民办）（认可区内美术与设计类专业统考成绩。）,,6,四年,30800.0
西藏,2025,国家专项计划本科批,理科,273,西北农林科技大学,,15,工商管理类,（含会计学、工商管理、农林经济管理（免补专业）、土地资源管理、市场营销专业。）,,2,四年,5500.0
西藏,2025,国家专项计划本科批,理科,273,西北农林科技大学,,11,动物科学,（不招色盲、色弱。免补专业。）,,1,四年,6600.0
西藏,2025,本科一批,理科,273,西北农林科技大学,,2,机械类,（含机械设计制造及其自动化、机械电子工程、车辆工程专业。）,,3,四年,6600.0
西藏,2025,本科一批,理科,273,西北农林科技大学,,7,植物保护,（不招色盲、色弱。免补专业。）,,3,四年,6600.0
西藏,2025,本科一批,理科,273,西北农林科技大学,,11,动物科学,（不招色盲、色弱。免补专业。）,,3,四年,6600.0
西藏,2025,本科一批,理科,273,西北农林科技大学,,12,动物医学,（不招色盲、色弱。免补专业。）,,3,五年,6600.0
西藏,2025,本科一批,理科,273,西北农林科技大学,,1,生物科学类,（不招色盲、色弱。含生物科学、生物技术、生物工程专业。）,,2,四年,6600.0
西藏,2025,本科一批,理科,273,西北农林科技大学,,3,水利类,（含水利水电工程（免补专业）、水文与水资源工程（免补专业）、农业水利工程（免补专业）、能源与动力工程专业。）,,2,四年,6600.0
西藏,2025,本科一批,理科,273,西北农林科技大学,,4,食品科学与工程类,（不招色盲、色弱。含食品科学与工程、食品质量与安全专业。）,,2,四年,6600.0
西藏,2025,本科一批,理科,273,西北农林科技大学,,5,葡萄与葡萄酒工程,（色弱色盲不能录取。）,,2,四年,6600.0
西藏,2025,本科一批,理科,273,西北农林科技大学,,6,农学,（不招色盲、色弱。免补专业。）,,2,四年,6600.0
西藏,2025,本科一批,理科,273,西北农林科技大学,,8,智慧农业,（不招色盲、色弱。免补专业。）,,2,四年,6600.0
西藏,2025,高校专项计划本科批,理科,273,西北农林科技大学,,11,动物科学,（不招色盲、色弱。免补专业。）,,1,四年,6600.0
西藏,2025,本科一批,理科,273,西北农林科技大学,,13,林学类,（不招色盲、色弱。含林学、森林保护专业。免补专业。）,,2,四年,6600.0
西藏,2025,本科一批,理科,273,西北农林科技大学,,14,草业科学,（免补专业。）,,2,四年,6600.0
西藏,2025,本科一批,理科,273,西北农林科技大学,,,少数民族预科,（民族预科班）（预科培养地点：西北农林科技大学。）,,1,一年,5500.0
西藏,2025,本科一批,理科,266,西北大学,,1,金融学,（开源证券智能金融实验班。办学地点：太白校区。）,,2,四年,5500.0
西藏,2025,本科一批,理科,266,西北大学,,5,地理科学类,（含自然地理与资源环境、人文地理与城乡规划、地理信息科学专业。办学地点：长安校区。）,,2,四年,6600.0
西藏,2025,高校专项计划本科批,理科,266,西北大学,,6,地质类,（含地质工程、资源勘查工程专业。办学地点：太白校区。免补专业。）,,1,四年,6600.0
西藏,2025,本科一批,文科,266,西北大学,,2,中国语言文学类,（含汉语言文学、汉语国际教育专业。办学地点：太白校区。）,,3,四年,5500.0
西藏,2025,本科一批,文科,266,西北大学,,3,新闻传播学类,（含新闻学、网络与新媒体专业。办学地点：太白校区。）,,2,四年,5500.0
西藏,2025,本科一批,文科,266,西北大学,,7,公共管理类,（含行政管理、人力资源管理、劳动与社会保障专业。办学地点：太白校区。）,,2,四年,5500.0
西藏,2025,本科一批,文科,266,西北大学,,8,档案学,（办学地点：太白校区。）,,2,四年,5500.0
西藏,2025,高校专项计划本科批,文科,266,西北大学,,3,新闻传播学类,（含新闻学、网络与新媒体专业。办学地点：太白校区。）,,1,四年,5500.0
西藏,2025,国家专项计划本科批,理科,268,西北工业大学,,2,化学类,（先进高分子试验班）（专业分流时，100%类内专业任选。含高分子材料与工程、化学工程与工艺、分子科学与工程专业。办学地点：长安校区。）,,3,四年,6600.0
西藏,2025,本科一批,理科,268,西北工业大学,,4,管理科学与工程类,（管理试验班）（专业分流时，100%类内专业任选。含工程管理、信息管理与信息系统专业。办学地点：长安校区。）,,3,四年,5500.0
西藏,2025,本科一批,理科,268,西北工业大学,,3,材料类,（航宇新材料）（专业分流时，100%类内专业任选。含材料科学与工程、材料成型及控制工程、复合材料与工程、增材制造工程专业。办学地点：长安校区。）,,2,四年,6600.0
西藏,2025,高校专项计划本科批,理科,268,西北工业大学,,2,化学类,（先进高分子试验班）（专业分流时，100%类内专业任选。含高分子材料与工程、化学工程与工艺、分子科学与工程专业。办学地点：长安校区。）,,1,四年,6600.0
西藏,2025,本科一批,理科,283,西北师范大学,,10,数学与应用数学,（办学地点：西北师范大学。师范类。）,,3,四年,4300.0
西藏,2025,本科一批,理科,283,西北师范大学,,13,生物科学,（办学地点：西北师范大学。师范类。不招色盲、色弱、单色识别不全者。）,,3,四年,4300.0
西藏,2025,本科一批,理科,283,西北师范大学,,,物理学,（民族预科班）（民族班。师范类。）,,3,四年,4300.0
西藏,2025,本科一批,理科,283,西北师范大学,,18,会计学,（办学地点：西北师范大学。）,,2,四年,3800.0
西藏,2025,本科一批,理科,283,西北师范大学,,,统计学,（民族预科班）（民族班。）,,2,四年,4300.0
西藏,2025,本科一批,理科,283,西北师范大学,,,数据科学与大数据技术,（民族预科班）（民族班。）,,2,四年,4500.0
西藏,2025,本科一批,理科,283,西北师范大学,,,经济统计学,（民族预科班）（民族班。不招单色识别不全者。）,,1,四年,3800.0
西藏,2025,本科一批,理科,283,西北师范大学,,,生物技术,（民族预科班）（民族班。不招色盲、色弱、单色识别不全者。）,,1,四年,4300.0
西藏,2025,本科一批,理科,283,西北师范大学,,,物联网工程,（民族预科班）（民族班。）,,1,四年,4500.0
西藏,2025,本科一批,文科,283,西北师范大学,,4,思想政治教育,（办学地点：西北师范大学。师范类。）,,3,四年,3800.0
西藏,2025,本科一批,文科,283,西北师范大学,,2,国际经济与贸易,（办学地点：西北师范大学。）,,2,四年,3800.0
西藏,2025,本科一批,文科,283,西北师范大学,,3,法学,（办学地点：西北师范大学。）,,2,四年,3800.0
西藏,2025,本科一批,文科,283,西北师范大学,,7,汉语言文学,（办学地点：西北师范大学。师范类。）,,2,四年,3800.0
西藏,2025,本科一批,文科,283,西北师范大学,,,英语,（民族预科班）（民族班。招英语语种。师范类。）,,2,四年,4400.0
西藏,2025,本科一批,文科,283,西北师范大学,,,地理科学,（民族预科班）（民族班。师范类。不招色盲、单色识别不全者。）,,2,四年,4300.0
西藏,2025,本科一批,文科,283,西北师范大学,,,新闻学,（民族预科班）（民族班。）,,1,四年,3800.0
西藏,2025,本科一批,文科,280,西北政法大学,,1,法学,（公共安全法）,,4,四年,5400.0
西藏,2025,本科一批,文科,280,西北政法大学,,1,法学,（反恐怖主义法）,,3,四年,5400.0
西藏,2025,本科一批,文科,280,西北政法大学,,1,法学,（行政法）,,3,四年,5400.0
西藏,2025,本科一批,文科,280,西北政法大学,,1,法学,（刑事法）,,3,四年,5400.0
西藏,2025,本科一批,文科,280,西北政法大学,,1,法学,（经济法）,,3,四年,5400.0
西藏,2025,本科一批,文科,280,西北政法大学,,1,法学,（民商法）,,2,四年,5400.0
西藏,2025,本科一批,文科,280,西北政法大学,,7,社会工作,,,1,四年,5000.0
西藏,2025,本科一批,文科,280,西北政法大学,,9,财务管理,,,1,四年,5400.0
西藏,2025,提前录取本科一批,文科,280,西北政法大学,,8,侦查学,（招男生。裸眼视力任何一眼不低于4.7，男生身高不低于1.70米，女生身高不低于1.60米；详见招生章程。）,,2,四年,5400.0
西藏,2025,本科一批,理科,286,西北民族大学,,24,计算机类,（含计算机科学与技术、软件工程、物联网工程、数据科学与大数据技术专业。办学地点：榆中校区。）,,21,四年,4500.0
西藏,2025,本科一批,理科,286,西北民族大学,,28,化工与制药类,（含化学工程与工艺、制药工程专业。办学地点：榆中校区。）,,18,四年,4500.0
西藏,2025,本科一批,理科,286,西北民族大学,,21,电子信息类,（含电子信息工程、通信工程专业。办学地点：榆中校区。）,,9,四年,4500.0
西藏,2025,本科一批,理科,286,西北民族大学,,20,电气工程及其自动化,（办学地点：榆中校区。）,,7,四年,4500.0
西藏,2025,本科一批,理科,286,西北民族大学,,23,自动化,（办学地点：榆中校区。）,,6,四年,4500.0
西藏,2025,本科一批,理科,286,西北民族大学,,30,食品科学与工程,（办学地点：榆中校区。）,,6,四年,4500.0
西藏,2025,本科一批,理科,286,西北民族大学,,19,高分子材料与工程,（办学地点：榆中校区。）,,4,四年,4500.0
西藏,2025,本科一批,理科,286,西北民族大学,,26,土木工程,（办学地点：榆中校区。）,,4,四年,4500.0
西藏,2025,本科一批,理科,286,西北民族大学,,18,应用心理学,（办学地点：榆中校区。）,,3,四年,4300.0
西藏,2025,本科一批,理科,286,西北民族大学,,1,国际经济与贸易,（办学地点：榆中校区。）,,2,四年,3800.0
西藏,2025,本科二批,理科,286,西北民族大学,,34,动物医学,（办学地点：榆中校区。免补专业。）,,10,五年,4300.0
西藏,2025,本科二批,理科,286,西北民族大学,,37,护理学,（办学地点：西北新村校区。）,,8,四年,4800.0
西藏,2025,本科二批,理科,286,西北民族大学,,38,工商管理,（办学地点：榆中校区。）,,6,四年,3800.0
西藏,2025,本科二批,理科,286,西北民族大学,,16,生物技术,（办学地点：榆中校区。）,,5,四年,4300.0
西藏,2025,本科二批,理科,286,西北民族大学,,22,人工智能,（办学地点：榆中校区。）,,5,四年,4500.0
西藏,2025,本科二批,理科,286,西北民族大学,,32,生物工程,（办学地点：榆中校区。）,,5,四年,4500.0
西藏,2025,本科二批,理科,286,西北民族大学,,33,动物科学,（办学地点：榆中校区。免补专业。）,,5,四年,4300.0
西藏,2025,本科二批,理科,286,西北民族大学,,7,教育技术学,（办学地点：榆中校区。）,,4,四年,4300.0
西藏,2025,本科二批,理科,286,西北民族大学,,15,数学与应用数学,（办学地点：榆中校区。）,,3,四年,4300.0
西藏,2025,本科二批,理科,286,西北民族大学,,25,数字媒体技术,（办学地点：榆中校区。）,,2,四年,4500.0
西藏,2025,国家专项计划本科批,理科,286,西北民族大学,,26,土木工程,（办学地点：榆中校区。）,,3,四年,4500.0
西藏,2025,国家专项计划本科批,理科,286,西北民族大学,,30,食品科学与工程,（办学地点：榆中校区。）,,2,四年,4500.0
西藏,2025,本科一批,文科,286,西北民族大学,,13,新闻传播学类,（含新闻学、广告学专业。办学地点：榆中校区。）,,16,四年,3800.0
西藏,2025,本科一批,文科,286,西北民族大学,,12,英语,（招英语语种。办学地点：榆中校区。）,,3,四年,4400.0
西藏,2025,本科一批,文科,286,西北民族大学,,17,应用心理学,（办学地点：榆中校区。）,,3,四年,4300.0
西藏,2025,本科一批,文科,286,西北民族大学,,2,国际经济与贸易,（办学地点：榆中校区。）,,2,四年,3800.0
西藏,2025,本科一批,文科,286,西北民族大学,,3,法学,（办学地点：榆中校区。）,,2,四年,3800.0
西藏,2025,本科一批,文科,286,西北民族大学,,9,汉语言文学,（办学地点：榆中校区。）,,2,四年,3800.0
西藏,2025,本科二批,文科,286,西北民族大学,,,中国语言文学类,（须藏语文成绩。含汉语言、中国少数民族语言文学专业。办学地点：榆中校区。）,,17,四年,2500.0
西藏,2025,本科二批,文科,286,西北民族大学,,3,法学,（藏汉双语）（须藏语文成绩。办学地点：榆中校区。）,,7,四年,2500.0
西藏,2025,本科二批,文科,286,西北民族大学,,5,社会学,（办学地点：榆中校区。）,,6,四年,3800.0
西藏,2025,本科二批,文科,286,西北民族大学,,39,工商管理,（办学地点：榆中校区。）,,6,四年,3800.0
西藏,2025,本科二批,文科,286,西北民族大学,,6,民族学,（办学地点：榆中校区。）,,5,四年,3800.0
西藏,2025,本科二批,文科,286,西北民族大学,,40,旅游管理,（办学地点：榆中校区。）,,4,四年,3800.0
西藏,2025,本科二批,文科,286,西北民族大学,,14,文物与博物馆学,（办学地点：榆中校区。）,,2,四年,3800.0
西藏,2025,本科二批,文科,286,西北民族大学,,,少数民族预科,（民族预科班）（预科培养地点：西北民族大学。）,,2,一年,3800.0
西藏,2025,本科二批,文科,286,西北民族大学,,,中国少数民族语言文学,（零基础I）（只招收非藏族考生。办学地点：榆中校区。免学费。）,,1,四年,
西藏,2025,本科一批,理科,286,西北民族大学,,29,环境工程,（办学地点：榆中校区。免补专业。）,,2,四年,4500.0
西藏,2025,本科一批,理科,286,西北民族大学,,35,临床医学,（办学地点：西北新村校区。）,,2,五年,4800.0
西藏,2025,本科二批,理科,286,西北民族大学,,36,医学检验技术,（办学地点：西北新村校区。）,,2,四年,4800.0
西藏,2025,本科二批,理科,286,西北民族大学,,,少数民族预科,（民族预科班）（预科培养地点：西北民族大学。）,,2,一年,4300.0
西藏,2025,国家专项计划本科批,文科,286,西北民族大学,,9,汉语言文学,（办学地点：榆中校区。）,,3,四年,3800.0
西藏,2025,提前批艺体类本科,文科,286,西北民族大学,,,绘画,（办学地点：西北新村校区。认可区内美术与设计类专业统考成绩。）,,3,四年,6900.0
西藏,2025,本科二批,理科,749,西华大学,,,边防军人子女预科,（民族预科班）（预科培养地点：郫都校区。招边防军人子女。）,,1,一年,12000.0
西藏,2025,提前批艺体类本科,文科,,西华师范大学,,,美术学,（不招色盲。师范类。认可区内美术与设计类专业统考成绩。）,,4,四年,12000.0
西藏,2025,本科一批,理科,229,西南交通大学,,3,机械类,（含机械设计制造及其自动化、测控技术与仪器、工业工程专业。办学地点：成都犀浦校区。）,,5,四年,6240.0
西藏,2025,本科一批,理科,229,西南交通大学,,8,土木工程,（办学地点：成都犀浦校区。）,,4,四年,6240.0
西藏,2025,本科一批,理科,229,西南交通大学,,1,经济与贸易类,（含经济学、金融学专业。办学地点：成都九里校区。）,,2,四年,5760.0
西藏,2025,本科一批,理科,229,西南交通大学,,5,电气工程及其自动化,（办学地点：成都犀浦校区。）,,2,四年,6240.0
西藏,2025,本科一批,理科,229,西南交通大学,,6,电子信息类,（含微电子科学与工程、电子科学与技术专业。办学地点：成都犀浦校区。）,,2,四年,6240.0
西藏,2025,本科一批,理科,229,西南交通大学,,10,测绘类,（含测绘工程、遥感科学与技术、地理信息科学专业。办学地点：成都犀浦校区。）,,2,四年,6240.0
西藏,2025,本科一批,理科,229,西南交通大学,,12,交通运输类,（含交通运输、交通工程专业。办学地点：成都犀浦校区。）,,2,四年,6240.0
西藏,2025,本科一批,理科,229,西南交通大学,,13,生物医学工程,（办学地点：成都犀浦校区。）,,2,四年,6240.0
西藏,2025,本科一批,理科,229,西南交通大学,,14,安全工程,（办学地点：成都犀浦校区。）,,2,四年,6240.0
西藏,2025,高校专项计划本科批,理科,229,西南交通大学,,1,经济与贸易类,（含经济学、金融学专业。办学地点：成都九里校区。）,,1,四年,5760.0
西藏,2025,国家专项计划本科批,理科,229,西南交通大学,,8,土木工程,（办学地点：成都犀浦校区。）,,2,四年,6240.0
西藏,2025,国家专项计划本科批,理科,229,西南交通大学,,3,机械类,（含机械设计制造及其自动化、测控技术与仪器、工业工程专业。办学地点：成都犀浦校区。）,,1,四年,6240.0
西藏,2025,国家专项计划本科批,理科,229,西南交通大学,,9,道路桥梁与渡河工程,（办学地点：成都犀浦校区。）,,1,四年,6240.0
西藏,2025,国家专项计划本科批,理科,229,西南交通大学,,11,地质工程,（办学地点：成都犀浦校区。免补专业。）,,1,四年,6240.0
西藏,2025,本科一批,理科,240,西南医科大学,,1,临床医学,（不招色盲、色弱。办学地点：城北校区。）,,10,五年,6960.0
西藏,2025,国家专项计划本科批,理科,243,西南大学,,10,环境科学与工程,（不招色弱、色盲。办学地点：北碚校区。免补专业。）,,1,四年,4500.0
西藏,2025,国家专项计划本科批,理科,243,西南大学,,12,植物生产类,（不招色盲。含农学、园艺、植物保护专业。办学地点：北碚校区。免补专业。）,,1,四年,3700.0
西藏,2025,国家专项计划本科批,理科,243,西南大学,,16,自然保护与环境生态类,（不招色弱、色盲。含农业资源与环境、水土保持与荒漠化防治、土地科学与技术专业。办学地点：北碚校区。免补专业。）,,1,四年,4500.0
西藏,2025,提前录取本科一批,理科,243,西南大学,,,物理学,（公费）（办学地点：北碚校区。本研衔接公费师范生。毕业后到日喀则市履约任教。）,,1,四年,
西藏,2025,提前录取本科一批,理科,243,西南大学,,,化学,（公费）（不招色弱、色盲。办学地点：北碚校区。本研衔接公费师范生。毕业后到那曲市履约任教。）,,1,四年,
西藏,2025,高校专项计划本科批,理科,243,西南大学,,11,植物生产类,（不招色盲考生。含农学、园艺、植物保护专业。办学地点：北碚校区。免补专业。）,,1,四年,3700.0
西藏,2025,本科一批,文科,243,西南大学,,1,民族学,（办学地点：北碚校区。）,,1,四年,4000.0
西藏,2025,本科一批,文科,243,西南大学,,6,历史学,（办学地点：北碚校区。）,,1,四年,4000.0
西藏,2025,高校专项计划本科批,文科,243,西南大学,,18,公共管理类,（含行政管理、文化产业管理、社会工作专业。办学地点：北碚校区。）,,1,四年,4500.0
西藏,2025,提前录取本科一批,文科,243,西南大学,,6,历史学,（公费）（办学地点：北碚校区。本研衔接公费师范生。毕业后到日喀则市、山南市、昌都市、那曲市履约任教。）,,4,四年,
西藏,2025,提前录取本科一批,文科,243,西南大学,,,汉语言文学,（公费）（办学地点：北碚校区。本研衔接公费师范生。毕业后到山南市履约任教。）,,1,四年,
西藏,2025,提前录取本科一批,文科,243,西南大学,,,地理科学,（公费）（不招色盲。办学地点：北碚校区。本研衔接公费师范生。毕业后到那曲市履约任教。）,,1,四年,
西藏,2025,提前批艺体类本科,文科,243,西南大学,,,音乐学,（公费）（音乐教育）（办学地点：北碚校区。认可区内音乐教育专业统考成绩。本研衔接公费师范生。毕业后到日喀则市、昌都市、那曲市履约任教。）,,3,四年,
西藏,2025,提前批艺体类本科,文科,243,西南大学,,,美术学,（公费）（美术）（高考文化投档成绩不低于西藏普通本科一本批次线80%。不招色盲。办学地点：北碚校区。认可区内美术与设计类专业统考成绩。本研衔接公费师范生。毕业后到日喀则市、昌都市、那曲市履约任教。）,,3,四年,
西藏,2025,提前批艺体类本科,文科,243,西南大学,,,体育教育,（公费）（办学地点：北碚校区。认可区内体育统考成绩本研衔接公费师范生。毕业后到那曲市履约任教。）,,1,四年,
西藏,2025,本科一批,理科,243,西南大学,,12,植物生产类,（不招色盲。含农学、园艺、植物保护专业。办学地点：北碚校区。免补专业。）,,2,四年,3700.0
西藏,2025,本科一批,理科,243,西南大学,,16,自然保护与环境生态类,（不招色弱、色盲。含农业资源与环境、水土保持与荒漠化防治、土地科学与技术专业。办学地点：北碚校区。免补专业。）,,2,四年,4500.0
西藏,2025,本科一批,理科,243,西南大学,,,动物医学类,（不招色盲。含动物医学（五年制）、兽医公共卫生（五年制）专业。办学地点：荣昌校区。免补专业。）,,2,五年,3700.0
西藏,2025,本科一批,理科,243,西南大学,,,少数民族预科,（民族预科班）（预科培养地点：西南大学。）,,2,一年,3700.0
西藏,2025,本科一批,理科,243,西南大学,,14,生物育种科学,（不招色盲。办学地点：北碚校区。免补专业。）,,1,四年,3700.0
西藏,2025,本科一批,理科,243,西南大学,,17,药学,（不招色盲。办学地点：北碚校区。）,,1,四年,5000.0
西藏,2025,本科一批,理科,255,西南政法大学,,2,法学,（办学地点：渝北校区。学费待定。）,,4,四年,
西藏,2025,本科一批,理科,255,西南政法大学,,9,行政管理,（城市治理实验班）（办学地点：渝北校区。学费待定。）,,2,四年,
西藏,2025,本科一批,文科,255,西南政法大学,,1,法学,（办学地点：渝北校区。学费待定。）,,3,四年,
西藏,2025,本科一批,文科,255,西南政法大学,,3,思想政治教育,（办学地点：渝北校区。学费待定。）,,2,四年,
西藏,2025,本科一批,文科,255,西南政法大学,,8,新闻传播学类,（含新闻学、广播电视学、网络与新媒体、国际新闻与传播、传播学专业。办学地点：渝北校区。学费待定。）,,2,四年,
西藏,2025,高校专项计划本科批,文科,255,西南政法大学,,3,思想政治教育,（办学地点：渝北校区。学费待定。）,,1,四年,
西藏,2025,艺术类本科批,文科,,西南林业大学,,,环境设计,（艺考类）,,10,四年,
西藏,2025,提前批艺体类本科,文科,,西南林业大学,,,环境设计,（认可区内美术与设计类专业统考成绩。）,,10,四年,10000.0
西藏,2025,本科一批,理科,259,西南民族大学,,37,动物科学,（藏语文成绩好。办学地点：武侯校区。免补专业。）,,8,四年,5760.0
西藏,2025,本科一批,理科,259,西南民族大学,,39,动物医学,（藏语文成绩好。办学地点：武侯校区。免补专业。）,,8,五年,5760.0
西藏,2025,本科一批,理科,259,西南民族大学,,,藏药学,（藏语文成绩好。办学地点：航空港校区。）,,8,四年,6960.0
西藏,2025,本科一批,理科,259,西南民族大学,,35,食品科学与工程类,（含食品科学与工程、食品质量与安全专业。办学地点：航空港校区。）,,6,四年,6240.0
西藏,2025,本科一批,理科,259,西南民族大学,,42,药学,（办学地点：航空港校区。）,,6,四年,6960.0
西藏,2025,本科一批,理科,259,西南民族大学,,20,化学,（办学地点：航空港校区。）,,5,四年,6240.0
西藏,2025,本科一批,理科,259,西南民族大学,,21,应用化学,（办学地点：航空港校区。）,,5,四年,6240.0
西藏,2025,本科一批,理科,259,西南民族大学,,22,生物技术,（办学地点：武侯校区。）,,5,四年,6240.0
西藏,2025,本科一批,理科,259,西南民族大学,,39,动物医学,（办学地点：武侯校区。免补专业。）,,5,五年,5760.0
西藏,2025,本科一批,理科,259,西南民族大学,,,少数民族预科,（民族预科班）（预科培养地点：西南民族大学。）,,5,一年,5500.0
西藏,2025,本科一批,文科,259,西南民族大学,,,中国少数民族语言文学,（藏语言文学方向，藏语文成绩好。办学地点：航空港校区。）,,15,四年,2600.0
西藏,2025,本科一批,文科,259,西南民族大学,,,少数民族预科,（民族预科班）（预科培养地点：西南民族大学。）,,9,一年,5500.0
西藏,2025,本科一批,文科,259,西南民族大学,,11,学前教育,（办学地点：航空港校区。师范类。）,,5,四年,5760.0
西藏,2025,本科一批,文科,259,西南民族大学,,19,历史学类,（含历史学、文物与博物馆学专业。办学地点：武侯校区。）,,5,四年,4800.0
西藏,2025,本科一批,文科,259,西南民族大学,,3,法学,（藏语文成绩好。办学地点：武侯校区。）,,5,四年,5760.0
西藏,2025,本科一批,文科,259,西南民族大学,,6,社会学类,（含社会学、社会工作专业。办学地点：武侯校区。）,,4,四年,5760.0
西藏,2025,本科一批,文科,259,西南民族大学,,8,民族学,（办学地点：武侯校区。）,,4,四年,5760.0
西藏,2025,本科一批,文科,259,西南民族大学,,15,英语,（办学地点：武侯校区。）,,4,四年,5760.0
西藏,2025,本科一批,文科,259,西南民族大学,,1,金融学,（办学地点：航空港校区。）,,3,四年,5760.0
西藏,2025,本科一批,文科,259,西南民族大学,,3,法学,（办学地点：武侯校区。）,,3,四年,5760.0
西藏,2025,国家专项计划批,文科,259,西南民族大学,,11,学前教育,（师范类）（国家专项计划）,,3,四年,5760.0
西藏,2025,国家专项计划批,文科,259,西南民族大学,,13,汉语言文学,（国家专项计划）,,2,四年,5760.0
西藏,2025,国家专项计划批,文科,259,西南民族大学,,53,旅游管理,（国家专项计划）,,2,四年,5760.0
西藏,2025,本科一批,理科,259,西南民族大学,,24,统计学,（办学地点：航空港校区。）,,4,四年,6240.0
西藏,2025,本科一批,理科,259,西南民族大学,,25,电气工程及其自动化,（办学地点：航空港校区。）,,4,四年,6240.0
西藏,2025,本科一批,理科,259,西南民族大学,,27,通信工程,（办学地点：航空港校区。）,,4,四年,6240.0
西藏,2025,本科一批,理科,259,西南民族大学,,31,软件工程,（办学地点：航空港校区。）,,4,四年,6240.0
西藏,2025,本科一批,理科,259,西南民族大学,,34,环境工程,（办学地点：航空港校区。免补专业。）,,4,四年,6240.0
西藏,2025,本科一批,理科,259,西南民族大学,,37,动物科学,（办学地点：武侯校区。免补专业。）,,4,四年,5760.0
西藏,2025,本科一批,理科,259,西南民族大学,,2,金融学,（办学地点：航空港校区。）,,3,四年,5760.0
西藏,2025,本科一批,理科,259,西南民族大学,,5,法学,（办学地点：武侯校区。）,,3,四年,5760.0
西藏,2025,本科一批,理科,259,西南民族大学,,7,社会学类,（含社会学、社会工作专业。办学地点：武侯校区。）,,3,四年,5760.0
西藏,2025,本科一批,理科,259,西南民族大学,,10,学前教育,（办学地点：航空港校区。师范类。）,,3,四年,5760.0
西藏,2025,本科一批,文科,259,西南民族大学,,13,汉语言文学,（办学地点：航空港校区。）,,3,四年,5760.0
西藏,2025,本科一批,文科,259,西南民族大学,,17,新闻学,（办学地点：航空港校区。）,,3,四年,5760.0
西藏,2025,本科一批,文科,259,西南民族大学,,23,应用心理学,（办学地点：航空港校区。）,,3,四年,6240.0
西藏,2025,本科一批,文科,259,西南民族大学,,45,会计学,（办学地点：航空港校区。）,,3,四年,5760.0
西藏,2025,本科一批,文科,259,西南民族大学,,46,人力资源管理,（办学地点：航空港校区。）,,3,四年,5760.0
西藏,2025,本科一批,文科,259,西南民族大学,,49,行政管理,（办学地点：航空港校区。）,,3,四年,5760.0
西藏,2025,本科一批,文科,259,西南民族大学,,50,物流管理,（办学地点：航空港校区。）,,3,四年,5760.0
西藏,2025,本科一批,文科,259,西南民族大学,,53,旅游管理,（办学地点：武侯校区。）,,3,四年,5760.0
西藏,2025,本科一批,文科,259,西南民族大学,,49,行政管理,（藏语文成绩好。办学地点：航空港校区。）,,3,四年,5760.0
西藏,2025,本科一批,理科,259,西南民族大学,,16,英语,（办学地点：武侯校区。）,,3,四年,5760.0
西藏,2025,本科一批,理科,259,西南民族大学,,18,网络与新媒体,（办学地点：航空港校区。）,,3,四年,5760.0
西藏,2025,本科一批,理科,259,西南民族大学,,26,电子信息工程,（办学地点：航空港校区。）,,3,四年,6240.0
西藏,2025,本科一批,理科,259,西南民族大学,,28,人工智能,（办学地点：航空港校区。）,,3,四年,6240.0
西藏,2025,本科一批,理科,259,西南民族大学,,29,自动化,（办学地点：航空港校区。）,,3,四年,6240.0
西藏,2025,本科一批,理科,259,西南民族大学,,30,计算机科学与技术,（办学地点：航空港校区。）,,3,四年,6240.0
西藏,2025,本科一批,理科,259,西南民族大学,,32,网络工程,（办学地点：航空港校区。）,,3,四年,6240.0
西藏,2025,本科一批,理科,259,西南民族大学,,33,化学工程与工艺,（办学地点：航空港校区。）,,3,四年,6240.0
西藏,2025,本科一批,理科,259,西南民族大学,,36,建筑学,（办学地点：航空港校区。）,,3,五年,6240.0
西藏,2025,本科一批,理科,259,西南民族大学,,41,草业科学,（办学地点：航空港校区。免补专业。）,,3,四年,5760.0
西藏,2025,本科一批,理科,259,西南民族大学,,43,中药学,（办学地点：航空港校区。）,,3,四年,6960.0
西藏,2025,本科一批,理科,259,西南民族大学,,48,行政管理,（办学地点：航空港校区。）,,3,四年,5760.0
西藏,2025,本科一批,理科,259,西南民族大学,,52,旅游管理,（办学地点：武侯校区。）,,3,四年,5760.0
西藏,2025,艺术类本科提前批,艺术文,259,西南民族大学,,,视觉传达设计,,,3,四年,9600.0
西藏,2025,艺术类本科提前批,艺术文,259,西南民族大学,,,绘画,,,3,四年,12000.0
西藏,2025,本科一批,理科,573,西南石油大学,,1,油气储运工程,（办学地点：成都校区。免补专业。不招色盲、单色无法识别考生。）,,2,四年,6240.0
西藏,2025,本科一批,理科,234,西南科技大学,,3,生物技术,（办学地点：青义校区。）,,3,四年,6240.0
西藏,2025,本科一批,理科,234,西南科技大学,,4,矿业类,（含采矿工程、矿物加工工程专业。办学地点：青义校区。免补专业。）,,2,四年,6240.0
西藏,2025,本科一批,文科,234,西南科技大学,,1,法学类,（含法学、知识产权专业。办学地点：青义校区。）,,3,四年,5760.0
西藏,2025,本科一批,文科,234,西南科技大学,,2,中国语言文学类,（含汉语言文学、汉语国际教育专业。办学地点：青义校区。）,,2,四年,5760.0
西藏,2025,高校专项计划本科批,理科,254,西南财经大学,,8,工商管理类,（含工商管理、工商管理(双语实验班)、市场营销、旅游管理、供应链管理、人力资源管理专业。办学地点：柳林校区。）,,1,四年,5760.0
西藏,2025,国家专项计划本科批,理科,254,西南财经大学,,5,管理科学与工程类,（含计算金融、大数据管理与应用、信息管理与信息系统专业。办学地点：柳林校区。）,,2,四年,5760.0
西藏,2025,国家专项计划本科批,理科,254,西南财经大学,,2,财政学类,（含财政学、税收学专业。办学地点：柳林校区。）,,1,四年,5760.0
西藏,2025,国家专项计划本科批,理科,254,西南财经大学,,4,计算机类,（含人工智能、计算机科学与技术、网络空间安全、数据科学与大数据技术专业。办学地点：柳林校区。）,,1,四年,6240.0
西藏,2025,国家专项计划本科批,理科,254,西南财经大学,,8,工商管理类,（含工商管理、工商管理(双语实验班)、市场营销、旅游管理、供应链管理、人力资源管理专业。办学地点：柳林校区。）,,1,四年,5760.0
西藏,2025,高校专项计划本科批,文科,254,西南财经大学,,9,公共管理类,（含行政管理、劳动与社会保障专业。办学地点：柳林校区。）,,1,四年,5760.0
西藏,2025,国家专项计划本科批,文科,254,西南财经大学,,1,财政学类,（含财政学、税收学专业。办学地点：柳林校区。）,,1,四年,5760.0
西藏,2025,国家专项计划本科批,文科,254,西南财经大学,,3,新闻学,（办学地点：柳林校区。）,,1,四年,5760.0
西藏,2025,国家专项计划本科批,文科,254,西南财经大学,,7,工商管理类,（含工商管理、工商管理(双语实验班)、市场营销、旅游管理、供应链管理、人力资源管理专业。办学地点：柳林校区。）,,1,四年,5760.0
西藏,2025,本科二批,理科,,西南财经大学天府学院,,,会计学,（前3年在德阳校区，第4年在成都校区。办学地点：德阳校区。）,,6,四年,18000.0
西藏,2025,本科二批,文科,,西南财经大学天府学院,,,会计学,（前3年在德阳校区，第4年在成都校区。办学地点：德阳校区。）,,4,四年,18000.0
西藏,2025,本科一批,理科,267,西安交通大学,,4,经济学类,（含经济学、经济统计学、财政学、金融学、金融工程、国际经济与贸易、贸易经济、电子商务专业。办学地点：兴庆校区。）,,9,四年,5500.0
西藏,2025,高校专项计划本科批,理科,267,西安交通大学,,2,医学试验班,（医学类）（含基础医学、法医学、预防医学专业。办学地点：兴庆校区。）,,1,五年,7150.0
西藏,2025,国家专项计划本科批,理科,267,西安交通大学,,2,医学试验班,（医学类）（含基础医学、法医学、预防医学专业。办学地点：兴庆校区。）,,2,五年,7150.0
西藏,2025,国家专项计划本科批,理科,267,西安交通大学,,4,经济学类,（含经济学、经济统计学、财政学、金融学、金融工程、国际经济与贸易、贸易经济、电子商务专业。办学地点：兴庆校区。）,,2,四年,5500.0
西藏,2025,提前批艺体类本科,理科,,西安交通工程学院,,,音乐学,（民办）（师范类。认可区内音乐教育（声乐方向）专业统考成绩。）,,20,四年,28800.0
西藏,2025,提前批艺体类本科,文科,,西安交通工程学院,,,音乐学,（民办）（师范类。认可区内音乐教育（声乐方向）专业统考成绩。）,,10,四年,28800.0
西藏,2025,本科二批,理科,,西安信息职业大学,,,导航工程技术,,,1,四年,28500.0
西藏,2025,本科二批,理科,,西安信息职业大学,,,机械设计制造及自动化,,,1,四年,28500.0
西藏,2025,本科二批,理科,,西安信息职业大学,,,智能制造工程技术,,,1,四年,28500.0
西藏,2025,本科二批,理科,,西安信息职业大学,,,光电信息工程技术,,,1,四年,28500.0
西藏,2025,本科二批,理科,,西安信息职业大学,,,网络工程技术,,,1,四年,28500.0
西藏,2025,本科二批,理科,,西安信息职业大学,,,云计算技术,,,1,四年,28500.0
西藏,2025,本科二批,理科,,西安信息职业大学,,,信息安全与管理,,,1,四年,28500.0
西藏,2025,本科二批,理科,,西安信息职业大学,,,工业互联网技术,,,1,四年,28500.0
西藏,2025,本科二批,理科,,西安信息职业大学,,,区块链技术,,,1,四年,28500.0
西藏,2025,本科二批,理科,,西安信息职业大学,,,通信软件工程,,,1,四年,28500.0
西藏,2025,本科二批,理科,,西安信息职业大学,,,卫星通信工程,,,1,四年,28500.0
西藏,2025,本科二批,理科,,西安信息职业大学,,,集成电路工程技术,,,1,四年,28500.0
西藏,2025,本科一批,理科,397,西安医学院,,7,眼视光学,,,3,四年,6500.0
西藏,2025,本科一批,理科,397,西安医学院,,1,临床医学,,,2,五年,6500.0
西藏,2025,本科一批,理科,397,西安医学院,,2,医学影像学,,,2,五年,6500.0
西藏,2025,本科一批,理科,397,西安医学院,,3,精神医学,,,2,五年,6500.0
西藏,2025,本科一批,理科,397,西安医学院,,4,儿科学,,,2,五年,6500.0
西藏,2025,本科一批,理科,397,西安医学院,,5,口腔医学,,,2,五年,6500.0
西藏,2025,本科一批,理科,397,西安医学院,,6,预防医学,,,2,五年,6500.0
西藏,2025,本科一批,理科,397,西安医学院,,8,康复治疗学,,,2,四年,6500.0
西藏,2025,提前批艺体类本科,理科,,西安培华学院,,,体育教育,（民办）（办学地点：西安培华学院。认可区内体育统考成绩。师范类。）,,10,四年,21780.0
西藏,2025,提前批艺体类本科,理科,,西安外事学院,,,视觉传达设计,（民办）（认可区内美术与设计类专业统考成绩。）,,4,四年,32600.0
西藏,2025,提前批艺体类本科,理科,,西安外事学院,,,环境设计,（民办）（认可区内美术与设计类专业统考成绩。）,,4,四年,32600.0
西藏,2025,提前批艺体类本科,文科,,西安外事学院,,,环境设计,（民办）（认可区内美术与设计类专业统考成绩。）,,12,四年,32600.0
西藏,2025,提前批艺体类本科,文科,,西安外事学院,,,视觉传达设计,（民办）（认可区内美术与设计类专业统考成绩。）,,10,四年,32600.0
西藏,2025,本科一批,理科,279,西安外国语大学,,4,英语,（办学地点：西安外国语大学长安校区。）,,3,四年,5400.0
西藏,2025,本科一批,理科,279,西安外国语大学,,5,商务英语,（办学地点：西安外国语大学长安校区。）,,3,四年,5400.0
西藏,2025,本科一批,理科,279,西安外国语大学,,7,会计学,（办学地点：西安外国语大学长安校区。）,,1,四年,5000.0
西藏,2025,本科一批,文科,279,西安外国语大学,,6,新闻学,（办学地点：西安外国语大学长安校区。）,,3,四年,5000.0
西藏,2025,本科一批,文科,279,西安外国语大学,,2,汉语言文学,（办学地点：西安外国语大学长安校区。）,,2,四年,5000.0
西藏,2025,本科一批,文科,279,西安外国语大学,,3,英语,（办学地点：西安外国语大学长安校区。）,,2,四年,5400.0
西藏,2025,本科一批,文科,279,西安外国语大学,,1,国际经济与贸易,（办学地点：西安外国语大学长安校区。）,,1,四年,5000.0
西藏,2025,本科一批,文科,693,西安工业大学,,1,汉语言文学,（办学地点：未央校区。）,,4,四年,5400.0
西藏,2025,本科一批,文科,693,西安工业大学,,2,会计学,（办学地点：未央校区。）,,2,四年,5400.0
西藏,2025,本科一批,文科,693,西安工业大学,,4,人力资源管理,（办学地点：未央校区。）,,2,四年,5400.0
西藏,2025,本科一批,理科,693,西安工业大学,,3,会计学,（办学地点：未央校区。）,,2,四年,5400.0
西藏,2025,提前批艺体类本科,理科,,西安工商学院,,,播音与主持艺术,（民办）（播音）（认可区内播音与主持类专业统考成绩。）,,4,四年,29800.0
西藏,2025,提前批艺体类本科,理科,,西安工商学院,,,影视摄影与制作,（民办）（美术）（认可区内美术与设计类专业统考成绩。）,,3,四年,29800.0
西藏,2025,提前批艺体类本科,文科,,西安工商学院,,,播音与主持艺术,（民办）（播音）（认可区内播音与主持类专业统考成绩。）,,11,四年,29800.0
西藏,2025,提前批艺体类本科,文科,,西安工商学院,,,影视摄影与制作,（民办）（美术）（认可区内美术与设计类专业统考成绩。）,,7,四年,29800.0
西藏,2025,本科一批,理科,694,西安工程大学,,3,计算机类,（含计算机科学与技术、软件工程、智能科学与技术、数据科学与大数据技术专业。办学地点：西安。）,,4,四年,6480.0
西藏,2025,本科一批,理科,694,西安工程大学,,4,工商管理,（办学地点：西安。）,,4,四年,5000.0
西藏,2025,本科一批,理科,694,西安工程大学,,1,材料类,（含材料科学与工程、高分子材料与工程专业。办学地点：西安。）,,3,四年,6000.0
西藏,2025,本科一批,理科,694,西安工程大学,,2,电子信息工程,（办学地点：西安。）,,3,四年,6480.0
西藏,2025,本科一批,理科,694,西安工程大学,,5,会计学,（办学地点：西安。）,,1,四年,5400.0
西藏,2025,本科一批,文科,270,西安建筑科技大学,,1,汉语言文学,（办学地点：草堂校区。）,,1,四年,5000.0
西藏,2025,本科一批,文科,270,西安建筑科技大学,,2,公共管理类,（含文化产业管理、公共事业管理专业。办学地点：草堂校区。）,,1,四年,5400.0
西藏,2025,提前批艺体类本科,理科,,西安思源学院,,,环境设计,（民办） （美术）（认可区内美术与设计类专业统考成绩。）,,3,四年,28120.0
西藏,2025,提前批艺体类本科,理科,,西安思源学院,,,舞蹈表演,（民办） （舞蹈）（认可区内舞蹈类专业统考成绩。）,,2,四年,28120.0
西藏,2025,提前批艺体类本科,理科,,西安思源学院,,,书法学,（民办） （书法）（认可区内书法类专业统考成绩。）,,2,四年,28120.0
西藏,2025,提前批艺体类本科,理科,,西安思源学院,,,数字媒体艺术,（民办） （美术）（认可区内美术与设计类专业统考成绩。）,,2,四年,28120.0
西藏,2025,提前批艺体类本科,文科,,西安思源学院,,,环境设计,（民办）（美术）（认可区内美术与设计类专业统考成绩。）,,8,四年,28120.0
西藏,2025,提前批艺体类本科,文科,,西安思源学院,,,数字媒体艺术,（民办）（美术）（认可区内美术与设计类专业统考成绩。）,,8,四年,28120.0
西藏,2025,提前批艺体类本科,文科,,西安思源学院,,,舞蹈表演,（民办）（舞蹈）（认可区内舞蹈类专业统考成绩。）,,5,四年,28120.0
西藏,2025,提前批艺体类本科,文科,,西安思源学院,,,书法学,（民办）（书法）（认可区内书法类专业统考成绩。）,,5,四年,28120.0
西藏,2025,本科二批,理科,330,西安文理学院,,9,会计学,（办学地点：高新校区。）,,6,四年,5000.0
西藏,2025,本科二批,理科,330,西安文理学院,,5,数学与应用数学,（办学地点：高新校区。师范类。）,,3,四年,5250.0
西藏,2025,本科二批,理科,330,西安文理学院,,6,物理学,（办学地点：高新校区。师范类。）,,3,四年,5250.0
西藏,2025,本科二批,理科,330,西安文理学院,,7,化学,（办学地点：高新校区。师范类。）,,3,四年,5250.0
西藏,2025,本科二批,理科,330,西安文理学院,,8,生物科学,（办学地点：高新校区。）,,3,四年,6000.0
西藏,2025,提前批艺体类本科,理科,330,西安文理学院,,,体育教育,（办学地点：高新校区。认可区内体育统考成绩。师范类。）,,6,四年,5000.0
西藏,2025,本科二批,文科,330,西安文理学院,,3,汉语言文学,（办学地点：高新校区。师范类。）,,4,四年,5000.0
西藏,2025,本科二批,文科,330,西安文理学院,,1,思想政治教育,（办学地点：高新校区。师范类。）,,3,四年,5000.0
西藏,2025,本科二批,文科,330,西安文理学院,,4,历史学,（办学地点：高新校区。师范类。）,,3,四年,4250.0
西藏,2025,提前批艺体类本科,文科,330,西安文理学院,,,音乐学,（音乐教育声乐）（办学地点：高新校区。师范类。认可区内音乐教育（声乐方向）专业统考成绩。）,,6,四年,11000.0
西藏,2025,提前批艺体类本科,文科,,西安明德理工学院,,,产品设计,（民办）（办学地点：西安明德理工学院。认可区内美术与设计类专业统考成绩。）,,5,四年,29800.0
西藏,2025,提前批艺体类本科,文科,,西安明德理工学院,,,数字媒体艺术,（民办）（办学地点：西安明德理工学院。认可区内美术与设计类专业统考成绩。）,,5,四年,29800.0
西藏,2025,提前批艺体类本科,文科,,西安欧亚学院,,,视觉传达设计,（民办）（认可区内美术与设计类专业统考成绩。）,,10,四年,32800.0
西藏,2025,提前批艺体类本科,文科,,西安欧亚学院,,,环境设计,（民办）（认可区内美术与设计类专业统考成绩。）,,10,四年,32800.0
西藏,2025,提前批艺体类本科,文科,,西安欧亚学院,,,数字媒体艺术,（民办）（认可区内美术与设计类专业统考成绩。）,,10,四年,32800.0
西藏,2025,提前批艺体类本科,文科,,西安汽车职业大学,,,视觉传达设计,（民办）（办学地点：临潼校区。认可区内美术与设计类专业统考成绩。）,,2,四年,29480.0
西藏,2025,提前批艺体类本科,文科,,西安汽车职业大学,,,环境艺术设计,（民办）（办学地点：临潼校区。认可区内美术与设计类专业统考成绩。）,,1,四年,29480.0
西藏,2025,本科一批,理科,586,西安理工大学,,3,机械设计制造及其自动化,（卓越班。办学地点：曲江校区。）,,2,四年,6480.0
西藏,2025,本科一批,理科,586,西安理工大学,,4,电气工程及其自动化,（办学地点：曲江校区。）,,2,四年,6480.0
西藏,2025,本科一批,理科,586,西安理工大学,,5,自动化,（卓越班。办学地点：曲江校区。）,,2,四年,6480.0
西藏,2025,本科一批,理科,586,西安理工大学,,6,水利水电工程,（卓越班。办学地点：曲江校区。免补专业。）,,2,四年,6480.0
西藏,2025,本科一批,理科,586,西安理工大学,,7,农业水利工程,（办学地点：曲江校区。免补专业。）,,2,四年,6480.0
西藏,2025,本科一批,文科,586,西安理工大学,,8,工商管理类,（含工商管理、市场营销、人力资源管理专业。办学地点：曲江校区。）,,4,四年,5400.0
西藏,2025,本科一批,文科,586,西安理工大学,,1,经济学,（办学地点：曲江校区。）,,3,四年,5000.0
西藏,2025,本科一批,文科,586,西安理工大学,,2,金融学,（办学地点：曲江校区。）,,3,四年,5000.0
西藏,2025,本科一批,理科,269,西安电子科技大学,,4,电子信息类,（通信）（含通信工程、信息工程、空间信息与数字技术专业。办学地点：南校区。）,,1,四年,6600.0
西藏,2025,本科一批,理科,269,西安电子科技大学,,5,电子信息类,（电子工程）（含电子信息工程、信息对抗技术、电磁场与无线技术专业。办学地点：南校区。）,,1,四年,6600.0
西藏,2025,本科一批,理科,269,西安电子科技大学,,7,计算机类,（大类包含专业“软件工程”一、二年级每人每年学费6600元，大三、大四按学分计，每学分不超过400元，总学分不高于80学分。含计算机科学与技术、软件工程专业。办学地点：南校区。）,,1,四年,6600.0
西藏,2025,国家专项计划本科批,理科,269,西安电子科技大学,,2,数学类,（数学、统计与信息、计算机科学深度融合培养）（含数学与应用数学、信息与计算科学、统计学专业。办学地点：南校区。）,,1,四年,6600.0
西藏,2025,国家专项计划本科批,理科,269,西安电子科技大学,,3,材料类,（电子材料与微纳器件）（含材料科学与工程、电子信息材料、智能材料与结构专业。办学地点：南校区。）,,1,四年,6600.0
西藏,2025,国家专项计划本科批,理科,269,西安电子科技大学,,6,自动化类,（智能制造及智能测控）（含机械设计制造及其自动化、工业设计、自动化、电气工程及其自动化、测控技术与仪器、电子封装技术、机器人工程专业。办学地点：南校区。）,,1,四年,6600.0
西藏,2025,国家专项计划本科批,理科,269,西安电子科技大学,,8,生物医学工程类,（电子信息交叉融合班）（含生物医学工程、智能医学工程专业。办学地点：南校区。）,,1,四年,6600.0
西藏,2025,国家专项计划本科批,理科,269,西安电子科技大学,,9,管理科学与工程类,（数字化与商务智能融合培养）（含信息管理与信息系统、工业工程、大数据管理与应用专业。办学地点：南校区。）,,1,四年,5500.0
西藏,2025,本科一批,理科,271,西安石油大学,,4,应用化学,（办学地点：鄠邑校区。）,,3,四年,6480.0
西藏,2025,本科一批,理科,271,西安石油大学,,8,材料类,（含材料物理、金属材料工程、焊接技术与工程专业。办学地点：鄠邑校区。）,,3,四年,6480.0
西藏,2025,本科一批,理科,271,西安石油大学,,13,土木工程,（办学地点：鄠邑校区。）,,3,四年,6480.0
西藏,2025,本科一批,理科,271,西安石油大学,,15,资源勘查工程,（办学地点：鄠邑校区。免补专业。）,,3,四年,6480.0
西藏,2025,本科一批,理科,271,西安石油大学,,17,安全工程,（办学地点：鄠邑校区。）,,3,四年,6480.0
西藏,2025,本科一批,理科,271,西安石油大学,,5,机械设计制造及其自动化,（办学地点：鄠邑校区。）,,2,四年,6480.0
西藏,2025,本科一批,理科,271,西安石油大学,,6,过程装备与控制工程,（办学地点：鄠邑校区。）,,2,四年,6480.0
西藏,2025,本科一批,理科,271,西安石油大学,,7,测控技术与仪器,（办学地点：鄠邑校区。）,,2,四年,6480.0
西藏,2025,本科一批,理科,271,西安石油大学,,9,电气工程及其自动化,（办学地点：鄠邑校区。）,,2,四年,6480.0
西藏,2025,本科一批,理科,271,西安石油大学,,10,通信工程,（办学地点：鄠邑校区。）,,2,四年,6480.0
西藏,2025,本科一批,文科,271,西安石油大学,,19,工商管理类,（含会计学、财务管理、人力资源管理专业。办学地点：鄠邑校区。）,,3,四年,5000.0
西藏,2025,本科一批,文科,271,西安石油大学,,1,国际经济与贸易,（办学地点：鄠邑校区。）,,2,四年,5000.0
西藏,2025,本科一批,文科,271,西安石油大学,,2,汉语言文学,（办学地点：鄠邑校区。）,,2,四年,5000.0
西藏,2025,本科一批,文科,271,西安石油大学,,3,新闻学,（办学地点：鄠邑校区。）,,2,四年,5000.0
西藏,2025,本科一批,理科,271,西安石油大学,,11,光电信息科学与工程,（办学地点：鄠邑校区。）,,2,四年,6480.0
西藏,2025,本科一批,理科,271,西安石油大学,,12,自动化,（办学地点：鄠邑校区。）,,2,四年,6480.0
西藏,2025,本科一批,理科,271,西安石油大学,,14,地质工程,（办学地点：鄠邑校区。免补专业。）,,2,四年,6480.0
西藏,2025,本科一批,理科,271,西安石油大学,,16,石油工程,（办学地点：鄠邑校区。免补专业。）,,2,四年,6480.0
西藏,2025,本科一批,理科,271,西安石油大学,,18,大数据管理与应用,（办学地点：鄠邑校区。）,,2,四年,5000.0
西藏,2025,本科一批,文科,342,西安科技大学,,3,工商管理,（办学地点：主校区。）,,2,四年,5000.0
西藏,2025,本科一批,文科,342,西安科技大学,,5,电子商务,（办学地点：主校区。）,,2,四年,5000.0
西藏,2025,本科一批,理科,342,西安科技大学,,,少数民族预科,（民族预科班）（学校本科教学以英语为第一外语，其它小语种考生请谨慎填报。预科培养地点：西安科技大学。）,,4,一年,5000.0
西藏,2025,本科一批,理科,342,西安科技大学,,1,数字经济,（办学地点：主校区。）,,3,四年,5000.0
西藏,2025,本科一批,理科,342,西安科技大学,,2,工程管理,（办学地点：主校区。）,,3,四年,5000.0
西藏,2025,本科一批,理科,342,西安科技大学,,4,物流管理,（办学地点：主校区。）,,3,四年,5000.0
西藏,2025,提前批艺体类本科,文科,342,西安科技大学,,,设计学类,（含视觉传达设计、产品设计专业。办学地点：主校区。认可区内美术与设计类专业统考成绩。）,,2,四年,15120.0
西藏,2025,提前批艺体类本科,理科,,西安翻译学院,,,视觉传达设计,（民办）（认可区内美术与设计类专业统考成绩。）,,7,四年,31000.0
西藏,2025,提前批艺体类本科,理科,,西安翻译学院,,,环境设计,（民办）（认可区内美术与设计类专业统考成绩。）,,6,四年,28600.0
西藏,2025,提前批艺体类本科,理科,,西安翻译学院,,,产品设计,（民办）（认可区内美术与设计类专业统考成绩。）,,6,四年,28600.0
西藏,2025,提前批艺体类本科,文科,,西安翻译学院,,,视觉传达设计,（民办）（认可区内美术与设计类专业统考成绩。）,,2,四年,31000.0
西藏,2025,提前批艺体类本科,文科,,西安翻译学院,,,环境设计,（民办）（认可区内美术与设计类专业统考成绩。）,,2,四年,28600.0
西藏,2025,提前批艺体类本科,文科,,西安翻译学院,,,产品设计,（民办）（认可区内美术与设计类专业统考成绩。）,,2,四年,28600.0
西藏,2025,本科二批,理科,522,西安航空学院,,5,材料科学与工程,（办学地点：阎良校区。）,,6,四年,6000.0
西藏,2025,本科二批,理科,522,西安航空学院,,6,复合材料与工程,（办学地点：阎良校区。）,,6,四年,6000.0
西藏,2025,本科二批,理科,522,西安航空学院,,10,建筑环境与能源应用工程,（办学地点：阎良校区。）,,6,四年,6000.0
西藏,2025,本科二批,理科,522,西安航空学院,,11,交通运输,（办学地点：莲湖校区。）,,6,四年,6000.0
西藏,2025,本科二批,理科,522,西安航空学院,,7,新能源材料与器件,（办学地点：阎良校区。）,,5,四年,6000.0
西藏,2025,本科二批,理科,522,西安航空学院,,9,光电信息科学与工程,（办学地点：莲湖校区。）,,4,四年,6000.0
西藏,2025,本科二批,理科,522,西安航空学院,,3,材料成型及控制工程,（办学地点：阎良校区。）,,3,四年,6000.0
西藏,2025,本科二批,理科,522,西安航空学院,,4,车辆工程,（办学地点：阎良校区。）,,3,四年,6000.0
西藏,2025,本科二批,理科,522,西安航空学院,,8,能源与动力工程,（办学地点：阎良校区。）,,2,四年,6000.0
西藏,2025,本科二批,文科,522,西安航空学院,,1,秘书学,（办学地点：莲湖校区。）,,3,四年,5000.0
西藏,2025,本科二批,文科,522,西安航空学院,,2,商务英语,（办学地点：莲湖校区。）,,3,四年,5000.0
西藏,2025,本科二批,文科,522,西安航空学院,,12,电子商务,（办学地点：莲湖校区。）,,3,四年,5000.0
西藏,2025,专科批,理科,488,西安航空职业技术学院,,2,太阳能光热技术与应用,,,3,三年,7150.0
西藏,2025,专科批,理科,488,西安航空职业技术学院,,1,摄影测量与遥感技术,,,2,三年,7150.0
西藏,2025,专科批,理科,488,西安航空职业技术学院,,3,无人机应用技术,,,2,三年,7150.0
西藏,2025,专科批,理科,488,西安航空职业技术学院,,4,新能源汽车技术,,,2,三年,7150.0
西藏,2025,专科批,理科,488,西安航空职业技术学院,,5,软件技术,,,2,三年,7150.0
西藏,2025,专科批,文科,488,西安航空职业技术学院,,6,动漫制作技术,,,2,三年,7150.0
西藏,2025,专科批,文科,488,西安航空职业技术学院,,7,电子商务,,,2,三年,7150.0
西藏,2025,本科一批,理科,375,西安财经大学,,3,统计学,（办学地点：长安校区。）,,5,四年,6000.0
西藏,2025,本科一批,理科,375,西安财经大学,,4,计算机科学与技术,（办学地点：长安校区。）,,5,四年,6000.0
西藏,2025,本科一批,理科,375,西安财经大学,,6,财务管理,（办学地点：长安校区。）,,5,四年,5350.0
西藏,2025,本科一批,理科,375,西安财经大学,,2,金融学,（办学地点：长安校区。）,,3,四年,5350.0
西藏,2025,本科一批,文科,375,西安财经大学,,1,财政学,（办学地点：长安校区。）,,4,四年,5000.0
西藏,2025,本科一批,文科,375,西安财经大学,,5,会计学,（办学地点：长安校区。）,,3,四年,5350.0
西藏,2025,本科一批,理科,634,西安邮电大学,,9,大数据管理与应用,（办学地点：雁塔校区。）,,2,四年,5000.0
西藏,2025,本科一批,理科,634,西安邮电大学,,2,信息与计算科学,（办学地点：长安校区。）,,1,四年,6000.0
西藏,2025,本科一批,理科,634,西安邮电大学,,3,通信工程,（办学地点：长安校区。）,,1,四年,6480.0
西藏,2025,本科一批,理科,634,西安邮电大学,,4,光电信息科学与工程,（办学地点：长安校区。）,,1,四年,6480.0
西藏,2025,本科一批,理科,634,西安邮电大学,,5,电信工程及管理,（办学地点：长安校区。）,,1,四年,6000.0
西藏,2025,本科一批,理科,634,西安邮电大学,,6,自动化,（办学地点：长安校区。）,,1,四年,6480.0
西藏,2025,本科一批,理科,634,西安邮电大学,,7,计算机科学与技术,（办学地点：长安校区。）,,1,四年,6480.0
西藏,2025,本科一批,理科,634,西安邮电大学,,8,智能无人系统技术,（办学地点：长安校区。）,,1,四年,6000.0
西藏,2025,本科一批,理科,634,西安邮电大学,,14,工业工程,（办学地点：雁塔校区。）,,1,四年,5000.0
西藏,2025,本科一批,理科,634,西安邮电大学,,,边防军人子女预科,（民族预科班）（预科培养地点：雁塔校区。招边防军人子女。学费待定。）,,1,一年,
西藏,2025,本科一批,文科,634,西安邮电大学,,1,网络与新媒体,（办学地点：长安校区。）,,2,四年,5000.0
西藏,2025,本科一批,文科,634,西安邮电大学,,10,工商管理,（办学地点：雁塔校区。）,,2,四年,5000.0
西藏,2025,本科一批,文科,634,西安邮电大学,,12,财务管理,（办学地点：雁塔校区。）,,2,四年,5000.0
西藏,2025,本科一批,文科,634,西安邮电大学,,15,电子商务,（办学地点：雁塔校区。）,,2,四年,5400.0
西藏,2025,本科一批,文科,634,西安邮电大学,,11,会计学,（办学地点：雁塔校区。）,,1,四年,5400.0
西藏,2025,本科一批,文科,634,西安邮电大学,,13,物流管理,（办学地点：雁塔校区。）,,1,四年,5400.0
西藏,2025,专科批,理科,729,西安铁路职业技术学院,,1,铁道供电技术,（办学地点：港务校区。）,,5,三年,6500.0
西藏,2025,地方专项计划本科批,理科,802,西藏农牧大学,,,生态学,（免学费。免补专业。）,,40,四年,
西藏,2025,地方专项计划本科批,理科,802,西藏农牧大学,,,农学,（免学费。免补专业。）,,20,四年,
西藏,2025,地方专项计划本科批,理科,802,西藏农牧大学,,,园艺,（免学费。免补专业。）,,20,四年,
西藏,2025,地方专项计划本科批,理科,802,西藏农牧大学,,,植物保护,（免学费。免补专业。）,,20,四年,
西藏,2025,地方专项计划本科批,理科,802,西藏农牧大学,,,动物医学,（免学费。免补专业。）,,20,四年,
西藏,2025,地方专项计划本科批,理科,802,西藏农牧大学,,,水利水电工程,（免学费。免补专业。）,,15,四年,
西藏,2025,地方专项计划本科批,理科,802,西藏农牧大学,,,农业资源与环境,（免学费。免补专业。）,,10,四年,
西藏,2025,地方专项计划本科批,理科,802,西藏农牧大学,,,动植物检疫,（免学费。免补专业。）,,10,四年,
西藏,2025,地方专项计划本科批,理科,802,西藏农牧大学,,,园林,（免学费。免补专业。）,,10,四年,
西藏,2025,部队生源本科批,理科,802,西藏农牧大学,,,水利水电工程,（免学费。免补专业。）,,35,四年,
西藏,2025,部队生源本科批,理科,802,西藏农牧大学,,,林学,（免学费。免补专业。）,,35,四年,
西藏,2025,本科二批,理科,802,西藏农牧大学,,,电气工程及其自动化,,,110,四年,3360.0
西藏,2025,本科二批,理科,802,西藏农牧大学,,,土木工程,,,55,四年,3360.0
西藏,2025,本科二批,理科,802,西藏农牧大学,,,动物科学,（免学费。免补专业。）,,55,四年,
西藏,2025,本科二批,理科,802,西藏农牧大学,,,生物技术,,,50,四年,3080.0
西藏,2025,本科二批,理科,802,西藏农牧大学,,,生态学,（免学费。免补专业。）,,48,四年,
西藏,2025,本科二批,理科,802,西藏农牧大学,,,农学,（免学费。免补专业。）,,47,四年,
西藏,2025,本科二批,理科,802,西藏农牧大学,,,草业科学,（免学费。免补专业。）,,45,四年,
西藏,2025,本科二批,理科,802,西藏农牧大学,,,植物保护,（免学费。免补专业。）,,35,四年,
西藏,2025,本科二批,理科,802,西藏农牧大学,,,设施农业科学与工程,（免学费。免补专业。）,,35,四年,
西藏,2025,本科二批,理科,802,西藏农牧大学,,,动植物检疫,（免学费。免补专业。）,,35,四年,
西藏,2025,部队生源本科批,文科,802,西藏农牧大学,,,农村区域发展,（免学费。免补专业。）,,40,四年,
西藏,2025,部队生源本科批,文科,802,西藏农牧大学,,,野生动物与自然保护区管理,（免学费。免补专业。）,,35,四年,
西藏,2025,本科二批,理科,802,西藏农牧大学,,,农村区域发展,（免学费。免补专业。）,,35,四年,
西藏,2025,本科二批,理科,802,西藏农牧大学,,,水文与水资源工程,（免学费。免补专业。）,,30,四年,
西藏,2025,本科二批,理科,802,西藏农牧大学,,,食品科学与工程,,,30,四年,3080.0
西藏,2025,本科二批,理科,802,西藏农牧大学,,,动物医学,（免学费。免补专业。）,,28,四年,
西藏,2025,本科二批,理科,802,西藏农牧大学,,,应用化学,,,22,四年,3080.0
西藏,2025,本科二批,理科,802,西藏农牧大学,,,水土保持与荒漠化防治,（免学费。免补专业。）,,21,四年,
西藏,2025,本科二批,理科,802,西藏农牧大学,,,能源与动力工程,,,20,四年,3360.0
西藏,2025,本科二批,理科,802,西藏农牧大学,,,食品质量与安全,,,20,四年,3080.0
西藏,2025,本科二批,理科,802,西藏农牧大学,,,人文地理与城乡规划,,,19,四年,3080.0
西藏,2025,本科二批,理科,802,西藏农牧大学,,,环境工程,（免学费。免补专业。）,,18,四年,
西藏,2025,本科二批,文科,802,西藏农牧大学,,,旅游管理,,,42,四年,3360.0
西藏,2025,本科二批,文科,802,西藏农牧大学,,,农林经济管理,（免学费。免补专业。）,,37,四年,
西藏,2025,本科二批,文科,802,西藏农牧大学,,,农村区域发展,（免学费。免补专业。）,,10,四年,
西藏,2025,本科二批,理科,802,西藏农牧大学,,,园艺,（免学费。免补专业。）,,14,四年,
西藏,2025,本科二批,理科,802,西藏农牧大学,,,农业资源与环境,（免学费。免补专业。）,,12,四年,
西藏,2025,本科二批,理科,802,西藏农牧大学,,,水利水电工程,（免学费。免补专业。）,,10,四年,
西藏,2025,本科二批,理科,802,西藏农牧大学,,,野生动物与自然保护区管理,（免学费。免补专业。）,,10,四年,
西藏,2025,本科二批,理科,802,西藏农牧大学,,,林学,（免学费。免补专业。）,,10,四年,
西藏,2025,本科二批,理科,802,西藏农牧大学,,,园林,（免学费。免补专业。）,,7,四年,
西藏,2025,本科二批,理科,802,西藏农牧大学,,,电气工程及其自动化,（边境专项计划。）,,5,四年,3360.0
西藏,2025,本科二批,理科,802,西藏农牧大学,,,水利水电工程,（免学费。边境专项计划。免补专业。）,,5,四年,
西藏,2025,本科二批,理科,802,西藏农牧大学,,,动物医学,（免学费。边境专项计划。免补专业。）,,5,四年,
西藏,2025,本科一批,理科,801,西藏大学,,70,临床医学,,,82,四年,
西藏,2025,本科一批,理科,801,西藏大学,,58,计算机科学与技术,,,80,四年,
西藏,2025,本科一批,理科,801,西藏大学,,76,护理学,,,48,四年,
西藏,2025,本科一批,理科,801,西藏大学,,64,交通运输,,,40,四年,
西藏,2025,本科一批,理科,801,西藏大学,,83,会计学,,,28,四年,
西藏,2025,本科一批,理科,801,西藏大学,,26,中国少数民族语言文学,（师范）,,27,四年,
西藏,2025,本科一批,理科,801,西藏大学,,42,数学与应用数学,（师范）,,23,四年,
西藏,2025,本科一批,理科,801,西藏大学,,44,物理学,（师范）,,23,四年,
西藏,2025,本科一批,理科,801,西藏大学,,63,资源勘查工程,,,15,四年,
西藏,2025,本科一批,理科,801,西藏大学,,73,预防医学,,,15,四年,
西藏,2025,国家专项计划批,理科,801,西藏大学,,70,临床医学,（国家专项）,,30,四年,
西藏,2025,国家专项计划批,理科,801,西藏大学,,58,计算机科学与技术,（国家专项）,,30,四年,
西藏,2025,国家专项计划批,理科,801,西藏大学,,42,数学与应用数学,（师范）（国家专项）,,20,四年,
西藏,2025,国家专项计划批,理科,801,西藏大学,,61,土木工程,（国家专项）,,20,四年,
西藏,2025,国家专项计划批,理科,801,西藏大学,,8,金融学,（国家专项）,,20,四年,
西藏,2025,国家专项计划批,理科,801,西藏大学,,56,通信工程,（国家专项）,,20,四年,
西藏,2025,国家专项计划批,理科,801,西藏大学,,53,生物科学,（师范）（国家专项）,,15,四年,
西藏,2025,国家专项计划批,理科,801,西藏大学,,48,化学,（师范）（国家专项）,,15,四年,
西藏,2025,地方专项计划批,理科,801,西藏大学,,76,护理学,（地方专项）,,30,四年,
西藏,2025,地方专项计划批,理科,801,西藏大学,,44,物理学,（师范）（地方专项）,,20,四年,
西藏,2025,地方专项计划批,理科,801,西藏大学,,63,资源勘查工程,（地方专项）,,20,四年,
西藏,2025,地方专项计划批,理科,801,西藏大学,,46,应用物理学,（地方专项）,,15,四年,
西藏,2025,地方专项计划批,理科,801,西藏大学,,19,学前教育,（师范）（地方专项）,,10,四年,
西藏,2025,本科一批,理科,801,西藏大学,,26,中国少数民族语言文学,（翻译）,,14,四年,
西藏,2025,本科一批,理科,801,西藏大学,,74,药学,,,14,四年,
西藏,2025,本科一批,理科,801,西藏大学,,61,土木工程,,,13,四年,
西藏,2025,本科一批,理科,801,西藏大学,,90,旅游管理,,,13,四年,
西藏,2025,本科一批,理科,801,西藏大学,,12,法学,,,13,四年,
西藏,2025,本科一批,理科,801,西藏大学,,48,化学,（师范）,,13,四年,
西藏,2025,本科一批,理科,801,西藏大学,,2,经济学,,,12,四年,
西藏,2025,本科一批,理科,801,西藏大学,,6,税收学,,,12,四年,
西藏,2025,本科一批,理科,801,西藏大学,,53,生物科学,（师范）,,12,四年,
西藏,2025,本科一批,理科,801,西藏大学,,54,生态学,,,12,四年,
西藏,2025,部队专项计划批,理科,801,西藏大学,,66,环境科学,（部队专项）,,20,四年,
西藏,2025,部队专项计划批,理科,801,西藏大学,,90,旅游管理,（部队专项）,,12,四年,
西藏,2025,部队专项计划批,理科,801,西藏大学,,79,工商管理,（部队专项）,,10,四年,
西藏,2025,边境专项计划批,理科,801,西藏大学,,73,预防医学,（边境专项）,,5,四年,
西藏,2025,边境专项计划批,理科,801,西藏大学,,58,计算机科学与技术,（边境专项）,,5,四年,
西藏,2025,本科一批,文科,801,西藏大学,,11,法学,,,32,四年,
西藏,2025,本科一批,文科,801,西藏大学,,25,中国少数民族语言文学,（非师范）,,30,四年,
西藏,2025,本科一批,文科,801,西藏大学,,25,中国少数民族语言文学,（师范）,,30,四年,
西藏,2025,本科一批,文科,801,西藏大学,,21,汉语言文学,（非师范）,,20,四年,
西藏,2025,本科一批,文科,801,西藏大学,,21,汉语言文学,（师范）,,20,四年,
西藏,2025,本科一批,文科,801,西藏大学,,7,金融学,,,15,四年,
西藏,2025,本科一批,文科,801,西藏大学,,40,历史学,（师范）,,15,四年,
西藏,2025,本科一批,文科,801,西藏大学,,25,中国少数民族语言文学,（翻译）,,12,四年,
西藏,2025,本科一批,文科,801,西藏大学,,80,工商管理,,,11,四年,
西藏,2025,本科一批,文科,801,西藏大学,,3,财政学,,,11,四年,
西藏,2025,国家专项计划批,文科,801,西藏大学,,25,中国少数民族语言文学,（师范）（国家专项）,,20,四年,
西藏,2025,国家专项计划批,文科,801,西藏大学,,11,法学,（国家专项）,,20,四年,
西藏,2025,国家专项计划批,文科,801,西藏大学,,40,历史学,（师范）（国家专项）,,20,四年,
西藏,2025,国家专项计划批,文科,801,西藏大学,,82,会计学,（国家专项）,,15,四年,
西藏,2025,国家专项计划批,文科,801,西藏大学,,33,英语,（师范）（国家专项）,,5,四年,
西藏,2025,地方专项计划批,文科,801,西藏大学,,25,中国少数民族语言文学,（翻译）（地方专项）,,15,四年,
西藏,2025,地方专项计划批,文科,801,西藏大学,,16,思想政治教育,（地方专项）,,10,四年,
西藏,2025,地方专项计划批,文科,801,西藏大学,,50,地理科学,（师范）（地方专项）,,10,四年,
西藏,2025,部队专项计划批,文科,801,西藏大学,,,公共事业管理,（部队专项）,,40,四年,
西藏,2025,部队专项计划批,文科,801,西藏大学,,87,旅游管理,（部队专项）,,33,四年,
西藏,2025,部队专项计划批,文科,801,西藏大学,,80,工商管理,（部队专项）,,30,四年,
西藏,2025,部队专项计划批,文科,801,西藏大学,,14,政治学与行政学,（部队专项）,,25,四年,
西藏,2025,本科一批,文科,801,西藏大学,,,美术学,（师范）,,10,四年,
西藏,2025,本科一批,文科,801,西藏大学,,85,行政管理,,,10,四年,
西藏,2025,本科一批,文科,801,西藏大学,,5,税收学,,,10,四年,
西藏,2025,本科一批,文科,801,西藏大学,,16,思想政治教育,,,9,四年,
西藏,2025,本科一批,文科,801,西藏大学,,1,经济学,,,8,四年,
西藏,2025,本科一批,文科,801,西藏大学,,,音乐学,（师范）,,7,四年,
西藏,2025,本科一批,文科,801,西藏大学,,,绘画,（藏画）,,7,四年,
西藏,2025,本科一批,文科,801,西藏大学,,,视觉传达设计,,,7,四年,
西藏,2025,本科一批,文科,801,西藏大学,,87,旅游管理,,,7,四年,
西藏,2025,本科一批,文科,801,西藏大学,,82,会计学,,,7,四年,
西藏,2025,边境专项计划批,文科,801,西藏大学,,25,中国少数民族语言文学,（师范）（边境专项）,,5,四年,
西藏,2025,本科一批,理科,801,西藏大学,,26,中国少数民族语言文学,（非师范）,,11,四年,
西藏,2025,本科一批,理科,801,西藏大学,,4,财政学,,,11,四年,
西藏,2025,本科一批,理科,801,西藏大学,,71,口腔医学,,,10,四年,
西藏,2025,本科一批,理科,801,西藏大学,,86,行政管理,,,10,四年,
西藏,2025,本科一批,理科,801,西藏大学,,56,通信工程,,,10,四年,
西藏,2025,本科一批,理科,801,西藏大学,,17,思想政治教育,,,10,四年,
西藏,2025,本科一批,理科,801,西藏大学,,51,地理科学,（师范）,,9,四年,
西藏,2025,本科一批,理科,801,西藏大学,,68,建筑学,,,8,四年,
西藏,2025,本科一批,理科,801,西藏大学,,,音乐学,（师范）,,8,四年,
西藏,2025,本科一批,理科,801,西藏大学,,8,金融学,,,8,四年,
西藏,2025,本科一批,文科,801,西藏大学,,,舞蹈表演,,,6,四年,
西藏,2025,本科一批,文科,801,西藏大学,,33,英语,（师范）,,5,四年,
西藏,2025,本科一批,文科,801,西藏大学,,37,翻译,（英汉）,,5,四年,
西藏,2025,本科一批,文科,801,西藏大学,,14,政治学与行政学,,,5,四年,
西藏,2025,本科一批,文科,801,西藏大学,,18,学前教育,（师范）,,5,四年,
西藏,2025,本科一批,文科,801,西藏大学,,50,地理科学,（师范）,,5,四年,
西藏,2025,本科一批,文科,801,西藏大学,,33,英语,（非师范）,,4,四年,
西藏,2025,本科一批,文科,801,西藏大学,,67,建筑学,,,2,四年,
西藏,2025,本科一批,文科,801,西藏大学,,37,翻译,（英汉）（西藏班）,,2,四年,
西藏,2025,本科一批,文科,801,西藏大学,,21,汉语言文学,（师范）（西藏班）,,1,四年,
西藏,2025,本科一批,理科,801,西藏大学,,46,应用物理学,,,7,四年,
西藏,2025,本科一批,理科,801,西藏大学,,,绘画,（藏画）,,7,四年,
西藏,2025,本科一批,理科,801,西藏大学,,38,翻译,（英汉）,,7,四年,
西藏,2025,本科一批,理科,801,西藏大学,,,舞蹈表演,,,6,四年,
西藏,2025,本科一批,理科,801,西藏大学,,34,英语,（非师范）,,6,四年,
西藏,2025,本科一批,理科,801,西藏大学,,,美术学,（师范）,,5,四年,
西藏,2025,本科一批,理科,801,西藏大学,,79,工商管理,,,5,四年,
西藏,2025,本科一批,理科,801,西藏大学,,34,英语,（师范）,,5,四年,
西藏,2025,本科一批,理科,801,西藏大学,,19,学前教育,（师范）,,5,四年,
西藏,2025,本科一批,理科,801,西藏大学,,66,环境科学,,,5,四年,
西藏,2025,本科一批,文科,801,西藏大学,,,音乐表演,（声乐）,,1,四年,
西藏,2025,本科一批,文科,801,西藏大学,,11,法学,（西藏班）,,1,四年,
西藏,2025,本科一批,文科,801,西藏大学,,18,学前教育,（师范）（西藏班）,,1,四年,
西藏,2025,本科一批,文科,801,西藏大学,,16,思想政治教育,（西藏班）,,1,四年,
西藏,2025,本科一批,理科,801,西藏大学,,,视觉传达设计,,,3,四年,
西藏,2025,本科一批,理科,801,西藏大学,,,音乐表演,（声乐）,,2,四年,
西藏,2025,本科一批,理科,801,西藏大学,,56,通信工程,（西藏班）,,2,四年,
西藏,2025,本科一批,理科,801,西藏大学,,42,数学与应用数学,（师范）（西藏班）,,1,四年,
西藏,2025,本科一批,理科,801,西藏大学,,70,临床医学,（西藏班）,,1,四年,
西藏,2025,本科一批,理科,803,西藏民族大学,,63,临床医学,（办学地点：陕西咸阳。）,,103,五年,3360.0
西藏,2025,本科一批,理科,803,西藏民族大学,,8,法学,（办学地点：陕西咸阳。）,,40,四年,3360.0
西藏,2025,本科一批,理科,803,西藏民族大学,,50,机械电子工程,（办学地点：陕西西安西咸新区。）,,40,四年,3360.0
西藏,2025,本科一批,理科,803,西藏民族大学,,58,网络空间安全,（办学地点：陕西西安西咸新区。）,,40,四年,3360.0
西藏,2025,本科一批,理科,803,西藏民族大学,,78,行政管理,（办学地点：陕西西安西咸新区。）,,40,四年,3360.0
西藏,2025,本科一批,理科,803,西藏民族大学,,52,计算机科学与技术,（办学地点：陕西西安西咸新区。）,,37,四年,3360.0
西藏,2025,本科一批,理科,803,西藏民族大学,,51,通信工程,（办学地点：陕西西安西咸新区。）,,25,四年,3360.0
西藏,2025,本科一批,理科,803,西藏民族大学,,54,网络工程,（办学地点：陕西西安西咸新区。）,,25,四年,3360.0
西藏,2025,本科一批,理科,803,西藏民族大学,,57,数据科学与大数据技术,（智能方向）（办学地点：陕西西安西咸新区。）,,25,四年,3360.0
西藏,2025,本科一批,理科,803,西藏民族大学,,2,数字经济,（办学地点：陕西西安西咸新区。）,,20,四年,3360.0
西藏,2025,本科二批,理科,803,西藏民族大学,,55,数字媒体技术,（办学地点：陕西西安西咸新区。）,,15,四年,3360.0
西藏,2025,本科二批,理科,803,西藏民族大学,,46,考古学,（办学地点：陕西咸阳。）,,10,四年,3360.0
西藏,2025,本科二批,理科,803,西藏民族大学,,70,工商管理,（办学地点：陕西西安西咸新区。）,,10,四年,3360.0
西藏,2025,本科二批,理科,803,西藏民族大学,,74,人力资源管理,（办学地点：陕西西安西咸新区。）,,10,四年,3360.0
西藏,2025,本科二批,理科,803,西藏民族大学,,35,印地语,（英语≥50，须英语口试。办学地点：陕西咸阳。）,,5,四年,3360.0
西藏,2025,本科二批,理科,803,西藏民族大学,,60,土木工程,（办学地点：陕西西安西咸新区。）,,5,四年,3360.0
西藏,2025,地方专项计划本科批,理科,803,西藏民族大学,,68,护理学,（办学地点：陕西咸阳。）,,30,四年,3360.0
西藏,2025,地方专项计划本科批,理科,803,西藏民族大学,,10,社会工作,（办学地点：陕西咸阳。）,,20,四年,3360.0
西藏,2025,地方专项计划本科批,理科,803,西藏民族大学,,60,土木工程,（办学地点：陕西西安西咸新区。）,,20,四年,3360.0
西藏,2025,地方专项计划本科批,理科,803,西藏民族大学,,62,环境生态工程,（办学地点：陕西西安西咸新区。免学费。免补专业。）,,20,四年,
西藏,2025,地方专项计划本科批,理科,803,西藏民族大学,,63,临床医学,（办学地点：陕西咸阳。）,,20,五年,3360.0
西藏,2025,提前批艺体类本科,理科,803,西藏民族大学,,,体育教育,（身高男生不低于170cm，女生不低于160cm。专业成绩不得低于45分。办学地点：陕西咸阳。认可区内体育统考成绩。师范类。免学费。）,,40,四年,
西藏,2025,提前批艺体类本科,理科,803,西藏民族大学,,,播音与主持艺术,（播音）（办学地点：陕西西安西咸新区。认可区内播音与主持类专业统考成绩。）,,5,四年,3360.0
西藏,2025,部队生源本科批,理科,803,西藏民族大学,,62,环境生态工程,（办学地点：陕西西安西咸新区。免学费。免补专业。）,,20,四年,
西藏,2025,部队生源本科批,理科,803,西藏民族大学,,,康复治疗学,（办学地点：陕西咸阳。）,,20,四年,3360.0
西藏,2025,本科一批,理科,803,西藏民族大学,,20,学前教育,（办学地点：陕西西安西咸新区。师范类。免学费。）,,20,四年,
西藏,2025,本科一批,理科,803,西藏民族大学,,40,广播电视学,（融媒体方向）（办学地点：陕西西安西咸新区。）,,20,四年,3360.0
西藏,2025,本科一批,理科,803,西藏民族大学,,49,统计学,（办学地点：陕西西安西咸新区。）,,20,四年,3360.0
西藏,2025,本科一批,理科,803,西藏民族大学,,65,医学检验技术,（办学地点：陕西咸阳。）,,20,四年,3360.0
西藏,2025,本科一批,理科,803,西藏民族大学,,68,护理学,（办学地点：陕西咸阳。）,,20,四年,3360.0
西藏,2025,本科一批,理科,803,西藏民族大学,,73,会计学,（办学地点：陕西西安西咸新区。）,,20,四年,3360.0
西藏,2025,本科一批,理科,803,西藏民族大学,,30,英语,（招英语语种。英语≥60，须英语口试。办学地点：陕西咸阳。师范类。免学费。）,,15,四年,
西藏,2025,本科一批,理科,803,西藏民族大学,,42,广告学,（品牌传播方向）（办学地点：陕西西安西咸新区。）,,15,四年,3360.0
西藏,2025,本科一批,理科,803,西藏民族大学,,81,旅游管理,（办学地点：陕西西安西咸新区。）,,15,四年,3360.0
西藏,2025,本科一批,理科,803,西藏民族大学,,6,金融学,（科技方向）（办学地点：陕西西安西咸新区。）,,10,四年,3360.0
西藏,2025,本科一批,文科,803,西藏民族大学,,27,汉语言文学,（办学地点：陕西咸阳。）,,45,四年,3360.0
西藏,2025,本科一批,文科,803,西藏民族大学,,7,法学,（办学地点：陕西咸阳。）,,40,四年,3360.0
西藏,2025,本科一批,文科,803,西藏民族大学,,24,汉语言文学,（办学地点：陕西咸阳。师范类。免学费。）,,40,四年,
西藏,2025,本科一批,文科,803,西藏民族大学,,39,广播电视学,（融媒体方向）（办学地点：陕西西安西咸新区。）,,35,四年,3360.0
西藏,2025,本科一批,文科,803,西藏民族大学,,11,民族学,（办学地点：陕西咸阳。）,,30,四年,3360.0
西藏,2025,本科一批,文科,803,西藏民族大学,,15,思想政治教育,（办学地点：陕西咸阳。师范类。免学费。）,,30,四年,
西藏,2025,本科一批,文科,803,西藏民族大学,,29,英语,（招英语语种。英语≥60，须英语口试。办学地点：陕西咸阳。）,,30,四年,3360.0
西藏,2025,本科一批,文科,803,西藏民族大学,,45,历史学,（办学地点：陕西咸阳。师范类。免学费。）,,30,四年,
西藏,2025,本科一批,文科,803,西藏民族大学,,79,档案学,（办学地点：陕西西安西咸新区。）,,30,四年,3360.0
西藏,2025,本科一批,文科,803,西藏民族大学,,18,学前教育,（办学地点：陕西西安西咸新区。师范类。免学费。）,,20,四年,
西藏,2025,地方专项计划本科批,文科,803,西藏民族大学,,24,汉语言文学,（办学地点：陕西咸阳。师范类。免学费。）,,20,四年,
西藏,2025,地方专项计划本科批,文科,803,西藏民族大学,,15,思想政治教育,（办学地点：陕西咸阳。师范类。免学费。）,,15,四年,
西藏,2025,地方专项计划本科批,文科,803,西藏民族大学,,19,学前教育,（办学地点：陕西西安西咸新区。免学费。）,,15,四年,
西藏,2025,本科二批,文科,803,西藏民族大学,,17,艺术教育,（办学地点：陕西西安西咸新区。师范类。免学费。）,,40,四年,
西藏,2025,本科二批,文科,803,西藏民族大学,,69,工商管理,（办学地点：陕西西安西咸新区。）,,15,四年,3360.0
西藏,2025,本科二批,文科,803,西藏民族大学,,34,印地语,（英语≥50，须英语口试。办学地点：陕西咸阳。）,,10,四年,3360.0
西藏,2025,提前批艺体类本科,文科,803,西藏民族大学,,,体育教育,（身高男生不低于170cm，女生不低于160cm。专业成绩不得低于45分。办学地点：陕西咸阳。认可区内体育统考成绩。师范类。免学费。）,,40,四年,
西藏,2025,提前批艺体类本科,文科,803,西藏民族大学,,,播音与主持艺术,（播音）（办学地点：陕西西安西咸新区。认可区内播音与主持类专业统考成绩。）,,15,四年,3360.0
西藏,2025,本科一批,理科,803,西藏民族大学,,38,新闻学,（数字新闻方向）（办学地点：陕西西安西咸新区。）,,10,四年,3360.0
西藏,2025,本科一批,理科,803,西藏民族大学,,44,国际新闻与传播,（办学地点：陕西西安西咸新区。）,,10,四年,3360.0
西藏,2025,本科一批,理科,803,西藏民族大学,,77,审计学,（办学地点：陕西西安西咸新区。）,,10,四年,3360.0
西藏,2025,本科一批,理科,803,西藏民族大学,,32,英语,（英藏复语方向）（英语≥60，须英语口试。办学地点：陕西咸阳。）,,5,四年,3360.0
西藏,2025,本科一批,理科,803,西藏民族大学,,52,计算机科学与技术,（地方优本计划。办学地点：陕西西安西咸新区。）,,3,四年,3360.0
西藏,2025,本科一批,文科,803,西藏民族大学,,27,汉语言文学,（应用方向）（办学地点：陕西咸阳。）,,20,四年,3360.0
西藏,2025,本科一批,文科,803,西藏民族大学,,36,新闻学,（数字新闻方向）（办学地点：陕西西安西咸新区。）,,20,四年,3360.0
西藏,2025,本科一批,文科,803,西藏民族大学,,11,民族学,（铸牢中华民族共同体意识方向）（边境专项计划。办学地点：陕西咸阳。）,,20,四年,3360.0
西藏,2025,本科一批,文科,803,西藏民族大学,,3,财政学,（办学地点：陕西西安西咸新区。）,,15,四年,3360.0
西藏,2025,本科一批,文科,803,西藏民族大学,,5,金融学,（科技方向）（办学地点：陕西西安西咸新区。）,,15,四年,3360.0
西藏,2025,本科一批,文科,803,西藏民族大学,,29,英语,（招英语语种。英语≥60，须英语口试。办学地点：陕西咸阳。师范类。免学费。）,,15,四年,
西藏,2025,本科一批,文科,803,西藏民族大学,,41,广告学,（品牌传播方向）（办学地点：陕西西安西咸新区。）,,15,四年,3360.0
西藏,2025,本科一批,文科,803,西藏民族大学,,71,会计学,（办学地点：陕西西安西咸新区。）,,15,四年,3360.0
西藏,2025,本科一批,文科,803,西藏民族大学,,76,审计学,（办学地点：陕西西安西咸新区。）,,15,四年,3360.0
西藏,2025,本科一批,文科,803,西藏民族大学,,80,旅游管理,（办学地点：陕西西安西咸新区。）,,15,四年,3360.0
西藏,2025,部队生源本科批,文科,803,西藏民族大学,,,社会工作,（办学地点：陕西咸阳。）,,20,四年,3360.0
西藏,2025,部队生源本科批,文科,803,西藏民族大学,,36,新闻学,（数字新闻方向）（办学地点：陕西西安西咸新区。）,,20,四年,3360.0
西藏,2025,部队生源本科批,文科,803,西藏民族大学,,,数字媒体技术,（办学地点：陕西西安西咸新区。）,,20,四年,3360.0
西藏,2025,部队生源本科批,文科,803,西藏民族大学,,15,思想政治教育,（办学地点：陕西咸阳。师范类。免学费。）,,15,四年,
西藏,2025,部队生源本科批,文科,803,西藏民族大学,,27,汉语言文学,（办学地点：陕西咸阳。）,,15,四年,3360.0
西藏,2025,部队生源本科批,文科,803,西藏民族大学,,,考古学,（办学地点：陕西咸阳。）,,15,四年,3360.0
西藏,2025,部队生源本科批,文科,803,西藏民族大学,,71,会计学,（办学地点：陕西西安西咸新区。）,,15,四年,3360.0
西藏,2025,部队生源本科批,文科,803,西藏民族大学,,,人力资源管理,（办学地点：陕西西安西咸新区。）,,15,四年,3360.0
西藏,2025,部队生源本科批,文科,803,西藏民族大学,,3,财政学,（办学地点：陕西西安西咸新区。）,,10,四年,3360.0
西藏,2025,本科一批,文科,803,西藏民族大学,,11,民族学,（铸牢中华民族共同体意识方向）（办学地点：陕西咸阳。）,,14,四年,3360.0
西藏,2025,本科一批,文科,803,西藏民族大学,,1,数字经济,（办学地点：陕西西安西咸新区。）,,10,四年,3360.0
西藏,2025,本科一批,文科,803,西藏民族大学,,33,英语,（英藏复语方向）（英语≥60，须英语口试。办学地点：陕西咸阳。）,,10,四年,3360.0
西藏,2025,本科一批,文科,803,西藏民族大学,,43,国际新闻与传播,（办学地点：陕西西安西咸新区。）,,10,四年,3360.0
西藏,2025,本科一批,文科,803,西藏民族大学,,48,统计学,（办学地点：陕西西安西咸新区。）,,10,四年,3360.0
西藏,2025,专科提前批,理科,807,西藏职业技术学院,,51,汽车检测与维修技术,（定向培养军士生，招男生。办学地点：西藏职业技术学院北校区。）,,18,三年,2800.0
西藏,2025,提前批艺体类专科,理科,807,西藏职业技术学院,,,服装与服饰设计,（办学地点：西藏职业技术学院西校区。认可区内美术与设计类专业统考成绩。）,,15,三年,2800.0
西藏,2025,提前批艺体类专科,理科,807,西藏职业技术学院,,,艺术设计,（办学地点：西藏职业技术学院西校区。认可区内美术与设计类专业统考成绩。）,,10,三年,2800.0
西藏,2025,提前批艺体类专科,文科,807,西藏职业技术学院,,,服装与服饰设计,（办学地点：西藏职业技术学院西校区。认可区内美术与设计类专业统考成绩。）,,15,三年,2800.0
西藏,2025,提前批艺体类专科,文科,807,西藏职业技术学院,,,艺术设计,（办学地点：西藏职业技术学院西校区。认可区内美术与设计类专业统考成绩。）,,10,三年,2800.0
西藏,2025,专科批,理科,807,西藏职业技术学院,,13,现代农业经济管理,（办学地点：西藏职业技术学院西校区。免学费。边境专项计划。免补专业。）,,5,三年,
西藏,2025,专科批,理科,807,西藏职业技术学院,,24,草业技术,（办学地点：西藏职业技术学院西校区。免学费。边境专项计划。免补专业。）,,5,三年,
西藏,2025,专科批,理科,807,西藏职业技术学院,,32,发电厂及电力系统,（办学地点：西藏职业技术学院北校区。）,,4,三年,2800.0
西藏,2025,专科批,理科,807,西藏职业技术学院,,38,古建筑工程技术,（办学地点：西藏职业技术学院北校区。）,,4,三年,2800.0
西藏,2025,专科批,理科,807,西藏职业技术学院,,57,数字媒体技术,（办学地点：西藏职业技术学院北校区。）,,4,三年,2800.0
西藏,2025,专科批,理科,807,西藏职业技术学院,,60,信息安全技术应用,（办学地点：西藏职业技术学院北校区。）,,4,三年,2800.0
西藏,2025,专科批,理科,807,西藏职业技术学院,,24,草业技术,（办学地点：西藏职业技术学院西校区。免学费。免补专业。）,,3,三年,
西藏,2025,专科批,理科,807,西藏职业技术学院,,75,旅游管理,（办学地点：西藏职业技术学院西校区。）,,3,三年,2800.0
西藏,2025,专科批,理科,807,西藏职业技术学院,,78,酒店管理与数字化运营,（办学地点：西藏职业技术学院西校区。）,,3,三年,2800.0
西藏,2025,专科批,理科,807,西藏职业技术学院,,3,作物生产与经营管理,（办学地点：西藏职业技术学院西校区。免学费。免补专业。）,,2,三年,
西藏,2025,专科批,文科,807,西藏职业技术学院,,10,现代农业经济管理,（办学地点：西藏职业技术学院西校区。免学费。边境专项计划。免补专业。）,,5,三年,
西藏,2025,专科批,文科,807,西藏职业技术学院,,20,草业技术,（办学地点：西藏职业技术学院西校区。免学费。边境专项计划。免补专业。）,,5,三年,
西藏,2025,专科批,文科,807,西藏职业技术学院,,36,古建筑工程技术,（办学地点：西藏职业技术学院北校区。）,,4,三年,2800.0
西藏,2025,专科批,文科,807,西藏职业技术学院,,55,数字媒体技术,（办学地点：西藏职业技术学院北校区。）,,3,三年,2800.0
西藏,2025,专科批,文科,807,西藏职业技术学院,,58,信息安全技术应用,（办学地点：西藏职业技术学院北校区。）,,3,三年,2800.0
西藏,2025,专科批,文科,807,西藏职业技术学院,,73,旅游管理,（办学地点：西藏职业技术学院西校区。）,,3,三年,2800.0
西藏,2025,专科批,文科,807,西藏职业技术学院,,76,酒店管理与数字化运营,（办学地点：西藏职业技术学院西校区。）,,3,三年,2800.0
西藏,2025,专科批,文科,807,西藏职业技术学院,,1,作物生产与经营管理,（办学地点：西藏职业技术学院西校区。免学费。免补专业。）,,2,三年,
西藏,2025,专科批,文科,807,西藏职业技术学院,,7,农产品加工与质量检测,（办学地点：西藏职业技术学院西校区。免学费。免补专业。）,,2,三年,
西藏,2025,专科批,文科,807,西藏职业技术学院,,10,现代农业经济管理,（办学地点：西藏职业技术学院西校区。免学费。免补专业。）,,2,三年,
西藏,2025,专科批,理科,807,西藏职业技术学院,,9,农产品加工与质量检测,（办学地点：西藏职业技术学院西校区。免学费。免补专业。）,,2,三年,
西藏,2025,专科批,理科,807,西藏职业技术学院,,13,现代农业经济管理,（办学地点：西藏职业技术学院西校区。免学费。免补专业。）,,2,三年,
西藏,2025,专科批,理科,807,西藏职业技术学院,,16,林业技术,（办学地点：西藏职业技术学院西校区。免学费。免补专业。）,,2,三年,
西藏,2025,专科批,理科,807,西藏职业技术学院,,19,园林技术,（办学地点：西藏职业技术学院西校区。免学费。免补专业。）,,2,三年,
西藏,2025,专科批,理科,807,西藏职业技术学院,,29,测绘地理信息技术,（联合培养）（办学地点：西藏职业技术学院北校区。）,,2,三年,2800.0
西藏,2025,专科批,理科,807,西藏职业技术学院,,35,供用电技术,（办学地点：西藏职业技术学院北校区。）,,2,三年,2800.0
西藏,2025,专科批,理科,807,西藏职业技术学院,,41,建筑工程技术,（办学地点：西藏职业技术学院北校区。）,,2,三年,2800.0
西藏,2025,专科批,理科,807,西藏职业技术学院,,44,工程造价,（办学地点：西藏职业技术学院北校区。）,,2,三年,2800.0
西藏,2025,专科批,理科,807,西藏职业技术学院,,47,道路与桥梁工程技术,（办学地点：西藏职业技术学院北校区。）,,2,三年,2800.0
西藏,2025,专科批,理科,807,西藏职业技术学院,,51,汽车检测与维修技术,（办学地点：西藏职业技术学院北校区。）,,2,三年,2800.0
西藏,2025,专科批,文科,807,西藏职业技术学院,,14,林业技术,（办学地点：西藏职业技术学院西校区。免学费。免补专业。）,,2,三年,
西藏,2025,专科批,文科,807,西藏职业技术学院,,17,园林技术,（办学地点：西藏职业技术学院西校区。免学费。免补专业。）,,2,三年,
西藏,2025,专科批,文科,807,西藏职业技术学院,,20,草业技术,（办学地点：西藏职业技术学院西校区。免学费。免补专业。）,,2,三年,
西藏,2025,专科批,文科,807,西藏职业技术学院,,28,测绘地理信息技术,（联合培养）（办学地点：西藏职业技术学院北校区。）,,2,三年,2800.0
西藏,2025,专科批,文科,807,西藏职业技术学院,,30,发电厂及电力系统,（办学地点：西藏职业技术学院北校区。）,,2,三年,2800.0
西藏,2025,专科批,文科,807,西藏职业技术学院,,33,供用电技术,（办学地点：西藏职业技术学院北校区。）,,2,三年,2800.0
西藏,2025,专科批,文科,807,西藏职业技术学院,,39,建筑工程技术,（办学地点：西藏职业技术学院北校区。）,,2,三年,2800.0
西藏,2025,专科批,文科,807,西藏职业技术学院,,42,工程造价,（办学地点：西藏职业技术学院北校区。）,,2,三年,2800.0
西藏,2025,专科批,文科,807,西藏职业技术学院,,45,道路与桥梁工程技术,（办学地点：西藏职业技术学院北校区。）,,2,三年,2800.0
西藏,2025,专科批,文科,807,西藏职业技术学院,,48,汽车检测与维修技术,（办学地点：西藏职业技术学院北校区。）,,2,三年,2800.0
西藏,2025,专科批,理科,807,西藏职业技术学院,,63,大数据与会计,（办学地点：西藏职业技术学院西校区。）,,2,三年,2800.0
西藏,2025,专科批,理科,807,西藏职业技术学院,,66,市场营销,（办学地点：西藏职业技术学院西校区。）,,2,三年,2800.0
西藏,2025,专科批,理科,807,西藏职业技术学院,,69,电子商务,（办学地点：西藏职业技术学院西校区。）,,2,三年,2800.0
西藏,2025,专科批,理科,807,西藏职业技术学院,,71,现代物流管理,（办学地点：西藏职业技术学院西校区。）,,2,三年,2800.0
西藏,2025,专科批,理科,807,西藏职业技术学院,,6,园艺技术,（办学地点：西藏职业技术学院西校区。免学费。免补专业。）,,1,三年,
西藏,2025,专科批,理科,807,西藏职业技术学院,,27,畜牧兽医,（办学地点：西藏职业技术学院西校区。免学费。免补专业。）,,1,三年,
西藏,2025,专科批,理科,807,西藏职业技术学院,,54,计算机网络技术,（办学地点：西藏职业技术学院北校区。）,,1,三年,2800.0
西藏,2025,专科批,文科,807,西藏职业技术学院,,61,大数据与会计,（办学地点：西藏职业技术学院西校区。）,,2,三年,2800.0
西藏,2025,专科批,文科,807,西藏职业技术学院,,64,市场营销,（办学地点：西藏职业技术学院西校区。）,,2,三年,2800.0
西藏,2025,专科批,文科,807,西藏职业技术学院,,67,电子商务,（办学地点：西藏职业技术学院西校区。）,,2,三年,2800.0
西藏,2025,专科批,文科,807,西藏职业技术学院,,72,现代物流管理,（办学地点：西藏职业技术学院西校区。）,,2,三年,2800.0
西藏,2025,专科批,文科,807,西藏职业技术学院,,4,园艺技术,（办学地点：西藏职业技术学院西校区。免学费。免补专业。）,,1,三年,
西藏,2025,专科批,文科,807,西藏职业技术学院,,25,畜牧兽医,（办学地点：西藏职业技术学院西校区。免学费。免补专业。）,,1,三年,
西藏,2025,专科批,文科,807,西藏职业技术学院,,52,计算机网络技术,（办学地点：西藏职业技术学院北校区。）,,1,三年,2800.0
西藏,2025,本科二批,理科,804,西藏藏医药大学,,2,藏医学,（藏文单科成绩优秀。办学地点：西藏自治区拉萨市城关区。）,,100,五年,3300.0
西藏,2025,本科二批,理科,804,西藏藏医药大学,,5,藏药学,（藏文单科成绩优秀。办学地点：西藏自治区拉萨市城关区。）,,90,四年,3300.0
西藏,2025,本科二批,理科,804,西藏藏医药大学,,8,护理学,（藏文单科成绩优秀。办学地点：西藏自治区拉萨市城关区。）,,55,四年,3300.0
西藏,2025,本科二批,理科,804,西藏藏医药大学,,6,中药制药,（藏文单科成绩优秀。办学地点：西藏自治区拉萨市城关区。）,,20,四年,3300.0
西藏,2025,本科二批,理科,804,西藏藏医药大学,,9,市场营销,（办学地点：西藏自治区拉萨市城关区。）,,10,四年,3300.0
西藏,2025,本科二批,理科,804,西藏藏医药大学,,2,藏医学,（藏文单科成绩优秀。办学地点：西藏自治区拉萨市城关区。边境专项计划。）,,10,五年,3300.0
西藏,2025,地方专项计划本科批,理科,804,西藏藏医药大学,,2,藏医学,（藏文单科成绩优秀。办学地点：西藏自治区拉萨市城关区。）,,35,五年,3300.0
西藏,2025,本科二批,文科,804,西藏藏医药大学,,1,藏医学,（藏文单科成绩优秀。办学地点：西藏自治区拉萨市城关区。）,,32,五年,3300.0
西藏,2025,本科二批,文科,804,西藏藏医药大学,,7,护理学,（藏文单科成绩优秀。办学地点：西藏自治区拉萨市城关区。）,,18,四年,3300.0
西藏,2025,专科提前批,理科,805,西藏警官高等专科学校,,3,道路交通管理,（须参加面试、体检、体测、政治考察且合格，毕业后面向西藏公安机关就业，招男生。）,,7,三年,3360.0
西藏,2025,专科提前批,理科,805,西藏警官高等专科学校,,8,网络安全与执法,（须参加面试、体检、体测、政治考察且合格，毕业后面向西藏公安机关就业，招男生。）,,6,三年,2800.0
西藏,2025,专科提前批,理科,805,西藏警官高等专科学校,,14,经济犯罪侦查,（须参加面试、体检、体测、政治考察且合格，毕业后面向西藏公安机关就业，招男生。）,,6,三年,3360.0
西藏,2025,专科提前批,理科,805,西藏警官高等专科学校,,6,刑事科学技术,（须参加面试、体检、体测、政治考察且合格，毕业后面向西藏公安机关就业，招男生。）,,5,三年,3360.0
西藏,2025,专科提前批,理科,805,西藏警官高等专科学校,,7,刑事科学技术,（须参加面试、体检、体测、政治考察且合格，毕业后面向西藏公安机关就业，招女生。）,,2,三年,3360.0
西藏,2025,专科提前批,理科,805,西藏警官高等专科学校,,15,经济犯罪侦查,（须参加面试、体检、体测、政治考察且合格，毕业后面向西藏公安机关就业，招女生。）,,2,三年,3360.0
西藏,2025,专科提前批,理科,805,西藏警官高等专科学校,,4,道路交通管理,（须参加面试、体检、体测、政治考察且合格，毕业后面向西藏公安机关就业，招女生。）,,1,三年,3360.0
西藏,2025,专科提前批,理科,805,西藏警官高等专科学校,,9,网络安全与执法,（须参加面试、体检、体测、政治考察且合格，毕业后面向西藏公安机关就业，招女生。）,,1,三年,2800.0
西藏,2025,专科提前批,文科,805,西藏警官高等专科学校,,12,政治安全保卫,（须参加面试、体检、体测、政治考察且合格，毕业后面向西藏地方公安机关就业，招男生。）,,17,三年,3360.0
西藏,2025,专科提前批,文科,805,西藏警官高等专科学校,,5,特警,（须参加面试、体检、体测、政治考察且合格，毕业后面向西藏公安机关就业，招男生。）,,10,三年,3360.0
西藏,2025,专科提前批,文科,805,西藏警官高等专科学校,,10,刑事侦查,（须参加面试、体检、体测、政治考察且合格，毕业后面向西藏公安机关就业，招男生。）,,9,三年,3360.0
西藏,2025,专科提前批,文科,805,西藏警官高等专科学校,,1,治安管理,（须参加面试、体检、体测、政治考察且合格，毕业后面向西藏公安机关就业，招男生。）,,8,三年,3360.0
西藏,2025,专科提前批,文科,805,西藏警官高等专科学校,,13,政治安全保卫,（须参加面试、体检、体测、政治考察且合格，毕业后面向西藏公安机关就业，招女生。）,,3,三年,3360.0
西藏,2025,专科提前批,文科,805,西藏警官高等专科学校,,2,治安管理,（须参加面试、体检、体测、政治考察且合格，毕业后面向西藏公安机关就业，招女生。）,,2,三年,3360.0
西藏,2025,专科提前批,文科,805,西藏警官高等专科学校,,11,刑事侦查,（须参加面试、体检、体测、政治考察且合格，毕业后面向西藏公安机关就业，招女生。）,,1,三年,3360.0
西藏,2025,本科二批,理科,1052,贵州民族大学,,1,经济学,（办学地点：贵州民族大学。）,,2,四年,4100.0
西藏,2025,本科二批,文科,1052,贵州民族大学,,2,社会学,（办学地点：贵州民族大学。）,,2,四年,4100.0
西藏,2025,本科二批,文科,1052,贵州民族大学,,3,民族学,（办学地点：贵州民族大学。）,,2,四年,4100.0
西藏,2025,本科二批,文科,1052,贵州民族大学,,4,汉语言文学,（办学地点：贵州民族大学。）,,2,四年,4100.0
西藏,2025,专科批,理科,418,贵州航天职业技术学院,,4,工业互联网技术,（办学地点：主校区。）,,20,三年,3850.0
西藏,2025,专科批,理科,418,贵州航天职业技术学院,,1,建筑工程技术,（办学地点：主校区。）,,15,三年,3850.0
西藏,2025,专科批,理科,418,贵州航天职业技术学院,,2,新能源汽车技术,（办学地点：主校区。）,,10,三年,3850.0
西藏,2025,专科批,理科,418,贵州航天职业技术学院,,3,软件技术,（办学地点：主校区。）,,5,三年,3850.0
西藏,2025,专科批,文科,418,贵州航天职业技术学院,,6,电子商务,（办学地点：主校区。）,,20,三年,3850.0
西藏,2025,专科批,文科,418,贵州航天职业技术学院,,5,大数据与会计,（办学地点：主校区。）,,10,三年,3850.0
西藏,2025,本科二批,理科,531,辽东学院,,4,小学教育,（办学地点：金山校区。师范类。）,,7,四年,4400.0
西藏,2025,本科二批,理科,531,辽东学院,,8,计算机科学与技术,（办学地点：金山校区。）,,5,四年,4900.0
西藏,2025,本科二批,理科,531,辽东学院,,10,动物医学,（办学地点：金山校区。免补专业。）,,5,四年,4900.0
西藏,2025,本科二批,理科,531,辽东学院,,5,地理科学,（办学地点：金山校区。师范类。）,,4,四年,4900.0
西藏,2025,本科二批,理科,531,辽东学院,,6,生物科学,（办学地点：金山校区。师范类。）,,4,四年,4900.0
西藏,2025,本科二批,理科,531,辽东学院,,9,动物科学,（办学地点：金山校区。免补专业。）,,4,四年,4900.0
西藏,2025,本科二批,理科,531,辽东学院,,2,国际经济与贸易,（办学地点：临江校区。）,,2,四年,4900.0
西藏,2025,本科二批,理科,531,辽东学院,,7,电子信息工程,（办学地点：金山校区。）,,2,四年,4900.0
西藏,2025,本科二批,文科,531,辽东学院,,3,小学教育,（办学地点：金山校区。师范类。）,,7,四年,4400.0
西藏,2025,本科二批,文科,531,辽东学院,,1,国际经济与贸易,（办学地点：临江校区。）,,2,四年,4900.0
西藏,2025,本科二批,文科,531,辽东学院,,11,旅游管理,（办学地点：临江校区。）,,2,四年,4900.0
西藏,2025,本科二批,文科,,辽宁中医药大学杏林学院,,,中医学,（办学地点：辽宁中医药大学杏林学院。不招色盲、色弱、单色识别不全者。）,,2,五年,29000.0
西藏,2025,本科二批,文科,,辽宁中医药大学杏林学院,,,中西医临床医学,（办学地点：辽宁中医药大学杏林学院。不招色盲、色弱、单色识别不全者。）,,2,五年,29000.0
西藏,2025,本科二批,理科,,辽宁中医药大学杏林学院,,,中医学,（办学地点：辽宁中医药大学杏林学院。不招色盲、色弱、单色识别不全者。）,,2,五年,29000.0
西藏,2025,本科二批,理科,,辽宁中医药大学杏林学院,,,针灸推拿学,（办学地点：辽宁中医药大学杏林学院。不招色盲、色弱、单色识别不全者。）,,2,五年,29000.0
西藏,2025,本科二批,理科,,辽宁中医药大学杏林学院,,,中西医临床医学,（办学地点：辽宁中医药大学杏林学院。不招色盲、色弱、单色识别不全者。）,,2,五年,29000.0
西藏,2025,国家专项计划本科批,文科,66,辽宁大学,,5,行政管理,（办学地点：辽宁大学蒲河校区。）,,4,四年,5200.0
西藏,2025,本科一批,文科,66,辽宁大学,,1,法学,（办学地点：辽宁大学蒲河校区。）,,8,四年,5520.0
西藏,2025,本科一批,文科,66,辽宁大学,,3,工商管理类,（含工商管理、人力资源管理、市场营销专业。办学地点：辽宁大学蒲河校区。）,,8,四年,5980.0
西藏,2025,本科一批,文科,66,辽宁大学,,2,汉语言文学,（办学地点：辽宁大学蒲河校区。）,,6,四年,5520.0
西藏,2025,本科一批,文科,66,辽宁大学,,5,行政管理,（办学地点：辽宁大学蒲河校区。）,,4,四年,5200.0
西藏,2025,本科二批,理科,,辽宁对外经贸学院,,,国际经济与贸易,,,2,四年,30000.0
西藏,2025,本科二批,理科,,辽宁对外经贸学院,,,信息管理与信息系统,,,2,四年,30000.0
西藏,2025,本科二批,理科,,辽宁对外经贸学院,,,会计学,,,2,四年,30000.0
西藏,2025,本科二批,文科,,辽宁对外经贸学院,,,国际经济与贸易,,,3,四年,30000.0
西藏,2025,本科二批,文科,,辽宁对外经贸学院,,,会计学,,,2,四年,30000.0
西藏,2025,本科二批,理科,422,辽宁工业大学,,1,金融工程,,,3,四年,5200.0
西藏,2025,本科二批,文科,422,辽宁工业大学,,2,国际经济与贸易,,,5,四年,5200.0
西藏,2025,本科二批,文科,422,辽宁工业大学,,3,广告学,,,5,四年,4800.0
西藏,2025,本科二批,文科,422,辽宁工业大学,,4,传播学,,,5,四年,4800.0
西藏,2025,本科二批,文科,422,辽宁工业大学,,5,工商管理,,,4,四年,5200.0
西藏,2025,国家专项计划本科批,理科,72,辽宁工程技术大学,,5,材料成型及控制工程,（办学地点：阜新校区中华路校园。）,,3,四年,5200.0
西藏,2025,本科一批,文科,72,辽宁工程技术大学,,1,法学,（办学地点：阜新校区中华路校园。）,,8,四年,5200.0
西藏,2025,本科一批,文科,72,辽宁工程技术大学,,14,行政管理,（办学地点：阜新校区中华路校园。不能准确识别红、黄、绿、蓝、紫各种颜色中任何一种颜色的导线、按键、信号灯、几何图形的考生不能录取。）,,8,四年,5200.0
西藏,2025,本科一批,文科,72,辽宁工程技术大学,,11,工商管理,（办学地点：葫芦岛校区龙湾校园。不能准确识别红、黄、绿、蓝、紫各种颜色中任何一种颜色的导线、按键、信号灯、几何图形的考生不能录取。）,,5,四年,5200.0
西藏,2025,本科一批,文科,72,辽宁工程技术大学,,13,财务管理,（办学地点：阜新校区中华路校园。不能准确识别红、黄、绿、蓝、紫各种颜色中任何一种颜色的导线、按键、信号灯、几何图形的考生不能录取。）,,5,四年,5200.0
西藏,2025,本科一批,文科,72,辽宁工程技术大学,,3,地理信息科学,（办学地点：阜新校区玉龙校园。）,,4,四年,5200.0
西藏,2025,本科一批,文科,72,辽宁工程技术大学,,12,会计学,（办学地点：葫芦岛校区龙湾校园。不能准确识别红、黄、绿、蓝、紫各种颜色中任何一种颜色的导线、按键、信号灯、几何图形的考生不能录取。）,,3,四年,5700.0
西藏,2025,本科一批,理科,72,辽宁工程技术大学,,15,行政管理,（办学地点：阜新校区中华路校园。不能准确识别红、黄、绿、蓝、紫各种颜色中任何一种颜色的导线、按键、信号灯、几何图形的考生不能录取。）,,5,四年,5200.0
西藏,2025,本科一批,理科,72,辽宁工程技术大学,,9,环境工程,（办学地点：阜新校区中华路校园。免补专业。不招色弱。）,,4,四年,5200.0
西藏,2025,本科一批,理科,72,辽宁工程技术大学,,2,网络与新媒体,（办学地点：阜新校区玉龙校园。学费待定。）,,3,四年,
西藏,2025,本科一批,理科,72,辽宁工程技术大学,,8,土木工程,（办学地点：阜新校区玉龙校园。）,,3,四年,5700.0
西藏,2025,本科一批,理科,72,辽宁工程技术大学,,10,环境生态工程,（办学地点：阜新校区中华路校园。免补专业。）,,3,四年,5200.0
西藏,2025,本科一批,理科,72,辽宁工程技术大学,,4,机械设计制造及其自动化,（办学地点：阜新校区玉龙校园。）,,2,四年,5700.0
西藏,2025,本科一批,理科,72,辽宁工程技术大学,,6,无机非金属材料工程,（办学地点：阜新校区中华路校园。不招色盲。）,,2,四年,5200.0
西藏,2025,本科一批,理科,72,辽宁工程技术大学,,7,计算机科学与技术,（办学地点：葫芦岛校区龙湾校园。不能准确在显示器上识别红、黄、绿、蓝、紫各颜色中任何一种颜色的数码、字母的考生不能录取。）,,2,四年,5700.0
西藏,2025,本科二批,文科,80,辽宁师范大学,,3,汉语言文学,（办学地点：辽宁师范大学西山湖校区。师范类。）,,5,四年,4800.0
西藏,2025,本科二批,文科,80,辽宁师范大学,,5,历史学,（办学地点：辽宁师范大学西山湖校区。师范类。）,,4,四年,4800.0
西藏,2025,本科二批,文科,80,辽宁师范大学,,4,新闻学,（办学地点：辽宁师范大学西山湖校区。）,,3,四年,4800.0
西藏,2025,本科二批,文科,80,辽宁师范大学,,13,行政管理,（办学地点：辽宁师范大学西山湖校区。）,,3,四年,5200.0
西藏,2025,本科二批,文科,80,辽宁师范大学,,16,旅游管理,（办学地点：辽宁师范大学西山湖校区。）,,3,四年,5200.0
西藏,2025,本科二批,文科,80,辽宁师范大学,,1,法学,（办学地点：辽宁师范大学西山湖校区。）,,2,四年,4800.0
西藏,2025,本科二批,文科,80,辽宁师范大学,,2,政治学与行政学,（办学地点：辽宁师范大学西山湖校区。）,,2,四年,4800.0
西藏,2025,本科二批,文科,80,辽宁师范大学,,11,公共事业管理,（办学地点：辽宁师范大学西山湖校区。）,,2,四年,5200.0
西藏,2025,本科二批,理科,80,辽宁师范大学,,6,人文地理与城乡规划,（办学地点：辽宁师范大学黄河路校区。）,,4,四年,5200.0
西藏,2025,本科二批,理科,80,辽宁师范大学,,7,生物科学,（办学地点：辽宁师范大学西山湖校区。师范类。）,,3,四年,5200.0
西藏,2025,本科二批,理科,80,辽宁师范大学,,8,心理学,（办学地点：辽宁师范大学黄河路校区。师范类。）,,3,四年,5200.0
西藏,2025,本科二批,理科,80,辽宁师范大学,,9,应用心理学,（办学地点：辽宁师范大学黄河路校区。师范类。）,,3,四年,5200.0
西藏,2025,本科二批,理科,80,辽宁师范大学,,12,行政管理,（办学地点：辽宁师范大学西山湖校区。）,,3,四年,5200.0
西藏,2025,本科二批,理科,80,辽宁师范大学,,14,图书馆学,（办学地点：辽宁师范大学西山湖校区。）,,3,四年,5200.0
西藏,2025,本科二批,理科,80,辽宁师范大学,,10,信息管理与信息系统,（办学地点：辽宁师范大学西山湖校区。）,,2,四年,5200.0
西藏,2025,本科二批,理科,80,辽宁师范大学,,15,旅游管理,（办学地点：辽宁师范大学西山湖校区。）,,2,四年,5200.0
西藏,2025,本科二批,理科,,辽宁理工职业大学,,,软件工程技术,（办学地点：北校区。）,,5,四年,27000.0
西藏,2025,本科二批,理科,73,辽宁石油化工大学,,1,应用化学,（办学地点：辽宁省抚顺市。）,,4,四年,5200.0
西藏,2025,本科二批,理科,73,辽宁石油化工大学,,3,能源与动力工程,（办学地点：辽宁省抚顺市。）,,4,四年,5200.0
西藏,2025,本科二批,理科,73,辽宁石油化工大学,,9,能源化学工程,（办学地点：辽宁省抚顺市。）,,4,四年,5200.0
西藏,2025,本科二批,理科,73,辽宁石油化工大学,,2,机械设计制造及其自动化,（办学地点：辽宁省抚顺市。）,,3,四年,5200.0
西藏,2025,本科二批,理科,73,辽宁石油化工大学,,6,自动化,（办学地点：辽宁省抚顺市。）,,3,四年,5200.0
西藏,2025,本科二批,理科,73,辽宁石油化工大学,,7,计算机科学与技术,（办学地点：辽宁省抚顺市。）,,3,四年,5200.0
西藏,2025,本科二批,理科,73,辽宁石油化工大学,,11,环境工程,（办学地点：辽宁省抚顺市。免补专业。）,,3,四年,5200.0
西藏,2025,本科二批,理科,73,辽宁石油化工大学,,4,电气工程及其自动化,（办学地点：辽宁省抚顺市。）,,2,四年,5200.0
西藏,2025,本科二批,理科,73,辽宁石油化工大学,,5,通信工程,（办学地点：辽宁省抚顺市。）,,2,四年,5200.0
西藏,2025,本科二批,理科,73,辽宁石油化工大学,,8,软件工程,（办学地点：辽宁省抚顺市。）,,2,四年,5200.0
西藏,2025,本科二批,理科,73,辽宁石油化工大学,,10,油气储运工程,（办学地点：辽宁省抚顺市。免补专业。）,,2,四年,5200.0
西藏,2025,本科二批,理科,71,辽宁科技大学,,1,金融科技,,,4,四年,5200.0
西藏,2025,本科二批,理科,71,辽宁科技大学,,5,工商管理,,,3,四年,5200.0
西藏,2025,本科二批,理科,71,辽宁科技大学,,7,市场营销,,,3,四年,5200.0
西藏,2025,本科二批,理科,71,辽宁科技大学,,10,财务管理,,,2,四年,5200.0
西藏,2025,本科二批,理科,71,辽宁科技大学,,3,国际经济与贸易,,,1,四年,5200.0
西藏,2025,本科二批,理科,71,辽宁科技大学,,8,会计学,,,1,四年,5200.0
西藏,2025,本科二批,文科,71,辽宁科技大学,,2,国际经济与贸易,,,2,四年,5200.0
西藏,2025,本科二批,文科,71,辽宁科技大学,,4,工商管理,,,2,四年,5200.0
西藏,2025,本科二批,文科,71,辽宁科技大学,,6,市场营销,,,2,四年,5200.0
西藏,2025,本科二批,文科,71,辽宁科技大学,,9,财务管理,,,2,四年,5200.0
西藏,2025,本科二批,理科,622,辽宁科技学院,,1,数字经济,（不能准确识别红、黄、绿、蓝、紫各种颜色中任何一种颜色的导线、按键、信号灯、几何图形者不能录取。）,,2,四年,4900.0
西藏,2025,本科二批,理科,622,辽宁科技学院,,4,机械设计制造及其自动化,,,2,四年,4900.0
西藏,2025,本科二批,理科,622,辽宁科技学院,,5,材料成型及控制工程,,,2,四年,4900.0
西藏,2025,本科二批,理科,622,辽宁科技学院,,6,测控技术与仪器,,,2,四年,4900.0
西藏,2025,本科二批,理科,622,辽宁科技学院,,7,冶金工程,（不招色盲。）,,2,四年,4900.0
西藏,2025,本科二批,理科,622,辽宁科技学院,,8,通信工程,,,2,四年,4900.0
西藏,2025,本科二批,理科,622,辽宁科技学院,,9,自动化,,,2,四年,4900.0
西藏,2025,本科二批,理科,622,辽宁科技学院,,10,机器人工程,,,2,四年,4900.0
西藏,2025,本科二批,理科,622,辽宁科技学院,,11,计算机科学与技术,（不能准确在显示器上识别红、黄、绿、蓝、紫各颜色中任何一种颜色的数码、字母者不能录取。）,,2,四年,4900.0
西藏,2025,本科二批,理科,622,辽宁科技学院,,12,数据科学与大数据技术,（不能准确在显示器上识别红、黄、绿、蓝、紫各颜色中任何一种颜色的数码、字母者不能录取。）,,2,四年,4900.0
西藏,2025,本科二批,文科,622,辽宁科技学院,,2,小学教育,（师范类。）,,2,四年,4400.0
西藏,2025,本科二批,文科,622,辽宁科技学院,,3,广告学,,,2,四年,4400.0
西藏,2025,本科二批,文科,622,辽宁科技学院,,14,会计学,（不能准确识别红、黄、绿、蓝、紫各种颜色中任何一种颜色的导线、按键、信号灯、几何图形者不能录取。）,,2,四年,4900.0
西藏,2025,本科二批,文科,622,辽宁科技学院,,15,档案学,（不能准确识别红、黄、绿、蓝、紫各种颜色中任何一种颜色的导线、按键、信号灯、几何图形者不能录取。）,,2,四年,4900.0
西藏,2025,本科二批,文科,622,辽宁科技学院,,16,旅游管理,,,2,四年,4900.0
西藏,2025,本科二批,理科,622,辽宁科技学院,,13,道路桥梁与渡河工程,,,2,四年,4900.0
西藏,2025,专科批,理科,301,辽源职业技术学院,,4,应急救援技术,（办学地点：辽源职业技术学院。）,,7,三年,4500.0
西藏,2025,专科批,理科,301,辽源职业技术学院,,1,工程测量技术,（办学地点：辽源职业技术学院。）,,3,三年,4500.0
西藏,2025,专科批,理科,301,辽源职业技术学院,,3,安全技术与管理,（办学地点：辽源职业技术学院。）,,3,三年,3500.0
西藏,2025,专科批,理科,301,辽源职业技术学院,,5,建筑工程技术,（办学地点：辽源职业技术学院。）,,3,三年,4500.0
西藏,2025,专科批,理科,301,辽源职业技术学院,,6,地下与隧道工程技术,（办学地点：辽源职业技术学院。）,,3,三年,3700.0
西藏,2025,专科批,理科,301,辽源职业技术学院,,7,工程造价,（办学地点：辽源职业技术学院。）,,3,三年,3700.0
西藏,2025,专科批,理科,301,辽源职业技术学院,,8,导游,（办学地点：辽源职业技术学院。）,,3,三年,3500.0
西藏,2025,专科批,理科,301,辽源职业技术学院,,9,环境艺术设计,（不招色盲及单色识别不全考生。办学地点：辽源职业技术学院。）,,3,三年,5100.0
西藏,2025,专科批,理科,301,辽源职业技术学院,,2,测绘地理信息技术,（办学地点：辽源职业技术学院。）,,2,三年,3500.0
西藏,2025,专科批,理科,339,辽阳职业技术学院,,1,学前教育,（师范类。）,,101,三年,4600.0
西藏,2025,专科批,理科,339,辽阳职业技术学院,,3,小学教育,（师范类。）,,60,三年,4600.0
西藏,2025,专科批,文科,339,辽阳职业技术学院,,2,学前教育,（师范类。）,,101,三年,4600.0
西藏,2025,专科批,文科,339,辽阳职业技术学院,,4,小学教育,（师范类。）,,60,三年,4600.0
西藏,2025,专科批,理科,909,达州中医药职业学院,,2,护理,,,10,三年,5800.0
西藏,2025,专科批,文科,909,达州中医药职业学院,,1,护理,,,10,三年,5800.0
西藏,2025,专科批,理科,1191,运城护理职业学院,,2,老年保健与管理,,,3,三年,4000.0
西藏,2025,专科批,理科,1191,运城护理职业学院,,1,婴幼儿托育服务与管理,,,2,三年,4000.0
西藏,2025,专科批,理科,323,连云港职业技术学院,,2,园林技术,（免补专业。）,,10,三年,2200.0
西藏,2025,专科批,理科,323,连云港职业技术学院,,7,机电一体化技术,,,10,三年,5300.0
西藏,2025,专科批,理科,323,连云港职业技术学院,,8,工业机器人技术,,,10,三年,5300.0
西藏,2025,专科批,理科,323,连云港职业技术学院,,9,电气自动化技术,,,10,三年,5300.0
西藏,2025,专科批,理科,323,连云港职业技术学院,,17,计算机应用技术,,,10,三年,5300.0
西藏,2025,专科批,理科,323,连云港职业技术学院,,19,大数据技术,,,10,三年,5300.0
西藏,2025,专科批,理科,323,连云港职业技术学院,,4,建筑室内设计,,,5,三年,5300.0
西藏,2025,专科批,理科,323,连云港职业技术学院,,6,建筑工程技术,,,5,三年,5300.0
西藏,2025,专科批,理科,323,连云港职业技术学院,,11,药品生产技术,,,5,三年,5300.0
西藏,2025,专科批,理科,323,连云港职业技术学院,,13,药品质量与安全,,,5,三年,5300.0
西藏,2025,专科批,文科,323,连云港职业技术学院,,1,园林技术,（免补专业。）,,10,三年,2200.0
西藏,2025,专科批,文科,323,连云港职业技术学院,,24,酒店管理与数字化运营,,,7,三年,4700.0
西藏,2025,专科批,文科,323,连云港职业技术学院,,3,建筑室内设计,,,5,三年,5300.0
西藏,2025,专科批,文科,323,连云港职业技术学院,,5,建筑工程技术,,,5,三年,5300.0
西藏,2025,专科批,文科,323,连云港职业技术学院,,10,药品生产技术,,,5,三年,5300.0
西藏,2025,专科批,文科,323,连云港职业技术学院,,12,药品质量与安全,,,5,三年,5300.0
西藏,2025,专科批,文科,323,连云港职业技术学院,,14,物联网应用技术,,,5,三年,5300.0
西藏,2025,专科批,文科,323,连云港职业技术学院,,16,计算机应用技术,,,5,三年,5300.0
西藏,2025,专科批,文科,323,连云港职业技术学院,,18,大数据技术,,,5,三年,5300.0
西藏,2025,专科批,文科,323,连云港职业技术学院,,20,大数据与会计,,,5,三年,4700.0
西藏,2025,专科批,理科,323,连云港职业技术学院,,15,物联网应用技术,,,5,三年,5300.0
西藏,2025,专科批,理科,323,连云港职业技术学院,,21,大数据与会计,,,5,三年,4700.0
西藏,2025,专科批,理科,323,连云港职业技术学院,,23,市场营销,,,5,三年,4700.0
西藏,2025,专科批,理科,323,连云港职业技术学院,,25,酒店管理与数字化运营,,,5,三年,4700.0
西藏,2025,专科批,文科,323,连云港职业技术学院,,22,市场营销,,,5,三年,4700.0
西藏,2025,专科批,理科,811,通化医药健康职业学院,,2,动物医学,（办学地点：主校区。免补专业。）,,3,三年,4500.0
西藏,2025,专科批,理科,811,通化医药健康职业学院,,6,中药学,（办学地点：主校区。）,,3,三年,4500.0
西藏,2025,专科批,理科,811,通化医药健康职业学院,,4,助产,（办学地点：主校区。）,,2,三年,4300.0
西藏,2025,专科批,理科,811,通化医药健康职业学院,,8,中医养生保健,（办学地点：主校区。）,,2,三年,4300.0
西藏,2025,专科批,理科,811,通化医药健康职业学院,,12,婴幼儿托育服务与管理,（办学地点：现代农业产业学院。）,,2,三年,4300.0
西藏,2025,专科批,理科,811,通化医药健康职业学院,,10,健康管理,（办学地点：主校区。）,,1,三年,4300.0
西藏,2025,专科批,文科,811,通化医药健康职业学院,,1,动物医学,（办学地点：主校区。免补专业。）,,3,三年,4500.0
西藏,2025,专科批,文科,811,通化医药健康职业学院,,5,中药学,（办学地点：主校区。）,,3,三年,4500.0
西藏,2025,专科批,文科,811,通化医药健康职业学院,,3,助产,（办学地点：主校区。）,,2,三年,4300.0
西藏,2025,专科批,文科,811,通化医药健康职业学院,,7,中医养生保健,（办学地点：主校区。）,,2,三年,4300.0
西藏,2025,专科批,文科,811,通化医药健康职业学院,,9,健康管理,（办学地点：主校区。）,,1,三年,4300.0
西藏,2025,专科批,文科,811,通化医药健康职业学院,,11,婴幼儿托育服务与管理,（办学地点：现代农业产业学院。）,,1,三年,4300.0
西藏,2025,提前批艺体类本科,理科,96,通化师范学院,,,体育教育,（办学地点：通化师范学院通化育才校区。认可区内体育统考成绩。师范类。）,,4,四年,5000.0
西藏,2025,本科二批,文科,96,通化师范学院,,7,财务管理,（办学地点：通化师范学院通化育才校区。）,,5,四年,4800.0
西藏,2025,本科二批,文科,96,通化师范学院,,2,思想政治教育,（办学地点：通化师范学院通化育才校区。师范类。）,,4,四年,5280.0
西藏,2025,本科二批,文科,96,通化师范学院,,6,历史学,（办学地点：通化师范学院通化育才校区。师范类。）,,4,四年,5060.0
西藏,2025,本科二批,文科,96,通化师范学院,,5,汉语言文学,（办学地点：通化师范学院通化育才校区。师范类。）,,3,四年,5060.0
西藏,2025,本科二批,文科,96,通化师范学院,,8,旅游管理,（办学地点：通化师范学院通化育才校区。）,,3,四年,4800.0
西藏,2025,本科二批,文科,96,通化师范学院,,1,法学,（办学地点：通化师范学院通化育才校区。）,,2,四年,4800.0
西藏,2025,本科二批,文科,96,通化师范学院,,3,小学教育,（办学地点：通化师范学院通化育才校区。师范类。）,,2,四年,4800.0
西藏,2025,提前批艺体类本科,文科,96,通化师范学院,,,音乐学,（音乐）（办学地点：通化师范学院通化育才校区。师范类。认可区内音乐类专业统考成绩。）,,5,四年,6200.0
西藏,2025,提前批艺体类本科,文科,96,通化师范学院,,,美术学,（美术）（办学地点：通化师范学院通化育才校区。师范类。认可区内美术与设计类专业统考成绩。）,,4,四年,5400.0
西藏,2025,本科二批,文科,1050,遵义师范学院,,1,思想政治教育,（师范类。）,,3,四年,4100.0
西藏,2025,本科二批,文科,1050,遵义师范学院,,2,汉语言文学,（师范类。）,,3,四年,4100.0
西藏,2025,专科批,理科,654,遵义职业技术学院,,2,电子商务,,,4,三年,3850.0
西藏,2025,专科批,理科,654,遵义职业技术学院,,1,畜牧兽医,（免补专业。）,,3,三年,3850.0
西藏,2025,专科批,理科,654,遵义职业技术学院,,3,旅游管理,,,3,三年,3850.0
西藏,2025,本科二批,理科,296,邵阳学院,,1,临床医学,（收费标准暂定，以正式批复的为准。办学地点：七里坪校区。）,,2,五年,7500.0
西藏,2025,专科批,理科,439,邵阳职业技术学院,,3,动物医学,（办学地点：邵阳职业技术学院。免补专业。）,,20,三年,3000.0
西藏,2025,专科批,理科,439,邵阳职业技术学院,,6,汽车检测与维修技术,（办学地点：邵阳职业技术学院。）,,20,三年,5060.0
西藏,2025,专科批,理科,439,邵阳职业技术学院,,10,电子商务,（办学地点：邵阳职业技术学院。）,,20,三年,3850.0
西藏,2025,专科批,理科,439,邵阳职业技术学院,,13,旅游管理,（办学地点：邵阳职业技术学院。）,,20,三年,4600.0
西藏,2025,专科批,文科,439,邵阳职业技术学院,,2,动物医学,（办学地点：邵阳职业技术学院。免补专业。）,,20,三年,3000.0
西藏,2025,专科批,文科,439,邵阳职业技术学院,,4,汽车检测与维修技术,（办学地点：邵阳职业技术学院。）,,20,三年,5060.0
西藏,2025,专科批,文科,439,邵阳职业技术学院,,12,电子商务,（办学地点：邵阳职业技术学院。）,,20,三年,3850.0
西藏,2025,专科批,文科,439,邵阳职业技术学院,,15,旅游管理,（办学地点：邵阳职业技术学院。）,,20,三年,4600.0
西藏,2025,本科一批,理科,194,郑州大学,,6,工程管理,（智慧城市运营）（不招收单色识别不全考生。办学地点：主校区。）,,3,四年,4400.0
西藏,2025,本科一批,理科,194,郑州大学,,2,法学,（办学地点：主校区。）,,2,四年,4400.0
西藏,2025,本科一批,文科,194,郑州大学,,5,中国语言文学类,（含汉语言文学、汉语国际教育专业。办学地点：主校区。）,,4,四年,4400.0
西藏,2025,本科一批,文科,194,郑州大学,,1,哲学,（办学地点：主校区。）,,3,四年,4400.0
西藏,2025,本科一批,文科,194,郑州大学,,3,马克思主义理论类,（含马克思主义理论、思想政治教育专业。办学地点：主校区。）,,2,四年,4400.0
西藏,2025,本科二批,理科,,郑州工业应用技术学院,,,药学,,,3,四年,17000.0
西藏,2025,本科二批,理科,,郑州工业应用技术学院,,,学前教育,,,2,四年,15000.0
西藏,2025,本科二批,文科,,郑州工业应用技术学院,,,学前教育,,,3,四年,15000.0
西藏,2025,本科二批,理科,405,郑州师范学院,,2,数学与应用数学,（师范类。）,,3,四年,5000.0
西藏,2025,本科二批,文科,405,郑州师范学院,,1,社会工作,,,3,四年,4400.0
西藏,2025,专科批,文科,591,郑州旅游职业学院,,1,旅游管理,（办学地点：象湖校区。）,,3,三年,3700.0
西藏,2025,专科批,文科,591,郑州旅游职业学院,,3,酒店管理与数字化运营,（办学地点：象湖校区。）,,2,三年,3700.0
西藏,2025,专科批,理科,641,郑州电力高等专科学校,,1,发电厂及电力系统,（不招色弱、色盲。）,,5,三年,4600.0
西藏,2025,专科批,理科,641,郑州电力高等专科学校,,2,风力发电工程技术,（不招色弱、色盲。）,,5,三年,4200.0
西藏,2025,本科二批,理科,542,郑州航空工业管理学院,,1,大数据管理与应用,（办学地点：龙子湖校区。）,,2,四年,4400.0
西藏,2025,本科二批,文科,542,郑州航空工业管理学院,,2,行政管理,（办学地点：龙子湖校区。）,,3,四年,4400.0
西藏,2025,提前录取本科二批,理科,562,郑州警察学院,,6,网络安全与执法,（招男生，须参加政治考察、面试、体检和体能测试且合格，面向地方公安机关就业。）,,4,四年,5000.0
西藏,2025,提前录取本科二批,理科,562,郑州警察学院,,3,治安学,（招男生，须参加政治考察、面试、体检和体能测试且合格，面向地方公安机关就业。）,,3,四年,4400.0
西藏,2025,提前录取本科二批,理科,562,郑州警察学院,,5,刑事科学技术,（招男生，须参加政治考察、面试、体检和体能测试且合格，面向地方公安机关就业。）,,3,四年,5000.0
西藏,2025,提前录取本科二批,理科,562,郑州警察学院,,4,刑事科学技术,（招女生，须参加政治考察、面试、体检和体能测试且合格，面向地方公安机关就业。）,,1,四年,5000.0
西藏,2025,提前录取本科二批,文科,562,郑州警察学院,,2,治安学,（招男生，须参加政治考察、面试、体检和体能测试且合格，面向地方公安机关就业。）,,2,四年,4400.0
西藏,2025,提前录取本科二批,文科,562,郑州警察学院,,1,治安学,（招女生，须参加政治考察、面试、体检和体能测试且合格，面向地方公安机关就业。）,,1,四年,4400.0
西藏,2025,本科一批,文科,1029,郑州轻工业大学,,3,物流管理,（办学地点：科学校区。）,,4,四年,4400.0
西藏,2025,本科一批,文科,1029,郑州轻工业大学,,1,法学,（办学地点：科学校区。）,,3,四年,4400.0
西藏,2025,本科一批,文科,1029,郑州轻工业大学,,2,财务管理,（办学地点：科学校区。）,,3,四年,4400.0
西藏,2025,本科一批,文科,1029,郑州轻工业大学,,4,电子商务,（办学地点：科学校区。）,,3,四年,4400.0
西藏,2025,专科批,理科,1112,酒泉职业技术大学,,11,学前教育,（办学地点：酒泉职业技术大学。）,,7,三年,4500.0
西藏,2025,专科批,理科,1112,酒泉职业技术大学,,6,水利工程,（办学地点：酒泉职业技术大学。免补专业。）,,6,三年,4500.0
西藏,2025,专科批,理科,1112,酒泉职业技术大学,,9,水利水电建筑工程,（办学地点：酒泉职业技术大学。免补专业。）,,6,三年,4500.0
西藏,2025,专科批,理科,1112,酒泉职业技术大学,,1,种子生产与经营,（办学地点：酒泉职业技术大学。免补专业。）,,5,三年,4500.0
西藏,2025,专科批,理科,1112,酒泉职业技术大学,,7,水利水电工程智能管理,（办学地点：酒泉职业技术大学。免补专业。）,,5,三年,4500.0
西藏,2025,专科批,理科,1112,酒泉职业技术大学,,3,现代农业技术,（办学地点：酒泉职业技术大学。免补专业。）,,1,三年,4500.0
西藏,2025,专科批,理科,1112,酒泉职业技术大学,,5,畜牧兽医,（办学地点：酒泉职业技术大学。免补专业。）,,1,三年,4500.0
西藏,2025,专科批,文科,1112,酒泉职业技术大学,,10,学前教育,（办学地点：酒泉职业技术大学。）,,7,三年,4500.0
西藏,2025,专科批,文科,1112,酒泉职业技术大学,,2,种子生产与经营,（办学地点：酒泉职业技术大学。免补专业。）,,5,三年,4500.0
西藏,2025,专科批,文科,1112,酒泉职业技术大学,,8,水利水电工程智能管理,（办学地点：酒泉职业技术大学。免补专业。）,,5,三年,4500.0
西藏,2025,专科批,文科,1112,酒泉职业技术大学,,4,畜牧兽医,（办学地点：酒泉职业技术大学。免补专业。）,,2,三年,4500.0
西藏,2025,专科批,理科,772,重庆三峡医药高等专科学校,,1,临床医学,,,6,三年,8125.0
西藏,2025,专科批,理科,772,重庆三峡医药高等专科学校,,2,口腔医学,,,2,三年,8125.0
西藏,2025,专科批,理科,772,重庆三峡医药高等专科学校,,3,预防医学,,,2,三年,8125.0
西藏,2025,本科二批,文科,250,重庆三峡学院,,2,经济学,（办学地点：沙龙校区。）,,2,四年,5600.0
西藏,2025,本科二批,文科,250,重庆三峡学院,,3,民族学,（办学地点：百安校区。）,,2,四年,5600.0
西藏,2025,本科二批,文科,250,重庆三峡学院,,5,网络与新媒体,（办学地点：沙龙校区。）,,2,四年,5600.0
西藏,2025,本科二批,文科,250,重庆三峡学院,,6,市场营销,（办学地点：沙龙校区。）,,2,四年,5600.0
西藏,2025,本科二批,理科,250,重庆三峡学院,,1,经济学,（办学地点：沙龙校区。）,,2,四年,5600.0
西藏,2025,本科二批,理科,250,重庆三峡学院,,4,网络与新媒体,（办学地点：沙龙校区。）,,2,四年,5600.0
西藏,2025,本科二批,理科,250,重庆三峡学院,,7,市场营销,（办学地点：沙龙校区。）,,2,四年,5600.0
西藏,2025,本科一批,理科,233,重庆交通大学,,1,机械设计制造及其自动化,（办学地点：科学城校区。）,,3,四年,5580.0
西藏,2025,本科一批,理科,233,重庆交通大学,,2,电气工程及其自动化,（办学地点：科学城校区。）,,3,四年,5580.0
西藏,2025,本科一批,理科,233,重庆交通大学,,3,通信工程,（办学地点：科学城校区。）,,3,四年,5560.0
西藏,2025,本科一批,理科,233,重庆交通大学,,4,计算机科学与技术,（办学地点：科学城校区。）,,3,四年,5560.0
西藏,2025,本科一批,理科,233,重庆交通大学,,5,土木工程,（办学地点：大一大二科学城校区、后续学年南岸校区。）,,3,四年,6130.0
西藏,2025,本科一批,理科,233,重庆交通大学,,6,水利水电工程,（办学地点：大一大二科学城校区、后续学年南岸校区。免补专业。）,,3,四年,5580.0
西藏,2025,本科一批,理科,233,重庆交通大学,,7,地理空间信息工程,（办学地点：科学城校区。）,,3,四年,6250.0
西藏,2025,本科一批,理科,233,重庆交通大学,,8,交通运输类,（含交通运输、交通工程、交通设备与控制工程专业。办学地点：大一大二科学城校区、后续学年南岸校区。）,,3,四年,5560.0
西藏,2025,本科一批,文科,233,重庆交通大学,,9,建筑学,（办学地点：南岸校区。）,,3,五年,6600.0
西藏,2025,本科一批,文科,233,重庆交通大学,,10,工商管理类,（含工商管理、会计学、市场营销专业。办学地点：大一大二科学城校区、后续学年南岸校区。）,,3,四年,5580.0
西藏,2025,专科批,理科,777,重庆化工职业学院,,1,环境监测技术,（办学地点：主校区。免补专业。）,,5,三年,6000.0
西藏,2025,专科批,理科,777,重庆化工职业学院,,2,环境工程技术,（办学地点：主校区。免补专业。）,,5,三年,6000.0
西藏,2025,专科批,理科,777,重庆化工职业学院,,3,药品生产技术,（办学地点：主校区。）,,5,三年,6000.0
西藏,2025,专科批,理科,777,重庆化工职业学院,,4,药品质量与安全,（办学地点：主校区。）,,5,三年,6000.0
西藏,2025,专科批,理科,777,重庆化工职业学院,,5,制药设备应用技术,（办学地点：主校区。）,,5,三年,6000.0
西藏,2025,本科一批,理科,239,重庆医科大学,,5,药学,（办学地点：缙云校区。）,,2,四年,6250.0
西藏,2025,本科一批,理科,239,重庆医科大学,,1,临床医学,（办学地点：缙云校区。）,,1,五年,6250.0
西藏,2025,本科一批,理科,239,重庆医科大学,,2,精神医学,（办学地点：缙云校区。）,,1,五年,6250.0
西藏,2025,本科一批,理科,239,重庆医科大学,,3,预防医学,（办学地点：缙云校区。）,,1,五年,6250.0
西藏,2025,本科一批,理科,239,重庆医科大学,,4,中西医临床医学,（办学地点：缙云校区。）,,1,五年,6250.0
西藏,2025,本科一批,理科,239,重庆医科大学,,6,医学检验技术,（办学地点：缙云校区。）,,1,四年,6250.0
西藏,2025,本科一批,理科,239,重庆医科大学,,7,卫生检验与检疫,（办学地点：缙云校区。）,,1,四年,6250.0
西藏,2025,本科一批,理科,239,重庆医科大学,,8,护理学,（办学地点：缙云校区。）,,1,四年,6250.0
西藏,2025,专科批,理科,474,重庆城市管理职业学院,,2,民政服务与管理,（办学地点：大一年级荣昌校区，后续年级大学城校区。）,,1,三年,6200.0
西藏,2025,专科批,文科,474,重庆城市管理职业学院,,1,民政服务与管理,（办学地点：大一年级荣昌校区，后续年级大学城校区。）,,1,三年,6200.0
西藏,2025,国家专项计划本科批,理科,228,重庆大学,,4,化学,（不招色盲。办学地点：虎溪校区。）,,1,四年,5625.0
西藏,2025,国家专项计划本科批,理科,228,重庆大学,,6,光电信息科学与工程,（办学地点：虎溪校区。）,,1,四年,5625.0
西藏,2025,国家专项计划本科批,理科,228,重庆大学,,7,土木工程,（办学地点：虎溪校区。）,,1,四年,6250.0
西藏,2025,国家专项计划本科批,理科,228,重庆大学,,8,城市地下空间工程,（办学地点：虎溪校区。）,,1,四年,6250.0
西藏,2025,本科一批,理科,228,重庆大学,,3,工科试验班,（经济管理类）（第二学期分流，按照学生意愿在试验班内任选专业含金融学、工程管理、经济学、会计学、工程造价、财务管理、工商管理、能源经济、信息管理与信息系统、房地产开发与管理、行政管理、城市管理、市场营销专业。办学地点：沙坪坝校区。）,,6,四年,5625.0
西藏,2025,本科一批,理科,228,重庆大学,,2,工科试验班,（智慧能源与先进材料）（第二学期末分流，按照绩点结合学生意愿在试验班内确定专业含能源与动力工程、材料科学与工程、碳储科学与工程（免补专业）、新能源科学与工程、储能科学与工程、建筑环境与能源应用工程、材料成型及控制工程、核工程与核技术专业。办学地点：虎溪校区。）,,5,四年,5625.0
西藏,2025,本科一批,理科,228,重庆大学,,5,电气工程及其自动化,（办学地点：沙坪坝校区。）,,2,四年,5625.0
西藏,2025,本科一批,理科,228,重庆大学,,,边防军人子女预科,（预科培养合格后，依据学生学业成绩及升本专业志愿，升入电气工程及其自动化、工科试验班（计算机与智能软件）、工科试验班（未来信息） 、工科试验班（高端装备与智能制造）、工科试验班（智慧能源与先进材料）内的相关专业进行培养。招边防军人子女。未完成计划不开展征集志愿。）,,2,一年,3700.0
西藏,2025,本科一批,文科,228,重庆大学,,1,人文科学试验班,（法学新闻类）（第一学期末分流，按照绩点结合学生意愿在试验班内确定专业含法学、新闻学专业。办学地点：沙坪坝校区。）,,4,四年,5625.0
西藏,2025,本科一批,理科,390,重庆工商大学,,5,会计学,（不招单色识别不全者。办学地点：南岸校区。）,,3,四年,5600.0
西藏,2025,本科一批,理科,390,重庆工商大学,,2,金融学类,（含金融学、保险学、投资学专业。办学地点：南岸校区。）,,2,四年,4500.0
西藏,2025,本科一批,文科,390,重庆工商大学,,6,财务管理,（不招单色识别不全者。办学地点：南岸校区。）,,3,四年,5600.0
西藏,2025,本科一批,文科,390,重庆工商大学,,1,财政学,（办学地点：南岸校区。）,,2,四年,4500.0
西藏,2025,专科批,理科,618,重庆工商职业学院,,3,建筑工程技术,,,3,三年,6800.0
西藏,2025,专科批,理科,618,重庆工商职业学院,,4,市政工程技术,,,2,三年,6250.0
西藏,2025,专科批,文科,618,重庆工商职业学院,,1,建筑设计,,,2,三年,6250.0
西藏,2025,专科批,文科,618,重庆工商职业学院,,2,建筑室内设计,,,2,三年,6800.0
西藏,2025,专科批,文科,618,重庆工商职业学院,,5,智能光电技术应用,,,1,三年,6800.0
西藏,2025,专科批,理科,,重庆建筑科技职业学院,,,建筑工程技术,（办学地点：沙坪坝大学城校区。）,,1,三年,12000.0
西藏,2025,专科批,理科,,重庆建筑科技职业学院,,,虚拟现实技术应用,（办学地点：沙坪坝大学城校区。）,,1,三年,12000.0
西藏,2025,专科批,文科,,重庆建筑科技职业学院,,,健康管理,（办学地点：沙坪坝大学城校区。）,,1,三年,12000.0
西藏,2025,专科批,文科,,重庆建筑科技职业学院,,,移动商务,（办学地点：沙坪坝大学城校区。）,,1,三年,12000.0
西藏,2025,专科批,文科,,重庆建筑科技职业学院,,,酒店管理与数字化运营,（办学地点：沙坪坝大学城校区。）,,1,三年,12000.0
西藏,2025,本科二批,理科,249,重庆文理学院,,5,电气工程及其自动化,,,5,四年,5625.0
西藏,2025,本科二批,理科,249,重庆文理学院,,4,数学与应用数学,（师范）,,2,四年,3750.0
西藏,2025,本科二批,文科,249,重庆文理学院,,3,汉语言文学,（师范）,,3,四年,3125.0
西藏,2025,本科二批,文科,249,重庆文理学院,,1,小学教育,（师范）,,3,四年,3750.0
西藏,2025,专科批,理科,655,重庆旅游职业学院,,2,园林技术,（免补专业。）,,5,三年,5000.0
西藏,2025,专科批,理科,655,重庆旅游职业学院,,4,农村电子商务,,,5,三年,5000.0
西藏,2025,提前批艺体类专科,文科,655,重庆旅游职业学院,,,舞蹈表演,（舞蹈）（认可区内舞蹈类专业统考成绩。）,,10,三年,7000.0
西藏,2025,提前批艺体类专科,文科,655,重庆旅游职业学院,,,工艺美术品设计,（美术）（认可区内美术与设计类专业统考成绩。）,,5,三年,7000.0
西藏,2025,专科批,文科,655,重庆旅游职业学院,,1,园林技术,（免补专业。）,,5,三年,5000.0
西藏,2025,专科批,文科,655,重庆旅游职业学院,,3,网络营销与直播电商,,,5,三年,6500.0
西藏,2025,专科批,文科,655,重庆旅游职业学院,,5,农村电子商务,,,5,三年,5000.0
西藏,2025,专科批,文科,655,重庆旅游职业学院,,6,旅游管理,,,5,三年,5000.0
西藏,2025,专科批,文科,655,重庆旅游职业学院,,7,酒店管理与数字化运营,,,5,三年,5000.0
西藏,2025,本科二批,理科,,重庆机电职业技术大学,,,学前教育,,,2,四年,15000.0
西藏,2025,专科批,文科,747,重庆水利电力职业技术学院,,10,水利水电工程技术,（办学地点：主校区。免补专业。）,,2,三年,6250.0
西藏,2025,专科批,文科,747,重庆水利电力职业技术学院,,14,智能水务管理,（办学地点：主校区。免补专业。）,,2,三年,6000.0
西藏,2025,专科批,文科,747,重庆水利电力职业技术学院,,2,发电厂及电力系统,（办学地点：主校区。）,,1,三年,6250.0
西藏,2025,专科批,文科,747,重庆水利电力职业技术学院,,3,电力系统自动化技术,（办学地点：主校区。）,,1,三年,6250.0
西藏,2025,专科批,文科,747,重庆水利电力职业技术学院,,6,电力系统继电保护技术,（办学地点：主校区。）,,1,三年,6250.0
西藏,2025,专科批,文科,747,重庆水利电力职业技术学院,,8,水利工程,（办学地点：主校区。免补专业。）,,1,三年,6000.0
西藏,2025,专科批,文科,747,重庆水利电力职业技术学院,,12,水利水电建筑工程,（办学地点：主校区。免补专业。）,,1,三年,6250.0
西藏,2025,专科批,理科,747,重庆水利电力职业技术学院,,4,电力系统自动化技术,（办学地点：主校区。）,,5,三年,6250.0
西藏,2025,专科批,理科,747,重庆水利电力职业技术学院,,1,发电厂及电力系统,（办学地点：主校区。）,,3,三年,6250.0
西藏,2025,专科批,理科,747,重庆水利电力职业技术学院,,5,电力系统继电保护技术,（办学地点：主校区。）,,3,三年,6250.0
西藏,2025,专科批,理科,747,重庆水利电力职业技术学院,,7,水利工程,（办学地点：主校区。免补专业。）,,3,三年,6000.0
西藏,2025,专科批,理科,747,重庆水利电力职业技术学院,,11,水利水电建筑工程,（办学地点：主校区。免补专业。）,,3,三年,6250.0
西藏,2025,专科批,理科,747,重庆水利电力职业技术学院,,9,水利水电工程技术,（办学地点：主校区。免补专业。）,,2,三年,6250.0
西藏,2025,专科批,理科,747,重庆水利电力职业技术学院,,13,智能水务管理,（办学地点：主校区。免补专业。）,,2,三年,6000.0
西藏,2025,本科一批,理科,381,重庆理工大学,,3,会计学,（办学地点：花溪校区。学费待定。）,,3,四年,
西藏,2025,本科一批,理科,381,重庆理工大学,,1,数字经济,（办学地点：两江校区。学费待定。）,,2,四年,
西藏,2025,本科一批,文科,381,重庆理工大学,,4,电子商务及法律,（办学地点：两江校区。学费待定。）,,3,四年,
西藏,2025,本科一批,文科,381,重庆理工大学,,2,工商管理,（办学地点：花溪校区。学费待定。）,,2,四年,
西藏,2025,专科批,理科,758,重庆电力高等专科学校,,1,发电厂及电力系统,（不招色盲、色弱。办学地点：潼南校区。）,,5,三年,6500.0
西藏,2025,专科批,理科,758,重庆电力高等专科学校,,2,电力系统自动化技术,（不招色盲、色弱。办学地点：潼南校区。）,,5,三年,7300.0
西藏,2025,专科批,理科,758,重庆电力高等专科学校,,3,电力系统继电保护技术,（不招色盲、色弱。办学地点：潼南校区。）,,5,三年,6500.0
西藏,2025,专科批,理科,758,重庆电力高等专科学校,,5,输配电工程技术,（不招色盲。办学地点：潼南校区。）,,5,三年,6500.0
西藏,2025,专科批,理科,758,重庆电力高等专科学校,,7,发电运行技术,（不招色盲。办学地点：潼南校区。）,,5,三年,6500.0
西藏,2025,专科批,理科,758,重庆电力高等专科学校,,8,工业过程自动化技术,（不招色盲。办学地点：潼南校区。）,,5,三年,7300.0
西藏,2025,专科批,文科,758,重庆电力高等专科学校,,4,输配电工程技术,（不招色盲。办学地点：潼南校区。）,,5,三年,6500.0
西藏,2025,专科批,文科,758,重庆电力高等专科学校,,6,热能动力工程技术,（不招色盲。办学地点：潼南校区。）,,5,三年,6500.0
西藏,2025,本科二批,理科,1108,重庆电子科技职业大学,,1,航空智能制造技术,（学费待定。）,,10,四年,
西藏,2025,本科二批,理科,1108,重庆电子科技职业大学,,2,智能网联汽车工程技术,（办学地点：校本部。）,,5,四年,6250.0
西藏,2025,本科二批,理科,1108,重庆电子科技职业大学,,3,电子信息工程技术,（学费待定。）,,5,四年,
西藏,2025,本科二批,理科,1108,重庆电子科技职业大学,,4,人工智能工程技术,（办学地点：两江校区。学费待定。）,,5,四年,
西藏,2025,本科二批,理科,1108,重庆电子科技职业大学,,5,通信软件工程,（学费待定。）,,5,四年,
西藏,2025,本科二批,理科,1087,重庆科技大学,,1,机械设计制造及其自动化,,,8,四年,5625.0
西藏,2025,本科二批,文科,1087,重庆科技大学,,2,会计学,,,5,四年,5625.0
西藏,2025,专科批,文科,775,重庆财经职业学院,,7,财务会计类,（含大数据与财务管理、大数据与审计、会计信息管理专业。）,,2,三年,6500.0
西藏,2025,专科批,文科,775,重庆财经职业学院,,1,物联网应用技术,,,1,三年,6500.0
西藏,2025,专科批,文科,775,重庆财经职业学院,,3,大数据技术,,,1,三年,6500.0
西藏,2025,专科批,文科,775,重庆财经职业学院,,5,云计算技术应用,,,1,三年,6500.0
西藏,2025,专科批,文科,775,重庆财经职业学院,,10,大数据与会计,,,1,三年,6500.0
西藏,2025,专科批,文科,775,重庆财经职业学院,,11,电子商务,,,1,三年,6500.0
西藏,2025,专科批,文科,775,重庆财经职业学院,,13,现代物流管理,,,1,三年,5000.0
西藏,2025,专科批,理科,775,重庆财经职业学院,,8,财务会计类,（含大数据与财务管理、大数据与审计、会计信息管理专业。）,,3,三年,6500.0
西藏,2025,专科批,理科,775,重庆财经职业学院,,2,物联网应用技术,,,2,三年,6500.0
西藏,2025,专科批,理科,775,重庆财经职业学院,,4,大数据技术,,,2,三年,6500.0
西藏,2025,专科批,理科,775,重庆财经职业学院,,6,云计算技术应用,,,2,三年,6500.0
西藏,2025,专科批,理科,775,重庆财经职业学院,,9,大数据与会计,,,1,三年,6500.0
西藏,2025,专科批,理科,775,重庆财经职业学院,,12,电子商务,,,1,三年,6500.0
西藏,2025,专科批,理科,775,重庆财经职业学院,,14,现代物流管理,,,1,三年,5000.0
西藏,2025,本科一批,理科,232,重庆邮电大学,,2,工商管理类,（含市场营销、会计学专业。）,,4,四年,4500.0
西藏,2025,本科一批,理科,232,重庆邮电大学,,1,电子信息类,（通信与信息类）（含通信工程、电子信息工程专业。）,,3,四年,5600.0
西藏,2025,本科二批,理科,322,金陵科技学院,,,少数民族预科,（民族预科班）（预科培养地点：金陵科技学院。）,,7,一年,2500.0
西藏,2025,本科二批,理科,322,金陵科技学院,,10,复合材料与工程,（办学地点：江宁校区。）,,2,四年,5800.0
西藏,2025,本科二批,理科,322,金陵科技学院,,13,电子信息工程,（办学地点：江宁校区。）,,2,四年,5800.0
西藏,2025,本科二批,理科,322,金陵科技学院,,18,信息安全,（办学地点：江宁校区。）,,2,四年,5800.0
西藏,2025,本科二批,理科,322,金陵科技学院,,21,土木工程,（办学地点：江宁校区。）,,2,四年,5800.0
西藏,2025,本科二批,理科,322,金陵科技学院,,23,城市地下空间工程,（办学地点：江宁校区。）,,2,四年,5800.0
西藏,2025,本科二批,理科,322,金陵科技学院,,26,城乡规划,（办学地点：江宁校区。）,,2,四年,5800.0
西藏,2025,本科二批,理科,322,金陵科技学院,,28,园艺,（办学地点：幕府校区。免补专业。）,,2,四年,2500.0
西藏,2025,本科二批,理科,322,金陵科技学院,,33,眼视光学,（办学地点：江宁校区。）,,2,四年,6800.0
西藏,2025,本科二批,理科,322,金陵科技学院,,34,工程管理,（办学地点：江宁校区。）,,2,四年,5200.0
西藏,2025,本科二批,理科,322,金陵科技学院,,2,金融工程,（办学地点：江宁校区。）,,1,四年,5200.0
西藏,2025,本科二批,理科,322,金陵科技学院,,4,国际经济与贸易,（办学地点：江宁校区。）,,1,四年,5200.0
西藏,2025,本科二批,理科,322,金陵科技学院,,6,数字出版,（办学地点：幕府校区。）,,1,四年,5200.0
西藏,2025,本科二批,理科,322,金陵科技学院,,8,机械设计制造及其自动化,（办学地点：江宁校区。）,,1,四年,5800.0
西藏,2025,本科二批,理科,322,金陵科技学院,,9,车辆工程,（办学地点：江宁校区。）,,1,四年,5800.0
西藏,2025,本科二批,理科,322,金陵科技学院,,11,宝石及材料工艺学,（办学地点：江宁校区。）,,1,四年,5800.0
西藏,2025,本科二批,理科,322,金陵科技学院,,12,电气工程及其自动化,（办学地点：江宁校区。）,,1,四年,5800.0
西藏,2025,本科二批,理科,322,金陵科技学院,,14,信息工程,（办学地点：江宁校区。）,,1,四年,5800.0
西藏,2025,本科二批,理科,322,金陵科技学院,,15,自动化,（办学地点：江宁校区。）,,1,四年,5800.0
西藏,2025,本科二批,理科,322,金陵科技学院,,16,计算机科学与技术,（办学地点：江宁校区。）,,1,四年,5800.0
西藏,2025,本科二批,理科,322,金陵科技学院,,17,网络工程,（办学地点：江宁校区。）,,1,四年,5800.0
西藏,2025,本科二批,理科,322,金陵科技学院,,19,物联网工程,（办学地点：江宁校区。）,,1,四年,5800.0
西藏,2025,本科二批,理科,322,金陵科技学院,,20,数字媒体技术,（办学地点：江宁校区。）,,1,四年,5800.0
西藏,2025,本科二批,理科,322,金陵科技学院,,22,建筑电气与智能化,（办学地点：江宁校区。）,,1,四年,5800.0
西藏,2025,本科二批,理科,322,金陵科技学院,,24,食品科学与工程,（办学地点：幕府校区。）,,1,四年,5800.0
西藏,2025,本科二批,理科,322,金陵科技学院,,25,建筑学,（办学地点：江宁校区。）,,1,五年,5800.0
西藏,2025,本科二批,理科,322,金陵科技学院,,27,风景园林,（办学地点：幕府校区。）,,1,四年,5800.0
西藏,2025,本科二批,理科,322,金陵科技学院,,29,设施农业科学与工程,（办学地点：幕府校区。免补专业。）,,1,四年,2500.0
西藏,2025,本科二批,理科,322,金陵科技学院,,30,动物科学,（办学地点：幕府校区。免补专业。）,,1,四年,2500.0
西藏,2025,本科二批,理科,322,金陵科技学院,,31,动物医学,（办学地点：幕府校区。免补专业。）,,1,四年,2500.0
西藏,2025,本科二批,理科,322,金陵科技学院,,32,园林,（办学地点：幕府校区。免补专业。）,,1,四年,2500.0
西藏,2025,本科二批,理科,322,金陵科技学院,,35,市场营销,（办学地点：江宁校区。）,,1,四年,5200.0
西藏,2025,本科二批,理科,322,金陵科技学院,,37,会计学,（办学地点：江宁校区。）,,1,四年,5200.0
西藏,2025,本科二批,理科,322,金陵科技学院,,38,审计学,（办学地点：江宁校区。）,,1,四年,5200.0
西藏,2025,本科二批,理科,322,金陵科技学院,,40,物流管理,（办学地点：江宁校区。）,,1,四年,5200.0
西藏,2025,本科二批,理科,322,金陵科技学院,,42,电子商务,（办学地点：江宁校区。）,,1,四年,5200.0
西藏,2025,本科二批,文科,322,金陵科技学院,,5,古典文献学,（办学地点：幕府校区。）,,4,四年,5200.0
西藏,2025,本科二批,文科,322,金陵科技学院,,7,数字出版,（办学地点：幕府校区。）,,3,四年,5200.0
西藏,2025,本科二批,文科,322,金陵科技学院,,39,行政管理,（办学地点：幕府校区。）,,3,四年,5200.0
西藏,2025,本科二批,文科,322,金陵科技学院,,,少数民族预科,（民族预科班）（预科培养地点：金陵科技学院。）,,3,一年,2500.0
西藏,2025,本科二批,文科,322,金陵科技学院,,3,国际经济与贸易,（办学地点：江宁校区。）,,2,四年,5200.0
西藏,2025,本科二批,文科,322,金陵科技学院,,41,物流管理,（办学地点：江宁校区。）,,2,四年,5200.0
西藏,2025,本科二批,文科,322,金陵科技学院,,1,金融学,（办学地点：江宁校区。）,,1,四年,5200.0
西藏,2025,本科二批,文科,322,金陵科技学院,,36,市场营销,（办学地点：江宁校区。）,,1,四年,5200.0
西藏,2025,本科二批,理科,84,锦州医科大学,,2,临床医学,（体检要求按照《锦州医科大学2025年本科招生章程》执行。办学地点：锦州医科大学东校园。）,,3,五年,5500.0
西藏,2025,本科二批,理科,84,锦州医科大学,,7,护理学,（体检要求按照《锦州医科大学2025年本科招生章程》执行。办学地点：锦州医科大学东校园。）,,3,四年,5500.0
西藏,2025,本科二批,理科,84,锦州医科大学,,4,预防医学,（体检要求按照《锦州医科大学2025年本科招生章程》执行。办学地点：锦州医科大学东校园。）,,2,五年,5500.0
西藏,2025,本科二批,理科,84,锦州医科大学,,1,兽医公共卫生,（体检要求按照《锦州医科大学2025年本科招生章程》执行。办学地点：锦州医科大学西校园。免补专业。）,,1,五年,5200.0
西藏,2025,本科二批,理科,84,锦州医科大学,,3,口腔医学,（体检要求按照《锦州医科大学2025年本科招生章程》执行。办学地点：锦州医科大学东校园。）,,1,五年,5500.0
西藏,2025,本科二批,理科,84,锦州医科大学,,5,医学检验技术,（体检要求按照《锦州医科大学2025年本科招生章程》执行。办学地点：锦州医科大学东校园。）,,1,四年,5500.0
西藏,2025,本科二批,理科,84,锦州医科大学,,6,智能医学工程,（体检要求按照《锦州医科大学2025年本科招生章程》执行。办学地点：锦州医科大学东校园。）,,1,四年,5200.0
西藏,2025,本科二批,理科,,锦州医科大学医疗学院,,,临床医学,（不招色盲、色弱。办学地点：锦州医科大学医疗学院。）,,5,五年,29500.0
西藏,2025,本科二批,理科,,锦州医科大学医疗学院,,,麻醉学,（不招色盲、色弱。办学地点：锦州医科大学医疗学院。）,,3,五年,29500.0
西藏,2025,本科二批,理科,,锦州医科大学医疗学院,,,口腔医学,（不招色盲、色弱。办学地点：锦州医科大学医疗学院。）,,3,五年,29500.0
西藏,2025,专科批,文科,324,镇江市高等专科学校,,6,电子商务,,,3,三年,4700.0
西藏,2025,专科批,文科,324,镇江市高等专科学校,,7,法律事务,,,3,三年,4700.0
西藏,2025,专科批,文科,324,镇江市高等专科学校,,2,护理,,,2,三年,6200.0
西藏,2025,专科批,文科,324,镇江市高等专科学校,,4,眼视光技术,,,2,三年,6200.0
西藏,2025,专科批,理科,324,镇江市高等专科学校,,1,计算机应用技术,,,3,三年,5300.0
西藏,2025,专科批,理科,324,镇江市高等专科学校,,8,法律事务,,,3,三年,4700.0
西藏,2025,专科批,理科,324,镇江市高等专科学校,,3,护理,,,2,三年,6200.0
西藏,2025,专科批,理科,324,镇江市高等专科学校,,5,眼视光技术,,,2,三年,6200.0
西藏,2025,本科一批,理科,272,长安大学,,3,机械类,（含智能制造工程、机械设计制造及其自动化、机械电子工程专业。办学地点：北校区。）,,2,四年,6600.0
西藏,2025,本科一批,理科,272,长安大学,,8,地质工程,（办学地点：北校区。免补专业。）,,2,四年,6600.0
西藏,2025,本科一批,理科,272,长安大学,,9,工程管理,（办学地点：南校区。）,,2,四年,5500.0
西藏,2025,本科一批,理科,272,长安大学,,11,物流工程,（办学地点：北校区。）,,2,四年,5500.0
西藏,2025,本科一批,理科,272,长安大学,,5,水利类,（含水文与水资源工程、水利水电工程、地下水科学与工程专业。办学地点：北校区。免补专业。）,,1,四年,6600.0
西藏,2025,国家专项计划本科批,理科,272,长安大学,,7,测绘类,（含测绘工程、遥感科学与技术、地理空间信息工程专业。办学地点：北校区。）,,2,四年,6600.0
西藏,2025,国家专项计划本科批,理科,272,长安大学,,2,地质学类,（含地质学、资源勘查工程、矿物加工工程、碳储科学与工程专业。办学地点：北校区。免补专业）,,1,四年,6600.0
西藏,2025,国家专项计划本科批,理科,272,长安大学,,5,水利类,（含水文与水资源工程、水利水电工程、地下水科学与工程专业。办学地点：北校区。免补专业。）,,1,四年,6600.0
西藏,2025,高校专项计划本科批,理科,272,长安大学,,5,水利类,（含水文与水资源工程、水利水电工程、地下水科学与工程专业。办学地点：北校区。免补专业。）,,1,四年,6600.0
西藏,2025,本科一批,文科,272,长安大学,,10,行政管理,（含应急管理方向。办学地点：北校区。）,,2,四年,5500.0
西藏,2025,本科一批,文科,272,长安大学,,1,新闻传播学类,（含新闻学、汉语言文学专业。办学地点：北校区。）,,1,四年,5500.0
西藏,2025,本科一批,理科,93,长春中医药大学,,3,中药学,（不招色盲、色弱。办学地点：长春中医药大学净月校区。）,,7,四年,6160.0
西藏,2025,本科二批,理科,93,长春中医药大学,,1,制药工程,（不招色盲、色弱。办学地点：长春中医药大学净月校区。）,,3,四年,5940.0
西藏,2025,本科二批,理科,93,长春中医药大学,,2,药学,（不招色盲、色弱。办学地点：长春中医药大学净月校区。）,,3,四年,6160.0
西藏,2025,本科二批,理科,93,长春中医药大学,,4,中药资源与开发,（不招色盲、色弱。办学地点：长春中医药大学净月校区。）,,3,四年,6160.0
西藏,2025,专科批,文科,394,长春医学高等专科学校,,1,护理,（不招色盲、色弱。办学地点：长春医学高等专科学校东方广场校区。）,,4,三年,6500.0
西藏,2025,专科批,理科,394,长春医学高等专科学校,,2,护理,（不招色盲、色弱。办学地点：长春医学高等专科学校东方广场校区。）,,5,三年,6500.0
西藏,2025,专科批,理科,394,长春医学高等专科学校,,4,医学检验技术,（不招色盲、色弱。办学地点：长春医学高等专科学校东方广场校区。）,,4,三年,6500.0
西藏,2025,专科批,理科,394,长春医学高等专科学校,,5,康复治疗技术,（不招色盲、色弱。办学地点：长春医学高等专科学校东方广场校区。）,,4,三年,6000.0
西藏,2025,专科批,理科,394,长春医学高等专科学校,,3,中医学,（不招色盲、色弱。办学地点：长春医学高等专科学校东方广场校区。）,,2,三年,6500.0
西藏,2025,专科批,理科,394,长春医学高等专科学校,,6,预防医学,（不招色盲、色弱。办学地点：长春医学高等专科学校东方广场校区。）,,1,三年,6000.0
西藏,2025,本科二批,理科,384,长春大学,,7,机械工程,（办学地点：长春大学卫星广场校区[东校区]。）,,4,四年,5940.0
西藏,2025,本科二批,理科,384,长春大学,,14,风景园林,（办学地点：长春大学高新校区[西校区]。）,,4,四年,5400.0
西藏,2025,本科二批,理科,384,长春大学,,8,车辆工程,（办学地点：长春大学卫星广场校区[东校区]。）,,3,四年,5940.0
西藏,2025,本科二批,理科,384,长春大学,,9,光电信息材料与器件,（办学地点：长春大学卫星广场校区[东校区]。）,,3,四年,5400.0
西藏,2025,本科二批,理科,384,长春大学,,13,食品质量与安全,（办学地点：长春大学高新校区[西校区]。）,,3,四年,5400.0
西藏,2025,本科二批,理科,384,长春大学,,1,国际经济与贸易,（办学地点：长春大学卫星广场校区[东校区]。）,,2,四年,4800.0
西藏,2025,本科二批,理科,384,长春大学,,6,汉语国际教育,（办学地点：长春大学卫星广场校区[东校区]。）,,2,四年,4600.0
西藏,2025,本科二批,理科,384,长春大学,,12,软件工程,（办学地点：长春大学卫星广场校区[东校区]。）,,2,四年,5940.0
西藏,2025,本科二批,文科,384,长春大学,,2,特殊教育,（办学地点：长春大学卫星广场校区[东校区]。师范类。）,,3,四年,5280.0
西藏,2025,本科二批,文科,384,长春大学,,4,汉语言文学,（办学地点：长春大学卫星广场校区[东校区]。）,,3,四年,4600.0
西藏,2025,本科二批,文科,384,长春大学,,17,工商管理,（办学地点：长春大学卫星广场校区[东校区]。）,,3,四年,4800.0
西藏,2025,本科二批,文科,384,长春大学,,19,物流管理,（办学地点：长春大学卫星广场校区[东校区]。）,,3,四年,4800.0
西藏,2025,本科二批,文科,384,长春大学,,20,旅游管理,（办学地点：长春大学卫星广场校区[东校区]。）,,3,四年,4800.0
西藏,2025,本科二批,理科,89,长春工业大学,,1,经济统计学,（办学地点：长春工业大学北湖校区。）,,2,四年,4800.0
西藏,2025,本科二批,理科,89,长春工业大学,,2,数字经济,（办学地点：长春工业大学北湖校区。）,,2,四年,4800.0
西藏,2025,本科二批,理科,89,长春工业大学,,3,金融学,（办学地点：长春工业大学北湖校区。）,,2,四年,5280.0
西藏,2025,本科二批,理科,89,长春工业大学,,8,人工智能,（办学地点：长春工业大学北湖校区。）,,2,四年,5400.0
西藏,2025,本科二批,理科,89,长春工业大学,,9,制药工程,（办学地点：长春工业大学北湖校区。）,,2,四年,5400.0
西藏,2025,本科二批,理科,89,长春工业大学,,10,化妆品技术与工程,（办学地点：长春工业大学北湖校区。）,,2,四年,5400.0
西藏,2025,本科二批,理科,89,长春工业大学,,11,食品科学与工程,（办学地点：长春工业大学北湖校区。）,,2,四年,5940.0
西藏,2025,本科二批,理科,89,长春工业大学,,12,生物工程,（办学地点：长春工业大学北湖校区。）,,2,四年,5940.0
西藏,2025,本科二批,理科,89,长春工业大学,,17,电子商务,（办学地点：长春工业大学北湖校区。）,,2,四年,5280.0
西藏,2025,本科二批,文科,89,长春工业大学,,4,国际经济与贸易,（办学地点：长春工业大学北湖校区。）,,3,四年,4800.0
西藏,2025,本科二批,文科,89,长春工业大学,,13,工商管理,（办学地点：长春工业大学北湖校区。）,,3,四年,4800.0
西藏,2025,本科二批,文科,89,长春工业大学,,14,会计学,（办学地点：长春工业大学北湖校区。）,,3,四年,4800.0
西藏,2025,本科二批,文科,89,长春工业大学,,5,法学,（办学地点：长春工业大学北湖校区。）,,2,四年,4800.0
西藏,2025,本科二批,文科,89,长春工业大学,,6,广告学,（办学地点：长春工业大学北湖校区。）,,2,四年,6200.0
西藏,2025,本科二批,文科,89,长春工业大学,,7,网络与新媒体,（办学地点：长春工业大学北湖校区。）,,2,四年,6200.0
西藏,2025,本科二批,文科,89,长春工业大学,,15,公共事业管理,（办学地点：长春工业大学北湖校区。）,,2,四年,5280.0
西藏,2025,本科二批,文科,89,长春工业大学,,16,行政管理,（办学地点：长春工业大学北湖校区。）,,2,四年,4800.0
西藏,2025,本科二批,理科,358,长春工程学院,,1,电气工程及其自动化,（办学地点：长春工程学院湖西校区。）,,5,四年,5940.0
西藏,2025,本科二批,理科,358,长春工程学院,,4,资源勘查工程,（办学地点：长春工程学院湖东校区。免补专业。）,,5,四年,5400.0
西藏,2025,本科二批,理科,358,长春工程学院,,2,测绘工程,（办学地点：长春工程学院湖东校区。）,,4,四年,5940.0
西藏,2025,本科二批,理科,358,长春工程学院,,3,地质工程,（办学地点：长春工程学院湖东校区。免补专业。）,,4,四年,5940.0
西藏,2025,本科二批,理科,358,长春工程学院,,5,安全工程,（办学地点：长春工程学院湖东校区。）,,4,四年,5400.0
西藏,2025,本科二批,文科,358,长春工程学院,,6,工商管理,（办学地点：长春工程学院湖东校区。）,,6,四年,4800.0
西藏,2025,本科二批,文科,358,长春工程学院,,7,财务管理,（办学地点：长春工程学院湖东校区。）,,4,四年,4800.0
西藏,2025,本科二批,理科,99,长春师范大学,,13,地理科学,（办学地点：长春师范大学长吉校区。师范类。）,,3,四年,5500.0
西藏,2025,本科二批,理科,99,长春师范大学,,11,数学与应用数学,（办学地点：长春师范大学长吉校区。师范类。）,,2,四年,5500.0
西藏,2025,本科二批,理科,99,长春师范大学,,12,应用物理学,（办学地点：长春师范大学长吉校区。）,,2,四年,5000.0
西藏,2025,本科二批,理科,99,长春师范大学,,14,生物科学,（办学地点：长春师范大学长吉校区。师范类。）,,2,四年,5500.0
西藏,2025,本科二批,理科,99,长春师范大学,,15,环境科学,（不招色盲色弱。办学地点：长春师范大学长吉校区。免补专业。）,,2,四年,5400.0
西藏,2025,本科二批,文科,99,长春师范大学,,3,思想政治教育,（办学地点：长春师范大学长吉校区。师范类。）,,4,四年,5280.0
西藏,2025,本科二批,文科,99,长春师范大学,,4,马克思主义理论,（办学地点：长春师范大学长吉校区。）,,3,四年,4800.0
西藏,2025,本科二批,文科,99,长春师范大学,,1,法学,（办学地点：长春师范大学长吉校区。）,,2,四年,4800.0
西藏,2025,本科二批,文科,99,长春师范大学,,2,社会工作,（办学地点：长春师范大学长吉校区。）,,2,四年,4800.0
西藏,2025,本科二批,文科,99,长春师范大学,,5,教育学,（办学地点：长春师范大学长吉校区。师范类。）,,2,四年,4800.0
西藏,2025,本科二批,文科,99,长春师范大学,,6,小学教育,（办学地点：长春师范大学长吉校区。师范类。）,,2,四年,5280.0
西藏,2025,本科二批,文科,99,长春师范大学,,8,汉语言文学,（办学地点：长春师范大学长吉校区。师范类。）,,2,四年,5060.0
西藏,2025,本科二批,文科,99,长春师范大学,,9,历史学,（办学地点：长春师范大学长吉校区。师范类。）,,2,四年,5060.0
西藏,2025,本科二批,文科,99,长春师范大学,,10,文物与博物馆学,（办学地点：长春师范大学长吉校区。）,,2,四年,4600.0
西藏,2025,专科批,理科,742,长春师范高等专科学校,,2,农村电子商务,（办学地点：长春师范高等专科学校。）,,1,三年,4300.0
西藏,2025,专科批,理科,742,长春师范高等专科学校,,4,学前教育,（办学地点：长春师范高等专科学校。师范类。）,,1,三年,5100.0
西藏,2025,专科批,理科,742,长春师范高等专科学校,,6,音乐教育,（办学地点：长春师范高等专科学校。师范类。）,,1,三年,5100.0
西藏,2025,专科批,理科,742,长春师范高等专科学校,,9,社区管理与服务,（办学地点：长春师范高等专科学校。）,,1,三年,5100.0
西藏,2025,专科批,文科,742,长春师范高等专科学校,,3,学前教育,（办学地点：长春师范高等专科学校。师范类。）,,2,三年,5100.0
西藏,2025,专科批,文科,742,长春师范高等专科学校,,1,农村电子商务,（办学地点：长春师范高等专科学校。）,,1,三年,4300.0
西藏,2025,专科批,文科,742,长春师范高等专科学校,,5,音乐教育,（办学地点：长春师范高等专科学校。师范类。）,,1,三年,5100.0
西藏,2025,专科批,文科,742,长春师范高等专科学校,,7,青少年工作与管理,（办学地点：长春师范高等专科学校。）,,1,三年,4500.0
西藏,2025,专科批,文科,742,长春师范高等专科学校,,8,社区管理与服务,（办学地点：长春师范高等专科学校。）,,1,三年,5100.0
西藏,2025,本科二批,理科,1086,长春汽车职业技术大学,,1,机械设计制造及自动化,（办学地点：长春汽车职业技术大学红旗校区。）,,1,四年,8800.0
西藏,2025,本科二批,理科,1086,长春汽车职业技术大学,,2,新能源汽车工程技术,（办学地点：长春汽车职业技术大学红旗校区。）,,1,四年,8800.0
西藏,2025,本科二批,理科,1086,长春汽车职业技术大学,,3,智能网联汽车工程技术,（办学地点：长春汽车职业技术大学红旗校区。）,,1,四年,8800.0
西藏,2025,本科二批,理科,1086,长春汽车职业技术大学,,4,汽车服务工程技术,（办学地点：长春汽车职业技术大学红旗校区。）,,1,四年,8800.0
西藏,2025,本科一批,文科,87,长春理工大学,,2,汉语言文学,（办学地点：长春理工大学卫星路校区[主校区]。）,,7,四年,5060.0
西藏,2025,本科一批,文科,87,长春理工大学,,1,法学,（办学地点：长春理工大学卫星路校区[主校区]。）,,3,四年,5280.0
西藏,2025,本科一批,文科,87,长春理工大学,,3,汉语国际教育,（因教学特点和要求，非英语语种考生慎重报考。办学地点：长春理工大学卫星路校区[主校区]。）,,3,四年,4600.0
西藏,2025,本科一批,文科,87,长春理工大学,,6,工商管理类,（含工商管理、会计学专业。办学地点：长春理工大学卫星路校区[主校区]。）,,2,四年,4800.0
西藏,2025,本科一批,理科,87,长春理工大学,,4,机械设计制造及其自动化,（办学地点：长春理工大学卫星路校区[主校区]。）,,3,四年,5940.0
西藏,2025,本科一批,理科,87,长春理工大学,,5,计算机科学与技术,（因教学特点和要求，非英语语种考生慎重报考。办学地点：长春理工大学卫星路校区[主校区]。）,,2,四年,5940.0
西藏,2025,专科批,理科,360,长春金融高等专科学校,,6,金融服务与管理,（办学地点：长春金融高等专科学校莲花山校区。）,,3,三年,5000.0
西藏,2025,专科批,理科,360,长春金融高等专科学校,,10,大数据与会计,（办学地点：长春金融高等专科学校莲花山校区。）,,3,三年,5000.0
西藏,2025,专科批,理科,360,长春金融高等专科学校,,2,软件技术,（办学地点：长春金融高等专科学校莲花山校区。）,,1,三年,5500.0
西藏,2025,专科批,理科,360,长春金融高等专科学校,,4,云计算技术应用,（办学地点：长春金融高等专科学校莲花山校区。）,,1,三年,4100.0
西藏,2025,专科批,理科,360,长春金融高等专科学校,,8,证券实务,（办学地点：长春金融高等专科学校莲花山校区。）,,1,三年,4000.0
西藏,2025,专科批,理科,360,长春金融高等专科学校,,12,市场营销,（办学地点：长春金融高等专科学校莲花山校区。）,,1,三年,4000.0
西藏,2025,专科批,文科,360,长春金融高等专科学校,,5,金融服务与管理,（办学地点：长春金融高等专科学校莲花山校区。）,,3,三年,5000.0
西藏,2025,专科批,文科,360,长春金融高等专科学校,,9,大数据与会计,（办学地点：长春金融高等专科学校莲花山校区。）,,3,三年,5000.0
西藏,2025,专科批,文科,360,长春金融高等专科学校,,1,软件技术,（办学地点：长春金融高等专科学校莲花山校区。）,,1,三年,5500.0
西藏,2025,专科批,文科,360,长春金融高等专科学校,,3,云计算技术应用,（办学地点：长春金融高等专科学校莲花山校区。）,,1,三年,4100.0
西藏,2025,专科批,文科,360,长春金融高等专科学校,,7,证券实务,（办学地点：长春金融高等专科学校莲花山校区。）,,1,三年,4000.0
西藏,2025,专科批,文科,360,长春金融高等专科学校,,11,市场营销,（办学地点：长春金融高等专科学校莲花山校区。）,,1,三年,4000.0
西藏,2025,本科一批,文科,198,长江大学,,1,经济学类,（含荆楚卓越协同育人计划）（含国际经济与贸易、经济学、农林经济管理（免补专业）专业。办学地点：荆州校区。学费待定。）,,2,四年,
西藏,2025,本科一批,文科,198,长江大学,,19,工商管理类,（含荆楚卓越育人计划）（含会计学、物流管理、工商管理专业。办学地点：荆州校区。学费待定。）,,2,四年,
西藏,2025,本科一批,文科,198,长江大学,,3,法学,（含社会治理法、知产法、数字法方向）（办学地点：荆州校区。学费待定。）,,1,四年,
西藏,2025,本科一批,理科,198,长江大学,,11,植物生产类,（含教育部卓越农林、省支柱产业人才计划）（含农学（国家特色专业）、植物保护专业。办学地点：荆州校区。学费待定。免补专业。）,,4,四年,
西藏,2025,本科一批,理科,198,长江大学,,4,地球化学,"（油气方向）（大一在荆州校区,大二至大四在武汉校区。学费待定。免补专业。）",,3,四年,
西藏,2025,本科一批,理科,198,长江大学,,2,经济学类,（含荆楚卓越协同育人计划）（含国际经济与贸易、经济学、农林经济管理（免补专业）专业。办学地点：荆州校区。学费待定。）,,2,四年,
西藏,2025,本科一批,理科,198,长江大学,,5,机械类,（含机器人工程、机械设计制造及其自动化（教育部卓越工程师、省支柱产业人才培养计划）、材料成型及控制工程专业。办学地点：荆州校区。学费待定。）,,2,四年,
西藏,2025,本科一批,理科,198,长江大学,,6,计算机类,（含计算机科学与技术、网络工程、软件工程、智能科学与技术专业。办学地点：荆州校区。学费待定。）,,2,四年,
西藏,2025,本科一批,理科,198,长江大学,,7,土木类,（含智能建造（新工科）、土木工程（含省荆楚卓越人才协同育人计划）、给排水科学与工程（智慧水务）专业。办学地点：荆州校区。学费待定。）,,2,四年,
西藏,2025,本科一批,理科,198,长江大学,,8,资源环境大数据工程,"（大一在荆州校区,大二至大四在武汉校区。学费待定。免补专业。）",,2,四年,
西藏,2025,本科一批,理科,198,长江大学,,12,园艺,（现代园艺）（办学地点：荆州校区。学费待定。免补专业。）,,2,四年,
西藏,2025,本科一批,理科,198,长江大学,,13,智慧农业,（办学地点：荆州校区。学费待定。免补专业。）,,2,四年,
西藏,2025,本科一批,理科,198,长江大学,,14,农业资源与环境,（含教育部卓越农林人才计划）（办学地点：荆州校区。学费待定。免补专业。）,,2,四年,
西藏,2025,本科一批,理科,198,长江大学,,15,动物医学类,（含动物医学（含教育部卓越农林人才教育培养计划）、动物科学（动物生物信息与大数据）专业。办学地点：荆州校区。学费待定。免补专业。）,,2,四年,
西藏,2025,本科一批,理科,198,长江大学,,18,医学技术类,（不招色盲。含医学影像技术、医学检验技术专业。办学地点：荆州校区。学费待定。）,,2,四年,
西藏,2025,本科一批,理科,198,长江大学,,9,石油工程,"（含中俄能源方向、教育部卓越工程师）（大一在荆州校区,大二至大四在武汉校区。学费待定。免补专业。）",,1,四年,
西藏,2025,本科一批,理科,198,长江大学,,10,海洋油气工程,"（大一在荆州校区,大二至大四在武汉校区。学费待定。）",,1,四年,
西藏,2025,本科一批,理科,198,长江大学,,16,园林,（含教育部卓越农林人才计划）（办学地点：荆州校区。学费待定。免补专业。）,,1,四年,
西藏,2025,本科一批,理科,198,长江大学,,17,预防医学,（不招色盲。办学地点：荆州校区。学费待定。）,,1,五年,
西藏,2025,本科二批,理科,251,长江师范学院,,2,政治学与行政学,,,4,四年,5625.0
西藏,2025,本科二批,文科,251,长江师范学院,,1,政治学与行政学,,,3,四年,5625.0
西藏,2025,本科二批,理科,,长沙医学院,,,临床医学,（办学地点：长沙。）,,3,五年,41544.0
西藏,2025,本科二批,文科,414,长沙学院,,1,公共事业管理,（办学地点：长沙学院。）,,2,四年,5000.0
西藏,2025,本科二批,理科,1130,长沙工业学院,,1,人工智能,,,1,四年,4800.0
西藏,2025,提前批艺体类本科,文科,,长沙师范学院,,,书法学,（办学地点：安沙校区。认可区内书法类专业统考成绩。）,,2,四年,6000.0
西藏,2025,专科批,理科,297,长沙民政职业技术学院,,1,智能控制技术,,,2,三年,4600.0
西藏,2025,专科批,理科,297,长沙民政职业技术学院,,2,工业机器人技术,,,2,三年,4600.0
西藏,2025,专科批,理科,297,长沙民政职业技术学院,,4,软件技术,（企业信息化管理方向）,,2,三年,7800.0
西藏,2025,专科批,理科,297,长沙民政职业技术学院,,9,护理,,,2,三年,5460.0
西藏,2025,专科批,理科,297,长沙民政职业技术学院,,14,国际经济与贸易,,,2,三年,3500.0
西藏,2025,专科批,理科,297,长沙民政职业技术学院,,4,软件技术,（移动与人工智能应用开发方向）,,1,三年,7800.0
西藏,2025,专科批,理科,297,长沙民政职业技术学院,,11,康复治疗技术,,,1,三年,5460.0
西藏,2025,专科批,理科,297,长沙民政职业技术学院,,16,电子商务,,,1,三年,3850.0
西藏,2025,专科批,理科,297,长沙民政职业技术学院,,18,商务数据分析与应用,,,1,三年,3500.0
西藏,2025,专科批,理科,297,长沙民政职业技术学院,,20,现代物流管理,,,1,三年,3500.0
西藏,2025,专科批,文科,297,长沙民政职业技术学院,,3,软件技术,（企业信息化管理方向）,,2,三年,7800.0
西藏,2025,专科批,文科,297,长沙民政职业技术学院,,22,旅游管理,（韩语方向）,,2,三年,4600.0
西藏,2025,专科批,文科,297,长沙民政职业技术学院,,3,软件技术,（移动与人工智能应用开发方向）,,1,三年,7800.0
西藏,2025,专科批,文科,297,长沙民政职业技术学院,,7,护理,,,1,三年,5460.0
西藏,2025,专科批,文科,297,长沙民政职业技术学院,,10,康复治疗技术,,,1,三年,5460.0
西藏,2025,专科批,文科,297,长沙民政职业技术学院,,13,国际经济与贸易,,,1,三年,3500.0
西藏,2025,专科批,文科,297,长沙民政职业技术学院,,15,电子商务,,,1,三年,3850.0
西藏,2025,专科批,文科,297,长沙民政职业技术学院,,17,商务数据分析与应用,,,1,三年,3500.0
西藏,2025,专科批,文科,297,长沙民政职业技术学院,,21,现代物流管理,,,1,三年,3500.0
西藏,2025,专科批,文科,297,长沙民政职业技术学院,,26,传播与策划,,,1,三年,5500.0
西藏,2025,专科批,文科,297,长沙民政职业技术学院,,29,社会工作,,,1,三年,3850.0
西藏,2025,专科批,文科,297,长沙民政职业技术学院,,33,民政服务与管理,（社会组织服务与管理方向）,,1,三年,3850.0
西藏,2025,专科批,文科,297,长沙民政职业技术学院,,37,人力资源管理,,,1,三年,3500.0
西藏,2025,专科批,理科,297,长沙民政职业技术学院,,23,旅游管理,（韩语方向）,,1,三年,4600.0
西藏,2025,专科批,理科,297,长沙民政职业技术学院,,25,传播与策划,,,1,三年,5500.0
西藏,2025,专科批,理科,297,长沙民政职业技术学院,,28,社会工作,,,1,三年,3850.0
西藏,2025,专科批,理科,297,长沙民政职业技术学院,,32,民政服务与管理,（社会组织服务与管理方向）,,1,三年,3850.0
西藏,2025,专科批,理科,297,长沙民政职业技术学院,,36,人力资源管理,,,1,三年,3500.0
西藏,2025,专科批,理科,521,长沙环境保护职业技术学院,,2,环境工程技术,（办学地点：长沙环境保护职业技术学院。免补专业。）,,3,三年,5060.0
西藏,2025,专科批,理科,521,长沙环境保护职业技术学院,,4,环境管理与评价,（办学地点：长沙环境保护职业技术学院。免补专业。）,,3,三年,5060.0
西藏,2025,专科批,理科,521,长沙环境保护职业技术学院,,6,资源综合利用技术,（办学地点：长沙环境保护职业技术学院。免补专业。）,,3,三年,4600.0
西藏,2025,专科批,理科,521,长沙环境保护职业技术学院,,8,水净化与安全技术,（办学地点：长沙环境保护职业技术学院。免补专业。）,,3,三年,5060.0
西藏,2025,专科批,文科,521,长沙环境保护职业技术学院,,1,环境工程技术,（办学地点：长沙环境保护职业技术学院。免补专业。）,,2,三年,5060.0
西藏,2025,专科批,文科,521,长沙环境保护职业技术学院,,3,环境管理与评价,（办学地点：长沙环境保护职业技术学院。免补专业。）,,2,三年,5060.0
西藏,2025,专科批,文科,521,长沙环境保护职业技术学院,,5,资源综合利用技术,（办学地点：长沙环境保护职业技术学院。免补专业。）,,2,三年,4600.0
西藏,2025,专科批,文科,521,长沙环境保护职业技术学院,,7,水净化与安全技术,（办学地点：长沙环境保护职业技术学院。免补专业。）,,2,三年,5060.0
西藏,2025,本科一批,文科,212,长沙理工大学,,1,法学,（办学地点：长沙理工大学。）,,2,四年,5000.0
西藏,2025,本科一批,理科,212,长沙理工大学,,2,电气工程及其自动化,（办学地点：长沙理工大学。）,,6,四年,5900.0
西藏,2025,本科一批,理科,212,长沙理工大学,,3,土木工程,（办学地点：长沙理工大学。）,,2,四年,5900.0
西藏,2025,本科一批,理科,212,长沙理工大学,,4,交通工程,（办学地点：长沙理工大学。）,,2,四年,5900.0
西藏,2025,专科提前批,理科,644,长沙航空职业技术学院,,2,航空发动机维修技术,（陆军）（定向培养军士生，招男生，陆军。办学地点：跳马校区。）,,4,三年,7850.0
西藏,2025,专科提前批,理科,644,长沙航空职业技术学院,,4,无人机应用技术,（武警部队）（定向培养军士生，招男生，武警部队。办学地点：跳马校区。）,,4,三年,7850.0
西藏,2025,专科提前批,文科,644,长沙航空职业技术学院,,1,航空发动机维修技术,（陆军）（定向培养军士生，招男生，陆军。办学地点：跳马校区。）,,1,三年,7850.0
西藏,2025,专科提前批,文科,644,长沙航空职业技术学院,,3,无人机应用技术,（武警部队）（定向培养军士生，招男生，武警部队。办学地点：跳马校区。）,,1,三年,7850.0
西藏,2025,专科批,理科,647,长白山职业技术学院,,1,大数据与会计,（办学地点：长白山职业技术学院。）,,5,三年,3300.0
西藏,2025,专科批,理科,647,长白山职业技术学院,,5,小学教育,（办学地点：长白山职业技术学院。师范类。）,,5,三年,3300.0
西藏,2025,专科批,理科,647,长白山职业技术学院,,3,会计信息管理,（办学地点：长白山职业技术学院。）,,3,三年,3500.0
西藏,2025,专科批,文科,647,长白山职业技术学院,,4,小学教育,（办学地点：长白山职业技术学院。师范类。）,,4,三年,3300.0
西藏,2025,专科批,文科,647,长白山职业技术学院,,2,会计信息管理,（办学地点：长白山职业技术学院。）,,3,三年,3500.0
西藏,2025,专科批,理科,584,闽北职业技术学院,,1,大数据与会计,,,10,三年,6000.0
西藏,2025,本科二批,理科,177,闽南师范大学,,2,法学,（办学地点：江滨校区。）,,2,四年,5040.0
西藏,2025,本科二批,理科,177,闽南师范大学,,4,社会工作,（办学地点：江滨校区。）,,2,四年,5040.0
西藏,2025,本科二批,理科,177,闽南师范大学,,8,汉语言文学,（大一在圆山校区就读，大二至大四在江滨校区就读。办学地点：圆山校区。师范类。）,,2,四年,5460.0
西藏,2025,本科二批,理科,177,闽南师范大学,,9,广告学,（办学地点：江滨校区。）,,2,四年,5040.0
西藏,2025,本科二批,文科,177,闽南师范大学,,1,法学,（办学地点：江滨校区。）,,3,四年,5040.0
西藏,2025,本科二批,文科,177,闽南师范大学,,5,思想政治教育,（办学地点：江滨校区。师范类。）,,3,四年,5040.0
西藏,2025,本科二批,文科,177,闽南师范大学,,10,历史学,（大一在圆山校区就读，大二至大四在江滨校区就读。办学地点：圆山校区。师范类。）,,3,四年,5040.0
西藏,2025,本科二批,文科,177,闽南师范大学,,3,政治学与行政学,（办学地点：江滨校区。）,,2,四年,5040.0
西藏,2025,本科二批,文科,177,闽南师范大学,,6,学前教育,（办学地点：江滨校区。师范类。）,,2,四年,5460.0
西藏,2025,本科二批,文科,177,闽南师范大学,,7,汉语言文学,（大一在圆山校区就读，大二至大四在江滨校区就读。办学地点：圆山校区。）,,2,四年,5460.0
西藏,2025,本科二批,文科,177,闽南师范大学,,11,地理科学,（大一在圆山校区就读，大二至大四在江滨校区就读。办学地点：圆山校区。师范类。）,,2,四年,5040.0
西藏,2025,本科二批,理科,,闽南理工学院,,,电气工程及其自动化,（办学地点：宝盖校区。）,,1,四年,27880.0
西藏,2025,本科二批,理科,,闽南理工学院,,,数字媒体技术,（办学地点：宝盖校区。）,,1,四年,27880.0
西藏,2025,本科二批,理科,,闽南理工学院,,,审计学,（办学地点：宝盖校区。）,,1,四年,27880.0
西藏,2025,本科二批,文科,,闽南理工学院,,,经济学,（办学地点：宝盖校区。）,,1,四年,27880.0
西藏,2025,本科二批,文科,,闽南理工学院,,,审计学,（办学地点：宝盖校区。）,,1,四年,27880.0
西藏,2025,本科二批,理科,,闽南科技学院,,,光电信息科学与工程,（办学地点：康美校区。）,,2,四年,24000.0
西藏,2025,本科二批,理科,,闽南科技学院,,,生物工程,（办学地点：康美校区。）,,2,四年,24000.0
西藏,2025,本科二批,理科,173,闽江学院,,8,人文地理与城乡规划,,,2,四年,5040.0
西藏,2025,本科二批,理科,173,闽江学院,,10,国际商务,,,2,四年,5460.0
西藏,2025,本科二批,理科,173,闽江学院,,11,电子商务,,,2,四年,5040.0
西藏,2025,本科二批,理科,173,闽江学院,,3,法学,,,1,四年,5040.0
西藏,2025,本科二批,文科,173,闽江学院,,7,文物与博物馆学,,,4,四年,5040.0
西藏,2025,本科二批,文科,173,闽江学院,,4,社会工作,,,3,四年,5040.0
西藏,2025,本科二批,文科,173,闽江学院,,2,法学,,,2,四年,5040.0
西藏,2025,本科二批,文科,173,闽江学院,,5,汉语言文学,,,2,四年,5040.0
西藏,2025,本科二批,文科,173,闽江学院,,6,广告学,,,2,四年,5460.0
西藏,2025,本科二批,文科,173,闽江学院,,12,旅游管理,,,2,四年,5040.0
西藏,2025,本科二批,文科,173,闽江学院,,1,国际经济与贸易,,,1,四年,5040.0
西藏,2025,本科二批,文科,173,闽江学院,,9,国际商务,,,1,四年,5460.0
西藏,2025,专科批,理科,675,闽江师范高等专科学校,,2,护理,（不招色盲、色弱。办学地点：福清校区。）,,1,三年,6600.0
西藏,2025,专科批,文科,675,闽江师范高等专科学校,,1,护理,（不招色弱、色盲。办学地点：福清校区。）,,1,三年,6600.0
西藏,2025,本科二批,理科,387,防灾科技学院,,,计算机类,（内地西藏班）,,2,四年,4900.0
西藏,2025,本科二批,理科,387,防灾科技学院,,,勘查技术与工程,（内地西藏班）,,2,四年,4900.0
西藏,2025,本科二批,理科,387,防灾科技学院,,,应急技术与管理,（内地西藏班）,,2,四年,4900.0
西藏,2025,国家专项计划本科批,理科,387,防灾科技学院,,,土木工程,（国家专项计划）,,3,四年,4900.0
西藏,2025,国家专项计划本科批,理科,387,防灾科技学院,,2,会计学,（国家专项计划）,,2,四年,4600.0
西藏,2025,提前录取本科二批,理科,796,陆军工程大学,,1,电气工程及其自动化,（全国人防电力工程及自动化技术工程师）（招英语语种。招生对象应当符合生源地高考报名条件且为中共党员或者共青团员的普通高中应届毕业生，学员入校后不参军，毕业后面向人防系统自主就业。）,,1,四年,
西藏,2025,提前录取本科二批,理科,796,陆军工程大学,,2,建筑环境与能源应用工程,（全国人防通风空调与给排水工程师）（招英语语种。招生对象应当符合生源地高考报名条件且为中共党员或者共青团员的普通高中应届毕业生，学员入校后不参军，毕业后面向人防系统自主就业。）,,1,四年,
西藏,2025,提前录取本科二批,理科,796,陆军工程大学,,3,工程管理,（全国人防建筑施工组织管理与监理工程师）（招英语语种。招生对象应当符合生源地高考报名条件且为中共党员或者共青团员的普通高中应届毕业生，学员入校后不参军，毕业后面向人防系统自主就业。）,,1,四年,
西藏,2025,本科二批,理科,590,陇东学院,,2,汉语言文学,（师范类。）,,2,四年,3800.0
西藏,2025,本科二批,理科,590,陇东学院,,4,数学与应用数学,（师范类。）,,2,四年,4000.0
西藏,2025,本科二批,理科,590,陇东学院,,5,生物科学,（师范类。）,,2,四年,4000.0
西藏,2025,本科二批,理科,590,陇东学院,,6,统计学,,,2,四年,4000.0
西藏,2025,本科二批,理科,590,陇东学院,,7,计算机科学与技术,,,2,四年,4400.0
西藏,2025,本科二批,理科,590,陇东学院,,8,生物制药,,,2,四年,4400.0
西藏,2025,本科二批,理科,590,陇东学院,,10,会计学,,,2,四年,3800.0
西藏,2025,本科二批,文科,590,陇东学院,,1,汉语言文学,（师范类。）,,2,四年,3800.0
西藏,2025,本科二批,文科,590,陇东学院,,3,历史学,（师范类。）,,2,四年,3800.0
西藏,2025,本科二批,文科,590,陇东学院,,9,会计学,,,2,四年,3800.0
西藏,2025,本科一批,理科,365,陕西中医药大学,,1,临床医学,,,8,五年,6500.0
西藏,2025,本科一批,理科,365,陕西中医药大学,,2,医学影像学,,,6,五年,6500.0
西藏,2025,本科一批,理科,365,陕西中医药大学,,3,中西医临床医学,,,6,五年,6500.0
西藏,2025,提前批艺体类本科,理科,,陕西国际商贸学院,,,动画,（民办）（认可区内美术与设计类专业统考成绩。）,,3,四年,29800.0
西藏,2025,提前批艺体类本科,理科,,陕西国际商贸学院,,,服装与服饰设计,（民办）（认可区内美术与设计类专业统考成绩。）,,3,四年,29800.0
西藏,2025,提前批艺体类本科,文科,,陕西国际商贸学院,,,动画,（民办）（认可区内美术与设计类专业统考成绩。）,,8,四年,29800.0
西藏,2025,提前批艺体类本科,文科,,陕西国际商贸学院,,,环境设计,（民办）（认可区内美术与设计类专业统考成绩。）,,8,四年,29800.0
西藏,2025,提前批艺体类本科,文科,,陕西国际商贸学院,,,产品设计,（民办）（认可区内美术与设计类专业统考成绩。）,,4,四年,29800.0
西藏,2025,提前批艺体类本科,文科,,陕西国际商贸学院,,,服装与服饰设计,（民办）（认可区内美术与设计类专业统考成绩。）,,4,四年,29800.0
西藏,2025,本科二批,文科,818,陕西学前师范学院,,3,汉语言文学,（办学地点：陕西学前师范学院长安校区。师范类。）,,4,四年,5000.0
西藏,2025,本科二批,文科,818,陕西学前师范学院,,1,学前教育,（办学地点：陕西学前师范学院长安校区。师范类。）,,3,四年,5350.0
西藏,2025,本科二批,文科,818,陕西学前师范学院,,2,小学教育,（办学地点：陕西学前师范学院长安校区。师范类。）,,3,四年,5000.0
西藏,2025,本科二批,文科,818,陕西学前师范学院,,4,历史学,（办学地点：陕西学前师范学院长安校区。师范类。）,,3,四年,4250.0
西藏,2025,本科二批,文科,818,陕西学前师范学院,,7,文化产业管理,（办学地点：陕西学前师范学院长安校区。）,,3,四年,5000.0
西藏,2025,本科二批,文科,818,陕西学前师范学院,,5,财务管理,（办学地点：陕西学前师范学院长安校区。）,,2,四年,5000.0
西藏,2025,本科二批,理科,818,陕西学前师范学院,,6,财务管理,（办学地点：陕西学前师范学院长安校区。）,,2,四年,5000.0
西藏,2025,专科批,文科,773,陕西工商职业学院,,2,网络营销与直播电商,（办学地点：郭杜校区。）,,5,三年,6500.0
西藏,2025,专科批,文科,773,陕西工商职业学院,,1,金融服务与管理,（办学地点：郭杜校区。）,,2,三年,6500.0
西藏,2025,高校专项计划本科批,理科,274,陕西师范大学,,,地理科学,（公费）（不招色盲、单色识别不全者。办学地点：主校区。本研衔接公费师范生。毕业后到日喀则市履约任教。）,,1,四年,
西藏,2025,国家专项计划本科批,理科,274,陕西师范大学,,16,食品科学与工程类,（不招色盲、单色识别不全者。含食品科学与工程、食品营养与健康专业。办学地点：主校区。）,,1,四年,6600.0
西藏,2025,本科一批,理科,274,陕西师范大学,,10,地理科学类,（不招色盲、单色识别不全者。含地理科学（师范）、地理科学（创新实验班）、地理信息科学专业。办学地点：主校区。）,,2,四年,6600.0
西藏,2025,本科一批,理科,274,陕西师范大学,,14,计算机类,（含计算机科学与技术（创新实验班）、软件工程、人工智能专业。办学地点：主校区。）,,2,四年,6600.0
西藏,2025,本科一批,理科,274,陕西师范大学,,,少数民族预科,（民族预科班）（预科培养地点：校本部。）,,1,一年,5500.0
西藏,2025,提前录取本科一批,理科,274,陕西师范大学,,,地理科学,（公费）（不招色盲、单色识别不全者。办学地点：主校区。本研衔接公费师范生。毕业后到山南市履约任教。）,,1,四年,
西藏,2025,提前录取本科一批,理科,274,陕西师范大学,,,生物科学,（公费）（不招色弱、色盲、单色识别不全者。办学地点：主校区。本研衔接公费师范生。毕业后到阿里地区履约任教。）,,1,四年,
西藏,2025,提前录取本科一批,理科,274,陕西师范大学,,,计算机科学与技术,（公费）（办学地点：主校区。本研衔接公费师范生。毕业后到那曲市履约任教。）,,1,四年,
西藏,2025,提前批艺体类本科,理科,274,陕西师范大学,,,体育教育,（公费）（办学地点：主校区。认可区内体育统考成绩。本研衔接公费师范生。毕业后到阿里地区履约任教。）,,1,四年,
西藏,2025,本科一批,文科,274,陕西师范大学,,3,马克思主义理论,（办学地点：主校区。）,,2,四年,5500.0
西藏,2025,本科一批,文科,274,陕西师范大学,,7,中国语言文学类,（含汉语言文学（师范）、汉语言文学（拔尖基地班）、汉语言文学专业。办学地点：主校区。）,,1,四年,5500.0
西藏,2025,本科一批,文科,274,陕西师范大学,,,少数民族预科,（民族预科班）（预科培养地点：校本部。）,,1,一年,5500.0
西藏,2025,国家专项计划本科批,文科,274,陕西师范大学,,17,公共管理类,（不招单色识别不全者。含法学、行政管理专业。办学地点：主校区。）,,1,四年,5500.0
西藏,2025,高校专项计划本科批,文科,274,陕西师范大学,,,思想政治教育,（公费）（办学地点：主校区。本研衔接公费师范生。毕业后到昌都市履约任教。）,,1,四年,
西藏,2025,提前录取本科一批,文科,274,陕西师范大学,,,思想政治教育,（公费）（办学地点：主校区。本研衔接公费师范生。毕业后到那曲市履约任教。）,,1,四年,
西藏,2025,提前录取本科一批,文科,274,陕西师范大学,,,学前教育,（公费）（不招色弱、色盲、单色识别不全者。办学地点：雁塔校区。本研衔接公费师范生。毕业后到山南市履约任教。）,,1,四年,
西藏,2025,提前录取本科一批,文科,274,陕西师范大学,,,汉语言文学,（公费）（办学地点：主校区。本研衔接公费师范生。毕业后到林芝市履约任教。）,,1,四年,
西藏,2025,提前录取本科一批,文科,274,陕西师范大学,,,历史学,（公费）（办学地点：主校区。本研衔接公费师范生。毕业后到那曲市履约任教。）,,1,四年,
西藏,2025,提前批艺体类本科,文科,,陕西服装工程学院,,,环境设计,（民办）（认可区内美术与设计类专业统考成绩。）,,3,四年,28800.0
西藏,2025,提前批艺体类本科,文科,,陕西服装工程学院,,,服装与服饰设计,（民办）（认可区内美术与设计类专业统考成绩。）,,2,四年,28800.0
西藏,2025,专科批,理科,689,陕西机电职业技术学院,,5,机电一体化技术,（办学地点：蟠龙校区。）,,12,三年,6500.0
西藏,2025,专科批,理科,689,陕西机电职业技术学院,,8,电气自动化技术,（办学地点：蟠龙校区。）,,8,三年,6500.0
西藏,2025,专科批,理科,689,陕西机电职业技术学院,,2,机械制造及自动化,（办学地点：蟠龙校区。）,,6,三年,6500.0
西藏,2025,专科批,理科,689,陕西机电职业技术学院,,3,材料成型及控制技术,（办学地点：蟠龙校区。）,,6,三年,6500.0
西藏,2025,专科批,理科,689,陕西机电职业技术学院,,12,新能源汽车技术,（办学地点：宝福路校区。）,,4,三年,6500.0
西藏,2025,专科批,理科,689,陕西机电职业技术学院,,16,铁道交通运营管理,（办学地点：蟠龙校区。）,,4,三年,6500.0
西藏,2025,专科批,理科,689,陕西机电职业技术学院,,20,数字媒体技术,（办学地点：宝福路校区。）,,4,三年,6500.0
西藏,2025,专科批,理科,689,陕西机电职业技术学院,,6,智能控制技术,（办学地点：蟠龙校区。）,,3,三年,6500.0
西藏,2025,专科批,理科,689,陕西机电职业技术学院,,9,无人机应用技术,（办学地点：蟠龙校区。）,,2,三年,6500.0
西藏,2025,专科批,理科,689,陕西机电职业技术学院,,14,铁道工程技术,（办学地点：蟠龙校区。）,,2,三年,6500.0
西藏,2025,专科批,文科,689,陕西机电职业技术学院,,4,机电一体化技术,（办学地点：蟠龙校区。）,,8,三年,6500.0
西藏,2025,专科批,文科,689,陕西机电职业技术学院,,1,机械制造及自动化,（办学地点：蟠龙校区。）,,4,三年,6500.0
西藏,2025,专科批,文科,689,陕西机电职业技术学院,,7,电气自动化技术,（办学地点：蟠龙校区。）,,4,三年,6500.0
西藏,2025,专科批,文科,689,陕西机电职业技术学院,,11,新能源汽车技术,（办学地点：宝福路校区。）,,4,三年,6500.0
西藏,2025,专科批,文科,689,陕西机电职业技术学院,,10,汽车制造与试验技术,（办学地点：宝福路校区。）,,2,三年,6500.0
西藏,2025,专科批,文科,689,陕西机电职业技术学院,,13,铁道工程技术,（办学地点：蟠龙校区。）,,2,三年,6500.0
西藏,2025,专科批,文科,689,陕西机电职业技术学院,,15,铁道交通运营管理,（办学地点：蟠龙校区。）,,2,三年,6500.0
西藏,2025,专科批,文科,689,陕西机电职业技术学院,,18,软件技术,（办学地点：宝福路校区。）,,2,三年,6500.0
西藏,2025,专科批,理科,689,陕西机电职业技术学院,,17,汽车检测与维修技术,（办学地点：宝福路校区。）,,2,三年,6500.0
西藏,2025,专科批,理科,689,陕西机电职业技术学院,,19,软件技术,（办学地点：宝福路校区。）,,2,三年,6500.0
西藏,2025,专科批,理科,689,陕西机电职业技术学院,,21,人工智能技术应用,（办学地点：蟠龙校区。）,,2,三年,6500.0
西藏,2025,本科二批,理科,275,陕西理工大学,,11,生物科学,（办学地点：陕西理工大学。师范类。）,,4,四年,6420.0
西藏,2025,本科二批,理科,275,陕西理工大学,,12,应用心理学,（办学地点：陕西理工大学。）,,4,四年,6000.0
西藏,2025,本科二批,理科,275,陕西理工大学,,18,电子商务,（办学地点：陕西理工大学。）,,4,四年,5000.0
西藏,2025,本科二批,理科,275,陕西理工大学,,1,经济学,（办学地点：陕西理工大学。）,,2,四年,5000.0
西藏,2025,本科二批,理科,275,陕西理工大学,,7,网络与新媒体,（办学地点：陕西理工大学。）,,2,四年,5000.0
西藏,2025,本科二批,理科,275,陕西理工大学,,10,地理科学,（办学地点：陕西理工大学。师范类。）,,2,四年,6000.0
西藏,2025,本科二批,理科,275,陕西理工大学,,13,土木工程,（办学地点：陕西理工大学。）,,2,四年,6000.0
西藏,2025,本科二批,理科,275,陕西理工大学,,14,制药工程,（办学地点：陕西理工大学。）,,2,四年,6000.0
西藏,2025,本科二批,理科,275,陕西理工大学,,15,药学,（办学地点：陕西理工大学。）,,2,四年,6000.0
西藏,2025,本科二批,理科,275,陕西理工大学,,17,工商管理,（市场营销方向）（办学地点：陕西理工大学。）,,2,四年,5000.0
西藏,2025,本科二批,文科,275,陕西理工大学,,2,法学,（办学地点：陕西理工大学。）,,2,四年,5000.0
西藏,2025,本科二批,文科,275,陕西理工大学,,5,汉语国际教育,（办学地点：陕西理工大学。）,,2,四年,5000.0
西藏,2025,本科二批,文科,275,陕西理工大学,,6,网络与新媒体,（办学地点：陕西理工大学。）,,2,四年,5000.0
西藏,2025,本科二批,文科,275,陕西理工大学,,16,工商管理,（市场营销方向）（办学地点：陕西理工大学。）,,2,四年,5000.0
西藏,2025,本科二批,文科,275,陕西理工大学,,3,思想政治教育,（办学地点：陕西理工大学。师范类。）,,1,四年,5000.0
西藏,2025,本科二批,文科,275,陕西理工大学,,8,历史学,（办学地点：陕西理工大学。师范类。）,,1,四年,4250.0
西藏,2025,本科二批,文科,275,陕西理工大学,,9,地理科学,（办学地点：陕西理工大学。师范类。）,,1,四年,6000.0
西藏,2025,本科一批,文科,345,陕西科技大学,,3,会计学,（办学地点：西安市未央大学园区。）,,4,四年,5000.0
西藏,2025,本科一批,理科,345,陕西科技大学,,1,教育技术学,（办学地点：西安市未央大学园区。）,,4,四年,5000.0
西藏,2025,本科一批,理科,345,陕西科技大学,,2,电气工程及其自动化,（办学地点：西安市未央大学园区。）,,4,四年,6480.0
西藏,2025,提前批艺体类本科,文科,345,陕西科技大学,,,设计学类,（含动画、视觉传达设计、环境设计、服装与服饰设计、艺术与科技专业。办学地点：西安市未央大学园区。认可区内美术与设计类专业统考成绩。）,,5,四年,15120.0
西藏,2025,专科批,理科,722,陕西邮电职业技术学院,,1,铁道通信与信息化技术,,,3,三年,6500.0
西藏,2025,专科批,理科,722,陕西邮电职业技术学院,,8,现代通信技术,,,2,三年,6500.0
西藏,2025,专科批,理科,722,陕西邮电职业技术学院,,2,电子信息工程技术,,,1,三年,6500.0
西藏,2025,专科批,理科,722,陕西邮电职业技术学院,,3,汽车智能技术,,,1,三年,6500.0
西藏,2025,专科批,理科,722,陕西邮电职业技术学院,,4,计算机网络技术,,,1,三年,6500.0
西藏,2025,专科批,理科,722,陕西邮电职业技术学院,,5,数字媒体技术,,,1,三年,6500.0
西藏,2025,专科批,理科,722,陕西邮电职业技术学院,,6,人工智能技术应用,,,1,三年,6500.0
西藏,2025,专科批,理科,722,陕西邮电职业技术学院,,13,市场营销,,,1,三年,6500.0
西藏,2025,专科批,理科,722,陕西邮电职业技术学院,,15,电子商务,,,1,三年,6500.0
西藏,2025,专科批,理科,722,陕西邮电职业技术学院,,17,现代物流管理,,,1,三年,6500.0
西藏,2025,专科批,文科,722,陕西邮电职业技术学院,,7,动漫制作技术,,,2,三年,6500.0
西藏,2025,专科批,文科,722,陕西邮电职业技术学院,,9,金融服务与管理,,,2,三年,6500.0
西藏,2025,专科批,文科,722,陕西邮电职业技术学院,,11,大数据与会计,,,2,三年,6500.0
西藏,2025,专科批,文科,722,陕西邮电职业技术学院,,12,市场营销,,,2,三年,6500.0
西藏,2025,专科批,文科,722,陕西邮电职业技术学院,,14,电子商务,,,2,三年,6500.0
西藏,2025,专科批,文科,722,陕西邮电职业技术学院,,16,现代物流管理,,,2,三年,6500.0
西藏,2025,专科批,文科,722,陕西邮电职业技术学院,,10,大数据与财务管理,,,1,三年,6500.0
西藏,2025,专科批,理科,525,雅安职业技术学院,,1,药学,,,10,三年,6380.0
西藏,2025,本科一批,理科,169,集美大学,,,少数民族预科,（民族预科班）（预科培养地点：集美大学。）,,5,一年,5040.0
西藏,2025,本科一批,理科,169,集美大学,,1,经济学,（办学地点：集美大学校本部。）,,2,四年,5460.0
西藏,2025,本科一批,理科,169,集美大学,,3,金融学,（办学地点：集美大学校本部。）,,2,四年,5460.0
西藏,2025,本科一批,理科,169,集美大学,,6,智能制造工程,（办学地点：集美大学校本部。）,,2,四年,5460.0
西藏,2025,本科一批,理科,169,集美大学,,7,电气工程及其自动化,（办学地点：集美大学校本部。）,,2,四年,5460.0
西藏,2025,本科一批,理科,169,集美大学,,8,通信工程,（办学地点：集美大学校本部。）,,2,四年,5460.0
西藏,2025,本科一批,理科,169,集美大学,,9,光电信息科学与工程,（办学地点：集美大学校本部。）,,2,四年,5460.0
西藏,2025,本科一批,理科,169,集美大学,,10,人工智能,（办学地点：集美大学校本部。）,,2,四年,5460.0
西藏,2025,本科一批,理科,169,集美大学,,11,计算机科学与技术,（办学地点：集美大学校本部。）,,2,四年,5460.0
西藏,2025,本科一批,理科,169,集美大学,,12,数据科学与大数据技术,（办学地点：集美大学校本部。）,,2,四年,5460.0
西藏,2025,本科一批,文科,169,集美大学,,,少数民族预科,（民族预科班）（预科培养地点：集美大学。）,,5,一年,5040.0
西藏,2025,本科一批,文科,169,集美大学,,2,金融学,（办学地点：集美大学校本部。）,,2,四年,5460.0
西藏,2025,本科一批,文科,169,集美大学,,4,法学,（办学地点：集美大学校本部。）,,2,四年,5460.0
西藏,2025,本科一批,文科,169,集美大学,,5,社会工作,（办学地点：集美大学校本部。）,,2,四年,5460.0
西藏,2025,本科一批,文科,169,集美大学,,17,旅游管理,（办学地点：集美大学校本部。）,,2,四年,5460.0
西藏,2025,本科一批,理科,169,集美大学,,13,网络空间安全,（办学地点：集美大学校本部。）,,2,四年,5460.0
西藏,2025,本科一批,理科,169,集美大学,,14,工程管理,（办学地点：集美大学校本部。）,,2,四年,5460.0
西藏,2025,本科一批,理科,169,集美大学,,15,物流管理,（办学地点：集美大学校本部。）,,2,四年,5460.0
西藏,2025,本科一批,理科,169,集美大学,,16,电子商务,（办学地点：集美大学校本部。）,,2,四年,5460.0
西藏,2025,本科一批,理科,169,集美大学,,18,旅游管理,（办学地点：集美大学校本部。）,,2,四年,5460.0
西藏,2025,本科二批,文科,,集美大学诚毅学院,,,法学,（办学地点：福建厦门。）,,2,四年,20000.0
西藏,2025,本科二批,文科,,集美大学诚毅学院,,,工商管理,（办学地点：福建厦门。）,,1,四年,20000.0
西藏,2025,本科二批,理科,,集美大学诚毅学院,,,法学,（办学地点：福建厦门。）,,1,四年,20000.0
西藏,2025,本科二批,理科,,集美大学诚毅学院,,,计算机科学与技术,（办学地点：福建厦门。）,,1,四年,23000.0
西藏,2025,本科二批,理科,,集美大学诚毅学院,,,工商管理,（办学地点：福建厦门。）,,1,四年,20000.0
西藏,2025,本科一批,理科,327,青岛大学,,4,工商管理,（办学地点：金家岭校区。）,,2,四年,6600.0
西藏,2025,本科一批,理科,327,青岛大学,,1,经济学,（办学地点：金家岭校区。）,,1,四年,6600.0
西藏,2025,本科一批,文科,327,青岛大学,,2,法学,（办学地点：浮山校区。）,,1,四年,5280.0
西藏,2025,本科一批,文科,327,青岛大学,,3,汉语言文学,（办学地点：浮山校区。师范类。）,,1,四年,5280.0
西藏,2025,本科一批,文科,327,青岛大学,,5,行政管理,（办学地点：金家岭校区。）,,1,四年,6325.0
西藏,2025,本科二批,理科,188,青岛理工大学,,9,土木工程,（办学地点：黄岛校区。）,,3,四年,6600.0
西藏,2025,本科二批,理科,188,青岛理工大学,,21,工业工程,（办学地点：黄岛校区。）,,2,四年,5500.0
西藏,2025,本科二批,理科,188,青岛理工大学,,1,经济学,（办学地点：黄岛校区。）,,1,四年,5500.0
西藏,2025,本科二批,理科,188,青岛理工大学,,6,测控技术与仪器,（办学地点：黄岛校区。）,,1,四年,6325.0
西藏,2025,本科二批,理科,188,青岛理工大学,,7,材料科学与工程,（办学地点：黄岛校区。）,,1,四年,6600.0
西藏,2025,本科二批,理科,188,青岛理工大学,,8,计算机科学与技术,（办学地点：黄岛校区。）,,1,四年,6600.0
西藏,2025,本科二批,理科,188,青岛理工大学,,10,建筑环境与能源应用工程,（办学地点：黄岛校区。）,,1,四年,6600.0
西藏,2025,本科二批,理科,188,青岛理工大学,,11,给排水科学与工程,（办学地点：黄岛校区。）,,1,四年,6600.0
西藏,2025,本科二批,理科,188,青岛理工大学,,12,智能建造,（办学地点：黄岛校区。）,,1,四年,6325.0
西藏,2025,本科二批,理科,188,青岛理工大学,,13,交通工程,（办学地点：黄岛校区。）,,1,四年,6600.0
西藏,2025,本科二批,文科,188,青岛理工大学,,3,社会工作,（办学地点：市北校区。）,,2,四年,4400.0
西藏,2025,本科二批,文科,188,青岛理工大学,,2,国际经济与贸易,（办学地点：黄岛校区。）,,1,四年,5500.0
西藏,2025,本科二批,文科,188,青岛理工大学,,4,英语,（办学地点：市北校区。招英语语种。）,,1,四年,5060.0
西藏,2025,本科二批,文科,188,青岛理工大学,,5,网络与新媒体,（办学地点：市北校区。）,,1,四年,4400.0
西藏,2025,本科二批,理科,188,青岛理工大学,,14,环境工程,（办学地点：黄岛校区。免补专业。）,,1,四年,6600.0
西藏,2025,本科二批,理科,188,青岛理工大学,,15,安全工程,（办学地点：黄岛校区。）,,1,四年,6600.0
西藏,2025,本科二批,理科,188,青岛理工大学,,16,工程管理,（办学地点：黄岛校区。）,,1,四年,6600.0
西藏,2025,本科二批,理科,188,青岛理工大学,,17,工程造价,（办学地点：黄岛校区。）,,1,四年,6600.0
西藏,2025,本科二批,理科,188,青岛理工大学,,18,市场营销,（办学地点：黄岛校区。）,,1,四年,6600.0
西藏,2025,本科二批,理科,188,青岛理工大学,,19,会计学,（办学地点：黄岛校区。）,,1,四年,6600.0
西藏,2025,本科二批,理科,188,青岛理工大学,,20,财务管理,（办学地点：黄岛校区。）,,1,四年,5500.0
西藏,2025,专科批,理科,743,青海农牧科技职业学院,,14,畜牧兽医,（免补专业。）,,5,三年,4700.0
西藏,2025,专科批,理科,743,青海农牧科技职业学院,,9,草业技术,（免补专业。）,,3,三年,4700.0
西藏,2025,专科批,理科,743,青海农牧科技职业学院,,12,动物医学,（免补专业。）,,3,三年,4700.0
西藏,2025,专科批,理科,743,青海农牧科技职业学院,,2,作物生产与经营管理,（免补专业。）,,2,三年,4700.0
西藏,2025,专科批,理科,743,青海农牧科技职业学院,,3,农产品加工与质量检测,（免补专业。）,,2,三年,4700.0
西藏,2025,专科批,理科,743,青海农牧科技职业学院,,6,现代农业经济管理,（免补专业。）,,2,三年,4300.0
西藏,2025,专科批,理科,743,青海农牧科技职业学院,,7,园林技术,（免补专业。）,,2,三年,4700.0
西藏,2025,专科批,理科,743,青海农牧科技职业学院,,15,会计信息管理,,,2,三年,4300.0
西藏,2025,专科批,理科,743,青海农牧科技职业学院,,20,智慧健康养老服务与管理,,,2,三年,4300.0
西藏,2025,专科批,文科,743,青海农牧科技职业学院,,13,畜牧兽医,（免补专业。）,,5,三年,4700.0
西藏,2025,专科批,文科,743,青海农牧科技职业学院,,10,草业技术,（免补专业。）,,3,三年,4700.0
西藏,2025,专科批,文科,743,青海农牧科技职业学院,,11,动物医学,（免补专业。）,,3,三年,4700.0
西藏,2025,专科批,文科,743,青海农牧科技职业学院,,1,作物生产与经营管理,（免补专业。）,,2,三年,4700.0
西藏,2025,专科批,文科,743,青海农牧科技职业学院,,4,农产品加工与质量检测,（免补专业。）,,2,三年,4700.0
西藏,2025,专科批,文科,743,青海农牧科技职业学院,,5,现代农业经济管理,（免补专业。）,,2,三年,4300.0
西藏,2025,专科批,文科,743,青海农牧科技职业学院,,8,园林技术,（免补专业。）,,2,三年,4700.0
西藏,2025,专科批,文科,743,青海农牧科技职业学院,,16,会计信息管理,,,2,三年,4300.0
西藏,2025,专科批,文科,743,青海农牧科技职业学院,,17,智慧健康养老服务与管理,,,2,三年,4300.0
西藏,2025,本科一批,理科,287,青海大学,,1,藏医学,（须有藏语文成绩。）,,11,五年,5770.0
西藏,2025,本科一批,理科,287,青海大学,,2,藏药学,（须有藏语文成绩。）,,6,四年,5250.0
西藏,2025,本科二批,理科,288,青海师范大学,,,物理学,（须藏语文成绩。办学地点：主校区。师范类。）,,3,四年,5000.0
西藏,2025,本科二批,理科,288,青海师范大学,,8,电子信息工程,（办学地点：主校区。）,,2,四年,5200.0
西藏,2025,本科二批,理科,288,青海师范大学,,,数学与应用数学,（须藏语文成绩。办学地点：主校区。师范类。）,,2,四年,5000.0
西藏,2025,本科二批,理科,288,青海师范大学,,,化学,（须藏语文成绩。办学地点：主校区。师范类。）,,2,四年,5000.0
西藏,2025,本科二批,文科,288,青海师范大学,,,英语,（招英语语种。须藏语文成绩。办学地点：主校区。师范类。）,,2,四年,4500.0
西藏,2025,本科二批,文科,288,青海师范大学,,,英语,（招英语语种。须藏语文成绩。赴内蒙古师范大学交流。“2+2”学习模式，即大一、大二在内蒙古师范大学交流学习，后续学年在青海师范大学学习。办学地点：主校区。师范类。）,,1,四年,4500.0
西藏,2025,专科批,文科,820,青海柴达木职业技术学院,,4,旅游管理,,,2,三年,4000.0
西藏,2025,专科批,文科,820,青海柴达木职业技术学院,,5,酒店管理与数字化运营,,,2,三年,4000.0
西藏,2025,专科批,文科,820,青海柴达木职业技术学院,,6,学前教育,,,2,三年,4000.0
西藏,2025,专科批,理科,820,青海柴达木职业技术学院,,1,绿色食品生产技术,（免补专业。）,,2,三年,4000.0
西藏,2025,专科批,理科,820,青海柴达木职业技术学院,,2,食品检验检测技术,,,2,三年,4000.0
西藏,2025,专科批,理科,820,青海柴达木职业技术学院,,3,护理,,,2,三年,4600.0
西藏,2025,本科二批,理科,289,青海民族大学,,5,中国少数民族语言文学,（藏语）（须藏语文成绩。办学地点：青海民族大学东序校区。）,,4,四年,4500.0
西藏,2025,本科二批,理科,289,青海民族大学,,11,药学,（办学地点：青海民族大学南山校区。）,,3,四年,5500.0
西藏,2025,本科二批,理科,289,青海民族大学,,13,旅游管理,（办学地点：青海民族大学东序校区。）,,3,四年,4500.0
西藏,2025,本科二批,理科,289,青海民族大学,,7,应用心理学,（办学地点：青海民族大学文实校区。）,,2,四年,5000.0
西藏,2025,本科二批,理科,289,青海民族大学,,8,材料物理,（办学地点：青海民族大学文实校区。）,,2,四年,5200.0
西藏,2025,本科二批,理科,289,青海民族大学,,9,计算机科学与技术,（民考民）（须藏语文成绩。办学地点：青海民族大学文实校区。）,,2,四年,5200.0
西藏,2025,本科二批,理科,289,青海民族大学,,10,信息安全,（办学地点：青海民族大学文实校区。）,,2,四年,5200.0
西藏,2025,本科二批,文科,289,青海民族大学,,4,中国少数民族语言文学,（藏语）（须藏语文成绩。办学地点：青海民族大学东序校区。）,,4,四年,4500.0
西藏,2025,本科二批,文科,289,青海民族大学,,1,民族学,（民考民）（须藏语文成绩。办学地点：青海民族大学文实校区。）,,2,四年,4500.0
西藏,2025,本科二批,文科,289,青海民族大学,,6,秘书学,（办学地点：青海民族大学东序校区。）,,2,四年,4500.0
西藏,2025,本科二批,文科,289,青海民族大学,,12,旅游管理,（办学地点：青海民族大学东序校区。）,,2,四年,4500.0
西藏,2025,专科批,理科,1125,青海职业技术大学,,1,环境监测技术,（办学地点：同安校区。免补专业。）,,2,三年,4700.0
西藏,2025,专科批,理科,1125,青海职业技术大学,,2,生态保护技术,（办学地点：同安校区。免补专业。）,,2,三年,4700.0
西藏,2025,专科批,理科,1125,青海职业技术大学,,3,建设工程监理,（办学地点：城北校区。）,,2,三年,4700.0
西藏,2025,专科批,理科,1125,青海职业技术大学,,4,智能机电技术,（办学地点：同安校区。）,,2,三年,4700.0
西藏,2025,专科批,理科,1125,青海职业技术大学,,5,智能控制技术,（办学地点：同安校区。）,,2,三年,4700.0
西藏,2025,专科批,理科,1125,青海职业技术大学,,6,铁道工程技术,（办学地点：城北校区。）,,2,三年,4700.0
西藏,2025,专科批,理科,1125,青海职业技术大学,,7,铁道车辆技术,（办学地点：城北校区。）,,2,三年,4700.0
西藏,2025,专科批,理科,1125,青海职业技术大学,,8,铁道供电技术,（办学地点：城北校区。）,,2,三年,4700.0
西藏,2025,专科批,理科,1125,青海职业技术大学,,9,物联网应用技术,（办学地点：城北校区。）,,2,三年,4700.0
西藏,2025,专科批,理科,1125,青海职业技术大学,,11,现代移动通信技术,（办学地点：城北校区。）,,2,三年,4700.0
西藏,2025,专科批,文科,1125,青海职业技术大学,,12,大数据与财务管理,（办学地点：城北校区。）,,2,三年,4300.0
西藏,2025,专科批,文科,1125,青海职业技术大学,,13,旅游管理,（办学地点：城北校区。）,,2,三年,4300.0
西藏,2025,专科批,文科,1125,青海职业技术大学,,10,大数据技术,（办学地点：城北校区。）,,1,三年,4700.0
西藏,2025,本科二批,理科,148,鞍山师范学院,,3,教育技术学,（办学地点：职教城校区。师范类。）,,5,四年,4800.0
西藏,2025,本科二批,理科,148,鞍山师范学院,,8,化学,（不招色弱、色盲及不能准确识别红、黄、绿、蓝、紫各种颜色中任何一种颜色的导线、按键、信号灯、几何图形的考生。办学地点：铁东校区。师范类。）,,5,四年,5200.0
西藏,2025,本科二批,理科,148,鞍山师范学院,,9,生物科学,（不招色弱、色盲及不能准确识别红、黄、绿、蓝、紫各种颜色中任何一种颜色的导线、按键、信号灯、几何图形的考生。办学地点：铁东校区。师范类。）,,5,四年,5200.0
西藏,2025,本科二批,理科,148,鞍山师范学院,,7,物理学,（办学地点：铁东校区。师范类。）,,4,四年,5200.0
西藏,2025,本科二批,文科,148,鞍山师范学院,,4,学前教育,（不招色弱、色盲及不能准确识别红、黄、绿、蓝、紫各种颜色中任何一种颜色的导线、按键、信号灯、几何图形的考生。办学地点：职教城校区。师范类。）,,6,四年,4800.0
西藏,2025,本科二批,文科,148,鞍山师范学院,,5,小学教育,（办学地点：职教城校区。师范类。）,,5,四年,4800.0
西藏,2025,本科二批,文科,148,鞍山师范学院,,1,社会工作,（办学地点：铁东校区。）,,3,四年,4800.0
西藏,2025,本科二批,文科,148,鞍山师范学院,,2,思想政治教育,（办学地点：铁东校区。师范类。）,,3,四年,4800.0
西藏,2025,本科二批,文科,148,鞍山师范学院,,6,汉语言文学,（办学地点：铁东校区。师范类。）,,3,四年,4800.0
西藏,2025,本科二批,文科,148,鞍山师范学院,,10,会计学,（不招不能准确识别红、黄、绿、蓝、紫各种颜色中任何一种颜色的导线、按键、信号灯、几何图形的考生。办学地点：铁东校区。）,,3,四年,5200.0
西藏,2025,本科二批,理科,1037,韩山师范学院,,1,教育技术学,（办学地点：韩山师范学院。师范类。）,,4,四年,5050.0
西藏,2025,本科二批,文科,1037,韩山师范学院,,2,历史学,（办学地点：韩山师范学院。师范类。）,,4,四年,5050.0
西藏,2025,提前批艺体类本科,理科,,首都体育学院,,,休闲体育,（身体条件须符合我校2025年招生章程相关要求。认可区内体育统考成绩。）,,1,四年,4200.0
西藏,2025,提前批艺体类本科,理科,,首都体育学院,,,体能训练,（身体条件须符合我校2025年招生章程相关要求。认可区内体育统考成绩。）,,1,四年,4200.0
西藏,2025,提前批艺体类本科,文科,,首都体育学院,,,体能训练,（身体条件须符合我校2025年招生章程相关要求。认可区内体育统考成绩。）,,1,四年,4200.0
西藏,2025,提前批艺体类本科,文科,,首都体育学院,,,冰雪运动,（身体条件须符合我校2025年招生章程相关要求。认可区内体育统考成绩。）,,1,四年,4200.0
西藏,2025,本科一批,理科,21,首都医科大学,,2,临床医学,（不招色盲、色弱、斜视、弱视。）,,2,五年,6000.0
西藏,2025,本科一批,理科,21,首都医科大学,,1,生物医学工程,（不招色盲、色弱、斜视、弱视。）,,1,四年,5500.0
西藏,2025,本科一批,理科,21,首都医科大学,,3,公共事业管理,（卫生管理）（不招色盲、色弱、斜视、弱视。）,,1,四年,5000.0
西藏,2025,本科一批,理科,24,首都师范大学,,2,旅游管理,（办学地点：北京。）,,2,四年,5000.0
西藏,2025,本科一批,文科,24,首都师范大学,,1,公共事业管理,（办学地点：北京。）,,2,四年,5000.0
西藏,2025,本科一批,理科,33,首都经济贸易大学,,1,法学,,,2,四年,5000.0
西藏,2025,本科一批,文科,33,首都经济贸易大学,,2,新闻传播学类,（色盲、单色识别能力异常在大类分流时不能分流到广告学专业。含广告学、传播学专业。）,,2,四年,5000.0
西藏,2025,提前录取本科一批,理科,998,香港中文大学,,2,理科类,（招英语语种。英语≥120，使用高考总成绩（不含加分）择优录取。理科类包括医学院及理学院共27个主修专业。学费为港币。只录取一志愿考生。）,,1,四年,178000.0
西藏,2025,提前录取本科一批,理科,998,香港中文大学,,3,本科入学奖学金类,（招英语语种。英语≥130，高考总成绩（不含加分）≥630。本科入学奖学金只给予填报为第一院校其中一个专业志愿的考生；获本科入学奖学金类的考生，可选择人文、理科、工科或商科类，共80个主修专业。学费为港币。只录取一志愿考生。）,,1,四年,89000.0
西藏,2025,提前录取本科一批,文科,998,香港中文大学,,1,人文类,（招英语语种。英语≥120，使用高考总成绩（不含加分）择优录取。人文类包括文学院、教育学院、法律学院及社会科学院共36个主修专业。学费为港币。只录取一志愿考生。）,,1,四年,178000.0
西藏,2025,提前录取本科一批,文科,998,香港中文大学,,4,本科入学奖学金类,（招英语语种。英语≥130，高考总成绩（不含加分）≥600。本科入学奖学金只给予填报为第一院校其中一个专业志愿的考生；获本科入学奖学金类的考生，可选择人文或商科类，共46个主修专业。学费为港币。只录取一志愿考生。）,,1,四年,89000.0
西藏,2025,提前录取本科一批,理科,999,香港城市大学,,2,理学院,（招英语语种。英语≥120，使用高考总成绩（不含加分）择优录取。有关选学系/入读专业安排和入门奖学金详情，见2025年本科内地招生章程第五章：www.cityu.edu.hk/mainland 及本科招生微信公众号。学费为每学年港币17万元。只录取一志愿考生。）,,1,四年,170000.0
西藏,2025,提前录取本科一批,理科,999,香港城市大学,,3,商学院,（招英语语种。英语≥120，使用高考总成绩（不含加分）择优录取。有关选学系/入读专业安排和入门奖学金详情，见2025年本科内地招生章程第五章：www.cityu.edu.hk/mainland 及本科招生微信公众号。学费为每学年港币17万元。只录取一志愿考生。）,,1,四年,170000.0
西藏,2025,提前录取本科一批,文科,999,香港城市大学,,1,人文社会科学院,（招英语语种。英语≥125，使用高考总成绩（不含加分）择优录取。有关选学系/入读专业安排和入门奖学金详情，见2025年本科内地招生章程第五章：www.cityu.edu.hk/mainland 及本科招生微信公众号。学费为每学年港币17万元。只录取一志愿考生。）,,1,四年,170000.0
西藏,2025,提前录取本科一批,文科,999,香港城市大学,,4,商学院,（招英语语种。英语≥120，使用高考总成绩（不含加分）择优录取。有关选学系/入读专业安排和入门奖学金详情，见2025年本科内地招生章程第五章：www.cityu.edu.hk/mainland 及本科招生微信公众号。学费为每学年港币17万元。只录取一志愿考生。）,,1,四年,170000.0
西藏,2025,本科二批,文科,550,黄冈师范学院,,1,法学,,,3,四年,5200.0
西藏,2025,本科二批,文科,550,黄冈师范学院,,2,思想政治教育,（师范类。）,,3,四年,5200.0
西藏,2025,本科二批,文科,550,黄冈师范学院,,3,汉语言文学,（师范类。）,,3,四年,5200.0
西藏,2025,本科二批,文科,550,黄冈师范学院,,4,历史学,（师范类。）,,3,四年,4000.0
西藏,2025,本科二批,文科,550,黄冈师范学院,,5,地理科学,（师范类。）,,3,四年,5200.0
西藏,2025,专科批,理科,314,黄冈职业技术学院,,7,临床医学,,,8,三年,5000.0
西藏,2025,专科批,理科,314,黄冈职业技术学院,,2,园林技术,（免补专业。）,,6,三年,5000.0
西藏,2025,专科批,理科,314,黄冈职业技术学院,,4,动物医学,（免补专业。）,,6,三年,5000.0
西藏,2025,专科批,理科,314,黄冈职业技术学院,,6,畜牧兽医,（免补专业。）,,5,三年,5000.0
西藏,2025,专科批,理科,314,黄冈职业技术学院,,10,大数据与会计,,,2,三年,5000.0
西藏,2025,专科批,文科,314,黄冈职业技术学院,,8,临床医学,,,6,三年,5000.0
西藏,2025,专科批,文科,314,黄冈职业技术学院,,1,园林技术,（免补专业。）,,5,三年,5000.0
西藏,2025,专科批,文科,314,黄冈职业技术学院,,3,动物医学,（免补专业。）,,5,三年,5000.0
西藏,2025,专科批,文科,314,黄冈职业技术学院,,5,畜牧兽医,（免补专业。）,,5,三年,5000.0
西藏,2025,专科批,文科,314,黄冈职业技术学院,,9,大数据与会计,,,2,三年,5000.0
西藏,2025,本科二批,理科,870,黑河学院,,3,物流管理,,,3,四年,4000.0
西藏,2025,本科二批,理科,870,黑河学院,,4,跨境电子商务,,,3,四年,4500.0
西藏,2025,本科二批,文科,870,黑河学院,,1,汉语言文学,,,4,四年,3000.0
西藏,2025,本科二批,文科,870,黑河学院,,2,历史学,（师范类。）,,3,四年,3000.0
西藏,2025,本科二批,理科,,黑龙江东方学院,,,乳品工程,,,13,四年,25000.0
西藏,2025,本科二批,理科,,黑龙江东方学院,,,市场营销,,,10,四年,24000.0
西藏,2025,本科一批,理科,464,黑龙江中医药大学,,4,护理学,,,4,四年,4000.0
西藏,2025,本科一批,理科,464,黑龙江中医药大学,,1,药学,,,3,四年,5000.0
西藏,2025,本科一批,理科,464,黑龙江中医药大学,,2,药物制剂,,,3,四年,4200.0
西藏,2025,本科一批,理科,464,黑龙江中医药大学,,3,康复治疗学,,,3,四年,5000.0
西藏,2025,专科批,理科,1215,黑龙江交通职业技术学院,,2,铁道机车运用与维护,（办学地点为齐齐哈尔校区，该专业更适合男生就业，不招色盲、色弱。办学地点：齐齐哈尔市。）,,7,三年,6000.0
西藏,2025,专科批,理科,1215,黑龙江交通职业技术学院,,3,铁道车辆技术,（办学地点为齐齐哈尔校区，该专业更适合男生就业，不招色盲、色弱。办学地点：齐齐哈尔市。）,,3,三年,6000.0
西藏,2025,专科批,理科,1215,黑龙江交通职业技术学院,,5,铁道供电技术,（办学地点为齐齐哈尔校区，该专业更适合男生就业，不招色盲、色弱。办学地点：齐齐哈尔市。）,,3,三年,6000.0
西藏,2025,专科批,文科,1215,黑龙江交通职业技术学院,,1,铁道机车运用与维护,（办学地点为齐齐哈尔校区，该专业更适合男生就业，不招色盲、色弱。办学地点：齐齐哈尔市。）,,3,三年,6000.0
西藏,2025,专科批,文科,1215,黑龙江交通职业技术学院,,4,铁道车辆技术,（办学地点为齐齐哈尔校区，该专业更适合男生就业，不招色盲、色弱。办学地点：齐齐哈尔市。）,,2,三年,6000.0
西藏,2025,专科批,文科,1215,黑龙江交通职业技术学院,,6,铁道供电技术,（办学地点为齐齐哈尔校区，该专业更适合男生就业，不招色盲、色弱。办学地点：齐齐哈尔市。）,,2,三年,6000.0
西藏,2025,本科二批,理科,437,黑龙江八一农垦大学,,1,制药工程,,,2,四年,4800.0
西藏,2025,本科二批,理科,437,黑龙江八一农垦大学,,2,交通运输,,,2,四年,4000.0
西藏,2025,本科二批,理科,437,黑龙江八一农垦大学,,3,食品科学与工程,,,2,四年,3500.0
西藏,2025,本科二批,理科,437,黑龙江八一农垦大学,,4,农学,（免补专业。）,,2,四年,3000.0
西藏,2025,本科二批,理科,437,黑龙江八一农垦大学,,5,农业资源与环境,（免补专业。）,,2,四年,3000.0
西藏,2025,本科二批,理科,437,黑龙江八一农垦大学,,6,动物科学,（免补专业。）,,2,四年,3000.0
西藏,2025,本科二批,理科,437,黑龙江八一农垦大学,,7,动物医学,（免补专业。）,,2,五年,3000.0
西藏,2025,专科批,文科,468,黑龙江农业工程职业学院,,10,新能源汽车技术,（办学地点：南岗校区。）,,3,三年,6000.0
西藏,2025,专科批,文科,468,黑龙江农业工程职业学院,,2,宠物医疗技术,（办学地点：松北校区。免补专业。）,,2,三年,6000.0
西藏,2025,专科批,文科,468,黑龙江农业工程职业学院,,3,宠物养护与驯导,（办学地点：松北校区。免补专业。）,,2,三年,6000.0
西藏,2025,专科批,文科,468,黑龙江农业工程职业学院,,12,生物制药技术,（办学地点：松北校区。）,,2,三年,6000.0
西藏,2025,专科批,文科,468,黑龙江农业工程职业学院,,5,智能控制技术,（办学地点：南岗校区。）,,1,三年,6000.0
西藏,2025,专科批,文科,468,黑龙江农业工程职业学院,,7,工业机器人技术,（办学地点：南岗校区。）,,1,三年,6000.0
西藏,2025,专科批,文科,468,黑龙江农业工程职业学院,,9,电气自动化技术,（办学地点：南岗校区。）,,1,三年,6000.0
西藏,2025,专科批,文科,468,黑龙江农业工程职业学院,,14,计算机应用技术,（办学地点：南岗校区。）,,1,三年,6000.0
西藏,2025,专科批,文科,468,黑龙江农业工程职业学院,,16,数字媒体技术,（办学地点：南岗校区。）,,1,三年,6000.0
西藏,2025,专科批,文科,468,黑龙江农业工程职业学院,,18,大数据技术,（办学地点：南岗校区。）,,1,三年,6000.0
西藏,2025,专科批,理科,468,黑龙江农业工程职业学院,,11,生物制药技术,（办学地点：松北校区。）,,2,三年,6000.0
西藏,2025,专科批,理科,468,黑龙江农业工程职业学院,,1,动物医学,（办学地点：松北校区。免补专业。）,,1,三年,6000.0
西藏,2025,专科批,理科,468,黑龙江农业工程职业学院,,4,智能控制技术,（办学地点：南岗校区。）,,1,三年,6000.0
西藏,2025,专科批,理科,468,黑龙江农业工程职业学院,,6,工业机器人技术,（办学地点：南岗校区。）,,1,三年,6000.0
西藏,2025,专科批,理科,468,黑龙江农业工程职业学院,,8,电气自动化技术,（办学地点：南岗校区。）,,1,三年,6000.0
西藏,2025,专科批,理科,468,黑龙江农业工程职业学院,,13,计算机应用技术,（办学地点：南岗校区。）,,1,三年,6000.0
西藏,2025,专科批,理科,468,黑龙江农业工程职业学院,,15,数字媒体技术,（办学地点：南岗校区。）,,1,三年,6000.0
西藏,2025,专科批,理科,468,黑龙江农业工程职业学院,,17,大数据技术,（办学地点：南岗校区。）,,1,三年,6000.0
西藏,2025,专科批,理科,468,黑龙江农业工程职业学院,,19,中药学,（办学地点：松北校区。）,,1,三年,6000.0
西藏,2025,专科批,理科,468,黑龙江农业工程职业学院,,21,大数据与会计,（办学地点：松北校区。）,,1,三年,6000.0
西藏,2025,专科批,文科,468,黑龙江农业工程职业学院,,20,中药学,（办学地点：松北校区。）,,1,三年,6000.0
西藏,2025,专科批,文科,468,黑龙江农业工程职业学院,,22,大数据与会计,（办学地点：松北校区。）,,1,三年,6000.0
西藏,2025,专科批,文科,468,黑龙江农业工程职业学院,,24,广告艺术设计,（办学地点：松北校区。）,,1,三年,6000.0
西藏,2025,专科批,理科,468,黑龙江农业工程职业学院,,23,广告艺术设计,（办学地点：松北校区。）,,1,三年,6000.0
西藏,2025,专科批,理科,500,黑龙江农业经济职业学院,,1,园艺技术,（办学地点：牡丹江市。免补专业。）,,20,三年,6000.0
西藏,2025,专科批,理科,500,黑龙江农业经济职业学院,,3,动物医学,（办学地点：牡丹江市。免补专业。）,,18,三年,6000.0
西藏,2025,专科批,理科,500,黑龙江农业经济职业学院,,9,机电一体化技术,（办学地点：牡丹江市。）,,18,三年,6000.0
西藏,2025,专科批,理科,500,黑龙江农业经济职业学院,,15,汽车检测与维修技术,（办学地点：牡丹江市。）,,10,三年,6000.0
西藏,2025,专科批,理科,500,黑龙江农业经济职业学院,,21,婴幼儿托育服务与管理,（办学地点：牡丹江市。）,,10,三年,6000.0
西藏,2025,专科批,理科,500,黑龙江农业经济职业学院,,23,大数据与会计,（办学地点：牡丹江市。）,,10,三年,6000.0
西藏,2025,专科批,理科,500,黑龙江农业经济职业学院,,5,宠物医疗技术,（办学地点：牡丹江市。免补专业。）,,6,三年,6000.0
西藏,2025,专科批,理科,500,黑龙江农业经济职业学院,,8,畜禽智能化养殖,（办学地点：牡丹江市。免补专业。）,,6,三年,6000.0
西藏,2025,专科批,理科,500,黑龙江农业经济职业学院,,11,药品生产技术,（办学地点：牡丹江市。）,,6,三年,6000.0
西藏,2025,专科批,理科,500,黑龙江农业经济职业学院,,13,药品经营与管理,（办学地点：牡丹江市。）,,6,三年,6000.0
西藏,2025,专科批,文科,500,黑龙江农业经济职业学院,,2,园艺技术,（办学地点：牡丹江市。免补专业。）,,15,三年,6000.0
西藏,2025,专科批,文科,500,黑龙江农业经济职业学院,,4,动物医学,（办学地点：牡丹江市。免补专业。）,,12,三年,6000.0
西藏,2025,专科批,文科,500,黑龙江农业经济职业学院,,10,机电一体化技术,（办学地点：牡丹江市。）,,12,三年,6000.0
西藏,2025,专科批,文科,500,黑龙江农业经济职业学院,,16,汽车检测与维修技术,（办学地点：牡丹江市。）,,10,三年,6000.0
西藏,2025,专科批,文科,500,黑龙江农业经济职业学院,,22,婴幼儿托育服务与管理,（办学地点：牡丹江市。）,,10,三年,6000.0
西藏,2025,专科批,文科,500,黑龙江农业经济职业学院,,24,大数据与会计,（办学地点：牡丹江市。）,,10,三年,6000.0
西藏,2025,专科批,文科,500,黑龙江农业经济职业学院,,20,动漫制作技术,（办学地点：牡丹江市。）,,5,三年,6000.0
西藏,2025,专科批,文科,500,黑龙江农业经济职业学院,,28,旅游管理,（办学地点：牡丹江市。）,,5,三年,6000.0
西藏,2025,专科批,文科,500,黑龙江农业经济职业学院,,6,宠物医疗技术,（办学地点：牡丹江市。免补专业。）,,4,三年,6000.0
西藏,2025,专科批,文科,500,黑龙江农业经济职业学院,,7,畜禽智能化养殖,（办学地点：牡丹江市。免补专业。）,,4,三年,6000.0
西藏,2025,专科批,理科,500,黑龙江农业经济职业学院,,19,动漫制作技术,（办学地点：牡丹江市。）,,5,三年,6000.0
西藏,2025,专科批,理科,500,黑龙江农业经济职业学院,,27,旅游管理,（办学地点：牡丹江市。）,,5,三年,6000.0
西藏,2025,专科批,理科,500,黑龙江农业经济职业学院,,17,计算机应用技术,（办学地点：牡丹江市。）,,4,三年,6000.0
西藏,2025,专科批,理科,500,黑龙江农业经济职业学院,,25,电子商务,（办学地点：牡丹江市。）,,4,三年,6000.0
西藏,2025,专科批,文科,500,黑龙江农业经济职业学院,,12,药品生产技术,（办学地点：牡丹江市。）,,4,三年,6000.0
西藏,2025,专科批,文科,500,黑龙江农业经济职业学院,,14,药品经营与管理,（办学地点：牡丹江市。）,,4,三年,6000.0
西藏,2025,专科批,文科,500,黑龙江农业经济职业学院,,26,电子商务,（办学地点：牡丹江市。）,,4,三年,6000.0
西藏,2025,专科批,文科,500,黑龙江农业经济职业学院,,18,计算机应用技术,（办学地点：牡丹江市。）,,3,三年,6000.0
西藏,2025,专科批,文科,763,黑龙江农垦职业学院,,3,护理,（办学地点：江北校区。）,,4,三年,6000.0
西藏,2025,专科批,文科,763,黑龙江农垦职业学院,,11,小学语文教育,（办学地点：江北校区。师范类。）,,4,三年,6000.0
西藏,2025,专科批,文科,763,黑龙江农垦职业学院,,7,电子商务,（办学地点：江北校区。）,,3,三年,6000.0
西藏,2025,专科批,文科,763,黑龙江农垦职业学院,,1,软件技术,（办学地点：江北校区。）,,2,三年,6000.0
西藏,2025,专科批,文科,763,黑龙江农垦职业学院,,5,助产,（男生谨慎报考。办学地点：江北校区。）,,2,三年,6000.0
西藏,2025,专科批,文科,763,黑龙江农垦职业学院,,9,学前教育,（办学地点：江北校区。师范类。）,,2,三年,6000.0
西藏,2025,专科批,理科,763,黑龙江农垦职业学院,,4,护理,（办学地点：江北校区。）,,4,三年,6000.0
西藏,2025,专科批,理科,763,黑龙江农垦职业学院,,12,小学语文教育,（办学地点：江北校区。师范类。）,,4,三年,6000.0
西藏,2025,专科批,理科,763,黑龙江农垦职业学院,,8,电子商务,（办学地点：江北校区。）,,3,三年,6000.0
西藏,2025,专科批,理科,763,黑龙江农垦职业学院,,2,软件技术,（办学地点：江北校区。）,,2,三年,6000.0
西藏,2025,专科批,理科,763,黑龙江农垦职业学院,,6,助产,（男生谨慎报考。办学地点：江北校区。）,,2,三年,6000.0
西藏,2025,专科批,理科,763,黑龙江农垦职业学院,,10,学前教育,（办学地点：江北校区。师范类。）,,2,三年,6000.0
西藏,2025,本科二批,文科,,黑龙江外国语学院,,,英语,（办学地点：黑龙江外国语学院。）,,5,四年,26000.0
西藏,2025,提前批艺体类本科,文科,,黑龙江外国语学院,,,环境设计,（民办）（办学地点：黑龙江外国语学院。认可区内美术与设计类专业统考成绩。）,,15,四年,29000.0
西藏,2025,提前批艺体类本科,文科,,黑龙江外国语学院,,,视觉传达设计,（民办）（办学地点：黑龙江外国语学院。认可区内美术与设计类专业统考成绩。）,,5,四年,29000.0
西藏,2025,本科一批,理科,102,黑龙江大学,,4,旅游管理,（办学地点：哈尔滨市。）,,2,四年,3500.0
西藏,2025,高校专项计划本科批,理科,102,黑龙江大学,,2,化学工程与工艺,（能源化工方向，培养具备能源化工专业的基本知识和专业技能，能够在能源、化工、资源、环保、材料以及医药等相关领域，从事能源与化工相关的生产运行与技术管理、工程设计、技术开发和科学研究等方面工作的应用研究型工程技术人才。办学地点：哈尔滨市。）,,1,四年,4000.0
西藏,2025,本科一批,文科,102,黑龙江大学,,1,法学,（办学地点：哈尔滨市。）,,4,四年,6000.0
西藏,2025,本科一批,文科,102,黑龙江大学,,3,行政管理,（办学地点：哈尔滨市。）,,2,四年,3300.0
西藏,2025,本科一批,文科,102,黑龙江大学,,5,旅游管理,（办学地点：哈尔滨市。）,,2,四年,3500.0
西藏,2025,本科二批,理科,700,黑龙江工业学院,,5,测绘工程,,,3,四年,5000.0
西藏,2025,本科二批,理科,700,黑龙江工业学院,,3,过程装备与控制工程,（学费待定。）,,2,四年,
西藏,2025,本科二批,理科,700,黑龙江工业学院,,4,智能电网信息工程,,,2,四年,5000.0
西藏,2025,本科二批,理科,700,黑龙江工业学院,,6,食品质量与安全,,,2,四年,5000.0
西藏,2025,本科二批,文科,700,黑龙江工业学院,,1,商务经济学,,,2,四年,4500.0
西藏,2025,本科二批,文科,700,黑龙江工业学院,,2,秘书学,,,2,四年,4000.0
西藏,2025,提前批艺体类本科,文科,,黑龙江工商学院,,,数字媒体艺术,（民办）（办学地点：哈尔滨市。认可区内美术与设计类专业统考成绩。）,,7,四年,27800.0
西藏,2025,提前批艺体类本科,文科,,黑龙江工商学院,,,视觉传达设计,（民办）（办学地点：哈尔滨市。认可区内美术与设计类专业统考成绩。）,,3,四年,27800.0
西藏,2025,提前批艺体类本科,文科,,黑龙江工商学院,,,环境设计,（民办）（办学地点：哈尔滨市。认可区内美术与设计类专业统考成绩。）,,3,四年,27800.0
西藏,2025,本科二批,文科,392,黑龙江工程学院,,10,会计学,,,2,四年,3500.0
西藏,2025,本科二批,理科,392,黑龙江工程学院,,1,金融工程,,,4,四年,3500.0
西藏,2025,本科二批,理科,392,黑龙江工程学院,,8,市场营销,,,4,四年,3500.0
西藏,2025,本科二批,理科,392,黑龙江工程学院,,5,交通运输类,（含交通运输、交通工程专业。）,,3,四年,4000.0
西藏,2025,本科二批,理科,392,黑龙江工程学院,,2,机械类,（含材料成型及控制工程、机械电子工程专业。）,,2,四年,4500.0
西藏,2025,本科二批,理科,392,黑龙江工程学院,,3,新能源汽车工程,,,2,四年,5000.0
西藏,2025,本科二批,理科,392,黑龙江工程学院,,4,材料类,（含材料科学与工程、复合材料与工程、功能材料专业。）,,2,四年,4500.0
西藏,2025,本科二批,理科,392,黑龙江工程学院,,6,工程管理,,,2,四年,3500.0
西藏,2025,本科二批,理科,392,黑龙江工程学院,,7,工程造价,,,2,四年,4500.0
西藏,2025,本科二批,理科,392,黑龙江工程学院,,9,会计学,,,2,四年,3500.0
西藏,2025,本科二批,文科,,黑龙江工程学院昆仑旅游学院,,,英语,,,2,四年,21500.0
西藏,2025,本科二批,文科,,黑龙江工程学院昆仑旅游学院,,,网络与新媒体,,,2,四年,21500.0
西藏,2025,本科二批,文科,,黑龙江工程学院昆仑旅游学院,,,财务管理,,,2,四年,21500.0
西藏,2025,本科二批,文科,,黑龙江工程学院昆仑旅游学院,,,市场营销,,,1,四年,21500.0
西藏,2025,本科二批,文科,,黑龙江工程学院昆仑旅游学院,,,旅游管理,,,1,四年,21500.0
西藏,2025,本科二批,理科,,黑龙江工程学院昆仑旅游学院,,,计算机科学与技术,,,6,四年,23800.0
西藏,2025,本科二批,理科,,黑龙江工程学院昆仑旅游学院,,,英语,,,2,四年,21500.0
西藏,2025,本科二批,理科,,黑龙江工程学院昆仑旅游学院,,,网络与新媒体,,,2,四年,21500.0
西藏,2025,本科二批,理科,,黑龙江工程学院昆仑旅游学院,,,数字媒体技术,,,2,四年,23800.0
西藏,2025,本科二批,理科,,黑龙江工程学院昆仑旅游学院,,,财务管理,,,2,四年,21500.0
西藏,2025,本科二批,理科,,黑龙江工程学院昆仑旅游学院,,,市场营销,,,1,四年,21500.0
西藏,2025,本科二批,理科,,黑龙江工程学院昆仑旅游学院,,,旅游管理,,,1,四年,21500.0
西藏,2025,专科批,文科,614,黑龙江民族职业学院,,2,护理,,,5,三年,6000.0
西藏,2025,专科批,文科,614,黑龙江民族职业学院,,4,学前教育,（师范类。）,,5,三年,6000.0
西藏,2025,专科批,理科,614,黑龙江民族职业学院,,3,护理,,,30,三年,6000.0
西藏,2025,专科批,理科,614,黑龙江民族职业学院,,5,学前教育,（师范类。）,,20,三年,6000.0
西藏,2025,本科一批,文科,436,黑龙江科技大学,,3,会计学,,,5,四年,3500.0
西藏,2025,本科二批,文科,436,黑龙江科技大学,,1,国际经济与贸易,,,5,四年,3500.0
西藏,2025,本科二批,文科,436,黑龙江科技大学,,2,市场营销,,,4,四年,4000.0
西藏,2025,本科二批,理科,,黑龙江财经学院,,,金融学,,,1,四年,27000.0
西藏,2025,本科二批,理科,,黑龙江财经学院,,,商务英语,（招英语语种。）,,1,四年,25000.0
西藏,2025,本科二批,理科,,黑龙江财经学院,,,国际商务,,,1,四年,25000.0
西藏,2025,本科二批,理科,,黑龙江财经学院,,,资产评估,,,1,四年,26000.0
西藏,2025,本科二批,理科,,黑龙江财经学院,,,旅游管理,,,1,四年,26000.0
西藏,2025,本科二批,理科,,黑龙江财经学院,,,会展经济与管理,,,1,四年,26000.0
西藏,2025,本科二批,文科,,黑龙江财经学院,,,金融学,,,1,四年,27000.0
西藏,2025,本科二批,文科,,黑龙江财经学院,,,商务英语,（招英语语种。）,,1,四年,25000.0
西藏,2025,本科二批,文科,,黑龙江财经学院,,,广告学,,,1,四年,25000.0
西藏,2025,本科二批,文科,,黑龙江财经学院,,,国际商务,,,1,四年,25000.0
西藏,2025,本科二批,文科,,黑龙江财经学院,,,资产评估,,,1,四年,26000.0
西藏,2025,本科二批,文科,,黑龙江财经学院,,,旅游管理,,,1,四年,26000.0
西藏,2025,本科二批,文科,,黑龙江财经学院,,,会展经济与管理,,,1,四年,26000.0
西藏,2025,本科二批,理科,260,黔南民族师范学院,,1,化学,（办学地点：主校区。师范类。）,,2,四年,4200.0
西藏,2025,本科二批,理科,,齐鲁医药学院,,,预防医学,,,2,五年,22500.0
西藏,2025,本科二批,理科,,齐鲁医药学院,,,中药学,,,2,四年,19000.0
西藏,2025,本科二批,理科,,齐鲁医药学院,,,医学检验技术,,,2,四年,20800.0
西藏,2025,本科二批,理科,,齐鲁医药学院,,,护理学,,,2,四年,19000.0
西藏,2025,本科二批,理科,,齐鲁医药学院,,,口腔医学,,,1,五年,29800.0
西藏,2025,本科二批,理科,,齐鲁医药学院,,,药学,,,1,四年,19000.0
西藏,2025,本科二批,文科,,齐鲁医药学院,,,护理学,,,3,四年,19000.0
西藏,2025,本科二批,文科,,齐鲁医药学院,,,健康服务与管理,,,2,四年,16800.0
西藏,2025,本科二批,理科,337,齐齐哈尔医学院,,1,临床医学,,,8,五年,6500.0
西藏,2025,本科二批,理科,337,齐齐哈尔医学院,,4,医学检验技术,,,4,四年,6500.0
西藏,2025,本科二批,理科,337,齐齐哈尔医学院,,5,医学影像技术,,,4,四年,6500.0
西藏,2025,本科二批,理科,337,齐齐哈尔医学院,,2,精神医学,,,2,五年,6500.0
西藏,2025,本科二批,理科,337,齐齐哈尔医学院,,3,预防医学,,,2,五年,6500.0
西藏,2025,本科二批,文科,110,齐齐哈尔大学,,5,汉语言文学,（办学地点：齐齐哈尔大学。）,,10,四年,4000.0
西藏,2025,本科二批,文科,110,齐齐哈尔大学,,8,工商管理类,（含工商管理、市场营销、财务管理专业。办学地点：齐齐哈尔大学。）,,10,四年,3500.0
西藏,2025,本科二批,文科,110,齐齐哈尔大学,,6,广播电视学,（办学地点：齐齐哈尔大学。）,,5,四年,8000.0
西藏,2025,本科二批,文科,110,齐齐哈尔大学,,1,法学,（办学地点：齐齐哈尔大学。）,,4,四年,3000.0
西藏,2025,本科二批,文科,110,齐齐哈尔大学,,2,思想政治教育,（办学地点：齐齐哈尔大学。师范类。）,,3,四年,2500.0
西藏,2025,本科二批,文科,110,齐齐哈尔大学,,4,汉语言文学,（办学地点：齐齐哈尔大学。师范类。）,,3,四年,2500.0
西藏,2025,本科二批,文科,110,齐齐哈尔大学,,7,历史学,（办学地点：齐齐哈尔大学。师范类。）,,2,四年,2500.0
西藏,2025,本科二批,文科,,齐齐哈尔工程学院,,,财务管理,（办学地点：齐齐哈尔。）,,5,四年,26800.0
西藏,2025,本科二批,理科,,齐齐哈尔工程学院,,,数据科学与大数据技术,（办学地点：齐齐哈尔。）,,4,四年,26800.0
西藏,2025,本科二批,理科,,齐齐哈尔工程学院,,,机械设计制造及其自动化,（办学地点：齐齐哈尔。）,,2,四年,25800.0
西藏,2025,本科二批,理科,,齐齐哈尔工程学院,,,计算机科学与技术,（办学地点：齐齐哈尔。）,,2,四年,25800.0
西藏,2025,本科二批,文科,344,龙岩学院,,1,国际经济与贸易,,,2,四年,5040.0
西藏,2025,本科二批,文科,344,龙岩学院,,3,广播电视学,,,2,四年,5040.0
西藏,2025,本科二批,文科,344,龙岩学院,,8,旅游管理,,,2,四年,5040.0
西藏,2025,本科二批,理科,344,龙岩学院,,2,国际经济与贸易,,,2,四年,5040.0
西藏,2025,本科二批,理科,344,龙岩学院,,4,应用化学,（不招色弱。）,,2,四年,5040.0
西藏,2025,本科二批,理科,344,龙岩学院,,5,地球信息科学与技术,（不招色弱。免补专业。）,,2,四年,5040.0
西藏,2025,本科二批,理科,344,龙岩学院,,6,环境工程,（免补专业。）,,2,四年,5040.0
西藏,2025,本科二批,理科,344,龙岩学院,,7,动物医学,（不招色弱。免补专业。）,,2,五年,5460.0
