province,year,category,batch,university_code,university_name,major_group,subject_req,min_score,min_rank,control_score,score_diff,admit_count,school_province,school_nature,is_985,is_211
广西,2025,历史类,专科批,10275,上海旅游高等专科学校,,首选历史，再选不限,395,54488,,,12,上海,公办,0,0
广西,2025,历史类,专科批,10301,江苏城市职业学院,（101）,首选历史，再选不限,397,39045,,,0,江苏,公办,0,0
广西,2025,历史类,专科批,10518,汉江师范学院,（109）,首选历史，再选不限,431,39498,,,4,湖北,公办,0,0
广西,2025,历史类,专科批,10598,广西医科大学,,首选历史，再选不限,412,43476,,,0,广西,公办,0,0
广西,2025,历史类,专科批,10600,广西中医药大学,（113）,首选历史，再选不限,438,37006,,,30,广西,公办,0,0
广西,2025,历史类,专科批,10842,三门峡职业技术学院,（156）,首选历史，再选不限,325,85397,,,0,河南,公办,0,0
广西,2025,历史类,专科批,10845,大连职业技术学院,（111）,首选历史，再选不限,266,90177,,,0,辽宁,公办,0,0
广西,2025,历史类,专科批,10852,上海工商职业技术学院,（101）,首选历史，再选不限,382,63446,,,0,上海,民办,0,0
广西,2025,历史类,专科批,10872,伊春职业学院,（101）,首选历史，再选不限,306,74013,,,20,黑龙江,公办,0,0
广西,2025,历史类,专科批,10888,江西医学高等专科学校,（106）,首选历史，再选不限,408,48902,,,0,江西,公办,0,0
广西,2025,历史类,专科批,11050,连云港职业技术学院,（101）,首选历史，再选不限,392,58418,,,0,江苏,公办,0,0
广西,2025,历史类,专科批,11051,镇江市高等专科学校,（101）,首选历史，再选不限,378,62920,,,5,江苏,公办,0,0
广西,2025,历史类,专科批,11248,辽宁农业职业技术学院,（101）,首选历史，再选不限,267,92517,,,25,辽宁,公办,0,0
广西,2025,历史类,专科批,11314,漳州职业技术学院,（101）,首选历史，再选不限,426,37823,,,0,福建,公办,0,0
广西,2025,历史类,专科批,11315,闽西职业技术学院,（101）,首选历史，再选不限,342,74595,,,36,福建,公办,0,0
广西,2025,历史类,专科批,11317,黎明职业大学,（101）,首选历史，再选不限,371,59446,,,17,福建,公办,0,0
广西,2025,历史类,专科批,11350,广西体育高等专科学校,（111）,首选历史，再选不限,339,61416,,,0,广西,公办,0,0
广西,2025,历史类,专科批,11440,长春金融高等专科学校,（101）,首选历史，再选不限,300,80796,,,5,吉林,公办,0,0
广西,2025,历史类,专科批,11500,辽宁省交通高等专科学校,（100）,首选历史，再选不限,284,84401,,,0,辽宁,公办,0,0
广西,2025,历史类,专科批,11608,广西水利电力职业技术学院,,首选历史，再选不限,345,48902,,,0,广西,公办,0,0
广西,2025,历史类,专科批,11773,广西职业技术学院,（111）,首选历史，再选不限,395,43476,,,626,广西,公办,0,0
广西,2025,历史类,专科批,11837,桂林旅游学院,,首选历史，再选不限,309,55474,,,0,广西,公办,0,0
广西,2025,历史类,专科批,11961,安徽第二医学院,（100）,首选历史，再选不限,423,40357,,,7,安徽,公办,0,0
广西,2025,历史类,专科批,11968,安徽中医药高等专科学校,（101）,首选历史，再选不限,417,35788,,,20,安徽,公办,0,0
广西,2025,历史类,专科批,12046,广州职业技术大学,（101）,首选历史，再选不限,423,42133,,,20,广东,公办,0,0
广西,2025,历史类,专科批,12051,湖北职业技术学院,（111）,首选历史，再选不限,388,41669,,,48,湖北,公办,0,0
广西,2025,历史类,专科批,12063,盘锦职业技术学院,（101）,首选历史，再选不限,207,95144,,,0,辽宁,公办,0,0
广西,2025,历史类,专科批,12354,襄阳职业技术学院,,首选历史，再选不限,418,39923,,,10,湖北,公办,0,0
广西,2025,历史类,专科批,12493,上海行健职业学院,（100）,首选历史，再选不限,394,54982,,,0,上海,公办,0,0
广西,2025,历史类,专科批,12593,辽宁生态工程职业学院,（100）,首选历史，再选不限,245,109941,,,0,辽宁,公办,0,0
广西,2025,历史类,专科批,12606,重庆工贸职业技术学院,（102）,首选历史，再选不限,366,71374,,,10,重庆,公办,0,0
广西,2025,历史类,专科批,12628,福建电力职业技术学院,（101）,首选历史，再选不限,389,59953,,,0,福建,公办,0,0
广西,2025,历史类,专科批,12638,四川水利职业技术学院,（101）,首选历史，再选不限,373,61416,,,0,四川,公办,0,0
广西,2025,历史类,专科批,12671,包头轻工职业技术学院,（111）,首选历史，再选不限,203,114720,,,0,内蒙古,公办,0,0
广西,2025,历史类,专科批,12726,黑龙江农业工程职业学院,（102）,首选历史，再选不限,285,88761,,,4,黑龙江,公办,0,0
广西,2025,历史类,专科批,12727,黑龙江农垦职业学院,（101）,首选历史，再选不限,316,76689,,,19,黑龙江,公办,0,0
广西,2025,历史类,专科批,12759,重庆工程职业技术学院,（102）,首选历史，再选不限,385,50770,,,3,重庆,公办,0,0
广西,2025,历史类,专科批,12793,鹤壁职业技术学院,（111）,首选历史，再选不限,330,78740,,,0,河南,公办,0,0
广西,2025,历史类,专科批,12805,江苏电子信息职业学院,（101）,首选历史，再选不限,365,69199,,,0,江苏,公办,0,0
广西,2025,历史类,专科批,12820,重庆建筑科技职业学院,（101）,首选历史，再选不限,221,105016,,,21,重庆,民办,0,0
广西,2025,历史类,专科批,12861,浙江机电职业技术大学,（102）,首选历史，再选不限,421,43476,,,0,浙江,公办,0,0
广西,2025,历史类,专科批,12864,浙江经贸职业技术学院,（101）,首选历史，再选不限,413,36602,,,10,浙江,公办,0,0
广西,2025,历史类,专科批,12865,浙江商业职业技术学院,（101）,首选历史，再选不限,401,40357,,,12,浙江,公办,0,0
广西,2025,历史类,专科批,12871,浙江工业职业技术学院,（101）,首选历史，再选不限,367,71374,,,5,浙江,公办,0,0
广西,2025,历史类,专科批,12887,河北旅游职业学院,（101）,首选历史，再选不限,218,117852,,,5,河北,公办,0,0
广西,2025,历史类,专科批,12908,大兴安岭职业学院,（110）,首选历史，再选不限,281,82370,,,12,黑龙江,公办,0,0
广西,2025,历史类,专科批,12912,上海农林职业技术学院,（101）,首选历史，再选不限,386,55920,,,0,上海,公办,0,0
广西,2025,历史类,专科批,12931,渤海船舶职业学院,（101）,首选历史，再选不限,296,86386,,,0,辽宁,公办,0,0
广西,2025,历史类,专科批,12942,江西应用技术职业学院,（100）,首选历史，再选不限,420,45323,,,1,江西,公办,0,0
广西,2025,历史类,专科批,12976,江西机电职业技术学院,（101）,首选历史，再选不限,344,60450,,,11,江西,公办,0,0
广西,2025,历史类,专科批,13012,山东信息职业技术学院,（101）,首选历史，再选不限,292,86386,,,0,山东,公办,0,0
广西,2025,历史类,专科批,13026,杭州科技职业技术学院,（111）,首选历史，再选不限,419,42560,,,5,浙江,公办,0,0
广西,2025,历史类,专科批,13054,六盘水职业技术学院,（101）,首选历史，再选不限,250,71901,,,22,贵州,公办,0,0
广西,2025,历史类,专科批,13071,河北交通职业技术学院,（101）,首选历史，再选不限,333,88761,,,0,河北,公办,0,0
广西,2025,历史类,专科批,13072,河北化工医药职业技术学院,（102）,首选历史，再选不限,394,57399,,,2,河北,公办,0,0
广西,2025,历史类,专科批,13136,云南能源职业技术学院,（101）,首选历史，再选不限,344,79274,,,3,云南,公办,0,0
广西,2025,历史类,专科批,13138,广西建设职业技术学院,,首选历史，再选不限,334,59446,,,0,广西,公办,0,0
广西,2025,历史类,专科批,13171,临汾职业技术学院,（102）,首选历史，再选不限,364,72964,,,2,山西,公办,0,0
广西,2025,历史类,专科批,13207,大连科技学院,（102）,首选历史，再选不限,200,119153,,,0,辽宁,民办,0,0
广西,2025,历史类,专科批,13424,宜春职业技术学院,（100）,首选历史，再选不限,417,46658,,,2,江西,公办,0,0
广西,2025,历史类,专科批,13577,海南外国语职业学院,（101）,首选历史，再选不限,311,56420,,,0,海南,公办,0,0
广西,2025,历史类,专科批,13637,温州商学院,（104）,首选历史，再选不限,292,101067,,,10,浙江,民办,0,0
广西,2025,历史类,专科批,13709,广州工程技术职业学院,（101）,首选历史，再选不限,387,60922,,,6,广东,公办,0,0
广西,2025,历史类,专科批,13758,云南林业职业技术学院,（101）,首选历史，再选不限,357,76689,,,0,云南,公办,0,0
广西,2025,历史类,专科批,13758,云南林业职业技术学院,（102）,首选历史，再选生物,367,71374,,,0,云南,公办,0,0
广西,2025,历史类,专科批,13772,湄洲湾职业技术学院,（101）,首选历史，再选不限,359,72964,,,15,福建,公办,0,0
广西,2025,历史类,专科批,13775,抚州医药学院,,首选历史，再选不限,396,42631,,,0,江西,公办,0,0
广西,2025,历史类,专科批,13784,信阳职业技术学院,（101）,首选历史，再选不限,381,59953,,,12,河南,公办,0,0
广西,2025,历史类,专科批,13793,江汉艺术职业学院,（100）,首选历史，再选不限,339,71901,,,15,湖北,公办,0,0
广西,2025,历史类,专科批,13796,武汉民政职业学院,（111）,首选历史，再选不限,412,41669,,,9,湖北,公办,0,0
广西,2025,历史类,专科批,13821,忻州职业技术学院,（101）,首选历史，再选不限,364,72964,,,0,山西,公办,0,0
广西,2025,历史类,专科批,13875,海南经贸职业技术学院,（311）,首选历史，再选不限,349,72439,,,0,海南,公办,0,0
广西,2025,历史类,专科批,13937,湖南汽车工程职业大学,（101）,首选历史，再选不限,375,60450,,,0,湖南,公办,0,0
广西,2025,历史类,专科批,13943,广州铁路职业技术学院,（101）,首选历史，再选不限,438,35389,,,0,广东,公办,0,0
广西,2025,历史类,专科批,13961,大连枫叶职业技术学院,（101）,首选历史，再选不限,213,104716,,,0,辽宁,民办,0,0
广西,2025,历史类,专科批,13973,厦门城市职业学院,（101）,首选历史，再选不限,395,53084,,,0,福建,公办,0,0
广西,2025,历史类,专科批,14012,曲靖健康医学院,,首选历史，再选不限,234,59446,,,45,云南,公办,0,0
广西,2025,历史类,专科批,14013,楚雄医药高等专科学校,（102）,首选历史，再选不限,391,58923,,,4,云南,公办,0,0
广西,2025,历史类,专科批,14026,广西英华国际职业学院,（101）,首选历史，再选不限,200,111610,,,0,广西,民办,0,0
广西,2025,历史类,专科批,14076,辽宁装备制造职业技术学院,（101）,首选历史，再选不限,259,112784,,,5,辽宁,公办,0,0
广西,2025,历史类,专科批,14117,漳州卫生职业学院,（111）,首选历史，再选不限,390,55474,,,16,福建,公办,0,0
广西,2025,历史类,专科批,14127,广西工程职业学院,（101）,首选历史，再选不限,200,109256,,,0,广西,民办,0,0
广西,2025,历史类,专科批,14128,重庆财经职业学院,（101）,首选历史，再选不限,388,58418,,,0,重庆,公办,0,0
广西,2025,历史类,专科批,14129,贵阳职业技术学院,（102）,首选历史，再选不限,369,54023,,,0,贵州,公办,0,0
广西,2025,历史类,专科批,14196,枣庄职业学院,,首选历史，再选不限,359,48902,,,10,山东,公办,0,0
广西,2025,历史类,专科批,14198,毕节职业技术学院,（101）,首选历史，再选不限,273,109941,,,3,贵州,公办,0,0
广西,2025,历史类,专科批,14243,安阳职业技术学院,（101）,首选历史，再选不限,355,59953,,,0,河南,公办,0,0
广西,2025,历史类,专科批,14262,西南交通大学希望学院,（122）,首选历史，再选不限,323,74595,,,0,四川,民办,0,0
广西,2025,历史类,专科批,14263,东莞职业技术学院,（100）,首选历史，再选不限,406,48902,,,0,广东,公办,0,0
广西,2025,历史类,专科批,14272,黑龙江护理高等专科学校,（101）,首选历史，再选不限,368,59446,,,0,黑龙江,公办,0,0
广西,2025,历史类,专科批,14307,河南应用技术职业学院,（101）,首选历史，再选不限,340,83890,,,0,河南,公办,0,0
广西,2025,历史类,专科批,14315,重庆化工职业学院,（100）,首选历史，再选不限,348,79781,,,10,重庆,公办,0,0
广西,2025,历史类,专科批,14328,石家庄幼儿师范高等专科学校,,首选历史，再选不限,277,104383,,,9,河北,公办,0,0
广西,2025,历史类,专科批,14329,徐州幼儿师范高等专科学校,（100）,首选历史，再选不限,373,68113,,,0,江苏,公办,0,0
广西,2025,历史类,专科批,14353,南阳职业学院,（101）,首选历史，再选不限,267,108810,,,0,河南,民办,0,0
广西,2025,历史类,专科批,14382,河南推拿职业学院,（100）,首选历史，再选不限,396,56420,,,3,河南,公办,0,0
广西,2025,历史类,专科批,14396,河北轨道运输职业技术学院,（100）,首选历史，再选不限,387,40357,,,0,河北,公办,0,0
广西,2025,历史类,专科批,14428,重庆幼儿师范高等专科学校,（101）,首选历史，再选不限,391,58923,,,0,重庆,公办,0,0
广西,2025,历史类,专科批,14464,辽宁民族师范高等专科学校,（111）,首选历史，再选不限,279,101450,,,0,辽宁,公办,0,0
广西,2025,历史类,专科批,14466,河南医学高等专科学校,（101）,首选历史，再选不限,401,54023,,,0,河南,公办,0,0
广西,2025,历史类,专科批,14492,浙江安防职业技术学院,（101）,首选历史，再选不限,347,81858,,,0,浙江,公办,0,0
广西,2025,历史类,专科批,14550,云南财经职业学院,（101）,首选历史，再选不限,385,61887,,,8,云南,公办,0,0
广西,2025,历史类,专科批,14553,湖北铁道运输职业学院,（111）,首选历史，再选不限,395,53084,,,9,湖北,公办,0,0
广西,2025,历史类,专科批,14569,赣南卫生健康职业学院,（111）,首选历史，再选不限,383,62387,,,0,江西,公办,0,0
广西,2025,历史类,专科批,14569,赣南卫生健康职业学院,（114）,首选历史，再选化学、生物(2科必选),282,107761,,,0,江西,公办,0,0
广西,2025,历史类,专科批,14586,唐山幼儿师范高等专科学校,（100）,首选历史，再选不限,215,91171,,,5,河北,公办,0,0
广西,2025,历史类,专科批,14587,广东茂名幼儿师范专科学校,（110）,首选历史，再选不限,368,68113,,,0,广东,公办,0,0
广西,2025,历史类,专科批,14617,贵州护理职业技术学院,（111）,首选历史，再选不限,390,59446,,,5,贵州,公办,0,0
广西,2025,历史类,专科批,14677,喀什职业技术学院,（101）,首选历史，再选不限,261,88761,,,0,新疆,公办,0,0
广西,2025,历史类,专科批,14677,喀什职业技术学院,（102）,首选历史，再选思想政治、地理(2科必选),244,112006,,,0,新疆,公办,0,0
广西,2025,历史类,专科批,14724,海南卫生健康职业学院,（101）,首选历史，再选不限,390,44865,,,0,海南,公办,0,0
广西,2025,历史类,专科批,14763,广西信息职业技术学院,（111）,首选历史，再选不限,343,77205,,,73,广西,公办,0,0
广西,2025,历史类,专科批,14780,上海现代化工职业学院,（102）,首选历史，再选不限,358,74595,,,0,上海,公办,0,0
广西,2025,历史类,专科批,14822,桂林信息工程职业学院,（101）,首选历史，再选不限,200,108553,,,664,广西,民办,0,0
广西,2025,历史类,专科批,14893,三亚护理职业学院,（101）,首选历史，再选不限,200,116216,,,0,海南,民办,0,0
广西,2025,历史类,专科批,16203,河北科技工程职业技术大学,（104）,首选历史，再选不限,292,103724,,,0,河北,公办,0,0
广西,2025,历史类,专科提前批,10600,广西中医药大学,,首选历史，再选不限,425,13938,,,29,广西,公办,0,0
广西,2025,历史类,专科提前批,12818,滨州职业学院,（801）,首选历史，再选不限,284,60450,,,0,山东,公办,0,0
广西,2025,历史类,专科提前批,12931,渤海船舶职业学院,（102）,首选历史，再选不限,407,51212,,,0,辽宁,公办,0,0
广西,2025,历史类,专科提前批,13012,山东信息职业技术学院,（805）,首选历史，再选不限,330,67086,,,0,山东,公办,0,0
广西,2025,历史类,专科提前批,13871,江西航空职业技术学院,（801）,首选历史，再选不限,351,55920,,,7,江西,民办,0,0
广西,2025,历史类,本科批,10008,北京科技大学,（104）,首选历史，再选不限,596,1496,,,6,北京,公办,0,1
广西,2025,历史类,本科批,10009,北方工业大学,,首选历史，再选不限,517,6600,,,0,北京,公办,0,0
广西,2025,历史类,本科批,10010,北京化工大学,（104）,首选历史，再选不限,584,2030,,,0,北京,公办,0,1
广西,2025,历史类,本科批,10011,北京工商大学,（103）,首选历史，再选不限,560,4865,,,5,北京,公办,0,0
广西,2025,历史类,本科批,10017,北京石油化工学院,（100）,首选历史，再选不限,492,17502,,,0,北京,公办,0,0
广西,2025,历史类,本科批,10022,北京林业大学,,首选历史，再选不限,575,1417,,,0,北京,公办,0,1
广西,2025,历史类,本科批,10022,北京林业大学,（111）,首选历史，再选地理,591,1886,,,0,北京,公办,0,1
广西,2025,历史类,本科批,10026,北京中医药大学,（102）,首选历史，再选不限,584,1557,,,0,北京,公办,0,1
广西,2025,历史类,本科批,10030,北京外国语大学,（101）,首选历史，再选不限,597,465,,,0,北京,公办,0,1
广西,2025,历史类,本科批,10030,北京外国语大学,（103）,首选历史，再选思想政治,598,694,,,0,北京,公办,0,1
广西,2025,历史类,本科批,10033,中国传媒大学,,首选历史，再选不限,577,434,,,0,北京,公办,0,1
广西,2025,历史类,本科批,10034,中央财经大学,,首选历史，再选不限,580,383,,,0,北京,公办,0,1
广西,2025,历史类,本科批,10036,对外经济贸易大学,（100）,首选历史，再选不限,606,465,,,26,北京,公办,0,1
广西,2025,历史类,本科批,10037,北京物资学院,（100）,首选历史，再选不限,510,5382,,,0,北京,公办,0,0
广西,2025,历史类,本科批,10038,首都经济贸易大学,（102）,首选历史，再选不限,564,3101,,,0,北京,公办,0,0
广西,2025,历史类,本科批,10043,北京体育大学,,首选历史，再选不限,456,2913,,,0,北京,公办,0,1
广西,2025,历史类,本科批,10047,中央美术学院,（301）,首选历史，再选不限,535,8770,,,0,北京,公办,0,0
广西,2025,历史类,本科批,10048,中央戏剧学院,（101）,首选历史，再选不限,561,3282,,,0,北京,公办,0,0
广西,2025,历史类,本科批,10052,中央民族大学,,首选历史，再选不限,582,738,,,0,北京,公办,1,1
广西,2025,历史类,本科批,10054,华北电力大学（北京）,（111）,首选历史，再选不限,588,1622,,,0,北京,公办,0,1
广西,2025,历史类,本科批,10058,天津工业大学,,首选历史，再选不限,528,3690,,,7,天津,公办,0,0
广西,2025,历史类,本科批,10059,中国民航大学,（103）,首选历史，再选不限,550,2241,,,0,天津,公办,0,0
广西,2025,历史类,本科批,10059,中国民航大学,（104）,首选历史，再选思想政治,560,4865,,,0,天津,公办,0,0
广西,2025,历史类,本科批,10061,天津农学院,（111）,首选历史，再选不限,462,24077,,,18,天津,公办,0,0
广西,2025,历史类,本科批,10065,天津师范大学,（104）,首选历史，再选不限,507,3802,,,0,天津,公办,0,0
广西,2025,历史类,本科批,10065,天津师范大学,（102）,首选历史，再选地理,547,5989,,,0,天津,公办,0,0
广西,2025,历史类,本科批,10065,天津师范大学,（103）,首选历史，再选思想政治,550,4992,,,0,天津,公办,0,0
广西,2025,历史类,本科批,10066,天津职业技术师范大学,（101）,首选历史，再选不限,458,21014,,,0,天津,公办,0,0
广西,2025,历史类,本科批,10075,河北大学,（101）,首选历史，再选不限,501,5382,,,0,河北,公办,0,0
广西,2025,历史类,本科批,10078,华北水利水电大学,（103）,首选历史，再选不限,522,10176,,,15,河南,公办,0,0
广西,2025,历史类,本科批,10079,华北电力大学（保定）,,首选历史，再选不限,569,2475,,,0,河北,公办,0,1
广西,2025,历史类,本科批,10081,华北理工大学,,首选历史，再选不限,536,7076,,,9,河北,公办,0,0
广西,2025,历史类,本科批,10082,河北科技大学,,首选历史，再选不限,501,8047,,,6,河北,公办,0,0
广西,2025,历史类,本科批,10094,河北师范大学,,首选历史，再选不限,424,5680,,,10,河北,公办,0,0
广西,2025,历史类,本科批,10100,廊坊师范学院,（101）,首选历史，再选不限,452,24719,,,10,河北,公办,0,0
广西,2025,历史类,本科批,10107,石家庄铁道大学,（108）,首选历史，再选不限,536,5382,,,0,河北,公办,0,0
广西,2025,历史类,本科批,10110,中北大学,（106）,首选历史，再选不限,529,8047,,,3,山西,公办,0,0
广西,2025,历史类,本科批,10113,山西农业大学,（103）,首选历史，再选不限,468,24394,,,0,山西,公办,0,0
广西,2025,历史类,本科批,10114,山西医科大学,（108）,首选历史，再选不限,478,19077,,,6,山西,公办,0,0
广西,2025,历史类,本科批,10114,山西医科大学,（106）,首选历史，再选生物,484,21014,,,3,山西,公办,0,0
广西,2025,历史类,本科批,10118,山西师范大学,（101）,首选历史，再选不限,494,12791,,,14,山西,公办,0,0
广西,2025,历史类,本科批,10118,山西师范大学,（104）,首选历史，再选地理,510,10584,,,4,山西,公办,0,0
广西,2025,历史类,本科批,10118,山西师范大学,（105）,首选历史，再选思想政治,550,6294,,,2,山西,公办,0,0
广西,2025,历史类,本科批,10119,太原师范学院,（101）,首选历史，再选不限,442,22484,,,0,山西,公办,0,0
广西,2025,历史类,本科批,10119,太原师范学院,（102）,首选历史，再选思想政治,499,16957,,,0,山西,公办,0,0
广西,2025,历史类,本科批,10120,山西大同大学,,首选历史，再选不限,435,16957,,,26,山西,公办,0,0
广西,2025,历史类,本科批,10121,晋中学院,（101）,首选历史，再选不限,444,34573,,,0,山西,公办,0,0
广西,2025,历史类,本科批,10122,长治学院,（101）,首选历史，再选不限,474,21909,,,3,山西,公办,0,0
广西,2025,历史类,本科批,10122,长治学院,（104）,首选历史，再选思想政治,469,25704,,,1,山西,公办,0,0
广西,2025,历史类,本科批,10123,运城学院,（101）,首选历史，再选不限,440,35389,,,0,山西,公办,0,0
广西,2025,历史类,本科批,10124,忻州师范学院,（101）,首选历史，再选不限,451,27779,,,7,山西,公办,0,0
广西,2025,历史类,本科批,10126,内蒙古大学,（101）,首选历史，再选不限,517,3802,,,8,内蒙古,公办,0,1
广西,2025,历史类,本科批,10126,内蒙古大学,（102）,首选历史，再选思想政治,551,6157,,,2,内蒙古,公办,0,1
广西,2025,历史类,本科批,10127,内蒙古科技大学,（103）,首选历史，再选不限,452,27779,,,0,内蒙古,公办,0,0
广西,2025,历史类,本科批,10127,内蒙古科技大学,（104）,首选历史，再选思想政治,459,29173,,,0,内蒙古,公办,0,0
广西,2025,历史类,本科批,10128,内蒙古工业大学,（103）,首选历史，再选不限,438,37408,,,0,内蒙古,公办,0,0
广西,2025,历史类,本科批,10139,内蒙古财经大学,（101）,首选历史，再选不限,449,33031,,,0,内蒙古,公办,0,0
广西,2025,历史类,本科批,10151,大连海事大学,（105）,首选历史，再选不限,561,4372,,,0,辽宁,公办,0,1
广西,2025,历史类,本科批,10151,大连海事大学,（106）,首选历史，再选思想政治,562,4614,,,0,辽宁,公办,0,1
广西,2025,历史类,本科批,10152,大连工业大学,（112）,首选历史，再选不限,475,23714,,,2,辽宁,公办,0,0
广西,2025,历史类,本科批,10162,辽宁中医药大学,,首选历史，再选不限,462,7076,,,0,辽宁,公办,0,0
广西,2025,历史类,本科批,10162,辽宁中医药大学,（102）,首选历史，再选化学,446,34186,,,0,辽宁,公办,0,0
广西,2025,历史类,本科批,10165,辽宁师范大学,（101）,首选历史，再选不限,509,8417,,,36,辽宁,公办,0,0
广西,2025,历史类,本科批,10165,辽宁师范大学,（106）,首选历史，再选地理,518,10804,,,6,辽宁,公办,0,0
广西,2025,历史类,本科批,10165,辽宁师范大学,（103）,首选历史，再选思想政治,531,9537,,,3,辽宁,公办,0,0
广西,2025,历史类,本科批,10166,沈阳师范大学,,首选历史，再选不限,415,23065,,,56,辽宁,公办,0,0
广西,2025,历史类,本科批,10166,沈阳师范大学,（107）,首选历史，再选思想政治,505,15372,,,5,辽宁,公办,0,0
广西,2025,历史类,本科批,10169,鞍山师范学院,,首选历史，再选不限,446,29566,,,0,辽宁,公办,0,0
广西,2025,历史类,本科批,10169,鞍山师范学院,（102）,首选历史，再选化学、地理(2科必选),414,47968,,,0,辽宁,公办,0,0
广西,2025,历史类,本科批,10169,鞍山师范学院,（101）,首选历史，再选思想政治,471,25035,,,0,辽宁,公办,0,0
广西,2025,历史类,本科批,10172,大连外国语大学,,首选历史，再选不限,497,8770,,,36,辽宁,公办,0,0
广西,2025,历史类,本科批,10172,大连外国语大学,（103）,首选历史，再选思想政治,513,12562,,,3,辽宁,公办,0,0
广西,2025,历史类,本科批,10183,吉林大学,,首选历史，再选不限,579,490,,,15,吉林,公办,1,1
广西,2025,历史类,本科批,10183,吉林大学,（102）,首选历史，再选思想政治,601,824,,,4,吉林,公办,1,1
广西,2025,历史类,本科批,10184,延边大学,（101）,首选历史，再选不限,499,6294,,,0,吉林,公办,0,1
广西,2025,历史类,本科批,10186,长春理工大学,（719）,首选历史，再选不限,505,15372,,,0,吉林,公办,0,0
广西,2025,历史类,本科批,10190,长春工业大学,（101）,首选历史，再选不限,435,20152,,,17,吉林,公办,0,0
广西,2025,历史类,本科批,10191,吉林建筑大学,（102）,首选历史，再选不限,446,32623,,,0,吉林,公办,0,0
广西,2025,历史类,本科批,10200,东北师范大学,,首选历史，再选不限,565,1814,,,0,吉林,公办,0,1
广西,2025,历史类,本科批,10200,东北师范大学,,首选历史，再选思想政治,584,1886,,,0,吉林,公办,0,1
广西,2025,历史类,本科批,10201,北华大学,（101）,首选历史，再选不限,477,22209,,,17,吉林,公办,0,0
广西,2025,历史类,本科批,10201,北华大学,（102）,首选历史，再选思想政治,475,23714,,,4,吉林,公办,0,0
广西,2025,历史类,本科批,10203,吉林师范大学,,首选历史，再选不限,448,13938,,,0,吉林,公办,0,0
广西,2025,历史类,本科批,10203,吉林师范大学,（102）,首选历史，再选思想政治,512,13702,,,0,吉林,公办,0,0
广西,2025,历史类,本科批,10204,吉林工程技术师范学院,（103）,首选历史，再选不限,442,35788,,,10,吉林,公办,0,0
广西,2025,历史类,本科批,10205,长春师范大学,,首选历史，再选不限,435,15642,,,35,吉林,公办,0,0
广西,2025,历史类,本科批,10205,长春师范大学,（100）,首选历史，再选地理,491,19077,,,2,吉林,公办,0,0
广西,2025,历史类,本科批,10205,长春师范大学,（108）,首选历史，再选思想政治,498,14894,,,5,吉林,公办,0,0
广西,2025,历史类,本科批,10207,吉林财经大学,,首选历史，再选不限,472,10382,,,0,吉林,公办,0,0
广西,2025,历史类,本科批,10212,黑龙江大学,,首选历史，再选不限,482,4727,,,0,黑龙江,公办,0,0
广西,2025,历史类,本科批,10219,黑龙江科技大学,,首选历史，再选不限,433,23402,,,0,黑龙江,公办,0,0
广西,2025,历史类,本科批,10220,东北石油大学,（102）,首选历史，再选不限,464,20152,,,17,黑龙江,公办,0,0
广西,2025,历史类,本科批,10223,黑龙江八一农垦大学,（111）,首选历史，再选不限,443,31832,,,0,黑龙江,公办,0,0
广西,2025,历史类,本科批,10223,黑龙江八一农垦大学,（112）,首选历史，再选生物,442,35788,,,0,黑龙江,公办,0,0
广西,2025,历史类,本科批,10224,东北农业大学,（101）,首选历史，再选不限,549,4041,,,0,黑龙江,公办,0,1
广西,2025,历史类,本科批,10225,东北林业大学,（102）,首选历史，再选不限,461,3589,,,0,黑龙江,公办,0,1
广西,2025,历史类,本科批,10225,东北林业大学,,首选历史，再选思想政治,545,3934,,,0,黑龙江,公办,0,1
广西,2025,历史类,本科批,10226,哈尔滨医科大学,（111）,首选历史，再选不限,429,18251,,,5,黑龙江,公办,0,0
广西,2025,历史类,本科批,10228,黑龙江中医药大学,,首选历史，再选不限,454,8047,,,13,黑龙江,公办,0,0
广西,2025,历史类,本科批,10228,黑龙江中医药大学,（107）,首选历史，再选生物,459,24719,,,4,黑龙江,公办,0,0
广西,2025,历史类,本科批,10231,哈尔滨师范大学,（110）,首选历史，再选不限,446,27078,,,0,黑龙江,公办,0,0
广西,2025,历史类,本科批,10232,齐齐哈尔大学,（102）,首选历史，再选不限,448,26023,,,0,黑龙江,公办,0,0
广西,2025,历史类,本科批,10233,牡丹江师范学院,（101）,首选历史，再选不限,434,34573,,,22,黑龙江,公办,0,0
广西,2025,历史类,本科批,10234,哈尔滨学院,,首选历史，再选不限,448,29173,,,0,黑龙江,公办,0,0
广西,2025,历史类,本科批,10234,哈尔滨学院,（106）,首选历史，再选地理,452,31832,,,0,黑龙江,公办,0,0
广西,2025,历史类,本科批,10234,哈尔滨学院,（103）,首选历史，再选思想政治,439,37006,,,0,黑龙江,公办,0,0
广西,2025,历史类,本科批,10235,大庆师范学院,,首选历史，再选不限,441,35389,,,21,黑龙江,公办,0,0
广西,2025,历史类,本科批,10235,大庆师范学院,（106）,首选历史，再选思想政治、地理(2科必选),452,29566,,,7,黑龙江,公办,0,0
广西,2025,历史类,本科批,10236,绥化学院,（102）,首选历史，再选不限,436,36198,,,21,黑龙江,公办,0,0
广西,2025,历史类,本科批,10236,绥化学院,（108）,首选历史，再选地理,438,37408,,,4,黑龙江,公办,0,0
广西,2025,历史类,本科批,10240,哈尔滨商业大学,（106）,首选历史，再选不限,459,15877,,,0,黑龙江,公办,0,0
广西,2025,历史类,本科批,10251,华东理工大学,（704）,首选历史，再选不限,591,1742,,,0,上海,公办,0,1
广西,2025,历史类,本科批,10252,上海理工大学,,首选历史，再选不限,523,5841,,,0,上海,公办,0,0
广西,2025,历史类,本科批,10254,上海海事大学,（104）,首选历史，再选不限,556,2552,,,0,上海,公办,0,0
广西,2025,历史类,本科批,10264,上海海洋大学,（102）,首选历史，再选不限,559,4255,,,0,上海,公办,0,0
广西,2025,历史类,本科批,10268,上海中医药大学,（100）,首选历史，再选化学,426,42560,,,0,上海,公办,0,0
广西,2025,历史类,本科批,10269,华东师范大学,（111）,首选历史，再选不限,621,128,,,0,上海,公办,1,1
广西,2025,历史类,本科批,10270,上海师范大学,,首选历史，再选不限,532,3101,,,0,上海,公办,0,0
广西,2025,历史类,本科批,10272,上海财经大学,,首选历史，再选不限,587,203,,,0,上海,公办,0,1
广西,2025,历史类,本科批,10273,上海对外经贸大学,,首选历史，再选不限,545,2387,,,0,上海,公办,0,0
广西,2025,历史类,本科批,10276,华东政法大学,（101）,首选历史，再选不限,577,1200,,,0,上海,公办,0,0
广西,2025,历史类,本科批,10277,上海体育大学,,首选历史，再选不限,553,4041,,,0,上海,公办,0,0
广西,2025,历史类,本科批,10280,上海大学,,首选历史，再选不限,585,1355,,,0,上海,公办,0,1
广西,2025,历史类,本科批,10285,苏州大学,（101）,首选历史，再选不限,596,1354,,,0,江苏,公办,0,1
广西,2025,历史类,本科批,10285,苏州大学,（102）,首选历史，再选思想政治,602,1200,,,0,江苏,公办,0,1
广西,2025,历史类,本科批,10285,苏州大学,（103）,首选历史，再选思想政治、地理(2科必选),606,990,,,0,江苏,公办,0,1
广西,2025,历史类,本科批,10286,东南大学,（102）,首选历史，再选不限,618,434,,,0,江苏,公办,1,1
广西,2025,历史类,本科批,10286,东南大学,（103）,首选历史，再选思想政治,616,602,,,0,江苏,公办,1,1
广西,2025,历史类,本科批,10288,南京理工大学,（100）,首选历史，再选不限,581,2030,,,0,江苏,公办,0,1
广西,2025,历史类,本科批,10289,江苏科技大学,（101）,首选历史，再选不限,545,6438,,,8,江苏,公办,0,0
广西,2025,历史类,本科批,10291,南京工业大学,（101）,首选历史，再选不限,552,4865,,,21,江苏,公办,0,0
广西,2025,历史类,本科批,10292,常州大学,（101）,首选历史，再选不限,523,10584,,,18,江苏,公办,0,0
广西,2025,历史类,本科批,10292,常州大学,（106）,首选历史，再选思想政治,536,8590,,,5,江苏,公办,0,0
广西,2025,历史类,本科批,10295,江南大学,,首选历史，再选不限,577,1291,,,6,江苏,公办,0,1
广西,2025,历史类,本科批,10299,江苏大学,（101）,首选历史，再选不限,557,2166,,,20,江苏,公办,0,0
广西,2025,历史类,本科批,10300,南京信息工程大学,（104）,首选历史，再选不限,566,2913,,,15,江苏,公办,0,0
广西,2025,历史类,本科批,10300,南京信息工程大学,（105）,首选历史，再选思想政治,573,3375,,,2,江苏,公办,0,0
广西,2025,历史类,本科批,10304,南通大学,（100）,首选历史，再选不限,555,3690,,,20,江苏,公办,0,0
广西,2025,历史类,本科批,10304,南通大学,（106）,首选历史，再选思想政治,560,4865,,,2,江苏,公办,0,0
广西,2025,历史类,本科批,10319,南京师范大学,,首选历史，再选不限,560,990,,,0,江苏,公办,0,1
广西,2025,历史类,本科批,10319,南京师范大学,（101）,首选历史，再选思想政治,604,1102,,,0,江苏,公办,0,1
广西,2025,历史类,本科批,10320,江苏师范大学,,首选历史，再选不限,534,3934,,,0,江苏,公办,0,0
广西,2025,历史类,本科批,10320,江苏师范大学,（102）,首选历史，再选地理,557,5253,,,0,江苏,公办,0,0
广西,2025,历史类,本科批,10320,江苏师范大学,（101）,首选历史，再选思想政治,567,4041,,,0,江苏,公办,0,0
广西,2025,历史类,本科批,10323,淮阴师范学院,（101）,首选历史，再选不限,482,18514,,,0,江苏,公办,0,0
广西,2025,历史类,本科批,10332,苏州科技大学,（102）,首选历史，再选不限,546,5527,,,0,江苏,公办,0,0
广西,2025,历史类,本科批,10333,苏州工学院,（111）,首选历史，再选不限,514,11025,,,11,江苏,公办,0,0
广西,2025,历史类,本科批,10340,浙江海洋大学,（101）,首选历史，再选不限,531,7511,,,14,浙江,公办,0,0
广西,2025,历史类,本科批,10341,浙江农林大学,（101）,首选历史，再选不限,556,3934,,,7,浙江,公办,0,0
广西,2025,历史类,本科批,10344,浙江中医药大学,（101）,首选历史，再选不限,535,7226,,,5,浙江,公办,0,0
广西,2025,历史类,本科批,10345,浙江师范大学,,首选历史，再选不限,549,3011,,,31,浙江,公办,0,0
广西,2025,历史类,本科批,10345,浙江师范大学,（106）,首选历史，再选地理,567,4041,,,3,浙江,公办,0,0
广西,2025,历史类,本科批,10345,浙江师范大学,（107）,首选历史，再选思想政治,584,2387,,,3,浙江,公办,0,0
广西,2025,历史类,本科批,10346,杭州师范大学,（106）,首选历史，再选不限,544,7226,,,4,浙江,公办,0,0
广西,2025,历史类,本科批,10347,湖州师范学院,（101）,首选历史，再选不限,507,12791,,,12,浙江,公办,0,0
广西,2025,历史类,本科批,10349,绍兴文理学院,（101）,首选历史，再选不限,512,12562,,,30,浙江,公办,0,0
广西,2025,历史类,本科批,10350,台州学院,（102）,首选历史，再选不限,474,10584,,,16,浙江,公办,0,0
广西,2025,历史类,本科批,10351,温州大学,,首选历史，再选不限,554,2751,,,0,浙江,公办,0,0
广西,2025,历史类,本科批,10351,温州大学,（103）,首选历史，再选思想政治,564,4372,,,0,浙江,公办,0,0
广西,2025,历史类,本科批,10353,浙江工商大学,,首选历史，再选不限,555,3802,,,33,浙江,公办,0,0
广西,2025,历史类,本科批,10354,嘉兴大学,（101）,首选历史，再选不限,545,5382,,,0,浙江,公办,0,0
广西,2025,历史类,本科批,10357,安徽大学,（103）,首选历史，再选不限,582,1557,,,0,安徽,公办,0,1
广西,2025,历史类,本科批,10364,安徽农业大学,（105）,首选历史，再选不限,552,5382,,,2,安徽,公办,0,0
广西,2025,历史类,本科批,10369,安徽中医药大学,（102）,首选历史，再选不限,514,12323,,,5,安徽,公办,0,0
广西,2025,历史类,本科批,10370,安徽师范大学,（101）,首选历史，再选不限,533,4372,,,0,安徽,公办,0,0
广西,2025,历史类,本科批,10372,安庆师范大学,（101）,首选历史，再选不限,506,12562,,,20,安徽,公办,0,0
广西,2025,历史类,本科批,10372,安庆师范大学,（106）,首选历史，再选思想政治,528,10176,,,5,安徽,公办,0,0
广西,2025,历史类,本科批,10378,安徽财经大学,（111）,首选历史，再选不限,528,5680,,,37,安徽,公办,0,0
广西,2025,历史类,本科批,10384,厦门大学,,首选历史，再选不限,577,155,,,0,福建,公办,1,1
广西,2025,历史类,本科批,10384,厦门大学,（102）,首选历史，再选思想政治,622,434,,,0,福建,公办,1,1
广西,2025,历史类,本科批,10385,华侨大学,,首选历史，再选不限,534,3375,,,0,福建,公办,0,0
广西,2025,历史类,本科批,10385,华侨大学,（102）,首选历史，再选思想政治,567,4041,,,0,福建,公办,0,0
广西,2025,历史类,本科批,10388,福建理工大学,（110）,首选历史，再选不限,528,6157,,,26,福建,公办,0,0
广西,2025,历史类,本科批,10389,福建农林大学,（104）,首选历史，再选不限,534,7076,,,10,福建,公办,0,0
广西,2025,历史类,本科批,10390,集美大学,,首选历史，再选不限,523,3190,,,30,福建,公办,0,0
广西,2025,历史类,本科批,10394,福建师范大学,,首选历史，再选不限,539,2751,,,47,福建,公办,0,0
广西,2025,历史类,本科批,10406,南昌航空大学,（101）,首选历史，再选不限,534,8047,,,6,江西,公办,0,0
广西,2025,历史类,本科批,10407,江西理工大学,（103）,首选历史，再选不限,530,7076,,,10,江西,公办,0,0
广西,2025,历史类,本科批,10412,江西中医药大学,,首选历史，再选不限,506,5527,,,0,江西,公办,0,0
广西,2025,历史类,本科批,10412,江西中医药大学,（103）,首选历史，再选生物,444,34964,,,0,江西,公办,0,0
广西,2025,历史类,本科批,10418,赣南师范大学,（101）,首选历史，再选不限,534,8216,,,6,江西,公办,0,0
广西,2025,历史类,本科批,10418,赣南师范大学,（102）,首选历史，再选地理,528,8959,,,8,江西,公办,0,0
广西,2025,历史类,本科批,10422,山东大学,,首选历史，再选不限,591,512,,,32,山东,公办,1,1
广西,2025,历史类,本科批,10423,中国海洋大学,,首选历史，再选不限,586,1557,,,0,山东,公办,1,1
广西,2025,历史类,本科批,10423,中国海洋大学,（111）,首选历史，再选思想政治,596,1557,,,0,山东,公办,1,1
广西,2025,历史类,本科批,10425,中国石油大学（华东）,（101）,首选历史，再选不限,584,2030,,,0,山东,公办,0,1
广西,2025,历史类,本科批,10427,济南大学,,首选历史，再选不限,536,6747,,,0,山东,公办,0,0
广西,2025,历史类,本科批,10427,济南大学,（105）,首选历史，再选思想政治,554,5680,,,0,山东,公办,0,0
广西,2025,历史类,本科批,10429,青岛理工大学,（101）,首选历史，再选不限,470,9537,,,0,山东,公办,0,0
广西,2025,历史类,本科批,10431,齐鲁工业大学,（111）,首选历史，再选不限,456,26368,,,0,山东,公办,0,0
广西,2025,历史类,本科批,10433,山东理工大学,（102）,首选历史，再选不限,523,11237,,,0,山东,公办,0,0
广西,2025,历史类,本科批,10438,山东第二医科大学,（103）,首选历史，再选不限,468,16708,,,16,山东,公办,0,0
广西,2025,历史类,本科批,10439,山东第一医科大学,,首选历史，再选不限,489,19611,,,9,山东,公办,0,0
广西,2025,历史类,本科批,10440,滨州医学院,（104）,首选历史，再选不限,457,29930,,,0,山东,公办,0,0
广西,2025,历史类,本科批,10445,山东师范大学,,首选历史，再选不限,486,3011,,,0,山东,公办,0,0
广西,2025,历史类,本科批,10445,山东师范大学,（125）,首选历史，再选地理,551,6157,,,0,山东,公办,0,0
广西,2025,历史类,本科批,10446,曲阜师范大学,（111）,首选历史，再选不限,504,9154,,,0,山东,公办,0,0
广西,2025,历史类,本科批,10446,曲阜师范大学,（112）,首选历史，再选思想政治,535,7076,,,0,山东,公办,0,0
广西,2025,历史类,本科批,10447,聊城大学,（101）,首选历史，再选不限,521,10382,,,0,山东,公办,0,0
广西,2025,历史类,本科批,10447,聊城大学,（103）,首选历史，再选地理,474,24077,,,0,山东,公办,0,0
广西,2025,历史类,本科批,10447,聊城大学,（102）,首选历史，再选思想政治,519,12127,,,0,山东,公办,0,0
广西,2025,历史类,本科批,10448,德州学院,,首选历史，再选不限,450,28491,,,10,山东,公办,0,0
广西,2025,历史类,本科批,10448,德州学院,（103）,首选历史，再选地理,467,26368,,,5,山东,公办,0,0
广西,2025,历史类,本科批,10451,鲁东大学,（101）,首选历史，再选不限,524,10382,,,0,山东,公办,0,0
广西,2025,历史类,本科批,10451,鲁东大学,（104）,首选历史，再选思想政治,525,10804,,,0,山东,公办,0,0
广西,2025,历史类,本科批,10452,临沂大学,（101）,首选历史，再选不限,511,10382,,,0,山东,公办,0,0
广西,2025,历史类,本科批,10454,济宁学院,（111）,首选历史，再选不限,459,29173,,,0,山东,公办,0,0
广西,2025,历史类,本科批,10456,山东财经大学,（104）,首选历史，再选不限,531,5108,,,0,山东,公办,0,0
广西,2025,历史类,本科批,10460,河南理工大学,（106）,首选历史，再选不限,519,11237,,,4,河南,公办,0,0
广西,2025,历史类,本科批,10462,郑州轻工业大学,（102）,首选历史，再选不限,528,8047,,,0,河南,公办,0,0
广西,2025,历史类,本科批,10463,河南工业大学,（101）,首选历史，再选不限,530,7076,,,12,河南,公办,0,0
广西,2025,历史类,本科批,10465,中原工学院,（104）,首选历史，再选不限,442,25704,,,0,河南,公办,0,0
广西,2025,历史类,本科批,10472,河南医药大学,（103）,首选历史，再选不限,444,24077,,,6,河南,公办,0,0
广西,2025,历史类,本科批,10475,河南大学,,首选历史，再选不限,522,3101,,,0,河南,公办,0,0
广西,2025,历史类,本科批,10475,河南大学,（102）,首选历史，再选地理,570,3282,,,0,河南,公办,0,0
广西,2025,历史类,本科批,10476,河南师范大学,（100）,首选历史，再选不限,403,36602,,,0,河南,公办,0,0
广西,2025,历史类,本科批,10476,河南师范大学,（101）,首选历史，再选思想政治,531,7885,,,0,河南,公办,0,0
广西,2025,历史类,本科批,10480,许昌学院,（102）,首选历史，再选不限,472,21316,,,20,河南,公办,0,0
广西,2025,历史类,本科批,10480,许昌学院,（104）,首选历史，再选地理,464,27421,,,8,河南,公办,0,0
广西,2025,历史类,本科批,10480,许昌学院,（103）,首选历史，再选思想政治,490,19344,,,5,河南,公办,0,0
广西,2025,历史类,本科批,10481,南阳师范学院,,首选历史，再选不限,455,19077,,,25,河南,公办,0,0
广西,2025,历史类,本科批,10481,南阳师范学院,（107）,首选历史，再选地理,486,20464,,,4,河南,公办,0,0
广西,2025,历史类,本科批,10481,南阳师范学院,（101）,首选历史，再选思想政治,483,19611,,,4,河南,公办,0,0
广西,2025,历史类,本科批,10484,河南财经政法大学,（100）,首选历史，再选不限,573,3375,,,2,河南,公办,0,0
广西,2025,历史类,本科批,10485,郑州航空工业管理学院,（100）,首选历史，再选不限,503,15115,,,0,河南,公办,0,0
广西,2025,历史类,本科批,10488,武汉科技大学,（111）,首选历史，再选不限,554,4372,,,0,湖北,公办,0,0
广西,2025,历史类,本科批,10491,中国地质大学（武汉）,（103）,首选历史，再选不限,585,1558,,,0,湖北,公办,0,1
广西,2025,历史类,本科批,10491,中国地质大学（武汉）,（107）,首选历史，再选思想政治,590,1887,,,0,湖北,公办,0,1
广西,2025,历史类,本科批,10496,武汉轻工大学,,首选历史，再选不限,486,6157,,,0,湖北,公办,0,0
广西,2025,历史类,本科批,10497,武汉理工大学,（105）,首选历史，再选不限,582,1967,,,0,湖北,公办,0,1
广西,2025,历史类,本科批,10497,武汉理工大学,（106）,首选历史，再选思想政治,586,2241,,,0,湖北,公办,0,1
广西,2025,历史类,本科批,10511,华中师范大学,,首选历史，再选不限,594,738,,,0,湖北,公办,0,1
广西,2025,历史类,本科批,10511,华中师范大学,（152）,首选历史，再选思想政治,598,1291,,,0,湖北,公办,0,1
广西,2025,历史类,本科批,10512,湖北大学,（101）,首选历史，再选不限,555,3483,,,0,湖北,公办,0,0
广西,2025,历史类,本科批,10512,湖北大学,（102）,首选历史，再选地理,553,5841,,,0,湖北,公办,0,0
广西,2025,历史类,本科批,10512,湖北大学,（103）,首选历史，再选思想政治,572,3483,,,0,湖北,公办,0,0
广西,2025,历史类,本科批,10513,湖北师范大学,（101）,首选历史，再选不限,542,6294,,,0,湖北,公办,0,0
广西,2025,历史类,本科批,10513,湖北师范大学,（102）,首选历史，再选思想政治,552,5989,,,0,湖北,公办,0,0
广西,2025,历史类,本科批,10514,黄冈师范学院,（101）,首选历史，再选不限,488,17502,,,31,湖北,公办,0,0
广西,2025,历史类,本科批,10514,黄冈师范学院,（102）,首选历史，再选地理,481,21909,,,6,湖北,公办,0,0
广西,2025,历史类,本科批,10517,湖北民族大学,,首选历史，再选不限,466,9353,,,0,湖北,公办,0,0
广西,2025,历史类,本科批,10517,湖北民族大学,（112）,首选历史，再选地理,520,11897,,,0,湖北,公办,0,0
广西,2025,历史类,本科批,10517,湖北民族大学,（120）,首选历史，再选思想政治,523,11237,,,0,湖北,公办,0,0
广西,2025,历史类,本科批,10517,湖北民族大学,（116）,首选历史，再选生物,464,27421,,,0,湖北,公办,0,0
广西,2025,历史类,本科批,10518,汉江师范学院,（105）,首选历史，再选不限,463,16163,,,22,湖北,公办,0,0
广西,2025,历史类,本科批,10519,湖北文理学院,,首选历史，再选不限,470,20748,,,0,湖北,公办,0,0
广西,2025,历史类,本科批,10520,中南财经政法大学,,首选历史，再选不限,547,602,,,0,湖北,公办,0,1
广西,2025,历史类,本科批,10525,湖北汽车工业学院,（101）,首选历史，再选不限,455,25373,,,0,湖北,公办,0,0
广西,2025,历史类,本科批,10530,湘潭大学,（101）,首选历史，再选不限,568,2100,,,46,湖南,公办,0,0
广西,2025,历史类,本科批,10530,湘潭大学,（102）,首选历史，再选思想政治,581,2241,,,8,湖南,公办,0,0
广西,2025,历史类,本科批,10531,吉首大学,,首选历史，再选不限,478,6747,,,0,湖南,公办,0,0
广西,2025,历史类,本科批,10531,吉首大学,（102）,首选历史，再选生物,446,19077,,,0,湖南,公办,0,0
广西,2025,历史类,本科批,10533,中南大学,（101）,首选历史，再选不限,607,663,,,23,湖南,公办,1,1
广西,2025,历史类,本科批,10536,长沙理工大学,（101）,首选历史，再选不限,554,3934,,,0,湖南,公办,0,0
广西,2025,历史类,本科批,10538,中南林业科技大学,（101）,首选历史，再选不限,539,6157,,,20,湖南,公办,0,0
广西,2025,历史类,本科批,10542,湖南师范大学,（101）,首选历史，再选不限,575,1557,,,0,湖南,公办,0,1
广西,2025,历史类,本科批,10542,湖南师范大学,（111）,首选历史，再选思想政治,594,1557,,,0,湖南,公办,0,1
广西,2025,历史类,本科批,10545,湘南学院,（101）,首选历史，再选不限,503,11897,,,8,湖南,公办,0,0
广西,2025,历史类,本科批,10545,湘南学院,（108）,首选历史，再选思想政治,499,16957,,,2,湖南,公办,0,0
广西,2025,历史类,本科批,10548,怀化学院,（101）,首选历史，再选不限,472,23402,,,0,湖南,公办,0,0
广西,2025,历史类,本科批,10551,湖南科技学院,,首选历史，再选不限,456,23402,,,0,湖南,公办,0,0
广西,2025,历史类,本科批,10551,湖南科技学院,（111）,首选历史，再选思想政治,510,14177,,,0,湖南,公办,0,0
广西,2025,历史类,本科批,10553,湖南人文科技学院,,首选历史，再选不限,429,26731,,,14,湖南,公办,0,0
广西,2025,历史类,本科批,10555,南华大学,（102）,首选历史，再选不限,555,5108,,,0,湖南,公办,0,0
广西,2025,历史类,本科批,10560,汕头大学,（101）,首选历史，再选不限,576,2166,,,17,广东,公办,0,0
广西,2025,历史类,本科批,10580,肇庆学院,,首选历史，再选不限,480,17739,,,16,广东,公办,0,0
广西,2025,历史类,本科批,10580,肇庆学院,（111）,首选历史，再选思想政治,504,15642,,,5,广东,公办,0,0
广西,2025,历史类,本科批,10582,嘉应学院,（110）,首选历史，再选不限,502,16163,,,2,广东,公办,0,0
广西,2025,历史类,本科批,10588,广东技术师范大学,（101）,首选历史，再选不限,534,8959,,,2,广东,公办,0,0
广西,2025,历史类,本科批,10589,海南大学,,首选历史，再选不限,518,1886,,,0,海南,公办,0,1
广西,2025,历史类,本科批,10589,海南大学,（301）,首选历史，再选地理,463,27779,,,0,海南,公办,0,1
广西,2025,历史类,本科批,10589,海南大学,,首选历史，再选思想政治,579,2308,,,0,海南,公办,0,1
广西,2025,历史类,本科批,10590,深圳大学,（101）,首选历史，再选不限,598,537,,,10,广东,公办,0,0
广西,2025,历史类,本科批,10593,广西大学,,首选历史，再选不限,567,1898,,,0,广西,公办,0,1
广西,2025,历史类,本科批,10593,广西大学,（113）,首选历史，再选思想政治,585,2252,,,0,广西,公办,0,1
广西,2025,历史类,本科批,10594,广西科技大学,,首选历史，再选不限,477,17299,,,211,广西,公办,0,0
广西,2025,历史类,本科批,10595,桂林电子科技大学,,首选历史，再选不限,468,9193,,,0,广西,公办,0,0
广西,2025,历史类,本科批,10596,桂林理工大学,,首选历史，再选不限,451,19077,,,0,广西,公办,0,0
广西,2025,历史类,本科批,10598,广西医科大学,,首选历史，再选不限,429,13008,,,0,广西,公办,0,0
广西,2025,历史类,本科批,10598,广西医科大学,,首选历史，再选生物,453,20748,,,0,广西,公办,0,0
广西,2025,历史类,本科批,10599,右江民族医学院,,首选历史，再选不限,445,30282,,,170,广西,公办,0,0
广西,2025,历史类,本科批,10599,右江民族医学院,,首选历史，再选生物,446,33807,,,170,广西,公办,0,0
广西,2025,历史类,本科批,10600,广西中医药大学,,首选历史，再选不限,489,2241,,,297,广西,公办,0,0
广西,2025,历史类,本科批,10601,桂林医科大学,,首选历史，再选不限,436,25035,,,0,广西,公办,0,0
广西,2025,历史类,本科批,10601,桂林医科大学,（102）,首选历史，再选生物,460,28818,,,0,广西,公办,0,0
广西,2025,历史类,本科批,10602,广西师范大学,,首选历史，再选不限,520,2241,,,0,广西,公办,0,0
广西,2025,历史类,本科批,10602,广西师范大学,,首选历史，再选思想政治,551,3483,,,0,广西,公办,0,0
广西,2025,历史类,本科批,10605,河池学院,,首选历史，再选不限,429,19868,,,763,广西,公办,0,0
广西,2025,历史类,本科批,10605,河池学院,（101）,首选历史，再选思想政治,466,26731,,,116,广西,公办,0,0
广西,2025,历史类,本科批,10606,玉林师范学院,,首选历史，再选不限,456,16163,,,0,广西,公办,0,0
广西,2025,历史类,本科批,10606,玉林师范学院,,首选历史，再选思想政治,495,16708,,,0,广西,公办,0,0
广西,2025,历史类,本科批,10607,广西艺术学院,（111）,首选历史，再选不限,439,28129,,,0,广西,公办,0,0
广西,2025,历史类,本科批,10609,百色学院,,首选历史，再选不限,437,19611,,,615,广西,公办,0,0
广西,2025,历史类,本科批,10609,百色学院,,首选历史，再选地理,434,31439,,,77,广西,公办,0,0
广西,2025,历史类,本科批,10609,百色学院,,首选历史，再选思想政治,456,27078,,,68,广西,公办,0,0
广西,2025,历史类,本科批,10610,四川大学,（103）,首选历史，再选不限,613,383,,,0,四川,公办,1,1
广西,2025,历史类,本科批,10613,西南交通大学,,首选历史，再选不限,562,1814,,,14,四川,公办,0,1
广西,2025,历史类,本科批,10613,西南交通大学,（107）,首选历史，再选思想政治,588,1676,,,8,四川,公办,0,1
广西,2025,历史类,本科批,10615,西南石油大学,（102）,首选历史，再选不限,566,3190,,,0,四川,公办,0,0
广西,2025,历史类,本科批,10618,重庆交通大学,（101）,首选历史，再选不限,549,5253,,,12,重庆,公办,0,0
广西,2025,历史类,本科批,10619,西南科技大学,（101）,首选历史，再选不限,541,7708,,,0,四川,公办,0,0
广西,2025,历史类,本科批,10623,西华大学,,首选历史，再选不限,495,8047,,,0,四川,公办,0,0
广西,2025,历史类,本科批,10624,中国民用航空飞行学院,（101）,首选历史，再选不限,491,14418,,,8,四川,公办,0,0
广西,2025,历史类,本科批,10624,中国民用航空飞行学院,（104）,首选历史，再选思想政治,514,13250,,,1,四川,公办,0,0
广西,2025,历史类,本科批,10628,西昌学院,（103）,首选历史，再选不限,420,45323,,,0,四川,公办,0,0
广西,2025,历史类,本科批,10632,西南医科大学,（108）,首选历史，再选不限,530,9154,,,0,四川,公办,0,0
广西,2025,历史类,本科批,10636,四川师范大学,,首选历史，再选不限,525,5253,,,0,四川,公办,0,0
广西,2025,历史类,本科批,10636,四川师范大学,（113）,首选历史，再选地理,556,5108,,,0,四川,公办,0,0
广西,2025,历史类,本科批,10636,四川师范大学,（112）,首选历史，再选思想政治,556,4372,,,0,四川,公办,0,0
广西,2025,历史类,本科批,10637,重庆师范大学,,首选历史，再选不限,521,4727,,,45,重庆,公办,0,0
广西,2025,历史类,本科批,10637,重庆师范大学,（113）,首选历史，再选地理,567,4041,,,2,重庆,公办,0,0
广西,2025,历史类,本科批,10637,重庆师范大学,（111）,首选历史，再选思想政治,573,3375,,,3,重庆,公办,0,0
广西,2025,历史类,本科批,10638,西华师范大学,（101）,首选历史，再选不限,505,13938,,,0,四川,公办,0,0
广西,2025,历史类,本科批,10639,绵阳师范学院,（101）,首选历史，再选不限,514,12127,,,4,四川,公办,0,0
广西,2025,历史类,本科批,10641,宜宾学院,（101）,首选历史，再选不限,490,16957,,,10,四川,公办,0,0
广西,2025,历史类,本科批,10642,重庆文理学院,（101）,首选历史，再选不限,502,12323,,,4,重庆,公办,0,0
广西,2025,历史类,本科批,10642,重庆文理学院,（105）,首选历史，再选生物,498,17215,,,2,重庆,公办,0,0
广西,2025,历史类,本科批,10644,四川文理学院,（101）,首选历史，再选不限,486,19611,,,9,四川,公办,0,0
广西,2025,历史类,本科批,10647,长江师范学院,（101）,首选历史，再选不限,469,11897,,,0,重庆,公办,0,0
广西,2025,历史类,本科批,10647,长江师范学院,（106）,首选历史，再选生物,488,19868,,,0,重庆,公办,0,0
广西,2025,历史类,本科批,10650,四川外国语大学,,首选历史，再选不限,534,4727,,,0,重庆,公办,0,0
广西,2025,历史类,本科批,10650,四川外国语大学,（104）,首选历史，再选思想政治,557,5253,,,0,重庆,公办,0,0
广西,2025,历史类,本科批,10651,西南财经大学,,首选历史，再选不限,572,537,,,0,四川,公办,0,1
广西,2025,历史类,本科批,10653,成都体育学院,,首选历史，再选不限,490,8959,,,0,四川,公办,0,0
广西,2025,历史类,本科批,10654,四川音乐学院,（101）,首选历史，再选不限,501,16406,,,0,四川,公办,0,0
广西,2025,历史类,本科批,10656,西南民族大学,,首选历史，再选不限,514,5108,,,154,四川,公办,0,0
广西,2025,历史类,本科批,10657,贵州大学,,首选历史，再选不限,565,2552,,,0,贵州,公办,0,1
广西,2025,历史类,本科批,10657,贵州大学,（101）,首选历史，再选思想政治,580,2751,,,0,贵州,公办,0,1
广西,2025,历史类,本科批,10661,遵义医科大学,,首选历史，再选不限,497,17502,,,5,贵州,公办,0,0
广西,2025,历史类,本科批,10661,遵义医科大学,（111）,首选历史，再选思想政治,505,15372,,,3,贵州,公办,0,0
广西,2025,历史类,本科批,10661,遵义医科大学,（112）,首选历史，再选生物,498,15642,,,3,贵州,公办,0,0
广西,2025,历史类,本科批,10665,铜仁学院,,首选历史，再选不限,462,26368,,,6,贵州,公办,0,0
广西,2025,历史类,本科批,10667,安顺学院,,首选历史，再选不限,448,28818,,,3,贵州,公办,0,0
广西,2025,历史类,本科批,10669,凯里学院,（101）,首选历史，再选不限,467,26368,,,5,贵州,公办,0,0
广西,2025,历史类,本科批,10671,贵州财经大学,,首选历史，再选不限,518,6600,,,0,贵州,公办,0,0
广西,2025,历史类,本科批,10674,昆明理工大学,（103）,首选历史，再选不限,527,10382,,,0,云南,公办,0,0
广西,2025,历史类,本科批,10674,昆明理工大学,（105）,首选历史，再选地理,500,13702,,,0,云南,公办,0,0
广西,2025,历史类,本科批,10676,云南农业大学,,首选历史，再选不限,491,14177,,,12,云南,公办,0,0
广西,2025,历史类,本科批,10676,云南农业大学,（105）,首选历史，再选思想政治,522,11452,,,2,云南,公办,0,0
广西,2025,历史类,本科批,10679,大理大学,,首选历史，再选不限,504,10176,,,13,云南,公办,0,0
广西,2025,历史类,本科批,10679,大理大学,（107）,首选历史，再选生物,515,13008,,,2,云南,公办,0,0
广西,2025,历史类,本科批,10680,云南中医药大学,,首选历史，再选不限,525,5841,,,2,云南,公办,0,0
广西,2025,历史类,本科批,10686,保山学院,（101）,首选历史，再选不限,479,20152,,,5,云南,公办,0,0
广西,2025,历史类,本科批,10691,云南民族大学,,首选历史，再选不限,485,11237,,,0,云南,公办,0,0
广西,2025,历史类,本科批,10691,云南民族大学,（104）,首选历史，再选地理,514,13250,,,0,云南,公办,0,0
广西,2025,历史类,本科批,10691,云南民族大学,（103）,首选历史，再选思想政治,539,8047,,,0,云南,公办,0,0
广西,2025,历史类,本科批,10697,西北大学,（102）,首选历史，再选不限,572,2042,,,0,陕西,公办,0,1
广西,2025,历史类,本科批,10698,西安交通大学,（104）,首选历史，再选不限,616,490,,,0,陕西,公办,1,1
广西,2025,历史类,本科批,10719,延安大学,（110）,首选历史，再选不限,520,9942,,,12,陕西,公办,0,0
广西,2025,历史类,本科批,10719,延安大学,（111）,首选历史，再选思想政治,528,10176,,,2,陕西,公办,0,0
广西,2025,历史类,本科批,10720,陕西理工大学,（100）,首选历史，再选不限,497,12127,,,0,陕西,公办,0,0
广西,2025,历史类,本科批,10720,陕西理工大学,（102）,首选历史，再选地理,506,15115,,,0,陕西,公办,0,0
广西,2025,历史类,本科批,10720,陕西理工大学,（101）,首选历史，再选思想政治,515,13008,,,0,陕西,公办,0,0
广西,2025,历史类,本科批,10721,宝鸡文理学院,（100）,首选历史，再选不限,460,24077,,,10,陕西,公办,0,0
广西,2025,历史类,本科批,10722,咸阳师范学院,（101）,首选历史，再选不限,459,27779,,,20,陕西,公办,0,0
广西,2025,历史类,本科批,10722,咸阳师范学院,（100）,首选历史，再选思想政治,473,24394,,,4,陕西,公办,0,0
广西,2025,历史类,本科批,10723,渭南师范学院,（101）,首选历史，再选不限,485,18251,,,7,陕西,公办,0,0
广西,2025,历史类,本科批,10723,渭南师范学院,（102）,首选历史，再选思想政治,480,21604,,,7,陕西,公办,0,0
广西,2025,历史类,本科批,10726,西北政法大学,,首选历史，再选不限,526,1291,,,0,陕西,公办,0,0
广西,2025,历史类,本科批,10730,兰州大学,,首选历史，再选不限,589,1142,,,12,甘肃,公办,1,1
广西,2025,历史类,本科批,10730,兰州大学,（102）,首选历史，再选思想政治,597,1496,,,4,甘肃,公办,1,1
广西,2025,历史类,本科批,10732,兰州交通大学,（104）,首选历史，再选不限,490,14894,,,0,甘肃,公办,0,0
广西,2025,历史类,本科批,10735,甘肃中医药大学,,首选历史，再选不限,503,11025,,,3,甘肃,公办,0,0
广西,2025,历史类,本科批,10736,西北师范大学,,首选历史，再选不限,498,9734,,,0,甘肃,公办,0,0
广西,2025,历史类,本科批,10739,天水师范大学,（101）,首选历史，再选不限,483,19344,,,0,甘肃,公办,0,0
广西,2025,历史类,本科批,10741,兰州财经大学,（102）,首选历史，再选不限,469,19868,,,0,甘肃,公办,0,0
广西,2025,历史类,本科批,10749,宁夏大学,（103）,首选历史，再选不限,548,3483,,,0,宁夏,公办,0,1
广西,2025,历史类,本科批,10749,宁夏大学,（102）,首选历史，再选思想政治,559,4992,,,0,宁夏,公办,0,1
广西,2025,历史类,本科批,10753,宁夏师范大学,,首选历史，再选不限,448,28818,,,6,宁夏,公办,0,0
广西,2025,历史类,本科批,10753,宁夏师范大学,（111）,首选历史，再选思想政治,481,21909,,,2,宁夏,公办,0,0
广西,2025,历史类,本科批,10755,新疆大学,（101）,首选历史，再选不限,529,8590,,,0,新疆,公办,0,1
广西,2025,历史类,本科批,10755,新疆大学,（103）,首选历史，再选思想政治,549,6438,,,0,新疆,公办,0,1
广西,2025,历史类,本科批,10759,石河子大学,（105）,首选历史，再选不限,531,5841,,,12,新疆,公办,0,1
广西,2025,历史类,本科批,10763,喀什大学,（101）,首选历史，再选思想政治,466,26419,,,2,新疆,公办,0,0
广西,2025,历史类,本科批,10809,山西中医药大学,（100）,首选历史，再选不限,526,10176,,,10,山西,公办,0,0
广西,2025,历史类,本科批,10809,山西中医药大学,（104）,首选历史，再选生物,461,28491,,,2,山西,公办,0,0
广西,2025,历史类,本科批,10812,吕梁学院,（100）,首选历史，再选不限,451,32228,,,1,山西,公办,0,0
广西,2025,历史类,本科批,10856,上海工程技术大学,（103）,首选历史，再选不限,530,9154,,,0,上海,公办,0,0
广西,2025,历史类,本科批,10876,浙江万里学院,（101）,首选历史，再选不限,464,14418,,,0,浙江,公办,0,0
广西,2025,历史类,本科批,10904,枣庄学院,（100）,首选历史，再选不限,451,32228,,,5,山东,公办,0,0
广西,2025,历史类,本科批,10919,平顶山学院,（104）,首选历史，再选不限,472,24719,,,0,河南,公办,0,0
广西,2025,历史类,本科批,10920,湖北理工学院,（101）,首选历史，再选不限,487,16163,,,0,湖北,公办,0,0
广西,2025,历史类,本科批,10920,湖北理工学院,（102）,首选历史，再选生物,460,28818,,,0,湖北,公办,0,0
广西,2025,历史类,本科批,10929,湖北医药学院,（103）,首选历史，再选不限,474,19077,,,0,湖北,公办,0,0
广西,2025,历史类,本科批,10964,吉林外国语大学,（101）,首选历史，再选不限,403,46658,,,0,吉林,民办,0,0
广西,2025,历史类,本科批,10964,吉林外国语大学,（102）,首选历史，再选思想政治,435,38640,,,0,吉林,民办,0,0
广西,2025,历史类,本科批,10977,六盘水师范学院,（103）,首选历史，再选不限,468,26023,,,2,贵州,公办,0,0
广西,2025,历史类,本科批,11035,沈阳大学,,首选历史，再选不限,466,13938,,,28,辽宁,公办,0,0
广西,2025,历史类,本科批,11047,上海立信会计金融学院,（101）,首选历史，再选不限,536,3375,,,0,上海,公办,0,0
广西,2025,历史类,本科批,11048,金陵科技学院,（104）,首选历史，再选不限,499,10584,,,19,江苏,公办,0,0
广西,2025,历史类,本科批,11053,徐州工程学院,（103）,首选历史，再选不限,503,12127,,,0,江苏,公办,0,0
广西,2025,历史类,本科批,11055,常州工学院,（111）,首选历史，再选不限,501,13972,,,25,江苏,公办,0,0
广西,2025,历史类,本科批,11057,浙江科技大学,（105）,首选历史，再选不限,527,8417,,,18,浙江,公办,0,0
广西,2025,历史类,本科批,11058,宁波工程学院,（104）,首选历史，再选不限,503,13702,,,26,浙江,公办,0,0
广西,2025,历史类,本科批,11059,合肥大学,（101）,首选历史，再选不限,515,11452,,,0,安徽,公办,0,0
广西,2025,历史类,本科批,11062,厦门理工学院,,首选历史，再选不限,493,10422,,,36,福建,公办,0,0
广西,2025,历史类,本科批,11065,青岛大学,,首选历史，再选不限,500,5253,,,0,山东,公办,0,0
广西,2025,历史类,本科批,11068,郑州工程技术学院,（100）,首选历史，再选不限,441,36198,,,0,河南,公办,0,0
广西,2025,历史类,本科批,11070,洛阳理工学院,（102）,首选历史，再选不限,487,16957,,,0,河南,公办,0,0
广西,2025,历史类,本科批,11072,江汉大学,（101）,首选历史，再选不限,550,4484,,,0,湖北,公办,0,0
广西,2025,历史类,本科批,11077,长沙学院,,首选历史，再选不限,506,13250,,,11,湖南,公办,0,0
广西,2025,历史类,本科批,11077,长沙学院,（111）,首选历史，再选地理,505,15372,,,2,湖南,公办,0,0
广西,2025,历史类,本科批,11077,长沙学院,（110）,首选历史，再选思想政治,521,11675,,,2,湖南,公办,0,0
广西,2025,历史类,本科批,11078,广州大学,（101）,首选历史，再选不限,572,3101,,,0,广东,公办,0,0
广西,2025,历史类,本科批,11100,海南热带海洋学院,（102）,首选历史，再选不限,454,20464,,,0,海南,公办,0,0
广西,2025,历史类,本科批,11100,海南热带海洋学院,（101）,首选历史，再选思想政治,475,23065,,,0,海南,公办,0,0
广西,2025,历史类,本科批,11110,广东警官学院,（101）,首选历史，再选不限,558,5108,,,0,广东,公办,0,0
广西,2025,历史类,本科批,11117,扬州大学,,首选历史，再选不限,495,2387,,,30,江苏,公办,0,0
广西,2025,历史类,本科批,11149,中华女子学院,（104）,首选历史，再选不限,487,9942,,,28,北京,公办,0,0
广西,2025,历史类,本科批,11230,齐齐哈尔医学院,（105）,首选历史，再选不限,439,30668,,,0,黑龙江,公办,0,0
广西,2025,历史类,本科批,11242,太原学院,（102）,首选历史，再选不限,449,33031,,,0,山西,公办,0,0
广西,2025,历史类,本科批,11258,大连大学,（101）,首选历史，再选不限,513,9353,,,13,辽宁,公办,0,0
广西,2025,历史类,本科批,11261,吉林工商学院,（100）,首选历史，再选不限,441,27779,,,40,吉林,公办,0,0
广西,2025,历史类,本科批,11276,南京工程学院,（101）,首选历史，再选不限,514,11897,,,0,江苏,公办,0,0
广西,2025,历史类,本科批,11311,三明学院,（155）,首选历史，再选不限,474,20748,,,17,福建,公办,0,0
广西,2025,历史类,本科批,11312,龙岩学院,,首选历史，再选不限,452,20748,,,0,福建,公办,0,0
广西,2025,历史类,本科批,11318,江西科技师范大学,（111）,首选历史，再选不限,508,11897,,,0,江西,公办,0,0
广西,2025,历史类,本科批,11319,江西水利电力大学,（102）,首选历史，再选不限,516,12127,,,0,江西,公办,0,0
广西,2025,历史类,本科批,11342,湖南工程学院,（103）,首选历史，再选不限,506,15115,,,0,湖南,公办,0,0
广西,2025,历史类,本科批,11360,攀枝花学院,（101）,首选历史，再选不限,477,23065,,,3,四川,公办,0,0
广西,2025,历史类,本科批,11390,玉溪师范学院,（111）,首选历史，再选不限,475,19344,,,6,云南,公办,0,0
广西,2025,历史类,本科批,11393,昆明学院,（102）,首选历史，再选不限,484,17215,,,5,云南,公办,0,0
广西,2025,历史类,本科批,11393,昆明学院,（103）,首选历史，再选思想政治,514,13250,,,2,云南,公办,0,0
广西,2025,历史类,本科批,11395,榆林学院,（101）,首选历史，再选不限,464,24719,,,0,陕西,公办,0,0
广西,2025,历史类,本科批,11395,榆林学院,（102）,首选历史，再选思想政治,464,27421,,,0,陕西,公办,0,0
广西,2025,历史类,本科批,11397,安康学院,（102）,首选历史，再选不限,450,32623,,,12,陕西,公办,0,0
广西,2025,历史类,本科批,11397,安康学院,（100）,首选历史，再选思想政治,456,30282,,,13,陕西,公办,0,0
广西,2025,历史类,本科批,11400,西安培华学院,（104）,首选历史，再选不限,402,42560,,,0,陕西,民办,0,0
广西,2025,历史类,本科批,11400,西安培华学院,（106）,首选历史，再选生物,413,48444,,,0,陕西,民办,0,0
广西,2025,历史类,本科批,11406,甘肃政法大学,（101）,首选历史，再选不限,542,5841,,,0,甘肃,公办,0,0
广西,2025,历史类,本科批,11406,甘肃政法大学,（102）,首选历史，再选思想政治,539,8047,,,0,甘肃,公办,0,0
广西,2025,历史类,本科批,11407,北方民族大学,,首选历史，再选不限,432,17502,,,0,宁夏,公办,0,0
广西,2025,历史类,本科批,11407,北方民族大学,（112）,首选历史，再选思想政治,508,14668,,,0,宁夏,公办,0,0
广西,2025,历史类,本科批,11413,中国矿业大学（北京）,（103）,首选历史，再选不限,580,2751,,,0,北京,公办,0,1
广西,2025,历史类,本科批,11415,中国地质大学（北京）,（121）,首选历史，再选不限,582,2166,,,0,北京,公办,0,1
广西,2025,历史类,本科批,11417,北京联合大学,,首选历史，再选不限,524,6438,,,0,北京,公办,0,0
广西,2025,历史类,本科批,11420,河北金融学院,,首选历史，再选不限,419,16406,,,15,河北,公办,0,0
广西,2025,历史类,本科批,11427,集宁师范学院,,首选历史，再选不限,437,37006,,,14,内蒙古,公办,0,0
广西,2025,历史类,本科批,11427,集宁师范学院,（101）,首选历史，再选思想政治,453,31439,,,5,内蒙古,公办,0,0
广西,2025,历史类,本科批,11430,辽宁科技学院,（103）,首选历史，再选不限,446,28818,,,10,辽宁,公办,0,0
广西,2025,历史类,本科批,11441,吉林警察学院,（101）,首选历史，再选不限,459,25704,,,0,吉林,公办,0,0
广西,2025,历史类,本科批,11445,黑龙江工业学院,（101）,首选历史，再选不限,437,37408,,,57,黑龙江,公办,0,0
广西,2025,历史类,本科批,11445,黑龙江工业学院,（102）,首选历史，再选思想政治,451,32228,,,3,黑龙江,公办,0,0
广西,2025,历史类,本科批,11488,衢州学院,,首选历史，再选不限,467,22778,,,21,浙江,公办,0,0
广西,2025,历史类,本科批,11508,新余学院,,首选历史，再选不限,494,14894,,,8,江西,公办,0,0
广西,2025,历史类,本科批,11510,山东交通学院,（103）,首选历史，再选不限,488,16406,,,14,山东,公办,0,0
广西,2025,历史类,本科批,11517,河南工程学院,（101）,首选历史，再选不限,473,21316,,,0,河南,公办,0,0
广西,2025,历史类,本科批,11535,湖南工业大学,,首选历史，再选不限,479,4255,,,0,湖南,公办,0,0
广西,2025,历史类,本科批,11546,广西科技师范学院,,首选历史，再选不限,443,23065,,,0,广西,公办,0,0
广西,2025,历史类,本科批,11546,广西科技师范学院,,首选历史，再选思想政治,467,25035,,,0,广西,公办,0,0
广西,2025,历史类,本科批,11548,广西财经学院,,首选历史，再选不限,443,12347,,,0,广西,公办,0,0
广西,2025,历史类,本科批,11551,重庆科技大学,（111）,首选历史，再选不限,540,7373,,,6,重庆,公办,0,0
广西,2025,历史类,本科批,11552,四川旅游学院,（102）,首选历史，再选不限,485,20748,,,4,四川,公办,0,0
广西,2025,历史类,本科批,11556,文山学院,（101）,首选历史，再选不限,448,32228,,,10,云南,公办,0,0
广西,2025,历史类,本科批,11600,湖北经济学院,（101）,首选历史，再选不限,507,9154,,,0,湖北,公办,0,0
广西,2025,历史类,本科批,11607,北部湾大学,,首选历史，再选不限,441,13703,,,0,广西,公办,0,0
广西,2025,历史类,本科批,11607,北部湾大学,（103）,首选历史，再选地理,501,15643,,,0,广西,公办,0,0
广西,2025,历史类,本科批,11629,北华航天工业学院,（101）,首选历史，再选不限,466,24719,,,8,河北,公办,0,0
广西,2025,历史类,本科批,11646,宁波大学,,首选历史，再选不限,537,2241,,,0,浙江,公办,0,0
广西,2025,历史类,本科批,11647,浙江传媒学院,,首选历史，再选不限,538,3690,,,0,浙江,公办,0,0
广西,2025,历史类,本科批,11653,南阳理工学院,,首选历史，再选不限,462,21316,,,15,河南,公办,0,0
广西,2025,历史类,本科批,11653,南阳理工学院,（111）,首选历史，再选化学,407,51212,,,2,河南,公办,0,0
广西,2025,历史类,本科批,11654,武汉商学院,（101）,首选历史，再选不限,512,11897,,,0,湖北,公办,0,0
广西,2025,历史类,本科批,11656,广东石油化工学院,（106）,首选历史，再选不限,519,10584,,,8,广东,公办,0,0
广西,2025,历史类,本科批,11658,海南师范大学,,首选历史，再选不限,477,5841,,,35,海南,公办,0,0
广西,2025,历史类,本科批,11658,海南师范大学,（101）,首选历史，再选地理,539,8047,,,2,海南,公办,0,0
广西,2025,历史类,本科批,11658,海南师范大学,,首选历史，再选思想政治,533,5253,,,4,海南,公办,0,0
广西,2025,历史类,本科批,11660,重庆理工大学,（103）,首选历史，再选不限,549,5382,,,12,重庆,公办,0,0
广西,2025,历史类,本科批,11664,西安邮电大学,（103）,首选历史，再选不限,520,7076,,,0,陕西,公办,0,0
广西,2025,历史类,本科批,11688,山东工商学院,（104）,首选历史，再选不限,471,15642,,,0,山东,公办,0,0
广西,2025,历史类,本科批,11709,呼和浩特民族学院,,首选历史，再选不限,436,24077,,,19,内蒙古,公办,0,0
广西,2025,历史类,本科批,11709,呼和浩特民族学院,（104）,首选历史，再选思想政治,453,31439,,,2,内蒙古,公办,0,0
广西,2025,历史类,本科批,11726,长春大学,,首选历史，再选不限,452,17502,,,28,吉林,公办,0,0
广西,2025,历史类,本科批,11765,河南城建学院,（102）,首选历史，再选不限,442,35788,,,5,河南,公办,0,0
广西,2025,历史类,本科批,11775,防灾科技学院,,首选历史，再选不限,451,27421,,,0,河北,公办,0,0
广西,2025,历史类,本科批,11779,辽东学院,,首选历史，再选不限,440,28129,,,0,辽宁,公办,0,0
广西,2025,历史类,本科批,11799,重庆工商大学,,首选历史，再选不限,512,3828,,,0,重庆,公办,0,0
广西,2025,历史类,本科批,11799,重庆工商大学,（103）,首选历史，再选生物,533,8998,,,0,重庆,公办,0,0
广西,2025,历史类,本科批,11810,海南医科大学,（110）,首选历史，再选不限,495,17502,,,3,海南,公办,0,0
广西,2025,历史类,本科批,11825,桂林航天工业学院,,首选历史，再选不限,438,28491,,,0,广西,公办,0,0
广西,2025,历史类,本科批,11833,上海杉达学院,,首选历史，再选不限,368,42133,,,0,上海,民办,0,0
广西,2025,历史类,本科批,11835,上海政法学院,,首选历史，再选不限,567,1814,,,0,上海,公办,0,0
广西,2025,历史类,本科批,11835,上海政法学院,（102）,首选历史，再选思想政治,560,3589,,,0,上海,公办,0,0
广西,2025,历史类,本科批,11837,桂林旅游学院,,首选历史，再选不限,428,18514,,,0,广西,公办,0,0
广西,2025,历史类,本科批,11837,桂林旅游学院,,首选历史，再选地理,445,31057,,,0,广西,公办,0,0
广西,2025,历史类,本科批,11838,贺州学院,,首选历史，再选不限,442,19611,,,623,广西,公办,0,0
广西,2025,历史类,本科批,11838,贺州学院,,首选历史，再选思想政治,471,21014,,,224,广西,公办,0,0
广西,2025,历史类,本科批,11842,浙江树人学院,（101）,首选历史，再选不限,405,44433,,,27,浙江,民办,0,0
广西,2025,历史类,本科批,11843,九江学院,（101）,首选历史，再选不限,497,14177,,,0,江西,公办,0,0
广西,2025,历史类,本科批,11843,九江学院,（102）,首选历史，再选地理,483,21316,,,0,江西,公办,0,0
广西,2025,历史类,本科批,11845,广东工业大学,（100）,首选历史，再选不限,568,2552,,,14,广东,公办,0,0
广西,2025,历史类,本科批,11847,佛山大学,（103）,首选历史，再选不限,525,10804,,,5,广东,公办,0,0
广西,2025,历史类,本科批,11937,四川警察学院,（101）,首选历史，再选不限,530,9734,,,0,四川,公办,0,0
广西,2025,历史类,本科批,12026,大连民族大学,,首选历史，再选不限,471,9154,,,0,辽宁,公办,0,0
广西,2025,历史类,本科批,12044,上海第二工业大学,（104）,首选历史，再选不限,525,10176,,,0,上海,公办,0,0
广西,2025,历史类,本科批,12048,南京特殊教育师范学院,（100）,首选历史，再选不限,468,9537,,,36,江苏,公办,0,0
广西,2025,历史类,本科批,12048,南京特殊教育师范学院,（101）,首选历史，再选思想政治,495,17982,,,2,江苏,公办,0,0
广西,2025,历史类,本科批,12050,上海商学院,,首选历史，再选不限,501,11025,,,0,上海,公办,0,0
广西,2025,历史类,本科批,12121,南方医科大学,（104）,首选历史，再选不限,568,2913,,,0,广东,公办,0,0
广西,2025,历史类,本科批,12331,山东女子学院,,首选历史，再选不限,445,21604,,,3,山东,公办,0,0
广西,2025,历史类,本科批,12453,中国劳动关系学院,（101）,首选历史，再选不限,515,6747,,,0,北京,公办,0,0
广西,2025,历史类,本科批,12453,中国劳动关系学院,（102）,首选历史，再选思想政治,524,10176,,,0,北京,公办,0,0
广西,2025,历史类,本科批,12608,重庆工程学院,（106）,首选历史，再选不限,428,35788,,,0,重庆,民办,0,0
广西,2025,历史类,本科批,12636,成都东软学院,（102）,首选历史，再选不限,455,30668,,,0,四川,民办,0,0
广西,2025,历史类,本科批,12689,东南大学成贤学院,（103）,首选历史，再选不限,429,33435,,,0,江苏,民办,0,0
广西,2025,历史类,本科批,12715,西京学院,,首选历史，再选不限,402,43976,,,9,陕西,民办,0,0
广西,2025,历史类,本科批,12715,西京学院,（111）,首选历史，再选思想政治,402,45323,,,4,陕西,民办,0,0
广西,2025,历史类,本科批,12729,齐齐哈尔工程学院,（103）,首选历史，再选不限,389,48902,,,9,黑龙江,民办,0,0
广西,2025,历史类,本科批,12861,浙江机电职业技术大学,（104）,首选历史，再选不限,456,29566,,,0,浙江,公办,0,0
广西,2025,历史类,本科批,13115,厦门工学院,（103）,首选历史，再选不限,365,40780,,,11,福建,民办,0,0
广西,2025,历史类,本科批,13239,武汉工程大学邮电与信息工程学院,（103）,首选历史，再选不限,402,43018,,,0,湖北,民办,0,0
广西,2025,历史类,本科批,13242,武汉工商学院,（101）,首选历史，再选不限,416,34964,,,0,湖北,民办,0,0
广西,2025,历史类,本科批,13275,浙江工业大学之江学院,（101）,首选历史，再选不限,417,39498,,,36,浙江,民办,0,0
广西,2025,历史类,本科批,13277,宁波大学科学技术学院,（105）,首选历史，再选不限,403,43476,,,0,浙江,民办,0,0
广西,2025,历史类,本科批,13279,杭州电子科技大学信息工程学院,,首选历史，再选不限,402,42560,,,0,浙江,民办,0,0
广西,2025,历史类,本科批,13283,浙江农林大学暨阳学院,,首选历史，再选不限,402,37823,,,0,浙江,民办,0,0
广西,2025,历史类,本科批,13284,温州医科大学仁济学院,（100）,首选历史，再选不限,405,44865,,,22,浙江,民办,0,0
广西,2025,历史类,本科批,13287,湖州学院,（103）,首选历史，再选不限,509,11237,,,23,浙江,公办,0,0
广西,2025,历史类,本科批,13289,温州理工学院,（101）,首选历史，再选不限,520,11237,,,0,浙江,公办,0,0
广西,2025,历史类,本科批,13290,浙江工商大学杭州商学院,（101）,首选历史，再选不限,402,28491,,,36,浙江,民办,0,0
广西,2025,历史类,本科批,13291,嘉兴南湖学院,（103）,首选历史，再选不限,526,6916,,,0,浙江,公办,0,0
广西,2025,历史类,本科批,13294,浙江财经大学东方学院,（111）,首选历史，再选不限,402,36198,,,27,浙江,民办,0,0
广西,2025,历史类,本科批,13326,滇池学院,（101）,首选历史，再选不限,411,39045,,,7,云南,民办,0,0
广西,2025,历史类,本科批,13330,昆明城市学院,（104）,首选历史，再选不限,415,39923,,,18,云南,民办,0,0
广西,2025,历史类,本科批,13330,昆明城市学院,（103）,首选历史，再选思想政治,419,45769,,,2,云南,民办,0,0
广西,2025,历史类,本科批,13386,山东石油化工学院,（101）,首选历史，再选不限,455,30668,,,2,山东,公办,0,0
广西,2025,历史类,本科批,13431,南昌交通学院,（101）,首选历史，再选不限,414,43018,,,0,江西,民办,0,0
广西,2025,历史类,本科批,13434,赣南科技学院,（101）,首选历史，再选不限,485,16957,,,0,江西,公办,0,0
广西,2025,历史类,本科批,13437,南昌医学院,（101）,首选历史，再选生物,467,26368,,,0,江西,公办,0,0
广西,2025,历史类,本科批,13469,厦门大学嘉庚学院,,首选历史，再选不限,489,14177,,,20,福建,民办,0,0
广西,2025,历史类,本科批,13470,福州大学至诚学院,（103）,首选历史，再选不限,433,36602,,,8,福建,民办,0,0
广西,2025,历史类,本科批,13548,重庆人文科技学院,,首选历史，再选不限,423,34573,,,0,重庆,民办,0,0
广西,2025,历史类,本科批,13548,重庆人文科技学院,（112）,首选历史，再选思想政治,441,36198,,,0,重庆,民办,0,0
广西,2025,历史类,本科批,13548,重庆人文科技学院,（116）,首选历史，再选生物,403,53084,,,0,重庆,民办,0,0
广西,2025,历史类,本科批,13561,新疆科技学院,（101）,首选历史，再选不限,444,34964,,,0,新疆,公办,0,0
广西,2025,历史类,本科批,13561,新疆科技学院,（105）,首选历史，再选思想政治,447,31439,,,0,新疆,公办,0,0
广西,2025,历史类,本科批,13561,新疆科技学院,（106）,首选历史，再选生物,439,37006,,,0,新疆,公办,0,0
广西,2025,历史类,本科批,13569,西安交通工程学院,（104）,首选历史，再选不限,388,46210,,,0,陕西,民办,0,0
广西,2025,历史类,本科批,13588,重庆外语外事学院,（101）,首选历史，再选不限,418,43976,,,0,重庆,民办,0,0
广西,2025,历史类,本科批,13590,重庆财经学院,（101）,首选历史，再选不限,436,32228,,,0,重庆,民办,0,0
广西,2025,历史类,本科批,13593,石家庄铁道大学四方学院,（100）,首选历史，再选不限,442,35788,,,2,河北,民办,0,0
广西,2025,历史类,本科批,13600,长春光华学院,（101）,首选历史，再选不限,391,58418,,,0,吉林,民办,0,0
广西,2025,历史类,本科批,13627,重庆移通学院,（111）,首选历史，再选不限,423,25374,,,0,重庆,民办,0,0
广西,2025,历史类,本科批,13631,大连东软信息学院,（101）,首选历史，再选不限,406,51653,,,0,辽宁,民办,0,0
广西,2025,历史类,本科批,13637,温州商学院,（103）,首选历史，再选不限,402,53549,,,6,浙江,民办,0,0
广西,2025,历史类,本科批,13639,柳州工学院,（102）,首选历史，再选不限,402,44433,,,0,广西,民办,0,0
广西,2025,历史类,本科批,13641,桂林学院,（101）,首选历史，再选不限,412,40357,,,375,广西,民办,0,0
广西,2025,历史类,本科批,13643,广西中医药大学赛恩斯新医药学院,（104）,首选历史，再选不限,478,22485,,,0,广西,民办,0,0
广西,2025,历史类,本科批,13649,贵州黔南科技学院,（101）,首选历史，再选不限,421,44865,,,6,贵州,民办,0,0
广西,2025,历史类,本科批,13658,天津外国语大学滨海外事学院,（101）,首选历史，再选不限,403,38640,,,0,天津,民办,0,0
广西,2025,历史类,本科批,13660,天津商业大学宝德学院,,首选历史，再选不限,402,43476,,,0,天津,民办,0,0
广西,2025,历史类,本科批,13661,天津医科大学临床医学院,,首选历史，再选不限,422,42560,,,0,天津,民办,0,0
广西,2025,历史类,本科批,13662,长春人文学院,（101）,首选历史，再选不限,372,57481,,,0,吉林,民办,0,0
广西,2025,历史类,本科批,13666,武汉华夏理工学院,（103）,首选历史，再选不限,395,51653,,,0,湖北,民办,0,0
广西,2025,历史类,本科批,13670,成都银杏酒店管理学院,（102）,首选历史，再选不限,408,44865,,,0,四川,民办,0,0
广西,2025,历史类,本科批,13687,南京传媒学院,（120）,首选历史，再选不限,476,23065,,,0,江苏,民办,0,0
广西,2025,历史类,本科批,13706,吉林医药学院,（106）,首选历史，再选不限,449,26023,,,0,吉林,公办,0,0
广西,2025,历史类,本科批,13744,黑河学院,,首选历史，再选不限,412,35788,,,0,黑龙江,公办,0,0
广西,2025,历史类,本科批,13763,福建江夏学院,（103）,首选历史，再选不限,500,10804,,,0,福建,公办,0,0
广西,2025,历史类,本科批,13811,琼台师范学院,,首选历史，再选不限,421,17739,,,0,海南,公办,0,0
广西,2025,历史类,本科批,13811,琼台师范学院,（103）,首选历史，再选思想政治,495,17982,,,0,海南,公办,0,0
广西,2025,历史类,本科批,13843,南京师范大学泰州学院,（100）,首选历史，再选不限,407,44433,,,0,江苏,民办,0,0
广西,2025,历史类,本科批,13894,西安明德理工学院,（101）,首选历史，再选不限,367,55474,,,0,陕西,民办,0,0
广西,2025,历史类,本科批,13903,成都锦城学院,,首选历史，再选不限,412,22209,,,0,四川,民办,0,0
广西,2025,历史类,本科批,13983,苏州城市学院,（101）,首选历史，再选不限,507,11452,,,33,江苏,公办,0,0
广西,2025,历史类,本科批,13984,苏州大学应用技术学院,（100）,首选历史，再选不限,402,48444,,,40,江苏,民办,0,0
广西,2025,历史类,本科批,13990,南京财经大学红山学院,（100）,首选历史，再选不限,408,44433,,,0,江苏,民办,0,0
广西,2025,历史类,本科批,14037,西南财经大学天府学院,,首选历史，再选不限,414,40780,,,0,四川,民办,0,0
广西,2025,历史类,本科批,14099,湖北第二师范学院,（111）,首选历史，再选不限,516,10176,,,0,湖北,公办,0,0
广西,2025,历史类,本科批,14099,湖北第二师范学院,（112）,首选历史，再选思想政治,518,11025,,,0,湖北,公办,0,0
广西,2025,历史类,本科批,14100,山东政法学院,（101）,首选历史，再选不限,530,3802,,,0,山东,公办,0,0
广西,2025,历史类,本科批,14160,宿迁学院,（100）,首选历史，再选不限,481,16708,,,0,江苏,公办,0,0
广西,2025,历史类,本科批,14199,内蒙古大学创业学院,（101）,首选历史，再选不限,405,42133,,,16,内蒙古,民办,0,0
广西,2025,历史类,本科批,14205,内蒙古鸿德文理学院,（100）,首选历史，再选不限,402,48444,,,0,内蒙古,民办,0,0
广西,2025,历史类,本科批,14262,西南交通大学希望学院,（102）,首选历史，再选不限,424,38640,,,0,四川,民办,0,0
广西,2025,历史类,本科批,14275,浙江外国语学院,（101）,首选历史，再选不限,530,5989,,,38,浙江,公办,0,0
广西,2025,历史类,本科批,14388,重庆第二师范学院,,首选历史，再选不限,497,11238,,,0,重庆,公办,0,0
广西,2025,历史类,本科批,14388,重庆第二师范学院,（101）,首选历史，再选思想政治,533,8960,,,0,重庆,公办,0,0
广西,2025,历史类,本科批,14389,成都师范学院,,首选历史，再选不限,538,7373,,,0,四川,公办,0,0
广西,2025,历史类,本科批,14390,陕西学前师范学院,（111）,首选历史，再选不限,446,30668,,,0,陕西,公办,0,0
广西,2025,历史类,本科批,14436,江苏第二师范学院,（101）,首选历史，再选不限,505,10804,,,15,江苏,公办,0,0
广西,2025,历史类,本科批,14458,张家口学院,（101）,首选历史，再选地理,439,36678,,,10,河北,公办,0,0
广西,2025,历史类,本科批,14527,山西工程技术学院,（101）,首选历史，再选地理,465,27078,,,0,山西,公办,0,0
广西,2025,历史类,本科批,14655,深圳技术大学,（103）,首选历史，再选不限,575,2830,,,7,广东,公办,0,0
广西,2025,历史类,本科批,14830,重庆中医药学院,（102）,首选历史，再选不限,561,4614,,,0,重庆,公办,0,0
广西,2025,历史类,本科批,16203,河北科技工程职业技术大学,（101）,首选历史，再选不限,440,34964,,,0,河北,公办,0,0
广西,2025,历史类,本科批,16302,西交利物浦大学,（301）,首选历史，再选不限,535,8770,,,0,江苏,中外合作办学,0,0
广西,2025,历史类,本科批,18213,哈尔滨工业大学（深圳）,（106）,首选历史，再选不限,607,512,,,0,广东,公办,1,1
广西,2025,历史类,本科批,19359,合肥工业大学,（104）,首选历史，再选不限,566,2913,,,0,安徽,公办,0,1
广西,2025,历史类,本科批,19359,合肥工业大学,（103）,首选历史，再选思想政治,590,1967,,,0,安徽,公办,0,1
广西,2025,历史类,本科批,19359,合肥工业大学（宣城校区）,（103）,首选历史，再选不限,573,3375,,,0,安徽,公办,0,1
广西,2025,历史类,本科批,19359,合肥工业大学（宣城校区）,（104）,首选历史，再选思想政治,572,3483,,,0,安徽,公办,0,1
广西,2025,历史类,本科批,19414,中国石油大学（北京）克拉玛依校区,（102）,首选历史，再选不限,554,5680,,,0,新疆,公办,0,1
广西,2025,历史类,本科批,19414,中国石油大学（北京）克拉玛依校区,（103）,首选历史，再选思想政治,554,5680,,,0,新疆,公办,0,1
广西,2025,历史类,本科批,19422,山东大学（威海）,,首选历史，再选不限,583,1142,,,12,山东,公办,1,1
广西,2025,历史类,本科批,51285,江西飞行学院,（111）,首选历史，再选不限,447,26731,,,2,江西,公办,0,0
广西,2025,历史类,本科批,51721,河北环境工程学院,（111）,首选历史，再选不限,440,33807,,,6,河北,公办,0,0
广西,2025,历史类,本科提前批,10028,首都师范大学,（101）,首选历史，再选思想政治,591,1886,,,0,北京,公办,0,0
广西,2025,历史类,本科提前批,10033,中国传媒大学,（102）,首选历史，再选不限,590,1967,,,0,北京,公办,0,1
广西,2025,历史类,本科提前批,10036,对外经济贸易大学,（105）,首选历史，再选不限,598,889,,,8,北京,公办,0,1
广西,2025,历史类,本科提前批,10039,中国消防救援学院,（101）,首选历史，再选思想政治,568,3934,,,0,北京,公办,0,0
广西,2025,历史类,本科提前批,10040,外交学院,（102）,首选历史，再选不限,602,490,,,0,北京,公办,0,0
广西,2025,历史类,本科提前批,10040,外交学院,（101）,首选历史，再选思想政治,620,490,,,0,北京,公办,0,0
广西,2025,历史类,本科提前批,10041,中国人民公安大学,,首选历史，再选思想政治,579,299,,,0,北京,公办,0,0
广西,2025,历史类,本科提前批,10175,中国刑事警察学院,,首选历史，再选思想政治,542,738,,,16,辽宁,公办,0,0
广西,2025,历史类,本科提前批,10200,东北师范大学,,首选历史，再选不限,586,1049,,,0,吉林,公办,0,1
广西,2025,历史类,本科提前批,10200,东北师范大学,,首选历史，再选思想政治,587,1200,,,0,吉林,公办,0,1
广西,2025,历史类,本科提前批,10269,华东师范大学,,首选历史，再选不限,598,191,,,0,上海,公办,1,1
广西,2025,历史类,本科提前批,10269,华东师范大学,（412）,首选历史，再选思想政治,625,358,,,0,上海,公办,1,1
广西,2025,历史类,本科提前批,10423,中国海洋大学,（118）,首选历史，再选不限,598,1417,,,0,山东,公办,1,1
广西,2025,历史类,本科提前批,10511,华中师范大学,,首选历史，再选不限,593,566,,,0,湖北,公办,0,1
广西,2025,历史类,本科提前批,10511,华中师范大学,（443）,首选历史，再选地理,612,738,,,0,湖北,公办,0,1
广西,2025,历史类,本科提前批,10511,华中师范大学,（442）,首选历史，再选思想政治,612,738,,,0,湖北,公办,0,1
广西,2025,历史类,本科提前批,10600,广西中医药大学,,首选历史，再选不限,520,2552,,,46,广西,公办,0,0
广西,2025,历史类,本科提前批,10602,广西师范大学,,首选历史，再选不限,559,1496,,,0,广西,公办,0,0
广西,2025,历史类,本科提前批,10602,广西师范大学,（112）,首选历史，再选思想政治,562,4614,,,0,广西,公办,0,0
广西,2025,历史类,本科提前批,10635,西南大学,,首选历史，再选不限,593,490,,,0,重庆,公办,0,1
广西,2025,历史类,本科提前批,10635,西南大学,（402）,首选历史，再选地理,608,889,,,0,重庆,公办,0,1
广西,2025,历史类,本科提前批,10635,西南大学,,首选历史，再选思想政治,597,824,,,0,重庆,公办,0,1
广西,2025,历史类,本科提前批,10650,四川外国语大学,（101）,首选历史，再选不限,553,2913,,,0,重庆,公办,0,0
广西,2025,历史类,本科提前批,11546,广西科技师范学院,,首选历史，再选不限,524,7885,,,37,广西,公办,0,0
广西,2025,历史类,本科提前批,11607,北部湾大学,,首选历史，再选地理,545,5989,,,0,广西,公办,0,0
广西,2025,历史类,本科提前批,11838,贺州学院,,首选历史，再选不限,539,5253,,,31,广西,公办,0,0
广西,2025,历史类,本科提前批,92039,武警警官学院,（811）,首选历史，再选不限,572,3483,,,0,四川,公办,0,0
广西,2025,历史类,特殊类型批,10034,中央财经大学,（608）,首选历史，再选不限,520,11897,,,0,北京,公办,0,1
广西,2025,历史类,特殊类型批,10183,吉林大学,（601）,首选历史，再选不限,577,3011,,,0,吉林,公办,1,1
广西,2025,历史类,特殊类型批,10269,华东师范大学,（611）,首选历史，再选不限,526,10584,,,0,上海,公办,1,1
广西,2025,历史类,特殊类型批,10319,南京师范大学,（602）,首选历史，再选不限,592,1814,,,0,江苏,公办,0,1
广西,2025,历史类,特殊类型批,10384,厦门大学,（621）,首选历史，再选不限,604,1102,,,0,福建,公办,1,1
广西,2025,历史类,特殊类型批,10422,山东大学,（603）,首选历史，再选不限,602,1200,,,0,山东,公办,1,1
广西,2025,历史类,特殊类型批,10423,中国海洋大学,（602）,首选历史，再选不限,586,2241,,,0,山东,公办,1,1
广西,2025,历史类,特殊类型批,10511,华中师范大学,（673）,首选历史，再选地理,591,1886,,,0,湖北,公办,0,1
广西,2025,历史类,特殊类型批,10520,中南财经政法大学,（621）,首选历史，再选不限,585,2308,,,0,湖北,公办,0,1
广西,2025,历史类,特殊类型批,10593,广西大学,（718）,首选历史，再选不限,523,11237,,,0,广西,公办,0,1
广西,2025,历史类,特殊类型批,10594,广西科技大学,（718）,首选历史，再选不限,457,29930,,,6,广西,公办,0,0
广西,2025,历史类,特殊类型批,10595,桂林电子科技大学,（718）,首选历史，再选不限,445,34573,,,0,广西,公办,0,0
广西,2025,历史类,特殊类型批,10600,广西中医药大学,（718）,首选历史，再选不限,457,29930,,,12,广西,公办,0,0
广西,2025,历史类,特殊类型批,10605,河池学院,（718）,首选历史，再选不限,434,39045,,,30,广西,公办,0,0
广西,2025,历史类,特殊类型批,10609,百色学院,（718）,首选历史，再选不限,440,36602,,,20,广西,公办,0,0
广西,2025,历史类,特殊类型批,10635,西南大学,（601）,首选历史，再选不限,577,3011,,,0,重庆,公办,0,1
广西,2025,历史类,特殊类型批,10651,西南财经大学,（601）,首选历史，再选不限,547,6747,,,0,四川,公办,0,1
广西,2025,历史类,特殊类型批,10657,贵州大学,（691）,首选历史，再选不限,554,5680,,,0,贵州,公办,0,1
广西,2025,历史类,特殊类型批,11078,广州大学,（601）,首选历史，再选不限,385,61887,,,0,广东,公办,0,0
广西,2025,历史类,特殊类型批,11546,广西科技师范学院,（718）,首选历史，再选不限,443,35389,,,0,广西,公办,0,0
广西,2025,历史类,特殊类型批,11548,广西财经学院,（718）,首选历史，再选不限,449,32673,,,0,广西,公办,0,0
广西,2025,历史类,特殊类型批,11607,北部湾大学,（718）,首选历史，再选不限,463,27779,,,0,广西,公办,0,0
广西,2025,历史类,特殊类型批,11825,桂林航天工业学院,（718）,首选历史，再选不限,439,37006,,,0,广西,公办,0,0
广西,2025,历史类,特殊类型批,11838,贺州学院,（718）,首选历史，再选不限,448,33435,,,8,广西,公办,0,0
广西,2025,物理类,专科批,10275,上海旅游高等专科学校,（100）,首选物理，再选不限,382,156615,,,9,上海,公办,0,0
广西,2025,物理类,专科批,10301,江苏城市职业学院,（102）,首选物理，再选不限,391,136424,,,0,江苏,公办,0,0
广西,2025,物理类,专科批,10518,汉江师范学院,（108）,首选物理，再选不限,390,136424,,,8,湖北,公办,0,0
广西,2025,物理类,专科批,10598,广西医科大学,,首选物理，再选不限,382,147532,,,0,广西,公办,0,0
广西,2025,物理类,专科批,10600,广西中医药大学,（156）,首选物理，再选不限,412,131421,,,70,广西,公办,0,0
广西,2025,物理类,专科批,10600,广西中医药大学,,首选物理，再选化学,403,113460,,,200,广西,公办,0,0
广西,2025,物理类,专科批,10601,桂林医科大学,,首选物理，再选不限,389,141414,,,0,广西,公办,0,0
广西,2025,物理类,专科批,10601,桂林医科大学,（184）,首选物理，再选生物,383,162623,,,0,广西,公办,0,0
广西,2025,物理类,专科批,10842,三门峡职业技术学院,（157）,首选物理，再选不限,333,206835,,,0,河南,公办,0,0
广西,2025,物理类,专科批,10845,大连职业技术学院,（151）,首选物理，再选不限,267,207661,,,0,辽宁,公办,0,0
广西,2025,物理类,专科批,10849,江苏建筑职业技术学院,（100）,首选物理，再选不限,372,163557,,,10,江苏,公办,0,0
广西,2025,物理类,专科批,10851,上海东海职业技术学院,（102）,首选物理，再选不限,327,213165,,,0,上海,民办,0,0
广西,2025,物理类,专科批,10852,上海工商职业技术学院,（103）,首选物理，再选不限,387,158594,,,0,上海,民办,0,0
广西,2025,物理类,专科批,10862,广东水利电力职业技术学院,（100）,首选物理，再选不限,398,139395,,,0,广东,公办,0,0
广西,2025,物理类,专科批,10872,伊春职业学院,（102）,首选物理，再选不限,278,207661,,,15,黑龙江,公办,0,0
广西,2025,物理类,专科批,10888,江西医学高等专科学校,（104）,首选物理，再选不限,379,166546,,,0,江西,公办,0,0
广西,2025,物理类,专科批,10888,江西医学高等专科学校,,首选物理，再选化学,376,134467,,,0,江西,公办,0,0
广西,2025,物理类,专科批,10888,江西医学高等专科学校,（102）,首选物理，再选化学、生物(2科必选),404,141414,,,0,江西,公办,0,0
广西,2025,物理类,专科批,11050,连云港职业技术学院,（102）,首选物理，再选不限,392,153683,,,0,江苏,公办,0,0
广西,2025,物理类,专科批,11051,镇江市高等专科学校,（102）,首选物理，再选不限,359,174424,,,5,江苏,公办,0,0
广西,2025,物理类,专科批,11248,辽宁农业职业技术学院,（102）,首选物理，再选不限,299,208471,,,40,辽宁,公办,0,0
广西,2025,物理类,专科批,11314,漳州职业技术学院,（102）,首选物理，再选不限,405,129363,,,0,福建,公办,0,0
广西,2025,物理类,专科批,11315,闽西职业技术学院,（100）,首选物理，再选不限,320,188428,,,79,福建,公办,0,0
广西,2025,物理类,专科批,11317,黎明职业大学,,首选物理，再选不限,286,160595,,,63,福建,公办,0,0
广西,2025,物理类,专科批,11350,广西体育高等专科学校,（151）,首选物理，再选不限,322,184797,,,0,广西,公办,0,0
广西,2025,物理类,专科批,11440,长春金融高等专科学校,（102）,首选物理，再选不限,368,172507,,,3,吉林,公办,0,0
广西,2025,物理类,专科批,11500,辽宁省交通高等专科学校,（101）,首选物理，再选不限,305,187527,,,0,辽宁,公办,0,0
广西,2025,物理类,专科批,11608,广西水利电力职业技术学院,,首选物理，再选不限,345,152659,,,0,广西,公办,0,0
广西,2025,物理类,专科批,11773,广西职业技术学院,（151）,首选物理，再选不限,366,137473,,,1393,广西,公办,0,0
广西,2025,物理类,专科批,11787,濮阳职业技术学院,（101）,首选物理，再选不限,307,221973,,,10,河南,公办,0,0
广西,2025,物理类,专科批,11828,郑州电力高等专科学校,（101）,首选物理，再选不限,413,132435,,,0,河南,公办,0,0
广西,2025,物理类,专科批,11837,桂林旅游学院,,首选物理，再选不限,332,181985,,,0,广西,公办,0,0
广西,2025,物理类,专科批,11961,安徽第二医学院,（102）,首选物理，再选不限,388,143459,,,23,安徽,公办,0,0
广西,2025,物理类,专科批,11961,安徽第二医学院,（101）,首选物理，再选化学,395,144483,,,15,安徽,公办,0,0
广西,2025,物理类,专科批,11968,安徽中医药高等专科学校,（102）,首选物理，再选不限,388,126377,,,20,安徽,公办,0,0
广西,2025,物理类,专科批,12036,浙江交通职业技术学院,（101）,首选物理，再选不限,400,144483,,,0,浙江,公办,0,0
广西,2025,物理类,专科批,12046,广州职业技术大学,（102）,首选物理，再选不限,412,129363,,,50,广东,公办,0,0
广西,2025,物理类,专科批,12051,湖北职业技术学院,（151）,首选物理，再选不限,367,144483,,,59,湖北,公办,0,0
广西,2025,物理类,专科批,12063,盘锦职业技术学院,（102）,首选物理，再选不限,274,234047,,,0,辽宁,公办,0,0
广西,2025,物理类,专科批,12354,襄阳职业技术学院,,首选物理，再选不限,385,139395,,,10,湖北,公办,0,0
广西,2025,物理类,专科批,12493,上海行健职业学院,（101）,首选物理，再选不限,376,161617,,,0,上海,公办,0,0
广西,2025,物理类,专科批,12499,上海电子信息职业技术学院,（101）,首选物理，再选不限,422,123398,,,0,上海,公办,0,0
广西,2025,物理类,专科批,12583,上海震旦职业学院,（101）,首选物理，再选不限,319,219147,,,0,上海,民办,0,0
广西,2025,物理类,专科批,12593,辽宁生态工程职业学院,（101）,首选物理，再选不限,259,244623,,,0,辽宁,公办,0,0
广西,2025,物理类,专科批,12606,重庆工贸职业技术学院,（101）,首选物理，再选不限,381,159567,,,5,重庆,公办,0,0
广西,2025,物理类,专科批,12627,福建水利电力职业技术学院,（102）,首选物理，再选不限,354,146524,,,0,福建,公办,0,0
广西,2025,物理类,专科批,12628,福建电力职业技术学院,（100）,首选物理，再选不限,392,153683,,,0,福建,公办,0,0
广西,2025,物理类,专科批,12638,四川水利职业技术学院,（102）,首选物理，再选不限,368,154694,,,0,四川,公办,0,0
广西,2025,物理类,专科批,12671,包头轻工职业技术学院,（151）,首选物理，再选不限,277,242028,,,0,内蒙古,公办,0,0
广西,2025,物理类,专科批,12726,黑龙江农业工程职业学院,（101）,首选物理，再选不限,305,203513,,,5,黑龙江,公办,0,0
广西,2025,物理类,专科批,12727,黑龙江农垦职业学院,（102）,首选物理，再选不限,282,209276,,,21,黑龙江,公办,0,0
广西,2025,物理类,专科批,12759,重庆工程职业技术学院,,首选物理，再选不限,377,122379,,,9,重庆,公办,0,0
广西,2025,物理类,专科批,12793,鹤壁职业技术学院,（151）,首选物理，再选不限,283,226636,,,0,河南,公办,0,0
广西,2025,物理类,专科批,12805,江苏电子信息职业学院,（102）,首选物理，再选不限,394,143459,,,0,江苏,公办,0,0
广西,2025,物理类,专科批,12820,重庆建筑科技职业学院,（102）,首选物理，再选不限,258,201771,,,29,重庆,民办,0,0
广西,2025,物理类,专科批,12861,浙江机电职业技术大学,（101）,首选物理，再选不限,418,102066,,,0,浙江,公办,0,0
广西,2025,物理类,专科批,12864,浙江经贸职业技术学院,（102）,首选物理，再选不限,397,123398,,,10,浙江,公办,0,0
广西,2025,物理类,专科批,12865,浙江商业职业技术学院,（102）,首选物理，再选不限,379,135457,,,18,浙江,公办,0,0
广西,2025,物理类,专科批,12871,浙江工业职业技术学院,（100）,首选物理，再选不限,374,158594,,,25,浙江,公办,0,0
广西,2025,物理类,专科批,12887,河北旅游职业学院,（102）,首选物理，再选不限,291,228543,,,5,河北,公办,0,0
广西,2025,物理类,专科批,12896,辽宁轨道交通职业学院,（101）,首选物理，再选不限,361,179139,,,0,辽宁,公办,0,0
广西,2025,物理类,专科批,12908,大兴安岭职业学院,（150）,首选物理，再选不限,256,246922,,,16,黑龙江,公办,0,0
广西,2025,物理类,专科批,12908,大兴安岭职业学院,（151）,首选物理，再选化学,314,169543,,,20,黑龙江,公办,0,0
广西,2025,物理类,专科批,12908,大兴安岭职业学院,（152）,首选物理，再选生物,356,188428,,,2,黑龙江,公办,0,0
广西,2025,物理类,专科批,12912,上海农林职业技术学院,（102）,首选物理，再选不限,361,159567,,,0,上海,公办,0,0
广西,2025,物理类,专科批,12931,渤海船舶职业学院,（150）,首选物理，再选不限,304,210030,,,0,辽宁,公办,0,0
广西,2025,物理类,专科批,12942,江西应用技术职业学院,（101）,首选物理，再选不限,413,132435,,,1,江西,公办,0,0
广西,2025,物理类,专科批,12976,江西机电职业技术学院,（105）,首选物理，再选不限,353,171533,,,19,江西,公办,0,0
广西,2025,物理类,专科批,13012,山东信息职业技术学院,（102）,首选物理，再选不限,315,199274,,,0,山东,公办,0,0
广西,2025,物理类,专科批,13026,杭州科技职业技术学院,（151）,首选物理，再选不限,406,138410,,,3,浙江,公办,0,0
广西,2025,物理类,专科批,13054,六盘水职业技术学院,（102）,首选物理，再选不限,286,212434,,,23,贵州,公办,0,0
广西,2025,物理类,专科批,13072,河北化工医药职业技术学院,（101）,首选物理，再选不限,329,181985,,,8,河北,公办,0,0
广西,2025,物理类,专科批,13136,云南能源职业技术学院,（102）,首选物理，再选不限,357,187527,,,2,云南,公办,0,0
广西,2025,物理类,专科批,13138,广西建设职业技术学院,,首选物理，再选不限,322,176345,,,0,广西,公办,0,0
广西,2025,物理类,专科批,13161,长春职业技术大学,（103）,首选物理，再选不限,341,201771,,,0,吉林,公办,0,0
广西,2025,物理类,专科批,13171,临汾职业技术学院,（104）,首选物理，再选不限,353,191155,,,2,山西,公办,0,0
广西,2025,物理类,专科批,13207,大连科技学院,（103）,首选物理，再选不限,215,249284,,,0,辽宁,民办,0,0
广西,2025,物理类,专科批,13395,廊坊职业技术学院,（101）,首选物理，再选不限,273,245020,,,5,河北,公办,0,0
广西,2025,物理类,专科批,13424,宜春职业技术学院,（101）,首选物理，再选不限,387,152659,,,8,江西,公办,0,0
广西,2025,物理类,专科批,13569,西安交通工程学院,（105）,首选物理，再选不限,366,179139,,,0,陕西,民办,0,0
广西,2025,物理类,专科批,13577,海南外国语职业学院,（102）,首选物理，再选不限,313,174424,,,0,海南,公办,0,0
广西,2025,物理类,专科批,13631,大连东软信息学院,（102）,首选物理，再选不限,216,250196,,,0,辽宁,民办,0,0
广西,2025,物理类,专科批,13637,温州商学院,（105）,首选物理，再选不限,259,210864,,,15,浙江,民办,0,0
广西,2025,物理类,专科批,13688,浙江邮电职业技术学院,（101）,首选物理，再选不限,397,141414,,,10,浙江,公办,0,0
广西,2025,物理类,专科批,13709,广州工程技术职业学院,（102）,首选物理，再选不限,365,152659,,,50,广东,公办,0,0
广西,2025,物理类,专科批,13746,台州科技职业学院,（100）,首选物理，再选不限,382,132435,,,0,浙江,公办,0,0
广西,2025,物理类,专科批,13758,云南林业职业技术学院,（103）,首选物理，再选不限,388,157602,,,0,云南,公办,0,0
广西,2025,物理类,专科批,13758,云南林业职业技术学院,（104）,首选物理，再选生物,350,193940,,,0,云南,公办,0,0
广西,2025,物理类,专科批,13772,湄洲湾职业技术学院,（199）,首选物理，再选不限,357,178209,,,45,福建,公办,0,0
广西,2025,物理类,专科批,13775,抚州医药学院,,首选物理，再选不限,386,140563,,,0,江西,公办,0,0
广西,2025,物理类,专科批,13784,信阳职业技术学院,（102）,首选物理，再选不限,360,184797,,,8,河南,公办,0,0
广西,2025,物理类,专科批,13796,武汉民政职业学院,（151）,首选物理，再选不限,392,121394,,,10,湖北,公办,0,0
广西,2025,物理类,专科批,13810,肇庆医学院,（104）,首选物理，再选不限,411,133471,,,8,广东,公办,0,0
广西,2025,物理类,专科批,13810,肇庆医学院,（103）,首选物理，再选化学,415,104882,,,15,广东,公办,0,0
广西,2025,物理类,专科批,13853,浙江国际海运职业技术学院,（100）,首选物理，再选不限,385,147532,,,0,浙江,公办,0,0
广西,2025,物理类,专科批,13867,江西制造职业技术学院,（155）,首选物理，再选不限,365,149600,,,0,江西,公办,0,0
广西,2025,物理类,专科批,13871,江西航空职业技术学院,（102）,首选物理，再选不限,369,153683,,,10,江西,民办,0,0
广西,2025,物理类,专科批,13875,海南经贸职业技术学院,（351）,首选物理，再选不限,326,206024,,,0,海南,公办,0,0
广西,2025,物理类,专科批,13937,湖南汽车工程职业大学,（102）,首选物理，再选不限,391,154694,,,0,湖南,公办,0,0
广西,2025,物理类,专科批,13943,广州铁路职业技术学院,（100）,首选物理，再选不限,417,120389,,,0,广东,公办,0,0
广西,2025,物理类,专科批,13961,大连枫叶职业技术学院,（102）,首选物理，再选不限,224,242882,,,0,辽宁,民办,0,0
广西,2025,物理类,专科批,13973,厦门城市职业学院,（102）,首选物理，再选不限,354,173517,,,0,福建,公办,0,0
广西,2025,物理类,专科批,14006,四川铁道职业学院,（101）,首选物理，再选不限,398,124396,,,0,四川,公办,0,0
广西,2025,物理类,专科批,14008,重庆三峡医药高等专科学校,（102）,首选物理，再选不限,404,127365,,,0,重庆,公办,0,0
广西,2025,物理类,专科批,14012,曲靖健康医学院,,首选物理，再选不限,322,123398,,,40,云南,公办,0,0
广西,2025,物理类,专科批,14012,曲靖健康医学院,（103）,首选物理，再选化学,344,199274,,,10,云南,公办,0,0
广西,2025,物理类,专科批,14013,楚雄医药高等专科学校,（101）,首选物理，再选化学、生物(2科必选),350,167581,,,23,云南,公办,0,0
广西,2025,物理类,专科批,14026,广西英华国际职业学院,（150）,首选物理，再选不限,236,249284,,,0,广西,民办,0,0
广西,2025,物理类,专科批,14076,辽宁装备制造职业技术学院,（100）,首选物理，再选不限,287,233460,,,72,辽宁,公办,0,0
广西,2025,物理类,专科批,14085,西藏职业技术学院,（102）,首选物理，再选化学,267,247275,,,5,西藏,公办,0,0
广西,2025,物理类,专科批,14085,西藏职业技术学院,（101）,首选物理，再选化学、生物(2科必选),263,245020,,,9,西藏,公办,0,0
广西,2025,物理类,专科批,14117,漳州卫生职业学院,（151）,首选物理，再选不限,364,139395,,,44,福建,公办,0,0
广西,2025,物理类,专科批,14127,广西工程职业学院,（151）,首选物理，再选不限,200,255422,,,0,广西,民办,0,0
广西,2025,物理类,专科批,14128,重庆财经职业学院,（102）,首选物理，再选不限,368,174424,,,0,重庆,公办,0,0
广西,2025,物理类,专科批,14129,贵阳职业技术学院,（101）,首选物理，再选不限,365,161617,,,0,贵州,公办,0,0
广西,2025,物理类,专科批,14188,辽宁铁道职业技术学院,（101）,首选物理，再选不限,358,154694,,,0,辽宁,公办,0,0
广西,2025,物理类,专科批,14196,枣庄职业学院,,首选物理，再选不限,239,153683,,,30,山东,公办,0,0
广西,2025,物理类,专科批,14198,毕节职业技术学院,（102）,首选物理，再选不限,286,234047,,,21,贵州,公办,0,0
广西,2025,物理类,专科批,14243,安阳职业技术学院,（151）,首选物理，再选不限,333,183887,,,0,河南,公办,0,0
广西,2025,物理类,专科批,14262,西南交通大学希望学院,（121）,首选物理，再选不限,308,198413,,,0,四川,民办,0,0
广西,2025,物理类,专科批,14263,东莞职业技术学院,（101）,首选物理，再选不限,398,141414,,,0,广东,公办,0,0
广西,2025,物理类,专科批,14272,黑龙江护理高等专科学校,（102）,首选物理，再选不限,317,217679,,,0,黑龙江,公办,0,0
广西,2025,物理类,专科批,14273,桐城师范高等专科学校,（102）,首选物理，再选不限,333,188428,,,0,安徽,公办,0,0
广西,2025,物理类,专科批,14307,河南应用技术职业学院,（102）,首选物理，再选不限,324,215422,,,0,河南,公办,0,0
广西,2025,物理类,专科批,14315,重庆化工职业学院,（101）,首选物理，再选不限,353,184797,,,30,重庆,公办,0,0
广西,2025,物理类,专科批,14328,石家庄幼儿师范高等专科学校,,首选物理，再选不限,302,218418,,,6,河北,公办,0,0
广西,2025,物理类,专科批,14353,南阳职业学院,（102）,首选物理，再选不限,216,255976,,,0,河南,民办,0,0
广西,2025,物理类,专科批,14382,河南推拿职业学院,（101）,首选物理，再选不限,373,172507,,,2,河南,公办,0,0
广西,2025,物理类,专科批,14396,河北轨道运输职业技术学院,（101）,首选物理，再选不限,388,157602,,,0,河北,公办,0,0
广西,2025,物理类,专科批,14413,红河卫生职业学院,（100）,首选物理，再选不限,383,162623,,,0,云南,公办,0,0
广西,2025,物理类,专科批,14428,重庆幼儿师范高等专科学校,（102）,首选物理，再选不限,361,183887,,,0,重庆,公办,0,0
广西,2025,物理类,专科批,14464,辽宁民族师范高等专科学校,（151）,首选物理，再选不限,265,241596,,,0,辽宁,公办,0,0
广西,2025,物理类,专科批,14466,河南医学高等专科学校,（102）,首选物理，再选不限,374,171533,,,0,河南,公办,0,0
广西,2025,物理类,专科批,14492,浙江安防职业技术学院,（102）,首选物理，再选不限,352,189353,,,0,浙江,公办,0,0
广西,2025,物理类,专科批,14550,云南财经职业学院,（102）,首选物理，再选不限,365,180055,,,5,云南,公办,0,0
广西,2025,物理类,专科批,14553,湖北铁道运输职业学院,（151）,首选物理，再选不限,394,147532,,,11,湖北,公办,0,0
广西,2025,物理类,专科批,14569,赣南卫生健康职业学院,（151）,首选物理，再选不限,380,165558,,,0,江西,公办,0,0
广西,2025,物理类,专科批,14569,赣南卫生健康职业学院,（152）,首选物理，再选化学,348,195806,,,0,江西,公办,0,0
广西,2025,物理类,专科批,14569,赣南卫生健康职业学院,（154）,首选物理，再选化学、生物(2科必选),378,142407,,,0,江西,公办,0,0
广西,2025,物理类,专科批,14581,昆明铁道职业技术学院,（100）,首选物理，再选不限,393,124396,,,44,云南,公办,0,0
广西,2025,物理类,专科批,14586,唐山幼儿师范高等专科学校,（102）,首选物理，再选不限,279,217679,,,2,河北,公办,0,0
广西,2025,物理类,专科批,14587,广东茂名幼儿师范专科学校,（150）,首选物理，再选不限,372,173517,,,0,广东,公办,0,0
广西,2025,物理类,专科批,14617,贵州护理职业技术学院,（151）,首选物理，再选不限,365,180055,,,5,贵州,公办,0,0
广西,2025,物理类,专科批,14677,喀什职业技术学院,（104）,首选物理，再选不限,282,193940,,,0,新疆,公办,0,0
广西,2025,物理类,专科批,14677,喀什职业技术学院,（105）,首选物理，再选化学,283,239688,,,0,新疆,公办,0,0
广西,2025,物理类,专科批,14677,喀什职业技术学院,（103）,首选物理，再选化学、生物(2科必选),319,201771,,,0,新疆,公办,0,0
广西,2025,物理类,专科批,14724,海南卫生健康职业学院,（150）,首选物理，再选不限,352,181985,,,0,海南,公办,0,0
广西,2025,物理类,专科批,14763,广西信息职业技术学院,（151）,首选物理，再选不限,314,204428,,,888,广西,公办,0,0
广西,2025,物理类,专科批,14780,上海现代化工职业学院,（101）,首选物理，再选不限,347,181985,,,0,上海,公办,0,0
广西,2025,物理类,专科批,14822,桂林信息工程职业学院,（150）,首选物理，再选不限,270,235122,,,1051,广西,民办,0,0
广西,2025,物理类,专科批,14893,三亚护理职业学院,（102）,首选物理，再选不限,200,260114,,,0,海南,民办,0,0
广西,2025,物理类,专科批,16203,河北科技工程职业技术大学,（105）,首选物理，再选不限,349,178209,,,0,河北,公办,0,0
广西,2025,物理类,专科批,16208,兰州资源环境职业技术大学,（101）,首选物理，再选不限,362,181004,,,0,甘肃,公办,0,0
广西,2025,物理类,专科提前批,10600,广西中医药大学,,首选物理，再选不限,402,64741,,,71,广西,公办,0,0
广西,2025,物理类,专科提前批,11319,江西水利电力大学,（811）,首选物理，再选不限,348,174425,,,20,江西,公办,0,0
广西,2025,物理类,专科提前批,12818,滨州职业学院,（811）,首选物理，再选不限,242,173517,,,0,山东,公办,0,0
广西,2025,物理类,专科提前批,12931,渤海船舶职业学院,,首选物理，再选不限,326,161617,,,0,辽宁,公办,0,0
广西,2025,物理类,专科提前批,13012,山东信息职业技术学院,（806）,首选物理，再选不限,341,200072,,,0,山东,公办,0,0
广西,2025,物理类,专科提前批,13789,河南交通职业技术学院,（801）,首选物理，再选不限,290,215422,,,0,河南,公办,0,0
广西,2025,物理类,专科提前批,13871,江西航空职业技术学院,（802）,首选物理，再选不限,348,171533,,,13,江西,民办,0,0
广西,2025,物理类,专科提前批,14379,潍坊工程职业学院,,首选物理，再选不限,330,138410,,,0,山东,公办,0,0
广西,2025,物理类,专科提前批,16208,兰州资源环境职业技术大学,（800）,首选物理，再选不限,302,206024,,,0,甘肃,公办,0,0
广西,2025,物理类,本科批,10005,北京工业大学,（101）,首选物理，再选化学,567,7925,,,0,北京,公办,0,1
广西,2025,物理类,本科批,10008,北京科技大学,（103）,首选物理，再选不限,603,5738,,,6,北京,公办,0,1
广西,2025,物理类,本科批,10008,北京科技大学,,首选物理，再选化学,546,2576,,,69,北京,公办,0,1
广西,2025,物理类,本科批,10009,北方工业大学,,首选物理，再选化学,507,12593,,,0,北京,公办,0,0
广西,2025,物理类,本科批,10010,北京化工大学,,首选物理，再选化学,585,5982,,,0,北京,公办,0,1
广西,2025,物理类,本科批,10011,北京工商大学,（101）,首选物理，再选不限,543,28667,,,6,北京,公办,0,0
广西,2025,物理类,本科批,10011,北京工商大学,,首选物理，再选化学,514,20622,,,21,北京,公办,0,0
广西,2025,物理类,本科批,10012,北京服装学院,（101）,首选物理，再选化学,475,26494,,,9,北京,公办,0,0
广西,2025,物理类,本科批,10013,北京邮电大学,（502）,首选物理，再选不限,585,7166,,,6,北京,公办,0,1
广西,2025,物理类,本科批,10013,北京邮电大学,,首选物理，再选化学,572,971,,,169,北京,公办,0,1
广西,2025,物理类,本科批,10016,北京建筑大学,,首选物理，再选不限,526,23423,,,0,北京,公办,0,0
广西,2025,物理类,本科批,10016,北京建筑大学,（103）,首选物理，再选化学,513,22493,,,0,北京,公办,0,0
广西,2025,物理类,本科批,10017,北京石油化工学院,（101）,首选物理，再选化学,495,40405,,,0,北京,公办,0,0
广西,2025,物理类,本科批,10022,北京林业大学,,首选物理，再选不限,569,13302,,,0,北京,公办,0,1
广西,2025,物理类,本科批,10022,北京林业大学,（501）,首选物理，再选化学,558,15122,,,0,北京,公办,0,1
广西,2025,物理类,本科批,10022,北京林业大学,（502）,首选物理，再选生物,537,31969,,,0,北京,公办,0,1
广西,2025,物理类,本科批,10025,首都医科大学,,首选物理，再选化学,565,2576,,,0,北京,公办,0,0
广西,2025,物理类,本科批,10026,北京中医药大学,（103）,首选物理，再选不限,596,7400,,,0,北京,公办,0,1
广西,2025,物理类,本科批,10026,北京中医药大学,,首选物理，再选化学,553,1449,,,0,北京,公办,0,1
广西,2025,物理类,本科批,10030,北京外国语大学,,首选物理，再选不限,592,4759,,,0,北京,公办,0,1
广西,2025,物理类,本科批,10033,中国传媒大学,,首选物理，再选不限,582,7400,,,0,北京,公办,0,1
广西,2025,物理类,本科批,10033,中国传媒大学,,首选物理，再选化学,558,3363,,,0,北京,公办,0,1
广西,2025,物理类,本科批,10034,中央财经大学,,首选物理，再选不限,580,4347,,,0,北京,公办,0,1
广西,2025,物理类,本科批,10034,中央财经大学,（102）,首选物理，再选化学,604,4951,,,0,北京,公办,0,1
广西,2025,物理类,本科批,10036,对外经济贸易大学,（103）,首选物理，再选不限,595,6933,,,25,北京,公办,0,1
广西,2025,物理类,本科批,10036,对外经济贸易大学,（104）,首选物理，再选化学,601,5539,,,8,北京,公办,0,1
广西,2025,物理类,本科批,10037,北京物资学院,（101）,首选物理，再选不限,482,46223,,,0,北京,公办,0,0
广西,2025,物理类,本科批,10037,北京物资学院,（103）,首选物理，再选化学,502,40405,,,0,北京,公办,0,0
广西,2025,物理类,本科批,10038,首都经济贸易大学,（101）,首选物理，再选不限,535,28117,,,0,北京,公办,0,0
广西,2025,物理类,本科批,10038,首都经济贸易大学,（103）,首选物理，再选化学,545,25474,,,0,北京,公办,0,0
广西,2025,物理类,本科批,10043,北京体育大学,,首选物理，再选不限,550,15934,,,0,北京,公办,0,1
广西,2025,物理类,本科批,10043,北京体育大学,,首选物理，再选化学,554,10896,,,0,北京,公办,0,1
广西,2025,物理类,本科批,10047,中央美术学院,（302）,首选物理，再选不限,537,31969,,,0,北京,公办,0,0
广西,2025,物理类,本科批,10052,中央民族大学,,首选物理，再选不限,585,7661,,,0,北京,公办,1,1
广西,2025,物理类,本科批,10052,中央民族大学,,首选物理，再选化学,571,6204,,,0,北京,公办,1,1
广西,2025,物理类,本科批,10054,华北电力大学（北京）,（152）,首选物理，再选不限,579,8729,,,0,北京,公办,0,1
广西,2025,物理类,本科批,10054,华北电力大学（北京）,（151）,首选物理，再选化学,596,3658,,,0,北京,公办,0,1
广西,2025,物理类,本科批,10058,天津工业大学,（103）,首选物理，再选不限,552,21097,,,4,天津,公办,0,0
广西,2025,物理类,本科批,10058,天津工业大学,,首选物理，再选化学,552,11543,,,54,天津,公办,0,0
广西,2025,物理类,本科批,10059,中国民航大学,（102）,首选物理，再选不限,551,21548,,,0,天津,公办,0,0
广西,2025,物理类,本科批,10059,中国民航大学,（101）,首选物理，再选化学,555,7166,,,0,天津,公办,0,0
广西,2025,物理类,本科批,10061,天津农学院,,首选物理，再选不限,437,101168,,,7,天津,公办,0,0
广西,2025,物理类,本科批,10061,天津农学院,,首选物理，再选化学,428,61727,,,163,天津,公办,0,0
广西,2025,物理类,本科批,10061,天津农学院,（151）,首选物理，再选生物,408,137473,,,10,天津,公办,0,0
广西,2025,物理类,本科批,10065,天津师范大学,（157）,首选物理，再选不限,408,24987,,,0,天津,公办,0,0
广西,2025,物理类,本科批,10065,天津师范大学,,首选物理，再选化学,462,34908,,,0,天津,公办,0,0
广西,2025,物理类,本科批,10065,天津师范大学,（150）,首选物理，再选地理,497,42339,,,0,天津,公办,0,0
广西,2025,物理类,本科批,10066,天津职业技术师范大学,,首选物理，再选不限,412,80130,,,0,天津,公办,0,0
广西,2025,物理类,本科批,10066,天津职业技术师范大学,,首选物理，再选化学,443,51016,,,0,天津,公办,0,0
广西,2025,物理类,本科批,10075,河北大学,（102）,首选物理，再选不限,465,49642,,,0,河北,公办,0,0
广西,2025,物理类,本科批,10075,河北大学,,首选物理，再选化学,499,30869,,,0,河北,公办,0,0
广西,2025,物理类,本科批,10076,河北工程大学,,首选物理，再选化学,501,42339,,,0,河北,公办,0,0
广西,2025,物理类,本科批,10078,华北水利水电大学,,首选物理，再选不限,435,92968,,,9,河南,公办,0,0
广西,2025,物理类,本科批,10078,华北水利水电大学,,首选物理，再选化学,429,34316,,,60,河南,公办,0,0
广西,2025,物理类,本科批,10079,华北电力大学（保定）,（103）,首选物理，再选不限,566,13697,,,0,河北,公办,0,1
广西,2025,物理类,本科批,10079,华北电力大学（保定）,,首选物理，再选化学,574,4007,,,0,河北,公办,0,1
广西,2025,物理类,本科批,10080,河北工业大学,,首选物理，再选化学,546,9315,,,0,天津,公办,0,1
广西,2025,物理类,本科批,10081,华北理工大学,（105）,首选物理，再选不限,518,43675,,,3,河北,公办,0,0
广西,2025,物理类,本科批,10081,华北理工大学,,首选物理，再选化学,467,30312,,,49,河北,公办,0,0
广西,2025,物理类,本科批,10081,华北理工大学,（113）,首选物理，再选化学、生物(2科必选),556,22022,,,2,河北,公办,0,0
广西,2025,物理类,本科批,10082,河北科技大学,,首选物理，再选化学,444,37907,,,8,河北,公办,0,0
广西,2025,物理类,本科批,10084,河北建筑工程学院,,首选物理，再选不限,418,119410,,,0,河北,公办,0,0
广西,2025,物理类,本科批,10084,河北建筑工程学院,（101）,首选物理，再选化学,429,91202,,,0,河北,公办,0,0
广西,2025,物理类,本科批,10085,河北水利电力学院,（103）,首选物理，再选不限,416,129363,,,3,河北,公办,0,0
广西,2025,物理类,本科批,10085,河北水利电力学院,（101）,首选物理，再选化学,444,99362,,,7,河北,公办,0,0
广西,2025,物理类,本科批,10089,河北医科大学,（101）,首选物理，再选化学,506,50340,,,0,河北,公办,0,0
广西,2025,物理类,本科批,10089,河北医科大学,（100）,首选物理，再选化学、生物(2科必选),571,15522,,,0,河北,公办,0,0
广西,2025,物理类,本科批,10089,河北医科大学,（102）,首选物理，再选生物,486,66326,,,0,河北,公办,0,0
广西,2025,物理类,本科批,10092,河北北方学院,,首选物理，再选化学,439,63253,,,25,河北,公办,0,0
广西,2025,物理类,本科批,10093,承德医学院,（100）,首选物理，再选化学,535,33123,,,3,河北,公办,0,0
广西,2025,物理类,本科批,10094,河北师范大学,（302）,首选物理，再选不限,403,142407,,,2,河北,公办,0,0
广西,2025,物理类,本科批,10094,河北师范大学,（104）,首选物理，再选化学,534,33684,,,2,河北,公办,0,0
广西,2025,物理类,本科批,10100,廊坊师范学院,（102）,首选物理，再选不限,435,98500,,,6,河北,公办,0,0
广西,2025,物理类,本科批,10100,廊坊师范学院,（103）,首选物理，再选化学,424,114421,,,9,河北,公办,0,0
广西,2025,物理类,本科批,10107,石家庄铁道大学,（105）,首选物理，再选不限,528,36059,,,0,河北,公办,0,0
广西,2025,物理类,本科批,10107,石家庄铁道大学,（101）,首选物理，再选化学,549,22022,,,0,河北,公办,0,0
广西,2025,物理类,本科批,10110,中北大学,（105）,首选物理，再选不限,537,31969,,,2,山西,公办,0,0
广西,2025,物理类,本科批,10110,中北大学,,首选物理，再选化学,525,12953,,,69,山西,公办,0,0
广西,2025,物理类,本科批,10113,山西农业大学,（101）,首选物理，再选化学,440,69455,,,0,山西,公办,0,0
广西,2025,物理类,本科批,10113,山西农业大学,（102）,首选物理，再选化学、生物(2科必选),442,67147,,,0,山西,公办,0,0
广西,2025,物理类,本科批,10114,山西医科大学,,首选物理，再选不限,415,73483,,,12,山西,公办,0,0
广西,2025,物理类,本科批,10114,山西医科大学,（103）,首选物理，再选化学,466,76718,,,16,山西,公办,0,0
广西,2025,物理类,本科批,10114,山西医科大学,,首选物理，再选化学、生物(2科必选),496,8166,,,23,山西,公办,0,0
广西,2025,物理类,本科批,10114,山西医科大学,（105）,首选物理，再选生物,443,102972,,,4,山西,公办,0,0
广西,2025,物理类,本科批,10117,长治医学院,,首选物理，再选化学,413,84297,,,16,山西,公办,0,0
广西,2025,物理类,本科批,10117,长治医学院,（103）,首选物理，再选生物,427,113460,,,3,山西,公办,0,0
广西,2025,物理类,本科批,10118,山西师范大学,（102）,首选物理，再选不限,418,73483,,,10,山西,公办,0,0
广西,2025,物理类,本科批,10118,山西师范大学,（103）,首选物理，再选化学,456,77563,,,21,山西,公办,0,0
广西,2025,物理类,本科批,10119,太原师范学院,（103）,首选物理，再选化学,442,97579,,,0,山西,公办,0,0
广西,2025,物理类,本科批,10120,山西大同大学,,首选物理，再选化学,443,80975,,,30,山西,公办,0,0
广西,2025,物理类,本科批,10120,山西大同大学,（104）,首选物理，再选生物,422,123398,,,10,山西,公办,0,0
广西,2025,物理类,本科批,10121,晋中学院,（102）,首选物理，再选不限,422,122379,,,0,山西,公办,0,0
广西,2025,物理类,本科批,10121,晋中学院,（103）,首选物理，再选化学,425,114421,,,0,山西,公办,0,0
广西,2025,物理类,本科批,10122,长治学院,（102）,首选物理，再选不限,415,130327,,,1,山西,公办,0,0
广西,2025,物理类,本科批,10122,长治学院,（103）,首选物理，再选化学,419,104882,,,5,山西,公办,0,0
广西,2025,物理类,本科批,10123,运城学院,（103）,首选物理，再选化学,425,120389,,,0,山西,公办,0,0
广西,2025,物理类,本科批,10123,运城学院,（102）,首选物理，再选生物,416,129363,,,0,山西,公办,0,0
广西,2025,物理类,本科批,10124,忻州师范学院,（102）,首选物理，再选不限,405,105807,,,3,山西,公办,0,0
广西,2025,物理类,本科批,10124,忻州师范学院,（103）,首选物理，再选化学,427,98500,,,10,山西,公办,0,0
广西,2025,物理类,本科批,10124,忻州师范学院,（104）,首选物理，再选化学、生物(2科必选),424,119410,,,2,山西,公办,0,0
广西,2025,物理类,本科批,10126,内蒙古大学,,首选物理，再选不限,522,22022,,,5,内蒙古,公办,0,1
广西,2025,物理类,本科批,10126,内蒙古大学,,首选物理，再选化学,521,20173,,,38,内蒙古,公办,0,1
广西,2025,物理类,本科批,10127,内蒙古科技大学,（107）,首选物理，再选不限,418,116423,,,0,内蒙古,公办,0,0
广西,2025,物理类,本科批,10127,内蒙古科技大学,（101）,首选物理，再选化学,420,84297,,,0,内蒙古,公办,0,0
广西,2025,物理类,本科批,10127,内蒙古科技大学,（105）,首选物理，再选化学、生物(2科必选),419,126377,,,0,内蒙古,公办,0,0
广西,2025,物理类,本科批,10128,内蒙古工业大学,,首选物理，再选不限,409,121394,,,0,内蒙古,公办,0,0
广西,2025,物理类,本科批,10128,内蒙古工业大学,,首选物理，再选化学,409,99362,,,0,内蒙古,公办,0,0
广西,2025,物理类,本科批,10129,内蒙古农业大学,（101）,首选物理，再选不限,443,102972,,,0,内蒙古,公办,0,0
广西,2025,物理类,本科批,10129,内蒙古农业大学,,首选物理，再选化学,418,85135,,,0,内蒙古,公办,0,0
广西,2025,物理类,本科批,10139,内蒙古财经大学,（102）,首选物理，再选不限,452,94814,,,0,内蒙古,公办,0,0
广西,2025,物理类,本科批,10143,沈阳航空航天大学,（101）,首选物理，再选化学,525,17582,,,0,辽宁,公办,0,0
广西,2025,物理类,本科批,10144,沈阳理工大学,（103）,首选物理，再选不限,464,63253,,,6,辽宁,公办,0,0
广西,2025,物理类,本科批,10144,沈阳理工大学,,首选物理，再选化学,390,22493,,,51,辽宁,公办,0,0
广西,2025,物理类,本科批,10148,辽宁石油化工大学,（101）,首选物理，再选化学,422,58149,,,71,辽宁,公办,0,0
广西,2025,物理类,本科批,10149,沈阳化工大学,（102）,首选物理，再选不限,396,137473,,,0,辽宁,公办,0,0
广西,2025,物理类,本科批,10149,沈阳化工大学,（101）,首选物理，再选化学,457,58149,,,0,辽宁,公办,0,0
广西,2025,物理类,本科批,10151,大连海事大学,（108）,首选物理，再选不限,536,22493,,,0,辽宁,公办,0,1
广西,2025,物理类,本科批,10151,大连海事大学,（107）,首选物理，再选化学,566,11869,,,0,辽宁,公办,0,1
广西,2025,物理类,本科批,10152,大连工业大学,,首选物理，再选不限,412,82643,,,6,辽宁,公办,0,0
广西,2025,物理类,本科批,10152,大连工业大学,,首选物理，再选化学,462,42974,,,59,辽宁,公办,0,0
广西,2025,物理类,本科批,10153,沈阳建筑大学,,首选物理，再选不限,406,85135,,,21,辽宁,公办,0,0
广西,2025,物理类,本科批,10153,沈阳建筑大学,,首选物理，再选化学,395,48323,,,100,辽宁,公办,0,0
广西,2025,物理类,本科批,10154,辽宁工业大学,（102）,首选物理，再选不限,432,80975,,,0,辽宁,公办,0,0
广西,2025,物理类,本科批,10154,辽宁工业大学,（101）,首选物理，再选化学,435,63972,,,0,辽宁,公办,0,0
广西,2025,物理类,本科批,10157,沈阳农业大学,（102）,首选物理，再选不限,403,121394,,,0,辽宁,公办,0,0
广西,2025,物理类,本科批,10157,沈阳农业大学,,首选物理，再选化学,401,92075,,,0,辽宁,公办,0,0
广西,2025,物理类,本科批,10161,大连医科大学,（106）,首选物理，再选不限,424,121394,,,0,辽宁,公办,0,0
广西,2025,物理类,本科批,10161,大连医科大学,,首选物理，再选化学,446,5336,,,0,辽宁,公办,0,0
广西,2025,物理类,本科批,10162,辽宁中医药大学,,首选物理，再选不限,431,46925,,,0,辽宁,公办,0,0
广西,2025,物理类,本科批,10162,辽宁中医药大学,,首选物理，再选化学,414,62488,,,0,辽宁,公办,0,0
广西,2025,物理类,本科批,10165,辽宁师范大学,（102）,首选物理，再选不限,396,65543,,,37,辽宁,公办,0,0
广西,2025,物理类,本科批,10165,辽宁师范大学,（105）,首选物理，再选化学,387,71100,,,20,辽宁,公办,0,0
广西,2025,物理类,本科批,10165,辽宁师范大学,（107）,首选物理，再选地理,466,79254,,,8,辽宁,公办,0,0
广西,2025,物理类,本科批,10165,辽宁师范大学,（104）,首选物理，再选思想政治,480,71100,,,2,辽宁,公办,0,0
广西,2025,物理类,本科批,10166,沈阳师范大学,,首选物理，再选化学,448,69455,,,43,辽宁,公办,0,0
广西,2025,物理类,本科批,10169,鞍山师范学院,,首选物理，再选不限,418,109666,,,0,辽宁,公办,0,0
广西,2025,物理类,本科批,10169,鞍山师范学院,（157）,首选物理，再选化学,412,125394,,,0,辽宁,公办,0,0
广西,2025,物理类,本科批,10169,鞍山师范学院,（152）,首选物理，再选化学、地理(2科必选),434,111593,,,0,辽宁,公办,0,0
广西,2025,物理类,本科批,10169,鞍山师范学院,（151）,首选物理，再选思想政治,459,88560,,,0,辽宁,公办,0,0
广西,2025,物理类,本科批,10172,大连外国语大学,,首选物理，再选不限,440,42974,,,29,辽宁,公办,0,0
广西,2025,物理类,本科批,10172,大连外国语大学,（107）,首选物理，再选思想政治,477,58830,,,3,辽宁,公办,0,0
广西,2025,物理类,本科批,10183,吉林大学,,首选物理，再选不限,572,7661,,,14,吉林,公办,1,1
广西,2025,物理类,本科批,10183,吉林大学,,首选物理，再选化学,569,2692,,,165,吉林,公办,1,1
广西,2025,物理类,本科批,10183,吉林大学,（757）,首选物理，再选思想政治,570,15934,,,2,吉林,公办,1,1
广西,2025,物理类,本科批,10184,延边大学,（104）,首选物理，再选不限,505,52406,,,0,吉林,公办,0,1
广西,2025,物理类,本科批,10184,延边大学,（102）,首选物理，再选化学,512,23955,,,0,吉林,公办,0,1
广西,2025,物理类,本科批,10184,延边大学,（103）,首选物理，再选生物,507,51016,,,0,吉林,公办,0,1
广西,2025,物理类,本科批,10186,长春理工大学,（102）,首选物理，再选不限,507,42974,,,0,吉林,公办,0,0
广西,2025,物理类,本科批,10186,长春理工大学,,首选物理，再选化学,505,15934,,,0,吉林,公办,0,0
广西,2025,物理类,本科批,10188,东北电力大学,（103）,首选物理，再选不限,502,51696,,,4,吉林,公办,0,0
广西,2025,物理类,本科批,10188,东北电力大学,,首选物理，再选化学,467,9017,,,98,吉林,公办,0,0
广西,2025,物理类,本科批,10190,长春工业大学,,首选物理，再选不限,409,82643,,,21,吉林,公办,0,0
广西,2025,物理类,本科批,10190,长春工业大学,,首选物理，再选化学,438,49642,,,73,吉林,公办,0,0
广西,2025,物理类,本科批,10191,吉林建筑大学,（101）,首选物理，再选不限,424,121394,,,0,吉林,公办,0,0
广西,2025,物理类,本科批,10191,吉林建筑大学,（103）,首选物理，再选化学,429,93925,,,0,吉林,公办,0,0
广西,2025,物理类,本科批,10192,吉林化工大学,（101）,首选物理，再选不限,416,111593,,,0,吉林,公办,0,0
广西,2025,物理类,本科批,10192,吉林化工大学,（102）,首选物理，再选化学,415,90330,,,0,吉林,公办,0,0
广西,2025,物理类,本科批,10193,吉林农业大学,（103）,首选物理，再选不限,411,134467,,,0,吉林,公办,0,0
广西,2025,物理类,本科批,10193,吉林农业大学,（102）,首选物理，再选化学,449,88560,,,0,吉林,公办,0,0
广西,2025,物理类,本科批,10193,吉林农业大学,（101）,首选物理，再选化学、生物(2科必选),415,82643,,,0,吉林,公办,0,0
广西,2025,物理类,本科批,10199,长春中医药大学,（101）,首选物理，再选不限,495,53826,,,26,吉林,公办,0,0
广西,2025,物理类,本科批,10199,长春中医药大学,（102）,首选物理，再选化学,466,60269,,,60,吉林,公办,0,0
广西,2025,物理类,本科批,10200,东北师范大学,（759）,首选物理，再选不限,546,23423,,,0,吉林,公办,0,1
广西,2025,物理类,本科批,10200,东北师范大学,,首选物理，再选化学,545,8166,,,0,吉林,公办,0,1
广西,2025,物理类,本科批,10201,北华大学,（103）,首选物理，再选不限,441,98500,,,8,吉林,公办,0,0
广西,2025,物理类,本科批,10201,北华大学,,首选物理，再选化学,422,75100,,,50,吉林,公办,0,0
广西,2025,物理类,本科批,10201,北华大学,（106）,首选物理，再选化学、生物(2科必选),486,66326,,,6,吉林,公办,0,0
广西,2025,物理类,本科批,10201,北华大学,（105）,首选物理，再选生物,408,137473,,,4,吉林,公办,0,0
广西,2025,物理类,本科批,10203,吉林师范大学,（113）,首选物理，再选不限,467,81798,,,0,吉林,公办,0,0
广西,2025,物理类,本科批,10203,吉林师范大学,（111）,首选物理，再选化学,439,63972,,,0,吉林,公办,0,0
广西,2025,物理类,本科批,10203,吉林师范大学,（112）,首选物理，再选地理,472,77563,,,0,吉林,公办,0,0
广西,2025,物理类,本科批,10204,吉林工程技术师范学院,,首选物理，再选化学,409,120389,,,130,吉林,公办,0,0
广西,2025,物理类,本科批,10205,长春师范大学,,首选物理，再选不限,399,77563,,,22,吉林,公办,0,0
广西,2025,物理类,本科批,10205,长春师范大学,,首选物理，再选化学,406,91202,,,53,吉林,公办,0,0
广西,2025,物理类,本科批,10205,长春师范大学,（101）,首选物理，再选地理,458,88560,,,4,吉林,公办,0,0
广西,2025,物理类,本科批,10207,吉林财经大学,,首选物理，再选不限,385,39764,,,0,吉林,公办,0,0
广西,2025,物理类,本科批,10207,吉林财经大学,（103）,首选物理，再选化学,474,68698,,,0,吉林,公办,0,0
广西,2025,物理类,本科批,10212,黑龙江大学,,首选物理，再选不限,373,97579,,,0,黑龙江,公办,0,0
广西,2025,物理类,本科批,10212,黑龙江大学,（104）,首选物理，再选化学,421,45575,,,0,黑龙江,公办,0,0
广西,2025,物理类,本科批,10214,哈尔滨理工大学,（101）,首选物理，再选化学,537,22022,,,0,黑龙江,公办,0,0
广西,2025,物理类,本科批,10216,燕山大学,（151）,首选物理，再选化学,556,14762,,,0,河北,公办,0,0
广西,2025,物理类,本科批,10219,黑龙江科技大学,,首选物理，再选不限,445,90330,,,0,黑龙江,公办,0,0
广西,2025,物理类,本科批,10219,黑龙江科技大学,（103）,首选物理，再选化学,438,48323,,,0,黑龙江,公办,0,0
广西,2025,物理类,本科批,10220,东北石油大学,（101）,首选物理，再选不限,439,87739,,,14,黑龙江,公办,0,0
广西,2025,物理类,本科批,10220,东北石油大学,,首选物理，再选化学,429,48323,,,159,黑龙江,公办,0,0
广西,2025,物理类,本科批,10222,佳木斯大学,（102）,首选物理，再选不限,411,126378,,,0,黑龙江,公办,0,0
广西,2025,物理类,本科批,10222,佳木斯大学,（101）,首选物理，再选化学,409,109667,,,0,黑龙江,公办,0,0
广西,2025,物理类,本科批,10222,佳木斯大学,（103）,首选物理，再选生物,410,134468,,,0,黑龙江,公办,0,0
广西,2025,物理类,本科批,10223,黑龙江八一农垦大学,（153）,首选物理，再选不限,405,130327,,,0,黑龙江,公办,0,0
广西,2025,物理类,本科批,10223,黑龙江八一农垦大学,,首选物理，再选化学,412,81798,,,0,黑龙江,公办,0,0
广西,2025,物理类,本科批,10223,黑龙江八一农垦大学,（155）,首选物理，再选生物,408,137473,,,0,黑龙江,公办,0,0
广西,2025,物理类,本科批,10224,东北农业大学,（102）,首选物理，再选不限,519,33684,,,0,黑龙江,公办,0,1
广西,2025,物理类,本科批,10224,东北农业大学,,首选物理，再选化学,381,20173,,,0,黑龙江,公办,0,1
广西,2025,物理类,本科批,10225,东北林业大学,（101）,首选物理，再选不限,487,36059,,,0,黑龙江,公办,0,1
广西,2025,物理类,本科批,10225,东北林业大学,,首选物理，再选化学,512,14072,,,0,黑龙江,公办,0,1
广西,2025,物理类,本科批,10226,哈尔滨医科大学,（152）,首选物理，再选化学,563,18857,,,2,黑龙江,公办,0,0
广西,2025,物理类,本科批,10226,哈尔滨医科大学,,首选物理，再选化学、生物(2科必选),496,1707,,,43,黑龙江,公办,0,0
广西,2025,物理类,本科批,10228,黑龙江中医药大学,,首选物理，再选不限,416,31392,,,49,黑龙江,公办,0,0
广西,2025,物理类,本科批,10228,黑龙江中医药大学,（104）,首选物理，再选化学,419,71917,,,103,黑龙江,公办,0,0
广西,2025,物理类,本科批,10228,黑龙江中医药大学,,首选物理，再选生物,428,71917,,,40,黑龙江,公办,0,0
广西,2025,物理类,本科批,10229,牡丹江医科大学,（106）,首选物理，再选不限,422,119410,,,0,黑龙江,公办,0,0
广西,2025,物理类,本科批,10229,牡丹江医科大学,,首选物理，再选化学,426,63253,,,0,黑龙江,公办,0,0
广西,2025,物理类,本科批,10229,牡丹江医科大学,,首选物理，再选化学、生物(2科必选),426,71917,,,0,黑龙江,公办,0,0
广西,2025,物理类,本科批,10231,哈尔滨师范大学,,首选物理，再选不限,378,109666,,,0,黑龙江,公办,0,0
广西,2025,物理类,本科批,10231,哈尔滨师范大学,（154）,首选物理，再选化学,414,66326,,,0,黑龙江,公办,0,0
广西,2025,物理类,本科批,10231,哈尔滨师范大学,（150）,首选物理，再选地理,418,101168,,,0,黑龙江,公办,0,0
广西,2025,物理类,本科批,10232,齐齐哈尔大学,（101）,首选物理，再选化学,417,87739,,,0,黑龙江,公办,0,0
广西,2025,物理类,本科批,10233,牡丹江师范学院,（102）,首选物理，再选不限,414,124396,,,18,黑龙江,公办,0,0
广西,2025,物理类,本科批,10233,牡丹江师范学院,（103）,首选物理，再选化学,417,119410,,,18,黑龙江,公办,0,0
广西,2025,物理类,本科批,10233,牡丹江师范学院,（104）,首选物理，再选生物,417,128358,,,3,黑龙江,公办,0,0
广西,2025,物理类,本科批,10234,哈尔滨学院,（105）,首选物理，再选不限,421,111593,,,0,黑龙江,公办,0,0
广西,2025,物理类,本科批,10234,哈尔滨学院,（104）,首选物理，再选化学,417,112512,,,0,黑龙江,公办,0,0
广西,2025,物理类,本科批,10234,哈尔滨学院,（107）,首选物理，再选地理,453,93925,,,0,黑龙江,公办,0,0
广西,2025,物理类,本科批,10235,大庆师范学院,,首选物理，再选不限,413,126377,,,13,黑龙江,公办,0,0
广西,2025,物理类,本科批,10235,大庆师范学院,,首选物理，再选化学,409,113460,,,19,黑龙江,公办,0,0
广西,2025,物理类,本科批,10236,绥化学院,（104）,首选物理，再选不限,413,125394,,,23,黑龙江,公办,0,0
广西,2025,物理类,本科批,10236,绥化学院,,首选物理，再选化学,414,110643,,,28,黑龙江,公办,0,0
广西,2025,物理类,本科批,10236,绥化学院,（109）,首选物理，再选地理,409,136424,,,4,黑龙江,公办,0,0
广西,2025,物理类,本科批,10240,哈尔滨商业大学,,首选物理，再选不限,400,44269,,,0,黑龙江,公办,0,0
广西,2025,物理类,本科批,10240,哈尔滨商业大学,,首选物理，再选化学,389,101168,,,0,黑龙江,公办,0,0
广西,2025,物理类,本科批,10251,华东理工大学,（502）,首选物理，再选不限,563,17151,,,0,上海,公办,0,1
广西,2025,物理类,本科批,10251,华东理工大学,,首选物理，再选化学,574,4759,,,0,上海,公办,0,1
广西,2025,物理类,本科批,10252,上海理工大学,（104）,首选物理，再选不限,564,17151,,,0,上海,公办,0,0
广西,2025,物理类,本科批,10252,上海理工大学,,首选物理，再选化学,560,13302,,,0,上海,公办,0,0
广西,2025,物理类,本科批,10254,上海海事大学,（103）,首选物理，再选不限,544,14072,,,0,上海,公办,0,0
广西,2025,物理类,本科批,10254,上海海事大学,（102）,首选物理，再选化学,541,19743,,,0,上海,公办,0,0
广西,2025,物理类,本科批,10262,上海健康医学院,,首选物理，再选化学,466,28117,,,0,上海,公办,0,0
广西,2025,物理类,本科批,10264,上海海洋大学,,首选物理，再选化学,533,20622,,,0,上海,公办,0,0
广西,2025,物理类,本科批,10268,上海中医药大学,,首选物理，再选化学,526,3507,,,0,上海,公办,0,0
广西,2025,物理类,本科批,10269,华东师范大学,（152）,首选物理，再选化学,617,1806,,,0,上海,公办,1,1
广西,2025,物理类,本科批,10270,上海师范大学,（103）,首选物理，再选不限,518,36059,,,0,上海,公办,0,0
广西,2025,物理类,本科批,10270,上海师范大学,,首选物理，再选化学,485,33123,,,0,上海,公办,0,0
广西,2025,物理类,本科批,10272,上海财经大学,（102）,首选物理，再选不限,599,2352,,,0,上海,公办,0,1
广西,2025,物理类,本科批,10272,上海财经大学,（103）,首选物理，再选化学,609,3221,,,0,上海,公办,0,1
广西,2025,物理类,本科批,10273,上海对外经贸大学,,首选物理，再选不限,532,17151,,,0,上海,公办,0,0
广西,2025,物理类,本科批,10273,上海对外经贸大学,（105）,首选物理，再选化学,561,16755,,,0,上海,公办,0,0
广西,2025,物理类,本科批,10276,华东政法大学,（102）,首选物理，再选不限,562,10231,,,0,上海,公办,0,0
广西,2025,物理类,本科批,10277,上海体育大学,（103）,首选物理，再选不限,525,39146,,,0,上海,公办,0,0
广西,2025,物理类,本科批,10277,上海体育大学,,首选物理，再选化学,517,25474,,,0,上海,公办,0,0
广西,2025,物理类,本科批,10280,上海大学,,首选物理，再选不限,584,9919,,,0,上海,公办,0,1
广西,2025,物理类,本科批,10280,上海大学,,首选物理，再选化学,548,7167,,,0,上海,公办,0,1
广西,2025,物理类,本科批,10285,苏州大学,,首选物理，再选化学,576,4541,,,0,江苏,公办,0,1
广西,2025,物理类,本科批,10286,东南大学,（101）,首选物理，再选化学,641,577,,,0,江苏,公办,1,1
广西,2025,物理类,本科批,10288,南京理工大学,（759）,首选物理，再选不限,596,7400,,,0,江苏,公办,0,1
广西,2025,物理类,本科批,10288,南京理工大学,,首选物理，再选化学,573,3507,,,0,江苏,公办,0,1
广西,2025,物理类,本科批,10289,江苏科技大学,（102）,首选物理，再选不限,503,37907,,,20,江苏,公办,0,0
广西,2025,物理类,本科批,10289,江苏科技大学,,首选物理，再选化学,498,14072,,,137,江苏,公办,0,0
广西,2025,物理类,本科批,10291,南京工业大学,（102）,首选物理，再选不限,553,22493,,,8,江苏,公办,0,0
广西,2025,物理类,本科批,10291,南京工业大学,,首选物理，再选化学,544,11869,,,146,江苏,公办,0,0
广西,2025,物理类,本科批,10292,常州大学,（102）,首选物理，再选不限,523,40405,,,3,江苏,公办,0,0
广西,2025,物理类,本科批,10292,常州大学,（103）,首选物理，再选化学,527,28117,,,86,江苏,公办,0,0
广西,2025,物理类,本科批,10293,南京邮电大学,（501）,首选物理，再选不限,545,22023,,,9,江苏,公办,0,0
广西,2025,物理类,本科批,10293,南京邮电大学,,首选物理，再选化学,560,5137,,,135,江苏,公办,0,0
广西,2025,物理类,本科批,10295,江南大学,,首选物理，再选不限,535,9315,,,9,江苏,公办,0,1
广西,2025,物理类,本科批,10295,江南大学,,首选物理，再选化学,563,5336,,,32,江苏,公办,0,1
广西,2025,物理类,本科批,10299,江苏大学,,首选物理，再选化学,521,13302,,,163,江苏,公办,0,0
广西,2025,物理类,本科批,10300,南京信息工程大学,（103）,首选物理，再选不限,567,13697,,,12,江苏,公办,0,0
广西,2025,物理类,本科批,10300,南京信息工程大学,,首选物理，再选化学,536,4007,,,103,江苏,公办,0,0
广西,2025,物理类,本科批,10304,南通大学,（102）,首选物理，再选不限,520,32585,,,22,江苏,公办,0,0
广西,2025,物理类,本科批,10304,南通大学,（101）,首选物理，再选化学,530,14762,,,86,江苏,公办,0,0
广西,2025,物理类,本科批,10304,南通大学,（105）,首选物理，再选地理,549,25474,,,3,江苏,公办,0,0
广西,2025,物理类,本科批,10319,南京师范大学,（102）,首选物理，再选不限,589,9315,,,0,江苏,公办,0,1
广西,2025,物理类,本科批,10319,南京师范大学,,首选物理，再选化学,485,7661,,,0,江苏,公办,0,1
广西,2025,物理类,本科批,10320,江苏师范大学,,首选物理，再选不限,495,51016,,,0,江苏,公办,0,0
广西,2025,物理类,本科批,10320,江苏师范大学,（104）,首选物理，再选化学,513,29236,,,0,江苏,公办,0,0
广西,2025,物理类,本科批,10323,淮阴师范学院,（103）,首选物理，再选不限,463,85135,,,0,江苏,公办,0,0
广西,2025,物理类,本科批,10323,淮阴师范学院,（102）,首选物理，再选化学,429,96667,,,0,江苏,公办,0,0
广西,2025,物理类,本科批,10332,苏州科技大学,,首选物理，再选不限,515,35483,,,0,江苏,公办,0,0
广西,2025,物理类,本科批,10332,苏州科技大学,（101）,首选物理，再选化学,527,20622,,,0,江苏,公办,0,0
广西,2025,物理类,本科批,10332,苏州科技大学,（103）,首选物理，再选地理,527,33684,,,0,江苏,公办,0,0
广西,2025,物理类,本科批,10333,苏州工学院,（151）,首选物理，再选化学,490,46223,,,82,江苏,公办,0,0
广西,2025,物理类,本科批,10337,浙江工业大学,,首选物理，再选不限,546,18034,,,22,浙江,公办,0,0
广西,2025,物理类,本科批,10337,浙江工业大学,,首选物理，再选化学,561,8451,,,102,浙江,公办,0,0
广西,2025,物理类,本科批,10338,浙江理工大学,（102）,首选物理，再选不限,555,22493,,,0,浙江,公办,0,0
广西,2025,物理类,本科批,10338,浙江理工大学,（101）,首选物理，再选化学,559,16339,,,0,浙江,公办,0,0
广西,2025,物理类,本科批,10340,浙江海洋大学,（102）,首选物理，再选不限,503,53826,,,8,浙江,公办,0,0
广西,2025,物理类,本科批,10340,浙江海洋大学,（103）,首选物理，再选化学,501,33123,,,154,浙江,公办,0,0
广西,2025,物理类,本科批,10340,浙江海洋大学,（104）,首选物理，再选生物,490,63253,,,4,浙江,公办,0,0
广西,2025,物理类,本科批,10341,浙江农林大学,（103）,首选物理，再选不限,508,45575,,,10,浙江,公办,0,0
广西,2025,物理类,本科批,10341,浙江农林大学,,首选物理，再选化学,502,30312,,,106,浙江,公办,0,0
广西,2025,物理类,本科批,10341,浙江农林大学,（104）,首选物理，再选地理,550,24987,,,3,浙江,公办,0,0
广西,2025,物理类,本科批,10341,浙江农林大学,（105）,首选物理，再选生物,511,48323,,,3,浙江,公办,0,0
广西,2025,物理类,本科批,10343,温州医科大学,（102）,首选物理，再选不限,520,42339,,,0,浙江,公办,0,0
广西,2025,物理类,本科批,10343,温州医科大学,（101）,首选物理，再选化学,542,9919,,,0,浙江,公办,0,0
广西,2025,物理类,本科批,10344,浙江中医药大学,,首选物理，再选化学,487,9919,,,124,浙江,公办,0,0
广西,2025,物理类,本科批,10345,浙江师范大学,,首选物理，再选不限,515,27533,,,16,浙江,公办,0,0
广西,2025,物理类,本科批,10345,浙江师范大学,,首选物理，再选化学,520,21548,,,61,浙江,公办,0,0
广西,2025,物理类,本科批,10346,杭州师范大学,,首选物理，再选不限,484,36059,,,43,浙江,公办,0,0
广西,2025,物理类,本科批,10346,杭州师范大学,,首选物理，再选化学,517,21548,,,104,浙江,公办,0,0
广西,2025,物理类,本科批,10347,湖州师范学院,（102）,首选物理，再选不限,458,86891,,,7,浙江,公办,0,0
广西,2025,物理类,本科批,10347,湖州师范学院,（103）,首选物理，再选化学,467,56684,,,51,浙江,公办,0,0
广西,2025,物理类,本科批,10349,绍兴文理学院,,首选物理，再选化学,485,47645,,,90,浙江,公办,0,0
广西,2025,物理类,本科批,10350,台州学院,（101）,首选物理，再选不限,473,72682,,,4,浙江,公办,0,0
广西,2025,物理类,本科批,10350,台州学院,（103）,首选物理，再选化学,480,46925,,,125,浙江,公办,0,0
广西,2025,物理类,本科批,10351,温州大学,（102）,首选物理，再选不限,521,27014,,,0,浙江,公办,0,0
广西,2025,物理类,本科批,10351,温州大学,,首选物理，再选化学,456,17151,,,0,浙江,公办,0,0
广西,2025,物理类,本科批,10353,浙江工商大学,,首选物理，再选不限,534,16755,,,49,浙江,公办,0,0
广西,2025,物理类,本科批,10353,浙江工商大学,（104）,首选物理，再选化学,526,17151,,,36,浙江,公办,0,0
广西,2025,物理类,本科批,10354,嘉兴大学,（102）,首选物理，再选不限,509,41650,,,0,浙江,公办,0,0
广西,2025,物理类,本科批,10354,嘉兴大学,（103）,首选物理，再选化学,517,28667,,,0,浙江,公办,0,0
广西,2025,物理类,本科批,10356,中国计量大学,（152）,首选物理，再选不限,554,20622,,,16,浙江,公办,0,0
广西,2025,物理类,本科批,10356,中国计量大学,（151）,首选物理，再选化学,560,12953,,,120,浙江,公办,0,0
广西,2025,物理类,本科批,10357,安徽大学,（102）,首选物理，再选不限,558,12593,,,0,安徽,公办,0,1
广西,2025,物理类,本科批,10357,安徽大学,（101）,首选物理，再选化学,584,6933,,,0,安徽,公办,0,1
广西,2025,物理类,本科批,10364,安徽农业大学,（101）,首选物理，再选化学,493,41650,,,34,安徽,公办,0,0
广西,2025,物理类,本科批,10366,安徽医科大学,（101）,首选物理，再选化学,593,8166,,,1,安徽,公办,0,0
广西,2025,物理类,本科批,10369,安徽中医药大学,（101）,首选物理，再选不限,491,33123,,,7,安徽,公办,0,0
广西,2025,物理类,本科批,10369,安徽中医药大学,（103）,首选物理，再选化学,463,44269,,,20,安徽,公办,0,0
广西,2025,物理类,本科批,10370,安徽师范大学,（103）,首选物理，再选不限,418,47645,,,0,安徽,公办,0,0
广西,2025,物理类,本科批,10370,安徽师范大学,（102）,首选物理，再选化学,406,37907,,,0,安徽,公办,0,0
广西,2025,物理类,本科批,10370,安徽师范大学,（104）,首选物理，再选地理,552,23955,,,0,安徽,公办,0,0
广西,2025,物理类,本科批,10372,安庆师范大学,（111）,首选物理，再选不限,401,118417,,,30,安徽,公办,0,0
广西,2025,物理类,本科批,10372,安庆师范大学,（112）,首选物理，再选化学,420,66326,,,25,安徽,公办,0,0
广西,2025,物理类,本科批,10376,皖西学院,（101）,首选物理，再选化学,451,94814,,,0,安徽,公办,0,0
广西,2025,物理类,本科批,10378,安徽财经大学,（151）,首选物理，再选不限,400,44919,,,57,安徽,公办,0,0
广西,2025,物理类,本科批,10378,安徽财经大学,（152）,首选物理，再选化学,508,40405,,,24,安徽,公办,0,0
广西,2025,物理类,本科批,10381,淮南师范学院,（101）,首选物理，再选不限,443,98500,,,0,安徽,公办,0,0
广西,2025,物理类,本科批,10381,淮南师范学院,（102）,首选物理，再选化学,444,86001,,,0,安徽,公办,0,0
广西,2025,物理类,本科批,10381,淮南师范学院,（100）,首选物理，再选生物,439,106767,,,0,安徽,公办,0,0
广西,2025,物理类,本科批,10383,铜陵学院,（101）,首选物理，再选化学,434,108657,,,10,安徽,公办,0,0
广西,2025,物理类,本科批,10384,厦门大学,,首选物理，再选不限,585,2576,,,0,福建,公办,1,1
广西,2025,物理类,本科批,10384,厦门大学,,首选物理，再选化学,572,2119,,,0,福建,公办,1,1
广西,2025,物理类,本科批,10385,华侨大学,,首选物理，再选不限,483,31392,,,0,福建,公办,0,0
广西,2025,物理类,本科批,10385,华侨大学,,首选物理，再选化学,502,15934,,,0,福建,公办,0,0
广西,2025,物理类,本科批,10386,福州大学,（102）,首选物理，再选不限,560,14762,,,31,福建,公办,0,1
广西,2025,物理类,本科批,10386,福州大学,（101）,首选物理，再选化学,566,14762,,,44,福建,公办,0,1
广西,2025,物理类,本科批,10388,福建理工大学,,首选物理，再选不限,488,51696,,,92,福建,公办,0,0
广西,2025,物理类,本科批,10388,福建理工大学,（150）,首选物理，再选化学,525,26494,,,103,福建,公办,0,0
广西,2025,物理类,本科批,10389,福建农林大学,（101）,首选物理，再选不限,494,43675,,,18,福建,公办,0,0
广西,2025,物理类,本科批,10389,福建农林大学,,首选物理，再选化学,444,30869,,,173,福建,公办,0,0
广西,2025,物理类,本科批,10389,福建农林大学,（102）,首选物理，再选生物,508,50340,,,3,福建,公办,0,0
广西,2025,物理类,本科批,10390,集美大学,,首选物理，再选不限,503,28667,,,36,福建,公办,0,0
广西,2025,物理类,本科批,10390,集美大学,,首选物理，再选化学,523,22493,,,100,福建,公办,0,0
广西,2025,物理类,本科批,10390,集美大学,（109）,首选物理，再选化学、生物(2科必选),513,44269,,,20,福建,公办,0,0
广西,2025,物理类,本科批,10390,集美大学,（110）,首选物理，再选地理,538,31392,,,4,福建,公办,0,0
广西,2025,物理类,本科批,10394,福建师范大学,,首选物理，再选不限,461,31392,,,64,福建,公办,0,0
广西,2025,物理类,本科批,10394,福建师范大学,（104）,首选物理，再选化学,527,22022,,,67,福建,公办,0,0
广西,2025,物理类,本科批,10405,东华理工大学,（101）,首选物理，再选化学,520,23955,,,0,江西,公办,0,0
广西,2025,物理类,本科批,10406,南昌航空大学,（104）,首选物理，再选不限,513,41650,,,6,江西,公办,0,0
广西,2025,物理类,本科批,10406,南昌航空大学,,首选物理，再选化学,543,18442,,,90,江西,公办,0,0
广西,2025,物理类,本科批,10407,江西理工大学,（102）,首选物理，再选不限,461,53125,,,10,江西,公办,0,0
广西,2025,物理类,本科批,10407,江西理工大学,（101）,首选物理，再选化学,516,22022,,,42,江西,公办,0,0
广西,2025,物理类,本科批,10410,江西农业大学,,首选物理，再选不限,472,53125,,,0,江西,公办,0,0
广西,2025,物理类,本科批,10410,江西农业大学,,首选物理，再选化学,486,48973,,,0,江西,公办,0,0
广西,2025,物理类,本科批,10412,江西中医药大学,,首选物理，再选不限,424,37907,,,0,江西,公办,0,0
广西,2025,物理类,本科批,10412,江西中医药大学,（106）,首选物理，再选化学,480,71100,,,0,江西,公办,0,0
广西,2025,物理类,本科批,10412,江西中医药大学,,首选物理，再选生物,470,33684,,,0,江西,公办,0,0
广西,2025,物理类,本科批,10417,宜春学院,（111）,首选物理，再选不限,483,63253,,,3,江西,公办,0,0
广西,2025,物理类,本科批,10417,宜春学院,（112）,首选物理，再选化学,409,70276,,,15,江西,公办,0,0
广西,2025,物理类,本科批,10417,宜春学院,（113）,首选物理，再选化学、生物(2科必选),414,131421,,,1,江西,公办,0,0
广西,2025,物理类,本科批,10418,赣南师范大学,（103）,首选物理，再选不限,442,99362,,,8,江西,公办,0,0
广西,2025,物理类,本科批,10418,赣南师范大学,（104）,首选物理，再选化学,418,75924,,,10,江西,公办,0,0
广西,2025,物理类,本科批,10422,山东大学,,首选物理，再选化学,574,2462,,,104,山东,公办,1,1
广西,2025,物理类,本科批,10422,山东大学,（108）,首选物理，再选化学、生物(2科必选),617,3091,,,6,山东,公办,1,1
广西,2025,物理类,本科批,10423,中国海洋大学,,首选物理，再选不限,585,7925,,,0,山东,公办,1,1
广西,2025,物理类,本科批,10423,中国海洋大学,,首选物理，再选化学,574,4951,,,0,山东,公办,1,1
广西,2025,物理类,本科批,10424,山东科技大学,（102）,首选物理，再选不限,495,59559,,,2,山东,公办,0,0
广西,2025,物理类,本科批,10424,山东科技大学,（101）,首选物理，再选化学,470,20622,,,70,山东,公办,0,0
广西,2025,物理类,本科批,10424,山东科技大学,（103）,首选物理，再选地理,525,39146,,,4,山东,公办,0,0
广西,2025,物理类,本科批,10425,中国石油大学（华东）,,首选物理，再选不限,553,12229,,,0,山东,公办,0,1
广西,2025,物理类,本科批,10425,中国石油大学（华东）,,首选物理，再选化学,552,7166,,,0,山东,公办,0,1
广西,2025,物理类,本科批,10426,青岛科技大学,（101）,首选物理，再选化学,490,27533,,,89,山东,公办,0,0
广西,2025,物理类,本科批,10427,济南大学,,首选物理，再选化学,467,47645,,,0,山东,公办,0,0
广西,2025,物理类,本科批,10427,济南大学,（103）,首选物理，再选化学、地理(2科必选),504,53125,,,0,山东,公办,0,0
广西,2025,物理类,本科批,10429,青岛理工大学,,首选物理，再选不限,454,46223,,,0,山东,公办,0,0
广西,2025,物理类,本科批,10429,青岛理工大学,（104）,首选物理，再选化学,520,30312,,,0,山东,公办,0,0
广西,2025,物理类,本科批,10431,齐鲁工业大学,（151）,首选物理，再选化学,510,44919,,,0,山东,公办,0,0
广西,2025,物理类,本科批,10431,齐鲁工业大学,（152）,首选物理，再选化学、生物(2科必选),473,76718,,,0,山东,公办,0,0
广西,2025,物理类,本科批,10433,山东理工大学,（103）,首选物理，再选不限,483,63972,,,0,山东,公办,0,0
广西,2025,物理类,本科批,10433,山东理工大学,（101）,首选物理，再选化学,448,41040,,,0,山东,公办,0,0
广西,2025,物理类,本科批,10434,山东农业大学,（101）,首选物理，再选化学,447,47645,,,0,山东,公办,0,0
广西,2025,物理类,本科批,10435,青岛农业大学,（101）,首选物理，再选化学,423,71917,,,67,山东,公办,0,0
广西,2025,物理类,本科批,10438,山东第二医科大学,（102）,首选物理，再选不限,462,74272,,,6,山东,公办,0,0
广西,2025,物理类,本科批,10438,山东第二医科大学,（101）,首选物理，再选化学,459,34316,,,31,山东,公办,0,0
广西,2025,物理类,本科批,10439,山东第一医科大学,（119）,首选物理，再选不限,480,71100,,,3,山东,公办,0,0
广西,2025,物理类,本科批,10439,山东第一医科大学,,首选物理，再选化学,479,12593,,,23,山东,公办,0,0
广西,2025,物理类,本科批,10440,滨州医学院,,首选物理，再选化学,419,50340,,,0,山东,公办,0,0
广西,2025,物理类,本科批,10443,济宁医学院,（101）,首选物理，再选不限,491,62488,,,0,山东,公办,0,0
广西,2025,物理类,本科批,10443,济宁医学院,（100）,首选物理，再选化学,414,40405,,,0,山东,公办,0,0
广西,2025,物理类,本科批,10445,山东师范大学,（101）,首选物理，再选不限,384,51016,,,0,山东,公办,0,0
广西,2025,物理类,本科批,10445,山东师范大学,（102）,首选物理，再选化学,501,23955,,,0,山东,公办,0,0
广西,2025,物理类,本科批,10445,山东师范大学,（105）,首选物理，再选地理,508,50340,,,0,山东,公办,0,0
广西,2025,物理类,本科批,10446,曲阜师范大学,（153）,首选物理，再选不限,383,80130,,,0,山东,公办,0,0
广西,2025,物理类,本科批,10446,曲阜师范大学,（151）,首选物理，再选化学,490,40405,,,0,山东,公办,0,0
广西,2025,物理类,本科批,10446,曲阜师范大学,（152）,首选物理，再选地理,479,71917,,,0,山东,公办,0,0
广西,2025,物理类,本科批,10447,聊城大学,（104）,首选物理，再选化学,471,66326,,,0,山东,公办,0,0
广西,2025,物理类,本科批,10447,聊城大学,（105）,首选物理，再选生物,433,112512,,,0,山东,公办,0,0
广西,2025,物理类,本科批,10448,德州学院,（102）,首选物理，再选不限,413,132435,,,5,山东,公办,0,0
广西,2025,物理类,本科批,10448,德州学院,,首选物理，再选化学,415,116423,,,12,山东,公办,0,0
广西,2025,物理类,本科批,10448,德州学院,（105）,首选物理，再选地理,438,107684,,,5,山东,公办,0,0
广西,2025,物理类,本科批,10449,山东航空学院,,首选物理，再选化学,451,64741,,,0,山东,公办,0,0
广西,2025,物理类,本科批,10451,鲁东大学,（102）,首选物理，再选不限,454,92968,,,0,山东,公办,0,0
广西,2025,物理类,本科批,10451,鲁东大学,,首选物理，再选化学,386,55260,,,0,山东,公办,0,0
广西,2025,物理类,本科批,10452,临沂大学,（100）,首选物理，再选化学,492,48323,,,0,山东,公办,0,0
广西,2025,物理类,本科批,10452,临沂大学,（102）,首选物理，再选生物,476,74272,,,0,山东,公办,0,0
广西,2025,物理类,本科批,10453,泰山学院,,首选物理，再选化学,413,100278,,,20,山东,公办,0,0
广西,2025,物理类,本科批,10454,济宁学院,（151）,首选物理，再选化学,447,99362,,,0,山东,公办,0,0
广西,2025,物理类,本科批,10456,山东财经大学,,首选物理，再选不限,480,18034,,,0,山东,公办,0,0
广西,2025,物理类,本科批,10456,山东财经大学,（103）,首选物理，再选化学,522,36059,,,0,山东,公办,0,0
广西,2025,物理类,本科批,10460,河南理工大学,（105）,首选物理，再选不限,491,60976,,,4,河南,公办,0,0
广西,2025,物理类,本科批,10460,河南理工大学,,首选物理，再选化学,473,30869,,,52,河南,公办,0,0
广西,2025,物理类,本科批,10462,郑州轻工业大学,（101）,首选物理，再选化学,456,23955,,,0,河南,公办,0,0
广西,2025,物理类,本科批,10463,河南工业大学,（102）,首选物理，再选不限,489,45575,,,28,河南,公办,0,0
广西,2025,物理类,本科批,10463,河南工业大学,,首选物理，再选化学,501,24488,,,80,河南,公办,0,0
广西,2025,物理类,本科批,10465,中原工学院,（102）,首选物理，再选不限,439,98500,,,0,河南,公办,0,0
广西,2025,物理类,本科批,10465,中原工学院,（101）,首选物理，再选化学,460,75924,,,0,河南,公办,0,0
广西,2025,物理类,本科批,10472,河南医药大学,,首选物理，再选化学,420,79254,,,24,河南,公办,0,0
广西,2025,物理类,本科批,10475,河南大学,,首选物理，再选不限,477,20173,,,0,河南,公办,0,0
广西,2025,物理类,本科批,10475,河南大学,,首选物理，再选化学,542,19743,,,0,河南,公办,0,0
广西,2025,物理类,本科批,10475,河南大学,（153）,首选物理，再选地理,564,18442,,,0,河南,公办,0,0
广西,2025,物理类,本科批,10476,河南师范大学,（103）,首选物理，再选不限,422,111593,,,0,河南,公办,0,0
广西,2025,物理类,本科批,10476,河南师范大学,（102）,首选物理，再选化学,418,108657,,,0,河南,公办,0,0
广西,2025,物理类,本科批,10476,河南师范大学,（104）,首选物理，再选地理,482,69455,,,0,河南,公办,0,0
广西,2025,物理类,本科批,10480,许昌学院,（101）,首选物理，再选化学,414,70276,,,47,河南,公办,0,0
广西,2025,物理类,本科批,10481,南阳师范学院,（102）,首选物理，再选不限,439,90330,,,17,河南,公办,0,0
广西,2025,物理类,本科批,10481,南阳师范学院,,首选物理，再选化学,419,90330,,,58,河南,公办,0,0
广西,2025,物理类,本科批,10481,南阳师范学院,（108）,首选物理，再选地理,477,73483,,,4,河南,公办,0,0
广西,2025,物理类,本科批,10481,南阳师范学院,（103）,首选物理，再选思想政治,453,90330,,,4,河南,公办,0,0
广西,2025,物理类,本科批,10484,河南财经政法大学,（101）,首选物理，再选不限,557,21548,,,1,河南,公办,0,0
广西,2025,物理类,本科批,10485,郑州航空工业管理学院,（101）,首选物理，再选不限,441,80130,,,0,河南,公办,0,0
广西,2025,物理类,本科批,10485,郑州航空工业管理学院,（103）,首选物理，再选化学,474,63253,,,0,河南,公办,0,0
广西,2025,物理类,本科批,10488,武汉科技大学,（151）,首选物理，再选不限,536,27533,,,0,湖北,公办,0,0
广西,2025,物理类,本科批,10488,武汉科技大学,（152）,首选物理，再选化学,551,14420,,,0,湖北,公办,0,0
广西,2025,物理类,本科批,10491,中国地质大学（武汉）,（104）,首选物理，再选不限,578,12594,,,0,湖北,公办,0,1
广西,2025,物理类,本科批,10491,中国地质大学（武汉）,,首选物理，再选化学,541,6934,,,0,湖北,公办,0,1
广西,2025,物理类,本科批,10496,武汉轻工大学,（331）,首选物理，再选不限,448,98500,,,0,湖北,公办,0,0
广西,2025,物理类,本科批,10496,武汉轻工大学,,首选物理，再选化学,462,26003,,,0,湖北,公办,0,0
广西,2025,物理类,本科批,10497,武汉理工大学,,首选物理，再选化学,592,3507,,,0,湖北,公办,0,1
广西,2025,物理类,本科批,10511,华中师范大学,（156）,首选物理，再选不限,567,10896,,,0,湖北,公办,0,1
广西,2025,物理类,本科批,10511,华中师范大学,,首选物理，再选化学,577,5336,,,0,湖北,公办,0,1
广西,2025,物理类,本科批,10511,华中师范大学,（158）,首选物理，再选地理,590,9017,,,0,湖北,公办,0,1
广西,2025,物理类,本科批,10512,湖北大学,（104）,首选物理，再选不限,499,33123,,,0,湖北,公办,0,0
广西,2025,物理类,本科批,10512,湖北大学,,首选物理，再选化学,533,20622,,,0,湖北,公办,0,0
广西,2025,物理类,本科批,10512,湖北大学,（105）,首选物理，再选地理,545,24488,,,0,湖北,公办,0,0
广西,2025,物理类,本科批,10513,湖北师范大学,（103）,首选物理，再选不限,507,45575,,,0,湖北,公办,0,0
广西,2025,物理类,本科批,10513,湖北师范大学,（104）,首选物理，再选化学,504,46223,,,0,湖北,公办,0,0
广西,2025,物理类,本科批,10513,湖北师范大学,（105）,首选物理，再选地理,513,46223,,,0,湖北,公办,0,0
广西,2025,物理类,本科批,10514,黄冈师范学院,,首选物理，再选化学,459,75924,,,46,湖北,公办,0,0
广西,2025,物理类,本科批,10517,湖北民族大学,,首选物理，再选不限,450,57392,,,0,湖北,公办,0,0
广西,2025,物理类,本科批,10517,湖北民族大学,,首选物理，再选化学,370,51016,,,0,湖北,公办,0,0
广西,2025,物理类,本科批,10518,汉江师范学院,（101）,首选物理，再选不限,443,92968,,,16,湖北,公办,0,0
广西,2025,物理类,本科批,10518,汉江师范学院,（102）,首选物理，再选化学,450,80975,,,26,湖北,公办,0,0
广西,2025,物理类,本科批,10519,湖北文理学院,（102）,首选物理，再选不限,456,91202,,,0,湖北,公办,0,0
广西,2025,物理类,本科批,10519,湖北文理学院,（101）,首选物理，再选化学,460,64741,,,0,湖北,公办,0,0
广西,2025,物理类,本科批,10520,中南财经政法大学,,首选物理，再选不限,536,5982,,,0,湖北,公办,0,1
广西,2025,物理类,本科批,10520,中南财经政法大学,,首选物理，再选化学,567,7661,,,0,湖北,公办,0,1
广西,2025,物理类,本科批,10525,湖北汽车工业学院,（103）,首选物理，再选不限,474,73483,,,0,湖北,公办,0,0
广西,2025,物理类,本科批,10525,湖北汽车工业学院,（102）,首选物理，再选化学,481,42339,,,0,湖北,公办,0,0
广西,2025,物理类,本科批,10530,湘潭大学,（103）,首选物理，再选不限,553,16755,,,25,湖南,公办,0,0
广西,2025,物理类,本科批,10530,湘潭大学,（104）,首选物理，再选化学,565,10231,,,150,湖南,公办,0,0
广西,2025,物理类,本科批,10531,吉首大学,,首选物理，再选不限,464,50340,,,0,湖南,公办,0,0
广西,2025,物理类,本科批,10531,吉首大学,（103）,首选物理，再选化学,500,44919,,,0,湖南,公办,0,0
广西,2025,物理类,本科批,10531,吉首大学,（104）,首选物理，再选化学、生物(2科必选),497,58149,,,0,湖南,公办,0,0
广西,2025,物理类,本科批,10533,中南大学,（102）,首选物理，再选化学,596,2965,,,292,湖南,公办,1,1
广西,2025,物理类,本科批,10533,中南大学,,首选物理，再选化学、生物(2科必选),618,537,,,17,湖南,公办,1,1
广西,2025,物理类,本科批,10536,长沙理工大学,（102）,首选物理，再选不限,535,20622,,,0,湖南,公办,0,0
广西,2025,物理类,本科批,10536,长沙理工大学,（103）,首选物理，再选化学,541,8729,,,0,湖南,公办,0,0
广西,2025,物理类,本科批,10538,中南林业科技大学,（104）,首选物理，再选不限,473,48323,,,24,湖南,公办,0,0
广西,2025,物理类,本科批,10538,中南林业科技大学,（108）,首选物理，再选化学,373,24488,,,123,湖南,公办,0,0
广西,2025,物理类,本科批,10538,中南林业科技大学,（106）,首选物理，再选生物,509,49642,,,3,湖南,公办,0,0
广西,2025,物理类,本科批,10542,湖南师范大学,（102）,首选物理，再选不限,573,12229,,,0,湖南,公办,0,1
广西,2025,物理类,本科批,10542,湖南师范大学,,首选物理，再选化学,518,8166,,,0,湖南,公办,0,1
广西,2025,物理类,本科批,10542,湖南师范大学,（123）,首选物理，再选地理,578,12229,,,0,湖南,公办,0,1
广西,2025,物理类,本科批,10545,湘南学院,（105）,首选物理，再选不限,474,39146,,,4,湖南,公办,0,0
广西,2025,物理类,本科批,10545,湘南学院,,首选物理，再选化学,477,46223,,,29,湖南,公办,0,0
广西,2025,物理类,本科批,10548,怀化学院,（104）,首选物理，再选化学,463,68698,,,0,湖南,公办,0,0
广西,2025,物理类,本科批,10548,怀化学院,（107）,首选物理，再选生物,455,92075,,,0,湖南,公办,0,0
广西,2025,物理类,本科批,10551,湖南科技学院,（151）,首选物理，再选化学,495,53826,,,0,湖南,公办,0,0
广西,2025,物理类,本科批,10553,湖南人文科技学院,,首选物理，再选不限,414,112512,,,3,湖南,公办,0,0
广西,2025,物理类,本科批,10553,湖南人文科技学院,（106）,首选物理，再选化学,462,76718,,,20,湖南,公办,0,0
广西,2025,物理类,本科批,10555,南华大学,（100）,首选物理，再选不限,513,38495,,,0,湖南,公办,0,0
广西,2025,物理类,本科批,10555,南华大学,（101）,首选物理，再选化学,428,11869,,,0,湖南,公办,0,0
广西,2025,物理类,本科批,10560,汕头大学,（104）,首选物理，再选不限,562,14420,,,9,广东,公办,0,0
广西,2025,物理类,本科批,10560,汕头大学,,首选物理，再选化学,575,5539,,,44,广东,公办,0,0
广西,2025,物理类,本科批,10564,华南农业大学,（102）,首选物理，再选不限,552,20173,,,4,广东,公办,0,0
广西,2025,物理类,本科批,10564,华南农业大学,（101）,首选物理，再选化学,514,8729,,,128,广东,公办,0,0
广西,2025,物理类,本科批,10570,广州医科大学,,首选物理，再选化学,596,3658,,,0,广东,公办,0,0
广西,2025,物理类,本科批,10573,广东药科大学,（103）,首选物理，再选不限,550,24987,,,0,广东,公办,0,0
广西,2025,物理类,本科批,10573,广东药科大学,,首选物理，再选化学,501,40405,,,0,广东,公办,0,0
广西,2025,物理类,本科批,10580,肇庆学院,,首选物理，再选化学,464,69455,,,24,广东,公办,0,0
广西,2025,物理类,本科批,10582,嘉应学院,（150）,首选物理，再选不限,470,79254,,,3,广东,公办,0,0
广西,2025,物理类,本科批,10582,嘉应学院,,首选物理，再选化学,459,63972,,,18,广东,公办,0,0
广西,2025,物理类,本科批,10588,广东技术师范大学,（100）,首选物理，再选化学,541,29736,,,2,广东,公办,0,0
广西,2025,物理类,本科批,10589,海南大学,,首选物理，再选不限,429,18857,,,0,海南,公办,0,1
广西,2025,物理类,本科批,10589,海南大学,,首选物理，再选化学,534,11210,,,0,海南,公办,0,1
广西,2025,物理类,本科批,10589,海南大学,（103）,首选物理，再选化学、生物(2科必选),552,23955,,,0,海南,公办,0,1
广西,2025,物理类,本科批,10590,深圳大学,（103）,首选物理，再选不限,604,5136,,,3,广东,公办,0,0
广西,2025,物理类,本科批,10590,深圳大学,（102）,首选物理，再选化学,609,2119,,,24,广东,公办,0,0
广西,2025,物理类,本科批,10593,广西大学,,首选物理，再选不限,534,10279,,,0,广西,公办,0,1
广西,2025,物理类,本科批,10593,广西大学,,首选物理，再选化学,531,3091,,,0,广西,公办,0,1
广西,2025,物理类,本科批,10593,广西大学,,首选物理，再选化学、生物(2科必选),556,10571,,,0,广西,公办,0,1
广西,2025,物理类,本科批,10593,广西大学,（159）,首选物理，再选思想政治,582,11252,,,0,广西,公办,0,1
广西,2025,物理类,本科批,10594,广西科技大学,,首选物理，再选不限,454,65661,,,543,广西,公办,0,0
广西,2025,物理类,本科批,10594,广西科技大学,,首选物理，再选化学,448,37421,,,2833,广西,公办,0,0
广西,2025,物理类,本科批,10594,广西科技大学,,首选物理，再选化学、生物(2科必选),437,58254,,,541,广西,公办,0,0
广西,2025,物理类,本科批,10595,桂林电子科技大学,,首选物理，再选不限,491,33773,,,0,广西,公办,0,0
广西,2025,物理类,本科批,10595,桂林电子科技大学,,首选物理，再选化学,500,10279,,,0,广西,公办,0,0
广西,2025,物理类,本科批,10596,桂林理工大学,,首选物理，再选不限,451,53826,,,0,广西,公办,0,0
广西,2025,物理类,本科批,10596,桂林理工大学,,首选物理，再选化学,453,31392,,,0,广西,公办,0,0
广西,2025,物理类,本科批,10596,桂林理工大学,（154）,首选物理，再选地理,499,56684,,,0,广西,公办,0,0
广西,2025,物理类,本科批,10598,广西医科大学,,首选物理，再选不限,416,64741,,,0,广西,公办,0,0
广西,2025,物理类,本科批,10598,广西医科大学,,首选物理，再选化学,429,4951,,,0,广西,公办,0,0
广西,2025,物理类,本科批,10598,广西医科大学,,首选物理，再选生物,448,56684,,,0,广西,公办,0,0
广西,2025,物理类,本科批,10599,右江民族医学院,,首选物理，再选不限,423,104882,,,288,广西,公办,0,0
广西,2025,物理类,本科批,10599,右江民族医学院,,首选物理，再选化学,438,29236,,,1454,广西,公办,0,0
广西,2025,物理类,本科批,10599,右江民族医学院,,首选物理，再选生物,428,105807,,,295,广西,公办,0,0
广西,2025,物理类,本科批,10600,广西中医药大学,,首选物理，再选不限,466,12593,,,591,广西,公办,0,0
广西,2025,物理类,本科批,10600,广西中医药大学,,首选物理，再选化学,461,27533,,,1296,广西,公办,0,0
广西,2025,物理类,本科批,10601,桂林医科大学,,首选物理，再选不限,395,90330,,,0,广西,公办,0,0
广西,2025,物理类,本科批,10601,桂林医科大学,,首选物理，再选化学,370,20622,,,0,广西,公办,0,0
广西,2025,物理类,本科批,10601,桂林医科大学,,首选物理，再选生物,433,93925,,,0,广西,公办,0,0
广西,2025,物理类,本科批,10602,广西师范大学,,首选物理，再选不限,454,26494,,,0,广西,公办,0,0
广西,2025,物理类,本科批,10602,广西师范大学,,首选物理，再选化学,483,15522,,,0,广西,公办,0,0
广西,2025,物理类,本科批,10602,广西师范大学,,首选物理，再选地理,514,39764,,,0,广西,公办,0,0
广西,2025,物理类,本科批,10602,广西师范大学,,首选物理，再选思想政治,504,33123,,,0,广西,公办,0,0
广西,2025,物理类,本科批,10605,河池学院,,首选物理，再选不限,402,80130,,,533,广西,公办,0,0
广西,2025,物理类,本科批,10605,河池学院,,首选物理，再选化学,417,86001,,,1282,广西,公办,0,0
广西,2025,物理类,本科批,10605,河池学院,（155）,首选物理，再选思想政治,458,89435,,,15,广西,公办,0,0
广西,2025,物理类,本科批,10606,玉林师范学院,,首选物理，再选不限,416,86891,,,0,广西,公办,0,0
广西,2025,物理类,本科批,10606,玉林师范学院,,首选物理，再选化学,421,75100,,,0,广西,公办,0,0
广西,2025,物理类,本科批,10606,玉林师范学院,,首选物理，再选化学、生物(2科必选),425,90330,,,0,广西,公办,0,0
广西,2025,物理类,本科批,10606,玉林师范学院,（158）,首选物理，再选生物,426,119410,,,0,广西,公办,0,0
广西,2025,物理类,本科批,10607,广西艺术学院,（151）,首选物理，再选不限,422,103930,,,0,广西,公办,0,0
广西,2025,物理类,本科批,10609,百色学院,,首选物理，再选不限,416,98500,,,529,广西,公办,0,0
广西,2025,物理类,本科批,10609,百色学院,,首选物理，再选化学,418,83054,,,1327,广西,公办,0,0
广西,2025,物理类,本科批,10609,百色学院,,首选物理，再选地理,422,113460,,,75,广西,公办,0,0
广西,2025,物理类,本科批,10610,四川大学,,首选物理，再选化学,576,300,,,0,四川,公办,1,1
广西,2025,物理类,本科批,10613,西南交通大学,,首选物理，再选化学,531,4007,,,188,四川,公办,0,1
广西,2025,物理类,本科批,10615,西南石油大学,（101）,首选物理，再选化学,573,11869,,,0,四川,公办,0,0
广西,2025,物理类,本科批,10618,重庆交通大学,（102）,首选物理，再选不限,422,46223,,,21,重庆,公办,0,0
广西,2025,物理类,本科批,10618,重庆交通大学,,首选物理，再选化学,538,19311,,,92,重庆,公办,0,0
广西,2025,物理类,本科批,10619,西南科技大学,（100）,首选物理，再选化学,539,23955,,,0,四川,公办,0,0
广西,2025,物理类,本科批,10623,西华大学,,首选物理，再选不限,473,45575,,,0,四川,公办,0,0
广西,2025,物理类,本科批,10623,西华大学,（101）,首选物理，再选化学,525,37290,,,0,四川,公办,0,0
广西,2025,物理类,本科批,10624,中国民用航空飞行学院,（102）,首选物理，再选不限,499,46223,,,26,四川,公办,0,0
广西,2025,物理类,本科批,10624,中国民用航空飞行学院,,首选物理，再选化学,504,27014,,,127,四川,公办,0,0
广西,2025,物理类,本科批,10624,中国民用航空飞行学院,（105）,首选物理，再选思想政治,503,53826,,,1,四川,公办,0,0
广西,2025,物理类,本科批,10628,西昌学院,,首选物理，再选化学,450,84297,,,0,四川,公办,0,0
广西,2025,物理类,本科批,10631,重庆医科大学,,首选物理，再选化学,535,5539,,,0,重庆,公办,0,0
广西,2025,物理类,本科批,10632,西南医科大学,（106）,首选物理，再选不限,544,28117,,,0,四川,公办,0,0
广西,2025,物理类,本科批,10632,西南医科大学,,首选物理，再选化学,493,11543,,,0,四川,公办,0,0
广西,2025,物理类,本科批,10633,成都中医药大学,（101）,首选物理，再选不限,566,15934,,,0,四川,公办,0,0
广西,2025,物理类,本科批,10633,成都中医药大学,,首选物理，再选化学,511,28667,,,0,四川,公办,0,0
广西,2025,物理类,本科批,10634,川北医学院,,首选物理，再选化学,535,26494,,,0,四川,公办,0,0
广西,2025,物理类,本科批,10636,四川师范大学,,首选物理，再选不限,497,23955,,,0,四川,公办,0,0
广西,2025,物理类,本科批,10636,四川师范大学,,首选物理，再选化学,489,20622,,,0,四川,公办,0,0
广西,2025,物理类,本科批,10636,四川师范大学,（104）,首选物理，再选化学、生物(2科必选),525,31969,,,0,四川,公办,0,0
广西,2025,物理类,本科批,10636,四川师范大学,（105）,首选物理，再选地理,561,19743,,,0,四川,公办,0,0
广西,2025,物理类,本科批,10637,重庆师范大学,（125）,首选物理，再选不限,478,36663,,,17,重庆,公办,0,0
广西,2025,物理类,本科批,10637,重庆师范大学,,首选物理，再选化学,444,27533,,,47,重庆,公办,0,0
广西,2025,物理类,本科批,10637,重庆师范大学,（123）,首选物理，再选化学、生物(2科必选),506,51696,,,6,重庆,公办,0,0
广西,2025,物理类,本科批,10637,重庆师范大学,（124）,首选物理，再选地理,552,23955,,,4,重庆,公办,0,0
广西,2025,物理类,本科批,10637,重庆师范大学,（121）,首选物理，再选思想政治,554,22932,,,2,重庆,公办,0,0
广西,2025,物理类,本科批,10638,西华师范大学,（102）,首选物理，再选化学,491,52406,,,0,四川,公办,0,0
广西,2025,物理类,本科批,10638,西华师范大学,（103）,首选物理，再选化学、生物(2科必选),506,51696,,,0,四川,公办,0,0
广西,2025,物理类,本科批,10639,绵阳师范学院,（102）,首选物理，再选不限,485,67147,,,2,四川,公办,0,0
广西,2025,物理类,本科批,10639,绵阳师范学院,（104）,首选物理，再选化学,468,68698,,,10,四川,公办,0,0
广西,2025,物理类,本科批,10639,绵阳师范学院,（103）,首选物理，再选生物,420,125394,,,2,四川,公办,0,0
广西,2025,物理类,本科批,10641,宜宾学院,（103）,首选物理，再选不限,482,69455,,,3,四川,公办,0,0
广西,2025,物理类,本科批,10641,宜宾学院,（102）,首选物理，再选化学,481,66326,,,9,四川,公办,0,0
广西,2025,物理类,本科批,10642,重庆文理学院,（102）,首选物理，再选不限,474,63972,,,16,重庆,公办,0,0
广西,2025,物理类,本科批,10642,重庆文理学院,（104）,首选物理，再选化学,492,46223,,,32,重庆,公办,0,0
广西,2025,物理类,本科批,10642,重庆文理学院,（103）,首选物理，再选生物,468,80975,,,2,重庆,公办,0,0
广西,2025,物理类,本科批,10644,四川文理学院,（110）,首选物理，再选不限,450,95726,,,9,四川,公办,0,0
广西,2025,物理类,本科批,10644,四川文理学院,（112）,首选物理，再选化学,419,126377,,,3,四川,公办,0,0
广西,2025,物理类,本科批,10647,长江师范学院,（102）,首选物理，再选不限,451,75924,,,0,重庆,公办,0,0
广西,2025,物理类,本科批,10647,长江师范学院,,首选物理，再选化学,452,66326,,,0,重庆,公办,0,0
广西,2025,物理类,本科批,10647,长江师范学院,（105）,首选物理，再选生物,419,126377,,,0,重庆,公办,0,0
广西,2025,物理类,本科批,10650,四川外国语大学,,首选物理，再选不限,506,21548,,,0,重庆,公办,0,0
广西,2025,物理类,本科批,10650,四川外国语大学,（154）,首选物理，再选思想政治,524,39764,,,0,重庆,公办,0,0
广西,2025,物理类,本科批,10651,西南财经大学,,首选物理，再选不限,565,5539,,,0,四川,公办,0,1
广西,2025,物理类,本科批,10651,西南财经大学,,首选物理，再选化学,591,5738,,,0,四川,公办,0,1
广西,2025,物理类,本科批,10653,成都体育学院,,首选物理，再选不限,463,53826,,,0,四川,公办,0,0
广西,2025,物理类,本科批,10653,成都体育学院,（111）,首选物理，再选化学,487,65543,,,0,四川,公办,0,0
广西,2025,物理类,本科批,10656,西南民族大学,,首选物理，再选不限,430,21097,,,64,四川,公办,0,0
广西,2025,物理类,本科批,10656,西南民族大学,,首选物理，再选化学,461,27014,,,243,四川,公办,0,0
广西,2025,物理类,本科批,10657,贵州大学,,首选物理，再选不限,542,24488,,,0,贵州,公办,0,1
广西,2025,物理类,本科批,10657,贵州大学,,首选物理，再选化学,520,11543,,,0,贵州,公办,0,1
广西,2025,物理类,本科批,10657,贵州大学,（104）,首选物理，再选生物,537,31969,,,0,贵州,公办,0,1
广西,2025,物理类,本科批,10661,遵义医科大学,（152）,首选物理，再选不限,459,88560,,,2,贵州,公办,0,0
广西,2025,物理类,本科批,10661,遵义医科大学,,首选物理，再选化学,483,16339,,,35,贵州,公办,0,0
广西,2025,物理类,本科批,10661,遵义医科大学,（157）,首选物理，再选生物,484,67147,,,3,贵州,公办,0,0
广西,2025,物理类,本科批,10667,安顺学院,（104）,首选物理，再选不限,428,117422,,,1,贵州,公办,0,0
广西,2025,物理类,本科批,10667,安顺学院,（102）,首选物理，再选化学,437,77563,,,4,贵州,公办,0,0
广西,2025,物理类,本科批,10667,安顺学院,（103）,首选物理，再选地理,445,97579,,,2,贵州,公办,0,0
广西,2025,物理类,本科批,10669,凯里学院,（102）,首选物理，再选化学,447,99362,,,5,贵州,公办,0,0
广西,2025,物理类,本科批,10671,贵州财经大学,,首选物理，再选不限,476,47645,,,0,贵州,公办,0,0
广西,2025,物理类,本科批,10671,贵州财经大学,,首选物理，再选化学,499,39146,,,0,贵州,公办,0,0
广西,2025,物理类,本科批,10674,昆明理工大学,,首选物理，再选不限,432,44919,,,0,云南,公办,0,0
广西,2025,物理类,本科批,10674,昆明理工大学,,首选物理，再选化学,414,11869,,,0,云南,公办,0,0
广西,2025,物理类,本科批,10674,昆明理工大学,（104）,首选物理，再选化学、生物(2科必选),523,24987,,,0,云南,公办,0,0
广西,2025,物理类,本科批,10674,昆明理工大学,（102）,首选物理，再选地理,506,42339,,,0,云南,公办,0,0
广西,2025,物理类,本科批,10676,云南农业大学,,首选物理，再选不限,462,56684,,,18,云南,公办,0,0
广西,2025,物理类,本科批,10676,云南农业大学,,首选物理，再选化学,418,32585,,,73,云南,公办,0,0
广西,2025,物理类,本科批,10676,云南农业大学,（102）,首选物理，再选生物,494,60269,,,2,云南,公办,0,0
广西,2025,物理类,本科批,10678,昆明医科大学,,首选物理，再选化学,429,14762,,,0,云南,公办,0,0
广西,2025,物理类,本科批,10679,大理大学,,首选物理，再选不限,494,45575,,,10,云南,公办,0,0
广西,2025,物理类,本科批,10679,大理大学,,首选物理，再选化学,506,34908,,,24,云南,公办,0,0
广西,2025,物理类,本科批,10680,云南中医药大学,,首选物理，再选不限,507,33123,,,10,云南,公办,0,0
广西,2025,物理类,本科批,10680,云南中医药大学,,首选物理，再选化学,478,48323,,,16,云南,公办,0,0
广西,2025,物理类,本科批,10686,保山学院,（100）,首选物理，再选化学,440,105807,,,5,云南,公办,0,0
广西,2025,物理类,本科批,10691,云南民族大学,（110）,首选物理，再选化学,496,51696,,,0,云南,公办,0,0
广西,2025,物理类,本科批,10691,云南民族大学,（111）,首选物理，再选思想政治,429,71917,,,0,云南,公办,0,0
广西,2025,物理类,本科批,10697,西北大学,（103）,首选物理，再选不限,580,11915,,,0,陕西,公办,0,1
广西,2025,物理类,本科批,10697,西北大学,（104）,首选物理，再选化学,557,9360,,,0,陕西,公办,0,1
广西,2025,物理类,本科批,10697,西北大学,（105）,首选物理，再选地理,565,17656,,,0,陕西,公办,0,1
广西,2025,物理类,本科批,10698,西安交通大学,,首选物理，再选化学,595,321,,,0,陕西,公办,1,1
广西,2025,物理类,本科批,10701,西安电子科技大学,（102）,首选物理，再选不限,602,5982,,,0,陕西,公办,0,1
广西,2025,物理类,本科批,10701,西安电子科技大学,,首选物理，再选化学,604,1917,,,0,陕西,公办,0,1
广西,2025,物理类,本科批,10709,西安工程大学,（110）,首选物理，再选不限,453,60269,,,2,陕西,公办,0,0
广西,2025,物理类,本科批,10709,西安工程大学,（111）,首选物理，再选化学,458,71100,,,6,陕西,公办,0,0
广西,2025,物理类,本科批,10719,延安大学,（112）,首选物理，再选不限,480,63253,,,6,陕西,公办,0,0
广西,2025,物理类,本科批,10719,延安大学,（113）,首选物理，再选化学,466,69455,,,25,陕西,公办,0,0
广西,2025,物理类,本科批,10719,延安大学,（114）,首选物理，再选化学、生物(2科必选),433,112512,,,2,陕西,公办,0,0
广西,2025,物理类,本科批,10720,陕西理工大学,（103）,首选物理，再选不限,460,82643,,,0,陕西,公办,0,0
广西,2025,物理类,本科批,10720,陕西理工大学,（105）,首选物理，再选化学,474,67147,,,0,陕西,公办,0,0
广西,2025,物理类,本科批,10720,陕西理工大学,（104）,首选物理，再选地理,474,75924,,,0,陕西,公办,0,0
广西,2025,物理类,本科批,10721,宝鸡文理学院,（101）,首选物理，再选化学,436,85135,,,18,陕西,公办,0,0
广西,2025,物理类,本科批,10722,咸阳师范学院,（103）,首选物理，再选化学,430,97579,,,34,陕西,公办,0,0
广西,2025,物理类,本科批,10723,渭南师范学院,,首选物理，再选不限,413,104882,,,18,陕西,公办,0,0
广西,2025,物理类,本科批,10723,渭南师范学院,（105）,首选物理，再选化学,428,89435,,,33,陕西,公办,0,0
广西,2025,物理类,本科批,10723,渭南师范学院,（107）,首选物理，再选地理,457,90330,,,2,陕西,公办,0,0
广西,2025,物理类,本科批,10730,兰州大学,,首选物理，再选不限,514,9620,,,13,甘肃,公办,1,1
广西,2025,物理类,本科批,10730,兰州大学,,首选物理，再选化学,553,5336,,,70,甘肃,公办,1,1
广西,2025,物理类,本科批,10732,兰州交通大学,（102）,首选物理，再选不限,518,37907,,,0,甘肃,公办,0,0
广西,2025,物理类,本科批,10732,兰州交通大学,（101）,首选物理，再选化学,535,6442,,,0,甘肃,公办,0,0
广西,2025,物理类,本科批,10735,甘肃中医药大学,,首选物理，再选不限,423,55260,,,6,甘肃,公办,0,0
广西,2025,物理类,本科批,10735,甘肃中医药大学,,首选物理，再选化学,427,67147,,,67,甘肃,公办,0,0
广西,2025,物理类,本科批,10736,西北师范大学,（152）,首选物理，再选不限,482,62488,,,0,甘肃,公办,0,0
广西,2025,物理类,本科批,10736,西北师范大学,,首选物理，再选化学,468,49642,,,0,甘肃,公办,0,0
广西,2025,物理类,本科批,10736,西北师范大学,（153）,首选物理，再选地理,503,53826,,,0,甘肃,公办,0,0
广西,2025,物理类,本科批,10739,天水师范大学,（102）,首选物理，再选不限,430,113460,,,0,甘肃,公办,0,0
广西,2025,物理类,本科批,10739,天水师范大学,（103）,首选物理，再选化学,447,99362,,,0,甘肃,公办,0,0
广西,2025,物理类,本科批,10739,天水师范大学,（104）,首选物理，再选地理,446,100278,,,0,甘肃,公办,0,0
广西,2025,物理类,本科批,10741,兰州财经大学,,首选物理，再选不限,432,63253,,,0,甘肃,公办,0,0
广西,2025,物理类,本科批,10741,兰州财经大学,（106）,首选物理，再选化学,471,72682,,,0,甘肃,公办,0,0
广西,2025,物理类,本科批,10743,青海大学,,首选物理，再选不限,500,27014,,,0,青海,公办,0,1
广西,2025,物理类,本科批,10743,青海大学,（102）,首选物理，再选化学,514,18034,,,0,青海,公办,0,1
广西,2025,物理类,本科批,10743,青海大学,（101）,首选物理，再选化学、生物(2科必选),499,26494,,,0,青海,公办,0,1
广西,2025,物理类,本科批,10749,宁夏大学,,首选物理，再选化学,503,20622,,,0,宁夏,公办,0,1
广西,2025,物理类,本科批,10752,宁夏医科大学,（105）,首选物理，再选不限,426,119410,,,0,宁夏,公办,0,0
广西,2025,物理类,本科批,10752,宁夏医科大学,,首选物理，再选化学,446,15934,,,0,宁夏,公办,0,0
广西,2025,物理类,本科批,10752,宁夏医科大学,（104）,首选物理，再选化学、生物(2科必选),438,107684,,,0,宁夏,公办,0,0
广西,2025,物理类,本科批,10753,宁夏师范大学,,首选物理，再选不限,417,99362,,,7,宁夏,公办,0,0
广西,2025,物理类,本科批,10753,宁夏师范大学,（150）,首选物理，再选化学,430,100278,,,17,宁夏,公办,0,0
广西,2025,物理类,本科批,10755,新疆大学,（111）,首选物理，再选不限,490,45575,,,0,新疆,公办,0,1
广西,2025,物理类,本科批,10755,新疆大学,（116）,首选物理，再选化学,461,15522,,,0,新疆,公办,0,1
广西,2025,物理类,本科批,10755,新疆大学,（113）,首选物理，再选思想政治,490,63253,,,0,新疆,公办,0,1
广西,2025,物理类,本科批,10759,石河子大学,（102）,首选物理，再选不限,503,41040,,,14,新疆,公办,0,1
广西,2025,物理类,本科批,10759,石河子大学,,首选物理，再选化学,503,24488,,,88,新疆,公办,0,1
广西,2025,物理类,本科批,10763,喀什大学,（103）,首选物理，再选化学,438,106910,,,3,新疆,公办,0,0
广西,2025,物理类,本科批,10763,喀什大学,（102）,首选物理，再选思想政治,413,131574,,,1,新疆,公办,0,0
广西,2025,物理类,本科批,10798,河北科技师范学院,（101）,首选物理，再选不限,419,121394,,,0,河北,公办,0,0
广西,2025,物理类,本科批,10798,河北科技师范学院,（102）,首选物理，再选化学,422,117422,,,0,河北,公办,0,0
广西,2025,物理类,本科批,10809,山西中医药大学,（101）,首选物理，再选不限,499,52406,,,11,山西,公办,0,0
广西,2025,物理类,本科批,10809,山西中医药大学,（103）,首选物理，再选化学,418,90330,,,18,山西,公办,0,0
广西,2025,物理类,本科批,10809,山西中医药大学,,首选物理，再选生物,423,65543,,,21,山西,公办,0,0
广西,2025,物理类,本科批,10812,吕梁学院,（101）,首选物理，再选不限,418,127365,,,1,山西,公办,0,0
广西,2025,物理类,本科批,10812,吕梁学院,（102）,首选物理，再选化学,421,121394,,,3,山西,公办,0,0
广西,2025,物理类,本科批,10825,齐鲁医药学院,,首选物理，再选化学,415,86891,,,0,山东,民办,0,0
广西,2025,物理类,本科批,10856,上海工程技术大学,,首选物理，再选不限,465,37907,,,0,上海,公办,0,0
广西,2025,物理类,本科批,10856,上海工程技术大学,（101）,首选物理，再选化学,518,32585,,,0,上海,公办,0,0
广西,2025,物理类,本科批,10876,浙江万里学院,,首选物理，再选不限,452,76718,,,0,浙江,公办,0,0
广西,2025,物理类,本科批,10876,浙江万里学院,（102）,首选物理，再选化学,448,73483,,,0,浙江,公办,0,0
广西,2025,物理类,本科批,10904,枣庄学院,（101）,首选物理，再选化学,423,117422,,,9,山东,公办,0,0
广西,2025,物理类,本科批,10919,平顶山学院,（103）,首选物理，再选化学,425,118417,,,0,河南,公办,0,0
广西,2025,物理类,本科批,10920,湖北理工学院,（103）,首选物理，再选不限,451,77563,,,0,湖北,公办,0,0
广西,2025,物理类,本科批,10920,湖北理工学院,（104）,首选物理，再选化学,481,46925,,,0,湖北,公办,0,0
广西,2025,物理类,本科批,10929,湖北医药学院,（100）,首选物理，再选化学,423,32585,,,0,湖北,公办,0,0
广西,2025,物理类,本科批,10964,吉林外国语大学,（151）,首选物理，再选不限,377,151638,,,0,吉林,民办,0,0
广西,2025,物理类,本科批,10964,吉林外国语大学,（152）,首选物理，再选化学,385,160595,,,0,吉林,民办,0,0
广西,2025,物理类,本科批,10977,六盘水师范学院,（102）,首选物理，再选不限,445,101168,,,2,贵州,公办,0,0
广西,2025,物理类,本科批,10977,六盘水师范学院,,首选物理，再选化学,418,86001,,,7,贵州,公办,0,0
广西,2025,物理类,本科批,11035,沈阳大学,,首选物理，再选不限,430,95726,,,28,辽宁,公办,0,0
广西,2025,物理类,本科批,11035,沈阳大学,,首选物理，再选化学,445,61727,,,72,辽宁,公办,0,0
广西,2025,物理类,本科批,11035,沈阳大学,（152）,首选物理，再选生物,423,122379,,,10,辽宁,公办,0,0
广西,2025,物理类,本科批,11047,上海立信会计金融学院,,首选物理，再选不限,498,22022,,,0,上海,公办,0,0
广西,2025,物理类,本科批,11047,上海立信会计金融学院,（104）,首选物理，再选化学,495,54559,,,0,上海,公办,0,0
广西,2025,物理类,本科批,11048,金陵科技学院,（101）,首选物理，再选不限,457,53125,,,22,江苏,公办,0,0
广西,2025,物理类,本科批,11048,金陵科技学院,（103）,首选物理，再选化学,462,31392,,,47,江苏,公办,0,0
广西,2025,物理类,本科批,11048,金陵科技学院,（102）,首选物理，再选生物,457,90330,,,2,江苏,公办,0,0
广西,2025,物理类,本科批,11053,徐州工程学院,（102）,首选物理，再选不限,476,74272,,,0,江苏,公办,0,0
广西,2025,物理类,本科批,11053,徐州工程学院,（101）,首选物理，再选化学,472,59559,,,0,江苏,公办,0,0
广西,2025,物理类,本科批,11055,常州工学院,（152）,首选物理，再选不限,458,79360,,,25,江苏,公办,0,0
广西,2025,物理类,本科批,11055,常州工学院,（151）,首选物理，再选化学,461,46303,,,50,江苏,公办,0,0
广西,2025,物理类,本科批,11057,浙江科技大学,（102）,首选物理，再选不限,508,45575,,,20,浙江,公办,0,0
广西,2025,物理类,本科批,11057,浙江科技大学,,首选物理，再选化学,514,25474,,,127,浙江,公办,0,0
广西,2025,物理类,本科批,11058,宁波工程学院,,首选物理，再选不限,465,80975,,,21,浙江,公办,0,0
广西,2025,物理类,本科批,11058,宁波工程学院,,首选物理，再选化学,446,47645,,,193,浙江,公办,0,0
广西,2025,物理类,本科批,11062,厦门理工学院,,首选物理，再选不限,498,50423,,,22,福建,公办,0,0
广西,2025,物理类,本科批,11062,厦门理工学院,,首选物理，再选化学,516,29311,,,128,福建,公办,0,0
广西,2025,物理类,本科批,11065,青岛大学,（103）,首选物理，再选不限,543,27014,,,0,山东,公办,0,0
广西,2025,物理类,本科批,11065,青岛大学,,首选物理，再选化学,512,20173,,,0,山东,公办,0,0
广西,2025,物理类,本科批,11068,郑州工程技术学院,（102）,首选物理，再选不限,418,127365,,,0,河南,公办,0,0
广西,2025,物理类,本科批,11068,郑州工程技术学院,,首选物理，再选化学,422,118417,,,0,河南,公办,0,0
广西,2025,物理类,本科批,11070,洛阳理工学院,（103）,首选物理，再选不限,444,93925,,,0,河南,公办,0,0
广西,2025,物理类,本科批,11070,洛阳理工学院,（101）,首选物理，再选化学,470,50340,,,0,河南,公办,0,0
广西,2025,物理类,本科批,11072,江汉大学,（102）,首选物理，再选不限,491,59559,,,0,湖北,公办,0,0
广西,2025,物理类,本科批,11072,江汉大学,（103）,首选物理，再选化学,504,34908,,,0,湖北,公办,0,0
广西,2025,物理类,本科批,11077,长沙学院,,首选物理，再选不限,488,51696,,,13,湖南,公办,0,0
广西,2025,物理类,本科批,11077,长沙学院,,首选物理，再选化学,493,48323,,,8,湖南,公办,0,0
广西,2025,物理类,本科批,11077,长沙学院,（120）,首选物理，再选化学、生物(2科必选),483,63253,,,4,湖南,公办,0,0
广西,2025,物理类,本科批,11078,广州大学,（103）,首选物理，再选不限,557,21548,,,0,广东,公办,0,0
广西,2025,物理类,本科批,11078,广州大学,（102）,首选物理，再选化学,581,6682,,,0,广东,公办,0,0
广西,2025,物理类,本科批,11100,海南热带海洋学院,（111）,首选物理，再选不限,458,84297,,,0,海南,公办,0,0
广西,2025,物理类,本科批,11100,海南热带海洋学院,（110）,首选物理，再选化学,443,74272,,,0,海南,公办,0,0
广西,2025,物理类,本科批,11110,广东警官学院,（102）,首选物理，再选不限,556,22022,,,0,广东,公办,0,0
广西,2025,物理类,本科批,11117,扬州大学,（104）,首选物理，再选不限,505,45575,,,6,江苏,公办,0,0
广西,2025,物理类,本科批,11117,扬州大学,,首选物理，再选化学,507,11543,,,103,江苏,公办,0,0
广西,2025,物理类,本科批,11117,扬州大学,（106）,首选物理，再选生物,503,53826,,,4,江苏,公办,0,0
广西,2025,物理类,本科批,11149,中华女子学院,（105）,首选物理，再选不限,475,47645,,,11,北京,公办,0,0
广西,2025,物理类,本科批,11149,中华女子学院,（106）,首选物理，再选化学,490,63253,,,4,北京,公办,0,0
广西,2025,物理类,本科批,11230,齐齐哈尔医学院,（103）,首选物理，再选化学,420,122379,,,0,黑龙江,公办,0,0
广西,2025,物理类,本科批,11230,齐齐哈尔医学院,,首选物理，再选化学、生物(2科必选),422,67147,,,0,黑龙江,公办,0,0
广西,2025,物理类,本科批,11230,齐齐哈尔医学院,（104）,首选物理，再选生物,422,123398,,,0,黑龙江,公办,0,0
广西,2025,物理类,本科批,11242,太原学院,,首选物理，再选不限,425,115400,,,0,山西,公办,0,0
广西,2025,物理类,本科批,11242,太原学院,（101）,首选物理，再选化学,425,115400,,,0,山西,公办,0,0
广西,2025,物理类,本科批,11242,太原学院,（104）,首选物理，再选生物,421,124396,,,0,山西,公办,0,0
广西,2025,物理类,本科批,11258,大连大学,（102）,首选物理，再选不限,472,59559,,,8,辽宁,公办,0,0
广西,2025,物理类,本科批,11258,大连大学,,首选物理，再选化学,394,43675,,,91,辽宁,公办,0,0
广西,2025,物理类,本科批,11261,吉林工商学院,（101）,首选物理，再选不限,416,122379,,,40,吉林,公办,0,0
广西,2025,物理类,本科批,11261,吉林工商学院,（102）,首选物理，再选化学,418,109666,,,43,吉林,公办,0,0
广西,2025,物理类,本科批,11261,吉林工商学院,（103）,首选物理，再选化学、生物(2科必选),420,125394,,,2,吉林,公办,0,0
广西,2025,物理类,本科批,11276,南京工程学院,（103）,首选物理，再选不限,519,39764,,,0,江苏,公办,0,0
广西,2025,物理类,本科批,11276,南京工程学院,（102）,首选物理，再选化学,526,11210,,,0,江苏,公办,0,0
广西,2025,物理类,本科批,11305,蚌埠学院,（101）,首选物理，再选化学,449,93925,,,40,安徽,公办,0,0
广西,2025,物理类,本科批,11311,三明学院,（101）,首选物理，再选不限,435,95726,,,57,福建,公办,0,0
广西,2025,物理类,本科批,11311,三明学院,（199）,首选物理，再选化学,439,72682,,,123,福建,公办,0,0
广西,2025,物理类,本科批,11312,龙岩学院,,首选物理，再选不限,429,98500,,,0,福建,公办,0,0
广西,2025,物理类,本科批,11312,龙岩学院,（101）,首选物理，再选化学,433,80130,,,0,福建,公办,0,0
广西,2025,物理类,本科批,11318,江西科技师范大学,（151）,首选物理，再选不限,451,71917,,,0,江西,公办,0,0
广西,2025,物理类,本科批,11318,江西科技师范大学,（155）,首选物理，再选化学,469,63972,,,0,江西,公办,0,0
广西,2025,物理类,本科批,11319,江西水利电力大学,（101）,首选物理，再选不限,482,67927,,,0,江西,公办,0,0
广西,2025,物理类,本科批,11319,江西水利电力大学,,首选物理，再选化学,398,31392,,,0,江西,公办,0,0
广西,2025,物理类,本科批,11319,江西水利电力大学,（106）,首选物理，再选生物,450,96667,,,0,江西,公办,0,0
广西,2025,物理类,本科批,11329,河南工学院,（102）,首选物理，再选不限,432,108657,,,0,河南,公办,0,0
广西,2025,物理类,本科批,11329,河南工学院,（101）,首选物理，再选化学,485,67147,,,0,河南,公办,0,0
广西,2025,物理类,本科批,11330,安阳工学院,（102）,首选物理，再选化学,439,83449,,,18,河南,公办,0,0
广西,2025,物理类,本科批,11342,湖南工程学院,（101）,首选物理，再选不限,427,79254,,,0,湖南,公办,0,0
广西,2025,物理类,本科批,11342,湖南工程学院,（102）,首选物理，再选化学,505,44269,,,0,湖南,公办,0,0
广西,2025,物理类,本科批,11349,五邑大学,,首选物理，再选化学,508,33123,,,25,广东,公办,0,0
广西,2025,物理类,本科批,11360,攀枝花学院,（102）,首选物理，再选不限,453,93925,,,3,四川,公办,0,0
广西,2025,物理类,本科批,11360,攀枝花学院,（103）,首选物理，再选化学,454,92075,,,6,四川,公办,0,0
广西,2025,物理类,本科批,11390,玉溪师范学院,（151）,首选物理，再选化学,449,76718,,,6,云南,公办,0,0
广西,2025,物理类,本科批,11393,昆明学院,（101）,首选物理，再选不限,482,66326,,,4,云南,公办,0,0
广西,2025,物理类,本科批,11393,昆明学院,（104）,首选物理，再选化学,483,52406,,,20,云南,公办,0,0
广西,2025,物理类,本科批,11393,昆明学院,（105）,首选物理，再选化学、生物(2科必选),441,93925,,,3,云南,公办,0,0
广西,2025,物理类,本科批,11393,昆明学院,（100）,首选物理，再选思想政治,466,82643,,,2,云南,公办,0,0
广西,2025,物理类,本科批,11395,榆林学院,（103）,首选物理，再选化学,439,87739,,,0,陕西,公办,0,0
广西,2025,物理类,本科批,11397,安康学院,（101）,首选物理，再选不限,416,129363,,,12,陕西,公办,0,0
广西,2025,物理类,本科批,11397,安康学院,（103）,首选物理，再选化学,415,130327,,,12,陕西,公办,0,0
广西,2025,物理类,本科批,11400,西安培华学院,（107）,首选物理，再选不限,374,139395,,,0,陕西,民办,0,0
广西,2025,物理类,本科批,11400,西安培华学院,（108）,首选物理，再选化学,371,158594,,,0,陕西,民办,0,0
广西,2025,物理类,本科批,11400,西安培华学院,（110）,首选物理，再选生物,394,151638,,,0,陕西,民办,0,0
广西,2025,物理类,本科批,11406,甘肃政法大学,（103）,首选物理，再选不限,516,28667,,,0,甘肃,公办,0,0
广西,2025,物理类,本科批,11406,甘肃政法大学,（105）,首选物理，再选化学,451,44269,,,0,甘肃,公办,0,0
广西,2025,物理类,本科批,11407,北方民族大学,,首选物理，再选不限,419,68698,,,0,宁夏,公办,0,0
广西,2025,物理类,本科批,11407,北方民族大学,,首选物理，再选化学,422,66326,,,0,宁夏,公办,0,0
广西,2025,物理类,本科批,11407,北方民族大学,（102）,首选物理，再选思想政治,465,83449,,,0,宁夏,公办,0,0
广西,2025,物理类,本科批,11413,中国矿业大学（北京）,（102）,首选物理，再选不限,567,17151,,,0,北京,公办,0,1
广西,2025,物理类,本科批,11413,中国矿业大学（北京）,,首选物理，再选化学,549,8729,,,0,北京,公办,0,1
广西,2025,物理类,本科批,11414,中国石油大学（北京）,（101）,首选物理，再选化学,585,6442,,,0,北京,公办,0,1
广西,2025,物理类,本科批,11415,中国地质大学（北京）,,首选物理，再选不限,519,11543,,,0,北京,公办,0,1
广西,2025,物理类,本科批,11415,中国地质大学（北京）,,首选物理，再选化学,544,9017,,,0,北京,公办,0,1
广西,2025,物理类,本科批,11417,北京联合大学,（101）,首选物理，再选不限,501,46223,,,0,北京,公办,0,0
广西,2025,物理类,本科批,11417,北京联合大学,,首选物理，再选化学,491,33123,,,0,北京,公办,0,0
广西,2025,物理类,本科批,11420,河北金融学院,,首选物理，再选不限,393,92968,,,30,河北,公办,0,0
广西,2025,物理类,本科批,11420,河北金融学院,（103）,首选物理，再选化学,461,80975,,,10,河北,公办,0,0
广西,2025,物理类,本科批,11427,集宁师范学院,（103）,首选物理，再选化学,418,118417,,,11,内蒙古,公办,0,0
广西,2025,物理类,本科批,11430,辽宁科技学院,（102）,首选物理，再选不限,415,129363,,,6,辽宁,公办,0,0
广西,2025,物理类,本科批,11430,辽宁科技学院,（101）,首选物理，再选化学,413,98500,,,87,辽宁,公办,0,0
广西,2025,物理类,本科批,11436,长春汽车职业技术大学,（101）,首选物理，再选不限,419,114421,,,58,吉林,公办,0,0
广西,2025,物理类,本科批,11437,长春工程学院,（102）,首选物理，再选不限,409,130327,,,0,吉林,公办,0,0
广西,2025,物理类,本科批,11437,长春工程学院,（101）,首选物理，再选化学,406,51016,,,0,吉林,公办,0,0
广西,2025,物理类,本科批,11441,吉林警察学院,（102）,首选物理，再选不限,435,110643,,,0,吉林,公办,0,0
广西,2025,物理类,本科批,11441,吉林警察学院,（103）,首选物理，再选化学,427,118417,,,0,吉林,公办,0,0
广西,2025,物理类,本科批,11445,黑龙江工业学院,（104）,首选物理，再选不限,414,131421,,,6,黑龙江,公办,0,0
广西,2025,物理类,本科批,11445,黑龙江工业学院,（103）,首选物理，再选化学,409,128358,,,134,黑龙江,公办,0,0
广西,2025,物理类,本科批,11481,浙江水利水电学院,,首选物理，再选不限,479,63972,,,26,浙江,公办,0,0
广西,2025,物理类,本科批,11481,浙江水利水电学院,（101）,首选物理，再选化学,500,41650,,,104,浙江,公办,0,0
广西,2025,物理类,本科批,11481,浙江水利水电学院,（102）,首选物理，再选地理,496,58830,,,5,浙江,公办,0,0
广西,2025,物理类,本科批,11488,衢州学院,（102）,首选物理，再选不限,459,88560,,,4,浙江,公办,0,0
广西,2025,物理类,本科批,11488,衢州学院,（101）,首选物理，再选化学,462,65543,,,77,浙江,公办,0,0
广西,2025,物理类,本科批,11508,新余学院,（152）,首选物理，再选不限,465,79254,,,3,江西,公办,0,0
广西,2025,物理类,本科批,11508,新余学院,（151）,首选物理，再选化学,476,57392,,,12,江西,公办,0,0
广西,2025,物理类,本科批,11508,新余学院,（153）,首选物理，再选生物,438,107684,,,3,江西,公办,0,0
广西,2025,物理类,本科批,11510,山东交通学院,（102）,首选物理，再选不限,440,98500,,,16,山东,公办,0,0
广西,2025,物理类,本科批,11510,山东交通学院,,首选物理，再选化学,395,59559,,,40,山东,公办,0,0
广西,2025,物理类,本科批,11517,河南工程学院,（102）,首选物理，再选不限,433,99362,,,0,河南,公办,0,0
广西,2025,物理类,本科批,11517,河南工程学院,（103）,首选物理，再选化学,440,63972,,,0,河南,公办,0,0
广西,2025,物理类,本科批,11528,湖南工学院,（101）,首选物理，再选不限,486,60976,,,7,湖南,公办,0,0
广西,2025,物理类,本科批,11528,湖南工学院,,首选物理，再选化学,436,43675,,,77,湖南,公办,0,0
广西,2025,物理类,本科批,11535,湖南工业大学,,首选物理，再选不限,422,22022,,,0,湖南,公办,0,0
广西,2025,物理类,本科批,11535,湖南工业大学,,首选物理，再选化学,444,20173,,,0,湖南,公办,0,0
广西,2025,物理类,本科批,11546,广西科技师范学院,,首选物理，再选不限,425,99362,,,0,广西,公办,0,0
广西,2025,物理类,本科批,11546,广西科技师范学院,,首选物理，再选化学,420,78437,,,0,广西,公办,0,0
广西,2025,物理类,本科批,11548,广西财经学院,,首选物理，再选不限,414,54641,,,0,广西,公办,0,0
广西,2025,物理类,本科批,11548,广西财经学院,,首选物理，再选化学,415,72029,,,0,广西,公办,0,0
广西,2025,物理类,本科批,11548,广西财经学院,（113）,首选物理，再选地理,449,96795,,,0,广西,公办,0,0
广西,2025,物理类,本科批,11551,重庆科技大学,（152）,首选物理，再选不限,516,37290,,,9,重庆,公办,0,0
广西,2025,物理类,本科批,11551,重庆科技大学,,首选物理，再选化学,512,30869,,,47,重庆,公办,0,0
广西,2025,物理类,本科批,11552,四川旅游学院,（101）,首选物理，再选不限,468,80975,,,2,四川,公办,0,0
广西,2025,物理类,本科批,11552,四川旅游学院,（100）,首选物理，再选化学,483,68698,,,4,四川,公办,0,0
广西,2025,物理类,本科批,11556,文山学院,（102）,首选物理，再选化学,447,99362,,,5,云南,公办,0,0
广西,2025,物理类,本科批,11600,湖北经济学院,（102）,首选物理，再选不限,472,50340,,,0,湖北,公办,0,0
广西,2025,物理类,本科批,11600,湖北经济学院,（103）,首选物理，再选化学,493,51016,,,0,湖北,公办,0,0
广西,2025,物理类,本科批,11607,北部湾大学,,首选物理，再选不限,443,78438,,,0,广西,公办,0,0
广西,2025,物理类,本科批,11607,北部湾大学,,首选物理，再选化学,453,60270,,,0,广西,公办,0,0
广西,2025,物理类,本科批,11607,北部湾大学,,首选物理，再选地理,470,70277,,,0,广西,公办,0,0
广西,2025,物理类,本科批,11629,北华航天工业学院,（102）,首选物理，再选化学,489,55260,,,17,河北,公办,0,0
广西,2025,物理类,本科批,11632,沈阳工程学院,（104）,首选物理，再选不限,443,102972,,,0,辽宁,公办,0,0
广西,2025,物理类,本科批,11632,沈阳工程学院,,首选物理，再选化学,459,25474,,,0,辽宁,公办,0,0
广西,2025,物理类,本科批,11646,宁波大学,,首选物理，再选不限,560,16755,,,0,浙江,公办,0,0
广西,2025,物理类,本科批,11646,宁波大学,（100）,首选物理，再选化学,510,10896,,,0,浙江,公办,0,0
广西,2025,物理类,本科批,11647,浙江传媒学院,,首选物理，再选不限,525,22932,,,0,浙江,公办,0,0
广西,2025,物理类,本科批,11647,浙江传媒学院,,首选物理，再选化学,502,14420,,,0,浙江,公办,0,0
广西,2025,物理类,本科批,11653,南阳理工学院,（101）,首选物理，再选不限,438,107684,,,7,河南,公办,0,0
广西,2025,物理类,本科批,11653,南阳理工学院,,首选物理，再选化学,446,74272,,,66,河南,公办,0,0
广西,2025,物理类,本科批,11653,南阳理工学院,（106）,首选物理，再选化学、生物(2科必选),447,99362,,,5,河南,公办,0,0
广西,2025,物理类,本科批,11654,武汉商学院,（102）,首选物理，再选不限,483,56684,,,0,湖北,公办,0,0
广西,2025,物理类,本科批,11654,武汉商学院,（103）,首选物理，再选化学,481,66326,,,0,湖北,公办,0,0
广西,2025,物理类,本科批,11656,广东石油化工学院,,首选物理，再选化学,500,29236,,,39,广东,公办,0,0
广西,2025,物理类,本科批,11658,海南师范大学,（105）,首选物理，再选不限,490,46925,,,25,海南,公办,0,0
广西,2025,物理类,本科批,11658,海南师范大学,（107）,首选物理，再选化学,453,51696,,,25,海南,公办,0,0
广西,2025,物理类,本科批,11658,海南师范大学,（108）,首选物理，再选化学、生物(2科必选),527,37907,,,3,海南,公办,0,0
广西,2025,物理类,本科批,11658,海南师范大学,（106）,首选物理，再选地理,526,38495,,,2,海南,公办,0,0
广西,2025,物理类,本科批,11660,重庆理工大学,,首选物理，再选化学,537,18442,,,39,重庆,公办,0,0
广西,2025,物理类,本科批,11664,西安邮电大学,（102）,首选物理，再选不限,550,22932,,,0,陕西,公办,0,0
广西,2025,物理类,本科批,11664,西安邮电大学,,首选物理，再选化学,522,12229,,,0,陕西,公办,0,0
广西,2025,物理类,本科批,11688,山东工商学院,,首选物理，再选不限,440,74272,,,0,山东,公办,0,0
广西,2025,物理类,本科批,11688,山东工商学院,（102）,首选物理，再选化学,451,82643,,,0,山东,公办,0,0
广西,2025,物理类,本科批,11709,呼和浩特民族学院,（115）,首选物理，再选不限,421,124396,,,1,内蒙古,公办,0,0
广西,2025,物理类,本科批,11709,呼和浩特民族学院,,首选物理，再选化学,418,113460,,,8,内蒙古,公办,0,0
广西,2025,物理类,本科批,11726,长春大学,,首选物理，再选不限,410,98500,,,35,吉林,公办,0,0
广西,2025,物理类,本科批,11726,长春大学,,首选物理，再选化学,435,53826,,,46,吉林,公办,0,0
广西,2025,物理类,本科批,11736,西安航空学院,,首选物理，再选化学,415,50340,,,0,陕西,公办,0,0
广西,2025,物理类,本科批,11765,河南城建学院,（101）,首选物理，再选不限,420,124396,,,10,河南,公办,0,0
广西,2025,物理类,本科批,11765,河南城建学院,（100）,首选物理，再选化学,426,104882,,,46,河南,公办,0,0
广西,2025,物理类,本科批,11775,防灾科技学院,（103）,首选物理，再选不限,429,76718,,,0,河北,公办,0,0
广西,2025,物理类,本科批,11775,防灾科技学院,（105）,首选物理，再选化学,448,67927,,,0,河北,公办,0,0
广西,2025,物理类,本科批,11775,防灾科技学院,（104）,首选物理，再选地理,468,80975,,,0,河北,公办,0,0
广西,2025,物理类,本科批,11779,辽东学院,,首选物理，再选不限,412,121394,,,0,辽宁,公办,0,0
广西,2025,物理类,本科批,11779,辽东学院,（103）,首选物理，再选化学,419,112512,,,0,辽宁,公办,0,0
广西,2025,物理类,本科批,11799,重庆工商大学,（100）,首选物理，再选不限,511,22561,,,0,重庆,公办,0,0
广西,2025,物理类,本科批,11799,重庆工商大学,（101）,首选物理，再选化学,529,27616,,,0,重庆,公办,0,0
广西,2025,物理类,本科批,11799,重庆工商大学,（104）,首选物理，再选生物,466,81901,,,0,重庆,公办,0,0
广西,2025,物理类,本科批,11810,海南医科大学,（103）,首选物理，再选不限,525,31969,,,6,海南,公办,0,0
广西,2025,物理类,本科批,11810,海南医科大学,,首选物理，再选化学,460,18442,,,79,海南,公办,0,0
广西,2025,物理类,本科批,11825,桂林航天工业学院,,首选物理，再选不限,427,104882,,,0,广西,公办,0,0
广西,2025,物理类,本科批,11825,桂林航天工业学院,,首选物理，再选化学,419,65543,,,0,广西,公办,0,0
广西,2025,物理类,本科批,11833,上海杉达学院,,首选物理，再选不限,344,121394,,,0,上海,民办,0,0
广西,2025,物理类,本科批,11833,上海杉达学院,（103）,首选物理，再选化学,338,168584,,,0,上海,民办,0,0
广西,2025,物理类,本科批,11835,上海政法学院,,首选物理，再选不限,536,10571,,,0,上海,公办,0,0
广西,2025,物理类,本科批,11837,桂林旅游学院,,首选物理，再选不限,416,103930,,,0,广西,公办,0,0
广西,2025,物理类,本科批,11837,桂林旅游学院,,首选物理，再选化学,418,114421,,,0,广西,公办,0,0
广西,2025,物理类,本科批,11837,桂林旅游学院,,首选物理，再选地理,415,119410,,,0,广西,公办,0,0
广西,2025,物理类,本科批,11837,桂林旅游学院,,首选物理，再选生物,418,124396,,,0,广西,公办,0,0
广西,2025,物理类,本科批,11838,贺州学院,,首选物理，再选不限,425,77563,,,651,广西,公办,0,0
广西,2025,物理类,本科批,11838,贺州学院,,首选物理，再选化学,424,68698,,,2185,广西,公办,0,0
广西,2025,物理类,本科批,11842,浙江树人学院,（103）,首选物理，再选不限,370,104882,,,17,浙江,民办,0,0
广西,2025,物理类,本科批,11842,浙江树人学院,（104）,首选物理，再选化学,371,118417,,,50,浙江,民办,0,0
广西,2025,物理类,本科批,11842,浙江树人学院,（105）,首选物理，再选生物,380,165558,,,5,浙江,民办,0,0
广西,2025,物理类,本科批,11843,九江学院,（103）,首选物理，再选不限,430,113460,,,0,江西,公办,0,0
广西,2025,物理类,本科批,11843,九江学院,（104）,首选物理，再选化学,427,77563,,,0,江西,公办,0,0
广西,2025,物理类,本科批,11845,广东工业大学,（111）,首选物理，再选不限,564,15522,,,8,广东,公办,0,0
广西,2025,物理类,本科批,11845,广东工业大学,,首选物理，再选化学,546,5136,,,60,广东,公办,0,0
广西,2025,物理类,本科批,11847,佛山大学,,首选物理，再选不限,495,52406,,,10,广东,公办,0,0
广西,2025,物理类,本科批,11847,佛山大学,,首选物理，再选化学,501,40405,,,25,广东,公办,0,0
广西,2025,物理类,本科批,11937,四川警察学院,（102）,首选物理，再选不限,518,43675,,,0,四川,公办,0,0
广西,2025,物理类,本科批,12026,大连民族大学,,首选物理，再选不限,447,44919,,,0,辽宁,公办,0,0
广西,2025,物理类,本科批,12026,大连民族大学,,首选物理，再选化学,459,44919,,,0,辽宁,公办,0,0
广西,2025,物理类,本科批,12026,大连民族大学,（104）,首选物理，再选化学、生物(2科必选),448,80130,,,0,辽宁,公办,0,0
广西,2025,物理类,本科批,12044,上海第二工业大学,（103）,首选物理，再选不限,502,51696,,,0,上海,公办,0,0
广西,2025,物理类,本科批,12044,上海第二工业大学,,首选物理，再选化学,490,37907,,,0,上海,公办,0,0
广西,2025,物理类,本科批,12048,南京特殊教育师范学院,,首选物理，再选不限,434,64741,,,40,江苏,公办,0,0
广西,2025,物理类,本科批,12048,南京特殊教育师范学院,（104）,首选物理，再选化学,439,102972,,,38,江苏,公办,0,0
广西,2025,物理类,本科批,12050,上海商学院,,首选物理，再选不限,478,40405,,,0,上海,公办,0,0
广西,2025,物理类,本科批,12050,上海商学院,（103）,首选物理，再选化学,485,60976,,,0,上海,公办,0,0
广西,2025,物理类,本科批,12121,南方医科大学,（101）,首选物理，再选化学,567,3658,,,0,广东,公办,0,0
广西,2025,物理类,本科批,12308,海口经济学院,（109）,首选物理，再选化学,377,168584,,,0,海南,民办,0,0
广西,2025,物理类,本科批,12331,山东女子学院,,首选物理，再选不限,420,103930,,,3,山东,公办,0,0
广西,2025,物理类,本科批,12331,山东女子学院,,首选物理，再选化学,429,96667,,,8,山东,公办,0,0
广西,2025,物理类,本科批,12453,中国劳动关系学院,（103）,首选物理，再选不限,477,42339,,,0,北京,公办,0,0
广西,2025,物理类,本科批,12453,中国劳动关系学院,（104）,首选物理，再选化学,483,59559,,,0,北京,公办,0,0
广西,2025,物理类,本科批,12574,广东东软学院,（101）,首选物理，再选化学,380,152659,,,0,广东,民办,0,0
广西,2025,物理类,本科批,12608,重庆工程学院,,首选物理，再选不限,380,144483,,,0,重庆,民办,0,0
广西,2025,物理类,本科批,12608,重庆工程学院,,首选物理，再选化学,377,133471,,,0,重庆,民办,0,0
广西,2025,物理类,本科批,12618,广州软件学院,,首选物理，再选化学,407,123398,,,0,广东,民办,0,0
广西,2025,物理类,本科批,12636,成都东软学院,（101）,首选物理，再选化学,428,113460,,,0,四川,民办,0,0
广西,2025,物理类,本科批,12689,东南大学成贤学院,（101）,首选物理，再选不限,393,128358,,,0,江苏,民办,0,0
广西,2025,物理类,本科批,12689,东南大学成贤学院,（102）,首选物理，再选化学,396,112512,,,0,江苏,民办,0,0
广西,2025,物理类,本科批,12715,西京学院,,首选物理，再选不限,370,153683,,,13,陕西,民办,0,0
广西,2025,物理类,本科批,12715,西京学院,,首选物理，再选化学,370,130327,,,29,陕西,民办,0,0
广西,2025,物理类,本科批,12715,西京学院,（107）,首选物理，再选生物,378,167581,,,2,陕西,民办,0,0
广西,2025,物理类,本科批,12729,齐齐哈尔工程学院,（100）,首选物理，再选不限,337,161617,,,14,黑龙江,民办,0,0
广西,2025,物理类,本科批,12729,齐齐哈尔工程学院,（101）,首选物理，再选化学,331,152659,,,36,黑龙江,民办,0,0
广西,2025,物理类,本科批,12729,齐齐哈尔工程学院,（102）,首选物理，再选生物,332,159567,,,22,黑龙江,民办,0,0
广西,2025,物理类,本科批,12861,浙江机电职业技术大学,（103）,首选物理，再选不限,458,65543,,,0,浙江,公办,0,0
广西,2025,物理类,本科批,13023,杭州医学院,,首选物理，再选化学,466,57392,,,120,浙江,公办,0,0
广西,2025,物理类,本科批,13115,厦门工学院,（102）,首选物理，再选不限,333,148586,,,12,福建,民办,0,0
广西,2025,物理类,本科批,13115,厦门工学院,（101）,首选物理，再选化学,336,133471,,,24,福建,民办,0,0
广西,2025,物理类,本科批,13161,长春职业技术大学,（101）,首选物理，再选化学,420,121394,,,0,吉林,公办,0,0
广西,2025,物理类,本科批,13161,长春职业技术大学,（102）,首选物理，再选化学、生物(2科必选),404,141414,,,0,吉林,公办,0,0
广西,2025,物理类,本科批,13198,大连理工大学城市学院,（152）,首选物理，再选不限,340,175380,,,5,辽宁,民办,0,0
广西,2025,物理类,本科批,13198,大连理工大学城市学院,（151）,首选物理，再选化学,342,157602,,,16,辽宁,民办,0,0
广西,2025,物理类,本科批,13207,大连科技学院,（101）,首选物理，再选化学,370,158594,,,0,辽宁,民办,0,0
广西,2025,物理类,本科批,13212,大连医科大学中山学院,,首选物理，再选化学,371,49642,,,42,辽宁,民办,0,0
广西,2025,物理类,本科批,13239,武汉工程大学邮电与信息工程学院,（102）,首选物理，再选不限,376,158594,,,0,湖北,民办,0,0
广西,2025,物理类,本科批,13239,武汉工程大学邮电与信息工程学院,（101）,首选物理，再选化学,385,130327,,,0,湖北,民办,0,0
广西,2025,物理类,本科批,13242,武汉工商学院,（103）,首选物理，再选不限,394,80975,,,0,湖北,民办,0,0
广西,2025,物理类,本科批,13242,武汉工商学院,（102）,首选物理，再选化学,398,135457,,,0,湖北,民办,0,0
广西,2025,物理类,本科批,13275,浙江工业大学之江学院,（104）,首选物理，再选不限,393,128358,,,22,浙江,民办,0,0
广西,2025,物理类,本科批,13275,浙江工业大学之江学院,（105）,首选物理，再选化学,389,125394,,,33,浙江,民办,0,0
广西,2025,物理类,本科批,13277,宁波大学科学技术学院,（101）,首选物理，再选不限,370,121394,,,0,浙江,民办,0,0
广西,2025,物理类,本科批,13277,宁波大学科学技术学院,（102）,首选物理，再选化学,370,143459,,,0,浙江,民办,0,0
广西,2025,物理类,本科批,13279,杭州电子科技大学信息工程学院,（102）,首选物理，再选不限,405,140399,,,0,浙江,民办,0,0
广西,2025,物理类,本科批,13279,杭州电子科技大学信息工程学院,（101）,首选物理，再选化学,409,129363,,,0,浙江,民办,0,0
广西,2025,物理类,本科批,13280,浙江理工大学科技与艺术学院,（100）,首选物理，再选不限,370,142407,,,77,浙江,民办,0,0
广西,2025,物理类,本科批,13280,浙江理工大学科技与艺术学院,（101）,首选物理，再选化学,372,154694,,,28,浙江,民办,0,0
广西,2025,物理类,本科批,13283,浙江农林大学暨阳学院,（107）,首选物理，再选不限,370,171533,,,0,浙江,民办,0,0
广西,2025,物理类,本科批,13283,浙江农林大学暨阳学院,,首选物理，再选化学,370,148586,,,0,浙江,民办,0,0
广西,2025,物理类,本科批,13283,浙江农林大学暨阳学院,（104）,首选物理，再选地理,374,171533,,,0,浙江,民办,0,0
广西,2025,物理类,本科批,13283,浙江农林大学暨阳学院,（102）,首选物理，再选生物,374,171533,,,0,浙江,民办,0,0
广西,2025,物理类,本科批,13284,温州医科大学仁济学院,（105）,首选物理，再选不限,404,141414,,,5,浙江,民办,0,0
广西,2025,物理类,本科批,13284,温州医科大学仁济学院,,首选物理，再选化学,384,71917,,,53,浙江,民办,0,0
广西,2025,物理类,本科批,13287,湖州学院,（101）,首选物理，再选化学,487,55260,,,87,浙江,公办,0,0
广西,2025,物理类,本科批,13289,温州理工学院,（102）,首选物理，再选不限,493,55260,,,0,浙江,公办,0,0
广西,2025,物理类,本科批,13289,温州理工学院,（103）,首选物理，再选化学,506,41650,,,0,浙江,公办,0,0
广西,2025,物理类,本科批,13290,浙江工商大学杭州商学院,,首选物理，再选不限,384,135457,,,51,浙江,民办,0,0
广西,2025,物理类,本科批,13290,浙江工商大学杭州商学院,（104）,首选物理，再选化学,385,152659,,,13,浙江,民办,0,0
广西,2025,物理类,本科批,13291,嘉兴南湖学院,（100）,首选物理，再选不限,495,46925,,,0,浙江,公办,0,0
广西,2025,物理类,本科批,13291,嘉兴南湖学院,（101）,首选物理，再选化学,487,54559,,,0,浙江,公办,0,0
广西,2025,物理类,本科批,13294,浙江财经大学东方学院,,首选物理，再选不限,380,118417,,,53,浙江,民办,0,0
广西,2025,物理类,本科批,13294,浙江财经大学东方学院,（153）,首选物理，再选化学,383,150631,,,9,浙江,民办,0,0
广西,2025,物理类,本科批,13326,滇池学院,（102）,首选物理，再选不限,373,122379,,,5,云南,民办,0,0
广西,2025,物理类,本科批,13326,滇池学院,（103）,首选物理，再选化学,393,152659,,,4,云南,民办,0,0
广西,2025,物理类,本科批,13330,昆明城市学院,（101）,首选物理，再选不限,377,149600,,,21,云南,民办,0,0
广西,2025,物理类,本科批,13330,昆明城市学院,（105）,首选物理，再选化学,390,149600,,,4,云南,民办,0,0
广西,2025,物理类,本科批,13332,昆明医科大学海源学院,（101）,首选物理，再选化学,414,97579,,,0,云南,民办,0,0
广西,2025,物理类,本科批,13386,山东石油化工学院,（102）,首选物理，再选化学,466,75924,,,9,山东,公办,0,0
广西,2025,物理类,本科批,13431,南昌交通学院,（102）,首选物理，再选化学,399,123398,,,0,江西,民办,0,0
广西,2025,物理类,本科批,13434,赣南科技学院,（102）,首选物理，再选不限,441,104882,,,0,江西,公办,0,0
广西,2025,物理类,本科批,13434,赣南科技学院,（103）,首选物理，再选化学,432,69455,,,0,江西,公办,0,0
广西,2025,物理类,本科批,13437,南昌医学院,,首选物理，再选化学,500,21097,,,0,江西,公办,0,0
广西,2025,物理类,本科批,13437,南昌医学院,（108）,首选物理，再选生物,521,41650,,,0,江西,公办,0,0
广西,2025,物理类,本科批,13469,厦门大学嘉庚学院,,首选物理，再选不限,403,78437,,,38,福建,民办,0,0
广西,2025,物理类,本科批,13469,厦门大学嘉庚学院,（105）,首选物理，再选化学,415,90330,,,43,福建,民办,0,0
广西,2025,物理类,本科批,13470,福州大学至诚学院,（102）,首选物理，再选不限,401,141414,,,4,福建,民办,0,0
广西,2025,物理类,本科批,13470,福州大学至诚学院,（101）,首选物理，再选化学,391,130327,,,18,福建,民办,0,0
广西,2025,物理类,本科批,13500,商丘工学院,（100）,首选物理，再选化学,402,140399,,,10,河南,民办,0,0
广西,2025,物理类,本科批,13548,重庆人文科技学院,（153）,首选物理，再选不限,403,142407,,,0,重庆,民办,0,0
广西,2025,物理类,本科批,13548,重庆人文科技学院,,首选物理，再选化学,407,135457,,,0,重庆,民办,0,0
广西,2025,物理类,本科批,13561,新疆科技学院,（104）,首选物理，再选不限,415,127365,,,0,新疆,公办,0,0
广西,2025,物理类,本科批,13561,新疆科技学院,（102）,首选物理，再选化学,416,123398,,,0,新疆,公办,0,0
广西,2025,物理类,本科批,13561,新疆科技学院,（103）,首选物理，再选化学、生物(2科必选),413,132435,,,0,新疆,公办,0,0
广西,2025,物理类,本科批,13569,西安交通工程学院,（101）,首选物理，再选化学,354,122379,,,0,陕西,民办,0,0
广西,2025,物理类,本科批,13588,重庆外语外事学院,（102）,首选物理，再选不限,396,125394,,,0,重庆,民办,0,0
广西,2025,物理类,本科批,13588,重庆外语外事学院,（103）,首选物理，再选化学,390,147532,,,0,重庆,民办,0,0
广西,2025,物理类,本科批,13590,重庆财经学院,（102）,首选物理，再选不限,417,107684,,,0,重庆,民办,0,0
广西,2025,物理类,本科批,13590,重庆财经学院,（103）,首选物理，再选化学,409,113460,,,0,重庆,民办,0,0
广西,2025,物理类,本科批,13593,石家庄铁道大学四方学院,（101）,首选物理，再选不限,417,128358,,,2,河北,民办,0,0
广西,2025,物理类,本科批,13593,石家庄铁道大学四方学院,,首选物理，再选化学,435,106767,,,6,河北,民办,0,0
广西,2025,物理类,本科批,13600,长春光华学院,（102）,首选物理，再选不限,336,206024,,,0,吉林,民办,0,0
广西,2025,物理类,本科批,13600,长春光华学院,（103）,首选物理，再选化学,337,205225,,,0,吉林,民办,0,0
广西,2025,物理类,本科批,13605,长春建筑学院,（102）,首选物理，再选不限,335,183887,,,0,吉林,民办,0,0
广西,2025,物理类,本科批,13605,长春建筑学院,（101）,首选物理，再选化学,354,168584,,,0,吉林,民办,0,0
广西,2025,物理类,本科批,13606,长春科技学院,（102）,首选物理，再选不限,364,181004,,,0,吉林,民办,0,0
广西,2025,物理类,本科批,13606,长春科技学院,（101）,首选物理，再选化学,341,184797,,,0,吉林,民办,0,0
广西,2025,物理类,本科批,13627,重庆移通学院,（122）,首选物理，再选不限,403,137474,,,0,重庆,民办,0,0
广西,2025,物理类,本科批,13627,重庆移通学院,,首选物理，再选化学,387,63973,,,0,重庆,民办,0,0
广西,2025,物理类,本科批,13631,大连东软信息学院,（103）,首选物理，再选化学,347,153683,,,0,辽宁,民办,0,0
广西,2025,物理类,本科批,13637,温州商学院,（101）,首选物理，再选不限,366,153683,,,7,浙江,民办,0,0
广西,2025,物理类,本科批,13637,温州商学院,（102）,首选物理，再选化学,370,165558,,,6,浙江,民办,0,0
广西,2025,物理类,本科批,13639,柳州工学院,（103）,首选物理，再选不限,370,137473,,,0,广西,民办,0,0
广西,2025,物理类,本科批,13639,柳州工学院,（101）,首选物理，再选化学,370,128358,,,0,广西,民办,0,0
广西,2025,物理类,本科批,13639,柳州工学院,（105）,首选物理，再选思想政治,373,155661,,,0,广西,民办,0,0
广西,2025,物理类,本科批,13641,桂林学院,（151）,首选物理，再选不限,391,136424,,,263,广西,民办,0,0
广西,2025,物理类,本科批,13641,桂林学院,（181）,首选物理，再选化学,394,138410,,,270,广西,民办,0,0
广西,2025,物理类,本科批,13643,广西中医药大学赛恩斯新医药学院,（101）,首选物理，再选不限,430,112513,,,0,广西,民办,0,0
广西,2025,物理类,本科批,13643,广西中医药大学赛恩斯新医药学院,（102）,首选物理，再选化学,416,122380,,,0,广西,民办,0,0
广西,2025,物理类,本科批,13643,广西中医药大学赛恩斯新医药学院,（103）,首选物理，再选生物,413,131422,,,0,广西,民办,0,0
广西,2025,物理类,本科批,13647,贵州中医药大学时珍学院,（101）,首选物理，再选化学,424,120389,,,0,贵州,民办,0,0
广西,2025,物理类,本科批,13658,天津外国语大学滨海外事学院,（102）,首选物理，再选不限,382,131421,,,0,天津,民办,0,0
广西,2025,物理类,本科批,13660,天津商业大学宝德学院,,首选物理，再选不限,372,138410,,,0,天津,民办,0,0
广西,2025,物理类,本科批,13661,天津医科大学临床医学院,,首选物理，再选不限,373,130327,,,0,天津,民办,0,0
广西,2025,物理类,本科批,13661,天津医科大学临床医学院,,首选物理，再选化学,373,139395,,,0,天津,民办,0,0
广西,2025,物理类,本科批,13661,天津医科大学临床医学院,,首选物理，再选化学、生物(2科必选),475,59559,,,0,天津,民办,0,0
广西,2025,物理类,本科批,13662,长春人文学院,（102）,首选物理，再选不限,354,152823,,,0,吉林,民办,0,0
广西,2025,物理类,本科批,13662,长春人文学院,（103）,首选物理，再选化学,342,166683,,,0,吉林,民办,0,0
广西,2025,物理类,本科批,13666,武汉华夏理工学院,（102）,首选物理，再选不限,364,173517,,,0,湖北,民办,0,0
广西,2025,物理类,本科批,13666,武汉华夏理工学院,（101）,首选物理，再选化学,388,149600,,,0,湖北,民办,0,0
广西,2025,物理类,本科批,13670,成都银杏酒店管理学院,（103）,首选物理，再选不限,383,149600,,,0,四川,民办,0,0
广西,2025,物理类,本科批,13670,成都银杏酒店管理学院,（101）,首选物理，再选生物,385,160595,,,0,四川,民办,0,0
广西,2025,物理类,本科批,13687,南京传媒学院,（121）,首选物理，再选不限,447,99362,,,0,江苏,民办,0,0
广西,2025,物理类,本科批,13706,吉林医药学院,（103）,首选物理，再选不限,432,113460,,,0,吉林,公办,0,0
广西,2025,物理类,本科批,13706,吉林医药学院,（102）,首选物理，再选化学,422,95726,,,0,吉林,公办,0,0
广西,2025,物理类,本科批,13706,吉林医药学院,,首选物理，再选化学、生物(2科必选),410,66326,,,0,吉林,公办,0,0
广西,2025,物理类,本科批,13744,黑河学院,（103）,首选物理，再选不限,415,127365,,,0,黑龙江,公办,0,0
广西,2025,物理类,本科批,13744,黑河学院,（105）,首选物理，再选化学,414,126377,,,0,黑龙江,公办,0,0
广西,2025,物理类,本科批,13763,福建江夏学院,（101）,首选物理，再选不限,454,55260,,,0,福建,公办,0,0
广西,2025,物理类,本科批,13763,福建江夏学院,（102）,首选物理，再选化学,475,63972,,,0,福建,公办,0,0
广西,2025,物理类,本科批,13810,肇庆医学院,,首选物理，再选化学,456,49642,,,10,广东,公办,0,0
广西,2025,物理类,本科批,13811,琼台师范学院,,首选物理，再选不限,410,93925,,,0,海南,公办,0,0
广西,2025,物理类,本科批,13811,琼台师范学院,（106）,首选物理，再选化学,439,98500,,,0,海南,公办,0,0
广西,2025,物理类,本科批,13843,南京师范大学泰州学院,（101）,首选物理，再选化学,378,153683,,,0,江苏,民办,0,0
广西,2025,物理类,本科批,13894,西安明德理工学院,（102）,首选物理，再选化学,342,138410,,,0,陕西,民办,0,0
广西,2025,物理类,本科批,13903,成都锦城学院,（102）,首选物理，再选不限,413,125394,,,0,四川,民办,0,0
广西,2025,物理类,本科批,13903,成都锦城学院,（103）,首选物理，再选化学,417,123398,,,0,四川,民办,0,0
广西,2025,物理类,本科批,13937,湖南汽车工程职业大学,（100）,首选物理，再选不限,435,102972,,,0,湖南,公办,0,0
广西,2025,物理类,本科批,13983,苏州城市学院,（102）,首选物理，再选化学,495,46925,,,34,江苏,公办,0,0
广西,2025,物理类,本科批,13984,苏州大学应用技术学院,（102）,首选物理，再选不限,376,153683,,,24,江苏,民办,0,0
广西,2025,物理类,本科批,13984,苏州大学应用技术学院,（101）,首选物理，再选化学,409,127365,,,16,江苏,民办,0,0
广西,2025,物理类,本科批,13990,南京财经大学红山学院,（101）,首选物理，再选不限,386,147532,,,0,江苏,民办,0,0
广西,2025,物理类,本科批,14037,西南财经大学天府学院,,首选物理，再选不限,397,135457,,,0,四川,民办,0,0
广西,2025,物理类,本科批,14037,西南财经大学天府学院,,首选物理，再选化学,408,134467,,,0,四川,民办,0,0
广西,2025,物理类,本科批,14099,湖北第二师范学院,（151）,首选物理，再选不限,475,73483,,,0,湖北,公办,0,0
广西,2025,物理类,本科批,14099,湖北第二师范学院,（152）,首选物理，再选化学,474,65543,,,0,湖北,公办,0,0
广西,2025,物理类,本科批,14100,山东政法学院,（102）,首选物理，再选不限,528,35483,,,0,山东,公办,0,0
广西,2025,物理类,本科批,14100,山东政法学院,（103）,首选物理，再选化学,497,57392,,,0,山东,公办,0,0
广西,2025,物理类,本科批,14101,太原工业学院,（101）,首选物理，再选不限,411,134467,,,2,山西,公办,0,0
广西,2025,物理类,本科批,14101,太原工业学院,（105）,首选物理，再选化学,464,80130,,,7,山西,公办,0,0
广西,2025,物理类,本科批,14160,宿迁学院,（101）,首选物理，再选不限,460,86891,,,0,江苏,公办,0,0
广西,2025,物理类,本科批,14160,宿迁学院,（102）,首选物理，再选化学,466,72682,,,0,江苏,公办,0,0
广西,2025,物理类,本科批,14199,内蒙古大学创业学院,（102）,首选物理，再选不限,371,133471,,,8,内蒙古,民办,0,0
广西,2025,物理类,本科批,14199,内蒙古大学创业学院,（103）,首选物理，再选化学,380,129363,,,16,内蒙古,民办,0,0
广西,2025,物理类,本科批,14205,内蒙古鸿德文理学院,（101）,首选物理，再选不限,373,159567,,,0,内蒙古,民办,0,0
广西,2025,物理类,本科批,14262,西南交通大学希望学院,（101）,首选物理，再选不限,402,143459,,,0,四川,民办,0,0
广西,2025,物理类,本科批,14262,西南交通大学希望学院,（100）,首选物理，再选化学,413,114421,,,0,四川,民办,0,0
广西,2025,物理类,本科批,14275,浙江外国语学院,（102）,首选物理，再选不限,499,46223,,,22,浙江,公办,0,0
广西,2025,物理类,本科批,14275,浙江外国语学院,（105）,首选物理，再选化学,489,52406,,,10,浙江,公办,0,0
广西,2025,物理类,本科批,14388,重庆第二师范学院,,首选物理，再选不限,470,50341,,,0,重庆,公办,0,0
广西,2025,物理类,本科批,14388,重庆第二师范学院,,首选物理，再选化学,472,60977,,,0,重庆,公办,0,0
广西,2025,物理类,本科批,14388,重庆第二师范学院,（151）,首选物理，再选思想政治,513,46224,,,0,重庆,公办,0,0
广西,2025,物理类,本科批,14389,成都师范学院,,首选物理，再选不限,491,44269,,,0,四川,公办,0,0
广西,2025,物理类,本科批,14389,成都师范学院,,首选物理，再选化学,486,55260,,,0,四川,公办,0,0
广西,2025,物理类,本科批,14390,陕西学前师范学院,（121）,首选物理，再选不限,387,133471,,,0,陕西,公办,0,0
广西,2025,物理类,本科批,14390,陕西学前师范学院,（122）,首选物理，再选化学,413,122379,,,0,陕西,公办,0,0
广西,2025,物理类,本科批,14432,河北中医药大学,（101）,首选物理，再选不限,516,32585,,,0,河北,公办,0,0
广西,2025,物理类,本科批,14432,河北中医药大学,,首选物理，再选化学,478,52406,,,0,河北,公办,0,0
广西,2025,物理类,本科批,14435,营口理工学院,,首选物理，再选不限,420,116423,,,14,辽宁,公办,0,0
广西,2025,物理类,本科批,14435,营口理工学院,（102）,首选物理，再选化学,419,107684,,,67,辽宁,公办,0,0
广西,2025,物理类,本科批,14436,江苏第二师范学院,（103）,首选物理，再选化学,464,66326,,,14,江苏,公办,0,0
广西,2025,物理类,本科批,14436,江苏第二师范学院,（104）,首选物理，再选地理,477,64741,,,11,江苏,公办,0,0
广西,2025,物理类,本科批,14440,贵州理工学院,,首选物理，再选化学,464,53125,,,10,贵州,公办,0,0
广西,2025,物理类,本科批,14458,张家口学院,（102）,首选物理，再选化学,413,131574,,,10,河北,公办,0,0
广西,2025,物理类,本科批,14527,山西工程技术学院,（102）,首选物理，再选不限,422,92968,,,0,山西,公办,0,0
广西,2025,物理类,本科批,14527,山西工程技术学院,（100）,首选物理，再选化学,417,81798,,,0,山西,公办,0,0
广西,2025,物理类,本科批,14625,茅台学院,,首选物理，再选不限,420,118417,,,0,贵州,民办,0,0
广西,2025,物理类,本科批,14625,茅台学院,（151）,首选物理，再选化学,458,89435,,,0,贵州,民办,0,0
广西,2025,物理类,本科批,14655,深圳技术大学,,首选物理，再选化学,584,4951,,,24,广东,公办,0,0
广西,2025,物理类,本科批,14830,重庆中医药学院,（100）,首选物理，再选不限,538,27014,,,0,重庆,公办,0,0
广西,2025,物理类,本科批,14830,重庆中医药学院,（101）,首选物理，再选化学,496,58830,,,0,重庆,公办,0,0
广西,2025,物理类,本科批,16203,河北科技工程职业技术大学,（102）,首选物理，再选不限,421,114421,,,0,河北,公办,0,0
广西,2025,物理类,本科批,16203,河北科技工程职业技术大学,（103）,首选物理，再选化学,406,139395,,,0,河北,公办,0,0
广西,2025,物理类,本科批,16207,浙江药科职业大学,,首选物理，再选不限,447,88560,,,0,浙江,公办,0,0
广西,2025,物理类,本科批,16208,兰州资源环境职业技术大学,（100）,首选物理，再选不限,434,107684,,,0,甘肃,公办,0,0
广西,2025,物理类,本科批,16302,西交利物浦大学,（303）,首选物理，再选不限,515,45575,,,0,江苏,中外合作办学,0,0
广西,2025,物理类,本科批,16302,西交利物浦大学,（304）,首选物理，再选化学,518,43675,,,0,江苏,中外合作办学,0,0
广西,2025,物理类,本科批,18213,哈尔滨工业大学（深圳）,,首选物理，再选化学,621,489,,,0,广东,公办,1,1
广西,2025,物理类,本科批,19001,北京大学医学部,,首选物理，再选化学,621,139,,,0,北京,公办,1,1
广西,2025,物理类,本科批,19213,哈尔滨工业大学（威海）,,首选物理，再选化学,610,1524,,,0,山东,公办,1,1
广西,2025,物理类,本科批,19359,合肥工业大学,,首选物理，再选不限,532,18034,,,0,安徽,公办,0,1
广西,2025,物理类,本科批,19359,合肥工业大学,,首选物理，再选化学,543,4541,,,0,安徽,公办,0,1
广西,2025,物理类,本科批,19359,合肥工业大学（宣城校区）,（502）,首选物理，再选不限,528,37290,,,0,安徽,公办,0,1
广西,2025,物理类,本科批,19359,合肥工业大学（宣城校区）,,首选物理，再选化学,549,8729,,,0,安徽,公办,0,1
广西,2025,物理类,本科批,19414,中国石油大学（北京）克拉玛依校区,（101）,首选物理，再选化学,538,19311,,,0,新疆,公办,0,1
广西,2025,物理类,本科批,19422,山东大学（威海）,（152）,首选物理，再选不限,596,7400,,,7,山东,公办,1,1
广西,2025,物理类,本科批,19422,山东大学（威海）,,首选物理，再选化学,576,4541,,,24,山东,公办,1,1
广西,2025,物理类,本科批,51285,江西飞行学院,（151）,首选物理，再选不限,431,95726,,,4,江西,公办,0,0
广西,2025,物理类,本科批,51285,江西飞行学院,（152）,首选物理，再选化学,452,68698,,,14,江西,公办,0,0
广西,2025,物理类,本科批,51721,河北环境工程学院,（151）,首选物理，再选化学,430,112512,,,9,河北,公办,0,0
广西,2025,物理类,本科批,92011,中国人民解放军陆军军医大学,（101）,首选物理，再选化学,535,15934,,,0,重庆,公办,0,0
广西,2025,物理类,本科提前批,10033,中国传媒大学,（112）,首选物理，再选不限,587,9919,,,0,北京,公办,0,1
广西,2025,物理类,本科提前批,10039,中国消防救援学院,,首选物理，再选化学,566,4347,,,0,北京,公办,0,0
广西,2025,物理类,本科提前批,10040,外交学院,（104）,首选物理，再选不限,592,3221,,,0,北京,公办,0,0
广西,2025,物理类,本科提前批,10040,外交学院,（103）,首选物理，再选思想政治,599,6682,,,0,北京,公办,0,0
广西,2025,物理类,本科提前批,10041,中国人民公安大学,,首选物理，再选化学,564,971,,,0,北京,公办,0,0
广西,2025,物理类,本科提前批,10041,中国人民公安大学,,首选物理，再选思想政治,593,3658,,,0,北京,公办,0,0
广西,2025,物理类,本科提前批,10059,中国民航大学,（901）,首选物理，再选化学,545,27533,,,0,天津,公办,0,0
广西,2025,物理类,本科提前批,10151,大连海事大学,（101）,首选物理，再选化学,573,13302,,,0,辽宁,公办,0,1
广西,2025,物理类,本科提前批,10175,中国刑事警察学院,,首选物理，再选化学,588,3363,,,16,辽宁,公办,0,0
广西,2025,物理类,本科提前批,10175,中国刑事警察学院,,首选物理，再选思想政治,588,6442,,,3,辽宁,公办,0,0
广西,2025,物理类,本科提前批,10200,东北师范大学,（412）,首选物理，再选不限,616,3363,,,0,吉林,公办,0,1
广西,2025,物理类,本科提前批,10200,东北师范大学,,首选物理，再选化学,578,5136,,,0,吉林,公办,0,1
广西,2025,物理类,本科提前批,10254,上海海事大学,（101）,首选物理，再选化学,548,23955,,,0,上海,公办,0,0
广西,2025,物理类,本科提前批,10269,华东师范大学,,首选物理，再选化学,592,537,,,0,上海,公办,1,1
广西,2025,物理类,本科提前批,10340,浙江海洋大学,（110）,首选物理，再选化学,520,,,,0,浙江,公办,0,0
广西,2025,物理类,本科提前批,10390,集美大学,,首选物理，再选化学,530,28667,,,40,福建,公办,0,0
广西,2025,物理类,本科提前批,10511,华中师范大学,,首选物理，再选不限,587,3834,,,0,湖北,公办,0,1
广西,2025,物理类,本科提前批,10511,华中师范大学,,首选物理，再选化学,583,2692,,,0,湖北,公办,0,1
广西,2025,物理类,本科提前批,10511,华中师范大学,（448）,首选物理，再选地理,607,4951,,,0,湖北,公办,0,1
广西,2025,物理类,本科提前批,10598,广西医科大学,,首选物理，再选化学,458,22493,,,0,广西,公办,0,0
广西,2025,物理类,本科提前批,10599,右江民族医学院,,首选物理，再选化学,486,62488,,,0,广西,公办,0,0
广西,2025,物理类,本科提前批,10600,广西中医药大学,,首选物理，再选不限,481,6442,,,104,广西,公办,0,0
广西,2025,物理类,本科提前批,10601,桂林医科大学,,首选物理，再选化学,483,13302,,,0,广西,公办,0,0
广西,2025,物理类,本科提前批,10602,广西师范大学,,首选物理，再选不限,532,12953,,,0,广西,公办,0,0
广西,2025,物理类,本科提前批,10602,广西师范大学,,首选物理，再选化学,549,5982,,,0,广西,公办,0,0
广西,2025,物理类,本科提前批,10602,广西师范大学,,首选物理，再选地理,545,14420,,,0,广西,公办,0,0
广西,2025,物理类,本科提前批,10609,百色学院,,首选物理，再选化学,503,33684,,,27,广西,公办,0,0
广西,2025,物理类,本科提前批,10618,重庆交通大学,（104）,首选物理，再选化学,535,28667,,,0,重庆,公办,0,0
广西,2025,物理类,本科提前批,10635,西南大学,（450）,首选物理，再选不限,578,5136,,,0,重庆,公办,0,1
广西,2025,物理类,本科提前批,10635,西南大学,,首选物理，再选化学,585,4541,,,0,重庆,公办,0,1
广西,2025,物理类,本科提前批,10635,西南大学,（452）,首选物理，再选化学、生物(2科必选),610,4347,,,0,重庆,公办,0,1
广西,2025,物理类,本科提前批,10635,西南大学,（451）,首选物理，再选地理,604,5539,,,0,重庆,公办,0,1
广西,2025,物理类,本科提前批,10635,西南大学,（155）,首选物理，再选思想政治,594,7925,,,0,重庆,公办,0,1
广西,2025,物理类,本科提前批,10650,四川外国语大学,（151）,首选物理，再选不限,531,29736,,,0,重庆,公办,0,0
广西,2025,物理类,本科提前批,11100,海南热带海洋学院,（112）,首选物理，再选化学,494,60269,,,0,海南,公办,0,0
广西,2025,物理类,本科提前批,11106,广州航海学院,（101）,首选物理，再选化学,528,37290,,,1,广东,公办,0,0
广西,2025,物理类,本科提前批,11510,山东交通学院,（100）,首选物理，再选化学,498,51696,,,7,山东,公办,0,0
广西,2025,物理类,本科提前批,11546,广西科技师范学院,,首选物理，再选不限,499,35483,,,36,广西,公办,0,0
广西,2025,物理类,本科提前批,11546,广西科技师范学院,,首选物理，再选化学,504,22932,,,45,广西,公办,0,0
广西,2025,物理类,本科提前批,11607,北部湾大学,,首选物理，再选化学,463,21097,,,0,广西,公办,0,0
广西,2025,物理类,本科提前批,11607,北部湾大学,,首选物理，再选地理,517,31969,,,0,广西,公办,0,0
广西,2025,物理类,本科提前批,11838,贺州学院,,首选物理，再选不限,513,35483,,,7,广西,公办,0,0
广西,2025,物理类,本科提前批,11838,贺州学院,（453）,首选物理，再选化学,505,48323,,,20,广西,公办,0,0
广西,2025,物理类,本科提前批,92039,武警警官学院,,首选物理，再选不限,540,15122,,,0,四川,公办,0,0
广西,2025,物理类,本科提前批,92039,武警警官学院,（851）,首选物理，再选化学,570,15934,,,0,四川,公办,0,0
广西,2025,物理类,特殊类型批,10026,北京中医药大学,（601）,首选物理，再选化学,501,55260,,,0,北京,公办,0,1
广西,2025,物理类,特殊类型批,10151,大连海事大学,（602）,首选物理，再选不限,550,24987,,,0,辽宁,公办,0,1
广西,2025,物理类,特殊类型批,10183,吉林大学,（600）,首选物理，再选化学,583,11210,,,0,吉林,公办,1,1
广西,2025,物理类,特殊类型批,10225,东北林业大学,（600）,首选物理，再选化学,547,26494,,,0,黑龙江,公办,0,1
广西,2025,物理类,特殊类型批,10251,华东理工大学,（601）,首选物理，再选化学,497,19311,,,0,上海,公办,0,1
广西,2025,物理类,特殊类型批,10269,华东师范大学,（651）,首选物理，再选化学,574,14420,,,0,上海,公办,1,1
广西,2025,物理类,特殊类型批,10272,上海财经大学,（601）,首选物理，再选化学,608,4759,,,0,上海,公办,0,1
广西,2025,物理类,特殊类型批,10288,南京理工大学,（601）,首选物理，再选化学,585,10571,,,0,江苏,公办,0,1
广西,2025,物理类,特殊类型批,10295,江南大学,（600）,首选物理，再选化学,542,28668,,,1,江苏,公办,0,1
广西,2025,物理类,特殊类型批,10319,南京师范大学,（603）,首选物理，再选不限,551,24488,,,0,江苏,公办,0,1
广西,2025,物理类,特殊类型批,10384,厦门大学,（622）,首选物理，再选不限,602,5982,,,0,福建,公办,1,1
广西,2025,物理类,特殊类型批,10384,厦门大学,（623）,首选物理，再选化学,597,7166,,,0,福建,公办,1,1
广西,2025,物理类,特殊类型批,10422,山东大学,（604）,首选物理，再选化学,587,9919,,,0,山东,公办,1,1
广西,2025,物理类,特殊类型批,10423,中国海洋大学,（601）,首选物理，再选化学,549,25474,,,0,山东,公办,1,1
广西,2025,物理类,特殊类型批,10425,中国石油大学（华东）,（601）,首选物理，再选化学,566,17582,,,0,山东,公办,0,1
广西,2025,物理类,特殊类型批,10491,中国地质大学（武汉）,（601）,首选物理，再选化学,563,18857,,,0,湖北,公办,0,1
广西,2025,物理类,特殊类型批,10511,华中师范大学,（676）,首选物理，再选不限,553,23423,,,0,湖北,公办,0,1
广西,2025,物理类,特殊类型批,10520,中南财经政法大学,（622）,首选物理，再选不限,583,11210,,,0,湖北,公办,0,1
广西,2025,物理类,特殊类型批,10593,广西大学,,首选物理，再选化学,495,9968,,,0,广西,公办,0,1
广西,2025,物理类,特殊类型批,10594,广西科技大学,（758）,首选物理，再选化学,442,103930,,,54,广西,公办,0,0
广西,2025,物理类,特殊类型批,10595,桂林电子科技大学,（758）,首选物理，再选化学,476,74272,,,0,广西,公办,0,0
广西,2025,物理类,特殊类型批,10599,右江民族医学院,（758）,首选物理，再选化学,421,124396,,,0,广西,公办,0,0
广西,2025,物理类,特殊类型批,10600,广西中医药大学,（758）,首选物理，再选化学,437,108657,,,28,广西,公办,0,0
广西,2025,物理类,特殊类型批,10605,河池学院,（758）,首选物理，再选不限,411,134467,,,55,广西,公办,0,0
广西,2025,物理类,特殊类型批,10609,百色学院,（758）,首选物理，再选不限,414,131421,,,30,广西,公办,0,0
广西,2025,物理类,特殊类型批,10635,西南大学,（650）,首选物理，再选化学,554,22932,,,0,重庆,公办,0,1
广西,2025,物理类,特殊类型批,10651,西南财经大学,（603）,首选物理，再选化学,549,25474,,,0,四川,公办,0,1
广西,2025,物理类,特殊类型批,10657,贵州大学,（692）,首选物理，再选化学,515,45575,,,0,贵州,公办,0,1
广西,2025,物理类,特殊类型批,11078,广州大学,（602）,首选物理，再选不限,397,148586,,,0,广东,公办,0,0
广西,2025,物理类,特殊类型批,11413,中国矿业大学（北京）,（600）,首选物理，再选化学,541,29736,,,0,北京,公办,0,1
广西,2025,物理类,特殊类型批,11415,中国地质大学（北京）,（631）,首选物理，再选化学,550,24987,,,0,北京,公办,0,1
广西,2025,物理类,特殊类型批,11546,广西科技师范学院,（758）,首选物理，再选化学,419,126377,,,0,广西,公办,0,0
广西,2025,物理类,特殊类型批,11548,广西财经学院,（758）,首选物理，再选不限,431,113587,,,0,广西,公办,0,0
广西,2025,物理类,特殊类型批,11607,北部湾大学,（758）,首选物理，再选不限,438,107684,,,0,广西,公办,0,0
广西,2025,物理类,特殊类型批,11825,桂林航天工业学院,（758）,首选物理，再选不限,424,121394,,,0,广西,公办,0,0
广西,2025,物理类,特殊类型批,11838,贺州学院,（758）,首选物理，再选化学,422,123398,,,41,广西,公办,0,0
广西,2025,物理类,特殊类型批,19213,哈尔滨工业大学（威海）,（605）,首选物理，再选化学,610,4347,,,0,山东,公办,1,1
广西,2025,物理类,特殊类型批,19414,中国石油大学（北京）克拉玛依校区,（604）,首选物理，再选化学,540,30312,,,0,新疆,公办,0,1
广西,2025,艺术类（历史）,艺术类本科提前批,,郑州美术学院,,首选历史，再选不限,460,,,,0,河南,民办,0,0
