province,year,category,batch,university_code,university_name,major_group,subject_req,min_score,min_rank,control_score,score_diff,admit_count,school_province,school_nature,is_985,is_211
云南,2025,历史类,专科批,1210,天津师范大学,（02）,首选历史，再选不限,484,33564,,,6,天津,公办,0,0
云南,2025,历史类,专科批,1331,河北交通职业技术学院,（01）,首选历史，再选不限,409,63518,,,0,河北,公办,0,0
云南,2025,历史类,专科批,1336,唐山幼儿师范高等专科学校,（01）,首选历史，再选不限,420,41104,,,6,河北,公办,0,0
云南,2025,历史类,专科批,1379,河北轨道运输职业技术学院,（01）,首选历史，再选不限,423,37042,,,0,河北,公办,0,0
云南,2025,历史类,专科批,1386,河北化工医药职业技术学院,（01）,首选历史，再选不限,387,75888,,,4,河北,公办,0,0
云南,2025,历史类,专科批,1390,石家庄幼儿师范高等专科学校,,首选历史，再选不限,340,73470,,,12,河北,公办,0,0
云南,2025,历史类,专科批,1436,临汾职业技术学院,（01）,首选历史，再选不限,384,81096,,,5,山西,公办,0,0
云南,2025,历史类,专科批,1441,山西林业职业技术学院,（01）,首选历史，再选不限,384,79742,,,3,山西,公办,0,0
云南,2025,历史类,专科批,1448,忻州职业技术学院,（01）,首选历史，再选不限,415,61528,,,0,山西,公办,0,0
云南,2025,历史类,专科批,1517,包头轻工职业技术学院,（01）,首选历史，再选不限,359,92734,,,0,内蒙古,公办,0,0
云南,2025,历史类,专科批,1527,乌兰察布医学高等专科学校,（01）,首选历史，再选不限,413,64539,,,0,内蒙古,公办,0,0
云南,2025,历史类,专科批,2145,盘锦职业技术学院,（01）,首选历史，再选不限,265,106208,,,0,辽宁,公办,0,0
云南,2025,历史类,专科批,2147,沈阳城市建设学院,（02）,首选历史，再选不限,304,107238,,,3,辽宁,民办,0,0
云南,2025,历史类,专科批,2151,大连职业技术学院,（01）,首选历史，再选不限,292,103557,,,0,辽宁,公办,0,0
云南,2025,历史类,专科批,2176,辽宁生态工程职业学院,（01）,首选历史，再选不限,306,106208,,,0,辽宁,公办,0,0
云南,2025,历史类,专科批,2180,渤海船舶职业学院,（01）,首选历史，再选不限,335,69499,,,0,辽宁,公办,0,0
云南,2025,历史类,专科批,2199,辽宁民族师范高等专科学校,（01）,首选历史，再选不限,346,70503,,,0,辽宁,公办,0,0
云南,2025,历史类,专科批,2239,长春金融高等专科学校,（01）,首选历史，再选不限,352,62472,,,6,吉林,公办,0,0
云南,2025,历史类,专科批,2342,黑龙江农业工程职业学院,（01）,首选历史，再选不限,345,77841,,,0,黑龙江,公办,0,0
云南,2025,历史类,专科批,2346,黑龙江农垦职业学院,（01）,首选历史，再选不限,287,104647,,,11,黑龙江,公办,0,0
云南,2025,历史类,专科批,2359,大兴安岭职业学院,（01）,首选历史，再选不限,292,104231,,,14,黑龙江,公办,0,0
云南,2025,历史类,专科批,2376,伊春职业学院,（01）,首选历史，再选不限,382,74907,,,15,黑龙江,公办,0,0
云南,2025,历史类,专科批,3117,上海旅游高等专科学校,,首选历史，再选不限,432,43360,,,14,上海,公办,0,0
云南,2025,历史类,专科批,3123,上海工商职业技术学院,（01）,首选历史，再选不限,387,80645,,,0,上海,民办,0,0
云南,2025,历史类,专科批,3130,上海行健职业学院,（01）,首选历史，再选不限,419,53989,,,0,上海,公办,0,0
云南,2025,历史类,专科批,3132,上海交通职业技术学院,（01）,首选历史，再选不限,429,52029,,,0,上海,公办,0,0
云南,2025,历史类,专科批,3161,上海农林职业技术学院,（01）,首选历史，再选不限,435,40197,,,0,上海,公办,0,0
云南,2025,历史类,专科批,3200,徐州幼儿师范高等专科学校,（01）,首选历史，再选不限,441,53989,,,0,江苏,公办,0,0
云南,2025,历史类,专科批,3223,连云港职业技术学院,（01）,首选历史，再选不限,473,38838,,,0,江苏,公办,0,0
云南,2025,历史类,专科批,3251,江苏城市职业学院,（01）,首选历史，再选不限,448,36584,,,0,江苏,公办,0,0
云南,2025,历史类,专科批,3266,常州机电职业技术学院,（01）,首选历史，再选不限,461,41104,,,5,江苏,公办,0,0
云南,2025,历史类,专科批,3282,镇江市高等专科学校,（01）,首选历史，再选不限,423,52029,,,8,江苏,公办,0,0
云南,2025,历史类,专科批,3294,苏州卫生职业技术学院,（01）,首选历史，再选不限,471,37506,,,0,江苏,公办,0,0
云南,2025,历史类,专科批,3328,浙江机电职业技术大学,（01）,首选历史，再选不限,452,45219,,,0,浙江,公办,0,0
云南,2025,历史类,专科批,3336,台州科技职业学院,,首选历史，再选不限,363,72438,,,0,浙江,公办,0,0
云南,2025,历史类,专科批,3346,浙江纺织服装职业技术学院,（01）,首选历史，再选不限,406,71493,,,0,浙江,公办,0,0
云南,2025,历史类,专科批,3366,温州商学院,（02）,首选历史，再选不限,291,94641,,,13,浙江,民办,0,0
云南,2025,历史类,专科批,3368,浙江安防职业技术学院,（01）,首选历史，再选不限,442,53510,,,0,浙江,公办,0,0
云南,2025,历史类,专科批,3378,杭州职业技术大学,,首选历史，再选不限,498,24086,,,0,浙江,公办,0,0
云南,2025,历史类,专科批,3379,浙江商业职业技术学院,（01）,首选历史，再选不限,452,32728,,,13,浙江,公办,0,0
云南,2025,历史类,专科批,3420,安徽第二医学院,（01）,首选历史，再选不限,473,37953,,,6,安徽,公办,0,0
云南,2025,历史类,专科批,3425,合肥幼儿师范高等专科学校,（01）,首选历史，再选不限,416,46701,,,0,安徽,公办,0,0
云南,2025,历史类,专科批,3459,桐城师范高等专科学校,（01）,首选历史，再选不限,424,53989,,,0,安徽,公办,0,0
云南,2025,历史类,专科批,3513,漳州职业技术学院,（01）,首选历史，再选不限,461,37042,,,0,福建,公办,0,0
云南,2025,历史类,专科批,3529,黎明职业大学,（01）,首选历史，再选不限,434,54506,,,4,福建,公办,0,0
云南,2025,历史类,专科批,3531,湄洲湾职业技术学院,（01）,首选历史，再选不限,333,81554,,,35,福建,公办,0,0
云南,2025,历史类,专科批,3553,福建电力职业技术学院,（01）,首选历史，再选不限,440,49536,,,0,福建,公办,0,0
云南,2025,历史类,专科批,3571,厦门城市职业学院,（01）,首选历史，再选不限,448,48612,,,0,福建,公办,0,0
云南,2025,历史类,专科批,3617,江西医学高等专科学校,,首选历史，再选不限,431,52998,,,0,江西,公办,0,0
云南,2025,历史类,专科批,3635,江西应用技术职业学院,（01）,首选历史，再选不限,422,44764,,,4,江西,公办,0,0
云南,2025,历史类,专科批,3642,宜春职业技术学院,（01）,首选历史，再选不限,352,50496,,,25,江西,公办,0,0
云南,2025,历史类,专科批,3654,抚州医药学院,,首选历史，再选不限,448,42450,,,0,江西,公办,0,0
云南,2025,历史类,专科批,3678,江西机电职业技术学院,（01）,首选历史，再选不限,375,72438,,,5,江西,公办,0,0
云南,2025,历史类,专科批,3679,南昌健康职业技术学院,（01）,首选历史，再选不限,412,60501,,,9,江西,公办,0,0
云南,2025,历史类,专科批,3682,江西航空职业技术学院,（01）,首选历史，再选不限,394,69499,,,6,江西,民办,0,0
云南,2025,历史类,专科批,3693,赣南卫生健康职业学院,,首选历史，再选不限,395,44764,,,0,江西,公办,0,0
云南,2025,历史类,专科批,3693,赣南卫生健康职业学院,（03）,首选历史，再选化学、生物(2科必选),309,106558,,,0,江西,公办,0,0
云南,2025,历史类,专科批,4123,鹤壁职业技术学院,,首选历史，再选不限,288,102028,,,0,河南,公办,0,0
云南,2025,历史类,专科批,4125,郑州旅游职业学院,（01）,首选历史，再选不限,299,101251,,,15,河南,公办,0,0
云南,2025,历史类,专科批,4175,河南医学高等专科学校,（01）,首选历史，再选不限,456,45219,,,0,河南,公办,0,0
云南,2025,历史类,专科批,4181,三门峡职业技术学院,,首选历史，再选不限,333,90727,,,0,河南,公办,0,0
云南,2025,历史类,专科批,4184,河南推拿职业学院,（01）,首选历史，再选不限,433,58000,,,12,河南,公办,0,0
云南,2025,历史类,专科批,4190,濮阳职业技术学院,（01）,首选历史，再选不限,343,98289,,,5,河南,公办,0,0
云南,2025,历史类,专科批,4191,信阳职业技术学院,（01）,首选历史，再选不限,385,76830,,,18,河南,公办,0,0
云南,2025,历史类,专科批,4196,安阳职业技术学院,（01）,首选历史，再选不限,386,54506,,,0,河南,公办,0,0
云南,2025,历史类,专科批,4238,湖北职业技术学院,（01）,首选历史，再选不限,406,52998,,,100,湖北,公办,0,0
云南,2025,历史类,专科批,4269,武汉民政职业学院,（01）,首选历史，再选不限,447,36584,,,19,湖北,公办,0,0
云南,2025,历史类,专科批,4293,宜昌科技职业学院,（01）,首选历史，再选不限,340,99233,,,4,湖北,公办,0,0
云南,2025,历史类,专科批,4397,湖南汽车工程职业大学,（01）,首选历史，再选不限,387,76353,,,0,湖南,公办,0,0
云南,2025,历史类,专科批,4481,东莞职业技术学院,（01）,首选历史，再选不限,428,49998,,,0,广东,公办,0,0
云南,2025,历史类,专科批,4523,广西水利电力职业技术学院,（01）,首选历史，再选不限,349,96365,,,0,广西,公办,0,0
云南,2025,历史类,专科批,4532,广西信息职业技术学院,（01）,首选历史，再选不限,287,105463,,,7,广西,公办,0,0
云南,2025,历史类,专科批,4556,广西体育高等专科学校,（01）,首选历史，再选不限,473,38838,,,0,广西,公办,0,0
云南,2025,历史类,专科批,4609,海南外国语职业学院,（01）,首选历史，再选不限,338,45723,,,0,海南,公办,0,0
云南,2025,历史类,专科批,4611,海南经贸职业技术学院,（01）,首选历史，再选不限,379,79261,,,0,海南,公办,0,0
云南,2025,历史类,专科批,4638,三亚护理职业学院,,首选历史，再选不限,180,112406,,,0,海南,民办,0,0
云南,2025,历史类,专科批,5017,重庆工业职业技术大学,（01）,首选历史，再选不限,464,41104,,,11,重庆,公办,0,0
云南,2025,历史类,专科批,5019,重庆工贸职业技术学院,（01）,首选历史，再选不限,438,55518,,,18,重庆,公办,0,0
云南,2025,历史类,专科批,5045,重庆财经职业学院,（01）,首选历史，再选不限,454,33157,,,0,重庆,公办,0,0
云南,2025,历史类,专科批,5055,重庆化工职业学院,（01）,首选历史，再选不限,408,67497,,,65,重庆,公办,0,0
云南,2025,历史类,专科批,5060,重庆护理职业学院,（01）,首选历史，再选不限,288,77841,,,0,重庆,民办,0,0
云南,2025,历史类,专科批,5068,重庆工信职业学院,（01）,首选历史，再选不限,415,51506,,,19,重庆,公办,0,0
云南,2025,历史类,专科批,5097,重庆幼儿师范高等专科学校,（01）,首选历史，再选不限,460,44764,,,0,重庆,公办,0,0
云南,2025,历史类,专科批,5136,四川水利职业技术学院,（01）,首选历史，再选不限,436,41104,,,0,四川,公办,0,0
云南,2025,历史类,专科批,5178,乐山职业技术学院,（01）,首选历史，再选不限,456,46701,,,0,四川,公办,0,0
云南,2025,历史类,专科批,5178,乐山职业技术学院,（02）,首选历史，再选生物,436,56485,,,0,四川,公办,0,0
云南,2025,历史类,专科批,5183,四川铁道职业学院,（01）,首选历史，再选不限,478,32728,,,0,四川,公办,0,0
云南,2025,历史类,专科批,5231,贵阳职业技术学院,,首选历史，再选不限,427,21889,,,0,贵州,公办,0,0
云南,2025,历史类,专科批,5242,毕节职业技术学院,（01）,首选历史，再选不限,374,80198,,,15,贵州,公办,0,0
云南,2025,历史类,专科批,5326,昆明工业职业技术学院,（01）,首选历史，再选不限,416,53989,,,0,云南,公办,0,0
云南,2025,历史类,专科批,5326,昆明工业职业技术学院,（03）,首选历史，再选化学,283,109970,,,0,云南,公办,0,0
云南,2025,历史类,专科批,5326,昆明工业职业技术学院,（02）,首选历史，再选地理,401,73948,,,0,云南,公办,0,0
云南,2025,历史类,专科批,5326,昆明工业职业技术学院,,首选历史，再选思想政治,379,71948,,,0,云南,公办,0,0
云南,2025,历史类,专科批,5326,昆明工业职业技术学院,（04）,首选历史，再选生物、思想政治(2科必选),431,53989,,,0,云南,公办,0,0
云南,2025,历史类,专科批,5336,云南能源职业技术学院,（01）,首选历史，再选不限,381,56485,,,1047,云南,公办,0,0
云南,2025,历史类,专科批,5347,云南林业职业技术学院,,首选历史，再选不限,411,39292,,,0,云南,公办,0,0
云南,2025,历史类,专科批,5347,云南林业职业技术学院,（05）,首选历史，再选生物,360,61984,,,0,云南,公办,0,0
云南,2025,历史类,专科批,5351,曲靖健康医学院,,首选历史，再选不限,439,35255,,,1344,云南,公办,0,0
云南,2025,历史类,专科批,5365,云南旅游职业学院,（01）,首选历史，再选不限,399,50496,,,0,云南,公办,0,0
云南,2025,历史类,专科批,5370,云南财经职业学院,（01）,首选历史，再选不限,422,49536,,,320,云南,公办,0,0
云南,2025,历史类,专科批,5371,昆明铁道职业技术学院,（01）,首选历史，再选不限,474,28212,,,122,云南,公办,0,0
云南,2025,历史类,专科批,5393,云南工业信息职业学院,（01）,首选历史，再选不限,310,106208,,,0,云南,公办,0,0
云南,2025,历史类,专科批,5410,西藏职业技术学院,（01）,首选历史，再选不限,361,91950,,,5,西藏,公办,0,0
云南,2025,历史类,专科批,5410,西藏职业技术学院,（02）,首选历史，再选思想政治,283,109970,,,8,西藏,公办,0,0
云南,2025,历史类,专科批,5410,西藏职业技术学院,（03）,首选历史，再选思想政治、地理(2科必选),278,81096,,,19,西藏,公办,0,0
云南,2025,历史类,专科批,6154,西安城市建设职业学院,（01）,首选历史，再选不限,283,109970,,,0,陕西,民办,0,0
云南,2025,历史类,专科批,,南京机电职业技术学院,,首选历史，再选不限,461,42895,,,0,江苏,公办,0,0
云南,2025,历史类,专科批,,廊坊职业技术学院,,首选历史，再选不限,314,105649,,,5,河北,公办,0,0
云南,2025,历史类,专科批,,江汉艺术职业学院,,首选历史，再选不限,330,93529,,,28,湖北,公办,0,0
云南,2025,历史类,专科批,,江苏电子信息职业学院,,首选历史，再选不限,418,65557,,,0,江苏,公办,0,0
云南,2025,历史类,专科批,,淄博师范高等专科学校,,首选历史，再选不限,415,63003,,,20,山东,公办,0,0
云南,2025,历史类,专科批,,襄阳职业技术学院,,首选历史，再选不限,458,37953,,,15,湖北,公办,0,0
云南,2025,历史类,专科批,,贵州护理职业技术学院,,首选历史，再选不限,433,58000,,,5,贵州,公办,0,0
云南,2025,历史类,本科批A段,3113,华东师范大学,（99）,首选历史，再选不限,609,1407,,,0,上海,公办,1,1
云南,2025,历史类,本科批A段,3113,华东师范大学,（L99政）,首选历史，再选思想政治,610,1333,,,0,上海,公办,1,1
云南,2025,历史类,本科批A段,3240,南京师范大学,（99）,首选历史，再选不限,599,2302,,,0,江苏,公办,0,1
云南,2025,历史类,本科批A段,4213,华中师范大学,（99）,首选历史，再选不限,586,1333,,,0,湖北,公办,0,1
云南,2025,历史类,本科批B段,1108,北京科技大学,（01）,首选历史，再选不限,604,1553,,,11,北京,公办,0,1
云南,2025,历史类,本科批B段,1110,北京化工大学,（01）,首选历史，再选不限,602,2020,,,0,北京,公办,0,1
云南,2025,历史类,本科批B段,1119,北京林业大学,（01）,首选历史，再选不限,597,1914,,,0,北京,公办,0,1
云南,2025,历史类,本科批B段,1120,北京中医药大学,（01）,首选历史，再选不限,612,767,,,0,北京,公办,0,1
云南,2025,历史类,本科批B段,1122,首都师范大学,（01）,首选历史，再选不限,604,1732,,,1,北京,公办,0,0
云南,2025,历史类,本科批B段,1124,北京语言大学,（03）,首选历史，再选不限,601,2021,,,1,北京,公办,0,0
云南,2025,历史类,本科批B段,1125,中国传媒大学,,首选历史，再选不限,598,1553,,,0,北京,公办,0,1
云南,2025,历史类,本科批B段,1126,中央财经大学,,首选历史，再选不限,583,278,,,0,北京,公办,0,1
云南,2025,历史类,本科批B段,1127,对外经济贸易大学,（01）,首选历史，再选不限,620,428,,,17,北京,公办,0,1
云南,2025,历史类,本科批B段,1127,对外经济贸易大学,（02）,首选历史，再选思想政治,616,984,,,3,北京,公办,0,1
云南,2025,历史类,本科批B段,1128,北京物资学院,（01）,首选历史，再选不限,550,10904,,,0,北京,公办,0,0
云南,2025,历史类,本科批B段,1129,首都经济贸易大学,,首选历史，再选不限,572,2112,,,0,北京,公办,0,0
云南,2025,历史类,本科批B段,1133,北京体育大学,,首选历史，再选不限,537,1553,,,6,北京,公办,0,1
云南,2025,历史类,本科批B段,1133,北京体育大学,（03）,首选历史，再选思想政治,608,1485,,,1,北京,公办,0,1
云南,2025,历史类,本科批B段,1136,中央美术学院,（01）,首选历史，再选不限,576,984,,,0,北京,公办,0,0
云南,2025,历史类,本科批B段,1137,中央戏剧学院,（01）,首选历史，再选不限,582,2816,,,0,北京,公办,0,0
云南,2025,历史类,本科批B段,1140,中央民族大学,,首选历史，再选不限,568,984,,,71,北京,公办,1,1
云南,2025,历史类,本科批B段,1142,华北电力大学（北京）,（02）,首选历史，再选不限,580,4592,,,2,北京,公办,0,1
云南,2025,历史类,本科批B段,1143,北京信息科技大学,（01）,首选历史，再选不限,592,2916,,,2,北京,公办,0,0
云南,2025,历史类,本科批B段,1144,中华女子学院,,首选历史，再选不限,545,6424,,,29,北京,公办,0,0
云南,2025,历史类,本科批B段,1148,北京联合大学,,首选历史，再选不限,549,4893,,,0,北京,公办,0,0
云南,2025,历史类,本科批B段,1150,中国劳动关系学院,,首选历史，再选不限,537,3705,,,0,北京,公办,0,0
云南,2025,历史类,本科批B段,1150,中国劳动关系学院,,首选历史，再选思想政治,553,8524,,,0,北京,公办,0,0
云南,2025,历史类,本科批B段,1162,北京外国语大学,（01）,首选历史，再选不限,610,325,,,0,北京,公办,0,1
云南,2025,历史类,本科批B段,1162,北京外国语大学,（02）,首选历史，再选思想政治,619,811,,,0,北京,公办,0,1
云南,2025,历史类,本科批B段,1165,首都体育学院,（01）,首选历史，再选不限,556,9185,,,0,北京,公办,0,0
云南,2025,历史类,本科批B段,1172,北京石油化工学院,（01）,首选历史，再选不限,531,14556,,,0,北京,公办,0,0
云南,2025,历史类,本科批B段,1204,天津工业大学,（01）,首选历史，再选不限,567,3165,,,11,天津,公办,0,0
云南,2025,历史类,本科批B段,1205,中国民航大学,（01）,首选历史，再选不限,581,2020,,,0,天津,公办,0,0
云南,2025,历史类,本科批B段,1205,中国民航大学,（02）,首选历史，再选思想政治,584,4152,,,0,天津,公办,0,0
云南,2025,历史类,本科批B段,1207,天津农学院,（01）,首选历史，再选不限,519,16448,,,19,天津,公办,0,0
云南,2025,历史类,本科批B段,1209,天津中医药大学,（01）,首选历史，再选不限,558,6068,,,18,天津,公办,0,0
云南,2025,历史类,本科批B段,1210,天津师范大学,（01）,首选历史，再选不限,568,5209,,,27,天津,公办,0,0
云南,2025,历史类,本科批B段,1210,天津师范大学,（04）,首选历史，再选思想政治,582,4152,,,6,天津,公办,0,0
云南,2025,历史类,本科批B段,1211,天津职业技术师范大学,（01）,首选历史，再选不限,533,11180,,,0,天津,公办,0,0
云南,2025,历史类,本科批B段,1213,天津商业大学,,首选历史，再选不限,548,9402,,,17,天津,公办,0,0
云南,2025,历史类,本科批B段,1215,天津美术学院,（01）,首选历史，再选不限,495,17367,,,0,天津,公办,0,0
云南,2025,历史类,本科批B段,1230,天津外国语大学滨海外事学院,（01）,首选历史，再选不限,466,27096,,,0,天津,民办,0,0
云南,2025,历史类,本科批B段,1231,天津商业大学宝德学院,,首选历史，再选不限,471,28212,,,0,天津,民办,0,0
云南,2025,历史类,本科批B段,1238,天津仁爱学院,（02）,首选历史，再选思想政治,506,24844,,,2,天津,民办,0,0
云南,2025,历史类,本科批B段,1301,河北大学,（01）,首选历史，再选不限,570,4285,,,0,河北,公办,0,0
云南,2025,历史类,本科批B段,1302,河北工程大学,（01）,首选历史，再选不限,539,13954,,,0,河北,公办,0,0
云南,2025,历史类,本科批B段,1304,华北电力大学（保定）,（02）,首选历史，再选不限,585,3857,,,1,河北,公办,0,1
云南,2025,历史类,本科批B段,1312,河北师范大学,（02）,首选历史，再选地理,570,6424,,,3,河北,公办,0,0
云南,2025,历史类,本科批B段,1312,河北师范大学,（01）,首选历史，再选思想政治,574,5721,,,5,河北,公办,0,0
云南,2025,历史类,本科批B段,1313,廊坊师范学院,（01）,首选历史，再选不限,520,18713,,,10,河北,公办,0,0
云南,2025,历史类,本科批B段,1315,邢台学院,（01）,首选历史，再选不限,540,13404,,,5,河北,公办,0,0
云南,2025,历史类,本科批B段,1315,邢台学院,（02）,首选历史，再选地理,513,22249,,,5,河北,公办,0,0
云南,2025,历史类,本科批B段,1316,石家庄铁道大学,,首选历史，再选不限,581,4152,,,0,河北,公办,0,0
云南,2025,历史类,本科批B段,1322,河北金融学院,,首选历史，再选不限,515,13403,,,22,河北,公办,0,0
云南,2025,历史类,本科批B段,1323,北华航天工业学院,（01）,首选历史，再选不限,523,16779,,,10,河北,公办,0,0
云南,2025,历史类,本科批B段,1324,防灾科技学院,（01）,首选历史，再选不限,521,17367,,,18,河北,公办,0,0
云南,2025,历史类,本科批B段,1342,石家庄铁道大学四方学院,（01）,首选历史，再选不限,511,23330,,,3,河北,民办,0,0
云南,2025,历史类,本科批B段,1349,东北大学秦皇岛分校,（02）,首选历史，再选思想政治,598,2303,,,2,河北,公办,1,1
云南,2025,历史类,本科批B段,1365,河北环境工程学院,（01）,首选历史，再选不限,499,27096,,,9,河北,公办,0,0
云南,2025,历史类,本科批B段,1380,河北中医药大学,（01）,首选历史，再选不限,580,4735,,,4,河北,公办,0,0
云南,2025,历史类,本科批B段,1402,中北大学,（01）,首选历史，再选不限,558,8092,,,7,山西,公办,0,0
云南,2025,历史类,本科批B段,1404,山西农业大学,（01）,首选历史，再选不限,519,18065,,,6,山西,公办,0,0
云南,2025,历史类,本科批B段,1404,山西农业大学,（02）,首选历史，再选思想政治,526,17696,,,4,山西,公办,0,0
云南,2025,历史类,本科批B段,1405,山西医科大学,（01）,首选历史，再选不限,526,16144,,,8,山西,公办,0,0
云南,2025,历史类,本科批B段,1405,山西医科大学,（02）,首选历史，再选生物,537,14556,,,3,山西,公办,0,0
云南,2025,历史类,本科批B段,1406,长治医学院,,首选历史，再选不限,524,5209,,,3,山西,公办,0,0
云南,2025,历史类,本科批B段,1407,山西师范大学,（01）,首选历史，再选不限,550,10144,,,6,山西,公办,0,0
云南,2025,历史类,本科批B段,1407,山西师范大学,（02）,首选历史，再选思想政治,567,7026,,,2,山西,公办,0,0
云南,2025,历史类,本科批B段,1408,太原师范学院,,首选历史，再选不限,530,13100,,,0,山西,公办,0,0
云南,2025,历史类,本科批B段,1408,太原师范学院,（04）,首选历史，再选地理,525,17696,,,0,山西,公办,0,0
云南,2025,历史类,本科批B段,1408,太原师范学院,（03）,首选历史，再选思想政治,543,12804,,,0,山西,公办,0,0
云南,2025,历史类,本科批B段,1410,晋中学院,（01）,首选历史，再选不限,513,15821,,,13,山西,公办,0,0
云南,2025,历史类,本科批B段,1410,晋中学院,（02）,首选历史，再选思想政治,533,15518,,,1,山西,公办,0,0
云南,2025,历史类,本科批B段,1411,长治学院,,首选历史，再选不限,514,16448,,,16,山西,公办,0,0
云南,2025,历史类,本科批B段,1411,长治学院,（03）,首选历史，再选思想政治,530,16779,,,2,山西,公办,0,0
云南,2025,历史类,本科批B段,1413,山西财经大学,（01）,首选历史，再选不限,560,5914,,,15,山西,公办,0,0
云南,2025,历史类,本科批B段,1413,山西财经大学,（02）,首选历史，再选地理,543,11946,,,7,山西,公办,0,0
云南,2025,历史类,本科批B段,1426,运城学院,（01）,首选历史，再选不限,502,24843,,,20,山西,公办,0,0
云南,2025,历史类,本科批B段,1430,太原工业学院,（01）,首选历史，再选不限,517,21194,,,2,山西,公办,0,0
云南,2025,历史类,本科批B段,1431,吕梁学院,（01）,首选历史，再选不限,507,21889,,,6,山西,公办,0,0
云南,2025,历史类,本科批B段,1431,吕梁学院,（04）,首选历史，再选地理,509,24086,,,1,山西,公办,0,0
云南,2025,历史类,本科批B段,1431,吕梁学院,（03）,首选历史，再选思想政治,527,17696,,,1,山西,公办,0,0
云南,2025,历史类,本科批B段,1431,吕梁学院,（02）,首选历史，再选生物,500,27471,,,1,山西,公办,0,0
云南,2025,历史类,本科批B段,1438,山西传媒学院,（01）,首选历史，再选不限,523,14864,,,11,山西,公办,0,0
云南,2025,历史类,本科批B段,1442,太原学院,,首选历史，再选不限,453,24463,,,0,山西,公办,0,0
云南,2025,历史类,本科批B段,1501,内蒙古大学,,首选历史，再选不限,564,4893,,,13,内蒙古,公办,0,1
云南,2025,历史类,本科批B段,1501,内蒙古大学,（03）,首选历史，再选思想政治,569,6067,,,2,内蒙古,公办,0,1
云南,2025,历史类,本科批B段,1503,内蒙古工业大学,（01）,首选历史，再选不限,501,27096,,,6,内蒙古,公办,0,0
云南,2025,历史类,本科批B段,1509,内蒙古财经大学,（01）,首选历史，再选不限,523,16144,,,16,内蒙古,公办,0,0
云南,2025,历史类,本科批B段,1513,内蒙古科技大学包头师范学院,（01）,首选历史，再选不限,529,16780,,,2,内蒙古,公办,0,0
云南,2025,历史类,本科批B段,2105,沈阳理工大学,（01）,首选历史，再选不限,532,15197,,,3,辽宁,公办,0,0
云南,2025,历史类,本科批B段,2112,大连海事大学,（01）,首选历史，再选不限,597,1333,,,0,辽宁,公办,0,1
云南,2025,历史类,本科批B段,2119,沈阳师范大学,（01）,首选历史，再选不限,477,16448,,,17,辽宁,公办,0,0
云南,2025,历史类,本科批B段,2121,鞍山师范学院,,首选历史，再选不限,509,20482,,,21,辽宁,公办,0,0
云南,2025,历史类,本科批B段,2122,大连外国语大学,,首选历史，再选不限,555,5913,,,20,辽宁,公办,0,0
云南,2025,历史类,本科批B段,2129,沈阳大学,（01）,首选历史，再选不限,524,18415,,,5,辽宁,公办,0,0
云南,2025,历史类,本科批B段,2131,辽宁师范大学,（01）,首选历史，再选不限,553,8092,,,19,辽宁,公办,0,0
云南,2025,历史类,本科批B段,2131,辽宁师范大学,（02）,首选历史，再选思想政治,552,10410,,,3,辽宁,公办,0,0
云南,2025,历史类,本科批B段,2134,大连民族大学,,首选历史，再选不限,502,15821,,,19,辽宁,公办,0,0
云南,2025,历史类,本科批B段,2136,辽宁师范大学海华学院,（02）,首选历史，再选思想政治,488,31913,,,1,辽宁,民办,0,0
云南,2025,历史类,本科批B段,2162,大连东软信息学院,（01）,首选历史，再选不限,429,50496,,,0,辽宁,民办,0,0
云南,2025,历史类,本科批B段,2170,辽宁中医药大学,（01）,首选历史，再选不限,573,5721,,,0,辽宁,公办,0,0
云南,2025,历史类,本科批B段,2175,辽东学院,（01）,首选历史，再选不限,505,23330,,,0,辽宁,公办,0,0
云南,2025,历史类,本科批B段,2201,吉林大学,,首选历史，再选不限,616,493,,,13,吉林,公办,1,1
云南,2025,历史类,本科批B段,2201,吉林大学,（04）,首选历史，再选思想政治,612,1199,,,2,吉林,公办,1,1
云南,2025,历史类,本科批B段,2202,延边大学,（01）,首选历史，再选不限,576,3286,,,0,吉林,公办,0,1
云南,2025,历史类,本科批B段,2202,延边大学,（02）,首选历史，再选地理,584,4152,,,0,吉林,公办,0,1
云南,2025,历史类,本科批B段,2203,长春理工大学,,首选历史，再选不限,469,10410,,,0,吉林,公办,0,0
云南,2025,历史类,本科批B段,2205,长春工业大学,（01）,首选历史，再选不限,497,16144,,,15,吉林,公办,0,0
云南,2025,历史类,本科批B段,2209,长春中医药大学,（01）,首选历史，再选不限,587,2215,,,10,吉林,公办,0,0
云南,2025,历史类,本科批B段,2210,东北师范大学,,首选历史，再选不限,593,2704,,,0,吉林,公办,0,1
云南,2025,历史类,本科批B段,2210,东北师范大学,,首选历史，再选思想政治,592,1650,,,0,吉林,公办,0,1
云南,2025,历史类,本科批B段,2211,北华大学,（01）,首选历史，再选不限,550,10144,,,7,吉林,公办,0,0
云南,2025,历史类,本科批B段,2213,吉林师范大学,（03）,首选历史，再选思想政治,556,9186,,,2,吉林,公办,0,0
云南,2025,历史类,本科批B段,2214,吉林工程技术师范学院,（01）,首选历史，再选不限,501,25956,,,30,吉林,公办,0,0
云南,2025,历史类,本科批B段,2215,长春师范大学,,首选历史，再选不限,469,11404,,,17,吉林,公办,0,0
云南,2025,历史类,本科批B段,2218,吉林工商学院,（01）,首选历史，再选不限,511,18416,,,20,吉林,公办,0,0
云南,2025,历史类,本科批B段,2221,长春大学,,首选历史，再选不限,532,8963,,,9,吉林,公办,0,0
云南,2025,历史类,本科批B段,2228,长春建筑学院,（01）,首选历史，再选不限,447,51009,,,0,吉林,民办,0,0
云南,2025,历史类,本科批B段,2230,长春大学旅游学院,（01）,首选历史，再选不限,439,33157,,,5,吉林,民办,0,0
云南,2025,历史类,本科批B段,2240,吉林警察学院,（01）,首选历史，再选不限,543,10144,,,0,吉林,公办,0,0
云南,2025,历史类,本科批B段,2253,长春人文学院,（01）,首选历史，再选不限,490,31076,,,0,吉林,民办,0,0
云南,2025,历史类,本科批B段,2255,吉林外国语大学,（01）,首选历史，再选不限,476,33157,,,0,吉林,民办,0,0
云南,2025,历史类,本科批B段,2301,黑龙江大学,（01）,首选历史，再选不限,557,5913,,,0,黑龙江,公办,0,0
云南,2025,历史类,本科批B段,2301,黑龙江大学,（02）,首选历史，再选思想政治,567,7026,,,0,黑龙江,公办,0,0
云南,2025,历史类,本科批B段,2304,黑龙江科技大学,（01）,首选历史，再选不限,525,15517,,,0,黑龙江,公办,0,0
云南,2025,历史类,本科批B段,2304,黑龙江科技大学,（02）,首选历史，再选思想政治,534,15517,,,0,黑龙江,公办,0,0
云南,2025,历史类,本科批B段,2305,东北石油大学,（01）,首选历史，再选不限,558,8295,,,4,黑龙江,公办,0,0
云南,2025,历史类,本科批B段,2307,黑龙江八一农垦大学,（01）,首选历史，再选不限,517,18713,,,8,黑龙江,公办,0,0
云南,2025,历史类,本科批B段,2309,东北林业大学,（01）,首选历史，再选不限,575,3053,,,10,黑龙江,公办,0,1
云南,2025,历史类,本科批B段,2309,东北林业大学,,首选历史，再选思想政治,573,4285,,,7,黑龙江,公办,0,1
云南,2025,历史类,本科批B段,2310,哈尔滨医科大学,（01）,首选历史，再选不限,562,6234,,,4,黑龙江,公办,0,0
云南,2025,历史类,本科批B段,2310,哈尔滨医科大学,（02）,首选历史，再选生物,532,15821,,,3,黑龙江,公办,0,0
云南,2025,历史类,本科批B段,2311,黑龙江中医药大学,（01）,首选历史，再选不限,602,2020,,,3,黑龙江,公办,0,0
云南,2025,历史类,本科批B段,2311,黑龙江中医药大学,（02）,首选历史，再选生物,535,15197,,,2,黑龙江,公办,0,0
云南,2025,历史类,本科批B段,2313,哈尔滨师范大学,（01）,首选历史，再选不限,519,13100,,,0,黑龙江,公办,0,0
云南,2025,历史类,本科批B段,2314,齐齐哈尔大学,（01）,首选历史，再选不限,518,16779,,,7,黑龙江,公办,0,0
云南,2025,历史类,本科批B段,2315,哈尔滨学院,,首选历史，再选不限,528,13403,,,0,黑龙江,公办,0,0
云南,2025,历史类,本科批B段,2315,哈尔滨学院,（03）,首选历史，再选思想政治,544,12529,,,0,黑龙江,公办,0,0
云南,2025,历史类,本科批B段,2316,大庆师范学院,（01）,首选历史，再选不限,467,41105,,,3,黑龙江,公办,0,0
云南,2025,历史类,本科批B段,2316,大庆师范学院,（02）,首选历史，再选思想政治、地理(2科必选),520,19045,,,3,黑龙江,公办,0,0
云南,2025,历史类,本科批B段,2317,绥化学院,,首选历史，再选不限,513,19044,,,8,黑龙江,公办,0,0
云南,2025,历史类,本科批B段,2318,哈尔滨商业大学,（01）,首选历史，再选不限,535,12232,,,0,黑龙江,公办,0,0
云南,2025,历史类,本科批B段,2320,齐齐哈尔医学院,（01）,首选历史，再选不限,513,21532,,,7,黑龙江,公办,0,0
云南,2025,历史类,本科批B段,2321,黑龙江工业学院,（01）,首选历史，再选不限,501,23330,,,22,黑龙江,公办,0,0
云南,2025,历史类,本科批B段,2321,黑龙江工业学院,（02）,首选历史，再选思想政治,511,23330,,,2,黑龙江,公办,0,0
云南,2025,历史类,本科批B段,2332,哈尔滨石油学院,（01）,首选历史，再选不限,429,59484,,,2,黑龙江,民办,0,0
云南,2025,历史类,本科批B段,2335,黑河学院,（01）,首选历史，再选不限,505,21194,,,5,黑龙江,公办,0,0
云南,2025,历史类,本科批B段,2354,牡丹江师范学院,（01）,首选历史，再选不限,521,18415,,,10,黑龙江,公办,0,0
云南,2025,历史类,本科批B段,3104,华东理工大学,,首选历史，再选不限,598,1819,,,0,上海,公办,0,1
云南,2025,历史类,本科批B段,3105,上海理工大学,（01）,首选历史，再选不限,571,5366,,,0,上海,公办,0,0
云南,2025,历史类,本科批B段,3106,上海海事大学,,首选历史，再选不限,578,2704,,,0,上海,公办,0,0
云南,2025,历史类,本科批B段,3111,上海海洋大学,,首选历史，再选不限,554,4152,,,0,上海,公办,0,0
云南,2025,历史类,本科批B段,3112,上海中医药大学,（01）,首选历史，再选不限,586,3856,,,0,上海,公办,0,0
云南,2025,历史类,本科批B段,3112,上海中医药大学,（02）,首选历史，再选化学,507,24843,,,0,上海,公办,0,0
云南,2025,历史类,本科批B段,3113,华东师范大学,,首选历史，再选不限,585,400,,,0,上海,公办,1,1
云南,2025,历史类,本科批B段,3115,上海财经大学,,首选历史，再选不限,600,369,,,16,上海,公办,0,1
云南,2025,历史类,本科批B段,3115,上海财经大学,（02）,首选历史，再选思想政治,620,767,,,1,上海,公办,0,1
云南,2025,历史类,本科批B段,3116,上海海关学院,,首选历史，再选不限,584,3287,,,3,上海,公办,0,0
云南,2025,历史类,本科批B段,3119,上海体育大学,,首选历史，再选不限,569,6604,,,4,上海,公办,0,0
云南,2025,历史类,本科批B段,3121,上海戏剧学院,（01）,首选历史，再选不限,568,2591,,,0,上海,公办,0,0
云南,2025,历史类,本科批B段,3122,上海大学,,首选历史，再选不限,593,1334,,,12,上海,公办,0,1
云南,2025,历史类,本科批B段,3125,上海立信会计金融学院,（01）,首选历史，再选不限,574,645,,,0,上海,公办,0,0
云南,2025,历史类,本科批B段,3127,上海杉达学院,,首选历史，再选不限,426,19044,,,0,上海,民办,0,0
云南,2025,历史类,本科批B段,3128,上海政法学院,,首选历史，再选不限,583,1407,,,0,上海,公办,0,0
云南,2025,历史类,本科批B段,3128,上海政法学院,（02）,首选历史，再选思想政治,586,3570,,,0,上海,公办,0,0
云南,2025,历史类,本科批B段,3129,上海商学院,,首选历史，再选不限,544,7644,,,2,上海,公办,0,0
云南,2025,历史类,本科批B段,3150,上海第二工业大学,（01）,首选历史，再选不限,543,12804,,,0,上海,公办,0,0
云南,2025,历史类,本科批B段,3159,上海对外经贸大学,（01）,首选历史，再选不限,582,2389,,,0,上海,公办,0,0
云南,2025,历史类,本科批B段,3162,上海师范大学,,首选历史，再选不限,572,4893,,,0,上海,公办,0,0
云南,2025,历史类,本科批B段,3203,东南大学,（02）,首选历史，再选不限,620,722,,,2,江苏,公办,1,1
云南,2025,历史类,本科批B段,3206,江苏科技大学,（01）,首选历史，再选不限,571,5057,,,4,江苏,公办,0,0
云南,2025,历史类,本科批B段,3208,南京工业大学,,首选历史，再选不限,556,6424,,,17,江苏,公办,0,0
云南,2025,历史类,本科批B段,3211,江南大学,,首选历史，再选不限,590,1408,,,13,江苏,公办,0,1
云南,2025,历史类,本科批B段,3213,江苏大学,（01）,首选历史，再选不限,579,2020,,,18,江苏,公办,0,0
云南,2025,历史类,本科批B段,3214,南京信息工程大学,（01）,首选历史，再选不限,572,3856,,,20,江苏,公办,0,0
云南,2025,历史类,本科批B段,3222,金陵科技学院,（01）,首选历史，再选不限,531,9892,,,11,江苏,公办,0,0
云南,2025,历史类,本科批B段,3224,扬州大学,,首选历史，再选不限,576,2112,,,22,江苏,公办,0,0
云南,2025,历史类,本科批B段,3224,扬州大学,（02）,首选历史，再选思想政治,586,3856,,,2,江苏,公办,0,0
云南,2025,历史类,本科批B段,3227,南京特殊教育师范学院,（01）,首选历史，再选不限,532,7243,,,22,江苏,公办,0,0
云南,2025,历史类,本科批B段,3232,南京师范大学泰州学院,（01）,首选历史，再选不限,466,34413,,,0,江苏,民办,0,0
云南,2025,历史类,本科批B段,3238,苏州工学院,（01）,首选历史，再选不限,529,16448,,,4,江苏,公办,0,0
云南,2025,历史类,本科批B段,3240,南京师范大学,（01）,首选历史，再选不限,592,1819,,,0,江苏,公办,0,1
云南,2025,历史类,本科批B段,3241,淮阴师范学院,,首选历史，再选不限,507,12804,,,0,江苏,公办,0,0
云南,2025,历史类,本科批B段,3241,淮阴师范学院,（02）,首选历史，再选地理,528,17367,,,0,江苏,公办,0,0
云南,2025,历史类,本科批B段,3243,淮阴工学院,（02）,首选历史，再选不限,503,25957,,,10,江苏,公办,0,0
云南,2025,历史类,本科批B段,3245,南京航空航天大学金城学院,（01）,首选历史，再选思想政治,499,27472,,,2,江苏,民办,0,0
云南,2025,历史类,本科批B段,3250,西交利物浦大学,（01）,首选历史，再选不限,548,11404,,,52,江苏,中外合作办学,0,0
云南,2025,历史类,本科批B段,3253,江苏师范大学,（01）,首选历史，再选不限,543,11404,,,0,江苏,公办,0,0
云南,2025,历史类,本科批B段,3253,江苏师范大学,（02）,首选历史，再选思想政治,575,5538,,,0,江苏,公办,0,0
云南,2025,历史类,本科批B段,3256,南京工程学院,（01）,首选历史，再选不限,550,9401,,,6,江苏,公办,0,0
云南,2025,历史类,本科批B段,3257,宿迁学院,（01）,首选历史，再选不限,531,13954,,,0,江苏,公办,0,0
云南,2025,历史类,本科批B段,3261,常州大学,（01）,首选历史，再选不限,540,7243,,,17,江苏,公办,0,0
云南,2025,历史类,本科批B段,3271,苏州科技大学,（01）,首选历史，再选不限,568,6067,,,0,江苏,公办,0,0
云南,2025,历史类,本科批B段,3271,苏州科技大学,（02）,首选历史，再选思想政治,571,6234,,,0,江苏,公办,0,0
云南,2025,历史类,本科批B段,3295,东南大学成贤学院,（01）,首选历史，再选不限,486,25231,,,0,江苏,民办,0,0
云南,2025,历史类,本科批B段,3303,浙江工业大学,,首选历史，再选不限,551,5538,,,10,浙江,公办,0,0
云南,2025,历史类,本科批B段,3304,浙江理工大学,（01）,首选历史，再选不限,586,3856,,,0,浙江,公办,0,0
云南,2025,历史类,本科批B段,3306,浙江师范大学,,首选历史，再选不限,560,3165,,,27,浙江,公办,0,0
云南,2025,历史类,本科批B段,3306,浙江师范大学,（03）,首选历史，再选地理,584,4152,,,4,浙江,公办,0,0
云南,2025,历史类,本科批B段,3307,绍兴文理学院,（01）,首选历史，再选不限,537,13100,,,20,浙江,公办,0,0
云南,2025,历史类,本科批B段,3308,台州学院,,首选历史，再选不限,534,12529,,,14,浙江,公办,0,0
云南,2025,历史类,本科批B段,3309,温州大学,,首选历史，再选不限,572,3705,,,0,浙江,公办,0,0
云南,2025,历史类,本科批B段,3309,温州大学,（03）,首选历史，再选思想政治,584,4152,,,0,浙江,公办,0,0
云南,2025,历史类,本科批B段,3311,浙江工商大学,,首选历史，再选不限,575,4285,,,13,浙江,公办,0,0
云南,2025,历史类,本科批B段,3313,中国美术学院,（01）,首选历史，再选不限,567,3983,,,7,浙江,公办,0,0
云南,2025,历史类,本科批B段,3315,浙江中医药大学,（01）,首选历史，再选不限,555,9645,,,2,浙江,公办,0,0
云南,2025,历史类,本科批B段,3317,浙江万里学院,（01）,首选历史，再选不限,519,17078,,,0,浙江,公办,0,0
云南,2025,历史类,本科批B段,3319,宁波大学,,首选历史，再选不限,557,3705,,,0,浙江,公办,0,0
云南,2025,历史类,本科批B段,3320,浙江传媒学院,,首选历史，再选不限,548,4735,,,0,浙江,公办,0,0
云南,2025,历史类,本科批B段,3322,宁波大学科学技术学院,（01）,首选历史，再选不限,474,28212,,,0,浙江,民办,0,0
云南,2025,历史类,本科批B段,3323,嘉兴南湖学院,（01）,首选历史，再选不限,551,9646,,,3,浙江,公办,0,0
云南,2025,历史类,本科批B段,3331,浙江农林大学,,首选历史，再选不限,563,4443,,,24,浙江,公办,0,0
云南,2025,历史类,本科批B段,3342,浙江财经大学东方学院,（01）,首选历史，再选不限,494,28212,,,8,浙江,民办,0,0
云南,2025,历史类,本科批B段,3343,浙江海洋大学,（01）,首选历史，再选不限,539,12232,,,10,浙江,公办,0,0
云南,2025,历史类,本科批B段,3344,湖州师范学院,（01）,首选历史，再选不限,532,15517,,,8,浙江,公办,0,0
云南,2025,历史类,本科批B段,3353,衢州学院,（01）,首选历史，再选不限,520,18713,,,13,浙江,公办,0,0
云南,2025,历史类,本科批B段,3359,浙江工业大学之江学院,（01）,首选历史，再选不限,482,26699,,,4,浙江,民办,0,0
云南,2025,历史类,本科批B段,3366,温州商学院,（01）,首选历史，再选不限,470,28634,,,3,浙江,民办,0,0
云南,2025,历史类,本科批B段,3367,浙江外国语学院,（01）,首选历史，再选不限,546,9645,,,31,浙江,公办,0,0
云南,2025,历史类,本科批B段,3405,安徽农业大学,（01）,首选历史，再选不限,561,7862,,,4,安徽,公办,0,0
云南,2025,历史类,本科批B段,3408,安徽师范大学,（01）,首选历史，再选不限,563,6604,,,0,安徽,公办,0,0
云南,2025,历史类,本科批B段,3410,安徽财经大学,（01）,首选历史，再选不限,550,4591,,,45,安徽,公办,0,0
云南,2025,历史类,本科批B段,3416,合肥大学,（01）,首选历史，再选不限,541,11945,,,0,安徽,公办,0,0
云南,2025,历史类,本科批B段,3427,安徽中医药大学,,首选历史，再选不限,532,3053,,,5,安徽,公办,0,0
云南,2025,历史类,本科批B段,3440,安庆师范大学,（01）,首选历史，再选不限,532,16144,,,5,安徽,公办,0,0
云南,2025,历史类,本科批B段,3502,华侨大学,,首选历史，再选不限,535,3570,,,0,福建,公办,0,0
云南,2025,历史类,本科批B段,3506,集美大学,,首选历史，再选不限,560,3571,,,7,福建,公办,0,0
云南,2025,历史类,本科批B段,3508,闽江学院,（02）,首选历史，再选不限,509,23736,,,5,福建,公办,0,0
云南,2025,历史类,本科批B段,3509,武夷学院,（02）,首选历史，再选不限,504,25589,,,2,福建,公办,0,0
云南,2025,历史类,本科批B段,3511,厦门理工学院,,首选历史，再选不限,535,11181,,,3,福建,公办,0,0
云南,2025,历史类,本科批B段,3512,三明学院,,首选历史，再选不限,501,19044,,,18,福建,公办,0,0
云南,2025,历史类,本科批B段,3522,福州大学至诚学院,（01）,首选历史，再选不限,486,27843,,,7,福建,民办,0,0
云南,2025,历史类,本科批B段,3548,龙岩学院,,首选历史，再选不限,503,19782,,,0,福建,公办,0,0
云南,2025,历史类,本科批B段,3562,厦门工学院,（01）,首选历史，再选不限,452,42007,,,4,福建,民办,0,0
云南,2025,历史类,本科批B段,3565,福建江夏学院,（01）,首选历史，再选不限,533,8963,,,0,福建,公办,0,0
云南,2025,历史类,本科批B段,3605,江西理工大学,（01）,首选历史，再选不限,572,5209,,,8,江西,公办,0,0
云南,2025,历史类,本科批B段,3607,江西农业大学,,首选历史，再选不限,528,10410,,,0,江西,公办,0,0
云南,2025,历史类,本科批B段,3608,江西中医药大学,（03）,首选历史，再选生物,538,13955,,,5,江西,公办,0,0
云南,2025,历史类,本科批B段,3612,宜春学院,（01）,首选历史，再选不限,529,12804,,,7,江西,公办,0,0
云南,2025,历史类,本科批B段,3613,赣南师范大学,,首选历史，再选不限,538,11671,,,10,江西,公办,0,0
云南,2025,历史类,本科批B段,3613,赣南师范大学,（03）,首选历史，再选思想政治,550,9401,,,3,江西,公办,0,0
云南,2025,历史类,本科批B段,3621,江西水利电力大学,（01）,首选历史，再选不限,528,16145,,,8,江西,公办,0,0
云南,2025,历史类,本科批B段,3623,新余学院,,首选历史，再选不限,521,17367,,,12,江西,公办,0,0
云南,2025,历史类,本科批B段,3625,九江学院,（01）,首选历史，再选不限,519,16144,,,0,江西,公办,0,0
云南,2025,历史类,本科批B段,3625,九江学院,（02）,首选历史，再选地理,530,16779,,,0,江西,公办,0,0
云南,2025,历史类,本科批B段,3648,赣南科技学院,（01）,首选历史，再选不限,522,18713,,,0,江西,公办,0,0
云南,2025,历史类,本科批B段,3651,南昌医学院,（01）,首选历史，再选生物,529,17078,,,0,江西,公办,0,0
云南,2025,历史类,本科批B段,3655,江西软件职业技术大学,（01）,首选历史，再选不限,466,37954,,,2,江西,民办,0,0
云南,2025,历史类,本科批B段,3656,江西飞行学院,（01）,首选历史，再选不限,507,23330,,,1,江西,公办,0,0
云南,2025,历史类,本科批B段,3662,江西师范大学科学技术学院,（01）,首选历史，再选不限,516,21195,,,2,江西,民办,0,0
云南,2025,历史类,本科批B段,3662,江西师范大学科学技术学院,（02）,首选历史，再选地理,492,30286,,,4,江西,民办,0,0
云南,2025,历史类,本科批B段,3672,南昌交通学院,（01）,首选历史，再选不限,472,30285,,,0,江西,民办,0,0
云南,2025,历史类,本科批B段,3701,山东大学,,首选历史，再选不限,582,493,,,32,山东,公办,1,1
云南,2025,历史类,本科批B段,3702,中国海洋大学,,首选历史，再选不限,595,1333,,,24,山东,公办,1,1
云南,2025,历史类,本科批B段,3702,中国海洋大学,（03）,首选历史，再选思想政治,614,1094,,,2,山东,公办,1,1
云南,2025,历史类,本科批B段,3703,中国石油大学（华东）,（01）,首选历史，再选不限,593,2704,,,4,山东,公办,0,1
云南,2025,历史类,本科批B段,3704,青岛科技大学,,首选历史，再选不限,518,12529,,,18,山东,公办,0,0
云南,2025,历史类,本科批B段,3705,济南大学,（01）,首选历史，再选不限,555,8092,,,0,山东,公办,0,0
云南,2025,历史类,本科批B段,3705,济南大学,（02）,首选历史，再选思想政治,578,5057,,,0,山东,公办,0,0
云南,2025,历史类,本科批B段,3706,青岛理工大学,（01）,首选历史，再选不限,525,11404,,,0,山东,公办,0,0
云南,2025,历史类,本科批B段,3711,青岛农业大学,（01）,首选历史，再选不限,534,15517,,,2,山东,公办,0,0
云南,2025,历史类,本科批B段,3712,山东第二医科大学,（01）,首选历史，再选不限,539,11180,,,12,山东,公办,0,0
云南,2025,历史类,本科批B段,3713,滨州医学院,（01）,首选历史，再选不限,521,17696,,,0,山东,公办,0,0
云南,2025,历史类,本科批B段,3715,山东师范大学,（01）,首选历史，再选不限,559,4152,,,23,山东,公办,0,0
云南,2025,历史类,本科批B段,3715,山东师范大学,（02）,首选历史，再选地理,576,5366,,,3,山东,公办,0,0
云南,2025,历史类,本科批B段,3716,曲阜师范大学,（01）,首选历史，再选不限,565,6234,,,16,山东,公办,0,0
云南,2025,历史类,本科批B段,3716,曲阜师范大学,（02）,首选历史，再选思想政治,562,7862,,,6,山东,公办,0,0
云南,2025,历史类,本科批B段,3717,聊城大学,（01）,首选历史，再选不限,546,11180,,,8,山东,公办,0,0
云南,2025,历史类,本科批B段,3719,鲁东大学,（01）,首选历史，再选不限,547,9892,,,6,山东,公办,0,0
云南,2025,历史类,本科批B段,3721,泰山学院,（01）,首选历史，再选不限,500,27471,,,5,山东,公办,0,0
云南,2025,历史类,本科批B段,3723,山东财经大学,（01）,首选历史，再选不限,549,3570,,,43,山东,公办,0,0
云南,2025,历史类,本科批B段,3725,枣庄学院,（01）,首选历史，再选不限,505,25588,,,5,山东,公办,0,0
云南,2025,历史类,本科批B段,3726,青岛大学,,首选历史，再选不限,563,3706,,,4,山东,公办,0,0
云南,2025,历史类,本科批B段,3726,青岛大学,（03）,首选历史，再选思想政治,575,5538,,,0,山东,公办,0,0
云南,2025,历史类,本科批B段,3729,山东交通学院,（01）,首选历史，再选不限,532,13686,,,14,山东,公办,0,0
云南,2025,历史类,本科批B段,3730,山东工商学院,（01）,首选历史，再选不限,521,14556,,,17,山东,公办,0,0
云南,2025,历史类,本科批B段,3741,山东大学（威海）,,首选历史，再选不限,597,921,,,30,山东,公办,1,1
云南,2025,历史类,本科批B段,3744,齐鲁医药学院,,首选历史，再选不限,486,29068,,,0,山东,民办,0,0
云南,2025,历史类,本科批B段,3751,山东第一医科大学,（01）,首选历史，再选不限,499,27843,,,2,山东,公办,0,0
云南,2025,历史类,本科批B段,3752,临沂大学,（01）,首选历史，再选不限,539,12232,,,0,山东,公办,0,0
云南,2025,历史类,本科批B段,3765,山东政法学院,（01）,首选历史，再选不限,572,4591,,,0,山东,公办,0,0
云南,2025,历史类,本科批B段,3765,山东政法学院,（02）,首选历史，再选思想政治,565,7445,,,0,山东,公办,0,0
云南,2025,历史类,本科批B段,3798,山东石油化工学院,,首选历史，再选不限,535,13100,,,6,山东,公办,0,0
云南,2025,历史类,本科批B段,4111,河南大学,,首选历史，再选不限,538,4152,,,0,河南,公办,0,0
云南,2025,历史类,本科批B段,4111,河南大学,（02）,首选历史，再选地理,581,4591,,,0,河南,公办,0,0
云南,2025,历史类,本科批B段,4113,南阳师范学院,（01）,首选历史，再选不限,507,22940,,,8,河南,公办,0,0
云南,2025,历史类,本科批B段,4115,河南财经政法大学,（01）,首选历史，再选不限,584,4152,,,2,河南,公办,0,0
云南,2025,历史类,本科批B段,4120,郑州工程技术学院,（01）,首选历史，再选不限,501,26699,,,0,河南,公办,0,0
云南,2025,历史类,本科批B段,4122,洛阳理工学院,（01）,首选历史，再选不限,530,14864,,,10,河南,公办,0,0
云南,2025,历史类,本科批B段,4150,中原工学院,（01）,首选历史，再选不限,514,20803,,,12,河南,公办,0,0
云南,2025,历史类,本科批B段,4151,安阳工学院,（01）,首选历史，再选不限,503,26333,,,2,河南,公办,0,0
云南,2025,历史类,本科批B段,4155,河南师范大学,（01）,首选历史，再选不限,563,6805,,,0,河南,公办,0,0
云南,2025,历史类,本科批B段,4155,河南师范大学,（02）,首选历史，再选思想政治,565,7026,,,0,河南,公办,0,0
云南,2025,历史类,本科批B段,4156,河南工程学院,（01）,首选历史，再选不限,517,21194,,,1,河南,公办,0,0
云南,2025,历史类,本科批B段,4156,河南工程学院,（02）,首选历史，再选思想政治,530,16779,,,1,河南,公办,0,0
云南,2025,历史类,本科批B段,4180,河南科技学院,（01）,首选历史，再选不限,510,22248,,,8,河南,公办,0,0
云南,2025,历史类,本科批B段,4187,平顶山学院,（01）,首选历史，再选不限,506,25231,,,2,河南,公办,0,0
云南,2025,历史类,本科批B段,4187,平顶山学院,（02）,首选历史，再选思想政治,544,12529,,,2,河南,公办,0,0
云南,2025,历史类,本科批B段,4203,武汉科技大学,（01）,首选历史，再选不限,563,4152,,,0,湖北,公办,0,0
云南,2025,历史类,本科批B段,4203,武汉科技大学,（02）,首选历史，再选思想政治,577,5209,,,0,湖北,公办,0,0
云南,2025,历史类,本科批B段,4208,武汉轻工大学,（01）,首选历史，再选不限,547,10904,,,0,湖北,公办,0,0
云南,2025,历史类,本科批B段,4209,武汉理工大学,,首选历史，再选不限,591,2215,,,2,湖北,公办,0,1
云南,2025,历史类,本科批B段,4209,武汉理工大学,（02）,首选历史，再选思想政治,601,2112,,,0,湖北,公办,0,1
云南,2025,历史类,本科批B段,4213,华中师范大学,,首选历史，再选不限,602,679,,,0,湖北,公办,0,1
云南,2025,历史类,本科批B段,4213,华中师范大学,,首选历史，再选思想政治,599,1407,,,0,湖北,公办,0,1
云南,2025,历史类,本科批B段,4214,湖北大学,（01）,首选历史，再选不限,573,4591,,,0,湖北,公办,0,0
云南,2025,历史类,本科批B段,4214,湖北大学,（03）,首选历史，再选地理,576,5366,,,0,湖北,公办,0,0
云南,2025,历史类,本科批B段,4214,湖北大学,（02）,首选历史，再选思想政治,591,3165,,,0,湖北,公办,0,0
云南,2025,历史类,本科批B段,4215,湖北师范大学,（01）,首选历史，再选不限,558,8092,,,0,湖北,公办,0,0
云南,2025,历史类,本科批B段,4215,湖北师范大学,（02）,首选历史，再选思想政治,571,6234,,,0,湖北,公办,0,0
云南,2025,历史类,本科批B段,4217,湖北民族大学,,首选历史，再选不限,520,7862,,,0,湖北,公办,0,0
云南,2025,历史类,本科批B段,4217,湖北民族大学,（05）,首选历史，再选地理,548,11404,,,0,湖北,公办,0,0
云南,2025,历史类,本科批B段,4217,湖北民族大学,（04）,首选历史，再选思想政治,549,11180,,,0,湖北,公办,0,0
云南,2025,历史类,本科批B段,4217,湖北民族大学,（03）,首选历史，再选生物,518,20803,,,0,湖北,公办,0,0
云南,2025,历史类,本科批B段,4218,湖北文理学院,（01）,首选历史，再选不限,550,10653,,,0,湖北,公办,0,0
云南,2025,历史类,本科批B段,4221,中南民族大学,（05）,首选历史，再选不限,565,7244,,,12,湖北,公办,0,0
云南,2025,历史类,本科批B段,4221,中南民族大学,（03）,首选历史，再选思想政治,590,3166,,,2,湖北,公办,0,0
云南,2025,历史类,本科批B段,4222,湖北汽车工业学院,（01）,首选历史，再选不限,515,19782,,,0,湖北,公办,0,0
云南,2025,历史类,本科批B段,4225,湖北理工学院,（01）,首选历史，再选不限,565,7445,,,3,湖北,公办,0,0
云南,2025,历史类,本科批B段,4227,湖北医药学院,（01）,首选历史，再选不限,523,17696,,,0,湖北,公办,0,0
云南,2025,历史类,本科批B段,4255,武汉工程大学邮电与信息工程学院,（01）,首选历史，再选不限,466,30285,,,0,湖北,民办,0,0
云南,2025,历史类,本科批B段,4266,武汉华夏理工学院,（01）,首选历史，再选不限,468,37506,,,8,湖北,民办,0,0
云南,2025,历史类,本科批B段,4284,武汉工商学院,（01）,首选历史，再选不限,504,23735,,,8,湖北,民办,0,0
云南,2025,历史类,本科批B段,4296,湖北第二师范学院,（01）,首选历史，再选不限,545,11180,,,0,湖北,公办,0,0
云南,2025,历史类,本科批B段,4296,湖北第二师范学院,（02）,首选历史，再选思想政治,542,12804,,,0,湖北,公办,0,0
云南,2025,历史类,本科批B段,4301,湘潭大学,（01）,首选历史，再选不限,574,1914,,,49,湖南,公办,0,0
云南,2025,历史类,本科批B段,4301,湘潭大学,（02）,首选历史，再选思想政治,599,2112,,,4,湖南,公办,0,0
云南,2025,历史类,本科批B段,4304,中南大学,（02）,首选历史，再选不限,613,721,,,20,湖南,公办,1,1
云南,2025,历史类,本科批B段,4306,长沙理工大学,（01）,首选历史，再选不限,577,3856,,,9,湖南,公办,0,0
云南,2025,历史类,本科批B段,4308,中南林业科技大学,（01）,首选历史，再选不限,551,7026,,,28,湖南,公办,0,0
云南,2025,历史类,本科批B段,4312,湘南学院,（01）,首选历史，再选不限,531,14239,,,3,湖南,公办,0,0
云南,2025,历史类,本科批B段,4315,怀化学院,（01）,首选历史，再选不限,510,23330,,,0,湖南,公办,0,0
云南,2025,历史类,本科批B段,4315,怀化学院,（02）,首选历史，再选思想政治,530,16779,,,0,湖南,公办,0,0
云南,2025,历史类,本科批B段,4318,湖南人文科技学院,（01）,首选历史，再选不限,532,15197,,,9,湖南,公办,0,0
云南,2025,历史类,本科批B段,4320,南华大学,（01）,首选历史，再选不限,558,7445,,,0,湖南,公办,0,0
云南,2025,历史类,本科批B段,4328,湖南工业大学,,首选历史，再选不限,550,6234,,,0,湖南,公办,0,0
云南,2025,历史类,本科批B段,4366,长沙师范学院,（01）,首选历史，再选不限,530,16449,,,4,湖南,公办,0,0
云南,2025,历史类,本科批B段,4382,长沙学院,,首选历史，再选不限,526,14239,,,9,湖南,公办,0,0
云南,2025,历史类,本科批B段,4415,深圳大学,（01）,首选历史，再选不限,608,1047,,,14,广东,公办,0,0
云南,2025,历史类,本科批B段,4429,南方医科大学,（01）,首选历史，再选不限,601,1819,,,4,广东,公办,0,0
云南,2025,历史类,本科批B段,4446,深圳技术大学,（01）,首选历史，再选不限,579,4285,,,5,广东,公办,0,0
云南,2025,历史类,本科批B段,4451,惠州学院,（01）,首选历史，再选不限,516,21195,,,3,广东,公办,0,0
云南,2025,历史类,本科批B段,4452,肇庆学院,,首选历史，再选不限,503,14556,,,17,广东,公办,0,0
云南,2025,历史类,本科批B段,4454,广东技术师范大学,（01）,首选历史，再选不限,551,9646,,,8,广东,公办,0,0
云南,2025,历史类,本科批B段,4458,五邑大学,（01）,首选历史，再选不限,570,6424,,,1,广东,公办,0,0
云南,2025,历史类,本科批B段,4501,广西大学,（01）,首选历史，再选不限,571,2591,,,0,广西,公办,0,1
云南,2025,历史类,本科批B段,4504,桂林理工大学,（02）,首选历史，再选不限,521,18415,,,0,广西,公办,0,0
云南,2025,历史类,本科批B段,4505,广西医科大学,（01）,首选历史，再选不限,534,13403,,,10,广西,公办,0,0
云南,2025,历史类,本科批B段,4505,广西医科大学,（02）,首选历史，再选生物,541,13403,,,4,广西,公办,0,0
云南,2025,历史类,本科批B段,4506,右江民族医学院,（01）,首选历史，再选生物,535,15197,,,1,广西,公办,0,0
云南,2025,历史类,本科批B段,4507,广西中医药大学,（01）,首选历史，再选不限,585,3857,,,1,广西,公办,0,0
云南,2025,历史类,本科批B段,4509,广西师范大学,,首选历史，再选不限,556,5057,,,0,广西,公办,0,0
云南,2025,历史类,本科批B段,4512,玉林师范学院,（01）,首选历史，再选不限,528,17367,,,0,广西,公办,0,0
云南,2025,历史类,本科批B段,4512,玉林师范学院,（02）,首选历史，再选思想政治,535,15197,,,0,广西,公办,0,0
云南,2025,历史类,本科批B段,4514,百色学院,,首选历史，再选不限,512,16779,,,29,广西,公办,0,0
云南,2025,历史类,本科批B段,4514,百色学院,（04）,首选历史，再选地理,516,21531,,,2,广西,公办,0,0
云南,2025,历史类,本科批B段,4514,百色学院,（03）,首选历史，再选思想政治,525,18415,,,4,广西,公办,0,0
云南,2025,历史类,本科批B段,4521,南宁学院,（01）,首选历史，再选不限,499,27472,,,2,广西,民办,0,0
云南,2025,历史类,本科批B段,4522,北部湾大学,（01）,首选历史，再选不限,517,18065,,,0,广西,公办,0,0
云南,2025,历史类,本科批B段,4526,桂林航天工业学院,（01）,首选历史，再选不限,514,19410,,,0,广西,公办,0,0
云南,2025,历史类,本科批B段,4540,桂林学院,（01）,首选历史，再选不限,469,29068,,,16,广西,民办,0,0
云南,2025,历史类,本科批B段,4557,贺州学院,（01）,首选历史，再选不限,523,17696,,,9,广西,公办,0,0
云南,2025,历史类,本科批B段,4557,贺州学院,（02）,首选历史，再选思想政治,530,16779,,,5,广西,公办,0,0
云南,2025,历史类,本科批B段,4602,海南大学,,首选历史，再选不限,543,1914,,,0,海南,公办,0,1
云南,2025,历史类,本科批B段,4602,海南大学,（03）,首选历史，再选思想政治,598,2389,,,0,海南,公办,0,1
云南,2025,历史类,本科批B段,4603,海南师范大学,（01）,首选历史，再选不限,533,12529,,,46,海南,公办,0,0
云南,2025,历史类,本科批B段,4603,海南师范大学,（04）,首选历史，再选地理,562,7863,,,5,海南,公办,0,0
云南,2025,历史类,本科批B段,4603,海南师范大学,,首选历史，再选思想政治,563,5209,,,8,海南,公办,0,0
云南,2025,历史类,本科批B段,4604,海南医科大学,,首选历史，再选不限,529,4443,,,0,海南,公办,0,0
云南,2025,历史类,本科批B段,4610,琼台师范学院,,首选历史，再选不限,484,15517,,,0,海南,公办,0,0
云南,2025,历史类,本科批B段,4610,琼台师范学院,（04）,首选历史，再选思想政治,530,16779,,,0,海南,公办,0,0
云南,2025,历史类,本科批B段,4614,海南热带海洋学院,,首选历史，再选不限,466,17078,,,0,海南,公办,0,0
云南,2025,历史类,本科批B段,4614,海南热带海洋学院,（02）,首选历史，再选思想政治,524,17696,,,0,海南,公办,0,0
云南,2025,历史类,本科批B段,5004,重庆医科大学,（01）,首选历史，再选不限,538,11945,,,0,重庆,公办,0,0
云南,2025,历史类,本科批B段,5006,重庆师范大学,（01）,首选历史，再选不限,581,4591,,,0,重庆,公办,0,0
云南,2025,历史类,本科批B段,5006,重庆师范大学,（02）,首选历史，再选思想政治,589,3425,,,4,重庆,公办,0,0
云南,2025,历史类,本科批B段,5010,四川外国语大学,,首选历史，再选不限,570,4286,,,0,重庆,公办,0,0
云南,2025,历史类,本科批B段,5010,四川外国语大学,（04）,首选历史，再选思想政治,578,4894,,,0,重庆,公办,0,0
云南,2025,历史类,本科批B段,5014,重庆理工大学,（01）,首选历史，再选不限,545,10653,,,6,重庆,公办,0,0
云南,2025,历史类,本科批B段,5015,重庆工商大学,,首选历史，再选不限,552,3426,,,39,重庆,公办,0,0
云南,2025,历史类,本科批B段,5027,重庆人文科技学院,,首选历史，再选不限,482,17078,,,0,重庆,民办,0,0
云南,2025,历史类,本科批B段,5027,重庆人文科技学院,（05）,首选历史，再选思想政治,502,26699,,,0,重庆,民办,0,0
云南,2025,历史类,本科批B段,5028,重庆外语外事学院,（01）,首选历史，再选不限,488,27096,,,18,重庆,民办,0,0
云南,2025,历史类,本科批B段,5030,重庆财经学院,（01）,首选历史，再选不限,500,23330,,,0,重庆,民办,0,0
云南,2025,历史类,本科批B段,5032,重庆移通学院,（01）,首选历史，再选不限,484,30285,,,0,重庆,民办,0,0
云南,2025,历史类,本科批B段,5039,重庆工程学院,（01）,首选历史，再选不限,491,28212,,,11,重庆,民办,0,0
云南,2025,历史类,本科批B段,5067,重庆中医药学院,（01）,首选历史，再选不限,582,3982,,,3,重庆,公办,0,0
云南,2025,历史类,本科批B段,5096,重庆第二师范学院,,首选历史，再选不限,540,11671,,,0,重庆,公办,0,0
云南,2025,历史类,本科批B段,5101,四川大学,（04）,首选历史，再选不限,617,863,,,3,四川,公办,1,1
云南,2025,历史类,本科批B段,5104,西南石油大学,（01）,首选历史，再选不限,587,3425,,,4,四川,公办,0,0
云南,2025,历史类,本科批B段,5104,西南石油大学,（02）,首选历史，再选思想政治,585,3982,,,2,四川,公办,0,0
云南,2025,历史类,本科批B段,5106,西南科技大学,（02）,首选历史，再选思想政治,575,5367,,,3,四川,公办,0,0
云南,2025,历史类,本科批B段,5110,中国民用航空飞行学院,（01）,首选历史，再选不限,544,10410,,,6,四川,公办,0,0
云南,2025,历史类,本科批B段,5110,中国民用航空飞行学院,（02）,首选历史，再选思想政治,569,6604,,,1,四川,公办,0,0
云南,2025,历史类,本科批B段,5113,西南医科大学,,首选历史，再选不限,551,5913,,,5,四川,公办,0,0
云南,2025,历史类,本科批B段,5114,成都中医药大学,（01）,首选历史，再选不限,608,1199,,,6,四川,公办,0,0
云南,2025,历史类,本科批B段,5115,川北医学院,（01）,首选历史，再选不限,554,9892,,,2,四川,公办,0,0
云南,2025,历史类,本科批B段,5116,四川师范大学,,首选历史，再选不限,555,2496,,,0,四川,公办,0,0
云南,2025,历史类,本科批B段,5116,四川师范大学,（05）,首选历史，再选地理,592,3053,,,0,四川,公办,0,0
云南,2025,历史类,本科批B段,5116,四川师范大学,（04）,首选历史，再选思想政治,579,3570,,,0,四川,公办,0,0
云南,2025,历史类,本科批B段,5118,绵阳师范学院,（01）,首选历史，再选不限,537,12232,,,10,四川,公办,0,0
云南,2025,历史类,本科批B段,5120,宜宾学院,（01）,首选历史，再选不限,531,15197,,,8,四川,公办,0,0
云南,2025,历史类,本科批B段,5127,西南民族大学,,首选历史，再选不限,540,3165,,,151,四川,公办,0,0
云南,2025,历史类,本科批B段,5129,攀枝花学院,（01）,首选历史，再选不限,517,21194,,,4,四川,公办,0,0
云南,2025,历史类,本科批B段,5130,四川旅游学院,（01）,首选历史，再选不限,522,17696,,,6,四川,公办,0,0
云南,2025,历史类,本科批B段,5132,四川民族学院,（01）,首选历史，再选不限,519,20125,,,10,四川,公办,0,0
云南,2025,历史类,本科批B段,5134,成都东软学院,（01）,首选历史，再选不限,483,33983,,,6,四川,民办,0,0
云南,2025,历史类,本科批B段,5159,成都银杏酒店管理学院,（01）,首选历史，再选不限,484,33983,,,3,四川,民办,0,0
云南,2025,历史类,本科批B段,5160,四川工商学院,（01）,首选历史，再选不限,508,24087,,,2,四川,民办,0,0
云南,2025,历史类,本科批B段,5165,成都锦城学院,,首选历史，再选不限,495,24463,,,15,四川,民办,0,0
云南,2025,历史类,本科批B段,5166,成都师范学院,,首选历史，再选不限,555,8742,,,0,四川,公办,0,0
云南,2025,历史类,本科批B段,5166,成都师范学院,（04）,首选历史，再选地理,556,9401,,,0,四川,公办,0,0
云南,2025,历史类,本科批B段,5168,西南财经大学天府学院,,首选历史，再选不限,497,26699,,,0,四川,民办,0,0
云南,2025,历史类,本科批B段,5175,四川警察学院,（01）,首选历史，再选不限,569,6604,,,0,四川,公办,0,0
云南,2025,历史类,本科批B段,5185,四川文理学院,（01）,首选历史，再选不限,521,19410,,,6,四川,公办,0,0
云南,2025,历史类,本科批B段,5185,四川文理学院,（02）,首选历史，再选思想政治,533,14556,,,6,四川,公办,0,0
云南,2025,历史类,本科批B段,5201,贵州大学,,首选历史，再选不限,589,1819,,,13,贵州,公办,0,1
云南,2025,历史类,本科批B段,5203,遵义医科大学,（03）,首选历史，再选思想政治,550,10904,,,2,贵州,公办,0,0
云南,2025,历史类,本科批B段,5203,遵义医科大学,,首选历史，再选生物,538,13954,,,5,贵州,公办,0,0
云南,2025,历史类,本科批B段,5207,安顺学院,,首选历史，再选不限,510,17078,,,3,贵州,公办,0,0
云南,2025,历史类,本科批B段,5208,贵州工程应用技术学院,（01）,首选历史，再选不限,505,23736,,,4,贵州,公办,0,0
云南,2025,历史类,本科批B段,5209,凯里学院,（01）,首选历史，再选不限,502,26699,,,5,贵州,公办,0,0
云南,2025,历史类,本科批B段,5211,贵州财经大学,,首选历史，再选不限,537,9185,,,0,贵州,公办,0,0
云南,2025,历史类,本科批B段,5217,贵阳康养职业大学,（01）,首选历史，再选不限,517,19045,,,3,贵州,公办,0,0
云南,2025,历史类,本科批B段,5232,铜仁学院,（01）,首选历史，再选不限,516,,,,5,贵州,公办,0,0
云南,2025,历史类,本科批B段,5247,贵州警察学院,（01）,首选历史，再选不限,553,9893,,,5,贵州,公办,0,0
云南,2025,历史类,本科批B段,5301,云南大学,,首选历史，再选不限,572,3706,,,50,云南,公办,0,1
云南,2025,历史类,本科批B段,5302,昆明理工大学,,首选历史，再选不限,513,3053,,,0,云南,公办,0,0
云南,2025,历史类,本科批B段,5302,昆明理工大学,,首选历史，再选地理,473,13100,,,0,云南,公办,0,0
云南,2025,历史类,本科批B段,5303,云南农业大学,,首选历史，再选不限,489,15197,,,921,云南,公办,0,0
云南,2025,历史类,本科批B段,5303,云南农业大学,（03）,首选历史，再选思想政治,552,10410,,,5,云南,公办,0,0
云南,2025,历史类,本科批B段,5304,西南林业大学,,首选历史，再选不限,508,9645,,,521,云南,公办,0,0
云南,2025,历史类,本科批B段,5305,昆明医科大学,,首选历史，再选不限,523,10410,,,234,云南,公办,0,0
云南,2025,历史类,本科批B段,5305,昆明医科大学,（02）,首选历史，再选化学,514,22248,,,3,云南,公办,0,0
云南,2025,历史类,本科批B段,5306,大理大学,,首选历史，再选不限,517,8093,,,431,云南,公办,0,0
云南,2025,历史类,本科批B段,5306,大理大学,（07）,首选历史，再选思想政治,557,8964,,,32,云南,公办,0,0
云南,2025,历史类,本科批B段,5306,大理大学,（08）,首选历史，再选生物,542,12805,,,20,云南,公办,0,0
云南,2025,历史类,本科批B段,5307,云南中医药大学,,首选历史，再选不限,522,4285,,,196,云南,公办,0,0
云南,2025,历史类,本科批B段,5307,云南中医药大学,（07）,首选历史，再选化学,489,31912,,,1,云南,公办,0,0
云南,2025,历史类,本科批B段,5310,曲靖师范学院,,首选历史，再选不限,500,7026,,,619,云南,公办,0,0
云南,2025,历史类,本科批B段,5310,曲靖师范学院,,首选历史，再选地理,508,11404,,,59,云南,公办,0,0
云南,2025,历史类,本科批B段,5310,曲靖师范学院,,首选历史，再选思想政治,511,10653,,,150,云南,公办,0,0
云南,2025,历史类,本科批B段,5312,保山学院,,首选历史，再选不限,493,17367,,,402,云南,公办,0,0
云南,2025,历史类,本科批B段,5312,保山学院,（03）,首选历史，再选思想政治,515,20803,,,80,云南,公办,0,0
云南,2025,历史类,本科批B段,5313,红河学院,,首选历史，再选不限,465,20482,,,771,云南,公办,0,0
云南,2025,历史类,本科批B段,5313,红河学院,（04）,首选历史，再选思想政治,530,16779,,,34,云南,公办,0,0
云南,2025,历史类,本科批B段,5316,云南民族大学,,首选历史，再选不限,465,7445,,,620,云南,公办,0,0
云南,2025,历史类,本科批B段,5316,云南民族大学,,首选历史，再选地理,530,8742,,,33,云南,公办,0,0
云南,2025,历史类,本科批B段,5316,云南民族大学,,首选历史，再选思想政治,552,5913,,,201,云南,公办,0,0
云南,2025,历史类,本科批B段,5316,云南民族大学,,首选历史，再选思想政治、地理(2科必选),538,6067,,,241,云南,公办,0,0
云南,2025,历史类,本科批B段,5317,玉溪师范学院,,首选历史，再选不限,491,14556,,,570,云南,公办,0,0
云南,2025,历史类,本科批B段,5317,玉溪师范学院,（02）,首选历史，再选地理,520,19782,,,114,云南,公办,0,0
云南,2025,历史类,本科批B段,5317,玉溪师范学院,（03）,首选历史，再选思想政治,541,13403,,,74,云南,公办,0,0
云南,2025,历史类,本科批B段,5319,云南警官学院,（07）,首选历史，再选思想政治,561,8093,,,44,云南,公办,0,0
云南,2025,历史类,本科批B段,5320,昆明学院,（01）,首选历史，再选不限,521,14556,,,242,云南,公办,0,0
云南,2025,历史类,本科批B段,5320,昆明学院,（02）,首选历史，再选思想政治,531,15517,,,55,云南,公办,0,0
云南,2025,历史类,本科批B段,5321,文山学院,（01）,首选历史，再选不限,502,20482,,,471,云南,公办,0,0
云南,2025,历史类,本科批B段,5321,文山学院,（02）,首选历史，再选地理,510,22590,,,60,云南,公办,0,0
云南,2025,历史类,本科批B段,5321,文山学院,（03）,首选历史，再选思想政治,513,22590,,,95,云南,公办,0,0
云南,2025,历史类,本科批B段,5337,滇池学院,（01）,首选历史，再选不限,474,31498,,,1467,云南,民办,0,0
云南,2025,历史类,本科批B段,5340,昆明医科大学海源学院,（01）,首选历史，再选不限,474,35255,,,0,云南,民办,0,0
云南,2025,历史类,本科批B段,6102,西安交通大学,（01）,首选历史，再选不限,619,529,,,0,陕西,公办,1,1
云南,2025,历史类,本科批B段,6115,陕西师范大学,（10）,首选历史，再选不限,594,2705,,,4,陕西,公办,0,1
云南,2025,历史类,本科批B段,6116,延安大学,（01）,首选历史，再选不限,532,11180,,,11,陕西,公办,0,0
云南,2025,历史类,本科批B段,6117,陕西理工大学,（01）,首选历史，再选不限,553,8742,,,0,陕西,公办,0,0
云南,2025,历史类,本科批B段,6119,咸阳师范学院,（01）,首选历史，再选不限,533,14556,,,10,陕西,公办,0,0
云南,2025,历史类,本科批B段,6120,渭南师范学院,（01）,首选历史，再选不限,508,24086,,,3,陕西,公办,0,0
云南,2025,历史类,本科批B段,6122,西北政法大学,（01）,首选历史，再选不限,592,921,,,0,陕西,公办,0,0
云南,2025,历史类,本科批B段,6127,西安文理学院,,首选历史，再选不限,519,11404,,,9,陕西,公办,0,0
云南,2025,历史类,本科批B段,6128,榆林学院,（01）,首选历史，再选不限,520,19410,,,4,陕西,公办,0,0
云南,2025,历史类,本科批B段,6128,榆林学院,（02）,首选历史，再选思想政治,528,17367,,,2,陕西,公办,0,0
云南,2025,历史类,本科批B段,6158,安康学院,（01）,首选历史，再选不限,526,17367,,,4,陕西,公办,0,0
云南,2025,历史类,本科批B段,6159,西京学院,（01）,首选历史，再选不限,475,,,,12,陕西,民办,0,0
云南,2025,历史类,本科批B段,6159,西京学院,（02）,首选历史，再选思想政治,484,,,,4,陕西,民办,0,0
云南,2025,历史类,本科批B段,6166,陕西学前师范学院,（01）,首选历史，再选不限,512,19410,,,0,陕西,公办,0,0
云南,2025,历史类,本科批B段,6201,兰州大学,,首选历史，再选不限,602,1137,,,14,甘肃,公办,1,1
云南,2025,历史类,本科批B段,6201,兰州大学,（02）,首选历史，再选思想政治,610,1199,,,4,甘肃,公办,1,1
云南,2025,历史类,本科批B段,6205,西北师范大学,,首选历史，再选不限,549,5366,,,0,甘肃,公办,0,0
云南,2025,历史类,本科批B段,6205,西北师范大学,（03）,首选历史，再选地理,563,7862,,,0,甘肃,公办,0,0
云南,2025,历史类,本科批B段,6205,西北师范大学,（02）,首选历史，再选思想政治,568,6805,,,0,甘肃,公办,0,0
云南,2025,历史类,本科批B段,6207,兰州财经大学,（01）,首选历史，再选不限,525,12232,,,0,甘肃,公办,0,0
云南,2025,历史类,本科批B段,6207,兰州财经大学,（02）,首选历史，再选地理,523,19044,,,0,甘肃,公办,0,0
云南,2025,历史类,本科批B段,6209,甘肃政法大学,（01）,首选历史，再选不限,569,5366,,,0,甘肃,公办,0,0
云南,2025,历史类,本科批B段,6221,天水师范大学,（01）,首选历史，再选不限,540,13686,,,0,甘肃,公办,0,0
云南,2025,历史类,本科批B段,6221,天水师范大学,（02）,首选历史，再选地理,529,17078,,,0,甘肃,公办,0,0
云南,2025,历史类,本科批B段,6225,兰州资源环境职业技术大学,（01）,首选历史，再选不限,500,24086,,,0,甘肃,公办,0,0
云南,2025,历史类,本科批B段,6301,青海大学,（01）,首选历史，再选不限,560,4591,,,0,青海,公办,0,1
云南,2025,历史类,本科批B段,6401,宁夏大学,,首选历史，再选不限,549,2816,,,12,宁夏,公办,0,1
云南,2025,历史类,本科批B段,6401,宁夏大学,（03）,首选历史，再选思想政治,593,2915,,,2,宁夏,公办,0,1
云南,2025,历史类,本科批B段,6404,北方民族大学,,首选历史，再选不限,514,13403,,,63,宁夏,公办,0,0
云南,2025,历史类,本科批B段,6404,北方民族大学,（02）,首选历史，再选思想政治,554,9892,,,1,宁夏,公办,0,0
云南,2025,历史类,本科批B段,6406,宁夏理工学院,（01）,首选历史，再选不限,466,34807,,,4,宁夏,民办,0,0
云南,2025,历史类,本科批B段,6410,宁夏师范大学,（01）,首选历史，再选不限,514,22248,,,2,宁夏,公办,0,0
云南,2025,历史类,本科批B段,6501,新疆大学,（01）,首选历史，再选不限,562,5538,,,0,新疆,公办,0,1
云南,2025,历史类,本科批B段,6501,新疆大学,（02）,首选历史，再选思想政治,570,4443,,,0,新疆,公办,0,1
云南,2025,历史类,本科批B段,6503,石河子大学,（01）,首选历史，再选不限,571,4443,,,13,新疆,公办,0,1
云南,2025,历史类,本科批B段,6519,喀什大学,,首选历史，再选不限,517,14863,,,10,新疆,公办,0,0
云南,2025,历史类,本科批B段,6519,喀什大学,（02）,首选历史，再选思想政治,540,13686,,,2,新疆,公办,0,0
云南,2025,历史类,本科批B段,,北京交通大学（威海校区）,,首选历史，再选不限,550,10654,,,5,山东,中外合作办学,0,1
云南,2025,历史类,本科批B段,,南京财经大学红山学院,,首选历史，再选不限,515,18415,,,7,江苏,民办,0,0
云南,2025,历史类,本科批B段,,山东女子学院,,首选历史，再选不限,501,27096,,,20,山东,公办,0,0
云南,2025,历史类,本科批B段,,徐州工程学院,,首选历史，再选不限,539,10144,,,0,江苏,公办,0,0
云南,2025,历史类,本科批B段,,江苏第二师范学院,,首选历史，再选不限,550,10410,,,6,江苏,公办,0,0
云南,2025,历史类,本科批B段,,江苏第二师范学院,,首选历史，再选地理,538,13403,,,6,江苏,公办,0,0
云南,2025,历史类,本科批B段,,浙江工商大学杭州商学院,,首选历史，再选不限,493,16779,,,8,浙江,民办,0,0
云南,2025,历史类,本科批B段,,苏州城市学院,,首选历史，再选不限,533,13954,,,23,江苏,公办,0,0
云南,2025,历史类,本科批B段,,苏州大学应用技术学院,,首选历史，再选不限,482,29873,,,7,江苏,民办,0,0
云南,2025,历史类,本科批B段,,韩山师范学院,,首选历史，再选不限,530,16779,,,0,广东,公办,0,0
云南,2025,历史类,本科提前批A段,3113,华东师范大学,,首选历史，再选不限,614,767,,,0,上海,公办,1,1
云南,2025,历史类,本科提前批A段,4213,华中师范大学,,首选历史，再选不限,608,811,,,0,湖北,公办,0,1
云南,2025,历史类,本科提前批A段,5320,昆明学院,,首选历史，再选不限,511,1914,,,144,云南,公办,0,0
云南,2025,历史类,本科提前批B段,1131,中国人民公安大学,,首选历史，再选思想政治,564,236,,,0,北京,公办,0,0
云南,2025,历史类,本科提前批B段,2124,中国刑事警察学院,,首选历史，再选思想政治,547,862,,,21,辽宁,公办,0,0
云南,2025,历史类,本科提前批B段,3381,浙江警察学院,,首选历史，再选思想政治,559,1333,,,0,浙江,公办,0,0
云南,2025,历史类,本科提前批B段,5319,云南警官学院,,首选历史，再选思想政治,495,2496,,,0,云南,公办,0,0
云南,2025,历史类,本科提前批C段,1188,中国消防救援学院,（99）,首选历史，再选思想政治,599,1333,,,0,北京,公办,0,0
云南,2025,历史类,本科提前批D段,3113,华东师范大学,（01）,首选历史，再选不限,639,146,,,0,上海,公办,1,1
云南,2025,历史类,本科提前批D段,3113,华东师范大学,（02）,首选历史，再选思想政治,640,180,,,0,上海,公办,1,1
云南,2025,历史类,本科提前批D段,4213,华中师范大学,,首选历史，再选不限,604,180,,,0,湖北,公办,0,1
云南,2025,历史类,本科提前批D段,4213,华中师范大学,（03）,首选历史，再选思想政治,633,325,,,0,湖北,公办,0,1
云南,2025,历史类,本科提前批D段,6102,西安交通大学,（02）,首选历史，再选思想政治,623,645,,,0,陕西,公办,1,1
云南,2025,历史类,高本贯通批,5326,昆明工业职业技术学院,,首选历史，再选不限,445,52029,,,0,云南,公办,0,0
云南,2025,历史类,高本贯通批,5326,昆明工业职业技术学院,,首选历史，再选地理,486,33157,,,0,云南,公办,0,0
云南,2025,物理类,专科批,1210,天津师范大学,（02）,首选物理，再选不限,445,101380,,,4,天津,公办,0,0
云南,2025,物理类,专科批,1331,河北交通职业技术学院,,首选物理，再选不限,402,127823,,,0,河北,公办,0,0
云南,2025,物理类,专科批,1336,唐山幼儿师范高等专科学校,,首选物理，再选不限,411,110250,,,5,河北,公办,0,0
云南,2025,物理类,专科批,1379,河北轨道运输职业技术学院,（01）,首选物理，再选不限,416,124734,,,0,河北,公办,0,0
云南,2025,物理类,专科批,1386,河北化工医药职业技术学院,（01）,首选物理，再选不限,361,132084,,,6,河北,公办,0,0
云南,2025,物理类,专科批,1390,石家庄幼儿师范高等专科学校,,首选物理，再选不限,318,132650,,,7,河北,公办,0,0
云南,2025,物理类,专科批,1436,临汾职业技术学院,（01）,首选物理，再选不限,362,149443,,,7,山西,公办,0,0
云南,2025,物理类,专科批,1441,山西林业职业技术学院,（01）,首选物理，再选不限,356,154420,,,2,山西,公办,0,0
云南,2025,物理类,专科批,1517,包头轻工职业技术学院,（01）,首选物理，再选不限,353,155517,,,0,内蒙古,公办,0,0
云南,2025,物理类,专科批,1527,乌兰察布医学高等专科学校,（01）,首选物理，再选不限,325,156838,,,0,内蒙古,公办,0,0
云南,2025,物理类,专科批,2145,盘锦职业技术学院,（01）,首选物理，再选不限,264,169751,,,0,辽宁,公办,0,0
云南,2025,物理类,专科批,2151,大连职业技术学院,（01）,首选物理，再选不限,284,153020,,,0,辽宁,公办,0,0
云南,2025,物理类,专科批,2154,辽宁轨道交通职业学院,（01）,首选物理，再选不限,394,131480,,,0,辽宁,公办,0,0
云南,2025,物理类,专科批,2161,大连科技学院,（01）,首选物理，再选不限,274,166342,,,0,辽宁,民办,0,0
云南,2025,物理类,专科批,2162,大连东软信息学院,（04）,首选物理，再选不限,303,163284,,,0,辽宁,民办,0,0
云南,2025,物理类,专科批,2176,辽宁生态工程职业学院,（01）,首选物理，再选不限,228,165432,,,0,辽宁,公办,0,0
云南,2025,物理类,专科批,2180,渤海船舶职业学院,（01）,首选物理，再选不限,356,127189,,,0,辽宁,公办,0,0
云南,2025,物理类,专科批,2183,辽宁装备制造职业技术学院,（01）,首选物理，再选不限,204,164635,,,24,辽宁,公办,0,0
云南,2025,物理类,专科批,2185,辽宁铁道职业技术学院,（01）,首选物理，再选不限,406,126599,,,0,辽宁,公办,0,0
云南,2025,物理类,专科批,2199,辽宁民族师范高等专科学校,（01）,首选物理，再选不限,310,145066,,,0,辽宁,公办,0,0
云南,2025,物理类,专科批,2224,长春职业技术大学,（01）,首选物理，再选不限,275,170813,,,0,吉林,公办,0,0
云南,2025,物理类,专科批,2239,长春金融高等专科学校,（01）,首选物理，再选不限,366,116601,,,4,吉林,公办,0,0
云南,2025,物理类,专科批,2342,黑龙江农业工程职业学院,（01）,首选物理，再选不限,397,95196,,,0,黑龙江,公办,0,0
云南,2025,物理类,专科批,2346,黑龙江农垦职业学院,（01）,首选物理，再选不限,271,163758,,,7,黑龙江,公办,0,0
云南,2025,物理类,专科批,2359,大兴安岭职业学院,（01）,首选物理，再选不限,251,151130,,,5,黑龙江,公办,0,0
云南,2025,物理类,专科批,2359,大兴安岭职业学院,（02）,首选物理，再选化学,371,146387,,,11,黑龙江,公办,0,0
云南,2025,物理类,专科批,2359,大兴安岭职业学院,（03）,首选物理，再选生物,367,150304,,,2,黑龙江,公办,0,0
云南,2025,物理类,专科批,2376,伊春职业学院,（01）,首选物理，再选不限,305,153743,,,16,黑龙江,公办,0,0
云南,2025,物理类,专科批,3117,上海旅游高等专科学校,（01）,首选物理，再选不限,391,122061,,,9,上海,公办,0,0
云南,2025,物理类,专科批,3130,上海行健职业学院,（01）,首选物理，再选不限,422,117315,,,0,上海,公办,0,0
云南,2025,物理类,专科批,3132,上海交通职业技术学院,（01）,首选物理，再选不限,418,112423,,,0,上海,公办,0,0
云南,2025,物理类,专科批,3149,上海震旦职业学院,（01）,首选物理，再选不限,375,146843,,,0,上海,民办,0,0
云南,2025,物理类,专科批,3152,上海闵行职业技术学院,（01）,首选物理，再选不限,400,129051,,,0,上海,公办,0,0
云南,2025,物理类,专科批,3161,上海农林职业技术学院,（01）,首选物理，再选不限,408,106508,,,0,上海,公办,0,0
云南,2025,物理类,专科批,3223,连云港职业技术学院,（01）,首选物理，再选不限,412,127189,,,0,江苏,公办,0,0
云南,2025,物理类,专科批,3251,江苏城市职业学院,（01）,首选物理，再选不限,439,107257,,,0,江苏,公办,0,0
云南,2025,物理类,专科批,3255,江苏建筑职业技术学院,（01）,首选物理，再选不限,370,139138,,,10,江苏,公办,0,0
云南,2025,物理类,专科批,3266,常州机电职业技术学院,（01）,首选物理，再选不限,447,101379,,,5,江苏,公办,0,0
云南,2025,物理类,专科批,3281,江苏工程职业技术学院,（01）,首选物理，再选不限,428,116601,,,5,江苏,公办,0,0
云南,2025,物理类,专科批,3282,镇江市高等专科学校,（01）,首选物理，再选不限,298,158702,,,8,江苏,公办,0,0
云南,2025,物理类,专科批,3294,苏州卫生职业技术学院,（01）,首选物理，再选不限,434,109528,,,0,江苏,公办,0,0
云南,2025,物理类,专科批,3328,浙江机电职业技术大学,（01）,首选物理，再选不限,448,83722,,,0,浙江,公办,0,0
云南,2025,物理类,专科批,3339,浙江交通职业技术学院,（01）,首选物理，再选不限,427,117315,,,0,浙江,公办,0,0
云南,2025,物理类,专科批,3366,温州商学院,（03）,首选物理，再选不限,295,155517,,,8,浙江,民办,0,0
云南,2025,物理类,专科批,3368,浙江安防职业技术学院,（01）,首选物理，再选不限,392,134328,,,0,浙江,公办,0,0
云南,2025,物理类,专科批,3378,杭州职业技术大学,,首选物理，再选不限,442,96692,,,0,浙江,公办,0,0
云南,2025,物理类,专科批,3379,浙江商业职业技术学院,（01）,首选物理，再选不限,412,105016,,,17,浙江,公办,0,0
云南,2025,物理类,专科批,3420,安徽第二医学院,（01）,首选物理，再选不限,426,105016,,,17,安徽,公办,0,0
云南,2025,物理类,专科批,3420,安徽第二医学院,（02）,首选物理，再选化学,445,104303,,,7,安徽,公办,0,0
云南,2025,物理类,专科批,3425,合肥幼儿师范高等专科学校,（01）,首选物理，再选不限,281,115133,,,0,安徽,公办,0,0
云南,2025,物理类,专科批,3513,漳州职业技术学院,（01）,首选物理，再选不限,423,117315,,,0,福建,公办,0,0
云南,2025,物理类,专科批,3529,黎明职业大学,（01）,首选物理，再选不限,371,134328,,,16,福建,公办,0,0
云南,2025,物理类,专科批,3531,湄洲湾职业技术学院,（01）,首选物理，再选不限,323,158413,,,25,福建,公办,0,0
云南,2025,物理类,专科批,3553,福建电力职业技术学院,（01）,首选物理，再选不限,424,102836,,,0,福建,公办,0,0
云南,2025,物理类,专科批,3571,厦门城市职业学院,（01）,首选物理，再选不限,389,120700,,,0,福建,公办,0,0
云南,2025,物理类,专科批,3617,江西医学高等专科学校,,首选物理，再选不限,402,113794,,,0,江西,公办,0,0
云南,2025,物理类,专科批,3617,江西医学高等专科学校,,首选物理，再选化学,404,107257,,,0,江西,公办,0,0
云南,2025,物理类,专科批,3617,江西医学高等专科学校,（05）,首选物理，再选化学、生物(2科必选),421,121395,,,0,江西,公办,0,0
云南,2025,物理类,专科批,3635,江西应用技术职业学院,（01）,首选物理，再选不限,383,99825,,,18,江西,公办,0,0
云南,2025,物理类,专科批,3642,宜春职业技术学院,（01）,首选物理，再选不限,341,124734,,,25,江西,公办,0,0
云南,2025,物理类,专科批,3644,江西制造职业技术学院,（01）,首选物理，再选不限,368,89168,,,0,江西,公办,0,0
云南,2025,物理类,专科批,3654,抚州医药学院,,首选物理，再选不限,318,115841,,,0,江西,公办,0,0
云南,2025,物理类,专科批,3678,江西机电职业技术学院,（01）,首选物理，再选不限,361,130878,,,5,江西,公办,0,0
云南,2025,物理类,专科批,3679,南昌健康职业技术学院,（01）,首选物理，再选不限,277,154808,,,11,江西,公办,0,0
云南,2025,物理类,专科批,3682,江西航空职业技术学院,（01）,首选物理，再选不限,381,141148,,,9,江西,民办,0,0
云南,2025,物理类,专科批,3693,赣南卫生健康职业学院,（01）,首选物理，再选不限,372,131480,,,0,江西,公办,0,0
云南,2025,物理类,专科批,3693,赣南卫生健康职业学院,（02）,首选物理，再选化学、生物(2科必选),434,112423,,,0,江西,公办,0,0
云南,2025,物理类,专科批,4123,鹤壁职业技术学院,,首选物理，再选不限,180,173282,,,0,河南,公办,0,0
云南,2025,物理类,专科批,4124,郑州电力高等专科学校,（01）,首选物理，再选不限,437,108767,,,0,河南,公办,0,0
云南,2025,物理类,专科批,4175,河南医学高等专科学校,（01）,首选物理，再选不限,408,128463,,,0,河南,公办,0,0
云南,2025,物理类,专科批,4181,三门峡职业技术学院,,首选物理，再选不限,319,142180,,,0,河南,公办,0,0
云南,2025,物理类,专科批,4184,河南推拿职业学院,（01）,首选物理，再选不限,399,134892,,,8,河南,公办,0,0
云南,2025,物理类,专科批,4190,濮阳职业技术学院,（01）,首选物理，再选不限,340,159514,,,5,河南,公办,0,0
云南,2025,物理类,专科批,4191,信阳职业技术学院,（01）,首选物理，再选不限,286,161371,,,10,河南,公办,0,0
云南,2025,物理类,专科批,4196,安阳职业技术学院,（01）,首选物理，再选不限,340,144106,,,0,河南,公办,0,0
云南,2025,物理类,专科批,4238,湖北职业技术学院,（01）,首选物理，再选不限,371,128463,,,112,湖北,公办,0,0
云南,2025,物理类,专科批,4269,武汉民政职业学院,（01）,首选物理，再选不限,414,98245,,,18,湖北,公办,0,0
云南,2025,物理类,专科批,4293,宜昌科技职业学院,（01）,首选物理，再选不限,351,153381,,,6,湖北,公办,0,0
云南,2025,物理类,专科批,4397,湖南汽车工程职业大学,（02）,首选物理，再选不限,400,127823,,,0,湖南,公办,0,0
云南,2025,物理类,专科批,4419,广东水利电力职业技术学院,（01）,首选物理，再选不限,394,136022,,,0,广东,公办,0,0
云南,2025,物理类,专科批,4441,肇庆医学院,（01）,首选物理，再选不限,440,102085,,,3,广东,公办,0,0
云南,2025,物理类,专科批,4441,肇庆医学院,（02）,首选物理，再选化学,441,97446,,,6,广东,公办,0,0
云南,2025,物理类,专科批,4481,东莞职业技术学院,（01）,首选物理，再选不限,426,114482,,,0,广东,公办,0,0
云南,2025,物理类,专科批,4523,广西水利电力职业技术学院,（01）,首选物理，再选不限,362,143622,,,0,广西,公办,0,0
云南,2025,物理类,专科批,4532,广西信息职业技术学院,（01）,首选物理，再选不限,273,159781,,,15,广西,公办,0,0
云南,2025,物理类,专科批,4556,广西体育高等专科学校,（01）,首选物理，再选不限,422,120700,,,0,广西,公办,0,0
云南,2025,物理类,专科批,4609,海南外国语职业学院,（01）,首选物理，再选不限,295,125420,,,0,海南,公办,0,0
云南,2025,物理类,专科批,4611,海南经贸职业技术学院,（01）,首选物理，再选不限,330,149443,,,0,海南,公办,0,0
云南,2025,物理类,专科批,4626,海南卫生健康职业学院,（01）,首选物理，再选不限,377,133222,,,0,海南,公办,0,0
云南,2025,物理类,专科批,4638,三亚护理职业学院,,首选物理，再选不限,180,173282,,,0,海南,民办,0,0
云南,2025,物理类,专科批,5017,重庆工业职业技术大学,,首选物理，再选不限,438,101379,,,19,重庆,公办,0,0
云南,2025,物理类,专科批,5019,重庆工贸职业技术学院,（01）,首选物理，再选不限,416,92196,,,12,重庆,公办,0,0
云南,2025,物理类,专科批,5026,重庆工程职业技术学院,（01）,首选物理，再选不限,418,114482,,,7,重庆,公办,0,0
云南,2025,物理类,专科批,5037,重庆三峡医药高等专科学校,（01）,首选物理，再选不限,451,88430,,,0,重庆,公办,0,0
云南,2025,物理类,专科批,5045,重庆财经职业学院,（01）,首选物理，再选不限,424,111658,,,0,重庆,公办,0,0
云南,2025,物理类,专科批,5055,重庆化工职业学院,（01）,首选物理，再选不限,373,143622,,,85,重庆,公办,0,0
云南,2025,物理类,专科批,5060,重庆护理职业学院,（01）,首选物理，再选不限,293,159514,,,0,重庆,民办,0,0
云南,2025,物理类,专科批,5066,重庆五一职业技术学院,,首选物理，再选不限,360,139626,,,0,重庆,公办,0,0
云南,2025,物理类,专科批,5068,重庆工信职业学院,（01）,首选物理，再选不限,388,140638,,,0,重庆,公办,0,0
云南,2025,物理类,专科批,5097,重庆幼儿师范高等专科学校,（01）,首选物理，再选不限,418,123391,,,0,重庆,公办,0,0
云南,2025,物理类,专科批,5110,中国民用航空飞行学院,（05）,首选物理，再选不限,480,77767,,,5,四川,公办,0,0
云南,2025,物理类,专科批,5136,四川水利职业技术学院,（01）,首选物理，再选不限,414,118011,,,0,四川,公办,0,0
云南,2025,物理类,专科批,5178,乐山职业技术学院,（01）,首选物理，再选不限,400,134328,,,0,四川,公办,0,0
云南,2025,物理类,专科批,5178,乐山职业技术学院,（02）,首选物理，再选生物,396,136549,,,0,四川,公办,0,0
云南,2025,物理类,专科批,5183,四川铁道职业学院,（01）,首选物理，再选不限,427,102085,,,0,四川,公办,0,0
云南,2025,物理类,专科批,5231,贵阳职业技术学院,,首选物理，再选不限,390,120001,,,0,贵州,公办,0,0
云南,2025,物理类,专科批,5242,毕节职业技术学院,（01）,首选物理，再选不限,311,149878,,,21,贵州,公办,0,0
云南,2025,物理类,专科批,5326,昆明工业职业技术学院,,首选物理，再选不限,369,125420,,,0,云南,公办,0,0
云南,2025,物理类,专科批,5326,昆明工业职业技术学院,（03）,首选物理，再选化学,368,149878,,,0,云南,公办,0,0
云南,2025,物理类,专科批,5326,昆明工业职业技术学院,,首选物理，再选思想政治,260,141148,,,0,云南,公办,0,0
云南,2025,物理类,专科批,5326,昆明工业职业技术学院,,首选物理，再选生物、思想政治(2科必选),280,139138,,,0,云南,公办,0,0
云南,2025,物理类,专科批,5336,云南能源职业技术学院,（01）,首选物理，再选不限,356,135460,,,952,云南,公办,0,0
云南,2025,物理类,专科批,5347,云南林业职业技术学院,,首选物理，再选不限,363,122730,,,0,云南,公办,0,0
云南,2025,物理类,专科批,5347,云南林业职业技术学院,（06）,首选物理，再选生物,335,116601,,,0,云南,公办,0,0
云南,2025,物理类,专科批,5351,曲靖健康医学院,,首选物理，再选不限,405,106508,,,1269,云南,公办,0,0
云南,2025,物理类,专科批,5351,曲靖健康医学院,（04）,首选物理，再选化学,367,133222,,,286,云南,公办,0,0
云南,2025,物理类,专科批,5365,云南旅游职业学院,（01）,首选物理，再选不限,348,124077,,,0,云南,公办,0,0
云南,2025,物理类,专科批,5370,云南财经职业学院,（01）,首选物理，再选不限,382,133222,,,450,云南,公办,0,0
云南,2025,物理类,专科批,5371,昆明铁道职业技术学院,（01）,首选物理，再选不限,427,93709,,,645,云南,公办,0,0
云南,2025,物理类,专科批,5393,云南工业信息职业学院,（01）,首选物理，再选不限,269,170813,,,0,云南,公办,0,0
云南,2025,物理类,专科批,5410,西藏职业技术学院,（01）,首选物理，再选化学,303,154808,,,20,西藏,公办,0,0
云南,2025,物理类,专科批,5410,西藏职业技术学院,（02）,首选物理，再选化学、生物(2科必选),319,164635,,,5,西藏,公办,0,0
云南,2025,物理类,专科批,6225,兰州资源环境职业技术大学,（02）,首选物理，再选不限,402,123391,,,0,甘肃,公办,0,0
云南,2025,物理类,专科批,,南京机电职业技术学院,,首选物理，再选不限,434,95196,,,0,江苏,公办,0,0
云南,2025,物理类,专科批,,廊坊职业技术学院,,首选物理，再选不限,277,170650,,,5,河北,公办,0,0
云南,2025,物理类,专科批,,江苏电子信息职业学院,,首选物理，再选不限,421,119310,,,0,江苏,公办,0,0
云南,2025,物理类,专科批,,浙江邮电职业技术学院,,首选物理，再选不限,424,116601,,,6,浙江,公办,0,0
云南,2025,物理类,专科批,,襄阳职业技术学院,,首选物理，再选不限,397,117315,,,15,湖北,公办,0,0
云南,2025,物理类,专科批,,贵州护理职业技术学院,,首选物理，再选不限,387,141148,,,5,贵州,公办,0,0
云南,2025,物理类,专科提前批B段,3621,江西水利电力大学,（99）,首选物理，再选不限,393,135461,,,10,江西,公办,0,0
云南,2025,物理类,专科提前批B段,6225,兰州资源环境职业技术大学,（99）,首选物理，再选不限,353,135460,,,0,甘肃,公办,0,0
云南,2025,物理类,本科批A段,1110,北京化工大学,（99）,首选物理，再选化学,589,13520,,,0,北京,公办,0,1
云南,2025,物理类,本科批A段,2301,黑龙江大学,（99）,首选物理，再选化学,531,42262,,,0,黑龙江,公办,0,0
云南,2025,物理类,本科批A段,3104,华东理工大学,（99）,首选物理，再选化学,563,14637,,,0,上海,公办,0,1
云南,2025,物理类,本科批A段,3113,华东师范大学,（99）,首选物理，再选化学,611,3460,,,0,上海,公办,1,1
云南,2025,物理类,本科批A段,3115,上海财经大学,（99）,首选物理，再选化学,573,16561,,,0,上海,公办,0,1
云南,2025,物理类,本科批A段,3205,南京理工大学,（99）,首选物理，再选化学,557,27488,,,0,江苏,公办,0,1
云南,2025,物理类,本科批A段,3240,南京师范大学,（99）,首选物理，再选不限,572,20457,,,0,江苏,公办,0,1
云南,2025,物理类,本科批A段,3743,哈尔滨工业大学（威海）,（99）,首选物理，再选化学,626,3655,,,0,山东,公办,1,1
云南,2025,物理类,本科批A段,4213,华中师范大学,（99）,首选物理，再选不限,575,10210,,,0,湖北,公办,0,1
云南,2025,物理类,本科批B段,1104,北京交通大学,,首选物理，再选化学,638,1435,,,6,北京,公办,0,1
云南,2025,物理类,本科批B段,1105,北京工业大学,,首选物理，再选化学,567,6293,,,23,北京,公办,0,1
云南,2025,物理类,本科批B段,1108,北京科技大学,（01）,首选物理，再选不限,619,4901,,,5,北京,公办,0,1
云南,2025,物理类,本科批B段,1108,北京科技大学,,首选物理，再选化学,619,3137,,,50,北京,公办,0,1
云南,2025,物理类,本科批B段,1110,北京化工大学,（05）,首选物理，再选不限,577,17876,,,4,北京,公办,0,1
云南,2025,物理类,本科批B段,1110,北京化工大学,,首选物理，再选化学,596,4901,,,0,北京,公办,0,1
云南,2025,物理类,本科批B段,1111,北京工商大学,（01）,首选物理，再选不限,552,28548,,,16,北京,公办,0,0
云南,2025,物理类,本科批B段,1111,北京工商大学,（02）,首选物理，再选化学,557,26501,,,10,北京,公办,0,0
云南,2025,物理类,本科批B段,1112,北京服装学院,（01）,首选物理，再选化学,539,36341,,,5,北京,公办,0,0
云南,2025,物理类,本科批B段,1113,北京邮电大学,,首选物理，再选化学,600,876,,,106,北京,公办,0,1
云南,2025,物理类,本科批B段,1115,北京建筑大学,,首选物理，再选不限,537,25533,,,7,北京,公办,0,0
云南,2025,物理类,本科批B段,1115,北京建筑大学,（02）,首选物理，再选化学,536,17875,,,4,北京,公办,0,0
云南,2025,物理类,本科批B段,1119,北京林业大学,,首选物理，再选不限,570,9009,,,7,北京,公办,0,1
云南,2025,物理类,本科批B段,1119,北京林业大学,,首选物理，再选化学,560,7049,,,1,北京,公办,0,1
云南,2025,物理类,本科批B段,1119,北京林业大学,（06）,首选物理，再选地理,599,10210,,,2,北京,公办,0,1
云南,2025,物理类,本科批B段,1119,北京林业大学,,首选物理，再选生物,568,12808,,,3,北京,公办,0,1
云南,2025,物理类,本科批B段,1120,北京中医药大学,（03）,首选物理，再选不限,571,,,,0,北京,公办,0,1
云南,2025,物理类,本科批B段,1120,北京中医药大学,（04）,首选物理，再选化学,576,,,,0,北京,公办,0,1
云南,2025,物理类,本科批B段,1122,首都师范大学,（01）,首选物理，再选化学,582,15810,,,2,北京,公办,0,0
云南,2025,物理类,本科批B段,1125,中国传媒大学,,首选物理，再选不限,594,6790,,,0,北京,公办,0,1
云南,2025,物理类,本科批B段,1125,中国传媒大学,,首选物理，再选化学,587,4901,,,0,北京,公办,0,1
云南,2025,物理类,本科批B段,1126,中央财经大学,,首选物理，再选不限,556,2672,,,0,北京,公办,0,1
云南,2025,物理类,本科批B段,1126,中央财经大学,（02）,首选物理，再选化学,623,4154,,,0,北京,公办,0,1
云南,2025,物理类,本科批B段,1127,对外经济贸易大学,（01）,首选物理，再选不限,616,4699,,,23,北京,公办,0,1
云南,2025,物理类,本科批B段,1127,对外经济贸易大学,（02）,首选物理，再选化学,621,4510,,,3,北京,公办,0,1
云南,2025,物理类,本科批B段,1128,北京物资学院,,首选物理，再选不限,524,31830,,,0,北京,公办,0,0
云南,2025,物理类,本科批B段,1129,首都经济贸易大学,,首选物理，再选不限,543,16561,,,0,北京,公办,0,0
云南,2025,物理类,本科批B段,1129,首都经济贸易大学,（02）,首选物理，再选化学,595,11493,,,0,北京,公办,0,0
云南,2025,物理类,本科批B段,1133,北京体育大学,,首选物理，再选不限,544,9305,,,7,北京,公办,0,1
云南,2025,物理类,本科批B段,1133,北京体育大学,,首选物理，再选化学,577,11493,,,5,北京,公办,0,1
云南,2025,物理类,本科批B段,1140,中央民族大学,,首选物理，再选不限,606,5800,,,30,北京,公办,1,1
云南,2025,物理类,本科批B段,1140,中央民族大学,,首选物理，再选化学,590,4901,,,73,北京,公办,1,1
云南,2025,物理类,本科批B段,1144,中华女子学院,（01）,首选物理，再选化学,544,34605,,,4,北京,公办,0,0
云南,2025,物理类,本科批B段,1146,中国石油大学（北京）,,首选物理，再选化学,600,5120,,,34,北京,公办,0,1
云南,2025,物理类,本科批B段,1147,中国地质大学（北京）,,首选物理，再选不限,586,10501,,,8,北京,公办,0,1
云南,2025,物理类,本科批B段,1147,中国地质大学（北京）,,首选物理，再选化学,579,8388,,,50,北京,公办,0,1
云南,2025,物理类,本科批B段,1148,北京联合大学,（01）,首选物理，再选不限,538,38037,,,0,北京,公办,0,0
云南,2025,物理类,本科批B段,1148,北京联合大学,,首选物理，再选化学,531,26501,,,0,北京,公办,0,0
云南,2025,物理类,本科批B段,1150,中国劳动关系学院,（01）,首选物理，再选不限,546,25533,,,0,北京,公办,0,0
云南,2025,物理类,本科批B段,1150,中国劳动关系学院,,首选物理，再选化学,531,29629,,,0,北京,公办,0,0
云南,2025,物理类,本科批B段,1160,北京大学医学部,,首选物理，再选化学,658,57,,,0,北京,公办,1,1
云南,2025,物理类,本科批B段,1162,北京外国语大学,,首选物理，再选不限,610,2517,,,0,北京,公办,0,1
云南,2025,物理类,本科批B段,1165,首都体育学院,,首选物理，再选不限,524,44143,,,0,北京,公办,0,0
云南,2025,物理类,本科批B段,1172,北京石油化工学院,（01）,首选物理，再选化学,537,38653,,,0,北京,公办,0,0
云南,2025,物理类,本科批B段,1204,天津工业大学,（01）,首选物理，再选不限,545,30166,,,14,天津,公办,0,0
云南,2025,物理类,本科批B段,1204,天津工业大学,,首选物理，再选化学,548,10501,,,90,天津,公办,0,0
云南,2025,物理类,本科批B段,1205,中国民航大学,（01）,首选物理，再选不限,585,15032,,,0,天津,公办,0,0
云南,2025,物理类,本科批B段,1205,中国民航大学,,首选物理，再选化学,583,5120,,,0,天津,公办,0,0
云南,2025,物理类,本科批B段,1206,天津理工大学,（06）,首选物理，再选化学,544,34053,,,1,天津,公办,0,0
云南,2025,物理类,本科批B段,1207,天津农学院,,首选物理，再选不限,468,71869,,,10,天津,公办,0,0
云南,2025,物理类,本科批B段,1207,天津农学院,,首选物理，再选化学,475,53307,,,80,天津,公办,0,0
云南,2025,物理类,本科批B段,1207,天津农学院,（05）,首选物理，再选生物,483,75535,,,2,天津,公办,0,0
云南,2025,物理类,本科批B段,1209,天津中医药大学,（01）,首选物理，再选不限,533,37444,,,6,天津,公办,0,0
云南,2025,物理类,本科批B段,1209,天津中医药大学,,首选物理，再选化学,434,5801,,,60,天津,公办,0,0
云南,2025,物理类,本科批B段,1210,天津师范大学,（01）,首选物理，再选不限,538,19141,,,20,天津,公办,0,0
云南,2025,物理类,本科批B段,1210,天津师范大学,,首选物理，再选化学,538,28548,,,21,天津,公办,0,0
云南,2025,物理类,本科批B段,1211,天津职业技术师范大学,,首选物理，再选不限,470,58868,,,0,天津,公办,0,0
云南,2025,物理类,本科批B段,1211,天津职业技术师范大学,,首选物理，再选化学,499,37443,,,0,天津,公办,0,0
云南,2025,物理类,本科批B段,1213,天津商业大学,（04）,首选物理，再选不限,534,39841,,,12,天津,公办,0,0
云南,2025,物理类,本科批B段,1230,天津外国语大学滨海外事学院,（01）,首选物理，再选不限,440,105016,,,0,天津,民办,0,0
云南,2025,物理类,本科批B段,1231,天津商业大学宝德学院,,首选物理，再选不限,428,95196,,,0,天津,民办,0,0
云南,2025,物理类,本科批B段,1232,天津医科大学临床医学院,,首选物理，再选化学,458,79199,,,0,天津,民办,0,0
云南,2025,物理类,本科批B段,1232,天津医科大学临床医学院,,首选物理，再选化学、生物(2科必选),516,48775,,,0,天津,民办,0,0
云南,2025,物理类,本科批B段,1301,河北大学,（01）,首选物理，再选不限,527,26012,,,0,河北,公办,0,0
云南,2025,物理类,本科批B段,1301,河北大学,（02）,首选物理，再选化学,556,19141,,,0,河北,公办,0,0
云南,2025,物理类,本科批B段,1302,河北工程大学,（01）,首选物理，再选不限,476,80652,,,0,河北,公办,0,0
云南,2025,物理类,本科批B段,1302,河北工程大学,,首选物理，再选化学,534,31275,,,0,河北,公办,0,0
云南,2025,物理类,本科批B段,1304,华北电力大学（保定）,（05）,首选物理，再选化学,604,8389,,,10,河北,公办,0,1
云南,2025,物理类,本科批B段,1306,河北科技大学,（01）,首选物理，再选不限,537,38653,,,1,河北,公办,0,0
云南,2025,物理类,本科批B段,1306,河北科技大学,,首选物理，再选化学,533,21389,,,9,河北,公办,0,0
云南,2025,物理类,本科批B段,1307,河北建筑工程学院,,首选物理，再选不限,469,76268,,,8,河北,公办,0,0
云南,2025,物理类,本科批B段,1307,河北建筑工程学院,（03）,首选物理，再选化学,483,55401,,,42,河北,公办,0,0
云南,2025,物理类,本科批B段,1309,河北医科大学,（01）,首选物理，再选化学,532,38653,,,0,河北,公办,0,0
云南,2025,物理类,本科批B段,1309,河北医科大学,（02）,首选物理，再选化学、生物(2科必选),537,24086,,,0,河北,公办,0,0
云南,2025,物理类,本科批B段,1310,河北北方学院,,首选物理，再选化学,517,31275,,,10,河北,公办,0,0
云南,2025,物理类,本科批B段,1311,承德医学院,（01）,首选物理，再选化学,566,23188,,,2,河北,公办,0,0
云南,2025,物理类,本科批B段,1311,承德医学院,（02）,首选物理，再选生物,534,40403,,,2,河北,公办,0,0
云南,2025,物理类,本科批B段,1312,河北师范大学,（01）,首选物理，再选不限,459,93709,,,5,河北,公办,0,0
云南,2025,物理类,本科批B段,1312,河北师范大学,,首选物理，再选化学,556,26994,,,20,河北,公办,0,0
云南,2025,物理类,本科批B段,1312,河北师范大学,（05）,首选物理，再选化学、生物(2科必选),548,32350,,,5,河北,公办,0,0
云南,2025,物理类,本科批B段,1312,河北师范大学,（04）,首选物理，再选地理,560,26012,,,2,河北,公办,0,0
云南,2025,物理类,本科批B段,1313,廊坊师范学院,（01）,首选物理，再选不限,476,78457,,,4,河北,公办,0,0
云南,2025,物理类,本科批B段,1313,廊坊师范学院,（02）,首选物理，再选化学,480,77016,,,6,河北,公办,0,0
云南,2025,物理类,本科批B段,1315,邢台学院,,首选物理，再选不限,468,77017,,,10,河北,公办,0,0
云南,2025,物理类,本科批B段,1316,石家庄铁道大学,（01）,首选物理，再选不限,573,19141,,,0,河北,公办,0,0
云南,2025,物理类,本科批B段,1316,石家庄铁道大学,,首选物理，再选化学,573,14254,,,0,河北,公办,0,0
云南,2025,物理类,本科批B段,1317,燕山大学,（01）,首选物理，再选不限,555,22756,,,6,河北,公办,0,0
云南,2025,物理类,本科批B段,1317,燕山大学,（02）,首选物理，再选化学,580,10811,,,61,河北,公办,0,0
云南,2025,物理类,本科批B段,1318,河北科技师范学院,（01）,首选物理，再选不限,470,80652,,,0,河北,公办,0,0
云南,2025,物理类,本科批B段,1322,河北金融学院,,首选物理，再选不限,477,48775,,,25,河北,公办,0,0
云南,2025,物理类,本科批B段,1322,河北金融学院,（02）,首选物理，再选化学,497,63097,,,10,河北,公办,0,0
云南,2025,物理类,本科批B段,1323,北华航天工业学院,（01）,首选物理，再选化学,531,36341,,,40,河北,公办,0,0
云南,2025,物理类,本科批B段,1324,防灾科技学院,,首选物理，再选不限,501,50619,,,20,河北,公办,0,0
云南,2025,物理类,本科批B段,1324,防灾科技学院,,首选物理，再选化学,506,42886,,,63,河北,公办,0,0
云南,2025,物理类,本科批B段,1324,防灾科技学院,（03）,首选物理，再选地理,513,54037,,,4,河北,公办,0,0
云南,2025,物理类,本科批B段,1328,河北水利电力学院,（01）,首选物理，再选不限,488,71869,,,2,河北,公办,0,0
云南,2025,物理类,本科批B段,1328,河北水利电力学院,（02）,首选物理，再选化学,507,51310,,,16,河北,公办,0,0
云南,2025,物理类,本科批B段,1342,石家庄铁道大学四方学院,（01）,首选物理，再选不限,488,71869,,,3,河北,民办,0,0
云南,2025,物理类,本科批B段,1342,石家庄铁道大学四方学院,,首选物理，再选化学,489,49983,,,9,河北,民办,0,0
云南,2025,物理类,本科批B段,1365,河北环境工程学院,（01）,首选物理，再选化学,472,74757,,,15,河北,公办,0,0
云南,2025,物理类,本科批B段,1365,河北环境工程学院,（02）,首选物理，再选生物,468,83722,,,7,河北,公办,0,0
云南,2025,物理类,本科批B段,1380,河北中医药大学,（01）,首选物理，再选不限,573,20029,,,1,河北,公办,0,0
云南,2025,物理类,本科批B段,1380,河北中医药大学,,首选物理，再选化学,515,38653,,,15,河北,公办,0,0
云南,2025,物理类,本科批B段,1381,张家口学院,（01）,首选物理，再选化学,497,64526,,,22,河北,公办,0,0
云南,2025,物理类,本科批B段,1402,中北大学,（01）,首选物理，再选不限,536,31275,,,12,山西,公办,0,0
云南,2025,物理类,本科批B段,1402,中北大学,,首选物理，再选化学,574,8388,,,134,山西,公办,0,0
云南,2025,物理类,本科批B段,1404,山西农业大学,（01）,首选物理，再选化学,475,70392,,,34,山西,公办,0,0
云南,2025,物理类,本科批B段,1404,山西农业大学,（02）,首选物理，再选化学、生物(2科必选),464,62419,,,24,山西,公办,0,0
云南,2025,物理类,本科批B段,1405,山西医科大学,（01）,首选物理，再选不限,466,55401,,,6,山西,公办,0,0
云南,2025,物理类,本科批B段,1405,山西医科大学,（02）,首选物理，再选化学,527,34605,,,28,山西,公办,0,0
云南,2025,物理类,本科批B段,1405,山西医科大学,,首选物理，再选化学、生物(2科必选),534,6528,,,27,山西,公办,0,0
云南,2025,物理类,本科批B段,1405,山西医科大学,（03）,首选物理，再选生物,521,47398,,,6,山西,公办,0,0
云南,2025,物理类,本科批B段,1406,长治医学院,,首选物理，再选不限,499,45400,,,3,山西,公办,0,0
云南,2025,物理类,本科批B段,1406,长治医学院,,首选物理，再选化学,495,36922,,,45,山西,公办,0,0
云南,2025,物理类,本科批B段,1406,长治医学院,（05）,首选物理，再选生物,499,63097,,,8,山西,公办,0,0
云南,2025,物理类,本科批B段,1407,山西师范大学,（01）,首选物理，再选不限,473,49983,,,8,山西,公办,0,0
云南,2025,物理类,本科批B段,1407,山西师范大学,（02）,首选物理，再选化学,498,54745,,,9,山西,公办,0,0
云南,2025,物理类,本科批B段,1407,山西师范大学,（03）,首选物理，再选地理,541,35759,,,3,山西,公办,0,0
云南,2025,物理类,本科批B段,1408,太原师范学院,（01）,首选物理，再选不限,447,102836,,,0,山西,公办,0,0
云南,2025,物理类,本科批B段,1408,太原师范学院,,首选物理，再选化学,492,55401,,,0,山西,公办,0,0
云南,2025,物理类,本科批B段,1408,太原师范学院,（04）,首选物理，再选地理,499,63813,,,0,山西,公办,0,0
云南,2025,物理类,本科批B段,1410,晋中学院,（01）,首选物理，再选不限,467,80653,,,11,山西,公办,0,0
云南,2025,物理类,本科批B段,1410,晋中学院,（02）,首选物理，再选化学,474,74050,,,20,山西,公办,0,0
云南,2025,物理类,本科批B段,1411,长治学院,（01）,首选物理，再选不限,472,63097,,,5,山西,公办,0,0
云南,2025,物理类,本科批B段,1411,长治学院,（02）,首选物理，再选化学,477,69659,,,16,山西,公办,0,0
云南,2025,物理类,本科批B段,1412,忻州师范学院,（01）,首选物理，再选不限,483,66730,,,11,山西,公办,0,0
云南,2025,物理类,本科批B段,1412,忻州师范学院,（02）,首选物理，再选化学,481,61709,,,14,山西,公办,0,0
云南,2025,物理类,本科批B段,1412,忻州师范学院,（04）,首选物理，再选化学、生物(2科必选),465,83722,,,4,山西,公办,0,0
云南,2025,物理类,本科批B段,1412,忻州师范学院,（03）,首选物理，再选地理,480,77767,,,1,山西,公办,0,0
云南,2025,物理类,本科批B段,1413,山西财经大学,（01）,首选物理，再选不限,510,38038,,,26,山西,公办,0,0
云南,2025,物理类,本科批B段,1413,山西财经大学,（02）,首选物理，再选化学,522,45401,,,5,山西,公办,0,0
云南,2025,物理类,本科批B段,1413,山西财经大学,（03）,首选物理，再选地理,507,45401,,,7,山西,公办,0,0
云南,2025,物理类,本科批B段,1417,山西工学院,（01）,首选物理，再选化学,525,34053,,,5,山西,公办,0,0
云南,2025,物理类,本科批B段,1418,山西医药学院,（01）,首选物理，再选化学,518,48101,,,10,山西,公办,0,0
云南,2025,物理类,本科批B段,1426,运城学院,（01）,首选物理，再选化学,469,82926,,,15,山西,公办,0,0
云南,2025,物理类,本科批B段,1430,太原工业学院,（01）,首选物理，再选不限,482,76268,,,2,山西,公办,0,0
云南,2025,物理类,本科批B段,1430,太原工业学院,,首选物理，再选化学,487,53307,,,33,山西,公办,0,0
云南,2025,物理类,本科批B段,1431,吕梁学院,（01）,首选物理，再选不限,470,83722,,,4,山西,公办,0,0
云南,2025,物理类,本科批B段,1431,吕梁学院,（02）,首选物理，再选化学,473,74757,,,15,山西,公办,0,0
云南,2025,物理类,本科批B段,1431,吕梁学院,（04）,首选物理，再选地理,467,87639,,,1,山西,公办,0,0
云南,2025,物理类,本科批B段,1431,吕梁学院,（03）,首选物理，再选生物,474,82168,,,1,山西,公办,0,0
云南,2025,物理类,本科批B段,1437,晋中信息学院,（01）,首选物理，再选化学,453,97447,,,1,山西,民办,0,0
云南,2025,物理类,本科批B段,1438,山西传媒学院,（01）,首选物理，再选不限,489,56117,,,6,山西,公办,0,0
云南,2025,物理类,本科批B段,1438,山西传媒学院,（02）,首选物理，再选化学,493,67463,,,2,山西,公办,0,0
云南,2025,物理类,本科批B段,1442,太原学院,,首选物理，再选不限,464,79927,,,0,山西,公办,0,0
云南,2025,物理类,本科批B段,1442,太原学院,（03）,首选物理，再选化学,474,80652,,,0,山西,公办,0,0
云南,2025,物理类,本科批B段,1444,山西工程技术学院,（01）,首选物理，再选不限,474,79927,,,0,山西,公办,0,0
云南,2025,物理类,本科批B段,1444,山西工程技术学院,（02）,首选物理，再选化学,486,50619,,,0,山西,公办,0,0
云南,2025,物理类,本科批B段,1501,内蒙古大学,,首选物理，再选不限,541,21863,,,11,内蒙古,公办,0,1
云南,2025,物理类,本科批B段,1501,内蒙古大学,,首选物理，再选化学,541,14254,,,67,内蒙古,公办,0,1
云南,2025,物理类,本科批B段,1503,内蒙古工业大学,,首选物理，再选不限,470,85253,,,11,内蒙古,公办,0,0
云南,2025,物理类,本科批B段,1503,内蒙古工业大学,,首选物理，再选化学,450,66012,,,64,内蒙古,公办,0,0
云南,2025,物理类,本科批B段,1509,内蒙古财经大学,,首选物理，再选不限,497,54745,,,20,内蒙古,公办,0,0
云南,2025,物理类,本科批B段,2103,沈阳工业大学,（01）,首选物理，再选不限,547,32351,,,3,辽宁,公办,0,0
云南,2025,物理类,本科批B段,2104,沈阳航空航天大学,（01）,首选物理，再选化学,580,14254,,,0,辽宁,公办,0,0
云南,2025,物理类,本科批B段,2105,沈阳理工大学,（01）,首选物理，再选不限,522,33483,,,5,辽宁,公办,0,0
云南,2025,物理类,本科批B段,2105,沈阳理工大学,（02）,首选物理，再选化学,552,19141,,,56,辽宁,公办,0,0
云南,2025,物理类,本科批B段,2106,东北大学,（01）,首选物理，再选不限,609,7050,,,11,辽宁,公办,1,1
云南,2025,物理类,本科批B段,2106,东北大学,（04）,首选物理，再选化学,602,9010,,,7,辽宁,公办,1,1
云南,2025,物理类,本科批B段,2109,辽宁石油化工大学,,首选物理，再选化学,487,38037,,,33,辽宁,公办,0,0
云南,2025,物理类,本科批B段,2110,沈阳化工大学,（01）,首选物理，再选化学,525,32923,,,26,辽宁,公办,0,0
云南,2025,物理类,本科批B段,2112,大连海事大学,（01）,首选物理，再选不限,582,12141,,,0,辽宁,公办,0,1
云南,2025,物理类,本科批B段,2112,大连海事大学,,首选物理，再选化学,493,7869,,,0,辽宁,公办,0,1
云南,2025,物理类,本科批B段,2113,大连医科大学,,首选物理，再选化学,575,2260,,,0,辽宁,公办,0,0
云南,2025,物理类,本科批B段,2114,沈阳建筑大学,,首选物理，再选不限,447,46781,,,10,辽宁,公办,0,0
云南,2025,物理类,本科批B段,2114,沈阳建筑大学,,首选物理，再选化学,474,20930,,,39,辽宁,公办,0,0
云南,2025,物理类,本科批B段,2115,沈阳农业大学,,首选物理，再选化学,436,35181,,,0,辽宁,公办,0,0
云南,2025,物理类,本科批B段,2116,中国医科大学,,首选物理，再选化学,495,28008,,,4,辽宁,公办,0,0
云南,2025,物理类,本科批B段,2119,沈阳师范大学,,首选物理，再选不限,477,63097,,,4,辽宁,公办,0,0
云南,2025,物理类,本科批B段,2119,沈阳师范大学,,首选物理，再选化学,506,49983,,,27,辽宁,公办,0,0
云南,2025,物理类,本科批B段,2121,鞍山师范学院,,首选物理，再选不限,448,74757,,,16,辽宁,公办,0,0
云南,2025,物理类,本科批B段,2121,鞍山师范学院,（05）,首选物理，再选化学,476,78457,,,13,辽宁,公办,0,0
云南,2025,物理类,本科批B段,2122,大连外国语大学,,首选物理，再选不限,529,24566,,,10,辽宁,公办,0,0
云南,2025,物理类,本科批B段,2129,沈阳大学,（01）,首选物理，再选不限,494,60276,,,12,辽宁,公办,0,0
云南,2025,物理类,本科批B段,2129,沈阳大学,,首选物理，再选化学,497,44759,,,54,辽宁,公办,0,0
云南,2025,物理类,本科批B段,2131,辽宁师范大学,（01）,首选物理，再选不限,477,65270,,,16,辽宁,公办,0,0
云南,2025,物理类,本科批B段,2131,辽宁师范大学,（02）,首选物理，再选化学,526,45400,,,6,辽宁,公办,0,0
云南,2025,物理类,本科批B段,2131,辽宁师范大学,（03）,首选物理，再选思想政治,521,48775,,,2,辽宁,公办,0,0
云南,2025,物理类,本科批B段,2134,大连民族大学,,首选物理，再选不限,475,61710,,,27,辽宁,公办,0,0
云南,2025,物理类,本科批B段,2137,沈阳科技学院,（01）,首选物理，再选不限,455,95980,,,1,辽宁,民办,0,0
云南,2025,物理类,本科批B段,2149,辽宁工业大学,（01）,首选物理，再选化学,527,35181,,,0,辽宁,公办,0,0
云南,2025,物理类,本科批B段,2157,大连工业大学,（01）,首选物理，再选不限,510,44150,,,2,辽宁,公办,0,0
云南,2025,物理类,本科批B段,2157,大连工业大学,,首选物理，再选化学,519,22903,,,34,辽宁,公办,0,0
云南,2025,物理类,本科批B段,2162,大连东软信息学院,,首选物理，再选不限,411,121395,,,0,辽宁,民办,0,0
云南,2025,物理类,本科批B段,2162,大连东软信息学院,（03）,首选物理，再选化学,393,105016,,,0,辽宁,民办,0,0
云南,2025,物理类,本科批B段,2170,辽宁中医药大学,,首选物理，再选不限,518,30166,,,0,辽宁,公办,0,0
云南,2025,物理类,本科批B段,2170,辽宁中医药大学,,首选物理，再选化学,495,35759,,,0,辽宁,公办,0,0
云南,2025,物理类,本科批B段,2173,辽宁科技学院,（01）,首选物理，再选化学,506,51310,,,22,辽宁,公办,0,0
云南,2025,物理类,本科批B段,2175,辽东学院,,首选物理，再选不限,471,74049,,,0,辽宁,公办,0,0
云南,2025,物理类,本科批B段,2198,营口理工学院,,首选物理，再选不限,475,70392,,,9,辽宁,公办,0,0
云南,2025,物理类,本科批B段,2198,营口理工学院,（03）,首选物理，再选化学,486,60983,,,54,辽宁,公办,0,0
云南,2025,物理类,本科批B段,2201,吉林大学,（04）,首选物理，再选不限,592,9898,,,6,吉林,公办,1,1
云南,2025,物理类,本科批B段,2201,吉林大学,,首选物理，再选化学,439,2517,,,73,吉林,公办,1,1
云南,2025,物理类,本科批B段,2201,吉林大学,（07）,首选物理，再选化学、生物(2科必选),596,11160,,,3,吉林,公办,1,1
云南,2025,物理类,本科批B段,2202,延边大学,（01）,首选物理，再选不限,541,34052,,,0,吉林,公办,0,1
云南,2025,物理类,本科批B段,2202,延边大学,（02）,首选物理，再选化学,555,19141,,,0,吉林,公办,0,1
云南,2025,物理类,本科批B段,2202,延边大学,（05）,首选物理，再选地理,564,24086,,,0,吉林,公办,0,1
云南,2025,物理类,本科批B段,2202,延边大学,,首选物理，再选生物,537,21863,,,0,吉林,公办,0,1
云南,2025,物理类,本科批B段,2203,长春理工大学,（01）,首选物理，再选不限,562,25022,,,0,吉林,公办,0,0
云南,2025,物理类,本科批B段,2203,长春理工大学,,首选物理，再选化学,561,10501,,,0,吉林,公办,0,0
云南,2025,物理类,本科批B段,2203,长春理工大学,（04）,首选物理，再选化学、生物(2科必选),543,35181,,,0,吉林,公办,0,0
云南,2025,物理类,本科批B段,2204,东北电力大学,,首选物理，再选化学,558,13167,,,75,吉林,公办,0,0
云南,2025,物理类,本科批B段,2205,长春工业大学,,首选物理，再选不限,440,46781,,,18,吉林,公办,0,0
云南,2025,物理类,本科批B段,2205,长春工业大学,,首选物理，再选化学,516,29087,,,86,吉林,公办,0,0
云南,2025,物理类,本科批B段,2206,吉林建筑大学,（01）,首选物理，再选不限,486,69659,,,0,吉林,公办,0,0
云南,2025,物理类,本科批B段,2206,吉林建筑大学,（02）,首选物理，再选化学,488,53307,,,0,吉林,公办,0,0
云南,2025,物理类,本科批B段,2206,吉林建筑大学,（03）,首选物理，再选生物、地理(2科必选),462,91420,,,0,吉林,公办,0,0
云南,2025,物理类,本科批B段,2207,吉林化工大学,（01）,首选物理，再选不限,478,71158,,,6,吉林,公办,0,0
云南,2025,物理类,本科批B段,2207,吉林化工大学,（02）,首选物理，再选化学,494,49983,,,34,吉林,公办,0,0
云南,2025,物理类,本科批B段,2208,吉林农业大学,（01）,首选物理，再选不限,487,72622,,,2,吉林,公办,0,0
云南,2025,物理类,本科批B段,2208,吉林农业大学,（02）,首选物理，再选化学,491,56116,,,22,吉林,公办,0,0
云南,2025,物理类,本科批B段,2208,吉林农业大学,（04）,首选物理，再选化学、生物(2科必选),478,71158,,,31,吉林,公办,0,0
云南,2025,物理类,本科批B段,2208,吉林农业大学,（03）,首选物理，再选生物,474,82168,,,3,吉林,公办,0,0
云南,2025,物理类,本科批B段,2209,长春中医药大学,（01）,首选物理，再选不限,536,26994,,,30,吉林,公办,0,0
云南,2025,物理类,本科批B段,2209,长春中医药大学,（02）,首选物理，再选化学,490,54745,,,37,吉林,公办,0,0
云南,2025,物理类,本科批B段,2210,东北师范大学,（06）,首选物理，再选不限,572,20457,,,0,吉林,公办,0,1
云南,2025,物理类,本科批B段,2210,东北师范大学,,首选物理，再选化学,572,8700,,,0,吉林,公办,0,1
云南,2025,物理类,本科批B段,2211,北华大学,（01）,首选物理，再选不限,495,66730,,,2,吉林,公办,0,0
云南,2025,物理类,本科批B段,2211,北华大学,,首选物理，再选化学,466,41041,,,38,吉林,公办,0,0
云南,2025,物理类,本科批B段,2211,北华大学,（04）,首选物理，再选化学、生物(2科必选),540,36922,,,2,吉林,公办,0,0
云南,2025,物理类,本科批B段,2211,北华大学,（03）,首选物理，再选生物,461,92196,,,3,吉林,公办,0,0
云南,2025,物理类,本科批B段,2213,吉林师范大学,（03）,首选物理，再选地理,514,52643,,,3,吉林,公办,0,0
云南,2025,物理类,本科批B段,2214,吉林工程技术师范学院,（01）,首选物理，再选化学,462,87639,,,44,吉林,公办,0,0
云南,2025,物理类,本科批B段,2215,长春师范大学,,首选物理，再选不限,433,44143,,,5,吉林,公办,0,0
云南,2025,物理类,本科批B段,2215,长春师范大学,,首选物理，再选化学,482,49360,,,22,吉林,公办,0,0
云南,2025,物理类,本科批B段,2215,长春师范大学,（03）,首选物理，再选地理,521,48775,,,2,吉林,公办,0,0
云南,2025,物理类,本科批B段,2218,吉林工商学院,（01）,首选物理，再选不限,473,75536,,,23,吉林,公办,0,0
云南,2025,物理类,本科批B段,2218,吉林工商学院,（02）,首选物理，再选化学,475,74758,,,22,吉林,公办,0,0
云南,2025,物理类,本科批B段,2220,长春工程学院,（01）,首选物理，再选不限,480,74757,,,7,吉林,公办,0,0
云南,2025,物理类,本科批B段,2220,长春工程学院,（02）,首选物理，再选化学,503,31830,,,50,吉林,公办,0,0
云南,2025,物理类,本科批B段,2221,长春大学,,首选物理，再选不限,463,42886,,,6,吉林,公办,0,0
云南,2025,物理类,本科批B段,2221,长春大学,,首选物理，再选化学,430,34605,,,45,吉林,公办,0,0
云南,2025,物理类,本科批B段,2228,长春建筑学院,（02）,首选物理，再选化学,391,132650,,,0,吉林,民办,0,0
云南,2025,物理类,本科批B段,2230,长春大学旅游学院,（01）,首选物理，再选不限,396,136549,,,2,吉林,民办,0,0
云南,2025,物理类,本科批B段,2231,吉林医药学院,（01）,首选物理，再选化学,490,64525,,,13,吉林,公办,0,0
云南,2025,物理类,本科批B段,2231,吉林医药学院,,首选物理，再选化学、生物(2科必选),468,42262,,,12,吉林,公办,0,0
云南,2025,物理类,本科批B段,2234,长春汽车职业技术大学,（01）,首选物理，再选不限,493,63813,,,13,吉林,公办,0,0
云南,2025,物理类,本科批B段,2240,吉林警察学院,（01）,首选物理，再选不限,518,46781,,,0,吉林,公办,0,0
云南,2025,物理类,本科批B段,2240,吉林警察学院,（02）,首选物理，再选化学,522,48100,,,0,吉林,公办,0,0
云南,2025,物理类,本科批B段,2250,长春科技学院,（01）,首选物理，再选不限,445,104303,,,0,吉林,民办,0,0
云南,2025,物理类,本科批B段,2250,长春科技学院,（02）,首选物理，再选化学,422,120700,,,0,吉林,民办,0,0
云南,2025,物理类,本科批B段,2253,长春人文学院,（01）,首选物理，再选不限,423,119311,,,0,吉林,民办,0,0
云南,2025,物理类,本科批B段,2255,吉林外国语大学,（01）,首选物理，再选不限,426,101379,,,0,吉林,民办,0,0
云南,2025,物理类,本科批B段,2301,黑龙江大学,（01）,首选物理，再选化学,529,32923,,,0,黑龙江,公办,0,0
云南,2025,物理类,本科批B段,2304,黑龙江科技大学,（01）,首选物理，再选不限,503,54745,,,0,黑龙江,公办,0,0
云南,2025,物理类,本科批B段,2304,黑龙江科技大学,（02）,首选物理，再选化学,507,36922,,,0,黑龙江,公办,0,0
云南,2025,物理类,本科批B段,2305,东北石油大学,（01）,首选物理，再选不限,531,17875,,,5,黑龙江,公办,0,0
云南,2025,物理类,本科批B段,2305,东北石油大学,（02）,首选物理，再选化学,538,22302,,,45,黑龙江,公办,0,0
云南,2025,物理类,本科批B段,2306,佳木斯大学,（01）,首选物理，再选不限,467,83722,,,0,黑龙江,公办,0,0
云南,2025,物理类,本科批B段,2306,佳木斯大学,（02）,首选物理，再选化学,488,66730,,,0,黑龙江,公办,0,0
云南,2025,物理类,本科批B段,2306,佳木斯大学,（03）,首选物理，再选化学、生物(2科必选),535,39840,,,0,黑龙江,公办,0,0
云南,2025,物理类,本科批B段,2307,黑龙江八一农垦大学,（01）,首选物理，再选不限,484,67462,,,3,黑龙江,公办,0,0
云南,2025,物理类,本科批B段,2307,黑龙江八一农垦大学,,首选物理，再选化学,469,55401,,,39,黑龙江,公办,0,0
云南,2025,物理类,本科批B段,2309,东北林业大学,（01）,首选物理，再选不限,560,16173,,,7,黑龙江,公办,0,1
云南,2025,物理类,本科批B段,2309,东北林业大学,,首选物理，再选化学,481,11493,,,99,黑龙江,公办,0,1
云南,2025,物理类,本科批B段,2310,哈尔滨医科大学,（01）,首选物理，再选不限,507,52004,,,12,黑龙江,公办,0,0
云南,2025,物理类,本科批B段,2310,哈尔滨医科大学,,首选物理，再选化学,514,9009,,,41,黑龙江,公办,0,0
云南,2025,物理类,本科批B段,2310,哈尔滨医科大学,,首选物理，再选化学、生物(2科必选),460,2827,,,47,黑龙江,公办,0,0
云南,2025,物理类,本科批B段,2310,哈尔滨医科大学,（05）,首选物理，再选生物,525,45401,,,10,黑龙江,公办,0,0
云南,2025,物理类,本科批B段,2311,黑龙江中医药大学,,首选物理，再选不限,490,9305,,,26,黑龙江,公办,0,0
云南,2025,物理类,本科批B段,2311,黑龙江中医药大学,（03）,首选物理，再选化学,496,51310,,,33,黑龙江,公办,0,0
云南,2025,物理类,本科批B段,2311,黑龙江中医药大学,,首选物理，再选生物,516,31830,,,14,黑龙江,公办,0,0
云南,2025,物理类,本科批B段,2312,牡丹江医科大学,,首选物理，再选化学,507,37443,,,15,黑龙江,公办,0,0
云南,2025,物理类,本科批B段,2312,牡丹江医科大学,,首选物理，再选化学、生物(2科必选),493,38037,,,30,黑龙江,公办,0,0
云南,2025,物理类,本科批B段,2313,哈尔滨师范大学,,首选物理，再选不限,474,46056,,,0,黑龙江,公办,0,0
云南,2025,物理类,本科批B段,2313,哈尔滨师范大学,,首选物理，再选化学,506,51310,,,0,黑龙江,公办,0,0
云南,2025,物理类,本科批B段,2313,哈尔滨师范大学,（04）,首选物理，再选地理,509,56824,,,0,黑龙江,公办,0,0
云南,2025,物理类,本科批B段,2314,齐齐哈尔大学,（01）,首选物理，再选化学,491,45400,,,63,黑龙江,公办,0,0
云南,2025,物理类,本科批B段,2315,哈尔滨学院,（01）,首选物理，再选不限,472,74049,,,0,黑龙江,公办,0,0
云南,2025,物理类,本科批B段,2315,哈尔滨学院,（02）,首选物理，再选化学,477,67462,,,0,黑龙江,公办,0,0
云南,2025,物理类,本科批B段,2315,哈尔滨学院,（03）,首选物理，再选地理,488,71869,,,0,黑龙江,公办,0,0
云南,2025,物理类,本科批B段,2316,大庆师范学院,,首选物理，再选化学,468,77017,,,17,黑龙江,公办,0,0
云南,2025,物理类,本科批B段,2317,绥化学院,,首选物理，再选化学,462,66012,,,22,黑龙江,公办,0,0
云南,2025,物理类,本科批B段,2318,哈尔滨商业大学,（01）,首选物理，再选不限,488,48775,,,0,黑龙江,公办,0,0
云南,2025,物理类,本科批B段,2318,哈尔滨商业大学,（02）,首选物理，再选化学,488,60276,,,0,黑龙江,公办,0,0
云南,2025,物理类,本科批B段,2319,哈尔滨金融学院,（03）,首选物理，再选化学,519,49361,,,2,黑龙江,公办,0,0
云南,2025,物理类,本科批B段,2320,齐齐哈尔医学院,（01）,首选物理，再选化学,489,55402,,,39,黑龙江,公办,0,0
云南,2025,物理类,本科批B段,2320,齐齐哈尔医学院,,首选物理，再选化学、生物(2科必选),491,45401,,,45,黑龙江,公办,0,0
云南,2025,物理类,本科批B段,2320,齐齐哈尔医学院,（02）,首选物理，再选生物,476,78458,,,19,黑龙江,公办,0,0
云南,2025,物理类,本科批B段,2321,黑龙江工业学院,（01）,首选物理，再选不限,477,79927,,,2,黑龙江,公办,0,0
云南,2025,物理类,本科批B段,2321,黑龙江工业学院,（02）,首选物理，再选化学,480,69659,,,46,黑龙江,公办,0,0
云南,2025,物理类,本科批B段,2335,黑河学院,（01）,首选物理，再选不限,477,78457,,,3,黑龙江,公办,0,0
云南,2025,物理类,本科批B段,2335,黑河学院,（02）,首选物理，再选化学,485,70392,,,12,黑龙江,公办,0,0
云南,2025,物理类,本科批B段,2337,哈尔滨理工大学,（01）,首选物理，再选不限,454,34052,,,0,黑龙江,公办,0,0
云南,2025,物理类,本科批B段,2337,哈尔滨理工大学,（02）,首选物理，再选化学,567,17418,,,0,黑龙江,公办,0,0
云南,2025,物理类,本科批B段,2354,牡丹江师范学院,（01）,首选物理，再选不限,463,89168,,,5,黑龙江,公办,0,0
云南,2025,物理类,本科批B段,2354,牡丹江师范学院,（02）,首选物理，再选化学,469,81411,,,12,黑龙江,公办,0,0
云南,2025,物理类,本科批B段,2354,牡丹江师范学院,（03）,首选物理，再选生物,463,90658,,,3,黑龙江,公办,0,0
云南,2025,物理类,本科批B段,3104,华东理工大学,,首选物理，再选不限,602,5336,,,0,上海,公办,0,1
云南,2025,物理类,本科批B段,3104,华东理工大学,,首选物理，再选化学,512,3813,,,0,上海,公办,0,1
云南,2025,物理类,本科批B段,3105,上海理工大学,,首选物理，再选不限,583,15420,,,5,上海,公办,0,0
云南,2025,物理类,本科批B段,3105,上海理工大学,,首选物理，再选化学,589,11835,,,0,上海,公办,0,0
云南,2025,物理类,本科批B段,3106,上海海事大学,,首选物理，再选不限,564,15809,,,0,上海,公办,0,0
云南,2025,物理类,本科批B段,3106,上海海事大学,（02）,首选物理，再选化学,575,15420,,,0,上海,公办,0,0
云南,2025,物理类,本科批B段,3109,上海应用技术大学,（05）,首选物理，再选化学,525,45401,,,11,上海,公办,0,0
云南,2025,物理类,本科批B段,3110,上海健康医学院,,首选物理，再选化学,500,50619,,,0,上海,公办,0,0
云南,2025,物理类,本科批B段,3111,上海海洋大学,（01）,首选物理，再选化学,561,20930,,,0,上海,公办,0,0
云南,2025,物理类,本科批B段,3112,上海中医药大学,（01）,首选物理，再选不限,570,21389,,,0,上海,公办,0,0
云南,2025,物理类,本科批B段,3112,上海中医药大学,,首选物理，再选化学,562,3981,,,0,上海,公办,0,0
云南,2025,物理类,本科批B段,3113,华东师范大学,,首选物理，再选化学,490,1810,,,0,上海,公办,1,1
云南,2025,物理类,本科批B段,3115,上海财经大学,,首选物理，再选不限,603,2137,,,25,上海,公办,0,1
云南,2025,物理类,本科批B段,3115,上海财经大学,,首选物理，再选化学,612,3137,,,16,上海,公办,0,1
云南,2025,物理类,本科批B段,3116,上海海关学院,（04）,首选物理，再选不限,569,16174,,,3,上海,公办,0,0
云南,2025,物理类,本科批B段,3116,上海海关学院,（03）,首选物理，再选化学,573,19584,,,5,上海,公办,0,0
云南,2025,物理类,本科批B段,3119,上海体育大学,（01）,首选物理，再选不限,558,26994,,,2,上海,公办,0,0
云南,2025,物理类,本科批B段,3119,上海体育大学,,首选物理，再选化学,539,29087,,,18,上海,公办,0,0
云南,2025,物理类,本科批B段,3121,上海戏剧学院,（01）,首选物理，再选不限,592,12494,,,0,上海,公办,0,0
云南,2025,物理类,本科批B段,3122,上海大学,,首选物理，再选不限,588,6529,,,11,上海,公办,0,1
云南,2025,物理类,本科批B段,3122,上海大学,（03）,首选物理，再选化学,607,7587,,,13,上海,公办,0,1
云南,2025,物理类,本科批B段,3124,上海工程技术大学,（03）,首选物理，再选不限,499,63098,,,9,上海,公办,0,0
云南,2025,物理类,本科批B段,3125,上海立信会计金融学院,,首选物理，再选不限,546,19141,,,0,上海,公办,0,0
云南,2025,物理类,本科批B段,3125,上海立信会计金融学院,（03）,首选物理，再选化学,537,28007,,,0,上海,公办,0,0
云南,2025,物理类,本科批B段,3127,上海杉达学院,,首选物理，再选不限,395,82926,,,0,上海,民办,0,0
云南,2025,物理类,本科批B段,3127,上海杉达学院,,首选物理，再选化学,398,98983,,,0,上海,民办,0,0
云南,2025,物理类,本科批B段,3128,上海政法学院,,首选物理，再选不限,562,10210,,,0,上海,公办,0,0
云南,2025,物理类,本科批B段,3129,上海商学院,,首选物理，再选不限,520,25533,,,2,上海,公办,0,0
云南,2025,物理类,本科批B段,3129,上海商学院,（02）,首选物理，再选化学,525,42886,,,0,上海,公办,0,0
云南,2025,物理类,本科批B段,3147,上海电机学院,（03）,首选物理，再选不限,517,50620,,,5,上海,公办,0,0
云南,2025,物理类,本科批B段,3147,上海电机学院,（04）,首选物理，再选化学,509,56117,,,4,上海,公办,0,0
云南,2025,物理类,本科批B段,3150,上海第二工业大学,（01）,首选物理，再选不限,530,39237,,,0,上海,公办,0,0
云南,2025,物理类,本科批B段,3150,上海第二工业大学,,首选物理，再选化学,525,22756,,,0,上海,公办,0,0
云南,2025,物理类,本科批B段,3159,上海对外经贸大学,,首选物理，再选不限,542,12494,,,7,上海,公办,0,0
云南,2025,物理类,本科批B段,3162,上海师范大学,,首选物理，再选化学,496,20930,,,0,上海,公办,0,0
云南,2025,物理类,本科批B段,3205,南京理工大学,,首选物理，再选不限,582,6035,,,0,江苏,公办,0,1
云南,2025,物理类,本科批B段,3205,南京理工大学,,首选物理，再选化学,546,2974,,,0,江苏,公办,0,1
云南,2025,物理类,本科批B段,3206,江苏科技大学,（01）,首选物理，再选不限,562,22756,,,6,江苏,公办,0,0
云南,2025,物理类,本科批B段,3206,江苏科技大学,,首选物理，再选化学,535,16561,,,69,江苏,公办,0,0
云南,2025,物理类,本科批B段,3208,南京工业大学,（01）,首选物理，再选不限,567,20457,,,8,江苏,公办,0,0
云南,2025,物理类,本科批B段,3208,南京工业大学,,首选物理，再选化学,559,11160,,,116,江苏,公办,0,0
云南,2025,物理类,本科批B段,3209,南京邮电大学,（02）,首选物理，再选不限,561,22757,,,7,江苏,公办,0,0
云南,2025,物理类,本科批B段,3209,南京邮电大学,,首选物理，再选化学,578,4902,,,106,江苏,公办,0,0
云南,2025,物理类,本科批B段,3211,江南大学,,首选物理，再选不限,573,7587,,,7,江苏,公办,0,1
云南,2025,物理类,本科批B段,3211,江南大学,,首选物理，再选化学,576,4700,,,29,江苏,公办,0,1
云南,2025,物理类,本科批B段,3211,江南大学,（08）,首选物理，再选生物,530,42263,,,3,江苏,公办,0,1
云南,2025,物理类,本科批B段,3213,江苏大学,,首选物理，再选化学,557,10501,,,194,江苏,公办,0,0
云南,2025,物理类,本科批B段,3214,南京信息工程大学,（01）,首选物理，再选不限,585,12808,,,12,江苏,公办,0,0
云南,2025,物理类,本科批B段,3214,南京信息工程大学,,首选物理，再选化学,572,3981,,,134,江苏,公办,0,0
云南,2025,物理类,本科批B段,3222,金陵科技学院,（01）,首选物理，再选不限,514,48100,,,4,江苏,公办,0,0
云南,2025,物理类,本科批B段,3222,金陵科技学院,（02）,首选物理，再选化学,524,30718,,,19,江苏,公办,0,0
云南,2025,物理类,本科批B段,3224,扬州大学,（01）,首选物理，再选不限,563,24566,,,2,江苏,公办,0,0
云南,2025,物理类,本科批B段,3224,扬州大学,,首选物理，再选化学,474,10210,,,77,江苏,公办,0,0
云南,2025,物理类,本科批B段,3227,南京特殊教育师范学院,（01）,首选物理，再选不限,498,41680,,,15,江苏,公办,0,0
云南,2025,物理类,本科批B段,3227,南京特殊教育师范学院,（02）,首选物理，再选化学,494,61709,,,17,江苏,公办,0,0
云南,2025,物理类,本科批B段,3232,南京师范大学泰州学院,（01）,首选物理，再选化学,438,98245,,,0,江苏,民办,0,0
云南,2025,物理类,本科批B段,3238,苏州工学院,（01）,首选物理，再选化学,499,55401,,,11,江苏,公办,0,0
云南,2025,物理类,本科批B段,3240,南京师范大学,（01）,首选物理，再选不限,594,11835,,,0,江苏,公办,0,1
云南,2025,物理类,本科批B段,3240,南京师范大学,（03）,首选物理，再选化学,595,8700,,,0,江苏,公办,0,1
云南,2025,物理类,本科批B段,3240,南京师范大学,（04）,首选物理，再选地理,611,6790,,,0,江苏,公办,0,1
云南,2025,物理类,本科批B段,3241,淮阴师范学院,（01）,首选物理，再选不限,491,69659,,,0,江苏,公办,0,0
云南,2025,物理类,本科批B段,3241,淮阴师范学院,（02）,首选物理，再选化学,497,56824,,,0,江苏,公办,0,0
云南,2025,物理类,本科批B段,3243,淮阴工学院,（04）,首选物理，再选不限,468,86016,,,15,江苏,公办,0,0
云南,2025,物理类,本科批B段,3243,淮阴工学院,（03）,首选物理，再选生物,480,77017,,,3,江苏,公办,0,0
云南,2025,物理类,本科批B段,3250,西交利物浦大学,（01）,首选物理，再选不限,549,31830,,,40,江苏,中外合作办学,0,0
云南,2025,物理类,本科批B段,3250,西交利物浦大学,（02）,首选物理，再选化学,544,34605,,,213,江苏,中外合作办学,0,0
云南,2025,物理类,本科批B段,3253,江苏师范大学,（01）,首选物理，再选不限,528,38037,,,0,江苏,公办,0,0
云南,2025,物理类,本科批B段,3253,江苏师范大学,（03）,首选物理，再选化学,531,32923,,,0,江苏,公办,0,0
云南,2025,物理类,本科批B段,3256,南京工程学院,（01）,首选物理，再选不限,539,35181,,,6,江苏,公办,0,0
云南,2025,物理类,本科批B段,3256,南京工程学院,（02）,首选物理，再选化学,572,14254,,,24,江苏,公办,0,0
云南,2025,物理类,本科批B段,3257,宿迁学院,（01）,首选物理，再选不限,491,59581,,,0,江苏,公办,0,0
云南,2025,物理类,本科批B段,3257,宿迁学院,（02）,首选物理，再选化学,500,54745,,,0,江苏,公办,0,0
云南,2025,物理类,本科批B段,3261,常州大学,（01）,首选物理，再选不限,538,38037,,,1,江苏,公办,0,0
云南,2025,物理类,本科批B段,3261,常州大学,,首选物理，再选化学,530,24566,,,32,江苏,公办,0,0
云南,2025,物理类,本科批B段,3262,常州工学院,（01）,首选物理，再选化学,518,38654,,,18,江苏,公办,0,0
云南,2025,物理类,本科批B段,3271,苏州科技大学,（01）,首选物理，再选不限,537,35181,,,0,江苏,公办,0,0
云南,2025,物理类,本科批B段,3271,苏州科技大学,（02）,首选物理，再选化学,555,21389,,,0,江苏,公办,0,0
云南,2025,物理类,本科批B段,3295,东南大学成贤学院,（01）,首选物理，再选不限,450,93709,,,0,江苏,民办,0,0
云南,2025,物理类,本科批B段,3295,东南大学成贤学院,（02）,首选物理，再选化学,438,85253,,,0,江苏,民办,0,0
云南,2025,物理类,本科批B段,3303,浙江工业大学,（01）,首选物理，再选不限,581,16561,,,5,浙江,公办,0,0
云南,2025,物理类,本科批B段,3303,浙江工业大学,,首选物理，再选化学,559,8388,,,85,浙江,公办,0,0
云南,2025,物理类,本科批B段,3304,浙江理工大学,（01）,首选物理，再选不限,545,31275,,,0,浙江,公办,0,0
云南,2025,物理类,本科批B段,3304,浙江理工大学,（02）,首选物理，再选化学,560,13884,,,0,浙江,公办,0,0
云南,2025,物理类,本科批B段,3305,温州医科大学,,首选物理，再选不限,479,33483,,,0,浙江,公办,0,0
云南,2025,物理类,本科批B段,3305,温州医科大学,,首选物理，再选化学,508,2137,,,0,浙江,公办,0,0
云南,2025,物理类,本科批B段,3306,浙江师范大学,,首选物理，再选不限,541,24086,,,16,浙江,公办,0,0
云南,2025,物理类,本科批B段,3306,浙江师范大学,,首选物理，再选化学,553,15032,,,55,浙江,公办,0,0
云南,2025,物理类,本科批B段,3307,绍兴文理学院,（01）,首选物理，再选化学,517,45400,,,30,浙江,公办,0,0
云南,2025,物理类,本科批B段,3308,台州学院,（01）,首选物理，再选化学,509,45400,,,66,浙江,公办,0,0
云南,2025,物理类,本科批B段,3309,温州大学,（01）,首选物理，再选不限,521,35759,,,0,浙江,公办,0,0
云南,2025,物理类,本科批B段,3309,温州大学,,首选物理，再选化学,528,28007,,,0,浙江,公办,0,0
云南,2025,物理类,本科批B段,3311,浙江工商大学,,首选物理，再选不限,479,26012,,,50,浙江,公办,0,0
云南,2025,物理类,本科批B段,3311,浙江工商大学,（02）,首选物理，再选化学,543,24086,,,22,浙江,公办,0,0
云南,2025,物理类,本科批B段,3312,嘉兴大学,（01）,首选物理，再选化学,537,32923,,,118,浙江,公办,0,0
云南,2025,物理类,本科批B段,3313,中国美术学院,（01）,首选物理，再选化学,602,9010,,,2,浙江,公办,0,0
云南,2025,物理类,本科批B段,3314,中国计量大学,（01）,首选物理，再选不限,580,16173,,,9,浙江,公办,0,0
云南,2025,物理类,本科批B段,3314,中国计量大学,（02）,首选物理，再选化学,581,12808,,,68,浙江,公办,0,0
云南,2025,物理类,本科批B段,3315,浙江中医药大学,,首选物理，再选化学,534,8153,,,42,浙江,公办,0,0
云南,2025,物理类,本科批B段,3317,浙江万里学院,,首选物理，再选不限,481,68200,,,0,浙江,公办,0,0
云南,2025,物理类,本科批B段,3317,浙江万里学院,（03）,首选物理，再选化学,481,60276,,,0,浙江,公办,0,0
云南,2025,物理类,本科批B段,3318,浙江水利水电学院,,首选物理，再选不限,506,49983,,,20,浙江,公办,0,0
云南,2025,物理类,本科批B段,3318,浙江水利水电学院,（03）,首选物理，再选化学,524,42262,,,30,浙江,公办,0,0
云南,2025,物理类,本科批B段,3319,宁波大学,（01）,首选物理，再选不限,574,19583,,,0,浙江,公办,0,0
云南,2025,物理类,本科批B段,3319,宁波大学,（02）,首选物理，再选化学,561,11835,,,0,浙江,公办,0,0
云南,2025,物理类,本科批B段,3319,宁波大学,（03）,首选物理，再选地理,545,34052,,,0,浙江,公办,0,0
云南,2025,物理类,本科批B段,3320,浙江传媒学院,,首选物理，再选不限,540,22756,,,0,浙江,公办,0,0
云南,2025,物理类,本科批B段,3320,浙江传媒学院,,首选物理，再选化学,519,19141,,,0,浙江,公办,0,0
云南,2025,物理类,本科批B段,3322,宁波大学科学技术学院,（01）,首选物理，再选不限,457,77767,,,0,浙江,民办,0,0
云南,2025,物理类,本科批B段,3322,宁波大学科学技术学院,（02）,首选物理，再选化学,430,80652,,,0,浙江,民办,0,0
云南,2025,物理类,本科批B段,3323,嘉兴南湖学院,（01）,首选物理，再选不限,524,46057,,,4,浙江,公办,0,0
云南,2025,物理类,本科批B段,3323,嘉兴南湖学院,（02）,首选物理，再选化学,524,37444,,,33,浙江,公办,0,0
云南,2025,物理类,本科批B段,3330,湖州学院,（01）,首选物理，再选化学,526,45400,,,10,浙江,公办,0,0
云南,2025,物理类,本科批B段,3331,浙江农林大学,,首选物理，再选不限,534,35759,,,17,浙江,公办,0,0
云南,2025,物理类,本科批B段,3331,浙江农林大学,（03）,首选物理，再选化学,519,29629,,,54,浙江,公办,0,0
云南,2025,物理类,本科批B段,3331,浙江农林大学,（04）,首选物理，再选生物,542,35759,,,3,浙江,公办,0,0
云南,2025,物理类,本科批B段,3332,杭州师范大学,,首选物理，再选化学,543,24566,,,89,浙江,公办,0,0
云南,2025,物理类,本科批B段,3337,宁波工程学院,,首选物理，再选不限,507,48100,,,5,浙江,公办,0,0
云南,2025,物理类,本科批B段,3337,宁波工程学院,,首选物理，再选化学,512,41680,,,57,浙江,公办,0,0
云南,2025,物理类,本科批B段,3342,浙江财经大学东方学院,,首选物理，再选不限,432,100585,,,11,浙江,民办,0,0
云南,2025,物理类,本科批B段,3342,浙江财经大学东方学院,（03）,首选物理，再选化学,451,95196,,,7,浙江,民办,0,0
云南,2025,物理类,本科批B段,3343,浙江海洋大学,（01）,首选物理，再选不限,536,39237,,,4,浙江,公办,0,0
云南,2025,物理类,本科批B段,3343,浙江海洋大学,（02）,首选物理，再选化学,532,33483,,,75,浙江,公办,0,0
云南,2025,物理类,本科批B段,3343,浙江海洋大学,（03）,首选物理，再选生物,525,46056,,,2,浙江,公办,0,0
云南,2025,物理类,本科批B段,3344,湖州师范学院,（01）,首选物理，再选化学,516,46781,,,24,浙江,公办,0,0
云南,2025,物理类,本科批B段,3353,衢州学院,（01）,首选物理，再选不限,489,63097,,,7,浙江,公办,0,0
云南,2025,物理类,本科批B段,3353,衢州学院,（02）,首选物理，再选化学,501,57507,,,30,浙江,公办,0,0
云南,2025,物理类,本科批B段,3357,杭州医学院,（01）,首选物理，再选化学,539,25022,,,40,浙江,公办,0,0
云南,2025,物理类,本科批B段,3359,浙江工业大学之江学院,,首选物理，再选不限,440,87639,,,6,浙江,民办,0,0
云南,2025,物理类,本科批B段,3359,浙江工业大学之江学院,（03）,首选物理，再选化学,456,87639,,,9,浙江,民办,0,0
云南,2025,物理类,本科批B段,3361,杭州电子科技大学信息工程学院,（01）,首选物理，再选不限,484,74757,,,0,浙江,民办,0,0
云南,2025,物理类,本科批B段,3361,杭州电子科技大学信息工程学院,（02）,首选物理，再选化学,482,63813,,,0,浙江,民办,0,0
云南,2025,物理类,本科批B段,3362,浙江理工大学科技与艺术学院,（01）,首选物理，再选不限,430,92196,,,19,浙江,民办,0,0
云南,2025,物理类,本科批B段,3362,浙江理工大学科技与艺术学院,（02）,首选物理，再选化学,438,94444,,,6,浙江,民办,0,0
云南,2025,物理类,本科批B段,3365,温州理工学院,（01）,首选物理，再选化学,529,38654,,,10,浙江,公办,0,0
云南,2025,物理类,本科批B段,3366,温州商学院,（01）,首选物理，再选不限,430,85253,,,3,浙江,民办,0,0
云南,2025,物理类,本科批B段,3366,温州商学院,（02）,首选物理，再选化学,430,74757,,,4,浙江,民办,0,0
云南,2025,物理类,本科批B段,3367,浙江外国语学院,（01）,首选物理，再选不限,526,44143,,,4,浙江,公办,0,0
云南,2025,物理类,本科批B段,3367,浙江外国语学院,（02）,首选物理，再选化学,536,39237,,,2,浙江,公办,0,0
云南,2025,物理类,本科批B段,3403,合肥工业大学,（04）,首选物理，再选化学,588,13521,,,2,安徽,公办,0,1
云南,2025,物理类,本科批B段,3405,安徽农业大学,（01）,首选物理，再选不限,512,54745,,,2,安徽,公办,0,0
云南,2025,物理类,本科批B段,3405,安徽农业大学,（02）,首选物理，再选化学,491,29087,,,66,安徽,公办,0,0
云南,2025,物理类,本科批B段,3405,安徽农业大学,（03）,首选物理，再选生物,510,56116,,,4,安徽,公办,0,0
云南,2025,物理类,本科批B段,3406,蚌埠医科大学,（01）,首选物理，再选化学,511,54746,,,5,安徽,公办,0,0
云南,2025,物理类,本科批B段,3407,皖南医学院,（01）,首选物理，再选化学,562,22756,,,8,安徽,公办,0,0
云南,2025,物理类,本科批B段,3408,安徽师范大学,（01）,首选物理，再选不限,468,51310,,,0,安徽,公办,0,0
云南,2025,物理类,本科批B段,3408,安徽师范大学,（02）,首选物理，再选化学,517,34605,,,0,安徽,公办,0,0
云南,2025,物理类,本科批B段,3410,安徽财经大学,（01）,首选物理，再选不限,527,22302,,,67,安徽,公办,0,0
云南,2025,物理类,本科批B段,3410,安徽财经大学,（02）,首选物理，再选化学,547,28007,,,23,安徽,公办,0,0
云南,2025,物理类,本科批B段,3412,安徽医科大学,（01）,首选物理，再选化学,571,16983,,,6,安徽,公办,0,0
云南,2025,物理类,本科批B段,3414,安徽科技学院,（03）,首选物理，再选地理,497,64526,,,3,安徽,公办,0,0
云南,2025,物理类,本科批B段,3416,合肥大学,（01）,首选物理，再选不限,525,44143,,,0,安徽,公办,0,0
云南,2025,物理类,本科批B段,3416,合肥大学,（02）,首选物理，再选化学,523,45400,,,0,安徽,公办,0,0
云南,2025,物理类,本科批B段,3427,安徽中医药大学,,首选物理，再选不限,515,28548,,,13,安徽,公办,0,0
云南,2025,物理类,本科批B段,3427,安徽中医药大学,（03）,首选物理，再选化学,513,46781,,,29,安徽,公办,0,0
云南,2025,物理类,本科批B段,3428,蚌埠学院,（01）,首选物理，再选不限,486,73360,,,3,安徽,公办,0,0
云南,2025,物理类,本科批B段,3428,蚌埠学院,（02）,首选物理，再选化学,517,51310,,,2,安徽,公办,0,0
云南,2025,物理类,本科批B段,3429,淮南师范学院,（01）,首选物理，再选化学,483,68911,,,0,安徽,公办,0,0
云南,2025,物理类,本科批B段,3429,淮南师范学院,（02）,首选物理，再选生物,480,77767,,,0,安徽,公办,0,0
云南,2025,物理类,本科批B段,3440,安庆师范大学,（01）,首选物理，再选化学,488,71869,,,5,安徽,公办,0,0
云南,2025,物理类,本科批B段,3502,华侨大学,,首选物理，再选不限,446,31830,,,0,福建,公办,0,0
云南,2025,物理类,本科批B段,3502,华侨大学,,首选物理，再选化学,515,16983,,,0,福建,公办,0,0
云南,2025,物理类,本科批B段,3503,福州大学,（01）,首选物理，再选不限,548,31831,,,4,福建,公办,0,1
云南,2025,物理类,本科批B段,3504,福建理工大学,（03）,首选物理，再选不限,514,52643,,,5,福建,公办,0,0
云南,2025,物理类,本科批B段,3506,集美大学,,首选物理，再选不限,534,36923,,,7,福建,公办,0,0
云南,2025,物理类,本科批B段,3506,集美大学,（07）,首选物理，再选化学,573,19584,,,2,福建,公办,0,0
云南,2025,物理类,本科批B段,3506,集美大学,（08）,首选物理，再选化学、生物(2科必选),496,65271,,,3,福建,公办,0,0
云南,2025,物理类,本科批B段,3508,闽江学院,（03）,首选物理，再选不限,476,79928,,,4,福建,公办,0,0
云南,2025,物理类,本科批B段,3508,闽江学院,（04）,首选物理，再选化学,477,79200,,,6,福建,公办,0,0
云南,2025,物理类,本科批B段,3509,武夷学院,（03）,首选物理，再选不限,467,86843,,,8,福建,公办,0,0
云南,2025,物理类,本科批B段,3511,厦门理工学院,（03）,首选物理，再选不限,533,40404,,,2,福建,公办,0,0
云南,2025,物理类,本科批B段,3512,三明学院,,首选物理，再选不限,468,72622,,,15,福建,公办,0,0
云南,2025,物理类,本科批B段,3512,三明学院,（02）,首选物理，再选化学,491,61709,,,31,福建,公办,0,0
云南,2025,物理类,本科批B段,3522,福州大学至诚学院,（01）,首选物理，再选不限,456,95979,,,2,福建,民办,0,0
云南,2025,物理类,本科批B段,3522,福州大学至诚学院,（02）,首选物理，再选化学,431,98245,,,16,福建,民办,0,0
云南,2025,物理类,本科批B段,3548,龙岩学院,,首选物理，再选不限,470,80652,,,0,福建,公办,0,0
云南,2025,物理类,本科批B段,3548,龙岩学院,（02）,首选物理，再选化学,480,63813,,,0,福建,公办,0,0
云南,2025,物理类,本科批B段,3562,厦门工学院,（01）,首选物理，再选不限,392,113145,,,8,福建,民办,0,0
云南,2025,物理类,本科批B段,3562,厦门工学院,（02）,首选物理，再选化学,400,92913,,,15,福建,民办,0,0
云南,2025,物理类,本科批B段,3565,福建江夏学院,（01）,首选物理，再选不限,493,41041,,,0,福建,公办,0,0
云南,2025,物理类,本科批B段,3565,福建江夏学院,（02）,首选物理，再选化学,503,50619,,,0,福建,公办,0,0
云南,2025,物理类,本科批B段,3603,东华理工大学,（01）,首选物理，再选不限,520,39840,,,0,江西,公办,0,0
云南,2025,物理类,本科批B段,3603,东华理工大学,（02）,首选物理，再选化学,550,18291,,,0,江西,公办,0,0
云南,2025,物理类,本科批B段,3604,南昌航空大学,,首选物理，再选化学,569,13884,,,72,江西,公办,0,0
云南,2025,物理类,本科批B段,3605,江西理工大学,（01）,首选物理，再选不限,539,36341,,,8,江西,公办,0,0
云南,2025,物理类,本科批B段,3605,江西理工大学,（02）,首选物理，再选化学,529,20029,,,57,江西,公办,0,0
云南,2025,物理类,本科批B段,3607,江西农业大学,,首选物理，再选不限,498,47398,,,0,江西,公办,0,0
云南,2025,物理类,本科批B段,3607,江西农业大学,,首选物理，再选化学,490,42886,,,0,江西,公办,0,0
云南,2025,物理类,本科批B段,3608,江西中医药大学,,首选物理，再选生物,513,21864,,,15,江西,公办,0,0
云南,2025,物理类,本科批B段,3612,宜春学院,,首选物理，再选不限,495,54745,,,6,江西,公办,0,0
云南,2025,物理类,本科批B段,3612,宜春学院,（03）,首选物理，再选化学,482,70392,,,14,江西,公办,0,0
云南,2025,物理类,本科批B段,3612,宜春学院,（05）,首选物理，再选化学、生物(2科必选),541,36341,,,4,江西,公办,0,0
云南,2025,物理类,本科批B段,3612,宜春学院,（04）,首选物理，再选生物,493,68200,,,3,江西,公办,0,0
云南,2025,物理类,本科批B段,3613,赣南师范大学,,首选物理，再选化学,495,50619,,,19,江西,公办,0,0
云南,2025,物理类,本科批B段,3621,江西水利电力大学,（01）,首选物理，再选不限,528,38038,,,4,江西,公办,0,0
云南,2025,物理类,本科批B段,3621,江西水利电力大学,（02）,首选物理，再选化学,538,31276,,,24,江西,公办,0,0
云南,2025,物理类,本科批B段,3621,江西水利电力大学,（03）,首选物理，再选生物,456,95197,,,2,江西,公办,0,0
云南,2025,物理类,本科批B段,3623,新余学院,（01）,首选物理，再选不限,482,71158,,,6,江西,公办,0,0
云南,2025,物理类,本科批B段,3623,新余学院,,首选物理，再选化学,492,56116,,,24,江西,公办,0,0
云南,2025,物理类,本科批B段,3623,新余学院,（04）,首选物理，再选生物,495,66730,,,3,江西,公办,0,0
云南,2025,物理类,本科批B段,3625,九江学院,（01）,首选物理，再选不限,473,82926,,,0,江西,公办,0,0
云南,2025,物理类,本科批B段,3625,九江学院,（02）,首选物理，再选化学,488,66730,,,0,江西,公办,0,0
云南,2025,物理类,本科批B段,3648,赣南科技学院,（01）,首选物理，再选不限,488,71158,,,0,江西,公办,0,0
云南,2025,物理类,本科批B段,3648,赣南科技学院,（02）,首选物理，再选化学,499,55401,,,0,江西,公办,0,0
云南,2025,物理类,本科批B段,3651,南昌医学院,,首选物理，再选化学,516,21863,,,0,江西,公办,0,0
云南,2025,物理类,本科批B段,3651,南昌医学院,,首选物理，再选生物,510,38037,,,0,江西,公办,0,0
云南,2025,物理类,本科批B段,3655,江西软件职业技术大学,（01）,首选物理，再选不限,433,98246,,,6,江西,民办,0,0
云南,2025,物理类,本科批B段,3656,江西飞行学院,（01）,首选物理，再选不限,465,80652,,,8,江西,公办,0,0
云南,2025,物理类,本科批B段,3656,江西飞行学院,（02）,首选物理，再选化学,510,41680,,,18,江西,公办,0,0
云南,2025,物理类,本科批B段,3672,南昌交通学院,（01）,首选物理，再选化学,432,94444,,,0,江西,民办,0,0
云南,2025,物理类,本科批B段,3701,山东大学,,首选物理，再选化学,571,2011,,,93,山东,公办,1,1
云南,2025,物理类,本科批B段,3701,山东大学,（06）,首选物理，再选化学、生物(2科必选),639,1810,,,2,山东,公办,1,1
云南,2025,物理类,本科批B段,3702,中国海洋大学,,首选物理，再选不限,604,7324,,,11,山东,公办,1,1
云南,2025,物理类,本科批B段,3702,中国海洋大学,,首选物理，再选化学,569,3655,,,83,山东,公办,1,1
云南,2025,物理类,本科批B段,3703,中国石油大学（华东）,（02）,首选物理，再选不限,588,13884,,,2,山东,公办,0,1
云南,2025,物理类,本科批B段,3703,中国石油大学（华东）,,首选物理，再选化学,531,5800,,,75,山东,公办,0,1
云南,2025,物理类,本科批B段,3704,青岛科技大学,,首选物理，再选化学,523,23188,,,88,山东,公办,0,0
云南,2025,物理类,本科批B段,3705,济南大学,,首选物理，再选不限,546,29087,,,0,山东,公办,0,0
云南,2025,物理类,本科批B段,3705,济南大学,（03）,首选物理，再选化学,539,23641,,,0,山东,公办,0,0
云南,2025,物理类,本科批B段,3705,济南大学,（04）,首选物理，再选化学、地理(2科必选),535,39840,,,0,山东,公办,0,0
云南,2025,物理类,本科批B段,3706,青岛理工大学,,首选物理，再选不限,523,42886,,,0,山东,公办,0,0
云南,2025,物理类,本科批B段,3706,青岛理工大学,（03）,首选物理，再选化学,548,23188,,,0,山东,公办,0,0
云南,2025,物理类,本科批B段,3709,山东理工大学,（01）,首选物理，再选不限,532,41680,,,0,山东,公办,0,0
云南,2025,物理类,本科批B段,3709,山东理工大学,（02）,首选物理，再选化学,524,29629,,,0,山东,公办,0,0
云南,2025,物理类,本科批B段,3710,山东农业大学,（01）,首选物理，再选化学,499,48100,,,0,山东,公办,0,0
云南,2025,物理类,本科批B段,3711,青岛农业大学,（01）,首选物理，再选化学,486,55401,,,53,山东,公办,0,0
云南,2025,物理类,本科批B段,3712,山东第二医科大学,（01）,首选物理，再选不限,516,48775,,,6,山东,公办,0,0
云南,2025,物理类,本科批B段,3712,山东第二医科大学,（02）,首选物理，再选化学,507,21389,,,32,山东,公办,0,0
云南,2025,物理类,本科批B段,3713,滨州医学院,,首选物理，再选化学,483,35759,,,0,山东,公办,0,0
云南,2025,物理类,本科批B段,3715,山东师范大学,（01）,首选物理，再选不限,533,15420,,,17,山东,公办,0,0
云南,2025,物理类,本科批B段,3715,山东师范大学,（03）,首选物理，再选化学,538,15420,,,38,山东,公办,0,0
云南,2025,物理类,本科批B段,3715,山东师范大学,（04）,首选物理，再选地理,554,29087,,,4,山东,公办,0,0
云南,2025,物理类,本科批B段,3716,曲阜师范大学,（01）,首选物理，再选不限,504,49983,,,11,山东,公办,0,0
云南,2025,物理类,本科批B段,3716,曲阜师范大学,,首选物理，再选化学,536,34605,,,15,山东,公办,0,0
云南,2025,物理类,本科批B段,3716,曲阜师范大学,（04）,首选物理，再选地理,528,44143,,,2,山东,公办,0,0
云南,2025,物理类,本科批B段,3717,聊城大学,（01）,首选物理，再选化学,514,50619,,,14,山东,公办,0,0
云南,2025,物理类,本科批B段,3719,鲁东大学,（01）,首选物理，再选不限,523,47398,,,3,山东,公办,0,0
云南,2025,物理类,本科批B段,3719,鲁东大学,,首选物理，再选化学,437,44759,,,81,山东,公办,0,0
云南,2025,物理类,本科批B段,3721,泰山学院,,首选物理，再选化学,448,60983,,,10,山东,公办,0,0
云南,2025,物理类,本科批B段,3723,山东财经大学,,首选物理，再选不限,528,17418,,,57,山东,公办,0,0
云南,2025,物理类,本科批B段,3723,山东财经大学,（03）,首选物理，再选化学,551,28007,,,30,山东,公办,0,0
云南,2025,物理类,本科批B段,3725,枣庄学院,（01）,首选物理，再选化学,482,76268,,,5,山东,公办,0,0
云南,2025,物理类,本科批B段,3726,青岛大学,（01）,首选物理，再选不限,546,26994,,,0,山东,公办,0,0
云南,2025,物理类,本科批B段,3726,青岛大学,,首选物理，再选化学,537,11493,,,14,山东,公办,0,0
云南,2025,物理类,本科批B段,3726,青岛大学,（04）,首选物理，再选生物,549,31830,,,0,山东,公办,0,0
云南,2025,物理类,本科批B段,3729,山东交通学院,（01）,首选物理，再选不限,506,54037,,,12,山东,公办,0,0
云南,2025,物理类,本科批B段,3729,山东交通学院,（02）,首选物理，再选化学,518,37443,,,52,山东,公办,0,0
云南,2025,物理类,本科批B段,3730,山东工商学院,,首选物理，再选不限,490,37443,,,44,山东,公办,0,0
云南,2025,物理类,本科批B段,3730,山东工商学院,（03）,首选物理，再选化学,505,47398,,,24,山东,公办,0,0
云南,2025,物理类,本科批B段,3741,山东大学（威海）,（02）,首选物理，再选不限,606,8153,,,4,山东,公办,1,1
云南,2025,物理类,本科批B段,3741,山东大学（威海）,,首选物理，再选化学,593,4699,,,29,山东,公办,1,1
云南,2025,物理类,本科批B段,3744,齐鲁医药学院,,首选物理，再选化学,431,54745,,,0,山东,民办,0,0
云南,2025,物理类,本科批B段,3751,山东第一医科大学,,首选物理，再选化学,468,7324,,,18,山东,公办,0,0
云南,2025,物理类,本科批B段,3752,临沂大学,（01）,首选物理，再选化学,523,42262,,,0,山东,公办,0,0
云南,2025,物理类,本科批B段,3765,山东政法学院,,首选物理，再选不限,533,23188,,,0,山东,公办,0,0
云南,2025,物理类,本科批B段,3765,山东政法学院,（03）,首选物理，再选化学,536,38653,,,0,山东,公办,0,0
云南,2025,物理类,本科批B段,3783,山东航空学院,（01）,首选物理，再选化学,520,42886,,,0,山东,公办,0,0
云南,2025,物理类,本科批B段,3798,山东石油化工学院,,首选物理，再选化学,501,61709,,,9,山东,公办,0,0
云南,2025,物理类,本科批B段,4101,华北水利水电大学,（01）,首选物理，再选不限,488,60983,,,13,河南,公办,0,0
云南,2025,物理类,本科批B段,4101,华北水利水电大学,,首选物理，再选化学,431,21863,,,104,河南,公办,0,0
云南,2025,物理类,本科批B段,4103,河南理工大学,（01）,首选物理，再选不限,528,42262,,,4,河南,公办,0,0
云南,2025,物理类,本科批B段,4103,河南理工大学,,首选物理，再选化学,522,21863,,,41,河南,公办,0,0
云南,2025,物理类,本科批B段,4111,河南大学,（01）,首选物理，再选不限,586,13884,,,0,河南,公办,0,0
云南,2025,物理类,本科批B段,4111,河南大学,,首选物理，再选化学,558,14637,,,0,河南,公办,0,0
云南,2025,物理类,本科批B段,4113,南阳师范学院,,首选物理，再选化学,475,74050,,,35,河南,公办,0,0
云南,2025,物理类,本科批B段,4115,河南财经政法大学,（01）,首选物理，再选不限,570,21389,,,1,河南,公办,0,0
云南,2025,物理类,本科批B段,4117,商丘工学院,（01）,首选物理，再选化学,450,97446,,,6,河南,民办,0,0
云南,2025,物理类,本科批B段,4120,郑州工程技术学院,（01）,首选物理，再选不限,465,89168,,,0,河南,公办,0,0
云南,2025,物理类,本科批B段,4120,郑州工程技术学院,,首选物理，再选化学,476,79199,,,0,河南,公办,0,0
云南,2025,物理类,本科批B段,4122,洛阳理工学院,（01）,首选物理，再选化学,518,46057,,,20,河南,公办,0,0
云南,2025,物理类,本科批B段,4150,中原工学院,（01）,首选物理，再选不限,476,78457,,,7,河南,公办,0,0
云南,2025,物理类,本科批B段,4150,中原工学院,（02）,首选物理，再选化学,477,77767,,,10,河南,公办,0,0
云南,2025,物理类,本科批B段,4150,中原工学院,（03）,首选物理，再选化学、生物(2科必选),479,78457,,,3,河南,公办,0,0
云南,2025,物理类,本科批B段,4151,安阳工学院,（01）,首选物理，再选化学,488,66012,,,20,河南,公办,0,0
云南,2025,物理类,本科批B段,4155,河南师范大学,（01）,首选物理，再选化学,543,32350,,,0,河南,公办,0,0
云南,2025,物理类,本科批B段,4156,河南工程学院,（01）,首选物理，再选不限,490,58868,,,9,河南,公办,0,0
云南,2025,物理类,本科批B段,4156,河南工程学院,（02）,首选物理，再选化学,486,54745,,,19,河南,公办,0,0
云南,2025,物理类,本科批B段,4180,河南科技学院,（01）,首选物理，再选不限,483,70392,,,9,河南,公办,0,0
云南,2025,物理类,本科批B段,4180,河南科技学院,（02）,首选物理，再选化学,484,71869,,,10,河南,公办,0,0
云南,2025,物理类,本科批B段,4187,平顶山学院,（01）,首选物理，再选不限,462,91420,,,2,河南,公办,0,0
云南,2025,物理类,本科批B段,4187,平顶山学院,（02）,首选物理，再选化学,495,66730,,,2,河南,公办,0,0
云南,2025,物理类,本科批B段,4187,平顶山学院,（03）,首选物理，再选思想政治,497,65270,,,2,河南,公办,0,0
云南,2025,物理类,本科批B段,4203,武汉科技大学,（01）,首选物理，再选不限,554,26501,,,0,湖北,公办,0,0
云南,2025,物理类,本科批B段,4203,武汉科技大学,（02）,首选物理，再选化学,564,13884,,,0,湖北,公办,0,0
云南,2025,物理类,本科批B段,4206,中国地质大学（武汉）,（06）,首选物理，再选化学,580,16562,,,1,湖北,公办,0,1
云南,2025,物理类,本科批B段,4208,武汉轻工大学,（02）,首选物理，再选不限,450,100585,,,0,湖北,公办,0,0
云南,2025,物理类,本科批B段,4208,武汉轻工大学,,首选物理，再选化学,491,36922,,,0,湖北,公办,0,0
云南,2025,物理类,本科批B段,4209,武汉理工大学,,首选物理，再选不限,593,7586,,,3,湖北,公办,0,1
云南,2025,物理类,本科批B段,4209,武汉理工大学,,首选物理，再选化学,606,4154,,,4,湖北,公办,0,1
云南,2025,物理类,本科批B段,4211,华中农业大学,（04）,首选物理，再选地理,609,7050,,,1,湖北,公办,0,1
云南,2025,物理类,本科批B段,4211,华中农业大学,,首选物理，再选生物,547,12142,,,4,湖北,公办,0,1
云南,2025,物理类,本科批B段,4213,华中师范大学,,首选物理，再选不限,565,9009,,,0,湖北,公办,0,1
云南,2025,物理类,本科批B段,4213,华中师范大学,,首选物理，再选化学,581,4329,,,0,湖北,公办,0,1
云南,2025,物理类,本科批B段,4214,湖北大学,（01）,首选物理，再选不限,555,25533,,,0,湖北,公办,0,0
云南,2025,物理类,本科批B段,4214,湖北大学,,首选物理，再选化学,546,17875,,,0,湖北,公办,0,0
云南,2025,物理类,本科批B段,4215,湖北师范大学,（01）,首选物理，再选化学,529,39237,,,0,湖北,公办,0,0
云南,2025,物理类,本科批B段,4217,湖北民族大学,（04）,首选物理，再选不限,486,73360,,,0,湖北,公办,0,0
云南,2025,物理类,本科批B段,4217,湖北民族大学,,首选物理，再选化学,440,30166,,,0,湖北,公办,0,0
云南,2025,物理类,本科批B段,4218,湖北文理学院,（01）,首选物理，再选化学,502,55401,,,0,湖北,公办,0,0
云南,2025,物理类,本科批B段,4221,中南民族大学,（W08）,首选物理，再选不限,542,35182,,,24,湖北,公办,0,0
云南,2025,物理类,本科批B段,4222,湖北汽车工业学院,（01）,首选物理，再选化学,522,43507,,,0,湖北,公办,0,0
云南,2025,物理类,本科批B段,4225,湖北理工学院,（01）,首选物理，再选化学,508,50619,,,14,湖北,公办,0,0
云南,2025,物理类,本科批B段,4227,湖北医药学院,（01）,首选物理，再选化学,520,35181,,,0,湖北,公办,0,0
云南,2025,物理类,本科批B段,4233,荆楚理工学院,（01）,首选物理，再选不限,487,71870,,,2,湖北,公办,0,0
云南,2025,物理类,本科批B段,4233,荆楚理工学院,（02）,首选物理，再选化学,485,52643,,,33,湖北,公办,0,0
云南,2025,物理类,本科批B段,4255,武汉工程大学邮电与信息工程学院,（01）,首选物理，再选不限,433,104303,,,0,湖北,民办,0,0
云南,2025,物理类,本科批B段,4255,武汉工程大学邮电与信息工程学院,（02）,首选物理，再选化学,430,92913,,,0,湖北,民办,0,0
云南,2025,物理类,本科批B段,4266,武汉华夏理工学院,（01）,首选物理，再选不限,431,114482,,,3,湖北,民办,0,0
云南,2025,物理类,本科批B段,4266,武汉华夏理工学院,（02）,首选物理，再选化学,433,98983,,,16,湖北,民办,0,0
云南,2025,物理类,本科批B段,4284,武汉工商学院,（01）,首选物理，再选不限,462,76268,,,6,湖北,民办,0,0
云南,2025,物理类,本科批B段,4284,武汉工商学院,（02）,首选物理，再选化学,440,98983,,,6,湖北,民办,0,0
云南,2025,物理类,本科批B段,4296,湖北第二师范学院,（01）,首选物理，再选不限,508,57507,,,0,湖北,公办,0,0
云南,2025,物理类,本科批B段,4296,湖北第二师范学院,（02）,首选物理，再选化学,506,48775,,,0,湖北,公办,0,0
云南,2025,物理类,本科批B段,4301,湘潭大学,（01）,首选物理，再选不限,555,20457,,,26,湖南,公办,0,0
云南,2025,物理类,本科批B段,4301,湘潭大学,（02）,首选物理，再选化学,549,12494,,,146,湖南,公办,0,0
云南,2025,物理类,本科批B段,4304,中南大学,（08）,首选物理，再选化学,618,2827,,,125,湖南,公办,1,1
云南,2025,物理类,本科批B段,4304,中南大学,,首选物理，再选化学、生物(2科必选),633,452,,,16,湖南,公办,1,1
云南,2025,物理类,本科批B段,4306,长沙理工大学,（01）,首选物理，再选不限,515,24566,,,14,湖南,公办,0,0
云南,2025,物理类,本科批B段,4306,长沙理工大学,（02）,首选物理，再选化学,540,12494,,,156,湖南,公办,0,0
云南,2025,物理类,本科批B段,4308,中南林业科技大学,（01）,首选物理，再选不限,509,34605,,,28,湖南,公办,0,0
云南,2025,物理类,本科批B段,4308,中南林业科技大学,（02）,首选物理，再选化学,509,21863,,,90,湖南,公办,0,0
云南,2025,物理类,本科批B段,4312,湘南学院,（01）,首选物理，再选不限,500,54037,,,3,湖南,公办,0,0
云南,2025,物理类,本科批B段,4312,湘南学院,,首选物理，再选化学,520,30718,,,14,湖南,公办,0,0
云南,2025,物理类,本科批B段,4315,怀化学院,（01）,首选物理，再选化学,497,59581,,,0,湖南,公办,0,0
云南,2025,物理类,本科批B段,4318,湖南人文科技学院,（01）,首选物理，再选不限,497,52003,,,7,湖南,公办,0,0
云南,2025,物理类,本科批B段,4318,湖南人文科技学院,（02）,首选物理，再选化学,506,56116,,,14,湖南,公办,0,0
云南,2025,物理类,本科批B段,4320,南华大学,（01）,首选物理，再选不限,546,23188,,,0,湖南,公办,0,0
云南,2025,物理类,本科批B段,4320,南华大学,（02）,首选物理，再选化学,475,13167,,,0,湖南,公办,0,0
云南,2025,物理类,本科批B段,4325,湖南工程学院,（01）,首选物理，再选不限,503,60277,,,2,湖南,公办,0,0
云南,2025,物理类,本科批B段,4327,湖南工学院,（02）,首选物理，再选化学,472,82927,,,20,湖南,公办,0,0
云南,2025,物理类,本科批B段,4328,湖南工业大学,,首选物理，再选不限,509,21389,,,0,湖南,公办,0,0
云南,2025,物理类,本科批B段,4328,湖南工业大学,,首选物理，再选化学,513,21863,,,0,湖南,公办,0,0
云南,2025,物理类,本科批B段,4382,长沙学院,（01）,首选物理，再选不限,513,54037,,,2,湖南,公办,0,0
云南,2025,物理类,本科批B段,4382,长沙学院,,首选物理，再选化学,524,38653,,,6,湖南,公办,0,0
云南,2025,物理类,本科批B段,4382,长沙学院,（04）,首选物理，再选化学、生物(2科必选),522,48100,,,2,湖南,公办,0,0
云南,2025,物理类,本科批B段,4397,湖南汽车工程职业大学,（01）,首选物理，再选不限,491,69659,,,3,湖南,公办,0,0
云南,2025,物理类,本科批B段,4404,华南农业大学,（01）,首选物理，再选化学,544,15032,,,79,广东,公办,0,0
云南,2025,物理类,本科批B段,4404,华南农业大学,（02）,首选物理，再选生物,552,30166,,,2,广东,公办,0,0
云南,2025,物理类,本科批B段,4406,广东药科大学,,首选物理，再选化学,505,48100,,,0,广东,公办,0,0
云南,2025,物理类,本科批B段,4415,深圳大学,（01）,首选物理，再选不限,610,6529,,,5,广东,公办,0,0
云南,2025,物理类,本科批B段,4415,深圳大学,（02）,首选物理，再选化学,616,2393,,,35,广东,公办,0,0
云南,2025,物理类,本科批B段,4423,广东石油化工学院,（01）,首选物理，再选不限,522,48100,,,2,广东,公办,0,0
云南,2025,物理类,本科批B段,4423,广东石油化工学院,,首选物理，再选化学,519,39237,,,18,广东,公办,0,0
云南,2025,物理类,本科批B段,4429,南方医科大学,（01）,首选物理，再选化学,537,9598,,,37,广东,公办,0,0
云南,2025,物理类,本科批B段,4433,广东工业大学,（01）,首选物理，再选不限,592,11835,,,2,广东,公办,0,0
云南,2025,物理类,本科批B段,4433,广东工业大学,（02）,首选物理，再选化学,604,8153,,,6,广东,公办,0,0
云南,2025,物理类,本科批B段,4441,肇庆医学院,（03）,首选物理，再选化学,498,44143,,,5,广东,公办,0,0
云南,2025,物理类,本科批B段,4445,广州软件学院,,首选物理，再选化学,433,89904,,,0,广东,民办,0,0
云南,2025,物理类,本科批B段,4446,深圳技术大学,,首选物理，再选化学,595,9009,,,15,广东,公办,0,0
云南,2025,物理类,本科批B段,4449,广州医科大学,（01）,首选物理，再选不限,557,27488,,,0,广东,公办,0,0
云南,2025,物理类,本科批B段,4449,广州医科大学,（02）,首选物理，再选化学,556,13167,,,0,广东,公办,0,0
云南,2025,物理类,本科批B段,4451,惠州学院,（01）,首选物理，再选不限,490,69660,,,2,广东,公办,0,0
云南,2025,物理类,本科批B段,4452,肇庆学院,（01）,首选物理，再选化学,469,86015,,,5,广东,公办,0,0
云南,2025,物理类,本科批B段,4454,广东技术师范大学,（01）,首选物理，再选化学,535,38654,,,6,广东,公办,0,0
云南,2025,物理类,本科批B段,4458,五邑大学,（01）,首选物理，再选不限,553,29629,,,1,广东,公办,0,0
云南,2025,物理类,本科批B段,4458,五邑大学,（02）,首选物理，再选化学,556,28007,,,3,广东,公办,0,0
云南,2025,物理类,本科批B段,4460,佛山大学,,首选物理，再选不限,493,61709,,,13,广东,公办,0,0
云南,2025,物理类,本科批B段,4460,佛山大学,（03）,首选物理，再选化学,497,49360,,,7,广东,公办,0,0
云南,2025,物理类,本科批B段,4501,广西大学,（01）,首选物理，再选不限,551,27488,,,0,广西,公办,0,1
云南,2025,物理类,本科批B段,4501,广西大学,（02）,首选物理，再选化学,560,7049,,,0,广西,公办,0,1
云南,2025,物理类,本科批B段,4502,广西科技大学,（01）,首选物理，再选不限,529,43507,,,3,广西,公办,0,0
云南,2025,物理类,本科批B段,4502,广西科技大学,,首选物理，再选化学,541,32350,,,25,广西,公办,0,0
云南,2025,物理类,本科批B段,4502,广西科技大学,（04）,首选物理，再选化学、生物(2科必选),507,46781,,,6,广西,公办,0,0
云南,2025,物理类,本科批B段,4503,桂林电子科技大学,（01）,首选物理，再选不限,512,26994,,,0,广西,公办,0,0
云南,2025,物理类,本科批B段,4503,桂林电子科技大学,,首选物理，再选化学,541,11493,,,0,广西,公办,0,0
云南,2025,物理类,本科批B段,4504,桂林理工大学,（02）,首选物理，再选不限,520,48100,,,0,广西,公办,0,0
云南,2025,物理类,本科批B段,4504,桂林理工大学,,首选物理，再选化学,500,34052,,,0,广西,公办,0,0
云南,2025,物理类,本科批B段,4504,桂林理工大学,（04）,首选物理，再选地理,547,32923,,,0,广西,公办,0,0
云南,2025,物理类,本科批B段,4505,广西医科大学,（01）,首选物理，再选不限,533,41041,,,2,广西,公办,0,0
云南,2025,物理类,本科批B段,4505,广西医科大学,,首选物理，再选化学,525,3137,,,40,广西,公办,0,0
云南,2025,物理类,本科批B段,4506,右江民族医学院,（01）,首选物理，再选不限,480,70392,,,4,广西,公办,0,0
云南,2025,物理类,本科批B段,4506,右江民族医学院,,首选物理，再选化学,505,27488,,,26,广西,公办,0,0
云南,2025,物理类,本科批B段,4506,右江民族医学院,（07）,首选物理，再选生物,520,49360,,,1,广西,公办,0,0
云南,2025,物理类,本科批B段,4507,广西中医药大学,,首选物理，再选不限,518,28008,,,5,广西,公办,0,0
云南,2025,物理类,本科批B段,4507,广西中医药大学,,首选物理，再选化学,517,20458,,,8,广西,公办,0,0
云南,2025,物理类,本科批B段,4508,桂林医科大学,,首选物理，再选化学,539,17875,,,0,广西,公办,0,0
云南,2025,物理类,本科批B段,4509,广西师范大学,（01）,首选物理，再选不限,516,33483,,,0,广西,公办,0,0
云南,2025,物理类,本科批B段,4509,广西师范大学,（02）,首选物理，再选化学,538,36922,,,0,广西,公办,0,0
云南,2025,物理类,本科批B段,4509,广西师范大学,（04）,首选物理，再选地理,547,31830,,,0,广西,公办,0,0
云南,2025,物理类,本科批B段,4512,玉林师范学院,（01）,首选物理，再选化学、生物(2科必选),470,85253,,,0,广西,公办,0,0
云南,2025,物理类,本科批B段,4514,百色学院,,首选物理，再选不限,473,75535,,,15,广西,公办,0,0
云南,2025,物理类,本科批B段,4514,百色学院,（03）,首选物理，再选化学,477,68200,,,18,广西,公办,0,0
云南,2025,物理类,本科批B段,4514,百色学院,（04）,首选物理，再选地理,510,56116,,,2,广西,公办,0,0
云南,2025,物理类,本科批B段,4522,北部湾大学,（01）,首选物理，再选不限,521,48775,,,0,广西,公办,0,0
云南,2025,物理类,本科批B段,4522,北部湾大学,,首选物理，再选化学,481,38037,,,0,广西,公办,0,0
云南,2025,物理类,本科批B段,4522,北部湾大学,（05）,首选物理，再选地理,527,43507,,,0,广西,公办,0,0
云南,2025,物理类,本科批B段,4526,桂林航天工业学院,（01）,首选物理，再选不限,512,52003,,,0,广西,公办,0,0
云南,2025,物理类,本科批B段,4526,桂林航天工业学院,（02）,首选物理，再选化学,530,35181,,,0,广西,公办,0,0
云南,2025,物理类,本科批B段,4538,柳州工学院,（01）,首选物理，再选化学,431,106509,,,10,广西,民办,0,0
云南,2025,物理类,本科批B段,4540,桂林学院,（01）,首选物理，再选不限,429,99825,,,15,广西,民办,0,0
云南,2025,物理类,本科批B段,4540,桂林学院,（02）,首选物理，再选化学,440,105773,,,4,广西,民办,0,0
云南,2025,物理类,本科批B段,4557,贺州学院,（01）,首选物理，再选化学,488,66012,,,16,广西,公办,0,0
云南,2025,物理类,本科批B段,4561,广西中医药大学赛恩斯新医药学院,（01）,首选物理，再选不限,496,62419,,,0,广西,民办,0,0
云南,2025,物理类,本科批B段,4561,广西中医药大学赛恩斯新医药学院,（02）,首选物理，再选化学,443,102085,,,0,广西,民办,0,0
云南,2025,物理类,本科批B段,4561,广西中医药大学赛恩斯新医药学院,（03）,首选物理，再选生物,460,92913,,,0,广西,民办,0,0
云南,2025,物理类,本科批B段,4602,海南大学,,首选物理，再选不限,524,18291,,,0,海南,公办,0,1
云南,2025,物理类,本科批B段,4602,海南大学,,首选物理，再选化学,562,11160,,,0,海南,公办,0,1
云南,2025,物理类,本科批B段,4602,海南大学,（08）,首选物理，再选地理,527,44759,,,0,海南,公办,0,1
云南,2025,物理类,本科批B段,4603,海南师范大学,,首选物理，再选不限,483,32923,,,36,海南,公办,0,0
云南,2025,物理类,本科批B段,4603,海南师范大学,,首选物理，再选化学,513,34605,,,42,海南,公办,0,0
云南,2025,物理类,本科批B段,4603,海南师范大学,（04）,首选物理，再选化学、生物(2科必选),543,35181,,,5,海南,公办,0,0
云南,2025,物理类,本科批B段,4604,海南医科大学,（03）,首选物理，再选不限,539,36922,,,0,海南,公办,0,0
云南,2025,物理类,本科批B段,4604,海南医科大学,,首选物理，再选化学,451,16983,,,0,海南,公办,0,0
云南,2025,物理类,本科批B段,4610,琼台师范学院,,首选物理，再选不限,491,58183,,,0,海南,公办,0,0
云南,2025,物理类,本科批B段,4610,琼台师范学院,（05）,首选物理，再选化学,483,67462,,,0,海南,公办,0,0
云南,2025,物理类,本科批B段,4614,海南热带海洋学院,（01）,首选物理，再选不限,495,66730,,,0,海南,公办,0,0
云南,2025,物理类,本科批B段,4614,海南热带海洋学院,（02）,首选物理，再选化学,480,48775,,,0,海南,公办,0,0
云南,2025,物理类,本科批B段,5004,重庆医科大学,,首选物理，再选化学,432,2260,,,0,重庆,公办,0,0
云南,2025,物理类,本科批B段,5006,重庆师范大学,（01）,首选物理，再选不限,569,21863,,,0,重庆,公办,0,0
云南,2025,物理类,本科批B段,5006,重庆师范大学,,首选物理，再选化学,557,24086,,,0,重庆,公办,0,0
云南,2025,物理类,本科批B段,5006,重庆师范大学,（05）,首选物理，再选化学、生物(2科必选),550,31275,,,5,重庆,公办,0,0
云南,2025,物理类,本科批B段,5006,重庆师范大学,（04）,首选物理，再选地理,567,22756,,,4,重庆,公办,0,0
云南,2025,物理类,本科批B段,5010,四川外国语大学,,首选物理，再选不限,548,23189,,,0,重庆,公办,0,0
云南,2025,物理类,本科批B段,5010,四川外国语大学,（04）,首选物理，再选思想政治,558,26502,,,0,重庆,公办,0,0
云南,2025,物理类,本科批B段,5013,重庆科技大学,（01）,首选物理，再选不限,533,41041,,,3,重庆,公办,0,0
云南,2025,物理类,本科批B段,5013,重庆科技大学,,首选物理，再选化学,532,34605,,,39,重庆,公办,0,0
云南,2025,物理类,本科批B段,5014,重庆理工大学,（01）,首选物理，再选不限,546,29629,,,6,重庆,公办,0,0
云南,2025,物理类,本科批B段,5014,重庆理工大学,,首选物理，再选化学,545,15032,,,28,重庆,公办,0,0
云南,2025,物理类,本科批B段,5015,重庆工商大学,（01）,首选物理，再选不限,532,20030,,,48,重庆,公办,0,0
云南,2025,物理类,本科批B段,5015,重庆工商大学,（02）,首选物理，再选化学,532,38654,,,19,重庆,公办,0,0
云南,2025,物理类,本科批B段,5027,重庆人文科技学院,,首选物理，再选不限,443,92196,,,0,重庆,民办,0,0
云南,2025,物理类,本科批B段,5027,重庆人文科技学院,（04）,首选物理，再选化学,461,85253,,,0,重庆,民办,0,0
云南,2025,物理类,本科批B段,5028,重庆外语外事学院,（01）,首选物理，再选不限,450,82926,,,13,重庆,民办,0,0
云南,2025,物理类,本科批B段,5030,重庆财经学院,,首选物理，再选不限,443,68200,,,0,重庆,民办,0,0
云南,2025,物理类,本科批B段,5030,重庆财经学院,（02）,首选物理，再选化学,464,84481,,,0,重庆,民办,0,0
云南,2025,物理类,本科批B段,5032,重庆移通学院,（01）,首选物理，再选不限,459,89168,,,0,重庆,民办,0,0
云南,2025,物理类,本科批B段,5032,重庆移通学院,,首选物理，再选化学,448,80652,,,0,重庆,民办,0,0
云南,2025,物理类,本科批B段,5039,重庆工程学院,,首选物理，再选不限,458,89168,,,7,重庆,民办,0,0
云南,2025,物理类,本科批B段,5039,重庆工程学院,,首选物理，再选化学,436,77767,,,32,重庆,民办,0,0
云南,2025,物理类,本科批B段,5067,重庆中医药学院,（01）,首选物理，再选不限,554,25022,,,9,重庆,公办,0,0
云南,2025,物理类,本科批B段,5067,重庆中医药学院,,首选物理，再选化学,529,33483,,,19,重庆,公办,0,0
云南,2025,物理类,本科批B段,5096,重庆第二师范学院,,首选物理，再选不限,513,44759,,,0,重庆,公办,0,0
云南,2025,物理类,本科批B段,5096,重庆第二师范学院,（03）,首选物理，再选化学,527,44143,,,0,重庆,公办,0,0
云南,2025,物理类,本科批B段,5101,四川大学,（07）,首选物理，再选不限,622,4155,,,5,四川,公办,1,1
云南,2025,物理类,本科批B段,5101,四川大学,（04）,首选物理，再选化学,661,347,,,2,四川,公办,1,1
云南,2025,物理类,本科批B段,5104,西南石油大学,（01）,首选物理，再选不限,581,16561,,,3,四川,公办,0,0
云南,2025,物理类,本科批B段,5104,西南石油大学,（02）,首选物理，再选化学,579,11493,,,59,四川,公办,0,0
云南,2025,物理类,本科批B段,5106,西南科技大学,（03）,首选物理，再选地理,565,23189,,,4,四川,公办,0,0
云南,2025,物理类,本科批B段,5110,中国民用航空飞行学院,（01）,首选物理，再选不限,534,33483,,,37,四川,公办,0,0
云南,2025,物理类,本科批B段,5110,中国民用航空飞行学院,,首选物理，再选化学,553,20029,,,178,四川,公办,0,0
云南,2025,物理类,本科批B段,5110,中国民用航空飞行学院,（03）,首选物理，再选思想政治,528,44143,,,2,四川,公办,0,0
云南,2025,物理类,本科批B段,5113,西南医科大学,,首选物理，再选不限,439,11835,,,8,四川,公办,0,0
云南,2025,物理类,本科批B段,5113,西南医科大学,,首选物理，再选化学,491,8153,,,47,四川,公办,0,0
云南,2025,物理类,本科批B段,5114,成都中医药大学,,首选物理，再选不限,591,4510,,,10,四川,公办,0,0
云南,2025,物理类,本科批B段,5114,成都中医药大学,,首选物理，再选化学,538,13520,,,41,四川,公办,0,0
云南,2025,物理类,本科批B段,5115,川北医学院,（01）,首选物理，再选化学,553,29629,,,3,四川,公办,0,0
云南,2025,物理类,本科批B段,5116,四川师范大学,,首选物理，再选不限,529,18720,,,0,四川,公办,0,0
云南,2025,物理类,本科批B段,5116,四川师范大学,,首选物理，再选化学,521,16561,,,0,四川,公办,0,0
云南,2025,物理类,本科批B段,5116,四川师范大学,（08）,首选物理，再选化学、生物(2科必选),555,26994,,,0,四川,公办,0,0
云南,2025,物理类,本科批B段,5116,四川师范大学,（07）,首选物理，再选地理,566,20457,,,0,四川,公办,0,0
云南,2025,物理类,本科批B段,5117,西华师范大学,（01）,首选物理，再选化学,502,55401,,,13,四川,公办,0,0
云南,2025,物理类,本科批B段,5117,西华师范大学,（02）,首选物理，再选化学、生物(2科必选),493,68200,,,5,四川,公办,0,0
云南,2025,物理类,本科批B段,5118,绵阳师范学院,（01）,首选物理，再选不限,523,47398,,,2,四川,公办,0,0
云南,2025,物理类,本科批B段,5118,绵阳师范学院,（02）,首选物理，再选化学,501,60276,,,6,四川,公办,0,0
云南,2025,物理类,本科批B段,5118,绵阳师范学院,（03）,首选物理，再选生物,485,74049,,,2,四川,公办,0,0
云南,2025,物理类,本科批B段,5120,宜宾学院,（01）,首选物理，再选化学,510,45400,,,9,四川,公办,0,0
云南,2025,物理类,本科批B段,5127,西南民族大学,,首选物理，再选不限,505,20029,,,63,四川,公办,0,0
云南,2025,物理类,本科批B段,5127,西南民族大学,,首选物理，再选化学,534,20457,,,203,四川,公办,0,0
云南,2025,物理类,本科批B段,5129,攀枝花学院,（01）,首选物理，再选不限,494,67462,,,4,四川,公办,0,0
云南,2025,物理类,本科批B段,5129,攀枝花学院,（02）,首选物理，再选化学,505,55401,,,12,四川,公办,0,0
云南,2025,物理类,本科批B段,5130,四川旅游学院,（01）,首选物理，再选不限,484,66012,,,4,四川,公办,0,0
云南,2025,物理类,本科批B段,5130,四川旅游学院,,首选物理，再选化学,462,56116,,,15,四川,公办,0,0
云南,2025,物理类,本科批B段,5132,四川民族学院,（01）,首选物理，再选不限,521,48100,,,6,四川,公办,0,0
云南,2025,物理类,本科批B段,5132,四川民族学院,（02）,首选物理，再选化学,532,41680,,,4,四川,公办,0,0
云南,2025,物理类,本科批B段,5134,成都东软学院,（01）,首选物理，再选化学,466,74049,,,15,四川,民办,0,0
云南,2025,物理类,本科批B段,5156,电子科技大学成都学院,（01）,首选物理，再选不限,468,86016,,,4,四川,民办,0,0
云南,2025,物理类,本科批B段,5159,成都银杏酒店管理学院,（01）,首选物理，再选不限,468,86842,,,2,四川,民办,0,0
云南,2025,物理类,本科批B段,5159,成都银杏酒店管理学院,（02）,首选物理，再选生物,444,105016,,,5,四川,民办,0,0
云南,2025,物理类,本科批B段,5165,成都锦城学院,,首选物理，再选不限,453,93709,,,4,四川,民办,0,0
云南,2025,物理类,本科批B段,5165,成都锦城学院,（03）,首选物理，再选化学,489,61709,,,15,四川,民办,0,0
云南,2025,物理类,本科批B段,5166,成都师范学院,,首选物理，再选化学,524,38037,,,0,四川,公办,0,0
云南,2025,物理类,本科批B段,5168,西南财经大学天府学院,,首选物理，再选不限,472,74049,,,0,四川,民办,0,0
云南,2025,物理类,本科批B段,5168,西南财经大学天府学院,（03）,首选物理，再选化学,469,86015,,,0,四川,民办,0,0
云南,2025,物理类,本科批B段,5175,四川警察学院,（01）,首选物理，再选不限,545,34052,,,0,四川,公办,0,0
云南,2025,物理类,本科批B段,5185,四川文理学院,（01）,首选物理，再选不限,503,60983,,,3,四川,公办,0,0
云南,2025,物理类,本科批B段,5185,四川文理学院,（02）,首选物理，再选化学,510,54037,,,5,四川,公办,0,0
云南,2025,物理类,本科批B段,5201,贵州大学,,首选物理，再选不限,558,10501,,,8,贵州,公办,0,1
云南,2025,物理类,本科批B段,5201,贵州大学,,首选物理，再选化学,532,7586,,,50,贵州,公办,0,1
云南,2025,物理类,本科批B段,5201,贵州大学,（06）,首选物理，再选生物,571,20930,,,3,贵州,公办,0,1
云南,2025,物理类,本科批B段,5203,遵义医科大学,,首选物理，再选化学,511,14637,,,71,贵州,公办,0,0
云南,2025,物理类,本科批B段,5203,遵义医科大学,,首选物理，再选生物,510,46056,,,7,贵州,公办,0,0
云南,2025,物理类,本科批B段,5207,安顺学院,,首选物理，再选化学,487,58868,,,3,贵州,公办,0,0
云南,2025,物理类,本科批B段,5208,贵州工程应用技术学院,（01）,首选物理，再选不限,474,81412,,,2,贵州,公办,0,0
云南,2025,物理类,本科批B段,5208,贵州工程应用技术学院,（02）,首选物理，再选化学,473,81412,,,6,贵州,公办,0,0
云南,2025,物理类,本科批B段,5209,凯里学院,（01）,首选物理，再选化学,470,85253,,,5,贵州,公办,0,0
云南,2025,物理类,本科批B段,5209,凯里学院,（02）,首选物理，再选地理,489,71158,,,5,贵州,公办,0,0
云南,2025,物理类,本科批B段,5214,六盘水师范学院,（01）,首选物理，再选不限,475,81411,,,2,贵州,公办,0,0
云南,2025,物理类,本科批B段,5214,六盘水师范学院,,首选物理，再选化学,469,55401,,,7,贵州,公办,0,0
云南,2025,物理类,本科批B段,5214,六盘水师范学院,（05）,首选物理，再选地理,492,68911,,,2,贵州,公办,0,0
云南,2025,物理类,本科批B段,5217,贵阳康养职业大学,,首选物理，再选不限,488,56117,,,5,贵州,公办,0,0
云南,2025,物理类,本科批B段,5217,贵阳康养职业大学,（03）,首选物理，再选化学,477,61710,,,9,贵州,公办,0,0
云南,2025,物理类,本科批B段,5246,贵州理工学院,,首选物理，再选化学,504,40403,,,28,贵州,公办,0,0
云南,2025,物理类,本科批B段,5259,茅台学院,（01）,首选物理，再选不限,465,89168,,,0,贵州,民办,0,0
云南,2025,物理类,本科批B段,5259,茅台学院,,首选物理，再选化学,474,46781,,,0,贵州,民办,0,0
云南,2025,物理类,本科批B段,5301,云南大学,,首选物理，再选不限,565,19142,,,50,云南,公办,0,1
云南,2025,物理类,本科批B段,5302,昆明理工大学,,首选物理，再选不限,438,17418,,,0,云南,公办,0,0
云南,2025,物理类,本科批B段,5302,昆明理工大学,,首选物理，再选化学,433,10501,,,0,云南,公办,0,0
云南,2025,物理类,本科批B段,5302,昆明理工大学,,首选物理，再选化学、生物(2科必选),518,13520,,,0,云南,公办,0,0
云南,2025,物理类,本科批B段,5302,昆明理工大学,,首选物理，再选地理,492,26994,,,0,云南,公办,0,0
云南,2025,物理类,本科批B段,5303,云南农业大学,,首选物理，再选不限,440,44143,,,912,云南,公办,0,0
云南,2025,物理类,本科批B段,5303,云南农业大学,,首选物理，再选化学,422,29087,,,3439,云南,公办,0,0
云南,2025,物理类,本科批B段,5303,云南农业大学,（05）,首选物理，再选思想政治,510,56116,,,9,云南,公办,0,0
云南,2025,物理类,本科批B段,5303,云南农业大学,,首选物理，再选生物,457,73360,,,314,云南,公办,0,0
云南,2025,物理类,本科批B段,5304,西南林业大学,,首选物理，再选不限,486,43507,,,554,云南,公办,0,0
云南,2025,物理类,本科批B段,5304,西南林业大学,,首选物理，再选化学,447,46056,,,3061,云南,公办,0,0
云南,2025,物理类,本科批B段,5304,西南林业大学,,首选物理，再选生物,457,52642,,,104,云南,公办,0,0
云南,2025,物理类,本科批B段,5305,昆明医科大学,,首选物理，再选不限,496,41042,,,195,云南,公办,0,0
云南,2025,物理类,本科批B段,5305,昆明医科大学,,首选物理，再选化学,492,4511,,,2735,云南,公办,0,0
云南,2025,物理类,本科批B段,5306,大理大学,,首选物理，再选不限,449,43508,,,435,云南,公办,0,0
云南,2025,物理类,本科批B段,5306,大理大学,,首选物理，再选化学,495,21864,,,1739,云南,公办,0,0
云南,2025,物理类,本科批B段,5306,大理大学,（15）,首选物理，再选生物,523,46782,,,33,云南,公办,0,0
云南,2025,物理类,本科批B段,5307,云南中医药大学,,首选物理，再选不限,495,34605,,,850,云南,公办,0,0
云南,2025,物理类,本科批B段,5307,云南中医药大学,,首选物理，再选化学,489,43507,,,1364,云南,公办,0,0
云南,2025,物理类,本科批B段,5310,曲靖师范学院,,首选物理，再选不限,462,44759,,,717,云南,公办,0,0
云南,2025,物理类,本科批B段,5310,曲靖师范学院,,首选物理，再选化学,464,38037,,,1429,云南,公办,0,0
云南,2025,物理类,本科批B段,5310,曲靖师范学院,,首选物理，再选地理,467,51310,,,142,云南,公办,0,0
云南,2025,物理类,本科批B段,5310,曲靖师范学院,,首选物理，再选思想政治,501,56116,,,26,云南,公办,0,0
云南,2025,物理类,本科批B段,5312,保山学院,,首选物理，再选不限,453,78457,,,304,云南,公办,0,0
云南,2025,物理类,本科批B段,5312,保山学院,（02）,首选物理，再选化学,464,79199,,,589,云南,公办,0,0
云南,2025,物理类,本科批B段,5312,保山学院,（03）,首选物理，再选思想政治,486,73360,,,8,云南,公办,0,0
云南,2025,物理类,本科批B段,5313,红河学院,,首选物理，再选不限,447,81411,,,476,云南,公办,0,0
云南,2025,物理类,本科批B段,5313,红河学院,（04）,首选物理，再选化学,466,63097,,,1333,云南,公办,0,0
云南,2025,物理类,本科批B段,5316,云南民族大学,,首选物理，再选不限,440,31830,,,511,云南,公办,0,0
云南,2025,物理类,本科批B段,5316,云南民族大学,,首选物理，再选化学,497,22756,,,827,云南,公办,0,0
云南,2025,物理类,本科批B段,5316,云南民族大学,（05）,首选物理，再选化学、生物(2科必选),503,60983,,,100,云南,公办,0,0
云南,2025,物理类,本科批B段,5316,云南民族大学,,首选物理，再选思想政治,440,50619,,,129,云南,公办,0,0
云南,2025,物理类,本科批B段,5317,玉溪师范学院,,首选物理，再选不限,452,56824,,,334,云南,公办,0,0
云南,2025,物理类,本科批B段,5317,玉溪师范学院,（03）,首选物理，再选化学,474,60983,,,749,云南,公办,0,0
云南,2025,物理类,本科批B段,5317,玉溪师范学院,（02）,首选物理，再选地理,491,63813,,,49,云南,公办,0,0
云南,2025,物理类,本科批B段,5317,玉溪师范学院,（04）,首选物理，再选思想政治,496,66012,,,17,云南,公办,0,0
云南,2025,物理类,本科批B段,5320,昆明学院,（01）,首选物理，再选不限,478,54037,,,309,云南,公办,0,0
云南,2025,物理类,本科批B段,5320,昆明学院,（02）,首选物理，再选化学,488,44143,,,1188,云南,公办,0,0
云南,2025,物理类,本科批B段,5320,昆明学院,（03）,首选物理，再选化学、生物(2科必选),500,49360,,,196,云南,公办,0,0
云南,2025,物理类,本科批B段,5320,昆明学院,（04）,首选物理，再选思想政治,462,89904,,,122,云南,公办,0,0
云南,2025,物理类,本科批B段,5321,文山学院,（01）,首选物理，再选不限,464,82926,,,260,云南,公办,0,0
云南,2025,物理类,本科批B段,5321,文山学院,（03）,首选物理，再选化学,456,83722,,,840,云南,公办,0,0
云南,2025,物理类,本科批B段,5321,文山学院,（02）,首选物理，再选地理,475,80652,,,68,云南,公办,0,0
云南,2025,物理类,本科批B段,5337,滇池学院,（01）,首选物理，再选不限,436,96692,,,468,云南,民办,0,0
云南,2025,物理类,本科批B段,5337,滇池学院,（02）,首选物理，再选化学,430,109528,,,777,云南,民办,0,0
云南,2025,物理类,本科批B段,5340,昆明医科大学海源学院,（01）,首选物理，再选不限,434,102085,,,0,云南,民办,0,0
云南,2025,物理类,本科批B段,5340,昆明医科大学海源学院,（02）,首选物理，再选化学,420,106508,,,0,云南,民办,0,0
云南,2025,物理类,本科批B段,5340,昆明医科大学海源学院,（03）,首选物理，再选生物,419,122061,,,0,云南,民办,0,0
云南,2025,物理类,本科批B段,5351,曲靖健康医学院,（01）,首选物理，再选化学,464,79199,,,593,云南,公办,0,0
云南,2025,物理类,本科批B段,6102,西安交通大学,,首选物理，再选化学,597,490,,,0,陕西,公办,1,1
云南,2025,物理类,本科批B段,6115,陕西师范大学,（12）,首选物理，再选不限,584,15033,,,5,陕西,公办,0,1
云南,2025,物理类,本科批B段,6115,陕西师范大学,,首选物理，再选化学,569,8389,,,3,陕西,公办,0,1
云南,2025,物理类,本科批B段,6116,延安大学,（01）,首选物理，再选不限,504,54037,,,6,陕西,公办,0,0
云南,2025,物理类,本科批B段,6116,延安大学,（02）,首选物理，再选化学,412,49360,,,18,陕西,公办,0,0
云南,2025,物理类,本科批B段,6117,陕西理工大学,（01）,首选物理，再选不限,497,52003,,,0,陕西,公办,0,0
云南,2025,物理类,本科批B段,6117,陕西理工大学,（02）,首选物理，再选化学,551,26994,,,0,陕西,公办,0,0
云南,2025,物理类,本科批B段,6118,宝鸡文理学院,（01）,首选物理，再选地理,487,72622,,,3,陕西,公办,0,0
云南,2025,物理类,本科批B段,6119,咸阳师范学院,（01）,首选物理，再选不限,504,60276,,,3,陕西,公办,0,0
云南,2025,物理类,本科批B段,6119,咸阳师范学院,（02）,首选物理，再选化学,509,56824,,,1,陕西,公办,0,0
云南,2025,物理类,本科批B段,6119,咸阳师范学院,（03）,首选物理，再选地理,496,66012,,,2,陕西,公办,0,0
云南,2025,物理类,本科批B段,6120,渭南师范学院,（01）,首选物理，再选不限,477,79927,,,6,陕西,公办,0,0
云南,2025,物理类,本科批B段,6120,渭南师范学院,（02）,首选物理，再选化学,499,63813,,,6,陕西,公办,0,0
云南,2025,物理类,本科批B段,6120,渭南师范学院,（03）,首选物理，再选地理,501,62419,,,4,陕西,公办,0,0
云南,2025,物理类,本科批B段,6122,西北政法大学,（01）,首选物理，再选不限,602,7586,,,0,陕西,公办,0,0
云南,2025,物理类,本科批B段,6127,西安文理学院,,首选物理，再选化学,507,49360,,,12,陕西,公办,0,0
云南,2025,物理类,本科批B段,6128,榆林学院,（01）,首选物理，再选化学,477,75535,,,7,陕西,公办,0,0
云南,2025,物理类,本科批B段,6130,西安邮电大学,（01）,首选物理，再选不限,596,10812,,,2,陕西,公办,0,0
云南,2025,物理类,本科批B段,6132,西安航空学院,（01）,首选物理，再选化学,500,49983,,,10,陕西,公办,0,0
云南,2025,物理类,本科批B段,6147,西安明德理工学院,（01）,首选物理，再选不限,426,112423,,,2,陕西,民办,0,0
云南,2025,物理类,本科批B段,6147,西安明德理工学院,（02）,首选物理，再选化学,429,92196,,,5,陕西,民办,0,0
云南,2025,物理类,本科批B段,6158,安康学院,（01）,首选物理，再选化学,480,76268,,,6,陕西,公办,0,0
云南,2025,物理类,本科批B段,6159,西京学院,,首选物理，再选不限,432,,,,12,陕西,民办,0,0
云南,2025,物理类,本科批B段,6159,西京学院,（03）,首选物理，再选化学,431,,,,18,陕西,民办,0,0
云南,2025,物理类,本科批B段,6159,西京学院,（04）,首选物理，再选生物,457,,,,2,陕西,民办,0,0
云南,2025,物理类,本科批B段,6160,西安交通大学城市学院,（02）,首选物理，再选化学,471,83723,,,2,陕西,民办,0,0
云南,2025,物理类,本科批B段,6166,陕西学前师范学院,（01）,首选物理，再选不限,492,68911,,,0,陕西,公办,0,0
云南,2025,物理类,本科批B段,6166,陕西学前师范学院,（02）,首选物理，再选化学,467,84481,,,0,陕西,公办,0,0
云南,2025,物理类,本科批B段,6201,兰州大学,,首选物理，再选不限,541,7586,,,12,甘肃,公办,1,1
云南,2025,物理类,本科批B段,6201,兰州大学,,首选物理，再选化学,548,4510,,,75,甘肃,公办,1,1
云南,2025,物理类,本科批B段,6205,西北师范大学,,首选物理，再选不限,523,31275,,,0,甘肃,公办,0,0
云南,2025,物理类,本科批B段,6205,西北师范大学,,首选物理，再选化学,529,30166,,,0,甘肃,公办,0,0
云南,2025,物理类,本科批B段,6205,西北师范大学,（03）,首选物理，再选地理,538,36341,,,0,甘肃,公办,0,0
云南,2025,物理类,本科批B段,6207,兰州财经大学,,首选物理，再选不限,491,56824,,,0,甘肃,公办,0,0
云南,2025,物理类,本科批B段,6207,兰州财经大学,（03）,首选物理，再选化学,508,52642,,,0,甘肃,公办,0,0
云南,2025,物理类,本科批B段,6207,兰州财经大学,（04）,首选物理，再选地理,492,68911,,,0,甘肃,公办,0,0
云南,2025,物理类,本科批B段,6209,甘肃政法大学,（01）,首选物理，再选不限,566,16561,,,0,甘肃,公办,0,0
云南,2025,物理类,本科批B段,6209,甘肃政法大学,（02）,首选物理，再选化学,547,29629,,,0,甘肃,公办,0,0
云南,2025,物理类,本科批B段,6221,天水师范大学,（01）,首选物理，再选不限,489,71158,,,0,甘肃,公办,0,0
云南,2025,物理类,本科批B段,6221,天水师范大学,（02）,首选物理，再选化学,503,59581,,,0,甘肃,公办,0,0
云南,2025,物理类,本科批B段,6225,兰州资源环境职业技术大学,（01）,首选物理，再选不限,494,63813,,,0,甘肃,公办,0,0
云南,2025,物理类,本科批B段,6301,青海大学,,首选物理，再选不限,569,16983,,,0,青海,公办,0,1
云南,2025,物理类,本科批B段,6301,青海大学,（03）,首选物理，再选化学,550,12494,,,0,青海,公办,0,1
云南,2025,物理类,本科批B段,6301,青海大学,（04）,首选物理，再选化学、生物(2科必选),541,20930,,,0,青海,公办,0,1
云南,2025,物理类,本科批B段,6401,宁夏大学,（01）,首选物理，再选不限,549,31830,,,7,宁夏,公办,0,1
云南,2025,物理类,本科批B段,6401,宁夏大学,,首选物理，再选化学,549,20457,,,32,宁夏,公办,0,1
云南,2025,物理类,本科批B段,6402,宁夏医科大学,（01）,首选物理，再选不限,457,95196,,,2,宁夏,公办,0,0
云南,2025,物理类,本科批B段,6402,宁夏医科大学,,首选物理，再选化学,494,13884,,,60,宁夏,公办,0,0
云南,2025,物理类,本科批B段,6402,宁夏医科大学,（06）,首选物理，再选化学、生物(2科必选),462,91420,,,13,宁夏,公办,0,0
云南,2025,物理类,本科批B段,6404,北方民族大学,,首选物理，再选不限,477,45400,,,57,宁夏,公办,0,0
云南,2025,物理类,本科批B段,6404,北方民族大学,,首选物理，再选化学,486,27489,,,235,宁夏,公办,0,0
云南,2025,物理类,本科批B段,6404,北方民族大学,（04）,首选物理，再选思想政治,499,63813,,,1,宁夏,公办,0,0
云南,2025,物理类,本科批B段,6406,宁夏理工学院,（01）,首选物理，再选化学,415,98983,,,21,宁夏,民办,0,0
云南,2025,物理类,本科批B段,6410,宁夏师范大学,,首选物理，再选不限,471,62419,,,9,宁夏,公办,0,0
云南,2025,物理类,本科批B段,6410,宁夏师范大学,（03）,首选物理，再选化学,512,54745,,,2,宁夏,公办,0,0
云南,2025,物理类,本科批B段,6501,新疆大学,,首选物理，再选不限,514,18291,,,0,新疆,公办,0,1
云南,2025,物理类,本科批B段,6501,新疆大学,（03）,首选物理，再选化学,526,12494,,,0,新疆,公办,0,1
云南,2025,物理类,本科批B段,6501,新疆大学,（04）,首选物理，再选地理,555,28548,,,0,新疆,公办,0,1
云南,2025,物理类,本科批B段,6503,石河子大学,（01）,首选物理，再选不限,544,27488,,,16,新疆,公办,0,1
云南,2025,物理类,本科批B段,6503,石河子大学,,首选物理，再选化学,511,17875,,,93,新疆,公办,0,1
云南,2025,物理类,本科批B段,6505,中国石油大学（北京）克拉玛依校区,,首选物理，再选不限,563,19141,,,0,新疆,公办,0,1
云南,2025,物理类,本科批B段,6505,中国石油大学（北京）克拉玛依校区,,首选物理，再选化学,573,13167,,,0,新疆,公办,0,1
云南,2025,物理类,本科批B段,6519,喀什大学,,首选物理，再选不限,456,65270,,,17,新疆,公办,0,0
云南,2025,物理类,本科批B段,6519,喀什大学,（03）,首选物理，再选化学,476,69659,,,16,新疆,公办,0,0
云南,2025,物理类,本科批B段,6519,喀什大学,（05）,首选物理，再选思想政治,482,76268,,,2,新疆,公办,0,0
云南,2025,物理类,本科批B段,6519,喀什大学,（04）,首选物理，再选生物,498,64525,,,2,新疆,公办,0,0
云南,2025,物理类,本科批B段,,北京交通大学（威海校区）,,首选物理，再选不限,579,16984,,,4,山东,中外合作办学,0,1
云南,2025,物理类,本科批B段,,南京财经大学红山学院,,首选物理，再选不限,484,70392,,,8,江苏,民办,0,0
云南,2025,物理类,本科批B段,,山东女子学院,,首选物理，再选不限,471,84481,,,10,山东,公办,0,0
云南,2025,物理类,本科批B段,,山东科技大学,,首选物理，再选不限,536,32350,,,8,山东,公办,0,0
云南,2025,物理类,本科批B段,,山东科技大学,,首选物理，再选化学,528,15420,,,65,山东,公办,0,0
云南,2025,物理类,本科批B段,,山东科技大学,,首选物理，再选地理,560,26012,,,2,山东,公办,0,0
云南,2025,物理类,本科批B段,,广州商学院,,首选物理，再选化学,481,76269,,,1,广东,民办,0,0
云南,2025,物理类,本科批B段,,徐州工程学院,,首选物理，再选不限,522,48100,,,0,江苏,公办,0,0
云南,2025,物理类,本科批B段,,徐州工程学院,,首选物理，再选化学,526,44143,,,0,江苏,公办,0,0
云南,2025,物理类,本科批B段,,江苏第二师范学院,,首选物理，再选不限,503,52003,,,8,江苏,公办,0,0
云南,2025,物理类,本科批B段,,济宁医学院,,首选物理，再选化学,495,30167,,,30,山东,公办,0,0
云南,2025,物理类,本科批B段,,浙江工商大学杭州商学院,,首选物理，再选不限,436,77016,,,17,浙江,民办,0,0
云南,2025,物理类,本科批B段,,浙江工商大学杭州商学院,,首选物理，再选化学,452,95979,,,5,浙江,民办,0,0
云南,2025,物理类,本科批B段,,浙江科技大学,,首选物理，再选不限,547,32351,,,2,浙江,公办,0,0
云南,2025,物理类,本科批B段,,浙江科技大学,,首选物理，再选化学,546,23189,,,63,浙江,公办,0,0
云南,2025,物理类,本科批B段,,苏州城市学院,,首选物理，再选不限,527,44759,,,5,江苏,公办,0,0
云南,2025,物理类,本科批B段,,苏州城市学院,,首选物理，再选化学,533,37443,,,20,江苏,公办,0,0
云南,2025,物理类,本科批B段,,苏州大学应用技术学院,,首选物理，再选不限,434,86015,,,6,江苏,民办,0,0
云南,2025,物理类,本科批B段,,韩山师范学院,,首选物理，再选化学,514,53307,,,0,广东,公办,0,0
云南,2025,物理类,本科提前批A段,3113,华东师范大学,,首选物理，再选化学,620,4699,,,0,上海,公办,1,1
云南,2025,物理类,本科提前批A段,4213,华中师范大学,,首选物理，再选不限,625,3813,,,0,湖北,公办,0,1
云南,2025,物理类,本科提前批A段,4213,华中师范大学,,首选物理，再选化学,613,3981,,,0,湖北,公办,0,1
云南,2025,物理类,本科提前批A段,5320,昆明学院,,首选物理，再选不限,548,10210,,,75,云南,公办,0,0
云南,2025,物理类,本科提前批A段,5320,昆明学院,,首选物理，再选化学,534,13520,,,27,云南,公办,0,0
云南,2025,物理类,本科提前批B段,1131,中国人民公安大学,,首选物理，再选化学,624,768,,,0,北京,公办,0,0
云南,2025,物理类,本科提前批B段,1131,中国人民公安大学,,首选物理，再选思想政治,594,2137,,,0,北京,公办,0,0
云南,2025,物理类,本科提前批B段,2124,中国刑事警察学院,,首选物理，再选化学,610,2974,,,24,辽宁,公办,0,0
云南,2025,物理类,本科提前批B段,2124,中国刑事警察学院,,首选物理，再选思想政治,594,5800,,,3,辽宁,公办,0,0
云南,2025,物理类,本科提前批B段,3381,浙江警察学院,,首选物理，再选思想政治,548,8153,,,0,浙江,公办,0,0
云南,2025,物理类,本科提前批B段,5319,云南警官学院,,首选物理，再选化学,524,7869,,,0,云南,公办,0,0
云南,2025,物理类,本科提前批B段,5319,云南警官学院,,首选物理，再选思想政治,550,9598,,,0,云南,公办,0,0
云南,2025,物理类,本科提前批C段,1188,中国消防救援学院,（01）,首选物理，再选化学,501,7869,,,0,北京,公办,0,0
云南,2025,物理类,本科提前批C段,1188,中国消防救援学院,（02）,首选物理，再选思想政治,525,46056,,,0,北京,公办,0,0
云南,2025,物理类,本科提前批C段,3106,上海海事大学,（99）,首选物理，再选化学,563,21863,,,0,上海,公办,0,0
云南,2025,物理类,本科提前批C段,4522,北部湾大学,（99）,首选物理，再选化学,514,48100,,,0,广西,公办,0,0
云南,2025,物理类,本科提前批C段,4614,海南热带海洋学院,（99）,首选物理，再选化学,506,58868,,,0,海南,公办,0,0
云南,2025,物理类,本科提前批C段,5302,昆明理工大学,（99）,首选物理，再选化学,550,31275,,,0,云南,公办,0,0
云南,2025,物理类,本科提前批D段,3113,华东师范大学,（01）,首选物理，再选化学,639,1093,,,0,上海,公办,1,1
云南,2025,物理类,本科提前批D段,4213,华中师范大学,,首选物理，再选不限,619,1434,,,0,湖北,公办,0,1
云南,2025,物理类,本科提前批D段,4213,华中师范大学,,首选物理，再选化学,632,1434,,,0,湖北,公办,0,1
云南,2025,物理类,本科提前批D段,4213,华中师范大学,（05）,首选物理，再选地理,631,2827,,,0,湖北,公办,0,1
云南,2025,物理类,高校专项计划批,1120,北京中医药大学,（W化）,首选物理，再选化学,591,12808,,,0,北京,公办,0,1
云南,2025,艺术类（历史）,艺术类本科批,,郑州美术学院,,首选历史，再选不限,399,,,,0,河南,民办,0,0
