province,year,batch,category,university_code,university_name,major_group,major_code,major_name,major_note,subject_req,plan_count,duration,tuition
海南,2025,本科批,综合,2380,阿坝师范学院,2,6,化学,,"物理,化学",1,4,5200.0
海南,2025,本科批,综合,2380,阿坝师范学院,5,9,地理科学,,"历史,地理",1,4,5200.0
海南,2025,本科批,综合,2380,阿坝师范学院,1,2,学前教育,,不限,1,4,4800.0
海南,2025,本科批,综合,2380,阿坝师范学院,1,3,小学教育,,不限,1,4,4800.0
海南,2025,本科批,综合,2380,阿坝师范学院,4,8,思想政治教育,,"政治,历史",1,4,4800.0
海南,2025,本科批,综合,2380,阿坝师范学院,2,4,数学与应用数学,,"物理,化学",1,4,5200.0
海南,2025,本科批,综合,2380,阿坝师范学院,3,7,汉语言文学,,历史,1,4,4800.0
海南,2025,本科批,综合,2380,阿坝师范学院,2,5,生物科学,,"物理,化学",1,4,5200.0
海南,2025,本科批,综合,2380,阿坝师范学院,1,1,英语,,不限,1,4,4800.0
海南,2025,本科批,综合,1079,安徽财经大学,1,3,供应链管理,,不限,6,4,4900.0
海南,2025,本科批,综合,1079,安徽财经大学,1,7,工商管理类,(包含专业:工商管理、市场营销、人力资源管理),不限,6,4,5635.0
海南,2025,本科批,综合,1079,安徽财经大学,1,14,资产评估,,不限,6,4,4900.0
海南,2025,本科批,综合,1079,安徽财经大学,2,18,经济统计学,,物理,5,4,5390.0
海南,2025,本科批,综合,1079,安徽财经大学,3,23,信息安全,,"物理,化学",4,4,5200.0
海南,2025,本科批,综合,1079,安徽财经大学,1,11,公共管理类,(包含专业:行政管理、劳动与社会保障、土地资源管理),不限,4,4,4900.0
海南,2025,本科批,综合,1079,安徽财经大学,1,8,国际商务,,不限,4,4,5635.0
海南,2025,本科批,综合,1079,安徽财经大学,3,25,应用统计学,,"物理,化学",4,4,5200.0
海南,2025,本科批,综合,1079,安徽财经大学,2,17,数字经济,,物理,4,4,5390.0
海南,2025,本科批,综合,1079,安徽财经大学,3,24,数据计算及应用,,"物理,化学",4,4,5200.0
海南,2025,本科批,综合,1079,安徽财经大学,1,4,旅游管理,,不限,4,4,5635.0
海南,2025,本科批,综合,1079,安徽财经大学,3,21,智能科学与技术,,"物理,化学",4,4,5200.0
海南,2025,本科批,综合,1079,安徽财经大学,1,5,电子商务,,不限,4,4,5635.0
海南,2025,本科批,综合,1079,安徽财经大学,2,19,管理科学与工程类,(包含专业:信息管理与信息系统、工程管理、工程造价),物理,4,4,4900.0
海南,2025,本科批,综合,1079,安徽财经大学,1,9,经济与贸易类,(包含专业:国际经济与贸易、贸易经济),不限,4,4,5635.0
海南,2025,本科批,综合,1079,安徽财经大学,1,1,经济学类,(包含专业:经济学、国民经济管理),不限,4,4,5635.0
海南,2025,本科批,综合,1079,安徽财经大学,1,2,金融学,,不限,4,4,5635.0
海南,2025,本科批,综合,1079,安徽财经大学,1,10,金融学类,(包含专业:投资学、保险学),不限,4,4,4900.0
海南,2025,本科批,综合,1079,安徽财经大学,2,20,金融工程,,物理,4,4,5635.0
海南,2025,本科批,综合,1079,安徽财经大学,1,13,会计学,,不限,3,4,5635.0
海南,2025,本科批,综合,1079,安徽财经大学,1,15,审计学,,不限,3,4,5635.0
海南,2025,本科批,综合,1079,安徽财经大学,1,6,物流管理,,不限,3,4,4900.0
海南,2025,本科批,综合,1079,安徽财经大学,3,22,统计学,,"物理,化学",3,4,5980.0
海南,2025,本科批,综合,1079,安徽财经大学,1,12,财政学类,(包含专业:财政学、税收学),不限,3,4,5390.0
海南,2025,本科批,综合,1079,安徽财经大学,1,16,日语,,不限,2,4,4900.0
海南,2025,本科批,综合,1061,安徽大学,1,3,哲学,,不限,5,4,5000.0
海南,2025,本科批,综合,1061,安徽大学,2,12,数学类,(包含专业:数学与应用数学、信息与计算科学),"物理,化学",5,4,5400.0
海南,2025,本科批,综合,1061,安徽大学,1,4,新闻传播学类,(包含专业:新闻学、广播电视学、编辑出版学、网络与新媒体),不限,5,4,5000.0
海南,2025,本科批,综合,1061,安徽大学,2,17,电气工程及其自动化,,"物理,化学",5,4,5400.0
海南,2025,本科批,综合,1061,安徽大学,2,18,智能制造工程,,"物理,化学",4,4,5400.0
海南,2025,本科批,综合,1061,安徽大学,2,15,网络工程,,"物理,化学",4,4,5400.0
海南,2025,本科批,综合,1061,安徽大学,2,13,软件工程,,"物理,化学",4,4,6480.0
海南,2025,本科批,综合,1061,安徽大学,1,7,人力资源管理,,不限,3,4,5000.0
海南,2025,本科批,综合,1061,安徽大学,1,8,旅游管理,,不限,3,4,5000.0
海南,2025,本科批,综合,1061,安徽大学,1,2,汉语国际教育,,不限,3,4,5000.0
海南,2025,本科批,综合,1061,安徽大学,1,11,社会学类,(包含专业:社会学、社会工作),不限,3,4,5000.0
海南,2025,本科批,综合,1061,安徽大学,1,10,行政管理,,不限,3,4,5000.0
海南,2025,本科批,综合,1061,安徽大学,2,16,通信工程,,"物理,化学",3,4,6480.0
海南,2025,本科批,综合,1061,安徽大学,2,14,互联网金融,,"物理,化学",2,4,5000.0
海南,2025,本科批,综合,1061,安徽大学,1,6,市场营销,,不限,2,4,5000.0
海南,2025,本科批,综合,1061,安徽大学,1,1,汉语言文学,,不限,2,4,5000.0
海南,2025,本科批,综合,1061,安徽大学,1,9,法学,,不限,2,4,5500.0
海南,2025,本科批,综合,1061,安徽大学,1,5,经济学,,不限,2,4,5000.0
海南,2025,专科批,综合,1130,安徽国防科技职业学院,1,3,人工智能技术应用,,不限,10,3,3900.0
海南,2025,专科批,综合,1130,安徽国防科技职业学院,1,1,建设工程管理,,不限,10,3,3900.0
海南,2025,专科批,综合,1130,安徽国防科技职业学院,1,2,机械制造及自动化,,不限,10,3,3900.0
海南,2025,本科批,综合,1085,安徽建筑大学,3,8,交通工程,,"物理,化学",1,4,5200.0
海南,2025,本科批,综合,1085,安徽建筑大学,1,1,会计学,,不限,1,4,5390.0
海南,2025,本科批,综合,1085,安徽建筑大学,1,2,劳动与社会保障,,不限,1,4,4900.0
海南,2025,本科批,综合,1085,安徽建筑大学,3,6,土木工程,,"物理,化学",1,4,5980.0
海南,2025,本科批,综合,1085,安徽建筑大学,3,5,安全工程,,"物理,化学",1,4,5200.0
海南,2025,本科批,综合,1085,安徽建筑大学,2,3,工程管理,,物理,1,4,5980.0
海南,2025,本科批,综合,1085,安徽建筑大学,3,7,智能建造,,"物理,化学",1,4,5200.0
海南,2025,本科批,综合,1085,安徽建筑大学,3,9,给排水科学与工程,,"物理,化学",1,4,5980.0
海南,2025,本科批,综合,1085,安徽建筑大学,3,4,道路桥梁与渡河工程,,"物理,化学",1,4,5980.0
海南,2025,本科批,综合,1085,安徽建筑大学,3,10,高分子材料与工程,,"物理,化学",1,4,5980.0
海南,2025,本科批,综合,1065,安徽理工大学,1,5,土木工程,,"物理,化学",4,4,5720.0
海南,2025,本科批,综合,1065,安徽理工大学,1,11,预防医学,,"物理,化学",4,5,5500.0
海南,2025,本科批,综合,1065,安徽理工大学,1,3,高分子材料与工程,,"物理,化学",4,4,5200.0
海南,2025,本科批,综合,1065,安徽理工大学,1,1,信息与计算科学,,"物理,化学",2,4,5980.0
海南,2025,本科批,综合,1065,安徽理工大学,1,9,制药工程,,"物理,化学",2,4,5200.0
海南,2025,本科批,综合,1065,安徽理工大学,1,4,化学工程与工艺,,"物理,化学",2,4,5980.0
海南,2025,本科批,综合,1065,安徽理工大学,1,12,医学检验技术,,"物理,化学",2,4,5500.0
海南,2025,本科批,综合,1065,安徽理工大学,1,2,新能源汽车工程,,"物理,化学",2,4,5200.0
海南,2025,本科批,综合,1065,安徽理工大学,1,7,水文与水资源工程,,"物理,化学",2,4,5200.0
海南,2025,本科批,综合,1065,安徽理工大学,1,6,测绘工程,,"物理,化学",2,4,5980.0
海南,2025,本科批,综合,1065,安徽理工大学,1,10,药学,,"物理,化学",2,4,5500.0
海南,2025,本科批,综合,1065,安徽理工大学,1,8,遥感科学与技术,,"物理,化学",2,4,5200.0
海南,2025,本科批,综合,1067,安徽农业大学,2,10,园艺,,"物理,化学",3,4,5980.0
海南,2025,本科批,综合,1067,安徽农业大学,1,2,会计学,,不限,2,4,5390.0
海南,2025,本科批,综合,1067,安徽农业大学,2,9,动物科学,,"物理,化学",2,4,5980.0
海南,2025,本科批,综合,1067,安徽农业大学,1,3,国际经济与贸易,,不限,2,4,4900.0
海南,2025,本科批,综合,1067,安徽农业大学,2,6,地理空间信息工程,,"物理,化学",2,4,5200.0
海南,2025,本科批,综合,1067,安徽农业大学,2,4,植物保护,,"物理,化学",2,4,5980.0
海南,2025,本科批,综合,1067,安徽农业大学,2,7,生物技术,,"物理,化学",2,4,5980.0
海南,2025,本科批,综合,1067,安徽农业大学,2,5,生物育种科学,,"物理,化学",2,4,5200.0
海南,2025,本科批,综合,1067,安徽农业大学,1,1,金融学,,不限,2,4,5390.0
海南,2025,本科批,综合,1067,安徽农业大学,2,8,生物科学,,"物理,化学",1,4,5200.0
海南,2025,专科批,综合,1148,安徽审计职业学院,1,2,中小企业创业与经营,,不限,5,3,3500.0
海南,2025,专科批,综合,1148,安徽审计职业学院,1,1,大数据与审计,,不限,5,3,3500.0
海南,2025,本科批,综合,1072,安徽师范大学,4,9,化学,,"物理,化学",3,4,5720.0
海南,2025,本科批,综合,1072,安徽师范大学,3,5,旅游管理,,不限,3,4,4900.0
海南,2025,本科批,综合,1072,安徽师范大学,4,18,环境工程,,"物理,化学",3,4,5200.0
海南,2025,本科批,综合,1072,安徽师范大学,4,15,生态学,,"物理,化学",3,4,5200.0
海南,2025,本科批,综合,1072,安徽师范大学,3,3,社会学,,不限,3,4,4900.0
海南,2025,本科批,综合,1072,安徽师范大学,3,4,社会工作,,不限,3,4,4900.0
海南,2025,本科批,综合,1072,安徽师范大学,4,11,化学工程与工艺,,"物理,化学",2,4,5200.0
海南,2025,本科批,综合,1072,安徽师范大学,3,6,土地资源管理,,不限,2,4,4900.0
海南,2025,本科批,综合,1072,安徽师范大学,4,10,应用化学,,"物理,化学",2,4,5200.0
海南,2025,本科批,综合,1072,安徽师范大学,4,8,新能源材料与器件,,"物理,化学",2,4,5200.0
海南,2025,本科批,综合,1072,安徽师范大学,4,14,环境科学,,"物理,化学",2,4,5200.0
海南,2025,本科批,综合,1072,安徽师范大学,4,16,生物制药,,"物理,化学",2,4,5200.0
海南,2025,本科批,综合,1072,安徽师范大学,4,12,生物技术,,"物理,化学",2,4,5200.0
海南,2025,本科批,综合,1072,安徽师范大学,4,13,生物科学,,"物理,化学",2,4,5720.0
海南,2025,本科批,综合,1072,安徽师范大学,4,7,统计学,,"物理,化学",2,4,5200.0
海南,2025,本科批,综合,1072,安徽师范大学,4,17,食品科学与工程,,"物理,化学",2,4,5200.0
海南,2025,本科批,综合,1100,安徽新华学院,1,1,会计学,,不限,2,4,26000.0
海南,2025,本科批,综合,1100,安徽新华学院,2,3,大数据管理与应用,,物理,2,4,26000.0
海南,2025,本科批,综合,1100,安徽新华学院,1,2,网络与新媒体,,不限,1,4,26000.0
海南,2025,本科批,综合,1068,安徽医科大学,3,10,临床医学,(不招色盲、色弱),"物理,化学",3,5,6050.0
海南,2025,本科批,综合,1068,安徽医科大学,3,12,预防医学,(不招色盲、色弱),"物理,化学",3,5,5500.0
海南,2025,本科批,综合,1068,安徽医科大学,3,13,医学影像技术,(不招色盲、色弱),"物理,化学",2,4,5500.0
海南,2025,本科批,综合,1068,安徽医科大学,3,9,口腔医学,(不招色盲、色弱),"物理,化学",2,5,6050.0
海南,2025,本科批,综合,1068,安徽医科大学,2,4,大数据管理与应用,,物理,2,4,4900.0
海南,2025,本科批,综合,1068,安徽医科大学,1,2,法学,,不限,2,4,4900.0
海南,2025,本科批,综合,1068,安徽医科大学,3,6,生物信息学,(不招色盲、色弱),"物理,化学",2,4,5200.0
海南,2025,本科批,综合,1068,安徽医科大学,3,11,生物医学工程,(不招色盲、色弱),"物理,化学",2,4,5200.0
海南,2025,本科批,综合,1068,安徽医科大学,3,14,生物技术,(不招色盲、色弱),"物理,化学",2,4,5200.0
海南,2025,本科批,综合,1068,安徽医科大学,3,5,精神医学,(不招色盲、色弱),"物理,化学",2,5,5500.0
海南,2025,本科批,综合,1068,安徽医科大学,1,1,养老服务管理,,不限,1,4,4900.0
海南,2025,本科批,综合,1068,安徽医科大学,3,7,卫生检验与检疫,(不招色盲、色弱),"物理,化学",1,4,5500.0
海南,2025,本科批,综合,1068,安徽医科大学,1,3,知识产权,,不限,1,4,4900.0
海南,2025,本科批,综合,1068,安徽医科大学,3,8,药学,(不招色盲、色弱),"物理,化学",1,4,5500.0
海南,2025,专科批,综合,1096,安徽中医药高等专科学校,1,6,中医康复技术,(不招色盲、色弱),不限,6,3,3900.0
海南,2025,专科批,综合,1096,安徽中医药高等专科学校,1,3,中药学,(不招色盲、色弱),不限,6,3,3900.0
海南,2025,专科批,综合,1096,安徽中医药高等专科学校,1,2,健康管理,(中医健康管理方向)(不招色盲、色弱),不限,6,3,3900.0
海南,2025,专科批,综合,1096,安徽中医药高等专科学校,1,7,护理,(不招色盲、色弱),不限,6,3,3900.0
海南,2025,专科批,综合,1096,安徽中医药高等专科学校,1,8,老年保健与管理,(不招色盲、色弱),不限,6,3,3900.0
海南,2025,专科批,综合,1096,安徽中医药高等专科学校,1,5,针灸推拿,(不招色盲、色弱),不限,6,3,3900.0
海南,2025,专科批,综合,1096,安徽中医药高等专科学校,1,4,中药制药,(不招色盲、色弱),不限,4,3,3900.0
海南,2025,专科批,综合,1096,安徽中医药高等专科学校,1,11,医学影像技术,(不招色盲、色弱),不限,4,3,3900.0
海南,2025,专科批,综合,1096,安徽中医药高等专科学校,1,1,中医学,(不招色盲、色弱),不限,2,3,3900.0
海南,2025,专科批,综合,1096,安徽中医药高等专科学校,1,10,临床医学,(不招色盲、色弱),不限,2,3,3900.0
海南,2025,专科批,综合,1096,安徽中医药高等专科学校,1,9,口腔医学,(不招色盲、色弱),不限,2,3,3900.0
海南,2025,本科批,综合,1074,安庆师范大学,1,1,新闻传播学类,(包含专业:广播电视学、新闻学、网络与新媒体),不限,5,4,4900.0
海南,2025,本科批,综合,1074,安庆师范大学,2,2,金融工程,,物理,5,4,4900.0
海南,2025,本科批,综合,2508,安顺学院,3,6,信用风险管理与法律防控,,政治,1,4,4100.0
海南,2025,本科批,综合,2508,安顺学院,2,4,化学,(不招色盲、色弱),"物理,化学",1,4,4200.0
海南,2025,本科批,综合,2508,安顺学院,1,3,学前教育,(不招色盲、色弱),不限,1,4,4100.0
海南,2025,本科批,综合,2508,安顺学院,1,1,应用心理学,(不招色盲、色弱),不限,1,4,4200.0
海南,2025,本科批,综合,2508,安顺学院,1,2,旅游管理,,不限,1,4,4100.0
海南,2025,本科批,综合,2508,安顺学院,2,5,环境工程,(不招色盲、色弱),"物理,化学",1,4,4200.0
海南,2025,专科批,综合,2522,安顺职业技术学院,1,1,护理,,不限,5,3,3850.0
海南,2025,专科批,综合,2522,安顺职业技术学院,2,2,医学影像技术,,"物理,化学,生物",4,3,3850.0
海南,2025,专科批,综合,2522,安顺职业技术学院,2,3,临床医学,,"物理,化学,生物",3,3,3850.0
海南,2025,专科批,综合,2522,安顺职业技术学院,2,4,医学检验技术,,"物理,化学,生物",3,3,3850.0
海南,2025,本科批,综合,1595,安阳工学院,1,4,交通运输,(民航交通方向),"物理,化学",4,4,5000.0
海南,2025,本科批,综合,1595,安阳工学院,1,9,环境工程,,"物理,化学",4,4,5000.0
海南,2025,本科批,综合,1595,安阳工学院,1,2,飞行器制造工程,,"物理,化学",4,4,5000.0
海南,2025,本科批,综合,1595,安阳工学院,1,1,动物医学,,"物理,化学",3,4,5000.0
海南,2025,本科批,综合,1595,安阳工学院,1,3,化学工程与工艺,,"物理,化学",3,4,5000.0
海南,2025,本科批,综合,1595,安阳工学院,1,5,土木工程,,"物理,化学",3,4,5000.0
海南,2025,本科批,综合,1595,安阳工学院,1,6,安全工程,(民航安全方向),"物理,化学",3,4,5000.0
海南,2025,本科批,综合,1595,安阳工学院,1,7,建筑学,,"物理,化学",3,5,5000.0
海南,2025,本科批,综合,1595,安阳工学院,1,8,生物技术,,"物理,化学",3,4,5000.0
海南,2025,本科批,综合,1629,安阳学院,1,4,会计学,,不限,8,4,15000.0
海南,2025,本科批,综合,1629,安阳学院,1,1,汉语言文学,,不限,8,4,15000.0
海南,2025,本科批,综合,1629,安阳学院,1,2,英语,,不限,8,4,15000.0
海南,2025,本科批,综合,1629,安阳学院,1,3,学前教育,,不限,6,4,15000.0
海南,2025,专科批,综合,1659,安阳职业技术学院,1,5,助产,,不限,2,3,4800.0
海南,2025,专科批,综合,1659,安阳职业技术学院,1,4,医学影像技术,,不限,2,3,4800.0
海南,2025,专科批,综合,1659,安阳职业技术学院,1,2,口腔医学技术,,不限,2,3,4800.0
海南,2025,专科批,综合,1659,安阳职业技术学院,1,1,康复治疗技术,,不限,2,3,4800.0
海南,2025,专科批,综合,1659,安阳职业技术学院,1,3,护理,,不限,2,3,4800.0
海南,2025,本科批,综合,460,鞍山师范学院,1,3,酒店管理,,不限,2,4,5200.0
海南,2025,本科批,综合,460,鞍山师范学院,1,2,旅游管理,,不限,1,4,5200.0
海南,2025,本科批,综合,460,鞍山师范学院,1,1,社会工作,,不限,1,4,4800.0
海南,2025,专科批,综合,2459,巴中职业技术学院,1,1,护理,,不限,9,3,12000.0
海南,2025,专科批,综合,2459,巴中职业技术学院,1,3,医学影像技术,,不限,8,3,11800.0
海南,2025,专科批,综合,2459,巴中职业技术学院,1,5,学前教育,,不限,8,3,11800.0
海南,2025,专科批,综合,2459,巴中职业技术学院,1,2,医学检验技术,,不限,7,3,11800.0
海南,2025,专科批,综合,2459,巴中职业技术学院,1,6,小学教育,,不限,7,3,12700.0
海南,2025,专科批,综合,2459,巴中职业技术学院,1,4,临床医学,,不限,1,3,12700.0
海南,2025,本科批,综合,566,白城师范学院,1,3,物流管理,,不限,7,4,4800.0
海南,2025,本科批,综合,566,白城师范学院,2,7,生物技术,,"物理,化学",6,4,5000.0
海南,2025,本科批,综合,566,白城师范学院,2,6,园艺,,"物理,化学",5,4,5000.0
海南,2025,本科批,综合,566,白城师范学院,2,5,数学与应用数学,,"物理,化学",4,4,5000.0
海南,2025,本科批,综合,566,白城师范学院,1,4,旅游管理,,不限,3,4,4800.0
海南,2025,本科批,综合,566,白城师范学院,1,1,汉语言文学,,不限,3,4,5060.0
海南,2025,本科批,综合,566,白城师范学院,1,2,法学,,不限,2,4,4800.0
海南,2025,本科批,综合,2209,百色学院,2,9,财务管理,,不限,3,4,4600.0
海南,2025,本科批,综合,2209,百色学院,2,10,跨境电子商务,,不限,3,4,4600.0
海南,2025,本科批,综合,2209,百色学院,6,21,地理科学,,地理,2,4,4600.0
海南,2025,本科批,综合,2209,百色学院,2,5,城市管理,,不限,2,4,4600.0
海南,2025,本科批,综合,2209,百色学院,3,11,工程造价,,物理,2,4,4600.0
海南,2025,本科批,综合,2209,百色学院,4,18,应用统计学,,"物理,化学",2,4,4600.0
海南,2025,本科批,综合,2209,百色学院,5,20,思想政治教育,,政治,2,4,4200.0
海南,2025,本科批,综合,2209,百色学院,4,14,数学与应用数学,,"物理,化学",2,4,4600.0
海南,2025,本科批,综合,2209,百色学院,2,3,新闻学,,不限,2,4,4200.0
海南,2025,本科批,综合,2209,百色学院,2,8,旅游管理,,不限,2,4,4600.0
海南,2025,本科批,综合,2209,百色学院,4,13,材料化学,,"物理,化学",2,4,4600.0
海南,2025,本科批,综合,2209,百色学院,4,12,材料成型及控制工程,,"物理,化学",2,4,4600.0
海南,2025,本科批,综合,2209,百色学院,2,6,汉语国际教育,,不限,2,4,4200.0
海南,2025,本科批,综合,2209,百色学院,2,4,汉语言文学,,不限,2,4,4200.0
海南,2025,本科批,综合,2209,百色学院,4,15,物理学,,"物理,化学",2,4,4600.0
海南,2025,本科批,综合,2209,百色学院,4,19,生物技术,,"物理,化学",2,4,4600.0
海南,2025,本科批,综合,2209,百色学院,4,16,电子信息工程,,"物理,化学",2,4,4600.0
海南,2025,本科批,综合,2209,百色学院,4,17,网络工程,,"物理,化学",2,4,4600.0
海南,2025,本科批,综合,2209,百色学院,2,7,英语,,不限,2,4,4200.0
海南,2025,专科批,综合,1158,蚌埠经济技术职业学院,1,7,医学生物技术,,不限,6,3,6500.0
海南,2025,专科批,综合,1158,蚌埠经济技术职业学院,1,1,护理,,不限,6,3,6500.0
海南,2025,专科批,综合,1158,蚌埠经济技术职业学院,1,4,口腔医学技术,,不限,4,3,6500.0
海南,2025,专科批,综合,1158,蚌埠经济技术职业学院,1,6,大数据与会计,,不限,4,3,6500.0
海南,2025,专科批,综合,1158,蚌埠经济技术职业学院,1,2,计算机应用技术,,不限,4,3,6500.0
海南,2025,专科批,综合,1158,蚌埠经济技术职业学院,1,3,高速铁路客运服务,,不限,4,3,6500.0
海南,2025,专科批,综合,1158,蚌埠经济技术职业学院,1,5,婴幼儿托育服务与管理,,不限,2,3,6500.0
海南,2025,本科批,综合,1091,蚌埠学院,1,1,电子信息工程,,"物理,化学",3,4,5635.0
海南,2025,本科批,综合,1091,蚌埠学院,1,2,生物制药,,"物理,化学",2,4,4900.0
海南,2025,本科批,综合,1069,蚌埠医科大学,1,1,护理学,(不招色盲、色弱),化学,5,4,6050.0
海南,2025,本科批,综合,2697,宝鸡文理学院,4,8,制药工程,,"物理,化学",2,4,6000.0
海南,2025,本科批,综合,2697,宝鸡文理学院,3,6,外国语言文学类,(包含专业:英语、翻译),不限,2,4,5000.0
海南,2025,本科批,综合,2697,宝鸡文理学院,3,3,工商管理类,(包含专业:工商管理、人力资源管理),不限,2,4,5000.0
海南,2025,本科批,综合,2697,宝鸡文理学院,3,5,旅游管理,,不限,2,4,5000.0
海南,2025,本科批,综合,2697,宝鸡文理学院,4,7,材料成型及控制工程,,"物理,化学",2,4,6000.0
海南,2025,本科批,综合,2697,宝鸡文理学院,4,9,电子信息类,(包含专业:电子信息工程、通信工程),"物理,化学",2,4,6000.0
海南,2025,本科批,综合,2697,宝鸡文理学院,3,4,行政管理,,不限,2,4,5000.0
海南,2025,本科批,综合,244,保定理工学院,1,1,人力资源管理,,不限,2,4,22000.0
海南,2025,本科批,综合,244,保定理工学院,1,3,会计学,,不限,2,4,22000.0
海南,2025,本科批,综合,244,保定理工学院,1,7,商务英语,,不限,2,4,20000.0
海南,2025,本科批,综合,244,保定理工学院,1,5,国际经济与贸易,,不限,2,4,22000.0
海南,2025,本科批,综合,244,保定理工学院,1,6,小学教育,,不限,2,4,20000.0
海南,2025,本科批,综合,244,保定理工学院,3,9,机械设计制造及其自动化,,"物理,化学",2,4,22000.0
海南,2025,本科批,综合,244,保定理工学院,1,2,电子商务及法律,,不限,2,4,22000.0
海南,2025,本科批,综合,244,保定理工学院,1,4,经济学,,不限,2,4,22000.0
海南,2025,本科批,综合,244,保定理工学院,3,10,计算机科学与技术,,"物理,化学",2,4,22000.0
海南,2025,本科批,综合,244,保定理工学院,2,8,金融工程,,物理,2,4,22000.0
海南,2025,本科批,综合,167,保定学院,2,4,投资学,,不限,2,4,4600.0
海南,2025,本科批,综合,167,保定学院,3,9,软件工程,,"物理,化学",2,4,5390.0
海南,2025,本科批,综合,167,保定学院,5,11,人文地理与城乡规划,,地理,1,4,4900.0
海南,2025,本科批,综合,167,保定学院,2,3,供应链管理,,不限,1,4,4600.0
海南,2025,本科批,综合,167,保定学院,3,8,化学,,"物理,化学",1,4,4900.0
海南,2025,本科批,综合,167,保定学院,3,7,数学与应用数学,,"物理,化学",1,4,5390.0
海南,2025,本科批,综合,167,保定学院,2,6,旅游管理与服务教育,,不限,1,4,4600.0
海南,2025,本科批,综合,167,保定学院,4,10,汉语言文学,,历史,1,4,5060.0
海南,2025,本科批,综合,167,保定学院,2,5,知识产权,,不限,1,4,4600.0
海南,2025,本科批,综合,2218,北部湾大学,80,16,电子信息工程,(中外合作办学)(高学费专业；具体录取规则、要求、费用等详见学校招生章程),"物理,化学",4,4,30000.0
海南,2025,本科批,综合,2218,北部湾大学,3,14,化学工程与工艺,(不招色盲、色弱),"物理,化学",3,4,4600.0
海南,2025,本科批,综合,2218,北部湾大学,3,13,油气储运工程,(不招色盲、色弱),"物理,化学",3,4,4600.0
海南,2025,本科批,综合,2218,北部湾大学,3,11,能源化学工程,(不招色盲、色弱),"物理,化学",3,4,4600.0
海南,2025,本科批,综合,2218,北部湾大学,3,12,高分子材料与工程,(不招色盲、色弱),"物理,化学",3,4,4600.0
海南,2025,本科批,综合,2218,北部湾大学,3,8,应用气象学,(不招色盲),"物理,化学",2,4,4600.0
海南,2025,本科批,综合,2218,北部湾大学,2,4,旅游管理,,不限,2,4,4600.0
海南,2025,本科批,综合,2218,北部湾大学,3,6,水产养殖学,(不招色盲、色弱),"物理,化学",2,4,3800.0
海南,2025,本科批,综合,2218,北部湾大学,3,10,海洋工程与技术,,"物理,化学",2,4,4600.0
海南,2025,本科批,综合,2218,北部湾大学,3,5,海洋科学,(不招色盲、色弱),"物理,化学",2,4,4600.0
海南,2025,本科批,综合,2218,北部湾大学,3,15,港口航道与海岸工程,,"物理,化学",2,4,4600.0
海南,2025,本科批,综合,2218,北部湾大学,3,7,生物制药,(不招色盲、色弱),"物理,化学",2,4,4600.0
海南,2025,本科批,综合,2218,北部湾大学,3,9,船舶与海洋工程,,"物理,化学",2,4,4600.0
海南,2025,本科提前批,综合,2218,北部湾大学,1,1,航海技术,"(要求男生身高160cm及以上,女生身高155cm及以上；辨色力正常(无色盲无色弱),无复视；双眼裸视力均能达到4.7(0.5)及以上,或双眼裸视力均能达到4.0(0.1)及以上且矫正视力均能达到4.9(0.8)及以上)","物理,化学",5,4,4600.0
海南,2025,本科提前批,综合,2218,北部湾大学,1,3,船舶电子电气工程,"(要求身高155cm及以上；无色盲,无复视；双眼裸视力均能达到4.6(0.4)及以上,或双眼裸视力均能达到4.0(0.1)及以上且矫正视力均能达到4.6(0.4)及以上)","物理,化学",4,4,4600.0
海南,2025,本科提前批,综合,2218,北部湾大学,1,2,轮机工程,"(要求身高155cm及以上；无色盲,无复视；双眼裸视力均能达到4.6(0.4)及以上,或双眼裸视力均能达到4.0(0.1)及以上且矫正视力均能达到4.6(0.4)及以上)","物理,化学",4,4,4600.0
海南,2025,本科批,综合,9,北方工业大学,2,8,交通设备与控制工程,(空地智能),"物理,化学",2,4,4600.0
海南,2025,本科批,综合,9,北方工业大学,1,4,工商管理,,不限,2,4,4200.0
海南,2025,本科批,综合,9,北方工业大学,2,13,工程管理,,"物理,化学",2,4,4200.0
海南,2025,本科批,综合,9,北方工业大学,1,5,建筑学,,不限,2,5,4600.0
海南,2025,本科批,综合,9,北方工业大学,2,6,机械电子工程,(无人机),"物理,化学",2,4,4600.0
海南,2025,本科批,综合,9,北方工业大学,1,3,英语,(涉外法治),不限,2,4,5000.0
海南,2025,本科批,综合,9,北方工业大学,2,12,计算机科学与技术,,"物理,化学",2,4,4600.0
海南,2025,本科批,综合,9,北方工业大学,2,11,微电子科学与工程,(芯片设计),"物理,化学",1,4,4600.0
海南,2025,本科批,综合,9,北方工业大学,2,9,智慧交通,,"物理,化学",1,4,4600.0
海南,2025,本科批,综合,9,北方工业大学,2,10,电子信息工程,,"物理,化学",1,4,4600.0
海南,2025,本科批,综合,9,北方工业大学,2,7,电气工程及其自动化,,"物理,化学",1,4,4600.0
海南,2025,本科批,综合,9,北方工业大学,1,2,知识产权,,不限,1,4,4200.0
海南,2025,本科批,综合,9,北方工业大学,1,1,经济与金融,,不限,1,4,4200.0
海南,2025,本科批,综合,2855,北方民族大学,2,25,数学类,(包含专业:数学与应用数学、信息与计算科学),"物理,化学",4,4,4400.0
海南,2025,本科批,综合,2855,北方民族大学,2,26,生物科学类,(包含专业:生物科学、生态学),"物理,化学",4,4,4400.0
海南,2025,本科批,综合,2855,北方民族大学,3,28,思想政治教育,,政治,3,4,4000.0
海南,2025,本科批,综合,2855,北方民族大学,1,5,旅游管理,,不限,3,4,4400.0
海南,2025,本科批,综合,2855,北方民族大学,2,16,机械类,(包含专业:机械设计制造及其自动化、机械电子工程、工业设计、过程装备与控制工程、材料成型及控制工程),"物理,化学",3,4,4800.0
海南,2025,本科批,综合,2855,北方民族大学,1,7,经济学类,(包含专业:经济学、税收学、国际经济与贸易、金融学),不限,3,4,4400.0
海南,2025,本科批,综合,2855,北方民族大学,2,19,统计学,,"物理,化学",3,4,4400.0
海南,2025,本科批,综合,2855,北方民族大学,2,20,土木类,(包含专业:土木工程、道路桥梁与渡河工程),"物理,化学",2,4,4800.0
海南,2025,本科批,综合,2855,北方民族大学,1,11,工商管理类,(包含专业:工商管理、人力资源管理),不限,2,4,4400.0
海南,2025,本科批,综合,2855,北方民族大学,1,9,日语,,不限,2,4,4000.0
海南,2025,本科批,综合,2855,北方民族大学,1,3,法学,,不限,2,4,4400.0
海南,2025,本科批,综合,2855,北方民族大学,2,14,电子信息类,(包含专业:通信工程、电子信息工程),"物理,化学",2,4,4800.0
海南,2025,本科批,综合,2855,北方民族大学,1,8,电子商务,,不限,2,4,4400.0
海南,2025,本科批,综合,2855,北方民族大学,2,13,电气工程及其自动化,,"物理,化学",2,4,4800.0
海南,2025,本科批,综合,2855,北方民族大学,1,2,英语,,不限,2,4,4000.0
海南,2025,本科批,综合,2855,北方民族大学,2,18,计算机类,(包含专业:计算机科学与技术、软件工程、网络工程、智能科学与技术),"物理,化学",2,4,4400.0
海南,2025,本科批,综合,2855,北方民族大学,1,1,阿拉伯语,,不限,2,4,4000.0
海南,2025,本科批,综合,2855,北方民族大学,2,23,食品科学与工程,,"物理,化学",2,4,4400.0
海南,2025,本科批,综合,2855,北方民族大学,1,4,会计学,,不限,1,4,4400.0
海南,2025,本科批,综合,2855,北方民族大学,2,17,制药工程,(与合肥工业大学联合培养),"物理,化学",1,4,4800.0
海南,2025,本科批,综合,2855,北方民族大学,2,24,医学影像技术,,"物理,化学",1,4,4800.0
海南,2025,本科批,综合,2855,北方民族大学,2,27,医学检验技术,,"物理,化学",1,4,4800.0
海南,2025,本科批,综合,2855,北方民族大学,1,10,历史学,,不限,1,4,4000.0
海南,2025,本科批,综合,2855,北方民族大学,1,6,新闻传播学类,(包含专业:新闻学、传播学),不限,1,4,4000.0
海南,2025,本科批,综合,2855,北方民族大学,2,12,水利水电工程,,"物理,化学",1,4,4400.0
海南,2025,本科批,综合,2855,北方民族大学,4,29,汉语言文学,,历史,1,4,4000.0
海南,2025,本科批,综合,2855,北方民族大学,2,15,测控技术与仪器,,"物理,化学",1,4,4800.0
海南,2025,本科批,综合,2855,北方民族大学,2,21,自动化,,"物理,化学",1,4,4800.0
海南,2025,本科批,综合,2855,北方民族大学,2,22,食品科学与工程,(与合肥工业大学联合培养),"物理,化学",1,4,4400.0
海南,2025,本科民族班、预科班,综合,2855,北方民族大学,5,30,少数民族预科班,(预科培养地点:北方民族大学校本部),不限,4,1,2500.0
海南,2025,专科批,综合,2275,北海康养职业学院,1,1,口腔医学技术,(不招色盲、色弱),不限,20,3,12600.0
海南,2025,专科批,综合,2275,北海康养职业学院,1,3,中医康复技术,(不招色盲、色弱),不限,10,3,11600.0
海南,2025,专科批,综合,2275,北海康养职业学院,1,6,健康管理,(不招色盲、色弱),不限,10,3,10600.0
海南,2025,专科批,综合,2275,北海康养职业学院,1,2,医学美容技术,(不招色盲、色弱),不限,10,3,12600.0
海南,2025,专科批,综合,2275,北海康养职业学院,1,4,医学营养,(不招色盲、色弱),不限,10,3,11600.0
海南,2025,专科批,综合,2275,北海康养职业学院,1,5,康复治疗技术,(不招色盲、色弱),不限,10,3,11600.0
海南,2025,本科批,综合,2235,北海艺术设计学院,5,16,学前教育,,不限,5,4,21000.0
海南,2025,本科批,综合,2235,北海艺术设计学院,5,15,哲学,,不限,2,4,21000.0
海南,2025,本科批,综合,2235,北海艺术设计学院,5,17,汉语言文学,,不限,15,4,21000.0
海南,2025,专科批,综合,2234,北海职业学院,1,10,学前教育,(一年级在北海职业学院工业园校区),不限,5,3,6500.0
海南,2025,专科批,综合,2234,北海职业学院,1,6,计算机应用技术,,不限,5,3,7000.0
海南,2025,专科批,综合,2234,北海职业学院,1,8,大数据与会计,,不限,4,3,6500.0
海南,2025,专科批,综合,2234,北海职业学院,1,5,无人机应用技术,,不限,4,3,7500.0
海南,2025,专科批,综合,2234,北海职业学院,1,1,制冷与空调技术,,不限,2,3,7000.0
海南,2025,专科批,综合,2234,北海职业学院,1,9,室内艺术设计,(全屋定制设计),不限,2,3,7300.0
海南,2025,专科批,综合,2234,北海职业学院,1,7,数字媒体技术,(影视传媒),不限,2,3,7500.0
海南,2025,专科批,综合,2234,北海职业学院,1,3,新能源汽车技术,,不限,2,3,7000.0
海南,2025,专科批,综合,2234,北海职业学院,1,2,电气自动化技术,,不限,2,3,7000.0
海南,2025,专科批,综合,2234,北海职业学院,1,4,食品检验检测技术,,不限,2,3,7000.0
海南,2025,本科批,综合,561,北华大学,80,12,机械设计制造及其自动化,(中外合作办学)(与英国提赛德大学合作办学),"物理,化学",6,4,24000.0
海南,2025,本科批,综合,561,北华大学,2,9,医学检验技术,(不招色盲、色弱等色觉异常者),"物理,化学",4,4,6160.0
海南,2025,本科批,综合,561,北华大学,2,8,电气工程及其自动化,,"物理,化学",4,4,5940.0
海南,2025,本科批,综合,561,北华大学,2,6,自动化,,"物理,化学",4,4,5940.0
海南,2025,本科批,综合,561,北华大学,2,10,软件工程,,"物理,化学",4,4,5940.0
海南,2025,本科批,综合,561,北华大学,3,14,园林,(不招色盲、色弱等色觉异常者),生物,3,4,5500.0
海南,2025,本科批,综合,561,北华大学,4,15,思想政治教育,,政治,3,4,5280.0
海南,2025,本科批,综合,561,北华大学,1,4,汉语言文学,,不限,3,4,5060.0
海南,2025,本科批,综合,561,北华大学,1,3,小学教育,,不限,2,4,5280.0
海南,2025,本科批,综合,561,北华大学,81,13,护理学,(中外合作办学)/(不招色盲、色弱等色觉异常者；与芬兰于韦斯屈莱应用科技大学合作办学),"物理,化学",2,4,23000.0
海南,2025,本科批,综合,561,北华大学,2,7,数学与应用数学,,"物理,化学",2,4,5500.0
海南,2025,本科批,综合,561,北华大学,1,2,法学,,不限,2,4,5280.0
海南,2025,本科批,综合,561,北华大学,2,11,通信工程,,"物理,化学",2,4,5400.0
海南,2025,本科批,综合,561,北华大学,1,1,风景园林,,不限,2,4,5400.0
海南,2025,本科批,综合,561,北华大学,2,5,电子信息工程,,"物理,化学",1,4,5940.0
海南,2025,本科批,综合,188,北华航天工业学院,1,4,人力资源管理,(在固安校区就读),不限,3,4,4600.0
海南,2025,本科批,综合,188,北华航天工业学院,2,21,信息与计算科学,(在固安校区就读),"物理,化学",3,4,4900.0
海南,2025,本科批,综合,188,北华航天工业学院,2,11,复合材料与工程,(在固安校区就读),"物理,化学",3,4,4900.0
海南,2025,本科批,综合,188,北华航天工业学院,2,14,工业设计,(在固安校区就读),"物理,化学",3,4,4900.0
海南,2025,本科批,综合,188,北华航天工业学院,2,15,工程造价,(在固安校区就读),"物理,化学",3,4,4600.0
海南,2025,本科批,综合,188,北华航天工业学院,2,9,微电子科学与工程,(在固安校区就读),"物理,化学",3,4,4900.0
海南,2025,本科批,综合,188,北华航天工业学院,2,7,机械设计制造及其自动化,(在固安校区就读),"物理,化学",3,4,5390.0
海南,2025,本科批,综合,188,北华航天工业学院,2,8,材料成型及控制工程,(在固安校区就读),"物理,化学",3,4,5390.0
海南,2025,本科批,综合,188,北华航天工业学院,1,5,物流管理,(在固安校区就读),不限,3,4,5060.0
海南,2025,本科批,综合,188,北华航天工业学院,2,13,电子信息工程,(在固安校区就读),"物理,化学",3,4,5390.0
海南,2025,本科批,综合,188,北华航天工业学院,1,6,电子商务,(在固安校区就读),不限,3,4,4600.0
海南,2025,本科批,综合,188,北华航天工业学院,2,12,电气工程与智能控制,(在固安校区就读),"物理,化学",3,4,4900.0
海南,2025,本科批,综合,188,北华航天工业学院,2,18,网络工程,(在固安校区就读),"物理,化学",3,4,4900.0
海南,2025,本科批,综合,188,北华航天工业学院,2,16,自动化,(在固安校区就读),"物理,化学",3,4,5390.0
海南,2025,本科批,综合,188,北华航天工业学院,2,17,计算机科学与技术,(在固安校区就读),"物理,化学",3,4,5390.0
海南,2025,本科批,综合,188,北华航天工业学院,1,3,财务管理,(在固安校区就读),不限,3,4,4600.0
海南,2025,本科批,综合,188,北华航天工业学院,2,19,道路桥梁与渡河工程,(在固安校区就读),"物理,化学",3,4,4900.0
海南,2025,本科批,综合,188,北华航天工业学院,2,10,金属材料工程,(在固安校区就读),"物理,化学",3,4,4900.0
海南,2025,本科批,综合,188,北华航天工业学院,1,1,经济学,(在固安校区就读),不限,2,4,4600.0
海南,2025,本科批,综合,188,北华航天工业学院,1,2,英语,(在固安校区就读),不限,2,4,4900.0
海南,2025,本科批,综合,188,北华航天工业学院,2,20,飞行器制造工程,(在固安校区就读),"物理,化学",2,4,5390.0
海南,2025,本科批,综合,60,北京城市学院,3,15,数据科学与大数据技术,(数字技术产业学院),"物理,化学",2,4,36800.0
海南,2025,本科批,综合,60,北京城市学院,3,11,中药学,,"物理,化学",1,4,33800.0
海南,2025,本科批,综合,60,北京城市学院,3,13,中药学,(AI创新实验班),"物理,化学",1,4,33800.0
海南,2025,本科批,综合,60,北京城市学院,2,6,传播学,,不限,1,4,32800.0
海南,2025,本科批,综合,60,北京城市学院,3,16,土木工程,(智能设计与建造),"物理,化学",1,4,32800.0
海南,2025,本科批,综合,60,北京城市学院,2,5,广播电视编导,,不限,1,4,35800.0
海南,2025,本科批,综合,60,北京城市学院,3,12,康复治疗学,,"物理,化学",1,4,33800.0
海南,2025,本科批,综合,60,北京城市学院,2,7,旅游管理类,(包含专业:旅游管理、会展经济与管理),不限,1,4,32800.0
海南,2025,本科批,综合,60,北京城市学院,3,17,物联网工程,(数字技术产业学院),"物理,化学",1,4,36800.0
海南,2025,本科批,综合,60,北京城市学院,3,8,生物技术,(医药与化妆品),"物理,化学",1,4,33800.0
海南,2025,本科批,综合,60,北京城市学院,3,10,药学,,"物理,化学",1,4,33800.0
海南,2025,本科批,综合,60,北京城市学院,3,14,计算机科学与技术,(数字技术产业学院),"物理,化学",1,4,36800.0
海南,2025,本科批,综合,60,北京城市学院,3,18,软件工程,(数字技术产业学院),"物理,化学",1,4,36800.0
海南,2025,本科批,综合,60,北京城市学院,3,9,食品质量与安全,,"物理,化学",1,4,33800.0
海南,2025,本科批,综合,1,北京大学,2,8,中国语言文学类,(包含专业:汉语言文学、汉语言、古典文献学、应用语言学),不限,1,4,5000.0
海南,2025,本科批,综合,1,北京大学,2,11,公共管理类,(包含专业:城市管理、行政管理),不限,1,4,5000.0
海南,2025,本科批,综合,1,北京大学,3,18,化学类,(包含专业:化学、应用化学、应用化学(材料方向)、化学生物学),"物理,化学",1,4,5000.0
海南,2025,本科批,综合,1,北京大学,2,6,工商管理类,(包含专业:金融学、金融学(金融经济学)、会计学、市场营销),不限,1,4,5000.0
海南,2025,本科批,综合,1,北京大学,3,15,工科试验班类,(包含专业:理论与应用力学、工程力学、能源与环境系统工程、航空航天工程、生物医学工程、材料科学与工程),"物理,化学",1,4,5000.0
海南,2025,本科批,综合,1,北京大学,3,14,数学类,(包含专业:数学与应用数学(数学)、数学与应用数学(概率统计)、数学与应用数学(科学与工程计算)、数学与应用数学(信息科学)、数学与应用数学(金融)),"物理,化学",1,4,5000.0
海南,2025,本科批,综合,1,北京大学,2,4,文科试验班类,(元培)(包含专业:中国语言文学类、考古学、历史学类、哲学类、社会学类、法学、新闻传播学类、经济学类、工商管理类、公共管理类),不限,1,4,5300.0
海南,2025,本科批,综合,1,北京大学,2,7,新闻传播学类,(包含专业:新闻学、广播电视学、广告学),不限,1,4,5000.0
海南,2025,本科批,综合,1,北京大学,2,10,法学,,不限,1,4,5000.0
海南,2025,本科批,综合,1,北京大学,3,13,物理学类,(包含专业:物理学、大气科学(大气与海洋)),"物理,化学",1,4,5000.0
海南,2025,本科批,综合,1,北京大学,3,17,理科试验班类,(元培)(包含专业:数学类、物理学类、地球物理学类、计算机类、电子信息类),"物理,化学",1,4,5300.0
海南,2025,本科批,综合,1,北京大学,3,12,电子信息类,(包含专业:电子信息科学与技术、微电子科学与工程),"物理,化学",1,4,5300.0
海南,2025,本科批,综合,1,北京大学,2,9,社会学类,(包含专业:社会学、社会工作),不限,1,4,5000.0
海南,2025,本科批,综合,1,北京大学,2,5,经济学类,(包含专业:经济学、金融学、国际经济与贸易、财政学),不限,1,4,5000.0
海南,2025,本科批,综合,1,北京大学,3,16,计算机类,(包含专业:计算机科学与技术、智能科学与技术),"物理,化学",1,4,5300.0
海南,2025,国家专项,综合,1,北京大学,1,2,公共管理类,(包含专业:城市管理、行政管理),不限,1,4,5000.0
海南,2025,国家专项,综合,1,北京大学,1,3,城乡规划,,不限,1,4,5000.0
海南,2025,国家专项,综合,1,北京大学,1,1,法学,,不限,1,4,5000.0
海南,2025,本科批,综合,93,北京大学医学部,1,2,临床医学,(八年制本博连读)(不招色盲),"物理,化学",1,8,6000.0
海南,2025,本科批,综合,93,北京大学医学部,1,1,口腔医学,(八年制本博连读)(不招色盲),"物理,化学",1,8,6000.0
海南,2025,本科批,综合,28,北京第二外国语学院,1,2,印度尼西亚语,(英语单科成绩不低于90分(150分制)),不限,2,4,5000.0
海南,2025,本科批,综合,28,北京第二外国语学院,1,10,市场营销,"(国际数字营销方向)(英语单科成绩不低于90分(150分制)；辅修英语专业,复合型人才培养,合格者同时授予辅修学士学位)",不限,2,4,4200.0
海南,2025,本科批,综合,28,北京第二外国语学院,1,9,酒店管理,"(英语单科成绩不低于90分(150分制)；辅修英语专业,合格者同时授予辅修学士学位；专业含数智化运营与管理、康养投资与运营两个方向；大一大二不分方向,通开培养；大三时按学生意愿选择专业方向,如一个方向选择人数不足10人,则该方向不再开设,选择该方向的学生须转入另一个方向)",不限,2,4,4200.0
海南,2025,本科批,综合,28,北京第二外国语学院,1,12,会展经济与管理,"(国际会展活动策划与运营方向)(英语单科成绩不低于90分(150分制)；辅修英语专业,复合型人才培养,合格者同时授予辅修学士学位)",不限,1,4,4200.0
海南,2025,本科批,综合,28,北京第二外国语学院,1,18,保加利亚语,(英语单科成绩不低于90分(150分制)),不限,1,4,5000.0
海南,2025,本科批,综合,28,北京第二外国语学院,1,3,商务英语,"(辅修跨国企业管理相关专业)(英语单科成绩不低于90分(150分制)；辅修市场营销专业,复合型人才培养,合格者同时授予辅修学士学位)",不限,1,4,5000.0
海南,2025,本科批,综合,28,北京第二外国语学院,1,14,国际经济与贸易,"(国际服务贸易方向)(英语单科成绩不低于90分(150分制)；辅修英语专业,复合型人才培养,合格者同时授予辅修学士学位)",不限,1,4,4200.0
海南,2025,本科批,综合,28,北京第二外国语学院,1,5,德语,"(辅修数字贸易相关专业)(英语单科成绩不低于90分(150分制)；辅修国际经济与贸易专业,复合型人才培养,合格者同时授予辅修学士学位)",不限,1,4,5000.0
海南,2025,本科批,综合,28,北京第二外国语学院,1,7,意大利语,"(辅修出入境游相关专业)(英语单科成绩不低于90分(150分制)；辅修旅游管理专业,复合型人才培养,合格者同时授予辅修学士学位)",不限,1,4,5000.0
海南,2025,本科批,综合,28,北京第二外国语学院,1,17,新闻学,"(数智新闻与国际传播方向)(英语单科成绩不低于90分(150分制)；辅修英语专业,复合型人才培养,合格者同时授予辅修学士学位)",不限,1,4,4200.0
海南,2025,本科批,综合,28,北京第二外国语学院,1,11,旅游管理,"(数字文旅方向)(英语单科成绩不低于90分(150分制)；辅修英语专业,复合型人才培养,合格者同时授予辅修学士学位)",不限,1,4,4200.0
海南,2025,本科批,综合,28,北京第二外国语学院,1,16,汉语国际教育,"(英语复合)(英语单科成绩不低于90分(150分制)；辅修英语专业,复合型人才培养,合格者同时授予辅修学士学位)",不限,1,4,4200.0
海南,2025,本科批,综合,28,北京第二外国语学院,1,4,泰语,(英语单科成绩不低于90分(150分制)),不限,1,4,5000.0
海南,2025,本科批,综合,28,北京第二外国语学院,1,8,翻译,(中英法复语方向)(英语单科成绩不低于90分(150分制)),不限,1,4,5000.0
海南,2025,本科批,综合,28,北京第二外国语学院,1,1,英语,(英语教育方向)(英语单科成绩不低于90分(150分制)),不限,1,4,5000.0
海南,2025,本科批,综合,28,北京第二外国语学院,1,6,葡萄牙语,(英语单科成绩不低于90分(150分制)),不限,1,4,5000.0
海南,2025,本科批,综合,28,北京第二外国语学院,1,13,贸易经济,"(国际文化贸易方向)(英语单科成绩不低于90分(150分制)；辅修英语专业,复合型人才培养,合格者同时授予辅修学士学位)",不限,1,4,4200.0
海南,2025,本科批,综合,28,北京第二外国语学院,1,15,金融学,"(数智金融方向)(英语单科成绩不低于90分(150分制)；辅修英语专业,复合型人才培养,合格者同时授予辅修学士学位)",不限,1,4,4200.0
海南,2025,本科批,综合,85,北京第二外国语学院中瑞酒店管理学院,1,3,财务管理,,不限,4,4,49800.0
海南,2025,本科批,综合,85,北京第二外国语学院中瑞酒店管理学院,1,1,酒店管理,"(酒店数字化运营管理)(国家级一流本科专业,以就业为导向,为行业培养高端管理人才,可以辅修第二专业)",不限,4,4,49800.0
海南,2025,本科批,综合,85,北京第二外国语学院中瑞酒店管理学院,1,4,人力资源管理,,不限,2,4,49800.0
海南,2025,本科批,综合,85,北京第二外国语学院中瑞酒店管理学院,1,2,健康服务与管理,,不限,2,4,49800.0
海南,2025,本科批,综合,85,北京第二外国语学院中瑞酒店管理学院,1,5,酒店管理,"(国际课程班)(设置雅思必修课,核心课程双语授课,可自主选择与英国萨里大学、瑞士酒店管理大学等40余所合作院校开设的中外联合培养项目,成绩合格可获得两校双学位,仅录取有该专业志愿考生)",不限,2,4,59800.0
海南,2025,本科批,综合,85,北京第二外国语学院中瑞酒店管理学院,1,6,金融学,"(国际班)(设置雅思必修课,核心课程双语授课,可自主选择与澳大利亚迪肯大学、新西兰梅西大学、英国萨塞克斯大学等40余所合作院校开设的中外联合培养项目,成绩合格可获得两校双学位,仅录取有该专业志愿考生)",不限,2,4,59800.0
海南,2025,本科提前批(面试),综合,17,北京电子科技学院,1,5,保密管理,(只招男生),"物理,化学",2,4,4600.0
海南,2025,本科提前批(面试),综合,17,北京电子科技学院,1,6,电子信息工程,(招男生1名、女生1名),"物理,化学",2,4,4600.0
海南,2025,本科提前批(面试),综合,17,北京电子科技学院,1,4,网络空间安全,(只招男生),"物理,化学",2,4,4600.0
海南,2025,本科提前批(面试),综合,17,北京电子科技学院,1,1,密码科学与技术,(只招男生),"物理,化学",1,4,4600.0
海南,2025,本科提前批(面试),综合,17,北京电子科技学院,1,2,计算机科学与技术,(只招男生),"物理,化学",1,4,4600.0
海南,2025,本科提前批(面试),综合,17,北京电子科技学院,1,3,通信工程,(只招男生),"物理,化学",1,4,4600.0
海南,2025,本科批,综合,11,北京工商大学,2,2,数字经济,,物理,5,4,4200.0
海南,2025,本科批,综合,11,北京工商大学,1,1,法学,,不限,5,4,4200.0
海南,2025,本科批,综合,11,北京工商大学,3,5,自动化,(数字智能技术方向),"物理,化学",5,4,4600.0
海南,2025,本科批,综合,11,北京工商大学,3,4,计算机类,(包含专业:计算机科学与技术、软件工程),"物理,化学",5,4,4600.0
海南,2025,本科批,综合,11,北京工商大学,2,3,金融学,(CFA特许金融分析师方向),物理,5,4,4200.0
海南,2025,本科批,综合,5,北京工业大学,2,3,材料类,(实验班)(包含专业:材料科学与工程、纳米材料与技术、资源循环科学与工程、焊接技术与工程、新能源材料与器件；不招色盲),"物理,化学",2,4,5000.0
海南,2025,本科批,综合,5,北京工业大学,2,2,软件工程,(实验班)(后两年学费16000/学年),"物理,化学",2,4,5000.0
海南,2025,国家专项,综合,5,北京工业大学,1,1,土木类,(包含专业:土木工程、给排水科学与工程、建筑环境与能源应用工程；不招色盲),"物理,化学",2,4,5000.0
海南,2025,本科批,综合,78,北京工业大学耿丹学院,3,8,建筑学,,物理,3,4,46600.0
海南,2025,本科批,综合,78,北京工业大学耿丹学院,4,9,电子信息类,(包含专业:电子信息工程、通信工程),"物理,化学",2,4,46600.0
海南,2025,本科批,综合,78,北京工业大学耿丹学院,4,11,计算机科学与技术,,"物理,化学",2,4,46600.0
海南,2025,本科批,综合,78,北京工业大学耿丹学院,2,4,市场营销,(品牌管理与策划),不限,1,4,46600.0
海南,2025,本科批,综合,78,北京工业大学耿丹学院,2,6,应用心理学,,不限,1,4,46600.0
海南,2025,本科批,综合,78,北京工业大学耿丹学院,4,10,测控技术与仪器,,"物理,化学",1,4,46600.0
海南,2025,本科批,综合,78,北京工业大学耿丹学院,2,5,财务管理,,不限,1,4,46600.0
海南,2025,本科批,综合,78,北京工业大学耿丹学院,3,7,金融工程,,物理,1,4,46600.0
海南,2025,本科批,综合,6,北京航空航天大学,3,11,社会科学试验班,(包含专业:经济学、行政管理、法学；含人工智能-行政管理双学士学位项目、法学-人工智能双学士学位项目；具体包含专业详见学校招生信息网),历史,7,4,5000.0
海南,2025,本科批,综合,6,北京航空航天大学,2,5,工科试验班类,(航空航天类)(含智能飞行器技术、空天智能电推进技术、智能制造工程、纳米材料与技术、低空技术与工程等专业；具体包含专业详见学校招生信息网),"物理,化学",4,4,5500.0
海南,2025,本科批,综合,6,北京航空航天大学,80,9,工科试验班类,"(中外合作办学,中法航空试验班)(包含专业:交通运输、飞行器适航技术、测控技术与仪器、电子信息工程；中外合作办学,与法国国立民航大学联合培养,本科阶段不可转入北京市各校区设立的学院学习；办学地点:浙江省杭州市)","物理,化学",2,4,40000.0
海南,2025,本科批,综合,6,北京航空航天大学,80,10,工科试验班类,"(中外合作办学,中法未来科技试验班)(包含专业:计算机科学与技术、航空航天工程、微电子科学与工程、材料科学与工程、生物医学工程；中外合作办学,与法国国立应用科学学院联合培养,本科阶段不可转入北京市各校区设立的学院学习；办学地点:浙江省杭州市)","物理,化学",2,4,50000.0
海南,2025,本科批,综合,6,北京航空航天大学,2,2,物理学,"(拔尖学生培养计划)(含物理学-微电子科学与工程双学士学位项目,不录取无该专业志愿考生)","物理,化学",2,4,5500.0
海南,2025,本科批,综合,6,北京航空航天大学,2,8,理科试验班类,(含数学与应用数学、信息与计算科学等专业；具体包含专业详见学校招生信息网),"物理,化学",2,4,5500.0
海南,2025,本科批,综合,6,北京航空航天大学,2,4,人工智能,(卓越人才培养试验班),"物理,化学",1,4,5500.0
海南,2025,本科批,综合,6,北京航空航天大学,2,3,工科试验班类,(未来空天领军计划)(包含专业:智能飞行器技术、智能感知工程、智能制造工程、空天智能电推进技术、飞行器设计与工程、飞行器动力工程、材料科学与工程、交通运输、智慧交通、人工智能、网络空间安全、空间科学与技术；不录取无该专业志愿考生),"物理,化学",1,4,5500.0
海南,2025,本科批,综合,6,北京航空航天大学,2,6,工科试验班类,(计算与智能科学类)(含计算机科学与技术、软件工程、人工智能等专业；具体包含专业详见学校招生信息网),"物理,化学",1,4,5500.0
海南,2025,本科批,综合,6,北京航空航天大学,2,7,工科试验班类,(信息科学与技术类)(含电子信息工程、通信工程、自动化等专业；具体包含专业详见学校招生信息网),"物理,化学",1,4,5500.0
海南,2025,国家专项,综合,6,北京航空航天大学,1,1,工科试验班类,(航空航天类)(含智能飞行器技术、空天智能电推进技术、智能制造工程、纳米材料与技术、低空技术与工程等专业；具体包含专业详见学校招生信息网),"物理,化学",1,4,5500.0
海南,2025,本科批,综合,10,北京化工大学,1,1,工科试验班,(化工能源与生物医药)(包含专业:化学工程与工艺、能源化学工程、环境工程、氢能科学与工程、生物工程、生物医学工程、制药工程；不招色盲、色弱),"物理,化学",6,4,5000.0
海南,2025,本科批,综合,10,北京化工大学,80,6,理科试验班,(数学、物理电子与管理)(包含专业:信息管理与信息系统、大数据管理与应用、电子科学与技术、数学与应用数学、信息与计算科学、金融数学、应用物理学),"物理,化学",6,4,5000.0
海南,2025,本科批,综合,10,北京化工大学,1,2,工科试验班,(先进材料)(包含专业:高分子材料与工程、材料科学与工程、功能材料、新能源材料与器件),"物理,化学",5,4,5000.0
海南,2025,本科批,综合,10,北京化工大学,80,4,工科试验班,(高端装备与智能制造)(包含专业:机械设计制造及其自动化、过程装备与控制工程、安全工程、机器人工程),"物理,化学",5,4,5000.0
海南,2025,本科批,综合,10,北京化工大学,80,5,计算机类,(包含专业:电子信息工程、人工智能、计算机科学与技术),"物理,化学",4,4,5000.0
海南,2025,本科批,综合,10,北京化工大学,1,3,理科试验班,(绿色化学)(包含专业:应用化学、能源化学、资源化学；不招色盲、色弱),"物理,化学",3,4,5000.0
海南,2025,本科批,综合,10,北京化工大学,80,7,自动化类,(包含专业:自动化、测控技术与仪器),"物理,化学",3,4,5000.0
海南,2025,本科批,综合,15,北京建筑大学,2,4,土木工程,(大师班),"物理,化学",2,4,4600.0
海南,2025,本科批,综合,15,北京建筑大学,2,5,土木工程,,"物理,化学",2,4,4600.0
海南,2025,本科批,综合,15,北京建筑大学,2,3,智能建造,,"物理,化学",2,4,4600.0
海南,2025,本科批,综合,15,北京建筑大学,2,8,信息与计算科学,(大数据应用),"物理,化学",1,4,4600.0
海南,2025,本科批,综合,15,北京建筑大学,2,6,建筑环境与能源应用工程,,"物理,化学",1,4,4600.0
海南,2025,本科批,综合,15,北京建筑大学,2,7,环境工程,(海绵城市建设)(不招色盲、色弱),"物理,化学",1,4,4600.0
海南,2025,本科批,综合,15,北京建筑大学,1,2,环境设计,,不限,1,4,4600.0
海南,2025,本科批,综合,15,北京建筑大学,1,1,风景园林,(不招色盲、色弱不招色盲、色弱),不限,1,5,4600.0
海南,2025,本科批,综合,4,北京交通大学,1,2,电子信息类,(包含专业:通信工程、信息工程、电子科学与技术、电气工程及其自动化、电气工程及其自动化(电气、经济双学位项目)、光电信息科学与工程),"物理,化学",5,4,5500.0
海南,2025,本科批,综合,4,北京交通大学,1,3,计算机类,(包含专业:计算机科学与技术、计算机科学与技术(铁路信息技术)、物联网工程、数据科学与大数据技术(数据智能)、人工智能、人工智能(智能系统与应用)、软件工程(国家级特色化示范性软件学院)、数据科学与大数据技术、信息安全、保密技术(技术、管理双学位项目)；软件工程三、四年级学费为16000元),"物理,化学",4,4,5500.0
海南,2025,本科批,综合,4,北京交通大学,1,4,交通运输类,(包含专业:交通运输(铁道运输)、交通运输(城市轨道交通)、交通运输(高铁运营管理)、交通运输(民航运输)、交通工程、智能运输工程、物流工程、电子商务),"物理,化学",3,4,5500.0
海南,2025,本科批,综合,4,北京交通大学,1,6,自动化类,(智能系统与智能制造)(包含专业:轨道交通信号与控制、自动化、智能装备与系统、机器人工程、智能制造工程、智能车辆工程、测控技术与仪器),"物理,化学",3,4,5500.0
海南,2025,本科批,综合,1556,北京交通大学,1,1,计算机科学与技术,"(中外合作办学)(大量全英文授课,专业课全英文教材,要求较好的英语基础；4+0模式,合作方英国兰卡斯特大学)","物理,化学",3,4,100000.0
海南,2025,本科批,综合,4,北京交通大学,1,5,理科试验班,(包含专业:信息与计算科学、统计学、数据科学、数学与应用数学(拔尖班)、系统科学与工程(智能交通系统拔尖班)、应用物理学(黄昆英才班)、纳米材料与技术(智能材料)、工程力学),"物理,化学",2,4,5500.0
海南,2025,本科批,综合,4,北京交通大学,80,1,理科试验班类,"(詹天佑试点班信息类)(包含专业:通信工程、计算机科学与技术、信息安全；特殊培养方案,详见学校招生网站)","物理,化学",1,4,5500.0
海南,2025,本科批,综合,74,北京金融科技学院,4,8,会计学,"(学校开设雅思教学等相关课程,同百余所世界名校建立合作,具体培养模式、收费标准等请查看院校招生章程并咨询院校)",不限,2,4,79800.0
海南,2025,本科批,综合,74,北京金融科技学院,5,11,大数据管理与应用,"(学校开设雅思教学等相关课程,同百余所世界名校建立合作,具体培养模式、收费标准等请查看院校招生章程并咨询院校)",物理,1,4,79800.0
海南,2025,本科批,综合,74,北京金融科技学院,4,6,审计学,"(学校开设雅思教学等相关课程,同百余所世界名校建立合作,具体培养模式、收费标准等请查看院校招生章程并咨询院校)",不限,1,4,79800.0
海南,2025,本科批,综合,74,北京金融科技学院,4,5,应用心理学,"(学校开设雅思教学等相关课程,同百余所世界名校建立合作,具体培养模式、收费标准等请查看院校招生章程并咨询院校)",不限,1,4,79800.0
海南,2025,本科批,综合,74,北京金融科技学院,5,10,数字经济,"(学校开设雅思教学等相关课程,同百余所世界名校建立合作,具体培养模式、收费标准等请查看院校招生章程并咨询院校)",物理,1,4,79800.0
海南,2025,本科批,综合,74,北京金融科技学院,6,12,计算机科学与技术,"(学校开设雅思教学等相关课程,同百余所世界名校建立合作,具体培养模式、收费标准等请查看院校招生章程并咨询院校)","物理,化学",1,4,79800.0
海南,2025,本科批,综合,74,北京金融科技学院,4,9,财务管理,"(学校开设雅思教学等相关课程,同百余所世界名校建立合作,具体培养模式、收费标准等请查看院校招生章程并咨询院校)",不限,1,4,79800.0
海南,2025,本科批,综合,74,北京金融科技学院,4,7,金融学,"(学校开设雅思教学等相关课程,同百余所世界名校建立合作,具体培养模式、收费标准等请查看院校招生章程并咨询院校)",不限,1,4,79800.0
海南,2025,专科批,综合,68,北京经贸职业学院,1,2,人力资源管理,,不限,2,3,16800.0
海南,2025,专科批,综合,68,北京经贸职业学院,1,3,人工智能技术应用,,不限,2,3,19800.0
海南,2025,专科批,综合,68,北京经贸职业学院,1,1,大数据与会计,,不限,2,3,16800.0
海南,2025,本科批,综合,8,北京科技大学,4,4,材料科学与工程,(大一学年结束可分流至材料科学与工程、材料物理、材料化学、无机非金属材料工程、材料成型及控制工程、高分子材料与工程专业；百分百满足学生分流意愿),"物理,化学",4,4,5000.0
海南,2025,本科批,综合,8,北京科技大学,3,3,大数据管理与应用,(大数据与金融试验班)(大一学年结束可分流至大数据管理与应用、信息管理与信息系统、金融工程、数字经济专业),物理,3,4,5000.0
海南,2025,本科批,综合,8,北京科技大学,2,2,工商管理类,(数智管理试验班)(包含专业:工商管理(工商、智能双学士学位)、会计学；“工商管理+人工智能”双学士学位项目),不限,3,4,5000.0
海南,2025,本科批,综合,8,北京科技大学,4,5,机械类,(包含专业:机器人工程、智能制造工程、机械工程、车辆工程、物流工程、工业设计),"物理,化学",3,4,5000.0
海南,2025,本科批,综合,8,北京科技大学,4,6,自动化类,(包含专业:自动化、测控技术与仪器、智能感知工程),"物理,化学",2,4,5000.0
海南,2025,本科批,综合,8,北京科技大学,4,7,计算机类,(包含专业:计算机科学与技术、信息安全、物联网工程),"物理,化学",2,4,5000.0
海南,2025,国家专项,综合,8,北京科技大学,1,1,土木类,(未来城市建设、诊治与运维)(包含专业:智能建造、建筑环境与能源应用工程、土木工程；大一学年结束可分流至智能建造、工程管理、建筑环境与能源应用工程、土木工程专业),"物理,化学",1,4,5000.0
海南,2025,本科批,综合,143,北京科技大学天津学院,7,26,土木工程,,"物理,化学",4,4,18000.0
海南,2025,本科批,综合,143,北京科技大学天津学院,7,30,无人驾驶航空器系统工程,,"物理,化学",4,4,18000.0
海南,2025,本科批,综合,143,北京科技大学天津学院,7,22,环境工程,,"物理,化学",4,4,18000.0
海南,2025,本科批,综合,143,北京科技大学天津学院,7,29,人工智能,,"物理,化学",3,4,18000.0
海南,2025,本科批,综合,143,北京科技大学天津学院,7,21,功能材料,,"物理,化学",3,4,18000.0
海南,2025,本科批,综合,143,北京科技大学天津学院,6,16,工程造价,,物理,3,4,18000.0
海南,2025,本科批,综合,143,北京科技大学天津学院,7,23,机械工程,,"物理,化学",3,4,18000.0
海南,2025,本科批,综合,143,北京科技大学天津学院,7,25,材料科学与工程,,"物理,化学",3,4,18000.0
海南,2025,本科批,综合,143,北京科技大学天津学院,5,13,法学,,不限,3,4,15000.0
海南,2025,本科批,综合,143,北京科技大学天津学院,7,24,自动化,,"物理,化学",3,4,18000.0
海南,2025,本科批,综合,143,北京科技大学天津学院,7,27,计算机科学与技术,,"物理,化学",3,4,18000.0
海南,2025,本科批,综合,143,北京科技大学天津学院,6,18,金融工程,,物理,3,4,15000.0
海南,2025,本科批,综合,143,北京科技大学天津学院,5,8,会计学,,不限,2,4,15000.0
海南,2025,本科批,综合,143,北京科技大学天津学院,5,7,国际经济与贸易,,不限,2,4,15000.0
海南,2025,本科批,综合,143,北京科技大学天津学院,7,31,康复治疗学,,"物理,化学",2,4,20000.0
海南,2025,本科批,综合,143,北京科技大学天津学院,6,17,数字经济,,物理,2,4,15000.0
海南,2025,本科批,综合,143,北京科技大学天津学院,5,11,日语,,不限,2,4,18000.0
海南,2025,本科批,综合,143,北京科技大学天津学院,7,19,智能制造工程,,"物理,化学",2,4,18000.0
海南,2025,本科批,综合,143,北京科技大学天津学院,5,12,朝鲜语,,不限,2,4,18000.0
海南,2025,本科批,综合,143,北京科技大学天津学院,6,15,物流工程,,物理,2,4,18000.0
海南,2025,本科批,综合,143,北京科技大学天津学院,5,14,知识产权,,不限,2,4,15000.0
海南,2025,本科批,综合,143,北京科技大学天津学院,5,10,英语,,不限,2,4,18000.0
海南,2025,本科批,综合,143,北京科技大学天津学院,5,9,财务管理,,不限,2,4,15000.0
海南,2025,本科批,综合,143,北京科技大学天津学院,7,28,软件工程,,"物理,化学",2,4,18000.0
海南,2025,本科批,综合,143,北京科技大学天津学院,7,20,通信工程,,"物理,化学",2,4,18000.0
海南,2025,专科批,综合,72,北京科技经营管理学院,1,4,大数据与会计,,不限,1,3,19800.0
海南,2025,专科批,综合,72,北京科技经营管理学院,1,3,工商企业管理,(网店运营),不限,1,3,19800.0
海南,2025,专科批,综合,72,北京科技经营管理学院,1,1,计算机应用技术,(软件应用技术),不限,1,3,22000.0
海南,2025,专科批,综合,72,北京科技经营管理学院,1,2,计算机应用技术,(人工智能),不限,1,3,22000.0
海南,2025,本科批,综合,7,北京理工大学,80,7,航空航天工程,(中外合作办学)(办学地点:广东省珠海市),"物理,化学",9,4,57000.0
海南,2025,本科批,综合,7,北京理工大学,4,6,工科试验班,"(徐特立英才班)(包含专业:人工智能、机器人工程、数据科学与大数据技术、计算机科学与技术、智能制造工程、智能感知工程、网络空间安全、自动化、智能无人系统技术；专业任选,含智能班、领军班、协和医班,小班化、精英化、国际化培养)","物理,化学",4,4,5500.0
海南,2025,本科批,综合,7,北京理工大学,3,3,会计学,(中外合作办学),不限,3,4,78000.0
海南,2025,本科批,综合,7,北京理工大学,4,5,工科试验班,"(未来精工技术)(包含专业:人工智能、机器人工程、数据科学与大数据技术、计算机科学与技术、智能制造工程、智能感知工程、网络空间安全；全院士团队导师,专业任选、校区任选(大三后可选珠海),面向“智能无人+”方向)","物理,化学",2,4,5500.0
海南,2025,本科批,综合,7,北京理工大学,80,8,能源与动力工程,(中外合作办学)(办学地点:广东省珠海市),"物理,化学",2,4,57000.0
海南,2025,本科批,综合,7,北京理工大学,80,10,自动化,(中外合作办学)(办学地点:广东省珠海市),"物理,化学",2,4,57000.0
海南,2025,本科批,综合,7,北京理工大学,80,9,车辆工程,(中外合作办学)(办学地点:广东省珠海市),"物理,化学",2,4,57000.0
海南,2025,本科批,综合,7,北京理工大学,4,4,工科试验班,"(卓越班)(包含专业:人工智能、机器人工程、数据科学与大数据技术、计算机科学与技术、智能制造工程、智能感知工程、网络空间安全；全院士团队导师,专业任选、校区任选(大三后可选珠海),方向任选(可选本校自主培养或港大联培))","物理,化学",1,4,5500.0
海南,2025,国家专项,综合,7,北京理工大学,2,2,理科试验班,(理学与材料菁英班)(含材料科学与工程、材料成型及控制工程、高分子材料与工程、材料化学、新能源材料与器件、电子封装技术、化学、应用化学、化学工程与工艺、制药工程、能源化学工程、生物医学工程、智能医学工程、生物技术、数学与应用数学、信息与计算科学、统计学、量子信息科学、应用物理学等专业),"物理,化学",4,4,5500.0
海南,2025,本科批,综合,59,北京联合大学,1,1,旅游管理,,不限,3,4,4200.0
海南,2025,本科批,综合,59,北京联合大学,1,2,会展经济与管理,,不限,2,4,4200.0
海南,2025,本科批,综合,20,北京林业大学,1,2,工商管理类,(包含专业:会计学、工商管理、人力资源管理、物业管理),不限,4,4,5000.0
海南,2025,本科批,综合,20,北京林业大学,2,8,计算机类,(包含专业:计算机科学与技术、数字媒体技术、数据科学与大数据技术),"物理,化学",4,4,5500.0
海南,2025,本科批,综合,20,北京林业大学,3,15,园林,,生物,3,4,5000.0
海南,2025,本科批,综合,20,北京林业大学,2,10,机械设计制造及其自动化,,"物理,化学",3,4,5500.0
海南,2025,本科批,综合,20,北京林业大学,2,6,林学类,(包含专业:林学、林学(城市林业方向)、森林保护、经济林),"物理,化学",3,4,2500.0
海南,2025,本科批,综合,20,北京林业大学,1,1,风景园林,,不限,3,4,5500.0
海南,2025,本科批,综合,20,北京林业大学,2,5,食品科学与工程,,"物理,化学",3,4,5500.0
海南,2025,本科批,综合,20,北京林业大学,2,7,土木工程,,"物理,化学",2,4,5500.0
海南,2025,本科批,综合,20,北京林业大学,2,9,林业工程类,(包含专业:林产化工、林产化工(生物质能源科学与工程方向)、木材科学与工程、木材科学与工程(木结构材料与工程方向)),"物理,化学",2,4,5500.0
海南,2025,本科批,综合,20,北京林业大学,1,3,法学,,不限,2,4,5000.0
海南,2025,本科批,综合,20,北京林业大学,2,13,环境科学,,"物理,化学",2,4,5500.0
海南,2025,本科批,综合,20,北京林业大学,2,11,网络工程,,"物理,化学",2,4,5500.0
海南,2025,本科批,综合,20,北京林业大学,1,4,农林经济管理,(梁希实验班),不限,1,4,5000.0
海南,2025,本科批,综合,20,北京林业大学,2,14,国家公园建设与管理,(梁希实验班),"物理,化学",1,4,5000.0
海南,2025,本科批,综合,20,北京林业大学,2,12,草坪科学与工程,,"物理,化学",1,4,5000.0
海南,2025,本科批,综合,24,北京师范大学,1,4,汉语言文学,,不限,3,4,4800.0
海南,2025,本科批,综合,24,北京师范大学,1,1,会计学,,不限,2,4,4800.0
海南,2025,本科批,综合,24,北京师范大学,1,2,传播学,(网络新媒体方向),不限,2,4,4800.0
海南,2025,本科批,综合,24,北京师范大学,1,5,汉语言文学,"(""汉语言文学(应用语言学方向)+人工智能""双学士学位)(“汉语言文学(应用语言学方向)+人工智能”双学士学位复合型人才培养项目)",不限,2,4,4800.0
海南,2025,本科批,综合,24,北京师范大学,2,6,物理学类,(包含专业:物理学、天文学),"物理,化学",2,4,5400.0
海南,2025,本科批,综合,24,北京师范大学,1,3,英语,,不限,2,4,6000.0
海南,2025,本科批,综合,24,北京师范大学,2,7,数学与应用数学,,"物理,化学",1,4,5400.0
海南,2025,本科提前批,综合,2192,北京师范大学,1,1,英语,(优师专项计划)(属国家优师专项计划；入学前须签订国家优师专项定向就业协议；履约任教到五指山市、临高县、保亭县、琼中县及白沙县),不限,3,4,
海南,2025,本科提前批,综合,2192,北京师范大学,2,6,地理科学,(优师专项计划)(属国家优师专项计划；入学前须签订国家优师专项定向就业协议；履约任教到五指山市、临高县、保亭县、琼中县及白沙县),"物理,化学",2,4,
海南,2025,本科提前批,综合,2192,北京师范大学,2,7,数学与应用数学,(优师专项计划)(属国家优师专项计划；入学前须签订国家优师专项定向就业协议；履约任教到五指山市、临高县、保亭县、琼中县及白沙县),"物理,化学",2,4,
海南,2025,本科提前批,综合,2192,北京师范大学,1,2,汉语言文学,(优师专项计划)(属国家优师专项计划；入学前须签订国家优师专项定向就业协议；履约任教到五指山市、临高县、保亭县、琼中县及白沙县),不限,2,4,
海南,2025,本科提前批,综合,2192,北京师范大学,2,8,物理学,(优师专项计划)(属国家优师专项计划；入学前须签订国家优师专项定向就业协议；履约任教到五指山市、临高县、保亭县、琼中县及白沙县),"物理,化学",2,4,
海南,2025,本科提前批,综合,2192,北京师范大学,2,5,生物科学,(优师专项计划)(属国家优师专项计划；入学前须签订国家优师专项定向就业协议；履约任教到五指山市、临高县、保亭县、琼中县及白沙县),"物理,化学",2,4,
海南,2025,本科提前批,综合,2192,北京师范大学,1,3,历史学,(优师专项计划)(属国家优师专项计划；入学前须签订国家优师专项定向就业协议；履约任教到五指山市、临高县、保亭县、琼中县及白沙县),不限,1,4,
海南,2025,本科提前批,综合,2192,北京师范大学,3,9,思想政治教育,(优师专项计划)(属国家优师专项计划；入学前须签订国家优师专项定向就业协议；履约任教到五指山市、临高县、保亭县、琼中县及白沙县),政治,1,4,
海南,2025,本科批,综合,16,北京石油化工学院,1,1,生物制药,,"物理,化学",2,4,4600.0
海南,2025,本科批,综合,39,北京体育大学,80,11,休闲体育,"(中外合作办学)(此专业学费高；办学地点在海南陵水黎安国际教育创新试验区；不需要体育统考成绩；仅录取填报该专业志愿的考生,高考成绩须达到生源所在地省级招办划定的普通本科录取控制分数线；英语单科成绩不低于105分(150分制))",不限,2,4,75000.0
海南,2025,本科批,综合,39,北京体育大学,83,17,数据科学与大数据技术,"(不能准确识别红、黄、绿、兰、紫各种颜色中任何一种颜色的导线、按键、信号灯、几何图形者,不予录取)","物理,化学",2,4,6000.0
海南,2025,本科批,综合,39,北京体育大学,80,12,旅游管理,"(中外合作办学)(此专业学费高；办学地点在海南陵水黎安国际教育创新试验区；仅录取填报该专业志愿的考生,高考成绩须达到生源所在地省级招办划定的普通本科录取控制分数线；英语单科成绩不低于105分(150分制))",不限,2,4,75000.0
海南,2025,本科批,综合,39,北京体育大学,82,15,运动人体科学,(不招色盲、色弱),物理,2,4,6000.0
海南,2025,本科批,综合,39,北京体育大学,81,8,体育经济与管理,"(不能准确识别红、黄、绿、兰、紫各种颜色中任何一种颜色的导线、按键、信号灯、几何图形者,不予录取)",不限,1,4,5000.0
海南,2025,本科批,综合,39,北京体育大学,81,5,公共事业管理,"(不能准确识别红、黄、绿、兰、紫各种颜色中任何一种颜色的导线、按键、信号灯、几何图形者,不予录取)",不限,1,4,5000.0
海南,2025,本科批,综合,39,北京体育大学,82,13,应用心理学,(不招色盲、色弱),物理,1,4,6000.0
海南,2025,本科批,综合,39,北京体育大学,4,18,康复物理治疗,(不招色盲、色弱),"物理,化学",1,4,6000.0
海南,2025,本科批,综合,39,北京体育大学,2,10,新闻学,,不限,1,4,5000.0
海南,2025,本科批,综合,39,北京体育大学,2,6,旅游管理,,不限,1,4,5000.0
海南,2025,本科批,综合,39,北京体育大学,3,16,智能体育工程,,物理,1,4,5000.0
海南,2025,本科批,综合,39,北京体育大学,2,7,汉语国际教育,,不限,1,4,5000.0
海南,2025,本科批,综合,39,北京体育大学,2,9,网络与新媒体,,不限,1,4,5000.0
海南,2025,本科批,综合,39,北京体育大学,2,4,英语,,不限,1,4,6000.0
海南,2025,本科批,综合,39,北京体育大学,3,14,运动康复,,物理,1,4,6000.0
海南,2025,本科批,综合,39,北京体育大学,5,19,马克思主义理论,,"政治,历史",1,4,5000.0
海南,2025,本科批,综合,27,北京外国语大学,3,9,大数据管理与应用,,物理,2,4,5000.0
海南,2025,本科批,综合,27,北京外国语大学,5,11,外交学,,政治,1,4,5000.0
海南,2025,本科批,综合,27,北京外国语大学,2,4,日语,(日本研究),不限,1,4,6000.0
海南,2025,本科批,综合,27,北京外国语大学,2,5,汉语言文学,,不限,1,4,5000.0
海南,2025,本科批,综合,27,北京外国语大学,2,8,法语,,不限,1,4,6000.0
海南,2025,本科批,综合,27,北京外国语大学,2,6,翻译,(外交外事高级翻译),不限,1,4,6000.0
海南,2025,本科批,综合,27,北京外国语大学,2,2,英语,,不限,1,4,6000.0
海南,2025,本科批,综合,27,北京外国语大学,2,7,英语,(中央财经大学金融学专业联合培养),不限,1,4,6000.0
海南,2025,本科批,综合,27,北京外国语大学,2,3,西班牙语,,不限,1,4,6000.0
海南,2025,本科批,综合,27,北京外国语大学,4,10,计算机科学与技术,(数智技术),"物理,化学",1,4,5000.0
海南,2025,国家专项,综合,27,北京外国语大学,1,1,信息管理与信息系统,(商务智能),物理,1,4,5000.0
海南,2025,本科批,综合,33,北京物资学院,1,2,供应链管理,,不限,1,4,4200.0
海南,2025,本科批,综合,33,北京物资学院,2,6,信息管理与信息系统,(数智化管理实验班),物理,1,4,4200.0
海南,2025,本科批,综合,33,北京物资学院,1,4,劳动与社会保障,,不限,1,4,4200.0
海南,2025,本科批,综合,33,北京物资学院,2,5,物流工程,,物理,1,4,4600.0
海南,2025,本科批,综合,33,北京物资学院,1,1,物流管理,,不限,1,4,4200.0
海南,2025,本科批,综合,33,北京物资学院,1,3,财务管理,,不限,1,4,4200.0
海南,2025,本科批,综合,55,北京信息科技大学,3,5,智能车辆工程,,"物理,化学",3,4,4600.0
海南,2025,本科批,综合,55,北京信息科技大学,1,2,网络与新媒体,,不限,3,4,4200.0
海南,2025,本科批,综合,55,北京信息科技大学,1,1,人力资源管理,,不限,2,4,4200.0
海南,2025,本科批,综合,55,北京信息科技大学,3,4,光电信息科学与工程,,"物理,化学",2,4,4600.0
海南,2025,本科批,综合,55,北京信息科技大学,3,6,智能科学与技术,,"物理,化学",2,4,4600.0
海南,2025,本科批,综合,55,北京信息科技大学,2,3,质量管理工程,,物理,2,4,4200.0
海南,2025,本科批,综合,14,北京印刷学院,3,7,印刷工程,(不招色盲、色弱),"物理,化学",3,4,4600.0
海南,2025,本科批,综合,14,北京印刷学院,3,8,包装工程,(智能包装)(不招色盲、色弱),"物理,化学",2,4,4600.0
海南,2025,本科批,综合,14,北京印刷学院,2,5,传播学,(国际出版实验班)(主干课程英文授课),不限,1,4,4200.0
海南,2025,本科批,综合,14,北京印刷学院,2,4,数字出版,(实验班),不限,1,4,4200.0
海南,2025,本科批,综合,14,北京印刷学院,2,6,编辑出版学,(韬奋班),不限,1,4,4200.0
海南,2025,本科批,综合,13,北京邮电大学,2,7,软件工程,"(一年级在沙河校区,二、三、四年级将根据学校规划安排在沙河校区或西土城路校区；后两年学费为16000元/年；本专业部分课程采用英语授课)","物理,化学",7,4,5500.0
海南,2025,本科批,综合,13,北京邮电大学,2,6,人工智能,"(大类招生)(包含:信息工程、人工智能专业；一年级在沙河校区,二、三、四年级将根据学校规划安排在沙河校区或西土城路校区)","物理,化学",6,4,5500.0
海南,2025,本科批,综合,13,北京邮电大学,2,5,计算机类,"(包含专业:计算机科学与技术、网络工程、数据科学与大数据技术；一年级在沙河校区,二、三、四年级将根据学校规划安排在沙河校区或西土城路校区)","物理,化学",6,4,5500.0
海南,2025,本科批,综合,13,北京邮电大学,2,8,电子信息类,"(包含专业:电子科学与技术、电子信息科学与技术、光电信息科学与工程、集成电路设计与集成系统；一年级在沙河校区,二、三、四年级将根据学校规划安排在沙河校区或西土城路校区)","物理,化学",5,4,5500.0
海南,2025,本科批,综合,13,北京邮电大学,82,16,数字媒体技术,(中外合作办学)(办学地点在海南陵水黎安国际教育创新试验区；本专业部分课程采用英语授课),"物理,化学",3,4,100000.0
海南,2025,本科批,综合,13,北京邮电大学,2,12,智能交互设计,(办学地点在沙河校区),"物理,化学",3,4,5500.0
海南,2025,本科批,综合,13,北京邮电大学,82,17,智能医学工程,(中外合作办学)(办学地点在海南陵水黎安国际教育创新试验区；本专业部分课程采用英语授课),"物理,化学",3,4,100000.0
海南,2025,本科批,综合,13,北京邮电大学,2,11,理科试验班,(数学与信息计算)(包含专业:数学与应用数学、信息与计算科学、信息与计算科学(通信双学位)；办学地点在沙河校区),"物理,化学",3,4,5500.0
海南,2025,本科批,综合,13,北京邮电大学,81,9,电信工程及管理,"(中外合作办学)(一年级在沙河校区,二、三、四年级将根据学校规划安排在沙河校区或西土城路校区；本专业部分课程采用英语授课)","物理,化学",3,4,100000.0
海南,2025,本科批,综合,13,北京邮电大学,80,4,计算机类,"(元班)(包含专业:计算机科学与技术、网络空间安全；未来学院“元班”实验班；一年级在沙河校区,二、三、四年级将根据学校规划安排在沙河校区或西土城路校区)","物理,化学",3,4,5500.0
海南,2025,本科批,综合,13,北京邮电大学,82,14,信息与计算科学,(中外合作办学)(办学地点在海南陵水黎安国际教育创新试验区；本专业部分课程采用英语授课),"物理,化学",2,4,100000.0
海南,2025,本科批,综合,13,北京邮电大学,81,15,智能科学与技术,"(中外合作办学)(一年级在沙河校区,二、三、四年级将根据学校规划安排在沙河校区或西土城路校区；本专业部分课程采用英语授课)","物理,化学",2,4,100000.0
海南,2025,本科批,综合,13,北京邮电大学,81,10,物联网工程,"(中外合作办学)(一年级在沙河校区,二、三、四年级将根据学校规划安排在沙河校区或西土城路校区；本专业部分课程采用英语授课)","物理,化学",2,4,100000.0
海南,2025,本科批,综合,13,北京邮电大学,81,13,电子信息工程,"(中外合作办学)(一年级在沙河校区,二、三、四年级将根据学校规划安排在沙河校区或西土城路校区；本专业部分课程采用英语授课)","物理,化学",2,4,100000.0
海南,2025,本科批,综合,13,北京邮电大学,80,3,电子信息类,"(元班)(包含专业:通信工程、电子科学与技术；未来学院“元班”实验班；一年级在沙河校区,二、三、四年级将根据学校规划安排在沙河校区或西土城路校区)","物理,化学",2,4,5500.0
海南,2025,本科批,综合,13,北京邮电大学,2,2,通信工程,"(大类招生)(包含:通信工程、电子信息工程、空间信息与数字技术专业；一年级在沙河校区,二、三、四年级将根据学校规划安排在沙河校区或西土城路校区)","物理,化学",10,4,5500.0
海南,2025,国家专项,综合,13,北京邮电大学,1,1,自动化类,(智能机器人)(包含专业:自动化、机器人工程、机械工程(数字智能)；办学地点在沙河校区),"物理,化学",1,4,5500.0
海南,2025,本科民族班、预科班,综合,13,北京邮电大学,3,18,少数民族预科班,(预科培养地点:北京邮电大学沙河校区),"物理,化学",2,1,5500.0
海南,2025,本科批,综合,77,北京邮电大学世纪学院,2,4,财务管理,,不限,6,4,39000.0
海南,2025,本科批,综合,77,北京邮电大学世纪学院,2,6,传播学,,不限,5,4,34000.0
海南,2025,本科批,综合,77,北京邮电大学世纪学院,3,7,物流工程,,物理,2,4,36000.0
海南,2025,本科批,综合,77,北京邮电大学世纪学院,4,12,软件工程,(北京市一流专业),"物理,化学",2,4,43000.0
海南,2025,本科批,综合,77,北京邮电大学世纪学院,4,14,数字媒体技术,,"物理,化学",1,4,40000.0
海南,2025,本科批,综合,77,北京邮电大学世纪学院,4,8,机械电子工程,(北京市一流专业),"物理,化学",1,4,36000.0
海南,2025,本科批,综合,77,北京邮电大学世纪学院,4,13,物联网工程,(北京市一流专业),"物理,化学",1,4,43000.0
海南,2025,本科批,综合,77,北京邮电大学世纪学院,2,5,电子商务,(北京市一流专业),不限,1,4,34000.0
海南,2025,本科批,综合,77,北京邮电大学世纪学院,4,10,自动化,,"物理,化学",1,4,36000.0
海南,2025,本科批,综合,77,北京邮电大学世纪学院,2,2,英语,,不限,1,4,34000.0
海南,2025,本科批,综合,77,北京邮电大学世纪学院,4,11,计算机科学与技术,,"物理,化学",1,4,37000.0
海南,2025,本科批,综合,77,北京邮电大学世纪学院,2,3,财务管理,(国际注册会计师),不限,1,4,39000.0
海南,2025,本科批,综合,77,北京邮电大学世纪学院,4,9,通信工程,,"物理,化学",1,4,41000.0
海南,2025,本科提前批,综合,29,北京语言大学,1,4,外国语言文学类,(小语种)(包含专业:西班牙语(欧洲研究)、法语(法国研究)、日语(日本研究)、意大利语(欧洲研究)、阿拉伯语(中东学)、波斯语(中东学)),不限,5,4,6000.0
海南,2025,本科提前批,综合,29,北京语言大学,1,1,德语,(涉外林业工程人才实验班),不限,1,4,6000.0
海南,2025,本科提前批,综合,29,北京语言大学,1,2,法语,(涉外安全科学人才实验班),不限,1,4,6000.0
海南,2025,本科提前批,综合,29,北京语言大学,1,3,阿拉伯语,(涉外石油人才实验班),不限,1,4,6000.0
海南,2025,本科批,综合,29,北京语言大学,6,14,中国语言文学类,(包含专业:汉语国际教育、汉语言文学、古典文献学),不限,6,4,5000.0
海南,2025,本科批,综合,29,北京语言大学,81,25,信息管理与信息系统,(中外合作办学)(数字传播与语言服务)(办学地点在海南陵水黎安国际教育创新试验区),物理,5,4,100000.0
海南,2025,本科批,综合,29,北京语言大学,80,22,国际经济与贸易,(中外合作办学)(国际语言产业管理)(办学地点在海南陵水黎安国际教育创新试验区),不限,5,4,100000.0
海南,2025,本科批,综合,29,北京语言大学,6,21,外国语言文学类,(英语和翻译)(包含专业:英语、英语(英西复语)、商务英语、翻译(汉英法多语实验班)),不限,5,4,6000.0
海南,2025,本科批,综合,29,北京语言大学,6,19,会计学,(数智会计),不限,2,4,5000.0
海南,2025,本科批,综合,29,北京语言大学,7,24,大数据管理与应用,,物理,2,4,5000.0
海南,2025,本科批,综合,29,北京语言大学,7,23,数字经济,,物理,2,4,5000.0
海南,2025,本科批,综合,29,北京语言大学,6,16,新闻学,(国际传播实验班),不限,2,4,5000.0
海南,2025,本科批,综合,29,北京语言大学,6,13,传播学,(梧桐计划人才实验班),不限,1,4,5000.0
海南,2025,本科批,综合,29,北京语言大学,6,20,国际经济与贸易,(数智商务),不限,1,4,5000.0
海南,2025,本科批,综合,29,北京语言大学,6,18,经济学,(数智分析),不限,1,4,5000.0
海南,2025,本科批,综合,29,北京语言大学,6,12,网络与新媒体,(智能传播),不限,1,4,5000.0
海南,2025,本科批,综合,29,北京语言大学,6,15,翻译,(AI翻译实验班),不限,1,4,6000.0
海南,2025,本科批,综合,29,北京语言大学,6,17,金融学,(数智金融),不限,1,4,5000.0
海南,2025,国家专项,综合,29,北京语言大学,2,5,中国语言文学类,(包含专业:汉语国际教育、汉语言文学、古典文献学),不限,2,4,5000.0
海南,2025,国家专项,综合,29,北京语言大学,4,9,听力与言语康复学,,"物理,化学",1,4,5500.0
海南,2025,国家专项,综合,29,北京语言大学,5,10,国际政治,,政治,1,4,5000.0
海南,2025,国家专项,综合,29,北京语言大学,5,11,国际组织与全球治理,,政治,1,4,5000.0
海南,2025,国家专项,综合,29,北京语言大学,2,6,国际经济与贸易,(数智商务),不限,1,4,5000.0
海南,2025,国家专项,综合,29,北京语言大学,3,8,心理学,(脑科学与智能工程),物理,1,4,5000.0
海南,2025,国家专项,综合,29,北京语言大学,3,7,语言学,,物理,1,4,6000.0
海南,2025,本科批,综合,23,北京中医药大学,2,11,中医学,(卓越5+3一体化)(不招色盲、色弱),"物理,化学",2,5,5800.0
海南,2025,本科批,综合,23,北京中医药大学,2,12,中医学,(不招色盲、色弱),"物理,化学",2,5,5800.0
海南,2025,本科批,综合,23,北京中医药大学,2,6,中医学,(领军人才培养计划)(不招色盲、色弱),"物理,化学",1,5,5800.0
海南,2025,本科批,综合,23,北京中医药大学,2,13,中医学,(实验班)(不招色盲、色弱),"物理,化学",1,5,5800.0
海南,2025,本科批,综合,23,北京中医药大学,2,5,中药制药,(不招色盲、色弱),"物理,化学",1,4,5800.0
海南,2025,本科批,综合,23,北京中医药大学,2,8,中药学,(不招色盲、色弱),"物理,化学",1,4,5800.0
海南,2025,本科批,综合,23,北京中医药大学,2,10,中药学,(时珍国药班)(不招色盲、色弱),"物理,化学",1,4,5800.0
海南,2025,本科批,综合,23,北京中医药大学,2,9,中西医临床医学,(华佗班)(不招色盲、色弱),"物理,化学",1,9,5800.0
海南,2025,本科批,综合,23,北京中医药大学,1,4,公共事业管理,(卫生管理)(不招色盲、色弱、单色识别不全者),不限,1,4,5000.0
海南,2025,本科批,综合,23,北京中医药大学,2,14,护理学,(不招色盲、色弱),"物理,化学",1,4,5800.0
海南,2025,本科批,综合,23,北京中医药大学,1,3,法学,(医药卫生),不限,1,4,5000.0
海南,2025,本科批,综合,23,北京中医药大学,2,7,生物工程,(交叉创新班)(不招色盲、色弱),"物理,化学",1,4,5500.0
海南,2025,本科批,综合,23,北京中医药大学,1,2,英语,(医学),不限,1,4,5800.0
海南,2025,本科批,综合,23,北京中医药大学,1,1,针灸推拿学,(不招色盲、色弱),不限,1,5,5800.0
海南,2025,本科批,综合,246,北京中医药大学东方学院,4,15,护理学,(不招色觉异常(含色盲、色弱)考生),生物,3,4,
海南,2025,本科批,综合,246,北京中医药大学东方学院,1,1,中医学,(不招色觉异常(含色盲、色弱)考生),不限,2,5,
海南,2025,本科批,综合,246,北京中医药大学东方学院,3,7,中西医临床医学,(不招色觉异常(含色盲、色弱)考生),"物理,化学",2,5,
海南,2025,本科批,综合,246,北京中医药大学东方学院,1,2,针灸推拿学,(不招色觉异常(含色盲、色弱)考生),不限,2,5,
海南,2025,本科批,综合,246,北京中医药大学东方学院,3,10,中药制药,(不招色觉异常(含色盲、色弱)考生),"物理,化学",1,4,
海南,2025,本科批,综合,246,北京中医药大学东方学院,3,9,中药学,(不招色觉异常(含色盲、色弱)考生),"物理,化学",1,4,
海南,2025,本科批,综合,246,北京中医药大学东方学院,1,5,健康服务与管理,,不限,1,4,
海南,2025,本科批,综合,246,北京中医药大学东方学院,1,4,公共事业管理,,不限,1,4,
海南,2025,本科批,综合,246,北京中医药大学东方学院,3,12,医学影像技术,(不招色觉异常(含色盲、色弱)考生),"物理,化学",1,4,
海南,2025,本科批,综合,246,北京中医药大学东方学院,3,11,医学检验技术,(不招色觉异常(含色盲、色弱)考生),"物理,化学",1,4,
海南,2025,本科批,综合,246,北京中医药大学东方学院,3,14,口腔医学技术,(不招色觉异常(含色盲、色弱)考生),"物理,化学",1,4,
海南,2025,本科批,综合,246,北京中医药大学东方学院,1,3,工商管理,,不限,1,4,
海南,2025,本科批,综合,246,北京中医药大学东方学院,3,13,康复治疗学,(不招色觉异常(含色盲、色弱)考生),"物理,化学",1,4,
海南,2025,本科批,综合,246,北京中医药大学东方学院,2,6,药事管理,(不招色觉异常(含色盲、色弱)考生),化学,1,4,
海南,2025,本科批,综合,246,北京中医药大学东方学院,3,8,药学,(不招色觉异常(含色盲、色弱)考生),"物理,化学",1,4,
海南,2025,本科批,综合,2186,北师香港浸会大学,1,3,会计学,(中外合作办学)(英文教学),不限,3,4,110000.0
海南,2025,本科批,综合,2186,北师香港浸会大学,1,2,新闻传播学类,(中外合作办学)(包含专业:广告学(中外合作办学)、传播学(中外合作办学)；大类招生；广告学专业培养公共关系与广告学方向；传播学专业培养媒体与传播学、媒体艺术与设计、影视学、动画与互动媒体、中华文化与国际传播、游戏设计方向；原则上在第一学年第二学期开始前完成专业确认；英文教学),不限,3,4,110000.0
海南,2025,本科批,综合,2186,北师香港浸会大学,1,1,工商管理类,"(中外合作办学)(包含专业:财务管理(中外合作办学)、人力资源管理(中外合作办学)、市场营销(中外合作办学)、工商管理(中外合作办学)、文化产业管理(中外合作办学)；大类招生；工商管理专业培养创业与创新管理、电子商务与资讯系统管理、数字媒体管理方向；文化产业管理专业培养文化创意与管理,旅游、酒店与会展管理方向；原则上在第一学年第二学期开始前完成专业确认；英文教学)",不限,2,4,110000.0
海南,2025,本科批,综合,2186,北师香港浸会大学,1,4,经济学,(中外合作办学)(培养应用经济学、商业分析方向；原则上在第一学年第二学期开始前完成专业确认；英文教学),不限,2,4,110000.0
海南,2025,本科批,综合,1409,滨州医学院,2,2,临床医学,(不招色盲、色弱),"物理,化学",5,5,7920.0
海南,2025,本科批,综合,1409,滨州医学院,1,1,护理学,(滨州校区；不招色盲、色弱),化学,3,4,7920.0
海南,2025,本科批,综合,1409,滨州医学院,2,3,药学,(不招色盲、色弱),"物理,化学",2,4,7590.0
海南,2025,本科批,综合,459,渤海大学,1,1,旅游管理,,不限,5,4,5200.0
海南,2025,本科批,综合,459,渤海大学,1,2,经济学,,不限,1,4,5200.0
海南,2025,本科批,综合,459,渤海大学,1,3,金融学,,不限,1,4,5200.0
海南,2025,本科批,综合,252,沧州交通学院,1,3,风景园林,(建议考生具备一定的美术基础),不限,4,4,21000.0
海南,2025,本科批,综合,252,沧州交通学院,2,5,电子商务,,物理,3,4,19000.0
海南,2025,本科批,综合,252,沧州交通学院,3,9,交通运输,,"物理,化学",2,4,21000.0
海南,2025,本科批,综合,252,沧州交通学院,1,1,工商管理,,不限,2,4,19000.0
海南,2025,本科批,综合,252,沧州交通学院,2,6,工程造价,,物理,2,4,19000.0
海南,2025,本科批,综合,252,沧州交通学院,3,10,电气工程及其自动化,,"物理,化学",2,4,21000.0
海南,2025,本科批,综合,252,沧州交通学院,1,2,英语,,不限,2,4,21000.0
海南,2025,本科批,综合,252,沧州交通学院,3,7,计算机科学与技术,,"物理,化学",2,4,21000.0
海南,2025,本科批,综合,252,沧州交通学院,1,4,财务管理,,不限,2,4,19000.0
海南,2025,本科批,综合,252,沧州交通学院,3,12,轨道交通信号与控制,,"物理,化学",2,4,21000.0
海南,2025,本科批,综合,252,沧州交通学院,3,11,土木工程,,"物理,化学",1,4,21000.0
海南,2025,本科批,综合,252,沧州交通学院,3,8,数据科学与大数据技术,,"物理,化学",1,4,21000.0
海南,2025,本科批,综合,175,沧州师范学院,1,2,思想政治教育,,政治,5,4,4600.0
海南,2025,本科批,综合,175,沧州师范学院,1,1,政治学与行政学,,政治,5,4,4600.0
海南,2025,本科批,综合,2887,昌吉学院,2,7,制药工程,,"物理,化学",2,4,3500.0
海南,2025,本科批,综合,2887,昌吉学院,2,6,微电子科学与工程,,"物理,化学",2,4,3500.0
海南,2025,本科批,综合,2887,昌吉学院,2,8,无人驾驶航空器系统工程,(不招色盲、色弱),"物理,化学",2,4,3500.0
海南,2025,本科批,综合,2887,昌吉学院,1,1,英语,(英语单科成绩不低于70分(150分制)),不限,2,4,3800.0
海南,2025,本科批,综合,2887,昌吉学院,2,5,软件工程,,"物理,化学",2,4,3500.0
海南,2025,本科批,综合,2887,昌吉学院,2,9,飞行器运维工程,(双眼矫正视力不低于4.8；不招色盲、色弱),"物理,化学",2,4,3500.0
海南,2025,本科批,综合,2887,昌吉学院,2,3,数据计算及应用,,"物理,化学",1,4,3500.0
海南,2025,本科批,综合,2887,昌吉学院,2,4,新能源材料与器件,,"物理,化学",1,4,3500.0
海南,2025,本科批,综合,2887,昌吉学院,1,2,旅游管理,,不限,1,4,3100.0
海南,2025,本科批,综合,1937,常德学院,1,3,教育学,,不限,3,4,19800.0
海南,2025,本科批,综合,1937,常德学院,2,12,机器人工程,,"物理,化学",3,4,22500.0
海南,2025,本科批,综合,1937,常德学院,2,11,自动化,,"物理,化学",3,4,22500.0
海南,2025,本科批,综合,1937,常德学院,2,8,计算机科学与技术,,"物理,化学",3,4,23500.0
海南,2025,本科批,综合,1937,常德学院,2,9,软件工程,,"物理,化学",3,4,23500.0
海南,2025,本科批,综合,1937,常德学院,2,13,中药学,,"物理,化学",2,4,23500.0
海南,2025,本科批,综合,1937,常德学院,1,5,国际经济与贸易,,不限,2,4,19800.0
海南,2025,本科批,综合,1937,常德学院,3,15,思想政治教育,,政治,2,4,19800.0
海南,2025,本科批,综合,1937,常德学院,2,10,机械设计制造及其自动化,,"物理,化学",2,4,22500.0
海南,2025,本科批,综合,1937,常德学院,1,1,汉语言文学,,不限,2,4,19800.0
海南,2025,本科批,综合,1937,常德学院,1,4,电子商务,,不限,2,4,19800.0
海南,2025,本科批,综合,1937,常德学院,2,7,网络工程,,"物理,化学",2,4,23500.0
海南,2025,本科批,综合,1937,常德学院,1,2,英语,,不限,2,4,19800.0
海南,2025,本科批,综合,1937,常德学院,2,14,药学,,"物理,化学",2,4,23500.0
海南,2025,本科批,综合,1937,常德学院,1,6,财务管理,,不限,2,4,19800.0
海南,2025,专科批,综合,1955,常德职业技术学院,1,2,护理,,不限,6,3,5460.0
海南,2025,专科批,综合,1955,常德职业技术学院,1,3,临床医学,,不限,14,3,5460.0
海南,2025,专科批,综合,1955,常德职业技术学院,1,1,药学,,不限,10,3,5460.0
海南,2025,本科批,综合,783,常州大学,1,2,物流管理,,不限,5,4,5200.0
海南,2025,本科批,综合,783,常州大学,1,4,会计学,,不限,4,4,5200.0
海南,2025,本科批,综合,783,常州大学,1,1,国际经济与贸易,,不限,4,4,5200.0
海南,2025,本科批,综合,783,常州大学,3,19,新能源材料与器件,,"物理,化学",4,4,5800.0
海南,2025,本科批,综合,783,常州大学,3,7,制药工程,,"物理,化学",3,4,6380.0
海南,2025,本科批,综合,783,常州大学,3,15,土木工程,,"物理,化学",3,4,5800.0
海南,2025,本科批,综合,783,常州大学,3,8,过程装备与控制工程,,"物理,化学",3,4,5800.0
海南,2025,本科批,综合,783,常州大学,2,5,信息管理与信息系统,,物理,2,4,5200.0
海南,2025,本科批,综合,783,常州大学,3,6,化学工程与工艺,,"物理,化学",2,4,5800.0
海南,2025,本科批,综合,783,常州大学,3,14,应急技术与管理,,"物理,化学",2,4,5800.0
海南,2025,本科批,综合,783,常州大学,3,13,数学与应用数学,,"物理,化学",2,4,5500.0
海南,2025,本科批,综合,783,常州大学,3,9,智能制造工程,,"物理,化学",2,4,5800.0
海南,2025,本科批,综合,783,常州大学,3,11,油气储运工程,,"物理,化学",2,4,5800.0
海南,2025,本科批,综合,783,常州大学,3,16,消防工程,,"物理,化学",2,4,5800.0
海南,2025,本科批,综合,783,常州大学,3,10,自动化,,"物理,化学",2,4,5800.0
海南,2025,本科批,综合,783,常州大学,1,3,英语,,不限,2,4,5200.0
海南,2025,本科批,综合,783,常州大学,3,17,计算机科学与技术,,"物理,化学",2,4,5800.0
海南,2025,本科批,综合,783,常州大学,3,12,金属材料工程,,"物理,化学",2,4,5800.0
海南,2025,本科批,综合,783,常州大学,3,18,食品质量与安全,,"物理,化学",2,4,5800.0
海南,2025,本科批,综合,913,常州大学怀德学院,1,1,市场营销,,不限,5,4,19800.0
海南,2025,本科批,综合,913,常州大学怀德学院,2,4,机械设计制造及其自动化,,"物理,化学",5,4,20000.0
海南,2025,本科批,综合,913,常州大学怀德学院,2,6,电子信息工程,,"物理,化学",5,4,22000.0
海南,2025,本科批,综合,913,常州大学怀德学院,1,3,电子商务,,不限,5,4,18000.0
海南,2025,本科批,综合,913,常州大学怀德学院,2,5,给排水科学与工程,,"物理,化学",5,4,20000.0
海南,2025,本科批,综合,913,常州大学怀德学院,1,2,财务管理,,不限,5,4,18000.0
海南,2025,专科批,综合,870,常州工程职业技术学院,1,2,新能源汽车技术,,不限,5,3,5300.0
海南,2025,专科批,综合,870,常州工程职业技术学院,1,1,物联网应用技术,,不限,5,3,5300.0
海南,2025,专科批,综合,2010,郴州思科职业学院,1,2,护理,,不限,1,3,17800.0
海南,2025,专科批,综合,2010,郴州思科职业学院,1,6,电气自动化技术,,不限,1,3,15800.0
海南,2025,专科批,综合,2010,郴州思科职业学院,1,3,移动应用开发,,不限,1,3,15800.0
海南,2025,专科批,综合,2010,郴州思科职业学院,1,1,网络营销与直播电商,,不限,1,3,13800.0
海南,2025,专科批,综合,2010,郴州思科职业学院,1,4,计算机应用技术,,不限,1,3,15800.0
海南,2025,专科批,综合,2010,郴州思科职业学院,1,5,铁道交通运营管理,,不限,1,3,15800.0
海南,2025,专科批,综合,1946,郴州职业技术学院,1,5,业财数据应用与管理,,不限,2,3,3500.0
海南,2025,专科批,综合,1946,郴州职业技术学院,1,4,大数据与会计,,不限,2,3,3500.0
海南,2025,专科批,综合,1946,郴州职业技术学院,1,1,机电一体化技术,,不限,2,3,5060.0
海南,2025,专科批,综合,1946,郴州职业技术学院,1,6,旅游管理,,不限,1,3,4600.0
海南,2025,专科批,综合,1946,郴州职业技术学院,1,2,计算机应用技术,,不限,1,3,4600.0
海南,2025,专科批,综合,1946,郴州职业技术学院,1,3,财税大数据应用,,不限,1,3,3500.0
海南,2025,专科批,综合,1946,郴州职业技术学院,1,7,酒店管理与数字化运营,,不限,1,3,4600.0
海南,2025,本科批,综合,2386,成都大学,1,9,小学教育,,不限,3,4,5520.0
海南,2025,本科批,综合,2386,成都大学,1,8,应用心理学,,不限,3,4,5980.0
海南,2025,本科批,综合,2386,成都大学,1,6,文化产业管理,,不限,3,4,5520.0
海南,2025,本科批,综合,2386,成都大学,1,5,酒店管理,,不限,3,4,5520.0
海南,2025,本科批,综合,2386,成都大学,1,4,会展经济与管理,,不限,2,4,5520.0
海南,2025,本科批,综合,2386,成都大学,1,2,会计学,,不限,2,4,5520.0
海南,2025,本科批,综合,2386,成都大学,1,1,国际经济与贸易,,不限,2,4,5520.0
海南,2025,本科批,综合,2386,成都大学,1,3,广播电视学,,不限,2,4,5520.0
海南,2025,本科批,综合,2386,成都大学,1,10,旅游管理,,不限,2,4,5520.0
海南,2025,本科批,综合,2386,成都大学,3,15,机械设计制造及其自动化,,"物理,化学",2,4,5980.0
海南,2025,本科批,综合,2386,成都大学,1,7,泰语,,不限,2,4,5520.0
海南,2025,本科批,综合,2386,成都大学,3,12,测绘工程,,"物理,化学",2,4,5980.0
海南,2025,本科批,综合,2386,成都大学,4,17,社会工作,,政治,2,4,5520.0
海南,2025,本科批,综合,2386,成都大学,3,14,食品质量与安全,,"物理,化学",2,4,5980.0
海南,2025,本科批,综合,2386,成都大学,2,11,护理学,,化学,1,4,6670.0
海南,2025,本科批,综合,2386,成都大学,3,13,电子信息工程,,"物理,化学",1,4,5980.0
海南,2025,本科批,综合,2386,成都大学,3,16,软件工程,,"物理,化学",1,4,5980.0
海南,2025,本科批,综合,2397,成都东软学院,3,7,人工智能,,"物理,化学",2,4,20000.0
海南,2025,本科批,综合,2397,成都东软学院,2,4,电子商务,,不限,2,4,19080.0
海南,2025,本科批,综合,2397,成都东软学院,2,5,英语,,不限,2,4,19080.0
海南,2025,本科批,综合,2397,成都东软学院,3,8,计算机科学与技术,,"物理,化学",2,4,19080.0
海南,2025,本科批,综合,2397,成都东软学院,2,3,财务管理,,不限,2,4,19080.0
海南,2025,本科批,综合,2397,成都东软学院,3,6,软件工程,,"物理,化学",2,4,19080.0
海南,2025,本科批,综合,2397,成都东软学院,3,9,医学影像技术,,"物理,化学",1,4,20000.0
海南,2025,专科批,综合,2390,成都纺织高等专科学校,1,4,大数据与会计,,不限,3,3,5280.0
海南,2025,专科批,综合,2390,成都纺织高等专科学校,1,5,商务英语,,不限,2,3,5280.0
海南,2025,专科批,综合,2390,成都纺织高等专科学校,1,3,建筑工程技术,,不限,2,3,5720.0
海南,2025,专科批,综合,2390,成都纺织高等专科学校,1,2,数字化染整技术,,不限,2,3,5720.0
海南,2025,专科批,综合,2390,成都纺织高等专科学校,1,1,现代纺织技术,,不限,2,3,5720.0
海南,2025,专科批,综合,2390,成都纺织高等专科学校,2,6,电气自动化技术,,物理,2,3,5720.0
海南,2025,本科批,综合,2387,成都工业学院,1,2,税收学,(宜宾校区；入学后不允许跨校区转专业),不限,3,4,4800.0
海南,2025,本科批,综合,2387,成都工业学院,2,11,信息工程,"(第一学年在宜宾校区就读,第二、三、四学年在郫都校区就读)","物理,化学",2,4,5200.0
海南,2025,本科批,综合,2387,成都工业学院,1,1,商务英语,(宜宾校区；入学后不允许跨校区转专业),不限,2,4,4800.0
海南,2025,本科批,综合,2387,成都工业学院,2,5,应用统计学,,"物理,化学",2,4,5200.0
海南,2025,本科批,综合,2387,成都工业学院,80,7,智能制造工程,(宜宾校区；入学后不允许跨校区转专业),"物理,化学",2,4,5200.0
海南,2025,本科批,综合,2387,成都工业学院,2,6,机械电子工程,,"物理,化学",2,4,5200.0
海南,2025,本科批,综合,2387,成都工业学院,80,8,物联网工程,(宜宾校区；入学后不允许跨校区转专业),"物理,化学",2,4,5200.0
海南,2025,本科批,综合,2387,成都工业学院,2,3,环境科学与工程,,"物理,化学",2,4,5200.0
海南,2025,本科批,综合,2387,成都工业学院,80,9,电子科学与技术,(宜宾校区；入学后不允许跨校区转专业),"物理,化学",2,4,5200.0
海南,2025,本科批,综合,2387,成都工业学院,2,10,电气工程及其自动化,"(第一学年在宜宾校区就读,第二、三、四学年在郫都校区就读)","物理,化学",2,4,5200.0
海南,2025,本科批,综合,2387,成都工业学院,2,12,网络工程,"(第一学年在宜宾校区就读,第二、三、四学年在郫都校区就读)","物理,化学",2,4,5200.0
海南,2025,本科批,综合,2387,成都工业学院,2,4,计算机科学与技术,"(第一学年在宜宾校区就读,第二、三、四学年在郫都校区就读)","物理,化学",2,4,5200.0
海南,2025,专科提前批(面试),综合,2394,成都航空职业技术大学,1,2,无人机应用技术,(空军)(只招男生；定向培养军士；考生须参加体检、政治考核并且合格),物理,5,3,5720.0
海南,2025,专科提前批(面试),综合,2394,成都航空职业技术大学,1,3,无人机应用技术,(武警)(只招男生；定向培养军士；考生须参加体检、政治考核并且合格),物理,5,3,5720.0
海南,2025,专科提前批(面试),综合,2394,成都航空职业技术大学,1,1,飞行器数字化制造技术,(海军)(只招男生；定向培养军士；考生须参加体检、政治考核并且合格),物理,5,3,5720.0
海南,2025,专科批,综合,2394,成都航空职业技术大学,3,8,无人机应用技术,,物理,4,3,5720.0
海南,2025,专科批,综合,2394,成都航空职业技术大学,80,9,飞机机电设备维修,(只招男生),物理,4,3,5720.0
海南,2025,专科批,综合,2394,成都航空职业技术大学,3,10,飞机电子设备维修,,物理,4,3,5720.0
海南,2025,专科批,综合,2394,成都航空职业技术大学,2,4,建筑智能化工程技术,,不限,2,3,5720.0
海南,2025,专科批,综合,2394,成都航空职业技术大学,3,7,电子信息工程技术,,物理,2,3,5720.0
海南,2025,专科批,综合,2394,成都航空职业技术大学,80,11,航空发动机维修技术,(只招男生),物理,2,3,5720.0
海南,2025,专科批,综合,2394,成都航空职业技术大学,3,5,航空复合材料成型与加工技术,,物理,2,3,5720.0
海南,2025,专科批,综合,2394,成都航空职业技术大学,3,6,航空材料精密成型技术,,物理,2,3,5720.0
海南,2025,本科批,综合,2435,成都锦城学院,4,8,商务英语,,不限,5,4,18000.0
海南,2025,本科批,综合,2435,成都锦城学院,4,6,英语,,不限,5,4,18000.0
海南,2025,本科批,综合,2435,成都锦城学院,4,9,广播电视编导,,不限,4,4,20000.0
海南,2025,本科批,综合,2435,成都锦城学院,4,4,金融学类,(包含专业:金融学、保险学),不限,3,4,18000.0
海南,2025,本科批,综合,2435,成都锦城学院,4,7,城乡规划,,不限,2,5,18000.0
海南,2025,本科批,综合,2435,成都锦城学院,4,5,工商管理类,(包含专业:市场营销、人力资源管理),不限,2,4,18000.0
海南,2025,本科批,综合,2435,成都锦城学院,5,10,工程管理,,物理,2,4,18000.0
海南,2025,本科批,综合,2363,成都理工大学,2,8,土木工程,,"物理,化学",6,4,6240.0
海南,2025,本科批,综合,2363,成都理工大学,2,16,地质学类,(包含专业:地质学、地球化学；不招色盲、色弱),"物理,化学",6,4,6240.0
海南,2025,本科批,综合,2363,成都理工大学,2,9,环境科学与工程类,(包含专业:环境工程、环境生态工程；不招色盲、色弱),"物理,化学",6,4,6240.0
海南,2025,本科批,综合,2363,成都理工大学,1,3,电子商务,,不限,6,4,5760.0
海南,2025,本科批,综合,2363,成都理工大学,2,15,化学工程与工艺,(不招色盲、色弱),"物理,化学",4,4,6240.0
海南,2025,本科批,综合,2363,成都理工大学,2,14,应用化学,(不招色盲、色弱),"物理,化学",4,4,6240.0
海南,2025,本科批,综合,2363,成都理工大学,2,13,材料科学与工程,(不招色盲、色弱),"物理,化学",4,4,6240.0
海南,2025,本科批,综合,2363,成都理工大学,2,5,石油工程,(不招色盲),"物理,化学",4,4,6240.0
海南,2025,本科批,综合,2363,成都理工大学,1,1,法学,,不限,3,4,5760.0
海南,2025,本科批,综合,2363,成都理工大学,2,12,测控技术与仪器,(不招色盲),"物理,化学",3,4,6240.0
海南,2025,本科批,综合,2363,成都理工大学,2,18,地理信息科学,(不招色盲、色弱),"物理,化学",2,4,6240.0
海南,2025,本科批,综合,2363,成都理工大学,2,10,地质工程,,"物理,化学",2,4,6240.0
海南,2025,本科批,综合,2363,成都理工大学,1,2,市场营销,,不限,2,4,5760.0
海南,2025,本科批,综合,2363,成都理工大学,3,21,旅游管理,(宜宾校区),地理,2,4,5760.0
海南,2025,本科批,综合,2363,成都理工大学,2,20,智能科学与技术,(宜宾校区)(不能准确在显示器上识别红、黄、绿、兰、紫各颜色中任何一种颜色的数码、字母者不能录取；宜宾校区就读),"物理,化学",2,4,6240.0
海南,2025,本科批,综合,2363,成都理工大学,2,11,机械工程,,"物理,化学",2,4,6240.0
海南,2025,本科批,综合,2363,成都理工大学,2,19,电子信息工程,(宜宾校区)(不能准确在显示器上识别红、黄、绿、兰、紫各颜色中任何一种颜色的数码、字母者不能录取；宜宾校区就读),"物理,化学",2,4,6240.0
海南,2025,本科批,综合,2363,成都理工大学,2,4,电气工程及其自动化,(不招色盲),"物理,化学",2,4,6240.0
海南,2025,本科批,综合,2363,成都理工大学,2,6,资源勘查工程,(能源学院)(不招色盲、色弱),"物理,化学",2,4,6240.0
海南,2025,本科批,综合,2363,成都理工大学,2,7,资源勘查工程,(地科院)(不招色盲、色弱),"物理,化学",2,4,6240.0
海南,2025,本科批,综合,2363,成都理工大学,2,17,遥感科学与技术,(不招色盲、色弱),"物理,化学",2,4,6240.0
海南,2025,本科批,综合,2363,成都理工大学,4,22,风景园林,(宜宾校区)(不招色弱、色盲；宜宾校区就读),"物理,地理",2,5,6240.0
海南,2025,本科批,综合,2423,成都理工大学工程技术学院,1,1,会计学,,不限,5,4,16300.0
海南,2025,本科批,综合,2423,成都理工大学工程技术学院,2,6,核工程与核技术,,"物理,化学",5,4,17800.0
海南,2025,本科批,综合,2423,成都理工大学工程技术学院,1,2,审计学,,不限,4,4,16300.0
海南,2025,本科批,综合,2423,成都理工大学工程技术学院,2,7,电气工程及其自动化,,"物理,化学",4,4,17800.0
海南,2025,本科批,综合,2423,成都理工大学工程技术学院,1,4,网络与新媒体,,不限,4,4,16300.0
海南,2025,本科批,综合,2423,成都理工大学工程技术学院,2,8,软件工程,,"物理,化学",4,4,17800.0
海南,2025,本科批,综合,2423,成都理工大学工程技术学院,2,9,人工智能,,"物理,化学",3,4,17800.0
海南,2025,本科批,综合,2423,成都理工大学工程技术学院,1,3,税收学,,不限,3,4,16300.0
海南,2025,本科批,综合,2423,成都理工大学工程技术学院,1,5,英语,,不限,3,4,17800.0
海南,2025,专科批,综合,2414,成都农业科技职业学院,1,2,园林工程技术,,不限,8,3,5720.0
海南,2025,专科批,综合,2414,成都农业科技职业学院,1,1,园艺技术,,不限,5,3,5280.0
海南,2025,专科批,综合,2414,成都农业科技职业学院,1,5,市政工程技术,,不限,5,3,5720.0
海南,2025,专科批,综合,2414,成都农业科技职业学院,1,4,建筑工程技术,,不限,5,3,5720.0
海南,2025,专科批,综合,2414,成都农业科技职业学院,1,3,水产养殖技术,,不限,4,3,5280.0
海南,2025,专科批,综合,2414,成都农业科技职业学院,1,6,旅游管理,,不限,2,3,5280.0
海南,2025,本科批,综合,2454,成都师范学院,5,7,历史学,,历史,2,4,4800.0
海南,2025,本科批,综合,2454,成都师范学院,4,5,数字媒体技术,,"物理,化学",2,4,5200.0
海南,2025,本科批,综合,2454,成都师范学院,3,4,数字经济,,物理,2,4,4800.0
海南,2025,本科批,综合,2454,成都师范学院,2,3,汉语言文学,,不限,2,4,4800.0
海南,2025,本科批,综合,2454,成都师范学院,4,6,电子科学与技术,,"物理,化学",2,4,5200.0
海南,2025,本科批,综合,2454,成都师范学院,2,2,英语,,不限,2,4,4800.0
海南,2025,本科批,综合,2383,成都体育学院,2,2,中医骨伤科学,(不招色盲、色弱),不限,2,5,6960.0
海南,2025,本科批,综合,2428,成都外国语学院,3,8,商务英语,,不限,5,4,18000.0
海南,2025,本科批,综合,2428,成都外国语学院,3,20,汉语国际教育,,不限,4,4,18000.0
海南,2025,本科批,综合,2428,成都外国语学院,3,27,物流管理,,不限,4,4,17000.0
海南,2025,本科批,综合,2428,成都外国语学院,3,21,汉语言文学,,不限,3,4,18000.0
海南,2025,本科批,综合,2428,成都外国语学院,3,19,英语,,不限,3,4,18000.0
海南,2025,本科批,综合,2428,成都外国语学院,3,12,马来语,,不限,2,4,18000.0
海南,2025,本科批,综合,2428,成都外国语学院,3,18,俄语,,不限,1,4,18000.0
海南,2025,本科批,综合,2428,成都外国语学院,3,28,健康服务与管理,,不限,1,4,18000.0
海南,2025,本科批,综合,2428,成都外国语学院,3,5,匈牙利语,,不限,1,4,18000.0
海南,2025,本科批,综合,2428,成都外国语学院,3,4,国际经济与贸易,,不限,1,4,18000.0
海南,2025,本科批,综合,2428,成都外国语学院,3,17,德语,,不限,1,4,18000.0
海南,2025,本科批,综合,2428,成都外国语学院,3,25,意大利语,,不限,1,4,18000.0
海南,2025,本科批,综合,2428,成都外国语学院,3,10,捷克语,,不限,1,4,18000.0
海南,2025,本科批,综合,2428,成都外国语学院,3,22,日语,,不限,1,4,18000.0
海南,2025,本科批,综合,2428,成都外国语学院,3,14,朝鲜语,,不限,1,4,18000.0
海南,2025,本科批,综合,2428,成都外国语学院,3,16,法语,,不限,1,4,18000.0
海南,2025,本科批,综合,2428,成都外国语学院,3,11,波兰语,,不限,1,4,18000.0
海南,2025,本科批,综合,2428,成都外国语学院,3,6,泰语,,不限,1,4,18000.0
海南,2025,本科批,综合,2428,成都外国语学院,3,9,网络与新媒体,,不限,1,4,18000.0
海南,2025,本科批,综合,2428,成都外国语学院,3,7,翻译,,不限,1,4,18000.0
海南,2025,本科批,综合,2428,成都外国语学院,3,23,葡萄牙语,,不限,1,4,18000.0
海南,2025,本科批,综合,2428,成都外国语学院,3,15,西班牙语,,不限,1,4,18000.0
海南,2025,本科批,综合,2428,成都外国语学院,3,24,越南语,,不限,1,4,18000.0
海南,2025,本科批,综合,2428,成都外国语学院,3,29,跨境电子商务,,不限,1,4,18000.0
海南,2025,本科批,综合,2428,成都外国语学院,3,26,酒店管理,,不限,1,4,18000.0
海南,2025,本科批,综合,2428,成都外国语学院,3,13,阿拉伯语,,不限,1,4,18000.0
海南,2025,专科批,综合,2428,成都外国语学院,5,36,信息安全技术应用,,不限,5,3,15900.0
海南,2025,专科批,综合,2428,成都外国语学院,5,38,研学旅行管理与服务,,不限,5,3,15900.0
海南,2025,专科批,综合,2428,成都外国语学院,5,39,融媒体技术与运营,,不限,5,3,15900.0
海南,2025,专科批,综合,2428,成都外国语学院,5,40,国际商务,,不限,4,3,15900.0
海南,2025,专科批,综合,2428,成都外国语学院,5,33,民航空中安全保卫,,不限,4,3,15900.0
海南,2025,专科批,综合,2428,成都外国语学院,5,35,空中乘务,,不限,4,3,15900.0
海南,2025,专科批,综合,2428,成都外国语学院,5,37,跨境电子商务,,不限,3,3,15900.0
海南,2025,专科批,综合,2428,成都外国语学院,5,34,计算机网络技术,,不限,2,3,15900.0
海南,2025,本科批,综合,2426,成都文理学院,5,7,汉语言文学,,不限,8,4,18000.0
海南,2025,本科批,综合,2426,成都文理学院,6,8,护理学,,"物理,生物",4,4,18000.0
海南,2025,本科批,综合,2365,成都信息工程大学,2,7,大气科学,,"物理,化学",4,4,6240.0
海南,2025,本科批,综合,2365,成都信息工程大学,80,4,会计学,"(该专业为ACCA班,需另缴10000元/年的培训费；具体详见学校招生章程)",不限,2,4,5760.0
海南,2025,本科批,综合,2365,成都信息工程大学,81,5,国际经济与贸易,"(中外高水平大学学生交流计划,与英国兰卡斯特大学(2+2)模式联合培养；1-2年在成都信息工程大学就读,3-4年须赴英国兰卡斯特大学就读,外方学习期间学费每年约25000英镑,同时须向项目方缴服务费共人民币58000元；详见学校招生章程)",不限,2,4,5760.0
海南,2025,本科批,综合,2365,成都信息工程大学,1,1,旅游管理,,不限,2,4,5760.0
海南,2025,本科批,综合,2365,成都信息工程大学,2,10,气象技术与工程,,"物理,化学",2,4,6240.0
海南,2025,本科批,综合,2365,成都信息工程大学,1,2,物流管理,,不限,2,4,5760.0
海南,2025,本科批,综合,2365,成都信息工程大学,2,8,电子信息工程,,"物理,化学",2,4,6240.0
海南,2025,本科批,综合,2365,成都信息工程大学,2,6,电子科学与技术,,"物理,化学",2,4,6240.0
海南,2025,本科批,综合,2365,成都信息工程大学,2,11,统计学,,"物理,化学",2,4,6240.0
海南,2025,本科批,综合,2365,成都信息工程大学,2,12,软件工程,,"物理,化学",2,4,6240.0
海南,2025,本科批,综合,2365,成都信息工程大学,2,9,通信工程,,"物理,化学",2,4,6240.0
海南,2025,本科批,综合,2365,成都信息工程大学,1,3,财务管理,,不限,1,4,5760.0
海南,2025,本科批,综合,2429,成都医学院,1,1,临床医学,(不招色盲、色弱),"物理,化学",7,5,6670.0
海南,2025,本科批,综合,2425,成都银杏酒店管理学院,1,2,会展经济与管理,"(第一学年在宜宾校区就读,其它学年在成都校区就读)",不限,6,4,15900.0
海南,2025,本科批,综合,2425,成都银杏酒店管理学院,1,4,旅游管理与服务教育,"(第一学年在宜宾校区就读,其它学年在成都校区就读)",不限,6,4,15900.0
海南,2025,本科批,综合,2425,成都银杏酒店管理学院,1,6,人力资源管理,"(第一学年在宜宾校区就读,其它学年在成都校区就读)",不限,5,4,15900.0
海南,2025,本科批,综合,2425,成都银杏酒店管理学院,1,3,市场营销,"(第一学年在宜宾校区就读,其它学年在成都校区就读)",不限,5,4,15900.0
海南,2025,本科批,综合,2425,成都银杏酒店管理学院,2,8,烹饪与营养教育,"(第一、二学年在宜宾校区就读,其它学年在成都校区就读)","物理,生物",5,4,15900.0
海南,2025,本科批,综合,2425,成都银杏酒店管理学院,1,7,物业管理,"(第一学年在宜宾校区就读,其它学年在成都校区就读)",不限,5,4,15900.0
海南,2025,本科批,综合,2425,成都银杏酒店管理学院,1,1,酒店管理,"(第一、二学年在宜宾校区就读,其它学年在成都校区就读)",不限,5,4,15900.0
海南,2025,本科批,综合,2425,成都银杏酒店管理学院,1,5,财务管理,"(第一学年在宜宾校区就读,其它学年在成都校区就读)",不限,3,4,15900.0
海南,2025,本科批,综合,2372,成都中医药大学,3,10,中药学,(不招色盲、色弱),"物理,化学",5,4,6960.0
海南,2025,本科批,综合,2372,成都中医药大学,80,5,市场营销,,不限,5,4,5760.0
海南,2025,本科批,综合,2372,成都中医药大学,3,12,药学,(不招色盲、色弱),"物理,化学",5,4,6960.0
海南,2025,本科批,综合,2372,成都中医药大学,80,4,公共事业管理,,不限,4,4,5760.0
海南,2025,本科批,综合,2372,成都中医药大学,3,14,医学检验技术,(不招色盲、色弱),"物理,化学",4,4,6960.0
海南,2025,本科批,综合,2372,成都中医药大学,81,9,预防医学,(不招色盲、色弱),"物理,化学",4,5,6960.0
海南,2025,本科批,综合,2372,成都中医药大学,1,1,中医学,(不招色盲、色弱),不限,3,5,6960.0
海南,2025,本科批,综合,2372,成都中医药大学,3,11,中药资源与开发,(不招色盲、色弱),"物理,化学",3,4,6960.0
海南,2025,本科批,综合,2372,成都中医药大学,3,13,制药工程,(不招色盲、色弱),"物理,化学",3,4,6240.0
海南,2025,本科批,综合,2372,成都中医药大学,2,7,助产学,(不招色盲、色弱),化学,3,4,6960.0
海南,2025,本科批,综合,2372,成都中医药大学,1,3,中医养生学,(不招色盲、色弱),不限,2,5,6960.0
海南,2025,本科批,综合,2372,成都中医药大学,1,2,中医骨伤科学,(不招色盲、色弱),不限,2,5,6960.0
海南,2025,本科批,综合,2372,成都中医药大学,81,8,临床医学,(不招色盲、色弱),"物理,化学",2,5,6960.0
海南,2025,本科批,综合,2372,成都中医药大学,2,6,护理学,(不招色盲、色弱),化学,10,4,6960.0
海南,2025,本科批,综合,165,承德医学院,1,1,临床医学,(不招色盲、色弱),"物理,化学",3,5,5720.0
海南,2025,专科批,综合,2285,崇左幼儿师范高等专科学校,4,9,小学教育,,不限,5,3,6000.0
海南,2025,专科批,综合,2285,崇左幼儿师范高等专科学校,4,10,小学语文教育,,不限,3,3,6000.0
海南,2025,专科批,综合,2285,崇左幼儿师范高等专科学校,4,11,小学数学教育,,不限,2,3,6000.0
海南,2025,专科批,综合,2285,崇左幼儿师范高等专科学校,4,7,小学科学教育,,不限,2,3,6000.0
海南,2025,专科批,综合,2285,崇左幼儿师范高等专科学校,4,6,小学英语教育,,不限,2,3,6000.0
海南,2025,专科批,综合,2285,崇左幼儿师范高等专科学校,4,5,小学道德与法治教育,,不限,2,3,6000.0
海南,2025,专科批,综合,2285,崇左幼儿师范高等专科学校,4,12,早期教育,,不限,2,3,6500.0
海南,2025,专科批,综合,2285,崇左幼儿师范高等专科学校,4,8,学前教育,(不招色盲、色弱),不限,10,3,6500.0
海南,2025,本科批,综合,2598,楚雄师范学院,3,8,化学,,"物理,化学",5,4,5000.0
海南,2025,本科批,综合,2598,楚雄师范学院,3,9,生物技术,,"物理,化学",5,4,5000.0
海南,2025,本科批,综合,2598,楚雄师范学院,3,7,人工智能,,"物理,化学",4,4,5000.0
海南,2025,本科批,综合,2598,楚雄师范学院,4,10,汉语国际教育,,历史,4,4,4200.0
海南,2025,本科批,综合,2598,楚雄师范学院,4,11,泰语,(商贸服务方向),历史,4,4,4200.0
海南,2025,本科批,综合,2598,楚雄师范学院,2,4,科学教育,,物理,4,4,4200.0
海南,2025,本科批,综合,2598,楚雄师范学院,3,5,数学与应用数学,,"物理,化学",3,4,5000.0
海南,2025,本科批,综合,2598,楚雄师范学院,1,1,社会工作,,不限,3,4,4500.0
海南,2025,本科批,综合,2598,楚雄师范学院,3,6,网络工程,,"物理,化学",3,4,5000.0
海南,2025,本科批,综合,2598,楚雄师范学院,1,3,金融学,,不限,3,4,4500.0
海南,2025,本科批,综合,2598,楚雄师范学院,1,2,会计学,,不限,2,4,4500.0
海南,2025,本科批,综合,2373,川北医学院,2,2,中西医临床医学,(不招色盲、色弱),"物理,生物",5,5,6670.0
海南,2025,本科批,综合,2373,川北医学院,1,1,临床医学,(不招色盲、色弱),"物理,化学",5,5,6670.0
海南,2025,本科批,综合,2586,大理大学,2,5,临床医学,(不招色盲、色弱),"物理,化学",4,5,6000.0
海南,2025,本科批,综合,2586,大理大学,80,4,储能科学与工程,,"物理,化学",2,4,5000.0
海南,2025,本科批,综合,2586,大理大学,1,1,工商管理类,(包含专业:工商管理、财务管理),不限,2,4,4500.0
海南,2025,本科批,综合,2586,大理大学,2,6,康复治疗学,(不招色盲、色弱),"物理,化学",2,4,5500.0
海南,2025,本科批,综合,2586,大理大学,1,3,建筑学,,不限,2,5,5000.0
海南,2025,本科批,综合,2586,大理大学,3,9,思想政治教育,,政治,2,4,4500.0
海南,2025,本科批,综合,2586,大理大学,2,8,智能医学工程,(不招色盲、色弱),"物理,化学",2,4,5500.0
海南,2025,本科批,综合,2586,大理大学,1,2,英语,,不限,2,4,4200.0
海南,2025,本科批,综合,2586,大理大学,2,7,药学,(不招色盲、色弱),"物理,化学",2,4,6000.0
海南,2025,本科批,综合,512,大连财经学院,1,18,法学,,不限,6,4,29000.0
海南,2025,本科批,综合,512,大连财经学院,1,12,国际经济与贸易,,不限,3,4,29000.0
海南,2025,本科批,综合,512,大连财经学院,1,1,会计学,,不限,2,4,29000.0
海南,2025,本科批,综合,512,大连财经学院,1,8,商务英语,,不限,2,4,29000.0
海南,2025,本科批,综合,512,大连财经学院,1,3,审计学,,不限,2,4,29000.0
海南,2025,本科批,综合,512,大连财经学院,2,21,工程造价,,物理,2,4,29000.0
海南,2025,本科批,综合,512,大连财经学院,1,11,市场营销,,不限,2,4,29000.0
海南,2025,本科批,综合,512,大连财经学院,1,7,投资学,,不限,2,4,29000.0
海南,2025,本科批,综合,512,大连财经学院,1,6,税收学,,不限,2,4,29000.0
海南,2025,本科批,综合,512,大连财经学院,1,5,金融学,,不限,2,4,29000.0
海南,2025,本科批,综合,512,大连财经学院,1,16,互联网金融,,不限,1,4,29000.0
海南,2025,本科批,综合,512,大连财经学院,1,10,人力资源管理,,不限,1,4,29000.0
海南,2025,本科批,综合,512,大连财经学院,1,13,供应链管理,,不限,1,4,29000.0
海南,2025,本科批,综合,512,大连财经学院,1,14,信用风险管理与法律防控,,不限,1,4,29000.0
海南,2025,本科批,综合,512,大连财经学院,2,23,大数据管理与应用,,物理,1,4,29000.0
海南,2025,本科批,综合,512,大连财经学院,2,22,工程管理,,物理,1,4,29000.0
海南,2025,本科批,综合,512,大连财经学院,2,25,数字经济,,物理,1,4,29000.0
海南,2025,本科批,综合,512,大连财经学院,1,17,汉语言,,不限,1,4,29000.0
海南,2025,本科批,综合,512,大连财经学院,1,9,物流管理,,不限,1,4,29000.0
海南,2025,本科批,综合,512,大连财经学院,1,19,电子商务,,不限,1,4,29000.0
海南,2025,本科批,综合,512,大连财经学院,2,24,经济统计学,,物理,1,4,29000.0
海南,2025,本科批,综合,512,大连财经学院,1,15,网络与新媒体,,不限,1,4,29000.0
海南,2025,本科批,综合,512,大连财经学院,1,2,财务管理,,不限,1,4,29000.0
海南,2025,本科批,综合,512,大连财经学院,1,4,资产评估,,不限,1,4,29000.0
海南,2025,本科批,综合,512,大连财经学院,2,20,金融工程,,物理,1,4,29000.0
海南,2025,本科批,综合,479,大连大学,2,13,工程管理,,物理,6,4,5200.0
海南,2025,本科批,综合,479,大连大学,1,8,旅游管理,,不限,6,4,5200.0
海南,2025,本科批,综合,479,大连大学,3,18,材料成型及控制工程,,"物理,化学",6,4,5200.0
海南,2025,本科批,综合,479,大连大学,80,15,医学检验技术,(不招色盲、色弱),"物理,化学",5,4,5500.0
海南,2025,本科批,综合,479,大连大学,1,11,英语,,不限,5,4,4500.0
海南,2025,本科批,综合,479,大连大学,1,7,国际经济与贸易,,不限,4,4,5200.0
海南,2025,本科批,综合,479,大连大学,3,17,土木工程,,"物理,化学",4,4,5200.0
海南,2025,本科批,综合,479,大连大学,2,12,建筑学,,物理,4,5,5200.0
海南,2025,本科批,综合,479,大连大学,3,14,机械设计制造及其自动化,,"物理,化学",4,4,5200.0
海南,2025,本科批,综合,479,大连大学,3,19,物理学,(师范),"物理,化学",4,4,5200.0
海南,2025,本科批,综合,479,大连大学,1,4,历史学,,不限,3,4,4800.0
海南,2025,本科批,综合,479,大连大学,80,16,口腔医学,(不招色盲、色弱),"物理,化学",3,5,5500.0
海南,2025,本科批,综合,479,大连大学,1,6,小学教育,(师范),不限,3,4,4800.0
海南,2025,本科批,综合,479,大连大学,1,2,市场营销,,不限,3,4,5200.0
海南,2025,本科批,综合,479,大连大学,1,1,会计学,,不限,2,4,5200.0
海南,2025,本科批,综合,479,大连大学,1,5,汉语国际教育,,不限,2,4,4800.0
海南,2025,本科批,综合,479,大连大学,1,3,汉语言文学,,不限,2,4,4800.0
海南,2025,本科批,综合,479,大连大学,81,9,会计学,(中外合作办学),不限,12,4,38000.0
海南,2025,本科批,综合,479,大连大学,81,10,旅游管理,(中外合作办学),不限,12,4,38000.0
海南,2025,本科批,综合,519,大连东软信息学院,1,4,智能医学工程,,"物理,化学",15,4,28000.0
海南,2025,本科批,综合,519,大连东软信息学院,1,1,电子信息工程,,"物理,化学",14,4,28000.0
海南,2025,本科批,综合,519,大连东软信息学院,1,2,通信工程,,"物理,化学",14,4,28000.0
海南,2025,本科批,综合,519,大连东软信息学院,1,3,计算机科学与技术,,"物理,化学",10,4,28000.0
海南,2025,本科批,综合,505,大连工业大学艺术与信息工程学院,1,5,网络与新媒体,,不限,4,4,27500.0
海南,2025,本科批,综合,505,大连工业大学艺术与信息工程学院,1,1,国际经济与贸易,,不限,3,4,28000.0
海南,2025,本科批,综合,505,大连工业大学艺术与信息工程学院,1,3,互联网金融,,不限,2,4,28000.0
海南,2025,本科批,综合,505,大连工业大学艺术与信息工程学院,1,2,工商管理,,不限,2,4,28000.0
海南,2025,本科批,综合,505,大连工业大学艺术与信息工程学院,1,6,汉语言文学,,不限,2,4,27500.0
海南,2025,本科批,综合,505,大连工业大学艺术与信息工程学院,1,4,英语,,不限,2,4,27500.0
海南,2025,本科批,综合,445,大连海事大学,2,4,金融工程,,物理,6,4,5200.0
海南,2025,本科批,综合,445,大连海事大学,2,5,物流管理,,物理,5,4,5200.0
海南,2025,本科批,综合,445,大连海事大学,2,3,管理科学与工程类,(包含专业:信息管理与信息系统、大数据管理与应用、电子商务),物理,5,4,5200.0
海南,2025,本科批,综合,445,大连海事大学,3,11,交通运输类,(包含专业:交通运输、物流工程、材料科学与工程、土木工程、交通工程),"物理,化学",4,4,5980.0
海南,2025,本科批,综合,445,大连海事大学,2,6,供应链管理,,物理,4,4,5200.0
海南,2025,本科批,综合,445,大连海事大学,3,8,电子信息类,(包含专业:电子信息工程、电子信息科学与技术、通信工程、光电信息科学与工程),"物理,化学",4,4,5980.0
海南,2025,本科批,综合,445,大连海事大学,3,10,数学类,(包含专业:数学与应用数学、统计学),"物理,化学",3,4,5200.0
海南,2025,本科批,综合,445,大连海事大学,3,9,自动化类,(包含专业:自动化、电气工程及其自动化、测控技术与仪器),"物理,化学",3,4,5200.0
海南,2025,本科批,综合,445,大连海事大学,3,7,计算机类,(包含专业:计算机科学与技术、软件工程、数据科学与大数据技术、网络工程、智能科学与技术),"物理,化学",3,4,5200.0
海南,2025,本科提前批,综合,445,大连海事大学,1,2,航海技术,"(1.要求辨色力正常(无色盲无色弱),无复视；身高165cm及以上；双眼裸视力均达4.7及以上,或双眼裸视力均达4.0及以上且矫正视力均达4.8及以上；2.应达到特殊类型招生相应最低录取控制分数线；3.工作性质特殊,不宜女生报考；4.教学外语课程主要开设英语课；5.其它见招生章程)","物理,化学",4,4,5200.0
海南,2025,本科提前批,综合,445,大连海事大学,1,1,轮机工程,"(海上专业)(1.要求无红绿色盲,无复视；身高160cm及以上；双眼裸视力均达4.6及以上,或双眼裸视力均达4.0及以上且矫正视力均达4.6及以上；2.应达到特殊类型招生相应最低录取控制分数线；3.工作性质特殊,不宜女生报考；4.教学外语课程主要开设英语课；5.其它见招生章程)","物理,化学",4,4,5200.0
海南,2025,本科批,综合,450,大连海洋大学,80,3,水产养殖学,(不招色盲、色弱),"物理,化学",2,4,5200.0
海南,2025,本科批,综合,450,大连海洋大学,1,2,水族科学与技术,,"物理,化学",2,4,5200.0
海南,2025,本科批,综合,450,大连海洋大学,80,5,海洋技术,(不招色盲、色弱),"物理,化学",2,4,5200.0
海南,2025,本科批,综合,450,大连海洋大学,1,4,海洋资源与环境,,"物理,化学",2,4,5200.0
海南,2025,本科批,综合,450,大连海洋大学,1,1,港口航道与海岸工程,,"物理,化学",2,4,5200.0
海南,2025,本科批,综合,444,大连交通大学,1,4,车辆工程,,"物理,化学",2,4,5200.0
海南,2025,本科批,综合,444,大连交通大学,1,3,安全工程,,"物理,化学",1,4,5200.0
海南,2025,本科批,综合,444,大连交通大学,1,1,机械工程,,"物理,化学",1,4,5200.0
海南,2025,本科批,综合,444,大连交通大学,1,2,材料成型及控制工程,,"物理,化学",1,4,5200.0
海南,2025,本科批,综合,506,大连科技学院,1,2,审计学,,不限,5,4,27000.0
海南,2025,本科批,综合,506,大连科技学院,1,8,日语,,不限,5,4,26000.0
海南,2025,本科批,综合,506,大连科技学院,1,1,会计学,,不限,10,4,27000.0
海南,2025,本科批,综合,506,大连科技学院,1,5,劳动与社会保障,,不限,10,4,26000.0
海南,2025,本科批,综合,506,大连科技学院,1,4,工商管理,,不限,10,4,26000.0
海南,2025,本科批,综合,506,大连科技学院,1,3,物流管理,,不限,10,4,27000.0
海南,2025,本科批,综合,506,大连科技学院,1,6,社会工作,,不限,10,4,26000.0
海南,2025,本科批,综合,506,大连科技学院,1,7,英语,,不限,10,4,26000.0
海南,2025,本科批,综合,549,大连理工大学,2,2,能源化学工程,(含能源化学工程、化学工程与工业生物工程；不招色盲、色弱),"物理,化学",7,4,6240.0
海南,2025,本科批,综合,435,大连理工大学,2,3,人工智能,"(新工科大师班)(全校理工类专业任选,院士及国家级人才担任导师,量身定制培养方案,行业领军企业实习；专业确认后按专业标准收费)","物理,化学",3,4,6240.0
海南,2025,本科批,综合,549,大连理工大学,1,1,经济学类,(包含专业:电子商务、经济学),物理,3,4,6240.0
海南,2025,本科批,综合,435,大连理工大学,2,2,人工智能,"(未来技术班)(智能+工程培养:低年级人工智能通识培养,高年级按学生意愿向人工智能、智能制造工程、智能车辆工程、智能分子工程、生物工程、智能建造专业分流)","物理,化学",2,4,6240.0
海南,2025,本科批,综合,435,大连理工大学,2,4,计算机科学与技术,(国家基础学科拔尖计划班)(不招色盲；国家拔尖计划2.0基地；入选教育部“101计划”；2025年与美国加州大学欧文分校、美国伊利诺伊大学芝加哥分校(UIC)、英国布里斯托大学有联合培养项目),"物理,化学",1,4,6240.0
海南,2025,国家专项,综合,435,大连理工大学,1,1,大数据管理与应用,"(含大数据管理与应用、信息管理与信息系统,上述两个专业分流任选；2025年与新加坡国立大学、新加坡南洋理工大学、英国布里斯托大学、德国亚琛工业大学有联合培养项目)",物理,1,4,6240.0
海南,2025,本科批,综合,485,大连民族大学,3,8,汉语言文学,,历史,3,4,4800.0
海南,2025,本科批,综合,485,大连民族大学,1,1,机械设计制造及其自动化,(新工科实验班),"物理,化学",2,4,5200.0
海南,2025,本科批,综合,485,大连民族大学,1,5,电子信息工程,,"物理,化学",2,4,5200.0
海南,2025,本科批,综合,485,大连民族大学,1,4,通信工程,,"物理,化学",2,4,5200.0
海南,2025,本科批,综合,485,大连民族大学,2,7,生物工程,,"物理,化学,生物",1,4,5200.0
海南,2025,本科批,综合,485,大连民族大学,1,2,自动化,,"物理,化学",1,4,5200.0
海南,2025,本科批,综合,485,大连民族大学,1,3,计算机科学与技术,,"物理,化学",1,4,5200.0
海南,2025,本科批,综合,485,大连民族大学,2,6,食品科学与工程,(新工科实验班),"物理,化学,生物",1,4,5200.0
海南,2025,本科批,综合,462,大连外国语大学,1,3,俄语,,不限,3,4,8000.0
海南,2025,本科批,综合,462,大连外国语大学,1,5,德语,,不限,3,4,8000.0
海南,2025,本科批,综合,462,大连外国语大学,1,1,日语,,不限,3,4,8000.0
海南,2025,本科批,综合,462,大连外国语大学,1,2,英语,,不限,3,4,8000.0
海南,2025,本科批,综合,462,大连外国语大学,1,4,法语,,不限,2,4,8000.0
海南,2025,本科批,综合,462,大连外国语大学,2,11,国际事务与国际关系,,政治,1,4,8000.0
海南,2025,本科批,综合,462,大连外国语大学,1,9,意大利语,,不限,1,4,8000.0
海南,2025,本科批,综合,462,大连外国语大学,1,6,朝鲜语,,不限,1,4,8000.0
海南,2025,本科批,综合,462,大连外国语大学,1,10,汉语国际教育,,不限,1,4,8000.0
海南,2025,本科批,综合,462,大连外国语大学,1,8,葡萄牙语,,不限,1,4,8000.0
海南,2025,本科批,综合,462,大连外国语大学,1,7,西班牙语,,不限,1,4,8000.0
海南,2025,本科批,综合,453,大连医科大学,1,2,临床医学,,"物理,化学",9,5,5500.0
海南,2025,本科批,综合,453,大连医科大学,1,4,中西医临床医学,,"物理,化学",2,5,5500.0
海南,2025,本科批,综合,453,大连医科大学,80,1,临床医学,(5+3一体化),"物理,化学",2,5,5500.0
海南,2025,本科批,综合,453,大连医科大学,1,3,口腔医学,,"物理,化学",2,5,5500.0
海南,2025,专科批,综合,2472,德阳城市轨道交通职业学院,2,8,人工智能技术应用,,不限,15,3,13990.0
海南,2025,专科批,综合,2472,德阳城市轨道交通职业学院,2,13,城市轨道交通车辆制造与维护,,不限,15,3,13990.0
海南,2025,专科批,综合,2472,德阳城市轨道交通职业学院,2,9,城市轨道交通运营管理,,不限,15,3,12720.0
海南,2025,专科批,综合,2472,德阳城市轨道交通职业学院,2,11,城市轨道交通通信信号技术,,不限,15,3,13990.0
海南,2025,专科批,综合,2472,德阳城市轨道交通职业学院,2,16,无人机测绘技术,,不限,15,3,13200.0
海南,2025,专科批,综合,2472,德阳城市轨道交通职业学院,2,12,电气自动化技术,,不限,15,3,13990.0
海南,2025,专科批,综合,2472,德阳城市轨道交通职业学院,2,4,融媒体技术与运营,,不限,15,3,
海南,2025,专科批,综合,2472,德阳城市轨道交通职业学院,2,14,计算机应用技术,,不限,15,3,13990.0
海南,2025,专科批,综合,2472,德阳城市轨道交通职业学院,2,7,铁道车辆技术,,不限,15,3,13990.0
海南,2025,专科批,综合,2472,德阳城市轨道交通职业学院,2,6,高速铁路综合维修技术,,不限,15,3,13990.0
海南,2025,专科批,综合,2472,德阳城市轨道交通职业学院,2,10,会计信息管理,,不限,10,3,12500.0
海南,2025,专科批,综合,2472,德阳城市轨道交通职业学院,2,3,市政工程技术,,不限,10,3,13990.0
海南,2025,专科批,综合,2472,德阳城市轨道交通职业学院,2,15,新能源汽车技术,,不限,10,3,13990.0
海南,2025,专科批,综合,2472,德阳城市轨道交通职业学院,2,5,道路工程造价,,不限,10,3,13990.0
海南,2025,专科批,综合,2487,德阳农业科技职业学院,3,5,护理,,不限,3,3,16600.0
海南,2025,专科批,综合,2487,德阳农业科技职业学院,3,4,供用电技术,,不限,2,3,15700.0
海南,2025,专科批,综合,2487,德阳农业科技职业学院,3,10,无人机应用技术,,不限,2,3,16600.0
海南,2025,专科批,综合,2487,德阳农业科技职业学院,3,8,烹饪工艺与营养,,不限,2,3,16600.0
海南,2025,专科批,综合,2487,德阳农业科技职业学院,3,11,物联网应用技术,,不限,2,3,15700.0
海南,2025,专科批,综合,2487,德阳农业科技职业学院,3,9,设施农业与装备,,不限,2,3,16600.0
海南,2025,专科批,综合,2487,德阳农业科技职业学院,3,6,连锁经营与管理,,不限,2,3,16600.0
海南,2025,专科批,综合,2487,德阳农业科技职业学院,3,7,酿酒技术,,不限,2,3,16600.0
海南,2025,本科批,综合,1417,德州学院,2,2,自然地理与资源环境,,地理,5,4,5500.0
海南,2025,本科批,综合,1417,德州学院,1,1,英语,(师范),不限,5,4,4400.0
海南,2025,本科批,综合,2617,滇池学院,3,10,社会工作,,不限,3,4,22000.0
海南,2025,本科批,综合,2617,滇池学院,3,16,人居环境科学与技术,,不限,2,4,22000.0
海南,2025,本科批,综合,2617,滇池学院,5,22,人工智能,,"物理,化学",2,4,22000.0
海南,2025,本科批,综合,2617,滇池学院,3,13,会计学,,不限,2,4,22000.0
海南,2025,本科批,综合,2617,滇池学院,5,24,土木工程,,"物理,化学",2,4,22000.0
海南,2025,本科批,综合,2617,滇池学院,3,17,城乡规划,,不限,2,4,22000.0
海南,2025,本科批,综合,2617,滇池学院,5,20,数学与应用数学,,"物理,化学",2,4,22000.0
海南,2025,本科批,综合,2617,滇池学院,3,14,新闻传播学类,(包含专业:新闻学、广播电视学、广告学),不限,2,4,20000.0
海南,2025,本科批,综合,2617,滇池学院,6,25,汉语言文学,,历史,2,4,20000.0
海南,2025,本科批,综合,2617,滇池学院,3,11,法学,,不限,2,4,22000.0
海南,2025,本科批,综合,2617,滇池学院,3,15,泰语,,不限,2,4,20000.0
海南,2025,本科批,综合,2617,滇池学院,3,12,行政管理,,不限,2,4,22000.0
海南,2025,本科批,综合,2617,滇池学院,3,9,金融学,,不限,2,4,22000.0
海南,2025,本科批,综合,2617,滇池学院,3,18,建筑学,,不限,1,4,22000.0
海南,2025,本科批,综合,2617,滇池学院,4,19,数字经济,,物理,1,4,22000.0
海南,2025,本科批,综合,2617,滇池学院,5,23,数据科学与大数据技术,,"物理,化学",1,4,22000.0
海南,2025,本科批,综合,2617,滇池学院,6,26,汉语国际教育,,历史,1,4,20000.0
海南,2025,本科批,综合,2617,滇池学院,5,21,电子信息工程,,"物理,化学",1,4,22000.0
海南,2025,本科批,综合,2658,滇西应用技术大学,1,2,跨境电子商务,,不限,2,4,4500.0
海南,2025,本科批,综合,2658,滇西应用技术大学,1,1,酒店管理,,不限,2,4,4500.0
海南,2025,本科批,综合,2496,电子科技大学,1,1,电子信息类,(中外合作办学)(办学地点在海南陵水黎安国际教育创新试验区；包含专业:通信工程、电子信息工程),"物理,化学",5,4,100000.0
海南,2025,本科批,综合,2361,电子科技大学,2,7,电子信息类,(电子信息与物理科学复合培养)(包含专业:电子信息科学与技术、应用物理学),"物理,化学",3,4,6500.0
海南,2025,本科批,综合,2361,电子科技大学,2,3,工科试验班,(电子工程类)(包含专业:电子科学与技术、电磁场与无线技术),"物理,化学",2,4,6500.0
海南,2025,本科批,综合,2361,电子科技大学,2,5,工科试验班,(机器人、电气信息、智能制造)(包含专业:机械设计制造及其自动化、电气工程及其自动化、智能电网信息工程、工业工程、机器人工程),"物理,化学",2,4,6500.0
海南,2025,本科批,综合,2361,电子科技大学,2,2,电子信息类,(信息与通信)(包含专业:电子信息工程、通信工程、信息对抗技术、网络工程、物联网工程),"物理,化学",2,4,6500.0
海南,2025,本科批,综合,2361,电子科技大学,2,6,电子信息类,(智能仪器、智能控制)(包含专业:自动化、测控技术与仪器),"物理,化学",2,4,6500.0
海南,2025,本科批,综合,2361,电子科技大学,2,4,集成电路设计与集成系统,(国家示范性微电子学院),"物理,化学",2,4,9800.0
海南,2025,国家专项,综合,2361,电子科技大学,1,1,计算机类,(包含专业:计算机科学与技术、网络空间安全、数据科学与大数据技术、人工智能),"物理,化学",1,4,6500.0
海南,2025,本科批,综合,2422,电子科技大学成都学院,1,4,人力资源管理,(成都校区),不限,4,4,17400.0
海南,2025,本科批,综合,2422,电子科技大学成都学院,1,2,国际经济与贸易,(成都校区),不限,4,4,17400.0
海南,2025,本科批,综合,2422,电子科技大学成都学院,1,3,审计学,(成都校区),不限,4,4,17400.0
海南,2025,本科批,综合,2422,电子科技大学成都学院,1,5,投资学,(成都校区),不限,4,4,17400.0
海南,2025,本科批,综合,2422,电子科技大学成都学院,1,1,电子商务,(成都校区),不限,4,4,17400.0
海南,2025,本科批,综合,2422,电子科技大学成都学院,2,6,信息管理与信息系统,(成都校区),物理,3,4,17400.0
海南,2025,本科批,综合,2422,电子科技大学成都学院,3,13,应用统计学,(成都校区),"物理,化学",3,4,17400.0
海南,2025,本科批,综合,2422,电子科技大学成都学院,3,12,微电子科学与工程,(成都校区),"物理,化学",3,4,17400.0
海南,2025,本科批,综合,2422,电子科技大学成都学院,3,9,智能科学与技术,(成都校区),"物理,化学",3,4,17400.0
海南,2025,本科批,综合,2422,电子科技大学成都学院,3,18,机器人工程,(成都校区),"物理,化学",3,4,17400.0
海南,2025,本科批,综合,2422,电子科技大学成都学院,3,15,机械设计制造及其自动化,(成都校区),"物理,化学",3,4,17400.0
海南,2025,本科批,综合,2422,电子科技大学成都学院,3,11,电气工程及其自动化,(成都校区),"物理,化学",3,4,17400.0
海南,2025,本科批,综合,2422,电子科技大学成都学院,3,7,网络工程,(成都校区),"物理,化学",3,4,17400.0
海南,2025,本科批,综合,2422,电子科技大学成都学院,3,14,计算机科学与技术,(成都校区),"物理,化学",3,4,17400.0
海南,2025,本科批,综合,2422,电子科技大学成都学院,3,16,软件工程,(成都校区),"物理,化学",3,4,17400.0
海南,2025,本科批,综合,2422,电子科技大学成都学院,3,10,通信工程,(成都校区),"物理,化学",3,4,17400.0
海南,2025,本科批,综合,2422,电子科技大学成都学院,3,8,集成电路设计与集成系统,(成都校区),"物理,化学",3,4,17400.0
海南,2025,本科批,综合,2422,电子科技大学成都学院,3,17,飞行器制造工程,(什邡校区),"物理,化学",3,4,16500.0
海南,2025,本科批,综合,2422,电子科技大学成都学院,3,19,飞行器动力工程,(什邡校区),"物理,化学",3,4,17400.0
海南,2025,本科批,综合,463,东北财经大学,2,6,商务英语,,不限,2,4,5100.0
海南,2025,本科批,综合,463,东北财经大学,2,4,国际经济与贸易,,不限,2,4,5720.0
海南,2025,本科批,综合,463,东北财经大学,2,8,市场营销,(与经济统计双学士学位)(市场营销-经济统计学双学士学位),不限,2,4,5200.0
海南,2025,本科批,综合,463,东北财经大学,2,5,新闻传播学类,(包含专业:新闻学、广告学；学生大学二年级依据个人意愿、学习成绩、综合表现和学校相关规定在所录取专业类内确定专业),不限,2,4,4800.0
海南,2025,本科批,综合,463,东北财经大学,2,7,日语,,不限,2,4,5100.0
海南,2025,本科批,综合,463,东北财经大学,2,10,物流管理,,不限,2,4,5200.0
海南,2025,本科批,综合,463,东北财经大学,2,9,电子商务,,不限,2,4,5200.0
海南,2025,本科批,综合,463,东北财经大学,3,12,管理科学与工程类,(包含专业:工程管理、房地产开发与管理；学生大学二年级依据个人意愿、学习成绩、综合表现和学校相关规定在所录取专业类内确定专业),物理,2,4,5200.0
海南,2025,本科批,综合,463,东北财经大学,2,2,法学,,不限,1,4,4800.0
海南,2025,本科批,综合,463,东北财经大学,2,3,金融学类,(包含专业:金融学、投资学；学生大学二年级依据个人意愿、学习成绩、综合表现和学校相关规定在所录取专业类内确定专业),不限,1,4,5720.0
海南,2025,本科批,综合,463,东北财经大学,3,11,金融科技,,物理,1,4,5200.0
海南,2025,国家专项,综合,463,东北财经大学,1,1,管理科学与工程类,(包含专业:工程管理、房地产开发与管理；学生大学二年级依据个人意愿、学习成绩、综合表现和学校相关规定在所录取专业类内确定专业),物理,1,4,5200.0
海南,2025,本科批,综合,439,东北大学,3,7,电子信息类,(包含专业:电子信息工程、通信工程；入学后部分课程采用英文教材和英语授课),"物理,化学",5,4,6240.0
海南,2025,本科批,综合,439,东北大学,2,3,经济管理试验班,(包含专业:工商管理、市场营销、会计学、工业工程、信息管理与信息系统、金融学、经济学；入学后部分课程采用英文教材和英语授课),物理,5,4,6240.0
海南,2025,本科批,综合,439,东北大学,3,5,自动化类,(包含专业:自动化、电气工程及其自动化、测控技术与仪器、电子科学与技术、工业智能；入学后部分课程采用英文教材和英语授课),"物理,化学",5,4,6240.0
海南,2025,本科批,综合,439,东北大学,3,8,计算机类,"(包含专业:软件工程、信息安全、数字媒体技术；入学后部分课程采用英文教材和英语授课；学年学费标准大一大二5200元/年,大三大四16000元/年)","物理,化学",5,4,16000.0
海南,2025,本科批,综合,439,东北大学,3,6,机械类,(包含专业:机械工程、过程装备与控制工程、车辆工程、工业设计),"物理,化学",4,4,6240.0
海南,2025,本科批,综合,439,东北大学,3,4,智能制造工程,,"物理,化学",2,4,6240.0
海南,2025,国家专项,综合,439,东北大学,1,1,化学类,(包含专业:化学、应用化学；入学后部分课程采用英文教材和英语授课),"物理,化学",1,4,6240.0
海南,2025,国家专项,综合,439,东北大学,1,2,材料类,(包含专业:材料科学与工程、材料成型及控制工程、材料物理),"物理,化学",1,4,6240.0
海南,2025,本科民族班、预科班,综合,439,东北大学,4,9,少数民族预科班,"(不招单色识别不全者,专业体检要求详见招生章程；预科结业时根据高考成绩、预科阶段学业成绩和表现转入到:信息管理与信息系统1人、工业工程1人；入学后部分课程采用英文教材和英语授课；预科培养地点:东北大学)",物理,2,1,5760.0
海南,2025,本科批,综合,283,东北大学秦皇岛分校,1,3,经济学类,(包含专业:经济学、金融学、国际经济与贸易),不限,6,4,6240.0
海南,2025,本科批,综合,283,东北大学秦皇岛分校,1,2,外国语言文学类,(包含专业:英语、日语),不限,4,4,6240.0
海南,2025,本科批,综合,283,东北大学秦皇岛分校,1,1,工商管理类,(包含专业:工商管理、会计学、健康服务与管理),不限,4,4,6240.0
海南,2025,本科批,综合,283,东北大学秦皇岛分校,2,4,信息管理与信息系统,,物理,2,4,6240.0
海南,2025,本科批,综合,283,东北大学秦皇岛分校,3,12,数学类,(包含专业:数学与应用数学、应用统计学、数据科学与大数据技术),"物理,化学",2,4,6240.0
海南,2025,本科批,综合,283,东北大学秦皇岛分校,3,13,材料类,(包含专业:材料成型及控制工程、材料科学与工程、冶金工程、资源勘查工程、环境工程),"物理,化学",2,4,6240.0
海南,2025,本科批,综合,283,东北大学秦皇岛分校,3,14,电子信息工程,,"物理,化学",2,4,6240.0
海南,2025,本科批,综合,283,东北大学秦皇岛分校,2,5,电子商务,,物理,2,4,6240.0
海南,2025,本科批,综合,283,东北大学秦皇岛分校,3,11,计算机科学与技术,,"物理,化学",2,4,6240.0
海南,2025,本科批,综合,283,东北大学秦皇岛分校,3,15,通信工程,,"物理,化学",2,4,6240.0
海南,2025,本科批,综合,283,东北大学秦皇岛分校,3,6,仪器类,(智能光电感知)(包含专业:测控技术与仪器、光电信息科学与工程),"物理,化学",1,4,6240.0
海南,2025,本科批,综合,283,东北大学秦皇岛分校,3,8,智能感知工程,,"物理,化学",1,4,6240.0
海南,2025,本科批,综合,283,东北大学秦皇岛分校,3,10,机械电子工程,,"物理,化学",1,4,6240.0
海南,2025,本科批,综合,283,东北大学秦皇岛分校,3,9,机械类,(包含专业:机械工程、车辆工程),"物理,化学",1,4,6240.0
海南,2025,本科批,综合,283,东北大学秦皇岛分校,3,7,自动化类,(包含专业:自动化、电气工程及其自动化),"物理,化学",1,4,6240.0
海南,2025,本科批,综合,554,东北电力大学,1,2,电气工程及其自动化,,"物理,化学",4,4,5940.0
海南,2025,本科批,综合,554,东北电力大学,1,3,核工程与核技术,,"物理,化学",2,4,5940.0
海南,2025,本科批,综合,554,东北电力大学,80,5,电气工程及其自动化,(中外合作办学),"物理,化学",2,4,50000.0
海南,2025,本科批,综合,554,东北电力大学,1,1,能源与动力工程,,"物理,化学",1,4,5940.0
海南,2025,本科批,综合,554,东北电力大学,1,4,自动化,,"物理,化学",1,4,5940.0
海南,2025,本科批,综合,629,东北林业大学,1,2,工商管理类,(包含专业:工商管理、市场营销、会计学、农林经济管理),不限,4,4,3500.0
海南,2025,本科批,综合,629,东北林业大学,2,11,土木工程,(国家级“卓越工程师教育培养计划”),"物理,化学",3,4,4800.0
海南,2025,本科批,综合,629,东北林业大学,1,1,风景园林,,不限,3,4,4000.0
海南,2025,本科批,综合,629,东北林业大学,80,24,工程管理,"(中外合作办学)(该专业与英国阿斯顿大学合作办学,学生三年在我校学习,一年赴阿斯顿大学学习,符合毕业要求和学位授予条件者可获我校本科毕业证书、学士学位证书以及阿斯顿大学学士学位证书；部分课程以英语授课)","物理,化学",2,4,35000.0
海南,2025,本科批,综合,629,东北林业大学,2,8,木材科学与工程,(国家级“卓越工程师教育培养计划”),"物理,化学",2,4,3500.0
海南,2025,本科批,综合,629,东北林业大学,2,10,机械设计制造及其自动化,,"物理,化学",2,4,3500.0
海南,2025,本科批,综合,629,东北林业大学,2,16,生物科学类,(包含专业:生物科学(国家理科基础科学研究和教学人才培养基地)、生物技术(国家生命科学与技术人才培养基地)、生物技术),"物理,化学",2,4,5400.0
海南,2025,本科批,综合,629,东北林业大学,2,14,电子信息类,(包含专业:电子信息工程、通信工程),"物理,化学",2,4,4800.0
海南,2025,本科批,综合,629,东北林业大学,2,15,电气类,(包含专业:电气工程及其自动化、自动化),"物理,化学",2,4,4000.0
海南,2025,本科批,综合,629,东北林业大学,1,7,社会工作,,不限,2,4,4000.0
海南,2025,本科批,综合,629,东北林业大学,2,12,计算机类,(包含专业:计算机科学与技术、软件工程),"物理,化学",2,4,4000.0
海南,2025,本科批,综合,629,东北林业大学,80,25,化学,"(中外合作办学)(该专业与新西兰奥克兰大学合作办学,选择“4+0”培养模式学生,符合毕业条件可获得我校本科毕业证书、学士学位证书；选择“3+2”培养模式学生,符合毕业条件可获得我校本科毕业证书、学士学位证书和奥克兰大学的硕士学位证书；部分课程以英语授课)","物理,化学",1,4,60000.0
海南,2025,本科批,综合,629,东北林业大学,2,9,国家公园建设与管理,,"物理,化学",1,4,5000.0
海南,2025,本科批,综合,629,东北林业大学,2,22,家具设计与工程,,"物理,化学",1,4,5500.0
海南,2025,本科批,综合,629,东北林业大学,2,21,工程管理,,"物理,化学",1,4,3500.0
海南,2025,本科批,综合,629,东北林业大学,1,4,广告学,,不限,1,4,8000.0
海南,2025,本科批,综合,629,东北林业大学,2,13,数据科学与大数据技术,,"物理,化学",1,4,5500.0
海南,2025,本科批,综合,629,东北林业大学,1,6,日语,,不限,1,4,4000.0
海南,2025,本科批,综合,629,东北林业大学,2,19,智慧林业,"(拔尖人才成栋班)(“4+X”全链条人才培养模式,精英化培养)","物理,化学",1,4,5000.0
海南,2025,本科批,综合,629,东北林业大学,2,20,机器人工程,,"物理,化学",1,4,5500.0
海南,2025,本科批,综合,629,东北林业大学,2,18,机械电子工程,,"物理,化学",1,4,3500.0
海南,2025,本科批,综合,629,东北林业大学,2,17,林学类,(包含专业:林学、森林保护；国家级“卓越农林人才教育培养计划”),"物理,化学",1,4,3000.0
海南,2025,本科批,综合,629,东北林业大学,1,3,法学,,不限,1,4,4000.0
海南,2025,本科批,综合,629,东北林业大学,1,5,英语,,不限,1,4,4000.0
海南,2025,本科批,综合,629,东北林业大学,80,23,计算机科学与技术,"(中外合作办学)(该专业与新西兰奥克兰大学合作办学,选择“4+0”培养模式学生,符合毕业条件可获得我校本科毕业证书、学士学位证书；选择“3+2”培养模式学生,符合毕业条件可获得我校本科毕业证书、学士学位证书和奥克兰大学的硕士学位证书；部分课程以英语授课)","物理,化学",1,4,60000.0
海南,2025,本科批,综合,628,东北农业大学,2,10,食品科学与工程类,(包含专业:食品科学与工程、食品质量与安全、粮食工程、乳品工程、食品营养与健康；不招色弱、色盲、单色识别不全者),"物理,化学",6,4,5500.0
海南,2025,本科批,综合,628,东北农业大学,1,3,工商管理类,(包含专业:工商管理、会计学、市场营销、人力资源管理；不招单色识别不全者),不限,5,4,4000.0
海南,2025,本科批,综合,628,东北农业大学,2,11,水利类,(包含专业:水利水电工程、水文与水资源工程、农业水利工程),"物理,化学",5,4,5000.0
海南,2025,本科批,综合,628,东北农业大学,2,9,生物科学类,(包含专业:生物科学、生物技术、生物工程；不招色弱、色盲、单色识别不全者),"物理,化学",5,4,4500.0
海南,2025,本科批,综合,628,东北农业大学,2,8,计算机类,(包含专业:计算机科学与技术、物联网工程、人工智能),"物理,化学",5,4,5500.0
海南,2025,本科批,综合,628,东北农业大学,1,1,金融学类,(包含专业:金融学、保险学、国际经济与贸易),不限,5,4,3500.0
海南,2025,本科批,综合,628,东北农业大学,2,5,动物医学,(不招色弱、色盲、单色识别不全者),"物理,化学",3,5,3000.0
海南,2025,本科批,综合,628,东北农业大学,2,7,工程管理,(不招单色识别不全者),"物理,化学",3,4,3500.0
海南,2025,本科批,综合,628,东北农业大学,2,6,能源动力类,(包含专业:新能源科学与工程、农业建筑环境与能源工程),"物理,化学",3,4,5500.0
海南,2025,本科批,综合,628,东北农业大学,1,2,风景园林,,不限,3,4,4000.0
海南,2025,本科批,综合,628,东北农业大学,1,4,英语,,不限,2,4,4000.0
海南,2025,本科提前批,综合,560,东北师范大学,2,3,汉语言文学,(国家公费师范生)(属国家公费师范生计划；本研衔接；履约任教到三亚市1名、定安县1名、陵水县1名),不限,3,4,
海南,2025,本科提前批,综合,560,东北师范大学,2,2,英语,(国家公费师范生)(属国家公费师范生计划；本研衔接；履约任教到三亚市1名、儋州市1名、东方市1名),不限,3,4,
海南,2025,本科提前批,综合,560,东北师范大学,4,7,化学,(国家公费师范生)(属国家公费师范生计划；本研衔接；履约任教到海口市1名、三亚市1名),"物理,化学",2,4,
海南,2025,本科提前批,综合,560,东北师范大学,2,4,学前教育,(国家公费师范生)(属国家公费师范生计划；本研衔接；履约任教到海口市1名、三亚市1名),不限,2,4,
海南,2025,本科提前批,综合,560,东北师范大学,4,6,数学与应用数学,(国家公费师范生)(属国家公费师范生计划；本研衔接；履约任教到儋州市1名、万宁市1名),"物理,化学",2,4,
海南,2025,本科提前批,综合,560,东北师范大学,4,8,生物科学,(国家公费师范生)(属国家公费师范生计划；本研衔接；履约任教到海口市1名、昌江县1名),"物理,化学",2,4,
海南,2025,本科提前批,综合,560,东北师范大学,1,1,汉语言文学,(优师专项计划)(属国家优师专项计划；入学前须签订国家优师专项定向就业协议；履约任教到五指山市、临高县、保亭县、琼中县及白沙县),不限,1,4,
海南,2025,本科提前批,综合,560,东北师范大学,3,5,生物科学,(优师专项计划)(属国家优师专项计划；入学前须签订国家优师专项定向就业协议；履约任教到五指山市、临高县、保亭县、琼中县及白沙县),"物理,化学",1,4,
海南,2025,本科批,综合,560,东北师范大学,7,11,教育学类,(包含专业:教育学、小学教育、学前教育),不限,3,4,6070.0
海南,2025,本科批,综合,560,东北师范大学,8,13,物理学类,(包含专业:物理学(师范)、电子信息科学与技术、材料物理),"物理,化学",3,4,6320.0
海南,2025,本科批,综合,560,东北师范大学,8,12,数学类,(包含专业:数学与应用数学(师范)、统计学),"物理,化学",2,4,6320.0
海南,2025,国家专项,综合,560,东北师范大学,6,10,经济学类,(包含专业:金融学、会计学、人力资源管理、经济学、市场营销),不限,1,4,6070.0
海南,2025,本科批,综合,625,东北石油大学,2,17,测控技术与仪器,,"物理,化学",3,4,4500.0
海南,2025,本科批,综合,625,东北石油大学,2,13,化学工程与工艺,(国家级一流专业建设点、国家级特色专业、国家工程教育专业认证通过专业、省级重点专业),"物理,化学",2,4,4500.0
海南,2025,本科批,综合,625,东北石油大学,1,2,工程管理,(省级一流专业建设点),物理,2,4,4500.0
海南,2025,本科批,综合,625,东北石油大学,2,11,机械设计制造及其自动化,(国家级一流专业建设点、国家工程教育专业认证通过专业、省级重点专业),"物理,化学",2,4,4500.0
海南,2025,本科批,综合,625,东北石油大学,2,10,海洋油气工程,(秦皇岛校区就读；国家工程教育专业认证通过专业、省级一流专业建设点),"物理,化学",2,4,5500.0
海南,2025,本科批,综合,625,东北石油大学,2,15,电子信息工程,(国家级一流专业建设点、国家卓越工程师教育培养计划专业、国家工程教育专业认证通过专业、省级重点专业),"物理,化学",2,4,4000.0
海南,2025,本科批,综合,625,东北石油大学,2,19,电气工程及其自动化,(国家级一流专业建设点、国家卓越工程师教育培养计划专业、省级重点专业),"物理,化学",2,4,4000.0
海南,2025,本科批,综合,625,东北石油大学,2,25,给排水科学与工程,,"物理,化学",2,4,4000.0
海南,2025,本科批,综合,625,东北石油大学,2,22,计算机科学与技术,,"物理,化学",2,4,4800.0
海南,2025,本科批,综合,625,东北石油大学,2,26,软件工程,,"物理,化学",2,4,6000.0
海南,2025,本科批,综合,625,东北石油大学,2,9,过程装备与控制工程,(国家级一流专业建设点、国家级特色专业、国家卓越工程师教育培养计划专业、国家工程教育专业认证通过专业、省级重点专业),"物理,化学",2,4,4500.0
海南,2025,本科批,综合,625,东北石油大学,2,23,通信工程,(省级一流专业建设点、省级重点专业),"物理,化学",2,4,4800.0
海南,2025,本科批,综合,625,东北石油大学,2,5,地球信息科学与技术,,"物理,化学",1,4,5000.0
海南,2025,本科批,综合,625,东北石油大学,2,12,安全工程,(省级一流专业建设点),"物理,化学",1,4,5000.0
海南,2025,本科批,综合,625,东北石油大学,1,1,工程造价,(秦皇岛校区就读),物理,1,4,5000.0
海南,2025,本科批,综合,625,东北石油大学,2,7,机器人工程,(秦皇岛校区就读),"物理,化学",1,4,5000.0
海南,2025,本科批,综合,625,东北石油大学,2,3,机械设计制造及其自动化,"(实验班)(学制3.5+X,阶段考核和分流培养)","物理,化学",1,4,4500.0
海南,2025,本科批,综合,625,东北石油大学,2,21,物联网工程,(秦皇岛校区就读),"物理,化学",1,4,5000.0
海南,2025,本科批,综合,625,东北石油大学,2,18,环境工程,(秦皇岛校区就读；国家工程教育专业认证通过专业),"物理,化学",1,4,4500.0
海南,2025,本科批,综合,625,东北石油大学,2,8,石油工程,(国家级一流专业建设点、国家级特色专业、国家卓越工程师教育培养计划专业、国家工程教育专业认证通过专业、省级重点专业),"物理,化学",1,4,4500.0
海南,2025,本科批,综合,625,东北石油大学,80,27,石油工程,"(中外合作办学)(学费暂定49000/年,最终以发改委批复为准)","物理,化学",1,4,
海南,2025,本科批,综合,625,东北石油大学,2,6,碳储科学与工程,(秦皇岛校区就读),"物理,化学",1,4,5000.0
海南,2025,本科批,综合,625,东北石油大学,2,24,网络空间安全,,"物理,化学",1,4,5000.0
海南,2025,本科批,综合,625,东北石油大学,2,16,能源与动力工程,(国家级一流专业建设点),"物理,化学",1,4,4800.0
海南,2025,本科批,综合,625,东北石油大学,2,20,自动化,(国家级一流专业建设点、国家级特色专业、国家卓越工程师教育培养计划专业、国家工程教育专业认证通过专业、省级重点专业),"物理,化学",1,4,4800.0
海南,2025,本科批,综合,625,东北石油大学,2,4,资源勘查工程,,"物理,化学",1,4,4500.0
海南,2025,本科批,综合,625,东北石油大学,2,14,高分子材料与工程,,"物理,化学",1,4,4500.0
海南,2025,本科批,综合,2133,东莞城市学院,7,10,人文地理与城乡规划,,地理,3,4,34800.0
海南,2025,本科批,综合,2133,东莞城市学院,5,6,国际经济与贸易,,不限,3,4,34800.0
海南,2025,本科批,综合,2133,东莞城市学院,5,5,物流管理,,不限,2,4,34800.0
海南,2025,本科批,综合,2133,东莞城市学院,6,9,物联网工程,,"物理,化学",2,4,34800.0
海南,2025,本科批,综合,2133,东莞城市学院,6,8,环境工程,,"物理,化学",2,4,34800.0
海南,2025,本科批,综合,2133,东莞城市学院,5,7,跨境电子商务,,不限,2,4,34800.0
海南,2025,本科批,综合,2066,东莞理工学院,2,10,应用化学,(教育部“卓越工程师计划”试点专业；色盲、色弱者慎重报考),"物理,化学",4,4,5710.0
海南,2025,本科批,综合,2066,东莞理工学院,2,4,能源化学工程,,"物理,化学",4,4,5710.0
海南,2025,本科批,综合,2066,东莞理工学院,2,5,能源与动力工程,,"物理,化学",3,4,5710.0
海南,2025,本科批,综合,2066,东莞理工学院,2,3,信息与计算科学,,"物理,化学",2,4,5710.0
海南,2025,本科批,综合,2066,东莞理工学院,2,6,化学工程与工艺,(色盲、色弱者慎重报考),"物理,化学",2,4,5710.0
海南,2025,本科批,综合,2066,东莞理工学院,2,7,土木工程,,"物理,化学",2,4,5710.0
海南,2025,本科批,综合,2066,东莞理工学院,1,2,文化产业管理,,不限,2,4,8000.0
海南,2025,本科批,综合,2066,东莞理工学院,2,8,环境工程,(含卓越计划班；色盲、色弱者慎重报考),"物理,化学",2,4,5710.0
海南,2025,本科批,综合,2066,东莞理工学院,1,1,社会工作,,不限,2,4,5050.0
海南,2025,本科批,综合,2066,东莞理工学院,2,9,食品科学与工程,(色盲、色弱者慎重报考),"物理,化学",2,4,5710.0
海南,2025,本科批,综合,708,东华大学,2,3,材料类,(包含专业:高分子材料与工程、无机非金属材料工程、复合材料与工程；“双一流”学科),"物理,化学",5,4,7700.0
海南,2025,本科批,综合,708,东华大学,2,12,电子信息类,(包含专业:电气工程及其自动化、自动化、通信工程、电子信息工程),"物理,化学",3,4,7000.0
海南,2025,本科批,综合,708,东华大学,2,7,化学类,(包含专业:轻化工程、应用化学；不招色弱、色盲),"物理,化学",2,4,7000.0
海南,2025,本科批,综合,708,东华大学,2,5,智能制造工程,,"物理,化学",2,4,7000.0
海南,2025,本科批,综合,708,东华大学,2,9,机械工程,,"物理,化学",2,4,7000.0
海南,2025,本科批,综合,708,东华大学,2,10,物理学类,(集成电路与新能源)(包含专业:应用物理学(集成电路与新能源)、光电信息科学与工程),"物理,化学",2,4,7000.0
海南,2025,本科批,综合,708,东华大学,2,6,环境科学与工程类,(能源方向)(包含专业:建筑环境与能源应用工程、能源与环境系统工程),"物理,化学",2,4,7000.0
海南,2025,本科批,综合,708,东华大学,2,11,理科试验班,"(包含专业:数据科学与大数据技术、信息管理与信息系统、软件工程、计算机科学与技术、信息安全、电气工程及其自动化、自动化、通信工程、电子信息工程、数学与应用数学、统计学等,高起点,强基础,大一结束后面向全校理工科专业优先进行分流,具体分流方式根据《学生手册》执行)","物理,化学",2,4,7000.0
海南,2025,本科批,综合,708,东华大学,2,4,纺织类,(智能纺织与设计)(包含专业:纺织工程、非织造材料与工程；“双一流”学科),"物理,化学",2,4,7700.0
海南,2025,本科批,综合,708,东华大学,1,2,经济与贸易类,(包含专业:国际经济与贸易、金融学),不限,2,4,6500.0
海南,2025,本科批,综合,708,东华大学,1,1,经济管理试验班,(包含专业:市场营销、财务管理、会计学、工商管理；不招单色识别不全者),不限,2,4,6500.0
海南,2025,本科批,综合,708,东华大学,2,8,计算机类,(包含专业:软件工程、计算机科学与技术、信息安全),"物理,化学",2,4,7000.0
海南,2025,本科批,综合,1281,东华理工大学,2,9,应用化学,,"物理,化学",6,4,4940.0
海南,2025,本科批,综合,1281,东华理工大学,1,3,汉语言文学,(对外文化交流方向)(抚州校区就读),不限,4,4,4380.0
海南,2025,本科批,综合,1281,东华理工大学,2,5,测控技术与仪器,,"物理,化学",4,4,4940.0
海南,2025,本科批,综合,1281,东华理工大学,2,10,化学工程与工艺,,"物理,化学",3,4,4940.0
海南,2025,本科批,综合,1281,东华理工大学,1,2,广告学,(抚州校区就读),不限,3,4,4660.0
海南,2025,本科批,综合,1281,东华理工大学,2,11,核工程与核技术,,"物理,化学",3,4,4940.0
海南,2025,本科批,综合,1281,东华理工大学,2,4,水文与水资源工程,,"物理,化学",3,4,4940.0
海南,2025,本科批,综合,1281,东华理工大学,1,1,法学,(抚州校区就读),不限,3,4,4660.0
海南,2025,本科批,综合,1281,东华理工大学,2,8,环境工程,,"物理,化学",3,4,4940.0
海南,2025,本科批,综合,1281,东华理工大学,2,7,给排水科学与工程,,"物理,化学",3,4,5220.0
海南,2025,本科批,综合,1281,东华理工大学,2,16,自动化,,"物理,化学",3,4,5220.0
海南,2025,本科批,综合,1281,东华理工大学,2,12,辐射防护与核安全,,"物理,化学",3,4,4940.0
海南,2025,本科批,综合,1281,东华理工大学,2,13,遥感科学与技术,,"物理,化学",3,4,5220.0
海南,2025,本科批,综合,1281,东华理工大学,2,15,计算机科学与技术,,"物理,化学",2,4,5220.0
海南,2025,本科批,综合,1281,东华理工大学,2,14,通信工程,,"物理,化学",2,4,5220.0
海南,2025,本科批,综合,1281,东华理工大学,2,6,防灾减灾科学与工程,,"物理,化学",2,4,4940.0
海南,2025,本科批,综合,777,东南大学,2,4,电子信息类,(包含专业:信息工程、电子科学与技术、海洋信息工程),"物理,化学",8,4,6380.0
海南,2025,本科批,综合,777,东南大学,2,6,计算机类,(包含专业:计算机科学与技术、人工智能、软件工程、网络空间安全),"物理,化学",8,4,6380.0
海南,2025,本科批,综合,777,东南大学,2,2,工科试验班,(智慧能源与电气工程)(包含专业:电气工程及其自动化、电动载运工程、新能源科学与工程、能源与动力工程),"物理,化学",6,4,6380.0
海南,2025,本科批,综合,777,东南大学,2,7,工科试验班,(吴健雄班)(包含专业:信息工程(等四年制理工科专业)),"物理,化学",6,4,6380.0
海南,2025,本科批,综合,777,东南大学,2,3,工科试验班,(智能制造与智能系统)(包含专业:机器人工程、自动化、智能感知工程、智能车辆工程、测控技术与仪器、机械工程),"物理,化学",5,4,6380.0
海南,2025,本科批,综合,777,东南大学,2,5,集成电路设计与集成系统,,"物理,化学",5,4,6380.0
海南,2025,国家专项,综合,777,东南大学,1,1,经济学类,(数智经济与智能管理)(包含专业:会计学、金融学、经济学、工商管理、国际经济与贸易、物流管理),不限,1,4,5720.0
海南,2025,本科批,综合,32,对外经济贸易大学,2,3,工商管理类,"(项目选拔进入,分流时专业任选；包含专业:会计学、财务管理、人力资源管理、市场营销、工商管理、会计学(北邮计算机联合学士学位培养项目)、会计学(北邮金科联合学士学位培养项目))",不限,5,4,5000.0
海南,2025,本科批,综合,32,对外经济贸易大学,2,2,金融学类,(包含专业:金融学、金融学(国际金融与市场)、经济与金融、投资学、保险学),不限,5,4,5000.0
海南,2025,本科批,综合,32,对外经济贸易大学,3,6,金融工程,"(大类招生,项目选拔进入,分流时专业任选；含:金融工程、金融科技、金融科技(北邮人工智能联合学士学位培养项目))",物理,5,4,5000.0
海南,2025,本科批,综合,32,对外经济贸易大学,3,7,精算学,(选拔进入双学士学位项目或实验班)(可参与精算学-劳动与社会保障双学士学位项目或精算与风险管理实验班选拔；国际交流:可参与曼彻斯特大学、肯特大学联合培养“2+2”项目),物理,4,4,5500.0
海南,2025,本科批,综合,32,对外经济贸易大学,2,4,法学类,(包含专业:法学、法学(大数据双学士学位项目)、法学(涉外型卓越经贸法律人才实验班)),不限,3,4,5000.0
海南,2025,本科批,综合,32,对外经济贸易大学,2,5,海关管理,(海关与大数据应用拔尖人才实验班),不限,2,4,5000.0
海南,2025,国家专项,综合,32,对外经济贸易大学,1,1,国际经济发展合作,,不限,2,4,5000.0
海南,2025,专科批,综合,1772,鄂州职业大学,1,2,工业机器人技术,,不限,7,3,5000.0
海南,2025,专科批,综合,1772,鄂州职业大学,1,11,大数据与会计,,不限,6,3,5000.0
海南,2025,专科批,综合,1772,鄂州职业大学,1,15,服装与服饰设计,,不限,6,3,5000.0
海南,2025,专科批,综合,1772,鄂州职业大学,1,4,工程测量技术,,不限,5,3,5000.0
海南,2025,专科批,综合,1772,鄂州职业大学,1,10,护理,,不限,5,3,5000.0
海南,2025,专科批,综合,1772,鄂州职业大学,1,13,现代物流管理,,不限,5,3,5000.0
海南,2025,专科批,综合,1772,鄂州职业大学,1,5,计算机应用技术,,不限,5,3,5000.0
海南,2025,专科批,综合,1772,鄂州职业大学,1,14,跨境电子商务,,不限,5,3,5000.0
海南,2025,专科批,综合,1772,鄂州职业大学,1,8,飞机机电设备维修,,不限,5,3,5000.0
海南,2025,专科批,综合,1772,鄂州职业大学,1,12,小学英语教育,,不限,4,3,5000.0
海南,2025,专科批,综合,1772,鄂州职业大学,1,6,机场运行服务与管理,,不限,4,3,5000.0
海南,2025,专科批,综合,1772,鄂州职业大学,1,16,人工智能技术应用,,不限,3,3,5000.0
海南,2025,专科批,综合,1772,鄂州职业大学,1,3,建筑室内设计,,不限,3,3,5000.0
海南,2025,专科批,综合,1772,鄂州职业大学,1,1,空中乘务,(女生身高范围162-173cm、男生身高范围175-185cm;五官端正；无色盲、色弱；无嗅觉障碍；无纹身；无“X”形腿、“0”形腿),不限,3,3,5000.0
海南,2025,专科批,综合,1772,鄂州职业大学,1,9,小学教育,,不限,12,3,5000.0
海南,2025,专科批,综合,1772,鄂州职业大学,1,7,民航安全技术管理,(无残疾；无重听；无口吃；无色盲、色弱),不限,12,3,5000.0
海南,2025,专科批,综合,1786,恩施职业技术学院,1,1,信息安全技术应用,,不限,5,3,5000.0
海南,2025,专科批,综合,1786,恩施职业技术学院,1,3,大数据与会计,,不限,5,3,5000.0
海南,2025,专科批,综合,1786,恩施职业技术学院,1,2,工业机器人技术,,不限,5,3,5000.0
海南,2025,专科批,综合,1786,恩施职业技术学院,1,4,新能源汽车技术,,不限,5,3,5000.0
海南,2025,本科批,综合,189,防灾科技学院,2,3,计算机类,(包含专业:计算机科学与技术、网络工程),"物理,化学",4,4,4900.0
海南,2025,本科批,综合,189,防灾科技学院,1,1,汉语言文学,,不限,3,4,4600.0
海南,2025,本科批,综合,189,防灾科技学院,2,2,电气工程及其自动化,,"物理,化学",3,4,4900.0
海南,2025,本科批,综合,2069,佛山大学,3,5,动物科学,(不招色盲、色弱),"物理,化学",5,4,5480.0
海南,2025,本科批,综合,2069,佛山大学,3,9,化学工程与工艺,(不招色盲、色弱),"物理,化学",5,4,6230.0
海南,2025,本科批,综合,2069,佛山大学,3,6,园艺,(不招色盲、色弱),"物理,化学",5,4,4980.0
海南,2025,本科批,综合,2069,佛山大学,2,4,护理学,(不招色盲、色弱),化学,5,4,6960.0
海南,2025,本科批,综合,2069,佛山大学,3,7,材料化学,(不招色盲、色弱),"物理,化学",5,4,6230.0
海南,2025,本科批,综合,2069,佛山大学,3,8,材料科学与工程,(不招色盲、色弱),"物理,化学",5,4,6230.0
海南,2025,本科批,综合,2069,佛山大学,3,11,土木工程,(建筑工程),"物理,化学",4,4,6230.0
海南,2025,本科批,综合,2069,佛山大学,3,12,环境工程,(不招色盲、色弱),"物理,化学",4,4,6850.0
海南,2025,本科批,综合,2069,佛山大学,1,3,旅游管理,,不限,3,4,5510.0
海南,2025,本科批,综合,2069,佛山大学,3,10,环境科学,(不招色盲、色弱),"物理,化学",3,4,6230.0
海南,2025,本科批,综合,2069,佛山大学,1,2,人力资源管理,,不限,2,4,5510.0
海南,2025,本科批,综合,2069,佛山大学,3,13,储能科学与工程,(不招色盲、色弱),"物理,化学",2,4,6850.0
海南,2025,本科批,综合,2069,佛山大学,1,1,工商管理,,不限,2,4,5510.0
海南,2025,专科批,综合,1202,福建船政交通职业学院,1,5,大数据与会计,"(该专业第一学年在仓山区排下校区就读,第二、三学年在仓山区首山校区)",不限,3,3,6000.0
海南,2025,专科批,综合,1202,福建船政交通职业学院,1,6,关务与外贸服务,,不限,2,3,6000.0
海南,2025,专科批,综合,1202,福建船政交通职业学院,1,4,建筑工程技术,,不限,2,3,6000.0
海南,2025,专科批,综合,1202,福建船政交通职业学院,1,1,机械制造及自动化,,不限,2,3,6000.0
海南,2025,专科批,综合,1202,福建船政交通职业学院,1,2,电气自动化技术,,不限,2,3,6000.0
海南,2025,专科批,综合,1202,福建船政交通职业学院,1,3,道路与桥梁工程技术,,不限,2,3,6000.0
海南,2025,本科批,综合,1191,福建理工大学,3,7,土木工程,,"物理,化学",5,4,5460.0
海南,2025,本科批,综合,1191,福建理工大学,1,5,互联网金融,,不限,3,4,5460.0
海南,2025,本科批,综合,1191,福建理工大学,1,2,国际商务,(不能准确识别红、黄、绿、兰、紫各种颜色中任何一种颜色的导线、按键、信号灯、几何图形者不予录取),不限,3,4,5460.0
海南,2025,本科批,综合,1191,福建理工大学,1,4,工商管理,(不能准确识别红、黄、绿、兰、紫各种颜色中任何一种颜色的导线、按键、信号灯、几何图形者不予录取),不限,3,4,5460.0
海南,2025,本科批,综合,1191,福建理工大学,1,3,电子商务,,不限,3,4,5460.0
海南,2025,本科批,综合,1191,福建理工大学,2,6,工程造价,,物理,2,4,5460.0
海南,2025,本科批,综合,1191,福建理工大学,1,1,市场营销,(不能准确识别红、黄、绿、兰、紫各种颜色中任何一种颜色的导线、按键、信号灯、几何图形者不予录取),不限,2,4,5460.0
海南,2025,本科批,综合,1191,福建理工大学,3,8,测绘工程,,"物理,化学",2,4,5460.0
海南,2025,本科批,综合,1191,福建理工大学,3,9,通信工程,,"物理,化学",2,4,5460.0
海南,2025,本科批,综合,1192,福建农林大学,4,24,茶学,"(在安溪校区报到,专业体检受限要求详见学校招生章程)","物理,化学",7,4,5460.0
海南,2025,本科批,综合,1192,福建农林大学,4,13,生物科学类,"(包含专业:生物科学、生物技术；在金山校区报到,专业体检受限要求详见学校招生章程)","物理,化学",6,4,5460.0
海南,2025,本科批,综合,1192,福建农林大学,4,19,海洋资源与环境,(在金山校区报到),"物理,化学",5,4,5460.0
海南,2025,本科批,综合,1192,福建农林大学,4,23,蜂学,(在金山校区报到),"物理,化学",5,4,5460.0
海南,2025,本科批,综合,1192,福建农林大学,4,9,园艺,"(在金山校区报到,专业体检受限要求详见学校招生章程)","物理,化学",4,4,5460.0
海南,2025,本科批,综合,1192,福建农林大学,4,18,材料科学与工程,(在旗山校区报到),"物理,化学",4,4,5460.0
海南,2025,本科批,综合,1192,福建农林大学,4,14,水产养殖学,"(在金山校区报到,专业体检受限要求详见学校招生章程)","物理,化学",4,4,5460.0
海南,2025,本科批,综合,1192,福建农林大学,4,16,海洋科学,"(在金山校区报到,专业体检受限要求详见学校招生章程)","物理,化学",4,4,5460.0
海南,2025,本科批,综合,1192,福建农林大学,3,7,物流工程,(在旗山校区报到),物理,4,4,5460.0
海南,2025,本科批,综合,1192,福建农林大学,4,11,农学,"(在金山校区报到,专业体检受限要求详见学校招生章程)","物理,化学",3,4,5460.0
海南,2025,本科批,综合,1192,福建农林大学,80,5,农林经济管理,"(中外合作办学)(中外合作4+0,合作院校:戴尔豪西大学,在旗山校区报到；专业体检受限要求详见学校招生章程)",不限,3,4,54000.0
海南,2025,本科批,综合,1192,福建农林大学,2,3,商务经济学,"(在安溪校区报到,专业体检受限要求详见学校招生章程)",不限,3,4,5460.0
海南,2025,本科批,综合,1192,福建农林大学,3,6,数字经济,(在安溪校区报到),物理,3,4,5460.0
海南,2025,本科批,综合,1192,福建农林大学,4,10,环境工程,"(在金山校区报到,专业体检受限要求详见学校招生章程)","物理,化学",3,4,5460.0
海南,2025,本科批,综合,1192,福建农林大学,80,4,风景园林,"(中外合作办学)(中外合作4+0,合作院校:戴尔豪西大学,在旗山校区报到)",不限,3,4,58000.0
海南,2025,本科批,综合,1192,福建农林大学,4,8,动物医学,"(在金山校区报到,专业体检受限要求详见学校招生章程)","物理,化学",2,5,5460.0
海南,2025,本科批,综合,1192,福建农林大学,4,12,动物科学,"(在金山校区报到,专业体检受限要求详见学校招生章程)","物理,化学",2,4,5460.0
海南,2025,本科批,综合,1192,福建农林大学,4,20,化学工程与工艺,"(在旗山校区报到,专业体检受限要求详见学校招生章程)","物理,化学",2,4,5460.0
海南,2025,本科批,综合,1192,福建农林大学,4,17,智慧农业,(在金山校区报到),"物理,化学",2,4,5460.0
海南,2025,本科批,综合,1192,福建农林大学,4,22,食品科学与工程,"(在金山校区报到,专业体检受限要求详见学校招生章程)","物理,化学",2,4,5460.0
海南,2025,本科批,综合,1192,福建农林大学,4,15,食品营养与健康,(在金山校区报到),"物理,化学",2,4,5460.0
海南,2025,本科批,综合,1192,福建农林大学,4,21,食品质量与安全,(在金山校区报到),"物理,化学",2,4,5460.0
海南,2025,国家专项,综合,1192,福建农林大学,1,1,植物科学与技术,(在金山校区报到),"物理,化学",3,4,5460.0
海南,2025,国家专项,综合,1192,福建农林大学,1,2,种子科学与工程,(在金山校区报到),"物理,化学",2,4,5460.0
海南,2025,本科民族班、预科班,综合,1206,福建商学院,1,1,边防军人子女预科班,(只招经审核符合边防军人子女资格的考生；预科培养地点:福州市鼓楼校区),不限,3,1,4800.0
海南,2025,本科批,综合,1196,福建师范大学,2,6,软件工程,,"物理,化学",6,4,10500.0
海南,2025,本科批,综合,1196,福建师范大学,2,8,储能科学与工程,,"物理,化学",5,4,5460.0
海南,2025,本科批,综合,1196,福建师范大学,2,11,光电信息科学与工程,,"物理,化学",5,4,5460.0
海南,2025,本科批,综合,1196,福建师范大学,2,9,新能源科学与工程,,"物理,化学",5,4,5460.0
海南,2025,本科批,综合,1196,福建师范大学,2,7,环境工程,(不招色盲、色弱),"物理,化学",5,4,5460.0
海南,2025,本科批,综合,1196,福建师范大学,2,10,电子信息类,(包含专业:电子信息工程、通信工程),"物理,化学",5,4,5040.0
海南,2025,本科批,综合,1196,福建师范大学,2,3,网络空间安全,(含国家网络安全人才与创新(福州)基地实验班),"物理,化学",5,4,5460.0
海南,2025,本科批,综合,1196,福建师范大学,2,12,数学与应用数学,(师范类),"物理,化学",4,4,5460.0
海南,2025,本科批,综合,1196,福建师范大学,1,2,英语,(英语单科成绩不低于115分(150分制)),不限,4,4,5460.0
海南,2025,本科批,综合,1196,福建师范大学,2,4,计算机科学与技术,,"物理,化学",4,4,5460.0
海南,2025,本科批,综合,1196,福建师范大学,2,5,资源循环科学与工程,(不招色盲、色弱),"物理,化学",4,4,5460.0
海南,2025,本科批,综合,1196,福建师范大学,1,1,汉语言文学,(师范类；含国家人才培养基地；语文单科成绩不低于105分(150分制)),不限,3,4,5460.0
海南,2025,本科批,综合,1190,福州大学,3,6,人文地理与城乡规划,"(第一学年在福州市铜盘校区培养,专业体检要求详见学校招生章程)",地理,4,4,5460.0
海南,2025,本科批,综合,1190,福州大学,2,3,车辆工程,"(第一学年在福州市铜盘校区培养,专业体检要求详见学校招生章程)","物理,化学",4,4,5460.0
海南,2025,本科批,综合,1190,福州大学,2,5,土木工程,"(第一学年在福州市铜盘校区培养,专业体检要求详见学校招生章程)","物理,化学",3,4,5460.0
海南,2025,本科批,综合,1190,福州大学,2,4,电子信息类,"(包含专业:电子信息工程、通信工程；第一学年在福州市铜盘校区培养,专业体检要求详见学校招生章程)","物理,化学",3,4,5460.0
海南,2025,专科批,综合,1276,福州墨尔本理工职业学院,1,1,大数据与会计,(中外合作办学)(由闽江学院与澳大利亚墨尔本理工学院两所公办本科高校合作举办；详见学校官网),不限,2,3,23800.0
海南,2025,专科批,综合,1276,福州墨尔本理工职业学院,1,6,智慧旅游技术应用,(中外合作办学)(由闽江学院与澳大利亚墨尔本理工学院两所公办本科高校合作举办；详见学校官网),不限,2,3,23800.0
海南,2025,专科批,综合,1276,福州墨尔本理工职业学院,1,3,电子商务,(中外合作办学)(由闽江学院与澳大利亚墨尔本理工学院两所公办本科高校合作举办；详见学校官网),不限,2,3,23800.0
海南,2025,专科批,综合,1276,福州墨尔本理工职业学院,1,4,计算机应用技术,(中外合作办学)(由闽江学院与澳大利亚墨尔本理工学院两所公办本科高校合作举办；详见学校官网),不限,2,3,23800.0
海南,2025,专科批,综合,1276,福州墨尔本理工职业学院,1,2,国际经济与贸易,(中外合作办学)(由闽江学院与澳大利亚墨尔本理工学院两所公办本科高校合作举办；详见学校官网),不限,1,3,23800.0
海南,2025,专科批,综合,1276,福州墨尔本理工职业学院,1,5,酒店管理与数字化运营,(中外合作办学)(由闽江学院与澳大利亚墨尔本理工学院两所公办本科高校合作举办；详见学校官网),不限,1,3,23800.0
海南,2025,本科批,综合,1238,福州外语外贸学院,2,21,会计学,"(第一学年在滨海校区培养,第二至第四学年在长乐校区培养)",不限,7,4,31840.0
海南,2025,本科批,综合,1238,福州外语外贸学院,4,30,人工智能,"(第一学年在滨海校区培养,第二至第四学年在长乐校区培养)","物理,化学",5,4,34280.0
海南,2025,本科批,综合,1238,福州外语外贸学院,3,29,信息管理与信息系统,"(第一学年在滨海校区培养,第二至第四学年在长乐校区培养)",物理,5,4,31840.0
海南,2025,本科批,综合,1238,福州外语外贸学院,2,20,国际经济与贸易,"(第一学年在滨海校区培养,第二至第四学年在长乐校区培养)",不限,5,4,31840.0
海南,2025,本科批,综合,1238,福州外语外贸学院,3,28,大数据管理与应用,"(第一学年在滨海校区培养,第二至第四学年在长乐校区培养)",物理,5,4,34280.0
海南,2025,本科批,综合,1238,福州外语外贸学院,2,24,审计学,"(第一学年在滨海校区培养,第二至第四学年在长乐校区培养)",不限,5,4,31840.0
海南,2025,本科批,综合,1238,福州外语外贸学院,4,32,数据科学与大数据技术,"(第一学年在滨海校区培养,第二至第四学年在长乐校区培养)","物理,化学",5,4,34280.0
海南,2025,本科批,综合,1238,福州外语外贸学院,2,10,汉语国际教育,"(第一学年在滨海校区培养,第二至第四学年在长乐校区培养)",不限,5,4,31840.0
海南,2025,本科批,综合,1238,福州外语外贸学院,3,25,电子商务,"(第一学年在滨海校区培养,第二至第四学年在长乐校区培养)",物理,5,4,31840.0
海南,2025,本科批,综合,1238,福州外语外贸学院,3,26,经济统计学,"(第一学年在滨海校区培养,第二至第四学年在长乐校区培养)",物理,5,4,31840.0
海南,2025,本科批,综合,1238,福州外语外贸学院,2,23,日语,"(第一学年在滨海校区培养,第二至第四学年在长乐校区培养)",不限,3,4,31840.0
海南,2025,本科批,综合,1238,福州外语外贸学院,2,11,财务管理,"(第一学年在滨海校区培养,第二至第四学年在长乐校区培养)",不限,3,4,31840.0
海南,2025,本科批,综合,1238,福州外语外贸学院,2,9,供应链管理,"(第一学年在滨海校区培养,第二至第四学年在长乐校区培养)",不限,2,4,31840.0
海南,2025,本科批,综合,1238,福州外语外贸学院,2,13,学前教育,"(第一学年在滨海校区培养,第二至第四学年在长乐校区培养)",不限,2,4,31840.0
海南,2025,本科批,综合,1238,福州外语外贸学院,2,19,小学教育,"(第一学年在滨海校区培养,第二至第四学年在长乐校区培养)",不限,2,4,31840.0
海南,2025,本科批,综合,1238,福州外语外贸学院,2,18,市场营销,"(第一学年在滨海校区培养,第二至第四学年在长乐校区培养)",不限,2,4,31840.0
海南,2025,本科批,综合,1238,福州外语外贸学院,2,14,投资学,"(第一学年在滨海校区培养,第二至第四学年在长乐校区培养)",不限,2,4,31840.0
海南,2025,本科批,综合,1238,福州外语外贸学院,3,27,数字经济,"(第一学年在滨海校区培养,第二至第四学年在长乐校区培养)",物理,2,4,31840.0
海南,2025,本科批,综合,1238,福州外语外贸学院,4,31,数学与应用数学,"(第一学年在滨海校区培养,第二至第四学年在长乐校区培养)","物理,化学",2,4,34280.0
海南,2025,本科批,综合,1238,福州外语外贸学院,2,7,法语,"(第一学年在滨海校区培养,第二至第四学年在长乐校区培养)",不限,2,4,31840.0
海南,2025,本科批,综合,1238,福州外语外贸学院,2,17,网络与新媒体,"(第一学年在滨海校区培养,第二至第四学年在长乐校区培养)",不限,2,4,31840.0
海南,2025,本科批,综合,1238,福州外语外贸学院,2,16,翻译,"(第一学年在滨海校区培养,第二至第四学年在长乐校区培养)",不限,2,4,31840.0
海南,2025,本科批,综合,1238,福州外语外贸学院,2,12,艺术教育,"(第一学年在滨海校区培养,第二至第四学年在长乐校区培养)",不限,2,4,31840.0
海南,2025,本科批,综合,1238,福州外语外贸学院,2,22,英语,"(第一学年在滨海校区培养,第二至第四学年在长乐校区培养)",不限,2,4,31840.0
海南,2025,本科批,综合,1238,福州外语外贸学院,2,15,西班牙语,"(第一学年在滨海校区培养,第二至第四学年在长乐校区培养)",不限,2,4,31840.0
海南,2025,本科批,综合,1238,福州外语外贸学院,2,8,资产评估,"(第一学年在滨海校区培养,第二至第四学年在长乐校区培养)",不限,2,4,31840.0
海南,2025,本科批,综合,1238,福州外语外贸学院,2,6,金融学,"(第一学年在滨海校区培养,第二至第四学年在长乐校区培养)",不限,2,4,31840.0
海南,2025,专科批,综合,1213,福州职业技术学院,1,9,会展策划与管理,,不限,2,3,6000.0
海南,2025,专科批,综合,1213,福州职业技术学院,1,7,工业机器人技术,,不限,2,3,6000.0
海南,2025,专科批,综合,1213,福州职业技术学院,1,3,建设工程管理,,不限,2,3,6000.0
海南,2025,专科批,综合,1213,福州职业技术学院,1,6,数字化设计与制造技术,,不限,2,3,6000.0
海南,2025,专科批,综合,1213,福州职业技术学院,1,2,智能互联网络技术,,不限,2,3,6000.0
海南,2025,专科批,综合,1213,福州职业技术学院,1,14,现代物流管理,,不限,2,3,6000.0
海南,2025,专科批,综合,1213,福州职业技术学院,1,10,城市轨道交通运营管理,,不限,1,3,6000.0
海南,2025,专科批,综合,1213,福州职业技术学院,1,13,大数据与会计,,不限,1,3,6000.0
海南,2025,专科批,综合,1213,福州职业技术学院,1,8,工业互联网技术,,不限,1,3,6000.0
海南,2025,专科批,综合,1213,福州职业技术学院,1,4,智能建造技术,,不限,1,3,6000.0
海南,2025,专科批,综合,1213,福州职业技术学院,1,5,智能控制技术,,不限,1,3,6000.0
海南,2025,专科批,综合,1213,福州职业技术学院,1,11,电子商务,,不限,1,3,6000.0
海南,2025,专科批,综合,1213,福州职业技术学院,1,12,财富管理,,不限,1,3,6000.0
海南,2025,专科批,综合,1213,福州职业技术学院,1,1,软件技术,,不限,1,3,9000.0
海南,2025,专科批,综合,1348,抚州医药学院,1,3,护理,,不限,5,3,3915.0
海南,2025,专科批,综合,1348,抚州医药学院,1,1,中医学,,不限,4,3,3915.0
海南,2025,专科批,综合,1348,抚州医药学院,1,2,针灸推拿,,不限,4,3,3915.0
海南,2025,专科批,综合,1348,抚州医药学院,1,4,中药学,,不限,2,3,3915.0
海南,2025,本科批,综合,702,复旦大学,4,4,人文科学试验班,(含人文社科经济法学等)(包含专业:中国语言文学类、历史学类、哲学类、经济学类、法学、新闻传播学类、文物与博物馆学、政治学与行政学、行政管理、国际政治),不限,4,4,6500.0
海南,2025,本科批,综合,702,复旦大学,5,5,理科试验班,(含相辉计划、香农计划、英才班、领军班等)(包含专业:数学与应用数学、物理学、化学、生物科学、信息与计算科学、生态学、生物技术、能源化学、高分子材料与工程、环境科学、数据科学与大数据技术、大气科学、微电子科学与工程、人工智能、计算机科学与技术、智能科学与技术、生物医学工程、电子信息科学与技术、电子科学与技术),"物理,化学",3,4,7000.0
海南,2025,本科提前批,综合,702,复旦大学,1,1,朝鲜语,(转专业范围限外国语言文学学院内),不限,3,4,6500.0
海南,2025,国家专项,综合,702,复旦大学,3,3,生物科学类,(包含专业:生物科学、生物技术、生态学；含生物科学-人工智能双学士学位),"物理,化学",2,4,7000.0
海南,2025,国家专项,综合,702,复旦大学,2,2,历史学类,(包含专业:历史学；含历史学-旅游管理双学士学位),不限,1,4,6500.0
海南,2025,本科批,综合,772,复旦大学医学院,3,3,护理学,(含护理学-人工智能双学士学位),生物,4,4,7400.0
海南,2025,本科批,综合,772,复旦大学医学院,2,2,临床医学,(八年制正谊明道班),"物理,化学",1,4,7400.0
海南,2025,国家专项,综合,772,复旦大学医学院,1,1,护理学,(含护理学-人工智能双学士学位),生物,3,4,7400.0
海南,2025,专科批,综合,2816,甘肃交通职业技术学院,1,1,现代通信技术,,不限,3,3,4500.0
海南,2025,本科批,综合,2799,甘肃民族师范学院,1,1,财务管理,,不限,3,4,4000.0
海南,2025,本科批,综合,2788,甘肃农业大学,1,1,汉语言文学,,历史,5,4,3800.0
海南,2025,本科批,综合,2788,甘肃农业大学,1,2,秘书学,,历史,5,4,3800.0
海南,2025,本科批,综合,2798,甘肃政法大学,1,3,劳动与社会保障,,不限,2,4,
海南,2025,本科批,综合,2798,甘肃政法大学,1,2,法学,,不限,2,4,
海南,2025,本科批,综合,2798,甘肃政法大学,1,5,金融学,(数智金融方向),不限,2,4,
海南,2025,本科批,综合,2798,甘肃政法大学,2,8,信息安全,,"物理,化学",1,4,
海南,2025,本科批,综合,2798,甘肃政法大学,1,4,市场营销,(数智营销方向),不限,1,4,
海南,2025,本科批,综合,2798,甘肃政法大学,3,9,思想政治教育,,政治,1,4,
海南,2025,本科批,综合,2798,甘肃政法大学,1,1,知识产权,,不限,1,4,
海南,2025,本科批,综合,2798,甘肃政法大学,1,6,网络与新媒体,,不限,1,4,
海南,2025,本科批,综合,2798,甘肃政法大学,2,7,计算机科学与技术,,"物理,化学",1,4,
海南,2025,本科批,综合,1337,赣东学院,2,4,财务管理,,不限,4,4,3880.0
海南,2025,本科批,综合,1337,赣东学院,2,2,会计学,,不限,2,4,3880.0
海南,2025,本科批,综合,1337,赣东学院,4,9,化学工程与工艺,(不招色弱),"物理,化学",2,4,4120.0
海南,2025,本科批,综合,1337,赣东学院,2,3,国际经济与贸易,,不限,2,4,3880.0
海南,2025,本科批,综合,1337,赣东学院,3,6,工程管理,(肢体残疾(不继续恶化)、任何一眼矫正到4.8镜片度数大于800度的考生慎重报考),物理,2,4,3880.0
海南,2025,本科批,综合,1337,赣东学院,3,7,数字经济,,物理,2,4,3880.0
海南,2025,本科批,综合,1337,赣东学院,4,12,机械工程,,"物理,化学",2,4,4120.0
海南,2025,本科批,综合,1337,赣东学院,4,8,测绘工程,(肢体残疾(不继续恶化)、任何一眼矫正到4.8镜片度数大于800度的考生慎重报考),"物理,化学",2,4,4350.0
海南,2025,本科批,综合,1337,赣东学院,4,11,物联网工程,,"物理,化学",2,4,4350.0
海南,2025,本科批,综合,1337,赣东学院,4,13,电子信息工程,,"物理,化学",2,4,4350.0
海南,2025,本科批,综合,1337,赣东学院,2,5,网络与新媒体,,不限,2,4,3880.0
海南,2025,本科批,综合,1337,赣东学院,4,10,网络工程,,"物理,化学",2,4,4350.0
海南,2025,专科批,综合,1386,赣东职业技术学院,1,1,建筑工程技术,,不限,5,3,
海南,2025,专科批,综合,1386,赣东职业技术学院,1,2,新能源汽车技术,,不限,5,3,
海南,2025,专科批,综合,1386,赣东职业技术学院,1,3,人工智能技术应用,,不限,3,3,
海南,2025,专科批,综合,1386,赣东职业技术学院,1,4,数字媒体艺术设计,,不限,3,3,
海南,2025,专科批,综合,1386,赣东职业技术学院,1,5,智慧健康养老服务与管理,,不限,3,3,
海南,2025,专科批,综合,1386,赣东职业技术学院,1,12,机械制造及自动化,,不限,3,3,
海南,2025,专科批,综合,1386,赣东职业技术学院,1,6,装配式建筑工程技术,,不限,3,3,
海南,2025,专科批,综合,1386,赣东职业技术学院,1,10,大数据技术,,不限,2,3,
海南,2025,专科批,综合,1386,赣东职业技术学院,1,7,工程造价,,不限,2,3,
海南,2025,专科批,综合,1386,赣东职业技术学院,1,11,摄影与摄像艺术,,不限,2,3,
海南,2025,专科批,综合,1386,赣东职业技术学院,1,8,机电一体化技术,,不限,2,3,
海南,2025,专科批,综合,1386,赣东职业技术学院,1,9,电子信息工程技术,,不限,2,3,
海南,2025,本科批,综合,1339,赣南科技学院,5,15,冶金工程,,"物理,化学",2,4,4120.0
海南,2025,本科批,综合,1339,赣南科技学院,3,5,国际经济与贸易,,不限,2,4,3880.0
海南,2025,本科批,综合,1339,赣南科技学院,3,6,工商管理,,不限,2,4,3880.0
海南,2025,本科批,综合,1339,赣南科技学院,5,18,数据科学与大数据技术,,"物理,化学",2,4,4350.0
海南,2025,本科批,综合,1339,赣南科技学院,5,12,机器人工程,,"物理,化学",2,4,4350.0
海南,2025,本科批,综合,1339,赣南科技学院,5,11,机械电子工程,,"物理,化学",2,4,4120.0
海南,2025,本科批,综合,1339,赣南科技学院,5,9,材料成型及控制工程,,"物理,化学",2,4,4120.0
海南,2025,本科批,综合,1339,赣南科技学院,5,14,测绘工程,,"物理,化学",2,4,4350.0
海南,2025,本科批,综合,1339,赣南科技学院,5,16,物联网工程,,"物理,化学",2,4,4350.0
海南,2025,本科批,综合,1339,赣南科技学院,5,13,电子信息工程,,"物理,化学",2,4,4350.0
海南,2025,本科批,综合,1339,赣南科技学院,3,3,电子商务,,不限,2,4,4350.0
海南,2025,本科批,综合,1339,赣南科技学院,5,19,自动化,,"物理,化学",2,4,4350.0
海南,2025,本科批,综合,1339,赣南科技学院,3,7,葡萄牙语,,不限,2,4,3880.0
海南,2025,本科批,综合,1339,赣南科技学院,5,17,通信工程,,"物理,化学",2,4,4350.0
海南,2025,本科批,综合,1339,赣南科技学院,5,10,采矿工程,,"物理,化学",2,4,4120.0
海南,2025,本科批,综合,1339,赣南科技学院,3,4,金融学,,不限,2,4,3880.0
海南,2025,本科批,综合,1339,赣南科技学院,4,8,工程造价,,物理,1,4,3880.0
海南,2025,本科批,综合,1291,赣南师范大学,6,13,会计学,,不限,3,4,4660.0
海南,2025,本科批,综合,1291,赣南师范大学,8,22,汉语言文学,,历史,3,4,4380.0
海南,2025,本科批,综合,1291,赣南师范大学,6,14,金融学,,不限,3,4,4660.0
海南,2025,本科批,综合,1291,赣南师范大学,6,15,人力资源管理,,不限,2,4,4660.0
海南,2025,本科批,综合,1291,赣南师范大学,8,24,历史学,,历史,2,4,4380.0
海南,2025,本科批,综合,1291,赣南师范大学,6,8,学前教育,,不限,2,4,4660.0
海南,2025,本科批,综合,1291,赣南师范大学,9,25,思想政治教育,,"政治,历史",2,4,4660.0
海南,2025,本科批,综合,1291,赣南师范大学,6,7,教育学,,不限,2,4,4660.0
海南,2025,本科批,综合,1291,赣南师范大学,6,12,旅游管理,,不限,2,4,4660.0
海南,2025,本科批,综合,1291,赣南师范大学,6,10,法学,,不限,2,4,4660.0
海南,2025,本科批,综合,1291,赣南师范大学,6,11,社会工作,,不限,2,4,4660.0
海南,2025,本科批,综合,1291,赣南师范大学,7,18,化学,,"物理,化学",1,4,4940.0
海南,2025,本科批,综合,1291,赣南师范大学,6,9,应用心理学,,不限,1,4,4660.0
海南,2025,本科批,综合,1291,赣南师范大学,7,21,智慧农业,,"物理,化学",1,4,4090.0
海南,2025,本科批,综合,1291,赣南师范大学,7,19,材料化学,,"物理,化学",1,4,4940.0
海南,2025,本科批,综合,1291,赣南师范大学,8,23,汉语国际教育,,历史,1,4,4380.0
海南,2025,本科批,综合,1291,赣南师范大学,7,16,物理学,,"物理,化学",1,4,4940.0
海南,2025,本科批,综合,1291,赣南师范大学,7,20,生物科学,,"物理,化学",1,4,4940.0
海南,2025,本科批,综合,1291,赣南师范大学,7,17,电子信息工程,,"物理,化学",1,4,5220.0
海南,2025,本科批,综合,1287,赣南医科大学,2,3,临床医学,(不招色盲、色弱),"物理,化学",5,5,4790.0
海南,2025,本科批,综合,1287,赣南医科大学,3,13,护理学,(不招色盲、色弱),生物,3,4,4790.0
海南,2025,本科批,综合,1287,赣南医科大学,1,2,健康服务与管理,,不限,2,4,4270.0
海南,2025,本科批,综合,1287,赣南医科大学,2,6,儿科学,(不招色盲、色弱),"物理,化学",2,5,4790.0
海南,2025,本科批,综合,1287,赣南医科大学,2,5,口腔医学,(不招色盲、色弱),"物理,化学",2,5,4790.0
海南,2025,本科批,综合,1287,赣南医科大学,2,11,康复物理治疗,(不招色盲、色弱),"物理,化学",2,4,4790.0
海南,2025,本科批,综合,1287,赣南医科大学,2,7,法医学,(不招色盲、色弱),"物理,化学",2,5,4790.0
海南,2025,本科批,综合,1287,赣南医科大学,1,1,法学,,不限,2,4,4270.0
海南,2025,本科批,综合,1287,赣南医科大学,2,12,物联网工程,(不招色盲、色弱),"物理,化学",2,4,4790.0
海南,2025,本科批,综合,1287,赣南医科大学,2,10,生物医学工程,(医用材料方向)(不招色盲、色弱),"物理,化学",2,4,4790.0
海南,2025,本科批,综合,1287,赣南医科大学,2,9,生物技术,(不招色盲、色弱),"物理,化学",2,4,4530.0
海南,2025,本科批,综合,1287,赣南医科大学,2,8,药学,(不招色盲、色弱),"物理,化学",2,4,4790.0
海南,2025,本科批,综合,1287,赣南医科大学,2,4,麻醉学,(不招色盲、色弱),"物理,化学",2,5,4790.0
海南,2025,专科批,综合,1357,赣西科技职业学院,1,12,工业机器人技术,"(学费如有变动,以正式批复为准)",不限,7,3,8900.0
海南,2025,专科批,综合,1357,赣西科技职业学院,1,14,无人机应用技术,"(学费如有变动,以正式批复为准)",不限,7,3,8000.0
海南,2025,专科批,综合,1357,赣西科技职业学院,1,11,机电一体化技术,"(学费如有变动,以正式批复为准)",不限,7,3,8900.0
海南,2025,专科批,综合,1357,赣西科技职业学院,1,22,大数据与会计,"(学费如有变动,以正式批复为准)",不限,5,3,8900.0
海南,2025,专科批,综合,1357,赣西科技职业学院,1,30,学前教育,"(学费如有变动,以正式批复为准)",不限,5,3,10900.0
海南,2025,专科批,综合,1357,赣西科技职业学院,1,7,工程安全评价与监理,"(学费如有变动,以正式批复为准)",不限,5,3,8900.0
海南,2025,专科批,综合,1357,赣西科技职业学院,1,6,应急救援技术,"(学费如有变动,以正式批复为准)",不限,5,3,8900.0
海南,2025,专科批,综合,1357,赣西科技职业学院,1,2,建筑消防技术,"(学费如有变动,以正式批复为准)",不限,5,3,8900.0
海南,2025,专科批,综合,1357,赣西科技职业学院,1,9,数字媒体艺术设计,"(学费如有变动,以正式批复为准)",不限,5,3,8000.0
海南,2025,专科批,综合,1357,赣西科技职业学院,1,10,消防救援技术,"(最终学费标准,以正式批复为准)",不限,5,3,
海南,2025,专科批,综合,1357,赣西科技职业学院,1,27,电子信息工程技术,"(学费如有变动,以正式批复为准)",不限,5,3,8900.0
海南,2025,专科批,综合,1357,赣西科技职业学院,1,32,电子商务,"(学费如有变动,以正式批复为准)",不限,5,3,8900.0
海南,2025,专科批,综合,1357,赣西科技职业学院,1,5,服装与服饰设计,"(学费如有变动,以正式批复为准)",不限,4,3,8900.0
海南,2025,专科批,综合,1357,赣西科技职业学院,1,26,计算机网络技术,"(学费如有变动,以正式批复为准)",不限,4,3,8900.0
海南,2025,专科批,综合,1357,赣西科技职业学院,1,4,光伏工程技术,"(学费如有变动,以正式批复为准)",不限,3,3,8900.0
海南,2025,专科批,综合,1357,赣西科技职业学院,1,8,动漫设计,"(学费如有变动,以正式批复为准)",不限,3,3,8900.0
海南,2025,专科批,综合,1357,赣西科技职业学院,1,1,工程造价,"(学费如有变动,以正式批复为准)",不限,3,3,8900.0
海南,2025,专科批,综合,1357,赣西科技职业学院,1,3,建筑工程技术,"(学费如有变动,以正式批复为准)",不限,3,3,8900.0
海南,2025,专科批,综合,1357,赣西科技职业学院,1,24,婴幼儿托育服务与管理,"(学费如有变动,以正式批复为准)",不限,2,3,8000.0
海南,2025,专科批,综合,1357,赣西科技职业学院,1,13,工业互联网应用,"(学费如有变动,以正式批复为准)",不限,2,3,8900.0
海南,2025,专科批,综合,1357,赣西科技职业学院,1,21,工业互联网技术,"(最终学费标准,以正式批复为准)",不限,2,3,
海南,2025,专科批,综合,1357,赣西科技职业学院,1,16,服装设计与工艺,"(学费如有变动,以正式批复为准)",不限,2,3,8900.0
海南,2025,专科批,综合,1357,赣西科技职业学院,1,19,模具设计与制造,"(学费如有变动,以正式批复为准)",不限,2,3,8900.0
海南,2025,专科批,综合,1357,赣西科技职业学院,1,31,现代物流管理,"(学费如有变动,以正式批复为准)",不限,2,3,8000.0
海南,2025,专科批,综合,1357,赣西科技职业学院,1,23,老年保健与管理,"(学费如有变动,以正式批复为准)",不限,2,3,10900.0
海南,2025,专科批,综合,1357,赣西科技职业学院,1,17,高速铁路客运服务,"(学费如有变动,以正式批复为准)",不限,2,3,8900.0
海南,2025,专科批,综合,1357,赣西科技职业学院,1,25,护理,"(学费如有变动,以正式批复为准)",不限,13,3,10900.0
海南,2025,专科批,综合,1357,赣西科技职业学院,1,29,法律事务,"(学费如有变动,以正式批复为准)",不限,13,3,8900.0
海南,2025,专科批,综合,1357,赣西科技职业学院,1,15,新能源汽车技术,"(学费如有变动,以正式批复为准)",不限,10,3,8900.0
海南,2025,专科批,综合,1357,赣西科技职业学院,1,28,软件技术,"(最终学费标准,以正式批复为准)",不限,10,3,
海南,2025,专科批,综合,1357,赣西科技职业学院,1,20,增材制造技术,"(学费如有变动,以正式批复为准)",不限,1,3,8000.0
海南,2025,专科批,综合,1357,赣西科技职业学院,1,18,智能制造装备技术,"(学费如有变动,以正式批复为准)",不限,1,3,8900.0
海南,2025,本科批,综合,2049,广东白云学院,3,22,人工智能,,"物理,化学",2,4,32800.0
海南,2025,本科批,综合,2049,广东白云学院,1,2,城乡规划,,不限,2,5,32800.0
海南,2025,本科批,综合,2049,广东白云学院,1,12,学前教育,(师范),不限,2,4,31800.0
海南,2025,本科批,综合,2049,广东白云学院,1,9,审计学,,不限,2,4,31800.0
海南,2025,本科批,综合,2049,广东白云学院,1,13,小学教育,(师范),不限,2,4,31800.0
海南,2025,本科批,综合,2049,广东白云学院,1,4,工商管理,,不限,2,4,31800.0
海南,2025,本科批,综合,2049,广东白云学院,2,17,工程造价,,物理,2,4,32800.0
海南,2025,本科批,综合,2049,广东白云学院,1,16,应用心理学,,不限,2,4,31800.0
海南,2025,本科批,综合,2049,广东白云学院,1,3,建筑学,,不限,2,5,32800.0
海南,2025,本科批,综合,2049,广东白云学院,2,18,数字经济,,物理,2,4,31800.0
海南,2025,本科批,综合,2049,广东白云学院,1,10,日语,,不限,2,4,31800.0
海南,2025,本科批,综合,2049,广东白云学院,3,25,智能建造,,"物理,化学",2,4,32800.0
海南,2025,本科批,综合,2049,广东白云学院,3,24,智能车辆工程,,"物理,化学",2,4,32800.0
海南,2025,本科批,综合,2049,广东白云学院,3,23,机器人工程,,"物理,化学",2,4,32800.0
海南,2025,本科批,综合,2049,广东白云学院,1,14,汉语言文学,,不限,2,4,31800.0
海南,2025,本科批,综合,2049,广东白云学院,1,7,物流管理,,不限,2,4,31800.0
海南,2025,本科批,综合,2049,广东白云学院,3,21,电气工程及其自动化,,"物理,化学",2,4,32800.0
海南,2025,本科批,综合,2049,广东白云学院,1,6,社会工作,,不限,2,4,31800.0
海南,2025,本科批,综合,2049,广东白云学院,1,15,网络与新媒体,,不限,2,4,34800.0
海南,2025,本科批,综合,2049,广东白云学院,1,11,英语,,不限,2,4,31800.0
海南,2025,本科批,综合,2049,广东白云学院,3,20,虚拟现实技术,,"物理,化学",2,4,32800.0
海南,2025,本科批,综合,2049,广东白云学院,3,19,计算机科学与技术,,"物理,化学",2,4,32800.0
海南,2025,本科批,综合,2049,广东白云学院,1,8,财务管理,,不限,2,4,31800.0
海南,2025,本科批,综合,2049,广东白云学院,1,5,跨境电子商务,,不限,2,4,31800.0
海南,2025,本科批,综合,2049,广东白云学院,1,1,风景园林,,不限,2,4,32800.0
海南,2025,本科批,综合,2048,广东财经大学,3,3,人文地理与城乡规划,"(第一、二学年佛山校区,第三、四学年广州校区)",地理,2,4,6230.0
海南,2025,本科批,综合,2048,广东财经大学,2,2,数字经济,"(第一、二学年佛山校区,第三、四学年广州校区)",物理,2,4,5510.0
海南,2025,本科批,综合,2048,广东财经大学,1,1,法学,"(第一、二学年佛山校区,第三、四学年广州校区)",不限,2,4,5510.0
海南,2025,专科批,综合,2175,广东财贸职业学院,1,5,人力资源管理,,不限,5,3,5250.0
海南,2025,专科批,综合,2175,广东财贸职业学院,1,3,大数据与财务管理,,不限,5,3,5250.0
海南,2025,专科批,综合,2175,广东财贸职业学院,2,6,大数据技术,(不招色盲且不招单色识别不全者),物理,5,3,6410.0
海南,2025,专科批,综合,2175,广东财贸职业学院,1,2,学前教育,(不招色盲、色弱且单色识别不全者),不限,5,3,10000.0
海南,2025,专科批,综合,2175,广东财贸职业学院,1,1,电子商务,,不限,5,3,5250.0
海南,2025,专科批,综合,2175,广东财贸职业学院,1,4,金融科技应用,,不限,5,3,5250.0
海南,2025,专科批,综合,2158,广东创新科技职业学院,1,5,大数据与会计,,不限,5,3,19800.0
海南,2025,专科批,综合,2158,广东创新科技职业学院,1,2,安全智能监测技术,,不限,5,3,19800.0
海南,2025,专科批,综合,2158,广东创新科技职业学院,1,1,应急救援技术,,不限,5,3,19800.0
海南,2025,专科批,综合,2158,广东创新科技职业学院,1,6,电子竞技运动与管理,,不限,5,3,19800.0
海南,2025,专科批,综合,2158,广东创新科技职业学院,1,7,学前教育,,不限,10,3,19800.0
海南,2025,专科批,综合,2158,广东创新科技职业学院,1,4,建筑消防技术,,不限,10,3,19800.0
海南,2025,专科批,综合,2158,广东创新科技职业学院,1,3,电气自动化技术,,不限,10,3,19800.0
海南,2025,本科批,综合,2080,广东东软学院,1,5,商务英语,,不限,5,4,30800.0
海南,2025,本科批,综合,2080,广东东软学院,1,2,工商管理,,不限,5,4,30800.0
海南,2025,本科批,综合,2080,广东东软学院,1,3,市场营销,,不限,5,4,30800.0
海南,2025,本科批,综合,2080,广东东软学院,1,4,物流管理,,不限,5,4,30800.0
海南,2025,本科批,综合,2080,广东东软学院,1,1,财务管理,,不限,18,4,30800.0
海南,2025,本科批,综合,2131,广东工商职业技术大学,3,8,数字媒体技术,"(第一学年大旺校区,第二至四学年星湖校区)",物理,8,4,33800.0
海南,2025,本科批,综合,2131,广东工商职业技术大学,3,9,网络工程技术,"(第一学年大旺校区,第二至四学年星湖校区)",物理,8,4,33800.0
海南,2025,本科批,综合,2131,广东工商职业技术大学,2,3,大数据与会计,,不限,5,4,33800.0
海南,2025,本科批,综合,2131,广东工商职业技术大学,2,4,健康管理,,不限,3,4,33800.0
海南,2025,本科批,综合,2131,广东工商职业技术大学,2,2,网络与新媒体,,不限,3,4,33800.0
海南,2025,本科批,综合,2131,广东工商职业技术大学,3,5,机械设计制造及自动化,,物理,15,4,33800.0
海南,2025,本科批,综合,2131,广东工商职业技术大学,4,10,法律,,"政治,历史",15,4,33800.0
海南,2025,本科批,综合,2131,广东工商职业技术大学,3,6,新能源汽车工程技术,,物理,10,4,33800.0
海南,2025,本科批,综合,2131,广东工商职业技术大学,3,7,软件工程技术,"(第一学年大旺校区,第二至四学年星湖校区)",物理,10,4,33800.0
海南,2025,本科批,综合,2067,广东工业大学,2,6,会计学,,不限,3,4,6060.0
海南,2025,本科批,综合,2067,广东工业大学,4,16,化学工程与工艺,(不招色盲、色弱；创新班、卓越工程师班第二学期选拔),"物理,化学",3,4,6850.0
海南,2025,本科批,综合,2067,广东工业大学,2,7,国际经济与贸易,,不限,3,4,6060.0
海南,2025,本科批,综合,2067,广东工业大学,2,12,土地资源管理,,不限,3,4,6060.0
海南,2025,本科批,综合,2067,广东工业大学,4,27,土木工程,,"物理,化学",3,4,6850.0
海南,2025,本科批,综合,2067,广东工业大学,4,14,机械电子工程,,"物理,化学",3,4,6850.0
海南,2025,本科批,综合,2067,广东工业大学,4,18,材料成型及控制工程,"(不招色盲；含卓越工程师班,第三学期选拔)","物理,化学",3,4,6850.0
海南,2025,本科批,综合,2067,广东工业大学,4,19,能源动力类,(包含专业:能源与动力工程、新能源科学与工程；第三学期专业分流),"物理,化学",3,4,6850.0
海南,2025,本科批,综合,2067,广东工业大学,4,15,自动化类,"(包含专业:自动化、机器人工程；不招色盲；自动化(创新班、卓越工程师班)第二学期选拔；机器人工程专业不直接招生,第一学期在自动化类、机械类、电子信息类、计算机类、数学类、工业设计专业的录取生中选拔)","物理,化学",3,4,6850.0
海南,2025,本科批,综合,2067,广东工业大学,4,28,计算机类,"(包含专业:计算机科学与技术、软件工程、网络工程、信息安全；24年起计算机类调整为计算机类(含计算机科学与科学技术、软件工程、网络空间安全),第三学期分流,含:计算机科学与技术专业、软件工程专业,与网络空间安全(强国班))","物理,化学",3,4,6850.0
海南,2025,本科批,综合,2067,广东工业大学,4,17,食品科学与工程,(不招色盲、色弱),"物理,化学",3,4,6850.0
海南,2025,本科批,综合,2067,广东工业大学,2,11,人力资源管理,,不限,2,4,6060.0
海南,2025,本科批,综合,2067,广东工业大学,81,26,化学工程与工艺,(揭阳校区)(在揭阳校区就读；不招色盲、色弱),"物理,化学",2,4,6850.0
海南,2025,本科批,综合,2067,广东工业大学,2,10,工商管理,,不限,2,4,6060.0
海南,2025,本科批,综合,2067,广东工业大学,2,9,市场营销,,不限,2,4,6060.0
海南,2025,本科批,综合,2067,广东工业大学,3,13,数字经济,(中外合作办学),物理,2,4,
海南,2025,本科批,综合,2067,广东工业大学,81,24,机械电子工程,(揭阳校区)(在揭阳校区就读),"物理,化学",2,4,6850.0
海南,2025,本科批,综合,2067,广东工业大学,81,23,电气工程及其自动化,(揭阳校区)(在揭阳校区就读；不招色盲),"物理,化学",2,4,6850.0
海南,2025,本科批,综合,2067,广东工业大学,2,8,社会工作,,不限,2,4,6060.0
海南,2025,本科批,综合,2067,广东工业大学,81,25,计算机科学与技术,(揭阳校区)(在揭阳校区就读),"物理,化学",2,4,6850.0
海南,2025,本科批,综合,2067,广东工业大学,80,20,机械设计制造及其自动化,"(国际班)(国际班；第一、二学年,除收取全日制学生学费外,收取国际化培养费33800元/年；第三、四学年,到国外合作院校完成专业培养,除收取全日制学生学费外,按国外合作院校当年招录国际留学生的标准缴费；留在校内按国际化培养模式完成专业学习的学生,除收取全日制学生学费外收取国际化培养费48000元/年；具体信息详见学校招生章程)","物理,化学",1,4,6850.0
海南,2025,本科批,综合,2067,广东工业大学,80,21,电气工程及其自动化,"(国际班)(不招色盲；国际班；第一、二学年,除收取全日制学生学费外,收取国际化培养费33800元/年；第三、四学年,到国外合作院校完成专业培养,除收取全日制学生学费外,按国外合作院校当年招录国际留学生的标准缴费；留在校内按国际化培养模式完成专业学习的学生,除收取全日制学生学费外收取国际化培养费48000元/年；具体信息详见学校招生章程)","物理,化学",1,4,6850.0
海南,2025,本科批,综合,2067,广东工业大学,80,22,计算机科学与技术,"(国际班)(国际班；第一、二学年,除收取全日制学生学费外,收取国际化培养费33800元/年；第三、四学年,到国外合作院校完成专业培养,除收取全日制学生学费外,按国外合作院校当年招录国际留学生的标准缴费；留在校内按国际化培养模式完成专业学习的学生,除收取全日制学生学费外收取国际化培养费48000元/年；具体信息详见学校招生章程)","物理,化学",1,4,6850.0
海南,2025,本科批,综合,2031,广东海洋大学,3,5,水产养殖学,(不招色盲、色弱),"物理,化学",4,4,5480.0
海南,2025,本科批,综合,2031,广东海洋大学,3,6,海洋渔业科学与技术,(不招色盲、色弱),"物理,化学",3,4,5480.0
海南,2025,本科批,综合,2031,广东海洋大学,3,12,港口航道与海岸工程,,"物理,化学",3,4,6850.0
海南,2025,本科批,综合,2031,广东海洋大学,80,11,电子信息工程,(中外合作办学),"物理,化学",3,4,39000.0
海南,2025,本科批,综合,2031,广东海洋大学,80,8,船舶与海洋工程,(中外合作办学),"物理,化学",3,4,39000.0
海南,2025,本科批,综合,2031,广东海洋大学,3,14,大气科学,(不招色盲),"物理,化学",2,4,6850.0
海南,2025,本科批,综合,2031,广东海洋大学,3,9,建筑环境与能源应用工程,,"物理,化学",2,4,6850.0
海南,2025,本科批,综合,2031,广东海洋大学,3,10,海洋科学,(不招色盲),"物理,化学",2,4,6850.0
海南,2025,本科批,综合,2031,广东海洋大学,3,15,环境科学,(不招色盲、色弱),"物理,化学",2,4,6230.0
海南,2025,本科批,综合,2031,广东海洋大学,3,7,生物科学,(不招色盲、色弱),"物理,化学",2,4,6850.0
海南,2025,本科批,综合,2031,广东海洋大学,3,13,数据科学与大数据技术,,"物理,化学",1,4,6230.0
海南,2025,本科提前批,综合,2031,广东海洋大学,1,1,航海技术,"(要求身高160cm及以上；辨色力正常；双眼裸视力均能达4.6(0.4)及以上,或双眼裸视力均能达到4.0(0.1)及以上且矫正视力均能达到4.6(0.4)及以上)","物理,化学",13,4,6850.0
海南,2025,本科提前批,综合,2031,广东海洋大学,1,2,轮机工程,"(要求身高155cm及以上；辨色力正常；双眼裸视力均能达4.6(0.4)及以上,或双眼裸视力均能达到4.0(0.1)及以上且矫正视力均能达到4.6(0.4)及以上)","物理,化学",13,4,6850.0
海南,2025,专科批,综合,2096,广东机电职业技术学院,1,1,工业设计,"(因用人单位可能对考生身体素质有要求,请色盲、色弱的考生慎重报考)",不限,5,3,6410.0
海南,2025,专科批,综合,2096,广东机电职业技术学院,2,3,机械设计与制造,,物理,5,3,6410.0
海南,2025,专科批,综合,2096,广东机电职业技术学院,1,2,现代物流管理,,不限,5,3,5250.0
海南,2025,专科批,综合,2096,广东机电职业技术学院,2,4,虚拟现实技术应用,,物理,5,3,6410.0
海南,2025,本科批,综合,2046,广东技术师范大学,3,3,历史学,(师范)(广州校区),不限,3,4,5050.0
海南,2025,本科批,综合,2046,广东技术师范大学,4,5,计算机科学与技术,"(第一学年在河源校区,第二至第四学年在广州校区)","物理,化学",3,4,5710.0
海南,2025,本科批,综合,2046,广东技术师范大学,3,4,商务英语,"(第一学年在河源校区,第二至第四学年在广州校区)",不限,2,4,5710.0
海南,2025,本科批,综合,2046,广东技术师范大学,4,6,自动化,"(第一学年在河源校区,第二至第四学年在广州校区)","物理,化学",2,4,5710.0
海南,2025,本科民族班、预科班,综合,2046,广东技术师范大学,6,17,供应链管理,(少数民族预科班；预科培养地点:广东技术师范大学广州校区),"物理,化学",4,1,5710.0
海南,2025,本科民族班、预科班,综合,2046,广东技术师范大学,5,10,工商管理,(少数民族预科班；预科培养地点:广东技术师范大学广州校区),物理,4,1,5710.0
海南,2025,本科民族班、预科班,综合,2046,广东技术师范大学,5,9,应用心理学,(师范)(少数民族预科班；预科培养地点:广东技术师范大学广州校区),物理,4,1,5710.0
海南,2025,本科民族班、预科班,综合,2046,广东技术师范大学,6,15,智能科学与技术,(少数民族预科班；预科培养地点:广东技术师范大学广州校区),"物理,化学",4,1,5710.0
海南,2025,本科民族班、预科班,综合,2046,广东技术师范大学,6,14,网络工程,(少数民族预科班；预科培养地点:广东技术师范大学广州校区),"物理,化学",4,1,5710.0
海南,2025,本科民族班、预科班,综合,2046,广东技术师范大学,6,13,计算机科学与技术,(师范)(少数民族预科班；预科培养地点:广东技术师范大学广州校区),"物理,化学",4,1,5710.0
海南,2025,本科民族班、预科班,综合,2046,广东技术师范大学,5,7,金融学,(少数民族预科班；预科培养地点:广东技术师范大学广州校区),物理,4,1,5710.0
海南,2025,本科民族班、预科班,综合,2046,广东技术师范大学,6,12,人工智能,(少数民族预科班；预科培养地点:广东技术师范大学广州校区),"物理,化学",3,1,5710.0
海南,2025,本科民族班、预科班,综合,2046,广东技术师范大学,6,16,建筑电气与智能化,(少数民族预科班；预科培养地点:广东技术师范大学广州校区),"物理,化学",3,1,5710.0
海南,2025,本科民族班、预科班,综合,2046,广东技术师范大学,6,11,数学与应用数学,(师范)(少数民族预科班；预科培养地点:广东技术师范大学广州校区),"物理,化学",3,1,5710.0
海南,2025,本科民族班、预科班,综合,2046,广东技术师范大学,5,8,汉语言文学,(师范)(少数民族预科班；预科培养地点:广东技术师范大学广州校区),物理,3,1,5710.0
海南,2025,专科批,综合,2052,广东交通职业技术学院,2,3,大数据与会计,,不限,4,3,5250.0
海南,2025,专科批,综合,2052,广东交通职业技术学院,2,4,港口与航运管理,,不限,4,3,6410.0
海南,2025,专科批,综合,2052,广东交通职业技术学院,3,5,软件技术,,物理,2,3,6410.0
海南,2025,专科提前批,综合,2052,广东交通职业技术学院,1,2,航海技术,,不限,5,3,6410.0
海南,2025,专科提前批,综合,2052,广东交通职业技术学院,1,1,轮机工程技术,,不限,5,3,6410.0
海南,2025,本科批,综合,2063,广东金融学院,1,2,会计学,"(第一、二学年在肇庆校区就读,第三、四学年在广州校本部就读)",不限,2,4,5050.0
海南,2025,本科批,综合,2063,广东金融学院,1,5,工商管理,"(第一、二学年在清远校区就读,第三、四学年在广州校本部就读)",不限,2,4,5050.0
海南,2025,本科批,综合,2063,广东金融学院,2,7,经济与金融,"(第一、二学年在清远校区就读,第三、四学年在广州校本部就读)",物理,2,4,5050.0
海南,2025,本科批,综合,2063,广东金融学院,1,3,网络与新媒体,,不限,2,4,5050.0
海南,2025,本科批,综合,2063,广东金融学院,1,1,金融学,"(第一、二学年在清远校区就读,第三、四学年在广州校本部就读)",不限,2,4,5050.0
海南,2025,本科批,综合,2063,广东金融学院,2,6,金融工程,"(第一、二学年在清远校区就读,第三、四学年在广州校本部就读)",物理,2,4,5050.0
海南,2025,本科批,综合,2063,广东金融学院,2,8,金融数学,"(第一、二学年在清远校区就读,第三、四学年在广州校本部就读)",物理,2,4,5050.0
海南,2025,本科批,综合,2063,广东金融学院,2,9,金融科技,"(第一、二学年在清远校区就读,第三、四学年在广州校本部就读)",物理,2,4,5050.0
海南,2025,本科批,综合,2063,广东金融学院,1,4,国际经济与贸易,"(第一、二学年在清远校区就读,第三、四学年在广州校本部就读)",不限,1,4,5050.0
海南,2025,本科批,综合,2063,广东金融学院,3,10,计算机科学与技术,"(第一、二学年在清远校区就读,第三、四学年在广州校本部就读)","物理,化学",1,4,5710.0
海南,2025,本科批,综合,2063,广东金融学院,3,11,软件工程,"(第一、二学年在清远校区就读,第三、四学年在广州校本部就读)","物理,化学",1,4,5710.0
海南,2025,本科批,综合,2057,广东警官学院,1,1,法学,,不限,4,4,4590.0
海南,2025,专科批,综合,2167,广东酒店管理职业技术学院,1,4,口腔医学技术,,不限,3,3,19800.0
海南,2025,专科批,综合,2167,广东酒店管理职业技术学院,1,2,康复治疗技术,,不限,3,3,19800.0
海南,2025,专科批,综合,2167,广东酒店管理职业技术学院,1,3,护理,,不限,3,3,19800.0
海南,2025,专科批,综合,2167,广东酒店管理职业技术学院,1,1,机电一体化技术,,不限,3,3,19800.0
海南,2025,专科批,综合,2167,广东酒店管理职业技术学院,1,5,电子商务,,不限,3,3,18800.0
海南,2025,本科批,综合,2129,广东科技学院,1,4,互联网金融,,不限,5,4,34800.0
海南,2025,本科批,综合,2129,广东科技学院,1,3,供应链管理,,不限,5,4,34800.0
海南,2025,本科批,综合,2129,广东科技学院,1,2,工商管理,,不限,5,4,34800.0
海南,2025,本科批,综合,2129,广东科技学院,2,6,数据科学与大数据技术,,"物理,化学",5,4,34800.0
海南,2025,本科批,综合,2129,广东科技学院,2,5,物联网工程,,"物理,化学",5,4,34800.0
海南,2025,本科批,综合,2129,广东科技学院,1,1,电子商务,,不限,5,4,34800.0
海南,2025,本科批,综合,2130,广东理工学院,5,17,人工智能,,"物理,化学",3,4,31800.0
海南,2025,本科批,综合,2130,广东理工学院,5,19,机械电子工程,,"物理,化学",3,4,31800.0
海南,2025,本科批,综合,2130,广东理工学院,5,16,机械设计制造及其自动化,,"物理,化学",3,4,31800.0
海南,2025,本科批,综合,2130,广东理工学院,5,18,电子信息工程,,"物理,化学",3,4,31800.0
海南,2025,本科批,综合,2130,广东理工学院,5,14,电气工程及其自动化,,"物理,化学",3,4,31800.0
海南,2025,本科批,综合,2130,广东理工学院,5,15,计算机科学与技术,,"物理,化学",3,4,31800.0
海南,2025,本科批,综合,2130,广东理工学院,3,7,互联网金融,,不限,2,4,31800.0
海南,2025,本科批,综合,2130,广东理工学院,3,8,会计学,,不限,2,4,31800.0
海南,2025,本科批,综合,2130,广东理工学院,3,9,商务英语,,不限,2,4,31800.0
海南,2025,本科批,综合,2130,广东理工学院,4,13,工程造价,,物理,2,4,31800.0
海南,2025,本科批,综合,2130,广东理工学院,3,10,日语,,不限,2,4,31800.0
海南,2025,本科批,综合,2130,广东理工学院,4,12,标准化工程,,物理,2,4,31800.0
海南,2025,本科批,综合,2130,广东理工学院,3,6,电子商务,,不限,2,4,31800.0
海南,2025,本科批,综合,2130,广东理工学院,4,11,金融工程,,物理,2,4,31800.0
海南,2025,专科批,综合,2166,广东茂名健康职业学院,1,2,医学检验技术,(不招色盲、色弱),不限,8,3,6410.0
海南,2025,专科批,综合,2166,广东茂名健康职业学院,1,3,康复治疗技术,(不招色盲、色弱),不限,7,3,6410.0
海南,2025,专科批,综合,2166,广东茂名健康职业学院,2,4,护理,(不招色盲、色弱),化学,5,3,6410.0
海南,2025,专科批,综合,2166,广东茂名健康职业学院,1,1,中药学,(不招色盲、色弱),不限,15,3,6410.0
海南,2025,专科批,综合,2166,广东茂名健康职业学院,3,5,药学,(不招色盲、色弱),"物理,化学",10,3,6410.0
海南,2025,专科批,综合,2168,广东茂名幼儿师范专科学校,2,4,学前教育,"(因专业需求,口吃、肢体残疾、手脚动作极不协调者慎报)",不限,5,3,10000.0
海南,2025,专科批,综合,2168,广东茂名幼儿师范专科学校,2,3,小学英语教育,,不限,5,3,5250.0
海南,2025,专科批,综合,2150,广东南方职业学院,1,2,大数据与会计,"(办学地点:第一学年南校区,第二、三学年校本部)",不限,16,3,18000.0
海南,2025,专科批,综合,2150,广东南方职业学院,1,4,学前教育,,不限,16,3,18800.0
海南,2025,专科批,综合,2150,广东南方职业学院,1,1,工业机器人技术,"(办学地点:第一学年南校区,第二、三学年校本部)",不限,16,3,19800.0
海南,2025,专科批,综合,2150,广东南方职业学院,1,5,护理,,不限,16,3,19800.0
海南,2025,专科批,综合,2150,广东南方职业学院,1,3,数字媒体技术,,不限,16,3,18800.0
海南,2025,专科批,综合,2059,广东南华工商职业学院,1,4,大数据与会计,,不限,5,3,5250.0
海南,2025,专科批,综合,2059,广东南华工商职业学院,1,2,建筑装饰工程技术,,不限,5,3,6410.0
海南,2025,专科批,综合,2059,广东南华工商职业学院,1,6,旅游管理,,不限,5,3,5250.0
海南,2025,专科批,综合,2059,广东南华工商职业学院,1,5,商务英语,,不限,3,3,5250.0
海南,2025,专科批,综合,2059,广东南华工商职业学院,1,8,学前教育,,不限,3,3,5250.0
海南,2025,专科批,综合,2059,广东南华工商职业学院,1,1,计算机网络技术,,不限,2,3,6410.0
海南,2025,专科批,综合,2059,广东南华工商职业学院,1,3,数字媒体技术,,不限,1,3,6410.0
海南,2025,专科批,综合,2059,广东南华工商职业学院,1,7,酒店管理与数字化运营,,不限,1,3,5250.0
海南,2025,专科批,综合,2075,广东农工商职业技术学院,1,3,动漫制作技术,,不限,14,3,6410.0
海南,2025,专科批,综合,2075,广东农工商职业技术学院,1,2,商务英语,,不限,11,3,5250.0
海南,2025,专科批,综合,2075,广东农工商职业技术学院,1,1,现代文秘,,不限,10,3,5250.0
海南,2025,本科批,综合,2072,广东培正学院,1,4,会计学,,不限,5,4,32800.0
海南,2025,本科批,综合,2072,广东培正学院,1,2,工商管理,,不限,5,4,32800.0
海南,2025,本科批,综合,2072,广东培正学院,1,1,法学,,不限,5,4,32800.0
海南,2025,本科批,综合,2072,广东培正学院,1,6,人力资源管理,,不限,4,4,32800.0
海南,2025,本科批,综合,2072,广东培正学院,1,3,国际经济与贸易,,不限,4,4,32800.0
海南,2025,本科批,综合,2072,广东培正学院,1,8,应用心理学,,不限,4,4,33000.0
海南,2025,本科批,综合,2072,广东培正学院,1,5,网络与新媒体,,不限,4,4,32800.0
海南,2025,本科批,综合,2072,广东培正学院,1,7,英语,,不限,4,4,32800.0
海南,2025,专科批,综合,2051,广东轻工职业技术大学,5,12,化工生物技术,,不限,2,3,6410.0
海南,2025,专科批,综合,2051,广东轻工职业技术大学,5,10,商务英语,,不限,2,3,5250.0
海南,2025,专科批,综合,2051,广东轻工职业技术大学,5,9,大数据与审计,,不限,2,3,5250.0
海南,2025,专科批,综合,2051,广东轻工职业技术大学,6,14,机械制造及自动化,,物理,2,3,6410.0
海南,2025,专科批,综合,2051,广东轻工职业技术大学,5,13,生物制药技术,,不限,2,3,6410.0
海南,2025,专科批,综合,2051,广东轻工职业技术大学,5,11,食品质量与安全,,不限,1,3,6410.0
海南,2025,本科批,综合,2051,广东轻工职业技术大学,3,3,合成生物技术,,物理,1,4,6410.0
海南,2025,本科批,综合,2051,广东轻工职业技术大学,2,2,现代物流管理,,不限,1,4,5250.0
海南,2025,本科批,综合,2051,广东轻工职业技术大学,3,4,现代精细化工技术,,物理,1,4,6410.0
海南,2025,专科批,综合,2110,广东省外语艺术职业学院,1,1,旅游英语,,不限,10,3,5250.0
海南,2025,本科批,综合,2065,广东石油化工学院,2,2,建筑学,(不招色盲),不限,3,5,5710.0
海南,2025,本科批,综合,2065,广东石油化工学院,3,6,人工智能,(不招单色识别不全者),"物理,化学",2,4,5710.0
海南,2025,本科批,综合,2065,广东石油化工学院,3,17,化学工程与工艺,(卓越班)(不招色盲、色弱),"物理,化学",2,4,5710.0
海南,2025,本科批,综合,2065,广东石油化工学院,3,7,安全工程,(不招色盲、色弱),"物理,化学",2,4,5710.0
海南,2025,本科批,综合,2065,广东石油化工学院,3,16,工程力学,(不招色盲),"物理,化学",2,4,5710.0
海南,2025,本科批,综合,2065,广东石油化工学院,3,10,数学与应用数学,(师范),"物理,化学",2,4,5710.0
海南,2025,本科批,综合,2065,广东石油化工学院,3,18,智能建造,(不招色盲),"物理,化学",2,4,5710.0
海南,2025,本科批,综合,2065,广东石油化工学院,3,11,机械设计制造及其自动化,,"物理,化学",2,4,5710.0
海南,2025,本科批,综合,2065,广东石油化工学院,3,13,材料成型及控制工程,,"物理,化学",2,4,5710.0
海南,2025,本科批,综合,2065,广东石油化工学院,3,9,油气储运工程,(不招色盲),"物理,化学",2,4,5710.0
海南,2025,本科批,综合,2065,广东石油化工学院,3,5,海洋油气工程,(不招色盲),"物理,化学",2,4,5710.0
海南,2025,本科批,综合,2065,广东石油化工学院,3,12,焊接技术与工程,,"物理,化学",2,4,5710.0
海南,2025,本科批,综合,2065,广东石油化工学院,3,15,环境工程,"(不招色盲、色弱；办学地点:第一学年光华校区,第二至四学年西城校区)","物理,化学",2,4,5710.0
海南,2025,本科批,综合,2065,广东石油化工学院,3,8,电气工程及其自动化,(卓越班)(不招色盲),"物理,化学",2,4,5710.0
海南,2025,本科批,综合,2065,广东石油化工学院,3,14,给排水科学与工程,"(不招色盲；办学地点:第一学年光华校区,第二至四学年西城校区)","物理,化学",2,4,5710.0
海南,2025,本科批,综合,2065,广东石油化工学院,3,3,资源勘查工程,(不招色盲),"物理,化学",2,4,5710.0
海南,2025,本科批,综合,2065,广东石油化工学院,3,4,高分子材料与工程,(不招色盲、色弱),"物理,化学",2,4,5710.0
海南,2025,专科批,综合,2079,广东食品药品职业学院,1,9,中药制药,"(因用人单位可能对考生身体素质有要求,请转氨酶异常的考生慎重报考；特征要求:不招色盲、色弱)",不限,5,3,6410.0
海南,2025,专科批,综合,2079,广东食品药品职业学院,1,1,中药学,"(因用人单位可能对考生身体素质有要求,请转氨酶异常的考生慎重报考；特征要求:不招色盲、色弱)",不限,5,3,6410.0
海南,2025,专科批,综合,2079,广东食品药品职业学院,1,2,药物制剂技术,"(因用人单位可能对考生身体素质有要求,请转氨酶异常的考生慎重报考；特征要求:不招色盲、色弱)",不限,5,3,6410.0
海南,2025,专科批,综合,2079,广东食品药品职业学院,1,11,现代物流管理,,不限,4,3,5250.0
海南,2025,专科批,综合,2079,广东食品药品职业学院,1,10,化学制药技术,"(因用人单位可能对考生身体素质有要求,请转氨酶异常的考生慎重报考；特征要求:不招色盲、色弱)",不限,3,3,6410.0
海南,2025,专科批,综合,2079,广东食品药品职业学院,1,7,医学美容技术,"(因用人单位可能对考生身体素质有要求,请转氨酶异常的考生慎重报考；特征要求:不招色盲、色弱)",不限,2,3,6410.0
海南,2025,专科批,综合,2079,广东食品药品职业学院,1,6,医疗器械维护与管理,,不限,2,3,6410.0
海南,2025,专科批,综合,2079,广东食品药品职业学院,1,3,制药设备应用技术,"(因用人单位可能对考生身体素质有要求,请转氨酶异常的考生慎重报考；特征要求:不招色盲、色弱)",不限,1,3,6410.0
海南,2025,专科批,综合,2079,广东食品药品职业学院,1,8,药品生物技术,"(因用人单位可能对考生身体素质有要求,请转氨酶异常的考生慎重报考；特征要求:不招色盲、色弱)",不限,1,3,6410.0
海南,2025,专科批,综合,2079,广东食品药品职业学院,1,5,药品经营与管理,,不限,1,3,6410.0
海南,2025,专科批,综合,2079,广东食品药品职业学院,1,4,食品质量与安全,"(因用人单位可能对考生身体素质有要求,请转氨酶异常的考生慎重报考；特征要求:不招色盲、色弱)",不限,1,3,6410.0
海南,2025,专科批,综合,2053,广东水利电力职业技术学院,2,5,水生态修复技术,,物理,5,3,6410.0
海南,2025,专科批,综合,2053,广东水利电力职业技术学院,1,1,工程造价,"(学分互认)(与英国哈斯菲尔德大学学分互认项目,具体培养模式和学习费用请查看学校网站)",不限,3,3,19600.0
海南,2025,专科批,综合,2053,广东水利电力职业技术学院,2,2,水利水电建筑工程,,物理,15,3,6410.0
海南,2025,专科批,综合,2053,广东水利电力职业技术学院,2,3,水利工程,,物理,13,3,6410.0
海南,2025,专科批,综合,2053,广东水利电力职业技术学院,2,8,发电厂及电力系统,,物理,12,3,6410.0
海南,2025,专科批,综合,2053,广东水利电力职业技术学院,2,7,水政水资源管理,,物理,12,3,6410.0
海南,2025,专科批,综合,2053,广东水利电力职业技术学院,2,6,工程测量技术,,物理,10,3,6410.0
海南,2025,专科批,综合,2053,广东水利电力职业技术学院,3,9,旅游英语,,历史,10,3,5250.0
海南,2025,专科批,综合,2053,广东水利电力职业技术学院,2,4,治河与航道工程技术,,物理,10,3,6410.0
海南,2025,本科批,综合,2068,广东外语外贸大学,2,28,工商管理,(商务智能创新班)(商务智能创新班；培养数字化管理人才),不限,3,4,6061.0
海南,2025,本科批,综合,2068,广东外语外贸大学,3,29,政治学类,(包含专业:国际政治、外交学、国际组织与全球治理；第二学期专业分流),政治,3,4,6061.0
海南,2025,本科批,综合,2068,广东外语外贸大学,2,22,商务英语,(培养数字媒体管理、数字贸易、数字金融、国际经济法人才),不限,2,4,6853.0
海南,2025,本科批,综合,2068,广东外语外贸大学,2,23,新闻传播学类,(包含专业:新闻学、网络与新媒体；第二学期专业分流),不限,2,4,6061.0
海南,2025,本科批,综合,2068,广东外语外贸大学,2,12,日语,(培养人文科学、翻译与数智技术人才),不限,2,4,6853.0
海南,2025,本科批,综合,2068,广东外语外贸大学,2,6,英语,(培养语言科学与应用、英语文学与比较文学、区域国别与跨文化、翻译与国际传播、语言信息管理人才),不限,2,4,6853.0
海南,2025,本科批,综合,2068,广东外语外贸大学,2,2,金融学类,(包含专业:金融学、保险学；第二学期专业分流),不限,2,4,6061.0
海南,2025,本科批,综合,2068,广东外语外贸大学,2,26,会计学,,不限,1,4,6061.0
海南,2025,本科批,综合,2068,广东外语外贸大学,2,7,俄语,,不限,1,4,6853.0
海南,2025,本科批,综合,2068,广东外语外贸大学,2,16,印地语,,不限,1,4,6853.0
海南,2025,本科批,综合,2068,广东外语外贸大学,2,15,印度尼西亚语,,不限,1,4,6853.0
海南,2025,本科批,综合,2068,广东外语外贸大学,2,3,国际经济与贸易,,不限,1,4,6061.0
海南,2025,本科批,综合,2068,广东外语外贸大学,2,25,工商管理类,"(商学院)(包含专业:工商管理、市场营销、人力资源管理；商学院培养,第二学期专业分流)",不限,1,4,6061.0
海南,2025,本科批,综合,2068,广东外语外贸大学,2,24,应用心理学,,不限,1,4,6853.0
海南,2025,本科批,综合,2068,广东外语外贸大学,2,8,德语,,不限,1,4,6853.0
海南,2025,本科批,综合,2068,广东外语外贸大学,2,4,教育学,(培养中小学英语教师),不限,1,4,6061.0
海南,2025,本科批,综合,2068,广东外语外贸大学,2,13,朝鲜语,"(法学双学士学位)(培养“朝鲜语-法学”双学士学位复合型人才,颁发文学和法学双学士学位)",不限,1,4,7303.0
海南,2025,本科批,综合,2068,广东外语外贸大学,2,5,汉语国际教育,(师范),不限,1,4,6061.0
海南,2025,本科批,综合,2068,广东外语外贸大学,2,9,法语,,不限,1,4,6853.0
海南,2025,本科批,综合,2068,广东外语外贸大学,2,18,泰语,"(法学双学士学位)(培养“泰语-法学”双学士学位复合型人才,颁发文学和法学双学士学位)",不限,1,4,7393.0
海南,2025,本科批,综合,2068,广东外语外贸大学,2,21,翻译,,不限,1,4,6853.0
海南,2025,本科批,综合,2068,广东外语外贸大学,2,14,菲律宾语,,不限,1,4,6853.0
海南,2025,本科批,综合,2068,广东外语外贸大学,2,20,葡萄牙语,,不限,1,4,6853.0
海南,2025,本科批,综合,2068,广东外语外贸大学,2,27,行政管理,,不限,1,4,6061.0
海南,2025,本科批,综合,2068,广东外语外贸大学,2,10,西班牙语,,不限,1,4,6853.0
海南,2025,本科批,综合,2068,广东外语外贸大学,2,19,越南语,"(法学双学士学位)(培养“越南语-法学”双学士学位复合型人才,颁发文学和法学双学士学位)",不限,1,4,7393.0
海南,2025,本科批,综合,2068,广东外语外贸大学,2,11,阿拉伯语,,不限,1,4,6853.0
海南,2025,本科批,综合,2068,广东外语外贸大学,2,17,马来语,,不限,1,4,6853.0
海南,2025,本科批,综合,2088,广东外语外贸大学南国商学院,4,9,计算机科学与技术,,"物理,化学",2,4,32500.0
海南,2025,本科批,综合,2088,广东外语外贸大学南国商学院,3,4,会计学,,不限,1,4,32500.0
海南,2025,本科批,综合,2088,广东外语外贸大学南国商学院,3,3,国际经济与贸易,,不限,1,4,32500.0
海南,2025,本科批,综合,2088,广东外语外贸大学南国商学院,3,8,应用心理学,,不限,1,4,32500.0
海南,2025,本科批,综合,2088,广东外语外贸大学南国商学院,3,6,日语,,不限,1,4,35000.0
海南,2025,本科批,综合,2088,广东外语外贸大学南国商学院,3,5,汉语言文学,,不限,1,4,32500.0
海南,2025,本科批,综合,2088,广东外语外贸大学南国商学院,3,7,西班牙语,,不限,1,4,35000.0
海南,2025,专科批,综合,2147,广东文理职业学院,1,13,中医康复技术,,不限,8,3,19800.0
海南,2025,专科批,综合,2147,广东文理职业学院,1,12,中药学,,不限,8,3,19800.0
海南,2025,专科批,综合,2147,广东文理职业学院,1,10,助产,,不限,8,3,19800.0
海南,2025,专科批,综合,2147,广东文理职业学院,1,15,医学检验技术,,不限,8,3,19800.0
海南,2025,专科批,综合,2147,广东文理职业学院,1,14,口腔医学技术,,不限,8,3,19800.0
海南,2025,专科批,综合,2147,广东文理职业学院,1,5,工业机器人技术,,不限,8,3,17800.0
海南,2025,专科批,综合,2147,广东文理职业学院,1,9,护理,,不限,8,3,19800.0
海南,2025,专科批,综合,2147,广东文理职业学院,1,2,新能源汽车技术,,不限,8,3,19800.0
海南,2025,专科批,综合,2147,广东文理职业学院,1,1,汽车检测与维修技术,,不限,8,3,19800.0
海南,2025,专科批,综合,2147,广东文理职业学院,1,4,电气自动化技术,,不限,8,3,17800.0
海南,2025,专科批,综合,2147,广东文理职业学院,1,11,药学,,不限,8,3,19800.0
海南,2025,专科批,综合,2147,广东文理职业学院,1,8,计算机应用技术,,不限,8,3,19800.0
海南,2025,专科批,综合,2147,广东文理职业学院,1,20,人力资源管理,,不限,6,3,17800.0
海南,2025,专科批,综合,2147,广东文理职业学院,1,3,印刷媒体技术,,不限,6,3,17800.0
海南,2025,专科批,综合,2147,广东文理职业学院,1,19,大数据与会计,,不限,6,3,17800.0
海南,2025,专科批,综合,2147,广东文理职业学院,1,17,工商企业管理,,不限,6,3,17800.0
海南,2025,专科批,综合,2147,广东文理职业学院,1,6,工程造价,,不限,6,3,17800.0
海南,2025,专科批,综合,2147,广东文理职业学院,1,16,市场营销,,不限,6,3,17800.0
海南,2025,专科批,综合,2147,广东文理职业学院,1,7,建设工程管理,,不限,6,3,17800.0
海南,2025,专科批,综合,2147,广东文理职业学院,1,21,烹饪工艺与营养,,不限,6,3,19800.0
海南,2025,专科批,综合,2147,广东文理职业学院,1,18,药品经营与管理,,不限,6,3,19800.0
海南,2025,专科批,综合,2161,广东信息工程职业学院,1,7,口腔医学技术,,不限,10,3,23380.0
海南,2025,专科批,综合,2161,广东信息工程职业学院,1,6,大数据与会计,,不限,10,3,17300.0
海南,2025,专科批,综合,2161,广东信息工程职业学院,1,5,护理,,不限,10,3,17380.0
海南,2025,专科批,综合,2161,广东信息工程职业学院,1,2,数字媒体技术,,不限,10,3,16300.0
海南,2025,专科批,综合,2161,广东信息工程职业学院,1,3,新能源汽车技术,,不限,10,3,16300.0
海南,2025,专科批,综合,2161,广东信息工程职业学院,1,4,机械制造及自动化,,不限,10,3,19300.0
海南,2025,专科批,综合,2161,广东信息工程职业学院,1,8,药学,,不限,10,3,17380.0
海南,2025,专科批,综合,2161,广东信息工程职业学院,1,1,计算机应用技术,,不限,10,3,19300.0
海南,2025,专科批,综合,2109,广东亚视演艺职业学院,6,16,动漫制作技术,,不限,8,3,18600.0
海南,2025,专科批,综合,2109,广东亚视演艺职业学院,6,38,医学检验技术,,不限,8,3,18600.0
海南,2025,专科批,综合,2109,广东亚视演艺职业学院,6,14,建筑室内设计,,不限,8,3,18600.0
海南,2025,专科批,综合,2109,广东亚视演艺职业学院,6,37,护理,,不限,8,3,18600.0
海南,2025,专科批,综合,2109,广东亚视演艺职业学院,6,19,大数据与会计,,不限,6,3,18200.0
海南,2025,专科批,综合,2109,广东亚视演艺职业学院,6,33,学前教育,,不限,6,3,18200.0
海南,2025,专科批,综合,2109,广东亚视演艺职业学院,6,12,影视编导,,不限,6,3,19600.0
海南,2025,专科批,综合,2109,广东亚视演艺职业学院,6,15,服装设计与工艺,,不限,6,3,18600.0
海南,2025,专科批,综合,2109,广东亚视演艺职业学院,6,23,网络营销与直播电商,,不限,6,3,18200.0
海南,2025,专科批,综合,2109,广东亚视演艺职业学院,6,27,计算机应用技术,,不限,6,3,18600.0
海南,2025,专科批,综合,2109,广东亚视演艺职业学院,6,26,人工智能技术应用,,不限,4,3,18600.0
海南,2025,专科批,综合,2109,广东亚视演艺职业学院,6,22,商务英语,,不限,4,3,18200.0
海南,2025,专科批,综合,2109,广东亚视演艺职业学院,6,29,计算机网络技术,,不限,4,3,18600.0
海南,2025,专科批,综合,2109,广东亚视演艺职业学院,6,24,跨境电子商务,,不限,4,3,18200.0
海南,2025,专科批,综合,2109,广东亚视演艺职业学院,6,40,中医养生保健,,不限,3,3,18600.0
海南,2025,专科批,综合,2109,广东亚视演艺职业学院,6,25,大数据技术,,不限,3,3,18600.0
海南,2025,专科批,综合,2109,广东亚视演艺职业学院,6,17,文化创意与策划,,不限,3,3,18200.0
海南,2025,专科批,综合,2109,广东亚视演艺职业学院,6,32,移动应用开发,,不限,3,3,18600.0
海南,2025,专科批,综合,2109,广东亚视演艺职业学院,6,34,艺术教育,,不限,3,3,18600.0
海南,2025,专科批,综合,2109,广东亚视演艺职业学院,6,28,软件技术,,不限,3,3,18600.0
海南,2025,专科批,综合,2109,广东亚视演艺职业学院,6,36,中文,,不限,2,3,18200.0
海南,2025,专科批,综合,2109,广东亚视演艺职业学院,6,30,信息安全技术应用,,不限,2,3,18600.0
海南,2025,专科批,综合,2109,广东亚视演艺职业学院,6,18,大数据与财务管理,,不限,2,3,18200.0
海南,2025,专科批,综合,2109,广东亚视演艺职业学院,6,20,工商企业管理,,不限,2,3,18600.0
海南,2025,专科批,综合,2109,广东亚视演艺职业学院,6,31,物联网应用技术,,不限,2,3,18600.0
海南,2025,专科批,综合,2109,广东亚视演艺职业学院,6,21,电子商务,,不限,2,3,18200.0
海南,2025,专科批,综合,2109,广东亚视演艺职业学院,6,11,空中乘务,,不限,2,3,19600.0
海南,2025,专科批,综合,2109,广东亚视演艺职业学院,6,35,音乐教育,,不限,2,3,18200.0
海南,2025,专科批,综合,2109,广东亚视演艺职业学院,6,13,数字媒体技术,,不限,12,3,18600.0
海南,2025,专科批,综合,2109,广东亚视演艺职业学院,6,41,航海技术,,不限,10,3,19600.0
海南,2025,专科批,综合,2109,广东亚视演艺职业学院,6,39,药学,,不限,10,3,18600.0
海南,2025,本科批,综合,2035,广东药科大学,2,2,护理学,(不招色盲、色弱),化学,8,4,6960.0
海南,2025,本科批,综合,2035,广东药科大学,3,15,康复治疗学,(不招色盲、色弱),"物理,化学",6,4,6960.0
海南,2025,本科批,综合,2035,广东药科大学,3,4,预防医学,(不招色盲、色弱),"物理,化学",5,5,6960.0
海南,2025,本科批,综合,2035,广东药科大学,1,1,中医学,(不招色盲、色弱),不限,4,5,6960.0
海南,2025,本科批,综合,2035,广东药科大学,3,14,中药制药,(不招色盲、色弱),"物理,化学",4,4,6960.0
海南,2025,本科批,综合,2035,广东药科大学,3,13,中药学,(不招色盲、色弱),"物理,化学",4,4,6960.0
海南,2025,本科批,综合,2035,广东药科大学,3,3,临床医学,(不招色盲、色弱),"物理,化学",4,5,6960.0
海南,2025,本科批,综合,2035,广东药科大学,3,8,生物制药,(不招色盲、色弱),"物理,化学",4,4,6230.0
海南,2025,本科批,综合,2035,广东药科大学,3,7,生物医学工程,(不招色盲、色弱),"物理,化学",4,4,6230.0
海南,2025,本科批,综合,2035,广东药科大学,3,9,药学,(不招色盲、色弱),"物理,化学",4,4,6960.0
海南,2025,本科批,综合,2035,广东药科大学,3,11,临床药学,(不招色盲、色弱),"物理,化学",3,5,6960.0
海南,2025,本科批,综合,2035,广东药科大学,3,6,制药工程,(不招色盲、色弱),"物理,化学",3,4,6230.0
海南,2025,本科批,综合,2035,广东药科大学,3,12,海洋药学,(不招色盲、色弱),"物理,化学",3,4,6960.0
海南,2025,本科批,综合,2035,广东药科大学,3,5,生物技术,(不招色盲、色弱),"物理,化学",3,4,6230.0
海南,2025,本科批,综合,2035,广东药科大学,3,10,药物制剂,(不招色盲、色弱),"物理,化学",3,4,6960.0
海南,2025,本科批,综合,2033,广东医科大学,2,4,临床医学,(不招色盲、色弱；湛江校区),"物理,化学",5,5,7656.0
海南,2025,本科批,综合,2033,广东医科大学,1,1,护理学,(不招色盲、色弱；湛江校区),化学,5,4,6960.0
海南,2025,本科批,综合,2033,广东医科大学,2,6,麻醉学,(不招色盲、色弱),"物理,化学",4,5,7656.0
海南,2025,本科批,综合,2033,广东医科大学,2,5,医学影像学,(不招色盲、色弱),"物理,化学",3,5,7656.0
海南,2025,本科批,综合,2033,广东医科大学,2,7,口腔医学,(不招色盲、色弱),"物理,化学",3,5,6960.0
海南,2025,本科批,综合,2033,广东医科大学,2,8,儿科学,(不招色盲、色弱),"物理,化学",2,5,7656.0
海南,2025,本科批,综合,2033,广东医科大学,1,2,助产学,(不招色盲、色弱；湛江校区),化学,2,4,6960.0
海南,2025,本科批,综合,2033,广东医科大学,2,3,海洋药学,(不招色盲、色弱),"物理,化学",2,4,7656.0
海南,2025,专科批,综合,2181,广东肇庆航空职业学院,1,3,护理,,不限,10,3,19800.0
海南,2025,专科批,综合,2181,广东肇庆航空职业学院,1,1,无人机应用技术,,不限,10,3,20200.0
海南,2025,专科批,综合,2181,广东肇庆航空职业学院,1,5,民航安全技术管理,,不限,10,3,20200.0
海南,2025,专科批,综合,2181,广东肇庆航空职业学院,1,2,空中乘务,,不限,10,3,20200.0
海南,2025,专科批,综合,2181,广东肇庆航空职业学院,1,4,飞机机电设备维修,,不限,10,3,20200.0
海南,2025,本科批,综合,2216,广西财经学院,1,3,会计学,"(第一学年在武鸣校区,第二至第四学年在明秀或相思湖校区；专业体检受限要求详见学校招生章程)",不限,3,4,4600.0
海南,2025,本科批,综合,2216,广西财经学院,1,1,国际经济与贸易,"(第一学年在武鸣校区,第二至第四学年在明秀或相思湖校区)",不限,3,4,4600.0
海南,2025,本科批,综合,2216,广西财经学院,1,2,旅游管理,"(第一学年在武鸣校区,第二至第四学年在明秀或相思湖校区)",不限,3,4,4600.0
海南,2025,本科批,综合,2216,广西财经学院,1,4,法学,"(第一学年在武鸣校区,第二至第四学年在明秀或相思湖校区)",不限,3,4,4200.0
海南,2025,本科批,综合,2216,广西财经学院,2,5,金融科技,"(第一学年在武鸣校区,第二至第四学年在明秀或相思湖校区)",物理,3,4,4600.0
海南,2025,本科批,综合,2250,广西城市职业大学,1,2,中药学,,不限,5,4,26000.0
海南,2025,本科批,综合,2250,广西城市职业大学,1,3,国际经济与贸易,,不限,5,4,26000.0
海南,2025,本科批,综合,2250,广西城市职业大学,1,5,大数据与会计,,不限,5,4,26000.0
海南,2025,本科批,综合,2250,广西城市职业大学,2,10,工程造价,,物理,5,4,26000.0
海南,2025,本科批,综合,2250,广西城市职业大学,1,8,应用泰语,,不限,5,4,26000.0
海南,2025,本科批,综合,2250,广西城市职业大学,1,7,应用英语,,不限,5,4,26000.0
海南,2025,本科批,综合,2250,广西城市职业大学,2,12,新能源汽车工程技术,,物理,5,4,26000.0
海南,2025,本科批,综合,2250,广西城市职业大学,2,9,机器人技术,,物理,5,4,26000.0
海南,2025,本科批,综合,2250,广西城市职业大学,1,1,康复治疗,,不限,15,4,26000.0
海南,2025,本科批,综合,2250,广西城市职业大学,2,11,机械设计制造及自动化,,物理,15,4,26000.0
海南,2025,本科批,综合,2250,广西城市职业大学,1,6,学前教育,,不限,10,4,26000.0
海南,2025,本科批,综合,2250,广西城市职业大学,1,4,现代物流管理,,不限,10,4,26000.0
海南,2025,本科批,综合,2250,广西城市职业大学,2,13,计算机应用工程,,物理,10,4,26000.0
海南,2025,本科批,综合,2194,广西大学,1,8,信息安全,,"物理,化学",5,4,5977.0
海南,2025,本科批,综合,2194,广西大学,1,2,化学工程与工艺,(不招色盲、色弱),"物理,化学",5,4,5971.0
海南,2025,本科批,综合,2194,广西大学,1,1,土木工程,,"物理,化学",5,4,5979.0
海南,2025,本科批,综合,2194,广西大学,1,6,机械设计制造及其自动化,,"物理,化学",5,4,5968.0
海南,2025,本科批,综合,2194,广西大学,1,4,材料科学与工程,,"物理,化学",5,4,5977.0
海南,2025,本科批,综合,2194,广西大学,1,3,海洋科学,(不招色盲、色弱),"物理,化学",5,4,5968.0
海南,2025,本科批,综合,2194,广西大学,1,7,电子科学与技术,,"物理,化学",5,4,5973.0
海南,2025,本科批,综合,2194,广西大学,1,5,电气工程及其自动化,,"物理,化学",5,4,5971.0
海南,2025,本科批,综合,2194,广西大学,1,9,轻工类,(包含专业:轻化工程、包装工程),"物理,化学",5,4,5968.0
海南,2025,专科批,综合,2248,广西电力职业技术学院,1,7,机电设备技术,(不招色盲、色弱),不限,7,3,7500.0
海南,2025,专科批,综合,2248,广西电力职业技术学院,1,5,电气自动化技术,(不招色盲、色弱),不限,7,3,7500.0
海南,2025,专科批,综合,2248,广西电力职业技术学院,1,1,发电厂及电力系统,(不招色盲、色弱),不限,5,3,7500.0
海南,2025,专科批,综合,2248,广西电力职业技术学院,1,6,机电一体化技术,(不招色盲、色弱),不限,5,3,7500.0
海南,2025,专科批,综合,2248,广西电力职业技术学院,1,4,供热通风与空调工程技术,,不限,4,3,7500.0
海南,2025,专科批,综合,2248,广西电力职业技术学院,1,8,城市轨道交通运营管理,"(不招色盲、色弱；要求男生不低于170cm,女生不低于160cm)",不限,4,3,7500.0
海南,2025,专科批,综合,2248,广西电力职业技术学院,1,2,热能动力工程技术,(不招色盲、色弱),不限,4,3,7500.0
海南,2025,专科批,综合,2248,广西电力职业技术学院,1,3,电力系统自动化技术,(不招色盲、色弱),不限,4,3,7500.0
海南,2025,专科批,综合,2228,广西工业职业技术学院,1,5,大数据与会计,,不限,5,3,6440.0
海南,2025,专科批,综合,2228,广西工业职业技术学院,1,4,小学语文教育,,不限,5,3,6500.0
海南,2025,专科批,综合,2228,广西工业职业技术学院,1,3,机电一体化技术,,不限,20,3,6600.0
海南,2025,专科批,综合,2228,广西工业职业技术学院,1,2,药学,,不限,20,3,6500.0
海南,2025,专科批,综合,2228,广西工业职业技术学院,1,1,新能源汽车检测与维修技术,,不限,10,3,7000.0
海南,2025,专科批,综合,2229,广西国际商务职业技术学院,1,3,大数据与财务管理,,不限,9,3,6500.0
海南,2025,专科批,综合,2229,广西国际商务职业技术学院,1,6,融媒体技术与运营,,不限,7,3,6500.0
海南,2025,专科批,综合,2229,广西国际商务职业技术学院,1,5,连锁经营与管理,,不限,7,3,6000.0
海南,2025,专科批,综合,2229,广西国际商务职业技术学院,1,1,商务英语,,不限,6,3,6500.0
海南,2025,专科批,综合,2229,广西国际商务职业技术学院,1,4,会计信息管理,,不限,5,3,6500.0
海南,2025,专科批,综合,2229,广西国际商务职业技术学院,1,9,动漫制作技术,,不限,5,3,7000.0
海南,2025,专科批,综合,2229,广西国际商务职业技术学院,1,8,大数据技术,,不限,4,3,7000.0
海南,2025,专科批,综合,2229,广西国际商务职业技术学院,1,7,空中乘务,"(不招斜视、色盲、色弱；男生身高170-185cm,女生身高160-175cm;双眼矫正视力不低于4.8；无明显内外八字步；面部、颈部、手部无明显疤痕,无纹身；入学后由学校联合航空服务企业组织面试,面试不合格可申请转读文化与旅游学院其他专业)",不限,4,3,7500.0
海南,2025,专科批,综合,2229,广西国际商务职业技术学院,1,2,应用英语,,不限,3,3,6000.0
海南,2025,专科批,综合,2210,广西机电职业技术学院,1,1,人力资源管理,,不限,5,3,7000.0
海南,2025,专科批,综合,2210,广西机电职业技术学院,1,9,供热通风与空调工程技术,,不限,5,3,7000.0
海南,2025,专科批,综合,2210,广西机电职业技术学院,2,11,工业机器人技术,,物理,5,3,7500.0
海南,2025,专科批,综合,2210,广西机电职业技术学院,2,10,应用电子技术,,物理,5,3,7500.0
海南,2025,专科批,综合,2210,广西机电职业技术学院,2,12,建筑智能化工程技术,,物理,5,3,7500.0
海南,2025,专科批,综合,2210,广西机电职业技术学院,1,3,旅游管理,,不限,5,3,7000.0
海南,2025,专科批,综合,2210,广西机电职业技术学院,1,2,汽车检测与维修技术,,不限,5,3,7500.0
海南,2025,专科批,综合,2210,广西机电职业技术学院,1,8,物联网应用技术,,不限,5,3,7000.0
海南,2025,专科批,综合,2210,广西机电职业技术学院,1,4,现代物流管理,,不限,5,3,7000.0
海南,2025,专科批,综合,2210,广西机电职业技术学院,1,6,计算机应用技术,,不限,5,3,7000.0
海南,2025,专科批,综合,2210,广西机电职业技术学院,1,5,计算机网络技术,,不限,5,3,7000.0
海南,2025,专科批,综合,2210,广西机电职业技术学院,1,7,软件技术,,不限,5,3,7000.0
海南,2025,专科批,综合,2232,广西建设职业技术学院,1,1,工程造价,,不限,5,3,8500.0
海南,2025,专科批,综合,2232,广西建设职业技术学院,1,2,建筑工程技术,,不限,5,3,8500.0
海南,2025,专科批,综合,2232,广西建设职业技术学院,1,4,建筑设计,,不限,5,3,7500.0
海南,2025,专科批,综合,2232,广西建设职业技术学院,1,3,给排水工程技术,,不限,5,3,8000.0
海南,2025,专科批,综合,2227,广西交通职业技术学院,1,7,园林工程技术,,不限,5,3,7000.0
海南,2025,专科批,综合,2227,广西交通职业技术学院,1,4,土木工程检测技术,(水运工程检测),不限,5,3,7500.0
海南,2025,专科批,综合,2227,广西交通职业技术学院,1,6,港口与航运管理,,不限,5,3,7000.0
海南,2025,专科批,综合,2227,广西交通职业技术学院,1,8,船舶工程技术,,不限,5,3,7000.0
海南,2025,专科批,综合,2227,广西交通职业技术学院,1,5,机电一体化技术,,不限,10,3,7500.0
海南,2025,专科批,综合,2227,广西交通职业技术学院,1,3,港口与航道工程技术,,不限,10,3,7000.0
海南,2025,专科批,综合,2227,广西交通职业技术学院,1,2,道路工程造价,,不限,10,3,7500.0
海南,2025,专科批,综合,2227,广西交通职业技术学院,1,1,铁道工程技术,,不限,10,3,7500.0
海南,2025,专科批,综合,2257,广西经济职业学院,1,3,工业机器人技术,,不限,8,3,17000.0
海南,2025,专科批,综合,2257,广西经济职业学院,1,2,建筑工程技术,(建筑节能技术方向),不限,8,3,15000.0
海南,2025,专科批,综合,2257,广西经济职业学院,1,4,社会体育,,不限,8,3,13500.0
海南,2025,专科批,综合,2257,广西经济职业学院,1,1,大数据与财务管理,,不限,11,3,12000.0
海南,2025,本科批,综合,2195,广西科技大学,80,9,软件工程,(中外合作办学),"物理,化学",7,4,45000.0
海南,2025,本科批,综合,2195,广西科技大学,4,12,医学检验技术,(不招色盲、色弱),"物理,化学,生物",4,4,5400.0
海南,2025,本科批,综合,2195,广西科技大学,2,10,智能制造工程,,"物理,化学",4,4,4600.0
海南,2025,本科批,综合,2195,广西科技大学,80,8,机械工程,(中外合作办学),"物理,化学",4,4,45000.0
海南,2025,本科批,综合,2195,广西科技大学,2,2,自动化,,"物理,化学",4,4,4600.0
海南,2025,本科批,综合,2195,广西科技大学,2,3,软件工程,,"物理,化学",4,4,7500.0
海南,2025,本科批,综合,2195,广西科技大学,2,4,食品科学与工程,,"物理,化学",4,4,4600.0
海南,2025,本科批,综合,2195,广西科技大学,1,1,工商管理,,不限,3,4,4600.0
海南,2025,本科批,综合,2195,广西科技大学,3,11,护理学,"(不招色盲、色弱；女生身高不低于155cm,男生身高不低于165cm)","化学,生物",3,4,5400.0
海南,2025,本科批,综合,2195,广西科技大学,2,6,电子信息工程,,"物理,化学",3,4,4600.0
海南,2025,本科批,综合,2195,广西科技大学,2,5,纺织工程,,"物理,化学",3,4,4600.0
海南,2025,本科批,综合,2195,广西科技大学,2,7,新能源汽车工程,,"物理,化学",2,4,4600.0
海南,2025,本科批,综合,2214,广西科技师范学院,5,10,物流管理,,不限,4,4,4600.0
海南,2025,本科批,综合,2214,广西科技师范学院,5,8,学前教育,,不限,3,4,4200.0
海南,2025,本科批,综合,2214,广西科技师范学院,6,14,数据科学与大数据技术,,"物理,化学",2,4,4600.0
海南,2025,本科批,综合,2214,广西科技师范学院,6,15,智慧农业,(不招色盲、色弱),"物理,化学",2,4,3800.0
海南,2025,本科批,综合,2214,广西科技师范学院,5,9,汉语言文学,,不限,2,4,4200.0
海南,2025,本科批,综合,2214,广西科技师范学院,6,11,汽车服务工程,,"物理,化学",2,4,4600.0
海南,2025,本科批,综合,2214,广西科技师范学院,6,12,物联网工程,,"物理,化学",2,4,4600.0
海南,2025,本科批,综合,2214,广西科技师范学院,6,13,软件工程,,"物理,化学",2,4,4600.0
海南,2025,专科批,综合,2255,广西理工职业技术学院,1,11,城市轨道交通运营管理,,不限,5,3,10800.0
海南,2025,专科批,综合,2255,广西理工职业技术学院,1,7,工业机器人技术,,不限,5,3,10800.0
海南,2025,专科批,综合,2255,广西理工职业技术学院,1,20,工程测量技术,,不限,5,3,10800.0
海南,2025,专科批,综合,2255,广西理工职业技术学院,1,3,工程造价,,不限,5,3,10800.0
海南,2025,专科批,综合,2255,广西理工职业技术学院,1,19,广告艺术设计,,不限,5,3,10800.0
海南,2025,专科批,综合,2255,广西理工职业技术学院,1,4,数控技术,,不限,5,3,10800.0
海南,2025,专科批,综合,2255,广西理工职业技术学院,1,1,无人机测绘技术,,不限,5,3,13800.0
海南,2025,专科批,综合,2255,广西理工职业技术学院,1,5,机械制造及自动化,,不限,5,3,10800.0
海南,2025,专科批,综合,2255,广西理工职业技术学院,1,16,现代物流管理,,不限,5,3,10600.0
海南,2025,专科批,综合,2255,广西理工职业技术学院,1,15,电子商务,,不限,5,3,10600.0
海南,2025,专科批,综合,2255,广西理工职业技术学院,1,12,计算机应用技术,,不限,5,3,10800.0
海南,2025,专科批,综合,2255,广西理工职业技术学院,1,13,计算机网络技术,,不限,5,3,10800.0
海南,2025,专科批,综合,2255,广西理工职业技术学院,1,17,酒店管理与数字化运营,,不限,5,3,10600.0
海南,2025,专科批,综合,2255,广西理工职业技术学院,1,9,新能源汽车技术,,不限,15,3,10800.0
海南,2025,专科批,综合,2255,广西理工职业技术学院,1,6,机电一体化技术,,不限,15,3,10800.0
海南,2025,专科批,综合,2255,广西理工职业技术学院,1,8,电气自动化技术,,不限,15,3,10800.0
海南,2025,专科批,综合,2255,广西理工职业技术学院,1,14,大数据与会计,,不限,10,3,10600.0
海南,2025,专科批,综合,2255,广西理工职业技术学院,1,2,建筑室内设计,,不限,10,3,10800.0
海南,2025,专科批,综合,2255,广西理工职业技术学院,1,10,汽车检测与维修技术,,不限,10,3,10800.0
海南,2025,专科批,综合,2255,广西理工职业技术学院,1,18,烹饪工艺与营养,,不限,10,3,10600.0
海南,2025,本科批,综合,2208,广西民族大学,2,3,工商管理,,不限,2,4,5520.0
海南,2025,本科批,综合,2208,广西民族大学,2,5,泰语,(国家基地班)(实行“3.5+0.5”培养模式；入校后第二外语为英语；具体详见学校招生章程),不限,2,4,5040.0
海南,2025,本科批,综合,2208,广西民族大学,3,9,计算机科学与技术,,"物理,化学",2,4,5520.0
海南,2025,本科批,综合,2208,广西民族大学,2,4,越南语,(国家基地班)(实行“3.5+0.5”培养模式；入校后第二外语为英语；具体详见学校招生章程),不限,2,4,5040.0
海南,2025,本科批,综合,2208,广西民族大学,80,7,金融学,"(中澳3+2学分互认联合培养项目)(只录取填报有专业志愿的考生,与澳大利亚麦考瑞大学3+2联合培养(国内3年,学费5520元/学年；第四、第五学年须出国学习,学费约45000澳元/学年),具体详见学校招生章程)",不限,2,4,5520.0
海南,2025,本科批,综合,2208,广西民族大学,3,8,数学与应用数学,(师范),"物理,化学",1,4,5520.0
海南,2025,本科批,综合,2208,广西民族大学,2,6,柬埔寨语,(国家基地班)(实行“3.5+0.5”培养模式；入校后第二外语为英语；具体详见学校招生章程),不限,1,4,5040.0
海南,2025,本科批,综合,2208,广西民族大学,5,11,汉语言文学,,历史,1,4,5040.0
海南,2025,本科批,综合,2208,广西民族大学,2,2,法学,,不限,1,4,5040.0
海南,2025,本科批,综合,2208,广西民族大学,4,10,生物技术,(不招色盲、色弱),"物理,化学,生物",1,4,5520.0
海南,2025,本科批,综合,2238,广西民族大学相思湖学院,1,4,印度尼西亚语,,不限,8,4,17500.0
海南,2025,本科批,综合,2238,广西民族大学相思湖学院,1,5,泰语,,不限,6,4,17500.0
海南,2025,本科批,综合,2238,广西民族大学相思湖学院,1,6,越南语,,不限,5,4,17500.0
海南,2025,本科批,综合,2238,广西民族大学相思湖学院,1,10,供应链管理,,不限,4,4,17800.0
海南,2025,本科批,综合,2238,广西民族大学相思湖学院,3,17,软件工程,,"物理,化学",3,4,20000.0
海南,2025,本科批,综合,2238,广西民族大学相思湖学院,1,2,国际经济与贸易,,不限,2,4,17800.0
海南,2025,本科批,综合,2238,广西民族大学相思湖学院,1,7,市场营销,,不限,2,4,17800.0
海南,2025,本科批,综合,2238,广西民族大学相思湖学院,1,9,旅游管理,,不限,2,4,17800.0
海南,2025,本科批,综合,2238,广西民族大学相思湖学院,3,14,智能工程与创意设计,,"物理,化学",2,4,20000.0
海南,2025,本科批,综合,2238,广西民族大学相思湖学院,3,16,智能车辆工程,,"物理,化学",2,4,20000.0
海南,2025,本科批,综合,2238,广西民族大学相思湖学院,1,11,汉语国际教育,,不限,2,4,17800.0
海南,2025,本科批,综合,2238,广西民族大学相思湖学院,1,8,物流管理,,不限,2,4,17800.0
海南,2025,本科批,综合,2238,广西民族大学相思湖学院,1,1,税收学,,不限,2,4,17800.0
海南,2025,本科批,综合,2238,广西民族大学相思湖学院,3,15,能源互联网工程,,"物理,化学",2,4,20000.0
海南,2025,本科批,综合,2238,广西民族大学相思湖学院,1,3,跨境电子商务,,不限,2,4,17800.0
海南,2025,本科批,综合,2238,广西民族大学相思湖学院,2,12,金融工程,,物理,2,4,17800.0
海南,2025,本科批,综合,2238,广西民族大学相思湖学院,2,13,金融科技,,物理,2,4,17800.0
海南,2025,本科批,综合,2204,广西民族师范学院,6,15,化学,(不招色盲、色弱),"物理,化学",3,4,4600.0
海南,2025,本科批,综合,2204,广西民族师范学院,8,19,地理科学,,地理,3,4,4600.0
海南,2025,本科批,综合,2204,广西民族师范学院,5,9,学前教育,,不限,3,4,4200.0
海南,2025,本科批,综合,2204,广西民族师范学院,5,10,小学教育,,不限,3,4,4200.0
海南,2025,本科批,综合,2204,广西民族师范学院,7,18,思想政治教育,,政治,3,4,4200.0
海南,2025,本科批,综合,2204,广西民族师范学院,6,11,数学与应用数学,,"物理,化学",3,4,4600.0
海南,2025,本科批,综合,2204,广西民族师范学院,5,6,汉语言文学,,不限,3,4,4200.0
海南,2025,本科批,综合,2204,广西民族师范学院,6,12,物理学,,"物理,化学",3,4,4600.0
海南,2025,本科批,综合,2204,广西民族师范学院,6,16,生物科学,(不招色盲、色弱),"物理,化学",3,4,4600.0
海南,2025,本科批,综合,2204,广西民族师范学院,5,8,英语,,不限,3,4,4200.0
海南,2025,本科批,综合,2204,广西民族师范学院,5,7,人力资源管理,,不限,2,4,4600.0
海南,2025,本科批,综合,2204,广西民族师范学院,6,14,电子信息工程,,"物理,化学",2,4,4600.0
海南,2025,本科批,综合,2204,广西民族师范学院,6,17,种子科学与工程,(不招色盲、色弱),"物理,化学",2,4,3800.0
海南,2025,本科批,综合,2204,广西民族师范学院,6,13,网络工程,,"物理,化学",2,4,4600.0
海南,2025,专科批,综合,2274,广西农业工程职业技术学院,1,1,水产养殖技术,(不招色盲、色弱),不限,10,3,6000.0
海南,2025,专科批,综合,2274,广西农业工程职业技术学院,1,2,畜牧兽医,(不招色盲、色弱),不限,10,3,6000.0
海南,2025,专科批,综合,2226,广西生态工程职业技术学院,1,21,人工智能技术应用,,不限,4,3,7500.0
海南,2025,专科批,综合,2226,广西生态工程职业技术学院,1,10,园林工程技术,,不限,4,3,6000.0
海南,2025,专科批,综合,2226,广西生态工程职业技术学院,1,20,园艺技术,,不限,4,3,6500.0
海南,2025,专科批,综合,2226,广西生态工程职业技术学院,1,14,大数据与会计,,不限,4,3,6000.0
海南,2025,专科批,综合,2226,广西生态工程职业技术学院,1,17,大数据技术,,不限,4,3,7000.0
海南,2025,专科批,综合,2226,广西生态工程职业技术学院,1,23,家具设计与制造,,不限,4,3,6500.0
海南,2025,专科批,综合,2226,广西生态工程职业技术学院,1,22,工业机器人技术,,不限,4,3,7000.0
海南,2025,专科批,综合,2226,广西生态工程职业技术学院,1,4,建筑室内设计,,不限,4,3,6000.0
海南,2025,专科批,综合,2226,广西生态工程职业技术学院,1,16,数字媒体技术,,不限,4,3,6500.0
海南,2025,专科批,综合,2226,广西生态工程职业技术学院,1,5,新能源汽车技术,,不限,4,3,7000.0
海南,2025,专科批,综合,2226,广西生态工程职业技术学院,1,12,旅游管理,,不限,4,3,6500.0
海南,2025,专科批,综合,2226,广西生态工程职业技术学院,1,6,无人机应用技术,,不限,4,3,7500.0
海南,2025,专科批,综合,2226,广西生态工程职业技术学院,1,8,智能控制技术,,不限,4,3,7500.0
海南,2025,专科批,综合,2226,广西生态工程职业技术学院,1,9,智能网联汽车技术,,不限,4,3,7500.0
海南,2025,专科批,综合,2226,广西生态工程职业技术学院,1,1,林业技术,,不限,4,3,6000.0
海南,2025,专科批,综合,2226,广西生态工程职业技术学院,1,19,烹饪工艺与营养,,不限,4,3,7000.0
海南,2025,专科批,综合,2226,广西生态工程职业技术学院,1,2,环境监测技术,,不限,4,3,6800.0
海南,2025,专科批,综合,2226,广西生态工程职业技术学院,1,11,现代物流管理,,不限,4,3,6500.0
海南,2025,专科批,综合,2226,广西生态工程职业技术学院,1,13,电子商务,,不限,4,3,6000.0
海南,2025,专科批,综合,2226,广西生态工程职业技术学院,1,7,电气自动化技术,,不限,4,3,7500.0
海南,2025,专科批,综合,2226,广西生态工程职业技术学院,1,18,酒店管理与数字化运营,,不限,4,3,6000.0
海南,2025,专科批,综合,2226,广西生态工程职业技术学院,1,15,食品检验检测技术,,不限,4,3,6500.0
海南,2025,专科批,综合,2226,广西生态工程职业技术学院,1,3,智能建造技术,,不限,2,3,7500.0
海南,2025,本科批,综合,2202,广西师范大学,3,5,旅游管理,,不限,8,4,5500.0
海南,2025,本科批,综合,2202,广西师范大学,3,4,文化产业管理,,不限,7,4,5500.0
海南,2025,本科批,综合,2202,广西师范大学,3,8,旅游管理,(按职教师资培养),不限,6,4,6100.0
海南,2025,本科批,综合,2202,广西师范大学,5,12,汉语国际教育,"(只录取填报有专业志愿考生；在大三学年(第5、第6学期)以中外校际对等交换培养模式赴韩国、泰国及印度尼西亚等国家合作高校学习,并由对方安排在当地中、小学校或其他教育机构进行为期不少于2个月的专业教育实习,出国费用自理,详见学校招生章程)",历史,2,4,5100.0
海南,2025,本科批,综合,2202,广西师范大学,3,6,法学,,不限,2,4,6000.0
海南,2025,本科批,综合,2202,广西师范大学,4,10,生物技术,,"物理,化学",2,4,5500.0
海南,2025,本科批,综合,2202,广西师范大学,4,9,生物科学,(不招色盲、色弱、单色识别不全者),"物理,化学",2,4,5500.0
海南,2025,本科批,综合,2202,广西师范大学,3,7,英语,,不限,2,4,5000.0
海南,2025,本科批,综合,2202,广西师范大学,4,11,环境科学,,"物理,化学",1,4,5500.0
海南,2025,专科批,综合,2219,广西水利电力职业技术学院,1,1,发电厂及电力系统,(不招色盲、色弱),不限,5,3,7500.0
海南,2025,专科批,综合,2219,广西水利电力职业技术学院,1,5,工商企业管理,,不限,5,3,7000.0
海南,2025,专科批,综合,2219,广西水利电力职业技术学院,1,2,机电一体化技术,(不招色盲、色弱),不限,5,3,8000.0
海南,2025,专科批,综合,2219,广西水利电力职业技术学院,1,4,物联网应用技术,,不限,5,3,7000.0
海南,2025,专科批,综合,2219,广西水利电力职业技术学院,1,3,计算机应用技术,,不限,5,3,7000.0
海南,2025,专科批,综合,2211,广西体育高等专科学校,2,8,小学教育,,不限,2,3,6500.0
海南,2025,专科批,综合,2211,广西体育高等专科学校,2,9,研学旅行管理与服务,,不限,12,3,6500.0
海南,2025,本科批,综合,2247,广西外国语学院,4,21,学前教育,"(一、二年级在广西扶绥县中国-东盟南宁空港经济区空港校区就读,三、四年级在广西南宁市五合校区就读)",不限,4,4,25200.0
海南,2025,本科批,综合,2247,广西外国语学院,4,7,英语,"(一、二年级在广西扶绥县中国-东盟南宁空港经济区空港校区就读,三、四年级在广西南宁市五合校区就读)",不限,4,4,25200.0
海南,2025,本科批,综合,2247,广西外国语学院,4,13,国际经济与贸易,"(一、二年级在广西扶绥县中国-东盟南宁空港经济区空港校区就读,三、四年级在广西南宁市五合校区就读)",不限,3,4,23800.0
海南,2025,本科批,综合,2247,广西外国语学院,4,14,经济与金融,"(一、二年级在广西扶绥县中国-东盟南宁空港经济区空港校区就读,三、四年级在广西南宁市五合校区就读)",不限,3,4,23800.0
海南,2025,本科批,综合,2247,广西外国语学院,4,19,健康服务与管理,"(一、二年级在广西扶绥县中国-东盟南宁空港经济区空港校区就读,三、四年级在广西南宁市五合校区就读)",不限,2,4,23800.0
海南,2025,本科批,综合,2247,广西外国语学院,5,24,物流工程,"(一、二年级在广西扶绥县中国-东盟南宁空港经济区空港校区就读,三、四年级在广西南宁市五合校区就读)",物理,2,4,23800.0
海南,2025,本科批,综合,2247,广西外国语学院,4,15,网络与新媒体,"(一年级在广西扶绥县中国-东盟南宁空港经济区空港校区就读,二、三、四年级在广西南宁市五合校区就读)",不限,2,4,25200.0
海南,2025,本科批,综合,2247,广西外国语学院,4,20,艺术教育,"(一、二年级在广西扶绥县中国-东盟南宁空港经济区空港校区就读,三、四年级在广西南宁市五合校区就读)",不限,2,4,25200.0
海南,2025,本科批,综合,2247,广西外国语学院,6,29,人工智能,"(一、二年级在广西扶绥县中国-东盟南宁空港经济区空港校区就读,三、四年级在广西南宁市五合校区就读)","物理,化学",1,4,26000.0
海南,2025,本科批,综合,2247,广西外国语学院,6,28,信息工程,"(一、二年级在广西扶绥县中国-东盟南宁空港经济区空港校区就读,三、四年级在广西南宁市五合校区就读)","物理,化学",1,4,25200.0
海南,2025,本科批,综合,2247,广西外国语学院,4,18,公共事业管理,"(一、二年级在广西扶绥县中国-东盟南宁空港经济区空港校区就读,三、四年级在广西南宁市五合校区就读)",不限,1,4,23800.0
海南,2025,本科批,综合,2247,广西外国语学院,4,9,商务英语,"(一、二年级在广西扶绥县中国-东盟南宁空港经济区空港校区就读,三、四年级在广西南宁市五合校区就读)",不限,1,4,25200.0
海南,2025,本科批,综合,2247,广西外国语学院,6,30,数据科学与大数据技术,"(一、二年级在广西扶绥县中国-东盟南宁空港经济区空港校区就读,三、四年级在广西南宁市五合校区就读)","物理,化学",1,4,25200.0
海南,2025,本科批,综合,2247,广西外国语学院,4,16,新闻学,"(一年级在广西扶绥县中国-东盟南宁空港经济区空港校区就读,二、三、四年级在广西南宁市五合校区就读)",不限,1,4,25200.0
海南,2025,本科批,综合,2247,广西外国语学院,4,11,汉语言文学,"(一、二年级在广西扶绥县中国-东盟南宁空港经济区空港校区就读,三、四年级在广西南宁市五合校区就读)",不限,1,4,28000.0
海南,2025,本科批,综合,2247,广西外国语学院,4,8,法语,"(一、二年级在广西扶绥县中国-东盟南宁空港经济区空港校区就读,三、四年级在广西南宁市五合校区就读)",不限,1,4,25200.0
海南,2025,本科批,综合,2247,广西外国语学院,4,10,泰语,"(一、二年级在广西扶绥县中国-东盟南宁空港经济区空港校区就读,三、四年级在广西南宁市五合校区就读)",不限,1,4,22800.0
海南,2025,本科批,综合,2247,广西外国语学院,4,17,税收学,"(一、二年级在广西扶绥县中国-东盟南宁空港经济区空港校区就读,三、四年级在广西南宁市五合校区就读)",不限,1,4,26000.0
海南,2025,本科批,综合,2247,广西外国语学院,6,25,网络工程,"(一、二年级在广西扶绥县中国-东盟南宁空港经济区空港校区就读,三、四年级在广西南宁市五合校区就读)","物理,化学",1,4,25200.0
海南,2025,本科批,综合,2247,广西外国语学院,6,27,计算机科学与技术,"(一、二年级在广西扶绥县中国-东盟南宁空港经济区空港校区就读,三、四年级在广西南宁市五合校区就读)","物理,化学",1,4,26000.0
海南,2025,本科批,综合,2247,广西外国语学院,4,6,越南语,"(一、二年级在广西扶绥县中国-东盟南宁空港经济区空港校区就读,三、四年级在广西南宁市五合校区就读)",不限,1,4,22800.0
海南,2025,本科批,综合,2247,广西外国语学院,4,12,跨境电子商务,"(一、二年级在广西扶绥县中国-东盟南宁空港经济区空港校区就读,三、四年级在广西南宁市五合校区就读)",不限,1,4,23800.0
海南,2025,本科批,综合,2247,广西外国语学院,6,26,软件工程,"(一、二年级在广西扶绥县中国-东盟南宁空港经济区空港校区就读,三、四年级在广西南宁市五合校区就读)","物理,化学",1,4,25200.0
海南,2025,本科批,综合,2247,广西外国语学院,5,22,金融工程,"(一、二年级在广西扶绥县中国-东盟南宁空港经济区空港校区就读,三、四年级在广西南宁市五合校区就读)",物理,1,4,23800.0
海南,2025,本科批,综合,2247,广西外国语学院,5,23,金融科技,"(一、二年级在广西扶绥县中国-东盟南宁空港经济区空港校区就读,三、四年级在广西南宁市五合校区就读)",物理,1,4,23800.0
海南,2025,专科批,综合,2247,广西外国语学院,7,41,国际经济与贸易,(在广西扶绥县中国-东盟南宁空港经济区空港校区就读),不限,3,3,12200.0
海南,2025,专科批,综合,2247,广西外国语学院,7,42,计算机应用技术,(在广西扶绥县中国-东盟南宁空港经济区空港校区就读),不限,3,3,13200.0
海南,2025,专科批,综合,2247,广西外国语学院,7,37,工商企业管理,(在广西扶绥县中国-东盟南宁空港经济区空港校区就读),不限,2,3,12200.0
海南,2025,专科批,综合,2247,广西外国语学院,7,32,应用英语,(在广西扶绥县中国-东盟南宁空港经济区空港校区就读),不限,2,3,13200.0
海南,2025,专科批,综合,2247,广西外国语学院,7,38,现代物流管理,(在广西扶绥县中国-东盟南宁空港经济区空港校区就读),不限,2,3,12200.0
海南,2025,专科批,综合,2247,广西外国语学院,7,43,国际金融,(在广西扶绥县中国-东盟南宁空港经济区空港校区就读),不限,1,3,12200.0
海南,2025,专科批,综合,2247,广西外国语学院,7,34,大数据与会计,(在广西扶绥县中国-东盟南宁空港经济区空港校区就读),不限,1,3,13200.0
海南,2025,专科批,综合,2247,广西外国语学院,7,35,大数据与财务管理,(在广西扶绥县中国-东盟南宁空港经济区空港校区就读),不限,1,3,13200.0
海南,2025,专科批,综合,2247,广西外国语学院,7,33,应用法语,(在广西扶绥县中国-东盟南宁空港经济区空港校区就读),不限,1,3,12200.0
海南,2025,专科批,综合,2247,广西外国语学院,7,31,应用泰语,(在广西扶绥县中国-东盟南宁空港经济区空港校区就读),不限,1,3,12200.0
海南,2025,专科批,综合,2247,广西外国语学院,7,36,应用西班牙语,(在广西扶绥县中国-东盟南宁空港经济区空港校区就读),不限,1,3,12200.0
海南,2025,专科批,综合,2247,广西外国语学院,7,39,酒店管理与数字化运营,(涉外酒店管理方向)(在广西扶绥县中国-东盟南宁空港经济区空港校区就读),不限,1,3,12200.0
海南,2025,专科批,综合,2247,广西外国语学院,7,40,酒店管理与数字化运营,(星级酒店管理方向)(在广西扶绥县中国-东盟南宁空港经济区空港校区就读),不限,1,3,12200.0
海南,2025,专科批,综合,2260,广西卫生职业技术学院,1,1,临床医学,(不招色盲、色弱),不限,3,3,8000.0
海南,2025,专科批,综合,2260,广西卫生职业技术学院,1,2,护理,(不招色盲、色弱),不限,3,3,8000.0
海南,2025,专科批,综合,2260,广西卫生职业技术学院,1,4,中医学,(不招色盲、色弱),不限,2,3,8000.0
海南,2025,专科批,综合,2260,广西卫生职业技术学院,1,3,药学,(不招色盲、色弱),不限,2,3,8000.0
海南,2025,专科批,综合,2271,广西物流职业技术学院,1,3,供应链运营,,不限,5,3,7000.0
海南,2025,专科批,综合,2271,广西物流职业技术学院,1,5,大数据与会计,,不限,5,3,6000.0
海南,2025,专科批,综合,2271,广西物流职业技术学院,1,7,大数据与财务管理,,不限,5,3,6000.0
海南,2025,专科批,综合,2271,广西物流职业技术学院,2,9,新能源汽车检测与维修技术,"(高考体检结果中出现以下其中一种情况的考生不予录取:色盲,色弱,不能准确识别红、黄、绿、兰、紫各种颜色中任何一种颜色的导线、按键、信号灯、几何图形者)",物理,5,3,7300.0
海南,2025,专科批,综合,2271,广西物流职业技术学院,1,6,智能物流技术,,不限,5,3,6800.0
海南,2025,专科批,综合,2271,广西物流职业技术学院,1,1,物流工程技术,,不限,5,3,6800.0
海南,2025,专科批,综合,2271,广西物流职业技术学院,1,2,现代物流管理,(智慧仓储管理方向),不限,5,3,6800.0
海南,2025,专科批,综合,2271,广西物流职业技术学院,1,4,现代物流管理,,不限,5,3,6800.0
海南,2025,专科批,综合,2271,广西物流职业技术学院,2,8,智能网联汽车技术,"(高考体检结果中出现以下其中一种情况的考生不予录取:色盲,色弱,不能准确识别红、黄、绿、兰、紫各种颜色中任何一种颜色的导线、按键、信号灯、几何图形者)",物理,10,3,7500.0
海南,2025,专科批,综合,2271,广西物流职业技术学院,2,10,汽车制造与试验技术,"(高考体检结果中出现以下其中一种情况的考生不予录取:色盲,色弱,不能准确识别红、黄、绿、兰、紫各种颜色中任何一种颜色的导线、按键、信号灯、几何图形者)",物理,10,3,6500.0
海南,2025,专科批,综合,2233,广西现代职业技术学院,1,2,电子商务,,不限,8,3,6000.0
海南,2025,专科批,综合,2233,广西现代职业技术学院,1,1,学前教育,,不限,12,3,6000.0
海南,2025,专科批,综合,2246,广西演艺职业学院,5,8,大数据与会计,,不限,7,3,9000.0
海南,2025,专科批,综合,2246,广西演艺职业学院,5,7,计算机应用技术,,不限,12,3,9500.0
海南,2025,专科批,综合,2246,广西演艺职业学院,5,6,高速铁路客运服务,"(男生身高不低于168cm,女生身高不低于158cm)",不限,11,3,9500.0
海南,2025,本科批,综合,2198,广西医科大学,1,7,临床医学,(不招色盲、色弱),"物理,化学",4,5,7500.0
海南,2025,本科批,综合,2198,广西医科大学,1,1,临床医学,(5+3一体化)(不招色盲、色弱),"物理,化学",2,5,7500.0
海南,2025,本科批,综合,2198,广西医科大学,1,3,临床药学,(不招色盲、色弱),"物理,化学",2,5,6400.0
海南,2025,本科批,综合,2198,广西医科大学,1,6,儿科学,(不招色盲、色弱),"物理,化学",2,5,6400.0
海南,2025,本科批,综合,2198,广西医科大学,1,5,医学影像学,(不招色盲、色弱),"物理,化学",2,5,6400.0
海南,2025,本科批,综合,2198,广西医科大学,1,2,法医学,(不招色盲、色弱),"物理,化学",2,5,6400.0
海南,2025,本科批,综合,2198,广西医科大学,1,4,预防医学,(不招色盲、色弱),"物理,化学",2,5,7500.0
海南,2025,专科批,综合,2258,广西幼儿师范高等专科学校,3,8,现代教育技术,,不限,5,3,7000.0
海南,2025,专科批,综合,2258,广西幼儿师范高等专科学校,3,10,小学教育,,不限,4,3,6500.0
海南,2025,专科批,综合,2258,广西幼儿师范高等专科学校,3,9,早期教育,,不限,4,3,6000.0
海南,2025,专科批,综合,2258,广西幼儿师范高等专科学校,3,6,学前教育,(不招色盲、色弱),不限,3,3,6500.0
海南,2025,专科批,综合,2258,广西幼儿师范高等专科学校,3,5,中文,,不限,2,3,6500.0
海南,2025,专科批,综合,2258,广西幼儿师范高等专科学校,3,7,特殊教育,(不招色盲、色弱),不限,2,3,5500.0
海南,2025,专科批,综合,2258,广西幼儿师范高等专科学校,3,4,现代文秘,(公关与策划),不限,2,3,6500.0
海南,2025,本科批,综合,2200,广西中医药大学,80,1,中医学,(不招色盲、色弱),不限,4,5,6435.0
海南,2025,本科批,综合,2200,广西中医药大学,80,2,针灸推拿学,(不招色盲、色弱),不限,4,5,6435.0
海南,2025,本科批,综合,2200,广西中医药大学,2,7,药学,(不招色盲、色弱),"物理,化学",3,4,6450.0
海南,2025,本科批,综合,2200,广西中医药大学,2,6,中药学,(不招色盲、色弱),"物理,化学",2,4,6450.0
海南,2025,本科批,综合,2200,广西中医药大学,81,5,临床医学,(不招色盲、色弱),"物理,化学",2,5,6435.0
海南,2025,本科批,综合,2200,广西中医药大学,1,3,健康服务与管理,,不限,2,4,5469.0
海南,2025,本科批,综合,2200,广西中医药大学,2,8,康复治疗学,(不招色盲、色弱),"物理,化学",2,4,6450.0
海南,2025,本科批,综合,2200,广西中医药大学,81,4,口腔医学,(不招色盲、色弱),"物理,化学",1,5,6435.0
海南,2025,本科批,综合,2241,广西中医药大学赛恩斯新医药学院,1,2,针灸推拿学,(不招色盲、色弱),不限,4,5,15000.0
海南,2025,本科批,综合,2241,广西中医药大学赛恩斯新医药学院,2,4,中药学,(不招色盲、色弱),"物理,化学",2,4,15000.0
海南,2025,本科批,综合,2241,广西中医药大学赛恩斯新医药学院,2,3,药学,(不招色盲、色弱),"物理,化学",2,4,15000.0
海南,2025,本科批,综合,2241,广西中医药大学赛恩斯新医药学院,1,1,中医学,(不招色盲、色弱),不限,12,5,15000.0
海南,2025,专科批,综合,2267,广西自然资源职业技术学院,1,1,工程测量技术,,不限,9,3,7500.0
海南,2025,专科批,综合,2267,广西自然资源职业技术学院,1,5,电子商务,,不限,6,3,6500.0
海南,2025,专科批,综合,2267,广西自然资源职业技术学院,1,3,工业机器人技术,,不限,5,3,7500.0
海南,2025,专科批,综合,2267,广西自然资源职业技术学院,1,2,机电一体化技术,,不限,5,3,7500.0
海南,2025,专科批,综合,2267,广西自然资源职业技术学院,1,4,软件技术,,不限,5,3,7500.0
海南,2025,专科批,综合,2498,广元中核职业技术学院,1,3,数控技术,,不限,4,3,10000.0
海南,2025,专科批,综合,2498,广元中核职业技术学院,1,2,机电设备技术,,不限,4,3,10000.0
海南,2025,专科批,综合,2498,广元中核职业技术学院,1,1,核电站动力设备运行与维护,,不限,4,3,10000.0
海南,2025,专科批,综合,2148,广州城建职业学院,1,2,城市轨道交通工程技术,,不限,7,3,20000.0
海南,2025,专科批,综合,2148,广州城建职业学院,1,1,建筑工程技术,,不限,7,3,20000.0
海南,2025,专科批,综合,2148,广州城建职业学院,1,3,计算机应用技术,,不限,7,3,20000.0
海南,2025,专科批,综合,2148,广州城建职业学院,1,8,传播与策划,,不限,12,3,19500.0
海南,2025,专科批,综合,2148,广州城建职业学院,1,4,大数据与会计,,不限,12,3,19500.0
海南,2025,专科批,综合,2148,广州城建职业学院,1,7,数字媒体技术,,不限,12,3,20000.0
海南,2025,专科批,综合,2148,广州城建职业学院,1,6,网络营销与直播电商,,不限,12,3,19500.0
海南,2025,专科批,综合,2148,广州城建职业学院,1,9,软件技术,,不限,11,3,20000.0
海南,2025,专科批,综合,2148,广州城建职业学院,1,5,市场营销,,不限,10,3,19500.0
海南,2025,本科批,综合,2085,广州城市理工学院,1,13,英语,(广东省质量工程特色专业；校友会中国民办大学一流专业；学校综合改革试点专业),不限,8,4,30000.0
海南,2025,本科批,综合,2085,广州城市理工学院,1,9,商务英语,,不限,7,4,30000.0
海南,2025,本科批,综合,2085,广州城市理工学院,1,7,建筑学,(广东省质量工程特色专业；校友会中国民办大学一流专业；学校特色建设专业),不限,6,4,30000.0
海南,2025,本科批,综合,2085,广州城市理工学院,1,10,国际经济与贸易,(IACBE国际商科教育认证专业；校友会中国民办大学一流专业),不限,5,4,30000.0
海南,2025,本科批,综合,2085,广州城市理工学院,1,2,会计学,(广东省一流专业;广东省特色建设专业;IACBE国际商科教育认证专业；校友会中国民办大学一流专业；学校特色建设专业),不限,4,4,31000.0
海南,2025,本科批,综合,2085,广州城市理工学院,1,14,供应链管理,(新商科专业；广东省首个供应链管理本科专业),不限,4,4,30000.0
海南,2025,本科批,综合,2085,广州城市理工学院,2,16,大数据管理与应用,(新商科专业),物理,3,4,30000.0
海南,2025,本科批,综合,2085,广州城市理工学院,1,4,税收学,(新商科专业；粤港澳大湾区财税研究中心特色专业方向),不限,3,4,30000.0
海南,2025,本科批,综合,2085,广州城市理工学院,2,15,经济统计学,(新商科专业；校友会广东省一流专业(应用型)；人工智能、区块链、云计算、大数据四大信息技术融合特色专业),物理,3,4,30000.0
海南,2025,本科批,综合,2085,广州城市理工学院,2,17,金融工程,(广东省特色建设专业；与华南理工大学联合培养硕士研究生；校友会中国民办大学一流专业；学校特色建设专业；国内首个碳金融本科专业方向),物理,3,4,30000.0
海南,2025,本科批,综合,2085,广州城市理工学院,1,1,人力资源管理,(IACBE国际商科教育认证专业),不限,2,4,30000.0
海南,2025,本科批,综合,2085,广州城市理工学院,1,3,市场营销,(广东省特色建设专业；IACBE国际商科教育认证专业；学校特色建设专业),不限,2,4,30000.0
海南,2025,本科批,综合,2085,广州城市理工学院,3,20,新能源汽车工程,,"物理,化学",2,4,30000.0
海南,2025,本科批,综合,2085,广州城市理工学院,1,8,日语,,不限,2,4,30000.0
海南,2025,本科批,综合,2085,广州城市理工学院,3,21,智能车辆工程,(广东省民办高校唯一的本科专业),"物理,化学",2,4,30000.0
海南,2025,本科批,综合,2085,广州城市理工学院,3,19,电子信息工程,(与华南理工大学联合培养硕士研究生；校友会中国民办大学一流专业),"物理,化学",2,4,30000.0
海南,2025,本科批,综合,2085,广州城市理工学院,1,5,经济学,(新商科专业；校友会广东省一流专业(应用型)；粤港澳大湾区数字经济建设试点专业),不限,2,4,30000.0
海南,2025,本科批,综合,2085,广州城市理工学院,1,11,财务管理,(IACBE国际商科教育认证专业；学校综合改革试点专业),不限,2,4,30000.0
海南,2025,本科批,综合,2085,广州城市理工学院,3,18,车辆工程,(广东省一流本科专业；广东省应用型人才培养示范专业；与华南理工大学联合培养硕士研究生；工程教育(IEET)认证专业；校友会中国民办学校顶尖应用型专业),"物理,化学",2,4,30000.0
海南,2025,本科批,综合,2085,广州城市理工学院,3,22,通信工程,(广东省质量工程专业综合改革试点项目；与华南理工大学联合培养硕士研究生；IEET中华工程教育学会认证专业；校友会中国民办大学一流专业；学校特色建设专业；华为ICT学院),"物理,化学",2,4,30000.0
海南,2025,本科批,综合,2085,广州城市理工学院,1,6,风景园林,,不限,2,4,30000.0
海南,2025,本科批,综合,2085,广州城市理工学院,1,12,会计学,(ACCA审计双语班)(依托省级一流专业办学；省级一流课程优势专业；IACBE国际商科教育认证专业；可于大三或大四赴国外合作院校开展中外学分互认双学位项目；也可四年均在国内就读),不限,12,4,31000.0
海南,2025,本科批,综合,2055,广州大学,3,6,国际法,,不限,2,4,6060.0
海南,2025,本科批,综合,2055,广州大学,5,12,土木工程,,"物理,化学",2,4,6850.0
海南,2025,本科批,综合,2055,广州大学,3,5,广播电视学,(数智视听传播)(智能视听内容生产、全媒体传播技术及数字化运营能力的复合型传媒人),不限,2,4,6060.0
海南,2025,本科批,综合,2055,广州大学,3,9,建筑学,,不限,2,5,6850.0
海南,2025,本科批,综合,2055,广州大学,80,3,旅游管理,"(中外合作办学)(与法国昂热大学中外合作办学、数智文旅,约20人小班授课)",不限,2,4,19800.0
海南,2025,本科批,综合,2055,广州大学,3,7,英语,(重点培养方向:英语大数据、智能翻译传播/跨境电商),不限,2,4,6850.0
海南,2025,本科批,综合,2055,广州大学,3,8,行政管理,(智慧治理),不限,2,4,6060.0
海南,2025,本科批,综合,2055,广州大学,5,11,计算机科学与技术,(含景中院士班、贺福初院士班),"物理,化学",2,4,6850.0
海南,2025,本科批,综合,2055,广州大学,5,14,化学,,"物理,化学",1,4,6850.0
海南,2025,本科批,综合,2055,广州大学,4,10,数字经济,,物理,1,4,6060.0
海南,2025,本科批,综合,2055,广州大学,5,13,数学与应用数学,,"物理,化学",1,4,6850.0
海南,2025,本科批,综合,2055,广州大学,3,4,汉语言文学,,不限,1,4,6060.0
海南,2025,本科批,综合,2124,广州工商学院,1,4,会计学,(ACCA国际证书班；具体培养模式和学习费用详见学校招生章程),不限,8,4,47600.0
海南,2025,本科批,综合,2124,广州工商学院,2,5,软件工程,"(人工智能运维国际班；本专业可辅修商科类微专业课程,具体培养模式和学习费用详见学校招生章程)","物理,化学",8,4,47600.0
海南,2025,本科批,综合,2124,广州工商学院,1,1,学前教育,"(国际幼师班；本专业可以辅修IT类微专业课程,具体培养模式和学习费用详见学校招生章程)",不限,4,4,46600.0
海南,2025,本科批,综合,2124,广州工商学院,1,3,工商管理,"(名校交换培养班；与海内外知名高校开展交换学习培养,具体培养模式和学习费用详见学校招生章程)",不限,3,4,47600.0
海南,2025,本科批,综合,2124,广州工商学院,1,2,日语,"(国际商务双专业班；本专业可以辅修IT类微专业课程,具体培养模式详见学校招生章程)",不限,3,4,46600.0
海南,2025,本科提前批,综合,2056,广州航海学院,1,1,航海技术,"(要求辨色力正常(无色盲无色弱),无复视；身高160cm及以上；双眼裸视力均能达到4.7(0.5)及以上,或双眼裸视力均能达到4.0(0.1)及以上且矫正视力均能达到4.8(0.6)及以上(其他要求见我校招生章程)；入学后只限在航海类专业之间转专业)","物理,化学",1,4,5190.0
海南,2025,本科提前批,综合,2056,广州航海学院,1,3,船舶电子电气工程,"(要求无红绿色盲,无复视；身高155cm及以上；双眼裸视力均能达到4.6(0.4)及以上,或双眼裸视力均能达到4.0(0.1)及以上且矫正视力均能达到4.6(0.4)及以上(其他要求见我校招生章程)；入学后只限在航海类专业之间转专业)","物理,化学",1,4,5190.0
海南,2025,本科提前批,综合,2056,广州航海学院,1,2,轮机工程,"(要求无红绿色盲,无复视；身高155cm及以上；双眼裸视力均能达到4.6(0.4)及以上,或双眼裸视力均能达到4.0(0.1)及以上且矫正视力均能达到4.6(0.4)及以上(其他要求见我校招生章程)；入学后只限在航海类专业之间转专业)","物理,化学",1,4,5190.0
海南,2025,专科批,综合,2138,广州华立科技职业学院,1,1,电力系统自动化技术,,不限,8,3,19800.0
海南,2025,专科批,综合,2138,广州华立科技职业学院,1,7,动物医学,,不限,6,3,19800.0
海南,2025,专科批,综合,2138,广州华立科技职业学院,1,2,计算机应用技术,,不限,6,3,19800.0
海南,2025,专科批,综合,2138,广州华立科技职业学院,1,6,医学检验技术,,不限,10,3,19800.0
海南,2025,专科批,综合,2138,广州华立科技职业学院,1,3,心理咨询,,不限,10,3,19800.0
海南,2025,专科批,综合,2138,广州华立科技职业学院,1,4,播音与主持,,不限,10,3,19800.0
海南,2025,专科批,综合,2138,广州华立科技职业学院,1,5,眼视光技术,,不限,10,3,19800.0
海南,2025,本科批,综合,2112,广州华立学院,3,4,会计学,,不限,3,4,34800.0
海南,2025,本科批,综合,2112,广州华立学院,3,7,国际经济与贸易,,不限,3,4,34800.0
海南,2025,本科批,综合,2112,广州华立学院,4,10,工程管理,,物理,3,4,34800.0
海南,2025,本科批,综合,2112,广州华立学院,3,6,市场营销,,不限,3,4,34800.0
海南,2025,本科批,综合,2112,广州华立学院,5,11,护理学,,化学,3,4,34800.0
海南,2025,本科批,综合,2112,广州华立学院,3,5,物流管理,,不限,3,4,34800.0
海南,2025,本科批,综合,2112,广州华立学院,3,3,经济学,,不限,3,4,34800.0
海南,2025,本科批,综合,2112,广州华立学院,6,13,药学,,"物理,化学",3,4,34800.0
海南,2025,本科批,综合,2112,广州华立学院,3,8,会计学,(全英语授课),不限,2,4,42800.0
海南,2025,本科批,综合,2112,广州华立学院,3,9,会计学,(中美人才培养计划121学位项目),不限,2,4,42800.0
海南,2025,本科批,综合,2112,广州华立学院,6,12,计算机科学与技术,,"物理,化学",2,4,34800.0
海南,2025,本科批,综合,2089,广州华商学院,1,1,会计学,,不限,3,4,34000.0
海南,2025,本科批,综合,2089,广州华商学院,1,4,跨境电子商务,(含产教融合创新班)(含产教融合创新班；具体培养模式详见学校招生章程),不限,3,4,32000.0
海南,2025,本科批,综合,2089,广州华商学院,1,5,医疗保险,,不限,2,4,31800.0
海南,2025,本科批,综合,2089,广州华商学院,1,3,学前教育,(师范),不限,2,4,35000.0
海南,2025,本科批,综合,2089,广州华商学院,1,2,汉语言文学,,不限,2,4,35000.0
海南,2025,专科批,综合,2151,广州华商职业学院,1,4,护理,,不限,10,3,26000.0
海南,2025,专科批,综合,2151,广州华商职业学院,1,1,新能源汽车技术,,不限,10,3,22000.0
海南,2025,专科批,综合,2151,广州华商职业学院,1,5,视觉传达设计,,不限,10,3,22000.0
海南,2025,专科批,综合,2151,广州华商职业学院,1,3,计算机网络技术,,不限,10,3,22000.0
海南,2025,专科批,综合,2151,广州华商职业学院,1,2,跨境电子商务,,不限,10,3,22000.0
海南,2025,专科批,综合,2152,广州华夏职业学院,1,2,城市轨道交通机电技术,,不限,16,3,20600.0
海南,2025,专科批,综合,2152,广州华夏职业学院,1,1,新能源汽车技术,,不限,16,3,20600.0
海南,2025,专科批,综合,2152,广州华夏职业学院,1,3,电子信息工程技术,,不限,16,3,20600.0
海南,2025,专科批,综合,2152,广州华夏职业学院,1,11,中医康复技术,,不限,15,3,21600.0
海南,2025,专科批,综合,2152,广州华夏职业学院,1,7,婴幼儿托育服务与管理,,不限,15,3,19800.0
海南,2025,专科批,综合,2152,广州华夏职业学院,1,6,学前教育,,不限,15,3,19800.0
海南,2025,专科批,综合,2152,广州华夏职业学院,1,9,建筑室内设计,,不限,15,3,20600.0
海南,2025,专科批,综合,2152,广州华夏职业学院,1,10,数字媒体艺术设计,,不限,15,3,20600.0
海南,2025,专科批,综合,2152,广州华夏职业学院,1,13,智能医疗装备技术,(校企合作),不限,15,3,22600.0
海南,2025,专科批,综合,2152,广州华夏职业学院,1,4,电子商务,,不限,15,3,19800.0
海南,2025,专科批,综合,2152,广州华夏职业学院,1,5,网络营销与直播电商,,不限,15,3,19800.0
海南,2025,专科批,综合,2152,广州华夏职业学院,1,12,计算机网络技术,(创新精英班),不限,15,3,30600.0
海南,2025,专科批,综合,2152,广州华夏职业学院,1,8,高尔夫球运动与管理,,不限,15,3,21600.0
海南,2025,专科批,综合,2081,广州康大职业技术学院,1,1,护理,(不招色盲、色弱),不限,4,3,19900.0
海南,2025,专科批,综合,2081,广州康大职业技术学院,1,3,集成电路技术,,不限,4,3,19900.0
海南,2025,专科批,综合,2081,广州康大职业技术学院,1,2,中医康复技术,(不招色盲、色弱),不限,2,3,19900.0
海南,2025,专科批,综合,2143,广州科技贸易职业学院,2,4,云计算技术应用,,"物理,化学",7,3,6410.0
海南,2025,专科批,综合,2143,广州科技贸易职业学院,2,5,工业机器人技术,,"物理,化学",7,3,6410.0
海南,2025,专科批,综合,2143,广州科技贸易职业学院,1,2,智能医疗装备技术,,不限,6,3,6410.0
海南,2025,专科批,综合,2143,广州科技贸易职业学院,2,6,汽车制造与试验技术,,"物理,化学",5,3,6410.0
海南,2025,专科批,综合,2143,广州科技贸易职业学院,1,1,市场营销,,不限,4,3,5250.0
海南,2025,专科批,综合,2143,广州科技贸易职业学院,1,3,食品检验检测技术,,不限,2,3,6410.0
海南,2025,本科批,综合,2127,广州科技职业技术大学,2,5,电气工程及自动化,,物理,9,4,35000.0
海南,2025,本科批,综合,2127,广州科技职业技术大学,1,3,中药学,,不限,7,4,35000.0
海南,2025,本科批,综合,2127,广州科技职业技术大学,1,1,护理,,不限,7,4,35000.0
海南,2025,本科批,综合,2127,广州科技职业技术大学,2,6,机械设计制造及自动化,,物理,6,4,29800.0
海南,2025,本科批,综合,2127,广州科技职业技术大学,1,2,康复治疗,,不限,5,4,35000.0
海南,2025,本科批,综合,2127,广州科技职业技术大学,2,7,智能制造工程技术,,物理,5,4,31500.0
海南,2025,本科批,综合,2127,广州科技职业技术大学,2,8,数字媒体技术,,物理,3,4,35000.0
海南,2025,本科批,综合,2127,广州科技职业技术大学,1,4,网络与新媒体,,不限,3,4,35000.0
海南,2025,本科批,综合,2092,广州理工学院,5,15,电气工程及其自动化,,"物理,化学",6,4,33300.0
海南,2025,本科批,综合,2092,广州理工学院,5,21,计算机科学与技术,,"物理,化学",6,4,33300.0
海南,2025,本科批,综合,2092,广州理工学院,5,29,人工智能,,"物理,化学",3,4,33300.0
海南,2025,本科批,综合,2092,广州理工学院,3,8,会计学,,不限,3,4,33300.0
海南,2025,本科批,综合,2092,广州理工学院,5,27,数据科学与大数据技术,,"物理,化学",3,4,33300.0
海南,2025,本科批,综合,2092,广州理工学院,5,28,软件工程,,"物理,化学",3,4,33300.0
海南,2025,本科批,综合,2092,广州理工学院,5,26,交通运输,(机场运行管理),"物理,化学",2,4,33300.0
海南,2025,本科批,综合,2092,广州理工学院,3,6,人力资源管理,,不限,2,4,33300.0
海南,2025,本科批,综合,2092,广州理工学院,3,9,国际经济与贸易,,不限,2,4,33300.0
海南,2025,本科批,综合,2092,广州理工学院,5,24,土木工程,,"物理,化学",2,4,33300.0
海南,2025,本科批,综合,2092,广州理工学院,3,13,小学教育,,不限,2,4,33300.0
海南,2025,本科批,综合,2092,广州理工学院,4,14,工程造价,,物理,2,4,33300.0
海南,2025,本科批,综合,2092,广州理工学院,5,22,数字媒体技术,,"物理,化学",2,4,33300.0
海南,2025,本科批,综合,2092,广州理工学院,5,18,智能制造工程,,"物理,化学",2,4,33300.0
海南,2025,本科批,综合,2092,广州理工学院,5,17,机器人工程,,"物理,化学",2,4,33300.0
海南,2025,本科批,综合,2092,广州理工学院,5,16,机械设计制造及其自动化,,"物理,化学",2,4,33300.0
海南,2025,本科批,综合,2092,广州理工学院,3,12,汉语言文学,,不限,2,4,33300.0
海南,2025,本科批,综合,2092,广州理工学院,3,7,物流管理,,不限,2,4,32300.0
海南,2025,本科批,综合,2092,广州理工学院,5,23,物联网工程,,"物理,化学",2,4,33300.0
海南,2025,本科批,综合,2092,广州理工学院,3,5,电子商务,,不限,2,4,32300.0
海南,2025,本科批,综合,2092,广州理工学院,3,10,经济与金融,,不限,2,4,33300.0
海南,2025,本科批,综合,2092,广州理工学院,5,19,自动化,,"物理,化学",2,4,33300.0
海南,2025,本科批,综合,2092,广州理工学院,3,11,英语,,不限,2,4,33300.0
海南,2025,本科批,综合,2092,广州理工学院,5,25,车辆工程,,"物理,化学",2,4,33300.0
海南,2025,本科批,综合,2092,广州理工学院,5,20,通信工程,,"物理,化学",2,4,33300.0
海南,2025,专科批,综合,2070,广州民航职业技术学院,1,7,民航安全技术管理,"(民航货邮安全检查)(要求无色盲；因用人单位对考生身体素质有要求,请色弱、男生身高低于172cm、女生身高低于162cm的考生慎重报考)",不限,9,3,6410.0
海南,2025,专科批,综合,2070,广州民航职业技术学院,2,9,飞机机电设备维修,"(要求无色盲；因用人单位对考生身体素质有要求,请色弱、女生慎重报考)",物理,9,3,6410.0
海南,2025,专科批,综合,2070,广州民航职业技术学院,1,6,民航安全技术管理,"(民航旅客安全检查)(要求无色盲；因用人单位对考生身体素质有要求,请色弱、男生身高低于172cm、女生身高低于162cm的考生慎重报考)",不限,8,3,6410.0
海南,2025,专科批,综合,2070,广州民航职业技术学院,2,13,飞机机电设备维修,"(中外合作办学)(与加拿大卡纳多应用艺术与技术学院合作办学；要求无色盲；因用人单位对考生身体素质有要求,请色弱、女生慎重报考)",物理,8,3,16600.0
海南,2025,专科批,综合,2070,广州民航职业技术学院,1,4,民航运输服务,,不限,6,3,6410.0
海南,2025,专科批,综合,2070,广州民航职业技术学院,2,11,飞机结构修理,"(中外合作办学)(与加拿大卡纳多应用艺术与技术~学院合作办学；要求无色盲；因用人单位对考生身体素质有要求,请色弱、女生慎重报考)",物理,5,3,16600.0
海南,2025,专科批,综合,2070,广州民航职业技术学院,1,5,大数据与会计,,不限,4,3,5250.0
海南,2025,专科批,综合,2070,广州民航职业技术学院,2,16,机场电工技术,,物理,4,3,6410.0
海南,2025,专科批,综合,2070,广州民航职业技术学院,1,1,电子商务,,不限,4,3,5250.0
海南,2025,专科批,综合,2070,广州民航职业技术学院,2,14,航空发动机维修技术,"(要求无色盲；因用人单位对考生身体素质有要求,请色弱、女生慎重报考)",物理,4,3,6410.0
海南,2025,专科批,综合,2070,广州民航职业技术学院,2,10,飞机电子设备维修,"(中外合作办学)(与加拿大卡纳多应用艺术与技术学院合作办学；要求无色盲；因用人单位对考生身体素质有要求,请色弱、女生慎重报考)",物理,4,3,16600.0
海南,2025,专科批,综合,2070,广州民航职业技术学院,2,8,飞机部件修理,"(要求无色盲；因用人单位对考生身体素质有要求,请色弱、女生慎重报考)",物理,4,3,6410.0
海南,2025,专科批,综合,2070,广州民航职业技术学院,2,19,无人机应用技术,,物理,3,3,6410.0
海南,2025,专科批,综合,2070,广州民航职业技术学院,2,12,通用航空器维修,"(要求无色盲；因用人单位对考生身1体素质有要求,请色弱、女生慎重报考)",物理,3,3,6410.0
海南,2025,专科批,综合,2070,广州民航职业技术学院,2,21,人工智能技术应用,,物理,2,3,6410.0
海南,2025,专科批,综合,2070,广州民航职业技术学院,1,3,会展策划与管理,"(航空会展与酒店管理)(因用人单位对考生身体素质有要求,请男生身高低于172cm、女生身高低于162cm、色盲、色弱的考生慎重报考)",不限,2,3,5250.0
海南,2025,专科批,综合,2070,广州民航职业技术学院,2,17,应用电子技术,,物理,2,3,6410.0
海南,2025,专科批,综合,2070,广州民航职业技术学院,2,15,民航通信技术,(通信设备维修),物理,2,3,6410.0
海南,2025,专科批,综合,2070,广州民航职业技术学院,2,24,民航通信技术,(导航设备维修),物理,2,3,6410.0
海南,2025,专科批,综合,2070,广州民航职业技术学院,2,20,物联网应用技术,,物理,2,3,6410.0
海南,2025,专科批,综合,2070,广州民航职业技术学院,1,2,航空物流管理,,不限,2,3,6410.0
海南,2025,专科批,综合,2070,广州民航职业技术学院,2,18,电子信息工程技术,,物理,1,3,6410.0
海南,2025,专科批,综合,2070,广州民航职业技术学院,2,22,通用航空航务技术,(通航管制),物理,1,3,6410.0
海南,2025,专科批,综合,2070,广州民航职业技术学院,2,23,通用航空航务技术,,物理,1,3,6410.0
海南,2025,本科批,综合,2087,广州南方学院,1,6,电子商务,,不限,4,4,34000.0
海南,2025,本科批,综合,2087,广州南方学院,1,5,会计学,(ACCA),不限,3,4,34000.0
海南,2025,本科批,综合,2087,广州南方学院,1,1,国际经济与贸易,,不限,3,4,34000.0
海南,2025,本科批,综合,2087,广州南方学院,2,7,数字经济,,物理,3,4,34000.0
海南,2025,本科批,综合,2087,广州南方学院,1,3,新闻学,,不限,3,4,34000.0
海南,2025,本科批,综合,2087,广州南方学院,1,2,汉语言文学,,不限,3,4,34000.0
海南,2025,本科批,综合,2087,广州南方学院,1,4,英语,,不限,3,4,34000.0
海南,2025,本科批,综合,2087,广州南方学院,3,8,软件工程,,"物理,化学",3,4,36000.0
海南,2025,本科批,综合,2086,广州软件学院,2,6,会计学,,不限,2,4,31000.0
海南,2025,本科批,综合,2086,广州软件学院,2,5,国际经济与贸易,,不限,2,4,31000.0
海南,2025,本科批,综合,2086,广州软件学院,80,10,物联网工程,,"物理,化学",2,4,32000.0
海南,2025,本科批,综合,2086,广州软件学院,80,9,电子信息工程,,"物理,化学",2,4,32000.0
海南,2025,本科批,综合,2086,广州软件学院,3,13,网络工程,,"物理,化学",2,4,32000.0
海南,2025,本科批,综合,2086,广州软件学院,80,11,自动化,,"物理,化学",2,4,32000.0
海南,2025,本科批,综合,2086,广州软件学院,2,4,财务管理,,不限,2,4,31000.0
海南,2025,本科批,综合,2086,广州软件学院,3,12,软件工程,,"物理,化学",2,4,32000.0
海南,2025,本科批,综合,2086,广州软件学院,2,7,物流管理,,不限,1,4,31000.0
海南,2025,本科批,综合,2086,广州软件学院,2,8,行政管理,,不限,1,4,31000.0
海南,2025,本科批,综合,2114,广州商学院,1,4,会计学,(中英双语创新班),不限,9,4,39800.0
海南,2025,本科批,综合,2114,广州商学院,1,6,商务英语,(中英双语创新班),不限,5,4,39800.0
海南,2025,本科批,综合,2114,广州商学院,1,5,国际商务,(中英双语创新班),不限,5,4,39800.0
海南,2025,本科批,综合,2114,广州商学院,1,3,金融学,(中英双语创新班),不限,5,4,39800.0
海南,2025,本科批,综合,2114,广州商学院,80,1,互联网金融,(中外合作办学)(与美国南新罕布什尔大学中外合作办学项目),不限,3,4,69800.0
海南,2025,本科批,综合,2114,广州商学院,80,2,物流管理,(中外合作办学)(与美国贝尔维尤大学中外合作办学项目),不限,3,4,66000.0
海南,2025,专科批,综合,2125,广州涉外经济职业技术学院,3,3,口腔医学技术,,不限,15,3,20800.0
海南,2025,专科批,综合,2125,广州涉外经济职业技术学院,3,4,城市轨道交通运营管理,,不限,15,3,19800.0
海南,2025,专科批,综合,2125,广州涉外经济职业技术学院,3,5,计算机应用技术,,不限,15,3,19800.0
海南,2025,本科批,综合,2043,广州体育学院,5,9,新闻学,,不限,1,4,5200.0
海南,2025,专科批,综合,2141,广州铁路职业技术学院,1,1,现代物流管理,,不限,5,3,5250.0
海南,2025,专科批,综合,2141,广州铁路职业技术学院,2,3,铁道供电技术,"(不招色盲考生；因用人单位可能考生身体素质有要求,请色弱、男生身高低于168cm(不含168cm)、女生慎重报考)",物理,5,3,6410.0
海南,2025,专科批,综合,2141,广州铁路职业技术学院,2,2,铁道运输类,"(包含专业:城市轨道车辆应用技术、铁道机车运用与维护、动车组检修技术、铁道车辆技术；不招色盲考生；因用人单位可能对考生身体素质有要求,请色弱、双眼裸眼视力低于4.7(不含4.7)、男生身高低于172cm(不含172cm)、女生慎重报考)",物理,5,3,6410.0
海南,2025,专科批,综合,2141,广州铁路职业技术学院,2,6,计算机类,"(包含专业:计算机应用技术、人工智能技术应用、铁道通信与信息化技术、铁道信号自动控制；因用人单位可能对铁道信号自动控制、铁道通信与信息化技术专业的考生身体素质有要求,请报考计算机类且有意向分流到以上2个专业的色盲、色弱、男生身高低于168cm(不含168cm)、女生慎重报考)",物理,4,3,6410.0
海南,2025,专科批,综合,2141,广州铁路职业技术学院,2,5,道路与桥梁工程技术,"(不招色盲考生；因用人单位可能对考生身体素质有要求,请色弱、男生身高低于168cm(不含168cm)、女生身高低于160cm(不含160cm)考生慎重报考)",物理,3,3,6410.0
海南,2025,专科批,综合,2141,广州铁路职业技术学院,2,4,铁道工程技术,"(不招色盲考生；因用人单位可能对考生身体素质有要求,请色弱、男生身高低于168cm(不含168cm)、女生身高低于160cm(不含160cm)的考生慎重报考)",物理,3,3,6410.0
海南,2025,专科批,综合,2141,广州铁路职业技术学院,2,7,自动化类,(包含专业:机电一体化技术、机械制造及自动化、城市轨道交通机电技术、工业机器人技术),物理,10,3,6410.0
海南,2025,专科批,综合,2169,广州卫生职业技术学院,1,5,临床医学,(不招色盲、色弱),不限,2,3,6410.0
海南,2025,专科批,综合,2169,广州卫生职业技术学院,1,3,健康管理,(不招色盲、色弱),不限,2,3,6410.0
海南,2025,专科批,综合,2169,广州卫生职业技术学院,1,1,助产,(不招色盲、色弱),不限,2,3,6410.0
海南,2025,专科批,综合,2169,广州卫生职业技术学院,1,2,婴幼儿托育服务与管理,(不招色盲、色弱),不限,2,3,6410.0
海南,2025,专科批,综合,2169,广州卫生职业技术学院,1,6,针灸推拿,(不招色盲、色弱),不限,2,3,6410.0
海南,2025,专科批,综合,2169,广州卫生职业技术学院,1,7,中医养生保健,(不招色盲、色弱),不限,1,3,6410.0
海南,2025,专科批,综合,2169,广州卫生职业技术学院,1,8,口腔医学技术,(不招色盲、色弱),不限,1,3,6410.0
海南,2025,专科批,综合,2169,广州卫生职业技术学院,1,4,预防医学,(不招色盲、色弱),不限,1,3,6410.0
海南,2025,本科批,综合,2134,广州新华学院,1,2,人力资源管理,(东莞校区),不限,3,4,31980.0
海南,2025,本科批,综合,2134,广州新华学院,5,34,人文地理与城乡规划,"(东莞校区；不招色盲；因用人单位可能对考生身体素质有要求,请色弱的考生慎重报考)",地理,3,4,31980.0
海南,2025,本科批,综合,2134,广州新华学院,1,5,会计学,(东莞校区),不限,3,4,31980.0
海南,2025,本科批,综合,2134,广州新华学院,1,18,审计学,(东莞校区),不限,3,4,31980.0
海南,2025,本科批,综合,2134,广州新华学院,3,22,护理学,"(广州校区；不招色盲、色弱；因用人单位可能对考生身体素质有要求,请有听觉和语言功能障碍、面部有明显疤痕的考生慎重报考)",化学,3,4,31980.0
海南,2025,本科批,综合,2134,广州新华学院,1,4,物流管理,(东莞校区),不限,3,4,29980.0
海南,2025,本科批,综合,2134,广州新华学院,4,33,眼视光学,"(广州校区；不招色盲、色弱；因用人单位可能对考生身体素质有要求,请有听觉和语言功能障碍、面部有明显疤痕的考生慎重报考)","物理,化学",3,4,35000.0
海南,2025,本科批,综合,2134,广州新华学院,1,3,行政管理,(东莞校区),不限,3,4,29980.0
海南,2025,本科批,综合,2134,广州新华学院,1,13,互联网金融,(东莞校区),不限,2,4,31980.0
海南,2025,本科批,综合,2134,广州新华学院,1,12,传播学,(东莞校区),不限,2,4,31980.0
海南,2025,本科批,综合,2134,广州新华学院,1,1,信息资源管理,"(广州校区；因用人单位可能对考生身体素质有要求,请色盲、色弱、弱视的考生慎重报考)",不限,2,4,31980.0
海南,2025,本科批,综合,2134,广州新华学院,4,29,医学影像技术,"(广州校区；不招色盲、色弱；因用人单位可能对考生身体素质有要求,请有听觉和语言功能障碍、面部有明显疤痕的考生慎重报考)","物理,化学",2,4,31980.0
海南,2025,本科批,综合,2134,广州新华学院,4,24,听力与言语康复学,"(广州校区；不招色盲、色弱；因用人单位可能对考生身体素质有要求,请有听觉和语言功能障碍、面部有明显疤痕的考生慎重报考)","物理,化学",2,4,31980.0
海南,2025,本科批,综合,2134,广州新华学院,1,8,国际经济与贸易,(东莞校区),不限,2,4,31980.0
海南,2025,本科批,综合,2134,广州新华学院,1,10,学前教育,(东莞校区),不限,2,4,31980.0
海南,2025,本科批,综合,2134,广州新华学院,1,14,工商管理,(东莞校区),不限,2,4,31980.0
海南,2025,本科批,综合,2134,广州新华学院,1,15,工商管理,(创新班)(东莞校区),不限,2,4,31980.0
海南,2025,本科批,综合,2134,广州新华学院,4,23,康复治疗学,"(广州校区；不招色盲、色弱；因用人单位可能对考生身体素质有要求,请身高低于155cm的男生、身高低于150cm的女生、有听觉和语言功能障碍的考生慎重报考)","物理,化学",2,4,31980.0
海南,2025,本科批,综合,2134,广州新华学院,4,27,数字媒体技术,(东莞校区),"物理,化学",2,4,31980.0
海南,2025,本科批,综合,2134,广州新华学院,2,21,数字经济,(东莞校区),物理,2,4,31980.0
海南,2025,本科批,综合,2134,广州新华学院,4,31,数据科学与大数据技术,(东莞校区),"物理,化学",2,4,31980.0
海南,2025,本科批,综合,2134,广州新华学院,1,7,汉语言文学,(东莞校区),不限,2,4,31980.0
海南,2025,本科批,综合,2134,广州新华学院,1,6,法学,(东莞校区),不限,2,4,31980.0
海南,2025,本科批,综合,2134,广州新华学院,4,26,生物医学工程,"(广州校区；不招色盲、色弱；因用人单位可能对考生身体素质有要求,请有听觉和语言功能障碍、面部有明显疤痕的考生慎重报考)","物理,化学",2,4,31980.0
海南,2025,本科批,综合,2134,广州新华学院,1,9,经济学,(东莞校区),不限,2,4,29980.0
海南,2025,本科批,综合,2134,广州新华学院,1,11,网络与新媒体,(东莞校区),不限,2,4,31980.0
海南,2025,本科批,综合,2134,广州新华学院,5,35,自然地理与资源环境,"(东莞校区；不招色盲；因用人单位可能对考生身体素质有要求,请色弱的考生慎重报考)",地理,2,4,31980.0
海南,2025,本科批,综合,2134,广州新华学院,1,16,英语,(东莞校区),不限,2,4,31980.0
海南,2025,本科批,综合,2134,广州新华学院,4,25,药学,"(广州校区；不招色盲、色弱；因用人单位可能对考生身体素质有要求,请有听觉和语言功能障碍、嗅觉迟钝的考生慎重报考)","物理,化学",2,4,31980.0
海南,2025,本科批,综合,2134,广州新华学院,4,30,计算机科学与技术,(东莞校区),"物理,化学",2,4,31980.0
海南,2025,本科批,综合,2134,广州新华学院,1,17,财务管理,(东莞校区),不限,2,4,31980.0
海南,2025,本科批,综合,2134,广州新华学院,4,28,软件工程,(东莞校区),"物理,化学",2,4,31980.0
海南,2025,本科批,综合,2134,广州新华学院,2,19,金融工程,(东莞校区),物理,2,4,31980.0
海南,2025,本科批,综合,2134,广州新华学院,2,20,金融科技,(东莞校区),物理,2,4,31980.0
海南,2025,本科批,综合,2134,广州新华学院,4,32,集成电路设计与集成系统,(东莞校区),"物理,化学",2,4,31980.0
海南,2025,本科批,综合,2134,广州新华学院,5,36,风景园林,"(东莞校区；不招色盲；因用人单位可能对考生身体素质有要求,请色弱的考生慎重报考)",地理,2,4,31980.0
海南,2025,本科批,综合,2032,广州医科大学,2,3,护理学,(不招色盲、色弱、单色识别不全者),化学,6,4,6960.0
海南,2025,本科批,综合,2032,广州医科大学,3,4,康复作业治疗,(不招色盲、色弱、单色识别不全者),"物理,化学",5,4,7656.0
海南,2025,本科批,综合,2032,广州医科大学,1,1,应用心理学,(不招色盲、色弱、单色识别不全者),不限,3,4,6230.0
海南,2025,本科批,综合,2032,广州医科大学,1,2,公共事业管理,(不招单色识别不全者),不限,2,4,5510.0
海南,2025,本科批,综合,2032,广州医科大学,3,7,生物医学工程,(不招色盲、色弱、单色识别不全者),"物理,化学",2,4,6230.0
海南,2025,本科批,综合,2032,广州医科大学,3,6,药学,(不招色盲、色弱、单色识别不全者),"物理,化学",2,4,7656.0
海南,2025,本科批,综合,2032,广州医科大学,80,5,临床医学,(不招色盲、色弱、单色识别不全者),"物理,化学",1,5,7656.0
海南,2025,本科批,综合,2113,广州应用科技学院,3,13,计算机科学与技术,,"物理,化学",3,4,31800.0
海南,2025,本科批,综合,2113,广州应用科技学院,3,16,人工智能,,"物理,化学",2,4,31800.0
海南,2025,本科批,综合,2113,广州应用科技学院,1,9,会计学,,不限,2,4,31800.0
海南,2025,本科批,综合,2113,广州应用科技学院,1,2,国际经济与贸易,,不限,2,4,31800.0
海南,2025,本科批,综合,2113,广州应用科技学院,2,11,大数据管理与应用,,物理,2,4,31800.0
海南,2025,本科批,综合,2113,广州应用科技学院,3,15,新能源汽车工程,,"物理,化学",2,4,31800.0
海南,2025,本科批,综合,2113,广州应用科技学院,1,10,汉语言文学,,不限,2,4,31800.0
海南,2025,本科批,综合,2113,广州应用科技学院,1,8,法学,,不限,2,4,31800.0
海南,2025,本科批,综合,2113,广州应用科技学院,2,12,电子商务,,物理,2,4,31800.0
海南,2025,本科批,综合,2113,广州应用科技学院,3,14,电气工程及其自动化,,"物理,化学",2,4,31800.0
海南,2025,本科批,综合,2113,广州应用科技学院,1,5,英语,,不限,2,4,31800.0
海南,2025,本科批,综合,2113,广州应用科技学院,1,4,行政管理,,不限,2,4,31800.0
海南,2025,本科批,综合,2113,广州应用科技学院,1,3,金融学,,不限,2,4,31800.0
海南,2025,本科批,综合,2113,广州应用科技学院,1,6,人力资源管理,,不限,1,4,31800.0
海南,2025,本科批,综合,2113,广州应用科技学院,1,1,市场营销,,不限,1,4,31800.0
海南,2025,本科批,综合,2113,广州应用科技学院,1,7,财务管理,,不限,1,4,31800.0
海南,2025,专科批,综合,2071,广州职业技术大学,1,1,大数据与审计,,不限,10,3,5250.0
海南,2025,专科批,综合,2071,广州职业技术大学,2,2,工程造价,,物理,10,3,6410.0
海南,2025,本科批,综合,2034,广州中医药大学,2,5,中医骨伤科学,(不招色盲、色弱；第八临床医学院),不限,3,5,7660.0
海南,2025,本科批,综合,2034,广州中医药大学,2,3,中医学,(5+3一体化)(不招色盲、色弱),不限,2,5,7660.0
海南,2025,本科批,综合,2034,广州中医药大学,2,6,中医学,(不招色盲、色弱),不限,2,5,7660.0
海南,2025,本科批,综合,2034,广州中医药大学,3,15,中药学类,(包含专业:中药学、中药资源与开发；不招色盲、色弱),"物理,化学",2,4,7660.0
海南,2025,本科批,综合,2034,广州中医药大学,3,10,中西医临床医学,(不招色盲、色弱),"物理,化学",2,5,7660.0
海南,2025,本科批,综合,2034,广州中医药大学,2,9,健康服务与管理,,不限,2,4,6060.0
海南,2025,本科批,综合,2034,广州中医药大学,2,7,应用心理学,(不招色盲、色弱),不限,2,4,6850.0
海南,2025,本科批,综合,2034,广州中医药大学,3,18,康复治疗学,(不招色盲、色弱),"物理,化学",2,4,7660.0
海南,2025,本科批,综合,2034,广州中医药大学,4,19,护理学,(不招色盲、色弱),生物,2,4,7660.0
海南,2025,本科批,综合,2034,广州中医药大学,3,17,药学,(不招色盲、色弱),"物理,化学",2,4,7660.0
海南,2025,本科批,综合,2034,广州中医药大学,2,2,针灸推拿学,(不招色盲、色弱),不限,2,5,7660.0
海南,2025,本科批,综合,2034,广州中医药大学,2,4,中医养生学,(不招色盲、色弱),不限,1,5,7660.0
海南,2025,本科批,综合,2034,广州中医药大学,3,11,临床医学,(不招色盲、色弱),"物理,化学",1,5,7660.0
海南,2025,本科批,综合,2034,广州中医药大学,3,16,临床药学,(不招色盲、色弱),"物理,化学",1,5,7660.0
海南,2025,本科批,综合,2034,广州中医药大学,2,8,公共事业管理,,不限,1,4,6060.0
海南,2025,本科批,综合,2034,广州中医药大学,4,20,助产学,(不招色盲、色弱),生物,1,4,7660.0
海南,2025,本科批,综合,2034,广州中医药大学,3,12,医学影像学,(不招色盲、色弱),"物理,化学",1,5,7660.0
海南,2025,本科批,综合,2034,广州中医药大学,3,14,生物技术,(不招色盲、色弱),"物理,化学",1,4,6850.0
海南,2025,本科批,综合,2034,广州中医药大学,3,13,眼视光学,(不招色盲、色弱),"物理,化学",1,4,7660.0
海南,2025,本科提前批,综合,2034,广州中医药大学,1,1,中医学,"(属定向免费医学生计划；只招收海南省户籍考生,属海南省与广州中医药大学联合培养项目,毕业后根据院校毕业综合考核成绩排名、市县卫生健康委及个人意愿,定向分配到我省市县中医院工作；详见海南省卫生健康委员会等四部门关于印发《中医学本科专业订单定向医学生委托培养(省外项目)方案》的通知(琼卫科教(2025)2号)；不招色盲、色弱)",不限,50,4,
海南,2025,专科批,综合,2145,广州珠江职业技术学院,1,4,中药学,,不限,4,3,19800.0
海南,2025,专科批,综合,2145,广州珠江职业技术学院,1,1,口腔医学技术,,不限,4,3,19800.0
海南,2025,专科批,综合,2145,广州珠江职业技术学院,1,3,大数据与会计,,不限,4,3,19800.0
海南,2025,专科批,综合,2145,广州珠江职业技术学院,1,2,学前教育,,不限,4,3,19800.0
海南,2025,专科批,综合,2145,广州珠江职业技术学院,1,5,新能源汽车技术,,不限,4,3,19800.0
海南,2025,本科批,综合,2579,贵阳康养职业大学,3,5,儿童康复治疗,,"物理,化学",2,4,4200.0
海南,2025,本科批,综合,2579,贵阳康养职业大学,1,2,医养照护与管理,,不限,2,4,4100.0
海南,2025,本科批,综合,2579,贵阳康养职业大学,2,3,医学影像技术,,物理,2,4,4200.0
海南,2025,本科批,综合,2579,贵阳康养职业大学,3,4,医学检验技术,,"物理,化学",2,4,4200.0
海南,2025,本科批,综合,2579,贵阳康养职业大学,1,1,智慧健康养老管理,,不限,2,4,4100.0
海南,2025,本科批,综合,2534,贵阳信息科技学院,2,2,健康服务与管理,,不限,3,4,16700.0
海南,2025,本科批,综合,2534,贵阳信息科技学院,2,3,市场营销,,不限,3,4,16700.0
海南,2025,本科批,综合,2534,贵阳信息科技学院,3,6,机器人工程,,"物理,化学",3,4,18500.0
海南,2025,本科批,综合,2534,贵阳信息科技学院,3,5,电气工程及其自动化,,"物理,化学",3,4,18500.0
海南,2025,本科批,综合,2534,贵阳信息科技学院,3,4,网络工程,,"物理,化学",3,4,18500.0
海南,2025,本科批,综合,2514,贵阳学院,4,6,汉语言文学,,历史,4,4,4100.0
海南,2025,本科批,综合,2514,贵阳学院,2,3,科学教育,,物理,4,4,4100.0
海南,2025,本科批,综合,2514,贵阳学院,3,5,食品科学与工程,(不招色盲、色弱),"物理,化学",4,4,4200.0
海南,2025,本科批,综合,2514,贵阳学院,2,2,数字经济,,物理,2,4,4100.0
海南,2025,本科批,综合,2514,贵阳学院,3,4,机械设计制造及其自动化,,"物理,化学",2,4,4200.0
海南,2025,本科批,综合,2512,贵州财经大学,81,5,经济统计学,(数学单科成绩不低于75分(150分制)),物理,3,4,4100.0
海南,2025,本科批,综合,2512,贵州财经大学,80,3,财务管理,(中外合作办学)(英语单科成绩不低于90分(150分制)),物理,3,4,60000.0
海南,2025,本科批,综合,2512,贵州财经大学,80,2,会计学,(中外合作办学)(英语单科成绩不低于90分(150分制)),物理,2,4,60000.0
海南,2025,本科批,综合,2512,贵州财经大学,2,8,工商管理,,物理,2,4,4100.0
海南,2025,本科批,综合,2512,贵州财经大学,2,6,经济学,,物理,2,4,4100.0
海南,2025,本科批,综合,2512,贵州财经大学,2,9,人力资源管理,,物理,1,4,4100.0
海南,2025,本科批,综合,2512,贵州财经大学,80,4,市场营销,(中外合作办学)(英语单科成绩不低于90分(150分制)),物理,1,4,60000.0
海南,2025,本科批,综合,2512,贵州财经大学,1,1,广告学,,不限,1,4,4100.0
海南,2025,本科批,综合,2512,贵州财经大学,2,7,经济学,(新结构经济学实验班),物理,1,4,4100.0
海南,2025,专科批,综合,2576,贵州传媒职业学院,1,2,大数据与会计,,不限,2,3,3850.0
海南,2025,专科批,综合,2576,贵州传媒职业学院,1,1,电子商务,,不限,2,3,3850.0
海南,2025,本科批,综合,2500,贵州大学,1,5,工商管理类,(包含专业:工商管理、市场营销、会计学、财务管理、人力资源管理；不招单色识别不全者),不限,6,4,4920.0
海南,2025,本科批,综合,2500,贵州大学,2,20,化学类,(包含专业:化学、应用化学、化学生物学；不招色盲、色弱、单色识别不全者),"物理,化学",5,4,5040.0
海南,2025,本科批,综合,2500,贵州大学,2,19,机械设计制造及其自动化,,"物理,化学",5,4,5040.0
海南,2025,本科批,综合,2500,贵州大学,1,6,经济与贸易类,(包含专业:经济学、国际经济与贸易),不限,5,4,4920.0
海南,2025,本科批,综合,2500,贵州大学,2,21,土木类,(包含专业:土木工程、建筑环境与能源应用工程),"物理,化学",4,4,5040.0
海南,2025,本科批,综合,2500,贵州大学,1,8,文化产业管理,,不限,4,4,4920.0
海南,2025,本科批,综合,2500,贵州大学,2,16,自动化,,"物理,化学",4,4,5040.0
海南,2025,本科批,综合,2500,贵州大学,1,1,英语,,不限,4,4,4920.0
海南,2025,本科批,综合,2500,贵州大学,1,7,财政学类,(包含专业:财政学、金融学),不限,4,4,4920.0
海南,2025,本科批,综合,2500,贵州大学,2,11,数学类,(包含专业:数学与应用数学、统计学),"物理,化学",3,4,5040.0
海南,2025,本科批,综合,2500,贵州大学,2,22,材料类,(包含专业:材料科学与工程、高分子材料与工程),"物理,化学",3,4,5040.0
海南,2025,本科批,综合,2500,贵州大学,2,10,生物科学类,(包含专业:生物科学、生物技术、生态学；不招色盲、色弱、单色识别不全者),"物理,化学",3,4,5040.0
海南,2025,本科批,综合,2500,贵州大学,2,24,食品科学与工程类,(包含专业:食品科学与工程、食品质量与安全、酿酒工程),"物理,化学",3,4,5040.0
海南,2025,本科批,综合,2500,贵州大学,2,17,人工智能,,"物理,化学",2,4,5040.0
海南,2025,本科批,综合,2500,贵州大学,2,23,冶金工程,(不招色盲、单色识别不全者),"物理,化学",2,4,5040.0
海南,2025,本科批,综合,2500,贵州大学,1,4,历史学,,不限,2,4,4590.0
海南,2025,本科批,综合,2500,贵州大学,1,9,城乡规划,(不招色盲、单色识别不全者；要具有一定美术基础),不限,2,5,5040.0
海南,2025,本科批,综合,2500,贵州大学,2,18,工业设计,,"物理,化学",2,4,5040.0
海南,2025,本科批,综合,2500,贵州大学,2,13,数据科学与大数据技术,,"物理,化学",2,4,5040.0
海南,2025,本科批,综合,2500,贵州大学,1,3,新闻学,,不限,2,4,4920.0
海南,2025,本科批,综合,2500,贵州大学,1,2,日语,,不限,2,4,4920.0
海南,2025,本科批,综合,2500,贵州大学,2,15,测控技术与仪器,,"物理,化学",2,4,5040.0
海南,2025,本科批,综合,2500,贵州大学,2,14,物理学,,"物理,化学",2,4,5040.0
海南,2025,本科批,综合,2500,贵州大学,2,12,物联网工程,,"物理,化学",2,4,5040.0
海南,2025,专科批,综合,2521,贵州电子信息职业技术学院,1,1,机电一体化技术,,不限,9,3,3850.0
海南,2025,专科批,综合,2521,贵州电子信息职业技术学院,1,5,计算机应用技术,,不限,7,3,3850.0
海南,2025,专科批,综合,2521,贵州电子信息职业技术学院,1,3,电子信息工程技术,,不限,5,3,3850.0
海南,2025,专科批,综合,2521,贵州电子信息职业技术学院,1,2,软件技术,,不限,5,3,3850.0
海南,2025,专科批,综合,2521,贵州电子信息职业技术学院,1,4,影视动画,,不限,4,3,3850.0
海南,2025,本科批,综合,2509,贵州工程应用技术学院,2,2,土木工程,,"物理,化学",3,4,4200.0
海南,2025,本科批,综合,2509,贵州工程应用技术学院,2,4,机械设计制造及其自动化,,"物理,化学",3,4,4200.0
海南,2025,本科批,综合,2509,贵州工程应用技术学院,2,3,计算机科学与技术,(不能准确识别红、黄、绿、蓝、紫各种颜色中任何一种颜色的导线、按键、信号灯、几何图形者不能录取),"物理,化学",3,4,4200.0
海南,2025,本科批,综合,2509,贵州工程应用技术学院,1,1,财务管理,,不限,3,4,4100.0
海南,2025,专科批,综合,2580,贵州航空职业技术学院,1,1,旅游管理,"(要求男生身高不低于168cm,女生身高不低于160cm)",不限,3,3,3850.0
海南,2025,专科批,综合,2580,贵州航空职业技术学院,1,2,智慧健康养老服务与管理,(要求身高不低于158cm),不限,3,3,3850.0
海南,2025,专科批,综合,2580,贵州航空职业技术学院,1,3,烹饪工艺与营养,"(要求男生身高不低于165cm,女生身高不低于158cm)",不限,3,3,3850.0
海南,2025,专科批,综合,2580,贵州航空职业技术学院,1,4,酒店管理与数字化运营,"(要求男生身高不低于168cm,女生身高不低于160cm)",不限,3,3,3850.0
海南,2025,专科批,综合,2580,贵州航空职业技术学院,1,5,汽车技术服务与营销,,不限,2,3,3850.0
海南,2025,本科批,综合,2548,贵州理工学院,3,5,人文地理与城乡规划,,"物理,地理",2,4,4200.0
海南,2025,本科批,综合,2548,贵州理工学院,2,3,土木工程,,"物理,化学",2,4,4200.0
海南,2025,本科批,综合,2548,贵州理工学院,1,1,英语,,不限,2,4,4100.0
海南,2025,本科批,综合,2548,贵州理工学院,2,4,道路桥梁与渡河工程,,"物理,化学",2,4,4200.0
海南,2025,本科批,综合,2548,贵州理工学院,2,2,飞行器动力工程,,"物理,化学",2,4,4200.0
海南,2025,专科批,综合,2572,贵州民用航空职业学院,1,2,无人机应用技术,,不限,6,3,9000.0
海南,2025,专科批,综合,2572,贵州民用航空职业学院,1,4,智能机电技术,,不限,6,3,12000.0
海南,2025,专科批,综合,2572,贵州民用航空职业学院,1,1,口腔医学技术,,不限,16,3,13000.0
海南,2025,专科批,综合,2572,贵州民用航空职业学院,1,3,护理,,不限,12,3,9900.0
海南,2025,本科批,综合,2532,贵州黔南经济学院,1,2,互联网金融,,不限,2,4,16500.0
海南,2025,本科批,综合,2532,贵州黔南经济学院,1,3,商务英语,,不限,2,4,16500.0
海南,2025,本科批,综合,2532,贵州黔南经济学院,1,1,国际经济与贸易,,不限,2,4,16500.0
海南,2025,专科批,综合,2539,贵州轻工职业大学,1,1,现代物流管理,,不限,5,3,3850.0
海南,2025,本科批,综合,2544,贵州师范学院,1,1,旅游管理,,不限,3,4,4100.0
海南,2025,本科批,综合,2544,贵州师范学院,2,2,金融科技,,物理,3,4,4100.0
海南,2025,本科批,综合,2501,贵州医科大学,2,2,临床医学,(不招色盲、色弱、单色识别不全者),"物理,化学",7,5,4500.0
海南,2025,本科批,综合,2501,贵州医科大学,80,7,药学,"(中外合作办学)(不招色盲、色弱、单色识别不全者；部分课程为全英文教学,英语单科成绩不低于75分(150分制)；请仔细阅读学校招生章程后谨慎填报)","物理,化学",5,4,24000.0
海南,2025,本科批,综合,2501,贵州医科大学,2,4,预防医学,(不招色盲、色弱、单色识别不全者),"物理,化学",3,5,4500.0
海南,2025,本科批,综合,2501,贵州医科大学,2,3,麻醉学,(不招色盲、色弱、单色识别不全者),"物理,化学",2,5,4500.0
海南,2025,本科批,综合,2501,贵州医科大学,2,6,医学影像学,(不招色盲、色弱、单色识别不全者),"物理,化学",1,5,4500.0
海南,2025,本科批,综合,2501,贵州医科大学,2,5,口腔医学,(不招色盲、色弱、单色识别不全者),"物理,化学",1,5,4500.0
海南,2025,本科批,综合,2501,贵州医科大学,1,1,护理学,"(不招色盲、色弱、单色识别不全者；男生身高在165cm及以上,女生身高158cm及以上)",化学,1,4,4200.0
海南,2025,专科批,综合,2560,贵州应用技术职业学院,1,5,数字媒体技术,,不限,9,3,9800.0
海南,2025,专科批,综合,2560,贵州应用技术职业学院,1,2,电子商务,,不限,11,3,9800.0
海南,2025,专科批,综合,2560,贵州应用技术职业学院,1,1,大数据与会计,,不限,10,3,9800.0
海南,2025,专科批,综合,2560,贵州应用技术职业学院,1,4,建筑室内设计,,不限,10,3,9800.0
海南,2025,专科批,综合,2560,贵州应用技术职业学院,1,3,建设工程管理,,不限,10,3,9800.0
海南,2025,专科批,综合,2560,贵州应用技术职业学院,1,6,护理,,不限,10,3,9800.0
海南,2025,本科批,综合,2503,贵州中医药大学,1,1,中医学,(患有轻度色觉异常(俗称色弱)、色觉异常II度(俗称色盲)或不能准确识别红、黄、绿、蓝、紫各种颜色中任何一种颜色的导线、按键、信号灯、几何图形者不能报考该专业),不限,5,5,4500.0
海南,2025,本科批,综合,2503,贵州中医药大学,2,4,中药学,(患有轻度色觉异常(俗称色弱)、色觉异常II度(俗称色盲)或不能准确识别红、黄、绿、蓝、紫各种颜色中任何一种颜色的导线、按键、信号灯、几何图形者不能报考该专业),"物理,化学",5,4,4200.0
海南,2025,本科批,综合,2503,贵州中医药大学,2,3,中西医临床医学,(患有轻度色觉异常(俗称色弱)、色觉异常II度(俗称色盲)或不能准确识别红、黄、绿、蓝、紫各种颜色中任何一种颜色的导线、按键、信号灯、几何图形者不能报考该专业),"物理,化学",5,5,4500.0
海南,2025,本科批,综合,2503,贵州中医药大学,1,2,针灸推拿学,(患有轻度色觉异常(俗称色弱)、色觉异常II度(俗称色盲)或不能准确识别红、黄、绿、蓝、紫各种颜色中任何一种颜色的导线、按键、信号灯、几何图形者不能报考该专业),不限,5,5,4500.0
海南,2025,本科批,综合,2196,桂林电子科技大学,3,5,机械设计制造及其自动化,,"物理,化学",3,4,6000.0
海南,2025,本科批,综合,2196,桂林电子科技大学,2,2,英语,,不限,3,4,6000.0
海南,2025,本科批,综合,2196,桂林电子科技大学,2,4,国际经贸规则,,不限,2,4,6000.0
海南,2025,本科批,综合,2196,桂林电子科技大学,3,11,应用统计学,,"物理,化学",2,4,6000.0
海南,2025,本科批,综合,2196,桂林电子科技大学,3,13,新能源材料与器件,,"物理,化学",2,4,6000.0
海南,2025,本科批,综合,2196,桂林电子科技大学,3,10,智能科学与技术,,"物理,化学",2,4,6000.0
海南,2025,本科批,综合,2196,桂林电子科技大学,3,14,机器人工程,,"物理,化学",2,4,6000.0
海南,2025,本科批,综合,2196,桂林电子科技大学,2,3,法学,,不限,2,4,6000.0
海南,2025,本科批,综合,2196,桂林电子科技大学,3,12,测控技术与仪器,,"物理,化学",2,4,6000.0
海南,2025,本科批,综合,2196,桂林电子科技大学,3,8,电子信息工程,,"物理,化学",2,4,6000.0
海南,2025,本科批,综合,2196,桂林电子科技大学,3,6,电子封装技术,,"物理,化学",2,4,6000.0
海南,2025,本科批,综合,2196,桂林电子科技大学,3,9,计算机科学与技术,,"物理,化学",2,4,6000.0
海南,2025,本科批,综合,2196,桂林电子科技大学,3,7,通信工程,,"物理,化学",2,4,6000.0
海南,2025,本科民族班、预科班,综合,2196,桂林电子科技大学,4,15,边防军人子女预科班,(只招经审核符合边防军人子女资格的考生；预科培养地点:桂林电子科技大学花江校区),不限,3,1,8000.0
海南,2025,本科批,综合,2222,桂林航天工业学院,2,5,商务英语,,不限,2,4,4200.0
海南,2025,本科批,综合,2222,桂林航天工业学院,2,2,国际商务,,不限,2,4,4600.0
海南,2025,本科批,综合,2222,桂林航天工业学院,3,6,工业工程,,物理,2,4,4600.0
海南,2025,本科批,综合,2222,桂林航天工业学院,4,19,数字媒体技术,,"物理,化学",2,4,4600.0
海南,2025,本科批,综合,2222,桂林航天工业学院,4,12,数据科学与大数据技术,,"物理,化学",2,4,10000.0
海南,2025,本科批,综合,2222,桂林航天工业学院,4,8,智能制造工程,,"物理,化学",2,4,4600.0
海南,2025,本科批,综合,2222,桂林航天工业学院,4,10,机械设计制造及其自动化,,"物理,化学",2,4,7500.0
海南,2025,本科批,综合,2222,桂林航天工业学院,4,11,材料成型及控制工程,,"物理,化学",2,4,4600.0
海南,2025,本科批,综合,2222,桂林航天工业学院,4,15,测控技术与仪器,,"物理,化学",2,4,4600.0
海南,2025,本科批,综合,2222,桂林航天工业学院,2,4,物流管理,,不限,2,4,4600.0
海南,2025,本科批,综合,2222,桂林航天工业学院,4,13,电子信息工程,,"物理,化学",2,4,4600.0
海南,2025,本科批,综合,2222,桂林航天工业学院,4,14,能源与动力工程,,"物理,化学",2,4,4600.0
海南,2025,本科批,综合,2222,桂林航天工业学院,4,7,自动化,,"物理,化学",2,4,4600.0
海南,2025,本科批,综合,2222,桂林航天工业学院,4,18,计算机科学与技术,,"物理,化学",2,4,4600.0
海南,2025,本科批,综合,2222,桂林航天工业学院,2,3,财务管理,,不限,2,4,4600.0
海南,2025,本科批,综合,2222,桂林航天工业学院,4,17,车辆工程,,"物理,化学",2,4,4600.0
海南,2025,本科批,综合,2222,桂林航天工业学院,4,16,软件工程,,"物理,化学",2,4,10000.0
海南,2025,本科批,综合,2222,桂林航天工业学院,4,9,通信工程,,"物理,化学",2,4,7500.0
海南,2025,本科批,综合,2197,桂林理工大学,2,11,土木工程,,"物理,化学",3,4,6000.0
海南,2025,本科批,综合,2197,桂林理工大学,80,14,机械设计制造及其自动化,"(中外合作办学)(采取“4+0“培养模式,与马来西亚多媒体大学合作办学)","物理,化学",3,4,40000.0
海南,2025,本科批,综合,2197,桂林理工大学,2,7,环境工程,,"物理,化学",3,4,6000.0
海南,2025,本科批,综合,2197,桂林理工大学,81,15,网络工程,"(中外合作办学)(采取“4+0“培养模式,与马来西亚亚太科技大学合作办学)","物理,化学",3,4,55000.0
海南,2025,本科批,综合,2197,桂林理工大学,2,9,高分子材料与工程,,"物理,化学",3,4,6000.0
海南,2025,本科批,综合,2197,桂林理工大学,1,1,会计学,,不限,2,4,6000.0
海南,2025,本科批,综合,2197,桂林理工大学,2,8,地下水科学与工程,,"物理,化学",2,4,6000.0
海南,2025,本科批,综合,2197,桂林理工大学,1,5,城乡规划,,不限,2,5,7000.0
海南,2025,本科批,综合,2197,桂林理工大学,1,3,广告学,,不限,2,4,5500.0
海南,2025,本科批,综合,2197,桂林理工大学,2,10,应用化学,,"物理,化学",2,4,6000.0
海南,2025,本科批,综合,2197,桂林理工大学,2,12,物联网工程,,"物理,化学",2,4,6000.0
海南,2025,本科批,综合,2197,桂林理工大学,1,2,电子商务,,不限,2,4,6000.0
海南,2025,本科批,综合,2197,桂林理工大学,2,6,资源勘查工程,,"物理,化学",2,4,6000.0
海南,2025,本科批,综合,2197,桂林理工大学,2,13,软件工程,,"物理,化学",2,4,6000.0
海南,2025,本科批,综合,2197,桂林理工大学,1,4,酒店管理,,不限,2,4,6000.0
海南,2025,专科批,综合,2197,桂林理工大学,3,33,储能材料技术,,不限,4,3,7500.0
海南,2025,专科批,综合,2197,桂林理工大学,3,28,国际经济与贸易,,不限,4,3,7300.0
海南,2025,专科批,综合,2197,桂林理工大学,3,24,大数据与财务管理,,不限,4,3,7500.0
海南,2025,专科批,综合,2197,桂林理工大学,3,23,大数据技术,,不限,4,3,7500.0
海南,2025,专科批,综合,2197,桂林理工大学,3,20,工业机器人技术,,不限,4,3,7500.0
海南,2025,专科批,综合,2197,桂林理工大学,3,27,市场营销,,不限,4,3,7300.0
海南,2025,专科批,综合,2197,桂林理工大学,3,30,市政工程技术,,不限,4,3,8000.0
海南,2025,专科批,综合,2197,桂林理工大学,3,35,应用化工技术,,不限,4,3,8000.0
海南,2025,专科批,综合,2197,桂林理工大学,3,18,应用电子技术,,不限,4,3,8000.0
海南,2025,专科批,综合,2197,桂林理工大学,3,31,建筑工程技术,,不限,4,3,8000.0
海南,2025,专科批,综合,2197,桂林理工大学,3,34,无人机测绘技术,,不限,4,3,7500.0
海南,2025,专科批,综合,2197,桂林理工大学,3,21,智能制造装备技术,,不限,4,3,8000.0
海南,2025,专科批,综合,2197,桂林理工大学,3,22,机械制造及自动化,,不限,4,3,8000.0
海南,2025,专科批,综合,2197,桂林理工大学,3,17,机电一体化技术,,不限,4,3,8000.0
海南,2025,专科批,综合,2197,桂林理工大学,3,29,民宿管理与运营,,不限,4,3,7500.0
海南,2025,专科批,综合,2197,桂林理工大学,3,32,环境工程技术,,不限,4,3,8000.0
海南,2025,专科批,综合,2197,桂林理工大学,3,19,现代通信技术,,不限,4,3,8000.0
海南,2025,专科批,综合,2197,桂林理工大学,3,16,电气自动化技术,,不限,4,3,8000.0
海南,2025,专科批,综合,2197,桂林理工大学,3,25,网络营销与直播电商,,不限,4,3,7500.0
海南,2025,专科批,综合,2197,桂林理工大学,3,26,计算机应用技术,,不限,4,3,7500.0
海南,2025,本科批,综合,2223,桂林旅游学院,1,1,旅游管理与服务教育,,不限,2,4,4599.0
海南,2025,本科批,综合,2223,桂林旅游学院,1,2,英语,,不限,2,4,4199.0
海南,2025,本科批,综合,2223,桂林旅游学院,1,3,酒店管理,,不限,2,4,4599.0
海南,2025,专科批,综合,2236,桂林山水职业学院,1,1,汽车检测与维修技术,,不限,20,3,10500.0
海南,2025,专科批,综合,2236,桂林山水职业学院,1,3,计算机应用技术,,不限,15,3,10500.0
海南,2025,专科批,综合,2236,桂林山水职业学院,1,2,计算机网络技术,,不限,15,3,10500.0
海南,2025,专科批,综合,2280,桂林生命与健康职业技术学院,1,3,中医康复技术,,不限,4,3,12600.0
海南,2025,专科批,综合,2280,桂林生命与健康职业技术学院,1,4,康复治疗技术,,不限,4,3,12600.0
海南,2025,专科批,综合,2280,桂林生命与健康职业技术学院,1,2,中药学,,不限,2,3,12600.0
海南,2025,专科批,综合,2280,桂林生命与健康职业技术学院,1,1,药学,,不限,10,3,12600.0
海南,2025,专科批,综合,2221,桂林师范学院,5,9,现代移动通信技术,,不限,3,3,7000.0
海南,2025,专科批,综合,2221,桂林师范学院,5,6,酒店管理与数字化运营,,不限,3,3,6500.0
海南,2025,专科批,综合,2221,桂林师范学院,5,8,大数据技术,,不限,2,3,7000.0
海南,2025,专科批,综合,2221,桂林师范学院,5,5,电子商务,,不限,2,3,6500.0
海南,2025,专科批,综合,2221,桂林师范学院,5,7,计算机网络技术,,不限,2,3,7000.0
海南,2025,本科批,综合,2221,桂林师范学院,3,3,科学教育,,不限,3,4,4200.0
海南,2025,专科批,综合,2277,桂林信息工程职业学院,1,2,机电一体化技术,,不限,8,3,12800.0
海南,2025,专科批,综合,2277,桂林信息工程职业学院,1,1,数控技术,,不限,7,3,12500.0
海南,2025,本科批,综合,2242,桂林信息科技学院,3,9,人力资源管理,,不限,5,4,24500.0
海南,2025,本科批,综合,2242,桂林信息科技学院,3,7,电子商务,,不限,5,4,24500.0
海南,2025,本科批,综合,2242,桂林信息科技学院,3,8,财务管理,,不限,5,4,24500.0
海南,2025,本科批,综合,2242,桂林信息科技学院,3,12,国际经济与贸易,,不限,4,4,24500.0
海南,2025,本科批,综合,2242,桂林信息科技学院,4,16,大数据管理与应用,,物理,4,4,24500.0
海南,2025,本科批,综合,2242,桂林信息科技学院,4,14,工业工程,,物理,4,4,24500.0
海南,2025,本科批,综合,2242,桂林信息科技学院,3,11,英语,(对外汉语),不限,4,4,24500.0
海南,2025,本科批,综合,2242,桂林信息科技学院,3,13,酒店管理,,不限,4,4,24500.0
海南,2025,本科批,综合,2242,桂林信息科技学院,3,10,市场营销,,不限,3,4,24500.0
海南,2025,本科批,综合,2242,桂林信息科技学院,5,22,数据科学与大数据技术,,"物理,化学",2,4,24500.0
海南,2025,本科批,综合,2242,桂林信息科技学院,5,28,无人驾驶航空器系统工程,,"物理,化学",2,4,24500.0
海南,2025,本科批,综合,2242,桂林信息科技学院,5,18,智能交互设计,,"物理,化学",2,4,24500.0
海南,2025,本科批,综合,2242,桂林信息科技学院,5,26,智能制造工程,,"物理,化学",2,4,24500.0
海南,2025,本科批,综合,2242,桂林信息科技学院,5,27,机器人工程,,"物理,化学",2,4,24500.0
海南,2025,本科批,综合,2242,桂林信息科技学院,5,23,电子信息工程,,"物理,化学",2,4,24500.0
海南,2025,本科批,综合,2242,桂林信息科技学院,5,25,电子信息科学与技术,,"物理,化学",2,4,24500.0
海南,2025,本科批,综合,2242,桂林信息科技学院,5,24,自动化,,"物理,化学",2,4,24500.0
海南,2025,本科批,综合,2242,桂林信息科技学院,5,17,虚拟现实技术,,"物理,化学",2,4,24500.0
海南,2025,本科批,综合,2242,桂林信息科技学院,5,20,计算机科学与技术,,"物理,化学",2,4,24500.0
海南,2025,本科批,综合,2242,桂林信息科技学院,5,21,软件工程,,"物理,化学",2,4,24500.0
海南,2025,本科批,综合,2242,桂林信息科技学院,5,19,通信工程,,"物理,化学",2,4,24500.0
海南,2025,本科批,综合,2242,桂林信息科技学院,4,15,金融科技,,物理,2,4,24500.0
海南,2025,本科批,综合,2239,桂林学院,3,5,审计学,(不招单色识别不全者),不限,3,4,19800.0
海南,2025,本科批,综合,2239,桂林学院,3,3,工商管理,(不招单色识别不全者),不限,3,4,19800.0
海南,2025,本科批,综合,2239,桂林学院,3,6,新闻学,,不限,3,4,19800.0
海南,2025,本科批,综合,2239,桂林学院,3,10,旅游管理,,不限,3,4,19800.0
海南,2025,本科批,综合,2239,桂林学院,3,8,汉语言文学,,不限,3,4,22000.0
海南,2025,本科批,综合,2239,桂林学院,3,7,物业管理,,不限,3,4,19800.0
海南,2025,本科批,综合,2239,桂林学院,3,9,电子商务,,不限,3,4,19800.0
海南,2025,本科批,综合,2239,桂林学院,3,4,财务管理,(不招单色识别不全者),不限,3,4,19800.0
海南,2025,本科批,综合,2239,桂林学院,3,12,金融学,,不限,3,4,19800.0
海南,2025,本科批,综合,2239,桂林学院,3,11,法学,,不限,2,4,22000.0
海南,2025,本科批,综合,2201,桂林医科大学,2,3,临床医学,(不招色盲、色弱),"物理,化学",5,5,7500.0
海南,2025,本科批,综合,2201,桂林医科大学,2,9,临床药学,(不招色盲、色弱),"物理,化学",2,5,6480.0
海南,2025,本科批,综合,2201,桂林医科大学,2,10,儿科学,(不招色盲、色弱),"物理,化学",2,5,6480.0
海南,2025,本科批,综合,2201,桂林医科大学,2,4,医学影像学,(不招色盲、色弱),"物理,化学",2,5,6480.0
海南,2025,本科批,综合,2201,桂林医科大学,2,7,医学检验技术,"(中澳学分互认联合培养项目)(不招色盲、色弱；与澳大利亚昆士兰大学生物技术专业开展3+2学分互认双学位联合培养；国内学费6480元/学年,第四、五学年须赴昆士兰大学学习,英语教学,学费约53000澳元/学年)","物理,化学",2,4,6480.0
海南,2025,本科批,综合,2201,桂林医科大学,2,12,卫生检验与检疫,(不招色盲、色弱),"物理,化学",2,4,6480.0
海南,2025,本科批,综合,2201,桂林医科大学,1,1,市场营销,"(中澳学分互认联合培养项目)(与澳大利亚麦考瑞大学商业数据分析专业开展3+2学分互认双学位联合培养；国内学费5520元/学年,第四、五学年须赴麦考瑞大学学习,英语教学,学费约45000澳元/学年)",不限,2,4,5520.0
海南,2025,本科批,综合,2201,桂林医科大学,2,14,康复治疗学,"(中澳学分互认联合培养项目)(不招色盲、色弱；与澳大利亚麦考瑞大学康复治疗专业(脊柱治疗方向)开展本科2+2联合培养,双学士学位；国内学费6480元/学年,第三、四学年须赴麦考瑞大学学习,英语教学,学费约42000澳元/学年)","物理,化学",2,4,6480.0
海南,2025,本科批,综合,2201,桂林医科大学,2,6,智能医学工程,"(中澳学分互认联合培养项目)(不招色盲、色弱；与澳大利亚麦考瑞大学数据科学专业开展3+2学分互认双学位联合培养；国内学费6480元/学年,第四、五学年须赴麦考瑞大学学习,英语教学,学费约44000澳元/学年)","物理,化学",2,4,6480.0
海南,2025,本科批,综合,2201,桂林医科大学,2,13,生物制药,(不招色盲、色弱),"物理,化学",2,4,5520.0
海南,2025,本科批,综合,2201,桂林医科大学,2,11,生物技术,(不招色盲、色弱),"物理,化学",2,4,5520.0
海南,2025,本科批,综合,2201,桂林医科大学,2,2,预防医学,(不招色盲、色弱),"物理,化学",2,5,7500.0
海南,2025,本科批,综合,2201,桂林医科大学,2,8,食品卫生与营养学,"(中澳学分互认联合培养项目)(不招色盲、色弱；与澳大利亚昆士兰大学食品科学与技术专业开展3+2学分互认双学位联合培养；国内学费6480元/学年,第四、五学年须赴昆士兰大学学习,英语教学,学费约50000澳元/学年)","物理,化学",2,4,6480.0
海南,2025,本科批,综合,2201,桂林医科大学,2,5,口腔医学,(不招色盲、色弱；不招“左利手”),"物理,化学",1,5,7500.0
海南,2025,本科提前批(面试),综合,2943,国防科技大学,3,11,大气科学类,(战场环境保障、武器研发初级技术军官)(男生)(只招男生；通用标准合格),"物理,化学",3,4,
海南,2025,本科提前批(面试),综合,2943,国防科技大学,3,13,信息对抗技术,(电子对抗初级指挥与技术军官)(男生)(只招男生；电子对抗岗位合格),"物理,化学",2,4,
海南,2025,本科提前批(面试),综合,2943,国防科技大学,3,8,航空航天类,(新兴高技术初级技术军官)(男生)(只招男生；通用标准合格),"物理,化学",2,4,
海南,2025,本科提前批(面试),综合,2943,国防科技大学,3,10,任务规划,(任务规划初级技术军官)(男生)(只招男生；通用标准合格),"物理,化学",1,4,
海南,2025,本科提前批(面试),综合,2943,国防科技大学,3,19,作战指挥,(电子对抗作战指挥初级指挥与技术军官)(男生)(只招男生；电子对抗岗位合格),"物理,化学",1,4,
海南,2025,本科提前批(面试),综合,2943,国防科技大学,3,15,侦察情报,(情报分析整编、图像判读初级指挥与技术军官)(男生)(只招男生；通用标准合格),"物理,化学",1,4,
海南,2025,本科提前批(面试),综合,2943,国防科技大学,3,17,侦察情报,(网电情报分析初级指挥与技术军官)(男生)(只招男生；电子对抗岗位合格),"物理,化学",1,4,
海南,2025,本科提前批(面试),综合,2943,国防科技大学,3,5,信息工程,(地理空间信息、电子对抗初级指挥与技术军官)(男生)(只招男生；电子对抗岗位合格),"物理,化学",1,4,
海南,2025,本科提前批(面试),综合,2943,国防科技大学,1,1,印度尼西亚语,(军事翻译、军事外语技术初级技术军官)(女生)(只招女生；通用标准合格),不限,1,4,
海南,2025,本科提前批(面试),综合,2943,国防科技大学,4,25,国际事务与国际关系,(军事外交初级指挥军官)(男生)(只招男生；通用标准合格),政治,1,4,
海南,2025,本科提前批(面试),综合,2943,国防科技大学,4,26,外交学,(军事外交初级指挥军官)(男生)(只招男生；通用标准合格),政治,1,4,
海南,2025,本科提前批(面试),综合,2943,国防科技大学,2,3,大数据管理与应用,(数据管理与应用初级技术军官)(男生)(只招男生；通用标准合格),物理,1,4,
海南,2025,本科提前批(面试),综合,2943,国防科技大学,3,22,指挥信息系统工程,(指挥信息保障初级技术军官)(男生)(只招男生；通信导航岗位合格),"物理,化学",1,4,
海南,2025,本科提前批(面试),综合,2943,国防科技大学,3,20,新概念武器技术与工程,(新兴高技术初级技术军官)(男生)(只招男生；通用标准合格),"物理,化学",1,4,
海南,2025,本科提前批(面试),综合,2943,国防科技大学,3,23,新概念武器技术与工程,(新兴高技术初级技术军官)(女生)(只招女生；通用标准合格),"物理,化学",1,4,
海南,2025,本科提前批(面试),综合,2943,国防科技大学,3,16,无人系统指挥与控制,(无人装备初级指挥与技术军官)(男生)(只招男生；通用标准合格),"物理,化学",1,4,
海南,2025,本科提前批(面试),综合,2943,国防科技大学,1,2,法语,(军事翻译、军事外语技术初级技术军官)(男生)(只招男生；通用标准合格),不限,1,4,
海南,2025,本科提前批(面试),综合,2943,国防科技大学,3,12,物理学类,(武器研发试验、新兴高技术初级技术军官)(男生)(只招男生；通用标准合格),"物理,化学",1,4,
海南,2025,本科提前批(面试),综合,2943,国防科技大学,3,14,电子信息工程,(通信初级指挥与技术军官)(男生)(只招男生；通信导航岗位合格),"物理,化学",1,4,
海南,2025,本科提前批(面试),综合,2943,国防科技大学,3,18,目标保障,(数据、目标保障初级技术军官)(男生)(只招男生；通用标准合格),"物理,化学",1,4,
海南,2025,本科提前批(面试),综合,2943,国防科技大学,2,4,管理科学,(指挥勤务保障初级技术军官)(男生)(只招男生；通用标准合格),物理,1,4,
海南,2025,本科提前批(面试),综合,2943,国防科技大学,3,9,网络工程,(通信初级指挥与技术军官)(男生)(只招男生；通信导航岗位合格),"物理,化学",1,4,
海南,2025,本科提前批(面试),综合,2943,国防科技大学,3,7,网络空间安全,(网络信息防御、通信初级技术军官)(男生)(只招男生；通用标准合格),"物理,化学",1,4,
海南,2025,本科提前批(面试),综合,2943,国防科技大学,3,24,装备试验系统工程,(装备试验初级指挥与技术军官)(男生)(只招男生；通用标准合格),"物理,化学",1,4,
海南,2025,本科提前批(面试),综合,2943,国防科技大学,3,6,计算机科学与技术,(新兴高技术初级技术军官)(男生)(只招男生；通用标准合格),"物理,化学",1,4,
海南,2025,本科提前批(面试),综合,2943,国防科技大学,3,21,雷达工程,(电子对抗初级指挥与技术军官)(男生)(只招男生；电子对抗岗位合格),"物理,化学",1,4,
海南,2025,本科提前批,综合,38,国际关系学院,1,2,传播学,(女生)(只招女生；身体等报考条件详见招生章程),不限,1,4,5000.0
海南,2025,本科提前批,综合,38,国际关系学院,1,5,传播学,(男生)(只招男生；身体等报考条件详见招生章程),不限,1,4,5000.0
海南,2025,本科提前批,综合,38,国际关系学院,2,7,国际政治,(女生)(只招女生；身体等报考条件详见招生章程),政治,1,4,5000.0
海南,2025,本科提前批,综合,38,国际关系学院,2,8,国际政治,(男生)(只招男生；身体等报考条件详见招生章程),政治,1,4,5000.0
海南,2025,本科提前批,综合,38,国际关系学院,1,1,国际经济与贸易,(女生)(只招女生；身体等报考条件详见招生章程),不限,1,4,5000.0
海南,2025,本科提前批,综合,38,国际关系学院,1,4,国际经济与贸易,(男生)(只招男生；身体等报考条件详见招生章程),不限,1,4,5000.0
海南,2025,本科提前批,综合,38,国际关系学院,1,3,行政管理,(女生)(只招女生；身体等报考条件详见招生章程),不限,1,4,5000.0
海南,2025,本科提前批,综合,38,国际关系学院,1,6,行政管理,(男生)(只招男生；身体等报考条件详见招生章程),不限,1,4,5000.0
海南,2025,专科批,综合,697,哈尔滨北方航空职业技术学院,1,4,空中乘务,"(此专业在未来就业时有岗位要求,建议符合条件考生报考；报考标准:五官端正,身体健康,口齿清晰,身材匀称,无色盲、色弱,身体裸露部位无明显疤痕、纹身,身高范围女生164-177cm、男生175-188cm)",不限,6,3,19800.0
海南,2025,专科批,综合,697,哈尔滨北方航空职业技术学院,1,1,通用航空器维修,,不限,2,3,19800.0
海南,2025,专科批,综合,697,哈尔滨北方航空职业技术学院,1,3,民航安全技术管理,,不限,1,3,19800.0
海南,2025,专科批,综合,697,哈尔滨北方航空职业技术学院,1,2,民航空中安全保卫,"(此专业在未来就业时有岗位要求,建议符合条件考生报考；报考标准:五官端正,身体健康,口齿清晰,身材匀称,无色盲、色弱,身体裸露部位无明显疤痕、纹身,身高范围男生175-188cm、女生164-177cm;身体素质较好或拥有武术、散打基础)",不限,1,3,19800.0
海南,2025,专科批,综合,678,哈尔滨城市职业学院,1,1,数字媒体技术,,不限,2,3,19800.0
海南,2025,本科批,综合,623,哈尔滨工程大学,1,4,自动化类,(包含专业:自动化、电气工程及其自动化、测控技术与仪器、探测制导与控制技术、机器人工程、人工智能),"物理,化学",3,4,5500.0
海南,2025,本科批,综合,623,哈尔滨工程大学,1,6,智能制造工程,,"物理,化学",2,4,5500.0
海南,2025,本科批,综合,623,哈尔滨工程大学,1,7,核工程与核技术,,"物理,化学",2,4,4500.0
海南,2025,本科批,综合,623,哈尔滨工程大学,1,5,水声工程,(含水声、电子水声、海洋信息3个专业),"物理,化学",2,4,5500.0
海南,2025,本科批,综合,623,哈尔滨工程大学,1,1,海洋工程类,(包含专业:船舶与海洋工程、港口航道与海岸工程、海洋机器人),"物理,化学",2,4,5500.0
海南,2025,本科批,综合,623,哈尔滨工程大学,84,12,电子信息工程,"(中外合作办学)(英国阿伯丁大学,实行3+1培养模式；学费标准以实际批复为准)","物理,化学",2,4,45000.0
海南,2025,本科批,综合,623,哈尔滨工程大学,1,3,能源动力类,(包含专业:能源与动力工程、轮机工程),"物理,化学",2,4,5500.0
海南,2025,本科批,综合,623,哈尔滨工程大学,1,2,航空航天类,(包含专业:飞行器设计与工程、飞行器动力工程、工程力学),"物理,化学",2,4,5500.0
海南,2025,本科批,综合,623,哈尔滨工程大学,81,9,人工智能,(兴海领军),"物理,化学",1,4,5500.0
海南,2025,本科批,综合,623,哈尔滨工程大学,82,10,海洋信息工程,(兴海领军),"物理,化学",1,4,5500.0
海南,2025,本科批,综合,623,哈尔滨工程大学,80,8,船舶与海洋工程,(兴海领军),"物理,化学",1,4,5500.0
海南,2025,本科批,综合,623,哈尔滨工程大学,83,11,软件工程,"(国家特软创新班)(后两年学费16000元/年,不招单色异常考生)","物理,化学",1,4,5500.0
海南,2025,本科民族班、预科班,综合,623,哈尔滨工程大学,2,13,少数民族预科班,(预科培养地点:哈尔滨工程大学校本部),"物理,化学",3,1,5500.0
海南,2025,本科批,综合,621,哈尔滨工业大学,1,1,工科试验班,"(未来技术拔尖班)(包含专业:自动化、人工智能、计算机科学与技术、通信工程、电子信息工程、飞行器设计与工程、机器人工程、焊接技术与工程、电气工程及其自动化、复合材料与工程、智能材料与结构、集成电路设计与集成系统、微电子科学与工程、智能视觉工程、探测制导与控制技术、智能装备与系统等,校本部理工专业任选,未来技术学院培养、书院制管理,采用“一生一策”拔尖培养)","物理,化学",1,4,5500.0
海南,2025,本科批,综合,621,哈尔滨工业大学,1,2,工科试验班,"(AI加先进技术领军班深圳拔尖班)(包含专业:自动化、集成电路设计与集成系统、通信工程、电气工程及其自动化、计算机科学与技术；本专业类内任选专业,培养地点为深圳校区)","物理,化学",1,4,6230.0
海南,2025,本科批,综合,2191,哈尔滨工业大学(深圳),80,2,通信工程,"(中外合作办学)(与韩国汉阳大学合作办学,学生入学后不得转专业,“4+0”培养模式,中英文授课,深圳市就读；学费待定,以正式批复为准)","物理,化学",5,4,
海南,2025,本科批,综合,2191,哈尔滨工业大学(深圳),1,1,工科试验班,(计算机与电子通信)(包含专业:计算机科学与技术、通信工程、集成电路设计与集成系统、自动化、电气工程及其自动化；本专业类内任选专业),"物理,化学",14,4,6230.0
海南,2025,本科批,综合,1557,哈尔滨工业大学(威海),80,2,智能材料与结构,"(中外合作办学)(与韩国汉阳大学合作办学,学生入学后不得转专业；“4+0”培养；中英文授课)","物理,化学",18,4,85000.0
海南,2025,本科批,综合,1557,哈尔滨工业大学(威海),1,1,工科试验班,"(AI加先进技术领军班)(包含专业:计算机科学与技术、人工智能、网络空间安全、自动化、通信工程、电子信息工程、集成电路设计与集成系统、光电信息科学与工程、电气工程及其自动化；本专业类内任选专业,可申请除拔尖班外全校范围内转专业,需通过考核)","物理,化学",10,4,7000.0
海南,2025,本科批,综合,675,哈尔滨华德学院,1,1,国际经济与贸易,,不限,5,4,25800.0
海南,2025,本科批,综合,675,哈尔滨华德学院,2,3,大数据管理与应用,(英才班),物理,5,4,28800.0
海南,2025,本科批,综合,675,哈尔滨华德学院,3,4,电气工程及其自动化,(英才班),"物理,化学",5,4,28800.0
海南,2025,本科批,综合,675,哈尔滨华德学院,1,2,英语,,不限,5,4,25800.0
海南,2025,本科批,综合,675,哈尔滨华德学院,3,5,计算机科学与技术,,"物理,化学",5,4,25800.0
海南,2025,本科批,综合,642,哈尔滨金融学院,2,5,投资学,,物理,6,4,5000.0
海南,2025,本科批,综合,642,哈尔滨金融学院,1,1,金融学,,不限,4,4,5000.0
海南,2025,本科批,综合,642,哈尔滨金融学院,1,4,人力资源管理,,不限,2,4,4500.0
海南,2025,本科批,综合,642,哈尔滨金融学院,1,2,保险学,,不限,2,4,5000.0
海南,2025,本科批,综合,642,哈尔滨金融学院,1,3,市场营销,,不限,2,4,4500.0
海南,2025,本科批,综合,642,哈尔滨金融学院,2,6,电子商务,,物理,2,4,5000.0
海南,2025,本科批,综合,642,哈尔滨金融学院,3,7,计算机科学与技术,,"物理,化学",2,4,4500.0
海南,2025,本科批,综合,622,哈尔滨理工大学,1,4,测控技术与仪器,,"物理,化学",3,4,3500.0
海南,2025,本科批,综合,622,哈尔滨理工大学,1,7,新能源材料与器件,,"物理,化学",2,4,5000.0
海南,2025,本科批,综合,622,哈尔滨理工大学,1,2,材料成型及控制工程,,"物理,化学",2,4,3500.0
海南,2025,本科批,综合,622,哈尔滨理工大学,1,1,电气工程及其自动化,,"物理,化学",2,4,4000.0
海南,2025,本科批,综合,622,哈尔滨理工大学,1,3,计算机科学与技术,,"物理,化学",2,4,4000.0
海南,2025,本科批,综合,622,哈尔滨理工大学,1,5,金属材料工程,,"物理,化学",2,4,3500.0
海南,2025,本科批,综合,622,哈尔滨理工大学,1,6,高分子材料与工程,,"物理,化学",2,4,3500.0
海南,2025,本科批,综合,640,哈尔滨商业大学,1,5,旅游管理,,不限,4,4,3500.0
海南,2025,本科批,综合,640,哈尔滨商业大学,2,10,机械设计制造及其自动化,,"物理,化学",3,4,3500.0
海南,2025,本科批,综合,640,哈尔滨商业大学,1,4,商务英语,,不限,2,4,5000.0
海南,2025,本科批,综合,640,哈尔滨商业大学,1,3,市场营销,,不限,2,4,3850.0
海南,2025,本科批,综合,640,哈尔滨商业大学,1,7,投资学,,不限,2,4,4500.0
海南,2025,本科批,综合,640,哈尔滨商业大学,2,11,数学与应用数学,,"物理,化学",2,4,3500.0
海南,2025,本科批,综合,640,哈尔滨商业大学,1,8,新闻学,,不限,2,4,8000.0
海南,2025,本科批,综合,640,哈尔滨商业大学,1,1,法学,,不限,2,4,4000.0
海南,2025,本科批,综合,640,哈尔滨商业大学,1,6,税收学,,不限,2,4,4500.0
海南,2025,本科批,综合,640,哈尔滨商业大学,2,9,计算机科学与技术,,"物理,化学",2,4,4800.0
海南,2025,本科批,综合,640,哈尔滨商业大学,1,2,财务管理,,不限,2,4,3500.0
海南,2025,本科批,综合,633,哈尔滨师范大学,3,4,材料化学,,"物理,化学",6,4,4000.0
海南,2025,本科批,综合,633,哈尔滨师范大学,2,2,俄语,(非师范),不限,4,4,4800.0
海南,2025,本科批,综合,633,哈尔滨师范大学,4,5,历史学,,历史,3,4,2800.0
海南,2025,本科批,综合,633,哈尔滨师范大学,2,3,跨境电子商务,,不限,2,4,4500.0
海南,2025,本科批,综合,668,哈尔滨石油学院,2,4,石油工程,,"物理,化学",7,4,25800.0
海南,2025,本科批,综合,668,哈尔滨石油学院,1,1,跨境电子商务,,不限,3,4,25000.0
海南,2025,本科批,综合,668,哈尔滨石油学院,2,7,土木工程,,"物理,化学",2,4,25800.0
海南,2025,本科批,综合,668,哈尔滨石油学院,1,3,学前教育,,不限,2,4,27800.0
海南,2025,本科批,综合,668,哈尔滨石油学院,2,5,机械类,(包含专业:机械设计制造及其自动化、机械电子工程、过程装备与控制工程),"物理,化学",2,4,25800.0
海南,2025,本科批,综合,668,哈尔滨石油学院,2,6,自动化,,"物理,化学",2,4,25800.0
海南,2025,本科批,综合,668,哈尔滨石油学院,1,2,财务管理,,不限,2,4,25000.0
海南,2025,专科批,综合,662,哈尔滨铁道职业技术学院,1,4,道路与桥梁工程技术,,不限,5,3,6000.0
海南,2025,专科批,综合,662,哈尔滨铁道职业技术学院,1,3,铁道信号自动控制,,不限,5,3,6000.0
海南,2025,专科批,综合,662,哈尔滨铁道职业技术学院,1,1,铁道工程技术,,不限,5,3,6000.0
海南,2025,专科批,综合,662,哈尔滨铁道职业技术学院,1,2,铁道机车运用与维护,,不限,5,3,6000.0
海南,2025,本科批,综合,636,哈尔滨学院,1,4,会计学,,不限,1,4,4200.0
海南,2025,本科批,综合,636,哈尔滨学院,1,3,商务经济学,,不限,1,4,4500.0
海南,2025,本科批,综合,636,哈尔滨学院,1,5,商务英语,,不限,1,4,4500.0
海南,2025,本科批,综合,636,哈尔滨学院,2,9,土木工程,,"物理,化学",1,4,5000.0
海南,2025,本科批,综合,636,哈尔滨学院,1,2,旅游管理,,不限,1,4,4000.0
海南,2025,本科批,综合,636,哈尔滨学院,3,10,汉语言文学,,历史,1,4,2500.0
海南,2025,本科批,综合,636,哈尔滨学院,2,6,电子信息工程,,"物理,化学",1,4,4000.0
海南,2025,本科批,综合,636,哈尔滨学院,2,8,电气工程与智能控制,,"物理,化学",1,4,5000.0
海南,2025,本科批,综合,636,哈尔滨学院,1,1,英语,,不限,1,4,2500.0
海南,2025,本科批,综合,636,哈尔滨学院,2,7,软件工程,"(学费前两年6000元/生/学年,后两年14000元/生/学年)","物理,化学",1,4,6000.0
海南,2025,本科批,综合,630,哈尔滨医科大学,2,16,临床医学,(不招色盲、色弱),"物理,化学,生物",5,5,4800.0
海南,2025,本科批,综合,630,哈尔滨医科大学,2,12,临床医学,(5+3一体化)(不招色盲、色弱),"物理,化学,生物",3,5,4800.0
海南,2025,本科批,综合,630,哈尔滨医科大学,1,7,医学影像技术,(大庆校区；不招色盲、色弱),"物理,化学",2,4,5000.0
海南,2025,本科批,综合,630,哈尔滨医科大学,1,5,医学检验技术,(大庆校区；不招色盲、色弱),"物理,化学",2,4,4000.0
海南,2025,本科批,综合,630,哈尔滨医科大学,1,8,康复治疗学,(大庆校区；不招色盲、色弱),"物理,化学",2,4,4800.0
海南,2025,本科批,综合,630,哈尔滨医科大学,2,21,预防医学,(不招色盲、色弱),"物理,化学,生物",2,5,4000.0
海南,2025,本科批,综合,630,哈尔滨医科大学,1,4,中药学,(大庆校区；不招色盲、色弱),"物理,化学",1,4,4800.0
海南,2025,本科批,综合,630,哈尔滨医科大学,2,11,临床医学,"(5+3一体化,于维汉班)(不招色盲、色弱)","物理,化学,生物",1,5,4800.0
海南,2025,本科批,综合,630,哈尔滨医科大学,2,13,临床医学,"(5+3一体化,儿科学硕士)(不招色盲、色弱)","物理,化学,生物",1,5,4800.0
海南,2025,本科批,综合,630,哈尔滨医科大学,2,22,临床药学,(不招色盲、色弱),"物理,化学,生物",1,5,5000.0
海南,2025,本科批,综合,630,哈尔滨医科大学,2,19,儿科学,(不招色盲、色弱),"物理,化学,生物",1,5,5000.0
海南,2025,本科批,综合,630,哈尔滨医科大学,1,6,医学实验技术,(大庆校区；不招色盲、色弱),"物理,化学",1,4,5500.0
海南,2025,本科批,综合,630,哈尔滨医科大学,2,18,医学影像学,(不招色盲、色弱),"物理,化学,生物",1,5,5000.0
海南,2025,本科批,综合,630,哈尔滨医科大学,2,20,口腔医学,(不招色盲、色弱),"物理,化学,生物",1,5,4800.0
海南,2025,本科批,综合,630,哈尔滨医科大学,2,9,基础医学,"(伍连德班,基础方向)(不招色盲、色弱)","物理,化学,生物",1,7,4800.0
海南,2025,本科批,综合,630,哈尔滨医科大学,2,10,基础医学,"(伍连德班,预防方向)(不招色盲、色弱)","物理,化学,生物",1,7,4800.0
海南,2025,本科批,综合,630,哈尔滨医科大学,2,14,基础医学,"(伍连德班,药学方向)(不招色盲、色弱)","物理,化学,生物",1,7,4800.0
海南,2025,本科批,综合,630,哈尔滨医科大学,2,15,基础医学,(不招色盲、色弱),"物理,化学,生物",1,7,4800.0
海南,2025,本科批,综合,630,哈尔滨医科大学,2,23,智能医学工程,(哈尔滨工业大学-哈尔滨医科大学联合学士学位；不招色盲、色弱),"物理,化学,生物",1,4,5000.0
海南,2025,本科批,综合,630,哈尔滨医科大学,2,24,生物信息学,(不招色盲、色弱),"物理,化学,生物",1,5,5000.0
海南,2025,本科批,综合,630,哈尔滨医科大学,2,25,生物医学工程,(不招色盲、色弱),"物理,化学,生物",1,4,5000.0
海南,2025,本科批,综合,630,哈尔滨医科大学,2,26,眼视光医学,(不招色盲、色弱),"物理,化学,生物",1,5,5000.0
海南,2025,本科批,综合,630,哈尔滨医科大学,80,1,精神医学,(不招色盲、色弱),"物理,化学",1,5,4000.0
海南,2025,本科批,综合,630,哈尔滨医科大学,1,3,药物分析,(大庆校区；不招色盲、色弱),"物理,化学",1,4,5000.0
海南,2025,本科批,综合,630,哈尔滨医科大学,1,2,药物制剂,(大庆校区；不招色盲、色弱),"物理,化学",1,4,5000.0
海南,2025,本科批,综合,630,哈尔滨医科大学,2,17,麻醉学,(不招色盲、色弱),"物理,化学,生物",1,5,4800.0
海南,2025,专科批,综合,694,哈尔滨幼儿师范高等专科学校,1,1,学前教育,,不限,8,3,6000.0
海南,2025,专科批,综合,694,哈尔滨幼儿师范高等专科学校,1,2,早期教育,,不限,2,3,6000.0
海南,2025,专科批,综合,694,哈尔滨幼儿师范高等专科学校,1,3,婴幼儿托育服务与管理,,不限,10,3,6000.0
海南,2025,本科提前批(面试),综合,2946,海军大连舰艇学院,1,8,航海技术,(海警舰艇航通、船艇初级指挥警官)(男生),"物理,化学",6,4,
海南,2025,本科提前批(面试),综合,2946,海军大连舰艇学院,1,5,探测制导与控制技术,(舰艇对海、对空(枪炮、导弹)初级指挥军官)(男生)(只招男生；舰艇岗位合格),"物理,化学",4,4,
海南,2025,本科提前批(面试),综合,2946,海军大连舰艇学院,1,7,航海技术,(舰艇航通初级指挥军官)(男生)(只招男生；舰艇岗位合格),"物理,化学",2,4,
海南,2025,本科提前批(面试),综合,2946,海军大连舰艇学院,1,1,通信工程,(舰艇通信初级指挥军官)(男生)(只招男生；舰艇岗位合格),"物理,化学",2,4,
海南,2025,本科提前批(面试),综合,2946,海军大连舰艇学院,1,3,导航工程,(舰艇航海初级指挥军官)(男生)(只招男生；舰艇岗位合格),"物理,化学",1,4,
海南,2025,本科提前批(面试),综合,2946,海军大连舰艇学院,1,4,武器系统与工程,(舰艇航空、水武初级指挥军官)(男生)(只招男生；舰艇岗位合格),"物理,化学",1,4,
海南,2025,本科提前批(面试),综合,2946,海军大连舰艇学院,1,6,水下信息工程,(舰艇对潜初级指挥军官)(男生)(只招男生；舰艇岗位合格),"物理,化学",1,4,
海南,2025,本科提前批(面试),综合,2946,海军大连舰艇学院,1,2,测绘工程,(测绘保障初级技术军官)(男生)(只招男生；测绘岗位合格),"物理,化学",1,4,
海南,2025,本科提前批(面试),综合,2945,海军工程大学,1,1,核工程与核技术,(潜艇核动力初级指挥与技术军官)(男生)(只招男生；潜艇岗位合格),"物理,化学",4,4,
海南,2025,本科提前批(面试),综合,2945,海军工程大学,1,13,电气工程及其自动化,(海警部队舰艇机电初级指挥警官)(男生)(只招男生；舰艇岗位合格),"物理,化学",3,4,
海南,2025,本科提前批(面试),综合,2945,海军工程大学,1,3,军港勤务工程,(海警部队舰艇军需、能源保障初级指挥警官)(男生)(只招男生；通用标准合格),"物理,化学",2,4,
海南,2025,本科提前批(面试),综合,2945,海军工程大学,1,6,电气工程及其自动化,(潜艇机电初级指挥与技术军官)(男生)(只招男生；潜艇岗位合格),"物理,化学",2,4,
海南,2025,本科提前批(面试),综合,2945,海军工程大学,1,4,轮机工程,(海警部队舰艇机电初级指挥警官)(男生)(只招男生；舰艇岗位合格),"物理,化学",2,4,
海南,2025,本科提前批(面试),综合,2945,海军工程大学,1,5,轮机工程,(潜艇机电初级指挥与技术军官)(男生)(只招男生；潜艇岗位合格),"物理,化学",2,4,
海南,2025,本科提前批(面试),综合,2945,海军工程大学,1,8,通信工程,(岸海通信、数据链初级指挥与技术军官)(女生)(只招女生；通信导航岗位合格),"物理,化学",2,4,
海南,2025,本科提前批(面试),综合,2945,海军工程大学,1,7,信息对抗技术,(网电对抗及安全防护初级指挥与技术军官)(男生)(只招男生；电子对抗岗位合格),"物理,化学",1,4,
海南,2025,本科提前批(面试),综合,2945,海军工程大学,1,15,导弹工程,(舰艇导弹武器初级技术军官)(女生)(只招女生；通用标准合格),"物理,化学",1,4,
海南,2025,本科提前批(面试),综合,2945,海军工程大学,1,10,水下信息工程,(水下信息系统装备运维初级指挥与技术军官)(男生)(只招男生；通用标准合格),"物理,化学",1,4,
海南,2025,本科提前批(面试),综合,2945,海军工程大学,1,2,水声工程,(水声工程初级技术军官)(男生)(只招男生；通用标准合格),"物理,化学",1,4,
海南,2025,本科提前批(面试),综合,2945,海军工程大学,1,9,电气工程及其自动化,(舰艇机电初级指挥军官)(男生)(只招男生；舰艇岗位合格),"物理,化学",1,4,
海南,2025,本科提前批(面试),综合,2945,海军工程大学,1,14,电磁发射工程,(电磁发射初级技术军官)(男生)(只招男生；通用标准合格),"物理,化学",1,4,
海南,2025,本科提前批(面试),综合,2945,海军工程大学,1,11,装备经济管理,(装备经济管理初级技术军官)(女生)(只招女生；通用标准合格),"物理,化学",1,4,
海南,2025,本科提前批(面试),综合,2945,海军工程大学,1,12,轮机工程,(舰艇机电初级指挥军官)(男生)(只招男生；舰艇岗位合格),"物理,化学",1,4,
海南,2025,本科提前批(面试),综合,2947,海军航空大学,1,9,飞行器设计与工程,(航空机务机械维修初级技术军官)(男生)(只招男生；通用标准合格),"物理,化学",3,4,
海南,2025,本科提前批(面试),综合,2947,海军航空大学,1,5,电气工程及其自动化,(航空机务电气仪表维修初级技术军官)(男生)(只招男生；通用标准合格),"物理,化学",2,4,
海南,2025,本科提前批(面试),综合,2947,海军航空大学,1,10,飞行器动力工程,(航空机务动力装置维修初级技术军官)(男生)(只招男生；通用标准合格),"物理,化学",2,4,
海南,2025,本科提前批(面试),综合,2947,海军航空大学,1,2,任务规划,(任务规划初级技术军官)(男生)(只招男生；通用标准合格),"物理,化学",1,4,
海南,2025,本科提前批(面试),综合,2947,海军航空大学,1,1,武器系统与工程,(航空机务军械维修初级技术军官)(男生)(只招男生；通用标准合格),"物理,化学",1,4,
海南,2025,本科提前批(面试),综合,2947,海军航空大学,1,3,电子信息工程,(电子装备维修初级技术军官)(男生)(只招男生；通用标准合格),"物理,化学",1,4,
海南,2025,本科提前批(面试),综合,2947,海军航空大学,1,6,电子信息工程,(电子装备运用初级指挥与技术军官)(男生)(只招男生；通用标准合格),"物理,化学",1,4,
海南,2025,本科提前批(面试),综合,2947,海军航空大学,1,7,电子信息工程,(电子装备运用初级指挥与技术军官)(女生)(只招女生；通用标准合格),"物理,化学",1,4,
海南,2025,本科提前批(面试),综合,2947,海军航空大学,1,4,航空管制,(航空管制初级指挥军官)(女生)(只招女生；通用标准合格),"物理,化学",1,4,
海南,2025,本科提前批(面试),综合,2947,海军航空大学,1,8,航空管制,(航空管制初级指挥军官)(男生)(只招男生；通用标准合格),"物理,化学",1,4,
海南,2025,本科提前批(面试),综合,2947,海军航空大学,1,11,舰基航空勤务,(舰基航空勤务初级指挥与技术军官)(男生)(只招男生；通用标准合格),"物理,化学",1,4,
海南,2025,本科提前批(面试),综合,2941,海军军医大学,2,3,临床医学,(临床通科医师)(女生)(只招女生；医疗卫生岗位合格),"物理,化学",2,4,
海南,2025,本科提前批(面试),综合,2941,海军军医大学,2,5,临床医学,(临床通科医师)(男生)(只招男生；医疗卫生岗位合格),"物理,化学",11,4,
海南,2025,本科提前批(面试),综合,2941,海军军医大学,2,2,临床医学,(高级临床医师)(男生)(只招男生；医疗卫生岗位合格),"物理,化学",1,4,
海南,2025,本科提前批(面试),综合,2941,海军军医大学,1,1,公共事业管理,(医疗卫勤分队初级指挥军官)(男生)(只招男生；医疗卫生岗位合格；考生投档成绩须达到部分特殊类型招生投档最低控制分数线),物理,1,4,
海南,2025,本科提前批(面试),综合,2941,海军军医大学,2,7,医学影像学,(临床影像医师)(女生)(只招女生；医疗卫生岗位合格),"物理,化学",1,4,
海南,2025,本科提前批(面试),综合,2941,海军军医大学,2,4,基础医学,(基础医学高级技术军官)(男生)(只招男生；医疗卫生岗位合格),"物理,化学",1,4,
海南,2025,本科提前批(面试),综合,2941,海军军医大学,2,9,精神医学,(精神医师)(男生)(只招男生；医疗卫生岗位合格),"物理,化学",1,4,
海南,2025,本科提前批(面试),综合,2941,海军军医大学,2,8,药学,(药师)(男生)(只招男生；医疗卫生岗位合格),"物理,化学",1,4,
海南,2025,本科提前批(面试),综合,2941,海军军医大学,2,10,预防医学,(公共卫生医师)(男生)(只招男生；医疗卫生岗位合格),"物理,化学",1,4,
海南,2025,本科提前批(面试),综合,2941,海军军医大学,2,6,麻醉学,(临床麻醉医师)(男生)(只招男生；医疗卫生岗位合格),"物理,化学",1,4,
海南,2025,本科批,综合,2941,海军军医大学,3,11,临床医学,,"物理,化学",9,5,5000.0
海南,2025,本科批,综合,2941,海军军医大学,3,15,中药学,,"物理,化学",2,4,5000.0
海南,2025,本科批,综合,2941,海军军医大学,3,12,医学影像学,,"物理,化学",2,5,5000.0
海南,2025,本科批,综合,2941,海军军医大学,3,16,护理学,,"物理,化学",2,4,5000.0
海南,2025,本科批,综合,2941,海军军医大学,3,14,药学,,"物理,化学",2,4,5000.0
海南,2025,本科批,综合,2941,海军军医大学,3,13,麻醉学,,"物理,化学",2,5,5000.0
海南,2025,本科批,综合,6006,海口经济学院,8,44,市场营销,,不限,9,4,45900.0
海南,2025,本科批,综合,6006,海口经济学院,8,36,物流管理,(智慧物流),不限,9,4,35900.0
海南,2025,本科批,综合,6006,海口经济学院,8,31,市场营销,(新媒体营销),不限,8,4,35900.0
海南,2025,本科批,综合,6006,海口经济学院,10,67,数据科学与大数据技术,(智能数据分析),"物理,化学",8,4,38900.0
海南,2025,本科批,综合,6006,海口经济学院,8,32,新闻学,(国际新闻传播),不限,8,4,54900.0
海南,2025,本科批,综合,6006,海口经济学院,10,59,计算机科学与技术,,"物理,化学",7,4,38900.0
海南,2025,本科批,综合,6006,海口经济学院,10,65,智能科学与技术,,"物理,化学",6,4,38900.0
海南,2025,本科批,综合,6006,海口经济学院,8,43,电子商务,,不限,6,4,35900.0
海南,2025,本科批,综合,6006,海口经济学院,10,60,电气工程及其自动化,(智能控制),"物理,化学",6,4,38900.0
海南,2025,本科批,综合,6006,海口经济学院,9,51,质量管理工程,(环境质量管理),物理,6,4,35900.0
海南,2025,本科批,综合,6006,海口经济学院,10,56,通信工程,,"物理,化学",6,4,38900.0
海南,2025,本科批,综合,6006,海口经济学院,8,39,人力资源管理,,不限,5,4,45900.0
海南,2025,本科批,综合,6006,海口经济学院,8,48,健康服务与管理,,不限,5,4,35900.0
海南,2025,本科批,综合,6006,海口经济学院,8,38,外国语言文学类,(包含专业:日语(商务方向)、朝鲜语(商务方向)),不限,5,4,36900.0
海南,2025,本科批,综合,6006,海口经济学院,10,58,数字媒体技术,,"物理,化学",5,4,38900.0
海南,2025,本科批,综合,6006,海口经济学院,10,55,数据科学与大数据技术,,"物理,化学",5,4,38900.0
海南,2025,本科批,综合,6006,海口经济学院,10,57,电子信息工程,,"物理,化学",5,4,38900.0
海南,2025,本科批,综合,6006,海口经济学院,8,49,电子商务,(创业与商业管理),不限,5,4,45900.0
海南,2025,本科批,综合,6006,海口经济学院,8,47,经济学类,(包含专业:经济学(金融与科技方向)、国际经济与贸易(跨境电商方向)),不限,5,4,36900.0
海南,2025,本科批,综合,6006,海口经济学院,8,45,英语,(教育、翻译、商务方向),不限,5,4,36900.0
海南,2025,本科批,综合,6006,海口经济学院,9,52,金融工程,,物理,5,4,36900.0
海南,2025,本科批,综合,6006,海口经济学院,8,29,会展经济与管理,(含数字会展方向),不限,40,4,38900.0
海南,2025,本科批,综合,6006,海口经济学院,8,41,市场营销,(创意产业管理),不限,31,4,49900.0
海南,2025,本科批,综合,6006,海口经济学院,8,28,广播电视编导,(电影电视编导),不限,3,4,59900.0
海南,2025,本科批,综合,6006,海口经济学院,8,42,旅游管理,(含智慧旅游、数字文旅方向),不限,28,4,36900.0
海南,2025,本科批,综合,6006,海口经济学院,10,61,交通运输,(民航运输),"物理,化学",25,4,36900.0
海南,2025,本科批,综合,6006,海口经济学院,8,37,会计学,,不限,25,4,36900.0
海南,2025,本科批,综合,6006,海口经济学院,8,27,建筑类,(包含专业:建筑学、城乡规划、风景园林),不限,25,4,39900.0
海南,2025,本科批,综合,6006,海口经济学院,8,34,财务管理,,不限,25,4,36900.0
海南,2025,本科批,综合,6006,海口经济学院,8,33,酒店管理,,不限,25,4,36900.0
海南,2025,本科批,综合,6006,海口经济学院,10,64,交通运输,(民航飞机维修管理),"物理,化学",24,4,39900.0
海南,2025,本科批,综合,6006,海口经济学院,10,66,地理空间信息工程,,"物理,化学",20,4,36900.0
海南,2025,本科批,综合,6006,海口经济学院,8,46,审计学,,不限,20,4,36900.0
海南,2025,本科批,综合,6006,海口经济学院,9,53,管理科学与工程类,(包含专业:工程造价、工程管理),物理,20,4,36900.0
海南,2025,本科批,综合,6006,海口经济学院,8,50,影视技术,,不限,2,4,49900.0
海南,2025,本科批,综合,6006,海口经济学院,8,40,网络与新媒体,(AI媒介应用),不限,14,4,54900.0
海南,2025,本科批,综合,6006,海口经济学院,8,35,艺术教育,,不限,12,4,36900.0
海南,2025,本科批,综合,6006,海口经济学院,10,62,电气工程及其自动化,,"物理,化学",11,4,38900.0
海南,2025,本科批,综合,6006,海口经济学院,8,30,人力资源管理,(薪酬绩效设计师),不限,10,4,35900.0
海南,2025,本科批,综合,6006,海口经济学院,9,54,大数据管理与应用,,物理,10,4,35900.0
海南,2025,本科批,综合,6006,海口经济学院,10,63,计算机科学与技术,(网络安全),"物理,化学",10,4,38900.0
海南,2025,专科批,综合,6006,海口经济学院,20,,商务日语,,不限,8,3,22900.0
海南,2025,专科批,综合,6006,海口经济学院,20,,市场营销,(影视营销与制作),不限,8,3,35900.0
海南,2025,专科批,综合,6006,海口经济学院,20,,应用韩语,,不限,8,3,22900.0
海南,2025,专科批,综合,6006,海口经济学院,20,,网络新闻与传播,,不限,65,3,23900.0
海南,2025,专科批,综合,6006,海口经济学院,80,98,工程造价,"(高职本科“3+2”分段培养)(高职本科“3+2”分段培养,前3年在海口经济学院就读专科,后2年在海口经济学院就读工程造价本科；后2年费用以学校规定为准)",不限,60,3,22900.0
海南,2025,专科批,综合,6006,海口经济学院,80,,计算机网络技术,"(高职本科“3+2”分段培养)(高职本科“3+2”分段培养,前3年在海口经济学院就读专科,后2年在海口经济学院就读计算机科学与技术本科；后2年费用以学校规定为准)",不限,60,3,25900.0
海南,2025,专科批,综合,6006,海口经济学院,20,,会展策划与管理,(含数字会展方向),不限,50,3,22900.0
海南,2025,专科批,综合,6006,海口经济学院,20,99,大数据与会计,,不限,50,3,25900.0
海南,2025,专科批,综合,6006,海口经济学院,80,,大数据与会计,"(高职本科“3+2”分段培养)(高职本科“3+2”分段培养,前3年在海口经济学院就读专科,后2年在海口经济学院就读会计学本科；后2年费用以学校规定为准)",不限,50,3,25900.0
海南,2025,专科批,综合,6006,海口经济学院,20,,大数据与财务管理,,不限,50,3,25900.0
海南,2025,专科批,综合,6006,海口经济学院,80,95,大数据与财务管理,"(高职本科“3+2”分段培养)(高职本科“3+2”分段培养,前3年在海口经济学院就读专科,后2年在海口经济学院就读财务管理本科；后2年费用以学校规定为准)",不限,50,3,25900.0
海南,2025,专科批,综合,6006,海口经济学院,20,,市场营销,(奢饰品营销),不限,50,3,22900.0
海南,2025,专科批,综合,6006,海口经济学院,80,,民航运输服务,"(高职本科“3+2”分段培养)(高职本科“3+2”分段培养,前3年在海口经济学院就读专科,后2年在海口经济学院就读交通运输(民航运输)本科；后2年费用以学校规定为准)",不限,50,3,23800.0
海南,2025,专科批,综合,6006,海口经济学院,80,,电气自动化技术,"(高职本科“3+2”分段培养)(高职本科“3+2”分段培养,前3年在海口经济学院就读专科,后2年在海口经济学院就读电气工程及其自动化本科；后2年费用以学校规定为准)",不限,50,3,25900.0
海南,2025,专科批,综合,6006,海口经济学院,20,,体育保健与康复,,不限,5,3,25900.0
海南,2025,专科批,综合,6006,海口经济学院,20,,商务管理,,不限,45,3,22900.0
海南,2025,专科批,综合,6006,海口经济学院,20,,人力资源管理,,不限,40,3,23000.0
海南,2025,专科批,综合,6006,海口经济学院,20,,文化创意与策划,,不限,35,3,22900.0
海南,2025,专科批,综合,6006,海口经济学院,20,,现代物流管理,,不限,35,3,22900.0
海南,2025,专科批,综合,6006,海口经济学院,20,,电子商务,,不限,35,3,22900.0
海南,2025,专科批,综合,6006,海口经济学院,80,97,人力资源管理,"(高职本科“3+2”分段培养)(高职本科“3+2”分段培养,前3年在海口经济学院就读专科,后2年在海口经济学院就读人力资源管理本科；后2年费用以学校规定为准)",不限,30,3,23000.0
海南,2025,专科批,综合,6006,海口经济学院,80,,国际经济与贸易,"(高职本科“3+2”分段培养)(高职本科3+2分段培养,前3年在海口经济学院就读专科,后2年在海口经济学院就读国际经济与贸易本科；后2年费用以学校规定为准)",不限,30,3,22900.0
海南,2025,专科批,综合,6006,海口经济学院,80,96,环境艺术设计,"(高职本科“3+2”分段培养)(高职本科“3+2”分段培养,前3年在海口经济学院就读专科,后2年在海口经济学院就读环境设计本科；后2年费用以学校规定为准)",不限,30,3,29900.0
海南,2025,专科批,综合,6006,海口经济学院,80,,现代物流管理,"(高职本科“3+2”分段培养)(高职本科“3+2”分段培养,前3年在海口经济学院就读专科,后2年在海口经济学院就读物流管理本科；后2年费用以学校规定为准)",不限,30,3,22900.0
海南,2025,专科批,综合,6006,海口经济学院,80,,视觉传达设计,"(高职本科“3+2”分段培养)(高职本科“3+2”分段培养,前3年在海口经济学院就读专科,后2年在海口经济学院就读视觉传达设计本科；后2年费用以学校规定为准)",不限,30,3,29900.0
海南,2025,专科批,综合,6006,海口经济学院,20,,计算机网络技术,,不限,30,3,25900.0
海南,2025,专科批,综合,6006,海口经济学院,20,,金融科技应用,,不限,21,3,22900.0
海南,2025,专科批,综合,6006,海口经济学院,20,,民航运输服务,,不限,20,3,23800.0
海南,2025,专科批,综合,6006,海口经济学院,20,,汽车智能技术,,不限,20,3,26000.0
海南,2025,专科批,综合,6006,海口经济学院,20,,计算机应用技术,,不限,20,3,25900.0
海南,2025,专科批,综合,6006,海口经济学院,20,,飞机机电设备维修,,不限,20,3,26800.0
海南,2025,专科批,综合,6006,海口经济学院,20,,影视编导,,不限,2,3,39900.0
海南,2025,专科批,综合,6006,海口经济学院,20,,动漫制作技术,,不限,16,3,23900.0
海南,2025,专科批,综合,6006,海口经济学院,20,,园林工程技术,,不限,15,3,22900.0
海南,2025,专科批,综合,6006,海口经济学院,20,,国际经济与贸易,(跨境电商),不限,15,3,22900.0
海南,2025,专科批,综合,6006,海口经济学院,20,,工程造价,,不限,15,3,22900.0
海南,2025,专科批,综合,6006,海口经济学院,20,,市场营销,,不限,15,3,26900.0
海南,2025,专科批,综合,6006,海口经济学院,20,,建筑室内设计,,不限,15,3,23000.0
海南,2025,专科批,综合,6006,海口经济学院,20,,建筑设计,,不限,15,3,23000.0
海南,2025,专科批,综合,6006,海口经济学院,20,,建筑设计,(虚拟空间设计),不限,15,3,28000.0
海南,2025,专科批,综合,6006,海口经济学院,20,,新能源汽车技术,,不限,15,3,26000.0
海南,2025,专科批,综合,6006,海口经济学院,20,,无人机应用技术,,不限,15,3,25900.0
海南,2025,专科批,综合,6006,海口经济学院,20,,民宿管理与运营,,不限,15,3,36900.0
海南,2025,专科批,综合,6006,海口经济学院,20,,测绘地理信息技术,"(海南省测绘地理信息学会定向培养,向海南省各重点企业按需输送毕业生)",不限,15,3,22900.0
海南,2025,专科批,综合,6006,海口经济学院,20,,电气自动化技术,,不限,15,3,25900.0
海南,2025,专科批,综合,6006,海口经济学院,20,,财富管理,,不限,15,3,36900.0
海南,2025,专科批,综合,6006,海口经济学院,20,,连锁经营与管理,,不限,15,3,22900.0
海南,2025,专科批,综合,6006,海口经济学院,20,,健康管理,,不限,14,3,22900.0
海南,2025,专科批,综合,6006,海口经济学院,20,,旅游管理,(含智慧旅游、数字文旅方向)(含智慧旅游、文旅直播、研学旅行方向),不限,14,3,23800.0
海南,2025,专科批,综合,6006,海口经济学院,20,,人力资源管理,(人力资本管理与分析师),不限,10,3,26900.0
海南,2025,专科批,综合,6006,海口经济学院,20,,人工智能技术应用,,不限,10,3,26000.0
海南,2025,专科批,综合,6006,海口经济学院,20,,商务英语,,不限,10,3,22900.0
海南,2025,专科批,综合,6006,海口经济学院,20,,大数据技术,,不限,10,3,25900.0
海南,2025,专科批,综合,6006,海口经济学院,20,,智能产品开发与应用,,不限,10,3,25900.0
海南,2025,专科批,综合,6006,海口经济学院,20,,港口与航运管理,,不限,10,3,23800.0
海南,2025,专科批,综合,6006,海口经济学院,20,,环境监测技术,,不限,10,3,26000.0
海南,2025,专科批,综合,6006,海口经济学院,20,,现代移动通信技术,,不限,10,3,25900.0
海南,2025,专科批,综合,6006,海口经济学院,20,,电子商务,(商业分析与大数据),不限,10,3,26900.0
海南,2025,专科批,综合,6006,海口经济学院,20,,电子竞技运动与管理,,不限,10,3,25900.0
海南,2025,专科批,综合,6006,海口经济学院,20,,空中乘务,,不限,10,3,23800.0
海南,2025,专科批,综合,6006,海口经济学院,20,,酒店管理与数字化运营,,不限,10,3,23800.0
海南,2025,专科批,综合,6006,海口经济学院,20,,金融服务与管理,,不限,10,3,22900.0
海南,2025,专科批,综合,6024,海口旅游职业学院,1,2,酒店管理与数字化运营,,不限,72,3,5200.0
海南,2025,专科批,综合,6024,海口旅游职业学院,1,6,西式烹饪工艺,,不限,63,3,5200.0
海南,2025,专科批,综合,6024,海口旅游职业学院,1,1,旅游管理,,不限,36,3,5200.0
海南,2025,专科批,综合,6024,海口旅游职业学院,1,3,茶艺与茶文化,,不限,36,3,5200.0
海南,2025,专科批,综合,6024,海口旅游职业学院,1,7,跨境电子商务,,不限,36,3,5200.0
海南,2025,专科批,综合,6024,海口旅游职业学院,1,5,中西面点工艺,,不限,32,3,5200.0
海南,2025,专科批,综合,6024,海口旅游职业学院,1,4,烹饪工艺与营养,,不限,32,3,5200.0
海南,2025,本科批,综合,6022,海南比勒费尔德应用科学大学,1,2,物流工程,(办学地点在海南洋浦经济开发区；全英文授课),物理,3,4,100000.0
海南,2025,本科批,综合,6022,海南比勒费尔德应用科学大学,2,4,电子信息科学与技术,(办学地点在海南洋浦经济开发区；全英文授课),"物理,化学",3,4,100000.0
海南,2025,本科批,综合,6022,海南比勒费尔德应用科学大学,1,1,经济工程,(办学地点在海南洋浦经济开发区；全英文授课),物理,3,4,100000.0
海南,2025,本科批,综合,6022,海南比勒费尔德应用科学大学,2,3,计算机科学与技术,(办学地点在海南洋浦经济开发区；全英文授课；不招红、黄、绿、蓝、紫单色识别不清者),"物理,化学",3,4,100000.0
海南,2025,地方专项,综合,6001,海南大学,15,93,土木工程,,"物理,化学",8,4,4600.0
海南,2025,地方专项,综合,6001,海南大学,15,88,药学,,"物理,化学",8,4,4600.0
海南,2025,地方专项,综合,6001,海南大学,15,,林学,"(一年级在海甸校区,二、三、四年级在儋州校区)","物理,化学",7,4,4100.0
海南,2025,地方专项,综合,6001,海南大学,15,,植物保护,"(一年级在海甸校区,二、三、四年级在儋州校区)","物理,化学",7,4,4100.0
海南,2025,地方专项,综合,6001,海南大学,15,91,环境科学,,"物理,化学",7,4,4600.0
海南,2025,地方专项,综合,6001,海南大学,15,,农业资源与环境,"(一年级在海甸校区,二、三、四年级在儋州校区)","物理,化学",6,4,4100.0
海南,2025,地方专项,综合,6001,海南大学,15,,农学,"(一年级在海甸校区,二、三、四年级在儋州校区)","物理,化学",6,4,4100.0
海南,2025,地方专项,综合,6001,海南大学,16,,园林,"(一年级在海甸校区,二、三、四年级在儋州校区)","化学,生物",6,4,4600.0
海南,2025,地方专项,综合,6001,海南大学,15,,园艺,"(一年级在海甸校区,二、三、四年级在儋州校区)","物理,化学",6,4,4100.0
海南,2025,地方专项,综合,6001,海南大学,15,95,机械设计制造及其自动化,,"物理,化学",6,4,4600.0
海南,2025,地方专项,综合,6001,海南大学,15,,水产养殖学,,"物理,化学",6,4,4100.0
海南,2025,地方专项,综合,6001,海南大学,15,83,海洋科学,,"物理,化学",6,4,4600.0
海南,2025,地方专项,综合,6001,海南大学,15,,设施农业科学与工程,"(一年级在海甸校区,二、三、四年级在儋州校区)","物理,化学",6,4,4600.0
海南,2025,地方专项,综合,6001,海南大学,14,75,风景园林,"(一年级在海甸校区,二、三、四年级在儋州校区)",物理,6,4,4600.0
海南,2025,地方专项,综合,6001,海南大学,15,89,食品科学与工程,"(一、二年级在海甸校区,三、四年级在观澜湖校区城西教学点)","物理,化学",6,4,4600.0
海南,2025,地方专项,综合,6001,海南大学,15,90,食品质量与安全,"(一、二年级在海甸校区,三、四年级在观澜湖校区城西教学点)","物理,化学",6,4,4600.0
海南,2025,地方专项,综合,6001,海南大学,15,,动物医学,"(一年级在海甸校区,二、三、四、五年级在儋州校区)","物理,化学",4,5,4100.0
海南,2025,地方专项,综合,6001,海南大学,15,,动物科学,"(一年级在海甸校区,二、三、四年级在儋州校区)","物理,化学",4,4,4100.0
海南,2025,地方专项,综合,6001,海南大学,15,97,材料科学与工程,,"物理,化学",4,4,4600.0
海南,2025,地方专项,综合,6001,海南大学,15,84,海洋工程与技术,,"物理,化学",4,4,4600.0
海南,2025,地方专项,综合,6001,海南大学,15,92,生态学,,"物理,化学",4,4,4600.0
海南,2025,地方专项,综合,6001,海南大学,15,96,自动化,,"物理,化学",4,4,4600.0
海南,2025,地方专项,综合,6001,海南大学,13,73,英语,,不限,4,4,4600.0
海南,2025,地方专项,综合,6001,海南大学,15,94,车辆工程,,"物理,化学",4,4,4600.0
海南,2025,地方专项,综合,6001,海南大学,15,98,高分子材料与工程,,"物理,化学",4,4,4600.0
海南,2025,地方专项,综合,6001,海南大学,15,,人工智能,,"物理,化学",3,4,4600.0
海南,2025,地方专项,综合,6001,海南大学,15,78,数学与应用数学,,"物理,化学",3,4,4600.0
海南,2025,地方专项,综合,6001,海南大学,13,71,日语,,不限,3,4,4600.0
海南,2025,地方专项,综合,6001,海南大学,15,,海洋渔业科学与技术,,"物理,化学",3,4,4100.0
海南,2025,地方专项,综合,6001,海南大学,15,87,生物医学工程,"(一、二年级在海甸校区,三、四年级在三亚崖州湾科教园)","物理,化学",3,4,4600.0
海南,2025,地方专项,综合,6001,海南大学,15,86,生物技术,,"物理,化学",3,4,4600.0
海南,2025,地方专项,综合,6001,海南大学,15,85,生物科学,,"物理,化学",3,4,4600.0
海南,2025,地方专项,综合,6001,海南大学,15,99,电子信息工程,,"物理,化学",3,4,4600.0
海南,2025,地方专项,综合,6001,海南大学,15,,计算机科学与技术,,"物理,化学",3,4,4600.0
海南,2025,地方专项,综合,6001,海南大学,15,,通信工程,,"物理,化学",3,4,4600.0
海南,2025,地方专项,综合,6001,海南大学,19,,传播学,,"政治,历史",2,4,4100.0
海南,2025,地方专项,综合,6001,海南大学,13,72,俄语,,不限,2,4,4600.0
海南,2025,地方专项,综合,6001,海南大学,15,,信息安全,,"物理,化学",2,4,4600.0
海南,2025,地方专项,综合,6001,海南大学,15,81,化学,,"物理,化学",2,4,4600.0
海南,2025,地方专项,综合,6001,海南大学,15,82,化学工程与工艺,,"物理,化学",2,4,4600.0
海南,2025,地方专项,综合,6001,海南大学,15,,密码科学与技术,,"物理,化学",2,4,4600.0
海南,2025,地方专项,综合,6001,海南大学,15,80,应用化学,,"物理,化学",2,4,4600.0
海南,2025,地方专项,综合,6001,海南大学,15,79,应用物理学,,"物理,化学",2,4,4600.0
海南,2025,地方专项,综合,6001,海南大学,14,74,建筑学,,物理,2,4,4600.0
海南,2025,地方专项,综合,6001,海南大学,15,,数据科学与大数据技术,,"物理,化学",2,4,4600.0
海南,2025,地方专项,综合,6001,海南大学,15,,生物育种科学,"(一年级在海甸校区,二、三、四年级在三亚崖州湾科教园)","物理,化学",2,4,4600.0
海南,2025,地方专项,综合,6001,海南大学,15,,电子科学与技术,,"物理,化学",2,4,4600.0
海南,2025,地方专项,综合,6001,海南大学,15,,种子科学与工程,"(一年级在海甸校区,二、三、四年级在三亚崖州湾科教园)","物理,化学",2,4,4100.0
海南,2025,地方专项,综合,6001,海南大学,13,67,酒店管理,(观澜湖校区),不限,2,4,4600.0
海南,2025,地方专项,综合,6001,海南大学,13,64,会计学,(观澜湖校区),不限,1,4,4600.0
海南,2025,地方专项,综合,6001,海南大学,13,61,农林经济管理,(观澜湖校区),不限,1,4,4600.0
海南,2025,地方专项,综合,6001,海南大学,13,63,国际经济与贸易,(观澜湖校区),不限,1,4,4600.0
海南,2025,地方专项,综合,6001,海南大学,13,69,土地资源管理,(观澜湖校区),不限,1,4,4600.0
海南,2025,地方专项,综合,6001,海南大学,14,77,大数据管理与应用,(观澜湖校区),物理,1,4,4600.0
海南,2025,地方专项,综合,6001,海南大学,13,62,工商管理,(观澜湖校区),不限,1,4,4600.0
海南,2025,地方专项,综合,6001,海南大学,17,,思想政治教育,,政治,1,4,4600.0
海南,2025,地方专项,综合,6001,海南大学,13,68,旅游管理,(观澜湖校区),不限,1,4,4600.0
海南,2025,地方专项,综合,6001,海南大学,18,,汉语言文学,,历史,1,4,4100.0
海南,2025,地方专项,综合,6001,海南大学,13,70,法学,,不限,1,4,4600.0
海南,2025,地方专项,综合,6001,海南大学,14,76,物流管理,(观澜湖校区),物理,1,4,4600.0
海南,2025,地方专项,综合,6001,海南大学,13,66,行政管理,(观澜湖校区),不限,1,4,4600.0
海南,2025,地方专项,综合,6001,海南大学,13,65,金融学,(观澜湖校区),不限,1,4,4600.0
海南,2025,本科批,综合,6001,海南大学,22,,动物科学,"(一年级在海甸校区,二、三、四年级在儋州校区)","物理,化学",9,4,4100.0
海南,2025,本科批,综合,6001,海南大学,22,,化学,,"物理,化学",9,4,4600.0
海南,2025,本科批,综合,6001,海南大学,22,,植物保护,"(一年级在海甸校区,二、三、四年级在儋州校区)","物理,化学",9,4,4100.0
海南,2025,本科批,综合,6001,海南大学,22,,车辆工程,,"物理,化学",9,4,4600.0
海南,2025,本科批,综合,6001,海南大学,22,,应用化学,,"物理,化学",8,4,4600.0
海南,2025,本科批,综合,6001,海南大学,22,,数据科学与大数据技术,,"物理,化学",8,4,4600.0
海南,2025,本科批,综合,6001,海南大学,20,,法学,,不限,8,4,4600.0
海南,2025,本科批,综合,6001,海南大学,21,,物流管理,(观澜湖校区),物理,8,4,4600.0
海南,2025,本科批,综合,6001,海南大学,22,,自动化,,"物理,化学",8,4,4600.0
海南,2025,本科批,综合,6001,海南大学,20,,行政管理,(观澜湖校区),不限,8,4,4600.0
海南,2025,本科批,综合,6001,海南大学,22,,应用物理学,,"物理,化学",7,4,4600.0
海南,2025,本科批,综合,6001,海南大学,22,,数学与应用数学,,"物理,化学",7,4,4600.0
海南,2025,本科批,综合,6001,海南大学,20,,日语,,不限,7,4,4600.0
海南,2025,本科批,综合,6001,海南大学,22,,海洋渔业科学与技术,,"物理,化学",7,4,4100.0
海南,2025,本科批,综合,6001,海南大学,21,,风景园林,"(一年级在海甸校区,二、三、四年级在儋州校区)",物理,7,4,4600.0
海南,2025,本科批,综合,6001,海南大学,22,,农业资源与环境,"(一年级在海甸校区,二、三、四年级在儋州校区)","物理,化学",6,4,4100.0
海南,2025,本科批,综合,6001,海南大学,20,,农林经济管理,(观澜湖校区),不限,6,4,4600.0
海南,2025,本科批,综合,6001,海南大学,23,,园林,"(一年级在海甸校区,二、三、四年级在儋州校区)","化学,生物",6,4,4600.0
海南,2025,本科批,综合,6001,海南大学,20,,土地资源管理,(观澜湖校区),不限,6,4,4600.0
海南,2025,本科批,综合,6001,海南大学,22,,生物育种科学,"(一年级在海甸校区,二、三、四年级在三亚崖州湾科教园)","物理,化学",6,4,4600.0
海南,2025,本科批,综合,6001,海南大学,22,,动物医学,"(一年级在海甸校区,二、三、四、五年级在儋州校区)","物理,化学",5,5,4100.0
海南,2025,本科批,综合,6001,海南大学,22,,电子科学与技术,,"物理,化学",5,4,4600.0
海南,2025,本科批,综合,6001,海南大学,22,,农学,"(一年级在海甸校区,二、三、四年级在儋州校区)","物理,化学",4,4,4100.0
海南,2025,本科批,综合,6001,海南大学,24,,思想政治教育,,政治,4,4,4600.0
海南,2025,本科批,综合,6001,海南大学,22,,生物技术,,"物理,化学",4,4,4600.0
海南,2025,本科批,综合,6001,海南大学,22,,生物科学,,"物理,化学",4,4,4600.0
海南,2025,本科批,综合,6001,海南大学,84,,软件工程,(NIIT)(部分课程采用英文教材和英语授课),"物理,化学",4,4,13600.0
海南,2025,本科批,综合,6001,海南大学,22,,水产养殖学,,"物理,化学",33,4,4100.0
海南,2025,本科批,综合,6001,海南大学,22,,海洋科学,,"物理,化学",31,4,4600.0
海南,2025,本科批,综合,6001,海南大学,22,,材料科学与工程,,"物理,化学",30,4,4600.0
海南,2025,本科批,综合,6001,海南大学,26,,国际新闻与传播,,"政治,历史",3,4,4100.0
海南,2025,本科批,综合,6001,海南大学,20,,国际法,,不限,3,4,4600.0
海南,2025,本科批,综合,6001,海南大学,20,,旅游管理,(观澜湖校区),不限,3,4,4600.0
海南,2025,本科批,综合,6001,海南大学,22,,设施农业科学与工程,"(一年级在海甸校区,二、三、四年级在儋州校区)","物理,化学",3,4,4600.0
海南,2025,本科批,综合,6001,海南大学,20,,酒店管理,(观澜湖校区),不限,3,4,4600.0
海南,2025,本科批,综合,6001,海南大学,22,,食品质量与安全,"(一、二年级在海甸校区,三、四年级在观澜湖校区城西教学点)","物理,化学",3,4,4600.0
海南,2025,本科批,综合,6001,海南大学,22,,林学,"(一年级在海甸校区,二、三、四年级在儋州校区)","物理,化学",29,4,4100.0
海南,2025,本科批,综合,6001,海南大学,22,,环境科学,,"物理,化学",27,4,4600.0
海南,2025,本科批,综合,6001,海南大学,22,,人工智能,,"物理,化学",26,4,4600.0
海南,2025,本科批,综合,6001,海南大学,80,,乡村治理,(儋州校区),不限,240,4,4600.0
海南,2025,本科批,综合,6001,海南大学,22,,化学工程与工艺,,"物理,化学",22,4,4600.0
海南,2025,本科批,综合,6001,海南大学,22,,药学,,"物理,化学",22,4,4600.0
海南,2025,本科批,综合,6001,海南大学,22,,计算机科学与技术,,"物理,化学",22,4,4600.0
海南,2025,本科批,综合,6001,海南大学,22,,海洋工程与技术,,"物理,化学",21,4,4600.0
海南,2025,本科批,综合,6001,海南大学,22,,通信工程,,"物理,化学",20,4,4600.0
海南,2025,本科批,综合,6001,海南大学,27,,人文地理与城乡规划,(中外合作办学)(英语单科成绩不低于105分(150分制)；观澜湖校区),地理,2,4,73000.0
海南,2025,本科批,综合,6001,海南大学,20,,会展经济与管理,(观澜湖校区),不限,2,4,4600.0
海南,2025,本科批,综合,6001,海南大学,82,,会展经济与管理,(中外合作办学)(英语单科成绩不低于105分(150分制)；观澜湖校区),不限,2,4,50000.0
海南,2025,本科批,综合,6001,海南大学,26,,传播学,,"政治,历史",2,4,4100.0
海南,2025,本科批,综合,6001,海南大学,20,,俄语,,不限,2,4,4600.0
海南,2025,本科批,综合,6001,海南大学,21,,建筑学,,物理,2,5,4600.0
海南,2025,本科批,综合,6001,海南大学,83,,智能科学与技术,(中外合作办学)(英语单科成绩不低于105分(150分制)),"物理,化学",2,4,85000.0
海南,2025,本科批,综合,6001,海南大学,82,,电子商务,(中外合作办学)(英语单科成绩不低于105分(150分制)；观澜湖校区),不限,2,4,80000.0
海南,2025,本科批,综合,6001,海南大学,82,,行政管理,(中外合作办学)(英语单科成绩不低于105分(150分制)；观澜湖校区),不限,2,4,73000.0
海南,2025,本科批,综合,6001,海南大学,82,,酒店管理,(中外合作办学)(英语单科成绩不低于105分(150分制)；观澜湖校区),不限,2,4,73000.0
海南,2025,本科批,综合,6001,海南大学,20,,会计学,(观澜湖校区),不限,19,4,4600.0
海南,2025,本科批,综合,6001,海南大学,81,,农艺教育,(儋州校区),"物理,化学",180,4,4100.0
海南,2025,本科批,综合,6001,海南大学,22,,园艺,"(一年级在海甸校区,二、三、四年级在儋州校区)","物理,化学",18,4,4100.0
海南,2025,本科批,综合,6001,海南大学,20,,国际经济与贸易,(观澜湖校区),不限,18,4,4600.0
海南,2025,本科批,综合,6001,海南大学,25,,汉语言文学,,历史,18,4,4100.0
海南,2025,本科批,综合,6001,海南大学,22,,电子信息工程,,"物理,化学",17,4,4600.0
海南,2025,本科批,综合,6001,海南大学,22,,高分子材料与工程,,"物理,化学",15,4,4600.0
海南,2025,本科批,综合,6001,海南大学,22,,食品科学与工程,"(一、二年级在海甸校区,三、四年级在观澜湖校区城西教学点)","物理,化学",14,4,4600.0
海南,2025,本科批,综合,6001,海南大学,22,,生物医学工程,"(一、二年级在海甸校区,三、四年级在三亚崖州湾科教园)","物理,化学",13,4,4600.0
海南,2025,本科批,综合,6001,海南大学,22,,种子科学与工程,"(一年级在海甸校区,二、三、四年级在三亚崖州湾科教园)","物理,化学",13,4,4100.0
海南,2025,本科批,综合,6001,海南大学,22,,土木工程,,"物理,化学",12,4,4600.0
海南,2025,本科批,综合,6001,海南大学,22,,密码科学与技术,,"物理,化学",12,4,4600.0
海南,2025,本科批,综合,6001,海南大学,20,,英语,,不限,12,4,4600.0
海南,2025,本科批,综合,6001,海南大学,22,,信息安全,,"物理,化学",11,4,4600.0
海南,2025,本科批,综合,6001,海南大学,21,,大数据管理与应用,(观澜湖校区),物理,11,4,4600.0
海南,2025,本科批,综合,6001,海南大学,22,,机械设计制造及其自动化,,"物理,化学",11,4,4600.0
海南,2025,本科批,综合,6001,海南大学,22,,生态学,,"物理,化学",11,4,4600.0
海南,2025,本科批,综合,6001,海南大学,20,,工商管理,(观澜湖校区),不限,10,4,4600.0
海南,2025,本科批,综合,6001,海南大学,25,,戏剧影视文学,,历史,10,4,6600.0
海南,2025,本科批,综合,6001,海南大学,20,,金融学,(观澜湖校区),不限,10,4,4600.0
海南,2025,国家专项,综合,6001,海南大学,8,34,土木工程,,"物理,化学",6,4,4600.0
海南,2025,国家专项,综合,6001,海南大学,8,51,林学,"(一年级在海甸校区,二、三、四年级在儋州校区)","物理,化学",6,4,4100.0
海南,2025,国家专项,综合,6001,海南大学,8,29,药学,,"物理,化学",6,4,4600.0
海南,2025,国家专项,综合,6001,海南大学,8,52,植物保护,"(一年级在海甸校区,二、三、四年级在儋州校区)","物理,化学",5,4,4100.0
海南,2025,国家专项,综合,6001,海南大学,8,32,环境科学,,"物理,化学",5,4,4600.0
海南,2025,国家专项,综合,6001,海南大学,8,56,农业资源与环境,"(一年级在海甸校区,二、三、四年级在儋州校区)","物理,化学",4,4,4100.0
海南,2025,国家专项,综合,6001,海南大学,8,55,农学,"(一年级在海甸校区,二、三、四年级在儋州校区)","物理,化学",4,4,4100.0
海南,2025,国家专项,综合,6001,海南大学,8,54,园艺,"(一年级在海甸校区,二、三、四年级在儋州校区)","物理,化学",4,4,4100.0
海南,2025,国家专项,综合,6001,海南大学,8,47,水产养殖学,,"物理,化学",4,4,4100.0
海南,2025,国家专项,综合,6001,海南大学,8,53,设施农业科学与工程,"(一年级在海甸校区,二、三、四年级在儋州校区)","物理,化学",4,4,4600.0
海南,2025,国家专项,综合,6001,海南大学,8,50,动物医学,"(一年级在海甸校区,二、三、四、五年级在儋州校区)","物理,化学",2,5,4100.0
海南,2025,国家专项,综合,6001,海南大学,8,49,动物科学,"(一年级在海甸校区,二、三、四年级在儋州校区)","物理,化学",2,4,4100.0
海南,2025,国家专项,综合,6001,海南大学,9,57,园林,"(一年级在海甸校区,二、三、四年级在儋州校区)","化学,生物",2,4,4600.0
海南,2025,国家专项,综合,6001,海南大学,8,36,机械设计制造及其自动化,,"物理,化学",2,4,4600.0
海南,2025,国家专项,综合,6001,海南大学,8,48,海洋渔业科学与技术,,"物理,化学",2,4,4100.0
海南,2025,国家专项,综合,6001,海南大学,8,33,生态学,,"物理,化学",2,4,4600.0
海南,2025,国家专项,综合,6001,海南大学,6,24,英语,,不限,2,4,4600.0
海南,2025,国家专项,综合,6001,海南大学,7,25,风景园林,"(一年级在海甸校区,二、三、四年级在儋州校区)",物理,2,4,4600.0
海南,2025,国家专项,综合,6001,海南大学,8,40,人工智能,,"物理,化学",1,4,4600.0
海南,2025,国家专项,综合,6001,海南大学,6,19,会展经济与管理,(观澜湖校区),不限,1,4,4600.0
海南,2025,国家专项,综合,6001,海南大学,6,14,会计学,(观澜湖校区),不限,1,4,4600.0
海南,2025,国家专项,综合,6001,海南大学,12,60,传播学,,"政治,历史",1,4,4100.0
海南,2025,国家专项,综合,6001,海南大学,6,23,俄语,,不限,1,4,4600.0
海南,2025,国家专项,综合,6001,海南大学,8,42,信息安全,,"物理,化学",1,4,4600.0
海南,2025,国家专项,综合,6001,海南大学,6,13,国际经济与贸易,(观澜湖校区),不限,1,4,4600.0
海南,2025,国家专项,综合,6001,海南大学,6,20,土地资源管理,(观澜湖校区),不限,1,4,4600.0
海南,2025,国家专项,综合,6001,海南大学,8,43,密码科学与技术,,"物理,化学",1,4,4600.0
海南,2025,国家专项,综合,6001,海南大学,6,12,工商管理,(观澜湖校区),不限,1,4,4600.0
海南,2025,国家专项,综合,6001,海南大学,10,58,思想政治教育,,政治,1,4,4600.0
海南,2025,国家专项,综合,6001,海南大学,8,44,数据科学与大数据技术,,"物理,化学",1,4,4600.0
海南,2025,国家专项,综合,6001,海南大学,6,18,旅游管理,(观澜湖校区),不限,1,4,4600.0
海南,2025,国家专项,综合,6001,海南大学,6,22,日语,,不限,1,4,4600.0
海南,2025,国家专项,综合,6001,海南大学,11,59,汉语言文学,,历史,1,4,4100.0
海南,2025,国家专项,综合,6001,海南大学,6,21,法学,,不限,1,4,4600.0
海南,2025,国家专项,综合,6001,海南大学,8,28,海洋工程与技术,,"物理,化学",1,4,4600.0
海南,2025,国家专项,综合,6001,海南大学,8,27,海洋科学,,"物理,化学",1,4,4600.0
海南,2025,国家专项,综合,6001,海南大学,7,26,物流管理,(观澜湖校区),物理,1,4,4600.0
海南,2025,国家专项,综合,6001,海南大学,8,46,生物育种科学,"(一年级在海甸校区,二、三、四年级在三亚崖州湾科教园)","物理,化学",1,4,4600.0
海南,2025,国家专项,综合,6001,海南大学,8,38,电子信息工程,,"物理,化学",1,4,4600.0
海南,2025,国家专项,综合,6001,海南大学,8,41,电子科学与技术,,"物理,化学",1,4,4600.0
海南,2025,国家专项,综合,6001,海南大学,8,45,种子科学与工程,"(一年级在海甸校区,二、三、四年级在三亚崖州湾科教园)","物理,化学",1,4,4100.0
海南,2025,国家专项,综合,6001,海南大学,8,37,自动化,,"物理,化学",1,4,4600.0
海南,2025,国家专项,综合,6001,海南大学,6,16,行政管理,(观澜湖校区),不限,1,4,4600.0
海南,2025,国家专项,综合,6001,海南大学,8,35,车辆工程,,"物理,化学",1,4,4600.0
海南,2025,国家专项,综合,6001,海南大学,8,39,通信工程,,"物理,化学",1,4,4600.0
海南,2025,国家专项,综合,6001,海南大学,6,17,酒店管理,(观澜湖校区),不限,1,4,4600.0
海南,2025,国家专项,综合,6001,海南大学,6,15,金融学,(观澜湖校区),不限,1,4,4600.0
海南,2025,国家专项,综合,6001,海南大学,8,30,食品科学与工程,"(一、二年级在海甸校区,三、四年级在观澜湖校区城西教学点)","物理,化学",1,4,4600.0
海南,2025,国家专项,综合,6001,海南大学,8,31,食品质量与安全,"(一、二年级在海甸校区,三、四年级在观澜湖校区城西教学点)","物理,化学",1,4,4600.0
海南,2025,本科民族班、预科班,综合,6001,海南大学,28,,少数民族预科班,(预科培养地点:海南大学海甸校区),不限,40,1,1800.0
海南,2025,专科批,综合,6023,海南东方新丝路职业学院,80,19,数字媒体艺术设计,"(高职本科“3+2”分段培养)(高职本科“3+2”分段培养,前3年在海南东方新丝路职业学院就读专科,后2年在海南科技职业大学就读视觉传达设计本科；后2年费用以海南科技职业大学规定为准)",不限,50,3,16800.0
海南,2025,专科批,综合,6023,海南东方新丝路职业学院,80,20,舞蹈表演,"(高职本科“3+2”分段培养)(高职本科“3+2”分段培养,前3年在海南东方新丝路职业学院就读专科,后2年在海南科技职业大学就读舞蹈表演与编导本科；后2年费用以海南科技职业大学规定为准)",不限,50,3,22800.0
海南,2025,专科批,综合,6023,海南东方新丝路职业学院,5,7,新能源材料应用技术,,不限,5,3,16800.0
海南,2025,专科批,综合,6023,海南东方新丝路职业学院,5,13,康复治疗技术,,不限,45,3,19800.0
海南,2025,专科批,综合,6023,海南东方新丝路职业学院,5,11,中药学,,不限,30,3,16800.0
海南,2025,专科批,综合,6023,海南东方新丝路职业学院,5,16,数字媒体艺术设计,,不限,30,3,16800.0
海南,2025,专科批,综合,6023,海南东方新丝路职业学院,5,10,软件技术,,不限,30,3,19800.0
海南,2025,专科批,综合,6023,海南东方新丝路职业学院,5,15,视觉传达设计,,不限,22,3,16800.0
海南,2025,专科批,综合,6023,海南东方新丝路职业学院,5,14,工业机器人技术,,不限,20,3,16800.0
海南,2025,专科批,综合,6023,海南东方新丝路职业学院,5,6,新能源汽车技术,,不限,20,3,16800.0
海南,2025,专科批,综合,6023,海南东方新丝路职业学院,5,9,电子商务,,不限,20,3,19800.0
海南,2025,专科批,综合,6023,海南东方新丝路职业学院,80,17,新能源材料应用技术,"(高职本科“3+2”分段培养)(高职本科“3+2”分段培养,前3年在海南东方新丝路职业学院就读专科,后2年在海南科技职业大学就读新能源汽车工程技术本科；后2年费用以海南科技职业大学规定为准)",不限,150,3,16800.0
海南,2025,专科批,综合,6023,海南东方新丝路职业学院,5,8,机电一体化技术,,不限,15,3,16800.0
海南,2025,专科批,综合,6023,海南东方新丝路职业学院,5,12,大数据与会计,,不限,14,3,16800.0
海南,2025,专科批,综合,6023,海南东方新丝路职业学院,80,21,电子商务,"(高职本科“3+2”分段培养)(高职本科“3+2”分段培养,前3年在海南东方新丝路职业学院就读专科,后2年在海南科技职业大学就读大数据工程技术本科；后2年费用以学校规定为准)",不限,100,3,19800.0
海南,2025,专科批,综合,6023,海南东方新丝路职业学院,80,18,软件技术,"(高职本科“3+2”分段培养)(高职本科“3+2”分段培养,前3年在海南东方新丝路职业学院就读专科,后2年在海南科技职业大学就读软件工程技术本科；后2年费用以海南科技职业大学规定为准)",不限,100,3,19800.0
海南,2025,专科批,综合,6013,海南工商职业学院,3,12,民航安全技术管理,,不限,90,3,11380.0
海南,2025,专科批,综合,6013,海南工商职业学院,3,7,电子商务,,不限,90,3,11680.0
海南,2025,专科批,综合,6013,海南工商职业学院,3,15,高速铁路客运服务,,不限,90,3,11680.0
海南,2025,专科批,综合,6013,海南工商职业学院,3,24,药品经营与管理,,不限,84,3,11680.0
海南,2025,专科批,综合,6013,海南工商职业学院,3,9,现代物流管理,,不限,80,3,11680.0
海南,2025,专科批,综合,6013,海南工商职业学院,3,31,计算机应用技术,,不限,80,3,16800.0
海南,2025,专科批,综合,6013,海南工商职业学院,3,21,人力资源管理,,不限,70,3,11680.0
海南,2025,专科批,综合,6013,海南工商职业学院,3,18,婴幼儿托育服务与管理,,不限,70,3,11380.0
海南,2025,专科批,综合,6013,海南工商职业学院,3,28,护理,,不限,70,3,15800.0
海南,2025,专科批,综合,6013,海南工商职业学院,3,37,文化创意与策划,,不限,70,3,11380.0
海南,2025,专科批,综合,6013,海南工商职业学院,3,11,大数据与财务管理,,不限,60,3,11680.0
海南,2025,专科批,综合,6013,海南工商职业学院,3,34,电气自动化技术,,不限,60,3,17880.0
海南,2025,专科批,综合,6013,海南工商职业学院,3,20,酒店管理与数字化运营,,不限,60,3,11680.0
海南,2025,专科批,综合,6013,海南工商职业学院,3,5,工程造价,,不限,50,3,11680.0
海南,2025,专科批,综合,6013,海南工商职业学院,80,41,工程造价,"(高职本科“3+2”分段培养)(高职本科“3+2”分段培养,与海南科技职业大学合作；前3年在海南工商职业学院就读,后2年在海南科技职业大学工程造价专业就读；后2年费用以海南科技职业大学规定的为准)",不限,50,3,11680.0
海南,2025,专科批,综合,6013,海南工商职业学院,80,42,建筑工程技术,"(高职本科“3+2”分段培养)(高职本科“3+2”分段培养,与海南科技职业大学合作；前3年在海南工商职业学院就读,后2年在海南科技职业大学建筑工程专业就读；后2年费用以海南科技职业大学规定的为准)",不限,50,3,11680.0
海南,2025,专科批,综合,6013,海南工商职业学院,80,40,建设工程管理,"(高职本科“3+2”分段培养)(高职本科“3+2”分段培养,与海南科技职业大学合作；前3年在海南工商职业学院就读,后2年在海南科技职业大学建筑工程专业就读；后2年费用以海南科技职业大学规定的为准)",不限,50,3,11380.0
海南,2025,专科批,综合,6013,海南工商职业学院,80,39,新能源汽车技术,"(高职本科“3+2”分段培养)(高职本科“3+2”分段培养,与海南科技职业大学合作；前3年在海南工商职业学院就读,后2年在海南科技职业大学新能源汽车工程技术专业就读；后2年费用以海南科技职业大学规定的为准)",不限,50,3,11380.0
海南,2025,专科批,综合,6013,海南工商职业学院,3,36,软件技术,,不限,50,3,18680.0
海南,2025,专科批,综合,6013,海南工商职业学院,3,8,市场营销,,不限,45,3,11680.0
海南,2025,专科批,综合,6013,海南工商职业学院,3,48,人工智能技术应用,,不限,40,3,17880.0
海南,2025,专科批,综合,6013,海南工商职业学院,3,26,医学检验技术,,不限,40,3,15800.0
海南,2025,专科批,综合,6013,海南工商职业学院,3,19,旅游管理,,不限,40,3,11680.0
海南,2025,专科批,综合,6013,海南工商职业学院,3,49,智能制造装备技术,,不限,40,3,17880.0
海南,2025,专科批,综合,6013,海南工商职业学院,3,47,智能机器人技术,,不限,40,3,17880.0
海南,2025,专科批,综合,6013,海南工商职业学院,3,25,药品生产技术,,不限,40,3,11680.0
海南,2025,专科批,综合,6013,海南工商职业学院,3,17,建设工程管理,,不限,35,3,11380.0
海南,2025,专科批,综合,6013,海南工商职业学院,3,44,环境艺术设计,,不限,35,3,11680.0
海南,2025,专科批,综合,6013,海南工商职业学院,3,33,大数据技术,,不限,30,3,16800.0
海南,2025,专科批,综合,6013,海南工商职业学院,3,4,建筑工程技术,,不限,30,3,11680.0
海南,2025,专科批,综合,6013,海南工商职业学院,3,6,智能建造技术,,不限,30,3,11380.0
海南,2025,专科批,综合,6013,海南工商职业学院,3,35,移动应用开发,,不限,30,3,18680.0
海南,2025,专科批,综合,6013,海南工商职业学院,3,32,网络直播与运营,,不限,30,3,16800.0
海南,2025,专科批,综合,6013,海南工商职业学院,3,16,新能源汽车技术,,不限,215,3,11380.0
海南,2025,专科批,综合,6013,海南工商职业学院,3,29,动漫制作技术,,不限,20,3,11380.0
海南,2025,专科批,综合,6013,海南工商职业学院,3,14,汽车检测与维修技术,,不限,20,3,11380.0
海南,2025,专科批,综合,6013,海南工商职业学院,3,10,大数据与会计,,不限,150,3,11680.0
海南,2025,专科批,综合,6013,海南工商职业学院,3,22,学前教育,,不限,150,3,15900.0
海南,2025,专科批,综合,6013,海南工商职业学院,3,45,广告艺术设计,,不限,15,3,11680.0
海南,2025,专科批,综合,6013,海南工商职业学院,3,46,舞蹈编导,,不限,15,3,13900.0
海南,2025,专科批,综合,6013,海南工商职业学院,3,27,口腔医学技术,,不限,120,3,15800.0
海南,2025,专科批,综合,6013,海南工商职业学院,3,13,新能源汽车检测与维修技术,,不限,120,3,11380.0
海南,2025,专科批,综合,6013,海南工商职业学院,80,38,大数据与财务管理,"(高职本科“3+2”分段培养)(高职本科“3+2”分段培养,与海南科技职业大学合作；前3年在海南工商职业学院就读,后2年在海南科技职业大学大数据与财务管理专业就读；后2年费用以海南科技职业大学规定的为准)",不限,100,3,11680.0
海南,2025,专科批,综合,6013,海南工商职业学院,80,43,药品生产技术,"(高职本科“3+2”分段培养)(高职本科“3+2”分段培养,与海南科技职业大学合作；前3年在海南工商职业学院就读,后2年在海南科技职业大学应用化工技术专业就读；后2年费用以海南科技职业大学规定的为准)",不限,100,3,11680.0
海南,2025,专科批,综合,6013,海南工商职业学院,3,23,食品药品监督管理,,不限,100,3,11380.0
海南,2025,专科批,综合,6013,海南工商职业学院,3,30,现代移动通信技术,,不限,10,3,11680.0
海南,2025,专科批,综合,6020,海南健康管理职业技术学院,81,16,计算机网络技术,"(高职本科“3+2”分段培养)(高职本科“3+2”分段培养,与海口经济学院合作培养；前3年在海南健康管理职业技术学院计算机网络技术专业就读,后2年在海口经济学院计算机科学与技术专业就读；后2年费用以海口经济学院规定为准)",不限,80,3,11800.0
海南,2025,专科批,综合,6020,海南健康管理职业技术学院,1,12,药学,,不限,71,3,13800.0
海南,2025,专科批,综合,6020,海南健康管理职业技术学院,1,4,健康管理,,不限,60,3,12800.0
海南,2025,专科批,综合,6020,海南健康管理职业技术学院,1,15,计算机网络技术,,不限,56,3,11800.0
海南,2025,专科批,综合,6020,海南健康管理职业技术学院,1,14,中药学,,不限,50,3,13800.0
海南,2025,专科批,综合,6020,海南健康管理职业技术学院,80,5,健康管理,"(高职本科“3+2”分段培养)(高职本科“3+2”分段培养,与海南科技职业大学合作培养；前3年在海南健康管理职业技术学院健康管理专业就读,后2年在海南科技职业大学健康管理专业就读；后2年费用以海南科技职业大学规定为准)",不限,50,3,12800.0
海南,2025,专科批,综合,6020,海南健康管理职业技术学院,80,20,康复治疗技术,"(高职本科“3+2”分段培养)(高职本科“3+2”分段培养,与海南科技职业大学合作培养；前3年在海南健康管理职业技术学院康复治疗技术专业就读,后2年在海南科技职业大学康复治疗专业就读；后2年费用以海南科技职业大学规定为准)",不限,50,3,12800.0
海南,2025,专科批,综合,6020,海南健康管理职业技术学院,80,8,护理,"(高职本科“3+2”分段培养)(高职本科“3+2”分段培养,与海南科技职业大学合作培养；前3年在海南健康管理职业技术学院护理专业就读,后2年在海南科技职业大学护理专业就读；后2年费用以海南科技职业大学规定为准)",不限,50,3,14800.0
海南,2025,专科批,综合,6020,海南健康管理职业技术学院,1,18,眼视光技术,,不限,50,3,12800.0
海南,2025,专科批,综合,6020,海南健康管理职业技术学院,80,19,药学,"(高职本科“3+2”分段培养)(高职本科“3+2”分段培养,与海南科技职业大学合作培养；前3年在海南健康管理职业技术学院药学专业就读,后2年在海南科技职业大学药学专业就读；后2年费用以海南科技职业大学规定为准)",不限,50,3,13800.0
海南,2025,专科批,综合,6020,海南健康管理职业技术学院,1,13,医疗器械经营与服务,,不限,48,3,12800.0
海南,2025,专科批,综合,6020,海南健康管理职业技术学院,1,9,食品质量与安全,,不限,48,3,11800.0
海南,2025,专科批,综合,6020,海南健康管理职业技术学院,1,11,食品检验检测技术,,不限,45,3,12800.0
海南,2025,专科批,综合,6020,海南健康管理职业技术学院,1,10,智慧健康养老服务与管理,,不限,41,3,12800.0
海南,2025,专科批,综合,6020,海南健康管理职业技术学院,1,1,康复治疗技术,,不限,40,3,12800.0
海南,2025,专科批,综合,6020,海南健康管理职业技术学院,1,17,社会工作,,不限,40,3,11800.0
海南,2025,专科批,综合,6020,海南健康管理职业技术学院,1,2,中医养生保健,,不限,37,3,11800.0
海南,2025,专科批,综合,6020,海南健康管理职业技术学院,1,3,医学美容技术,,不限,33,3,12800.0
海南,2025,专科批,综合,6020,海南健康管理职业技术学院,1,7,婴幼儿托育服务与管理,,不限,25,3,11800.0
海南,2025,专科批,综合,6020,海南健康管理职业技术学院,1,6,护理,,不限,155,3,14800.0
海南,2025,专科批,综合,6012,海南经贸职业技术学院,81,13,大数据与财务管理,(中外合作办学)(与乌拉尔联邦大学“3+2”本科分段培养),不限,8,3,12000.0
海南,2025,专科批,综合,6012,海南经贸职业技术学院,80,4,大数据与财务管理,"(高职本科“3+2”分段培养)(高职本科“3+2”分段培养,与海南科技职业大学合作；前3年在海南经贸职业技术学院就读,后2年在海南科技职业大学大数据与财务管理专业就读；后2年费用以海南科技职业大学规定的为准)",不限,40,3,5700.0
海南,2025,专科批,综合,6012,海南经贸职业技术学院,2,28,新能源汽车技术,,不限,40,3,5700.0
海南,2025,专科批,综合,6012,海南经贸职业技术学院,2,10,无人机应用技术,,不限,40,3,5700.0
海南,2025,专科批,综合,6012,海南经贸职业技术学院,2,8,智慧旅游技术应用,,不限,40,3,5700.0
海南,2025,专科批,综合,6012,海南经贸职业技术学院,80,5,现代物流管理,"(高职本科“3+2”分段培养)(高职本科“3+2”分段培养,与海南科技职业大学合作；前3年在海南经贸职业技术学院就读,后2年在海南科技职业大学水路运输与海事管理专业就读；后2年费用以海南科技职业大学规定的为准)",不限,40,3,5700.0
海南,2025,专科批,综合,6012,海南经贸职业技术学院,80,6,软件技术,"(高职本科“3+2”分段培养)(高职本科“3+2”分段培养,与海南科技职业大学合作；前3年在海南经贸职业技术学院就读,后2年在海南科技职业大学软件工程技术专业就读；后2年费用以海南科技职业大学规定的为准)",不限,40,3,5700.0
海南,2025,专科批,综合,6012,海南经贸职业技术学院,80,3,金融服务与管理,"(高职本科“3+2”分段培养)(高职本科“3+2”分段培养,与海南科技职业大学合作；前3年在海南经贸职业技术学院就读,后2年在海南科技职业大学金融管理专业就读；后2年费用以海南科技职业大学规定的为准)",不限,40,3,5700.0
海南,2025,专科批,综合,6012,海南经贸职业技术学院,2,9,大数据技术,,不限,39,3,5700.0
海南,2025,专科批,综合,6012,海南经贸职业技术学院,2,19,人工智能技术应用,,不限,38,3,5700.0
海南,2025,专科批,综合,6012,海南经贸职业技术学院,2,15,国际金融,,不限,38,3,5700.0
海南,2025,专科批,综合,6012,海南经贸职业技术学院,2,26,财税大数据应用,(税务会计),不限,36,3,5700.0
海南,2025,专科批,综合,6012,海南经贸职业技术学院,2,16,关务与外贸服务,,不限,35,3,5700.0
海南,2025,专科批,综合,6012,海南经贸职业技术学院,80,7,环境艺术设计,"(高职本科“3+2”分段培养)(高职本科“3+2”分段培养,与海南科技职业大学合作；前3年在海南经贸职业技术学院就读,后2年在海南科技职业大学环境艺术设计专业就读；后2年费用以海南科技职业大学规定的为准)",不限,35,3,5700.0
海南,2025,专科批,综合,6012,海南经贸职业技术学院,2,27,国际经济与贸易,,不限,34,3,5700.0
海南,2025,专科批,综合,6012,海南经贸职业技术学院,2,17,跨境电子商务,,不限,33,3,5700.0
海南,2025,专科批,综合,6012,海南经贸职业技术学院,2,21,融媒体技术与运营,,不限,32,3,5700.0
海南,2025,专科批,综合,6012,海南经贸职业技术学院,2,18,网络营销与直播电商,,不限,30,3,5700.0
海南,2025,专科批,综合,6012,海南经贸职业技术学院,2,22,商务英语,,不限,25,3,5700.0
海南,2025,专科批,综合,6012,海南经贸职业技术学院,2,25,应用俄语,,不限,25,3,5700.0
海南,2025,专科批,综合,6012,海南经贸职业技术学院,2,20,文化创意与策划,(国际会展策划与设计),不限,22,3,5700.0
海南,2025,专科批,综合,6012,海南经贸职业技术学院,81,11,机电一体化技术,(中外合作办学)(与乌拉尔联邦大学“3+2”本科分段培养),不限,16,3,15000.0
海南,2025,专科批,综合,6012,海南经贸职业技术学院,2,24,应用日语,,不限,14,3,5700.0
海南,2025,专科批,综合,6012,海南经贸职业技术学院,2,23,应用韩语,,不限,14,3,5700.0
海南,2025,专科批,综合,6012,海南经贸职业技术学院,81,12,软件技术,(中外合作办学)(与乌拉尔联邦大学“3+2”本科分段培养),不限,11,3,15000.0
海南,2025,专科批,综合,6012,海南经贸职业技术学院,81,14,旅游管理,(中外合作办学)(与乌拉尔联邦大学“3+2”本科分段培养),不限,10,3,12000.0
海南,2025,本科批,综合,6016,海南科技职业大学,4,8,金融管理,,不限,90,4,36900.0
海南,2025,本科批,综合,6016,海南科技职业大学,4,6,大数据与财务管理,,不限,70,4,36900.0
海南,2025,本科批,综合,6016,海南科技职业大学,4,7,汽车服务工程技术,,不限,70,4,36900.0
海南,2025,本科批,综合,6016,海南科技职业大学,4,13,康复治疗,,不限,60,4,36900.0
海南,2025,本科批,综合,6016,海南科技职业大学,4,17,旅游规划与设计,,不限,60,4,36900.0
海南,2025,本科批,综合,6016,海南科技职业大学,4,10,健康管理,,不限,55,4,36900.0
海南,2025,本科批,综合,6016,海南科技职业大学,5,27,药学,,物理,50,4,36900.0
海南,2025,本科批,综合,6016,海南科技职业大学,4,9,护理,,不限,360,4,36900.0
海南,2025,本科批,综合,6016,海南科技职业大学,4,14,企业数字化管理,,不限,35,4,36900.0
海南,2025,本科批,综合,6016,海南科技职业大学,4,11,口腔医学技术,,不限,265,4,36900.0
海南,2025,本科批,综合,6016,海南科技职业大学,5,24,软件工程技术,,物理,25,4,36900.0
海南,2025,本科批,综合,6016,海南科技职业大学,5,22,人工智能工程技术,,物理,20,4,36900.0
海南,2025,本科批,综合,6016,海南科技职业大学,5,25,制药工程技术,,物理,20,4,36900.0
海南,2025,本科批,综合,6016,海南科技职业大学,5,21,大数据工程技术,,物理,20,4,36900.0
海南,2025,本科批,综合,6016,海南科技职业大学,5,19,工程造价,,物理,20,4,36900.0
海南,2025,本科批,综合,6016,海南科技职业大学,5,26,应用化工技术,,物理,20,4,36900.0
海南,2025,本科批,综合,6016,海南科技职业大学,5,18,建筑工程,,物理,20,4,36900.0
海南,2025,本科批,综合,6016,海南科技职业大学,5,20,新能源汽车工程技术,,物理,20,4,36900.0
海南,2025,本科批,综合,6016,海南科技职业大学,5,28,机械设计制造及自动化,,物理,20,4,36900.0
海南,2025,本科批,综合,6016,海南科技职业大学,5,23,物联网工程技术,,物理,20,4,36900.0
海南,2025,本科批,综合,6016,海南科技职业大学,4,12,大数据与会计,,不限,188,4,36900.0
海南,2025,本科批,综合,6016,海南科技职业大学,4,16,学前教育,,不限,160,4,36900.0
海南,2025,本科批,综合,6016,海南科技职业大学,4,15,水路运输与海事管理,,不限,120,4,36900.0
海南,2025,本科提前批,综合,6016,海南科技职业大学,1,2,航海技术,(不招色盲、色弱),不限,70,4,36900.0
海南,2025,本科提前批,综合,6016,海南科技职业大学,1,1,轮机工程技术,(不招色盲、色弱),不限,60,4,36900.0
海南,2025,专科批,综合,6016,海南科技职业大学,81,84,机电一体化技术,"(高职本科“3+2”分段培养)(高职本科“3+2”分段培养,前3年在海南科技职业大学就读专科,后2年在海南科技职业大学就读机械设计制造及自动化本科；后2年费用以学校规定为准)",不限,90,3,20900.0
海南,2025,专科批,综合,6016,海南科技职业大学,10,47,电气自动化技术,,不限,90,3,20900.0
海南,2025,专科批,综合,6016,海南科技职业大学,81,74,航海技术,"(高职本科“3+2”分段培养)(高职本科“3+2”分段培养,前3年在海南科技职业大学就读专科,后2年在海南科技职业大学就读航海技术本科；后2年费用以学校规定为准；不招色盲、色弱)",不限,90,3,20900.0
海南,2025,专科批,综合,6016,海南科技职业大学,81,78,新能源汽车技术,"(高职本科“3+2”分段培养)(高职本科“3+2”分段培养,前3年在海南科技职业大学就读专科,后2年在海南科技职业大学就读新能源汽车工程技术本科；后2年费用以学校规定为准)",不限,80,3,20900.0
海南,2025,专科批,综合,6016,海南科技职业大学,10,54,中药学,,不限,70,3,20900.0
海南,2025,专科批,综合,6016,海南科技职业大学,10,58,口腔医学技术,,不限,70,3,20900.0
海南,2025,专科批,综合,6016,海南科技职业大学,10,65,大数据与会计,,不限,70,3,20900.0
海南,2025,专科批,综合,6016,海南科技职业大学,10,52,计算机网络技术,,不限,70,3,20900.0
海南,2025,专科批,综合,6016,海南科技职业大学,10,59,医学检验技术,,不限,60,3,20900.0
海南,2025,专科批,综合,6016,海南科技职业大学,81,75,工程造价,"(高职本科“3+2”分段培养)(高职本科“3+2”分段培养,前3年在海南科技职业大学就读专科,后2年在海南科技职业大学就读工程造价本科；后2年费用以学校规定为准)",不限,60,3,20900.0
海南,2025,专科批,综合,6016,海南科技职业大学,81,85,软件技术,"(高职本科“3+2”分段培养)(高职本科“3+2”分段培养,前3年在海南科技职业大学就读专科,后2年在海南科技职业大学就读软件工程技术本科；后2年费用以学校规定为准)",不限,60,3,20900.0
海南,2025,专科批,综合,6016,海南科技职业大学,10,51,软件技术,,不限,55,3,20900.0
海南,2025,专科批,综合,6016,海南科技职业大学,81,79,健康管理,"(高职本科“3+2”分段培养)(高职本科“3+2”分段培养,前3年在海南科技职业大学就读专科,后2年在海南科技职业大学就读健康管理本科；后2年费用以学校规定为准)",不限,50,3,20900.0
海南,2025,专科批,综合,6016,海南科技职业大学,81,71,大数据技术,"(高职本科“3+2”分段培养)(高职本科“3+2”分段培养,前3年在海南科技职业大学就读专科,后2年在海南科技职业大学就读大数据工程技术本科；后2年费用以学校规定为准)",不限,50,3,20900.0
海南,2025,专科批,综合,6016,海南科技职业大学,81,80,建筑工程技术,"(高职本科“3+2”分段培养)(高职本科“3+2”分段培养,前3年在海南科技职业大学就读专科,后2年在海南科技职业大学就读建筑工程本科；后2年费用以学校规定为准)",不限,50,3,20900.0
海南,2025,专科批,综合,6016,海南科技职业大学,81,72,机械设计与制造,"(高职本科“3+2”分段培养)(高职本科“3+2”分段培养,前3年在海南科技职业大学就读专科,后2年在海南科技职业大学就读机械设计制造及自动化本科；后2年费用以学校规定为准)",不限,50,3,20900.0
海南,2025,专科批,综合,6016,海南科技职业大学,10,37,机电一体化技术,,不限,50,3,20900.0
海南,2025,专科批,综合,6016,海南科技职业大学,81,81,水路运输安全管理,"(高职本科“3+2”分段培养)(高职本科“3+2”分段培养,前3年在海南科技职业大学就读专科,后2年在海南科技职业大学就读水路运输与海事管理本科；后2年费用以学校规定为准)",不限,50,3,20900.0
海南,2025,专科批,综合,6016,海南科技职业大学,10,45,石油化工技术,,不限,50,3,20900.0
海南,2025,专科批,综合,6016,海南科技职业大学,81,77,石油化工技术,"(高职本科“3+2”分段培养)(高职本科“3+2”分段培养,前3年在海南科技职业大学就读专科,后2年在海南科技职业大学就读应用化工技术本科；后2年费用以学校规定为准)",不限,50,3,20900.0
海南,2025,专科批,综合,6016,海南科技职业大学,81,76,药品生产技术,"(高职本科“3+2”分段培养)(高职本科“3+2”分段培养,前3年在海南科技职业大学就读专科,后2年在海南科技职业大学就读制药工程技术本科；后2年费用以学校规定为准)",不限,50,3,20900.0
海南,2025,专科批,综合,6016,海南科技职业大学,81,82,计算机网络技术,"(高职本科“3+2”分段培养)(高职本科“3+2”分段培养,前3年在海南科技职业大学就读专科,后2年在海南科技职业大学就读物联网工程技术本科；后2年费用以学校规定为准)",不限,50,3,20900.0
海南,2025,专科批,综合,6016,海南科技职业大学,81,83,金融服务与管理,"(高职本科“3+2”分段培养)(高职本科“3+2”分段培养,前3年在海南科技职业大学就读专科,后2年在海南科技职业大学就读金融管理本科；后2年费用以学校规定为准)",不限,50,3,20900.0
海南,2025,专科批,综合,6016,海南科技职业大学,10,68,护理,(口腔护理方向),不限,26,3,20900.0
海南,2025,专科批,综合,6016,海南科技职业大学,10,61,现代物流管理,,不限,25,3,20900.0
海南,2025,专科批,综合,6016,海南科技职业大学,10,43,药品生产技术,,不限,25,3,20900.0
海南,2025,专科批,综合,6016,海南科技职业大学,10,70,人力资源管理,,不限,20,3,20900.0
海南,2025,专科批,综合,6016,海南科技职业大学,10,60,医学影像技术,(医学影像),不限,20,3,20900.0
海南,2025,专科批,综合,6016,海南科技职业大学,10,50,大数据技术,,不限,20,3,20900.0
海南,2025,专科批,综合,6016,海南科技职业大学,10,62,旅游管理,,不限,20,3,20900.0
海南,2025,专科批,综合,6016,海南科技职业大学,10,63,电子商务,,不限,20,3,20900.0
海南,2025,专科批,综合,6016,海南科技职业大学,10,56,眼视光技术,(眼视光),不限,20,3,20900.0
海南,2025,专科批,综合,6016,海南科技职业大学,10,69,网络新闻与传播,(新媒体方向),不限,20,3,25900.0
海南,2025,专科批,综合,6016,海南科技职业大学,10,44,食品检验检测技术,,不限,20,3,20900.0
海南,2025,专科批,综合,6016,海南科技职业大学,10,49,护理,,不限,180,3,20900.0
海南,2025,专科批,综合,6016,海南科技职业大学,10,39,建筑工程技术,,不限,16,3,20900.0
海南,2025,专科批,综合,6016,海南科技职业大学,10,57,健康管理,,不限,15,3,20900.0
海南,2025,专科批,综合,6016,海南科技职业大学,10,66,大数据与财务管理,,不限,15,3,20900.0
海南,2025,专科批,综合,6016,海南科技职业大学,10,40,工程造价,,不限,15,3,20900.0
海南,2025,专科批,综合,6016,海南科技职业大学,10,42,建筑设计,,不限,15,3,20900.0
海南,2025,专科批,综合,6016,海南科技职业大学,10,53,水路运输安全管理,,不限,15,3,20900.0
海南,2025,专科批,综合,6016,海南科技职业大学,10,38,风景园林设计,,不限,15,3,25900.0
海南,2025,专科批,综合,6016,海南科技职业大学,10,46,新能源汽车技术,,不限,130,3,20900.0
海南,2025,专科批,综合,6016,海南科技职业大学,81,73,护理,"(高职本科“3+2”分段培养)(高职本科“3+2”分段培养,前3年在海南科技职业大学就读专科,后2年在海南科技职业大学就读护理本科；后2年费用以学校规定为准)",不限,120,3,20900.0
海南,2025,专科批,综合,6016,海南科技职业大学,10,48,助产,,不限,10,3,20900.0
海南,2025,专科批,综合,6016,海南科技职业大学,10,64,工商企业管理,,不限,10,3,20900.0
海南,2025,专科批,综合,6016,海南科技职业大学,10,36,智能机器人技术,,不限,10,3,20900.0
海南,2025,专科批,综合,6016,海南科技职业大学,10,41,机械设计与制造,,不限,10,3,20900.0
海南,2025,专科批,综合,6016,海南科技职业大学,10,55,金融服务与管理,,不限,10,3,20900.0
海南,2025,专科批,综合,6016,海南科技职业大学,10,67,金融科技应用,,不限,10,3,20900.0
海南,2025,专科提前批,综合,6016,海南科技职业大学,6,30,航海技术,"(不招色盲、色弱；身高160cm及以上；双眼裸视力均能达到0.5以上,或双眼裸视力均能达到0.1以上且矫正视力均能达到0.8及以上)",不限,60,3,20900.0
海南,2025,专科提前批,综合,6016,海南科技职业大学,6,29,轮机工程技术,"(不招色盲、色弱；身高155cm及以上；双眼裸视力均能达到0.4及以上,或双眼裸视力均能到达0.1及以上且矫正视力均能达到0.4及以上)",不限,20,3,20900.0
海南,2025,本科批,综合,6002,海南热带海洋学院,7,19,会展经济与管理,,不限,8,4,4620.0
海南,2025,本科批,综合,6002,海南热带海洋学院,11,55,思想政治教育,,"政治,历史",7,4,4620.0
海南,2025,本科批,综合,6002,海南热带海洋学院,82,44,数字媒体技术,"(本科联合办学)(与海南软件职业技术学院联合办学,在海南软件职业技术学院就读)","物理,化学",50,4,4620.0
海南,2025,本科批,综合,6002,海南热带海洋学院,80,18,旅游管理,"(本科联合办学)(与海南外国语职业学院联合办学,在海南外国语职业学院就读)",不限,50,4,4620.0
海南,2025,本科批,综合,6002,海南热带海洋学院,83,54,汉语言文学,"(本科联合办学)(与海南外国语职业学院联合办学,在海南外国语职业学院就读)",历史,50,4,4180.0
海南,2025,本科批,综合,6002,海南热带海洋学院,82,45,计算机科学与技术,"(本科联合办学)(不招单色识别不全者；与海南软件职业技术学院联合办学,在海南软件职业技术学院就读)","物理,化学",50,4,4620.0
海南,2025,本科批,综合,6002,海南热带海洋学院,82,41,软件工程,"(本科联合办学)(与海南软件职业技术学院联合办学,在海南软件职业技术学院就读)","物理,化学",50,4,4620.0
海南,2025,本科批,综合,6002,海南热带海洋学院,80,15,酒店管理,"(本科联合办学)(与海南外国语职业学院联合办学,在海南外国语职业学院就读)",不限,50,4,4620.0
海南,2025,本科批,综合,6002,海南热带海洋学院,81,23,市场营销,"(中外合作办学)(英语单科成绩不低于95分(150分制)；只招收有填报专业志愿的考生,且学生在校期间不能转换专业)",不限,4,4,38500.0
海南,2025,本科批,综合,6002,海南热带海洋学院,8,40,轮机工程,"(陆上方向)(无红绿色盲,无复视；身高155cm及以上；双眼裸视力均能达到4.6(0.4)及以上；或双眼裸视力均能达到4.0(0.1)及以上且矫正视力均能达到4.6(0.4)及以上)","物理,化学",25,4,4620.0
海南,2025,本科批,综合,6002,海南热带海洋学院,8,25,数学与应用数学,,"物理,化学",24,4,4620.0
海南,2025,本科批,综合,6002,海南热带海洋学院,8,38,环境工程,(不招色盲、色弱),"物理,化学",24,4,4620.0
海南,2025,本科批,综合,6002,海南热带海洋学院,8,48,食品科学与工程,(不招色盲、色弱),"物理,化学",24,4,4620.0
海南,2025,本科批,综合,6002,海南热带海洋学院,7,20,应用心理学,(不招色盲、色弱),不限,21,4,4620.0
海南,2025,本科批,综合,6002,海南热带海洋学院,8,31,海洋资源与环境,,"物理,化学",21,4,4620.0
海南,2025,本科批,综合,6002,海南热带海洋学院,8,35,电子信息科学与技术,,"物理,化学",20,4,4620.0
海南,2025,本科批,综合,6002,海南热带海洋学院,8,28,化学,(不招色盲、色弱),"物理,化学",19,4,4620.0
海南,2025,本科批,综合,6002,海南热带海洋学院,8,46,园艺,(不招色盲、色弱),"物理,化学",19,4,4180.0
海南,2025,本科批,综合,6002,海南热带海洋学院,7,21,海事管理,,不限,19,4,4620.0
海南,2025,本科批,综合,6002,海南热带海洋学院,8,43,水产养殖学,(不招色盲、色弱),"物理,化学",17,4,4180.0
海南,2025,本科批,综合,6002,海南热带海洋学院,8,30,海洋技术,(不招色盲、色弱),"物理,化学",17,4,4620.0
海南,2025,本科批,综合,6002,海南热带海洋学院,8,42,海洋渔业科学与技术,(不招色盲、色弱),"物理,化学",17,4,4180.0
海南,2025,本科批,综合,6002,海南热带海洋学院,8,27,生物技术,(不招色盲、色弱),"物理,化学",17,4,4620.0
海南,2025,本科批,综合,6002,海南热带海洋学院,8,37,网络工程,,"物理,化学",17,4,4620.0
海南,2025,本科批,综合,6002,海南热带海洋学院,8,34,计算机科学与技术,(不招单色识别不全者),"物理,化学",17,4,4620.0
海南,2025,本科批,综合,6002,海南热带海洋学院,8,39,软件工程,,"物理,化学",17,4,4620.0
海南,2025,本科批,综合,6002,海南热带海洋学院,8,36,通信工程,,"物理,化学",17,4,4620.0
海南,2025,本科批,综合,6002,海南热带海洋学院,8,33,数字媒体技术,,"物理,化学",16,4,4620.0
海南,2025,本科批,综合,6002,海南热带海洋学院,9,49,新闻学,,政治,16,4,4180.0
海南,2025,本科批,综合,6002,海南热带海洋学院,10,53,汉语言文学,,历史,16,4,4180.0
海南,2025,本科批,综合,6002,海南热带海洋学院,7,13,物流管理,,不限,16,4,4620.0
海南,2025,本科批,综合,6002,海南热带海洋学院,8,47,食品质量与安全,,"物理,化学",16,4,4620.0
海南,2025,本科批,综合,6002,海南热带海洋学院,7,17,市场营销,(不招单色识别不全者),不限,15,4,4620.0
海南,2025,本科批,综合,6002,海南热带海洋学院,8,29,海洋科学,(不招色盲、色弱),"物理,化学",15,4,4620.0
海南,2025,本科批,综合,6002,海南热带海洋学院,8,24,物理学,,"物理,化学",15,4,4620.0
海南,2025,本科批,综合,6002,海南热带海洋学院,8,32,生物科学,(不招色盲、色弱),"物理,化学",15,4,4620.0
海南,2025,本科批,综合,6002,海南热带海洋学院,7,10,俄语,,不限,14,4,4620.0
海南,2025,本科批,综合,6002,海南热带海洋学院,8,26,生态学,(不招色盲、色弱),"物理,化学",14,4,4620.0
海南,2025,本科批,综合,6002,海南热带海洋学院,7,11,旅游管理,,不限,13,4,4620.0
海南,2025,本科批,综合,6002,海南热带海洋学院,10,51,汉语国际教育,,历史,13,4,4180.0
海南,2025,本科批,综合,6002,海南热带海洋学院,9,50,社会工作,,政治,13,4,4620.0
海南,2025,本科批,综合,6002,海南热带海洋学院,7,12,电子商务,,不限,12,4,4620.0
海南,2025,本科批,综合,6002,海南热带海洋学院,7,14,财务管理,(不招单色识别不全者),不限,12,4,4620.0
海南,2025,本科批,综合,6002,海南热带海洋学院,81,22,旅游管理,"(中外合作办学)(英语单科成绩不低于95分(150分制)；只招收有填报专业志愿的考生,且学生在校期间不能转换专业)",不限,10,4,38500.0
海南,2025,本科批,综合,6002,海南热带海洋学院,10,52,秘书学,,历史,10,4,4180.0
海南,2025,本科批,综合,6002,海南热带海洋学院,7,16,酒店管理,,不限,10,4,4620.0
海南,2025,本科提前批,综合,6002,海南热带海洋学院,1,1,船舶电子电气工程,"(无红绿色盲,无复视；身高155cm及以上；双眼裸视力均能达到4.6(0.4)及以上,或双眼裸视力均能达到4.0(0.1)及以上且矫正视力均能达到4.6(0.4)及以上)","物理,化学",37,4,4620.0
海南,2025,本科民族班、预科班,综合,6002,海南热带海洋学院,12,56,少数民族预科班,(预科培养地点:海南热带海洋学院五指山校区),不限,40,1,4200.0
海南,2025,专科批,综合,6002,海南热带海洋学院,13,59,大数据与会计,(在五指山校区就读),不限,60,3,5720.0
海南,2025,专科批,综合,6002,海南热带海洋学院,13,58,婴幼儿托育服务与管理,(在五指山校区就读),不限,60,3,5720.0
海南,2025,专科批,综合,6002,海南热带海洋学院,13,60,旅游管理,(在五指山校区就读),不限,60,3,5720.0
海南,2025,专科批,综合,6002,海南热带海洋学院,13,57,园林技术,(在五指山校区就读),不限,40,3,5720.0
海南,2025,专科批,综合,6002,海南热带海洋学院,13,61,学前教育,(在五指山校区就读),不限,40,3,4620.0
海南,2025,专科批,综合,6002,海南热带海洋学院,13,62,社区管理与服务,(在五指山校区就读),不限,40,3,5720.0
海南,2025,专科批,综合,6008,海南软件职业技术学院,3,22,游戏艺术设计,,不限,80,3,8000.0
海南,2025,专科批,综合,6008,海南软件职业技术学院,3,13,大数据与财务管理,,不限,78,3,5700.0
海南,2025,专科批,综合,6008,海南软件职业技术学院,3,3,软件技术,,不限,78,3,5700.0
海南,2025,专科批,综合,6008,海南软件职业技术学院,3,8,大数据与会计,,不限,71,3,5700.0
海南,2025,专科批,综合,6008,海南软件职业技术学院,3,12,新能源汽车检测与维修技术,,不限,66,3,5700.0
海南,2025,专科批,综合,6008,海南软件职业技术学院,3,10,学前教育,,不限,53,3,5700.0
海南,2025,专科批,综合,6008,海南软件职业技术学院,80,30,大数据与会计,"(高职本科“3+2”分段培养)(高职本科“3+2”分段培养,与海南科技职业大学合作；前3年在海南软件职业技术学院就读,后2年在海南科技职业大学就读大数据与财务管理本科；后2年费用以海南科技职业大学规定为准)",不限,50,3,5700.0
海南,2025,专科批,综合,6008,海南软件职业技术学院,80,31,学前教育,"(高职本科“3+2”分段培养)(高职本科“3+2”分段培养,与海南科技职业大学合作；前3年在海南软件职业技术学院就读,后2年在海南科技职业大学就读学前教育本科；后2年费用以海南科技职业大学规定为准)",不限,50,3,5700.0
海南,2025,专科批,综合,6008,海南软件职业技术学院,80,29,新能源汽车检测与维修技术,"(高职本科“3+2”分段培养)(高职本科“3+2”分段培养,与海南科技职业大学合作；前3年在海南软件职业技术学院就读,后2年在海南科技职业大学就读新能源汽车工程技术本科；后2年费用以海南科技职业大学规定为准)",不限,50,3,5700.0
海南,2025,专科批,综合,6008,海南软件职业技术学院,3,24,汽车制造与试验技术,,不限,50,3,5700.0
海南,2025,专科批,综合,6008,海南软件职业技术学院,3,25,汽车电子技术,,不限,50,3,5700.0
海南,2025,专科批,综合,6008,海南软件职业技术学院,3,7,广告艺术设计,,不限,49,3,8000.0
海南,2025,专科批,综合,6008,海南软件职业技术学院,3,6,人工智能技术应用,,不限,48,3,5700.0
海南,2025,专科批,综合,6008,海南软件职业技术学院,3,5,计算机网络技术,,不限,47,3,5700.0
海南,2025,专科批,综合,6008,海南软件职业技术学院,80,27,广告艺术设计,"(高职本科“3+2”分段培养)(高职本科“3+2”分段培养,与海南科技职业大学合作；前3年在海南软件职业技术学院就读,后2年在海南科技职业大学就读视觉传达设计本科；后2年费用以海南科技职业大学规定为准)",不限,45,3,8000.0
海南,2025,专科批,综合,6008,海南软件职业技术学院,80,28,环境艺术设计,"(高职本科“3+2”分段培养)(高职本科“3+2”分段培养,与海南科技职业大学合作；前3年在海南软件职业技术学院就读,后2年在海南科技职业大学就读环境艺术设计本科；后2年费用以海南科技职业大学规定为准)",不限,45,3,8000.0
海南,2025,专科批,综合,6008,海南软件职业技术学院,3,21,健康大数据管理与服务,,不限,40,3,5700.0
海南,2025,专科批,综合,6008,海南软件职业技术学院,3,23,室内艺术设计,,不限,40,3,8000.0
海南,2025,专科批,综合,6008,海南软件职业技术学院,3,20,智能医疗装备技术,,不限,40,3,5700.0
海南,2025,专科批,综合,6008,海南软件职业技术学院,3,4,计算机应用技术,,不限,39,3,5700.0
海南,2025,专科批,综合,6008,海南软件职业技术学院,3,17,大数据技术,,不限,34,3,5700.0
海南,2025,专科批,综合,6008,海南软件职业技术学院,3,11,数字媒体艺术设计,,不限,34,3,5700.0
海南,2025,专科批,综合,6008,海南软件职业技术学院,3,9,电子商务,,不限,34,3,5700.0
海南,2025,专科批,综合,6008,海南软件职业技术学院,3,16,烹饪工艺与营养,,不限,33,3,5700.0
海南,2025,专科批,综合,6008,海南软件职业技术学院,3,18,信息安全技术应用,,不限,32,3,5700.0
海南,2025,专科批,综合,6008,海南软件职业技术学院,3,26,药膳与食疗,,不限,30,3,5700.0
海南,2025,专科批,综合,6008,海南软件职业技术学院,3,14,酒店管理与数字化运营,,不限,29,3,5700.0
海南,2025,专科批,综合,6008,海南软件职业技术学院,3,15,旅游管理,,不限,28,3,5700.0
海南,2025,专科批,综合,6008,海南软件职业技术学院,3,19,动漫制作技术,,不限,20,3,5700.0
海南,2025,地方专项,综合,6003,海南师范大学,18,36,思想政治教育,,政治,8,4,4180.0
海南,2025,地方专项,综合,6003,海南师范大学,20,38,汉语国际教育,(英语单科成绩不低于90分(150分制)),"政治,历史",8,4,4180.0
海南,2025,地方专项,综合,6003,海南师范大学,16,33,物理学,,"物理,化学",8,4,4620.0
海南,2025,地方专项,综合,6003,海南师范大学,17,35,生物科学,(不招色盲、色弱或单色识别不全者),"物理,化学,生物",8,4,4620.0
海南,2025,地方专项,综合,6003,海南师范大学,16,34,计算机科学与技术,(不招单色识别不全者),"物理,化学",8,4,4620.0
海南,2025,地方专项,综合,6003,海南师范大学,15,30,教育技术学,,物理,6,4,4620.0
海南,2025,地方专项,综合,6003,海南师范大学,14,27,教育学类,(包含专业:教育学、学前教育、特殊教育；不招色盲、色弱或单色识别不全者),不限,20,4,4180.0
海南,2025,地方专项,综合,6003,海南师范大学,19,37,汉语言文学,,历史,20,4,4180.0
海南,2025,地方专项,综合,6003,海南师范大学,14,29,历史学,,不限,12,4,4180.0
海南,2025,地方专项,综合,6003,海南师范大学,85,28,英语,(英语单科成绩不低于90分(150分制)),不限,12,4,4620.0
海南,2025,地方专项,综合,6003,海南师范大学,16,31,化学,(不招色盲、色弱或单色识别不全者),"物理,化学",10,4,4620.0
海南,2025,地方专项,综合,6003,海南师范大学,21,39,地理科学,(不招色盲或单色识别不全者),地理,10,4,4620.0
海南,2025,地方专项,综合,6003,海南师范大学,14,26,应用心理学,(不招色盲、色弱或单色识别不全者),不限,10,4,4620.0
海南,2025,地方专项,综合,6003,海南师范大学,16,32,数学与应用数学,,"物理,化学",10,4,4620.0
海南,2025,本科批,综合,6003,海南师范大学,27,77,汉语言文学,,历史,89,4,4180.0
海南,2025,本科批,综合,6003,海南师范大学,24,65,光电信息科学与工程,,"物理,化学",8,4,4620.0
海南,2025,本科批,综合,6003,海南师范大学,25,75,生物技术,(不招色弱、色盲、单色识别不全者),"物理,化学,生物",8,4,4620.0
海南,2025,本科批,综合,6003,海南师范大学,22,43,教育学类,(包含专业:教育学、学前教育、特殊教育；不招色弱、色盲、单色识别不全者),不限,69,4,4180.0
海南,2025,本科批,综合,6003,海南师范大学,24,71,网络空间安全,,"物理,化学",6,4,4620.0
海南,2025,本科批,综合,6003,海南师范大学,22,41,翻译,(英语单科成绩不低于90分(150分制)),不限,6,4,4620.0
海南,2025,本科批,综合,6003,海南师范大学,22,40,历史学,,不限,50,4,4180.0
海南,2025,本科批,综合,6003,海南师范大学,29,80,地理科学类,(包含专业:自然地理与资源环境、人文地理与城乡规划、地理信息科学),地理,50,4,4620.0
海南,2025,本科批,综合,6003,海南师范大学,24,62,数学与应用数学,,"物理,化学",50,4,4620.0
海南,2025,本科批,综合,6003,海南师范大学,86,47,广播电视编导,"(艺术类专业,授予艺术学学士学位)",不限,5,4,8800.0
海南,2025,本科批,综合,6003,海南师范大学,22,57,旅游管理,,不限,45,4,4620.0
海南,2025,本科批,综合,6003,海南师范大学,22,55,应用心理学,(不招色弱、色盲、单色识别不全者),不限,44,4,4620.0
海南,2025,本科批,综合,6003,海南师范大学,29,79,地理科学,(不招色盲、单色识别不全者),地理,40,4,4620.0
海南,2025,本科批,综合,6003,海南师范大学,87,48,广播电视编导,"(中外合作办学)(报考考生须有普通高中毕业证和高中学业水平测试成绩单；高收费专业,只招收有专业志愿者；艺术类专业,授予艺术学学士学位)",不限,4,4,60000.0
海南,2025,本科批,综合,6003,海南师范大学,24,66,化学,(不招色弱、色盲、单色识别不全者),"物理,化学",35,4,4620.0
海南,2025,本科批,综合,6003,海南师范大学,22,42,英语,(英语单科成绩不低于90分(150分制)),不限,35,4,4620.0
海南,2025,本科批,综合,6003,海南师范大学,22,51,人力资源管理,(不招单色识别不全者),不限,32,4,4620.0
海南,2025,本科批,综合,6003,海南师范大学,24,69,物理学,,"物理,化学",32,4,4620.0
海南,2025,本科批,综合,6003,海南师范大学,22,52,新闻学,,不限,30,4,4180.0
海南,2025,本科批,综合,6003,海南师范大学,22,49,法学,,不限,30,4,4620.0
海南,2025,本科批,综合,6003,海南师范大学,22,53,经济学类,(包含专业:经济学、税收学；不招单色识别不全者),不限,30,4,4620.0
海南,2025,本科批,综合,6003,海南师范大学,24,67,制药工程,(不招色弱、色盲、单色识别不全者),"物理,化学",27,4,4620.0
海南,2025,本科批,综合,6003,海南师范大学,22,56,酒店管理,,不限,26,4,4620.0
海南,2025,本科批,综合,6003,海南师范大学,28,78,汉语国际教育,(英语单科成绩不低于90分(150分制)),"政治,历史",24,4,4180.0
海南,2025,本科批,综合,6003,海南师范大学,22,54,金融学,,不限,24,4,4620.0
海南,2025,本科批,综合,6003,海南师范大学,22,45,电子商务,,不限,23,4,4620.0
海南,2025,本科批,综合,6003,海南师范大学,22,50,会计学,(不招单色识别不全者),不限,20,4,4620.0
海南,2025,本科批,综合,6003,海南师范大学,23,58,教育技术学,,物理,19,4,4620.0
海南,2025,本科批,综合,6003,海南师范大学,26,76,思想政治教育,,政治,18,4,4180.0
海南,2025,本科批,综合,6003,海南师范大学,22,44,日语,,不限,17,4,4620.0
海南,2025,本科批,综合,6003,海南师范大学,24,68,应用化学,(不招色弱、色盲、单色识别不全者),"物理,化学",15,4,4620.0
海南,2025,本科批,综合,6003,海南师范大学,25,73,生物科学,(不招色弱、色盲、单色识别不全者),"物理,化学,生物",15,4,4620.0
海南,2025,本科批,综合,6003,海南师范大学,24,64,电子信息科学与技术,,"物理,化学",15,4,4620.0
海南,2025,本科批,综合,6003,海南师范大学,24,61,统计学,,"物理,化学",15,4,4620.0
海南,2025,本科批,综合,6003,海南师范大学,22,46,国际新闻与传播,,不限,14,4,4180.0
海南,2025,本科批,综合,6003,海南师范大学,88,72,软件工程,"(NIIT班)(高收费专业,只招收有专业志愿者)","物理,化学",12,4,13600.0
海南,2025,本科批,综合,6003,海南师范大学,24,59,人工智能,,"物理,化学",10,4,4620.0
海南,2025,本科批,综合,6003,海南师范大学,24,60,数据科学与大数据技术,,"物理,化学",10,4,4620.0
海南,2025,本科批,综合,6003,海南师范大学,25,74,生态学,(不招色弱、色盲、单色识别不全者),"物理,化学,生物",10,4,4620.0
海南,2025,本科批,综合,6003,海南师范大学,24,63,自动化,,"物理,化学",10,4,4620.0
海南,2025,本科批,综合,6003,海南师范大学,24,70,计算机科学与技术,(不招单色识别不全者),"物理,化学",10,4,4620.0
海南,2025,国家专项,综合,6003,海南师范大学,12,24,汉语言文学,,历史,9,4,4180.0
海南,2025,国家专项,综合,6003,海南师范大学,13,25,地理科学,(不招色盲或单色识别不全者),地理,6,4,4620.0
海南,2025,国家专项,综合,6003,海南师范大学,10,21,化学,(不招色盲、色弱或单色识别不全者),"物理,化学",5,4,4620.0
海南,2025,国家专项,综合,6003,海南师范大学,10,22,数学与应用数学,,"物理,化学",5,4,4620.0
海南,2025,国家专项,综合,6003,海南师范大学,84,20,英语,(英语单科成绩不低于90分(150分制)),不限,5,4,4620.0
海南,2025,国家专项,综合,6003,海南师范大学,9,19,历史学,,不限,2,4,4180.0
海南,2025,国家专项,综合,6003,海南师范大学,11,23,生物科学,(不招色盲、色弱或单色识别不全者),"物理,化学,生物",2,4,4620.0
海南,2025,本科民族班、预科班,综合,6003,海南师范大学,30,,少数民族预科班,(预科培养地点:海南师范大学桂林洋校区),不限,30,1,4200.0
海南,2025,本科提前批,综合,6003,海南师范大学,2,4,小学教育,(数学与科学方向),不限,64,4,
海南,2025,本科提前批,综合,6003,海南师范大学,2,5,小学教育,(中文与社会方向),不限,64,4,
海南,2025,本科提前批,综合,6003,海南师范大学,2,6,小学教育,(英语教育方向)(英语单科成绩不低于90分(150分制)),不限,33,4,
海南,2025,专科批,综合,6010,海南外国语职业学院,3,5,学前教育,,不限,98,3,5700.0
海南,2025,专科批,综合,6010,海南外国语职业学院,3,11,旅游管理,,不限,84,3,5700.0
海南,2025,专科批,综合,6010,海南外国语职业学院,3,12,酒店管理与数字化运营,,不限,83,3,5700.0
海南,2025,专科批,综合,6010,海南外国语职业学院,3,26,小学英语教育,,不限,80,3,5700.0
海南,2025,专科批,综合,6010,海南外国语职业学院,3,36,应用俄语,,不限,76,3,5700.0
海南,2025,专科批,综合,6010,海南外国语职业学院,3,25,人工智能技术应用,,不限,69,3,5700.0
海南,2025,专科批,综合,6010,海南外国语职业学院,3,28,应用日语,,不限,69,3,5700.0
海南,2025,专科批,综合,6010,海南外国语职业学院,3,6,婴幼儿托育服务与管理,,不限,49,3,5700.0
海南,2025,专科批,综合,6010,海南外国语职业学院,3,15,中文,,不限,46,3,4950.0
海南,2025,专科批,综合,6010,海南外国语职业学院,3,7,国际经济与贸易,,不限,43,3,5700.0
海南,2025,专科批,综合,6010,海南外国语职业学院,3,10,现代物流管理,(国际物流),不限,42,3,5700.0
海南,2025,专科批,综合,6010,海南外国语职业学院,80,20,大数据与会计,"(高职本科“3+2”分段培养)(高职本科“3+2”分段培养,与海南科技职业大学合作；前3年在海南外国语职业学院就读,后2年在海南科技职业大学就读大数据与财务管理本科；后2年费用以海南科技职业大学规定的为准)",不限,40,3,5700.0
海南,2025,专科批,综合,6010,海南外国语职业学院,80,22,学前教育,"(高职本科“3+2”分段培养)(高职本科“3+2”分段培养,与海南科技职业大学合作；前3年在海南外国语职业学院就读,后2年在海南科技职业大学就读学前教育本科；后2年费用以海南科技职业大学规定的为准)",不限,40,3,5700.0
海南,2025,专科批,综合,6010,海南外国语职业学院,3,14,导游,(国际导游),不限,40,3,5700.0
海南,2025,专科批,综合,6010,海南外国语职业学院,80,21,视觉传达设计,"(高职本科“3+2”分段培养)(高职本科“3+2”分段培养,与海南科技职业大学合作；前3年在海南外国语职业学院就读,后2年在海南科技职业大学就读视觉传达设计本科；后2年费用以海南科技职业大学规定的为准)",不限,40,3,6600.0
海南,2025,专科批,综合,6010,海南外国语职业学院,3,24,大数据与财务管理,,不限,37,3,5700.0
海南,2025,专科批,综合,6010,海南外国语职业学院,3,13,连锁经营与管理,(高端旅游商品营销),不限,36,3,5700.0
海南,2025,专科批,综合,6010,海南外国语职业学院,3,17,无人机应用技术,,不限,34,3,5700.0
海南,2025,专科批,综合,6010,海南外国语职业学院,3,18,机电一体化技术,,不限,32,3,5700.0
海南,2025,专科批,综合,6010,海南外国语职业学院,3,16,中文,(国际教育),不限,30,3,4950.0
海南,2025,专科批,综合,6010,海南外国语职业学院,3,29,应用韩语,,不限,28,3,5700.0
海南,2025,专科批,综合,6010,海南外国语职业学院,81,19,应用泰语,"(高职本科“3+2”分段培养)(高职本科“3+2”分段培养,与海南热带海洋学院合作；前3年在海南外国语职业学院就读,后2年在海南热带海洋学院就读泰语本科；后2年费用以海南热带海洋学院规定的为准)",不限,25,3,5700.0
海南,2025,专科批,综合,6010,海南外国语职业学院,3,37,应用法语,,不限,23,3,5700.0
海南,2025,专科批,综合,6010,海南外国语职业学院,3,38,应用西班牙语,,不限,23,3,5700.0
海南,2025,专科批,综合,6010,海南外国语职业学院,3,40,应用外语,(葡萄牙语),不限,19,3,5700.0
海南,2025,专科批,综合,6010,海南外国语职业学院,3,31,应用泰语,,不限,19,3,5700.0
海南,2025,专科批,综合,6010,海南外国语职业学院,3,27,应用英语,,不限,182,3,5700.0
海南,2025,专科批,综合,6010,海南外国语职业学院,3,33,应用外语,(印尼语),不限,18,3,5700.0
海南,2025,专科批,综合,6010,海南外国语职业学院,3,34,应用外语,(柬埔寨语),不限,18,3,5700.0
海南,2025,专科批,综合,6010,海南外国语职业学院,3,32,应用越南语,,不限,18,3,5700.0
海南,2025,专科批,综合,6010,海南外国语职业学院,3,39,应用德语,,不限,17,3,5700.0
海南,2025,专科批,综合,6010,海南外国语职业学院,3,30,应用阿拉伯语,,不限,17,3,5700.0
海南,2025,专科批,综合,6010,海南外国语职业学院,3,23,国际商务,,不限,16,3,5700.0
海南,2025,专科批,综合,6010,海南外国语职业学院,3,35,应用外语,(老挝语),不限,16,3,5700.0
海南,2025,专科批,综合,6010,海南外国语职业学院,3,41,应用外语,(意大利语),不限,16,3,5700.0
海南,2025,专科批,综合,6010,海南外国语职业学院,3,4,小学语文教育,,不限,135,3,4950.0
海南,2025,专科批,综合,6010,海南外国语职业学院,3,9,大数据与会计,,不限,120,3,5700.0
海南,2025,专科批,综合,6010,海南外国语职业学院,3,8,电子商务,,不限,116,3,5700.0
海南,2025,专科提前批,综合,6021,海南卫生健康职业学院,69,69,针灸推拿,"(定向免费医学生,定向临高县)(定向临高县；不招色盲、色弱及单色识别不全者；属定向免费医学生计划；考生本人及监护人须具有临高县户籍,详见学校招生章程)",不限,7,3,
海南,2025,专科提前批,综合,6021,海南卫生健康职业学院,60,60,针灸推拿,"(定向免费医学生,定向海口市)(定向海口市；不招色盲、色弱及单色识别不全者；属定向免费医学生计划；考生本人及监护人须具有海口市户籍,详见学校招生章程)",不限,5,3,
海南,2025,专科提前批,综合,6021,海南卫生健康职业学院,62,62,针灸推拿,"(定向免费医学生,定向五指山市)(定向五指山市；不招色盲、色弱及单色识别不全者；属定向免费医学生计划；考生本人及监护人须具有五指山市户籍,详见学校招生章程)",不限,5,3,
海南,2025,专科提前批,综合,6021,海南卫生健康职业学院,68,68,针灸推拿,"(定向免费医学生,定向澄迈县)(定向澄迈县；不招色盲、色弱及单色识别不全者；属定向免费医学生计划；考生本人及监护人须具有澄迈县户籍,详见学校招生章程)",不限,5,3,
海南,2025,专科提前批,综合,6021,海南卫生健康职业学院,71,71,针灸推拿,"(定向免费医学生,定向保亭县)(定向保亭县；不招色盲、色弱及单色识别不全者；属定向免费医学生计划；考生本人及监护人须具有保亭县户籍,详见学校招生章程)",不限,5,3,
海南,2025,专科提前批,综合,6021,海南卫生健康职业学院,72,72,针灸推拿,"(定向免费医学生,定向琼中县)(定向琼中县；不招色盲、色弱及单色识别不全者；属定向免费医学生计划；考生本人及监护人须具有琼中县户籍,详见学校招生章程)",不限,5,3,
海南,2025,专科提前批,综合,6021,海南卫生健康职业学院,67,67,针灸推拿,"(定向免费医学生,定向定安县)(定向定安县；不招色盲、色弱及单色识别不全者；属定向免费医学生计划；考生本人及监护人须具有定安县户籍,详见学校招生章程)",不限,4,3,
海南,2025,专科提前批,综合,6021,海南卫生健康职业学院,75,75,针灸推拿,"(定向免费医学生,定向昌江县)(定向昌江县；不招色盲、色弱及单色识别不全者；属定向免费医学生计划；考生本人及监护人须具有昌江县户籍,详见学校招生章程)",不限,4,3,
海南,2025,专科提前批,综合,6021,海南卫生健康职业学院,63,63,针灸推拿,"(定向免费医学生,定向文昌市)(定向文昌市；不招色盲、色弱及单色识别不全者；属定向免费医学生计划；考生本人及监护人须具有文昌市户籍,详见学校招生章程)",不限,3,3,
海南,2025,专科提前批,综合,6021,海南卫生健康职业学院,65,65,针灸推拿,"(定向免费医学生,定向万宁市)(定向万宁市；不招色盲、色弱及单色识别不全者；属定向免费医学生计划；考生本人及监护人须具有万宁市户籍,详见学校招生章程)",不限,3,3,
海南,2025,专科提前批,综合,6021,海南卫生健康职业学院,66,66,针灸推拿,"(定向免费医学生,定向屯昌县)(定向屯昌县；不招色盲、色弱及单色识别不全者；属定向免费医学生计划；考生本人及监护人须具有屯昌县户籍,详见学校招生章程)",不限,3,3,
海南,2025,专科提前批,综合,6021,海南卫生健康职业学院,73,73,针灸推拿,"(定向免费医学生,定向白沙县)(定向白沙县；不招色盲、色弱及单色识别不全者；属定向免费医学生计划；考生本人及监护人须具有白沙县户籍,详见学校招生章程)",不限,3,3,
海南,2025,专科提前批,综合,6021,海南卫生健康职业学院,74,74,针灸推拿,"(定向免费医学生,定向陵水县)(定向陵水县；不招色盲、色弱及单色识别不全者；属定向免费医学生计划；考生本人及监护人须具有陵水县户籍,详见学校招生章程)",不限,3,3,
海南,2025,专科提前批,综合,6021,海南卫生健康职业学院,76,76,针灸推拿,"(定向免费医学生,定向乐东县)(定向乐东县；不招色盲、色弱及单色识别不全者；属定向免费医学生计划；考生本人及监护人须具有乐东县户籍,详见学校招生章程)",不限,3,3,
海南,2025,专科提前批,综合,6021,海南卫生健康职业学院,61,61,针灸推拿,"(定向免费医学生,定向三亚市)(定向三亚市；不招色盲、色弱及单色识别不全者；属定向免费医学生计划；考生本人及监护人须具有三亚市户籍,详见学校招生章程)",不限,2,3,
海南,2025,专科提前批,综合,6021,海南卫生健康职业学院,80,80,针灸推拿,"(乡村振兴村医,定向海口市)(定向海口市；不招色盲、色弱及单色识别不全者；属乡村振兴村医培养项目计划；考生本人及监护人须具有海口市户籍；录取后须与定向就业所在地的市县卫生健康行政部门签署《村医订单培养定向服务协议书》,承诺培养培训合格后作为编外人员定向安排到村卫生室连续服务6年(不含助理全科医生规范化培训2年))",不限,10,3,
海南,2025,专科提前批,综合,6021,海南卫生健康职业学院,81,81,针灸推拿,"(乡村振兴村医,定向三亚市)(定向三亚市；不招色盲、色弱及单色识别不全者；属乡村振兴村医培养项目计划；考生本人及监护人须具有三亚市户籍；录取后须与定向就业所在地的市县卫生健康行政部门签署《村医订单培养定向服务协议书》,承诺培养培训合格后作为编外人员定向安排到村卫生室连续服务6年(不含助理全科医生规范化培训2年))",不限,10,3,
海南,2025,专科提前批,综合,6021,海南卫生健康职业学院,82,82,针灸推拿,"(乡村振兴村医,定向五指山市)(定向五指山市；不招色盲、色弱及单色识别不全者；属乡村振兴村医培养项目计划；考生本人及监护人须具有五指山市户籍；录取后须与定向就业所在地的市县卫生健康行政部门签署《村医订单培养定向服务协议书》,承诺培养培训合格后作为编外人员定向安排到村卫生室连续服务6年(不含助理全科医生规范化培训2年))",不限,10,3,
海南,2025,专科提前批,综合,6021,海南卫生健康职业学院,83,83,针灸推拿,"(乡村振兴村医,定向文昌市)(定向文昌市；不招色盲、色弱及单色识别不全者；属乡村振兴村医培养项目计划；考生本人及监护人须具有文昌市户籍；录取后须与定向就业所在地的市县卫生健康行政部门签署《村医订单培养定向服务协议书》,承诺培养培训合格后作为编外人员定向安排到村卫生室连续服务6年(不含助理全科医生规范化培训2年))",不限,10,3,
海南,2025,专科提前批,综合,6021,海南卫生健康职业学院,84,84,针灸推拿,"(乡村振兴村医,定向琼海市)(定向琼海市；不招色盲、色弱及单色识别不全者；属乡村振兴村医培养项目计划；考生本人及监护人须具有琼海市户籍；录取后须与定向就业所在地的市县卫生健康行政部门签署《村医订单培养定向服务协议书》,承诺培养培训合格后作为编外人员定向安排到村卫生室连续服务6年(不含助理全科医生规范化培训2年))",不限,10,3,
海南,2025,专科提前批,综合,6021,海南卫生健康职业学院,85,85,针灸推拿,"(乡村振兴村医,定向万宁市)(定向万宁市；不招色盲、色弱及单色识别不全者；属乡村振兴村医培养项目计划；考生本人及监护人须具有万宁市户籍；录取后须与定向就业所在地的市县卫生健康行政部门签署《村医订单培养定向服务协议书》,承诺培养培训合格后作为编外人员定向安排到村卫生室连续服务6年(不含助理全科医生规范化培训2年))",不限,10,3,
海南,2025,专科提前批,综合,6021,海南卫生健康职业学院,86,86,针灸推拿,"(乡村振兴村医,定向屯昌县)(定向屯昌县；不招色盲、色弱及单色识别不全者；属乡村振兴村医培养项目计划；考生本人及监护人须具有屯昌县户籍；录取后须与定向就业所在地的市县卫生健康行政部门签署《村医订单培养定向服务协议书》,承诺培养培训合格后作为编外人员定向安排到村卫生室连续服务6年(不含助理全科医生规范化培训2年))",不限,10,3,
海南,2025,专科提前批,综合,6021,海南卫生健康职业学院,87,87,针灸推拿,"(乡村振兴村医,定向定安县)(定向定安县；不招色盲、色弱及单色识别不全者；属乡村振兴村医培养项目计划；考生本人及监护人须具有定安县户籍；录取后须与定向就业所在地的市县卫生健康行政部门签署《村医订单培养定向服务协议书》,承诺培养培训合格后作为编外人员定向安排到村卫生室连续服务6年(不含助理全科医生规范化培训2年))",不限,10,3,
海南,2025,专科提前批,综合,6021,海南卫生健康职业学院,88,88,针灸推拿,"(乡村振兴村医,定向澄迈县)(定向澄迈县；不招色盲、色弱及单色识别不全者；属乡村振兴村医培养项目计划；考生本人及监护人须具有澄迈县户籍；录取后须与定向就业所在地的市县卫生健康行政部门签署《村医订单培养定向服务协议书》,承诺培养培训合格后作为编外人员定向安排到村卫生室连续服务6年(不含助理全科医生规范化培训2年))",不限,10,3,
海南,2025,专科提前批,综合,6021,海南卫生健康职业学院,89,89,针灸推拿,"(乡村振兴村医,定向临高县)(定向临高县；不招色盲、色弱及单色识别不全者；属乡村振兴村医培养项目计划；考生本人及监护人须具有临高县户籍；录取后须与定向就业所在地的市县卫生健康行政部门签署《村医订单培养定向服务协议书》,承诺培养培训合格后作为编外人员定向安排到村卫生室连续服务6年(不含助理全科医生规范化培训2年))",不限,10,3,
海南,2025,专科提前批,综合,6021,海南卫生健康职业学院,90,90,针灸推拿,"(乡村振兴村医,定向儋州市)(定向儋州市；不招色盲、色弱及单色识别不全者；属乡村振兴村医培养项目计划；考生本人及监护人须具有儋州市户籍；录取后须与定向就业所在地的市县卫生健康行政部门签署《村医订单培养定向服务协议书》,承诺培养培训合格后作为编外人员定向安排到村卫生室连续服务6年(不含助理全科医生规范化培训2年))",不限,10,3,
海南,2025,专科提前批,综合,6021,海南卫生健康职业学院,91,91,针灸推拿,"(乡村振兴村医,定向保亭县)(定向保亭县；不招色盲、色弱及单色识别不全者；属乡村振兴村医培养项目计划；考生本人及监护人须具有保亭县户籍；录取后须与定向就业所在地的市县卫生健康行政部门签署《村医订单培养定向服务协议书》,承诺培养培训合格后作为编外人员定向安排到村卫生室连续服务6年(不含助理全科医生规范化培训2年))",不限,10,3,
海南,2025,专科提前批,综合,6021,海南卫生健康职业学院,92,92,针灸推拿,"(乡村振兴村医,定向琼中县)(定向琼中县；不招色盲、色弱及单色识别不全者；属乡村振兴村医培养项目计划；考生本人及监护人须具有琼中县户籍；录取后须与定向就业所在地的市县卫生健康行政部门签署《村医订单培养定向服务协议书》,承诺培养培训合格后作为编外人员定向安排到村卫生室连续服务6年(不含助理全科医生规范化培训2年))",不限,10,3,
海南,2025,专科提前批,综合,6021,海南卫生健康职业学院,93,93,针灸推拿,"(乡村振兴村医,定向白沙县)(定向白沙县；不招色盲、色弱及单色识别不全者；属乡村振兴村医培养项目计划；考生本人及监护人须具有白沙县户籍；录取后须与定向就业所在地的市县卫生健康行政部门签署《村医订单培养定向服务协议书》,承诺培养培训合格后作为编外人员定向安排到村卫生室连续服务6年(不含助理全科医生规范化培训2年))",不限,10,3,
海南,2025,专科提前批,综合,6021,海南卫生健康职业学院,94,94,针灸推拿,"(乡村振兴村医,定向陵水县)(定向陵水县；不招色盲、色弱及单色识别不全者；属乡村振兴村医培养项目计划；考生本人及监护人须具有陵水县户籍；录取后须与定向就业所在地的市县卫生健康行政部门签署《村医订单培养定向服务协议书》,承诺培养培训合格后作为编外人员定向安排到村卫生室连续服务6年(不含助理全科医生规范化培训2年))",不限,10,3,
海南,2025,专科提前批,综合,6021,海南卫生健康职业学院,95,95,针灸推拿,"(乡村振兴村医,定向昌江县)(定向昌江县；不招色盲、色弱及单色识别不全者；属乡村振兴村医培养项目计划；考生本人及监护人须具有昌江县户籍；录取后须与定向就业所在地的市县卫生健康行政部门签署《村医订单培养定向服务协议书》,承诺培养培训合格后作为编外人员定向安排到村卫生室连续服务6年(不含助理全科医生规范化培训2年))",不限,10,3,
海南,2025,专科提前批,综合,6021,海南卫生健康职业学院,96,96,针灸推拿,"(乡村振兴村医,定向乐东县)(定向乐东县；不招色盲、色弱及单色识别不全者；属乡村振兴村医培养项目计划；考生本人及监护人须具有乐东县户籍；录取后须与定向就业所在地的市县卫生健康行政部门签署《村医订单培养定向服务协议书》,承诺培养培训合格后作为编外人员定向安排到村卫生室连续服务6年(不含助理全科医生规范化培训2年))",不限,10,3,
海南,2025,专科提前批,综合,6021,海南卫生健康职业学院,97,97,针灸推拿,"(乡村振兴村医,定向东方市)(定向东方市；不招色盲、色弱及单色识别不全者；属乡村振兴村医培养项目计划；考生本人及监护人须具有东方市户籍；录取后须与定向就业所在地的市县卫生健康行政部门签署《村医订单培养定向服务协议书》,承诺培养培训合格后作为编外人员定向安排到村卫生室连续服务6年(不含助理全科医生规范化培训2年))",不限,10,3,
海南,2025,专科批,综合,6021,海南卫生健康职业学院,98,6,护理,"(高职本科“3+2”分段培养)(高职本科“3+2”分段培养,与海南科技职业大学合作培养；前3年在海南卫生健康职业学院就读专科,后2年在海南科技职业大学就读护理本科；后2年费用以海南科技职业大学规定为准；不招色盲、色弱及单色识别不全者)",不限,80,3,6600.0
海南,2025,专科批,综合,6021,海南卫生健康职业学院,3,9,眼视光技术,(不招色盲、色弱及单色识别不全者),不限,52,3,6600.0
海南,2025,专科批,综合,6021,海南卫生健康职业学院,3,7,康复治疗技术,(不招色盲、色弱及单色识别不全者),不限,51,3,6600.0
海南,2025,专科批,综合,6021,海南卫生健康职业学院,3,3,护理,(健康与社会照护)(不招色盲、色弱及单色识别不全者),不限,50,3,6600.0
海南,2025,专科批,综合,6021,海南卫生健康职业学院,3,14,药品质量与安全,(不招色盲、色弱及单色识别不全者),不限,50,3,6600.0
海南,2025,专科批,综合,6021,海南卫生健康职业学院,3,8,医学检验技术,(不招色盲、色弱及单色识别不全者),不限,49,3,6600.0
海南,2025,专科批,综合,6021,海南卫生健康职业学院,3,11,婴幼儿托育服务与管理,(不招色盲、色弱及单色识别不全者),不限,46,3,6600.0
海南,2025,专科批,综合,6021,海南卫生健康职业学院,3,4,护理,(医学美容)(不招色盲、色弱及单色识别不全者),不限,44,3,6600.0
海南,2025,专科批,综合,6021,海南卫生健康职业学院,3,10,医学影像技术,(不招色盲、色弱及单色识别不全者),不限,39,3,6600.0
海南,2025,专科批,综合,6021,海南卫生健康职业学院,3,12,药学,(不招色盲、色弱及单色识别不全者),不限,236,3,6600.0
海南,2025,专科批,综合,6021,海南卫生健康职业学院,3,5,护理,(不招色盲、色弱及单色识别不全者),不限,142,3,6600.0
海南,2025,专科批,综合,6021,海南卫生健康职业学院,3,13,中药学,(不招色盲、色弱及单色识别不全者),不限,116,3,6600.0
海南,2025,地方专项,综合,6004,海南医科大学,81,17,健康服务与管理,,不限,9,4,4620.0
海南,2025,地方专项,综合,6004,海南医科大学,8,21,临床医学,(不招色盲、色弱),"物理,化学",8,4,6000.0
海南,2025,地方专项,综合,6004,海南医科大学,82,30,药学,(不招色盲、色弱),"物理,化学",8,4,6000.0
海南,2025,地方专项,综合,6004,海南医科大学,82,25,医学检验技术,(不招色盲、色弱),"物理,化学",6,4,6000.0
海南,2025,地方专项,综合,6004,海南医科大学,82,29,临床药学,(不招色盲、色弱),"物理,化学",4,4,6000.0
海南,2025,地方专项,综合,6004,海南医科大学,81,18,公共事业管理,,不限,4,4,4620.0
海南,2025,地方专项,综合,6004,海南医科大学,6,16,针灸推拿学,(不招色盲、色弱),不限,4,4,6000.0
海南,2025,地方专项,综合,6004,海南医科大学,8,22,中西医临床医学,(不招色盲、色弱),"物理,化学",3,4,6000.0
海南,2025,地方专项,综合,6004,海南医科大学,7,20,助产学,(不招色盲、色弱),化学,3,4,6000.0
海南,2025,地方专项,综合,6004,海南医科大学,83,34,医学信息工程,,"物理,化学",3,4,4620.0
海南,2025,地方专项,综合,6004,海南医科大学,8,37,医学影像学,(不招色盲、色弱),"物理,化学",3,4,6000.0
海南,2025,地方专项,综合,6004,海南医科大学,8,35,口腔医学,(不招色盲、色弱),"物理,化学",3,4,6000.0
海南,2025,地方专项,综合,6004,海南医科大学,83,32,生物信息学,(不招色盲、色弱),"物理,化学",3,4,4620.0
海南,2025,地方专项,综合,6004,海南医科大学,8,23,预防医学,(不招色盲、色弱),"物理,化学",3,4,6000.0
海南,2025,地方专项,综合,6004,海南医科大学,82,31,中药学,(不招色盲、色弱),"物理,化学",2,4,6000.0
海南,2025,地方专项,综合,6004,海南医科大学,8,38,儿科学,(不招色盲、色弱),"物理,化学",2,4,6000.0
海南,2025,地方专项,综合,6004,海南医科大学,82,27,康复治疗学,(不招色盲、色弱),"物理,化学",2,4,6000.0
海南,2025,地方专项,综合,6004,海南医科大学,8,24,麻醉学,(不招色盲、色弱),"物理,化学",2,4,6000.0
海南,2025,地方专项,综合,6004,海南医科大学,6,15,中医学,(不招色盲、色弱),不限,14,4,6000.0
海南,2025,地方专项,综合,6004,海南医科大学,7,19,护理学,(不招色盲、色弱),化学,10,4,6000.0
海南,2025,地方专项,综合,6004,海南医科大学,82,26,医学影像技术,(不招色盲、色弱),"物理,化学",1,4,6000.0
海南,2025,地方专项,综合,6004,海南医科大学,82,28,卫生检验与检疫,(不招色盲、色弱),"物理,化学",1,4,6000.0
海南,2025,地方专项,综合,6004,海南医科大学,83,33,生物统计学,,"物理,化学",1,4,4620.0
海南,2025,地方专项,综合,6004,海南医科大学,8,36,精神医学,(不招色盲、色弱),"物理,化学",1,4,6000.0
海南,2025,本科批,综合,6004,海南医科大学,11,52,中西医临床医学,(不招色盲、色弱),"物理,化学",9,5,6000.0
海南,2025,本科批,综合,6004,海南医科大学,9,40,针灸推拿学,(不招色盲、色弱),不限,9,5,6000.0
海南,2025,本科批,综合,6004,海南医科大学,11,46,临床医学,(不招色盲、色弱),"物理,化学",79,5,6000.0
海南,2025,本科批,综合,6004,海南医科大学,10,43,护理学,(不招色盲、色弱),化学,70,4,6000.0
海南,2025,本科批,综合,6004,海南医科大学,87,63,生物信息学,(不招色盲、色弱),"物理,化学",7,4,4620.0
海南,2025,本科批,综合,6004,海南医科大学,11,53,预防医学,(不招色盲、色弱),"物理,化学",7,5,6000.0
海南,2025,本科批,综合,6004,海南医科大学,11,49,儿科学,(不招色盲、色弱),"物理,化学",6,5,6000.0
海南,2025,本科批,综合,6004,海南医科大学,10,44,助产学,(不招色盲、色弱),化学,6,4,6000.0
海南,2025,本科批,综合,6004,海南医科大学,11,50,精神医学,(不招色盲、色弱),"物理,化学",6,5,6000.0
海南,2025,本科批,综合,6004,海南医科大学,86,60,海洋药学,(不招色盲、色弱),"物理,化学",5,4,6000.0
海南,2025,本科批,综合,6004,海南医科大学,86,61,中药学,(不招色盲、色弱),"物理,化学",4,4,6000.0
海南,2025,本科批,综合,6004,海南医科大学,86,57,卫生检验与检疫,(不招色盲、色弱),"物理,化学",4,4,6000.0
海南,2025,本科批,综合,6004,海南医科大学,9,39,中医学,(不招色盲、色弱),不限,35,5,6000.0
海南,2025,本科批,综合,6004,海南医科大学,86,55,医学影像技术,(不招色盲、色弱),"物理,化学",3,4,6000.0
海南,2025,本科批,综合,6004,海南医科大学,86,56,康复治疗学,(不招色盲、色弱),"物理,化学",3,4,6000.0
海南,2025,本科批,综合,6004,海南医科大学,87,62,生物技术,(不招色盲、色弱),"物理,化学",3,4,4620.0
海南,2025,本科批,综合,6004,海南医科大学,84,42,健康服务与管理,,不限,25,4,4620.0
海南,2025,本科批,综合,6004,海南医科大学,86,54,医学检验技术,(不招色盲、色弱),"物理,化学",24,4,6000.0
海南,2025,本科批,综合,6004,海南医科大学,87,64,生物统计学,,"物理,化学",2,4,4620.0
海南,2025,本科批,综合,6004,海南医科大学,88,66,医学影像技术,(中外合作办学)(不招色盲、色弱；英语单科成绩不低于105分(150分制)；只录取有专业志愿的考生),"物理,化学",17,4,78000.0
海南,2025,本科批,综合,6004,海南医科大学,11,51,口腔医学,(不招色盲、色弱),"物理,化学",17,5,6000.0
海南,2025,本科批,综合,6004,海南医科大学,11,47,医学影像学,(不招色盲、色弱),"物理,化学",15,5,6000.0
海南,2025,本科批,综合,6004,海南医科大学,84,41,公共事业管理,,不限,14,4,4620.0
海南,2025,本科批,综合,6004,海南医科大学,86,58,临床药学,(不招色盲、色弱),"物理,化学",13,5,6000.0
海南,2025,本科批,综合,6004,海南医科大学,11,48,麻醉学,(不招色盲、色弱),"物理,化学",13,5,6000.0
海南,2025,本科批,综合,6004,海南医科大学,85,45,护理学,(中外合作办学)(不招色盲、色弱；英语单科成绩不低于105分(150分制)；只录取有专业志愿的考生),化学,12,4,78000.0
海南,2025,本科批,综合,6004,海南医科大学,86,59,药学,(不招色盲、色弱),"物理,化学",12,4,6000.0
海南,2025,本科批,综合,6004,海南医科大学,87,65,医学信息工程,,"物理,化学",11,4,4620.0
海南,2025,本科批,综合,6004,海南医科大学,88,67,康复治疗学,(中外合作办学)(不招色盲、色弱；英语单科成绩不低于105分(150分制)；只录取有专业志愿的考生),"物理,化学",11,4,78000.0
海南,2025,国家专项,综合,6004,海南医科大学,5,6,临床医学,(不招色盲、色弱),"物理,化学",7,4,6000.0
海南,2025,国家专项,综合,6004,海南医科大学,4,5,护理学,(不招色盲、色弱),化学,7,4,6000.0
海南,2025,国家专项,综合,6004,海南医科大学,3,3,中医学,(不招色盲、色弱),不限,4,4,6000.0
海南,2025,国家专项,综合,6004,海南医科大学,80,11,药学,(不招色盲、色弱),"物理,化学",3,4,6000.0
海南,2025,国家专项,综合,6004,海南医科大学,80,12,中药学,(不招色盲、色弱),"物理,化学",2,4,6000.0
海南,2025,国家专项,综合,6004,海南医科大学,5,10,中西医临床医学,(不招色盲、色弱),"物理,化学",2,4,6000.0
海南,2025,国家专项,综合,6004,海南医科大学,80,14,医学信息工程,,"物理,化学",2,4,4620.0
海南,2025,国家专项,综合,6004,海南医科大学,5,7,医学影像学,(不招色盲、色弱),"物理,化学",2,4,6000.0
海南,2025,国家专项,综合,6004,海南医科大学,80,13,医学检验技术,(不招色盲、色弱),"物理,化学",2,4,6000.0
海南,2025,国家专项,综合,6004,海南医科大学,5,8,口腔医学,(不招色盲、色弱),"物理,化学",2,4,6000.0
海南,2025,国家专项,综合,6004,海南医科大学,3,4,针灸推拿学,(不招色盲、色弱),不限,2,4,6000.0
海南,2025,国家专项,综合,6004,海南医科大学,5,9,预防医学,(不招色盲、色弱),"物理,化学",2,4,6000.0
海南,2025,本科民族班、预科班,综合,6004,海南医科大学,12,,少数民族预科班,(预科毕业分流时所选专业的选科要求与入学当年要求一致；预科培养地点:海南医科大学),不限,50,1,4200.0
海南,2025,本科提前批,综合,6004,海南医科大学,1,1,中医学,"(属定向免费医学生计划,计划分到市县,各市县的招生计划详见本书第562页；不招色盲、色弱)",不限,80,4,
海南,2025,本科提前批,综合,6004,海南医科大学,2,2,临床医学,"(属定向免费医学生计划,计划分到市县,各市县的招生计划详见本书第562页；不招色盲、色弱)","物理,化学",155,4,
海南,2025,专科批,综合,6009,海南政法职业学院,1,6,信息安全技术应用,,不限,40,3,5720.0
海南,2025,专科批,综合,6009,海南政法职业学院,1,2,大数据与会计,(司法会计方向),不限,40,3,5720.0
海南,2025,专科批,综合,6009,海南政法职业学院,1,4,建筑消防技术,,不限,40,3,5720.0
海南,2025,专科批,综合,6009,海南政法职业学院,1,5,无人机应用技术,,不限,40,3,5720.0
海南,2025,专科批,综合,6009,海南政法职业学院,1,7,现代通信技术,,不限,40,3,5720.0
海南,2025,专科批,综合,6009,海南政法职业学院,1,3,社会工作,(司法社会工作方向),不限,40,3,5720.0
海南,2025,专科批,综合,6009,海南政法职业学院,1,1,法律文秘,(书记官方向),不限,260,3,5720.0
海南,2025,专科批,综合,6009,海南政法职业学院,80,11,信息安全技术应用,"(高职本科“3+2”分段培养)(高职本科“3+2”分段培养,与海南科技职业大学合作；前3年在海南政法职业学院就读,后2年在海南科技职业大学大数据工程技术专业就读；后2年费用以海南科技职业大学规定的为准)",不限,100,3,5720.0
海南,2025,专科批,综合,6009,海南政法职业学院,80,10,大数据与会计,"(司法会计方向)(高职本科“3+2”分段培养)(高职本科“3+2”分段培养,与海南科技职业大学合作；前3年在海南政法职业学院就读,后2年在海南科技职业大学大数据与财务管理专业就读；后2年费用以海南科技职业大学规定的为准)",不限,100,3,5720.0
海南,2025,专科批,综合,6009,海南政法职业学院,80,8,建筑消防技术,"(高职本科“3+2”分段培养)(高职本科“3+2”分段培养,与海南科技职业大学合作；前3年在海南政法职业学院就读,后2年在海南科技职业大学工程造价专业就读；后2年费用以海南科技职业大学规定的为准)",不限,100,3,5720.0
海南,2025,专科批,综合,6009,海南政法职业学院,80,9,无人机应用技术,"(高职本科“3+2”分段培养)(高职本科“3+2”分段培养,与海南科技职业大学合作；前3年在海南政法职业学院就读,后2年在海南科技职业大学软件工程技术专业就读；后2年费用以海南科技职业大学规定的为准)",不限,100,3,5720.0
海南,2025,专科批,综合,6009,海南政法职业学院,80,12,现代通信技术,"(高职本科“3+2”分段培养)(高职本科“3+2”分段培养,与海南科技职业大学合作；前3年在海南政法职业学院就读,后2年在海南科技职业大学物联网工程技术专业就读；后2年费用以海南科技职业大学规定的为准)",不限,100,3,5720.0
海南,2025,专科批,综合,6005,海南职业技术学院,4,6,建筑工程技术,,不限,7,3,13800.0
海南,2025,专科批,综合,6005,海南职业技术学院,4,16,珠宝首饰技术与管理,,不限,6,3,13800.0
海南,2025,专科批,综合,6005,海南职业技术学院,4,8,计算机应用技术,,不限,50,3,15800.0
海南,2025,专科批,综合,6005,海南职业技术学院,4,18,旅游管理,,不限,5,3,13800.0
海南,2025,专科批,综合,6005,海南职业技术学院,4,15,中药学,,不限,48,3,13800.0
海南,2025,专科批,综合,6005,海南职业技术学院,4,31,中医康复技术,,不限,45,3,13800.0
海南,2025,专科批,综合,6005,海南职业技术学院,4,4,新能源汽车技术,,不限,45,3,13800.0
海南,2025,专科批,综合,6005,海南职业技术学院,4,29,电子商务,,不限,45,3,13800.0
海南,2025,专科批,综合,6005,海南职业技术学院,4,13,药学,,不限,45,3,13800.0
海南,2025,专科批,综合,6005,海南职业技术学院,4,17,民航安全技术管理,,不限,42,3,15800.0
海南,2025,专科批,综合,6005,海南职业技术学院,4,9,计算机网络技术,,不限,42,3,15800.0
海南,2025,专科批,综合,6005,海南职业技术学院,4,5,智能网联汽车技术,,不限,39,3,13800.0
海南,2025,专科批,综合,6005,海南职业技术学院,4,24,食品质量与安全,,不限,38,3,13800.0
海南,2025,专科批,综合,6005,海南职业技术学院,4,20,港口与航运管理,,不限,36,3,13800.0
海南,2025,专科批,综合,6005,海南职业技术学院,4,28,大数据与会计,,不限,33,3,13800.0
海南,2025,专科批,综合,6005,海南职业技术学院,4,22,现代农业技术,,不限,31,3,13800.0
海南,2025,专科批,综合,6005,海南职业技术学院,4,14,园林技术,,不限,30,3,13800.0
海南,2025,专科批,综合,6005,海南职业技术学院,4,21,现代物流管理,,不限,28,3,13800.0
海南,2025,专科批,综合,6005,海南职业技术学院,4,12,新能源装备技术,,不限,26,3,13800.0
海南,2025,专科批,综合,6005,海南职业技术学院,4,32,融媒体技术与运营,,不限,26,3,13800.0
海南,2025,专科批,综合,6005,海南职业技术学院,4,19,人力资源管理,,不限,24,3,13800.0
海南,2025,专科批,综合,6005,海南职业技术学院,4,10,大数据技术,,不限,24,3,15800.0
海南,2025,专科批,综合,6005,海南职业技术学院,4,25,畜牧兽医,,不限,22,3,10800.0
海南,2025,专科批,综合,6005,海南职业技术学院,4,27,大数据与财务管理,,不限,20,3,13800.0
海南,2025,专科批,综合,6005,海南职业技术学院,4,11,空中乘务,,不限,20,3,15800.0
海南,2025,专科批,综合,6005,海南职业技术学院,4,23,跨境电子商务,,不限,15,3,13800.0
海南,2025,专科批,综合,6005,海南职业技术学院,4,7,工程造价,,不限,14,3,13800.0
海南,2025,专科批,综合,6005,海南职业技术学院,4,30,婴幼儿托育服务与管理,,不限,13,3,13800.0
海南,2025,专科批,综合,6005,海南职业技术学院,4,26,供应链运营,,不限,11,3,13800.0
海南,2025,本科批,综合,173,邯郸学院,1,2,应用心理学,,不限,5,4,4900.0
海南,2025,本科批,综合,173,邯郸学院,2,3,材料化学,,"物理,化学",5,4,4900.0
海南,2025,本科批,综合,173,邯郸学院,1,1,汉语言文学,,不限,5,4,5060.0
海南,2025,本科批,综合,2039,韩山师范学院,1,2,人力资源管理,,不限,1,4,5050.0
海南,2025,本科批,综合,2039,韩山师范学院,2,5,数据科学与大数据技术,,"物理,化学",1,4,5710.0
海南,2025,本科批,综合,2039,韩山师范学院,1,3,日语,,不限,1,4,5710.0
海南,2025,本科批,综合,2039,韩山师范学院,1,1,汉语国际教育,,不限,1,4,5050.0
海南,2025,本科批,综合,2039,韩山师范学院,2,4,生物科学,(不招色盲、色弱),"物理,化学",1,4,5710.0
海南,2025,本科批,综合,2039,韩山师范学院,2,6,电子信息工程,,"物理,化学",1,4,5710.0
海南,2025,专科批,综合,1753,汉江师范学院,1,2,大数据与会计,,不限,3,3,4000.0
海南,2025,专科批,综合,1753,汉江师范学院,1,1,大数据技术,,不限,3,3,4000.0
海南,2025,专科批,综合,1753,汉江师范学院,1,3,学前教育,,不限,2,3,4000.0
海南,2025,专科批,综合,1753,汉江师范学院,1,4,小学英语教育,,不限,2,3,4000.0
海南,2025,本科批,综合,1780,汉口学院,2,2,网络与新媒体,,不限,9,4,23800.0
海南,2025,本科批,综合,1780,汉口学院,3,6,数字媒体技术,,"物理,化学",5,4,25500.0
海南,2025,本科批,综合,1780,汉口学院,2,5,法学,,不限,5,4,23800.0
海南,2025,本科批,综合,1780,汉口学院,2,3,电子商务,,不限,5,4,23800.0
海南,2025,本科批,综合,1780,汉口学院,2,4,英语,,不限,5,4,23800.0
海南,2025,本科批,综合,951,杭州电子科技大学,2,6,电子信息类,(通信学院)(包含专业:通信工程、信息对抗技术),"物理,化学",4,4,6000.0
海南,2025,本科批,综合,951,杭州电子科技大学,2,3,机械设计制造及其自动化,,"物理,化学",3,4,6900.0
海南,2025,本科批,综合,951,杭州电子科技大学,1,2,管理科学与工程类,(包含专业:信息管理与信息系统、保密管理),物理,3,4,5300.0
海南,2025,本科批,综合,951,杭州电子科技大学,2,7,光电信息科学与工程,,"物理,化学",2,4,6000.0
海南,2025,本科批,综合,951,杭州电子科技大学,1,1,数字经济,,物理,2,4,5300.0
海南,2025,本科批,综合,951,杭州电子科技大学,2,4,电子信息类,(电子信息学院)(包含专业:电子信息工程、电子科学与技术),"物理,化学",2,4,6000.0
海南,2025,本科批,综合,951,杭州电子科技大学,2,5,网络工程,,"物理,化学",2,4,6000.0
海南,2025,本科批,综合,951,杭州电子科技大学,2,8,软件工程,,"物理,化学",2,4,6900.0
海南,2025,本科批,综合,1137,合肥城市学院,2,2,智能建造,,"物理,化学",4,4,22700.0
海南,2025,本科批,综合,1137,合肥城市学院,1,1,城乡规划,,物理,3,4,22700.0
海南,2025,本科批,综合,1137,合肥城市学院,2,3,安全工程,,"物理,化学",3,4,22700.0
海南,2025,本科批,综合,1089,合肥大学,1,4,会展经济与管理,,不限,2,4,4900.0
海南,2025,本科批,综合,1089,合肥大学,1,1,国际经济与贸易,,不限,2,4,4900.0
海南,2025,本科批,综合,1089,合肥大学,1,3,应用心理学,(色觉异常(含色弱、色盲)不能录取),不限,2,4,5200.0
海南,2025,本科批,综合,1089,合肥大学,1,2,旅游管理,,不限,2,4,5635.0
海南,2025,本科批,综合,1063,合肥工业大学,3,7,计算机科学与技术,(专业体检要求详见学校招生章程),"物理,化学",6,4,6050.0
海南,2025,本科批,综合,1186,合肥工业大学,2,4,软件工程,,"物理,化学",6,4,12500.0
海南,2025,本科批,综合,1063,合肥工业大学,3,10,化学,(专业体检要求详见学校招生章程),"物理,化学",4,4,5500.0
海南,2025,本科批,综合,1063,合肥工业大学,2,3,工商管理,(专业体检要求详见学校招生章程),物理,4,4,5500.0
海南,2025,本科批,综合,1186,合肥工业大学,2,3,机械工程,,"物理,化学",4,4,5500.0
海南,2025,本科批,综合,1063,合肥工业大学,3,6,机械设计制造及其自动化,,"物理,化学",4,4,6050.0
海南,2025,本科批,综合,1063,合肥工业大学,3,9,水利水电工程,,"物理,化学",4,4,5500.0
海南,2025,本科批,综合,1063,合肥工业大学,3,11,测控技术与仪器,,"物理,化学",4,4,5500.0
海南,2025,本科批,综合,1063,合肥工业大学,3,12,环境工程,(专业体检要求详见学校招生章程),"物理,化学",4,4,6050.0
海南,2025,本科批,综合,1186,合肥工业大学,2,2,电气工程与智能控制,,"物理,化学",4,4,6050.0
海南,2025,本科批,综合,1063,合肥工业大学,3,8,电气工程及其自动化,,"物理,化学",4,4,5500.0
海南,2025,本科批,综合,1186,合肥工业大学,1,1,经济学,(专业体检要求详见学校招生章程),不限,4,4,5500.0
海南,2025,本科批,综合,1063,合肥工业大学,3,14,车辆工程,,"物理,化学",4,4,6050.0
海南,2025,本科批,综合,1063,合肥工业大学,2,5,建筑学,,物理,3,5,6050.0
海南,2025,本科批,综合,1063,合肥工业大学,2,2,数字经济,,物理,3,4,5500.0
海南,2025,本科批,综合,1063,合肥工业大学,2,4,电子商务,(专业体检要求详见学校招生章程),物理,3,4,6600.0
海南,2025,本科批,综合,1063,合肥工业大学,3,13,食品科学与工程,(专业体检要求详见学校招生章程),"物理,化学",3,4,5500.0
海南,2025,国家专项,综合,1063,合肥工业大学,1,1,化学工程与工艺,"(专业体检要求,详见学校招生章程)","物理,化学",1,4,5500.0
海南,2025,本科批,综合,164,河北北方学院,2,2,临床医学,(不招色盲、色弱),"物理,化学",5,5,5700.0
海南,2025,本科批,综合,164,河北北方学院,2,4,医学检验技术,(不招色盲、色弱),"物理,化学",5,4,5700.0
海南,2025,本科批,综合,164,河北北方学院,1,1,中医学,(不招色盲、色弱),不限,4,5,5700.0
海南,2025,本科批,综合,164,河北北方学院,2,5,中西医临床医学,(不招色盲、色弱),"物理,化学",4,5,5700.0
海南,2025,本科批,综合,164,河北北方学院,2,3,医学影像学,(不招色盲、色弱),"物理,化学",2,5,5700.0
海南,2025,本科批,综合,206,河北传媒学院,7,16,人工智能,,"物理,化学",4,4,18000.0
海南,2025,本科批,综合,206,河北传媒学院,6,15,传播学,,不限,2,4,16000.0
海南,2025,本科批,综合,206,河北传媒学院,6,14,广告学,,不限,2,4,16000.0
海南,2025,本科批,综合,206,河北传媒学院,7,21,数字媒体技术,,"物理,化学",2,4,18000.0
海南,2025,本科批,综合,206,河北传媒学院,7,17,智能工程与创意设计,,"物理,化学",2,4,18000.0
海南,2025,本科批,综合,206,河北传媒学院,6,11,汉语言文学,,不限,2,4,16000.0
海南,2025,本科批,综合,206,河北传媒学院,7,20,物联网工程,,"物理,化学",2,4,18000.0
海南,2025,本科批,综合,206,河北传媒学院,6,10,电子商务,,不限,2,4,16000.0
海南,2025,本科批,综合,206,河北传媒学院,7,19,网络工程,,"物理,化学",2,4,18000.0
海南,2025,本科批,综合,206,河北传媒学院,6,12,英语,,不限,2,4,16000.0
海南,2025,本科批,综合,206,河北传媒学院,6,13,西班牙语,,不限,2,4,16000.0
海南,2025,本科批,综合,206,河北传媒学院,7,18,计算机科学与技术,,"物理,化学",2,4,18000.0
海南,2025,本科批,综合,154,河北大学,80,24,化学,(该专业不招轻度色觉异常(俗称色弱)考生),"物理,化学",5,4,5390.0
海南,2025,本科批,综合,154,河北大学,2,22,土木工程,,"物理,化学",5,4,5390.0
海南,2025,本科批,综合,154,河北大学,1,4,建筑学,,不限,5,5,5390.0
海南,2025,本科批,综合,154,河北大学,1,9,旅游管理,,不限,5,4,5060.0
海南,2025,本科批,综合,154,河北大学,80,25,材料化学,(该专业不招轻度色觉异常(俗称色弱)考生),"物理,化学",5,4,5390.0
海南,2025,本科批,综合,154,河北大学,2,19,自动化,,"物理,化学",5,4,5390.0
海南,2025,本科批,综合,154,河北大学,1,7,历史学类,(包含专业:历史学、世界史),不限,4,4,5060.0
海南,2025,本科批,综合,154,河北大学,80,23,环境科学与工程类,(包含专业:环境工程、环境科学；该专业不招轻度色觉异常(俗称色弱)考生),"物理,化学",4,4,5390.0
海南,2025,本科批,综合,154,河北大学,2,18,电子科学与技术,,"物理,化学",4,4,5390.0
海南,2025,本科批,综合,154,河北大学,1,5,经济学,,不限,4,4,5060.0
海南,2025,本科批,综合,154,河北大学,1,11,人力资源管理,,不限,3,4,5060.0
海南,2025,本科批,综合,154,河北大学,1,6,保险学,,不限,3,4,5060.0
海南,2025,本科批,综合,154,河北大学,2,17,光电信息科学与工程,,"物理,化学",3,4,5390.0
海南,2025,本科批,综合,154,河北大学,1,15,劳动与社会保障,,不限,3,4,5060.0
海南,2025,本科批,综合,154,河北大学,1,3,国际经济与贸易,,不限,3,4,5060.0
海南,2025,本科批,综合,154,河北大学,1,10,广告学,,不限,3,4,5060.0
海南,2025,本科批,综合,154,河北大学,1,8,新闻传播学类,(包含专业:新闻学、编辑出版学),不限,3,4,5060.0
海南,2025,本科批,综合,154,河北大学,1,14,日语,,不限,3,4,5390.0
海南,2025,本科批,综合,154,河北大学,80,21,智能医学工程,(该专业不招轻度色觉异常(俗称色弱)考生),"物理,化学",3,4,5720.0
海南,2025,本科批,综合,154,河北大学,1,12,档案学,,不限,3,4,5060.0
海南,2025,本科批,综合,154,河北大学,1,13,法语,,不限,3,4,5390.0
海南,2025,本科批,综合,154,河北大学,2,20,物理学类,(包含专业:物理学、应用物理学),"物理,化学",3,4,5390.0
海南,2025,本科批,综合,154,河北大学,1,1,社会工作,,不限,3,4,5060.0
海南,2025,本科批,综合,154,河北大学,2,16,通信工程,,"物理,化学",3,4,5390.0
海南,2025,本科批,综合,154,河北大学,1,2,法学,,不限,2,4,5060.0
海南,2025,本科批,综合,156,河北地质大学,1,2,工商管理类,(包含专业:会计学、审计学；财会方向),不限,6,4,5060.0
海南,2025,本科批,综合,156,河北地质大学,80,10,计算机科学与技术,"(校企深度合作办学；学费暂定15000元/年,最终以发改委批复为准)","物理,化学",6,4,15000.0
海南,2025,本科批,综合,156,河北地质大学,3,11,水利类,(包含专业:地下水科学与工程、水文与水资源工程),"物理,化学",4,4,5390.0
海南,2025,本科批,综合,156,河北地质大学,1,1,法学,,不限,4,4,4600.0
海南,2025,本科批,综合,156,河北地质大学,3,5,测绘工程,,"物理,化学",4,4,4900.0
海南,2025,本科批,综合,156,河北地质大学,3,12,地质类,(包含专业:地质学、古生物学、资源勘查工程),"物理,化学",3,4,4900.0
海南,2025,本科批,综合,156,河北地质大学,3,8,材料类,(包含专业:材料科学与工程、矿物加工工程),"物理,化学",3,4,4900.0
海南,2025,本科批,综合,156,河北地质大学,3,6,土木工程,,"物理,化学",2,4,4900.0
海南,2025,本科批,综合,156,河北地质大学,3,7,宝石及材料工艺学,,"物理,化学",2,4,4900.0
海南,2025,本科批,综合,156,河北地质大学,2,4,工程管理,,物理,2,4,4600.0
海南,2025,本科批,综合,156,河北地质大学,1,3,物流管理,,不限,2,4,4600.0
海南,2025,本科批,综合,156,河北地质大学,3,9,计算机类,(包含专业:通信工程、软件工程),"物理,化学",2,4,4900.0
海南,2025,本科批,综合,255,河北东方学院,3,9,护理学,(不招色盲、色弱；要求无传染性疾病、无精神病史、身体日常裸露部位无纹身),生物,2,4,20000.0
海南,2025,本科批,综合,255,河北东方学院,2,8,医学影像技术,(不招色盲、色弱；要求无传染性疾病、无精神病史、身体日常裸露部位无纹身),"物理,化学",1,4,20000.0
海南,2025,本科批,综合,255,河北东方学院,1,3,国际经济与贸易,,不限,1,4,18000.0
海南,2025,本科批,综合,255,河北东方学院,1,7,审计学,,不限,1,4,18000.0
海南,2025,本科批,综合,255,河北东方学院,1,5,文物与博物馆学,,不限,1,4,18000.0
海南,2025,本科批,综合,255,河北东方学院,1,1,经济与金融,,不限,1,4,18000.0
海南,2025,本科批,综合,255,河北东方学院,1,4,网络与新媒体,,不限,1,4,18000.0
海南,2025,本科批,综合,255,河北东方学院,1,2,英语,,不限,1,4,20000.0
海南,2025,本科批,综合,255,河北东方学院,1,6,财务管理,,不限,1,4,18000.0
海南,2025,本科批,综合,155,河北工程大学,2,2,经济学,(不能准确识别红、黄、绿、蓝、紫各种颜色中任何一种颜色的导线、按键、信号灯、几何图形者不予录取),不限,4,4,4600.0
海南,2025,本科批,综合,155,河北工程大学,4,22,园艺,(轻度色觉异常(俗称色弱)及以上者不予录取),"物理,化学",3,4,4900.0
海南,2025,本科批,综合,155,河北工程大学,4,20,土木工程,,"物理,化学",3,4,5300.0
海南,2025,本科批,综合,155,河北工程大学,4,23,机械设计制造及其自动化,,"物理,化学",3,4,5300.0
海南,2025,本科批,综合,155,河北工程大学,4,18,给排水科学与工程,,"物理,化学",3,4,5300.0
海南,2025,本科批,综合,155,河北工程大学,4,11,能源与动力工程,,"物理,化学",3,4,5300.0
海南,2025,本科批,综合,155,河北工程大学,4,25,软件工程,"(校企合作,高收费专业,详见院校招生章程)","物理,化学",3,4,
海南,2025,本科批,综合,155,河北工程大学,4,21,交通工程,,"物理,化学",2,4,4900.0
海南,2025,本科批,综合,155,河北工程大学,2,6,会计学,(不能准确识别红、黄、绿、蓝、紫各种颜色中任何一种颜色的导线、按键、信号灯、几何图形者不予录取),不限,2,4,5000.0
海南,2025,本科批,综合,155,河北工程大学,4,9,信息与计算科学,,"物理,化学",2,4,4900.0
海南,2025,本科批,综合,155,河北工程大学,2,3,国际经济与贸易,(不能准确识别红、黄、绿、蓝、紫各种颜色中任何一种颜色的导线、按键、信号灯、几何图形者不予录取),不限,2,4,4600.0
海南,2025,本科批,综合,155,河北工程大学,4,10,地理信息科学,,"物理,化学",2,4,4900.0
海南,2025,本科批,综合,155,河北工程大学,4,24,复合材料与工程,,"物理,化学",2,4,4900.0
海南,2025,本科批,综合,155,河北工程大学,3,7,大数据管理与应用,(不能准确识别红、黄、绿、蓝、紫各种颜色中任何一种颜色的导线、按键、信号灯、几何图形者不予录取),物理,2,4,4600.0
海南,2025,本科批,综合,155,河北工程大学,4,16,安全工程,,"物理,化学",2,4,4900.0
海南,2025,本科批,综合,155,河北工程大学,2,5,工商管理,(不能准确识别红、黄、绿、蓝、紫各种颜色中任何一种颜色的导线、按键、信号灯、几何图形者不予录取),不限,2,4,4600.0
海南,2025,本科批,综合,155,河北工程大学,3,8,工程管理,(不能准确识别红、黄、绿、蓝、紫各种颜色中任何一种颜色的导线、按键、信号灯、几何图形者不予录取),物理,2,4,4600.0
海南,2025,本科批,综合,155,河北工程大学,4,19,建筑环境与能源应用工程,,"物理,化学",2,4,4900.0
海南,2025,本科批,综合,155,河北工程大学,2,4,法学,,不限,2,4,4600.0
海南,2025,本科批,综合,155,河北工程大学,4,17,测控技术与仪器,,"物理,化学",2,4,4900.0
海南,2025,本科批,综合,155,河北工程大学,4,15,环境工程,(轻度色觉异常(俗称色弱)及以上者不予录取),"物理,化学",2,4,4900.0
海南,2025,本科批,综合,155,河北工程大学,4,13,电子信息工程,,"物理,化学",2,4,4900.0
海南,2025,本科批,综合,155,河北工程大学,4,12,电气工程及其自动化,,"物理,化学",2,4,5300.0
海南,2025,本科批,综合,155,河北工程大学,4,14,通信工程,,"物理,化学",2,4,4900.0
海南,2025,本科批,综合,235,河北工程大学科信学院,2,10,土木工程,,"物理,化学",3,4,10000.0
海南,2025,本科批,综合,235,河北工程大学科信学院,1,1,工程管理,,物理,3,4,10000.0
海南,2025,本科批,综合,235,河北工程大学科信学院,2,4,建筑环境与能源应用工程,,"物理,化学",3,4,10000.0
海南,2025,本科批,综合,235,河北工程大学科信学院,2,5,机械设计制造及其自动化,,"物理,化学",3,4,10000.0
海南,2025,本科批,综合,235,河北工程大学科信学院,2,9,水利水电工程,,"物理,化学",3,4,10000.0
海南,2025,本科批,综合,235,河北工程大学科信学院,2,3,电气工程及其自动化,,"物理,化学",3,4,10000.0
海南,2025,本科批,综合,235,河北工程大学科信学院,2,8,能源与动力工程,,"物理,化学",3,4,10000.0
海南,2025,本科批,综合,235,河北工程大学科信学院,2,7,自动化,,"物理,化学",3,4,10000.0
海南,2025,本科批,综合,235,河北工程大学科信学院,2,2,车辆工程,,"物理,化学",3,4,10000.0
海南,2025,本科批,综合,235,河北工程大学科信学院,2,6,通信工程,,"物理,化学",3,4,10000.0
海南,2025,本科批,综合,113,河北工业大学,80,6,制药工程,(不招色盲、色弱),"物理,化学",3,4,5300.0
海南,2025,本科批,综合,113,河北工业大学,1,11,土木工程,(卓越工程师班),"物理,化学",3,4,5800.0
海南,2025,本科批,综合,113,河北工业大学,1,10,数学与应用数学,,"物理,化学",3,4,5800.0
海南,2025,本科批,综合,113,河北工业大学,1,12,机器人工程,,"物理,化学",3,4,5800.0
海南,2025,本科批,综合,113,河北工业大学,80,7,海洋技术,(不招色盲、色弱),"物理,化学",3,4,5300.0
海南,2025,本科批,综合,113,河北工业大学,1,4,能源与动力工程,,"物理,化学",3,4,5800.0
海南,2025,本科批,综合,113,河北工业大学,1,8,工程管理,,"物理,化学",2,4,5000.0
海南,2025,本科批,综合,113,河北工业大学,80,5,应用化学,(不招色盲、色弱),"物理,化学",2,4,5300.0
海南,2025,本科批,综合,113,河北工业大学,80,1,应用物理学,(不招色盲),"物理,化学",2,4,5800.0
海南,2025,本科批,综合,113,河北工业大学,1,9,智能医学工程,,"物理,化学",2,4,5800.0
海南,2025,本科批,综合,113,河北工业大学,1,2,机械设计制造及其自动化,,"物理,化学",2,4,5800.0
海南,2025,本科批,综合,113,河北工业大学,1,3,车辆工程,,"物理,化学",2,4,5800.0
海南,2025,专科批,综合,262,河北轨道运输职业技术学院,1,1,铁道交通运营管理,"(本专业对应岗位较适合男生,女生慎报；不招色盲、色弱)",不限,4,3,5000.0
海南,2025,专科批,综合,262,河北轨道运输职业技术学院,1,3,动车组检修技术,"(本专业对应岗位较适合男生,女生慎报；不招色盲、色弱)",不限,2,3,5000.0
海南,2025,专科批,综合,262,河北轨道运输职业技术学院,1,2,铁道机车运用与维护,"(本专业对应岗位较适合男生,女生慎报；不招色盲、色弱)",不限,2,3,5000.0
海南,2025,专科批,综合,262,河北轨道运输职业技术学院,1,4,铁道车辆技术,"(本专业对应岗位较适合男生,女生慎报；不招色盲、色弱)",不限,2,3,5000.0
海南,2025,专科批,综合,197,河北建材职业技术学院,1,1,计算机类,(包含专业:计算机网络技术、软件技术、大数据技术),不限,3,3,5000.0
海南,2025,专科批,综合,197,河北建材职业技术学院,1,2,财务会计类,(包含专业:大数据与财务管理、大数据与会计),不限,2,3,5000.0
海南,2025,本科批,综合,160,河北建筑工程学院,3,6,土木工程,,"物理,化学",2,4,5390.0
海南,2025,本科批,综合,160,河北建筑工程学院,2,2,工程造价,,物理,2,4,5060.0
海南,2025,本科批,综合,160,河北建筑工程学院,3,3,电气工程及其自动化,,"物理,化学",2,4,5390.0
海南,2025,本科批,综合,160,河北建筑工程学院,3,4,能源动力类,(包含专业:能源与动力工程、新能源科学与工程、建筑环境与能源应用工程),"物理,化学",2,4,4900.0
海南,2025,本科批,综合,160,河北建筑工程学院,1,1,城乡规划,"(具有一定的美术基础,无其他加试要求)",不限,1,5,4900.0
海南,2025,本科批,综合,160,河北建筑工程学院,3,5,车辆工程,,"物理,化学",1,4,4900.0
海南,2025,专科批,综合,214,河北交通职业技术学院,1,1,道路运输管理,,不限,2,3,5000.0
海南,2025,本科批,综合,186,河北金融学院,1,7,供应链管理,,不限,5,4,4600.0
海南,2025,本科批,综合,186,河北金融学院,1,3,保险学,,不限,5,4,5060.0
海南,2025,本科批,综合,186,河北金融学院,1,4,商务英语,,不限,5,4,4900.0
海南,2025,本科批,综合,186,河北金融学院,1,5,国际经济与贸易,,不限,5,4,4600.0
海南,2025,本科批,综合,186,河北金融学院,1,6,电子商务,,不限,5,4,4600.0
海南,2025,本科批,综合,186,河北金融学院,2,8,精算学,,物理,5,4,5060.0
海南,2025,本科批,综合,186,河北金融学院,2,9,金融科技,(实际费用以省发改委最终批复为准),物理,5,4,
海南,2025,本科批,综合,186,河北金融学院,1,2,金融学,,不限,3,4,5060.0
海南,2025,本科批,综合,186,河北金融学院,80,1,金融学,(中外合作办学),不限,2,4,25000.0
海南,2025,本科批,综合,192,河北经贸大学,1,2,会计学,,不限,4,4,5060.0
海南,2025,本科批,综合,192,河北经贸大学,1,6,物流管理,(和),不限,4,4,4600.0
海南,2025,本科批,综合,192,河北经贸大学,1,4,金融学,,不限,3,4,5060.0
海南,2025,本科批,综合,192,河北经贸大学,2,9,数学与应用数学,,"物理,化学",2,4,4900.0
海南,2025,本科批,综合,192,河北经贸大学,2,11,数据科学与大数据技术,,"物理,化学",2,4,4900.0
海南,2025,本科批,综合,192,河北经贸大学,1,1,法学,,不限,2,4,5060.0
海南,2025,本科批,综合,192,河北经贸大学,1,3,税收学,,不限,2,4,5060.0
海南,2025,本科批,综合,192,河北经贸大学,2,10,统计学,,"物理,化学",2,4,4900.0
海南,2025,本科批,综合,192,河北经贸大学,1,5,网络与新媒体,,不限,2,4,4600.0
海南,2025,本科批,综合,192,河北经贸大学,1,8,行政管理,,不限,2,4,4600.0
海南,2025,本科批,综合,192,河北经贸大学,1,7,旅游管理,,不限,10,4,4600.0
海南,2025,本科批,综合,159,河北科技大学,1,3,工商管理,(不招单色识别不全者),不限,1,4,4600.0
海南,2025,本科批,综合,159,河北科技大学,3,9,环境工程,(生态工程方向；不招色觉异常(含色盲、色弱)考生),"物理,化学",1,4,5390.0
海南,2025,本科批,综合,159,河北科技大学,3,8,生物制药,(不招色觉异常(含色盲、色弱)考生),"物理,化学",1,4,4900.0
海南,2025,本科批,综合,159,河北科技大学,1,2,电子商务,,不限,1,4,4600.0
海南,2025,本科批,综合,159,河北科技大学,1,4,网络与新媒体,,不限,1,4,4600.0
海南,2025,本科批,综合,159,河北科技大学,1,1,财务管理,,不限,1,4,4600.0
海南,2025,本科批,综合,159,河北科技大学,2,5,金融工程,,物理,1,4,4600.0
海南,2025,本科批,综合,159,河北科技大学,3,6,食品科学与工程,(不招色觉异常(含色盲、色弱)考生),"物理,化学",1,4,4900.0
海南,2025,本科批,综合,159,河北科技大学,3,7,食品质量与安全,,"物理,化学",1,4,4900.0
海南,2025,本科批,综合,159,河北科技大学,3,10,高分子材料与工程,(不招色觉异常(含色盲、色弱)考生),"物理,化学",1,4,4900.0
海南,2025,本科批,综合,281,河北科技工程职业技术大学,1,1,全媒体电商运营,,不限,4,4,4600.0
海南,2025,本科批,综合,281,河北科技工程职业技术大学,2,5,城市设计数字技术,,物理,4,4,4900.0
海南,2025,本科批,综合,281,河北科技工程职业技术大学,2,6,汽车工程技术,,物理,4,4,4900.0
海南,2025,本科批,综合,281,河北科技工程职业技术大学,3,9,生态环境工程技术,,"物理,化学",4,4,4900.0
海南,2025,本科批,综合,281,河北科技工程职业技术大学,2,4,网络工程技术,,物理,3,4,4900.0
海南,2025,本科批,综合,281,河北科技工程职业技术大学,2,8,自动化技术与应用,,物理,3,4,4900.0
海南,2025,本科批,综合,281,河北科技工程职业技术大学,2,7,大数据工程技术,,物理,2,4,4900.0
海南,2025,本科批,综合,281,河北科技工程职业技术大学,2,2,机器人技术,,物理,2,4,4900.0
海南,2025,本科批,综合,281,河北科技工程职业技术大学,3,10,生态环境数智化监测技术,,"物理,化学",2,4,4900.0
海南,2025,本科批,综合,281,河北科技工程职业技术大学,2,3,电气工程及自动化,,物理,2,4,4900.0
海南,2025,专科批,综合,281,河北科技工程职业技术大学,4,14,大数据与会计,,不限,5,3,5000.0
海南,2025,专科批,综合,281,河北科技工程职业技术大学,4,13,全媒体广告策划与营销,,不限,3,3,5000.0
海南,2025,专科批,综合,281,河北科技工程职业技术大学,4,16,应用化工技术,,不限,3,3,5000.0
海南,2025,专科批,综合,281,河北科技工程职业技术大学,4,12,建筑装饰工程技术,,不限,3,3,6500.0
海南,2025,专科批,综合,281,河北科技工程职业技术大学,4,15,旅游管理,,不限,3,3,5000.0
海南,2025,专科批,综合,281,河北科技工程职业技术大学,4,11,财富管理,,不限,3,3,5000.0
海南,2025,本科批,综合,178,河北科技师范学院,1,5,微电子科学与工程,(在秦皇岛校区就读),"物理,化学",5,4,4900.0
海南,2025,本科批,综合,178,河北科技师范学院,1,2,智能制造工程,(在开发区校区就读),"物理,化学",5,4,4900.0
海南,2025,本科批,综合,178,河北科技师范学院,1,3,机械设计制造及其自动化,(在开发区校区就读),"物理,化学",5,4,5390.0
海南,2025,本科批,综合,178,河北科技师范学院,1,1,电气工程及其自动化,(在开发区校区就读),"物理,化学",5,4,4900.0
海南,2025,本科批,综合,178,河北科技师范学院,1,4,自动化,(在开发区校区就读),"物理,化学",5,4,4900.0
海南,2025,本科批,综合,178,河北科技师范学院,1,6,食品科学与工程,(在昌黎校区就读),"物理,化学",5,4,4900.0
海南,2025,专科批,综合,212,河北旅游职业学院,1,2,园林技术,,不限,5,3,5000.0
海南,2025,专科批,综合,212,河北旅游职业学院,1,1,酒店管理与数字化运营,,不限,5,3,5000.0
海南,2025,本科批,综合,162,河北农业大学,1,1,土木工程,,"物理,化学",8,4,5390.0
海南,2025,本科批,综合,162,河北农业大学,1,2,机械设计制造及其自动化,,"物理,化学",4,4,5390.0
海南,2025,本科批,综合,162,河北农业大学,1,3,电子信息工程,,"物理,化学",4,4,5390.0
海南,2025,本科批,综合,162,河北农业大学,1,4,计算机科学与技术,,"物理,化学",4,4,5390.0
海南,2025,本科批,综合,166,河北师范大学,2,3,软件工程,,"物理,化学",6,4,10000.0
海南,2025,本科批,综合,166,河北师范大学,2,2,数学与应用数学,,"物理,化学",4,4,5390.0
海南,2025,本科批,综合,166,河北师范大学,3,4,汉语言文学,,历史,4,4,5060.0
海南,2025,本科批,综合,166,河北师范大学,4,5,人文地理与城乡规划,,地理,3,4,4900.0
海南,2025,本科批,综合,166,河北师范大学,1,1,英语,,不限,3,4,5390.0
海南,2025,本科批,综合,280,河北石油职业技术大学,1,3,大数据与会计,,不限,5,4,4600.0
海南,2025,本科批,综合,280,河北石油职业技术大学,2,5,石油工程技术,,物理,5,4,4900.0
海南,2025,本科批,综合,280,河北石油职业技术大学,1,1,市场营销,,不限,4,4,4600.0
海南,2025,本科批,综合,280,河北石油职业技术大学,1,2,酒店管理,,不限,4,4,4600.0
海南,2025,本科批,综合,280,河北石油职业技术大学,2,4,油气储运工程,,物理,3,4,4900.0
海南,2025,本科批,综合,229,河北外国语学院,2,3,护理学,,化学,6,4,21000.0
海南,2025,本科批,综合,229,河北外国语学院,1,2,审计学,,不限,2,4,19000.0
海南,2025,本科批,综合,229,河北外国语学院,1,1,财务管理,,不限,2,4,19000.0
海南,2025,本科批,综合,163,河北医科大学,2,4,护理学,,生物,6,4,5200.0
海南,2025,本科批,综合,163,河北医科大学,1,2,药学类,(包含专业:药学、药物制剂、药物分析、药物化学),"物理,化学",4,4,5200.0
海南,2025,本科批,综合,163,河北医科大学,3,5,临床医学,,"物理,化学,生物",3,5,5700.0
海南,2025,本科批,综合,163,河北医科大学,1,1,预防医学,,"物理,化学",3,5,5200.0
海南,2025,本科批,综合,163,河北医科大学,1,3,医学影像技术,,"物理,化学",2,4,5200.0
海南,2025,本科批,综合,163,河北医科大学,3,6,精神医学,,"物理,化学,生物",2,5,5200.0
海南,2025,本科批,综合,234,河北医科大学临床学院,1,1,中西医临床医学,,"物理,化学",5,5,10000.0
海南,2025,本科批,综合,234,河北医科大学临床学院,3,4,临床医学,,"物理,化学,生物",3,5,10000.0
海南,2025,本科批,综合,234,河北医科大学临床学院,1,2,医学影像技术,,"物理,化学",2,4,10000.0
海南,2025,本科批,综合,234,河北医科大学临床学院,2,3,护理学,,生物,10,4,10000.0
海南,2025,本科批,综合,2205,河池学院,2,2,行政管理,,不限,6,4,4600.0
海南,2025,本科批,综合,2205,河池学院,2,6,商务英语,,不限,4,4,4200.0
海南,2025,本科批,综合,2205,河池学院,3,9,应用统计学,,"物理,化学",4,4,4600.0
海南,2025,本科批,综合,2205,河池学院,2,4,旅游管理,,不限,4,4,4600.0
海南,2025,本科批,综合,2205,河池学院,2,7,汉语言文学,,不限,4,4,4200.0
海南,2025,本科批,综合,2205,河池学院,2,3,社会工作,,不限,4,4,4200.0
海南,2025,本科批,综合,2205,河池学院,2,5,贸易经济,,不限,4,4,4600.0
海南,2025,本科批,综合,2205,河池学院,3,8,制药工程,(不招色盲、色弱),"物理,化学",3,4,4600.0
海南,2025,本科批,综合,785,河海大学,3,6,水利水电工程,"(大一、大三、大四在南京相应校区学习,大二在常州校区学习)","物理,化学",4,4,6380.0
海南,2025,本科批,综合,785,河海大学,3,5,水文与水资源工程,"(大一、大三、大四在南京相应校区学习,大二在常州校区学习)","物理,化学",3,4,6380.0
海南,2025,本科批,综合,785,河海大学,3,15,海洋科学,"(大一、大三、大四在南京相应校区学习,大二在常州校区学习)","物理,化学",3,4,6050.0
海南,2025,本科批,综合,785,河海大学,3,9,港口航道与海岸工程,"(大一、大三、大四在南京相应校区学习,大二在常州校区学习)","物理,化学",3,4,6380.0
海南,2025,本科批,综合,785,河海大学,3,10,环境生态工程,"(大一、大三、大四在南京相应校区学习,大二在常州校区学习)","物理,化学",3,4,6380.0
海南,2025,本科批,综合,785,河海大学,3,14,计算机科学与技术,"(大一、大三、大四在南京相应校区学习,大二在常州校区学习)","物理,化学",3,4,6380.0
海南,2025,本科批,综合,785,河海大学,3,12,土木工程,"(大一、大三、大四在南京相应校区学习,大二在常州校区学习)","物理,化学",2,4,6380.0
海南,2025,本科批,综合,785,河海大学,3,4,水务工程,"(大一、大三、大四在南京相应校区学习,大二在常州校区学习)","物理,化学",2,4,6380.0
海南,2025,本科批,综合,785,河海大学,3,16,海洋技术,"(大一、大三、大四在南京相应校区学习,大二在常州校区学习)","物理,化学",2,4,6050.0
海南,2025,本科批,综合,785,河海大学,3,7,海洋资源开发技术,"(大一、大三、大四在南京相应校区学习,大二在常州校区学习)","物理,化学",2,4,6380.0
海南,2025,本科批,综合,785,河海大学,3,11,环境工程,"(大一、大三、大四在南京相应校区学习,大二在常州校区学习)","物理,化学",2,4,6380.0
海南,2025,本科批,综合,785,河海大学,3,13,电气工程及其自动化,"(大一、大三、大四在南京相应校区学习,大二在常州校区学习)","物理,化学",2,4,6380.0
海南,2025,本科批,综合,785,河海大学,3,8,船舶与海洋工程,"(大一、大三、大四在南京相应校区学习,大二在常州校区学习)","物理,化学",2,4,5800.0
海南,2025,本科批,综合,785,河海大学,2,3,英语,"(全球胜任力与国际水生态文明创新班)(大一、大三、大四在南京相应校区学习,大二在常州校区学习)",不限,2,4,5200.0
海南,2025,本科批,综合,785,河海大学,2,2,人力资源管理,"(大一、大三、大四在南京相应校区学习,大二在常州校区学习)",不限,1,4,5720.0
海南,2025,国家专项,综合,785,河海大学,1,1,海洋科学,"(大一、大三、大四在南京相应校区学习,大二在常州校区学习)","物理,化学",1,4,6050.0
海南,2025,本科批,综合,1581,河南财经政法大学,1,5,公共管理类,(包含专业:行政管理、劳动与社会保障),不限,2,4,4400.0
海南,2025,本科批,综合,1581,河南财经政法大学,1,6,旅游管理,,不限,2,4,4400.0
海南,2025,本科批,综合,1581,河南财经政法大学,1,4,法学,,不限,2,4,4800.0
海南,2025,本科批,综合,1581,河南财经政法大学,2,7,管理科学与工程类,(包含专业:工程管理、工程造价),物理,2,4,4400.0
海南,2025,本科批,综合,1581,河南财经政法大学,1,3,经济与贸易类,(包含专业:国际经济与贸易、贸易经济),不限,2,4,4400.0
海南,2025,本科批,综合,1581,河南财经政法大学,1,1,经济学,,不限,2,4,4400.0
海南,2025,本科批,综合,1581,河南财经政法大学,1,2,财政学类,(包含专业:财政学、税收学),不限,2,4,4800.0
海南,2025,本科批,综合,1581,河南财经政法大学,3,8,统计学类,(包含专业:统计学、应用统计学(风险管理与精算方向)),"物理,化学",1,4,5000.0
海南,2025,本科批,综合,1598,河南财政金融学院,1,3,会计学,,不限,2,4,4400.0
海南,2025,本科批,综合,1598,河南财政金融学院,1,5,国际经济与贸易,,不限,2,4,4400.0
海南,2025,本科批,综合,1598,河南财政金融学院,1,4,审计学,,不限,2,4,4400.0
海南,2025,本科批,综合,1598,河南财政金融学院,1,2,税收学,,不限,2,4,4400.0
海南,2025,本科批,综合,1598,河南财政金融学院,2,6,计算机科学与技术,,"物理,化学",2,4,5000.0
海南,2025,本科批,综合,1598,河南财政金融学院,1,1,财政学,,不限,2,4,4400.0
海南,2025,本科批,综合,1600,河南城建学院,3,6,材料化学,,"物理,化学",7,4,5000.0
海南,2025,本科批,综合,1600,河南城建学院,3,8,计算机科学与技术,,"物理,化学",7,4,5000.0
海南,2025,本科批,综合,1600,河南城建学院,3,11,生物工程,,"物理,化学",6,4,5000.0
海南,2025,本科批,综合,1600,河南城建学院,2,4,工程造价,,物理,5,4,5000.0
海南,2025,本科批,综合,1600,河南城建学院,1,2,建筑学,,不限,5,5,5000.0
海南,2025,本科批,综合,1600,河南城建学院,3,9,智能建造,,"物理,化学",5,4,5000.0
海南,2025,本科批,综合,1600,河南城建学院,3,7,水文与水资源工程,,"物理,化学",5,4,5000.0
海南,2025,本科批,综合,1600,河南城建学院,3,10,自动化,,"物理,化学",5,4,5000.0
海南,2025,本科批,综合,1600,河南城建学院,1,3,英语,,不限,5,4,4400.0
海南,2025,本科批,综合,1600,河南城建学院,3,5,道路桥梁与渡河工程,,"物理,化学",5,4,5000.0
海南,2025,本科批,综合,1600,河南城建学院,1,1,风景园林,,不限,5,4,5000.0
海南,2025,本科批,综合,1572,河南大学,81,14,软件工程,(由软件学院牵头管理；办学地点为开封校区),"物理,化学",6,4,15000.0
海南,2025,本科批,综合,1572,河南大学,82,15,软件工程,"(工程智能软件)(试点开展复合交叉“2+2”育人新模式,由建筑工程学院牵头管理；办学地点为开封校区)","物理,化学",6,4,15000.0
海南,2025,本科批,综合,1572,河南大学,82,16,软件工程,"(数智空间)(试点开展复合交叉“2+2”育人新模式,由建筑工程学院牵头管理；办学地点为开封校区)","物理,化学",6,4,15000.0
海南,2025,本科批,综合,1572,河南大学,83,17,软件工程,"(科学与工程可视化)(试点开展复合交叉“2+2”育人新模式,由物理与电子学院牵头管理；办学地点为开封校区)","物理,化学",6,4,15000.0
海南,2025,本科批,综合,1572,河南大学,80,5,会计学,(中外合作办学)(中澳)(办学地点为郑州龙子湖校区),不限,5,4,25000.0
海南,2025,本科批,综合,1572,河南大学,80,6,国际经济与贸易,(中外合作办学)(中澳)(办学地点为郑州龙子湖校区),不限,5,4,25000.0
海南,2025,本科批,综合,1572,河南大学,1,1,旅游管理类,(包含专业:旅游管理、文化产业管理；办学地点为开封校区),不限,4,4,4400.0
海南,2025,本科批,综合,1572,河南大学,2,10,物理学,(办学地点为开封校区),"物理,化学",4,4,5750.0
海南,2025,本科批,综合,1572,河南大学,2,12,生物信息学,(办学地点为开封校区),"物理,化学",4,4,5000.0
海南,2025,本科批,综合,1572,河南大学,1,3,经济学类,(包含专业:经济学、金融学、财政学；办学地点为郑州龙子湖校区),不限,4,4,5060.0
海南,2025,本科批,综合,1572,河南大学,3,18,中国语言文学类,(包含专业:汉语言文学、汉语国际教育；办学地点为开封校区),历史,3,4,5060.0
海南,2025,本科批,综合,1572,河南大学,2,9,化学类,(包含专业:化学(师范)、应用化学、能源化学；办学地点郑州龙子湖校区),"物理,化学",3,4,5750.0
海南,2025,本科批,综合,1572,河南大学,4,19,地理科学类,(包含专业:地理科学(师范)、地理信息科学、人文地理与城乡规划；办学地点为开封校区),地理,3,4,5750.0
海南,2025,本科批,综合,1572,河南大学,2,7,计算机类,(包含专业:信息安全、数据科学与大数据技术、计算机科学与技术；办学地点为开封校区),"物理,化学",3,4,5750.0
海南,2025,本科批,综合,1572,河南大学,2,11,土木工程,(办学地点为开封校区),"物理,化学",2,4,5000.0
海南,2025,本科批,综合,1572,河南大学,1,2,法学,(办学地点为开封校区),不限,2,4,5060.0
海南,2025,本科批,综合,1572,河南大学,2,8,环境科学,(办学地点为开封校区),"物理,化学",2,4,5000.0
海南,2025,本科批,综合,1572,河南大学,1,4,电子商务,(办学地点为开封校区),不限,2,4,4400.0
海南,2025,本科批,综合,1572,河南大学,81,13,网络工程,(由软件学院牵头管理；办学地点为开封校区),"物理,化学",10,4,15000.0
海南,2025,本科批,综合,1596,河南工程学院,3,12,化学工程与工艺,,"物理,化学",5,4,5000.0
海南,2025,本科批,综合,1596,河南工程学院,4,13,遥感科学与技术,,"物理,化学,地理",5,4,5000.0
海南,2025,本科批,综合,1596,河南工程学院,3,7,新能源材料与器件,,"物理,化学",4,4,5000.0
海南,2025,本科批,综合,1596,河南工程学院,3,6,高分子材料与工程,,"物理,化学",4,4,5000.0
海南,2025,本科批,综合,1596,河南工程学院,3,4,数学与应用数学,,"物理,化学",3,4,5000.0
海南,2025,本科批,综合,1596,河南工程学院,3,10,计算机科学与技术,,"物理,化学",3,4,5000.0
海南,2025,本科批,综合,1596,河南工程学院,3,5,机械设计制造及其自动化,,"物理,化学",2,4,5000.0
海南,2025,本科批,综合,1596,河南工程学院,2,3,物流管理,,物理,2,4,4400.0
海南,2025,本科批,综合,1596,河南工程学院,1,2,财务管理,,不限,2,4,4400.0
海南,2025,本科批,综合,1596,河南工程学院,3,9,通信工程,,"物理,化学",2,4,5000.0
海南,2025,本科批,综合,1596,河南工程学院,3,11,土木工程,,"物理,化学",1,4,5000.0
海南,2025,本科批,综合,1596,河南工程学院,3,8,电气工程及其自动化,,"物理,化学",1,4,5000.0
海南,2025,本科批,综合,1596,河南工程学院,1,1,英语,,不限,1,4,4400.0
海南,2025,本科批,综合,1594,河南工学院,2,6,智能车辆工程,,"物理,化学",5,4,5000.0
海南,2025,本科批,综合,1594,河南工学院,1,1,物流管理,,不限,5,4,4400.0
海南,2025,本科批,综合,1594,河南工学院,2,4,自动化,,"物理,化学",3,4,5000.0
海南,2025,本科批,综合,1594,河南工学院,2,5,虚拟现实技术,,"物理,化学",3,4,5000.0
海南,2025,本科批,综合,1594,河南工学院,2,3,电子信息工程,,"物理,化学",2,4,5000.0
海南,2025,本科批,综合,1594,河南工学院,1,2,财务管理,,不限,2,4,4400.0
海南,2025,本科批,综合,1564,河南工业大学,2,8,英语,,不限,5,4,4400.0
海南,2025,本科批,综合,1564,河南工业大学,2,13,会计学,,不限,4,4,4400.0
海南,2025,本科批,综合,1564,河南工业大学,2,5,工商管理,,不限,4,4,4400.0
海南,2025,本科批,综合,1564,河南工业大学,4,33,机械设计制造及其自动化,,"物理,化学",4,4,5500.0
海南,2025,本科批,综合,1564,河南工业大学,4,23,应用物理学,,"物理,化学",3,4,5000.0
海南,2025,本科批,综合,1564,河南工业大学,4,31,应用统计学,,"物理,化学",3,4,5000.0
海南,2025,本科批,综合,1564,河南工业大学,4,44,新能源科学与工程,,"物理,化学",3,4,5000.0
海南,2025,本科批,综合,1564,河南工业大学,2,6,法学,,不限,3,4,4840.0
海南,2025,本科批,综合,1564,河南工业大学,2,14,供应链管理,,不限,2,4,4400.0
海南,2025,本科批,综合,1564,河南工业大学,2,3,国际经济与贸易,,不限,2,4,4400.0
海南,2025,本科批,综合,1564,河南工业大学,2,15,新闻学,,不限,2,4,4400.0
海南,2025,本科批,综合,1564,河南工业大学,4,20,机器人工程,,"物理,化学",2,4,9000.0
海南,2025,本科批,综合,1564,河南工业大学,80,47,物联网工程,(中外合作办学),"物理,化学",2,4,18000.0
海南,2025,本科批,综合,1564,河南工业大学,4,32,环境工程,,"物理,化学",2,4,5500.0
海南,2025,本科批,综合,1564,河南工业大学,80,46,生物技术,(中外合作办学),"物理,化学",2,4,18000.0
海南,2025,本科批,综合,1564,河南工业大学,2,10,电子商务,,不限,2,4,4400.0
海南,2025,本科批,综合,1564,河南工业大学,2,9,网络与新媒体,,不限,2,4,4400.0
海南,2025,本科批,综合,1564,河南工业大学,2,11,翻译,,不限,2,4,4400.0
海南,2025,本科批,综合,1564,河南工业大学,4,18,车辆工程,,"物理,化学",2,4,5000.0
海南,2025,本科批,综合,1564,河南工业大学,4,28,通信工程,,"物理,化学",2,4,9000.0
海南,2025,本科批,综合,1564,河南工业大学,2,12,金融学,,不限,2,4,4840.0
海南,2025,本科批,综合,1564,河南工业大学,4,40,高分子材料与工程,,"物理,化学",2,4,5000.0
海南,2025,本科批,综合,1564,河南工业大学,4,39,制药工程,,"物理,化学",1,4,5000.0
海南,2025,本科批,综合,1564,河南工业大学,4,37,化学工程与工艺,,"物理,化学",1,4,5000.0
海南,2025,本科批,综合,1564,河南工业大学,4,34,土木工程,,"物理,化学",1,4,5500.0
海南,2025,本科批,综合,1564,河南工业大学,4,42,复合材料与工程,,"物理,化学",1,4,5000.0
海南,2025,本科批,综合,1564,河南工业大学,3,17,工程管理,,物理,1,4,5000.0
海南,2025,本科批,综合,1564,河南工业大学,3,16,建筑学,,物理,1,5,5000.0
海南,2025,本科批,综合,1564,河南工业大学,4,29,建筑环境与能源应用工程,,"物理,化学",1,4,5000.0
海南,2025,本科批,综合,1564,河南工业大学,4,24,数学与应用数学,,"物理,化学",1,4,5000.0
海南,2025,本科批,综合,1564,河南工业大学,4,38,无机非金属材料工程,,"物理,化学",1,4,5000.0
海南,2025,本科批,综合,1564,河南工业大学,4,21,智能建造,,"物理,化学",1,4,5000.0
海南,2025,本科批,综合,1564,河南工业大学,4,19,材料成型及控制工程,,"物理,化学",1,4,5000.0
海南,2025,本科批,综合,1564,河南工业大学,4,36,材料科学与工程,,"物理,化学",1,4,5500.0
海南,2025,本科批,综合,1564,河南工业大学,4,43,水质科学与技术,,"物理,化学",1,4,5000.0
海南,2025,本科批,综合,1564,河南工业大学,4,25,测控技术与仪器,,"物理,化学",1,4,9000.0
海南,2025,本科批,综合,1564,河南工业大学,2,7,物流管理,,不限,1,4,4400.0
海南,2025,本科批,综合,1564,河南工业大学,4,30,生物技术,,"物理,化学",1,4,5000.0
海南,2025,本科批,综合,1564,河南工业大学,4,26,电气工程及其自动化,,"物理,化学",1,4,9000.0
海南,2025,本科批,综合,1564,河南工业大学,4,27,空间信息与数字技术,,"物理,化学",1,4,9000.0
海南,2025,本科批,综合,1564,河南工业大学,2,4,经济学,,不限,1,4,4400.0
海南,2025,本科批,综合,1564,河南工业大学,2,2,财政学,,不限,1,4,4400.0
海南,2025,本科批,综合,1564,河南工业大学,4,35,道路桥梁与渡河工程,,"物理,化学",1,4,5000.0
海南,2025,本科批,综合,1564,河南工业大学,80,45,食品科学与工程,(中外合作办学),"物理,化学",1,4,18000.0
海南,2025,本科批,综合,1564,河南工业大学,4,41,食品科学与工程类,(包含专业:食品科学与工程、粮食工程、食品质量与安全),"物理,化学",1,4,5500.0
海南,2025,本科批,综合,1564,河南工业大学,4,22,饲料工程,,"物理,化学",1,4,5000.0
海南,2025,专科批,综合,1651,河南工业贸易职业学院,1,1,大数据技术,,不限,20,3,4200.0
海南,2025,本科批,综合,1626,河南开封科技传媒学院,1,1,护理学,,化学,5,4,17000.0
海南,2025,本科批,综合,1565,河南科技大学,2,6,材料成型及控制工程,,"物理,化学",8,4,5500.0
海南,2025,本科批,综合,1565,河南科技大学,2,11,化学工程与工艺,,"物理,化学",6,4,5500.0
海南,2025,本科批,综合,1565,河南科技大学,2,9,机械类,(包含专业:机械设计制造及其自动化、机械电子工程),"物理,化学",6,4,5500.0
海南,2025,本科批,综合,1565,河南科技大学,2,4,法医学,,"物理,化学",5,5,5500.0
海南,2025,本科批,综合,1565,河南科技大学,2,5,车辆工程,,"物理,化学",5,4,5500.0
海南,2025,本科批,综合,1565,河南科技大学,2,7,光电信息科学与工程,,"物理,化学",4,4,5000.0
海南,2025,本科批,综合,1565,河南科技大学,1,1,商务英语,,不限,4,4,4400.0
海南,2025,本科批,综合,1565,河南科技大学,2,8,电气工程及其自动化,,"物理,化学",4,4,5500.0
海南,2025,本科批,综合,1565,河南科技大学,2,10,自动化,,"物理,化学",4,4,5500.0
海南,2025,本科批,综合,1565,河南科技大学,1,2,英语,,不限,4,4,4400.0
海南,2025,本科批,综合,1565,河南科技大学,1,3,工商管理,,不限,3,4,4400.0
海南,2025,本科批,综合,1568,河南科技学院,4,6,信息与计算科学,,"物理,化学",6,4,5000.0
海南,2025,本科批,综合,1568,河南科技学院,4,7,通信工程,,"物理,化学",6,4,5000.0
海南,2025,本科批,综合,1568,河南科技学院,3,5,风景园林,,物理,5,4,5000.0
海南,2025,本科批,综合,1568,河南科技学院,3,4,信息管理与信息系统,,物理,4,4,4400.0
海南,2025,本科批,综合,1568,河南科技学院,2,3,国际经济与贸易,,不限,4,4,4400.0
海南,2025,本科批,综合,1568,河南科技学院,2,2,学前教育,,不限,4,4,4400.0
海南,2025,本科批,综合,1568,河南科技学院,4,9,植物保护,,"物理,化学",3,4,5000.0
海南,2025,本科批,综合,1568,河南科技学院,4,8,生物育种科学,,"物理,化学",3,4,5000.0
海南,2025,本科批,综合,1562,河南理工大学,4,11,通信工程,,"物理,化学",3,4,5500.0
海南,2025,本科批,综合,1562,河南理工大学,1,1,人力资源管理,,不限,2,4,4400.0
海南,2025,本科批,综合,1562,河南理工大学,1,6,会计学,,不限,2,4,4800.0
海南,2025,本科批,综合,1562,河南理工大学,4,28,土木工程,,"物理,化学",2,4,5000.0
海南,2025,本科批,综合,1562,河南理工大学,4,19,地质工程,(含卓越计划),"物理,化学",2,4,5000.0
海南,2025,本科批,综合,1562,河南理工大学,4,26,安全工程,(卓越计划班),"物理,化学",2,4,5000.0
海南,2025,本科批,综合,1562,河南理工大学,1,4,工商管理,,不限,2,4,4400.0
海南,2025,本科批,综合,1562,河南理工大学,4,27,工程力学,,"物理,化学",2,4,5000.0
海南,2025,本科批,综合,1562,河南理工大学,2,9,工程管理,,物理,2,4,5000.0
海南,2025,本科批,综合,1562,河南理工大学,4,25,智能材料与结构,,"物理,化学",2,4,5000.0
海南,2025,本科批,综合,1562,河南理工大学,4,16,机械设计制造及其自动化,,"物理,化学",2,4,5500.0
海南,2025,本科批,综合,1562,河南理工大学,4,17,材料成型及控制工程,,"物理,化学",2,4,5000.0
海南,2025,本科批,综合,1562,河南理工大学,4,24,材料科学与工程,,"物理,化学",2,4,5000.0
海南,2025,本科批,综合,1562,河南理工大学,4,21,水文与水资源工程,(智慧水文方向),"物理,化学",2,4,5000.0
海南,2025,本科批,综合,1562,河南理工大学,4,14,测控技术与仪器,,"物理,化学",2,4,5000.0
海南,2025,本科批,综合,1562,河南理工大学,4,22,测绘工程,(导航方向),"物理,化学",2,4,5000.0
海南,2025,本科批,综合,1562,河南理工大学,4,13,电气工程及其自动化,,"物理,化学",2,4,5500.0
海南,2025,本科批,综合,1562,河南理工大学,4,18,计算机科学与技术,,"物理,化学",2,4,5500.0
海南,2025,本科批,综合,1562,河南理工大学,4,20,资源勘查工程,(清洁能源勘查方向),"物理,化学",2,4,5000.0
海南,2025,本科批,综合,1562,河南理工大学,4,12,轨道交通信号与控制,,"物理,化学",2,4,5500.0
海南,2025,本科批,综合,1562,河南理工大学,1,7,金融学,,不限,2,4,4400.0
海南,2025,本科批,综合,1562,河南理工大学,3,10,地理信息科学,(智能时空信息),化学,1,4,5000.0
海南,2025,本科批,综合,1562,河南理工大学,1,3,城乡规划,,不限,1,4,5000.0
海南,2025,本科批,综合,1562,河南理工大学,1,2,建筑学,,不限,1,5,5000.0
海南,2025,本科批,综合,1562,河南理工大学,2,8,数字经济,,物理,1,4,4400.0
海南,2025,本科批,综合,1562,河南理工大学,1,5,财务管理,,不限,1,4,4400.0
海南,2025,本科批,综合,1562,河南理工大学,4,15,车辆工程,,"物理,化学",1,4,5500.0
海南,2025,本科批,综合,1562,河南理工大学,4,23,遥感科学与技术,,"物理,化学",1,4,5000.0
海南,2025,本科批,综合,1567,河南农业大学,80,7,环境科学,(中外合作办学),"物理,化学",5,4,14000.0
海南,2025,本科批,综合,1567,河南农业大学,4,8,动物生产类,(包含专业:动物科学、智慧牧业科学与工程、水产养殖学；不招色盲、色弱),"物理,化学,生物",3,4,5000.0
海南,2025,本科批,综合,1567,河南农业大学,3,6,烟草,,"物理,化学",3,4,5000.0
海南,2025,本科批,综合,1567,河南农业大学,1,2,旅游管理,,不限,2,4,4400.0
海南,2025,本科批,综合,1567,河南农业大学,3,5,植物生产类,(园艺类)(包含专业:园艺、设施农业科学与工程、茶学；不招色盲、色弱),"物理,化学",2,4,5000.0
海南,2025,本科批,综合,1567,河南农业大学,1,1,法学,,不限,2,4,4400.0
海南,2025,本科批,综合,1567,河南农业大学,3,4,生物科学类,(包含专业:生物科学、生物技术；不招色盲、色弱),"物理,化学",2,4,5000.0
海南,2025,本科批,综合,1567,河南农业大学,2,3,建筑类,(包含专业:城乡规划、风景园林),物理,1,4,5500.0
海南,2025,本科批,综合,1573,河南师范大学,1,3,运动人体科学,,不限,5,4,4400.0
海南,2025,本科批,综合,1573,河南师范大学,3,6,马克思主义理论类,(包含专业:马克思主义理论、中国共产党历史),政治,5,4,4400.0
海南,2025,本科批,综合,1573,河南师范大学,4,7,地理科学,,地理,10,4,5000.0
海南,2025,本科批,综合,1573,河南师范大学,1,2,工商管理,(数智化管理方向),不限,10,4,4400.0
海南,2025,本科批,综合,1573,河南师范大学,3,5,政治学与行政学,,政治,10,4,4400.0
海南,2025,本科批,综合,1573,河南师范大学,2,4,水产养殖学,(智慧渔业方向)(不招色盲、色弱),"物理,化学",10,4,5000.0
海南,2025,本科批,综合,1573,河南师范大学,1,1,法学类,(包含专业:法学、知识产权),不限,10,4,4400.0
海南,2025,本科批,综合,1571,河南医药大学,2,2,医学影像学,(不招色盲、色弱),"物理,化学",3,5,5500.0
海南,2025,本科批,综合,1571,河南医药大学,1,1,护理学,(不招色盲、色弱),化学,3,4,5500.0
海南,2025,本科批,综合,1571,河南医药大学,2,4,法医学,(不招色盲、色弱),"物理,化学",3,5,5500.0
海南,2025,本科批,综合,1571,河南医药大学,2,3,精神医学,(不招色盲、色弱),"物理,化学",3,5,5500.0
海南,2025,本科批,综合,1571,河南医药大学,2,5,临床药学,(不招色盲、色弱),"物理,化学",2,5,5500.0
海南,2025,本科批,综合,1571,河南医药大学,2,7,医学影像技术,(不招色盲、色弱),"物理,化学",2,4,5500.0
海南,2025,本科批,综合,1571,河南医药大学,2,6,医学检验技术,(不招色盲、色弱),"物理,化学",2,4,5500.0
海南,2025,专科批,综合,1583,河南职业技术学院,2,5,智能焊接技术,,物理,6,3,4800.0
海南,2025,专科批,综合,1583,河南职业技术学院,1,3,大数据与会计,,不限,5,3,3700.0
海南,2025,专科批,综合,1583,河南职业技术学院,1,1,旅游管理,,不限,5,3,3700.0
海南,2025,专科批,综合,1583,河南职业技术学院,2,4,机电一体化技术,,物理,5,3,4800.0
海南,2025,专科批,综合,1583,河南职业技术学院,1,2,汽车检测与维修技术,,不限,4,3,4800.0
海南,2025,本科批,综合,1570,河南中医药大学,1,2,公共管理类,(包含专业:公共事业管理(卫生事业管理方向)、健康服务与管理、应用心理学),不限,3,4,4400.0
海南,2025,本科批,综合,1570,河南中医药大学,1,3,英语,,不限,3,4,4400.0
海南,2025,本科批,综合,1570,河南中医药大学,2,4,中西医临床医学,,"物理,化学",2,5,6000.0
海南,2025,本科批,综合,1570,河南中医药大学,1,1,针灸推拿学,,不限,2,5,6000.0
海南,2025,本科批,综合,1423,菏泽学院,1,1,汉语言文学,(师范),不限,3,4,4400.0
海南,2025,本科批,综合,1423,菏泽学院,2,4,生物工程,,"物理,化学",3,4,6325.0
海南,2025,本科批,综合,1423,菏泽学院,1,3,心理学,,不限,2,4,5500.0
海南,2025,本科批,综合,1423,菏泽学院,1,2,财务管理,,不限,2,4,6325.0
海南,2025,本科批,综合,2224,贺州学院,3,5,机械设计制造及其自动化,,"物理,化学",4,4,4600.0
海南,2025,本科批,综合,2224,贺州学院,3,6,机器人工程,,"物理,化学",3,4,4600.0
海南,2025,本科批,综合,2224,贺州学院,3,7,电子信息工程,,"物理,化学",3,4,4600.0
海南,2025,本科批,综合,2224,贺州学院,2,4,跨境电子商务,,不限,3,4,4600.0
海南,2025,专科批,综合,1619,鹤壁职业技术学院,1,2,护理,,不限,6,3,5280.0
海南,2025,专科批,综合,1619,鹤壁职业技术学院,1,4,医学影像技术,,不限,5,3,5280.0
海南,2025,专科批,综合,1619,鹤壁职业技术学院,1,3,小学教育,,不限,5,3,3700.0
海南,2025,专科批,综合,1619,鹤壁职业技术学院,1,1,康复治疗技术,,不限,10,3,5280.0
海南,2025,专科批,综合,651,鹤岗师范高等专科学校,1,3,学前教育,,不限,5,3,4500.0
海南,2025,专科批,综合,651,鹤岗师范高等专科学校,1,1,小学语文教育,,不限,15,3,3500.0
海南,2025,专科批,综合,651,鹤岗师范高等专科学校,1,2,小学教育,,不限,10,3,3500.0
海南,2025,本科批,综合,683,黑河学院,1,1,国际经济与贸易,,不限,3,4,4000.0
海南,2025,本科批,综合,683,黑河学院,2,4,生物技术,,"物理,化学",3,4,4500.0
海南,2025,本科批,综合,683,黑河学院,2,6,计算机科学与技术,,"物理,化学",3,4,4200.0
海南,2025,本科批,综合,683,黑河学院,1,2,法学,,不限,2,4,4000.0
海南,2025,本科批,综合,683,黑河学院,2,5,物联网工程,,"物理,化学",2,4,5000.0
海南,2025,本科批,综合,683,黑河学院,1,3,英语,(师范),不限,2,4,3000.0
海南,2025,本科批,综合,667,黑龙江财经学院,1,5,会计学,,不限,5,4,27000.0
海南,2025,本科批,综合,667,黑龙江财经学院,2,10,计算机科学与技术,,"物理,化学",5,4,25000.0
海南,2025,本科批,综合,667,黑龙江财经学院,1,1,金融学,,不限,5,4,27000.0
海南,2025,本科批,综合,667,黑龙江财经学院,2,9,数据科学与大数据技术,,"物理,化学",3,4,27000.0
海南,2025,本科批,综合,667,黑龙江财经学院,1,7,财务管理,,不限,3,4,27000.0
海南,2025,本科批,综合,667,黑龙江财经学院,1,3,汉语言文学,,不限,2,4,25000.0
海南,2025,本科批,综合,667,黑龙江财经学院,1,4,法学,,不限,2,4,25000.0
海南,2025,本科批,综合,667,黑龙江财经学院,2,11,电子信息工程,,"物理,化学",2,4,25000.0
海南,2025,本科批,综合,667,黑龙江财经学院,1,8,审计学,,不限,1,4,27000.0
海南,2025,本科批,综合,667,黑龙江财经学院,1,6,工商管理,,不限,1,4,26000.0
海南,2025,本科批,综合,667,黑龙江财经学院,1,2,经济学,,不限,1,4,25000.0
海南,2025,本科批,综合,620,黑龙江大学,2,5,传播学,,不限,7,4,8000.0
海南,2025,本科批,综合,620,黑龙江大学,3,12,土木工程,,"物理,化学",7,4,4500.0
海南,2025,本科批,综合,620,黑龙江大学,3,13,化学工程与工艺,"(能源化工方向；培养具备能源化工专业的基本知识和专业技能,能够在能源、化工、资源、环保、材料以及医药等相关领域,从事能源与化工相关的生产运行与技术管理、工程设计、技术开发和科学研究等方面工作的应用研究型工程技术人才)","物理,化学",4,4,4000.0
海南,2025,本科批,综合,620,黑龙江大学,2,8,国际经济与贸易,,不限,4,4,6000.0
海南,2025,本科批,综合,620,黑龙江大学,2,9,工商管理,,不限,4,4,3850.0
海南,2025,本科批,综合,620,黑龙江大学,2,3,新闻学,,不限,4,4,8000.0
海南,2025,本科批,综合,620,黑龙江大学,3,17,材料化学,,"物理,化学",4,4,4000.0
海南,2025,本科批,综合,620,黑龙江大学,3,11,水利水电工程,,"物理,化学",4,4,4000.0
海南,2025,本科批,综合,620,黑龙江大学,2,4,广告学,,不限,3,4,8000.0
海南,2025,本科批,综合,620,黑龙江大学,3,14,应用化学,,"物理,化学",3,4,2500.0
海南,2025,本科批,综合,620,黑龙江大学,3,16,生物技术,,"物理,化学",3,4,6000.0
海南,2025,本科批,综合,620,黑龙江大学,2,7,电子商务,,不限,3,4,4000.0
海南,2025,本科批,综合,620,黑龙江大学,2,6,金融学,,不限,3,4,6000.0
海南,2025,本科批,综合,620,黑龙江大学,2,2,会计学,,不限,2,4,3850.0
海南,2025,本科批,综合,620,黑龙江大学,4,18,汉语国际教育,,历史,2,4,4000.0
海南,2025,本科批,综合,620,黑龙江大学,4,19,汉语言文学,,历史,2,4,4180.0
海南,2025,本科批,综合,620,黑龙江大学,3,15,物理学,,"物理,化学",2,4,2500.0
海南,2025,本科批,综合,620,黑龙江大学,3,10,食品科学与工程,,"物理,化学",2,4,4000.0
海南,2025,本科提前批,综合,620,黑龙江大学,1,1,俄语,,不限,2,4,6000.0
海南,2025,本科批,综合,650,黑龙江工程学院,2,6,测绘工程,,"物理,化学",5,4,3500.0
海南,2025,本科批,综合,650,黑龙江工程学院,2,7,交通运输类,(包含专业:交通运输、交通工程),"物理,化学",3,4,4000.0
海南,2025,本科批,综合,650,黑龙江工程学院,2,9,测控技术与仪器,,"物理,化学",3,4,4500.0
海南,2025,本科批,综合,650,黑龙江工程学院,2,2,人工智能,,"物理,化学",2,4,5000.0
海南,2025,本科批,综合,650,黑龙江工程学院,2,4,土木类,(包含专业:土木工程、道路桥梁与渡河工程),"物理,化学",2,4,4500.0
海南,2025,本科批,综合,650,黑龙江工程学院,3,10,城乡规划,,"物理,地理",2,5,4500.0
海南,2025,本科批,综合,650,黑龙江工程学院,2,3,数据科学与大数据技术,,"物理,化学",2,4,5000.0
海南,2025,本科批,综合,650,黑龙江工程学院,2,8,电气工程及其自动化,,"物理,化学",2,4,4000.0
海南,2025,本科批,综合,650,黑龙江工程学院,1,1,社会工作,,不限,2,4,4000.0
海南,2025,本科批,综合,650,黑龙江工程学院,2,5,给排水科学与工程,,"物理,化学",2,4,4500.0
海南,2025,本科批,综合,669,黑龙江工商学院,1,1,会计学,,不限,10,4,24800.0
海南,2025,专科批,综合,652,黑龙江建筑职业技术学院,1,1,工程测量技术,,不限,3,3,6000.0
海南,2025,专科批,综合,652,黑龙江建筑职业技术学院,1,3,旅游管理,,不限,3,3,6000.0
海南,2025,专科批,综合,652,黑龙江建筑职业技术学院,1,2,酒店管理与数字化运营,,不限,3,3,6000.0
海南,2025,专科批,综合,652,黑龙江建筑职业技术学院,1,4,大数据与会计,,不限,2,3,6000.0
海南,2025,专科批,综合,652,黑龙江建筑职业技术学院,1,5,电子商务,,不限,2,3,6000.0
海南,2025,专科批,综合,652,黑龙江建筑职业技术学院,1,6,计算机应用技术,,不限,2,3,6000.0
海南,2025,专科批,综合,687,黑龙江交通职业技术学院,1,2,动车组检修技术,"(办学地点为齐齐哈尔校区；该专业更适合男生就业,不招色盲、色弱)",不限,5,3,6000.0
海南,2025,专科批,综合,687,黑龙江交通职业技术学院,1,1,铁道车辆技术,"(办学地点为齐齐哈尔校区；该专业更适合男生就业,不招色盲、色弱)",不限,5,3,6000.0
海南,2025,本科批,综合,624,黑龙江科技大学,2,10,机械设计制造及其自动化,,"物理,化学",3,4,3850.0
海南,2025,本科批,综合,624,黑龙江科技大学,2,14,电气工程及其自动化,,"物理,化学",3,4,4000.0
海南,2025,本科批,综合,624,黑龙江科技大学,1,5,会计学,,不限,2,4,3500.0
海南,2025,本科批,综合,624,黑龙江科技大学,1,7,国际经济与贸易,,不限,2,4,3500.0
海南,2025,本科批,综合,624,黑龙江科技大学,2,11,土木工程,,"物理,化学",2,4,4400.0
海南,2025,本科批,综合,624,黑龙江科技大学,1,4,工商管理,,不限,2,4,3500.0
海南,2025,本科批,综合,624,黑龙江科技大学,1,3,市场营销,,不限,2,4,4000.0
海南,2025,本科批,综合,624,黑龙江科技大学,2,8,测控技术与仪器,,"物理,化学",2,4,5000.0
海南,2025,本科批,综合,624,黑龙江科技大学,2,12,物联网工程,,"物理,化学",2,4,5000.0
海南,2025,本科批,综合,624,黑龙江科技大学,2,9,电气工程与智能控制,,"物理,化学",2,4,5000.0
海南,2025,本科批,综合,624,黑龙江科技大学,2,13,自动化,,"物理,化学",2,4,4400.0
海南,2025,本科批,综合,624,黑龙江科技大学,1,1,英语,,不限,2,4,4000.0
海南,2025,本科批,综合,624,黑龙江科技大学,1,2,财务管理,,不限,2,4,4800.0
海南,2025,本科批,综合,624,黑龙江科技大学,1,6,金融学,,不限,2,4,4800.0
海南,2025,专科批,综合,655,黑龙江林业职业技术学院,1,1,数字媒体艺术设计,,不限,10,3,6000.0
海南,2025,专科批,综合,657,黑龙江农业工程职业学院,1,4,数字媒体技术,,不限,2,3,6000.0
海南,2025,专科批,综合,657,黑龙江农业工程职业学院,1,2,机电一体化技术,,不限,2,3,6000.0
海南,2025,专科批,综合,657,黑龙江农业工程职业学院,1,1,畜牧兽医,,不限,2,3,6000.0
海南,2025,专科批,综合,657,黑龙江农业工程职业学院,1,5,酒店管理与数字化运营,,不限,2,3,6000.0
海南,2025,专科批,综合,657,黑龙江农业工程职业学院,1,3,食品药品监督管理,,不限,2,3,6000.0
海南,2025,专科批,综合,664,黑龙江农业经济职业学院,1,3,关务与外贸服务,,不限,5,3,6000.0
海南,2025,专科批,综合,664,黑龙江农业经济职业学院,1,2,婴幼儿托育服务与管理,,不限,5,3,6000.0
海南,2025,专科批,综合,664,黑龙江农业经济职业学院,1,1,汽车检测与维修技术,,不限,5,3,6000.0
海南,2025,专科批,综合,681,黑龙江生态工程职业学院,1,1,学前教育,,不限,5,3,6000.0
海南,2025,本科批,综合,666,黑龙江外国语学院,1,1,俄语,,不限,18,4,26000.0
海南,2025,本科批,综合,666,黑龙江外国语学院,1,2,翻译,(俄语方向),不限,10,4,26000.0
海南,2025,专科批,综合,648,黑龙江职业学院,1,5,大数据与会计,,不限,2,3,6000.0
海南,2025,专科批,综合,648,黑龙江职业学院,1,11,大数据技术,,不限,2,3,6000.0
海南,2025,专科批,综合,648,黑龙江职业学院,1,4,新能源汽车检测与维修技术,,不限,2,3,6000.0
海南,2025,专科批,综合,648,黑龙江职业学院,1,7,旅游管理,,不限,2,3,6000.0
海南,2025,专科批,综合,648,黑龙江职业学院,1,1,智能网联汽车技术,,不限,2,3,6000.0
海南,2025,专科批,综合,648,黑龙江职业学院,1,6,现代物流管理,,不限,2,3,6000.0
海南,2025,专科批,综合,648,黑龙江职业学院,1,10,药品经营与管理,,不限,2,3,6000.0
海南,2025,专科批,综合,648,黑龙江职业学院,1,8,软件技术,,不限,2,3,6000.0
海南,2025,专科批,综合,648,黑龙江职业学院,1,9,食品质量与安全,,不限,2,3,6000.0
海南,2025,专科批,综合,648,黑龙江职业学院,1,2,机械制造及自动化,,不限,1,3,6000.0
海南,2025,专科批,综合,648,黑龙江职业学院,1,3,电气自动化技术,,不限,1,3,6000.0
海南,2025,本科批,综合,631,黑龙江中医药大学,1,3,中医学,,不限,6,5,5000.0
海南,2025,本科批,综合,631,黑龙江中医药大学,2,5,中药学,,"物理,化学",3,4,4200.0
海南,2025,本科批,综合,631,黑龙江中医药大学,3,8,护理学,,生物,3,4,4000.0
海南,2025,本科批,综合,631,黑龙江中医药大学,1,2,针灸推拿学,,不限,3,5,4200.0
海南,2025,本科批,综合,631,黑龙江中医药大学,1,1,中医康复学,,不限,2,5,5000.0
海南,2025,本科批,综合,631,黑龙江中医药大学,2,4,中药制药,,"物理,化学",2,4,5000.0
海南,2025,本科批,综合,631,黑龙江中医药大学,4,9,中西医临床医学,,"物理,生物",2,5,5500.0
海南,2025,本科批,综合,631,黑龙江中医药大学,2,7,康复治疗学,,"物理,化学",2,4,5000.0
海南,2025,本科批,综合,631,黑龙江中医药大学,2,6,药物制剂,,"物理,化学",2,4,4200.0
海南,2025,本科批,综合,171,衡水学院,1,1,汉语言文学,,不限,6,4,5060.0
海南,2025,本科批,综合,171,衡水学院,1,5,小学教育,,不限,5,4,4600.0
海南,2025,本科批,综合,171,衡水学院,4,20,思想政治教育,,政治,5,4,4600.0
海南,2025,本科批,综合,171,衡水学院,1,8,网络与新媒体,,不限,5,4,4600.0
海南,2025,本科批,综合,171,衡水学院,1,2,英语,,不限,5,4,5390.0
海南,2025,本科批,综合,171,衡水学院,1,11,商务英语,,不限,4,4,4600.0
海南,2025,本科批,综合,171,衡水学院,4,21,政治学与行政学,,政治,4,4,4600.0
海南,2025,本科批,综合,171,衡水学院,1,7,人力资源管理,,不限,2,4,4600.0
海南,2025,本科批,综合,171,衡水学院,2,13,信息管理与信息系统,,物理,2,4,4900.0
海南,2025,本科批,综合,171,衡水学院,1,10,健康服务与管理,,不限,2,4,4600.0
海南,2025,本科批,综合,171,衡水学院,1,4,学前教育,(不招色盲、色弱),不限,2,4,5060.0
海南,2025,本科批,综合,171,衡水学院,80,19,数学与应用数学,(中外合作办学)(只招报本专业志愿考生),"物理,化学",2,4,29000.0
海南,2025,本科批,综合,171,衡水学院,3,15,智能科学与技术,,"物理,化学",2,4,4900.0
海南,2025,本科批,综合,171,衡水学院,1,6,汉语国际教育,,不限,2,4,5060.0
海南,2025,本科批,综合,171,衡水学院,3,14,环境生态工程,(不招色盲、色弱),"物理,化学",2,4,4900.0
海南,2025,本科批,综合,171,衡水学院,3,18,生物科学,(不招色盲、色弱),"物理,化学",2,4,4900.0
海南,2025,本科批,综合,171,衡水学院,3,16,电子信息工程,,"物理,化学",2,4,4900.0
海南,2025,本科批,综合,171,衡水学院,1,3,社会工作,,不限,2,4,4600.0
海南,2025,本科批,综合,171,衡水学院,1,9,经济与金融,,不限,2,4,4600.0
海南,2025,本科批,综合,171,衡水学院,1,12,财务管理,,不限,2,4,5060.0
海南,2025,本科批,综合,171,衡水学院,3,17,食品质量与安全,(不招色盲、色弱),"物理,化学",2,4,4900.0
海南,2025,专科批,综合,2017,衡阳理工职业学院,1,5,护理,,不限,3,3,14800.0
海南,2025,专科批,综合,2017,衡阳理工职业学院,1,6,口腔医学技术,,不限,2,3,16800.0
海南,2025,专科批,综合,2017,衡阳理工职业学院,1,2,软件技术,,不限,2,3,13800.0
海南,2025,专科批,综合,2017,衡阳理工职业学院,1,4,大数据技术,,不限,1,3,13800.0
海南,2025,专科批,综合,2017,衡阳理工职业学院,1,3,数字媒体技术,,不限,1,3,12800.0
海南,2025,专科批,综合,2017,衡阳理工职业学院,1,1,无人机应用技术,,不限,1,3,13800.0
海南,2025,本科批,综合,1887,衡阳师范学院,4,7,商务英语,,不限,3,4,4500.0
海南,2025,本科批,综合,1887,衡阳师范学院,9,38,地理科学,,地理,3,4,4000.0
海南,2025,本科批,综合,1887,衡阳师范学院,4,22,学前教育,,不限,3,4,4000.0
海南,2025,本科批,综合,1887,衡阳师范学院,4,23,应用心理学,,不限,3,4,4000.0
海南,2025,本科批,综合,1887,衡阳师范学院,5,28,数学与应用数学,,"物理,化学",3,4,4000.0
海南,2025,本科批,综合,1887,衡阳师范学院,4,12,汉语国际教育,,不限,3,4,4000.0
海南,2025,本科批,综合,1887,衡阳师范学院,4,21,法学,,不限,3,4,5000.0
海南,2025,本科批,综合,1887,衡阳师范学院,4,9,知识产权,,不限,3,4,5000.0
海南,2025,本科批,综合,1887,衡阳师范学院,4,11,经济学,,不限,3,4,5000.0
海南,2025,本科批,综合,1887,衡阳师范学院,5,30,计算机科学与技术,,"物理,化学",3,4,5900.0
海南,2025,本科批,综合,1887,衡阳师范学院,4,8,财务管理,,不限,3,4,5000.0
海南,2025,本科批,综合,1887,衡阳师范学院,9,37,人文地理与城乡规划,,地理,2,4,4500.0
海南,2025,本科批,综合,1887,衡阳师范学院,5,31,化学生物学,,"物理,化学",2,4,4500.0
海南,2025,本科批,综合,1887,衡阳师范学院,8,35,历史学,,历史,2,4,4000.0
海南,2025,本科批,综合,1887,衡阳师范学院,4,10,国际经济与贸易,,不限,2,4,5000.0
海南,2025,本科批,综合,1887,衡阳师范学院,9,36,地理信息科学,,地理,2,4,4500.0
海南,2025,本科批,综合,1887,衡阳师范学院,4,20,广告学,,不限,2,4,6000.0
海南,2025,本科批,综合,1887,衡阳师范学院,5,29,应用化学,,"物理,化学",2,4,5900.0
海南,2025,本科批,综合,1887,衡阳师范学院,7,34,思想政治教育,,政治,2,4,4000.0
海南,2025,本科批,综合,1887,衡阳师范学院,4,18,新闻学,,不限,2,4,6000.0
海南,2025,本科批,综合,1887,衡阳师范学院,4,13,旅游管理,,不限,2,4,5000.0
海南,2025,本科批,综合,1887,衡阳师范学院,4,19,汉语言文学,,不限,2,4,4000.0
海南,2025,本科批,综合,1887,衡阳师范学院,5,26,物联网工程,,"物理,化学",2,4,5900.0
海南,2025,本科批,综合,1887,衡阳师范学院,5,24,电子信息工程,,"物理,化学",2,4,5900.0
海南,2025,本科批,综合,1887,衡阳师范学院,4,15,电子商务,,不限,2,4,5000.0
海南,2025,本科批,综合,1887,衡阳师范学院,4,17,网络与新媒体,,不限,2,4,6000.0
海南,2025,本科批,综合,1887,衡阳师范学院,5,32,网络空间安全,,"物理,化学",2,4,5900.0
海南,2025,本科批,综合,1887,衡阳师范学院,4,16,翻译,,不限,2,4,4500.0
海南,2025,本科批,综合,1887,衡阳师范学院,4,14,英语,,不限,2,4,4000.0
海南,2025,本科批,综合,1887,衡阳师范学院,5,27,软件工程,,"物理,化学",2,4,5900.0
海南,2025,本科批,综合,1887,衡阳师范学院,6,33,食品科学与工程,,"物理,化学,生物",2,4,5900.0
海南,2025,本科批,综合,1887,衡阳师范学院,5,25,高分子材料与工程,,"物理,化学",2,4,5900.0
海南,2025,本科批,综合,1939,衡阳师范学院南岳学院,5,11,化学,,"物理,化学",3,4,12700.0
海南,2025,本科批,综合,1939,衡阳师范学院南岳学院,5,9,数学与应用数学,,"物理,化学",3,4,12700.0
海南,2025,本科批,综合,1939,衡阳师范学院南岳学院,5,10,物理学,,"物理,化学",3,4,12700.0
海南,2025,本科批,综合,1939,衡阳师范学院南岳学院,6,12,生物科学,,"物理,化学,生物",3,4,12700.0
海南,2025,本科批,综合,1939,衡阳师范学院南岳学院,4,7,商务英语,,不限,2,4,12500.0
海南,2025,本科批,综合,1939,衡阳师范学院南岳学院,4,5,国际经济与贸易,,不限,2,4,12700.0
海南,2025,本科批,综合,1939,衡阳师范学院南岳学院,7,13,地理科学,,地理,2,4,12700.0
海南,2025,本科批,综合,1939,衡阳师范学院南岳学院,4,6,汉语言文学,,不限,2,4,12700.0
海南,2025,本科批,综合,1939,衡阳师范学院南岳学院,4,8,财务管理,,不限,2,4,12700.0
海南,2025,本科批,综合,1939,衡阳师范学院南岳学院,4,4,经济学,,不限,1,4,12700.0
海南,2025,本科批,综合,2593,红河学院,1,5,国际经济与贸易,,不限,3,4,4500.0
海南,2025,本科批,综合,2593,红河学院,1,1,汉语国际教育,,不限,3,4,4200.0
海南,2025,本科批,综合,2593,红河学院,1,3,泰语,,不限,3,4,4200.0
海南,2025,本科批,综合,2593,红河学院,1,7,物流管理,,不限,3,4,4500.0
海南,2025,本科批,综合,2593,红河学院,2,11,农学,,"物理,化学",2,4,4950.0
海南,2025,本科批,综合,2593,红河学院,2,12,植物保护,,"物理,化学",2,4,4950.0
海南,2025,本科批,综合,2593,红河学院,2,13,环境生态工程,,"物理,化学",2,4,5000.0
海南,2025,本科批,综合,2593,红河学院,1,4,老挝语,,不限,2,4,4200.0
海南,2025,本科批,综合,2593,红河学院,2,10,计算机科学与技术,,"物理,化学",2,4,5000.0
海南,2025,本科批,综合,2593,红河学院,1,6,财务管理,,不限,2,4,4500.0
海南,2025,本科批,综合,2593,红河学院,1,2,越南语,,不限,2,4,4200.0
海南,2025,本科批,综合,2593,红河学院,1,9,跨境电子商务,,不限,2,4,4500.0
海南,2025,本科批,综合,2593,红河学院,1,8,酒店管理,,不限,2,4,4500.0
海南,2025,专科批,综合,1802,湖北城市建设职业技术学院,1,2,建筑工程技术,,不限,4,3,5000.0
海南,2025,专科批,综合,1802,湖北城市建设职业技术学院,1,1,智能建造技术,,不限,3,3,5000.0
海南,2025,专科批,综合,1802,湖北城市建设职业技术学院,1,5,工程测量技术,,不限,2,3,5000.0
海南,2025,专科批,综合,1802,湖北城市建设职业技术学院,1,7,市政工程技术,,不限,2,3,5000.0
海南,2025,专科批,综合,1802,湖北城市建设职业技术学院,1,4,建筑钢结构工程技术,,不限,2,3,5000.0
海南,2025,专科批,综合,1802,湖北城市建设职业技术学院,1,9,现代物流管理,,不限,2,3,5000.0
海南,2025,专科批,综合,1802,湖北城市建设职业技术学院,1,3,装配式建筑工程技术,,不限,2,3,5000.0
海南,2025,专科批,综合,1802,湖北城市建设职业技术学院,1,6,道路与桥梁工程技术,,不限,2,3,5000.0
海南,2025,专科批,综合,1802,湖北城市建设职业技术学院,1,8,摄影测量与遥感技术,,不限,1,3,5000.0
海南,2025,本科批,综合,1749,湖北大学,3,14,人工智能,,"物理,化学",8,4,5850.0
海南,2025,本科批,综合,1749,湖北大学,3,10,信息安全,(第一学年在武昌校区),"物理,化学",6,4,5850.0
海南,2025,本科批,综合,1749,湖北大学,3,17,新能源材料与器件,,"物理,化学",6,4,5850.0
海南,2025,本科批,综合,1749,湖北大学,3,16,电气工程及其自动化,,"物理,化学",6,4,5850.0
海南,2025,本科批,综合,1749,湖北大学,3,12,合成生物学,(生物制造创新实验班)(第一学年在武昌校区),"物理,化学",5,4,5850.0
海南,2025,本科批,综合,1749,湖北大学,2,8,数字经济,,物理,5,4,4500.0
海南,2025,本科批,综合,1749,湖北大学,3,9,生物科学类,"(包含专业:生物科学、生物信息学；第一学年在武昌校区；大类分流后,优秀学生可选拔至“生物科学拔尖创新人才基地班”)","物理,化学",5,4,5850.0
海南,2025,本科批,综合,1749,湖北大学,3,13,电子信息类,(包含专业:电子科学与技术、微电子科学与工程、光电信息科学与工程、集成电路设计与集成系统),"物理,化学",5,4,5850.0
海南,2025,本科批,综合,1749,湖北大学,1,6,国际经济与贸易,,不限,3,4,4500.0
海南,2025,本科批,综合,1749,湖北大学,1,2,新闻传播学类,"(包含专业:新闻学、广告学；大类分流后,优秀学生可选拔至“网络与新媒体创新实验班”)",不限,3,4,5850.0
海南,2025,本科批,综合,1749,湖北大学,1,4,旅游管理,(数字文旅创新实验班),不限,3,4,4500.0
海南,2025,本科批,综合,1749,湖北大学,3,11,环境工程,(第一学年在武昌校区),"物理,化学",3,4,4500.0
海南,2025,本科批,综合,1749,湖北大学,1,1,英语,(语言服务与国际传播创新人才实验班)(第一学年在武昌校区),不限,3,4,4500.0
海南,2025,本科批,综合,1749,湖北大学,1,3,行政管理,,不限,3,4,4500.0
海南,2025,本科批,综合,1749,湖北大学,2,7,大数据管理与应用,,物理,2,4,5850.0
海南,2025,本科批,综合,1749,湖北大学,3,15,机器人工程,,"物理,化学",2,4,5850.0
海南,2025,本科批,综合,1749,湖北大学,1,5,金融学,,不限,2,4,4500.0
海南,2025,本科批,综合,1812,湖北大学知行学院,1,13,旅游管理,,不限,2,4,16000.0
海南,2025,本科批,综合,1812,湖北大学知行学院,1,5,会计学,,不限,1,4,18000.0
海南,2025,本科批,综合,1812,湖北大学知行学院,1,2,商务英语,,不限,1,4,16000.0
海南,2025,本科批,综合,1812,湖北大学知行学院,1,4,国际经济与贸易,,不限,1,4,16000.0
海南,2025,本科批,综合,1812,湖北大学知行学院,1,9,审计学,,不限,1,4,18000.0
海南,2025,本科批,综合,1812,湖北大学知行学院,1,15,工商管理类,(包含专业:工商管理、市场营销),不限,1,4,16000.0
海南,2025,本科批,综合,1812,湖北大学知行学院,1,6,广播电视编导,,不限,1,4,20000.0
海南,2025,本科批,综合,1812,湖北大学知行学院,1,14,新闻传播学类,(包含专业:新闻学、广告学),不限,1,4,16000.0
海南,2025,本科批,综合,1812,湖北大学知行学院,2,16,机器人工程,,"物理,化学",1,4,18000.0
海南,2025,本科批,综合,1812,湖北大学知行学院,2,17,机械设计制造及其自动化,,"物理,化学",1,4,18000.0
海南,2025,本科批,综合,1812,湖北大学知行学院,1,12,汉语言文学,(教育、对外教学、写作方向),不限,1,4,16000.0
海南,2025,本科批,综合,1812,湖北大学知行学院,1,3,法学,,不限,1,4,16000.0
海南,2025,本科批,综合,1812,湖北大学知行学院,1,11,法语,,不限,1,4,16000.0
海南,2025,本科批,综合,1812,湖北大学知行学院,2,18,电子信息类,(包含专业:电子信息工程、集成电路设计与集成系统),"物理,化学",1,4,18000.0
海南,2025,本科批,综合,1812,湖北大学知行学院,1,7,英语,(教育、翻译、对外经贸),不限,1,4,16000.0
海南,2025,本科批,综合,1812,湖北大学知行学院,2,19,计算机类,(包含专业:计算机科学与技术、物联网工程),"物理,化学",1,4,18000.0
海南,2025,本科批,综合,1812,湖北大学知行学院,1,8,财务管理,,不限,1,4,18000.0
海南,2025,本科批,综合,1812,湖北大学知行学院,1,1,金融学,,不限,1,4,18000.0
海南,2025,本科批,综合,1812,湖北大学知行学院,1,10,风景园林,,不限,1,4,18000.0
海南,2025,本科批,综合,1850,湖北第二师范学院,1,1,国际经济与贸易,,不限,5,4,5200.0
海南,2025,本科批,综合,1850,湖北第二师范学院,2,2,数字经济,,物理,3,4,5200.0
海南,2025,本科批,综合,1850,湖北第二师范学院,3,3,电子信息类,(包含专业:光电信息科学与工程、电子信息科学与技术),"物理,化学",2,4,5200.0
海南,2025,本科批,综合,1826,湖北恩施学院,1,2,英语,,不限,5,4,19800.0
海南,2025,本科批,综合,1826,湖北恩施学院,2,3,临床医学,,"物理,化学",3,5,24800.0
海南,2025,本科批,综合,1826,湖北恩施学院,1,1,汉语言文学,,不限,3,4,19800.0
海南,2025,专科批,综合,1853,湖北工程职业学院,1,1,计算机应用技术,,不限,5,3,5000.0
海南,2025,专科批,综合,1853,湖北工程职业学院,1,2,跨境电子商务,,不限,5,3,5000.0
海南,2025,本科批,综合,1745,湖北工业大学,1,3,会计学,,不限,6,4,5850.0
海南,2025,本科批,综合,1745,湖北工业大学,1,1,金融学,(数智金融),不限,4,4,5850.0
海南,2025,本科批,综合,1745,湖北工业大学,1,2,国际经济与贸易,(数字贸易),不限,3,4,4500.0
海南,2025,本科批,综合,1745,湖北工业大学,2,4,电气工程及其自动化,,"物理,化学",2,4,5850.0
海南,2025,本科批,综合,1816,湖北工业大学工程技术学院,2,10,物联网工程,,"物理,化学",5,4,21000.0
海南,2025,本科批,综合,1816,湖北工业大学工程技术学院,1,3,电子商务,,不限,5,4,19800.0
海南,2025,本科批,综合,1816,湖北工业大学工程技术学院,1,1,国际经济与贸易,,不限,3,4,16000.0
海南,2025,本科批,综合,1816,湖北工业大学工程技术学院,2,6,新能源汽车工程,(吉利新能源班),"物理,化学",3,4,21000.0
海南,2025,本科批,综合,1816,湖北工业大学工程技术学院,2,7,机器人工程,,"物理,化学",3,4,21000.0
海南,2025,本科批,综合,1816,湖北工业大学工程技术学院,2,5,机械电子工程,,"物理,化学",3,4,18000.0
海南,2025,本科批,综合,1816,湖北工业大学工程技术学院,2,12,生物工程,,"物理,化学",3,4,16000.0
海南,2025,本科批,综合,1816,湖北工业大学工程技术学院,2,8,电子信息工程,,"物理,化学",3,4,21000.0
海南,2025,本科批,综合,1816,湖北工业大学工程技术学院,1,2,财务管理,,不限,3,4,21000.0
海南,2025,本科批,综合,1816,湖北工业大学工程技术学院,2,11,软件工程,,"物理,化学",3,4,21000.0
海南,2025,本科批,综合,1816,湖北工业大学工程技术学院,2,9,通信工程,,"物理,化学",3,4,21000.0
海南,2025,本科批,综合,1816,湖北工业大学工程技术学院,2,4,机械设计制造及其自动化,,"物理,化学",2,4,18000.0
海南,2025,专科批,综合,1846,湖北国土资源职业学院,1,1,国土资源调查与管理,,不限,4,3,5000.0
海南,2025,专科批,综合,1846,湖北国土资源职业学院,1,3,工程造价,,不限,4,3,5000.0
海南,2025,专科批,综合,1846,湖北国土资源职业学院,1,2,工程地质勘查,,不限,2,3,5000.0
海南,2025,专科批,综合,1794,湖北交通职业技术学院,2,4,机电一体化技术,,不限,8,3,5000.0
海南,2025,专科批,综合,1794,湖北交通职业技术学院,2,3,道路与桥梁工程技术,,不限,7,3,5000.0
海南,2025,专科提前批(面试),综合,1794,湖北交通职业技术学院,1,2,轮机工程技术,(与海军联合培养)(只招男生；定向培养军士；水面舰艇人员合格；考生须参加体检、政治考核并且合格),不限,7,3,5000.0
海南,2025,专科提前批(面试),综合,1794,湖北交通职业技术学院,1,1,航海技术,(与武警联合培养)(只招男生；定向培养军士；水面舰艇人员合格；考生须参加体检、政治考核并且合格),不限,5,3,5000.0
海南,2025,本科批,综合,1775,湖北经济学院,1,1,国际经济与贸易,,不限,2,4,4000.0
海南,2025,本科批,综合,1775,湖北经济学院,1,4,审计学,,不限,1,4,5200.0
海南,2025,本科批,综合,1775,湖北经济学院,1,6,新闻学,,不限,1,4,5200.0
海南,2025,本科批,综合,1775,湖北经济学院,1,5,法学,,不限,1,4,5200.0
海南,2025,本科批,综合,1775,湖北经济学院,1,7,网络与新媒体,,不限,1,4,4000.0
海南,2025,本科批,综合,1775,湖北经济学院,1,3,财务管理,,不限,1,4,5200.0
海南,2025,本科批,综合,1775,湖北经济学院,1,2,金融学,,不限,1,4,5200.0
海南,2025,本科批,综合,1827,湖北经济学院法商学院,1,2,会计学,(注册会计师),不限,7,4,20000.0
海南,2025,本科批,综合,1827,湖北经济学院法商学院,1,1,金融学,,不限,5,4,20000.0
海南,2025,本科批,综合,1827,湖北经济学院法商学院,1,3,跨境电子商务,,不限,3,4,18000.0
海南,2025,本科批,综合,1770,湖北警官学院,2,2,信息安全,,"物理,化学",6,4,4000.0
海南,2025,本科批,综合,1770,湖北警官学院,1,1,法学,,不限,14,4,4000.0
海南,2025,本科批,综合,1763,湖北科技学院,2,12,临床医学,,"物理,化学",2,5,5200.0
海南,2025,本科批,综合,1763,湖北科技学院,2,6,光电信息科学与工程,,"物理,化学",2,4,5200.0
海南,2025,本科批,综合,1763,湖北科技学院,1,3,工商管理,,不限,2,4,4000.0
海南,2025,本科批,综合,1763,湖北科技学院,2,11,应用化学,,"物理,化学",2,4,4000.0
海南,2025,本科批,综合,1763,湖北科技学院,2,7,核工程与核技术,,"物理,化学",2,4,5200.0
海南,2025,本科批,综合,1763,湖北科技学院,1,2,汉语言文学,,不限,2,4,4000.0
海南,2025,本科批,综合,1763,湖北科技学院,2,5,电气工程及其自动化,,"物理,化学",2,4,5200.0
海南,2025,本科批,综合,1763,湖北科技学院,1,1,经济学,,不限,2,4,4000.0
海南,2025,本科批,综合,1763,湖北科技学院,2,8,统计学,,"物理,化学",2,4,4000.0
海南,2025,本科批,综合,1763,湖北科技学院,2,9,药学,,"物理,化学",2,4,5200.0
海南,2025,本科批,综合,1763,湖北科技学院,2,10,药物制剂,,"物理,化学",2,4,4000.0
海南,2025,本科批,综合,1763,湖北科技学院,1,4,财务管理,,不限,2,4,4000.0
海南,2025,专科批,综合,1851,湖北科技职业学院,1,1,新能源汽车技术,,不限,5,3,5000.0
海南,2025,专科批,综合,1851,湖北科技职业学院,1,2,旅游管理,,不限,5,3,5000.0
海南,2025,本科批,综合,1762,湖北理工学院,3,3,环境工程,,"物理,化学",4,4,5200.0
海南,2025,本科批,综合,1762,湖北理工学院,1,1,国际经济与贸易,(不招单色识别不全者),不限,2,4,4000.0
海南,2025,本科批,综合,1762,湖北理工学院,2,2,工程管理,(不招单色识别不全者),物理,2,4,4000.0
海南,2025,本科批,综合,1762,湖北理工学院,3,4,应用化学,,"物理,化学",2,4,4000.0
海南,2025,本科批,综合,1752,湖北民族大学,2,3,临床医学,,"物理,化学",2,5,5200.0
海南,2025,本科批,综合,1752,湖北民族大学,3,5,思想政治教育,,政治,2,4,4000.0
海南,2025,本科批,综合,1752,湖北民族大学,1,1,汉语言文学,,不限,2,4,5200.0
海南,2025,本科批,综合,1752,湖北民族大学,1,2,法学,,不限,2,4,5200.0
海南,2025,本科批,综合,1752,湖北民族大学,2,4,计算机科学与技术,(智能技术方向),"物理,化学",2,4,5200.0
海南,2025,本科批,综合,1759,湖北汽车工业学院,1,1,财务管理,,不限,3,4,4000.0
海南,2025,本科批,综合,1759,湖北汽车工业学院,1,2,旅游管理,,不限,2,4,4000.0
海南,2025,专科批,综合,1798,湖北三峡职业技术学院,1,2,护理,,不限,5,3,5000.0
海南,2025,专科批,综合,1798,湖北三峡职业技术学院,1,3,大数据与会计,,不限,3,3,5000.0
海南,2025,专科批,综合,1798,湖北三峡职业技术学院,1,1,工程造价,,不限,2,3,5000.0
海南,2025,本科批,综合,1823,湖北商贸学院,1,3,会计学,"(大一就读咸宁校区,大二起就读武汉校区)",不限,2,4,22800.0
海南,2025,本科批,综合,1823,湖北商贸学院,2,5,工程造价,"(大一就读咸宁校区,大二起就读武汉校区)",物理,2,4,21800.0
海南,2025,本科批,综合,1823,湖北商贸学院,1,4,法学,"(大一就读咸宁校区,大二起就读武汉校区)",不限,2,4,22600.0
海南,2025,本科批,综合,1823,湖北商贸学院,1,1,英语,"(大一就读咸宁校区,大二起就读武汉校区)",不限,2,4,21800.0
海南,2025,本科批,综合,1823,湖北商贸学院,1,2,金融学,"(大一就读咸宁校区,大二起就读武汉校区)",不限,2,4,22800.0
海南,2025,专科批,综合,1847,湖北生态工程职业技术学院,1,5,建筑室内设计,,不限,4,3,5000.0
海南,2025,专科批,综合,1847,湖北生态工程职业技术学院,1,4,计算机网络技术,,不限,4,3,5000.0
海南,2025,专科批,综合,1847,湖北生态工程职业技术学院,1,6,大数据与会计,,不限,3,3,5000.0
海南,2025,专科批,综合,1847,湖北生态工程职业技术学院,1,3,机电一体化技术,,不限,3,3,5000.0
海南,2025,专科批,综合,1847,湖北生态工程职业技术学院,1,1,园艺技术,,不限,2,3,5000.0
海南,2025,专科批,综合,1847,湖北生态工程职业技术学院,1,2,无人机测绘技术,,不限,2,3,5000.0
海南,2025,专科批,综合,1804,湖北生物科技职业学院,1,2,大数据与会计,,不限,5,3,5000.0
海南,2025,专科批,综合,1804,湖北生物科技职业学院,1,1,水产养殖技术,,不限,5,3,5000.0
海南,2025,本科批,综合,1750,湖北师范大学,2,2,教育学类,(包含专业:教育学、小学教育、特殊教育),不限,3,4,4000.0
海南,2025,本科批,综合,1750,湖北师范大学,3,4,化学,,"物理,化学",2,4,5200.0
海南,2025,本科批,综合,1750,湖北师范大学,3,5,应用化学,,"物理,化学",2,4,5200.0
海南,2025,本科批,综合,1750,湖北师范大学,3,6,生物科学,,"物理,化学",2,4,5200.0
海南,2025,本科批,综合,1750,湖北师范大学,2,3,英语,,不限,2,4,5200.0
海南,2025,本科批,综合,1829,湖北师范大学文理学院,1,4,汉语言文学,,不限,6,4,18000.0
海南,2025,本科批,综合,1829,湖北师范大学文理学院,1,3,历史学,,不限,5,4,18000.0
海南,2025,本科批,综合,1829,湖北师范大学文理学院,1,2,学前教育,,不限,3,4,19000.0
海南,2025,本科批,综合,1829,湖北师范大学文理学院,1,5,电子商务,,不限,3,4,19000.0
海南,2025,本科批,综合,1829,湖北师范大学文理学院,2,7,人工智能,,"物理,化学",2,4,19000.0
海南,2025,本科批,综合,1829,湖北师范大学文理学院,1,1,小学教育,,不限,2,4,19000.0
海南,2025,本科批,综合,1829,湖北师范大学文理学院,1,6,经济学,,不限,2,4,19000.0
海南,2025,本科批,综合,1829,湖北师范大学文理学院,2,8,网络工程,,"物理,化学",2,4,19000.0
海南,2025,本科批,综合,1829,湖北师范大学文理学院,2,9,软件工程,,"物理,化学",2,4,21000.0
海南,2025,专科批,综合,1829,湖北师范大学文理学院,3,12,电子商务,,不限,4,3,12000.0
海南,2025,专科批,综合,1829,湖北师范大学文理学院,3,15,民航运输服务,"(女生身高160cm及以上,男生身高170cm及以上；五官端正；身体裸露部位无明显疤痕、胎记、色素沉着等；形体匀称,无“X”型腿、“0”型腿；无色盲、色弱；无精神病史；无各类慢性传染疾病)",不限,3,3,12000.0
海南,2025,专科批,综合,1829,湖北师范大学文理学院,3,16,计算机网络技术,,不限,3,3,12000.0
海南,2025,专科批,综合,1829,湖北师范大学文理学院,3,18,信息安全技术应用,,不限,2,3,13000.0
海南,2025,专科批,综合,1829,湖北师范大学文理学院,3,17,工业机器人技术,,不限,2,3,12000.0
海南,2025,专科批,综合,1829,湖北师范大学文理学院,3,10,无人机应用技术,(无精神病史；无各类慢性传染疾病；无色盲、色弱),不限,2,3,12000.0
海南,2025,专科批,综合,1829,湖北师范大学文理学院,3,14,航空物流管理,"(女生身高160cm及以上,男生身高170cm及以上；五官端正；身体裸露部位无明显疤痕、胎记、色素沉着等；形体匀称,无“X”型腿、“0”型腿；无色盲、色弱；无精神病史,无各类慢性传染疾病)",不限,2,3,12000.0
海南,2025,专科批,综合,1829,湖北师范大学文理学院,3,19,金融服务与管理,,不限,2,3,12000.0
海南,2025,专科批,综合,1829,湖北师范大学文理学院,3,13,中文,,不限,10,3,12000.0
海南,2025,专科批,综合,1829,湖北师范大学文理学院,3,11,大数据与会计,,不限,10,3,12000.0
海南,2025,专科批,综合,1801,湖北水利水电职业技术学院,1,3,光伏工程技术,,不限,2,3,5000.0
海南,2025,专科批,综合,1801,湖北水利水电职业技术学院,1,5,新能源汽车技术,,不限,2,3,5000.0
海南,2025,专科批,综合,1801,湖北水利水电职业技术学院,1,2,水利工程,,不限,2,3,5000.0
海南,2025,专科批,综合,1801,湖北水利水电职业技术学院,1,1,水利水电建筑工程,,不限,2,3,5000.0
海南,2025,专科批,综合,1801,湖北水利水电职业技术学院,1,4,风力发电工程技术,,不限,2,3,5000.0
海南,2025,本科批,综合,1754,湖北文理学院,1,4,化学,,"物理,化学",4,4,4000.0
海南,2025,本科批,综合,1754,湖北文理学院,1,1,医学检验技术,,"物理,化学",4,4,4000.0
海南,2025,本科批,综合,1754,湖北文理学院,1,2,食品科学与工程,,"物理,化学",4,4,4000.0
海南,2025,本科批,综合,1754,湖北文理学院,1,3,电子信息类,(包含专业:电子信息工程、通信工程),"物理,化学",3,4,4000.0
海南,2025,本科批,综合,1830,湖北文理学院理工学院,2,2,养老服务管理,,不限,2,4,15000.0
海南,2025,本科批,综合,1830,湖北文理学院理工学院,3,10,数据科学与大数据技术,,"物理,化学",2,4,13000.0
海南,2025,本科批,综合,1830,湖北文理学院理工学院,3,11,智能建造,,"物理,化学",2,4,16500.0
海南,2025,本科批,综合,1830,湖北文理学院理工学院,3,8,机器人工程,,"物理,化学",2,4,15000.0
海南,2025,本科批,综合,1830,湖北文理学院理工学院,3,7,机械设计制造及其自动化,,"物理,化学",2,4,18000.0
海南,2025,本科批,综合,1830,湖北文理学院理工学院,2,4,英语,,不限,2,4,13000.0
海南,2025,本科批,综合,1830,湖北文理学院理工学院,2,3,跨境电子商务,,不限,2,4,15000.0
海南,2025,本科批,综合,1830,湖北文理学院理工学院,3,9,通信工程,,"物理,化学",2,4,13000.0
海南,2025,本科批,综合,1830,湖北文理学院理工学院,3,6,智能交互设计,,"物理,化学",1,4,16500.0
海南,2025,本科批,综合,1830,湖北文理学院理工学院,2,5,汉语言文学,,不限,1,4,16300.0
海南,2025,本科批,综合,1830,湖北文理学院理工学院,3,12,电气工程及其自动化,,"物理,化学",1,4,16500.0
海南,2025,专科批,综合,1866,湖北孝感美珈职业学院,1,8,人工智能技术应用,,不限,5,3,15300.0
海南,2025,专科批,综合,1866,湖北孝感美珈职业学院,1,6,大数据技术,,不限,5,3,15300.0
海南,2025,专科批,综合,1866,湖北孝感美珈职业学院,1,12,跨境电子商务,,不限,5,3,12300.0
海南,2025,专科批,综合,1866,湖北孝感美珈职业学院,1,14,大数据与会计,,不限,3,3,12300.0
海南,2025,专科批,综合,1866,湖北孝感美珈职业学院,1,11,商务英语,,不限,2,3,12300.0
海南,2025,专科批,综合,1866,湖北孝感美珈职业学院,1,13,中医康复技术,,不限,10,3,13800.0
海南,2025,专科批,综合,1866,湖北孝感美珈职业学院,1,7,云计算技术应用,,不限,10,3,15300.0
海南,2025,专科批,综合,1866,湖北孝感美珈职业学院,1,1,工业机器人技术,,不限,10,3,15300.0
海南,2025,专科批,综合,1866,湖北孝感美珈职业学院,1,9,护理,,不限,10,3,14300.0
海南,2025,专科批,综合,1866,湖北孝感美珈职业学院,1,2,机电一体化技术,,不限,10,3,15300.0
海南,2025,专科批,综合,1866,湖北孝感美珈职业学院,1,3,电气自动化技术,,不限,10,3,15300.0
海南,2025,专科批,综合,1866,湖北孝感美珈职业学院,1,10,计算机应用技术,,不限,10,3,15300.0
海南,2025,专科批,综合,1866,湖北孝感美珈职业学院,1,4,计算机网络技术,,不限,10,3,15300.0
海南,2025,专科批,综合,1866,湖北孝感美珈职业学院,1,5,软件技术,,不限,10,3,15300.0
海南,2025,本科批,综合,1764,湖北医药学院,1,5,临床医学,,"物理,化学",2,5,5200.0
海南,2025,本科批,综合,1764,湖北医药学院,1,4,制药工程,,"物理,化学",1,4,4000.0
海南,2025,本科批,综合,1764,湖北医药学院,1,3,医学影像学,,"物理,化学",1,5,5200.0
海南,2025,本科批,综合,1764,湖北医药学院,1,6,医学检验技术,,"物理,化学",1,4,4000.0
海南,2025,本科批,综合,1764,湖北医药学院,1,1,口腔医学,,"物理,化学",1,5,5200.0
海南,2025,本科批,综合,1764,湖北医药学院,1,2,精神医学,,"物理,化学",1,5,5200.0
海南,2025,本科批,综合,1825,湖北医药学院药护学院,1,1,临床医学,,"物理,化学",3,5,20000.0
海南,2025,本科批,综合,1825,湖北医药学院药护学院,1,2,麻醉学,,"物理,化学",2,5,20000.0
海南,2025,专科批,综合,1782,湖北职业技术学院,1,8,新能源汽车技术,,不限,6,3,5000.0
海南,2025,专科批,综合,1782,湖北职业技术学院,1,3,口腔医学,,不限,5,3,5000.0
海南,2025,专科批,综合,1782,湖北职业技术学院,1,4,护理,,不限,5,3,5000.0
海南,2025,专科批,综合,1782,湖北职业技术学院,1,2,临床医学,,不限,4,3,5000.0
海南,2025,专科批,综合,1782,湖北职业技术学院,1,5,医学影像技术,,不限,4,3,5000.0
海南,2025,专科批,综合,1782,湖北职业技术学院,1,7,中医康复技术,,不限,2,3,5000.0
海南,2025,专科批,综合,1782,湖北职业技术学院,1,6,医学美容技术,,不限,2,3,5000.0
海南,2025,专科批,综合,1782,湖北职业技术学院,1,1,学前教育,,不限,2,3,5000.0
海南,2025,本科批,综合,1747,湖北中医药大学,2,10,中药学,,"物理,化学",3,4,5200.0
海南,2025,本科批,综合,1747,湖北中医药大学,1,5,供应链管理,,不限,3,4,4000.0
海南,2025,本科批,综合,1747,湖北中医药大学,1,2,保险学,,不限,2,4,4000.0
海南,2025,本科批,综合,1747,湖北中医药大学,1,3,公共事业管理,,不限,2,4,4000.0
海南,2025,本科批,综合,1747,湖北中医药大学,2,13,医学检验技术,,"物理,化学",2,4,5200.0
海南,2025,本科批,综合,1747,湖北中医药大学,2,12,卫生检验与检疫,,"物理,化学",2,4,5200.0
海南,2025,本科批,综合,1747,湖北中医药大学,1,6,市场营销,,不限,2,4,4000.0
海南,2025,本科批,综合,1747,湖北中医药大学,2,14,物联网工程,,"物理,化学",2,4,4000.0
海南,2025,本科批,综合,1747,湖北中医药大学,2,9,药学,,"物理,化学",2,4,5200.0
海南,2025,本科批,综合,1747,湖北中医药大学,1,1,中医学,,不限,1,5,5200.0
海南,2025,本科批,综合,1747,湖北中医药大学,1,7,公共事业管理,(医事法学方向),不限,1,4,4000.0
海南,2025,本科批,综合,1747,湖北中医药大学,1,4,国际商务,,不限,1,4,4000.0
海南,2025,本科批,综合,1747,湖北中医药大学,2,11,康复治疗学,,"物理,化学",1,4,4000.0
海南,2025,本科批,综合,1747,湖北中医药大学,1,8,英语,,不限,1,4,4000.0
海南,2025,专科批,综合,1781,湖北中医药高等专科学校,1,8,中医学,(不招色盲、色弱),不限,2,3,5000.0
海南,2025,专科批,综合,1781,湖北中医药高等专科学校,1,3,临床医学,(不招色盲、色弱),不限,2,3,5000.0
海南,2025,专科批,综合,1781,湖北中医药高等专科学校,1,5,针灸推拿,(不招色盲、色弱),不限,2,3,5000.0
海南,2025,专科批,综合,1781,湖北中医药高等专科学校,1,10,中医养生保健,,不限,1,3,5000.0
海南,2025,专科批,综合,1781,湖北中医药高等专科学校,1,7,中医骨伤,(不招色盲、色弱),不限,1,3,5000.0
海南,2025,专科批,综合,1781,湖北中医药高等专科学校,1,11,中药学,(不招色盲、色弱),不限,1,3,5000.0
海南,2025,专科批,综合,1781,湖北中医药高等专科学校,1,6,助产,(不招色盲、色弱),不限,1,3,5000.0
海南,2025,专科批,综合,1781,湖北中医药高等专科学校,1,13,医学检验技术,(不招色盲、色弱),不限,1,3,5000.0
海南,2025,专科批,综合,1781,湖北中医药高等专科学校,1,14,医学美容技术,,不限,1,3,5000.0
海南,2025,专科批,综合,1781,湖北中医药高等专科学校,2,17,口腔医学,(不招色盲色弱),物理,1,3,5000.0
海南,2025,专科批,综合,1781,湖北中医药高等专科学校,1,16,婴幼儿托育服务与管理,,不限,1,3,5000.0
海南,2025,专科批,综合,1781,湖北中医药高等专科学校,1,15,康复治疗技术,,不限,1,3,5000.0
海南,2025,专科批,综合,1781,湖北中医药高等专科学校,1,4,护理,(不招色盲、色弱),不限,1,3,5000.0
海南,2025,专科批,综合,1781,湖北中医药高等专科学校,1,12,智慧健康养老服务与管理,,不限,1,3,5000.0
海南,2025,专科批,综合,1781,湖北中医药高等专科学校,1,2,智能医疗装备技术,,不限,1,3,5000.0
海南,2025,专科批,综合,1781,湖北中医药高等专科学校,1,1,药品质量与安全,,不限,1,3,5000.0
海南,2025,专科批,综合,1781,湖北中医药高等专科学校,1,9,药学,(不招色盲、色弱),不限,1,3,5000.0
海南,2025,专科批,综合,1982,湖南安全技术职业学院,1,2,酒店管理与数字化运营,,不限,3,3,4600.0
海南,2025,专科批,综合,1982,湖南安全技术职业学院,1,1,市场营销,,不限,2,3,3500.0
海南,2025,专科批,综合,1967,湖南财经工业职业技术学院,1,3,业财数据应用与管理,,不限,5,3,3500.0
海南,2025,专科批,综合,1967,湖南财经工业职业技术学院,1,1,会计信息管理,,不限,4,3,3500.0
海南,2025,专科批,综合,1967,湖南财经工业职业技术学院,1,6,模具设计与制造,,不限,3,3,5060.0
海南,2025,专科批,综合,1967,湖南财经工业职业技术学院,1,5,数字化设计与制造技术,,不限,2,3,4600.0
海南,2025,专科批,综合,1967,湖南财经工业职业技术学院,1,8,现代物流管理,,不限,2,3,3500.0
海南,2025,专科批,综合,1967,湖南财经工业职业技术学院,1,4,电气自动化技术,,不限,2,3,4600.0
海南,2025,专科批,综合,1967,湖南财经工业职业技术学院,1,7,计算机应用技术,,不限,2,3,4600.0
海南,2025,专科批,综合,1967,湖南财经工业职业技术学院,1,2,大数据与会计,,不限,10,3,3500.0
海南,2025,本科批,综合,1904,湖南财政经济学院,1,6,会计学,,不限,2,4,5000.0
海南,2025,本科批,综合,1904,湖南财政经济学院,2,18,大数据管理与应用,,物理,2,4,5000.0
海南,2025,本科批,综合,1904,湖南财政经济学院,3,22,数据科学与大数据技术,,"物理,化学",2,4,5900.0
海南,2025,本科批,综合,1904,湖南财政经济学院,3,23,电子信息工程,,"物理,化学",2,4,5900.0
海南,2025,本科批,综合,1904,湖南财政经济学院,3,21,计算机科学与技术,,"物理,化学",2,4,5900.0
海南,2025,本科批,综合,1904,湖南财政经济学院,1,7,财务管理,,不限,2,4,5000.0
海南,2025,本科批,综合,1904,湖南财政经济学院,1,8,财政学类,(包含专业:财政学、税收学),不限,2,4,5000.0
海南,2025,本科批,综合,1904,湖南财政经济学院,1,11,人力资源管理,(数智HR),不限,1,4,5000.0
海南,2025,本科批,综合,1904,湖南财政经济学院,1,1,供应链管理,(智慧供应链),不限,1,4,5000.0
海南,2025,本科批,综合,1904,湖南财政经济学院,1,5,保险学,(数智保险),不限,1,4,5000.0
海南,2025,本科批,综合,1904,湖南财政经济学院,1,3,国际经济与贸易,(数字贸易),不限,1,4,5000.0
海南,2025,本科批,综合,1904,湖南财政经济学院,2,17,工程造价,,物理,1,4,5000.0
海南,2025,本科批,综合,1904,湖南财政经济学院,1,10,市场营销,(大数据营销),不限,1,4,5000.0
海南,2025,本科批,综合,1904,湖南财政经济学院,2,20,房地产开发与管理,(智慧城市运营),物理,1,4,5000.0
海南,2025,本科批,综合,1904,湖南财政经济学院,1,15,文化产业管理,(音视频产业),不限,1,4,5000.0
海南,2025,本科批,综合,1904,湖南财政经济学院,1,16,文化产业管理,,不限,1,4,5000.0
海南,2025,本科批,综合,1904,湖南财政经济学院,1,14,旅游管理,,不限,1,4,5000.0
海南,2025,本科批,综合,1904,湖南财政经济学院,1,2,日语,(财经日语),不限,1,4,4500.0
海南,2025,本科批,综合,1904,湖南财政经济学院,1,12,物流管理,(数智运营),不限,1,4,5000.0
海南,2025,本科批,综合,1904,湖南财政经济学院,1,4,经济学,,不限,1,4,5000.0
海南,2025,本科批,综合,1904,湖南财政经济学院,1,13,网络与新媒体,,不限,1,4,6000.0
海南,2025,本科批,综合,1904,湖南财政经济学院,1,9,金融学,(数智投资),不限,1,4,5000.0
海南,2025,本科批,综合,1904,湖南财政经济学院,2,19,金融数学,,物理,1,4,5000.0
海南,2025,专科批,综合,1960,湖南城建职业技术学院,1,1,建筑工程技术,,不限,8,3,5060.0
海南,2025,专科批,综合,1960,湖南城建职业技术学院,1,3,市政工程技术,,不限,4,3,4600.0
海南,2025,专科批,综合,1960,湖南城建职业技术学院,1,2,工程造价,,不限,2,3,5060.0
海南,2025,专科批,综合,1960,湖南城建职业技术学院,1,5,建筑设备工程技术,,不限,2,3,4600.0
海南,2025,专科批,综合,1960,湖南城建职业技术学院,1,4,道路与桥梁工程技术,,不限,2,3,4600.0
海南,2025,本科批,综合,1902,湖南城市学院,3,5,城乡规划,,不限,2,5,5900.0
海南,2025,本科批,综合,1902,湖南城市学院,3,4,城市管理,,不限,2,4,5000.0
海南,2025,本科批,综合,1902,湖南城市学院,3,6,城市设计,,不限,2,4,5900.0
海南,2025,本科批,综合,1902,湖南城市学院,3,3,工商管理,,不限,2,4,5000.0
海南,2025,本科批,综合,1902,湖南城市学院,4,9,工程造价,,物理,2,4,5900.0
海南,2025,本科批,综合,1902,湖南城市学院,5,10,建筑环境与能源应用工程,,"物理,化学",2,4,5900.0
海南,2025,本科批,综合,1902,湖南城市学院,4,8,房地产开发与管理,,物理,2,4,5900.0
海南,2025,本科批,综合,1902,湖南城市学院,3,7,汉语言文学,,不限,2,4,4000.0
海南,2025,本科批,综合,1902,湖南城市学院,5,12,电子信息工程,,"物理,化学",2,4,5900.0
海南,2025,本科批,综合,1902,湖南城市学院,5,11,给排水科学与工程,,"物理,化学",2,4,5900.0
海南,2025,本科批,综合,1902,湖南城市学院,5,14,能源与动力工程,,"物理,化学",2,4,5900.0
海南,2025,本科批,综合,1902,湖南城市学院,5,13,计算机科学与技术,,"物理,化学",2,4,5900.0
海南,2025,本科批,综合,1877,湖南大学,3,3,经济学类,"(含经济学、财政学、国际经济与贸易,本专业类内分流任选；分流专业均为国家级一流本科专业建设点；理科/选考物理考生入校后可选拔进入国际经济与贸易+数据科学与大数据技术(双学位)专业、数字经济专业；有体检要求,具体详见学校招生章程)",不限,8,4,5500.0
海南,2025,本科批,综合,1877,湖南大学,5,15,电气工程及其自动化,"(含电气工程及其自动化、自动化、电子信息工程、测控技术与仪器、储能科学与工程,专业分流时在上述专业内任选；电气工程及其自动化、自动化、电子信息工程、测控技术与仪器为国家级一流本科专业建设点；依托电气工程世界一流建设学科建设)","物理,化学",7,4,6500.0
海南,2025,本科批,综合,1877,湖南大学,5,26,智能制造工程,"(含智能制造工程、机械设计制造及其自动化、工业工程,专业分流时在上述专业内任选；依托机械工程世界一流建设学科建设；入校后可选拔进入能源与动力工程(未来能源与动力创新实验班)、工科试验班(人工智能类))","物理,化学",6,4,6500.0
海南,2025,本科批,综合,1877,湖南大学,5,24,计算机科学与技术,"(含计算机科学与技术、软件工程,专业分流时在上述专业内任选；分流专业均为国家级一流本科专业建设点；拥有国家拔尖计划2.0基地；入选教育部“101计划”；获批国家特色化示范性软件学院；入校后可选拔进入工科试验班(人工智能类)；有体检要求,具体详见学校招生章程)","物理,化学",6,4,6500.0
海南,2025,本科批,综合,1877,湖南大学,5,22,人工智能,"(含人工智能、机器人工程,专业分流时在上述专业内任选；依托机器人视觉感知与控制技术国家工程研究中心建设；入校后可选拔进入工科试验班(人工智能类))","物理,化学",5,4,6500.0
海南,2025,本科批,综合,1877,湖南大学,5,29,化学类,"(含化学、应用化学、化学生物学,本专业类内分流任选；化学入选世界一流建设学科,入选教育部“101计划”；化学、应用化学为国家级一流本科专业建设点；拥有国家拔尖计划2.0基地；有体检要求,具体详见学校招生章程)","物理,化学",5,4,5300.0
海南,2025,本科批,综合,1877,湖南大学,5,23,智能车辆工程,"(含智能车辆工程、车辆工程、工业工程,专业分流时在上述专业内任选；依托机械工程世界一流建设学科建设；拥有“整车先进设计制造技术全国重点实验室”；入校后可选拔进入能源与动力工程(未来能源与动力创新实验班)、工科试验班(人工智能类))","物理,化学",5,4,6500.0
海南,2025,本科批,综合,1877,湖南大学,6,30,汉语言文学,(国家级一流本科专业建设点；导师制培养；入校后可选拔进入人文科学试验班),历史,5,4,5300.0
海南,2025,本科批,综合,1877,湖南大学,5,27,材料科学与工程,"(含电子信息材料、材料科学与工程,专业分流时在上述专业内任选；拥有“军用关键材料”“军用能源技术”两个国防特色学科；依托ESI全球排名前万分之五的材料学科建设；与澳大利亚莫纳什大学有“3+2”联合培养项目)","物理,化学",4,4,6500.0
海南,2025,本科批,综合,1877,湖南大学,5,17,生物技术,"(含生物技术、生物医学工程,专业分流时在上述专业内任选；分流专业均为国家级一流本科专业建设点；项目制和导师制培养；入校后可选拔进入理科试验班专；考生入校后可选拔进入生物技术+计算机科学与技术(双学位)专业；有体检要求,具体详见学校招生章程)","物理,化学",4,4,5300.0
海南,2025,本科批,综合,1877,湖南大学,5,12,给排水科学与工程,"(国家级一流本科专业建设点；依托国家重点学科建设,拥有“建筑安全与节能教育部重点实验室”等专业教学实践基地)","物理,化学",4,4,6500.0
海南,2025,本科批,综合,1877,湖南大学,5,21,工业设计,(国家级一流本科专业建设点；学校是教育部工业设计专业教学指导分委员会主任单位),"物理,化学",3,4,6500.0
海南,2025,本科批,综合,1877,湖南大学,5,28,电子信息工程,"(含电气工程及其自动化、自动化、电子信息工程、测控技术与仪器、储能科学与工程,专业分流时在上述专业内任选；依托电气工程世界一流建设学科建设；入校后可选拔进入工科试验班(人工智能类))","物理,化学",3,4,6500.0
海南,2025,本科批,综合,1877,湖南大学,5,25,计算机科学与技术,"(智能实验班)(含智能科学与技术、物联网工程、数字媒体技术、数据科学与大数据技术,专业分流时在上述专业内任选；拥有国家拔尖计划2.0基地；入选教育部“101计划”；入校后可选拔进入工科试验班(人工智能类)；有体检要求,具体详见学校招生章程)","物理,化学",3,4,6500.0
海南,2025,本科批,综合,1877,湖南大学,80,8,边防军人子女预科班,"(只招经审核符合边防军人子女资格的考生,且考生的资格类型为“一、二类人员”；考生投档成绩须达到部分特殊类型招生投档最低控制分数线；预科培养地点:湖南大学)",不限,3,1,4000.0
海南,2025,本科批,综合,1877,湖南大学,5,14,信息安全,"(含信息安全、保密技术,专业分流时在上述专业内任选；信息安全为国家级一流本科专业建设点；依托国家一流网络安全学院(全国共16所)和国家保密学院建设)","物理,化学",2,4,6500.0
海南,2025,本科批,综合,1877,湖南大学,4,10,大数据管理与应用,"(含大数据管理与应用(商务大数据)、大数据管理与应用(金融大数据),专业分流时在上述专业内任选；有体检要求,具体详见学校招生章程)",物理,2,4,5500.0
海南,2025,本科批,综合,1877,湖南大学,5,20,微电子科学与工程,(应用于5G通讯、新能源汽车、人工智能国家战略性高新技术领域；依托功率半导体与集成技术全国重点实验室、国家第三代半导体技术创新中心、先进半导体技术与应用教育部工程研究中心等科研平台建设；入校后可选拔进入工科试验班(人工智能类)),"物理,化学",2,4,6500.0
海南,2025,本科批,综合,1877,湖南大学,3,5,新闻传播学类,"(含新闻学、广告学,本专业类内分流任选；分流专业均为国家级一流本科专业建设点)",不限,2,4,6000.0
海南,2025,本科批,综合,1877,湖南大学,3,7,法学,(国家级一流本科专业建设点；导师制培养),不限,2,4,5500.0
海南,2025,本科批,综合,1877,湖南大学,5,18,环境科学与工程类,"(含环境科学、环境工程,本专业类内分流任选；环境工程为国家级一流本科专业建设点；依托ESI全球排名前1‰的环境生态学学科建设)","物理,化学",2,4,6500.0
海南,2025,本科批,综合,1877,湖南大学,5,16,电子科学与技术,"(国家级一流本科专业建设点；设有出境交流专项经费,支持学生参加境外学术交流活动,与麻省理工学院、加州大学洛杉矶分校等建立了人才培养和学术交流战略合作关系,与比利时法语鲁汶大学共建合作基地；入校后可选拔进入工科试验班(人工智能类))","物理,化学",2,4,6500.0
海南,2025,本科批,综合,1877,湖南大学,5,11,自动化,"(含电气工程及其自动化、自动化、电子信息工程、测控技术与仪器、储能科学与工程,专业分流时在上述专业内任选；电气工程及其自动化、自动化、电子信息工程、测控技术与仪器为国家级一流本科专业建设点；依托电气工程世界一流建设学科建设)","物理,化学",2,4,6500.0
海南,2025,本科批,综合,1877,湖南大学,5,13,量子信息科学,"(新增专业,适应国家量子信息领域重大战略需求开设)","物理,化学",2,4,5300.0
海南,2025,本科批,综合,1877,湖南大学,5,19,集成电路设计与集成系统,"(新增专业,适应芯片设计与系统开发领域急需创新人才开设；依托功率半导体与集成技术国家重点实验室建设；入校后可选拔进入工科试验班(人工智能类))","物理,化学",2,4,6500.0
海南,2025,本科批,综合,1877,湖南大学,3,6,会计学,"(含会计学(智慧会计)、会计学(ACCA)、财务管理(智慧公司金融),专业分流时在上述专业内任选；分流专业均为国家级一流本科专业建设点；会计学(ACCA)培养国际化人才,出国深造率高；有体检要求,具体详见学校招生章程)",不限,1,4,5500.0
海南,2025,本科批,综合,1877,湖南大学,3,4,哲学,"(导师制培养,小班培养；与美国加州大学洛杉矶分校、美国加州大学伯克利分校、英国爱丁堡大学等有联合培养项目；入校后可选拔进入人文科学试验班)",不限,1,4,5300.0
海南,2025,本科批,综合,1877,湖南大学,4,9,精算学,(获北美精算师协会SOA-UCAP和CAS-URP国际认证；与美国伊利诺伊大学香槟分校建立本硕“3+2”联合培养项目),物理,1,4,5500.0
海南,2025,国家专项,综合,1877,湖南大学,1,1,工商管理,"(含工商管理(组织数智管理)、市场营销(智慧营销),专业分流时在上述专业内任选；分流专业均为国家级一流本科专业建设点；国家级特色专业；有体检要求,具体详见学校招生章程)",不限,2,4,5500.0
海南,2025,国家专项,综合,1877,湖南大学,2,2,建筑学,"(含建筑学、城乡规划,专业分流时在上述专业内任选；分流专业均为国家级一流本科专业建设点；与奥克兰大学等海外高校签署联合培养协议,与米兰理工大学等海外高校建立学分互认机制,专业学位国际认证)",物理,2,4,6500.0
海南,2025,专科批,综合,1913,湖南大众传媒职业技术学院,4,6,新闻采编与制作,,不限,3,3,6050.0
海南,2025,专科批,综合,1913,湖南大众传媒职业技术学院,4,4,大数据与会计,,不限,2,3,3850.0
海南,2025,专科批,综合,1913,湖南大众传媒职业技术学院,4,7,文化创意与策划,,不限,2,3,5500.0
海南,2025,专科批,综合,1913,湖南大众传媒职业技术学院,4,5,现代文秘,,不限,2,3,3200.0
海南,2025,本科批,综合,1910,湖南第一师范学院,1,10,通信工程,,"物理,化学",3,4,5900.0
海南,2025,本科批,综合,1910,湖南第一师范学院,1,9,人工智能,,"物理,化学",2,4,5900.0
海南,2025,本科批,综合,1910,湖南第一师范学院,1,3,工业智能,,"物理,化学",2,4,5900.0
海南,2025,本科批,综合,1910,湖南第一师范学院,1,1,微电子科学与工程,,"物理,化学",2,4,5900.0
海南,2025,本科批,综合,1910,湖南第一师范学院,1,7,数据科学与大数据技术,,"物理,化学",2,4,5900.0
海南,2025,本科批,综合,1910,湖南第一师范学院,1,4,智能制造工程,,"物理,化学",2,4,5900.0
海南,2025,本科批,综合,1910,湖南第一师范学院,1,12,机器人工程,,"物理,化学",2,4,5900.0
海南,2025,本科批,综合,1910,湖南第一师范学院,1,11,电子信息工程,,"物理,化学",2,4,5900.0
海南,2025,本科批,综合,1910,湖南第一师范学院,1,2,电气工程及其自动化,,"物理,化学",2,4,5900.0
海南,2025,本科批,综合,1910,湖南第一师范学院,1,5,网络空间安全,,"物理,化学",2,4,5900.0
海南,2025,本科批,综合,1910,湖南第一师范学院,1,8,计算机科学与技术,,"物理,化学",2,4,5900.0
海南,2025,本科批,综合,1910,湖南第一师范学院,1,6,软件工程,,"物理,化学",2,4,5900.0
海南,2025,专科批,综合,1983,湖南电气职业技术学院,1,2,智能网联汽车技术,,不限,5,3,4600.0
海南,2025,专科批,综合,1983,湖南电气职业技术学院,1,3,电梯工程技术,,不限,5,3,5060.0
海南,2025,专科批,综合,1983,湖南电气职业技术学院,1,1,风力发电工程技术,,不限,5,3,4600.0
海南,2025,专科批,综合,1989,湖南高尔夫旅游职业学院,2,2,旅游管理,,不限,2,3,11200.0
海南,2025,专科批,综合,1980,湖南高速铁路职业技术学院,1,2,铁道交通运营管理,"(不招色盲、色弱；男生身高要求170cm及以上,女生身高要求160cm及以上)",不限,4,3,5060.0
海南,2025,专科批,综合,1980,湖南高速铁路职业技术学院,1,1,铁道工程技术,(不招色盲、色弱),不限,4,3,5060.0
海南,2025,专科批,综合,1980,湖南高速铁路职业技术学院,1,6,动车组检修技术,(不招色盲、色弱),不限,3,3,7800.0
海南,2025,专科批,综合,1980,湖南高速铁路职业技术学院,1,3,铁道机车运用与维护,"(不招色盲、色弱；男生身高要求170cm及以上,女生身高要求160cm及以上)",不限,3,3,7800.0
海南,2025,专科批,综合,1980,湖南高速铁路职业技术学院,1,4,铁道供电技术,(不招色盲、色弱),不限,2,3,7800.0
海南,2025,专科批,综合,1980,湖南高速铁路职业技术学院,1,5,铁道车辆技术,(不招色盲、色弱),不限,2,3,7800.0
海南,2025,本科批,综合,1901,湖南工程学院,1,1,人力资源管理,,不限,6,4,5000.0
海南,2025,本科批,综合,1901,湖南工程学院,1,3,会计学,,不限,4,4,5000.0
海南,2025,本科批,综合,1901,湖南工程学院,1,2,物流管理,,不限,4,4,5000.0
海南,2025,本科批,综合,1901,湖南工程学院,2,5,电子信息工程,,"物理,化学",4,4,5900.0
海南,2025,本科批,综合,1901,湖南工程学院,1,4,商务英语,,不限,2,4,4500.0
海南,2025,本科批,综合,1940,湖南工程学院应用技术学院,1,1,电子商务,,不限,3,4,12700.0
海南,2025,本科批,综合,1940,湖南工程学院应用技术学院,1,4,英语,,不限,3,4,12500.0
海南,2025,本科批,综合,1940,湖南工程学院应用技术学院,1,3,会计学,,不限,2,4,12700.0
海南,2025,本科批,综合,1940,湖南工程学院应用技术学院,1,2,市场营销,,不限,2,4,12700.0
海南,2025,专科批,综合,1922,湖南工程职业技术学院,1,16,工程造价,,不限,2,3,5060.0
海南,2025,专科批,综合,1922,湖南工程职业技术学院,1,4,国土空间规划与测绘,,不限,1,3,4600.0
海南,2025,专科批,综合,1922,湖南工程职业技术学院,1,5,地下与隧道工程技术,,不限,1,3,4600.0
海南,2025,专科批,综合,1922,湖南工程职业技术学院,1,10,大数据与会计,,不限,1,3,3500.0
海南,2025,专科批,综合,1922,湖南工程职业技术学院,1,7,工程测量技术,,不限,1,3,5060.0
海南,2025,专科批,综合,1922,湖南工程职业技术学院,1,8,市场营销,,不限,1,3,3500.0
海南,2025,专科批,综合,1922,湖南工程职业技术学院,1,18,应用英语,,不限,1,3,3200.0
海南,2025,专科批,综合,1922,湖南工程职业技术学院,1,12,建筑室内设计,,不限,1,3,7500.0
海南,2025,专科批,综合,1922,湖南工程职业技术学院,1,1,建筑工程技术,(智慧建造方向),不限,1,3,5060.0
海南,2025,专科批,综合,1922,湖南工程职业技术学院,1,2,建筑工程技术,,不限,1,3,5060.0
海南,2025,专科批,综合,1922,湖南工程职业技术学院,1,14,建筑经济信息化管理,,不限,1,3,4600.0
海南,2025,专科批,综合,1922,湖南工程职业技术学院,1,13,建筑装饰工程技术,(装饰设计与数字建造方向),不限,1,3,7500.0
海南,2025,专科批,综合,1922,湖南工程职业技术学院,1,17,建设工程管理,,不限,1,3,4600.0
海南,2025,专科批,综合,1922,湖南工程职业技术学院,1,15,房地产经营与管理,,不限,1,3,4600.0
海南,2025,专科批,综合,1922,湖南工程职业技术学院,1,3,摄影测量与遥感技术,,不限,1,3,4600.0
海南,2025,专科批,综合,1922,湖南工程职业技术学院,1,9,旅游管理,(生态旅游方向),不限,1,3,4600.0
海南,2025,专科批,综合,1922,湖南工程职业技术学院,1,11,环境艺术设计,,不限,1,3,7500.0
海南,2025,专科批,综合,1922,湖南工程职业技术学院,1,6,道路与桥梁工程技术,,不限,1,3,4600.0
海南,2025,专科批,综合,1922,湖南工程职业技术学院,1,19,酒店管理与数字化运营,,不限,1,3,5060.0
海南,2025,本科批,综合,1893,湖南工商大学,3,6,会计学,,不限,3,4,5000.0
海南,2025,本科批,综合,1893,湖南工商大学,3,7,工商管理类,(包含专业:工商管理、市场营销、人力资源管理),不限,3,4,5000.0
海南,2025,本科批,综合,1893,湖南工商大学,3,4,跨境电子商务,,不限,3,4,5000.0
海南,2025,本科批,综合,1893,湖南工商大学,3,8,商务英语,,不限,2,4,4500.0
海南,2025,本科批,综合,1893,湖南工商大学,4,13,大数据管理与应用,(智慧能源与碳中和院士卓越班),物理,2,4,5000.0
海南,2025,本科批,综合,1893,湖南工商大学,5,18,数字媒体技术,,"物理,化学",2,4,5900.0
海南,2025,本科批,综合,1893,湖南工商大学,4,12,数字经济,,物理,2,4,5000.0
海南,2025,本科批,综合,1893,湖南工商大学,3,5,金融学,(智慧金融与科技监管院士卓越班),不限,2,4,5000.0
海南,2025,本科批,综合,1893,湖南工商大学,5,14,集成电路设计与集成系统,,"物理,化学",2,4,5900.0
海南,2025,本科批,综合,1893,湖南工商大学,5,16,微电子科学与工程,,"物理,化学",1,4,5900.0
海南,2025,本科批,综合,1893,湖南工商大学,3,11,数字人文,,不限,1,4,4500.0
海南,2025,本科批,综合,1893,湖南工商大学,3,9,新闻传播学类,(包含专业:新闻学、广告学),不限,1,4,6000.0
海南,2025,本科批,综合,1893,湖南工商大学,3,10,旅游管理类,(包含专业:旅游管理、酒店管理),不限,1,4,5000.0
海南,2025,本科批,综合,1893,湖南工商大学,5,15,机器人工程,,"物理,化学",1,4,5900.0
海南,2025,本科批,综合,1893,湖南工商大学,5,19,网络空间安全,,"物理,化学",1,4,5900.0
海南,2025,本科批,综合,1893,湖南工商大学,5,17,量子信息科学,,"物理,化学",1,4,4500.0
海南,2025,本科批,综合,1903,湖南工学院,3,17,安全工程,,"物理,化学",3,4,5900.0
海南,2025,本科批,综合,1903,湖南工学院,3,16,无机非金属材料工程,,"物理,化学",3,4,4800.0
海南,2025,本科批,综合,1903,湖南工学院,3,24,环境工程,,"物理,化学",3,4,4800.0
海南,2025,本科批,综合,1903,湖南工学院,3,15,高分子材料与工程,,"物理,化学",3,4,4800.0
海南,2025,本科批,综合,1903,湖南工学院,1,1,会计学,,不限,2,4,4000.0
海南,2025,本科批,综合,1903,湖南工学院,3,28,信息与计算科学,,"物理,化学",2,4,3800.0
海南,2025,本科批,综合,1903,湖南工学院,3,23,化学工程与工艺,,"物理,化学",2,4,4800.0
海南,2025,本科批,综合,1903,湖南工学院,3,32,土木工程,,"物理,化学",2,4,4800.0
海南,2025,本科批,综合,1903,湖南工学院,3,33,城市地下空间工程,,"物理,化学",2,4,4800.0
海南,2025,本科批,综合,1903,湖南工学院,2,9,大数据管理与应用,,物理,2,4,4000.0
海南,2025,本科批,综合,1903,湖南工学院,2,7,工业工程,,物理,2,4,4800.0
海南,2025,本科批,综合,1903,湖南工学院,3,31,工业设计,,"物理,化学",2,4,4800.0
海南,2025,本科批,综合,1903,湖南工学院,1,2,工商管理,,不限,2,4,4000.0
海南,2025,本科批,综合,1903,湖南工学院,2,8,工程造价,,物理,2,4,4800.0
海南,2025,本科批,综合,1903,湖南工学院,3,18,应急技术与管理,,"物理,化学",2,4,4800.0
海南,2025,本科批,综合,1903,湖南工学院,3,29,应用物理学,,"物理,化学",2,4,3800.0
海南,2025,本科批,综合,1903,湖南工学院,3,30,应用统计学,,"物理,化学",2,4,3800.0
海南,2025,本科批,综合,1903,湖南工学院,1,6,建筑学,,不限,2,4,4800.0
海南,2025,本科批,综合,1903,湖南工学院,1,4,日语,,不限,2,4,3800.0
海南,2025,本科批,综合,1903,湖南工学院,3,12,智能车辆工程,,"物理,化学",2,4,4800.0
海南,2025,本科批,综合,1903,湖南工学院,3,11,机械设计制造及其自动化,,"物理,化学",2,4,5900.0
海南,2025,本科批,综合,1903,湖南工学院,3,14,材料科学与工程,,"物理,化学",2,4,4800.0
海南,2025,本科批,综合,1903,湖南工学院,1,3,物流管理,,不限,2,4,5000.0
海南,2025,本科批,综合,1903,湖南工学院,3,27,物联网工程,,"物理,化学",2,4,4800.0
海南,2025,本科批,综合,1903,湖南工学院,3,21,电子信息工程,,"物理,化学",2,4,5900.0
海南,2025,本科批,综合,1903,湖南工学院,3,20,电气工程与智能控制,,"物理,化学",2,4,4800.0
海南,2025,本科批,综合,1903,湖南工学院,3,19,电气工程及其自动化,,"物理,化学",2,4,5900.0
海南,2025,本科批,综合,1903,湖南工学院,3,26,网络空间安全,,"物理,化学",2,4,4800.0
海南,2025,本科批,综合,1903,湖南工学院,3,13,自动化,,"物理,化学",2,4,5900.0
海南,2025,本科批,综合,1903,湖南工学院,1,5,英语,,不限,2,4,3800.0
海南,2025,本科批,综合,1903,湖南工学院,3,25,计算机科学与技术,,"物理,化学",2,4,5900.0
海南,2025,本科批,综合,1903,湖南工学院,3,22,通信工程,,"物理,化学",2,4,5900.0
海南,2025,本科批,综合,1903,湖南工学院,2,10,金融工程,,物理,2,4,4000.0
海南,2025,本科批,综合,1906,湖南工业大学,3,13,材料类,(包含专业:冶金工程、金属材料工程、粉体材料科学与工程、新能源材料与器件),"物理,化学",5,4,5900.0
海南,2025,本科批,综合,1906,湖南工业大学,3,11,包装工程,,"物理,化学",4,4,5900.0
海南,2025,本科批,综合,1906,湖南工业大学,3,20,应用化学,(不招色盲),"物理,化学",4,4,4500.0
海南,2025,本科批,综合,1906,湖南工业大学,3,22,环境生态工程,,"物理,化学",4,4,5900.0
海南,2025,本科批,综合,1906,湖南工业大学,1,9,网络与新媒体,(培养地点:河东校区),不限,4,4,6000.0
海南,2025,本科批,综合,1906,湖南工业大学,1,8,汉语言文学,(培养地点:河东校区),不限,3,4,4500.0
海南,2025,本科批,综合,1906,湖南工业大学,1,6,法学,,不限,3,4,5000.0
海南,2025,本科批,综合,1906,湖南工业大学,3,15,电子信息工程,(办学地点:河东校区),"物理,化学",3,4,5900.0
海南,2025,本科批,综合,1906,湖南工业大学,3,17,电气工程及其自动化,(办学地点:河东校区),"物理,化学",3,4,5900.0
海南,2025,本科批,综合,1906,湖南工业大学,3,16,自动化,(办学地点:河东校区),"物理,化学",3,4,5900.0
海南,2025,本科批,综合,1906,湖南工业大学,3,12,高分子材料与工程,,"物理,化学",3,4,5900.0
海南,2025,本科批,综合,1906,湖南工业大学,1,3,会计学,(培养地点:河东校区),不限,2,4,5000.0
海南,2025,本科批,综合,1906,湖南工业大学,3,19,信息与计算科学,,"物理,化学",2,4,4500.0
海南,2025,本科批,综合,1906,湖南工业大学,1,5,国际经济与贸易,(培养地点:河东校区),不限,2,4,5000.0
海南,2025,本科批,综合,1906,湖南工业大学,3,21,土木工程,,"物理,化学",2,4,5900.0
海南,2025,本科批,综合,1906,湖南工业大学,1,2,城乡规划,,不限,2,5,5900.0
海南,2025,本科批,综合,1906,湖南工业大学,3,23,导航工程,,"物理,化学",2,4,5900.0
海南,2025,本科批,综合,1906,湖南工业大学,3,25,工业设计,,"物理,化学",2,4,5900.0
海南,2025,本科批,综合,1906,湖南工业大学,1,4,市场营销,(培养地点:河东校区),不限,2,4,5000.0
海南,2025,本科批,综合,1906,湖南工业大学,1,1,建筑学,,不限,2,5,5900.0
海南,2025,本科批,综合,1906,湖南工业大学,3,18,智能建造,,"物理,化学",2,4,5900.0
海南,2025,本科批,综合,1906,湖南工业大学,3,14,智能材料与结构,,"物理,化学",2,4,5900.0
海南,2025,本科批,综合,1906,湖南工业大学,3,24,通信工程,,"物理,化学",2,4,5900.0
海南,2025,本科批,综合,1906,湖南工业大学,2,10,金融工程,(培养地点:河东校区),物理,2,4,5000.0
海南,2025,本科批,综合,1906,湖南工业大学,1,7,英语,(培养地点:河东校区),不限,1,4,4500.0
海南,2025,专科批,综合,1897,湖南工业职业技术学院,1,2,现代物流管理,,不限,4,3,3500.0
海南,2025,专科批,综合,1897,湖南工业职业技术学院,2,4,软件技术,,物理,4,3,7800.0
海南,2025,专科批,综合,1897,湖南工业职业技术学院,1,1,金融服务与管理,,不限,4,3,3500.0
海南,2025,专科批,综合,1897,湖南工业职业技术学院,1,3,室内艺术设计,,不限,3,3,7500.0
海南,2025,专科提前批(面试),综合,1988,湖南国防工业职业技术学院,1,1,应用电子技术,(火箭军)(只招男生；定向培养军士；火箭军；考生须参加体检、政治考核并且合格),不限,5,3,7850.0
海南,2025,专科提前批(面试),综合,1988,湖南国防工业职业技术学院,1,2,应用电子技术,(航空机务维修综合航电方向)(只招男生；定向培养军士；航空机务维修综合航电方向；考生须参加体检、政治考核并且合格),不限,5,3,7850.0
海南,2025,专科提前批(面试),综合,1988,湖南国防工业职业技术学院,1,3,无人机应用技术,(只招男生；定向培养军士；陆军地面无人装备作战运用；考生须参加体检、政治考核并且合格),不限,5,3,7850.0
海南,2025,专科批,综合,1943,湖南环境生物职业技术学院,1,2,护理,,不限,4,3,5460.0
海南,2025,专科批,综合,1943,湖南环境生物职业技术学院,1,4,临床医学,,不限,2,3,5460.0
海南,2025,专科批,综合,1943,湖南环境生物职业技术学院,1,3,口腔医学,,不限,2,3,5460.0
海南,2025,专科批,综合,1943,湖南环境生物职业技术学院,1,1,药学,,不限,2,3,5460.0
海南,2025,专科批,综合,1951,湖南机电职业技术学院,1,2,人工智能技术应用,,不限,7,3,4600.0
海南,2025,专科批,综合,1951,湖南机电职业技术学院,1,1,工业机器人技术,,不限,13,3,5060.0
海南,2025,专科批,综合,1919,湖南交通职业技术学院,1,3,人工智能技术应用,,不限,2,3,4600.0
海南,2025,专科批,综合,1919,湖南交通职业技术学院,1,4,城市轨道交通运营管理,,不限,2,3,4600.0
海南,2025,专科批,综合,1919,湖南交通职业技术学院,1,5,旅游管理,,不限,2,3,4600.0
海南,2025,专科批,综合,1919,湖南交通职业技术学院,1,1,道路与桥梁工程技术,,不限,2,3,5060.0
海南,2025,专科批,综合,1919,湖南交通职业技术学院,1,2,高速铁路施工与维护,,不限,2,3,4600.0
海南,2025,专科批,综合,1972,湖南九嶷职业技术学院,1,2,新能源汽车技术,,不限,6,3,4600.0
海南,2025,专科批,综合,1972,湖南九嶷职业技术学院,1,1,酒店管理与数字化运营,,不限,6,3,4600.0
海南,2025,本科批,综合,1879,湖南科技大学,4,53,材料科学与工程,,"物理,化学",8,4,5900.0
海南,2025,本科批,综合,1879,湖南科技大学,4,49,集成电路设计与集成系统,,"物理,化学",6,4,5900.0
海南,2025,本科批,综合,1879,湖南科技大学,4,45,制药工程,,"物理,化学",5,4,5900.0
海南,2025,本科批,综合,1879,湖南科技大学,4,41,化学,,"物理,化学",5,4,4000.0
海南,2025,本科批,综合,1879,湖南科技大学,4,43,化学工程与工艺,,"物理,化学",5,4,5900.0
海南,2025,本科批,综合,1879,湖南科技大学,4,32,土木工程,,"物理,化学",5,4,5900.0
海南,2025,本科批,综合,1879,湖南科技大学,4,42,应用化学,,"物理,化学",5,4,4500.0
海南,2025,本科批,综合,1879,湖南科技大学,4,35,智能建造,,"物理,化学",5,4,5900.0
海南,2025,本科批,综合,1879,湖南科技大学,4,29,环境工程,,"物理,化学",5,4,5900.0
海南,2025,本科批,综合,1879,湖南科技大学,4,50,生物科学,,"物理,化学",5,4,4000.0
海南,2025,本科批,综合,1879,湖南科技大学,4,36,建筑环境与能源应用工程,,"物理,化学",4,4,5900.0
海南,2025,本科批,综合,1879,湖南科技大学,4,46,信息与计算科学,,"物理,化学",3,4,4500.0
海南,2025,本科批,综合,1879,湖南科技大学,2,4,历史学,,不限,3,4,4000.0
海南,2025,本科批,综合,1879,湖南科技大学,2,2,城乡规划,,不限,3,5,5900.0
海南,2025,本科批,综合,1879,湖南科技大学,4,57,安全工程,,"物理,化学",3,4,5900.0
海南,2025,本科批,综合,1879,湖南科技大学,2,13,工商管理,,不限,3,4,5000.0
海南,2025,本科批,综合,1879,湖南科技大学,3,19,数字经济,,物理,3,4,5000.0
海南,2025,本科批,综合,1879,湖南科技大学,4,23,智能制造工程,,"物理,化学",3,4,5900.0
海南,2025,本科批,综合,1879,湖南科技大学,4,39,物联网工程,,"物理,化学",3,4,5900.0
海南,2025,本科批,综合,1879,湖南科技大学,4,51,生物工程,,"物理,化学",3,4,5900.0
海南,2025,本科批,综合,1879,湖南科技大学,4,27,电子信息工程,,"物理,化学",3,4,5900.0
海南,2025,本科批,综合,1879,湖南科技大学,4,22,车辆工程,,"物理,化学",3,4,5900.0
海南,2025,本科批,综合,1879,湖南科技大学,4,56,遥感科学与技术,,"物理,化学",3,4,5900.0
海南,2025,本科批,综合,1879,湖南科技大学,2,12,会计学,,不限,2,4,5000.0
海南,2025,本科批,综合,1879,湖南科技大学,4,38,信息安全,,"物理,化学",2,4,5900.0
海南,2025,本科批,综合,1879,湖南科技大学,2,15,公共事业管理,,不限,2,4,5000.0
海南,2025,本科批,综合,1879,湖南科技大学,4,55,勘查技术与工程,,"物理,化学",2,4,3600.0
海南,2025,本科批,综合,1879,湖南科技大学,4,44,化学工程与工艺,(卓越工程师班),"物理,化学",2,4,5900.0
海南,2025,本科批,综合,1879,湖南科技大学,2,11,国际经济与贸易,,不限,2,4,5000.0
海南,2025,本科批,综合,1879,湖南科技大学,4,34,工程力学,,"物理,化学",2,4,5900.0
海南,2025,本科批,综合,1879,湖南科技大学,4,31,应急技术与管理,,"物理,化学",2,4,5900.0
海南,2025,本科批,综合,1879,湖南科技大学,2,9,应用心理学,,不限,2,4,4000.0
海南,2025,本科批,综合,1879,湖南科技大学,4,59,应用统计学,,"物理,化学",2,4,4500.0
海南,2025,本科批,综合,1879,湖南科技大学,3,16,建筑学,,物理,2,5,5900.0
海南,2025,本科批,综合,1879,湖南科技大学,3,17,教育技术学,,物理,2,4,4000.0
海南,2025,本科批,综合,1879,湖南科技大学,4,58,数学与应用数学,,"物理,化学",2,4,4000.0
海南,2025,本科批,综合,1879,湖南科技大学,2,5,新闻学,,不限,2,4,6000.0
海南,2025,本科批,综合,1879,湖南科技大学,2,6,日语,,不限,2,4,4500.0
海南,2025,本科批,综合,1879,湖南科技大学,4,54,智能材料与结构,,"物理,化学",2,4,5900.0
海南,2025,本科批,综合,1879,湖南科技大学,4,20,机械设计制造及其自动化,,"物理,化学",2,4,5900.0
海南,2025,本科批,综合,1879,湖南科技大学,4,52,材料成型及控制工程,,"物理,化学",2,4,5900.0
海南,2025,本科批,综合,1879,湖南科技大学,2,3,汉语言文学,,不限,2,4,4000.0
海南,2025,本科批,综合,1879,湖南科技大学,4,21,测控技术与仪器,,"物理,化学",2,4,5900.0
海南,2025,本科批,综合,1879,湖南科技大学,4,47,物理学,,"物理,化学",2,4,4000.0
海南,2025,本科批,综合,1879,湖南科技大学,4,48,电子信息科学与技术,,"物理,化学",2,4,5900.0
海南,2025,本科批,综合,1879,湖南科技大学,4,25,电气工程及其自动化,,"物理,化学",2,4,5900.0
海南,2025,本科批,综合,1879,湖南科技大学,4,26,电气工程及其自动化,(卓越工程师班),"物理,化学",2,4,5900.0
海南,2025,本科批,综合,1879,湖南科技大学,2,10,经济学,,不限,2,4,5000.0
海南,2025,本科批,综合,1879,湖南科技大学,2,7,翻译,,不限,2,4,4500.0
海南,2025,本科批,综合,1879,湖南科技大学,4,37,计算机科学与技术,,"物理,化学",2,4,5900.0
海南,2025,本科批,综合,1879,湖南科技大学,4,40,软件工程,,"物理,化学",2,4,5900.0
海南,2025,本科批,综合,1879,湖南科技大学,3,18,金融工程,,物理,2,4,5000.0
海南,2025,本科批,综合,1879,湖南科技大学,4,28,人工智能,,"物理,化学",1,4,5900.0
海南,2025,本科批,综合,1879,湖南科技大学,4,33,土木工程,(海牛实验班),"物理,化学",1,4,5900.0
海南,2025,本科批,综合,1879,湖南科技大学,2,8,教育学,,不限,1,4,4000.0
海南,2025,本科批,综合,1879,湖南科技大学,2,14,法学,,不限,1,4,5000.0
海南,2025,本科批,综合,1879,湖南科技大学,4,24,海洋机器人,,"物理,化学",1,4,5900.0
海南,2025,本科批,综合,1879,湖南科技大学,4,30,环境工程,(智能创新班),"物理,化学",1,4,5900.0
海南,2025,本科批,综合,1931,湖南科技大学潇湘学院,2,4,土木工程,,"物理,化学",2,4,13000.0
海南,2025,本科批,综合,1931,湖南科技大学潇湘学院,2,5,机械设计制造及其自动化,,"物理,化学",2,4,14950.0
海南,2025,本科批,综合,1931,湖南科技大学潇湘学院,1,3,汉语言文学,,不限,1,4,12700.0
海南,2025,本科批,综合,1931,湖南科技大学潇湘学院,1,1,法学,,不限,1,4,12700.0
海南,2025,本科批,综合,1931,湖南科技大学潇湘学院,1,2,英语,,不限,1,4,12700.0
海南,2025,本科批,综合,1891,湖南科技学院,5,6,旅游管理,,不限,6,4,
海南,2025,本科批,综合,1891,湖南科技学院,7,11,数字媒体技术,,"物理,化学",3,4,
海南,2025,本科批,综合,1891,湖南科技学院,6,8,数字经济,,物理,3,4,
海南,2025,本科批,综合,1891,湖南科技学院,7,14,新能源材料与器件,,"物理,化学",3,4,
海南,2025,本科批,综合,1891,湖南科技学院,5,5,日语,,不限,3,4,
海南,2025,本科批,综合,1891,湖南科技学院,7,15,智能制造工程,,"物理,化学",3,4,
海南,2025,本科批,综合,1891,湖南科技学院,7,13,智能建造,,"物理,化学",3,4,
海南,2025,本科批,综合,1891,湖南科技学院,7,9,生物技术,,"物理,化学",3,4,
海南,2025,本科批,综合,1891,湖南科技学院,7,10,计算机科学与技术,,"物理,化学",3,4,
海南,2025,本科批,综合,1891,湖南科技学院,5,7,跨境电子商务,,不限,3,4,
海南,2025,本科批,综合,1891,湖南科技学院,7,12,食品质量与安全,,"物理,化学",3,4,
海南,2025,专科批,综合,1917,湖南科技职业学院,1,2,机电一体化技术,,不限,14,3,5060.0
海南,2025,专科批,综合,1917,湖南科技职业学院,1,1,商务管理,,不限,1,3,3500.0
海南,2025,本科批,综合,1885,湖南理工学院,1,3,国际经济与贸易,,不限,8,4,5000.0
海南,2025,本科批,综合,1885,湖南理工学院,2,8,应用化学,,"物理,化学",7,4,4500.0
海南,2025,本科批,综合,1885,湖南理工学院,1,1,人力资源管理,,不限,5,4,5000.0
海南,2025,本科批,综合,1885,湖南理工学院,1,2,知识产权,,不限,3,4,5000.0
海南,2025,本科批,综合,1885,湖南理工学院,2,7,药学,,"物理,化学",3,4,7500.0
海南,2025,本科批,综合,1885,湖南理工学院,1,4,广告学,,不限,2,4,6000.0
海南,2025,本科批,综合,1885,湖南理工学院,1,5,网络与新媒体,,不限,2,4,6000.0
海南,2025,本科批,综合,1885,湖南理工学院,2,6,化学工程与工艺,,"物理,化学",10,4,5900.0
海南,2025,专科批,综合,1973,湖南理工职业技术学院,1,2,新能源汽车技术,,不限,6,3,4600.0
海南,2025,专科批,综合,1973,湖南理工职业技术学院,1,1,光伏工程技术,,不限,5,3,4600.0
海南,2025,本科批,综合,1881,湖南农业大学,3,22,数据科学与大数据技术,,"物理,化学",5,4,5900.0
海南,2025,本科批,综合,1881,湖南农业大学,3,9,水产养殖学,,"物理,化学",5,4,3600.0
海南,2025,本科批,综合,1881,湖南农业大学,3,11,水生动物医学,,"物理,化学",5,4,3600.0
海南,2025,本科批,综合,1881,湖南农业大学,3,19,农业资源与环境,,"物理,化学",3,4,3600.0
海南,2025,本科批,综合,1881,湖南农业大学,3,8,动物科学,,"物理,化学",3,4,3600.0
海南,2025,本科批,综合,1881,湖南农业大学,1,5,应用心理学,,不限,3,4,4500.0
海南,2025,本科批,综合,1881,湖南农业大学,3,10,植物保护,,"物理,化学",3,4,3600.0
海南,2025,本科批,综合,1881,湖南农业大学,3,14,农业机械化及其自动化,,"物理,化学",2,4,5900.0
海南,2025,本科批,综合,1881,湖南农业大学,3,15,农学,,"物理,化学",2,4,3600.0
海南,2025,本科批,综合,1881,湖南农业大学,3,13,动植物检疫,,"物理,化学",2,4,3600.0
海南,2025,本科批,综合,1881,湖南农业大学,3,16,动物药学,,"物理,化学",2,4,3600.0
海南,2025,本科批,综合,1881,湖南农业大学,1,2,劳动与社会保障,,不限,2,4,5000.0
海南,2025,本科批,综合,1881,湖南农业大学,2,7,工程管理,,物理,2,4,5000.0
海南,2025,本科批,综合,1881,湖南农业大学,1,3,市场营销,,不限,2,4,5000.0
海南,2025,本科批,综合,1881,湖南农业大学,1,6,教育学,,不限,2,4,4000.0
海南,2025,本科批,综合,1881,湖南农业大学,3,17,材料化学,,"物理,化学",2,4,5900.0
海南,2025,本科批,综合,1881,湖南农业大学,3,12,生物信息学,,"物理,化学",2,4,4500.0
海南,2025,本科批,综合,1881,湖南农业大学,3,20,生物工程,,"物理,化学",2,4,5900.0
海南,2025,本科批,综合,1881,湖南农业大学,3,18,生物技术,,"物理,化学",2,4,4500.0
海南,2025,本科批,综合,1881,湖南农业大学,3,23,统计学,,"物理,化学",2,4,4500.0
海南,2025,本科批,综合,1881,湖南农业大学,1,4,英语,,不限,2,4,4500.0
海南,2025,本科批,综合,1881,湖南农业大学,1,1,行政管理,,不限,2,4,5000.0
海南,2025,本科批,综合,1881,湖南农业大学,3,21,食品科学与工程,,"物理,化学",2,4,5900.0
海南,2025,本科批,综合,1935,湖南农业大学东方科技学院,2,2,生物技术,,"物理,化学",2,4,13000.0
海南,2025,本科批,综合,1935,湖南农业大学东方科技学院,1,1,英语,,不限,2,4,12500.0
海南,2025,本科批,综合,1935,湖南农业大学东方科技学院,2,3,食品科学与工程,,"物理,化学",2,4,14950.0
海南,2025,本科批,综合,1907,湖南女子学院,1,4,市场营销,,不限,3,4,4000.0
海南,2025,本科批,综合,1907,湖南女子学院,1,1,国际经济与贸易,,不限,2,4,4000.0
海南,2025,本科批,综合,1907,湖南女子学院,1,3,学前教育,(不招色盲、色弱),不限,2,4,4000.0
海南,2025,本科批,综合,1907,湖南女子学院,1,6,旅游管理,,不限,2,4,4000.0
海南,2025,本科批,综合,1907,湖南女子学院,1,5,酒店管理,,不限,2,4,4000.0
海南,2025,本科批,综合,1907,湖南女子学院,1,2,汉语言文学,,不限,1,4,3800.0
海南,2025,本科批,综合,1976,湖南汽车工程职业大学,1,3,信息安全与管理,,物理,3,4,4800.0
海南,2025,本科批,综合,1976,湖南汽车工程职业大学,1,4,储能材料工程技术,,物理,3,4,4800.0
海南,2025,本科批,综合,1976,湖南汽车工程职业大学,1,1,无人机系统应用技术,,物理,3,4,4800.0
海南,2025,本科批,综合,1976,湖南汽车工程职业大学,1,2,新能源汽车工程技术,,物理,2,4,4800.0
海南,2025,本科批,综合,1976,湖南汽车工程职业大学,1,5,自动化技术与应用,,物理,2,4,4800.0
海南,2025,本科批,综合,1892,湖南人文科技学院,3,7,电子商务,,物理,8,4,
海南,2025,本科批,综合,1892,湖南人文科技学院,80,6,学前教育,(中外合作办学)(英语单科成绩不低于85分(150分制)；与英国巴斯斯巴大学合作办学；相关课程采用全英文教学),不限,7,4,
海南,2025,本科批,综合,1892,湖南人文科技学院,2,2,法学,,不限,7,4,
海南,2025,本科批,综合,1892,湖南人文科技学院,4,8,化学,,"物理,化学",6,4,
海南,2025,本科批,综合,1892,湖南人文科技学院,2,5,商务英语,,不限,6,4,
海南,2025,本科批,综合,1892,湖南人文科技学院,4,9,数学与应用数学,,"物理,化学",6,4,
海南,2025,本科批,综合,1892,湖南人文科技学院,2,4,学前教育,,不限,5,4,
海南,2025,本科批,综合,1892,湖南人文科技学院,2,3,应用心理学,,不限,4,4,
海南,2025,本科批,综合,1975,湖南软件职业技术大学,1,1,软件工程技术,,物理,3,4,25800.0
海南,2025,本科批,综合,1975,湖南软件职业技术大学,1,2,人工智能工程技术,,物理,2,4,25800.0
海南,2025,本科批,综合,1975,湖南软件职业技术大学,1,3,机器人技术,,物理,2,4,29800.0
海南,2025,专科批,综合,1920,湖南商务职业技术学院,1,1,全媒体广告策划与营销,(办学地点:商务校区；建议考生同一志愿专业组内专业不跨校区报考),不限,5,3,5500.0
海南,2025,专科批,综合,1920,湖南商务职业技术学院,1,3,旅游管理,(办学地点:商务校区；建议考生同一志愿专业组内专业不跨校区报考),不限,5,3,4600.0
海南,2025,专科批,综合,1920,湖南商务职业技术学院,1,2,大数据与会计,(办学地点:商务校区；建议考生同一志愿专业组内专业不跨校区报考),不限,3,3,3850.0
海南,2025,专科批,综合,1920,湖南商务职业技术学院,1,4,酒店管理与数字化运营,(办学地点:商务校区；建议考生同一志愿专业组内专业不跨校区报考),不限,2,3,4600.0
海南,2025,本科批,综合,1916,湖南涉外经济学院,1,3,国际经济与贸易,,不限,5,4,31800.0
海南,2025,本科批,综合,1916,湖南涉外经济学院,1,13,电子商务,,不限,5,4,31800.0
海南,2025,本科批,综合,1916,湖南涉外经济学院,1,17,金融学,,不限,5,4,31800.0
海南,2025,本科批,综合,1916,湖南涉外经济学院,1,7,会计学,,不限,4,4,31800.0
海南,2025,本科批,综合,1916,湖南涉外经济学院,1,16,学前教育,,不限,4,4,31800.0
海南,2025,本科批,综合,1916,湖南涉外经济学院,3,26,机械设计制造及其自动化,,"物理,化学",4,4,31800.0
海南,2025,本科批,综合,1916,湖南涉外经济学院,3,21,物联网工程,,"物理,化学",4,4,31800.0
海南,2025,本科批,综合,1916,湖南涉外经济学院,1,10,网络与新媒体,,不限,4,4,31800.0
海南,2025,本科批,综合,1916,湖南涉外经济学院,3,24,自动化,,"物理,化学",4,4,31800.0
海南,2025,本科批,综合,1916,湖南涉外经济学院,1,5,英语,,不限,4,4,31800.0
海南,2025,本科批,综合,1916,湖南涉外经济学院,3,20,计算机科学与技术,,"物理,化学",4,4,31800.0
海南,2025,本科批,综合,1916,湖南涉外经济学院,1,11,财务管理,,不限,4,4,31800.0
海南,2025,本科批,综合,1916,湖南涉外经济学院,3,25,软件工程,,"物理,化学",4,4,32800.0
海南,2025,本科批,综合,1916,湖南涉外经济学院,1,12,商务英语,,不限,3,4,31800.0
海南,2025,本科批,综合,1916,湖南涉外经济学院,1,8,日语,,不限,3,4,31800.0
海南,2025,本科批,综合,1916,湖南涉外经济学院,1,15,物流管理,,不限,3,4,31800.0
海南,2025,本科批,综合,1916,湖南涉外经济学院,3,23,电子信息科学与技术,,"物理,化学",3,4,31800.0
海南,2025,本科批,综合,1916,湖南涉外经济学院,1,9,人力资源管理,,不限,2,4,31800.0
海南,2025,本科批,综合,1916,湖南涉外经济学院,3,27,人工智能,,"物理,化学",2,4,31800.0
海南,2025,本科批,综合,1916,湖南涉外经济学院,1,2,工商管理,,不限,2,4,31800.0
海南,2025,本科批,综合,1916,湖南涉外经济学院,1,14,文化产业管理,,不限,2,4,31800.0
海南,2025,本科批,综合,1916,湖南涉外经济学院,1,6,汉语言文学,,不限,2,4,31800.0
海南,2025,本科批,综合,1916,湖南涉外经济学院,3,19,通信工程,,"物理,化学",2,4,31800.0
海南,2025,本科批,综合,1916,湖南涉外经济学院,1,4,酒店管理,,不限,2,4,31800.0
海南,2025,本科批,综合,1916,湖南涉外经济学院,2,18,大数据管理与应用,,物理,1,4,31800.0
海南,2025,本科批,综合,1916,湖南涉外经济学院,3,28,数据科学与大数据技术,,"物理,化学",1,4,32800.0
海南,2025,本科批,综合,1916,湖南涉外经济学院,1,1,法学,,不限,1,4,31800.0
海南,2025,本科批,综合,1916,湖南涉外经济学院,3,22,电子信息工程,,"物理,化学",1,4,32800.0
海南,2025,专科批,综合,1918,湖南生物机电职业技术学院,1,2,大数据与会计,,不限,7,3,3500.0
海南,2025,专科批,综合,1918,湖南生物机电职业技术学院,1,3,种子生产与经营,,不限,7,3,3300.0
海南,2025,专科批,综合,1918,湖南生物机电职业技术学院,1,1,电子商务,,不限,6,3,3500.0
海南,2025,本科批,综合,1884,湖南师范大学,1,3,旅游管理,,不限,4,4,5500.0
海南,2025,本科批,综合,1884,湖南师范大学,1,6,法学,,不限,4,4,5500.0
海南,2025,本科批,综合,1884,湖南师范大学,2,15,物理学,(含世承书院周光召班),"物理,化学",4,4,4000.0
海南,2025,本科批,综合,1884,湖南师范大学,2,12,计算机科学与技术,,"物理,化学",4,4,6500.0
海南,2025,本科批,综合,1884,湖南师范大学,2,14,软件工程,,"物理,化学",4,4,6500.0
海南,2025,本科批,综合,1884,湖南师范大学,2,11,人工智能,,"物理,化学",2,4,6500.0
海南,2025,本科批,综合,1884,湖南师范大学,1,9,会展经济与管理,,不限,2,4,5500.0
海南,2025,本科批,综合,1884,湖南师范大学,1,2,外国语言文学类,(包含专业:英语、俄语、德语、法语、西班牙语、阿拉伯语、日语、朝鲜语；含世承书院锺书班),不限,2,4,4000.0
海南,2025,本科批,综合,1884,湖南师范大学,2,10,数学与应用数学,(含世承书院天问班),"物理,化学",2,4,4000.0
海南,2025,本科批,综合,1884,湖南师范大学,1,1,文物与博物馆学,,不限,2,4,5300.0
海南,2025,本科批,综合,1884,湖南师范大学,1,4,新闻传播学类,(包含专业:新闻学、编辑出版学、网络与新媒体),不限,2,4,6000.0
海南,2025,本科批,综合,1884,湖南师范大学,3,16,汉语言文学,(含世承书院中国语言文学基地班),历史,2,4,4000.0
海南,2025,本科批,综合,1884,湖南师范大学,1,5,特殊教育,,不限,2,4,4000.0
海南,2025,本科批,综合,1884,湖南师范大学,2,13,电子信息科学与技术,,"物理,化学",2,4,6500.0
海南,2025,本科批,综合,1884,湖南师范大学,1,7,社会学,,不限,2,4,5500.0
海南,2025,本科批,综合,1884,湖南师范大学,1,8,酒店管理,,不限,2,4,5500.0
海南,2025,专科批,综合,1961,湖南石油化工职业技术学院,1,1,分析检验技术,,不限,2,3,4600.0
海南,2025,专科批,综合,1961,湖南石油化工职业技术学院,1,4,化工装备技术,,不限,2,3,4600.0
海南,2025,专科批,综合,1961,湖南石油化工职业技术学院,1,3,工业过程自动化技术,,不限,2,3,4600.0
海南,2025,专科批,综合,1961,湖南石油化工职业技术学院,1,5,电气自动化技术,,不限,2,3,4600.0
海南,2025,专科批,综合,1961,湖南石油化工职业技术学院,1,2,石油化工技术,,不限,2,3,5060.0
海南,2025,专科批,综合,1928,湖南司法警官职业学院,1,3,司法警务,,不限,5,3,5460.0
海南,2025,专科批,综合,1928,湖南司法警官职业学院,1,1,司法鉴定技术,,不限,5,3,5460.0
海南,2025,专科批,综合,1928,湖南司法警官职业学院,1,2,法律事务,,不限,5,3,5460.0
海南,2025,专科批,综合,1915,湖南铁道职业技术学院,1,6,铁道车辆技术,"(男生身高不低于170cm,女生身高不低于163cm;无色盲、色弱,无高度近视；无听力障碍)",不限,4,3,7800.0
海南,2025,专科批,综合,1915,湖南铁道职业技术学院,1,5,铁道机车运用与维护,"(男生身高不低于170cm;无色盲、色弱,无高度近视；无听力障碍；女生慎报)",不限,3,3,7800.0
海南,2025,专科批,综合,1915,湖南铁道职业技术学院,1,4,铁道交通运营管理,"(男生身高不低于170cm,女生身高不低于163cm;无色盲、色弱,无高度近视；无听力障碍)",不限,2,3,4600.0
海南,2025,专科批,综合,1915,湖南铁道职业技术学院,1,7,铁道供电技术,"(男生身高不低于170cm,女生身高不低于163cm;无色盲、色弱,无高度近视；无听力障碍)",不限,2,3,7800.0
海南,2025,专科批,综合,1915,湖南铁道职业技术学院,1,2,铁道信号自动控制,"(男生身高不低于170cm,女生身高不低于163cm;无色盲、色弱,无高度近视；无听力障碍)",不限,2,3,4600.0
海南,2025,专科批,综合,1915,湖南铁道职业技术学院,1,1,铁道工程技术,,不限,2,3,5060.0
海南,2025,专科批,综合,1915,湖南铁道职业技术学院,1,3,铁道通信与信息化技术,"(男生身高不低于170cm,女生身高不低于163cm;无色盲、色弱,无高度近视；无听力障碍)",不限,2,3,4600.0
海南,2025,专科批,综合,1925,湖南网络工程职业学院,1,1,数字媒体技术,,不限,5,3,5060.0
海南,2025,专科批,综合,1925,湖南网络工程职业学院,1,3,旅游管理,,不限,5,3,4600.0
海南,2025,专科批,综合,1925,湖南网络工程职业学院,1,2,计算机网络技术,,不限,5,3,7800.0
海南,2025,本科批,综合,1890,湖南文理学院,3,6,机械设计制造及其自动化,,"物理,化学",3,4,5900.0
海南,2025,本科批,综合,1890,湖南文理学院,3,10,土木工程,,"物理,化学",2,4,5900.0
海南,2025,本科批,综合,1890,湖南文理学院,4,11,思想政治教育,,政治,2,4,4000.0
海南,2025,本科批,综合,1890,湖南文理学院,2,2,新闻学,,不限,2,4,6000.0
海南,2025,本科批,综合,1890,湖南文理学院,2,5,旅游管理,,不限,2,4,5000.0
海南,2025,本科批,综合,1890,湖南文理学院,2,3,法学,,不限,2,4,5000.0
海南,2025,本科批,综合,1890,湖南文理学院,2,4,电子商务及法律,,不限,2,4,5000.0
海南,2025,本科批,综合,1890,湖南文理学院,3,8,计算机科学与技术,,"物理,化学",2,4,5900.0
海南,2025,本科批,综合,1890,湖南文理学院,3,9,软件工程,,"物理,化学",2,4,5900.0
海南,2025,本科批,综合,1890,湖南文理学院,3,7,通信工程,,"物理,化学",2,4,5900.0
海南,2025,专科批,综合,1979,湖南现代物流职业技术学院,1,3,供应链运营,,不限,3,3,3500.0
海南,2025,专科批,综合,1979,湖南现代物流职业技术学院,1,4,现代物流管理,,不限,3,3,5060.0
海南,2025,专科批,综合,1979,湖南现代物流职业技术学院,1,2,智能物流技术,,不限,2,3,5060.0
海南,2025,专科批,综合,1979,湖南现代物流职业技术学院,1,1,航空物流管理,,不限,2,3,3500.0
海南,2025,专科批,综合,1899,湖南信息职业技术学院,1,2,大数据与会计,,不限,2,3,3500.0
海南,2025,专科批,综合,1899,湖南信息职业技术学院,1,3,电子信息工程技术,,不限,2,3,5060.0
海南,2025,专科批,综合,1899,湖南信息职业技术学院,1,4,软件技术,,不限,2,3,7800.0
海南,2025,专科批,综合,1899,湖南信息职业技术学院,1,1,电子商务,,不限,1,3,3500.0
海南,2025,本科批,综合,1912,湖南医药学院,3,3,临床医学,(不招色盲、色弱),"物理,化学",3,5,7150.0
海南,2025,本科批,综合,1912,湖南医药学院,1,1,健康服务与管理,,不限,2,4,4000.0
海南,2025,本科批,综合,1912,湖南医药学院,3,10,康复治疗学,(不招色盲、色弱),"物理,化学",2,4,5500.0
海南,2025,本科批,综合,1912,湖南医药学院,2,2,护理学,(不招色盲、色弱),化学,2,4,7150.0
海南,2025,本科批,综合,1912,湖南医药学院,3,5,中药学,(不招色盲、色弱),"物理,化学",1,4,5500.0
海南,2025,本科批,综合,1912,湖南医药学院,3,9,医学影像技术,(不招色盲、色弱),"物理,化学",1,4,5500.0
海南,2025,本科批,综合,1912,湖南医药学院,3,7,医学检验技术,(不招色盲、色弱),"物理,化学",1,4,5500.0
海南,2025,本科批,综合,1912,湖南医药学院,3,8,卫生检验与检疫,(不招色盲、色弱),"物理,化学",1,4,5500.0
海南,2025,本科批,综合,1912,湖南医药学院,3,6,口腔医学,(不招色盲、色弱),"物理,化学",1,5,5500.0
海南,2025,本科批,综合,1912,湖南医药学院,3,4,药学,(不招色盲、色弱),"物理,化学",1,4,7150.0
海南,2025,专科批,综合,1944,湖南邮电职业技术学院,1,1,人工智能技术应用,,不限,10,3,5060.0
海南,2025,专科批,综合,1996,湖南幼儿师范高等专科学校,1,1,婴幼儿托育服务与管理,,不限,10,3,3500.0
海南,2025,本科批,综合,1883,湖南中医药大学,2,4,中医学,,不限,4,5,7500.0
海南,2025,本科批,综合,1883,湖南中医药大学,81,13,临床医学,,"物理,化学",4,5,7500.0
海南,2025,本科批,综合,1883,湖南中医药大学,2,6,中医康复学,,不限,3,5,7500.0
海南,2025,本科批,综合,1883,湖南中医药大学,3,21,中药学,,"物理,化学",3,4,7500.0
海南,2025,本科批,综合,1883,湖南中医药大学,81,15,医学影像学,,"物理,化学",3,5,7500.0
海南,2025,本科批,综合,1883,湖南中医药大学,3,16,药学,,"物理,化学",3,4,7500.0
海南,2025,本科批,综合,1883,湖南中医药大学,2,9,中医儿科学,,不限,2,5,7500.0
海南,2025,本科批,综合,1883,湖南中医药大学,2,8,中医养生学,,不限,2,5,7500.0
海南,2025,本科批,综合,1883,湖南中医药大学,2,7,中医骨伤科学,,不限,2,5,7500.0
海南,2025,本科批,综合,1883,湖南中医药大学,3,18,中药资源与开发,,"物理,化学",2,4,7500.0
海南,2025,本科批,综合,1883,湖南中医药大学,81,14,中西医临床医学,,"物理,化学",2,5,7500.0
海南,2025,本科批,综合,1883,湖南中医药大学,3,26,制药工程,,"物理,化学",2,4,5900.0
海南,2025,本科批,综合,1883,湖南中医药大学,82,23,医学信息工程,,"物理,化学",2,4,5900.0
海南,2025,本科批,综合,1883,湖南中医药大学,81,17,口腔医学,,"物理,化学",2,5,7500.0
海南,2025,本科批,综合,1883,湖南中医药大学,3,22,康复治疗学,,"物理,化学",2,4,7500.0
海南,2025,本科批,综合,1883,湖南中医药大学,3,20,药物制剂,,"物理,化学",2,4,7500.0
海南,2025,本科批,综合,1883,湖南中医药大学,82,25,计算机科学与技术,,"物理,化学",2,4,5900.0
海南,2025,本科批,综合,1883,湖南中医药大学,2,5,针灸推拿学,,不限,2,5,7500.0
海南,2025,本科批,综合,1883,湖南中医药大学,2,2,中医学,(卓越中医班5+3一体化),不限,1,5,7500.0
海南,2025,本科批,综合,1883,湖南中医药大学,2,3,中医学,(卓越中西医班5+3一体化),不限,1,5,7500.0
海南,2025,本科批,综合,1883,湖南中医药大学,82,24,人工智能,,"物理,化学",1,4,5900.0
海南,2025,本科批,综合,1883,湖南中医药大学,80,12,公共事业管理,,不限,1,4,5000.0
海南,2025,本科批,综合,1883,湖南中医药大学,3,19,医学检验技术,,"物理,化学",1,4,7500.0
海南,2025,本科批,综合,1883,湖南中医药大学,80,11,应用心理学,,不限,1,4,4500.0
海南,2025,本科批,综合,1883,湖南中医药大学,3,28,生物制药,,"物理,化学",1,4,5900.0
海南,2025,本科批,综合,1883,湖南中医药大学,80,10,英语,,不限,1,4,4500.0
海南,2025,本科批,综合,1883,湖南中医药大学,3,27,食品科学与工程,,"物理,化学",1,4,5900.0
海南,2025,本科批,综合,157,华北电力大学(保定),2,4,电气工程及其自动化,,"物理,化学",3,4,5500.0
海南,2025,本科批,综合,157,华北电力大学(保定),1,3,工程造价,,物理,2,4,5000.0
海南,2025,本科批,综合,157,华北电力大学(保定),2,7,能源与动力工程,,"物理,化学",2,4,5500.0
海南,2025,本科批,综合,157,华北电力大学(保定),1,2,会计学,,物理,1,4,5000.0
海南,2025,本科批,综合,157,华北电力大学(保定),2,11,信息与计算科学,,"物理,化学",1,4,5500.0
海南,2025,本科批,综合,157,华北电力大学(保定),2,6,储能科学与工程,,"物理,化学",1,4,5500.0
海南,2025,本科批,综合,157,华北电力大学(保定),1,1,工业工程,,物理,1,4,5500.0
海南,2025,本科批,综合,157,华北电力大学(保定),2,15,应用物理学,,"物理,化学",1,4,5500.0
海南,2025,本科批,综合,157,华北电力大学(保定),2,10,建筑环境与能源应用工程,,"物理,化学",1,4,5500.0
海南,2025,本科批,综合,157,华北电力大学(保定),2,16,智能科学与技术,,"物理,化学",1,4,5500.0
海南,2025,本科批,综合,157,华北电力大学(保定),2,5,机械工程,,"物理,化学",1,4,5500.0
海南,2025,本科批,综合,157,华北电力大学(保定),2,9,氢能科学与工程,,"物理,化学",1,4,5500.0
海南,2025,本科批,综合,157,华北电力大学(保定),2,12,环境工程,,"物理,化学",1,4,5500.0
海南,2025,本科批,综合,157,华北电力大学(保定),2,14,自动化,,"物理,化学",1,4,5500.0
海南,2025,本科批,综合,157,华北电力大学(保定),2,13,计算机科学与技术,,"物理,化学",1,4,5500.0
海南,2025,本科批,综合,157,华北电力大学(保定),2,17,软件工程,,"物理,化学",1,4,5500.0
海南,2025,本科批,综合,157,华北电力大学(保定),2,8,通信工程,,"物理,化学",1,4,5500.0
海南,2025,本科批,综合,49,华北电力大学(北京),3,12,能源与动力工程,,"物理,化学",6,4,5500.0
海南,2025,本科批,综合,49,华北电力大学(北京),3,8,电气工程及其自动化,,"物理,化学",5,4,5500.0
海南,2025,本科批,综合,49,华北电力大学(北京),3,23,能源动力类,(新能源)(包含专业:新能源科学与工程、新能源材料与器件),"物理,化学",4,4,5500.0
海南,2025,本科批,综合,49,华北电力大学(北京),3,24,核工程与核技术,,"物理,化学",3,4,5500.0
海南,2025,本科批,综合,49,华北电力大学(北京),3,17,自动化,,"物理,化学",3,4,5500.0
海南,2025,本科批,综合,49,华北电力大学(北京),2,6,供应链管理,,物理,2,4,5000.0
海南,2025,本科批,综合,49,华北电力大学(北京),2,4,工商管理,,物理,2,4,5000.0
海南,2025,本科批,综合,49,华北电力大学(北京),3,9,智能电网信息工程,,"物理,化学",2,4,5500.0
海南,2025,本科批,综合,49,华北电力大学(北京),3,11,机械工程,,"物理,化学",2,4,5500.0
海南,2025,本科批,综合,49,华北电力大学(北京),3,16,测控技术与仪器,,"物理,化学",2,4,5500.0
海南,2025,本科批,综合,49,华北电力大学(北京),3,31,环境科学,,"物理,化学",2,4,5500.0
海南,2025,本科批,综合,49,华北电力大学(北京),3,18,人工智能,,"物理,化学",1,4,5500.0
海南,2025,本科批,综合,49,华北电力大学(北京),2,5,会计学,,物理,1,4,5000.0
海南,2025,本科批,综合,49,华北电力大学(北京),3,26,信息与计算科学,,"物理,化学",1,4,5500.0
海南,2025,本科批,综合,49,华北电力大学(北京),3,14,储能科学与工程,,"物理,化学",1,4,5500.0
海南,2025,本科批,综合,49,华北电力大学(北京),2,3,工程管理,,物理,1,4,5000.0
海南,2025,本科批,综合,49,华北电力大学(北京),3,29,应用化学,,"物理,化学",1,4,5500.0
海南,2025,本科批,综合,49,华北电力大学(北京),3,27,应用物理学,,"物理,化学",1,4,5500.0
海南,2025,本科批,综合,49,华北电力大学(北京),3,28,数据科学与大数据技术,,"物理,化学",1,4,5500.0
海南,2025,本科批,综合,49,华北电力大学(北京),3,20,机器人工程,,"物理,化学",1,4,5500.0
海南,2025,本科批,综合,49,华北电力大学(北京),3,13,材料科学与工程,,"物理,化学",1,4,5500.0
海南,2025,本科批,综合,49,华北电力大学(北京),3,15,氢能科学与工程,,"物理,化学",1,4,5500.0
海南,2025,本科批,综合,49,华北电力大学(北京),3,32,水利水电工程,,"物理,化学",1,4,5500.0
海南,2025,本科批,综合,49,华北电力大学(北京),3,33,水利水电工程,(工商双学士学位),"物理,化学",1,4,5000.0
海南,2025,本科批,综合,49,华北电力大学(北京),3,34,水文与水资源工程,,"物理,化学",1,4,5500.0
海南,2025,本科批,综合,49,华北电力大学(北京),3,7,电子信息工程,,"物理,化学",1,4,5500.0
海南,2025,本科批,综合,49,华北电力大学(北京),3,30,碳储科学与工程,,"物理,化学",1,4,5500.0
海南,2025,本科批,综合,49,华北电力大学(北京),4,35,网络与新媒体,,历史,1,4,5000.0
海南,2025,本科批,综合,49,华北电力大学(北京),3,22,网络空间安全,,"物理,化学",1,4,5500.0
海南,2025,本科批,综合,49,华北电力大学(北京),4,37,英语,(能源电力国际化人才创新班),历史,1,4,6000.0
海南,2025,本科批,综合,49,华北电力大学(北京),4,36,行政管理,,历史,1,4,5000.0
海南,2025,本科批,综合,49,华北电力大学(北京),3,21,计算机科学与技术,,"物理,化学",1,4,5500.0
海南,2025,本科批,综合,49,华北电力大学(北京),3,19,软件工程,,"物理,化学",1,4,5500.0
海南,2025,本科批,综合,49,华北电力大学(北京),3,25,辐射防护与核安全,,"物理,化学",1,4,5500.0
海南,2025,本科批,综合,49,华北电力大学(北京),3,10,通信工程,,"物理,化学",1,4,5500.0
海南,2025,本科批,综合,49,华北电力大学(北京),2,2,金融学,,物理,1,4,5000.0
海南,2025,国家专项,综合,49,华北电力大学(北京),1,1,英语,(能源电力国际化人才创新班),历史,1,4,6000.0
海南,2025,本科批,综合,182,华北科技学院,1,2,市场营销,,不限,7,4,4600.0
海南,2025,本科批,综合,182,华北科技学院,2,8,应急管理,,"物理,化学",6,4,4600.0
海南,2025,本科批,综合,182,华北科技学院,2,9,信息管理与信息系统,,"物理,化学",5,4,4600.0
海南,2025,本科批,综合,182,华北科技学院,1,1,英语,,不限,5,4,4900.0
海南,2025,本科批,综合,182,华北科技学院,2,4,安全工程,,"物理,化学",4,4,4900.0
海南,2025,本科批,综合,182,华北科技学院,2,6,自动化,,"物理,化学",3,4,4900.0
海南,2025,本科批,综合,182,华北科技学院,2,3,机械设计制造及其自动化,,"物理,化学",2,4,4900.0
海南,2025,本科批,综合,182,华北科技学院,2,7,电气工程及其自动化,,"物理,化学",2,4,4900.0
海南,2025,本科批,综合,182,华北科技学院,2,5,计算机科学与技术,,"物理,化学",2,4,4900.0
海南,2025,本科批,综合,158,华北理工大学,2,5,物流工程,,物理,6,4,4600.0
海南,2025,本科批,综合,158,华北理工大学,3,10,生物科学类,(包含专业:生物技术、生物信息学),"物理,化学",5,4,4900.0
海南,2025,本科批,综合,158,华北理工大学,2,3,工程管理,,物理,4,4,4600.0
海南,2025,本科批,综合,158,华北理工大学,1,2,应用心理学,,不限,4,4,4900.0
海南,2025,本科批,综合,158,华北理工大学,1,1,金融学,,不限,4,4,5000.0
海南,2025,本科批,综合,158,华北理工大学,4,11,临床医学,,"物理,化学,生物",3,5,5700.0
海南,2025,本科批,综合,158,华北理工大学,3,7,矿物加工工程,,"物理,化学",3,4,4900.0
海南,2025,本科批,综合,158,华北理工大学,2,4,经济统计学,,物理,3,4,4600.0
海南,2025,本科批,综合,158,华北理工大学,3,8,能源化学工程,,"物理,化学",3,4,4900.0
海南,2025,本科批,综合,158,华北理工大学,3,6,采矿工程,,"物理,化学",3,4,4900.0
海南,2025,本科批,综合,158,华北理工大学,3,9,给排水科学与工程,,"物理,化学",2,4,4900.0
海南,2025,本科批,综合,231,华北理工大学轻工学院,1,1,工商管理,,不限,5,4,19500.0
海南,2025,本科批,综合,231,华北理工大学轻工学院,2,2,机械设计制造及其自动化,,"物理,化学",5,4,22000.0
海南,2025,本科批,综合,1560,华北水利水电大学,2,5,统计学,"(大一就读江淮校区,大二至大四就读龙子湖校区)","物理,化学",5,4,5000.0
海南,2025,本科批,综合,1560,华北水利水电大学,2,4,软件工程,"(大一就读江淮校区,大二至大四就读龙子湖校区)","物理,化学",5,4,5000.0
海南,2025,本科批,综合,1560,华北水利水电大学,1,1,大数据管理与应用,"(大一就读江淮校区,大二至大四就读龙子湖校区)",物理,4,4,4400.0
海南,2025,本科批,综合,1560,华北水利水电大学,2,7,电气工程及其自动化,"(大一就读江淮校区,大二至大四就读龙子湖校区)","物理,化学",4,4,5500.0
海南,2025,本科批,综合,1560,华北水利水电大学,2,2,给排水科学与工程,,"物理,化学",4,4,5500.0
海南,2025,本科批,综合,1560,华北水利水电大学,2,3,土木工程,,"物理,化学",3,4,5500.0
海南,2025,本科批,综合,1560,华北水利水电大学,2,6,港口航道与海岸工程,,"物理,化学",3,4,5000.0
海南,2025,本科批,综合,1560,华北水利水电大学,2,8,水利水电工程,,"物理,化学",2,4,5500.0
海南,2025,本科批,综合,1280,华东交通大学,3,12,土木工程,,"物理,化学",6,4,5220.0
海南,2025,本科批,综合,1280,华东交通大学,82,10,工程管理,(中外合作办学),物理,3,4,14000.0
海南,2025,本科批,综合,1280,华东交通大学,3,15,机械电子工程,,"物理,化学",3,4,4940.0
海南,2025,本科批,综合,1280,华东交通大学,3,16,机械设计制造及其自动化,,"物理,化学",3,4,4940.0
海南,2025,本科批,综合,1280,华东交通大学,3,18,电气工程及其自动化,,"物理,化学",3,4,5220.0
海南,2025,本科批,综合,1280,华东交通大学,3,14,给排水科学与工程,,"物理,化学",3,4,5220.0
海南,2025,本科批,综合,1280,华东交通大学,3,17,车辆工程,,"物理,化学",3,4,4940.0
海南,2025,本科批,综合,1280,华东交通大学,3,30,通信工程,"(第1年在进贤教学点就读,后3年在校本部就读)","物理,化学",3,4,5220.0
海南,2025,本科批,综合,1280,华东交通大学,3,22,交通工程,,"物理,化学",2,4,4940.0
海南,2025,本科批,综合,1280,华东交通大学,3,21,交通运输,,"物理,化学",2,4,4940.0
海南,2025,本科批,综合,1280,华东交通大学,83,33,人工智能,"(中外联合培养)(与英国切斯特大学2+2/3+1双学位联合培养(学生自愿出国,不出国仅获中方学位)；四年均须向中方大学缴纳学费,赴外期间须向外方大学缴纳学费；具体查阅学校官网的招生简章；第1年在进贤教学点就读,后3年在校本部就读)","物理,化学",2,4,25000.0
海南,2025,本科批,综合,1280,华东交通大学,1,8,会计学,"(第1年在进贤教学点就读,后3年在校本部就读)",不限,2,4,4660.0
海南,2025,本科批,综合,1280,华东交通大学,3,26,信息与计算科学,,"物理,化学",2,4,5220.0
海南,2025,本科批,综合,1280,华东交通大学,3,27,光电信息科学与工程,,"物理,化学",2,4,5220.0
海南,2025,本科批,综合,1280,华东交通大学,80,1,建筑学,,不限,2,5,7200.0
海南,2025,本科批,综合,1280,华东交通大学,3,13,建筑环境与能源应用工程,,"物理,化学",2,4,5220.0
海南,2025,本科批,综合,1280,华东交通大学,83,34,数据科学与大数据技术,"(中外联合培养)(与英国切斯特大学2+2/3+1双学位联合培养(学生自愿出国,不出国仅获中方学位)；四年均须向中方大学缴纳学费,赴外期间须向外方大学缴纳学费；具体查阅学校官网的招生简章；第1年在进贤教学点就读,后3年在校本部就读)","物理,化学",2,4,25000.0
海南,2025,本科批,综合,1280,华东交通大学,1,5,法学,,不限,2,4,4660.0
海南,2025,本科批,综合,1280,华东交通大学,2,9,物流工程,,物理,2,4,4660.0
海南,2025,本科批,综合,1280,华东交通大学,1,2,物流管理,,不限,2,4,4660.0
海南,2025,本科批,综合,1280,华东交通大学,3,29,物联网工程,"(第1年在进贤教学点就读,后3年在校本部就读)","物理,化学",2,4,5220.0
海南,2025,本科批,综合,1280,华东交通大学,3,24,电子信息工程,,"物理,化学",2,4,5220.0
海南,2025,本科批,综合,1280,华东交通大学,1,3,翻译,,不限,2,4,4660.0
海南,2025,本科批,综合,1280,华东交通大学,3,19,自动化,,"物理,化学",2,4,5220.0
海南,2025,本科批,综合,1280,华东交通大学,3,28,计算机科学与技术,"(基础学科拔尖人才培养基地；第1年在进贤教学点就读,后3年在校本部就读)","物理,化学",2,4,5220.0
海南,2025,本科批,综合,1280,华东交通大学,83,31,计算机科学与技术,"(中外联合培养)(与英国切斯特大学2+2/3+1双学位联合培养(学生自愿出国,不出国仅获中方学位)；四年均须向中方大学缴纳学费,赴外期间须向外方大学缴纳学费；具体查阅学校官网的招生简章；第1年在进贤教学点就读,后3年在校本部就读)","物理,化学",2,4,25000.0
海南,2025,本科批,综合,1280,华东交通大学,3,20,轨道交通信号与控制,,"物理,化学",2,4,5220.0
海南,2025,本科批,综合,1280,华东交通大学,83,32,软件工程,"(中外联合培养)(与英国切斯特大学2+2/3+1双学位联合培养(学生自愿出国,不出国仅获中方学位)；四年均须向中方大学缴纳学费,赴外期间须向外方大学缴纳学费；具体查阅学校官网的招生简章；第1年在进贤教学点就读,后3年在校本部就读)","物理,化学",2,4,25000.0
海南,2025,本科批,综合,1280,华东交通大学,81,6,金融学,"(中外联合培养)(与英国切斯特大学2+2/3+1双学位联合培养(学生自愿出国,不出国仅获中方学位)；四年均须向中方大学缴纳学费,赴外期间须向外方大学缴纳学费；具体查阅学校官网的招生简章；第1年在进贤教学点就读,后3年在校本部就读)",不限,2,4,25000.0
海南,2025,本科批,综合,1280,华东交通大学,3,25,铁道工程,,"物理,化学",2,4,5220.0
海南,2025,本科批,综合,1280,华东交通大学,1,7,人力资源管理,"(第1年在进贤教学点就读,后3年在校本部就读)",不限,1,4,4660.0
海南,2025,本科批,综合,1280,华东交通大学,3,23,建筑电气与智能化,,"物理,化学",1,4,5220.0
海南,2025,本科批,综合,1280,华东交通大学,2,11,数字经济,"(第1年在进贤教学点就读,后3年在校本部就读)",物理,1,4,4660.0
海南,2025,本科批,综合,1280,华东交通大学,1,4,葡萄牙语,,不限,1,4,4660.0
海南,2025,本科批,综合,705,华东理工大学,2,4,公共管理类,(包含专业:社会学、社会工作、公共事业管理、行政管理；优秀学生可申请拔尖创新人才培养计划(3+1+X)),不限,2,4,6500.0
海南,2025,本科批,综合,705,华东理工大学,3,6,化学类,(新工科化学实验班)(包含专业:应用化学、精细化工(光电信息材料方向)；不招色弱、色盲、嗅觉迟钝者；优秀学生可申请拔尖创新人才培养计划(3+1+X)),"物理,化学",2,4,7700.0
海南,2025,本科批,综合,705,华东理工大学,2,3,工商管理类,(包含专业:工商管理(商务分析)、市场营销(大数据营销)、会计学(大数据会计)、财务管理(智能财务)；优秀学生可申请拔尖创新人才培养计划(3+1+X)),不限,2,4,6500.0
海南,2025,本科批,综合,705,华东理工大学,3,7,工科试验班,(能源与环境)(包含专业:能源与动力工程、环境工程、储能科学与工程；不招色弱、色盲、嗅觉迟钝者；优秀学生可申请拔尖创新人才培养计划(3+1+X)),"物理,化学",2,4,7000.0
海南,2025,本科批,综合,705,华东理工大学,3,8,工科试验班,(智能与机器人)(包含专业:人工智能、机器人工程；不招色盲者；优秀学生可申请拔尖创新人才培养计划(3+1+X)),"物理,化学",2,4,7000.0
海南,2025,本科批,综合,705,华东理工大学,3,9,工科试验班,(智慧化工)(包含专业:化学工程与工艺、油气储运工程、资源循环科学与工程、轻化工程；不招色弱、色盲、嗅觉迟钝者；优秀学生可申请拔尖创新人才培养计划(3+1+X)),"物理,化学",2,4,7000.0
海南,2025,本科批,综合,705,华东理工大学,3,11,机械类,(机械智能化实验班)(包含专业:机械设计制造及其自动化、过程装备与控制工程、智能制造工程；不招色盲；优秀学生可申请拔尖创新人才培养计划(3+1+X)),"物理,化学",2,4,7000.0
海南,2025,本科批,综合,705,华东理工大学,3,5,生物工程类,(包含专业:生物工程、生物科学、生物技术、食品科学与工程、食品质量与安全；不招色弱、色盲、嗅觉迟钝者；优秀学生可申请拔尖创新人才培养计划(3+1+X)),"物理,化学",2,4,7000.0
海南,2025,本科批,综合,705,华东理工大学,3,10,电子信息类,(包含专业:自动化、电气工程及其自动化、信息工程；不招色盲；优秀学生可申请拔尖创新人才培养计划(3+1+X)),"物理,化学",2,4,7000.0
海南,2025,国家专项,综合,705,华东理工大学,1,1,经济学,,不限,2,4,6500.0
海南,2025,国家专项,综合,705,华东理工大学,1,2,法学,,不限,1,4,6500.0
海南,2025,本科提前批,综合,714,华东师范大学,2,3,汉语言文学,(国家公费师范生)(属国家公费师范生计划；本研衔接；履约任教到海口市1名、乐东县1名),不限,2,4,
海南,2025,本科提前批,综合,714,华东师范大学,3,4,数学与应用数学,(国家公费师范生)(属国家公费师范生计划；本研衔接；履约任教到海口市1名),"物理,化学",1,4,
海南,2025,本科提前批,综合,714,华东师范大学,1,1,汉语言文学,(优师专项计划)(属国家优师专项计划；入学前须签订国家优师专项定向就业协议；履约任教到五指山市、临高县、保亭县、琼中县及白沙县),不限,1,4,
海南,2025,本科提前批,综合,714,华东师范大学,3,5,生物科学,(国家公费师范生)(属国家公费师范生计划；本研衔接；履约任教到万宁市1名),"物理,化学",1,4,
海南,2025,本科提前批,综合,714,华东师范大学,1,2,英语,(优师专项计划)(属国家优师专项计划；入学前须签订国家优师专项定向就业协议；履约任教到五指山市、临高县、保亭县、琼中县及白沙县),不限,1,4,
海南,2025,本科批,综合,714,华东师范大学,5,11,化学,,"物理,化学",2,4,7000.0
海南,2025,本科批,综合,714,华东师范大学,5,8,数学与应用数学,,"物理,化学",2,4,7000.0
海南,2025,本科批,综合,714,华东师范大学,4,6,汉语言文学,,不限,2,4,6500.0
海南,2025,本科批,综合,714,华东师范大学,5,10,物理学,,"物理,化学",2,4,7000.0
海南,2025,本科批,综合,714,华东师范大学,4,7,英语,,不限,2,4,6500.0
海南,2025,本科批,综合,714,华东师范大学,5,12,计算机科学与技术,,"物理,化学",2,4,7000.0
海南,2025,本科批,综合,714,华东师范大学,5,9,微电子科学与工程,,"物理,化学",1,4,7000.0
海南,2025,本科批,综合,721,华东政法大学,2,5,经济学类,(包含专业:经济学、金融学、国际经济与贸易、会计学、金融学(数量金融)),不限,3,4,6500.0
海南,2025,本科批,综合,721,华东政法大学,2,2,新闻学,,不限,2,4,6500.0
海南,2025,本科批,综合,721,华东政法大学,2,3,社会学类,(包含专业:社会学、社会工作、社会政策),不限,2,4,6500.0
海南,2025,本科批,综合,721,华东政法大学,2,6,网络与新媒体,,不限,2,4,6500.0
海南,2025,本科批,综合,721,华东政法大学,2,4,法学,,不限,19,4,6500.0
海南,2025,国家专项,综合,721,华东政法大学,1,1,劳动与社会保障,,不限,2,4,6500.0
海南,2025,本科批,综合,2029,华南理工大学,5,11,工科试验班,(智能装备与先进制造)(包含专业:机械工程、机械电子工程、智能车辆工程、过程装备与控制工程、材料成型及控制工程),"物理,化学",5,4,6850.0
海南,2025,本科批,综合,2029,华南理工大学,80,17,信息工程,,"物理,化学",3,4,6850.0
海南,2025,本科批,综合,2029,华南理工大学,5,14,工科试验班,(智慧化工与低碳工程)(包含专业:应用化学、化学工程与工艺、能源化学工程、制药工程、轻化工程、资源环境科学、环境工程、环境科学与工程；不招色盲),"物理,化学",3,4,6850.0
海南,2025,本科批,综合,2029,华南理工大学,80,16,电气类,(包含专业:电气工程及其自动化、能源与动力工程；不招单色识别不全者),"物理,化学",3,4,6850.0
海南,2025,本科批,综合,2029,华南理工大学,3,4,会计学,,不限,2,4,6060.0
海南,2025,本科批,综合,2029,华南理工大学,4,8,大数据管理与应用,,物理,2,4,6060.0
海南,2025,本科批,综合,2029,华南理工大学,3,3,工商管理类,(包含专业:工商管理、财务管理),不限,2,4,6060.0
海南,2025,本科批,综合,2029,华南理工大学,5,9,工科试验班,(院士特色班)(包含专业:机械类(院士特色班)、材料类(院士特色班)、建筑类(院士特色班)、智能建造(院士特色班)),"物理,化学",2,4,6850.0
海南,2025,本科批,综合,2029,华南理工大学,5,10,工科试验班,"(卓越人才班)(包含专业:电气工程及其自动化(卓越班)、能源与动力工程(低碳与智慧能源卓越班)、软件工程(卓越班)、软件工程(工业软件卓越班)、电子科学与技术(卓越班)、食品科学与工程(未来食品卓越班)；软件工程专业第一、二学年6850元/年,第三、四学年16000元/年)","物理,化学",2,4,6850.0
海南,2025,本科批,综合,2029,华南理工大学,5,12,工科试验班,(智能交通与数字建造)(包含专业:智慧交通、智能建造、土木工程、水务工程、工程管理、工程力学),"物理,化学",2,4,6850.0
海南,2025,本科批,综合,2029,华南理工大学,5,13,工科试验班,(先进材料)(包含专业:高分子材料与工程、材料科学与工程、功能材料、生物材料；不招色盲),"物理,化学",2,4,6850.0
海南,2025,本科批,综合,2029,华南理工大学,5,15,工科试验班,(AI与低空技术)(包含专业:智能科学与技术、低空技术与工程),"物理,化学",2,4,6850.0
海南,2025,本科批,综合,2029,华南理工大学,80,19,数学类,(包含专业:数学与应用数学、信息与计算科学、统计学),"物理,化学",2,4,6850.0
海南,2025,本科批,综合,2029,华南理工大学,3,5,新闻传播学类,(包含专业:新闻学、传播学、广告学),不限,2,4,6060.0
海南,2025,本科批,综合,2029,华南理工大学,3,6,法学类,(包含专业:法学、知识产权),不限,2,4,6060.0
海南,2025,本科批,综合,2029,华南理工大学,3,7,经济学类,(包含专业:经济学、金融学),不限,2,4,6060.0
海南,2025,本科批,综合,2029,华南理工大学,80,18,自动化,(双学士学位复合型人才培养项目)(“自动化+工商管理”双学士学位复合型人才培养项目),"物理,化学",2,4,6850.0
海南,2025,本科批,综合,2029,华南理工大学,80,20,计算机类,(包含专业:计算机科学与技术、网络工程、信息安全),"物理,化学",2,4,6850.0
海南,2025,本科批,综合,2029,华南理工大学,80,21,软件工程,"(第一、二学年6850元/年,第三、四学年16000元/年)","物理,化学",2,4,6850.0
海南,2025,国家专项,综合,2029,华南理工大学,2,2,工科试验班,(智慧化工与低碳工程)(包含专业:应用化学、化学工程与工艺、能源化学工程、制药工程、轻化工程、资源环境科学、环境工程、环境科学与工程；不招色盲),"物理,化学",1,4,6850.0
海南,2025,本科批,综合,2030,华南农业大学,3,11,海洋科学,,"物理,化学",8,4,6853.0
海南,2025,本科批,综合,2030,华南农业大学,3,3,土木工程,,"物理,化学",5,4,6853.0
海南,2025,本科批,综合,2030,华南农业大学,3,19,林学,,"物理,化学",5,4,5480.0
海南,2025,本科批,综合,2030,华南农业大学,3,13,水产养殖学,,"物理,化学",5,4,5480.0
海南,2025,本科批,综合,2030,华南农业大学,3,20,植物保护,(智慧植保),"物理,化学",4,4,5480.0
海南,2025,本科批,综合,2030,华南农业大学,3,21,植物保护,,"物理,化学",4,4,5480.0
海南,2025,本科批,综合,2030,华南农业大学,3,7,生物育种科学,(植物育种),"物理,化学",4,4,6853.0
海南,2025,本科批,综合,2030,华南农业大学,3,12,农业资源与环境,(低碳农业),"物理,化学",3,4,5480.0
海南,2025,本科批,综合,2030,华南农业大学,3,18,农学,,"物理,化学",3,4,5480.0
海南,2025,本科批,综合,2030,华南农业大学,2,2,地理信息科学,(空间大数据分析),化学,3,4,6853.0
海南,2025,本科批,综合,2030,华南农业大学,3,22,森林保护,,"物理,化学",3,4,5480.0
海南,2025,本科批,综合,2030,华南农业大学,3,16,水产养殖学,(智慧渔业),"物理,化学",3,4,5480.0
海南,2025,本科批,综合,2030,华南农业大学,3,9,环境工程,,"物理,化学",3,4,6853.0
海南,2025,本科批,综合,2030,华南农业大学,3,17,园艺,,"物理,化学",2,4,5480.0
海南,2025,本科批,综合,2030,华南农业大学,3,15,国家公园建设与管理,,"物理,化学",2,4,6061.0
海南,2025,本科批,综合,2030,华南农业大学,1,1,土地资源管理,,不限,2,4,6061.0
海南,2025,本科批,综合,2030,华南农业大学,3,6,应用化学,,"物理,化学",2,4,6853.0
海南,2025,本科批,综合,2030,华南农业大学,3,5,材料科学与工程,,"物理,化学",2,4,6853.0
海南,2025,本科批,综合,2030,华南农业大学,3,10,环境科学,,"物理,化学",2,4,6853.0
海南,2025,本科批,综合,2030,华南农业大学,3,23,茶学,,"物理,化学",2,4,5480.0
海南,2025,本科批,综合,2030,华南农业大学,3,4,车辆工程,,"物理,化学",2,4,6853.0
海南,2025,本科批,综合,2030,华南农业大学,3,8,光电信息科学与工程,,"物理,化学",1,4,6853.0
海南,2025,本科批,综合,2030,华南农业大学,3,14,动物医学,,"物理,化学",1,5,5480.0
海南,2025,本科批,综合,2091,华南农业大学珠江学院,4,7,汉语言文学,"(第一学年肇庆校区,第二至四学年广州校区)",不限,2,4,35000.0
海南,2025,本科批,综合,2091,华南农业大学珠江学院,5,12,金融工程,"(第一学年肇庆校区,第二至四学年广州校区)",物理,2,4,35000.0
海南,2025,本科批,综合,2091,华南农业大学珠江学院,6,15,人工智能,"(国际班)(国际班学生大一进行通识大类培养,同时大一入校即开始修读雅思及国外合作院校相关课程,四年国内毕业后符合相关条件可去国外院校攻读硕士学位,雅思相关培养费用四年共计79800元,报考前可向院校咨询)","物理,化学",1,4,35000.0
海南,2025,本科批,综合,2091,华南农业大学珠江学院,6,16,人工智能,"(第一学年肇庆校区,第二至四学年广州校区)","物理,化学",1,4,35000.0
海南,2025,本科批,综合,2091,华南农业大学珠江学院,4,8,会计学,"(国际班)(国际班学生大一进行通识大类培养,同时大一入校即开始修读雅思及国外合作院校相关课程,四年国内毕业后符合相关条件可去国外院校攻读硕士学位,雅思相关培养费用四年共计79800元,报考前可向院校咨询)",不限,1,4,35000.0
海南,2025,本科批,综合,2091,华南农业大学珠江学院,4,10,会计学,"(第一学年肇庆校区,第二至四学年广州校区)",不限,1,4,35000.0
海南,2025,本科批,综合,2091,华南农业大学珠江学院,4,9,传播学,"(第一学年肇庆校区,第二至四学年广州校区)",不限,1,4,35000.0
海南,2025,本科批,综合,2091,华南农业大学珠江学院,4,11,传播学,"(国际班)(国际班学生大一进行通识大类培养,同时大一入校即开始修读雅思及国外合作院校相关课程,四年国内毕业后符合相关条件可去国外院校攻读硕士学位,雅思相关培养费用四年共计79800元,报考前可向院校咨询)",不限,1,4,35000.0
海南,2025,本科批,综合,2091,华南农业大学珠江学院,6,13,计算机科学与技术,"(第一学年肇庆校区,第二至四学年广州校区)","物理,化学",1,4,35000.0
海南,2025,本科批,综合,2091,华南农业大学珠江学院,6,14,计算机科学与技术,"(国际班)(国际班学生大一进行通识大类培养,同时大一入校即开始修读雅思及国外合作院校相关课程,四年国内毕业后符合相关条件可去国外院校攻读硕士学位,雅思相关培养费用四年共计79800元,报考前可向院校咨询)","物理,化学",1,4,35000.0
海南,2025,本科批,综合,2036,华南师范大学,5,11,光电信息科学与工程,(不招单色识别不全者),"物理,化学",4,4,6850.0
海南,2025,本科批,综合,2036,华南师范大学,7,15,历史学,(师范),历史,4,4,6060.0
海南,2025,本科批,综合,2036,华南师范大学,8,16,地理科学,(师范)(不招色盲),地理,3,4,6850.0
海南,2025,本科批,综合,2036,华南师范大学,6,14,思想政治教育,(师范),政治,3,4,6060.0
海南,2025,本科批,综合,2036,华南师范大学,3,4,汉语言文学,(师范),不限,3,4,6060.0
海南,2025,本科批,综合,2036,华南师范大学,5,13,环境科学,(不招色盲、色弱),"物理,化学",3,4,6850.0
海南,2025,本科批,综合,2036,华南师范大学,5,12,生物工程,(不招色盲、色弱),"物理,化学",3,4,6850.0
海南,2025,本科批,综合,2036,华南师范大学,5,10,生物科学,(师范)(不招色盲、色弱),"物理,化学",3,4,6850.0
海南,2025,本科批,综合,2036,华南师范大学,3,6,社会工作,,不限,3,4,6060.0
海南,2025,本科批,综合,2036,华南师范大学,4,8,应用心理学,(不招色盲、色弱),物理,2,4,6850.0
海南,2025,本科批,综合,2036,华南师范大学,4,7,心理学,(师范)(不招色盲、色弱),物理,2,4,6850.0
海南,2025,本科批,综合,2036,华南师范大学,3,5,法学,,不限,2,4,6060.0
海南,2025,本科批,综合,2036,华南师范大学,5,9,计算机科学与技术,(师范)(不招单色识别不全者),"物理,化学",2,4,6850.0
海南,2025,本科批,综合,1189,华侨大学,2,18,土木工程,(智能结构与城市更新方向)(国家级一流本科专业),"物理,化学",6,4,5460.0
海南,2025,本科批,综合,1189,华侨大学,1,3,国际经济与贸易,(省级一流本科专业),不限,4,4,5460.0
海南,2025,本科批,综合,1189,华侨大学,1,1,汉语国际教育,(大一入住龙舟池校区),不限,3,4,5460.0
海南,2025,本科批,综合,1189,华侨大学,1,2,法学,(国家级一流本科专业),不限,3,4,5460.0
海南,2025,本科批,综合,1189,华侨大学,2,21,环境工程,(国家级一流本科专业),"物理,化学",3,4,5460.0
海南,2025,本科批,综合,1189,华侨大学,80,9,经济学类,"(中美121双学位班,可接轨CFA金融分析师)(包含专业:金融学(全英文教学)；建议具有较好英语水平的考生报考)",不限,3,4,28000.0
海南,2025,本科批,综合,1189,华侨大学,2,19,软件工程,"(国家级一流本科专业；学费:大一、大二5460元/学年·生,大三、大四13000元/学年·生)","物理,化学",3,4,5460.0
海南,2025,本科批,综合,1189,华侨大学,1,12,会展经济与管理,(数智会展与策划管理方向)(省级一流本科专业),不限,2,4,5460.0
海南,2025,本科批,综合,1189,华侨大学,2,15,化学工程与工艺,(国家级一流本科专业),"物理,化学",2,4,5460.0
海南,2025,本科批,综合,1189,华侨大学,1,6,工商管理,(国家级一流本科专业),不限,2,4,5460.0
海南,2025,本科批,综合,1189,华侨大学,80,8,工商管理类,"(中美121双学位班,可接轨ACCA国际注会)(包含专业:财务管理(全英文教学)；建议具有较好英语水平的考生报考)",不限,2,4,28000.0
海南,2025,本科批,综合,1189,华侨大学,2,20,工程管理,(国家级一流本科专业),"物理,化学",2,4,5460.0
海南,2025,本科批,综合,1189,华侨大学,1,13,旅游管理,(数智文旅与管理方向、旅游规划与设计方向)(国家级一流本科专业),不限,2,4,5460.0
海南,2025,本科批,综合,1189,华侨大学,2,14,智能制造工程,,"物理,化学",2,4,5460.0
海南,2025,本科批,综合,1189,华侨大学,1,5,汉语言文学,(国家级一流本科专业),不限,2,4,5460.0
海南,2025,本科批,综合,1189,华侨大学,2,16,电气工程及其自动化,(国家级一流本科专业),"物理,化学",2,4,5460.0
海南,2025,本科批,综合,1189,华侨大学,1,4,英语,(国家级一流本科专业),不限,2,4,5460.0
海南,2025,本科批,综合,1189,华侨大学,2,22,药学,(生物与医药方向)(国家级一流本科专业),"物理,化学",2,4,6760.0
海南,2025,本科批,综合,1189,华侨大学,1,11,行政管理,(数字政府治理、社会福利、公共危机管理)(国家级一流本科专业),不限,2,4,5460.0
海南,2025,本科批,综合,1189,华侨大学,2,17,计算机科学与技术,(国家级一流本科专业),"物理,化学",2,4,5460.0
海南,2025,本科批,综合,1189,华侨大学,1,7,财务管理,(省级一流本科专业),不限,2,4,5460.0
海南,2025,本科批,综合,1189,华侨大学,1,10,酒店管理,(数智酒店与运营管理方向)(国家级一流本科专业),不限,2,4,5460.0
海南,2025,本科批,综合,1737,华中科技大学,2,2,光电信息科学与工程,(国家级一流本科专业),"物理,化学",5,4,5850.0
海南,2025,本科批,综合,1737,华中科技大学,80,12,临床医学,(国家级一流本科专业；附属协和医院、同济医院综合实力位居全国三甲医院前列),"物理,化学",4,5,5850.0
海南,2025,本科批,综合,1737,华中科技大学,81,14,法医学,(国家级一流本科专业；分类投档专业),"物理,化学",4,5,4500.0
海南,2025,本科批,综合,1737,华中科技大学,2,5,电子信息类,(电信学院)(包含专业:电子信息工程、通信工程、电磁场与无线技术；含国家级一流本科专业),"物理,化学",4,4,5850.0
海南,2025,本科批,综合,1737,华中科技大学,2,6,电子信息类,(集成电路学院)(包含专业:集成电路设计与集成系统、微电子科学与工程、电子科学与技术；均为国家级一流本科专业；实施“一生一芯片”“一生一项目”“一生一国赛’),"物理,化学",4,4,5850.0
海南,2025,本科批,综合,1737,华中科技大学,2,4,电气工程及其自动化,(国家级一流本科专业),"物理,化学",4,4,5850.0
海南,2025,本科批,综合,1737,华中科技大学,2,7,计算机类,(网安学院)(包含专业:网络空间安全、信息安全、密码科学与技术；含国家级一流本科专业),"物理,化学",4,4,5850.0
海南,2025,本科批,综合,1737,华中科技大学,2,8,自动化类,(包含专业:自动化、智能医学工程；含国家级一流本科专业；医工交叉学科培养；分流时本专业类内专业任选),"物理,化学",3,4,5850.0
海南,2025,本科批,综合,1737,华中科技大学,2,18,计算机类,(计算机学院)(包含专业:计算机科学与技术、数据科学与大数据技术、智能科学与技术；含国家级一流本科专业；基础学科拔尖学生培养计划2.0基地),"物理,化学",3,4,5850.0
海南,2025,本科批,综合,1737,华中科技大学,80,11,临床医学,"(卓越医师启明实验班)(一生一导师,一生一科研项目；国家级、省部级科研平台优先开放,低年级进实验室轮转,开展长周期科研训练)","物理,化学",2,5,5850.0
海南,2025,本科批,综合,1737,华中科技大学,2,9,光电信息科学与工程,"(光电融合芯片启明实验班)(一生一导师,一生一科研项目；国家级、省部级科研平台优先开放,低年级进实验室轮转,开展长周期科研训练)","物理,化学",2,4,5850.0
海南,2025,本科批,综合,1737,华中科技大学,80,13,口腔医学,(国家级一流本科专业；依托附属协和医院、同济医院开展临床教学及实习实践),"物理,化学",2,5,5850.0
海南,2025,本科批,综合,1737,华中科技大学,2,17,数学类,(包含专业:数学与应用数学、统计学、信息与计算科学；含国家级一流本科专业；基础学科拔尖学生培养计划2.0基地；分流时本专业类内专业任选),"物理,化学",2,4,4500.0
海南,2025,本科批,综合,1737,华中科技大学,2,15,机械类,(包含专业:机械设计制造及其自动化、工业工程、测控技术与仪器；设立德国亚琛工大中德智能制造“3+1+2”本研项目),"物理,化学",2,4,5850.0
海南,2025,本科批,综合,1737,华中科技大学,2,16,生物医学工程类,(包含专业:生物医学工程、生物信息学；含国家级一流本科专业),"物理,化学",2,4,5850.0
海南,2025,本科批,综合,1737,华中科技大学,2,10,自动化,"(无人系统启明实验班)(一生一导师,一生一科研项目；国家级、省部级科研平台优先开放,低年级进实验室轮转,开展长周期科研训练)","物理,化学",2,4,5850.0
海南,2025,本科批,综合,1737,华中科技大学,2,3,航空航天类,(包含专业:飞行器设计与工程、工程力学；均为国家级一流本科专业),"物理,化学",2,4,5850.0
海南,2025,国家专项,综合,1737,华中科技大学,1,1,管理科学与工程类,"(包含专业:信息管理与信息系统、计算金融、供应链管理(IE双学位)；含国家级一流本科专业；计算金融采用“高校+金融机构+企业”的一体化培养模式,设立英国布里斯托大学“3+1”本硕项目；供应链管理与机械学院工业工程专业联合培养“管工融合”复合型人才,授予管理学与工学双学士学位)","物理,化学",2,4,4500.0
海南,2025,本科批,综合,1746,华中农业大学,3,6,动物医学,,"物理,化学",2,5,4500.0
海南,2025,本科批,综合,1746,华中农业大学,3,7,动物科学,(国家卓越农林人才计划),"物理,化学",2,4,4500.0
海南,2025,本科批,综合,1746,华中农业大学,2,3,大数据管理与应用,,物理,2,4,4500.0
海南,2025,本科批,综合,1746,华中农业大学,1,1,工商管理类,(包含专业:市场营销、人力资源管理、会计学、财务管理、工商管理),不限,1,4,4500.0
海南,2025,本科批,综合,1746,华中农业大学,3,8,机械类,(包含专业:机械设计制造及其自动化、机械电子工程、自动化、机器人工程),"物理,化学",1,4,4500.0
海南,2025,本科批,综合,1746,华中农业大学,3,5,植物生产类,(包含专业:农学(国家卓越农林人才计划)、植物科学与技术、种子科学与工程、植物保护(国家卓越农林人才计划)、应用生物科学),"物理,化学",1,4,4500.0
海南,2025,本科批,综合,1746,华中农业大学,3,9,水产类,(包含专业:水产养殖学(国家卓越农林人才计划)、水族科学与技术),"物理,化学",1,4,4500.0
海南,2025,本科批,综合,1746,华中农业大学,2,4,管理科学与工程类,(包含专业:工程管理、信息管理与信息系统),物理,1,4,5850.0
海南,2025,本科批,综合,1746,华中农业大学,1,2,经济学类,(包含专业:经济学、国际经济与贸易、农林经济管理(国家卓越农林人才计划)、农村区域发展),不限,1,4,4500.0
海南,2025,本科民族班、预科班,综合,1746,华中农业大学,4,10,少数民族预科班,(预科培养地点:华中农业大学校本部),物理,2,1,
海南,2025,本科提前批,综合,1748,华中师范大学,2,3,英语,(国家公费师范生)(属国家公费师范生计划；本研衔接；履约任教到海口市1名、屯昌县1名、昌江县1名),不限,3,4,
海南,2025,本科提前批,综合,1748,华中师范大学,9,16,地理科学,(国家公费师范生)(属国家公费师范生计划；本研衔接；履约任教到海口市1名、白沙县1名),地理,2,4,
海南,2025,本科提前批,综合,1748,华中师范大学,2,2,学前教育,(国家公费师范生)(属国家公费师范生计划；本研衔接；履约任教到海口市1名、儋州市1名),不限,2,4,
海南,2025,本科提前批,综合,1748,华中师范大学,3,4,心理学,(国家公费师范生)(属国家公费师范生计划；本研衔接；履约任教到文昌市1名、临高县1名),物理,2,4,
海南,2025,本科提前批,综合,1748,华中师范大学,6,11,思想政治教育,(国家公费师范生)(属国家公费师范生计划；本研衔接；履约任教到文昌市1名、琼海市1名),政治,2,4,
海南,2025,本科提前批,综合,1748,华中师范大学,5,8,数学与应用数学,(国家公费师范生)(属国家公费师范生计划；本研衔接；履约任教到万宁市1名、乐东县1名),"物理,化学",2,4,
海南,2025,本科提前批,综合,1748,华中师范大学,8,14,汉语言文学,(国家公费师范生)(属国家公费师范生计划；本研衔接；履约任教到文昌市1名、万宁市1名),历史,2,4,
海南,2025,本科提前批,综合,1748,华中师范大学,3,5,科学教育,(国家公费师范生)(属国家公费师范生计划；本研衔接；履约任教到三亚市1名、琼海市1名),物理,2,4,
海南,2025,本科提前批,综合,1748,华中师范大学,7,13,历史学,(优师专项计划)(属国家优师专项计划；入学前须签订国家优师专项定向就业协议；履约任教到五指山市、临高县、保亭县、琼中县及白沙县),历史,1,4,
海南,2025,本科提前批,综合,1748,华中师范大学,8,15,历史学,(国家公费师范生)(属国家公费师范生计划；本研衔接；履约任教到海口市1名),历史,1,4,
海南,2025,本科提前批,综合,1748,华中师范大学,4,6,数学与应用数学,(优师专项计划)(属国家优师专项计划；入学前须签订国家优师专项定向就业协议；履约任教到五指山市、临高县、保亭县、琼中县及白沙县),"物理,化学",1,4,
海南,2025,本科提前批,综合,1748,华中师范大学,7,12,汉语言文学,(优师专项计划)(属国家优师专项计划；入学前须签订国家优师专项定向就业协议；履约任教到五指山市、临高县、保亭县、琼中县及白沙县),历史,1,4,
海南,2025,本科提前批,综合,1748,华中师范大学,4,7,物理学,(优师专项计划)(属国家优师专项计划；入学前须签订国家优师专项定向就业协议；履约任教到五指山市、临高县、保亭县、琼中县及白沙县),"物理,化学",1,4,
海南,2025,本科提前批,综合,1748,华中师范大学,5,9,物理学,(国家公费师范生)(属国家公费师范生计划；本研衔接；履约任教到海口市1名),"物理,化学",1,4,
海南,2025,本科提前批,综合,1748,华中师范大学,80,10,生物科学,(国家公费师范生)(属国家公费师范生计划；本研衔接；履约任教到儋州市1名；不招色盲、色弱、单色识别不全者),"物理,化学",1,4,
海南,2025,本科提前批,综合,1748,华中师范大学,1,1,英语,(优师专项计划)(属国家优师专项计划；入学前须签订国家优师专项定向就业协议；履约任教到五指山市、临高县、保亭县、琼中县及白沙县),不限,1,4,
海南,2025,本科批,综合,1748,华中师范大学,15,31,计算机类,(人工智能教育学部)(包含专业:数据科学与大数据技术、人工智能(含数智实验班)、数字媒体技术),"物理,化学",6,4,5850.0
海南,2025,本科批,综合,1748,华中师范大学,13,20,新闻传播学类,(包含专业:新闻学(含国际新闻传播实验班)、网络与新媒体),不限,5,4,5850.0
海南,2025,本科批,综合,1748,华中师范大学,17,35,地理科学类,(包含专业:地理科学(非师范)、地理信息科学),地理,4,4,4500.0
海南,2025,本科批,综合,1748,华中师范大学,13,23,社会学类,(包含专业:社会学、社会工作),不限,4,4,4500.0
海南,2025,本科批,综合,1748,华中师范大学,15,33,计算机类,(计算机学院)(包含专业:计算机科学与技术、计算机科学与技术(智能基座基地班)、软件工程、信息安全),"物理,化学",4,4,5850.0
海南,2025,本科批,综合,1748,华中师范大学,81,26,化学类,(包含专业:化学(智能化学)、化学(化学生物交叉班)；不招色盲、色弱、单色识别不全者),"物理,化学",3,4,5850.0
海南,2025,本科批,综合,1748,华中师范大学,16,34,中国语言文学类,(包含专业:汉语言文学(非公费师范)、汉语言文学(非师范)、汉语言),历史,2,4,5850.0
海南,2025,本科批,综合,1748,华中师范大学,14,24,心理学类,(包含专业:心理学(非师范)、应用心理学),物理,2,4,4500.0
海南,2025,本科批,综合,1748,华中师范大学,15,28,数学类,(包含专业:数学与应用数学(非公费师范)、数学与应用数学(基础学科创新实验班、非公费师范)),"物理,化学",2,4,5850.0
海南,2025,本科批,综合,1748,华中师范大学,13,22,法学类,(包含专业:法学、法学(法学经济学交叉班)、法学(涉外法治人才实验班)),不限,2,4,5850.0
海南,2025,本科批,综合,1748,华中师范大学,81,32,生物科学类,(包含专业:生物技术、生物科学(化学生物交叉班)；不招色盲、色弱、单色识别不全者),"物理,化学",2,4,4500.0
海南,2025,本科批,综合,1748,华中师范大学,15,27,电子信息类,(包含专业:电子信息科学与技术、通信工程、集成电路设计与集成系统),"物理,化学",2,4,5850.0
海南,2025,本科批,综合,1748,华中师范大学,13,21,电子商务,,不限,2,4,5850.0
海南,2025,本科批,综合,1748,华中师范大学,15,30,遥感科学与技术,,"物理,化学",2,4,4500.0
海南,2025,本科批,综合,1748,华中师范大学,81,25,化学类,(包含专业:化学(非公费师范)、化学(基础学科创新实验班、非公费师范)；不招色盲、色弱、单色识别不全者),"物理,化学",1,4,5850.0
海南,2025,本科批,综合,1748,华中师范大学,81,29,生物科学类,(包含专业:生物科学(非公费师范)、生物科学(基础学科创新实验班、非公费师范)；不招色盲、色弱、单色识别不全者),"物理,化学",1,4,4500.0
海南,2025,本科民族班、预科班,综合,1748,华中师范大学,18,36,少数民族预科班,(预科毕业分流时所选专业不包含公费师范生计划；预科培养地点:华中师范大学),不限,2,1,3375.0
海南,2025,国家专项,综合,1748,华中师范大学,12,19,电子商务,,不限,1,4,5850.0
海南,2025,本科批,综合,1889,怀化学院,3,13,人工智能,,"物理,化学",3,4,5900.0
海南,2025,本科批,综合,1889,怀化学院,3,12,数据科学与大数据技术,,"物理,化学",3,4,4800.0
海南,2025,本科批,综合,1889,怀化学院,3,20,生物制药,,"物理,化学",3,4,5900.0
海南,2025,本科批,综合,1889,怀化学院,2,10,风景园林,,不限,3,4,4800.0
海南,2025,本科批,综合,1889,怀化学院,3,18,食品质量与安全,,"物理,化学",3,4,4800.0
海南,2025,本科批,综合,1889,怀化学院,3,14,信息与计算科学,,"物理,化学",2,4,3800.0
海南,2025,本科批,综合,1889,怀化学院,3,16,光电信息科学与工程,,"物理,化学",2,4,4800.0
海南,2025,本科批,综合,1889,怀化学院,3,17,制药工程,,"物理,化学",2,4,4800.0
海南,2025,本科批,综合,1889,怀化学院,3,21,化学,,"物理,化学",2,4,4000.0
海南,2025,本科批,综合,1889,怀化学院,2,9,商务英语,,不限,2,4,3800.0
海南,2025,本科批,综合,1889,怀化学院,4,22,园林,,生物,2,4,3600.0
海南,2025,本科批,综合,1889,怀化学院,2,2,国际经济与贸易,,不限,2,4,4000.0
海南,2025,本科批,综合,1889,怀化学院,5,23,思想政治教育,,政治,2,4,4000.0
海南,2025,本科批,综合,1889,怀化学院,2,6,法学,,不限,2,4,4000.0
海南,2025,本科批,综合,1889,怀化学院,2,4,物流管理,,不限,2,4,4000.0
海南,2025,本科批,综合,1889,怀化学院,3,19,生物工程,,"物理,化学",2,4,4800.0
海南,2025,本科批,综合,1889,怀化学院,3,15,电子信息科学与技术,,"物理,化学",2,4,5900.0
海南,2025,本科批,综合,1889,怀化学院,2,7,社会工作,,不限,2,4,4000.0
海南,2025,本科批,综合,1889,怀化学院,2,8,网络与新媒体,,不限,2,4,6000.0
海南,2025,本科批,综合,1889,怀化学院,2,5,财务管理,,不限,2,4,4000.0
海南,2025,本科批,综合,1889,怀化学院,3,11,软件工程,,"物理,化学",2,4,5900.0
海南,2025,本科批,综合,1889,怀化学院,2,3,旅游管理,,不限,1,4,4000.0
海南,2025,专科批,综合,1953,怀化职业技术学院,1,2,园艺技术,,不限,5,3,3000.0
海南,2025,专科批,综合,1953,怀化职业技术学院,1,5,大数据与会计,,不限,5,3,3500.0
海南,2025,专科批,综合,1953,怀化职业技术学院,1,4,数字媒体技术,,不限,5,3,4600.0
海南,2025,专科批,综合,1953,怀化职业技术学院,1,3,机电一体化技术,,不限,5,3,4600.0
海南,2025,专科批,综合,1953,怀化职业技术学院,1,1,汽车检测与维修技术,,不限,5,3,4600.0
海南,2025,本科批,综合,1075,淮北师范大学,2,3,人力资源管理,,不限,1,4,4900.0
海南,2025,本科批,综合,1075,淮北师范大学,2,6,会计学,,不限,1,4,4900.0
海南,2025,本科批,综合,1075,淮北师范大学,5,16,化学,,"物理,化学,生物",1,4,5200.0
海南,2025,本科批,综合,1075,淮北师范大学,5,17,园艺,,"物理,化学,生物",1,4,5200.0
海南,2025,本科批,综合,1075,淮北师范大学,6,18,思想政治教育,,"政治,历史",1,4,4900.0
海南,2025,本科批,综合,1075,淮北师范大学,4,12,数学与应用数学,,"物理,化学",1,4,5720.0
海南,2025,本科批,综合,1075,淮北师范大学,2,5,旅游管理,,不限,1,4,4900.0
海南,2025,本科批,综合,1075,淮北师范大学,7,20,汉语言文学,,"政治,历史,地理",1,4,5390.0
海南,2025,本科批,综合,1075,淮北师范大学,3,9,物流管理,,物理,1,4,5390.0
海南,2025,本科批,综合,1075,淮北师范大学,5,13,物理学,,"物理,化学,生物",1,4,5200.0
海南,2025,本科批,综合,1075,淮北师范大学,5,15,环境科学,,"物理,化学,生物",1,4,5200.0
海南,2025,本科批,综合,1075,淮北师范大学,5,14,生物科学,,"物理,化学,生物",1,4,5200.0
海南,2025,本科批,综合,1075,淮北师范大学,3,10,电子商务,,物理,1,4,4900.0
海南,2025,本科批,综合,1075,淮北师范大学,7,21,社会工作,,"政治,历史,地理",1,4,4900.0
海南,2025,本科批,综合,1075,淮北师范大学,2,7,经济学,,不限,1,4,4900.0
海南,2025,本科批,综合,1075,淮北师范大学,4,11,统计学,,"物理,化学",1,4,5200.0
海南,2025,本科批,综合,1075,淮北师范大学,7,19,网络与新媒体,,"政治,历史,地理",1,4,4900.0
海南,2025,本科批,综合,1075,淮北师范大学,2,4,英语,,不限,1,4,5390.0
海南,2025,本科批,综合,1075,淮北师范大学,3,8,金融科技,,物理,1,4,5200.0
海南,2025,专科批,综合,1088,淮北职业技术学院,1,2,学前教育,(师范),不限,5,3,3900.0
海南,2025,专科批,综合,1088,淮北职业技术学院,1,1,护理,,不限,5,3,3900.0
海南,2025,专科批,综合,1093,淮南联合大学,1,1,大数据与会计,,不限,4,3,3500.0
海南,2025,专科批,综合,1093,淮南联合大学,1,4,护理,,不限,4,3,3900.0
海南,2025,专科批,综合,1093,淮南联合大学,1,7,药学,,不限,4,3,3900.0
海南,2025,专科批,综合,1093,淮南联合大学,1,5,口腔医学技术,,不限,3,3,3900.0
海南,2025,专科批,综合,1093,淮南联合大学,1,6,医学美容技术,,不限,2,3,3900.0
海南,2025,专科批,综合,1093,淮南联合大学,1,9,新能源汽车技术,,不限,2,3,3900.0
海南,2025,专科批,综合,1093,淮南联合大学,1,8,机电一体化技术,,不限,2,3,3900.0
海南,2025,专科批,综合,1093,淮南联合大学,1,2,电子商务,,不限,2,3,3500.0
海南,2025,专科批,综合,1093,淮南联合大学,1,3,酒店管理与数字化运营,,不限,2,3,3500.0
海南,2025,专科批,综合,1104,淮南职业技术学院,1,3,护理,,不限,10,3,6500.0
海南,2025,专科批,综合,1104,淮南职业技术学院,1,1,旅游管理,,不限,10,3,6000.0
海南,2025,专科批,综合,1104,淮南职业技术学院,1,2,药学,,不限,10,3,6500.0
海南,2025,本科批,综合,815,淮阴工学院,4,5,园林,,生物,2,4,2500.0
海南,2025,本科批,综合,815,淮阴工学院,1,1,国际经济与贸易,,不限,2,4,5200.0
海南,2025,本科批,综合,815,淮阴工学院,3,4,土木工程,,"物理,化学",2,4,5800.0
海南,2025,本科批,综合,815,淮阴工学院,1,2,经济与金融,,不限,2,4,5200.0
海南,2025,本科批,综合,815,淮阴工学院,2,3,金融数学,,物理,2,4,5200.0
海南,2025,专科批,综合,1845,黄冈科技职业学院,80,2,新能源汽车技术,,不限,97,3,11000.0
海南,2025,专科批,综合,1845,黄冈科技职业学院,80,1,智能网联汽车技术,,不限,70,3,12000.0
海南,2025,专科批,综合,1845,黄冈科技职业学院,81,4,财富管理,,不限,7,3,11000.0
海南,2025,专科批,综合,1845,黄冈科技职业学院,81,5,金融科技应用,,不限,7,3,11000.0
海南,2025,专科批,综合,1845,黄冈科技职业学院,80,3,汽车检测与维修技术,,不限,42,3,11000.0
海南,2025,专科批,综合,1845,黄冈科技职业学院,81,6,大数据技术,,不限,23,3,11000.0
海南,2025,专科批,综合,1845,黄冈科技职业学院,1,12,健康大数据管理与服务,,不限,2,3,11000.0
海南,2025,专科批,综合,1845,黄冈科技职业学院,1,13,影视编导,,不限,2,3,11000.0
海南,2025,专科批,综合,1845,黄冈科技职业学院,1,10,数字媒体艺术设计,,不限,2,3,11000.0
海南,2025,专科批,综合,1845,黄冈科技职业学院,1,11,无人机应用技术,,不限,2,3,11000.0
海南,2025,专科批,综合,1845,黄冈科技职业学院,1,9,智能控制技术,,不限,2,3,12000.0
海南,2025,专科批,综合,1845,黄冈科技职业学院,1,7,机电一体化技术,,不限,2,3,9350.0
海南,2025,专科批,综合,1845,黄冈科技职业学院,1,8,融媒体技术与运营,,不限,2,3,11000.0
海南,2025,本科批,综合,1751,黄冈师范学院,1,1,旅游管理,,不限,4,4,4000.0
海南,2025,本科批,综合,1751,黄冈师范学院,2,3,计算机科学与技术,,"物理,化学",3,4,4000.0
海南,2025,本科批,综合,1751,黄冈师范学院,2,2,软件工程,,"物理,化学",3,4,5200.0
海南,2025,专科批,综合,1765,黄冈职业技术学院,1,8,临床医学,,不限,8,3,5000.0
海南,2025,专科批,综合,1765,黄冈职业技术学院,1,6,人工智能技术应用,(大一就读武穴校区),不限,8,3,5000.0
海南,2025,专科批,综合,1765,黄冈职业技术学院,1,2,动物医学,,不限,8,3,5000.0
海南,2025,专科批,综合,1765,黄冈职业技术学院,1,1,口腔医学,,不限,8,3,5000.0
海南,2025,专科批,综合,1765,黄冈职业技术学院,1,7,大数据与会计,,不限,8,3,5000.0
海南,2025,专科批,综合,1765,黄冈职业技术学院,1,3,工业机器人技术,,不限,8,3,5000.0
海南,2025,专科批,综合,1765,黄冈职业技术学院,1,10,护理,(大一就读武穴校区),不限,8,3,5000.0
海南,2025,专科批,综合,1765,黄冈职业技术学院,1,5,物联网应用技术,(大一就读武穴校区),不限,8,3,5000.0
海南,2025,专科批,综合,1765,黄冈职业技术学院,1,4,电气自动化技术,(大一就读武穴校区),不限,8,3,5000.0
海南,2025,专科批,综合,1765,黄冈职业技术学院,1,9,针灸推拿,,不限,8,3,5000.0
海南,2025,本科批,综合,1604,黄河科技学院,1,2,工商管理,,不限,4,4,15000.0
海南,2025,本科批,综合,1604,黄河科技学院,2,5,数据科学与大数据技术,,"物理,化学",4,4,16000.0
海南,2025,本科批,综合,1604,黄河科技学院,1,1,日语,,不限,4,4,15000.0
海南,2025,本科批,综合,1604,黄河科技学院,2,3,生物信息学,,"物理,化学",4,4,16000.0
海南,2025,本科批,综合,1604,黄河科技学院,2,4,计算机科学与技术,,"物理,化学",4,4,16000.0
海南,2025,专科批,综合,1607,黄河水利职业技术大学,1,2,旅游管理,,不限,5,3,3700.0
海南,2025,专科批,综合,1607,黄河水利职业技术大学,1,1,水利水电建筑工程,,不限,5,3,4800.0
海南,2025,本科批,综合,1587,黄淮学院,2,2,商务经济学,,不限,5,4,4400.0
海南,2025,本科批,综合,1587,黄淮学院,4,5,汉语言文学,,历史,5,4,4400.0
海南,2025,本科批,综合,1587,黄淮学院,3,4,软件工程,(中外合作办学)(与印度迈索尔大学合作办学),"物理,化学",5,4,18000.0
海南,2025,本科批,综合,1587,黄淮学院,2,3,会计学,(注册会计师方向),不限,15,4,4400.0
海南,2025,专科批,综合,2128,惠州经济职业技术学院,1,7,中医康复技术,,不限,6,3,18000.0
海南,2025,专科批,综合,2128,惠州经济职业技术学院,1,15,软件技术,,不限,6,3,17000.0
海南,2025,专科批,综合,2128,惠州经济职业技术学院,1,9,康复治疗技术,,不限,5,3,18000.0
海南,2025,专科批,综合,2128,惠州经济职业技术学院,1,10,建筑室内设计,,不限,5,3,17500.0
海南,2025,专科批,综合,2128,惠州经济职业技术学院,1,11,数字化设计与制造技术,,不限,5,3,18000.0
海南,2025,专科批,综合,2128,惠州经济职业技术学院,1,17,服装设计与工艺,,不限,5,3,17000.0
海南,2025,专科批,综合,2128,惠州经济职业技术学院,1,5,计算机应用技术,,不限,5,3,17000.0
海南,2025,专科批,综合,2128,惠州经济职业技术学院,1,12,商务英语,,不限,3,3,16500.0
海南,2025,专科批,综合,2128,惠州经济职业技术学院,1,3,大数据与财务管理,,不限,3,3,16500.0
海南,2025,专科批,综合,2128,惠州经济职业技术学院,1,14,学前教育,,不限,3,3,17500.0
海南,2025,专科批,综合,2128,惠州经济职业技术学院,1,16,工程造价,,不限,3,3,17000.0
海南,2025,专科批,综合,2128,惠州经济职业技术学院,1,8,新能源汽车技术,,不限,20,3,17500.0
海南,2025,专科批,综合,2128,惠州经济职业技术学院,1,13,全媒体广告策划与营销,,不限,2,3,17000.0
海南,2025,专科批,综合,2128,惠州经济职业技术学院,1,4,物联网应用技术,,不限,2,3,17000.0
海南,2025,专科批,综合,2128,惠州经济职业技术学院,1,2,网络营销与直播电商,,不限,2,3,16500.0
海南,2025,专科批,综合,2128,惠州经济职业技术学院,1,1,大数据与会计,,不限,10,3,16500.0
海南,2025,专科批,综合,2128,惠州经济职业技术学院,1,6,护理,,不限,10,3,18000.0
海南,2025,专科批,综合,2160,惠州卫生职业技术学院,2,5,护理,"(不招色盲、色弱；因用人单位可能对考生身体素质有要求,请身高低于160cm的男生、身高低于155cm的女生慎重报考)",生物,3,3,6410.0
海南,2025,专科批,综合,2160,惠州卫生职业技术学院,1,1,口腔医学,(不招色盲、色弱),"物理,化学",2,3,6410.0
海南,2025,专科批,综合,2160,惠州卫生职业技术学院,1,3,药学,(不招色盲、色弱),"物理,化学",2,3,6410.0
海南,2025,专科批,综合,2160,惠州卫生职业技术学院,1,2,预防医学,(不招色盲、色弱),"物理,化学",2,3,6410.0
海南,2025,专科批,综合,2160,惠州卫生职业技术学院,1,4,针灸推拿,(不招色盲、色弱),"物理,化学",1,3,6410.0
海南,2025,本科批,综合,2038,惠州学院,1,2,建筑学,(不招色盲),不限,3,5,5710.0
海南,2025,本科批,综合,2038,惠州学院,1,1,风景园林,(不招色盲),不限,3,4,5710.0
海南,2025,本科批,综合,2038,惠州学院,2,4,地理信息科学,(不招色盲),地理,2,4,5710.0
海南,2025,本科批,综合,2038,惠州学院,1,3,服装设计与工程,(不招色盲),不限,2,4,5710.0
海南,2025,本科提前批(面试),综合,2951,火箭军工程大学,1,2,侦测工程,(遥测、侦测和信息处理初级指挥与技术军官)(男生)(只招男生；导弹岗位合格),物理,1,4,
海南,2025,本科提前批(面试),综合,2951,火箭军工程大学,2,5,土木工程,(国防工程建筑初级指挥与技术军官)(男生)(只招男生；通用标准合格；考生投档成绩须达到部分特殊类型招生投档最低控制分数线),"物理,化学",1,4,
海南,2025,本科提前批(面试),综合,2951,火箭军工程大学,1,4,导弹工程,(测发控综合初级指挥与技术军官)(男生)(只招男生；导弹岗位合格),物理,1,4,
海南,2025,本科提前批(面试),综合,2951,火箭军工程大学,1,3,测控工程,(测试控制初级指挥与技术军官)(男生)(只招男生；导弹岗位合格),物理,1,4,
海南,2025,本科提前批(面试),综合,2951,火箭军工程大学,1,1,目标保障,(目标保障初级技术军官)(男生)(只招男生；导弹岗位合格),物理,1,4,
海南,2025,专科批,综合,1372,吉安职业技术学院,1,1,研学旅行管理与服务,"(大一在井冈山数字经济产业学院就读,大二、大三本部就读)",不限,5,3,5000.0
海南,2025,本科批,综合,2411,吉利学院,2,6,金融科技,,物理,8,4,26800.0
海南,2025,本科批,综合,2411,吉利学院,2,5,大数据管理与应用,,物理,7,4,26800.0
海南,2025,本科批,综合,2411,吉利学院,3,11,计算机类,(包含专业:计算机科学与技术、数据科学与大数据技术、网络工程、虚拟现实技术),"物理,化学",6,4,26800.0
海南,2025,本科批,综合,2411,吉利学院,3,8,新能源汽车工程,,"物理,化学",4,4,26800.0
海南,2025,本科批,综合,2411,吉利学院,3,7,电子信息类,(包含专业:电子信息工程、人工智能),"物理,化学",3,4,26800.0
海南,2025,本科批,综合,2411,吉利学院,1,1,审计学,,不限,2,4,26800.0
海南,2025,本科批,综合,2411,吉利学院,3,9,机械设计制造及其自动化,,"物理,化学",2,4,26800.0
海南,2025,本科批,综合,2411,吉利学院,3,10,物联网工程,,"物理,化学",2,4,26800.0
海南,2025,本科批,综合,2411,吉利学院,1,4,网络与新媒体,,不限,2,4,26800.0
海南,2025,本科批,综合,2411,吉利学院,1,2,英语,,不限,2,4,26800.0
海南,2025,本科批,综合,2411,吉利学院,1,3,财务管理,,不限,2,4,26800.0
海南,2025,本科批,综合,567,吉林财经大学,1,1,会计学,,不限,2,4,5280.0
海南,2025,本科批,综合,567,吉林财经大学,80,19,会计学,(中外合作办学)(与澳大利亚查尔斯特大学合作办学),不限,2,4,26000.0
海南,2025,本科批,综合,567,吉林财经大学,1,17,法学,,不限,2,4,5280.0
海南,2025,本科批,综合,567,吉林财经大学,1,16,税收学,,不限,2,4,5280.0
海南,2025,本科批,综合,567,吉林财经大学,1,8,财务管理,,不限,2,4,5280.0
海南,2025,本科批,综合,567,吉林财经大学,1,5,保险学,,不限,1,4,5280.0
海南,2025,本科批,综合,567,吉林财经大学,1,14,劳动与社会保障,,不限,1,4,5280.0
海南,2025,本科批,综合,567,吉林财经大学,1,2,国际商务,,不限,1,4,5280.0
海南,2025,本科批,综合,567,吉林财经大学,1,7,国际经济与贸易,,不限,1,4,5280.0
海南,2025,本科批,综合,567,吉林财经大学,2,21,大数据管理与应用,,物理,1,4,4800.0
海南,2025,本科批,综合,567,吉林财经大学,1,9,审计学,,不限,1,4,5280.0
海南,2025,本科批,综合,567,吉林财经大学,1,15,工商管理,,不限,1,4,5280.0
海南,2025,本科批,综合,567,吉林财经大学,3,23,应用统计学,,"物理,化学",1,4,5000.0
海南,2025,本科批,综合,567,吉林财经大学,3,22,数据科学,,"物理,化学",1,4,5000.0
海南,2025,本科批,综合,567,吉林财经大学,1,4,旅游管理,,不限,1,4,4800.0
海南,2025,本科批,综合,567,吉林财经大学,1,3,电子商务,,不限,1,4,5940.0
海南,2025,本科批,综合,567,吉林财经大学,1,11,经济学,,不限,1,4,5280.0
海南,2025,本科批,综合,567,吉林财经大学,3,24,统计学,,"物理,化学",1,4,5500.0
海南,2025,本科批,综合,567,吉林财经大学,1,13,英语,,不限,1,4,5060.0
海南,2025,本科批,综合,567,吉林财经大学,1,6,行政管理,,不限,1,4,4800.0
海南,2025,本科批,综合,567,吉林财经大学,3,25,计算机科学与技术,,"物理,化学",1,4,5400.0
海南,2025,本科批,综合,567,吉林财经大学,1,10,财政学,,不限,1,4,5280.0
海南,2025,本科批,综合,567,吉林财经大学,1,18,跨境电子商务,,不限,1,4,4800.0
海南,2025,本科批,综合,567,吉林财经大学,1,12,金融学,,不限,1,4,5280.0
海南,2025,本科批,综合,567,吉林财经大学,2,20,金融数学,,物理,1,4,4800.0
海南,2025,本科批,综合,551,吉林大学,4,24,政治学与行政学,(按类招；含政治学与行政学、国际政治、行政管理),政治,5,4,6070.0
海南,2025,本科批,综合,551,吉林大学,3,18,软件工程,(招有专业志愿考生；第3、4年学费共28000元),"物理,化学",5,4,6830.0
海南,2025,本科批,综合,551,吉林大学,2,3,会计学,(按类招；含会计学、财务管理；财务管理专业的培养方向为数智化决策),物理,4,4,5520.0
海南,2025,本科批,综合,551,吉林大学,3,7,数学类,(包含专业:数学与应用数学、信息与计算科学、统计学),"物理,化学",4,4,6320.0
海南,2025,本科批,综合,551,吉林大学,3,10,机械工程,,"物理,化学",4,4,6830.0
海南,2025,本科批,综合,551,吉林大学,80,13,电子信息类,(包含专业:电子科学与技术、微电子科学与工程、电子信息科学与技术),"物理,化学",4,4,6830.0
海南,2025,本科批,综合,551,吉林大学,80,16,网络空间安全,,"物理,化学",4,4,6830.0
海南,2025,本科批,综合,551,吉林大学,80,17,计算机科学与技术,,"物理,化学",4,4,6830.0
海南,2025,本科批,综合,551,吉林大学,3,14,通信工程,,"物理,化学",4,4,6830.0
海南,2025,本科批,综合,551,吉林大学,3,12,交通运输类,(包含专业:交通运输、交通工程、道路桥梁与渡河工程),"物理,化学",3,4,6830.0
海南,2025,本科批,综合,551,吉林大学,3,8,化学类,(包含专业:化学、应用化学、材料化学、高分子材料与工程、化学工程与工艺),"物理,化学",3,4,6320.0
海南,2025,本科批,综合,551,吉林大学,3,11,材料类,(包含专业:材料科学与工程、无机非金属材料工程、材料成型及控制工程；入校后可自愿选择申请新加坡国立大学3+1+1、英国曼彻斯特大学2+2联合培养项目),"物理,化学",3,4,6830.0
海南,2025,本科批,综合,551,吉林大学,81,21,临床医学,(白求恩第一临床医学院),"物理,化学",2,5,7080.0
海南,2025,本科批,综合,551,吉林大学,81,22,临床医学,(5+3一体化)(白求恩第三临床医学院),"物理,化学",2,5,7080.0
海南,2025,本科批,综合,551,吉林大学,3,23,临床药学,,"物理,化学",2,5,7080.0
海南,2025,本科批,综合,551,吉林大学,3,20,地质类,(包含专业:地质学、资源勘查工程、土地资源管理),"物理,化学",2,4,6070.0
海南,2025,本科批,综合,551,吉林大学,2,5,工商管理,(双学士学位)(工商管理-国际经济与贸易双学士学位复合型人才培养项目:商学与管理学院和经济学院联合建设),物理,2,4,8500.0
海南,2025,本科批,综合,551,吉林大学,2,6,市场营销,(双学士学位)(市场营销-数据科学与大数据技术双学士学位复合型人才培养项目:商学与管理学院和软件学院联合建设),物理,2,4,8800.0
海南,2025,本科批,综合,551,吉林大学,3,19,数据科学与大数据技术,(招有专业志愿考生；第3、4年学费共28000元),"物理,化学",2,4,6830.0
海南,2025,本科批,综合,551,吉林大学,5,27,汉语言文学,,历史,2,4,5810.0
海南,2025,本科批,综合,551,吉林大学,1,2,法学,,不限,2,4,6070.0
海南,2025,本科批,综合,551,吉林大学,3,15,空间信息与数字技术,,"物理,化学",2,4,6830.0
海南,2025,本科批,综合,551,吉林大学,1,1,经济学类,(包含专业:经济学、财政学、国际经济与贸易、金融学),不限,2,4,6070.0
海南,2025,本科批,综合,551,吉林大学,5,26,考古学,(按类招；含考古学、文物与博物馆学),历史,2,4,5810.0
海南,2025,本科批,综合,551,吉林大学,2,4,金融科技,(入校后可参与选拔吉林大学与美国威斯康星大学麦迪逊分校的3+1+1合作项目),物理,2,4,5520.0
海南,2025,本科批,综合,551,吉林大学,4,25,思想政治教育,,政治,1,4,6070.0
海南,2025,本科批,综合,551,吉林大学,3,9,生物科学类,(包含专业:生物科学、生物技术、生物制药),"物理,化学",1,4,6320.0
海南,2025,本科批,综合,595,吉林动画学院,2,10,市场营销,,不限,3,4,25000.0
海南,2025,本科批,综合,595,吉林动画学院,2,8,广播电视编导,,不限,3,4,26000.0
海南,2025,本科批,综合,595,吉林动画学院,2,11,戏剧影视文学,,不限,3,4,26000.0
海南,2025,本科批,综合,595,吉林动画学院,3,13,数字媒体技术,,"物理,化学",3,4,26800.0
海南,2025,本科批,综合,595,吉林动画学院,2,12,互联网金融,,不限,2,4,25000.0
海南,2025,本科批,综合,595,吉林动画学院,2,9,广告学,,不限,2,4,26000.0
海南,2025,本科批,综合,595,吉林动画学院,3,14,虚拟现实技术,,"物理,化学",2,4,26800.0
海南,2025,本科批,综合,595,吉林动画学院,3,15,软件工程,,"物理,化学",2,4,26000.0
海南,2025,本科批,综合,564,吉林工程技术师范学院,2,2,数学与应用数学,,"物理,化学",10,4,5500.0
海南,2025,本科批,综合,564,吉林工程技术师范学院,1,1,汉语言文学,,不限,10,4,5060.0
海南,2025,本科批,综合,573,吉林工商学院,1,8,国际经济与贸易,,不限,5,4,5280.0
海南,2025,本科批,综合,573,吉林工商学院,1,6,会计学,,不限,4,4,5280.0
海南,2025,本科批,综合,573,吉林工商学院,1,4,电子商务,(经济学学位),不限,4,4,4800.0
海南,2025,本科批,综合,573,吉林工商学院,1,1,金融学,,不限,4,4,5280.0
海南,2025,本科批,综合,573,吉林工商学院,2,10,食品质量与安全,,"物理,化学",4,4,5400.0
海南,2025,本科批,综合,573,吉林工商学院,1,5,物流管理,,不限,3,4,5280.0
海南,2025,本科批,综合,573,吉林工商学院,1,2,网络与新媒体,,不限,3,4,6200.0
海南,2025,本科批,综合,573,吉林工商学院,1,7,旅游管理,,不限,2,4,5280.0
海南,2025,本科批,综合,573,吉林工商学院,2,13,机械设计制造及其自动化,,"物理,化学",2,4,5400.0
海南,2025,本科批,综合,573,吉林工商学院,2,14,烹饪与营养教育,,"物理,化学",2,4,5400.0
海南,2025,本科批,综合,573,吉林工商学院,2,12,电子信息工程,,"物理,化学",2,4,5940.0
海南,2025,本科批,综合,573,吉林工商学院,1,3,财务管理,,不限,2,4,4800.0
海南,2025,本科批,综合,573,吉林工商学院,2,11,食品科学与工程,,"物理,化学",2,4,5940.0
海南,2025,本科批,综合,573,吉林工商学院,1,9,日语,,不限,1,4,4600.0
海南,2025,本科批,综合,556,吉林建筑大学,2,4,土木工程,,"物理,化学",2,4,5940.0
海南,2025,本科批,综合,556,吉林建筑大学,1,1,城乡规划,(要求有绘画基础),不限,2,5,5940.0
海南,2025,本科批,综合,556,吉林建筑大学,2,3,城市地下空间工程,,"物理,化学",2,4,5940.0
海南,2025,本科批,综合,556,吉林建筑大学,2,7,安全工程,,"物理,化学",2,4,5940.0
海南,2025,本科批,综合,556,吉林建筑大学,2,8,建筑环境与能源应用工程,,"物理,化学",2,4,5940.0
海南,2025,本科批,综合,556,吉林建筑大学,2,10,建筑电气与智能化,,"物理,化学",2,4,5940.0
海南,2025,本科批,综合,556,吉林建筑大学,2,6,无机非金属材料工程,,"物理,化学",2,4,5940.0
海南,2025,本科批,综合,556,吉林建筑大学,2,5,测绘工程,,"物理,化学",2,4,5940.0
海南,2025,本科批,综合,556,吉林建筑大学,1,2,财务管理,,不限,2,4,5280.0
海南,2025,本科批,综合,556,吉林建筑大学,2,9,道路桥梁与渡河工程,,"物理,化学",2,4,5940.0
海南,2025,本科批,综合,592,吉林建筑科技学院,3,15,土木工程,,"物理,化学",5,4,26000.0
海南,2025,本科批,综合,592,吉林建筑科技学院,3,17,电气工程及其自动化,,"物理,化学",5,4,26000.0
海南,2025,本科批,综合,592,吉林建筑科技学院,1,5,资产评估,,不限,5,4,26000.0
海南,2025,本科批,综合,592,吉林建筑科技学院,1,4,审计学,,不限,4,4,25000.0
海南,2025,本科批,综合,592,吉林建筑科技学院,2,7,工程造价,,物理,4,4,26000.0
海南,2025,本科批,综合,592,吉林建筑科技学院,1,2,建筑学,,不限,4,5,26000.0
海南,2025,本科批,综合,592,吉林建筑科技学院,3,11,新能源科学与工程,,"物理,化学",4,4,26000.0
海南,2025,本科批,综合,592,吉林建筑科技学院,3,16,物联网工程,,"物理,化学",4,4,26000.0
海南,2025,本科批,综合,592,吉林建筑科技学院,1,6,财务管理,,不限,4,4,25000.0
海南,2025,本科批,综合,592,吉林建筑科技学院,3,14,道路桥梁与渡河工程,,"物理,化学",4,4,25000.0
海南,2025,本科批,综合,592,吉林建筑科技学院,3,25,智能建造,,"物理,化学",3,4,26000.0
海南,2025,本科批,综合,592,吉林建筑科技学院,3,22,计算机科学与技术,,"物理,化学",3,4,26000.0
海南,2025,本科批,综合,592,吉林建筑科技学院,3,13,交通工程,,"物理,化学",2,4,25000.0
海南,2025,本科批,综合,592,吉林建筑科技学院,1,1,城乡规划,,不限,2,5,26000.0
海南,2025,本科批,综合,592,吉林建筑科技学院,2,8,工程管理,,物理,2,4,25000.0
海南,2025,本科批,综合,592,吉林建筑科技学院,3,10,建筑环境与能源应用工程,,"物理,化学",2,4,25000.0
海南,2025,本科批,综合,592,吉林建筑科技学院,3,18,数据科学与大数据技术,,"物理,化学",2,4,26000.0
海南,2025,本科批,综合,592,吉林建筑科技学院,3,12,智慧交通,,"物理,化学",2,4,25000.0
海南,2025,本科批,综合,592,吉林建筑科技学院,3,20,机器人工程,,"物理,化学",2,4,26000.0
海南,2025,本科批,综合,592,吉林建筑科技学院,3,21,机械设计制造及其自动化,,"物理,化学",2,4,26000.0
海南,2025,本科批,综合,592,吉林建筑科技学院,3,9,给排水科学与工程,,"物理,化学",2,4,25000.0
海南,2025,本科批,综合,592,吉林建筑科技学院,3,24,网络工程,,"物理,化学",2,4,25000.0
海南,2025,本科批,综合,592,吉林建筑科技学院,3,19,自动化,,"物理,化学",2,4,26000.0
海南,2025,本科批,综合,592,吉林建筑科技学院,1,3,英语,,不限,2,4,25000.0
海南,2025,本科批,综合,592,吉林建筑科技学院,3,23,软件工程,,"物理,化学",2,4,25000.0
海南,2025,专科批,综合,581,吉林交通职业技术学院,1,4,大数据技术,,不限,2,3,4100.0
海南,2025,专科批,综合,581,吉林交通职业技术学院,1,1,工业机器人技术,,不限,2,3,5500.0
海南,2025,专科批,综合,581,吉林交通职业技术学院,1,3,无人机应用技术,,不限,2,3,5000.0
海南,2025,专科批,综合,581,吉林交通职业技术学院,1,5,智能制造装备技术,,不限,2,3,5000.0
海南,2025,专科批,综合,581,吉林交通职业技术学院,1,2,飞行器维修技术,,不限,2,3,
海南,2025,本科批,综合,576,吉林农业科技学院,1,1,工商管理类,(包含专业:工商管理、市场营销、财务管理；不招单色识别不全者),不限,6,4,4800.0
海南,2025,本科批,综合,576,吉林农业科技学院,2,5,食品科学与工程类,(包含专业:食品科学与工程、食品质量与安全；不招色盲、色弱、单色识别不全者),"物理,化学",6,4,5400.0
海南,2025,本科批,综合,576,吉林农业科技学院,2,6,中药学类,(包含专业:中药学、中药资源与开发、中草药栽培与鉴定；不招色盲、色弱、单色识别不全者),"物理,化学",3,4,5600.0
海南,2025,本科批,综合,576,吉林农业科技学院,2,4,制药工程,(不招色弱),"物理,化学",3,4,5400.0
海南,2025,本科批,综合,576,吉林农业科技学院,2,11,动物医学,,"物理,化学",3,5,5500.0
海南,2025,本科批,综合,576,吉林农业科技学院,2,7,机械设计制造及其自动化,,"物理,化学",3,4,6400.0
海南,2025,本科批,综合,576,吉林农业科技学院,2,9,电子信息科学与技术,(不招单色识别不全者),"物理,化学",3,4,5400.0
海南,2025,本科批,综合,576,吉林农业科技学院,2,8,电气工程及其自动化,(不招单色识别不全者),"物理,化学",3,4,6400.0
海南,2025,本科批,综合,576,吉林农业科技学院,3,12,园林,,生物,2,4,5000.0
海南,2025,本科批,综合,576,吉林农业科技学院,2,10,水利水电工程,,"物理,化学",2,4,5400.0
海南,2025,本科批,综合,576,吉林农业科技学院,1,3,电子商务,(不招单色识别不全者),不限,2,4,4800.0
海南,2025,本科批,综合,576,吉林农业科技学院,1,2,英语,,不限,2,4,4600.0
海南,2025,本科批,综合,563,吉林师范大学,1,1,历史学,,不限,3,4,5060.0
海南,2025,本科批,综合,563,吉林师范大学,1,2,德语,(长春校区),不限,3,4,4600.0
海南,2025,本科批,综合,563,吉林师范大学,3,10,思想政治教育,,政治,3,4,5280.0
海南,2025,本科批,综合,563,吉林师范大学,1,5,新闻学,(长春校区),不限,3,4,7500.0
海南,2025,本科批,综合,563,吉林师范大学,2,8,环境工程,,"物理,化学",3,4,5940.0
海南,2025,本科批,综合,563,吉林师范大学,1,4,编辑出版学,(长春校区),不限,3,4,7500.0
海南,2025,本科批,综合,563,吉林师范大学,1,3,西班牙语,(长春校区),不限,3,4,4600.0
海南,2025,本科批,综合,563,吉林师范大学,1,6,人力资源管理,,不限,2,4,5280.0
海南,2025,本科批,综合,563,吉林师范大学,2,7,统计学,,"物理,化学",2,4,5500.0
海南,2025,本科批,综合,563,吉林师范大学,2,9,给排水科学与工程,,"物理,化学",1,4,5400.0
海南,2025,本科批,综合,596,吉林师范大学博达学院,4,10,地理科学,(师范类),地理,9,4,26000.0
海南,2025,本科批,综合,596,吉林师范大学博达学院,2,3,汉语言文学,(师范类),不限,7,4,26000.0
海南,2025,本科批,综合,596,吉林师范大学博达学院,2,2,小学教育,(师范类),不限,6,4,26000.0
海南,2025,本科批,综合,596,吉林师范大学博达学院,3,8,数学与应用数学,(师范类),"物理,化学",5,4,26000.0
海南,2025,本科批,综合,596,吉林师范大学博达学院,2,4,英语,(师范类),不限,5,4,26000.0
海南,2025,本科批,综合,596,吉林师范大学博达学院,2,6,财务管理,,不限,4,4,25000.0
海南,2025,本科批,综合,596,吉林师范大学博达学院,2,5,旅游管理,,不限,3,4,25000.0
海南,2025,本科批,综合,596,吉林师范大学博达学院,2,7,社会工作,,不限,3,4,25000.0
海南,2025,本科批,综合,596,吉林师范大学博达学院,3,9,食品科学与工程,,"物理,化学",3,4,25000.0
海南,2025,专科批,综合,583,吉林司法警官职业学院,1,1,司法鉴定技术,,不限,5,3,4000.0
海南,2025,专科批,综合,583,吉林司法警官职业学院,1,2,法律事务,,不限,10,3,4000.0
海南,2025,专科批,综合,603,吉林铁道职业技术大学,1,7,铁道交通运营管理,,不限,2,3,6800.0
海南,2025,专科批,综合,603,吉林铁道职业技术大学,1,8,铁道供电技术,,不限,2,3,6800.0
海南,2025,专科批,综合,603,吉林铁道职业技术大学,1,6,铁道信号自动控制,,不限,2,3,6800.0
海南,2025,专科批,综合,603,吉林铁道职业技术大学,1,9,铁道养路机械应用技术,,不限,2,3,6000.0
海南,2025,专科批,综合,603,吉林铁道职业技术大学,1,10,铁道工程技术,,不限,2,3,6800.0
海南,2025,专科批,综合,603,吉林铁道职业技术大学,1,3,铁道机车车辆制造与维护,,不限,2,3,6000.0
海南,2025,专科批,综合,603,吉林铁道职业技术大学,1,1,铁道机车运用与维护,,不限,2,3,6800.0
海南,2025,专科批,综合,603,吉林铁道职业技术大学,1,2,铁道车辆技术,,不限,2,3,6800.0
海南,2025,专科批,综合,603,吉林铁道职业技术大学,1,5,铁道通信与信息化技术,,不限,2,3,6800.0
海南,2025,专科批,综合,603,吉林铁道职业技术大学,1,4,高速铁路综合维修技术,,不限,2,3,6000.0
海南,2025,本科批,综合,571,吉林外国语大学,1,2,商务英语,,不限,3,4,25000.0
海南,2025,本科批,综合,571,吉林外国语大学,1,5,国际经济与贸易,,不限,3,4,24000.0
海南,2025,本科批,综合,571,吉林外国语大学,1,7,教育学类,(包含专业:教育学、小学教育),不限,3,4,24000.0
海南,2025,本科批,综合,571,吉林外国语大学,2,8,人工智能,,"物理,化学",2,4,26000.0
海南,2025,本科批,综合,571,吉林外国语大学,1,1,德语,(零起点),不限,2,4,25000.0
海南,2025,本科批,综合,571,吉林外国语大学,2,9,数据科学与大数据技术,,"物理,化学",2,4,25000.0
海南,2025,本科批,综合,571,吉林外国语大学,1,6,汉语言文学,,不限,2,4,24000.0
海南,2025,本科批,综合,571,吉林外国语大学,1,4,法语,(零起点),不限,2,4,25000.0
海南,2025,本科批,综合,571,吉林外国语大学,1,3,印度尼西亚语,,不限,1,4,25000.0
海南,2025,本科批,综合,599,吉林医药学院,2,6,临床医学,(不招色盲、色弱),"物理,化学,生物",3,5,6160.0
海南,2025,本科批,综合,599,吉林医药学院,2,7,医学影像学,(不招色盲、色弱),"物理,化学,生物",3,5,5600.0
海南,2025,本科批,综合,599,吉林医药学院,1,3,医学影像技术,(不招色盲、色弱),"物理,化学",2,4,5600.0
海南,2025,本科批,综合,599,吉林医药学院,1,4,医学检验技术,(不招色盲、色弱),"物理,化学",2,4,6160.0
海南,2025,本科批,综合,599,吉林医药学院,1,2,护理学,(不招色盲、色弱),"物理,化学",2,4,6160.0
海南,2025,本科批,综合,599,吉林医药学院,80,8,生物制药,(中外合作办学)(与韩国建阳大学合作办学),"物理,化学,生物",2,4,20000.0
海南,2025,本科批,综合,599,吉林医药学院,1,1,生物医学工程,(不招色盲、色弱),"物理,化学",2,4,5940.0
海南,2025,本科批,综合,599,吉林医药学院,1,5,药学,(不招色盲、色弱),"物理,化学",2,4,6160.0
海南,2025,本科批,综合,599,吉林医药学院,2,9,预防医学,(不招色盲、色弱),"物理,化学,生物",2,5,6160.0
海南,2025,本科批,综合,1876,吉首大学,2,11,制药工程,,"物理,化学",3,4,5900.0
海南,2025,本科批,综合,1876,吉首大学,2,10,网络空间安全,,"物理,化学",3,4,5900.0
海南,2025,本科批,综合,1876,吉首大学,2,9,临床医学,,"物理,化学",2,5,7500.0
海南,2025,本科批,综合,1876,吉首大学,2,7,土木工程,,"物理,化学",2,4,5900.0
海南,2025,本科批,综合,1876,吉首大学,3,13,城乡规划,,地理,2,4,5900.0
海南,2025,本科批,综合,1876,吉首大学,1,4,工商管理,,不限,2,4,5000.0
海南,2025,本科批,综合,1876,吉首大学,1,2,应用心理学,,不限,2,4,4500.0
海南,2025,本科批,综合,1876,吉首大学,2,6,数学与应用数学,,"物理,化学",2,4,4000.0
海南,2025,本科批,综合,1876,吉首大学,1,3,旅游管理,,不限,2,4,5000.0
海南,2025,本科批,综合,1876,吉首大学,2,12,机械电子工程,,"物理,化学",2,4,5900.0
海南,2025,本科批,综合,1876,吉首大学,2,8,物理学,,"物理,化学",2,4,4000.0
海南,2025,本科批,综合,1876,吉首大学,1,1,知识产权,,不限,2,4,5000.0
海南,2025,本科批,综合,1876,吉首大学,3,14,经济学,,地理,2,4,5000.0
海南,2025,本科批,综合,1876,吉首大学,1,5,英语,,不限,2,4,4000.0
海南,2025,本科批,综合,1193,集美大学,4,13,水产养殖学,,"物理,化学,生物",3,4,5460.0
海南,2025,本科批,综合,1193,集美大学,4,12,海洋渔业科学与技术,,"物理,化学,生物",3,4,5460.0
海南,2025,本科批,综合,1193,集美大学,3,5,交通运输,,"物理,化学",2,4,5460.0
海南,2025,本科批,综合,1193,集美大学,2,3,工商管理,,不限,2,4,5460.0
海南,2025,本科批,综合,1193,集美大学,4,11,水生动物医学,,"物理,化学,生物",2,4,5460.0
海南,2025,本科批,综合,1193,集美大学,3,8,港口航道与海岸工程,,"物理,化学",2,4,5460.0
海南,2025,本科批,综合,1193,集美大学,3,9,生物工程,,"物理,化学",2,4,5460.0
海南,2025,本科批,综合,1193,集美大学,2,4,经济学,,不限,2,4,5460.0
海南,2025,本科批,综合,1193,集美大学,3,7,船舶与海洋工程,,"物理,化学",2,4,5460.0
海南,2025,本科批,综合,1193,集美大学,3,6,轮机工程,(陆上方向),"物理,化学",2,4,5460.0
海南,2025,本科批,综合,1193,集美大学,3,10,食品质量与安全,,"物理,化学",2,4,5460.0
海南,2025,本科提前批,综合,1193,集美大学,1,2,轮机工程,"(不适合女生报考；双眼裸视力4.6(0.4)及以上,或双眼裸视力4.0(0.1)及以上且矫正视力均能达4.6(0.4)及以上；不招色盲；身高155cm及以上)","物理,化学",6,4,5460.0
海南,2025,本科提前批,综合,1193,集美大学,1,1,航海技术,"(不适合女生报考；双眼裸视力4.7(0.5)及以上,或双眼裸视力4.0(0.1)及以上且矫正视力均能达4.8(0.6)及以上；不招色盲、色弱；身高160cm及以上)","物理,化学",10,4,5460.0
海南,2025,本科批,综合,1236,集美大学诚毅学院,2,4,国际经济与贸易,,不限,3,4,20000.0
海南,2025,本科批,综合,1236,集美大学诚毅学院,2,8,工商管理,,不限,3,4,20000.0
海南,2025,本科批,综合,1236,集美大学诚毅学院,2,5,法学,,不限,3,4,20000.0
海南,2025,本科批,综合,1236,集美大学诚毅学院,2,2,财政学,,不限,3,4,20000.0
海南,2025,本科批,综合,1236,集美大学诚毅学院,2,3,金融学,,不限,3,4,20000.0
海南,2025,本科批,综合,1236,集美大学诚毅学院,2,9,会计学,,不限,2,4,20000.0
海南,2025,本科批,综合,1236,集美大学诚毅学院,2,10,供应链管理,,不限,2,4,20000.0
海南,2025,本科批,综合,1236,集美大学诚毅学院,3,11,工程管理,,物理,2,4,20000.0
海南,2025,本科批,综合,1236,集美大学诚毅学院,4,18,数字媒体技术,,"物理,化学",2,4,23000.0
海南,2025,本科批,综合,1236,集美大学诚毅学院,2,6,汉语言文学,,不限,2,4,20000.0
海南,2025,本科批,综合,1236,集美大学诚毅学院,2,7,英语,,不限,2,4,20000.0
海南,2025,本科批,综合,1236,集美大学诚毅学院,4,15,计算机科学与技术,,"物理,化学",2,4,23000.0
海南,2025,本科批,综合,1236,集美大学诚毅学院,4,19,软件工程,,"物理,化学",2,4,23000.0
海南,2025,本科批,综合,1236,集美大学诚毅学院,4,12,机械工程,,"物理,化学",1,4,23000.0
海南,2025,本科批,综合,1236,集美大学诚毅学院,4,17,物联网工程,,"物理,化学",1,4,23000.0
海南,2025,本科批,综合,1236,集美大学诚毅学院,4,13,电子信息工程,,"物理,化学",1,4,23000.0
海南,2025,本科批,综合,1236,集美大学诚毅学院,4,16,网络工程,,"物理,化学",1,4,23000.0
海南,2025,本科批,综合,1236,集美大学诚毅学院,4,14,通信工程,,"物理,化学",1,4,23000.0
海南,2025,本科批,综合,1400,济南大学,4,8,材料类,(包含专业:材料物理、材料科学与工程、复合材料与工程),"物理,化学",7,4,6600.0
海南,2025,本科批,综合,1400,济南大学,4,12,化工与制药类,(包含专业:高分子材料与工程、化学工程与工艺),"物理,化学",6,4,6600.0
海南,2025,本科批,综合,1400,济南大学,4,13,化学类,(包含专业:化学(师范类)、应用化学),"物理,化学",5,4,6600.0
海南,2025,本科批,综合,1400,济南大学,4,11,机械工程,,"物理,化学",5,4,6600.0
海南,2025,本科批,综合,1400,济南大学,4,10,光电信息科学与工程,,"物理,化学",4,4,6325.0
海南,2025,本科批,综合,1400,济南大学,2,2,工商管理,,不限,4,4,6600.0
海南,2025,本科批,综合,1400,济南大学,2,5,文化产业管理,,不限,4,4,5500.0
海南,2025,本科批,综合,1400,济南大学,4,9,新能源科学与工程,,"物理,化学",4,4,5500.0
海南,2025,本科批,综合,1400,济南大学,2,4,旅游管理,,不限,4,4,5500.0
海南,2025,本科批,综合,1400,济南大学,4,15,智能制造工程,,"物理,化学",3,4,5500.0
海南,2025,本科批,综合,1400,济南大学,2,3,公共管理类,(包含专业:行政管理、劳动与社会保障),不限,2,4,6325.0
海南,2025,本科批,综合,1400,济南大学,4,14,工业设计,,"物理,化学",2,4,5500.0
海南,2025,本科批,综合,1400,济南大学,3,7,应急管理,,物理,2,4,5500.0
海南,2025,本科批,综合,1400,济南大学,4,16,水利类,(包含专业:水文与水资源工程、水利水电工程),"物理,化学",2,4,6600.0
海南,2025,本科批,综合,1400,济南大学,2,6,特殊教育,(师范),不限,2,4,5280.0
海南,2025,专科批,综合,1494,济南工程职业技术学院,1,2,大数据与会计,,不限,5,3,4800.0
海南,2025,专科批,综合,1494,济南工程职业技术学院,1,1,道路与桥梁工程技术,,不限,5,3,5000.0
海南,2025,本科批,综合,1412,济宁医学院,1,6,预防医学,,"物理,化学",3,5,7500.0
海南,2025,本科批,综合,1412,济宁医学院,1,4,中西医临床医学,,"物理,化学",2,5,7500.0
海南,2025,本科批,综合,1412,济宁医学院,1,3,临床医学,,"物理,化学",2,5,7900.0
海南,2025,本科批,综合,1412,济宁医学院,1,2,医学影像学,,"物理,化学",1,5,6600.0
海南,2025,本科批,综合,1412,济宁医学院,1,5,口腔医学,,"物理,化学",1,5,7500.0
海南,2025,本科批,综合,1412,济宁医学院,1,1,精神医学,,"物理,化学",1,5,7900.0
海南,2025,专科批,综合,1617,济源职业技术学院,1,1,机电一体化技术,,不限,5,3,4200.0
海南,2025,专科批,综合,1617,济源职业技术学院,1,2,学前教育,,不限,3,3,3700.0
海南,2025,专科批,综合,1617,济源职业技术学院,1,3,护理,,不限,12,3,4800.0
海南,2025,专科批,综合,1617,济源职业技术学院,1,4,计算机应用技术,,不限,10,3,4200.0
海南,2025,本科批,综合,2027,暨南大学,4,22,数学与应用数学,,"物理,化学",3,4,6850.0
海南,2025,本科批,综合,2027,暨南大学,2,2,旅游管理,,不限,3,4,6060.0
海南,2025,本科批,综合,2027,暨南大学,2,11,日语,,不限,3,4,6850.0
海南,2025,本科批,综合,2027,暨南大学,2,8,汉语国际教育,,不限,3,4,6060.0
海南,2025,本科批,综合,2027,暨南大学,4,17,生物科学,,"物理,化学",3,4,6850.0
海南,2025,本科批,综合,2027,暨南大学,4,19,电子科学与技术,,"物理,化学",3,4,6850.0
海南,2025,本科批,综合,2027,暨南大学,2,6,行政管理,,不限,3,4,6060.0
海南,2025,本科批,综合,2027,暨南大学,3,13,金融工程,,物理,3,4,6060.0
海南,2025,本科批,综合,2027,暨南大学,2,10,中医学,(不招色盲、色弱),不限,2,5,7660.0
海南,2025,本科批,综合,2027,暨南大学,4,18,临床医学,(校本部班)(不招色盲、色弱),"物理,化学",2,5,7660.0
海南,2025,本科批,综合,2027,暨南大学,2,4,会计学,,不限,2,4,6060.0
海南,2025,本科批,综合,2027,暨南大学,4,20,信息与计算科学,,"物理,化学",2,4,6850.0
海南,2025,本科批,综合,2027,暨南大学,4,14,包装工程,(绿色智造卓越班),"物理,化学",2,4,6850.0
海南,2025,本科批,综合,2027,暨南大学,4,15,口腔医学,(不招色盲、色弱),"物理,化学",2,5,7660.0
海南,2025,本科批,综合,2027,暨南大学,4,23,土木工程,(城市更新创新班),"物理,化学",2,4,6850.0
海南,2025,本科批,综合,2027,暨南大学,3,12,应急管理,,物理,2,4,6060.0
海南,2025,本科批,综合,2027,暨南大学,4,16,应用化学,,"物理,化学",2,4,6850.0
海南,2025,本科批,综合,2027,暨南大学,2,5,汉语言,,不限,2,4,6060.0
海南,2025,本科批,综合,2027,暨南大学,2,3,法学,,不限,2,4,6060.0
海南,2025,本科批,综合,2027,暨南大学,2,9,电子商务,,不限,2,4,6060.0
海南,2025,本科批,综合,2027,暨南大学,2,7,税收学,,不限,2,4,6060.0
海南,2025,本科批,综合,2027,暨南大学,4,21,计算机科学与技术,(全英语教学),"物理,化学",2,4,14000.0
海南,2025,国家专项,综合,2027,暨南大学,1,1,护理学,"(仅招收填报有该志愿的考生,入学后不允许转专业；不招色盲、色弱)",化学,3,4,7660.0
海南,2025,本科批,综合,626,佳木斯大学,2,2,临床医学,,"物理,化学,生物",5,5,4400.0
海南,2025,本科批,综合,626,佳木斯大学,1,1,数学与应用数学,,"物理,化学",20,4,2500.0
海南,2025,本科批,综合,966,嘉兴大学,1,6,土木工程,,"物理,化学",3,4,6325.0
海南,2025,本科批,综合,966,嘉兴大学,1,7,建筑环境与能源应用工程,,"物理,化学",2,4,5500.0
海南,2025,本科批,综合,966,嘉兴大学,1,1,机器人工程,,"物理,化学",2,4,5500.0
海南,2025,本科批,综合,966,嘉兴大学,1,4,电气工程及其自动化,,"物理,化学",2,4,6325.0
海南,2025,本科批,综合,966,嘉兴大学,1,2,网络工程,,"物理,化学",2,4,5500.0
海南,2025,本科批,综合,966,嘉兴大学,1,3,计算机科学与技术,,"物理,化学",2,4,6325.0
海南,2025,本科批,综合,966,嘉兴大学,1,5,通信工程,,"物理,化学",2,4,5500.0
海南,2025,本科批,综合,1033,嘉兴南湖学院,2,2,人工智能,,"物理,化学",2,4,5500.0
海南,2025,本科批,综合,1033,嘉兴南湖学院,1,1,工程管理,,物理,2,4,4800.0
海南,2025,本科批,综合,1033,嘉兴南湖学院,2,3,计算机科学与技术,,"物理,化学",1,4,5500.0
海南,2025,本科批,综合,2042,嘉应学院,1,1,国际经济与贸易,,不限,5,4,5050.0
海南,2025,本科批,综合,2042,嘉应学院,2,5,教育技术学,(师范),物理,5,4,5050.0
海南,2025,本科批,综合,2042,嘉应学院,1,2,旅游管理,,不限,5,4,5050.0
海南,2025,本科批,综合,2042,嘉应学院,3,6,材料科学与工程,(不招色盲、色弱),"物理,化学",5,4,5710.0
海南,2025,本科批,综合,2042,嘉应学院,1,4,汉语言文学,(师范),不限,5,4,5050.0
海南,2025,本科批,综合,2042,嘉应学院,1,3,科学教育,(师范),不限,5,4,5050.0
海南,2025,专科批,综合,873,建东职业技术学院,1,1,机电一体化技术,,不限,3,3,18000.0
海南,2025,本科批,综合,1767,江汉大学,1,2,国际经济与贸易,(数字贸易),不限,3,4,4000.0
海南,2025,本科批,综合,1767,江汉大学,1,1,广告学,,不限,2,4,4000.0
海南,2025,专科批,综合,1841,江汉艺术职业学院,6,8,婴幼儿托育服务与管理,,不限,3,3,5000.0
海南,2025,专科批,综合,1841,江汉艺术职业学院,6,7,小学教育,,不限,3,3,5000.0
海南,2025,专科批,综合,2121,江门职业技术学院,2,4,商务英语,,不限,2,3,5250.0
海南,2025,专科批,综合,2121,江门职业技术学院,2,14,小学教育,(数学教育),不限,2,3,6410.0
海南,2025,专科批,综合,2121,江门职业技术学院,2,16,小学英语教育,,不限,2,3,5250.0
海南,2025,专科批,综合,2121,江门职业技术学院,2,3,旅游管理,,不限,2,3,5250.0
海南,2025,专科批,综合,2121,江门职业技术学院,2,15,早期教育,,不限,2,3,10000.0
海南,2025,专科批,综合,2121,江门职业技术学院,2,10,电气自动化技术,,不限,2,3,6410.0
海南,2025,专科批,综合,2121,江门职业技术学院,2,6,集成电路技术,,不限,2,3,6410.0
海南,2025,专科批,综合,2121,江门职业技术学院,2,13,化妆品技术,,不限,1,3,6410.0
海南,2025,专科批,综合,2121,江门职业技术学院,2,11,工业机器人技术,,不限,1,3,6410.0
海南,2025,专科批,综合,2121,江门职业技术学院,2,12,应用化工技术,,不限,1,3,6410.0
海南,2025,专科批,综合,2121,江门职业技术学院,2,5,应用电子技术,,不限,1,3,6410.0
海南,2025,专科批,综合,2121,江门职业技术学院,2,17,影视多媒体技术,,不限,1,3,10000.0
海南,2025,专科批,综合,2121,江门职业技术学院,2,8,数字化设计与制造技术,,不限,1,3,6410.0
海南,2025,专科批,综合,2121,江门职业技术学院,2,9,机电一体化技术,,不限,1,3,6410.0
海南,2025,专科批,综合,2121,江门职业技术学院,2,7,模具设计与制造,,不限,1,3,6410.0
海南,2025,专科批,综合,2121,江门职业技术学院,2,2,跨境电子商务,,不限,1,3,5250.0
海南,2025,本科批,综合,786,江南大学,3,3,汉语言文学,,不限,2,4,5200.0
海南,2025,本科批,综合,786,江南大学,3,5,法学,,不限,2,4,5200.0
海南,2025,本科批,综合,786,江南大学,4,6,环境科学,"(智慧环境卓越创新班)(第一、二学年在蠡湖校区学习,第三、四学年在宜兴校区学习)","物理,化学",2,4,5800.0
海南,2025,本科批,综合,786,江南大学,3,4,英语,,不限,2,4,5200.0
海南,2025,国家专项,综合,786,江南大学,2,2,护理学,,生物,1,4,6800.0
海南,2025,专科批,综合,892,江苏财经职业技术学院,1,1,大数据与审计,,不限,5,3,4700.0
海南,2025,本科批,综合,788,江苏大学,2,4,信息管理与信息系统,,物理,3,4,5720.0
海南,2025,本科批,综合,788,江苏大学,2,5,工业工程,,物理,3,4,5720.0
海南,2025,本科批,综合,788,江苏大学,1,3,物流管理,,不限,3,4,5200.0
海南,2025,本科批,综合,788,江苏大学,3,15,生物技术,,"物理,化学",3,4,5500.0
海南,2025,本科批,综合,788,江苏大学,3,9,电气工程及其自动化,,"物理,化学",3,4,6380.0
海南,2025,本科批,综合,788,江苏大学,3,17,食品科学与工程类,(包含专业:食品科学与工程、食品质量与安全、食品营养与健康),"物理,化学",3,4,6380.0
海南,2025,本科批,综合,788,江苏大学,1,2,人力资源管理,,不限,2,4,5720.0
海南,2025,本科批,综合,788,江苏大学,3,7,化学工程与工艺,,"物理,化学",2,4,6380.0
海南,2025,本科批,综合,788,江苏大学,3,18,微电子科学与工程,,"物理,化学",2,4,5800.0
海南,2025,本科批,综合,788,江苏大学,3,19,新能源汽车工程,,"物理,化学",2,4,6380.0
海南,2025,本科批,综合,788,江苏大学,3,21,智能制造工程,,"物理,化学",2,4,6380.0
海南,2025,本科批,综合,788,江苏大学,3,11,机械电子工程,,"物理,化学",2,4,6380.0
海南,2025,本科批,综合,788,江苏大学,3,20,物联网工程,,"物理,化学",2,4,5800.0
海南,2025,本科批,综合,788,江苏大学,3,16,生物科学,,"物理,化学",2,4,5500.0
海南,2025,本科批,综合,788,江苏大学,3,8,电子信息工程,,"物理,化学",2,4,6380.0
海南,2025,本科批,综合,788,江苏大学,3,12,能源与动力工程,,"物理,化学",2,4,6380.0
海南,2025,本科批,综合,788,江苏大学,3,22,自动化,,"物理,化学",2,4,6380.0
海南,2025,本科批,综合,788,江苏大学,3,10,计算机科学与技术,,"物理,化学",2,4,6380.0
海南,2025,本科批,综合,788,江苏大学,3,6,车辆工程,,"物理,化学",2,4,6380.0
海南,2025,本科批,综合,788,江苏大学,3,14,通信工程,,"物理,化学",2,4,6380.0
海南,2025,本科批,综合,788,江苏大学,3,13,临床医学,,"物理,化学",1,5,7480.0
海南,2025,本科批,综合,788,江苏大学,1,1,金融学,,不限,1,4,5200.0
海南,2025,专科提前批,综合,842,江苏海事职业技术学院,2,5,航海技术,(建议男生填报；要求无色盲、色弱(或不能准确识别颜色)；两耳听力均在3m以外),不限,2,3,5300.0
海南,2025,专科提前批(面试),综合,842,江苏海事职业技术学院,1,1,轮机工程技术,(与武警联合培养)(只招男生；定向培养军士；与武警(海警)联合培养；水面舰艇合格；考生须参加体检、政治考核并且合格),不限,6,3,5300.0
海南,2025,专科提前批(面试),综合,842,江苏海事职业技术学院,1,2,轮机工程技术,(与海军联合培养)(只招男生；定向培养军士；与海军联合培养；水面舰艇合格；考生须参加体检、政治考核并且合格),不限,6,3,5300.0
海南,2025,专科提前批(面试),综合,842,江苏海事职业技术学院,1,3,航海技术,(只招男生；定向培养军士；与海军联合培养；水面舰艇合格；考生须参加体检、政治考核并且合格),不限,5,3,5300.0
海南,2025,专科提前批(面试),综合,842,江苏海事职业技术学院,1,4,船舶电子电气技术,(只招男生；定向培养军士；与陆军联合培养；水面舰艇合格；考生须参加体检、政治考核并且合格),不限,5,3,5300.0
海南,2025,本科批,综合,831,江苏海洋大学,1,2,会计学,,不限,1,4,5200.0
海南,2025,本科批,综合,831,江苏海洋大学,2,23,制药工程,,"物理,化学",1,4,5800.0
海南,2025,本科批,综合,831,江苏海洋大学,2,16,化学工程与工艺,,"物理,化学",1,4,5800.0
海南,2025,本科批,综合,831,江苏海洋大学,2,9,土木工程,,"物理,化学",1,4,5800.0
海南,2025,本科批,综合,831,江苏海洋大学,2,7,安全工程,,"物理,化学",1,4,5800.0
海南,2025,本科批,综合,831,江苏海洋大学,1,1,工商管理,,不限,1,4,5200.0
海南,2025,本科批,综合,831,江苏海洋大学,2,18,应用气象学,,"物理,化学",1,4,5500.0
海南,2025,本科批,综合,831,江苏海洋大学,1,4,新闻学,,不限,1,4,5200.0
海南,2025,本科批,综合,831,江苏海洋大学,2,14,水产养殖学,,"物理,化学",1,4,2500.0
海南,2025,本科批,综合,831,江苏海洋大学,2,13,水生动物医学,,"物理,化学",1,4,2500.0
海南,2025,本科批,综合,831,江苏海洋大学,1,3,法学,,不限,1,4,5200.0
海南,2025,本科批,综合,831,江苏海洋大学,2,25,测绘工程,,"物理,化学",1,4,5800.0
海南,2025,本科批,综合,831,江苏海洋大学,2,6,海洋信息工程,,"物理,化学",1,4,5800.0
海南,2025,本科批,综合,831,江苏海洋大学,2,11,海洋技术,,"物理,化学",1,4,5500.0
海南,2025,本科批,综合,831,江苏海洋大学,2,12,海洋资源与环境,,"物理,化学",1,4,5500.0
海南,2025,本科批,综合,831,江苏海洋大学,2,10,港口航道与海岸工程,,"物理,化学",1,4,5800.0
海南,2025,本科批,综合,831,江苏海洋大学,2,19,环境工程,,"物理,化学",1,4,5800.0
海南,2025,本科批,综合,831,江苏海洋大学,2,20,生物工程,,"物理,化学",1,4,5800.0
海南,2025,本科批,综合,831,江苏海洋大学,2,15,生物技术,,"物理,化学",1,4,5500.0
海南,2025,本科批,综合,831,江苏海洋大学,2,8,电气工程及其自动化,,"物理,化学",1,4,5800.0
海南,2025,本科批,综合,831,江苏海洋大学,1,5,英语,,不限,1,4,5200.0
海南,2025,本科批,综合,831,江苏海洋大学,2,22,计算机科学与技术,,"物理,化学",1,4,5800.0
海南,2025,本科批,综合,831,江苏海洋大学,2,21,食品科学与工程,,"物理,化学",1,4,5800.0
海南,2025,本科批,综合,831,江苏海洋大学,2,24,食品质量与安全,,"物理,化学",1,4,5800.0
海南,2025,本科批,综合,831,江苏海洋大学,2,17,高分子材料与工程,,"物理,化学",1,4,5800.0
海南,2025,专科批,综合,934,江苏航空职业技术学院,1,4,无人机应用技术,,不限,2,3,5300.0
海南,2025,专科批,综合,934,江苏航空职业技术学院,1,1,无人机测绘技术,,不限,2,3,5300.0
海南,2025,专科批,综合,934,江苏航空职业技术学院,1,2,航空复合材料成型与加工技术,,不限,2,3,5300.0
海南,2025,专科批,综合,934,江苏航空职业技术学院,1,5,航空物流管理,,不限,2,3,5300.0
海南,2025,专科批,综合,934,江苏航空职业技术学院,1,3,飞行器数字化制造技术,,不限,2,3,5300.0
海南,2025,专科提前批,综合,854,江苏航运职业技术学院,1,1,航海技术,(不招色盲、色弱),不限,5,3,5300.0
海南,2025,专科提前批,综合,854,江苏航运职业技术学院,1,2,轮机工程技术,(不招色盲、色弱),不限,5,3,5300.0
海南,2025,专科批,综合,810,江苏建筑职业技术学院,1,2,建筑智能化工程技术,,不限,4,3,5300.0
海南,2025,专科批,综合,810,江苏建筑职业技术学院,1,3,建筑工程技术,,不限,3,3,5300.0
海南,2025,专科批,综合,810,江苏建筑职业技术学院,1,1,建筑装饰工程技术,,不限,3,3,5300.0
海南,2025,本科批,综合,780,江苏科技大学,2,8,土木工程,,"物理,化学",7,4,5800.0
海南,2025,本科批,综合,780,江苏科技大学,2,3,海洋工程与技术,,"物理,化学",3,4,6380.0
海南,2025,本科批,综合,780,江苏科技大学,2,5,工业设计,,"物理,化学",2,4,5800.0
海南,2025,本科批,综合,780,江苏科技大学,2,7,建筑环境与能源应用工程,,"物理,化学",2,4,5800.0
海南,2025,本科批,综合,780,江苏科技大学,2,4,港口航道与海岸工程,,"物理,化学",2,4,5800.0
海南,2025,本科批,综合,780,江苏科技大学,2,9,生物技术,,"物理,化学",2,4,5500.0
海南,2025,本科批,综合,780,江苏科技大学,2,6,自动化,,"物理,化学",2,4,5800.0
海南,2025,本科批,综合,780,江苏科技大学,2,2,船舶与海洋工程,,"物理,化学",2,4,6380.0
海南,2025,本科批,综合,780,江苏科技大学,2,11,食品科学与工程类,(包含专业:食品质量与安全、食品科学与工程),"物理,化学",2,4,5800.0
海南,2025,本科批,综合,780,江苏科技大学,2,10,粮食工程,,"物理,化学",1,4,5800.0
海南,2025,本科批,综合,829,江苏理工学院,2,7,旅游管理,,不限,8,4,5200.0
海南,2025,本科批,综合,829,江苏理工学院,2,6,商务英语,,不限,2,4,5200.0
海南,2025,本科批,综合,829,江苏理工学院,2,4,国际经济与贸易,,不限,2,4,5200.0
海南,2025,本科批,综合,829,江苏理工学院,3,8,计算机科学与技术,,"物理,化学",2,4,5800.0
海南,2025,本科批,综合,829,江苏理工学院,2,5,跨境电子商务,,不限,2,4,5200.0
海南,2025,专科批,综合,857,江苏农牧科技职业学院,1,2,动物药学,,不限,6,3,2200.0
海南,2025,专科批,综合,857,江苏农牧科技职业学院,1,7,水产养殖技术,,不限,6,3,2200.0
海南,2025,专科批,综合,857,江苏农牧科技职业学院,1,5,食品药品监督管理,,不限,6,3,4700.0
海南,2025,专科批,综合,857,江苏农牧科技职业学院,1,3,药品质量与安全,,不限,4,3,5300.0
海南,2025,专科批,综合,857,江苏农牧科技职业学院,1,4,食品检验检测技术,,不限,4,3,5300.0
海南,2025,专科批,综合,857,江苏农牧科技职业学院,1,6,宠物医疗技术,,不限,2,3,6200.0
海南,2025,专科批,综合,857,江苏农牧科技职业学院,1,1,畜牧兽医,,不限,2,3,2200.0
海南,2025,专科批,综合,928,江苏商贸职业学院,1,5,关务与外贸服务,,不限,2,3,5300.0
海南,2025,专科批,综合,928,江苏商贸职业学院,1,14,动漫制作技术,,不限,2,3,5300.0
海南,2025,专科批,综合,928,江苏商贸职业学院,1,1,大数据与财务管理,,不限,2,3,4700.0
海南,2025,专科批,综合,928,江苏商贸职业学院,1,8,无人机应用技术,,不限,2,3,5300.0
海南,2025,专科批,综合,928,江苏商贸职业学院,1,12,软件技术,,不限,2,3,5300.0
海南,2025,专科批,综合,928,江苏商贸职业学院,1,6,金融服务与管理,,不限,2,3,4700.0
海南,2025,专科批,综合,928,江苏商贸职业学院,1,11,人工智能技术应用,,不限,1,3,5300.0
海南,2025,专科批,综合,928,江苏商贸职业学院,1,2,大数据与审计,,不限,1,3,4700.0
海南,2025,专科批,综合,928,江苏商贸职业学院,1,9,电子信息工程技术,,不限,1,3,5300.0
海南,2025,专科批,综合,928,江苏商贸职业学院,1,7,电子商务,,不限,1,3,4700.0
海南,2025,专科批,综合,928,江苏商贸职业学院,1,10,电气自动化技术,,不限,1,3,5300.0
海南,2025,专科批,综合,928,江苏商贸职业学院,1,13,计算机网络技术,,不限,1,3,5300.0
海南,2025,专科批,综合,928,江苏商贸职业学院,1,4,财富管理,,不限,1,3,4700.0
海南,2025,专科批,综合,928,江苏商贸职业学院,1,3,跨境电子商务,,不限,1,3,4700.0
海南,2025,本科批,综合,799,江苏师范大学,1,9,俄语,,不限,2,4,5200.0
海南,2025,本科批,综合,799,江苏师范大学,1,8,哲学,,不限,2,4,5200.0
海南,2025,本科批,综合,799,江苏师范大学,2,10,地理科学,,地理,2,4,6050.0
海南,2025,本科批,综合,799,江苏师范大学,1,3,日语,,不限,2,4,5200.0
海南,2025,本科批,综合,799,江苏师范大学,1,5,汉语言文学,,不限,2,4,5720.0
海南,2025,本科批,综合,799,江苏师范大学,1,6,秘书学,,不限,2,4,5720.0
海南,2025,本科批,综合,799,江苏师范大学,1,2,翻译,,不限,2,4,5200.0
海南,2025,本科批,综合,799,江苏师范大学,1,1,英语,,不限,2,4,5200.0
海南,2025,本科批,综合,799,江苏师范大学,1,7,行政管理,,不限,2,4,5200.0
海南,2025,本科批,综合,799,江苏师范大学,1,4,西班牙语,,不限,2,4,5200.0
海南,2025,专科批,综合,872,江苏食品药品职业技术学院,1,3,生物制药技术,,不限,10,3,5300.0
海南,2025,专科批,综合,872,江苏食品药品职业技术学院,1,1,药学,,不限,10,3,6200.0
海南,2025,专科批,综合,872,江苏食品药品职业技术学院,1,2,食品药品监督管理,,不限,10,3,5300.0
海南,2025,本科批,综合,1293,江西财经大学,4,31,软件工程,,"物理,化学",4,4,10000.0
海南,2025,本科批,综合,1293,江西财经大学,4,33,软件工程,(VR软件开发),"物理,化学",3,4,10000.0
海南,2025,本科批,综合,1293,江西财经大学,83,37,数据科学与大数据技术,"(中外合作办学)(与澳大利亚格里菲斯大学合作办学,高收费专业)","物理,化学",2,4,60000.0
海南,2025,本科批,综合,1293,江西财经大学,2,6,物流管理,(智慧供应链),不限,2,4,4660.0
海南,2025,本科批,综合,1293,江西财经大学,2,16,电子商务,,不限,2,4,5220.0
海南,2025,本科批,综合,1293,江西财经大学,3,23,经济统计学,,物理,2,4,4660.0
海南,2025,本科批,综合,1293,江西财经大学,2,11,财务管理,,不限,2,4,4660.0
海南,2025,本科批,综合,1293,江西财经大学,2,8,财政学,,不限,2,4,4660.0
海南,2025,本科批,综合,1293,江西财经大学,3,24,金融科技,(跨学科交叉专业),物理,2,4,4660.0
海南,2025,本科批,综合,1293,江西财经大学,2,4,人力资源管理,(数智人力),不限,1,4,4660.0
海南,2025,本科批,综合,1293,江西财经大学,4,30,人工智能,,"物理,化学",1,4,5220.0
海南,2025,本科批,综合,1293,江西财经大学,2,2,会计学,(国际会计)(高收费专业),不限,1,4,14000.0
海南,2025,本科批,综合,1293,江西财经大学,2,9,会计学,,不限,1,4,4660.0
海南,2025,本科批,综合,1293,江西财经大学,2,10,会计学,(注册会计师),不限,1,4,4660.0
海南,2025,本科批,综合,1293,江西财经大学,2,14,会计学,"(ACCA方向)(英国特许注册会计师,高收费专业,涉及注册从业资格考试专业)",不限,1,4,14000.0
海南,2025,本科批,综合,1293,江西财经大学,2,15,会计学,"(CIMA方向)(特许管理会计师,高收费专业,涉及注册从业资格考试专业)",不限,1,4,14000.0
海南,2025,本科批,综合,1293,江西财经大学,4,34,信息与计算科学,,"物理,化学",1,4,5220.0
海南,2025,本科批,综合,1293,江西财经大学,81,27,信息管理与信息系统,"(中外合作办学)(与澳大利亚格里菲斯大学合作办学,高收费专业)",物理,1,4,60000.0
海南,2025,本科批,综合,1293,江西财经大学,2,12,国际经济与贸易,,不限,1,4,4660.0
海南,2025,本科批,综合,1293,江西财经大学,4,29,应用统计学,,"物理,化学",1,4,4940.0
海南,2025,本科批,综合,1293,江西财经大学,3,25,数字经济,(低空大数据分析)(低空经济专业群),物理,1,4,4660.0
海南,2025,本科批,综合,1293,江西财经大学,80,26,数字经济,"(中外合作办学)(与俄罗斯圣彼得堡国立经济大学合作,高收费专业)",物理,1,4,27000.0
海南,2025,本科批,综合,1293,江西财经大学,2,19,新闻学,,不限,1,4,4660.0
海南,2025,本科批,综合,1293,江西财经大学,2,3,旅游管理,(低空数智文旅)(低空经济专业群),不限,1,4,4660.0
海南,2025,本科批,综合,1293,江西财经大学,2,20,法学,(数据法学)(跨学科交叉专业),不限,1,4,4660.0
海南,2025,本科批,综合,1293,江西财经大学,2,21,法学,,不限,1,4,4660.0
海南,2025,本科批,综合,1293,江西财经大学,2,17,社会工作,(跨学科交叉专业),不限,1,4,4660.0
海南,2025,本科批,综合,1293,江西财经大学,2,7,税收学,,不限,1,4,4660.0
海南,2025,本科批,综合,1293,江西财经大学,2,13,经济学,(数理经济),不限,1,4,4660.0
海南,2025,本科批,综合,1293,江西财经大学,4,32,虚拟现实技术,,"物理,化学",1,4,5220.0
海南,2025,本科批,综合,1293,江西财经大学,83,36,虚拟现实技术,"(中外合作办学)(与澳大利亚格里菲斯大学合作办学,高收费专业)","物理,化学",1,4,60000.0
海南,2025,本科批,综合,1293,江西财经大学,4,28,计算机科学与技术,,"物理,化学",1,4,5220.0
海南,2025,本科批,综合,1293,江西财经大学,82,35,软件工程,"(中外合作办学)(与瑞典达拉纳大学合作办学,高收费专业)","物理,化学",1,4,27000.0
海南,2025,本科批,综合,1293,江西财经大学,2,5,金融学,"(CFA方向)(特许金融分析师,高收费专业,涉及注册从业资格考试专业)",不限,1,4,14000.0
海南,2025,本科批,综合,1293,江西财经大学,2,18,金融学,,不限,1,4,4660.0
海南,2025,本科批,综合,1293,江西财经大学,3,22,金融工程,,物理,1,4,4660.0
海南,2025,本科批,综合,1346,江西财经大学现代经济管理学院,1,8,市场营销,,不限,3,4,13000.0
海南,2025,本科批,综合,1346,江西财经大学现代经济管理学院,1,2,会计学,,不限,2,4,13000.0
海南,2025,本科批,综合,1346,江西财经大学现代经济管理学院,1,5,会计学,(注册会计师),不限,2,4,13000.0
海南,2025,本科批,综合,1346,江西财经大学现代经济管理学院,2,14,大数据管理与应用,,物理,2,4,14500.0
海南,2025,本科批,综合,1346,江西财经大学现代经济管理学院,2,13,工程审计,,物理,2,4,13000.0
海南,2025,本科批,综合,1346,江西财经大学现代经济管理学院,2,16,工程管理,(授予工学学士学位),物理,2,4,14500.0
海南,2025,本科批,综合,1346,江西财经大学现代经济管理学院,2,15,工程造价,(授予工学学士学位),物理,2,4,14500.0
海南,2025,本科批,综合,1346,江西财经大学现代经济管理学院,1,7,物流管理,,不限,2,4,13000.0
海南,2025,本科批,综合,1346,江西财经大学现代经济管理学院,1,1,知识产权,,不限,2,4,13000.0
海南,2025,本科批,综合,1346,江西财经大学现代经济管理学院,3,18,计算机科学与技术,,"物理,化学",2,4,14500.0
海南,2025,本科批,综合,1346,江西财经大学现代经济管理学院,1,10,金融学,,不限,2,4,13000.0
海南,2025,本科批,综合,1346,江西财经大学现代经济管理学院,1,9,人力资源管理,,不限,1,4,13000.0
海南,2025,本科批,综合,1346,江西财经大学现代经济管理学院,1,11,国际经济与贸易,,不限,1,4,13000.0
海南,2025,本科批,综合,1346,江西财经大学现代经济管理学院,1,4,税收学,,不限,1,4,13000.0
海南,2025,本科批,综合,1346,江西财经大学现代经济管理学院,2,12,经济统计学,,物理,1,4,13000.0
海南,2025,本科批,综合,1346,江西财经大学现代经济管理学院,1,3,财务管理,,不限,1,4,13000.0
海南,2025,本科批,综合,1346,江西财经大学现代经济管理学院,1,6,资产评估,,不限,1,4,13000.0
海南,2025,本科批,综合,1346,江西财经大学现代经济管理学院,2,17,金融科技,,物理,1,4,13000.0
海南,2025,专科批,综合,1318,江西财经职业学院,1,1,会计信息管理,,不限,5,3,5000.0
海南,2025,专科批,综合,1318,江西财经职业学院,1,4,工程造价,,不限,5,3,5000.0
海南,2025,专科批,综合,1318,江西财经职业学院,1,3,现代物流管理,,不限,4,3,5000.0
海南,2025,专科批,综合,1318,江西财经职业学院,1,5,市场营销,,不限,3,3,5000.0
海南,2025,专科批,综合,1318,江西财经职业学院,1,2,大数据与会计,,不限,18,3,5000.0
海南,2025,专科批,综合,1311,江西电力职业技术学院,2,3,电力系统自动化技术,(单色识别不全者慎报),物理,4,3,5000.0
海南,2025,专科批,综合,1311,江西电力职业技术学院,1,2,发电厂及电力系统,(单色识别不全者慎报),不限,3,3,5000.0
海南,2025,专科批,综合,1311,江西电力职业技术学院,1,1,热能动力工程技术,(单色识别不全者慎报),不限,3,3,5000.0
海南,2025,专科批,综合,1360,江西枫林涉外经贸职业学院,1,20,中医康复技术,,不限,5,3,10600.0
海南,2025,专科批,综合,1360,江西枫林涉外经贸职业学院,1,16,工业互联网应用,,不限,5,3,9800.0
海南,2025,专科批,综合,1360,江西枫林涉外经贸职业学院,1,24,市场营销,,不限,5,3,9060.0
海南,2025,专科批,综合,1360,江西枫林涉外经贸职业学院,1,7,广告艺术设计,,不限,5,3,9260.0
海南,2025,专科批,综合,1360,江西枫林涉外经贸职业学院,1,13,应用化工技术,,不限,5,3,12800.0
海南,2025,专科批,综合,1360,江西枫林涉外经贸职业学院,1,3,建筑室内设计,,不限,5,3,9060.0
海南,2025,专科批,综合,1360,江西枫林涉外经贸职业学院,1,33,护理,(中外合作办学),不限,5,3,23800.0
海南,2025,专科批,综合,1360,江西枫林涉外经贸职业学院,1,6,数字化设计与制造技术,,不限,5,3,9800.0
海南,2025,专科批,综合,1360,江西枫林涉外经贸职业学院,1,4,智能控制技术,,不限,5,3,10560.0
海南,2025,专科批,综合,1360,江西枫林涉外经贸职业学院,1,10,机电一体化技术,,不限,5,3,9000.0
海南,2025,专科批,综合,1360,江西枫林涉外经贸职业学院,1,25,电子商务,,不限,5,3,9060.0
海南,2025,专科批,综合,1360,江西枫林涉外经贸职业学院,1,18,护理,,不限,30,3,10600.0
海南,2025,专科批,综合,1360,江西枫林涉外经贸职业学院,1,21,健康大数据管理与服务,,不限,2,3,10600.0
海南,2025,专科批,综合,1360,江西枫林涉外经贸职业学院,1,30,商务日语,,不限,2,3,9100.0
海南,2025,专科批,综合,1360,江西枫林涉外经贸职业学院,1,29,商务英语,,不限,2,3,9100.0
海南,2025,专科批,综合,1360,江西枫林涉外经贸职业学院,1,1,园林工程技术,,不限,2,3,8160.0
海南,2025,专科批,综合,1360,江西枫林涉外经贸职业学院,1,23,大数据与会计,,不限,2,3,9060.0
海南,2025,专科批,综合,1360,江西枫林涉外经贸职业学院,1,22,大数据与财务管理,,不限,2,3,9060.0
海南,2025,专科批,综合,1360,江西枫林涉外经贸职业学院,1,19,大数据技术,,不限,2,3,10600.0
海南,2025,专科批,综合,1360,江西枫林涉外经贸职业学院,1,8,工程造价,,不限,2,3,9060.0
海南,2025,专科批,综合,1360,江西枫林涉外经贸职业学院,1,2,建筑工程技术,,不限,2,3,9060.0
海南,2025,专科批,综合,1360,江西枫林涉外经贸职业学院,1,11,数字媒体技术,,不限,2,3,12800.0
海南,2025,专科批,综合,1360,江西枫林涉外经贸职业学院,1,15,无人机应用技术,,不限,2,3,9800.0
海南,2025,专科批,综合,1360,江西枫林涉外经贸职业学院,1,9,智能建造技术,,不限,2,3,9060.0
海南,2025,专科批,综合,1360,江西枫林涉外经贸职业学院,1,27,智能物流技术,,不限,2,3,10600.0
海南,2025,专科批,综合,1360,江西枫林涉外经贸职业学院,1,14,计算机应用技术,,不限,2,3,9160.0
海南,2025,专科批,综合,1360,江西枫林涉外经贸职业学院,1,32,软件技术,,不限,2,3,12800.0
海南,2025,专科批,综合,1360,江西枫林涉外经贸职业学院,1,5,机械制造及自动化,,不限,15,3,9000.0
海南,2025,专科批,综合,1360,江西枫林涉外经贸职业学院,1,17,工业机器人技术,,不限,10,3,10560.0
海南,2025,专科批,综合,1360,江西枫林涉外经贸职业学院,1,12,新能源汽车技术,,不限,10,3,10560.0
海南,2025,专科批,综合,1360,江西枫林涉外经贸职业学院,1,28,旅游管理,,不限,10,3,8900.0
海南,2025,专科批,综合,1360,江西枫林涉外经贸职业学院,1,31,智慧健康养老服务与管理,,不限,10,3,10500.0
海南,2025,专科批,综合,1360,江西枫林涉外经贸职业学院,1,26,网络营销与直播电商,,不限,10,3,9800.0
海南,2025,本科批,综合,1323,江西服装学院,2,3,网络与新媒体,,不限,7,4,25500.0
海南,2025,本科批,综合,1306,江西工程学院,2,2,数据科学与大数据技术,,"物理,化学",2,4,18000.0
海南,2025,本科批,综合,1306,江西工程学院,1,1,网络与新媒体,,不限,2,4,18000.0
海南,2025,本科批,综合,1306,江西工程学院,2,3,区块链工程,,"物理,化学",1,4,18000.0
海南,2025,专科批,综合,1365,江西工商职业技术学院,4,13,口腔医学技术,"(学费待定,具体按江西省物价部门公布的最新标准执行)",不限,6,3,
海南,2025,专科批,综合,1365,江西工商职业技术学院,4,6,护理,,不限,6,3,11810.0
海南,2025,专科批,综合,1365,江西工商职业技术学院,4,5,药学,,不限,6,3,11810.0
海南,2025,专科批,综合,1365,江西工商职业技术学院,4,16,医学美容技术,,不限,3,3,12300.0
海南,2025,专科批,综合,1365,江西工商职业技术学院,4,12,大数据与会计,,不限,3,3,10060.0
海南,2025,专科批,综合,1365,江西工商职业技术学院,4,18,学前教育,,不限,3,3,11840.0
海南,2025,专科批,综合,1365,江西工商职业技术学院,4,20,建筑工程技术,,不限,3,3,9690.0
海南,2025,专科批,综合,1365,江西工商职业技术学院,4,28,机电一体化技术,,不限,3,3,10570.0
海南,2025,专科批,综合,1365,江西工商职业技术学院,4,9,计算机网络技术,,不限,3,3,10970.0
海南,2025,专科批,综合,1365,江西工商职业技术学院,4,22,云计算技术应用,,不限,2,3,12930.0
海南,2025,专科批,综合,1365,江西工商职业技术学院,4,25,人工智能技术应用,"(学费待定,具体按江西省物价部门公布的最新标准执行)",不限,2,3,
海南,2025,专科批,综合,1365,江西工商职业技术学院,4,23,信息安全技术应用,,不限,2,3,12930.0
海南,2025,专科批,综合,1365,江西工商职业技术学院,4,17,全媒体广告策划与营销,,不限,2,3,11800.0
海南,2025,专科批,综合,1365,江西工商职业技术学院,4,15,助产,,不限,2,3,11810.0
海南,2025,专科批,综合,1365,江西工商职业技术学院,4,24,区块链技术应用,,不限,2,3,12930.0
海南,2025,专科批,综合,1365,江西工商职业技术学院,4,19,城市轨道交通运营管理,,不限,2,3,10090.0
海南,2025,专科批,综合,1365,江西工商职业技术学院,4,21,大数据技术,,不限,2,3,12930.0
海南,2025,专科批,综合,1365,江西工商职业技术学院,4,27,室内艺术设计,,不限,2,3,11960.0
海南,2025,专科批,综合,1365,江西工商职业技术学院,4,29,工业机器人技术,,不限,2,3,16800.0
海南,2025,专科批,综合,1365,江西工商职业技术学院,4,36,工商企业管理,,不限,2,3,10060.0
海南,2025,专科批,综合,1365,江西工商职业技术学院,4,35,护理,(中外合作办学),不限,2,3,16000.0
海南,2025,专科批,综合,1365,江西工商职业技术学院,4,26,数字媒体艺术设计,,不限,2,3,11960.0
海南,2025,专科批,综合,1365,江西工商职业技术学院,4,32,新能源汽车技术,,不限,2,3,14900.0
海南,2025,专科批,综合,1365,江西工商职业技术学院,4,33,无人机应用技术,,不限,2,3,10120.0
海南,2025,专科批,综合,1365,江西工商职业技术学院,4,10,智能物流技术,,不限,2,3,13500.0
海南,2025,专科批,综合,1365,江西工商职业技术学院,4,31,汽车制造与试验技术,,不限,2,3,11300.0
海南,2025,专科批,综合,1365,江西工商职业技术学院,4,8,物流工程技术,,不限,2,3,14900.0
海南,2025,专科批,综合,1365,江西工商职业技术学院,4,11,电子商务,,不限,2,3,16200.0
海南,2025,专科批,综合,1365,江西工商职业技术学院,4,14,移动互联应用技术,,不限,2,3,12930.0
海南,2025,专科批,综合,1365,江西工商职业技术学院,4,7,网络营销与直播电商,,不限,2,3,11800.0
海南,2025,专科批,综合,1365,江西工商职业技术学院,4,30,软件技术,,不限,2,3,17200.0
海南,2025,专科批,综合,1365,江西工商职业技术学院,4,34,大数据与会计,(中外合作办学),不限,14,3,17000.0
海南,2025,专科批,综合,1321,江西工业工程职业技术学院,1,4,大数据与会计,,不限,8,3,5000.0
海南,2025,专科批,综合,1321,江西工业工程职业技术学院,1,2,新能源汽车技术,,不限,8,3,5000.0
海南,2025,专科批,综合,1321,江西工业工程职业技术学院,1,5,现代物流管理,,不限,8,3,5000.0
海南,2025,专科批,综合,1321,江西工业工程职业技术学院,1,1,电气自动化技术,,不限,8,3,5000.0
海南,2025,专科批,综合,1321,江西工业工程职业技术学院,1,3,计算机网络技术,,不限,8,3,5000.0
海南,2025,专科批,综合,1328,江西工业贸易职业技术学院,1,1,大数据与会计,(中外合作办学),不限,5,3,12000.0
海南,2025,专科批,综合,1328,江西工业贸易职业技术学院,1,3,数字媒体技术,(中外合作办学),不限,5,3,12000.0
海南,2025,专科批,综合,1328,江西工业贸易职业技术学院,1,2,跨境电子商务,(中外合作办学),不限,5,3,12000.0
海南,2025,专科批,综合,1294,江西工业职业技术学院,1,4,大数据与会计,,不限,6,3,6000.0
海南,2025,专科批,综合,1294,江西工业职业技术学院,1,3,数字媒体艺术设计,(本专业第一学年在共青城产教融合基地就读),不限,6,3,6000.0
海南,2025,专科批,综合,1294,江西工业职业技术学院,1,2,旅游管理,,不限,5,3,6000.0
海南,2025,专科批,综合,1294,江西工业职业技术学院,1,1,视觉传达设计,(本专业第一学年在共青城产教融合基地就读),不限,3,3,6000.0
海南,2025,专科批,综合,1355,江西航空职业技术学院,2,20,机电一体化技术,"(学费如有变动,以正式批复为准)",不限,5,3,10030.0
海南,2025,专科批,综合,1355,江西航空职业技术学院,2,15,计算机应用技术,"(学费如有变动,以正式批复为准)",不限,4,3,10030.0
海南,2025,专科批,综合,1355,江西航空职业技术学院,2,17,工业机器人技术,"(学费如有变动,以正式批复为准)",不限,3,3,10030.0
海南,2025,专科批,综合,1355,江西航空职业技术学院,2,7,无人机应用技术,"(学费如有变动,以正式批复为准)",不限,3,3,10030.0
海南,2025,专科批,综合,1355,江西航空职业技术学院,2,9,无人机测绘技术,"(学费如有变动,以正式批复为准)",不限,3,3,10030.0
海南,2025,专科批,综合,1355,江西航空职业技术学院,2,10,电子信息工程技术,"(学费如有变动,以正式批复为准)",不限,3,3,10030.0
海南,2025,专科批,综合,1355,江西航空职业技术学院,2,18,电气自动化技术,"(学费如有变动,以正式批复为准)",不限,3,3,10030.0
海南,2025,专科批,综合,1355,江西航空职业技术学院,2,24,空中乘务,"(学费如有变动,以正式批复为准)",不限,3,3,10030.0
海南,2025,专科批,综合,1355,江西航空职业技术学院,2,5,飞行器数字化制造技术,"(学费如有变动,以正式批复为准)",不限,3,3,10030.0
海南,2025,专科批,综合,1355,江西航空职业技术学院,2,13,信息安全技术应用,"(学费如有变动,以正式批复为准)",不限,2,3,10030.0
海南,2025,专科批,综合,1355,江西航空职业技术学院,2,14,大数据技术,"(学费如有变动,以正式批复为准)",不限,2,3,10030.0
海南,2025,专科批,综合,1355,江西航空职业技术学院,2,11,应用电子技术,"(学费如有变动,以正式批复为准)",不限,2,3,10030.0
海南,2025,专科批,综合,1355,江西航空职业技术学院,2,4,数控技术,"(学费如有变动,以正式批复为准)",不限,2,3,10030.0
海南,2025,专科批,综合,1355,江西航空职业技术学院,2,19,智能制造装备技术,"(2025年新设专业,最终学费标准以正式批复为准)",不限,2,3,
海南,2025,专科批,综合,1355,江西航空职业技术学院,2,3,机械制造及自动化,"(学费如有变动,以正式批复为准)",不限,2,3,10030.0
海南,2025,专科批,综合,1355,江西航空职业技术学院,2,23,民航安全技术管理,"(学费如有变动,以正式批复为准)",不限,2,3,10030.0
海南,2025,专科批,综合,1355,江西航空职业技术学院,2,22,民航运输服务,"(学费如有变动,以正式批复为准)",不限,2,3,10030.0
海南,2025,专科批,综合,1355,江西航空职业技术学院,2,25,航空物流管理,"(学费如有变动,以正式批复为准)",不限,2,3,11508.0
海南,2025,专科批,综合,1355,江西航空职业技术学院,2,12,计算机网络技术,"(学费如有变动,以正式批复为准)",不限,2,3,10030.0
海南,2025,专科批,综合,1355,江西航空职业技术学院,2,16,软件技术,"(2025年新设专业,最终学费标准以正式批复为准)",不限,2,3,
海南,2025,专科批,综合,1355,江西航空职业技术学院,2,8,通用航空器维修,"(学费如有变动,以正式批复为准)",不限,2,3,10030.0
海南,2025,专科批,综合,1355,江西航空职业技术学院,2,21,通用航空航务技术,"(学费如有变动,以正式批复为准)",不限,2,3,10030.0
海南,2025,专科批,综合,1355,江西航空职业技术学院,2,26,酒店管理与数字化运营,"(学费如有变动,以正式批复为准)",不限,2,3,9796.0
海南,2025,专科批,综合,1355,江西航空职业技术学院,2,6,飞机机电设备维修,"(学费如有变动,以正式批复为准)",不限,2,3,10030.0
海南,2025,专科提前批(面试),综合,1355,江西航空职业技术学院,1,1,导弹维修技术,"(定向海军)(只招男生；定向培养军士；陆勤合格；考生须参加体检、政治考核并且合格；学费如有变动,以正式批复为准)",不限,5,3,10030.0
海南,2025,专科提前批(面试),综合,1355,江西航空职业技术学院,1,2,导弹维修技术,"(定向空军)(只招男生；定向培养军士；陆勤合格；考生须参加体检、政治考核并且合格；学费如有变动,以正式批复为准)",不限,5,3,10030.0
海南,2025,专科批,综合,1373,江西洪州职业学院,1,5,集成电路技术,"(学费如有变动,以正式批复为准)",不限,30,3,9820.0
海南,2025,专科批,综合,1373,江西洪州职业学院,1,8,学前教育,"(学费如有变动,以正式批复为准)",不限,2,3,9820.0
海南,2025,专科批,综合,1373,江西洪州职业学院,1,7,工业设计,"(2025年新设专业,最终学费标准,以正式批复为准)",不限,2,3,
海南,2025,专科批,综合,1373,江西洪州职业学院,1,3,数字化设计与制造技术,"(2025年新设专业,最终学费标准,以正式批复为准)",不限,2,3,
海南,2025,专科批,综合,1373,江西洪州职业学院,1,2,新能源汽车检测与维修技术,"(学费如有变动,以正式批复为准)",不限,2,3,9820.0
海南,2025,专科批,综合,1373,江西洪州职业学院,1,1,机电一体化技术,"(学费如有变动,以正式批复为准)",不限,2,3,9820.0
海南,2025,专科批,综合,1373,江西洪州职业学院,1,6,计算机网络技术,"(2025年新设专业,最终学费标准,以正式批复为准)",不限,2,3,
海南,2025,专科批,综合,1373,江西洪州职业学院,1,10,康复治疗技术,"(2025年新设专业,最终学费标准,以正式批复为准)",不限,10,3,
海南,2025,专科批,综合,1373,江西洪州职业学院,1,4,护理,"(学费如有变动,以正式批复为准)",不限,10,3,9820.0
海南,2025,专科批,综合,1373,江西洪州职业学院,1,9,老年保健与管理,"(2025年新设专业,最终学费标准,以正式批复为准)",不限,10,3,
海南,2025,专科批,综合,1312,江西环境工程职业学院,1,5,学前教育,,不限,3,3,5000.0
海南,2025,专科批,综合,1312,江西环境工程职业学院,1,2,建筑室内设计,,不限,3,3,5000.0
海南,2025,专科批,综合,1312,江西环境工程职业学院,1,3,环境工程技术,,不限,3,3,5000.0
海南,2025,专科批,综合,1312,江西环境工程职业学院,1,4,人工智能技术应用,,不限,2,3,5000.0
海南,2025,专科批,综合,1312,江西环境工程职业学院,1,1,软件技术,,不限,2,3,5000.0
海南,2025,专科批,综合,1322,江西机电职业技术学院,1,7,数字媒体技术,"(学费如有变动,以正式批复为准)",不限,2,3,5000.0
海南,2025,专科批,综合,1322,江西机电职业技术学院,1,1,数控技术,"(学费如有变动,以正式批复为准)",不限,2,3,5000.0
海南,2025,专科批,综合,1322,江西机电职业技术学院,1,6,新能源汽车技术,"(学费如有变动,以正式批复为准)",不限,2,3,5000.0
海南,2025,专科批,综合,1322,江西机电职业技术学院,1,4,无人机应用技术,"(学费如有变动,以正式批复为准)",不限,2,3,5000.0
海南,2025,专科批,综合,1322,江西机电职业技术学院,1,2,机电一体化技术,"(学费如有变动,以正式批复为准)",不限,2,3,5000.0
海南,2025,专科批,综合,1322,江西机电职业技术学院,1,5,汽车制造与试验技术,"(学费如有变动,以正式批复为准)",不限,2,3,5000.0
海南,2025,专科批,综合,1322,江西机电职业技术学院,1,8,虚拟现实技术应用,"(学费如有变动,以正式批复为准)",不限,2,3,5000.0
海南,2025,专科批,综合,1322,江西机电职业技术学院,1,3,电气自动化技术,"(学费如有变动,以正式批复为准)",不限,11,3,5000.0
海南,2025,本科提前批(面试),综合,1301,江西警察学院,1,1,经济犯罪侦查,"(招男生3名,女生1名；考生须参加公安体检、面试、体能测评和政治考察并且合格,考生年龄为16周岁以上、22周岁以下(2003年9月1日至2009年8月31日期间出生),高级中等教育学校毕业；具体要求详见学校招生章程)",政治,4,4,4350.0
海南,2025,本科批,综合,1299,江西科技师范大学,2,6,人力资源管理,,不限,3,4,4270.0
海南,2025,本科批,综合,1299,江西科技师范大学,3,11,制药工程,(不招色盲、色弱、不能准确识别颜色者；视觉异常者不宜填报),"物理,化学",3,4,4530.0
海南,2025,本科批,综合,1299,江西科技师范大学,5,22,历史学,,历史,3,4,4010.0
海南,2025,本科批,综合,1299,江西科技师范大学,2,8,学前教育,(不招色盲、色弱、不能准确识别颜色者；体态异常者不宜填报),不限,3,4,4270.0
海南,2025,本科批,综合,1299,江西科技师范大学,4,18,思想政治教育,,政治,3,4,4270.0
海南,2025,本科批,综合,1299,江西科技师范大学,2,2,旅游管理,(不招不能准确识别颜色者；主要脏器术后及有病史者不宜填报),不限,3,4,4270.0
海南,2025,本科批,综合,1299,江西科技师范大学,3,13,材料化学,(不招色盲、色弱、不能准确识别颜色者；视力异常者不宜填报),"物理,化学",3,4,4530.0
海南,2025,本科批,综合,1299,江西科技师范大学,5,19,汉语言文学,,历史,3,4,4010.0
海南,2025,本科批,综合,1299,江西科技师范大学,3,12,计算机科学与技术,(不招不能准确在显示器上识别颜色者),"物理,化学",3,4,4790.0
海南,2025,本科批,综合,1299,江西科技师范大学,80,7,国际经济与贸易,"(中美学分互认)(与美国塞勒姆州立大学(SSU),工商管理[国际商务],1+2+1(第二三学年必须赴美学习)双学位分段式联合培养；中方四年学费正常缴纳外,赴美学习费用预估3.8万美元左右/年(外方学费、住宿费等),项目方适时收取相关费用约￥4.7万元)",不限,2,4,4270.0
海南,2025,本科批,综合,1299,江西科技师范大学,3,14,土木工程,(主要脏器术后及有病史者不宜填报),"物理,化学",2,4,4790.0
海南,2025,本科批,综合,1299,江西科技师范大学,3,15,应用化学,(职教师范；不招色盲、色弱、不能准确识别颜色者),"物理,化学",2,4,4530.0
海南,2025,本科批,综合,1299,江西科技师范大学,3,10,数学与应用数学,,"物理,化学",2,4,4530.0
海南,2025,本科批,综合,1299,江西科技师范大学,5,20,文物与博物馆学,,历史,2,4,4010.0
海南,2025,本科批,综合,1299,江西科技师范大学,2,4,日语,(听力异常者不宜填报),不限,2,4,4270.0
海南,2025,本科批,综合,1299,江西科技师范大学,2,5,法学,(视觉异常、体态异常者不宜填报),不限,2,4,4270.0
海南,2025,本科批,综合,1299,江西科技师范大学,2,3,电子商务,,不限,2,4,4790.0
海南,2025,本科批,综合,1299,江西科技师范大学,3,17,食品科学与工程,(职教师范；不招色盲、色弱、不能准确识别颜色者),"物理,化学",2,4,4530.0
海南,2025,本科批,综合,1299,江西科技师范大学,3,16,机械设计制造及其自动化,,"物理,化学",1,4,4530.0
海南,2025,本科批,综合,1299,江西科技师范大学,5,21,汉语国际教育,,历史,1,4,4010.0
海南,2025,本科批,综合,1299,江西科技师范大学,2,9,法语,(听力异常者不宜填报),不限,1,4,4270.0
海南,2025,本科批,综合,1295,江西科技学院,7,26,新能源汽车工程,,"物理,化学",8,4,25000.0
海南,2025,本科批,综合,1295,江西科技学院,6,14,新闻学,,不限,8,4,24600.0
海南,2025,本科批,综合,1295,江西科技学院,7,25,计算机科学与技术,,"物理,化学",8,4,25000.0
海南,2025,本科批,综合,1295,江西科技学院,7,24,软件工程,,"物理,化学",8,4,25000.0
海南,2025,本科批,综合,1295,江西科技学院,6,17,人力资源管理,,不限,6,4,24600.0
海南,2025,本科批,综合,1295,江西科技学院,6,8,国际经济与贸易,,不限,5,4,24600.0
海南,2025,本科批,综合,1295,江西科技学院,6,15,教育学,,不限,5,4,24600.0
海南,2025,本科批,综合,1295,江西科技学院,6,18,数字人文,,不限,5,4,24600.0
海南,2025,本科批,综合,1295,江西科技学院,7,29,智能科学与技术,,"物理,化学",5,4,25000.0
海南,2025,本科批,综合,1295,江西科技学院,7,21,机器人工程,,"物理,化学",5,4,25000.0
海南,2025,本科批,综合,1295,江西科技学院,7,22,机械设计制造及其自动化,,"物理,化学",5,4,25000.0
海南,2025,本科批,综合,1295,江西科技学院,7,28,电子与计算机工程,,"物理,化学",5,4,25000.0
海南,2025,本科批,综合,1295,江西科技学院,6,11,电子商务,,不限,5,4,24600.0
海南,2025,本科批,综合,1295,江西科技学院,7,27,药学,,"物理,化学",5,4,25000.0
海南,2025,本科批,综合,1295,江西科技学院,6,13,汉语言文学,,不限,37,4,24600.0
海南,2025,本科批,综合,1295,江西科技学院,6,10,会计学,,不限,30,4,25000.0
海南,2025,本科批,综合,1295,江西科技学院,7,19,人工智能,,"物理,化学",2,4,25000.0
海南,2025,本科批,综合,1295,江西科技学院,7,20,智能制造工程,,"物理,化学",2,4,25000.0
海南,2025,本科批,综合,1295,江西科技学院,7,23,智能建造,,"物理,化学",2,4,25000.0
海南,2025,本科批,综合,1295,江西科技学院,8,30,护理学,,"物理,生物",16,4,25000.0
海南,2025,本科批,综合,1295,江西科技学院,6,16,小学教育,,不限,15,4,24600.0
海南,2025,本科批,综合,1295,江西科技学院,6,12,网络与新媒体,,不限,15,4,24600.0
海南,2025,本科批,综合,1295,江西科技学院,6,9,财务管理,,不限,10,4,24600.0
海南,2025,专科批,综合,1295,江西科技学院,11,42,药学,,不限,8,3,15800.0
海南,2025,专科批,综合,1295,江西科技学院,11,45,计算机网络技术,,不限,8,3,15800.0
海南,2025,专科批,综合,1295,江西科技学院,11,49,大数据技术,,不限,5,3,15800.0
海南,2025,专科批,综合,1295,江西科技学院,11,48,网络营销与直播电商,,不限,3,3,15800.0
海南,2025,专科批,综合,1295,江西科技学院,11,38,人力资源管理,,不限,2,3,15800.0
海南,2025,专科批,综合,1295,江西科技学院,11,39,大数据与会计,,不限,2,3,15800.0
海南,2025,专科批,综合,1295,江西科技学院,11,40,大数据与财务管理,,不限,2,3,15800.0
海南,2025,专科批,综合,1295,江西科技学院,11,37,工商企业管理,,不限,2,3,15800.0
海南,2025,专科批,综合,1295,江西科技学院,11,35,市场营销,,不限,2,3,15800.0
海南,2025,专科批,综合,1295,江西科技学院,11,43,建筑室内设计,,不限,2,3,15800.0
海南,2025,专科批,综合,1295,江西科技学院,11,41,新能源汽车技术,,不限,15,3,15800.0
海南,2025,专科批,综合,1295,江西科技学院,11,46,计算机应用技术,,不限,15,3,15800.0
海南,2025,专科批,综合,1295,江西科技学院,11,47,机电一体化技术,,不限,12,3,15800.0
海南,2025,专科批,综合,1295,江西科技学院,11,36,护理,,不限,10,3,15800.0
海南,2025,专科批,综合,1295,江西科技学院,11,44,软件技术,,不限,10,3,15800.0
海南,2025,专科批,综合,1324,江西科技职业学院,2,12,电子竞技运动与管理,"(学费如有变动,以正式批复为准)",不限,5,3,16000.0
海南,2025,专科批,综合,1324,江西科技职业学院,2,13,空中乘务,"(中外合作办学)(学费如有变动,以正式批复为准；自愿选择韩国留学,出国留学项目服务费66000元/人,详见学校招生章程)",不限,5,3,16000.0
海南,2025,专科批,综合,1324,江西科技职业学院,2,7,护理,"(学费如有变动,以正式批复为准)",不限,4,3,10120.0
海南,2025,专科批,综合,1324,江西科技职业学院,2,10,中医养生保健,"(学费如有变动,以正式批复为准)",不限,2,3,9720.0
海南,2025,专科批,综合,1324,江西科技职业学院,2,9,人工智能技术应用,"(学费如有变动,以正式批复为准)",不限,2,3,9720.0
海南,2025,专科批,综合,1324,江西科技职业学院,2,8,大数据技术,"(学费如有变动,以正式批复为准)",不限,2,3,9720.0
海南,2025,专科批,综合,1324,江西科技职业学院,2,11,学前教育,"(学费如有变动,以正式批复为准)",不限,2,3,10120.0
海南,2025,专科批,综合,1324,江西科技职业学院,2,4,工业机器人技术,"(学费如有变动,以正式批复为准)",不限,2,3,9720.0
海南,2025,专科批,综合,1324,江西科技职业学院,2,3,机械设计与制造,"(学费如有变动,以正式批复为准)",不限,2,3,9720.0
海南,2025,专科批,综合,1324,江西科技职业学院,2,5,物联网应用技术,"(学费如有变动,以正式批复为准)",不限,2,3,9720.0
海南,2025,专科批,综合,1324,江西科技职业学院,2,6,电气自动化技术,"(学费如有变动,以正式批复为准)",不限,2,3,9720.0
海南,2025,本科批,综合,1283,江西理工大学,4,29,冶金工程,,"物理,化学",3,4,4940.0
海南,2025,本科批,综合,1283,江西理工大学,4,27,矿物加工工程,,"物理,化学",3,4,4940.0
海南,2025,本科批,综合,1283,江西理工大学,2,2,人力资源管理,(就读地点:南昌校区),不限,2,4,4660.0
海南,2025,本科批,综合,1283,江西理工大学,4,23,人工智能,,"物理,化学",2,4,5220.0
海南,2025,本科批,综合,1283,江西理工大学,4,19,信息与计算科学,,"物理,化学",2,4,5220.0
海南,2025,本科批,综合,1283,江西理工大学,4,14,信息安全,,"物理,化学",2,4,5220.0
海南,2025,本科批,综合,1283,江西理工大学,2,4,国际经济与贸易,,不限,2,4,4660.0
海南,2025,本科批,综合,1283,江西理工大学,4,17,土木工程,,"物理,化学",2,4,5220.0
海南,2025,本科批,综合,1283,江西理工大学,4,30,地质工程,,"物理,化学",2,4,4940.0
海南,2025,本科批,综合,1283,江西理工大学,3,6,工程造价,,物理,2,4,4660.0
海南,2025,本科批,综合,1283,江西理工大学,3,7,应急管理,,物理,2,4,4660.0
海南,2025,本科批,综合,1283,江西理工大学,4,9,应用化学,,"物理,化学",2,4,4940.0
海南,2025,本科批,综合,1283,江西理工大学,4,18,建筑环境与能源应用工程,,"物理,化学",2,4,5220.0
海南,2025,本科批,综合,1283,江西理工大学,3,8,数字经济,(就读地点:南昌校区),物理,2,4,4660.0
海南,2025,本科批,综合,1283,江西理工大学,4,22,智能建造,(就读地点:南昌校区),"物理,化学",2,4,5220.0
海南,2025,本科批,综合,1283,江西理工大学,4,13,机械工程,,"物理,化学",2,4,4940.0
海南,2025,本科批,综合,1283,江西理工大学,4,11,机械电子工程,,"物理,化学",2,4,4940.0
海南,2025,本科批,综合,1283,江西理工大学,2,3,法学,,不限,2,4,4660.0
海南,2025,本科批,综合,1283,江西理工大学,4,24,测绘工程,,"物理,化学",2,4,5220.0
海南,2025,本科批,综合,1283,江西理工大学,4,28,环境工程,,"物理,化学",2,4,4940.0
海南,2025,本科批,综合,1283,江西理工大学,4,10,电子科学与技术,,"物理,化学",2,4,5220.0
海南,2025,本科批,综合,1283,江西理工大学,80,31,电子科学与技术,(中外合作办学)(较高学费专业),"物理,化学",2,4,16800.0
海南,2025,本科批,综合,1283,江西理工大学,4,12,电气工程及其自动化,,"物理,化学",2,4,5220.0
海南,2025,本科批,综合,1283,江西理工大学,4,20,给排水科学与工程,,"物理,化学",2,4,5220.0
海南,2025,本科批,综合,1283,江西理工大学,4,25,能源与动力工程,(就读地点:南昌校区),"物理,化学",2,4,4940.0
海南,2025,本科批,综合,1283,江西理工大学,2,5,财务管理,(就读地点:南昌校区),不限,2,4,4660.0
海南,2025,本科批,综合,1283,江西理工大学,81,16,软件工程,(较高学费专业；就读地点:南昌校区),"物理,化学",2,4,10000.0
海南,2025,本科批,综合,1283,江西理工大学,81,21,软件工程,(智能制造方向)(较高学费专业；就读地点:南昌校区),"物理,化学",2,4,10000.0
海南,2025,本科批,综合,1283,江西理工大学,4,26,采矿工程,,"物理,化学",2,4,4940.0
海南,2025,本科批,综合,1283,江西理工大学,4,15,金属材料工程,,"物理,化学",2,4,4940.0
海南,2025,本科批,综合,1285,江西农业大学,5,16,地理信息科学,,地理,4,4,4940.0
海南,2025,本科批,综合,1285,江西农业大学,4,15,园林,,生物,3,4,4090.0
海南,2025,本科批,综合,1285,江西农业大学,1,8,会计学,,不限,2,4,4660.0
海南,2025,本科批,综合,1285,江西农业大学,1,1,公共事业管理,,不限,2,4,4660.0
海南,2025,本科批,综合,1285,江西农业大学,1,5,农林经济管理,,不限,2,4,4660.0
海南,2025,本科批,综合,1285,江西农业大学,3,12,动植物检疫,,"物理,化学",2,4,4090.0
海南,2025,本科批,综合,1285,江西农业大学,1,7,国际经济与贸易,(英语单科成绩不低于105分(150分制)),不限,2,4,4660.0
海南,2025,本科批,综合,1285,江西农业大学,1,6,工商管理,,不限,2,4,4660.0
海南,2025,本科批,综合,1285,江西农业大学,2,10,教育技术学,(新媒体方向),物理,2,4,4660.0
海南,2025,本科批,综合,1285,江西农业大学,2,11,教育技术学,(数字化方向),物理,2,4,4660.0
海南,2025,本科批,综合,1285,江西农业大学,1,2,日语,(商务方向),不限,2,4,4660.0
海南,2025,本科批,综合,1285,江西农业大学,3,13,水产养殖学,,"物理,化学",2,4,4090.0
海南,2025,本科批,综合,1285,江西农业大学,1,9,经济学,(数字化方向),不限,2,4,4660.0
海南,2025,本科批,综合,1285,江西农业大学,1,3,英语,(商务方向)(英语单科成绩不低于105分(150分制)),不限,2,4,4660.0
海南,2025,本科批,综合,1285,江西农业大学,1,4,风景园林,,不限,2,4,5220.0
海南,2025,本科批,综合,1285,江西农业大学,3,14,食品质量与安全,,"物理,化学",2,4,4940.0
海南,2025,本科批,综合,1341,江西农业大学南昌商学院,1,4,人力资源管理,(不招单色识别不全者；详见学校招生章程第七条),不限,2,4,13000.0
海南,2025,本科批,综合,1341,江西农业大学南昌商学院,1,2,工商管理,(不招单色识别不全者；详见学校招生章程第七条),不限,2,4,13000.0
海南,2025,本科批,综合,1341,江西农业大学南昌商学院,2,6,数字经济,,物理,2,4,13000.0
海南,2025,本科批,综合,1341,江西农业大学南昌商学院,1,5,电子商务,,不限,2,4,14500.0
海南,2025,本科批,综合,1341,江西农业大学南昌商学院,1,3,会计学,,不限,1,4,13000.0
海南,2025,本科批,综合,1341,江西农业大学南昌商学院,1,1,新闻学,,不限,1,4,13000.0
海南,2025,专科批,综合,1349,江西软件职业技术大学,1,3,软件技术,,不限,3,3,16500.0
海南,2025,专科批,综合,1349,江西软件职业技术大学,1,1,云计算技术应用,,不限,2,3,16500.0
海南,2025,专科批,综合,1349,江西软件职业技术大学,1,4,信息安全技术应用,,不限,2,3,16500.0
海南,2025,专科批,综合,1349,江西软件职业技术大学,1,2,跨境电子商务,,不限,2,3,16500.0
海南,2025,专科批,综合,1349,江西软件职业技术大学,1,5,区块链技术应用,,不限,1,3,16000.0
海南,2025,专科批,综合,1331,江西生物科技职业学院,1,4,水产养殖技术,,不限,2,3,5000.0
海南,2025,专科批,综合,1331,江西生物科技职业学院,1,3,动物医学,,不限,1,3,5000.0
海南,2025,专科批,综合,1331,江西生物科技职业学院,1,2,宠物医疗技术,,不限,1,3,5000.0
海南,2025,专科批,综合,1331,江西生物科技职业学院,1,6,新能源汽车技术,,不限,1,3,5000.0
海南,2025,专科批,综合,1331,江西生物科技职业学院,1,5,机电一体化技术,,不限,1,3,5000.0
海南,2025,专科批,综合,1331,江西生物科技职业学院,1,1,畜牧兽医,,不限,1,3,5000.0
海南,2025,专科批,综合,1331,江西生物科技职业学院,1,7,花卉生产与花艺,,不限,1,3,5000.0
海南,2025,专科批,综合,1331,江西生物科技职业学院,1,9,软件技术,,不限,1,3,5000.0
海南,2025,专科批,综合,1331,江西生物科技职业学院,1,8,食品检验检测技术,,不限,1,3,5000.0
海南,2025,本科批,综合,1288,江西师范大学,4,30,生物科学,,"物理,化学",8,4,4940.0
海南,2025,本科批,综合,1288,江西师范大学,6,42,地理科学类,(包含专业:地理科学(师范)、地理信息科学),地理,7,4,4940.0
海南,2025,本科批,综合,1288,江西师范大学,4,27,数学与应用数学,,"物理,化学",6,4,4940.0
海南,2025,本科批,综合,1288,江西师范大学,4,29,化学类,(包含专业:化学(师范)、应用化学),"物理,化学",5,4,4940.0
海南,2025,本科批,综合,1288,江西师范大学,3,25,教育技术学,,物理,5,4,4660.0
海南,2025,本科批,综合,1288,江西师范大学,2,16,法学,,不限,5,4,4660.0
海南,2025,本科批,综合,1288,江西师范大学,2,5,心理学类,(包含专业:心理学(师范)、应用心理学),不限,4,4,4660.0
海南,2025,本科批,综合,1288,江西师范大学,4,35,统计学,,"物理,化学",4,4,4940.0
海南,2025,本科批,综合,1288,江西师范大学,2,10,会计学,(数智会计),不限,3,4,4660.0
海南,2025,本科批,综合,1288,江西师范大学,2,9,小学教育,,不限,3,4,4660.0
海南,2025,本科批,综合,1288,江西师范大学,3,26,工程管理,(英语双学位)(“工程管理+英语”双学士学位复合型人才培养项目),物理,3,4,4660.0
海南,2025,本科批,综合,1288,江西师范大学,4,28,物理学,,"物理,化学",3,4,4940.0
海南,2025,本科批,综合,1288,江西师范大学,4,40,生物制药,,"物理,化学",3,4,4940.0
海南,2025,本科批,综合,1288,江西师范大学,2,11,金融学,,不限,3,4,4660.0
海南,2025,本科批,综合,1288,江西师范大学,4,37,化学工程与工艺,,"物理,化学",2,4,4940.0
海南,2025,本科批,综合,1288,江西师范大学,2,15,国际经济与贸易,(数字贸易),不限,2,4,4660.0
海南,2025,本科批,综合,1288,江西师范大学,2,21,城乡规划,,不限,2,5,5220.0
海南,2025,本科批,综合,1288,江西师范大学,5,41,思想政治教育,,"政治,历史",2,4,4660.0
海南,2025,本科批,综合,1288,江西师范大学,2,22,文化产业管理,(文化策划与管理),不限,2,4,4660.0
海南,2025,本科批,综合,1288,江西师范大学,2,17,新闻传播学类,(包含专业:广告学、新闻学、广播电视学(网络视听新媒体)),不限,2,4,4660.0
海南,2025,本科批,综合,1288,江西师范大学,2,23,日语,(日英双语),不限,2,4,4660.0
海南,2025,本科批,综合,1288,江西师范大学,2,6,汉语国际教育,,不限,2,4,4380.0
海南,2025,本科批,综合,1288,江西师范大学,2,24,法语,(法英双语),不限,2,4,4660.0
海南,2025,本科批,综合,1288,江西师范大学,4,36,电子信息类,(包含专业:电子信息工程、通信工程、光电信息科学与工程),"物理,化学",2,4,5220.0
海南,2025,本科批,综合,1288,江西师范大学,2,12,经济学,(数字创新),不限,2,4,4660.0
海南,2025,本科批,综合,1288,江西师范大学,2,4,英语,,不限,2,4,4660.0
海南,2025,本科批,综合,1288,江西师范大学,2,18,行政管理,(数字治理),不限,2,4,4660.0
海南,2025,本科批,综合,1288,江西师范大学,4,38,过程装备与控制工程,,"物理,化学",2,4,4940.0
海南,2025,本科批,综合,1288,江西师范大学,2,2,汉语言文学,,不限,12,4,4380.0
海南,2025,本科批,综合,1288,江西师范大学,4,33,人工智能,,"物理,化学",1,4,5220.0
海南,2025,本科批,综合,1288,江西师范大学,2,7,公共事业管理,,不限,1,4,4660.0
海南,2025,本科批,综合,1288,江西师范大学,2,3,历史学类,(包含专业:历史学(师范)、文物与博物馆学),不限,1,4,4380.0
海南,2025,本科批,综合,1288,江西师范大学,2,8,学前教育,,不限,1,4,4660.0
海南,2025,本科批,综合,1288,江西师范大学,2,13,工商管理,(财税管理),不限,1,4,4660.0
海南,2025,本科批,综合,1288,江西师范大学,4,34,数据科学与大数据技术,,"物理,化学",1,4,5220.0
海南,2025,本科批,综合,1288,江西师范大学,4,39,生物工程,,"物理,化学",1,4,4940.0
海南,2025,本科批,综合,1288,江西师范大学,2,14,电子商务,(智能商务),不限,1,4,5220.0
海南,2025,本科批,综合,1288,江西师范大学,2,20,社会工作,(城乡治理),不限,1,4,4660.0
海南,2025,本科批,综合,1288,江西师范大学,2,19,行政管理,(应急治理),不限,1,4,4660.0
海南,2025,本科批,综合,1288,江西师范大学,4,31,计算机科学与技术,(师范),"物理,化学",1,4,5220.0
海南,2025,本科批,综合,1288,江西师范大学,4,32,计算机科学与技术,(非师范),"物理,化学",1,4,5220.0
海南,2025,本科提前批,综合,1288,江西师范大学,1,1,马克思主义理论,,"政治,历史",1,4,4660.0
海南,2025,本科批,综合,1343,江西师范大学科学技术学院,4,7,计算机科学与技术,,"物理,化学",3,4,14500.0
海南,2025,本科批,综合,1343,江西师范大学科学技术学院,4,8,人工智能,,"物理,化学",2,4,14500.0
海南,2025,本科批,综合,1343,江西师范大学科学技术学院,3,6,数字经济,,物理,2,4,14500.0
海南,2025,本科批,综合,1343,江西师范大学科学技术学院,2,4,电子商务,,不限,2,4,14500.0
海南,2025,本科批,综合,1343,江西师范大学科学技术学院,2,5,网络与新媒体,,不限,2,4,13000.0
海南,2025,本科批,综合,1343,江西师范大学科学技术学院,2,3,财务管理,,不限,2,4,13000.0
海南,2025,本科批,综合,1300,江西水利电力大学,80,14,土木工程,(中外合作办学),"物理,化学",4,4,16800.0
海南,2025,本科批,综合,1300,江西水利电力大学,2,7,水利水电工程,,"物理,化学",4,4,4530.0
海南,2025,本科批,综合,1300,江西水利电力大学,1,1,供应链管理,,不限,2,4,4270.0
海南,2025,本科批,综合,1300,江西水利电力大学,1,4,国际经济与贸易,,不限,2,4,4270.0
海南,2025,本科批,综合,1300,江西水利电力大学,2,9,土木工程,(建筑工程、地下工程),"物理,化学",2,4,4790.0
海南,2025,本科批,综合,1300,江西水利电力大学,1,3,审计学,,不限,2,4,4270.0
海南,2025,本科批,综合,1300,江西水利电力大学,1,5,法语,,不限,2,4,4270.0
海南,2025,本科批,综合,1300,江西水利电力大学,2,8,港口航道与海岸工程,,"物理,化学",2,4,4530.0
海南,2025,本科批,综合,1300,江西水利电力大学,2,11,电气工程及其自动化,,"物理,化学",2,4,4790.0
海南,2025,本科批,综合,1300,江西水利电力大学,2,10,给排水科学与工程,,"物理,化学",2,4,4790.0
海南,2025,本科批,综合,1300,江西水利电力大学,1,6,翻译,,不限,2,4,4270.0
海南,2025,本科批,综合,1300,江西水利电力大学,1,2,财务管理,,不限,2,4,4270.0
海南,2025,本科批,综合,1300,江西水利电力大学,2,12,通信工程,,"物理,化学",2,4,4790.0
海南,2025,本科批,综合,1300,江西水利电力大学,2,13,香料香精技术与工程,,"物理,化学",2,4,4530.0
海南,2025,专科批,综合,1370,江西水利职业学院,1,2,计算机应用技术,,不限,2,3,5000.0
海南,2025,专科批,综合,1370,江西水利职业学院,1,3,大数据与会计,,不限,1,3,5000.0
海南,2025,专科批,综合,1370,江西水利职业学院,1,1,水利水电建筑工程,,不限,1,3,5000.0
海南,2025,专科批,综合,1370,江西水利职业学院,1,4,电子商务,,不限,1,3,5000.0
海南,2025,专科批,综合,1308,江西司法警官职业学院,1,4,法律事务,,不限,8,3,5000.0
海南,2025,专科批,综合,1308,江西司法警官职业学院,1,2,司法信息技术,,不限,4,3,5000.0
海南,2025,专科批,综合,1308,江西司法警官职业学院,1,3,无人机应用技术,,不限,4,3,5000.0
海南,2025,专科批,综合,1308,江西司法警官职业学院,1,1,治安管理,,不限,4,3,5000.0
海南,2025,专科批,综合,1361,江西泰豪动漫职业学院,1,5,动漫制作技术,,不限,5,3,15000.0
海南,2025,专科批,综合,1361,江西泰豪动漫职业学院,1,4,电子商务,,不限,5,3,11200.0
海南,2025,专科批,综合,1361,江西泰豪动漫职业学院,1,1,计算机应用技术,,不限,5,3,12600.0
海南,2025,专科批,综合,1361,江西泰豪动漫职业学院,1,2,计算机网络技术,,不限,5,3,15000.0
海南,2025,专科批,综合,1361,江西泰豪动漫职业学院,1,3,软件技术,,不限,5,3,15000.0
海南,2025,专科批,综合,1327,江西外语外贸职业学院,1,5,应用韩语,,不限,3,3,
海南,2025,专科批,综合,1327,江西外语外贸职业学院,1,1,应用俄语,,不限,2,3,
海南,2025,专科批,综合,1327,江西外语外贸职业学院,1,6,应用德语,,不限,2,3,
海南,2025,专科批,综合,1327,江西外语外贸职业学院,1,2,应用日语,,不限,2,3,
海南,2025,专科批,综合,1327,江西外语外贸职业学院,1,7,应用法语,,不限,2,3,
海南,2025,专科批,综合,1327,江西外语外贸职业学院,1,4,应用阿拉伯语,,不限,2,3,
海南,2025,专科批,综合,1327,江西外语外贸职业学院,1,3,跨境电子商务,,不限,2,3,
海南,2025,专科批,综合,1378,江西婺源茶业职业学院,1,1,茶艺与茶文化,,不限,2,3,5000.0
海南,2025,专科批,综合,1320,江西现代职业技术学院,1,6,人工智能技术应用,,不限,3,3,6000.0
海南,2025,专科批,综合,1320,江西现代职业技术学院,1,3,广告艺术设计,,不限,3,3,6000.0
海南,2025,专科批,综合,1320,江西现代职业技术学院,1,1,现代物流管理,,不限,3,3,6000.0
海南,2025,专科批,综合,1320,江西现代职业技术学院,1,5,智能互联网络技术,,不限,2,3,6000.0
海南,2025,专科批,综合,1320,江西现代职业技术学院,1,2,电子商务,,不限,2,3,6000.0
海南,2025,专科批,综合,1320,江西现代职业技术学院,1,4,虚拟现实技术应用,,不限,2,3,6000.0
海南,2025,专科批,综合,1359,江西新能源科技职业学院,1,1,光伏工程技术,"(光伏发电)(学费如有变动,以正式批复为准)",不限,5,3,9800.0
海南,2025,专科批,综合,1359,江西新能源科技职业学院,1,6,新能源材料应用技术,"(学费如有变动,以正式批复为准)",不限,5,3,9180.0
海南,2025,专科批,综合,1359,江西新能源科技职业学院,1,3,新能源汽车技术,"(学费如有变动,以正式批复为准)",不限,5,3,9800.0
海南,2025,专科批,综合,1359,江西新能源科技职业学院,1,5,新能源装备技术,"(学费如有变动,以正式批复为准)",不限,5,3,9180.0
海南,2025,专科批,综合,1359,江西新能源科技职业学院,1,9,机电一体化技术,"(学费如有变动,以正式批复为准)",不限,5,3,9800.0
海南,2025,专科批,综合,1359,江西新能源科技职业学院,1,2,风力发电工程技术,"(学费如有变动,以正式批复为准)",不限,5,3,9180.0
海南,2025,专科批,综合,1359,江西新能源科技职业学院,1,17,人工智能技术应用,"(学费如有变动,以正式批复为准)",不限,3,3,9800.0
海南,2025,专科批,综合,1359,江西新能源科技职业学院,1,20,大数据与会计,"(学费如有变动,以正式批复为准)",不限,3,3,9800.0
海南,2025,专科批,综合,1359,江西新能源科技职业学院,1,24,学前教育,"(学费如有变动,以正式批复为准)",不限,3,3,9800.0
海南,2025,专科批,综合,1359,江西新能源科技职业学院,1,8,工业机器人技术,"(学费如有变动,以正式批复为准)",不限,3,3,9800.0
海南,2025,专科批,综合,1359,江西新能源科技职业学院,1,19,建筑室内设计,"(学费如有变动,以正式批复为准)",不限,3,3,9800.0
海南,2025,专科批,综合,1359,江西新能源科技职业学院,1,10,微电子技术,"(芯片设计与制造)(学费如有变动,以正式批复为准)",不限,3,3,9180.0
海南,2025,专科批,综合,1359,江西新能源科技职业学院,1,14,护理,"(学费如有变动,以正式批复为准)",不限,3,3,9800.0
海南,2025,专科批,综合,1359,江西新能源科技职业学院,1,7,智能机电技术,"(学费如有变动,以正式批复为准)",不限,3,3,9180.0
海南,2025,专科批,综合,1359,江西新能源科技职业学院,1,11,电子信息工程技术,"(学费如有变动,以正式批复为准)",不限,3,3,9180.0
海南,2025,专科批,综合,1359,江西新能源科技职业学院,1,15,计算机网络技术,"(2025年新设专业,学费暂定10680元/年,最终学费标准,以正式批复为准)",不限,3,3,
海南,2025,专科批,综合,1359,江西新能源科技职业学院,1,16,软件技术,"(学费如有变动,以正式批复为准)",不限,3,3,9800.0
海南,2025,专科批,综合,1359,江西新能源科技职业学院,1,21,高速铁路客运服务,"(学费如有变动,以正式批复为准)",不限,3,3,9180.0
海南,2025,专科批,综合,1359,江西新能源科技职业学院,1,12,健康大数据管理与服务,"(学费如有变动,以正式批复为准)",不限,2,3,9180.0
海南,2025,专科批,综合,1359,江西新能源科技职业学院,1,25,婴幼儿托育服务与管理,"(学费如有变动,以正式批复为准)",不限,2,3,9180.0
海南,2025,专科批,综合,1359,江西新能源科技职业学院,1,22,工程造价,"(学费如有变动,以正式批复为准)",不限,2,3,9800.0
海南,2025,专科批,综合,1359,江西新能源科技职业学院,1,23,数字媒体艺术设计,"(学费如有变动,以正式批复为准)",不限,2,3,9180.0
海南,2025,专科批,综合,1359,江西新能源科技职业学院,1,4,智能网联汽车技术,"(学费如有变动,以正式批复为准)",不限,2,3,9800.0
海南,2025,专科批,综合,1359,江西新能源科技职业学院,1,18,电子商务,"(学费如有变动,以正式批复为准)",不限,2,3,9800.0
海南,2025,专科批,综合,1359,江西新能源科技职业学院,1,13,老年保健与管理,"(学费如有变动,以正式批复为准)",不限,2,3,9180.0
海南,2025,专科批,综合,1316,江西信息应用职业技术学院,1,1,软件技术,,不限,2,3,5000.0
海南,2025,专科批,综合,1296,江西医学高等专科学校,1,3,护理,"(不招色弱、色盲及单色识别不全者；女生身高低于156cm慎报,男生身高低于165cm慎报)",不限,4,3,3915.0
海南,2025,专科批,综合,1296,江西医学高等专科学校,2,9,临床医学,(全科医学方向)(不招色弱、色盲及单色识别不全者),"物理,化学",2,3,5000.0
海南,2025,专科批,综合,1296,江西医学高等专科学校,2,11,临床医学,(医学美容方向)(不招色弱、色盲及单色识别不全者),"物理,化学",2,3,5000.0
海南,2025,专科批,综合,1296,江西医学高等专科学校,2,5,中医康复技术,(不招色弱、色盲及单色识别不全者),"物理,化学",1,3,3915.0
海南,2025,专科批,综合,1296,江西医学高等专科学校,2,8,临床医学,(不招色弱、色盲及单色识别不全者),"物理,化学",1,3,5000.0
海南,2025,专科批,综合,1296,江西医学高等专科学校,2,10,临床医学,(医学影像方向)(不招色弱、色盲及单色识别不全者),"物理,化学",1,3,5000.0
海南,2025,专科批,综合,1296,江西医学高等专科学校,2,12,临床医学,(病理方向)(不招色弱、色盲及单色识别不全者),"物理,化学",1,3,5000.0
海南,2025,专科批,综合,1296,江西医学高等专科学校,2,13,医学影像技术,(不招色弱、色盲及单色识别不全者),"物理,化学",1,3,3915.0
海南,2025,专科批,综合,1296,江西医学高等专科学校,2,4,医学生物技术,(不招色弱、色盲及单色识别不全者),"物理,化学",1,3,3915.0
海南,2025,专科批,综合,1296,江西医学高等专科学校,1,1,卫生信息管理,(不招色弱、色盲及单色识别不全者),不限,1,3,3915.0
海南,2025,专科批,综合,1296,江西医学高等专科学校,2,7,口腔医学,(不招色弱、色盲及单色识别不全者；惯用左手考生慎报),"物理,化学",1,3,5000.0
海南,2025,专科批,综合,1296,江西医学高等专科学校,2,15,康复治疗技术,(不招色弱、色盲及单色识别不全者),"物理,化学",1,3,3915.0
海南,2025,专科批,综合,1296,江西医学高等专科学校,1,2,智慧健康养老服务与管理,(不招色弱、色盲及单色识别不全者),不限,1,3,5000.0
海南,2025,专科批,综合,1296,江西医学高等专科学校,2,14,眼视光技术,(不招色弱、色盲及单色识别不全者),"物理,化学",1,3,3915.0
海南,2025,专科批,综合,1296,江西医学高等专科学校,2,6,预防医学,(不招色弱、色盲及单色识别不全者),"物理,化学",1,3,5000.0
海南,2025,专科批,综合,1319,江西应用技术职业学院,1,10,软件技术,,不限,2,3,5000.0
海南,2025,专科批,综合,1319,江西应用技术职业学院,1,2,储能材料技术,,不限,1,3,5000.0
海南,2025,专科批,综合,1319,江西应用技术职业学院,1,14,分析检验技术,(不招色盲、色弱),不限,1,3,5000.0
海南,2025,专科批,综合,1319,江西应用技术职业学院,1,3,宝玉石鉴定与加工,(不招色盲、色弱),不限,1,3,5000.0
海南,2025,专科批,综合,1319,江西应用技术职业学院,1,11,工程测量技术,,不限,1,3,5000.0
海南,2025,专科批,综合,1319,江西应用技术职业学院,1,5,新能源汽车技术,,不限,1,3,5000.0
海南,2025,专科批,综合,1319,江西应用技术职业学院,1,12,无人机应用技术,,不限,1,3,5000.0
海南,2025,专科批,综合,1319,江西应用技术职业学院,1,6,智能网联汽车技术,,不限,1,3,5000.0
海南,2025,专科批,综合,1319,江西应用技术职业学院,1,8,机械制造及自动化,,不限,1,3,5000.0
海南,2025,专科批,综合,1319,江西应用技术职业学院,1,1,水文与工程地质,,不限,1,3,5000.0
海南,2025,专科批,综合,1319,江西应用技术职业学院,1,7,汽车制造与试验技术,,不限,1,3,5000.0
海南,2025,专科批,综合,1319,江西应用技术职业学院,1,9,电子信息工程技术,,不限,1,3,5000.0
海南,2025,专科批,综合,1319,江西应用技术职业学院,1,4,矿物加工技术,(不招色盲、色弱),不限,1,3,5000.0
海南,2025,专科批,综合,1319,江西应用技术职业学院,1,13,稀土材料技术,,不限,1,3,5000.0
海南,2025,本科批,综合,1315,江西应用科技学院,1,1,会计学,,不限,3,4,23000.0
海南,2025,本科批,综合,1315,江西应用科技学院,2,2,电子信息工程,,"物理,化学",2,4,23000.0
海南,2025,专科批,综合,1315,江西应用科技学院,6,6,大数据与会计,,不限,2,3,13000.0
海南,2025,专科批,综合,1315,江西应用科技学院,6,7,大数据与财务管理,,不限,2,3,13000.0
海南,2025,专科批,综合,1304,江西职业技术大学,1,3,人力资源管理,,不限,2,3,5000.0
海南,2025,专科批,综合,1304,江西职业技术大学,1,1,智能制造装备技术,,不限,2,3,5000.0
海南,2025,专科批,综合,1304,江西职业技术大学,1,2,电子商务,,不限,2,3,5000.0
海南,2025,专科批,综合,1304,江西职业技术大学,1,4,软件技术,,不限,2,3,5000.0
海南,2025,专科批,综合,1304,江西职业技术大学,1,5,金融服务与管理,,不限,2,3,5000.0
海南,2025,专科批,综合,1351,江西制造职业技术学院,1,5,数字媒体技术,,不限,6,3,5600.0
海南,2025,专科批,综合,1351,江西制造职业技术学院,1,4,智能机电技术,,不限,6,3,5600.0
海南,2025,专科批,综合,1351,江西制造职业技术学院,1,2,机械制造及自动化,,不限,6,3,5600.0
海南,2025,专科批,综合,1351,江西制造职业技术学院,1,1,大数据与会计,,不限,4,3,5600.0
海南,2025,专科批,综合,1351,江西制造职业技术学院,1,6,新能源汽车技术,,不限,4,3,5600.0
海南,2025,专科批,综合,1351,江西制造职业技术学院,1,3,软件技术,,不限,4,3,5600.0
海南,2025,本科批,综合,1286,江西中医药大学,3,14,护理学,(不招色盲、色弱),生物,3,4,5220.0
海南,2025,本科批,综合,1286,江西中医药大学,1,3,中医学,(不招色盲、色弱),不限,2,5,5220.0
海南,2025,本科批,综合,1286,江西中医药大学,1,1,中医骨伤科学,(不招色盲、色弱),不限,2,5,5220.0
海南,2025,本科批,综合,1286,江西中医药大学,2,10,中药制药,(不招色盲、色弱),"物理,化学",2,4,5220.0
海南,2025,本科批,综合,1286,江西中医药大学,4,15,中西医临床医学,(不招色盲、色弱),"物理,生物",2,5,5220.0
海南,2025,本科批,综合,1286,江西中医药大学,1,8,保险学,,不限,2,4,4660.0
海南,2025,本科批,综合,1286,江西中医药大学,1,6,健康服务与管理,,不限,2,4,4660.0
海南,2025,本科批,综合,1286,江西中医药大学,1,5,公共事业管理,,不限,2,4,4660.0
海南,2025,本科批,综合,1286,江西中医药大学,2,11,药学,(不招色盲、色弱),"物理,化学",2,4,5220.0
海南,2025,本科批,综合,1286,江西中医药大学,2,12,计算机科学与技术,(不招色盲、色弱),"物理,化学",2,4,5220.0
海南,2025,本科批,综合,1286,江西中医药大学,1,2,针灸推拿学,(不招色盲、色弱),不限,2,5,5220.0
海南,2025,本科批,综合,1286,江西中医药大学,1,4,中医学,(5+3一体化)(不招色盲、色弱),不限,1,5,5220.0
海南,2025,本科批,综合,1286,江西中医药大学,2,13,医学影像技术,(不招色盲、色弱),"物理,化学",1,4,5220.0
海南,2025,本科批,综合,1286,江西中医药大学,1,7,市场营销,,不限,1,4,4660.0
海南,2025,本科批,综合,1286,江西中医药大学,1,9,应用心理学,(不招色盲、色弱),不限,1,4,4660.0
海南,2025,专科批,综合,2474,江阳城建职业学院,1,1,大数据与财务管理,,不限,6,3,13250.0
海南,2025,专科批,综合,2474,江阳城建职业学院,1,5,建筑装饰工程技术,,不限,6,3,13250.0
海南,2025,专科批,综合,2474,江阳城建职业学院,1,2,建设工程管理,,不限,6,3,13250.0
海南,2025,专科批,综合,2474,江阳城建职业学院,1,6,无人机应用技术,,不限,6,3,13250.0
海南,2025,专科批,综合,2474,江阳城建职业学院,1,7,智能控制技术,,不限,6,3,13250.0
海南,2025,专科批,综合,2474,江阳城建职业学院,1,8,机电一体化技术,,不限,6,3,13250.0
海南,2025,专科批,综合,2474,江阳城建职业学院,1,4,道路与桥梁工程技术,,不限,6,3,13250.0
海南,2025,专科批,综合,2474,江阳城建职业学院,1,3,工程测量技术,,不限,5,3,13250.0
海南,2025,专科批,综合,2474,江阳城建职业学院,1,9,工业机器人技术,,不限,3,3,13250.0
海南,2025,专科批,综合,1597,焦作大学,1,1,中文,,不限,5,3,3700.0
海南,2025,专科批,综合,1597,焦作大学,1,2,软件技术,,不限,5,3,4200.0
海南,2025,本科批,综合,814,金陵科技学院,1,1,国际经济与贸易,,不限,1,4,5200.0
海南,2025,本科批,综合,814,金陵科技学院,2,9,土木工程,,"物理,化学",1,4,5800.0
海南,2025,本科批,综合,814,金陵科技学院,1,6,城乡规划,,不限,1,4,5800.0
海南,2025,本科批,综合,814,金陵科技学院,2,11,宝石及材料工艺学,,"物理,化学",1,4,5800.0
海南,2025,本科批,综合,814,金陵科技学院,1,5,市场营销,,不限,1,4,5200.0
海南,2025,本科批,综合,814,金陵科技学院,2,10,数字媒体技术,,"物理,化学",1,4,5800.0
海南,2025,本科批,综合,814,金陵科技学院,2,8,机械设计制造及其自动化,,"物理,化学",1,4,5800.0
海南,2025,本科批,综合,814,金陵科技学院,1,2,汉语国际教育,,不限,1,4,5200.0
海南,2025,本科批,综合,814,金陵科技学院,1,3,物流管理,,不限,1,4,5200.0
海南,2025,本科批,综合,814,金陵科技学院,2,12,眼视光学,,"物理,化学",1,4,6800.0
海南,2025,本科批,综合,814,金陵科技学院,1,7,行政管理,,不限,1,4,5200.0
海南,2025,本科批,综合,814,金陵科技学院,1,4,金融学,,不限,1,4,5200.0
海南,2025,本科批,综合,452,锦州医科大学,1,1,临床医学,(体检要求详见院校招生章程),"物理,化学",4,5,5500.0
海南,2025,本科批,综合,452,锦州医科大学,80,6,护理学,(体检要求详见院校招生章程),"物理,化学",2,4,5500.0
海南,2025,本科批,综合,452,锦州医科大学,1,4,临床药学,(体检要求详见院校招生章程),"物理,化学",1,5,5500.0
海南,2025,本科批,综合,452,锦州医科大学,1,2,医学影像学,(体检要求详见院校招生章程),"物理,化学",1,5,5500.0
海南,2025,本科批,综合,452,锦州医科大学,1,3,口腔医学,(体检要求详见院校招生章程),"物理,化学",1,5,5500.0
海南,2025,本科批,综合,452,锦州医科大学,80,5,智能医学工程,(体检要求详见院校招生章程),"物理,化学",1,4,5200.0
海南,2025,本科批,综合,299,晋中学院,1,4,旅游管理,,不限,9,4,4950.0
海南,2025,本科批,综合,299,晋中学院,1,1,网络与新媒体,,不限,8,4,4500.0
海南,2025,本科批,综合,299,晋中学院,1,6,学前教育,,不限,7,4,4950.0
海南,2025,本科批,综合,299,晋中学院,2,9,思想政治教育,,政治,7,4,4500.0
海南,2025,本科批,综合,299,晋中学院,1,7,汉语言文学,,不限,7,4,4950.0
海南,2025,本科批,综合,299,晋中学院,1,2,英语,,不限,7,4,4950.0
海南,2025,本科批,综合,299,晋中学院,1,8,会展经济与管理,,不限,6,4,4500.0
海南,2025,本科批,综合,299,晋中学院,1,3,人力资源管理,,不限,5,4,4950.0
海南,2025,本科批,综合,299,晋中学院,1,5,酒店管理,,不限,12,4,4950.0
海南,2025,本科批,综合,1773,荆楚理工学院,1,1,应用物理学,,"物理,化学",4,4,4000.0
海南,2025,本科批,综合,1773,荆楚理工学院,1,2,植物科学与技术,,"物理,化学",3,4,3000.0
海南,2025,专科批,综合,1768,荆州理工职业学院,1,8,数字化设计与制造技术,,不限,5,3,5000.0
海南,2025,专科批,综合,1768,荆州理工职业学院,1,5,电子商务,,不限,5,3,5000.0
海南,2025,专科批,综合,1768,荆州理工职业学院,1,3,艺术设计,,不限,5,3,6500.0
海南,2025,专科批,综合,1768,荆州理工职业学院,1,2,计算机应用技术,,不限,5,3,5000.0
海南,2025,专科批,综合,1768,荆州理工职业学院,1,1,小学教育,,不限,4,3,5000.0
海南,2025,专科批,综合,1768,荆州理工职业学院,1,4,无人机应用技术,,不限,4,3,5000.0
海南,2025,专科批,综合,1768,荆州理工职业学院,1,7,学前教育,,不限,3,3,6500.0
海南,2025,专科批,综合,1768,荆州理工职业学院,1,6,工程造价,,不限,3,3,5000.0
海南,2025,专科批,综合,1768,荆州理工职业学院,1,10,智能光电技术应用,,不限,3,3,5000.0
海南,2025,专科批,综合,1768,荆州理工职业学院,1,9,现代文秘,,不限,3,3,5000.0
海南,2025,本科批,综合,1821,荆州学院,3,9,医学检验技术,,"物理,化学",2,4,21800.0
海南,2025,本科批,综合,1821,荆州学院,1,5,小学教育,,不限,2,4,20600.0
海南,2025,本科批,综合,1821,荆州学院,1,1,工商管理,,不限,2,4,18800.0
海南,2025,本科批,综合,1821,荆州学院,2,6,工程管理,,物理,2,4,19800.0
海南,2025,本科批,综合,1821,荆州学院,3,8,护理学,,"物理,化学",2,4,21800.0
海南,2025,本科批,综合,1821,荆州学院,3,7,智能建造,,"物理,化学",2,4,19800.0
海南,2025,本科批,综合,1821,荆州学院,1,4,英语,,不限,2,4,20600.0
海南,2025,本科批,综合,1821,荆州学院,3,11,计算机科学与技术,,"物理,化学",2,4,21700.0
海南,2025,本科批,综合,1821,荆州学院,1,2,财务管理,,不限,2,4,18800.0
海南,2025,本科批,综合,1821,荆州学院,1,3,跨境电子商务,,不限,2,4,18800.0
海南,2025,本科批,综合,1821,荆州学院,3,12,软件工程,,"物理,化学",2,4,19800.0
海南,2025,本科批,综合,1821,荆州学院,3,13,通信工程,,"物理,化学",2,4,19800.0
海南,2025,本科批,综合,1821,荆州学院,3,10,高分子材料与工程,,"物理,化学",2,4,19800.0
海南,2025,专科批,综合,1790,荆州职业技术学院,1,12,动物医学,,不限,5,3,5000.0
海南,2025,专科批,综合,1790,荆州职业技术学院,1,6,口腔医学技术,,不限,5,3,5000.0
海南,2025,专科批,综合,1790,荆州职业技术学院,1,5,大数据与会计,,不限,5,3,5000.0
海南,2025,专科批,综合,1790,荆州职业技术学院,1,20,大数据技术,,不限,5,3,5000.0
海南,2025,专科批,综合,1790,荆州职业技术学院,1,13,学前教育,,不限,5,3,6500.0
海南,2025,专科批,综合,1790,荆州职业技术学院,1,10,室内艺术设计,,不限,5,3,6500.0
海南,2025,专科批,综合,1790,荆州职业技术学院,1,21,广告艺术设计,,不限,5,3,6500.0
海南,2025,专科批,综合,1790,荆州职业技术学院,1,11,应用化工技术,,不限,5,3,5000.0
海南,2025,专科批,综合,1790,荆州职业技术学院,1,19,新能源汽车技术,,不限,5,3,5000.0
海南,2025,专科批,综合,1790,荆州职业技术学院,1,4,旅游管理,,不限,5,3,5000.0
海南,2025,专科批,综合,1790,荆州职业技术学院,1,16,机械装备制造技术,,不限,5,3,5000.0
海南,2025,专科批,综合,1790,荆州职业技术学院,1,17,模具设计与制造,,不限,5,3,5000.0
海南,2025,专科批,综合,1790,荆州职业技术学院,1,18,汽车制造与试验技术,,不限,5,3,5000.0
海南,2025,专科批,综合,1790,荆州职业技术学院,1,3,汽车技术服务与营销,,不限,5,3,5000.0
海南,2025,专科批,综合,1790,荆州职业技术学院,1,2,汽车检测与维修技术,,不限,5,3,5000.0
海南,2025,专科批,综合,1790,荆州职业技术学院,1,22,畜牧兽医,,不限,5,3,5000.0
海南,2025,专科批,综合,1790,荆州职业技术学院,1,9,计算机应用技术,,不限,5,3,5000.0
海南,2025,专科批,综合,1790,荆州职业技术学院,1,8,软件技术,,不限,5,3,5000.0
海南,2025,专科批,综合,1790,荆州职业技术学院,1,1,护理,,不限,15,3,5000.0
海南,2025,专科批,综合,1790,荆州职业技术学院,1,14,机电一体化技术,,不限,15,3,5000.0
海南,2025,专科批,综合,1790,荆州职业技术学院,1,15,工业机器人技术,,不限,10,3,5000.0
海南,2025,专科批,综合,1790,荆州职业技术学院,1,7,药学,,不限,10,3,5000.0
海南,2025,本科批,综合,1292,井冈山大学,5,7,汉语言文学,,不限,8,4,4010.0
海南,2025,本科批,综合,1292,井冈山大学,7,16,临床医学,(不招色盲、色弱),"物理,化学",6,5,4790.0
海南,2025,本科批,综合,1292,井冈山大学,7,19,计算机科学与技术,(不招收不能准确在显示器上识别红、黄、绿、兰、紫各颜色中任何一种颜色的数码、字母的考生),"物理,化学",6,4,4790.0
海南,2025,本科批,综合,1292,井冈山大学,7,15,口腔医学,(不招色盲、色弱),"物理,化学",4,5,4790.0
海南,2025,本科批,综合,1292,井冈山大学,5,5,小学教育,,不限,4,4,4270.0
海南,2025,本科批,综合,1292,井冈山大学,5,8,应用心理学,,不限,4,4,4270.0
海南,2025,本科批,综合,1292,井冈山大学,6,13,护理学,(不招色盲色弱),化学,4,4,4790.0
海南,2025,本科批,综合,1292,井冈山大学,5,11,旅游管理,,不限,4,4,4270.0
海南,2025,本科批,综合,1292,井冈山大学,5,12,社会工作,,不限,4,4,4270.0
海南,2025,本科批,综合,1292,井冈山大学,5,10,英语,,不限,4,4,4270.0
海南,2025,本科批,综合,1292,井冈山大学,7,18,预防医学,(不招色盲、色弱),"物理,化学",4,5,4790.0
海南,2025,本科批,综合,1292,井冈山大学,7,20,土木工程,,"物理,化学",2,4,4790.0
海南,2025,本科批,综合,1292,井冈山大学,5,9,广播电视编导,,不限,2,4,8800.0
海南,2025,本科批,综合,1292,井冈山大学,8,21,思想政治教育,,"政治,历史",2,4,4270.0
海南,2025,本科批,综合,1292,井冈山大学,5,6,汉语国际教育,,不限,2,4,4010.0
海南,2025,本科批,综合,1292,井冈山大学,7,17,药学,(不招色盲、色弱),"物理,化学",2,4,4790.0
海南,2025,本科批,综合,1292,井冈山大学,7,14,软件工程,,"物理,化学",2,4,4790.0
海南,2025,本科批,综合,1284,景德镇陶瓷大学,2,7,新能源材料与器件,,"物理,化学",1,4,4940.0
海南,2025,本科批,综合,1284,景德镇陶瓷大学,2,5,无机非金属材料工程,,"物理,化学",1,4,4940.0
海南,2025,本科批,综合,1284,景德镇陶瓷大学,2,6,机械设计制造及其自动化,,"物理,化学",1,4,4940.0
海南,2025,本科批,综合,1284,景德镇陶瓷大学,2,4,材料化学,,"物理,化学",1,4,4940.0
海南,2025,本科批,综合,1284,景德镇陶瓷大学,2,8,计算机科学与技术,,"物理,化学",1,4,5220.0
海南,2025,本科批,综合,1297,景德镇学院,2,3,数字人文,,不限,2,4,3650.0
海南,2025,本科批,综合,1297,景德镇学院,3,6,新能源汽车工程,,"物理,化学",2,4,4120.0
海南,2025,本科批,综合,1297,景德镇学院,5,8,汉语言文学,,历史,2,4,3650.0
海南,2025,本科批,综合,1297,景德镇学院,4,7,生物工程,,"物理,化学,生物",2,4,4120.0
海南,2025,本科批,综合,1297,景德镇学院,3,5,网络工程,,"物理,化学",2,4,4350.0
海南,2025,本科批,综合,1297,景德镇学院,2,4,风景园林,,不限,2,4,4120.0
海南,2025,本科批,综合,1340,景德镇艺术职业大学,3,7,大数据与财务管理,,不限,3,4,18000.0
海南,2025,本科批,综合,1340,景德镇艺术职业大学,4,9,计算机应用工程,,物理,3,4,19000.0
海南,2025,本科批,综合,1340,景德镇艺术职业大学,4,11,智能制造工程技术,,物理,2,4,19000.0
海南,2025,本科批,综合,1340,景德镇艺术职业大学,4,12,机械设计制造及自动化,,物理,2,4,19000.0
海南,2025,本科批,综合,1340,景德镇艺术职业大学,4,10,电子信息工程技术,,物理,2,4,19000.0
海南,2025,本科批,综合,1340,景德镇艺术职业大学,4,8,虚拟现实技术,,物理,2,4,19000.0
海南,2025,本科批,综合,1305,九江学院,4,4,会计学,,不限,3,4,4270.0
海南,2025,本科批,综合,1305,九江学院,5,7,工程造价,,物理,3,4,4270.0
海南,2025,本科批,综合,1305,九江学院,4,6,市场营销,,不限,3,4,4270.0
海南,2025,本科批,综合,1305,九江学院,6,9,机械设计制造及其自动化,,"物理,化学",3,4,4530.0
海南,2025,本科批,综合,1305,九江学院,6,8,电子信息工程,,"物理,化学",3,4,4790.0
海南,2025,本科批,综合,1305,九江学院,4,5,英语,,不限,3,4,4270.0
海南,2025,专科批,综合,1302,九江职业大学,3,5,护理,,不限,4,3,
海南,2025,专科批,综合,1302,九江职业大学,3,3,数字媒体技术,,不限,2,3,
海南,2025,专科批,综合,1302,九江职业大学,3,7,物联网应用技术,,不限,2,3,
海南,2025,专科批,综合,1302,九江职业大学,3,6,电气自动化技术,,不限,2,3,
海南,2025,专科批,综合,1302,九江职业大学,3,4,软件技术,,不限,2,3,
海南,2025,专科批,综合,836,九州职业技术学院,1,1,建筑装饰工程技术,,不限,1,3,15800.0
海南,2025,专科批,综合,836,九州职业技术学院,1,2,电子商务,,不限,1,3,14800.0
海南,2025,本科提前批(面试),综合,2952,军事航天部队航天工程大学,2,2,光电信息科学与工程,(光学测量与态势感知初级技术军官)(男生)(只招男生；通用标准合格),"物理,化学",2,4,
海南,2025,本科提前批(面试),综合,2952,军事航天部队航天工程大学,2,7,测控工程,(航天测控初级技术军官)(男生)(只招男生；通用标准合格),"物理,化学",2,4,
海南,2025,本科提前批(面试),综合,2952,军事航天部队航天工程大学,2,5,航天装备工程,(航天装备初级技术军官)(男生)(只招男生；通用标准合格),"物理,化学",2,4,
海南,2025,本科提前批(面试),综合,2952,军事航天部队航天工程大学,2,6,航天装备工程,(航天装备初级技术军官)(女生)(只招女生；通用标准合格),"物理,化学",2,4,
海南,2025,本科提前批(面试),综合,2952,军事航天部队航天工程大学,2,3,遥感科学与技术,(航天遥感初级指挥与技术军官)(女生)(只招女生；测绘岗位合格),"物理,化学",2,4,
海南,2025,本科提前批(面试),综合,2952,军事航天部队航天工程大学,2,4,飞行器动力工程,(航天动力初级技术军官)(男生)(只招男生；通用标准合格),"物理,化学",2,4,
海南,2025,本科提前批(面试),综合,2952,军事航天部队航天工程大学,1,1,大数据管理与应用,(数据管理初级技术军官)(男生)(只招男生；通用标准合格；考生投档成绩须达到部分特殊类型招生投档最低控制分数线),物理,1,4,
海南,2025,本科批,综合,2880,喀什大学,1,1,数学与应用数学,,"物理,化学",3,4,3500.0
海南,2025,本科批,综合,2880,喀什大学,2,2,思想政治教育,,政治,2,4,3100.0
海南,2025,专科批,综合,1590,开封大学,1,1,应用化工技术,,不限,5,3,4200.0
海南,2025,专科批,综合,1590,开封大学,1,2,新闻采编与制作,,不限,5,3,3700.0
海南,2025,本科批,综合,2510,凯里学院,2,3,城乡规划,,不限,5,4,4200.0
海南,2025,本科批,综合,2510,凯里学院,2,2,旅游管理,,不限,5,4,4100.0
海南,2025,本科批,综合,2510,凯里学院,3,4,食品科学与工程,(体检要求详见学校招生章程),"物理,化学",5,4,4200.0
海南,2025,本科提前批(面试),综合,2948,空军工程大学,1,1,飞行器动力工程,(航空机械、机电初级技术军官)(男生)(只招男生；通用标准合格),"物理,化学",4,4,
海南,2025,本科提前批(面试),综合,2948,空军工程大学,1,9,场站管理工程,(航空油料初级指挥军官)(男生)(只招男生；通用标准合格),"物理,化学",2,4,
海南,2025,本科提前批(面试),综合,2948,空军工程大学,1,7,导弹工程,(防空反导导弹及发射初级指挥与技术军官)(男生)(只招男生；导弹岗位合格),"物理,化学",2,4,
海南,2025,本科提前批(面试),综合,2948,空军工程大学,1,6,导航工程,(航空导航初级指挥与技术军官)(男生)(只招男生；通信导航岗位合格),"物理,化学",2,4,
海南,2025,本科提前批(面试),综合,2948,空军工程大学,1,12,探测制导与控制技术,(防空反导探测制导初级指挥与技术军官)(男生)(只招男生；导弹岗位合格),"物理,化学",2,4,
海南,2025,本科提前批(面试),综合,2948,空军工程大学,1,13,导弹工程,(航空弹药初级指挥与技术军官)(男生)(只招男生；通用标准合格),"物理,化学",1,4,
海南,2025,本科提前批(面试),综合,2948,空军工程大学,1,5,控制与领航,(航空兵指挥控制初级指挥军官)(男生)(只招男生；通用标准合格),"物理,化学",1,4,
海南,2025,本科提前批(面试),综合,2948,空军工程大学,1,11,无人装备工程,(无人机平台测控任务系统初级指挥与技术军官)(男生)(只招男生；通用标准合格),"物理,化学",1,4,
海南,2025,本科提前批(面试),综合,2948,空军工程大学,1,3,武器系统与工程,(航空军械初级技术军官)(男生)(只招男生；通用标准合格),"物理,化学",1,4,
海南,2025,本科提前批(面试),综合,2948,空军工程大学,1,4,电子信息工程,(航空电子信息初级技术军官)(男生)(只招男生；通用标准合格),"物理,化学",1,4,
海南,2025,本科提前批(面试),综合,2948,空军工程大学,1,2,电气工程及其自动化,(航空特设初级技术军官)(男生)(只招男生；通用标准合格),"物理,化学",1,4,
海南,2025,本科提前批(面试),综合,2948,空军工程大学,1,8,航空管制,(航空管制初级技术军官)(女生)(只招女生；通用标准合格),"物理,化学",1,4,
海南,2025,本科提前批(面试),综合,2948,空军工程大学,1,10,航空管制,(航空管制初级技术军官)(男生)(只招男生；通用标准合格),"物理,化学",1,4,
海南,2025,本科提前批,综合,2942,空军航空大学,1,1,飞行技术,"(航空飞行与指挥)(空军招飞)(男生8人、女生1人(女生在全国符合条件的考生中择优录取前30名)；培养中国人民解放军空军飞行学员,只招经空军招飞定选,政治考核、医学选拔、心理选拔合格且高考成绩达到本省“部分特殊类型招生投档最低控制分数线”以上的考生；根据海南省空军招飞计划,按照高考成绩达到本省“部分特殊类型招生投档最低控制分数线”36分以上,符合歼强机标准、心理选拔评定等级高的顺序录取)",物理,9,4,
海南,2025,本科提前批(面试),综合,2950,空军军医大学,1,1,临床医学,(临床通科医师)(男生)(只招男生；医疗卫生岗位合格),"物理,化学",7,4,
海南,2025,本科提前批(面试),综合,2950,空军军医大学,1,2,临床医学,(航空航天临床医师)(男生)(只招男生；医疗卫生岗位合格),"物理,化学",1,4,
海南,2025,本科提前批(面试),综合,2950,空军军医大学,1,4,临床医学,(临床通科医师)(女生)(只招女生；医疗卫生岗位合格),"物理,化学",1,4,
海南,2025,本科提前批(面试),综合,2950,空军军医大学,1,3,预防医学,(高级公共卫生医师)(男生)(只招男生；医疗卫生岗位合格),"物理,化学",1,4,
海南,2025,本科提前批(面试),综合,2949,空军预警学院,1,1,预警探测,(预警探测初级指挥军官)(男生)(只招男生；通用标准合格),"物理,化学",3,4,
海南,2025,本科提前批(面试),综合,2949,空军预警学院,1,2,空天防御指挥与控制工程,(空天防御初级指挥与技术军官)(男生)(只招男生；通用标准合格),"物理,化学",2,4,
海南,2025,本科批,综合,2619,昆明城市学院,1,10,会计学,,不限,6,4,22000.0
海南,2025,本科批,综合,2619,昆明城市学院,3,19,人工智能,,"物理,化学",5,4,22000.0
海南,2025,本科批,综合,2619,昆明城市学院,1,3,汉语言文学,,不限,5,4,22000.0
海南,2025,本科批,综合,2619,昆明城市学院,1,13,法学,,不限,5,4,22000.0
海南,2025,本科批,综合,2619,昆明城市学院,1,12,网络与新媒体,,不限,5,4,22000.0
海南,2025,本科批,综合,2619,昆明城市学院,3,17,计算机科学与技术,,"物理,化学",5,4,22000.0
海南,2025,本科批,综合,2619,昆明城市学院,2,15,工程造价,,物理,3,4,22000.0
海南,2025,本科批,综合,2619,昆明城市学院,1,14,城乡规划,,不限,2,4,22000.0
海南,2025,本科批,综合,2619,昆明城市学院,1,11,学前教育,,不限,2,4,22000.0
海南,2025,本科批,综合,2619,昆明城市学院,1,5,小学教育,,不限,2,4,22000.0
海南,2025,本科批,综合,2619,昆明城市学院,1,4,应用心理学,,不限,2,4,22000.0
海南,2025,本科批,综合,2619,昆明城市学院,2,16,数字经济,,物理,2,4,22000.0
海南,2025,本科批,综合,2619,昆明城市学院,3,20,数据科学与大数据技术,,"物理,化学",2,4,22000.0
海南,2025,本科批,综合,2619,昆明城市学院,3,18,物联网工程,,"物理,化学",2,4,22000.0
海南,2025,本科批,综合,2619,昆明城市学院,1,1,电子商务,,不限,2,4,22000.0
海南,2025,本科批,综合,2619,昆明城市学院,1,9,科学教育,,不限,2,4,22000.0
海南,2025,本科批,综合,2619,昆明城市学院,1,7,经济学,,不限,2,4,22000.0
海南,2025,本科批,综合,2619,昆明城市学院,1,6,英语,,不限,2,4,22000.0
海南,2025,本科批,综合,2619,昆明城市学院,1,8,财务管理,,不限,2,4,22000.0
海南,2025,本科批,综合,2619,昆明城市学院,1,2,金融学,,不限,2,4,22000.0
海南,2025,专科批,综合,2621,昆明传媒学院,13,20,全媒体广告策划与营销,,不限,1,3,19500.0
海南,2025,专科批,综合,2621,昆明传媒学院,13,17,数字媒体技术,,不限,1,3,19500.0
海南,2025,专科批,综合,2621,昆明传媒学院,13,19,融媒体技术与运营,,不限,1,3,19500.0
海南,2025,专科批,综合,2621,昆明传媒学院,13,18,视觉传达设计,,不限,1,3,19500.0
海南,2025,本科批,综合,2621,昆明传媒学院,8,10,网络工程,,"物理,化学",3,4,19500.0
海南,2025,本科批,综合,2621,昆明传媒学院,7,8,汉语言文学,,不限,2,4,19500.0
海南,2025,本科批,综合,2621,昆明传媒学院,7,7,网络与新媒体,,不限,2,4,19500.0
海南,2025,本科批,综合,2621,昆明传媒学院,7,9,小学教育,,不限,1,4,19500.0
海南,2025,本科批,综合,2582,昆明理工大学,3,5,机械工程,(机电工程学院),"物理,化学",6,4,5900.0
海南,2025,本科批,综合,2582,昆明理工大学,5,24,人工智能,,"物理,化学,生物",5,4,5000.0
海南,2025,本科批,综合,2582,昆明理工大学,3,11,交通工程,(交通学院),"物理,化学",4,4,5900.0
海南,2025,本科批,综合,2582,昆明理工大学,3,13,化学工程与工艺,,"物理,化学",4,4,5000.0
海南,2025,本科批,综合,2582,昆明理工大学,2,2,工业工程,,物理,4,4,5000.0
海南,2025,本科批,综合,2582,昆明理工大学,4,22,护理学,,"化学,生物",4,4,5000.0
海南,2025,本科批,综合,2582,昆明理工大学,2,3,数字经济,,物理,4,4,4500.0
海南,2025,本科批,综合,2582,昆明理工大学,3,6,机器人工程,,"物理,化学",4,4,5900.0
海南,2025,本科批,综合,2582,昆明理工大学,3,18,材料成型及控制工程,,"物理,化学",4,4,5000.0
海南,2025,本科批,综合,2582,昆明理工大学,3,8,物联网工程,,"物理,化学",4,4,5000.0
海南,2025,本科批,综合,2582,昆明理工大学,3,9,电气工程及其自动化,,"物理,化学",4,4,5000.0
海南,2025,本科批,综合,2582,昆明理工大学,5,23,自动化,,"物理,化学,生物",4,4,5000.0
海南,2025,本科批,综合,2582,昆明理工大学,3,12,资源环境科学,,"物理,化学",4,4,5000.0
海南,2025,本科批,综合,2582,昆明理工大学,3,7,通信工程,,"物理,化学",4,4,5000.0
海南,2025,本科批,综合,2582,昆明理工大学,3,17,食品科学与工程类,(包含专业:食品科学与工程、食品质量与安全),"物理,化学",4,4,5000.0
海南,2025,本科批,综合,2582,昆明理工大学,3,10,交通运输,(交通学院),"物理,化学",3,4,5000.0
海南,2025,本科批,综合,2582,昆明理工大学,3,16,土木工程,,"物理,化学",3,4,5000.0
海南,2025,本科批,综合,2582,昆明理工大学,3,15,给排水科学与工程,,"物理,化学",3,4,5000.0
海南,2025,本科批,综合,2582,昆明理工大学,3,14,轻化工程,,"物理,化学",3,4,5000.0
海南,2025,本科批,综合,2582,昆明理工大学,3,20,冶金工程,,"物理,化学",2,4,5900.0
海南,2025,本科批,综合,2582,昆明理工大学,2,4,工程管理,,物理,2,4,5000.0
海南,2025,本科批,综合,2582,昆明理工大学,3,19,电子信息工程,,"物理,化学",2,4,5000.0
海南,2025,本科批,综合,2582,昆明理工大学,1,1,英语,,不限,2,4,4200.0
海南,2025,本科批,综合,2582,昆明理工大学,3,21,计算机科学与技术,,"物理,化学",2,4,5900.0
海南,2025,本科批,综合,2623,昆明理工大学津桥学院,1,5,市场营销,,不限,4,4,22000.0
海南,2025,本科批,综合,2623,昆明理工大学津桥学院,1,6,文化产业管理,,不限,4,4,22000.0
海南,2025,本科批,综合,2623,昆明理工大学津桥学院,1,9,汉语国际教育,,不限,4,4,20000.0
海南,2025,本科批,综合,2623,昆明理工大学津桥学院,3,14,电子信息科学与技术,(不招色盲；不招收不能准确识别红、黄、绿、兰、紫各种颜色中任何一种颜色的导线、按键、信号灯、几何图形的考生),"物理,化学",4,4,22000.0
海南,2025,本科批,综合,2623,昆明理工大学津桥学院,3,17,自动化,(不招色盲；不招收不能准确识别红、黄、绿、兰、紫各种颜色中任何一种颜色的导线、按键、信号灯、几何图形的考生),"物理,化学",3,4,22000.0
海南,2025,本科批,综合,2623,昆明理工大学津桥学院,3,15,土木工程,,"物理,化学",2,4,22000.0
海南,2025,本科批,综合,2623,昆明理工大学津桥学院,1,2,城乡规划,(不招色盲、色弱；不招收不能准确识别红、黄、绿、兰、紫各种颜色中任何一种颜色的导线、按键、信号灯、几何图形的考生),不限,2,5,22000.0
海南,2025,本科批,综合,2623,昆明理工大学津桥学院,2,12,工程造价,,物理,2,4,22000.0
海南,2025,本科批,综合,2623,昆明理工大学津桥学院,3,16,水利水电工程,,"物理,化学",2,4,22000.0
海南,2025,本科批,综合,2623,昆明理工大学津桥学院,1,8,泰语,,不限,2,4,20000.0
海南,2025,本科批,综合,2623,昆明理工大学津桥学院,3,19,测绘工程,(不招色盲；不招收不能准确识别红、黄、绿、兰、紫各种颜色中任何一种颜色的导线、按键、信号灯、几何图形的考生),"物理,化学",2,4,22000.0
海南,2025,本科批,综合,2623,昆明理工大学津桥学院,3,18,电气工程及其自动化,(不招色盲；不招收不能准确识别红、黄、绿、兰、紫各种颜色中任何一种颜色的导线、按键、信号灯、几何图形的考生),"物理,化学",2,4,22000.0
海南,2025,本科批,综合,2623,昆明理工大学津桥学院,1,4,会计学,,不限,1,4,22000.0
海南,2025,本科批,综合,2623,昆明理工大学津桥学院,1,10,学前教育,,不限,1,4,20000.0
海南,2025,本科批,综合,2623,昆明理工大学津桥学院,1,3,工商管理,,不限,1,4,22000.0
海南,2025,本科批,综合,2623,昆明理工大学津桥学院,1,1,建筑学,(不招色盲、色弱；不招收不能准确识别红、黄、绿、兰、紫各种颜色中任何一种颜色的导线、按键、信号灯、几何图形的考生),不限,1,5,22000.0
海南,2025,本科批,综合,2623,昆明理工大学津桥学院,1,11,法学,,不限,1,4,22000.0
海南,2025,本科批,综合,2623,昆明理工大学津桥学院,1,7,英语,,不限,1,4,20000.0
海南,2025,本科批,综合,2623,昆明理工大学津桥学院,3,13,计算机科学与技术,(不招色盲；不招收不能准确识别红、黄、绿、兰、紫各种颜色中任何一种颜色的导线、按键、信号灯、几何图形的考生),"物理,化学",1,4,22000.0
海南,2025,本科批,综合,2622,昆明文理学院,3,10,土木工程,,"物理,化学",2,4,21000.0
海南,2025,本科批,综合,2622,昆明文理学院,1,6,城乡规划,,不限,2,4,21000.0
海南,2025,本科批,综合,2622,昆明文理学院,1,4,审计学,,不限,2,4,21000.0
海南,2025,本科批,综合,2622,昆明文理学院,1,5,小学教育,,不限,2,4,21000.0
海南,2025,本科批,综合,2622,昆明文理学院,1,2,工商管理,,不限,2,4,21000.0
海南,2025,本科批,综合,2622,昆明文理学院,2,7,工程造价,,物理,2,4,21000.0
海南,2025,本科批,综合,2622,昆明文理学院,1,3,旅游管理,,不限,2,4,21000.0
海南,2025,本科批,综合,2622,昆明文理学院,1,1,汉语言文学,,不限,2,4,21000.0
海南,2025,本科批,综合,2622,昆明文理学院,3,8,电子信息工程,,"物理,化学",2,4,21000.0
海南,2025,本科批,综合,2622,昆明文理学院,3,9,计算机科学与技术,,"物理,化学",2,4,21000.0
海南,2025,本科批,综合,2600,昆明学院,4,10,化学,,"物理,化学",2,4,5500.0
海南,2025,本科批,综合,2600,昆明学院,3,4,学前教育,,不限,2,4,4200.0
海南,2025,本科批,综合,2600,昆明学院,4,7,智能制造工程,,"物理,化学",2,4,5000.0
海南,2025,本科批,综合,2600,昆明学院,6,13,汉语言文学,,历史,2,4,4200.0
海南,2025,本科批,综合,2600,昆明学院,4,8,软件工程,,"物理,化学",2,4,5000.0
海南,2025,本科批,综合,2600,昆明学院,3,6,酒店管理,,不限,2,4,4500.0
海南,2025,本科批,综合,2600,昆明学院,5,11,临床医学,,"物理,化学,生物",1,5,5500.0
海南,2025,本科批,综合,2600,昆明学院,4,9,土木工程,,"物理,化学",1,4,5000.0
海南,2025,本科批,综合,2600,昆明学院,3,5,特殊教育,,不限,1,4,4200.0
海南,2025,本科批,综合,2600,昆明学院,5,12,药学,,"物理,化学,生物",1,4,5000.0
海南,2025,专科批,综合,2602,昆明冶金高等专科学校,3,8,应用化工技术,,"物理,化学,生物",3,3,5000.0
海南,2025,专科批,综合,2602,昆明冶金高等专科学校,3,7,环境工程技术,,"物理,化学,生物",3,3,5000.0
海南,2025,专科批,综合,2602,昆明冶金高等专科学校,2,5,硅材料制备技术,,"物理,化学",3,3,5000.0
海南,2025,专科批,综合,2602,昆明冶金高等专科学校,2,6,道路与桥梁工程技术,,"物理,化学",3,3,5000.0
海南,2025,专科批,综合,2602,昆明冶金高等专科学校,1,2,应用泰语,,不限,2,3,5000.0
海南,2025,专科批,综合,2602,昆明冶金高等专科学校,1,3,应用越南语,,不限,2,3,5000.0
海南,2025,专科批,综合,2602,昆明冶金高等专科学校,1,1,旅游管理,,不限,2,3,5000.0
海南,2025,专科批,综合,2602,昆明冶金高等专科学校,2,4,电力系统自动化技术,,"物理,化学",2,3,5000.0
海南,2025,本科批,综合,2585,昆明医科大学,1,1,临床医学,,"物理,化学",2,5,6000.0
海南,2025,本科批,综合,2585,昆明医科大学,1,9,康复治疗学,,"物理,化学",2,4,5500.0
海南,2025,本科批,综合,2585,昆明医科大学,1,7,临床药学,,"物理,化学",1,5,6000.0
海南,2025,本科批,综合,2585,昆明医科大学,1,3,医学影像学,,"物理,化学",1,5,5500.0
海南,2025,本科批,综合,2585,昆明医科大学,1,4,口腔医学,,"物理,化学",1,5,6000.0
海南,2025,本科批,综合,2585,昆明医科大学,1,5,法医学,,"物理,化学",1,5,5500.0
海南,2025,本科批,综合,2585,昆明医科大学,1,8,药学,,"物理,化学",1,5,5500.0
海南,2025,本科批,综合,2585,昆明医科大学,1,6,预防医学,,"物理,化学",1,5,6000.0
海南,2025,本科批,综合,2585,昆明医科大学,1,2,麻醉学,,"物理,化学",1,5,5500.0
海南,2025,本科批,综合,2620,昆明医科大学海源学院,2,4,临床医学,(不招色盲、色弱),"物理,化学",6,5,28000.0
海南,2025,本科批,综合,2620,昆明医科大学海源学院,2,5,口腔医学,(不招色盲、色弱),"物理,化学",4,5,28000.0
海南,2025,本科批,综合,2620,昆明医科大学海源学院,1,2,应用心理学,(不招色盲、色弱),不限,4,4,20000.0
海南,2025,本科批,综合,2620,昆明医科大学海源学院,3,13,护理学,(不招色盲、色弱),生物,3,4,24000.0
海南,2025,本科批,综合,2620,昆明医科大学海源学院,1,1,运动康复,,不限,3,4,20000.0
海南,2025,本科批,综合,2620,昆明医科大学海源学院,2,6,医学影像技术,(不招色盲、色弱),"物理,化学",2,4,25000.0
海南,2025,本科批,综合,2620,昆明医科大学海源学院,3,14,助产学,(不招色盲、色弱),生物,1,4,24000.0
海南,2025,本科批,综合,2620,昆明医科大学海源学院,2,7,医学检验技术,(不招色盲、色弱),"物理,化学",1,4,25000.0
海南,2025,本科批,综合,2620,昆明医科大学海源学院,1,3,医疗保险,,不限,1,4,20000.0
海南,2025,本科批,综合,2620,昆明医科大学海源学院,2,11,卫生检验与检疫,(不招色盲、色弱),"物理,化学",1,4,24000.0
海南,2025,本科批,综合,2620,昆明医科大学海源学院,2,9,康复治疗学,(不招色盲、色弱),"物理,化学",1,4,24000.0
海南,2025,本科批,综合,2620,昆明医科大学海源学院,2,12,生物医药数据科学,(不招色盲、色弱),"物理,化学",1,4,25000.0
海南,2025,本科批,综合,2620,昆明医科大学海源学院,2,10,眼视光学,(不招色盲、色弱),"物理,化学",1,4,24000.0
海南,2025,本科批,综合,2620,昆明医科大学海源学院,2,8,药学,(不招色盲、色弱),"物理,化学",1,4,24000.0
海南,2025,本科批,综合,2813,兰州博文科技学院,1,2,会计学,,不限,2,4,19000.0
海南,2025,本科批,综合,2813,兰州博文科技学院,2,3,大数据管理与应用,,物理,2,4,20000.0
海南,2025,本科批,综合,2813,兰州博文科技学院,3,5,机械设计制造及其自动化,,"物理,化学",2,4,20000.0
海南,2025,本科批,综合,2813,兰州博文科技学院,3,4,电气工程及其自动化,,"物理,化学",2,4,20000.0
海南,2025,本科批,综合,2813,兰州博文科技学院,1,1,财务管理,,不限,2,4,19000.0
海南,2025,本科批,综合,2813,兰州博文科技学院,3,6,网络工程,,"物理,化学",1,4,20000.0
海南,2025,本科批,综合,2795,兰州财经大学,1,9,人力资源管理,,不限,2,4,3800.0
海南,2025,本科批,综合,2795,兰州财经大学,3,24,人工智能,,"物理,化学",2,4,4500.0
海南,2025,本科批,综合,2795,兰州财经大学,1,1,会计学,,不限,2,4,3800.0
海南,2025,本科批,综合,2795,兰州财经大学,1,10,供应链管理,,不限,2,4,3800.0
海南,2025,本科批,综合,2795,兰州财经大学,1,5,保险学,,不限,2,4,3800.0
海南,2025,本科批,综合,2795,兰州财经大学,1,12,公共事业管理,,不限,2,4,3800.0
海南,2025,本科批,综合,2795,兰州财经大学,1,18,商务英语,,不限,2,4,4300.0
海南,2025,本科批,综合,2795,兰州财经大学,2,22,大数据管理与应用,,物理,2,4,3800.0
海南,2025,本科批,综合,2795,兰州财经大学,1,3,审计学,,不限,2,4,3800.0
海南,2025,本科批,综合,2795,兰州财经大学,1,7,工商管理,,不限,2,4,3800.0
海南,2025,本科批,综合,2795,兰州财经大学,1,8,市场营销,,不限,2,4,3800.0
海南,2025,本科批,综合,2795,兰州财经大学,2,23,房地产开发与管理,,物理,2,4,3800.0
海南,2025,本科批,综合,2795,兰州财经大学,1,6,投资学,,不限,2,4,3800.0
海南,2025,本科批,综合,2795,兰州财经大学,1,16,汉语言文学,,不限,2,4,3800.0
海南,2025,本科批,综合,2795,兰州财经大学,1,14,法学,,不限,2,4,3800.0
海南,2025,本科批,综合,2795,兰州财经大学,1,15,知识产权,,不限,2,4,3800.0
海南,2025,本科批,综合,2795,兰州财经大学,1,19,税收学,,不限,2,4,3800.0
海南,2025,本科批,综合,2795,兰州财经大学,1,11,经济学,,不限,2,4,3800.0
海南,2025,本科批,综合,2795,兰州财经大学,3,25,统计学,,"物理,化学",2,4,4300.0
海南,2025,本科批,综合,2795,兰州财经大学,1,17,翻译,,不限,2,4,4300.0
海南,2025,本科批,综合,2795,兰州财经大学,1,2,财务管理,,不限,2,4,3800.0
海南,2025,本科批,综合,2795,兰州财经大学,1,13,财政学,,不限,2,4,3800.0
海南,2025,本科批,综合,2795,兰州财经大学,1,4,金融学,,不限,2,4,3800.0
海南,2025,本科批,综合,2795,兰州财经大学,2,20,金融工程,,物理,2,4,3800.0
海南,2025,本科批,综合,2795,兰州财经大学,2,21,金融科技,,物理,2,4,3800.0
海南,2025,本科批,综合,2791,兰州城市学院,1,2,应用心理学,,不限,4,4,
海南,2025,本科批,综合,2791,兰州城市学院,1,8,城市管理,,不限,2,4,
海南,2025,本科批,综合,2791,兰州城市学院,1,1,学前教育,,不限,2,4,
海南,2025,本科批,综合,2791,兰州城市学院,1,5,审计学,,不限,2,4,
海南,2025,本科批,综合,2791,兰州城市学院,1,4,广播电视编导,,不限,2,4,
海南,2025,本科批,综合,2791,兰州城市学院,1,3,网络与新媒体,,不限,2,4,
海南,2025,本科批,综合,2791,兰州城市学院,1,6,财务管理,,不限,2,4,
海南,2025,本科批,综合,2791,兰州城市学院,1,7,酒店管理,,不限,2,4,
海南,2025,本科批,综合,2785,兰州大学,2,4,计算机类,(含基地班)(包含专业:计算机科学与技术、数据科学与大数据技术),"物理,化学",3,4,5800.0
海南,2025,本科批,综合,2785,兰州大学,2,7,化学工程与工艺,,"物理,化学",2,4,5800.0
海南,2025,本科批,综合,2785,兰州大学,1,3,工商管理类,(含基地班)(包含专业:行政管理、会计学、人力资源管理、信息管理与信息系统),不限,2,4,5500.0
海南,2025,本科批,综合,2785,兰州大学,2,8,应用气象学,(智慧气象创新班),"物理,化学",2,4,5800.0
海南,2025,本科批,综合,2785,兰州大学,3,9,政治学类,(包含专业:政治学与行政学、国际政治),政治,2,4,5500.0
海南,2025,本科批,综合,2785,兰州大学,1,2,法学,,不限,2,4,5500.0
海南,2025,本科批,综合,2785,兰州大学,2,6,统计学,,"物理,化学",2,4,5800.0
海南,2025,本科批,综合,2785,兰州大学,1,1,英语,,不限,2,4,5500.0
海南,2025,本科批,综合,2785,兰州大学,2,5,辐射防护与核安全,,"物理,化学",2,4,5800.0
海南,2025,本科批,综合,2785,兰州大学,3,10,马克思主义理论类,(包含专业:思想政治教育、马克思主义理论),政治,2,4,5500.0
海南,2025,本科批,综合,2812,兰州工商学院,2,4,旅游管理,(数智文旅方向),"历史,地理",4,4,21000.0
海南,2025,本科批,综合,2812,兰州工商学院,1,2,风景园林,,不限,3,4,23000.0
海南,2025,本科批,综合,2812,兰州工商学院,1,3,会计学,(数智会计方向),不限,2,4,25000.0
海南,2025,本科批,综合,2812,兰州工商学院,1,1,养老服务管理,,不限,2,4,21000.0
海南,2025,本科批,综合,2787,兰州交通大学,1,2,交通工程,,"物理,化学",2,4,4700.0
海南,2025,本科批,综合,2787,兰州交通大学,1,1,交通运输,(不招色盲),"物理,化学",2,4,4700.0
海南,2025,本科批,综合,2787,兰州交通大学,1,7,电气工程及其自动化,,"物理,化学",2,4,4700.0
海南,2025,本科批,综合,2787,兰州交通大学,1,3,给排水科学与工程,,"物理,化学",2,4,4700.0
海南,2025,本科批,综合,2787,兰州交通大学,1,6,车辆工程,,"物理,化学",2,4,4700.0
海南,2025,本科批,综合,2787,兰州交通大学,1,5,道路桥梁与渡河工程,,"物理,化学",2,4,4700.0
海南,2025,本科批,综合,2787,兰州交通大学,1,4,铁道工程,,"物理,化学",2,4,4700.0
海南,2025,本科批,综合,2787,兰州交通大学,1,11,土木工程,(茅以升班),"物理,化学",1,4,4700.0
海南,2025,本科批,综合,2787,兰州交通大学,1,10,给排水科学与工程,(茅以升班),"物理,化学",1,4,4700.0
海南,2025,本科批,综合,2787,兰州交通大学,1,8,自动化,,"物理,化学",1,4,4700.0
海南,2025,本科批,综合,2787,兰州交通大学,1,12,自动化,(茅以升班),"物理,化学",1,4,4700.0
海南,2025,本科批,综合,2787,兰州交通大学,1,9,轨道交通信号与控制,,"物理,化学",1,4,4700.0
海南,2025,本科批,综合,2786,兰州理工大学,2,5,机械设计制造及其自动化,,"物理,化学",6,4,4700.0
海南,2025,本科批,综合,2786,兰州理工大学,2,8,新能源科学与工程,,"物理,化学",4,4,4700.0
海南,2025,本科批,综合,2786,兰州理工大学,2,4,高分子材料与工程,,"物理,化学",4,4,4700.0
海南,2025,本科批,综合,2786,兰州理工大学,2,13,工程管理,,"物理,化学",3,4,4700.0
海南,2025,本科批,综合,2786,兰州理工大学,2,7,水利水电工程,,"物理,化学",3,4,4700.0
海南,2025,本科批,综合,2786,兰州理工大学,2,14,测绘工程,,"物理,化学",3,4,4700.0
海南,2025,本科批,综合,2786,兰州理工大学,2,10,电气工程及其自动化,,"物理,化学",3,4,4700.0
海南,2025,本科批,综合,2786,兰州理工大学,2,6,能源与动力工程,,"物理,化学",3,4,4700.0
海南,2025,本科批,综合,2786,兰州理工大学,2,11,计算机科学与技术,,"物理,化学",3,4,4700.0
海南,2025,本科批,综合,2786,兰州理工大学,2,9,过程装备与控制工程,,"物理,化学",3,4,4700.0
海南,2025,本科批,综合,2786,兰州理工大学,2,12,建筑环境与能源应用工程,,"物理,化学",2,4,4700.0
海南,2025,本科批,综合,2786,兰州理工大学,2,3,材料成型及控制工程,,"物理,化学",2,4,4700.0
海南,2025,本科批,综合,2786,兰州理工大学,1,2,法学,,不限,2,4,4000.0
海南,2025,本科批,综合,2786,兰州理工大学,2,15,给排水科学与工程,,"物理,化学",2,4,4700.0
海南,2025,本科批,综合,2786,兰州理工大学,1,1,财务管理,,不限,2,4,4000.0
海南,2025,本科批,综合,2835,兰州石化职业技术大学,1,1,人工智能工程技术,,物理,1,4,6500.0
海南,2025,本科批,综合,2835,兰州石化职业技术大学,2,2,安全工程技术,,"物理,化学",1,4,6500.0
海南,2025,专科批,综合,2835,兰州石化职业技术大学,3,9,热能动力工程技术,,不限,4,3,4500.0
海南,2025,专科批,综合,2835,兰州石化职业技术大学,3,8,安全技术与管理,,不限,2,3,4500.0
海南,2025,专科批,综合,2835,兰州石化职业技术大学,3,6,新能源汽车技术,,不限,2,3,4500.0
海南,2025,专科批,综合,2835,兰州石化职业技术大学,3,7,材料工程技术,,不限,2,3,4500.0
海南,2025,专科批,综合,2835,兰州石化职业技术大学,3,4,电气自动化技术,,不限,2,3,4500.0
海南,2025,专科批,综合,2835,兰州石化职业技术大学,3,3,石油化工技术,,不限,2,3,4500.0
海南,2025,专科批,综合,2835,兰州石化职业技术大学,3,5,油气储运技术,,不限,1,3,4500.0
海南,2025,本科批,综合,2800,兰州文理学院,1,1,汉语言文学,,不限,3,4,
海南,2025,本科批,综合,2800,兰州文理学院,2,2,电子信息工程,,"物理,化学",3,4,
海南,2025,本科批,综合,2814,兰州信息科技学院,1,1,财务管理,(数智财务方向),不限,6,4,22000.0
海南,2025,本科批,综合,170,廊坊师范学院,2,2,法学,,不限,4,4,4600.0
海南,2025,本科批,综合,170,廊坊师范学院,2,3,社会工作,,不限,4,4,4600.0
海南,2025,本科批,综合,170,廊坊师范学院,2,7,历史学,(师范类),不限,3,4,4600.0
海南,2025,本科批,综合,170,廊坊师范学院,2,4,国际经济与贸易,,不限,3,4,4600.0
海南,2025,本科批,综合,170,廊坊师范学院,2,5,学前教育,(师范类),不限,3,4,4600.0
海南,2025,本科批,综合,170,廊坊师范学院,2,6,财务管理,,不限,3,4,4600.0
海南,2025,专科批,综合,261,廊坊卫生职业学院,1,2,护理,,不限,10,3,5000.0
海南,2025,专科批,综合,261,廊坊卫生职业学院,1,1,药品经营与管理,,不限,10,3,5000.0
海南,2025,专科批,综合,223,廊坊职业技术学院,1,1,建筑室内设计,,不限,10,3,5000.0
海南,2025,本科批,综合,2381,乐山师范学院,1,1,网络与新媒体,,不限,7,4,5520.0
海南,2025,本科批,综合,2381,乐山师范学院,1,2,旅游管理,,不限,5,4,5520.0
海南,2025,专科批,综合,1209,黎明职业大学,1,1,建筑室内设计,,不限,2,3,6000.0
海南,2025,专科批,综合,1209,黎明职业大学,1,5,旅游管理,,不限,2,3,6000.0
海南,2025,专科批,综合,1209,黎明职业大学,1,2,智能控制技术,,不限,2,3,6000.0
海南,2025,专科批,综合,1209,黎明职业大学,1,3,汽车智能技术,,不限,2,3,6000.0
海南,2025,专科批,综合,1209,黎明职业大学,1,4,通用航空器维修,,不限,2,3,6000.0
海南,2025,本科批,综合,2618,丽江文化旅游学院,2,11,财务管理,,不限,8,4,21500.0
海南,2025,本科批,综合,2618,丽江文化旅游学院,4,31,软件工程,(专业培养模式详见学校招生章程),"物理,化学",8,4,22500.0
海南,2025,本科批,综合,2618,丽江文化旅游学院,2,14,酒店管理,,不限,8,4,21500.0
海南,2025,本科批,综合,2618,丽江文化旅游学院,3,26,助产学,,化学,6,4,24000.0
海南,2025,本科批,综合,2618,丽江文化旅游学院,2,22,学前教育,,不限,6,4,21000.0
海南,2025,本科批,综合,2618,丽江文化旅游学院,4,30,物联网工程,,"物理,化学",6,4,22000.0
海南,2025,本科批,综合,2618,丽江文化旅游学院,4,27,电子信息工程,,"物理,化学",6,4,22000.0
海南,2025,本科批,综合,2618,丽江文化旅游学院,4,33,药学,,"物理,化学",6,4,24000.0
海南,2025,本科批,综合,2618,丽江文化旅游学院,4,29,计算机科学与技术,,"物理,化学",6,4,22000.0
海南,2025,本科批,综合,2618,丽江文化旅游学院,2,12,审计学,,不限,5,4,21500.0
海南,2025,本科批,综合,2618,丽江文化旅游学院,2,15,英语,,不限,5,4,21000.0
海南,2025,本科批,综合,2618,丽江文化旅游学院,2,19,新闻学,,不限,4,4,21000.0
海南,2025,本科批,综合,2618,丽江文化旅游学院,2,20,秘书学,,不限,4,4,21000.0
海南,2025,本科批,综合,2618,丽江文化旅游学院,2,21,网络与新媒体,,不限,4,4,21000.0
海南,2025,本科批,综合,2618,丽江文化旅游学院,2,16,日语,,不限,3,4,21000.0
海南,2025,本科批,综合,2618,丽江文化旅游学院,2,24,汉语国际教育,,不限,3,4,21000.0
海南,2025,本科批,综合,2618,丽江文化旅游学院,2,18,汉语言文学,,不限,3,4,21000.0
海南,2025,本科批,综合,2618,丽江文化旅游学院,2,8,经济学,,不限,3,4,21500.0
海南,2025,本科批,综合,2618,丽江文化旅游学院,2,9,国际经济与贸易,,不限,2,4,21500.0
海南,2025,本科批,综合,2618,丽江文化旅游学院,2,10,金融学,,不限,2,4,21500.0
海南,2025,本科批,综合,2618,丽江文化旅游学院,2,17,会计学,,不限,15,4,21500.0
海南,2025,本科批,综合,2618,丽江文化旅游学院,3,25,护理学,,化学,12,4,24000.0
海南,2025,本科批,综合,2618,丽江文化旅游学院,4,28,数据科学与大数据技术,(专业培养模式详见学校招生章程),"物理,化学",12,4,22500.0
海南,2025,本科批,综合,2618,丽江文化旅游学院,4,32,人工智能,(专业培养模式详见学校招生章程),"物理,化学",10,4,22500.0
海南,2025,本科批,综合,2618,丽江文化旅游学院,2,23,小学教育,,不限,10,4,21000.0
海南,2025,本科批,综合,2618,丽江文化旅游学院,2,13,旅游管理,,不限,10,4,21500.0
海南,2025,专科批,综合,816,连云港职业技术学院,1,2,计算机应用技术,,不限,3,3,5300.0
海南,2025,专科批,综合,816,连云港职业技术学院,1,1,市场营销,,不限,2,3,4700.0
海南,2025,本科批,综合,520,辽宁财贸学院,1,12,会计学,,不限,50,4,26800.0
海南,2025,本科批,综合,520,辽宁财贸学院,1,10,审计学,,不限,32,4,26800.0
海南,2025,本科批,综合,520,辽宁财贸学院,1,4,互联网金融,,不限,25,4,26800.0
海南,2025,本科批,综合,520,辽宁财贸学院,1,3,国际经济与贸易,,不限,25,4,26800.0
海南,2025,本科批,综合,520,辽宁财贸学院,1,5,经济学,,不限,25,4,26800.0
海南,2025,本科批,综合,520,辽宁财贸学院,1,1,财务管理,,不限,25,4,26800.0
海南,2025,本科批,综合,520,辽宁财贸学院,1,2,贸易经济,,不限,25,4,26800.0
海南,2025,本科批,综合,520,辽宁财贸学院,1,11,人力资源管理,,不限,20,4,26800.0
海南,2025,本科批,综合,520,辽宁财贸学院,1,8,物流管理,,不限,20,4,26800.0
海南,2025,本科批,综合,520,辽宁财贸学院,1,7,电子商务,,不限,10,4,26800.0
海南,2025,本科批,综合,520,辽宁财贸学院,1,9,行政管理,,不限,10,4,26800.0
海南,2025,本科批,综合,520,辽宁财贸学院,1,6,跨境电子商务,,不限,10,4,26800.0
海南,2025,本科批,综合,434,辽宁大学,2,7,国际经济与贸易,,不限,3,4,5980.0
海南,2025,本科批,综合,434,辽宁大学,2,5,工商管理类,(包含专业:工商管理、人力资源管理、市场营销),不限,3,4,5980.0
海南,2025,本科批,综合,434,辽宁大学,2,6,新闻学,,不限,3,4,4800.0
海南,2025,本科批,综合,434,辽宁大学,2,4,会计学,,不限,2,4,5980.0
海南,2025,本科批,综合,434,辽宁大学,2,3,档案学,,不限,2,4,5200.0
海南,2025,国家专项,综合,434,辽宁大学,1,1,档案学,,不限,1,4,5200.0
海南,2025,国家专项,综合,434,辽宁大学,1,2,英语,,不限,1,4,5980.0
海南,2025,本科批,综合,472,辽宁对外经贸学院,1,11,物流管理,,不限,8,4,30000.0
海南,2025,本科批,综合,472,辽宁对外经贸学院,1,2,电子商务,,不限,8,4,30000.0
海南,2025,本科批,综合,472,辽宁对外经贸学院,1,10,养老服务管理,,不限,7,4,30000.0
海南,2025,本科批,综合,472,辽宁对外经贸学院,1,7,市场营销,,不限,7,4,30000.0
海南,2025,本科批,综合,472,辽宁对外经贸学院,1,9,人力资源管理,,不限,4,4,30000.0
海南,2025,本科批,综合,472,辽宁对外经贸学院,1,4,会展经济与管理,,不限,4,4,30000.0
海南,2025,本科批,综合,472,辽宁对外经贸学院,1,8,旅游管理,,不限,4,4,30000.0
海南,2025,本科批,综合,472,辽宁对外经贸学院,1,5,会计学,,不限,12,4,30000.0
海南,2025,本科批,综合,472,辽宁对外经贸学院,1,3,国际经济与贸易,,不限,12,4,30000.0
海南,2025,本科批,综合,472,辽宁对外经贸学院,1,6,金融学,,不限,12,4,30000.0
海南,2025,本科批,综合,472,辽宁对外经贸学院,2,12,信息管理与信息系统,,物理,11,4,30000.0
海南,2025,本科批,综合,472,辽宁对外经贸学院,1,1,财务管理,,不限,11,4,30000.0
海南,2025,本科批,综合,440,辽宁科技大学,1,1,国际经济与贸易,,不限,4,4,5200.0
海南,2025,本科批,综合,440,辽宁科技大学,1,2,工商管理,,不限,3,4,5200.0
海南,2025,本科批,综合,440,辽宁科技大学,1,3,市场营销,,不限,2,4,5200.0
海南,2025,本科批,综合,440,辽宁科技大学,2,11,智能制造工程,,"物理,化学",2,4,5200.0
海南,2025,本科批,综合,440,辽宁科技大学,2,6,材料成型及控制工程,,"物理,化学",2,4,5200.0
海南,2025,本科批,综合,440,辽宁科技大学,2,7,材料科学与工程,,"物理,化学",2,4,5200.0
海南,2025,本科批,综合,440,辽宁科技大学,2,12,能源与动力工程,,"物理,化学",2,4,5200.0
海南,2025,本科批,综合,440,辽宁科技大学,2,13,自动化,,"物理,化学",2,4,5200.0
海南,2025,本科批,综合,440,辽宁科技大学,2,14,储能科学与工程,,"物理,化学",1,4,5200.0
海南,2025,本科批,综合,440,辽宁科技大学,2,10,冶金工程,,"物理,化学",1,4,5200.0
海南,2025,本科批,综合,440,辽宁科技大学,2,9,化学工程与工艺,,"物理,化学",1,4,5200.0
海南,2025,本科批,综合,440,辽宁科技大学,1,5,建筑学,,不限,1,5,5200.0
海南,2025,本科批,综合,440,辽宁科技大学,2,8,机械设计制造及其自动化,,"物理,化学",1,4,5200.0
海南,2025,本科批,综合,440,辽宁科技大学,1,4,法学,,不限,1,4,4800.0
海南,2025,本科批,综合,457,辽宁师范大学,1,1,旅游管理,,不限,2,4,5200.0
海南,2025,本科批,综合,442,辽宁石油化工大学,1,4,海洋油气工程,,"物理,化学",5,4,5200.0
海南,2025,本科批,综合,442,辽宁石油化工大学,1,1,机械设计制造及其自动化,,"物理,化学",4,4,5200.0
海南,2025,本科批,综合,442,辽宁石油化工大学,1,11,计算机科学与技术,(不招单色识别不全者),"物理,化学",4,4,5200.0
海南,2025,本科批,综合,442,辽宁石油化工大学,1,9,精细化工,(不招色弱、色盲、单色识别不全者),"物理,化学",3,4,5200.0
海南,2025,本科批,综合,442,辽宁石油化工大学,1,7,材料成型及控制工程,,"物理,化学",2,4,5200.0
海南,2025,本科批,综合,442,辽宁石油化工大学,1,6,油气储运工程,(卓越计划班)(不招色盲、单色识别不全者),"物理,化学",2,4,5200.0
海南,2025,本科批,综合,442,辽宁石油化工大学,1,2,测控技术与仪器,,"物理,化学",2,4,5200.0
海南,2025,本科批,综合,442,辽宁石油化工大学,1,12,电气工程及其自动化,,"物理,化学",2,4,5200.0
海南,2025,本科批,综合,442,辽宁石油化工大学,80,10,电气工程及其自动化,(中外合作办学)(只招收有专业志愿考生),"物理,化学",2,4,35000.0
海南,2025,本科批,综合,442,辽宁石油化工大学,1,5,石油工程,,"物理,化学",2,4,5200.0
海南,2025,本科批,综合,442,辽宁石油化工大学,1,8,自动化,,"物理,化学",2,4,5200.0
海南,2025,本科批,综合,442,辽宁石油化工大学,1,3,化学工程与工艺,(卓越计划班)(不招色弱、色盲、单色识别不全者),"物理,化学",1,4,5200.0
海南,2025,本科批,综合,454,辽宁中医药大学,2,5,中药制药,(不招色盲、色弱；大连校区(第一学年本溪校区就读)),"物理,化学",2,4,5500.0
海南,2025,本科批,综合,454,辽宁中医药大学,2,3,中药学,(不招色盲、色弱；大连校区(第一学年本溪校区就读)),"物理,化学",2,4,5500.0
海南,2025,本科批,综合,454,辽宁中医药大学,1,1,公共事业管理,(沈阳校区(第一学年本溪校区就读)),不限,2,4,5200.0
海南,2025,本科批,综合,454,辽宁中医药大学,1,2,英语,(沈阳校区(第一学年本溪校区就读)),不限,2,4,4600.0
海南,2025,本科批,综合,454,辽宁中医药大学,2,4,药物制剂,(不招色盲、色弱；大连校区(第一学年本溪校区就读)),"物理,化学",2,4,5500.0
海南,2025,本科批,综合,516,辽宁中医药大学杏林学院,1,1,针灸推拿学,(不招色盲、色弱),"物理,化学",6,5,29000.0
海南,2025,本科批,综合,516,辽宁中医药大学杏林学院,1,2,中西医临床医学,(不招色盲、色弱),"物理,化学",14,5,29000.0
海南,2025,本科批,综合,516,辽宁中医药大学杏林学院,1,3,中医学,(不招色盲、色弱),"物理,化学",12,5,29000.0
海南,2025,本科批,综合,1416,聊城大学,2,2,应用心理学,,不限,3,4,5500.0
海南,2025,本科批,综合,1416,聊城大学,3,5,材料科学与工程,,"物理,化学",3,4,6300.0
海南,2025,本科批,综合,1416,聊城大学,4,7,汉语言文学,,历史,3,4,5200.0
海南,2025,本科批,综合,1416,聊城大学,3,4,生物科学,,"物理,化学",3,4,6600.0
海南,2025,本科批,综合,1416,聊城大学,2,3,行政管理,,不限,3,4,6300.0
海南,2025,本科批,综合,1416,聊城大学,3,6,食品科学与工程,,"物理,化学",2,4,5500.0
海南,2025,本科批,综合,1508,聊城大学东昌学院,1,1,汉语言文学,,不限,5,4,15000.0
海南,2025,专科批,综合,323,临汾职业技术学院,1,1,康复治疗技术,,不限,8,3,5200.0
海南,2025,专科批,综合,323,临汾职业技术学院,1,4,医学影像技术,,不限,5,3,5200.0
海南,2025,专科批,综合,323,临汾职业技术学院,1,3,医学检验技术,(不招色盲、色弱),不限,3,3,5200.0
海南,2025,专科批,综合,323,临汾职业技术学院,1,2,护理,(不招色盲、色弱),不限,1,3,5200.0
海南,2025,本科批,综合,2040,岭南师范学院,2,6,社会工作,,不限,4,4,5050.0
海南,2025,本科批,综合,2040,岭南师范学院,4,13,化学,(师范)(不招色盲、色弱),"物理,化学",3,4,5710.0
海南,2025,本科批,综合,2040,岭南师范学院,2,7,商务英语,,不限,3,4,5710.0
海南,2025,本科批,综合,2040,岭南师范学院,2,5,国际经济与贸易,,不限,3,4,5050.0
海南,2025,本科批,综合,2040,岭南师范学院,4,9,应用物理学,(不招色盲),"物理,化学",3,4,5710.0
海南,2025,本科批,综合,2040,岭南师范学院,4,14,机器人工程,(不招单色识别不全者),"物理,化学",3,4,5710.0
海南,2025,本科批,综合,2040,岭南师范学院,5,15,海洋资源开发技术,(不招色盲、色弱),"物理,化学,生物",3,4,5710.0
海南,2025,本科批,综合,2040,岭南师范学院,4,11,物理学,(师范),"物理,化学",3,4,5710.0
海南,2025,本科批,综合,2040,岭南师范学院,4,12,物联网工程,(不招单色识别不全者),"物理,化学",3,4,5710.0
海南,2025,本科批,综合,2040,岭南师范学院,5,16,生物科学,(师范)(不招色盲、色弱),"物理,化学,生物",3,4,5710.0
海南,2025,本科批,综合,2040,岭南师范学院,4,10,统计学,,"物理,化学",3,4,5710.0
海南,2025,本科批,综合,2040,岭南师范学院,2,4,财务管理,,不限,3,4,5050.0
海南,2025,本科批,综合,2040,岭南师范学院,3,8,机械电子工程技术,(不招单色识别不全者),物理,2,4,5710.0
海南,2025,专科批,综合,2252,柳州城市职业学院,1,6,大数据与会计,,不限,6,3,6000.0
海南,2025,专科批,综合,2252,柳州城市职业学院,1,7,广告艺术设计,,不限,5,3,7500.0
海南,2025,专科批,综合,2252,柳州城市职业学院,1,4,新能源汽车技术,,不限,5,3,7500.0
海南,2025,专科批,综合,2252,柳州城市职业学院,1,5,计算机网络技术,,不限,5,3,6000.0
海南,2025,专科批,综合,2252,柳州城市职业学院,1,1,建筑设计,,不限,3,3,6500.0
海南,2025,专科批,综合,2252,柳州城市职业学院,1,2,机电一体化技术,,不限,2,3,7500.0
海南,2025,专科批,综合,2252,柳州城市职业学院,1,3,电气自动化技术,,不限,2,3,6000.0
海南,2025,专科批,综合,2252,柳州城市职业学院,1,8,小学教育,,不限,12,3,7000.0
海南,2025,本科批,综合,2237,柳州工学院,1,2,商务英语,,不限,5,4,22500.0
海南,2025,本科批,综合,2237,柳州工学院,2,8,土木工程,,"物理,化学",5,4,24500.0
海南,2025,本科批,综合,2237,柳州工学院,2,7,机械类,(包含专业:机械工程、材料成型及控制工程、机械设计制造及其自动化),"物理,化学",5,4,24500.0
海南,2025,本科批,综合,2237,柳州工学院,2,6,测绘工程,,"物理,化学",5,4,24500.0
海南,2025,本科批,综合,2237,柳州工学院,1,1,物流管理,,不限,5,4,22500.0
海南,2025,本科批,综合,2237,柳州工学院,2,3,电气工程及其自动化,,"物理,化学",5,4,24500.0
海南,2025,本科批,综合,2237,柳州工学院,2,5,车辆工程,,"物理,化学",5,4,24500.0
海南,2025,本科批,综合,2237,柳州工学院,2,4,食品质量与安全,,"物理,化学",5,4,24500.0
海南,2025,专科批,综合,2231,柳州铁道职业技术学院,1,3,铁路物流管理,(多式联运)(只招男生；身高165cm及以上；无色盲、色弱及弱视；四肢功能健全；无听力障碍),不限,5,3,7500.0
海南,2025,专科批,综合,2231,柳州铁道职业技术学院,1,2,铁道交通运营管理,(只招男生；身高165cm及以上；无色盲、色弱及弱视；四肢功能健全；无听力障碍),不限,5,3,8500.0
海南,2025,专科批,综合,2231,柳州铁道职业技术学院,1,1,铁道机车运用与维护,(只招男生；身高165cm及以上；无色盲、色弱及弱视；四肢功能健全；无听力障碍),不限,5,3,8500.0
海南,2025,专科批,综合,2231,柳州铁道职业技术学院,2,4,铁道车辆技术,(只招男生；身高165cm及以上；无色盲、色弱及弱视；四肢功能健全；无听力障碍),物理,5,3,8500.0
海南,2025,专科批,综合,2225,柳州职业技术大学,4,14,大数据与会计,,不限,9,3,6500.0
海南,2025,专科批,综合,2225,柳州职业技术大学,4,15,大数据与财务管理,,不限,8,3,6500.0
海南,2025,专科批,综合,2225,柳州职业技术大学,4,12,现代通信技术,,不限,6,3,7500.0
海南,2025,专科批,综合,2225,柳州职业技术大学,4,13,虚拟现实技术应用,,不限,6,3,7500.0
海南,2025,专科批,综合,2225,柳州职业技术大学,4,10,计算机网络技术,,不限,6,3,6500.0
海南,2025,专科批,综合,2225,柳州职业技术大学,4,8,智能网联汽车技术,,不限,5,3,7500.0
海南,2025,专科批,综合,2225,柳州职业技术大学,4,7,汽车检测与维修技术,,不限,5,3,8000.0
海南,2025,专科批,综合,2225,柳州职业技术大学,4,9,计算机应用技术,,不限,5,3,7500.0
海南,2025,专科批,综合,2225,柳州职业技术大学,4,11,软件技术,,不限,4,3,7500.0
海南,2025,本科批,综合,2225,柳州职业技术大学,2,4,人工智能工程技术,,物理,5,4,7500.0
海南,2025,本科批,综合,2225,柳州职业技术大学,2,3,汽车工程技术,,物理,5,4,7500.0
海南,2025,本科批,综合,2225,柳州职业技术大学,1,1,现代物流管理,,不限,5,4,7500.0
海南,2025,本科批,综合,2225,柳州职业技术大学,1,2,跨境电子商务,,不限,5,4,6500.0
海南,2025,本科批,综合,2515,六盘水师范学院,2,3,动物科学,,"物理,化学",2,4,3830.0
海南,2025,本科批,综合,2515,六盘水师范学院,3,4,地理信息科学,,"物理,地理",2,4,4200.0
海南,2025,本科批,综合,2515,六盘水师范学院,1,1,旅游管理与服务教育,,不限,2,4,4100.0
海南,2025,本科批,综合,2515,六盘水师范学院,1,2,风景园林,,不限,2,4,4200.0
海南,2025,本科批,综合,2792,陇东学院,1,2,会计学,,不限,4,4,3800.0
海南,2025,本科批,综合,2792,陇东学院,1,1,汉语言文学,,不限,4,4,3800.0
海南,2025,本科批,综合,2792,陇东学院,3,8,历史学,,历史,2,4,3800.0
海南,2025,本科批,综合,2792,陇东学院,2,6,物理学,,"物理,化学",2,4,4000.0
海南,2025,本科批,综合,2792,陇东学院,2,4,物联网工程,,"物理,化学",2,4,4400.0
海南,2025,本科批,综合,2792,陇东学院,2,5,生物制药,,"物理,化学",2,4,4400.0
海南,2025,本科批,综合,2792,陇东学院,2,7,电气工程及其自动化,,"物理,化学",2,4,4400.0
海南,2025,本科批,综合,2792,陇东学院,2,3,计算机科学与技术,,"物理,化学",2,4,4400.0
海南,2025,专科批,综合,1947,娄底职业技术学院,1,8,护理,,不限,2,3,5460.0
海南,2025,专科批,综合,1947,娄底职业技术学院,1,6,电子商务,,不限,2,3,3500.0
海南,2025,专科批,综合,1947,娄底职业技术学院,1,1,动漫制作技术,,不限,1,3,7500.0
海南,2025,专科批,综合,1947,娄底职业技术学院,1,7,大数据与会计,,不限,1,3,3850.0
海南,2025,专科批,综合,1947,娄底职业技术学院,1,2,应用英语,,不限,1,3,3200.0
海南,2025,专科批,综合,1947,娄底职业技术学院,1,3,环境艺术设计,,不限,1,3,7500.0
海南,2025,专科批,综合,1947,娄底职业技术学院,1,4,药学,,不限,1,3,5460.0
海南,2025,专科批,综合,1947,娄底职业技术学院,1,5,计算机网络技术,,不限,1,3,7800.0
海南,2025,专科批,综合,2488,泸州医疗器械职业学院,1,1,护理,,不限,4,3,9800.0
海南,2025,专科批,综合,2488,泸州医疗器械职业学院,1,3,医学美容技术,,不限,3,3,9800.0
海南,2025,专科批,综合,2488,泸州医疗器械职业学院,1,2,口腔医学技术,,不限,3,3,9800.0
海南,2025,专科批,综合,2416,泸州职业技术学院,1,1,学前教育,,不限,5,3,5280.0
海南,2025,专科批,综合,2416,泸州职业技术学院,1,2,食品质量与安全,,不限,5,3,5720.0
海南,2025,本科批,综合,1419,鲁东大学,2,7,环境工程,(不招色盲、色弱),"物理,化学",4,4,5500.0
海南,2025,本科批,综合,1419,鲁东大学,2,6,地理信息科学,,"物理,化学",3,4,6600.0
海南,2025,本科批,综合,1419,鲁东大学,2,5,生物科学,(不招色盲、色弱),"物理,化学",3,4,6600.0
海南,2025,本科批,综合,1419,鲁东大学,80,13,船舶与海洋工程,(中外合作办学),"物理,化学",3,4,48000.0
海南,2025,本科批,综合,1419,鲁东大学,2,8,食品科学与工程,,"物理,化学",3,4,6600.0
海南,2025,本科批,综合,1419,鲁东大学,2,11,人工智能,,"物理,化学",2,4,5500.0
海南,2025,本科批,综合,1419,鲁东大学,1,1,国际经济与贸易,,不限,2,4,5500.0
海南,2025,本科批,综合,1419,鲁东大学,2,10,数学与应用数学,,"物理,化学",2,4,6325.0
海南,2025,本科批,综合,1419,鲁东大学,2,12,水产养殖学,,"物理,化学",2,4,6600.0
海南,2025,本科批,综合,1419,鲁东大学,2,9,水文与水资源工程,,"物理,化学",2,4,6325.0
海南,2025,本科批,综合,1419,鲁东大学,2,4,统计学,,"物理,化学",2,4,6325.0
海南,2025,本科批,综合,1419,鲁东大学,1,2,法学,,不限,1,4,4400.0
海南,2025,本科批,综合,1419,鲁东大学,1,3,法学,(涉外法治方向),不限,1,4,4400.0
海南,2025,本科批,综合,2944,陆军工程大学,3,6,工程管理,(全国人防建筑施工组织管理与监理工程师),物理,1,4,
海南,2025,本科批,综合,2944,陆军工程大学,4,7,电气工程及其自动化,(全国人防电力工程及自动化技术工程师),"物理,化学",1,4,
海南,2025,本科批,综合,2944,陆军工程大学,4,8,网络工程,(全国人防指挥自动化技术工程师),"物理,化学",1,4,
海南,2025,本科提前批(面试),综合,2944,陆军工程大学,2,3,道路桥梁与渡河工程,(道路桥梁和舟桥分队初级指挥与技术军官)(男生)(只招男生；通用标准合格),"物理,化学",2,4,
海南,2025,本科提前批(面试),综合,2944,陆军工程大学,2,4,作战环境工程,(野战给水分队初级指挥与技术军官)(男生)(只招男生；通用标准合格),"物理,化学",1,4,
海南,2025,本科提前批(面试),综合,2944,陆军工程大学,1,1,侦察情报,(侦察兵分队初级指挥军官)(男生)(只招男生；通用标准合格；考生投档成绩须达到部分特殊类型招生投档最低控制分数线),物理,1,4,
海南,2025,本科提前批(面试),综合,2944,陆军工程大学,2,2,机械工程,(工程机械装备维修与管理初级指挥与技术军官)(男生)(只招男生；通用标准合格),"物理,化学",1,4,
海南,2025,本科提前批(面试),综合,2944,陆军工程大学,2,5,飞行器设计与工程,(航空机械初级技术军官)(男生)(只招男生；通用标准合格),"物理,化学",1,4,
海南,2025,本科批,综合,1591,洛阳理工学院,1,5,国际经济与贸易,,不限,4,4,4400.0
海南,2025,本科批,综合,1591,洛阳理工学院,1,1,工商管理,,不限,4,4,4400.0
海南,2025,本科批,综合,1591,洛阳理工学院,1,4,新闻学,,不限,4,4,4400.0
海南,2025,本科批,综合,1591,洛阳理工学院,2,8,机械设计制造及其自动化,,"物理,化学",4,4,5000.0
海南,2025,本科批,综合,1591,洛阳理工学院,2,7,电气工程及其自动化,,"物理,化学",4,4,5000.0
海南,2025,本科批,综合,1591,洛阳理工学院,1,6,英语,,不限,4,4,4400.0
海南,2025,本科批,综合,1591,洛阳理工学院,1,2,财务管理,,不限,4,4,4400.0
海南,2025,本科批,综合,1591,洛阳理工学院,1,3,文化遗产,,不限,2,4,4400.0
海南,2025,本科批,综合,1579,洛阳师范学院,2,5,制药工程,,"物理,化学",4,4,5000.0
海南,2025,本科批,综合,1579,洛阳师范学院,2,6,应用统计学,,"物理,化学",4,4,5000.0
海南,2025,本科批,综合,1579,洛阳师范学院,1,2,教育学,,不限,4,4,4400.0
海南,2025,本科批,综合,1579,洛阳师范学院,1,1,旅游管理,,不限,4,4,4400.0
海南,2025,本科批,综合,1579,洛阳师范学院,2,4,生物科学,,"物理,化学",4,4,5000.0
海南,2025,本科批,综合,1579,洛阳师范学院,1,3,社会工作,,不限,4,4,4400.0
海南,2025,专科批,综合,1636,漯河医学高等专科学校,1,9,中药学,(不招色弱、色盲),不限,5,3,4800.0
海南,2025,专科批,综合,1636,漯河医学高等专科学校,1,2,临床医学,(不招色弱、色盲),不限,5,3,4800.0
海南,2025,专科批,综合,1636,漯河医学高等专科学校,1,8,医学影像技术,(不招色弱、色盲),不限,5,3,4800.0
海南,2025,专科批,综合,1636,漯河医学高等专科学校,1,3,医学检验技术,(不招色弱、色盲),不限,5,3,4800.0
海南,2025,专科批,综合,1636,漯河医学高等专科学校,1,1,口腔医学,(不招色弱、色盲),不限,5,3,5280.0
海南,2025,专科批,综合,1636,漯河医学高等专科学校,1,4,药学,(不招色弱、色盲),不限,5,3,4800.0
海南,2025,专科批,综合,1636,漯河医学高等专科学校,1,6,康复治疗技术,(不招色弱、色盲),不限,4,3,4800.0
海南,2025,专科批,综合,1636,漯河医学高等专科学校,1,7,中医康复技术,(不招色弱、色盲),不限,2,3,4800.0
海南,2025,专科批,综合,1636,漯河医学高等专科学校,1,5,护理,(不招色弱、色盲),不限,10,3,5280.0
海南,2025,本科批,综合,305,吕梁学院,2,3,人工智能,,"物理,化学",1,4,4800.0
海南,2025,本科批,综合,305,吕梁学院,1,1,会计学,,不限,1,4,4950.0
海南,2025,本科批,综合,305,吕梁学院,2,2,制药工程,,"物理,化学",1,4,5280.0
海南,2025,本科批,综合,305,吕梁学院,3,4,园林,,生物,1,4,4500.0
海南,2025,本科批,综合,305,吕梁学院,4,5,思想政治教育,,"政治,历史",1,4,4500.0
海南,2025,专科批,综合,2122,茂名职业技术学院,1,2,石油化工技术,,不限,3,3,6410.0
海南,2025,专科批,综合,2122,茂名职业技术学院,1,1,机械制造及自动化,,不限,2,3,6410.0
海南,2025,本科批,综合,2444,绵阳城市学院,1,2,学前教育,,不限,5,4,16960.0
海南,2025,本科批,综合,2444,绵阳城市学院,1,1,财务管理,,不限,5,4,16960.0
海南,2025,本科批,综合,2444,绵阳城市学院,3,7,土木工程,,"物理,化学",3,4,18020.0
海南,2025,本科批,综合,2444,绵阳城市学院,2,4,工程造价,,物理,2,4,16960.0
海南,2025,本科批,综合,2444,绵阳城市学院,3,5,电气工程及其自动化,,"物理,化学",2,4,18020.0
海南,2025,本科批,综合,2444,绵阳城市学院,1,3,英语,,不限,2,4,16960.0
海南,2025,本科批,综合,2444,绵阳城市学院,3,6,计算机科学与技术,,"物理,化学",1,4,18020.0
海南,2025,专科批,综合,2486,绵阳飞行职业学院,2,7,新能源汽车技术,,不限,5,3,13400.0
海南,2025,专科批,综合,2486,绵阳飞行职业学院,2,2,无人机应用技术,,不限,5,3,14700.0
海南,2025,专科批,综合,2486,绵阳飞行职业学院,2,10,民航空中安全保卫,,不限,5,3,15500.0
海南,2025,专科批,综合,2486,绵阳飞行职业学院,2,9,电气自动化技术,,不限,5,3,13400.0
海南,2025,专科批,综合,2486,绵阳飞行职业学院,2,3,社区康复,,不限,5,3,11000.0
海南,2025,专科批,综合,2486,绵阳飞行职业学院,2,4,民航安全技术管理,,不限,10,3,14700.0
海南,2025,专科批,综合,2486,绵阳飞行职业学院,2,8,消防救援技术,,不限,10,3,15500.0
海南,2025,专科批,综合,2486,绵阳飞行职业学院,2,6,环境艺术设计,,不限,10,3,13300.0
海南,2025,专科批,综合,2486,绵阳飞行职业学院,2,5,空中乘务,,不限,10,3,15500.0
海南,2025,本科批,综合,2376,绵阳师范学院,1,5,应用心理学,,不限,2,4,5980.0
海南,2025,本科批,综合,2376,绵阳师范学院,1,1,汉语国际教育,,不限,2,4,5520.0
海南,2025,本科批,综合,2376,绵阳师范学院,1,2,汉语言文学,,不限,2,4,5520.0
海南,2025,本科批,综合,2376,绵阳师范学院,2,7,物理学,,"物理,化学",2,4,5980.0
海南,2025,本科批,综合,2376,绵阳师范学院,2,6,电气工程及其自动化,,"物理,化学",2,4,5980.0
海南,2025,本科批,综合,2376,绵阳师范学院,1,3,英语,,不限,2,4,5520.0
海南,2025,本科批,综合,2376,绵阳师范学院,1,4,物流管理,,不限,1,4,5520.0
海南,2025,专科批,综合,2405,绵阳职业技术学院,2,2,建筑材料工程技术,,化学,3,3,5720.0
海南,2025,专科批,综合,2405,绵阳职业技术学院,1,1,统计与会计核算,,不限,2,3,5280.0
海南,2025,专科批,综合,1240,闽北职业技术学院,1,1,数控技术,,不限,5,3,6000.0
海南,2025,专科批,综合,1240,闽北职业技术学院,1,2,智能控制技术,,不限,5,3,6000.0
海南,2025,专科批,综合,1240,闽北职业技术学院,1,3,数字媒体艺术设计,,不限,4,3,6000.0
海南,2025,本科批,综合,1197,闽江学院,1,3,国际经济与贸易,,不限,2,4,5040.0
海南,2025,本科批,综合,1197,闽江学院,3,11,应用化学,,"物理,化学",2,4,5040.0
海南,2025,本科批,综合,1197,闽江学院,2,7,物流工程,,物理,2,4,5040.0
海南,2025,本科批,综合,1197,闽江学院,2,6,财务管理,,物理,2,4,5460.0
海南,2025,本科批,综合,1197,闽江学院,3,8,人工智能,,"物理,化学",1,4,5040.0
海南,2025,本科批,综合,1197,闽江学院,1,1,会计学,,不限,1,4,5460.0
海南,2025,本科批,综合,1197,闽江学院,1,4,旅游管理,,不限,1,4,5040.0
海南,2025,本科批,综合,1197,闽江学院,3,10,海洋资源与环境,,"物理,化学",1,4,5040.0
海南,2025,本科批,综合,1197,闽江学院,1,5,酒店管理,,不限,1,4,5040.0
海南,2025,本科批,综合,1197,闽江学院,1,2,金融学,,不限,1,4,5040.0
海南,2025,本科批,综合,1197,闽江学院,3,9,高分子材料与工程,,"物理,化学",1,4,5040.0
海南,2025,本科批,综合,1230,闽南科技学院,1,1,国际经济与贸易,,不限,1,4,24000.0
海南,2025,本科批,综合,1230,闽南科技学院,1,3,工商管理,,不限,1,4,23000.0
海南,2025,本科批,综合,1230,闽南科技学院,1,2,广告学,,不限,1,4,24000.0
海南,2025,本科批,综合,1226,闽南理工学院,2,10,信息管理与信息系统,,物理,2,4,26880.0
海南,2025,本科批,综合,1226,闽南理工学院,2,11,金融工程,,物理,2,4,27880.0
海南,2025,本科批,综合,1226,闽南理工学院,1,3,人力资源管理,,不限,1,4,27880.0
海南,2025,本科批,综合,1226,闽南理工学院,1,7,商务英语,,不限,1,4,26880.0
海南,2025,本科批,综合,1226,闽南理工学院,1,2,国际经济与贸易,,不限,1,4,26880.0
海南,2025,本科批,综合,1226,闽南理工学院,1,6,审计学,,不限,1,4,27880.0
海南,2025,本科批,综合,1226,闽南理工学院,3,12,机械设计制造及其自动化,,"物理,化学",1,4,26880.0
海南,2025,本科批,综合,1226,闽南理工学院,1,9,物流管理,,不限,1,4,26880.0
海南,2025,本科批,综合,1226,闽南理工学院,1,4,电子商务,,不限,1,4,27880.0
海南,2025,本科批,综合,1226,闽南理工学院,3,13,电气工程及其自动化,,"物理,化学",1,4,27880.0
海南,2025,本科批,综合,1226,闽南理工学院,1,1,经济学,,不限,1,4,27880.0
海南,2025,本科批,综合,1226,闽南理工学院,1,5,财务管理,,不限,1,4,27880.0
海南,2025,本科批,综合,1226,闽南理工学院,1,8,资产评估,,不限,1,4,26880.0
海南,2025,国家专项,综合,1201,闽南师范大学,1,1,汉语言文学,"(大一在圆山校区就读,大二大三大四在校本部就读)",不限,3,4,5460.0
海南,2025,本科批,综合,1201,闽南师范大学,2,2,广播电视编导,,不限,3,4,8640.0
海南,2025,本科批,综合,1201,闽南师范大学,2,3,市场营销,"(大一在圆山校区就读,大二至大四在江滨校区就读)",不限,2,4,5040.0
海南,2025,本科批,综合,1201,闽南师范大学,3,4,软件工程,"(一、二年学费5040元/生·学年,三、四年学费13360元/生·学年)","物理,化学",2,4,9200.0
海南,2025,专科批,综合,808,明达职业技术学院,1,2,婴幼儿托育服务与管理,,不限,1,3,16000.0
海南,2025,专科批,综合,808,明达职业技术学院,1,1,机电一体化技术,,不限,1,3,18000.0
海南,2025,专科批,综合,644,牡丹江大学,1,1,道路与桥梁工程技术,,不限,4,3,6000.0
海南,2025,专科批,综合,644,牡丹江大学,1,3,大数据与会计,,不限,3,3,6000.0
海南,2025,专科批,综合,644,牡丹江大学,1,2,工程造价,,不限,3,3,6000.0
海南,2025,专科批,综合,644,牡丹江大学,1,5,现代物流管理,,不限,3,3,6000.0
海南,2025,专科批,综合,644,牡丹江大学,1,4,旅游管理,,不限,2,3,6000.0
海南,2025,本科批,综合,632,牡丹江医科大学,2,3,临床医学,,"物理,化学,生物",3,5,4400.0
海南,2025,本科批,综合,632,牡丹江医科大学,1,1,医学影像学,,"物理,化学",3,5,5500.0
海南,2025,本科批,综合,632,牡丹江医科大学,1,2,口腔医学,,"物理,化学",2,5,4800.0
海南,2025,本科批,综合,632,牡丹江医科大学,2,4,麻醉学,,"物理,化学,生物",2,5,4400.0
海南,2025,本科批,综合,1279,南昌大学,80,28,临床医学,(不招色盲、色弱、单色不能识别的考生；国家级一流本科专业建设点),"物理,化学",5,5,5550.0
海南,2025,本科批,综合,1279,南昌大学,3,35,护理学,(不招色盲、色弱、单色不能识别的考生；建议身高要求:男生167cm、女生157cm以上；国家级一流本科专业建设点),生物,5,4,5550.0
海南,2025,本科批,综合,1279,南昌大学,2,15,化学,(不招色盲、色弱、单色不能识别的考生；江西省一流本科专业建设点),"物理,化学",4,4,5250.0
海南,2025,本科批,综合,1279,南昌大学,2,24,土木工程,"(国家级一流本科专业建设点,下设智能化建筑工程、道路与桥梁工程、岩土与地下工程、数字建造与管理4个专业方向)","物理,化学",4,4,5550.0
海南,2025,本科批,综合,1279,南昌大学,2,22,环境工程,(不招色盲、色弱、单色不能识别的考生；国家级一流本科专业建设点),"物理,化学",4,4,5250.0
海南,2025,本科批,综合,1279,南昌大学,2,20,计算机科学与技术,(不招单色不能识别的考生；国家级一流本科专业建设点),"物理,化学",4,4,5550.0
海南,2025,本科批,综合,1279,南昌大学,2,23,软件工程,(国家级一流本科专业建设点；办学地点:青山湖校区),"物理,化学",4,4,10000.0
海南,2025,本科批,综合,1279,南昌大学,2,26,食品科学与工程,(不招色盲、色弱、单色不能识别的考生；国家级一流本科专业建设点、食品全国重点实验室),"物理,化学",4,4,5250.0
海南,2025,本科批,综合,1279,南昌大学,80,30,医学影像学,"(不招色盲、色弱、单色不能识别的考生；江西省一流本科专业建设点,国家级特色专业)","物理,化学",3,5,5550.0
海南,2025,本科批,综合,1279,南昌大学,2,18,工业设计,(江西省一流本科专业建设点),"物理,化学",3,4,5250.0
海南,2025,本科批,综合,1279,南昌大学,1,9,工商管理,"(不招单色不能识别的考生；国家级一流本科专业建设点,注重数字商科教育)",不限,3,4,4950.0
海南,2025,本科批,综合,1279,南昌大学,1,3,广播电视学,(国家级一流本科专业建设点),不限,3,4,4950.0
海南,2025,本科批,综合,1279,南昌大学,1,6,建筑学,(国家级一流本科专业建设点),不限,3,5,9000.0
海南,2025,本科批,综合,1279,南昌大学,2,17,机械设计制造及其自动化,(国家级一流本科专业建设点),"物理,化学",3,4,5250.0
海南,2025,本科批,综合,1279,南昌大学,2,27,水产养殖学,"(不招色盲、色弱、单色不能识别的考生；首批国家卓越农林人才培养计划专业点,江西省一流本科专业建设点)","物理,化学",3,4,4350.0
海南,2025,本科批,综合,1279,南昌大学,1,1,法学,(国家级一流本科专业建设点),不限,3,4,4950.0
海南,2025,本科批,综合,1279,南昌大学,2,12,生态学,(不招色弱、色盲、单色不能识别的考生；江西省一流本科专业建设点),"物理,化学",3,4,5250.0
海南,2025,本科批,综合,1279,南昌大学,2,13,生物技术,(不招色弱、色盲、单色不能识别的考生；国家级一流本科专业建设点),"物理,化学",3,4,5250.0
海南,2025,本科批,综合,1279,南昌大学,1,2,社会学,(面向数字时代的新兴专业),不限,3,4,4950.0
海南,2025,本科批,综合,1279,南昌大学,2,19,通信工程,(国家级一流本科专业建设点),"物理,化学",3,4,5550.0
海南,2025,本科批,综合,1279,南昌大学,81,29,临床医学,"(中外合作办学)(中英双学位合作办学)(不招色盲、色弱、单色不能识别的考生；中国首个临床医学专业类双学位专业；与英国伦敦玛丽女王大学合作办学(采用5+0培养模式),建议考生具备良好的英语基础)","物理,化学",2,5,80000.0
海南,2025,本科批,综合,1279,南昌大学,1,8,人力资源管理,"(不招单色不能识别的考生；江西省一流本科专业建设点,设数智化人力资源管理专业方向)",不限,2,4,4950.0
海南,2025,本科批,综合,1279,南昌大学,2,14,信息与计算科学,(国家级一流本科专业建设点),"物理,化学",2,4,5550.0
海南,2025,本科批,综合,1279,南昌大学,2,21,制药工程,(不招色盲、色弱、单色不能识别的考生；国家级一流本科专业建设点),"物理,化学",2,4,5250.0
海南,2025,本科批,综合,1279,南昌大学,2,25,化学工程与工艺,(不招色盲、色弱、单色不能识别的考生；国家级一流本科专业建设点),"物理,化学",2,4,5250.0
海南,2025,本科批,综合,1279,南昌大学,80,32,医学检验技术,(不招色盲、色弱、单色不能识别的考生；国家级一流本科专业建设点),"物理,化学",2,4,5550.0
海南,2025,本科批,综合,1279,南昌大学,1,5,城乡规划,(江西省一流本科专业建设点),不限,2,5,5550.0
海南,2025,本科批,综合,1279,南昌大学,1,10,工商管理,"(中法实验班)(不招单色不能识别的考生；国家级一流本科专业建设点,培养英、法双外语能力的工商管理复合型人才)",不限,2,4,14000.0
海南,2025,本科批,综合,1279,南昌大学,1,4,广告学,(国家级一流本科专业建设点),不限,2,4,4950.0
海南,2025,本科批,综合,1279,南昌大学,2,16,应用化学,(不招色盲、色弱、单色不能识别的考生；国家级一流本科专业建设点),"物理,化学",2,4,5250.0
海南,2025,本科批,综合,1279,南昌大学,80,33,康复治疗学,(不招色盲、色弱、单色不能识别的考生；国家级一流本科专业建设点),"物理,化学",2,4,5550.0
海南,2025,本科批,综合,1279,南昌大学,1,7,汉语言文学,(国家级一流本科专业建设点),不限,2,4,4650.0
海南,2025,本科批,综合,1279,南昌大学,80,34,老年医学与健康,(不招色盲、色弱、单色不能识别的考生；新医科专业),"物理,化学",2,4,5550.0
海南,2025,本科批,综合,1279,南昌大学,80,31,药学,(不招色盲、色弱、单色不能识别的考生；国家级一流本科专业建设点),"物理,化学",2,4,5550.0
海南,2025,本科批,综合,1279,南昌大学,1,11,行政管理,(不招单色不能识别的考生；国家级一流本科专业建设点),不限,2,4,4950.0
海南,2025,本科批,综合,1335,南昌大学共青学院,2,5,汉语言文学,,不限,5,4,15000.0
海南,2025,本科批,综合,1335,南昌大学共青学院,2,7,会计学,,不限,2,4,15000.0
海南,2025,本科批,综合,1335,南昌大学共青学院,4,9,电气工程及其自动化,,"物理,化学",2,4,16500.0
海南,2025,本科批,综合,1335,南昌大学共青学院,2,4,经济学,,不限,2,4,15000.0
海南,2025,本科批,综合,1335,南昌大学共青学院,4,10,计算机科学与技术,,"物理,化学",2,4,16500.0
海南,2025,本科批,综合,1335,南昌大学共青学院,4,11,软件工程,,"物理,化学",2,4,16500.0
海南,2025,本科批,综合,1335,南昌大学共青学院,3,8,金融工程,,物理,2,4,15000.0
海南,2025,本科批,综合,1335,南昌大学共青学院,2,6,风景园林,,不限,2,4,16500.0
海南,2025,本科批,综合,1334,南昌大学科学技术学院,3,5,工程管理,,物理,7,4,14500.0
海南,2025,本科批,综合,1334,南昌大学科学技术学院,3,6,电子商务,,物理,7,4,14500.0
海南,2025,本科批,综合,1334,南昌大学科学技术学院,4,7,电气工程及其自动化,,"物理,化学",4,4,14500.0
海南,2025,本科批,综合,1334,南昌大学科学技术学院,2,4,旅游管理,,不限,2,4,13000.0
海南,2025,本科批,综合,1334,南昌大学科学技术学院,2,3,财务管理,,不限,2,4,13000.0
海南,2025,本科批,综合,1334,南昌大学科学技术学院,2,2,金融学,,不限,2,4,13000.0
海南,2025,本科批,综合,1326,南昌工学院,5,9,护理学,,生物,5,4,24600.0
海南,2025,本科批,综合,1326,南昌工学院,2,2,国际经济与贸易,,不限,3,4,24600.0
海南,2025,本科批,综合,1326,南昌工学院,4,5,电子信息工程,,"物理,化学",3,4,26000.0
海南,2025,本科批,综合,1326,南昌工学院,2,3,会计学,,不限,2,4,28300.0
海南,2025,本科批,综合,1326,南昌工学院,3,4,大数据管理与应用,,物理,2,4,28300.0
海南,2025,本科批,综合,1326,南昌工学院,4,6,数字媒体技术,,"物理,化学",2,4,24600.0
海南,2025,本科批,综合,1326,南昌工学院,4,8,数据科学与大数据技术,,"物理,化学",2,4,22600.0
海南,2025,本科批,综合,1326,南昌工学院,4,7,软件工程,,"物理,化学",2,4,28300.0
海南,2025,专科批,综合,1326,南昌工学院,7,17,新能源汽车技术,,不限,9,3,14900.0
海南,2025,专科批,综合,1326,南昌工学院,7,12,电气自动化技术,,不限,9,3,14900.0
海南,2025,专科批,综合,1326,南昌工学院,7,11,机电一体化技术,,不限,8,3,15800.0
海南,2025,专科批,综合,1326,南昌工学院,7,18,计算机网络技术,,不限,8,3,15800.0
海南,2025,专科批,综合,1326,南昌工学院,7,15,城市轨道交通运营管理,,不限,4,3,14900.0
海南,2025,专科批,综合,1326,南昌工学院,7,14,大数据技术,,不限,4,3,15800.0
海南,2025,专科批,综合,1326,南昌工学院,7,19,商务英语,,不限,3,3,12900.0
海南,2025,专科批,综合,1326,南昌工学院,7,20,电子商务,,不限,3,3,15800.0
海南,2025,专科批,综合,1326,南昌工学院,7,13,建筑工程技术,,不限,2,3,15800.0
海南,2025,专科批,综合,1326,南昌工学院,7,21,现代文秘,,不限,2,3,12900.0
海南,2025,专科批,综合,1326,南昌工学院,7,16,电子信息工程技术,,不限,15,3,14900.0
海南,2025,本科批,综合,1282,南昌航空大学,2,13,电子信息工程,,"物理,化学",5,4,5220.0
海南,2025,本科批,综合,1282,南昌航空大学,2,14,自动化,,"物理,化学",3,4,5220.0
海南,2025,本科批,综合,1282,南昌航空大学,2,5,金属材料工程,,"物理,化学",3,4,4940.0
海南,2025,本科批,综合,1282,南昌航空大学,2,16,飞行器动力工程,,"物理,化学",3,4,4940.0
海南,2025,本科批,综合,1282,南昌航空大学,2,19,光电信息科学与工程,,"物理,化学",2,4,5220.0
海南,2025,本科批,综合,1282,南昌航空大学,2,18,土木工程,,"物理,化学",2,4,5220.0
海南,2025,本科批,综合,1282,南昌航空大学,2,22,复合材料与工程,,"物理,化学",2,4,4940.0
海南,2025,本科批,综合,1282,南昌航空大学,1,2,工商管理,,不限,2,4,4660.0
海南,2025,本科批,综合,1282,南昌航空大学,2,7,应用化学,,"物理,化学",2,4,4940.0
海南,2025,本科批,综合,1282,南昌航空大学,2,17,数学与应用数学,,"物理,化学",2,4,4940.0
海南,2025,本科批,综合,1282,南昌航空大学,2,11,机械设计制造及其自动化,,"物理,化学",2,4,4940.0
海南,2025,本科批,综合,1282,南昌航空大学,2,9,材料化学,,"物理,化学",2,4,4940.0
海南,2025,本科批,综合,1282,南昌航空大学,2,4,测控技术与仪器,,"物理,化学",2,4,4940.0
海南,2025,本科批,综合,1282,南昌航空大学,2,10,环境工程,,"物理,化学",2,4,4940.0
海南,2025,本科批,综合,1282,南昌航空大学,1,3,电子商务,,不限,2,4,5220.0
海南,2025,本科批,综合,1282,南昌航空大学,2,20,电子封装技术,,"物理,化学",2,4,5220.0
海南,2025,本科批,综合,1282,南昌航空大学,2,21,电气工程及其自动化,,"物理,化学",2,4,5220.0
海南,2025,本科批,综合,1282,南昌航空大学,1,1,经济学,,不限,2,4,4660.0
海南,2025,本科批,综合,1282,南昌航空大学,2,8,给排水科学与工程,,"物理,化学",2,4,5220.0
海南,2025,本科批,综合,1282,南昌航空大学,2,15,计算机科学与技术,,"物理,化学",2,4,5220.0
海南,2025,本科批,综合,1282,南昌航空大学,2,12,通信工程,,"物理,化学",2,4,5220.0
海南,2025,本科批,综合,1282,南昌航空大学,2,6,高分子材料与工程,,"物理,化学",2,4,4940.0
海南,2025,本科批,综合,1338,南昌航空大学科技学院,3,4,机械设计制造及其自动化,(体检要求详见学校招生章程中第四章第十一条),"物理,化学",2,4,14500.0
海南,2025,本科批,综合,1338,南昌航空大学科技学院,3,5,材料成型及控制工程,(体检要求详见学校招生章程中第四章第十一条),"物理,化学",2,4,14500.0
海南,2025,本科批,综合,1338,南昌航空大学科技学院,3,12,软件工程,(体检要求详见学校招生章程中第四章第十一条),"物理,化学",2,4,14500.0
海南,2025,本科批,综合,1338,南昌航空大学科技学院,3,16,人工智能,(体检要求详见学校招生章程中第四章第十一条),"物理,化学",1,4,14500.0
海南,2025,本科批,综合,1338,南昌航空大学科技学院,3,17,信息对抗技术,(体检要求详见学校招生章程中第四章第十一条),"物理,化学",1,4,14500.0
海南,2025,本科批,综合,1338,南昌航空大学科技学院,3,8,无人驾驶航空器系统工程,(体检要求详见学校招生章程中第四章第十一条),"物理,化学",1,4,14500.0
海南,2025,本科批,综合,1338,南昌航空大学科技学院,3,6,焊接技术与工程,(体检要求详见学校招生章程中第四章第十一条),"物理,化学",1,4,14500.0
海南,2025,本科批,综合,1338,南昌航空大学科技学院,3,10,电子信息工程,(体检要求详见学校招生章程中第四章第十一条),"物理,化学",1,4,14500.0
海南,2025,本科批,综合,1338,南昌航空大学科技学院,2,2,电子商务,(体检要求详见学校招生章程中第四章第十一条),不限,1,4,14500.0
海南,2025,本科批,综合,1338,南昌航空大学科技学院,3,13,电子科学与技术,(体检要求详见学校招生章程中第四章第十一条),"物理,化学",1,4,14500.0
海南,2025,本科批,综合,1338,南昌航空大学科技学院,3,14,网络工程,(体检要求详见学校招生章程中第四章第十一条),"物理,化学",1,4,14500.0
海南,2025,本科批,综合,1338,南昌航空大学科技学院,3,9,自动化,(体检要求详见学校招生章程中第四章第十一条),"物理,化学",1,4,14500.0
海南,2025,本科批,综合,1338,南昌航空大学科技学院,3,11,计算机科学与技术,(体检要求详见学校招生章程中第四章第十一条),"物理,化学",1,4,14500.0
海南,2025,本科批,综合,1338,南昌航空大学科技学院,3,15,通信工程,(体检要求详见学校招生章程中第四章第十一条),"物理,化学",1,4,14500.0
海南,2025,本科批,综合,1338,南昌航空大学科技学院,3,7,金属材料工程,(体检要求详见学校招生章程中第四章第十一条),"物理,化学",1,4,14500.0
海南,2025,本科批,综合,1338,南昌航空大学科技学院,3,3,飞行器制造工程,(体检要求详见学校招生章程中第四章第十一条),"物理,化学",1,4,14500.0
海南,2025,本科批,综合,1336,南昌交通学院,1,2,物流管理,"(大一至大三在靖安墨轩湖校区就读,大四在南昌黄家湖校区就读)",不限,4,4,19800.0
海南,2025,本科批,综合,1336,南昌交通学院,2,14,机械设计制造及其自动化,"(大一至大三在靖安墨轩湖校区就读,大四在南昌黄家湖校区就读)","物理,化学",3,4,21600.0
海南,2025,本科批,综合,1336,南昌交通学院,2,21,车辆工程,"(大一至大三在靖安墨轩湖校区就读,大四在南昌黄家湖校区就读)","物理,化学",3,4,19800.0
海南,2025,本科批,综合,1336,南昌交通学院,1,5,人力资源管理,"(不招单色识别不全者；大一至大三在靖安墨轩湖校区就读,大四在南昌黄家湖校区就读)",不限,2,4,19800.0
海南,2025,本科批,综合,1336,南昌交通学院,1,3,会计学,"(不招单色识别不全者；大一至大三在靖安墨轩湖校区就读,大四在南昌黄家湖校区就读)",不限,2,4,19800.0
海南,2025,本科批,综合,1336,南昌交通学院,1,11,公共事业管理,"(不招单色识别不全者；大一至大三在靖安墨轩湖校区就读,大四在南昌黄家湖校区就读)",不限,2,4,19800.0
海南,2025,本科批,综合,1336,南昌交通学院,1,4,国际经济与贸易,"(不招单色识别不全者；大一至大三在靖安墨轩湖校区就读,大四在南昌黄家湖校区就读)",不限,2,4,19800.0
海南,2025,本科批,综合,1336,南昌交通学院,2,16,土木工程,"(大一至大三在靖安墨轩湖校区就读,大四在南昌黄家湖校区就读)","物理,化学",2,4,21600.0
海南,2025,本科批,综合,1336,南昌交通学院,1,10,建筑学,"(大一至大三在靖安墨轩湖校区就读,大四至大五在南昌黄家湖校区就读)",不限,2,5,19800.0
海南,2025,本科批,综合,1336,南昌交通学院,1,1,旅游管理与服务教育,"(大一至大三在靖安墨轩湖校区就读,大四在南昌黄家湖校区就读)",不限,2,4,19800.0
海南,2025,本科批,综合,1336,南昌交通学院,2,15,材料成型及控制工程,"(大一至大三在靖安墨轩湖校区就读,大四在南昌黄家湖校区就读)","物理,化学",2,4,19800.0
海南,2025,本科批,综合,1336,南昌交通学院,1,6,法学,"(大一至大三在靖安墨轩湖校区就读,大四在南昌黄家湖校区就读)",不限,2,4,19800.0
海南,2025,本科批,综合,1336,南昌交通学院,2,20,电子信息工程,"(大一至大三在靖安墨轩湖校区就读,大四在南昌黄家湖校区就读)","物理,化学",2,4,19800.0
海南,2025,本科批,综合,1336,南昌交通学院,1,8,电子商务,"(大一至大三在靖安墨轩湖校区就读,大四在南昌黄家湖校区就读)",不限,2,4,19800.0
海南,2025,本科批,综合,1336,南昌交通学院,2,22,电气工程及其自动化,"(大一至大三在靖安墨轩湖校区就读,大四在南昌黄家湖校区就读)","物理,化学",2,4,21600.0
海南,2025,本科批,综合,1336,南昌交通学院,2,17,网络工程,"(大一至大三在靖安墨轩湖校区就读,大四在南昌黄家湖校区就读)","物理,化学",2,4,19800.0
海南,2025,本科批,综合,1336,南昌交通学院,2,23,自动化,"(大一至大三在靖安墨轩湖校区就读,大四在南昌黄家湖校区就读)","物理,化学",2,4,19800.0
海南,2025,本科批,综合,1336,南昌交通学院,1,7,英语,"(英语单科成绩不低于100分(150分制)；大一至大三在靖安墨轩湖校区就读,大四在南昌黄家湖校区就读)",不限,2,4,19800.0
海南,2025,本科批,综合,1336,南昌交通学院,2,12,计算机科学与技术,"(大一至大三在靖安墨轩湖校区就读,大四在南昌黄家湖校区就读)","物理,化学",2,4,19800.0
海南,2025,本科批,综合,1336,南昌交通学院,2,18,轨道交通信号与控制,"(大一至大三在靖安墨轩湖校区就读,大四在南昌黄家湖校区就读)","物理,化学",2,4,19800.0
海南,2025,本科批,综合,1336,南昌交通学院,2,13,通信工程,"(大一至大三在靖安墨轩湖校区就读,大四在南昌黄家湖校区就读)","物理,化学",2,4,19800.0
海南,2025,本科批,综合,1336,南昌交通学院,1,9,金融学,"(不招单色识别不全者；大一至大三在靖安墨轩湖校区就读,大四在南昌黄家湖校区就读)",不限,2,4,19800.0
海南,2025,本科批,综合,1336,南昌交通学院,2,19,铁道工程,"(大一至大三在靖安墨轩湖校区就读,大四在南昌黄家湖校区就读)","物理,化学",2,4,19800.0
海南,2025,本科批,综合,1307,南昌理工学院,5,6,汉语言文学,,不限,4,4,23500.0
海南,2025,本科批,综合,1307,南昌理工学院,5,8,会计学,,不限,3,4,23500.0
海南,2025,本科批,综合,1307,南昌理工学院,6,10,大数据管理与应用,,物理,3,4,23500.0
海南,2025,本科批,综合,1307,南昌理工学院,7,11,护理学,,化学,3,4,23500.0
海南,2025,本科批,综合,1307,南昌理工学院,8,17,数字媒体技术,,"物理,化学",3,4,23500.0
海南,2025,本科批,综合,1307,南昌理工学院,6,9,数字经济,,物理,3,4,23500.0
海南,2025,本科批,综合,1307,南昌理工学院,8,18,无人驾驶航空器系统工程,,"物理,化学",3,4,23500.0
海南,2025,本科批,综合,1307,南昌理工学院,8,19,智能建造,,"物理,化学",3,4,23500.0
海南,2025,本科批,综合,1307,南昌理工学院,8,12,机械设计制造及其自动化,,"物理,化学",3,4,23500.0
海南,2025,本科批,综合,1307,南昌理工学院,5,5,法学,,不限,3,4,23500.0
海南,2025,本科批,综合,1307,南昌理工学院,5,7,英语,,不限,3,4,23500.0
海南,2025,本科批,综合,1307,南昌理工学院,8,16,计算机科学与技术,,"物理,化学",3,4,23500.0
海南,2025,本科批,综合,1307,南昌理工学院,8,13,智能电网信息工程,,"物理,化学",2,4,23500.0
海南,2025,本科批,综合,1307,南昌理工学院,8,14,电子信息工程,,"物理,化学",2,4,23500.0
海南,2025,本科批,综合,1307,南昌理工学院,8,15,软件工程,,"物理,化学",2,4,23500.0
海南,2025,专科批,综合,1307,南昌理工学院,9,23,护理,,不限,3,3,15000.0
海南,2025,专科批,综合,1307,南昌理工学院,9,20,无人机应用技术,,不限,3,3,15000.0
海南,2025,专科批,综合,1307,南昌理工学院,9,25,法律事务,,不限,3,3,15000.0
海南,2025,专科批,综合,1307,南昌理工学院,9,21,电子信息工程技术,,不限,3,3,15000.0
海南,2025,专科批,综合,1307,南昌理工学院,9,24,集成电路技术,,不限,3,3,15000.0
海南,2025,专科批,综合,1307,南昌理工学院,9,22,动漫制作技术,,不限,2,3,15000.0
海南,2025,本科批,综合,1368,南昌师范学院,4,7,化学,,"物理,化学",2,4,4120.0
海南,2025,本科批,综合,1368,南昌师范学院,3,4,旅游管理,,不限,2,4,3880.0
海南,2025,本科批,综合,1368,南昌师范学院,3,5,电子商务,,不限,2,4,3880.0
海南,2025,本科批,综合,1368,南昌师范学院,5,8,秘书学,,"政治,历史",2,4,3650.0
海南,2025,本科批,综合,1368,南昌师范学院,4,6,统计学,,"物理,化学",2,4,4120.0
海南,2025,本科批,综合,1342,南昌医学院,3,9,中医学,(九龙湖校区；不招色盲、色弱及单色识别不全考生),"物理,生物",2,5,4350.0
海南,2025,本科批,综合,1342,南昌医学院,1,3,中西医临床医学,(九龙湖校区；不招色盲、色弱及单色识别不全考生),"物理,化学",2,5,4350.0
海南,2025,本科批,综合,1342,南昌医学院,1,4,临床医学,(九龙湖校区；不招色盲、色弱及单色识别不全考生),"物理,化学",2,5,4350.0
海南,2025,本科批,综合,1342,南昌医学院,2,7,助产学,"(象湖校区；不招色盲、色弱及单色识别不全考生；建议男生身高不低于167cm,女生身高不低于157cm)",生物,2,4,4350.0
海南,2025,本科批,综合,1342,南昌医学院,2,6,护理学,"(象湖校区；不招色盲、色弱及单色识别不全考生；建议男生身高不低于167cm,女生身高不低于157cm)",生物,2,4,4350.0
海南,2025,本科批,综合,1342,南昌医学院,3,8,针灸推拿学,(九龙湖校区；不招色盲、色弱及单色识别不全考生),"物理,生物",2,5,4350.0
海南,2025,本科批,综合,1342,南昌医学院,1,1,口腔医学,(九龙湖校区；不招色盲、色弱及单色识别不全考生),"物理,化学",1,5,4350.0
海南,2025,本科批,综合,1342,南昌医学院,80,5,康复治疗学,(象湖校区；不招色盲、色弱及单色识别不全考生),"物理,化学",1,4,4350.0
海南,2025,本科批,综合,1342,南昌医学院,1,2,预防医学,(九龙湖校区；不招色盲、色弱及单色识别不全考生),"物理,化学",1,5,4350.0
海南,2025,专科批,综合,1345,南昌应用技术师范学院,2,3,大数据与会计,,不限,2,3,
海南,2025,专科批,综合,1345,南昌应用技术师范学院,2,2,电子信息工程技术,,不限,2,3,
海南,2025,本科批,综合,1325,南昌职业大学,4,5,大数据工程技术,,物理,2,4,24600.0
海南,2025,本科批,综合,1325,南昌职业大学,4,6,机械设计制造及自动化,,物理,2,4,24000.0
海南,2025,本科批,综合,1325,南昌职业大学,4,7,电气工程及自动化,,物理,2,4,26300.0
海南,2025,本科批,综合,1325,南昌职业大学,4,8,网络工程技术,,物理,2,4,24600.0
海南,2025,本科批,综合,1325,南昌职业大学,4,9,软件工程技术,,物理,2,4,24600.0
海南,2025,专科批,综合,1325,南昌职业大学,7,13,计算机网络技术,,不限,5,3,15500.0
海南,2025,专科批,综合,1325,南昌职业大学,7,14,软件技术,,不限,5,3,13200.0
海南,2025,专科批,综合,1325,南昌职业大学,7,12,云计算技术应用,,不限,10,3,18500.0
海南,2025,专科批,综合,2485,南充电影工业职业学院,3,5,大数据技术,,不限,2,3,14800.0
海南,2025,专科批,综合,2485,南充电影工业职业学院,3,4,数字媒体技术,,不限,2,3,14800.0
海南,2025,专科批,综合,2485,南充电影工业职业学院,3,3,电子商务,,不限,2,3,10380.0
海南,2025,专科批,综合,2480,南充科技职业学院,1,2,应急救援技术,,不限,5,3,11660.0
海南,2025,专科批,综合,2480,南充科技职业学院,1,3,医学美容技术,,不限,2,3,10600.0
海南,2025,专科批,综合,2480,南充科技职业学院,1,1,消防救援技术,,不限,2,3,11000.0
海南,2025,专科批,综合,2480,南充科技职业学院,1,4,消防救援技术,(城市消防救援方向),不限,1,3,11000.0
海南,2025,专科批,综合,2484,南充文化旅游职业学院,1,1,旅游管理,,不限,5,3,4800.0
海南,2025,专科批,综合,2484,南充文化旅游职业学院,1,3,电子商务,,不限,5,3,4800.0
海南,2025,专科批,综合,2484,南充文化旅游职业学院,1,2,酒店管理与数字化运营,,不限,5,3,4800.0
海南,2025,本科提前批,综合,2155,南方科技大学,1,1,物理学,"(考生投档成绩须达到部分特殊类型招生投档最低控制分数线；按照综合评价招生模式择优录取考生；入学时不分专业,大一、大二根据兴趣、能力和社会需求再选择专业(中外合作办学专业除外)；特优考生可进入卓越计划)","物理,化学",10,4,6000.0
海南,2025,本科批,综合,2074,南方医科大学,2,6,医学检验技术,(不招色盲、色弱),"物理,化学",4,4,7660.0
海南,2025,本科批,综合,2074,南方医科大学,2,9,临床医学,(不招色盲、色弱),"物理,化学",3,5,7660.0
海南,2025,本科批,综合,2074,南方医科大学,2,4,基础医学,(不招色盲、色弱),"物理,化学",3,5,7660.0
海南,2025,本科批,综合,2074,南方医科大学,2,8,康复治疗学,(不招色盲、色弱),"物理,化学",3,4,7660.0
海南,2025,本科批,综合,2074,南方医科大学,2,11,生物医学工程,(不招色盲、色弱),"物理,化学",3,4,6850.0
海南,2025,本科批,综合,2074,南方医科大学,2,5,临床医学,(本博连读八年制)(不招色盲、色弱),"物理,化学",2,5,7660.0
海南,2025,本科批,综合,2074,南方医科大学,2,7,口腔医学,(不招色盲、色弱),"物理,化学",2,5,7660.0
海南,2025,本科批,综合,2074,南方医科大学,2,3,药学,(不招色盲、色弱),"物理,化学",2,4,7660.0
海南,2025,本科批,综合,2074,南方医科大学,2,10,中西医临床医学,(创新班)(不招色盲、色弱),"物理,化学",1,5,7660.0
海南,2025,本科批,综合,1894,南华大学,2,11,护理学,,化学,8,4,7500.0
海南,2025,本科批,综合,1894,南华大学,3,41,药学,,"物理,化学",8,4,7500.0
海南,2025,本科批,综合,1894,南华大学,3,21,核工程与核技术,(含卓越工程师班),"物理,化学",4,4,5900.0
海南,2025,本科批,综合,1894,南华大学,1,9,英语,,不限,4,4,4500.0
海南,2025,本科批,综合,1894,南华大学,1,6,会计学,,不限,3,4,5000.0
海南,2025,本科批,综合,1894,南华大学,1,7,工商管理,,不限,3,4,5000.0
海南,2025,本科批,综合,1894,南华大学,3,37,临床医学,,"物理,化学",2,5,7500.0
海南,2025,本科批,综合,1894,南华大学,3,30,人工智能,,"物理,化学",2,4,5900.0
海南,2025,本科批,综合,1894,南华大学,3,36,制药工程,,"物理,化学",2,4,5900.0
海南,2025,本科批,综合,1894,南华大学,3,35,化学工程与工艺,,"物理,化学",2,4,5900.0
海南,2025,本科批,综合,1894,南华大学,3,38,医学影像学,,"物理,化学",2,5,7500.0
海南,2025,本科批,综合,1894,南华大学,3,39,医学检验技术,,"物理,化学",2,4,7500.0
海南,2025,本科批,综合,1894,南华大学,1,5,国际经济与贸易,,不限,2,4,5000.0
海南,2025,本科批,综合,1894,南华大学,3,31,土木工程,,"物理,化学",2,4,5900.0
海南,2025,本科批,综合,1894,南华大学,1,1,城乡规划,,不限,2,5,5900.0
海南,2025,本科批,综合,1894,南华大学,3,26,城市地下空间工程,,"物理,化学",2,4,5900.0
海南,2025,本科批,综合,1894,南华大学,3,25,安全工程,(含卓越工程师班),"物理,化学",2,4,5900.0
海南,2025,本科批,综合,1894,南华大学,3,32,建筑环境与能源应用工程,,"物理,化学",2,4,5900.0
海南,2025,本科批,综合,1894,南华大学,3,28,数据科学与大数据技术,,"物理,化学",2,4,5900.0
海南,2025,本科批,综合,1894,南华大学,3,15,智能制造工程,,"物理,化学",2,4,5900.0
海南,2025,本科批,综合,1894,南华大学,3,34,智能建造与智慧交通,,"物理,化学",2,4,5900.0
海南,2025,本科批,综合,1894,南华大学,3,19,机器人工程,,"物理,化学",2,4,5900.0
海南,2025,本科批,综合,1894,南华大学,3,12,机械设计制造及其自动化,,"物理,化学",2,4,5900.0
海南,2025,本科批,综合,1894,南华大学,3,13,材料成型及控制工程,,"物理,化学",2,4,5900.0
海南,2025,本科批,综合,1894,南华大学,3,23,核化工与核燃料工程,,"物理,化学",2,4,5900.0
海南,2025,本科批,综合,1894,南华大学,1,10,汉语言文学,,不限,2,4,4500.0
海南,2025,本科批,综合,1894,南华大学,1,3,法学,,不限,2,4,5000.0
海南,2025,本科批,综合,1894,南华大学,3,29,物联网工程,,"物理,化学",2,4,5900.0
海南,2025,本科批,综合,1894,南华大学,3,20,生物医学工程,,"物理,化学",2,4,5900.0
海南,2025,本科批,综合,1894,南华大学,3,40,生物技术,,"物理,化学",2,4,4500.0
海南,2025,本科批,综合,1894,南华大学,1,8,电子商务,,不限,2,4,5000.0
海南,2025,本科批,综合,1894,南华大学,3,17,电气工程及其自动化,,"物理,化学",2,4,5900.0
海南,2025,本科批,综合,1894,南华大学,1,4,经济学,,不限,2,4,5000.0
海南,2025,本科批,综合,1894,南华大学,3,33,给排水科学与工程,,"物理,化学",2,4,5900.0
海南,2025,本科批,综合,1894,南华大学,3,16,能源与动力工程,,"物理,化学",2,4,5900.0
海南,2025,本科批,综合,1894,南华大学,3,18,自动化,,"物理,化学",2,4,5900.0
海南,2025,本科批,综合,1894,南华大学,3,24,资源勘查工程,,"物理,化学",2,4,3600.0
海南,2025,本科批,综合,1894,南华大学,3,14,车辆工程,,"物理,化学",2,4,5900.0
海南,2025,本科批,综合,1894,南华大学,3,27,软件工程,,"物理,化学",2,4,5900.0
海南,2025,本科批,综合,1894,南华大学,3,22,辐射防护与核安全,,"物理,化学",2,4,5900.0
海南,2025,本科批,综合,1894,南华大学,1,2,风景园林,,不限,2,4,5900.0
海南,2025,本科批,综合,802,南京财经大学,1,4,国际经济与贸易,,不限,3,4,5200.0
海南,2025,本科批,综合,802,南京财经大学,1,2,工商管理类,(包含专业:会计学、审计学、财务管理),不限,3,4,5700.0
海南,2025,本科批,综合,802,南京财经大学,1,3,旅游管理,(与南京旅游集团有限责任公司联合培养),不限,3,4,5200.0
海南,2025,本科批,综合,802,南京财经大学,1,5,物流管理,,不限,3,4,5200.0
海南,2025,本科批,综合,802,南京财经大学,1,1,财政学类,(包含专业:财政学、税收学),不限,3,4,5200.0
海南,2025,本科批,综合,775,南京大学,1,9,技术科学试验班,(包含专业:智能科学与技术、集成电路设计与集成系统、数字经济、自动化(机器人方向)),"物理,化学",3,4,6380.0
海南,2025,本科批,综合,775,南京大学,1,5,软件工程,,"物理,化学",3,4,6380.0
海南,2025,本科批,综合,775,南京大学,1,1,人工智能,,"物理,化学",2,4,6380.0
海南,2025,本科批,综合,775,南京大学,1,4,理科试验班,(匡亚明学院大理科班)(包含专业:数学与应用数学、信息与计算科学、物理学、化学、天文学、生物科学、生物科学(生物化学与分子生物学方向)、计算机科学与技术、计算机科学与技术(脑科学与AI方向)),"物理,化学",2,4,6050.0
海南,2025,本科批,综合,775,南京大学,1,8,理科试验班类,(化学与生命科学类)(包含专业:生物科学、生物技术、生态学、化学、应用化学),"物理,化学",2,4,6050.0
海南,2025,本科批,综合,775,南京大学,1,10,理科试验班类,(数理科学类)(包含专业:数学与应用数学、信息与计算科学、统计学、物理学、应用物理学、声学、天文学、大气科学、应用气象学),"物理,化学",2,4,6050.0
海南,2025,本科批,综合,775,南京大学,1,7,电子信息类,(包含专业:电子信息科学与技术、通信工程、微电子科学与工程、集成电路设计与集成系统),"物理,化学",2,4,6380.0
海南,2025,本科批,综合,775,南京大学,1,2,计算机科学与技术,,"物理,化学",2,4,6050.0
海南,2025,本科批,综合,775,南京大学,1,3,计算机科学与技术,(计算机金融实验班)(含双学士学位),"物理,化学",2,4,6050.0
海南,2025,本科批,综合,775,南京大学,1,6,软件工程,(软工经济创新班)(含双学士学位),"物理,化学",2,4,6380.0
海南,2025,本科批,综合,824,南京工程学院,1,1,国际经济与贸易,,不限,2,4,5200.0
海南,2025,本科批,综合,824,南京工程学院,2,5,电子信息工程,,"物理,化学",2,4,5800.0
海南,2025,本科批,综合,824,南京工程学院,2,2,计算机科学与技术,,"物理,化学",2,4,5800.0
海南,2025,本科批,综合,824,南京工程学院,2,3,车辆工程,,"物理,化学",2,4,5800.0
海南,2025,本科批,综合,824,南京工程学院,2,4,软件工程,,"物理,化学",2,4,5800.0
海南,2025,本科批,综合,782,南京工业大学,2,24,给排水科学与工程,,"物理,化学",4,4,5800.0
海南,2025,本科批,综合,782,南京工业大学,2,8,化学工程与工艺,,"物理,化学",3,4,6380.0
海南,2025,本科批,综合,782,南京工业大学,2,2,应急管理,,"物理,化学",3,4,5200.0
海南,2025,本科批,综合,782,南京工业大学,2,7,应用化学,,"物理,化学",3,4,6050.0
海南,2025,本科批,综合,782,南京工业大学,2,3,无机非金属材料工程,,"物理,化学",3,4,6380.0
海南,2025,本科批,综合,782,南京工业大学,2,26,柔性电子学,,"物理,化学",3,4,5800.0
海南,2025,本科批,综合,782,南京工业大学,2,12,药学,,"物理,化学",3,4,6800.0
海南,2025,本科批,综合,782,南京工业大学,2,22,交通工程,,"物理,化学",2,4,5800.0
海南,2025,本科批,综合,782,南京工业大学,2,19,人工智能,,"物理,化学",2,4,5800.0
海南,2025,本科批,综合,782,南京工业大学,2,14,制药工程,,"物理,化学",2,4,6380.0
海南,2025,本科批,综合,782,南京工业大学,2,9,化工安全工程,,"物理,化学",2,4,6380.0
海南,2025,本科批,综合,782,南京工业大学,2,20,土木工程,,"物理,化学",2,4,5800.0
海南,2025,本科批,综合,782,南京工业大学,2,23,地质工程,,"物理,化学",2,4,5800.0
海南,2025,本科批,综合,782,南京工业大学,2,13,城乡规划,,"物理,化学",2,5,5800.0
海南,2025,本科批,综合,782,南京工业大学,2,4,安全工程,,"物理,化学",2,4,6380.0
海南,2025,本科批,综合,782,南京工业大学,1,1,工业工程,,物理,2,4,5200.0
海南,2025,本科批,综合,782,南京工业大学,2,6,应急技术与管理,,"物理,化学",2,4,5800.0
海南,2025,本科批,综合,782,南京工业大学,2,21,智能建造,,"物理,化学",2,4,6380.0
海南,2025,本科批,综合,782,南京工业大学,2,25,测绘工程,,"物理,化学",2,4,5800.0
海南,2025,本科批,综合,782,南京工业大学,2,5,环境工程,,"物理,化学",2,4,5800.0
海南,2025,本科批,综合,782,南京工业大学,2,15,生物工程,,"物理,化学",2,4,6380.0
海南,2025,本科批,综合,782,南京工业大学,2,11,电气工程及其自动化,,"物理,化学",2,4,6380.0
海南,2025,本科批,综合,782,南京工业大学,2,18,计算机科学与技术,,"物理,化学",2,4,5800.0
海南,2025,本科批,综合,782,南京工业大学,2,17,轻化工程,,"物理,化学",2,4,6380.0
海南,2025,本科批,综合,782,南京工业大学,2,10,过程装备与控制工程,,"物理,化学",2,4,6380.0
海南,2025,本科批,综合,782,南京工业大学,2,16,食品科学与工程,,"物理,化学",2,4,6380.0
海南,2025,本科批,综合,778,南京航空航天大学,3,12,航空航天类,(包含专业:飞行器设计与工程、飞行器环境与生命保障工程、飞行器动力工程、飞行器制造工程、航空航天工程、飞行器控制与信息工程),"物理,化学",5,4,6380.0
海南,2025,本科批,综合,778,南京航空航天大学,3,6,交通运输,"(一、二年级在常州市天目湖校区就读,三、四年级在南京市将军路校区就读)","物理,化学",4,4,6380.0
海南,2025,本科批,综合,778,南京航空航天大学,3,7,机械工程,,"物理,化学",3,4,6380.0
海南,2025,本科批,综合,778,南京航空航天大学,3,8,光电信息材料与器件,"(一、二年级在常州市天目湖校区就读,三、四年级在南京市将军路校区就读)","物理,化学",2,4,6380.0
海南,2025,本科批,综合,778,南京航空航天大学,80,10,工业工程,"(中外合作办学)(一至三年级在南京市将军路校区就读,四年级学习地点根据培养计划具体安排；学费拟按75000元/生/年收费)","物理,化学",2,4,
海南,2025,本科批,综合,778,南京航空航天大学,4,13,广播电视学,"(一、二年级在常州市天目湖校区就读,三、四年级在南京市将军路校区就读)",历史,2,4,5200.0
海南,2025,本科批,综合,778,南京航空航天大学,3,11,应用物理学,"(应用物理学+电子信息科学与技术双学士学位)(一、二年级在常州市天目湖校区就读,三、四年级在南京市将军路校区就读)","物理,化学",2,4,6380.0
海南,2025,本科批,综合,778,南京航空航天大学,3,5,无人驾驶航空器系统工程,(办学地点为天目湖校区),"物理,化学",2,4,6380.0
海南,2025,本科批,综合,778,南京航空航天大学,4,14,英语,"(民航业务,国际贸易)(一、二年级在常州市天目湖校区就读,三、四年级在南京市将军路校区就读)",历史,2,4,5200.0
海南,2025,本科批,综合,778,南京航空航天大学,3,4,软件工程,"(一、二年级在常州市天目湖校区就读,三、四年级在南京市将军路校区就读)","物理,化学",2,4,6380.0
海南,2025,本科批,综合,778,南京航空航天大学,80,9,人工智能,"(中外合作办学)(一至三年级在南京市将军路校区就读,四年级学习地点根据培养计划具体安排；学费拟按75000元/生/年收费)","物理,化学",1,4,
海南,2025,本科提前批,综合,778,南京航空航天大学,1,1,飞行技术,"(送培单位为中国南方航空公司；基本学制四年(根据飞行训练安排,实行弹性学制)；报考该专业须提前经过民航专业机构的招飞体检鉴定、民用航空背景调查、飞行职业心理学检测合格；合格考生再依据投档成绩从高到低顺序录取；报考该专业须仔细阅读该校招生章程)","物理,化学",5,4,6380.0
海南,2025,国家专项,综合,778,南京航空航天大学,2,2,交通运输,"(一、二年级在常州市天目湖校区就读,三、四年级在南京市将军路校区就读)","物理,化学",2,4,6380.0
海南,2025,国家专项,综合,778,南京航空航天大学,2,3,交通运输,(航空智能运维工程)(办学地点为天目湖校区),"物理,化学",1,4,6380.0
海南,2025,本科批,综合,885,南京航空航天大学金城学院,4,8,计算机科学与技术,,"物理,化学",4,4,20000.0
海南,2025,本科批,综合,885,南京航空航天大学金城学院,4,9,信息工程,,"物理,化学",3,4,22000.0
海南,2025,本科批,综合,885,南京航空航天大学金城学院,3,6,工程造价,,物理,3,4,20000.0
海南,2025,本科批,综合,885,南京航空航天大学金城学院,2,3,工商管理,,不限,2,4,18000.0
海南,2025,本科批,综合,885,南京航空航天大学金城学院,4,7,电气工程及其自动化,,"物理,化学",2,4,22000.0
海南,2025,本科批,综合,885,南京航空航天大学金城学院,2,4,财务管理,,不限,2,4,18000.0
海南,2025,本科批,综合,885,南京航空航天大学金城学院,2,5,金融学,,不限,2,4,18000.0
海南,2025,本科提前批(面试),综合,830,南京警察学院,1,4,食品药品环境犯罪侦查技术,(只招男生)(只招男生),"物理,化学",9,4,6000.0
海南,2025,本科提前批(面试),综合,830,南京警察学院,2,8,侦查学,(只招男生)(只招男生),政治,5,4,6000.0
海南,2025,本科提前批(面试),综合,830,南京警察学院,2,7,治安学,(只招男生)(只招男生),政治,5,4,6000.0
海南,2025,本科提前批(面试),综合,830,南京警察学院,2,10,公安情报学,(只招男生)(只招男生),政治,4,4,6000.0
海南,2025,本科提前批(面试),综合,830,南京警察学院,1,3,数据警务技术,(只招男生)(只招男生),"物理,化学",4,4,6000.0
海南,2025,本科提前批(面试),综合,830,南京警察学院,1,6,食品药品环境犯罪侦查技术,(只招女生)(只招女生),"物理,化学",3,4,6000.0
海南,2025,本科提前批(面试),综合,830,南京警察学院,1,1,刑事科学技术,(只招男生)(只招男生),"物理,化学",2,4,6000.0
海南,2025,本科提前批(面试),综合,830,南京警察学院,1,2,网络安全与执法,(只招男生)(只招男生),"物理,化学",2,4,6000.0
海南,2025,本科提前批(面试),综合,830,南京警察学院,2,11,警务指挥与战术,(特警方向、只招男生)(只招男生),政治,2,4,6000.0
海南,2025,本科提前批(面试),综合,830,南京警察学院,2,13,侦查学,(只招女生)(只招女生),政治,1,4,6000.0
海南,2025,本科提前批(面试),综合,830,南京警察学院,1,5,数据警务技术,(只招女生)(只招女生),"物理,化学",1,4,6000.0
海南,2025,本科提前批(面试),综合,830,南京警察学院,2,12,治安学,(只招女生)(只招女生),政治,1,4,6000.0
海南,2025,本科提前批(面试),综合,830,南京警察学院,2,9,警犬技术,(只招男生)(只招男生),政治,1,4,6000.0
海南,2025,专科批,综合,863,南京科技职业学院,1,1,工业机器人技术,,不限,3,3,5300.0
海南,2025,专科批,综合,863,南京科技职业学院,1,2,电子信息工程技术,,不限,3,3,5300.0
海南,2025,专科批,综合,863,南京科技职业学院,1,3,大数据与财务管理,,不限,2,3,4700.0
海南,2025,专科批,综合,863,南京科技职业学院,1,4,电子商务,,不限,2,3,4700.0
海南,2025,本科批,综合,779,南京理工大学,5,12,材料类,"(包含专业:材料科学与工程、材料物理、纳米材料与技术、材料成型及控制工程；第一学年在江阴校区学习,第二、三、四学年在南京校区学习)","物理,化学",8,4,6380.0
海南,2025,本科批,综合,779,南京理工大学,5,8,化工与制药类,"(包含专业:材料化学、高分子材料与工程、化学工程与工艺、应用化学、制药工程；第一学年在江阴校区学习,第二、三、四学年在南京校区学习)","物理,化学",6,4,6050.0
海南,2025,本科批,综合,779,南京理工大学,5,7,兵器类,"(包含专业:弹药工程与爆炸技术、武器系统与工程；第一学年在江阴校区学习,第二、三、四学年在南京校区学习)","物理,化学",5,4,6380.0
海南,2025,本科批,综合,779,南京理工大学,4,5,工商管理类,"(包含专业:会计学、人力资源管理；第一学年在江阴校区学习,第二、三、四学年在南京校区学习)",物理,5,4,5720.0
海南,2025,本科批,综合,779,南京理工大学,4,4,经济学类,"(包含专业:国际经济与贸易、金融学；第一学年在江阴校区学习,第二、三、四学年在南京校区学习)",物理,5,4,5720.0
海南,2025,本科批,综合,779,南京理工大学,5,6,机械类,"(包含专业:车辆工程、工业工程、机械工程；第一学年在江阴校区学习,第二、三、四学年在南京校区学习)","物理,化学",2,4,6380.0
海南,2025,本科批,综合,779,南京理工大学,5,9,电子信息类,"(包含专业:电子科学与技术、电子信息工程、光电信息科学与工程、通信工程；第一学年在江阴校区学习,第二、三、四学年在南京校区学习)","物理,化学",2,4,6380.0
海南,2025,本科批,综合,779,南京理工大学,5,11,能源动力类,"(包含专业:储能科学与工程、能源与动力工程；第一学年在江阴校区学习,第二、三、四学年在南京校区学习)","物理,化学",2,4,5800.0
海南,2025,本科批,综合,779,南京理工大学,5,10,计算机类,"(包含专业:计算机科学与技术、软件工程、智能科学与技术；第一学年在江阴校区学习,第二、三、四学年在南京校区学习)","物理,化学",2,4,6380.0
海南,2025,本科批,综合,779,南京理工大学,3,3,语言学,"(语言信息智能处理)(第一学年在江阴校区学习,第二、三、四学年在南京校区学习)",不限,2,4,5200.0
海南,2025,国家专项,综合,779,南京理工大学,2,2,安全工程,"(第一学年在江阴校区学习,第二、三、四学年在南京校区学习)","物理,化学",2,4,5800.0
海南,2025,国家专项,综合,779,南京理工大学,1,1,工商管理类,"(包含专业:会计学、人力资源管理；第一学年在江阴校区学习,第二、三、四学年在南京校区学习)",物理,2,4,5720.0
海南,2025,本科批,综合,894,南京理工大学泰州科技学院,1,1,制药工程,,"物理,化学",5,4,20000.0
海南,2025,本科批,综合,787,南京林业大学,3,9,信息与计算科学,,"物理,化学",4,4,5500.0
海南,2025,本科批,综合,787,南京林业大学,3,5,林学类,(包含专业:林学、智慧林业、经济林；不招色盲、色弱),"物理,化学",4,4,2750.0
海南,2025,本科批,综合,787,南京林业大学,3,11,交通运输,(不招色盲),"物理,化学",2,4,5800.0
海南,2025,本科批,综合,787,南京林业大学,4,13,园林,(不招色盲、色弱),生物,2,4,2750.0
海南,2025,本科批,综合,787,南京林业大学,3,6,园艺,(不招色盲、色弱),"物理,化学",2,4,2500.0
海南,2025,本科批,综合,787,南京林业大学,2,3,工程管理,,物理,2,4,5200.0
海南,2025,本科批,综合,787,南京林业大学,1,1,旅游管理,,不限,2,4,5200.0
海南,2025,本科批,综合,787,南京林业大学,3,4,测绘工程,,"物理,化学",2,4,5800.0
海南,2025,本科批,综合,787,南京林业大学,3,8,环境工程,(不招色盲、色弱),"物理,化学",2,4,6380.0
海南,2025,本科批,综合,787,南京林业大学,3,12,环境科学,,"物理,化学",2,4,6050.0
海南,2025,本科批,综合,787,南京林业大学,1,2,英语,,不限,2,4,5200.0
海南,2025,本科批,综合,787,南京林业大学,3,7,野生动物与自然保护区管理,(不招色盲、色弱),"物理,化学",2,4,2750.0
海南,2025,本科批,综合,787,南京林业大学,3,10,食品科学与工程类,(包含专业:食品科学与工程、食品质量与安全；不招色盲、色弱),"物理,化学",2,4,6380.0
海南,2025,本科批,综合,793,南京农业大学,2,5,食品科学与工程类,(包含专业:食品科学与工程、食品质量与安全、生物工程、食品营养与健康),"物理,化学",7,4,5800.0
海南,2025,本科批,综合,793,南京农业大学,2,3,环境科学与工程类,(包含专业:环境工程、环境科学、农业资源与环境、生态学),"物理,化学",5,4,2750.0
海南,2025,本科批,综合,793,南京农业大学,2,6,园艺,,"物理,化学",3,4,2750.0
海南,2025,本科批,综合,793,南京农业大学,2,2,植物保护,,"物理,化学",3,4,2750.0
海南,2025,本科批,综合,793,南京农业大学,2,4,动物科学,,"物理,化学",2,4,2750.0
海南,2025,本科批,综合,793,南京农业大学,2,7,茶学,,"物理,化学",2,4,2500.0
海南,2025,国家专项,综合,793,南京农业大学,1,1,风景园林,,不限,1,4,6380.0
海南,2025,本科批,综合,825,南京审计大学,1,3,会计学,,不限,4,4,5720.0
海南,2025,本科批,综合,825,南京审计大学,1,13,审计学,,不限,4,4,5720.0
海南,2025,本科批,综合,825,南京审计大学,1,4,财务管理,,不限,4,4,5720.0
海南,2025,本科批,综合,825,南京审计大学,1,10,人力资源管理,,不限,3,4,5200.0
海南,2025,本科批,综合,825,南京审计大学,1,5,法学,,不限,3,4,5200.0
海南,2025,本科批,综合,825,南京审计大学,1,6,法学,(法务金融),不限,3,4,5200.0
海南,2025,本科批,综合,825,南京审计大学,1,8,法学,(法务会计),不限,3,4,5200.0
海南,2025,本科批,综合,825,南京审计大学,80,12,审计学,(中外合作办学),不限,2,4,56000.0
海南,2025,本科批,综合,825,南京审计大学,1,9,工商管理,,不限,2,4,5200.0
海南,2025,本科批,综合,825,南京审计大学,81,14,工程管理,(中外合作办学),物理,2,4,56000.0
海南,2025,本科批,综合,825,南京审计大学,1,7,投资学,,不限,2,4,5200.0
海南,2025,本科批,综合,825,南京审计大学,1,2,税收学,,不限,2,4,5720.0
海南,2025,本科批,综合,825,南京审计大学,1,11,行政管理,,不限,2,4,5200.0
海南,2025,本科批,综合,825,南京审计大学,1,1,财政学,,不限,2,4,5720.0
海南,2025,本科批,综合,825,南京审计大学,81,15,金融工程,(中外合作办学),物理,2,4,56000.0
海南,2025,本科批,综合,915,南京审计大学金审学院,1,1,审计学,,不限,4,4,19800.0
海南,2025,本科批,综合,915,南京审计大学金审学院,1,3,会计学,,不限,3,4,18000.0
海南,2025,本科批,综合,915,南京审计大学金审学院,1,6,税收学,,不限,3,4,18000.0
海南,2025,本科批,综合,915,南京审计大学金审学院,1,4,财务管理,,不限,2,4,18000.0
海南,2025,本科批,综合,915,南京审计大学金审学院,1,5,金融学,,不限,2,4,18000.0
海南,2025,本科批,综合,915,南京审计大学金审学院,3,10,信息安全,,"物理,化学",1,4,20000.0
海南,2025,本科批,综合,915,南京审计大学金审学院,2,8,信息管理与信息系统,,物理,1,4,18000.0
海南,2025,本科批,综合,915,南京审计大学金审学院,1,7,养老服务管理,,不限,1,4,18000.0
海南,2025,本科批,综合,915,南京审计大学金审学院,1,2,内部审计,,不限,1,4,18000.0
海南,2025,本科批,综合,915,南京审计大学金审学院,3,11,数据科学与大数据技术,,"物理,化学",1,4,20000.0
海南,2025,本科批,综合,915,南京审计大学金审学院,3,9,计算机科学与技术,,"物理,化学",1,4,22000.0
海南,2025,本科批,综合,798,南京师范大学,1,1,海洋资源与环境,,"物理,化学",3,4,6050.0
海南,2025,本科批,综合,895,南京师范大学泰州学院,1,2,法学,,不限,4,4,18000.0
海南,2025,本科批,综合,895,南京师范大学泰州学院,1,6,英语,(师范),不限,4,4,18000.0
海南,2025,本科批,综合,895,南京师范大学泰州学院,1,4,小学教育,(师范),不限,3,4,19800.0
海南,2025,本科批,综合,895,南京师范大学泰州学院,1,5,汉语言文学,(师范),不限,3,4,18000.0
海南,2025,本科批,综合,895,南京师范大学泰州学院,1,3,行政管理,,不限,3,4,18000.0
海南,2025,本科批,综合,895,南京师范大学泰州学院,1,1,财务管理,,不限,3,4,18000.0
海南,2025,本科批,综合,835,南京特殊教育师范学院,1,5,英语,,不限,4,4,5200.0
海南,2025,本科批,综合,835,南京特殊教育师范学院,1,4,公共事业管理,,不限,3,4,5200.0
海南,2025,本科批,综合,835,南京特殊教育师范学院,2,6,康复治疗学,,"物理,化学",2,4,6800.0
海南,2025,本科批,综合,835,南京特殊教育师范学院,2,7,计算机科学与技术,,"物理,化学",2,4,5800.0
海南,2025,本科批,综合,835,南京特殊教育师范学院,2,8,软件工程,,"物理,化学",2,4,5800.0
海南,2025,本科批,综合,835,南京特殊教育师范学院,1,2,孤独症儿童教育,,不限,1,4,5200.0
海南,2025,本科批,综合,835,南京特殊教育师范学院,1,3,教育康复学,,不限,1,4,5200.0
海南,2025,本科批,综合,835,南京特殊教育师范学院,1,1,特殊教育,,不限,1,4,5200.0
海南,2025,本科批,综合,789,南京信息工程大学,1,1,大气科学类,(包含专业:大气科学),"物理,化学",4,4,6050.0
海南,2025,本科批,综合,789,南京信息工程大学,1,4,海洋科学类,(包含专业:海洋科学、海洋技术、海洋资源与环境),"物理,化学",3,4,5500.0
海南,2025,本科批,综合,789,南京信息工程大学,1,5,人工智能,,"物理,化学",2,4,6380.0
海南,2025,本科批,综合,789,南京信息工程大学,1,2,安全工程,,"物理,化学",2,4,5800.0
海南,2025,本科批,综合,789,南京信息工程大学,1,6,计算机科学与技术,,"物理,化学",2,4,6380.0
海南,2025,本科批,综合,789,南京信息工程大学,1,3,遥感科学与技术,,"物理,化学",2,4,6380.0
海南,2025,专科批,综合,878,南京信息职业技术学院,1,4,嵌入式技术应用,,不限,2,3,5300.0
海南,2025,专科批,综合,878,南京信息职业技术学院,1,5,电子商务,,不限,2,3,4700.0
海南,2025,专科批,综合,878,南京信息职业技术学院,1,3,虚拟现实技术应用,,不限,2,3,5300.0
海南,2025,专科批,综合,878,南京信息职业技术学院,1,1,机电一体化技术,,不限,1,3,5300.0
海南,2025,专科批,综合,878,南京信息职业技术学院,1,2,电子信息工程技术,,不限,1,3,5300.0
海南,2025,本科批,综合,794,南京医科大学,2,2,临床医学,(5+3一体化),"物理,化学",2,5,7480.0
海南,2025,本科批,综合,794,南京医科大学,2,3,临床医学,,"物理,化学",2,5,7480.0
海南,2025,本科批,综合,794,南京医科大学,1,1,公共事业管理,(卫生事业管理),不限,2,4,5200.0
海南,2025,本科批,综合,794,南京医科大学,2,5,口腔医学,,"物理,化学",2,5,7480.0
海南,2025,本科批,综合,794,南京医科大学,2,4,护理学,,"物理,化学",2,4,6800.0
海南,2025,本科批,综合,805,南京艺术学院,2,3,艺术管理,,不限,1,4,9900.0
海南,2025,本科批,综合,784,南京邮电大学,1,9,信息安全,,"物理,化学",6,4,6380.0
海南,2025,本科批,综合,784,南京邮电大学,1,4,光电信息科学与工程,,"物理,化学",6,4,6380.0
海南,2025,本科批,综合,784,南京邮电大学,1,14,新能源材料与器件,,"物理,化学",6,4,6380.0
海南,2025,本科批,综合,784,南京邮电大学,1,11,自动化,,"物理,化学",6,4,6380.0
海南,2025,本科批,综合,784,南京邮电大学,1,8,软件工程,,"物理,化学",6,4,6380.0
海南,2025,本科批,综合,784,南京邮电大学,1,5,微电子科学与工程,,"物理,化学",5,4,6380.0
海南,2025,本科批,综合,784,南京邮电大学,1,16,物联网工程,,"物理,化学",5,4,6380.0
海南,2025,本科批,综合,784,南京邮电大学,1,2,电子信息工程,,"物理,化学",5,4,6380.0
海南,2025,本科批,综合,784,南京邮电大学,1,3,电子科学与技术,,"物理,化学",5,4,6380.0
海南,2025,本科批,综合,784,南京邮电大学,1,13,人工智能,,"物理,化学",4,4,6380.0
海南,2025,本科批,综合,784,南京邮电大学,1,18,地理信息科学,,"物理,化学",4,4,5500.0
海南,2025,本科批,综合,784,南京邮电大学,1,15,网络工程,,"物理,化学",4,4,6380.0
海南,2025,本科批,综合,784,南京邮电大学,1,7,计算机科学与技术,,"物理,化学",4,4,6380.0
海南,2025,本科批,综合,784,南京邮电大学,1,17,应用统计学,,"物理,化学",3,4,5500.0
海南,2025,本科批,综合,784,南京邮电大学,1,10,数据科学与大数据技术,,"物理,化学",3,4,6380.0
海南,2025,本科批,综合,784,南京邮电大学,1,20,数字媒体技术,,"物理,化学",2,4,6380.0
海南,2025,本科批,综合,784,南京邮电大学,1,12,测控技术与仪器,,"物理,化学",2,4,6380.0
海南,2025,本科批,综合,784,南京邮电大学,1,19,邮政工程,,"物理,化学",2,4,5800.0
海南,2025,本科批,综合,784,南京邮电大学,1,6,集成电路设计与集成系统,,"物理,化学",2,4,6380.0
海南,2025,本科批,综合,784,南京邮电大学,1,1,通信工程,,"物理,化学",10,4,6380.0
海南,2025,本科批,综合,910,南京邮电大学通达学院,1,3,通信工程,,"物理,化学",4,4,22000.0
海南,2025,本科批,综合,910,南京邮电大学通达学院,1,4,电气工程及其自动化,,"物理,化学",2,4,22000.0
海南,2025,本科批,综合,910,南京邮电大学通达学院,1,1,计算机科学与技术,,"物理,化学",2,4,20000.0
海南,2025,本科批,综合,910,南京邮电大学通达学院,1,2,数字媒体技术,,"物理,化学",1,4,20000.0
海南,2025,本科批,综合,96,南开大学,2,2,金融学类,(包含专业:金融学、保险学(保险与精算)；本专业大类内专业任选),不限,5,4,5200.0
海南,2025,本科批,综合,96,南开大学,3,6,工科试验班,(信息科学与技术)(包含专业:计算机科学与技术、信息安全、物联网工程、自动化、智能科学与技术、软件工程；本专业大类内专业任选),"物理,化学",4,4,5800.0
海南,2025,本科批,综合,96,南开大学,3,7,理科试验班,(物理与光电信息技术工程)(包含专业:物理学、应用物理学、光电信息科学与工程、电子信息科学与技术、微电子科学与工程、电子科学与技术、通信工程；本专业大类内专业任选),"物理,化学",4,4,5800.0
海南,2025,本科批,综合,96,南开大学,2,3,经济学类,(包含专业:经济学、国际经济与贸易、财政学、商务经济学；本专业大类内专业任选),不限,4,4,5200.0
海南,2025,本科批,综合,96,南开大学,2,4,中国语言文学类,(包含专业:汉语言文学、新闻学、网络与新媒体(出版与智能传播方向)、汉语国际教育；本专业大类内专业任选),不限,3,4,5200.0
海南,2025,本科批,综合,96,南开大学,2,5,法学,,不限,3,4,5200.0
海南,2025,本科批,综合,96,南开大学,3,8,理科试验班,(数学与大数据)(包含专业:数学与应用数学、信息与计算科学、数据科学、统计学；本专业大类内专业任选),"物理,化学",3,4,5800.0
海南,2025,本科批,综合,96,南开大学,3,9,工科试验班,(卓越拔尖计划伯苓班)(包含专业:光电信息科学与工程、计算机科学与技术、智能科学与技术；本专业大类内业任选),"物理,化学",2,4,5800.0
海南,2025,国家专项,综合,96,南开大学,1,1,工商管理类,(未来商业领导者计划)(包含专业:工商管理、人力资源管理、财务管理、会计学、市场营销、物流管理、图书馆学、档案学、旅游管理、会展经济与管理；本专业大类内专业任选),不限,2,4,5200.0
海南,2025,本科批,综合,2243,南宁理工学院,4,12,国际经济与贸易,,不限,3,4,24800.0
海南,2025,本科批,综合,2243,南宁理工学院,4,14,学前教育,,不限,3,4,24800.0
海南,2025,本科批,综合,2243,南宁理工学院,4,11,工商管理,,不限,3,4,24800.0
海南,2025,本科批,综合,2243,南宁理工学院,4,13,广告学,,不限,3,4,24800.0
海南,2025,本科批,综合,2243,南宁理工学院,4,16,汉语言文学,,不限,3,4,24800.0
海南,2025,本科批,综合,2243,南宁理工学院,4,9,电子商务,,不限,3,4,24800.0
海南,2025,本科批,综合,2243,南宁理工学院,4,10,财务管理,,不限,3,4,24800.0
海南,2025,本科批,综合,2243,南宁理工学院,6,20,人工智能,,"物理,化学",2,4,24800.0
海南,2025,本科批,综合,2243,南宁理工学院,6,19,土木工程,,"物理,化学",2,4,24800.0
海南,2025,本科批,综合,2243,南宁理工学院,5,18,工程造价,,物理,2,4,24800.0
海南,2025,本科批,综合,2243,南宁理工学院,4,15,应用心理学,,不限,2,4,24800.0
海南,2025,本科批,综合,2243,南宁理工学院,6,21,数据科学与大数据技术,,"物理,化学",2,4,24800.0
海南,2025,本科批,综合,2243,南宁理工学院,6,25,智能建造,,"物理,化学",2,4,24800.0
海南,2025,本科批,综合,2243,南宁理工学院,6,22,机器人工程,,"物理,化学",2,4,24800.0
海南,2025,本科批,综合,2243,南宁理工学院,6,23,计算机科学与技术,,"物理,化学",2,4,24800.0
海南,2025,本科批,综合,2243,南宁理工学院,6,24,遥感科学与技术,,"物理,化学",2,4,24800.0
海南,2025,本科批,综合,2243,南宁理工学院,5,17,金融科技,,物理,2,4,24800.0
海南,2025,本科批,综合,2203,南宁师范大学,6,11,地理科学,(不招色盲、单色识别不全者),"物理,地理",3,4,4594.0
海南,2025,本科批,综合,2203,南宁师范大学,5,10,思想政治教育,,政治,3,4,4192.0
海南,2025,本科批,综合,2203,南宁师范大学,2,5,物流工程,,物理,3,4,4592.0
海南,2025,本科批,综合,2203,南宁师范大学,4,9,生物科学,(不招色盲、色弱、单色识别不全者),"物理,化学,生物",3,4,4597.0
海南,2025,本科批,综合,2203,南宁师范大学,80,1,公共事业管理,(不招单色识别不全者),不限,2,4,4598.0
海南,2025,本科批,综合,2203,南宁师范大学,80,2,土地资源管理,(不招单色识别不全者),不限,2,4,4590.0
海南,2025,本科批,综合,2203,南宁师范大学,3,7,数字媒体技术,,"物理,化学",2,4,4598.0
海南,2025,本科批,综合,2203,南宁师范大学,1,4,泰语,,不限,2,4,4188.0
海南,2025,本科批,综合,2203,南宁师范大学,81,8,电子信息工程,(中外合作办学),"物理,化学",2,4,18000.0
海南,2025,本科批,综合,2203,南宁师范大学,3,6,计算机科学与技术,(不招单色识别不全者),"物理,化学",2,4,4600.0
海南,2025,本科批,综合,2203,南宁师范大学,1,3,越南语,,不限,2,4,4188.0
海南,2025,本科批,综合,2240,南宁师范大学师园学院,1,2,小学教育,,不限,5,4,13500.0
海南,2025,本科批,综合,2240,南宁师范大学师园学院,1,3,应用心理学,,不限,3,4,14500.0
海南,2025,本科批,综合,2240,南宁师范大学师园学院,2,4,数学与应用数学,,"物理,化学",3,4,14500.0
海南,2025,本科批,综合,2240,南宁师范大学师园学院,2,5,数据科学与大数据技术,,"物理,化学",3,4,14500.0
海南,2025,本科批,综合,2240,南宁师范大学师园学院,1,1,汉语言文学,,不限,3,4,13500.0
海南,2025,本科批,综合,2240,南宁师范大学师园学院,2,6,计算机科学与技术,,"物理,化学",3,4,15000.0
海南,2025,本科批,综合,2217,南宁学院,3,6,经济与金融,,不限,4,4,20500.0
海南,2025,本科批,综合,2217,南宁学院,5,21,智能建造,,"物理,化学",3,4,22500.0
海南,2025,本科批,综合,2217,南宁学院,5,10,交通运输,(不招收不能准确识别红、黄、绿、兰、紫各种颜色中任何一种颜色的导线、按键、信号灯、几何图形的考生),"物理,化学",2,4,22500.0
海南,2025,本科批,综合,2217,南宁学院,5,14,人工智能,,"物理,化学",2,4,22500.0
海南,2025,本科批,综合,2217,南宁学院,3,4,会计学,,不限,2,4,20500.0
海南,2025,本科批,综合,2217,南宁学院,3,5,学前教育,,不限,2,4,20500.0
海南,2025,本科批,综合,2217,南宁学院,3,7,工商管理,,不限,2,4,20500.0
海南,2025,本科批,综合,2217,南宁学院,5,15,数字媒体技术,,"物理,化学",2,4,22500.0
海南,2025,本科批,综合,2217,南宁学院,4,9,数字经济,,物理,2,4,22500.0
海南,2025,本科批,综合,2217,南宁学院,5,16,智能制造工程,,"物理,化学",2,4,22500.0
海南,2025,本科批,综合,2217,南宁学院,5,20,智能车辆工程,,"物理,化学",2,4,22500.0
海南,2025,本科批,综合,2217,南宁学院,5,18,机器人工程,,"物理,化学",2,4,22500.0
海南,2025,本科批,综合,2217,南宁学院,5,19,机械设计制造及其自动化,,"物理,化学",2,4,22500.0
海南,2025,本科批,综合,2217,南宁学院,5,13,物联网工程,,"物理,化学",2,4,22500.0
海南,2025,本科批,综合,2217,南宁学院,5,17,电气工程及其自动化,,"物理,化学",2,4,22500.0
海南,2025,本科批,综合,2217,南宁学院,5,12,计算机科学与技术,(不招收不能准确在显示器上识别红、黄、绿、兰、紫各颜色中任何一种颜色的数码、字母的考生),"物理,化学",2,4,22500.0
海南,2025,本科批,综合,2217,南宁学院,3,3,财务管理,,不限,2,4,20500.0
海南,2025,本科批,综合,2217,南宁学院,4,8,金融科技,,物理,2,4,22500.0
海南,2025,本科批,综合,2217,南宁学院,5,11,食品质量与安全,,"物理,化学",2,4,22500.0
海南,2025,专科批,综合,2213,南宁职业技术大学,2,5,烹饪工艺与营养,,不限,8,3,7500.0
海南,2025,专科批,综合,2213,南宁职业技术大学,2,4,大数据与会计,,不限,6,3,7980.0
海南,2025,专科批,综合,2213,南宁职业技术大学,2,6,旅游管理,,不限,6,3,7000.0
海南,2025,本科批,综合,2213,南宁职业技术大学,1,1,国际经济与贸易,,不限,5,4,7500.0
海南,2025,本科批,综合,2213,南宁职业技术大学,1,3,现代物流管理,,不限,5,4,6500.0
海南,2025,本科批,综合,2213,南宁职业技术大学,1,2,酒店管理,,不限,10,4,7000.0
海南,2025,本科批,综合,791,南通大学,4,8,光电信息科学与工程,,"物理,化学",3,4,5800.0
海南,2025,本科批,综合,791,南通大学,4,4,物理学,(师范),"物理,化学",3,4,5500.0
海南,2025,本科批,综合,791,南通大学,4,7,通信工程,,"物理,化学",3,4,6380.0
海南,2025,本科批,综合,791,南通大学,4,6,医学检验技术,,"物理,化学",2,4,6800.0
海南,2025,本科批,综合,791,南通大学,2,2,学前教育,(师范),不限,2,4,5200.0
海南,2025,本科批,综合,791,南通大学,3,3,教育技术学,(师范),物理,2,4,5200.0
海南,2025,本科批,综合,791,南通大学,4,5,计算机科学与技术,,"物理,化学",2,4,5800.0
海南,2025,国家专项,综合,791,南通大学,1,1,生物技术,,"物理,化学",3,4,5500.0
海南,2025,专科批,综合,929,南通师范高等专科学校,1,5,学前教育,,不限,6,3,4700.0
海南,2025,专科批,综合,929,南通师范高等专科学校,1,2,小学英语教育,,不限,6,3,4700.0
海南,2025,专科批,综合,929,南通师范高等专科学校,1,4,小学语文教育,,不限,6,3,4700.0
海南,2025,专科批,综合,929,南通师范高等专科学校,1,1,早期教育,,不限,5,3,4700.0
海南,2025,专科批,综合,929,南通师范高等专科学校,1,3,小学数学教育,,不限,2,3,4700.0
海南,2025,本科批,综合,1599,南阳理工学院,80,17,软件工程,"(移动设备应用开发方向)(软件类专业,学费较高)","物理,化学",6,4,12000.0
海南,2025,本科批,综合,1599,南阳理工学院,2,18,人工智能,,"物理,化学",5,4,5000.0
海南,2025,本科批,综合,1599,南阳理工学院,2,16,新能源材料与器件,,"物理,化学",5,4,5000.0
海南,2025,本科批,综合,1599,南阳理工学院,3,19,生物工程,(中外合作办学)(与新西兰惠灵顿维多利亚大学合作办学),"物理,化学,生物",5,4,18000.0
海南,2025,本科批,综合,1599,南阳理工学院,2,7,电子信息工程,,"物理,化学",5,4,5000.0
海南,2025,本科批,综合,1599,南阳理工学院,2,9,计算机科学与技术,,"物理,化学",5,4,5000.0
海南,2025,本科批,综合,1599,南阳理工学院,2,13,食品科学与工程,,"物理,化学",5,4,5000.0
海南,2025,本科批,综合,1599,南阳理工学院,2,12,应用化学,,"物理,化学",4,4,5000.0
海南,2025,本科批,综合,1599,南阳理工学院,2,11,数字媒体技术,,"物理,化学",4,4,5000.0
海南,2025,本科批,综合,1599,南阳理工学院,2,4,材料成型及控制工程,,"物理,化学",4,4,5000.0
海南,2025,本科批,综合,1599,南阳理工学院,2,5,电气工程及其自动化,,"物理,化学",4,4,5000.0
海南,2025,本科批,综合,1599,南阳理工学院,2,6,自动化,,"物理,化学",4,4,5000.0
海南,2025,本科批,综合,1599,南阳理工学院,2,10,数据科学与大数据技术,,"物理,化学",3,4,5000.0
海南,2025,本科批,综合,1599,南阳理工学院,2,8,光电信息科学与工程,,"物理,化学",2,4,5000.0
海南,2025,本科批,综合,1599,南阳理工学院,1,1,国际经济与贸易,(数字商务方向),不限,2,4,4400.0
海南,2025,本科批,综合,1599,南阳理工学院,1,2,工商管理,,不限,2,4,4400.0
海南,2025,本科批,综合,1599,南阳理工学院,2,15,应用统计学,,"物理,化学",2,4,5000.0
海南,2025,本科批,综合,1599,南阳理工学院,1,3,财务管理,(智能财务方向),不限,2,4,4400.0
海南,2025,本科批,综合,1599,南阳理工学院,2,14,中药学,,"物理,化学",1,4,5500.0
海南,2025,本科批,综合,1578,南阳师范学院,6,10,地理科学类,(包含专业:地理科学、地理信息科学),地理,8,4,5000.0
海南,2025,本科批,综合,1578,南阳师范学院,3,3,历史学,,不限,6,4,4400.0
海南,2025,本科批,综合,1578,南阳师范学院,5,5,环境科学与工程,"(第1、2学年在淅川校区就读,第3、4学年在卧龙岗校区就读)","物理,化学",6,4,5000.0
海南,2025,本科批,综合,1578,南阳师范学院,4,4,数字经济,"(第1、2学年在淅川校区就读,第3、4学年在卧龙岗校区就读)",物理,5,4,4400.0
海南,2025,本科批,综合,1578,南阳师范学院,5,6,农学,"(第1、2学年在淅川校区就读,第3、4学年在卧龙岗校区就读)","物理,化学",4,4,5000.0
海南,2025,本科批,综合,1578,南阳师范学院,5,7,智能感知工程,,"物理,化学",4,4,5000.0
海南,2025,本科批,综合,1578,南阳师范学院,5,9,自动化,,"物理,化学",4,4,5000.0
海南,2025,本科批,综合,1578,南阳师范学院,5,8,应用化学,(感光材料与应用方向),"物理,化学",3,4,5000.0
海南,2025,专科批,综合,1637,南阳医学高等专科学校,1,5,护理,,不限,8,3,4800.0
海南,2025,专科批,综合,1637,南阳医学高等专科学校,1,4,中医骨伤,,不限,5,3,4800.0
海南,2025,专科批,综合,1637,南阳医学高等专科学校,1,6,中药学,,不限,5,3,4800.0
海南,2025,专科批,综合,1637,南阳医学高等专科学校,1,10,医学影像技术,,不限,5,3,4800.0
海南,2025,专科批,综合,1637,南阳医学高等专科学校,1,9,康复治疗技术,,不限,5,3,4800.0
海南,2025,专科批,综合,1637,南阳医学高等专科学校,1,7,药学,,不限,5,3,4800.0
海南,2025,专科批,综合,1637,南阳医学高等专科学校,1,3,中医学,,不限,3,3,4800.0
海南,2025,专科批,综合,1637,南阳医学高等专科学校,1,1,临床医学,,不限,3,3,5280.0
海南,2025,专科批,综合,1637,南阳医学高等专科学校,1,2,口腔医学,,不限,3,3,5280.0
海南,2025,专科批,综合,1637,南阳医学高等专科学校,1,8,针灸推拿,,不限,3,3,4800.0
海南,2025,本科批,综合,2377,内江师范学院,4,10,人工智能,,"物理,化学",2,4,5980.0
海南,2025,本科批,综合,2377,内江师范学院,4,13,化学类,(包含专业:化学、应用化学),"物理,化学",2,4,5980.0
海南,2025,本科批,综合,2377,内江师范学院,3,6,历史学,,不限,2,4,4800.0
海南,2025,本科批,综合,2377,内江师范学院,3,5,学前教育,,不限,2,4,5520.0
海南,2025,本科批,综合,2377,内江师范学院,3,4,工商管理,,不限,2,4,5520.0
海南,2025,本科批,综合,2377,内江师范学院,4,8,数学与应用数学,,"物理,化学",2,4,5980.0
海南,2025,本科批,综合,2377,内江师范学院,4,14,数据科学与大数据技术,,"物理,化学",2,4,5980.0
海南,2025,本科批,综合,2377,内江师范学院,4,12,电子信息工程,,"物理,化学",2,4,5980.0
海南,2025,本科批,综合,2377,内江师范学院,3,3,电子商务,,不限,2,4,5520.0
海南,2025,本科批,综合,2377,内江师范学院,3,7,经济学,,不限,2,4,5520.0
海南,2025,本科批,综合,2377,内江师范学院,4,11,软件工程,,"物理,化学",2,4,5980.0
海南,2025,本科批,综合,2377,内江师范学院,4,9,通信工程,,"物理,化学",2,4,5980.0
海南,2025,本科批,综合,386,内蒙古财经大学,1,1,会计学,(智能会计方向实验班),不限,2,4,4400.0
海南,2025,本科批,综合,386,内蒙古财经大学,2,2,金融科技,,物理,2,4,4400.0
海南,2025,本科批,综合,378,内蒙古大学,83,27,交通运输,(色觉异常II度(俗称色盲)不予录取),"物理,化学",2,4,5060.0
海南,2025,本科批,综合,378,内蒙古大学,82,12,化学,(轻度色觉异常(俗称色弱)不予录取),"物理,化学",2,4,5060.0
海南,2025,本科批,综合,378,内蒙古大学,3,24,土木工程,,"物理,化学",2,4,5060.0
海南,2025,本科批,综合,378,内蒙古大学,3,10,数学与应用数学,,"物理,化学",2,4,5060.0
海南,2025,本科批,综合,378,内蒙古大学,3,25,智能建造,,"物理,化学",2,4,5060.0
海南,2025,本科批,综合,378,内蒙古大学,3,15,机械工程,,"物理,化学",2,4,5060.0
海南,2025,本科批,综合,378,内蒙古大学,3,11,物理学类,(包含专业:物理学、应用物理学),"物理,化学",2,4,5060.0
海南,2025,本科批,综合,378,内蒙古大学,3,18,电子信息类,(包含专业:通信工程、电子信息科学与技术、自动化),"物理,化学",2,4,5060.0
海南,2025,本科批,综合,378,内蒙古大学,3,19,电子科学与技术,,"物理,化学",2,4,5060.0
海南,2025,本科批,综合,378,内蒙古大学,3,21,软件工程,(不能准确在显示器上识别红、黄、绿、蓝、紫各颜色中任何一种颜色的数码、字母者不予录取),"物理,化学",2,4,9000.0
海南,2025,本科批,综合,378,内蒙古大学,80,8,会计学,(不能准确识别红、黄、绿、蓝、紫各种颜色中任何一种颜色的导线、按键、信号灯、几何图形者不予录取),不限,1,4,4840.0
海南,2025,本科批,综合,378,内蒙古大学,80,5,劳动与社会保障,(不能准确识别红、黄、绿、蓝、紫各种颜色中任何一种颜色的导线、按键、信号灯、几何图形者不予录取),不限,1,4,4620.0
海南,2025,本科批,综合,378,内蒙古大学,82,26,化学工程与工艺,(轻度色觉异常(俗称色弱)不予录取),"物理,化学",1,4,5060.0
海南,2025,本科批,综合,378,内蒙古大学,4,29,政治学与行政学,,政治,1,4,4620.0
海南,2025,本科批,综合,378,内蒙古大学,3,23,数据科学与大数据技术,(不能准确在显示器上识别红、黄、绿、蓝、紫各颜色中任何一种颜色的数码、字母者不予录取),"物理,化学",1,4,5060.0
海南,2025,本科批,综合,378,内蒙古大学,4,30,新闻学,,政治,1,4,4620.0
海南,2025,本科批,综合,378,内蒙古大学,3,22,智能科学与技术,(不能准确在显示器上识别红、黄、绿、蓝、紫各颜色中任何一种颜色的数码、字母者不予录取),"物理,化学",1,4,5060.0
海南,2025,本科批,综合,378,内蒙古大学,82,17,材料化学,(轻度色觉异常(俗称色弱)不予录取),"物理,化学",1,4,5060.0
海南,2025,本科批,综合,378,内蒙古大学,1,1,法学,,不限,1,4,4620.0
海南,2025,本科批,综合,378,内蒙古大学,2,9,物流管理,,物理,1,4,5060.0
海南,2025,本科批,综合,378,内蒙古大学,82,28,环境工程,(轻度色觉异常(俗称色弱)不予录取),"物理,化学",1,4,5060.0
海南,2025,本科批,综合,378,内蒙古大学,82,14,生物技术,(轻度色觉异常(俗称色弱)不予录取),"物理,化学",1,4,5060.0
海南,2025,本科批,综合,378,内蒙古大学,82,13,生物科学,(轻度色觉异常(俗称色弱)不予录取),"物理,化学",1,4,5060.0
海南,2025,本科批,综合,378,内蒙古大学,1,4,社会工作,,不限,1,4,4620.0
海南,2025,本科批,综合,378,内蒙古大学,1,3,纪检监察,,不限,1,4,4620.0
海南,2025,本科批,综合,378,内蒙古大学,80,7,经济学,(不能准确识别红、黄、绿、蓝、紫各种颜色中任何一种颜色的导线、按键、信号灯、几何图形者不予录取),不限,1,4,4840.0
海南,2025,本科批,综合,378,内蒙古大学,81,6,经济学,(拔尖学生培养基地)(拔尖学生培养基地；不能准确识别红、黄、绿、蓝、紫各种颜色中任何一种颜色的导线、按键、信号灯、几何图形者不予录取),不限,1,4,4840.0
海南,2025,本科批,综合,378,内蒙古大学,1,2,英语,,不限,1,4,4620.0
海南,2025,本科批,综合,378,内蒙古大学,3,20,计算机科学与技术,(不能准确在显示器上识别红、黄、绿、蓝、紫各颜色中任何一种颜色的数码、字母者不予录取),"物理,化学",1,4,5060.0
海南,2025,本科批,综合,378,内蒙古大学,3,16,车辆工程,,"物理,化学",1,4,5060.0
海南,2025,本科批,综合,380,内蒙古工业大学,2,3,冶金工程,,"物理,化学",6,4,4600.0
海南,2025,本科批,综合,380,内蒙古工业大学,2,4,制药工程,(不招色盲、色弱),"物理,化学",6,4,4600.0
海南,2025,本科批,综合,380,内蒙古工业大学,1,1,服装设计与工程,,物理,6,4,4600.0
海南,2025,本科批,综合,380,内蒙古工业大学,2,2,材料成型及控制工程,,"物理,化学",6,4,4600.0
海南,2025,本科批,综合,380,内蒙古工业大学,2,5,测控技术与仪器,,"物理,化学",6,4,4600.0
海南,2025,本科批,综合,379,内蒙古科技大学,2,12,建筑环境与能源应用工程,,"物理,化学",3,4,4600.0
海南,2025,本科批,综合,379,内蒙古科技大学,1,3,秘书学,,不限,3,4,4200.0
海南,2025,本科批,综合,379,内蒙古科技大学,2,10,给排水科学与工程,,"物理,化学",3,4,4600.0
海南,2025,本科批,综合,379,内蒙古科技大学,2,18,能源化学工程,,"物理,化学",3,4,4600.0
海南,2025,本科批,综合,379,内蒙古科技大学,2,9,冶金工程,"(入校一年后,根据分流方案,分为人工智能班、稀土特色班、卓越工程师班)","物理,化学",2,4,4600.0
海南,2025,本科批,综合,379,内蒙古科技大学,2,17,化学工程与工艺,,"物理,化学",2,4,4600.0
海南,2025,本科批,综合,379,内蒙古科技大学,1,1,国际经济与贸易,,不限,2,4,4400.0
海南,2025,本科批,综合,379,内蒙古科技大学,2,14,地质工程,,"物理,化学",2,4,4600.0
海南,2025,本科批,综合,379,内蒙古科技大学,1,5,城市设计,,不限,2,4,4600.0
海南,2025,本科批,综合,379,内蒙古科技大学,2,6,应用物理学,,"物理,化学",2,4,4600.0
海南,2025,本科批,综合,379,内蒙古科技大学,2,16,应用统计学,,"物理,化学",2,4,4600.0
海南,2025,本科批,综合,379,内蒙古科技大学,1,4,建筑学,,不限,2,5,4600.0
海南,2025,本科批,综合,379,内蒙古科技大学,3,23,思想政治教育,,政治,2,4,4200.0
海南,2025,本科批,综合,379,内蒙古科技大学,2,7,数学与应用数学,,"物理,化学",2,4,4600.0
海南,2025,本科批,综合,379,内蒙古科技大学,2,15,新能源科学与工程,,"物理,化学",2,4,4600.0
海南,2025,本科批,综合,379,内蒙古科技大学,2,11,智能建造,,"物理,化学",2,4,4600.0
海南,2025,本科批,综合,379,内蒙古科技大学,2,22,机械类,(包含专业:机械设计制造及其自动化、机械电子工程、过程装备与控制工程、车辆工程、智能制造工程),"物理,化学",2,4,4600.0
海南,2025,本科批,综合,379,内蒙古科技大学,2,8,材料成型及控制工程,,"物理,化学",2,4,4600.0
海南,2025,本科批,综合,379,内蒙古科技大学,2,13,测绘工程,,"物理,化学",2,4,4600.0
海南,2025,本科批,综合,379,内蒙古科技大学,2,21,生物工程,,"物理,化学",2,4,4600.0
海南,2025,本科批,综合,379,内蒙古科技大学,2,19,生物技术,,"物理,化学",2,4,4600.0
海南,2025,本科批,综合,379,内蒙古科技大学,2,20,矿物加工工程,,"物理,化学",2,4,4600.0
海南,2025,本科批,综合,379,内蒙古科技大学,1,2,社会工作,,不限,2,4,4200.0
海南,2025,本科批,综合,384,内蒙古民族大学,1,2,旅游管理,,不限,4,4,4400.0
海南,2025,本科批,综合,384,内蒙古民族大学,1,3,国际经济与贸易,,不限,2,4,4400.0
海南,2025,本科批,综合,384,内蒙古民族大学,2,5,智慧农业,,"物理,化学",2,4,4600.0
海南,2025,本科批,综合,384,内蒙古民族大学,1,1,法学,,不限,2,4,4200.0
海南,2025,本科批,综合,384,内蒙古民族大学,2,4,食品科学与工程,,"物理,化学",2,4,4600.0
海南,2025,本科批,综合,381,内蒙古农业大学,1,1,林学,(含卓越农林计划；不招色盲),"物理,化学",3,4,4600.0
海南,2025,本科批,综合,381,内蒙古农业大学,1,2,森林保护,,"物理,化学",3,4,4600.0
海南,2025,本科批,综合,381,内蒙古农业大学,1,4,植物保护,(不招色盲),"物理,化学",3,4,4600.0
海南,2025,本科批,综合,381,内蒙古农业大学,1,3,水产养殖学,(不招色盲),"物理,化学",3,4,4600.0
海南,2025,本科批,综合,381,内蒙古农业大学,1,5,种子科学与工程,,"物理,化学",3,4,4600.0
海南,2025,本科批,综合,383,内蒙古师范大学,1,3,历史学,,不限,5,4,4200.0
海南,2025,本科批,综合,383,内蒙古师范大学,3,5,政治学与行政学,,政治,5,4,4200.0
海南,2025,本科批,综合,383,内蒙古师范大学,1,2,教育学,,不限,5,4,4200.0
海南,2025,本科批,综合,383,内蒙古师范大学,1,1,旅游管理,,不限,5,4,4600.0
海南,2025,本科批,综合,383,内蒙古师范大学,2,4,生态学,,"物理,化学",5,4,4600.0
海南,2025,本科批,综合,382,内蒙古医科大学,1,1,中医学,,不限,2,5,5000.0
海南,2025,本科批,综合,382,内蒙古医科大学,3,3,临床医学,,"物理,化学,生物",2,5,5000.0
海南,2025,本科批,综合,382,内蒙古医科大学,3,4,护理学,,"物理,化学,生物",2,4,5000.0
海南,2025,本科批,综合,382,内蒙古医科大学,2,2,针灸推拿学,,"物理,生物",2,5,5000.0
海南,2025,本科批,综合,382,内蒙古医科大学,3,5,预防医学,,"物理,化学,生物",2,5,5000.0
海南,2025,本科批,综合,1008,宁波财经学院,1,3,会计学,"(前两年在宁波杭州湾校区,后两年在海曙校区)",不限,5,4,33000.0
海南,2025,本科批,综合,1008,宁波财经学院,1,4,工商管理,"(数字化管理)(前两年在宁波杭州湾校区,后两年在海曙校区)",不限,5,4,33000.0
海南,2025,本科批,综合,1008,宁波财经学院,1,6,广告学,,不限,3,4,32000.0
海南,2025,本科批,综合,1008,宁波财经学院,1,1,电子商务,"(前两年在宁波杭州湾校区,后两年在海曙校区)",不限,3,4,33000.0
海南,2025,本科批,综合,1008,宁波财经学院,1,5,商务英语,"(前两年在宁波杭州湾校区,后两年在海曙校区)",不限,2,4,32000.0
海南,2025,本科批,综合,1008,宁波财经学院,1,2,财务管理,"(前两年在宁波杭州湾校区,后两年在海曙校区)",不限,2,4,33000.0
海南,2025,本科批,综合,978,宁波大学,3,5,生物科学类,"(包含专业:生物技术、水产养殖学；梅山校区；按类招生,含生物技术、水产养殖学专业)","物理,化学",6,4,5300.0
海南,2025,本科批,综合,978,宁波大学,3,6,化学,,"物理,化学",5,4,5300.0
海南,2025,本科批,综合,978,宁波大学,3,7,工业设计,,"物理,化学",5,4,6000.0
海南,2025,本科批,综合,978,宁波大学,3,9,物理学,,"物理,化学",4,4,5300.0
海南,2025,本科批,综合,978,宁波大学,3,8,微电子科学与工程,,"物理,化学",3,4,6000.0
海南,2025,本科批,综合,978,宁波大学,2,3,法学,,不限,2,4,6000.0
海南,2025,本科批,综合,978,宁波大学,2,2,物流管理,(梅山校区),不限,2,4,5300.0
海南,2025,本科批,综合,978,宁波大学,3,4,水产养殖学,(拔尖人才创新班)(梅山校区),"物理,化学",1,4,5500.0
海南,2025,国家专项,综合,978,宁波大学,1,1,土木工程,,"物理,化学",5,4,6900.0
海南,2025,本科批,综合,1056,宁波诺丁汉大学,1,1,国际商务,(中外合作办学)(英语单科成绩不低于110分(150分制)；全英文授课；含4个专业方向:国际商务管理、国际商务经济学、国际商务与国际传播学、国际商务与法语/德语/西班牙语/日语/汉语),不限,4,4,110000.0
海南,2025,本科批,综合,1056,宁波诺丁汉大学,1,2,财务管理,(中外合作办学)(英语单科成绩不低于110分(150分制)；全英文授课),不限,4,4,110000.0
海南,2025,本科批,综合,1056,宁波诺丁汉大学,1,4,传播学,(中外合作办学)(英语单科成绩不低于110分(150分制)；全英文授课),不限,3,4,110000.0
海南,2025,本科批,综合,1056,宁波诺丁汉大学,1,3,国际经济与贸易,(中外合作办学)(英语单科成绩不低于110分(150分制)；全英文授课),不限,2,4,110000.0
海南,2025,本科批,综合,1056,宁波诺丁汉大学,2,5,计算机科学与技术,(中外合作办学)(英语单科成绩不低于110分(150分制)；全英文授课；含2个专业方向:计算机科学、计算机科学与人工智能),"物理,化学",2,4,110000.0
海南,2025,本科批,综合,2852,宁夏大学,1,3,会计学,,不限,4,4,4800.0
海南,2025,本科批,综合,2852,宁夏大学,1,2,工商管理,,不限,4,4,4800.0
海南,2025,本科批,综合,2852,宁夏大学,2,4,汉语言文学,(师范),历史,4,4,4400.0
海南,2025,本科批,综合,2852,宁夏大学,1,1,法学,,不限,4,4,4400.0
海南,2025,本科批,综合,2854,宁夏师范大学,2,2,汉语言文学,,不限,6,4,4400.0
海南,2025,本科批,综合,2854,宁夏师范大学,3,3,化学,,"物理,化学",2,4,4840.0
海南,2025,本科批,综合,2388,攀枝花学院,2,2,园艺,,"物理,化学",4,4,5520.0
海南,2025,本科批,综合,2388,攀枝花学院,1,1,商务英语,,不限,3,4,5520.0
海南,2025,本科批,综合,2388,攀枝花学院,2,3,生物工程,,"物理,化学",3,4,5980.0
海南,2025,专科批,综合,1615,平顶山工业职业技术学院,1,1,大数据与会计,,不限,5,3,4200.0
海南,2025,专科批,综合,1615,平顶山工业职业技术学院,2,2,营养配餐,,历史,5,3,4200.0
海南,2025,专科批,综合,1615,平顶山工业职业技术学院,2,3,机电一体化技术,,历史,10,3,4800.0
海南,2025,本科批,综合,1588,平顶山学院,1,3,会计学,,不限,5,4,4400.0
海南,2025,本科批,综合,1588,平顶山学院,1,4,小学教育,,不限,5,4,4400.0
海南,2025,本科批,综合,1588,平顶山学院,1,1,汉语国际教育,,不限,5,4,4400.0
海南,2025,本科批,综合,1588,平顶山学院,2,5,能源互联网工程,,"物理,化学",5,4,5000.0
海南,2025,本科批,综合,1588,平顶山学院,1,2,英语,,不限,5,4,4400.0
海南,2025,本科批,综合,1588,平顶山学院,2,6,医学检验技术,(不招色盲、色弱),"物理,化学",4,4,5500.0
海南,2025,本科批,综合,1588,平顶山学院,3,8,地理科学,,地理,3,4,5000.0
海南,2025,本科批,综合,1588,平顶山学院,2,7,电气工程及其自动化,,"物理,化学",3,4,5000.0
海南,2025,本科批,综合,1298,萍乡学院,2,3,商务英语,,不限,2,4,3880.0
海南,2025,本科批,综合,1298,萍乡学院,4,10,复合材料与工程,,"物理,化学",2,4,4120.0
海南,2025,本科批,综合,1298,萍乡学院,3,7,工程管理,,物理,2,4,3880.0
海南,2025,本科批,综合,1298,萍乡学院,2,4,市场营销,(数字营销方向),不限,2,4,3880.0
海南,2025,本科批,综合,1298,萍乡学院,4,9,应用化学,(不招色盲),"物理,化学",2,4,4120.0
海南,2025,本科批,综合,1298,萍乡学院,4,8,数学与应用数学,,"物理,化学",2,4,4120.0
海南,2025,本科批,综合,1298,萍乡学院,2,6,汉语言文学,,不限,2,4,3650.0
海南,2025,本科批,综合,1298,萍乡学院,4,11,环境科学与工程,,"物理,化学",2,4,4120.0
海南,2025,本科批,综合,1298,萍乡学院,2,5,电子商务,,不限,2,4,4350.0
海南,2025,本科批,综合,1298,萍乡学院,4,12,种子科学与工程,,"物理,化学",2,4,4120.0
海南,2025,本科批,综合,1298,萍乡学院,2,2,英语,,不限,2,4,3880.0
海南,2025,本科批,综合,1211,莆田学院,80,2,公共事业管理,"(中外合作办学)(以培养医疗健康产业管理人才为主)(前2.5年莆田学院,如达到条件,后1.5年视情况可前往美国新奥尔良大学学习)",不限,2,4,18000.0
海南,2025,本科批,综合,1211,莆田学院,3,6,土木工程,,"物理,化学",2,4,5040.0
海南,2025,本科批,综合,1211,莆田学院,1,1,城乡规划,,不限,2,5,5040.0
海南,2025,本科批,综合,1211,莆田学院,2,4,工程管理,,物理,2,4,5040.0
海南,2025,本科批,综合,1211,莆田学院,2,5,工程造价,,物理,2,4,5040.0
海南,2025,本科批,综合,1211,莆田学院,3,8,应用化学,,"物理,化学",2,4,5040.0
海南,2025,本科批,综合,1211,莆田学院,4,13,护理学,,生物,2,4,6240.0
海南,2025,本科批,综合,1211,莆田学院,3,12,智能科学与技术,,"物理,化学",2,4,5040.0
海南,2025,本科批,综合,1211,莆田学院,3,11,机械设计制造及其自动化,,"物理,化学",2,4,5040.0
海南,2025,本科批,综合,1211,莆田学院,3,7,环境工程,,"物理,化学",2,4,5040.0
海南,2025,本科批,综合,1211,莆田学院,3,10,生物技术,,"物理,化学",2,4,5040.0
海南,2025,本科批,综合,1211,莆田学院,2,3,金融工程,,物理,2,4,5040.0
海南,2025,本科批,综合,1211,莆田学院,3,9,食品质量与安全,,"物理,化学",2,4,5040.0
海南,2025,专科批,综合,1702,濮阳石油化工职业技术学院,1,2,化工生物技术,,不限,5,3,4200.0
海南,2025,专科批,综合,1702,濮阳石油化工职业技术学院,1,5,机电一体化技术,,不限,5,3,4200.0
海南,2025,专科批,综合,1702,濮阳石油化工职业技术学院,1,1,精细化工技术,,不限,5,3,4200.0
海南,2025,专科批,综合,1702,濮阳石油化工职业技术学院,1,4,绿色低碳技术,,不限,5,3,4200.0
海南,2025,专科批,综合,1702,濮阳石油化工职业技术学院,1,3,绿色生物制造技术,,不限,5,3,4200.0
海南,2025,专科批,综合,1689,濮阳医学高等专科学校,1,1,临床医学,,不限,5,3,4800.0
海南,2025,专科批,综合,1689,濮阳医学高等专科学校,1,4,康复治疗技术,,不限,2,3,4800.0
海南,2025,专科批,综合,1689,濮阳医学高等专科学校,1,3,护理,,不限,2,3,4800.0
海南,2025,专科批,综合,1689,濮阳医学高等专科学校,1,2,中医学,,不限,1,3,4800.0
海南,2025,专科批,综合,1601,濮阳职业技术学院,1,1,学前教育,,不限,5,3,4000.0
海南,2025,专科批,综合,1601,濮阳职业技术学院,1,2,无人机应用技术,,不限,5,3,4200.0
海南,2025,本科批,综合,2591,普洱学院,2,2,农学,(不招色盲、色弱),"物理,化学",5,4,4500.0
海南,2025,本科批,综合,2591,普洱学院,1,1,老挝语,,不限,5,4,4200.0
海南,2025,本科批,综合,1403,齐鲁工业大学,1,5,微电子科学与工程,"(第一、二学年长清校区就读,第三、四学年彩石校区就读)","物理,化学",5,4,5500.0
海南,2025,本科批,综合,1403,齐鲁工业大学,2,6,生物技术,,"物理,化学,生物",5,4,5500.0
海南,2025,本科批,综合,1403,齐鲁工业大学,1,1,能源与动力工程,,"物理,化学",5,4,5500.0
海南,2025,本科批,综合,1403,齐鲁工业大学,1,2,轻化工程,,"物理,化学",5,4,6600.0
海南,2025,本科批,综合,1403,齐鲁工业大学,1,4,材料类,(包含专业:无机非金属材料工程、高分子材料与工程、光电信息材料与器件),"物理,化学",10,4,6600.0
海南,2025,本科批,综合,1403,齐鲁工业大学,1,3,食品科学与工程类,(包含专业:食品科学与工程、食品质量与安全、食品营养与健康),"物理,化学",10,4,6600.0
海南,2025,本科批,综合,1427,齐鲁医药学院,3,10,临床医学,,"物理,化学",3,5,22500.0
海南,2025,本科批,综合,1427,齐鲁医药学院,3,11,医学影像学,,"物理,化学",3,5,22500.0
海南,2025,本科批,综合,1427,齐鲁医药学院,2,4,护理学,,化学,3,4,19000.0
海南,2025,本科批,综合,1427,齐鲁医药学院,3,9,中药学,,"物理,化学",2,4,19000.0
海南,2025,本科批,综合,1427,齐鲁医药学院,1,2,健康服务与管理,,不限,2,4,16800.0
海南,2025,本科批,综合,1427,齐鲁医药学院,1,1,养老服务管理,,不限,2,4,18500.0
海南,2025,本科批,综合,1427,齐鲁医药学院,3,14,医学检验技术,,"物理,化学",2,4,20800.0
海南,2025,本科批,综合,1427,齐鲁医药学院,3,15,口腔医学,,"物理,化学",2,5,29800.0
海南,2025,本科批,综合,1427,齐鲁医药学院,3,5,生物医学工程,,"物理,化学",2,4,18500.0
海南,2025,本科批,综合,1427,齐鲁医药学院,3,8,药物制剂,,"物理,化学",2,4,19000.0
海南,2025,本科批,综合,1427,齐鲁医药学院,3,16,预防医学,,"物理,化学",2,5,22500.0
海南,2025,本科批,综合,1427,齐鲁医药学院,3,13,化妆品科学与技术,,"物理,化学",1,4,18500.0
海南,2025,本科批,综合,1427,齐鲁医药学院,3,12,医学影像技术,,"物理,化学",1,4,20800.0
海南,2025,本科批,综合,1427,齐鲁医药学院,1,3,应用心理学,,不限,1,4,18500.0
海南,2025,本科批,综合,1427,齐鲁医药学院,3,7,生物制药,,"物理,化学",1,4,18500.0
海南,2025,本科批,综合,1427,齐鲁医药学院,3,6,食品科学与工程,,"物理,化学",1,4,17500.0
海南,2025,本科批,综合,634,齐齐哈尔大学,2,6,化工与制药类,(包含专业:化学工程与工艺、制药工程、能源化学工程),"物理,化学",3,4,5000.0
海南,2025,本科批,综合,634,齐齐哈尔大学,2,3,材料类,(包含专业:材料化学、无机非金属材料工程、高分子材料与工程),"物理,化学",3,4,4000.0
海南,2025,本科批,综合,634,齐齐哈尔大学,2,4,电子信息类,(包含专业:电子信息工程、通信工程),"物理,化学",3,4,4400.0
海南,2025,本科批,综合,634,齐齐哈尔大学,2,5,计算机类,(包含专业:计算机科学与技术、软件工程),"物理,化学",3,4,5500.0
海南,2025,本科批,综合,634,齐齐哈尔大学,1,1,工商管理类,(包含专业:工商管理、市场营销、财务管理),不限,2,4,3500.0
海南,2025,本科批,综合,634,齐齐哈尔大学,3,8,汉语言文学,,历史,2,4,4000.0
海南,2025,本科批,综合,634,齐齐哈尔大学,2,2,电气工程及其自动化,,"物理,化学",2,4,5000.0
海南,2025,本科批,综合,634,齐齐哈尔大学,2,7,食品科学与工程,,"物理,化学",2,4,3500.0
海南,2025,本科批,综合,645,齐齐哈尔医学院,4,11,临床医学,,"物理,化学,生物",5,5,6500.0
海南,2025,本科批,综合,645,齐齐哈尔医学院,1,2,健康服务与管理,,不限,3,4,4500.0
海南,2025,本科批,综合,645,齐齐哈尔医学院,1,4,公共事业管理,,不限,3,4,6500.0
海南,2025,本科批,综合,645,齐齐哈尔医学院,1,3,应用心理学,,不限,3,4,6500.0
海南,2025,本科批,综合,645,齐齐哈尔医学院,1,1,社会工作,,不限,3,4,4500.0
海南,2025,本科批,综合,645,齐齐哈尔医学院,3,7,助产学,,生物,2,4,5000.0
海南,2025,本科批,综合,645,齐齐哈尔医学院,3,8,护理学,,生物,2,4,6500.0
海南,2025,本科批,综合,645,齐齐哈尔医学院,2,5,临床药学,,"物理,化学",1,5,5000.0
海南,2025,本科批,综合,645,齐齐哈尔医学院,4,9,医学影像学,,"物理,化学,生物",1,5,6500.0
海南,2025,本科批,综合,645,齐齐哈尔医学院,4,10,精神医学,,"物理,化学,生物",1,5,6500.0
海南,2025,本科批,综合,645,齐齐哈尔医学院,2,6,药学,,"物理,化学",1,4,6500.0
海南,2025,专科批,综合,2523,黔东南民族职业技术学院,1,1,临床医学,,不限,5,3,3850.0
海南,2025,专科批,综合,2523,黔东南民族职业技术学院,1,2,口腔医学,,不限,5,3,3850.0
海南,2025,专科批,综合,2523,黔东南民族职业技术学院,1,4,药学,,不限,4,3,3850.0
海南,2025,专科批,综合,2523,黔东南民族职业技术学院,1,5,医学检验技术,,不限,3,3,3850.0
海南,2025,专科批,综合,2523,黔东南民族职业技术学院,1,3,护理,,不限,3,3,3850.0
海南,2025,本科批,综合,2511,黔南民族师范学院,2,3,思想政治教育,,政治,2,4,4100.0
海南,2025,本科批,综合,2511,黔南民族师范学院,1,1,物流管理,,不限,2,4,4100.0
海南,2025,本科批,综合,2511,黔南民族师范学院,1,2,小学教育,,不限,1,4,4100.0
海南,2025,专科批,综合,2516,黔南民族医学高等专科学校,2,2,临床医学,,物理,6,3,3850.0
海南,2025,专科批,综合,2516,黔南民族医学高等专科学校,1,1,护理,"(女生身高不低于155cm,男生身高不低于165cm)",不限,5,3,3850.0
海南,2025,专科批,综合,2516,黔南民族医学高等专科学校,2,4,药学,,物理,5,3,3850.0
海南,2025,专科批,综合,2516,黔南民族医学高等专科学校,2,3,医学检验技术,,物理,3,3,3850.0
海南,2025,专科批,综合,2516,黔南民族医学高等专科学校,2,7,中医学,,物理,2,3,3850.0
海南,2025,专科批,综合,2516,黔南民族医学高等专科学校,2,5,医学影像技术,,物理,2,3,3850.0
海南,2025,专科批,综合,2516,黔南民族医学高等专科学校,2,6,药品生产技术,(中药制药技术方向),物理,2,3,3850.0
海南,2025,专科批,综合,2524,黔南民族职业技术学院,1,1,烹饪工艺与营养,,不限,4,3,3850.0
海南,2025,专科批,综合,2524,黔南民族职业技术学院,1,3,旅游管理,,不限,3,3,3850.0
海南,2025,专科批,综合,2524,黔南民族职业技术学院,1,2,茶艺与茶文化,,不限,3,3,3850.0
海南,2025,专科批,综合,203,秦皇岛职业技术学院,1,1,大数据与会计,,不限,2,3,5000.0
海南,2025,专科批,综合,203,秦皇岛职业技术学院,1,2,智慧健康养老服务与管理,(养老产业经营管理方向),不限,2,3,5000.0
海南,2025,专科批,综合,203,秦皇岛职业技术学院,1,3,研学旅行管理与服务,,不限,2,3,5000.0
海南,2025,专科批,综合,203,秦皇岛职业技术学院,1,4,金融科技应用,,不限,2,3,5000.0
海南,2025,本科批,综合,1484,青岛城市学院,1,8,外国语言文学类,(包含专业:英语、德语、法语、俄语、商务英语),不限,6,4,24800.0
海南,2025,本科批,综合,1484,青岛城市学院,2,10,工程管理,,物理,3,4,24800.0
海南,2025,本科批,综合,1484,青岛城市学院,2,9,工程造价,,物理,3,4,24800.0
海南,2025,本科批,综合,1484,青岛城市学院,3,20,机械设计制造及其自动化,,"物理,化学",3,4,24800.0
海南,2025,本科批,综合,1484,青岛城市学院,3,19,电气工程及其自动化,,"物理,化学",3,4,24800.0
海南,2025,本科批,综合,1484,青岛城市学院,3,14,土木工程,,"物理,化学",2,4,24800.0
海南,2025,本科批,综合,1484,青岛城市学院,1,1,建筑学,,不限,2,5,24800.0
海南,2025,本科批,综合,1484,青岛城市学院,1,5,互联网金融,,不限,1,4,24800.0
海南,2025,本科批,综合,1484,青岛城市学院,1,6,会计学,,不限,1,4,24800.0
海南,2025,本科批,综合,1484,青岛城市学院,1,2,国际经济与贸易,,不限,1,4,24800.0
海南,2025,本科批,综合,1484,青岛城市学院,1,3,市场营销,,不限,1,4,24800.0
海南,2025,本科批,综合,1484,青岛城市学院,3,13,数据科学与大数据技术,,"物理,化学",1,4,24800.0
海南,2025,本科批,综合,1484,青岛城市学院,3,15,智能建造,,"物理,化学",1,4,24800.0
海南,2025,本科批,综合,1484,青岛城市学院,3,18,机器人工程,,"物理,化学",1,4,24800.0
海南,2025,本科批,综合,1484,青岛城市学院,1,4,物流管理,,不限,1,4,24800.0
海南,2025,本科批,综合,1484,青岛城市学院,3,12,物联网工程,,"物理,化学",1,4,24800.0
海南,2025,本科批,综合,1484,青岛城市学院,3,11,网络工程,,"物理,化学",1,4,24800.0
海南,2025,本科批,综合,1484,青岛城市学院,3,17,计算机科学与技术,,"物理,化学",1,4,24800.0
海南,2025,本科批,综合,1484,青岛城市学院,1,7,财务管理,,不限,1,4,24800.0
海南,2025,本科批,综合,1484,青岛城市学院,3,16,软件工程,,"物理,化学",1,4,24800.0
海南,2025,本科批,综合,1432,青岛大学,2,7,旅游管理,,不限,5,4,6600.0
海南,2025,本科批,综合,1432,青岛大学,4,20,临床医学,(不招色盲、色弱),"物理,化学",3,5,7920.0
海南,2025,本科批,综合,1432,青岛大学,4,13,纺织工程,,"物理,化学",3,4,6600.0
海南,2025,本科批,综合,1432,青岛大学,3,8,供应链管理,,物理,2,4,5500.0
海南,2025,本科批,综合,1432,青岛大学,4,19,化学工程与工艺,(不招色盲、色弱),"物理,化学",2,4,6600.0
海南,2025,本科批,综合,1432,青岛大学,2,5,工商管理,,不限,2,4,6600.0
海南,2025,本科批,综合,1432,青岛大学,4,22,应用化学,(不招色盲、色弱),"物理,化学",2,4,6600.0
海南,2025,本科批,综合,1432,青岛大学,4,26,数学与应用数学,,"物理,化学",2,4,6600.0
海南,2025,本科批,综合,1432,青岛大学,4,17,智能材料与结构,,"物理,化学",2,4,6325.0
海南,2025,本科批,综合,1432,青岛大学,2,4,法学,,不限,2,4,5280.0
海南,2025,本科批,综合,1432,青岛大学,4,27,物理学,,"物理,化学",2,4,5500.0
海南,2025,本科批,综合,1432,青岛大学,4,15,环境科学与工程,,"物理,化学",2,4,5500.0
海南,2025,本科批,综合,1432,青岛大学,4,12,电气工程及其自动化,,"物理,化学",2,4,6600.0
海南,2025,本科批,综合,1432,青岛大学,4,21,药学,(不招色盲、色弱),"物理,化学",2,4,6600.0
海南,2025,本科批,综合,1432,青岛大学,3,9,财政学,,物理,2,4,5500.0
海南,2025,本科批,综合,1432,青岛大学,3,11,金融学,,物理,2,4,6600.0
海南,2025,本科批,综合,1432,青岛大学,4,18,高分子材料与工程,(不招色盲、色弱),"物理,化学",2,4,6600.0
海南,2025,本科批,综合,1432,青岛大学,3,10,信息管理与信息系统,,物理,1,4,6600.0
海南,2025,本科批,综合,1432,青岛大学,4,24,医学影像学,(不招色盲、色弱),"物理,化学",1,5,7920.0
海南,2025,本科批,综合,1432,青岛大学,4,23,医学检验技术,(不招色盲、色弱),"物理,化学",1,4,6600.0
海南,2025,本科批,综合,1432,青岛大学,4,14,复合材料与工程,,"物理,化学",1,4,6600.0
海南,2025,本科批,综合,1432,青岛大学,2,6,汉语言文学,,不限,1,4,5280.0
海南,2025,本科批,综合,1432,青岛大学,4,16,计算机科学与技术,,"物理,化学",1,4,6600.0
海南,2025,本科批,综合,1432,青岛大学,4,25,预防医学,(不招色盲、色弱),"物理,化学",1,5,7920.0
海南,2025,国家专项,综合,1432,青岛大学,1,1,工商管理,,不限,2,4,6600.0
海南,2025,国家专项,综合,1432,青岛大学,1,2,汉语言文学,,不限,1,4,5280.0
海南,2025,国家专项,综合,1432,青岛大学,1,3,行政管理,,不限,1,4,6325.0
海南,2025,专科批,综合,1470,青岛港湾职业技术学院,2,4,港口机械与智能控制,,不限,4,3,5750.0
海南,2025,专科批,综合,1470,青岛港湾职业技术学院,2,8,国际商务,,不限,2,3,4800.0
海南,2025,专科批,综合,1470,青岛港湾职业技术学院,2,6,国际经济与贸易,,不限,2,3,4800.0
海南,2025,专科批,综合,1470,青岛港湾职业技术学院,2,9,工业机器人技术,,不限,2,3,5000.0
海南,2025,专科批,综合,1470,青岛港湾职业技术学院,2,7,数字化设计与制造技术,,不限,2,3,5000.0
海南,2025,专科批,综合,1470,青岛港湾职业技术学院,2,5,电子商务,,不限,2,3,4800.0
海南,2025,专科提前批,综合,1470,青岛港湾职业技术学院,1,2,航海技术,(航海类；具体身体条件要求详见学校招生章程),不限,2,3,5750.0
海南,2025,专科提前批,综合,1470,青岛港湾职业技术学院,1,3,船舶电子电气技术,(航海类；具体身体条件要求详见学校招生章程),不限,2,3,5750.0
海南,2025,专科提前批,综合,1470,青岛港湾职业技术学院,1,1,轮机工程技术,(航海类；具体身体条件要求详见学校招生章程),不限,2,3,5750.0
海南,2025,本科批,综合,1503,青岛工学院,1,9,知识产权,,不限,6,4,22000.0
海南,2025,本科批,综合,1503,青岛工学院,1,12,社会工作,,不限,6,4,22000.0
海南,2025,本科批,综合,1503,青岛工学院,3,22,食品科学与工程,,"物理,化学",6,4,25000.0
海南,2025,本科批,综合,1503,青岛工学院,3,21,化学工程与工业生物工程,,"物理,化学",5,4,23000.0
海南,2025,本科批,综合,1503,青岛工学院,3,23,食品营养与检验教育,,"物理,化学",5,4,23000.0
海南,2025,本科批,综合,1503,青岛工学院,3,20,食品质量与安全,,"物理,化学",5,4,23000.0
海南,2025,本科批,综合,1503,青岛工学院,1,5,人力资源管理,,不限,4,4,21000.0
海南,2025,本科批,综合,1503,青岛工学院,1,7,国际商务,,不限,4,4,22000.0
海南,2025,本科批,综合,1503,青岛工学院,3,19,土木工程,,"物理,化学",4,4,23000.0
海南,2025,本科批,综合,1503,青岛工学院,1,6,审计学,,不限,4,4,21000.0
海南,2025,本科批,综合,1503,青岛工学院,1,4,工商管理,,不限,4,4,22000.0
海南,2025,本科批,综合,1503,青岛工学院,1,14,应用心理学,,不限,4,4,23000.0
海南,2025,本科批,综合,1503,青岛工学院,1,11,建筑学,,不限,4,4,23000.0
海南,2025,本科批,综合,1503,青岛工学院,3,17,数字媒体技术,,"物理,化学",4,4,25000.0
海南,2025,本科批,综合,1503,青岛工学院,1,3,汉语言文学,,不限,4,4,22000.0
海南,2025,本科批,综合,1503,青岛工学院,1,8,物流管理,,不限,4,4,21000.0
海南,2025,本科批,综合,1503,青岛工学院,1,10,电子商务,,不限,4,4,21000.0
海南,2025,本科批,综合,1503,青岛工学院,2,15,金融工程,,物理,4,4,21000.0
海南,2025,本科批,综合,1503,青岛工学院,1,13,俄语,,不限,3,4,21000.0
海南,2025,本科批,综合,1503,青岛工学院,3,24,制药工程,,"物理,化学",3,4,23000.0
海南,2025,本科批,综合,1503,青岛工学院,3,18,智能制造工程,,"物理,化学",3,4,25000.0
海南,2025,本科批,综合,1503,青岛工学院,3,25,机器人工程,,"物理,化学",3,4,23000.0
海南,2025,本科批,综合,1503,青岛工学院,1,2,英语,,不限,3,4,21000.0
海南,2025,本科批,综合,1503,青岛工学院,3,16,计算机科学与技术,,"物理,化学",3,4,25000.0
海南,2025,本科批,综合,1503,青岛工学院,1,1,财务管理,,不限,3,4,22000.0
海南,2025,专科批,综合,1545,青岛航空科技职业学院,1,1,无人机应用技术,,不限,3,3,14900.0
海南,2025,专科批,综合,1545,青岛航空科技职业学院,1,2,电气自动化技术,,不限,2,3,14900.0
海南,2025,本科批,综合,1476,青岛黄海学院,80,6,数据科学与大数据技术,(中外合作办学),"物理,化学",5,4,63800.0
海南,2025,本科批,综合,1476,青岛黄海学院,80,5,计算机科学与技术,(中外合作办学),"物理,化学",5,4,63800.0
海南,2025,本科批,综合,1476,青岛黄海学院,2,2,人工智能,,"物理,化学",2,4,23800.0
海南,2025,本科批,综合,1476,青岛黄海学院,3,7,护理学,,生物,2,4,25800.0
海南,2025,本科批,综合,1476,青岛黄海学院,2,4,智能海洋装备,,"物理,化学",2,4,22800.0
海南,2025,本科批,综合,1476,青岛黄海学院,1,1,汉语言文学,,不限,2,4,22800.0
海南,2025,本科批,综合,1476,青岛黄海学院,2,3,船舶与海洋工程,,"物理,化学",2,4,22800.0
海南,2025,专科批,综合,1476,青岛黄海学院,4,14,护理,,不限,3,3,17800.0
海南,2025,专科批,综合,1476,青岛黄海学院,81,13,口腔医学,,不限,25,3,39800.0
海南,2025,专科批,综合,1476,青岛黄海学院,4,15,大数据与会计,,不限,2,3,16800.0
海南,2025,专科批,综合,1476,青岛黄海学院,4,20,大数据与财务管理,,不限,2,3,16800.0
海南,2025,专科批,综合,1476,青岛黄海学院,4,12,大数据技术,,不限,2,3,17800.0
海南,2025,专科批,综合,1476,青岛黄海学院,4,17,学前教育,,不限,2,3,19800.0
海南,2025,专科批,综合,1476,青岛黄海学院,4,9,工程造价,,不限,2,3,16800.0
海南,2025,专科批,综合,1476,青岛黄海学院,4,8,建筑工程技术,,不限,2,3,16800.0
海南,2025,专科批,综合,1476,青岛黄海学院,4,18,新能源汽车技术,,不限,2,3,16800.0
海南,2025,专科批,综合,1476,青岛黄海学院,4,19,早期教育,,不限,2,3,16800.0
海南,2025,专科批,综合,1476,青岛黄海学院,4,10,机电一体化技术,,不限,2,3,16800.0
海南,2025,专科批,综合,1476,青岛黄海学院,4,16,电子商务,,不限,2,3,16800.0
海南,2025,专科批,综合,1476,青岛黄海学院,4,11,空中乘务,,不限,2,3,19800.0
海南,2025,专科批,综合,1468,青岛酒店管理职业技术学院,1,1,大数据与会计,,不限,5,3,5267.0
海南,2025,本科批,综合,1399,青岛科技大学,2,10,生物工程,,"物理,化学",5,4,6325.0
海南,2025,本科批,综合,1399,青岛科技大学,2,6,高分子材料与工程,(高分子合成方向),"物理,化学",5,4,6600.0
海南,2025,本科批,综合,1399,青岛科技大学,2,3,材料成型及控制工程,,"物理,化学",3,4,6325.0
海南,2025,本科批,综合,1399,青岛科技大学,2,9,金属材料工程,,"物理,化学",3,4,6600.0
海南,2025,本科批,综合,1399,青岛科技大学,1,2,国际经济与贸易,,不限,2,4,6600.0
海南,2025,本科批,综合,1399,青岛科技大学,2,11,安全工程,(安全技术及智能化应用方向),"物理,化学",2,4,6600.0
海南,2025,本科批,综合,1399,青岛科技大学,2,4,无机非金属材料工程,,"物理,化学",2,4,6600.0
海南,2025,本科批,综合,1399,青岛科技大学,1,1,物流管理,(供应链方向),不限,2,4,5500.0
海南,2025,本科批,综合,1399,青岛科技大学,2,7,能源与动力工程,,"物理,化学",2,4,6600.0
海南,2025,本科批,综合,1399,青岛科技大学,2,8,计算机科学与技术,,"物理,化学",2,4,6600.0
海南,2025,本科批,综合,1399,青岛科技大学,2,5,高分子材料与工程,(橡胶工程方向),"物理,化学",2,4,6600.0
海南,2025,本科批,综合,1401,青岛理工大学,3,40,土木工程,,"物理,化学",2,4,6600.0
海南,2025,本科批,综合,1401,青岛理工大学,2,13,工程管理,,物理,2,4,6600.0
海南,2025,本科批,综合,1401,青岛理工大学,1,7,市场营销,,不限,2,4,6600.0
海南,2025,本科批,综合,1401,青岛理工大学,3,32,数学与应用数学,,"物理,化学",2,4,6325.0
海南,2025,本科批,综合,1401,青岛理工大学,1,5,日语,,不限,2,4,4400.0
海南,2025,本科批,综合,1401,青岛理工大学,3,37,机械设计制造及其自动化,,"物理,化学",2,4,6600.0
海南,2025,本科批,综合,1401,青岛理工大学,3,36,材料成型及控制工程,,"物理,化学",2,4,6325.0
海南,2025,本科批,综合,1401,青岛理工大学,3,27,环境工程,,"物理,化学",2,4,6600.0
海南,2025,本科批,综合,1401,青岛理工大学,3,29,给排水科学与工程,,"物理,化学",2,4,6600.0
海南,2025,本科批,综合,1401,青岛理工大学,1,4,英语,,不限,2,4,5060.0
海南,2025,本科批,综合,1401,青岛理工大学,3,25,交通工程,,"物理,化学",1,4,6600.0
海南,2025,本科批,综合,1401,青岛理工大学,1,2,会计学,,不限,1,4,6600.0
海南,2025,本科批,综合,1401,青岛理工大学,2,16,信息管理与信息系统,,物理,1,4,6600.0
海南,2025,本科批,综合,1401,青岛理工大学,1,6,国际经济与贸易,,不限,1,4,5500.0
海南,2025,本科批,综合,1401,青岛理工大学,1,8,城乡规划,,不限,1,5,6600.0
海南,2025,本科批,综合,1401,青岛理工大学,3,26,安全工程,,"物理,化学",1,4,6600.0
海南,2025,本科批,综合,1401,青岛理工大学,2,14,工业工程,,物理,1,4,5500.0
海南,2025,本科批,综合,1401,青岛理工大学,2,15,工程造价,,物理,1,4,6600.0
海南,2025,本科批,综合,1401,青岛理工大学,3,33,应用物理学,,"物理,化学",1,4,6325.0
海南,2025,本科批,综合,1401,青岛理工大学,2,12,建筑学,,物理,1,5,6600.0
海南,2025,本科批,综合,1401,青岛理工大学,3,28,建筑环境与能源应用工程,,"物理,化学",1,4,6600.0
海南,2025,本科批,综合,1401,青岛理工大学,3,34,建筑电气与智能化,,"物理,化学",1,4,6325.0
海南,2025,本科批,综合,1401,青岛理工大学,3,38,新能源汽车工程,,"物理,化学",1,4,6325.0
海南,2025,本科批,综合,1401,青岛理工大学,3,30,智能制造工程,,"物理,化学",1,4,6325.0
海南,2025,本科批,综合,1401,青岛理工大学,3,39,智能建造,,"物理,化学",1,4,6325.0
海南,2025,本科批,综合,1401,青岛理工大学,3,18,材料科学与工程,,"物理,化学",1,4,6600.0
海南,2025,本科批,综合,1401,青岛理工大学,3,19,测控技术与仪器,,"物理,化学",1,4,6325.0
海南,2025,本科批,综合,1401,青岛理工大学,3,21,电气工程及其自动化,,"物理,化学",1,4,6325.0
海南,2025,本科批,综合,1401,青岛理工大学,1,3,社会工作,,不限,1,4,4400.0
海南,2025,本科批,综合,1401,青岛理工大学,1,10,经济学,,不限,1,4,5500.0
海南,2025,本科批,综合,1401,青岛理工大学,3,31,统计学,,"物理,化学",1,4,5500.0
海南,2025,本科批,综合,1401,青岛理工大学,1,11,网络与新媒体,,不限,1,4,4400.0
海南,2025,本科批,综合,1401,青岛理工大学,3,20,能源与动力工程,,"物理,化学",1,4,5500.0
海南,2025,本科批,综合,1401,青岛理工大学,3,22,自动化,,"物理,化学",1,4,6600.0
海南,2025,本科批,综合,1401,青岛理工大学,3,24,计算机科学与技术,,"物理,化学",1,4,6600.0
海南,2025,本科批,综合,1401,青岛理工大学,1,1,财务管理,,不限,1,4,5500.0
海南,2025,本科批,综合,1401,青岛理工大学,3,35,车辆工程,,"物理,化学",1,4,6600.0
海南,2025,本科批,综合,1401,青岛理工大学,3,23,通信工程,,"物理,化学",1,4,6325.0
海南,2025,本科批,综合,1401,青岛理工大学,3,17,集成电路设计与集成系统,,"物理,化学",1,4,5500.0
海南,2025,本科批,综合,1401,青岛理工大学,1,9,风景园林,,不限,1,4,6600.0
海南,2025,本科批,综合,1406,青岛农业大学,1,2,动物科学,(含创新实验班30人),"物理,化学",4,4,6600.0
海南,2025,本科批,综合,1406,青岛农业大学,1,1,植物保护,(含创新实验班30人),"物理,化学",4,4,6600.0
海南,2025,本科批,综合,1406,青岛农业大学,1,6,水产养殖学,,"物理,化学",4,4,6600.0
海南,2025,本科批,综合,1406,青岛农业大学,1,3,土木工程,,"物理,化学",2,4,6325.0
海南,2025,本科批,综合,1406,青岛农业大学,1,5,水族科学与技术,,"物理,化学",2,4,6325.0
海南,2025,本科批,综合,1406,青岛农业大学,1,4,水生动物医学,,"物理,化学",2,4,6325.0
海南,2025,本科批,综合,1406,青岛农业大学,1,7,生物农药科学与工程,,"物理,化学",2,4,5500.0
海南,2025,专科提前批,综合,1524,青岛远洋船员职业学院,1,1,航海技术,(女生慎报；身体要求详见学校招生章程),不限,3,3,7500.0
海南,2025,专科提前批,综合,1524,青岛远洋船员职业学院,1,2,轮机工程技术,(女生慎报；身体要求详见学校招生章程),不限,3,3,7500.0
海南,2025,本科批,综合,2839,青海大学,3,6,临床医学,,"物理,化学,生物",1,5,5770.0
海南,2025,本科批,综合,2839,青海大学,2,5,动物医学,,"物理,化学",1,5,5250.0
海南,2025,本科批,综合,2839,青海大学,3,7,医学影像学,,"物理,化学,生物",1,5,5770.0
海南,2025,本科批,综合,2839,青海大学,2,4,电气工程及其自动化,,"物理,化学",1,4,5460.0
海南,2025,本科批,综合,2839,青海大学,1,2,经济学,,不限,1,4,4720.0
海南,2025,本科批,综合,2839,青海大学,2,3,计算机科学与技术,,"物理,化学",1,4,5460.0
海南,2025,本科批,综合,2839,青海大学,1,1,金融学,,不限,1,4,4720.0
海南,2025,本科批,综合,2851,青海理工学院,1,1,环境科学,,"物理,化学",2,4,5000.0
海南,2025,本科批,综合,2851,青海理工学院,1,2,自动化,,"物理,化学",2,4,5200.0
海南,2025,本科批,综合,2851,青海理工学院,1,3,计算机科学与技术,,"物理,化学",2,4,5200.0
海南,2025,本科批,综合,2841,青海民族大学,2,7,生物科学,,"物理,化学",5,4,5000.0
海南,2025,本科批,综合,2841,青海民族大学,2,10,信息安全,,"物理,化学",4,4,5200.0
海南,2025,本科批,综合,2841,青海民族大学,5,15,土地资源管理,(中外合作办学),"物理,地理",4,4,37000.0
海南,2025,本科批,综合,2841,青海民族大学,1,1,行政管理,,不限,4,4,4500.0
海南,2025,本科批,综合,2841,青海民族大学,2,8,交通运输,,"物理,化学",3,4,5200.0
海南,2025,本科批,综合,2841,青海民族大学,3,11,思想政治教育,,政治,3,4,4500.0
海南,2025,本科批,综合,2841,青海民族大学,2,5,化学工程与工艺,,"物理,化学",2,4,5200.0
海南,2025,本科批,综合,2841,青海民族大学,1,3,工商管理,,不限,2,4,4500.0
海南,2025,本科批,综合,2841,青海民族大学,2,6,旅游地学与规划工程,,"物理,化学",2,4,5200.0
海南,2025,本科批,综合,2841,青海民族大学,4,14,旅游管理,,历史,2,4,4500.0
海南,2025,本科批,综合,2841,青海民族大学,3,13,法学,,政治,2,4,4500.0
海南,2025,本科批,综合,2841,青海民族大学,3,12,经济学,,政治,2,4,4500.0
海南,2025,本科批,综合,2841,青海民族大学,2,4,统计学,,"物理,化学",2,4,5000.0
海南,2025,本科批,综合,2841,青海民族大学,2,9,计算机科学与技术,,"物理,化学",2,4,5200.0
海南,2025,本科批,综合,2841,青海民族大学,1,2,小学教育,(全科),不限,1,4,4500.0
海南,2025,本科批,综合,2840,青海师范大学,1,2,学前教育,,不限,4,4,4500.0
海南,2025,本科批,综合,2840,青海师范大学,3,13,思想政治教育,,政治,4,4,4500.0
海南,2025,本科批,综合,2840,青海师范大学,2,11,生物科学,,"物理,化学",4,4,5000.0
海南,2025,本科批,综合,2840,青海师范大学,1,4,人力资源管理,,不限,3,4,4500.0
海南,2025,本科批,综合,2840,青海师范大学,4,14,自然地理与资源环境,,地理,3,4,5000.0
海南,2025,本科批,综合,2840,青海师范大学,1,3,酒店管理,,不限,3,4,4500.0
海南,2025,本科批,综合,2840,青海师范大学,2,5,化学,,"物理,化学",2,4,5000.0
海南,2025,本科批,综合,2840,青海师范大学,1,1,历史学,,不限,2,4,4500.0
海南,2025,本科批,综合,2840,青海师范大学,5,15,地理信息科学,,"物理,地理",2,4,5000.0
海南,2025,本科批,综合,2840,青海师范大学,2,6,数学与应用数学,"(赴华中师范大学交流)(赴华中师范大学交流,“2+2”学习模式,即大一、大二在华中师范大学交流学习,后续学年在青海师范大学学习)","物理,化学",2,4,5000.0
海南,2025,本科批,综合,2840,青海师范大学,2,10,物理学,,"物理,化学",2,4,5000.0
海南,2025,本科批,综合,2840,青海师范大学,2,8,环境科学,,"物理,化学",2,4,5200.0
海南,2025,本科批,综合,2840,青海师范大学,2,12,生态学,,"物理,化学",2,4,5000.0
海南,2025,本科批,综合,2840,青海师范大学,2,9,统计学,,"物理,化学",2,4,5000.0
海南,2025,本科批,综合,2840,青海师范大学,2,7,软件工程,,"物理,化学",2,4,5200.0
海南,2025,本科批,综合,3,清华大学,4,11,临床医学类,(协和)(包含专业:临床医学),"物理,化学",1,8,5000.0
海南,2025,本科批,综合,3,清华大学,4,12,临床医学类,(卓越医师科学家)(包含专业:临床医学),"物理,化学",1,8,5000.0
海南,2025,本科批,综合,3,清华大学,4,6,工科试验班,(智能制造与装备类)(包含专业:车辆工程、机械工程(含实验班)),"物理,化学",1,4,5000.0
海南,2025,本科批,综合,3,清华大学,4,9,工科试验班,(秀钟书院)(包含专业:交叉工程(等专业)),"物理,化学",1,4,5000.0
海南,2025,本科批,综合,3,清华大学,4,10,工科试验班,(为先书院)(包含专业:交叉工程(等专业)),"物理,化学",1,4,5000.0
海南,2025,本科批,综合,3,清华大学,4,14,工科试验班,(自强书院)(包含专业:交叉工程(等专业)),"物理,化学",1,4,5000.0
海南,2025,本科批,综合,3,清华大学,4,15,工科试验班,(水木书院)(包含专业:交叉工程(等专业)),"物理,化学",1,4,5000.0
海南,2025,本科批,综合,3,清华大学,4,16,工科试验班,(无穹书院)(包含专业:人工智能(等专业)),"物理,化学",1,4,5000.0
海南,2025,本科批,综合,3,清华大学,4,18,工科试验班,(建筑、规划、景观)(包含专业:交叉工程(等专业)),"物理,化学",1,4,5000.0
海南,2025,本科批,综合,3,清华大学,3,3,文科试验班类,(经济、金融与管理)(包含专业:经济与金融(国际班)),不限,1,4,5000.0
海南,2025,本科批,综合,3,清华大学,5,19,核工程与核技术,"(定向中核)(仅招收有定向专业志愿的考生；定向生录取分数要求按照学校招生章程执行；生源不足时,可在本科统招批次相对应的选考专业组调档分数线下20分内择优录取；具体要求详见学校招生章程)","物理,化学",1,4,5000.0
海南,2025,本科批,综合,3,清华大学,4,8,理科试验班,(化生类)(包含专业:化学、生物科学、化学工程与工业生物工程),"物理,化学",1,4,5000.0
海南,2025,本科批,综合,3,清华大学,4,13,理科试验班,(新雅书院)(包含专业:智能工程与创意设计(等各专业)),"物理,化学",1,4,5000.0
海南,2025,本科批,综合,3,清华大学,4,17,理科试验班,(经济、金融与管理)(包含专业:计算机科学与技术(与金融学双学位等专业)),"物理,化学",1,4,5000.0
海南,2025,本科批,综合,3,清华大学,4,5,电子信息类,(包含专业:电子信息科学与技术),"物理,化学",1,4,5000.0
海南,2025,本科批,综合,3,清华大学,4,7,自动化类,(包含专业:自动化(含信息管理信息系统方向)),"物理,化学",1,4,5000.0
海南,2025,本科批,综合,3,清华大学,4,4,计算机类,(包含专业:计算机科学与技术、计算机科学与技术(计算机科学实验班)),"物理,化学",1,4,5000.0
海南,2025,国家专项,综合,3,清华大学,2,2,工科试验班,(水木书院)(包含专业:交叉工程(等专业)),"物理,化学",1,4,5000.0
海南,2025,国家专项,综合,3,清华大学,1,1,法学类,(包含专业:法学(含国际班)),不限,1,4,5000.0
海南,2025,本科批,综合,6011,琼台师范学院,81,24,英语,(英语单科成绩不低于90分(150分制)),不限,83,4,4620.0
海南,2025,本科批,综合,6011,琼台师范学院,82,26,学前教育,(中外合作办学),不限,8,4,49500.0
海南,2025,本科批,综合,6011,琼台师范学院,82,27,小学教育,(中外合作办学),不限,8,4,49500.0
海南,2025,本科批,综合,6011,琼台师范学院,80,23,汉语言文学,,不限,67,4,4180.0
海南,2025,本科批,综合,6011,琼台师范学院,12,20,学前教育,,不限,66,4,4620.0
海南,2025,本科批,综合,6011,琼台师范学院,12,19,财务管理,,不限,46,4,4620.0
海南,2025,本科批,综合,6011,琼台师范学院,14,30,计算机科学与技术,,"物理,化学",45,4,4620.0
海南,2025,本科批,综合,6011,琼台师范学院,15,35,思想政治教育,,政治,42,4,4620.0
海南,2025,本科批,综合,6011,琼台师范学院,14,34,生物科学,,"物理,化学",41,4,4620.0
海南,2025,本科批,综合,6011,琼台师范学院,14,29,数学与应用数学,,"物理,化学",40,4,4620.0
海南,2025,本科批,综合,6011,琼台师范学院,12,21,汉语国际教育,,不限,38,4,4180.0
海南,2025,本科批,综合,6011,琼台师范学院,13,28,教育技术学,,物理,37,4,4620.0
海南,2025,本科批,综合,6011,琼台师范学院,12,17,网络与新媒体,,不限,34,4,4620.0
海南,2025,本科批,综合,6011,琼台师范学院,14,33,软件工程,,"物理,化学",32,4,4620.0
海南,2025,本科批,综合,6011,琼台师范学院,12,16,特殊教育,,不限,23,4,4620.0
海南,2025,本科批,综合,6011,琼台师范学院,12,15,酒店管理,,不限,17,4,4620.0
海南,2025,本科批,综合,6011,琼台师范学院,14,32,数据科学与大数据技术,,"物理,化学",16,4,4620.0
海南,2025,本科批,综合,6011,琼台师范学院,12,25,科学教育,,不限,16,4,4620.0
海南,2025,本科批,综合,6011,琼台师范学院,14,31,化学,,"物理,化学",15,4,4620.0
海南,2025,本科批,综合,6011,琼台师范学院,12,22,应用心理学,,不限,15,4,4620.0
海南,2025,本科批,综合,6011,琼台师范学院,12,18,小学教育,,不限,12,4,4620.0
海南,2025,本科民族班、预科班,综合,6011,琼台师范学院,16,36,少数民族预科班,(预科培养地点:琼台师范学院桂林洋校区),不限,40,1,4200.0
海南,2025,专科批,综合,6011,琼台师范学院,17,38,应用俄语,,不限,50,3,5720.0
海南,2025,专科批,综合,6011,琼台师范学院,17,37,早期教育,,不限,50,3,5720.0
海南,2025,本科提前批,综合,6011,琼台师范学院,2,2,科学教育,"(报考本专业组的考生须为具有定向培养市县户籍的应届普通高中毕业生；本专业组属于公办小学乡村教师定向培养计划,免学费,免住宿费,每年生活补助6000元,计划分到市县,各市县的招生计划详见本书第561页)",不限,45,4,
海南,2025,本科批,综合,977,衢州学院,1,1,人力资源管理,,不限,1,4,4800.0
海南,2025,本科批,综合,977,衢州学院,1,4,城市管理,,不限,1,4,4800.0
海南,2025,本科批,综合,977,衢州学院,1,3,旅游管理与服务教育,,不限,1,4,4800.0
海南,2025,本科批,综合,977,衢州学院,1,2,电子商务,,不限,1,4,4800.0
海南,2025,本科批,综合,977,衢州学院,1,5,英语,(英语单科成绩不低于105分(150分制)),不限,1,4,5520.0
海南,2025,本科批,综合,1415,曲阜师范大学,3,5,国际经济与贸易,,不限,3,4,5500.0
海南,2025,本科批,综合,1415,曲阜师范大学,3,4,旅游管理,,不限,3,4,6600.0
海南,2025,本科批,综合,1415,曲阜师范大学,3,3,文化产业管理,,不限,2,4,5500.0
海南,2025,本科批,综合,2590,曲靖师范学院,4,10,化学,,"物理,化学",6,4,5500.0
海南,2025,本科批,综合,2590,曲靖师范学院,4,8,人工智能,,"物理,化学",5,4,5000.0
海南,2025,本科批,综合,2590,曲靖师范学院,4,9,数学与应用数学,,"物理,化学",5,4,5000.0
海南,2025,本科批,综合,2590,曲靖师范学院,2,2,学前教育,,不限,4,4,4200.0
海南,2025,本科批,综合,2590,曲靖师范学院,3,7,教育技术学,,物理,4,4,4200.0
海南,2025,本科批,综合,2590,曲靖师范学院,4,11,新能源材料与器件,,"物理,化学",4,4,5000.0
海南,2025,本科批,综合,2590,曲靖师范学院,6,13,地理科学,,地理,3,4,5000.0
海南,2025,本科批,综合,2590,曲靖师范学院,2,3,泰语,,不限,2,4,4200.0
海南,2025,本科批,综合,2590,曲靖师范学院,2,5,网络与新媒体,,不限,2,4,4200.0
海南,2025,本科批,综合,2590,曲靖师范学院,2,4,会计学,,不限,1,4,4500.0
海南,2025,本科批,综合,2590,曲靖师范学院,5,12,思想政治教育,,政治,1,4,4500.0
海南,2025,本科批,综合,2590,曲靖师范学院,3,6,经济统计学,,物理,1,4,4500.0
海南,2025,专科批,综合,1227,泉州纺织服装职业学院,3,3,针织技术与针织服装,,不限,5,3,12800.0
海南,2025,专科批,综合,1227,泉州纺织服装职业学院,3,5,服装与服饰设计,,不限,3,3,14800.0
海南,2025,专科批,综合,1227,泉州纺织服装职业学院,3,4,电子商务,,不限,1,3,13800.0
海南,2025,专科提前批,综合,1268,泉州海洋职业学院,1,1,航海技术,,不限,25,3,14450.0
海南,2025,专科提前批,综合,1268,泉州海洋职业学院,1,2,轮机工程技术,,不限,10,3,14450.0
海南,2025,专科批,综合,1268,泉州海洋职业学院,2,6,电子信息工程技术,,不限,4,3,14450.0
海南,2025,专科批,综合,1268,泉州海洋职业学院,2,5,计算机应用技术,,不限,4,3,12350.0
海南,2025,专科批,综合,1268,泉州海洋职业学院,2,4,网络营销与直播电商,,不限,3,3,13050.0
海南,2025,专科批,综合,1268,泉州海洋职业学院,2,7,商务数据分析与应用,,不限,2,3,13050.0
海南,2025,专科批,综合,1268,泉州海洋职业学院,2,3,智能控制技术,,不限,2,3,14450.0
海南,2025,专科批,综合,1228,泉州华光职业学院,1,6,数字媒体技术,,不限,6,3,12800.0
海南,2025,专科批,综合,1228,泉州华光职业学院,1,9,眼视光技术,,不限,5,3,10800.0
海南,2025,专科批,综合,1228,泉州华光职业学院,1,12,大数据与会计,,不限,4,3,10800.0
海南,2025,专科批,综合,1228,泉州华光职业学院,1,3,产品艺术设计,,不限,3,3,12800.0
海南,2025,专科批,综合,1228,泉州华光职业学院,1,7,大数据技术,,不限,3,3,10800.0
海南,2025,专科批,综合,1228,泉州华光职业学院,1,5,应急救援技术,,不限,3,3,10800.0
海南,2025,专科批,综合,1228,泉州华光职业学院,1,11,影视编导,,不限,3,3,12800.0
海南,2025,专科批,综合,1228,泉州华光职业学院,1,8,护理,,不限,3,3,12800.0
海南,2025,专科批,综合,1228,泉州华光职业学院,1,4,无人机应用技术,,不限,3,3,13800.0
海南,2025,专科批,综合,1228,泉州华光职业学院,1,2,视觉传达设计,,不限,3,3,12800.0
海南,2025,专科批,综合,1228,泉州华光职业学院,1,10,大数据与财务管理,,不限,2,3,10800.0
海南,2025,专科批,综合,1228,泉州华光职业学院,1,1,虚拟现实技术应用,,不限,2,3,12800.0
海南,2025,专科批,综合,1246,泉州经贸职业技术学院,1,1,空中乘务,(身体条件要求见招生章程),不限,5,3,6000.0
海南,2025,专科批,综合,1269,泉州轻工职业学院,1,2,现代物流管理,,不限,3,3,12600.0
海南,2025,专科批,综合,1269,泉州轻工职业学院,1,5,电气自动化技术,,不限,2,3,12600.0
海南,2025,专科批,综合,1269,泉州轻工职业学院,1,4,药品经营与管理,,不限,2,3,12600.0
海南,2025,专科批,综合,1269,泉州轻工职业学院,1,1,食品检验检测技术,,不限,2,3,12600.0
海南,2025,专科批,综合,1269,泉州轻工职业学院,1,3,计算机应用技术,,不限,1,3,13600.0
海南,2025,本科批,综合,1200,泉州师范学院,2,4,小学教育,,不限,4,4,5040.0
海南,2025,本科批,综合,1200,泉州师范学院,2,3,特殊教育,,不限,4,4,5040.0
海南,2025,本科批,综合,1200,泉州师范学院,3,8,光电信息科学与工程,,"物理,化学",2,4,5040.0
海南,2025,本科批,综合,1200,泉州师范学院,3,7,数学与应用数学,,"物理,化学",2,4,5040.0
海南,2025,本科批,综合,1200,泉州师范学院,5,10,汉语国际教育,,历史,2,4,5460.0
海南,2025,本科批,综合,1200,泉州师范学院,5,11,汉语言文学,,历史,2,4,5460.0
海南,2025,本科批,综合,1200,泉州师范学院,3,6,物理学,,"物理,化学",2,4,5040.0
海南,2025,本科批,综合,1200,泉州师范学院,4,9,生物科学,,"物理,化学,生物",2,4,5460.0
海南,2025,本科批,综合,1200,泉州师范学院,2,2,英语,,不限,2,4,5040.0
海南,2025,本科批,综合,1200,泉州师范学院,2,5,学前教育,,不限,1,4,5040.0
海南,2025,本科批,综合,1242,泉州信息工程学院,2,7,工程造价,,物理,8,4,25800.0
海南,2025,本科批,综合,1242,泉州信息工程学院,2,6,金融工程,,物理,8,4,25800.0
海南,2025,本科批,综合,1242,泉州信息工程学院,1,3,国际商务,,不限,6,4,25800.0
海南,2025,本科批,综合,1242,泉州信息工程学院,3,20,人工智能,,"物理,化学",5,4,25800.0
海南,2025,本科批,综合,1242,泉州信息工程学院,3,22,土木工程,,"物理,化学",5,4,25800.0
海南,2025,本科批,综合,1242,泉州信息工程学院,3,21,数据科学与大数据技术,,"物理,化学",5,4,25800.0
海南,2025,本科批,综合,1242,泉州信息工程学院,3,9,电子信息工程,,"物理,化学",5,4,25800.0
海南,2025,本科批,综合,1242,泉州信息工程学院,3,23,网络空间安全,,"物理,化学",5,4,25800.0
海南,2025,本科批,综合,1242,泉州信息工程学院,3,15,软件工程,,"物理,化学",5,4,25800.0
海南,2025,本科批,综合,1242,泉州信息工程学院,3,19,机械设计制造及其自动化,,"物理,化学",3,4,25800.0
海南,2025,本科批,综合,1242,泉州信息工程学院,3,17,电气工程及其自动化,,"物理,化学",3,4,25800.0
海南,2025,本科批,综合,1242,泉州信息工程学院,3,16,自动化,,"物理,化学",3,4,25800.0
海南,2025,本科批,综合,1242,泉州信息工程学院,3,12,通信工程,,"物理,化学",3,4,25800.0
海南,2025,本科批,综合,1242,泉州信息工程学院,2,8,电子商务,,物理,27,4,25800.0
海南,2025,本科批,综合,1242,泉州信息工程学院,1,4,审计学,,不限,20,4,25800.0
海南,2025,本科批,综合,1242,泉州信息工程学院,1,1,财务管理,,不限,20,4,25800.0
海南,2025,本科批,综合,1242,泉州信息工程学院,3,18,智能制造工程,,"物理,化学",2,4,25800.0
海南,2025,本科批,综合,1242,泉州信息工程学院,3,13,物联网工程,,"物理,化学",2,4,25800.0
海南,2025,本科批,综合,1242,泉州信息工程学院,3,14,网络工程,,"物理,化学",2,4,25800.0
海南,2025,本科批,综合,1242,泉州信息工程学院,1,2,国际经济与贸易,,不限,10,4,25800.0
海南,2025,本科批,综合,1242,泉州信息工程学院,1,5,物流管理,,不限,10,4,25800.0
海南,2025,本科批,综合,1242,泉州信息工程学院,3,11,微电子科学与工程,,"物理,化学",1,4,25800.0
海南,2025,本科批,综合,1242,泉州信息工程学院,3,24,机器人工程,,"物理,化学",1,4,25800.0
海南,2025,本科批,综合,1242,泉州信息工程学院,3,10,集成电路设计与集成系统,,"物理,化学",1,4,25800.0
海南,2025,本科批,综合,1229,泉州职业技术大学,2,5,人工智能工程技术,,物理,5,4,24800.0
海南,2025,本科批,综合,1229,泉州职业技术大学,1,2,大数据与会计,,不限,5,4,24800.0
海南,2025,本科批,综合,1229,泉州职业技术大学,1,1,大数据与财务管理,,不限,10,4,24800.0
海南,2025,本科批,综合,1229,泉州职业技术大学,2,4,机械设计制造及自动化,,物理,10,4,24800.0
海南,2025,本科批,综合,1229,泉州职业技术大学,1,3,酒店管理,,不限,10,4,24800.0
海南,2025,本科批,综合,1204,三明学院,3,8,新能源汽车工程,,"物理,化学",3,4,5460.0
海南,2025,本科批,综合,1204,三明学院,3,9,机械设计制造及其自动化,,"物理,化学",3,4,5460.0
海南,2025,本科批,综合,1204,三明学院,2,5,工程造价,,物理,2,4,5040.0
海南,2025,本科批,综合,1204,三明学院,3,6,数字媒体技术,,"物理,化学",2,4,5040.0
海南,2025,本科批,综合,1204,三明学院,1,2,旅游管理与服务教育,,不限,2,4,5040.0
海南,2025,本科批,综合,1204,三明学院,3,11,智能建造与智慧交通,,"物理,化学",2,4,5040.0
海南,2025,本科批,综合,1204,三明学院,1,1,财务管理,,不限,2,4,5040.0
海南,2025,本科批,综合,1204,三明学院,2,3,供应链管理,,物理,1,4,5040.0
海南,2025,本科批,综合,1204,三明学院,3,10,土木工程,,"物理,化学",1,4,5460.0
海南,2025,本科批,综合,1204,三明学院,2,4,数字经济,,物理,1,4,5040.0
海南,2025,本科批,综合,1204,三明学院,3,7,物联网工程,,"物理,化学",1,4,5040.0
海南,2025,本科批,综合,1769,三峡大学,2,7,水利水电工程,,"物理,化学",7,4,5850.0
海南,2025,本科批,综合,1769,三峡大学,2,8,土木工程,(智慧土木方向),"物理,化学",6,4,5850.0
海南,2025,本科批,综合,1769,三峡大学,2,21,机械设计制造及其自动化,,"物理,化学",6,4,5850.0
海南,2025,本科批,综合,1769,三峡大学,2,11,电气工程及其自动化,,"物理,化学",6,4,5850.0
海南,2025,本科批,综合,1769,三峡大学,2,15,临床医学,,"物理,化学",4,5,5850.0
海南,2025,本科批,综合,1769,三峡大学,2,23,材料成型及控制工程,,"物理,化学",4,4,4500.0
海南,2025,本科批,综合,1769,三峡大学,2,17,智能电网信息工程,,"物理,化学",3,4,5850.0
海南,2025,本科批,综合,1769,三峡大学,1,2,中医学,,不限,2,5,4500.0
海南,2025,本科批,综合,1769,三峡大学,2,20,医学影像学,,"物理,化学",2,5,5850.0
海南,2025,本科批,综合,1769,三峡大学,2,24,地质工程,(智慧地质方向),"物理,化学",2,4,4500.0
海南,2025,本科批,综合,1769,三峡大学,1,1,建筑学,(智慧建筑与数智化设计方向),不限,2,5,4500.0
海南,2025,本科批,综合,1769,三峡大学,1,3,投资学,,不限,2,4,4500.0
海南,2025,本科批,综合,1769,三峡大学,2,13,护理学,,"物理,化学",2,4,4500.0
海南,2025,本科批,综合,1769,三峡大学,2,10,新能源材料与器件,(含光电、储能材料与器件方向),"物理,化学",2,4,4500.0
海南,2025,本科批,综合,1769,三峡大学,2,16,核工程与核技术,,"物理,化学",2,4,4500.0
海南,2025,本科批,综合,1769,三峡大学,1,5,法语,,不限,2,4,4500.0
海南,2025,本科批,综合,1769,三峡大学,2,6,港口航道与海岸工程,,"物理,化学",2,4,4500.0
海南,2025,本科批,综合,1769,三峡大学,2,9,环境工程,,"物理,化学",2,4,4500.0
海南,2025,本科批,综合,1769,三峡大学,2,19,生物工程,(现代生物制造产业班),"物理,化学",2,4,4500.0
海南,2025,本科批,综合,1769,三峡大学,2,14,生物科学,(生科、生态方向),"物理,化学",2,4,4500.0
海南,2025,本科批,综合,1769,三峡大学,2,12,电气工程及其自动化,(输电线路工程方向),"物理,化学",2,4,5850.0
海南,2025,本科批,综合,1769,三峡大学,2,22,电气工程及其自动化,(直流技术方向),"物理,化学",2,4,5850.0
海南,2025,本科批,综合,1769,三峡大学,1,4,英语,(设教师教育、翻译与国际传播2个方向),不限,2,4,4500.0
海南,2025,本科批,综合,1769,三峡大学,2,18,计算机科学与技术,,"物理,化学",2,4,5850.0
海南,2025,本科批,综合,1814,三峡大学科技学院,3,5,电气工程及其自动化,(含电力系统、输电线路工程方向),"物理,化学",3,4,20000.0
海南,2025,本科批,综合,1814,三峡大学科技学院,3,9,临床医学,,"物理,化学",2,5,23000.0
海南,2025,本科批,综合,1814,三峡大学科技学院,3,4,储能科学与工程,,"物理,化学",2,4,18000.0
海南,2025,本科批,综合,1814,三峡大学科技学院,3,6,光电信息科学与工程,,"物理,化学",2,4,18000.0
海南,2025,本科批,综合,1814,三峡大学科技学院,3,8,水利水电工程,,"物理,化学",2,4,20000.0
海南,2025,本科批,综合,1814,三峡大学科技学院,2,2,网络与新媒体,,不限,2,4,15000.0
海南,2025,本科批,综合,1814,三峡大学科技学院,3,7,计算机科学与技术,(含软件开发、智能感知与控制方向),"物理,化学",2,4,20000.0
海南,2025,本科批,综合,1814,三峡大学科技学院,2,3,财务管理,,不限,2,4,15000.0
海南,2025,专科批,综合,1814,三峡大学科技学院,4,11,发电厂及电力系统,,不限,3,3,10000.0
海南,2025,专科批,综合,1814,三峡大学科技学院,4,10,大数据与会计,,不限,3,3,10000.0
海南,2025,专科批,综合,1814,三峡大学科技学院,4,14,智能机电技术,,不限,2,3,10000.0
海南,2025,专科批,综合,1814,三峡大学科技学院,4,12,水利水电建筑工程,,不限,2,3,10000.0
海南,2025,专科批,综合,1814,三峡大学科技学院,4,13,计算机应用技术,,不限,2,3,10000.0
海南,2025,专科批,综合,1849,三峡电力职业学院,1,1,发电厂及电力系统,,不限,10,3,6500.0
海南,2025,专科批,综合,1849,三峡电力职业学院,1,3,机电一体化技术,,不限,10,3,6500.0
海南,2025,专科批,综合,1849,三峡电力职业学院,1,2,电力系统自动化技术,,不限,10,3,6500.0
海南,2025,专科批,综合,6007,三亚城市职业学院,82,35,大数据与会计,"(高职本科“3+2”分段培养)(高职本科“3+2”分段培养,与海南科技职业大学合作,前3年在三亚城市职业学院就读,后2年在海南科技职业大学大数据与财务管理专业就读；后2年费用以海南科技职业大学规定的为准)",不限,50,3,14800.0
海南,2025,专科批,综合,6007,三亚城市职业学院,82,37,婴幼儿托育服务与管理,"(高职本科“3+2”分段培养)(高职本科“3+2”分段培养,与海南科技职业大学合作,前3年在三亚城市职业学院就读,后2年在海南科技职业大学学前教育专业就读；后2年费用以海南科技职业大学规定的为准)",不限,50,3,16800.0
海南,2025,专科批,综合,6007,三亚城市职业学院,82,31,室内艺术设计,"(高职本科“3+2”分段培养)(高职本科“3+2”分段培养,与海南科技职业大学合作,前3年在三亚城市职业学院就读,后2年在海南科技职业大学环境艺术设计就读；后2年费用以海南科技职业大学规定的为准)",不限,50,3,16800.0
海南,2025,专科批,综合,6007,三亚城市职业学院,82,34,工程造价,"(高职本科“3+2”分段培养)(高职本科“3+2”分段培养,与海南科技职业大学合作,前3年在三亚城市职业学院就读,后2年在海南科技职业大学工程造价专业就读；后2年费用以海南科技职业大学规定的为准)",不限,50,3,14800.0
海南,2025,专科批,综合,6007,三亚城市职业学院,82,29,建筑工程技术,"(高职本科“3+2”分段培养)(高职本科“3+2”分段培养,与海南科技职业大学合作,前3年在三亚城市职业学院就读,后2年在海南科技职业大学建筑工程专业就读；后2年费用以海南科技职业大学规定的为准)",不限,50,3,14800.0
海南,2025,专科批,综合,6007,三亚城市职业学院,82,33,数字媒体艺术设计,"(高职本科“3+2”分段培养)(高职本科“3+2”分段培养,与海南科技职业大学合作,前3年在三亚城市职业学院就读,后2年在海南科技职业大学视觉传达设计专业就读；后2年费用以海南科技职业大学规定的为准)",不限,50,3,16800.0
海南,2025,专科批,综合,6007,三亚城市职业学院,82,30,新能源汽车技术,"(高职本科“3+2”分段培养)(高职本科“3+2”分段培养,与海南科技职业大学合作,前3年在三亚城市职业学院就读,后2年在海南科技职业大学新能源汽车工程技术专业就读；后2年费用以海南科技职业大学规定的为准)",不限,50,3,14800.0
海南,2025,专科批,综合,6007,三亚城市职业学院,82,39,电子商务,"(高职本科“3+2”分段培养)(高职本科“3+2”分段培养,与海南科技职业大学合作,前3年在三亚城市职业学院就读,后2年在海南科技职业大学大数据工程技术专业就读；后2年费用以海南科技职业大学规定的为准)",不限,50,3,16800.0
海南,2025,专科批,综合,6007,三亚城市职业学院,82,38,舞蹈表演,"(高职本科“3+2”分段培养)(高职本科“3+2”分段培养,与海南科技职业大学合作,前3年在三亚城市职业学院就读,后2年在海南科技职业大学舞蹈表演与编导专业就读；后2年费用以海南科技职业大学规定的为准)",不限,50,3,16800.0
海南,2025,专科批,综合,6007,三亚城市职业学院,82,32,视觉传达设计,"(高职本科“3+2”分段培养)(高职本科“3+2”分段培养,与海南科技职业大学合作,前3年在三亚城市职业学院就读,后2年在海南科技职业大学视觉传达设计专业就读；后2年费用以海南科技职业大学规定的为准)",不限,50,3,16800.0
海南,2025,专科批,综合,6007,三亚城市职业学院,82,36,计算机应用技术,"(高职本科“3+2”分段培养)(高职本科“3+2”分段培养,与海南科技职业大学合作,前3年在三亚城市职业学院就读,后2年在海南科技职业大学大数据工程技术专业就读；后2年费用以海南科技职业大学规定的为准)",不限,50,3,16800.0
海南,2025,专科批,综合,6007,三亚城市职业学院,5,22,应用英语,,不限,33,3,19800.0
海南,2025,专科批,综合,6007,三亚城市职业学院,5,13,人力资源管理,,不限,32,3,14800.0
海南,2025,专科批,综合,6007,三亚城市职业学院,5,9,大数据与会计,,不限,32,3,14800.0
海南,2025,专科批,综合,6007,三亚城市职业学院,5,20,婴幼儿托育服务与管理,,不限,32,3,16800.0
海南,2025,专科批,综合,6007,三亚城市职业学院,5,14,宠物养护与驯导,,不限,32,3,14800.0
海南,2025,专科批,综合,6007,三亚城市职业学院,5,24,室内艺术设计,,不限,32,3,16800.0
海南,2025,专科批,综合,6007,三亚城市职业学院,5,10,市场营销,(新媒体运营),不限,32,3,14800.0
海南,2025,专科批,综合,6007,三亚城市职业学院,5,6,建筑工程技术,,不限,32,3,14800.0
海南,2025,专科批,综合,6007,三亚城市职业学院,5,7,建筑消防技术,,不限,32,3,14800.0
海南,2025,专科批,综合,6007,三亚城市职业学院,5,8,新能源汽车技术,,不限,32,3,14800.0
海南,2025,专科批,综合,6007,三亚城市职业学院,5,15,旅游管理,,不限,32,3,14800.0
海南,2025,专科批,综合,6007,三亚城市职业学院,5,12,智慧健康养老服务与管理,,不限,32,3,14800.0
海南,2025,专科批,综合,6007,三亚城市职业学院,5,16,烹饪工艺与营养,,不限,32,3,14800.0
海南,2025,专科批,综合,6007,三亚城市职业学院,5,11,现代物流管理,,不限,32,3,14800.0
海南,2025,专科批,综合,6007,三亚城市职业学院,5,21,电子商务,,不限,32,3,16800.0
海南,2025,专科批,综合,6007,三亚城市职业学院,5,18,空中乘务,,不限,32,3,16800.0
海南,2025,专科批,综合,6007,三亚城市职业学院,5,23,视觉传达设计,,不限,32,3,16800.0
海南,2025,专科批,综合,6007,三亚城市职业学院,5,19,计算机应用技术,,不限,32,3,16800.0
海南,2025,专科批,综合,6007,三亚城市职业学院,5,17,高速铁路客运服务,,不限,32,3,16800.0
海南,2025,专科批,综合,6007,三亚城市职业学院,5,25,播音与主持,,不限,16,3,16800.0
海南,2025,专科批,综合,6007,三亚城市职业学院,5,26,舞蹈表演,,不限,16,3,16800.0
海南,2025,专科批,综合,6007,三亚城市职业学院,5,27,音乐表演,(声乐),不限,16,3,19800.0
海南,2025,专科批,综合,6007,三亚城市职业学院,5,28,音乐表演,(器乐),不限,16,3,19800.0
海南,2025,专科批,综合,6007,三亚城市职业学院,80,40,大数据与会计,(中外合作办学),不限,10,3,30000.0
海南,2025,专科批,综合,6007,三亚城市职业学院,81,41,现代物流管理,(中外合作办学),不限,10,3,30000.0
海南,2025,专科批,综合,6015,三亚航空旅游职业学院,10,40,跨境电子商务,,不限,9,3,11800.0
海南,2025,专科批,综合,6015,三亚航空旅游职业学院,10,39,应用俄语,(国际航空旅游服务),不限,7,3,9800.0
海南,2025,专科批,综合,6015,三亚航空旅游职业学院,10,16,飞机机电设备维修,(女生慎报；不招色盲、色弱),不限,65,3,15800.0
海南,2025,专科批,综合,6015,三亚航空旅游职业学院,10,25,酒店管理与数字化运营,,不限,6,3,9800.0
海南,2025,专科批,综合,6015,三亚航空旅游职业学院,80,30,大数据与财务管理,"(高职本科“3+2”分段培养)(高职本科“3+2”分段培养,与海南科技职业大学合作开展高职本科联合培养,学生高职毕业后可转段至海南科技职业大学大数据与财务管理专业就读本科；后2年学费以海南科技职业大学规定为准)",不限,55,3,9800.0
海南,2025,专科批,综合,6015,三亚航空旅游职业学院,80,35,建筑工程技术,"(高职本科“3+2”分段培养)(高职本科“3+2”分段培养,与海南科技职业大学合作开展高职本科联合培养,学生高职毕业后可转段至海南科技职业大学建筑工程专业就读本科；后2年学费以海南科技职业大学规定为准)",不限,55,3,12800.0
海南,2025,专科批,综合,6015,三亚航空旅游职业学院,80,15,新能源汽车技术,"(高职本科“3+2”分段培养)(高职本科“3+2”分段培养,与海南科技职业大学合作开展高职本科联合培养,学生高职毕业后可转段至海南科技职业大学新能源汽车工程技术专业就读本科；后2年学费以海南科技职业大学规定为准)",不限,55,3,11800.0
海南,2025,专科批,综合,6015,三亚航空旅游职业学院,80,20,飞机机电设备维修,"(高职本科“3+2”分段培养)(高职本科“3+2”分段培养,与海南科技职业大学合作开展高职本科联合培养,学生高职毕业后可转段至海南科技职业大学机械设计制造及自动化专业就读本科；后2年学费以海南科技职业大学规定为准)",不限,55,3,15800.0
海南,2025,专科批,综合,6015,三亚航空旅游职业学院,80,17,飞机电子设备维修,"(高职本科“3+2”分段培养)(高职本科“3+2”分段培养,与海南科技职业大学合作开展高职本科联合培养,学生高职毕业后可转段至海南科技职业大学人工智能工程技术专业就读本科；后2年学费以海南科技职业大学规定为准)",不限,55,3,15800.0
海南,2025,专科批,综合,6015,三亚航空旅游职业学院,81,24,航空物流管理,"(高职本科“3+2”分段培养)(高职本科“3+2”分段培养,与海口经济学院合作开展高职本科联合培养,学生高职毕业后可转段至海口经济学院物流管理专业就读本科；后2年学费以海口经济学院规定为准)",不限,50,3,12800.0
海南,2025,专科批,综合,6015,三亚航空旅游职业学院,10,31,大数据与会计,,不限,5,3,9800.0
海南,2025,专科批,综合,6015,三亚航空旅游职业学院,81,22,民航运输服务,"(高职本科“3+2”分段培养)(高职本科“3+2”分段培养,与海口经济学院合作开展高职本科联合培养,学生高职毕业后可转段至海口经济学院交通运输(民航运输)专业就读本科；后2年学费以海口经济学院规定为准)",不限,40,3,12800.0
海南,2025,专科批,综合,6015,三亚航空旅游职业学院,10,21,民航运输服务,,不限,37,3,12800.0
海南,2025,专科批,综合,6015,三亚航空旅游职业学院,10,12,民航安全技术管理,(不招色盲、色弱),不限,31,3,12800.0
海南,2025,专科批,综合,6015,三亚航空旅游职业学院,10,33,软件技术,,不限,30,3,16800.0
海南,2025,专科批,综合,6015,三亚航空旅游职业学院,10,29,大数据与财务管理,,不限,3,3,9800.0
海南,2025,专科批,综合,6015,三亚航空旅游职业学院,10,44,飞机电子设备维修,(不招色盲、色弱),不限,3,3,15800.0
海南,2025,专科批,综合,6015,三亚航空旅游职业学院,10,38,电子商务,,不限,25,3,16800.0
海南,2025,专科批,综合,6015,三亚航空旅游职业学院,10,23,高速铁路客运服务,"(无纹身；女生身高范围160-175cm,男生身高范围170-185cm)",不限,22,3,12800.0
海南,2025,专科批,综合,6015,三亚航空旅游职业学院,10,14,无人机应用技术,,不限,20,3,13800.0
海南,2025,专科批,综合,6015,三亚航空旅游职业学院,10,47,建筑工程技术,,不限,2,3,12800.0
海南,2025,专科批,综合,6015,三亚航空旅游职业学院,10,45,新能源汽车技术,,不限,2,3,11800.0
海南,2025,专科批,综合,6015,三亚航空旅游职业学院,10,46,航空物流管理,,不限,2,3,12800.0
海南,2025,专科批,综合,6015,三亚航空旅游职业学院,10,27,市场营销,(奢侈品运营与管理),不限,15,3,11800.0
海南,2025,专科批,综合,6015,三亚航空旅游职业学院,10,32,国际邮轮乘务管理,,不限,14,3,11800.0
海南,2025,专科批,综合,6015,三亚航空旅游职业学院,10,36,计算机网络技术,,不限,14,3,16800.0
海南,2025,专科批,综合,6015,三亚航空旅游职业学院,10,37,康复治疗技术,,不限,13,3,11800.0
海南,2025,专科批,综合,6015,三亚航空旅游职业学院,10,18,机电一体化技术,,不限,13,3,11800.0
海南,2025,专科批,综合,6015,三亚航空旅游职业学院,10,26,烹饪工艺与营养,,不限,13,3,9800.0
海南,2025,专科批,综合,6015,三亚航空旅游职业学院,10,13,航空发动机维修技术,(不招色盲、色弱),不限,13,3,15800.0
海南,2025,专科批,综合,6015,三亚航空旅游职业学院,10,34,工程造价,,不限,12,3,12800.0
海南,2025,专科批,综合,6015,三亚航空旅游职业学院,10,19,机场运行服务与管理,,不限,12,3,12800.0
海南,2025,专科批,综合,6015,三亚航空旅游职业学院,10,41,网络营销与直播电商,,不限,12,3,11800.0
海南,2025,专科批,综合,6015,三亚航空旅游职业学院,10,43,护理,,不限,11,3,11800.0
海南,2025,专科批,综合,6015,三亚航空旅游职业学院,10,28,旅游管理,,不限,11,3,9800.0
海南,2025,专科批,综合,6015,三亚航空旅游职业学院,10,42,茶艺与茶文化,,不限,10,3,9800.0
海南,2025,专科提前批,综合,6015,三亚航空旅游职业学院,1,1,航海技术,"(男生身高不低于165cm,女生身高不低于160cm;不招色盲、色弱)",不限,68,3,14800.0
海南,2025,专科提前批,综合,6015,三亚航空旅游职业学院,1,2,轮机工程技术,(女生慎报；考生身高不低于155cm;不招色盲、色弱),不限,27,3,14800.0
海南,2025,专科批,综合,6026,三亚护理职业学院,80,14,中医康复技术,"(高职本科“3+2”分段培养)(高职本科“3+2”分段培养,前3年在三亚护理职业学院就读专科,后2年在海南科技职业大学就读康复治疗本科；后2年费用以海南科技职业大学规定为准)",不限,80,3,23800.0
海南,2025,专科批,综合,6026,三亚护理职业学院,80,16,口腔卫生保健,"(高职本科“3+2”分段培养)(高职本科“3+2”分段培养,前3年在三亚护理职业学院就读专科,后2年在海南科技职业大学就读口腔医学技术本科；后2年费用以海南科技职业大学规定为准)",不限,80,3,23800.0
海南,2025,专科批,综合,6026,三亚护理职业学院,80,15,康复治疗技术,"(高职本科“3+2”分段培养)(高职本科“3+2”分段培养,前3年在三亚护理职业学院就读专科,后2年在海南科技职业大学就读康复治疗本科；后2年费用以海南科技职业大学规定为准)",不限,80,3,21800.0
海南,2025,专科批,综合,6026,三亚护理职业学院,80,13,护理,"(高职本科“3+2”分段培养)(高职本科“3+2”分段培养,前3年在三亚护理职业学院就读专科,后2年在海南科技职业大学就读护理本科；后2年费用以海南科技职业大学规定为准)",不限,80,3,19800.0
海南,2025,专科批,综合,6026,三亚护理职业学院,1,9,药品经营与管理,,不限,60,3,19800.0
海南,2025,专科批,综合,6026,三亚护理职业学院,1,8,药学,,不限,60,3,19800.0
海南,2025,专科批,综合,6026,三亚护理职业学院,1,2,中医康复技术,,不限,20,3,23800.0
海南,2025,专科批,综合,6026,三亚护理职业学院,1,10,健康大数据管理与服务,,不限,20,3,19800.0
海南,2025,专科批,综合,6026,三亚护理职业学院,1,7,助产,,不限,20,3,19800.0
海南,2025,专科批,综合,6026,三亚护理职业学院,1,3,医学检验技术,,不限,20,3,21800.0
海南,2025,专科批,综合,6026,三亚护理职业学院,1,4,医学美容技术,,不限,20,3,19800.0
海南,2025,专科批,综合,6026,三亚护理职业学院,1,6,口腔卫生保健,,不限,20,3,23800.0
海南,2025,专科批,综合,6026,三亚护理职业学院,1,5,康复治疗技术,,不限,20,3,21800.0
海南,2025,专科批,综合,6026,三亚护理职业学院,1,12,智慧健康养老服务与管理,,不限,20,3,19800.0
海南,2025,专科批,综合,6026,三亚护理职业学院,1,11,现代家政服务与管理,,不限,20,3,19800.0
海南,2025,专科批,综合,6026,三亚护理职业学院,1,1,护理,,不限,17,3,19800.0
海南,2025,专科批,综合,6017,三亚理工职业学院,81,8,护理,"(高职本科“3+2”分段培养)(高职本科“3+2”分段培养,与三亚学院合作培养,前3年在三亚理工职业学院护理专业就读,后2年在三亚学院护理学专业就读；后2年费用以三亚学院规定的为准)",不限,80,3,16900.0
海南,2025,专科批,综合,6017,三亚理工职业学院,81,14,新能源汽车技术,"(高职本科“3+2”分段培养)(高职本科“3+2”分段培养,与三亚学院合作培养,前3年在三亚理工职业学院新能源汽车技术专业就读,后2年在三亚学院车辆工程专业就读；后2年费用以三亚学院规定的为准)",不限,80,3,15600.0
海南,2025,专科批,综合,6017,三亚理工职业学院,3,10,国际邮轮乘务管理,,不限,70,3,12000.0
海南,2025,专科批,综合,6017,三亚理工职业学院,81,16,酒店管理与数字化运营,"(高职本科“3+2”分段培养)(高职本科“3+2”分段培养,与三亚学院合作培养,前3年在三亚理工职业学院酒店管理与数字化运营专业就读,后2年在三亚学院酒店管理专业就读；后2年费用以三亚学院规定的为准)",不限,65,3,15600.0
海南,2025,专科批,综合,6017,三亚理工职业学院,81,17,会展策划与管理,"(高职本科“3+2”分段培养)(高职本科“3+2”分段培养,与三亚学院合作培养,前3年在三亚理工职业学院会展策划与管理专业就读,后2年在三亚学院会展经济与管理专业就读；后2年费用以三亚学院规定的为准)",不限,60,3,15600.0
海南,2025,专科批,综合,6017,三亚理工职业学院,3,13,新能源汽车技术,,不限,48,3,15600.0
海南,2025,专科批,综合,6017,三亚理工职业学院,3,15,会展策划与管理,,不限,42,3,15600.0
海南,2025,专科批,综合,6017,三亚理工职业学院,3,9,旅游管理,(游艇服务与管理),不限,30,3,12000.0
海南,2025,专科批,综合,6017,三亚理工职业学院,3,11,旅游管理,,不限,28,3,15600.0
海南,2025,专科批,综合,6017,三亚理工职业学院,3,12,酒店管理与数字化运营,,不限,26,3,15600.0
海南,2025,专科批,综合,6017,三亚理工职业学院,3,6,护理,,不限,129,3,16900.0
海南,2025,专科批,综合,6017,三亚理工职业学院,3,7,大数据与会计,,不限,122,3,15600.0
海南,2025,本科批,综合,6014,三亚学院,6,26,汉语言文学,,不限,90,4,31900.0
海南,2025,本科批,综合,6014,三亚学院,6,28,会展经济与管理,,不限,9,4,31900.0
海南,2025,本科批,综合,6014,三亚学院,8,54,护理学,,化学,80,4,33900.0
海南,2025,本科批,综合,6014,三亚学院,6,14,法学,,不限,75,4,33900.0
海南,2025,本科批,综合,6014,三亚学院,6,19,会计学,,不限,65,4,36900.0
海南,2025,本科批,综合,6014,三亚学院,6,50,电子竞技运动与管理,,不限,6,4,33900.0
海南,2025,本科批,综合,6014,三亚学院,6,37,英语,,不限,50,4,33900.0
海南,2025,本科批,综合,6014,三亚学院,6,30,旅游管理,(智慧旅游大数据),不限,5,4,33900.0
海南,2025,本科批,综合,6014,三亚学院,6,39,网络与新媒体,,不限,40,4,36900.0
海南,2025,本科批,综合,6014,三亚学院,9,68,数据科学与大数据技术,,"物理,化学",36,4,36900.0
海南,2025,本科批,综合,6014,三亚学院,6,34,经济与金融,,不限,35,4,36900.0
海南,2025,本科批,综合,6014,三亚学院,6,45,城乡规划,,不限,25,4,31900.0
海南,2025,本科批,综合,6014,三亚学院,6,16,行政管理,,不限,25,4,31900.0
海南,2025,本科批,综合,6014,三亚学院,6,27,供应链管理,,不限,23,4,33900.0
海南,2025,本科批,综合,6014,三亚学院,6,15,法学,(自贸港法律),不限,23,4,36900.0
海南,2025,本科批,综合,6014,三亚学院,9,66,软件工程,,"物理,化学",23,4,33900.0
海南,2025,本科批,综合,6014,三亚学院,6,24,物流管理,,不限,22,4,33900.0
海南,2025,本科批,综合,6014,三亚学院,6,42,国际经济与贸易,,不限,21,4,31900.0
海南,2025,本科批,综合,6014,三亚学院,9,65,计算机科学与技术,,"物理,化学",21,4,33900.0
海南,2025,本科批,综合,6014,三亚学院,6,44,应用心理学,,不限,20,4,33900.0
海南,2025,本科批,综合,6014,三亚学院,9,59,新能源汽车工程,,"物理,化学",20,4,36900.0
海南,2025,本科批,综合,6014,三亚学院,6,25,汉语国际教育,,不限,20,4,31900.0
海南,2025,本科批,综合,6014,三亚学院,9,62,电子信息工程,,"物理,化学",20,4,36900.0
海南,2025,本科批,综合,6014,三亚学院,6,17,社会学,,不限,20,4,33900.0
海南,2025,本科批,综合,6014,三亚学院,6,18,社会工作,,不限,20,4,33900.0
海南,2025,本科批,综合,6014,三亚学院,6,20,财务管理,,不限,20,4,36900.0
海南,2025,本科批,综合,6014,三亚学院,85,38,艺术管理,,不限,2,4,36900.0
海南,2025,本科批,综合,6014,三亚学院,9,67,智能科学与技术,,"物理,化学",19,4,36900.0
海南,2025,本科批,综合,6014,三亚学院,6,35,健康服务与管理,,不限,18,4,31900.0
海南,2025,本科批,综合,6014,三亚学院,6,46,风景园林,,不限,18,4,33900.0
海南,2025,本科批,综合,6014,三亚学院,6,43,保险学,(保险科技),不限,17,4,36900.0
海南,2025,本科批,综合,6014,三亚学院,9,69,虚拟现实技术,,"物理,化学",17,4,36900.0
海南,2025,本科批,综合,6014,三亚学院,7,53,工程管理,(建筑数字技术与造价),物理,16,4,31900.0
海南,2025,本科批,综合,6014,三亚学院,9,55,医学检验技术,,"物理,化学",15,4,33900.0
海南,2025,本科批,综合,6014,三亚学院,6,23,工商管理,,不限,15,4,31900.0
海南,2025,本科批,综合,6014,三亚学院,6,22,市场营销,(数字营销),不限,15,4,33900.0
海南,2025,本科批,综合,6014,三亚学院,9,56,康复治疗学,,"物理,化学",15,4,33900.0
海南,2025,本科批,综合,6014,三亚学院,84,51,数字经济,,物理,15,4,48000.0
海南,2025,本科批,综合,6014,三亚学院,9,61,新能源科学与工程,,"物理,化学",15,4,36900.0
海南,2025,本科批,综合,6014,三亚学院,6,49,时尚传播,,不限,15,4,36900.0
海南,2025,本科批,综合,6014,三亚学院,6,36,翻译,(智能语言与翻译项目管理),不限,15,4,33900.0
海南,2025,本科批,综合,6014,三亚学院,6,40,语言学,(语言科技),不限,15,4,36900.0
海南,2025,本科批,综合,6014,三亚学院,6,31,跨境电子商务,,不限,15,4,33900.0
海南,2025,本科批,综合,6014,三亚学院,9,58,车辆工程,,"物理,化学",15,4,36900.0
海南,2025,本科批,综合,6014,三亚学院,9,63,通信工程,,"物理,化学",15,4,36900.0
海南,2025,本科批,综合,6014,三亚学院,6,33,酒店管理,(奢华品牌运营与管理),不限,15,4,31900.0
海南,2025,本科批,综合,6014,三亚学院,9,57,数据计算及应用,,"物理,化学",12,4,36900.0
海南,2025,本科批,综合,6014,三亚学院,9,60,测控技术与仪器,,"物理,化学",12,4,36900.0
海南,2025,本科批,综合,6014,三亚学院,9,71,储能科学与工程,,"物理,化学",11,4,36900.0
海南,2025,本科批,综合,6014,三亚学院,9,64,集成电路设计与集成系统,,"物理,化学",11,4,36900.0
海南,2025,本科批,综合,6014,三亚学院,6,21,人力资源管理,,不限,10,4,33900.0
海南,2025,本科批,综合,6014,三亚学院,6,41,俄语,,不限,10,4,31900.0
海南,2025,本科批,综合,6014,三亚学院,83,70,区块链工程,(数据资产管理),"物理,化学",10,4,48000.0
海南,2025,本科批,综合,6014,三亚学院,81,48,国际经济与贸易,(中外合作办学)(英语单科成绩不低于90分(150分制)；英语教学),不限,10,4,60000.0
海南,2025,本科批,综合,6014,三亚学院,6,29,广告学,(数字传播),不限,10,4,33900.0
海南,2025,本科批,综合,6014,三亚学院,10,72,思想政治教育,,"政治,历史",10,4,33900.0
海南,2025,本科批,综合,6014,三亚学院,82,47,投资学,(量化投资),不限,10,4,48000.0
海南,2025,本科批,综合,6014,三亚学院,6,32,汉语国际教育,(国际幼儿教育),不限,10,4,33900.0
海南,2025,本科批,综合,6014,三亚学院,84,52,金融科技,,物理,10,4,48000.0
海南,2025,专科批,综合,6019,三亚中瑞酒店管理职业学院,81,32,工程造价,"(高职本科“3+2”分段培养,与海南科技职业大学合作)(高职本科“3+2”分段培养,与海南科技职业大学合作；前三年三亚中瑞酒店管理职业学院就读,后两年海南科技职业大学就读工程造价本科；后2年费用以海南科技职业大学规定为准)",不限,60,3,13900.0
海南,2025,专科批,综合,6019,三亚中瑞酒店管理职业学院,1,23,网络新闻与传播,,不限,60,3,14900.0
海南,2025,专科批,综合,6019,三亚中瑞酒店管理职业学院,1,22,融媒体技术与运营,,不限,60,3,14900.0
海南,2025,专科批,综合,6019,三亚中瑞酒店管理职业学院,1,24,市场营销,(奢侈品营销方向),不限,55,3,16900.0
海南,2025,专科批,综合,6019,三亚中瑞酒店管理职业学院,1,25,建筑装饰工程技术,,不限,55,3,19800.0
海南,2025,专科批,综合,6019,三亚中瑞酒店管理职业学院,1,18,工商企业管理,,不限,5,3,39800.0
海南,2025,专科批,综合,6019,三亚中瑞酒店管理职业学院,1,12,空中乘务,(国际班),不限,5,3,19800.0
海南,2025,专科批,综合,6019,三亚中瑞酒店管理职业学院,81,17,大数据与会计,"(高职本科“3+2”分段培养)(高职本科“3+2”分段培养,与海南科技职业大学合作；前三年三亚中瑞酒店管理职业学院就读,后两年海南科技职业大学就读金融管理本科；后2年费用以海南科技职业大学规定为准)",不限,45,3,12800.0
海南,2025,专科批,综合,6019,三亚中瑞酒店管理职业学院,80,14,国际邮轮乘务管理,"(高职本科“3+2”分段培养)(高职本科“3+2”分段培养,与海口经济学院合作；前3年在三亚中瑞酒店管理职业学院就读,后2年在海口经济学院就读酒店管理本科；后2年费用以海口经济学院规定为准)",不限,40,3,12800.0
海南,2025,专科批,综合,6019,三亚中瑞酒店管理职业学院,81,28,大数据与财务管理,"(高职本科“3+2”分段培养)(高职本科“3+2”分段培养,与海南科技职业大学合作；前三年三亚中瑞酒店管理职业学院就读,后两年海南科技职业大学就读大数据与财务管理本科；后2年费用以海南科技职业大学规定为准)",不限,40,3,12800.0
海南,2025,专科批,综合,6019,三亚中瑞酒店管理职业学院,80,8,旅游管理,"(高职本科“3+2”分段培养)(高职本科“3+2”分段培养,与海口经济学院合作；前3年在三亚中瑞酒店管理职业学院就读,后2年在海口经济学院就读旅游管理本科；后2年费用以海口经济学院规定为准)",不限,40,3,12800.0
海南,2025,专科批,综合,6019,三亚中瑞酒店管理职业学院,80,15,酒店管理与数字化运营,"(高职本科“3+2”分段培养)(高职本科“3+2”分段培养,与海口经济学院合作；前3年在三亚中瑞酒店管理职业学院就读,后2年在海口经济学院就读酒店管理本科；后2年费用以海口经济学院规定为准)",不限,40,3,14900.0
海南,2025,专科批,综合,6019,三亚中瑞酒店管理职业学院,1,21,会展策划与管理,(环球旅拍方向),不限,35,3,14900.0
海南,2025,专科批,综合,6019,三亚中瑞酒店管理职业学院,1,16,旅游管理,(旅游电商运营方向),不限,35,3,13900.0
海南,2025,专科批,综合,6019,三亚中瑞酒店管理职业学院,1,31,计算机应用技术,,不限,35,3,14900.0
海南,2025,专科批,综合,6019,三亚中瑞酒店管理职业学院,1,30,跨境电子商务,,不限,35,3,14900.0
海南,2025,专科批,综合,6019,三亚中瑞酒店管理职业学院,1,29,软件技术,(.NET全栈开发方向),不限,35,3,14900.0
海南,2025,专科批,综合,6019,三亚中瑞酒店管理职业学院,1,19,人力资源管理,,不限,30,3,12800.0
海南,2025,专科批,综合,6019,三亚中瑞酒店管理职业学院,1,26,大数据与财务管理,(智能财务方向),不限,30,3,12800.0
海南,2025,专科批,综合,6019,三亚中瑞酒店管理职业学院,1,20,定制旅行管理与服务,,不限,30,3,13900.0
海南,2025,专科批,综合,6019,三亚中瑞酒店管理职业学院,80,9,工程造价,"(高职本科“3+2”分段培养,与海口经济学院合作)(高职本科“3+2”分段培养,与海口经济学院合作；前3年在三亚中瑞酒店管理职业学院就读,后2年在海口经济学院就读工程造价本科；后2年费用以海口经济学院规定为准)",不限,30,3,13900.0
海南,2025,专科批,综合,6019,三亚中瑞酒店管理职业学院,1,5,烹饪工艺与营养,,不限,30,3,14900.0
海南,2025,专科批,综合,6019,三亚中瑞酒店管理职业学院,1,6,国际邮轮乘务管理,,不限,20,3,12800.0
海南,2025,专科批,综合,6019,三亚中瑞酒店管理职业学院,1,27,大数据与会计,,不限,20,3,12800.0
海南,2025,专科批,综合,6019,三亚中瑞酒店管理职业学院,1,7,工程造价,,不限,20,3,13900.0
海南,2025,专科批,综合,6019,三亚中瑞酒店管理职业学院,1,10,旅游管理,,不限,20,3,12800.0
海南,2025,专科批,综合,6019,三亚中瑞酒店管理职业学院,1,2,酒店管理与数字化运营,(互联网营销官方向),不限,20,3,14900.0
海南,2025,专科批,综合,6019,三亚中瑞酒店管理职业学院,1,3,酒店管理与数字化运营,,不限,20,3,14900.0
海南,2025,专科批,综合,6019,三亚中瑞酒店管理职业学院,1,1,酒店管理与数字化运营,(星级咖啡师方向),不限,16,3,14900.0
海南,2025,专科批,综合,6019,三亚中瑞酒店管理职业学院,1,4,西式烹饪工艺,,不限,14,3,14900.0
海南,2025,专科批,综合,6019,三亚中瑞酒店管理职业学院,1,11,民航空中安全保卫,,不限,10,3,14900.0
海南,2025,专科批,综合,6019,三亚中瑞酒店管理职业学院,1,13,空中乘务,,不限,10,3,14900.0
海南,2025,专科批,综合,1270,厦门安防科技职业学院,1,5,中医养生保健,,不限,1,3,10800.0
海南,2025,专科批,综合,1270,厦门安防科技职业学院,1,1,建筑智能化工程技术,,不限,1,3,11800.0
海南,2025,专科批,综合,1270,厦门安防科技职业学院,1,2,建筑消防技术,,不限,1,3,10800.0
海南,2025,专科批,综合,1270,厦门安防科技职业学院,1,4,数字媒体技术,,不限,1,3,11800.0
海南,2025,专科批,综合,1270,厦门安防科技职业学院,1,3,电子信息工程技术,,不限,1,3,11800.0
海南,2025,专科批,综合,1252,厦门城市职业学院,3,7,飞机机电设备维修,,物理,5,3,6000.0
海南,2025,专科批,综合,1252,厦门城市职业学院,2,5,会展策划与管理,,不限,4,3,6000.0
海南,2025,专科批,综合,1252,厦门城市职业学院,2,3,供应链运营,,不限,4,3,6000.0
海南,2025,专科批,综合,1252,厦门城市职业学院,2,2,大数据与会计,,不限,4,3,6000.0
海南,2025,专科批,综合,1252,厦门城市职业学院,3,6,建筑工程技术,,物理,3,3,6000.0
海南,2025,专科批,综合,1252,厦门城市职业学院,3,8,数控技术,,物理,3,3,6000.0
海南,2025,专科批,综合,1252,厦门城市职业学院,2,4,旅游管理,,不限,3,3,6000.0
海南,2025,本科批,综合,1188,厦门大学,3,12,理科试验班,(海洋与生态环境类)(包含专业:海洋科学、海洋技术、环境科学、生态学),"物理,化学",7,4,5460.0
海南,2025,本科批,综合,1188,厦门大学,3,11,计算机类,"(包含专业:计算机科学与技术、网络空间安全、人工智能、软件工程；软件工程专业三、四年级按学分收费,400元/学分,两年不超过80学分)","物理,化学",7,4,5460.0
海南,2025,本科批,综合,1188,厦门大学,3,13,工科试验班,"(航空航天,含双学士学位项目)(包含专业:机械设计制造及其自动化、测控技术与仪器、自动化、飞行器设计与工程、飞行器动力工程；含飞行器设计与工程+海洋技术双学士学位项目；专业分流后到飞行器动力工程、飞行器设计与工程专业学费6760元/学年)","物理,化学",6,4,5460.0
海南,2025,本科批,综合,1188,厦门大学,3,10,理科试验班,(生命科学与医药健康类)(包含专业:生物科学、生物技术、药学、预防医学、医学检验技术；其中预防医学专业学制5年),"物理,化学",6,4,5460.0
海南,2025,本科批,综合,1188,厦门大学,2,3,经济学类,(含双学士学位项目)(包含专业:金融学、财政学、税收学、国际经济与贸易、经济学；含金融学+数据科学与大数据技术、经济学+数据科学与大数据技术双学士学位项目),不限,5,4,5460.0
海南,2025,本科批,综合,1188,厦门大学,2,6,工商管理类,(包含专业:人力资源管理、工商管理、市场营销(含数智营销方向)、旅游管理),不限,4,4,5460.0
海南,2025,本科批,综合,1188,厦门大学,3,9,工科试验班,(化工与材料类)(包含专业:化学工程与工艺、材料科学与工程),"物理,化学",4,4,5460.0
海南,2025,本科批,综合,1188,厦门大学,2,4,法学,(含涉外法治人才基地实验班),不限,4,4,5460.0
海南,2025,本科批,综合,1188,厦门大学,3,7,数学类,(包含专业:数学与应用数学、信息与计算科学、统计学),"物理,化学",3,4,5460.0
海南,2025,本科批,综合,1188,厦门大学,2,2,新闻传播学类,(国际传播、智能广告与数字新闻)(包含专业:新闻学、广告学、传播学、国际新闻与传播),不限,3,4,5460.0
海南,2025,本科批,综合,1188,厦门大学,2,5,会计学,"(会计、财务、审计,含双学士学位项目)(会计学、财务管理、审计学专业；含会计学+人工智能、财务管理+人工智能双学士学位项目)",不限,2,4,5460.0
海南,2025,本科批,综合,1188,厦门大学,3,8,化学类,(包含专业:化学、能源化学、化学生物学、化学测量学与技术),"物理,化学",2,4,5460.0
海南,2025,本科批,综合,1188,厦门大学,80,15,人工智能,"(厦门大学马来西亚分校招生专业)(学费3万林吉特/学年；全英文授课,英语单科成绩不低于120分(150分制)；入学第一学年内获得专业要求的达标英语成绩后开始学位课程学习；办学地点在马来西亚雪邦)","物理,化学",1,4,
海南,2025,本科批,综合,1188,厦门大学,80,16,数据科学与大数据技术,"(厦门大学马来西亚分校招生专业)(学费3万林吉特/学年；全英文授课,英语单科成绩不低于120分(150分制)；入学第一学年内获得专业要求的达标英语成绩后开始学位课程学习；办学地点在马来西亚雪邦)","物理,化学",1,4,
海南,2025,本科批,综合,1188,厦门大学,80,14,电子信息工程,"(厦门大学马来西亚分校招生专业)(学费2.9万林吉特/学年；全英文授课,英语单科成绩不低于120分(150分制)；入学第一学年内获得专业要求的达标英语成绩后开始学位课程学习；办学地点在马来西亚雪邦)","物理,化学",1,4,
海南,2025,国家专项,综合,1188,厦门大学,1,1,外国语言文学类,"(含双学士学位项目、外语加财会等实验班)(包含专业:英语、日语、法语、俄语、德语；含英语+法学、法语+法学、德语+哲学、日语+国际政治、俄语+国际政治、德语+国际政治双学士学位项目,外国语言文学类+会计学/财务管理主辅修项目,英语(国际传播菁英班),英语系辨明实验班)",不限,1,4,5460.0
海南,2025,本科批,综合,1234,厦门大学嘉庚学院,3,14,建筑学,,物理,3,5,23000.0
海南,2025,本科批,综合,1234,厦门大学嘉庚学院,2,10,汉语言文学,,不限,3,4,21000.0
海南,2025,本科批,综合,1234,厦门大学嘉庚学院,4,15,软件工程,,"物理,化学",3,4,23000.0
海南,2025,本科批,综合,1234,厦门大学嘉庚学院,2,13,会计学,,不限,2,4,21000.0
海南,2025,本科批,综合,1234,厦门大学嘉庚学院,2,7,国际经济与贸易,,不限,2,4,21000.0
海南,2025,本科批,综合,1234,厦门大学嘉庚学院,2,9,广告学,,不限,2,4,21000.0
海南,2025,本科批,综合,1234,厦门大学嘉庚学院,2,8,广播电视学,,不限,2,4,21000.0
海南,2025,本科批,综合,1234,厦门大学嘉庚学院,4,18,数据科学与大数据技术,,"物理,化学",2,4,23000.0
海南,2025,本科批,综合,1234,厦门大学嘉庚学院,4,17,机械设计制造及其自动化,,"物理,化学",2,4,23000.0
海南,2025,本科批,综合,1234,厦门大学嘉庚学院,2,5,法学,,不限,2,4,21000.0
海南,2025,本科批,综合,1234,厦门大学嘉庚学院,4,19,物联网工程,,"物理,化学",2,4,23000.0
海南,2025,本科批,综合,1234,厦门大学嘉庚学院,2,11,电子商务,,不限,2,4,21000.0
海南,2025,本科批,综合,1234,厦门大学嘉庚学院,4,16,计算机科学与技术,,"物理,化学",2,4,23000.0
海南,2025,本科批,综合,1234,厦门大学嘉庚学院,2,12,财务管理,,不限,2,4,21000.0
海南,2025,本科批,综合,1234,厦门大学嘉庚学院,2,6,金融学,,不限,2,4,21000.0
海南,2025,本科批,综合,1234,厦门大学嘉庚学院,4,20,土木工程,(数智建造方向),"物理,化学",1,4,23000.0
海南,2025,专科批,综合,1263,厦门东海职业技术学院,2,2,学前教育,,不限,5,3,11900.0
海南,2025,本科批,综合,1232,厦门工学院,1,5,商务英语,,不限,3,4,35000.0
海南,2025,本科批,综合,1232,厦门工学院,1,3,国际经济与贸易,,不限,3,4,37000.0
海南,2025,本科批,综合,1232,厦门工学院,1,2,广告学,,不限,3,4,34000.0
海南,2025,本科批,综合,1232,厦门工学院,1,4,财务管理,,不限,3,4,41000.0
海南,2025,本科批,综合,1232,厦门工学院,1,1,跨境电子商务,,不限,3,4,35000.0
海南,2025,专科批,综合,1219,厦门海洋职业技术学院,1,1,水产养殖技术,,不限,3,3,6000.0
海南,2025,专科批,综合,1219,厦门海洋职业技术学院,1,2,港口与航运管理,,不限,1,3,6000.0
海南,2025,本科批,综合,1225,厦门华厦学院,6,16,环境科学与工程,,"物理,化学",7,4,29000.0
海南,2025,本科批,综合,1225,厦门华厦学院,5,10,物流工程,,物理,6,4,30000.0
海南,2025,本科批,综合,1225,厦门华厦学院,5,11,电子商务,,物理,6,4,26000.0
海南,2025,本科批,综合,1225,厦门华厦学院,4,5,金融学,,不限,6,4,28000.0
海南,2025,本科批,综合,1225,厦门华厦学院,4,9,会展经济与管理,,不限,3,4,30000.0
海南,2025,本科批,综合,1225,厦门华厦学院,6,17,食品质量与安全,,"物理,化学",3,4,29000.0
海南,2025,本科批,综合,1225,厦门华厦学院,4,8,供应链管理,,不限,2,4,32000.0
海南,2025,本科批,综合,1225,厦门华厦学院,6,15,制药工程,,"物理,化学",2,4,31000.0
海南,2025,本科批,综合,1225,厦门华厦学院,6,13,通信工程,,"物理,化学",2,4,33000.0
海南,2025,本科批,综合,1225,厦门华厦学院,4,7,会计学,,不限,1,4,32000.0
海南,2025,本科批,综合,1225,厦门华厦学院,6,14,机械设计制造及其自动化,,"物理,化学",1,4,31000.0
海南,2025,本科批,综合,1225,厦门华厦学院,6,12,物联网工程,,"物理,化学",1,4,31000.0
海南,2025,本科批,综合,1225,厦门华厦学院,4,6,网络与新媒体,,不限,1,4,34000.0
海南,2025,专科批,综合,1244,厦门华天涉外职业技术学院,1,2,大数据与会计,,不限,2,3,11900.0
海南,2025,专科批,综合,1244,厦门华天涉外职业技术学院,1,1,机电一体化技术,,不限,2,3,12800.0
海南,2025,专科批,综合,1244,厦门华天涉外职业技术学院,1,3,空中乘务,(女生身高范围162-174cm;男生身高范围172-184cm),不限,1,3,14800.0
海南,2025,本科批,综合,1203,厦门理工学院,1,1,国际商务,,不限,2,4,5040.0
海南,2025,本科批,综合,1203,厦门理工学院,2,3,港口航道与海岸工程,,"物理,化学",2,4,5460.0
海南,2025,本科批,综合,1203,厦门理工学院,2,4,自动化,,"物理,化学",2,4,5460.0
海南,2025,本科批,综合,1203,厦门理工学院,2,2,车辆工程,,"物理,化学",2,4,5460.0
海南,2025,专科批,综合,1262,厦门南洋职业学院,2,5,中医康复技术,,不限,5,3,18800.0
海南,2025,专科批,综合,1262,厦门南洋职业学院,2,12,信息安全技术应用,,不限,5,3,15800.0
海南,2025,专科批,综合,1262,厦门南洋职业学院,2,19,动漫制作技术,,不限,5,3,18800.0
海南,2025,专科批,综合,1262,厦门南洋职业学院,2,7,城市轨道交通运营管理,,不限,5,3,18800.0
海南,2025,专科批,综合,1262,厦门南洋职业学院,2,2,大数据与会计,,不限,5,3,16500.0
海南,2025,专科批,综合,1262,厦门南洋职业学院,2,17,大数据技术,,不限,5,3,18800.0
海南,2025,专科批,综合,1262,厦门南洋职业学院,2,11,应急救援技术,,不限,5,3,15800.0
海南,2025,专科批,综合,1262,厦门南洋职业学院,2,18,建筑工程技术,,不限,5,3,18800.0
海南,2025,专科批,综合,1262,厦门南洋职业学院,2,4,护理,,不限,5,3,18800.0
海南,2025,专科批,综合,1262,厦门南洋职业学院,2,14,机电一体化技术,,不限,5,3,16500.0
海南,2025,专科批,综合,1262,厦门南洋职业学院,2,9,物联网应用技术,,不限,5,3,18800.0
海南,2025,专科批,综合,1262,厦门南洋职业学院,2,13,电子商务,,不限,5,3,16500.0
海南,2025,专科批,综合,1262,厦门南洋职业学院,2,15,电气自动化技术,,不限,5,3,16500.0
海南,2025,专科批,综合,1262,厦门南洋职业学院,2,6,空中乘务,,不限,5,3,18800.0
海南,2025,专科批,综合,1262,厦门南洋职业学院,2,3,网络营销与直播电商,,不限,5,3,18800.0
海南,2025,专科批,综合,1262,厦门南洋职业学院,2,10,计算机网络技术,,不限,5,3,18800.0
海南,2025,专科批,综合,1262,厦门南洋职业学院,2,16,软件技术,,不限,5,3,18800.0
海南,2025,专科批,综合,1262,厦门南洋职业学院,2,8,无人机应用技术,,不限,10,3,18800.0
海南,2025,专科批,综合,1259,厦门软件职业技术学院,1,1,软件技术,(程序设计),不限,1,3,18800.0
海南,2025,本科批,综合,1221,厦门医学院,3,5,助产学,(不招色盲、色弱),生物,4,4,6000.0
海南,2025,本科批,综合,1221,厦门医学院,2,2,临床医学,(不招色盲、色弱),"物理,化学",3,5,6000.0
海南,2025,本科批,综合,1221,厦门医学院,2,4,康复治疗学,(不招色盲、色弱),"物理,化学",3,4,6000.0
海南,2025,本科批,综合,1221,厦门医学院,2,3,海洋药学,(不招色盲、色弱),"物理,化学",3,4,6000.0
海南,2025,本科批,综合,1221,厦门医学院,1,1,信息管理与信息系统,,物理,2,4,4800.0
海南,2025,本科批,综合,1424,山东财经大学,1,8,工商管理类,(包含专业:工商管理、市场营销、人力资源管理),不限,3,4,6600.0
海南,2025,本科批,综合,1424,山东财经大学,2,12,精算学,,物理,3,4,6325.0
海南,2025,本科批,综合,1424,山东财经大学,1,1,经济与贸易类,(包含专业:国际经济与贸易、国际商务),不限,3,4,6600.0
海南,2025,本科批,综合,1424,山东财经大学,3,15,人工智能,,"物理,化学",2,4,5500.0
海南,2025,本科批,综合,1424,山东财经大学,1,5,公共管理类,(包含专业:行政管理、劳动与社会保障、城市管理),不限,2,4,6600.0
海南,2025,本科批,综合,1424,山东财经大学,1,4,国际经济发展合作,,不限,2,4,6325.0
海南,2025,本科批,综合,1424,山东财经大学,1,6,外国语言文学类,(包含专业:英语、法语、日语、商务英语),不限,2,4,5280.0
海南,2025,本科批,综合,1424,山东财经大学,2,13,大数据管理与应用,,物理,2,4,6325.0
海南,2025,本科批,综合,1424,山东财经大学,1,7,投资学,,不限,2,4,6325.0
海南,2025,本科批,综合,1424,山东财经大学,1,3,税收学,,不限,2,4,6600.0
海南,2025,本科批,综合,1424,山东财经大学,1,2,经济学类,(包含专业:经济学、资源与环境经济学),不限,2,4,6600.0
海南,2025,本科批,综合,1424,山东财经大学,3,14,计算机科学与技术,,"物理,化学",2,4,6600.0
海南,2025,本科批,综合,1424,山东财经大学,1,10,会计学,,不限,1,4,6600.0
海南,2025,本科批,综合,1424,山东财经大学,1,9,审计学,,不限,1,4,6600.0
海南,2025,本科批,综合,1424,山东财经大学,1,11,汉语国际教育,,不限,1,4,5060.0
海南,2025,专科批,综合,1461,山东畜牧兽医职业学院,1,2,动物医学,,不限,5,3,6000.0
海南,2025,专科批,综合,1461,山东畜牧兽医职业学院,1,1,畜牧兽医,,不限,5,3,6000.0
海南,2025,专科批,综合,1517,山东传媒职业学院,2,3,广播影视节目制作,,不限,5,3,8050.0
海南,2025,专科批,综合,1517,山东传媒职业学院,2,2,新闻采编与制作,,不限,10,3,5520.0
海南,2025,本科批,综合,1395,山东大学,1,5,工商管理类,(包含专业:工商管理、会计学；含工商管理创新实验班),不限,4,4,6600.0
海南,2025,本科批,综合,1395,山东大学,2,15,能源动力类,(电气与智慧能源新工科实验班)(包含专业:电气工程及其自动化、能源与动力工程、能源与环境系统工程、新能源科学与工程、储能科学与工程；含卓越工程师培养计划、全球能源互联网新工科特色班、能源与环境系统工程实验班、吴有训核科学英才班),"物理,化学",4,4,6600.0
海南,2025,本科批,综合,1395,山东大学,2,19,计算机类,"(智能科技新工科实验班)(包含专业:软件工程、数字媒体技术、数据科学与大数据技术、微电子科学与工程、集成电路设计与集成系统；含人工智能国际班,网安新工科创新实验班、软件菁英班、集成电路拔尖人才培养“健坤班”、黄昆半导体英才班、微系统英才班)","物理,化学",4,4,12000.0
海南,2025,本科批,综合,1395,山东大学,1,1,中国语言文学类,(包含专业:汉语言文学；含闻一多基地班、中文拔尖2.0班),不限,2,4,5280.0
海南,2025,本科批,综合,1395,山东大学,3,22,临床医学,(五年制)(不招色盲、色弱),"物理,化学,生物",2,5,7920.0
海南,2025,本科批,综合,1395,山东大学,2,11,化学类,(包含专业:化学；不招色盲、色弱；含邓从豪基地班、化学拔尖2.0班(泰山学堂)),"物理,化学",2,4,6600.0
海南,2025,本科批,综合,1395,山东大学,1,2,历史学类,(包含专业:历史学、档案学),不限,2,4,5280.0
海南,2025,本科批,综合,1395,山东大学,2,9,数学类,(包含专业:数学与应用数学、信息与计算科学、统计学；含潘承洞基地班、数学拔尖2.0班(泰山学堂)),"物理,化学",2,4,6600.0
海南,2025,本科批,综合,1395,山东大学,1,6,新闻传播学类,(包含专业:新闻学、国际新闻与传播；含卓越新闻传播人才教育培养计划；含密苏里大学双学位项目),不限,2,4,5280.0
海南,2025,本科批,综合,1395,山东大学,2,21,智能医学工程,(可向生物医学工程分流；含医工融合基地班),"物理,化学",2,4,6600.0
海南,2025,本科批,综合,1395,山东大学,2,16,智能建造与智慧交通,(可向城市地下空间工程分流),"物理,化学",2,4,6600.0
海南,2025,本科批,综合,1395,山东大学,2,14,机械类,(包含专业:机械设计制造及其自动化、智能制造工程；含卓越工程师培养计划),"物理,化学",2,4,6600.0
海南,2025,本科批,综合,1395,山东大学,2,13,材料类,(先进材料与智慧成型方向)(包含专业:材料科学与工程、材料成型及控制工程；含先进材料创新人才基地班、卓越工程师培养计划；可参加牛津大学、新加波国立大学、欧洲等多所高校的海外经历项目),"物理,化学",2,4,6600.0
海南,2025,本科批,综合,1395,山东大学,2,8,物理学类,(包含专业:物理学、应用物理学；含王淦昌基地班、物理拔尖2.0班(泰山学堂)、严济慈英才班),"物理,化学",2,4,6600.0
海南,2025,本科批,综合,1395,山东大学,2,17,环境科学与工程类,(包含专业:环境工程、环境科学；含环境健康菁英班),"物理,化学",2,4,6600.0
海南,2025,本科批,综合,1395,山东大学,2,10,生物科学类,(包含专业:生物科学、生物技术、生态学、生物工程；不招色盲、色弱；含童第周、曾呈奎基地班、生命拔尖2.0班(泰山学堂)、王应睐、戴芳澜英才班),"物理,化学",2,4,6600.0
海南,2025,本科批,综合,1395,山东大学,2,7,电子信息类,(通信电子与光电方向)(包含专业:通信工程、电子科学与技术、光电信息科学与工程；含崇新学堂、微纳光电子科学与技术实验班、光电科创未来精英班),"物理,化学",2,4,6600.0
海南,2025,本科批,综合,1395,山东大学,1,4,经济学类,"(包含专业:经济学、财政学、金融学、国际经济与贸易；含经济学拔尖2.0班(薛暮桥班)、彭实戈班(双学士学位)、新文科PPE基地班；包括数字经济,数字贸易、保险精算,金融科技等专业方向)",不限,2,4,6600.0
海南,2025,本科批,综合,1395,山东大学,2,20,网络空间安全,(可向密码科学与技术分流；国家一流网络安全学院建设示范项目),"物理,化学",2,4,6600.0
海南,2025,本科批,综合,1395,山东大学,2,12,自动化类,(包含专业:自动化、机器人工程；含卓越工程师培养计划、自动化科学新工科实验班),"物理,化学",2,4,6600.0
海南,2025,本科批,综合,1395,山东大学,1,3,英语,(可向国际组织与全球治理分流；含“英语+法学”“英语+国际政治”双学位班),不限,2,4,5280.0
海南,2025,本科批,综合,1395,山东大学,2,18,计算机科学与技术,(含计算机拔尖2.0班(泰山学堂)、计算机菁英班、人工智能与大数据新工科创新实验班),"物理,化学",2,4,6600.0
海南,2025,本科批,综合,1558,山东大学威海分校,2,3,海洋科学类,(包含专业:海洋科学、海洋资源开发技术；详见学校招生章程),"物理,化学",7,4,6600.0
海南,2025,本科批,综合,1558,山东大学威海分校,2,2,电子信息类,(智能工程新工科实验班)(包含专业:计算机科学与技术、电子科学与技术、机器人工程),"物理,化学",3,4,6600.0
海南,2025,国家专项,综合,1558,山东大学威海分校,1,1,海洋科学类,(包含专业:海洋科学、海洋资源开发技术；详见学校招生章程),"物理,化学",2,4,6600.0
海南,2025,本科批,综合,1407,山东第二医科大学,3,3,临床医学,(不招色盲、色弱),"物理,化学",2,5,7920.0
海南,2025,本科批,综合,1407,山东第二医科大学,1,1,公共事业管理,,不限,2,4,6325.0
海南,2025,本科批,综合,1407,山东第二医科大学,2,2,护理学,(不招色盲、色弱),化学,2,4,7920.0
海南,2025,本科批,综合,1407,山东第二医科大学,3,5,预防医学,(不招色盲、色弱),"物理,化学",2,5,7590.0
海南,2025,本科批,综合,1407,山东第二医科大学,3,4,麻醉学,(不招色盲、色弱),"物理,化学",2,5,7920.0
海南,2025,本科批,综合,1408,山东第一医科大学,83,8,护理学,(泰安校区；不招色盲、色弱),"物理,化学",7,4,7900.0
海南,2025,本科批,综合,1408,山东第一医科大学,2,4,运动康复,(泰安校区),物理,7,4,6300.0
海南,2025,本科批,综合,1408,山东第一医科大学,3,6,制药工程,(泰安校区；不招色盲、色弱),"物理,化学",5,4,6300.0
海南,2025,本科批,综合,1408,山东第一医科大学,83,7,康复治疗学,(泰安校区；不招色盲、色弱),"物理,化学",5,4,7500.0
海南,2025,本科批,综合,1408,山东第一医科大学,3,9,生物制药,(泰安校区；不招色盲、色弱),"物理,化学",5,4,6300.0
海南,2025,本科批,综合,1408,山东第一医科大学,3,10,药物制剂,(泰安校区；不招色盲、色弱),"物理,化学",5,4,6600.0
海南,2025,本科批,综合,1408,山东第一医科大学,82,14,医疗器械与装备工程,(济南校区),"物理,化学",4,4,6600.0
海南,2025,本科批,综合,1408,山东第一医科大学,81,5,临床医学,(济南校区；不招色盲、色弱),"物理,化学",2,5,7900.0
海南,2025,本科批,综合,1408,山东第一医科大学,84,12,医学影像技术,(泰安校区；不招色盲、色弱),"物理,化学",2,4,7900.0
海南,2025,本科批,综合,1408,山东第一医科大学,80,3,医疗保险,(济南校区),不限,2,4,5500.0
海南,2025,本科批,综合,1408,山东第一医科大学,83,11,康复物理治疗,(泰安校区；不招色盲、色弱),"物理,化学",2,4,6600.0
海南,2025,本科批,综合,1408,山东第一医科大学,84,13,生物医学工程,(泰安校区；不招色盲、色弱),"物理,化学",2,4,6600.0
海南,2025,本科批,综合,1408,山东第一医科大学,1,2,公共事业管理,(泰安校区),不限,12,4,5500.0
海南,2025,本科批,综合,1408,山东第一医科大学,1,1,英语,(泰安校区),不限,10,4,5000.0
海南,2025,本科批,综合,1437,山东工商学院,1,9,经济学,,不限,3,4,6325.0
海南,2025,本科批,综合,1437,山东工商学院,1,1,工商管理,,不限,2,4,6600.0
海南,2025,本科批,综合,1437,山东工商学院,1,11,汉语言文学,,不限,2,4,4400.0
海南,2025,本科批,综合,1437,山东工商学院,1,7,行政管理,,不限,2,4,6600.0
海南,2025,本科批,综合,1437,山东工商学院,1,3,人力资源管理,,不限,1,4,5500.0
海南,2025,本科批,综合,1437,山东工商学院,1,4,会计学,,不限,1,4,6600.0
海南,2025,本科批,综合,1437,山东工商学院,1,8,劳动与社会保障,,不限,1,4,6325.0
海南,2025,本科批,综合,1437,山东工商学院,1,2,市场营销,,不限,1,4,5500.0
海南,2025,本科批,综合,1437,山东工商学院,1,12,广告学,,不限,1,4,4400.0
海南,2025,本科批,综合,1437,山东工商学院,2,13,应用统计学,,"物理,化学",1,4,6600.0
海南,2025,本科批,综合,1437,山东工商学院,1,10,法学,,不限,1,4,5060.0
海南,2025,本科批,综合,1437,山东工商学院,2,14,电子信息工程,,"物理,化学",1,4,6600.0
海南,2025,本科批,综合,1437,山东工商学院,1,5,财务管理,,不限,1,4,6600.0
海南,2025,本科批,综合,1437,山东工商学院,1,6,资产评估,,不限,1,4,5500.0
海南,2025,本科批,综合,1437,山东工商学院,2,15,软件工程,,"物理,化学",1,4,6325.0
海南,2025,本科批,综合,1418,山东航空学院,1,1,机械设计制造及其自动化,,"物理,化学",3,4,6300.0
海南,2025,本科批,综合,1402,山东建筑大学,1,4,会计学,,不限,3,4,6325.0
海南,2025,本科批,综合,1402,山东建筑大学,2,11,机械工程,,"物理,化学",3,4,6600.0
海南,2025,本科批,综合,1402,山东建筑大学,2,13,信息与计算科学,,"物理,化学",2,4,5500.0
海南,2025,本科批,综合,1402,山东建筑大学,2,14,光电信息科学与工程,,"物理,化学",2,4,5500.0
海南,2025,本科批,综合,1402,山东建筑大学,80,7,土木工程,(中外合作办学),"物理,化学",2,4,48000.0
海南,2025,本科批,综合,1402,山东建筑大学,1,1,工商管理,,不限,2,4,6325.0
海南,2025,本科批,综合,1402,山东建筑大学,1,2,市场营销,,不限,2,4,5500.0
海南,2025,本科批,综合,1402,山东建筑大学,2,8,建筑环境与能源应用工程,,"物理,化学",2,4,6600.0
海南,2025,本科批,综合,1402,山东建筑大学,1,6,德语,,不限,2,4,4400.0
海南,2025,本科批,综合,1402,山东建筑大学,1,5,法学,,不限,2,4,5060.0
海南,2025,本科批,综合,1402,山东建筑大学,2,12,物联网工程,,"物理,化学",2,4,5500.0
海南,2025,本科批,综合,1402,山东建筑大学,2,9,环境工程,,"物理,化学",2,4,6325.0
海南,2025,本科批,综合,1402,山东建筑大学,1,3,财务管理,,不限,2,4,5500.0
海南,2025,本科批,综合,1402,山东建筑大学,2,10,车辆工程,,"物理,化学",2,4,6325.0
海南,2025,本科批,综合,1436,山东交通学院,2,6,法学,,不限,6,4,4400.0
海南,2025,本科批,综合,1436,山东交通学院,2,5,英语,,不限,3,4,4400.0
海南,2025,本科批,综合,1436,山东交通学院,3,13,交通工程,(不招色盲、色弱),"物理,化学",2,4,6600.0
海南,2025,本科批,综合,1436,山东交通学院,2,7,交通管理,(威海校区),不限,2,4,5500.0
海南,2025,本科批,综合,1436,山东交通学院,80,9,交通运输,(中外合作办学)(双证)(俄罗斯顿河国立技术大学),"物理,化学",2,4,35000.0
海南,2025,本科批,综合,1436,山东交通学院,3,11,数据计算及应用,,"物理,化学",2,4,5500.0
海南,2025,本科批,综合,1436,山东交通学院,3,14,智慧海洋技术,(威海校区),"物理,化学",2,4,5500.0
海南,2025,本科批,综合,1436,山东交通学院,3,15,机械电子工程,(威海校区),"物理,化学",2,4,5500.0
海南,2025,本科批,综合,1436,山东交通学院,3,12,机械设计制造及其自动化,,"物理,化学",2,4,6600.0
海南,2025,本科批,综合,1436,山东交通学院,3,10,计算机科学与技术,,"物理,化学",2,4,6600.0
海南,2025,本科批,综合,1436,山东交通学院,80,8,计算机科学与技术,(中外合作办学)(双证)(俄罗斯顿河国立技术大学),"物理,化学",2,4,35000.0
海南,2025,本科批,综合,1436,山东交通学院,2,4,金融学,,不限,2,4,6325.0
海南,2025,本科提前批,综合,1436,山东交通学院,1,2,航海技术,"(威海校区；辨色力正常(无色盲无色弱),无复视；双眼裸视力均能达到4.6(0.4)及以上,或双眼裸视力均能达到4.0(0.1)及以上且矫正视力均能达到4.6(0.4)及以上)","物理,化学",6,4,6325.0
海南,2025,本科提前批,综合,1436,山东交通学院,1,3,轮机工程,"(威海校区；无色盲,无复视；双眼裸视力均能达到4.6(0.4)及以上,或双眼裸视力均能达到4.0(0.1)及以上且矫正视力均能达到4.6(0.4)及以上)","物理,化学",6,4,6325.0
海南,2025,本科提前批,综合,1436,山东交通学院,1,1,船舶电子电气工程,"(威海校区；无色盲,无复视；双眼裸视力均能达到4.6(0.4)及以上,或双眼裸视力均能达到4.0(0.1)及以上且矫正视力均能达到4.6(0.4)及以上)","物理,化学",2,4,6325.0
海南,2025,本科批,综合,1397,山东科技大学,1,7,交通运输,,"物理,化学",6,4,6600.0
海南,2025,本科批,综合,1397,山东科技大学,1,4,土木工程,,"物理,化学",6,4,6600.0
海南,2025,本科批,综合,1397,山东科技大学,1,8,海洋信息工程,,"物理,化学",6,4,6325.0
海南,2025,本科批,综合,1397,山东科技大学,1,2,电子信息工程,,"物理,化学",6,4,6600.0
海南,2025,本科批,综合,1397,山东科技大学,1,5,船舶与海洋工程,,"物理,化学",6,4,5500.0
海南,2025,本科批,综合,1397,山东科技大学,1,6,安全工程,,"物理,化学",4,4,6600.0
海南,2025,本科批,综合,1397,山东科技大学,1,1,自动化,,"物理,化学",4,4,6600.0
海南,2025,本科批,综合,1397,山东科技大学,1,3,计算机科学与技术,,"物理,化学",2,4,6600.0
海南,2025,本科批,综合,1404,山东理工大学,1,1,网络与新媒体,,不限,4,4,4400.0
海南,2025,本科批,综合,1404,山东理工大学,2,11,化学工程与工艺,,"物理,化学",2,4,6600.0
海南,2025,本科批,综合,1404,山东理工大学,2,8,应用化学,,"物理,化学",2,4,6600.0
海南,2025,本科批,综合,1404,山东理工大学,1,2,法学,,不限,2,4,5200.0
海南,2025,本科批,综合,1404,山东理工大学,1,3,法学,(经济法学),不限,2,4,5200.0
海南,2025,本科批,综合,1404,山东理工大学,2,5,测控技术与仪器,,"物理,化学",2,4,6600.0
海南,2025,本科批,综合,1404,山东理工大学,2,6,生物科学,,"物理,化学",2,4,6600.0
海南,2025,本科批,综合,1404,山东理工大学,2,9,电气工程及其自动化,,"物理,化学",2,4,6600.0
海南,2025,本科批,综合,1404,山东理工大学,2,12,矿物加工工程,,"物理,化学",2,4,6300.0
海南,2025,本科批,综合,1404,山东理工大学,2,7,资源勘查工程,,"物理,化学",2,4,5500.0
海南,2025,本科批,综合,1404,山东理工大学,2,10,车辆工程,,"物理,化学",2,4,6600.0
海南,2025,本科批,综合,1404,山东理工大学,1,4,国际经济与贸易,(国际投融资方向),不限,1,4,6600.0
海南,2025,专科批,综合,1458,山东力明科技职业学院,1,2,护理,,不限,5,3,18800.0
海南,2025,专科批,综合,1458,山东力明科技职业学院,1,1,临床医学,,不限,3,3,29800.0
海南,2025,专科批,综合,1458,山东力明科技职业学院,1,3,中医学,,不限,2,3,19800.0
海南,2025,专科批,综合,1497,山东旅游职业学院,1,1,旅游管理,,不限,5,3,5000.0
海南,2025,专科批,综合,1497,山东旅游职业学院,1,2,烹饪工艺与营养,,不限,5,3,5000.0
海南,2025,本科批,综合,1405,山东农业大学,1,4,土木类,(包含专业:土木工程、道路桥梁与渡河工程、给排水科学与工程),"物理,化学",6,4,6325.0
海南,2025,本科批,综合,1405,山东农业大学,1,2,园艺,,"物理,化学",3,4,6600.0
海南,2025,本科批,综合,1405,山东农业大学,1,1,木材科学与工程,,"物理,化学",3,4,5500.0
海南,2025,本科批,综合,1405,山东农业大学,1,6,植物保护,,"物理,化学",2,4,6600.0
海南,2025,本科批,综合,1405,山东农业大学,1,5,生物科学,,"物理,化学",2,4,6325.0
海南,2025,本科批,综合,1405,山东农业大学,1,3,食品科学与工程,,"物理,化学",2,4,6600.0
海南,2025,本科批,综合,1405,山东农业大学,1,7,食品质量与安全,,"物理,化学",2,4,6325.0
海南,2025,专科批,综合,1428,山东商业职业技术学院,1,1,商务管理,,不限,4,3,6070.0
海南,2025,专科批,综合,1428,山东商业职业技术学院,1,2,国际商务,,不限,2,3,5800.0
海南,2025,专科批,综合,1428,山东商业职业技术学院,1,4,旅游管理,,不限,2,3,5280.0
海南,2025,专科批,综合,1428,山东商业职业技术学院,1,3,智慧健康养老服务与管理,,不限,2,3,6070.0
海南,2025,本科批,综合,1414,山东师范大学,4,16,物理学,,"物理,化学",4,4,6600.0
海南,2025,本科批,综合,1414,山东师范大学,4,15,化学,,"物理,化学",2,4,6600.0
海南,2025,本科批,综合,1414,山东师范大学,80,9,广播电视编导,(授予艺术学学位),不限,2,4,10560.0
海南,2025,本科批,综合,1414,山东师范大学,2,11,汉语国际教育,,不限,2,4,5280.0
海南,2025,本科批,综合,1414,山东师范大学,4,13,生物科学类,(包含专业:生物科学、生物技术),"物理,化学",2,4,6600.0
海南,2025,本科批,综合,1414,山东师范大学,3,12,信息管理与信息系统,,物理,1,4,6600.0
海南,2025,本科批,综合,1414,山东师范大学,2,4,公共管理类,(包含专业:行政管理、劳动与社会保障),不限,1,4,6600.0
海南,2025,本科批,综合,1414,山东师范大学,2,8,历史学,,不限,1,4,5280.0
海南,2025,本科批,综合,1414,山东师范大学,80,5,戏剧影视文学,(授予艺术学学位),不限,1,4,10560.0
海南,2025,本科批,综合,1414,山东师范大学,2,3,新闻传播学类,(包含专业:新闻学、网络与新媒体),不限,1,4,5280.0
海南,2025,本科批,综合,1414,山东师范大学,2,7,日语,,不限,1,4,5280.0
海南,2025,本科批,综合,1414,山东师范大学,2,2,朝鲜语,,不限,1,4,5060.0
海南,2025,本科批,综合,1414,山东师范大学,2,10,法学,,不限,1,4,5280.0
海南,2025,本科批,综合,1414,山东师范大学,4,14,通信工程,,"物理,化学",1,4,6600.0
海南,2025,本科批,综合,1414,山东师范大学,2,6,金融学类,(包含专业:金融学、国际经济与贸易、经济学),不限,1,4,6600.0
海南,2025,专科批,综合,1460,山东水利职业学院,2,5,水利工程,,物理,3,3,6050.0
海南,2025,专科批,综合,1460,山东水利职业学院,1,1,工程造价,,不限,2,3,6050.0
海南,2025,专科批,综合,1460,山东水利职业学院,2,6,机电一体化技术,,物理,2,3,5500.0
海南,2025,专科批,综合,1460,山东水利职业学院,1,3,动漫制作技术,,不限,1,3,5500.0
海南,2025,专科批,综合,1460,山东水利职业学院,1,2,无人机应用技术,,不限,1,3,5500.0
海南,2025,专科批,综合,1460,山东水利职业学院,1,4,软件技术,,不限,1,3,5500.0
海南,2025,专科批,综合,1521,山东文化产业职业学院,2,3,人工智能数据工程技术,,不限,1,3,12800.0
海南,2025,专科批,综合,1521,山东文化产业职业学院,2,2,研学旅行管理与服务,,不限,1,3,9800.0
海南,2025,本科批,综合,1480,山东协和学院,1,4,医学检验技术,,"物理,化学",6,4,28800.0
海南,2025,本科批,综合,1480,山东协和学院,1,3,康复治疗学,,"物理,化学",4,4,22800.0
海南,2025,本科批,综合,1480,山东协和学院,1,1,中药学,,"物理,化学",2,4,28800.0
海南,2025,本科批,综合,1480,山东协和学院,1,2,医学影像技术,,"物理,化学",2,4,28800.0
海南,2025,本科批,综合,1480,山东协和学院,2,5,护理学,,生物,14,4,23800.0
海南,2025,本科批,综合,1463,山东英才学院,1,1,商务英语,,不限,5,4,29800.0
海南,2025,本科批,综合,1463,山东英才学院,1,2,工商管理,,不限,5,4,29800.0
海南,2025,本科批,综合,1463,山东英才学院,3,4,护理学,,生物,20,4,29800.0
海南,2025,本科批,综合,1463,山东英才学院,2,3,康复治疗学,,"物理,化学",10,4,29800.0
海南,2025,专科批,综合,1463,山东英才学院,4,5,旅游管理,,不限,10,3,16000.0
海南,2025,专科批,综合,1463,山东英才学院,4,6,早期教育,,不限,10,3,18000.0
海南,2025,专科批,综合,1443,山东职业学院,1,3,国际商务,,不限,2,3,5200.0
海南,2025,专科批,综合,1443,山东职业学院,1,4,现代物流管理,,不限,2,3,5200.0
海南,2025,专科批,综合,1443,山东职业学院,1,2,计算机网络技术,,不限,2,3,6300.0
海南,2025,专科批,综合,1443,山东职业学院,1,1,铁道工程技术,"(中外合作办学)(对于报考铁道运输类专业的考生,色觉异常考生慎重报考；与俄罗斯乌拉尔国立交通大学合作)",不限,2,3,30000.0
海南,2025,专科批,综合,1443,山东职业学院,2,5,铁道机车运用与维护,"(报考铁道运输类专业的考生,色觉异常考生慎重报考；本专业就业岗位适宜男生,建议女生慎重报考)",物理,2,3,6600.0
海南,2025,本科批,综合,1410,山东中医药大学,2,3,中西医临床医学,(不招色盲、色弱),"物理,化学",3,5,7900.0
海南,2025,本科批,综合,1410,山东中医药大学,1,1,护理学,(不招色盲、色弱),化学,3,4,7900.0
海南,2025,本科批,综合,1410,山东中医药大学,2,7,针灸推拿学,(不招色盲、色弱),"物理,化学",3,5,7900.0
海南,2025,本科批,综合,1410,山东中医药大学,2,2,中医学,(不招色盲、色弱),"物理,化学",2,5,7900.0
海南,2025,本科批,综合,1410,山东中医药大学,2,9,康复治疗学,(不招色盲、色弱),"物理,化学",2,4,7500.0
海南,2025,本科批,综合,1410,山东中医药大学,2,8,生物医学工程,(不招色盲、色弱),"物理,化学",2,4,6300.0
海南,2025,本科批,综合,1410,山东中医药大学,2,10,眼视光医学,(不招色盲、色弱),"物理,化学",2,5,7500.0
海南,2025,本科批,综合,1410,山东中医药大学,2,5,中草药栽培与鉴定,(不招色盲、色弱),"物理,化学",1,4,7900.0
海南,2025,本科批,综合,1410,山东中医药大学,2,4,中药学,(不招色盲、色弱),"物理,化学",1,4,7900.0
海南,2025,本科批,综合,1410,山东中医药大学,2,6,制药工程,(不招色盲、色弱),"物理,化学",1,4,6300.0
海南,2025,本科批,综合,303,山西财经大学,1,10,金融学,,不限,4,4,5100.0
海南,2025,本科批,综合,303,山西财经大学,1,6,人力资源管理,,不限,3,4,5100.0
海南,2025,本科批,综合,303,山西财经大学,1,8,国际经济与贸易,,不限,3,4,5100.0
海南,2025,本科批,综合,303,山西财经大学,1,3,市场营销,,不限,3,4,5100.0
海南,2025,本科批,综合,303,山西财经大学,2,19,数字经济,,物理,3,4,5100.0
海南,2025,本科批,综合,303,山西财经大学,1,9,新闻学,,不限,3,4,5000.0
海南,2025,本科批,综合,303,山西财经大学,2,17,资源与环境经济学,,物理,3,4,5100.0
海南,2025,本科批,综合,303,山西财经大学,4,25,人文地理与城乡规划,,地理,2,4,5000.0
海南,2025,本科批,综合,303,山西财经大学,1,5,会计学,,不限,2,4,5100.0
海南,2025,本科批,综合,303,山西财经大学,2,11,应急管理,,物理,2,4,5100.0
海南,2025,本科批,综合,303,山西财经大学,1,7,文化产业管理,,不限,2,4,5100.0
海南,2025,本科批,综合,303,山西财经大学,1,2,物流管理,,不限,2,4,5100.0
海南,2025,本科批,综合,303,山西财经大学,2,13,电子商务,,物理,2,4,5100.0
海南,2025,本科批,综合,303,山西财经大学,1,1,财务管理,,不限,2,4,5100.0
海南,2025,本科批,综合,303,山西财经大学,2,18,信息管理与信息系统,,物理,1,4,5100.0
海南,2025,本科批,综合,303,山西财经大学,1,4,劳动与社会保障,,不限,1,4,5100.0
海南,2025,本科批,综合,303,山西财经大学,4,24,地理信息科学,,地理,1,4,5000.0
海南,2025,本科批,综合,303,山西财经大学,2,14,工程管理,,物理,1,4,5100.0
海南,2025,本科批,综合,303,山西财经大学,2,12,工程造价,,物理,1,4,5100.0
海南,2025,本科批,综合,303,山西财经大学,3,23,数据科学,,"物理,化学",1,4,5000.0
海南,2025,本科批,综合,303,山西财经大学,3,21,数据科学与大数据技术,,"物理,化学",1,4,5000.0
海南,2025,本科批,综合,303,山西财经大学,2,15,能源经济,,物理,1,4,5100.0
海南,2025,本科批,综合,303,山西财经大学,3,22,计算机科学与技术,,"物理,化学",1,4,5000.0
海南,2025,本科批,综合,303,山西财经大学,2,16,金融数学,,物理,1,4,5100.0
海南,2025,本科批,综合,303,山西财经大学,2,20,金融科技,,物理,1,4,5100.0
海南,2025,本科批,综合,361,山西传媒学院,3,11,文化产业管理,(不能准确识别红、黄、绿、蓝、紫各种颜色中任何一种颜色的导线、按键、信号灯、几何图形者不能录取),不限,5,4,4950.0
海南,2025,本科批,综合,361,山西传媒学院,3,8,广播电视学,,不限,3,4,5000.0
海南,2025,本科批,综合,361,山西传媒学院,3,7,影视摄影与制作,,不限,2,4,8580.0
海南,2025,本科批,综合,361,山西传媒学院,3,10,戏剧影视文学,"(采用2+2模式培养,前两年在校本部,后两年在汾阳等教学实训基地)",不限,2,4,8580.0
海南,2025,本科批,综合,361,山西传媒学院,3,9,数字出版,,不限,2,4,4950.0
海南,2025,本科批,综合,361,山西传媒学院,4,12,虚拟现实技术,,"物理,化学",2,4,5280.0
海南,2025,本科批,综合,298,山西大同大学,3,4,临床医学,(体检为色弱或色盲或不能准确识别红、黄、绿、蓝、紫各种颜色中任意一种颜色不予录取),"物理,化学,生物",15,5,5480.0
海南,2025,本科批,综合,298,山西大同大学,1,1,商务英语,,不限,15,4,5040.0
海南,2025,本科批,综合,298,山西大同大学,1,2,中医学,(体检为色弱或色盲或不能准确识别红、黄、绿、蓝、紫各种颜色中任意一种颜色不予录取),不限,10,5,5480.0
海南,2025,本科批,综合,298,山西大同大学,2,3,数学与应用数学,,"物理,化学",10,4,5040.0
海南,2025,本科批,综合,289,山西大学,2,18,光电信息科学与工程,,"物理,化学",2,4,5520.0
海南,2025,本科批,综合,289,山西大学,2,8,化学类,(包含专业:化学、应用化学、材料化学),"物理,化学",2,4,5520.0
海南,2025,本科批,综合,289,山西大学,1,2,历史学,,不限,2,4,5175.0
海南,2025,本科批,综合,289,山西大学,1,3,哲学类,(包含专业:哲学、伦理学),不限,2,4,4830.0
海南,2025,本科批,综合,289,山西大学,3,21,政治学、经济学与哲学,(PPE初民试验班),政治,2,4,5175.0
海南,2025,本科批,综合,289,山西大学,3,22,政治学类,(包含专业:政治学与行政学、国际政治),政治,2,4,5175.0
海南,2025,本科批,综合,289,山西大学,1,4,教育学,,不限,2,4,5175.0
海南,2025,本科批,综合,289,山西大学,2,11,数据科学,,"物理,化学",2,4,5175.0
海南,2025,本科批,综合,289,山西大学,2,16,数据科学与大数据技术,,"物理,化学",2,4,5520.0
海南,2025,本科批,综合,289,山西大学,1,6,新闻传播学类,(包含专业:新闻学、广告学),不限,2,4,5175.0
海南,2025,本科批,综合,289,山西大学,2,12,智慧建筑与建造,,"物理,化学",2,4,5520.0
海南,2025,本科批,综合,289,山西大学,1,1,汉语言文学,,不限,2,4,5175.0
海南,2025,本科批,综合,289,山西大学,1,5,法学,,不限,2,4,5175.0
海南,2025,本科批,综合,289,山西大学,2,13,环境科学与工程类,(包含专业:环境科学、环境工程),"物理,化学",2,4,5520.0
海南,2025,本科批,综合,289,山西大学,2,7,生物科学类,(包含专业:生物科学、生物工程),"物理,化学",2,4,5520.0
海南,2025,本科批,综合,289,山西大学,2,14,电子信息类,(包含专业:电子信息工程、电子信息科学与技术),"物理,化学",2,4,5520.0
海南,2025,本科批,综合,289,山西大学,2,19,电气工程及其自动化,,"物理,化学",2,4,5520.0
海南,2025,本科批,综合,289,山西大学,2,10,统计学,,"物理,化学",2,4,5175.0
海南,2025,本科批,综合,289,山西大学,2,9,能源与动力工程,,"物理,化学",2,4,5520.0
海南,2025,本科批,综合,289,山西大学,3,23,行政管理,,政治,2,4,5175.0
海南,2025,本科批,综合,289,山西大学,2,15,计算机科学与技术,,"物理,化学",2,4,5520.0
海南,2025,本科批,综合,289,山西大学,3,20,马克思主义理论,(考)),政治,2,4,5175.0
海南,2025,本科批,综合,289,山西大学,2,17,物理学,(国家基地),"物理,化学",1,4,5175.0
海南,2025,本科批,综合,365,山西工程技术学院,1,1,工程管理,,物理,3,4,4950.0
海南,2025,本科批,综合,365,山西工程技术学院,1,2,工程造价,,物理,3,4,4950.0
海南,2025,本科批,综合,365,山西工程技术学院,2,3,数据科学与大数据技术,,"物理,化学",3,4,5280.0
海南,2025,本科批,综合,365,山西工程技术学院,2,6,智能科学与技术,,"物理,化学",3,4,5280.0
海南,2025,本科批,综合,365,山西工程技术学院,2,11,机械工程,,"物理,化学",3,4,5280.0
海南,2025,本科批,综合,365,山西工程技术学院,2,4,机械电子工程,,"物理,化学",3,4,5280.0
海南,2025,本科批,综合,365,山西工程技术学院,2,7,机械设计制造及其自动化,,"物理,化学",3,4,5280.0
海南,2025,本科批,综合,365,山西工程技术学院,2,5,电气工程及其自动化,,"物理,化学",3,4,5280.0
海南,2025,本科批,综合,365,山西工程技术学院,2,14,矿物加工工程,,"物理,化学",3,4,4800.0
海南,2025,本科批,综合,365,山西工程技术学院,2,13,自动化,,"物理,化学",3,4,5280.0
海南,2025,本科批,综合,365,山西工程技术学院,3,19,地理信息科学,,地理,2,4,4500.0
海南,2025,本科批,综合,365,山西工程技术学院,2,17,城市地下空间工程,,"物理,化学",2,4,5280.0
海南,2025,本科批,综合,365,山西工程技术学院,2,15,智能制造工程,,"物理,化学",2,4,5280.0
海南,2025,本科批,综合,365,山西工程技术学院,2,18,智能建造,,"物理,化学",2,4,4800.0
海南,2025,本科批,综合,365,山西工程技术学院,2,10,测绘工程,,"物理,化学",2,4,5280.0
海南,2025,本科批,综合,365,山西工程技术学院,2,9,计算机科学与技术,,"物理,化学",2,4,5280.0
海南,2025,本科批,综合,365,山西工程技术学院,2,16,土木工程,,"物理,化学",1,4,5280.0
海南,2025,本科批,综合,365,山西工程技术学院,2,8,材料成型及控制工程,,"物理,化学",1,4,4800.0
海南,2025,本科批,综合,365,山西工程技术学院,2,12,材料科学与工程,,"物理,化学",1,4,5280.0
海南,2025,本科批,综合,328,山西工学院,1,2,国际经济与贸易,,不限,3,4,4950.0
海南,2025,本科批,综合,328,山西工学院,1,3,财务管理,,不限,3,4,4950.0
海南,2025,本科批,综合,328,山西工学院,1,1,市场营销,,不限,2,4,4500.0
海南,2025,本科批,综合,331,山西晋中理工学院,2,2,电子信息工程,,"物理,化学",2,4,15800.0
海南,2025,本科批,综合,331,山西晋中理工学院,1,1,经济学,,不限,2,4,14800.0
海南,2025,本科批,综合,333,山西科技学院,1,3,经济学,,不限,8,4,4500.0
海南,2025,本科批,综合,333,山西科技学院,1,4,会计学,,不限,6,4,4950.0
海南,2025,本科批,综合,333,山西科技学院,1,2,市场营销,,不限,4,4,4500.0
海南,2025,本科批,综合,333,山西科技学院,1,5,电子商务,,不限,4,4,4500.0
海南,2025,本科批,综合,333,山西科技学院,3,7,计算机科学与技术,,"物理,化学",4,4,5280.0
海南,2025,本科批,综合,333,山西科技学院,2,6,信息管理与信息系统,,物理,2,4,4500.0
海南,2025,本科批,综合,333,山西科技学院,1,1,英语,,不限,2,4,4500.0
海南,2025,专科批,综合,352,山西老区职业技术学院,1,1,针灸推拿,,不限,6,3,9200.0
海南,2025,专科批,综合,352,山西老区职业技术学院,1,3,中医康复技术,,不限,2,3,9200.0
海南,2025,专科批,综合,352,山西老区职业技术学院,1,2,护理,,不限,2,3,9200.0
海南,2025,本科批,综合,293,山西农业大学,3,9,农学,(不招色盲、色弱),"物理,化学,生物",2,4,4500.0
海南,2025,本科批,综合,293,山西农业大学,1,3,农村区域发展,,不限,2,4,5175.0
海南,2025,本科批,综合,293,山西农业大学,1,2,农林经济管理,,不限,2,4,5175.0
海南,2025,本科批,综合,293,山西农业大学,3,10,园艺,(不招色盲、色弱),"物理,化学,生物",2,4,4500.0
海南,2025,本科批,综合,293,山西农业大学,1,1,土地资源管理,,不限,2,4,5175.0
海南,2025,本科批,综合,293,山西农业大学,3,13,智慧农业,,"物理,化学,生物",2,4,4500.0
海南,2025,本科批,综合,293,山西农业大学,2,5,植物保护,(不招色盲、色弱),"物理,化学",2,4,4500.0
海南,2025,本科批,综合,293,山西农业大学,2,6,水产养殖学,(不招色盲、色弱),"物理,化学",2,4,4500.0
海南,2025,本科批,综合,293,山西农业大学,2,7,生物科学,(不招色盲、色弱),"物理,化学",2,4,5175.0
海南,2025,本科批,综合,293,山西农业大学,3,11,草业科学,,"物理,化学,生物",2,4,4500.0
海南,2025,本科批,综合,293,山西农业大学,3,12,设施农业科学与工程,,"物理,化学,生物",2,4,4500.0
海南,2025,本科批,综合,293,山西农业大学,1,4,风景园林,,不限,2,4,5500.0
海南,2025,本科批,综合,293,山西农业大学,2,8,生态学,,"物理,化学",1,4,5175.0
海南,2025,本科批,综合,296,山西师范大学,4,14,地理科学,(不招色盲、单色识别不全者),地理,2,4,5100.0
海南,2025,本科批,综合,296,山西师范大学,3,13,思想政治教育,,政治,2,4,5100.0
海南,2025,本科批,综合,296,山西师范大学,4,15,地理信息科学,,地理,1,4,5100.0
海南,2025,本科批,综合,296,山西师范大学,1,4,学前教育,(不招色盲、色弱、单色识别不全者),不限,1,4,5100.0
海南,2025,本科批,综合,296,山西师范大学,1,5,小学教育,,不限,1,4,5100.0
海南,2025,本科批,综合,296,山西师范大学,1,6,心理学,(不招色盲、色弱、单色识别不全者),不限,1,4,5100.0
海南,2025,本科批,综合,296,山西师范大学,1,1,旅游管理,,不限,1,4,5100.0
海南,2025,本科批,综合,296,山西师范大学,1,2,日语,,不限,1,4,5150.0
海南,2025,本科批,综合,296,山西师范大学,2,11,环境生态工程,,"物理,化学",1,4,5520.0
海南,2025,本科批,综合,296,山西师范大学,2,10,生态学,(不招色盲、色弱、单色识别不全者),"物理,化学",1,4,5100.0
海南,2025,本科批,综合,296,山西师范大学,2,9,生物技术,(不招色盲、色弱、单色识别不全者),"物理,化学",1,4,5100.0
海南,2025,本科批,综合,296,山西师范大学,2,8,生物科学,(不招色盲、色弱、单色识别不全者),"物理,化学",1,4,5100.0
海南,2025,本科批,综合,296,山西师范大学,1,3,经济学,(不招单色识别不全者),不限,1,4,5100.0
海南,2025,本科批,综合,296,山西师范大学,1,7,财务管理,(不招单色识别不全者),不限,1,4,5100.0
海南,2025,本科批,综合,296,山西师范大学,2,12,食品质量与安全,,"物理,化学",1,4,5520.0
海南,2025,专科批,综合,313,山西药科职业学院,1,1,药学,,不限,6,3,5200.0
海南,2025,专科批,综合,313,山西药科职业学院,1,2,中药学,,不限,4,3,5200.0
海南,2025,本科批,综合,294,山西医科大学,4,18,护理学,,生物,4,4,5600.0
海南,2025,本科批,综合,294,山西医科大学,5,26,预防医学,,"物理,化学,生物",4,5,5600.0
海南,2025,本科批,综合,294,山西医科大学,80,21,临床医学,,"物理,化学,生物",3,5,5600.0
海南,2025,本科批,综合,294,山西医科大学,1,2,社会工作,,不限,3,4,5100.0
海南,2025,本科批,综合,294,山西医科大学,1,1,运动康复,,不限,3,4,5100.0
海南,2025,本科批,综合,294,山西医科大学,3,8,中药学,,"物理,化学",2,4,5600.0
海南,2025,本科批,综合,294,山西医科大学,80,23,临床医学,(5+3一体化),"物理,化学,生物",2,5,5600.0
海南,2025,本科批,综合,294,山西医科大学,3,9,临床药学,,"物理,化学",2,5,5600.0
海南,2025,本科批,综合,294,山西医科大学,2,5,信息管理与信息系统,(医学信息学方向),物理,2,4,5100.0
海南,2025,本科批,综合,294,山西医科大学,1,3,健康服务与管理,,不限,2,4,5100.0
海南,2025,本科批,综合,294,山西医科大学,1,4,公共事业管理,(卫生事业管理方向),不限,2,4,5100.0
海南,2025,本科批,综合,294,山西医科大学,3,11,医学实验技术,,"物理,化学",2,4,5600.0
海南,2025,本科批,综合,294,山西医科大学,3,12,医学影像技术,,"物理,化学",2,4,5600.0
海南,2025,本科批,综合,294,山西医科大学,3,17,医学检验技术,,"物理,化学",2,4,5600.0
海南,2025,本科批,综合,294,山西医科大学,3,15,卫生检验与检疫,,"物理,化学",2,4,5600.0
海南,2025,本科批,综合,294,山西医科大学,80,27,口腔医学,,"物理,化学,生物",2,5,5600.0
海南,2025,本科批,综合,294,山西医科大学,5,24,基础医学,,"物理,化学,生物",2,5,5600.0
海南,2025,本科批,综合,294,山西医科大学,3,14,康复治疗学,,"物理,化学",2,4,5600.0
海南,2025,本科批,综合,294,山西医科大学,3,16,智能医学工程,,"物理,化学",2,4,5600.0
海南,2025,本科批,综合,294,山西医科大学,5,29,法医学,,"物理,化学,生物",2,5,5600.0
海南,2025,本科批,综合,294,山西医科大学,3,7,生物制药,,"物理,化学",2,4,5500.0
海南,2025,本科批,综合,294,山西医科大学,3,6,生物医学工程,,"物理,化学",2,4,5520.0
海南,2025,本科批,综合,294,山西医科大学,3,13,眼视光学,,"物理,化学",2,4,5600.0
海南,2025,本科批,综合,294,山西医科大学,3,10,药学,,"物理,化学",2,4,5600.0
海南,2025,本科批,综合,294,山西医科大学,80,22,临床医学,(5+3一体化儿科学),"物理,化学,生物",1,5,5600.0
海南,2025,本科批,综合,294,山西医科大学,5,28,儿科学,,"物理,化学,生物",1,5,5600.0
海南,2025,本科批,综合,294,山西医科大学,5,19,医学影像学,,"物理,化学,生物",1,5,5600.0
海南,2025,本科批,综合,294,山西医科大学,5,25,精神医学,,"物理,化学,生物",1,5,5600.0
海南,2025,本科批,综合,294,山西医科大学,5,20,麻醉学,,"物理,化学,生物",1,5,5600.0
海南,2025,专科批,综合,324,山西职业技术学院,1,1,大数据与会计,,不限,1,3,5200.0
海南,2025,专科批,综合,324,山西职业技术学院,1,3,大数据技术,,不限,1,3,5200.0
海南,2025,专科批,综合,324,山西职业技术学院,1,5,工程造价,,不限,1,3,4000.0
海南,2025,专科批,综合,324,山西职业技术学院,1,4,建筑室内设计,,不限,1,3,4000.0
海南,2025,专科批,综合,324,山西职业技术学院,1,2,计算机应用技术,,不限,1,3,5200.0
海南,2025,本科批,综合,304,山西中医药大学,1,1,中医学,(不招色盲、色弱),不限,8,5,5635.0
海南,2025,本科批,综合,304,山西中医药大学,4,10,护理学,(不招色盲、色弱),生物,6,4,5635.0
海南,2025,本科批,综合,304,山西中医药大学,5,11,中西医临床医学,(不招色盲、色弱),"物理,生物",5,5,5635.0
海南,2025,本科批,综合,304,山西中医药大学,3,5,康复治疗学,(不招色盲、色弱),"物理,化学",5,4,5635.0
海南,2025,本科批,综合,304,山西中医药大学,3,6,中药学,(不招色盲、色弱),"物理,化学",3,4,5635.0
海南,2025,本科批,综合,304,山西中医药大学,2,4,信息管理与信息系统,(不招色盲、色弱、单色识别不全者),物理,3,4,4860.0
海南,2025,本科批,综合,304,山西中医药大学,1,2,针灸推拿学,(不招色盲、色弱),不限,3,5,5635.0
海南,2025,本科批,综合,304,山西中医药大学,3,9,食品科学与工程,(不招色盲、色弱),"物理,化学",3,4,5520.0
海南,2025,本科批,综合,304,山西中医药大学,1,3,健康服务与管理,(不招色盲、色弱、单色识别不全者),不限,2,4,4860.0
海南,2025,本科批,综合,304,山西中医药大学,3,8,医学信息工程,(不招色盲、色弱),"物理,化学",1,4,5520.0
海南,2025,本科批,综合,304,山西中医药大学,3,7,药学,(不招色盲、色弱),"物理,化学",1,4,5635.0
海南,2025,专科批,综合,2762,陕西工商职业学院,1,2,电子商务,,不限,3,3,6500.0
海南,2025,专科批,综合,2762,陕西工商职业学院,1,1,酒店管理与数字化运营,,不限,2,3,6500.0
海南,2025,本科批,综合,2729,陕西国际商贸学院,2,2,护理学,,化学,2,4,28000.0
海南,2025,本科批,综合,2729,陕西国际商贸学院,3,4,数字媒体技术,,"物理,化学",2,4,26500.0
海南,2025,本科批,综合,2729,陕西国际商贸学院,3,3,药学,,"物理,化学",2,4,28000.0
海南,2025,本科批,综合,2729,陕西国际商贸学院,1,1,金融工程,,物理,2,4,25000.0
海南,2025,专科批,综合,2725,陕西交通职业技术学院,1,1,城市轨道交通工程技术,,不限,1,3,6500.0
海南,2025,专科批,综合,2725,陕西交通职业技术学院,1,2,城市轨道交通运营管理,,不限,1,3,6500.0
海南,2025,专科批,综合,2725,陕西交通职业技术学院,1,8,大数据与会计,,不限,1,3,6500.0
海南,2025,专科批,综合,2725,陕西交通职业技术学院,1,3,大数据与财务管理,,不限,1,3,6500.0
海南,2025,专科批,综合,2725,陕西交通职业技术学院,1,7,新能源汽车检测与维修技术,,不限,1,3,6500.0
海南,2025,专科批,综合,2725,陕西交通职业技术学院,1,5,现代物流管理,,不限,1,3,6500.0
海南,2025,专科批,综合,2725,陕西交通职业技术学院,1,4,电子商务,(新媒体运营),不限,1,3,6500.0
海南,2025,专科批,综合,2725,陕西交通职业技术学院,1,9,电子商务,,不限,1,3,6500.0
海南,2025,专科批,综合,2725,陕西交通职业技术学院,1,10,软件技术,,不限,1,3,6500.0
海南,2025,专科批,综合,2725,陕西交通职业技术学院,1,6,铁道工程技术,,不限,1,3,6500.0
海南,2025,本科批,综合,2689,陕西科技大学,2,3,工业设计,,"物理,化学",3,4,6000.0
海南,2025,本科批,综合,2689,陕西科技大学,1,1,数字经济,,物理,3,4,5000.0
海南,2025,本科批,综合,2689,陕西科技大学,2,5,数据科学与大数据技术,,"物理,化学",3,4,6000.0
海南,2025,本科批,综合,2689,陕西科技大学,2,2,机械类,(包含专业:机械设计制造及其自动化、材料成型及控制工程、机械电子工程、过程装备与控制工程),"物理,化学",3,4,6480.0
海南,2025,本科批,综合,2689,陕西科技大学,2,4,计算机类,(包含专业:计算机科学与技术、网络工程),"物理,化学",3,4,6480.0
海南,2025,本科批,综合,2696,陕西理工大学,3,4,地理科学,,地理,1,4,6000.0
海南,2025,本科批,综合,2696,陕西理工大学,1,2,学前教育,,不限,1,4,5000.0
海南,2025,本科批,综合,2696,陕西理工大学,2,3,智能制造工程,,"物理,化学",1,4,6000.0
海南,2025,本科批,综合,2696,陕西理工大学,1,1,经济学,,不限,1,4,5000.0
海南,2025,本科提前批,综合,2694,陕西师范大学,4,9,化学,(国家公费师范生)(属国家公费师范生计划；本研衔接；履约任教到三亚市1名、儋州市1名；不招色盲、色弱、单色识别不全者),"物理,化学",2,4,
海南,2025,本科提前批,综合,2694,陕西师范大学,8,14,地理科学,(国家公费师范生)(属国家公费师范生计划；本研衔接；履约任教到三亚市1名、屯昌县1名；不招色盲、单色识别不全者),地理,2,4,
海南,2025,本科提前批,综合,2694,陕西师范大学,6,12,思想政治教育,(国家公费师范生)(属国家公费师范生计划；本研衔接；履约任教到海口市1名、儋州市1名),政治,2,4,
海南,2025,本科提前批,综合,2694,陕西师范大学,4,7,数学与应用数学,(国家公费师范生)(属国家公费师范生计划；本研衔接；履约任教到海口市1名、琼海市1名),"物理,化学",2,4,
海南,2025,本科提前批,综合,2694,陕西师范大学,7,13,汉语言文学,(国家公费师范生)(属国家公费师范生计划；本研衔接；履约任教到海口市1名、琼海市1名),历史,2,4,
海南,2025,本科提前批,综合,2694,陕西师范大学,4,8,物理学,(国家公费师范生)(属国家公费师范生计划；本研衔接；履约任教到海口市1名、儋州市1名),"物理,化学",2,4,
海南,2025,本科提前批,综合,2694,陕西师范大学,2,2,科学教育,(国家公费师范生)(属国家公费师范生计划；本研衔接；履约任教到海口市1名、文昌市1名),物理,2,4,
海南,2025,本科提前批,综合,2694,陕西师范大学,1,1,英语,(国家公费师范生)(属国家公费师范生计划；本研衔接；履约任教到文昌市1名、陵水县1名),不限,2,4,
海南,2025,本科提前批,综合,2694,陕西师范大学,3,6,化学,(优师专项计划)(属国家优师专项计划；入学前须签订国家优师专项定向就业协议；履约任教到五指山市、临高县、保亭县、琼中县及白沙县；不招色盲、色弱、单色识别不全者),"物理,化学",1,4,
海南,2025,本科提前批,综合,2694,陕西师范大学,5,11,思想政治教育,(优师专项计划)(属国家优师专项计划；入学前须签订国家优师专项定向就业协议；履约任教到五指山市、临高县、保亭县、琼中县及白沙县),政治,1,4,
海南,2025,本科提前批,综合,2694,陕西师范大学,3,5,数学与应用数学,(优师专项计划)(属国家优师专项计划；入学前须签订国家优师专项定向就业协议；履约任教到五指山市、临高县、保亭县、琼中县及白沙县),"物理,化学",1,4,
海南,2025,本科提前批,综合,2694,陕西师范大学,3,4,物理学,(优师专项计划)(属国家优师专项计划；入学前须签订国家优师专项定向就业协议；履约任教到五指山市、临高县、保亭县、琼中县及白沙县),"物理,化学",1,4,
海南,2025,本科提前批,综合,2694,陕西师范大学,3,3,生物科学,(优师专项计划)(属国家优师专项计划；入学前须签订国家优师专项定向就业协议；履约任教到五指山市、临高县、保亭县、琼中县及白沙县；不招色盲、色弱、单色识别不全者),"物理,化学",1,4,
海南,2025,本科提前批,综合,2694,陕西师范大学,4,10,计算机科学与技术,(国家公费师范生)(属国家公费师范生计划；本研衔接；履约任教到三亚市1名),"物理,化学",1,4,
海南,2025,本科批,综合,2694,陕西师范大学,13,19,广播电视编导,(只录取有该专业志愿的考生；考生投档成绩须达到部分特殊类型招生投档最低控制分数线),不限,1,4,15400.0
海南,2025,本科民族班、预科班,综合,2694,陕西师范大学,14,20,少数民族预科班,(一年后转入本科专业(类)及名额详见入校后公布的预科学生升本分专业计划；预科培养地点:陕西师范大学校本部),不限,2,1,5500.0
海南,2025,国家专项,综合,2694,陕西师范大学,11,17,心理学类,(包含专业:心理学(泽如拔尖基地班)、应用心理学；不招色盲、色弱、单色识别不全者),"物理,生物",1,4,6600.0
海南,2025,国家专项,综合,2694,陕西师范大学,12,18,教育学类,(包含专业:教育学(创新实验班)、教育学(小学全科师范)),历史,1,4,5500.0
海南,2025,本科批,综合,2693,陕西中医药大学,1,1,中医学,,不限,2,5,6955.0
海南,2025,本科批,综合,2693,陕西中医药大学,2,3,中药学,,"物理,化学",2,4,6955.0
海南,2025,本科批,综合,2693,陕西中医药大学,2,6,中西医临床医学,,"物理,化学",2,5,6500.0
海南,2025,本科批,综合,2693,陕西中医药大学,2,4,临床医学,,"物理,化学",2,5,6500.0
海南,2025,本科批,综合,2693,陕西中医药大学,2,5,医学影像学,,"物理,化学",2,5,6500.0
海南,2025,本科批,综合,2693,陕西中医药大学,1,2,针灸推拿学,,不限,2,5,6500.0
海南,2025,本科批,综合,2028,汕头大学,2,9,土木工程,,"物理,化学",4,4,6850.0
海南,2025,本科批,综合,2028,汕头大学,1,3,市场营销,(大数据营销),不限,2,4,5510.0
海南,2025,本科批,综合,2028,汕头大学,2,8,机械设计制造及其自动化,,"物理,化学",2,4,6850.0
海南,2025,本科批,综合,2028,汕头大学,1,1,汉语言文学,,不限,2,4,5510.0
海南,2025,本科批,综合,2028,汕头大学,1,2,法学,,不限,2,4,5510.0
海南,2025,本科批,综合,2028,汕头大学,2,7,物理学,(创新班),"物理,化学",2,4,6850.0
海南,2025,本科批,综合,2028,汕头大学,1,5,行政管理,,不限,2,4,5510.0
海南,2025,本科批,综合,2028,汕头大学,1,4,行政管理,(数字人力特色班),不限,2,4,5510.0
海南,2025,本科批,综合,2028,汕头大学,2,6,计算机科学与技术,,"物理,化学",2,4,6850.0
海南,2025,本科批,综合,2709,商洛学院,2,3,大数据管理与应用,,物理,1,4,5000.0
海南,2025,本科批,综合,2709,商洛学院,3,6,康复治疗学,,"物理,化学",1,4,6500.0
海南,2025,本科批,综合,2709,商洛学院,3,4,数学与应用数学,,"物理,化学",1,4,5250.0
海南,2025,本科批,综合,2709,商洛学院,1,1,汉语言文学,,不限,1,4,5000.0
海南,2025,本科批,综合,2709,商洛学院,2,2,电子商务,,物理,1,4,5000.0
海南,2025,本科批,综合,2709,商洛学院,3,5,资源循环科学与工程,,"物理,化学",1,4,6000.0
海南,2025,本科批,综合,1652,商丘学院,2,7,计算机科学与技术,,"物理,化学",9,4,16000.0
海南,2025,本科批,综合,1652,商丘学院,1,5,会计学,,不限,6,4,15000.0
海南,2025,本科批,综合,1652,商丘学院,1,4,电子商务,,不限,6,4,15000.0
海南,2025,本科批,综合,1652,商丘学院,1,1,经济学,,不限,6,4,15000.0
海南,2025,本科批,综合,1652,商丘学院,2,6,电气工程及其自动化,,"物理,化学",5,4,16000.0
海南,2025,本科批,综合,1652,商丘学院,2,8,机械设计制造及其自动化,,"物理,化学",4,4,16000.0
海南,2025,本科批,综合,1652,商丘学院,1,2,小学教育,,不限,12,4,15000.0
海南,2025,本科批,综合,1652,商丘学院,1,3,汉语言文学,,不限,12,4,15000.0
海南,2025,专科批,综合,1638,商丘医学高等专科学校,1,3,口腔医学,,不限,5,3,4800.0
海南,2025,专科批,综合,1638,商丘医学高等专科学校,1,1,临床医学,,不限,3,3,4800.0
海南,2025,专科批,综合,1638,商丘医学高等专科学校,1,2,护理,,不限,2,3,5280.0
海南,2025,本科批,综合,717,上海财经大学,2,9,工商管理,(双学士学位、工商管理和统计学),不限,3,4,6500.0
海南,2025,本科批,综合,717,上海财经大学,3,10,数据科学与大数据技术,(工学),"物理,化学",3,4,7000.0
海南,2025,本科批,综合,717,上海财经大学,3,11,数学类,(包含专业:数学与应用数学、信息与计算科学),"物理,化学",2,4,7000.0
海南,2025,本科批,综合,717,上海财经大学,2,4,金融学,(双学士学位、金融学和统计学),不限,2,4,7150.0
海南,2025,本科批,综合,717,上海财经大学,2,2,会计学,,不限,1,4,6500.0
海南,2025,本科批,综合,717,上海财经大学,2,8,公共管理类,(包含专业:行政管理、劳动与社会保障),不限,1,4,6500.0
海南,2025,本科批,综合,717,上海财经大学,2,5,工商管理类,(包含专业:工商管理(商务分析)、工商管理(战略与创新创业)、市场营销、人力资源管理),不限,1,4,6500.0
海南,2025,本科批,综合,717,上海财经大学,2,7,投资学,,不限,1,4,7150.0
海南,2025,本科批,综合,717,上海财经大学,2,6,法学,(涉外法治实验班、财经法治卓越班),不限,1,4,6500.0
海南,2025,本科批,综合,717,上海财经大学,2,3,财务管理,(智能化方向),不限,1,4,6500.0
海南,2025,国家专项,综合,717,上海财经大学,1,1,工商管理类,(包含专业:工商管理(商务分析)、工商管理(战略与创新创业)、市场营销、人力资源管理),不限,2,4,6500.0
海南,2025,本科批,综合,1046,上海财经大学浙江学院,2,4,应用统计学,(金融统计),"物理,化学",4,4,18000.0
海南,2025,本科批,综合,1046,上海财经大学浙江学院,1,3,会展经济与管理,,不限,2,4,22000.0
海南,2025,本科批,综合,1046,上海财经大学浙江学院,1,1,物流管理,,不限,2,4,18000.0
海南,2025,本科批,综合,1046,上海财经大学浙江学院,1,2,金融学,,不限,2,4,24750.0
海南,2025,专科批,综合,738,上海城建职业学院,1,1,建筑工程技术,,不限,5,3,7500.0
海南,2025,专科批,综合,738,上海城建职业学院,1,7,市政工程技术,,不限,4,3,7500.0
海南,2025,专科批,综合,738,上海城建职业学院,1,17,健康管理,(医学美容)(不招色盲、色弱；口吃、弱视不宜报考),不限,3,3,7500.0
海南,2025,专科批,综合,738,上海城建职业学院,1,15,医学检验技术,(不招色盲、色弱；口吃、弱视不宜报考),不限,3,3,7500.0
海南,2025,专科批,综合,738,上海城建职业学院,1,5,园林技术,,不限,3,3,7500.0
海南,2025,专科批,综合,738,上海城建职业学院,1,4,安全技术与管理,,不限,3,3,7500.0
海南,2025,专科批,综合,738,上海城建职业学院,1,9,建筑智能化工程技术,,不限,3,3,7500.0
海南,2025,专科批,综合,738,上海城建职业学院,1,20,建筑装饰工程技术,,不限,3,3,7500.0
海南,2025,专科批,综合,738,上海城建职业学院,1,3,建设工程管理,,不限,3,3,7500.0
海南,2025,专科批,综合,738,上海城建职业学院,1,13,智能控制技术,,不限,3,3,7500.0
海南,2025,专科批,综合,738,上海城建职业学院,1,14,机电一体化技术,,不限,3,3,7500.0
海南,2025,专科批,综合,738,上海城建职业学院,1,6,环境工程技术,,不限,3,3,7500.0
海南,2025,专科批,综合,738,上海城建职业学院,1,8,现代物业管理,,不限,3,3,7500.0
海南,2025,专科批,综合,738,上海城建职业学院,1,2,装配式建筑工程技术,,不限,3,3,7500.0
海南,2025,专科批,综合,738,上海城建职业学院,1,11,食品质量与安全,,不限,3,3,7500.0
海南,2025,专科批,综合,738,上海城建职业学院,1,12,人工智能技术应用,,不限,2,3,7500.0
海南,2025,专科批,综合,738,上海城建职业学院,1,16,国际商务,,不限,2,3,7500.0
海南,2025,专科批,综合,738,上海城建职业学院,1,21,文物修复与保护,,不限,2,3,7500.0
海南,2025,专科批,综合,738,上海城建职业学院,1,18,智慧健康养老服务与管理,,不限,2,3,7500.0
海南,2025,专科批,综合,738,上海城建职业学院,1,10,计算机应用技术,,不限,2,3,7500.0
海南,2025,专科批,综合,738,上海城建职业学院,1,19,连锁经营与管理,,不限,2,3,7500.0
海南,2025,专科批,综合,732,上海出版印刷高等专科学校,1,3,出版商务,,不限,2,3,6500.0
海南,2025,专科批,综合,732,上海出版印刷高等专科学校,2,4,大数据技术,,物理,2,3,7000.0
海南,2025,专科批,综合,732,上海出版印刷高等专科学校,1,1,数字印刷技术,,不限,2,3,7000.0
海南,2025,专科批,综合,732,上海出版印刷高等专科学校,1,2,文化产业经营与管理,,不限,2,3,6500.0
海南,2025,专科批,综合,732,上海出版印刷高等专科学校,2,5,移动应用开发,,物理,2,3,7000.0
海南,2025,本科批,综合,735,上海第二工业大学,2,5,新能源科学与工程,,"物理,化学",2,4,7000.0
海南,2025,本科批,综合,735,上海第二工业大学,2,4,智能科学与技术,,"物理,化学",2,4,7000.0
海南,2025,本科批,综合,735,上海第二工业大学,1,2,电子商务,,物理,2,4,6500.0
海南,2025,本科批,综合,735,上海第二工业大学,2,3,通信工程,,"物理,化学",2,4,7000.0
海南,2025,本科批,综合,735,上海第二工业大学,1,1,标准化工程,,物理,1,4,6500.0
海南,2025,本科批,综合,731,上海电机学院,1,2,经济统计学,,物理,4,4,6500.0
海南,2025,本科批,综合,731,上海电机学院,1,1,工业工程,,物理,3,4,6500.0
海南,2025,本科批,综合,709,上海电力大学,1,3,电气工程及其自动化,,"物理,化学",4,4,7000.0
海南,2025,本科批,综合,709,上海电力大学,1,4,核电技术与控制工程,,"物理,化学",3,4,7000.0
海南,2025,本科批,综合,709,上海电力大学,1,5,信息安全,,"物理,化学",2,4,7000.0
海南,2025,本科批,综合,709,上海电力大学,1,2,核工程与核技术,,"物理,化学",2,4,7000.0
海南,2025,本科批,综合,709,上海电力大学,1,1,能源与动力工程,,"物理,化学",2,4,7000.0
海南,2025,专科批,综合,741,上海电子信息职业技术学院,1,1,计算机应用技术,,不限,6,3,7500.0
海南,2025,专科批,综合,741,上海电子信息职业技术学院,1,2,计算机网络技术,,不限,5,3,7500.0
海南,2025,专科批,综合,741,上海电子信息职业技术学院,1,3,软件技术,,不限,5,3,7500.0
海南,2025,专科批,综合,727,上海东海职业技术学院,1,1,大数据技术,,不限,3,3,21000.0
海南,2025,专科批,综合,727,上海东海职业技术学院,1,2,计算机应用技术,,不限,2,3,21000.0
海南,2025,本科批,综合,718,上海对外经贸大学,1,1,国际经济与贸易,(国家级一流本科专业建设点),不限,2,4,6500.0
海南,2025,本科批,综合,718,上海对外经贸大学,1,2,工商管理,(国际企业管理方向)(国家级一流本科专业建设点),不限,2,4,6500.0
海南,2025,本科批,综合,718,上海对外经贸大学,1,3,旅游管理,(上海市级一流本科专业建设点),不限,2,4,6500.0
海南,2025,本科批,综合,729,上海工程技术大学,2,12,飞行器制造工程,"(通过美国AABI认证,上海市一流本科专业建设点；建议男生报考)","物理,化学",7,4,7000.0
海南,2025,本科批,综合,729,上海工程技术大学,2,9,电子信息类,"(包含专业:计算机科学与技术、自动化、电气工程及其自动化、数据科学与大数据技术、人工智能；分流情况详见学校网站；计算机科学与技术通过工程教育认证,国家一流本科专业建设点；自动化通过工程教育认证,上海一流本科专业建设点；电气工程及其自动化上海市一流本科专业建设)","物理,化学",6,4,7000.0
海南,2025,本科批,综合,729,上海工程技术大学,2,10,智能车辆工程,"(通过德国ASIIN认证,上海市一流本科专业建设点)","物理,化学",5,4,7000.0
海南,2025,本科批,综合,729,上海工程技术大学,2,13,材料类,"(包含专业:材料科学与工程、焊接技术与工程；分流情况详见学校网站；材料科学与工程专业通过工程教育专业认证,上海市一流本科专业建设点)","物理,化学",5,4,7000.0
海南,2025,本科批,综合,729,上海工程技术大学,1,2,工商管理类,(包含专业:工商管理、市场营销、人力资源管理；分流情况详见学校网站；工商管理专业为国家级一流本科专业建设点；市场营销专业为国家级一流本科专业建设点),不限,3,4,6500.0
海南,2025,本科批,综合,729,上海工程技术大学,1,5,金融学,,不限,3,4,6500.0
海南,2025,本科批,综合,729,上海工程技术大学,1,6,交通管理,"(通过美国AABI认证,上海市一流本科专业建设点)",不限,2,4,6500.0
海南,2025,本科批,综合,729,上海工程技术大学,1,1,公共管理类,(包含专业:公共事业管理、劳动与社会保障；分流情况详见学校网站；劳动与社会保障专业为上海市一流本科专业建设点),不限,2,4,6500.0
海南,2025,本科批,综合,729,上海工程技术大学,1,4,养老服务管理,,不限,2,4,6500.0
海南,2025,本科批,综合,729,上海工程技术大学,1,7,物流管理,(民航物流)(上海市一流本科专业建设点),不限,2,4,6500.0
海南,2025,本科批,综合,729,上海工程技术大学,1,8,物流管理,,不限,2,4,6500.0
海南,2025,本科批,综合,729,上海工程技术大学,1,3,财务管理,,不限,2,4,6500.0
海南,2025,本科批,综合,729,上海工程技术大学,2,11,车辆工程,"(“卓越工程师教育培养计划”试点专业,通过工程教育专业认证,国家级一流本科专业建设点)","物理,化学",2,4,7000.0
海南,2025,专科批,综合,728,上海工商职业技术学院,1,1,计算机网络技术,,不限,3,3,21800.0
海南,2025,专科批,综合,728,上海工商职业技术学院,1,2,智能制造装备技术,,不限,2,3,21800.0
海南,2025,本科提前批,综合,719,上海海关学院,1,1,海关管理,"(招男生2名,女生1名；建议不符合下列身体条件的考生,谨慎填报:男性身高不低于168cm,女性身高不低于158cm,体型匀称；双眼矫正视力均不低于0.6(标准对数视力4.8),无明显视功能损害眼病；五官端正,面部无疤痕等明显特征和缺陷,无各种残疾)",不限,3,4,6500.0
海南,2025,本科提前批,综合,719,上海海关学院,2,3,海关检验检疫安全,"(只招男生；建议不符合下列身体条件的考生,谨慎填报:男性身高不低于168cm,体型匀称；双眼矫正视力均不低于0.6(标准对数视力4.8),无明显视功能损害眼病；五官端正,面部无疤痕等明显特征和缺陷,无各种残疾)",物理,1,4,6500.0
海南,2025,本科提前批,综合,719,上海海关学院,1,2,海关稽查,"(只招男生；建议不符合下列身体条件的考生,谨慎填报:男性身高不低于168cm,体型匀称；双眼矫正视力均不低于0.6(标准对数视力4.8),无明显视功能损害眼病；五官端正,面部无疤痕等明显特征和缺陷,无各种残疾)",不限,1,4,6500.0
海南,2025,本科批,综合,719,上海海关学院,5,7,税收学,,不限,3,4,6500.0
海南,2025,本科批,综合,719,上海海关学院,5,8,国际商务,,不限,2,4,6500.0
海南,2025,本科批,综合,719,上海海关学院,7,12,数据科学与大数据技术,,"物理,化学",2,4,6500.0
海南,2025,本科批,综合,719,上海海关学院,6,11,经济统计学,,物理,2,4,6500.0
海南,2025,本科批,综合,719,上海海关学院,5,10,英语,,不限,2,4,6500.0
海南,2025,本科批,综合,719,上海海关学院,5,9,法学,,不限,1,4,6500.0
海南,2025,国家专项,综合,719,上海海关学院,4,6,经济统计学,,物理,2,4,6500.0
海南,2025,国家专项,综合,719,上海海关学院,3,5,物流管理,,不限,1,4,6500.0
海南,2025,国家专项,综合,719,上海海关学院,3,4,税收学,,不限,1,4,6500.0
海南,2025,本科批,综合,707,上海海事大学,2,4,交通管理,(国航),不限,2,4,6500.0
海南,2025,本科批,综合,707,上海海事大学,3,8,交通运输,,"物理,化学",2,4,7000.0
海南,2025,本科批,综合,707,上海海事大学,2,7,国际邮轮管理,,不限,2,4,6500.0
海南,2025,本科批,综合,707,上海海事大学,2,5,外国语言文学类,(包含专业:翻译、商务英语、英语),不限,2,4,6500.0
海南,2025,本科批,综合,707,上海海事大学,2,6,法学,(海商法),不限,2,4,6500.0
海南,2025,本科批,综合,707,上海海事大学,3,10,港口航道与海岸工程,,"物理,化学",2,4,7000.0
海南,2025,本科批,综合,707,上海海事大学,2,3,经济学类,(包含专业:经济学(海运与物流经济)、金融学(海运金融)),不限,2,4,6500.0
海南,2025,本科批,综合,707,上海海事大学,3,9,船舶与海洋工程,,"物理,化学",2,4,7000.0
海南,2025,本科提前批,综合,707,上海海事大学,1,1,航海技术,"(辨色力正常(无色盲无色弱),无复视；身高160cm及以上；双眼裸视力均能达到4.7(0.5)及以上,或双眼裸视力均能达到4.0(0.1)及以上且矫正视力均能达到4.8(0.6)及以上；此专业由于工作性质特殊,不适宜女生报考)","物理,化学",2,4,7000.0
海南,2025,本科提前批,综合,707,上海海事大学,1,2,轮机工程,"(辨色力正常(无色盲无色弱),无复视；身高155cm及以上；双眼裸视力均能达到4.6(0.4)及以上,或双眼裸视力均能达到4.0(0.1)及以上且矫正视力均能达到4.6(0.4)及以上；此专业由于工作性质特殊,不适宜女生报考)","物理,化学",2,4,7000.0
海南,2025,本科批,综合,712,上海海洋大学,1,1,国际经济与贸易,,不限,5,4,6500.0
海南,2025,本科批,综合,712,上海海洋大学,2,5,海洋渔业科学与技术,(不招色盲、色弱、单色识别不全者),"物理,化学",4,4,7700.0
海南,2025,本科批,综合,712,上海海洋大学,1,2,农林经济管理,,不限,3,4,6500.0
海南,2025,本科批,综合,712,上海海洋大学,2,6,水产类,(包含专业:水产养殖学、水族科学与技术、水生动物医学；不招色盲、色弱、单色识别不全者),"物理,化学",3,4,7700.0
海南,2025,本科批,综合,712,上海海洋大学,2,4,海洋科学类,(包含专业:海洋科学、海洋技术；不招色盲、色弱、单色识别不全者),"物理,化学",3,4,7000.0
海南,2025,本科批,综合,712,上海海洋大学,1,3,工商管理,,不限,2,4,6500.0
海南,2025,专科批,综合,748,上海济光职业技术学院,1,6,新能源汽车技术,,不限,4,3,18000.0
海南,2025,专科批,综合,748,上海济光职业技术学院,1,7,大数据与会计,,不限,3,3,18000.0
海南,2025,专科批,综合,748,上海济光职业技术学院,1,3,数字媒体技术,,不限,3,3,18000.0
海南,2025,专科批,综合,748,上海济光职业技术学院,1,8,计算机网络技术,,不限,3,3,18000.0
海南,2025,专科批,综合,748,上海济光职业技术学院,1,10,信息安全技术应用,,不限,2,3,26000.0
海南,2025,专科批,综合,748,上海济光职业技术学院,1,4,工程造价,,不限,2,3,18000.0
海南,2025,专科批,综合,748,上海济光职业技术学院,1,1,建筑设计,,不限,2,3,20000.0
海南,2025,专科批,综合,748,上海济光职业技术学院,1,9,护理,,不限,2,3,20000.0
海南,2025,专科批,综合,748,上海济光职业技术学院,1,2,智慧城市管理技术,,不限,2,3,26000.0
海南,2025,专科批,综合,748,上海济光职业技术学院,1,5,空间数字建模与应用技术,,不限,2,3,26000.0
海南,2025,本科批,综合,749,上海建桥学院,1,1,会计学,,不限,5,4,42000.0
海南,2025,本科批,综合,749,上海建桥学院,1,7,传播学,(围棋),不限,5,4,42000.0
海南,2025,本科批,综合,749,上海建桥学院,1,6,商务英语,,不限,4,4,42000.0
海南,2025,本科批,综合,749,上海建桥学院,1,2,国际经济与贸易,,不限,4,4,42000.0
海南,2025,本科批,综合,749,上海建桥学院,1,5,英语,,不限,4,4,42000.0
海南,2025,本科批,综合,749,上海建桥学院,1,8,小学教育,,不限,3,4,42000.0
海南,2025,本科批,综合,749,上海建桥学院,2,10,工程管理,,物理,3,4,42000.0
海南,2025,本科批,综合,749,上海建桥学院,1,3,德语,,不限,3,4,42000.0
海南,2025,本科批,综合,749,上海建桥学院,2,9,数字经济,,物理,3,4,42000.0
海南,2025,本科批,综合,749,上海建桥学院,1,4,新闻学,,不限,3,4,42000.0
海南,2025,本科批,综合,749,上海建桥学院,3,13,网络工程,,"物理,化学",3,4,42000.0
海南,2025,本科批,综合,749,上海建桥学院,3,15,网络工程,"(双语班)(入学后专业教学外语语种为日语；中日学分互认,该专业属于国际教育学院)","物理,化学",3,4,45000.0
海南,2025,本科批,综合,749,上海建桥学院,3,12,计算机科学与技术,"(双语班)(入学后专业教学外语语种为日语；中日学分互认,该专业属于国际教育学院)","物理,化学",3,4,45000.0
海南,2025,本科批,综合,749,上海建桥学院,3,11,机械设计制造及其自动化,,"物理,化学",2,4,42000.0
海南,2025,本科批,综合,749,上海建桥学院,3,14,计算机科学与技术,,"物理,化学",2,4,42000.0
海南,2025,本科批,综合,711,上海健康医学院,1,1,健康服务与管理,,不限,5,4,6500.0
海南,2025,本科批,综合,711,上海健康医学院,2,3,助产学,(用人单位一般只招女生),化学,5,4,7400.0
海南,2025,本科批,综合,711,上海健康医学院,80,2,护理学,(国家级一流本科专业建设点、上海市应用型本科试点专业),化学,10,4,7400.0
海南,2025,本科批,综合,704,上海交通大学,2,3,人工智能,(拔尖英才试点班),"物理,化学",1,4,7000.0
海南,2025,本科批,综合,704,上海交通大学,2,5,工科试验班类,"(信息类)(包含专业:计算机科学与技术(计算机学院)、信息安全(计算机学院)、软件工程(计算机学院)、微电子科学与工程(集成电路学院)、信息工程(集成电路学院)、电子科学与技术(集成电路学院)、自动化(自动化与感知学院)、智能感知工程(自动化与感知学院)等,具体专业详见学校招生章程；8月可自愿申请参加浦江国际学院(原密西根学院)、巴黎卓越工程师学院、健康科学与技术等专业提前分流选拔)","物理,化学",1,4,7000.0
海南,2025,本科批,综合,704,上海交通大学,2,2,电子信息类,(计算机永强试验班)(包含专业:计算机科学与技术、软件工程、信息安全),"物理,化学",1,4,7000.0
海南,2025,本科批,综合,704,上海交通大学,2,4,电子信息类,"(IEEE试点班,含双学士学位项目)(包含专业:计算机科学与技术、信息工程、信息安全、自动化；含电子信息类(IEEE试点班)-数学与应用数学双学士学位项目)","物理,化学",1,4,7000.0
海南,2025,国家专项,综合,704,上海交通大学,1,1,工科试验班类,(海洋学院)(包含专业:海洋科学(物理海洋与观测技术)),"物理,化学",1,4,7000.0
海南,2025,本科批,综合,773,上海交通大学医学院,1,1,护理学,"(四年制,含双学士学位项目)(国家级一流本科专业建设点,含行政管理双学士学位项目；优秀学生可优先推免,含新加坡国立大学等交流项目)",化学,2,4,7400.0
海南,2025,本科批,综合,773,上海交通大学医学院,2,2,临床医学,(八年制本博连读)(国家一流本科、卓越医学创新人才计划；含美国等国家临床实践交流项目),"物理,化学",1,8,7400.0
海南,2025,本科批,综合,773,上海交通大学医学院,2,3,临床医学,"(八年制本博连读,法语班)(国家一流本科、卓越医学创新人才计划；第一年全体赴法语言培训2个月；第七年选拔优秀学生赴法进行为期一年的法国外籍住院医师培训或科研培训)","物理,化学",1,8,10000.0
海南,2025,本科批,综合,706,上海理工大学,1,1,经济管理试验班,(包含专业:税收学、金融学、国际经济与贸易、工商管理、会计学、公共事业管理),不限,5,4,6500.0
海南,2025,本科批,综合,706,上海理工大学,2,4,工科试验班,(智能化制造类)(包含专业:机械设计制造及其自动化、材料成型及控制工程、工业设计、过程装备与控制工程、车辆工程、材料科学与工程、能源与动力工程、新能源科学与工程、储能科学与工程、机器人工程、土木工程、建筑环境与能源应用工程、交通工程、环境工程、生物医学工程、康复工程、食品科学与工程、食品质量与安全、应用化学、生物技术),"物理,化学",26,4,7000.0
海南,2025,本科批,综合,706,上海理工大学,1,2,新闻传播学类,(包含专业:广告学、传播学、编辑出版学),不限,2,4,6500.0
海南,2025,本科批,综合,706,上海理工大学,2,5,理科试验班,(包含专业:数学与应用数学、应用物理学、系统科学与工程),"物理,化学",2,4,7000.0
海南,2025,本科批,综合,706,上海理工大学,2,3,工科试验班,(电子与信息类)(包含专业:测控技术与仪器、电气工程及其自动化、电子信息工程、电子科学与技术、通信工程、光电信息科学与工程、医学信息工程、人工智能、自动化、计算机科学与技术、智能科学与技术、数据科学与大数据技术、新媒体技术、医学影像技术、智能医学工程),"物理,化学",13,4,7000.0
海南,2025,本科批,综合,746,上海立达学院,2,4,汉语言文学,,不限,4,4,59800.0
海南,2025,本科批,综合,746,上海立达学院,2,2,会计学,(注册会计师CPA及美国注册管理会计师CMA方向),不限,2,4,59800.0
海南,2025,本科批,综合,746,上海立达学院,2,3,财务管理,(注册会计师CPA及英国特许公认会计师ACCA方向),不限,2,4,59800.0
海南,2025,本科批,综合,730,上海立信会计金融学院,3,15,金融科技,,物理,3,4,6500.0
海南,2025,本科批,综合,730,上海立信会计金融学院,2,7,会计学,,不限,2,4,6500.0
海南,2025,本科批,综合,730,上海立信会计金融学院,2,8,审计学,,不限,2,4,6500.0
海南,2025,本科批,综合,730,上海立信会计金融学院,4,17,应用统计学,,"物理,化学",2,4,7000.0
海南,2025,本科批,综合,730,上海立信会计金融学院,4,19,数据科学与大数据技术,,"物理,化学",2,4,7000.0
海南,2025,本科批,综合,730,上海立信会计金融学院,4,20,智能科学与技术,,"物理,化学",2,4,7000.0
海南,2025,本科批,综合,730,上海立信会计金融学院,2,11,税收学,,不限,2,4,6500.0
海南,2025,本科批,综合,730,上海立信会计金融学院,2,3,金融学,,不限,2,4,6500.0
海南,2025,本科批,综合,730,上海立信会计金融学院,3,14,金融工程,,物理,2,4,6500.0
海南,2025,本科批,综合,730,上海立信会计金融学院,2,5,国际经济与贸易,,不限,1,4,6500.0
海南,2025,本科批,综合,730,上海立信会计金融学院,2,6,工商管理,,不限,1,4,6500.0
海南,2025,本科批,综合,730,上海立信会计金融学院,2,12,市场营销,,不限,1,4,6500.0
海南,2025,本科批,综合,730,上海立信会计金融学院,3,13,投资学,,物理,1,4,6500.0
海南,2025,本科批,综合,730,上海立信会计金融学院,3,16,精算学,,物理,1,4,6500.0
海南,2025,本科批,综合,730,上海立信会计金融学院,2,4,经济学,,不限,1,4,6500.0
海南,2025,本科批,综合,730,上海立信会计金融学院,4,18,计算机科学与技术,,"物理,化学",1,4,7000.0
海南,2025,本科批,综合,730,上海立信会计金融学院,2,10,财政学,,不限,1,4,6500.0
海南,2025,本科批,综合,730,上海立信会计金融学院,2,9,资产评估,,不限,1,4,6500.0
海南,2025,国家专项,综合,730,上海立信会计金融学院,1,1,国际经济与贸易,,不限,1,4,6500.0
海南,2025,国家专项,综合,730,上海立信会计金融学院,1,2,税收学,,不限,1,4,6500.0
海南,2025,专科批,综合,720,上海旅游高等专科学校,1,4,休闲服务与管理,,不限,4,3,6500.0
海南,2025,专科批,综合,720,上海旅游高等专科学校,1,1,大数据与会计,,不限,4,3,6500.0
海南,2025,专科批,综合,720,上海旅游高等专科学校,1,2,大数据与财务管理,,不限,3,3,7500.0
海南,2025,专科批,综合,720,上海旅游高等专科学校,1,3,旅游管理,,不限,3,3,6500.0
海南,2025,专科批,综合,720,上海旅游高等专科学校,1,5,酒店管理与数字化运营,,不限,2,3,6500.0
海南,2025,专科批,综合,764,上海民航职业技术学院,1,3,机场运行服务与管理,(航空港管理)(色盲、色弱考生谨慎报考),不限,6,3,7500.0
海南,2025,专科批,综合,764,上海民航职业技术学院,1,2,民航运输服务,(航空旅游服务)(色盲、色弱考生谨慎报考),不限,6,3,7500.0
海南,2025,专科批,综合,764,上海民航职业技术学院,1,6,航空发动机维修技术,(色盲、色弱考生谨慎报考),不限,5,3,7500.0
海南,2025,专科批,综合,764,上海民航职业技术学院,1,4,飞机结构修理,(色盲、色弱考生谨慎报考),不限,5,3,7500.0
海南,2025,专科批,综合,764,上海民航职业技术学院,1,5,飞行器数字化制造技术,(色盲、色弱考生谨慎报考),不限,5,3,7500.0
海南,2025,专科批,综合,764,上海民航职业技术学院,1,7,航空物流管理,(色盲、色弱考生谨慎报考),不限,4,3,7500.0
海南,2025,专科批,综合,764,上海民航职业技术学院,1,1,民航运输服务,(色盲、色弱考生谨慎报考),不限,15,3,7500.0
海南,2025,专科批,综合,752,上海农林职业技术学院,1,2,宠物医疗技术,(不招色盲、色弱),不限,5,3,2500.0
海南,2025,专科批,综合,752,上海农林职业技术学院,1,3,生物制药技术,(不招色盲、色弱),不限,5,3,7500.0
海南,2025,专科批,综合,752,上海农林职业技术学院,1,1,花卉生产与花艺,(不招色盲、色弱),不限,5,3,2500.0
海南,2025,专科批,综合,752,上海农林职业技术学院,1,4,设施农业与装备,,不限,5,3,2500.0
海南,2025,本科批,综合,733,上海杉达学院,1,2,会计学,(双语教学)(就读校区详见学校招生章程),不限,1,4,60000.0
海南,2025,本科批,综合,733,上海杉达学院,1,3,劳动与社会保障,(就读校区详见学校招生章程),不限,1,4,35000.0
海南,2025,本科批,综合,733,上海杉达学院,2,6,康复治疗学,(就读校区详见学校招生章程),"物理,化学",1,4,35000.0
海南,2025,本科批,综合,733,上海杉达学院,2,5,数据科学与大数据技术,(就读校区详见学校招生章程),"物理,化学",1,4,35000.0
海南,2025,本科批,综合,733,上海杉达学院,1,4,旅游管理,(双语教学)(就读校区详见学校招生章程),不限,1,4,60000.0
海南,2025,本科批,综合,733,上海杉达学院,1,1,金融学,(就读校区详见学校招生章程),不限,1,4,35000.0
海南,2025,本科批,综合,736,上海商学院,1,1,工商管理,,不限,5,4,6500.0
海南,2025,本科批,综合,736,上海商学院,1,2,市场营销,,不限,4,4,6500.0
海南,2025,本科批,综合,736,上海商学院,1,3,旅游管理,,不限,4,4,6500.0
海南,2025,本科批,综合,736,上海商学院,2,4,食品质量与安全,,"物理,化学",4,4,7000.0
海南,2025,本科批,综合,715,上海师范大学,4,7,地理科学类,(包含专业:地理信息科学、人文地理与城乡规划；建议无色盲),地理,5,4,7000.0
海南,2025,本科批,综合,715,上海师范大学,3,4,数学与应用数学,(数学金融AI实验班),"物理,化学",5,4,7000.0
海南,2025,本科批,综合,715,上海师范大学,2,2,旅游管理类,(包含旅游管理、酒店管理、会展经济与管理专业),不限,5,4,6500.0
海南,2025,本科批,综合,715,上海师范大学,3,6,计算机科学与技术,(师范)(师范；建议无色盲),"物理,化学",5,4,7000.0
海南,2025,本科批,综合,715,上海师范大学,2,3,法学,,不限,4,4,6500.0
海南,2025,本科批,综合,715,上海师范大学,3,5,资源环境科学,(建议无色弱),"物理,化学",4,4,7000.0
海南,2025,本科批,综合,760,上海师范大学天华学院,1,1,国际商务,(双语教学)(国际课程合作),不限,5,4,48000.0
海南,2025,本科批,综合,760,上海师范大学天华学院,1,2,财务管理,"(双语教学,国际注册会计师培养)(ACCA(国际注册会计师)方向)",不限,5,4,48000.0
海南,2025,本科批,综合,760,上海师范大学天华学院,1,4,财务管理,"(双语教学,特许金融分析师培养)(国际课程合作；CFA(特许金融分析师)方向)",不限,3,4,48000.0
海南,2025,本科批,综合,760,上海师范大学天华学院,80,3,学前教育,"(中外合作办学)(师范类专业,可申请认定教师资格,教育部批准中外合作办学机构招生专业；与美国北亚利桑那大学展开“4+0”模式联合培养)",不限,2,4,68000.0
海南,2025,本科批,综合,722,上海体育大学,80,10,医学技术类,(包含专业:运动人体科学、运动康复、运动与公共健康、康复治疗学),"物理,化学",2,4,7400.0
海南,2025,本科批,综合,722,上海体育大学,6,9,数据科学与大数据技术,,"物理,化学",2,4,7000.0
海南,2025,本科批,综合,722,上海体育大学,5,8,新闻学,,不限,2,4,6500.0
海南,2025,本科批,综合,716,上海外国语大学,1,3,新闻传播学类,(卓越国际新闻传播人才计划)(包含专业:新闻学(国际新闻)、广播电视学、广告学、网络与新媒体、国际新闻与传播),不限,3,4,6500.0
海南,2025,本科批,综合,716,上海外国语大学,1,4,德语,(多元方向)(含德语、德语(中外合作办学)(经济学)、德语(工商管理双学位)),不限,2,4,7150.0
海南,2025,本科批,综合,716,上海外国语大学,1,1,英语,(教育),不限,2,4,7150.0
海南,2025,本科批,综合,716,上海外国语大学,1,2,西班牙语,,不限,2,4,7150.0
海南,2025,本科批,综合,758,上海外国语大学贤达经济人文学院,1,9,会计学,(双语班),不限,5,4,56000.0
海南,2025,本科批,综合,758,上海外国语大学贤达经济人文学院,2,13,大数据管理与应用,,物理,5,4,56000.0
海南,2025,本科批,综合,758,上海外国语大学贤达经济人文学院,1,2,英语,,不限,4,4,38000.0
海南,2025,本科批,综合,758,上海外国语大学贤达经济人文学院,1,11,国际经济与贸易,,不限,3,4,38000.0
海南,2025,本科批,综合,758,上海外国语大学贤达经济人文学院,1,7,工商管理,,不限,3,4,38000.0
海南,2025,本科批,综合,758,上海外国语大学贤达经济人文学院,1,6,广告学,,不限,3,4,38000.0
海南,2025,本科批,综合,758,上海外国语大学贤达经济人文学院,1,5,新闻学,(新媒体方向),不限,3,4,38000.0
海南,2025,本科批,综合,758,上海外国语大学贤达经济人文学院,1,1,日语,,不限,3,4,38000.0
海南,2025,本科批,综合,758,上海外国语大学贤达经济人文学院,1,8,法学,(双语班),不限,3,4,56000.0
海南,2025,本科批,综合,758,上海外国语大学贤达经济人文学院,1,10,金融学,,不限,3,4,38000.0
海南,2025,本科批,综合,758,上海外国语大学贤达经济人文学院,1,3,德语,(双语班),不限,2,4,56000.0
海南,2025,本科批,综合,758,上海外国语大学贤达经济人文学院,2,14,金融科技,,物理,2,4,56000.0
海南,2025,本科批,综合,758,上海外国语大学贤达经济人文学院,1,12,学前教育,(双语班),不限,1,4,45000.0
海南,2025,本科批,综合,758,上海外国语大学贤达经济人文学院,3,15,数据科学,,"物理,化学",1,4,56000.0
海南,2025,本科批,综合,758,上海外国语大学贤达经济人文学院,1,4,翻译,,不限,1,4,56000.0
海南,2025,本科批,综合,734,上海政法学院,1,1,法学,(国际经济法方向),不限,3,4,6500.0
海南,2025,本科批,综合,734,上海政法学院,1,5,行政管理,,不限,2,4,6500.0
海南,2025,本科批,综合,734,上海政法学院,1,3,审计学,,不限,1,4,6500.0
海南,2025,本科批,综合,734,上海政法学院,1,4,应用心理学,,不限,1,4,6500.0
海南,2025,本科批,综合,734,上海政法学院,1,2,法学,(涉外卓越法律人才培养创新班)(英语单科成绩不低于105分(150分制)),不限,1,4,6500.0
海南,2025,本科批,综合,755,上海中侨职业技术大学,1,2,大数据与会计,,不限,3,4,39800.0
海南,2025,本科批,综合,755,上海中侨职业技术大学,1,5,护理,,不限,3,4,39800.0
海南,2025,本科批,综合,755,上海中侨职业技术大学,2,7,人工智能工程技术,,物理,2,4,35000.0
海南,2025,本科批,综合,755,上海中侨职业技术大学,1,6,企业数字化管理,,不限,2,4,39800.0
海南,2025,本科批,综合,755,上海中侨职业技术大学,1,1,全媒体电商运营,,不限,2,4,39800.0
海南,2025,本科批,综合,755,上海中侨职业技术大学,2,8,大数据工程技术,,物理,2,4,35000.0
海南,2025,本科批,综合,755,上海中侨职业技术大学,2,10,工程造价,,物理,2,4,35000.0
海南,2025,本科批,综合,755,上海中侨职业技术大学,2,11,建筑工程,,物理,2,4,35000.0
海南,2025,本科批,综合,755,上海中侨职业技术大学,2,9,数字媒体技术,,物理,2,4,35000.0
海南,2025,本科批,综合,755,上海中侨职业技术大学,2,12,机器人技术,,物理,2,4,35000.0
海南,2025,本科批,综合,755,上海中侨职业技术大学,1,4,现代物流管理,,不限,2,4,39800.0
海南,2025,本科批,综合,755,上海中侨职业技术大学,1,3,金融科技应用,,不限,2,4,39800.0
海南,2025,本科批,综合,755,上海中侨职业技术大学,2,13,食品营养与健康,,物理,2,4,35000.0
海南,2025,本科批,综合,755,上海中侨职业技术大学,2,14,食品质量与安全,,物理,2,4,35000.0
海南,2025,专科批,综合,755,上海中侨职业技术大学,3,19,医用电子仪器技术,,不限,1,3,25800.0
海南,2025,专科批,综合,755,上海中侨职业技术大学,3,16,商务日语,(进出口贸易实务),不限,1,3,25800.0
海南,2025,专科批,综合,755,上海中侨职业技术大学,3,17,无人机应用技术,,不限,1,3,25800.0
海南,2025,专科批,综合,755,上海中侨职业技术大学,3,18,生物制药技术,,不限,1,3,25800.0
海南,2025,专科批,综合,755,上海中侨职业技术大学,3,15,计算机应用技术,,不限,1,3,25800.0
海南,2025,本科民族班、预科班,综合,713,上海中医药大学,1,5,康复治疗学,"(不招色盲、色弱；少数民族预科班,预科培养地点:上海中医药大学校本部；预科阶段学费6500元/年,预科转正后按学校招生章程执行)","物理,化学",3,1,6500.0
海南,2025,本科民族班、预科班,综合,713,上海中医药大学,1,1,中医学,"(五年制)(不招色盲、色弱；少数民族预科班,预科培养地点:上海中医药大学校本部；预科阶段学费6500元/年,预科转正后按学校招生章程执行)","物理,化学",2,1,6500.0
海南,2025,本科民族班、预科班,综合,713,上海中医药大学,1,4,中药学,"(不招色盲、色弱；少数民族预科班,预科培养地点:上海中医药大学校本部；预科阶段学费6500元/年,预科转正后按学校招生章程执行)","物理,化学",2,1,6500.0
海南,2025,本科民族班、预科班,综合,713,上海中医药大学,1,3,中西医临床医学,"(不招色盲、色弱；少数民族预科班,预科培养地点:上海中医药大学校本部；预科阶段学费6500元/年,预科转正后按学校招生章程执行)","物理,化学",2,1,6500.0
海南,2025,本科民族班、预科班,综合,713,上海中医药大学,1,2,针灸推拿学,"(不招色盲、色弱；少数民族预科班,预科培养地点:上海中医药大学校本部；预科阶段学费6500元/年,预科转正后按学校招生章程执行)","物理,化学",1,1,6500.0
海南,2025,本科批,综合,1289,上饶师范学院,6,11,电子信息科学与技术,,"物理,化学",4,4,4790.0
海南,2025,本科批,综合,1289,上饶师范学院,4,6,会计学,,不限,3,4,4270.0
海南,2025,本科批,综合,1289,上饶师范学院,6,8,数学与应用数学,(师范类),"物理,化学",3,4,4530.0
海南,2025,本科批,综合,1289,上饶师范学院,6,9,数据计算及应用,,"物理,化学",3,4,4530.0
海南,2025,本科批,综合,1289,上饶师范学院,6,10,化学,(师范类；不招色盲、色弱),"物理,化学",2,4,4530.0
海南,2025,本科批,综合,1289,上饶师范学院,5,7,教育技术学,(师范类),物理,2,4,4270.0
海南,2025,本科批,综合,1289,上饶师范学院,4,5,法学,,不限,2,4,4270.0
海南,2025,本科批,综合,2037,韶关学院,3,5,人文地理与城乡规划,(不招色盲、色弱),地理,5,4,5710.0
海南,2025,本科批,综合,2037,韶关学院,2,4,车辆工程,,"物理,化学",5,4,5710.0
海南,2025,本科批,综合,2037,韶关学院,2,3,动物科学,(不招色盲、色弱),"物理,化学",10,4,4568.0
海南,2025,本科批,综合,2037,韶关学院,2,2,药学,(不招色盲、色弱),"物理,化学",10,4,6380.0
海南,2025,本科批,综合,2037,韶关学院,1,1,行政管理,,不限,10,4,5050.0
海南,2025,本科批,综合,1888,邵阳学院,2,5,法学,"(学费如有变动,以正式批复为准)",不限,9,4,5000.0
海南,2025,本科批,综合,1888,邵阳学院,7,14,思想政治教育,"(学费如有变动,以正式批复为准)",政治,8,4,4000.0
海南,2025,本科批,综合,1888,邵阳学院,2,4,会计学,"(学费如有变动,以正式批复为准)",不限,6,4,5000.0
海南,2025,本科批,综合,1888,邵阳学院,6,13,园林,"(学费如有变动,以正式批复为准)",生物,6,4,3600.0
海南,2025,本科批,综合,1888,邵阳学院,3,6,大数据管理与应用,"(学费如有变动,以正式批复为准)",物理,5,4,5000.0
海南,2025,本科批,综合,1888,邵阳学院,5,10,人工智能,"(学费如有变动,以正式批复为准)","物理,化学",3,4,5900.0
海南,2025,本科批,综合,1888,邵阳学院,8,15,地理科学,"(学费如有变动,以正式批复为准)",地理,3,4,4000.0
海南,2025,本科批,综合,1888,邵阳学院,2,3,汉语言文学,"(学费如有变动,以正式批复为准)",不限,3,4,4000.0
海南,2025,本科批,综合,1888,邵阳学院,5,8,自动化,"(学费如有变动,以正式批复为准)","物理,化学",3,4,5900.0
海南,2025,本科批,综合,1888,邵阳学院,5,11,临床医学,"(学费如有变动,以正式批复为准)","物理,化学",2,5,7500.0
海南,2025,本科批,综合,1888,邵阳学院,4,7,护理学,"(学费如有变动,以正式批复为准)",化学,2,4,7500.0
海南,2025,本科批,综合,1888,邵阳学院,5,12,能源与动力工程,"(学费如有变动,以正式批复为准)","物理,化学",2,4,5900.0
海南,2025,本科批,综合,1888,邵阳学院,5,9,计算机科学与技术,"(学费如有变动,以正式批复为准)","物理,化学",2,4,5900.0
海南,2025,本科批,综合,2047,深圳大学,4,24,临床医学,(不招色盲、色弱),"物理,化学",3,5,6960.0
海南,2025,本科批,综合,2047,深圳大学,4,17,光电信息科学与工程,,"物理,化学",3,4,6853.0
海南,2025,本科批,综合,2047,深圳大学,4,14,电子信息工程,,"物理,化学",3,4,6853.0
海南,2025,本科批,综合,2047,深圳大学,4,16,自动化,,"物理,化学",3,4,6230.0
海南,2025,本科批,综合,2047,深圳大学,4,18,人工智能,(IEEE荣誉班),"物理,化学",2,4,6853.0
海南,2025,本科批,综合,2047,深圳大学,4,23,口腔医学,(不招色盲、色弱；左手惯用者请慎重报考),"物理,化学",2,5,6960.0
海南,2025,本科批,综合,2047,深圳大学,2,10,国际经济与贸易,,不限,2,4,5510.0
海南,2025,本科批,综合,2047,深圳大学,2,7,工商管理,,不限,2,4,5510.0
海南,2025,本科批,综合,2047,深圳大学,2,5,广告学,,不限,2,4,5510.0
海南,2025,本科批,综合,2047,深圳大学,2,6,法学,,不限,2,4,5510.0
海南,2025,本科批,综合,2047,深圳大学,4,15,电子科学与技术,,"物理,化学",2,4,6853.0
海南,2025,本科批,综合,2047,深圳大学,4,20,计算机科学与技术,,"物理,化学",2,4,6853.0
海南,2025,本科批,综合,2047,深圳大学,4,21,计算机科学与技术,(卓越班),"物理,化学",2,4,6853.0
海南,2025,本科批,综合,2047,深圳大学,2,3,金融学,,不限,2,4,5510.0
海南,2025,本科批,综合,2047,深圳大学,4,19,地理空间信息工程,(智慧城市),"物理,化学",1,4,6230.0
海南,2025,本科批,综合,2047,深圳大学,2,4,建筑学,(卓越班)(不招色盲),不限,1,5,6230.0
海南,2025,本科批,综合,2047,深圳大学,2,8,德语,(德英国别与区域),不限,1,4,6230.0
海南,2025,本科批,综合,2047,深圳大学,5,25,心理学,(脑与认知科学班)(不招色盲、色弱),生物,1,4,6853.0
海南,2025,本科批,综合,2047,深圳大学,4,13,材料科学与工程,(不招色盲),"物理,化学",1,4,6853.0
海南,2025,本科批,综合,2047,深圳大学,2,2,电子商务,,不限,1,4,5510.0
海南,2025,本科批,综合,2047,深圳大学,2,9,英语,,不限,1,4,6230.0
海南,2025,本科批,综合,2047,深圳大学,2,11,行政管理,,不限,1,4,5510.0
海南,2025,本科批,综合,2047,深圳大学,3,12,金融科技,,物理,1,4,5510.0
海南,2025,本科批,综合,2047,深圳大学,4,22,预防医学,(不招色盲、色弱),"物理,化学",1,5,6960.0
海南,2025,本科批,综合,474,沈阳大学,1,1,环境工程,,"物理,化学",3,4,5200.0
海南,2025,本科批,综合,474,沈阳大学,1,2,环境生态工程,,"物理,化学",2,4,5200.0
海南,2025,本科批,综合,483,沈阳工程学院,1,2,核工程与核技术,,"物理,化学",2,4,5200.0
海南,2025,本科批,综合,483,沈阳工程学院,1,1,电气工程及其自动化,,"物理,化学",2,4,5200.0
海南,2025,本科批,综合,483,沈阳工程学院,1,3,能源与动力工程,,"物理,化学",2,4,5200.0
海南,2025,本科批,综合,436,沈阳工业大学,2,7,工业智能,,"物理,化学",3,4,5200.0
海南,2025,本科批,综合,436,沈阳工业大学,2,13,智能建造,,"物理,化学",3,4,5200.0
海南,2025,本科批,综合,436,沈阳工业大学,2,4,电子科学与技术,,"物理,化学",3,4,5200.0
海南,2025,本科批,综合,436,沈阳工业大学,2,8,电气工程及其自动化,,"物理,化学",3,4,5700.0
海南,2025,本科批,综合,436,沈阳工业大学,2,10,自动化,,"物理,化学",3,4,5700.0
海南,2025,本科批,综合,436,沈阳工业大学,2,12,建筑环境与能源应用工程,,"物理,化学",2,4,5200.0
海南,2025,本科批,综合,436,沈阳工业大学,2,6,数学与应用数学,,"物理,化学",2,4,5200.0
海南,2025,本科批,综合,436,沈阳工业大学,2,2,智能科学与技术,,"物理,化学",2,4,5200.0
海南,2025,本科批,综合,436,沈阳工业大学,2,9,机械设计制造及其自动化,,"物理,化学",2,4,5700.0
海南,2025,本科批,综合,436,沈阳工业大学,2,11,测控技术与仪器,,"物理,化学",2,4,5700.0
海南,2025,本科批,综合,436,沈阳工业大学,2,3,计算机科学与技术,(不招单色识别不全者),"物理,化学",2,4,5700.0
海南,2025,本科批,综合,436,沈阳工业大学,2,5,通信工程,,"物理,化学",2,4,5200.0
海南,2025,国家专项,综合,436,沈阳工业大学,1,1,机械设计制造及其自动化,,"物理,化学",1,4,5700.0
海南,2025,本科批,综合,443,沈阳化工大学,1,7,人工智能,,"物理,化学",1,4,5200.0
海南,2025,本科批,综合,443,沈阳化工大学,1,1,化学,,"物理,化学",1,4,5200.0
海南,2025,本科批,综合,443,沈阳化工大学,1,2,应用化学,,"物理,化学",1,4,5200.0
海南,2025,本科批,综合,443,沈阳化工大学,1,8,数据科学与大数据技术,,"物理,化学",1,4,5200.0
海南,2025,本科批,综合,443,沈阳化工大学,1,10,油气储运工程,,"物理,化学",1,4,5200.0
海南,2025,本科批,综合,443,沈阳化工大学,1,5,电子信息工程,,"物理,化学",1,4,5200.0
海南,2025,本科批,综合,443,沈阳化工大学,1,6,电子科学与技术,,"物理,化学",1,4,5200.0
海南,2025,本科批,综合,443,沈阳化工大学,1,4,电气工程及其自动化,,"物理,化学",1,4,5200.0
海南,2025,本科批,综合,443,沈阳化工大学,1,9,能源化学工程,,"物理,化学",1,4,5200.0
海南,2025,本科批,综合,443,沈阳化工大学,1,3,过程装备与控制工程,,"物理,化学",1,4,5200.0
海南,2025,本科批,综合,447,沈阳建筑大学,3,11,土木工程,,"物理,化学",2,4,5200.0
海南,2025,本科批,综合,447,沈阳建筑大学,2,7,会计学,,物理,1,4,5200.0
海南,2025,本科批,综合,447,沈阳建筑大学,80,2,城乡规划,(须具备一定美术基础),物理,1,5,5200.0
海南,2025,本科批,综合,447,沈阳建筑大学,3,10,城市地下空间工程,,"物理,化学",1,4,5200.0
海南,2025,本科批,综合,447,沈阳建筑大学,2,4,城市管理,,物理,1,4,5200.0
海南,2025,本科批,综合,447,沈阳建筑大学,3,8,安全工程,,"物理,化学",1,4,5200.0
海南,2025,本科批,综合,447,沈阳建筑大学,3,22,工业设计,,"物理,化学",1,4,5200.0
海南,2025,本科批,综合,447,沈阳建筑大学,2,5,工程管理,,物理,1,4,5200.0
海南,2025,本科批,综合,447,沈阳建筑大学,2,6,工程造价,,物理,1,4,5200.0
海南,2025,本科批,综合,447,沈阳建筑大学,80,3,建筑学,(须具备一定美术基础),物理,1,5,5200.0
海南,2025,本科批,综合,447,沈阳建筑大学,3,13,建筑环境与能源应用工程,,"物理,化学",1,4,5200.0
海南,2025,本科批,综合,447,沈阳建筑大学,3,20,无机非金属材料工程,(不招色盲、单色识别不全者),"物理,化学",1,4,5200.0
海南,2025,本科批,综合,447,沈阳建筑大学,3,12,智能制造工程,,"物理,化学",1,4,5200.0
海南,2025,本科批,综合,447,沈阳建筑大学,3,16,机械工程,,"物理,化学",1,4,5200.0
海南,2025,本科批,综合,447,沈阳建筑大学,3,17,机械电子工程,,"物理,化学",1,4,5200.0
海南,2025,本科批,综合,447,沈阳建筑大学,3,19,测绘工程,,"物理,化学",1,4,5200.0
海南,2025,本科批,综合,447,沈阳建筑大学,3,14,给排水科学与工程,,"物理,化学",1,4,5200.0
海南,2025,本科批,综合,447,沈阳建筑大学,3,9,计算机科学与技术,(不招单色识别不全者),"物理,化学",1,4,5200.0
海南,2025,本科批,综合,447,沈阳建筑大学,3,15,通信工程,,"物理,化学",1,4,5200.0
海南,2025,本科批,综合,447,沈阳建筑大学,3,18,道路桥梁与渡河工程,,"物理,化学",1,4,5200.0
海南,2025,本科批,综合,447,沈阳建筑大学,3,21,高分子材料与工程,(不招色弱、色盲、单色识别不全者),"物理,化学",1,4,5200.0
海南,2025,国家专项,综合,447,沈阳建筑大学,1,1,电气工程及其自动化,,"物理,化学",1,4,5200.0
海南,2025,本科批,综合,438,沈阳理工大学,1,5,信息与计算科学,,"物理,化学",1,4,5200.0
海南,2025,本科批,综合,438,沈阳理工大学,1,2,应用化学,,"物理,化学",1,4,5200.0
海南,2025,本科批,综合,438,沈阳理工大学,1,10,无机非金属材料工程,,"物理,化学",1,4,5200.0
海南,2025,本科批,综合,438,沈阳理工大学,1,8,智能制造工程,,"物理,化学",1,4,5200.0
海南,2025,本科批,综合,438,沈阳理工大学,1,4,机械电子工程,,"物理,化学",1,4,5200.0
海南,2025,本科批,综合,438,沈阳理工大学,1,1,机械设计制造及其自动化,,"物理,化学",1,4,5200.0
海南,2025,本科批,综合,438,沈阳理工大学,1,3,材料成型及控制工程,,"物理,化学",1,4,5200.0
海南,2025,本科批,综合,438,沈阳理工大学,1,9,测控技术与仪器,,"物理,化学",1,4,5200.0
海南,2025,本科批,综合,438,沈阳理工大学,1,14,电子信息工程,,"物理,化学",1,4,5200.0
海南,2025,本科批,综合,438,沈阳理工大学,1,15,电子科学与技术,,"物理,化学",1,4,5200.0
海南,2025,本科批,综合,438,沈阳理工大学,1,13,自动化,,"物理,化学",1,4,5200.0
海南,2025,本科批,综合,438,沈阳理工大学,1,11,计算机科学与技术,,"物理,化学",1,4,5200.0
海南,2025,本科批,综合,438,沈阳理工大学,1,7,车辆工程,,"物理,化学",1,4,5200.0
海南,2025,本科批,综合,438,沈阳理工大学,1,12,通信工程,,"物理,化学",1,4,5200.0
海南,2025,本科批,综合,438,沈阳理工大学,1,6,金属材料工程,,"物理,化学",1,4,5200.0
海南,2025,本科批,综合,449,沈阳农业大学,1,1,农学,,"物理,化学",2,4,5200.0
海南,2025,本科批,综合,449,沈阳农业大学,1,3,水产养殖学,,"物理,化学",2,4,5200.0
海南,2025,本科批,综合,449,沈阳农业大学,1,4,种子科学与工程,,"物理,化学",2,4,5200.0
海南,2025,本科批,综合,449,沈阳农业大学,1,2,食品科学与工程,,"物理,化学",2,4,5200.0
海南,2025,本科批,综合,449,沈阳农业大学,1,5,食品质量与安全,,"物理,化学",2,4,5200.0
海南,2025,本科批,综合,458,沈阳师范大学,1,1,计算机科学与技术,"(前两年学费4800元/年,后两年学费13500元/年；外语课程用英语教学)","物理,化学",2,4,4800.0
海南,2025,本科批,综合,458,沈阳师范大学,1,2,软件工程,"(前两年学费4800元/年,后两年学费13500元/年；外语课程用英语教学)","物理,化学",2,4,4800.0
海南,2025,本科批,综合,455,沈阳药科大学,1,4,生物工程,(不招色盲、色弱；办学地点为本溪市南校区),"物理,化学",5,4,5200.0
海南,2025,本科批,综合,455,沈阳药科大学,1,3,中药制药,(不招色盲、色弱；办学地点为本溪市南校区),"物理,化学",4,4,5500.0
海南,2025,本科批,综合,455,沈阳药科大学,1,6,食品科学与工程类,(包含专业:食品科学与工程、食品质量与安全、葡萄与葡萄酒工程；不招色盲、色弱；办学地点为本溪市南校区),"物理,化学",4,4,5200.0
海南,2025,本科批,综合,455,沈阳药科大学,1,5,生物医学工程,(不招色盲、色弱；办学地点为本溪市南校区),"物理,化学",3,4,5200.0
海南,2025,本科批,综合,455,沈阳药科大学,1,1,药物分析,(不招色盲、色弱；办学地点为本溪市南校区),"物理,化学",3,4,6050.0
海南,2025,本科批,综合,455,沈阳药科大学,1,2,制药工程,(不招色盲、色弱；办学地点为本溪市南校区),"物理,化学",2,4,5720.0
海南,2025,本科批,综合,455,沈阳药科大学,1,7,药学,(理科基地班)(不招色盲、色弱；办学地点为沈阳市校本部),"物理,化学",1,4,6050.0
海南,2025,本科批,综合,2877,石河子大学,1,2,工商管理类,(包含专业:财务管理、工商管理、人力资源管理、市场营销),不限,8,4,
海南,2025,本科批,综合,2877,石河子大学,3,18,植物生产类,(包含专业:农学、园艺、植物保护、种子科学与工程、设施农业科学与工程),"物理,化学",8,4,
海南,2025,本科批,综合,2877,石河子大学,2,9,经济学类,(包含专业:金融学、经济学、国际经济与贸易),物理,8,4,
海南,2025,本科批,综合,2877,石河子大学,3,12,计算机类,(包含专业:计算机科学与技术、网络空间安全、数据科学与大数据技术),"物理,化学",6,4,
海南,2025,本科批,综合,2877,石河子大学,1,1,农林经济管理,,不限,4,4,
海南,2025,本科批,综合,2877,石河子大学,1,6,学前教育,,不限,4,4,
海南,2025,本科批,综合,2877,石河子大学,1,5,小学教育,,不限,4,4,
海南,2025,本科批,综合,2877,石河子大学,2,8,工业工程,,物理,4,4,
海南,2025,本科批,综合,2877,石河子大学,3,17,软件工程,"(NIIT班)(只招收有专业志愿考生,详见学校招生章程)","物理,化学",4,4,
海南,2025,本科批,综合,2877,石河子大学,3,15,食品科学与工程类,(包含专业:食品科学与工程、食品质量与安全),"物理,化学",4,4,
海南,2025,本科批,综合,2877,石河子大学,3,20,临床医学,,"物理,化学",2,5,
海南,2025,本科批,综合,2877,石河子大学,1,3,会计学,,不限,2,4,
海南,2025,本科批,综合,2877,石河子大学,3,19,农业资源与环境,,"物理,化学",2,4,
海南,2025,本科批,综合,2877,石河子大学,1,4,审计学,,不限,2,4,
海南,2025,本科批,综合,2877,石河子大学,2,11,应用心理学,,物理,2,4,
海南,2025,本科批,综合,2877,石河子大学,2,10,数字经济,,物理,2,4,
海南,2025,本科批,综合,2877,石河子大学,3,14,无人驾驶航空器系统工程,,"物理,化学",2,4,
海南,2025,本科批,综合,2877,石河子大学,1,7,汉语言文学,,不限,2,4,
海南,2025,本科批,综合,2877,石河子大学,3,13,电子信息工程,,"物理,化学",2,4,
海南,2025,本科批,综合,2877,石河子大学,3,21,电气工程及其自动化,,"物理,化学",2,4,
海南,2025,本科批,综合,2877,石河子大学,3,16,葡萄与葡萄酒工程,(不招色盲、色弱),"物理,化学",2,4,
海南,2025,专科批,综合,204,石家庄工程职业学院,1,2,机电一体化技术,,不限,4,3,14800.0
海南,2025,专科批,综合,204,石家庄工程职业学院,1,1,大数据与会计,,不限,2,3,14000.0
海南,2025,专科批,综合,204,石家庄工程职业学院,1,3,建筑室内设计,,不限,2,3,15800.0
海南,2025,专科批,综合,204,石家庄工程职业学院,1,4,建筑工程技术,,不限,2,3,14800.0
海南,2025,专科批,综合,227,石家庄工商职业学院,1,2,大数据与会计,(在南山校区(鹿泉区)就读),不限,3,3,13800.0
海南,2025,专科批,综合,227,石家庄工商职业学院,1,3,护理,(在滨河校区(桥西区)就读),不限,3,3,13800.0
海南,2025,专科批,综合,227,石家庄工商职业学院,1,4,云计算技术应用,(在滨河校区(桥西区)就读),不限,2,3,13800.0
海南,2025,专科批,综合,227,石家庄工商职业学院,1,1,机电一体化技术,(在望山校区(鹿泉区)就读),不限,2,3,12800.0
海南,2025,专科批,综合,230,石家庄科技信息职业学院,1,5,人工智能技术应用,,不限,2,3,13000.0
海南,2025,专科批,综合,230,石家庄科技信息职业学院,1,2,医学检验技术,,不限,2,3,13000.0
海南,2025,专科批,综合,230,石家庄科技信息职业学院,1,6,影视多媒体技术,,不限,2,3,13000.0
海南,2025,专科批,综合,230,石家庄科技信息职业学院,1,1,护理,,不限,2,3,13000.0
海南,2025,专科批,综合,230,石家庄科技信息职业学院,1,3,计算机网络技术,,不限,1,3,13000.0
海南,2025,专科批,综合,230,石家庄科技信息职业学院,1,4,软件技术,,不限,1,3,13000.0
海南,2025,专科批,综合,228,石家庄理工职业学院,1,2,助产,,不限,3,3,11700.0
海南,2025,专科批,综合,228,石家庄理工职业学院,1,1,护理,,不限,3,3,11700.0
海南,2025,专科批,综合,250,石家庄人民医学高等专科学校,1,2,口腔医学,,不限,3,3,16900.0
海南,2025,专科批,综合,250,石家庄人民医学高等专科学校,1,1,临床医学,,不限,1,3,16900.0
海南,2025,专科批,综合,250,石家庄人民医学高等专科学校,1,3,护理,,不限,1,3,16900.0
海南,2025,本科批,综合,176,石家庄铁道大学,1,1,会计学,(不能准确识别红、黄、绿、兰、紫各种颜色中任何一种颜色的导线、按键、信号灯、几何图形者不予录取),不限,2,4,4600.0
海南,2025,本科批,综合,176,石家庄铁道大学,2,2,土木工程,,"物理,化学",2,4,5390.0
海南,2025,本科批,综合,176,石家庄铁道大学,2,4,机械设计制造及其自动化,,"物理,化学",2,4,5390.0
海南,2025,本科批,综合,176,石家庄铁道大学,2,3,电子信息工程,,"物理,化学",1,4,4900.0
海南,2025,本科批,综合,237,石家庄铁道大学四方学院,1,1,会计学,,不限,2,4,10000.0
海南,2025,本科批,综合,237,石家庄铁道大学四方学院,3,5,土木工程,,"物理,化学",2,4,10000.0
海南,2025,本科批,综合,237,石家庄铁道大学四方学院,2,2,工程管理,,物理,2,4,10000.0
海南,2025,本科批,综合,237,石家庄铁道大学四方学院,3,3,机械设计制造及其自动化,,"物理,化学",2,4,10000.0
海南,2025,本科批,综合,237,石家庄铁道大学四方学院,3,4,电气工程及其自动化,,"物理,化学",2,4,10000.0
海南,2025,专科批,综合,201,石家庄铁路职业技术学院,1,1,城市轨道交通工程技术,,不限,5,3,5000.0
海南,2025,专科批,综合,201,石家庄铁路职业技术学院,1,2,电气自动化技术,,不限,5,3,5000.0
海南,2025,专科批,综合,247,石家庄医学高等专科学校,1,3,护理,,不限,4,3,17500.0
海南,2025,专科批,综合,247,石家庄医学高等专科学校,1,7,针灸推拿,,不限,4,3,17500.0
海南,2025,专科批,综合,247,石家庄医学高等专科学校,1,9,医学影像技术,,不限,2,3,21900.0
海南,2025,专科批,综合,247,石家庄医学高等专科学校,1,8,医学检验技术,,不限,2,3,17500.0
海南,2025,专科批,综合,247,石家庄医学高等专科学校,1,2,口腔医学,,不限,2,3,21900.0
海南,2025,专科批,综合,247,石家庄医学高等专科学校,1,10,药学,,不限,2,3,17500.0
海南,2025,专科批,综合,247,石家庄医学高等专科学校,1,4,中医学,,不限,1,3,21900.0
海南,2025,专科批,综合,247,石家庄医学高等专科学校,1,1,临床医学,,不限,1,3,21900.0
海南,2025,专科批,综合,247,石家庄医学高等专科学校,1,6,临床医学,(中外合作办学),不限,1,3,32000.0
海南,2025,专科批,综合,247,石家庄医学高等专科学校,1,5,口腔医学,(中外合作办学),不限,1,3,36800.0
海南,2025,专科批,综合,225,石家庄邮电职业技术学院,1,1,电子商务类,"(包含专业:电子商务、网络营销与直播电商；为海南邮政订单培养；要求男生身高168cm及以上,女生身高158cm及以上；无残疾；面颈部及着夏装身体裸露部位无明显疤痕、胎记等；口齿清晰；其他详见招生章程；入学后须面试)",不限,8,3,5000.0
海南,2025,专科批,综合,225,石家庄邮电职业技术学院,1,3,邮政快递运营管理,"(为海南邮政订单培养；要求男生身高168cm及以上,女生身高158cm及以上；无残疾；面颈部及着夏装身体裸露部位无明显疤痕、胎记等；口齿清晰；其他详见招生章程；入学后须面试)",不限,6,3,5000.0
海南,2025,专科批,综合,225,石家庄邮电职业技术学院,1,2,金融类,"(包含专业:金融服务与管理(邮政金融方向)、财富管理、金融科技应用、保险实务；为海南邮政订单培养；要求男生身高168cm及以上,女生身高158cm及以上；无残疾；面颈部及着夏装身体裸露部位无明显疤痕、胎记等；口齿清晰；其他详见招生章程；入学后须面试)",不限,6,3,5000.0
海南,2025,本科批,综合,34,首都经济贸易大学,1,1,工商管理,,不限,3,4,5000.0
海南,2025,本科批,综合,34,首都经济贸易大学,1,3,法学,,不限,3,4,5000.0
海南,2025,本科批,综合,34,首都经济贸易大学,1,2,劳动经济学,,不限,2,4,5000.0
海南,2025,本科批,综合,34,首都经济贸易大学,1,4,金融学类,(包含专业:金融学、投资学),不限,2,4,5000.0
海南,2025,本科批,综合,73,首都师范大学科德学院,4,4,汉语言文学,"(学校开设雅思教学等相关课程,同百余所世界名校建立合作,具体培养模式、收费标准等请查看院校招生章程并咨询院校)",不限,2,4,79800.0
海南,2025,本科批,综合,73,首都师范大学科德学院,6,10,计算机科学与技术,"(学校开设雅思教学等相关课程,同百余所世界名校建立合作,具体培养模式、收费标准等请查看院校招生章程并咨询院校)","物理,化学",2,4,79800.0
海南,2025,本科批,综合,73,首都师范大学科德学院,6,11,人工智能,"(学校开设雅思教学等相关课程,同百余所世界名校建立合作,具体培养模式、收费标准等请查看院校招生章程并咨询院校)","物理,化学",1,4,79800.0
海南,2025,本科批,综合,73,首都师范大学科德学院,4,5,会计学,"(学校开设雅思教学等相关课程,同百余所世界名校建立合作,具体培养模式、收费标准等请查看院校招生章程并咨询院校)",不限,1,4,79800.0
海南,2025,本科批,综合,73,首都师范大学科德学院,4,6,审计学,"(学校开设雅思教学等相关课程,同百余所世界名校建立合作,具体培养模式、收费标准等请查看院校招生章程并咨询院校)",不限,1,4,79800.0
海南,2025,本科批,综合,73,首都师范大学科德学院,4,8,小学教育,"(学校开设雅思教学等相关课程,同百余所世界名校建立合作,具体培养模式、收费标准等请查看院校招生章程并咨询院校)",不限,1,4,79800.0
海南,2025,本科批,综合,73,首都师范大学科德学院,4,7,应用心理学,"(学校开设雅思教学等相关课程,同百余所世界名校建立合作,具体培养模式、收费标准等请查看院校招生章程并咨询院校)",不限,1,4,79800.0
海南,2025,本科批,综合,73,首都师范大学科德学院,5,9,金融科技,"(学校开设雅思教学等相关课程,同百余所世界名校建立合作,具体培养模式、收费标准等请查看院校招生章程并咨询院校)",物理,1,4,79800.0
海南,2025,专科批,综合,2060,私立华联学院,1,4,新能源汽车技术,,不限,4,3,19000.0
海南,2025,专科批,综合,2060,私立华联学院,1,5,工业机器人技术,,不限,3,3,19000.0
海南,2025,专科批,综合,2060,私立华联学院,1,1,工商企业管理,,不限,3,3,19000.0
海南,2025,专科批,综合,2060,私立华联学院,1,3,软件技术,,不限,3,3,19000.0
海南,2025,专科批,综合,2060,私立华联学院,1,2,电子商务,,不限,2,3,19000.0
海南,2025,本科批,综合,2424,四川传媒学院,8,8,广播电视编导,,不限,5,4,20000.0
海南,2025,本科批,综合,2359,四川大学,4,9,计算机类,(含双学士学位)(包含专业:计算机科学与技术、人工智能、计算机科学与技术(计算与金融双学士学位)、软件工程),"物理,化学",6,4,6500.0
海南,2025,本科批,综合,2359,四川大学,2,3,人文科学试验班,(中文与新闻传播)(包含专业:汉语言文学、汉语国际教育、新闻学、广告学、网络与新媒体),不限,5,4,6000.0
海南,2025,本科批,综合,2359,四川大学,4,16,公共卫生与预防医学类,(包含专业:预防医学、食品卫生与营养学、卫生检验与检疫),"物理,化学",5,4,7250.0
海南,2025,本科批,综合,2359,四川大学,2,2,外国语言文学类,(含双学士学位)(包含专业:日语、西班牙语、法语、俄语、英语、英语(英语与法学双学士学位)),不限,5,4,6000.0
海南,2025,本科批,综合,2359,四川大学,4,8,电气类,(包含专业:电气工程及其自动化、自动化),"物理,化学",5,4,6500.0
海南,2025,本科批,综合,2359,四川大学,4,15,药学类,(包含专业:药学、临床药学),"物理,化学",5,4,7250.0
海南,2025,本科批,综合,2359,四川大学,2,4,工商管理类,(包含专业:市场营销、人力资源管理、财务管理、会计学(ACCA)),不限,4,4,6000.0
海南,2025,本科批,综合,2359,四川大学,4,10,工科试验班,(先进低碳材料与食品健康)(包含专业:食品科学与工程、生物工程(轻工生物方向)、生物质技术与工程),"物理,化学",4,4,6500.0
海南,2025,本科批,综合,2359,四川大学,3,6,护理学,(含双学士学位)(入校后不能转专业),化学,4,4,7250.0
海南,2025,本科批,综合,2359,四川大学,4,7,电子信息类,(包含专业:电子信息工程、光电信息科学与工程、通信工程),"物理,化学",4,4,6500.0
海南,2025,本科批,综合,2359,四川大学,80,14,临床医学,(五年制),"物理,化学",2,8,7250.0
海南,2025,本科批,综合,2359,四川大学,81,13,临床医学,(八年制),"物理,化学",2,8,7250.0
海南,2025,本科批,综合,2359,四川大学,2,5,公共管理类,(包含专业:行政管理、劳动与社会保障、土地资源管理、信息资源管理、社会工作),不限,2,4,6000.0
海南,2025,本科批,综合,2359,四川大学,80,12,口腔医学,(五年制),"物理,化学",2,5,7250.0
海南,2025,本科批,综合,2359,四川大学,4,11,网络空间安全,(含双学士学位),"物理,化学",2,4,6500.0
海南,2025,国家专项,综合,2359,四川大学,1,1,旅游管理类,(包含专业:旅游管理、会展经济与管理；考生投档成绩须达到部分特殊类型招生投档最低控制分数线),不限,3,4,6000.0
海南,2025,本科批,综合,2442,四川大学锦江学院,3,11,汉语言文学,,不限,7,4,18000.0
海南,2025,本科批,综合,2442,四川大学锦江学院,3,13,会计学,,不限,6,4,18000.0
海南,2025,本科批,综合,2442,四川大学锦江学院,6,20,思想政治教育,,政治,3,4,18000.0
海南,2025,本科批,综合,2442,四川大学锦江学院,3,12,新闻学,,不限,3,4,18000.0
海南,2025,本科批,综合,2442,四川大学锦江学院,5,15,机械设计制造及其自动化,,"物理,化学",3,4,18000.0
海南,2025,本科批,综合,2442,四川大学锦江学院,5,17,电气工程及其自动化,,"物理,化学",3,4,18000.0
海南,2025,本科批,综合,2442,四川大学锦江学院,3,7,经济学,,不限,3,4,18000.0
海南,2025,本科批,综合,2442,四川大学锦江学院,3,6,人力资源管理,,不限,2,4,18000.0
海南,2025,本科批,综合,2442,四川大学锦江学院,3,8,国际经济与贸易,,不限,2,4,18000.0
海南,2025,本科批,综合,2442,四川大学锦江学院,5,19,土木工程,,"物理,化学",2,4,18000.0
海南,2025,本科批,综合,2442,四川大学锦江学院,3,5,审计学,,不限,2,4,18000.0
海南,2025,本科批,综合,2442,四川大学锦江学院,4,14,工程造价,,物理,2,4,18000.0
海南,2025,本科批,综合,2442,四川大学锦江学院,3,10,电子商务,,不限,2,4,18000.0
海南,2025,本科批,综合,2442,四川大学锦江学院,3,9,经济与金融,,不限,2,4,18000.0
海南,2025,本科批,综合,2442,四川大学锦江学院,3,4,财务管理,,不限,2,4,18000.0
海南,2025,本科批,综合,2442,四川大学锦江学院,5,18,智能科学与技术,,"物理,化学",1,4,18000.0
海南,2025,本科批,综合,2442,四川大学锦江学院,5,16,机器人工程,,"物理,化学",1,4,18000.0
海南,2025,专科批,综合,2408,四川工程职业技术大学,3,13,大数据技术,,物理,3,3,5720.0
海南,2025,专科批,综合,2408,四川工程职业技术大学,3,11,数字化设计与制造技术,,物理,3,3,5720.0
海南,2025,专科批,综合,2408,四川工程职业技术大学,3,14,工程造价,,物理,2,3,5720.0
海南,2025,专科批,综合,2408,四川工程职业技术大学,2,8,旅游管理,,不限,2,3,5280.0
海南,2025,专科批,综合,2408,四川工程职业技术大学,3,10,模具设计与制造,,物理,2,3,5720.0
海南,2025,专科批,综合,2408,四川工程职业技术大学,3,12,电子信息工程技术,,物理,2,3,5720.0
海南,2025,专科批,综合,2408,四川工程职业技术大学,2,7,酒店管理与数字化运营,,不限,2,3,5280.0
海南,2025,专科批,综合,2408,四川工程职业技术大学,2,6,园林工程技术,,不限,1,3,5720.0
海南,2025,专科批,综合,2408,四川工程职业技术大学,2,9,城市轨道交通机电技术,,不限,1,3,5720.0
海南,2025,专科批,综合,2408,四川工程职业技术大学,2,4,机械制造及自动化,,不限,1,3,5720.0
海南,2025,专科批,综合,2408,四川工程职业技术大学,2,5,机电一体化技术,,不限,1,3,5720.0
海南,2025,本科批,综合,2408,四川工程职业技术大学,1,3,人工智能工程技术,,物理,2,4,5720.0
海南,2025,本科批,综合,2408,四川工程职业技术大学,1,1,数控技术,,物理,2,4,5720.0
海南,2025,本科批,综合,2408,四川工程职业技术大学,1,2,材料成型及控制工程,,物理,2,4,5720.0
海南,2025,本科批,综合,2427,四川工商学院,3,6,会计学,,不限,2,4,16536.0
海南,2025,本科批,综合,2427,四川工商学院,3,5,物流管理,,不限,2,4,16536.0
海南,2025,本科批,综合,2427,四川工商学院,4,8,计算机科学与技术,,"物理,化学",2,4,17808.0
海南,2025,本科批,综合,2427,四川工商学院,4,7,通信工程,,"物理,化学",2,4,17808.0
海南,2025,专科批,综合,2407,四川工商职业技术学院,1,1,现代造纸技术,,化学,10,3,5720.0
海南,2025,专科批,综合,2413,四川国际标榜职业学院,3,3,商务数据分析与应用,,不限,8,3,15900.0
海南,2025,专科批,综合,2413,四川国际标榜职业学院,3,4,大数据与会计,,不限,10,3,12720.0
海南,2025,专科批,综合,2402,四川航天职业技术学院,1,2,新能源汽车技术,,不限,12,3,5720.0
海南,2025,专科批,综合,2402,四川航天职业技术学院,1,1,旅游管理,,不限,10,3,5280.0
海南,2025,专科批,综合,2409,四川建筑职业技术学院,2,3,工程造价,,历史,2,3,5720.0
海南,2025,专科批,综合,2409,四川建筑职业技术学院,1,1,建筑工程技术,,物理,2,3,5720.0
海南,2025,专科批,综合,2409,四川建筑职业技术学院,1,2,建筑工程技术,(工程质量与安全),物理,2,3,5720.0
海南,2025,专科批,综合,2406,四川交通职业技术学院,1,1,机械制造及自动化,(办学地点详见招生章程),物理,5,3,5720.0
海南,2025,专科批,综合,2445,四川科技职业学院,1,4,医学检验技术,,不限,4,3,16000.0
海南,2025,专科批,综合,2445,四川科技职业学院,1,5,学前教育,,不限,4,3,14840.0
海南,2025,专科批,综合,2445,四川科技职业学院,1,2,新能源材料应用技术,,不限,4,3,16430.0
海南,2025,专科批,综合,2445,四川科技职业学院,1,3,智能产品开发与应用,,不限,4,3,16960.0
海南,2025,专科批,综合,2445,四川科技职业学院,1,1,软件技术,,不限,4,3,15900.0
海南,2025,本科批,综合,2389,四川旅游学院,80,3,建筑电气与智能化,(中外合作办学),"物理,化学",4,4,38000.0
海南,2025,本科批,综合,2389,四川旅游学院,1,1,酒店管理,,不限,4,4,4800.0
海南,2025,本科批,综合,2389,四川旅游学院,2,2,烹饪与营养教育,,"物理,化学",12,4,5200.0
海南,2025,本科批,综合,2297,四川美术学院,1,1,艺术史论,(不招色盲),不限,2,4,8050.0
海南,2025,本科批,综合,2391,四川民族学院,1,4,汉语言文学,,不限,3,4,4800.0
海南,2025,本科批,综合,2391,四川民族学院,1,3,英语,,不限,3,4,4800.0
海南,2025,本科批,综合,2391,四川民族学院,1,2,旅游管理,,不限,2,4,4800.0
海南,2025,本科批,综合,2391,四川民族学院,1,1,经济学,,不限,2,4,4800.0
海南,2025,本科批,综合,2369,四川农业大学,1,9,会计学,,不限,4,4,5760.0
海南,2025,本科批,综合,2369,四川农业大学,4,22,信息与计算科学,,"物理,化学",4,4,6240.0
海南,2025,本科批,综合,2369,四川农业大学,5,39,园林,,生物,4,4,5760.0
海南,2025,本科批,综合,2369,四川农业大学,4,19,园艺,,"物理,化学",4,4,5760.0
海南,2025,本科批,综合,2369,四川农业大学,2,10,工程造价,,物理,4,4,5760.0
海南,2025,本科批,综合,2369,四川农业大学,4,14,水产养殖学,,"物理,化学",4,4,5760.0
海南,2025,本科批,综合,2369,四川农业大学,4,30,水利水电工程,,"物理,化学",4,4,6240.0
海南,2025,本科批,综合,2369,四川农业大学,4,27,电气工程及其自动化,,"物理,化学",4,4,6240.0
海南,2025,本科批,综合,2369,四川农业大学,1,1,经济学,,不限,4,4,5760.0
海南,2025,本科批,综合,2369,四川农业大学,1,7,英语,,不限,4,4,5760.0
海南,2025,本科批,综合,2369,四川农业大学,4,35,计算机科学与技术,,"物理,化学",4,4,6240.0
海南,2025,本科批,综合,2369,四川农业大学,1,4,财务管理,,不限,4,4,5760.0
海南,2025,本科批,综合,2369,四川农业大学,4,29,食品科学与工程,,"物理,化学",4,4,6240.0
海南,2025,本科批,综合,2369,四川农业大学,4,17,中草药栽培与鉴定,,"物理,化学",3,4,6960.0
海南,2025,本科批,综合,2369,四川农业大学,1,2,人力资源管理,,不限,3,4,5760.0
海南,2025,本科批,综合,2369,四川农业大学,4,28,农业机械化及其自动化,,"物理,化学",3,4,6240.0
海南,2025,本科批,综合,2369,四川农业大学,4,12,农学,,"物理,化学",3,4,5760.0
海南,2025,本科批,综合,2369,四川农业大学,1,3,农林经济管理,,不限,3,4,5760.0
海南,2025,本科批,综合,2369,四川农业大学,4,15,动物科学,,"物理,化学",3,4,5760.0
海南,2025,本科批,综合,2369,四川农业大学,4,26,化学生物学,,"物理,化学",3,4,6240.0
海南,2025,本科批,综合,2369,四川农业大学,3,11,土地资源管理,,化学,3,4,5760.0
海南,2025,本科批,综合,2369,四川农业大学,4,36,土木工程,,"物理,化学",3,4,6240.0
海南,2025,本科批,综合,2369,四川农业大学,4,21,应用化学,,"物理,化学",3,4,6240.0
海南,2025,本科批,综合,2369,四川农业大学,4,32,数据科学与大数据技术,,"物理,化学",3,4,6240.0
海南,2025,本科批,综合,2369,四川农业大学,1,8,旅游管理,,不限,3,4,5760.0
海南,2025,本科批,综合,2369,四川农业大学,4,20,木材科学与工程,,"物理,化学",3,4,6240.0
海南,2025,本科批,综合,2369,四川农业大学,4,13,林学,,"物理,化学",3,4,5760.0
海南,2025,本科批,综合,2369,四川农业大学,1,6,法学,,不限,3,4,5760.0
海南,2025,本科批,综合,2369,四川农业大学,4,33,物联网工程,,"物理,化学",3,4,6240.0
海南,2025,本科批,综合,2369,四川农业大学,4,18,环境工程,,"物理,化学",3,4,6240.0
海南,2025,本科批,综合,2369,四川农业大学,4,23,生物工程,,"物理,化学",3,4,6240.0
海南,2025,本科批,综合,2369,四川农业大学,4,24,生物技术,,"物理,化学",3,4,6240.0
海南,2025,本科批,综合,2369,四川农业大学,1,5,社会工作,,不限,3,4,5760.0
海南,2025,本科批,综合,2369,四川农业大学,4,16,种子科学与工程,,"物理,化学",3,4,5760.0
海南,2025,本科批,综合,2369,四川农业大学,4,37,给排水科学与工程,,"物理,化学",3,4,6240.0
海南,2025,本科批,综合,2369,四川农业大学,4,31,能源与动力工程,,"物理,化学",3,4,6240.0
海南,2025,本科批,综合,2369,四川农业大学,4,25,草坪科学与工程,,"物理,化学",3,4,5760.0
海南,2025,本科批,综合,2369,四川农业大学,4,38,道路桥梁与渡河工程,,"物理,化学",3,4,6240.0
海南,2025,本科批,综合,2369,四川农业大学,4,34,食品质量与安全,,"物理,化学",3,4,6240.0
海南,2025,专科批,综合,2458,四川汽车职业技术学院,2,2,新能源汽车技术,,不限,6,3,12720.0
海南,2025,专科批,综合,2458,四川汽车职业技术学院,2,6,云计算技术应用,,不限,5,3,12720.0
海南,2025,专科批,综合,2458,四川汽车职业技术学院,2,9,城市轨道交通运营管理,,不限,5,3,12720.0
海南,2025,专科批,综合,2458,四川汽车职业技术学院,2,8,大数据技术,,不限,4,3,12720.0
海南,2025,专科批,综合,2458,四川汽车职业技术学院,2,7,智能机器人技术,,不限,4,3,12720.0
海南,2025,专科批,综合,2458,四川汽车职业技术学院,2,5,机械制造及自动化,,不限,4,3,12720.0
海南,2025,专科批,综合,2458,四川汽车职业技术学院,2,4,汽车智能技术,,不限,4,3,12720.0
海南,2025,专科批,综合,2458,四川汽车职业技术学院,2,3,汽车电子技术,,不限,4,3,12720.0
海南,2025,专科批,综合,2458,四川汽车职业技术学院,2,11,大数据与会计,,不限,3,3,12720.0
海南,2025,专科批,综合,2458,四川汽车职业技术学院,2,10,大数据与财务管理,,不限,3,3,12720.0
海南,2025,专科批,综合,2458,四川汽车职业技术学院,2,12,健康大数据管理与服务,,不限,2,3,12720.0
海南,2025,专科批,综合,2458,四川汽车职业技术学院,2,13,智慧健康养老服务与管理,,不限,2,3,12720.0
海南,2025,专科批,综合,2458,四川汽车职业技术学院,2,14,电子商务,,不限,2,3,12720.0
海南,2025,本科批,综合,2366,四川轻化工大学,1,1,会计学,,不限,1,4,5520.0
海南,2025,本科批,综合,2366,四川轻化工大学,2,10,化学工程与工艺,,"物理,化学",1,4,5980.0
海南,2025,本科批,综合,2366,四川轻化工大学,1,2,国际经济与贸易,,不限,1,4,5520.0
海南,2025,本科批,综合,2366,四川轻化工大学,2,4,机械设计制造及其自动化,,"物理,化学",1,4,5980.0
海南,2025,本科批,综合,2366,四川轻化工大学,2,9,材料科学与工程,,"物理,化学",1,4,5980.0
海南,2025,本科批,综合,2366,四川轻化工大学,2,5,生物工程,,"物理,化学",1,4,5980.0
海南,2025,本科批,综合,2366,四川轻化工大学,2,3,自动化,,"物理,化学",1,4,5980.0
海南,2025,本科批,综合,2366,四川轻化工大学,2,7,过程装备与控制工程,,"物理,化学",1,4,5980.0
海南,2025,本科批,综合,2366,四川轻化工大学,2,6,酿酒工程,,"物理,化学",1,4,5980.0
海南,2025,本科批,综合,2366,四川轻化工大学,2,8,高分子材料与工程,,"物理,化学",1,4,5980.0
海南,2025,本科批,综合,2374,四川师范大学,10,26,历史学,,"历史,地理",4,4,4800.0
海南,2025,本科批,综合,2374,四川师范大学,7,23,思想政治教育,,"政治,历史",4,4,5760.0
海南,2025,本科批,综合,2374,四川师范大学,7,21,汉语言文学,,"政治,历史",4,4,5760.0
海南,2025,本科批,综合,2374,四川师范大学,4,13,化学,,"物理,化学",2,4,6240.0
海南,2025,本科批,综合,2374,四川师范大学,9,25,地理信息科学,,"物理,地理",2,4,6240.0
海南,2025,本科批,综合,2374,四川师范大学,8,24,地理科学,,地理,2,4,6240.0
海南,2025,本科批,综合,2374,四川师范大学,2,5,小学教育,,不限,2,4,5760.0
海南,2025,本科批,综合,2374,四川师范大学,2,6,心理学,,不限,2,4,6240.0
海南,2025,本科批,综合,2374,四川师范大学,4,11,数学与应用数学,,"物理,化学",2,4,6240.0
海南,2025,本科批,综合,2374,四川师范大学,2,4,旅游管理,,不限,2,4,5760.0
海南,2025,本科批,综合,2374,四川师范大学,6,20,汉语国际教育,,政治,2,4,5760.0
海南,2025,本科批,综合,2374,四川师范大学,2,2,法学,,不限,2,4,5760.0
海南,2025,本科批,综合,2374,四川师范大学,4,15,物理学,,"物理,化学",2,4,6240.0
海南,2025,本科批,综合,2374,四川师范大学,4,14,环境工程,,"物理,化学",2,4,6240.0
海南,2025,本科批,综合,2374,四川师范大学,5,18,生物技术,,"物理,化学,生物",2,4,6240.0
海南,2025,本科批,综合,2374,四川师范大学,5,17,生物科学,,"物理,化学,生物",2,4,6240.0
海南,2025,本科批,综合,2374,四川师范大学,4,16,电子信息工程,,"物理,化学",2,4,6240.0
海南,2025,本科批,综合,2374,四川师范大学,7,22,秘书学,,"政治,历史",2,4,5760.0
海南,2025,本科批,综合,2374,四川师范大学,2,3,纪检监察,,不限,2,4,5760.0
海南,2025,本科批,综合,2374,四川师范大学,2,9,经济学,,不限,2,4,5760.0
海南,2025,本科批,综合,2374,四川师范大学,4,12,统计学,,"物理,化学",2,4,6240.0
海南,2025,本科批,综合,2374,四川师范大学,2,7,网络与新媒体,,不限,2,4,5760.0
海南,2025,本科批,综合,2374,四川师范大学,2,8,英语,,不限,2,4,5760.0
海南,2025,本科批,综合,2374,四川师范大学,3,10,金融工程,,物理,2,4,5760.0
海南,2025,本科批,综合,2374,四川师范大学,5,19,食品质量与安全,,"物理,化学,生物",2,4,6240.0
海南,2025,本科批,综合,2295,四川外国语大学,81,16,商务英语,(中外合作办学),不限,2,4,33000.0
海南,2025,本科批,综合,2295,四川外国语大学,2,13,审计学,,不限,2,4,4500.0
海南,2025,本科批,综合,2295,四川外国语大学,82,17,物流管理,(中外合作办学),不限,2,4,35000.0
海南,2025,本科批,综合,2295,四川外国语大学,80,11,英语,,不限,2,4,6875.0
海南,2025,本科批,综合,2295,四川外国语大学,80,12,商务英语,,不限,1,4,6875.0
海南,2025,本科批,综合,2295,四川外国语大学,2,15,新闻传播学类,(包含专业:新闻学、网络与新媒体、广告学),不限,1,4,5500.0
海南,2025,本科批,综合,2295,四川外国语大学,2,14,旅游管理,,不限,1,4,5500.0
海南,2025,本科批,综合,2295,四川外国语大学,80,10,翻译,,不限,1,4,6875.0
海南,2025,本科提前批,综合,2295,四川外国语大学,1,3,德语,,不限,3,4,6875.0
海南,2025,本科提前批,综合,2295,四川外国语大学,1,4,俄语,,不限,2,4,6875.0
海南,2025,本科提前批,综合,2295,四川外国语大学,1,1,日语,,不限,2,4,6875.0
海南,2025,本科提前批,综合,2295,四川外国语大学,1,5,朝鲜语,,不限,1,4,6875.0
海南,2025,本科提前批,综合,2295,四川外国语大学,1,7,波兰语,,不限,1,4,6875.0
海南,2025,本科提前批,综合,2295,四川外国语大学,1,6,缅甸语,,不限,1,4,6875.0
海南,2025,本科提前批,综合,2295,四川外国语大学,1,8,葡萄牙语,,不限,1,4,6875.0
海南,2025,本科提前批,综合,2295,四川外国语大学,1,2,西班牙语,,不限,1,4,6875.0
海南,2025,本科提前批,综合,2295,四川外国语大学,1,9,阿拉伯语,,不限,1,4,6875.0
海南,2025,专科批,综合,2456,四川卫生康复职业学院,1,2,中药学,,不限,5,3,5800.0
海南,2025,专科批,综合,2456,四川卫生康复职业学院,2,3,临床医学,,物理,5,3,5800.0
海南,2025,专科批,综合,2456,四川卫生康复职业学院,1,1,护理,,不限,5,3,5800.0
海南,2025,专科批,综合,2446,四川文化产业职业学院,1,1,大数据与会计,,不限,5,3,4800.0
海南,2025,专科批,综合,2446,四川文化产业职业学院,1,2,酒店管理与数字化运营,,不限,5,3,4800.0
海南,2025,本科批,综合,2379,四川文理学院,2,4,人力资源管理,,不限,3,4,4800.0
海南,2025,本科批,综合,2379,四川文理学院,2,3,学前教育,,不限,3,4,4800.0
海南,2025,本科批,综合,2379,四川文理学院,2,2,汉语国际教育,,不限,3,4,4800.0
海南,2025,本科批,综合,2379,四川文理学院,3,5,行政管理,,政治,3,4,4800.0
海南,2025,专科批,综合,2462,四川文轩职业学院,1,4,中药学,,不限,8,3,14200.0
海南,2025,专科批,综合,2462,四川文轩职业学院,1,8,新能源汽车技术,,不限,5,3,14000.0
海南,2025,专科批,综合,2462,四川文轩职业学院,1,9,无人机应用技术,,不限,5,3,14200.0
海南,2025,专科批,综合,2462,四川文轩职业学院,1,3,汽车检测与维修技术,,不限,3,3,14200.0
海南,2025,专科批,综合,2462,四川文轩职业学院,1,6,大数据技术,,不限,2,3,14200.0
海南,2025,专科批,综合,2462,四川文轩职业学院,1,7,数字媒体技术,,不限,2,3,14200.0
海南,2025,专科批,综合,2462,四川文轩职业学院,1,5,口腔医学技术,,不限,15,3,13500.0
海南,2025,专科批,综合,2462,四川文轩职业学院,1,1,护理,,不限,10,3,14200.0
海南,2025,专科批,综合,2462,四川文轩职业学院,1,2,药学,,不限,10,3,14200.0
海南,2025,专科批,综合,2466,四川西南航空职业学院,1,9,无人机应用技术,(金堂校区东区),不限,8,3,17900.0
海南,2025,专科批,综合,2466,四川西南航空职业学院,1,6,民航运输服务,(金堂校区东区),不限,8,3,17500.0
海南,2025,专科批,综合,2466,四川西南航空职业学院,1,10,高速铁路客运服务,(金堂校区东区),不限,5,3,17500.0
海南,2025,专科批,综合,2466,四川西南航空职业学院,1,8,人工智能技术应用,(金堂校区西区),不限,4,3,14400.0
海南,2025,专科批,综合,2466,四川西南航空职业学院,1,7,数字媒体技术,(金堂校区西区),不限,4,3,15400.0
海南,2025,专科批,综合,2466,四川西南航空职业学院,1,1,民航安全技术管理,(金堂校区西区),不限,4,3,17500.0
海南,2025,专科批,综合,2466,四川西南航空职业学院,1,5,民航空中安全保卫,(金堂校区西区),不限,4,3,17500.0
海南,2025,专科批,综合,2466,四川西南航空职业学院,1,11,动漫制作技术,,不限,3,3,14600.0
海南,2025,专科批,综合,2466,四川西南航空职业学院,1,13,城市轨道交通工程技术,(金堂校区西区),不限,3,3,16900.0
海南,2025,专科批,综合,2466,四川西南航空职业学院,1,3,应急救援技术,(金堂校区西区),不限,3,3,12700.0
海南,2025,专科批,综合,2466,四川西南航空职业学院,1,12,电子商务,(金堂校区西区),不限,3,3,14400.0
海南,2025,专科批,综合,2466,四川西南航空职业学院,1,2,空中乘务,(金堂校区西区),不限,16,3,17500.0
海南,2025,专科批,综合,2466,四川西南航空职业学院,1,4,飞机机电设备维修,(金堂校区西区),不限,15,3,17500.0
海南,2025,专科批,综合,2460,四川希望汽车职业学院,1,5,城市轨道交通运营管理,,不限,5,3,10800.0
海南,2025,专科批,综合,2460,四川希望汽车职业学院,1,2,学前教育,,不限,5,3,13300.0
海南,2025,专科批,综合,2460,四川希望汽车职业学院,1,6,大数据与会计,,不限,10,3,10800.0
海南,2025,专科批,综合,2460,四川希望汽车职业学院,1,4,护理,,不限,10,3,13300.0
海南,2025,专科批,综合,2460,四川希望汽车职业学院,1,3,新能源汽车技术,,不限,10,3,13300.0
海南,2025,专科批,综合,2460,四川希望汽车职业学院,1,7,智能网联汽车技术,,不限,10,3,13300.0
海南,2025,专科批,综合,2460,四川希望汽车职业学院,1,1,计算机应用技术,,不限,10,3,13300.0
海南,2025,本科批,综合,2384,四川音乐学院,2,2,艺术管理,,不限,1,4,12000.0
海南,2025,专科批,综合,2468,四川应用技术职业学院,1,2,护理,,不限,30,3,12700.0
海南,2025,专科批,综合,2468,四川应用技术职业学院,1,1,小学教育,,不限,20,3,11660.0
海南,2025,专科批,综合,2468,四川应用技术职业学院,1,4,电子商务,,不限,20,3,11660.0
海南,2025,专科批,综合,2468,四川应用技术职业学院,1,3,计算机应用技术,,不限,20,3,12700.0
海南,2025,专科批,综合,2468,四川应用技术职业学院,1,5,大数据与会计,,不限,15,3,11660.0
海南,2025,专科批,综合,2468,四川应用技术职业学院,1,6,数字媒体技术,,不限,15,3,12700.0
海南,2025,专科批,综合,2440,四川中医药高等专科学校,1,2,中医学,,"物理,化学",3,3,6380.0
海南,2025,专科批,综合,2440,四川中医药高等专科学校,1,3,临床医学,,"物理,化学",3,3,6380.0
海南,2025,专科批,综合,2440,四川中医药高等专科学校,1,1,护理,,"物理,化学",3,3,6380.0
海南,2025,专科批,综合,2440,四川中医药高等专科学校,1,4,针灸推拿,,"物理,化学",2,3,6380.0
海南,2025,专科批,综合,2440,四川中医药高等专科学校,1,5,中医骨伤,,"物理,化学",1,3,6380.0
海南,2025,专科批,综合,2440,四川中医药高等专科学校,1,6,中药学,,"物理,化学",1,3,6380.0
海南,2025,专科批,综合,2440,四川中医药高等专科学校,1,7,口腔医学,,"物理,化学",1,3,6380.0
海南,2025,专科批,综合,2440,四川中医药高等专科学校,1,8,药学,,"物理,化学",1,3,6380.0
海南,2025,专科批,综合,898,苏州百年职业学院,2,6,信息安全技术应用,"(中外合作办学)(由苏州科技大学与加拿大百年理工学院两所公办大学合作举办,毕业生可赴国内外高校升读,详见学院官网)",不限,3,3,26000.0
海南,2025,专科批,综合,898,苏州百年职业学院,2,11,商务英语,"(中外合作办学)(由苏州科技大学与加拿大百年理工学院两所公办大学合作举办,毕业生可赴国内外高校升读,详见学院官网)",不限,3,3,22000.0
海南,2025,专科批,综合,898,苏州百年职业学院,2,8,工商企业管理,"(中外合作办学)(由苏州科技大学与加拿大百年理工学院两所公办大学合作举办,毕业生可赴国内外高校升读,详见学院官网)",不限,3,3,26000.0
海南,2025,专科批,综合,898,苏州百年职业学院,2,9,市场营销,"(中外合作办学)(由苏州科技大学与加拿大百年理工学院两所公办大学合作举办,毕业生可赴国内外高校升读,详见学院官网)",不限,3,3,22000.0
海南,2025,专科批,综合,898,苏州百年职业学院,2,4,智能控制技术,"(中外合作办学)(由苏州科技大学与加拿大百年理工学院两所公办大学合作举办,毕业生可赴国内外高校升读,详见学院官网)",不限,3,3,26000.0
海南,2025,专科批,综合,898,苏州百年职业学院,2,5,软件技术,"(中外合作办学)(由苏州科技大学与加拿大百年理工学院两所公办大学合作举办,毕业生可赴国内外高校升读,详见学院官网)",不限,3,3,26000.0
海南,2025,专科批,综合,898,苏州百年职业学院,2,3,风景园林设计,"(中外合作办学)(由苏州科技大学与加拿大百年理工学院两所公办大学合作举办,毕业生可赴国内外高校升读,详见学院官网)",不限,3,3,26000.0
海南,2025,专科批,综合,898,苏州百年职业学院,2,7,人工智能技术应用,"(中外合作办学)(由苏州科技大学与加拿大百年理工学院两所公办大学合作举办,毕业生可赴国内外高校升读,详见学院官网)",不限,2,3,26000.0
海南,2025,专科批,综合,898,苏州百年职业学院,2,10,电子商务,"(中外合作办学)(由苏州科技大学与加拿大百年理工学院两所公办大学合作举办,毕业生可赴国内外高校升读,详见学院官网)",不限,2,3,22000.0
海南,2025,本科批,综合,776,苏州大学,80,13,临床医学,(5+3一体化)(不招色盲、色弱、单色识别不全者),"物理,化学",2,5,7480.0
海南,2025,本科批,综合,776,苏州大学,80,15,临床医学,(不招色盲、色弱、单色识别不全者),"物理,化学",2,5,7480.0
海南,2025,本科批,综合,776,苏州大学,5,11,人工智能,,"物理,化学",2,4,6380.0
海南,2025,本科批,综合,776,苏州大学,5,7,光电信息科学与工程,,"物理,化学",2,4,6380.0
海南,2025,本科批,综合,776,苏州大学,6,17,护理学,(不招色盲、色弱、单色识别不全者),生物,2,4,6800.0
海南,2025,本科批,综合,776,苏州大学,80,14,放射医学,(不招色盲、色弱、单色识别不全者),"物理,化学",2,5,7480.0
海南,2025,本科批,综合,776,苏州大学,5,12,数据科学与大数据技术,,"物理,化学",2,4,6380.0
海南,2025,本科批,综合,776,苏州大学,5,9,智能制造工程,,"物理,化学",2,4,5800.0
海南,2025,本科批,综合,776,苏州大学,7,18,汉语言文学,(师范),"政治,历史,地理",2,4,5720.0
海南,2025,本科批,综合,776,苏州大学,4,4,法学,,不限,2,4,5720.0
海南,2025,本科批,综合,776,苏州大学,80,16,生物制药,(不招色盲、色弱、单色识别不全者),"物理,化学",2,4,6380.0
海南,2025,本科批,综合,776,苏州大学,5,8,电气工程及其自动化,,"物理,化学",2,4,5800.0
海南,2025,本科批,综合,776,苏州大学,5,5,计算机科学与技术,,"物理,化学",2,4,6380.0
海南,2025,本科批,综合,776,苏州大学,5,10,通信工程,,"物理,化学",2,4,6380.0
海南,2025,本科批,综合,776,苏州大学,5,6,纳米材料与技术,,"物理,化学",1,4,6380.0
海南,2025,国家专项,综合,776,苏州大学,3,3,护理学,(国家专项计划；不招色盲、色弱、单色识别不全者),生物,1,4,6800.0
海南,2025,国家专项,综合,776,苏州大学,1,1,社会工作,(国家专项计划),不限,1,4,5200.0
海南,2025,国家专项,综合,776,苏州大学,2,2,药学,(国家专项计划；不招色盲、色弱、单色识别不全者),"物理,化学",1,4,7480.0
海南,2025,本科批,综合,807,苏州工学院,1,1,供应链管理,,不限,2,4,5200.0
海南,2025,本科批,综合,807,苏州工学院,2,4,工程管理,,物理,2,4,5200.0
海南,2025,本科批,综合,807,苏州工学院,3,9,应急技术与管理,,"物理,化学",2,4,5800.0
海南,2025,本科批,综合,807,苏州工学院,2,5,经济统计学,,物理,2,4,5200.0
海南,2025,本科批,综合,807,苏州工学院,3,10,食品质量与安全,,"物理,化学",2,4,5800.0
海南,2025,本科批,综合,807,苏州工学院,1,2,市场营销,,不限,1,4,5200.0
海南,2025,本科批,综合,807,苏州工学院,3,6,新能源汽车工程,,"物理,化学",1,4,5800.0
海南,2025,本科批,综合,807,苏州工学院,3,7,自动化,,"物理,化学",1,4,5800.0
海南,2025,本科批,综合,807,苏州工学院,1,3,财务管理,,不限,1,4,5200.0
海南,2025,本科批,综合,807,苏州工学院,3,8,车辆工程,,"物理,化学",1,4,5800.0
海南,2025,专科批,综合,849,苏州工业职业技术学院,1,2,工程造价,,不限,3,3,4700.0
海南,2025,专科批,综合,849,苏州工业职业技术学院,1,1,数控技术,,不限,2,3,5300.0
海南,2025,本科批,综合,806,苏州科技大学,1,3,工商管理,,不限,4,4,5200.0
海南,2025,本科批,综合,806,苏州科技大学,2,7,微电子科学与工程,,"物理,化学",4,4,5800.0
海南,2025,本科批,综合,806,苏州科技大学,80,5,物流管理,(中外合作办学),不限,4,4,26000.0
海南,2025,本科批,综合,806,苏州科技大学,1,2,城乡规划,,不限,2,5,6380.0
海南,2025,本科批,综合,806,苏州科技大学,1,1,建筑学,,不限,2,5,6380.0
海南,2025,本科批,综合,806,苏州科技大学,2,6,智能建造,,"物理,化学",2,4,5800.0
海南,2025,本科批,综合,806,苏州科技大学,1,4,财务管理,,不限,2,4,5200.0
海南,2025,专科批,综合,1799,随州职业技术学院,1,2,医学美容技术,,不限,5,3,5000.0
海南,2025,专科批,综合,1799,随州职业技术学院,1,1,护理,,不限,5,3,5000.0
海南,2025,专科批,综合,1799,随州职业技术学院,1,4,新能源汽车技术,,不限,10,3,5000.0
海南,2025,专科批,综合,1799,随州职业技术学院,1,3,旅游管理,,不限,10,3,5000.0
海南,2025,本科批,综合,2875,塔里木大学,2,3,化学工程与工艺,,"物理,化学",9,4,3500.0
海南,2025,本科批,综合,2875,塔里木大学,2,2,动物科学,(不招色盲、色弱),"物理,化学",8,4,3000.0
海南,2025,本科批,综合,2875,塔里木大学,1,1,历史学,,不限,2,4,3100.0
海南,2025,本科批,综合,2875,塔里木大学,2,4,机械设计制造及其自动化,,"物理,化学",2,4,3500.0
海南,2025,本科批,综合,2875,塔里木大学,2,5,电气工程及其自动化,,"物理,化学",2,4,3500.0
海南,2025,本科批,综合,2875,塔里木大学,2,6,过程装备与控制工程,,"物理,化学",2,4,3500.0
海南,2025,专科批,综合,861,太湖创意职业技术学院,1,1,建设工程管理,,不限,3,3,16000.0
海南,2025,本科批,综合,351,太原工业学院,4,20,智能材料与结构,,"物理,化学",3,4,5280.0
海南,2025,本科批,综合,351,太原工业学院,4,7,机械电子工程,,"物理,化学",3,4,5280.0
海南,2025,本科批,综合,351,太原工业学院,3,5,质量管理工程,,物理,3,4,4950.0
海南,2025,本科批,综合,351,太原工业学院,4,10,通信工程,,"物理,化学",3,4,5280.0
海南,2025,本科批,综合,351,太原工业学院,4,26,化学工程与工业生物工程,,"物理,化学",2,4,5280.0
海南,2025,本科批,综合,351,太原工业学院,4,21,化学工程与工艺,,"物理,化学",2,4,5280.0
海南,2025,本科批,综合,351,太原工业学院,4,23,安全工程,,"物理,化学",2,4,5280.0
海南,2025,本科批,综合,351,太原工业学院,4,24,应急技术与管理,,"物理,化学",2,4,5280.0
海南,2025,本科批,综合,351,太原工业学院,4,17,应用化学,,"物理,化学",2,4,5280.0
海南,2025,本科批,综合,351,太原工业学院,4,11,微电子科学与工程,,"物理,化学",2,4,5280.0
海南,2025,本科批,综合,351,太原工业学院,4,16,数据科学与大数据技术,,"物理,化学",2,4,5280.0
海南,2025,本科批,综合,351,太原工业学院,4,19,新能源材料与器件,,"物理,化学",2,4,5280.0
海南,2025,本科批,综合,351,太原工业学院,4,13,机器人工程,,"物理,化学",2,4,5280.0
海南,2025,本科批,综合,351,太原工业学院,4,6,材料成型及控制工程,,"物理,化学",2,4,5280.0
海南,2025,本科批,综合,351,太原工业学院,4,8,汽车服务工程,,"物理,化学",2,4,5280.0
海南,2025,本科批,综合,351,太原工业学院,4,15,物联网工程,,"物理,化学",2,4,5280.0
海南,2025,本科批,综合,351,太原工业学院,4,25,环境生态工程,,"物理,化学",2,4,5280.0
海南,2025,本科批,综合,351,太原工业学院,4,9,电气工程与智能控制,,"物理,化学",2,4,5280.0
海南,2025,本科批,综合,351,太原工业学院,2,3,经济学,,不限,2,4,4950.0
海南,2025,本科批,综合,351,太原工业学院,4,22,能源化学工程,,"物理,化学",2,4,5280.0
海南,2025,本科批,综合,351,太原工业学院,4,12,自动化,,"物理,化学",2,4,5280.0
海南,2025,本科批,综合,351,太原工业学院,4,14,计算机科学与技术,,"物理,化学",2,4,5280.0
海南,2025,本科批,综合,351,太原工业学院,2,4,跨境电子商务,,不限,2,4,4950.0
海南,2025,本科批,综合,351,太原工业学院,4,18,高分子材料与工程,,"物理,化学",2,4,5280.0
海南,2025,本科批,综合,290,太原科技大学,2,5,计算机科学与技术,,"物理,化学",4,4,5500.0
海南,2025,本科批,综合,290,太原科技大学,1,1,法学,,不限,2,4,5175.0
海南,2025,本科批,综合,290,太原科技大学,1,2,英语,,不限,2,4,4500.0
海南,2025,本科批,综合,290,太原科技大学,2,3,材料成型及控制工程,,"物理,化学",18,4,5500.0
海南,2025,本科批,综合,290,太原科技大学,2,4,机械设计制造及其自动化,,"物理,化学",13,4,5500.0
海南,2025,本科批,综合,292,太原理工大学,3,35,化学工程与工艺,,"物理,化学",6,4,5500.0
海南,2025,本科批,综合,292,太原理工大学,3,9,集成电路设计与集成系统,,"物理,化学",6,4,5500.0
海南,2025,本科批,综合,292,太原理工大学,3,13,应用物理学,,"物理,化学",4,4,5100.0
海南,2025,本科批,综合,292,太原理工大学,3,38,机器人工程,,"物理,化学",4,4,5500.0
海南,2025,本科批,综合,292,太原理工大学,3,17,材料科学与工程,,"物理,化学",4,4,5500.0
海南,2025,本科批,综合,292,太原理工大学,3,30,水利水电工程,,"物理,化学",4,4,5500.0
海南,2025,本科批,综合,292,太原理工大学,3,33,环境工程,,"物理,化学",4,4,5500.0
海南,2025,本科批,综合,292,太原理工大学,3,28,电子科学与技术,,"物理,化学",4,4,5500.0
海南,2025,本科批,综合,292,太原理工大学,3,37,人工智能,,"物理,化学",3,4,5500.0
海南,2025,本科批,综合,292,太原理工大学,3,16,信息与计算科学,,"物理,化学",3,4,5100.0
海南,2025,本科批,综合,292,太原理工大学,3,15,光电信息科学与工程,,"物理,化学",3,4,5100.0
海南,2025,本科批,综合,292,太原理工大学,3,34,制药工程,,"物理,化学",3,4,5500.0
海南,2025,本科批,综合,292,太原理工大学,3,8,土木工程,,"物理,化学",3,4,5500.0
海南,2025,本科批,综合,292,太原理工大学,2,3,城乡规划,"(入校后加试美术,成绩不合格者根据学校转专业相关文件要求执行)",不限,3,5,5500.0
海南,2025,本科批,综合,292,太原理工大学,2,4,建筑学,"(入校后加试美术,成绩不合格者根据学校转专业相关文件要求执行)",不限,3,5,5500.0
海南,2025,本科批,综合,292,太原理工大学,3,14,建筑环境与能源应用工程,,"物理,化学",3,4,5500.0
海南,2025,本科批,综合,292,太原理工大学,3,27,机械电子工程,,"物理,化学",3,4,5500.0
海南,2025,本科批,综合,292,太原理工大学,3,23,机械设计制造及其自动化,,"物理,化学",3,4,5500.0
海南,2025,本科批,综合,292,太原理工大学,3,12,材料成型及控制工程,,"物理,化学",3,4,5500.0
海南,2025,本科批,综合,292,太原理工大学,3,11,水文与水资源工程,,"物理,化学",3,4,5500.0
海南,2025,本科批,综合,292,太原理工大学,3,31,电子信息工程,,"物理,化学",3,4,5500.0
海南,2025,本科批,综合,292,太原理工大学,3,29,电气工程及其自动化,,"物理,化学",3,4,5500.0
海南,2025,本科批,综合,292,太原理工大学,3,22,给排水科学与工程,,"物理,化学",3,4,5500.0
海南,2025,本科批,综合,292,太原理工大学,3,7,统计学,,"物理,化学",3,4,5100.0
海南,2025,本科批,综合,292,太原理工大学,3,5,网络空间安全,,"物理,化学",3,4,5500.0
海南,2025,本科批,综合,292,太原理工大学,3,18,能源与动力工程,,"物理,化学",3,4,5500.0
海南,2025,本科批,综合,292,太原理工大学,3,21,计算机科学与技术,,"物理,化学",3,4,5500.0
海南,2025,本科批,综合,292,太原理工大学,3,24,车辆工程,,"物理,化学",3,4,5500.0
海南,2025,本科批,综合,292,太原理工大学,3,20,过程装备与控制工程,,"物理,化学",3,4,5500.0
海南,2025,本科批,综合,292,太原理工大学,3,32,道路桥梁与渡河工程,,"物理,化学",3,4,5500.0
海南,2025,本科批,综合,292,太原理工大学,3,10,量子信息科学,,"物理,化学",3,4,5100.0
海南,2025,本科批,综合,292,太原理工大学,3,6,高分子材料与工程,,"物理,化学",3,4,5500.0
海南,2025,本科批,综合,292,太原理工大学,3,39,化学工程与工艺,(试验班),"物理,化学",2,4,5500.0
海南,2025,本科批,综合,292,太原理工大学,3,19,工业设计,,"物理,化学",2,4,5500.0
海南,2025,本科批,综合,292,太原理工大学,3,26,数据科学与大数据技术,,"物理,化学",2,4,5500.0
海南,2025,本科批,综合,292,太原理工大学,3,42,机器人工程,(试验班),"物理,化学",2,4,5500.0
海南,2025,本科批,综合,292,太原理工大学,3,36,测绘工程,,"物理,化学",2,4,5500.0
海南,2025,本科批,综合,292,太原理工大学,3,40,能源互联网工程,(试验班),"物理,化学",2,4,5500.0
海南,2025,本科批,综合,292,太原理工大学,3,25,通信工程,,"物理,化学",2,4,5500.0
海南,2025,本科批,综合,292,太原理工大学,3,41,集成电路设计与集成系统,(试验班),"物理,化学",2,4,5500.0
海南,2025,本科批,综合,297,太原师范学院,1,3,旅游管理,,不限,8,4,5000.0
海南,2025,本科批,综合,297,太原师范学院,1,6,学前教育,,不限,7,4,5000.0
海南,2025,本科批,综合,297,太原师范学院,3,12,历史学,,历史,5,4,5000.0
海南,2025,本科批,综合,297,太原师范学院,1,5,小学教育,,不限,5,4,5000.0
海南,2025,本科批,综合,297,太原师范学院,4,13,地理科学,,地理,4,4,5000.0
海南,2025,本科批,综合,297,太原师范学院,1,4,应用心理学,,不限,4,4,5000.0
海南,2025,本科批,综合,297,太原师范学院,1,2,教育学,,不限,4,4,5000.0
海南,2025,本科批,综合,297,太原师范学院,2,11,化学,,"物理,化学",3,4,5000.0
海南,2025,本科批,综合,297,太原师范学院,2,10,数学与应用数学,,"物理,化学",3,4,5000.0
海南,2025,本科批,综合,297,太原师范学院,1,1,汉语言文学,,不限,3,4,5000.0
海南,2025,本科批,综合,297,太原师范学院,1,7,经济学,,不限,3,4,5000.0
海南,2025,本科批,综合,297,太原师范学院,1,8,信用管理,,不限,2,4,5000.0
海南,2025,本科批,综合,297,太原师范学院,1,9,土地资源管理,,不限,2,4,5000.0
海南,2025,本科批,综合,297,太原师范学院,4,14,自然地理与资源环境,,地理,2,4,5000.0
海南,2025,本科批,综合,306,太原学院,3,8,建筑环境与能源应用工程,,"物理,化学",3,4,5280.0
海南,2025,本科批,综合,306,太原学院,2,4,物流工程,,物理,3,4,4950.0
海南,2025,本科批,综合,306,太原学院,3,7,化学工程与工业生物工程,,"物理,化学",2,4,5280.0
海南,2025,本科批,综合,306,太原学院,4,9,园林,,生物,2,4,4950.0
海南,2025,本科批,综合,306,太原学院,1,2,旅游管理与服务教育,,不限,2,4,4950.0
海南,2025,本科批,综合,306,太原学院,3,6,汽车服务工程,,"物理,化学",2,4,5280.0
海南,2025,本科批,综合,306,太原学院,3,5,道路桥梁与渡河工程,,"物理,化学",2,4,5280.0
海南,2025,本科批,综合,306,太原学院,1,1,酒店管理,,不限,2,4,4950.0
海南,2025,本科批,综合,306,太原学院,1,3,风景园林,,不限,2,4,5280.0
海南,2025,本科民族班、预科班,综合,306,太原学院,5,10,边防军人子女预科班,"(只招经审核符合边防军人子女资格的考生；预科培养地点:太原学院汾东校区；预科当年收费标准未定,预科转段分流后收费标准最高5800元)",不限,3,1,
海南,2025,专科批,综合,367,太原幼儿师范高等专科学校,1,3,婴幼儿托育服务与管理,,不限,5,3,4000.0
海南,2025,专科批,综合,367,太原幼儿师范高等专科学校,1,2,学前教育,,不限,5,3,2600.0
海南,2025,专科批,综合,367,太原幼儿师范高等专科学校,1,1,艺术教育,,不限,5,3,5000.0
海南,2025,专科批,综合,1491,泰山科技学院,1,5,国际经济与贸易,,不限,4,3,19800.0
海南,2025,专科批,综合,1491,泰山科技学院,1,4,大数据与会计,,不限,4,3,19800.0
海南,2025,专科批,综合,1491,泰山科技学院,1,2,建筑工程技术,,不限,4,3,19800.0
海南,2025,专科批,综合,1491,泰山科技学院,1,3,智能互联网络技术,,不限,4,3,19800.0
海南,2025,专科批,综合,1491,泰山科技学院,1,1,机械制造及自动化,,不限,4,3,19800.0
海南,2025,本科批,综合,1421,泰山学院,1,1,人力资源管理,,不限,5,4,5500.0
海南,2025,本科批,综合,1421,泰山学院,1,2,旅游管理,(景区运营与管理方向),不限,5,4,6600.0
海南,2025,本科批,综合,169,唐山师范学院,1,1,历史学,,不限,5,4,4600.0
海南,2025,本科批,综合,169,唐山师范学院,2,4,地理信息科学,,地理,5,4,4900.0
海南,2025,本科批,综合,169,唐山师范学院,1,3,旅游管理,,不限,5,4,4600.0
海南,2025,本科批,综合,169,唐山师范学院,1,2,秘书学,,不限,5,4,4600.0
海南,2025,专科批,综合,2475,天府新区航空旅游职业学院,1,1,医学检验技术,,不限,9,3,13800.0
海南,2025,专科批,综合,2475,天府新区航空旅游职业学院,1,9,宠物医疗技术,,不限,8,3,13800.0
海南,2025,专科批,综合,2475,天府新区航空旅游职业学院,1,15,无人机应用技术,,不限,5,3,13990.0
海南,2025,专科批,综合,2475,天府新区航空旅游职业学院,1,8,城市轨道交通运营管理,,不限,3,3,13990.0
海南,2025,专科批,综合,2475,天府新区航空旅游职业学院,1,7,婴幼儿托育服务与管理,,不限,3,3,13800.0
海南,2025,专科批,综合,2475,天府新区航空旅游职业学院,1,6,康复治疗技术,,不限,3,3,13800.0
海南,2025,专科批,综合,2475,天府新区航空旅游职业学院,1,16,数字媒体技术,,不限,3,3,13990.0
海南,2025,专科批,综合,2475,天府新区航空旅游职业学院,1,14,旅游管理,,不限,3,3,12720.0
海南,2025,专科批,综合,2475,天府新区航空旅游职业学院,1,18,法律事务,,不限,3,3,12720.0
海南,2025,专科批,综合,2475,天府新区航空旅游职业学院,1,17,计算机应用技术,,不限,3,3,13990.0
海南,2025,专科批,综合,2475,天府新区航空旅游职业学院,1,11,软件技术,,不限,3,3,13990.0
海南,2025,专科批,综合,2475,天府新区航空旅游职业学院,1,3,应急救援技术,,不限,2,3,13990.0
海南,2025,专科批,综合,2475,天府新区航空旅游职业学院,1,2,民航安全技术管理,,不限,2,3,17170.0
海南,2025,专科批,综合,2475,天府新区航空旅游职业学院,1,4,民航空中安全保卫,,不限,2,3,17170.0
海南,2025,专科批,综合,2475,天府新区航空旅游职业学院,1,12,电子商务,,不限,2,3,13990.0
海南,2025,专科批,综合,2475,天府新区航空旅游职业学院,1,5,空中乘务,,不限,2,3,17170.0
海南,2025,专科批,综合,2475,天府新区航空旅游职业学院,1,13,飞机机电设备维修,,不限,2,3,17170.0
海南,2025,专科批,综合,2475,天府新区航空旅游职业学院,1,10,飞机电子设备维修,,不限,2,3,17170.0
海南,2025,专科批,综合,2471,天府新区信息职业学院,1,4,大数据与会计,,不限,5,3,13560.0
海南,2025,专科批,综合,2471,天府新区信息职业学院,1,3,新能源汽车技术,,不限,5,3,14620.0
海南,2025,专科批,综合,2471,天府新区信息职业学院,1,2,无人机应用技术,,不限,5,3,14620.0
海南,2025,专科批,综合,2471,天府新区信息职业学院,1,1,软件技术,,不限,5,3,13800.0
海南,2025,专科批,综合,119,天津滨海职业学院,1,8,人工智能技术应用,,不限,2,3,5500.0
海南,2025,专科批,综合,119,天津滨海职业学院,1,20,党务工作,,不限,2,3,5000.0
海南,2025,专科批,综合,119,天津滨海职业学院,1,10,关务与外贸服务,(货运代理),不限,2,3,5500.0
海南,2025,专科批,综合,119,天津滨海职业学院,1,14,商务英语,,不限,2,3,5500.0
海南,2025,专科批,综合,119,天津滨海职业学院,1,22,园林技术,,不限,2,3,5500.0
海南,2025,专科批,综合,119,天津滨海职业学院,1,15,学前教育,,不限,2,3,5000.0
海南,2025,专科批,综合,119,天津滨海职业学院,1,7,工业互联网技术,,不限,2,3,5500.0
海南,2025,专科批,综合,119,天津滨海职业学院,1,17,工程造价,,不限,2,3,5500.0
海南,2025,专科批,综合,119,天津滨海职业学院,1,19,建筑工程技术,,不限,2,3,5500.0
海南,2025,专科批,综合,119,天津滨海职业学院,1,16,建设工程管理,,不限,2,3,5500.0
海南,2025,专科批,综合,119,天津滨海职业学院,1,21,智慧健康养老服务与管理,,不限,2,3,5000.0
海南,2025,专科批,综合,119,天津滨海职业学院,1,5,智能制造装备技术,,不限,2,3,5500.0
海南,2025,专科批,综合,119,天津滨海职业学院,1,18,智能建造技术,,不限,2,3,5500.0
海南,2025,专科批,综合,119,天津滨海职业学院,1,2,智能焊接技术,,不限,2,3,5500.0
海南,2025,专科批,综合,119,天津滨海职业学院,1,13,智能物流技术,,不限,2,3,5500.0
海南,2025,专科批,综合,119,天津滨海职业学院,1,1,物联网应用技术,,不限,2,3,5500.0
海南,2025,专科批,综合,119,天津滨海职业学院,1,3,电子信息工程技术,,不限,2,3,5500.0
海南,2025,专科批,综合,119,天津滨海职业学院,1,9,电子商务,,不限,2,3,5500.0
海南,2025,专科批,综合,119,天津滨海职业学院,1,4,电气自动化技术,,不限,2,3,5500.0
海南,2025,专科批,综合,119,天津滨海职业学院,1,23,虚拟现实技术应用,,不限,2,3,5500.0
海南,2025,专科批,综合,119,天津滨海职业学院,1,24,融媒体技术与运营,,不限,2,3,5500.0
海南,2025,专科批,综合,119,天津滨海职业学院,1,12,计算机网络技术,,不限,2,3,5500.0
海南,2025,专科批,综合,119,天津滨海职业学院,1,6,跨境电子商务,,不限,2,3,5500.0
海南,2025,专科批,综合,119,天津滨海职业学院,1,11,软件技术,,不限,2,3,5500.0
海南,2025,本科批,综合,109,天津财经大学,2,8,旅游管理类,(包含专业:旅游管理、会展经济与管理),不限,4,4,4400.0
海南,2025,本科批,综合,109,天津财经大学,2,5,工商管理类,(包含专业:工商管理、市场营销、人力资源管理),不限,3,4,4400.0
海南,2025,本科批,综合,109,天津财经大学,2,11,金融学类,(包含专业:保险学、投资学、信用管理),不限,3,4,4400.0
海南,2025,本科批,综合,109,天津财经大学,2,6,会计学,(注册会计师),不限,2,4,4400.0
海南,2025,本科批,综合,109,天津财经大学,2,9,公共管理类,(包含专业:行政管理、劳动与社会保障),不限,2,4,4400.0
海南,2025,本科批,综合,109,天津财经大学,2,7,国际商务,,不限,2,4,4400.0
海南,2025,本科批,综合,109,天津财经大学,2,4,广播电视学,,不限,2,4,4400.0
海南,2025,本科批,综合,109,天津财经大学,3,15,数字经济,,物理,2,4,4400.0
海南,2025,本科批,综合,109,天津财经大学,2,3,法学,,不限,2,4,4400.0
海南,2025,本科批,综合,109,天津财经大学,3,13,管理科学与工程类,(包含专业:管理科学、信息管理与信息系统、工程管理),物理,2,4,4400.0
海南,2025,本科批,综合,109,天津财经大学,3,12,经济统计学,(杨曾武班),物理,2,4,4400.0
海南,2025,本科批,综合,109,天津财经大学,4,16,计算机科学与技术,,"物理,化学",2,4,5400.0
海南,2025,本科批,综合,109,天津财经大学,2,10,财务管理,,不限,2,4,4400.0
海南,2025,本科批,综合,109,天津财经大学,3,14,金融数学,,物理,1,4,4400.0
海南,2025,本科批,综合,149,天津财经大学珠江学院,1,1,会计学,,不限,33,4,15000.0
海南,2025,本科批,综合,149,天津财经大学珠江学院,1,2,金融学,,不限,10,4,15000.0
海南,2025,本科批,综合,114,天津城建大学,2,7,安全工程,,"物理,化学",2,4,5400.0
海南,2025,本科批,综合,114,天津城建大学,2,8,港口航道与海岸工程,,"物理,化学",2,4,5400.0
海南,2025,本科批,综合,114,天津城建大学,2,15,人工智能,,"物理,化学",1,4,5400.0
海南,2025,本科批,综合,114,天津城建大学,1,4,土地资源管理,,不限,1,4,4400.0
海南,2025,本科批,综合,114,天津城建大学,2,6,土木工程,,"物理,化学",1,4,5400.0
海南,2025,本科批,综合,114,天津城建大学,1,1,城乡规划,,不限,1,5,5400.0
海南,2025,本科批,综合,114,天津城建大学,1,3,建筑学,,不限,1,5,5400.0
海南,2025,本科批,综合,114,天津城建大学,2,10,建筑环境与能源应用工程,,"物理,化学",1,4,5400.0
海南,2025,本科批,综合,114,天津城建大学,2,17,建筑电气与智能化,,"物理,化学",1,4,5400.0
海南,2025,本科批,综合,114,天津城建大学,1,5,投资学,,不限,1,4,4400.0
海南,2025,本科批,综合,114,天津城建大学,2,18,智能制造工程,,"物理,化学",1,4,5400.0
海南,2025,本科批,综合,114,天津城建大学,2,16,智能建造,,"物理,化学",1,4,5400.0
海南,2025,本科批,综合,114,天津城建大学,2,14,机械设计制造及其自动化,,"物理,化学",1,4,5400.0
海南,2025,本科批,综合,114,天津城建大学,2,9,材料科学与工程,,"物理,化学",1,4,5400.0
海南,2025,本科批,综合,114,天津城建大学,2,12,环境工程,,"物理,化学",1,4,5400.0
海南,2025,本科批,综合,114,天津城建大学,2,11,给排水科学与工程,,"物理,化学",1,4,5400.0
海南,2025,本科批,综合,114,天津城建大学,2,13,计算机类,(包含专业:计算机科学与技术、网络工程、物联网工程),"物理,化学",1,4,5400.0
海南,2025,本科批,综合,114,天津城建大学,1,2,风景园林,,不限,1,4,5400.0
海南,2025,专科批,综合,145,天津城市建设管理职业技术学院,2,15,城市燃气工程技术,,不限,1,3,5500.0
海南,2025,专科批,综合,145,天津城市建设管理职业技术学院,2,11,大数据技术,,不限,1,3,5500.0
海南,2025,专科批,综合,145,天津城市建设管理职业技术学院,2,10,工业互联网技术,,不限,1,3,5500.0
海南,2025,专科批,综合,145,天津城市建设管理职业技术学院,2,3,工程测量技术,,不限,1,3,5500.0
海南,2025,专科批,综合,145,天津城市建设管理职业技术学院,2,17,建筑装饰工程技术,,不限,1,3,5500.0
海南,2025,专科批,综合,145,天津城市建设管理职业技术学院,2,5,摄影测量与遥感技术,(无人机方向),不限,1,3,5000.0
海南,2025,专科批,综合,145,天津城市建设管理职业技术学院,2,6,数字媒体技术,,不限,1,3,5500.0
海南,2025,专科批,综合,145,天津城市建设管理职业技术学院,2,18,新能源汽车技术,,不限,1,3,5000.0
海南,2025,专科批,综合,145,天津城市建设管理职业技术学院,2,4,无人机测绘技术,,不限,1,3,5500.0
海南,2025,专科批,综合,145,天津城市建设管理职业技术学院,2,14,智能焊接技术,,不限,1,3,5500.0
海南,2025,专科批,综合,145,天津城市建设管理职业技术学院,2,16,汽车检测与维修技术,,不限,1,3,5500.0
海南,2025,专科批,综合,145,天津城市建设管理职业技术学院,2,8,物联网应用技术,,不限,1,3,5500.0
海南,2025,专科批,综合,145,天津城市建设管理职业技术学院,2,7,现代物业管理,,不限,1,3,5500.0
海南,2025,专科批,综合,145,天津城市建设管理职业技术学院,2,13,电气自动化技术,,不限,1,3,5500.0
海南,2025,专科批,综合,145,天津城市建设管理职业技术学院,2,12,社区管理与服务,,不限,1,3,5000.0
海南,2025,专科批,综合,145,天津城市建设管理职业技术学院,2,9,计算机应用技术,,不限,1,3,5500.0
海南,2025,专科批,综合,145,天津城市建设管理职业技术学院,2,19,风景园林设计,,不限,1,3,5500.0
海南,2025,专科批,综合,139,天津城市职业学院,1,1,会展策划与管理,,不限,1,3,5000.0
海南,2025,专科批,综合,139,天津城市职业学院,1,2,酒店管理与数字化运营,,不限,1,3,5000.0
海南,2025,本科批,综合,97,天津大学,3,3,工科试验班,(电气信息类)(包含专业:电气工程及其自动化、电子信息工程、通信工程、物联网工程、智能电网信息工程、自动化、机器人工程),"物理,化学",8,4,5800.0
海南,2025,本科批,综合,97,天津大学,3,5,工科试验班,(智能制造与建造)(包含专业:工程力学、工业设计、机械设计制造及其自动化、能源与动力工程、智能制造工程、港口航道与海岸工程、水利水电工程、土木工程、建筑环境与能源应用工程、材料成型及控制工程、智慧建筑与建造),"物理,化学",8,4,5800.0
海南,2025,本科批,综合,97,天津大学,3,4,工科试验班,(智能与计算类)(包含专业:计算机科学与技术、人工智能、软件工程、网络空间安全；大类中软件工程专业后两年收费为14000元/年),"物理,化学",6,4,5800.0
海南,2025,本科批,综合,97,天津大学,3,6,工科试验班,"(未来技术学院)(含未来智能机器与系统平台、国家储能平台(储能科学与工程)(首批国家级未来技术学院,重点面向人工智能、新型储能、智能制造、具身智能等新工科领域,超常规培养、项目式、小班化、导师制、国际化教学)；或选择王守融班、吴咏诗英才班、电气卓越创新计划、师昌绪班等各学院大师班；或全校其他专业)","物理,化学",4,4,5800.0
海南,2025,本科批,综合,97,天津大学,2,2,建筑类,(包含专业:城乡规划、风景园林、建筑学(5年制)；不招色盲、色弱),不限,4,4,5800.0
海南,2025,国家专项,综合,97,天津大学,1,1,经济管理试验班,(包含专业:保密管理、工程管理、工业工程、信息管理与信息系统、供应链管理、财务管理、电子商务、金融学),"物理,化学",1,4,5200.0
海南,2025,专科批,综合,122,天津电子信息职业技术学院,1,14,机械制造及自动化,,不限,4,3,5500.0
海南,2025,专科批,综合,122,天津电子信息职业技术学院,1,16,电气自动化技术,,不限,4,3,5500.0
海南,2025,专科批,综合,122,天津电子信息职业技术学院,1,5,人工智能技术应用,,不限,3,3,5500.0
海南,2025,专科批,综合,122,天津电子信息职业技术学院,1,1,动漫制作技术,,不限,3,3,5500.0
海南,2025,专科批,综合,122,天津电子信息职业技术学院,1,10,大数据与会计,,不限,3,3,5000.0
海南,2025,专科批,综合,122,天津电子信息职业技术学院,1,6,大数据技术,,不限,3,3,5500.0
海南,2025,专科批,综合,122,天津电子信息职业技术学院,1,2,广播影视节目制作,,不限,3,3,5500.0
海南,2025,专科批,综合,122,天津电子信息职业技术学院,1,15,应用电子技术,,不限,3,3,5500.0
海南,2025,专科批,综合,122,天津电子信息职业技术学院,1,4,数字媒体技术,,不限,3,3,5500.0
海南,2025,专科批,综合,122,天津电子信息职业技术学院,1,7,物联网应用技术,,不限,3,3,5500.0
海南,2025,专科批,综合,122,天津电子信息职业技术学院,1,12,现代通信技术,,不限,3,3,5500.0
海南,2025,专科批,综合,122,天津电子信息职业技术学院,1,9,电子商务,,不限,3,3,5500.0
海南,2025,专科批,综合,122,天津电子信息职业技术学院,1,3,移动应用开发,,不限,3,3,5500.0
海南,2025,专科批,综合,122,天津电子信息职业技术学院,1,13,计算机应用技术,,不限,3,3,5500.0
海南,2025,专科批,综合,122,天津电子信息职业技术学院,1,11,计算机网络技术,,不限,3,3,5500.0
海南,2025,专科批,综合,122,天津电子信息职业技术学院,1,8,软件技术,,不限,3,3,5500.0
海南,2025,本科批,综合,99,天津工业大学,4,17,电子信息工程,,"物理,化学",3,4,5400.0
海南,2025,本科批,综合,99,天津工业大学,2,7,会计学,(不招单色不识别者),不限,2,4,4400.0
海南,2025,本科批,综合,99,天津工业大学,3,11,信息管理与信息系统,(不招单色不识别者),物理,2,4,4400.0
海南,2025,本科批,综合,99,天津工业大学,4,15,化学生物学,(不招色盲、色弱),"物理,化学",2,4,5400.0
海南,2025,本科批,综合,99,天津工业大学,2,9,国际经济与贸易,,不限,2,4,4400.0
海南,2025,本科批,综合,99,天津工业大学,3,12,工业工程,,物理,2,4,4400.0
海南,2025,本科批,综合,99,天津工业大学,2,6,工商管理,(不招单色不识别者),不限,2,4,4400.0
海南,2025,本科批,综合,99,天津工业大学,4,19,智能医学工程,(不招色盲、色弱),"物理,化学",2,4,5400.0
海南,2025,本科批,综合,99,天津工业大学,3,13,服装设计与工程,,物理,2,4,5400.0
海南,2025,本科批,综合,99,天津工业大学,4,14,材料科学与工程,,"物理,化学",2,4,5400.0
海南,2025,本科批,综合,99,天津工业大学,2,5,汉语言文学,,不限,2,4,4400.0
海南,2025,本科批,综合,99,天津工业大学,2,10,法学,,不限,2,4,4400.0
海南,2025,本科批,综合,99,天津工业大学,4,18,物联网工程,,"物理,化学",2,4,5400.0
海南,2025,本科批,综合,99,天津工业大学,4,16,环境工程,(不招色盲、色弱),"物理,化学",2,4,5400.0
海南,2025,本科批,综合,99,天津工业大学,4,20,电子科学与技术,,"物理,化学",2,4,5400.0
海南,2025,本科批,综合,99,天津工业大学,2,4,网络与新媒体,,不限,2,4,4400.0
海南,2025,本科批,综合,99,天津工业大学,2,8,金融学,,不限,2,4,4400.0
海南,2025,专科批,综合,128,天津国土资源和房屋职业学院,1,5,会展策划与管理,,不限,2,3,5500.0
海南,2025,专科批,综合,128,天津国土资源和房屋职业学院,1,1,国土资源调查与管理,(不动产登记),不限,2,3,5500.0
海南,2025,专科批,综合,128,天津国土资源和房屋职业学院,1,3,工程造价,,不限,2,3,5500.0
海南,2025,专科批,综合,128,天津国土资源和房屋职业学院,1,2,建筑工程技术,,不限,2,3,5500.0
海南,2025,专科批,综合,128,天津国土资源和房屋职业学院,1,4,现代物业管理,,不限,2,3,5500.0
海南,2025,专科提前批,综合,147,天津海运职业学院,1,2,航海技术,(只招男生；具体要求详见学校招生章程),不限,4,3,5500.0
海南,2025,专科提前批,综合,147,天津海运职业学院,1,1,轮机工程技术,(只招男生；具体要求详见学校招生章程),不限,2,3,5500.0
海南,2025,专科批,综合,131,天津交通职业学院,1,3,供应链运营,,不限,5,3,5000.0
海南,2025,专科批,综合,131,天津交通职业学院,1,5,工业机器人技术,,不限,5,3,5500.0
海南,2025,专科批,综合,131,天津交通职业学院,1,8,工程测量技术,,不限,5,3,5500.0
海南,2025,专科批,综合,131,天津交通职业学院,1,9,市政工程技术,,不限,5,3,5500.0
海南,2025,专科批,综合,131,天津交通职业学院,1,10,建筑工程技术,,不限,5,3,5500.0
海南,2025,专科批,综合,131,天津交通职业学院,1,7,智能交通技术,,不限,5,3,5500.0
海南,2025,专科批,综合,131,天津交通职业学院,1,4,智能物流技术,,不限,5,3,5500.0
海南,2025,专科批,综合,131,天津交通职业学院,1,2,智能网联汽车技术,,不限,5,3,5500.0
海南,2025,专科批,综合,131,天津交通职业学院,1,6,汽车制造与试验技术,,不限,5,3,5000.0
海南,2025,专科批,综合,131,天津交通职业学院,1,1,汽车智能技术,,不限,5,3,5500.0
海南,2025,本科批,综合,98,天津科技大学,84,33,化学工程与工艺,(实行学分制收费；只招收经审核取得少数民族聚居地区的少数民族加分资格及取得少数民族预科班(民族班)资格的考生),"物理,化学",3,4,5400.0
海南,2025,本科批,综合,98,天津科技大学,82,27,微电子科学与工程,(实行学分制收费；只招收经审核取得少数民族聚居地区的少数民族加分资格及取得少数民族预科班(民族班)资格的考生),"物理,化学",3,4,5400.0
海南,2025,本科批,综合,98,天津科技大学,84,31,材料化学,(实行学分制收费；只招收经审核取得少数民族聚居地区的少数民族加分资格及取得少数民族预科班(民族班)资格的考生),"物理,化学",3,4,5400.0
海南,2025,本科批,综合,98,天津科技大学,84,36,海洋科学,(实行学分制收费；只招收经审核取得少数民族聚居地区的少数民族加分资格及取得少数民族预科班(民族班)资格的考生),"物理,化学",3,4,5400.0
海南,2025,本科批,综合,98,天津科技大学,82,28,电气工程及其自动化,(实行学分制收费；只招收经审核取得少数民族聚居地区的少数民族加分资格及取得少数民族预科班(民族班)资格的考生),"物理,化学",3,4,5400.0
海南,2025,本科批,综合,98,天津科技大学,84,35,轻化工程,(实行学分制收费；只招收经审核取得少数民族聚居地区的少数民族加分资格及取得少数民族预科班(民族班)资格的考生),"物理,化学",3,4,5400.0
海南,2025,本科批,综合,98,天津科技大学,84,32,食品科学与工程,(实行学分制收费；只招收经审核取得少数民族聚居地区的少数民族加分资格及取得少数民族预科班(民族班)资格的考生),"物理,化学",3,4,5400.0
海南,2025,本科批,综合,98,天津科技大学,84,34,高分子材料与工程,(实行学分制收费；只招收经审核取得少数民族聚居地区的少数民族加分资格及取得少数民族预科班(民族班)资格的考生),"物理,化学",3,4,5400.0
海南,2025,本科批,综合,98,天津科技大学,80,12,人力资源管理,(实行学分制收费；只招收经审核取得少数民族聚居地区的少数民族加分资格及取得少数民族预科班(民族班)资格的考生),不限,2,4,4400.0
海南,2025,本科批,综合,98,天津科技大学,83,24,制药工程,(实行学分制收费),"物理,化学",2,4,5400.0
海南,2025,本科批,综合,98,天津科技大学,4,13,大数据管理与应用,(实行学分制收费),物理,2,4,4400.0
海南,2025,本科批,综合,98,天津科技大学,81,15,工业工程,(实行学分制收费；只招收经审核取得少数民族聚居地区的少数民族加分资格及取得少数民族预科班(民族班)资格的考生),物理,2,4,4400.0
海南,2025,本科批,综合,98,天津科技大学,82,38,机器人工程,(实行学分制收费；只招收经审核取得少数民族聚居地区的少数民族加分资格及取得少数民族预科班(民族班)资格的考生),"物理,化学",2,4,5400.0
海南,2025,本科批,综合,98,天津科技大学,80,11,法学类,(包含专业:法学、知识产权；实行学分制收费；只招收经审核取得少数民族聚居地区的少数民族加分资格及取得少数民族预科班(民族班)资格的考生),不限,2,4,4400.0
海南,2025,本科批,综合,98,天津科技大学,83,25,海洋技术,(实行学分制收费),"物理,化学",2,4,5400.0
海南,2025,本科批,综合,98,天津科技大学,4,14,物流管理,(实行学分制收费),物理,2,4,4400.0
海南,2025,本科批,综合,98,天津科技大学,82,23,物联网工程,(实行学分制收费；只招收经审核取得少数民族聚居地区的少数民族加分资格及取得少数民族预科班(民族班)资格的考生),"物理,化学",2,4,5400.0
海南,2025,本科批,综合,98,天津科技大学,84,37,环境科学,(实行学分制收费；只招收经审核取得少数民族聚居地区的少数民族加分资格及取得少数民族预科班(民族班)资格的考生),"物理,化学",2,4,5400.0
海南,2025,本科批,综合,98,天津科技大学,5,21,自动化,(实行学分制收费),"物理,化学",2,4,5400.0
海南,2025,本科批,综合,98,天津科技大学,82,29,计算机科学与技术,(实行学分制收费；只招收经审核取得少数民族聚居地区的少数民族加分资格及取得少数民族预科班(民族班)资格的考生),"物理,化学",2,4,5400.0
海南,2025,本科批,综合,98,天津科技大学,3,7,财务管理,(实行学分制收费),不限,2,4,4400.0
海南,2025,本科批,综合,98,天津科技大学,5,17,过程装备与控制工程,(实行学分制收费),"物理,化学",2,4,5400.0
海南,2025,本科批,综合,98,天津科技大学,81,16,金融工程,(实行学分制收费；只招收经审核取得少数民族聚居地区的少数民族加分资格及取得少数民族预科班(民族班)资格的考生),物理,2,4,4400.0
海南,2025,本科批,综合,98,天津科技大学,5,20,人工智能,(实行学分制收费),"物理,化学",1,4,5400.0
海南,2025,本科批,综合,98,天津科技大学,3,8,国际经济与贸易,(实行学分制收费),不限,1,4,4400.0
海南,2025,本科批,综合,98,天津科技大学,5,30,数字媒体技术,(实行学分制收费),"物理,化学",1,4,5400.0
海南,2025,本科批,综合,98,天津科技大学,5,18,智能制造工程,(实行学分制收费),"物理,化学",1,4,5400.0
海南,2025,本科批,综合,98,天津科技大学,5,19,测控技术与仪器,(实行学分制收费),"物理,化学",1,4,5400.0
海南,2025,本科批,综合,98,天津科技大学,83,26,生物工程,(实行学分制收费),"物理,化学",1,4,5400.0
海南,2025,本科批,综合,98,天津科技大学,3,9,翻译,(实施“翻译+法学/国际经济与贸易”的“主修+辅修”学士学位改革试点班；实行学分制收费),不限,1,4,5400.0
海南,2025,本科批,综合,98,天津科技大学,3,10,英语,(实施“英语+法学/国际经济与贸易”的“主修+辅修”学士学位改革试点班；实行学分制收费),不限,1,4,5400.0
海南,2025,本科批,综合,98,天津科技大学,5,22,软件工程,(实行学分制收费),"物理,化学",1,4,5400.0
海南,2025,国家专项,综合,98,天津科技大学,2,5,微电子科学与工程,(实行学分制收费),"物理,化学",2,4,5400.0
海南,2025,国家专项,综合,98,天津科技大学,2,6,机械电子工程,(实行学分制收费),"物理,化学",2,4,5400.0
海南,2025,本科批,综合,101,天津理工大学,2,10,机械工程,,"物理,化学",4,4,5400.0
海南,2025,本科批,综合,101,天津理工大学,2,12,机械电子工程,,"物理,化学",4,4,5400.0
海南,2025,本科批,综合,101,天津理工大学,2,6,测控技术与仪器,,"物理,化学",4,4,5400.0
海南,2025,本科批,综合,101,天津理工大学,1,1,工程管理,,物理,3,4,4400.0
海南,2025,本科批,综合,101,天津理工大学,1,2,工程造价,,物理,3,4,4400.0
海南,2025,本科批,综合,101,天津理工大学,2,5,光电信息材料与器件,,"物理,化学",2,4,5400.0
海南,2025,本科批,综合,101,天津理工大学,2,7,化学工程与工艺,,"物理,化学",2,4,5400.0
海南,2025,本科批,综合,101,天津理工大学,2,8,应用化学,,"物理,化学",2,4,5400.0
海南,2025,本科批,综合,101,天津理工大学,2,3,材料物理,,"物理,化学",2,4,5400.0
海南,2025,本科批,综合,101,天津理工大学,2,4,材料科学与工程,,"物理,化学",2,4,5400.0
海南,2025,本科批,综合,101,天津理工大学,2,11,环境工程,,"物理,化学",2,4,5400.0
海南,2025,本科批,综合,101,天津理工大学,2,13,环境科学,,"物理,化学",2,4,5400.0
海南,2025,本科批,综合,101,天津理工大学,2,9,药学,,"物理,化学",2,4,5400.0
海南,2025,本科批,综合,142,天津理工大学中环信息学院,1,3,人力资源管理,,不限,8,4,15000.0
海南,2025,本科批,综合,142,天津理工大学中环信息学院,2,4,工程管理,,物理,6,4,15000.0
海南,2025,本科批,综合,142,天津理工大学中环信息学院,1,2,物流管理,,不限,6,4,15000.0
海南,2025,本科批,综合,142,天津理工大学中环信息学院,1,1,财务管理,,不限,6,4,15000.0
海南,2025,本科批,综合,142,天津理工大学中环信息学院,3,17,人工智能,,"物理,化学",2,4,18000.0
海南,2025,本科批,综合,142,天津理工大学中环信息学院,3,18,机器人工程,,"物理,化学",2,4,18000.0
海南,2025,本科批,综合,142,天津理工大学中环信息学院,3,10,机械设计制造及其自动化,,"物理,化学",2,4,18000.0
海南,2025,本科批,综合,142,天津理工大学中环信息学院,3,16,计算机科学与技术,,"物理,化学",2,4,18000.0
海南,2025,本科批,综合,142,天津理工大学中环信息学院,3,19,数字媒体技术,,"物理,化学",1,4,18000.0
海南,2025,本科批,综合,142,天津理工大学中环信息学院,3,20,数据科学与大数据技术,,"物理,化学",1,4,18000.0
海南,2025,本科批,综合,142,天津理工大学中环信息学院,3,5,智能电网信息工程,,"物理,化学",1,4,18000.0
海南,2025,本科批,综合,142,天津理工大学中环信息学院,3,9,机械电子工程,,"物理,化学",1,4,18000.0
海南,2025,本科批,综合,142,天津理工大学中环信息学院,3,13,物联网工程,,"物理,化学",1,4,18000.0
海南,2025,本科批,综合,142,天津理工大学中环信息学院,3,14,电子信息工程,,"物理,化学",1,4,18000.0
海南,2025,本科批,综合,142,天津理工大学中环信息学院,3,15,电子信息科学与技术,,"物理,化学",1,4,18000.0
海南,2025,本科批,综合,142,天津理工大学中环信息学院,3,6,电气工程与智能控制,,"物理,化学",1,4,18000.0
海南,2025,本科批,综合,142,天津理工大学中环信息学院,3,7,电气工程及其自动化,,"物理,化学",1,4,18000.0
海南,2025,本科批,综合,142,天津理工大学中环信息学院,3,8,自动化,,"物理,化学",1,4,18000.0
海南,2025,本科批,综合,142,天津理工大学中环信息学院,3,11,软件工程,,"物理,化学",1,4,18000.0
海南,2025,本科批,综合,142,天津理工大学中环信息学院,3,12,通信工程,,"物理,化学",1,4,18000.0
海南,2025,本科批,综合,102,天津农学院,1,5,公共事业管理,,不限,4,4,4400.0
海南,2025,本科批,综合,102,天津农学院,1,7,文化产业管理,,不限,4,4,4400.0
海南,2025,本科批,综合,102,天津农学院,1,2,物流管理,,不限,4,4,4400.0
海南,2025,本科批,综合,102,天津农学院,1,1,网络与新媒体,,不限,4,4,4400.0
海南,2025,本科批,综合,102,天津农学院,1,3,市场营销,,不限,3,4,4400.0
海南,2025,本科批,综合,102,天津农学院,1,8,旅游管理,,不限,3,4,4400.0
海南,2025,本科批,综合,102,天津农学院,1,6,人力资源管理,,不限,2,4,4400.0
海南,2025,本科批,综合,102,天津农学院,3,12,园林,,生物,2,4,4400.0
海南,2025,本科批,综合,102,天津农学院,2,10,水产养殖学,,"物理,化学",2,4,4400.0
海南,2025,本科批,综合,102,天津农学院,2,11,海洋渔业科学与技术,,"物理,化学",2,4,4400.0
海南,2025,本科批,综合,102,天津农学院,1,4,会计学,,不限,1,4,4400.0
海南,2025,本科批,综合,102,天津农学院,2,9,软件工程,,"物理,化学",1,4,8000.0
海南,2025,专科批,综合,126,天津轻工职业技术学院,1,1,模具设计与制造,,不限,1,3,5500.0
海南,2025,专科批,综合,126,天津轻工职业技术学院,1,2,现代物流管理,(国际物流与报关),不限,1,3,5000.0
海南,2025,本科批,综合,148,天津仁爱学院,5,35,法学,,"政治,历史",9,4,28000.0
海南,2025,本科批,综合,148,天津仁爱学院,4,24,计算机科学与技术,(详细培养方式、收费标准等请查看院校招生章程或咨询院校),"物理,化学",9,4,32000.0
海南,2025,本科批,综合,148,天津仁爱学院,3,14,工程管理,,物理,8,4,28000.0
海南,2025,本科批,综合,148,天津仁爱学院,3,13,物流工程,,物理,7,4,28000.0
海南,2025,本科批,综合,148,天津仁爱学院,4,19,人工智能,(详细培养方式、收费标准等请查看院校招生章程或咨询院校),"物理,化学",6,4,32000.0
海南,2025,本科批,综合,148,天津仁爱学院,4,29,制药工程,,"物理,化学",6,4,31000.0
海南,2025,本科批,综合,148,天津仁爱学院,4,28,数据科学与大数据技术,(详细培养方式、收费标准等请查看院校招生章程或咨询院校),"物理,化学",6,4,32000.0
海南,2025,本科批,综合,148,天津仁爱学院,4,33,新能源科学与工程,,"物理,化学",6,4,31000.0
海南,2025,本科批,综合,148,天津仁爱学院,4,17,机械设计制造及其自动化,,"物理,化学",6,4,31000.0
海南,2025,本科批,综合,148,天津仁爱学院,4,27,水利水电工程,,"物理,化学",6,4,31000.0
海南,2025,本科批,综合,148,天津仁爱学院,3,11,信息管理与信息系统,(详细培养方式、收费标准等请查看院校招生章程或咨询院校),物理,5,4,32000.0
海南,2025,本科批,综合,148,天津仁爱学院,2,7,建筑学,,不限,5,5,31000.0
海南,2025,本科批,综合,148,天津仁爱学院,4,21,新能源汽车工程,,"物理,化学",5,4,31000.0
海南,2025,本科批,综合,148,天津仁爱学院,4,20,电子信息工程,,"物理,化学",5,4,31000.0
海南,2025,本科批,综合,148,天津仁爱学院,4,18,自动化,,"物理,化学",5,4,31000.0
海南,2025,本科批,综合,148,天津仁爱学院,2,5,英语,,不限,5,4,31000.0
海南,2025,本科批,综合,148,天津仁爱学院,4,25,软件工程,,"物理,化学",5,4,31000.0
海南,2025,本科批,综合,148,天津仁爱学院,4,34,通信工程,,"物理,化学",5,4,31000.0
海南,2025,本科批,综合,148,天津仁爱学院,2,8,传播学,,不限,4,4,31000.0
海南,2025,本科批,综合,148,天津仁爱学院,2,9,商务英语,,不限,4,4,31000.0
海南,2025,本科批,综合,148,天津仁爱学院,3,12,工业工程,(详细培养方式、收费标准等请查看院校招生章程或咨询院校),物理,4,4,32000.0
海南,2025,本科批,综合,148,天津仁爱学院,4,16,智能制造工程,,"物理,化学",4,4,31000.0
海南,2025,本科批,综合,148,天津仁爱学院,4,31,港口航道与海岸工程,,"物理,化学",4,4,31000.0
海南,2025,本科批,综合,148,天津仁爱学院,4,26,物联网工程,(详细培养方式、收费标准等请查看院校招生章程或咨询院校),"物理,化学",4,4,32000.0
海南,2025,本科批,综合,148,天津仁爱学院,4,15,土木工程,,"物理,化学",3,4,31000.0
海南,2025,本科批,综合,148,天津仁爱学院,4,30,电气工程及其自动化,,"物理,化学",3,4,31000.0
海南,2025,本科批,综合,148,天津仁爱学院,3,10,金融工程,(详细培养方式、收费标准等请查看院校招生章程或咨询院校),物理,3,4,32000.0
海南,2025,本科批,综合,148,天津仁爱学院,4,22,智能交互设计,,"物理,化学",2,4,31000.0
海南,2025,本科批,综合,148,天津仁爱学院,4,32,化学工程与工艺,,"物理,化学",1,4,31000.0
海南,2025,本科批,综合,148,天津仁爱学院,4,23,给排水科学与工程,,"物理,化学",1,4,31000.0
海南,2025,本科批,综合,148,天津仁爱学院,2,6,财务管理,,不限,1,4,28000.0
海南,2025,本科批,综合,108,天津商业大学,1,3,旅游管理类,(包含专业:旅游管理、酒店管理),不限,8,4,4400.0
海南,2025,本科批,综合,108,天津商业大学,1,1,经济学类,(包含专业:经济学、财政学、金融学、信用管理、国际经济与贸易),不限,6,4,4400.0
海南,2025,本科批,综合,108,天津商业大学,1,4,会展经济与管理,,不限,4,4,4400.0
海南,2025,本科批,综合,108,天津商业大学,1,5,会计学,,不限,4,4,4400.0
海南,2025,本科批,综合,108,天津商业大学,1,2,工商管理类,(包含专业:工商管理、市场营销、人力资源管理),不限,4,4,4400.0
海南,2025,本科批,综合,134,天津商业大学宝德学院,4,5,电子商务,,不限,5,4,15000.0
海南,2025,本科批,综合,134,天津商业大学宝德学院,4,6,金融学,,不限,4,4,15000.0
海南,2025,本科批,综合,134,天津商业大学宝德学院,4,13,会计学,,不限,2,4,15000.0
海南,2025,本科批,综合,134,天津商业大学宝德学院,4,9,商务英语,,不限,2,4,18000.0
海南,2025,本科批,综合,134,天津商业大学宝德学院,4,11,审计学,,不限,2,4,15000.0
海南,2025,本科批,综合,134,天津商业大学宝德学院,4,8,工商管理类,(包含专业:工商管理、市场营销、人力资源管理),不限,2,4,15000.0
海南,2025,本科批,综合,134,天津商业大学宝德学院,4,14,广播电视编导,,不限,2,4,22000.0
海南,2025,本科批,综合,134,天津商业大学宝德学院,4,15,戏剧影视文学,,不限,2,4,22000.0
海南,2025,本科批,综合,134,天津商业大学宝德学院,4,7,物流管理,,不限,2,4,15000.0
海南,2025,本科批,综合,134,天津商业大学宝德学院,4,10,英语,,不限,2,4,18000.0
海南,2025,本科批,综合,134,天津商业大学宝德学院,4,12,财务管理,,不限,2,4,15000.0
海南,2025,本科批,综合,134,天津商业大学宝德学院,4,4,日语,,不限,1,4,18000.0
海南,2025,本科批,综合,105,天津师范大学,3,13,化学,(师范),"物理,化学",2,4,5400.0
海南,2025,本科批,综合,105,天津师范大学,3,11,数学与应用数学,(师范),"物理,化学",2,4,5400.0
海南,2025,本科批,综合,105,天津师范大学,3,14,生物科学,(师范),"物理,化学",2,4,5400.0
海南,2025,本科批,综合,105,天津师范大学,2,6,经济学,,不限,2,4,4400.0
海南,2025,本科批,综合,105,天津师范大学,80,10,软件工程,(只录取有专业志愿考生(不含服从志愿)),"物理,化学",2,4,8000.0
海南,2025,本科批,综合,105,天津师范大学,3,12,化学,,"物理,化学",1,4,5400.0
海南,2025,本科批,综合,105,天津师范大学,2,7,国际经济与贸易,,不限,1,4,4400.0
海南,2025,本科批,综合,105,天津师范大学,2,8,投资学,,不限,1,4,4400.0
海南,2025,本科批,综合,105,天津师范大学,2,4,汉语言文学,(师范),不限,1,4,4400.0
海南,2025,本科批,综合,105,天津师范大学,2,5,法学,,不限,1,4,4400.0
海南,2025,本科批,综合,105,天津师范大学,3,9,计算机科学与技术,,"物理,化学",1,4,5400.0
海南,2025,专科批,综合,138,天津石油职业技术学院,1,3,应用化工技术,,不限,5,3,5000.0
海南,2025,专科批,综合,138,天津石油职业技术学院,1,4,无人机应用技术,,不限,5,3,5000.0
海南,2025,专科批,综合,138,天津石油职业技术学院,1,2,电气自动化技术,,不限,5,3,5000.0
海南,2025,专科批,综合,138,天津石油职业技术学院,1,1,石油工程技术,,不限,5,3,5000.0
海南,2025,专科批,综合,116,天津市职业大学,1,4,旅游管理,(海河园校区就读),不限,3,3,5000.0
海南,2025,专科批,综合,116,天津市职业大学,1,3,酒店管理与数字化运营,(海河园校区就读),不限,3,3,5500.0
海南,2025,专科批,综合,116,天津市职业大学,1,2,国际商务,(北辰校区就读),不限,2,3,5000.0
海南,2025,专科批,综合,116,天津市职业大学,1,1,机械制造及自动化,(北辰校区就读),不限,2,3,5500.0
海南,2025,本科批,综合,115,天津天狮学院,1,2,汉语国际教育,,不限,3,4,27800.0
海南,2025,本科批,综合,115,天津天狮学院,2,8,电子信息类,(包含专业:电子信息工程、通信工程),"物理,化学",3,4,29800.0
海南,2025,本科批,综合,115,天津天狮学院,1,4,英语,,不限,3,4,29800.0
海南,2025,本科批,综合,115,天津天狮学院,2,7,计算机科学与技术,,"物理,化学",3,4,34800.0
海南,2025,本科批,综合,115,天津天狮学院,1,1,金融学类,(包含专业:金融学、保险学),不限,3,4,27800.0
海南,2025,本科批,综合,115,天津天狮学院,1,5,工商管理类,(包含专业:市场营销、财务管理、国际商务、人力资源管理、审计学),不限,2,4,27800.0
海南,2025,本科批,综合,115,天津天狮学院,1,6,电子商务,,不限,2,4,27800.0
海南,2025,本科批,综合,115,天津天狮学院,1,3,劳动与社会保障,,不限,1,4,27800.0
海南,2025,专科批,综合,140,天津铁道职业技术学院,1,4,人工智能技术应用,,不限,2,3,5500.0
海南,2025,专科批,综合,140,天津铁道职业技术学院,1,2,铁道机车运用与维护,(不招色盲、色弱；矫正视力不低于4.8；只招男生),不限,2,3,5000.0
海南,2025,专科批,综合,140,天津铁道职业技术学院,1,5,无人机应用技术,,不限,1,3,5000.0
海南,2025,专科批,综合,140,天津铁道职业技术学院,1,3,现代通信技术,(不招色盲、色弱；矫正视力不低于4.8；适合男生),不限,1,3,5000.0
海南,2025,专科批,综合,140,天津铁道职业技术学院,1,6,铁道机车车辆制造与维护,(不招色盲、色弱；矫正视力不低于4.8；只招男生),不限,1,3,5000.0
海南,2025,专科批,综合,140,天津铁道职业技术学院,1,1,集装箱运输管理,(不招色盲、色弱；矫正视力不低于4.8；适合男生),不限,1,3,5000.0
海南,2025,本科批,综合,107,天津外国语大学,5,22,外交学,(省级一流本科专业建设点；可参与卓越外交人才创新班),政治,2,4,4400.0
海南,2025,本科批,综合,107,天津外国语大学,2,3,外国语言文学类,(英语类)(包含专业:英语、商务英语、翻译；国家级一流本科专业建设点；可参与英法双语国际传播人才、外交同传人才、跨境电商智能运营创新班选拔；“一带一路”倡议语种人才培养计划),不限,2,4,5400.0
海南,2025,本科批,综合,107,天津外国语大学,3,19,大数据管理与应用,"(依托天津市大学软件学院实训实习基地,实行校内和校外“双导师”制)",物理,2,4,4400.0
海南,2025,本科批,综合,107,天津外国语大学,81,15,工商管理类,"(包含专业:国际商务、会计学、财务管理、人力资源管理；国际商务专业为国家级一流本科专业建设点,人力资源管理专业为省级一流本科专业建设点,可参与“会计学+英语”创新班选拔)",不限,2,4,4400.0
海南,2025,本科批,综合,107,天津外国语大学,4,21,数字媒体技术,(省级一流本科专业建设点；可参与中国文化传播人才创新班选拔),"物理,化学",2,4,5400.0
海南,2025,本科批,综合,107,天津外国语大学,81,18,汉语国际教育,(国家级一流本科专业建设点；可参与国际中文教育人才创新班选拔),不限,2,4,4400.0
海南,2025,本科批,综合,107,天津外国语大学,81,17,经济学,(省级一流本科专业建设点),不限,2,4,4400.0
海南,2025,本科批,综合,107,天津外国语大学,80,11,印度尼西亚语,(省级一流本科专业建设点；“一带一路”倡议语种人才培养计划),不限,1,4,5400.0
海南,2025,本科批,综合,107,天津外国语大学,5,23,国际政治,(省级一流本科专业建设点),政治,1,4,4400.0
海南,2025,本科批,综合,107,天津外国语大学,81,13,国际经济与贸易,(省级一流本科专业建设点),不限,1,4,4400.0
海南,2025,本科批,综合,107,天津外国语大学,3,20,教育技术学,(可参与“教育技术学+英语”复合培养项目),物理,1,4,5400.0
海南,2025,本科批,综合,107,天津外国语大学,80,9,斯瓦希里语,(国家级一流本科专业建设点；“一带一路”倡议语种人才培养计划),不限,1,4,5400.0
海南,2025,本科批,综合,107,天津外国语大学,81,14,新闻传播学类,(包含专业:新闻学、传播学、广告学、网络与新媒体；新闻学专业为国家级一流本科专业建设点；可参与中国文化传播人才创新班选拔),不限,1,4,4400.0
海南,2025,本科批,综合,107,天津外国语大学,2,4,日语,(国家级一流本科专业建设点；可参与“日语+大数据管理与应用”或国别区域人才创新班选拔),不限,1,4,5400.0
海南,2025,本科批,综合,107,天津外国语大学,2,7,朝鲜语,(国家级一流本科专业建设点；“一带一路”倡议语种人才培养计划),不限,1,4,5400.0
海南,2025,本科批,综合,107,天津外国语大学,80,12,柬埔寨语,(“一带一路”倡议语种人才培养计划),不限,1,4,5400.0
海南,2025,本科批,综合,107,天津外国语大学,2,5,法语,"(国家级一流本科专业建设点；可参与中国民航大学联合培养项目选拔,第四至第六学期统一到中国民航大学学习,其余学期在天津外国语大学学习；“一带一路”倡议语种人才培养计划)",不限,1,4,5400.0
海南,2025,本科批,综合,107,天津外国语大学,2,6,葡萄牙语,(省级一流本科专业建设点；“一带一路”倡议语种人才培养计划),不限,1,4,5400.0
海南,2025,本科批,综合,107,天津外国语大学,81,16,金融学,(省级一流本科专业建设点),不限,1,4,4400.0
海南,2025,本科批,综合,107,天津外国语大学,2,8,阿拉伯语,(国家级一流本科专业建设点；“一带一路”倡议语种人才培养计划),不限,1,4,5400.0
海南,2025,本科批,综合,107,天津外国语大学,80,10,马来语,(“一带一路”倡议语种人才培养计划),不限,1,4,5400.0
海南,2025,本科批,综合,132,天津外国语大学滨海外事学院,1,1,金融学,,不限,4,4,15000.0
海南,2025,本科批,综合,132,天津外国语大学滨海外事学院,1,8,俄语,,不限,2,4,18000.0
海南,2025,本科批,综合,132,天津外国语大学滨海外事学院,1,5,日语,,不限,2,4,18000.0
海南,2025,本科批,综合,132,天津外国语大学滨海外事学院,1,6,法语,,不限,2,4,18000.0
海南,2025,本科批,综合,132,天津外国语大学滨海外事学院,1,4,电子商务,,不限,2,4,15000.0
海南,2025,本科批,综合,132,天津外国语大学滨海外事学院,1,2,翻译,,不限,2,4,18000.0
海南,2025,本科批,综合,132,天津外国语大学滨海外事学院,1,7,西班牙语,,不限,2,4,18000.0
海南,2025,本科批,综合,132,天津外国语大学滨海外事学院,1,3,酒店管理,,不限,2,4,15000.0
海南,2025,专科批,综合,124,天津现代职业技术学院,1,11,电子竞技运动与管理,,不限,3,3,5500.0
海南,2025,专科批,综合,124,天津现代职业技术学院,1,4,储能材料技术,,不限,2,3,5500.0
海南,2025,专科批,综合,124,天津现代职业技术学院,1,5,包装策划与设计,,不限,2,3,5500.0
海南,2025,专科批,综合,124,天津现代职业技术学院,1,10,卫星通信与导航技术,,不限,2,3,5500.0
海南,2025,专科批,综合,124,天津现代职业技术学院,1,1,安全技术与管理,,不限,2,3,5500.0
海南,2025,专科批,综合,124,天津现代职业技术学院,1,6,应用电子技术,,不限,2,3,5500.0
海南,2025,专科批,综合,124,天津现代职业技术学院,1,7,数字图文信息处理技术,,不限,2,3,5500.0
海南,2025,专科批,综合,124,天津现代职业技术学院,1,8,旅游管理,,不限,2,3,5000.0
海南,2025,专科批,综合,124,天津现代职业技术学院,1,3,环境工程技术,,不限,2,3,5500.0
海南,2025,专科批,综合,124,天津现代职业技术学院,1,2,环境管理与评价,,不限,2,3,5500.0
海南,2025,专科批,综合,124,天津现代职业技术学院,1,9,金融服务与管理,,不限,2,3,5000.0
海南,2025,本科批,综合,103,天津医科大学,3,3,临床医学,(5+3一体化)(不招色盲、色弱),"物理,化学,生物",3,5,5800.0
海南,2025,本科批,综合,103,天津医科大学,3,6,临床医学,(不招色盲、色弱),"物理,化学,生物",2,5,5800.0
海南,2025,本科批,综合,103,天津医科大学,3,13,医学检验技术,(不招色盲、色弱),"物理,化学,生物",2,4,5800.0
海南,2025,本科批,综合,103,天津医科大学,2,2,药学类,(包含专业:药学、药物制剂、临床药学；不招色盲、色弱),"物理,化学",2,4,5800.0
海南,2025,本科批,综合,103,天津医科大学,3,4,临床医学,"(5+3一体化,儿科学)(不招色盲、色弱)","物理,化学,生物",1,5,5800.0
海南,2025,本科批,综合,103,天津医科大学,3,9,医学影像学,(不招色盲、色弱),"物理,化学,生物",1,5,5800.0
海南,2025,本科批,综合,103,天津医科大学,3,5,口腔医学,(5+3一体化)(不招色盲、色弱),"物理,化学,生物",1,5,5800.0
海南,2025,本科批,综合,103,天津医科大学,3,12,康复治疗学,(不招色盲、色弱),"物理,化学,生物",1,4,5800.0
海南,2025,本科批,综合,103,天津医科大学,1,1,护理学,(不招色盲、色弱),化学,1,4,5800.0
海南,2025,本科批,综合,103,天津医科大学,3,11,生物信息学,(不招色盲、色弱),"物理,化学,生物",1,4,5400.0
海南,2025,本科批,综合,103,天津医科大学,3,10,生物制药,(不招色盲、色弱),"物理,化学,生物",1,4,5400.0
海南,2025,本科批,综合,103,天津医科大学,3,8,眼视光医学,(不招色盲、色弱),"物理,化学,生物",1,5,5800.0
海南,2025,本科批,综合,103,天津医科大学,3,7,麻醉学,(不招色盲、色弱),"物理,化学,生物",1,5,5800.0
海南,2025,专科批,综合,117,天津医学高等专科学校,2,3,护理,,"物理,化学,生物",3,3,5000.0
海南,2025,专科批,综合,117,天津医学高等专科学校,2,13,临床医学,,"物理,化学,生物",2,3,5500.0
海南,2025,专科批,综合,117,天津医学高等专科学校,2,5,医学美容技术,,"物理,化学,生物",2,3,5500.0
海南,2025,专科批,综合,117,天津医学高等专科学校,2,4,口腔医学,,"物理,化学,生物",2,3,5500.0
海南,2025,专科批,综合,117,天津医学高等专科学校,2,2,预防医学,,"物理,化学,生物",2,3,5500.0
海南,2025,专科批,综合,117,天津医学高等专科学校,2,9,中药学,,"物理,化学,生物",1,3,5000.0
海南,2025,专科批,综合,117,天津医学高等专科学校,2,7,医学影像技术,,"物理,化学,生物",1,3,5500.0
海南,2025,专科批,综合,117,天津医学高等专科学校,2,12,医学检验技术,,"物理,化学,生物",1,3,5500.0
海南,2025,专科批,综合,117,天津医学高等专科学校,2,14,康复治疗技术,,"物理,化学,生物",1,3,5000.0
海南,2025,专科批,综合,117,天津医学高等专科学校,2,6,智能医疗装备技术,,"物理,化学,生物",1,3,5500.0
海南,2025,专科批,综合,117,天津医学高等专科学校,1,1,美容美体艺术,,不限,1,3,5500.0
海南,2025,专科批,综合,117,天津医学高等专科学校,2,10,药学,,"物理,化学,生物",1,3,5500.0
海南,2025,专科批,综合,117,天津医学高等专科学校,2,8,药物制剂技术,,"物理,化学,生物",1,3,5500.0
海南,2025,专科批,综合,117,天津医学高等专科学校,2,11,针灸推拿,,"物理,化学,生物",1,3,5000.0
海南,2025,本科批,综合,106,天津职业技术师范大学,2,11,测控技术与仪器,,"物理,化学",4,4,5400.0
海南,2025,本科批,综合,106,天津职业技术师范大学,1,2,信用管理,,不限,3,4,4400.0
海南,2025,本科批,综合,106,天津职业技术师范大学,2,17,新能源汽车工程,,"物理,化学",3,4,5400.0
海南,2025,本科批,综合,106,天津职业技术师范大学,1,4,物流管理,,不限,3,4,4400.0
海南,2025,本科批,综合,106,天津职业技术师范大学,2,13,网络工程,,"物理,化学",3,4,5400.0
海南,2025,本科批,综合,106,天津职业技术师范大学,2,12,自动化,,"物理,化学",3,4,5400.0
海南,2025,本科批,综合,106,天津职业技术师范大学,1,1,金融学,,不限,3,4,4400.0
海南,2025,本科批,综合,106,天津职业技术师范大学,2,16,交通运输,,"物理,化学",2,4,5400.0
海南,2025,本科批,综合,106,天津职业技术师范大学,1,3,人力资源管理,,不限,2,4,4400.0
海南,2025,本科批,综合,106,天津职业技术师范大学,1,6,劳动教育,,不限,2,4,4400.0
海南,2025,本科批,综合,106,天津职业技术师范大学,2,15,微电子科学与工程,,"物理,化学",2,4,5400.0
海南,2025,本科批,综合,106,天津职业技术师范大学,2,7,数学与应用数学,,"物理,化学",2,4,5400.0
海南,2025,本科批,综合,106,天津职业技术师范大学,2,8,机电技术教育,,"物理,化学",2,4,5400.0
海南,2025,本科批,综合,106,天津职业技术师范大学,2,9,材料成型及控制工程,,"物理,化学",2,4,5400.0
海南,2025,本科批,综合,106,天津职业技术师范大学,1,5,汉语国际教育,,不限,2,4,4400.0
海南,2025,本科批,综合,106,天津职业技术师范大学,2,14,电子信息工程,,"物理,化学",2,4,5400.0
海南,2025,本科批,综合,106,天津职业技术师范大学,2,18,车辆工程,,"物理,化学",2,4,5400.0
海南,2025,本科批,综合,106,天津职业技术师范大学,2,10,通信工程,,"物理,化学",2,4,5400.0
海南,2025,本科批,综合,104,天津中医药大学,1,2,中医学类,(包含专业:中医学、针灸推拿学、中医康复学、中医养生学、中医骨伤科学),"物理,化学",4,5,5800.0
海南,2025,本科批,综合,104,天津中医药大学,1,1,中西医临床医学,(第二临床学院班),"物理,化学",2,5,5800.0
海南,2025,本科批,综合,2793,天水师范大学,5,6,地理科学,,地理,3,4,4000.0
海南,2025,本科批,综合,2793,天水师范大学,2,3,生物制药,,"物理,化学",3,4,4400.0
海南,2025,本科批,综合,2793,天水师范大学,3,4,生物科学,,"物理,化学,生物",3,4,4000.0
海南,2025,本科批,综合,2793,天水师范大学,2,2,化学,,"物理,化学",2,4,4000.0
海南,2025,本科批,综合,2793,天水师范大学,4,5,汉语言文学,,历史,2,4,3800.0
海南,2025,本科批,综合,2793,天水师范大学,1,1,英语,,不限,2,4,4300.0
海南,2025,本科批,综合,562,通化师范学院,2,9,化学,,"物理,化学",2,4,5500.0
海南,2025,本科批,综合,562,通化师范学院,4,15,地理科学,,地理,2,4,5000.0
海南,2025,本科批,综合,562,通化师范学院,2,10,应用化学,,"物理,化学",2,4,5000.0
海南,2025,本科批,综合,562,通化师范学院,3,14,思想政治教育,,政治,2,4,5280.0
海南,2025,本科批,综合,562,通化师范学院,1,4,文物与博物馆学,,不限,2,4,4600.0
海南,2025,本科批,综合,562,通化师范学院,1,7,旅游管理,,不限,2,4,4800.0
海南,2025,本科批,综合,562,通化师范学院,1,3,汉语国际教育,,不限,2,4,4600.0
海南,2025,本科批,综合,562,通化师范学院,1,2,汉语言文学,,不限,2,4,5060.0
海南,2025,本科批,综合,562,通化师范学院,1,1,法学,,不限,2,4,4800.0
海南,2025,本科批,综合,562,通化师范学院,1,8,物业管理,,不限,2,4,5280.0
海南,2025,本科批,综合,562,通化师范学院,2,11,物理学,,"物理,化学",2,4,5500.0
海南,2025,本科批,综合,562,通化师范学院,2,13,生物技术,,"物理,化学",2,4,5000.0
海南,2025,本科批,综合,562,通化师范学院,2,12,生物科学,,"物理,化学",2,4,5500.0
海南,2025,本科批,综合,562,通化师范学院,1,5,英语,,不限,2,4,5060.0
海南,2025,本科批,综合,562,通化师范学院,1,6,财务管理,,不限,2,4,4800.0
海南,2025,本科批,综合,703,同济大学,81,4,医学试验班,(包含专业:临床医学(领军人才培养)、临床医学、口腔医学、生物技术、生物信息学；该专业不招色盲、色弱；含生命科学拔尖学生培养基地；分流专业中生物技术和生物信息学为四年制),"物理,化学",4,5,7400.0
海南,2025,本科批,综合,703,同济大学,3,5,工科试验班,"(卓越计划班)(含机器人、工程互联网、智能网联车辆、智慧空间四个领域,按照2+1+X培养,领域内专业任选)","物理,化学",4,4,7000.0
海南,2025,本科批,综合,703,同济大学,3,6,工科试验班,"(国豪精英班)(工科拔尖人才培养计划,含未来技术班；按照2+1+X培养,所有工科专业任选；专业确认后按专业标准收费)","物理,化学",4,4,7000.0
海南,2025,本科批,综合,703,同济大学,3,8,工科试验班,"(信息类)(包含专业:计算机科学与技术、信息安全、数据科学与大数据技术、电气工程及其自动化、自动化、通信工程、人工智能、微电子科学与工程、软件工程；含双学位培养项目:光电信息-物理,微电子-物理,视觉传达-人工智能；含计算机科学拔尖学生培养基地；软件工程三、四年级收费标准为16000元/年)","物理,化学",4,4,7000.0
海南,2025,本科批,综合,703,同济大学,3,7,人工智能,(拔尖班)(按照2+1+X培养；不招单色不能识别者),"物理,化学",3,4,7000.0
海南,2025,本科批,综合,703,同济大学,80,3,机械类,"(中外合作办学)(包含专业:机械电子工程(中外合作办学)、建筑电气与智能化(中外合作办学)、车辆工程(中外合作办学)；采用3(同济)+1(德国/瑞士)进阶式国际化人才培养模式,成绩合格者获得同济大学毕业证、工学学士学位证以及外方合作院校学士学位证书)","物理,化学",3,4,21000.0
海南,2025,本科批,综合,703,同济大学,2,2,人文科学试验班,"(包含专业:传播学、德语、英语(数智人文)、日语、哲学、文化产业管理、汉语言文学；含双学位培养项目:德语-政治学与行政学,法学-英语,德语-法学)",不限,2,4,6500.0
海南,2025,本科提前批,综合,703,同济大学,1,1,马克思主义理论,(入学后原则上不实行校内转专业政策),政治,2,4,6500.0
海南,2025,专科批,综合,2530,铜仁职业技术大学,1,2,临床医学,(不招色盲、色弱),不限,4,3,3850.0
海南,2025,专科批,综合,2530,铜仁职业技术大学,1,5,人工智能技术应用,,不限,2,3,3850.0
海南,2025,专科批,综合,2530,铜仁职业技术大学,1,3,大数据技术,,不限,2,3,3850.0
海南,2025,专科批,综合,2530,铜仁职业技术大学,1,9,婴幼儿托育服务与管理,,不限,2,3,3850.0
海南,2025,专科批,综合,2530,铜仁职业技术大学,1,6,建筑工程技术,,不限,2,3,3850.0
海南,2025,专科批,综合,2530,铜仁职业技术大学,1,8,旅游管理,,不限,2,3,3850.0
海南,2025,专科批,综合,2530,铜仁职业技术大学,1,7,环境工程技术,,不限,2,3,3850.0
海南,2025,专科批,综合,2530,铜仁职业技术大学,1,1,药学,(不招色盲、色弱),不限,2,3,3850.0
海南,2025,专科批,综合,2530,铜仁职业技术大学,1,4,计算机网络技术,(中外合作办学班),不限,2,3,15600.0
海南,2025,本科提前批(面试),综合,2953,网络空间部队信息工程大学,1,4,作战环境工程,(环境仿真、效能评估与态势推演初级技术军官)(男生)(只招男生；测绘岗位合格),"物理,化学",2,4,
海南,2025,本科提前批(面试),综合,2953,网络空间部队信息工程大学,1,2,人工智能,(智能信息处理、智能装备研发初级技术军官)(女生)(只招女生；通用标准合格),"物理,化学",1,4,
海南,2025,本科提前批(面试),综合,2953,网络空间部队信息工程大学,1,1,水声工程,(水下信息感知处理初级指挥与技术军官)(男生)(只招男生；通用标准合格),"物理,化学",1,4,
海南,2025,本科提前批(面试),综合,2953,网络空间部队信息工程大学,1,3,网络空间安全,(网络安全初级技术军官)(男生)(只招男生；通用标准合格),"物理,化学",1,4,
海南,2025,本科批,综合,1434,潍坊学院,1,1,会计学,,不限,5,4,6325.0
海南,2025,本科批,综合,1434,潍坊学院,2,2,数学与应用数学,,"物理,化学",5,4,6600.0
海南,2025,本科批,综合,1434,潍坊学院,2,3,智能制造工程,,"物理,化学",5,4,5500.0
海南,2025,本科批,综合,1434,潍坊学院,3,4,海洋渔业科学与技术,,"物理,化学,生物",5,4,5500.0
海南,2025,本科批,综合,2699,渭南师范学院,3,5,英语,,不限,7,4,5000.0
海南,2025,本科批,综合,2699,渭南师范学院,4,6,地理科学,,地理,3,4,6000.0
海南,2025,专科批,综合,2758,渭南职业技术学院,1,3,中医学,,不限,3,3,6500.0
海南,2025,专科批,综合,2758,渭南职业技术学院,1,5,临床医学,,不限,3,3,6500.0
海南,2025,专科批,综合,2758,渭南职业技术学院,1,1,小学教育,,不限,3,3,6500.0
海南,2025,专科批,综合,2758,渭南职业技术学院,1,4,护理,,不限,3,3,6500.0
海南,2025,专科批,综合,2758,渭南职业技术学院,1,2,针灸推拿,,不限,3,3,6500.0
海南,2025,本科批,综合,963,温州大学,1,2,汉语言文学,(创意中文实验班),不限,1,4,4800.0
海南,2025,本科批,综合,963,温州大学,1,1,法学,,不限,1,4,4800.0
海南,2025,本科批,综合,956,温州医科大学,1,4,临床医学,,"物理,化学",4,5,6900.0
海南,2025,本科批,综合,956,温州医科大学,1,2,临床医学,(检验医师培养试验班),"物理,化学",2,5,6900.0
海南,2025,本科批,综合,956,温州医科大学,1,3,儿科学,,"物理,化学",2,5,6900.0
海南,2025,本科批,综合,956,温州医科大学,1,1,眼视光医学,,"物理,化学",2,5,6900.0
海南,2025,本科批,综合,1026,温州医科大学仁济学院,1,1,公共事业管理,,不限,1,4,17000.0
海南,2025,本科批,综合,1026,温州医科大学仁济学院,3,3,口腔医学,,"物理,化学",1,5,26250.0
海南,2025,本科批,综合,1026,温州医科大学仁济学院,2,2,护理学,,化学,1,4,26250.0
海南,2025,本科批,综合,1026,温州医科大学仁济学院,3,4,生物医学工程,,"物理,化学",1,4,19000.0
海南,2025,本科批,综合,1026,温州医科大学仁济学院,3,5,麻醉学,,"物理,化学",1,5,26250.0
海南,2025,本科批,综合,1832,文华学院,1,3,会计学,,不限,2,4,22800.0
海南,2025,本科批,综合,1832,文华学院,1,5,建筑学,(建筑规划方向、建筑环境技术方向),不限,2,4,22000.0
海南,2025,本科批,综合,1832,文华学院,3,10,数据科学与大数据技术,,"物理,化学",2,4,22800.0
海南,2025,本科批,综合,1832,文华学院,3,13,智能制造工程,,"物理,化学",2,4,22000.0
海南,2025,本科批,综合,1832,文华学院,3,11,智能飞行器技术,,"物理,化学",2,4,25000.0
海南,2025,本科批,综合,1832,文华学院,3,12,机器人工程,,"物理,化学",2,4,22000.0
海南,2025,本科批,综合,1832,文华学院,3,9,机械设计制造及其自动化,,"物理,化学",2,4,22000.0
海南,2025,本科批,综合,1832,文华学院,1,2,汉语言文学,,不限,2,4,22000.0
海南,2025,本科批,综合,1832,文华学院,3,8,计算机科学与技术,,"物理,化学",2,4,22800.0
海南,2025,本科批,综合,1832,文华学院,1,4,财务管理,,不限,2,4,22800.0
海南,2025,本科批,综合,1832,文华学院,3,7,软件工程,,"物理,化学",2,4,22800.0
海南,2025,本科批,综合,1832,文华学院,1,1,金融学,,不限,2,4,22000.0
海南,2025,本科批,综合,1832,文华学院,2,6,大数据管理与应用,(电商、物流大数据分析与应用方向),物理,1,4,22800.0
海南,2025,本科批,综合,2601,文山学院,2,2,制药工程,(不招色盲、色弱),"物理,化学",5,4,5000.0
海南,2025,本科批,综合,882,无锡太湖学院,1,2,人力资源管理,,不限,5,4,27800.0
海南,2025,本科批,综合,882,无锡太湖学院,1,3,会计学,,不限,5,4,27800.0
海南,2025,本科批,综合,882,无锡太湖学院,1,4,财务管理,,不限,5,4,27800.0
海南,2025,本科批,综合,882,无锡太湖学院,1,1,金融学,,不限,5,4,25300.0
海南,2025,本科批,综合,882,无锡太湖学院,2,5,护理学,,生物,10,4,35000.0
海南,2025,本科批,综合,903,无锡学院,1,1,会计学,,不限,1,4,5200.0
海南,2025,本科批,综合,903,无锡学院,2,2,大气科学,,"物理,化学",1,4,5500.0
海南,2025,本科批,综合,903,无锡学院,2,3,电子信息工程,,"物理,化学",1,4,5800.0
海南,2025,本科批,综合,2212,梧州学院,1,4,供应链管理,,不限,2,4,4563.0
海南,2025,本科批,综合,2212,梧州学院,1,7,工商管理,,不限,2,4,4600.0
海南,2025,本科批,综合,2212,梧州学院,4,24,思想政治教育,,政治,2,4,4200.0
海南,2025,本科批,综合,2212,梧州学院,1,5,旅游管理,,不限,2,4,4600.0
海南,2025,本科批,综合,2212,梧州学院,3,13,机械设计制造及其自动化,,"物理,化学",2,4,4593.0
海南,2025,本科批,综合,2212,梧州学院,1,11,汉语言文学,,不限,2,4,4200.0
海南,2025,本科批,综合,2212,梧州学院,1,10,法学,,不限,2,4,4200.0
海南,2025,本科批,综合,2212,梧州学院,3,23,电子信息工程,,"物理,化学",2,4,4593.0
海南,2025,本科批,综合,2212,梧州学院,3,20,通信工程,,"物理,化学",2,4,4593.0
海南,2025,本科批,综合,2212,梧州学院,2,12,金融科技,,物理,2,4,4600.0
海南,2025,本科批,综合,2212,梧州学院,3,19,中药学,(不招色盲、色弱),"物理,化学",1,4,4590.0
海南,2025,本科批,综合,2212,梧州学院,3,22,人工智能,,"物理,化学",1,4,4590.0
海南,2025,本科批,综合,2212,梧州学院,1,2,商务英语,,不限,1,4,4195.0
海南,2025,本科批,综合,2212,梧州学院,1,9,学前教育,(不招色盲、色弱),不限,1,4,3740.0
海南,2025,本科批,综合,2212,梧州学院,1,8,小学教育,(不招色盲),不限,1,4,3740.0
海南,2025,本科批,综合,2212,梧州学院,3,21,数字媒体技术,,"物理,化学",1,4,4590.0
海南,2025,本科批,综合,2212,梧州学院,5,25,数字经济,,"物理,地理",1,4,4600.0
海南,2025,本科批,综合,2212,梧州学院,3,18,数学与应用数学,,"物理,化学",1,4,4590.0
海南,2025,本科批,综合,2212,梧州学院,3,15,新能源科学与工程,(不招色盲、色弱),"物理,化学",1,4,4578.0
海南,2025,本科批,综合,2212,梧州学院,1,1,电子商务,,不限,1,4,4596.0
海南,2025,本科批,综合,2212,梧州学院,1,3,英语,,不限,1,4,4191.0
海南,2025,本科批,综合,2212,梧州学院,3,17,茶学,(不招色盲、色弱),"物理,化学",1,4,3795.0
海南,2025,本科批,综合,2212,梧州学院,1,6,财务管理,,不限,1,4,4600.0
海南,2025,本科批,综合,2212,梧州学院,3,14,资源循环科学与工程,(不招色盲、色弱),"物理,化学",1,4,4593.0
海南,2025,本科批,综合,2212,梧州学院,3,16,食品科学与工程,(不招色盲、色弱),"物理,化学",1,4,4596.0
海南,2025,本科批,综合,2062,五邑大学,2,3,电子信息工程,"(请单色识别不全考生慎重报考；含电子信息工程、信息安全、集成电路、人工智能、半导体绿色光源、光电工程、新能源材料与器件、微电子、应急装备与技术工程等培养模块,入学后分流)","物理,化学",5,4,5710.0
海南,2025,本科批,综合,2062,五邑大学,2,4,通信工程,"(请单色识别不全考生慎重报考；含通信工程、物联网工程、计算机通信网络、智慧物流、应急通信与应急指挥、应急技术与管理等培养模块,入学后分流)","物理,化学",5,4,5710.0
海南,2025,本科批,综合,2062,五邑大学,2,6,交通工程,"(请色盲、色弱考生慎重报考；含交通控制与管理、轨道交通自动化、轨道交通电气化、智能装备、轨道交通智慧运营、轨道交通车辆工程、数字供应链、道路与桥梁、防灾减灾科学与工程等培养模块,入学后分流)","物理,化学",4,4,5710.0
海南,2025,本科批,综合,2062,五邑大学,2,2,纺织工程,"(请色盲、色弱考生慎重报考；含非织造材料与工程、现代纺织技术与应用、针织品设计与服装、染整、纺织化学与清洁生产等培养模块,入学后分流)","物理,化学",3,4,5710.0
海南,2025,本科批,综合,2062,五邑大学,2,5,机械工程,(请色盲考生慎重报考),"物理,化学",2,4,5710.0
海南,2025,本科批,综合,1785,武昌理工学院,2,4,工程造价,,物理,3,4,22800.0
海南,2025,本科批,综合,1785,武昌理工学院,1,2,汉语言文学,,不限,3,4,22800.0
海南,2025,本科批,综合,1785,武昌理工学院,3,6,药学,,"物理,化学",3,4,22800.0
海南,2025,本科批,综合,1785,武昌理工学院,1,1,投资学,(科技金融方向),不限,2,4,22800.0
海南,2025,本科批,综合,1785,武昌理工学院,1,3,电子商务,,不限,2,4,22800.0
海南,2025,本科批,综合,1785,武昌理工学院,3,5,智能科学与技术,(华为精英班),"物理,化学",1,4,28800.0
海南,2025,本科批,综合,1785,武昌理工学院,3,7,软件工程,(华为精英班),"物理,化学",1,4,28800.0
海南,2025,本科批,综合,1784,武昌首义学院,3,12,土木工程,"(大一就读嘉鱼教学改革基地,大二起就读武汉校区)","物理,化学",2,4,22800.0
海南,2025,本科批,综合,1784,武昌首义学院,2,4,外国语言文学类,"(包含专业:英语、翻译；大一就读嘉鱼教学改革基地,大二起就读武汉校区)",不限,2,4,22800.0
海南,2025,本科批,综合,1784,武昌首义学院,3,14,智能建造,"(城铁优才班)(大一就读嘉鱼教学改革基地,大二起就读武汉校区)","物理,化学",2,4,22800.0
海南,2025,本科批,综合,1784,武昌首义学院,3,11,机械电子工程,"(大一就读嘉鱼教学改革基地,大二起就读武汉校区)","物理,化学",2,4,22800.0
海南,2025,本科批,综合,1784,武昌首义学院,2,7,汉语言文学,"(大一就读嘉鱼教学改革基地,大二起就读武汉校区)",不限,2,4,22800.0
海南,2025,本科批,综合,1784,武昌首义学院,2,6,法学,"(大一就读嘉鱼教学改革基地,大二起就读武汉校区)",不限,2,4,22800.0
海南,2025,本科批,综合,1784,武昌首义学院,3,10,电子信息工程,"(大一就读嘉鱼教学改革基地,大二起就读武汉校区)","物理,化学",2,4,22800.0
海南,2025,本科批,综合,1784,武昌首义学院,3,13,计算机科学与技术,"(大一就读嘉鱼教学改革基地,大二起就读武汉校区)","物理,化学",2,4,22800.0
海南,2025,本科批,综合,1784,武昌首义学院,3,9,软件工程,"(大一就读嘉鱼教学改革基地,大二起就读武汉校区)","物理,化学",2,4,22800.0
海南,2025,本科批,综合,1784,武昌首义学院,2,5,金融学,"(大一就读嘉鱼教学改革基地,大二起就读武汉校区)",不限,2,4,22800.0
海南,2025,本科批,综合,1784,武昌首义学院,3,8,集成电路设计与集成系统,"(大一就读嘉鱼教学改革基地,大二起就读武汉校区)","物理,化学",2,4,25800.0
海南,2025,专科提前批(面试),综合,1809,武昌职业学院,1,1,电子信息工程技术,(只招男生；定向培养军士；海军；水面舰艇人员；考生须参加体检、政治考核并且合格),不限,15,3,16600.0
海南,2025,专科批,综合,1809,武昌职业学院,3,4,数字化设计与制造技术,,不限,5,3,16600.0
海南,2025,专科批,综合,1809,武昌职业学院,3,5,智慧健康养老服务与管理,,不限,5,3,13600.0
海南,2025,专科批,综合,1809,武昌职业学院,3,3,集成电路技术,,不限,5,3,16600.0
海南,2025,本科批,综合,1813,武汉城市学院,1,4,国际经济与贸易,,不限,2,4,21800.0
海南,2025,本科批,综合,1813,武汉城市学院,1,8,工商管理,,不限,2,4,21800.0
海南,2025,本科批,综合,1813,武汉城市学院,2,12,工程造价,,物理,2,4,22800.0
海南,2025,本科批,综合,1813,武汉城市学院,1,1,市场营销,,不限,2,4,20800.0
海南,2025,本科批,综合,1813,武汉城市学院,1,2,物流管理,,不限,2,4,20800.0
海南,2025,本科批,综合,1813,武汉城市学院,1,7,电子商务,,不限,2,4,20800.0
海南,2025,本科批,综合,1813,武汉城市学院,1,10,英语,,不限,2,4,22800.0
海南,2025,本科批,综合,1813,武汉城市学院,1,6,人力资源管理,,不限,1,4,20800.0
海南,2025,本科批,综合,1813,武汉城市学院,1,3,会计学,,不限,1,4,22800.0
海南,2025,本科批,综合,1813,武汉城市学院,2,11,工程管理,,物理,1,4,20800.0
海南,2025,本科批,综合,1813,武汉城市学院,4,20,应用化学,,"物理,化学",1,4,20800.0
海南,2025,本科批,综合,1813,武汉城市学院,3,13,护理学,,化学,1,4,22800.0
海南,2025,本科批,综合,1813,武汉城市学院,1,9,日语,,不限,1,4,20800.0
海南,2025,本科批,综合,1813,武汉城市学院,4,17,智能车辆工程,,"物理,化学",1,4,20800.0
海南,2025,本科批,综合,1813,武汉城市学院,4,19,机械设计制造及其自动化,,"物理,化学",1,4,21800.0
海南,2025,本科批,综合,1813,武汉城市学院,4,14,环境工程,,"物理,化学",1,4,20800.0
海南,2025,本科批,综合,1813,武汉城市学院,4,18,电气工程及其自动化,,"物理,化学",1,4,21800.0
海南,2025,本科批,综合,1813,武汉城市学院,4,21,药物制剂,,"物理,化学",1,4,20800.0
海南,2025,本科批,综合,1813,武汉城市学院,4,15,计算机科学与技术,,"物理,化学",1,4,22800.0
海南,2025,本科批,综合,1813,武汉城市学院,1,5,财务管理,,不限,1,4,20800.0
海南,2025,本科批,综合,1813,武汉城市学院,4,16,软件工程,,"物理,化学",1,4,22800.0
海南,2025,专科批,综合,1778,武汉城市职业学院,1,1,旅游管理,,不限,10,3,5000.0
海南,2025,专科提前批,综合,1783,武汉船舶职业技术学院,1,1,航海技术,"(航海类专业；建议考生身高不低于160cm;无传染性疾病；双眼裸视力均能达到4.8及以上,或者双眼裸视力均能达到4.0及以上且双眼矫正视力均能达到5.0及以上；无红绿色盲；无肢体残疾)",不限,5,3,5000.0
海南,2025,专科提前批,综合,1783,武汉船舶职业技术学院,1,2,船舶电子电气技术,"(航海类专业；建议考生身高不低于155cm;无传染性疾病；双眼裸视力均能达到4.8及以上,或者双眼裸视力均能达到4.0及以上且双眼矫正视力均能达到5.0及以上；无红绿色盲；无肢体残疾)",不限,5,3,5000.0
海南,2025,专科提前批,综合,1783,武汉船舶职业技术学院,1,3,轮机工程技术,"(航海类专业；建议考生身高不低于155cm;无传染性疾病；双眼裸视力均能达到4.8及以上,或者双眼裸视力均能达到4.0及以上且双眼矫正视力均能达到5.0及以上；无红绿色盲；无肢体残疾)",不限,5,3,5000.0
海南,2025,专科批,综合,1783,武汉船舶职业技术学院,2,7,机电一体化技术,,不限,3,3,5000.0
海南,2025,专科批,综合,1783,武汉船舶职业技术学院,2,9,业财数据应用与管理,,不限,2,3,5000.0
海南,2025,专科批,综合,1783,武汉船舶职业技术学院,2,11,大数据技术,,不限,2,3,5000.0
海南,2025,专科批,综合,1783,武汉船舶职业技术学院,2,13,工业互联网应用,,不限,2,3,5000.0
海南,2025,专科批,综合,1783,武汉船舶职业技术学院,2,14,建筑工程技术,,不限,2,3,5000.0
海南,2025,专科批,综合,1783,武汉船舶职业技术学院,2,6,海洋工程装备技术,,不限,2,3,5000.0
海南,2025,专科批,综合,1783,武汉船舶职业技术学院,2,5,游艇设计与制造,,不限,2,3,5000.0
海南,2025,专科批,综合,1783,武汉船舶职业技术学院,2,15,现代物流管理,,不限,2,3,5000.0
海南,2025,专科批,综合,1783,武汉船舶职业技术学院,2,8,电气自动化技术,,不限,2,3,5000.0
海南,2025,专科批,综合,1783,武汉船舶职业技术学院,2,4,船舶动力工程技术,,不限,2,3,5000.0
海南,2025,专科批,综合,1783,武汉船舶职业技术学院,2,12,船舶电气工程技术,,不限,2,3,5000.0
海南,2025,专科批,综合,1783,武汉船舶职业技术学院,2,10,计算机网络技术,,不限,2,3,5000.0
海南,2025,本科批,综合,1736,武汉大学,2,5,经济学类,(含经济学(基地班、能源经济管理试验班)、国际经济与贸易、金融学、保险学(精算试验班)、财政学、金融工程),不限,4,4,5850.0
海南,2025,本科批,综合,1736,武汉大学,3,17,遥感科学与技术,(含遥感科学与技术、空间信息与数字技术),"物理,化学",4,4,5850.0
海南,2025,本科批,综合,1736,武汉大学,2,6,工商管理类,(含工商管理(国际试验班战略与投资方向)、市场营销(数智特色创新试验班)、人力资源管理、会计学、财务管理、物流管理(供应链运营方向试验班)、工程管理、管理科学(商业大数据分析方向试验班)),不限,3,4,5850.0
海南,2025,本科批,综合,1736,武汉大学,80,20,建筑学,"(中外合作办学)(含数智建筑方向、城市设计方向；只录取有专业志愿的考生；前4年在武汉大学学习,第5年在英国邓迪大学学习,毕业生可同时获得武汉大学建筑学学士学位和英国邓迪大学的建筑学荣誉学位)","物理,化学",3,5,72000.0
海南,2025,本科批,综合,1736,武汉大学,3,11,智慧城市与空间规划,(含智慧城市与空间规划、地理信息科学、地理科学(弘毅班)),"物理,化学",3,4,4500.0
海南,2025,本科批,综合,1736,武汉大学,3,12,生物科学类,(包含专业:生物科学、生物技术、生态学),"物理,化学",3,4,4500.0
海南,2025,本科批,综合,1736,武汉大学,3,19,电子信息类,(电子信息学院)(包含专业:电子信息工程(含电子信息方向、光电子方向、机器人方向)、通信工程；电子信息工程专业含卓越工程师计划试验班、逐光创新试验班、人工智能试验班；通信工程专业含卓越工程师计划试验班、人工智能试验班),"物理,化学",3,4,5850.0
海南,2025,本科批,综合,1736,武汉大学,3,15,工科试验班,(电气类)(包含专业:电气工程及其自动化、储能科学与工程),"物理,化学",2,4,4500.0
海南,2025,本科批,综合,1736,武汉大学,3,13,微电子科学与工程,(集成电路学院),"物理,化学",2,4,4500.0
海南,2025,本科批,综合,1736,武汉大学,3,9,数学类,(包含专业:数学与应用数学、信息与计算科学、统计学、数据科学与大数据技术),"物理,化学",2,4,4500.0
海南,2025,本科批,综合,1736,武汉大学,2,3,文科试验班类,"(弘毅学堂)(含人文科学试验班(可全校任选专业,医学长学制除外)、数智人文试验班、国际组织与全球治理试验班,以及理科试验班(弘毅学堂)对应的各试验班)",不限,2,4,5850.0
海南,2025,本科批,综合,1736,武汉大学,3,21,时空信息工程,(含时空信息工程、导航工程、测绘工程),"物理,化学",2,4,4500.0
海南,2025,本科批,综合,1736,武汉大学,2,4,法学,(含法学(含德语法学、法语法学试验班)、国际法(含国际法试验班)),不限,2,4,5850.0
海南,2025,本科批,综合,1736,武汉大学,3,10,物理学类,(包含专业:物理学、材料物理),"物理,化学",2,4,4500.0
海南,2025,本科批,综合,1736,武汉大学,3,8,理科试验班,"(弘毅学堂)(包含专业:含未来科技试验班(可全校任选专业,医学长学制除外)、数智经济试验班、健康科技试验班、智能制造与集成电路试验班、碳中和经济管理创新班,以及文科试验班(弘毅学堂)对应的各试验班)","物理,化学",2,4,5850.0
海南,2025,本科批,综合,1736,武汉大学,2,7,社会学,(知行试验班),不限,2,4,4500.0
海南,2025,本科批,综合,1736,武汉大学,3,16,计算机类,(计算机学院)(包含专业:计算机科学与技术、软件工程),"物理,化学",2,4,5850.0
海南,2025,本科批,综合,1736,武汉大学,3,18,导航工程,(智能导航创新班),"物理,化学",1,4,4500.0
海南,2025,本科批,综合,1736,武汉大学,3,14,软件工程,(特软班),"物理,化学",1,4,5850.0
海南,2025,国家专项,综合,1736,武汉大学,1,1,历史学类,(包含专业:历史学、世界史、考古学),不限,1,4,4500.0
海南,2025,国家专项,综合,1736,武汉大学,1,2,工商管理类,(含工商管理(国际试验班战略与投资方向)、市场营销(数智特色创新试验班)、人力资源管理、会计学、财务管理、物流管理(供应链运营方向试验班)、工程管理、管理科学(商业大数据分析方向试验班)),不限,1,4,5850.0
海南,2025,专科批,综合,1800,武汉电力职业技术学院,1,3,供用电技术,,不限,1,3,5000.0
海南,2025,专科批,综合,1800,武汉电力职业技术学院,1,1,发电厂及电力系统,,不限,1,3,5000.0
海南,2025,专科批,综合,1800,武汉电力职业技术学院,1,5,发电运行技术,,不限,1,3,5000.0
海南,2025,专科批,综合,1800,武汉电力职业技术学院,1,4,热能动力工程技术,,不限,1,3,5000.0
海南,2025,专科批,综合,1800,武汉电力职业技术学院,1,2,电力系统自动化技术,,不限,1,3,5000.0
海南,2025,本科批,综合,1779,武汉东湖学院,4,26,计算机类,(包含专业:计算机科学与技术、网络空间安全、物联网工程),"物理,化学",3,4,24800.0
海南,2025,本科批,综合,1779,武汉东湖学院,1,9,人力资源管理,,不限,2,4,24800.0
海南,2025,本科批,综合,1779,武汉东湖学院,4,25,医学检验技术,,"物理,化学",2,4,24800.0
海南,2025,本科批,综合,1779,武汉东湖学院,1,5,国际经济与贸易,,不限,2,4,24800.0
海南,2025,本科批,综合,1779,武汉东湖学院,2,14,大数据管理与应用,,物理,2,4,24800.0
海南,2025,本科批,综合,1779,武汉东湖学院,1,6,学前教育,,不限,2,4,24800.0
海南,2025,本科批,综合,1779,武汉东湖学院,2,16,工程管理,,物理,2,4,24800.0
海南,2025,本科批,综合,1779,武汉东湖学院,1,10,广告学,,不限,2,4,24800.0
海南,2025,本科批,综合,1779,武汉东湖学院,3,17,护理学,,化学,2,4,24800.0
海南,2025,本科批,综合,1779,武汉东湖学院,2,15,数字经济,,物理,2,4,24800.0
海南,2025,本科批,综合,1779,武汉东湖学院,4,18,数据科学与大数据技术,,"物理,化学",2,4,24800.0
海南,2025,本科批,综合,1779,武汉东湖学院,1,12,新闻学,,不限,2,4,24800.0
海南,2025,本科批,综合,1779,武汉东湖学院,4,21,机械电子工程,,"物理,化学",2,4,25800.0
海南,2025,本科批,综合,1779,武汉东湖学院,4,20,机械设计制造及其自动化,,"物理,化学",2,4,24800.0
海南,2025,本科批,综合,1779,武汉东湖学院,1,4,法学,,不限,2,4,24800.0
海南,2025,本科批,综合,1779,武汉东湖学院,1,8,物流管理,,不限,2,4,24800.0
海南,2025,本科批,综合,1779,武汉东湖学院,4,22,生物制药,,"物理,化学",2,4,24800.0
海南,2025,本科批,综合,1779,武汉东湖学院,4,27,电子信息类,(包含专业:电子信息工程、通信工程、电子与计算机工程、智能科学与技术、集成电路设计与集成系统),"物理,化学",2,4,24800.0
海南,2025,本科批,综合,1779,武汉东湖学院,1,7,电子商务,,不限,2,4,24800.0
海南,2025,本科批,综合,1779,武汉东湖学院,4,23,电气工程及其自动化,,"物理,化学",2,4,24800.0
海南,2025,本科批,综合,1779,武汉东湖学院,1,11,税收学,,不限,2,4,24800.0
海南,2025,本科批,综合,1779,武汉东湖学院,1,13,网络与新媒体,,不限,2,4,24800.0
海南,2025,本科批,综合,1779,武汉东湖学院,4,24,自动化,,"物理,化学",2,4,25800.0
海南,2025,本科批,综合,1779,武汉东湖学院,1,2,英语,,不限,2,4,24800.0
海南,2025,本科批,综合,1779,武汉东湖学院,1,3,财务管理,,不限,2,4,25800.0
海南,2025,本科批,综合,1779,武汉东湖学院,4,19,软件工程,,"物理,化学",2,4,24800.0
海南,2025,本科批,综合,1779,武汉东湖学院,1,1,金融学,,不限,2,4,24800.0
海南,2025,本科批,综合,1742,武汉纺织大学,2,4,电子信息工程,(智慧诊疗方向),"物理,化学",5,4,5850.0
海南,2025,本科批,综合,1742,武汉纺织大学,2,11,化学类,(包含专业:应用化学、化妆品技术与工程),"物理,化学",4,4,5850.0
海南,2025,本科批,综合,1742,武汉纺织大学,2,8,材料类,(包含专业:高分子材料与工程、复合材料与工程、材料科学与工程(新能源材料方向)),"物理,化学",4,4,5850.0
海南,2025,本科批,综合,1742,武汉纺织大学,2,10,生物医学工程,,"物理,化学",4,4,5850.0
海南,2025,本科批,综合,1742,武汉纺织大学,2,9,计算机类,(包含专业:计算机科学与技术、软件工程、物联网工程、数据科学与大数据技术),"物理,化学",4,4,5850.0
海南,2025,本科批,综合,1742,武汉纺织大学,2,7,资源循环科学与工程,,"物理,化学",4,4,4500.0
海南,2025,本科批,综合,1742,武汉纺织大学,2,5,轻化工程,,"物理,化学",4,4,5850.0
海南,2025,本科批,综合,1742,武汉纺织大学,2,6,电气工程及其自动化,,"物理,化学",2,4,5850.0
海南,2025,本科批,综合,1742,武汉纺织大学,2,3,纺织类,(包含专业:纺织工程、非织造材料与工程),"物理,化学",14,4,5850.0
海南,2025,本科批,综合,1818,武汉纺织大学外经贸学院,1,3,会计学,(注册会计师),不限,2,4,23800.0
海南,2025,本科批,综合,1818,武汉纺织大学外经贸学院,1,2,英语,,不限,2,4,22800.0
海南,2025,本科批,综合,1818,武汉纺织大学外经贸学院,1,1,国际经济与贸易,,不限,1,4,22800.0
海南,2025,本科批,综合,1818,武汉纺织大学外经贸学院,2,5,大数据管理与应用,,物理,1,4,23800.0
海南,2025,本科批,综合,1818,武汉纺织大学外经贸学院,3,6,机械设计制造及其自动化,,"物理,化学",1,4,22800.0
海南,2025,本科批,综合,1818,武汉纺织大学外经贸学院,1,4,财务管理,,不限,1,4,22800.0
海南,2025,本科批,综合,1740,武汉工程大学,1,1,人工智能,(深度学习、机器人、智能金融方向),"物理,化学",3,4,4500.0
海南,2025,本科批,综合,1740,武汉工程大学,1,3,信息工程,(含智能信息处理方向、智能信息系统方向),"物理,化学",3,4,5850.0
海南,2025,本科批,综合,1740,武汉工程大学,1,5,数据科学与大数据技术,,"物理,化学",3,4,4500.0
海南,2025,本科批,综合,1740,武汉工程大学,1,2,计算机类,(包含专业:计算机科学与技术、智能科学与技术、物联网工程、数字媒体技术、网络空间安全、软件工程),"物理,化学",3,4,4500.0
海南,2025,本科批,综合,1740,武汉工程大学,1,4,电气工程及其自动化,,"物理,化学",2,4,5850.0
海南,2025,本科批,综合,1740,武汉工程大学,1,6,自动化,(含智能机器人方向、智能控制与技术方向),"物理,化学",2,4,5850.0
海南,2025,本科批,综合,1817,武汉工程大学邮电与信息工程学院,1,2,国际经济与贸易,(跨境电商方向),不限,5,4,19000.0
海南,2025,本科批,综合,1817,武汉工程大学邮电与信息工程学院,1,1,市场营销,(网络营销方向),不限,5,4,19000.0
海南,2025,本科批,综合,1817,武汉工程大学邮电与信息工程学院,2,4,电子信息工程,,"物理,化学",5,4,19000.0
海南,2025,本科批,综合,1817,武汉工程大学邮电与信息工程学院,1,3,会计学,(注册会计师方向),不限,4,4,19000.0
海南,2025,本科批,综合,1817,武汉工程大学邮电与信息工程学院,2,5,化学工程与工艺,(精化方向),"物理,化学",2,4,19000.0
海南,2025,本科批,综合,1838,武汉工程科技学院,2,6,汉语言文学,,不限,4,4,25800.0
海南,2025,本科批,综合,1838,武汉工程科技学院,3,7,机器人工程,,"物理,化学",3,4,25800.0
海南,2025,本科批,综合,1838,武汉工程科技学院,3,8,人工智能,,"物理,化学",2,4,25800.0
海南,2025,本科批,综合,1838,武汉工程科技学院,3,9,数据科学与大数据技术,,"物理,化学",2,4,25800.0
海南,2025,本科批,综合,1838,武汉工程科技学院,3,10,机械设计制造及其自动化,,"物理,化学",2,4,25800.0
海南,2025,专科批,综合,1791,武汉工程职业技术学院,1,7,智能网联汽车技术,,不限,3,3,6500.0
海南,2025,专科批,综合,1791,武汉工程职业技术学院,1,2,工程造价,,不限,2,3,6500.0
海南,2025,专科批,综合,1791,武汉工程职业技术学院,1,3,建筑工程技术,,不限,2,3,6500.0
海南,2025,专科批,综合,1791,武汉工程职业技术学院,1,9,机电一体化技术,,不限,2,3,6500.0
海南,2025,专科批,综合,1791,武汉工程职业技术学院,1,6,物联网应用技术,,不限,2,3,6500.0
海南,2025,专科批,综合,1791,武汉工程职业技术学院,1,1,电子商务,,不限,2,3,6500.0
海南,2025,专科批,综合,1791,武汉工程职业技术学院,1,10,电气自动化技术,,不限,2,3,6500.0
海南,2025,专科批,综合,1791,武汉工程职业技术学院,1,4,计算机应用技术,,不限,2,3,6500.0
海南,2025,专科批,综合,1791,武汉工程职业技术学院,1,5,酒店管理与数字化运营,,不限,2,3,6500.0
海南,2025,专科批,综合,1791,武汉工程职业技术学院,1,8,工业机器人技术,,不限,1,3,6500.0
海南,2025,本科批,综合,1820,武汉工商学院,2,7,数字经济,(数字媒体运营、商务大数据分析),物理,4,4,22800.0
海南,2025,本科批,综合,1820,武汉工商学院,1,3,新闻学,(智能新闻传播),不限,4,4,22800.0
海南,2025,本科批,综合,1820,武汉工商学院,2,6,物流工程,(数字供应链),物理,4,4,22800.0
海南,2025,本科批,综合,1820,武汉工商学院,1,5,电子商务,,不限,4,4,22800.0
海南,2025,本科批,综合,1820,武汉工商学院,1,2,金融学,(智能投资与理财、科技金融与大数据分析),不限,4,4,24800.0
海南,2025,本科批,综合,1820,武汉工商学院,1,4,广告学,(智能传播),不限,2,4,22800.0
海南,2025,本科批,综合,1820,武汉工商学院,3,9,机器人工程,(卓越智能实验班),"物理,化学",2,4,23800.0
海南,2025,本科批,综合,1820,武汉工商学院,1,1,财务管理,(智能财务实验班),不限,2,4,24800.0
海南,2025,本科批,综合,1820,武汉工商学院,3,8,通信工程,(华为ICT实验班),"物理,化学",2,4,23800.0
海南,2025,专科批,综合,1795,武汉航海职业技术学院,2,3,高速铁路客运服务,,不限,3,3,6500.0
海南,2025,专科批,综合,1795,武汉航海职业技术学院,2,4,国际邮轮乘务管理,,不限,2,3,6500.0
海南,2025,专科批,综合,1795,武汉航海职业技术学院,2,6,民航运输服务,,不限,2,3,6500.0
海南,2025,专科批,综合,1795,武汉航海职业技术学院,2,5,港口与航运管理,,不限,2,3,6500.0
海南,2025,专科提前批,综合,1795,武汉航海职业技术学院,1,1,航海技术,"(只招男生；身高160cm以上；双眼裸视均0.5以上,或双眼裸视均0.1以上且矫正视力均达0.8以上；无色盲色弱,辨色力完全正常；无口吃；无传染性疾病；无肢体残疾)",不限,4,3,6500.0
海南,2025,专科提前批,综合,1795,武汉航海职业技术学院,1,2,轮机工程技术,"(只招男生；身高155cm以上；双眼裸视均0.4以上,或双眼裸视均能达到0.1以上且矫正视力均达0.7以上；无色盲色弱；无口吃；无传染性疾病；无肢体残疾)",不限,3,3,6500.0
海南,2025,本科批,综合,1839,武汉华夏理工学院,3,14,医学检验技术,"(大一就读梁子湖教学基地,大二开始就读武汉校区)","物理,化学",4,4,22000.0
海南,2025,本科批,综合,1839,武汉华夏理工学院,2,8,城乡规划,"(大一就读梁子湖教学基地,大二开始就读武汉校区)",不限,4,4,21000.0
海南,2025,本科批,综合,1839,武汉华夏理工学院,2,6,会计学,"(智能财务方向)(大一就读梁子湖教学基地,大二开始就读武汉校区)",不限,3,4,22000.0
海南,2025,本科批,综合,1839,武汉华夏理工学院,3,11,制药工程,"(大一就读梁子湖教学基地,大二开始就读武汉校区)","物理,化学",3,4,21000.0
海南,2025,本科批,综合,1839,武汉华夏理工学院,3,15,土木工程,"(大一就读梁子湖教学基地,大二开始就读武汉校区)","物理,化学",3,4,22000.0
海南,2025,本科批,综合,1839,武汉华夏理工学院,2,4,工商管理,"(智慧供应链方向)(大一就读梁子湖教学基地,大二开始就读武汉校区)",不限,3,4,22000.0
海南,2025,本科批,综合,1839,武汉华夏理工学院,3,10,机械设计制造及其自动化,"(大一就读梁子湖教学基地,大二开始就读武汉校区)","物理,化学",3,4,22000.0
海南,2025,本科批,综合,1839,武汉华夏理工学院,2,7,英语,"(英日双语方向)(大一就读梁子湖教学基地,大二开始就读武汉校区)",不限,3,4,21000.0
海南,2025,本科批,综合,1839,武汉华夏理工学院,2,5,国际经济与贸易,"(数字贸易方向)(大一就读梁子湖教学基地,大二开始就读武汉校区)",不限,2,4,21000.0
海南,2025,本科批,综合,1839,武汉华夏理工学院,2,9,广告学,"(大一就读梁子湖教学基地,大二开始就读武汉校区)",不限,2,4,21000.0
海南,2025,本科批,综合,1839,武汉华夏理工学院,3,13,车辆工程,"(大一就读梁子湖教学基地,大二开始就读武汉校区)","物理,化学",2,4,22000.0
海南,2025,本科批,综合,1839,武汉华夏理工学院,3,12,软件工程,"(华为-华夏人工智能现代产业学院；大一就读梁子湖教学基地,大二开始就读武汉校区)","物理,化学",2,4,22000.0
海南,2025,专科批,综合,1834,武汉交通职业学院,2,9,港口与航运管理,,不限,4,3,5000.0
海南,2025,专科批,综合,1834,武汉交通职业学院,2,4,航海技术,"(建议考生身高不低于160cm;身体健康；听力正常；无口吃；无传染性疾病；无肢体残疾；双眼裸视力均能达到4.9及以上,或者双眼裸视力均能达到4.0及以上且双眼矫正视力均能达到5.0及以上；采用俞自萍假同色表测定,辨色力正常,无红绿色盲)",不限,4,3,5000.0
海南,2025,专科批,综合,1834,武汉交通职业学院,2,7,船舶电子电气技术,"(建议考生身高不低于155cm;身体健康；听力正常；无口吃；无传染性疾病；无肢体残疾；双眼裸视力均能达到4.9及以上,或者双眼裸视力均能达到4.0及以上且双眼矫正视力均能达到5.0及以上；采用俞自萍假同色表测定,无红绿色盲)",不限,4,3,5000.0
海南,2025,专科批,综合,1834,武汉交通职业学院,2,8,酒店管理与数字化运营,,不限,4,3,5000.0
海南,2025,专科批,综合,1834,武汉交通职业学院,2,5,汽车技术服务与营销,,不限,2,3,5000.0
海南,2025,专科批,综合,1834,武汉交通职业学院,2,6,轮机工程技术,"(建议考生身高不低于155cm;身体健康；听力正常；无口吃；无传染性疾病；无肢体残疾；双眼裸视力均能达到4.9及以上,或者双眼裸视力均能达到4.0及以上且双眼矫正视力均能达到5.0及以上；采用俞自萍假同色表测定,无红绿色盲)",不限,2,3,5000.0
海南,2025,专科提前批(面试),综合,1834,武汉交通职业学院,1,2,轮机工程技术,(武警部队)(只招男生；定向培养军士；水面舰艇合格；考生须参加体检、政治考核并且合格),不限,6,3,5000.0
海南,2025,专科提前批(面试),综合,1834,武汉交通职业学院,1,1,无人机应用技术,(信息支援部队)(只招男生；定向培养军士；陆勤合格；考生须参加体检、政治考核并且合格),不限,5,3,5000.0
海南,2025,专科提前批(面试),综合,1834,武汉交通职业学院,1,3,现代物流管理,(联勤保障部队)(只招男生；定向培养军士；陆勤合格；考生须参加体检、政治考核并且合格),不限,5,3,5000.0
海南,2025,专科批,综合,1803,武汉警官职业学院,1,15,司法警务,,不限,8,3,5000.0
海南,2025,专科批,综合,1803,武汉警官职业学院,1,14,刑事侦查技术,,不限,6,3,5000.0
海南,2025,专科批,综合,1803,武汉警官职业学院,1,9,刑事执行,,不限,6,3,5000.0
海南,2025,专科批,综合,1803,武汉警官职业学院,1,13,司法信息安全,,不限,4,3,5000.0
海南,2025,专科批,综合,1803,武汉警官职业学院,1,12,司法信息技术,,不限,3,3,5000.0
海南,2025,专科批,综合,1803,武汉警官职业学院,1,6,大数据技术,,不限,3,3,5000.0
海南,2025,专科批,综合,1803,武汉警官职业学院,1,4,信息安全技术应用,,不限,2,3,5000.0
海南,2025,专科批,综合,1803,武汉警官职业学院,1,16,司法鉴定技术,,不限,2,3,5000.0
海南,2025,专科批,综合,1803,武汉警官职业学院,1,8,应急救援技术,,不限,2,3,5000.0
海南,2025,专科批,综合,1803,武汉警官职业学院,1,10,建筑消防技术,,不限,2,3,5000.0
海南,2025,专科批,综合,1803,武汉警官职业学院,1,1,法律事务,,不限,2,3,5000.0
海南,2025,专科批,综合,1803,武汉警官职业学院,1,5,消防救援技术,,不限,2,3,5000.0
海南,2025,专科批,综合,1803,武汉警官职业学院,1,7,物联网应用技术,,不限,2,3,5000.0
海南,2025,专科批,综合,1803,武汉警官职业学院,1,11,行政执行,,不限,2,3,5000.0
海南,2025,专科批,综合,1803,武汉警官职业学院,1,2,计算机应用技术,,不限,2,3,5000.0
海南,2025,专科批,综合,1803,武汉警官职业学院,1,3,软件技术,,不限,2,3,5000.0
海南,2025,本科批,综合,1738,武汉科技大学,3,8,计算机类,(包含专业:计算机科学与技术、软件工程、智能科学与技术),"物理,化学",5,4,5850.0
海南,2025,本科批,综合,1738,武汉科技大学,3,15,临床医学,,"物理,化学",3,5,5850.0
海南,2025,本科批,综合,1738,武汉科技大学,3,14,光电信息科学与工程,,"物理,化学",3,4,4500.0
海南,2025,本科批,综合,1738,武汉科技大学,3,13,化学工程与工艺,"(智联化工双学士学位项目)(化学工程与工艺+信息管理与信息系统双学士学位复合型人才培养,学生达到教学要求后,可获得本科毕业证书和双学士学位证书(工学学士、管理学学士))","物理,化学",3,4,4500.0
海南,2025,本科批,综合,1738,武汉科技大学,3,11,土木类,(包含专业:土木工程、建筑环境与能源应用工程、给排水科学与工程),"物理,化学",3,4,4500.0
海南,2025,本科批,综合,1738,武汉科技大学,3,12,安全工程,,"物理,化学",3,4,4500.0
海南,2025,本科批,综合,1738,武汉科技大学,1,1,工商管理类,(包含专业:会计学(智能会计与智慧财务方向)、工商管理(数智运营管理、数智人资管理方向)、市场营销(大数据与智能营销方向)),不限,3,4,4500.0
海南,2025,本科批,综合,1738,武汉科技大学,3,10,机械类,(包含专业:机械工程、机械电子工程、智能制造工程、测控技术与仪器、工业工程),"物理,化学",3,4,5850.0
海南,2025,本科批,综合,1738,武汉科技大学,2,6,物流管理,"(智慧物流双学士学位项目)(物流管理+自动化双学士学位复合型人才培养,学生达到教学要求后,可获得本科毕业证书和双学士学位证书(管理学学士、工学学士))",物理,3,4,4500.0
海南,2025,本科批,综合,1738,武汉科技大学,3,9,自动化类,(电子信息)(包含专业:电子信息工程、通信工程、电子科学与技术(集成电路方向)),"物理,化学",3,4,5850.0
海南,2025,本科批,综合,1738,武汉科技大学,2,7,金融科技,(AI金融方向),物理,3,4,4500.0
海南,2025,本科批,综合,1738,武汉科技大学,1,4,投资学,(产业投资与风险管理方向),不限,2,4,4500.0
海南,2025,本科批,综合,1738,武汉科技大学,2,5,数字经济,,物理,2,4,4500.0
海南,2025,本科批,综合,1738,武汉科技大学,1,3,法学类,(包含专业:法学、社会工作(人文社科试验班)),不限,2,4,4500.0
海南,2025,本科批,综合,1738,武汉科技大学,1,2,英语,(英语教育、数智翻译、涉外法商方向),不限,2,4,4500.0
海南,2025,本科批,综合,1744,武汉理工大学,4,8,材料类,(包含专业:材料成型及控制工程、材料科学与工程、无机非金属材料工程、高分子材料与工程、复合材料与工程、新能源材料与器件),"物理,化学",8,4,4500.0
海南,2025,本科批,综合,1744,武汉理工大学,3,3,工商管理类,(包含专业:人力资源管理、工商管理、会计学、创业管理),不限,5,4,4500.0
海南,2025,本科批,综合,1744,武汉理工大学,4,10,交通运输类,(包含专业:交通运输、交通工程、交通设备与控制工程),"物理,化学",4,4,4500.0
海南,2025,本科批,综合,1744,武汉理工大学,4,23,化工与制药类,(含生物方向)(包含专业:生物技术、应用化学、化学工程与工艺、制药工程),"物理,化学",3,4,4500.0
海南,2025,本科批,综合,1744,武汉理工大学,4,14,土木类,(包含专业:土木工程、建筑环境与能源应用工程、给排水科学与工程、工程管理),"物理,化学",3,4,5850.0
海南,2025,本科批,综合,1744,武汉理工大学,4,13,机械类,(智能制造)(包含专业:机械工程、智能制造工程、测控技术与仪器、工业工程),"物理,化学",3,4,5850.0
海南,2025,本科批,综合,1744,武汉理工大学,4,11,机械设计制造及其自动化,,"物理,化学",3,4,5850.0
海南,2025,本科批,综合,1744,武汉理工大学,4,17,电子信息类,(包含专业:电子信息工程、电子科学与技术、智能科学与技术、通信工程、集成电路设计与集成系统),"物理,化学",3,4,5850.0
海南,2025,本科批,综合,1744,武汉理工大学,4,28,电子信息类,(含交叉力学)(包含专业:工程力学、电子信息科学与技术、光电信息科学与工程),"物理,化学",3,4,5850.0
海南,2025,本科批,综合,1744,武汉理工大学,4,26,船舶与海洋工程,,"物理,化学",3,4,4500.0
海南,2025,本科批,综合,1744,武汉理工大学,80,7,金融学,(中外合作办学),不限,3,4,39800.0
海南,2025,本科批,综合,1744,武汉理工大学,4,24,信息管理与信息系统,,"物理,化学",2,4,5850.0
海南,2025,本科批,综合,1744,武汉理工大学,4,15,地理信息科学,,"物理,化学",2,4,4500.0
海南,2025,本科批,综合,1744,武汉理工大学,3,5,外国语言文学类,(包含专业:英语、法语),不限,2,4,4500.0
海南,2025,本科批,综合,1744,武汉理工大学,4,22,数学类,(包含专业:信息与计算科学、统计学),"物理,化学",2,4,4500.0
海南,2025,本科批,综合,1744,武汉理工大学,4,12,机械类,(车辆)(包含专业:车辆工程、汽车服务工程、能源与动力工程、储能科学与工程),"物理,化学",2,4,5850.0
海南,2025,本科批,综合,1744,武汉理工大学,4,21,海事管理,,"物理,化学",2,4,4500.0
海南,2025,本科批,综合,1744,武汉理工大学,3,4,经济学类,(包含专业:经济学、金融学),不限,2,4,4500.0
海南,2025,本科批,综合,1744,武汉理工大学,4,20,自动化类,(包含专业:电气工程及其自动化、自动化、机器人工程),"物理,化学",2,4,5850.0
海南,2025,本科批,综合,1744,武汉理工大学,4,18,计算机类,(包含专业:计算机科学与技术、软件工程、数据科学与大数据技术),"物理,化学",2,4,5850.0
海南,2025,本科批,综合,1744,武汉理工大学,4,9,道路桥梁与渡河工程,,"物理,化学",2,4,4500.0
海南,2025,本科批,综合,1744,武汉理工大学,4,19,人工智能,,"物理,化学",1,4,5850.0
海南,2025,本科批,综合,1744,武汉理工大学,4,25,数字经济,,"物理,化学",1,4,4500.0
海南,2025,本科批,综合,1744,武汉理工大学,3,6,法学类,(包含专业:法学、社会工作),不限,1,4,4500.0
海南,2025,本科批,综合,1744,武汉理工大学,4,27,物流工程,,"物理,化学",1,4,4500.0
海南,2025,本科批,综合,1744,武汉理工大学,4,16,环境科学与工程类,(包含专业:环境工程、采矿工程、矿物加工工程),"物理,化学",1,4,4500.0
海南,2025,本科提前批,综合,1744,武汉理工大学,1,1,轮机工程,"(工作性质特殊,不适宜女生报考；要求考生身高165cm及以上,无色盲(色弱)、无复视,听力、嗅觉正常,四肢健全；要求考生双眼裸视力均能达到4.6(0.4)及以上,或双眼裸视力均能达到4.0(0.1)及以上且矫正视力均能达到4.6(0.4)及以上；未尽事宜见招生章程)","物理,化学",2,4,3375.0
海南,2025,国家专项,综合,1744,武汉理工大学,2,2,土木类,(包含专业:土木工程、建筑环境与能源应用工程、给排水科学与工程、工程管理),"物理,化学",1,4,5850.0
海南,2025,专科批,综合,1842,武汉民政职业学院,1,5,护理,,不限,3,3,5000.0
海南,2025,专科批,综合,1842,武汉民政职业学院,1,4,现代殡葬技术与管理,,不限,3,3,5000.0
海南,2025,专科批,综合,1842,武汉民政职业学院,1,6,大数据与财务管理,,不限,2,3,5000.0
海南,2025,专科批,综合,1842,武汉民政职业学院,1,8,广告艺术设计,,不限,2,3,6500.0
海南,2025,专科批,综合,1842,武汉民政职业学院,1,1,康复治疗技术,,不限,2,3,5000.0
海南,2025,专科批,综合,1842,武汉民政职业学院,1,7,旅游管理,,不限,2,3,5000.0
海南,2025,专科批,综合,1842,武汉民政职业学院,1,9,智慧健康养老服务与管理,,不限,2,3,5000.0
海南,2025,专科批,综合,1842,武汉民政职业学院,1,3,民政服务与管理,,不限,2,3,5000.0
海南,2025,专科批,综合,1842,武汉民政职业学院,1,2,眼视光技术,,不限,2,3,5000.0
海南,2025,本科批,综合,1743,武汉轻工大学,1,5,食品科学与工程类,(包含专业:食品科学与工程(国家级一流本科专业、工程教育认证专业)、粮食工程、食品营养与健康、食品质量与安全),"物理,化学",3,4,5200.0
海南,2025,本科批,综合,1743,武汉轻工大学,1,6,功能材料,,"物理,化学",2,4,4000.0
海南,2025,本科批,综合,1743,武汉轻工大学,1,1,机械类,(包含专业:机械设计制造及其自动化(国家级一流本科专业)、材料成型及控制工程(新型材料设计与制造方向)、智能制造工程),"物理,化学",2,4,5200.0
海南,2025,本科批,综合,1743,武汉轻工大学,1,3,应用生物科学,,"物理,化学",1,4,4000.0
海南,2025,本科批,综合,1743,武汉轻工大学,1,4,电气工程及其自动化,,"物理,化学",1,4,5200.0
海南,2025,本科批,综合,1743,武汉轻工大学,1,2,计算机类,(包含专业:计算机科学与技术、软件工程),"物理,化学",1,4,5200.0
海南,2025,本科批,综合,1811,武汉晴川学院,2,16,通信工程,,"物理,化学",2,4,22000.0
海南,2025,本科批,综合,1811,武汉晴川学院,1,7,会计学,,不限,1,4,22000.0
海南,2025,本科批,综合,1811,武汉晴川学院,1,2,国际经济与贸易,,不限,1,4,21000.0
海南,2025,本科批,综合,1811,武汉晴川学院,1,4,市场营销,,不限,1,4,21000.0
海南,2025,本科批,综合,1811,武汉晴川学院,2,17,数据科学与大数据技术,,"物理,化学",1,4,22000.0
海南,2025,本科批,综合,1811,武汉晴川学院,1,6,新闻学,,不限,1,4,21000.0
海南,2025,本科批,综合,1811,武汉晴川学院,2,12,机械电子工程,,"物理,化学",1,4,22000.0
海南,2025,本科批,综合,1811,武汉晴川学院,2,15,机械设计制造及其自动化,,"物理,化学",1,4,22000.0
海南,2025,本科批,综合,1811,武汉晴川学院,1,8,物流管理,,不限,1,4,21000.0
海南,2025,本科批,综合,1811,武汉晴川学院,2,13,物联网工程,,"物理,化学",1,4,21000.0
海南,2025,本科批,综合,1811,武汉晴川学院,2,11,电子信息工程,,"物理,化学",1,4,22000.0
海南,2025,本科批,综合,1811,武汉晴川学院,1,3,电子商务,,不限,1,4,21000.0
海南,2025,本科批,综合,1811,武汉晴川学院,2,10,电气工程及其自动化,,"物理,化学",1,4,22000.0
海南,2025,本科批,综合,1811,武汉晴川学院,1,9,网络与新媒体,,不限,1,4,21000.0
海南,2025,本科批,综合,1811,武汉晴川学院,1,1,英语,,不限,1,4,21000.0
海南,2025,本科批,综合,1811,武汉晴川学院,2,14,计算机科学与技术,,"物理,化学",1,4,22000.0
海南,2025,本科批,综合,1811,武汉晴川学院,1,5,财务管理,,不限,1,4,22000.0
海南,2025,专科批,综合,1797,武汉软件工程职业学院,1,4,软件技术,,不限,4,3,5000.0
海南,2025,专科批,综合,1797,武汉软件工程职业学院,1,3,大数据与会计,,不限,2,3,5000.0
海南,2025,专科批,综合,1797,武汉软件工程职业学院,1,9,应用化工技术,,不限,2,3,5000.0
海南,2025,专科批,综合,1797,武汉软件工程职业学院,1,7,数字媒体技术,,不限,2,3,5000.0
海南,2025,专科批,综合,1797,武汉软件工程职业学院,1,5,新能源汽车检测与维修技术,,不限,2,3,5000.0
海南,2025,专科批,综合,1797,武汉软件工程职业学院,1,8,智能网联汽车技术,,不限,2,3,5000.0
海南,2025,专科批,综合,1797,武汉软件工程职业学院,1,6,现代物流管理,,不限,2,3,5000.0
海南,2025,专科批,综合,1797,武汉软件工程职业学院,1,2,电子信息工程技术,,不限,2,3,5000.0
海南,2025,专科批,综合,1797,武汉软件工程职业学院,1,1,计算机网络技术,,不限,2,3,5000.0
海南,2025,专科批,综合,1810,武汉商贸职业学院,4,37,婴幼儿托育服务与管理,,不限,8,3,12000.0
海南,2025,专科批,综合,1810,武汉商贸职业学院,4,7,工程造价,,不限,8,3,10000.0
海南,2025,专科批,综合,1810,武汉商贸职业学院,4,10,智能网联汽车技术,,不限,8,3,10000.0
海南,2025,专科批,综合,1810,武汉商贸职业学院,4,6,建筑设计,,不限,6,3,9680.0
海南,2025,专科批,综合,1810,武汉商贸职业学院,4,8,机电一体化技术,,不限,6,3,9680.0
海南,2025,专科批,综合,1810,武汉商贸职业学院,4,21,工业互联网技术,"(大一在红安校区就读,大二起就读武汉校区)",不限,5,3,10000.0
海南,2025,专科批,综合,1810,武汉商贸职业学院,4,9,工业机器人技术,,不限,5,3,9680.0
海南,2025,专科批,综合,1810,武汉商贸职业学院,4,27,市场营销,,不限,5,3,8800.0
海南,2025,专科批,综合,1810,武汉商贸职业学院,4,14,应用电子技术,,不限,5,3,8800.0
海南,2025,专科批,综合,1810,武汉商贸职业学院,4,31,现代物流管理,,不限,5,3,9000.0
海南,2025,专科批,综合,1810,武汉商贸职业学院,4,28,电子商务,,不限,5,3,9900.0
海南,2025,专科批,综合,1810,武汉商贸职业学院,4,16,软件技术,"(大一在红安校区就读,大二起就读武汉校区)",不限,5,3,9680.0
海南,2025,专科批,综合,1810,武汉商贸职业学院,4,30,网络营销与直播电商,,不限,4,3,8800.0
海南,2025,专科批,综合,1810,武汉商贸职业学院,4,20,人工智能技术应用,"(大一在红安校区就读,大二起就读武汉校区)",不限,3,3,9680.0
海南,2025,专科批,综合,1810,武汉商贸职业学院,4,19,信息安全技术应用,"(大一在红安校区就读,大二起就读武汉校区)",不限,3,3,12000.0
海南,2025,专科批,综合,1810,武汉商贸职业学院,4,35,商务英语,,不限,3,3,12000.0
海南,2025,专科批,综合,1810,武汉商贸职业学院,4,26,大数据与会计,,不限,3,3,9680.0
海南,2025,专科批,综合,1810,武汉商贸职业学院,4,25,大数据与财务管理,,不限,3,3,8800.0
海南,2025,专科批,综合,1810,武汉商贸职业学院,4,18,大数据技术,"(大一在红安校区就读,大二起就读武汉校区)",不限,3,3,12000.0
海南,2025,专科批,综合,1810,武汉商贸职业学院,4,17,数字媒体技术,"(大一在红安校区就读,大二起就读武汉校区)",不限,3,3,12000.0
海南,2025,专科批,综合,1810,武汉商贸职业学院,4,36,智能建造技术,,不限,3,3,12000.0
海南,2025,专科批,综合,1810,武汉商贸职业学院,4,13,物联网应用技术,"(大一在红安校区就读,大二起就读武汉校区)",不限,3,3,12000.0
海南,2025,专科批,综合,1810,武汉商贸职业学院,4,12,空中乘务,"(男生身高范围175-185cm,女生身高范围163-173cm;身心健康；五官端正；身材匀称；身体裸露部位无明显疤痕)",不限,3,3,15000.0
海南,2025,专科批,综合,1810,武汉商贸职业学院,4,15,计算机网络技术,"(大一在红安校区就读,大二起就读武汉校区)",不限,3,3,9680.0
海南,2025,专科批,综合,1810,武汉商贸职业学院,4,29,跨境电子商务,,不限,3,3,8800.0
海南,2025,专科批,综合,1810,武汉商贸职业学院,4,11,高速铁路客运服务,,不限,3,3,12000.0
海南,2025,专科批,综合,1810,武汉商贸职业学院,4,32,旅游管理,,不限,2,3,8800.0
海南,2025,专科批,综合,1810,武汉商贸职业学院,4,34,西式烹饪工艺,,不限,2,3,8800.0
海南,2025,专科批,综合,1810,武汉商贸职业学院,4,33,酒店管理与数字化运营,,不限,2,3,12000.0
海南,2025,专科批,综合,1810,武汉商贸职业学院,4,22,护理,"(考虑就业因素,建议男生身高165cm以上,女生身高158cm以上考生报考；大一在红安校区就读,大二起就读武汉校区)",不限,18,3,9680.0
海南,2025,专科批,综合,1810,武汉商贸职业学院,4,24,健康管理,"(大一在红安校区就读,大二起就读武汉校区)",不限,13,3,12000.0
海南,2025,专科批,综合,1810,武汉商贸职业学院,4,23,医学美容技术,"(大一在红安校区就读,大二起就读武汉校区)",不限,10,3,12000.0
海南,2025,本科批,综合,1776,武汉商学院,1,3,烹饪与营养教育,,"物理,化学",2,4,4000.0
海南,2025,本科批,综合,1776,武汉商学院,1,1,食品科学与工程,,"物理,化学",2,4,4000.0
海南,2025,本科批,综合,1776,武汉商学院,1,2,食品质量与安全,,"物理,化学",2,4,4000.0
海南,2025,本科批,综合,1788,武汉生物工程学院,1,4,商务英语,,不限,6,4,19000.0
海南,2025,本科批,综合,1788,武汉生物工程学院,1,2,网络与新媒体,,不限,6,4,20900.0
海南,2025,本科批,综合,1788,武汉生物工程学院,1,3,英语,,不限,6,4,19000.0
海南,2025,本科批,综合,1788,武汉生物工程学院,4,17,中药学,,"物理,化学",5,4,19000.0
海南,2025,本科批,综合,1788,武汉生物工程学院,4,12,医学检验技术,,"物理,化学",5,4,21700.0
海南,2025,本科批,综合,1788,武汉生物工程学院,2,7,大数据管理与应用,,物理,5,4,19000.0
海南,2025,本科批,综合,1788,武汉生物工程学院,2,9,工程造价,,物理,5,4,19800.0
海南,2025,本科批,综合,1788,武汉生物工程学院,1,6,市场营销,,不限,5,4,19000.0
海南,2025,本科批,综合,1788,武汉生物工程学院,4,22,机械设计制造及其自动化,,"物理,化学",5,4,20900.0
海南,2025,本科批,综合,1788,武汉生物工程学院,4,16,药学,,"物理,化学",5,4,21700.0
海南,2025,本科批,综合,1788,武汉生物工程学院,1,5,财务管理,,不限,5,4,19800.0
海南,2025,本科批,综合,1788,武汉生物工程学院,2,8,金融工程,,物理,5,4,19800.0
海南,2025,本科批,综合,1788,武汉生物工程学院,4,11,制药工程,,"物理,化学",3,4,19000.0
海南,2025,本科批,综合,1788,武汉生物工程学院,4,19,园艺,,"物理,化学",3,4,19000.0
海南,2025,本科批,综合,1788,武汉生物工程学院,4,20,康复治疗学,,"物理,化学",3,4,19800.0
海南,2025,本科批,综合,1788,武汉生物工程学院,4,25,数字媒体技术,,"物理,化学",3,4,19000.0
海南,2025,本科批,综合,1788,武汉生物工程学院,4,13,生物制药,,"物理,化学",3,4,19000.0
海南,2025,本科批,综合,1788,武汉生物工程学院,4,14,生物工程,,"物理,化学",3,4,20900.0
海南,2025,本科批,综合,1788,武汉生物工程学院,4,15,生物技术,,"物理,化学",3,4,19000.0
海南,2025,本科批,综合,1788,武汉生物工程学院,4,21,计算机科学与技术,,"物理,化学",3,4,21700.0
海南,2025,本科批,综合,1788,武汉生物工程学院,4,23,软件工程,,"物理,化学",3,4,21700.0
海南,2025,本科批,综合,1788,武汉生物工程学院,4,18,食品科学与工程类,(包含专业:食品科学与工程、食品质量与安全、烹饪与营养教育),"物理,化学",3,4,19000.0
海南,2025,本科批,综合,1788,武汉生物工程学院,4,24,土木工程,,"物理,化学",2,4,19000.0
海南,2025,本科批,综合,1788,武汉生物工程学院,1,1,汉语言文学,,不限,15,4,20900.0
海南,2025,本科批,综合,1788,武汉生物工程学院,3,10,护理学,,化学,10,4,19800.0
海南,2025,专科批,综合,1788,武汉生物工程学院,5,37,商务英语,,不限,5,3,9000.0
海南,2025,专科批,综合,1788,武汉生物工程学院,5,29,园林技术,,不限,5,3,8000.0
海南,2025,专科批,综合,1788,武汉生物工程学院,5,28,园艺技术,,不限,5,3,7500.0
海南,2025,专科批,综合,1788,武汉生物工程学院,5,43,工程造价,,不限,5,3,9900.0
海南,2025,专科批,综合,1788,武汉生物工程学院,5,38,市场营销,,不限,5,3,8000.0
海南,2025,专科批,综合,1788,武汉生物工程学院,5,40,建筑工程技术,,不限,5,3,9000.0
海南,2025,专科批,综合,1788,武汉生物工程学院,5,34,旅游管理,,不限,5,3,7500.0
海南,2025,专科批,综合,1788,武汉生物工程学院,5,39,机电一体化技术,,不限,5,3,9000.0
海南,2025,专科批,综合,1788,武汉生物工程学院,5,33,电子商务,,不限,5,3,9000.0
海南,2025,专科批,综合,1788,武汉生物工程学院,5,32,药品生产技术,,不限,5,3,9000.0
海南,2025,专科批,综合,1788,武汉生物工程学院,5,27,药品经营与管理,,不限,5,3,9000.0
海南,2025,专科批,综合,1788,武汉生物工程学院,5,26,环境工程技术,,不限,3,3,7500.0
海南,2025,专科批,综合,1788,武汉生物工程学院,5,41,机电设备技术,,不限,2,3,7500.0
海南,2025,专科批,综合,1788,武汉生物工程学院,5,35,大数据与财务管理,,不限,10,3,10600.0
海南,2025,专科批,综合,1788,武汉生物工程学院,5,30,药品生物技术,,不限,10,3,10600.0
海南,2025,专科批,综合,1788,武汉生物工程学院,5,44,计算机应用技术,,不限,10,3,11800.0
海南,2025,专科批,综合,1788,武汉生物工程学院,5,36,计算机网络技术,,不限,10,3,9000.0
海南,2025,专科批,综合,1788,武汉生物工程学院,5,42,软件技术,,不限,10,3,11800.0
海南,2025,专科批,综合,1788,武汉生物工程学院,5,31,食品检验检测技术,,不限,10,3,8200.0
海南,2025,本科批,综合,1756,武汉体育学院,3,5,信息管理与信息系统,,物理,2,4,4000.0
海南,2025,本科批,综合,1756,武汉体育学院,2,3,广播电视编导,,不限,2,4,10350.0
海南,2025,本科批,综合,1756,武汉体育学院,2,4,英语,(英语单科成绩不低于90分(150分制)),不限,2,4,5200.0
海南,2025,专科批,综合,1796,武汉铁路职业技术学院,1,5,金融科技应用,,不限,3,3,5000.0
海南,2025,专科批,综合,1796,武汉铁路职业技术学院,1,4,高速铁路施工与维护,(不招色盲、色弱),不限,3,3,5000.0
海南,2025,专科批,综合,1796,武汉铁路职业技术学院,1,6,商务数据分析与应用,,不限,2,3,5000.0
海南,2025,专科批,综合,1796,武汉铁路职业技术学院,1,7,城市轨道车辆应用技术,(女生慎报；不招色盲、色弱；矫正视力4.8及以上；身高165cm及以上),不限,2,3,5000.0
海南,2025,专科批,综合,1796,武汉铁路职业技术学院,1,2,铁路物流管理,,不限,2,3,5000.0
海南,2025,专科批,综合,1796,武汉铁路职业技术学院,1,1,铁道交通运营管理,(女生慎报；不招色盲、色弱),不限,2,3,5000.0
海南,2025,专科批,综合,1796,武汉铁路职业技术学院,1,3,铁道供电技术,(不招色盲、色弱),不限,2,3,5000.0
海南,2025,专科批,综合,1796,武汉铁路职业技术学院,1,9,铁道机车车辆制造与维护,(女生慎报；不招色盲、色弱；矫正视力4.8及以上),不限,2,3,5000.0
海南,2025,专科批,综合,1796,武汉铁路职业技术学院,1,8,铁道机车运用与维护,(女生慎报；不招色盲、色弱；矫正视力4.8及以上；身高165cm及以上),不限,2,3,5000.0
海南,2025,专科批,综合,1807,武汉外语外事职业学院,1,6,人工智能技术应用,,不限,2,3,12000.0
海南,2025,专科批,综合,1807,武汉外语外事职业学院,1,7,医学美容技术,,不限,2,3,11000.0
海南,2025,专科批,综合,1807,武汉外语外事职业学院,1,4,高速铁路客运服务,,不限,2,3,8800.0
海南,2025,专科批,综合,1807,武汉外语外事职业学院,1,1,商务日语,,不限,1,3,8000.0
海南,2025,专科批,综合,1807,武汉外语外事职业学院,1,3,智能机电技术,,不限,1,3,9900.0
海南,2025,专科批,综合,1807,武汉外语外事职业学院,1,2,服装设计与工艺,,不限,1,3,8000.0
海南,2025,专科批,综合,1807,武汉外语外事职业学院,1,5,酒店管理与数字化运营,,不限,1,3,8000.0
海南,2025,本科批,综合,1815,武汉文理学院,1,1,汉语言文学,,不限,4,4,19800.0
海南,2025,本科批,综合,1815,武汉文理学院,1,2,法学,,不限,4,4,18700.0
海南,2025,本科批,综合,1815,武汉文理学院,2,7,医学检验技术,,"物理,化学",2,4,23000.0
海南,2025,本科批,综合,1815,武汉文理学院,3,9,护理学,,生物,2,4,20400.0
海南,2025,本科批,综合,1815,武汉文理学院,2,5,智能测控工程,,"物理,化学",2,4,20900.0
海南,2025,本科批,综合,1815,武汉文理学院,2,4,机械设计制造及其自动化,(智能制造),"物理,化学",2,4,18000.0
海南,2025,本科批,综合,1815,武汉文理学院,2,8,药学,,"物理,化学",2,4,19000.0
海南,2025,本科批,综合,1815,武汉文理学院,2,3,计算机科学与技术,,"物理,化学",2,4,20900.0
海南,2025,本科批,综合,1815,武汉文理学院,2,6,软件工程,,"物理,化学",2,4,20900.0
海南,2025,专科批,综合,1808,武汉信息传播职业技术学院,1,1,数字化设计与制造技术,,不限,3,3,12980.0
海南,2025,专科批,综合,1808,武汉信息传播职业技术学院,1,3,数字媒体技术,,不限,3,3,8000.0
海南,2025,专科批,综合,1808,武汉信息传播职业技术学院,1,4,新闻采编与制作,,不限,3,3,8000.0
海南,2025,专科批,综合,1808,武汉信息传播职业技术学院,1,5,融媒体技术与运营,,不限,3,3,9500.0
海南,2025,专科批,综合,1808,武汉信息传播职业技术学院,1,2,软件技术,,不限,3,3,8000.0
海南,2025,本科批,综合,1837,武汉学院,1,5,会计学,(数智会计),不限,6,4,21000.0
海南,2025,本科批,综合,1837,武汉学院,1,6,国际经贸规则,,不限,6,4,22000.0
海南,2025,本科批,综合,1837,武汉学院,3,9,数据科学与大数据技术,,"物理,化学",6,4,21000.0
海南,2025,本科批,综合,1837,武汉学院,2,7,数字经济,(商务分析方向),物理,5,4,21000.0
海南,2025,本科批,综合,1837,武汉学院,3,8,物联网工程,,"物理,化学",5,4,21000.0
海南,2025,本科批,综合,1837,武汉学院,1,3,金融学,(数字金融方向),不限,4,4,21000.0
海南,2025,本科批,综合,1837,武汉学院,1,1,税收学,,不限,3,4,20000.0
海南,2025,本科批,综合,1837,武汉学院,1,2,网络与新媒体,,不限,3,4,21000.0
海南,2025,本科批,综合,1837,武汉学院,1,4,工商管理,(数智化人力资源、智慧养老管理方向),不限,2,4,20000.0
海南,2025,专科批,综合,1761,武汉职业技术大学,1,4,人工智能技术应用,,不限,5,3,5000.0
海南,2025,专科批,综合,1761,武汉职业技术大学,1,7,服装设计与工艺,,不限,5,3,5000.0
海南,2025,专科批,综合,1761,武汉职业技术大学,1,1,机械制造及自动化,,不限,5,3,5000.0
海南,2025,专科批,综合,1761,武汉职业技术大学,1,6,商务数据分析与应用,,不限,4,3,5000.0
海南,2025,专科批,综合,1761,武汉职业技术大学,1,5,现代物流管理,,不限,4,3,5000.0
海南,2025,专科批,综合,1761,武汉职业技术大学,1,3,网络新闻与传播,,不限,4,3,5000.0
海南,2025,专科批,综合,1761,武汉职业技术大学,1,2,机电一体化技术,,不限,3,3,5000.0
海南,2025,本科提前批(面试),综合,2954,武警工程大学,1,2,法学,(海警执法初级指挥警官)(男生)(只招男生；通用标准合格),物理,6,4,
海南,2025,本科提前批(面试),综合,2954,武警工程大学,2,12,管理科学,(执勤分队初级指挥警官)(男生)(只招男生；通用标准合格),"物理,化学",3,4,
海南,2025,本科提前批(面试),综合,2954,武警工程大学,1,3,作战指挥,(机动分队初级指挥警官)(男生)(只招男生；通用标准合格),物理,2,4,
海南,2025,本科提前批(面试),综合,2954,武警工程大学,2,6,数据科学与大数据技术,(数据信息初级指挥与技术警官)(男生)(只招男生；通用标准合格),"物理,化学",2,4,
海南,2025,本科提前批(面试),综合,2954,武警工程大学,2,9,管理科学,(保障分队初级指挥警官)(男生)(只招男生；通用标准合格),"物理,化学",2,4,
海南,2025,本科提前批(面试),综合,2954,武警工程大学,1,4,认知安全与技术,(执勤分队初级指挥警官)(男生)(只招男生；通用标准合格),物理,2,4,
海南,2025,本科提前批(面试),综合,2954,武警工程大学,2,8,通信工程,(执勤分队初级指挥警官)(男生)(只招男生；通用标准合格),"物理,化学",2,4,
海南,2025,本科提前批(面试),综合,2954,武警工程大学,2,11,非致命武器与装备工程,(机动分队初级指挥警官)(男生)(只招男生；通用标准合格),"物理,化学",2,4,
海南,2025,本科提前批(面试),综合,2954,武警工程大学,1,5,侦察情报,(海警侦察情报初级指挥警官)(男生)(只招男生；通用标准合格),物理,1,4,
海南,2025,本科提前批(面试),综合,2954,武警工程大学,2,7,信息安全,(通信网络初级技术警官)(男生)(只招男生；通信导航岗位合格),"物理,化学",1,4,
海南,2025,本科提前批(面试),综合,2954,武警工程大学,1,1,法学,(海警执法初级指挥警官)(女生)(只招女生；通用标准合格),物理,1,4,
海南,2025,本科提前批(面试),综合,2954,武警工程大学,2,10,通信工程,(通信网络初级指挥与技术警官)(男生)(只招男生；通信导航岗位合格),"物理,化学",1,4,
海南,2025,本科提前批(面试),综合,2955,武警警官学院,2,6,指挥信息系统工程,(执勤分队初级指挥警官)(男生)(只招男生；通用标准合格；考生投档成绩须达到部分特殊类型招生投档最低控制分数线),"物理,化学",6,4,
海南,2025,本科提前批(面试),综合,2955,武警警官学院,1,1,侦察情报,(武警侦察初级指挥警官)(男生)(只招男生；通用标准合格),物理,5,4,
海南,2025,本科提前批(面试),综合,2955,武警警官学院,1,4,管理科学,(机动分队初级指挥警官)(男生)(只招男生；通用标准合格),物理,5,4,
海南,2025,本科提前批(面试),综合,2955,武警警官学院,1,3,无人系统指挥与控制,(机动分队初级指挥警官)(男生)(只招男生；通用标准合格),物理,4,4,
海南,2025,本科提前批(面试),综合,2955,武警警官学院,1,5,目标保障,(机动分队初级指挥警官)(男生)(只招男生；通用标准合格),物理,3,4,
海南,2025,本科提前批(面试),综合,2955,武警警官学院,1,2,侦察情报,(执勤分队初级指挥警官)(男生)(只招男生；通用标准合格),物理,1,4,
海南,2025,本科提前批(面试),综合,2955,武警警官学院,3,7,民族学,(机动分队初级指挥警官)(男生)(只招男生；通用标准合格；考生投档成绩须达到部分特殊类型招生投档最低控制分数线),历史,1,4,
海南,2025,专科批,综合,1266,武夷山职业学院,2,4,计算机应用技术,,不限,5,3,13800.0
海南,2025,专科批,综合,1266,武夷山职业学院,2,5,茶艺与茶文化,,不限,4,3,12800.0
海南,2025,专科批,综合,1266,武夷山职业学院,2,3,工程造价,,不限,3,3,13800.0
海南,2025,专科批,综合,1266,武夷山职业学院,2,2,建筑工程技术,,不限,3,3,13800.0
海南,2025,专科批,综合,1266,武夷山职业学院,2,6,新能源汽车技术,,不限,3,3,13800.0
海南,2025,本科批,综合,1198,武夷学院,2,16,茶学,(专业体检要求详见学校招生章程),"物理,化学",2,4,5460.0
海南,2025,本科批,综合,1198,武夷学院,2,19,化学工程与工艺,(专业体检要求详见学校招生章程),"物理,化学",1,4,5040.0
海南,2025,本科批,综合,1198,武夷学院,1,3,国际经济与贸易,,不限,1,4,5040.0
海南,2025,本科批,综合,1198,武夷学院,2,13,土木工程,,"物理,化学",1,4,5040.0
海南,2025,本科批,综合,1198,武夷学院,2,14,康复治疗学,,"物理,化学",1,4,6240.0
海南,2025,本科批,综合,1198,武夷学院,1,1,文化产业管理,,不限,1,4,5040.0
海南,2025,本科批,综合,1198,武夷学院,1,6,旅游管理,,不限,1,4,5460.0
海南,2025,本科批,综合,1198,武夷学院,2,15,智慧农业,(专业体检要求详见学校招生章程),"物理,化学",1,4,5040.0
海南,2025,本科批,综合,1198,武夷学院,2,12,机械设计制造及其自动化,,"物理,化学",1,4,5040.0
海南,2025,本科批,综合,1198,武夷学院,1,4,汉语言文学,(师范),不限,1,4,5460.0
海南,2025,本科批,综合,1198,武夷学院,1,7,物流管理,,不限,1,4,5040.0
海南,2025,本科批,综合,1198,武夷学院,2,18,环境工程,(专业体检要求详见学校招生章程),"物理,化学",1,4,5040.0
海南,2025,本科批,综合,1198,武夷学院,2,17,生物工程,(专业体检要求详见学校招生章程),"物理,化学",1,4,5040.0
海南,2025,本科批,综合,1198,武夷学院,2,11,电子信息工程,,"物理,化学",1,4,5040.0
海南,2025,本科批,综合,1198,武夷学院,2,8,电气工程及其自动化,,"物理,化学",1,4,5040.0
海南,2025,本科批,综合,1198,武夷学院,1,2,网络与新媒体,,不限,1,4,5040.0
海南,2025,本科批,综合,1198,武夷学院,2,9,计算机科学与技术,,"物理,化学",1,4,5040.0
海南,2025,本科批,综合,1198,武夷学院,2,10,通信工程,,"物理,化学",1,4,5040.0
海南,2025,本科批,综合,1198,武夷学院,1,5,酒店管理,,不限,1,4,5460.0
海南,2025,本科批,综合,2712,西安财经大学,1,7,审计学,,不限,4,4,5000.0
海南,2025,本科批,综合,2712,西安财经大学,1,6,汉语言文学,,不限,4,4,5000.0
海南,2025,本科批,综合,2712,西安财经大学,1,8,法学,,不限,4,4,5350.0
海南,2025,本科批,综合,2712,西安财经大学,1,3,物流管理,,不限,4,4,5000.0
海南,2025,本科批,综合,2712,西安财经大学,1,4,经济学,,不限,4,4,5350.0
海南,2025,本科批,综合,2712,西安财经大学,1,5,财政学,,不限,4,4,5000.0
海南,2025,本科批,综合,2712,西安财经大学,1,2,人力资源管理,,不限,3,4,5000.0
海南,2025,本科批,综合,2712,西安财经大学,1,1,国际经济与贸易,,不限,2,4,5000.0
海南,2025,本科批,综合,2712,西安财经大学,1,9,旅游管理,,不限,1,4,5000.0
海南,2025,本科批,综合,2740,西安财经大学行知学院,1,12,会计学,,不限,5,4,25000.0
海南,2025,本科批,综合,2740,西安财经大学行知学院,1,3,财务管理,,不限,4,4,25000.0
海南,2025,本科批,综合,2740,西安财经大学行知学院,1,5,金融学,,不限,4,4,23000.0
海南,2025,本科批,综合,2740,西安财经大学行知学院,1,8,工商管理,,不限,3,4,23000.0
海南,2025,本科批,综合,2740,西安财经大学行知学院,1,10,物流管理,,不限,3,4,23000.0
海南,2025,本科批,综合,2740,西安财经大学行知学院,1,4,财政学,,不限,3,4,23000.0
海南,2025,本科批,综合,2740,西安财经大学行知学院,1,6,国际经济与贸易,,不限,2,4,23000.0
海南,2025,本科批,综合,2740,西安财经大学行知学院,2,14,大数据管理与应用,,物理,2,4,23000.0
海南,2025,本科批,综合,2740,西安财经大学行知学院,1,7,税收学,,不限,2,4,23000.0
海南,2025,本科批,综合,2740,西安财经大学行知学院,2,13,经济统计学,,物理,2,4,23000.0
海南,2025,本科批,综合,2740,西安财经大学行知学院,1,1,网络与新媒体,,不限,2,4,23000.0
海南,2025,本科批,综合,2740,西安财经大学行知学院,1,11,供应链管理,,不限,1,4,23000.0
海南,2025,本科批,综合,2740,西安财经大学行知学院,1,9,旅游管理,,不限,1,4,24000.0
海南,2025,本科批,综合,2740,西安财经大学行知学院,1,2,英语,,不限,1,4,23000.0
海南,2025,本科批,综合,2684,西安电子科技大学,3,7,计算机类,"(包含专业:计算机科学与技术、软件工程；大类包含专业“软件工程”一、二年级每人每年学费6600元,大三、大四按学分计,每学分不超过400元,总学分不高于80学分)","物理,化学",4,4,6600.0
海南,2025,本科批,综合,2684,西安电子科技大学,3,4,电子信息类,(通信)(包含专业:通信工程、信息工程、空间信息与数字技术),"物理,化学",3,4,6600.0
海南,2025,本科批,综合,2684,西安电子科技大学,3,5,电子信息类,(电子工程)(包含专业:电子信息工程、信息对抗技术、电磁场与无线技术),"物理,化学",3,4,6600.0
海南,2025,本科批,综合,2684,西安电子科技大学,3,6,电子信息类,(集成电路)(包含专业:微电子科学与工程、集成电路设计与集成系统),"物理,化学",3,4,6600.0
海南,2025,本科批,综合,2684,西安电子科技大学,2,3,管理科学与工程类,(数字化与商务智能融合培养)(包含专业:信息管理与信息系统、工业工程、大数据管理与应用),物理,3,4,5500.0
海南,2025,本科批,综合,2684,西安电子科技大学,3,9,计算机类,(智能)(包含专业:人工智能、智能科学与技术),"物理,化学",3,4,6600.0
海南,2025,本科批,综合,2684,西安电子科技大学,3,8,计算机类,(创新实验班)(包含专业:网络空间安全(实验班)、人工智能(图灵班)),"物理,化学",2,4,6600.0
海南,2025,国家专项,综合,2684,西安电子科技大学,1,1,生物医学工程类,(电子信息交叉融合班)(包含专业:生物医学工程、智能医学工程),"物理,化学",1,4,6600.0
海南,2025,国家专项,综合,2684,西安电子科技大学,1,2,计算机类,(网络安全)(包含专业:信息安全、网络空间安全),"物理,化学",1,4,6600.0
海南,2025,本科批,综合,2720,西安翻译学院,2,5,汉语言文学,,不限,6,4,27500.0
海南,2025,本科批,综合,2720,西安翻译学院,2,9,创业管理,,不限,5,4,25000.0
海南,2025,本科批,综合,2720,西安翻译学院,3,10,护理学,,化学,5,4,26500.0
海南,2025,本科批,综合,2720,西安翻译学院,4,11,人工智能,,"物理,化学",4,4,29000.0
海南,2025,本科批,综合,2720,西安翻译学院,2,4,小学教育,,不限,4,4,27500.0
海南,2025,本科批,综合,2720,西安翻译学院,2,7,日语,,不限,4,4,25000.0
海南,2025,本科批,综合,2720,西安翻译学院,2,6,英语,,不限,4,4,27500.0
海南,2025,本科批,综合,2720,西安翻译学院,2,8,翻译,,不限,10,4,27500.0
海南,2025,本科批,综合,2690,西安工程大学,2,2,机械工程,(卓越班),"物理,化学",2,4,6480.0
海南,2025,本科批,综合,2690,西安工程大学,2,3,计算机类,(包含专业:计算机科学与技术、软件工程、智能科学与技术、数据科学与大数据技术),"物理,化学",1,4,6480.0
海南,2025,本科批,综合,2742,西安工商学院,2,4,工程造价,,物理,2,4,27500.0
海南,2025,本科批,综合,2742,西安工商学院,1,1,广告学,,不限,2,4,27500.0
海南,2025,本科批,综合,2742,西安工商学院,3,5,智能制造工程,,"物理,化学",2,4,27500.0
海南,2025,本科批,综合,2742,西安工商学院,1,3,网络与新媒体,,不限,2,4,27500.0
海南,2025,本科批,综合,2742,西安工商学院,1,2,跨境电子商务,,不限,2,4,27500.0
海南,2025,本科批,综合,2685,西安工业大学,3,6,测控技术与仪器,,"物理,化学",4,4,6480.0
海南,2025,本科批,综合,2685,西安工业大学,3,10,光电信息材料与器件,,"物理,化学",3,4,6000.0
海南,2025,本科批,综合,2685,西安工业大学,1,2,会计学,,不限,2,4,5400.0
海南,2025,本科批,综合,2685,西安工业大学,3,5,信息与计算科学,,"物理,化学",2,4,6480.0
海南,2025,本科批,综合,2685,西安工业大学,2,3,工业工程,,物理,2,4,6480.0
海南,2025,本科批,综合,2685,西安工业大学,80,7,机械设计制造及其自动化,(中外合作办学),"物理,化学",2,4,50000.0
海南,2025,本科批,综合,2685,西安工业大学,4,11,汉语言文学,,历史,2,4,5400.0
海南,2025,本科批,综合,2685,西安工业大学,3,9,电子信息工程,,"物理,化学",2,4,6480.0
海南,2025,本科批,综合,2685,西安工业大学,1,1,网络与新媒体,,不限,2,4,5400.0
海南,2025,本科批,综合,2685,西安工业大学,80,8,自动化,(中外合作办学),"物理,化学",2,4,50000.0
海南,2025,本科批,综合,2685,西安工业大学,3,4,金属材料工程,(卓越班),"物理,化学",2,4,6480.0
海南,2025,专科批,综合,2746,西安海棠职业学院,1,1,动物医学,,不限,8,3,9900.0
海南,2025,专科批,综合,2746,西安海棠职业学院,1,3,护理,,不限,6,3,9900.0
海南,2025,专科批,综合,2746,西安海棠职业学院,1,7,医学影像技术,,不限,4,3,9900.0
海南,2025,专科批,综合,2746,西安海棠职业学院,1,8,口腔医学技术,,不限,4,3,9900.0
海南,2025,专科批,综合,2746,西安海棠职业学院,1,5,中医康复技术,,不限,3,3,9900.0
海南,2025,专科批,综合,2746,西安海棠职业学院,1,6,医学检验技术,,不限,3,3,9900.0
海南,2025,专科批,综合,2746,西安海棠职业学院,1,11,眼视光技术,,不限,3,3,9900.0
海南,2025,专科批,综合,2746,西安海棠职业学院,1,4,中药学,,不限,2,3,9900.0
海南,2025,专科批,综合,2746,西安海棠职业学院,1,10,康复治疗技术,,不限,2,3,9900.0
海南,2025,专科批,综合,2746,西安海棠职业学院,1,2,建筑消防技术,,不限,2,3,9900.0
海南,2025,专科批,综合,2746,西安海棠职业学院,1,9,医学美容技术,,不限,13,3,12100.0
海南,2025,本科批,综合,2686,西安建筑科技大学,2,4,土木工程,(人居环境科技与技术),"物理,化学",3,4,6480.0
海南,2025,本科批,综合,2686,西安建筑科技大学,2,2,环境科学,(碳核算与环境健康),"物理,化学",3,4,6480.0
海南,2025,本科批,综合,2686,西安建筑科技大学,2,8,人工智能,,"物理,化学",2,4,6480.0
海南,2025,本科批,综合,2686,西安建筑科技大学,2,7,储能科学与工程,,"物理,化学",2,4,6480.0
海南,2025,本科批,综合,2686,西安建筑科技大学,1,1,建筑类,(包含专业:建筑学、城乡规划、历史建筑保护工程、城市设计；人工智能设计),不限,2,5,6480.0
海南,2025,本科批,综合,2686,西安建筑科技大学,2,5,材料类,(包含专业:材料科学与工程、功能材料、资源循环科学与工程；生态与新能源材料),"物理,化学",2,4,6480.0
海南,2025,本科批,综合,2686,西安建筑科技大学,2,6,给排水科学与工程,"(卓越班,韧性城市智慧水务)","物理,化学",2,4,6480.0
海南,2025,本科批,综合,2686,西安建筑科技大学,2,3,计算机科学与技术,,"物理,化学",2,4,6480.0
海南,2025,本科批,综合,2739,西安建筑科技大学华清学院,1,2,土木工程,,"物理,化学",2,4,22000.0
海南,2025,本科批,综合,2739,西安建筑科技大学华清学院,1,5,建筑电气与智能化,,"物理,化学",2,4,22000.0
海南,2025,本科批,综合,2739,西安建筑科技大学华清学院,1,4,新能源材料与器件,,"物理,化学",2,4,22000.0
海南,2025,本科批,综合,2739,西安建筑科技大学华清学院,1,3,自动化,,"物理,化学",2,4,22000.0
海南,2025,本科批,综合,2739,西安建筑科技大学华清学院,1,1,通信工程,,"物理,化学",2,4,22000.0
海南,2025,本科批,综合,2681,西安交通大学,81,9,建筑学,(中外合作办学)(意大利米兰理工),"物理,化学",3,5,90000.0
海南,2025,本科批,综合,2681,西安交通大学,80,8,临床医学,(5+3一体化),"物理,化学",2,5,7150.0
海南,2025,本科批,综合,2681,西安交通大学,3,3,工科试验班,(越杰计划机类专业预选)(包含专业:测控技术与仪器、能源与动力工程、新能源科学与工程、核工程与核技术、环境工程、化学工程与工艺、过程装备与控制工程、机械工程、智能制造工程、车辆工程、飞行器设计与工程、材料科学与工程、工程力学、飞行器动力工程),"物理,化学",2,4,6600.0
海南,2025,本科批,综合,2681,西安交通大学,3,4,工科试验班,(电气类)(包含专业:电气工程及其自动化、能源互联网工程),"物理,化学",2,4,6600.0
海南,2025,本科批,综合,2681,西安交通大学,3,5,工科试验班,(计算机科学技术类)(包含专业:计算机科学与技术、网络空间安全、物联网工程),"物理,化学",1,4,6600.0
海南,2025,本科批,综合,2681,西安交通大学,3,6,微电子科学与工程,,"物理,化学",1,4,6600.0
海南,2025,本科批,综合,2681,西安交通大学,3,7,自动化,,"物理,化学",1,4,6600.0
海南,2025,国家专项,综合,2681,西安交通大学,1,1,经济学类,(包含专业:经济学、经济统计学、财政学、金融学、金融工程、国际经济与贸易、贸易经济、电子商务),物理,2,4,5500.0
海南,2025,国家专项,综合,2681,西安交通大学,2,2,医学试验班,(医学类)(包含专业:基础医学、法医学、预防医学),"物理,化学",1,4,7150.0
海南,2025,本科批,综合,2737,西安交通大学城市学院,1,3,网络工程,,"物理,化学",2,4,25300.0
海南,2025,本科批,综合,2737,西安交通大学城市学院,1,1,计算机科学与技术,,"物理,化学",2,4,25300.0
海南,2025,本科批,综合,2737,西安交通大学城市学院,1,2,软件工程,,"物理,化学",2,4,25300.0
海南,2025,专科批,综合,2735,西安交通工程学院,1,1,城市轨道交通运营管理,,不限,2,3,15500.0
海南,2025,本科批,综合,2687,西安科技大学,3,8,化学工程与工艺,(菁英人才培养计划),"物理,化学",4,4,6480.0
海南,2025,本科批,综合,2687,西安科技大学,2,2,大数据管理与应用,,物理,4,4,5000.0
海南,2025,本科批,综合,2687,西安科技大学,2,4,工程管理,,物理,4,4,5000.0
海南,2025,本科批,综合,2687,西安科技大学,2,3,数字经济,,物理,4,4,5000.0
海南,2025,本科批,综合,2687,西安科技大学,3,7,智能建造,,"物理,化学",4,4,6480.0
海南,2025,本科批,综合,2687,西安科技大学,3,6,测控技术与仪器,,"物理,化学",4,4,6480.0
海南,2025,本科批,综合,2687,西安科技大学,3,5,物联网工程,,"物理,化学",3,4,6480.0
海南,2025,本科批,综合,2683,西安理工大学,1,6,人工智能,,"物理,化学",2,4,6000.0
海南,2025,本科批,综合,2683,西安理工大学,1,9,储能科学与工程,,"物理,化学",2,4,6000.0
海南,2025,本科批,综合,2683,西安理工大学,1,5,数字媒体技术,,"物理,化学",2,4,6000.0
海南,2025,本科批,综合,2683,西安理工大学,1,2,新能源材料与器件,,"物理,化学",2,4,6000.0
海南,2025,本科批,综合,2683,西安理工大学,1,7,智能建造,,"物理,化学",2,4,6000.0
海南,2025,本科批,综合,2683,西安理工大学,1,1,机械设计制造及其自动化,,"物理,化学",2,4,6480.0
海南,2025,本科批,综合,2683,西安理工大学,1,3,测控技术与仪器,,"物理,化学",2,4,6480.0
海南,2025,本科批,综合,2683,西安理工大学,1,4,电子信息工程,,"物理,化学",2,4,6480.0
海南,2025,本科批,综合,2683,西安理工大学,1,8,电气工程及其自动化,,"物理,化学",2,4,6480.0
海南,2025,本科批,综合,2750,西安明德理工学院,1,2,会计学,,不限,4,4,25000.0
海南,2025,本科批,综合,2750,西安明德理工学院,1,1,市场营销,,不限,2,4,24000.0
海南,2025,本科批,综合,2750,西安明德理工学院,3,4,计算机科学与技术,,"物理,化学",2,4,27500.0
海南,2025,本科批,综合,2750,西安明德理工学院,2,3,金融科技,,物理,2,4,25000.0
海南,2025,本科批,综合,2718,西安欧亚学院,3,9,软件工程,(含普通班和软通动力校企合作班),"物理,化学",4,4,30800.0
海南,2025,本科批,综合,2718,西安欧亚学院,1,4,会展经济与管理,,不限,2,4,29800.0
海南,2025,本科批,综合,2718,西安欧亚学院,1,6,会计学,,不限,2,4,29800.0
海南,2025,本科批,综合,2718,西安欧亚学院,2,7,大数据管理与应用,,物理,2,4,29800.0
海南,2025,本科批,综合,2718,西安欧亚学院,1,1,学前教育,,不限,2,4,29800.0
海南,2025,本科批,综合,2718,西安欧亚学院,1,3,市场营销,,不限,2,4,26800.0
海南,2025,本科批,综合,2718,西安欧亚学院,1,5,广播电视编导,,不限,2,4,30800.0
海南,2025,本科批,综合,2718,西安欧亚学院,1,2,旅游管理,,不限,2,4,29800.0
海南,2025,本科批,综合,2718,西安欧亚学院,3,8,通信工程,(含普通班和奇安信校企合作班),"物理,化学",2,4,30800.0
海南,2025,本科批,综合,2711,西安培华学院,1,3,电子商务,,不限,4,4,20680.0
海南,2025,本科批,综合,2711,西安培华学院,1,7,英语,,不限,4,4,21780.0
海南,2025,本科批,综合,2711,西安培华学院,1,4,资产评估,,不限,4,4,21780.0
海南,2025,本科批,综合,2711,西安培华学院,1,1,学前教育,,不限,3,4,22880.0
海南,2025,本科批,综合,2711,西安培华学院,1,8,汉语国际教育,,不限,3,4,21780.0
海南,2025,本科批,综合,2711,西安培华学院,1,2,网络与新媒体,,不限,3,4,20680.0
海南,2025,本科批,综合,2711,西安培华学院,1,5,财务管理,,不限,3,4,21780.0
海南,2025,本科批,综合,2711,西安培华学院,2,9,金融工程,,物理,3,4,20680.0
海南,2025,本科批,综合,2711,西安培华学院,1,6,日语,,不限,2,4,20900.0
海南,2025,本科批,综合,2711,西安培华学院,3,10,通信工程,,"物理,化学",1,4,21780.0
海南,2025,专科批,综合,2747,西安汽车职业大学,1,6,中文,,不限,2,3,14080.0
海南,2025,专科批,综合,2747,西安汽车职业大学,1,5,人力资源管理,,不限,2,3,14080.0
海南,2025,专科批,综合,2747,西安汽车职业大学,1,3,大数据与会计,,不限,2,3,14080.0
海南,2025,专科批,综合,2747,西安汽车职业大学,1,1,新能源汽车技术,,不限,2,3,15180.0
海南,2025,专科批,综合,2747,西安汽车职业大学,1,2,机电一体化技术,,不限,2,3,14080.0
海南,2025,专科批,综合,2747,西安汽车职业大学,1,4,高速铁路客运服务,,不限,2,3,14080.0
海南,2025,本科批,综合,2688,西安石油大学,2,8,油气储运工程,,"物理,化学",2,4,6480.0
海南,2025,本科批,综合,2688,西安石油大学,2,9,化学工程与工艺,,"物理,化学",1,4,6480.0
海南,2025,本科批,综合,2688,西安石油大学,1,3,国际经济与贸易,,不限,1,4,5000.0
海南,2025,本科批,综合,2688,西安石油大学,1,2,新闻学,,不限,1,4,5000.0
海南,2025,本科批,综合,2688,西安石油大学,2,4,机械设计制造及其自动化,,"物理,化学",1,4,6480.0
海南,2025,本科批,综合,2688,西安石油大学,1,1,汉语言文学,,不限,1,4,5000.0
海南,2025,本科批,综合,2688,西安石油大学,2,7,测控技术与仪器,,"物理,化学",1,4,6480.0
海南,2025,本科批,综合,2688,西安石油大学,2,11,海洋油气工程,,"物理,化学",1,4,6000.0
海南,2025,本科批,综合,2688,西安石油大学,2,10,石油工程,,"物理,化学",1,4,6480.0
海南,2025,本科批,综合,2688,西安石油大学,2,6,计算机类,(包含专业:计算机科学与技术、软件工程、网络工程、数字媒体技术),"物理,化学",1,4,6480.0
海南,2025,本科批,综合,2688,西安石油大学,2,5,资源勘查工程,,"物理,化学",1,4,6480.0
海南,2025,本科批,综合,2727,西安思源学院,5,14,人工智能,,"物理,化学",3,4,27170.0
海南,2025,本科批,综合,2727,西安思源学院,3,4,国际经济与贸易,,不限,3,4,25080.0
海南,2025,本科批,综合,2727,西安思源学院,4,11,工程造价,,物理,3,4,27170.0
海南,2025,本科批,综合,2727,西安思源学院,3,7,中国语言文学类,(包含专业:汉语言文学、汉语国际教育),不限,2,4,25080.0
海南,2025,本科批,综合,2727,西安思源学院,6,18,护理学,,生物,2,4,27170.0
海南,2025,本科批,综合,2727,西安思源学院,5,15,机器人工程,,"物理,化学",2,4,27170.0
海南,2025,本科批,综合,2727,西安思源学院,5,12,机械类,(包含专业:机械设计制造及其自动化、智能制造工程),"物理,化学",2,4,27170.0
海南,2025,本科批,综合,2727,西安思源学院,5,16,土木工程,,"物理,化学",1,4,27170.0
海南,2025,本科批,综合,2727,西安思源学院,4,10,大数据管理与应用,,物理,1,4,25080.0
海南,2025,本科批,综合,2727,西安思源学院,3,6,小学教育,,不限,1,4,25080.0
海南,2025,本科批,综合,2727,西安思源学院,5,17,康复治疗学,,"物理,化学",1,4,27170.0
海南,2025,本科批,综合,2727,西安思源学院,3,8,建筑学,,不限,1,4,27170.0
海南,2025,本科批,综合,2727,西安思源学院,3,9,电子商务,,不限,1,4,25080.0
海南,2025,本科批,综合,2727,西安思源学院,5,13,电气工程及其自动化,,"物理,化学",1,4,27170.0
海南,2025,本科批,综合,2727,西安思源学院,3,5,艺术教育,,不限,1,4,25080.0
海南,2025,专科批,综合,2727,西安思源学院,9,33,学前教育,,不限,3,3,16720.0
海南,2025,专科批,综合,2727,西安思源学院,9,26,护理,,不限,2,3,17670.0
海南,2025,专科批,综合,2727,西安思源学院,9,27,口腔医学技术,,不限,1,3,17670.0
海南,2025,专科批,综合,2727,西安思源学院,9,28,大数据与财务管理,,不限,1,3,16720.0
海南,2025,专科批,综合,2727,西安思源学院,9,31,广告艺术设计,,不限,1,3,18620.0
海南,2025,专科批,综合,2727,西安思源学院,9,34,应用英语,,不限,1,3,16720.0
海南,2025,专科批,综合,2727,西安思源学院,9,23,建设工程管理,(BIM方向),不限,1,3,17670.0
海南,2025,专科批,综合,2727,西安思源学院,9,32,早期教育,,不限,1,3,16720.0
海南,2025,专科批,综合,2727,西安思源学院,9,24,机电一体化技术,,不限,1,3,17670.0
海南,2025,专科批,综合,2727,西安思源学院,9,30,环境艺术设计,,不限,1,3,18620.0
海南,2025,专科批,综合,2727,西安思源学院,9,29,电子商务,,不限,1,3,16720.0
海南,2025,专科批,综合,2727,西安思源学院,9,25,计算机网络技术,,不限,1,3,17670.0
海南,2025,专科批,综合,2752,西安铁路职业技术学院,1,1,铁道机车运用与维护,,不限,5,3,6500.0
海南,2025,本科批,综合,2700,西安外国语大学,2,13,英语,,不限,9,4,5400.0
海南,2025,本科批,综合,2700,西安外国语大学,2,11,汉语言文学,(师范类),不限,3,4,5000.0
海南,2025,本科批,综合,2700,西安外国语大学,4,19,人工智能,,"物理,化学",2,4,6000.0
海南,2025,本科批,综合,2700,西安外国语大学,2,9,国际经济与贸易,,不限,2,4,5000.0
海南,2025,本科批,综合,2700,西安外国语大学,5,21,外交学,,政治,2,4,5000.0
海南,2025,本科批,综合,2700,西安外国语大学,2,17,审计学,,不限,2,4,5000.0
海南,2025,本科批,综合,2700,西安外国语大学,2,15,新闻学,,不限,2,4,5000.0
海南,2025,本科批,综合,2700,西安外国语大学,2,12,汉语国际教育,,不限,2,4,5000.0
海南,2025,本科批,综合,2700,西安外国语大学,2,10,汉语言文学,,不限,2,4,5000.0
海南,2025,本科批,综合,2700,西安外国语大学,2,16,网络与新媒体,,不限,2,4,5000.0
海南,2025,本科批,综合,2700,西安外国语大学,2,8,金融学,,不限,2,4,5000.0
海南,2025,本科批,综合,2700,西安外国语大学,5,20,国际政治,,政治,1,4,5000.0
海南,2025,本科批,综合,2700,西安外国语大学,3,18,大数据管理与应用,,物理,1,4,5000.0
海南,2025,本科批,综合,2700,西安外国语大学,2,7,经济学,,不限,1,4,5000.0
海南,2025,本科批,综合,2700,西安外国语大学,2,14,语言学,,不限,1,4,5400.0
海南,2025,本科提前批,综合,2700,西安外国语大学,1,6,泰语,,不限,3,4,5400.0
海南,2025,本科提前批,综合,2700,西安外国语大学,1,5,马来语,,不限,3,4,5400.0
海南,2025,本科提前批,综合,2700,西安外国语大学,1,4,日语,,不限,2,4,5400.0
海南,2025,本科提前批,综合,2700,西安外国语大学,1,1,德语,,不限,1,4,5400.0
海南,2025,本科提前批,综合,2700,西安外国语大学,1,2,法语,,不限,1,4,5400.0
海南,2025,本科提前批,综合,2700,西安外国语大学,1,3,西班牙语,,不限,1,4,5400.0
海南,2025,本科批,综合,2719,西安外事学院,2,6,小学教育,,不限,8,4,31100.0
海南,2025,本科批,综合,2719,西安外事学院,4,24,护理学,,生物,6,4,31100.0
海南,2025,本科批,综合,2719,西安外事学院,2,13,经济与金融,,不限,6,4,27600.0
海南,2025,本科批,综合,2719,西安外事学院,2,3,财务管理,,不限,6,4,27600.0
海南,2025,本科批,综合,2719,西安外事学院,2,12,旅游管理,,不限,5,4,27600.0
海南,2025,本科批,综合,2719,西安外事学院,3,22,中药学,,"物理,化学",4,4,29900.0
海南,2025,本科批,综合,2719,西安外事学院,3,15,口腔医学技术,,"物理,化学",4,4,30500.0
海南,2025,本科批,综合,2719,西安外事学院,2,11,工商管理,,不限,4,4,27600.0
海南,2025,本科批,综合,2719,西安外事学院,2,10,数字出版,,不限,4,4,31100.0
海南,2025,本科批,综合,2719,西安外事学院,3,18,数据科学与大数据技术,,"物理,化学",4,4,31100.0
海南,2025,本科批,综合,2719,西安外事学院,3,16,智能科学与技术,,"物理,化学",4,4,29900.0
海南,2025,本科批,综合,2719,西安外事学院,3,19,电子信息工程,,"物理,化学",4,4,29900.0
海南,2025,本科批,综合,2719,西安外事学院,3,17,电气工程及其自动化,,"物理,化学",4,4,29900.0
海南,2025,本科批,综合,2719,西安外事学院,2,8,网络与新媒体,,不限,4,4,29100.0
海南,2025,本科批,综合,2719,西安外事学院,2,9,新闻学,,不限,3,4,28800.0
海南,2025,本科批,综合,2719,西安外事学院,2,2,汉语国际教育,,不限,3,4,29100.0
海南,2025,本科批,综合,2719,西安外事学院,2,5,物流管理,,不限,3,4,27600.0
海南,2025,本科批,综合,2719,西安外事学院,3,21,计算机科学与技术,,"物理,化学",3,4,31100.0
海南,2025,本科批,综合,2719,西安外事学院,2,4,会计学,,不限,2,4,27600.0
海南,2025,本科批,综合,2719,西安外事学院,3,23,康复治疗学,,"物理,化学",2,4,29900.0
海南,2025,本科批,综合,2719,西安外事学院,3,20,机器人工程,,"物理,化学",2,4,29900.0
海南,2025,本科批,综合,2719,西安外事学院,3,14,生物医学工程,,"物理,化学",2,4,29900.0
海南,2025,本科批,综合,2719,西安外事学院,2,7,英语,,不限,10,4,31100.0
海南,2025,专科批,综合,2719,西安外事学院,5,27,大数据与会计,,不限,8,3,19900.0
海南,2025,专科批,综合,2719,西安外事学院,5,29,应用英语,,不限,6,3,21100.0
海南,2025,专科批,综合,2719,西安外事学院,5,33,护理,,不限,5,3,21100.0
海南,2025,专科批,综合,2719,西安外事学院,5,34,药学,,不限,5,3,21100.0
海南,2025,专科批,综合,2719,西安外事学院,5,31,大数据技术,,不限,4,3,21100.0
海南,2025,专科批,综合,2719,西安外事学院,5,32,工程造价,,不限,4,3,21100.0
海南,2025,专科批,综合,2719,西安外事学院,5,28,学前教育,,不限,3,3,19900.0
海南,2025,专科批,综合,2719,西安外事学院,5,26,工商企业管理,,不限,3,3,19900.0
海南,2025,专科批,综合,2719,西安外事学院,5,30,应用法语,,不限,3,3,21100.0
海南,2025,专科批,综合,2719,西安外事学院,5,37,智能医疗装备技术,,不限,3,3,21100.0
海南,2025,专科批,综合,2719,西安外事学院,5,36,医学美容技术,,不限,2,3,21100.0
海南,2025,专科批,综合,2719,西安外事学院,5,35,建筑工程技术,,不限,2,3,21100.0
海南,2025,专科批,综合,2719,西安外事学院,5,25,现代物流管理,,不限,2,3,19900.0
海南,2025,本科批,综合,2707,西安文理学院,2,4,历史学,,历史,2,4,4250.0
海南,2025,本科批,综合,2707,西安文理学院,2,5,旅游管理,,历史,2,4,5000.0
海南,2025,本科批,综合,2707,西安文理学院,1,3,机器人工程,,"物理,化学,生物",2,4,6000.0
海南,2025,本科批,综合,2707,西安文理学院,1,1,机械设计制造及其自动化,,"物理,化学,生物",2,4,6000.0
海南,2025,本科批,综合,2707,西安文理学院,1,2,自动化,,"物理,化学,生物",2,4,6000.0
海南,2025,本科批,综合,2716,西安医学院,2,2,护理学,,生物,4,4,6500.0
海南,2025,本科批,综合,2716,西安医学院,3,3,儿科学,,"物理,化学,生物",2,5,6500.0
海南,2025,本科批,综合,2716,西安医学院,1,1,英语,,不限,2,4,5000.0
海南,2025,本科批,综合,2713,西安邮电大学,2,12,人工智能,,"物理,化学",2,4,6480.0
海南,2025,本科批,综合,2713,西安邮电大学,80,15,数据科学与大数据技术,(中外合作办学)(4+0模式),"物理,化学",2,4,65000.0
海南,2025,本科批,综合,2713,西安邮电大学,2,10,计算机科学与技术,,"物理,化学",2,4,6480.0
海南,2025,本科批,综合,2713,西安邮电大学,1,2,财务管理,,不限,2,4,5000.0
海南,2025,本科批,综合,2713,西安邮电大学,2,5,通信工程,,"物理,化学",2,4,6480.0
海南,2025,本科批,综合,2713,西安邮电大学,2,8,信息安全,,"物理,化学",1,4,6480.0
海南,2025,本科批,综合,2713,西安邮电大学,2,6,光电信息科学与工程,,"物理,化学",1,4,6480.0
海南,2025,本科批,综合,2713,西安邮电大学,2,4,智能感知工程,,"物理,化学",1,4,6000.0
海南,2025,本科批,综合,2713,西安邮电大学,1,3,物流管理,,不限,1,4,5400.0
海南,2025,本科批,综合,2713,西安邮电大学,2,14,物联网工程,,"物理,化学",1,4,6480.0
海南,2025,本科批,综合,2713,西安邮电大学,1,1,电子商务,,不限,1,4,5400.0
海南,2025,本科批,综合,2713,西安邮电大学,2,7,电子科学与技术,,"物理,化学",1,4,6480.0
海南,2025,本科批,综合,2713,西安邮电大学,2,9,网络工程,,"物理,化学",1,4,6480.0
海南,2025,本科批,综合,2713,西安邮电大学,2,11,自动化,,"物理,化学",1,4,6480.0
海南,2025,本科批,综合,2713,西安邮电大学,2,13,软件工程,,"物理,化学",1,4,6480.0
海南,2025,本科民族班、预科班,综合,2713,西安邮电大学,3,16,边防军人子女预科班,(只招经审核符合边防军人子女资格的考生；预科培养地点:西安邮电大学雁塔校区),不限,3,1,
海南,2025,专科批,综合,2754,西安职业技术学院,1,1,护理,,不限,5,3,6500.0
海南,2025,专科批,综合,2754,西安职业技术学院,1,2,现代物流管理,,不限,5,3,6500.0
海南,2025,本科批,综合,2680,西北大学,3,8,数学类,(包含专业:数学与应用数学、应用统计学),"物理,化学",4,4,6600.0
海南,2025,本科批,综合,2680,西北大学,2,5,信息管理与信息系统,(数据科学与智能管理方向),物理,3,4,5500.0
海南,2025,本科批,综合,2680,西北大学,3,10,化学类,(包含专业:化学、应用化学、化学生物学、材料化学),"物理,化学",3,4,6600.0
海南,2025,本科批,综合,2680,西北大学,3,17,化工与制药类,(包含专业:化学工程与工艺、制药工程、能源化学工程),"物理,化学",3,4,6600.0
海南,2025,本科批,综合,2680,西北大学,5,23,地理科学类,(包含专业:自然地理与资源环境、人文地理与城乡规划、地理信息科学),"物理,地理",3,4,6600.0
海南,2025,本科批,综合,2680,西北大学,1,2,工商管理类,(包含专业:工商管理、会计学),不限,3,4,5500.0
海南,2025,本科批,综合,2680,西北大学,3,14,电子信息类,(包含专业:通信工程、电子信息工程、电子科学与技术、微电子科学与工程、智能科学与技术),"物理,化学",3,4,6600.0
海南,2025,本科批,综合,2680,西北大学,3,16,过程装备与控制工程,,"物理,化学",3,4,6600.0
海南,2025,本科批,综合,2680,西北大学,3,15,食品科学与工程,,"物理,化学",3,4,6600.0
海南,2025,本科批,综合,2680,西北大学,4,18,世界史,,历史,2,4,5500.0
海南,2025,本科批,综合,2680,西北大学,4,20,中国语言文学类,(包含专业:汉语言文学、汉语国际教育),历史,2,4,5500.0
海南,2025,本科批,综合,2680,西北大学,80,13,临床医学,,"物理,化学",2,5,7150.0
海南,2025,本科批,综合,2680,西北大学,1,1,国际经济与贸易,(全球丝路合作发展方向),不限,2,4,5500.0
海南,2025,本科批,综合,2680,西北大学,3,11,地球信息科学与技术,,"物理,化学",2,4,6600.0
海南,2025,本科批,综合,2680,西北大学,1,4,城乡规划,(国土空间规划方向),不限,2,4,6600.0
海南,2025,本科批,综合,2680,西北大学,4,21,外国语言文学类,(包含专业:英语、日语、俄语),历史,2,4,5500.0
海南,2025,本科批,综合,2680,西北大学,4,22,法学,,历史,2,4,5500.0
海南,2025,本科批,综合,2680,西北大学,3,9,物理学类,(包含专业:物理学、应用物理学、材料物理、光电信息科学与工程),"物理,化学",2,4,6600.0
海南,2025,本科批,综合,2680,西北大学,3,7,生物科学,(华大创新班),"物理,化学",2,4,6600.0
海南,2025,本科批,综合,2680,西北大学,2,6,知识产权,,物理,2,4,5500.0
海南,2025,本科批,综合,2680,西北大学,1,3,经济学,(数理经济实验班),不限,2,4,5500.0
海南,2025,本科批,综合,2680,西北大学,3,12,计算机科学与技术,(人工智能实验班),"物理,化学",2,4,6600.0
海南,2025,本科批,综合,2680,西北大学,81,19,考古学,,历史,1,4,4250.0
海南,2025,本科批,综合,2682,西北工业大学,2,2,航空航天类,(智慧三航拔尖班)(包含专业:飞行器设计与工程、计算机科学与技术),"物理,化学",7,4,6600.0
海南,2025,本科批,综合,2682,西北工业大学,80,6,探测制导与控制技术,(中外合作办学),"物理,化学",5,4,70000.0
海南,2025,本科批,综合,2682,西北工业大学,80,5,航空航天工程,(中外合作办学),"物理,化学",4,4,70000.0
海南,2025,本科批,综合,2682,西北工业大学,2,3,航空航天类,(陈士橹飞天班)(包含专业:航空航天工程),"物理,化学",3,4,6600.0
海南,2025,本科批,综合,2682,西北工业大学,2,4,计算机类,(计算机科学拔尖基地班)(包含专业:计算机科学与技术),"物理,化学",2,4,6600.0
海南,2025,国家专项,综合,2682,西北工业大学,1,1,物理学类,(空天应用物理试验班)(包含专业:应用物理学、材料物理、光电信息科学与工程；分流时大类内专业任选),"物理,化学",3,4,6600.0
海南,2025,本科批,综合,2796,西北民族大学,9,19,动物医学,,"物理,化学",6,5,4300.0
海南,2025,本科批,综合,2796,西北民族大学,9,26,自动化,,"物理,化学",4,4,4500.0
海南,2025,本科批,综合,2796,西北民族大学,9,22,动物科学,,"物理,化学",3,4,4300.0
海南,2025,本科批,综合,2796,西北民族大学,8,16,护理学,,化学,3,4,4800.0
海南,2025,本科批,综合,2796,西北民族大学,9,25,电气工程及其自动化,,"物理,化学",3,4,4500.0
海南,2025,本科批,综合,2796,西北民族大学,80,13,英语,,不限,3,4,4400.0
海南,2025,本科批,综合,2796,西北民族大学,6,14,金融学,,不限,3,4,3800.0
海南,2025,本科批,综合,2796,西北民族大学,9,24,食品科学与工程,,"物理,化学",3,4,4500.0
海南,2025,本科批,综合,2796,西北民族大学,9,21,人工智能,,"物理,化学",2,4,4500.0
海南,2025,本科批,综合,2796,西北民族大学,9,27,土木工程,,"物理,化学",2,4,4500.0
海南,2025,本科批,综合,2796,西北民族大学,7,15,教育技术学,,物理,2,4,4300.0
海南,2025,本科批,综合,2796,西北民族大学,9,20,数字媒体技术,,"物理,化学",2,4,4500.0
海南,2025,本科批,综合,2796,西北民族大学,6,11,旅游管理,,不限,2,4,3800.0
海南,2025,本科批,综合,2796,西北民族大学,11,29,民族学,,历史,2,4,3800.0
海南,2025,本科批,综合,2796,西北民族大学,11,30,汉语言文学,,历史,2,4,3800.0
海南,2025,本科批,综合,2796,西北民族大学,10,28,法学,,政治,2,4,3800.0
海南,2025,本科批,综合,2796,西北民族大学,9,23,生物技术,,"物理,化学",2,4,4300.0
海南,2025,本科批,综合,2796,西北民族大学,6,9,财务管理,,不限,2,4,3800.0
海南,2025,本科批,综合,2796,西北民族大学,80,10,阿拉伯语,,不限,2,4,4400.0
海南,2025,本科批,综合,2796,西北民族大学,6,12,新闻传播学类,(包含专业:新闻学、广告学),不限,10,4,3800.0
海南,2025,本科批,综合,2796,西北民族大学,9,18,电子信息类,(包含专业:电子信息工程、通信工程),"物理,化学",10,4,4500.0
海南,2025,本科批,综合,2796,西北民族大学,9,17,计算机类,(包含专业:计算机科学与技术、软件工程、物联网工程、数据科学与大数据技术),"物理,化学",10,4,4500.0
海南,2025,国家专项,综合,2796,西北民族大学,4,7,英语,,不限,2,4,4400.0
海南,2025,国家专项,综合,2796,西北民族大学,5,8,食品科学与工程,,"物理,化学",2,4,4500.0
海南,2025,本科民族班、预科班,综合,2796,西北民族大学,12,31,少数民族预科班,(学费以进校分班情况确定；预科培养地点:西北民族大学榆中校区),不限,8,1,
海南,2025,本科批,综合,2692,西北农林科技大学,4,6,农学,(农学类)(不招色盲、色弱),"物理,化学",2,4,6600.0
海南,2025,本科批,综合,2692,西北农林科技大学,4,10,动物医学,(不招色盲、色弱),"物理,化学",2,5,6600.0
海南,2025,本科批,综合,2692,西北农林科技大学,4,9,园艺,(园艺类)(不招色盲、色弱),"物理,化学",2,4,6600.0
海南,2025,本科批,综合,2692,西北农林科技大学,2,2,工商管理类,(包含专业:会计学、工商管理、农林经济管理、土地资源管理、市场营销),不限,2,4,5500.0
海南,2025,本科批,综合,2692,西北农林科技大学,3,3,数字经济,,物理,2,4,5500.0
海南,2025,本科批,综合,2692,西北农林科技大学,4,7,智慧农业,,"物理,化学",2,4,6600.0
海南,2025,本科批,综合,2692,西北农林科技大学,4,4,机械类,(包含专业:机械设计制造及其自动化、机械电子工程、车辆工程),"物理,化学",2,4,6600.0
海南,2025,本科批,综合,2692,西北农林科技大学,4,8,植物保护,(不招色盲、色弱),"物理,化学",2,4,6600.0
海南,2025,本科批,综合,2692,西北农林科技大学,4,11,水利类,(包含专业:水利水电工程、水文与水资源工程、农业水利工程、能源与动力工程),"物理,化学",2,4,6600.0
海南,2025,本科批,综合,2692,西北农林科技大学,5,14,生物信息学,(不招色盲、色弱),"物理,化学,生物",2,4,6600.0
海南,2025,本科批,综合,2692,西北农林科技大学,4,13,葡萄与葡萄酒工程,(不招色盲、色弱),"物理,化学",2,4,6600.0
海南,2025,本科批,综合,2692,西北农林科技大学,4,5,计算机类,(包含专业:计算机科学与技术、软件工程、数据科学与大数据技术),"物理,化学",2,4,6600.0
海南,2025,本科批,综合,2692,西北农林科技大学,4,12,食品科学与工程类,(包含专业:食品科学与工程、食品质量与安全；不招色盲、色弱),"物理,化学",2,4,6600.0
海南,2025,国家专项,综合,2692,西北农林科技大学,1,1,生物科学类,(包含专业:生物科学、生物技术、生物工程；不招色盲、色弱),"物理,化学,生物",1,4,6600.0
海南,2025,本科批,综合,2790,西北师范大学,1,5,俄语,,不限,5,4,4400.0
海南,2025,本科批,综合,2790,西北师范大学,2,6,数学与应用数学,,"物理,化学",5,4,4300.0
海南,2025,本科批,综合,2790,西北师范大学,3,9,汉语言文学,,历史,3,4,3800.0
海南,2025,本科批,综合,2790,西北师范大学,1,3,国际经济与贸易,,不限,2,4,3800.0
海南,2025,本科批,综合,2790,西北师范大学,5,11,地理信息科学,,"物理,地理",2,4,4300.0
海南,2025,本科批,综合,2790,西北师范大学,4,10,地理科学,(不招色盲、单色识别不全者),地理,2,4,4300.0
海南,2025,本科批,综合,2790,西北师范大学,1,2,新闻学,,不限,2,4,3800.0
海南,2025,本科批,综合,2790,西北师范大学,2,7,材料物理,(不招色盲、单色识别不全者),"物理,化学",2,4,4300.0
海南,2025,本科批,综合,2790,西北师范大学,2,8,物联网工程,,"物理,化学",2,4,4500.0
海南,2025,本科批,综合,2790,西北师范大学,1,1,社会学类,(包含专业:社会学、社会工作),不限,2,4,3800.0
海南,2025,本科批,综合,2790,西北师范大学,1,4,翻译,,不限,2,4,4400.0
海南,2025,本科批,综合,2701,西北政法大学,1,10,法学,(涉外法治),不限,6,4,5400.0
海南,2025,本科批,综合,2701,西北政法大学,1,11,审计学,,不限,3,4,5400.0
海南,2025,本科批,综合,2701,西北政法大学,1,3,法学,(经济法),不限,3,4,5400.0
海南,2025,本科批,综合,2701,西北政法大学,1,4,法学,(民商法),不限,3,4,5400.0
海南,2025,本科批,综合,2701,西北政法大学,1,5,法学,(刑事法),不限,3,4,5400.0
海南,2025,本科批,综合,2701,西北政法大学,1,7,法学,(反恐怖主义法),不限,3,4,5400.0
海南,2025,本科批,综合,2701,西北政法大学,1,9,法学,(行政法),不限,3,4,5400.0
海南,2025,本科批,综合,2701,西北政法大学,1,1,社会学,,不限,2,4,5000.0
海南,2025,本科批,综合,2701,西北政法大学,1,8,编辑出版学,,不限,2,4,5400.0
海南,2025,本科批,综合,2701,西北政法大学,1,6,电子商务及法律,,不限,1,4,5400.0
海南,2025,本科批,综合,2701,西北政法大学,1,2,经济学类,(包含专业:经济学、金融学、国际经济与贸易),不限,1,4,5400.0
海南,2025,专科批,综合,2679,西藏职业技术学院,1,1,供用电技术,,"物理,化学",5,3,2800.0
海南,2025,专科批,综合,2679,西藏职业技术学院,5,5,旅游管理,,"政治,历史,地理",5,3,2800.0
海南,2025,专科批,综合,2679,西藏职业技术学院,2,2,畜牧兽医,,"物理,化学,生物",5,3,
海南,2025,专科批,综合,2679,西藏职业技术学院,4,4,酒店管理与数字化运营,,"政治,历史",5,3,2800.0
海南,2025,专科批,综合,2679,西藏职业技术学院,3,3,现代物流管理,,"物理,政治",4,3,2800.0
海南,2025,本科批,综合,2370,西昌学院,2,3,工程管理,,物理,5,4,5520.0
海南,2025,本科批,综合,2370,西昌学院,3,4,水利水电工程,,"物理,化学",5,4,5980.0
海南,2025,本科批,综合,2370,西昌学院,1,1,翻译,,不限,5,4,5520.0
海南,2025,本科批,综合,2370,西昌学院,1,2,行政管理,,不限,5,4,5520.0
海南,2025,本科批,综合,2367,西华大学,3,5,数学与应用数学,,"物理,化学",2,4,5980.0
海南,2025,本科批,综合,2367,西华大学,3,4,材料成型及控制工程,,"物理,化学",2,4,5980.0
海南,2025,本科批,综合,2367,西华大学,2,3,电子商务,,不限,2,4,5520.0
海南,2025,本科批,综合,2367,西华大学,2,2,网络与新媒体,,不限,2,4,5520.0
海南,2025,本科批,综合,2367,西华大学,3,6,能源与动力工程,,"物理,化学",2,4,5980.0
海南,2025,本科批,综合,2367,西华大学,3,7,食品科学与工程,,"物理,化学",2,4,5980.0
海南,2025,本科民族班、预科班,综合,2367,西华大学,4,8,边防军人子女预科班,(只招经审核符合边防军人子女资格的考生；预科培养地点:西华大学郫都校区),不限,3,1,12000.0
海南,2025,本科批,综合,2375,西华师范大学,2,2,环境科学,,"物理,化学",6,4,6240.0
海南,2025,本科批,综合,2375,西华师范大学,1,1,国际经济与贸易,,不限,4,4,5760.0
海南,2025,本科批,综合,944,西交利物浦大学,2,4,金融学类,"(中外合作办学)(包含专业:精算学(中外合作办学)、金融数学(中外合作办学)；西浦按大类招生,大类名称仅用于志愿填报,入学后第二学期选专业,所有专业及方向均开放选择；具体专业信息详见学校招生网站)",物理,9,4,93000.0
海南,2025,本科批,综合,944,西交利物浦大学,3,5,数学类,"(中外合作办学)(包含专业:数学与应用数学(中外合作办学)、数据科学与大数据技术(中外合作办学)；西浦按大类招生,大类名称仅用于志愿填报,入学后第二学期选专业,所有专业及方向均开放选择；具体专业信息详见学校招生网站)","物理,化学",6,4,93000.0
海南,2025,本科批,综合,944,西交利物浦大学,1,1,建筑类,"(中外合作办学)(包含专业:建筑学(中外合作办学)、城乡规划(中外合作办学)；西浦按大类招生,大类名称仅用于志愿填报,入学后第二学期选专业,所有专业及方向均开放选择；具体专业信息详见学校招生网站)",不限,4,4,93000.0
海南,2025,本科批,综合,944,西交利物浦大学,1,3,外国语言文学类,"(中外合作办学)(包含专业:英语(中外合作办学)、翻译(中外合作办学)；西浦按大类招生,大类名称仅用于志愿填报,入学后第二学期选专业,所有专业及方向均开放选择；具体专业信息详见学校招生网站)",不限,2,4,93000.0
海南,2025,本科批,综合,944,西交利物浦大学,3,7,生物科学类,"(中外合作办学)(包含专业:生物科学(中外合作办学)、生物信息学(中外合作办学)、环境科学(中外合作办学)、应用化学(中外合作办学)、应用统计学(中外合作办学)、药学(中外合作办学)、生物制药(中外合作办学)、生物医学科学(中外合作办学)；西浦按大类招生,大类名称仅用于志愿填报,入学后第二学期选专业,所有专业及方向均开放选择；具体专业信息详见学校招生网站)","物理,化学",2,4,93000.0
海南,2025,本科批,综合,944,西交利物浦大学,1,2,工商管理类,"(中外合作办学)(包含专业:会计学(中外合作办学)、工商管理(中外合作办学)、人力资源管理(中外合作办学)、国际商务(中外合作办学)、市场营销(中外合作办学)、供应链管理(中外合作办学)、经济与金融(中外合作办学)、经济学(中外合作办学)；西浦按大类招生,大类名称仅用于志愿填报,入学后第二学期选专业,所有专业及方向均开放选择；具体专业信息详见学校招生网站)",不限,13,4,93000.0
海南,2025,本科批,综合,944,西交利物浦大学,3,6,电子信息类,"(中外合作办学)(包含专业:计算机科学与技术(中外合作办学)、电子科学与技术(中外合作办学)、电气工程及其自动化(中外合作办学)、通信工程(中外合作办学)、信息与计算科学(中外合作办学)、数字媒体技术(中外合作办学)、工业设计(中外合作办学)、机械电子工程(中外合作办学)、智能制造工程(中外合作办学)、机器人工程(中外合作办学)、物联网工程(中外合作办学)、微电子科学与工程(中外合作办学)、信息管理与信息系统(中外合作办学)、人工智能(中外合作办学)、材料科学与工程(中外合作办学)；西浦按大类招生,大类名称仅用于志愿填报,入学后第二学期选专业,所有专业及方向均开放选择；具体专业信息详见学校招生网站)","物理,化学",10,4,93000.0
海南,2025,本科批,综合,2721,西京学院,2,11,电子商务,,不限,6,4,26400.0
海南,2025,本科批,综合,2721,西京学院,2,10,会计学,,不限,4,4,28600.0
海南,2025,本科批,综合,2721,西京学院,4,16,计算机科学与技术,,"物理,化学",4,4,28600.0
海南,2025,本科批,综合,2721,西京学院,3,12,金融科技,,物理,4,4,26400.0
海南,2025,本科批,综合,2721,西京学院,3,13,大数据管理与应用,,物理,3,4,26400.0
海南,2025,本科批,综合,2721,西京学院,2,6,国际经济与贸易,,不限,2,4,26400.0
海南,2025,本科批,综合,2721,西京学院,2,7,城市管理,,不限,2,4,26400.0
海南,2025,本科批,综合,2721,西京学院,2,8,审计学,,不限,2,4,28600.0
海南,2025,本科批,综合,2721,西京学院,4,17,数据科学与大数据技术,,"物理,化学",2,4,28600.0
海南,2025,本科批,综合,2721,西京学院,4,14,机械设计制造及其自动化,,"物理,化学",2,4,28600.0
海南,2025,本科批,综合,2721,西京学院,4,15,电气工程及其自动化,,"物理,化学",2,4,28600.0
海南,2025,本科批,综合,2721,西京学院,2,9,财务管理,,不限,2,4,28600.0
海南,2025,本科批,综合,2382,西南财经大学,80,12,会计学,(中外合作办学),不限,4,4,98000.0
海南,2025,本科批,综合,2382,西南财经大学,80,15,国际商务,(中外合作办学),不限,3,4,98000.0
海南,2025,本科批,综合,2382,西南财经大学,80,14,市场营销,(中外合作办学)(金融服务与营销),不限,3,4,98000.0
海南,2025,本科批,综合,2382,西南财经大学,3,24,统计学类,(包含专业:统计学、数据科学),"物理,化学",3,4,6240.0
海南,2025,本科批,综合,2382,西南财经大学,1,1,金融学类,(包含专业:金融学、金融学(证券与期货方向)、金融学(双语实验班)、信用管理、投资学),不限,3,4,5760.0
海南,2025,本科批,综合,2382,西南财经大学,1,6,工商管理类,(包含专业:工商管理、工商管理(双语实验班)、市场营销、旅游管理、供应链管理、人力资源管理),不限,2,4,5760.0
海南,2025,本科批,综合,2382,西南财经大学,3,27,数学与应用数学,(数学与经济学双学位),"物理,化学",2,4,6240.0
海南,2025,本科批,综合,2382,西南财经大学,2,20,管理科学与工程类,(包含专业:计算金融、大数据管理与应用、信息管理与信息系统),物理,2,4,5760.0
海南,2025,本科批,综合,2382,西南财经大学,1,8,经济与贸易类,(包含专业:国际商务(双语实验班)、国际经济与贸易(双语实验班)),不限,2,4,8000.0
海南,2025,本科批,综合,2382,西南财经大学,3,26,计算机类,(包含专业:人工智能、计算机科学与技术、网络空间安全、数据科学与大数据技术),"物理,化学",2,4,6240.0
海南,2025,本科批,综合,2382,西南财经大学,1,7,财政学类,(包含专业:财政学、税收学),不限,2,4,5760.0
海南,2025,本科批,综合,2382,西南财经大学,1,4,会计学,(注册会计师专门化方向),不限,1,4,5760.0
海南,2025,本科批,综合,2382,西南财经大学,1,5,会计学,(双语实验班),不限,1,4,8000.0
海南,2025,本科批,综合,2382,西南财经大学,1,3,工商管理类,(会计学院)(包含专业:会计学(大数据会计)、财务管理、审计学),不限,1,4,5760.0
海南,2025,本科批,综合,2382,西南财经大学,2,16,数字经济,"(基础学科拔尖实验班)(学生入驻刘诗白书院；实行大类培养自由分流,大一第二学期根据意愿在数字经济、计算机科学与技术和数学与应用数学3个基础学科拔尖实验班专业中自由选择专业学习)",物理,1,4,5760.0
海南,2025,本科批,综合,2382,西南财经大学,3,23,数学与应用数学,"(基础学科拔尖实验班)(学生入驻刘诗白书院；实行大类培养自由分流,大一第二学期根据意愿在数字经济、计算机科学与技术和数学与应用数学3个基础学科拔尖实验班专业中自由选择专业学习)","物理,化学",1,4,6240.0
海南,2025,本科批,综合,2382,西南财经大学,1,10,法学,(法学与会计学双学位),不限,1,4,5760.0
海南,2025,本科批,综合,2382,西南财经大学,1,11,法学,(法学与金融学双学位),不限,1,4,5760.0
海南,2025,本科批,综合,2382,西南财经大学,2,19,精算学,,物理,1,4,5760.0
海南,2025,本科批,综合,2382,西南财经大学,3,25,经济统计学,,"物理,化学",1,4,5760.0
海南,2025,本科批,综合,2382,西南财经大学,3,22,计算机科学与技术,"(基础学科拔尖实验班)(学生入驻刘诗白书院；实行大类培养自由分流,大一第二学期根据意愿在数字经济、计算机科学与技术和数学与应用数学3个基础学科拔尖实验班专业中自由选择专业学习)","物理,化学",1,4,6240.0
海南,2025,本科批,综合,2382,西南财经大学,1,9,金融学,(经管国际化创新实验班),不限,1,4,8000.0
海南,2025,本科批,综合,2382,西南财经大学,1,13,金融学,"(智能金融与区块链金融)(该专业与电子科技大学“金融学+计算机科学与技术”联合学士学位项目,毕业时符合两校学位授予条件的,授予联合学士学位,学位证书上注明西南财经大学和电子科技大学)",不限,1,4,5760.0
海南,2025,本科批,综合,2382,西南财经大学,1,2,金融学类,(保险方向)(包含专业:保险学、保险学(财务与会计双语实验班)),不限,1,4,5760.0
海南,2025,本科批,综合,2382,西南财经大学,2,18,金融工程,,物理,1,4,5760.0
海南,2025,本科批,综合,2382,西南财经大学,2,21,金融数学,,物理,1,4,5760.0
海南,2025,本科批,综合,2382,西南财经大学,2,17,金融科技,,物理,1,4,5760.0
海南,2025,本科批,综合,2441,西南财经大学天府学院,1,3,金融学,(成都校区),不限,6,4,18000.0
海南,2025,本科批,综合,2441,西南财经大学天府学院,3,6,数字媒体技术,(绵阳校区),"物理,化学",4,4,18000.0
海南,2025,本科批,综合,2441,西南财经大学天府学院,2,4,工程造价,(绵阳校区),物理,2,4,18000.0
海南,2025,本科批,综合,2441,西南财经大学天府学院,1,2,财务管理,"(前3年在德阳校区,第4年在成都校区)",不限,2,4,18000.0
海南,2025,本科批,综合,2441,西南财经大学天府学院,1,1,会计学,"(前3年在德阳校区,第4年在成都校区)",不限,16,4,18000.0
海南,2025,本科批,综合,2441,西南财经大学天府学院,3,5,计算机科学与技术,(绵阳校区),"物理,化学",10,4,18000.0
海南,2025,本科提前批,综合,2290,西南大学,3,4,数学与应用数学,(国家公费师范生)(属国家公费师范生计划；本研衔接；履约任教到海口市1名、三亚市1名、保亭县1名),"物理,化学",3,4,
海南,2025,本科提前批,综合,2290,西南大学,6,9,汉语言文学,(国家公费师范生)(属国家公费师范生计划；本研衔接；履约任教到儋州市1名、东方市1名、澄迈县1名),历史,3,4,
海南,2025,本科提前批,综合,2290,西南大学,1,1,英语,(国家公费师范生)(属国家公费师范生计划；本研衔接；履约任教到海口市1名、澄迈县1名、乐东县1名),不限,3,4,
海南,2025,本科提前批,综合,2290,西南大学,3,5,化学,(国家公费师范生)(属国家公费师范生计划；本研衔接；履约任教到海口市1名、琼海市1名；不招色盲、色弱),"物理,化学",2,4,
海南,2025,本科提前批,综合,2290,西南大学,7,10,地理科学,(国家公费师范生)(属国家公费师范生计划；本研衔接；履约任教到儋州市1名、五指山市1名；不招色盲),地理,2,4,
海南,2025,本科提前批,综合,2290,西南大学,1,2,心理学,(国家公费师范生)(属国家公费师范生计划；本研衔接；履约任教到万宁市1名、陵水县1名；不招色盲),不限,2,4,
海南,2025,本科提前批,综合,2290,西南大学,5,8,思想政治教育,(国家公费师范生)(属国家公费师范生计划；本研衔接；履约任教到东方市1名、澄迈县1名),政治,2,4,
海南,2025,本科提前批,综合,2290,西南大学,3,6,物理学,(国家公费师范生)(属国家公费师范生计划；本研衔接；履约任教到三亚市1名、定安县1名),"物理,化学",2,4,
海南,2025,本科提前批,综合,2290,西南大学,4,7,生物科学,(国家公费师范生)(属国家公费师范生计划；本研衔接；履约任教到海口市1名、澄迈县1名；不招色盲),"物理,化学,生物",2,4,
海南,2025,本科提前批,综合,2290,西南大学,2,3,数学与应用数学,(优师专项计划)(属国家优师专项计划；入学前须签订国家优师专项定向就业协议；履约任教到五指山市、临高县、保亭县、琼中县及白沙县),"物理,化学",1,4,
海南,2025,本科批,综合,2357,西南大学,4,6,动物医学类,(五年制)(包含专业:动物医学(五年制)、兽医公共卫生(五年制)；不招色盲),"物理,化学",6,5,3700.0
海南,2025,本科批,综合,2357,西南大学,3,4,管理科学与工程类,(包含专业:信息管理与信息系统、大数据管理与应用),物理,6,4,4500.0
海南,2025,本科批,综合,2357,西南大学,4,5,动物科学,(不招色盲),"物理,化学",5,4,3700.0
海南,2025,本科批,综合,2357,西南大学,4,8,水产类,(包含专业:水产养殖学、水族科学与技术),"物理,化学",4,4,3700.0
海南,2025,本科批,综合,2357,西南大学,4,7,动物药学,(不招色盲),"物理,化学",3,4,3700.0
海南,2025,本科批,综合,2357,西南大学,2,2,市场营销,,不限,2,4,4500.0
海南,2025,本科批,综合,2290,西南大学,80,22,材料类,(包含专业:材料物理、金属材料工程、新能源材料与器件；不招色盲),"物理,化学",2,4,4500.0
海南,2025,本科批,综合,2290,西南大学,15,31,植物生产类,(包含专业:农学、园艺、植物保护；不招色盲),"物理,化学",2,4,3700.0
海南,2025,本科批,综合,2290,西南大学,80,24,环境科学与工程,(不招色盲、色弱),"物理,化学",2,4,4500.0
海南,2025,本科批,综合,2290,西南大学,80,23,电子信息类,(包含专业:电子信息工程、通信工程),"物理,化学",2,4,4500.0
海南,2025,本科批,综合,2290,西南大学,80,28,食品科学与工程类,(包含专业:食品科学与工程、食品质量与安全),"物理,化学",2,4,4500.0
海南,2025,本科批,综合,2357,西南大学,2,3,乡村治理,"(学费如有变动,以正式批复为准)",不限,1,4,4500.0
海南,2025,本科批,综合,2290,西南大学,80,21,人工智能,,"物理,化学",1,4,4500.0
海南,2025,本科批,综合,2290,西南大学,14,18,俄语,,不限,1,4,5500.0
海南,2025,本科批,综合,2290,西南大学,15,32,制药工程,(不招色盲),"物理,化学",1,4,5000.0
海南,2025,本科批,综合,2290,西南大学,15,29,化学类,(包含专业:化学工程与工艺、应用化学；不招色盲、色弱),"物理,化学",1,4,4500.0
海南,2025,本科批,综合,2290,西南大学,14,20,工商管理类,(包含专业:工商管理、会计学),不限,1,4,4500.0
海南,2025,本科批,综合,2290,西南大学,15,30,智慧农业,(不招色盲),"物理,化学",1,4,3700.0
海南,2025,本科批,综合,2290,西南大学,80,25,智能科学与技术,,"物理,化学",1,4,4500.0
海南,2025,本科批,综合,2290,西南大学,14,19,法学,,不限,1,4,4500.0
海南,2025,本科批,综合,2290,西南大学,15,33,生物技术,(不招色盲),"物理,化学",1,4,4500.0
海南,2025,本科批,综合,2290,西南大学,16,37,生物科学,(不招色盲),"物理,化学,生物",1,4,4500.0
海南,2025,本科批,综合,2290,西南大学,15,35,自然保护与环境生态类,(包含专业:农业资源与环境、水土保持与荒漠化防治、土地科学与技术；不招色盲、色弱),"物理,化学",1,4,4500.0
海南,2025,本科批,综合,2290,西南大学,15,34,药学,(不招色盲),"物理,化学",1,4,5000.0
海南,2025,本科批,综合,2290,西南大学,15,36,蚕学,(双学士学位)(不招色盲；蚕学+生物技术双学士学位复合型人才培养项目),"物理,化学",1,4,4500.0
海南,2025,本科批,综合,2290,西南大学,80,26,计算机科学与技术,,"物理,化学",1,4,4500.0
海南,2025,本科批,综合,2290,西南大学,15,27,量子信息科学,(不招色盲),"物理,化学",1,4,4500.0
海南,2025,本科民族班、预科班,综合,2290,西南大学,17,38,少数民族预科班,(预科培养地点:西南大学北碚校区),不限,2,1,3700.0
海南,2025,国家专项,综合,2357,西南大学,1,1,水产类,(包含专业:水产养殖学、水族科学与技术),"物理,化学",2,4,3700.0
海南,2025,本科批,综合,2360,西南交通大学,2,7,交通运输类,(包含专业:交通运输、交通工程),"物理,化学",2,4,6240.0
海南,2025,本科批,综合,2360,西南交通大学,2,5,电子信息类,(包含专业:微电子科学与工程、电子科学与技术),"物理,化学",2,4,6240.0
海南,2025,本科批,综合,2360,西南交通大学,2,3,电气工程及其自动化,,"物理,化学",2,4,6240.0
海南,2025,本科批,综合,2360,西南交通大学,2,11,能源动力类,(包含专业:建筑环境与能源应用工程、能源与动力工程),"物理,化学",2,4,6240.0
海南,2025,本科批,综合,2360,西南交通大学,2,6,计算机类,(包含专业:计算机科学与技术、软件工程),"物理,化学",2,4,6240.0
海南,2025,本科批,综合,2360,西南交通大学,2,10,车辆工程,,"物理,化学",2,4,6240.0
海南,2025,本科批,综合,2360,西南交通大学,2,9,机械类,(包含专业:机械设计制造及其自动化、测控技术与仪器、工业工程),"物理,化学",1,4,6240.0
海南,2025,本科批,综合,2360,西南交通大学,2,8,物流管理与工程类,(包含专业:物流管理、物流工程),"物理,化学",1,4,5760.0
海南,2025,本科批,综合,2360,西南交通大学,2,4,电子信息工程,,"物理,化学",1,4,6240.0
海南,2025,国家专项,综合,2360,西南交通大学,1,2,土木工程,,"物理,化学",1,4,6240.0
海南,2025,国家专项,综合,2360,西南交通大学,1,1,安全工程,,"物理,化学",1,4,6240.0
海南,2025,本科批,综合,2364,西南科技大学,2,6,计算机类,(包含专业:计算机科学与技术、软件工程、信息安全、数据科学与大数据技术),"物理,化学",5,4,6240.0
海南,2025,本科批,综合,2364,西南科技大学,2,10,机械类,(包含专业:工业设计、智能制造工程),"物理,化学",4,4,6240.0
海南,2025,本科批,综合,2364,西南科技大学,2,13,环境工程,,"物理,化学",4,4,6240.0
海南,2025,本科批,综合,2364,西南科技大学,1,3,中国语言文学类,(包含专业:汉语言文学、汉语国际教育),不限,3,4,5760.0
海南,2025,本科批,综合,2364,西南科技大学,1,1,外国语言文学类,"(包含专业:英语、翻译；大一在西山校区就读,后三年在青义校区就读)",不限,3,4,5760.0
海南,2025,本科批,综合,2364,西南科技大学,1,2,工商管理类,(包含专业:工商管理、会计学),不限,3,4,5760.0
海南,2025,本科批,综合,2364,西南科技大学,3,14,思想政治教育,"(大一在西山校区就读,后三年在青义校区就读)","政治,历史",3,4,5760.0
海南,2025,本科批,综合,2364,西南科技大学,2,5,数学与应用数学,,"物理,化学",3,4,6240.0
海南,2025,本科批,综合,2364,西南科技大学,2,9,机械设计制造及其自动化,,"物理,化学",3,4,6240.0
海南,2025,本科批,综合,2364,西南科技大学,2,4,材料科学与工程,,"物理,化学",3,4,6240.0
海南,2025,本科批,综合,2364,西南科技大学,2,8,核工程类,(包含专业:核工程与核技术、辐射防护与核安全、核化工与核燃料工程),"物理,化学",3,4,6240.0
海南,2025,本科批,综合,2364,西南科技大学,2,11,生物技术,,"物理,化学",3,4,6240.0
海南,2025,本科批,综合,2364,西南科技大学,2,12,自动化,,"物理,化学",3,4,6240.0
海南,2025,本科批,综合,2364,西南科技大学,2,7,土木类,(包含专业:土木工程、建筑环境与能源应用工程),"物理,化学",2,4,6240.0
海南,2025,本科批,综合,2584,西南林业大学,1,2,旅游管理,,不限,3,4,4500.0
海南,2025,本科批,综合,2584,西南林业大学,1,5,汉语言文学,,不限,3,4,4200.0
海南,2025,本科批,综合,2584,西南林业大学,1,1,英语,,不限,3,4,4200.0
海南,2025,本科批,综合,2584,西南林业大学,1,4,会计学,,不限,2,4,4500.0
海南,2025,本科批,综合,2584,西南林业大学,2,6,园林,,生物,2,4,5175.0
海南,2025,本科批,综合,2584,西南林业大学,1,3,法学,,不限,2,4,4500.0
海南,2025,本科批,综合,2385,西南民族大学,9,44,通信工程,,"物理,化学",6,4,6240.0
海南,2025,本科批,综合,2385,西南民族大学,9,54,动物医学,,"物理,化学",5,5,5760.0
海南,2025,本科批,综合,2385,西南民族大学,9,51,应用化学,,"物理,化学",5,4,6240.0
海南,2025,本科批,综合,2385,西南民族大学,9,47,生物技术,,"物理,化学",5,4,6240.0
海南,2025,本科批,综合,2385,西南民族大学,9,45,电子信息工程,,"物理,化学",5,4,6240.0
海南,2025,本科批,综合,2385,西南民族大学,8,25,网络与新媒体,,不限,5,4,5760.0
海南,2025,本科批,综合,2385,西南民族大学,9,52,药学,,"物理,化学",5,4,6960.0
海南,2025,本科批,综合,2385,西南民族大学,9,46,食品科学与工程类,(包含专业:食品科学与工程、食品质量与安全),"物理,化学",5,4,6240.0
海南,2025,本科批,综合,2385,西南民族大学,9,53,中药学,,"物理,化学",4,4,6960.0
海南,2025,本科批,综合,2385,西南民族大学,9,48,动物科学,,"物理,化学",4,4,5760.0
海南,2025,本科批,综合,2385,西南民族大学,9,37,化学,,"物理,化学",4,4,6240.0
海南,2025,本科批,综合,2385,西南民族大学,8,12,旅游管理,,不限,4,4,5760.0
海南,2025,本科批,综合,2385,西南民族大学,8,24,汉语言文学,,不限,4,4,5760.0
海南,2025,本科批,综合,2385,西南民族大学,9,43,电气工程及其自动化,,"物理,化学",4,4,6240.0
海南,2025,本科批,综合,2385,西南民族大学,9,35,统计学,,"物理,化学",4,4,6240.0
海南,2025,本科批,综合,2385,西南民族大学,9,49,网络工程,,"物理,化学",4,4,6240.0
海南,2025,本科批,综合,2385,西南民族大学,9,38,自动化,,"物理,化学",4,4,6240.0
海南,2025,本科批,综合,2385,西南民族大学,8,16,英语,,不限,4,4,5760.0
海南,2025,本科批,综合,2385,西南民族大学,9,39,计算机科学与技术,,"物理,化学",4,4,6240.0
海南,2025,本科批,综合,2385,西南民族大学,9,50,软件工程,,"物理,化学",4,4,6240.0
海南,2025,本科批,综合,2385,西南民族大学,8,28,人力资源管理,,不限,3,4,5760.0
海南,2025,本科批,综合,2385,西南民族大学,9,40,人工智能,,"物理,化学",3,4,6240.0
海南,2025,本科批,综合,2385,西南民族大学,8,22,会计学,,不限,3,4,5760.0
海南,2025,本科批,综合,2385,西南民族大学,9,42,化学工程与工艺,,"物理,化学",3,4,6240.0
海南,2025,本科批,综合,2385,西南民族大学,8,11,历史学类,(包含专业:历史学、文物与博物馆学),不限,3,4,4800.0
海南,2025,本科批,综合,2385,西南民族大学,8,17,哲学,,不限,3,4,4800.0
海南,2025,本科批,综合,2385,西南民族大学,8,21,国际经济与贸易,,不限,3,4,5760.0
海南,2025,本科批,综合,2385,西南民族大学,8,34,城乡规划,,不限,3,4,6240.0
海南,2025,本科批,综合,2385,西南民族大学,8,20,学前教育,,不限,3,4,5760.0
海南,2025,本科批,综合,2385,西南民族大学,8,26,应用心理学,,不限,3,4,6240.0
海南,2025,本科批,综合,2385,西南民族大学,8,33,建筑学,,不限,3,5,6240.0
海南,2025,本科批,综合,2385,西南民族大学,9,36,数学与应用数学,,"物理,化学",3,4,6240.0
海南,2025,本科批,综合,2385,西南民族大学,8,27,新闻学,,不限,3,4,5760.0
海南,2025,本科批,综合,2385,西南民族大学,8,15,日语,,不限,3,4,5760.0
海南,2025,本科批,综合,2385,西南民族大学,8,23,汉语言文学,,不限,3,4,5760.0
海南,2025,本科批,综合,2385,西南民族大学,8,13,法学,,不限,3,4,5760.0
海南,2025,本科批,综合,2385,西南民族大学,9,41,环境工程,,"物理,化学",3,4,6240.0
海南,2025,本科批,综合,2385,西南民族大学,8,14,社会学类,(包含专业:社会学、社会工作),不限,3,4,5760.0
海南,2025,本科批,综合,2385,西南民族大学,8,18,经济学,,不限,3,4,5760.0
海南,2025,本科批,综合,2385,西南民族大学,8,31,行政管理,,不限,3,4,5760.0
海南,2025,本科批,综合,2385,西南民族大学,8,29,财务管理,,不限,3,4,5760.0
海南,2025,本科批,综合,2385,西南民族大学,8,19,金融学,,不限,3,4,5760.0
海南,2025,本科批,综合,2385,西南民族大学,80,30,中国少数民族语言文学,(彝语言零起点班)(彝语言零起点班；学生入校后不得转入其他专业学习；只招收填报该志愿考生；录取过程中不调剂录取),不限,2,4,
海南,2025,本科批,综合,2385,西南民族大学,81,32,中国少数民族语言文学,(藏语言零起点班)(藏语言零起点班；学生入校后不得转入其他专业学习；只招收填报该志愿考生；录取过程中不调剂录取),不限,2,4,
海南,2025,国家专项,综合,2385,西南民族大学,7,10,旅游管理,,不限,2,4,5760.0
海南,2025,国家专项,综合,2385,西南民族大学,7,9,法学,,不限,2,4,5760.0
海南,2025,本科民族班、预科班,综合,2385,西南民族大学,10,55,少数民族预科班,(预科培养地点:西南民族大学太平园校区),不限,24,1,5500.0
海南,2025,本科批,综合,2362,西南石油大学,3,6,石油工程,,"物理,化学",5,4,6240.0
海南,2025,本科批,综合,2362,西南石油大学,3,18,计算机类,(包含专业:计算机科学与技术、软件工程、物联网工程、数据科学与大数据技术、网络空间安全；不招色觉异常III考生),"物理,化学",5,4,6240.0
海南,2025,本科批,综合,2362,西南石油大学,3,14,应用化学,(不招色觉异常考生),"物理,化学",3,4,6240.0
海南,2025,本科批,综合,2362,西南石油大学,3,13,新能源材料与器件,,"物理,化学",3,4,6240.0
海南,2025,本科批,综合,2362,西南石油大学,3,8,机械工程,,"物理,化学",3,4,6240.0
海南,2025,本科批,综合,2362,西南石油大学,3,11,机械设计制造及其自动化,,"物理,化学",3,4,6240.0
海南,2025,本科批,综合,2362,西南石油大学,2,5,法学,,不限,3,4,5760.0
海南,2025,本科批,综合,2362,西南石油大学,3,12,测控技术与仪器,,"物理,化学",3,4,6240.0
海南,2025,本科批,综合,2362,西南石油大学,3,15,环境工程,(不招色觉异常考生),"物理,化学",3,4,6240.0
海南,2025,本科批,综合,2362,西南石油大学,3,20,人工智能,,"物理,化学",2,4,6240.0
海南,2025,本科批,综合,2362,西南石油大学,2,4,会计学,(不招色觉异常III考生),不限,2,4,5760.0
海南,2025,本科批,综合,2362,西南石油大学,2,3,国际经济与贸易,(不招色觉异常III考生),不限,2,4,5760.0
海南,2025,本科批,综合,2362,西南石油大学,3,21,土木工程,,"物理,化学",2,4,6240.0
海南,2025,本科批,综合,2362,西南石油大学,2,2,工商管理,(不招色觉异常III考生),不限,2,4,5760.0
海南,2025,本科批,综合,2362,西南石油大学,3,19,机器人工程,,"物理,化学",2,4,6240.0
海南,2025,本科批,综合,2362,西南石油大学,3,7,油气储运工程,(不招色盲及色觉异常III考生),"物理,化学",2,4,6240.0
海南,2025,本科批,综合,2362,西南石油大学,3,10,海洋油气工程,,"物理,化学",2,4,6240.0
海南,2025,本科批,综合,2362,西南石油大学,3,16,电气工程及其自动化,,"物理,化学",2,4,6240.0
海南,2025,本科批,综合,2362,西南石油大学,3,17,自动化,,"物理,化学",2,4,6240.0
海南,2025,本科批,综合,2362,西南石油大学,3,9,资源勘查工程,(不招色盲及色觉异常III考生),"物理,化学",2,4,6240.0
海南,2025,本科批,综合,2362,西南石油大学,3,22,通信工程,,"物理,化学",2,4,6240.0
海南,2025,本科批,综合,2371,西南医科大学,2,5,临床医学,(不招色盲、色弱),"物理,化学",4,5,6960.0
海南,2025,本科批,综合,2371,西南医科大学,2,6,医学影像学,(不招色盲、色弱),"物理,化学",4,5,6960.0
海南,2025,本科批,综合,2371,西南医科大学,1,2,市场营销,,不限,3,4,5760.0
海南,2025,本科批,综合,2371,西南医科大学,2,4,麻醉学,(不招色盲、色弱),"物理,化学",3,5,6960.0
海南,2025,本科批,综合,2371,西南医科大学,2,7,医学影像技术,(不招色盲、色弱),"物理,化学",2,4,6960.0
海南,2025,本科批,综合,2371,西南医科大学,2,3,口腔医学,(不招色盲、色弱),"物理,化学",2,5,6960.0
海南,2025,本科批,综合,2371,西南医科大学,1,1,法学,,不限,2,5,5760.0
海南,2025,本科批,综合,2296,西南政法大学,2,11,新闻传播学类,(包含专业:新闻学、广播电视学、网络与新媒体、国际新闻与传播、传播学),不限,3,4,
海南,2025,本科批,综合,2296,西南政法大学,2,3,法学,,不限,24,4,
海南,2025,本科批,综合,2296,西南政法大学,2,14,司法鉴定学,,不限,2,4,
海南,2025,本科批,综合,2296,西南政法大学,2,9,国际经济与贸易,,不限,2,4,
海南,2025,本科批,综合,2296,西南政法大学,2,6,工商管理类,(包含专业:会计学、审计学、工商管理、劳动关系、电子商务及法律),不限,2,4,
海南,2025,本科批,综合,2296,西南政法大学,2,5,法学,"(科技法学拔尖班)(法学(科技法学拔尖班),在我校人工智能法学院进行管理)",不限,2,4,
海南,2025,本科批,综合,2296,西南政法大学,2,8,法学,"(法律金融拔尖班)(法学(法律金融拔尖班),在我校经济法学院进行管理)",不限,2,4,
海南,2025,本科批,综合,2296,西南政法大学,2,12,法学,"(监察拔尖班)(法学(纪检监察拔尖班),在我校纪检监察学院进行管理)",不限,2,4,
海南,2025,本科批,综合,2296,西南政法大学,2,13,海外利益安全,,不限,2,4,
海南,2025,本科批,综合,2296,西南政法大学,2,4,知识产权,,不限,2,4,
海南,2025,本科批,综合,2296,西南政法大学,2,10,英语,(法律英语实验班),不限,2,4,
海南,2025,本科批,综合,2296,西南政法大学,2,7,金融学,,不限,2,4,
海南,2025,本科提前批,综合,2296,西南政法大学,1,1,侦查学,(男生)(只招男生；公安(武警)类；要求双眼裸眼视力4.7及以上；其他录取条件参照教育部、司法部、教学司[2003]16号文件及我校招生章程；我校不单独组织体测面试),政治,2,4,
海南,2025,本科提前批,综合,2296,西南政法大学,1,2,侦查学,(女生)(只招女生；公安(武警)类；要求双眼裸眼视力4.7及以上；其他录取条件参照教育部、司法部、教学司[2003]16号文件及我校招生章程；我校不单独组织体测面试),政治,1,4,
海南,2025,专科批,综合,1792,仙桃职业学院,1,2,临床医学,(不招色盲、色弱),不限,8,3,5000.0
海南,2025,专科批,综合,1792,仙桃职业学院,1,6,学前教育,(不招色盲、色弱),不限,5,3,5000.0
海南,2025,专科批,综合,1792,仙桃职业学院,1,5,电子商务,,不限,5,3,5000.0
海南,2025,专科批,综合,1792,仙桃职业学院,1,9,网络营销与直播电商,,不限,5,3,5000.0
海南,2025,专科批,综合,1792,仙桃职业学院,1,3,酒店管理与数字化运营,,不限,5,3,5000.0
海南,2025,专科批,综合,1792,仙桃职业学院,1,10,人工智能技术应用,,不限,4,3,5000.0
海南,2025,专科批,综合,1792,仙桃职业学院,1,7,小学教育,,不限,4,3,5000.0
海南,2025,专科批,综合,1792,仙桃职业学院,1,8,早期教育,,不限,4,3,5000.0
海南,2025,专科批,综合,1792,仙桃职业学院,1,4,医学影像技术,,不限,10,3,5000.0
海南,2025,专科批,综合,1792,仙桃职业学院,1,1,护理,(不招色盲、色弱),不限,10,3,5000.0
海南,2025,专科批,综合,1835,咸宁职业技术学院,1,2,业财数据应用与管理,,不限,2,3,5000.0
海南,2025,专科批,综合,1835,咸宁职业技术学院,1,4,公共文化服务与管理,,不限,2,3,5000.0
海南,2025,专科批,综合,1835,咸宁职业技术学院,1,5,学前教育,,不限,2,3,6500.0
海南,2025,专科批,综合,1835,咸宁职业技术学院,1,1,智能建造技术,,不限,2,3,5000.0
海南,2025,专科批,综合,1835,咸宁职业技术学院,1,3,网络营销与直播电商,,不限,2,3,5000.0
海南,2025,本科批,综合,2698,咸阳师范学院,3,3,英语,,不限,4,4,5000.0
海南,2025,本科批,综合,2698,咸阳师范学院,4,5,数学与应用数学,,"物理,化学",3,4,5250.0
海南,2025,本科批,综合,2698,咸阳师范学院,3,4,历史学,,不限,2,4,4250.0
海南,2025,本科批,综合,2698,咸阳师范学院,5,6,汉语国际教育,,历史,2,4,5000.0
海南,2025,本科提前批,综合,8106,香港城市大学,2,3,工学院,"(考生高考实际分数(不含加分)应达到部分特殊类型招生投档最低控制分数线,英语单科成绩须达到120分或以上,所对应的标准分数填报志愿时在海南省考试局网站公布；按学院招生；学费为港币,如香港特区政府调高最低学费标准,本专业学费也会作出调整；以高考成绩作为录取、投档依据,不含政策性加分；所包含专业及招生章程详见学校招生网)",物理,3,4,170000.0
海南,2025,本科提前批,综合,8106,香港城市大学,1,2,人文社会科学院,"(考生高考实际分数(不含加分)应达到部分特殊类型招生投档最低控制分数线,英语单科成绩须达到125分或以上,所对应的标准分数填报志愿时在海南省考试局网站公布；按学院招生；学费为港币,如香港特区政府调高最低学费标准,本专业学费也会作出调整；以高考成绩作为录取、投档依据,不含政策性加分；所包含专业及招生章程详见学校招生网)",不限,1,4,170000.0
海南,2025,本科提前批,综合,8106,香港城市大学,1,1,商学院,"(考生高考实际分数(不含加分)应达到部分特殊类型招生投档最低控制分数线,英语单科成绩须达到120分或以上,所对应的标准分数填报志愿时在海南省考试局网站公布；按学院招生；学费为港币,如香港特区政府调高最低学费标准,本专业学费也会作出调整；以高考成绩作为录取、投档依据,不含政策性加分；所包含专业及招生章程详见学校招生网)",不限,1,4,170000.0
海南,2025,本科提前批,综合,8102,香港中文大学,1,1,人文类,"(以150分为满分计算,英语单科成绩须达120分或以上,所对应的标准分数填报志愿时在海南省考试局网站公布；学费为港币；人文类所包含的专业详见院校招生章程；以高考成绩作为录取、投档依据,不含政策性加分；招生章程详见学校招生网)",不限,1,4,178000.0
海南,2025,本科提前批,综合,8102,香港中文大学,1,2,本科入学奖学金类,"(只录取第一院校组志愿,并填写其中一个专业志愿的考生；考生的高考成绩(不含政策性加分)须不低于720分(标准分)；英语单科成绩须达130分或以上,所对应的标准分数填报志愿时在海南省考试局网站公布；学费为港币；所包含专业详见院校招生章程；以高考成绩作为录取、投档依据,不含政策性加分；招生章程详见学校招生网)",不限,1,4,89000.0
海南,2025,本科提前批,综合,8102,香港中文大学,2,4,本科入学奖学金类,"(只录取第一院校组志愿,并填写其中一个专业志愿的考生；考生的高考成绩(不含政策性加分)须不低于720分(标准分)；英语单科成绩须达130分或以上,所对应的标准分数填报志愿时在海南省考试局网站公布；学费为港币；所包含专业详见院校招生章程；以高考成绩作为录取、投档依据,不含政策性加分；招生章程详见学校招生网)",物理/化学/生物,1,4,89000.0
海南,2025,本科提前批,综合,8102,香港中文大学,2,3,理科类,"(以150分为满分计算,英语单科成绩须达120分或以上,所对应的标准分数填报志愿时在海南省考试局网站公布；学费为港币；理科类所包含的专业详见院校招生章程；以高考成绩作为录取、投档依据,不含政策性加分；招生章程详见学校招生网)",物理/化学/生物,1,4,178000.0
海南,2025,本科批,综合,1886,湘南学院,4,12,护理学,,化学,3,4,7150.0
海南,2025,本科批,综合,1886,湘南学院,80,14,临床医学,,"物理,化学",2,5,7150.0
海南,2025,本科批,综合,1886,湘南学院,3,10,供应链管理,,不限,2,4,4000.0
海南,2025,本科批,综合,1886,湘南学院,80,13,医学影像技术,,"物理,化学",2,4,5500.0
海南,2025,本科批,综合,1886,湘南学院,3,6,商务英语,,不限,2,4,3800.0
海南,2025,本科批,综合,1886,湘南学院,3,7,国际经济与贸易,,不限,2,4,4000.0
海南,2025,本科批,综合,1886,湘南学院,5,20,应用化学,,"物理,化学",2,4,3800.0
海南,2025,本科批,综合,1886,湘南学院,6,24,思想政治教育,,政治,2,4,4000.0
海南,2025,本科批,综合,1886,湘南学院,5,21,数学与应用数学,,"物理,化学",2,4,4000.0
海南,2025,本科批,综合,1886,湘南学院,5,23,环境生态工程,,"物理,化学",2,4,4800.0
海南,2025,本科批,综合,1886,湘南学院,5,17,电气工程及其自动化,,"物理,化学",2,4,5900.0
海南,2025,本科批,综合,1886,湘南学院,3,9,社会工作,,不限,2,4,4000.0
海南,2025,本科批,综合,1886,湘南学院,3,8,英语,,不限,2,4,4000.0
海南,2025,本科批,综合,1886,湘南学院,80,15,药学,,"物理,化学",2,4,7150.0
海南,2025,本科批,综合,1886,湘南学院,5,22,智能制造工程,,"物理,化学",1,4,4800.0
海南,2025,本科批,综合,1886,湘南学院,3,5,汉语言文学,,不限,1,4,4000.0
海南,2025,本科批,综合,1886,湘南学院,5,18,物联网工程,,"物理,化学",1,4,4800.0
海南,2025,本科批,综合,1886,湘南学院,80,19,生物技术,,"物理,化学",1,4,3800.0
海南,2025,本科批,综合,1886,湘南学院,5,16,电子信息科学与技术,,"物理,化学",1,4,5900.0
海南,2025,本科批,综合,1886,湘南学院,3,11,网络与新媒体,,不限,1,4,6000.0
海南,2025,本科批,综合,1875,湘潭大学,1,6,旅游管理,,不限,6,4,5500.0
海南,2025,本科批,综合,1875,湘潭大学,2,45,土木工程,,"物理,化学",5,4,6500.0
海南,2025,本科批,综合,1875,湘潭大学,2,29,新能源材料与器件,,"物理,化学",5,4,6500.0
海南,2025,本科批,综合,1875,湘潭大学,1,2,经济学,,不限,5,4,5500.0
海南,2025,本科批,综合,1875,湘潭大学,1,7,人力资源管理,,不限,4,4,5500.0
海南,2025,本科批,综合,1875,湘潭大学,2,24,光电信息科学与工程,,"物理,化学",4,4,6500.0
海南,2025,本科批,综合,1875,湘潭大学,1,1,哲学,,不限,4,4,5300.0
海南,2025,本科批,综合,1875,湘潭大学,1,3,工商管理,,不限,4,4,5500.0
海南,2025,本科批,综合,1875,湘潭大学,2,21,数学类,(包含专业:数学与应用数学、信息与计算科学、统计学),"物理,化学",4,4,5300.0
海南,2025,本科批,综合,1875,湘潭大学,2,31,智能制造工程,,"物理,化学",4,4,6500.0
海南,2025,本科批,综合,1875,湘潭大学,2,32,机械设计制造及其自动化,,"物理,化学",4,4,6500.0
海南,2025,本科批,综合,1875,湘潭大学,2,27,材料科学与工程,,"物理,化学",4,4,6500.0
海南,2025,本科批,综合,1875,湘潭大学,1,15,英语,,不限,4,4,5300.0
海南,2025,本科批,综合,1875,湘潭大学,2,38,通信工程,,"物理,化学",4,4,6500.0
海南,2025,本科批,综合,1875,湘潭大学,2,37,人工智能,,"物理,化学",3,4,6500.0
海南,2025,本科批,综合,1875,湘潭大学,2,22,信息管理与信息系统,,"物理,化学",3,4,5500.0
海南,2025,本科批,综合,1875,湘潭大学,2,33,制药工程,,"物理,化学",3,4,6500.0
海南,2025,本科批,综合,1875,湘潭大学,1,5,国际经济与贸易,,不限,3,4,5500.0
海南,2025,本科批,综合,1875,湘潭大学,1,10,图书馆学,,不限,3,4,5500.0
海南,2025,本科批,综合,1875,湘潭大学,2,46,安全工程,,"物理,化学",3,4,6500.0
海南,2025,本科批,综合,1875,湘潭大学,2,30,工业设计,,"物理,化学",3,4,6500.0
海南,2025,本科批,综合,1875,湘潭大学,2,35,工程力学,,"物理,化学",3,4,6500.0
海南,2025,本科批,综合,1875,湘潭大学,1,16,广告学,"(学费如有变动,以正式批复为准)",不限,3,4,6000.0
海南,2025,本科批,综合,1875,湘潭大学,1,20,新闻学,"(学费如有变动,以正式批复为准)",不限,3,4,6000.0
海南,2025,本科批,综合,1875,湘潭大学,1,9,档案学,,不限,3,4,5500.0
海南,2025,本科批,综合,1875,湘潭大学,1,18,法语,,不限,3,4,5300.0
海南,2025,本科批,综合,1875,湘潭大学,2,25,测控技术与仪器,,"物理,化学",3,4,6500.0
海南,2025,本科批,综合,1875,湘潭大学,2,43,环境工程,,"物理,化学",3,4,6500.0
海南,2025,本科批,综合,1875,湘潭大学,2,39,电子信息工程,,"物理,化学",3,4,6500.0
海南,2025,本科批,综合,1875,湘潭大学,2,42,网络空间安全,,"物理,化学",3,4,6500.0
海南,2025,本科批,综合,1875,湘潭大学,2,36,自动化,,"物理,化学",3,4,6500.0
海南,2025,本科批,综合,1875,湘潭大学,2,40,计算机科学与技术,,"物理,化学",3,4,6500.0
海南,2025,本科批,综合,1875,湘潭大学,2,41,软件工程,,"物理,化学",3,4,6500.0
海南,2025,本科批,综合,1875,湘潭大学,1,4,金融学,,不限,3,4,5500.0
海南,2025,本科批,综合,1875,湘潭大学,1,17,信用风险管理与法律防控,,不限,2,4,5500.0
海南,2025,本科批,综合,1875,湘潭大学,2,28,化学,,"物理,化学",2,4,5300.0
海南,2025,本科批,综合,1875,湘潭大学,2,23,数据科学与大数据技术,"(学费如有变动,以正式批复为准)","物理,化学",2,4,5300.0
海南,2025,本科批,综合,1875,湘潭大学,1,19,汉语言文学,,不限,2,4,5300.0
海南,2025,本科批,综合,1875,湘潭大学,1,11,法学,(卓越班),不限,2,4,5500.0
海南,2025,本科批,综合,1875,湘潭大学,1,12,法学,,不限,2,4,5500.0
海南,2025,本科批,综合,1875,湘潭大学,2,44,测绘工程,,"物理,化学",2,4,6500.0
海南,2025,本科批,综合,1875,湘潭大学,2,26,物理学,,"物理,化学",2,4,5300.0
海南,2025,本科批,综合,1875,湘潭大学,1,13,知识产权,,不限,2,4,5500.0
海南,2025,本科批,综合,1875,湘潭大学,2,34,能源与动力工程,,"物理,化学",2,4,6500.0
海南,2025,本科批,综合,1875,湘潭大学,1,8,行政管理,,不限,2,4,5500.0
海南,2025,本科批,综合,1875,湘潭大学,1,14,西班牙语,,不限,2,4,5300.0
海南,2025,本科批,综合,1933,湘潭理工学院,1,3,市场营销,,不限,4,4,21500.0
海南,2025,本科批,综合,1933,湘潭理工学院,1,4,旅游管理,,不限,4,4,21500.0
海南,2025,本科批,综合,1933,湘潭理工学院,1,1,物流管理,,不限,4,4,21500.0
海南,2025,本科批,综合,1933,湘潭理工学院,1,2,电子商务,,不限,2,4,21500.0
海南,2025,专科批,综合,1945,湘潭医卫职业技术学院,1,1,护理,,不限,10,3,5460.0
海南,2025,专科批,综合,1965,湘西民族职业技术学院,1,3,中西面点工艺,,不限,2,3,4600.0
海南,2025,专科批,综合,1965,湘西民族职业技术学院,1,4,数控技术,,不限,2,3,4600.0
海南,2025,专科批,综合,1965,湘西民族职业技术学院,1,5,新能源汽车技术,,不限,2,3,4600.0
海南,2025,专科批,综合,1965,湘西民族职业技术学院,1,1,旅游管理,,不限,2,3,4600.0
海南,2025,专科批,综合,1965,湘西民族职业技术学院,1,2,烹饪工艺与营养,,不限,2,3,4600.0
海南,2025,本科批,综合,302,忻州师范学院,9,30,生物技术,,"物理,化学,生物",6,4,4500.0
海南,2025,本科批,综合,302,忻州师范学院,6,14,旅游管理,,不限,5,4,4950.0
海南,2025,本科批,综合,302,忻州师范学院,8,24,应用化学,,"物理,化学",4,4,4950.0
海南,2025,本科批,综合,302,忻州师范学院,8,22,数学与应用数学,,"物理,化学",4,4,4950.0
海南,2025,本科批,综合,302,忻州师范学院,11,32,汉语言文学,,历史,4,4,4950.0
海南,2025,本科批,综合,302,忻州师范学院,6,15,会计学,,不限,3,4,4950.0
海南,2025,本科批,综合,302,忻州师范学院,8,20,化学,,"物理,化学",3,4,4950.0
海南,2025,本科批,综合,302,忻州师范学院,11,33,历史学,,历史,3,4,
海南,2025,本科批,综合,302,忻州师范学院,8,28,电子信息科学与技术,,"物理,化学",3,4,5280.0
海南,2025,本科批,综合,302,忻州师范学院,8,19,科学教育,,"物理,化学",3,4,4950.0
海南,2025,本科批,综合,302,忻州师范学院,8,23,通信工程,,"物理,化学",3,4,5280.0
海南,2025,本科批,综合,302,忻州师范学院,12,35,人文地理与城乡规划,,地理,2,4,4950.0
海南,2025,本科批,综合,302,忻州师范学院,12,34,地理科学,,地理,2,4,4950.0
海南,2025,本科批,综合,302,忻州师范学院,6,8,审计学,,不限,2,4,4900.0
海南,2025,本科批,综合,302,忻州师范学院,6,9,小学教育,,不限,2,4,4950.0
海南,2025,本科批,综合,302,忻州师范学院,6,17,工商管理,,不限,2,4,4900.0
海南,2025,本科批,综合,302,忻州师范学院,7,18,应急管理,,物理,2,4,4500.0
海南,2025,本科批,综合,302,忻州师范学院,6,12,心理学,,不限,2,4,4500.0
海南,2025,本科批,综合,302,忻州师范学院,10,31,思想政治教育,,政治,2,4,
海南,2025,本科批,综合,302,忻州师范学院,8,25,数据科学与大数据技术,,"物理,化学",2,4,4800.0
海南,2025,本科批,综合,302,忻州师范学院,6,11,法学,,不限,2,4,4950.0
海南,2025,本科批,综合,302,忻州师范学院,8,21,物理学,,"物理,化学",2,4,4950.0
海南,2025,本科批,综合,302,忻州师范学院,6,13,秘书学,,不限,2,4,4950.0
海南,2025,本科批,综合,302,忻州师范学院,8,27,统计学,,"物理,化学",2,4,4500.0
海南,2025,本科批,综合,302,忻州师范学院,6,7,网络与新媒体,,不限,2,4,4950.0
海南,2025,本科批,综合,302,忻州师范学院,8,29,计算机科学与技术,,"物理,化学",2,4,5280.0
海南,2025,本科批,综合,302,忻州师范学院,6,16,财务管理,,不限,2,4,4950.0
海南,2025,本科批,综合,302,忻州师范学院,6,10,学前教育,,不限,1,4,4950.0
海南,2025,本科批,综合,302,忻州师范学院,8,26,数字媒体技术,,"物理,化学",1,4,4800.0
海南,2025,本科批,综合,2883,新疆财经大学,1,1,国际经济与贸易,(英语单科成绩不低于85分(150分制)),不限,2,4,3200.0
海南,2025,本科批,综合,2883,新疆财经大学,1,2,旅游管理,,不限,2,4,3200.0
海南,2025,本科批,综合,2883,新疆财经大学,1,3,财务管理,,不限,2,4,3200.0
海南,2025,本科批,综合,2874,新疆大学,1,3,法学,(国家级一流本科专业；教育部卓越法律人才教育培养基地),不限,4,4,3800.0
海南,2025,本科批,综合,2874,新疆大学,2,9,交通工程,(省级一流本科专业),"物理,化学",2,4,3500.0
海南,2025,本科批,综合,2874,新疆大学,1,4,俄语,(英语单科成绩不低于90分(150分制)；国家级一流本科专业),不限,2,4,3800.0
海南,2025,本科批,综合,2874,新疆大学,1,1,国际经济与贸易,(省级一流本科专业),不限,2,4,3500.0
海南,2025,本科批,综合,2874,新疆大学,1,5,旅游管理,(国家级一流本科专业),不限,2,4,3500.0
海南,2025,本科批,综合,2874,新疆大学,1,2,汉语言文学,(国家级一流本科专业),不限,2,4,3100.0
海南,2025,本科批,综合,2874,新疆大学,2,6,生物科学,(国家级一流本科专业),"物理,化学",2,4,3500.0
海南,2025,本科批,综合,2874,新疆大学,2,10,自动化,(国家级一流本科专业),"物理,化学",2,4,3500.0
海南,2025,本科批,综合,2874,新疆大学,2,8,资源勘查工程,(省级一流本科专业),"物理,化学",2,4,3500.0
海南,2025,本科批,综合,2874,新疆大学,2,11,软件工程,(数学单科成绩不低于90分(150分制)；国家级一流本科专业；含1个俄语言特色班),"物理,化学",2,4,9000.0
海南,2025,本科批,综合,2874,新疆大学,2,7,遥感科学与技术,,"物理,化学",2,4,3500.0
海南,2025,本科批,综合,2885,新疆工程学院,1,2,自动化,,"物理,化学",4,4,3500.0
海南,2025,本科批,综合,2885,新疆工程学院,1,1,安全工程,,"物理,化学",2,4,3500.0
海南,2025,本科批,综合,2885,新疆工程学院,1,4,物联网工程,(信息技术产教融合合作班),"物理,化学",2,4,8500.0
海南,2025,本科批,综合,2885,新疆工程学院,1,3,能源与动力工程,,"物理,化学",2,4,3500.0
海南,2025,本科批,综合,2882,新疆和田学院,3,12,中药学,,"物理,化学",2,4,4000.0
海南,2025,本科批,综合,2882,新疆和田学院,3,10,人工智能,,"物理,化学",2,4,3500.0
海南,2025,本科批,综合,2882,新疆和田学院,3,11,化学工程与工艺,,"物理,化学",2,4,3500.0
海南,2025,本科批,综合,2882,新疆和田学院,3,6,医学检验技术,,"物理,化学",2,4,4000.0
海南,2025,本科批,综合,2882,新疆和田学院,2,5,地理科学,,化学,2,4,3500.0
海南,2025,本科批,综合,2882,新疆和田学院,1,2,学前教育,,不限,2,4,3100.0
海南,2025,本科批,综合,2882,新疆和田学院,1,1,小学教育,,不限,2,4,3500.0
海南,2025,本科批,综合,2882,新疆和田学院,1,3,应用心理学,,不限,2,4,3500.0
海南,2025,本科批,综合,2882,新疆和田学院,4,13,思想政治教育,,政治,2,4,3100.0
海南,2025,本科批,综合,2882,新疆和田学院,3,8,数据科学与大数据技术,,"物理,化学",2,4,3500.0
海南,2025,本科批,综合,2882,新疆和田学院,3,7,物理学,,"物理,化学",2,4,3500.0
海南,2025,本科批,综合,2882,新疆和田学院,3,9,计算机科学与技术,,"物理,化学",2,4,3500.0
海南,2025,本科批,综合,2882,新疆和田学院,1,4,汉语言文学,,不限,1,4,3100.0
海南,2025,专科批,综合,2882,新疆和田学院,7,17,应用化工技术,,"物理,化学",5,3,3300.0
海南,2025,专科批,综合,2882,新疆和田学院,6,16,现代文秘,,不限,3,3,2900.0
海南,2025,专科批,综合,2882,新疆和田学院,6,15,旅游管理,,不限,1,3,3300.0
海南,2025,本科提前批(面试),综合,2895,新疆警察学院,1,2,侦查学,"(铁路公安)(男生)(1.主修维吾尔语；2.只招男生,汉族,中共党员或共青团员,年龄为16周岁以上、22周岁以下(2003年9月1日至2009年8月31日期间出生),高级中等教育学校毕业；3.需参加公安机关组织的政治考察、体检、面试、体能测评和公务员录用考试。毕业后符合公安机关录用人民警察要求的,定向广州铁路公安局所属公安处就业,共招录4名男生,在招录单位最低服务年限为20年；4.具体要求详见新疆警察学院《招生章程》。)",政治,4,4,
海南,2025,本科提前批(面试),综合,2895,新疆警察学院,1,1,侦查学,"(地方公安)(男生)(1.主修维吾尔语；2.只招男生,汉族,中共党员或共青团员,年龄为16周岁以上、22周岁以下(2003年9月1日至2009年8月31日期间出生),高级中等教育学校毕业；3.需参加公安机关组织的政治考察、体检、面试、体能测评和公务员录用考试。毕业后符合公安机关录用人民警察要求的,定向乐东黎族自治县公安局和屯昌县公安局就业,2个单位各招录1名,毕业后按照在校期间综合素质评价成绩从高到低的顺序选择招录单位。在招录单位最低服务年限为20年；4.具体要求详见新疆警察学院《招生章程》。)",政治,2,4,
海南,2025,本科提前批(面试),综合,2895,新疆警察学院,1,3,侦查学,"(铁路公安)(女生)(1.主修维吾尔语；2.只招女生,汉族,中共党员或共青团员,年龄为16周岁以上、22周岁以下(2003年9月1日至2009年8月31日期间出生),高级中等教育学校毕业；3.需参加公安机关组织的政治考察、体检、面试、体能测评和公务员录用考试。毕业后符合公安机关录用人民警察要求的,定向广州铁路公安局所属公安处就业,共招录1名女生,在招录单位最低服务年限为20年；4.具体要求详见新疆警察学院《招生章程》。)",政治,1,4,
海南,2025,本科批,综合,2900,新疆理工学院,1,3,国际经济与贸易,,不限,5,4,3200.0
海南,2025,本科批,综合,2900,新疆理工学院,1,2,工商管理,,不限,5,4,3200.0
海南,2025,本科批,综合,2900,新疆理工学院,1,1,市场营销,,不限,4,4,3200.0
海南,2025,本科批,综合,2900,新疆理工学院,1,6,旅游管理,,不限,4,4,3200.0
海南,2025,本科批,综合,2900,新疆理工学院,1,5,法学,,不限,4,4,3100.0
海南,2025,本科批,综合,2900,新疆理工学院,1,7,物流管理,,不限,4,4,3200.0
海南,2025,本科批,综合,2900,新疆理工学院,1,4,社会工作,,不限,4,4,3100.0
海南,2025,本科批,综合,2900,新疆理工学院,2,9,物流工程,,物理,2,4,3500.0
海南,2025,本科批,综合,2900,新疆理工学院,2,8,金融学,,物理,2,4,3200.0
海南,2025,本科批,综合,2876,新疆农业大学,1,4,人力资源管理,,不限,5,4,3500.0
海南,2025,本科批,综合,2876,新疆农业大学,1,5,农林经济管理,,不限,5,4,3500.0
海南,2025,本科批,综合,2876,新疆农业大学,1,1,国际经济与贸易,,不限,5,4,3500.0
海南,2025,本科批,综合,2876,新疆农业大学,3,14,数据计算及应用,,"物理,化学",5,4,3500.0
海南,2025,本科批,综合,2876,新疆农业大学,3,13,水产养殖学,,"物理,化学",5,4,3500.0
海南,2025,本科批,综合,2876,新疆农业大学,2,6,物流工程,,物理,5,4,3500.0
海南,2025,本科批,综合,2876,新疆农业大学,3,8,物联网工程,,"物理,化学",5,4,3500.0
海南,2025,本科批,综合,2876,新疆农业大学,80,2,经济与贸易类,(包含专业:国际经济与贸易；英语单科成绩不低于90分(150分制)；中英双语教学),不限,5,4,18000.0
海南,2025,本科批,综合,2876,新疆农业大学,3,12,食品科学与工程,,"物理,化学",5,4,3500.0
海南,2025,本科批,综合,2876,新疆农业大学,3,11,食品质量与安全,,"物理,化学",5,4,3500.0
海南,2025,本科批,综合,2876,新疆农业大学,3,10,交通工程,,"物理,化学",10,4,3500.0
海南,2025,本科批,综合,2876,新疆农业大学,80,3,工商管理类,(包含专业:会计学、人力资源管理、市场营销；英语单科成绩不低于90分(150分制)；中英双语教学),不限,10,4,18000.0
海南,2025,本科批,综合,2876,新疆农业大学,3,7,应用化学,,"物理,化学",10,4,3500.0
海南,2025,本科批,综合,2876,新疆农业大学,3,9,水利水电工程,,"物理,化学",10,4,3500.0
海南,2025,本科批,综合,2906,新疆天山职业技术大学,2,9,信息安全与管理,,物理,3,4,12700.0
海南,2025,本科批,综合,2906,新疆天山职业技术大学,1,6,大数据与会计,,不限,3,4,11700.0
海南,2025,本科批,综合,2906,新疆天山职业技术大学,1,1,建筑装饰工程,,不限,3,4,12700.0
海南,2025,本科批,综合,2906,新疆天山职业技术大学,2,12,新能源汽车工程技术,,物理,3,4,12700.0
海南,2025,本科批,综合,2906,新疆天山职业技术大学,1,7,民航运输服务与管理,,不限,3,4,11700.0
海南,2025,本科批,综合,2906,新疆天山职业技术大学,1,5,电子商务,,不限,3,4,11700.0
海南,2025,本科批,综合,2906,新疆天山职业技术大学,1,3,国际经济与贸易,,不限,2,4,11700.0
海南,2025,本科批,综合,2906,新疆天山职业技术大学,2,10,大数据工程技术,,物理,2,4,12700.0
海南,2025,本科批,综合,2906,新疆天山职业技术大学,1,2,旅游管理,,不限,2,4,11700.0
海南,2025,本科批,综合,2906,新疆天山职业技术大学,2,11,无人机系统应用技术,,物理,2,4,12700.0
海南,2025,本科批,综合,2906,新疆天山职业技术大学,2,8,智能制造工程技术,,物理,2,4,12700.0
海南,2025,本科批,综合,2906,新疆天山职业技术大学,1,4,现代物流管理,,不限,2,4,11700.0
海南,2025,本科批,综合,2878,新疆医科大学,1,1,口腔医学,,"物理,化学",4,5,4000.0
海南,2025,本科批,综合,2878,新疆医科大学,2,4,中西医临床医学,,"物理,化学,生物",3,5,4000.0
海南,2025,本科批,综合,2878,新疆医科大学,2,5,中医学,,"物理,化学,生物",2,5,4000.0
海南,2025,本科批,综合,2878,新疆医科大学,2,8,医学影像学,,"物理,化学,生物",2,5,4000.0
海南,2025,本科批,综合,2878,新疆医科大学,2,10,眼视光医学,,"物理,化学,生物",2,5,4000.0
海南,2025,本科批,综合,2878,新疆医科大学,2,9,精神医学,,"物理,化学,生物",2,5,4000.0
海南,2025,本科批,综合,2878,新疆医科大学,2,3,临床医学,,"物理,化学,生物",17,5,4000.0
海南,2025,本科批,综合,2878,新疆医科大学,2,2,临床医学,(“5+3一体化”),"物理,化学,生物",1,5,4000.0
海南,2025,本科批,综合,2878,新疆医科大学,2,6,儿科学,,"物理,化学,生物",1,5,4000.0
海南,2025,本科批,综合,2878,新疆医科大学,2,7,麻醉学,,"物理,化学,生物",1,5,4000.0
海南,2025,本科批,综合,2904,新疆政法学院,2,4,计算机科学与技术,,"物理,化学",3,4,3500.0
海南,2025,本科批,综合,2904,新疆政法学院,1,2,汉语言文学,,不限,2,4,3100.0
海南,2025,本科批,综合,2904,新疆政法学院,1,1,法学,,不限,2,4,3100.0
海南,2025,本科批,综合,2904,新疆政法学院,1,3,监狱学,,不限,2,4,3100.0
海南,2025,本科批,综合,1592,新乡学院,2,10,化学,,"物理,化学",5,4,5000.0
海南,2025,本科批,综合,1592,新乡学院,1,1,人力资源管理,,不限,4,4,4400.0
海南,2025,本科批,综合,1592,新乡学院,2,7,人工智能,,"物理,化学",4,4,5000.0
海南,2025,本科批,综合,1592,新乡学院,1,2,健康服务与管理,(智慧健康管理方向),不限,4,4,4400.0
海南,2025,本科批,综合,1592,新乡学院,2,8,土木类,(包含专业:土木工程、建筑环境与能源应用工程),"物理,化学",4,4,5000.0
海南,2025,本科批,综合,1592,新乡学院,2,11,新能源材料与器件,,"物理,化学",4,4,5000.0
海南,2025,本科批,综合,1592,新乡学院,2,9,智能建造,,"物理,化学",4,4,5000.0
海南,2025,本科批,综合,1592,新乡学院,2,5,机械设计制造及其自动化,,"物理,化学",4,4,5000.0
海南,2025,本科批,综合,1592,新乡学院,1,3,物流管理,(智慧物流方向),不限,4,4,4400.0
海南,2025,本科批,综合,1592,新乡学院,2,4,电子信息科学与技术,,"物理,化学",4,4,5000.0
海南,2025,本科批,综合,1592,新乡学院,2,6,软件工程,,"物理,化学",4,4,5000.0
海南,2025,本科批,综合,1303,新余学院,4,16,护理学,(不招色弱、色盲、单色识别不全者),生物,2,4,4350.0
海南,2025,本科批,综合,1303,新余学院,3,12,软件工程,,"物理,化学",2,4,4350.0
海南,2025,本科批,综合,1303,新余学院,2,6,商务英语,,不限,1,4,3880.0
海南,2025,本科批,综合,1303,新余学院,3,13,土木工程,,"物理,化学",1,4,4350.0
海南,2025,本科批,综合,1303,新余学院,2,3,市场营销,(数字营销方向),不限,1,4,3880.0
海南,2025,本科批,综合,1303,新余学院,3,7,新能源材料与器件,,"物理,化学",1,4,4120.0
海南,2025,本科批,综合,1303,新余学院,3,8,新能源科学与工程,,"物理,化学",1,4,4120.0
海南,2025,本科批,综合,1303,新余学院,3,14,智能建造,,"物理,化学",1,4,4350.0
海南,2025,本科批,综合,1303,新余学院,3,11,智能电网信息工程,,"物理,化学",1,4,4350.0
海南,2025,本科批,综合,1303,新余学院,3,9,机械设计制造及其自动化,,"物理,化学",1,4,4120.0
海南,2025,本科批,综合,1303,新余学院,3,10,材料成型及控制工程,,"物理,化学",1,4,4120.0
海南,2025,本科批,综合,1303,新余学院,3,15,电子信息工程,,"物理,化学",1,4,4350.0
海南,2025,本科批,综合,1303,新余学院,2,4,电子商务,,不限,1,4,4350.0
海南,2025,本科批,综合,1303,新余学院,2,2,网络与新媒体,,不限,1,4,3650.0
海南,2025,本科批,综合,1303,新余学院,2,5,英语,,不限,1,4,3650.0
海南,2025,本科批,综合,1593,信阳农林学院,1,1,制药工程,,"物理,化学",6,4,5000.0
海南,2025,本科批,综合,1593,信阳农林学院,1,3,物联网工程,,"物理,化学",2,4,5000.0
海南,2025,本科批,综合,1593,信阳农林学院,1,4,网络工程,,"物理,化学",2,4,5000.0
海南,2025,本科批,综合,1593,信阳农林学院,1,2,食品质量与安全,,"物理,化学",10,4,5000.0
海南,2025,本科批,综合,1574,信阳师范大学,1,1,健康服务与管理,,不限,5,4,4400.0
海南,2025,本科批,综合,1574,信阳师范大学,2,2,生物信息学,,"物理,化学",5,4,5000.0
海南,2025,本科批,综合,1628,信阳学院,2,4,人工智能,,"物理,化学",3,4,16000.0
海南,2025,本科批,综合,1628,信阳学院,1,1,汉语言文学,,不限,3,4,15000.0
海南,2025,本科批,综合,1628,信阳学院,2,3,数学与应用数学,,"物理,化学",2,4,16000.0
海南,2025,本科批,综合,1628,信阳学院,1,2,法学,,不限,2,4,15000.0
海南,2025,本科批,综合,174,邢台学院,1,4,国际经济与贸易,,不限,5,4,4600.0
海南,2025,本科批,综合,174,邢台学院,1,3,工商管理,,不限,5,4,4600.0
海南,2025,本科批,综合,174,邢台学院,2,5,思想政治教育,(师范类),政治,5,4,4600.0
海南,2025,本科批,综合,174,邢台学院,1,2,法学,,不限,5,4,4600.0
海南,2025,本科批,综合,174,邢台学院,1,1,市场营销,,不限,10,4,4600.0
海南,2025,专科批,综合,194,邢台医学院,3,4,医学影像技术,,物理,5,3,5000.0
海南,2025,专科批,综合,194,邢台医学院,2,3,护理,,不限,5,3,5000.0
海南,2025,专科批,综合,194,邢台医学院,2,2,药学,,不限,5,3,5000.0
海南,2025,本科批,综合,194,邢台医学院,1,1,口腔医学技术,,"物理,化学",5,4,5200.0
海南,2025,本科批,综合,2507,兴义民族师范学院,2,5,物理学,,"物理,化学",2,4,4200.0
海南,2025,本科批,综合,2507,兴义民族师范学院,1,4,学前教育,,不限,1,4,4100.0
海南,2025,本科批,综合,2507,兴义民族师范学院,1,3,小学教育,,不限,1,4,4100.0
海南,2025,本科批,综合,2507,兴义民族师范学院,1,1,广播电视学,,不限,1,4,4100.0
海南,2025,本科批,综合,2507,兴义民族师范学院,1,2,应用心理学,,不限,1,4,4200.0
海南,2025,专科批,综合,922,宿迁泽达职业技术学院,1,2,大数据与财务管理,,不限,1,3,15800.0
海南,2025,专科批,综合,922,宿迁泽达职业技术学院,1,1,无人机应用技术,,不限,1,3,17800.0
海南,2025,本科批,综合,819,徐州工程学院,1,1,市场营销,,不限,2,4,5200.0
海南,2025,本科批,综合,819,徐州工程学院,3,6,生物工程,,"物理,化学",2,4,5800.0
海南,2025,本科批,综合,819,徐州工程学院,1,2,电子商务,,不限,2,4,5200.0
海南,2025,本科批,综合,819,徐州工程学院,1,3,经济与金融,,不限,2,4,5200.0
海南,2025,本科批,综合,819,徐州工程学院,2,4,工程管理,,物理,1,4,5200.0
海南,2025,本科批,综合,819,徐州工程学院,2,5,物流工程,,物理,1,4,5200.0
海南,2025,本科批,综合,1577,许昌学院,3,4,信息安全,,"物理,化学",5,4,5000.0
海南,2025,本科批,综合,1577,许昌学院,2,3,应用心理学,,不限,5,4,5000.0
海南,2025,本科批,综合,1577,许昌学院,3,5,电子信息工程,,"物理,化学",5,4,5000.0
海南,2025,本科批,综合,1577,许昌学院,2,2,经济学,,不限,5,4,4400.0
海南,2025,本科批,综合,1433,烟台大学,4,14,材料科学与工程,,"物理,化学",5,4,5500.0
海南,2025,本科批,综合,1433,烟台大学,4,10,水产养殖学,,"物理,化学",5,4,5500.0
海南,2025,本科批,综合,1433,烟台大学,4,9,环境科学与工程,,"物理,化学",5,4,5500.0
海南,2025,本科批,综合,1433,烟台大学,3,7,工程管理,,物理,3,4,6325.0
海南,2025,本科批,综合,1433,烟台大学,4,18,海洋科学,,"物理,化学",3,4,5500.0
海南,2025,本科批,综合,1433,烟台大学,4,16,车辆工程,,"物理,化学",3,4,6600.0
海南,2025,本科批,综合,1433,烟台大学,4,13,信息与计算科学,,"物理,化学",2,4,6325.0
海南,2025,本科批,综合,1433,烟台大学,4,17,土木工程,(结构智建与运维),"物理,化学",2,4,6600.0
海南,2025,本科批,综合,1433,烟台大学,3,8,建筑学,,物理,2,5,6600.0
海南,2025,本科批,综合,1433,烟台大学,2,6,新闻学,,不限,2,4,5060.0
海南,2025,本科批,综合,1433,烟台大学,2,4,朝鲜语,,不限,2,4,4400.0
海南,2025,本科批,综合,1433,烟台大学,2,5,汉语国际教育,,不限,2,4,4400.0
海南,2025,本科批,综合,1433,烟台大学,4,11,电子信息科学与技术,,"物理,化学",2,4,6600.0
海南,2025,本科批,综合,1433,烟台大学,2,3,知识产权,,不限,2,4,5280.0
海南,2025,本科批,综合,1433,烟台大学,4,19,自动化,,"物理,化学",2,4,6325.0
海南,2025,本科批,综合,1433,烟台大学,4,15,计算机科学与技术,,"物理,化学",2,4,6600.0
海南,2025,本科批,综合,1433,烟台大学,4,12,金属材料工程,,"物理,化学",2,4,5500.0
海南,2025,本科提前批,综合,1433,烟台大学,1,1,航海技术,"(工作性质特殊,不适宜女生报考)","物理,化学",2,4,5500.0
海南,2025,本科提前批,综合,1433,烟台大学,1,2,轮机工程,"(工作性质特殊,不适宜女生报考)","物理,化学",2,4,5500.0
海南,2025,本科批,综合,1509,烟台科技学院,2,4,人工智能,,"物理,化学",5,4,19000.0
海南,2025,本科批,综合,1509,烟台科技学院,2,9,数据科学与大数据技术,,"物理,化学",5,4,19000.0
海南,2025,本科批,综合,1509,烟台科技学院,2,6,机械设计制造及其自动化,,"物理,化学",5,4,19000.0
海南,2025,本科批,综合,1509,烟台科技学院,2,11,虚拟现实技术,,"物理,化学",5,4,19000.0
海南,2025,本科批,综合,1509,烟台科技学院,1,2,广告学,,不限,4,4,19000.0
海南,2025,本科批,综合,1509,烟台科技学院,1,3,财务管理,,不限,4,4,19000.0
海南,2025,本科批,综合,1509,烟台科技学院,1,1,汉语言文学,,不限,3,4,19000.0
海南,2025,本科批,综合,1509,烟台科技学院,2,5,海洋信息工程,,"物理,化学",3,4,19000.0
海南,2025,本科批,综合,1509,烟台科技学院,2,7,智能制造工程,,"物理,化学",2,4,22800.0
海南,2025,本科批,综合,1509,烟台科技学院,2,8,网络工程,,"物理,化学",2,4,19000.0
海南,2025,本科批,综合,1509,烟台科技学院,2,10,葡萄与葡萄酒工程,,"物理,化学",2,4,22800.0
海南,2025,本科批,综合,1483,烟台理工学院,2,8,人工智能,,"物理,化学",2,4,21800.0
海南,2025,本科批,综合,1483,烟台理工学院,1,3,会计学,,不限,2,4,21800.0
海南,2025,本科批,综合,1483,烟台理工学院,2,9,无人驾驶航空器系统工程,,"物理,化学",2,4,21800.0
海南,2025,本科批,综合,1483,烟台理工学院,2,10,机械电子工程,,"物理,化学",2,4,21800.0
海南,2025,本科批,综合,1483,烟台理工学院,1,1,法学,,不限,2,4,21800.0
海南,2025,本科批,综合,1483,烟台理工学院,2,7,电子信息科学与技术,,"物理,化学",2,4,21800.0
海南,2025,本科批,综合,1483,烟台理工学院,1,2,网络与新媒体,,不限,2,4,21800.0
海南,2025,本科批,综合,1483,烟台理工学院,1,5,英语,,不限,2,4,21800.0
海南,2025,本科批,综合,1483,烟台理工学院,2,6,计算机科学与技术,,"物理,化学",2,4,21800.0
海南,2025,本科批,综合,1483,烟台理工学院,1,4,跨境电子商务,,不限,2,4,21800.0
海南,2025,本科批,综合,1447,烟台南山学院,1,9,供应链管理,,不限,6,4,16800.0
海南,2025,本科批,综合,1447,烟台南山学院,1,6,工商管理,,不限,6,4,18800.0
海南,2025,本科批,综合,1447,烟台南山学院,2,11,工程管理,,物理,6,4,16800.0
海南,2025,本科批,综合,1447,烟台南山学院,1,7,旅游管理,,不限,6,4,17800.0
海南,2025,本科批,综合,1447,烟台南山学院,1,3,日语,,不限,6,4,16800.0
海南,2025,本科批,综合,1447,烟台南山学院,1,1,服装设计与工程,,不限,6,4,16800.0
海南,2025,本科批,综合,1447,烟台南山学院,3,12,材料成型及控制工程,,"物理,化学",6,4,15800.0
海南,2025,本科批,综合,1447,烟台南山学院,1,2,汉语国际教育,,不限,6,4,18800.0
海南,2025,本科批,综合,1447,烟台南山学院,3,16,精细化工,,"物理,化学",6,4,15800.0
海南,2025,本科批,综合,1447,烟台南山学院,1,4,英语,,不限,6,4,18800.0
海南,2025,本科批,综合,1447,烟台南山学院,2,10,金融工程,,物理,6,4,17800.0
海南,2025,本科批,综合,1447,烟台南山学院,3,15,食品科学与工程,,"物理,化学",6,4,15800.0
海南,2025,本科批,综合,1447,烟台南山学院,3,14,数据科学与大数据技术,,"物理,化学",5,4,19800.0
海南,2025,本科批,综合,1447,烟台南山学院,3,13,计算机科学与技术,,"物理,化学",5,4,19800.0
海南,2025,本科批,综合,1447,烟台南山学院,1,5,会计学,,不限,4,4,18800.0
海南,2025,本科批,综合,1447,烟台南山学院,1,8,跨境电子商务,,不限,4,4,16800.0
海南,2025,专科批,综合,1447,烟台南山学院,4,22,商务英语,,不限,4,3,9800.0
海南,2025,专科批,综合,1447,烟台南山学院,4,23,广告艺术设计,,不限,4,3,11800.0
海南,2025,专科批,综合,1447,烟台南山学院,4,24,旅游管理,,不限,4,3,9800.0
海南,2025,专科批,综合,1447,烟台南山学院,4,17,服装与服饰设计,,不限,4,3,11800.0
海南,2025,专科批,综合,1447,烟台南山学院,4,18,机电一体化技术,,不限,4,3,9800.0
海南,2025,专科批,综合,1447,烟台南山学院,4,19,计算机网络技术,,不限,4,3,10800.0
海南,2025,专科批,综合,1447,烟台南山学院,4,25,金属智能加工技术,,不限,4,3,9800.0
海南,2025,专科批,综合,1447,烟台南山学院,4,21,食品生物技术,,不限,4,3,9800.0
海南,2025,专科批,综合,1447,烟台南山学院,4,20,社区康复,,不限,3,3,9800.0
海南,2025,本科批,综合,2695,延安大学,3,7,环境工程,,"物理,化学",3,4,6480.0
海南,2025,本科批,综合,2695,延安大学,1,1,会计学,,不限,2,4,5000.0
海南,2025,本科批,综合,2695,延安大学,1,3,文化产业管理,,不限,2,4,5000.0
海南,2025,本科批,综合,2695,延安大学,3,5,智能制造工程,,"物理,化学",2,4,6480.0
海南,2025,本科批,综合,2695,延安大学,1,2,社会工作,,不限,2,4,5400.0
海南,2025,本科批,综合,2695,延安大学,3,6,给排水科学与工程,,"物理,化学",2,4,6000.0
海南,2025,本科批,综合,2695,延安大学,2,4,运动康复,,物理,2,4,5000.0
海南,2025,本科批,综合,552,延边大学,4,21,地理科学类,(包含地理科学、地理信息科学专业；第一学年末分流；地理科学专业为师范；在珲春校区办学),地理,8,4,5000.0
海南,2025,本科批,综合,552,延边大学,81,16,食品科学与工程,(中外合作办学)(与韩国全北大学合作办学),"物理,化学",6,4,26000.0
海南,2025,本科批,综合,552,延边大学,81,12,通信工程,(中外合作办学)(与韩国湖西大学合作办学),"物理,化学",5,4,24000.0
海南,2025,本科批,综合,552,延边大学,2,15,化学类,(包含化学、应用化学专业；第一学年末分流；化学专业为师范),"物理,化学",4,4,5000.0
海南,2025,本科批,综合,552,延边大学,1,3,旅游管理,(在珲春校区办学),不限,4,4,5280.0
海南,2025,本科批,综合,552,延边大学,2,14,物理学,(含师范、非师范；第一学年末分流),"物理,化学",4,4,5500.0
海南,2025,本科批,综合,552,延边大学,80,4,经济学,"(中外合作办学)(与韩国崇实大学合作办学,培养金融学方向专业人才；在珲春校区办学)",不限,4,4,23000.0
海南,2025,本科批,综合,552,延边大学,1,5,经济学类,(包含专业:经济学、国际经济与贸易；第一学年末分流；在珲春校区办学),不限,4,4,4800.0
海南,2025,本科批,综合,552,延边大学,1,7,日语,(零起点),不限,3,4,5060.0
海南,2025,本科批,综合,552,延边大学,2,11,机械设计制造及其自动化,,"物理,化学",3,4,5400.0
海南,2025,本科批,综合,552,延边大学,2,9,通信工程,,"物理,化学",3,4,5400.0
海南,2025,本科批,综合,552,延边大学,3,20,中医学,,"物理,生物",2,5,5600.0
海南,2025,本科批,综合,552,延边大学,1,2,中国语言文学类,(包含专业:汉语国际教育、汉语言、汉语言文学；第一学年末分流；含师范、非师范),不限,2,4,4600.0
海南,2025,本科批,综合,552,延边大学,2,19,临床医学,,"物理,化学",2,5,6160.0
海南,2025,本科批,综合,552,延边大学,2,13,土木工程,,"物理,化学",2,4,5940.0
海南,2025,本科批,综合,552,延边大学,1,6,朝鲜语,(招汉语答卷非朝鲜族考生),不限,2,4,5060.0
海南,2025,本科批,综合,552,延边大学,1,1,法学,,不限,2,4,5280.0
海南,2025,本科批,综合,552,延边大学,2,8,电子信息工程,,"物理,化学",2,4,5940.0
海南,2025,本科批,综合,552,延边大学,2,17,药学类,(包含药学、药物制剂专业；第三学期末分流),"物理,化学",2,4,5600.0
海南,2025,本科批,综合,552,延边大学,2,10,计算机科学与技术,,"物理,化学",2,4,5940.0
海南,2025,本科批,综合,552,延边大学,2,18,麻醉学,,"物理,化学",2,5,5600.0
海南,2025,专科批,综合,862,炎黄职业技术学院,1,1,旅游管理,,不限,1,3,16000.0
海南,2025,专科批,综合,862,炎黄职业技术学院,1,2,机电一体化技术,,不限,1,3,18000.0
海南,2025,本科批,综合,792,盐城工学院,1,1,应用化学,,"物理,化学",3,4,5500.0
海南,2025,本科批,综合,792,盐城工学院,1,2,金属材料工程,,"物理,化学",2,4,5800.0
海南,2025,本科批,综合,801,盐城师范学院,2,3,金融工程,,物理,5,4,5200.0
海南,2025,本科批,综合,801,盐城师范学院,1,1,公共事业管理,,不限,3,4,5200.0
海南,2025,本科批,综合,801,盐城师范学院,1,2,汉语言文学,,不限,2,4,5200.0
海南,2025,专科批,综合,942,盐城幼儿师范高等专科学校,1,7,小学教育,,不限,4,3,4700.0
海南,2025,专科批,综合,942,盐城幼儿师范高等专科学校,1,5,旅游管理,,不限,3,3,4700.0
海南,2025,专科批,综合,942,盐城幼儿师范高等专科学校,1,1,学前教育,,不限,2,3,4700.0
海南,2025,专科批,综合,942,盐城幼儿师范高等专科学校,1,2,现代家政服务与管理,,不限,2,3,4700.0
海南,2025,专科批,综合,942,盐城幼儿师范高等专科学校,1,4,酒店管理与数字化运营,,不限,2,3,4700.0
海南,2025,专科批,综合,942,盐城幼儿师范高等专科学校,1,6,智慧旅游技术应用,,不限,1,3,4700.0
海南,2025,专科批,综合,942,盐城幼儿师范高等专科学校,1,3,特殊教育,,不限,1,3,4700.0
海南,2025,本科批,综合,245,燕京理工学院,2,4,会计学,,不限,1,4,20000.0
海南,2025,本科批,综合,245,燕京理工学院,4,19,制药工程,,"物理,化学",1,4,22000.0
海南,2025,本科批,综合,245,燕京理工学院,4,24,医学检验技术,,"物理,化学",1,4,22000.0
海南,2025,本科批,综合,245,燕京理工学院,2,12,商务英语,,不限,1,4,20000.0
海南,2025,本科批,综合,245,燕京理工学院,4,23,土木工程,,"物理,化学",1,4,22000.0
海南,2025,本科批,综合,245,燕京理工学院,2,9,小学教育,,不限,1,4,20000.0
海南,2025,本科批,综合,245,燕京理工学院,3,16,工程造价,,物理,1,4,20000.0
海南,2025,本科批,综合,245,燕京理工学院,2,14,广播电视编导,,不限,1,4,30000.0
海南,2025,本科批,综合,245,燕京理工学院,2,15,戏剧影视文学,,不限,1,4,30000.0
海南,2025,本科批,综合,245,燕京理工学院,3,17,数字经济,,物理,1,4,20000.0
海南,2025,本科批,综合,245,燕京理工学院,4,21,机械工程,,"物理,化学",1,4,22000.0
海南,2025,本科批,综合,245,燕京理工学院,2,10,汉语言文学,,不限,1,4,20000.0
海南,2025,本科批,综合,245,燕京理工学院,2,8,法学,,不限,1,4,20000.0
海南,2025,本科批,综合,245,燕京理工学院,4,27,物联网工程,,"物理,化学",1,4,22000.0
海南,2025,本科批,综合,245,燕京理工学院,4,20,环境工程,,"物理,化学",1,4,22000.0
海南,2025,本科批,综合,245,燕京理工学院,4,25,电子信息工程,,"物理,化学",1,4,22000.0
海南,2025,本科批,综合,245,燕京理工学院,2,5,税收学,,不限,1,4,20000.0
海南,2025,本科批,综合,245,燕京理工学院,2,13,网络与新媒体,,不限,1,4,20000.0
海南,2025,本科批,综合,245,燕京理工学院,4,18,自动化,,"物理,化学",1,4,22000.0
海南,2025,本科批,综合,245,燕京理工学院,2,11,英语,,不限,1,4,20000.0
海南,2025,本科批,综合,245,燕京理工学院,4,26,计算机科学与技术,,"物理,化学",1,4,22000.0
海南,2025,本科批,综合,245,燕京理工学院,2,7,财务管理,,不限,1,4,20000.0
海南,2025,本科批,综合,245,燕京理工学院,4,22,车辆工程,,"物理,化学",1,4,22000.0
海南,2025,本科批,综合,245,燕京理工学院,2,6,金融学,,不限,1,4,20000.0
海南,2025,本科批,综合,177,燕山大学,2,5,电气类,(包含专业:电气工程及其自动化、自动化、智能科学与技术),"物理,化学",8,4,5390.0
海南,2025,本科批,综合,177,燕山大学,2,3,机械类,(包含专业:机械设计制造及其自动化、智能制造工程、机器人工程),"物理,化学",6,4,5390.0
海南,2025,本科批,综合,177,燕山大学,2,4,测控技术与仪器,,"物理,化学",6,4,5390.0
海南,2025,本科批,综合,177,燕山大学,2,6,电子信息类,(包含专业:电子信息工程、电子科学与技术),"物理,化学",5,4,5390.0
海南,2025,本科批,综合,177,燕山大学,2,10,土木类,(包含专业:土木工程、建筑环境与能源应用工程),"物理,化学",4,4,5390.0
海南,2025,本科批,综合,177,燕山大学,1,2,工商管理类,(包含专业:工商管理、会计学、旅游管理、电子商务),不限,4,4,5060.0
海南,2025,本科批,综合,177,燕山大学,2,9,工程力学,,"物理,化学",4,4,5390.0
海南,2025,本科批,综合,177,燕山大学,2,7,计算机科学与技术,,"物理,化学",4,4,5390.0
海南,2025,本科批,综合,177,燕山大学,2,8,环境工程,,"物理,化学",2,4,5390.0
海南,2025,本科批,综合,177,燕山大学,1,1,经济与金融,,不限,2,4,5060.0
海南,2025,本科批,综合,822,扬州大学,3,20,临床医学,,"物理,化学",2,5,6800.0
海南,2025,本科批,综合,822,扬州大学,3,9,交通工程,,"物理,化学",2,4,5800.0
海南,2025,本科批,综合,822,扬州大学,1,5,传播学,,不限,2,4,5200.0
海南,2025,本科批,综合,822,扬州大学,2,6,工程管理,,物理,2,4,5200.0
海南,2025,本科批,综合,822,扬州大学,3,13,农学,,"物理,化学",1,4,2750.0
海南,2025,本科批,综合,822,扬州大学,3,18,动物医学,,"物理,化学",1,5,2750.0
海南,2025,本科批,综合,822,扬州大学,1,1,商务英语,,不限,1,4,5720.0
海南,2025,本科批,综合,822,扬州大学,3,16,土木工程,,"物理,化学",1,4,5800.0
海南,2025,本科批,综合,822,扬州大学,3,10,微电子科学与工程,,"物理,化学",1,4,6380.0
海南,2025,本科批,综合,822,扬州大学,3,12,数学与应用数学,,"物理,化学",1,4,5500.0
海南,2025,本科批,综合,822,扬州大学,3,8,机械设计制造及其自动化,,"物理,化学",1,4,5800.0
海南,2025,本科批,综合,822,扬州大学,3,14,植物保护,,"物理,化学",1,4,2500.0
海南,2025,本科批,综合,822,扬州大学,3,7,水利水电工程,,"物理,化学",1,4,6380.0
海南,2025,本科批,综合,822,扬州大学,1,2,汉语言文学,,不限,1,4,5720.0
海南,2025,本科批,综合,822,扬州大学,1,3,法学,,不限,1,4,5720.0
海南,2025,本科批,综合,822,扬州大学,3,21,烹饪与营养教育,,"物理,化学",1,4,5800.0
海南,2025,本科批,综合,822,扬州大学,3,11,物理学,(含师范),"物理,化学",1,4,6050.0
海南,2025,本科批,综合,822,扬州大学,3,17,环境工程,,"物理,化学",1,4,5800.0
海南,2025,本科批,综合,822,扬州大学,3,15,生物技术,,"物理,化学",1,4,5500.0
海南,2025,本科批,综合,822,扬州大学,3,19,电气工程及其自动化,,"物理,化学",1,4,5800.0
海南,2025,本科批,综合,822,扬州大学,1,4,英语,,不限,1,4,5720.0
海南,2025,本科批,综合,908,扬州大学广陵学院,1,3,国际经济与贸易,,不限,2,4,18000.0
海南,2025,本科批,综合,908,扬州大学广陵学院,2,6,水利水电工程,,"物理,化学",2,4,20000.0
海南,2025,本科批,综合,908,扬州大学广陵学院,2,7,环境工程,,"物理,化学",2,4,20000.0
海南,2025,本科批,综合,908,扬州大学广陵学院,1,2,英语,,不限,2,4,18000.0
海南,2025,本科批,综合,908,扬州大学广陵学院,1,4,财务管理,,不限,2,4,18000.0
海南,2025,本科批,综合,908,扬州大学广陵学院,2,5,通信工程,,"物理,化学",2,4,20000.0
海南,2025,本科批,综合,908,扬州大学广陵学院,1,1,汉语言文学,,不限,1,4,18000.0
海南,2025,专科批,综合,930,扬州中瑞酒店职业学院,1,1,酒店管理与数字化运营,,不限,3,3,20000.0
海南,2025,专科批,综合,930,扬州中瑞酒店职业学院,1,2,西式烹饪工艺,,不限,2,3,20000.0
海南,2025,本科批,综合,1214,仰恩大学,1,1,法学,,不限,4,4,23000.0
海南,2025,本科批,综合,2881,伊犁师范大学,1,1,汉语言文学,(国家级一流本科专业建设点),不限,4,4,3100.0
海南,2025,本科批,综合,2881,伊犁师范大学,2,5,人工智能,,"物理,化学",3,4,3500.0
海南,2025,本科批,综合,2881,伊犁师范大学,2,9,土地整治工程,,"物理,化学",3,4,3500.0
海南,2025,本科批,综合,2881,伊犁师范大学,3,13,地理信息科学,,"物理,地理",3,4,3500.0
海南,2025,本科批,综合,2881,伊犁师范大学,2,11,地理空间信息工程,,"物理,化学",3,4,3500.0
海南,2025,本科批,综合,2881,伊犁师范大学,2,7,新能源科学与工程,,"物理,化学",3,4,3500.0
海南,2025,本科批,综合,2881,伊犁师范大学,2,6,机器人工程,,"物理,化学",3,4,3500.0
海南,2025,本科批,综合,2881,伊犁师范大学,2,2,机械电子工程,,"物理,化学",3,4,3500.0
海南,2025,本科批,综合,2881,伊犁师范大学,2,12,机械设计制造及其自动化,,"物理,化学",3,4,3500.0
海南,2025,本科批,综合,2881,伊犁师范大学,2,10,测绘工程,,"物理,化学",3,4,3500.0
海南,2025,本科批,综合,2881,伊犁师范大学,2,8,物联网工程,,"物理,化学",3,4,3500.0
海南,2025,本科批,综合,2881,伊犁师范大学,2,3,网络工程,,"物理,化学",3,4,3500.0
海南,2025,本科批,综合,2881,伊犁师范大学,2,4,计算机科学与技术,,"物理,化学",3,4,3500.0
海南,2025,本科批,综合,2378,宜宾学院,3,5,环境工程,,"物理,化学",3,4,5980.0
海南,2025,本科批,综合,2378,宜宾学院,3,6,生物工程,,"物理,化学",3,4,5980.0
海南,2025,本科批,综合,2378,宜宾学院,1,1,社会工作,,不限,3,4,5520.0
海南,2025,本科批,综合,2378,宜宾学院,1,2,行政管理,,不限,3,4,5520.0
海南,2025,本科批,综合,2378,宜宾学院,2,4,质量管理工程,,物理,3,4,5520.0
海南,2025,本科批,综合,2378,宜宾学院,3,7,数据科学与大数据技术,,"物理,化学",2,4,5980.0
海南,2025,本科批,综合,2378,宜宾学院,3,8,智能制造工程,,"物理,化学",2,4,5980.0
海南,2025,本科批,综合,2378,宜宾学院,2,3,标准化工程,,物理,2,4,5520.0
海南,2025,专科批,综合,2415,宜宾职业技术学院,1,1,建筑工程技术,,不限,10,3,5720.0
海南,2025,本科批,综合,1290,宜春学院,6,7,汉语言文学,,不限,4,4,4010.0
海南,2025,本科批,综合,1290,宜春学院,6,8,法学,,不限,3,4,4270.0
海南,2025,本科批,综合,1290,宜春学院,8,14,动物医学,,"物理,化学",2,4,3750.0
海南,2025,本科批,综合,1290,宜春学院,9,17,园林,,生物,2,4,3750.0
海南,2025,本科批,综合,1290,宜春学院,6,11,国际经济与贸易,,不限,2,4,4270.0
海南,2025,本科批,综合,1290,宜春学院,8,15,土地科学与技术,,"物理,化学",2,4,3750.0
海南,2025,本科批,综合,1290,宜春学院,6,10,城市管理,,不限,2,4,4270.0
海南,2025,本科批,综合,1290,宜春学院,7,12,数字经济,,物理,2,4,4270.0
海南,2025,本科批,综合,1290,宜春学院,8,16,电子信息工程,,"物理,化学",2,4,4790.0
海南,2025,本科批,综合,1290,宜春学院,6,9,知识产权,,不限,2,4,4270.0
海南,2025,本科批,综合,1290,宜春学院,8,13,环境科学,,"物理,化学",1,4,4530.0
海南,2025,专科批,综合,1329,宜春职业技术学院,1,1,护理,"(不招色盲、色弱；男生低于165cm,女生低于158cm不宜报考)",不限,4,3,5000.0
海南,2025,专科批,综合,1329,宜春职业技术学院,1,6,医学影像技术,(不招色盲、色弱),不限,3,3,5000.0
海南,2025,专科批,综合,1329,宜春职业技术学院,1,5,医学检验技术,(不招色盲、色弱),不限,2,3,5000.0
海南,2025,专科批,综合,1329,宜春职业技术学院,1,3,医学美容技术,(不招色盲、色弱),不限,2,3,5000.0
海南,2025,专科批,综合,1329,宜春职业技术学院,1,4,大数据技术,,不限,2,3,5000.0
海南,2025,专科批,综合,1329,宜春职业技术学院,1,2,药学,(不招色盲、色弱),不限,2,3,5000.0
海南,2025,专科批,综合,1985,益阳医学高等专科学校,1,3,临床医学,,不限,8,3,5460.0
海南,2025,专科批,综合,1985,益阳医学高等专科学校,1,2,口腔医学,,不限,3,3,5460.0
海南,2025,专科批,综合,1985,益阳医学高等专科学校,1,1,康复治疗技术,,不限,2,3,5460.0
海南,2025,专科批,综合,1985,益阳医学高等专科学校,1,4,护理,,不限,2,3,5460.0
海南,2025,专科批,综合,1914,永州职业技术学院,1,1,口腔医学,,不限,4,3,5460.0
海南,2025,专科批,综合,1914,永州职业技术学院,1,8,临床医学,,不限,2,3,5460.0
海南,2025,专科批,综合,1914,永州职业技术学院,1,4,护理,,不限,2,3,5460.0
海南,2025,专科批,综合,1914,永州职业技术学院,1,3,旅游管理,,不限,2,3,4600.0
海南,2025,专科批,综合,1914,永州职业技术学院,1,9,中草药栽培与加工技术,,不限,1,3,3000.0
海南,2025,专科批,综合,1914,永州职业技术学院,1,7,信息安全技术应用,,不限,1,3,4600.0
海南,2025,专科批,综合,1914,永州职业技术学院,1,2,医学影像技术,,不限,1,3,5460.0
海南,2025,专科批,综合,1914,永州职业技术学院,1,5,建筑室内设计,,不限,1,3,4600.0
海南,2025,专科批,综合,1914,永州职业技术学院,1,6,药学,,不限,1,3,5460.0
海南,2025,本科批,综合,2199,右江民族医学院,2,5,临床医学,(不招色盲、色弱),"物理,化学",6,5,5400.0
海南,2025,本科批,综合,2199,右江民族医学院,3,8,护理学,(不招色盲、色弱；身高低于155cm的女生、身高低于165cm的男生慎报),生物,4,4,5400.0
海南,2025,本科批,综合,2199,右江民族医学院,1,3,公共事业管理,,不限,1,4,4600.0
海南,2025,本科批,综合,2199,右江民族医学院,1,1,劳动与社会保障,,不限,1,4,4600.0
海南,2025,本科批,综合,2199,右江民族医学院,2,6,医学检验技术,(不招色盲、色弱),"物理,化学",1,4,5400.0
海南,2025,本科批,综合,2199,右江民族医学院,2,7,卫生检验与检疫,(不招色盲、色弱),"物理,化学",1,4,5400.0
海南,2025,本科批,综合,2199,右江民族医学院,2,4,康复物理治疗,(不招色盲、色弱),"物理,化学",1,4,5400.0
海南,2025,本科批,综合,2199,右江民族医学院,1,2,翻译,(英语单科成绩不低于90分(150分制)),不限,1,4,4200.0
海南,2025,本科批,综合,2206,玉林师范学院,3,5,商务英语,,不限,6,4,4200.0
海南,2025,本科批,综合,2206,玉林师范学院,3,3,农林经济管理,,不限,3,4,4600.0
海南,2025,本科批,综合,2206,玉林师范学院,3,4,英语,,不限,3,4,4200.0
海南,2025,本科批,综合,2206,玉林师范学院,4,8,制药工程,(不招色盲、色弱),"物理,化学,生物",2,4,4600.0
海南,2025,本科批,综合,2206,玉林师范学院,4,7,生物科学,(不招色盲、色弱),"物理,化学,生物",2,4,4600.0
海南,2025,本科批,综合,2597,玉溪师范学院,1,2,旅游管理,,不限,2,4,4500.0
海南,2025,本科批,综合,2597,玉溪师范学院,2,3,生物科学,,"物理,化学",2,4,5500.0
海南,2025,本科批,综合,2597,玉溪师范学院,1,1,经济与金融,,不限,2,4,4500.0
海南,2025,本科批,综合,2597,玉溪师范学院,2,4,通信工程,,"物理,化学",2,4,5000.0
海南,2025,本科批,综合,1347,豫章师范学院,80,7,财务管理,"(中英联合培养)(与英国切斯特大学3+1/4+0学分互认双学位联合培养(学生自愿出国,不出国仅获中方学位)；在中方就读期间向中方大学缴纳学费,学费20000元/学年,赴外期间须向外方大学缴纳学费,学费14450英镑/年；具体详见学校招生章程)",不限,4,4,
海南,2025,本科批,综合,1347,豫章师范学院,4,5,旅游管理与服务教育,,不限,3,4,3880.0
海南,2025,本科批,综合,1347,豫章师范学院,4,6,儿童康复治疗,(职业教育本科),不限,2,4,4120.0
海南,2025,本科批,综合,1347,豫章师范学院,5,11,光电信息材料与器件,"(色弱、色盲、单色识别不全的考生慎报,以免影响专业学习和就业)","物理,化学",2,4,4350.0
海南,2025,本科批,综合,1347,豫章师范学院,5,12,应急技术与管理,"(色弱、色盲、单色识别不全的考生慎报,以免影响专业学习和就业)","物理,化学",2,4,4350.0
海南,2025,本科批,综合,1347,豫章师范学院,81,9,数据科学与大数据技术,"(中英联合培养)(不招单色识别不全的考生；与英国切斯特大学3+1/4+0学分互认双学位联合培养(学生自愿出国,不出国仅获中方学位)；在中方就读期间向中方大学缴纳学费,学费20000元/学年,赴外期间须向外方大学缴纳学费,学费14450英镑/年；具体详见学校招生章程)","物理,化学",2,4,
海南,2025,本科批,综合,1347,豫章师范学院,4,8,特殊教育,(不招色盲、色弱),不限,2,4,3880.0
海南,2025,本科批,综合,1347,豫章师范学院,5,10,生态学,(不招色盲、色弱),"物理,化学",2,4,4120.0
海南,2025,本科批,综合,1938,岳阳学院,2,3,会计学,,不限,7,4,22000.0
海南,2025,本科批,综合,1938,岳阳学院,2,4,旅游管理,,不限,4,4,22000.0
海南,2025,本科批,综合,1938,岳阳学院,2,8,电子商务,,不限,4,4,22000.0
海南,2025,本科批,综合,1938,岳阳学院,2,2,国际经济与贸易,,不限,3,4,22000.0
海南,2025,本科批,综合,1938,岳阳学院,2,5,人力资源管理,,不限,2,4,22000.0
海南,2025,本科批,综合,1938,岳阳学院,3,11,工程管理,,物理,2,4,22000.0
海南,2025,本科批,综合,1938,岳阳学院,2,7,广告学,,不限,2,4,23000.0
海南,2025,本科批,综合,1938,岳阳学院,2,6,新闻学,,不限,2,4,23000.0
海南,2025,本科批,综合,1938,岳阳学院,4,13,应用化学,,"物理,化学",1,4,22900.0
海南,2025,本科批,综合,1938,岳阳学院,2,10,汉语言文学,,不限,1,4,21500.0
海南,2025,本科批,综合,1938,岳阳学院,2,9,法学,,不限,1,4,22000.0
海南,2025,本科批,综合,1938,岳阳学院,4,12,生物工程,,"物理,化学",1,4,22900.0
海南,2025,专科批,综合,1954,岳阳职业技术学院,1,5,临床医学,,不限,2,3,5460.0
海南,2025,专科批,综合,1954,岳阳职业技术学院,1,3,助产,"(因就业原因,请男生慎重报考)",不限,2,3,5460.0
海南,2025,专科批,综合,1954,岳阳职业技术学院,1,1,医学检验技术,,不限,2,3,5460.0
海南,2025,专科批,综合,1954,岳阳职业技术学院,1,4,护理,,不限,2,3,5460.0
海南,2025,专科批,综合,1954,岳阳职业技术学院,1,2,数字媒体技术,,不限,2,3,5060.0
海南,2025,本科批,综合,2594,云南财经大学,1,2,财务管理,"(龙泉路校区,第一学期在安宁校区学习)",不限,6,4,4500.0
海南,2025,本科批,综合,2594,云南财经大学,1,8,互联网金融,(龙泉路校区),不限,4,4,4500.0
海南,2025,本科批,综合,2594,云南财经大学,1,7,会计学,"(龙泉路校区,第一学期在安宁校区学习)",不限,4,4,5000.0
海南,2025,本科批,综合,2594,云南财经大学,1,4,公共事业管理,(龙泉路校区),不限,4,4,4500.0
海南,2025,本科批,综合,2594,云南财经大学,1,5,国际经济与贸易,(龙泉路校区),不限,4,4,4500.0
海南,2025,本科批,综合,2594,云南财经大学,1,6,国际经贸规则,(龙泉路校区),不限,4,4,4500.0
海南,2025,本科批,综合,2594,云南财经大学,1,9,审计学,"(龙泉路校区,第一学期在安宁校区学习)",不限,4,4,5000.0
海南,2025,本科批,综合,2594,云南财经大学,2,12,物流工程,(安宁校区),物理,4,4,5000.0
海南,2025,本科批,综合,2594,云南财经大学,1,3,电子商务,(龙泉路校区),不限,4,4,4500.0
海南,2025,本科批,综合,2594,云南财经大学,1,10,越南语,(龙泉路校区),不限,4,4,4200.0
海南,2025,本科批,综合,2594,云南财经大学,1,1,金融学,(龙泉路校区),不限,4,4,5000.0
海南,2025,本科批,综合,2594,云南财经大学,80,11,酒店管理,"(中外合作办学)(安宁校区；中法合作办学专业,合格毕业生可获国内外双文凭)",不限,14,4,15600.0
海南,2025,专科批,综合,2627,云南城市建设职业学院,1,3,应急救援技术,,不限,10,3,12800.0
海南,2025,专科批,综合,2627,云南城市建设职业学院,1,1,建筑消防技术,,不限,10,3,12800.0
海南,2025,专科批,综合,2627,云南城市建设职业学院,1,2,护理,,不限,10,3,12800.0
海南,2025,本科批,综合,2581,云南大学,81,19,土木工程,(中外合作办学)(仅招收有志愿考生；与英国思克莱德大学合作),"物理,化学",5,4,35000.0
海南,2025,本科批,综合,2581,云南大学,82,23,人工智能,(中外合作办学)(仅招收有志愿考生；与马来西亚马来亚大学合作；中外合作办学专业收费严格按照最终报送省发展改革委和省教育厅备案审批的标准执行),"物理,化学,生物",2,4,65000.0
海南,2025,本科批,综合,2581,云南大学,80,18,化学工程与工艺,(中外合作办学)(仅招收有志愿考生；与马来西亚马来亚大学合作；中外合作办学专业收费严格按照最终报送省发展改革委和省教育厅备案审批的标准执行),"物理,化学",2,4,65000.0
海南,2025,本科批,综合,2581,云南大学,4,11,化学类,(包含专业:化学、高分子材料与工程、化学工程与工艺、制药工程；大类培养分流办法及各专业学费标准详见学校招生章程),"物理,化学",2,4,5000.0
海南,2025,本科批,综合,2581,云南大学,4,17,土木工程,,"物理,化学",2,4,5000.0
海南,2025,本科批,综合,2581,云南大学,3,8,工商管理类,(包含专业:工商管理、财务管理、会计学、人力资源管理、物流管理、旅游管理；大类培养分流办法及各专业学费标准详见学校招生章程),物理,2,4,4500.0
海南,2025,本科批,综合,2581,云南大学,2,4,柬埔寨语,,不限,2,4,4200.0
海南,2025,本科批,综合,2581,云南大学,7,30,汉语言文学,,历史,2,4,4200.0
海南,2025,本科批,综合,2581,云南大学,6,28,法学,,政治,2,4,5000.0
海南,2025,本科批,综合,2581,云南大学,3,7,经济学类,(包含专业:经济学、财政学、金融学、国际经济与贸易；大类培养分流办法及各专业学费标准详见学校招生章程),物理,2,4,4500.0
海南,2025,本科批,综合,2581,云南大学,4,14,统计学,,"物理,化学",2,4,5600.0
海南,2025,本科批,综合,2581,云南大学,5,24,光电信息科学与工程,,"物理,化学,生物",1,4,5000.0
海南,2025,本科批,综合,2581,云南大学,2,2,公共事业管理,(公共事业管理+地理信息科学双学士学位),不限,1,4,7800.0
海南,2025,本科批,综合,2581,云南大学,7,31,历史学,,历史,1,4,4200.0
海南,2025,本科批,综合,2581,云南大学,4,15,地质学,,"物理,化学",1,4,5000.0
海南,2025,本科批,综合,2581,云南大学,8,32,城乡规划,,"物理,地理",1,5,5000.0
海南,2025,本科批,综合,2581,云南大学,4,12,大气科学,,"物理,化学",1,4,5600.0
海南,2025,本科批,综合,2581,云南大学,2,5,尼泊尔语,,不限,1,4,4200.0
海南,2025,本科批,综合,2581,云南大学,8,33,建筑学,,"物理,地理",1,5,5000.0
海南,2025,本科批,综合,2581,云南大学,5,27,数字媒体技术,(第三、四学年学费12000元/年),"物理,化学,生物",1,4,5000.0
海南,2025,本科批,综合,2581,云南大学,4,16,新能源科学与工程,,"物理,化学",1,4,5000.0
海南,2025,本科批,综合,2581,云南大学,6,29,新闻学,,政治,1,4,4200.0
海南,2025,本科批,综合,2581,云南大学,3,9,旅游管理,,物理,1,4,8200.0
海南,2025,本科批,综合,2581,云南大学,5,20,物联网工程,,"物理,化学,生物",1,4,5000.0
海南,2025,本科批,综合,2581,云南大学,4,13,生态学,(菁英班),"物理,化学",1,4,5600.0
海南,2025,本科批,综合,2581,云南大学,4,10,生物技术,(国家生命科学与技术基地班),"物理,化学",1,4,5600.0
海南,2025,本科批,综合,2581,云南大学,9,34,社会工作,,"政治,历史,地理",1,4,4500.0
海南,2025,本科批,综合,2581,云南大学,5,26,网络空间安全,(第三、四学年学费12000元/年),"物理,化学,生物",1,4,5000.0
海南,2025,本科批,综合,2581,云南大学,2,3,英语,,不限,1,4,4200.0
海南,2025,本科批,综合,2581,云南大学,2,6,行政管理,,不限,1,4,4500.0
海南,2025,本科批,综合,2581,云南大学,5,22,计算机科学与技术,,"物理,化学,生物",1,4,5600.0
海南,2025,本科批,综合,2581,云南大学,5,21,软件工程,(第三、四学年学费12000元/年),"物理,化学,生物",1,4,5000.0
海南,2025,本科批,综合,2581,云南大学,5,25,通信工程,,"物理,化学,生物",1,4,5600.0
海南,2025,本科批,综合,2629,云南工商学院,1,1,护理学,,化学,4,4,22800.0
海南,2025,本科批,综合,2629,云南工商学院,2,3,电气工程及其自动化,,"物理,化学",3,4,21800.0
海南,2025,本科批,综合,2629,云南工商学院,2,2,计算机科学与技术,,"物理,化学",3,4,25800.0
海南,2025,专科批,综合,2604,云南国土资源职业学院,1,1,酒店管理与数字化运营,,不限,6,3,5000.0
海南,2025,本科批,综合,2611,云南经济管理学院,1,2,汉语言文学,,不限,7,4,22000.0
海南,2025,本科批,综合,2611,云南经济管理学院,1,3,法学,,不限,7,4,20000.0
海南,2025,本科批,综合,2611,云南经济管理学院,1,4,会计学,,不限,6,4,22000.0
海南,2025,本科批,综合,2611,云南经济管理学院,2,5,工程造价,,物理,6,4,22000.0
海南,2025,本科批,综合,2611,云南经济管理学院,1,1,电子商务,,不限,4,4,22000.0
海南,2025,专科批,综合,2611,云南经济管理学院,4,7,新能源汽车技术,,不限,4,3,15500.0
海南,2025,专科批,综合,2611,云南经济管理学院,4,8,口腔医学技术,(办学地点:安宁校区),不限,2,3,16000.0
海南,2025,专科批,综合,2638,云南经贸外事职业学院,1,1,视觉传达设计,,不限,2,3,13800.0
海南,2025,本科提前批(面试),综合,2599,云南警官学院,1,1,禁毒学,(面向地方公安机关入警就业)(男生)(只招男生),政治,5,4,4950.0
海南,2025,本科提前批(面试),综合,2599,云南警官学院,1,2,禁毒学,(面向地方公安机关入警就业)(女生)(只招女生),政治,1,4,4950.0
海南,2025,专科批,综合,2661,云南理工职业学院,2,4,新能源汽车技术,,不限,8,3,16800.0
海南,2025,专科批,综合,2661,云南理工职业学院,2,10,学前教育,,不限,6,3,12000.0
海南,2025,专科批,综合,2661,云南理工职业学院,2,3,光伏工程技术,,不限,4,3,16800.0
海南,2025,专科批,综合,2661,云南理工职业学院,2,8,城市轨道交通运营管理,,不限,4,3,16800.0
海南,2025,专科批,综合,2661,云南理工职业学院,2,9,大数据技术,,不限,4,3,16800.0
海南,2025,专科批,综合,2661,云南理工职业学院,2,7,城市轨道交通通信信号技术,,不限,2,3,16800.0
海南,2025,专科批,综合,2661,云南理工职业学院,2,5,工业机器人技术,,不限,2,3,15000.0
海南,2025,专科批,综合,2661,云南理工职业学院,2,2,工程测量技术,,不限,2,3,15800.0
海南,2025,专科批,综合,2661,云南理工职业学院,2,6,无人机应用技术,,不限,2,3,15000.0
海南,2025,本科批,综合,2596,云南民族大学,2,2,化学,(不招色觉异常及不能准确识别颜色的考生),"物理,化学",3,4,5700.0
海南,2025,本科批,综合,2596,云南民族大学,1,1,工商管理,,不限,3,4,4500.0
海南,2025,本科批,综合,2596,云南民族大学,4,7,民族学,,"历史,地理",3,4,5100.0
海南,2025,本科批,综合,2596,云南民族大学,5,8,汉语言文学,,"政治,历史,地理",3,4,4200.0
海南,2025,本科批,综合,2596,云南民族大学,3,5,法学,,政治,3,4,4500.0
海南,2025,本科批,综合,2596,云南民族大学,3,6,经济学,,政治,3,4,4500.0
海南,2025,本科批,综合,2596,云南民族大学,2,3,计算机科学与技术,(不招不能准确识别颜色的考生),"物理,化学",3,4,5000.0
海南,2025,本科批,综合,2596,云南民族大学,2,4,通信工程,,"物理,化学",3,4,5000.0
海南,2025,本科批,综合,2583,云南农业大学,1,2,旅游管理,,不限,4,4,4500.0
海南,2025,本科批,综合,2583,云南农业大学,2,5,农学,,"物理,化学",2,4,5170.0
海南,2025,本科批,综合,2583,云南农业大学,2,9,动植物检疫,(植物检疫),"物理,化学",2,4,4500.0
海南,2025,本科批,综合,2583,云南农业大学,2,7,动物医学,,"物理,化学",2,4,5170.0
海南,2025,本科批,综合,2583,云南农业大学,2,12,化学生物学,,"物理,化学",2,4,5000.0
海南,2025,本科批,综合,2583,云南农业大学,81,14,咖啡科学与工程,(就读地点为普洱校区),"物理,化学",2,4,5000.0
海南,2025,本科批,综合,2583,云南农业大学,2,13,土木工程,,"物理,化学",2,4,5000.0
海南,2025,本科批,综合,2583,云南农业大学,2,8,植物保护,,"物理,化学",2,4,5170.0
海南,2025,本科批,综合,2583,云南农业大学,2,6,水产养殖学,,"物理,化学",2,4,4500.0
海南,2025,本科批,综合,2583,云南农业大学,2,11,水利水电工程,,"物理,化学",2,4,5000.0
海南,2025,本科批,综合,2583,云南农业大学,1,1,电子商务,,不限,2,4,4500.0
海南,2025,本科批,综合,2583,云南农业大学,80,3,英语,(英语单科成绩不低于90分(150分制)),不限,2,4,4200.0
海南,2025,本科批,综合,2583,云南农业大学,1,4,越南语,,不限,2,4,4200.0
海南,2025,本科批,综合,2583,云南农业大学,2,10,食品质量与安全,,"物理,化学",2,4,5750.0
海南,2025,专科批,综合,2639,云南三鑫职业技术学院,1,4,医学影像技术,,不限,7,3,9800.0
海南,2025,专科批,综合,2639,云南三鑫职业技术学院,1,3,医学检验技术,,不限,7,3,9800.0
海南,2025,专科批,综合,2639,云南三鑫职业技术学院,1,6,中医康复技术,,不限,5,3,9800.0
海南,2025,专科批,综合,2639,云南三鑫职业技术学院,1,5,药学,,不限,5,3,9800.0
海南,2025,专科批,综合,2639,云南三鑫职业技术学院,1,7,建筑室内设计,,不限,2,3,9800.0
海南,2025,专科批,综合,2639,云南三鑫职业技术学院,1,2,口腔医学技术,,不限,12,3,9800.0
海南,2025,专科批,综合,2639,云南三鑫职业技术学院,1,1,护理,,不限,12,3,9800.0
海南,2025,专科批,综合,2641,云南商务职业学院,1,3,护理,,不限,8,3,11600.0
海南,2025,专科批,综合,2641,云南商务职业学院,1,2,医学影像技术,,不限,4,3,11600.0
海南,2025,专科批,综合,2641,云南商务职业学院,1,1,医学检验技术,,不限,4,3,11600.0
海南,2025,专科批,综合,2641,云南商务职业学院,1,4,应急救援技术,,不限,4,3,11600.0
海南,2025,本科批,综合,2588,云南师范大学,2,7,工商管理类,(包含专业:会计学、审计学),不限,3,4,4500.0
海南,2025,本科批,综合,2588,云南师范大学,3,11,数学与应用数学,(数学单科成绩不低于100分(150分制)),"物理,化学",3,4,5000.0
海南,2025,本科批,综合,2588,云南师范大学,2,8,新闻学,,不限,3,4,4200.0
海南,2025,本科批,综合,2588,云南师范大学,2,6,旅游管理,,不限,3,4,4500.0
海南,2025,本科批,综合,2588,云南师范大学,2,2,历史学,,不限,2,4,4200.0
海南,2025,本科批,综合,2588,云南师范大学,2,4,学前教育,,不限,2,4,4200.0
海南,2025,本科批,综合,2588,云南师范大学,2,5,小学教育,,不限,2,4,4200.0
海南,2025,本科批,综合,2588,云南师范大学,2,3,日语,,不限,2,4,4200.0
海南,2025,本科批,综合,2588,云南师范大学,2,9,泰语,,不限,2,4,4200.0
海南,2025,本科批,综合,2588,云南师范大学,4,12,秘书学,,"政治,历史",2,4,4200.0
海南,2025,本科批,综合,2588,云南师范大学,2,10,越南语,,不限,2,4,4200.0
海南,2025,专科批,综合,2635,云南新兴职业学院,1,3,针灸推拿,,不限,6,3,10000.0
海南,2025,专科批,综合,2635,云南新兴职业学院,1,1,动物医学,,不限,4,3,10000.0
海南,2025,专科批,综合,2635,云南新兴职业学院,1,2,护理,,不限,2,3,10000.0
海南,2025,专科批,综合,2660,云南医药健康职业学院,1,3,针灸推拿,,不限,8,3,16800.0
海南,2025,专科批,综合,2660,云南医药健康职业学院,1,6,医学影像技术,,不限,5,3,14800.0
海南,2025,专科批,综合,2660,云南医药健康职业学院,1,2,护理,,不限,5,3,14800.0
海南,2025,专科批,综合,2660,云南医药健康职业学院,1,8,药学,,不限,5,3,14800.0
海南,2025,专科批,综合,2660,云南医药健康职业学院,1,7,中药学,,不限,4,3,14800.0
海南,2025,专科批,综合,2660,云南医药健康职业学院,1,4,临床医学,,不限,4,3,17800.0
海南,2025,专科批,综合,2660,云南医药健康职业学院,1,9,动物医学,,不限,4,3,14800.0
海南,2025,专科批,综合,2660,云南医药健康职业学院,1,5,医学检验技术,,不限,3,3,14800.0
海南,2025,专科批,综合,2660,云南医药健康职业学院,1,1,口腔医学,,不限,12,3,19800.0
海南,2025,本科批,综合,2587,云南中医药大学,1,7,公共事业管理,,不限,5,4,4500.0
海南,2025,本科批,综合,2587,云南中医药大学,3,15,中西医临床医学,(不招色盲、色弱),"物理,化学",2,5,6000.0
海南,2025,本科批,综合,2587,云南中医药大学,1,6,中医儿科学,(不招色盲、色弱),不限,1,5,5500.0
海南,2025,本科批,综合,2587,云南中医药大学,1,5,中医养生学,(不招色盲、色弱),不限,1,5,5500.0
海南,2025,本科批,综合,2587,云南中医药大学,1,1,中医学,(不招色盲、色弱),不限,1,5,6000.0
海南,2025,本科批,综合,2587,云南中医药大学,1,4,中医康复学,(不招色盲、色弱),不限,1,5,5500.0
海南,2025,本科批,综合,2587,云南中医药大学,1,3,中医骨伤科学,(不招色盲、色弱),不限,1,5,5500.0
海南,2025,本科批,综合,2587,云南中医药大学,3,12,中药资源与开发,(不招色盲、色弱),"物理,化学",1,4,5500.0
海南,2025,本科批,综合,2587,云南中医药大学,3,11,制药工程,(不招色盲、色弱),"物理,化学",1,4,5000.0
海南,2025,本科批,综合,2587,云南中医药大学,3,14,康复治疗学,(不招色盲、色弱),"物理,化学",1,4,5500.0
海南,2025,本科批,综合,2587,云南中医药大学,2,8,护理学,(不招色盲、色弱),化学,1,4,5500.0
海南,2025,本科批,综合,2587,云南中医药大学,3,9,生物制药,(不招色盲、色弱),"物理,化学",1,4,5000.0
海南,2025,本科批,综合,2587,云南中医药大学,3,10,药学,(不招色盲、色弱),"物理,化学",1,4,5500.0
海南,2025,本科批,综合,2587,云南中医药大学,3,13,药物制剂,(不招色盲、色弱),"物理,化学",1,4,5500.0
海南,2025,本科批,综合,2587,云南中医药大学,1,2,针灸推拿学,(不招色盲、色弱),不限,1,5,5500.0
海南,2025,本科批,综合,301,运城学院,2,9,新能源科学与工程,,"物理,化学",8,4,
海南,2025,本科批,综合,301,运城学院,2,8,电子科学与技术,(印制电路技术与工艺),"物理,化学",8,4,
海南,2025,本科批,综合,301,运城学院,1,4,学前教育,,不限,7,4,
海南,2025,本科批,综合,301,运城学院,1,3,小学教育,,不限,7,4,
海南,2025,本科批,综合,301,运城学院,2,10,机械电子工程,,"物理,化学",7,4,
海南,2025,本科批,综合,301,运城学院,2,11,机械设计制造及其自动化,,"物理,化学",7,4,
海南,2025,本科批,综合,301,运城学院,1,5,电子商务,,不限,7,4,
海南,2025,本科批,综合,301,运城学院,2,7,电子科学与技术,,"物理,化学",6,4,
海南,2025,本科批,综合,301,运城学院,2,6,电气工程及其自动化,,"物理,化学",6,4,
海南,2025,本科批,综合,301,运城学院,1,1,旅游管理,,不限,10,4,
海南,2025,本科批,综合,301,运城学院,1,2,酒店管理,,不限,10,4,
海南,2025,本科批,综合,1430,枣庄学院,1,1,旅游管理,,不限,5,4,5500.0
海南,2025,专科批,综合,1519,枣庄职业学院,1,5,分析检验技术,,不限,5,3,5750.0
海南,2025,专科批,综合,1519,枣庄职业学院,1,2,康复治疗技术,,不限,5,3,6600.0
海南,2025,专科批,综合,1519,枣庄职业学院,1,1,护理,,不限,5,3,6600.0
海南,2025,专科批,综合,1519,枣庄职业学院,80,3,汽车制造与试验技术,(中外合作办学)(与德国比勒费尔德中等企业应用技术大学合作),不限,5,3,15000.0
海南,2025,专科批,综合,1519,枣庄职业学院,81,4,口腔医学,,不限,10,3,6600.0
海南,2025,本科批,综合,2090,湛江科技学院,2,2,会计学,,不限,6,4,32000.0
海南,2025,本科批,综合,2090,湛江科技学院,2,3,小学教育,,不限,6,4,33800.0
海南,2025,本科批,综合,2090,湛江科技学院,3,6,机械设计制造及其自动化,,"物理,化学",4,4,33000.0
海南,2025,本科批,综合,2090,湛江科技学院,3,5,计算机科学与技术,,"物理,化学",4,4,33000.0
海南,2025,本科批,综合,2090,湛江科技学院,2,4,汉语言文学,,不限,3,4,33800.0
海南,2025,本科批,综合,2090,湛江科技学院,3,7,电气工程及其自动化,,"物理,化学",3,4,33000.0
海南,2025,专科批,综合,1948,张家界航空工业职业技术学院,1,2,飞机电子设备维修,,不限,3,3,5060.0
海南,2025,专科批,综合,1948,张家界航空工业职业技术学院,1,1,工业机器人技术,,不限,2,3,5060.0
海南,2025,专科批,综合,1264,漳州科技职业学院,1,2,护理,,不限,5,3,16000.0
海南,2025,专科批,综合,1264,漳州科技职业学院,1,7,药学,,不限,5,3,16000.0
海南,2025,专科批,综合,1264,漳州科技职业学院,1,8,计算机应用技术,,不限,5,3,16000.0
海南,2025,专科批,综合,1264,漳州科技职业学院,1,4,软件技术,,不限,5,3,16000.0
海南,2025,专科批,综合,1264,漳州科技职业学院,1,3,高速铁路客运服务,,不限,5,3,14000.0
海南,2025,专科批,综合,1264,漳州科技职业学院,1,5,人工智能技术应用,,不限,4,3,16000.0
海南,2025,专科批,综合,1264,漳州科技职业学院,1,1,工程造价,,不限,4,3,14000.0
海南,2025,专科批,综合,1264,漳州科技职业学院,1,9,康复治疗技术,,不限,4,3,16000.0
海南,2025,专科批,综合,1264,漳州科技职业学院,1,6,文化创意与策划,,不限,3,3,13000.0
海南,2025,专科批,综合,1265,漳州理工职业学院,1,1,人工智能技术应用,,不限,4,3,10500.0
海南,2025,专科批,综合,1265,漳州理工职业学院,1,6,数字媒体技术,,不限,4,3,10500.0
海南,2025,专科批,综合,1265,漳州理工职业学院,1,3,新能源汽车技术,,不限,4,3,11800.0
海南,2025,专科批,综合,1265,漳州理工职业学院,1,5,智能控制技术,,不限,4,3,10500.0
海南,2025,专科批,综合,1265,漳州理工职业学院,1,4,机电一体化技术,,不限,4,3,11800.0
海南,2025,专科批,综合,1265,漳州理工职业学院,1,2,软件技术,,不限,4,3,14800.0
海南,2025,本科批,综合,2691,长安大学,4,17,交通运输,,"物理,化学",4,4,6600.0
海南,2025,本科批,综合,2691,长安大学,4,20,土木类,(包含专业:土木工程、建筑环境与能源应用工程、给排水科学与工程),"物理,化学",3,4,6600.0
海南,2025,本科批,综合,2691,长安大学,4,13,机械类,(包含专业:智能制造工程、机械设计制造及其自动化、机械电子工程),"物理,化学",3,4,6600.0
海南,2025,本科批,综合,2691,长安大学,4,10,道路桥梁与渡河工程,,"物理,化学",3,4,6600.0
海南,2025,本科批,综合,2691,长安大学,4,18,交通工程,,"物理,化学",2,4,6600.0
海南,2025,本科批,综合,2691,长安大学,4,14,工程力学,,"物理,化学",2,4,6600.0
海南,2025,本科批,综合,2691,长安大学,4,19,材料类,(包含专业:材料科学与工程、材料成型及控制工程、新能源材料与器件、高分子材料与工程),"物理,化学",2,4,6600.0
海南,2025,本科批,综合,2691,长安大学,4,12,汽车服务工程,,"物理,化学",2,4,6600.0
海南,2025,本科批,综合,2691,长安大学,4,11,物流工程,,"物理,化学",2,4,5500.0
海南,2025,本科批,综合,2691,长安大学,2,4,物流管理,,不限,2,4,5500.0
海南,2025,本科批,综合,2691,长安大学,4,22,电子信息类,(包含专业:电子信息工程、通信工程、人工智能),"物理,化学",2,4,6600.0
海南,2025,本科批,综合,2691,长安大学,3,6,经济学类,(包含专业:经济统计学、国际经济与贸易),物理,2,4,5500.0
海南,2025,本科批,综合,2691,长安大学,3,5,大数据管理与应用,,物理,1,4,5500.0
海南,2025,本科批,综合,2691,长安大学,4,9,工科试验班,(智能车辆长安学堂计划)(包含专业:智能车辆工程),"物理,化学",1,4,6600.0
海南,2025,本科批,综合,2691,长安大学,4,16,工科试验班,(新能源长安学堂计划)(包含专业:新能源科学与工程),"物理,化学",1,4,6600.0
海南,2025,本科批,综合,2691,长安大学,4,21,工科试验班,(智慧建造长安学堂计划)(包含专业:土木工程),"物理,化学",1,4,6600.0
海南,2025,本科批,综合,2691,长安大学,3,7,工程管理,,物理,1,4,5500.0
海南,2025,本科批,综合,2691,长安大学,4,15,数学类,(包含专业:数学与应用数学、信息与计算科学),"物理,化学",1,4,6600.0
海南,2025,本科批,综合,2691,长安大学,4,23,测绘类,(包含专业:测绘工程、遥感科学与技术、地理空间信息工程),"物理,化学",1,4,6600.0
海南,2025,本科批,综合,2691,长安大学,4,8,道路桥梁与渡河工程,(茅以升班),"物理,化学",1,4,6600.0
海南,2025,国家专项,综合,2691,长安大学,1,2,地质工程,,"物理,化学",2,4,6600.0
海南,2025,国家专项,综合,2691,长安大学,1,1,地质学类,(包含专业:地质学、资源勘查工程、矿物加工工程、碳储科学与工程),"物理,化学",1,4,6600.0
海南,2025,国家专项,综合,2691,长安大学,1,3,水利类,(包含专业:水文与水资源工程、水利水电工程、地下水科学与工程),"物理,化学",1,4,6600.0
海南,2025,本科批,综合,591,长春财经学院,1,2,网络与新媒体,,不限,6,4,26000.0
海南,2025,本科批,综合,591,长春财经学院,1,4,会计学,,不限,4,4,26800.0
海南,2025,本科批,综合,591,长春财经学院,1,9,国际经济与贸易,,不限,4,4,26800.0
海南,2025,本科批,综合,591,长春财经学院,2,14,计算机科学与技术,,"物理,化学",4,4,26800.0
海南,2025,本科批,综合,591,长春财经学院,1,8,金融学,,不限,4,4,26800.0
海南,2025,本科批,综合,591,长春财经学院,2,13,人工智能,,"物理,化学",3,4,26800.0
海南,2025,本科批,综合,591,长春财经学院,1,11,审计学,,不限,3,4,26800.0
海南,2025,本科批,综合,591,长春财经学院,1,7,法学,,不限,3,4,26800.0
海南,2025,本科批,综合,591,长春财经学院,1,5,人力资源管理,,不限,2,4,26000.0
海南,2025,本科批,综合,591,长春财经学院,1,6,小学教育,,不限,2,4,26800.0
海南,2025,本科批,综合,591,长春财经学院,1,3,工商管理,,不限,2,4,26000.0
海南,2025,本科批,综合,591,长春财经学院,2,15,智能科学与技术,,"物理,化学",2,4,26800.0
海南,2025,本科批,综合,591,长春财经学院,1,1,经济学,,不限,2,4,26000.0
海南,2025,本科批,综合,591,长春财经学院,1,12,财务管理,,不限,2,4,26800.0
海南,2025,本科批,综合,591,长春财经学院,1,10,跨境电子商务,,不限,2,4,26000.0
海南,2025,本科批,综合,579,长春大学,2,8,光电信息材料与器件,,"物理,化学",2,4,5400.0
海南,2025,本科批,综合,579,长春大学,2,9,康复治疗学,,"物理,化学",2,4,5600.0
海南,2025,本科批,综合,579,长春大学,2,7,数学与应用数学,,"物理,化学",2,4,5000.0
海南,2025,本科批,综合,579,长春大学,2,2,机械工程,,"物理,化学",2,4,5940.0
海南,2025,本科批,综合,579,长春大学,2,5,自动化,,"物理,化学",2,4,5400.0
海南,2025,本科批,综合,579,长春大学,2,6,计算机科学与技术,,"物理,化学",2,4,5940.0
海南,2025,本科批,综合,579,长春大学,2,3,车辆工程,,"物理,化学",2,4,5940.0
海南,2025,本科批,综合,579,长春大学,2,4,通信工程,,"物理,化学",2,4,5940.0
海南,2025,本科批,综合,579,长春大学,1,1,金融学,,不限,2,4,4800.0
海南,2025,本科批,综合,579,长春大学,80,10,食品科学与工程,(中外合作办学)(与韩国启明大学合作办学),"物理,化学",2,4,40000.0
海南,2025,本科批,综合,597,长春大学旅游学院,1,1,旅游管理,,不限,6,4,26000.0
海南,2025,本科批,综合,597,长春大学旅游学院,1,2,酒店管理,,不限,5,4,25000.0
海南,2025,本科批,综合,597,长春大学旅游学院,1,5,会计学,,不限,3,4,26000.0
海南,2025,本科批,综合,597,长春大学旅游学院,1,3,文化产业管理,,不限,3,4,25000.0
海南,2025,本科批,综合,597,长春大学旅游学院,1,6,财务管理,,不限,3,4,26000.0
海南,2025,本科批,综合,597,长春大学旅游学院,1,4,金融学,,不限,3,4,26000.0
海南,2025,本科批,综合,597,长春大学旅游学院,1,8,俄语,,不限,2,4,25000.0
海南,2025,本科批,综合,597,长春大学旅游学院,2,9,工程管理,,物理,2,4,25000.0
海南,2025,本科批,综合,597,长春大学旅游学院,2,10,工程造价,,物理,2,4,25000.0
海南,2025,本科批,综合,597,长春大学旅游学院,3,12,数字媒体技术,,"物理,化学",2,4,26000.0
海南,2025,本科批,综合,597,长春大学旅游学院,1,7,日语,,不限,2,4,25000.0
海南,2025,本科批,综合,597,长春大学旅游学院,3,11,物联网工程,,"物理,化学",2,4,26000.0
海南,2025,本科批,综合,590,长春电子科技学院,2,15,电子信息科学与技术,,"物理,化学",6,4,26000.0
海南,2025,本科批,综合,590,长春电子科技学院,1,5,会计学,,不限,4,4,26000.0
海南,2025,本科批,综合,590,长春电子科技学院,2,6,光电信息科学与工程,(理学学位)(理学学位),"物理,化学",4,4,26000.0
海南,2025,本科批,综合,590,长春电子科技学院,2,8,光电信息科学与工程,(工学学位)(工学学位),"物理,化学",4,4,26000.0
海南,2025,本科批,综合,590,长春电子科技学院,1,1,国际经济与贸易,,不限,4,4,26000.0
海南,2025,本科批,综合,590,长春电子科技学院,1,2,市场营销,,不限,4,4,26000.0
海南,2025,本科批,综合,590,长春电子科技学院,2,10,机械设计制造及其自动化,,"物理,化学",4,4,26000.0
海南,2025,本科批,综合,590,长春电子科技学院,2,14,电气工程及其自动化,,"物理,化学",4,4,26000.0
海南,2025,本科批,综合,590,长春电子科技学院,2,19,数据科学与大数据技术,,"物理,化学",3,4,26000.0
海南,2025,本科批,综合,590,长春电子科技学院,1,3,汉语言文学,,不限,3,4,26000.0
海南,2025,本科批,综合,590,长春电子科技学院,2,18,物联网工程,,"物理,化学",3,4,26000.0
海南,2025,本科批,综合,590,长春电子科技学院,1,4,英语,,不限,3,4,26000.0
海南,2025,本科批,综合,590,长春电子科技学院,2,9,机器人工程,,"物理,化学",2,4,26000.0
海南,2025,本科批,综合,590,长春电子科技学院,2,7,机械电子工程,,"物理,化学",2,4,26000.0
海南,2025,本科批,综合,590,长春电子科技学院,2,11,测控技术与仪器,,"物理,化学",2,4,26000.0
海南,2025,本科批,综合,590,长春电子科技学院,2,12,电子信息工程,,"物理,化学",2,4,26000.0
海南,2025,本科批,综合,590,长春电子科技学院,2,16,计算机科学与技术,,"物理,化学",2,4,26000.0
海南,2025,本科批,综合,590,长春电子科技学院,2,17,软件工程,,"物理,化学",2,4,26000.0
海南,2025,本科批,综合,590,长春电子科技学院,2,13,通信工程,,"物理,化学",2,4,26000.0
海南,2025,本科批,综合,575,长春工程学院,2,10,能源与动力工程,,"物理,化学",5,4,5940.0
海南,2025,本科批,综合,575,长春工程学院,2,5,宝石及材料工艺学,,"物理,化学",4,4,5940.0
海南,2025,本科批,综合,575,长春工程学院,2,14,应急技术与管理,,"物理,化学",4,4,5400.0
海南,2025,本科批,综合,575,长春工程学院,2,3,电气工程及其自动化,,"物理,化学",4,4,5940.0
海南,2025,本科批,综合,575,长春工程学院,2,8,计算机科学与技术,,"物理,化学",4,4,5940.0
海南,2025,本科批,综合,575,长春工程学院,1,1,工程管理,,物理,3,4,4800.0
海南,2025,本科批,综合,575,长春工程学院,1,2,建筑学,,物理,3,5,5940.0
海南,2025,本科批,综合,575,长春工程学院,2,9,建筑环境与能源应用工程,,"物理,化学",3,4,5940.0
海南,2025,本科批,综合,575,长春工程学院,2,4,安全工程,,"物理,化学",2,4,5400.0
海南,2025,本科批,综合,575,长春工程学院,2,15,应用化学,,"物理,化学",2,4,5000.0
海南,2025,本科批,综合,575,长春工程学院,2,12,数据科学与大数据技术,,"物理,化学",2,4,5400.0
海南,2025,本科批,综合,575,长春工程学院,2,18,新能源科学与工程,,"物理,化学",2,4,5400.0
海南,2025,本科批,综合,575,长春工程学院,2,16,智能电网信息工程,,"物理,化学",2,4,5400.0
海南,2025,本科批,综合,575,长春工程学院,2,7,机械设计制造及其自动化,,"物理,化学",2,4,5940.0
海南,2025,本科批,综合,575,长春工程学院,2,13,水利水电工程,,"物理,化学",2,4,5940.0
海南,2025,本科批,综合,575,长春工程学院,2,17,环境工程,,"物理,化学",2,4,5400.0
海南,2025,本科批,综合,575,长春工程学院,2,6,电子信息工程,,"物理,化学",2,4,5940.0
海南,2025,本科批,综合,575,长春工程学院,2,11,软件工程,,"物理,化学",2,4,5940.0
海南,2025,本科批,综合,555,长春工业大学,1,15,会计学,,不限,3,4,4800.0
海南,2025,本科批,综合,555,长春工业大学,3,21,生物工程,,"物理,化学",3,4,5940.0
海南,2025,本科批,综合,555,长春工业大学,1,4,俄语,,不限,2,4,4600.0
海南,2025,本科批,综合,555,长春工业大学,1,9,公共事业管理,,不限,2,4,5280.0
海南,2025,本科批,综合,555,长春工业大学,1,14,工商管理,,不限,2,4,4800.0
海南,2025,本科批,综合,555,长春工业大学,1,6,广告学,,不限,2,4,6200.0
海南,2025,本科批,综合,555,长春工业大学,1,16,广播电视编导,,不限,2,4,6820.0
海南,2025,本科批,综合,555,长春工业大学,1,8,日语,,不限,2,4,4600.0
海南,2025,本科批,综合,555,长春工业大学,1,11,电子商务,,不限,2,4,5280.0
海南,2025,本科批,综合,555,长春工业大学,1,5,社会工作,,不限,2,4,4800.0
海南,2025,本科批,综合,555,长春工业大学,2,17,经济统计学,,物理,2,4,4800.0
海南,2025,本科批,综合,555,长春工业大学,1,13,网络与新媒体,,不限,2,4,6200.0
海南,2025,本科批,综合,555,长春工业大学,1,10,翻译,,不限,2,4,4600.0
海南,2025,本科批,综合,555,长春工业大学,1,1,英语,,不限,2,4,5060.0
海南,2025,本科批,综合,555,长春工业大学,1,7,行政管理,,不限,2,4,4800.0
海南,2025,本科批,综合,555,长春工业大学,1,2,金融学,,不限,2,4,5280.0
海南,2025,本科批,综合,555,长春工业大学,3,20,食品科学与工程,,"物理,化学",2,4,5940.0
海南,2025,本科批,综合,555,长春工业大学,3,18,人工智能,,"物理,化学",1,4,5400.0
海南,2025,本科批,综合,555,长春工业大学,1,12,国际经济与贸易,,不限,1,4,4800.0
海南,2025,本科批,综合,555,长春工业大学,3,19,数据科学与大数据技术,,"物理,化学",1,4,5400.0
海南,2025,本科批,综合,555,长春工业大学,1,3,法学,,不限,1,4,4800.0
海南,2025,本科批,综合,589,长春工业大学人文信息学院,1,15,法学,,不限,8,4,25000.0
海南,2025,本科批,综合,589,长春工业大学人文信息学院,1,3,人力资源管理,,不限,6,4,25000.0
海南,2025,本科批,综合,589,长春工业大学人文信息学院,1,5,会计学,,不限,6,4,25000.0
海南,2025,本科批,综合,589,长春工业大学人文信息学院,1,6,财务管理,,不限,6,4,25000.0
海南,2025,本科批,综合,589,长春工业大学人文信息学院,1,11,金融学,,不限,6,4,25000.0
海南,2025,本科批,综合,589,长春工业大学人文信息学院,1,9,市场营销,,不限,5,4,25000.0
海南,2025,本科批,综合,589,长春工业大学人文信息学院,1,7,电子商务,,不限,5,4,25000.0
海南,2025,本科批,综合,589,长春工业大学人文信息学院,3,29,制药工程,,"物理,化学",4,4,26000.0
海南,2025,本科批,综合,589,长春工业大学人文信息学院,1,1,工商管理,,不限,4,4,25000.0
海南,2025,本科批,综合,589,长春工业大学人文信息学院,2,17,工程管理,,物理,4,4,25000.0
海南,2025,本科批,综合,589,长春工业大学人文信息学院,2,16,工程造价,,物理,4,4,25000.0
海南,2025,本科批,综合,589,长春工业大学人文信息学院,1,2,物流管理,,不限,4,4,25000.0
海南,2025,本科批,综合,589,长春工业大学人文信息学院,3,26,人工智能,,"物理,化学",2,4,26000.0
海南,2025,本科批,综合,589,长春工业大学人文信息学院,3,31,土木工程,,"物理,化学",2,4,26000.0
海南,2025,本科批,综合,589,长春工业大学人文信息学院,3,21,新能源汽车工程,,"物理,化学",2,4,26000.0
海南,2025,本科批,综合,589,长春工业大学人文信息学院,3,20,智能制造工程,,"物理,化学",2,4,26000.0
海南,2025,本科批,综合,589,长春工业大学人文信息学院,3,32,智能建造,,"物理,化学",2,4,26000.0
海南,2025,本科批,综合,589,长春工业大学人文信息学院,3,22,智能车辆工程,,"物理,化学",2,4,26000.0
海南,2025,本科批,综合,589,长春工业大学人文信息学院,3,25,机器人工程,,"物理,化学",2,4,26000.0
海南,2025,本科批,综合,589,长春工业大学人文信息学院,3,18,机械工程,,"物理,化学",2,4,26000.0
海南,2025,本科批,综合,589,长春工业大学人文信息学院,3,19,机械设计制造及其自动化,,"物理,化学",2,4,26000.0
海南,2025,本科批,综合,589,长春工业大学人文信息学院,3,30,生物制药,,"物理,化学",2,4,26000.0
海南,2025,本科批,综合,589,长春工业大学人文信息学院,3,23,电气工程及其自动化,,"物理,化学",2,4,26000.0
海南,2025,本科批,综合,589,长春工业大学人文信息学院,3,27,计算机科学与技术,,"物理,化学",2,4,26000.0
海南,2025,本科批,综合,589,长春工业大学人文信息学院,3,24,轨道交通信号与控制,,"物理,化学",2,4,26000.0
海南,2025,本科批,综合,589,长春工业大学人文信息学院,3,28,软件工程,,"物理,化学",2,4,26000.0
海南,2025,本科批,综合,589,长春工业大学人文信息学院,1,4,供应链管理,,不限,10,4,25000.0
海南,2025,本科批,综合,589,长春工业大学人文信息学院,1,13,商务英语,,不限,10,4,25000.0
海南,2025,本科批,综合,589,长春工业大学人文信息学院,1,10,国际经济与贸易,,不限,10,4,25000.0
海南,2025,本科批,综合,589,长春工业大学人文信息学院,1,14,日语,,不限,10,4,25000.0
海南,2025,本科批,综合,589,长春工业大学人文信息学院,1,12,英语,,不限,10,4,25000.0
海南,2025,本科批,综合,589,长春工业大学人文信息学院,1,8,跨境电子商务,,不限,10,4,25000.0
海南,2025,本科批,综合,588,长春光华学院,1,3,会计学,,不限,6,4,25000.0
海南,2025,本科批,综合,588,长春光华学院,1,10,学前教育,,不限,5,4,26000.0
海南,2025,本科批,综合,588,长春光华学院,1,12,应用心理学,,不限,4,4,26000.0
海南,2025,本科批,综合,588,长春光华学院,1,7,旅游管理,,不限,4,4,25000.0
海南,2025,本科批,综合,588,长春光华学院,1,6,电子商务,,不限,4,4,25000.0
海南,2025,本科批,综合,588,长春光华学院,1,2,经济学,,不限,4,4,25000.0
海南,2025,本科批,综合,588,长春光华学院,2,14,人工智能,,"物理,化学",3,4,25000.0
海南,2025,本科批,综合,588,长春光华学院,2,17,计算机科学与技术,,"物理,化学",3,4,25000.0
海南,2025,本科批,综合,588,长春光华学院,1,4,工商管理,,不限,2,4,25000.0
海南,2025,本科批,综合,588,长春光华学院,1,5,市场营销,,不限,2,4,25000.0
海南,2025,本科批,综合,588,长春光华学院,2,18,数字媒体技术,,"物理,化学",2,4,25000.0
海南,2025,本科批,综合,588,长春光华学院,1,9,新闻学,,不限,2,4,25000.0
海南,2025,本科批,综合,588,长春光华学院,2,13,机器人工程,,"物理,化学",2,4,25000.0
海南,2025,本科批,综合,588,长春光华学院,2,15,机械设计制造及其自动化,,"物理,化学",2,4,25000.0
海南,2025,本科批,综合,588,长春光华学院,2,16,电气工程及其自动化,,"物理,化学",2,4,25000.0
海南,2025,本科批,综合,588,长春光华学院,1,8,英语,,不限,2,4,25000.0
海南,2025,本科批,综合,588,长春光华学院,1,11,小学教育,,不限,11,4,26000.0
海南,2025,本科批,综合,588,长春光华学院,1,1,汉语言文学,,不限,10,4,25000.0
海南,2025,本科批,综合,593,长春建筑学院,1,4,健康服务与管理,,不限,5,4,25000.0
海南,2025,本科批,综合,593,长春建筑学院,1,2,城乡规划,,不限,5,5,26000.0
海南,2025,本科批,综合,593,长春建筑学院,1,5,工商管理,,不限,5,4,25000.0
海南,2025,本科批,综合,593,长春建筑学院,2,10,工程造价,,物理,5,4,26000.0
海南,2025,本科批,综合,593,长春建筑学院,1,1,建筑学,,不限,5,5,26000.0
海南,2025,本科批,综合,593,长春建筑学院,1,7,文化产业管理,,不限,5,4,25000.0
海南,2025,本科批,综合,593,长春建筑学院,1,6,财务管理,,不限,5,4,25000.0
海南,2025,本科批,综合,593,长春建筑学院,2,8,工程管理,,物理,4,4,25000.0
海南,2025,本科批,综合,593,长春建筑学院,3,12,计算机科学与技术,,"物理,化学",4,4,25000.0
海南,2025,本科批,综合,593,长春建筑学院,1,3,风景园林,,不限,4,4,25000.0
海南,2025,本科批,综合,593,长春建筑学院,2,9,房地产开发与管理,,物理,3,4,25000.0
海南,2025,本科批,综合,593,长春建筑学院,3,13,土木工程,,"物理,化学",2,4,26000.0
海南,2025,本科批,综合,593,长春建筑学院,3,16,数字媒体技术,,"物理,化学",2,4,25000.0
海南,2025,本科批,综合,593,长春建筑学院,3,11,电气工程及其自动化,,"物理,化学",2,4,25000.0
海南,2025,本科批,综合,593,长春建筑学院,3,15,自动化,,"物理,化学",2,4,25000.0
海南,2025,本科批,综合,593,长春建筑学院,3,14,通信工程,,"物理,化学",2,4,25000.0
海南,2025,专科批,综合,611,长春健康职业学院,1,2,护理,,不限,3,3,13600.0
海南,2025,专科批,综合,611,长春健康职业学院,1,1,中医康复技术,,不限,2,3,13600.0
海南,2025,专科批,综合,577,长春金融高等专科学校,1,5,计算机应用技术,,不限,2,3,5000.0
海南,2025,专科批,综合,577,长春金融高等专科学校,1,2,国际金融,,不限,1,3,5000.0
海南,2025,专科批,综合,577,长春金融高等专科学校,1,4,大数据与财务管理,,不限,1,3,5000.0
海南,2025,专科批,综合,577,长春金融高等专科学校,1,3,资产评估与管理,,不限,1,3,4000.0
海南,2025,专科批,综合,577,长春金融高等专科学校,1,1,金融服务与管理,,不限,1,3,5000.0
海南,2025,本科批,综合,594,长春科技学院,2,3,网络与新媒体,,不限,8,4,28000.0
海南,2025,本科批,综合,594,长春科技学院,2,5,中医学,,不限,4,5,39000.0
海南,2025,本科批,综合,594,长春科技学院,5,12,护理学,,生物,4,4,28000.0
海南,2025,本科批,综合,594,长春科技学院,4,9,计算机类,(包含专业:计算机科学与技术、网络工程、数据科学与大数据技术),"物理,化学",4,4,28000.0
海南,2025,本科批,综合,594,长春科技学院,3,7,数字经济,,物理,3,4,28000.0
海南,2025,本科批,综合,594,长春科技学院,2,6,小学教育,,不限,22,4,27000.0
海南,2025,本科批,综合,594,长春科技学院,4,11,动物医学,,"物理,化学",2,5,28000.0
海南,2025,本科批,综合,594,长春科技学院,4,8,新能源汽车工程,,"物理,化学",2,4,28000.0
海南,2025,本科批,综合,594,长春科技学院,4,10,机械设计制造及其自动化,,"物理,化学",2,4,26000.0
海南,2025,本科批,综合,594,长春科技学院,2,4,电子商务,,不限,2,4,26000.0
海南,2025,本科批,综合,553,长春理工大学,2,15,功能材料,,"物理,化学",4,4,5940.0
海南,2025,本科批,综合,553,长春理工大学,1,4,汉语言文学,,不限,3,4,5060.0
海南,2025,本科批,综合,553,长春理工大学,2,10,光电信息科学与工程,"(工学方向)(工学方向,授工学学位)","物理,化学",2,4,5940.0
海南,2025,本科批,综合,553,长春理工大学,1,2,日语,,不限,2,4,4600.0
海南,2025,本科批,综合,553,长春理工大学,1,5,汉语国际教育,,不限,2,4,4600.0
海南,2025,本科批,综合,553,长春理工大学,2,18,环境工程,,"物理,化学",2,4,5400.0
海南,2025,本科批,综合,553,长春理工大学,2,17,生物医学工程,,"物理,化学",2,4,5940.0
海南,2025,本科批,综合,553,长春理工大学,2,11,电子信息工程,,"物理,化学",2,4,5940.0
海南,2025,本科批,综合,553,长春理工大学,1,6,网络与新媒体,,不限,2,4,6820.0
海南,2025,本科批,综合,553,长春理工大学,2,13,信息安全,,"物理,化学",1,4,5400.0
海南,2025,本科批,综合,553,长春理工大学,80,8,光电信息科学与工程,"(理学方向)(理学方向,授理学学位)","物理,化学",1,4,5940.0
海南,2025,本科批,综合,553,长春理工大学,2,16,化学工程与工艺,,"物理,化学",1,4,5940.0
海南,2025,本科批,综合,553,长春理工大学,1,1,工商管理类,(包含专业:工商管理、会计学),不限,1,4,4800.0
海南,2025,本科批,综合,553,长春理工大学,80,7,应用物理学,,"物理,化学",1,4,5500.0
海南,2025,本科批,综合,553,长春理工大学,2,14,数据科学与大数据技术,,"物理,化学",1,4,5400.0
海南,2025,本科批,综合,553,长春理工大学,2,9,测控技术与仪器,,"物理,化学",1,4,5940.0
海南,2025,本科批,综合,553,长春理工大学,1,3,社会工作,,不限,1,4,5280.0
海南,2025,本科批,综合,553,长春理工大学,2,12,计算机科学与技术,,"物理,化学",1,4,5940.0
海南,2025,本科批,综合,574,长春汽车职业技术大学,1,3,新能源汽车工程技术,,物理,1,4,8800.0
海南,2025,本科批,综合,574,长春汽车职业技术大学,1,4,智能网联汽车工程技术,,物理,1,4,8800.0
海南,2025,本科批,综合,574,长春汽车职业技术大学,1,2,机器人技术,,物理,1,4,8800.0
海南,2025,本科批,综合,574,长春汽车职业技术大学,1,1,机械设计制造及自动化,,物理,1,4,8800.0
海南,2025,本科批,综合,574,长春汽车职业技术大学,1,5,汽车服务工程技术,,物理,1,4,8800.0
海南,2025,本科批,综合,574,长春汽车职业技术大学,1,6,物流工程技术,,物理,1,4,8800.0
海南,2025,本科批,综合,598,长春人文学院,1,9,汉语言文学,,不限,8,4,25000.0
海南,2025,本科批,综合,598,长春人文学院,2,16,康复治疗学,,"物理,化学",6,4,25000.0
海南,2025,本科批,综合,598,长春人文学院,2,13,计算机科学与技术,,"物理,化学",5,4,25000.0
海南,2025,本科批,综合,598,长春人文学院,1,6,会计学,,不限,4,4,25000.0
海南,2025,本科批,综合,598,长春人文学院,1,7,学前教育,,不限,4,4,25000.0
海南,2025,本科批,综合,598,长春人文学院,1,4,工商管理,,不限,3,4,25000.0
海南,2025,本科批,综合,598,长春人文学院,1,3,俄语,,不限,2,4,25000.0
海南,2025,本科批,综合,598,长春人文学院,1,8,健康服务与管理,,不限,2,4,25000.0
海南,2025,本科批,综合,598,长春人文学院,2,14,数字媒体技术,,"物理,化学",2,4,25000.0
海南,2025,本科批,综合,598,长春人文学院,2,15,数学与应用数学,,"物理,化学",2,4,25000.0
海南,2025,本科批,综合,598,长春人文学院,1,2,日语,,不限,2,4,25000.0
海南,2025,本科批,综合,598,长春人文学院,1,10,法学,,不限,2,4,25000.0
海南,2025,本科批,综合,598,长春人文学院,1,11,社会工作,,不限,2,4,25000.0
海南,2025,本科批,综合,598,长春人文学院,1,1,英语,,不限,2,4,25000.0
海南,2025,本科批,综合,598,长春人文学院,1,5,金融学,,不限,2,4,25000.0
海南,2025,本科批,综合,598,长春人文学院,2,12,护理学,,"物理,化学",12,4,25000.0
海南,2025,本科批,综合,565,长春师范大学,1,2,化学,(不招色盲、色弱),"物理,化学",3,4,5500.0
海南,2025,本科批,综合,565,长春师范大学,1,4,数学与应用数学,,"物理,化学",3,4,5500.0
海南,2025,本科批,综合,565,长春师范大学,2,6,汉语言文学,,历史,3,4,5060.0
海南,2025,本科批,综合,565,长春师范大学,2,5,历史学,,历史,2,4,5060.0
海南,2025,本科批,综合,565,长春师范大学,1,3,生物科学,,"物理,化学",2,4,5500.0
海南,2025,本科批,综合,565,长春师范大学,1,1,计算机科学与技术,,"物理,化学",2,4,5940.0
海南,2025,专科批,综合,580,长春医学高等专科学校,1,3,临床医学,(不招色盲、色弱),不限,3,3,6500.0
海南,2025,专科批,综合,580,长春医学高等专科学校,1,1,口腔医学,(不招色盲、色弱),不限,3,3,6500.0
海南,2025,专科批,综合,580,长春医学高等专科学校,1,4,康复治疗技术,(不招色盲、色弱),不限,2,3,6000.0
海南,2025,专科批,综合,580,长春医学高等专科学校,1,2,护理,(不招色盲、色弱),不限,2,3,6500.0
海南,2025,本科批,综合,559,长春中医药大学,1,2,针灸推拿学,(不招色盲、色弱),不限,5,5,6160.0
海南,2025,本科批,综合,559,长春中医药大学,1,3,中医养生学,(不招色盲、色弱),不限,4,5,5600.0
海南,2025,本科批,综合,559,长春中医药大学,2,6,临床医学,(不招色盲、色弱),"物理,化学",4,5,6160.0
海南,2025,本科批,综合,559,长春中医药大学,2,7,药学,(不招色盲、色弱),"物理,化学",4,4,6160.0
海南,2025,本科批,综合,559,长春中医药大学,2,8,中药资源与开发,(不招色盲、色弱),"物理,化学",3,4,6160.0
海南,2025,本科批,综合,559,长春中医药大学,1,1,中医学,(不招色盲、色弱),不限,2,5,6160.0
海南,2025,本科批,综合,559,长春中医药大学,2,10,中药学,(不招色盲、色弱),"物理,化学",2,4,6160.0
海南,2025,本科批,综合,559,长春中医药大学,2,9,制药工程,(不招色盲、色弱),"物理,化学",2,4,5940.0
海南,2025,本科批,综合,559,长春中医药大学,2,11,康复治疗学,(不招色盲、色弱),"物理,化学",2,4,6160.0
海南,2025,本科批,综合,559,长春中医药大学,1,4,中医学,(5+3一体化)(不招色盲、色弱),不限,1,5,6160.0
海南,2025,本科批,综合,559,长春中医药大学,2,5,医学信息工程,,"物理,化学",1,4,5400.0
海南,2025,本科批,综合,1739,长江大学,81,18,土木工程,(中外合作办学)(与爱尔兰香农理工大学合作举办),"物理,化学",6,4,35000.0
海南,2025,本科批,综合,1739,长江大学,82,19,电气工程及其自动化,(中外合作办学),"物理,化学",5,4,60000.0
海南,2025,本科批,综合,1739,长江大学,2,14,动物医学类,(包含专业:动物医学(含教育部卓越农林人才教育培养计划)、动物科学(动物生物信息与大数据)),"物理,化学",2,4,
海南,2025,本科批,综合,1739,长江大学,2,17,医学技术类,(包含专业:医学影像技术、医学检验技术；不招色盲),"物理,化学",2,4,
海南,2025,本科批,综合,1739,长江大学,3,20,园林,(含教育部卓越农林人才计划),生物,2,4,
海南,2025,本科批,综合,1739,长江大学,2,12,园艺,(现代园艺),"物理,化学",2,4,
海南,2025,本科批,综合,1739,长江大学,2,11,地理信息科学,"(含省支柱产业人才计划)(大一在荆州校区,大二至大四在武汉校区)","物理,化学",2,4,
海南,2025,本科批,综合,1739,长江大学,1,4,城乡规划,(国土空间规划、绿色建筑)(不招色盲),不限,2,5,
海南,2025,本科批,综合,1739,长江大学,2,15,生物科学类,(包含专业:生物技术(湖北省战略性新兴产业人才培养计划)、生物工程(含国家卓越工程师培养计划)),"物理,化学",2,4,
海南,2025,本科批,综合,1739,长江大学,1,2,经济学类,(含荆楚卓越协同育人计划)(包含专业:国际经济与贸易、经济学、农林经济管理),不限,2,4,
海南,2025,本科批,综合,1739,长江大学,1,1,网络与新媒体,,不限,2,4,
海南,2025,本科批,综合,1739,长江大学,2,5,资源环境大数据工程,"(大一在荆州校区,大二至大四在武汉校区)","物理,化学",2,4,
海南,2025,本科批,综合,1739,长江大学,2,16,食品科学与工程,(含国家卓越工程师培养计划),"物理,化学",2,4,
海南,2025,本科批,综合,1739,长江大学,2,6,化学,(师范)(不招色盲),"物理,化学",1,4,
海南,2025,本科批,综合,1739,长江大学,2,7,化学工程与工艺,(国家级特色专业)(不招色盲),"物理,化学",1,4,
海南,2025,本科批,综合,1739,长江大学,2,13,智慧农业,,"物理,化学",1,4,
海南,2025,本科批,综合,1739,长江大学,2,8,机械类,(包含专业:机器人工程、机械设计制造及其自动化(教育部卓越工程师、省支柱产业人才培养计划)、材料成型及控制工程),"物理,化学",1,4,
海南,2025,本科批,综合,1739,长江大学,1,3,法学,(含社会治理法、知产法、数字法方向),不限,1,4,
海南,2025,本科批,综合,1739,长江大学,80,9,电气工程及其自动化,(卓越班),"物理,化学",1,4,
海南,2025,本科批,综合,1739,长江大学,2,10,计算机类,(包含专业:计算机科学与技术、网络工程、软件工程、智能科学与技术),"物理,化学",1,4,
海南,2025,本科批,综合,1822,长江大学文理学院,4,6,护理学,,化学,5,4,16000.0
海南,2025,本科批,综合,1822,长江大学文理学院,6,8,思想政治教育,,政治,3,4,15000.0
海南,2025,本科批,综合,1822,长江大学文理学院,3,5,金融学类,(包含专业:金融学、国际经济与贸易),不限,3,4,15000.0
海南,2025,本科批,综合,1822,长江大学文理学院,3,4,外国语言文学类,(包含专业:英语(师范类)、英语(英日或英韩)、商务英语),不限,2,4,16500.0
海南,2025,本科批,综合,1822,长江大学文理学院,5,7,机械设计制造及其自动化,,"物理,化学",2,4,17000.0
海南,2025,本科批,综合,1822,长江大学文理学院,3,3,法学,,不限,2,4,15000.0
海南,2025,专科批,综合,1836,长江工程职业技术学院,1,2,工业机器人技术,,不限,6,3,5000.0
海南,2025,专科批,综合,1836,长江工程职业技术学院,1,1,工程造价,,不限,6,3,5000.0
海南,2025,专科批,综合,1836,长江工程职业技术学院,1,3,市政工程技术,,不限,4,3,5000.0
海南,2025,专科批,综合,1836,长江工程职业技术学院,1,4,水利水电建筑工程,,不限,4,3,5000.0
海南,2025,本科批,综合,2294,长江师范学院,80,2,环境科学与工程类,(包含专业:环境科学、环境生态工程),"物理,化学",5,4,4625.0
海南,2025,本科批,综合,2294,长江师范学院,2,4,园艺,(不招色盲),"物理,化学",4,4,4625.0
海南,2025,本科批,综合,2294,长江师范学院,2,5,生物工程,(不招色盲),"物理,化学",2,4,4625.0
海南,2025,本科批,综合,2294,长江师范学院,2,3,食品科学与工程,(不招色盲),"物理,化学",2,4,4625.0
海南,2025,专科批,综合,1861,长江艺术工程职业学院,1,1,大数据技术,,不限,3,3,12800.0
海南,2025,专科批,综合,1861,长江艺术工程职业学院,1,6,护理,,不限,3,3,12800.0
海南,2025,专科批,综合,1861,长江艺术工程职业学院,1,5,无人机应用技术,,不限,3,3,11800.0
海南,2025,专科批,综合,1861,长江艺术工程职业学院,1,4,服装设计与工艺,,不限,3,3,11800.0
海南,2025,专科批,综合,1861,长江艺术工程职业学院,1,3,物联网应用技术,,不限,3,3,11800.0
海南,2025,专科批,综合,1861,长江艺术工程职业学院,1,9,现代物流管理,,不限,3,3,11800.0
海南,2025,专科批,综合,1861,长江艺术工程职业学院,1,8,电子商务,,不限,3,3,11800.0
海南,2025,专科批,综合,1861,长江艺术工程职业学院,1,7,统计与会计核算,,不限,3,3,11800.0
海南,2025,专科批,综合,1861,长江艺术工程职业学院,1,2,计算机应用技术,,不限,3,3,12800.0
海南,2025,专科批,综合,1861,长江艺术工程职业学院,1,10,金融服务与管理,,不限,3,3,11800.0
海南,2025,专科批,综合,1977,长沙电力职业技术学院,1,3,分布式发电与智能微电网技术,,不限,2,3,4600.0
海南,2025,专科批,综合,1977,长沙电力职业技术学院,1,6,发电运行技术,,不限,2,3,5000.0
海南,2025,专科批,综合,1977,长沙电力职业技术学院,1,5,热能动力工程技术,,不限,2,3,4600.0
海南,2025,专科批,综合,1977,长沙电力职业技术学院,1,2,输配电工程技术,(只招男生),不限,2,3,4600.0
海南,2025,专科批,综合,1977,长沙电力职业技术学院,1,4,发电厂及电力系统,,不限,1,3,4600.0
海南,2025,专科批,综合,1977,长沙电力职业技术学院,1,1,电力系统自动化技术,(新型电力系统方向),不限,1,3,4600.0
海南,2025,本科批,综合,1934,长沙工业学院,2,5,新能源汽车工程,,"物理,化学",3,4,4800.0
海南,2025,本科批,综合,1934,长沙工业学院,1,2,会计学,,不限,2,4,4000.0
海南,2025,本科批,综合,1934,长沙工业学院,2,8,数学与应用数学,,"物理,化学",2,4,3800.0
海南,2025,本科批,综合,1934,长沙工业学院,2,6,数据科学与大数据技术,,"物理,化学",2,4,4800.0
海南,2025,本科批,综合,1934,长沙工业学院,1,3,电子商务,,不限,2,4,4000.0
海南,2025,本科批,综合,1934,长沙工业学院,2,7,虚拟现实技术,,"物理,化学",2,4,4800.0
海南,2025,本科批,综合,1934,长沙工业学院,2,4,通信工程,,"物理,化学",2,4,4800.0
海南,2025,本科批,综合,1934,长沙工业学院,1,1,金融学,,不限,2,4,4000.0
海南,2025,专科提前批(面试),综合,1911,长沙航空职业技术学院,1,1,导弹维修技术,(空军)(只招男生；定向培养军士；考生须参加体检、政治考核并且合格),不限,5,3,7850.0
海南,2025,专科提前批(面试),综合,1911,长沙航空职业技术学院,1,3,应用电子技术,(火箭军)(男生)(只招男生；定向培养军士；考生须参加体检、政治考核并且合格),不限,3,3,7850.0
海南,2025,专科提前批(面试),综合,1911,长沙航空职业技术学院,1,2,应用电子技术,(火箭军)(女生)(只招女生；定向培养军士；考生须参加体检、政治考核并且合格),不限,2,3,7850.0
海南,2025,专科批,综合,1911,长沙航空职业技术学院,2,16,民航安全技术管理,"(就业岗位要求无色盲、色弱,色盲、色弱考生慎重报考)",不限,6,3,4600.0
海南,2025,专科批,综合,1911,长沙航空职业技术学院,2,15,民航运输服务,"(就业岗位要求无色盲、色弱,色盲、色弱考生慎重报考)",不限,4,3,4600.0
海南,2025,专科批,综合,1911,长沙航空职业技术学院,2,6,通用航空器维修,"(就业岗位要求无色盲、色弱,色盲、色弱考生慎重报考)",不限,4,3,5060.0
海南,2025,专科批,综合,1911,长沙航空职业技术学院,2,11,飞行器数字化制造技术,"(就业岗位要求无色盲、色弱,色盲、色弱考生慎重报考)",不限,4,3,5060.0
海南,2025,专科批,综合,1911,长沙航空职业技术学院,2,13,数控技术,"(就业岗位要求无色盲、色弱,色盲、色弱考生慎重报考)",不限,3,3,5060.0
海南,2025,专科批,综合,1911,长沙航空职业技术学院,2,14,智能焊接技术,"(就业岗位要求无色盲、色弱,色盲、色弱考生慎重报考)",不限,3,3,5060.0
海南,2025,专科批,综合,1911,长沙航空职业技术学院,2,12,机电一体化技术,"(就业岗位要求无色盲、色弱,色盲、色弱考生慎重报考)",不限,3,3,5060.0
海南,2025,专科批,综合,1911,长沙航空职业技术学院,2,4,飞行器维修技术,"(就业岗位要求无色盲、色弱,色盲、色弱考生慎重报考)",不限,3,3,5060.0
海南,2025,专科批,综合,1911,长沙航空职业技术学院,2,8,应用电子技术,"(就业岗位要求无色盲、色弱,色盲、色弱考生慎重报考)",不限,2,3,5060.0
海南,2025,专科批,综合,1911,长沙航空职业技术学院,2,7,理化测试与质检技术,"(就业岗位要求无色盲、色弱,色盲、色弱考生慎重报考)",不限,2,3,5060.0
海南,2025,专科批,综合,1911,长沙航空职业技术学院,2,9,电气自动化技术,"(就业岗位要求无色盲、色弱,色盲、色弱考生慎重报考)",不限,2,3,4600.0
海南,2025,专科批,综合,1911,长沙航空职业技术学院,2,10,航空发动机制造技术,"(就业岗位要求无色盲、色弱,色盲、色弱考生慎重报考)",不限,2,3,5060.0
海南,2025,专科批,综合,1911,长沙航空职业技术学院,2,5,航空发动机维修技术,"(就业岗位要求无色盲、色弱,色盲、色弱考生慎重报考)",不限,2,3,5060.0
海南,2025,专科批,综合,1949,长沙环境保护职业技术学院,1,2,环境工程技术,,不限,5,3,5060.0
海南,2025,专科批,综合,1949,长沙环境保护职业技术学院,1,1,环境监测技术,,不限,5,3,5060.0
海南,2025,本科批,综合,1880,长沙理工大学,3,13,电气工程及其自动化,,"物理,化学",7,4,5900.0
海南,2025,本科批,综合,1880,长沙理工大学,1,4,会计学,,不限,3,4,5000.0
海南,2025,本科批,综合,1880,长沙理工大学,3,19,土木工程,,"物理,化学",3,4,5900.0
海南,2025,本科批,综合,1880,长沙理工大学,3,10,智能制造工程,,"物理,化学",3,4,5900.0
海南,2025,本科批,综合,1880,长沙理工大学,3,18,计算机科学与技术,,"物理,化学",3,4,5900.0
海南,2025,本科批,综合,1880,长沙理工大学,3,21,道路桥梁与渡河工程,,"物理,化学",3,4,5900.0
海南,2025,本科批,综合,1880,长沙理工大学,3,27,交通运输,,"物理,化学",2,4,5900.0
海南,2025,本科批,综合,1880,长沙理工大学,2,8,工程管理,,物理,2,4,5900.0
海南,2025,本科批,综合,1880,长沙理工大学,3,9,应用化学,,"物理,化学",2,4,5900.0
海南,2025,本科批,综合,1880,长沙理工大学,1,6,建筑学,,不限,2,5,5900.0
海南,2025,本科批,综合,1880,长沙理工大学,3,20,建筑环境与能源应用工程,,"物理,化学",2,4,5900.0
海南,2025,本科批,综合,1880,长沙理工大学,2,7,数字经济,,物理,2,4,5000.0
海南,2025,本科批,综合,1880,长沙理工大学,3,11,新能源材料与器件,,"物理,化学",2,4,5900.0
海南,2025,本科批,综合,1880,长沙理工大学,3,12,新能源科学与工程,,"物理,化学",2,4,5900.0
海南,2025,本科批,综合,1880,长沙理工大学,3,22,智能建造,,"物理,化学",2,4,5900.0
海南,2025,本科批,综合,1880,长沙理工大学,3,14,智能电网信息工程,,"物理,化学",2,4,5900.0
海南,2025,本科批,综合,1880,长沙理工大学,3,23,水利水电工程,,"物理,化学",2,4,5900.0
海南,2025,本科批,综合,1880,长沙理工大学,3,24,水文与水资源工程,,"物理,化学",2,4,5900.0
海南,2025,本科批,综合,1880,长沙理工大学,1,2,汉语言文学,,不限,2,4,4500.0
海南,2025,本科批,综合,1880,长沙理工大学,1,1,法学,,不限,2,4,5000.0
海南,2025,本科批,综合,1880,长沙理工大学,3,25,测绘工程,,"物理,化学",2,4,5900.0
海南,2025,本科批,综合,1880,长沙理工大学,3,31,港口航道与海岸工程,(创新班),"物理,化学",2,4,5900.0
海南,2025,本科批,综合,1880,长沙理工大学,3,29,环境工程,,"物理,化学",2,4,5900.0
海南,2025,本科批,综合,1880,长沙理工大学,3,16,电子信息科学与技术,,"物理,化学",2,4,4500.0
海南,2025,本科批,综合,1880,长沙理工大学,3,17,自动化,,"物理,化学",2,4,5900.0
海南,2025,本科批,综合,1880,长沙理工大学,3,28,船舶与海洋工程,,"物理,化学",2,4,5900.0
海南,2025,本科批,综合,1880,长沙理工大学,1,3,英语,,不限,2,4,4500.0
海南,2025,本科批,综合,1880,长沙理工大学,1,5,财务管理,,不限,2,4,5000.0
海南,2025,本科批,综合,1880,长沙理工大学,3,26,轻化工程,,"物理,化学",2,4,5900.0
海南,2025,本科批,综合,1880,长沙理工大学,3,15,通信工程,,"物理,化学",2,4,5900.0
海南,2025,本科批,综合,1880,长沙理工大学,3,30,食品科学与工程,,"物理,化学",2,4,5900.0
海南,2025,专科批,综合,1896,长沙民政职业技术学院,1,10,商务英语,,不限,3,3,3520.0
海南,2025,专科批,综合,1896,长沙民政职业技术学院,1,9,传播与策划,,不限,2,3,5500.0
海南,2025,专科批,综合,1896,长沙民政职业技术学院,1,11,商务日语,,不限,2,3,3200.0
海南,2025,专科批,综合,1896,长沙民政职业技术学院,1,5,护理,,不限,2,3,5460.0
海南,2025,专科批,综合,1896,长沙民政职业技术学院,1,8,旅游管理,(韩语方向),不限,2,3,4600.0
海南,2025,专科批,综合,1896,长沙民政职业技术学院,1,1,机电一体化技术,,不限,2,3,5060.0
海南,2025,专科批,综合,1896,长沙民政职业技术学院,1,12,民政服务与管理,,不限,2,3,3850.0
海南,2025,专科批,综合,1896,长沙民政职业技术学院,1,2,物联网应用技术,,不限,2,3,4600.0
海南,2025,专科批,综合,1896,长沙民政职业技术学院,1,7,电子商务,,不限,2,3,3850.0
海南,2025,专科批,综合,1896,长沙民政职业技术学院,1,3,软件技术,(企业信息化管理方向),不限,2,3,7800.0
海南,2025,专科批,综合,1896,长沙民政职业技术学院,1,4,软件技术,(大数据应用开发方向),不限,2,3,7800.0
海南,2025,专科批,综合,1896,长沙民政职业技术学院,1,6,金融服务与管理,,不限,2,3,3500.0
海南,2025,专科批,综合,1957,长沙南方职业学院,1,3,新能源汽车技术,,不限,6,3,16800.0
海南,2025,专科批,综合,1957,长沙南方职业学院,1,7,电子商务,,不限,6,3,16800.0
海南,2025,专科批,综合,1957,长沙南方职业学院,1,4,高速铁路客运服务,"(男生身高172cm以上,女生身高162cm以上,形象仪表尚佳)",不限,6,3,15600.0
海南,2025,专科批,综合,1957,长沙南方职业学院,1,6,大数据与会计,,不限,5,3,15600.0
海南,2025,专科批,综合,1957,长沙南方职业学院,1,1,建筑消防技术,,不限,5,3,16800.0
海南,2025,专科批,综合,1957,长沙南方职业学院,1,8,旅游管理,,不限,5,3,15600.0
海南,2025,专科批,综合,1957,长沙南方职业学院,1,2,机械制造及自动化,,不限,5,3,16800.0
海南,2025,专科批,综合,1957,长沙南方职业学院,1,5,计算机网络技术,,不限,5,3,16800.0
海南,2025,专科批,综合,1929,长沙商贸旅游职业技术学院,1,1,烹饪工艺与营养,,不限,5,3,5060.0
海南,2025,本科批,综合,1966,长沙师范学院,1,1,学前教育,,不限,2,4,4000.0
海南,2025,本科批,综合,1966,长沙师范学院,1,2,汉语言文学,,不限,2,4,4000.0
海南,2025,本科批,综合,1966,长沙师范学院,2,3,物理学,,"物理,化学",2,4,4000.0
海南,2025,专科批,综合,1992,长沙卫生职业学院,1,4,护理,"(女生身高158cm以下,男生身高172cm以下慎报)",不限,6,3,5460.0
海南,2025,专科批,综合,1992,长沙卫生职业学院,1,1,临床医学,,不限,5,3,5460.0
海南,2025,专科批,综合,1992,长沙卫生职业学院,1,2,口腔医学,,不限,3,3,5460.0
海南,2025,专科批,综合,1992,长沙卫生职业学院,1,3,药学,,不限,2,3,5460.0
海南,2025,本科批,综合,1900,长沙学院,2,6,旅游管理,,不限,4,4,5000.0
海南,2025,本科批,综合,1900,长沙学院,3,11,信息与计算科学,,"物理,化学",2,4,4500.0
海南,2025,本科批,综合,1900,长沙学院,2,5,公共事业管理,,不限,2,4,5000.0
海南,2025,本科批,综合,1900,长沙学院,80,10,应用化学,(不招色觉异常考生),"物理,化学",2,4,5900.0
海南,2025,本科批,综合,1900,长沙学院,4,12,思想政治教育,,政治,2,4,5000.0
海南,2025,本科批,综合,1900,长沙学院,2,4,日语,,不限,2,4,4500.0
海南,2025,本科批,综合,1900,长沙学院,3,7,智能制造工程,,"物理,化学",2,4,5900.0
海南,2025,本科批,综合,1900,长沙学院,3,8,材料成型及控制工程,,"物理,化学",2,4,5900.0
海南,2025,本科批,综合,1900,长沙学院,3,9,电气工程及其自动化,,"物理,化学",2,4,5900.0
海南,2025,本科批,综合,1895,长沙医学院,2,22,药学,,"物理,化学",5,4,39819.0
海南,2025,本科批,综合,1895,长沙医学院,2,26,医学检验技术,,"物理,化学",4,4,39819.0
海南,2025,本科批,综合,1895,长沙医学院,1,8,医疗保险,,不限,4,4,29325.0
海南,2025,本科批,综合,1895,长沙医学院,2,29,口腔医学技术,,"物理,化学",4,4,39819.0
海南,2025,本科批,综合,1895,长沙医学院,1,9,商务英语,,不限,4,4,29325.0
海南,2025,本科批,综合,1895,长沙医学院,1,4,国际经济与贸易,,不限,4,4,29325.0
海南,2025,本科批,综合,1895,长沙医学院,1,5,工商管理,,不限,4,4,29325.0
海南,2025,本科批,综合,1895,长沙医学院,2,10,康复治疗学,,"物理,化学",4,4,41544.0
海南,2025,本科批,综合,1895,长沙医学院,1,6,汉语言文学,,不限,4,4,29325.0
海南,2025,本科批,综合,1895,长沙医学院,1,7,英语,,不限,4,4,29325.0
海南,2025,本科批,综合,1895,长沙医学院,1,3,财务管理,,不限,4,4,29325.0
海南,2025,本科批,综合,1895,长沙医学院,2,23,预防医学,,"物理,化学",4,5,41544.0
海南,2025,本科批,综合,1895,长沙医学院,1,1,中医学,,不限,22,5,41544.0
海南,2025,本科批,综合,1895,长沙医学院,2,16,中药学,,"物理,化学",2,4,39819.0
海南,2025,本科批,综合,1895,长沙医学院,2,24,医学信息工程,,"物理,化学",2,4,39819.0
海南,2025,本科批,综合,1895,长沙医学院,2,13,医学影像技术,,"物理,化学",2,4,39819.0
海南,2025,本科批,综合,1895,长沙医学院,2,20,卫生检验与检疫,,"物理,化学",2,4,39819.0
海南,2025,本科批,综合,1895,长沙医学院,2,18,妇幼保健医学,,"物理,化学",2,5,41544.0
海南,2025,本科批,综合,1895,长沙医学院,2,27,数据科学与大数据技术,,"物理,化学",2,4,33200.0
海南,2025,本科批,综合,1895,长沙医学院,2,21,生物医学工程,,"物理,化学",2,4,39819.0
海南,2025,本科批,综合,1895,长沙医学院,2,17,生物技术,,"物理,化学",2,4,39819.0
海南,2025,本科批,综合,1895,长沙医学院,2,14,眼视光学,,"物理,化学",2,4,41544.0
海南,2025,本科批,综合,1895,长沙医学院,2,28,药物分析,,"物理,化学",2,4,39819.0
海南,2025,本科批,综合,1895,长沙医学院,2,25,药物制剂,,"物理,化学",2,4,39819.0
海南,2025,本科批,综合,1895,长沙医学院,2,19,计算机科学与技术,,"物理,化学",2,4,29325.0
海南,2025,本科批,综合,1895,长沙医学院,2,12,临床医学,,"物理,化学",15,5,41544.0
海南,2025,本科批,综合,1895,长沙医学院,2,15,医学影像学,,"物理,化学",15,5,41544.0
海南,2025,本科批,综合,1895,长沙医学院,2,11,口腔医学,,"物理,化学",15,5,41544.0
海南,2025,本科批,综合,1895,长沙医学院,1,2,针灸推拿学,,不限,15,5,41544.0
海南,2025,专科批,综合,1952,长沙职业技术学院,1,3,计算机网络技术,,不限,3,3,7800.0
海南,2025,专科批,综合,1952,长沙职业技术学院,1,1,建筑工程技术,,不限,2,3,4600.0
海南,2025,专科批,综合,1952,长沙职业技术学院,1,2,软件技术,,不限,2,3,7800.0
海南,2025,专科批,综合,1952,长沙职业技术学院,1,4,旅游管理,,不限,1,3,4600.0
海南,2025,专科批,综合,1952,长沙职业技术学院,1,5,特殊教育,,不限,1,3,3500.0
海南,2025,本科批,综合,295,长治医学院,80,2,临床医学,,"物理,化学",8,5,5480.0
海南,2025,本科批,综合,295,长治医学院,80,5,口腔医学,,"物理,化学",3,5,5480.0
海南,2025,本科批,综合,295,长治医学院,3,15,护理学,,生物,3,4,5480.0
海南,2025,本科批,综合,295,长治医学院,2,3,生物医学工程,,"物理,化学",2,4,5370.0
海南,2025,本科批,综合,295,长治医学院,2,7,药学,,"物理,化学",2,4,5480.0
海南,2025,本科批,综合,295,长治医学院,1,1,中医学,,不限,1,5,5480.0
海南,2025,本科批,综合,295,长治医学院,3,16,助产学,,生物,1,4,5480.0
海南,2025,本科批,综合,295,长治医学院,2,9,医学实验技术,,"物理,化学",1,4,5480.0
海南,2025,本科批,综合,295,长治医学院,80,4,医学影像学,,"物理,化学",1,5,5480.0
海南,2025,本科批,综合,295,长治医学院,2,10,医学影像技术,,"物理,化学",1,4,5480.0
海南,2025,本科批,综合,295,长治医学院,2,8,医学检验技术,,"物理,化学",1,4,5480.0
海南,2025,本科批,综合,295,长治医学院,2,12,康复工程,,"物理,化学",1,4,5370.0
海南,2025,本科批,综合,295,长治医学院,2,11,康复治疗学,,"物理,化学",1,4,5480.0
海南,2025,本科批,综合,295,长治医学院,80,6,预防医学,,"物理,化学",1,5,5480.0
海南,2025,本科批,综合,295,长治医学院,2,13,食品营养与健康,,"物理,化学",1,4,5370.0
海南,2025,本科批,综合,295,长治医学院,80,14,麻醉学,,"物理,化学",1,5,5480.0
海南,2025,本科批,综合,2589,昭通学院,2,3,数学与应用数学,,"物理,化学",2,4,5000.0
海南,2025,本科批,综合,2589,昭通学院,1,1,汉语言文学,,不限,2,4,4200.0
海南,2025,本科批,综合,2589,昭通学院,1,2,行政管理,,不限,1,4,4500.0
海南,2025,本科批,综合,2041,肇庆学院,2,5,日语,,不限,4,4,5710.0
海南,2025,本科批,综合,2041,肇庆学院,2,3,行政管理,"(第一学年星湖校区,第二至四学年校本部)",不限,4,4,5050.0
海南,2025,本科批,综合,2041,肇庆学院,2,2,会计学,"(第一学年星湖校区,第二至四学年校本部)",不限,3,4,5050.0
海南,2025,本科批,综合,2041,肇庆学院,3,9,制药工程,(不招色盲、色弱),"物理,化学",3,4,5710.0
海南,2025,本科批,综合,2041,肇庆学院,3,7,化学,(师范)(不招色盲、色弱),"物理,化学",3,4,5710.0
海南,2025,本科批,综合,2041,肇庆学院,4,11,历史学,"(师范)(第一学年星湖校区,第二至四学年校本部)",历史,3,4,5050.0
海南,2025,本科批,综合,2041,肇庆学院,2,4,汉语言文学,(师范),不限,3,4,5050.0
海南,2025,本科批,综合,2041,肇庆学院,3,6,生物科学,(师范)(不招色盲、色弱),"物理,化学",3,4,5710.0
海南,2025,本科批,综合,2041,肇庆学院,80,8,计算机科学与技术,(不招单色识别不全者),"物理,化学",3,4,5710.0
海南,2025,本科批,综合,2041,肇庆学院,3,10,食品科学与工程,(不招色盲、色弱),"物理,化学",3,4,5710.0
海南,2025,本科批,综合,2132,肇庆医学院,2,2,临床医学,(不招色盲、色弱),"物理,化学",1,5,5800.0
海南,2025,本科批,综合,2132,肇庆医学院,1,1,护理学,(不招色盲、色弱),化学,1,4,5800.0
海南,2025,本科批,综合,2132,肇庆医学院,2,3,药学,(不招色盲、色弱),"物理,化学",1,4,5800.0
海南,2025,本科批,综合,975,浙江财经大学,2,9,计算机类,(包含专业:人工智能、软件工程、计算机科学与技术),"物理,化学",3,4,6000.0
海南,2025,本科批,综合,975,浙江财经大学,1,3,会计学,,不限,1,4,6000.0
海南,2025,本科批,综合,975,浙江财经大学,1,2,公共管理类,(包含专业:劳动与社会保障、土地资源管理、行政管理),不限,1,4,5300.0
海南,2025,本科批,综合,975,浙江财经大学,1,4,城乡规划,,不限,1,4,6000.0
海南,2025,本科批,综合,975,浙江财经大学,1,5,审计学,,不限,1,4,6000.0
海南,2025,本科批,综合,975,浙江财经大学,1,7,工商管理类,(包含专业:工商管理、人力资源管理、市场营销、供应链管理),不限,1,4,5300.0
海南,2025,本科批,综合,975,浙江财经大学,2,10,数据科学与大数据技术,,"物理,化学",1,4,5300.0
海南,2025,本科批,综合,975,浙江财经大学,1,8,经济学,,不限,1,4,6000.0
海南,2025,本科批,综合,975,浙江财经大学,1,1,财政学类,(包含专业:财政学、税收学、国际税收),不限,1,4,5300.0
海南,2025,本科批,综合,975,浙江财经大学,1,6,金融学,,不限,1,4,6000.0
海南,2025,本科批,综合,979,浙江传媒学院,2,15,数字媒体技术,,"物理,化学",3,4,5500.0
海南,2025,本科批,综合,979,浙江传媒学院,81,8,传播学,(中外合作办学)(只招收明确填报有该专业志愿的考生；英语单科成绩不低于105分(150分制)),不限,2,4,28000.0
海南,2025,本科批,综合,979,浙江传媒学院,2,14,广播电视工程,,"物理,化学",2,4,6300.0
海南,2025,本科批,综合,979,浙江传媒学院,1,2,汉语言文学,(桐乡乌镇校区),不限,2,4,4800.0
海南,2025,本科批,综合,979,浙江传媒学院,2,16,电子科学与技术,(演艺工程与舞台技术),"物理,化学",2,4,5500.0
海南,2025,本科批,综合,979,浙江传媒学院,82,13,电影制作,(只招收明确填报有该专业志愿的考生；桐乡乌镇校区),"物理,化学",2,4,58000.0
海南,2025,本科批,综合,979,浙江传媒学院,2,18,人工智能,,"物理,化学",1,4,5500.0
海南,2025,本科批,综合,979,浙江传媒学院,1,12,会展经济与管理,(桐乡乌镇校区),不限,1,4,4800.0
海南,2025,本科批,综合,979,浙江传媒学院,1,1,公共关系学,(桐乡乌镇校区),不限,1,4,4800.0
海南,2025,本科批,综合,979,浙江传媒学院,1,11,广告学,(桐乡乌镇校区),不限,1,4,4800.0
海南,2025,本科批,综合,979,浙江传媒学院,1,3,广播电视学,,不限,1,4,5500.0
海南,2025,本科批,综合,979,浙江传媒学院,80,5,广播电视编导,"(艺术类专业,安排在普通本科批次录取)",不限,1,4,10300.0
海南,2025,本科批,综合,979,浙江传媒学院,80,6,数字媒体艺术,"(艺术类专业,安排在普通本科批次录取)",不限,1,4,10300.0
海南,2025,本科批,综合,979,浙江传媒学院,1,9,文化产业管理,(桐乡乌镇校区),不限,1,4,4800.0
海南,2025,本科批,综合,979,浙江传媒学院,1,4,新闻学,,不限,1,4,4800.0
海南,2025,本科批,综合,979,浙江传媒学院,1,7,编辑出版学,,不限,1,4,4800.0
海南,2025,本科批,综合,979,浙江传媒学院,1,10,网络与新媒体,(桐乡乌镇校区),不限,1,4,4800.0
海南,2025,本科批,综合,979,浙江传媒学院,2,17,网络工程,,"物理,化学",1,4,5500.0
海南,2025,本科批,综合,950,浙江大学,3,4,人工智能,,"物理,化学",2,4,6900.0
海南,2025,本科批,综合,950,浙江大学,2,2,社会科学试验班,(竺可桢学院人文社科实验班)(包含专业:经济学、财政学、金融学、国际经济与贸易、教育学、会计学、工商管理、社会学、农林经济管理、行政管理、劳动与社会保障、土地资源管理、法学),不限,2,4,5300.0
海南,2025,本科批,综合,950,浙江大学,3,5,工科试验班,(竺可桢学院图灵班)(包含专业:计算机科学与技术),"物理,化学",1,4,6900.0
海南,2025,本科批,综合,950,浙江大学,2,3,社会科学试验班,(数字法治卓越班)(包含专业:法学),不限,1,4,5300.0
海南,2025,国家专项,综合,950,浙江大学,1,1,工科试验班,(信息)(包含专业:计算机科学与技术、信息安全、软件工程、工业设计、光电信息科学与工程、电子科学与技术、微电子科学与工程、信息工程、自动化、生物医学工程),"物理,化学",1,4,6000.0
海南,2025,本科批,综合,1059,浙江大学医学院,1,1,医学试验班类,(包含专业:临床医学、口腔医学),"物理,化学",2,5,6000.0
海南,2025,本科批,综合,965,浙江工商大学,4,16,食品科学与工程类,(包含专业:食品科学与工程、食品质量与安全),"物理,化学",8,4,6000.0
海南,2025,本科批,综合,965,浙江工商大学,2,12,工商管理类,(含营销、智能双学士学位项目)(包含专业:工商管理、市场营销、人力资源管理、国际商务),不限,6,4,6095.0
海南,2025,本科批,综合,965,浙江工商大学,2,6,法学类,(包含专业:法学、知识产权),不限,6,4,6095.0
海南,2025,本科批,综合,965,浙江工商大学,2,8,旅游管理类,(包含专业:旅游管理、酒店管理),不限,5,4,5300.0
海南,2025,本科批,综合,965,浙江工商大学,2,11,保险学,,不限,4,4,5300.0
海南,2025,本科批,综合,965,浙江工商大学,2,4,经济学类,(包含专业:经济学、国际经济与贸易),不限,4,4,5300.0
海南,2025,本科批,综合,965,浙江工商大学,3,15,数字经济,,物理,3,4,5300.0
海南,2025,本科批,综合,965,浙江工商大学,2,14,社会工作,,不限,3,4,5300.0
海南,2025,本科批,综合,965,浙江工商大学,2,9,会计学,(含会计学、财务管理、审计学和会计学(ACCA);1年后搬迁至下沙校区),不限,2,4,6095.0
海南,2025,本科批,综合,965,浙江工商大学,2,5,新闻传播学类,(包含专业:广告学、新闻学、网络与新媒体；1年后搬迁至下沙校区),不限,2,4,5300.0
海南,2025,本科批,综合,965,浙江工商大学,2,7,电子商务类,(包含专业:电子商务、物流管理),不限,2,4,5300.0
海南,2025,本科批,综合,965,浙江工商大学,2,13,公共管理类,(包含专业:慈善管理、行政管理、土地资源管理、文化产业管理),不限,10,4,5300.0
海南,2025,本科批,综合,965,浙江工商大学,2,10,金融学,,不限,1,4,6095.0
海南,2025,本科批,综合,952,浙江工业大学,2,3,化工与制药类,"(化学工程类)(包含专业:化学工程与工艺、能源化学工程、应用化学；第一学年在朝晖校区就读,第二学年起在莫干山校区就读)","物理,化学",5,4,6000.0
海南,2025,本科批,综合,952,浙江工业大学,2,2,土木类,(包含专业:土木工程、给排水科学与工程),"物理,化学",5,4,6900.0
海南,2025,本科批,综合,952,浙江工业大学,2,4,电子信息类,(包含专业:智能科学与技术、通信工程),"物理,化学",5,4,6000.0
海南,2025,本科批,综合,952,浙江工业大学,1,1,管理科学与工程类,(包含专业:信息管理与信息系统、工程管理),物理,5,4,5300.0
海南,2025,本科批,综合,954,浙江海洋大学,1,6,药学,"(第一学年在定海校区,第二学年起在新城校区就读)","物理,化学",4,4,5500.0
海南,2025,本科批,综合,954,浙江海洋大学,1,8,化学工程与工艺,"(第一学年在定海校区,第二学年起在新城校区就读)","物理,化学",2,4,6300.0
海南,2025,本科批,综合,954,浙江海洋大学,1,9,机械设计制造及其自动化,"(第一学年在定海校区,第二学年起在新城校区就读)","物理,化学",2,4,5500.0
海南,2025,本科批,综合,954,浙江海洋大学,1,3,水产养殖学,"(第一学年在定海校区,第二学年起在新城校区就读)","物理,化学",2,4,5000.0
海南,2025,本科批,综合,954,浙江海洋大学,1,7,油气储运工程,"(第一学年在定海校区,第二学年起在新城校区就读)","物理,化学",2,4,5500.0
海南,2025,本科批,综合,954,浙江海洋大学,1,2,海洋渔业科学与技术,"(第一学年在定海校区,第二学年起在新城校区就读)","物理,化学",2,4,5000.0
海南,2025,本科批,综合,954,浙江海洋大学,1,5,港口航道与海岸工程,"(第一学年在定海校区,第二学年起在新城校区就读)","物理,化学",2,4,5500.0
海南,2025,本科批,综合,954,浙江海洋大学,1,4,船舶与海洋工程,"(第一学年在定海校区,第二学年起在新城校区就读)","物理,化学",2,4,5500.0
海南,2025,本科批,综合,954,浙江海洋大学,1,1,食品科学与工程,"(第一学年在定海校区,第二学年起在新城校区就读)","物理,化学",2,4,6300.0
海南,2025,专科提前批(面试),综合,982,浙江交通职业技术学院,1,2,智能控制技术,"(海军)(只招男生；定向培养军士；水面舰艇合格；考生须参加体检、政治考核并且合格；第一学年在长兴校区就读,第二学年起在杭州校区就读)",不限,5,3,8000.0
海南,2025,专科提前批(面试),综合,982,浙江交通职业技术学院,1,3,航海技术,"(武警部队)(只招男生；定向培养军士；水面舰艇合格；考生须参加体检、政治考核并且合格；第一学年在长兴校区就读,第二学年起在杭州校区就读)",不限,5,3,8000.0
海南,2025,专科提前批(面试),综合,982,浙江交通职业技术学院,1,1,轮机工程技术,"(海军)(只招男生；定向培养军士；水面舰艇合格；考生须参加体检、政治考核并且合格；第一学年在长兴校区就读,第二学年起在杭州校区就读)",不限,5,3,8000.0
海南,2025,专科批,综合,996,浙江经济职业技术学院,1,2,大数据技术,,不限,2,3,6600.0
海南,2025,专科批,综合,996,浙江经济职业技术学院,1,3,数字媒体技术,,不限,2,3,6600.0
海南,2025,专科批,综合,996,浙江经济职业技术学院,1,1,国际经济与贸易,,不限,1,3,6900.0
海南,2025,本科提前批(面试),综合,976,浙江警察学院,1,1,涉外警务,(只招男生)(只招男生；英语单科成绩不低于90分(150分制)),政治,3,4,6900.0
海南,2025,本科提前批(面试),综合,976,浙江警察学院,1,2,涉外警务,(只招女生)(只招女生；英语单科成绩不低于90分(150分制)),政治,1,4,6900.0
海南,2025,本科批,综合,953,浙江理工大学,3,5,机械类,(包含专业:机械设计制造及其自动化、机械电子工程、智能制造工程),"物理,化学",6,4,6000.0
海南,2025,本科批,综合,953,浙江理工大学,3,7,生物科学类,(包含专业:生物技术、生物制药),"物理,化学",6,4,5300.0
海南,2025,本科批,综合,953,浙江理工大学,3,6,土木类,(包含专业:土木工程、建筑环境与能源应用工程、工程管理),"物理,化学",5,4,5300.0
海南,2025,本科批,综合,953,浙江理工大学,3,9,新能源材料与器件,,"物理,化学",4,4,6000.0
海南,2025,本科批,综合,953,浙江理工大学,2,2,服装设计与工程,,物理,4,4,6000.0
海南,2025,本科批,综合,953,浙江理工大学,3,3,轻化工程,,"物理,化学",4,4,6000.0
海南,2025,本科批,综合,953,浙江理工大学,1,1,工商管理类,(包含专业:工商管理、会计学、人力资源管理),不限,3,4,5300.0
海南,2025,本科批,综合,953,浙江理工大学,3,8,应用化学,,"物理,化学",3,4,5300.0
海南,2025,本科批,综合,953,浙江理工大学,3,10,计算机类,(包含专业:计算机科学与技术、软件工程、智能科学与技术),"物理,化学",3,4,6000.0
海南,2025,本科批,综合,953,浙江理工大学,3,4,材料类,(包含专业:材料科学与工程、高分子材料与工程),"物理,化学",2,4,6000.0
海南,2025,专科批,综合,997,浙江旅游职业学院,1,4,商务英语,,不限,8,3,6000.0
海南,2025,专科批,综合,997,浙江旅游职业学院,1,2,导游,,不限,5,3,6900.0
海南,2025,专科批,综合,997,浙江旅游职业学院,1,1,酒店管理与数字化运营,,不限,4,3,6900.0
海南,2025,专科批,综合,997,浙江旅游职业学院,1,3,西式烹饪工艺,,不限,3,3,6000.0
海南,2025,本科批,综合,955,浙江农林大学,3,10,动物科学,,"物理,化学",1,4,5500.0
海南,2025,本科批,综合,955,浙江农林大学,1,1,国际经济与贸易,,不限,1,4,5300.0
海南,2025,本科批,综合,955,浙江农林大学,3,8,应用化学,,"物理,化学",1,4,5300.0
海南,2025,本科批,综合,955,浙江农林大学,2,3,数字经济,,物理,1,4,5300.0
海南,2025,本科批,综合,955,浙江农林大学,3,7,智慧农业,,"物理,化学",1,4,5500.0
海南,2025,本科批,综合,955,浙江农林大学,3,9,木材科学与工程,,"物理,化学",1,4,6000.0
海南,2025,本科批,综合,955,浙江农林大学,3,5,林学,,"物理,化学",1,4,5500.0
海南,2025,本科批,综合,955,浙江农林大学,3,6,植物保护,,"物理,化学",1,4,5500.0
海南,2025,本科批,综合,955,浙江农林大学,1,2,法学,,不限,1,4,5300.0
海南,2025,本科批,综合,955,浙江农林大学,3,4,环境科学与工程,,"物理,化学",1,4,6000.0
海南,2025,本科批,综合,1025,浙江农林大学暨阳学院,1,3,中药学,,"物理,化学",2,4,27750.0
海南,2025,本科批,综合,1025,浙江农林大学暨阳学院,1,2,智能科学与技术,,"物理,化学",2,4,27750.0
海南,2025,本科批,综合,1025,浙江农林大学暨阳学院,1,4,环境工程,,"物理,化学",2,4,20000.0
海南,2025,本科批,综合,1025,浙江农林大学暨阳学院,1,1,计算机科学与技术,,"物理,化学",2,4,27750.0
海南,2025,本科批,综合,1025,浙江农林大学暨阳学院,1,5,食品科学与工程,,"物理,化学",2,4,20000.0
海南,2025,本科批,综合,958,浙江师范大学,1,1,工商管理类,"(包含专业:财务管理、电子商务、会计学、工商管理；大一在杭州萧山校区,大二起在校本部)",不限,4,4,5300.0
海南,2025,本科批,综合,958,浙江师范大学,2,6,科学教育,(师范),"物理,化学",4,4,5300.0
海南,2025,本科批,综合,958,浙江师范大学,1,2,学前教育,(师范),不限,3,4,6095.0
海南,2025,本科批,综合,958,浙江师范大学,2,7,机器人工程,"(大一在杭州萧山校区,大二起在校本部)","物理,化学",3,4,6000.0
海南,2025,本科批,综合,958,浙江师范大学,2,4,物理学,(师范),"物理,化学",2,4,6095.0
海南,2025,本科批,综合,958,浙江师范大学,2,3,电子信息工程,,"物理,化学",2,4,6000.0
海南,2025,本科批,综合,958,浙江师范大学,2,5,通信工程,,"物理,化学",2,4,6000.0
海南,2025,本科批,综合,971,浙江万里学院,3,11,人工智能,"(一年级就读于回龙校区,后就读于钱湖校区)","物理,化学",5,4,32000.0
海南,2025,本科批,综合,971,浙江万里学院,1,4,会展经济与管理,"(一年级就读于回龙校区,后就读于钱湖校区)",不限,5,4,33000.0
海南,2025,本科批,综合,971,浙江万里学院,1,1,国际经济与贸易,"(一年级就读于回龙校区,后就读于钱湖校区)",不限,5,4,33000.0
海南,2025,本科批,综合,971,浙江万里学院,1,5,新闻传播学类,"(包含专业:新闻学、网络与新媒体、广告学；一年级就读于回龙校区,后就读于钱湖校区)",不限,5,4,33000.0
海南,2025,本科批,综合,971,浙江万里学院,1,6,物流管理,"(一年级就读于回龙校区,后就读于钱湖校区)",不限,5,4,33000.0
海南,2025,本科批,综合,971,浙江万里学院,1,2,会计学,"(一年级就读于回龙校区,后就读于钱湖校区)",不限,4,4,33000.0
海南,2025,本科批,综合,971,浙江万里学院,1,7,工商管理,"(一年级就读于回龙校区,后就读于钱湖校区)",不限,4,4,32000.0
海南,2025,本科批,综合,971,浙江万里学院,3,13,生物工程类,(包含专业:生物工程、生物制药),"物理,化学",4,4,33000.0
海南,2025,本科批,综合,971,浙江万里学院,3,15,食品科学与工程类,(包含专业:食品科学与工程、食品质量与安全),"物理,化学",4,4,33000.0
海南,2025,本科批,综合,971,浙江万里学院,3,16,医学检验技术,,"物理,化学",3,4,33000.0
海南,2025,本科批,综合,971,浙江万里学院,2,9,数字经济,"(一年级就读于回龙校区,后就读于钱湖校区)",物理,3,4,32000.0
海南,2025,本科批,综合,971,浙江万里学院,3,14,环境科学与工程类,(包含专业:环境科学、环境工程),"物理,化学",3,4,32000.0
海南,2025,本科批,综合,971,浙江万里学院,3,10,电气工程及其自动化,"(一年级就读于回龙校区,后就读于钱湖校区)","物理,化学",3,4,33000.0
海南,2025,本科批,综合,971,浙江万里学院,2,8,金融工程,"(一年级就读于回龙校区,后就读于钱湖校区)",物理,3,4,33000.0
海南,2025,本科批,综合,971,浙江万里学院,3,12,数据科学与大数据技术,"(一年级就读于回龙校区,后就读于钱湖校区)","物理,化学",2,4,33000.0
海南,2025,本科批,综合,971,浙江万里学院,1,3,金融学,"(一年级就读于回龙校区,后就读于钱湖校区)",不限,2,4,33000.0
海南,2025,本科批,综合,957,浙江中医药大学,80,5,护理学,"(为适应专业工作的需要,建议报考护理学专业考生身高在158cm及以上)",化学,2,4,6000.0
海南,2025,本科批,综合,957,浙江中医药大学,2,3,中医学,,化学,1,5,6900.0
海南,2025,本科批,综合,957,浙江中医药大学,81,7,中药学,,"物理,化学",1,4,6000.0
海南,2025,本科批,综合,957,浙江中医药大学,3,6,临床医学,,"物理,化学",1,5,6900.0
海南,2025,本科批,综合,957,浙江中医药大学,81,9,卫生检验与检疫,,"物理,化学",1,4,6000.0
海南,2025,本科批,综合,957,浙江中医药大学,2,4,针灸推拿学,,化学,1,5,6900.0
海南,2025,本科批,综合,957,浙江中医药大学,3,8,预防医学,,"物理,化学",1,5,6900.0
海南,2025,国家专项,综合,957,浙江中医药大学,1,1,医学信息工程,,"物理,化学",1,4,6000.0
海南,2025,国家专项,综合,957,浙江中医药大学,1,2,医学实验技术,,"物理,化学",1,4,6000.0
海南,2025,专科批,综合,817,镇江市高等专科学校,1,3,大数据与会计,,不限,3,3,4700.0
海南,2025,专科批,综合,817,镇江市高等专科学校,1,1,药品生产技术,,不限,3,3,5300.0
海南,2025,专科批,综合,817,镇江市高等专科学校,1,2,护理,,不限,2,3,6200.0
海南,2025,本科批,综合,1622,郑州财经学院,1,2,会计学,,不限,1,4,15000.0
海南,2025,本科批,综合,1622,郑州财经学院,1,7,国际经济与贸易,,不限,1,4,15000.0
海南,2025,本科批,综合,1622,郑州财经学院,2,8,大数据管理与应用,,物理,1,4,15000.0
海南,2025,本科批,综合,1622,郑州财经学院,1,4,工商管理,,不限,1,4,15000.0
海南,2025,本科批,综合,1622,郑州财经学院,3,10,智能制造工程,,"物理,化学",1,4,16000.0
海南,2025,本科批,综合,1622,郑州财经学院,1,3,电子商务,,不限,1,4,15000.0
海南,2025,本科批,综合,1622,郑州财经学院,1,6,网络与新媒体,,不限,1,4,15000.0
海南,2025,本科批,综合,1622,郑州财经学院,1,5,英语,,不限,1,4,15000.0
海南,2025,本科批,综合,1622,郑州财经学院,3,9,计算机科学与技术,,"物理,化学",1,4,16000.0
海南,2025,本科批,综合,1622,郑州财经学院,1,1,金融学,,不限,1,4,15000.0
海南,2025,本科批,综合,1561,郑州大学,3,19,医学检验技术,(不招色盲、色弱、单色识别不全者),"物理,化学",6,4,6300.0
海南,2025,本科批,综合,1561,郑州大学,3,13,安全工程,,"物理,化学",6,4,5700.0
海南,2025,本科批,综合,1561,郑州大学,3,10,机械类,(包含专业:机械工程、能源与动力工程),"物理,化学",6,4,5700.0
海南,2025,本科批,综合,1561,郑州大学,3,9,自动化类,(包含专业:电气工程及其自动化、自动化),"物理,化学",6,4,5700.0
海南,2025,本科批,综合,1561,郑州大学,3,20,药学,(不招色盲、色弱、单色识别不全者),"物理,化学",6,4,6300.0
海南,2025,本科批,综合,1561,郑州大学,3,16,水利类,(包含专业:水利水电工程、水文与水资源工程、道路桥梁与渡河工程),"物理,化学",5,4,5700.0
海南,2025,本科批,综合,1561,郑州大学,3,18,预防医学,(不招色盲、色弱、单色识别不全者),"物理,化学",5,5,6300.0
海南,2025,本科批,综合,1561,郑州大学,3,15,临床医学,(第五临床学院)(不招色盲、色弱、单色识别不全者),"物理,化学",4,5,6300.0
海南,2025,本科批,综合,1561,郑州大学,3,14,人工智能,,"物理,化学",4,4,5700.0
海南,2025,本科批,综合,1561,郑州大学,4,21,公共管理类,(包含专业:行政管理、社会工作、国际政治),政治,4,4,4400.0
海南,2025,本科批,综合,1561,郑州大学,3,7,数学类,(包含专业:数学与应用数学、信息与计算科学、统计学),"物理,化学",4,4,5000.0
海南,2025,本科批,综合,1561,郑州大学,1,2,法学,,不限,4,4,4400.0
海南,2025,本科批,综合,1561,郑州大学,3,12,生物科学类,(包含专业:生物技术、生物信息学、植物科学与技术；不招色盲、色弱、单色识别不全者),"物理,化学",4,4,5000.0
海南,2025,本科批,综合,1561,郑州大学,3,11,计算机科学与技术,(不招单色识别不全者),"物理,化学",4,4,5700.0
海南,2025,本科批,综合,1561,郑州大学,2,6,大数据管理与应用,(不招单色识别不全者),物理,3,4,4400.0
海南,2025,本科批,综合,1561,郑州大学,1,1,工商管理类,(包含专业:工商管理(商业智能管理)、会计学；不招单色识别不全者),不限,3,4,4400.0
海南,2025,本科批,综合,1561,郑州大学,1,4,新闻传播学类,(包含专业:广告学、新闻学、网络与新媒体),不限,3,4,4400.0
海南,2025,本科批,综合,1561,郑州大学,3,8,物理学类,(包含专业:物理学、电子科学与技术、测控技术与仪器),"物理,化学",3,4,5000.0
海南,2025,本科批,综合,1561,郑州大学,2,5,经济学类,(包含专业:经济学(数智经济)、金融学),物理,3,4,4400.0
海南,2025,本科批,综合,1561,郑州大学,1,3,英语,,不限,3,4,4400.0
海南,2025,本科批,综合,1561,郑州大学,3,17,口腔医学,(不招色盲、色弱、单色识别不全者),"物理,化学",2,5,6300.0
海南,2025,本科批,综合,1561,郑州大学,4,22,马克思主义理论类,(包含专业:马克思主义理论、思想政治教育),政治,2,4,4400.0
海南,2025,专科批,综合,1603,郑州电力高等专科学校,1,1,发电厂及电力系统,(不招色盲、色弱),物理,5,3,4600.0
海南,2025,专科批,综合,1603,郑州电力高等专科学校,1,2,新能源装备技术,(不招色盲、色弱),物理,5,3,4200.0
海南,2025,本科批,综合,1589,郑州工程技术学院,1,1,旅游管理,,不限,5,4,4400.0
海南,2025,本科批,综合,1589,郑州工程技术学院,2,2,食品科学与工程,,"物理,化学",5,4,5000.0
海南,2025,本科批,综合,1632,郑州工商学院,1,3,会计学,"(第一年在兰考校区培养,第二至四年在郑州校区培养)",不限,6,4,15000.0
海南,2025,本科批,综合,1632,郑州工商学院,1,1,英语,"(第一年在兰考校区培养,第二至四年在郑州校区培养)",不限,6,4,15000.0
海南,2025,本科批,综合,1632,郑州工商学院,1,4,财务管理,"(第一年在兰考校区培养,第二至四年在郑州校区培养)",不限,6,4,15000.0
海南,2025,本科批,综合,1632,郑州工商学院,2,7,计算机科学与技术,"(第一年在兰考校区培养,第二至四年在郑州校区培养)","物理,化学",5,4,16000.0
海南,2025,本科批,综合,1632,郑州工商学院,2,5,机械设计制造及其自动化,"(第一年在兰考校区培养,第二至四年在郑州校区培养)","物理,化学",4,4,16000.0
海南,2025,本科批,综合,1632,郑州工商学院,2,8,电子信息工程,"(第一年在兰考校区培养,第二至四年在郑州校区培养)","物理,化学",4,4,16000.0
海南,2025,本科批,综合,1632,郑州工商学院,1,2,法学,"(第一年在兰考校区培养,第二至四年在郑州校区培养)",不限,3,4,15000.0
海南,2025,本科批,综合,1632,郑州工商学院,2,6,数据科学与大数据技术,"(第一年在兰考校区培养,第二至四年在郑州校区培养)","物理,化学",2,4,16000.0
海南,2025,本科批,综合,1614,郑州工业应用技术学院,2,3,护理学,,"物理,化学,生物",3,4,17000.0
海南,2025,本科批,综合,1614,郑州工业应用技术学院,1,1,学前教育,,不限,25,4,15000.0
海南,2025,本科批,综合,1614,郑州工业应用技术学院,2,2,药学,,"物理,化学,生物",2,4,17000.0
海南,2025,本科批,综合,1582,郑州航空工业管理学院,3,10,交通运输,(空管与签派方向),"物理,化学",2,4,5000.0
海南,2025,本科批,综合,1582,郑州航空工业管理学院,3,12,人工智能,,"物理,化学",2,4,5000.0
海南,2025,本科批,综合,1582,郑州航空工业管理学院,2,3,会计学,,物理,2,4,4800.0
海南,2025,本科批,综合,1582,郑州航空工业管理学院,1,1,国际经济与贸易,,不限,2,4,4400.0
海南,2025,本科批,综合,1582,郑州航空工业管理学院,2,8,大数据管理与应用,,物理,2,4,4400.0
海南,2025,本科批,综合,1582,郑州航空工业管理学院,2,4,审计学,,物理,2,4,4400.0
海南,2025,本科批,综合,1582,郑州航空工业管理学院,2,7,工业工程,,物理,2,4,5000.0
海南,2025,本科批,综合,1582,郑州航空工业管理学院,3,15,数学与应用数学,,"物理,化学",2,4,5000.0
海南,2025,本科批,综合,1582,郑州航空工业管理学院,3,9,材料类,(包含专业:材料科学与工程、功能材料、材料成型及控制工程),"物理,化学",2,4,5000.0
海南,2025,本科批,综合,1582,郑州航空工业管理学院,2,6,物流管理,,物理,2,4,4400.0
海南,2025,本科批,综合,1582,郑州航空工业管理学院,3,13,电子信息类,(包含专业:电子信息工程、通信工程),"物理,化学",2,4,5000.0
海南,2025,本科批,综合,1582,郑州航空工业管理学院,3,11,电气工程及其自动化,,"物理,化学",2,4,5500.0
海南,2025,本科批,综合,1582,郑州航空工业管理学院,3,14,计算机类,(包含专业:计算机科学与技术、软件工程、网络工程),"物理,化学",2,4,5000.0
海南,2025,本科批,综合,1582,郑州航空工业管理学院,1,2,贸易经济,,不限,2,4,4400.0
海南,2025,本科批,综合,1582,郑州航空工业管理学院,2,5,金融学,,物理,2,4,4400.0
海南,2025,专科批,综合,1621,郑州健康学院,1,2,中医学,,不限,2,3,17000.0
海南,2025,专科批,综合,1621,郑州健康学院,1,3,临床医学,,不限,2,3,17000.0
海南,2025,专科批,综合,1621,郑州健康学院,1,1,口腔医学,,不限,2,3,17000.0
海南,2025,本科批,综合,1633,郑州经贸学院,1,6,商务英语,,不限,6,4,15000.0
海南,2025,本科批,综合,1633,郑州经贸学院,1,5,市场营销,(大数据营销方向),不限,6,4,15000.0
海南,2025,本科批,综合,1633,郑州经贸学院,1,1,互联网金融,,不限,5,4,15000.0
海南,2025,本科批,综合,1633,郑州经贸学院,1,3,投资学,,不限,5,4,15000.0
海南,2025,本科批,综合,1633,郑州经贸学院,1,4,物流管理,,不限,15,4,15000.0
海南,2025,本科批,综合,1633,郑州经贸学院,1,2,国际经济与贸易,,不限,12,4,15000.0
海南,2025,本科提前批(面试),综合,1611,郑州警察学院,2,4,治安学,(城轨安全与执法方向)(只招男生；面向地方公安机关就业),政治,4,4,4400.0
海南,2025,本科提前批(面试),综合,1611,郑州警察学院,2,5,治安学,(面向地方公安机关就业)(男生)(只招男生；面向地方公安机关就业),政治,3,4,4400.0
海南,2025,本科提前批(面试),综合,1611,郑州警察学院,1,1,刑事科学技术,(只招男生；面向地方公安机关就业),"物理,化学",2,4,5000.0
海南,2025,本科提前批(面试),综合,1611,郑州警察学院,2,3,侦查学,(只招男生；面向铁路公安机关就业),政治,1,4,4400.0
海南,2025,本科提前批(面试),综合,1611,郑州警察学院,2,6,治安学,(面向铁路公安机关就业)(男生)(只招男生；面向铁路公安机关就业),政治,1,4,4400.0
海南,2025,本科提前批(面试),综合,1611,郑州警察学院,2,7,治安学,(面向地方公安机关就业)(女生)(只招女生；面向地方公安机关就业),政治,1,4,4400.0
海南,2025,本科提前批(面试),综合,1611,郑州警察学院,1,2,网络安全与执法,(只招男生；面向地方公安机关就业),"物理,化学",1,4,5000.0
海南,2025,本科批,综合,1563,郑州轻工业大学,2,2,工商管理,,不限,4,4,4400.0
海南,2025,本科批,综合,1563,郑州轻工业大学,2,4,物流管理,,不限,4,4,4400.0
海南,2025,本科批,综合,1563,郑州轻工业大学,3,8,食品科学与工程,,"物理,化学",4,4,5500.0
海南,2025,本科批,综合,1563,郑州轻工业大学,3,10,机械设计制造及其自动化,,"物理,化学",3,4,5500.0
海南,2025,本科批,综合,1563,郑州轻工业大学,3,6,电气工程及其自动化,,"物理,化学",3,4,5500.0
海南,2025,本科批,综合,1563,郑州轻工业大学,3,7,车辆工程,,"物理,化学",3,4,5000.0
海南,2025,本科批,综合,1563,郑州轻工业大学,3,11,高分子材料与工程,,"物理,化学",3,4,5500.0
海南,2025,本科批,综合,1563,郑州轻工业大学,2,3,会计学,,不限,2,4,4400.0
海南,2025,本科批,综合,1563,郑州轻工业大学,3,14,信息与计算科学,,"物理,化学",2,4,5000.0
海南,2025,本科批,综合,1563,郑州轻工业大学,3,13,化学,,"物理,化学",2,4,5000.0
海南,2025,本科批,综合,1563,郑州轻工业大学,3,16,建筑电气与智能化,,"物理,化学",2,4,5000.0
海南,2025,本科批,综合,1563,郑州轻工业大学,3,15,数据科学,,"物理,化学",2,4,5000.0
海南,2025,本科批,综合,1563,郑州轻工业大学,3,12,智能科学与技术,,"物理,化学",2,4,5000.0
海南,2025,本科批,综合,1563,郑州轻工业大学,3,9,测控技术与仪器,,"物理,化学",2,4,5000.0
海南,2025,本科批,综合,1563,郑州轻工业大学,2,5,经济学,,不限,2,4,4400.0
海南,2025,本科批,综合,1653,郑州商学院,2,4,电子信息工程,,"物理,化学",5,4,15800.0
海南,2025,本科批,综合,1653,郑州商学院,1,1,财务管理,,不限,3,4,14800.0
海南,2025,本科批,综合,1653,郑州商学院,1,2,会计学,,不限,2,4,14800.0
海南,2025,本科批,综合,1653,郑州商学院,1,3,审计学,,不限,2,4,14800.0
海南,2025,本科批,综合,1670,郑州升达经贸管理学院,2,5,数据计算及应用,,"物理,化学",3,4,16000.0
海南,2025,本科批,综合,1670,郑州升达经贸管理学院,2,2,智能科学与技术,,"物理,化学",3,4,16000.0
海南,2025,本科批,综合,1670,郑州升达经贸管理学院,1,1,日语,,不限,2,4,15000.0
海南,2025,本科批,综合,1670,郑州升达经贸管理学院,2,4,智能车辆工程,,"物理,化学",2,4,16000.0
海南,2025,本科批,综合,1670,郑州升达经贸管理学院,2,3,电气工程及其自动化,,"物理,化学",2,4,16000.0
海南,2025,本科批,综合,1606,郑州师范学院,3,3,汉语言文学,,历史,2,4,4400.0
海南,2025,本科批,综合,1606,郑州师范学院,2,2,英语,,不限,2,4,4400.0
海南,2025,专科批,综合,1695,郑州卫生健康职业学院,1,2,医学检验技术,,不限,5,3,4800.0
海南,2025,专科批,综合,1695,郑州卫生健康职业学院,1,1,护理,,不限,15,3,4800.0
海南,2025,本科批,综合,291,中北大学,3,39,飞行器设计与工程,,"物理,化学",5,4,5500.0
海南,2025,本科批,综合,291,中北大学,3,38,飞行器制造工程,,"物理,化学",4,4,5500.0
海南,2025,本科批,综合,291,中北大学,3,11,工程力学,,"物理,化学",3,4,5500.0
海南,2025,本科批,综合,291,中北大学,1,1,广播电视学,,不限,3,4,5100.0
海南,2025,本科批,综合,291,中北大学,3,43,特种能源技术与工程,,"物理,化学",3,4,5500.0
海南,2025,本科批,综合,291,中北大学,3,22,能源与动力工程,,"物理,化学",3,4,5500.0
海南,2025,本科批,综合,291,中北大学,3,29,自动化,,"物理,化学",3,4,5500.0
海南,2025,本科批,综合,291,中北大学,3,8,信息与计算科学,,"物理,化学",2,4,5100.0
海南,2025,本科批,综合,291,中北大学,3,34,土木工程,,"物理,化学",2,4,5500.0
海南,2025,本科批,综合,291,中北大学,3,35,城市地下空间工程,,"物理,化学",2,4,5500.0
海南,2025,本科批,综合,291,中北大学,2,6,工业工程,,物理,2,4,5100.0
海南,2025,本科批,综合,291,中北大学,2,3,市场营销,,物理,2,4,5100.0
海南,2025,本科批,综合,291,中北大学,3,23,新能源科学与工程,,"物理,化学",2,4,5500.0
海南,2025,本科批,综合,291,中北大学,3,28,机器人工程,,"物理,化学",2,4,5500.0
海南,2025,本科批,综合,291,中北大学,3,12,机械电子工程,,"物理,化学",2,4,5500.0
海南,2025,本科批,综合,291,中北大学,3,9,机械设计制造及其自动化,,"物理,化学",2,4,5500.0
海南,2025,本科批,综合,291,中北大学,3,10,材料成型及控制工程,,"物理,化学",2,4,5500.0
海南,2025,本科批,综合,291,中北大学,3,16,测控技术与仪器,,"物理,化学",2,4,5500.0
海南,2025,本科批,综合,291,中北大学,3,45,环境工程,,"物理,化学",2,4,5500.0
海南,2025,本科批,综合,291,中北大学,3,46,生物工程,,"物理,化学",2,4,5500.0
海南,2025,本科批,综合,291,中北大学,3,25,电子科学与技术,,"物理,化学",2,4,5500.0
海南,2025,本科批,综合,291,中北大学,2,5,经济统计学,,物理,2,4,5100.0
海南,2025,本科批,综合,291,中北大学,3,7,统计学,,"物理,化学",2,4,5100.0
海南,2025,本科批,综合,291,中北大学,1,2,英语,,不限,2,4,5100.0
海南,2025,本科批,综合,291,中北大学,3,33,计算机科学与技术,,"物理,化学",2,4,5500.0
海南,2025,本科批,综合,291,中北大学,2,4,财务管理,,物理,2,4,5100.0
海南,2025,本科批,综合,291,中北大学,3,13,过程装备与控制工程,,"物理,化学",2,4,5500.0
海南,2025,本科批,综合,291,中北大学,3,24,通信工程,,"物理,化学",2,4,5500.0
海南,2025,本科批,综合,291,中北大学,3,26,光电信息科学与工程,,"物理,化学",1,4,5500.0
海南,2025,本科批,综合,291,中北大学,3,36,化学工程与工艺,,"物理,化学",1,4,5500.0
海南,2025,本科批,综合,291,中北大学,3,20,复合材料与工程,,"物理,化学",1,4,5500.0
海南,2025,本科批,综合,291,中北大学,3,27,微电子科学与工程,,"物理,化学",1,4,5500.0
海南,2025,本科批,综合,291,中北大学,3,41,探测制导与控制技术,,"物理,化学",1,4,5500.0
海南,2025,本科批,综合,291,中北大学,3,32,数据科学与大数据技术,,"物理,化学",1,4,5500.0
海南,2025,本科批,综合,291,中北大学,3,21,新能源材料与器件,,"物理,化学",1,4,5500.0
海南,2025,本科批,综合,291,中北大学,3,15,新能源汽车工程,,"物理,化学",1,4,5500.0
海南,2025,本科批,综合,291,中北大学,3,19,无机非金属材料工程,,"物理,化学",1,4,5500.0
海南,2025,本科批,综合,291,中北大学,3,14,智能制造工程,,"物理,化学",1,4,5500.0
海南,2025,本科批,综合,291,中北大学,3,44,智能无人系统技术,,"物理,化学",1,4,5500.0
海南,2025,本科批,综合,291,中北大学,3,40,武器系统与工程,,"物理,化学",1,4,5500.0
海南,2025,本科批,综合,291,中北大学,3,31,物联网工程,,"物理,化学",1,4,5500.0
海南,2025,本科批,综合,291,中北大学,3,37,能源化学工程,,"物理,化学",1,4,5500.0
海南,2025,本科批,综合,291,中北大学,3,47,船舶与海洋工程,,"物理,化学",1,4,5500.0
海南,2025,本科批,综合,291,中北大学,3,42,装甲车辆工程,,"物理,化学",1,4,5500.0
海南,2025,本科批,综合,291,中北大学,3,30,轨道交通信号与控制,,"物理,化学",1,4,5500.0
海南,2025,本科批,综合,291,中北大学,3,18,金属材料工程,,"物理,化学",1,4,5500.0
海南,2025,本科批,综合,291,中北大学,3,17,高分子材料与工程,,"物理,化学",1,4,5500.0
海南,2025,本科批,综合,30,中国传媒大学,81,15,数字媒体技术,(中外合作办学)(办学地点在海南陵水黎安国际教育创新试验区),"物理,化学",6,4,100000.0
海南,2025,本科批,综合,30,中国传媒大学,81,14,智能科学与技术,(中外合作办学)(办学地点在海南陵水黎安国际教育创新试验区),"物理,化学",6,4,100000.0
海南,2025,本科批,综合,30,中国传媒大学,4,9,跨境电子商务,,不限,3,4,5000.0
海南,2025,本科批,综合,30,中国传媒大学,4,7,传播学,,不限,2,4,5000.0
海南,2025,本科批,综合,30,中国传媒大学,4,4,广告学,(品牌学方向),不限,2,4,5000.0
海南,2025,本科批,综合,30,中国传媒大学,5,12,数字媒体技术,,"物理,化学",2,4,5500.0
海南,2025,本科批,综合,30,中国传媒大学,5,17,数据科学与大数据技术,,"物理,化学",2,4,5500.0
海南,2025,本科批,综合,30,中国传媒大学,4,6,新闻学,(新闻舆论学方向),不限,2,4,5000.0
海南,2025,本科批,综合,30,中国传媒大学,5,10,智能视听工程,,"物理,化学",2,4,5500.0
海南,2025,本科批,综合,30,中国传媒大学,5,11,电子信息工程,,"物理,化学",2,4,5500.0
海南,2025,本科批,综合,30,中国传媒大学,4,5,网络与新媒体,,不限,2,4,5000.0
海南,2025,本科批,综合,30,中国传媒大学,5,16,网络空间安全,,"物理,化学",2,4,5500.0
海南,2025,本科批,综合,30,中国传媒大学,80,8,英语,(区域国别卓越人才实验班),不限,2,4,6000.0
海南,2025,本科批,综合,30,中国传媒大学,5,13,通信工程,,"物理,化学",2,4,5500.0
海南,2025,国家专项,综合,30,中国传媒大学,3,3,智能视听工程,,"物理,化学",2,4,5500.0
海南,2025,国家专项,综合,30,中国传媒大学,2,2,跨境电子商务,,不限,2,4,5000.0
海南,2025,本科提前批,综合,30,中国传媒大学,1,1,德语,(中德文化交流与国际事务方向),不限,2,4,6000.0
海南,2025,本科批,综合,58,中国地质大学(北京),3,10,地质学类,(包含专业:地质学、地质学(地质地球物理复合)、地质学(旅游地学)、资源勘查工程(固体矿产)、地球化学、地球信息科学与技术(大数据与数字地球)、行星科学；不招色盲、色弱、单色识别不全者),"物理,化学",4,4,5500.0
海南,2025,本科批,综合,58,中国地质大学(北京),3,13,材料类,(包含专业:材料科学与工程、材料化学、材料物理、新能源材料与器件、矿物加工工程；不招色盲、色弱、单色识别不全者),"物理,化学",4,4,5500.0
海南,2025,本科批,综合,58,中国地质大学(北京),3,9,地质类,(包含专业:石油工程、资源勘查工程(能源)、资源勘查工程(新能源地质与工程)、新能源科学与工程、碳储科学与工程；不招色盲、色弱、单色识别不全者),"物理,化学",3,4,5500.0
海南,2025,本科批,综合,58,中国地质大学(北京),3,19,海洋科学,(不招色盲、色弱、单色识别不全者),"物理,化学",3,4,5500.0
海南,2025,本科批,综合,58,中国地质大学(北京),3,17,海洋资源与环境,(不招色盲、色弱、单色识别不全者),"物理,化学",3,4,5500.0
海南,2025,本科批,综合,58,中国地质大学(北京),2,3,会计学,(不招单色识别不全者),不限,2,4,5000.0
海南,2025,本科批,综合,58,中国地质大学(北京),3,15,地球物理学,(不招色盲、单色识别不全者),"物理,化学",2,4,5500.0
海南,2025,本科批,综合,58,中国地质大学(北京),3,11,地质工程,,"物理,化学",2,4,5500.0
海南,2025,本科批,综合,58,中国地质大学(北京),3,16,测控技术与仪器,,"物理,化学",2,4,5500.0
海南,2025,本科批,综合,58,中国地质大学(北京),3,18,海洋工程与技术,(不招色盲、色弱、单色识别不全者),"物理,化学",2,4,5500.0
海南,2025,本科批,综合,58,中国地质大学(北京),3,5,电气工程及其自动化,,"物理,化学",2,4,5500.0
海南,2025,本科批,综合,58,中国地质大学(北京),2,4,自然资源登记与管理,(不招单色识别不全者),不限,2,4,5000.0
海南,2025,本科批,综合,58,中国地质大学(北京),3,6,软件工程,,"物理,化学",2,4,5500.0
海南,2025,本科批,综合,58,中国地质大学(北京),3,12,土木工程,,"物理,化学",1,4,5500.0
海南,2025,本科批,综合,58,中国地质大学(北京),3,8,地下水科学与工程,(不招色盲、色弱、单色识别不全者),"物理,化学",1,4,5500.0
海南,2025,本科批,综合,58,中国地质大学(北京),3,14,宝石及材料工艺学,(不招色盲、色弱、单色识别不全者),"物理,化学",1,4,5500.0
海南,2025,本科批,综合,58,中国地质大学(北京),2,2,工商管理,(不招单色识别不全者),不限,1,4,5000.0
海南,2025,本科批,综合,58,中国地质大学(北京),3,20,数学与应用数学,,"物理,化学",1,4,5500.0
海南,2025,本科批,综合,58,中国地质大学(北京),3,7,水文与水资源工程,,"物理,化学",1,4,5500.0
海南,2025,本科批,综合,1741,中国地质大学(武汉),4,16,海洋科学类,(包含专业:海洋科学、海洋工程与技术；不招色盲、色弱),"物理,化学",8,4,4500.0
海南,2025,本科批,综合,1741,中国地质大学(武汉),4,8,地质类,(资源能源)(包含专业:资源勘查工程；不招色盲、色弱),"物理,化学",5,4,4500.0
海南,2025,本科批,综合,1741,中国地质大学(武汉),4,17,电子信息类,(包含专业:电子信息工程、通信工程；不招色盲),"物理,化学",4,4,5850.0
海南,2025,本科批,综合,1741,中国地质大学(武汉),4,11,宝石及材料工艺学,(不招色盲、色弱),"物理,化学",3,4,5850.0
海南,2025,本科批,综合,1741,中国地质大学(武汉),3,4,工商管理类,(包含专业:工商管理(双语教学班)、会计学),不限,3,4,4500.0
海南,2025,本科批,综合,1741,中国地质大学(武汉),4,13,环境科学与工程类,(环境地球科学类)(包含专业:生物科学、水文与水资源工程、地下水科学与工程、环境工程；不招色盲、色弱),"物理,化学",3,4,4500.0
海南,2025,本科批,综合,1741,中国地质大学(武汉),4,14,计算机类,(包含专业:计算机科学与技术、软件工程、信息安全、智能科学与技术、空间信息与数字技术、数据科学与大数据技术；大类中软件工程专业不招色盲、色弱),"物理,化学",3,4,5850.0
海南,2025,本科批,综合,1741,中国地质大学(武汉),4,10,土木类,(包含专业:土木工程、城市地下空间工程；不招色盲、色弱),"物理,化学",2,4,5850.0
海南,2025,本科批,综合,1741,中国地质大学(武汉),4,18,地理科学类,(包含专业:地理科学、地理信息科学；不招色盲、色弱),"物理,化学",2,4,5850.0
海南,2025,本科批,综合,1741,中国地质大学(武汉),4,6,地质学类,"(国家拔尖计划,国家理科基地班)(包含专业:地质学；不招色盲、色弱)","物理,化学",2,4,4500.0
海南,2025,本科批,综合,1741,中国地质大学(武汉),4,15,地质类,(包含专业:地质工程；不招色盲、色弱),"物理,化学",2,4,5850.0
海南,2025,本科批,综合,1741,中国地质大学(武汉),4,20,数学类,(包含专业:数学与应用数学、信息与计算科学),"物理,化学",2,4,4500.0
海南,2025,本科批,综合,1741,中国地质大学(武汉),3,5,法学,,不限,2,4,4500.0
海南,2025,本科批,综合,1741,中国地质大学(武汉),4,19,测绘类,(测绘与信息类)(包含专业:测绘工程、遥感科学与技术、地理空间信息工程；不招色盲、色弱),"物理,化学",2,4,5850.0
海南,2025,本科批,综合,1741,中国地质大学(武汉),4,7,石油工程,(不招色盲、色弱),"物理,化学",2,4,4500.0
海南,2025,本科批,综合,1741,中国地质大学(武汉),4,9,资源环境大数据工程,(不招色盲、色弱),"物理,化学",2,4,4500.0
海南,2025,本科批,综合,1741,中国地质大学(武汉),4,21,地质学,(不招色盲、色弱),"物理,化学",1,4,4500.0
海南,2025,本科批,综合,1741,中国地质大学(武汉),4,12,物理学,,"物理,化学",1,4,4500.0
海南,2025,本科批,综合,1741,中国地质大学(武汉),3,3,经济学类,(包含专业:经济学、国际经济与贸易),不限,1,4,4500.0
海南,2025,国家专项,综合,1741,中国地质大学(武汉),2,2,机械类,(包含专业:机械设计制造及其自动化),"物理,化学",2,4,5850.0
海南,2025,本科民族班、预科班,综合,1741,中国地质大学(武汉),5,22,少数民族预科班,(预科录取时不分专业；预科培养地点:中国地质大学(武汉)校本部),"物理,化学",2,1,3375.0
海南,2025,本科批,综合,1396,中国海洋大学,80,8,法学,"(中外合作办学)(与美国亚利桑那大学罗杰斯法学院合办,“4+0”“2+2”“3+1”模式均可)",不限,3,4,98000.0
海南,2025,本科批,综合,1396,中国海洋大学,3,11,海洋技术,,"物理,化学",3,4,6600.0
海南,2025,本科批,综合,1396,中国海洋大学,82,30,生物技术,"(中外合作办学)(与澳大利亚阿德莱德大学合办,“4+0”“2+2”“3+2”模式均可)","物理,化学",3,4,60000.0
海南,2025,本科批,综合,1396,中国海洋大学,3,14,电子信息类,(包含专业:电子信息工程、电子信息科学与技术、通信工程、微电子科学与工程、集成电路设计与集成系统；设有中法卓越工程师项目班),"物理,化学",3,4,6600.0
海南,2025,本科批,综合,1396,中国海洋大学,3,15,化学,,"物理,化学",2,4,6600.0
海南,2025,本科批,综合,1396,中国海洋大学,3,27,土木工程,,"物理,化学",2,4,6600.0
海南,2025,本科批,综合,1396,中国海洋大学,3,24,地球信息科学与技术,,"物理,化学",2,4,6600.0
海南,2025,本科批,综合,1396,中国海洋大学,3,23,地质学,,"物理,化学",2,4,6600.0
海南,2025,本科批,综合,1396,中国海洋大学,3,12,声学,,"物理,化学",2,4,6600.0
海南,2025,本科批,综合,1396,中国海洋大学,3,10,大气科学,,"物理,化学",2,4,6600.0
海南,2025,本科批,综合,1396,中国海洋大学,2,5,新闻传播学类,(包含专业:新闻学、网络与新媒体),不限,2,4,5280.0
海南,2025,本科批,综合,1396,中国海洋大学,2,3,旅游管理,,不限,2,4,6600.0
海南,2025,本科批,综合,1396,中国海洋大学,3,16,材料类,(包含专业:材料科学与工程、高分子材料与工程、新能源材料与器件),"物理,化学",2,4,6600.0
海南,2025,本科批,综合,1396,中国海洋大学,3,20,水产养殖学,(教育部卓越农林人才教育培养计划改革试点专业),"物理,化学",2,4,6600.0
海南,2025,本科批,综合,1396,中国海洋大学,2,4,汉语言文学,,不限,2,4,5280.0
海南,2025,本科批,综合,1396,中国海洋大学,3,22,海洋渔业科学与技术,,"物理,化学",2,4,6600.0
海南,2025,本科批,综合,1396,中国海洋大学,3,9,海洋科学,(设有基础学科拔尖计划2.0基地),"物理,化学",2,4,6600.0
海南,2025,本科批,综合,1396,中国海洋大学,3,21,海洋资源与环境,(教育部卓越农林人才教育培养计划改革试点专业),"物理,化学",2,4,6600.0
海南,2025,本科批,综合,1396,中国海洋大学,3,19,海洋资源开发技术,,"物理,化学",2,4,6600.0
海南,2025,本科批,综合,1396,中国海洋大学,3,26,港口航道与海岸工程,,"物理,化学",2,4,6600.0
海南,2025,本科批,综合,1396,中国海洋大学,3,17,生物科学类,(包含专业:生态学、生物技术、生物科学；设有基础学科拔尖计划2.0基地),"物理,化学",2,4,6600.0
海南,2025,本科批,综合,1396,中国海洋大学,3,25,船舶与海洋工程,,"物理,化学",2,4,6600.0
海南,2025,本科批,综合,1396,中国海洋大学,2,6,英语,,不限,2,4,5280.0
海南,2025,本科批,综合,1396,中国海洋大学,81,29,计算机科学与技术,"(中外合作办学)(与英国赫瑞瓦特大学合办,“3+1”模式)","物理,化学",2,4,70000.0
海南,2025,本科批,综合,1396,中国海洋大学,3,13,计算机类,(包含专业:计算机科学与技术、智能科学与技术、数据科学与大数据技术、网络空间安全、软件工程、保密技术；设有软件工程五八卓越人才班、计算机科学与技术卓越工程师班、中法卓越工程师班),"物理,化学",2,4,6600.0
海南,2025,本科批,综合,1396,中国海洋大学,3,28,轮机工程,,"物理,化学",2,4,6600.0
海南,2025,本科批,综合,1396,中国海洋大学,3,18,食品科学与工程类,(包含专业:食品科学与工程、食品营养与健康),"物理,化学",2,4,6600.0
海南,2025,本科批,综合,1396,中国海洋大学,2,2,国际经济与贸易,,不限,1,4,6600.0
海南,2025,本科批,综合,1396,中国海洋大学,2,7,法学,(设有教育部涉外法治人才协同培养创新基地(培育)),不限,1,4,5280.0
海南,2025,本科民族班、预科班,综合,1396,中国海洋大学,4,31,少数民族预科班,(预科培养地点:中国海洋大学),不限,4,1,4000.0
海南,2025,国家专项,综合,1396,中国海洋大学,1,1,材料类,(包含专业:材料科学与工程、高分子材料与工程、新能源材料与器件),"物理,化学",2,4,6600.0
海南,2025,本科批,综合,968,中国计量大学,1,2,标准化工程,,物理,2,4,5520.0
海南,2025,本科批,综合,968,中国计量大学,2,5,测控技术与仪器,,"物理,化学",2,4,6325.0
海南,2025,本科批,综合,968,中国计量大学,2,6,电子信息工程,,"物理,化学",2,4,5500.0
海南,2025,本科批,综合,968,中国计量大学,2,4,电气工程及其自动化,,"物理,化学",2,4,6325.0
海南,2025,本科批,综合,968,中国计量大学,2,3,自动化,,"物理,化学",2,4,6325.0
海南,2025,本科批,综合,968,中国计量大学,1,1,质量管理工程,,物理,2,4,4800.0
海南,2025,本科批,综合,968,中国计量大学,2,7,通信工程,,"物理,化学",2,4,5500.0
海南,2025,本科批,综合,968,中国计量大学,2,8,光电信息科学与工程,,"物理,化学",1,4,6325.0
海南,2025,本科批,综合,1062,中国科学技术大学,1,2,电子信息类,(信息科技方向)(包含专业:电子信息工程、自动化；国家级一流本科专业建设点；含信息科技英才、王大珩科技英才班；依托类脑智能技术及应用国家工程实验室、语音及语言信息处理国家工程研究中心等国家级科研平台进行培养；含学校资助斯坦福大学、华盛顿大学、帝国理工学院等国际交流项目),"物理,化学",3,4,4800.0
海南,2025,本科批,综合,1062,中国科学技术大学,1,1,工科试验班,"(航空航天、人形机器人、低碳能源技术及安全)(包含专业:机器人工程、理论与应用力学、机械设计制造及其自动化、测控技术与仪器、能源与动力工程、安全工程；教育部基础学科拔尖学生培养基地,中国科学院基础和前沿交叉学科贯通培养工程实施基地,国家一流本科专业建设点)","物理,化学",2,4,4800.0
海南,2025,本科批,综合,1062,中国科学技术大学,1,3,物理学类,"(包含专业:物理学、应用物理学、天文学、光电信息科学与工程；教育部基础学科拔尖学生培养基地,中国科学院基础和前沿交叉学科贯通培养工程实施基地,国家级一流本科专业建设点；含严济慈物理科技英才班、王绶琯天文英才班等12个科技英才班)","物理,化学",1,4,4800.0
海南,2025,本科批,综合,1062,中国科学技术大学,1,4,计算机类,"(包含专业:计算机科学与技术；教育部基础学科拔尖学生培养基地,国家一流本科专业建设点；依托认知智能全国重点实验室、国家高性能计算中心(合肥)等多个国家级科研平台进行培养；含学校资助斯坦福大学、华盛顿大学、帝国理工学院等国际交流项目)","物理,化学",1,4,4800.0
海南,2025,本科批,综合,56,中国矿业大学(北京),2,2,工商管理类,(包含专业:工商管理、会计学、大数据管理与应用),物理,4,4,5000.0
海南,2025,本科批,综合,56,中国矿业大学(北京),3,3,安全科学与工程类,(包含专业:安全工程、消防工程、应急技术与管理),"物理,化学",3,4,5500.0
海南,2025,本科批,综合,56,中国矿业大学(北京),3,8,机械类,(包含专业:机械工程、机器人工程),"物理,化学",3,4,5500.0
海南,2025,本科批,综合,56,中国矿业大学(北京),3,7,人工智能,,"物理,化学",2,4,5500.0
海南,2025,本科批,综合,56,中国矿业大学(北京),3,4,化学工程与工艺,,"物理,化学",2,4,5500.0
海南,2025,本科批,综合,56,中国矿业大学(北京),3,9,土木工程,,"物理,化学",2,4,5500.0
海南,2025,本科批,综合,56,中国矿业大学(北京),3,5,电气工程及其自动化,,"物理,化学",2,4,5500.0
海南,2025,本科批,综合,56,中国矿业大学(北京),1,1,英语,,不限,2,4,6000.0
海南,2025,本科批,综合,56,中国矿业大学(北京),3,6,计算机科学与技术,,"物理,化学",2,4,5500.0
海南,2025,本科批,综合,781,中国矿业大学(徐州),3,8,矿业类,(包含专业:采矿工程、矿物加工工程、智能采矿工程、工业工程、新能源科学与工程),"物理,化学",5,4,5200.0
海南,2025,本科批,综合,781,中国矿业大学(徐州),2,2,公共管理类,(包含专业:行政管理、土地资源管理),不限,4,4,5200.0
海南,2025,本科批,综合,781,中国矿业大学(徐州),3,9,土木类,(包含专业:土木工程、工程管理、建筑环境与能源应用工程),"物理,化学",4,4,5200.0
海南,2025,本科批,综合,781,中国矿业大学(徐州),2,3,工商管理类,(包含专业:会计学、人力资源管理、市场营销；不能准确识别红、黄、绿、兰、紫各种颜色中任何一种颜色的导线、按键、信号灯、几何图形者不录取),不限,4,4,5200.0
海南,2025,本科批,综合,781,中国矿业大学(徐州),3,15,电气工程及其自动化,,"物理,化学",4,4,5800.0
海南,2025,本科批,综合,781,中国矿业大学(徐州),3,12,自动化,,"物理,化学",4,4,5800.0
海南,2025,本科批,综合,781,中国矿业大学(徐州),3,19,人工智能,,"物理,化学",3,4,5800.0
海南,2025,本科批,综合,781,中国矿业大学(徐州),3,17,材料科学与工程,,"物理,化学",3,4,5800.0
海南,2025,本科批,综合,781,中国矿业大学(徐州),3,14,环境工程,,"物理,化学",3,4,5800.0
海南,2025,本科批,综合,781,中国矿业大学(徐州),3,7,化工与制药类,(包含专业:化学工程与工艺、应用化学、能源化学工程；不招色盲、色弱、单色识别不全者),"物理,化学",2,4,5500.0
海南,2025,本科批,综合,781,中国矿业大学(徐州),2,5,外国语言文学类,(包含专业:英语、德语),不限,2,4,5200.0
海南,2025,本科批,综合,781,中国矿业大学(徐州),3,10,机器人工程,,"物理,化学",2,4,5800.0
海南,2025,本科批,综合,781,中国矿业大学(徐州),2,6,汉语言文学,,不限,2,4,5200.0
海南,2025,本科批,综合,781,中国矿业大学(徐州),3,13,测绘类,(包含专业:测绘工程、地理信息科学),"物理,化学",2,4,5500.0
海南,2025,本科批,综合,781,中国矿业大学(徐州),3,11,电子信息工程,,"物理,化学",2,4,5800.0
海南,2025,本科批,综合,781,中国矿业大学(徐州),2,4,网络与新媒体,,不限,2,4,5200.0
海南,2025,本科批,综合,781,中国矿业大学(徐州),3,16,能源动力类,(包含专业:储能科学与工程、能源与动力工程),"物理,化学",2,4,5800.0
海南,2025,本科批,综合,781,中国矿业大学(徐州),3,18,计算机类,(包含专业:计算机科学与技术、信息安全、数据科学与大数据技术),"物理,化学",2,4,5800.0
海南,2025,国家专项,综合,781,中国矿业大学(徐州),1,1,地质类,(包含专业:地质工程、资源勘查工程),"物理,化学",2,4,5800.0
海南,2025,本科批,综合,65,中国劳动关系学院,1,1,劳动与社会保障,"(办学地点:北京校本部；低年级在涿州校区就读,详见招生章程)",不限,6,4,4200.0
海南,2025,本科批,综合,65,中国劳动关系学院,1,7,酒店管理,"(办学地点:北京校本部；低年级在涿州校区就读,详见招生章程)",不限,5,4,4200.0
海南,2025,本科批,综合,65,中国劳动关系学院,1,4,行政管理,"(办学地点:北京校本部；低年级在涿州校区就读,详见招生章程)",不限,4,4,4200.0
海南,2025,本科批,综合,65,中国劳动关系学院,1,6,新闻学,"(办学地点:北京校本部；低年级在涿州校区就读,详见招生章程)",不限,3,4,4200.0
海南,2025,本科批,综合,65,中国劳动关系学院,1,2,经济学,"(办学地点:北京校本部；低年级在涿州校区就读,详见招生章程)",不限,3,4,4200.0
海南,2025,本科批,综合,65,中国劳动关系学院,2,9,安全工程,"(办学地点:北京校本部；低年级在涿州校区就读,详见招生章程)","物理,化学",2,4,4600.0
海南,2025,本科批,综合,65,中国劳动关系学院,1,8,旅游管理,"(办学地点:北京校本部；低年级在涿州校区就读,详见招生章程)",不限,2,4,4200.0
海南,2025,本科批,综合,65,中国劳动关系学院,1,5,社会工作,"(办学地点:北京校本部；低年级在涿州校区就读,详见招生章程)",不限,2,4,4200.0
海南,2025,本科批,综合,65,中国劳动关系学院,2,11,计算机科学与技术,"(办学地点:北京校本部；低年级在涿州校区就读,详见招生章程)","物理,化学",2,4,4600.0
海南,2025,本科批,综合,65,中国劳动关系学院,2,10,应用统计学,"(办学地点:北京校本部；低年级在涿州校区就读,详见招生章程)","物理,化学",1,4,4600.0
海南,2025,本科批,综合,65,中国劳动关系学院,1,3,法学,"(办学地点:北京校本部；低年级在涿州校区就读,详见招生章程)",不限,1,4,4200.0
海南,2025,本科批,综合,100,中国民航大学,2,2,工商管理类,(航空运输管理与航空金融)(包含专业:经济与金融、工商管理、会计学、财务管理),不限,8,4,5200.0
海南,2025,本科批,综合,100,中国民航大学,4,11,工科试验班,"(智慧空中交通管制)(包含专业:交通运输(空中交通管制)、智慧交通；原则上只招男生；单眼裸视未达到E字表4.0及以上,存在语言、发音、听力障碍,色弱、色盲不宜就读)","物理,化学",8,4,5800.0
海南,2025,本科批,综合,100,中国民航大学,3,9,交通管理,"(飞行运行管理)(原则上只招男生；单眼裸视未达到E字表4.0及以上,存在语言、发音、听力障碍,色弱、色盲不宜就读)",物理,5,4,5200.0
海南,2025,本科批,综合,100,中国民航大学,4,14,信息安全,(色弱、色盲不宜就读),"物理,化学",4,4,5800.0
海南,2025,本科批,综合,100,中国民航大学,4,13,工科试验班,(智能与计算机)(包含专业:计算机科学与技术、人工智能；色弱、色盲不宜就读),"物理,化学",4,4,5800.0
海南,2025,本科批,综合,100,中国民航大学,4,22,工科试验班,(民航安全与应急类)(包含专业:安全工程、应急技术与管理；色弱、色盲不宜就读),"物理,化学",4,4,5800.0
海南,2025,本科批,综合,100,中国民航大学,4,15,应用气象学,(航空气象)(色弱、色盲不宜就读),"物理,化学",4,4,5800.0
海南,2025,本科批,综合,100,中国民航大学,4,16,交通工程,(机场规划与运行),"物理,化学",3,4,5800.0
海南,2025,本科批,综合,100,中国民航大学,4,26,无人驾驶航空器系统工程,,"物理,化学",3,4,5800.0
海南,2025,本科批,综合,100,中国民航大学,4,28,材料物理,(先进航空材料及智能设计),"物理,化学",3,4,5800.0
海南,2025,本科批,综合,100,中国民航大学,3,10,物流管理,(航空物流),物理,3,4,5200.0
海南,2025,本科批,综合,100,中国民航大学,4,19,统计学,(民航大数据),"物理,化学",3,4,5800.0
海南,2025,本科批,综合,100,中国民航大学,2,3,英语,(民航外语),不限,3,4,5800.0
海南,2025,本科批,综合,100,中国民航大学,4,23,飞行器运维工程,(色弱、色盲不宜就读),"物理,化学",3,4,5800.0
海南,2025,本科批,综合,100,中国民航大学,4,25,飞行器适航技术,(色弱、色盲不宜就读),"物理,化学",3,4,5800.0
海南,2025,本科批,综合,100,中国民航大学,4,18,信息与计算科学,,"物理,化学",2,4,5800.0
海南,2025,本科批,综合,100,中国民航大学,4,17,土木工程,(机场工程),"物理,化学",2,4,5800.0
海南,2025,本科批,综合,100,中国民航大学,4,20,工科试验班,"(中外合作办学,中欧航空工程师)(包含专业:飞行器动力工程；中外合作办学；色弱、色盲不宜就读；高考投档成绩须超过当地特殊类型招生控制线120分(含))","物理,化学",2,4,5800.0
海南,2025,本科批,综合,100,中国民航大学,4,27,材料化学,(航空材料与器件处理),"物理,化学",2,4,5800.0
海南,2025,本科批,综合,100,中国民航大学,4,24,飞行器质量与可靠性,(色弱、色盲不宜就读),"物理,化学",2,4,5800.0
海南,2025,本科批,综合,100,中国民航大学,4,12,工科试验班,(电子信息与电气自动化)(包含专业:电子信息工程(航空电子)、电气工程及其自动化(航空电气)、通信工程、自动化、物联网工程；色弱、色盲不宜就读),"物理,化学",15,4,5800.0
海南,2025,本科批,综合,100,中国民航大学,4,21,工科试验班,(航空航天)(包含专业:飞行器动力工程(航空发动机)、飞行器制造工程(飞机结构与系统)、机械电子工程(飞机机电附件)、材料科学与工程、飞行器设计与工程、新能源科学与工程、油气储运工程(机场供油工程)；色弱、色盲不宜就读),"物理,化学",15,4,5800.0
海南,2025,本科批,综合,100,中国民航大学,2,8,应用心理学,,不限,1,4,5800.0
海南,2025,本科批,综合,100,中国民航大学,5,29,思想政治教育,,政治,1,4,5200.0
海南,2025,本科批,综合,100,中国民航大学,2,5,法学,(航空法),不限,1,4,5200.0
海南,2025,本科批,综合,100,中国民航大学,2,7,法语,(民航外语)(与天津外国语大学联合培养),不限,1,4,5800.0
海南,2025,本科批,综合,100,中国民航大学,2,6,翻译,,不限,1,4,5800.0
海南,2025,本科批,综合,100,中国民航大学,2,4,航空安防管理,"(原则上只招男生,建议身高不低于170cm;色弱、色盲不宜就读)",不限,1,4,5200.0
海南,2025,国家专项,综合,2368,中国民用航空飞行学院,2,3,交通运输,"(空中交通管制、飞行签派、航行情报)(应满足《民用航空人员体检合格证管理规则》(CCAR-67FS-R2)规定,无色盲色弱,无显斜视,无语言、发音或听力障碍,无精神疾病病史等,建议报考该专业每眼裸眼视力低于4.0(E字表)的考生谨慎报考；建议女生谨慎报考)","物理,化学",1,4,6500.0
海南,2025,国家专项,综合,2368,中国民用航空飞行学院,2,2,信息与计算科学,(不招色盲、色弱),"物理,化学",1,4,6500.0
海南,2025,本科批,综合,2368,中国民用航空飞行学院,5,26,安全工程,(建议女生谨慎报考；不招色盲、色弱；无嗅觉障碍),"物理,化学",5,4,6500.0
海南,2025,本科批,综合,2368,中国民用航空飞行学院,5,20,飞行器制造工程,(飞机结构维修)(不招色盲、色弱),"物理,化学",5,4,6500.0
海南,2025,本科批,综合,2368,中国民用航空飞行学院,5,17,无人驾驶航空器系统工程,(建议女生谨慎报考；不招色盲、色弱),"物理,化学",4,4,6500.0
海南,2025,本科批,综合,2368,中国民用航空飞行学院,5,14,电气工程及其自动化,(航空电气设备维修)(建议女生谨慎报考；不招色盲、色弱),"物理,化学",4,4,6500.0
海南,2025,本科批,综合,2368,中国民用航空飞行学院,5,16,计算机科学与技术,(不招色盲、色弱),"物理,化学",4,4,6500.0
海南,2025,本科批,综合,2368,中国民用航空飞行学院,5,19,飞行器动力工程,(飞机发动机维修)(建议女生谨慎报考；不招色盲、色弱),"物理,化学",4,4,6500.0
海南,2025,本科批,综合,2368,中国民用航空飞行学院,5,22,交通工程,(机场管理与工程)(不招色盲、色弱),"物理,化学",3,4,6500.0
海南,2025,本科批,综合,2368,中国民用航空飞行学院,4,9,交通管理,(机场运行管理)(不招色盲、色弱),物理,3,4,4800.0
海南,2025,本科批,综合,2368,中国民用航空飞行学院,5,28,人工智能,(不招色盲、色弱),"物理,化学",3,4,6500.0
海南,2025,本科批,综合,2368,中国民用航空飞行学院,5,24,导航工程,(导航应用与规划、空管保障设施)(不招色盲、色弱),"物理,化学",3,4,6500.0
海南,2025,本科批,综合,2368,中国民用航空飞行学院,3,4,市场营销,,不限,3,4,4800.0
海南,2025,本科批,综合,2368,中国民用航空飞行学院,5,10,应用气象学,(机场气象预报、航空公司气象分析)(不招色盲、色弱),"物理,化学",3,4,6500.0
海南,2025,本科批,综合,2368,中国民用航空飞行学院,5,29,智慧交通,(不招色盲、色弱),"物理,化学",3,4,6500.0
海南,2025,本科批,综合,2368,中国民用航空飞行学院,5,27,消防工程,(建议女生谨慎报考；不招色盲、色弱；无嗅觉障碍),"物理,化学",3,4,6500.0
海南,2025,本科批,综合,2368,中国民用航空飞行学院,4,7,物流工程,(航空物流)(不招色盲、色弱),物理,3,4,4800.0
海南,2025,本科批,综合,2368,中国民用航空飞行学院,5,15,电子信息工程,(航空电子设备维修)(建议女生谨慎报考；不招色盲、色弱),"物理,化学",3,4,6500.0
海南,2025,本科批,综合,2368,中国民用航空飞行学院,5,13,信息与计算科学,(不招色盲、色弱),"物理,化学",2,4,6500.0
海南,2025,本科批,综合,2368,中国民用航空飞行学院,3,5,工商管理,,不限,2,4,4800.0
海南,2025,本科批,综合,2368,中国民用航空飞行学院,4,8,应急管理,,物理,2,4,4800.0
海南,2025,本科批,综合,2368,中国民用航空飞行学院,4,6,应用心理学,,物理,2,4,6500.0
海南,2025,本科批,综合,2368,中国民用航空飞行学院,5,30,新能源科学与工程,(航空新能源开发及其利用)(不招色盲、色弱；无嗅觉障碍),"物理,化学",2,4,6500.0
海南,2025,本科批,综合,2368,中国民用航空飞行学院,5,12,物联网工程,(不招色盲、色弱),"物理,化学",2,4,6500.0
海南,2025,本科批,综合,2368,中国民用航空飞行学院,5,18,飞行器适航技术,(建议女生谨慎报考；不招色盲、色弱),"物理,化学",2,4,6500.0
海南,2025,本科批,综合,2368,中国民用航空飞行学院,5,23,交通运输,"(空中交通管制、飞行签派、航行情报)(应满足《民用航空人员体检合格证管理规则》(CCAR-67FS-R2)规定,无色盲色弱,无显斜视,无语言、发音或听力障碍,无精神疾病病史等,建议报考该专业每眼裸眼视力低于4.0(E字表)的考生谨慎报考；建议女生谨慎报考)","物理,化学",10,4,6500.0
海南,2025,本科批,综合,2368,中国民用航空飞行学院,5,11,大气科学,(不招色盲、色弱),"物理,化学",1,4,6500.0
海南,2025,本科批,综合,2368,中国民用航空飞行学院,5,21,航空航天工程,(直升机维修工程)(建议女生谨慎报考；不招色盲、色弱),"物理,化学",1,4,6500.0
海南,2025,本科批,综合,2368,中国民用航空飞行学院,5,25,飞行器设计与工程,(民用航空器设计)(建议女生谨慎报考；不招色盲、色弱),"物理,化学",1,4,6500.0
海南,2025,本科提前批,综合,2368,中国民用航空飞行学院,1,1,飞行技术,"(运输机驾驶)(送培单位为中国南方航空公司；基本学制四年(根据飞行训练安排,实行弹性学制)；报考该专业须提前经过民航专业机构的招飞体检鉴定、民用航空背景调查、飞行职业心理学检测合格；合格考生再依据投档成绩从高到低顺序录取；报考该专业须仔细阅读该校招生章程)","物理,化学",5,4,6500.0
海南,2025,本科批,综合,18,中国农业大学,3,9,食品科学与工程类,(包含专业:食品科学与工程、食品质量与安全、葡萄与葡萄酒工程、食品营养与健康),"物理,化学",4,4,5000.0
海南,2025,本科批,综合,18,中国农业大学,3,4,农学,(包含农学、种子科学与工程两个专业方向),"物理,化学",3,4,3000.0
海南,2025,本科批,综合,18,中国农业大学,3,6,动物科学,,"物理,化学",3,4,3000.0
海南,2025,本科批,综合,18,中国农业大学,2,3,传播学,"(中外合作办学)(学费国内一年级10万元/(生/年),二年级起12.98万元/(生/年)；如出国学习,合作院校将按留学生标准收取学费；详细信息详见院校招生网站)",不限,2,4,
海南,2025,本科批,综合,18,中国农业大学,3,10,动物医学类,(包含专业:动物医学、中兽医学、兽医公共卫生),"物理,化学",2,5,3000.0
海南,2025,本科批,综合,18,中国农业大学,2,2,国际经济与贸易,"(中外合作办学)(学费国内一年级10万元/(生/年),二年级起12.98万元/(生/年)；如出国学习,合作院校将按留学生标准收取学费；详细信息详见院校招生网站)",不限,2,4,
海南,2025,本科批,综合,18,中国农业大学,3,8,植物保护,,"物理,化学",2,4,3000.0
海南,2025,本科批,综合,18,中国农业大学,3,7,生物科学类,(包含专业:生物科学、生物技术),"物理,化学",2,4,5000.0
海南,2025,本科批,综合,18,中国农业大学,3,5,理科试验班类,(生命科学)(包含专业:生物科学类、农学、种子科学与工程、园艺、植物保护、动物医学类、动物科学、草业科学、环境科学与工程类、食品科学与工程类、化学类),"物理,化学",1,4,5000.0
海南,2025,国家专项,综合,18,中国农业大学,1,1,园艺,,"物理,化学",1,4,3000.0
海南,2025,本科批,综合,2,中国人民大学,1,2,经济学类,"(包含专业:经济学、国民经济管理、能源经济、国际经济与贸易；无时点专业选择；学院内专业任选,毕业时认定专业；国际交流:美国伊利诺伊大学香槟分校、威斯康星大学麦迪逊分校、英国曼彻斯特大学、日本九州大学等名校联合培养项目,英国牛津大学、德国波鸿鲁尔大学等夏/冬令营项目,详见院校招生章程)",不限,2,4,5000.0
海南,2025,本科批,综合,2,中国人民大学,2,10,统计学类,"(包含专业:经济统计学、应用统计学、统计学、数据科学；大类中专业任选；国际交流:含威斯康星大学统计学硕士项目、爱荷华州立大学统计学博士推荐项目等,详见院校招生章程)","物理,化学",2,4,5000.0
海南,2025,本科批,综合,946,中国人民大学,1,1,金融学,"(中外合作办学)(合作院校为法国KEDGE商学院,毕业时可获中法双学位并可赴该校攻读硕士)",不限,2,4,70000.0
海南,2025,本科批,综合,2,中国人民大学,1,3,金融学类,"(包含专业:金融学、保险学；大类中专业任选；国际交流:含剑桥大学本科生访学项目、康奈尔大学暑期学校,伊利诺伊大学香槟分校、明尼苏达双城大学、威斯康辛大学麦迪逊分校、新加坡管理大学双硕士、3+1学位联合培养等,详见院校招生章程)",不限,2,4,5000.0
海南,2025,本科批,综合,2,中国人民大学,2,9,人工智能,"(培养人工智能精英人才；学科实力和师资力量雄厚；长周期衔接培养,高质量中英文课程；本科生科研领航计划,全员配备学术导师,多位本科生发表国际论文；实践资源丰富,5个省部级实验室和研究中心,3个校企联合实验室,20+高端实践基地)","物理,化学",1,4,5000.0
海南,2025,本科批,综合,2,中国人民大学,1,6,公共管理类,"(统计与国土治理创新人才班)(包含专业:土地资源管理；公共管理学院与统计学院共同培养,毕业获管理学、经济学双主学士学位)",不限,1,4,5000.0
海南,2025,本科批,综合,2,中国人民大学,1,7,公共管理类,"(行政、土地、城市)(包含专业:行政管理、城市管理、土地资源管理；大类中专业任选；国家一流本科专业,国际交流:美国华盛顿大学、英国剑桥大学、德国慕尼黑工业大学、荷兰格罗宁根大学、日本一桥大学等学生交换项目,详见院校招生章程)",不限,1,4,5000.0
海南,2025,本科批,综合,2,中国人民大学,1,4,新闻传播学类,"(包含专业:新闻学、广播电视学、广告学、传播学、国际新闻与传播；无时点专业选择；培养方向涵盖智能传播、全媒体新闻生产、国际传播、视听传播等国家前沿战略发展领域；特色培养项目:国际新闻传播战略人才班；国际交流:与多所世界知名大学新闻院系建立联合培养关系,境外交流奖学金资助全员覆盖,详见院校招生章程)",不限,1,4,5000.0
海南,2025,本科批,综合,2,中国人民大学,1,1,法学,"(含涉外法治战略人才班；国际交流:含哈佛大学、鲁汶大学、新加坡国立大学等免学费交换项目,“亚洲校园+”项目(中日韩三国政府奖学金支持)、中欧欧洲法国际组织后备人才培养项目(国家留基委资助)等,详见院校招生章程)",不限,1,4,5000.0
海南,2025,本科批,综合,2,中国人民大学,1,5,经济学类,(新时代经济学拔尖人才班)(包含专业:经济学),不限,1,4,5000.0
海南,2025,本科批,综合,2,中国人民大学,2,8,计算机类,"(包含专业:计算机科学与技术、信息安全、数据科学与大数据技术、信息管理与信息系统；依托教育部智能基座基地、拔尖基地2.0、一部六院项目；“大数据+人工智能”特色培养体系；无时点自主专业选择；全部国家级一流本科专业；国际合作:美国纽约州立大学宾汉姆顿分校双学位项目,详见院校招生章程)","物理,化学",1,4,5000.0
海南,2025,本科提前批(面试),综合,37,中国人民公安大学,1,4,公安视听技术,(男生)(只招男生),"物理,化学",9,4,4600.0
海南,2025,本科提前批(面试),综合,37,中国人民公安大学,1,3,交通管理工程,(男生)(只招男生),"物理,化学",7,4,4600.0
海南,2025,本科提前批(面试),综合,37,中国人民公安大学,1,2,安全防范工程,(男生)(只招男生),"物理,化学",7,4,4600.0
海南,2025,本科提前批(面试),综合,37,中国人民公安大学,2,15,治安学,(男生)(只招男生),政治,7,4,4200.0
海南,2025,本科提前批(面试),综合,37,中国人民公安大学,2,18,侦查学,(男生)(只招男生),政治,5,4,4200.0
海南,2025,本科提前批(面试),综合,37,中国人民公安大学,2,19,公安情报学,(男生)(只招男生),政治,5,4,4200.0
海南,2025,本科提前批(面试),综合,37,中国人民公安大学,1,1,刑事科学技术,(男生)(只招男生),"物理,化学",5,4,4600.0
海南,2025,本科提前批(面试),综合,37,中国人民公安大学,1,6,数据警务技术,(男生)(只招男生),"物理,化学",5,4,4600.0
海南,2025,本科提前批(面试),综合,37,中国人民公安大学,2,20,涉外警务,(男生)(只招男生；英语单科成绩不低于105分(150分制)),政治,5,4,4200.0
海南,2025,本科提前批(面试),综合,37,中国人民公安大学,2,23,移民管理,(男生)(只招男生),政治,3,4,4200.0
海南,2025,本科提前批(面试),综合,37,中国人民公安大学,1,5,网络安全与执法,(男生)(只招男生),"物理,化学",3,4,4600.0
海南,2025,本科提前批(面试),综合,37,中国人民公安大学,2,22,公安管理学,(男生)(只招男生),政治,2,4,4200.0
海南,2025,本科提前批(面试),综合,37,中国人民公安大学,2,17,犯罪学,(男生)(只招男生),政治,2,4,4200.0
海南,2025,本科提前批(面试),综合,37,中国人民公安大学,2,31,移民管理,(面向移民机构入警就业)(男生)(只招男生；面向生源地国家移民管理机构入警就业),政治,2,4,4200.0
海南,2025,本科提前批(面试),综合,37,中国人民公安大学,1,10,交通管理工程,(女生)(只招女生),"物理,化学",1,4,4600.0
海南,2025,本科提前批(面试),综合,37,中国人民公安大学,2,26,侦查学,(女生)(只招女生),政治,1,4,4200.0
海南,2025,本科提前批(面试),综合,37,中国人民公安大学,2,28,公安情报学,(女生)(只招女生),政治,1,4,4200.0
海南,2025,本科提前批(面试),综合,37,中国人民公安大学,2,24,公安政治工作,(男生)(只招男生),政治,1,4,4200.0
海南,2025,本科提前批(面试),综合,37,中国人民公安大学,1,8,公安视听技术,(女生)(只招女生),"物理,化学",1,4,4600.0
海南,2025,本科提前批(面试),综合,37,中国人民公安大学,1,7,刑事科学技术,(女生)(只招女生),"物理,化学",1,4,4600.0
海南,2025,本科提前批(面试),综合,37,中国人民公安大学,1,9,安全防范工程,(女生)(只招女生),"物理,化学",1,4,4600.0
海南,2025,本科提前批(面试),综合,37,中国人民公安大学,1,12,数据警务技术,(女生)(只招女生),"物理,化学",1,4,4600.0
海南,2025,本科提前批(面试),综合,37,中国人民公安大学,1,13,数据警务技术,(面向海关缉私部门入警就业)(男生)(只招男生；面向生源地海关缉私部门入警就业),"物理,化学",1,4,4600.0
海南,2025,本科提前批(面试),综合,37,中国人民公安大学,2,16,治安学,(警察法学方向)(男生)(只招男生),政治,1,4,4200.0
海南,2025,本科提前批(面试),综合,37,中国人民公安大学,2,25,治安学,(女生)(只招女生),政治,1,4,4200.0
海南,2025,本科提前批(面试),综合,37,中国人民公安大学,2,27,治安学,(警察法学方向)(女生)(只招女生),政治,1,4,4200.0
海南,2025,本科提前批(面试),综合,37,中国人民公安大学,2,29,涉外警务,(女生)(只招女生；英语单科成绩不低于105分(150分制)),政治,1,4,4200.0
海南,2025,本科提前批(面试),综合,37,中国人民公安大学,2,30,移民管理,(女生)(只招女生),政治,1,4,4200.0
海南,2025,本科提前批(面试),综合,37,中国人民公安大学,1,11,网络安全与执法,(女生)(只招女生),"物理,化学",1,4,4600.0
海南,2025,本科提前批(面试),综合,37,中国人民公安大学,1,14,网络安全与执法,(面向移民机构入警就业)(男生)(只招男生；面向生源地国家移民管理机构入警就业),"物理,化学",1,4,4600.0
海南,2025,本科提前批(面试),综合,37,中国人民公安大学,2,21,警务指挥与战术,(男生)(只招男生),政治,1,4,4200.0
海南,2025,本科提前批(面试),综合,183,中国人民警察大学,2,10,出入境管理,(男生、面向地方公安机关入警就业)(只招男生；面向地方公安机关入警就业),政治,9,4,4900.0
海南,2025,本科提前批(面试),综合,183,中国人民警察大学,2,9,移民管理,(男生、面向地方公安机关入警就业)(只招男生；面向地方公安机关入警就业),政治,8,4,4900.0
海南,2025,本科提前批(面试),综合,183,中国人民警察大学,1,5,数据警务技术,(男生、面向地方公安机关入警就业)(只招男生；面向地方公安机关入警就业),"物理,化学",7,4,4900.0
海南,2025,本科提前批(面试),综合,183,中国人民警察大学,2,15,涉外警务,(男生)(只招男生；面向地方公安机关入警就业；英语单科成绩不低于105分(150分制)),政治,7,4,4900.0
海南,2025,本科提前批(面试),综合,183,中国人民警察大学,1,4,刑事科学技术,(男生)(只招男生；面向地方公安机关入警就业),"物理,化学",6,4,4900.0
海南,2025,本科提前批(面试),综合,183,中国人民警察大学,1,6,网络安全与执法,(男生)(只招男生；面向地方公安机关入警就业),"物理,化学",6,4,4900.0
海南,2025,本科提前批(面试),综合,183,中国人民警察大学,2,23,警务指挥与战术,(无人驾驶航空器警务应用方向)(男生)(只招男生；面向地方公安机关入警就业),政治,4,4,4900.0
海南,2025,本科提前批(面试),综合,183,中国人民警察大学,1,7,食品药品环境犯罪侦查技术,(女生)(只招女生；面向地方公安机关入警就业),"物理,化学",3,4,4900.0
海南,2025,本科提前批(面试),综合,183,中国人民警察大学,2,17,出入境管理,(女生)(只招女生；面向地方公安机关入警就业),政治,2,4,4900.0
海南,2025,本科提前批(面试),综合,183,中国人民警察大学,2,12,警务指挥与战术,(男生)(只招男生；面向地方公安机关入警就业),政治,2,4,4900.0
海南,2025,本科提前批(面试),综合,183,中国人民警察大学,1,1,食品药品环境犯罪侦查技术,(男生)(只招男生；面向地方公安机关入警就业),"物理,化学",12,4,4900.0
海南,2025,本科提前批(面试),综合,183,中国人民警察大学,2,16,公安情报学,(女生)(只招女生；面向地方公安机关入警就业),政治,1,4,4900.0
海南,2025,本科提前批(面试),综合,183,中国人民警察大学,2,18,公安情报学,(男生、面向地方公安机关入警就业)(只招男生；面向地方公安机关入警就业),政治,1,4,4900.0
海南,2025,本科提前批(面试),综合,183,中国人民警察大学,2,22,公安情报学,(男生、面向移民管理机构入警就业)(只招男生；面向移民管理机构入警就业),政治,1,4,4900.0
海南,2025,本科提前批(面试),综合,183,中国人民警察大学,2,19,公安政治工作,(男生)(只招男生；面向地方公安机关入警就业),政治,1,4,4900.0
海南,2025,本科提前批(面试),综合,183,中国人民警察大学,2,20,出入境管理,(男生、面向移民管理机构入警就业)(只招男生；面向移民管理机构入警就业),政治,1,4,4900.0
海南,2025,本科提前批(面试),综合,183,中国人民警察大学,1,3,数据警务技术,(女生)(只招女生；面向地方公安机关入警就业),"物理,化学",1,4,4900.0
海南,2025,本科提前批(面试),综合,183,中国人民警察大学,1,8,数据警务技术,(男生、面向移民管理机构入警就业)(只招男生；面向移民管理机构入警就业),"物理,化学",1,4,4900.0
海南,2025,本科提前批(面试),综合,183,中国人民警察大学,2,13,涉外警务,(女生、面向地方公安机关入警就业)(只招女生；面向地方公安机关入警就业；英语单科成绩不低于105分(150分制)),政治,1,4,4900.0
海南,2025,本科提前批(面试),综合,183,中国人民警察大学,2,21,涉外警务,(女生、面向移民管理机构入警就业)(只招女生；面向移民管理机构入警就业；英语单科成绩不低于105分(150分制)),政治,1,4,4900.0
海南,2025,本科提前批(面试),综合,183,中国人民警察大学,2,11,移民管理,(女生)(只招女生；面向地方公安机关入警就业),政治,1,4,4900.0
海南,2025,本科提前批(面试),综合,183,中国人民警察大学,2,14,移民管理,(男生、面向移民管理机构入警就业)(只招男生；面向移民管理机构入警就业),政治,1,4,4900.0
海南,2025,本科提前批(面试),综合,183,中国人民警察大学,1,2,网络安全与执法,(女生)(只招女生；面向地方公安机关入警就业),"物理,化学",1,4,4900.0
海南,2025,本科提前批(面试),综合,183,中国人民警察大学,2,24,警务指挥与战术,(无人驾驶航空器警务应用方向)(女生)(只招女生；面向地方公安机关入警就业),政治,1,4,4900.0
海南,2025,本科批,综合,183,中国人民警察大学,4,26,消防工程,"(非公安专业,毕业后自主就业；具体标准详见院校招生章程)","物理,化学",4,4,4900.0
海南,2025,本科批,综合,183,中国人民警察大学,4,27,抢险救援指挥与技术,"(非公安专业,毕业后自主就业；具体标准详见院校招生章程；不建议女生报考)","物理,化学",2,4,4900.0
海南,2025,本科批,综合,183,中国人民警察大学,4,28,核生化消防,"(非公安专业,毕业后自主就业；具体标准详见院校招生章程；不建议女生报考)","物理,化学",2,4,4900.0
海南,2025,国家专项,综合,183,中国人民警察大学,3,25,抢险救援指挥与技术,(非公安专业；毕业后自主就业；不建议女生报考；具体标准详见学校招生章程),"物理,化学",2,4,4900.0
海南,2025,本科批,综合,57,中国石油大学(北京),1,9,海洋油气工程,,"物理,化学",3,4,5500.0
海南,2025,本科批,综合,57,中国石油大学(北京),1,2,石油工程,,"物理,化学",3,4,5500.0
海南,2025,本科批,综合,57,中国石油大学(北京),1,3,资源勘查工程,(油气与清洁地质能源),"物理,化学",3,4,5500.0
海南,2025,本科批,综合,57,中国石油大学(北京),1,10,勘查技术与工程,,"物理,化学",2,4,5500.0
海南,2025,本科批,综合,57,中国石油大学(北京),1,4,化学工程与工艺,,"物理,化学",2,4,5500.0
海南,2025,本科批,综合,57,中国石油大学(北京),1,1,机械类,(包含专业:机器人工程、机械设计制造及其自动化),"物理,化学",2,4,5200.0
海南,2025,本科批,综合,57,中国石油大学(北京),1,11,材料科学与工程,,"物理,化学",2,4,5200.0
海南,2025,本科批,综合,57,中国石油大学(北京),1,6,能源与动力工程,,"物理,化学",2,4,5200.0
海南,2025,本科批,综合,57,中国石油大学(北京),1,5,油气储运工程,,"物理,化学",1,4,5500.0
海南,2025,本科批,综合,57,中国石油大学(北京),1,7,自动化,,"物理,化学",1,4,5200.0
海南,2025,本科批,综合,57,中国石油大学(北京),1,8,计算机科学与技术,,"物理,化学",1,4,5200.0
海南,2025,本科批,综合,2938,中国石油大学(北京)克拉玛依校区,1,2,化学工程与工艺,,"物理,化学",2,4,3500.0
海南,2025,本科批,综合,2938,中国石油大学(北京)克拉玛依校区,1,1,能源化学工程,,"物理,化学",2,4,3500.0
海南,2025,本科批,综合,2938,中国石油大学(北京)克拉玛依校区,1,3,油气储运工程,,"物理,化学",1,4,3500.0
海南,2025,本科批,综合,1398,中国石油大学(华东),2,7,化工与制药类,(智能化工)(包含专业:化工安全工程、化学工程与工艺、能源化学工程；学生分流时在类内专业任选；入校后可选拔进入智能化工类特色班、能源化工拔尖班(特色)、化学拔尖班),"物理,化学",3,4,6600.0
海南,2025,本科批,综合,1398,中国石油大学(华东),2,3,地球物理学,(入校后可选拔进入拔尖基地特色班),"物理,化学",3,4,6600.0
海南,2025,本科批,综合,1398,中国石油大学(华东),2,16,机械类,(智能装备工程)(包含专业:车辆工程、工业设计、机械设计制造及其自动化、智能制造工程；学生分流时在类内专业任选；入校后可选拔进入机械类特色班),"物理,化学",3,4,6600.0
海南,2025,本科批,综合,1398,中国石油大学(华东),2,9,材料类,(包含专业:材料成型及控制工程、材料科学与工程、新能源材料与器件；学生分流时在类内专业任选；入校后可选拔进入材料卓越班),"物理,化学",3,4,6600.0
海南,2025,本科批,综合,1398,中国石油大学(华东),2,13,光电信息科学与工程,(入校后可选拔进入数力拔尖基地班),"物理,化学",2,4,6600.0
海南,2025,本科批,综合,1398,中国石油大学(华东),2,4,地球物理学,(双学士学位)(地球物理学与工程力学双学士学位),"物理,化学",2,4,6600.0
海南,2025,本科批,综合,1398,中国石油大学(华东),2,8,建筑环境与能源应用工程,(入学后可选拔进入能源储运类特色班、数力拔尖基地班),"物理,化学",2,4,6600.0
海南,2025,本科批,综合,1398,中国石油大学(华东),2,15,数学类,(包含专业:数学与应用数学、信息与计算科学；学生分流时在类内专业任选；入校后可选拔进入数力拔尖基地班),"物理,化学",2,4,6600.0
海南,2025,本科批,综合,1398,中国石油大学(华东),2,14,数据科学与大数据技术,(入校后可选拔进入数力拔尖基地班),"物理,化学",2,4,6600.0
海南,2025,本科批,综合,1398,中国石油大学(华东),2,5,海洋油气工程,(入校后可选拔进入石油工程类(未来)特色班),"物理,化学",2,4,6600.0
海南,2025,本科批,综合,1398,中国石油大学(华东),2,10,电气工程及其自动化,(入校后可选拔进入碳中和未来班(特色)、电气卓越班),"物理,化学",2,4,6600.0
海南,2025,本科批,综合,1398,中国石油大学(华东),2,6,石油工程,(入校后可选拔进入石油工程类(未来)特色班、油气+人工智能实验班),"物理,化学",2,4,6600.0
海南,2025,本科批,综合,1398,中国石油大学(华东),2,11,能源与动力工程,(入校后可选拔进入碳中和未来班(特色)),"物理,化学",2,4,6600.0
海南,2025,本科批,综合,1398,中国石油大学(华东),2,12,计算机科学与技术,(入校后可选拔进入人工智能类特色班),"物理,化学",2,4,6600.0
海南,2025,国家专项,综合,1398,中国石油大学(华东),1,1,安全工程,(入校后可选拔进入机械类特色班),"物理,化学",1,4,6600.0
海南,2025,国家专项,综合,1398,中国石油大学(华东),1,2,过程装备与控制工程,(入校后可选拔进入碳中和未来班(特色)),"物理,化学",1,4,6600.0
海南,2025,本科提前批(面试),综合,35,中国消防救援学院,1,4,应急装备技术与工程,(森林消防)(只招男生)(只招男生),"物理,化学",1,4,
海南,2025,本科提前批(面试),综合,35,中国消防救援学院,1,3,消防工程,(消防救援)(只招男生)(只招男生),"物理,化学",1,4,
海南,2025,本科提前批(面试),综合,35,中国消防救援学院,1,2,通信工程,(消防救援)(只招男生)(只招男生),"物理,化学",1,4,
海南,2025,本科提前批(面试),综合,35,中国消防救援学院,1,1,飞行器控制与信息工程,(消防救援)(只招男生)(只招男生),"物理,化学",1,4,
海南,2025,本科提前批(面试),综合,464,中国刑事警察学院,2,8,侦查学,(男生)(只招男生；面向地方公安机关就业),政治,3,4,4800.0
海南,2025,本科提前批(面试),综合,464,中国刑事警察学院,2,13,经济犯罪侦查,(男生)(只招男生；面向地方公安机关就业),政治,3,4,4800.0
海南,2025,本科提前批(面试),综合,464,中国刑事警察学院,1,1,公安视听技术,(男生)(只招男生；面向地方公安机关就业),"物理,化学",2,4,5200.0
海南,2025,本科提前批(面试),综合,464,中国刑事警察学院,1,6,数据警务技术,(男生)(只招男生；面向地方公安机关就业),"物理,化学",2,4,5200.0
海南,2025,本科提前批(面试),综合,464,中国刑事警察学院,2,16,涉外警务,(男生)(只招男生；面向地方公安机关就业),政治,2,4,4800.0
海南,2025,本科提前批(面试),综合,464,中国刑事警察学院,1,5,网络安全与执法,(男生)(只招男生；面向地方公安机关就业),"物理,化学",2,4,5200.0
海南,2025,本科提前批(面试),综合,464,中国刑事警察学院,2,10,警犬技术,(男生)(只招男生；面向地方公安机关就业),政治,2,4,4800.0
海南,2025,本科提前批(面试),综合,464,中国刑事警察学院,1,3,刑事科学技术,(男生)(只招男生；面向地方公安机关就业),"物理,化学",11,4,5200.0
海南,2025,本科提前批(面试),综合,464,中国刑事警察学院,2,12,侦查学,(女生)(只招女生；面向地方公安机关就业),政治,1,4,4800.0
海南,2025,本科提前批(面试),综合,464,中国刑事警察学院,2,15,公安情报学,(男生)(只招男生；面向地方公安机关就业),政治,1,4,4800.0
海南,2025,本科提前批(面试),综合,464,中国刑事警察学院,1,2,刑事科学技术,(女生)(只招女生；面向地方公安机关就业),"物理,化学",1,4,5200.0
海南,2025,本科提前批(面试),综合,464,中国刑事警察学院,2,7,治安学,(女生)(只招女生；面向地方公安机关就业),政治,1,4,4800.0
海南,2025,本科提前批(面试),综合,464,中国刑事警察学院,2,9,治安学,(男生)1(只招男生；面向地方公安机关就业),政治,1,4,4800.0
海南,2025,本科提前批(面试),综合,464,中国刑事警察学院,2,11,禁毒学,(男生)(只招男生；面向地方公安机关就业),政治,1,4,4800.0
海南,2025,本科提前批(面试),综合,464,中国刑事警察学院,2,14,经济犯罪侦查,(女生)(只招女生；面向地方公安机关就业),政治,1,4,4800.0
海南,2025,本科提前批(面试),综合,464,中国刑事警察学院,1,4,网络安全与执法,(女生)(只招女生；面向地方公安机关就业),"物理,化学",1,4,5200.0
海南,2025,本科批,综合,797,中国药科大学,1,2,药学类,(包含专业:药学、药物制剂、药物分析、药物化学；不招色盲、色弱),"物理,化学",8,4,7480.0
海南,2025,本科批,综合,797,中国药科大学,1,3,中药学类,(包含专业:中药学、中药资源与开发、中药制药；不招色盲、色弱),"物理,化学",4,4,7480.0
海南,2025,本科批,综合,797,中国药科大学,1,7,化工与制药类,(包含专业:制药工程、食品营养与健康、环境科学；不招色盲、色弱),"物理,化学",3,4,5800.0
海南,2025,本科批,综合,797,中国药科大学,1,5,海洋药学,(不招色盲、色弱),"物理,化学",3,4,7480.0
海南,2025,本科批,综合,797,中国药科大学,1,4,生物制药,(不招色盲、色弱),"物理,化学",3,4,6380.0
海南,2025,本科批,综合,797,中国药科大学,1,8,临床药学,(不招色盲、色弱),"物理,化学",2,5,6800.0
海南,2025,本科批,综合,797,中国药科大学,1,1,药学,(拔尖创新班)(不招色盲、色弱),"物理,化学",2,4,7480.0
海南,2025,本科批,综合,797,中国药科大学,1,6,生物统计学,,"物理,化学",1,4,5200.0
海南,2025,本科批,综合,451,中国医科大学,1,1,临床医学,(不招色盲、色弱),"物理,化学",3,5,6050.0
海南,2025,本科批,综合,451,中国医科大学,80,2,药物制剂,(中外合作办学)(不招色盲、色弱；要求英语单科成绩不低于105分(150分制)),"物理,化学",2,4,69000.0
海南,2025,本科批,综合,48,中国政法大学,1,5,法学,(翻译双学士学位项目)(在外国语学院培养；可获得法学和翻译专业两个学士学位；具体信息详见院校招生章程),不限,3,4,5000.0
海南,2025,本科批,综合,48,中国政法大学,1,2,法学,,不限,25,4,5000.0
海南,2025,本科批,综合,48,中国政法大学,1,6,工商管理,(法务会计方向),不限,2,4,5000.0
海南,2025,本科批,综合,48,中国政法大学,1,1,法学,(纪检、监察实验班),不限,2,4,5000.0
海南,2025,本科批,综合,48,中国政法大学,1,3,法学,(哲学双学士学位项目)(在人文学院培养；可获得法学和哲学专业两个学士学位；具体信息详见院校招生章程),不限,2,4,5000.0
海南,2025,本科批,综合,48,中国政法大学,1,4,法学,(金融双学士学位项目)(在商学院培养；可获得法学和金融工程专业两个学士学位；具体信息详见院校招生章程),不限,2,4,5000.0
海南,2025,本科批,综合,48,中国政法大学,1,10,应用心理学,,不限,1,4,5000.0
海南,2025,本科批,综合,48,中国政法大学,1,8,网络与新媒体,,不限,1,4,5000.0
海南,2025,本科批,综合,48,中国政法大学,1,9,英语,(法律英语实验班),不限,1,4,6000.0
海南,2025,本科批,综合,48,中国政法大学,1,7,行政管理,,不限,1,4,5000.0
海南,2025,本科批,综合,1755,中南财经政法大学,2,11,法学类,(包含专业:法学、法学(民商法方向)、法学(涉外法治方向)、法学(政府法治方向)、法学(社会治理方向)、国际法、知识产权、国际经贸规则、法学(刑事司法方向)、纪检监察；本专业类内专业任选),不限,9,4,5850.0
海南,2025,本科批,综合,1755,中南财经政法大学,2,8,公共管理类,(包含专业:行政管理、劳动与社会保障、城市管理；本专业类内专业任选),不限,7,4,4500.0
海南,2025,本科批,综合,1755,中南财经政法大学,2,5,金融学类,(包含专业:金融学、投资学；本专业类内专业任选),不限,6,4,5850.0
海南,2025,本科批,综合,1755,中南财经政法大学,2,12,外国语言文学类,(包含专业:英语、英语(翻译方向)、商务英语；本专业类内专业任选),不限,5,4,4500.0
海南,2025,本科批,综合,1755,中南财经政法大学,2,2,经济学,,不限,5,4,4500.0
海南,2025,本科批,综合,1755,中南财经政法大学,2,16,财政学类,(包含专业:财政学、税收学；本专业类内专业任选),不限,5,4,5850.0
海南,2025,本科批,综合,1755,中南财经政法大学,3,18,金融数学,,物理,5,4,4500.0
海南,2025,本科批,综合,1755,中南财经政法大学,2,13,新闻传播学类,(包含专业:新闻学、网络与新媒体；本专业类内专业任选),不限,4,4,4500.0
海南,2025,本科批,综合,1755,中南财经政法大学,3,19,管理科学与工程类,(大数据方向)(包含专业:信息管理与信息系统、大数据管理与应用(金工双学位)；本专业类内专业任选),物理,4,4,4500.0
海南,2025,本科批,综合,1755,中南财经政法大学,2,7,经济与贸易类,(包含专业:国际经济与贸易、贸易经济(数字贸易方向)；本专业类内专业任选),不限,4,4,5850.0
海南,2025,本科批,综合,1755,中南财经政法大学,3,17,精算学,,物理,3,4,4500.0
海南,2025,本科批,综合,1755,中南财经政法大学,2,9,人文科学试验班,(包含专业:经济学、财政学、税收学、金融学、经济与金融、法学、国际经贸规则、知识产权、国际经济与贸易、财务管理、会计学、国际商务、国际法),不限,2,4,5850.0
海南,2025,本科批,综合,1755,中南财经政法大学,2,15,国际法,(拔尖人才实验班),不限,2,4,5850.0
海南,2025,本科批,综合,1755,中南财经政法大学,2,6,投资学,(投资决策数智化卓越人才实验班),不限,2,4,5850.0
海南,2025,本科批,综合,1755,中南财经政法大学,2,4,社会学,,不限,2,4,4500.0
海南,2025,本科批,综合,1755,中南财经政法大学,2,3,财政学,(数字财税卓越人才实验班),不限,2,4,5850.0
海南,2025,本科批,综合,1755,中南财经政法大学,2,14,会计学,(会计学、会计学注册会计师、财管)(包含会计学、会计学(注册会计师方向)、会计学(ACCA卓越人才实验班)、财务管理),不限,11,4,5850.0
海南,2025,本科批,综合,1755,中南财经政法大学,2,10,工商管理类,(包含专业:工商管理、工商管理(商务分析方向)、市场营销、人力资源管理、物流管理、旅游管理、劳动关系；本专业类内专业任选),不限,10,4,4500.0
海南,2025,本科民族班、预科班,综合,1755,中南财经政法大学,4,20,少数民族预科班,(预科培养地点:中南财经政法大学),不限,2,1,3375.0
海南,2025,本科提前批,综合,1755,中南财经政法大学,1,1,公安学类,"(只招男生；包含专业:治安学、侦查学、侦查学(法庭科学方向)；无色盲、色弱,双眼裸眼视力不低于4.7；身高不低于168cm)",政治,4,4,4500.0
海南,2025,本科批,综合,1878,中南大学,3,10,自动化类,(自动化与电气类)(包含专业:人工智能、电气工程及其自动化、自动化、测控技术与仪器),"物理,化学",9,4,6500.0
海南,2025,本科批,综合,1878,中南大学,4,18,临床医学类,(临床及口腔五年制医学类)(包含专业:临床医学(五年制)、口腔医学(五年制)、精神医学),"物理,化学,生物",8,5,7800.0
海南,2025,本科批,综合,1878,中南大学,3,7,工科试验班,(轨道交通基础设施与安全类)(包含专业:铁道工程、工程力学、消防工程、工程管理、城市地下空间工程、安全工程),"物理,化学",7,4,6500.0
海南,2025,本科批,综合,1878,中南大学,3,8,机械类,(包含专业:车辆工程、机械设计制造及其自动化、微电子科学与工程),"物理,化学",7,4,6500.0
海南,2025,本科批,综合,1878,中南大学,3,9,交通运输类,(包含专业:交通运输、交通设备与控制工程、轨道交通信号与控制),"物理,化学",6,4,6500.0
海南,2025,本科批,综合,1878,中南大学,2,5,中国语言文学类,(包含专业:汉语言文学、数字出版),不限,5,4,5300.0
海南,2025,本科批,综合,1878,中南大学,3,16,电子信息类,(包含专业:电子信息科学与技术、通信工程、电子信息工程),"物理,化学",5,4,5300.0
海南,2025,本科批,综合,1878,中南大学,3,11,计算机类,(包含专业:计算机科学与技术、信息安全、数据科学与大数据技术),"物理,化学",5,4,6500.0
海南,2025,本科批,综合,1878,中南大学,2,3,金融学类,(经济管理类)(包含专业:国际经济与贸易、金融学、工商管理、会计学),不限,5,4,5500.0
海南,2025,本科批,综合,1878,中南大学,3,6,数学类,(包含专业:数学与应用数学、信息与计算科学、统计学),"物理,化学",4,4,5300.0
海南,2025,本科批,综合,1878,中南大学,2,2,法学,,不限,3,4,5500.0
海南,2025,本科批,综合,1878,中南大学,81,19,临床医学,(八年制),"物理,化学,生物",2,8,7800.0
海南,2025,本科批,综合,1878,中南大学,4,17,口腔医学,(5+3一体化),"物理,化学,生物",2,5,7800.0
海南,2025,本科批,综合,1878,中南大学,2,4,外国语言文学类,(包含专业:英语、法语、日语、西班牙语),不限,2,4,5300.0
海南,2025,本科批,综合,1878,中南大学,80,15,机械设计制造及其自动化,(中外合作办学)(中南大学邓迪国际学院)(专业课程采用全英文授课；考生投档成绩须达到部分特殊类型招生投档最低控制分数线),"物理,化学",2,4,69000.0
海南,2025,本科批,综合,1878,中南大学,3,12,生物科学,(拔尖基地班),"物理,化学",2,4,5300.0
海南,2025,本科批,综合,1878,中南大学,80,13,数学与应用数学,(中外合作办学)(中南大学邓迪国际学院)(专业课程采用全英文授课；考生投档成绩须达到部分特殊类型招生投档最低控制分数线),"物理,化学",1,4,69000.0
海南,2025,本科批,综合,1878,中南大学,80,14,计算机科学与技术,(中外合作办学)(中南大学邓迪国际学院)(专业课程采用全英文授课；考生投档成绩须达到部分特殊类型招生投档最低控制分数线),"物理,化学",1,4,69000.0
海南,2025,国家专项,综合,1878,中南大学,1,1,信息管理与信息系统,,物理,2,4,5500.0
海南,2025,本科民族班、预科班,综合,1878,中南大学,5,20,应用化学,(少数民族预科班；预科培养地点:中南大学),"物理,化学",2,1,4000.0
海南,2025,本科民族班、预科班,综合,1878,中南大学,5,21,机械设计制造及其自动化,(少数民族预科班；预科培养地点:中南大学),"物理,化学",2,1,4000.0
海南,2025,本科批,综合,1882,中南林业科技大学,3,32,林学类,(包含专业:林学、森林保护、经济林；林学国家一流专业建设点；森林保护为国家级特色专业、国家一流专业建设点),"物理,化学",8,4,3600.0
海南,2025,本科批,综合,1882,中南林业科技大学,3,33,国家公园建设与管理,,"物理,化学",6,4,3600.0
海南,2025,本科批,综合,1882,中南林业科技大学,3,17,材料科学与工程,,"物理,化学",6,4,5900.0
海南,2025,本科批,综合,1882,中南林业科技大学,1,4,市场营销,(国家一流专业建设点),不限,4,4,5000.0
海南,2025,本科批,综合,1882,中南林业科技大学,2,7,数字经济,,物理,4,4,5000.0
海南,2025,本科批,综合,1882,中南林业科技大学,3,23,测绘工程,,"物理,化学",4,4,5900.0
海南,2025,本科批,综合,1882,中南林业科技大学,2,10,物流工程,(国家一流专业建设点),物理,4,4,5900.0
海南,2025,本科批,综合,1882,中南林业科技大学,3,27,环境工程,,"物理,化学",4,4,5900.0
海南,2025,本科批,综合,1882,中南林业科技大学,3,28,环境科学,(国家一流专业建设点),"物理,化学",4,4,5900.0
海南,2025,本科批,综合,1882,中南林业科技大学,3,30,生物工程,,"物理,化学",4,4,5900.0
海南,2025,本科批,综合,1882,中南林业科技大学,3,31,园艺,,"物理,化学",3,4,3600.0
海南,2025,本科批,综合,1882,中南林业科技大学,2,8,工程管理,,物理,3,4,5900.0
海南,2025,本科批,综合,1882,中南林业科技大学,3,21,软件工程,,"物理,化学",3,4,5900.0
海南,2025,本科批,综合,1882,中南林业科技大学,3,19,人工智能,,"物理,化学",2,4,5900.0
海南,2025,本科批,综合,1882,中南林业科技大学,1,6,会计学,,不限,2,4,5000.0
海南,2025,本科批,综合,1882,中南林业科技大学,3,12,信息与计算科学,,"物理,化学",2,4,4500.0
海南,2025,本科批,综合,1882,中南林业科技大学,3,22,化学工程与工艺,,"物理,化学",2,4,5900.0
海南,2025,本科批,综合,1882,中南林业科技大学,2,9,城乡规划,,物理,2,5,5900.0
海南,2025,本科批,综合,1882,中南林业科技大学,3,25,家具设计与工程,,"物理,化学",2,4,5900.0
海南,2025,本科批,综合,1882,中南林业科技大学,1,3,日语,,不限,2,4,4500.0
海南,2025,本科批,综合,1882,中南林业科技大学,3,26,木结构建筑与材料,,"物理,化学",2,4,5900.0
海南,2025,本科批,综合,1882,中南林业科技大学,3,14,机械设计制造及其自动化,(国家一流专业建设点),"物理,化学",2,4,5900.0
海南,2025,本科批,综合,1882,中南林业科技大学,1,1,法学,,不限,2,4,5000.0
海南,2025,本科批,综合,1882,中南林业科技大学,3,15,生态学,(国家一流专业建设点),"物理,化学",2,4,4500.0
海南,2025,本科批,综合,1882,中南林业科技大学,3,13,生物技术,(国家一流专业建设点),"物理,化学",2,4,4500.0
海南,2025,本科批,综合,1882,中南林业科技大学,3,11,生物科学,,"物理,化学",2,4,4500.0
海南,2025,本科批,综合,1882,中南林业科技大学,3,18,自动化,,"物理,化学",2,4,5900.0
海南,2025,本科批,综合,1882,中南林业科技大学,1,2,英语,(国家一流专业建设点),不限,2,4,4500.0
海南,2025,本科批,综合,1882,中南林业科技大学,3,16,车辆工程,,"物理,化学",2,4,5900.0
海南,2025,本科批,综合,1882,中南林业科技大学,1,5,旅游管理,(国家一流专业建设点),不限,12,4,5000.0
海南,2025,本科批,综合,1882,中南林业科技大学,3,24,土木类,(包含专业:土木工程、城市地下空间工程；土木工程为国家一流专业建设点),"物理,化学",10,4,5900.0
海南,2025,本科批,综合,1882,中南林业科技大学,3,29,食品科学与工程类,(包含专业:食品科学与工程、食品质量与安全、粮食工程；食品科学与工程为国家级特色专业、国家一流专业建设点),"物理,化学",10,4,5900.0
海南,2025,本科批,综合,1882,中南林业科技大学,3,20,新能源科学与工程,,"物理,化学",1,4,5900.0
海南,2025,本科批,综合,1936,中南林业科技大学涉外学院,2,8,国际商务,,不限,2,4,12700.0
海南,2025,本科批,综合,1936,中南林业科技大学涉外学院,2,5,旅游管理,,不限,2,4,12700.0
海南,2025,本科批,综合,1936,中南林业科技大学涉外学院,2,7,电子商务,,不限,2,4,12700.0
海南,2025,本科批,综合,1936,中南林业科技大学涉外学院,2,6,会计学,,不限,1,4,12700.0
海南,2025,本科批,综合,1936,中南林业科技大学涉外学院,3,9,软件工程,,"物理,化学",1,4,14950.0
海南,2025,本科批,综合,1758,中南民族大学,6,15,工商管理类,(包含专业:财务管理(数智财务方向)、会计学(大数据管理会计决策与智能会计方向)、工商管理(含企业管理数智创新方向)、工商管理(数智人才管理方向)、会计学(新商科国际实验班)、会计学(注册会计师卓越文科人才实验班)),不限,6,4,4500.0
海南,2025,本科批,综合,1758,中南民族大学,6,9,经济学类,(包含专业:经济学(经济学试点班)、经济学(大数据分析与经济决策)、金融学(科技金融方向)、金融学(量化投资方向)、国际经济与贸易(国际贸易实验班)、国际经济与贸易(数字贸易方向)),不限,5,4,5850.0
海南,2025,本科批,综合,1758,中南民族大学,6,11,外国语言文学类,(包含专业:英语、商务英语),不限,4,4,4500.0
海南,2025,本科批,综合,1758,中南民族大学,7,17,数字经济,(数字技术应用方向、现代产业学院),物理,4,4,5850.0
海南,2025,本科批,综合,1758,中南民族大学,8,20,化学类,(包含专业:应用化学(能源催化材料基础理论及研发应用)、化学工程与工艺(绿色能源化工与生物质能源转化材料方向)),"物理,化学",3,4,4500.0
海南,2025,本科批,综合,1758,中南民族大学,6,13,教育学,,不限,3,4,4500.0
海南,2025,本科批,综合,1758,中南民族大学,8,24,数学类,(包含专业:应用统计学、数学与应用数学),"物理,化学",3,4,4500.0
海南,2025,本科批,综合,1758,中南民族大学,8,21,材料类,(包含专业:材料化学(新能源存储与转化材料方向)、高分子材料与工程(新能源风电、汽车高分子材料方向)),"物理,化学",3,4,4500.0
海南,2025,本科批,综合,1758,中南民族大学,6,12,汉语言文学,,不限,3,4,4500.0
海南,2025,本科批,综合,1758,中南民族大学,8,18,生物医学工程类,"(包含专业:医学信息工程(医学信息处理与智慧医疗方向)、生物医学工程(医学仪器方向,医用材料与再生医学方向))","物理,化学",3,4,5850.0
海南,2025,本科批,综合,1758,中南民族大学,8,22,生物科学类,(包含专业:生物技术、生物工程、生物制药、食品质量与安全),"物理,化学",3,4,4500.0
海南,2025,本科批,综合,1758,中南民族大学,8,23,自动化,,"物理,化学",3,4,5850.0
海南,2025,本科批,综合,1758,中南民族大学,8,19,药学类,(包含专业:化学生物学、药学、药物制剂、药物分析),"物理,化学",3,4,5850.0
海南,2025,本科批,综合,1758,中南民族大学,6,10,新闻传播学类,(包含专业:新闻学、广告学),不限,2,4,4500.0
海南,2025,本科批,综合,1758,中南民族大学,6,8,法学,,不限,2,4,5850.0
海南,2025,本科批,综合,1758,中南民族大学,6,7,社会学,,不限,2,4,4500.0
海南,2025,本科批,综合,1758,中南民族大学,6,14,翻译,(汉英日),不限,2,4,4500.0
海南,2025,本科批,综合,1758,中南民族大学,8,25,计算机类,(包含专业:计算机科学与技术、软件工程),"物理,化学",2,4,5850.0
海南,2025,本科批,综合,1758,中南民族大学,6,16,法学,(涉外法治卓越人才实验班),不限,1,4,5850.0
海南,2025,本科民族班、预科班,综合,1758,中南民族大学,9,26,少数民族预科班,(预科培养地点:中南民族大学),不限,18,1,3375.0
海南,2025,国家专项,综合,1758,中南民族大学,5,6,信息管理与信息系统,"(数据智能决策系统方向,大数据管理实验班)",物理,2,4,4500.0
海南,2025,国家专项,综合,1758,中南民族大学,4,4,土地资源管理,(土地利用工程方向),不限,2,4,4500.0
海南,2025,国家专项,综合,1758,中南民族大学,5,5,电子商务,(数智运营与跨境电商方向),物理,1,4,4500.0
海南,2025,本科批,综合,2026,中山大学,80,39,临床医学,(八年制)(不招色盲、色弱),"物理,化学",2,8,7660.0
海南,2025,本科批,综合,2026,中山大学,2,4,历史学,(珠海),不限,2,4,6060.0
海南,2025,本科批,综合,2026,中山大学,4,27,临床医学,(广州)(不招色盲、色弱),"物理,化学",1,8,7660.0
海南,2025,本科批,综合,2026,中山大学,4,23,人工智能,,"物理,化学",1,4,6850.0
海南,2025,本科批,综合,2026,中山大学,4,32,化学工程与工艺,(不招色盲、色弱),"物理,化学",1,4,6850.0
海南,2025,本科批,综合,2026,中山大学,5,42,化学工程与工艺,"(民族班)(不招色盲、色弱；民族班,从投档成绩不低于我校在该省(区、市)提档分数线以下40分内的少数民族考生中择优录取)","物理,化学",1,4,6850.0
海南,2025,本科批,综合,2026,中山大学,3,14,历史学,"(珠海)(民族班)(民族班,从投档成绩不低于我校在该省(区、市)提档分数线以下40分内的少数民族考生中择优录取)",不限,1,4,6060.0
海南,2025,本科批,综合,2026,中山大学,2,5,哲学,(珠海),不限,1,4,6060.0
海南,2025,本科批,综合,2026,中山大学,6,43,国际政治,"(民族班)(民族班,从投档成绩不低于我校在该省(区、市)提档分数线以下40分内的少数民族考生中择优录取)",政治,1,4,6060.0
海南,2025,本科批,综合,2026,中山大学,2,10,图书情报与档案管理类,(包含专业:图书馆学、档案学),不限,1,4,6060.0
海南,2025,本科批,综合,2026,中山大学,4,17,地理科学类,(包含专业:自然地理与资源环境、人文地理与城乡规划、地理信息科学、城乡规划；城乡规划专业学制五年),"物理,化学",1,4,6850.0
海南,2025,本科批,综合,2026,中山大学,2,7,外国语言文学类,(广州)(包含专业:英语、德语、法语、日语),不限,1,4,6850.0
海南,2025,本科批,综合,2026,中山大学,4,30,大气科学类,(包含专业:大气科学、应用气象学),"物理,化学",1,4,6850.0
海南,2025,本科批,综合,2026,中山大学,2,13,工商管理,(深圳),不限,1,4,6060.0
海南,2025,本科批,综合,2026,中山大学,4,21,微电子科学与工程,(珠海),"物理,化学",1,4,6850.0
海南,2025,本科批,综合,2026,中山大学,4,40,数学类,(珠海)(包含专业:数学与应用数学、信息与计算科学),"物理,化学",1,4,6850.0
海南,2025,本科批,综合,2026,中山大学,2,9,新闻传播学类,(包含专业:新闻学、传播学),不限,1,4,6060.0
海南,2025,本科批,综合,2026,中山大学,2,11,旅游管理类,(包含专业:旅游管理、会展经济与管理、酒店管理),不限,1,4,6060.0
海南,2025,本科批,综合,2026,中山大学,3,15,旅游管理类,"(民族班)(包含专业:旅游管理、会展经济与管理、酒店管理；民族班,从投档成绩不低于我校在该省(区、市)提档分数线以下40分内的少数民族考生中择优录取)",不限,1,4,6060.0
海南,2025,本科批,综合,2026,中山大学,4,22,智能科学与技术,,"物理,化学",1,4,6850.0
海南,2025,本科批,综合,2026,中山大学,4,38,机械工程,,"物理,化学",1,4,6850.0
海南,2025,本科批,综合,2026,中山大学,4,19,材料类,(包含专业:材料物理、材料化学、高分子材料与工程；不招色盲),"物理,化学",1,4,6850.0
海南,2025,本科批,综合,2026,中山大学,4,34,核工程与核技术,(含中法合作办学),"物理,化学",1,4,6850.0
海南,2025,本科批,综合,2026,中山大学,2,3,汉语言文学,(珠海),不限,1,4,6060.0
海南,2025,本科批,综合,2026,中山大学,2,8,法学,,不限,1,4,6060.0
海南,2025,本科批,综合,2026,中山大学,4,33,海洋工程与技术,,"物理,化学",1,4,6850.0
海南,2025,本科批,综合,2026,中山大学,4,31,海洋科学,,"物理,化学",1,4,6850.0
海南,2025,本科批,综合,2026,中山大学,5,41,海洋科学,"(民族班)(民族班,从投档成绩不低于我校在该省(区、市)提档分数线以下40分内的少数民族考生中择优录取)","物理,化学",1,4,6850.0
海南,2025,本科批,综合,2026,中山大学,4,16,物理学,(深圳),"物理,化学",1,4,6850.0
海南,2025,本科批,综合,2026,中山大学,4,26,环境科学与工程类,(含永銮创新班)(包含专业:环境科学、环境工程),"物理,化学",1,4,6850.0
海南,2025,本科批,综合,2026,中山大学,4,36,生物医学工程,(含振声创新班)(不招色盲、色弱),"物理,化学",1,4,6850.0
海南,2025,本科批,综合,2026,中山大学,4,18,生物科学类,(包含专业:生物科学、生物技术、生态学；不招色盲、色弱),"物理,化学",1,4,6850.0
海南,2025,本科批,综合,2026,中山大学,4,20,电子信息工程,,"物理,化学",1,4,6850.0
海南,2025,本科批,综合,2026,中山大学,2,6,社会学类,(包含专业:社会学、人类学、考古学),不限,1,4,6060.0
海南,2025,本科批,综合,2026,中山大学,2,12,经济学类,(珠海)(包含专业:经济学、金融学),不限,1,4,6060.0
海南,2025,本科批,综合,2026,中山大学,4,25,网络空间安全,(含鸿网创新班),"物理,化学",1,4,6850.0
海南,2025,本科批,综合,2026,中山大学,4,37,航空航天类,(包含专业:航空航天工程、理论与应用力学),"物理,化学",1,4,6850.0
海南,2025,本科批,综合,2026,中山大学,4,29,药学,(广州)(不招色盲、色弱),"物理,化学",1,4,7660.0
海南,2025,本科批,综合,2026,中山大学,4,24,软件工程,,"物理,化学",1,4,8000.0
海南,2025,本科批,综合,2026,中山大学,4,35,遥感科学与技术,,"物理,化学",1,4,6850.0
海南,2025,本科批,综合,2026,中山大学,4,28,预防医学,(广州)(不招色盲、色弱),"物理,化学",1,5,7660.0
海南,2025,国家专项,综合,2026,中山大学,1,2,化学工程与工艺,(不招色盲、色弱),"物理,化学",1,4,6850.0
海南,2025,国家专项,综合,2026,中山大学,1,1,海洋科学,,"物理,化学",1,4,6850.0
海南,2025,专科批,综合,2144,中山职业技术学院,1,2,信息安全技术应用,,物理,5,3,6410.0
海南,2025,专科批,综合,2144,中山职业技术学院,1,1,电子信息工程技术,,物理,5,3,6410.0
海南,2025,本科批,综合,31,中央财经大学,1,11,财政学类,(包含专业:财政学、税收学、资产评估、财政学(财政基础理论基地班)、税收学(全球税收治理菁英班)),不限,5,4,5000.0
海南,2025,本科批,综合,31,中央财经大学,1,7,工商管理类,(会计学院)(包含专业:会计学、会计学(法学、会计学双学位项目)、财务管理),不限,4,4,5000.0
海南,2025,本科批,综合,31,中央财经大学,1,12,法学,(含法学(卓越法治人才教育培养计划)、法学(涉外法治人才培养基地班)、法学(法学-会计学双学位项目)、法学(法学-工商管理双学位项目)4个专业),不限,3,4,5000.0
海南,2025,本科批,综合,31,中央财经大学,2,13,金融学类,(包含专业:金融工程、金融科技),物理,3,4,5000.0
海南,2025,本科批,综合,31,中央财经大学,1,2,文化产业管理,,不限,2,4,5000.0
海南,2025,本科批,综合,31,中央财经大学,2,16,精算学,,物理,2,4,5500.0
海南,2025,本科批,综合,31,中央财经大学,1,3,经济与贸易类,(包含专业:国际经济与贸易、国际经济与贸易(国际贸易、应统双学位项目)、国际商务、贸易经济),不限,2,4,5000.0
海南,2025,本科批,综合,31,中央财经大学,1,4,经济学类,(包含专业:经济学、国民经济管理),不限,2,4,5000.0
海南,2025,本科批,综合,31,中央财经大学,1,1,金融学,(含金融学、金融学北外英语专业联培2个专业),不限,2,4,5000.0
海南,2025,本科批,综合,31,中央财经大学,1,10,金融学,(国际金融与公司理财),不限,2,4,5000.0
海南,2025,本科批,综合,31,中央财经大学,2,15,保险学,(北理工智能、保险联培项目),物理,1,4,5000.0
海南,2025,本科批,综合,31,中央财经大学,1,6,公共管理类,(包含专业:行政管理、公共事业管理、城市管理),不限,1,4,5000.0
海南,2025,本科批,综合,31,中央财经大学,1,5,工商管理类,(商学院)(包含专业:工商管理、工商管理(法学、工管双学位项目)、市场营销(大数据营销)、人力资源管理、供应链管理、供应链管理(供应链、经统双学位项目)),不限,1,4,5000.0
海南,2025,本科批,综合,31,中央财经大学,1,8,应用心理学,(经济心理学),不限,1,4,5500.0
海南,2025,本科批,综合,31,中央财经大学,2,18,投资学,(含投资学、投资学大数据双学位项目2个专业),物理,1,4,5000.0
海南,2025,本科批,综合,31,中央财经大学,2,19,电子商务,(商务智能),物理,1,4,5000.0
海南,2025,本科批,综合,31,中央财经大学,1,9,社会学类,(包含专业:社会学(经济社会学)、社会工作(金融领域)),不限,1,4,5000.0
海南,2025,本科批,综合,31,中央财经大学,2,17,管理科学与工程类,(包含专业:管理科学(商务量化分析)、工程管理(建设经济管理)),物理,1,4,5000.0
海南,2025,本科批,综合,31,中央财经大学,2,14,金融科技,(北航计算机联培项目),物理,1,4,5000.0
海南,2025,本科批,综合,42,中央美术学院,1,1,艺术史论,(不招色盲),不限,2,4,8000.0
海南,2025,本科批,综合,47,中央民族大学,5,7,经济学类,(包含专业:经济学、财政学、金融学、国际经济与贸易),不限,5,4,5000.0
海南,2025,本科批,综合,47,中央民族大学,80,23,数据科学与大数据技术,(中外合作办学)(办学地点在海南陵水黎安国际教育创新试验区),"物理,化学",4,4,70000.0
海南,2025,本科批,综合,47,中央民族大学,5,12,工商管理类,(包含专业:工商管理、会计学、财务管理、人力资源管理),不限,3,4,5000.0
海南,2025,本科批,综合,47,中央民族大学,5,6,法学类,(包含专业:法学、法学(涉外法治)),不限,3,4,5000.0
海南,2025,本科批,综合,47,中央民族大学,6,18,计算机类,(包含专业:计算机科学与技术、软件工程、数据科学与大数据技术),"物理,化学",3,4,5300.0
海南,2025,本科批,综合,47,中央民族大学,6,21,信息与计算科学,,"物理,化学",2,4,5300.0
海南,2025,本科批,综合,47,中央民族大学,6,22,光电信息科学与工程,,"物理,化学",2,4,5300.0
海南,2025,本科批,综合,47,中央民族大学,5,10,外国语言文学类,(包含专业:英语、翻译),不限,2,4,6000.0
海南,2025,本科批,综合,47,中央民族大学,5,11,教育学,,不限,2,4,5000.0
海南,2025,本科批,综合,47,中央民族大学,5,9,新闻传播学类,(包含专业:新闻学、广告学、网络与新媒体),不限,2,4,5000.0
海南,2025,本科批,综合,47,中央民族大学,7,24,民族学,(与中国少数民族语言双学位),历史,2,4,5000.0
海南,2025,本科批,综合,47,中央民族大学,5,13,汉语国际教育,,不限,2,4,5000.0
海南,2025,本科批,综合,47,中央民族大学,5,14,汉语言文学,,不限,2,4,5000.0
海南,2025,本科批,综合,47,中央民族大学,6,16,环境科学与工程类,(包含专业:环境工程、环境科学、化学),"物理,化学",2,4,5300.0
海南,2025,本科批,综合,47,中央民族大学,6,15,生物科学类,(包含专业:生物科学、生态学),"物理,化学",2,4,5300.0
海南,2025,本科批,综合,47,中央民族大学,6,17,电子信息类,(包含专业:电子信息工程、通信工程、人工智能),"物理,化学",2,4,5300.0
海南,2025,本科批,综合,47,中央民族大学,5,8,社会学类,(包含专业:社会学、社会工作),不限,2,4,5000.0
海南,2025,本科批,综合,47,中央民族大学,6,20,纳米材料与技术,,"物理,化学",2,4,5300.0
海南,2025,本科批,综合,47,中央民族大学,6,19,统计学类,(包含专业:统计学、应用统计学),"物理,化学",2,4,5300.0
海南,2025,本科提前批(面试),综合,193,中央司法警官学院,3,7,侦查学,(狱内侦查方向)(招男生7名、女生1名),政治,8,4,5060.0
海南,2025,本科提前批(面试),综合,193,中央司法警官学院,1,3,监狱学,(政治工作方向)(只招男生),不限,5,4,5060.0
海南,2025,本科提前批(面试),综合,193,中央司法警官学院,2,5,数据警务技术,"(只招男生；考生须参加体检、面试、体能测试和政治考察并且合格；年龄不超过22周岁(2003年9月1日以后出生),未婚；具体要求详见学校招生章程)","物理,化学",3,4,5060.0
海南,2025,本科提前批(面试),综合,193,中央司法警官学院,1,1,监狱学,(矫正教育方向)(只招男生),不限,3,4,5060.0
海南,2025,本科提前批(面试),综合,193,中央司法警官学院,1,4,监狱学,(只招男生),不限,2,4,5060.0
海南,2025,本科提前批(面试),综合,193,中央司法警官学院,3,6,禁毒学,(戒毒方向)(招男生1名、女生1名),政治,2,4,5060.0
海南,2025,本科提前批(面试),综合,193,中央司法警官学院,1,2,监狱学,(劳动改造方向)(只招女生),不限,1,4,5060.0
海南,2025,本科批,综合,1566,中原工学院,1,1,国际经济与贸易,,不限,6,4,4400.0
海南,2025,本科批,综合,1566,中原工学院,3,6,服装设计与工程,,化学,6,4,5500.0
海南,2025,本科批,综合,1566,中原工学院,4,8,飞行器控制与信息工程,,"物理,化学",6,4,5000.0
海南,2025,本科批,综合,1566,中原工学院,4,7,工业设计,,"物理,化学",5,4,5500.0
海南,2025,本科批,综合,1566,中原工学院,4,9,智能车辆工程,,"物理,化学",5,4,5000.0
海南,2025,本科批,综合,1566,中原工学院,2,5,物流工程,,物理,5,4,4400.0
海南,2025,本科批,综合,1566,中原工学院,1,4,工商管理,,不限,4,4,4400.0
海南,2025,本科批,综合,1566,中原工学院,1,2,市场营销,,不限,4,4,4400.0
海南,2025,本科批,综合,1566,中原工学院,1,3,法学,,不限,4,4,4400.0
海南,2025,本科批,综合,1627,中原科技学院,1,1,财务管理,,不限,3,4,15000.0
海南,2025,本科批,综合,1627,中原科技学院,1,2,汉语国际教育,,不限,2,4,15000.0
海南,2025,专科批,综合,2940,重庆安防职业学院,1,5,人工智能技术应用,,不限,5,3,11800.0
海南,2025,专科批,综合,2940,重庆安防职业学院,1,2,运动训练,,不限,5,3,12000.0
海南,2025,专科批,综合,2940,重庆安防职业学院,1,3,无人机应用技术,,不限,20,3,12000.0
海南,2025,专科批,综合,2940,重庆安防职业学院,1,4,信息安全技术应用,,不限,10,3,10800.0
海南,2025,专科批,综合,2940,重庆安防职业学院,1,1,安全防范技术,,不限,10,3,12000.0
海南,2025,本科批,综合,2319,重庆财经学院,1,7,会展经济与管理,,不限,3,4,15000.0
海南,2025,本科批,综合,2319,重庆财经学院,1,4,会计学,,不限,3,4,15000.0
海南,2025,本科批,综合,2319,重庆财经学院,1,2,国际经济与贸易,,不限,3,4,15000.0
海南,2025,本科批,综合,2319,重庆财经学院,1,10,网络与新媒体,,不限,3,4,15000.0
海南,2025,本科批,综合,2319,重庆财经学院,3,13,软件工程,,"物理,化学",3,4,16000.0
海南,2025,本科批,综合,2319,重庆财经学院,1,3,金融学,,不限,3,4,15000.0
海南,2025,本科批,综合,2319,重庆财经学院,1,1,供应链管理,,不限,2,4,15000.0
海南,2025,本科批,综合,2319,重庆财经学院,2,11,数字经济,,物理,2,4,15000.0
海南,2025,本科批,综合,2319,重庆财经学院,1,8,物流管理,,不限,2,4,15000.0
海南,2025,本科批,综合,2319,重庆财经学院,1,5,电子商务,,不限,2,4,15000.0
海南,2025,本科批,综合,2319,重庆财经学院,1,6,财务管理,,不限,2,4,15000.0
海南,2025,本科批,综合,2319,重庆财经学院,1,9,资产评估,,不限,2,4,15000.0
海南,2025,本科批,综合,2319,重庆财经学院,3,14,数据科学与大数据技术,,"物理,化学",1,4,16000.0
海南,2025,本科批,综合,2319,重庆财经学院,3,12,智能科学与技术,,"物理,化学",1,4,16000.0
海南,2025,本科批,综合,2319,重庆财经学院,3,15,物联网工程,,"物理,化学",1,4,16000.0
海南,2025,专科批,综合,2329,重庆财经职业学院,1,6,商务英语,,不限,2,3,6500.0
海南,2025,专科批,综合,2329,重庆财经职业学院,1,1,大数据与会计,,不限,2,3,6500.0
海南,2025,专科批,综合,2329,重庆财经职业学院,1,8,大数据技术,,不限,2,3,6500.0
海南,2025,专科批,综合,2329,重庆财经职业学院,1,14,工程造价,,不限,2,3,6500.0
海南,2025,专科批,综合,2329,重庆财经职业学院,1,13,建筑设计,,不限,2,3,6500.0
海南,2025,专科批,综合,2329,重庆财经职业学院,1,15,数字媒体技术,,不限,2,3,6500.0
海南,2025,专科批,综合,2329,重庆财经职业学院,1,10,智能互联网络技术,,不限,2,3,6500.0
海南,2025,专科批,综合,2329,重庆财经职业学院,1,12,智能产品开发与应用,,不限,2,3,6500.0
海南,2025,专科批,综合,2329,重庆财经职业学院,1,11,智能网联汽车技术,,不限,2,3,6500.0
海南,2025,专科批,综合,2329,重庆财经职业学院,1,9,物联网应用技术,,不限,2,3,6500.0
海南,2025,专科批,综合,2329,重庆财经职业学院,1,7,现代文秘,,不限,2,3,5000.0
海南,2025,专科批,综合,2329,重庆财经职业学院,1,3,电子商务,,不限,2,3,6500.0
海南,2025,专科批,综合,2329,重庆财经职业学院,1,5,统计与大数据分析,,不限,2,3,6500.0
海南,2025,专科批,综合,2329,重庆财经职业学院,1,2,财务会计类,(包含专业:大数据与财务管理、大数据与审计、会计信息管理),不限,2,3,6500.0
海南,2025,专科批,综合,2329,重庆财经职业学院,1,4,金融服务与管理,,不限,2,3,6500.0
海南,2025,专科批,综合,6100,重庆城市管理职业学院,1,1,跨境电子商务,,不限,2,3,6200.0
海南,2025,本科批,综合,2309,重庆城市科技学院,4,9,会计学,,不限,4,4,15000.0
海南,2025,本科批,综合,2309,重庆城市科技学院,4,13,汉语言文学,,不限,4,4,15000.0
海南,2025,本科批,综合,2309,重庆城市科技学院,4,11,法学,,不限,4,4,15000.0
海南,2025,本科批,综合,2309,重庆城市科技学院,6,16,土木类,(包含专业:土木工程、给排水科学与工程、智能建造),"物理,化学",3,4,18000.0
海南,2025,本科批,综合,2309,重庆城市科技学院,5,15,工程造价,,物理,3,4,18000.0
海南,2025,本科批,综合,2309,重庆城市科技学院,4,8,网络与新媒体,,不限,3,4,15000.0
海南,2025,本科批,综合,2309,重庆城市科技学院,6,17,信息安全,,"物理,化学",2,4,16000.0
海南,2025,本科批,综合,2309,重庆城市科技学院,4,12,英语,,不限,2,4,15000.0
海南,2025,本科批,综合,2309,重庆城市科技学院,6,18,计算机科学与技术,,"物理,化学",2,4,16000.0
海南,2025,本科批,综合,2309,重庆城市科技学院,4,10,金融学,,不限,2,4,15000.0
海南,2025,本科批,综合,2309,重庆城市科技学院,5,14,大数据管理与应用,,物理,1,4,16000.0
海南,2025,本科批,综合,2309,重庆城市科技学院,4,7,建筑类,(包含专业:建筑学、城乡规划、风景园林；风景园林(学制4年)),不限,1,5,18000.0
海南,2025,本科批,综合,2309,重庆城市科技学院,6,19,新能源科学与工程,,"物理,化学",1,4,16000.0
海南,2025,本科批,综合,2286,重庆大学,5,11,工科试验班,"(未来信息)(包含专业:通信工程、测控技术与仪器、自动化、电子信息工程、机器人工程、集成电路设计与集成系统、智能感知工程；第二学期分流,按照学生意愿在试验班内任选专业)","物理,化学",5,4,5625.0
海南,2025,本科批,综合,2286,重庆大学,4,7,人文科学试验班,"(法学新闻类)(包含专业:法学、新闻学；第一学期末分流,按照绩点结合学生意愿在试验班内确定专业)",不限,4,4,5625.0
海南,2025,本科批,综合,2286,重庆大学,5,12,工科试验班,"(计算机与智能软件)(包含专业:计算机科学与技术、软件工程、人工智能、数据科学与大数据技术、信息安全；第二学期分流,按照学生意愿在试验班内任选专业；其中软件工程、人工智能、数据科学与大数据技术专业第三、四学年每年预交学费标准为1.5万元)","物理,化学",4,4,5625.0
海南,2025,本科批,综合,2286,重庆大学,81,10,工科试验班,"(卓越计划)(包含专业:电气工程及其自动化、计算机科学与技术、人工智能、机械设计制造及其自动化、储能科学与工程(等普通类四年制理工类专业)；分流时,按照学生意愿在全校四年制理工科专业中任选)","物理,化学",4,4,5625.0
海南,2025,本科批,综合,2286,重庆大学,5,8,电气工程及其自动化,,"物理,化学",4,4,5625.0
海南,2025,本科批,综合,2286,重庆大学,5,9,工科试验班,"(经济管理类)(包含专业:金融学、工程管理、经济学、会计学、工程造价、财务管理、工商管理、能源经济、信息管理与信息系统、房地产开发与管理、行政管理、城市管理、市场营销；第二学期分流,按照学生意愿在试验班内任选专业)","物理,化学",2,4,5625.0
海南,2025,本科批,综合,2286,重庆大学,5,13,工科试验班,"(智能网联汽车创新班)(包含专业:车辆工程(等智能网联汽车领域相关专业)；第三学年分流,结合创新班培养方案及学生意愿确定专业)","物理,化学",2,4,5625.0
海南,2025,国家专项,综合,2286,重庆大学,80,5,光电信息科学与工程,,"物理,化学",1,4,5625.0
海南,2025,国家专项,综合,2286,重庆大学,80,6,化学,(不招色盲),"物理,化学",1,4,5625.0
海南,2025,国家专项,综合,2286,重庆大学,3,3,土木工程,,"物理,化学",1,4,6250.0
海南,2025,国家专项,综合,2286,重庆大学,3,4,城市地下空间工程,,"物理,化学",1,4,6250.0
海南,2025,本科批,综合,2344,重庆第二师范学院,2,3,学前教育,,不限,5,4,3750.0
海南,2025,本科批,综合,2344,重庆第二师范学院,2,7,旅游管理类,(包含专业:旅游管理、会展经济与管理),不限,5,4,5625.0
海南,2025,本科批,综合,2344,重庆第二师范学院,2,4,时尚传播,,不限,5,4,5625.0
海南,2025,本科批,综合,2344,重庆第二师范学院,2,5,经济与金融,,不限,5,4,4500.0
海南,2025,本科批,综合,2344,重庆第二师范学院,2,6,财务会计教育,,不限,5,4,3000.0
海南,2025,专科批,综合,2302,重庆电力高等专科学校,1,4,工业过程自动化技术,(不招色盲),不限,5,3,7300.0
海南,2025,专科批,综合,2302,重庆电力高等专科学校,1,3,环境工程技术,(不招色盲),不限,5,3,6500.0
海南,2025,专科批,综合,2302,重庆电力高等专科学校,1,1,电力系统继电保护技术,(不招色盲、色弱),不限,5,3,6500.0
海南,2025,专科批,综合,2302,重庆电力高等专科学校,1,2,电气自动化技术,(不招色盲、色弱),不限,5,3,7300.0
海南,2025,专科批,综合,2332,重庆电讯职业学院,1,1,食品智能加工技术,,不限,7,3,
海南,2025,专科批,综合,2332,重庆电讯职业学院,1,6,工业互联网技术,,不限,6,3,11800.0
海南,2025,专科批,综合,2332,重庆电讯职业学院,1,2,建筑消防技术,,不限,6,3,11800.0
海南,2025,专科批,综合,2332,重庆电讯职业学院,1,7,旅游管理,,不限,6,3,10800.0
海南,2025,专科批,综合,2332,重庆电讯职业学院,1,8,融媒体技术与运营,,不限,6,3,11800.0
海南,2025,专科批,综合,2332,重庆电讯职业学院,1,4,信息安全技术应用,,不限,5,3,11800.0
海南,2025,专科批,综合,2332,重庆电讯职业学院,1,3,工业机器人技术,,不限,5,3,11800.0
海南,2025,专科批,综合,2332,重庆电讯职业学院,1,5,电子商务,,不限,5,3,10800.0
海南,2025,专科批,综合,2332,重庆电讯职业学院,1,9,广播影视节目制作,,不限,4,3,11800.0
海南,2025,专科批,综合,2308,重庆电子科技职业大学,1,1,广播影视类,(包含专业:广播影视节目制作、影视动画、融媒体技术与运营),不限,5,3,8000.0
海南,2025,专科批,综合,2308,重庆电子科技职业大学,2,5,建筑智能化工程技术,,物理,5,3,7000.0
海南,2025,专科批,综合,2308,重庆电子科技职业大学,1,4,物流类,(包含专业:物流工程技术、现代物流管理、智能物流技术),不限,5,3,7000.0
海南,2025,专科批,综合,2308,重庆电子科技职业大学,1,2,电子商务类,(包含专业:电子商务、跨境电子商务),不限,5,3,7000.0
海南,2025,专科批,综合,2308,重庆电子科技职业大学,2,6,自动化类,(包含专业:机电一体化技术、智能控制技术、工业机器人技术、电气自动化技术),物理,5,3,7000.0
海南,2025,专科批,综合,2308,重庆电子科技职业大学,1,3,财务会计类,(包含专业:大数据与财务管理、大数据与会计),不限,5,3,6000.0
海南,2025,本科批,综合,2318,重庆对外经贸学院,3,15,数学与应用数学,,"物理,化学",5,4,16000.0
海南,2025,本科批,综合,2318,重庆对外经贸学院,2,3,汉语言文学,,不限,5,4,15000.0
海南,2025,本科批,综合,2318,重庆对外经贸学院,2,11,人力资源管理,,不限,3,4,15000.0
海南,2025,本科批,综合,2318,重庆对外经贸学院,3,22,区块链工程,,"物理,化学",3,4,16000.0
海南,2025,本科批,综合,2318,重庆对外经贸学院,2,7,城市管理,,不限,3,4,15000.0
海南,2025,本科批,综合,2318,重庆对外经贸学院,2,10,审计学,,不限,3,4,15000.0
海南,2025,本科批,综合,2318,重庆对外经贸学院,2,13,市场营销,,不限,3,4,15000.0
海南,2025,本科批,综合,2318,重庆对外经贸学院,3,19,数字媒体技术,,"物理,化学",3,4,16000.0
海南,2025,本科批,综合,2318,重庆对外经贸学院,3,20,数据科学与大数据技术,,"物理,化学",3,4,16000.0
海南,2025,本科批,综合,2318,重庆对外经贸学院,2,14,新闻学,,不限,3,4,15000.0
海南,2025,本科批,综合,2318,重庆对外经贸学院,2,8,旅游管理,,不限,3,4,15000.0
海南,2025,本科批,综合,2318,重庆对外经贸学院,2,4,汉语国际教育,,不限,3,4,15000.0
海南,2025,本科批,综合,2318,重庆对外经贸学院,2,9,物流管理,,不限,3,4,15000.0
海南,2025,本科批,综合,2318,重庆对外经贸学院,3,18,物联网工程,,"物理,化学",3,4,16000.0
海南,2025,本科批,综合,2318,重庆对外经贸学院,3,16,电子科学与技术,,"物理,化学",3,4,16000.0
海南,2025,本科批,综合,2318,重庆对外经贸学院,2,2,经济学,,不限,3,4,15000.0
海南,2025,本科批,综合,2318,重庆对外经贸学院,2,6,翻译,,不限,3,4,15000.0
海南,2025,本科批,综合,2318,重庆对外经贸学院,2,5,英语,,不限,3,4,15000.0
海南,2025,本科批,综合,2318,重庆对外经贸学院,3,21,虚拟现实技术,,"物理,化学",3,4,16000.0
海南,2025,本科批,综合,2318,重庆对外经贸学院,3,17,计算机科学与技术,,"物理,化学",3,4,16000.0
海南,2025,本科批,综合,2318,重庆对外经贸学院,2,12,财务管理,,不限,3,4,15000.0
海南,2025,本科批,综合,2318,重庆对外经贸学院,3,23,软件工程,,"物理,化学",3,4,16000.0
海南,2025,本科批,综合,2307,重庆工程学院,1,1,工商管理类,(包含专业:市场营销、人力资源管理、财务管理；双桥校区),不限,3,4,15000.0
海南,2025,本科批,综合,2307,重庆工程学院,2,9,智能制造工程,"(第一学年在双桥校区就读,后三学年在南泉校区就读)","物理,化学",3,4,16000.0
海南,2025,本科批,综合,2307,重庆工程学院,2,8,电子信息类,"(包含专业:电子信息工程、通信工程；第一学年在双桥校区就读,后三学年在南泉校区就读)","物理,化学",3,4,16000.0
海南,2025,本科批,综合,2307,重庆工程学院,1,3,网络与新媒体,(双桥校区),不限,3,4,15000.0
海南,2025,本科批,综合,2307,重庆工程学院,2,7,自动化类,"(包含专业:自动化、机器人工程；第一学年在双桥校区就读,后三学年在南泉校区就读)","物理,化学",3,4,16000.0
海南,2025,本科批,综合,2307,重庆工程学院,2,5,计算机类,"(软件)(包含专业:软件工程、数字媒体技术、虚拟现实技术；第一学年在双桥校区就读,后三学年在南泉校区就读)","物理,化学",3,4,16000.0
海南,2025,本科批,综合,2307,重庆工程学院,2,6,计算机类,"(大数据与智能科学)(包含专业:数据科学与大数据技术、智能科学与技术；第一学年在双桥校区就读,后三学年在南泉校区就读)","物理,化学",3,4,16000.0
海南,2025,本科批,综合,2307,重庆工程学院,1,4,供应链管理,(双桥校区),不限,2,4,15000.0
海南,2025,本科批,综合,2307,重庆工程学院,1,2,电子商务,(双桥校区),不限,2,4,15000.0
海南,2025,本科批,综合,2307,重庆工程学院,2,10,电影制作,"(第一学年在双桥校区就读,后三学年在南泉校区就读)","物理,化学",2,4,16000.0
海南,2025,专科批,综合,2314,重庆工程职业技术学院,2,10,工业机器人技术,(中外合作办学),不限,2,3,17000.0
海南,2025,专科批,综合,2314,重庆工程职业技术学院,2,11,机电一体化技术,(中外合作办学),不限,2,3,17000.0
海南,2025,专科批,综合,2314,重庆工程职业技术学院,2,9,软件技术,(中外合作办学),不限,2,3,17000.0
海南,2025,专科批,综合,2314,重庆工程职业技术学院,2,8,市政工程技术,,不限,1,3,7300.0
海南,2025,专科批,综合,2314,重庆工程职业技术学院,2,3,建筑工程技术,,不限,1,3,7300.0
海南,2025,专科批,综合,2314,重庆工程职业技术学院,2,6,数控技术,,不限,1,3,7300.0
海南,2025,专科批,综合,2314,重庆工程职业技术学院,2,4,智能控制技术,,不限,1,3,7300.0
海南,2025,专科批,综合,2314,重庆工程职业技术学院,2,7,机械设计与制造,,不限,1,3,7300.0
海南,2025,专科批,综合,2314,重庆工程职业技术学院,2,5,机电一体化技术,,不限,1,3,7300.0
海南,2025,本科批,综合,2301,重庆工商大学,1,9,公共管理类,(包含专业:劳动与社会保障、城市管理、土地资源管理；不招单色识别不全者),不限,4,4,4500.0
海南,2025,本科批,综合,2301,重庆工商大学,1,2,金融学类,(包含专业:金融学、保险学、投资学),不限,4,4,4500.0
海南,2025,本科批,综合,2301,重庆工商大学,2,12,大数据管理与应用,(不招单色识别不全者),物理,3,4,4500.0
海南,2025,本科批,综合,2301,重庆工商大学,2,11,工程管理,(不招单色识别不全者),物理,3,4,4500.0
海南,2025,本科批,综合,2301,重庆工商大学,1,4,旅游管理,,不限,3,4,5600.0
海南,2025,本科批,综合,2301,重庆工商大学,1,1,财政学,,不限,3,4,4500.0
海南,2025,本科批,综合,2301,重庆工商大学,4,18,人文地理与城乡规划,,生物,2,4,4500.0
海南,2025,本科批,综合,2301,重庆工商大学,1,3,工商管理类,(包含专业:工商管理、人力资源管理、市场营销、国际商务；不招单色识别不全者),不限,2,4,5600.0
海南,2025,本科批,综合,2301,重庆工商大学,1,10,新闻传播学类,(包含专业:广播电视学、网络与新媒体),不限,2,4,4500.0
海南,2025,本科批,综合,2301,重庆工商大学,3,14,智能科学与技术,,"物理,化学",2,4,5600.0
海南,2025,本科批,综合,2301,重庆工商大学,3,16,机械电子工程,,"物理,化学",2,4,5600.0
海南,2025,本科批,综合,2301,重庆工商大学,1,6,物流管理,,不限,2,4,4500.0
海南,2025,本科批,综合,2301,重庆工商大学,1,8,电子商务,,不限,2,4,4500.0
海南,2025,本科批,综合,2301,重庆工商大学,1,7,经济与贸易类,(包含专业:贸易经济、国际经济与贸易),不限,2,4,4500.0
海南,2025,本科批,综合,2301,重庆工商大学,2,13,经济统计学,(不招单色识别不全者),物理,2,4,4500.0
海南,2025,本科批,综合,2301,重庆工商大学,3,15,自动化,,"物理,化学",2,4,5600.0
海南,2025,本科批,综合,2301,重庆工商大学,1,5,财务管理,(不招单色识别不全者),不限,2,4,5600.0
海南,2025,本科批,综合,2301,重庆工商大学,3,17,食品科学与工程,(不招色弱、色盲、单色识别不全者),"物理,化学",2,4,5600.0
海南,2025,本科批,综合,2320,重庆工商大学派斯学院,1,2,保险学,,不限,3,4,15000.0
海南,2025,本科批,综合,2320,重庆工商大学派斯学院,1,4,会计学,,不限,2,4,15000.0
海南,2025,本科批,综合,2320,重庆工商大学派斯学院,1,3,工商管理,,不限,2,4,15000.0
海南,2025,本科批,综合,2320,重庆工商大学派斯学院,1,6,旅游管理,,不限,2,4,15000.0
海南,2025,本科批,综合,2320,重庆工商大学派斯学院,1,5,汉语言文学,,不限,2,4,15000.0
海南,2025,本科批,综合,2320,重庆工商大学派斯学院,1,1,经济学,,不限,2,4,15000.0
海南,2025,本科批,综合,2320,重庆工商大学派斯学院,1,7,英语,,不限,2,4,15000.0
海南,2025,专科批,综合,2324,重庆工商职业学院,2,12,财税大数据应用,,不限,5,3,6000.0
海南,2025,专科批,综合,2324,重庆工商职业学院,2,14,大数据与会计,,不限,4,3,6000.0
海南,2025,专科批,综合,2324,重庆工商职业学院,2,11,工商企业管理,,不限,4,3,6000.0
海南,2025,专科批,综合,2324,重庆工商职业学院,80,5,建筑室内设计,(中外合作办学),不限,4,3,15000.0
海南,2025,专科批,综合,2324,重庆工商职业学院,2,10,影视动画,,不限,4,3,8000.0
海南,2025,专科批,综合,2324,重庆工商职业学院,2,15,市场营销,,不限,3,3,6000.0
海南,2025,专科批,综合,2324,重庆工商职业学院,2,13,电子商务,,不限,3,3,6000.0
海南,2025,专科批,综合,2324,重庆工商职业学院,2,8,网络新闻与传播,,不限,3,3,6500.0
海南,2025,专科批,综合,2324,重庆工商职业学院,2,7,融媒体技术与运营,,不限,3,3,6250.0
海南,2025,专科批,综合,2324,重庆工商职业学院,2,16,金融服务与管理,,不限,3,3,6000.0
海南,2025,专科批,综合,2324,重庆工商职业学院,2,6,市政工程技术,,不限,2,3,6250.0
海南,2025,专科批,综合,2324,重庆工商职业学院,2,2,建筑室内设计,,不限,2,3,6800.0
海南,2025,专科批,综合,2324,重庆工商职业学院,2,3,智能光电技术应用,,不限,2,3,6800.0
海南,2025,专科批,综合,2324,重庆工商职业学院,2,4,智能建造技术,,不限,2,3,7000.0
海南,2025,专科批,综合,2324,重庆工商职业学院,2,9,数字媒体技术,,不限,12,3,6800.0
海南,2025,专科批,综合,2303,重庆工业职业技术大学,1,5,计算机类,"(包含专业:软件技术、大数据技术、云计算技术应用、信息安全技术应用、人工智能技术应用；办学地点:大一在南川校区(南川),大二大三在校本部(渝北),以学校最终安排为准)",不限,7,3,7000.0
海南,2025,专科批,综合,2303,重庆工业职业技术大学,1,3,大数据与会计,"(办学地点:大一在南川校区(南川),大二大三在校本部(渝北),以学校最终安排为准)",不限,6,3,7500.0
海南,2025,专科批,综合,2303,重庆工业职业技术大学,1,4,电子信息类,"(包含专业:物联网应用技术、应用电子技术、移动互联应用技术；办学地点:大一在南川校区(南川),大二大三在校本部(渝北),以学校最终安排为准)",不限,5,3,7000.0
海南,2025,专科批,综合,2303,重庆工业职业技术大学,80,1,软件技术,"(中外合作办学)(与匈牙利尼赖吉哈佐大学合作办学,请考生根据自身家庭经济状况慎重报考；办学地点:大一在南川校区(南川),大二大三在校本部(渝北),以学校最终安排为准)",不限,4,3,
海南,2025,专科批,综合,2303,重庆工业职业技术大学,2,6,机械设计制造类,"(包含专业:机械设计与制造、数字化设计与制造技术、数控技术、智能焊接技术、模具设计与制造、机械装备制造技术；办学地点:大一在南川校区(南川),大二大三在校本部(渝北),以学校最终安排为准)",物理,3,3,6200.0
海南,2025,专科批,综合,2303,重庆工业职业技术大学,2,7,自动化类,"(包含专业:智能控制技术、工业机器人技术、电气自动化技术；工业机器人技术专业收费标准为7500元/年,大一按专业大类7000元/年预收学费,毕业前根据实际所选专业进行学费结算；办学地点:大一在南川校区(南川),大二大三在校本部(渝北),以学校最终安排为准)",物理,3,3,7000.0
海南,2025,专科批,综合,2303,重庆工业职业技术大学,1,2,现代物流管理,"(办学地点:大一在南川校区(南川),大二大三在校本部(渝北),以学校最终安排为准)",不限,2,3,6200.0
海南,2025,专科批,综合,2310,重庆海联职业技术学院,1,2,定制旅行管理与服务,,不限,1,3,12000.0
海南,2025,专科批,综合,2310,重庆海联职业技术学院,1,3,工程造价,,不限,1,3,11800.0
海南,2025,专科批,综合,2310,重庆海联职业技术学院,1,4,汽车制造与试验技术,,不限,1,3,12000.0
海南,2025,专科批,综合,2310,重庆海联职业技术学院,1,5,法律事务,,不限,1,3,11300.0
海南,2025,专科批,综合,2310,重庆海联职业技术学院,1,1,空中乘务,,不限,1,3,12000.0
海南,2025,专科批,综合,2298,重庆航天职业技术学院,1,8,建筑室内设计,"(一年级在江津校区,二三年级在江北校区就读)",不限,2,3,6200.0
海南,2025,专科批,综合,2298,重庆航天职业技术学院,1,3,数字媒体技术,"(一年级在江津校区,二三年级在江北校区就读)",不限,2,3,6200.0
海南,2025,专科批,综合,2298,重庆航天职业技术学院,1,6,旅游管理,"(一年级在江津校区,二三年级在两江校区就读)",不限,2,3,6250.0
海南,2025,专科批,综合,2298,重庆航天职业技术学院,1,2,智能控制技术,,不限,2,3,7300.0
海南,2025,专科批,综合,2298,重庆航天职业技术学院,1,7,机场运行服务与管理,"(一年级在江津校区,二三年级在两江校区就读)",不限,2,3,6250.0
海南,2025,专科批,综合,2298,重庆航天职业技术学院,1,4,汽车电子技术,,不限,2,3,6250.0
海南,2025,专科批,综合,2298,重庆航天职业技术学院,1,1,现代通信技术,,不限,2,3,7300.0
海南,2025,专科批,综合,2298,重庆航天职业技术学院,1,5,电子商务,"(一年级在江津校区,二三年级在江北校区就读)",不限,2,3,6250.0
海南,2025,专科批,综合,2306,重庆机电职业技术大学,1,1,机电一体化技术,,不限,5,3,12000.0
海南,2025,专科批,综合,2331,重庆建筑工程职业学院,1,12,大数据与财务管理,,不限,2,3,8100.0
海南,2025,专科批,综合,2331,重庆建筑工程职业学院,1,15,建筑室内设计,,不限,2,3,8100.0
海南,2025,专科批,综合,2331,重庆建筑工程职业学院,1,1,建筑工程技术,,不限,2,3,8100.0
海南,2025,专科批,综合,2331,重庆建筑工程职业学院,1,3,建设工程管理,,不限,2,3,8100.0
海南,2025,专科批,综合,2331,重庆建筑工程职业学院,1,11,智慧城市管理技术,,不限,2,3,6200.0
海南,2025,专科批,综合,2331,重庆建筑工程职业学院,1,14,电气自动化技术,,不限,2,3,6200.0
海南,2025,专科批,综合,2331,重庆建筑工程职业学院,1,5,社区管理与服务,,不限,2,3,6200.0
海南,2025,专科批,综合,2331,重庆建筑工程职业学院,1,7,供应链运营,,不限,1,3,7300.0
海南,2025,专科批,综合,2331,重庆建筑工程职业学院,1,10,全媒体广告策划与营销,,不限,1,3,7300.0
海南,2025,专科批,综合,2331,重庆建筑工程职业学院,1,16,园林工程技术,,不限,1,3,8100.0
海南,2025,专科批,综合,2331,重庆建筑工程职业学院,1,9,市政工程技术,,不限,1,3,8100.0
海南,2025,专科批,综合,2331,重庆建筑工程职业学院,1,17,建筑设计,,不限,1,3,8100.0
海南,2025,专科批,综合,2331,重庆建筑工程职业学院,1,18,新能源汽车技术,,不限,1,3,6200.0
海南,2025,专科批,综合,2331,重庆建筑工程职业学院,1,2,智能建造技术,,不限,1,3,6200.0
海南,2025,专科批,综合,2331,重庆建筑工程职业学院,1,13,机电一体化技术,,不限,1,3,8100.0
海南,2025,专科批,综合,2331,重庆建筑工程职业学院,1,4,测绘地理信息技术,,不限,1,3,6200.0
海南,2025,专科批,综合,2331,重庆建筑工程职业学院,1,6,电子商务,,不限,1,3,7300.0
海南,2025,专科批,综合,2331,重庆建筑工程职业学院,1,8,网络直播与运营,,不限,1,3,7300.0
海南,2025,专科批,综合,2315,重庆建筑科技职业学院,1,3,工程造价,,不限,4,3,12000.0
海南,2025,专科批,综合,2315,重庆建筑科技职业学院,1,4,酒店管理与数字化运营,,不限,4,3,12000.0
海南,2025,专科批,综合,2315,重庆建筑科技职业学院,1,6,大数据与财务管理,,不限,3,3,12000.0
海南,2025,专科批,综合,2315,重庆建筑科技职业学院,1,7,市场营销,,不限,3,3,12000.0
海南,2025,专科批,综合,2315,重庆建筑科技职业学院,1,9,建筑室内设计,,不限,3,3,12000.0
海南,2025,专科批,综合,2315,重庆建筑科技职业学院,1,1,建筑工程技术,,不限,3,3,12000.0
海南,2025,专科批,综合,2315,重庆建筑科技职业学院,1,10,数字媒体技术,,不限,3,3,12000.0
海南,2025,专科批,综合,2315,重庆建筑科技职业学院,1,8,电子商务,,不限,3,3,12000.0
海南,2025,专科批,综合,2315,重庆建筑科技职业学院,1,5,研学旅行管理与服务,,不限,2,3,12000.0
海南,2025,专科批,综合,2315,重庆建筑科技职业学院,1,2,装配式建筑工程技术,,不限,2,3,12000.0
海南,2025,本科批,综合,2288,重庆交通大学,2,4,交通管理,,不限,3,4,5560.0
海南,2025,本科批,综合,2288,重庆交通大学,4,13,交通运输类,(包含专业:交通运输、交通工程、交通设备与控制工程),"物理,化学",3,4,5560.0
海南,2025,本科批,综合,2288,重庆交通大学,4,18,人工智能,,"物理,化学",3,4,5585.0
海南,2025,本科批,综合,2288,重庆交通大学,4,9,土木工程,(城市更新实验班),"物理,化学",3,4,6130.0
海南,2025,本科批,综合,2288,重庆交通大学,4,10,土木工程,(隧道与地下工程卓越班),"物理,化学",3,4,6130.0
海南,2025,本科批,综合,2288,重庆交通大学,2,5,工商管理类,(包含专业:工商管理、会计学、市场营销),不限,3,4,5580.0
海南,2025,本科批,综合,2288,重庆交通大学,3,8,工程管理,,物理,3,4,5580.0
海南,2025,本科批,综合,2288,重庆交通大学,2,7,旅游管理,,不限,3,4,5560.0
海南,2025,本科批,综合,2288,重庆交通大学,4,14,智慧交通,,"物理,化学",3,4,5600.0
海南,2025,本科批,综合,2288,重庆交通大学,4,11,智能建造,,"物理,化学",3,4,6250.0
海南,2025,本科批,综合,2288,重庆交通大学,4,19,智能材料与结构,,"物理,化学",3,4,
海南,2025,本科批,综合,2288,重庆交通大学,4,21,测绘工程,,"物理,化学",3,4,6230.0
海南,2025,本科批,综合,2288,重庆交通大学,4,12,港口航道与海岸工程,,"物理,化学",3,4,5580.0
海南,2025,本科批,综合,2288,重庆交通大学,4,16,电气工程及其自动化,,"物理,化学",3,4,5580.0
海南,2025,本科批,综合,2288,重庆交通大学,2,6,知识产权,,不限,3,4,5605.0
海南,2025,本科批,综合,2288,重庆交通大学,4,15,车辆工程,,"物理,化学",3,4,5605.0
海南,2025,本科批,综合,2288,重庆交通大学,4,17,通信工程,,"物理,化学",3,4,5560.0
海南,2025,本科批,综合,2288,重庆交通大学,4,20,飞行器动力工程,,"物理,化学",3,4,5605.0
海南,2025,本科提前批,综合,2288,重庆交通大学,1,1,航海技术,(不招色盲、色弱、单色识别不全者),"物理,化学",3,4,6230.0
海南,2025,本科提前批,综合,2288,重庆交通大学,1,3,船舶电子电气工程,(不招色盲、色弱、单色识别不全者),"物理,化学",3,4,5580.0
海南,2025,本科提前批,综合,2288,重庆交通大学,1,2,轮机工程,(不招色盲、色弱、单色识别不全者),"物理,化学",3,4,6230.0
海南,2025,专科批,综合,2335,重庆交通职业学院,1,1,道路与桥梁工程技术,,不限,20,3,11800.0
海南,2025,专科批,综合,2343,重庆经贸职业学院,1,1,宠物医疗技术,,不限,5,3,10000.0
海南,2025,本科批,综合,2299,重庆科技大学,3,7,海洋油气工程,,"物理,化学",5,4,5000.0
海南,2025,本科批,综合,2299,重庆科技大学,3,6,石油工程,,"物理,化学",5,4,5000.0
海南,2025,本科批,综合,2299,重庆科技大学,3,8,计算机科学与技术,,"物理,化学",4,4,5625.0
海南,2025,本科批,综合,2299,重庆科技大学,3,5,土木工程,,"物理,化学",3,4,6250.0
海南,2025,本科批,综合,2299,重庆科技大学,3,10,安全工程,,"物理,化学",3,4,5625.0
海南,2025,本科批,综合,2299,重庆科技大学,3,9,应用化学,(不招色弱、色盲、单色识别不全者),"物理,化学",2,4,4625.0
海南,2025,本科批,综合,2299,重庆科技大学,3,3,机械电子工程,,"物理,化学",2,4,5625.0
海南,2025,本科批,综合,2299,重庆科技大学,2,2,管理科学与工程类,(包含专业:工程管理、工程造价),物理,2,4,6250.0
海南,2025,本科批,综合,2299,重庆科技大学,3,4,能源化学工程,(不招色弱、色盲、单色识别不全者),"物理,化学",2,4,4625.0
海南,2025,本科批,综合,2299,重庆科技大学,1,1,酒店管理,,不限,2,4,5625.0
海南,2025,专科批,综合,2347,重庆科技职业学院,1,6,学前教育,,不限,5,3,11800.0
海南,2025,专科批,综合,2347,重庆科技职业学院,1,13,人工智能技术应用,,不限,4,3,11800.0
海南,2025,专科批,综合,2347,重庆科技职业学院,1,3,大数据技术,,不限,4,3,11800.0
海南,2025,专科批,综合,2347,重庆科技职业学院,1,4,新能源汽车技术,,不限,4,3,11200.0
海南,2025,专科批,综合,2347,重庆科技职业学院,1,10,智能控制技术,,不限,4,3,11800.0
海南,2025,专科批,综合,2347,重庆科技职业学院,1,8,机械制造及自动化,,不限,4,3,11800.0
海南,2025,专科批,综合,2347,重庆科技职业学院,1,11,汽车检测与维修技术,,不限,4,3,11800.0
海南,2025,专科批,综合,2347,重庆科技职业学院,1,12,物联网应用技术,,不限,4,3,11200.0
海南,2025,专科批,综合,2347,重庆科技职业学院,1,5,电子信息工程技术,,不限,4,3,10000.0
海南,2025,专科批,综合,2347,重庆科技职业学院,1,9,计算机应用技术,,不限,4,3,10000.0
海南,2025,专科批,综合,2347,重庆科技职业学院,1,1,城市轨道交通运营管理,,不限,3,3,11200.0
海南,2025,专科批,综合,2347,重庆科技职业学院,1,7,智慧健康养老服务与管理,,不限,3,3,11200.0
海南,2025,专科批,综合,2347,重庆科技职业学院,1,2,智能网联汽车技术,,不限,3,3,11800.0
海南,2025,本科批,综合,2300,重庆理工大学,2,4,信息与计算科学,,"物理,化学",3,4,
海南,2025,本科批,综合,2300,重庆理工大学,2,5,计算机科学与技术,,"物理,化学",3,4,
海南,2025,本科批,综合,2300,重庆理工大学,1,3,会计学,,不限,2,4,
海南,2025,本科批,综合,2300,重庆理工大学,1,1,旅游管理,,不限,2,4,
海南,2025,本科批,综合,2300,重庆理工大学,2,9,智能科学与技术,,"物理,化学",2,4,
海南,2025,本科批,综合,2300,重庆理工大学,2,7,机械设计制造及其自动化,,"物理,化学",2,4,
海南,2025,本科批,综合,2300,重庆理工大学,1,2,物流管理,,不限,2,4,
海南,2025,本科批,综合,2300,重庆理工大学,2,8,电气工程及其自动化,,"物理,化学",2,4,
海南,2025,本科批,综合,2300,重庆理工大学,2,6,车辆工程,,"物理,化学",2,4,
海南,2025,专科批,综合,2350,重庆理工职业学院,1,20,康复治疗技术,,不限,70,3,12000.0
海南,2025,专科批,综合,2350,重庆理工职业学院,1,18,护理,,不限,70,3,12000.0
海南,2025,专科批,综合,2350,重庆理工职业学院,1,21,婴幼儿托育服务与管理,,不限,5,3,12000.0
海南,2025,专科批,综合,2350,重庆理工职业学院,1,25,智慧健康养老服务与管理,,不限,5,3,12000.0
海南,2025,专科批,综合,2350,重庆理工职业学院,1,24,智能物流技术,,不限,5,3,10800.0
海南,2025,专科批,综合,2350,重庆理工职业学院,1,9,机场运行服务与管理,,不限,5,3,12000.0
海南,2025,专科批,综合,2350,重庆理工职业学院,1,26,社区康复,,不限,5,3,11600.0
海南,2025,专科批,综合,2350,重庆理工职业学院,1,7,药品经营与管理,,不限,5,3,11800.0
海南,2025,专科批,综合,2350,重庆理工职业学院,1,16,虚拟现实技术应用,,不限,5,3,12000.0
海南,2025,专科批,综合,2350,重庆理工职业学院,1,17,人工智能技术应用,,不限,35,3,11800.0
海南,2025,专科批,综合,2350,重庆理工职业学院,1,19,工业互联网技术,,不限,30,3,11800.0
海南,2025,专科批,综合,2350,重庆理工职业学院,1,14,数字媒体技术,,不限,30,3,11800.0
海南,2025,专科批,综合,2350,重庆理工职业学院,1,23,跨境电子商务,,不限,30,3,12000.0
海南,2025,专科批,综合,2350,重庆理工职业学院,1,15,大数据技术,,不限,25,3,12000.0
海南,2025,专科批,综合,2350,重庆理工职业学院,1,5,新能源汽车技术,,不限,25,3,11800.0
海南,2025,专科批,综合,2350,重庆理工职业学院,1,6,智能网联汽车技术,,不限,25,3,12000.0
海南,2025,专科批,综合,2350,重庆理工职业学院,1,8,汽车检测与维修技术,,不限,25,3,12000.0
海南,2025,专科批,综合,2350,重庆理工职业学院,1,12,移动互联应用技术,,不限,25,3,11800.0
海南,2025,专科批,综合,2350,重庆理工职业学院,1,13,软件技术,,不限,25,3,12000.0
海南,2025,专科批,综合,2350,重庆理工职业学院,1,22,财税大数据应用,,不限,20,3,11800.0
海南,2025,专科批,综合,2350,重庆理工职业学院,1,11,城市轨道交通运营管理,,不限,15,3,11800.0
海南,2025,专科批,综合,2350,重庆理工职业学院,1,10,城市轨道交通通信信号技术,,不限,15,3,11800.0
海南,2025,专科批,综合,2350,重庆理工职业学院,1,4,数字化设计与制造技术,,不限,15,3,12000.0
海南,2025,专科批,综合,2350,重庆理工职业学院,1,2,消防救援技术,,不限,15,3,11800.0
海南,2025,专科批,综合,2350,重庆理工职业学院,1,1,应急救援技术,,不限,10,3,12000.0
海南,2025,专科批,综合,2350,重庆理工职业学院,1,3,智慧城市管理技术,,不限,10,3,12000.0
海南,2025,专科批,综合,2333,重庆能源职业学院,1,7,新能源汽车技术,,不限,5,3,11800.0
海南,2025,专科批,综合,2333,重庆能源职业学院,1,6,新能源装备技术,,不限,5,3,9800.0
海南,2025,专科批,综合,2333,重庆能源职业学院,1,1,电梯工程技术,,不限,5,3,12000.0
海南,2025,专科批,综合,2333,重庆能源职业学院,1,5,自动化类,(包含专业:机电一体化技术、智能控制技术),不限,5,3,12000.0
海南,2025,专科批,综合,2333,重庆能源职业学院,1,3,中药学,,不限,10,3,12000.0
海南,2025,专科批,综合,2333,重庆能源职业学院,1,4,城市轨道交通运营管理,,不限,10,3,10800.0
海南,2025,专科批,综合,2333,重庆能源职业学院,1,2,护理,,不限,10,3,12000.0
海南,2025,专科批,综合,2333,重庆能源职业学院,1,8,计算机类,(包含专业:云计算技术应用、人工智能技术应用),不限,10,3,11800.0
海南,2025,专科批,综合,2341,重庆轻工职业学院,1,27,护理,,不限,5,3,12000.0
海南,2025,专科批,综合,2341,重庆轻工职业学院,1,9,数字媒体技术,,不限,3,3,12000.0
海南,2025,专科批,综合,2341,重庆轻工职业学院,1,5,机电一体化技术,,不限,3,3,12000.0
海南,2025,专科批,综合,2341,重庆轻工职业学院,1,4,消防救援技术,,不限,3,3,12000.0
海南,2025,专科批,综合,2341,重庆轻工职业学院,1,24,中西面点工艺,,不限,2,3,12000.0
海南,2025,专科批,综合,2341,重庆轻工职业学院,1,3,人工智能技术应用,,不限,2,3,12000.0
海南,2025,专科批,综合,2341,重庆轻工职业学院,1,15,城市轨道交通运营管理,,不限,2,3,12000.0
海南,2025,专科批,综合,2341,重庆轻工职业学院,1,16,大数据与财务管理,,不限,2,3,11500.0
海南,2025,专科批,综合,2341,重庆轻工职业学院,1,11,大数据技术,,不限,2,3,12000.0
海南,2025,专科批,综合,2341,重庆轻工职业学院,1,25,婴幼儿托育服务与管理,,不限,2,3,12000.0
海南,2025,专科批,综合,2341,重庆轻工职业学院,1,30,学前教育,,不限,2,3,12000.0
海南,2025,专科批,综合,2341,重庆轻工职业学院,1,28,安全技术与管理,,不限,2,3,12000.0
海南,2025,专科批,综合,2341,重庆轻工职业学院,1,6,工业机器人技术,,不限,2,3,12000.0
海南,2025,专科批,综合,2341,重庆轻工职业学院,1,2,新能源汽车技术,,不限,2,3,12000.0
海南,2025,专科批,综合,2341,重庆轻工职业学院,1,29,智能网联汽车技术,,不限,2,3,12000.0
海南,2025,专科批,综合,2341,重庆轻工职业学院,1,14,烹饪工艺与营养,,不限,2,3,12000.0
海南,2025,专科批,综合,2341,重庆轻工职业学院,1,18,电子商务,,不限,2,3,12000.0
海南,2025,专科批,综合,2341,重庆轻工职业学院,1,31,移动互联应用技术,,不限,2,3,12000.0
海南,2025,专科批,综合,2341,重庆轻工职业学院,1,17,网络营销与直播电商,,不限,2,3,12000.0
海南,2025,专科批,综合,2341,重庆轻工职业学院,1,7,药品质量与安全,,不限,2,3,12000.0
海南,2025,专科批,综合,2341,重庆轻工职业学院,1,22,药物制剂技术,,不限,2,3,12000.0
海南,2025,专科批,综合,2341,重庆轻工职业学院,1,32,跨境电子商务,,不限,2,3,12000.0
海南,2025,专科批,综合,2341,重庆轻工职业学院,1,12,食品智能加工技术,,不限,2,3,11500.0
海南,2025,专科批,综合,2341,重庆轻工职业学院,1,13,食品检验检测技术,,不限,2,3,12000.0
海南,2025,专科批,综合,2341,重庆轻工职业学院,1,8,包装策划与设计,,不限,1,3,11500.0
海南,2025,专科批,综合,2341,重庆轻工职业学院,1,20,智慧健康养老服务与管理,,不限,1,3,12000.0
海南,2025,专科批,综合,2341,重庆轻工职业学院,1,1,智能安防运营管理,,不限,1,3,12000.0
海南,2025,专科批,综合,2341,重庆轻工职业学院,1,10,物联网应用技术,,不限,1,3,12000.0
海南,2025,专科批,综合,2341,重庆轻工职业学院,1,21,社区康复,,不限,1,3,12000.0
海南,2025,专科批,综合,2341,重庆轻工职业学院,1,23,药品经营与管理,,不限,1,3,12000.0
海南,2025,专科批,综合,2341,重庆轻工职业学院,1,19,酒店管理与数字化运营,,不限,1,3,11500.0
海南,2025,专科批,综合,2341,重庆轻工职业学院,1,26,酿酒技术,,不限,1,3,12000.0
海南,2025,本科批,综合,2316,重庆人文科技学院,4,13,汉语言文学,,历史,6,4,15000.0
海南,2025,本科批,综合,2316,重庆人文科技学院,1,5,英语,,不限,5,4,15000.0
海南,2025,本科批,综合,2316,重庆人文科技学院,3,12,思想政治教育,,政治,4,4,15000.0
海南,2025,本科批,综合,2316,重庆人文科技学院,1,2,法学,,不限,4,4,15000.0
海南,2025,本科批,综合,2316,重庆人文科技学院,1,1,会计学,,不限,3,4,15000.0
海南,2025,本科批,综合,2316,重庆人文科技学院,2,11,信息安全,,"物理,化学",3,4,16000.0
海南,2025,本科批,综合,2316,重庆人文科技学院,1,3,学前教育,,不限,3,4,15000.0
海南,2025,本科批,综合,2316,重庆人文科技学院,1,6,建筑学,,不限,3,5,16000.0
海南,2025,本科批,综合,2316,重庆人文科技学院,2,9,数学与应用数学,,"物理,化学",3,4,16000.0
海南,2025,本科批,综合,2316,重庆人文科技学院,2,8,新能源科学与工程,,"物理,化学",3,4,16000.0
海南,2025,本科批,综合,2316,重庆人文科技学院,2,10,软件工程,,"物理,化学",3,4,16000.0
海南,2025,本科批,综合,2316,重庆人文科技学院,1,7,风景园林,,不限,3,4,16000.0
海南,2025,本科批,综合,2316,重庆人文科技学院,1,4,人力资源管理,,不限,2,4,15000.0
海南,2025,本科批,综合,2293,重庆三峡学院,2,15,工商管理,(百安校区),不限,3,4,5600.0
海南,2025,本科批,综合,2293,重庆三峡学院,2,4,市场营销,(沙龙校区),不限,3,4,5600.0
海南,2025,本科批,综合,2293,重庆三峡学院,2,14,文化产业管理,(百安校区),不限,3,4,5600.0
海南,2025,本科批,综合,2293,重庆三峡学院,2,5,日语,(百安校区),不限,3,4,6875.0
海南,2025,本科批,综合,2293,重庆三峡学院,3,18,植物生产类,(包含专业:园艺、农学；百安校区),"物理,化学",3,4,3700.0
海南,2025,本科批,综合,2293,重庆三峡学院,2,12,经济学,(沙龙校区),不限,3,4,5600.0
海南,2025,本科批,综合,2293,重庆三峡学院,2,7,英语,(百安校区),不限,3,4,6875.0
海南,2025,本科批,综合,2293,重庆三峡学院,2,10,会计学,(沙龙校区),不限,2,4,5600.0
海南,2025,本科批,综合,2293,重庆三峡学院,3,19,信息与计算科学,(百安校区),"物理,化学",2,4,5600.0
海南,2025,本科批,综合,2293,重庆三峡学院,2,9,国际经济与贸易,(沙龙校区),不限,2,4,5600.0
海南,2025,本科批,综合,2293,重庆三峡学院,2,3,广告学,(沙龙校区),不限,2,4,5600.0
海南,2025,本科批,综合,2293,重庆三峡学院,2,8,广播电视学,(沙龙校区),不限,2,4,5600.0
海南,2025,本科批,综合,2293,重庆三峡学院,2,2,旅游管理,(沙龙校区),不限,2,4,5600.0
海南,2025,本科批,综合,2293,重庆三峡学院,3,20,智慧农业,(百安校区),"物理,化学",2,4,3750.0
海南,2025,本科批,综合,2293,重庆三峡学院,2,6,汉语言文学,(沙龙校区),不限,2,4,4000.0
海南,2025,本科批,综合,2293,重庆三峡学院,2,13,法学,(百安校区),不限,2,4,5600.0
海南,2025,本科批,综合,2293,重庆三峡学院,3,17,计算机科学与技术,(百安校区),"物理,化学",2,4,5600.0
海南,2025,本科批,综合,2293,重庆三峡学院,2,11,跨境电子商务,(沙龙校区),不限,2,4,5600.0
海南,2025,本科批,综合,2293,重庆三峡学院,3,16,食品科学与工程,(百安校区),"物理,化学",2,4,5600.0
海南,2025,专科批,综合,2326,重庆三峡医药高等专科学校,1,2,临床医学,,不限,5,3,8125.0
海南,2025,专科批,综合,2326,重庆三峡医药高等专科学校,1,1,中医学,,不限,3,3,8125.0
海南,2025,专科批,综合,2326,重庆三峡医药高等专科学校,1,3,口腔医学,,不限,2,3,8125.0
海南,2025,专科批,综合,2334,重庆商务职业学院,1,3,大数据与会计,,不限,7,3,6000.0
海南,2025,专科批,综合,2334,重庆商务职业学院,1,2,大数据与财务管理,,不限,2,3,6000.0
海南,2025,专科批,综合,2334,重庆商务职业学院,1,1,大数据技术,,不限,2,3,7500.0
海南,2025,专科批,综合,2334,重庆商务职业学院,1,4,电子商务,,不限,2,3,6000.0
海南,2025,专科批,综合,2334,重庆商务职业学院,1,6,云计算技术应用,,不限,1,3,7000.0
海南,2025,专科批,综合,2334,重庆商务职业学院,1,5,物联网应用技术,,不限,1,3,7000.0
海南,2025,本科批,综合,2291,重庆师范大学,1,5,工商管理类,(包含专业:工商管理、财务管理、人力资源管理),不限,5,4,5600.0
海南,2025,本科批,综合,2291,重庆师范大学,1,4,旅游管理,,不限,5,4,4625.0
海南,2025,本科批,综合,2291,重庆师范大学,2,7,电子商务,,物理,5,4,5600.0
海南,2025,本科批,综合,2291,重庆师范大学,1,3,外国语言文学类,(包含专业:日语、翻译),不限,4,4,6875.0
海南,2025,本科批,综合,2291,重庆师范大学,3,9,化学,(不招色盲、色弱),"物理,化学",3,4,3750.0
海南,2025,本科批,综合,2291,重庆师范大学,80,6,广播电视编导,(授予艺术学学士学位),不限,3,4,11500.0
海南,2025,本科批,综合,2291,重庆师范大学,1,1,应用心理学,,不限,3,4,4600.0
海南,2025,本科批,综合,2291,重庆师范大学,4,11,思想政治教育,,政治,3,4,3100.0
海南,2025,本科批,综合,2291,重庆师范大学,3,8,数学与应用数学,,"物理,化学",3,4,3750.0
海南,2025,本科批,综合,2291,重庆师范大学,3,10,智能科学与技术,,"物理,化学",3,4,5625.0
海南,2025,本科批,综合,2291,重庆师范大学,5,12,汉语言文学,,历史,3,4,3100.0
海南,2025,本科批,综合,2291,重庆师范大学,1,2,社会工作,,不限,3,4,4600.0
海南,2025,专科批,综合,2355,重庆数字产业职业技术学院,1,6,数字媒体技术,,不限,8,3,11800.0
海南,2025,专科批,综合,2355,重庆数字产业职业技术学院,1,7,大数据技术,,不限,7,3,11800.0
海南,2025,专科批,综合,2355,重庆数字产业职业技术学院,1,9,人工智能数据工程技术,,不限,5,3,11800.0
海南,2025,专科批,综合,2355,重庆数字产业职业技术学院,1,4,会计信息管理,,不限,5,3,11800.0
海南,2025,专科批,综合,2355,重庆数字产业职业技术学院,1,3,城市轨道交通运营管理,,不限,5,3,11800.0
海南,2025,专科批,综合,2355,重庆数字产业职业技术学院,1,1,无人机应用技术,,不限,5,3,11800.0
海南,2025,专科批,综合,2355,重庆数字产业职业技术学院,1,2,智能网联汽车技术,,不限,5,3,11800.0
海南,2025,专科批,综合,2355,重庆数字产业职业技术学院,1,5,移动商务,,不限,5,3,11800.0
海南,2025,专科批,综合,2355,重庆数字产业职业技术学院,1,8,虚拟现实技术应用,,不限,5,3,11800.0
海南,2025,专科批,综合,2323,重庆水利电力职业技术学院,1,1,智慧水利技术,,不限,4,3,6250.0
海南,2025,专科批,综合,2323,重庆水利电力职业技术学院,1,4,水利工程,,不限,4,3,6000.0
海南,2025,专科批,综合,2323,重庆水利电力职业技术学院,1,2,水利水电建筑工程,,不限,4,3,6250.0
海南,2025,专科批,综合,2323,重庆水利电力职业技术学院,1,3,电力系统继电保护技术,,不限,4,3,6250.0
海南,2025,专科批,综合,2323,重庆水利电力职业技术学院,1,6,电力系统自动化技术,,不限,4,3,6250.0
海南,2025,专科批,综合,2323,重庆水利电力职业技术学院,1,5,电气自动化技术,,不限,10,3,6000.0
海南,2025,本科批,综合,2317,重庆外语外事学院,1,7,中国语言文学类,(包含专业:汉语言文学、汉语国际教育),不限,4,4,15000.0
海南,2025,本科批,综合,2317,重庆外语外事学院,1,6,英语,,不限,4,4,15000.0
海南,2025,本科批,综合,2317,重庆外语外事学院,1,12,新闻传播学类,(包含专业:新闻学、广告学、传播学、网络与新媒体、国际新闻与传播),不限,3,4,15000.0
海南,2025,本科批,综合,2317,重庆外语外事学院,1,9,日语,,不限,3,4,15000.0
海南,2025,本科批,综合,2317,重庆外语外事学院,1,5,俄语,,不限,2,4,15000.0
海南,2025,本科批,综合,2317,重庆外语外事学院,1,10,商务英语,,不限,2,4,15000.0
海南,2025,本科批,综合,2317,重庆外语外事学院,1,2,德语,,不限,2,4,15000.0
海南,2025,本科批,综合,2317,重庆外语外事学院,1,8,意大利语,,不限,2,4,15000.0
海南,2025,本科批,综合,2317,重庆外语外事学院,1,11,文化产业管理,,不限,2,4,15000.0
海南,2025,本科批,综合,2317,重庆外语外事学院,1,3,法语,,不限,2,4,15000.0
海南,2025,本科批,综合,2317,重庆外语外事学院,1,4,翻译,,不限,2,4,15000.0
海南,2025,本科批,综合,2317,重庆外语外事学院,1,1,西班牙语,,不限,2,4,15000.0
海南,2025,本科批,综合,2292,重庆文理学院,3,5,风景园林,,不限,6,4,4625.0
海南,2025,本科批,综合,2292,重庆文理学院,4,9,工程管理,,物理,5,4,6250.0
海南,2025,本科批,综合,2292,重庆文理学院,5,18,制药工程,(不招色盲、色弱),"物理,化学",4,4,6250.0
海南,2025,本科批,综合,2292,重庆文理学院,5,20,材料科学与工程,,"物理,化学",4,4,5625.0
海南,2025,本科批,综合,2292,重庆文理学院,5,16,环境科学,,"物理,化学",4,4,4625.0
海南,2025,本科批,综合,2292,重庆文理学院,5,23,食品科学与工程,(不招色盲、色弱),"物理,化学",4,4,3700.0
海南,2025,本科批,综合,2292,重庆文理学院,3,6,工商管理,,不限,3,4,5625.0
海南,2025,本科批,综合,2292,重庆文理学院,4,8,物流工程,,物理,3,4,5625.0
海南,2025,本科批,综合,2292,重庆文理学院,5,13,电气工程及其自动化,,"物理,化学",3,4,5625.0
海南,2025,本科批,综合,2292,重庆文理学院,5,17,药学,(不招色盲、色弱),"物理,化学",3,4,6200.0
海南,2025,本科批,综合,2292,重庆文理学院,5,15,人工智能,,"物理,化学",2,4,5600.0
海南,2025,本科批,综合,2292,重庆文理学院,3,7,会展经济与管理,,不限,2,4,4500.0
海南,2025,本科批,综合,2292,重庆文理学院,6,24,园林,(不招色盲、色弱),生物,2,4,5000.0
海南,2025,本科批,综合,2292,重庆文理学院,3,4,应用心理学,,不限,2,4,4625.0
海南,2025,本科批,综合,2292,重庆文理学院,5,14,微电子科学与工程,,"物理,化学",2,4,5625.0
海南,2025,本科批,综合,2292,重庆文理学院,5,10,数据科学与大数据技术,,"物理,化学",2,4,5600.0
海南,2025,本科批,综合,2292,重庆文理学院,5,21,智能制造工程,,"物理,化学",2,4,5625.0
海南,2025,本科批,综合,2292,重庆文理学院,5,12,智能电网信息工程,,"物理,化学",2,4,5625.0
海南,2025,本科批,综合,2292,重庆文理学院,5,22,机器人工程,,"物理,化学",2,4,5625.0
海南,2025,本科批,综合,2292,重庆文理学院,5,11,网络工程,,"物理,化学",2,4,5625.0
海南,2025,本科批,综合,2292,重庆文理学院,5,19,高分子材料与工程,(不招色盲、色弱),"物理,化学",2,4,5625.0
海南,2025,专科批,综合,2353,重庆五一职业技术学院,1,3,智能制造装备技术,,不限,5,3,6500.0
海南,2025,专科批,综合,2353,重庆五一职业技术学院,1,1,智能网联汽车技术,,不限,5,3,6500.0
海南,2025,专科批,综合,2353,重庆五一职业技术学院,1,2,机电一体化技术,,不限,5,3,6200.0
海南,2025,专科批,综合,2353,重庆五一职业技术学院,1,4,汽车检测与维修技术,,不限,5,3,6000.0
海南,2025,专科批,综合,2356,重庆现代制造职业学院,1,1,机械制造及自动化,,不限,5,3,11800.0
海南,2025,专科批,综合,2356,重庆现代制造职业学院,1,2,新能源装备技术,,不限,4,3,11800.0
海南,2025,专科批,综合,2356,重庆现代制造职业学院,1,4,工业互联网应用,,不限,3,3,11800.0
海南,2025,专科批,综合,2356,重庆现代制造职业学院,1,5,物流工程技术,,不限,3,3,11800.0
海南,2025,专科批,综合,2356,重庆现代制造职业学院,1,3,电气自动化技术,,不限,3,3,11800.0
海南,2025,专科批,综合,2356,重庆现代制造职业学院,1,6,采购与供应管理,,不限,2,3,10800.0
海南,2025,专科批,综合,2311,重庆信息技术职业学院,4,17,动漫制作技术,,不限,9,3,10800.0
海南,2025,专科批,综合,2311,重庆信息技术职业学院,4,21,广播影视节目制作,,不限,9,3,10800.0
海南,2025,专科批,综合,2311,重庆信息技术职业学院,4,16,大数据技术,,不限,8,3,10800.0
海南,2025,专科批,综合,2311,重庆信息技术职业学院,4,6,智能机电技术,,不限,8,3,
海南,2025,专科批,综合,2311,重庆信息技术职业学院,4,10,汽车制造与试验技术,,不限,8,3,10800.0
海南,2025,专科批,综合,2311,重庆信息技术职业学院,4,12,电子信息工程技术,,不限,8,3,10800.0
海南,2025,专科批,综合,2311,重庆信息技术职业学院,4,15,计算机网络技术,,不限,7,3,10800.0
海南,2025,专科批,综合,2311,重庆信息技术职业学院,4,22,康复治疗技术,,不限,6,3,11800.0
海南,2025,专科批,综合,2311,重庆信息技术职业学院,4,5,护理,,不限,6,3,
海南,2025,专科批,综合,2311,重庆信息技术职业学院,4,18,数字媒体技术,,不限,6,3,10800.0
海南,2025,专科批,综合,2311,重庆信息技术职业学院,4,7,智能控制技术,,不限,6,3,10800.0
海南,2025,专科批,综合,2311,重庆信息技术职业学院,4,11,智能机器人技术,,不限,6,3,
海南,2025,专科批,综合,2311,重庆信息技术职业学院,4,8,机械设计与制造,,不限,6,3,10800.0
海南,2025,专科批,综合,2311,重庆信息技术职业学院,4,13,物联网应用技术,,不限,6,3,10800.0
海南,2025,专科批,综合,2311,重庆信息技术职业学院,4,14,软件技术,,不限,6,3,10800.0
海南,2025,专科批,综合,2311,重庆信息技术职业学院,4,19,婴幼儿托育服务与管理,,不限,5,3,11800.0
海南,2025,专科批,综合,2311,重庆信息技术职业学院,4,20,电子商务,,不限,5,3,10800.0
海南,2025,专科批,综合,2311,重庆信息技术职业学院,4,9,新能源汽车技术,,不限,12,3,10800.0
海南,2025,本科批,综合,2289,重庆医科大学,2,3,临床医学,(不招色盲、色弱；视力矫正到4.8镜片度数不大于800度),"物理,化学",3,5,6250.0
海南,2025,本科批,综合,2289,重庆医科大学,80,8,医学检验技术,(不招色盲、色弱；视力矫正到4.8镜片度数不大于800度),"物理,化学",2,4,6250.0
海南,2025,本科批,综合,2289,重庆医科大学,1,1,护理学,(不招色盲、色弱；视力矫正到4.8镜片度数不大于800度),化学,2,4,6250.0
海南,2025,本科批,综合,2289,重庆医科大学,2,2,临床医学,(5+3一体化)(不招色盲、色弱；视力矫正到4.8镜片度数不大于800度),"物理,化学",1,5,6250.0
海南,2025,本科批,综合,2289,重庆医科大学,2,4,儿科学,(不招色盲、色弱；视力矫正到4.8镜片度数不大于800度),"物理,化学",1,5,6250.0
海南,2025,本科批,综合,2289,重庆医科大学,2,5,口腔医学,(不招色盲、色弱；视力矫正到4.8镜片度数不大于800度；不招左手惯用者),"物理,化学",1,5,6250.0
海南,2025,本科批,综合,2289,重庆医科大学,80,11,法医学,(不招色盲、色弱；视力矫正到4.8镜片度数不大于800度),"物理,化学",1,5,6250.0
海南,2025,本科批,综合,2289,重庆医科大学,2,7,眼视光医学,(不招色盲、色弱；视力矫正到4.8镜片度数不大于800度),"物理,化学",1,5,6250.0
海南,2025,本科批,综合,2289,重庆医科大学,80,10,药学,(不招色盲、色弱；视力矫正到4.8镜片度数不大于800度),"物理,化学",1,4,6250.0
海南,2025,本科批,综合,2289,重庆医科大学,80,9,预防医学,(不招色盲、色弱；视力矫正到4.8镜片度数不大于800度),"物理,化学",1,5,6250.0
海南,2025,本科批,综合,2289,重庆医科大学,2,6,麻醉学,(不招色盲、色弱；视力矫正到4.8镜片度数不大于800度),"物理,化学",1,5,6250.0
海南,2025,专科批,综合,2327,重庆医药高等专科学校,1,2,中医学,,不限,2,3,8125.0
海南,2025,专科批,综合,2327,重庆医药高等专科学校,1,4,医学检验技术,,不限,2,3,8125.0
海南,2025,专科批,综合,2327,重庆医药高等专科学校,1,3,护理,"(要求男生身高不低于165cm,女生身高不低于155cm)",不限,2,3,8125.0
海南,2025,专科批,综合,2327,重庆医药高等专科学校,2,6,药学,,化学,2,3,8125.0
海南,2025,专科批,综合,2327,重庆医药高等专科学校,1,5,临床医学,,不限,1,3,8125.0
海南,2025,专科批,综合,2327,重庆医药高等专科学校,1,1,口腔医学,,不限,1,3,8125.0
海南,2025,本科批,综合,2321,重庆移通学院,2,5,通信工程,,"物理,化学",5,4,16000.0
海南,2025,本科批,综合,2321,重庆移通学院,2,6,电气工程及其自动化,,"物理,化学",4,4,16000.0
海南,2025,本科批,综合,2321,重庆移通学院,1,4,互联网金融,,不限,3,4,15000.0
海南,2025,本科批,综合,2321,重庆移通学院,80,9,机械设计制造及其自动化,(中外合作办学),"物理,化学",3,4,45000.0
海南,2025,本科批,综合,2321,重庆移通学院,80,10,电气工程及其自动化,(中外合作办学),"物理,化学",3,4,45000.0
海南,2025,本科批,综合,2321,重庆移通学院,1,1,财务管理,,不限,3,4,15000.0
海南,2025,本科批,综合,2321,重庆移通学院,2,8,软件工程,,"物理,化学",3,4,16000.0
海南,2025,本科批,综合,2321,重庆移通学院,1,2,工商管理,,不限,2,4,15000.0
海南,2025,本科批,综合,2321,重庆移通学院,1,3,英语,,不限,2,4,15000.0
海南,2025,本科批,综合,2321,重庆移通学院,2,7,计算机科学与技术,,"物理,化学",2,4,16000.0
海南,2025,专科批,综合,2340,重庆艺术工程职业学院,4,9,动漫制作技术,,不限,3,3,9800.0
海南,2025,专科批,综合,2340,重庆艺术工程职业学院,4,8,大数据技术,,不限,2,3,11800.0
海南,2025,专科批,综合,2340,重庆艺术工程职业学院,4,13,民航安全技术管理,,不限,2,3,12000.0
海南,2025,专科批,综合,2340,重庆艺术工程职业学院,4,7,物联网应用技术,,不限,2,3,11800.0
海南,2025,专科批,综合,2340,重庆艺术工程职业学院,4,12,空中乘务,,不限,2,3,12000.0
海南,2025,专科批,综合,2340,重庆艺术工程职业学院,4,11,虚拟现实技术应用,,不限,2,3,12000.0
海南,2025,专科批,综合,2340,重庆艺术工程职业学院,4,10,融媒体技术与运营,,不限,2,3,9800.0
海南,2025,专科批,综合,2325,重庆应用技术职业学院,1,4,信息安全技术应用,,不限,5,3,12000.0
海南,2025,专科批,综合,2325,重庆应用技术职业学院,1,2,大数据技术,,不限,5,3,12000.0
海南,2025,专科批,综合,2325,重庆应用技术职业学院,1,8,新能源汽车技术,,不限,5,3,12000.0
海南,2025,专科批,综合,2325,重庆应用技术职业学院,1,1,计算机网络技术,,不限,5,3,12000.0
海南,2025,专科批,综合,2325,重庆应用技术职业学院,1,3,软件技术,,不限,5,3,12000.0
海南,2025,专科批,综合,2325,重庆应用技术职业学院,1,6,汽车智能技术,,不限,15,3,12000.0
海南,2025,专科批,综合,2325,重庆应用技术职业学院,1,10,工程造价,,不限,10,3,12000.0
海南,2025,专科批,综合,2325,重庆应用技术职业学院,1,9,建筑设计,,不限,10,3,12000.0
海南,2025,专科批,综合,2325,重庆应用技术职业学院,1,5,汽车制造与试验技术,,不限,10,3,12000.0
海南,2025,专科批,综合,2325,重庆应用技术职业学院,1,7,汽车电子技术,,不限,10,3,12000.0
海南,2025,本科批,综合,2287,重庆邮电大学,1,3,软件工程,(三、四年级学费15000元/年),"物理,化学",4,4,9000.0
海南,2025,本科批,综合,2287,重庆邮电大学,1,9,生物信息学,,"物理,化学",3,4,4500.0
海南,2025,本科批,综合,2287,重庆邮电大学,1,1,电子信息类,(通信与信息类)(包含专业:通信工程、电子信息工程),"物理,化学",3,4,5600.0
海南,2025,本科批,综合,2287,重庆邮电大学,1,5,自动化类,(智能自动化)(包含专业:自动化、电气工程及其自动化、物联网工程、测控技术与仪器；物联网工程专业大三、大四在渝北区仙桃数据谷就读),"物理,化学",3,4,5600.0
海南,2025,本科批,综合,2287,重庆邮电大学,1,12,信息管理与信息系统,,"物理,化学",2,4,5600.0
海南,2025,本科批,综合,2287,重庆邮电大学,1,13,大数据管理与应用,,"物理,化学",2,4,5600.0
海南,2025,本科批,综合,2287,重庆邮电大学,1,11,工商管理类,(包含专业:市场营销、会计学),"物理,化学",2,4,4500.0
海南,2025,本科批,综合,2287,重庆邮电大学,1,10,数学类,(数学与信息科学类)(包含专业:数学与应用数学、信息与计算科学、数据计算及应用),"物理,化学",2,4,4500.0
海南,2025,本科批,综合,2287,重庆邮电大学,1,14,机器人工程,,"物理,化学",2,4,5600.0
海南,2025,本科批,综合,2287,重庆邮电大学,1,8,机械类,(电子信息制造类)(包含专业:机械设计制造及其自动化、智能制造工程),"物理,化学",2,4,5600.0
海南,2025,本科批,综合,2287,重庆邮电大学,1,6,电子信息类,(电子工程类)(包含专业:光电信息科学与工程、电子科学与技术、电磁场与无线技术),"物理,化学",2,4,5600.0
海南,2025,本科批,综合,2287,重庆邮电大学,1,7,电子信息类,(集成电路类)(包含专业:微电子科学与工程、集成电路设计与集成系统),"物理,化学",2,4,5600.0
海南,2025,本科批,综合,2287,重庆邮电大学,1,2,计算机科学与技术,,"物理,化学",2,4,5600.0
海南,2025,本科批,综合,2287,重庆邮电大学,1,4,计算机类,(智能技术类)(包含专业:智能科学与技术、数据科学与大数据技术、人工智能),"物理,化学",2,4,5600.0
海南,2025,专科批,综合,2351,重庆智能工程职业学院,1,1,人工智能技术应用,,不限,10,3,11800.0
海南,2025,专科批,综合,2351,重庆智能工程职业学院,1,5,数字媒体技术,,不限,10,3,11800.0
海南,2025,专科批,综合,2351,重庆智能工程职业学院,1,3,新能源汽车技术,,不限,10,3,11800.0
海南,2025,专科批,综合,2351,重庆智能工程职业学院,1,2,无人机应用技术,,不限,10,3,11800.0
海南,2025,专科批,综合,2351,重庆智能工程职业学院,1,4,物联网应用技术,,不限,10,3,11800.0
海南,2025,专科批,综合,2348,重庆资源与环境保护职业学院,1,3,人工智能技术应用,,不限,8,3,12000.0
海南,2025,专科批,综合,2348,重庆资源与环境保护职业学院,1,14,大数据技术,,不限,8,3,12000.0
海南,2025,专科批,综合,2348,重庆资源与环境保护职业学院,1,15,数字媒体技术,,不限,8,3,12000.0
海南,2025,专科批,综合,2348,重庆资源与环境保护职业学院,1,16,物联网应用技术,,不限,8,3,12000.0
海南,2025,专科批,综合,2348,重庆资源与环境保护职业学院,1,13,计算机应用技术,,不限,8,3,12000.0
海南,2025,专科批,综合,2348,重庆资源与环境保护职业学院,1,10,学前教育,,不限,4,3,12000.0
海南,2025,专科批,综合,2348,重庆资源与环境保护职业学院,1,11,大数据与会计,,不限,35,3,12000.0
海南,2025,专科批,综合,2348,重庆资源与环境保护职业学院,1,4,康复治疗技术,,不限,30,3,12000.0
海南,2025,专科批,综合,2348,重庆资源与环境保护职业学院,1,5,新能源汽车检测与维修技术,,不限,30,3,12000.0
海南,2025,专科批,综合,2348,重庆资源与环境保护职业学院,1,1,智能环保装备技术,,不限,26,3,12000.0
海南,2025,专科批,综合,2348,重庆资源与环境保护职业学院,1,12,金融科技应用,,不限,21,3,12000.0
海南,2025,专科批,综合,2348,重庆资源与环境保护职业学院,1,2,环境监测技术,,不限,20,3,12000.0
海南,2025,专科批,综合,2348,重庆资源与环境保护职业学院,1,9,移动互联应用技术,,不限,14,3,12000.0
海南,2025,专科批,综合,2348,重庆资源与环境保护职业学院,1,7,工业机器人技术,,不限,100,3,12000.0
海南,2025,专科批,综合,2348,重庆资源与环境保护职业学院,1,6,智能机电技术,,不限,100,3,12000.0
海南,2025,专科批,综合,2348,重庆资源与环境保护职业学院,1,17,智能网联汽车技术,,不限,10,3,12000.0
海南,2025,专科批,综合,2348,重庆资源与环境保护职业学院,1,8,电气自动化技术,,不限,10,3,12000.0
海南,2025,本科批,综合,2116,珠海科技学院,4,35,护理学,,生物,3,4,31000.0
海南,2025,本科批,综合,2116,珠海科技学院,2,15,会展经济与管理,,不限,2,4,31000.0
海南,2025,本科批,综合,2116,珠海科技学院,2,9,健康服务与管理,,不限,2,4,31000.0
海南,2025,本科批,综合,2116,珠海科技学院,3,27,制药工程,,"物理,化学",2,4,31000.0
海南,2025,本科批,综合,2116,珠海科技学院,3,22,化学工程与工艺,,"物理,化学",2,4,31000.0
海南,2025,本科批,综合,2116,珠海科技学院,2,6,学前教育,(师范),不限,2,4,31000.0
海南,2025,本科批,综合,2116,珠海科技学院,2,10,工商管理,,不限,2,4,31000.0
海南,2025,本科批,综合,2116,珠海科技学院,2,11,市场营销,,不限,2,4,31000.0
海南,2025,本科批,综合,2116,珠海科技学院,2,5,广告学,,不限,2,4,31000.0
海南,2025,本科批,综合,2116,珠海科技学院,2,14,投资学,,不限,2,4,31000.0
海南,2025,本科批,综合,2116,珠海科技学院,3,31,数据计算及应用,,"物理,化学",2,4,31000.0
海南,2025,本科批,综合,2116,珠海科技学院,3,26,新能源材料与器件,,"物理,化学",2,4,31000.0
海南,2025,本科批,综合,2116,珠海科技学院,3,32,无人驾驶航空器系统工程,,"物理,化学",2,4,31000.0
海南,2025,本科批,综合,2116,珠海科技学院,3,34,智能制造工程,,"物理,化学",2,4,31000.0
海南,2025,本科批,综合,2116,珠海科技学院,3,23,智能科学与技术,,"物理,化学",2,4,31000.0
海南,2025,本科批,综合,2116,珠海科技学院,3,17,机械设计制造及其自动化,,"物理,化学",2,4,31000.0
海南,2025,本科批,综合,2116,珠海科技学院,3,24,材料科学与工程,,"物理,化学",2,4,31000.0
海南,2025,本科批,综合,2116,珠海科技学院,2,7,汉语国际教育,,不限,2,4,31000.0
海南,2025,本科批,综合,2116,珠海科技学院,2,4,汉语言文学,,不限,2,4,31000.0
海南,2025,本科批,综合,2116,珠海科技学院,3,16,物流工程,,"物理,化学",2,4,31000.0
海南,2025,本科批,综合,2116,珠海科技学院,3,19,电子信息科学与技术,,"物理,化学",2,4,31000.0
海南,2025,本科批,综合,2116,珠海科技学院,2,12,电子商务,,不限,2,4,31000.0
海南,2025,本科批,综合,2116,珠海科技学院,3,29,药物分析,,"物理,化学",2,4,31000.0
海南,2025,本科批,综合,2116,珠海科技学院,3,28,药物制剂,,"物理,化学",2,4,31000.0
海南,2025,本科批,综合,2116,珠海科技学院,2,8,行政管理,,不限,2,4,31000.0
海南,2025,本科批,综合,2116,珠海科技学院,3,20,计算机科学与技术,,"物理,化学",2,4,31000.0
海南,2025,本科批,综合,2116,珠海科技学院,3,18,车辆工程,,"物理,化学",2,4,31000.0
海南,2025,本科批,综合,2116,珠海科技学院,3,21,软件工程,,"物理,化学",2,4,31000.0
海南,2025,本科批,综合,2116,珠海科技学院,2,13,金融学,,不限,2,4,31000.0
海南,2025,本科批,综合,2116,珠海科技学院,3,33,飞行器设计与工程,,"物理,化学",2,4,31000.0
海南,2025,本科批,综合,2116,珠海科技学院,3,25,食品质量与安全,,"物理,化学",2,4,31000.0
海南,2025,本科批,综合,2116,珠海科技学院,3,30,食品营养与健康,,"物理,化学",1,4,31000.0
海南,2025,专科批,综合,2483,资阳环境科技职业学院,1,5,宠物医疗技术,,不限,5,3,11600.0
海南,2025,专科批,综合,2483,资阳环境科技职业学院,1,3,护理,,不限,5,3,11600.0
海南,2025,专科批,综合,2483,资阳环境科技职业学院,1,4,药学,,不限,4,3,11600.0
海南,2025,专科批,综合,2483,资阳环境科技职业学院,1,1,中医康复技术,,不限,3,3,11600.0
海南,2025,专科批,综合,2483,资阳环境科技职业学院,1,2,康复治疗技术,,不限,3,3,11000.0
海南,2025,专科批,综合,2490,自贡职业技术学院,2,7,宠物医疗技术,,不限,4,3,13000.0
海南,2025,专科批,综合,2490,自贡职业技术学院,2,4,计算机应用技术,(彩灯仿真设计技术),不限,4,3,12700.0
海南,2025,专科批,综合,2490,自贡职业技术学院,2,3,人工智能技术应用,(彩灯虚拟仿真设计),不限,2,3,12720.0
海南,2025,专科批,综合,2490,自贡职业技术学院,2,2,大数据与财务管理,,不限,2,3,12500.0
海南,2025,专科批,综合,2490,自贡职业技术学院,2,6,无人机应用技术,(无人机航测应用技术),不限,2,3,13700.0
海南,2025,专科批,综合,2490,自贡职业技术学院,2,5,电子信息工程技术,,不限,2,3,12700.0
海南,2025,本科批,综合,2505,遵义师范学院,2,2,历史学,,历史,2,4,3830.0
海南,2025,本科批,综合,2505,遵义师范学院,1,1,思想政治教育,,政治,2,4,4100.0
海南,2025,本科批,综合,2502,遵义医科大学,2,3,医学影像学,(不招色盲、色弱),"物理,化学",9,5,4500.0
海南,2025,本科批,综合,2502,遵义医科大学,1,1,公共事业管理,(按卫生事业管理方向培养；不能准确识别红、黄、绿、兰、紫各种颜色中任何一种颜色的导线、按键、信号灯、几何图形者不予录取),不限,6,4,4100.0
海南,2025,本科批,综合,2502,遵义医科大学,2,4,医学信息工程,(不能准确在显示器上识别红、黄、绿、兰、紫各种颜色中任何一种颜色的数码、字母者不予录取),"物理,化学",4,4,4200.0
海南,2025,本科批,综合,2502,遵义医科大学,3,8,护理学,(珠海校区)(不招色盲、色弱；办学地点为广东省珠海校区),生物,3,4,6960.0
海南,2025,本科批,综合,2502,遵义医科大学,80,5,临床医学,(珠海校区)(不招色盲、色弱；办学地点为广东省珠海校区),"物理,化学",2,5,6960.0
海南,2025,本科批,综合,2502,遵义医科大学,3,9,助产学,(珠海校区)(不招色盲、色弱；办学地点为广东省珠海校区),生物,2,4,6960.0
海南,2025,本科批,综合,2502,遵义医科大学,81,6,康复治疗学,(珠海校区)(不招色盲、色弱；办学地点为广东省珠海校区),"物理,化学",2,4,6960.0
海南,2025,本科批,综合,2502,遵义医科大学,81,7,生物工程,(珠海校区)(不招色盲、色弱；办学地点为广东省珠海校区),"物理,化学",2,4,6230.0
海南,2025,本科批,综合,2502,遵义医科大学,2,2,临床医学,(不招色盲、色弱),"物理,化学",13,5,4500.0
海南,2025,本科批,综合,2536,遵义医科大学医学与科技学院,1,1,临床医学,(不招色盲、色弱),"物理,化学",10,5,12000.0
海南,2025,专科批,综合,2540,遵义医药高等专科学校,1,2,康复治疗技术,(不招色盲、色弱),不限,3,3,3850.0
海南,2025,专科批,综合,2540,遵义医药高等专科学校,1,1,护理,(老年护理方向)(不招色盲、色弱),不限,3,3,3850.0
