province,year,category,batch,university_code,university_name,major_group,subject_req,min_score,min_rank,control_score,score_diff,admit_count,school_province,school_nature,is_985,is_211
河北,2025,历史类,专科提前批,1294,山东信息职业技术学院,,历史,481,49775,,,10,,,0,0
河北,2025,历史类,专科提前批,1589,威海职业学院,,历史,459,70974,,,8,,,0,0
河北,2025,历史类,专科提前批,2313,江西航空职业技术学院,,历史,443,74361,,,14,,,0,0
河北,2025,历史类,专科提前批,769,湖南汽车工程职业大学,,历史,440,40662,,,6,,,0,0
河北,2025,历史类,本科批,100,北京交通大学,,历史,607,4558,,,5,,,0,0
河北,2025,历史类,本科批,1000,兰州石化职业技术大学,,历史,531,24485,,,6,,,0,0
河北,2025,历史类,本科批,1001,兰州文理学院,,历史,540,22095,,,10,,,0,0
河北,2025,历史类,本科批,1001,兰州文理学院,,"历史,政治",540,27280,,,5,,,0,0
河北,2025,历史类,本科批,1005,廊坊师范学院,,历史,521,18763,,,684,,,0,0
河北,2025,历史类,本科批,1005,廊坊师范学院,,"历史,政治",548,23511,,,82,,,0,0
河北,2025,历史类,本科批,1006,廊坊师范学院,,历史,503,39505,,,150,,,0,0
河北,2025,历史类,本科批,1010,乐山师范学院,,历史,526,32409,,,17,,,0,0
河北,2025,历史类,本科批,1011,丽水学院,,历史,531,14990,,,12,,,0,0
河北,2025,历史类,本科批,1013,辽东学院,,历史,535,23511,,,11,,,0,0
河北,2025,历史类,本科批,1014,辽宁大学,,历史,602,1976,,,43,,,0,0
河北,2025,历史类,本科批,1014,辽宁大学,,"历史,政治",616,3051,,,3,,,0,0
河北,2025,历史类,本科批,1017,辽宁工程技术大学,,历史,550,9033,,,32,,,0,0
河北,2025,历史类,本科批,1017,辽宁工程技术大学,,"历史,地理",568,15333,,,3,,,0,0
河北,2025,历史类,本科批,1019,辽宁工业大学,,历史,554,9033,,,4,,,0,0
河北,2025,历史类,本科批,1025,辽宁科技大学,,历史,545,7696,,,8,,,0,0
河北,2025,历史类,本科批,1033,辽宁师范大学,,历史,576,5546,,,24,,,0,0
河北,2025,历史类,本科批,1042,辽宁中医药大学,,历史,552,4942,,,9,,,0,0
河北,2025,历史类,本科批,1042,辽宁中医药大学,,"历史,化学",540,27280,,,1,,,0,0
河北,2025,历史类,本科批,1045,聊城大学,,历史,512,9299,,,18,,,0,0
河北,2025,历史类,本科批,1047,临沂大学,,历史,548,13269,,,17,,,0,0
河北,2025,历史类,本科批,1049,岭南师范学院,,历史,536,14639,,,16,,,0,0
河北,2025,历史类,本科批,1055,龙岩学院,,历史,524,22095,,,18,,,0,0
河北,2025,历史类,本科批,1056,陇东学院,,历史,531,24485,,,3,,,0,0
河北,2025,历史类,本科批,1056,陇东学院,,"历史,化学,生物",493,54207,,,1,,,0,0
河北,2025,历史类,本科批,1058,鲁东大学,,历史,543,10728,,,16,,,0,0
河北,2025,历史类,本科批,1059,鲁迅美术学院,,历史,559,18763,,,1,,,0,0
河北,2025,历史类,本科批,106,北京科技大学,,历史,619,1789,,,26,,,0,0
河北,2025,历史类,本科批,1062,洛阳理工学院,,历史,542,16100,,,40,,,0,0
河北,2025,历史类,本科批,1063,洛阳师范学院,,历史,534,21243,,,15,,,0,0
河北,2025,历史类,本科批,1063,洛阳师范学院,,"历史,政治",566,12935,,,10,,,0,0
河北,2025,历史类,本科批,1066,吕梁学院,,历史,522,21668,,,13,,,0,0
河北,2025,历史类,本科批,1066,吕梁学院,,"历史,地理",533,26359,,,2,,,0,0
河北,2025,历史类,本科批,1066,吕梁学院,,"历史,政治",543,25909,,,1,,,0,0
河北,2025,历史类,本科批,1072,绵阳师范学院,,历史,553,15706,,,6,,,0,0
河北,2025,历史类,本科批,1074,民政职业大学,,历史,545,22095,,,35,,,0,0
河北,2025,历史类,本科批,1076,闽江学院,,历史,542,11284,,,5,,,0,0
河北,2025,历史类,本科批,1078,闽南师范大学,,历史,537,12601,,,15,,,0,0
河北,2025,历史类,本科批,1080,牡丹江师范学院,,历史,527,19607,,,27,,,0,0
河北,2025,历史类,本科批,1080,牡丹江师范学院,,"历史,政治",548,23511,,,5,,,0,0
河北,2025,历史类,本科批,1082,南昌大学,,历史,602,2181,,,41,,,0,0
河北,2025,历史类,本科批,1083,南昌航空大学,,历史,550,10447,,,22,,,0,0
河北,2025,历史类,本科批,1085,南昌师范学院,,历史,533,30800,,,2,,,0,0
河北,2025,历史类,本科批,1085,南昌师范学院,,"历史,政治",570,14639,,,4,,,0,0
河北,2025,历史类,本科批,1086,南昌医学院,,历史,550,22582,,,2,,,0,0
河北,2025,历史类,本科批,1086,南昌医学院,,"历史,生物",535,29738,,,4,,,0,0
河北,2025,历史类,本科批,1089,南方医科大学,,历史,586,2651,,,8,,,0,0
河北,2025,历史类,本科批,1090,南华大学,,历史,564,5759,,,13,,,0,0
河北,2025,历史类,本科批,1091,南京财经大学,,历史,601,3051,,,16,,,0,0
河北,2025,历史类,本科批,1093,南京大学,,历史,659,167,,,13,,,0,0
河北,2025,历史类,本科批,1095,南京工程学院,,历史,561,7950,,,12,,,0,0
河北,2025,历史类,本科批,1096,南京工业大学,,历史,603,3836,,,6,,,0,0
河北,2025,历史类,本科批,1098,南京工业职业技术大学,,历史,562,15706,,,2,,,0,0
河北,2025,历史类,本科批,1099,南京航空航天大学,,历史,617,1523,,,14,,,0,0
河北,2025,历史类,本科批,1105,南京理工大学,,"历史,政治",618,2777,,,2,,,0,0
河北,2025,历史类,本科批,1107,南京林业大学,,历史,601,3363,,,13,,,0,0
河北,2025,历史类,本科批,111,北京理工大学,,历史,639,639,,,30,,,0,0
河北,2025,历史类,本科批,1110,南京农业大学,,历史,611,2071,,,42,,,0,0
河北,2025,历史类,本科批,1110,南京农业大学,,"历史,地理",609,4170,,,4,,,0,0
河北,2025,历史类,本科批,1112,南京审计大学,,历史,608,1789,,,12,,,0,0
河北,2025,历史类,本科批,1113,南京师范大学,,历史,614,1200,,,25,,,0,0
河北,2025,历史类,本科批,1115,南京特殊教育师范学院,,历史,546,13600,,,12,,,0,0
河北,2025,历史类,本科批,1117,南京晓庄学院,,历史,551,11592,,,8,,,0,0
河北,2025,历史类,本科批,1118,南京信息工程大学,,历史,605,2651,,,12,,,0,0
河北,2025,历史类,本科批,1118,南京信息工程大学,,"历史,政治",611,3836,,,2,,,0,0
河北,2025,历史类,本科批,1123,南京艺术学院,,历史,581,11023,,,1,,,0,0
河北,2025,历史类,本科批,1124,南京艺术学院,,历史,571,11284,,,4,,,0,0
河北,2025,历史类,本科批,1129,南开大学,,历史,647,266,,,64,,,0,0
河北,2025,历史类,本科批,113,北京联合大学,,历史,558,5546,,,44,,,0,0
河北,2025,历史类,本科批,1130,南宁师范大学,,历史,578,11905,,,2,,,0,0
河北,2025,历史类,本科批,1130,南宁师范大学,,"历史,政治",575,12935,,,2,,,0,0
河北,2025,历史类,本科批,1131,南通大学,,历史,579,4350,,,10,,,0,0
河北,2025,历史类,本科批,1131,南通大学,,"历史,政治",598,6445,,,2,,,0,0
河北,2025,历史类,本科批,1136,南阳理工学院,,历史,536,16482,,,8,,,0,0
河北,2025,历史类,本科批,1138,南阳师范学院,,历史,538,23040,,,11,,,0,0
河北,2025,历史类,本科批,1138,南阳师范学院,,"历史,政治",544,25427,,,6,,,0,0
河北,2025,历史类,本科批,1140,内江师范学院,,历史,546,15706,,,15,,,0,0
河北,2025,历史类,本科批,1141,内蒙古财经大学,,历史,403,83390,,,6,,,0,0
河北,2025,历史类,本科批,1142,内蒙古财经大学,,历史,554,10728,,,23,,,0,0
河北,2025,历史类,本科批,1143,内蒙古大学,,历史,431,75054,,,9,,,0,0
河北,2025,历史类,本科批,1143,内蒙古大学,,"历史,政治",508,44877,,,4,,,0,0
河北,2025,历史类,本科批,1144,内蒙古大学,,历史,600,2528,,,32,,,0,0
河北,2025,历史类,本科批,1144,内蒙古大学,,"历史,政治",608,3836,,,3,,,0,0
河北,2025,历史类,本科批,1146,内蒙古工业大学,,历史,550,22582,,,5,,,0,0
河北,2025,历史类,本科批,1149,内蒙古科技大学包头师范学院,,历史,537,16482,,,14,,,0,0
河北,2025,历史类,本科批,1149,内蒙古科技大学包头师范学院,,"历史,政治",550,22582,,,3,,,0,0
河北,2025,历史类,本科批,115,北京林业大学,,历史,613,1611,,,21,,,0,0
河北,2025,历史类,本科批,115,北京林业大学,,"历史,地理",614,3363,,,2,,,0,0
河北,2025,历史类,本科批,115,北京林业大学,,"历史,生物",613,3521,,,2,,,0,0
河北,2025,历史类,本科批,1150,内蒙古科技大学,,历史,548,12935,,,12,,,0,0
河北,2025,历史类,本科批,1150,内蒙古科技大学,,"历史,政治",572,13953,,,3,,,0,0
河北,2025,历史类,本科批,1153,内蒙古民族大学,,历史,550,15706,,,9,,,0,0
河北,2025,历史类,本科批,1153,内蒙古民族大学,,"历史,政治",569,14990,,,2,,,0,0
河北,2025,历史类,本科批,1158,内蒙古师范大学,,历史,403,100926,,,8,,,0,0
河北,2025,历史类,本科批,1159,内蒙古师范大学,,历史,538,9573,,,38,,,0,0
河北,2025,历史类,本科批,1159,内蒙古师范大学,,"历史,政治",578,11905,,,6,,,0,0
河北,2025,历史类,本科批,1161,内蒙古艺术学院,,历史,517,39505,,,10,,,0,0
河北,2025,历史类,本科批,1162,内蒙古艺术学院,,历史,512,38958,,,10,,,0,0
河北,2025,历史类,本科批,1163,宁波大学,,历史,578,2410,,,13,,,0,0
河北,2025,历史类,本科批,1164,宁波工程学院,,历史,550,12264,,,14,,,0,0
河北,2025,历史类,本科批,1165,宁波诺丁汉大学,,历史,554,10128,,,30,,,0,0
河北,2025,历史类,本科批,1165,宁波诺丁汉大学,,"历史,政治",577,12264,,,3,,,0,0
河北,2025,历史类,本科批,1166,宁夏大学,,历史,581,3836,,,40,,,0,0
河北,2025,历史类,本科批,117,北京农学院,,历史,551,7696,,,14,,,0,0
河北,2025,历史类,本科批,1170,宁夏师范大学,,历史,540,15333,,,15,,,0,0
河北,2025,历史类,本科批,1170,宁夏师范大学,,"历史,政治",553,17998,,,7,,,0,0
河北,2025,历史类,本科批,1177,攀枝花学院,,历史,531,31846,,,6,,,0,0
河北,2025,历史类,本科批,1181,平顶山学院,,历史,517,28223,,,12,,,0,0
河北,2025,历史类,本科批,1181,平顶山学院,,"历史,政治",556,19979,,,4,,,0,0
河北,2025,历史类,本科批,1184,萍乡学院,,历史,531,28710,,,3,,,0,0
河北,2025,历史类,本科批,1185,莆田学院,,历史,508,44877,,,2,,,0,0
河北,2025,历史类,本科批,1190,普洱学院,,"历史,政治",525,35052,,,5,,,0,0
河北,2025,历史类,本科批,1192,齐鲁工业大学,,历史,565,11905,,,15,,,0,0
河北,2025,历史类,本科批,1194,齐齐哈尔大学,,历史,557,19202,,,5,,,0,0
河北,2025,历史类,本科批,1194,齐齐哈尔大学,,"历史,地理",566,16100,,,2,,,0,0
河北,2025,历史类,本科批,1196,齐齐哈尔医学院,,历史,529,23511,,,5,,,0,0
河北,2025,历史类,本科批,120,北京师范大学,,历史,650,378,,,28,,,0,0
河北,2025,历史类,本科批,1200,黔南民族师范学院,,历史,524,23040,,,4,,,0,0
河北,2025,历史类,本科批,1208,青岛大学,,历史,583,3836,,,16,,,0,0
河北,2025,历史类,本科批,121,北京师范大学,,历史,626,1884,,,3,,,0,0
河北,2025,历史类,本科批,1212,青岛科技大学,,历史,562,12264,,,11,,,0,0
河北,2025,历史类,本科批,1213,青岛理工大学,,历史,565,4942,,,20,,,0,0
河北,2025,历史类,本科批,1217,青海大学,,历史,591,5338,,,10,,,0,0
河北,2025,历史类,本科批,1220,青海民族大学,,历史,372,143983,,,4,,,0,0
河北,2025,历史类,本科批,1221,青海民族大学,,历史,548,16810,,,7,,,0,0
河北,2025,历史类,本科批,1221,青海民族大学,,"历史,政治",552,16100,,,3,,,0,0
河北,2025,历史类,本科批,1222,青海师范大学,,历史,549,13600,,,7,,,0,0
河北,2025,历史类,本科批,1224,青海职业技术大学,,历史,514,41275,,,2,,,0,0
河北,2025,历史类,本科批,1225,清华大学,,历史,679,35,,,3,,,0,0
河北,2025,历史类,本科批,1228,琼台师范学院,,历史,477,24485,,,29,,,0,0
河北,2025,历史类,本科批,1228,琼台师范学院,,"历史,政治",544,25427,,,3,,,0,0
河北,2025,历史类,本科批,1229,曲阜师范大学,,历史,563,6004,,,44,,,0,0
河北,2025,历史类,本科批,1229,曲阜师范大学,,"历史,政治",579,8746,,,13,,,0,0
河北,2025,历史类,本科批,1231,曲靖师范学院,,历史,526,21243,,,8,,,0,0
河北,2025,历史类,本科批,1231,曲靖师范学院,,"历史,地理",530,32409,,,2,,,0,0
河北,2025,历史类,本科批,1235,泉州师范学院,,历史,537,16100,,,15,,,0,0
河北,2025,历史类,本科批,1235,泉州师范学院,,"历史,地理",545,24943,,,2,,,0,0
河北,2025,历史类,本科批,1241,三明学院,,历史,524,32409,,,12,,,0,0
河北,2025,历史类,本科批,1243,三峡大学,,历史,550,7696,,,33,,,0,0
河北,2025,历史类,本科批,1246,山东财经大学,,历史,584,3363,,,27,,,0,0
河北,2025,历史类,本科批,125,北京石油化工学院,,历史,553,10728,,,10,,,0,0
河北,2025,历史类,本科批,1250,山东大学,,历史,631,512,,,37,,,0,0
河北,2025,历史类,本科批,1250,山东大学,,"历史,政治",634,1200,,,10,,,0,0
河北,2025,历史类,本科批,1252,山东大学威海分校,,历史,624,1075,,,21,,,0,0
河北,2025,历史类,本科批,1252,山东大学威海分校,,"历史,政治",629,1611,,,3,,,0,0
河北,2025,历史类,本科批,1255,山东第一医科大学,,历史,553,16810,,,15,,,0,0
河北,2025,历史类,本科批,1257,山东工商学院,,历史,508,8746,,,31,,,0,0
河北,2025,历史类,本科批,126,北京体育大学,,历史,540,2651,,,15,,,0,0
河北,2025,历史类,本科批,126,北京体育大学,,"历史,政治",615,3215,,,2,,,0,0
河北,2025,历史类,本科批,1260,山东工艺美术学院,,历史,523,32409,,,7,,,0,0
河北,2025,历史类,本科批,1264,山东建筑大学,,历史,568,15333,,,2,,,0,0
河北,2025,历史类,本科批,1265,山东交通学院,,历史,555,13953,,,24,,,0,0
河北,2025,历史类,本科批,1270,山东科技大学,,历史,560,18388,,,5,,,0,0
河北,2025,历史类,本科批,1274,山东理工大学,,历史,569,7696,,,30,,,0,0
河北,2025,历史类,本科批,1278,山东农业大学,,历史,565,8190,,,50,,,0,0
河北,2025,历史类,本科批,1278,山东农业大学,,"历史,地理",570,14639,,,6,,,0,0
河北,2025,历史类,本科批,1278,山东农业大学,,"历史,政治",577,12264,,,4,,,0,0
河北,2025,历史类,本科批,1279,山东农业工程学院,,历史,543,13953,,,8,,,0,0
河北,2025,历史类,本科批,1280,山东女子学院,,历史,531,20836,,,6,,,0,0
河北,2025,历史类,本科批,1281,山东青年政治学院,,历史,537,23983,,,10,,,0,0
河北,2025,历史类,本科批,1285,山东师范大学,,历史,553,3521,,,33,,,0,0
河北,2025,历史类,本科批,1285,山东师范大学,,"历史,地理",598,6445,,,3,,,0,0
河北,2025,历史类,本科批,129,北京外国语大学,,历史,632,779,,,11,,,0,0
河北,2025,历史类,本科批,129,北京外国语大学,,"历史,政治",630,1075,,,4,,,0,0
河北,2025,历史类,本科批,1298,山东艺术学院,,历史,542,26359,,,1,,,0,0
河北,2025,历史类,本科批,1299,山东政法学院,,历史,549,4745,,,24,,,0,0
河北,2025,历史类,本科批,1302,山西财经大学,,历史,547,4008,,,48,,,0,0
河北,2025,历史类,本科批,1303,山西传媒学院,,历史,513,22095,,,49,,,0,0
河北,2025,历史类,本科批,1304,山西大同大学,,历史,572,13953,,,10,,,0,0
河北,2025,历史类,本科批,1305,山西大学,,历史,584,3215,,,59,,,0,0
河北,2025,历史类,本科批,1305,山西大学,,"历史,政治",598,6241,,,12,,,0,0
河北,2025,历史类,本科批,1308,山西工程科技职业大学,,历史,525,26772,,,23,,,0,0
河北,2025,历史类,本科批,1308,山西工程科技职业大学,,"历史,政治",541,26772,,,4,,,0,0
河北,2025,历史类,本科批,131,北京外国语大学,,"历史,政治",616,3051,,,1,,,0,0
河北,2025,历史类,本科批,1310,山西工学院,,历史,537,21668,,,3,,,0,0
河北,2025,历史类,本科批,1318,山西农业大学,,历史,551,14639,,,21,,,0,0
河北,2025,历史类,本科批,1318,山西农业大学,,"历史,政治",551,9573,,,9,,,0,0
河北,2025,历史类,本科批,132,北京舞蹈学院,,历史,571,14284,,,2,,,0,0
河北,2025,历史类,本科批,1320,山西师范大学,,历史,559,4942,,,9,,,0,0
河北,2025,历史类,本科批,1320,山西师范大学,,"历史,政治",590,8451,,,2,,,0,0
河北,2025,历史类,本科批,1326,山西医科大学,,历史,557,14639,,,7,,,0,0
河北,2025,历史类,本科批,1326,山西医科大学,,"历史,生物",560,18388,,,2,,,0,0
河北,2025,历史类,本科批,133,北京物资学院,,历史,583,4745,,,9,,,0,0
河北,2025,历史类,本科批,1330,山西中医药大学,,历史,551,8746,,,9,,,0,0
河北,2025,历史类,本科批,1330,山西中医药大学,,"历史,生物",551,22095,,,4,,,0,0
河北,2025,历史类,本科批,1338,陕西科技大学,,历史,577,12264,,,8,,,0,0
河北,2025,历史类,本科批,1339,陕西理工大学,,历史,547,8451,,,3,,,0,0
河北,2025,历史类,本科批,1344,陕西师范大学,,历史,611,1447,,,18,,,0,0
河北,2025,历史类,本科批,1344,陕西师范大学,,"历史,政治",618,2777,,,2,,,0,0
河北,2025,历史类,本科批,1347,陕西学前师范学院,,历史,513,16100,,,16,,,0,0
河北,2025,历史类,本科批,1352,汕头大学,,历史,573,4558,,,23,,,0,0
河北,2025,历史类,本科批,1354,商洛学院,,历史,539,20836,,,6,,,0,0
河北,2025,历史类,本科批,1354,商洛学院,,"历史,生物",525,35052,,,1,,,0,0
河北,2025,历史类,本科批,1356,商丘师范学院,,历史,531,14990,,,33,,,0,0
河北,2025,历史类,本科批,1356,商丘师范学院,,"历史,地理",541,19607,,,4,,,0,0
河北,2025,历史类,本科批,1356,商丘师范学院,,"历史,政治",565,16482,,,2,,,0,0
河北,2025,历史类,本科批,1358,上海财经大学,,历史,630,378,,,17,,,0,0
河北,2025,历史类,本科批,1362,上海大学,,历史,619,1523,,,5,,,0,0
河北,2025,历史类,本科批,1362,上海大学,,"历史,政治",624,2071,,,2,,,0,0
河北,2025,历史类,本科批,1363,上海第二工业大学,,历史,572,10728,,,6,,,0,0
河北,2025,历史类,本科批,1368,上海对外经贸大学,,历史,598,3660,,,6,,,0,0
河北,2025,历史类,本科批,1368,上海对外经贸大学,,"历史,政治",600,6004,,,2,,,0,0
河北,2025,历史类,本科批,137,北京信息科技大学,,历史,599,6241,,,6,,,0,0
河北,2025,历史类,本科批,1370,上海工程技术大学,,历史,584,8451,,,5,,,0,0
河北,2025,历史类,本科批,1373,上海海事大学,,历史,607,2777,,,6,,,0,0
河北,2025,历史类,本科批,1373,上海海事大学,,"历史,政治",601,5759,,,3,,,0,0
河北,2025,历史类,本科批,1374,上海海洋大学,,历史,597,4745,,,13,,,0,0
河北,2025,历史类,本科批,1377,上海交通大学,,历史,660,76,,,8,,,0,0
河北,2025,历史类,本科批,138,北京信息科技大学,,历史,594,6445,,,5,,,0,0
河北,2025,历史类,本科批,1385,上海理工大学,,历史,601,5338,,,12,,,0,0
河北,2025,历史类,本科批,1387,上海立信会计金融学院,,历史,599,2651,,,12,,,0,0
河北,2025,历史类,本科批,1392,上海商学院,,历史,562,9855,,,12,,,0,0
河北,2025,历史类,本科批,1393,上海师范大学,,历史,604,5123,,,4,,,0,0
河北,2025,历史类,本科批,1394,上海体育大学,,历史,602,5546,,,2,,,0,0
河北,2025,历史类,本科批,1395,上海外国语大学,,历史,622,1976,,,6,,,0,0
河北,2025,历史类,本科批,1395,上海外国语大学,,"历史,政治",625,1976,,,2,,,0,0
河北,2025,历史类,本科批,14,安徽工业大学,,历史,564,7453,,,14,,,0,0
河北,2025,历史类,本科批,140,北京印刷学院,,历史,570,5759,,,20,,,0,0
河北,2025,历史类,本科批,1400,上海应用技术大学,,历史,558,9855,,,8,,,0,0
河北,2025,历史类,本科批,1401,上海政法学院,,历史,584,2295,,,50,,,0,0
河北,2025,历史类,本科批,1402,上饶师范学院,,历史,529,19979,,,14,,,0,0
河北,2025,历史类,本科批,1402,上饶师范学院,,"历史,政治",546,24485,,,3,,,0,0
河北,2025,历史类,本科批,1406,韶关学院,,历史,523,36127,,,5,,,0,0
河北,2025,历史类,本科批,1407,邵阳学院,,历史,547,18763,,,12,,,0,0
河北,2025,历史类,本科批,1408,绍兴理工学院,,历史,540,24943,,,8,,,0,0
河北,2025,历史类,本科批,1408,绍兴理工学院,,"历史,生物",518,36684,,,20,,,0,0
河北,2025,历史类,本科批,1409,绍兴文理学院,,历史,506,23983,,,20,,,0,0
河北,2025,历史类,本科批,1411,深圳大学,,历史,615,1789,,,12,,,0,0
河北,2025,历史类,本科批,1412,深圳技术大学,,历史,590,6701,,,7,,,0,0
河北,2025,历史类,本科批,1416,沈阳大学,,历史,550,11023,,,12,,,0,0
河北,2025,历史类,本科批,142,北京邮电大学,,历史,623,833,,,12,,,0,0
河北,2025,历史类,本科批,1422,沈阳化工大学,,历史,553,15333,,,5,,,0,0
河北,2025,历史类,本科批,1423,沈阳建筑大学,,历史,572,13953,,,2,,,0,0
河北,2025,历史类,本科批,1425,沈阳理工大学,,历史,554,8190,,,10,,,0,0
河北,2025,历史类,本科批,1429,沈阳师范大学,,历史,533,14639,,,23,,,0,0
河北,2025,历史类,本科批,1430,沈阳体育学院,,历史,538,23511,,,6,,,0,0
河北,2025,历史类,本科批,1433,沈阳医学院,,"历史,生物",551,22095,,,1,,,0,0
河北,2025,历史类,本科批,1436,石河子大学,,历史,576,5546,,,28,,,0,0
河北,2025,历史类,本科批,1436,石河子大学,,"历史,地理",593,7696,,,8,,,0,0
河北,2025,历史类,本科批,1436,石河子大学,,"历史,政治",597,6701,,,4,,,0,0
河北,2025,历史类,本科批,1439,石家庄铁道大学,,历史,569,5759,,,78,,,0,0
河北,2025,历史类,本科批,144,北京语言大学,,历史,544,2651,,,24,,,0,0
河北,2025,历史类,本科批,144,北京语言大学,,"历史,政治",609,3215,,,3,,,0,0
河北,2025,历史类,本科批,1440,石家庄铁道大学,,历史,570,8190,,,55,,,0,0
河北,2025,历史类,本科批,1442,石家庄铁道大学,,历史,554,20836,,,12,,,0,0
河北,2025,历史类,本科批,1445,石家庄学院,,历史,530,18388,,,921,,,0,0
河北,2025,历史类,本科批,1445,石家庄学院,,"历史,地理",538,22582,,,80,,,0,0
河北,2025,历史类,本科批,1445,石家庄学院,,"历史,政治",556,19979,,,35,,,0,0
河北,2025,历史类,本科批,1451,首都经济贸易大学,,历史,606,2410,,,9,,,0,0
河北,2025,历史类,本科批,1452,首都师范大学,,历史,608,2071,,,16,,,0,0
河北,2025,历史类,本科批,1453,首都体育学院,,历史,567,6241,,,3,,,0,0
河北,2025,历史类,本科批,1460,四川大学,,历史,629,512,,,34,,,0,0
河北,2025,历史类,本科批,1460,四川大学,,"历史,政治",630,1523,,,2,,,0,0
河北,2025,历史类,本科批,1461,四川大学,,历史,611,3836,,,3,,,0,0
河北,2025,历史类,本科批,1468,四川美术学院,,历史,547,14284,,,7,,,0,0
河北,2025,历史类,本科批,147,北京中医药大学,,历史,618,1075,,,5,,,0,0
河北,2025,历史类,本科批,1470,四川农业大学,,历史,581,3521,,,14,,,0,0
河北,2025,历史类,本科批,1471,四川轻化工大学,,历史,563,10447,,,11,,,0,0
河北,2025,历史类,本科批,1472,四川师范大学,,历史,572,4170,,,27,,,0,0
河北,2025,历史类,本科批,1472,四川师范大学,,"历史,地理",593,6980,,,7,,,0,0
河北,2025,历史类,本科批,1472,四川师范大学,,"历史,政治",589,4558,,,12,,,0,0
河北,2025,历史类,本科批,1474,四川外国语大学,,历史,553,4350,,,16,,,0,0
河北,2025,历史类,本科批,1474,四川外国语大学,,"历史,政治",592,7950,,,2,,,0,0
河北,2025,历史类,本科批,1476,四川文理学院,,历史,535,26772,,,7,,,0,0
河北,2025,历史类,本科批,1476,四川文理学院,,"历史,政治",552,21668,,,4,,,0,0
河北,2025,历史类,本科批,1478,四川音乐学院,,历史,544,20836,,,6,,,0,0
河北,2025,历史类,本科批,1485,苏州大学,,历史,622,1075,,,7,,,0,0
河北,2025,历史类,本科批,1485,苏州大学,,"历史,政治",627,1789,,,2,,,0,0
河北,2025,历史类,本科批,1485,苏州大学,,"历史,政治,地理",627,1349,,,4,,,0,0
河北,2025,历史类,本科批,149,北师香港浸会大学,,历史,554,14284,,,24,,,0,0
河北,2025,历史类,本科批,1492,苏州科技大学,,历史,580,7696,,,8,,,0,0
河北,2025,历史类,本科批,1492,苏州科技大学,,"历史,政治",593,7696,,,2,,,0,0
河北,2025,历史类,本科批,1494,宿州学院,,历史,553,21243,,,3,,,0,0
河北,2025,历史类,本科批,1494,宿州学院,,"历史,地理",545,24943,,,3,,,0,0
河北,2025,历史类,本科批,1496,绥化学院,,历史,520,25427,,,19,,,0,0
河北,2025,历史类,本科批,1498,塔里木大学,,历史,529,22095,,,33,,,0,0
河北,2025,历史类,本科批,1498,塔里木大学,,"历史,政治",542,26359,,,6,,,0,0
河北,2025,历史类,本科批,1503,太原工业学院,,历史,535,18763,,,15,,,0,0
河北,2025,历史类,本科批,1505,太原理工大学,,历史,605,2528,,,18,,,0,0
河北,2025,历史类,本科批,1505,太原理工大学,,"历史,政治",613,3521,,,4,,,0,0
河北,2025,历史类,本科批,1506,太原师范学院,,历史,530,13269,,,33,,,0,0
河北,2025,历史类,本科批,1506,太原师范学院,,"历史,地理",546,17236,,,8,,,0,0
河北,2025,历史类,本科批,1506,太原师范学院,,"历史,政治",571,14284,,,3,,,0,0
河北,2025,历史类,本科批,1507,太原学院,,历史,533,22095,,,8,,,0,0
河北,2025,历史类,本科批,1508,太原学院,,历史,474,66870,,,1,,,0,0
河北,2025,历史类,本科批,1510,泰山学院,,历史,523,16810,,,19,,,0,0
河北,2025,历史类,本科批,1512,唐山工业职业技术大学,,历史,515,31846,,,135,,,0,0
河北,2025,历史类,本科批,1514,唐山师范学院,,历史,517,19202,,,1039,,,0,0
河北,2025,历史类,本科批,1514,唐山师范学院,,"历史,地理",532,27769,,,125,,,0,0
河北,2025,历史类,本科批,1514,唐山师范学院,,"历史,政治",550,22582,,,90,,,0,0
河北,2025,历史类,本科批,1517,唐山师范学院,,历史,525,35052,,,60,,,0,0
河北,2025,历史类,本科批,1518,唐山学院,,历史,520,23040,,,1135,,,0,0
河北,2025,历史类,本科批,1523,天津财经大学,,历史,591,2295,,,35,,,0,0
河北,2025,历史类,本科批,1524,天津城建大学,,历史,510,11905,,,20,,,0,0
河北,2025,历史类,本科批,1527,天津大学,,历史,617,1976,,,20,,,0,0
河北,2025,历史类,本科批,153,亳州学院,,历史,530,30800,,,6,,,0,0
河北,2025,历史类,本科批,153,亳州学院,,"历史,政治,地理",539,27769,,,4,,,0,0
河北,2025,历史类,本科批,1530,天津工业大学,,历史,578,2906,,,35,,,0,0
河北,2025,历史类,本科批,1539,天津科技大学,,历史,575,4170,,,29,,,0,0
河北,2025,历史类,本科批,1541,天津理工大学,,历史,565,7453,,,64,,,0,0
河北,2025,历史类,本科批,1542,天津美术学院,,历史,554,15333,,,5,,,0,0
河北,2025,历史类,本科批,1543,天津农学院,,历史,554,9033,,,15,,,0,0
河北,2025,历史类,本科批,1546,天津商业大学,,历史,565,4942,,,71,,,0,0
河北,2025,历史类,本科批,1548,天津师范大学,,历史,590,3051,,,82,,,0,0
河北,2025,历史类,本科批,1548,天津师范大学,,"历史,地理",607,4558,,,3,,,0,0
河北,2025,历史类,本科批,1548,天津师范大学,,"历史,政治",602,4008,,,18,,,0,0
河北,2025,历史类,本科批,1549,天津师范大学,,历史,555,20401,,,19,,,0,0
河北,2025,历史类,本科批,1553,天津体育学院,,历史,563,16100,,,4,,,0,0
河北,2025,历史类,本科批,1556,天津外国语大学,,历史,575,3521,,,32,,,0,0
河北,2025,历史类,本科批,1556,天津外国语大学,,"历史,政治",592,5759,,,3,,,0,0
河北,2025,历史类,本科批,1558,天津医科大学,,历史,607,4558,,,3,,,0,0
河北,2025,历史类,本科批,1558,天津医科大学,,"历史,化学",551,22095,,,1,,,0,0
河北,2025,历史类,本科批,1563,天津职业技术师范大学,,历史,556,10728,,,13,,,0,0
河北,2025,历史类,本科批,1564,天津中德应用技术大学,,历史,546,13953,,,15,,,0,0
河北,2025,历史类,本科批,1565,天津中医药大学,,历史,590,6004,,,31,,,0,0
河北,2025,历史类,本科批,1568,天水师范大学,,历史,558,17998,,,5,,,0,0
河北,2025,历史类,本科批,1568,天水师范大学,,"历史,地理",549,23040,,,2,,,0,0
河北,2025,历史类,本科批,1568,天水师范大学,,"历史,政治",555,20401,,,2,,,0,0
河北,2025,历史类,本科批,1571,通化师范学院,,历史,543,25909,,,8,,,0,0
河北,2025,历史类,本科批,1575,同济大学,,历史,647,345,,,8,,,0,0
河北,2025,历史类,本科批,158,渤海大学,,历史,538,17998,,,36,,,0,0
河北,2025,历史类,本科批,159,沧州师范学院,,历史,520,21668,,,540,,,0,0
河北,2025,历史类,本科批,159,沧州师范学院,,"历史,政治",538,26359,,,131,,,0,0
河北,2025,历史类,本科批,159,沧州师范学院,,"历史,生物",530,32409,,,5,,,0,0
河北,2025,历史类,本科批,1591,潍坊学院,,历史,547,13953,,,8,,,0,0
河北,2025,历史类,本科批,1591,潍坊学院,,"历史,政治",577,12264,,,2,,,0,0
河北,2025,历史类,本科批,1593,渭南师范学院,,历史,535,22582,,,18,,,0,0
河北,2025,历史类,本科批,1594,温州大学,,历史,608,4350,,,1,,,0,0
河北,2025,历史类,本科批,1595,温州肯恩大学,,历史,505,18388,,,35,,,0,0
河北,2025,历史类,本科批,1598,文山学院,,历史,537,28710,,,5,,,0,0
河北,2025,历史类,本科批,160,沧州师范学院,,历史,515,40662,,,30,,,0,0
河北,2025,历史类,本科批,1605,无锡学院,,历史,580,11284,,,2,,,0,0
河北,2025,历史类,本科批,1606,梧州学院,,历史,539,27769,,,1,,,0,0
河北,2025,历史类,本科批,1607,五邑大学,,历史,596,6980,,,1,,,0,0
河北,2025,历史类,本科批,1611,武汉大学,,历史,652,181,,,19,,,0,0
河北,2025,历史类,本科批,1612,武汉大学,,历史,630,1523,,,2,,,0,0
河北,2025,历史类,本科批,1615,武汉纺织大学,,历史,574,11023,,,9,,,0,0
河北,2025,历史类,本科批,1616,武汉工程大学,,历史,590,4745,,,18,,,0,0
河北,2025,历史类,本科批,1622,武汉科技大学,,历史,595,4558,,,11,,,0,0
河北,2025,历史类,本科批,1622,武汉科技大学,,"历史,政治",596,6980,,,3,,,0,0
河北,2025,历史类,本科批,1623,武汉理工大学,,历史,606,2410,,,54,,,0,0
河北,2025,历史类,本科批,1623,武汉理工大学,,"历史,政治",620,2528,,,3,,,0,0
河北,2025,历史类,本科批,1626,武汉轻工大学,,历史,523,9033,,,17,,,0,0
河北,2025,历史类,本科批,1628,武汉商学院,,历史,550,14990,,,14,,,0,0
河北,2025,历史类,本科批,1629,武汉体育学院,,历史,547,21243,,,12,,,0,0
河北,2025,历史类,本科批,1634,武夷学院,,历史,526,23511,,,15,,,0,0
河北,2025,历史类,本科批,1635,西安财经大学,,历史,583,4350,,,16,,,0,0
河北,2025,历史类,本科批,1637,西安电子科技大学,,历史,613,2777,,,32,,,0,0
河北,2025,历史类,本科批,1640,西安工程大学,,历史,549,23040,,,3,,,0,0
河北,2025,历史类,本科批,1641,西安工业大学,,历史,573,6004,,,10,,,0,0
河北,2025,历史类,本科批,1645,西安建筑科技大学,,历史,575,6004,,,11,,,0,0
河北,2025,历史类,本科批,1646,西安交通大学,,历史,637,475,,,13,,,0,0
河北,2025,历史类,本科批,1652,西安美术学院,,历史,541,24943,,,4,,,0,0
河北,2025,历史类,本科批,1653,西安石油大学,,历史,568,6241,,,9,,,0,0
河北,2025,历史类,本科批,1656,西安外国语大学,,历史,593,4170,,,26,,,0,0
河北,2025,历史类,本科批,1657,西安文理学院,,历史,546,14639,,,21,,,0,0
河北,2025,历史类,本科批,1658,西安医学院,,历史,521,22095,,,8,,,0,0
河北,2025,历史类,本科批,1658,西安医学院,,"历史,生物",536,29242,,,2,,,0,0
河北,2025,历史类,本科批,1661,西安邮电大学,,历史,530,32409,,,1,,,0,0
河北,2025,历史类,本科批,1663,西北大学,,历史,596,1523,,,19,,,0,0
河北,2025,历史类,本科批,1665,西北工业大学,,历史,622,1523,,,22,,,0,0
河北,2025,历史类,本科批,1665,西北工业大学,,"历史,政治",626,1884,,,4,,,0,0
河北,2025,历史类,本科批,1666,西北民族大学,,历史,533,11023,,,31,,,0,0
河北,2025,历史类,本科批,1668,西北农林科技大学,,历史,613,1789,,,19,,,0,0
河北,2025,历史类,本科批,1669,西北师范大学,,历史,546,7696,,,56,,,0,0
河北,2025,历史类,本科批,1669,西北师范大学,,"历史,地理",566,16100,,,2,,,0,0
河北,2025,历史类,本科批,1669,西北师范大学,,"历史,政治",587,9299,,,4,,,0,0
河北,2025,历史类,本科批,1670,西北师范大学,,历史,547,23983,,,2,,,0,0
河北,2025,历史类,本科批,1671,西北政法大学,,历史,607,1262,,,42,,,0,0
河北,2025,历史类,本科批,1671,西北政法大学,,"历史,政治",616,3051,,,2,,,0,0
河北,2025,历史类,本科批,1672,西藏大学,,历史,556,11592,,,22,,,0,0
河北,2025,历史类,本科批,1672,西藏大学,,"历史,地理",569,14990,,,2,,,0,0
河北,2025,历史类,本科批,1672,西藏大学,,"历史,政治",573,8451,,,11,,,0,0
河北,2025,历史类,本科批,1672,西藏大学,,"历史,政治,地理",574,13269,,,3,,,0,0
河北,2025,历史类,本科批,1673,西藏民族大学,,历史,550,11592,,,35,,,0,0
河北,2025,历史类,本科批,1673,西藏民族大学,,"历史,政治",570,14639,,,5,,,0,0
河北,2025,历史类,本科批,1674,西藏农牧学院,,历史,515,38388,,,7,,,0,0
河北,2025,历史类,本科批,1674,西藏农牧学院,,"历史,地理",518,38958,,,3,,,0,0
河北,2025,历史类,本科批,1677,西昌学院,,历史,525,28223,,,20,,,0,0
河北,2025,历史类,本科批,1678,西华大学,,历史,561,7696,,,20,,,0,0
河北,2025,历史类,本科批,1679,西华师范大学,,历史,558,17629,,,17,,,0,0
河北,2025,历史类,本科批,1679,西华师范大学,,"历史,政治",578,11905,,,5,,,0,0
河北,2025,历史类,本科批,1680,西交利物浦大学,,历史,563,15333,,,40,,,0,0
河北,2025,历史类,本科批,1681,西南财经大学,,历史,597,931,,,28,,,0,0
河北,2025,历史类,本科批,1683,西南大学,,历史,609,1349,,,14,,,0,0
河北,2025,历史类,本科批,1683,西南大学,,"历史,地理",625,1976,,,1,,,0,0
河北,2025,历史类,本科批,1683,西南大学,,"历史,政治",628,1697,,,1,,,0,0
河北,2025,历史类,本科批,1686,西南大学,,历史,607,4558,,,1,,,0,0
河北,2025,历史类,本科批,1688,西南交通大学,,历史,618,1884,,,6,,,0,0
河北,2025,历史类,本科批,1688,西南交通大学,,"历史,政治",614,1697,,,6,,,0,0
河北,2025,历史类,本科批,1690,西南科技大学,,历史,557,7696,,,36,,,0,0
河北,2025,历史类,本科批,1690,西南科技大学,,"历史,政治",578,11905,,,5,,,0,0
河北,2025,历史类,本科批,1692,西南民族大学,,历史,551,4008,,,81,,,0,0
河北,2025,历史类,本科批,1694,西南石油大学,,历史,587,3363,,,19,,,0,0
河北,2025,历史类,本科批,1694,西南石油大学,,"历史,政治",607,4558,,,2,,,0,0
河北,2025,历史类,本科批,1695,西南石油大学,,历史,571,14284,,,5,,,0,0
河北,2025,历史类,本科批,1696,西南医科大学,,历史,586,9573,,,2,,,0,0
河北,2025,历史类,本科批,1697,西南政法大学,,历史,617,639,,,23,,,0,0
河北,2025,历史类,本科批,1697,西南政法大学,,"历史,政治",618,1789,,,6,,,0,0
河北,2025,历史类,本科批,1700,厦门大学,,历史,640,309,,,25,,,0,0
河北,2025,历史类,本科批,1700,厦门大学,,"历史,政治",640,833,,,4,,,0,0
河北,2025,历史类,本科批,1702,厦门大学,,历史,615,2410,,,8,,,0,0
河北,2025,历史类,本科批,1703,厦门理工学院,,历史,553,18388,,,11,,,0,0
河北,2025,历史类,本科批,1707,咸阳师范学院,,历史,499,16100,,,23,,,0,0
河北,2025,历史类,本科批,1713,香港珠海学院,,历史,478,56862,,,4,,,0,0
河北,2025,历史类,本科批,1714,湘南学院,,历史,534,14639,,,15,,,0,0
河北,2025,历史类,本科批,1714,湘南学院,,"历史,政治",554,20836,,,2,,,0,0
河北,2025,历史类,本科批,1715,湘潭大学,,历史,597,1611,,,80,,,0,0
河北,2025,历史类,本科批,1715,湘潭大学,,"历史,政治",605,3363,,,8,,,0,0
河北,2025,历史类,本科批,1719,新疆财经大学,,历史,538,14639,,,31,,,0,0
河北,2025,历史类,本科批,1719,新疆财经大学,,"历史,政治",549,14639,,,11,,,0,0
河北,2025,历史类,本科批,172,昌吉学院,,历史,515,28223,,,27,,,0,0
河北,2025,历史类,本科批,172,昌吉学院,,"历史,政治",534,30243,,,2,,,0,0
河北,2025,历史类,本科批,1720,新疆大学,,历史,585,3660,,,30,,,0,0
河北,2025,历史类,本科批,1720,新疆大学,,"历史,政治",596,5123,,,5,,,0,0
河北,2025,历史类,本科批,1721,新疆第二医学院,,"历史,生物,政治",516,40076,,,1,,,0,0
河北,2025,历史类,本科批,1724,新疆和田学院,,历史,515,35052,,,21,,,0,0
河北,2025,历史类,本科批,1724,新疆和田学院,,"历史,政治",523,36127,,,9,,,0,0
河北,2025,历史类,本科批,1726,新疆交通职业技术大学,,历史,518,38958,,,2,,,0,0
河北,2025,历史类,本科批,1727,新疆警察学院,,历史,559,18763,,,3,,,0,0
河北,2025,历史类,本科批,1728,新疆科技学院,,历史,517,31846,,,10,,,0,0
河北,2025,历史类,本科批,1728,新疆科技学院,,"历史,政治",524,24943,,,7,,,0,0
河北,2025,历史类,本科批,1729,新疆理工学院,,历史,517,26359,,,26,,,0,0
河北,2025,历史类,本科批,173,长安大学,,历史,609,2651,,,13,,,0,0
河北,2025,历史类,本科批,173,长安大学,,"历史,政治",618,2777,,,4,,,0,0
河北,2025,历史类,本科批,1730,新疆农业大学,,历史,373,143213,,,1,,,0,0
河北,2025,历史类,本科批,1731,新疆农业大学,,历史,524,15706,,,60,,,0,0
河北,2025,历史类,本科批,1732,新疆农业职业技术大学,,历史,513,41275,,,14,,,0,0
河北,2025,历史类,本科批,1735,新疆师范大学,,历史,363,129129,,,4,,,0,0
河北,2025,历史类,本科批,1736,新疆师范大学,,历史,537,11905,,,42,,,0,0
河北,2025,历史类,本科批,1736,新疆师范大学,,"历史,政治",561,14990,,,7,,,0,0
河北,2025,历史类,本科批,1744,新疆艺术学院,,历史,511,40662,,,8,,,0,0
河北,2025,历史类,本科批,1746,新疆政法学院,,历史,524,22582,,,49,,,0,0
河北,2025,历史类,本科批,1746,新疆政法学院,,"历史,政治",534,30243,,,3,,,0,0
河北,2025,历史类,本科批,1748,新乡学院,,历史,531,28710,,,9,,,0,0
河北,2025,历史类,本科批,1751,新余学院,,历史,532,19607,,,11,,,0,0
河北,2025,历史类,本科批,1752,信阳农林学院,,历史,523,32409,,,8,,,0,0
河北,2025,历史类,本科批,1753,信阳师范大学,,历史,549,23040,,,5,,,0,0
河北,2025,历史类,本科批,1757,邢台学院,,历史,520,20836,,,524,,,0,0
河北,2025,历史类,本科批,1757,邢台学院,,"历史,地理",526,30800,,,56,,,0,0
河北,2025,历史类,本科批,1757,邢台学院,,"历史,政治",539,27769,,,45,,,0,0
河北,2025,历史类,本科批,1758,邢台学院,,历史,512,42421,,,35,,,0,0
河北,2025,历史类,本科批,1759,邢台医学院,,历史,518,38958,,,100,,,0,0
河北,2025,历史类,本科批,176,长春大学,,历史,534,12264,,,10,,,0,0
河北,2025,历史类,本科批,1760,徐州工程学院,,历史,558,13269,,,5,,,0,0
河北,2025,历史类,本科批,1763,许昌学院,,历史,533,16100,,,38,,,0,0
河北,2025,历史类,本科批,1763,许昌学院,,"历史,政治",551,22095,,,5,,,0,0
河北,2025,历史类,本科批,1766,烟台大学,,历史,558,7453,,,12,,,0,0
河北,2025,历史类,本科批,1767,烟台大学,,历史,511,43048,,,1,,,0,0
河北,2025,历史类,本科批,177,长春工程学院,,历史,538,17629,,,12,,,0,0
河北,2025,历史类,本科批,1771,延安大学,,历史,575,6004,,,9,,,0,0
河北,2025,历史类,本科批,1771,延安大学,,"历史,政治",590,8451,,,2,,,0,0
河北,2025,历史类,本科批,1774,延边大学,,历史,594,3051,,,33,,,0,0
河北,2025,历史类,本科批,1774,延边大学,,"历史,地理",603,5338,,,3,,,0,0
河北,2025,历史类,本科批,1778,盐城师范学院,,历史,535,29738,,,5,,,0,0
河北,2025,历史类,本科批,178,长春工程学院,,历史,457,78537,,,1,,,0,0
河北,2025,历史类,本科批,1781,燕山大学,,历史,579,6004,,,75,,,0,0
河北,2025,历史类,本科批,1783,燕山大学,,历史,569,5123,,,401,,,0,0
河北,2025,历史类,本科批,1783,燕山大学,,"历史,政治",589,7950,,,30,,,0,0
河北,2025,历史类,本科批,1784,燕山大学,,历史,565,16482,,,15,,,0,0
河北,2025,历史类,本科批,1785,扬州大学,,历史,593,3215,,,8,,,0,0
河北,2025,历史类,本科批,179,长春工业大学,,历史,551,9573,,,15,,,0,0
河北,2025,历史类,本科批,1791,伊犁师范大学,,历史,518,23040,,,57,,,0,0
河北,2025,历史类,本科批,1791,伊犁师范大学,,"历史,地理",521,37257,,,8,,,0,0
河北,2025,历史类,本科批,1791,伊犁师范大学,,"历史,政治",539,27769,,,5,,,0,0
河北,2025,历史类,本科批,1792,伊犁师范大学,,历史,379,138201,,,2,,,0,0
河北,2025,历史类,本科批,1794,宜宾学院,,历史,546,16810,,,12,,,0,0
河北,2025,历史类,本科批,1796,宜春学院,,历史,533,17629,,,14,,,0,0
河北,2025,历史类,本科批,1796,宜春学院,,"历史,政治",549,23040,,,2,,,0,0
河北,2025,历史类,本科批,1796,宜春学院,,"历史,生物",527,33954,,,2,,,0,0
河北,2025,历史类,本科批,1797,营口理工学院,,历史,533,29242,,,4,,,0,0
河北,2025,历史类,本科批,180,长春工业大学,,历史,402,107005,,,6,,,0,0
河北,2025,历史类,本科批,1802,榆林学院,,历史,527,22582,,,6,,,0,0
河北,2025,历史类,本科批,1804,玉林师范学院,,历史,538,28223,,,5,,,0,0
河北,2025,历史类,本科批,1805,玉溪师范学院,,历史,536,22582,,,4,,,0,0
河北,2025,历史类,本科批,1805,玉溪师范学院,,"历史,政治",539,27769,,,2,,,0,0
河北,2025,历史类,本科批,1806,云南财经大学,,历史,560,7453,,,36,,,0,0
河北,2025,历史类,本科批,1806,云南财经大学,,"历史,政治",557,19607,,,2,,,0,0
河北,2025,历史类,本科批,1808,云南大学,,历史,601,2777,,,18,,,0,0
河北,2025,历史类,本科批,1808,云南大学,,"历史,政治",606,2071,,,10,,,0,0
河北,2025,历史类,本科批,1808,云南大学,,"历史,政治,地理",608,3836,,,5,,,0,0
河北,2025,历史类,本科批,1810,云南警官学院,,"历史,政治",573,13600,,,3,,,0,0
河北,2025,历史类,本科批,1812,云南民族大学,,历史,537,17236,,,7,,,0,0
河北,2025,历史类,本科批,1812,云南民族大学,,"历史,政治",586,9573,,,3,,,0,0
河北,2025,历史类,本科批,1812,云南民族大学,,"历史,政治,地理",580,11284,,,5,,,0,0
河北,2025,历史类,本科批,1814,云南农业大学,,历史,528,20401,,,6,,,0,0
河北,2025,历史类,本科批,1815,云南师范大学,,历史,535,10447,,,6,,,0,0
河北,2025,历史类,本科批,1815,云南师范大学,,"历史,政治",587,8451,,,6,,,0,0
河北,2025,历史类,本科批,1819,云南艺术学院,,历史,518,23983,,,9,,,0,0
河北,2025,历史类,本科批,182,长春理工大学,,历史,547,9033,,,28,,,0,0
河北,2025,历史类,本科批,1820,云南中医药大学,,历史,550,6445,,,2,,,0,0
河北,2025,历史类,本科批,1823,运城学院,,历史,523,29738,,,34,,,0,0
河北,2025,历史类,本科批,1823,运城学院,,"历史,政治",541,26772,,,6,,,0,0
河北,2025,历史类,本科批,1832,张家口学院,,历史,515,26772,,,991,,,0,0
河北,2025,历史类,本科批,1832,张家口学院,,"历史,地理",531,31846,,,30,,,0,0
河北,2025,历史类,本科批,1832,张家口学院,,"历史,政治",537,28710,,,72,,,0,0
河北,2025,历史类,本科批,1836,肇庆学院,,历史,520,23511,,,8,,,0,0
河北,2025,历史类,本科批,1838,浙大城市学院,,历史,573,10447,,,13,,,0,0
河北,2025,历史类,本科批,184,长春师范大学,,历史,516,9299,,,20,,,0,0
河北,2025,历史类,本科批,1842,浙江财经大学,,历史,579,2906,,,25,,,0,0
河北,2025,历史类,本科批,1843,浙江传媒学院,,历史,579,6241,,,16,,,0,0
河北,2025,历史类,本科批,1844,浙江传媒学院,,历史,576,7950,,,8,,,0,0
河北,2025,历史类,本科批,1846,浙江大学,,历史,657,96,,,26,,,0,0
河北,2025,历史类,本科批,1851,浙江工商大学,,历史,593,4170,,,10,,,0,0
河北,2025,历史类,本科批,1856,浙江机电职业技术大学,,历史,529,30243,,,6,,,0,0
河北,2025,历史类,本科批,1863,浙江科技大学,,历史,560,7950,,,15,,,0,0
河北,2025,历史类,本科批,1864,浙江理工大学,,历史,592,5759,,,9,,,0,0
河北,2025,历史类,本科批,1866,浙江农林大学,,历史,583,5123,,,7,,,0,0
河北,2025,历史类,本科批,1868,浙江师范大学,,历史,557,4350,,,27,,,0,0
河北,2025,历史类,本科批,1868,浙江师范大学,,"历史,政治",609,4170,,,3,,,0,0
河北,2025,历史类,本科批,1871,浙江外国语学院,,历史,550,12601,,,22,,,0,0
河北,2025,历史类,本科批,1872,浙江万里学院,,历史,515,17998,,,103,,,0,0
河北,2025,历史类,本科批,1873,浙江药科职业大学,,历史,534,30243,,,15,,,0,0
河北,2025,历史类,本科批,1875,浙江中医药大学,,历史,590,7950,,,2,,,0,0
河北,2025,历史类,本科批,1877,郑州大学,,历史,613,1611,,,22,,,0,0
河北,2025,历史类,本科批,1879,郑州工程技术学院,,历史,532,31323,,,4,,,0,0
河北,2025,历史类,本科批,1880,郑州航空工业管理学院,,历史,547,12264,,,16,,,0,0
河北,2025,历史类,本科批,1883,郑州轻工业大学,,历史,561,8451,,,31,,,0,0
河北,2025,历史类,本科批,1884,郑州师范学院,,历史,556,19979,,,6,,,0,0
河北,2025,历史类,本科批,1887,中北大学,,历史,566,13269,,,7,,,0,0
河北,2025,历史类,本科批,1888,中国传媒大学,,历史,605,1005,,,23,,,0,0
河北,2025,历史类,本科批,1889,中国传媒大学,,历史,620,2295,,,4,,,0,0
河北,2025,历史类,本科批,189,长春中医药大学,,历史,580,5338,,,6,,,0,0
河北,2025,历史类,本科批,1891,中国地质大学(北京),,历史,615,1523,,,13,,,0,0
河北,2025,历史类,本科批,1893,中国地质大学(武汉),,历史,610,1789,,,24,,,0,0
河北,2025,历史类,本科批,1895,中国海洋大学,,历史,621,1447,,,18,,,0,0
河北,2025,历史类,本科批,1895,中国海洋大学,,"历史,政治",625,1976,,,2,,,0,0
河北,2025,历史类,本科批,1897,中国计量大学,,历史,606,3836,,,2,,,0,0
河北,2025,历史类,本科批,190,长江大学,,历史,551,5546,,,48,,,0,0
河北,2025,历史类,本科批,190,长江大学,,"历史,政治",591,8190,,,2,,,0,0
河北,2025,历史类,本科批,1901,中国矿业大学(徐州),,历史,610,2295,,,43,,,0,0
河北,2025,历史类,本科批,1902,中国矿业大学(北京),,历史,614,3215,,,13,,,0,0
河北,2025,历史类,本科批,1905,中国劳动关系学院,,历史,562,7453,,,46,,,0,0
河北,2025,历史类,本科批,1905,中国劳动关系学院,,"历史,政治",571,9299,,,7,,,0,0
河北,2025,历史类,本科批,1907,中国美术学院,,历史,598,5123,,,2,,,0,0
河北,2025,历史类,本科批,1909,中国民航大学,,历史,601,2651,,,23,,,0,0
河北,2025,历史类,本科批,1910,中国民用航空飞行学院,,历史,571,14284,,,2,,,0,0
河北,2025,历史类,本科批,1910,中国民用航空飞行学院,,"历史,政治",568,15333,,,1,,,0,0
河北,2025,历史类,本科批,1912,中国农业大学,,历史,615,779,,,48,,,0,0
河北,2025,历史类,本科批,1914,中国人民大学,,历史,661,43,,,40,,,0,0
河北,2025,历史类,本科批,1914,中国人民大学,,"历史,政治",664,115,,,2,,,0,0
河北,2025,历史类,本科批,1916,中国人民大学,,历史,632,779,,,6,,,0,0
河北,2025,历史类,本科批,192,长江师范学院,,历史,563,17236,,,3,,,0,0
河北,2025,历史类,本科批,1921,中国社会科学院大学,,历史,628,833,,,11,,,0,0
河北,2025,历史类,本科批,1921,中国社会科学院大学,,"历史,政治",631,1262,,,3,,,0,0
河北,2025,历史类,本科批,1923,中国石油大学(北京),,历史,618,2777,,,2,,,0,0
河北,2025,历史类,本科批,1923,中国石油大学(北京),,"历史,政治",620,2528,,,3,,,0,0
河北,2025,历史类,本科批,1925,中国石油大学(北京)克拉玛依校区,,历史,593,4942,,,22,,,0,0
河北,2025,历史类,本科批,1925,中国石油大学(北京)克拉玛依校区,,"历史,政治",595,7228,,,7,,,0,0
河北,2025,历史类,本科批,1928,中国石油大学(华东),,历史,608,2071,,,13,,,0,0
河北,2025,历史类,本科批,1929,中国戏曲学院,,历史,555,11592,,,14,,,0,0
河北,2025,历史类,本科批,1934,中国药科大学,,历史,611,3215,,,13,,,0,0
河北,2025,历史类,本科批,1938,中国政法大学,,历史,628,167,,,69,,,0,0
河北,2025,历史类,本科批,1938,中国政法大学,,"历史,政治",634,555,,,5,,,0,0
河北,2025,历史类,本科批,1940,中华女子学院,,历史,556,7696,,,33,,,0,0
河北,2025,历史类,本科批,1942,中南财经政法大学,,历史,595,679,,,48,,,0,0
河北,2025,历史类,本科批,1943,中南大学,,历史,627,722,,,40,,,0,0
河北,2025,历史类,本科批,1945,中南林业科技大学,,历史,553,6241,,,61,,,0,0
河北,2025,历史类,本科批,1945,中南林业科技大学,,"历史,生物",560,18388,,,2,,,0,0
河北,2025,历史类,本科批,1946,中南民族大学,,历史,593,3836,,,12,,,0,0
河北,2025,历史类,本科批,1947,中山大学,,历史,643,345,,,19,,,0,0
河北,2025,历史类,本科批,1947,中山大学,,"历史,政治",642,722,,,2,,,0,0
河北,2025,历史类,本科批,1949,中央财经大学,,历史,617,475,,,35,,,0,0
河北,2025,历史类,本科批,1951,中央美术学院,,历史,550,4745,,,6,,,0,0
河北,2025,历史类,本科批,1952,中央民族大学,,历史,624,1075,,,63,,,0,0
河北,2025,历史类,本科批,1956,中央戏剧学院,,历史,610,4008,,,2,,,0,0
河北,2025,历史类,本科批,1958,中原工学院,,历史,541,16100,,,14,,,0,0
河北,2025,历史类,本科批,1959,周口师范学院,,历史,531,14990,,,18,,,0,0
河北,2025,历史类,本科批,1959,周口师范学院,,"历史,政治",549,20401,,,4,,,0,0
河北,2025,历史类,本科批,1964,遵义师范学院,,历史,565,16482,,,2,,,0,0
河北,2025,历史类,本科批,1969,北京第二外国语学院中瑞酒店管理学院,,历史,478,61531,,,6,,,0,0
河北,2025,历史类,本科批,197,长沙理工大学,,历史,587,3521,,,19,,,0,0
河北,2025,历史类,本科批,1970,北京工业大学耿丹学院,,历史,478,49149,,,31,,,0,0
河北,2025,历史类,本科批,1971,北京科技大学天津学院,,历史,509,22582,,,16,,,0,0
河北,2025,历史类,本科批,1972,北京邮电大学世纪学院,,历史,508,36684,,,10,,,0,0
河北,2025,历史类,本科批,1973,北京中医药大学东方学院,,历史,480,48511,,,1220,,,0,0
河北,2025,历史类,本科批,1973,北京中医药大学东方学院,,"历史,化学",477,64897,,,12,,,0,0
河北,2025,历史类,本科批,1973,北京中医药大学东方学院,,"历史,生物",477,64897,,,300,,,0,0
河北,2025,历史类,本科批,1974,长春大学旅游学院,,历史,477,51070,,,59,,,0,0
河北,2025,历史类,本科批,1975,长春工业大学人文信息学院,,历史,478,46711,,,42,,,0,0
河北,2025,历史类,本科批,1976,长江大学文理学院,,历史,509,42421,,,5,,,0,0
河北,2025,历史类,本科批,1977,常州大学怀德学院,,历史,508,38388,,,6,,,0,0
河北,2025,历史类,本科批,1978,成都理工大学工程技术学院,,历史,518,35601,,,9,,,0,0
河北,2025,历史类,本科批,1979,重庆工商大学派斯学院,,历史,518,35052,,,16,,,0,0
河北,2025,历史类,本科批,1980,大连工业大学艺术与信息工程学院,,历史,488,49149,,,13,,,0,0
河北,2025,历史类,本科批,1981,大连理工大学城市学院,,历史,496,41828,,,15,,,0,0
河北,2025,历史类,本科批,1982,大连医科大学中山学院,,历史,479,63585,,,4,,,0,0
河北,2025,历史类,本科批,1983,电子科技大学成都学院,,历史,514,33434,,,8,,,0,0
河北,2025,历史类,本科批,1984,东南大学成贤学院,,历史,524,23511,,,4,,,0,0
河北,2025,历史类,本科批,1985,福州大学至诚学院,,历史,496,32927,,,19,,,0,0
河北,2025,历史类,本科批,1986,赣南师范大学科技学院,,历史,519,31323,,,3,,,0,0
河北,2025,历史类,本科批,1987,广东外语外贸大学南国商学院,,历史,501,47300,,,4,,,0,0
河北,2025,历史类,本科批,1988,广西民族大学相思湖学院,,历史,477,44239,,,43,,,0,0
河北,2025,历史类,本科批,1991,杭州电子科技大学信息工程学院,,历史,514,41275,,,5,,,0,0
河北,2025,历史类,本科批,1992,河北地质大学华信学院,,历史,483,43048,,,1508,,,0,0
河北,2025,历史类,本科批,1993,河北工程大学科信学院,,历史,509,37257,,,282,,,0,0
河北,2025,历史类,本科批,1994,河北经贸大学经济管理学院,,历史,508,31323,,,1314,,,0,0
河北,2025,历史类,本科批,1995,河北农业大学现代科技学院,,历史,509,38388,,,450,,,0,0
河北,2025,历史类,本科批,1996,河北医科大学临床学院,,"历史,生物",512,42421,,,72,,,0,0
河北,2025,历史类,本科批,1997,黑龙江工程学院昆仑旅游学院,,历史,478,53596,,,30,,,0,0
河北,2025,历史类,本科批,1998,湖北大学知行学院,,历史,509,24943,,,9,,,0,0
河北,2025,历史类,本科批,1999,湖北大学知行学院,,历史,506,46082,,,2,,,0,0
河北,2025,历史类,本科批,2000,湖北工程学院新技术学院,,历史,510,31323,,,12,,,0,0
河北,2025,历史类,本科批,2001,湖北工业大学工程技术学院,,历史,504,41275,,,8,,,0,0
河北,2025,历史类,本科批,2002,湖北经济学院法商学院,,历史,528,30243,,,4,,,0,0
河北,2025,历史类,本科批,2003,湖北师范大学文理学院,,历史,514,35052,,,7,,,0,0
河北,2025,历史类,本科批,2005,湖南科技大学潇湘学院,,历史,523,28710,,,3,,,0,0
河北,2025,历史类,本科批,2006,湖南农业大学东方科技学院,,历史,510,43673,,,3,,,0,0
河北,2025,历史类,本科批,2007,华北理工大学轻工学院,,历史,483,47300,,,485,,,0,0
河北,2025,历史类,本科批,2008,华南农业大学珠江学院,,历史,478,51705,,,23,,,0,0
河北,2025,历史类,本科批,2009,吉林师范大学博达学院,,历史,477,45438,,,69,,,0,0
河北,2025,历史类,本科批,2009,吉林师范大学博达学院,,"历史,地理",499,50419,,,9,,,0,0
河北,2025,历史类,本科批,201,长沙学院,,历史,546,11905,,,10,,,0,0
河北,2025,历史类,本科批,2010,集美大学诚毅学院,,历史,515,23040,,,11,,,0,0
河北,2025,历史类,本科批,2011,江苏科技大学苏州理工学院,,历史,520,25909,,,3,,,0,0
河北,2025,历史类,本科批,2012,江苏师范大学科文学院,,历史,510,31323,,,7,,,0,0
河北,2025,历史类,本科批,2013,江西财经大学现代经济管理学院,,历史,509,27280,,,21,,,0,0
河北,2025,历史类,本科批,2014,江西农业大学南昌商学院,,历史,508,39505,,,8,,,0,0
河北,2025,历史类,本科批,2014,江西农业大学南昌商学院,,"历史,生物",504,47300,,,1,,,0,0
河北,2025,历史类,本科批,2015,江西农业大学南昌商学院,,历史,502,48511,,,3,,,0,0
河北,2025,历史类,本科批,2016,江西师范大学科学技术学院,,历史,522,33954,,,6,,,0,0
河北,2025,历史类,本科批,2018,昆明理工大学津桥学院,,历史,498,35052,,,5,,,0,0
河北,2025,历史类,本科批,2019,昆明医科大学海源学院,,历史,503,43048,,,5,,,0,0
河北,2025,历史类,本科批,2020,辽宁师范大学海华学院,,历史,489,43673,,,55,,,0,0
河北,2025,历史类,本科批,2020,辽宁师范大学海华学院,,"历史,政治",517,39505,,,4,,,0,0
河北,2025,历史类,本科批,2022,聊城大学东昌学院,,历史,511,40076,,,10,,,0,0
河北,2025,历史类,本科批,2023,南昌大学共青学院,,历史,504,35601,,,10,,,0,0
河北,2025,历史类,本科批,2024,南昌大学科学技术学院,,历史,509,27280,,,10,,,0,0
河北,2025,历史类,本科批,2026,南华大学船山学院,,历史,510,43673,,,2,,,0,0
河北,2025,历史类,本科批,2027,南京财经大学红山学院,,历史,513,24485,,,39,,,0,0
河北,2025,历史类,本科批,2028,南京工业大学浦江学院,,历史,514,33954,,,4,,,0,0
河北,2025,历史类,本科批,203,长治学院,,历史,524,20401,,,5,,,0,0
河北,2025,历史类,本科批,2030,南京审计大学金审学院,,历史,524,18388,,,12,,,0,0
河北,2025,历史类,本科批,2034,内蒙古大学创业学院,,历史,508,33954,,,21,,,0,0
河北,2025,历史类,本科批,2035,宁波大学科学技术学院,,历史,504,22095,,,9,,,0,0
河北,2025,历史类,本科批,2036,宁夏大学新华学院,,历史,494,38958,,,20,,,0,0
河北,2025,历史类,本科批,2037,青岛农业大学海都学院,,历史,508,40076,,,4,,,0,0
河北,2025,历史类,本科批,2038,三峡大学科技学院,,历史,514,30243,,,4,,,0,0
河北,2025,历史类,本科批,2039,山东财经大学东方学院,,历史,514,33434,,,15,,,0,0
河北,2025,历史类,本科批,204,长治医学院,,历史,530,28710,,,3,,,0,0
河北,2025,历史类,本科批,2040,陕西科技大学镐京学院,,历史,478,43048,,,39,,,0,0
河北,2025,历史类,本科批,2041,上海财经大学浙江学院,,历史,522,17236,,,3,,,0,0
河北,2025,历史类,本科批,2042,上海师范大学天华学院,,历史,477,64897,,,4,,,0,0
河北,2025,历史类,本科批,2043,上海外国语大学贤达经济人文学院,,历史,479,31323,,,16,,,0,0
河北,2025,历史类,本科批,2044,石家庄铁道大学四方学院,,历史,511,31846,,,307,,,0,0
河北,2025,历史类,本科批,2045,首都师范大学科德学院,,历史,478,47300,,,16,,,0,0
河北,2025,历史类,本科批,2046,四川大学锦江学院,,历史,514,31846,,,8,,,0,0
河北,2025,历史类,本科批,2046,四川大学锦江学院,,"历史,政治",522,36684,,,2,,,0,0
河北,2025,历史类,本科批,2047,苏州大学应用技术学院,,历史,518,22095,,,5,,,0,0
河北,2025,历史类,本科批,2048,天津财经大学珠江学院,,历史,513,31323,,,55,,,0,0
河北,2025,历史类,本科批,2049,天津理工大学中环信息学院,,历史,509,34483,,,25,,,0,0
河北,2025,历史类,本科批,2050,天津商业大学宝德学院,,历史,509,31323,,,63,,,0,0
河北,2025,历史类,本科批,2051,天津商业大学宝德学院,,历史,487,56213,,,8,,,0,0
河北,2025,历史类,本科批,2052,天津外国语大学滨海外事学院,,历史,510,35052,,,20,,,0,0
河北,2025,历史类,本科批,2052,天津外国语大学滨海外事学院,,"历史,政治",532,31323,,,1,,,0,0
河北,2025,历史类,本科批,2053,天津医科大学临床医学院,,历史,511,26772,,,10,,,0,0
河北,2025,历史类,本科批,2054,温州医科大学仁济学院,,历史,505,46711,,,4,,,0,0
河北,2025,历史类,本科批,2055,武汉纺织大学外经贸学院,,历史,496,39505,,,5,,,0,0
河北,2025,历史类,本科批,2056,武汉工程大学邮电与信息工程学院,,历史,504,38958,,,15,,,0,0
河北,2025,历史类,本科批,2057,武汉体育学院体育科技学院,,历史,507,45438,,,4,,,0,0
河北,2025,历史类,本科批,2058,西安财经大学行知学院,,历史,514,39505,,,5,,,0,0
河北,2025,历史类,本科批,2059,西安建筑科技大学华清学院,,历史,512,36127,,,7,,,0,0
河北,2025,历史类,本科批,2060,西安交通大学城市学院,,历史,509,34483,,,20,,,0,0
河北,2025,历史类,本科批,2061,西安科技大学高新学院,,历史,483,47901,,,11,,,0,0
河北,2025,历史类,本科批,2062,西北大学现代学院,,历史,478,64257,,,3,,,0,0
河北,2025,历史类,本科批,2063,西北大学现代学院,,历史,484,58171,,,2,,,0,0
河北,2025,历史类,本科批,2064,西南财经大学天府学院,,历史,531,29242,,,5,,,0,0
河北,2025,历史类,本科批,2065,西南交通大学希望学院,,历史,534,27769,,,2,,,0,0
河北,2025,历史类,本科批,2066,厦门大学嘉庚学院,,历史,517,22095,,,32,,,0,0
河北,2025,历史类,本科批,2067,延安大学西安创新学院,,历史,497,43048,,,10,,,0,0
河北,2025,历史类,本科批,2067,延安大学西安创新学院,,"历史,生物",493,54207,,,3,,,0,0
河北,2025,历史类,本科批,2068,浙江工商大学杭州商学院,,历史,511,24943,,,14,,,0,0
河北,2025,历史类,本科批,2072,浙江师范大学行知学院,,历史,522,36684,,,1,,,0,0
河北,2025,历史类,本科批,2074,中国矿业大学徐海学院,,历史,511,34483,,,19,,,0,0
河北,2025,历史类,本科批,2075,中南林业科技大学涉外学院,,历史,511,30243,,,24,,,0,0
河北,2025,历史类,本科批,2079,安徽外国语学院,,历史,498,43048,,,5,,,0,0
河北,2025,历史类,本科批,2081,安阳学院,,历史,507,38958,,,15,,,0,0
河北,2025,历史类,本科批,2088,保定理工学院,,历史,477,60848,,,1481,,,0,0
河北,2025,历史类,本科批,2090,北海艺术设计学院,,历史,479,53596,,,15,,,0,0
河北,2025,历史类,本科批,2092,北京城市学院,,历史,525,23040,,,8,,,0,0
河北,2025,历史类,本科批,2094,北京金融科技学院,,历史,478,60189,,,12,,,0,0
河北,2025,历史类,本科批,21,安徽建筑大学,,历史,548,4745,,,14,,,0,0
河北,2025,历史类,本科批,2105,沧州交通学院,,历史,477,46711,,,994,,,0,0
河北,2025,历史类,本科批,2107,长春财经学院,,历史,477,44239,,,87,,,0,0
河北,2025,历史类,本科批,2108,长春电子科技学院,,历史,481,51070,,,37,,,0,0
河北,2025,历史类,本科批,2110,长春光华学院,,历史,477,41275,,,52,,,0,0
河北,2025,历史类,本科批,2111,长春建筑学院,,历史,479,55552,,,21,,,0,0
河北,2025,历史类,本科批,2113,长春科技学院,,历史,477,50419,,,60,,,0,0
河北,2025,历史类,本科批,2114,长春人文学院,,历史,481,36684,,,18,,,0,0
河北,2025,历史类,本科批,2115,长春人文学院,,历史,477,64897,,,5,,,0,0
河北,2025,历史类,本科批,212,朝阳师范学院,,历史,524,22095,,,10,,,0,0
河北,2025,历史类,本科批,2127,常德学院,,历史,491,36684,,,6,,,0,0
河北,2025,历史类,本科批,213,成都大学,,历史,576,4942,,,19,,,0,0
河北,2025,历史类,本科批,213,成都大学,,"历史,政治",587,4745,,,5,,,0,0
河北,2025,历史类,本科批,2130,成都东软学院,,历史,506,41828,,,16,,,0,0
河北,2025,历史类,本科批,2131,成都锦城学院,,历史,509,30243,,,18,,,0,0
河北,2025,历史类,本科批,2132,成都锦城学院,,历史,496,52355,,,2,,,0,0
河北,2025,历史类,本科批,2133,成都外国语学院,,历史,482,29242,,,37,,,0,0
河北,2025,历史类,本科批,2134,成都文理学院,,历史,497,38388,,,15,,,0,0
河北,2025,历史类,本科批,2135,成都艺术职业大学,,历史,502,48511,,,9,,,0,0
河北,2025,历史类,本科批,2136,成都银杏酒店管理学院,,历史,499,41828,,,15,,,0,0
河北,2025,历史类,本科批,2138,重庆财经学院,,历史,519,26772,,,13,,,0,0
河北,2025,历史类,本科批,2139,重庆城市科技学院,,历史,511,34483,,,22,,,0,0
河北,2025,历史类,本科批,2143,重庆对外经贸学院,,历史,510,35601,,,25,,,0,0
河北,2025,历史类,本科批,2143,重庆对外经贸学院,,"历史,地理",513,41828,,,3,,,0,0
河北,2025,历史类,本科批,2146,重庆机电职业技术大学,,历史,504,43048,,,14,,,0,0
河北,2025,历史类,本科批,2158,重庆人文科技学院,,历史,503,31323,,,37,,,0,0
河北,2025,历史类,本科批,2158,重庆人文科技学院,,"历史,政治",520,37811,,,3,,,0,0
河北,2025,历史类,本科批,2158,重庆人文科技学院,,"历史,生物",497,51705,,,5,,,0,0
河北,2025,历史类,本科批,2159,重庆人文科技学院,,历史,494,53596,,,5,,,0,0
河北,2025,历史类,本科批,2161,重庆外语外事学院,,历史,503,35052,,,23,,,0,0
河北,2025,历史类,本科批,2164,重庆移通学院,,历史,498,43048,,,71,,,0,0
河北,2025,历史类,本科批,2169,大连财经学院,,历史,497,36127,,,58,,,0,0
河北,2025,历史类,本科批,2170,大连东软信息学院,,历史,477,58171,,,26,,,0,0
河北,2025,历史类,本科批,2173,大连科技学院,,历史,477,52355,,,30,,,0,0
河北,2025,历史类,本科批,2175,大连艺术学院,,历史,477,62894,,,14,,,0,0
河北,2025,历史类,本科批,2182,滇池学院,,历史,477,41828,,,44,,,0,0
河北,2025,历史类,本科批,2183,东莞城市学院,,历史,478,54857,,,6,,,0,0
河北,2025,历史类,本科批,2184,福州理工学院,,历史,490,54207,,,4,,,0,0
河北,2025,历史类,本科批,2185,福州外语外贸学院,,历史,493,53596,,,4,,,0,0
河北,2025,历史类,本科批,219,成都理工大学,,历史,577,4170,,,55,,,0,0
河北,2025,历史类,本科批,219,成都理工大学,,"历史,政治",601,5759,,,6,,,0,0
河北,2025,历史类,本科批,2190,广东白云学院,,历史,478,52965,,,6,,,0,0
河北,2025,历史类,本科批,2194,广东工商职业技术大学,,历史,493,54207,,,1,,,0,0
河北,2025,历史类,本科批,2194,广东工商职业技术大学,,"历史,政治",493,54207,,,2,,,0,0
河北,2025,历史类,本科批,2196,广东科技学院,,历史,481,60189,,,5,,,0,0
河北,2025,历史类,本科批,220,成都师范学院,,历史,569,14990,,,2,,,0,0
河北,2025,历史类,本科批,2202,广西城市职业大学,,历史,478,62894,,,20,,,0,0
河北,2025,历史类,本科批,2206,广西外国语学院,,历史,477,52355,,,19,,,0,0
河北,2025,历史类,本科批,221,成都体育学院,,历史,543,16100,,,7,,,0,0
河北,2025,历史类,本科批,2211,广州城市理工学院,,历史,479,52965,,,31,,,0,0
河北,2025,历史类,本科批,2212,广州工商学院,,历史,477,58171,,,4,,,0,0
河北,2025,历史类,本科批,2218,广州南方学院,,历史,477,56862,,,12,,,0,0
河北,2025,历史类,本科批,222,成都信息工程大学,,历史,569,6241,,,14,,,0,0
河北,2025,历史类,本科批,2221,广州商学院,,历史,497,43048,,,9,,,0,0
河北,2025,历史类,本科批,2223,广州新华学院,,历史,487,38958,,,12,,,0,0
河北,2025,历史类,本科批,2226,贵阳信息科技学院,,历史,501,49149,,,4,,,0,0
河北,2025,历史类,本科批,2232,贵州黔南经济学院,,历史,508,44877,,,3,,,0,0
河北,2025,历史类,本科批,224,成都中医药大学,,历史,549,9299,,,11,,,0,0
河北,2025,历史类,本科批,2240,桂林信息科技学院,,历史,477,59535,,,46,,,0,0
河北,2025,历史类,本科批,2241,桂林学院,,历史,483,42421,,,26,,,0,0
河北,2025,历史类,本科批,2245,哈尔滨广厦学院,,历史,480,52965,,,55,,,0,0
河北,2025,历史类,本科批,2246,哈尔滨华德学院,,历史,477,60848,,,29,,,0,0
河北,2025,历史类,本科批,2247,哈尔滨剑桥学院,,历史,477,56213,,,130,,,0,0
河北,2025,历史类,本科批,2248,哈尔滨石油学院,,历史,477,53596,,,38,,,0,0
河北,2025,历史类,本科批,2249,哈尔滨信息工程学院,,历史,490,56213,,,6,,,0,0
河北,2025,历史类,本科批,2252,海口经济学院,,历史,477,55552,,,20,,,0,0
河北,2025,历史类,本科批,2257,海南科技职业大学,,历史,480,56213,,,10,,,0,0
河北,2025,历史类,本科批,2259,汉口学院,,历史,480,37257,,,9,,,0,0
河北,2025,历史类,本科批,226,承德医学院,,历史,532,13953,,,110,,,0,0
河北,2025,历史类,本科批,2260,合肥城市学院,,历史,491,55552,,,3,,,0,0
河北,2025,历史类,本科批,2264,河北传媒学院,,历史,477,44239,,,680,,,0,0
河北,2025,历史类,本科批,2265,河北东方学院,,历史,477,51070,,,1622,,,0,0
河北,2025,历史类,本科批,2265,河北东方学院,,"历史,生物",483,60848,,,20,,,0,0
河北,2025,历史类,本科批,2266,河北工程技术学院,,历史,478,46711,,,781,,,0,0
河北,2025,历史类,本科批,2267,河北科技学院,,历史,477,58171,,,892,,,0,0
河北,2025,历史类,本科批,2268,河北美术学院,,历史,477,61531,,,320,,,0,0
河北,2025,历史类,本科批,2269,河北外国语学院,,历史,477,43673,,,984,,,0,0
河北,2025,历史类,本科批,2270,河南开封科技传媒学院,,历史,507,43048,,,12,,,0,0
河北,2025,历史类,本科批,2272,黑龙江财经学院,,历史,478,43048,,,36,,,0,0
河北,2025,历史类,本科批,2273,黑龙江东方学院,,历史,486,48511,,,20,,,0,0
河北,2025,历史类,本科批,2274,黑龙江工商学院,,历史,479,52355,,,27,,,0,0
河北,2025,历史类,本科批,2276,黑龙江外国语学院,,历史,477,51070,,,43,,,0,0
河北,2025,历史类,本科批,2282,湖北商贸学院,,历史,495,40662,,,4,,,0,0
河北,2025,历史类,本科批,229,池州学院,,历史,527,22095,,,10,,,0,0
河北,2025,历史类,本科批,2292,湖南涉外经济学院,,历史,477,44877,,,24,,,0,0
河北,2025,历史类,本科批,2296,黄河科技学院,,历史,509,44239,,,5,,,0,0
河北,2025,历史类,本科批,2296,黄河科技学院,,"历史,化学",479,63585,,,3,,,0,0
河北,2025,历史类,本科批,2298,吉利学院,,历史,491,47300,,,6,,,0,0
河北,2025,历史类,本科批,2300,吉林动画学院,,历史,477,56862,,,14,,,0,0
河北,2025,历史类,本科批,2303,吉林外国语大学,,历史,479,33954,,,58,,,0,0
河北,2025,历史类,本科批,2309,江西服装学院,,历史,482,57521,,,4,,,0,0
河北,2025,历史类,本科批,231,赤峰学院,,历史,526,28223,,,18,,,0,0
河北,2025,历史类,本科批,2310,江西工程学院,,历史,514,41275,,,2,,,0,0
河北,2025,历史类,本科批,2315,江西科技学院,,历史,493,43673,,,11,,,0,0
河北,2025,历史类,本科批,232,赤峰学院,,"历史,政治",398,122735,,,2,,,0,0
河北,2025,历史类,本科批,2320,江西应用科技学院,,历史,487,58171,,,6,,,0,0
河北,2025,历史类,本科批,2325,晋中信息学院,,历史,506,40076,,,72,,,0,0
河北,2025,历史类,本科批,2326,荆州学院,,历史,500,44239,,,12,,,0,0
河北,2025,历史类,本科批,2330,昆明城市学院,,历史,485,44239,,,20,,,0,0
河北,2025,历史类,本科批,2330,昆明城市学院,,"历史,政治",495,52965,,,2,,,0,0
河北,2025,历史类,本科批,2331,昆明传媒学院,,历史,482,51070,,,17,,,0,0
河北,2025,历史类,本科批,2333,昆明文理学院,,历史,494,41275,,,9,,,0,0
河北,2025,历史类,本科批,2336,兰州博文科技学院,,历史,494,44239,,,9,,,0,0
河北,2025,历史类,本科批,2337,兰州工商学院,,历史,496,46711,,,8,,,0,0
河北,2025,历史类,本科批,2337,兰州工商学院,,"历史,政治",505,46711,,,4,,,0,0
河北,2025,历史类,本科批,2341,丽江文化旅游学院,,历史,477,51070,,,50,,,0,0
河北,2025,历史类,本科批,2342,辽宁传媒学院,,历史,478,51070,,,52,,,0,0
河北,2025,历史类,本科批,2343,辽宁对外经贸学院,,历史,477,47300,,,23,,,0,0
河北,2025,历史类,本科批,2345,辽宁何氏医学院,,历史,477,64897,,,2,,,0,0
河北,2025,历史类,本科批,2346,辽宁理工学院,,历史,493,47901,,,7,,,0,0
河北,2025,历史类,本科批,2349,柳州工学院,,历史,477,53596,,,35,,,0,0
河北,2025,历史类,本科批,2356,绵阳城市学院,,历史,506,43048,,,5,,,0,0
河北,2025,历史类,本科批,2364,南昌工学院,,历史,504,47300,,,4,,,0,0
河北,2025,历史类,本科批,2364,南昌工学院,,"历史,政治",517,39505,,,2,,,0,0
河北,2025,历史类,本科批,2364,南昌工学院,,"历史,生物",491,55552,,,3,,,0,0
河北,2025,历史类,本科批,2365,南昌交通学院,,历史,501,41275,,,6,,,0,0
河北,2025,历史类,本科批,2366,南昌理工学院,,历史,492,36684,,,13,,,0,0
河北,2025,历史类,本科批,2367,南昌应用技术师范学院,,历史,516,36127,,,3,,,0,0
河北,2025,历史类,本科批,2367,南昌应用技术师范学院,,"历史,政治",520,37811,,,2,,,0,0
河北,2025,历史类,本科批,237,重庆大学,,历史,636,1075,,,8,,,0,0
河北,2025,历史类,本科批,2372,南京传媒学院,,历史,486,41828,,,19,,,0,0
河北,2025,历史类,本科批,2374,南宁理工学院,,历史,478,52355,,,65,,,0,0
河北,2025,历史类,本科批,2374,南宁理工学院,,"历史,地理",484,60189,,,5,,,0,0
河北,2025,历史类,本科批,2375,南宁学院,,历史,486,44877,,,12,,,0,0
河北,2025,历史类,本科批,2376,南通理工学院,,历史,488,54857,,,12,,,0,0
河北,2025,历史类,本科批,238,重庆大学,,历史,608,4350,,,8,,,0,0
河北,2025,历史类,本科批,2380,内蒙古鸿德文理学院,,历史,500,39505,,,20,,,0,0
河北,2025,历史类,本科批,2384,宁波财经学院,,历史,486,37257,,,28,,,0,0
河北,2025,历史类,本科批,2385,宁夏理工学院,,历史,477,49149,,,69,,,0,0
河北,2025,历史类,本科批,2385,宁夏理工学院,,"历史,政治",495,52965,,,6,,,0,0
河北,2025,历史类,本科批,2387,齐鲁理工学院,,历史,507,45438,,,7,,,0,0
河北,2025,历史类,本科批,2388,齐鲁医药学院,,历史,508,40076,,,7,,,0,0
河北,2025,历史类,本科批,2389,齐齐哈尔工程学院,,历史,484,60189,,,5,,,0,0
河北,2025,历史类,本科批,2392,青岛滨海学院,,历史,492,46082,,,15,,,0,0
河北,2025,历史类,本科批,2393,青岛城市学院,,历史,483,36684,,,17,,,0,0
河北,2025,历史类,本科批,2394,青岛电影学院,,历史,477,62196,,,9,,,0,0
河北,2025,历史类,本科批,2395,青岛工学院,,历史,498,36127,,,18,,,0,0
河北,2025,历史类,本科批,2397,青岛恒星科技学院,,历史,481,44877,,,23,,,0,0
河北,2025,历史类,本科批,2397,青岛恒星科技学院,,"历史,生物",481,62196,,,4,,,0,0
河北,2025,历史类,本科批,2398,青岛黄海学院,,历史,490,44239,,,21,,,0,0
河北,2025,历史类,本科批,2406,泉州信息工程学院,,历史,484,49149,,,6,,,0,0
河北,2025,历史类,本科批,2407,泉州职业技术大学,,历史,487,56862,,,10,,,0,0
河北,2025,历史类,本科批,241,重庆第二师范学院,,历史,563,17236,,,2,,,0,0
河北,2025,历史类,本科批,241,重庆第二师范学院,,"历史,政治",567,15706,,,2,,,0,0
河北,2025,历史类,本科批,2410,三江学院,,历史,498,40076,,,9,,,0,0
河北,2025,历史类,本科批,2415,三亚学院,,历史,477,51705,,,111,,,0,0
河北,2025,历史类,本科批,2415,三亚学院,,"历史,政治",478,64257,,,8,,,0,0
河北,2025,历史类,本科批,2419,山东华宇工学院,,历史,496,46082,,,15,,,0,0
河北,2025,历史类,本科批,2422,山东外国语职业技术大学,,历史,490,41828,,,15,,,0,0
河北,2025,历史类,本科批,2425,山东现代学院,,历史,493,41275,,,10,,,0,0
河北,2025,历史类,本科批,2426,山东协和学院,,历史,505,40076,,,10,,,0,0
河北,2025,历史类,本科批,2426,山东协和学院,,"历史,生物",501,49149,,,8,,,0,0
河北,2025,历史类,本科批,2428,山东英才学院,,历史,477,60189,,,13,,,0,0
河北,2025,历史类,本科批,2428,山东英才学院,,"历史,生物",478,64257,,,10,,,0,0
河北,2025,历史类,本科批,2429,山西工商学院,,历史,508,40662,,,44,,,0,0
河北,2025,历史类,本科批,2430,山西晋中理工学院,,历史,507,44239,,,14,,,0,0
河北,2025,历史类,本科批,2434,山西应用科技学院,,历史,506,39505,,,20,,,0,0
河北,2025,历史类,本科批,2436,陕西服装工程学院,,历史,477,52355,,,9,,,0,0
河北,2025,历史类,本科批,2437,陕西国际商贸学院,,历史,499,47901,,,18,,,0,0
河北,2025,历史类,本科批,2447,上海建桥学院,,历史,486,52355,,,14,,,0,0
河北,2025,历史类,本科批,2448,上海立达学院,,历史,484,58842,,,6,,,0,0
河北,2025,历史类,本科批,245,重庆工商大学,,历史,502,4745,,,37,,,0,0
河北,2025,历史类,本科批,245,重庆工商大学,,"历史,生物",555,20401,,,2,,,0,0
河北,2025,历史类,本科批,2450,上海杉达学院,,历史,495,31323,,,6,,,0,0
河北,2025,历史类,本科批,2451,上海视觉艺术学院,,历史,512,42421,,,1,,,0,0
河北,2025,历史类,本科批,2454,上海中侨职业技术大学,,历史,479,52965,,,18,,,0,0
河北,2025,历史类,本科批,2457,沈阳城市建设学院,,历史,487,52355,,,6,,,0,0
河北,2025,历史类,本科批,2458,沈阳城市学院,,历史,477,49149,,,20,,,0,0
河北,2025,历史类,本科批,2459,沈阳工学院,,历史,477,49775,,,19,,,0,0
河北,2025,历史类,本科批,2460,沈阳科技学院,,历史,489,52355,,,10,,,0,0
河北,2025,历史类,本科批,2475,四川传媒学院,,历史,492,38388,,,24,,,0,0
河北,2025,历史类,本科批,2476,四川电影电视学院,,历史,505,39505,,,4,,,0,0
河北,2025,历史类,本科批,2478,四川工商学院,,历史,507,40076,,,4,,,0,0
河北,2025,历史类,本科批,2479,四川工业科技学院,,历史,512,42421,,,3,,,0,0
河北,2025,历史类,本科批,2486,四川文化艺术学院,,历史,496,45438,,,12,,,0,0
河北,2025,历史类,本科批,2499,泰山科技学院,,历史,479,46082,,,9,,,0,0
河北,2025,历史类,本科批,2505,天津传媒学院,,历史,477,47300,,,65,,,0,0
河北,2025,历史类,本科批,2506,天津仁爱学院,,历史,486,39505,,,27,,,0,0
河北,2025,历史类,本科批,2506,天津仁爱学院,,"历史,政治",518,38958,,,12,,,0,0
河北,2025,历史类,本科批,2507,天津天狮学院,,历史,495,41275,,,14,,,0,0
河北,2025,历史类,本科批,2515,温州商学院,,历史,483,45438,,,23,,,0,0
河北,2025,历史类,本科批,2516,文华学院,,历史,502,35601,,,19,,,0,0
河北,2025,历史类,本科批,2518,无锡太湖学院,,历史,499,40076,,,31,,,0,0
河北,2025,历史类,本科批,252,重庆交通大学,,历史,580,5759,,,13,,,0,0
河北,2025,历史类,本科批,2520,武昌工学院,,历史,493,43673,,,27,,,0,0
河北,2025,历史类,本科批,2521,武昌理工学院,,历史,495,42421,,,9,,,0,0
河北,2025,历史类,本科批,2522,武昌首义学院,,历史,499,25909,,,13,,,0,0
河北,2025,历史类,本科批,2525,武汉城市学院,,历史,505,36684,,,5,,,0,0
河北,2025,历史类,本科批,2526,武汉传媒学院,,历史,508,40076,,,4,,,0,0
河北,2025,历史类,本科批,2527,武汉东湖学院,,历史,504,35052,,,6,,,0,0
河北,2025,历史类,本科批,2528,武汉工程科技学院,,历史,506,46082,,,2,,,0,0
河北,2025,历史类,本科批,253,重庆科技大学,,历史,568,10447,,,9,,,0,0
河北,2025,历史类,本科批,2531,武汉华夏理工学院,,历史,497,41275,,,4,,,0,0
河北,2025,历史类,本科批,2532,武汉晴川学院,,历史,495,48511,,,6,,,0,0
河北,2025,历史类,本科批,2535,武汉生物工程学院,,历史,505,38958,,,6,,,0,0
河北,2025,历史类,本科批,2537,武汉文理学院,,历史,500,28223,,,13,,,0,0
河北,2025,历史类,本科批,2537,武汉文理学院,,"历史,生物",505,46711,,,3,,,0,0
河北,2025,历史类,本科批,2539,武汉学院,,历史,509,25427,,,14,,,0,0
河北,2025,历史类,本科批,254,重庆理工大学,,历史,561,6004,,,41,,,0,0
河北,2025,历史类,本科批,2542,西安翻译学院,,历史,477,46711,,,21,,,0,0
河北,2025,历史类,本科批,2544,西安工商学院,,历史,484,47300,,,13,,,0,0
河北,2025,历史类,本科批,2546,西安交通工程学院,,历史,501,46082,,,7,,,0,0
河北,2025,历史类,本科批,2547,西安明德理工学院,,历史,492,45438,,,13,,,0,0
河北,2025,历史类,本科批,2548,西安欧亚学院,,历史,487,42421,,,42,,,0,0
河北,2025,历史类,本科批,2549,西安培华学院,,历史,481,31846,,,53,,,0,0
河北,2025,历史类,本科批,2549,西安培华学院,,"历史,生物",502,48511,,,2,,,0,0
河北,2025,历史类,本科批,2550,西安汽车职业大学,,历史,485,53596,,,17,,,0,0
河北,2025,历史类,本科批,2551,西安思源学院,,历史,477,41275,,,30,,,0,0
河北,2025,历史类,本科批,2551,西安思源学院,,"历史,生物",501,49149,,,2,,,0,0
河北,2025,历史类,本科批,2552,西安外事学院,,历史,485,47300,,,42,,,0,0
河北,2025,历史类,本科批,2553,西安信息职业大学,,历史,485,56213,,,4,,,0,0
河北,2025,历史类,本科批,2555,西京学院,,历史,494,41275,,,13,,,0,0
河北,2025,历史类,本科批,2555,西京学院,,"历史,政治",504,46082,,,4,,,0,0
河北,2025,历史类,本科批,2558,厦门工学院,,历史,484,46711,,,15,,,0,0
河北,2025,历史类,本科批,256,重庆三峡学院,,历史,543,14284,,,9,,,0,0
河北,2025,历史类,本科批,2565,湘潭理工学院,,历史,497,48511,,,4,,,0,0
河北,2025,历史类,本科批,2570,新疆天山职业技术大学,,历史,488,43673,,,77,,,0,0
河北,2025,历史类,本科批,2574,信阳学院,,历史,531,31323,,,5,,,0,0
河北,2025,历史类,本科批,2579,烟台科技学院,,历史,506,38388,,,26,,,0,0
河北,2025,历史类,本科批,2580,烟台理工学院,,历史,504,35601,,,15,,,0,0
河北,2025,历史类,本科批,2581,烟台南山学院,,历史,498,44239,,,21,,,0,0
河北,2025,历史类,本科批,2583,燕京理工学院,,历史,477,46082,,,1967,,,0,0
河北,2025,历史类,本科批,2585,阳光学院,,历史,477,47300,,,6,,,0,0
河北,2025,历史类,本科批,2586,仰恩大学,,历史,495,52965,,,2,,,0,0
河北,2025,历史类,本科批,2587,银川科技学院,,历史,477,52965,,,82,,,0,0
河北,2025,历史类,本科批,2588,银川能源学院,,历史,478,58171,,,22,,,0,0
河北,2025,历史类,本科批,259,重庆师范大学,,历史,573,4745,,,20,,,0,0
河北,2025,历史类,本科批,259,重庆师范大学,,"历史,政治",604,5123,,,2,,,0,0
河北,2025,历史类,本科批,2592,岳阳学院,,历史,496,40076,,,10,,,0,0
河北,2025,历史类,本科批,2596,云南经济管理学院,,历史,483,50419,,,6,,,0,0
河北,2025,历史类,本科批,26,安徽农业大学,,历史,568,9573,,,8,,,0,0
河北,2025,历史类,本科批,2605,运城职业技术大学,,历史,506,32927,,,10,,,0,0
河北,2025,历史类,本科批,2607,张家界学院,,历史,492,40662,,,3,,,0,0
河北,2025,历史类,本科批,261,重庆文理学院,,历史,541,26772,,,3,,,0,0
河北,2025,历史类,本科批,261,重庆文理学院,,"历史,生物",529,32927,,,4,,,0,0
河北,2025,历史类,本科批,2610,浙江广厦建设职业技术大学,,历史,477,46711,,,32,,,0,0
河北,2025,历史类,本科批,2611,浙江树人学院,,历史,497,51705,,,3,,,0,0
河北,2025,历史类,本科批,2612,浙江越秀外国语学院,,历史,478,53596,,,20,,,0,0
河北,2025,历史类,本科批,2613,郑州财经学院,,历史,511,32927,,,28,,,0,0
河北,2025,历史类,本科批,2615,郑州工商学院,,历史,508,38958,,,95,,,0,0
河北,2025,历史类,本科批,2616,郑州工业应用技术学院,,历史,506,46082,,,8,,,0,0
河北,2025,历史类,本科批,2617,郑州经贸学院,,历史,510,38958,,,20,,,0,0
河北,2025,历史类,本科批,2618,郑州科技学院,,历史,508,38958,,,6,,,0,0
河北,2025,历史类,本科批,262,重庆文理学院,,历史,518,38958,,,9,,,0,0
河北,2025,历史类,本科批,2621,郑州商学院,,历史,508,36127,,,40,,,0,0
河北,2025,历史类,本科批,2622,郑州升达经贸管理学院,,历史,508,37257,,,16,,,0,0
河北,2025,历史类,本科批,2624,郑州西亚斯学院,,历史,512,38958,,,22,,,0,0
河北,2025,历史类,本科批,2627,中原科技学院,,历史,509,33954,,,20,,,0,0
河北,2025,历史类,本科批,2629,珠海科技学院,,历史,509,30243,,,18,,,0,0
河北,2025,历史类,本科批,266,重庆邮电大学,,历史,592,4170,,,4,,,0,0
河北,2025,历史类,本科批,267,重庆中医药学院,,历史,574,7696,,,10,,,0,0
河北,2025,历史类,本科批,269,滁州学院,,历史,530,15706,,,20,,,0,0
河北,2025,历史类,本科批,271,楚雄师范学院,,历史,515,40662,,,3,,,0,0
河北,2025,历史类,本科批,275,大理大学,,历史,552,11284,,,10,,,0,0
河北,2025,历史类,本科批,275,大理大学,,"历史,政治",572,13953,,,2,,,0,0
河北,2025,历史类,本科批,275,大理大学,,"历史,生物",537,28710,,,2,,,0,0
河北,2025,历史类,本科批,276,大连大学,,历史,527,6004,,,35,,,0,0
河北,2025,历史类,本科批,278,大连工业大学,,历史,545,12935,,,20,,,0,0
河北,2025,历史类,本科批,278,大连工业大学,,"历史,政治",552,13953,,,6,,,0,0
河北,2025,历史类,本科批,279,大连海事大学,,历史,614,1697,,,25,,,0,0
河北,2025,历史类,本科批,281,大连海洋大学,,历史,601,5759,,,2,,,0,0
河北,2025,历史类,本科批,283,大连交通大学,,历史,565,9573,,,5,,,0,0
河北,2025,历史类,本科批,285,大连理工大学,,历史,617,1884,,,46,,,0,0
河北,2025,历史类,本科批,288,大连民族大学,,历史,554,7453,,,25,,,0,0
河北,2025,历史类,本科批,290,大连外国语大学,,历史,570,8190,,,23,,,0,0
河北,2025,历史类,本科批,291,大连医科大学,,历史,609,4170,,,1,,,0,0
河北,2025,历史类,本科批,294,大庆师范学院,,历史,525,27769,,,6,,,0,0
河北,2025,历史类,本科批,30,安徽师范大学,,历史,557,6004,,,50,,,0,0
河北,2025,历史类,本科批,30,安徽师范大学,,"历史,地理",587,9299,,,2,,,0,0
河北,2025,历史类,本科批,30,安徽师范大学,,"历史,政治",591,8190,,,3,,,0,0
河北,2025,历史类,本科批,300,德州学院,,历史,563,17236,,,5,,,0,0
河北,2025,历史类,本科批,302,滇西科技师范学院,,历史,537,28710,,,2,,,0,0
河北,2025,历史类,本科批,303,滇西应用技术大学,,历史,500,16482,,,9,,,0,0
河北,2025,历史类,本科批,303,滇西应用技术大学,,"历史,政治",553,21243,,,2,,,0,0
河北,2025,历史类,本科批,303,滇西应用技术大学,,"历史,生物",531,31846,,,1,,,0,0
河北,2025,历史类,本科批,304,电子科技大学,,历史,623,1200,,,6,,,0,0
河北,2025,历史类,本科批,308,东北财经大学,,历史,572,1447,,,39,,,0,0
河北,2025,历史类,本科批,310,东北大学秦皇岛分校,,历史,615,1447,,,30,,,0,0
河北,2025,历史类,本科批,310,东北大学秦皇岛分校,,"历史,政治",618,2777,,,2,,,0,0
河北,2025,历史类,本科批,311,东北大学,,历史,620,2071,,,29,,,0,0
河北,2025,历史类,本科批,311,东北大学,,"历史,政治",628,1697,,,6,,,0,0
河北,2025,历史类,本科批,314,东北电力大学,,历史,554,14284,,,6,,,0,0
河北,2025,历史类,本科批,314,东北电力大学,,"历史,政治",582,10728,,,4,,,0,0
河北,2025,历史类,本科批,316,东北林业大学,,历史,603,2651,,,18,,,0,0
河北,2025,历史类,本科批,316,东北林业大学,,"历史,政治",609,3836,,,6,,,0,0
河北,2025,历史类,本科批,317,东北农业大学,,历史,585,2777,,,18,,,0,0
河北,2025,历史类,本科批,318,东北师范大学,,历史,586,1523,,,28,,,0,0
河北,2025,历史类,本科批,318,东北师范大学,,"历史,政治",616,2295,,,9,,,0,0
河北,2025,历史类,本科批,322,东北石油大学,,历史,559,7950,,,10,,,0,0
河北,2025,历史类,本科批,324,东华大学,,历史,617,2295,,,8,,,0,0
河北,2025,历史类,本科批,325,东华理工大学,,历史,551,12264,,,28,,,0,0
河北,2025,历史类,本科批,328,东南大学,,历史,631,833,,,43,,,0,0
河北,2025,历史类,本科批,329,东莞理工学院,,历史,554,14284,,,4,,,0,0
河北,2025,历史类,本科批,333,对外经济贸易大学,,历史,636,435,,,34,,,0,0
河北,2025,历史类,本科批,336,鄂尔多斯应用技术学院,,"历史,地理",523,36127,,,2,,,0,0
河北,2025,历史类,本科批,341,防灾科技学院,,历史,546,14990,,,58,,,0,0
河北,2025,历史类,本科批,342,福建技术师范学院,,历史,520,19202,,,14,,,0,0
河北,2025,历史类,本科批,343,福建江夏学院,,历史,540,13269,,,15,,,0,0
河北,2025,历史类,本科批,345,福建农林大学,,历史,516,8190,,,10,,,0,0
河北,2025,历史类,本科批,346,福建商学院,,历史,532,16100,,,17,,,0,0
河北,2025,历史类,本科批,347,福建商学院,,历史,418,107005,,,1,,,0,0
河北,2025,历史类,本科批,348,福建师范大学,,历史,539,14284,,,8,,,0,0
河北,2025,历史类,本科批,348,福建师范大学,,"历史,地理",594,7453,,,4,,,0,0
河北,2025,历史类,本科批,350,福建医科大学,,历史,564,16810,,,2,,,0,0
河北,2025,历史类,本科批,352,福州大学,,历史,609,3363,,,8,,,0,0
河北,2025,历史类,本科批,360,阜阳师范大学,,历史,553,11284,,,18,,,0,0
河北,2025,历史类,本科批,364,复旦大学,,历史,667,43,,,7,,,0,0
河北,2025,历史类,本科批,372,甘肃林业职业技术大学,,历史,512,42421,,,3,,,0,0
河北,2025,历史类,本科批,373,甘肃民族师范学院,,历史,522,36684,,,2,,,0,0
河北,2025,历史类,本科批,379,甘肃政法大学,,历史,552,6445,,,28,,,0,0
河北,2025,历史类,本科批,380,甘肃中医药大学,,历史,552,4350,,,6,,,0,0
河北,2025,历史类,本科批,381,赣东学院,,历史,539,24943,,,4,,,0,0
河北,2025,历史类,本科批,382,赣南科技学院,,历史,521,22095,,,8,,,0,0
河北,2025,历史类,本科批,383,赣南师范大学,,历史,539,9573,,,37,,,0,0
河北,2025,历史类,本科批,383,赣南师范大学,,"历史,政治",576,12601,,,2,,,0,0
河北,2025,历史类,本科批,387,广东财经大学,,历史,613,3521,,,2,,,0,0
河北,2025,历史类,本科批,392,广东工业大学,,历史,583,5759,,,10,,,0,0
河北,2025,历史类,本科批,394,广东技术师范大学,,历史,565,16482,,,2,,,0,0
河北,2025,历史类,本科批,397,广东金融学院,,历史,586,8746,,,4,,,0,0
河北,2025,历史类,本科批,40,安徽中医药大学,,历史,590,8451,,,1,,,0,0
河北,2025,历史类,本科批,41,安康学院,,历史,530,20836,,,14,,,0,0
河北,2025,历史类,本科批,41,安康学院,,"历史,政治",547,23983,,,2,,,0,0
河北,2025,历史类,本科批,410,广东外语外贸大学,,历史,592,2651,,,18,,,0,0
河北,2025,历史类,本科批,410,广东外语外贸大学,,"历史,政治",599,6241,,,2,,,0,0
河北,2025,历史类,本科批,416,广西财经学院,,历史,532,15706,,,12,,,0,0
河北,2025,历史类,本科批,421,广西警察学院,,历史,534,30243,,,3,,,0,0
河北,2025,历史类,本科批,422,广西科技大学,,历史,555,17236,,,6,,,0,0
河北,2025,历史类,本科批,423,广西科技师范学院,,历史,541,25427,,,4,,,0,0
河北,2025,历史类,本科批,424,广西民族大学,,历史,503,10128,,,13,,,0,0
河北,2025,历史类,本科批,424,广西民族大学,,"历史,政治",547,23983,,,2,,,0,0
河北,2025,历史类,本科批,425,广西民族大学,,历史,539,27769,,,2,,,0,0
河北,2025,历史类,本科批,426,广西民族师范学院,,历史,518,33954,,,21,,,0,0
河北,2025,历史类,本科批,428,广西师范大学,,历史,494,8451,,,25,,,0,0
河北,2025,历史类,本科批,43,安庆师范大学,,历史,548,12601,,,30,,,0,0
河北,2025,历史类,本科批,432,广西艺术学院,,历史,514,34483,,,11,,,0,0
河北,2025,历史类,本科批,434,广西中医药大学,,历史,601,5759,,,1,,,0,0
河北,2025,历史类,本科批,437,广州大学,,历史,590,4170,,,10,,,0,0
河北,2025,历史类,本科批,446,广州中医药大学,,历史,598,1349,,,6,,,0,0
河北,2025,历史类,本科批,446,广州中医药大学,,"历史,生物",569,9299,,,4,,,0,0
河北,2025,历史类,本科批,447,贵阳康养职业大学,,历史,518,23511,,,2,,,0,0
河北,2025,历史类,本科批,448,贵州财经大学,,历史,544,6701,,,9,,,0,0
河北,2025,历史类,本科批,45,安顺学院,,历史,521,30800,,,4,,,0,0
河北,2025,历史类,本科批,450,贵州大学,,历史,565,3051,,,27,,,0,0
河北,2025,历史类,本科批,450,贵州大学,,"历史,政治",605,4942,,,2,,,0,0
河北,2025,历史类,本科批,452,贵州工程应用技术学院,,历史,541,26772,,,2,,,0,0
河北,2025,历史类,本科批,452,贵州工程应用技术学院,,"历史,政治",534,30243,,,2,,,0,0
河北,2025,历史类,本科批,46,安阳工学院,,历史,530,30800,,,9,,,0,0
河北,2025,历史类,本科批,460,贵州民族大学,,"历史,政治",577,12264,,,2,,,0,0
河北,2025,历史类,本科批,460,贵州民族大学,,"历史,政治,地理",549,23040,,,2,,,0,0
河北,2025,历史类,本科批,461,贵州民族大学,,"历史,政治",537,28710,,,3,,,0,0
河北,2025,历史类,本科批,463,贵州商学院,,历史,530,23983,,,4,,,0,0
河北,2025,历史类,本科批,465,贵州师范大学,,历史,518,12264,,,31,,,0,0
河北,2025,历史类,本科批,465,贵州师范大学,,"历史,地理",567,15706,,,12,,,0,0
河北,2025,历史类,本科批,466,贵州师范学院,,历史,542,26359,,,2,,,0,0
河北,2025,历史类,本科批,47,安阳师范学院,,历史,534,13953,,,53,,,0,0
河北,2025,历史类,本科批,47,安阳师范学院,,"历史,政治",563,17236,,,4,,,0,0
河北,2025,历史类,本科批,470,贵州中医药大学,,历史,552,8190,,,4,,,0,0
河北,2025,历史类,本科批,471,桂林电子科技大学,,历史,550,7696,,,13,,,0,0
河北,2025,历史类,本科批,472,桂林航天工业学院,,历史,529,21668,,,12,,,0,0
河北,2025,历史类,本科批,473,桂林理工大学,,历史,551,13953,,,9,,,0,0
河北,2025,历史类,本科批,474,桂林旅游学院,,历史,481,59535,,,11,,,0,0
河北,2025,历史类,本科批,475,桂林师范学院,,历史,528,33434,,,3,,,0,0
河北,2025,历史类,本科批,476,桂林医科大学,,历史,511,43048,,,2,,,0,0
河北,2025,历史类,本科批,480,哈尔滨工程大学,,历史,613,2071,,,3,,,0,0
河北,2025,历史类,本科批,482,哈尔滨工业大学,,历史,637,1005,,,20,,,0,0
河北,2025,历史类,本科批,484,哈尔滨工业大学(深圳),,历史,622,876,,,16,,,0,0
河北,2025,历史类,本科批,485,哈尔滨工业大学(威海),,历史,629,1611,,,20,,,0,0
河北,2025,历史类,本科批,487,哈尔滨金融学院,,历史,540,24943,,,4,,,0,0
河北,2025,历史类,本科批,491,哈尔滨商业大学,,历史,552,5546,,,30,,,0,0
河北,2025,历史类,本科批,492,哈尔滨师范大学,,历史,546,8190,,,33,,,0,0
河北,2025,历史类,本科批,492,哈尔滨师范大学,,"历史,政治",587,9299,,,6,,,0,0
河北,2025,历史类,本科批,493,哈尔滨体育学院,,历史,526,28710,,,5,,,0,0
河北,2025,历史类,本科批,495,哈尔滨学院,,历史,536,15706,,,4,,,0,0
河北,2025,历史类,本科批,495,哈尔滨学院,,"历史,地理",554,20836,,,1,,,0,0
河北,2025,历史类,本科批,496,哈尔滨医科大学,,"历史,生物",579,11592,,,2,,,0,0
河北,2025,历史类,本科批,498,哈尔滨音乐学院,,历史,520,37811,,,3,,,0,0
河北,2025,历史类,本科批,5,安徽财经大学,,历史,557,4170,,,37,,,0,0
河北,2025,历史类,本科批,50,鞍山师范学院,,历史,529,28710,,,6,,,0,0
河北,2025,历史类,本科批,50,鞍山师范学院,,"历史,政治",549,23040,,,2,,,0,0
河北,2025,历史类,本科批,500,哈尔滨职业技术大学,,历史,519,38388,,,5,,,0,0
河北,2025,历史类,本科批,504,海南大学,,历史,561,2071,,,35,,,0,0
河北,2025,历史类,本科批,504,海南大学,,"历史,地理",583,10447,,,3,,,0,0
河北,2025,历史类,本科批,504,海南大学,,"历史,政治",608,4350,,,2,,,0,0
河北,2025,历史类,本科批,506,海南热带海洋学院,,历史,479,20836,,,25,,,0,0
河北,2025,历史类,本科批,506,海南热带海洋学院,,"历史,政治",532,27280,,,5,,,0,0
河北,2025,历史类,本科批,508,海南师范大学,,历史,551,6980,,,51,,,0,0
河北,2025,历史类,本科批,508,海南师范大学,,"历史,地理",568,14639,,,5,,,0,0
河北,2025,历史类,本科批,508,海南师范大学,,"历史,政治",560,12264,,,10,,,0,0
河北,2025,历史类,本科批,509,海南师范大学,,历史,502,25427,,,6,,,0,0
河北,2025,历史类,本科批,515,邯郸学院,,历史,518,23511,,,522,,,0,0
河北,2025,历史类,本科批,515,邯郸学院,,"历史,地理",532,29738,,,36,,,0,0
河北,2025,历史类,本科批,515,邯郸学院,,"历史,政治",540,27280,,,72,,,0,0
河北,2025,历史类,本科批,519,韩山师范学院,,历史,539,25909,,,3,,,0,0
河北,2025,历史类,本科批,519,韩山师范学院,,"历史,地理",543,25909,,,1,,,0,0
河北,2025,历史类,本科批,520,汉江师范学院,,历史,542,26359,,,3,,,0,0
河北,2025,历史类,本科批,522,杭州电子科技大学,,历史,592,4008,,,26,,,0,0
河北,2025,历史类,本科批,523,杭州师范大学,,历史,578,9855,,,6,,,0,0
河北,2025,历史类,本科批,527,合肥大学,,历史,535,9573,,,18,,,0,0
河北,2025,历史类,本科批,528,合肥工业大学,,历史,609,4170,,,5,,,0,0
河北,2025,历史类,本科批,528,合肥工业大学,,"历史,政治",617,2410,,,7,,,0,0
河北,2025,历史类,本科批,53,白城师范学院,,历史,525,23983,,,33,,,0,0
河北,2025,历史类,本科批,53,白城师范学院,,"历史,地理",536,29242,,,4,,,0,0
河北,2025,历史类,本科批,53,白城师范学院,,"历史,政治",540,27280,,,10,,,0,0
河北,2025,历史类,本科批,530,合肥工业大学,,历史,606,4745,,,6,,,0,0
河北,2025,历史类,本科批,530,合肥工业大学,,"历史,政治",607,4558,,,8,,,0,0
河北,2025,历史类,本科批,533,合肥师范学院,,历史,539,15706,,,24,,,0,0
河北,2025,历史类,本科批,533,合肥师范学院,,"历史,政治",564,16810,,,6,,,0,0
河北,2025,历史类,本科批,537,河北北方学院,,历史,511,17236,,,762,,,0,0
河北,2025,历史类,本科批,537,河北北方学院,,"历史,政治",545,24943,,,40,,,0,0
河北,2025,历史类,本科批,539,河北大学,,历史,520,4170,,,668,,,0,0
河北,2025,历史类,本科批,539,河北大学,,"历史,生物",562,17629,,,5,,,0,0
河北,2025,历史类,本科批,540,河北大学,,历史,502,23511,,,61,,,0,0
河北,2025,历史类,本科批,541,河北大学,,历史,563,7228,,,131,,,0,0
河北,2025,历史类,本科批,542,河北大学,,历史,551,16482,,,170,,,0,0
河北,2025,历史类,本科批,545,河北大学,,历史,562,17629,,,25,,,0,0
河北,2025,历史类,本科批,546,河北地质大学,,历史,534,11284,,,307,,,0,0
河北,2025,历史类,本科批,547,河北地质大学,,历史,555,17629,,,42,,,0,0
河北,2025,历史类,本科批,550,河北工程大学,,历史,563,8746,,,71,,,0,0
河北,2025,历史类,本科批,552,河北工程大学,,历史,557,8451,,,126,,,0,0
河北,2025,历史类,本科批,552,河北工程大学,,"历史,生物",538,28223,,,52,,,0,0
河北,2025,历史类,本科批,554,河北工业大学,,历史,600,2651,,,49,,,0,0
河北,2025,历史类,本科批,554,河北工业大学,,"历史,政治",609,4170,,,23,,,0,0
河北,2025,历史类,本科批,557,河北工业大学,,历史,589,8746,,,15,,,0,0
河北,2025,历史类,本科批,558,河北工业大学,,历史,603,2181,,,82,,,0,0
河北,2025,历史类,本科批,558,河北工业大学,,"历史,政治",616,3051,,,12,,,0,0
河北,2025,历史类,本科批,561,河北工业职业技术大学,,历史,516,31323,,,340,,,0,0
河北,2025,历史类,本科批,567,河北环境工程学院,,历史,517,32927,,,348,,,0,0
河北,2025,历史类,本科批,567,河北环境工程学院,,"历史,生物",511,43048,,,41,,,0,0
河北,2025,历史类,本科批,57,百色学院,,历史,516,30800,,,14,,,0,0
河北,2025,历史类,本科批,57,百色学院,,"历史,政治",535,29738,,,2,,,0,0
河北,2025,历史类,本科批,570,河北建筑工程学院,,历史,516,33434,,,80,,,0,0
河北,2025,历史类,本科批,572,河北金融学院,,历史,477,64257,,,70,,,0,0
河北,2025,历史类,本科批,573,河北金融学院,,历史,532,12935,,,885,,,0,0
河北,2025,历史类,本科批,574,河北经贸大学,,历史,524,7453,,,1352,,,0,0
河北,2025,历史类,本科批,575,河北经贸大学,,历史,554,7453,,,81,,,0,0
河北,2025,历史类,本科批,576,河北经贸大学,,历史,563,17236,,,70,,,0,0
河北,2025,历史类,本科批,578,河北经贸大学,,历史,548,23511,,,28,,,0,0
河北,2025,历史类,本科批,579,河北科技大学,,历史,554,9033,,,242,,,0,0
河北,2025,历史类,本科批,580,河北科技大学,,历史,552,11023,,,65,,,0,0
河北,2025,历史类,本科批,582,河北科技大学,,历史,546,24485,,,10,,,0,0
河北,2025,历史类,本科批,583,河北科技工程职业技术大学,,历史,512,34483,,,600,,,0,0
河北,2025,历史类,本科批,584,河北科技师范学院,,历史,525,13953,,,581,,,0,0
河北,2025,历史类,本科批,587,河北民族师范学院,,历史,520,21243,,,414,,,0,0
河北,2025,历史类,本科批,587,河北民族师范学院,,"历史,地理",533,30800,,,50,,,0,0
河北,2025,历史类,本科批,587,河北民族师范学院,,"历史,政治",542,26359,,,60,,,0,0
河北,2025,历史类,本科批,588,河北民族师范学院,,历史,510,43673,,,35,,,0,0
河北,2025,历史类,本科批,591,河北农业大学,,历史,551,9573,,,861,,,0,0
河北,2025,历史类,本科批,591,河北农业大学,,"历史,生物",541,26772,,,42,,,0,0
河北,2025,历史类,本科批,592,河北农业大学,,历史,552,10728,,,139,,,0,0
河北,2025,历史类,本科批,595,河北农业大学,,历史,545,24943,,,25,,,0,0
河北,2025,历史类,本科批,600,河北师范大学,,历史,514,7453,,,1299,,,0,0
河北,2025,历史类,本科批,600,河北师范大学,,"历史,地理",576,10447,,,109,,,0,0
河北,2025,历史类,本科批,600,河北师范大学,,"历史,政治",579,5338,,,221,,,0,0
河北,2025,历史类,本科批,601,河北师范大学,,历史,559,6980,,,71,,,0,0
河北,2025,历史类,本科批,601,河北师范大学,,"历史,地理",585,9855,,,5,,,0,0
河北,2025,历史类,本科批,601,河北师范大学,,"历史,政治",593,6004,,,9,,,0,0
河北,2025,历史类,本科批,604,河北师范大学,,历史,557,19607,,,30,,,0,0
河北,2025,历史类,本科批,606,河北石油职业技术大学,,历史,516,33434,,,107,,,0,0
河北,2025,历史类,本科批,607,河北水利电力学院,,历史,519,26359,,,255,,,0,0
河北,2025,历史类,本科批,609,河北体育学院,,历史,516,37257,,,30,,,0,0
河北,2025,历史类,本科批,610,河北医科大学,,历史,567,15706,,,15,,,0,0
河北,2025,历史类,本科批,610,河北医科大学,,"历史,生物",560,18388,,,31,,,0,0
河北,2025,历史类,本科批,611,河北医科大学,,"历史,生物",535,29738,,,38,,,0,0
河北,2025,历史类,本科批,617,河北中医药大学,,历史,554,3836,,,89,,,0,0
河北,2025,历史类,本科批,617,河北中医药大学,,"历史,生物",536,28710,,,61,,,0,0
河北,2025,历史类,本科批,618,河北中医药大学,,历史,570,8746,,,28,,,0,0
河北,2025,历史类,本科批,622,河池学院,,历史,517,35601,,,13,,,0,0
河北,2025,历史类,本科批,622,河池学院,,"历史,政治",533,30800,,,4,,,0,0
河北,2025,历史类,本科批,623,河海大学,,历史,612,1697,,,21,,,0,0
河北,2025,历史类,本科批,623,河海大学,,"历史,政治",623,2181,,,2,,,0,0
河北,2025,历史类,本科批,625,河南财经政法大学,,历史,570,4170,,,18,,,0,0
河北,2025,历史类,本科批,626,河南财政金融学院,,历史,545,13269,,,27,,,0,0
河北,2025,历史类,本科批,628,河南城建学院,,历史,517,23983,,,20,,,0,0
河北,2025,历史类,本科批,629,河南大学,,历史,582,3051,,,57,,,0,0
河北,2025,历史类,本科批,629,河南大学,,"历史,地理",602,5546,,,9,,,0,0
河北,2025,历史类,本科批,629,河南大学,,"历史,政治",607,4558,,,5,,,0,0
河北,2025,历史类,本科批,631,河南工程学院,,历史,546,14639,,,10,,,0,0
河北,2025,历史类,本科批,631,河南工程学院,,"历史,政治",547,18763,,,3,,,0,0
河北,2025,历史类,本科批,633,河南工业大学,,历史,569,6241,,,17,,,0,0
河北,2025,历史类,本科批,64,宝鸡文理学院,,历史,533,14284,,,16,,,0,0
河北,2025,历史类,本科批,64,宝鸡文理学院,,"历史,政治",563,17236,,,2,,,0,0
河北,2025,历史类,本科批,641,河南科技大学,,历史,550,10447,,,23,,,0,0
河北,2025,历史类,本科批,641,河南科技大学,,"历史,政治",581,11023,,,3,,,0,0
河北,2025,历史类,本科批,642,河南科技学院,,历史,530,27769,,,5,,,0,0
河北,2025,历史类,本科批,643,河南理工大学,,历史,562,7453,,,13,,,0,0
河北,2025,历史类,本科批,644,河南牧业经济学院,,历史,521,19202,,,30,,,0,0
河北,2025,历史类,本科批,645,河南农业大学,,历史,551,7950,,,28,,,0,0
河北,2025,历史类,本科批,648,河南师范大学,,历史,552,7228,,,20,,,0,0
河北,2025,历史类,本科批,648,河南师范大学,,"历史,政治",580,9299,,,10,,,0,0
河北,2025,历史类,本科批,649,河南师范大学,,历史,544,25427,,,5,,,0,0
河北,2025,历史类,本科批,657,河南中医药大学,,历史,555,17236,,,3,,,0,0
河北,2025,历史类,本科批,657,河南中医药大学,,"历史,生物",559,18763,,,1,,,0,0
河北,2025,历史类,本科批,658,河西学院,,历史,517,23040,,,8,,,0,0
河北,2025,历史类,本科批,661,菏泽学院,,历史,543,24485,,,2,,,0,0
河北,2025,历史类,本科批,668,黑河学院,,历史,516,29738,,,14,,,0,0
河北,2025,历史类,本科批,669,黑河学院,,历史,361,136545,,,6,,,0,0
河北,2025,历史类,本科批,67,保定学院,,历史,519,20836,,,827,,,0,0
河北,2025,历史类,本科批,67,保定学院,,"历史,地理",530,29242,,,125,,,0,0
河北,2025,历史类,本科批,67,保定学院,,"历史,政治",547,23983,,,80,,,0,0
河北,2025,历史类,本科批,670,黑龙江八一农垦大学,,历史,548,15706,,,9,,,0,0
河北,2025,历史类,本科批,670,黑龙江八一农垦大学,,"历史,生物",535,29738,,,2,,,0,0
河北,2025,历史类,本科批,672,黑龙江大学,,历史,554,8746,,,18,,,0,0
河北,2025,历史类,本科批,673,黑龙江工程学院,,历史,536,21243,,,4,,,0,0
河北,2025,历史类,本科批,674,黑龙江工业学院,,历史,521,28223,,,17,,,0,0
河北,2025,历史类,本科批,678,黑龙江科技大学,,历史,549,11592,,,25,,,0,0
河北,2025,历史类,本科批,678,黑龙江科技大学,,"历史,政治",574,13269,,,2,,,0,0
河北,2025,历史类,本科批,68,保定学院,,历史,515,40662,,,25,,,0,0
河北,2025,历史类,本科批,693,黑龙江中医药大学,,历史,564,4745,,,8,,,0,0
河北,2025,历史类,本科批,693,黑龙江中医药大学,,"历史,生物",550,22582,,,4,,,0,0
河北,2025,历史类,本科批,695,衡水学院,,历史,514,25909,,,510,,,0,0
河北,2025,历史类,本科批,695,衡水学院,,"历史,政治",528,29242,,,118,,,0,0
河北,2025,历史类,本科批,695,衡水学院,,"历史,生物",513,41828,,,20,,,0,0
河北,2025,历史类,本科批,701,衡阳师范学院,,历史,541,12935,,,11,,,0,0
河北,2025,历史类,本科批,701,衡阳师范学院,,"历史,政治",568,15333,,,1,,,0,0
河北,2025,历史类,本科批,703,红河学院,,历史,522,31846,,,5,,,0,0
河北,2025,历史类,本科批,704,呼和浩特民族学院,,历史,533,23983,,,12,,,0,0
河北,2025,历史类,本科批,707,呼伦贝尔学院,,历史,527,27280,,,10,,,0,0
河北,2025,历史类,本科批,707,呼伦贝尔学院,,"历史,地理",533,30800,,,5,,,0,0
河北,2025,历史类,本科批,708,呼伦贝尔学院,,历史,366,148854,,,2,,,0,0
河北,2025,历史类,本科批,712,湖北大学,,历史,599,3215,,,4,,,0,0
河北,2025,历史类,本科批,713,湖北第二师范学院,,历史,551,14639,,,4,,,0,0
河北,2025,历史类,本科批,713,湖北第二师范学院,,"历史,政治",557,14639,,,5,,,0,0
河北,2025,历史类,本科批,716,湖北工业大学,,历史,589,6701,,,16,,,0,0
河北,2025,历史类,本科批,72,北方工业大学,,历史,589,3051,,,16,,,0,0
河北,2025,历史类,本科批,722,湖北经济学院,,历史,510,7950,,,9,,,0,0
河北,2025,历史类,本科批,725,湖北理工学院,,历史,546,20836,,,8,,,0,0
河北,2025,历史类,本科批,727,湖北民族大学,,历史,548,12264,,,11,,,0,0
河北,2025,历史类,本科批,727,湖北民族大学,,"历史,政治",569,14990,,,2,,,0,0
河北,2025,历史类,本科批,728,湖北汽车工业学院,,历史,527,33954,,,2,,,0,0
河北,2025,历史类,本科批,733,湖北师范大学,,历史,566,7228,,,3,,,0,0
河北,2025,历史类,本科批,733,湖北师范大学,,"历史,地理",579,11592,,,1,,,0,0
河北,2025,历史类,本科批,737,湖北文理学院,,历史,521,37257,,,3,,,0,0
河北,2025,历史类,本科批,74,北方民族大学,,历史,548,12601,,,21,,,0,0
河北,2025,历史类,本科批,74,北方民族大学,,"历史,政治",571,14284,,,1,,,0,0
河北,2025,历史类,本科批,741,湖北中医药大学,,历史,557,4745,,,13,,,0,0
河北,2025,历史类,本科批,745,湖南财政经济学院,,历史,546,12601,,,16,,,0,0
河北,2025,历史类,本科批,747,湖南城市学院,,历史,539,19607,,,14,,,0,0
河北,2025,历史类,本科批,748,湖南大学,,历史,629,594,,,23,,,0,0
河北,2025,历史类,本科批,753,湖南工程学院,,历史,537,23040,,,11,,,0,0
河北,2025,历史类,本科批,755,湖南工商大学,,历史,566,4350,,,4,,,0,0
河北,2025,历史类,本科批,757,湖南工业大学,,历史,554,6241,,,26,,,0,0
河北,2025,历史类,本科批,76,北华大学,,历史,553,8451,,,28,,,0,0
河北,2025,历史类,本科批,76,北华大学,,"历史,政治",579,11592,,,2,,,0,0
河北,2025,历史类,本科批,763,湖南科技大学,,历史,558,5759,,,35,,,0,0
河北,2025,历史类,本科批,763,湖南科技大学,,"历史,地理",578,11284,,,4,,,0,0
河北,2025,历史类,本科批,763,湖南科技大学,,"历史,政治",604,5123,,,1,,,0,0
河北,2025,历史类,本科批,764,湖南科技学院,,历史,522,19607,,,16,,,0,0
河北,2025,历史类,本科批,765,湖南理工学院,,历史,542,14639,,,29,,,0,0
河北,2025,历史类,本科批,766,湖南农业大学,,历史,554,8190,,,34,,,0,0
河北,2025,历史类,本科批,767,湖南女子学院,,历史,528,23040,,,19,,,0,0
河北,2025,历史类,本科批,77,北华航天工业学院,,历史,538,16482,,,147,,,0,0
河北,2025,历史类,本科批,770,湖南人文科技学院,,历史,550,18763,,,8,,,0,0
河北,2025,历史类,本科批,772,湖南师范大学,,历史,596,1697,,,60,,,0,0
河北,2025,历史类,本科批,772,湖南师范大学,,"历史,政治",614,2410,,,8,,,0,0
河北,2025,历史类,本科批,773,湖南师范大学,,历史,600,5338,,,2,,,0,0
河北,2025,历史类,本科批,779,湖南文理学院,,历史,543,15706,,,11,,,0,0
河北,2025,历史类,本科批,783,湖南中医药大学,,历史,554,3521,,,22,,,0,0
河北,2025,历史类,本科批,784,湖州师范学院,,历史,546,21668,,,7,,,0,0
河北,2025,历史类,本科批,785,湖州学院,,历史,547,16482,,,11,,,0,0
河北,2025,历史类,本科批,787,华北电力大学(保定),,历史,608,2295,,,22,,,0,0
河北,2025,历史类,本科批,789,华北电力大学(北京),,历史,618,1447,,,7,,,0,0
河北,2025,历史类,本科批,79,北京大学,,历史,671,43,,,22,,,0,0
河北,2025,历史类,本科批,792,华北科技学院,,历史,543,12601,,,77,,,0,0
河北,2025,历史类,本科批,793,华北理工大学,,历史,548,12601,,,171,,,0,0
河北,2025,历史类,本科批,793,华北理工大学,,"历史,生物",555,16810,,,10,,,0,0
河北,2025,历史类,本科批,796,华北理工大学,,历史,544,25427,,,13,,,0,0
河北,2025,历史类,本科批,797,华北理工大学,,历史,553,11284,,,266,,,0,0
河北,2025,历史类,本科批,797,华北理工大学,,"历史,生物",568,13269,,,18,,,0,0
河北,2025,历史类,本科批,798,华北水利水电大学,,历史,563,9033,,,14,,,0,0
河北,2025,历史类,本科批,799,华东交通大学,,历史,574,6241,,,16,,,0,0
河北,2025,历史类,本科批,8,安徽大学,,历史,612,1884,,,41,,,0,0
河北,2025,历史类,本科批,800,华东理工大学,,历史,611,1611,,,24,,,0,0
河北,2025,历史类,本科批,802,华东师范大学,,历史,635,378,,,18,,,0,0
河北,2025,历史类,本科批,807,华东政法大学,,历史,616,679,,,13,,,0,0
河北,2025,历史类,本科批,807,华东政法大学,,"历史,政治",622,2295,,,2,,,0,0
河北,2025,历史类,本科批,808,华南理工大学,,历史,622,679,,,21,,,0,0
河北,2025,历史类,本科批,81,北京大学医学部,,历史,666,86,,,2,,,0,0
河北,2025,历史类,本科批,812,华南师范大学,,历史,602,2071,,,38,,,0,0
河北,2025,历史类,本科批,813,华侨大学,,历史,566,4008,,,49,,,0,0
河北,2025,历史类,本科批,814,华中科技大学,,历史,626,679,,,34,,,0,0
河北,2025,历史类,本科批,817,华中农业大学,,历史,594,2071,,,45,,,0,0
河北,2025,历史类,本科批,820,华中师范大学,,历史,616,1075,,,22,,,0,0
河北,2025,历史类,本科批,820,华中师范大学,,"历史,地理",627,1789,,,2,,,0,0
河北,2025,历史类,本科批,820,华中师范大学,,"历史,政治",623,1789,,,10,,,0,0
河北,2025,历史类,本科批,822,怀化学院,,历史,530,18763,,,18,,,0,0
河北,2025,历史类,本科批,822,怀化学院,,"历史,政治",550,22582,,,2,,,0,0
河北,2025,历史类,本科批,824,淮北师范大学,,历史,548,11023,,,18,,,0,0
河北,2025,历史类,本科批,824,淮北师范大学,,"历史,政治",586,8190,,,4,,,0,0
河北,2025,历史类,本科批,824,淮北师范大学,,"历史,政治,地理",562,8746,,,10,,,0,0
河北,2025,历史类,本科批,83,北京第二外国语学院,,历史,599,3521,,,14,,,0,0
河北,2025,历史类,本科批,83,北京第二外国语学院,,"历史,地理",600,6004,,,1,,,0,0
河北,2025,历史类,本科批,83,北京第二外国语学院,,"历史,政治",605,4942,,,6,,,0,0
河北,2025,历史类,本科批,830,淮阴师范学院,,历史,522,13953,,,30,,,0,0
河北,2025,历史类,本科批,831,黄冈师范学院,,历史,529,14284,,,12,,,0,0
河北,2025,历史类,本科批,831,黄冈师范学院,,"历史,政治",558,19202,,,3,,,0,0
河北,2025,历史类,本科批,833,黄淮学院,,历史,533,21243,,,15,,,0,0
河北,2025,历史类,本科批,834,黄山学院,,历史,524,35601,,,5,,,0,0
河北,2025,历史类,本科批,839,惠州学院,,历史,540,27280,,,2,,,0,0
河北,2025,历史类,本科批,84,北京电影学院,,历史,597,3521,,,10,,,0,0
河北,2025,历史类,本科批,842,吉林财经大学,,历史,547,5338,,,38,,,0,0
河北,2025,历史类,本科批,843,吉林大学,,历史,623,309,,,49,,,0,0
河北,2025,历史类,本科批,843,吉林大学,,"历史,政治",627,1789,,,5,,,0,0
河北,2025,历史类,本科批,846,吉林工程技术师范学院,,历史,520,25427,,,40,,,0,0
河北,2025,历史类,本科批,848,吉林工商学院,,历史,523,17236,,,65,,,0,0
河北,2025,历史类,本科批,851,吉林建筑大学,,历史,510,21668,,,5,,,0,0
河北,2025,历史类,本科批,853,吉林警察学院,,历史,517,13600,,,12,,,0,0
河北,2025,历史类,本科批,854,吉林农业大学,,历史,558,15333,,,16,,,0,0
河北,2025,历史类,本科批,854,吉林农业大学,,"历史,政治",574,13269,,,4,,,0,0
河北,2025,历史类,本科批,855,吉林农业科技学院,,历史,516,29242,,,17,,,0,0
河北,2025,历史类,本科批,856,吉林师范大学,,历史,526,8746,,,56,,,0,0
河北,2025,历史类,本科批,856,吉林师范大学,,"历史,地理",577,12264,,,3,,,0,0
河北,2025,历史类,本科批,856,吉林师范大学,,"历史,政治",586,9573,,,5,,,0,0
河北,2025,历史类,本科批,857,吉林师范大学,,历史,543,25909,,,8,,,0,0
河北,2025,历史类,本科批,860,吉林体育学院,,历史,517,39505,,,14,,,0,0
河北,2025,历史类,本科批,862,吉林医药学院,,历史,534,25909,,,4,,,0,0
河北,2025,历史类,本科批,864,吉林艺术学院,,历史,512,36684,,,3,,,0,0
河北,2025,历史类,本科批,865,吉首大学,,历史,551,10728,,,15,,,0,0
河北,2025,历史类,本科批,865,吉首大学,,"历史,地理",569,14990,,,4,,,0,0
河北,2025,历史类,本科批,865,吉首大学,,"历史,政治",559,9855,,,12,,,0,0
河北,2025,历史类,本科批,867,集美大学,,历史,572,3660,,,20,,,0,0
河北,2025,历史类,本科批,868,集宁师范学院,,历史,526,34483,,,4,,,0,0
河北,2025,历史类,本科批,868,集宁师范学院,,"历史,地理",522,36684,,,7,,,0,0
河北,2025,历史类,本科批,868,集宁师范学院,,"历史,政治",530,25909,,,7,,,0,0
河北,2025,历史类,本科批,869,济南大学,,历史,565,4745,,,38,,,0,0
河北,2025,历史类,本科批,869,济南大学,,"历史,政治",602,5546,,,4,,,0,0
河北,2025,历史类,本科批,87,北京服装学院,,历史,574,12264,,,4,,,0,0
河北,2025,历史类,本科批,873,济宁学院,,历史,554,20836,,,5,,,0,0
河北,2025,历史类,本科批,877,暨南大学,,历史,609,1447,,,35,,,0,0
河北,2025,历史类,本科批,88,北京工商大学,,历史,602,5546,,,5,,,0,0
河北,2025,历史类,本科批,880,佳木斯大学,,历史,556,19979,,,4,,,0,0
河北,2025,历史类,本科批,880,佳木斯大学,,"历史,政治",559,18763,,,10,,,0,0
河北,2025,历史类,本科批,882,嘉兴大学,,历史,562,7228,,,15,,,0,0
河北,2025,历史类,本科批,883,嘉兴南湖学院,,历史,555,18388,,,2,,,0,0
河北,2025,历史类,本科批,889,江南大学,,历史,615,1884,,,17,,,0,0
河北,2025,历史类,本科批,889,江南大学,,"历史,政治",618,2777,,,3,,,0,0
河北,2025,历史类,本科批,896,江苏大学,,历史,608,2651,,,5,,,0,0
河北,2025,历史类,本科批,897,江苏第二师范学院,,历史,551,14990,,,4,,,0,0
河北,2025,历史类,本科批,902,江苏海洋大学,,历史,558,12601,,,16,,,0,0
河北,2025,历史类,本科批,909,江苏科技大学,,历史,565,4942,,,9,,,0,0
河北,2025,历史类,本科批,910,江苏理工学院,,历史,570,13953,,,9,,,0,0
河北,2025,历史类,本科批,914,江苏师范大学,,历史,589,4008,,,10,,,0,0
河北,2025,历史类,本科批,914,江苏师范大学,,"历史,地理",600,6004,,,2,,,0,0
河北,2025,历史类,本科批,919,江西财经大学,,历史,589,2651,,,30,,,0,0
河北,2025,历史类,本科批,92,北京航空航天大学,,历史,650,409,,,11,,,0,0
河北,2025,历史类,本科批,922,江西飞行学院,,历史,525,22582,,,4,,,0,0
河北,2025,历史类,本科批,930,江西科技师范大学,,历史,543,10128,,,15,,,0,0
河北,2025,历史类,本科批,930,江西科技师范大学,,"历史,政治",582,10728,,,2,,,0,0
河北,2025,历史类,本科批,931,江西理工大学,,历史,554,8746,,,21,,,0,0
河北,2025,历史类,本科批,932,江西农业大学,,历史,562,13600,,,8,,,0,0
河北,2025,历史类,本科批,936,江西师范大学,,历史,510,5759,,,94,,,0,0
河北,2025,历史类,本科批,936,江西师范大学,,"历史,地理",578,11905,,,8,,,0,0
河北,2025,历史类,本科批,936,江西师范大学,,"历史,政治",592,7950,,,5,,,0,0
河北,2025,历史类,本科批,937,江西师范大学,,历史,551,22095,,,3,,,0,0
河北,2025,历史类,本科批,939,江西水利电力大学,,历史,546,11905,,,22,,,0,0
河北,2025,历史类,本科批,95,北京化工大学,,历史,618,1697,,,24,,,0,0
河北,2025,历史类,本科批,954,江西中医药大学,,历史,547,5546,,,8,,,0,0
河北,2025,历史类,本科批,954,江西中医药大学,,"历史,生物",551,22095,,,4,,,0,0
河北,2025,历史类,本科批,957,金华职业技术大学,,历史,525,23983,,,9,,,0,0
河北,2025,历史类,本科批,958,金陵科技学院,,历史,566,14284,,,4,,,0,0
河北,2025,历史类,本科批,962,晋中学院,,历史,536,28223,,,4,,,0,0
河北,2025,历史类,本科批,963,荆楚理工学院,,历史,536,29242,,,2,,,0,0
河北,2025,历史类,本科批,967,井冈山大学,,历史,546,11905,,,19,,,0,0
河北,2025,历史类,本科批,967,井冈山大学,,"历史,政治",561,12935,,,6,,,0,0
河北,2025,历史类,本科批,968,景德镇陶瓷大学,,历史,551,8746,,,13,,,0,0
河北,2025,历史类,本科批,969,景德镇学院,,历史,525,27280,,,9,,,0,0
河北,2025,历史类,本科批,969,景德镇学院,,"历史,政治",546,24485,,,3,,,0,0
河北,2025,历史类,本科批,970,九江学院,,历史,515,16810,,,26,,,0,0
河北,2025,历史类,本科批,973,喀什大学,,历史,520,20401,,,55,,,0,0
河北,2025,历史类,本科批,973,喀什大学,,"历史,地理",539,27769,,,2,,,0,0
河北,2025,历史类,本科批,973,喀什大学,,"历史,政治",549,23040,,,3,,,0,0
河北,2025,历史类,本科批,98,北京交通大学,,历史,617,1262,,,16,,,0,0
河北,2025,历史类,本科批,982,昆明理工大学,,历史,562,6980,,,11,,,0,0
河北,2025,历史类,本科批,982,昆明理工大学,,"历史,地理",557,19607,,,2,,,0,0
河北,2025,历史类,本科批,983,昆明学院,,历史,529,16810,,,7,,,0,0
河北,2025,历史类,本科批,983,昆明学院,,"历史,政治",557,19607,,,2,,,0,0
河北,2025,历史类,本科批,989,兰州财经大学,,历史,542,9573,,,29,,,0,0
河北,2025,历史类,本科批,990,兰州财经大学,,历史,369,120421,,,12,,,0,0
河北,2025,历史类,本科批,991,兰州城市学院,,"历史,地理",534,28223,,,9,,,0,0
河北,2025,历史类,本科批,991,兰州城市学院,,"历史,政治",549,23040,,,2,,,0,0
河北,2025,历史类,本科批,992,兰州大学,,历史,625,1125,,,15,,,0,0
河北,2025,历史类,本科批,992,兰州大学,,"历史,政治",626,1884,,,7,,,0,0
河北,2025,历史类,本科批,997,兰州交通大学,,历史,560,9033,,,16,,,0,0
河北,2025,历史类,本科批,998,兰州交通大学,,历史,389,129959,,,2,,,0,0
河北,2025,历史类,本科批,999,兰州理工大学,,历史,546,8746,,,19,,,0,0
河北,2025,历史类,本科提前批A段,1372,上海海关学院,,历史,635,876,,,3,,,0,0
河北,2025,历史类,本科提前批A段,1474,四川外国语大学,,历史,576,6445,,,10,,,0,0
河北,2025,历史类,本科提前批A段,1548,天津师范大学,,"历史,政治",602,5546,,,5,,,0,0
河北,2025,历史类,本科提前批A段,1888,中国传媒大学,,历史,611,3660,,,4,,,0,0
河北,2025,历史类,本科提前批A段,1895,中国海洋大学,,历史,615,2906,,,6,,,0,0
河北,2025,历史类,本科提前批A段,1917,中国人民公安大学,,"历史,政治",611,86,,,39,,,0,0
河北,2025,历史类,本科提前批A段,1930,中国消防救援学院,,"历史,政治",587,5759,,,2,,,0,0
河北,2025,历史类,本科提前批A段,1931,中国刑事警察学院,,"历史,政治",605,4942,,,2,,,0,0
河北,2025,历史类,本科提前批A段,1932,中国刑事警察学院,,"历史,政治",617,512,,,39,,,0,0
河北,2025,历史类,本科提前批A段,30,安徽师范大学,,"历史,政治",582,10728,,,4,,,0,0
河北,2025,历史类,本科提前批A段,820,华中师范大学,,历史,608,4350,,,1,,,0,0
河北,2025,历史类,本科提前批A段,843,吉林大学,,"历史,政治",630,1523,,,4,,,0,0
河北,2025,历史类,本科提前批B段,1077,闽南师范大学,,历史,584,10128,,,3,,,0,0
河北,2025,历史类,本科提前批B段,1094,南京大学,,历史,649,378,,,9,,,0,0
河北,2025,历史类,本科提前批B段,1114,南京师范大学,,"历史,政治",622,2295,,,2,,,0,0
河北,2025,历史类,本科提前批B段,1128,南开大学,,历史,643,679,,,2,,,0,0
河北,2025,历史类,本科提前批B段,116,北京林业大学,,历史,619,2651,,,2,,,0,0
河北,2025,历史类,本科提前批B段,122,北京师范大学,,历史,646,475,,,5,,,0,0
河北,2025,历史类,本科提前批B段,1226,清华大学,,历史,670,50,,,2,,,0,0
河北,2025,历史类,本科提前批B段,123,北京师范大学,,历史,648,475,,,1,,,0,0
河北,2025,历史类,本科提前批B段,123,北京师范大学,,"历史,政治",647,512,,,2,,,0,0
河北,2025,历史类,本科提前批B段,124,北京师范大学,,历史,622,2295,,,4,,,0,0
河北,2025,历史类,本科提前批B段,124,北京师范大学,,"历史,政治",637,1005,,,1,,,0,0
河北,2025,历史类,本科提前批B段,1251,山东大学,,历史,631,1447,,,2,,,0,0
河北,2025,历史类,本科提前批B段,1253,山东大学威海分校,,历史,625,1075,,,5,,,0,0
河北,2025,历史类,本科提前批B段,1253,山东大学威海分校,,"历史,政治",629,1611,,,2,,,0,0
河北,2025,历史类,本科提前批B段,127,北京体育大学,,历史,612,2906,,,4,,,0,0
河北,2025,历史类,本科提前批B段,130,北京外国语大学,,历史,608,1075,,,2,,,0,0
河北,2025,历史类,本科提前批B段,1342,陕西师范大学,,历史,624,931,,,5,,,0,0
河北,2025,历史类,本科提前批B段,1342,陕西师范大学,,"历史,政治",634,1200,,,2,,,0,0
河北,2025,历史类,本科提前批B段,1343,陕西师范大学,,历史,611,1447,,,5,,,0,0
河北,2025,历史类,本科提前批B段,1345,陕西师范大学,,历史,618,2410,,,2,,,0,0
河北,2025,历史类,本科提前批B段,1396,上海外国语大学,,历史,623,2181,,,2,,,0,0
河北,2025,历史类,本科提前批B段,1396,上海外国语大学,,"历史,政治",619,2651,,,2,,,0,0
河北,2025,历史类,本科提前批B段,1441,石家庄铁道大学,,历史,569,9033,,,55,,,0,0
河北,2025,历史类,本科提前批B段,1446,石家庄学院,,历史,589,8746,,,6,,,0,0
河北,2025,历史类,本科提前批B段,145,北京语言大学,,历史,611,3836,,,2,,,0,0
河北,2025,历史类,本科提前批B段,1462,四川大学,,"历史,政治",629,1611,,,4,,,0,0
河北,2025,历史类,本科提前批B段,1486,苏州大学,,历史,615,3215,,,1,,,0,0
河北,2025,历史类,本科提前批B段,1515,唐山师范学院,,历史,584,1447,,,71,,,0,0
河北,2025,历史类,本科提前批B段,1550,天津师范大学,,历史,581,11023,,,2,,,0,0
河北,2025,历史类,本科提前批B段,161,沧州师范学院,,历史,590,3836,,,35,,,0,0
河北,2025,历史类,本科提前批B段,1613,武汉大学,,历史,652,345,,,1,,,0,0
河北,2025,历史类,本科提前批B段,1647,西安交通大学,,历史,642,722,,,1,,,0,0
河北,2025,历史类,本科提前批B段,1682,西南财经大学,,历史,616,1789,,,5,,,0,0
河北,2025,历史类,本科提前批B段,1684,西南大学,,历史,624,1075,,,7,,,0,0
河北,2025,历史类,本科提前批B段,1684,西南大学,,"历史,地理",632,1349,,,3,,,0,0
河北,2025,历史类,本科提前批B段,1684,西南大学,,"历史,政治",638,931,,,2,,,0,0
河北,2025,历史类,本科提前批B段,1687,西南大学,,历史,626,1884,,,1,,,0,0
河北,2025,历史类,本科提前批B段,1689,西南交通大学,,历史,616,2906,,,2,,,0,0
河北,2025,历史类,本科提前批B段,1701,厦门大学,,历史,639,876,,,2,,,0,0
河北,2025,历史类,本科提前批B段,1782,燕山大学,,历史,581,6004,,,48,,,0,0
河北,2025,历史类,本科提前批B段,1786,扬州大学,,历史,598,3836,,,2,,,0,0
河北,2025,历史类,本科提前批B段,1841,浙江财经大学,,历史,610,3051,,,2,,,0,0
河北,2025,历史类,本科提前批B段,1847,浙江大学,,历史,649,198,,,5,,,0,0
河北,2025,历史类,本科提前批B段,1890,中国传媒大学,,历史,621,1976,,,4,,,0,0
河北,2025,历史类,本科提前批B段,1906,中国劳动关系学院,,历史,559,12264,,,12,,,0,0
河北,2025,历史类,本科提前批B段,1906,中国劳动关系学院,,"历史,政治",558,12264,,,5,,,0,0
河北,2025,历史类,本科提前批B段,1915,中国人民大学,,历史,656,198,,,3,,,0,0
河北,2025,历史类,本科提前批B段,1915,中国人民大学,,"历史,政治",659,181,,,2,,,0,0
河北,2025,历史类,本科提前批B段,1922,中国社会科学院大学,,"历史,政治",628,1447,,,2,,,0,0
河北,2025,历史类,本科提前批B段,1939,中国政法大学,,历史,649,435,,,4,,,0,0
河北,2025,历史类,本科提前批B段,1941,中南财经政法大学,,历史,616,2528,,,4,,,0,0
河北,2025,历史类,本科提前批B段,1941,中南财经政法大学,,"历史,政治",620,2528,,,1,,,0,0
河北,2025,历史类,本科提前批B段,1944,中南大学,,历史,631,1447,,,1,,,0,0
河北,2025,历史类,本科提前批B段,1948,中山大学,,历史,631,722,,,3,,,0,0
河北,2025,历史类,本科提前批B段,1948,中山大学,,"历史,政治",639,876,,,2,,,0,0
河北,2025,历史类,本科提前批B段,1950,中央财经大学,,历史,630,639,,,5,,,0,0
河北,2025,历史类,本科提前批B段,1953,中央民族大学,,历史,604,5123,,,2,,,0,0
河北,2025,历史类,本科提前批B段,282,大连海洋大学,,历史,616,3051,,,1,,,0,0
河北,2025,历史类,本科提前批B段,289,大连民族大学,,历史,582,10728,,,3,,,0,0
河北,2025,历史类,本科提前批B段,309,东北财经大学,,历史,624,2071,,,1,,,0,0
河北,2025,历史类,本科提前批B段,319,东北师范大学,,历史,634,1005,,,14,,,0,0
河北,2025,历史类,本科提前批B段,319,东北师范大学,,"历史,政治",633,1262,,,3,,,0,0
河北,2025,历史类,本科提前批B段,320,东北师范大学,,历史,610,2528,,,4,,,0,0
河北,2025,历史类,本科提前批B段,321,东北师范大学,,历史,618,2777,,,2,,,0,0
河北,2025,历史类,本科提前批B段,323,东华大学,,历史,616,2528,,,6,,,0,0
河北,2025,历史类,本科提前批B段,334,对外经济贸易大学,,历史,629,1075,,,4,,,0,0
河北,2025,历史类,本科提前批B段,334,对外经济贸易大学,,"历史,政治",628,1697,,,3,,,0,0
河北,2025,历史类,本科提前批B段,363,复旦大学,,历史,663,129,,,1,,,0,0
河北,2025,历史类,本科提前批B段,516,邯郸学院,,历史,576,2410,,,95,,,0,0
河北,2025,历史类,本科提前批B段,516,邯郸学院,,"历史,政治",591,5546,,,12,,,0,0
河北,2025,历史类,本科提前批B段,543,河北大学,,历史,568,7228,,,60,,,0,0
河北,2025,历史类,本科提前批B段,548,河北地质大学,,历史,546,15706,,,53,,,0,0
河北,2025,历史类,本科提前批B段,551,河北工程大学,,历史,558,11284,,,56,,,0,0
河北,2025,历史类,本科提前批B段,556,河北工业大学,,历史,600,2410,,,31,,,0,0
河北,2025,历史类,本科提前批B段,556,河北工业大学,,"历史,政治",607,4558,,,20,,,0,0
河北,2025,历史类,本科提前批B段,577,河北经贸大学,,历史,553,7228,,,74,,,0,0
河北,2025,历史类,本科提前批B段,581,河北科技大学,,历史,544,11592,,,53,,,0,0
河北,2025,历史类,本科提前批B段,589,河北民族师范学院,,历史,577,8451,,,36,,,0,0
河北,2025,历史类,本科提前批B段,593,河北农业大学,,历史,560,11905,,,55,,,0,0
河北,2025,历史类,本科提前批B段,602,河北师范大学,,历史,594,1447,,,212,,,0,0
河北,2025,历史类,本科提前批B段,602,河北师范大学,,"历史,地理",600,1884,,,30,,,0,0
河北,2025,历史类,本科提前批B段,602,河北师范大学,,"历史,政治",603,1884,,,26,,,0,0
河北,2025,历史类,本科提前批B段,603,河北师范大学,,历史,565,6980,,,50,,,0,0
河北,2025,历史类,本科提前批B段,603,河北师范大学,,"历史,地理",585,9855,,,3,,,0,0
河北,2025,历史类,本科提前批B段,603,河北师范大学,,"历史,政治",596,6445,,,10,,,0,0
河北,2025,历史类,本科提前批B段,605,河北师范大学,,历史,589,1884,,,63,,,0,0
河北,2025,历史类,本科提前批B段,605,河北师范大学,,"历史,地理",587,6241,,,9,,,0,0
河北,2025,历史类,本科提前批B段,605,河北师范大学,,"历史,政治",597,5123,,,8,,,0,0
河北,2025,历史类,本科提前批B段,612,河北医科大学,,"历史,生物",503,47901,,,34,,,0,0
河北,2025,历史类,本科提前批B段,619,河北中医药大学,,历史,561,12601,,,23,,,0,0
河北,2025,历史类,本科提前批B段,620,河北中医药大学,,历史,563,6241,,,30,,,0,0
河北,2025,历史类,本科提前批B段,696,衡水学院,,历史,592,2777,,,15,,,0,0
河北,2025,历史类,本科提前批B段,749,湖南大学,,历史,626,1884,,,2,,,0,0
河北,2025,历史类,本科提前批B段,794,华北理工大学,,历史,548,11592,,,56,,,0,0
河北,2025,历史类,本科提前批B段,794,华北理工大学,,"历史,生物",541,23983,,,7,,,0,0
河北,2025,历史类,本科提前批B段,80,北京大学,,历史,668,35,,,4,,,0,0
河北,2025,历史类,本科提前批B段,801,华东理工大学,,历史,607,2906,,,3,,,0,0
河北,2025,历史类,本科提前批B段,803,华东师范大学,,历史,643,594,,,4,,,0,0
河北,2025,历史类,本科提前批B段,805,华东师范大学,,历史,621,2410,,,2,,,0,0
河北,2025,历史类,本科提前批B段,806,华东政法大学,,历史,611,3051,,,5,,,0,0
河北,2025,历史类,本科提前批B段,818,华中师范大学,,历史,631,345,,,6,,,0,0
河北,2025,历史类,本科提前批B段,818,华中师范大学,,"历史,地理",637,1005,,,2,,,0,0
河北,2025,历史类,本科提前批B段,818,华中师范大学,,"历史,政治",640,833,,,3,,,0,0
河北,2025,历史类,本科提前批B段,819,华中师范大学,,历史,623,833,,,3,,,0,0
河北,2025,历史类,本科提前批B段,819,华中师范大学,,"历史,政治",624,2071,,,1,,,0,0
河北,2025,历史类,本科提前批B段,821,华中师范大学,,历史,619,2410,,,3,,,0,0
河北,2025,历史类,本科提前批B段,844,吉林大学,,"历史,政治",631,1447,,,2,,,0,0
河北,2025,历史类,本科提前批B段,878,暨南大学,,历史,621,2410,,,2,,,0,0
河北,2025,历史类,本科提前批B段,878,暨南大学,,"历史,政治",617,2906,,,2,,,0,0
河北,2025,历史类,本科提前批C段,147,北京中医药大学,,历史,555,20401,,,1,,,0,0
河北,2025,历史类,本科提前批C段,1895,中国海洋大学,,历史,614,3051,,,3,,,0,0
河北,2025,历史类,本科提前批C段,450,贵州大学,,历史,595,5338,,,5,,,0,0
河北,2025,历史类,本科提前批C段,802,华东师范大学,,历史,620,1611,,,5,,,0,0
河北,2025,历史类,本科提前批C段,820,华中师范大学,,历史,608,2906,,,2,,,0,0
河北,2025,历史类,本科提前批C段,843,吉林大学,,历史,617,1884,,,5,,,0,0
河北,2025,历史类,高职专科,1,阿克苏工业职业技术学院,,历史,345,143213,,,29,,,0,0
河北,2025,历史类,高职专科,10,安徽电子信息职业技术学院,,历史,403,99444,,,9,,,0,0
河北,2025,历史类,高职专科,1000,兰州石化职业技术大学,,历史,449,69602,,,7,,,0,0
河北,2025,历史类,高职专科,1002,兰州职业技术学院,,历史,391,98741,,,15,,,0,0
河北,2025,历史类,高职专科,1003,兰州资源环境职业技术大学,,历史,442,72956,,,4,,,0,0
河北,2025,历史类,高职专科,1007,廊坊卫生职业学院,,历史,427,61531,,,395,,,0,0
河北,2025,历史类,高职专科,1008,廊坊燕京职业技术学院,,历史,347,67553,,,95,,,0,0
河北,2025,历史类,高职专科,1009,廊坊职业技术学院,,历史,380,80573,,,124,,,0,0
河北,2025,历史类,高职专科,101,北京交通运输职业学院,,历史,458,46082,,,23,,,0,0
河北,2025,历史类,高职专科,1012,连云港职业技术学院,,历史,414,110112,,,5,,,0,0
河北,2025,历史类,高职专科,1016,辽宁地质工程职业学院,,历史,397,95040,,,7,,,0,0
河北,2025,历史类,高职专科,102,北京交通职业技术学院,,历史,443,67553,,,44,,,0,0
河北,2025,历史类,高职专科,1021,辽宁机电职业技术学院,,历史,416,84133,,,12,,,0,0
河北,2025,历史类,高职专科,1022,辽宁建筑职业学院,,历史,402,98741,,,24,,,0,0
河北,2025,历史类,高职专科,1023,辽宁金融职业学院,,历史,437,46711,,,25,,,0,0
河北,2025,历史类,高职专科,1024,辽宁经济职业技术学院,,历史,442,68218,,,26,,,0,0
河北,2025,历史类,高职专科,1028,辽宁民族师范高等专科学校,,历史,391,85550,,,11,,,0,0
河北,2025,历史类,高职专科,1029,辽宁轻工职业学院,,历史,392,71648,,,38,,,0,0
河北,2025,历史类,高职专科,103,北京京北职业技术学院,,历史,432,60189,,,44,,,0,0
河北,2025,历史类,高职专科,1030,辽宁生态工程职业学院,,历史,410,76435,,,33,,,0,0
河北,2025,历史类,高职专科,1031,辽宁省交通高等专科学校,,历史,427,55552,,,47,,,0,0
河北,2025,历史类,高职专科,1034,辽宁师范高等专科学校,,历史,406,116363,,,8,,,0,0
河北,2025,历史类,高职专科,1039,辽宁现代服务职业技术学院,,历史,409,78537,,,10,,,0,0
河北,2025,历史类,高职专科,104,北京经济管理职业学院,,历史,443,52965,,,105,,,0,0
河北,2025,历史类,高职专科,1040,辽宁冶金职业技术学院,,历史,410,103981,,,11,,,0,0
河北,2025,历史类,高职专科,1041,辽宁医药职业学院,,历史,445,46082,,,15,,,0,0
河北,2025,历史类,高职专科,1046,临汾职业技术学院,,历史,448,77131,,,4,,,0,0
河北,2025,历史类,高职专科,1050,柳州铁道职业技术学院,,历史,468,68218,,,4,,,0,0
河北,2025,历史类,高职专科,1051,六安职业技术学院,,历史,391,93574,,,18,,,0,0
河北,2025,历史类,高职专科,1053,六盘水幼儿师范高等专科学校,,历史,339,166276,,,10,,,0,0
河北,2025,历史类,高职专科,1054,六盘水职业技术学院,,历史,377,97238,,,16,,,0,0
河北,2025,历史类,高职专科,1060,潞安职业技术学院,,历史,384,123521,,,69,,,0,0
河北,2025,历史类,高职专科,1061,罗定职业技术学院,,历史,378,107774,,,6,,,0,0
河北,2025,历史类,高职专科,1061,罗定职业技术学院,,"历史,政治",391,128342,,,4,,,0,0
河北,2025,历史类,高职专科,1064,洛阳职业技术学院,,历史,461,60848,,,41,,,0,0
河北,2025,历史类,高职专科,1067,吕梁职业技术学院,,历史,385,110870,,,108,,,0,0
河北,2025,历史类,高职专科,1068,马鞍山职业技术学院,,历史,409,95761,,,10,,,0,0
河北,2025,历史类,高职专科,1069,满洲里俄语职业学院,,历史,366,140681,,,48,,,0,0
河北,2025,历史类,高职专科,1070,茂名职业技术学院,,历史,389,102415,,,10,,,0,0
河北,2025,历史类,高职专科,1071,湄洲湾职业技术学院,,历史,388,114830,,,25,,,0,0
河北,2025,历史类,高职专科,1073,绵阳职业技术学院,,历史,441,89865,,,5,,,0,0
河北,2025,历史类,高职专科,1074,民政职业大学,,历史,444,52965,,,69,,,0,0
河北,2025,历史类,高职专科,1074,民政职业大学,,"历史,化学",403,118767,,,2,,,0,0
河北,2025,历史类,高职专科,1075,闽江师范高等专科学校,,历史,414,76435,,,9,,,0,0
河北,2025,历史类,高职专科,1079,牡丹江大学,,历史,397,91317,,,23,,,0,0
河北,2025,历史类,高职专科,108,北京科技职业大学,,历史,470,44877,,,54,,,0,0
河北,2025,历史类,高职专科,1084,南昌健康职业技术学院,,历史,443,86240,,,5,,,0,0
河北,2025,历史类,高职专科,1087,南充文化旅游职业学院,,历史,400,104714,,,12,,,0,0
河北,2025,历史类,高职专科,1092,南京城市职业学院,,历史,456,60848,,,22,,,0,0
河北,2025,历史类,高职专科,110,北京劳动保障职业学院,,历史,406,75757,,,68,,,0,0
河北,2025,历史类,高职专科,110,北京劳动保障职业学院,,"历史,政治",417,107774,,,24,,,0,0
河北,2025,历史类,高职专科,1101,南京机电职业技术学院,,历史,476,40076,,,6,,,0,0
河北,2025,历史类,高职专科,1104,南京科技职业学院,,历史,444,69602,,,13,,,0,0
河北,2025,历史类,高职专科,1109,南京旅游职业学院,,历史,434,49149,,,15,,,0,0
河北,2025,历史类,高职专科,1120,南京信息职业技术学院,,历史,482,47901,,,4,,,0,0
河北,2025,历史类,高职专科,1132,南通科技职业学院,,历史,414,68218,,,19,,,0,0
河北,2025,历史类,高职专科,1133,南通师范高等专科学校,,历史,244,69602,,,8,,,0,0
河北,2025,历史类,高职专科,1134,南通职业大学,,历史,471,56213,,,15,,,0,0
河北,2025,历史类,高职专科,1135,南阳科技职业学院,,历史,400,93574,,,25,,,0,0
河北,2025,历史类,高职专科,1137,南阳农业职业学院,,历史,417,72956,,,35,,,0,0
河北,2025,历史类,高职专科,1139,南阳医学高等专科学校,,历史,463,47901,,,37,,,0,0
河北,2025,历史类,高职专科,1145,内蒙古电子信息职业技术学院,,历史,450,83390,,,1,,,0,0
河北,2025,历史类,高职专科,1147,内蒙古化工职业学院,,历史,383,96493,,,92,,,0,0
河北,2025,历史类,高职专科,1148,内蒙古交通职业技术学院,,历史,354,101689,,,185,,,0,0
河北,2025,历史类,高职专科,1154,内蒙古民族幼儿师范高等专科学校,,历史,353,124278,,,50,,,0,0
河北,2025,历史类,高职专科,1155,内蒙古农业大学,,历史,483,60848,,,3,,,0,0
河北,2025,历史类,高职专科,1157,内蒙古商贸职业学院,,历史,389,85550,,,25,,,0,0
河北,2025,历史类,高职专科,1167,宁夏工商职业技术学院,,历史,382,122735,,,9,,,0,0
河北,2025,历史类,高职专科,1169,宁夏警官职业学院,,历史,424,100926,,,10,,,0,0
河北,2025,历史类,高职专科,1172,宁夏卫生健康职业技术学院,,历史,419,106213,,,10,,,0,0
河北,2025,历史类,高职专科,1175,宁夏幼儿师范高等专科学校,,历史,363,81315,,,25,,,0,0
河北,2025,历史类,高职专科,1178,盘锦职业技术学院,,历史,417,69602,,,15,,,0,0
河北,2025,历史类,高职专科,1179,培黎职业学院,,历史,357,129129,,,92,,,0,0
河北,2025,历史类,高职专科,118,北京农业职业学院,,历史,473,67553,,,2,,,0,0
河北,2025,历史类,高职专科,1180,平顶山工业职业技术学院,,历史,435,92814,,,8,,,0,0
河北,2025,历史类,高职专科,1182,平凉职业技术学院,,历史,375,89129,,,10,,,0,0
河北,2025,历史类,高职专科,1183,萍乡卫生职业学院,,历史,426,88381,,,6,,,0,0
河北,2025,历史类,高职专科,1188,濮阳医学高等专科学校,,历史,468,70974,,,2,,,0,0
河北,2025,历史类,高职专科,1189,濮阳职业技术学院,,历史,386,94308,,,100,,,0,0
河北,2025,历史类,高职专科,119,北京青年政治学院,,历史,468,43673,,,14,,,0,0
河北,2025,历史类,高职专科,1191,七台河职业学院,,历史,370,97977,,,90,,,0,0
河北,2025,历史类,高职专科,1195,齐齐哈尔高等师范专科学校,,历史,385,91317,,,27,,,0,0
河北,2025,历史类,高职专科,1198,黔东南理工职业学院,,历史,391,128342,,,4,,,0,0
河北,2025,历史类,高职专科,1199,黔东南民族职业技术学院,,历史,419,64897,,,6,,,0,0
河北,2025,历史类,高职专科,12,安徽工贸职业技术学院,,历史,384,95040,,,65,,,0,0
河北,2025,历史类,高职专科,1202,黔南民族幼儿师范高等专科学校,,历史,345,86954,,,10,,,0,0
河北,2025,历史类,高职专科,1203,黔南民族职业技术学院,,历史,377,123521,,,22,,,0,0
河北,2025,历史类,高职专科,1204,黔西南民族职业技术学院,,历史,354,109310,,,13,,,0,0
河北,2025,历史类,高职专科,1205,钦州幼儿师范高等专科学校,,历史,312,158541,,,40,,,0,0
河北,2025,历史类,高职专科,1206,秦皇岛工业职业技术学院,,历史,380,128342,,,252,,,0,0
河北,2025,历史类,高职专科,1207,秦皇岛职业技术学院,,历史,350,69602,,,1000,,,0,0
河北,2025,历史类,高职专科,1209,青岛港湾职业技术学院,,历史,442,64897,,,25,,,0,0
河北,2025,历史类,高职专科,1210,青岛工程职业学院,,历史,431,60848,,,41,,,0,0
河北,2025,历史类,高职专科,1211,青岛酒店管理职业技术学院,,历史,415,76435,,,43,,,0,0
河北,2025,历史类,高职专科,1216,青岛职业技术学院,,历史,390,56862,,,9,,,0,0
河北,2025,历史类,高职专科,1218,青海建筑职业技术学院,,历史,385,118767,,,8,,,0,0
河北,2025,历史类,高职专科,1227,庆阳职业技术学院,,历史,372,109310,,,40,,,0,0
河北,2025,历史类,高职专科,1230,曲靖健康医学院,,历史,335,82709,,,30,,,0,0
河北,2025,历史类,高职专科,1234,泉州经贸职业技术学院,,历史,404,110870,,,5,,,0,0
河北,2025,历史类,高职专科,1237,日照职业技术学院,,历史,453,57521,,,20,,,0,0
河北,2025,历史类,高职专科,1238,汝州职业技术学院,,历史,411,96493,,,21,,,0,0
河北,2025,历史类,高职专科,1239,三门峡社会管理职业学院,,历史,385,72311,,,108,,,0,0
河北,2025,历史类,高职专科,1240,三门峡职业技术学院,,历史,439,80573,,,9,,,0,0
河北,2025,历史类,高职专科,1242,三明医学科技职业学院,,历史,371,97238,,,17,,,0,0
河北,2025,历史类,高职专科,1244,三峡电力职业学院,,历史,454,69602,,,28,,,0,0
河北,2025,历史类,高职专科,1245,三峡旅游职业技术学院,,历史,390,86240,,,21,,,0,0
河北,2025,历史类,高职专科,1247,山东城市服务职业学院,,历史,438,92029,,,20,,,0,0
河北,2025,历史类,高职专科,1248,山东城市建设职业学院,,历史,416,78537,,,15,,,0,0
河北,2025,历史类,高职专科,1249,山东传媒职业学院,,历史,438,72311,,,25,,,0,0
河北,2025,历史类,高职专科,1256,山东电子职业技术学院,,历史,402,71648,,,35,,,0,0
河北,2025,历史类,高职专科,1258,山东工业职业学院,,历史,386,92029,,,45,,,0,0
河北,2025,历史类,高职专科,1263,山东化工职业学院,,历史,396,87656,,,120,,,0,0
河北,2025,历史类,高职专科,1269,山东经贸职业学院,,历史,438,68889,,,15,,,0,0
河北,2025,历史类,高职专科,1271,山东科技职业学院,,历史,464,55552,,,6,,,0,0
河北,2025,历史类,高职专科,1272,山东劳动职业技术学院,,历史,408,84133,,,30,,,0,0
河北,2025,历史类,高职专科,1275,山东理工职业学院,,历史,460,76435,,,1,,,0,0
河北,2025,历史类,高职专科,1276,山东旅游职业学院,,历史,419,106213,,,5,,,0,0
河北,2025,历史类,高职专科,1277,山东铝业职业学院,,历史,382,96493,,,100,,,0,0
河北,2025,历史类,高职专科,128,北京体育职业学院,,历史,414,93574,,,24,,,0,0
河北,2025,历史类,高职专科,1282,山东轻工职业学院,,历史,426,66870,,,9,,,0,0
河北,2025,历史类,高职专科,1283,山东商务职业学院,,历史,405,69602,,,75,,,0,0
河北,2025,历史类,高职专科,1284,山东商业职业技术学院,,历史,465,51705,,,15,,,0,0
河北,2025,历史类,高职专科,1287,山东水利职业学院,,历史,438,65519,,,19,,,0,0
河北,2025,历史类,高职专科,1288,山东司法警官职业学院,,历史,451,75054,,,25,,,0,0
河北,2025,历史类,高职专科,1289,山东特殊教育职业学院,,历史,440,90617,,,20,,,0,0
河北,2025,历史类,高职专科,1291,山东外贸职业学院,,历史,404,75757,,,26,,,0,0
河北,2025,历史类,高职专科,1292,山东文化艺术职业学院,,历史,447,82709,,,10,,,0,0
河北,2025,历史类,高职专科,1293,山东信息职业技术学院,,历史,362,72311,,,23,,,0,0
河北,2025,历史类,高职专科,1295,山东畜牧兽医职业学院,,历史,434,66186,,,59,,,0,0
河北,2025,历史类,高职专科,1296,山东药品食品职业学院,,历史,434,65519,,,25,,,0,0
河北,2025,历史类,高职专科,13,安徽工商职业学院,,历史,424,72311,,,20,,,0,0
河北,2025,历史类,高职专科,1300,山东职业学院,,历史,443,37257,,,18,,,0,0
河北,2025,历史类,高职专科,1308,山西工程科技职业大学,,历史,412,77855,,,65,,,0,0
河北,2025,历史类,高职专科,1309,山西工程职业学院,,历史,436,93574,,,3,,,0,0
河北,2025,历史类,高职专科,1311,山西管理职业学院,,历史,395,101689,,,13,,,0,0
河北,2025,历史类,高职专科,1312,山西国际商务职业学院,,历史,427,72311,,,5,,,0,0
河北,2025,历史类,高职专科,1313,山西机电职业技术学院,,历史,439,88381,,,10,,,0,0
河北,2025,历史类,高职专科,1314,山西金融职业学院,,历史,387,113290,,,23,,,0,0
河北,2025,历史类,高职专科,1315,山西经贸职业学院,,历史,428,80573,,,21,,,0,0
河北,2025,历史类,高职专科,1316,山西林业职业技术学院,,历史,405,100182,,,10,,,0,0
河北,2025,历史类,高职专科,1319,山西省财政税务专科学校,,历史,422,56213,,,31,,,0,0
河北,2025,历史类,高职专科,1321,山西水利职业技术学院,,历史,401,105478,,,25,,,0,0
河北,2025,历史类,高职专科,1322,山西铁道职业技术学院,,历史,452,63585,,,7,,,0,0
河北,2025,历史类,高职专科,1323,山西通用航空职业技术学院,,历史,452,81999,,,3,,,0,0
河北,2025,历史类,高职专科,1324,山西卫生健康职业学院,,历史,471,49149,,,5,,,0,0
河北,2025,历史类,高职专科,1325,山西药科职业学院,,历史,449,79917,,,6,,,0,0
河北,2025,历史类,高职专科,1328,山西运城农业职业技术学院,,历史,392,87656,,,25,,,0,0
河北,2025,历史类,高职专科,1329,山西职业技术学院,,历史,434,62894,,,10,,,0,0
河北,2025,历史类,高职专科,1331,陕西财经职业技术学院,,历史,395,68218,,,30,,,0,0
河北,2025,历史类,高职专科,1332,陕西工商职业学院,,历史,377,85550,,,520,,,0,0
河北,2025,历史类,高职专科,1333,陕西工业职业技术学院,,历史,503,47901,,,2,,,0,0
河北,2025,历史类,高职专科,1334,陕西国防工业职业技术学院,,历史,466,52355,,,30,,,0,0
河北,2025,历史类,高职专科,1335,陕西航空职业技术学院,,历史,408,84857,,,34,,,0,0
河北,2025,历史类,高职专科,1336,陕西机电职业技术学院,,历史,432,66870,,,73,,,0,0
河北,2025,历史类,高职专科,1337,陕西交通职业技术学院,,历史,419,58842,,,42,,,0,0
河北,2025,历史类,高职专科,1340,陕西能源职业技术学院,,历史,439,49775,,,7,,,0,0
河北,2025,历史类,高职专科,1341,陕西青年职业学院,,历史,419,67553,,,47,,,0,0
河北,2025,历史类,高职专科,1346,陕西铁路工程职业技术学院,,历史,470,46082,,,6,,,0,0
河北,2025,历史类,高职专科,1348,陕西艺术职业学院,,历史,387,125074,,,13,,,0,0
河北,2025,历史类,高职专科,1349,陕西邮电职业技术学院,,历史,409,75757,,,36,,,0,0
河北,2025,历史类,高职专科,1350,陕西职业技术学院,,历史,403,95761,,,10,,,0,0
河北,2025,历史类,高职专科,1353,汕头职业技术学院,,历史,380,135757,,,15,,,0,0
河北,2025,历史类,高职专科,1355,商洛职业技术学院,,历史,383,73651,,,40,,,0,0
河北,2025,历史类,高职专科,1360,上海城建职业学院,,历史,444,67553,,,18,,,0,0
河北,2025,历史类,高职专科,1361,上海出版印刷高等专科学校,,历史,390,69602,,,12,,,0,0
河北,2025,历史类,高职专科,1371,上海工艺美术职业学院,,历史,478,49149,,,2,,,0,0
河北,2025,历史类,高职专科,1382,上海交通职业技术学院,,历史,419,65519,,,19,,,0,0
河北,2025,历史类,高职专科,1383,上海科创职业技术学院,,历史,428,87656,,,8,,,0,0
河北,2025,历史类,高职专科,1384,上海科学技术职业学院,,历史,426,68889,,,40,,,0,0
河北,2025,历史类,高职专科,1388,上海旅游高等专科学校,,历史,421,86954,,,11,,,0,0
河北,2025,历史类,高职专科,1389,上海民航职业技术学院,,历史,442,68218,,,36,,,0,0
河北,2025,历史类,高职专科,139,北京信息职业技术学院,,历史,467,54207,,,51,,,0,0
河北,2025,历史类,高职专科,1390,上海闵行职业技术学院,,历史,429,97977,,,5,,,0,0
河北,2025,历史类,高职专科,1398,上海行健职业学院,,历史,404,89129,,,30,,,0,0
河北,2025,历史类,高职专科,1403,上饶卫生健康职业学院,,历史,434,90617,,,2,,,0,0
河北,2025,历史类,高职专科,1404,上饶幼儿师范高等专科学校,,历史,369,117145,,,14,,,0,0
河北,2025,历史类,高职专科,1405,上饶职业技术学院,,历史,385,99444,,,16,,,0,0
河北,2025,历史类,高职专科,1415,神木职业技术学院,,历史,380,81315,,,21,,,0,0
河北,2025,历史类,高职专科,1417,沈阳工程学院,,历史,446,20401,,,4,,,0,0
河北,2025,历史类,高职专科,1435,沈阳职业技术学院,,历史,442,74361,,,13,,,0,0
河北,2025,历史类,高职专科,1438,石河子工程职业技术学院,,历史,346,113290,,,88,,,0,0
河北,2025,历史类,高职专科,1443,石家庄铁路职业技术学院,,历史,440,37257,,,299,,,0,0
河北,2025,历史类,高职专科,1444,石家庄信息工程职业学院,,历史,435,50419,,,1400,,,0,0
河北,2025,历史类,高职专科,1447,石家庄邮电职业技术学院,,历史,500,38958,,,83,,,0,0
河北,2025,历史类,高职专科,1448,石家庄幼儿师范高等专科学校,,历史,406,64897,,,154,,,0,0
河北,2025,历史类,高职专科,1449,石家庄职业技术学院,,历史,259,44239,,,334,,,0,0
河北,2025,历史类,高职专科,1450,石嘴山工贸职业技术学院,,历史,385,133274,,,5,,,0,0
河北,2025,历史类,高职专科,1455,首钢工学院,,历史,471,56862,,,7,,,0,0
河北,2025,历史类,高职专科,1456,双河职业技术学院,,历史,324,146480,,,135,,,0,0
河北,2025,历史类,高职专科,1457,朔州师范高等专科学校,,历史,415,96493,,,110,,,0,0
河北,2025,历史类,高职专科,1458,朔州陶瓷职业技术学院,,历史,406,116363,,,3,,,0,0
河北,2025,历史类,高职专科,1459,朔州职业技术学院,,历史,433,93574,,,10,,,0,0
河北,2025,历史类,高职专科,146,北京政法职业学院,,历史,444,49149,,,38,,,0,0
河北,2025,历史类,高职专科,1463,四川工程职业技术大学,,历史,458,53596,,,10,,,0,0
河北,2025,历史类,高职专科,1464,四川航天职业技术学院,,历史,460,76435,,,8,,,0,0
河北,2025,历史类,高职专科,1465,四川建筑职业技术学院,,历史,451,82709,,,3,,,0,0
河北,2025,历史类,高职专科,1466,四川交通职业技术学院,,历史,503,47901,,,2,,,0,0
河北,2025,历史类,高职专科,1473,四川水利职业技术学院,,历史,450,67553,,,5,,,0,0
河北,2025,历史类,高职专科,1475,四川文化产业职业学院,,历史,431,73651,,,20,,,0,0
河北,2025,历史类,高职专科,1480,四川职业技术学院,,历史,412,95040,,,15,,,0,0
河北,2025,历史类,高职专科,1482,四平职业大学,,历史,377,138201,,,43,,,0,0
河北,2025,历史类,高职专科,1483,松原职业技术学院,,历史,320,85550,,,26,,,0,0
河北,2025,历史类,高职专科,1484,苏州百年职业学院,,历史,200,233156,,,68,,,0,0
河北,2025,历史类,高职专科,1488,苏州工业园区服务外包职业学院,,历史,465,68218,,,9,,,0,0
河北,2025,历史类,高职专科,1491,苏州经贸职业技术学院,,历史,495,49149,,,5,,,0,0
河北,2025,历史类,高职专科,1493,苏州职业技术大学,,历史,417,49775,,,5,,,0,0
河北,2025,历史类,高职专科,1495,宿州职业技术学院,,历史,419,105478,,,13,,,0,0
河北,2025,历史类,高职专科,1497,塔城职业技术学院,,历史,393,97238,,,3,,,0,0
河北,2025,历史类,高职专科,15,安徽工业经济职业技术学院,,历史,397,87656,,,26,,,0,0
河北,2025,历史类,高职专科,1500,塔里木职业技术学院,,历史,363,71648,,,81,,,0,0
河北,2025,历史类,高职专科,1502,太原城市职业技术学院,,历史,401,104714,,,80,,,0,0
河北,2025,历史类,高职专科,1509,太原幼儿师范高等专科学校,,历史,381,108538,,,26,,,0,0
河北,2025,历史类,高职专科,151,滨州职业学院,,历史,442,73651,,,12,,,0,0
河北,2025,历史类,高职专科,1512,唐山工业职业技术大学,,历史,406,46711,,,619,,,0,0
河北,2025,历史类,高职专科,1513,唐山科技职业技术学院,,历史,400,84133,,,278,,,0,0
河北,2025,历史类,高职专科,1519,唐山幼儿师范高等专科学校,,历史,391,79917,,,728,,,0,0
河北,2025,历史类,高职专科,1520,唐山职业技术学院,,历史,411,56213,,,728,,,0,0
河北,2025,历史类,高职专科,1521,天津滨海职业学院,,历史,452,49775,,,76,,,0,0
河北,2025,历史类,高职专科,1522,天津渤海职业技术学院,,历史,441,54207,,,135,,,0,0
河北,2025,历史类,高职专科,1525,天津城市建设管理职业技术学院,,历史,410,71648,,,154,,,0,0
河北,2025,历史类,高职专科,1526,天津城市职业学院,,历史,405,57521,,,137,,,0,0
河北,2025,历史类,高职专科,1529,天津电子信息职业技术学院,,历史,475,47300,,,128,,,0,0
河北,2025,历史类,高职专科,1532,天津工业职业学院,,历史,408,66186,,,220,,,0,0
河北,2025,历史类,高职专科,1534,天津国土资源和房屋职业学院,,历史,430,68218,,,46,,,0,0
河北,2025,历史类,高职专科,1535,天津海运职业学院,,历史,428,57521,,,52,,,0,0
河北,2025,历史类,高职专科,1536,天津机电职业技术学院,,历史,456,54207,,,193,,,0,0
河北,2025,历史类,高职专科,1537,天津交通职业学院,,历史,421,55552,,,272,,,0,0
河北,2025,历史类,高职专科,1538,天津警察学院,,历史,453,74361,,,25,,,0,0
河北,2025,历史类,高职专科,154,亳州职业技术学院,,历史,464,73651,,,2,,,0,0
河北,2025,历史类,高职专科,1544,天津轻工职业技术学院,,历史,474,52355,,,25,,,0,0
河北,2025,历史类,高职专科,1545,天津商务职业学院,,历史,401,52965,,,129,,,0,0
河北,2025,历史类,高职专科,1547,天津生物工程职业技术学院,,历史,429,53596,,,37,,,0,0
河北,2025,历史类,高职专科,155,博尔塔拉职业技术学院,,历史,323,110112,,,14,,,0,0
河北,2025,历史类,高职专科,1551,天津石油职业技术学院,,历史,404,75757,,,518,,,0,0
河北,2025,历史类,高职专科,1552,天津市职业大学,,历史,496,37257,,,89,,,0,0
河北,2025,历史类,高职专科,1555,天津铁道职业技术学院,,历史,463,49149,,,87,,,0,0
河北,2025,历史类,高职专科,1557,天津现代职业技术学院,,历史,470,46082,,,139,,,0,0
河北,2025,历史类,高职专科,1561,天津艺术职业学院,,历史,421,87656,,,24,,,0,0
河北,2025,历史类,高职专科,1564,天津中德应用技术大学,,历史,482,61531,,,16,,,0,0
河北,2025,历史类,高职专科,1567,天门职业学院,,历史,387,97977,,,31,,,0,0
河北,2025,历史类,高职专科,1569,铁岭师范高等专科学校,,历史,394,105478,,,10,,,0,0
河北,2025,历史类,高职专科,1570,铁门关职业技术学院,,历史,342,128342,,,80,,,0,0
河北,2025,历史类,高职专科,1572,通化医药健康职业学院,,历史,395,80573,,,22,,,0,0
河北,2025,历史类,高职专科,1573,通辽职业学院,,历史,423,103213,,,10,,,0,0
河北,2025,历史类,高职专科,1577,铜川职业技术学院,,历史,400,96493,,,12,,,0,0
河北,2025,历史类,高职专科,1578,铜陵职业技术学院,,历史,423,76435,,,7,,,0,0
河北,2025,历史类,高职专科,1579,铜仁幼儿师范高等专科学校,,历史,372,143983,,,10,,,0,0
河北,2025,历史类,高职专科,1580,铜仁职业技术大学,,历史,428,84857,,,5,,,0,0
河北,2025,历史类,高职专科,1581,图木舒克职业技术学院,,历史,323,142323,,,85,,,0,0
河北,2025,历史类,高职专科,1582,吐鲁番职业技术学院,,历史,317,138201,,,7,,,0,0
河北,2025,历史类,高职专科,1584,皖北卫生职业学院,,历史,427,81315,,,40,,,0,0
河北,2025,历史类,高职专科,1586,皖西卫生职业学院,,历史,432,95040,,,15,,,0,0
河北,2025,历史类,高职专科,1587,威海海洋职业学院,,历史,440,70974,,,15,,,0,0
河北,2025,历史类,高职专科,1588,威海职业学院,,历史,421,68218,,,9,,,0,0
河北,2025,历史类,高职专科,1592,潍坊职业学院,,历史,432,96493,,,5,,,0,0
河北,2025,历史类,高职专科,1599,乌海职业技术学院,,历史,344,107005,,,30,,,0,0
河北,2025,历史类,高职专科,16,安徽工业职业技术学院,,历史,396,103213,,,15,,,0,0
河北,2025,历史类,高职专科,1600,乌兰察布医学高等专科学校,,历史,449,80573,,,18,,,0,0
河北,2025,历史类,高职专科,1601,乌兰察布职业学院,,历史,351,118767,,,180,,,0,0
河北,2025,历史类,高职专科,1601,乌兰察布职业学院,,"历史,化学",206,234808,,,120,,,0,0
河北,2025,历史类,高职专科,1601,乌兰察布职业学院,,"历史,地理",366,148854,,,60,,,0,0
河北,2025,历史类,高职专科,1601,乌兰察布职业学院,,"历史,生物",342,148854,,,120,,,0,0
河北,2025,历史类,高职专科,1602,乌鲁木齐职业大学,,历史,394,104714,,,10,,,0,0
河北,2025,历史类,高职专科,1603,乌鲁木齐职业技术学院,,历史,348,129959,,,10,,,0,0
河北,2025,历史类,高职专科,1604,无锡城市职业技术学院,,历史,461,52355,,,4,,,0,0
河北,2025,历史类,高职专科,1608,武汉城市职业学院,,历史,457,63585,,,26,,,0,0
河北,2025,历史类,高职专科,1609,武汉船舶职业技术学院,,历史,429,56862,,,14,,,0,0
河北,2025,历史类,高职专科,1614,武汉电力职业技术学院,,历史,482,31846,,,8,,,0,0
河北,2025,历史类,高职专科,1617,武汉工程职业技术学院,,历史,440,59535,,,20,,,0,0
河北,2025,历史类,高职专科,1619,武汉交通职业学院,,历史,440,72311,,,21,,,0,0
河北,2025,历史类,高职专科,162,沧州医学高等专科学校,,历史,433,52355,,,1164,,,0,0
河北,2025,历史类,高职专科,1621,武汉警官职业学院,,历史,441,64257,,,21,,,0,0
河北,2025,历史类,高职专科,1625,武汉民政职业学院,,历史,431,49775,,,20,,,0,0
河北,2025,历史类,高职专科,1627,武汉软件工程职业学院,,历史,469,52965,,,8,,,0,0
河北,2025,历史类,高职专科,163,沧州幼儿师范高等专科学校,,历史,376,90617,,,1180,,,0,0
河北,2025,历史类,高职专科,1630,武汉铁路桥梁职业学院,,历史,419,65519,,,25,,,0,0
河北,2025,历史类,高职专科,1631,武汉铁路职业技术学院,,历史,465,32927,,,23,,,0,0
河北,2025,历史类,高职专科,1633,武汉职业技术大学,,历史,464,49149,,,35,,,0,0
河北,2025,历史类,高职专科,164,沧州职业技术学院,,历史,338,72956,,,752,,,0,0
河北,2025,历史类,高职专科,1643,西安航空职业技术学院,,历史,461,65519,,,8,,,0,0
河北,2025,历史类,高职专科,165,沧州职业技术学院,,历史,449,83390,,,15,,,0,0
河北,2025,历史类,高职专科,1655,西安铁路职业技术学院,,历史,480,54857,,,15,,,0,0
河北,2025,历史类,高职专科,166,沧州职业技术学院,,历史,392,93574,,,50,,,0,0
河北,2025,历史类,高职专科,1662,西安职业技术学院,,历史,372,62196,,,80,,,0,0
河北,2025,历史类,高职专科,167,沧州职业技术学院,,历史,444,87656,,,10,,,0,0
河北,2025,历史类,高职专科,1675,西藏职业技术学院,,历史,340,169364,,,6,,,0,0
河北,2025,历史类,高职专科,1675,西藏职业技术学院,,"历史,政治,地理",360,153699,,,4,,,0,0
河北,2025,历史类,高职专科,1676,西昌民族幼儿师范高等专科学校,,历史,373,128342,,,13,,,0,0
河北,2025,历史类,高职专科,168,沧州职业技术学院,,历史,389,129959,,,70,,,0,0
河北,2025,历史类,高职专科,169,沧州职业技术学院,,历史,388,79202,,,75,,,0,0
河北,2025,历史类,高职专科,1698,锡林郭勒职业学院,,历史,348,102415,,,142,,,0,0
河北,2025,历史类,高职专科,1699,厦门城市职业学院,,历史,427,75757,,,12,,,0,0
河北,2025,历史类,高职专科,17,安徽广播影视职业技术学院,,历史,440,90617,,,10,,,0,0
河北,2025,历史类,高职专科,170,沧州职业技术学院,,历史,358,155314,,,28,,,0,0
河北,2025,历史类,高职专科,1705,仙桃职业学院,,历史,415,91317,,,20,,,0,0
河北,2025,历史类,高职专科,1706,咸宁职业技术学院,,历史,391,79202,,,23,,,0,0
河北,2025,历史类,高职专科,1708,咸阳职业技术学院,,历史,463,68889,,,5,,,0,0
河北,2025,历史类,高职专科,171,沧州职业技术学院,,历史,450,83390,,,5,,,0,0
河北,2025,历史类,高职专科,1716,襄阳汽车职业技术学院,,历史,383,80573,,,50,,,0,0
河北,2025,历史类,高职专科,1718,忻州职业技术学院,,历史,395,79917,,,30,,,0,0
河北,2025,历史类,高职专科,1724,新疆和田学院,,历史,367,112514,,,13,,,0,0
河北,2025,历史类,高职专科,1725,新疆建设职业技术学院,,历史,359,112514,,,7,,,0,0
河北,2025,历史类,高职专科,1726,新疆交通职业技术大学,,历史,362,92029,,,51,,,0,0
河北,2025,历史类,高职专科,1727,新疆警察学院,,历史,430,92029,,,5,,,0,0
河北,2025,历史类,高职专科,1732,新疆农业职业技术大学,,历史,377,97977,,,30,,,0,0
河北,2025,历史类,高职专科,1734,新疆生产建设兵团兴新职业技术学院,,历史,389,54207,,,12,,,0,0
河北,2025,历史类,高职专科,1737,新疆师范高等专科学校,,历史,361,81999,,,15,,,0,0
河北,2025,历史类,高职专科,1738,新疆石河子职业技术学院,,历史,346,104714,,,64,,,0,0
河北,2025,历史类,高职专科,1739,新疆司法警官职业学院,,历史,407,69602,,,20,,,0,0
河北,2025,历史类,高职专科,1745,新疆应用职业技术学院,,历史,346,146480,,,23,,,0,0
河北,2025,历史类,高职专科,1747,新疆职业大学,,历史,344,97238,,,60,,,0,0
河北,2025,历史类,高职专科,1749,新乡职业技术学院,,历史,407,90617,,,40,,,0,0
河北,2025,历史类,高职专科,175,长白山职业技术学院,,历史,423,103213,,,5,,,0,0
河北,2025,历史类,高职专科,1750,新星职业技术学院,,历史,329,139046,,,133,,,0,0
河北,2025,历史类,高职专科,1754,信阳职业技术学院,,历史,389,77855,,,12,,,0,0
河北,2025,历史类,高职专科,1755,兴安职业技术大学,,历史,359,102415,,,74,,,0,0
河北,2025,历史类,高职专科,1759,邢台医学院,,历史,432,62196,,,770,,,0,0
河北,2025,历史类,高职专科,1761,徐州工业职业技术学院,,历史,430,73651,,,20,,,0,0
河北,2025,历史类,高职专科,1762,徐州生物工程职业技术学院,,历史,441,56213,,,15,,,0,0
河北,2025,历史类,高职专科,1764,宣城职业技术学院,,历史,408,114830,,,5,,,0,0
河北,2025,历史类,高职专科,1765,宣化科技职业学院,,历史,359,83390,,,815,,,0,0
河北,2025,历史类,高职专科,1768,烟台工程职业技术学院,,历史,387,120421,,,20,,,0,0
河北,2025,历史类,高职专科,1769,烟台汽车工程职业学院,,历史,392,84133,,,36,,,0,0
河北,2025,历史类,高职专科,1770,烟台文化旅游职业学院,,历史,400,84133,,,50,,,0,0
河北,2025,历史类,高职专科,1772,延安职业技术学院,,历史,385,86954,,,51,,,0,0
河北,2025,历史类,高职专科,1775,延边职业技术学院,,历史,367,98741,,,80,,,0,0
河北,2025,历史类,高职专科,1777,盐城工业职业技术学院,,历史,443,88381,,,5,,,0,0
河北,2025,历史类,高职专科,1779,盐城幼儿师范高等专科学校,,历史,362,45438,,,14,,,0,0
河北,2025,历史类,高职专科,1787,扬州工业职业技术学院,,历史,417,107774,,,5,,,0,0
河北,2025,历史类,高职专科,1788,阳泉师范高等专科学校,,历史,399,101689,,,120,,,0,0
河北,2025,历史类,高职专科,1789,阳泉职业技术学院,,历史,397,92029,,,40,,,0,0
河北,2025,历史类,高职专科,1790,伊春职业学院,,历史,328,66870,,,78,,,0,0
河北,2025,历史类,高职专科,1793,伊犁职业技术学院,,历史,344,79917,,,20,,,0,0
河北,2025,历史类,高职专科,1798,营口职业技术学院,,历史,415,73651,,,25,,,0,0
河北,2025,历史类,高职专科,1799,永城职业学院,,历史,417,107774,,,6,,,0,0
河北,2025,历史类,高职专科,18,安徽国防科技职业学院,,历史,392,85550,,,62,,,0,0
河北,2025,历史类,高职专科,1800,永州职业技术学院,,历史,438,70974,,,3,,,0,0
河北,2025,历史类,高职专科,1803,榆林职业技术学院,,历史,402,72956,,,30,,,0,0
河北,2025,历史类,高职专科,1807,云南财经职业学院,,历史,388,101689,,,16,,,0,0
河北,2025,历史类,高职专科,181,长春金融高等专科学校,,历史,388,68889,,,35,,,0,0
河北,2025,历史类,高职专科,1811,云南林业职业技术学院,,历史,412,79917,,,3,,,0,0
河北,2025,历史类,高职专科,1811,云南林业职业技术学院,,"历史,生物",294,130790,,,2,,,0,0
河北,2025,历史类,高职专科,1813,云南能源职业技术学院,,历史,417,100182,,,4,,,0,0
河北,2025,历史类,高职专科,1816,云南特殊教育职业学院,,历史,375,126708,,,6,,,0,0
河北,2025,历史类,高职专科,1816,云南特殊教育职业学院,,"历史,政治,地理",407,101689,,,2,,,0,0
河北,2025,历史类,高职专科,1821,运城护理职业学院,,历史,465,59535,,,12,,,0,0
河北,2025,历史类,高职专科,1822,运城师范高等专科学校,,历史,433,93574,,,15,,,0,0
河北,2025,历史类,高职专科,1824,运城幼儿师范高等专科学校,,历史,397,92814,,,30,,,0,0
河北,2025,历史类,高职专科,1825,枣庄科技职业学院,,历史,355,103981,,,26,,,0,0
河北,2025,历史类,高职专科,1827,枣庄职业学院,,历史,355,56862,,,10,,,0,0
河北,2025,历史类,高职专科,1828,扎兰屯职业学院,,历史,362,97238,,,31,,,0,0
河北,2025,历史类,高职专科,1829,湛江幼儿师范专科学校,,历史,369,138201,,,14,,,0,0
河北,2025,历史类,高职专科,183,长春汽车职业技术大学,,历史,363,92814,,,30,,,0,0
河北,2025,历史类,高职专科,1830,张家界航空工业职业技术学院,,历史,397,72311,,,18,,,0,0
河北,2025,历史类,高职专科,1832,张家口学院,,历史,478,47901,,,47,,,0,0
河北,2025,历史类,高职专科,1833,张家口职业技术学院,,历史,350,76435,,,665,,,0,0
河北,2025,历史类,高职专科,1834,漳州职业技术学院,,历史,427,74361,,,4,,,0,0
河北,2025,历史类,高职专科,1835,昭通卫生职业学院,,历史,382,74361,,,21,,,0,0
河北,2025,历史类,高职专科,1840,浙江安防职业技术学院,,历史,429,97977,,,6,,,0,0
河北,2025,历史类,高职专科,185,长春师范高等专科学校,,历史,226,84133,,,101,,,0,0
河北,2025,历史类,高职专科,1852,浙江工商职业技术学院,,历史,467,60848,,,3,,,0,0
河北,2025,历史类,高职专科,1856,浙江机电职业技术大学,,历史,468,25427,,,8,,,0,0
河北,2025,历史类,高职专科,1857,浙江建设职业技术学院,,历史,449,51705,,,10,,,0,0
河北,2025,历史类,高职专科,186,长春医学高等专科学校,,历史,487,46711,,,11,,,0,0
河北,2025,历史类,高职专科,1860,浙江金融职业学院,,历史,501,42421,,,5,,,0,0
河北,2025,历史类,高职专科,1861,浙江经济职业技术学院,,历史,464,45438,,,16,,,0,0
河北,2025,历史类,高职专科,1862,浙江经贸职业技术学院,,历史,464,45438,,,14,,,0,0
河北,2025,历史类,高职专科,1865,浙江旅游职业学院,,历史,457,58842,,,3,,,0,0
河北,2025,历史类,高职专科,1867,浙江商业职业技术学院,,历史,446,47300,,,19,,,0,0
河北,2025,历史类,高职专科,187,长春职业技术大学,,历史,420,68889,,,20,,,0,0
河北,2025,历史类,高职专科,1876,郑州财税金融职业学院,,历史,459,76435,,,20,,,0,0
河北,2025,历史类,高职专科,1882,郑州旅游职业学院,,历史,400,101689,,,20,,,0,0
河北,2025,历史类,高职专科,1885,郑州幼儿师范高等专科学校,,历史,428,99444,,,7,,,0,0
河北,2025,历史类,高职专科,1886,郑州职业技术学院,,历史,411,82709,,,15,,,0,0
河北,2025,历史类,高职专科,19,安徽国际商务职业学院,,历史,396,89129,,,28,,,0,0
河北,2025,历史类,高职专科,191,长江工程职业技术学院,,历史,411,80573,,,25,,,0,0
河北,2025,历史类,高职专科,193,长江职业学院,,历史,442,74361,,,20,,,0,0
河北,2025,历史类,高职专科,194,长沙航空职业技术学院,,历史,473,47901,,,10,,,0,0
河北,2025,历史类,高职专科,196,长沙环境保护职业技术学院,,历史,401,95040,,,6,,,0,0
河北,2025,历史类,高职专科,1960,周口职业技术学院,,历史,407,81999,,,27,,,0,0
河北,2025,历史类,高职专科,1961,珠海城市职业技术学院,,历史,412,91317,,,11,,,0,0
河北,2025,历史类,高职专科,1962,驻马店职业技术学院,,历史,396,95040,,,48,,,0,0
河北,2025,历史类,高职专科,1963,淄博师范高等专科学校,,历史,456,66186,,,20,,,0,0
河北,2025,历史类,高职专科,1967,遵义职业技术学院,,历史,373,116363,,,10,,,0,0
河北,2025,历史类,高职专科,1973,北京中医药大学东方学院,,历史,419,106213,,,62,,,0,0
河北,2025,历史类,高职专科,1976,长江大学文理学院,,历史,387,125905,,,10,,,0,0
河北,2025,历史类,高职专科,198,长沙民政职业技术学院,,历史,471,40076,,,28,,,0,0
河北,2025,历史类,高职专科,199,长沙商贸旅游职业技术学院,,历史,412,111658,,,3,,,0,0
河北,2025,历史类,高职专科,2000,湖北工程学院新技术学院,,历史,379,103213,,,12,,,0,0
河北,2025,历史类,高职专科,2003,湖北师范大学文理学院,,历史,341,75054,,,12,,,0,0
河北,2025,历史类,高职专科,2007,华北理工大学轻工学院,,历史,342,122735,,,45,,,0,0
河北,2025,历史类,高职专科,202,长沙职业技术学院,,历史,434,95040,,,1,,,0,0
河北,2025,历史类,高职专科,2037,青岛农业大学海都学院,,历史,217,86954,,,30,,,0,0
河北,2025,历史类,高职专科,2038,三峡大学科技学院,,历史,423,97238,,,4,,,0,0
河北,2025,历史类,高职专科,205,长治职业技术学院,,历史,398,87656,,,10,,,0,0
河北,2025,历史类,高职专科,2055,武汉纺织大学外经贸学院,,历史,364,93574,,,14,,,0,0
河北,2025,历史类,高职专科,206,常德职业技术学院,,历史,452,77855,,,4,,,0,0
河北,2025,历史类,高职专科,2077,安徽矿业职业技术学院,,历史,361,145627,,,30,,,0,0
河北,2025,历史类,高职专科,2078,安徽绿海商务职业学院,,历史,310,145627,,,80,,,0,0
河北,2025,历史类,高职专科,2082,巴中职业技术学院,,历史,202,182979,,,113,,,0,0
河北,2025,历史类,高职专科,2083,白银希望职业技术学院,,历史,201,214808,,,85,,,0,0
河北,2025,历史类,高职专科,2085,蚌埠经济技术职业学院,,历史,271,209671,,,25,,,0,0
河北,2025,历史类,高职专科,2086,宝鸡三和职业学院,,历史,342,148089,,,90,,,0,0
河北,2025,历史类,高职专科,2087,宝鸡中北职业学院,,历史,219,143983,,,60,,,0,0
河北,2025,历史类,高职专科,2088,保定理工学院,,历史,307,160913,,,124,,,0,0
河北,2025,历史类,高职专科,2089,北海康养职业学院,,历史,229,182366,,,21,,,0,0
河北,2025,历史类,高职专科,209,常州工业职业技术学院,,历史,409,100926,,,11,,,0,0
河北,2025,历史类,高职专科,2091,北京北大方正软件职业技术学院,,历史,281,183650,,,80,,,0,0
河北,2025,历史类,高职专科,2093,北京汇佳职业学院,,历史,273,134968,,,84,,,0,0
河北,2025,历史类,高职专科,2095,北京经济技术职业学院,,历史,311,163236,,,114,,,0,0
河北,2025,历史类,高职专科,2096,北京经贸职业学院,,历史,313,150503,,,95,,,0,0
河北,2025,历史类,高职专科,2097,北京科技经营管理学院,,历史,261,157773,,,25,,,0,0
河北,2025,历史类,高职专科,2098,北京科技职业学院,,历史,307,86240,,,93,,,0,0
河北,2025,历史类,高职专科,2099,北京培黎职业学院,,历史,280,148089,,,98,,,0,0
河北,2025,历史类,高职专科,2100,北京网络职业学院,,历史,314,126708,,,77,,,0,0
河北,2025,历史类,高职专科,2101,北京艺术传媒职业学院,,历史,234,214347,,,42,,,0,0
河北,2025,历史类,高职专科,2102,滨州科技职业学院,,历史,309,142323,,,92,,,0,0
河北,2025,历史类,高职专科,2103,渤海理工职业学院,,历史,247,125905,,,641,,,0,0
河北,2025,历史类,高职专科,2104,沧州航空职业学院,,历史,262,181094,,,568,,,0,0
河北,2025,历史类,高职专科,2106,曹妃甸职业技术学院,,历史,235,130790,,,1000,,,0,0
河北,2025,历史类,高职专科,2109,长春东方职业学院,,历史,200,224360,,,141,,,0,0
河北,2025,历史类,高职专科,2112,长春健康职业学院,,历史,200,188063,,,172,,,0,0
河北,2025,历史类,高职专科,2113,长春科技学院,,历史,292,166276,,,137,,,0,0
河北,2025,历史类,高职专科,2116,长春数字科技职业学院,,历史,200,218353,,,79,,,0,0
河北,2025,历史类,高职专科,2117,长春信息技术职业学院,,历史,200,184260,,,291,,,0,0
河北,2025,历史类,高职专科,2118,长春早期教育职业学院,,历史,200,231363,,,310,,,0,0
河北,2025,历史类,高职专科,2119,长江艺术工程职业学院,,历史,219,191610,,,50,,,0,0
河北,2025,历史类,高职专科,212,朝阳师范学院,,历史,439,60189,,,23,,,0,0
河北,2025,历史类,高职专科,2120,长沙轨道交通职业学院,,历史,353,137371,,,9,,,0,0
河北,2025,历史类,高职专科,2121,长沙科技职业学院,,历史,201,234284,,,16,,,0,0
河北,2025,历史类,高职专科,2122,长沙南方职业学院,,历史,221,230703,,,2,,,0,0
河北,2025,历史类,高职专科,2123,长沙文创艺术职业学院,,历史,214,231667,,,15,,,0,0
河北,2025,历史类,高职专科,2126,长垣烹饪职业技术学院,,历史,340,153699,,,20,,,0,0
河北,2025,历史类,高职专科,2128,郴州思科职业学院,,历史,203,195536,,,18,,,0,0
河北,2025,历史类,高职专科,2129,郴州智能科技职业学院,,历史,206,198247,,,15,,,0,0
河北,2025,历史类,高职专科,2134,成都文理学院,,历史,232,182366,,,30,,,0,0
河北,2025,历史类,高职专科,2135,成都艺术职业大学,,历史,200,215266,,,50,,,0,0
河北,2025,历史类,高职专科,2137,重庆安防职业学院,,历史,200,233451,,,70,,,0,0
河北,2025,历史类,高职专科,214,成都纺织高等专科学校,,历史,457,52965,,,7,,,0,0
河北,2025,历史类,高职专科,2140,重庆传媒职业学院,,历史,205,135757,,,87,,,0,0
河北,2025,历史类,高职专科,2141,重庆电信职业学院,,历史,202,135757,,,58,,,0,0
河北,2025,历史类,高职专科,2142,重庆电讯职业学院,,历史,203,212014,,,88,,,0,0
河北,2025,历史类,高职专科,2144,重庆公共运输职业学院,,历史,261,129129,,,86,,,0,0
河北,2025,历史类,高职专科,2145,重庆海联职业技术学院,,历史,200,120421,,,240,,,0,0
河北,2025,历史类,高职专科,2148,重庆建筑科技职业学院,,历史,277,128342,,,23,,,0,0
河北,2025,历史类,高职专科,2149,重庆健康职业学院,,历史,201,200810,,,268,,,0,0
河北,2025,历史类,高职专科,215,成都工贸职业技术学院,,历史,449,84133,,,5,,,0,0
河北,2025,历史类,高职专科,2152,重庆经贸职业学院,,历史,207,147250,,,125,,,0,0
河北,2025,历史类,高职专科,2153,重庆科创职业学院,,历史,317,122735,,,2,,,0,0
河北,2025,历史类,高职专科,2154,重庆科技职业学院,,历史,201,155314,,,200,,,0,0
河北,2025,历史类,高职专科,2155,重庆理工职业学院,,历史,208,221862,,,53,,,0,0
河北,2025,历史类,高职专科,2156,重庆能源职业学院,,历史,202,160143,,,110,,,0,0
河北,2025,历史类,高职专科,2157,重庆轻工职业学院,,历史,233,171570,,,78,,,0,0
河北,2025,历史类,高职专科,2160,重庆数字产业职业技术学院,,历史,227,216611,,,85,,,0,0
河北,2025,历史类,高职专科,2162,重庆现代制造职业学院,,历史,200,156957,,,105,,,0,0
河北,2025,历史类,高职专科,2163,重庆信息技术职业学院,,历史,265,143983,,,56,,,0,0
河北,2025,历史类,高职专科,2165,重庆艺术工程职业学院,,历史,208,176443,,,83,,,0,0
河北,2025,历史类,高职专科,2166,重庆应用技术职业学院,,历史,201,230046,,,75,,,0,0
河北,2025,历史类,高职专科,2167,重庆智能工程职业学院,,历史,200,191021,,,106,,,0,0
河北,2025,历史类,高职专科,2168,重庆资源与环境保护职业学院,,历史,203,207248,,,100,,,0,0
河北,2025,历史类,高职专科,217,成都航空职业技术大学,,历史,454,67553,,,12,,,0,0
河北,2025,历史类,高职专科,2170,大连东软信息学院,,历史,200,234284,,,7,,,0,0
河北,2025,历史类,高职专科,2171,大连枫叶职业技术学院,,历史,200,154514,,,36,,,0,0
河北,2025,历史类,高职专科,2172,大连航运职业技术学院,,历史,343,142323,,,6,,,0,0
河北,2025,历史类,高职专科,2174,大连汽车职业技术学院,,历史,216,155314,,,8,,,0,0
河北,2025,历史类,高职专科,2175,大连艺术学院,,历史,203,223533,,,11,,,0,0
河北,2025,历史类,高职专科,2176,大连装备制造职业技术学院,,历史,362,105478,,,10,,,0,0
河北,2025,历史类,高职专科,2177,德阳城市轨道交通职业学院,,历史,203,223939,,,300,,,0,0
河北,2025,历史类,高职专科,2178,德阳科贸职业学院,,历史,200,198786,,,137,,,0,0
河北,2025,历史类,高职专科,2179,德阳农业科技职业学院,,历史,200,225554,,,119,,,0,0
河北,2025,历史类,高职专科,2180,德州工程职业学院,,历史,236,164763,,,90,,,0,0
河北,2025,历史类,高职专科,2181,德州科技职业学院,,历史,375,116363,,,65,,,0,0
河北,2025,历史类,高职专科,2188,赣西科技职业学院,,历史,290,174352,,,30,,,0,0
河北,2025,历史类,高职专科,2189,共青科技职业学院,,历史,236,218353,,,7,,,0,0
河北,2025,历史类,高职专科,2191,广东碧桂园职业学院,,历史,200,229705,,,13,,,0,0
河北,2025,历史类,高职专科,2192,广东创新科技职业学院,,历史,208,228570,,,27,,,0,0
河北,2025,历史类,高职专科,2195,广东酒店管理职业技术学院,,历史,200,222298,,,12,,,0,0
河北,2025,历史类,高职专科,2197,广东岭南职业技术学院,,历史,241,188063,,,10,,,0,0
河北,2025,历史类,高职专科,2198,广东南方职业学院,,历史,200,179163,,,10,,,0,0
河北,2025,历史类,高职专科,2199,广东文理职业学院,,历史,202,199806,,,52,,,0,0
河北,2025,历史类,高职专科,2200,广东亚视演艺职业学院,,历史,202,188685,,,53,,,0,0
河北,2025,历史类,高职专科,2201,广东肇庆航空职业学院,,历史,209,223119,,,22,,,0,0
河北,2025,历史类,高职专科,2203,广西经济职业学院,,历史,206,175771,,,54,,,0,0
河北,2025,历史类,高职专科,2205,广西理工职业技术学院,,历史,237,201309,,,6,,,0,0
河北,2025,历史类,高职专科,2209,广元中核职业技术学院,,历史,411,95040,,,6,,,0,0
河北,2025,历史类,高职专科,2210,广州城建职业学院,,历史,212,144787,,,14,,,0,0
河北,2025,历史类,高职专科,2213,广州华立科技职业学院,,历史,209,129959,,,42,,,0,0
河北,2025,历史类,高职专科,2215,广州华南商贸职业学院,,历史,214,229705,,,5,,,0,0
河北,2025,历史类,高职专科,2216,广州华商职业学院,,历史,207,185533,,,20,,,0,0
河北,2025,历史类,高职专科,2217,广州华夏职业学院,,历史,204,199290,,,11,,,0,0
河北,2025,历史类,高职专科,2219,广州南洋理工职业学院,,历史,257,163236,,,6,,,0,0
河北,2025,历史类,高职专科,2222,广州涉外经济职业技术学院,,历史,200,228570,,,35,,,0,0
河北,2025,历史类,高职专科,2224,广州珠江职业技术学院,,历史,201,227385,,,11,,,0,0
河北,2025,历史类,高职专科,2225,硅湖职业技术学院,,历史,256,216611,,,4,,,0,0
河北,2025,历史类,高职专科,2227,贵州城市职业学院,,历史,200,213875,,,410,,,0,0
河北,2025,历史类,高职专科,2228,贵州工程职业学院,,历史,289,173665,,,35,,,0,0
河北,2025,历史类,高职专科,2229,贵州工贸职业学院,,历史,211,191610,,,100,,,0,0
河北,2025,历史类,高职专科,2230,贵州工商职业学院,,历史,200,198786,,,267,,,0,0
河北,2025,历史类,高职专科,2231,贵州民用航空职业学院,,历史,202,213875,,,144,,,0,0
河北,2025,历史类,高职专科,2234,贵州盛华职业学院,,历史,302,170096,,,50,,,0,0
河北,2025,历史类,高职专科,2235,贵州铜仁数据职业学院,,历史,201,185533,,,85,,,0,0
河北,2025,历史类,高职专科,2236,贵州应用技术职业学院,,历史,202,189875,,,152,,,0,0
河北,2025,历史类,高职专科,2237,桂林山水职业学院,,历史,204,235042,,,170,,,0,0
河北,2025,历史类,高职专科,2238,桂林生命与健康职业技术学院,,历史,227,205774,,,25,,,0,0
河北,2025,历史类,高职专科,2239,桂林信息工程职业学院,,历史,200,217068,,,16,,,0,0
河北,2025,历史类,高职专科,2242,哈尔滨北方航空职业技术学院,,历史,201,188063,,,71,,,0,0
河北,2025,历史类,高职专科,2243,哈尔滨城市职业学院,,历史,249,211522,,,6,,,0,0
河北,2025,历史类,高职专科,2244,哈尔滨传媒职业学院,,历史,200,232264,,,66,,,0,0
河北,2025,历史类,高职专科,225,承德护理职业学院,,历史,406,64897,,,519,,,0,0
河北,2025,历史类,高职专科,2250,哈尔滨应用职业技术学院,,历史,200,223119,,,90,,,0,0
河北,2025,历史类,高职专科,2252,海口经济学院,,历史,200,217504,,,162,,,0,0
河北,2025,历史类,高职专科,2254,海南东方新丝路职业学院,,历史,200,225183,,,155,,,0,0
河北,2025,历史类,高职专科,2255,海南工商职业学院,,历史,201,211522,,,45,,,0,0
河北,2025,历史类,高职专科,2256,海南健康管理职业技术学院,,历史,227,216611,,,30,,,0,0
河北,2025,历史类,高职专科,2257,海南科技职业大学,,历史,228,208712,,,37,,,0,0
河北,2025,历史类,高职专科,2258,邯郸应用技术职业学院,,历史,299,148854,,,545,,,0,0
河北,2025,历史类,高职专科,2259,汉口学院,,历史,311,115568,,,25,,,0,0
河北,2025,历史类,高职专科,2261,合肥共达职业技术学院,,历史,348,114047,,,20,,,0,0
河北,2025,历史类,高职专科,2262,合肥科技职业学院,,历史,360,115568,,,10,,,0,0
河北,2025,历史类,高职专科,2263,和君职业学院,,历史,280,198247,,,4,,,0,0
河北,2025,历史类,高职专科,2267,河北科技学院,,历史,291,156127,,,474,,,0,0
河北,2025,历史类,高职专科,2268,河北美术学院,,历史,200,236029,,,20,,,0,0
河北,2025,历史类,高职专科,2269,河北外国语学院,,历史,246,118767,,,954,,,0,0
河北,2025,历史类,高职专科,2271,鹤壁汽车工程职业学院,,历史,200,186176,,,170,,,0,0
河北,2025,历史类,高职专科,2275,黑龙江三江美术职业学院,,历史,200,234284,,,40,,,0,0
河北,2025,历史类,高职专科,2277,衡阳科技职业学院,,历史,214,184260,,,40,,,0,0
河北,2025,历史类,高职专科,2278,衡阳理工职业学院,,历史,200,229705,,,20,,,0,0
河北,2025,历史类,高职专科,2279,湖北恩施学院,,历史,238,145627,,,55,,,0,0
河北,2025,历史类,高职专科,228,承德应用技术职业学院,,历史,385,90617,,,390,,,0,0
河北,2025,历史类,高职专科,2280,湖北健康职业学院,,历史,291,181094,,,30,,,0,0
河北,2025,历史类,高职专科,2281,湖北三峡航空学院,,历史,229,180467,,,14,,,0,0
河北,2025,历史类,高职专科,2282,湖北商贸学院,,历史,297,123521,,,20,,,0,0
河北,2025,历史类,高职专科,2283,湖北孝感美珈职业学院,,历史,208,194461,,,100,,,0,0
河北,2025,历史类,高职专科,2284,湖南电子科技职业学院,,历史,200,191610,,,12,,,0,0
河北,2025,历史类,高职专科,2285,湖南都市职业学院,,历史,203,232558,,,20,,,0,0
河北,2025,历史类,高职专科,2286,湖南高尔夫旅游职业学院,,历史,200,202812,,,8,,,0,0
河北,2025,历史类,高职专科,2287,湖南工商职业学院,,历史,201,182979,,,5,,,0,0
河北,2025,历史类,高职专科,2288,湖南吉利汽车职业技术学院,,历史,332,134968,,,6,,,0,0
河北,2025,历史类,高职专科,2289,湖南交通工程学院,,历史,282,147250,,,8,,,0,0
河北,2025,历史类,高职专科,2290,湖南软件职业技术大学,,历史,202,123521,,,14,,,0,0
河北,2025,历史类,高职专科,2291,湖南三一工业职业技术学院,,历史,318,150503,,,5,,,0,0
河北,2025,历史类,高职专科,2293,湖南外国语职业学院,,历史,201,214347,,,21,,,0,0
河北,2025,历史类,高职专科,2295,黄冈科技职业学院,,历史,266,154514,,,30,,,0,0
河北,2025,历史类,高职专科,2297,黄山健康职业学院,,历史,339,144787,,,37,,,0,0
河北,2025,历史类,高职专科,2299,吉林城市职业技术学院,,历史,200,207738,,,141,,,0,0
河北,2025,历史类,高职专科,230,赤峰工业职业技术学院,,历史,374,102415,,,148,,,0,0
河北,2025,历史类,高职专科,2302,吉林科技职业技术学院,,历史,200,218353,,,21,,,0,0
河北,2025,历史类,高职专科,2304,吉林职业技术学院,,历史,200,221862,,,44,,,0,0
河北,2025,历史类,高职专科,2305,建东职业技术学院,,历史,204,216611,,,16,,,0,0
河北,2025,历史类,高职专科,2306,江海职业技术学院,,历史,209,193853,,,18,,,0,0
河北,2025,历史类,高职专科,2307,江南影视艺术职业学院,,历史,235,225554,,,2,,,0,0
河北,2025,历史类,高职专科,2308,江西枫林涉外经贸职业学院,,历史,212,158541,,,70,,,0,0
河北,2025,历史类,高职专科,2311,江西工商职业技术学院,,历史,218,151294,,,35,,,0,0
河北,2025,历史类,高职专科,2312,江西航空职业技术学院,,历史,302,73651,,,39,,,0,0
河北,2025,历史类,高职专科,2314,江西洪州职业学院,,历史,203,204314,,,30,,,0,0
河北,2025,历史类,高职专科,2315,江西科技学院,,历史,316,150503,,,11,,,0,0
河北,2025,历史类,高职专科,2316,江西科技职业学院,,历史,263,144787,,,52,,,0,0
河北,2025,历史类,高职专科,2317,江西软件职业技术大学,,历史,205,181749,,,34,,,0,0
河北,2025,历史类,高职专科,2318,江西泰豪动漫职业学院,,历史,209,216171,,,10,,,0,0
河北,2025,历史类,高职专科,2319,江西新能源科技职业学院,,历史,311,162510,,,56,,,0,0
河北,2025,历史类,高职专科,2320,江西应用科技学院,,历史,254,217504,,,3,,,0,0
河北,2025,历史类,高职专科,2321,江西樟树中医药职业学院,,历史,345,138201,,,32,,,0,0
河北,2025,历史类,高职专科,2322,江阳城建职业学院,,历史,200,232849,,,140,,,0,0
河北,2025,历史类,高职专科,2323,金肯职业技术学院,,历史,200,223939,,,8,,,0,0
河北,2025,历史类,高职专科,2324,金山职业技术学院,,历史,200,188063,,,95,,,0,0
河北,2025,历史类,高职专科,2326,荆州学院,,历史,275,149702,,,18,,,0,0
河北,2025,历史类,高职专科,2327,景德镇陶瓷职业技术学院,,历史,217,220162,,,30,,,0,0
河北,2025,历史类,高职专科,2328,景德镇艺术职业大学,,历史,202,196653,,,17,,,0,0
河北,2025,历史类,高职专科,2329,九州职业技术学院,,历史,253,183650,,,3,,,0,0
河北,2025,历史类,高职专科,233,赤峰应用技术职业学院,,历史,369,98741,,,41,,,0,0
河北,2025,历史类,高职专科,2330,昆明城市学院,,历史,203,223119,,,75,,,0,0
河北,2025,历史类,高职专科,2331,昆明传媒学院,,历史,222,125905,,,30,,,0,0
河北,2025,历史类,高职专科,2332,昆明卫生职业学院,,历史,437,92814,,,2,,,0,0
河北,2025,历史类,高职专科,2332,昆明卫生职业学院,,"历史,化学",213,233156,,,14,,,0,0
河北,2025,历史类,高职专科,2334,昆明艺术职业学院,,历史,203,235775,,,5,,,0,0
河北,2025,历史类,高职专科,2335,昆山登云科技职业学院,,历史,207,209671,,,5,,,0,0
河北,2025,历史类,高职专科,2338,兰州科技职业学院,,历史,276,163236,,,29,,,0,0
河北,2025,历史类,高职专科,2339,兰州外语职业学院,,历史,200,223119,,,482,,,0,0
河北,2025,历史类,高职专科,234,重庆财经职业学院,,历史,443,59535,,,33,,,0,0
河北,2025,历史类,高职专科,2341,丽江文化旅游学院,,历史,209,186176,,,16,,,0,0
河北,2025,历史类,高职专科,2342,辽宁传媒学院,,历史,201,234808,,,15,,,0,0
河北,2025,历史类,高职专科,2344,辽宁广告职业学院,,历史,202,206311,,,24,,,0,0
河北,2025,历史类,高职专科,2347,辽宁理工职业大学,,历史,203,235775,,,2,,,0,0
河北,2025,历史类,高职专科,2348,林州建筑职业技术学院,,历史,207,185533,,,70,,,0,0
河北,2025,历史类,高职专科,235,重庆城市管理职业学院,,历史,462,75054,,,5,,,0,0
河北,2025,历史类,高职专科,2350,泸州医疗器械职业学院,,历史,248,117945,,,22,,,0,0
河北,2025,历史类,高职专科,2351,洛阳科技职业学院,,历史,288,182979,,,78,,,0,0
河北,2025,历史类,高职专科,2352,漯河食品工程职业大学,,历史,244,215727,,,70,,,0,0
河北,2025,历史类,高职专科,2354,眉山药科职业学院,,历史,200,222677,,,52,,,0,0
河北,2025,历史类,高职专科,2355,梅河口康美职业技术学院,,历史,375,100926,,,47,,,0,0
河北,2025,历史类,高职专科,2357,绵阳飞行职业学院,,历史,200,232264,,,85,,,0,0
河北,2025,历史类,高职专科,2358,民办合肥滨湖职业技术学院,,历史,302,147250,,,28,,,0,0
河北,2025,历史类,高职专科,2359,民办合肥财经职业学院,,历史,353,133274,,,5,,,0,0
河北,2025,历史类,高职专科,236,重庆城市职业学院,,历史,434,81999,,,48,,,0,0
河北,2025,历史类,高职专科,2360,民办合肥经济技术职业学院,,历史,375,112514,,,4,,,0,0
河北,2025,历史类,高职专科,2361,民办四川天一学院,,历史,202,172954,,,240,,,0,0
河北,2025,历史类,高职专科,2362,民办万博科技职业学院,,历史,334,163236,,,15,,,0,0
河北,2025,历史类,高职专科,2363,明达职业技术学院,,历史,200,230703,,,24,,,0,0
河北,2025,历史类,高职专科,2364,南昌工学院,,历史,300,113290,,,26,,,0,0
河北,2025,历史类,高职专科,2366,南昌理工学院,,历史,205,132507,,,40,,,0,0
河北,2025,历史类,高职专科,2367,南昌应用技术师范学院,,历史,389,129959,,,2,,,0,0
河北,2025,历史类,高职专科,2369,南昌职业大学,,历史,203,223119,,,10,,,0,0
河北,2025,历史类,高职专科,2370,南充电影工业职业学院,,历史,200,215266,,,188,,,0,0
河北,2025,历史类,高职专科,2371,南充科技职业学院,,历史,204,192722,,,79,,,0,0
河北,2025,历史类,高职专科,2373,南京视觉艺术职业学院,,历史,200,232264,,,24,,,0,0
河北,2025,历史类,高职专科,2377,南阳职业学院,,历史,291,108538,,,35,,,0,0
河北,2025,历史类,高职专科,2378,内蒙古北方职业技术学院,,历史,365,95761,,,41,,,0,0
河北,2025,历史类,高职专科,2379,内蒙古丰州职业学院,,历史,322,146480,,,60,,,0,0
河北,2025,历史类,高职专科,2381,内蒙古科技职业学院,,历史,357,139046,,,10,,,0,0
河北,2025,历史类,高职专科,2382,内蒙古美术职业学院,,历史,330,155314,,,10,,,0,0
河北,2025,历史类,高职专科,2383,内蒙古能源职业学院,,历史,366,143983,,,5,,,0,0
河北,2025,历史类,高职专科,2386,攀枝花攀西职业学院,,历史,208,212494,,,85,,,0,0
河北,2025,历史类,高职专科,2387,齐鲁理工学院,,历史,371,142323,,,10,,,0,0
河北,2025,历史类,高职专科,2388,齐鲁医药学院,,历史,386,77855,,,12,,,0,0
河北,2025,历史类,高职专科,2391,齐齐哈尔立德健康职业学院,,历史,200,234558,,,157,,,0,0
河北,2025,历史类,高职专科,2396,青岛航空科技职业学院,,历史,255,164763,,,44,,,0,0
河北,2025,历史类,高职专科,2397,青岛恒星科技学院,,历史,215,176443,,,65,,,0,0
河北,2025,历史类,高职专科,2398,青岛黄海学院,,历史,256,167086,,,62,,,0,0
河北,2025,历史类,高职专科,2399,青岛求实职业技术学院,,历史,319,107774,,,65,,,0,0
河北,2025,历史类,高职专科,2400,曲阜远东职业技术学院,,历史,343,137371,,,30,,,0,0
河北,2025,历史类,高职专科,2401,泉州纺织服装职业学院,,历史,207,210140,,,28,,,0,0
河北,2025,历史类,高职专科,2402,泉州工程职业技术学院,,历史,309,160143,,,4,,,0,0
河北,2025,历史类,高职专科,2403,泉州海洋职业学院,,历史,205,142323,,,89,,,0,0
河北,2025,历史类,高职专科,2404,泉州华光职业学院,,历史,279,205309,,,3,,,0,0
河北,2025,历史类,高职专科,2405,泉州轻工职业学院,,历史,267,209214,,,4,,,0,0
河北,2025,历史类,高职专科,2408,日照航海工程职业学院,,历史,338,114830,,,99,,,0,0
河北,2025,历史类,高职专科,2409,日照康养职业学院,,历史,236,225183,,,7,,,0,0
河北,2025,历史类,高职专科,2411,三亚城市职业学院,,历史,201,189315,,,168,,,0,0
河北,2025,历史类,高职专科,2412,三亚航空旅游职业学院,,历史,200,176443,,,68,,,0,0
河北,2025,历史类,高职专科,2413,三亚护理职业学院,,历史,200,212948,,,435,,,0,0
河北,2025,历史类,高职专科,2414,三亚理工职业学院,,历史,213,170096,,,13,,,0,0
河北,2025,历史类,高职专科,2416,三亚中瑞酒店管理职业学院,,历史,201,151294,,,50,,,0,0
河北,2025,历史类,高职专科,2417,山东工程职业技术大学,,历史,213,212948,,,90,,,0,0
河北,2025,历史类,高职专科,2418,山东海事职业学院,,历史,337,122735,,,76,,,0,0
河北,2025,历史类,高职专科,242,重庆电力高等专科学校,,历史,475,50419,,,20,,,0,0
河北,2025,历史类,高职专科,2420,山东力明科技职业学院,,历史,246,97238,,,65,,,0,0
河北,2025,历史类,高职专科,2421,山东圣翰财贸职业学院,,历史,200,156957,,,173,,,0,0
河北,2025,历史类,高职专科,2422,山东外国语职业技术大学,,历史,308,144787,,,15,,,0,0
河北,2025,历史类,高职专科,2423,山东外事职业大学,,历史,220,151294,,,149,,,0,0
河北,2025,历史类,高职专科,2424,山东文化产业职业学院,,历史,237,195013,,,145,,,0,0
河北,2025,历史类,高职专科,2425,山东现代学院,,历史,378,101689,,,12,,,0,0
河北,2025,历史类,高职专科,2427,山东艺术设计职业学院,,历史,234,203341,,,60,,,0,0
河北,2025,历史类,高职专科,2428,山东英才学院,,历史,201,160143,,,65,,,0,0
河北,2025,历史类,高职专科,243,重庆电子科技职业大学,,历史,466,62196,,,15,,,0,0
河北,2025,历史类,高职专科,2431,山西老区职业技术学院,,历史,403,104714,,,8,,,0,0
河北,2025,历史类,高职专科,2432,山西同文职业技术学院,,历史,328,105478,,,86,,,0,0
河北,2025,历史类,高职专科,2433,山西信息职业技术学院,,历史,260,201309,,,110,,,0,0
河北,2025,历史类,高职专科,2435,陕西电子信息职业技术学院,,历史,265,81999,,,20,,,0,0
河北,2025,历史类,高职专科,2436,陕西服装工程学院,,历史,314,157773,,,5,,,0,0
河北,2025,历史类,高职专科,2437,陕西国际商贸学院,,历史,352,148854,,,10,,,0,0
河北,2025,历史类,高职专科,2438,陕西旅游烹饪职业学院,,历史,200,138201,,,96,,,0,0
河北,2025,历史类,高职专科,244,重庆工程职业技术学院,,历史,465,66186,,,2,,,0,0
河北,2025,历史类,高职专科,2441,上海邦德职业技术学院,,历史,213,223119,,,13,,,0,0
河北,2025,历史类,高职专科,2442,上海电影艺术职业学院,,历史,204,227792,,,8,,,0,0
河北,2025,历史类,高职专科,2443,上海东海职业技术学院,,历史,200,223119,,,22,,,0,0
河北,2025,历史类,高职专科,2444,上海工商外国语职业学院,,历史,322,150503,,,2,,,0,0
河北,2025,历史类,高职专科,2445,上海工商职业技术学院,,历史,208,214808,,,25,,,0,0
河北,2025,历史类,高职专科,2446,上海济光职业技术学院,,历史,217,170874,,,14,,,0,0
河北,2025,历史类,高职专科,2448,上海立达学院,,历史,388,130790,,,2,,,0,0
河北,2025,历史类,高职专科,2449,上海民远职业技术学院,,历史,201,233451,,,14,,,0,0
河北,2025,历史类,高职专科,2452,上海思博职业技术学院,,历史,238,196083,,,4,,,0,0
河北,2025,历史类,高职专科,2453,上海震旦职业学院,,历史,205,213875,,,14,,,0,0
河北,2025,历史类,高职专科,2454,上海中侨职业技术大学,,历史,205,199290,,,5,,,0,0
河北,2025,历史类,高职专科,2455,绍兴职业技术学院,,历史,397,123521,,,1,,,0,0
河北,2025,历史类,高职专科,2456,沈阳北软信息职业技术学院,,历史,200,194461,,,22,,,0,0
河北,2025,历史类,高职专科,2457,沈阳城市建设学院,,历史,242,222677,,,2,,,0,0
河北,2025,历史类,高职专科,2459,沈阳工学院,,历史,362,105478,,,7,,,0,0
河北,2025,历史类,高职专科,246,重庆工商职业学院,,历史,421,67553,,,32,,,0,0
河北,2025,历史类,高职专科,2461,石家庄财经职业学院,,历史,282,129959,,,1333,,,0,0
河北,2025,历史类,高职专科,2462,石家庄城市经济职业学院,,历史,285,143213,,,447,,,0,0
河北,2025,历史类,高职专科,2463,石家庄工程职业学院,,历史,301,145627,,,905,,,0,0
河北,2025,历史类,高职专科,2464,石家庄工商职业学院,,历史,349,107005,,,252,,,0,0
河北,2025,历史类,高职专科,2465,石家庄金融职业学院,,历史,273,177797,,,990,,,0,0
河北,2025,历史类,高职专科,2466,石家庄经济职业学院,,历史,200,177797,,,2440,,,0,0
河北,2025,历史类,高职专科,2467,石家庄科技信息职业学院,,历史,262,113290,,,550,,,0,0
河北,2025,历史类,高职专科,2468,石家庄科技职业学院,,历史,296,111658,,,745,,,0,0
河北,2025,历史类,高职专科,2469,石家庄理工职业学院,,历史,239,100926,,,979,,,0,0
河北,2025,历史类,高职专科,247,重庆工信职业学院,,历史,430,77855,,,20,,,0,0
河北,2025,历史类,高职专科,2470,石家庄农林职业学院,,历史,233,193279,,,735,,,0,0
河北,2025,历史类,高职专科,2471,石家庄人民医学高等专科学校,,历史,284,92029,,,575,,,0,0
河北,2025,历史类,高职专科,2472,石家庄医学高等专科学校,,历史,303,103981,,,1005,,,0,0
河北,2025,历史类,高职专科,2473,四川长江职业学院,,历史,200,205309,,,130,,,0,0
河北,2025,历史类,高职专科,2474,四川城市职业学院,,历史,204,218804,,,115,,,0,0
河北,2025,历史类,高职专科,2475,四川传媒学院,,历史,382,135757,,,2,,,0,0
河北,2025,历史类,高职专科,2476,四川电影电视学院,,历史,289,137371,,,24,,,0,0
河北,2025,历史类,高职专科,2477,四川电子机械职业技术学院,,历史,211,208712,,,29,,,0,0
河北,2025,历史类,高职专科,2478,四川工商学院,,历史,217,150503,,,8,,,0,0
河北,2025,历史类,高职专科,2479,四川工业科技学院,,历史,340,169364,,,1,,,0,0
河北,2025,历史类,高职专科,248,重庆工业职业技术大学,,历史,422,70271,,,6,,,0,0
河北,2025,历史类,高职专科,2480,四川国际标榜职业学院,,历史,200,215727,,,83,,,0,0
河北,2025,历史类,高职专科,2481,四川华新现代职业学院,,历史,201,173665,,,34,,,0,0
河北,2025,历史类,高职专科,2482,四川科技职业学院,,历史,200,176443,,,210,,,0,0
河北,2025,历史类,高职专科,2483,四川汽车职业技术学院,,历史,204,222298,,,101,,,0,0
河北,2025,历史类,高职专科,2484,四川托普信息技术职业学院,,历史,206,206311,,,19,,,0,0
河北,2025,历史类,高职专科,2485,四川文化传媒职业学院,,历史,202,181094,,,40,,,0,0
河北,2025,历史类,高职专科,2486,四川文化艺术学院,,历史,253,167871,,,18,,,0,0
河北,2025,历史类,高职专科,2487,四川文轩职业学院,,历史,200,165560,,,220,,,0,0
河北,2025,历史类,高职专科,2488,四川西南航空职业学院,,历史,215,159351,,,235,,,0,0
河北,2025,历史类,高职专科,2489,四川希望汽车职业学院,,历史,202,233451,,,100,,,0,0
河北,2025,历史类,高职专科,249,重庆航天职业技术学院,,历史,473,67553,,,2,,,0,0
河北,2025,历史类,高职专科,2490,四川现代职业学院,,历史,209,168612,,,20,,,0,0
河北,2025,历史类,高职专科,2491,四川应用技术职业学院,,历史,200,225917,,,265,,,0,0
河北,2025,历史类,高职专科,2492,苏州高博职业学院,,历史,204,230046,,,36,,,0,0
河北,2025,历史类,高职专科,2493,宿迁泽达职业技术学院,,历史,200,236271,,,4,,,0,0
河北,2025,历史类,高职专科,2494,宿迁职业技术学院,,历史,200,210140,,,40,,,0,0
河北,2025,历史类,高职专科,2495,宿州航空职业学院,,历史,242,201821,,,25,,,0,0
河北,2025,历史类,高职专科,2496,遂宁工程职业学院,,历史,207,219741,,,69,,,0,0
河北,2025,历史类,高职专科,2497,遂宁职业学院,,历史,201,217955,,,95,,,0,0
河北,2025,历史类,高职专科,2498,太湖创意职业技术学院,,历史,384,134129,,,1,,,0,0
河北,2025,历史类,高职专科,2499,泰山科技学院,,历史,201,213409,,,88,,,0,0
河北,2025,历史类,高职专科,2500,唐山海运职业学院,,历史,214,171570,,,950,,,0,0
河北,2025,历史类,高职专科,2501,天府新区航空旅游职业学院,,历史,200,223533,,,290,,,0,0
河北,2025,历史类,高职专科,2502,天府新区通用航空职业学院,,历史,201,212948,,,60,,,0,0
河北,2025,历史类,高职专科,2503,天府新区信息职业学院,,历史,200,221451,,,164,,,0,0
河北,2025,历史类,高职专科,2504,天津滨海汽车工程职业学院,,历史,202,164763,,,900,,,0,0
河北,2025,历史类,高职专科,2507,天津天狮学院,,历史,270,188685,,,16,,,0,0
河北,2025,历史类,高职专科,2509,潍坊工商职业学院,,历史,221,110112,,,115,,,0,0
河北,2025,历史类,高职专科,2510,潍坊环境工程职业学院,,历史,302,122735,,,123,,,0,0
河北,2025,历史类,高职专科,2513,潍坊理工学院,,历史,291,149702,,,17,,,0,0
河北,2025,历史类,高职专科,2514,潍坊食品科技职业学院,,历史,269,203831,,,80,,,0,0
河北,2025,历史类,高职专科,2515,温州商学院,,历史,418,87656,,,2,,,0,0
河北,2025,历史类,高职专科,2516,文华学院,,历史,316,140681,,,30,,,0,0
河北,2025,历史类,高职专科,2517,无锡南洋职业技术学院,,历史,208,206311,,,28,,,0,0
河北,2025,历史类,高职专科,2519,梧州医学高等专科学校,,历史,354,113290,,,5,,,0,0
河北,2025,历史类,高职专科,2521,武昌理工学院,,历史,301,125905,,,14,,,0,0
河北,2025,历史类,高职专科,2522,武昌首义学院,,历史,307,139883,,,45,,,0,0
河北,2025,历史类,高职专科,2523,武昌职业学院,,历史,273,152071,,,35,,,0,0
河北,2025,历史类,高职专科,2526,武汉传媒学院,,历史,359,137371,,,17,,,0,0
河北,2025,历史类,高职专科,2527,武汉东湖学院,,历史,278,148854,,,45,,,0,0
河北,2025,历史类,高职专科,2528,武汉工程科技学院,,历史,253,151294,,,75,,,0,0
河北,2025,历史类,高职专科,2529,武汉工商学院,,历史,379,135757,,,6,,,0,0
河北,2025,历史类,高职专科,2530,武汉光谷职业学院,,历史,347,133274,,,25,,,0,0
河北,2025,历史类,高职专科,2533,武汉商贸职业学院,,历史,236,107005,,,52,,,0,0
河北,2025,历史类,高职专科,2535,武汉生物工程学院,,历史,367,109310,,,16,,,0,0
河北,2025,历史类,高职专科,2536,武汉外语外事职业学院,,历史,373,102415,,,12,,,0,0
河北,2025,历史类,高职专科,2537,武汉文理学院,,历史,369,107774,,,18,,,0,0
河北,2025,历史类,高职专科,2538,武汉信息传播职业技术学院,,历史,351,152892,,,5,,,0,0
河北,2025,历史类,高职专科,2540,武夷山职业学院,,历史,228,228175,,,2,,,0,0
河北,2025,历史类,高职专科,2541,西安城市建设职业学院,,历史,202,183650,,,255,,,0,0
河北,2025,历史类,高职专科,2542,西安翻译学院,,历史,209,101689,,,19,,,0,0
河北,2025,历史类,高职专科,2543,西安高新科技职业学院,,历史,369,98741,,,25,,,0,0
河北,2025,历史类,高职专科,2544,西安工商学院,,历史,331,135757,,,56,,,0,0
河北,2025,历史类,高职专科,2545,西安海棠职业学院,,历史,363,107005,,,75,,,0,0
河北,2025,历史类,高职专科,2546,西安交通工程学院,,历史,367,109310,,,16,,,0,0
河北,2025,历史类,高职专科,2547,西安明德理工学院,,历史,296,150503,,,42,,,0,0
河北,2025,历史类,高职专科,2548,西安欧亚学院,,历史,307,121153,,,17,,,0,0
河北,2025,历史类,高职专科,255,重庆青年职业技术学院,,历史,452,76435,,,25,,,0,0
河北,2025,历史类,高职专科,2550,西安汽车职业大学,,历史,207,183650,,,145,,,0,0
河北,2025,历史类,高职专科,2551,西安思源学院,,历史,228,110112,,,39,,,0,0
河北,2025,历史类,高职专科,2552,西安外事学院,,历史,203,100182,,,157,,,0,0
河北,2025,历史类,高职专科,2553,西安信息职业大学,,历史,205,152892,,,120,,,0,0
河北,2025,历史类,高职专科,2554,西安医学高等专科学校,,历史,442,71648,,,20,,,0,0
河北,2025,历史类,高职专科,2556,厦门安防科技职业学院,,历史,326,152892,,,4,,,0,0
河北,2025,历史类,高职专科,2557,厦门东海职业技术学院,,历史,249,176443,,,8,,,0,0
河北,2025,历史类,高职专科,2559,厦门华天涉外职业技术学院,,历史,202,223119,,,40,,,0,0
河北,2025,历史类,高职专科,2561,厦门南洋职业学院,,历史,229,217955,,,7,,,0,0
河北,2025,历史类,高职专科,2563,厦门兴才职业技术学院,,历史,218,220162,,,9,,,0,0
河北,2025,历史类,高职专科,2566,潇湘职业学院,,历史,200,219273,,,10,,,0,0
河北,2025,历史类,高职专科,2567,新疆科技职业技术学院,,历史,246,202329,,,26,,,0,0
河北,2025,历史类,高职专科,2568,新疆科信职业技术学院,,历史,293,182366,,,10,,,0,0
河北,2025,历史类,高职专科,2569,新疆能源职业技术学院,,历史,280,141519,,,18,,,0,0
河北,2025,历史类,高职专科,2570,新疆天山职业技术大学,,历史,301,143983,,,7,,,0,0
河北,2025,历史类,高职专科,2571,新疆现代职业技术学院,,历史,248,201821,,,8,,,0,0
河北,2025,历史类,高职专科,2572,信阳航空职业学院,,历史,203,234284,,,20,,,0,0
河北,2025,历史类,高职专科,2573,信阳涉外职业技术学院,,历史,307,159351,,,30,,,0,0
河北,2025,历史类,高职专科,2575,邢台新能源职业学院,,历史,282,147250,,,777,,,0,0
河北,2025,历史类,高职专科,2576,邢台应用技术职业学院,,历史,260,173665,,,860,,,0,0
河北,2025,历史类,高职专科,2577,烟台城市科技职业学院,,历史,310,139046,,,88,,,0,0
河北,2025,历史类,高职专科,2578,烟台黄金职业学院,,历史,245,173665,,,200,,,0,0
河北,2025,历史类,高职专科,2579,烟台科技学院,,历史,310,189315,,,5,,,0,0
河北,2025,历史类,高职专科,258,重庆商务职业学院,,历史,439,64897,,,19,,,0,0
河北,2025,历史类,高职专科,2581,烟台南山学院,,历史,327,151294,,,46,,,0,0
河北,2025,历史类,高职专科,2582,炎黄职业技术学院,,历史,201,230398,,,10,,,0,0
河北,2025,历史类,高职专科,2583,燕京理工学院,,历史,309,125905,,,347,,,0,0
河北,2025,历史类,高职专科,2584,扬州中瑞酒店职业学院,,历史,201,226670,,,15,,,0,0
河北,2025,历史类,高职专科,2587,银川科技学院,,历史,240,147250,,,32,,,0,0
河北,2025,历史类,高职专科,2589,榆林能源科技职业学院,,历史,318,129959,,,263,,,0,0
河北,2025,历史类,高职专科,2591,岳阳现代服务职业学院,,历史,216,225183,,,3,,,0,0
河北,2025,历史类,高职专科,2593,云南城市建设职业学院,,历史,201,221451,,,170,,,0,0
河北,2025,历史类,高职专科,2594,云南工程职业学院,,历史,202,200810,,,15,,,0,0
河北,2025,历史类,高职专科,2595,云南工商学院,,历史,200,233451,,,168,,,0,0
河北,2025,历史类,高职专科,2596,云南经济管理学院,,历史,209,126708,,,28,,,0,0
河北,2025,历史类,高职专科,2597,云南经贸外事职业学院,,历史,212,212948,,,19,,,0,0
河北,2025,历史类,高职专科,2597,云南经贸外事职业学院,,"历史,生物",239,223939,,,2,,,0,0
河北,2025,历史类,高职专科,2598,云南科技信息职业学院,,历史,299,182366,,,2,,,0,0
河北,2025,历史类,高职专科,2599,云南理工职业学院,,历史,201,207738,,,40,,,0,0
河北,2025,历史类,高职专科,260,重庆水利电力职业技术学院,,历史,473,63585,,,3,,,0,0
河北,2025,历史类,高职专科,2600,云南三鑫职业技术学院,,历史,207,221451,,,140,,,0,0
河北,2025,历史类,高职专科,2601,云南商务职业学院,,历史,202,204314,,,106,,,0,0
河北,2025,历史类,高职专科,2602,云南外事外语职业学院,,历史,203,206311,,,65,,,0,0
河北,2025,历史类,高职专科,2603,云南新兴职业学院,,历史,212,193279,,,64,,,0,0
河北,2025,历史类,高职专科,2604,云南医药健康职业学院,,历史,224,116363,,,62,,,0,0
河北,2025,历史类,高职专科,2607,张家界学院,,历史,210,212014,,,7,,,0,0
河北,2025,历史类,高职专科,2608,漳州科技职业学院,,历史,221,201309,,,10,,,0,0
河北,2025,历史类,高职专科,2609,漳州理工职业学院,,历史,276,169364,,,5,,,0,0
河北,2025,历史类,高职专科,2620,郑州商贸旅游职业学院,,历史,371,144787,,,5,,,0,0
河北,2025,历史类,高职专科,2623,郑州食品工程职业学院,,历史,200,228570,,,22,,,0,0
河北,2025,历史类,高职专科,2625,郑州信息工程职业学院,,历史,339,156957,,,25,,,0,0
河北,2025,历史类,高职专科,2626,郑州医药健康职业学院,,历史,353,117945,,,17,,,0,0
河北,2025,历史类,高职专科,2628,株洲科技职业学院,,历史,204,219273,,,6,,,0,0
河北,2025,历史类,高职专科,2630,珠海艺术职业学院,,历史,207,233156,,,7,,,0,0
河北,2025,历史类,高职专科,2631,资阳环境科技职业学院,,历史,201,231020,,,100,,,0,0
河北,2025,历史类,高职专科,2633,自贡职业技术学院,,历史,200,221031,,,205,,,0,0
河北,2025,历史类,高职专科,265,重庆医药高等专科学校,,历史,480,39505,,,8,,,0,0
河北,2025,历史类,高职专科,268,滁州城市职业学院,,历史,419,97977,,,15,,,0,0
河北,2025,历史类,高职专科,270,滁州职业技术学院,,历史,437,92814,,,5,,,0,0
河北,2025,历史类,高职专科,272,楚雄医药高等专科学校,,历史,449,84133,,,2,,,0,0
河北,2025,历史类,高职专科,274,川南幼儿师范高等专科学校,,历史,398,122735,,,10,,,0,0
河北,2025,历史类,高职专科,28,安徽商贸职业技术学院,,历史,446,61531,,,12,,,0,0
河北,2025,历史类,高职专科,29,安徽审计职业学院,,历史,440,76435,,,12,,,0,0
河北,2025,历史类,高职专科,293,大连职业技术学院,,历史,427,58842,,,15,,,0,0
河北,2025,历史类,高职专科,295,大庆医学高等专科学校,,历史,418,52355,,,32,,,0,0
河北,2025,历史类,高职专科,296,大庆职业学院,,历史,389,94308,,,14,,,0,0
河北,2025,历史类,高职专科,297,大同师范高等专科学校,,历史,435,64257,,,38,,,0,0
河北,2025,历史类,高职专科,298,大兴安岭职业学院,,历史,370,102415,,,12,,,0,0
河北,2025,历史类,高职专科,299,德宏职业学院,,历史,414,110112,,,9,,,0,0
河北,2025,历史类,高职专科,3,阿拉善职业技术学院,,历史,349,134129,,,169,,,0,0
河北,2025,历史类,高职专科,301,德州职业技术学院,,历史,388,116363,,,80,,,0,0
河北,2025,历史类,高职专科,307,定西职业技术学院,,历史,383,92029,,,11,,,0,0
河北,2025,历史类,高职专科,31,安徽水利水电职业技术学院,,历史,413,110870,,,5,,,0,0
河北,2025,历史类,高职专科,32,安徽卫生健康职业学院,,历史,436,93574,,,18,,,0,0
河北,2025,历史类,高职专科,33,安徽新闻出版职业技术学院,,历史,405,81315,,,20,,,0,0
河北,2025,历史类,高职专科,330,东莞职业技术学院,,历史,395,72311,,,11,,,0,0
河北,2025,历史类,高职专科,331,东营科技职业学院,,历史,381,79202,,,150,,,0,0
河北,2025,历史类,高职专科,332,东营职业学院,,历史,475,66186,,,2,,,0,0
河北,2025,历史类,高职专科,335,鄂尔多斯生态环境职业学院,,历史,367,112514,,,15,,,0,0
河北,2025,历史类,高职专科,337,鄂尔多斯职业学院,,历史,349,116363,,,103,,,0,0
河北,2025,历史类,高职专科,338,鄂州职业大学,,历史,391,85550,,,39,,,0,0
河北,2025,历史类,高职专科,339,恩施职业技术学院,,历史,363,101689,,,31,,,0,0
河北,2025,历史类,高职专科,34,安徽冶金科技职业学院,,历史,392,80573,,,17,,,0,0
河北,2025,历史类,高职专科,349,福建水利电力职业技术学院,,历史,397,123521,,,3,,,0,0
河北,2025,历史类,高职专科,354,福州墨尔本理工职业学院,,历史,330,122735,,,9,,,0,0
河北,2025,历史类,高职专科,355,抚顺职业技术学院,,历史,396,84133,,,17,,,0,0
河北,2025,历史类,高职专科,356,抚州医药学院,,历史,442,68218,,,27,,,0,0
河北,2025,历史类,高职专科,357,抚州幼儿师范高等专科学校,,历史,413,98741,,,10,,,0,0
河北,2025,历史类,高职专科,358,抚州职业技术学院,,历史,409,85550,,,5,,,0,0
河北,2025,历史类,高职专科,359,阜新高等专科学校,,历史,392,79917,,,20,,,0,0
河北,2025,历史类,高职专科,361,阜阳职业技术学院,,历史,403,81315,,,10,,,0,0
河北,2025,历史类,高职专科,367,甘肃财贸职业学院,,历史,394,91317,,,22,,,0,0
河北,2025,历史类,高职专科,368,甘肃钢铁职业技术学院,,历史,367,84857,,,11,,,0,0
河北,2025,历史类,高职专科,369,甘肃工业职业技术大学,,历史,403,118767,,,2,,,0,0
河北,2025,历史类,高职专科,370,甘肃建筑职业技术学院,,历史,377,138201,,,10,,,0,0
河北,2025,历史类,高职专科,371,甘肃交通职业技术学院,,历史,430,97238,,,2,,,0,0
河北,2025,历史类,高职专科,372,甘肃林业职业技术大学,,历史,395,83390,,,5,,,0,0
河北,2025,历史类,高职专科,375,甘肃农业职业技术学院,,历史,391,126708,,,4,,,0,0
河北,2025,历史类,高职专科,376,甘肃畜牧工程职业技术学院,,历史,362,94308,,,131,,,0,0
河北,2025,历史类,高职专科,378,甘肃有色冶金职业技术学院,,历史,353,124278,,,93,,,0,0
河北,2025,历史类,高职专科,38,安徽职业技术大学,,历史,439,75757,,,4,,,0,0
河北,2025,历史类,高职专科,384,赣南卫生健康职业学院,,历史,432,96493,,,2,,,0,0
河北,2025,历史类,高职专科,386,赣州职业技术学院,,历史,383,88381,,,16,,,0,0
河北,2025,历史类,高职专科,388,广东财贸职业学院,,历史,384,117945,,,20,,,0,0
河北,2025,历史类,高职专科,39,安徽中澳科技职业学院,,历史,406,99444,,,8,,,0,0
河北,2025,历史类,高职专科,390,广东工程职业技术学院,,历史,440,90617,,,5,,,0,0
河北,2025,历史类,高职专科,391,广东工贸职业技术学院,,历史,431,97238,,,5,,,0,0
河北,2025,历史类,高职专科,395,广东江门中医药职业学院,,历史,457,71648,,,5,,,0,0
河北,2025,历史类,高职专科,396,广东交通职业技术学院,,历史,411,112514,,,5,,,0,0
河北,2025,历史类,高职专科,398,广东科贸职业学院,,历史,409,95761,,,15,,,0,0
河北,2025,历史类,高职专科,399,广东科学技术职业学院,,历史,415,75757,,,4,,,0,0
河北,2025,历史类,高职专科,4,阿勒泰职业技术学院,,历史,334,112514,,,31,,,0,0
河北,2025,历史类,高职专科,400,广东理工职业学院,,历史,413,104714,,,4,,,0,0
河北,2025,历史类,高职专科,402,广东南华工商职业学院,,历史,371,119579,,,25,,,0,0
河北,2025,历史类,高职专科,403,广东农工商职业技术学院,,历史,222,127497,,,17,,,0,0
河北,2025,历史类,高职专科,404,广东女子职业技术学院,,历史,405,110870,,,3,,,0,0
河北,2025,历史类,高职专科,405,广东轻工职业技术大学,,历史,456,64897,,,3,,,0,0
河北,2025,历史类,高职专科,406,广东生态工程职业学院,,历史,391,79917,,,8,,,0,0
河北,2025,历史类,高职专科,407,广东省外语艺术职业学院,,历史,378,139046,,,10,,,0,0
河北,2025,历史类,高职专科,409,广东食品药品职业学院,,历史,415,86240,,,4,,,0,0
河北,2025,历史类,高职专科,414,广东艺术职业学院,,历史,375,133274,,,16,,,0,0
河北,2025,历史类,高职专科,415,广西安全工程职业技术学院,,历史,372,105478,,,15,,,0,0
河北,2025,历史类,高职专科,418,广西电力职业技术学院,,历史,429,68889,,,18,,,0,0
河北,2025,历史类,高职专科,419,广西国际商务职业技术学院,,历史,374,109310,,,10,,,0,0
河北,2025,历史类,高职专科,42,安康职业技术学院,,历史,387,92029,,,17,,,0,0
河北,2025,历史类,高职专科,420,广西建设职业技术学院,,历史,398,117145,,,6,,,0,0
河北,2025,历史类,高职专科,427,广西生态工程职业技术学院,,历史,381,111658,,,40,,,0,0
河北,2025,历史类,高职专科,429,广西体育高等专科学校,,历史,417,107774,,,1,,,0,0
河北,2025,历史类,高职专科,430,广西物流职业技术学院,,历史,375,141519,,,5,,,0,0
河北,2025,历史类,高职专科,433,广西幼儿师范高等专科学校,,历史,353,110112,,,24,,,0,0
河北,2025,历史类,高职专科,435,广西自然资源职业技术学院,,历史,360,117145,,,45,,,0,0
河北,2025,历史类,高职专科,436,广州城市职业学院,,历史,423,71648,,,16,,,0,0
河北,2025,历史类,高职专科,439,广州科技贸易职业学院,,历史,416,108538,,,1,,,0,0
河北,2025,历史类,高职专科,44,安庆职业技术学院,,历史,387,117145,,,20,,,0,0
河北,2025,历史类,高职专科,441,广州民航职业技术学院,,历史,367,55552,,,109,,,0,0
河北,2025,历史类,高职专科,444,广州卫生职业技术学院,,历史,425,62196,,,11,,,0,0
河北,2025,历史类,高职专科,449,贵州传媒职业学院,,历史,376,117945,,,25,,,0,0
河北,2025,历史类,高职专科,451,贵州电子信息职业技术学院,,历史,352,113290,,,56,,,0,0
河北,2025,历史类,高职专科,454,贵州机电职业技术学院,,历史,400,89129,,,4,,,0,0
河北,2025,历史类,高职专科,455,贵州健康职业学院,,历史,427,100182,,,5,,,0,0
河北,2025,历史类,高职专科,462,贵州轻工职业大学,,历史,441,76435,,,8,,,0,0
河北,2025,历史类,高职专科,464,贵州生态能源职业学院,,历史,385,117145,,,15,,,0,0
河北,2025,历史类,高职专科,469,贵州职业技术学院,,历史,434,93574,,,7,,,0,0
河北,2025,历史类,高职专科,473,桂林理工大学,,历史,442,56213,,,16,,,0,0
河北,2025,历史类,高职专科,474,桂林旅游学院,,历史,391,103981,,,14,,,0,0
河北,2025,历史类,高职专科,475,桂林师范学院,,历史,276,66870,,,15,,,0,0
河北,2025,历史类,高职专科,48,安阳幼儿师范高等专科学校,,历史,407,95040,,,60,,,0,0
河北,2025,历史类,高职专科,488,哈尔滨科学技术职业学院,,历史,382,76435,,,60,,,0,0
河北,2025,历史类,高职专科,49,安阳职业技术学院,,历史,400,86240,,,162,,,0,0
河北,2025,历史类,高职专科,494,哈尔滨铁道职业技术学院,,历史,454,62894,,,30,,,0,0
河北,2025,历史类,高职专科,499,哈尔滨幼儿师范高等专科学校,,历史,360,108538,,,94,,,0,0
河北,2025,历史类,高职专科,501,哈密职业技术学院,,历史,381,135757,,,2,,,0,0
河北,2025,历史类,高职专科,505,海南经贸职业技术学院,,历史,432,86954,,,3,,,0,0
河北,2025,历史类,高职专科,507,海南软件职业技术学院,,历史,394,112514,,,4,,,0,0
河北,2025,历史类,高职专科,51,鞍山职业技术学院,,历史,448,70271,,,4,,,0,0
河北,2025,历史类,高职专科,510,海南外国语职业学院,,历史,387,121977,,,6,,,0,0
河北,2025,历史类,高职专科,511,海南卫生健康职业学院,,历史,387,97977,,,6,,,0,0
河北,2025,历史类,高职专科,513,海南职业技术学院,,历史,373,102415,,,33,,,0,0
河北,2025,历史类,高职专科,514,邯郸科技职业学院,,历史,412,72311,,,439,,,0,0
河北,2025,历史类,高职专科,517,邯郸幼儿师范高等专科学校,,历史,391,85550,,,817,,,0,0
河北,2025,历史类,高职专科,518,邯郸职业技术学院,,历史,394,77131,,,936,,,0,0
河北,2025,历史类,高职专科,52,巴音郭楞职业技术学院,,历史,337,118767,,,190,,,0,0
河北,2025,历史类,高职专科,520,汉江师范学院,,历史,416,70974,,,16,,,0,0
河北,2025,历史类,高职专科,521,汉中职业技术学院,,历史,366,76435,,,97,,,0,0
河北,2025,历史类,高职专科,526,杭州职业技术大学,,历史,491,38958,,,5,,,0,0
河北,2025,历史类,高职专科,534,合肥通用职业技术学院,,历史,400,103213,,,14,,,0,0
河北,2025,历史类,高职专科,535,合肥幼儿师范高等专科学校,,历史,423,68218,,,10,,,0,0
河北,2025,历史类,高职专科,536,和田职业技术学院,,历史,344,75757,,,12,,,0,0
河北,2025,历史类,高职专科,54,白城医学高等专科学校,,历史,511,43048,,,1,,,0,0
河北,2025,历史类,高职专科,549,河北对外经贸职业学院,,历史,323,65519,,,834,,,0,0
河北,2025,历史类,高职专科,55,白城职业技术学院,,历史,373,143213,,,55,,,0,0
河北,2025,历史类,高职专科,56,白银矿冶职业技术学院,,历史,371,126708,,,55,,,0,0
河北,2025,历史类,高职专科,561,河北工业职业技术大学,,历史,366,77855,,,1185,,,0,0
河北,2025,历史类,高职专科,562,河北工业职业技术大学,,历史,419,54207,,,200,,,0,0
河北,2025,历史类,高职专科,563,河北工艺美术职业学院,,历史,408,95040,,,60,,,0,0
河北,2025,历史类,高职专科,565,河北轨道运输职业技术学院,,历史,424,44877,,,646,,,0,0
河北,2025,历史类,高职专科,566,河北化工医药职业技术学院,,历史,410,59535,,,376,,,0,0
河北,2025,历史类,高职专科,568,河北机电职业技术学院,,历史,363,70271,,,225,,,0,0
河北,2025,历史类,高职专科,569,河北建材职业技术学院,,历史,396,84133,,,255,,,0,0
河北,2025,历史类,高职专科,571,河北交通职业技术学院,,历史,418,64897,,,164,,,0,0
河北,2025,历史类,高职专科,58,百色职业学院,,历史,363,140681,,,9,,,0,0
河北,2025,历史类,高职专科,583,河北科技工程职业技术大学,,历史,430,51070,,,70,,,0,0
河北,2025,历史类,高职专科,585,河北劳动关系职业学院,,历史,388,71648,,,401,,,0,0
河北,2025,历史类,高职专科,586,河北旅游职业学院,,历史,319,78537,,,371,,,0,0
河北,2025,历史类,高职专科,590,河北能源职业技术学院,,历史,394,79202,,,270,,,0,0
河北,2025,历史类,高职专科,596,河北女子职业技术学院,,历史,397,79917,,,290,,,0,0
河北,2025,历史类,高职专科,597,河北青年管理干部学院,,历史,346,84133,,,931,,,0,0
河北,2025,历史类,高职专科,598,河北软件职业技术学院,,历史,378,69602,,,254,,,0,0
河北,2025,历史类,高职专科,599,河北软件职业技术学院,,历史,414,89865,,,195,,,0,0
河北,2025,历史类,高职专科,6,安徽财贸职业学院,,历史,419,106213,,,5,,,0,0
河北,2025,历史类,高职专科,608,河北司法警官职业学院,,历史,410,79917,,,790,,,0,0
河北,2025,历史类,高职专科,61,包头钢铁职业技术学院,,历史,421,104714,,,5,,,0,0
河北,2025,历史类,高职专科,614,河北艺术职业学院,,历史,395,99444,,,90,,,0,0
河北,2025,历史类,高职专科,615,河北正定师范高等专科学校,,历史,420,72956,,,332,,,0,0
河北,2025,历史类,高职专科,616,河北政法职业学院,,历史,391,61531,,,2085,,,0,0
河北,2025,历史类,高职专科,62,包头铁道职业技术学院,,历史,473,57521,,,15,,,0,0
河北,2025,历史类,高职专科,621,河北资源环境职业技术学院,,历史,392,91317,,,594,,,0,0
河北,2025,历史类,高职专科,627,河南测绘职业学院,,历史,393,117945,,,48,,,0,0
河北,2025,历史类,高职专科,63,包头职业技术学院,,历史,396,95761,,,40,,,0,0
河北,2025,历史类,高职专科,630,河南地矿职业学院,,历史,392,104714,,,50,,,0,0
河北,2025,历史类,高职专科,634,河南工业和信息化职业学院,,历史,393,91317,,,50,,,0,0
河北,2025,历史类,高职专科,635,河南工业贸易职业学院,,历史,440,90617,,,8,,,0,0
河北,2025,历史类,高职专科,636,河南工业职业技术学院,,历史,423,103213,,,10,,,0,0
河北,2025,历史类,高职专科,637,河南护理职业学院,,历史,442,72311,,,11,,,0,0
河北,2025,历史类,高职专科,638,河南检察职业学院,,历史,455,78537,,,10,,,0,0
河北,2025,历史类,高职专科,640,河南经贸职业学院,,历史,431,54207,,,17,,,0,0
河北,2025,历史类,高职专科,646,河南农业职业学院,,历史,394,110870,,,25,,,0,0
河北,2025,历史类,高职专科,65,宝鸡职业技术学院,,历史,410,58842,,,50,,,0,0
河北,2025,历史类,高职专科,650,河南水利与环境职业学院,,历史,390,104714,,,60,,,0,0
河北,2025,历史类,高职专科,651,河南司法警官职业学院,,历史,451,82709,,,3,,,0,0
河北,2025,历史类,高职专科,652,河南推拿职业学院,,历史,463,74361,,,25,,,0,0
河北,2025,历史类,高职专科,653,河南医学高等专科学校,,历史,469,70271,,,10,,,0,0
河北,2025,历史类,高职专科,656,河南应用技术职业学院,,历史,410,88381,,,42,,,0,0
河北,2025,历史类,高职专科,659,河源职业技术学院,,历史,376,139046,,,10,,,0,0
河北,2025,历史类,高职专科,66,保定电力职业技术学院,,历史,475,52965,,,40,,,0,0
河北,2025,历史类,高职专科,660,菏泽家政职业学院,,历史,420,97977,,,40,,,0,0
河北,2025,历史类,高职专科,662,菏泽医学专科学校,,历史,477,44877,,,5,,,0,0
河北,2025,历史类,高职专科,663,菏泽职业学院,,历史,438,86954,,,25,,,0,0
河北,2025,历史类,高职专科,665,鹤壁能源化工职业学院,,历史,382,108538,,,104,,,0,0
河北,2025,历史类,高职专科,666,鹤壁职业技术学院,,历史,359,88381,,,60,,,0,0
河北,2025,历史类,高职专科,667,鹤岗师范高等专科学校,,历史,377,102415,,,35,,,0,0
河北,2025,历史类,高职专科,671,黑龙江冰雪体育职业学院,,历史,427,100182,,,4,,,0,0
河北,2025,历史类,高职专科,675,黑龙江护理高等专科学校,,历史,431,58842,,,85,,,0,0
河北,2025,历史类,高职专科,676,黑龙江建筑职业技术学院,,历史,413,110870,,,5,,,0,0
河北,2025,历史类,高职专科,677,黑龙江交通职业技术学院,,历史,448,59535,,,31,,,0,0
河北,2025,历史类,高职专科,679,黑龙江林业职业技术学院,,历史,369,125074,,,40,,,0,0
河北,2025,历史类,高职专科,680,黑龙江旅游职业技术学院,,历史,381,100926,,,75,,,0,0
河北,2025,历史类,高职专科,681,黑龙江民族职业学院,,历史,384,77131,,,12,,,0,0
河北,2025,历史类,高职专科,682,黑龙江能源职业学院,,历史,376,133274,,,40,,,0,0
河北,2025,历史类,高职专科,683,黑龙江农垦职业学院,,历史,361,84133,,,81,,,0,0
河北,2025,历史类,高职专科,684,黑龙江农业工程职业学院,,历史,433,95761,,,2,,,0,0
河北,2025,历史类,高职专科,685,黑龙江农业经济职业学院,,历史,360,84857,,,18,,,0,0
河北,2025,历史类,高职专科,686,黑龙江农业职业技术学院,,历史,386,82709,,,20,,,0,0
河北,2025,历史类,高职专科,687,黑龙江商业职业学院,,历史,375,125905,,,22,,,0,0
河北,2025,历史类,高职专科,688,黑龙江生态工程职业学院,,历史,381,107005,,,43,,,0,0
河北,2025,历史类,高职专科,69,保定幼儿师范高等专科学校,,历史,353,82709,,,392,,,0,0
河北,2025,历史类,高职专科,690,黑龙江艺术职业学院,,历史,373,128342,,,19,,,0,0
河北,2025,历史类,高职专科,691,黑龙江幼儿师范高等专科学校,,历史,383,110870,,,96,,,0,0
河北,2025,历史类,高职专科,692,黑龙江职业学院,,历史,404,49775,,,44,,,0,0
河北,2025,历史类,高职专科,694,衡水健康科技职业学院,,历史,388,91317,,,230,,,0,0
河北,2025,历史类,高职专科,697,衡水职业技术学院,,历史,392,81315,,,225,,,0,0
河北,2025,历史类,高职专科,698,衡水职业技术学院,,历史,392,92814,,,55,,,0,0
河北,2025,历史类,高职专科,699,衡水职业技术学院,,历史,400,91317,,,15,,,0,0
河北,2025,历史类,高职专科,7,安徽城市管理职业学院,,历史,414,95040,,,20,,,0,0
河北,2025,历史类,高职专科,70,保定职业技术学院,,历史,376,69602,,,954,,,0,0
河北,2025,历史类,高职专科,700,衡水职业技术学院,,历史,323,91317,,,115,,,0,0
河北,2025,历史类,高职专科,702,红河卫生职业学院,,历史,461,75757,,,5,,,0,0
河北,2025,历史类,高职专科,706,呼和浩特职业技术大学,,历史,422,75054,,,39,,,0,0
河北,2025,历史类,高职专科,709,呼伦贝尔职业技术学院,,历史,362,102415,,,141,,,0,0
河北,2025,历史类,高职专科,710,湖北财税职业学院,,历史,440,66186,,,6,,,0,0
河北,2025,历史类,高职专科,711,湖北城市建设职业技术学院,,历史,399,96493,,,17,,,0,0
河北,2025,历史类,高职专科,715,湖北工程职业学院,,历史,430,91317,,,20,,,0,0
河北,2025,历史类,高职专科,717,湖北工业职业技术学院,,历史,268,83390,,,30,,,0,0
河北,2025,历史类,高职专科,718,湖北国土资源职业学院,,历史,426,79917,,,21,,,0,0
河北,2025,历史类,高职专科,719,湖北黄冈应急管理职业技术学院,,历史,398,86240,,,8,,,0,0
河北,2025,历史类,高职专科,720,湖北交通职业技术学院,,历史,443,77855,,,34,,,0,0
河北,2025,历史类,高职专科,724,湖北科技职业学院,,历史,418,82709,,,22,,,0,0
河北,2025,历史类,高职专科,729,湖北轻工职业技术学院,,历史,404,96493,,,19,,,0,0
河北,2025,历史类,高职专科,730,湖北三峡职业技术学院,,历史,411,46082,,,16,,,0,0
河北,2025,历史类,高职专科,731,湖北生态工程职业技术学院,,历史,397,79202,,,57,,,0,0
河北,2025,历史类,高职专科,732,湖北生物科技职业学院,,历史,405,79917,,,20,,,0,0
河北,2025,历史类,高职专科,734,湖北水利水电职业技术学院,,历史,447,72956,,,20,,,0,0
河北,2025,历史类,高职专科,736,湖北铁道运输职业学院,,历史,447,66186,,,24,,,0,0
河北,2025,历史类,高职专科,740,湖北职业技术学院,,历史,449,54207,,,28,,,0,0
河北,2025,历史类,高职专科,742,湖北中医药高等专科学校,,历史,452,46711,,,10,,,0,0
河北,2025,历史类,高职专科,744,湖南财经工业职业技术学院,,历史,448,74361,,,5,,,0,0
河北,2025,历史类,高职专科,746,湖南城建职业技术学院,,历史,404,117945,,,3,,,0,0
河北,2025,历史类,高职专科,75,北海职业学院,,历史,362,102415,,,40,,,0,0
河北,2025,历史类,高职专科,750,湖南大众传媒职业技术学院,,历史,455,67553,,,16,,,0,0
河北,2025,历史类,高职专科,752,湖南高速铁路职业技术学院,,历史,487,51070,,,5,,,0,0
河北,2025,历史类,高职专科,754,湖南工程职业技术学院,,历史,410,69602,,,10,,,0,0
河北,2025,历史类,高职专科,758,湖南工业职业技术学院,,历史,425,95040,,,12,,,0,0
河北,2025,历史类,高职专科,761,湖南化工职业技术学院,,历史,417,91317,,,4,,,0,0
河北,2025,历史类,高职专科,762,湖南交通职业技术学院,,历史,453,76435,,,3,,,0,0
河北,2025,历史类,高职专科,768,湖南汽车工程职业大学,,历史,456,75054,,,7,,,0,0
河北,2025,历史类,高职专科,771,湖南商务职业技术学院,,历史,420,100926,,,7,,,0,0
河北,2025,历史类,高职专科,774,湖南石油化工职业技术学院,,历史,459,77131,,,2,,,0,0
河北,2025,历史类,高职专科,775,湖南水利水电职业技术学院,,历史,450,77131,,,6,,,0,0
河北,2025,历史类,高职专科,776,湖南司法警官职业学院,,历史,445,86954,,,4,,,0,0
河北,2025,历史类,高职专科,778,湖南铁道职业技术学院,,历史,474,49149,,,15,,,0,0
河北,2025,历史类,高职专科,78,北京财贸职业学院,,历史,453,47901,,,58,,,0,0
河北,2025,历史类,高职专科,780,湖南现代物流职业技术学院,,历史,403,107774,,,10,,,0,0
河北,2025,历史类,高职专科,782,湖南邮电职业技术学院,,历史,433,68889,,,8,,,0,0
河北,2025,历史类,高职专科,823,怀化职业技术学院,,历史,421,75757,,,4,,,0,0
河北,2025,历史类,高职专科,825,淮北职业技术学院,,历史,412,69602,,,8,,,0,0
河北,2025,历史类,高职专科,826,淮南联合大学,,历史,431,78537,,,26,,,0,0
河北,2025,历史类,高职专科,828,淮南职业技术学院,,历史,393,98741,,,25,,,0,0
河北,2025,历史类,高职专科,832,黄河水利职业技术大学,,历史,481,52355,,,10,,,0,0
河北,2025,历史类,高职专科,835,徽商职业学院,,历史,379,89865,,,19,,,0,0
河北,2025,历史类,高职专科,837,惠州工程职业学院,,历史,380,106213,,,14,,,0,0
河北,2025,历史类,高职专科,838,惠州卫生职业技术学院,,历史,372,113290,,,4,,,0,0
河北,2025,历史类,高职专科,838,惠州卫生职业技术学院,,"历史,生物",414,110112,,,2,,,0,0
河北,2025,历史类,高职专科,840,吉安幼儿师范高等专科学校,,历史,384,134129,,,3,,,0,0
河北,2025,历史类,高职专科,841,吉安职业技术学院,,历史,284,84133,,,12,,,0,0
河北,2025,历史类,高职专科,845,吉林电子信息职业技术学院,,历史,399,107774,,,12,,,0,0
河北,2025,历史类,高职专科,847,吉林工程职业学院,,历史,386,80573,,,35,,,0,0
河北,2025,历史类,高职专科,849,吉林工业职业技术学院,,历史,404,92029,,,16,,,0,0
河北,2025,历史类,高职专科,852,吉林交通职业技术学院,,历史,409,89865,,,19,,,0,0
河北,2025,历史类,高职专科,858,吉林水利电力职业学院,,历史,443,77131,,,10,,,0,0
河北,2025,历史类,高职专科,859,吉林司法警官职业学院,,历史,428,88381,,,18,,,0,0
河北,2025,历史类,高职专科,870,济南护理职业学院,,历史,469,60189,,,18,,,0,0
河北,2025,历史类,高职专科,871,济南幼儿师范高等专科学校,,历史,431,97238,,,10,,,0,0
河北,2025,历史类,高职专科,872,济南职业学院,,历史,423,69602,,,15,,,0,0
河北,2025,历史类,高职专科,875,济宁职业技术学院,,历史,429,98741,,,10,,,0,0
河北,2025,历史类,高职专科,876,济源职业技术学院,,历史,390,91317,,,31,,,0,0
河北,2025,历史类,高职专科,879,冀中职业学院,,历史,392,69602,,,302,,,0,0
河北,2025,历史类,高职专科,881,佳木斯职业学院,,历史,360,153699,,,60,,,0,0
河北,2025,历史类,高职专科,886,江汉艺术职业学院,,历史,391,85550,,,18,,,0,0
河北,2025,历史类,高职专科,887,江门职业技术学院,,历史,386,113290,,,8,,,0,0
河北,2025,历史类,高职专科,890,江苏安全技术职业学院,,历史,395,81315,,,17,,,0,0
河北,2025,历史类,高职专科,891,江苏财会职业学院,,历史,455,62894,,,17,,,0,0
河北,2025,历史类,高职专科,892,江苏财经职业技术学院,,历史,428,64257,,,20,,,0,0
河北,2025,历史类,高职专科,893,江苏城市职业学院,,历史,466,48511,,,5,,,0,0
河北,2025,历史类,高职专科,894,江苏城乡建设职业学院,,历史,405,103213,,,12,,,0,0
河北,2025,历史类,高职专科,898,江苏电子信息职业学院,,历史,447,85550,,,5,,,0,0
河北,2025,历史类,高职专科,899,江苏工程职业技术学院,,历史,448,64257,,,13,,,0,0
河北,2025,历史类,高职专科,9,安徽第二医学院,,历史,472,58842,,,17,,,0,0
河北,2025,历史类,高职专科,90,北京工业职业技术学院,,历史,468,49775,,,27,,,0,0
河北,2025,历史类,高职专科,900,江苏海事职业技术学院,,历史,476,60848,,,3,,,0,0
河北,2025,历史类,高职专科,903,江苏航空职业技术学院,,历史,430,70974,,,65,,,0,0
河北,2025,历史类,高职专科,904,江苏航运职业技术学院,,历史,446,51070,,,13,,,0,0
河北,2025,历史类,高职专科,905,江苏护理职业学院,,历史,454,56862,,,9,,,0,0
河北,2025,历史类,高职专科,907,江苏经贸职业技术学院,,历史,490,44877,,,5,,,0,0
河北,2025,历史类,高职专科,911,江苏旅游职业学院,,历史,427,68889,,,15,,,0,0
河北,2025,历史类,高职专科,912,江苏农牧科技职业学院,,历史,442,46711,,,23,,,0,0
河北,2025,历史类,高职专科,913,江苏商贸职业学院,,历史,261,53596,,,23,,,0,0
河北,2025,历史类,高职专科,915,江苏食品药品职业技术学院,,历史,446,86240,,,3,,,0,0
河北,2025,历史类,高职专科,916,江苏信息职业技术学院,,历史,459,70271,,,4,,,0,0
河北,2025,历史类,高职专科,920,江西财经职业学院,,历史,423,81315,,,34,,,0,0
河北,2025,历史类,高职专科,921,江西电力职业技术学院,,历史,457,68218,,,10,,,0,0
河北,2025,历史类,高职专科,923,江西工程职业学院,,历史,395,100926,,,20,,,0,0
河北,2025,历史类,高职专科,924,江西工业工程职业技术学院,,历史,388,97977,,,14,,,0,0
河北,2025,历史类,高职专科,925,江西工业贸易职业技术学院,,历史,372,109310,,,7,,,0,0
河北,2025,历史类,高职专科,926,江西环境工程职业学院,,历史,417,91317,,,11,,,0,0
河北,2025,历史类,高职专科,927,江西机电职业技术学院,,历史,388,102415,,,44,,,0,0
河北,2025,历史类,高职专科,928,江西建设职业技术学院,,历史,393,89129,,,13,,,0,0
河北,2025,历史类,高职专科,929,江西交通职业技术学院,,历史,409,84857,,,12,,,0,0
河北,2025,历史类,高职专科,933,江西农业工程职业学院,,历史,390,81315,,,14,,,0,0
河北,2025,历史类,高职专科,934,江西青年职业学院,,历史,394,109310,,,2,,,0,0
河北,2025,历史类,高职专科,935,江西生物科技职业学院,,历史,420,74361,,,8,,,0,0
河北,2025,历史类,高职专科,938,江西师范高等专科学校,,历史,466,66186,,,8,,,0,0
河北,2025,历史类,高职专科,941,江西水利职业学院,,历史,431,91317,,,4,,,0,0
河北,2025,历史类,高职专科,942,江西司法警官职业学院,,历史,434,90617,,,4,,,0,0
河北,2025,历史类,高职专科,944,江西外语外贸职业学院,,历史,406,100182,,,10,,,0,0
河北,2025,历史类,高职专科,945,江西婺源茶业职业学院,,历史,375,117945,,,20,,,0,0
河北,2025,历史类,高职专科,946,江西现代职业技术学院,,历史,403,104714,,,10,,,0,0
河北,2025,历史类,高职专科,947,江西信息应用职业技术学院,,历史,454,77131,,,2,,,0,0
河北,2025,历史类,高职专科,949,江西医学高等专科学校,,历史,465,72956,,,3,,,0,0
河北,2025,历史类,高职专科,950,江西艺术职业学院,,历史,378,130790,,,15,,,0,0
河北,2025,历史类,高职专科,951,江西应用工程职业学院,,历史,403,89865,,,20,,,0,0
河北,2025,历史类,高职专科,952,江西应用技术职业学院,,历史,441,89865,,,1,,,0,0
河北,2025,历史类,高职专科,953,江西职业技术大学,,历史,454,60848,,,20,,,0,0
河北,2025,历史类,高职专科,955,焦作大学,,历史,432,72311,,,40,,,0,0
河北,2025,历史类,高职专科,956,焦作师范高等专科学校,,历史,488,57521,,,2,,,0,0
河北,2025,历史类,高职专科,959,锦州师范高等专科学校,,历史,390,70271,,,52,,,0,0
河北,2025,历史类,高职专科,964,荆门职业学院,,历史,397,78537,,,69,,,0,0
河北,2025,历史类,高职专科,965,荆州理工职业学院,,历史,396,81315,,,39,,,0,0
河北,2025,历史类,高职专科,966,荆州职业技术学院,,历史,393,92029,,,50,,,0,0
河北,2025,历史类,高职专科,971,九江职业大学,,历史,417,73651,,,15,,,0,0
河北,2025,历史类,高职专科,972,酒泉职业技术大学,,历史,407,115568,,,4,,,0,0
河北,2025,历史类,高职专科,974,喀什理工职业技术学院,,历史,337,131644,,,64,,,0,0
河北,2025,历史类,高职专科,975,喀什职业技术学院,,历史,340,105478,,,49,,,0,0
河北,2025,历史类,高职专科,975,喀什职业技术学院,,"历史,政治,地理",345,147250,,,29,,,0,0
河北,2025,历史类,高职专科,976,开封大学,,历史,479,63585,,,5,,,0,0
河北,2025,历史类,高职专科,979,可克达拉职业技术学院,,历史,326,126708,,,131,,,0,0
河北,2025,历史类,高职专科,980,克拉玛依职业技术学院,,历史,387,91317,,,20,,,0,0
河北,2025,历史类,高职专科,986,昆玉职业技术学院,,历史,327,60189,,,127,,,0,0
河北,2025,历史类,高职专科,987,莱芜职业技术学院,,历史,456,66186,,,10,,,0,0
河北,2025,历史类,高职专科,988,兰考三农职业学院,,历史,386,107005,,,25,,,0,0
河北,2025,历史类,高职专科,996,兰州航空职业技术学院,,历史,404,90617,,,20,,,0,0
河北,2025,物理类,专科提前批,1294,山东信息职业技术学院,,物理,446,197758,,,13,,,0,0
河北,2025,物理类,专科提前批,157,渤海船舶职业学院,,物理,420,244173,,,18,,,0,0
河北,2025,物理类,专科提前批,1589,威海职业学院,,物理,442,235189,,,12,,,0,0
河北,2025,物理类,专科提前批,188,长春职业技术大学,,物理,427,251580,,,10,,,0,0
河北,2025,物理类,专科提前批,2313,江西航空职业技术学院,,物理,447,199215,,,26,,,0,0
河北,2025,物理类,专科提前批,769,湖南汽车工程职业大学,,物理,440,109287,,,14,,,0,0
河北,2025,物理类,专科提前批,940,江西水利电力大学,,物理,427,253975,,,15,,,0,0
河北,2025,物理类,本科批,100,北京交通大学,,物理,596,30194,,,6,,,0,0
河北,2025,物理类,本科批,100,北京交通大学,,"物理,化学",581,18114,,,22,,,0,0
河北,2025,物理类,本科批,1000,兰州石化职业技术大学,,物理,497,75607,,,14,,,0,0
河北,2025,物理类,本科批,1000,兰州石化职业技术大学,,"物理,化学",507,117158,,,10,,,0,0
河北,2025,物理类,本科批,1001,兰州文理学院,,"物理,化学",509,93962,,,15,,,0,0
河北,2025,物理类,本科批,1003,兰州资源环境职业技术大学,,物理,514,123731,,,12,,,0,0
河北,2025,物理类,本科批,1005,廊坊师范学院,,物理,504,91027,,,297,,,0,0
河北,2025,物理类,本科批,1005,廊坊师范学院,,"物理,化学",499,98476,,,1052,,,0,0
河北,2025,物理类,本科批,1005,廊坊师范学院,,"物理,政治",539,96962,,,5,,,0,0
河北,2025,物理类,本科批,1006,廊坊师范学院,,物理,493,152124,,,150,,,0,0
河北,2025,物理类,本科批,1010,乐山师范学院,,物理,516,133592,,,10,,,0,0
河北,2025,物理类,本科批,1011,丽水学院,,物理,527,92489,,,11,,,0,0
河北,2025,物理类,本科批,1011,丽水学院,,"物理,化学",509,59117,,,91,,,0,0
河北,2025,物理类,本科批,1011,丽水学院,,"物理,生物",514,136965,,,4,,,0,0
河北,2025,物理类,本科批,1013,辽东学院,,物理,501,118812,,,10,,,0,0
河北,2025,物理类,本科批,1013,辽东学院,,"物理,化学",515,106095,,,13,,,0,0
河北,2025,物理类,本科批,1014,辽宁大学,,物理,576,17521,,,54,,,0,0
河北,2025,物理类,本科批,1014,辽宁大学,,"物理,化学",592,12091,,,52,,,0,0
河北,2025,物理类,本科批,1017,辽宁工程技术大学,,物理,520,52384,,,25,,,0,0
河北,2025,物理类,本科批,1017,辽宁工程技术大学,,"物理,化学",526,29374,,,165,,,0,0
河北,2025,物理类,本科批,1017,辽宁工程技术大学,,"物理,地理",551,79754,,,5,,,0,0
河北,2025,物理类,本科批,1019,辽宁工业大学,,物理,538,93962,,,4,,,0,0
河北,2025,物理类,本科批,1019,辽宁工业大学,,"物理,化学",505,34450,,,76,,,0,0
河北,2025,物理类,本科批,1025,辽宁科技大学,,物理,537,47025,,,8,,,0,0
河北,2025,物理类,本科批,1025,辽宁科技大学,,"物理,化学",510,34450,,,171,,,0,0
河北,2025,物理类,本科批,1027,辽宁科技学院,,"物理,化学",509,68977,,,63,,,0,0
河北,2025,物理类,本科批,1033,辽宁师范大学,,物理,500,45972,,,20,,,0,0
河北,2025,物理类,本科批,1033,辽宁师范大学,,"物理,化学",558,37123,,,48,,,0,0
河北,2025,物理类,本科批,1036,辽宁石油化工大学,,物理,545,70324,,,8,,,0,0
河北,2025,物理类,本科批,1036,辽宁石油化工大学,,"物理,化学",546,42923,,,131,,,0,0
河北,2025,物理类,本科批,1042,辽宁中医药大学,,物理,529,39881,,,23,,,0,0
河北,2025,物理类,本科批,1042,辽宁中医药大学,,"物理,化学",531,58000,,,49,,,0,0
河北,2025,物理类,本科批,1045,聊城大学,,物理,545,81112,,,7,,,0,0
河北,2025,物理类,本科批,1045,聊城大学,,"物理,化学",494,53452,,,49,,,0,0
河北,2025,物理类,本科批,1045,聊城大学,,"物理,化学,生物",491,78313,,,5,,,0,0
河北,2025,物理类,本科批,1045,聊城大学,,"物理,地理",555,74291,,,3,,,0,0
河北,2025,物理类,本科批,1047,临沂大学,,物理,553,58000,,,13,,,0,0
河北,2025,物理类,本科批,1047,临沂大学,,"物理,化学",537,52384,,,60,,,0,0
河北,2025,物理类,本科批,1049,岭南师范学院,,物理,532,98476,,,4,,,0,0
河北,2025,物理类,本科批,1049,岭南师范学院,,"物理,化学",522,88117,,,25,,,0,0
河北,2025,物理类,本科批,1049,岭南师范学院,,"物理,化学,生物",521,125369,,,2,,,0,0
河北,2025,物理类,本科批,1052,六盘水师范学院,,"物理,化学",501,120435,,,10,,,0,0
河北,2025,物理类,本科批,1055,龙岩学院,,物理,504,117158,,,13,,,0,0
河北,2025,物理类,本科批,1055,龙岩学院,,"物理,化学",500,98476,,,55,,,0,0
河北,2025,物理类,本科批,1056,陇东学院,,物理,504,103048,,,3,,,0,0
河北,2025,物理类,本科批,1056,陇东学院,,"物理,化学",500,107712,,,12,,,0,0
河北,2025,物理类,本科批,1056,陇东学院,,"物理,化学,生物",524,120435,,,1,,,0,0
河北,2025,物理类,本科批,1058,鲁东大学,,物理,515,92489,,,8,,,0,0
河北,2025,物理类,本科批,1058,鲁东大学,,"物理,化学",492,41921,,,59,,,0,0
河北,2025,物理类,本科批,1059,鲁迅美术学院,,物理,531,109287,,,1,,,0,0
河北,2025,物理类,本科批,106,北京科技大学,,物理,628,10271,,,13,,,0,0
河北,2025,物理类,本科批,106,北京科技大学,,"物理,化学",626,4724,,,204,,,0,0
河北,2025,物理类,本科批,1062,洛阳理工学院,,物理,516,110872,,,14,,,0,0
河北,2025,物理类,本科批,1062,洛阳理工学院,,"物理,化学",495,62725,,,116,,,0,0
河北,2025,物理类,本科批,1063,洛阳师范学院,,物理,525,112447,,,16,,,0,0
河北,2025,物理类,本科批,1063,洛阳师范学院,,"物理,化学",537,99987,,,5,,,0,0
河北,2025,物理类,本科批,1063,洛阳师范学院,,"物理,地理",531,109287,,,5,,,0,0
河北,2025,物理类,本科批,1066,吕梁学院,,物理,505,103048,,,11,,,0,0
河北,2025,物理类,本科批,1066,吕梁学院,,"物理,化学",499,115590,,,77,,,0,0
河北,2025,物理类,本科批,1066,吕梁学院,,"物理,化学,生物",510,143731,,,5,,,0,0
河北,2025,物理类,本科批,1066,吕梁学院,,"物理,地理",520,127001,,,1,,,0,0
河北,2025,物理类,本科批,1066,吕梁学院,,"物理,生物",506,150409,,,5,,,0,0
河北,2025,物理类,本科批,1072,绵阳师范学院,,"物理,化学",518,106095,,,4,,,0,0
河北,2025,物理类,本科批,1074,民政职业大学,,物理,521,109287,,,55,,,0,0
河北,2025,物理类,本科批,1076,闽江学院,,物理,553,76985,,,2,,,0,0
河北,2025,物理类,本科批,1076,闽江学院,,"物理,化学",557,62725,,,8,,,0,0
河北,2025,物理类,本科批,1078,闽南师范大学,,物理,520,98476,,,8,,,0,0
河北,2025,物理类,本科批,1078,闽南师范大学,,"物理,化学",525,65166,,,19,,,0,0
河北,2025,物理类,本科批,108,北京科技职业大学,,物理,565,61528,,,5,,,0,0
河北,2025,物理类,本科批,1080,牡丹江师范学院,,物理,502,101526,,,10,,,0,0
河北,2025,物理类,本科批,1080,牡丹江师范学院,,"物理,化学",510,106095,,,14,,,0,0
河北,2025,物理类,本科批,1081,牡丹江医科大学,,"物理,化学",531,65166,,,15,,,0,0
河北,2025,物理类,本科批,1081,牡丹江医科大学,,"物理,化学,生物",532,75607,,,15,,,0,0
河北,2025,物理类,本科批,1082,南昌大学,,物理,586,18114,,,28,,,0,0
河北,2025,物理类,本科批,1082,南昌大学,,"物理,化学",589,12592,,,138,,,0,0
河北,2025,物理类,本科批,1082,南昌大学,,"物理,化学,生物",621,13587,,,3,,,0,0
河北,2025,物理类,本科批,1082,南昌大学,,"物理,生物",585,39881,,,5,,,0,0
河北,2025,物理类,本科批,1083,南昌航空大学,,物理,552,55712,,,6,,,0,0
河北,2025,物理类,本科批,1083,南昌航空大学,,"物理,化学",551,26287,,,144,,,0,0
河北,2025,物理类,本科批,1085,南昌师范学院,,物理,515,135284,,,2,,,0,0
河北,2025,物理类,本科批,1085,南昌师范学院,,"物理,化学",528,75607,,,8,,,0,0
河北,2025,物理类,本科批,1086,南昌医学院,,"物理,化学",525,48060,,,28,,,0,0
河北,2025,物理类,本科批,1086,南昌医学院,,"物理,生物",525,68977,,,11,,,0,0
河北,2025,物理类,本科批,1089,南方医科大学,,物理,604,24100,,,2,,,0,0
河北,2025,物理类,本科批,1089,南方医科大学,,"物理,化学",585,2505,,,30,,,0,0
河北,2025,物理类,本科批,1090,南华大学,,物理,531,50224,,,21,,,0,0
河北,2025,物理类,本科批,1090,南华大学,,"物理,化学",539,22009,,,187,,,0,0
河北,2025,物理类,本科批,1091,南京财经大学,,物理,574,25574,,,36,,,0,0
河北,2025,物理类,本科批,1091,南京财经大学,,"物理,化学",583,20698,,,8,,,0,0
河北,2025,物理类,本科批,1093,南京大学,,"物理,化学",674,206,,,47,,,0,0
河北,2025,物理类,本科批,1095,南京工程学院,,物理,576,49142,,,2,,,0,0
河北,2025,物理类,本科批,1095,南京工程学院,,"物理,化学",511,15775,,,71,,,0,0
河北,2025,物理类,本科批,1096,南京工业大学,,物理,580,30194,,,5,,,0,0
河北,2025,物理类,本科批,1096,南京工业大学,,"物理,化学",576,17521,,,68,,,0,0
河北,2025,物理类,本科批,1098,南京工业职业技术大学,,物理,561,63946,,,6,,,0,0
河北,2025,物理类,本科批,1099,南京航空航天大学,,"物理,化学",613,2914,,,160,,,0,0
河北,2025,物理类,本科批,11,安徽工程大学,,物理,534,101526,,,24,,,0,0
河北,2025,物理类,本科批,11,安徽工程大学,,"物理,化学",527,44928,,,88,,,0,0
河北,2025,物理类,本科批,1105,南京理工大学,,"物理,化学",635,4467,,,142,,,0,0
河北,2025,物理类,本科批,1107,南京林业大学,,物理,585,32692,,,7,,,0,0
河北,2025,物理类,本科批,1107,南京林业大学,,"物理,化学",543,18720,,,62,,,0,0
河北,2025,物理类,本科批,1107,南京林业大学,,"物理,生物",589,36180,,,2,,,0,0
河北,2025,物理类,本科批,111,北京理工大学,,物理,620,14098,,,5,,,0,0
河北,2025,物理类,本科批,111,北京理工大学,,"物理,化学",639,550,,,128,,,0,0
河北,2025,物理类,本科批,1110,南京农业大学,,物理,592,18720,,,61,,,0,0
河北,2025,物理类,本科批,1110,南京农业大学,,"物理,化学",593,12091,,,171,,,0,0
河北,2025,物理类,本科批,1110,南京农业大学,,"物理,地理",589,36180,,,2,,,0,0
河北,2025,物理类,本科批,1110,南京农业大学,,"物理,生物",593,32692,,,2,,,0,0
河北,2025,物理类,本科批,1112,南京审计大学,,物理,600,13587,,,14,,,0,0
河北,2025,物理类,本科批,1112,南京审计大学,,"物理,化学",607,19367,,,6,,,0,0
河北,2025,物理类,本科批,1113,南京师范大学,,物理,599,20009,,,11,,,0,0
河北,2025,物理类,本科批,1113,南京师范大学,,"物理,化学",596,9827,,,58,,,0,0
河北,2025,物理类,本科批,1113,南京师范大学,,"物理,地理",620,14098,,,4,,,0,0
河北,2025,物理类,本科批,1115,南京特殊教育师范学院,,物理,521,50224,,,13,,,0,0
河北,2025,物理类,本科批,1115,南京特殊教育师范学院,,"物理,化学",534,104591,,,2,,,0,0
河北,2025,物理类,本科批,1116,南京体育学院,,"物理,生物",530,110872,,,2,,,0,0
河北,2025,物理类,本科批,1117,南京晓庄学院,,"物理,化学",550,60306,,,7,,,0,0
河北,2025,物理类,本科批,1118,南京信息工程大学,,物理,601,18720,,,10,,,0,0
河北,2025,物理类,本科批,1118,南京信息工程大学,,"物理,化学",598,10703,,,98,,,0,0
河北,2025,物理类,本科批,1122,南京医科大学,,"物理,化学",600,6838,,,10,,,0,0
河北,2025,物理类,本科批,1123,南京艺术学院,,"物理,化学",574,51275,,,1,,,0,0
河北,2025,物理类,本科批,1125,南京邮电大学,,"物理,化学",626,7879,,,80,,,0,0
河北,2025,物理类,本科批,1127,南京中医药大学,,物理,616,10271,,,8,,,0,0
河北,2025,物理类,本科批,1127,南京中医药大学,,"物理,化学",592,27821,,,12,,,0,0
河北,2025,物理类,本科批,1129,南开大学,,物理,646,3513,,,27,,,0,0
河北,2025,物理类,本科批,1129,南开大学,,"物理,化学",648,1345,,,126,,,0,0
河北,2025,物理类,本科批,113,北京联合大学,,物理,526,32692,,,13,,,0,0
河北,2025,物理类,本科批,113,北京联合大学,,"物理,化学",523,27821,,,39,,,0,0
河北,2025,物理类,本科批,1130,南宁师范大学,,物理,553,76985,,,3,,,0,0
河北,2025,物理类,本科批,1130,南宁师范大学,,"物理,化学",526,63946,,,17,,,0,0
河北,2025,物理类,本科批,1130,南宁师范大学,,"物理,地理",532,107712,,,3,,,0,0
河北,2025,物理类,本科批,1131,南通大学,,物理,566,54583,,,5,,,0,0
河北,2025,物理类,本科批,1131,南通大学,,"物理,化学",551,27073,,,28,,,0,0
河北,2025,物理类,本科批,1136,南阳理工学院,,物理,520,92489,,,11,,,0,0
河北,2025,物理类,本科批,1136,南阳理工学院,,"物理,化学",502,71632,,,61,,,0,0
河北,2025,物理类,本科批,1136,南阳理工学院,,"物理,化学,生物",498,125369,,,7,,,0,0
河北,2025,物理类,本科批,1138,南阳师范学院,,物理,516,122069,,,7,,,0,0
河北,2025,物理类,本科批,1138,南阳师范学院,,"物理,化学",510,107712,,,78,,,0,0
河北,2025,物理类,本科批,114,北京联合大学,,物理,553,76985,,,17,,,0,0
河北,2025,物理类,本科批,114,北京联合大学,,"物理,化学",566,49142,,,48,,,0,0
河北,2025,物理类,本科批,1140,内江师范学院,,物理,526,83898,,,13,,,0,0
河北,2025,物理类,本科批,1140,内江师范学院,,"物理,化学",520,86664,,,14,,,0,0
河北,2025,物理类,本科批,1140,内江师范学院,,"物理,化学,生物",528,112447,,,4,,,0,0
河北,2025,物理类,本科批,1142,内蒙古财经大学,,物理,536,101526,,,7,,,0,0
河北,2025,物理类,本科批,1142,内蒙古财经大学,,"物理,化学",545,68977,,,14,,,0,0
河北,2025,物理类,本科批,1144,内蒙古大学,,物理,580,25574,,,17,,,0,0
河北,2025,物理类,本科批,1144,内蒙古大学,,"物理,化学",576,15171,,,106,,,0,0
河北,2025,物理类,本科批,1146,内蒙古工业大学,,物理,528,114051,,,6,,,0,0
河北,2025,物理类,本科批,1146,内蒙古工业大学,,"物理,化学",524,47025,,,162,,,0,0
河北,2025,物理类,本科批,1149,内蒙古科技大学包头师范学院,,物理,513,138592,,,2,,,0,0
河北,2025,物理类,本科批,1149,内蒙古科技大学包头师范学院,,"物理,化学",510,96962,,,18,,,0,0
河北,2025,物理类,本科批,1149,内蒙古科技大学包头师范学院,,"物理,地理",522,115590,,,3,,,0,0
河北,2025,物理类,本科批,115,北京林业大学,,物理,598,14636,,,33,,,0,0
河北,2025,物理类,本科批,115,北京林业大学,,"物理,化学",568,9436,,,86,,,0,0
河北,2025,物理类,本科批,115,北京林业大学,,"物理,地理",603,16339,,,4,,,0,0
河北,2025,物理类,本科批,115,北京林业大学,,"物理,生物",602,25574,,,3,,,0,0
河北,2025,物理类,本科批,1150,内蒙古科技大学,,物理,522,72914,,,15,,,0,0
河北,2025,物理类,本科批,1150,内蒙古科技大学,,"物理,化学",523,34450,,,194,,,0,0
河北,2025,物理类,本科批,1150,内蒙古科技大学,,"物理,化学,生物",545,88117,,,4,,,0,0
河北,2025,物理类,本科批,1151,内蒙古科技大学包头医学院,,"物理,化学,生物",510,79754,,,43,,,0,0
河北,2025,物理类,本科批,1152,内蒙古民族大学,,物理,382,306526,,,2,,,0,0
河北,2025,物理类,本科批,1152,内蒙古民族大学,,"物理,化学",351,289151,,,8,,,0,0
河北,2025,物理类,本科批,1152,内蒙古民族大学,,"物理,生物",342,330559,,,2,,,0,0
河北,2025,物理类,本科批,1153,内蒙古民族大学,,物理,514,136965,,,4,,,0,0
河北,2025,物理类,本科批,1153,内蒙古民族大学,,"物理,化学",518,67726,,,54,,,0,0
河北,2025,物理类,本科批,1153,内蒙古民族大学,,"物理,化学,生物",525,118812,,,2,,,0,0
河北,2025,物理类,本科批,1153,内蒙古民族大学,,"物理,生物",519,128615,,,2,,,0,0
河北,2025,物理类,本科批,1155,内蒙古农业大学,,物理,522,68977,,,18,,,0,0
河北,2025,物理类,本科批,1155,内蒙古农业大学,,"物理,化学",522,53452,,,151,,,0,0
河北,2025,物理类,本科批,1155,内蒙古农业大学,,"物理,生物",524,120435,,,3,,,0,0
河北,2025,物理类,本科批,1156,内蒙古农业大学,,"物理,化学",356,287262,,,7,,,0,0
河北,2025,物理类,本科批,1158,内蒙古师范大学,,"物理,化学",367,279445,,,5,,,0,0
河北,2025,物理类,本科批,1158,内蒙古师范大学,,"物理,地理",386,303438,,,1,,,0,0
河北,2025,物理类,本科批,1159,内蒙古师范大学,,物理,532,86664,,,23,,,0,0
河北,2025,物理类,本科批,1159,内蒙古师范大学,,"物理,化学",539,63946,,,36,,,0,0
河北,2025,物理类,本科批,1159,内蒙古师范大学,,"物理,地理",552,78313,,,6,,,0,0
河北,2025,物理类,本科批,1160,内蒙古医科大学,,物理,517,61528,,,6,,,0,0
河北,2025,物理类,本科批,1160,内蒙古医科大学,,"物理,化学,生物",539,33539,,,41,,,0,0
河北,2025,物理类,本科批,1160,内蒙古医科大学,,"物理,生物",544,75607,,,7,,,0,0
河北,2025,物理类,本科批,1163,宁波大学,,"物理,化学",577,16339,,,109,,,0,0
河北,2025,物理类,本科批,1163,宁波大学,,"物理,地理",567,59117,,,2,,,0,0
河北,2025,物理类,本科批,1164,宁波工程学院,,物理,531,95459,,,9,,,0,0
河北,2025,物理类,本科批,1164,宁波工程学院,,"物理,化学",519,53452,,,117,,,0,0
河北,2025,物理类,本科批,1165,宁波诺丁汉大学,,物理,535,63946,,,20,,,0,0
河北,2025,物理类,本科批,1165,宁波诺丁汉大学,,"物理,化学",567,26287,,,27,,,0,0
河北,2025,物理类,本科批,1166,宁夏大学,,物理,572,51275,,,8,,,0,0
河北,2025,物理类,本科批,1166,宁夏大学,,"物理,化学",543,18114,,,100,,,0,0
河北,2025,物理类,本科批,1166,宁夏大学,,"物理,地理",581,43929,,,4,,,0,0
河北,2025,物理类,本科批,117,北京农学院,,"物理,化学",506,48060,,,75,,,0,0
河北,2025,物理类,本科批,1170,宁夏师范大学,,物理,518,104591,,,5,,,0,0
河北,2025,物理类,本科批,1170,宁夏师范大学,,"物理,化学",523,74291,,,26,,,0,0
河北,2025,物理类,本科批,1170,宁夏师范大学,,"物理,地理",531,109287,,,2,,,0,0
河北,2025,物理类,本科批,1173,宁夏医科大学,,物理,526,117158,,,1,,,0,0
河北,2025,物理类,本科批,1173,宁夏医科大学,,"物理,化学",529,22009,,,47,,,0,0
河北,2025,物理类,本科批,1173,宁夏医科大学,,"物理,化学,生物",536,101526,,,5,,,0,0
河北,2025,物理类,本科批,1177,攀枝花学院,,"物理,化学",521,117158,,,12,,,0,0
河北,2025,物理类,本科批,1181,平顶山学院,,物理,505,112447,,,8,,,0,0
河北,2025,物理类,本科批,1181,平顶山学院,,"物理,化学",525,118812,,,2,,,0,0
河北,2025,物理类,本科批,1181,平顶山学院,,"物理,政治",533,106095,,,2,,,0,0
河北,2025,物理类,本科批,1184,萍乡学院,,物理,509,145351,,,1,,,0,0
河北,2025,物理类,本科批,1184,萍乡学院,,"物理,化学",515,135284,,,2,,,0,0
河北,2025,物理类,本科批,1185,莆田学院,,物理,490,177231,,,2,,,0,0
河北,2025,物理类,本科批,1185,莆田学院,,"物理,化学",509,79754,,,24,,,0,0
河北,2025,物理类,本科批,1185,莆田学院,,"物理,生物",524,120435,,,2,,,0,0
河北,2025,物理类,本科批,1190,普洱学院,,"物理,化学",508,147056,,,5,,,0,0
河北,2025,物理类,本科批,1192,齐鲁工业大学,,物理,561,66470,,,5,,,0,0
河北,2025,物理类,本科批,1192,齐鲁工业大学,,"物理,化学",543,38007,,,141,,,0,0
河北,2025,物理类,本科批,1193,齐鲁师范学院,,"物理,化学",489,117158,,,10,,,0,0
河北,2025,物理类,本科批,1194,齐齐哈尔大学,,"物理,化学",517,65166,,,46,,,0,0
河北,2025,物理类,本科批,1196,齐齐哈尔医学院,,"物理,化学",500,103048,,,11,,,0,0
河北,2025,物理类,本科批,1196,齐齐哈尔医学院,,"物理,化学,生物",532,79754,,,19,,,0,0
河北,2025,物理类,本科批,1196,齐齐哈尔医学院,,"物理,生物",522,115590,,,6,,,0,0
河北,2025,物理类,本科批,1197,齐齐哈尔医学院,,"物理,化学",398,261102,,,2,,,0,0
河北,2025,物理类,本科批,1197,齐齐哈尔医学院,,"物理,化学,生物",344,306526,,,2,,,0,0
河北,2025,物理类,本科批,120,北京师范大学,,物理,641,4724,,,10,,,0,0
河北,2025,物理类,本科批,120,北京师范大学,,"物理,化学",645,1944,,,41,,,0,0
河北,2025,物理类,本科批,1208,青岛大学,,物理,586,28597,,,8,,,0,0
河北,2025,物理类,本科批,1208,青岛大学,,"物理,化学",566,17521,,,48,,,0,0
河北,2025,物理类,本科批,1208,青岛大学,,"物理,生物",571,54583,,,3,,,0,0
河北,2025,物理类,本科批,1212,青岛科技大学,,物理,574,51275,,,2,,,0,0
河北,2025,物理类,本科批,1212,青岛科技大学,,"物理,化学",515,24833,,,125,,,0,0
河北,2025,物理类,本科批,1213,青岛理工大学,,物理,518,30194,,,41,,,0,0
河北,2025,物理类,本科批,1213,青岛理工大学,,"物理,化学",519,24100,,,138,,,0,0
河北,2025,物理类,本科批,1214,青岛农业大学,,"物理,化学",500,78313,,,125,,,0,0
河北,2025,物理类,本科批,1217,青海大学,,物理,567,30194,,,12,,,0,0
河北,2025,物理类,本科批,1217,青海大学,,"物理,化学",565,21354,,,112,,,0,0
河北,2025,物理类,本科批,1217,青海大学,,"物理,化学,生物",567,23383,,,20,,,0,0
河北,2025,物理类,本科批,1219,青海理工学院,,物理,510,142016,,,18,,,0,0
河北,2025,物理类,本科批,1219,青海理工学院,,"物理,化学",505,115590,,,80,,,0,0
河北,2025,物理类,本科批,1220,青海民族大学,,"物理,化学",401,282414,,,6,,,0,0
河北,2025,物理类,本科批,1221,青海民族大学,,"物理,化学",522,67726,,,13,,,0,0
河北,2025,物理类,本科批,1221,青海民族大学,,"物理,地理",488,180401,,,5,,,0,0
河北,2025,物理类,本科批,1221,青海民族大学,,"物理,政治",524,120435,,,2,,,0,0
河北,2025,物理类,本科批,1222,青海师范大学,,物理,525,98476,,,5,,,0,0
河北,2025,物理类,本科批,1222,青海师范大学,,"物理,化学",521,67726,,,13,,,0,0
河北,2025,物理类,本科批,1222,青海师范大学,,"物理,地理",523,122069,,,3,,,0,0
河北,2025,物理类,本科批,1224,青海职业技术大学,,物理,498,125369,,,18,,,0,0
河北,2025,物理类,本科批,1225,清华大学,,"物理,化学",688,68,,,43,,,0,0
河北,2025,物理类,本科批,1228,琼台师范学院,,物理,469,107712,,,17,,,0,0
河北,2025,物理类,本科批,1228,琼台师范学院,,"物理,化学",506,107712,,,16,,,0,0
河北,2025,物理类,本科批,1229,曲阜师范大学,,物理,538,56852,,,42,,,0,0
河北,2025,物理类,本科批,1229,曲阜师范大学,,"物理,化学",545,38007,,,80,,,0,0
河北,2025,物理类,本科批,1231,曲靖师范学院,,物理,505,86664,,,6,,,0,0
河北,2025,物理类,本科批,1231,曲靖师范学院,,"物理,化学",506,117158,,,12,,,0,0
河北,2025,物理类,本科批,1232,衢州学院,,物理,513,138592,,,2,,,0,0
河北,2025,物理类,本科批,1232,衢州学院,,"物理,化学",521,71632,,,16,,,0,0
河北,2025,物理类,本科批,1235,泉州师范学院,,物理,517,118812,,,6,,,0,0
河北,2025,物理类,本科批,1235,泉州师范学院,,"物理,化学",514,72914,,,61,,,0,0
河北,2025,物理类,本科批,1235,泉州师范学院,,"物理,化学,生物",523,122069,,,2,,,0,0
河北,2025,物理类,本科批,1241,三明学院,,物理,491,133592,,,21,,,0,0
河北,2025,物理类,本科批,1241,三明学院,,"物理,化学",488,93962,,,34,,,0,0
河北,2025,物理类,本科批,1243,三峡大学,,物理,549,38007,,,21,,,0,0
河北,2025,物理类,本科批,1243,三峡大学,,"物理,化学",552,14636,,,122,,,0,0
河北,2025,物理类,本科批,1246,山东财经大学,,物理,561,18114,,,55,,,0,0
河北,2025,物理类,本科批,1246,山东财经大学,,"物理,化学",587,27821,,,30,,,0,0
河北,2025,物理类,本科批,125,北京石油化工学院,,物理,569,56852,,,2,,,0,0
河北,2025,物理类,本科批,125,北京石油化工学院,,"物理,化学",552,38007,,,67,,,0,0
河北,2025,物理类,本科批,1250,山东大学,,"物理,化学",631,2081,,,171,,,0,0
河北,2025,物理类,本科批,1250,山东大学,,"物理,化学,生物",640,1570,,,18,,,0,0
河北,2025,物理类,本科批,1250,山东大学,,"物理,生物",601,26287,,,8,,,0,0
河北,2025,物理类,本科批,1252,山东大学威海分校,,物理,626,11148,,,12,,,0,0
河北,2025,物理类,本科批,1252,山东大学威海分校,,"物理,化学",619,5268,,,58,,,0,0
河北,2025,物理类,本科批,1254,山东第二医科大学,,"物理,化学",546,27821,,,20,,,0,0
河北,2025,物理类,本科批,1255,山东第一医科大学,,物理,547,85258,,,5,,,0,0
河北,2025,物理类,本科批,1255,山东第一医科大学,,"物理,化学",551,24833,,,60,,,0,0
河北,2025,物理类,本科批,1257,山东工商学院,,物理,492,54583,,,54,,,0,0
河北,2025,物理类,本科批,1257,山东工商学院,,"物理,化学",538,53452,,,20,,,0,0
河北,2025,物理类,本科批,1259,山东工艺美术学院,,物理,504,145351,,,7,,,0,0
河北,2025,物理类,本科批,1259,山东工艺美术学院,,"物理,化学",509,103048,,,8,,,0,0
河北,2025,物理类,本科批,126,北京体育大学,,物理,506,20009,,,15,,,0,0
河北,2025,物理类,本科批,126,北京体育大学,,"物理,化学",595,18720,,,7,,,0,0
河北,2025,物理类,本科批,1261,山东管理学院,,物理,536,93962,,,17,,,0,0
河北,2025,物理类,本科批,1261,山东管理学院,,"物理,化学",515,66470,,,93,,,0,0
河北,2025,物理类,本科批,1262,山东航空学院,,"物理,化学",516,66470,,,40,,,0,0
河北,2025,物理类,本科批,1264,山东建筑大学,,物理,520,72914,,,4,,,0,0
河北,2025,物理类,本科批,1264,山东建筑大学,,"物理,化学",519,39881,,,38,,,0,0
河北,2025,物理类,本科批,1265,山东交通学院,,物理,526,93962,,,18,,,0,0
河北,2025,物理类,本科批,1265,山东交通学院,,"物理,化学",491,62725,,,43,,,0,0
河北,2025,物理类,本科批,1270,山东科技大学,,物理,529,49142,,,13,,,0,0
河北,2025,物理类,本科批,1270,山东科技大学,,"物理,化学",528,20698,,,131,,,0,0
河北,2025,物理类,本科批,1274,山东理工大学,,物理,561,51275,,,16,,,0,0
河北,2025,物理类,本科批,1274,山东理工大学,,"物理,化学",538,27073,,,159,,,0,0
河北,2025,物理类,本科批,1278,山东农业大学,,物理,552,68977,,,13,,,0,0
河北,2025,物理类,本科批,1278,山东农业大学,,"物理,化学",538,45972,,,243,,,0,0
河北,2025,物理类,本科批,1278,山东农业大学,,"物理,生物",536,101526,,,10,,,0,0
河北,2025,物理类,本科批,1279,山东农业工程学院,,物理,522,76985,,,22,,,0,0
河北,2025,物理类,本科批,1280,山东女子学院,,物理,516,110872,,,6,,,0,0
河北,2025,物理类,本科批,1280,山东女子学院,,"物理,化学",525,89552,,,13,,,0,0
河北,2025,物理类,本科批,1281,山东青年政治学院,,物理,544,89552,,,5,,,0,0
河北,2025,物理类,本科批,1285,山东师范大学,,物理,518,24100,,,33,,,0,0
河北,2025,物理类,本科批,1285,山东师范大学,,"物理,化学",552,25574,,,67,,,0,0
河北,2025,物理类,本科批,1285,山东师范大学,,"物理,地理",579,45972,,,4,,,0,0
河北,2025,物理类,本科批,1286,山东石油化工学院,,"物理,化学",525,74291,,,30,,,0,0
河北,2025,物理类,本科批,129,北京外国语大学,,物理,615,6838,,,7,,,0,0
河北,2025,物理类,本科批,1299,山东政法学院,,物理,527,30194,,,16,,,0,0
河北,2025,物理类,本科批,1299,山东政法学院,,"物理,化学",567,55712,,,10,,,0,0
河北,2025,物理类,本科批,1301,山东中医药大学,,物理,573,40924,,,2,,,0,0
河北,2025,物理类,本科批,1301,山东中医药大学,,"物理,化学",561,30194,,,18,,,0,0
河北,2025,物理类,本科批,1302,山西财经大学,,物理,535,25574,,,76,,,0,0
河北,2025,物理类,本科批,1302,山西财经大学,,"物理,化学",569,27821,,,12,,,0,0
河北,2025,物理类,本科批,1302,山西财经大学,,"物理,地理",557,67726,,,3,,,0,0
河北,2025,物理类,本科批,1303,山西传媒学院,,物理,503,96962,,,24,,,0,0
河北,2025,物理类,本科批,1303,山西传媒学院,,"物理,化学",515,135284,,,6,,,0,0
河北,2025,物理类,本科批,1304,山西大同大学,,"物理,化学",524,79754,,,15,,,0,0
河北,2025,物理类,本科批,1304,山西大同大学,,"物理,化学,生物",553,76985,,,20,,,0,0
河北,2025,物理类,本科批,1305,山西大学,,物理,581,29374,,,30,,,0,0
河北,2025,物理类,本科批,1305,山西大学,,"物理,化学",547,15171,,,113,,,0,0
河北,2025,物理类,本科批,1306,山西电子科技学院,,"物理,化学",528,101526,,,20,,,0,0
河北,2025,物理类,本科批,1307,山西工程技术学院,,物理,511,128615,,,6,,,0,0
河北,2025,物理类,本科批,1307,山西工程技术学院,,"物理,化学",510,66470,,,52,,,0,0
河北,2025,物理类,本科批,1307,山西工程技术学院,,"物理,地理",527,115590,,,2,,,0,0
河北,2025,物理类,本科批,1308,山西工程科技职业大学,,物理,499,114051,,,38,,,0,0
河北,2025,物理类,本科批,131,北京外国语大学,,"物理,政治",584,40924,,,1,,,0,0
河北,2025,物理类,本科批,1310,山西工学院,,物理,523,96962,,,3,,,0,0
河北,2025,物理类,本科批,1310,山西工学院,,"物理,化学",514,75607,,,82,,,0,0
河北,2025,物理类,本科批,1317,山西能源学院,,"物理,化学",509,75607,,,35,,,0,0
河北,2025,物理类,本科批,1318,山西农业大学,,物理,525,85258,,,20,,,0,0
河北,2025,物理类,本科批,1318,山西农业大学,,"物理,化学",523,48060,,,130,,,0,0
河北,2025,物理类,本科批,1318,山西农业大学,,"物理,化学,生物",523,75607,,,66,,,0,0
河北,2025,物理类,本科批,1320,山西师范大学,,物理,528,72914,,,5,,,0,0
河北,2025,物理类,本科批,1320,山西师范大学,,"物理,化学",527,37123,,,32,,,0,0
河北,2025,物理类,本科批,1320,山西师范大学,,"物理,地理",547,58000,,,11,,,0,0
河北,2025,物理类,本科批,1326,山西医科大学,,物理,534,65166,,,11,,,0,0
河北,2025,物理类,本科批,1326,山西医科大学,,"物理,化学",557,44928,,,35,,,0,0
河北,2025,物理类,本科批,1326,山西医科大学,,"物理,化学,生物",554,10271,,,32,,,0,0
河北,2025,物理类,本科批,1326,山西医科大学,,"物理,生物",540,62725,,,6,,,0,0
河北,2025,物理类,本科批,1327,山西医药学院,,"物理,化学",524,72914,,,25,,,0,0
河北,2025,物理类,本科批,133,北京物资学院,,物理,576,36180,,,10,,,0,0
河北,2025,物理类,本科批,133,北京物资学院,,"物理,化学",578,33539,,,11,,,0,0
河北,2025,物理类,本科批,1330,山西中医药大学,,物理,536,58000,,,17,,,0,0
河北,2025,物理类,本科批,1330,山西中医药大学,,"物理,化学",533,71632,,,30,,,0,0
河北,2025,物理类,本科批,1330,山西中医药大学,,"物理,生物",542,75607,,,19,,,0,0
河北,2025,物理类,本科批,1338,陕西科技大学,,物理,573,52384,,,5,,,0,0
河北,2025,物理类,本科批,1338,陕西科技大学,,"物理,化学",522,25574,,,122,,,0,0
河北,2025,物理类,本科批,1339,陕西理工大学,,物理,536,34450,,,7,,,0,0
河北,2025,物理类,本科批,1339,陕西理工大学,,"物理,化学",517,30996,,,16,,,0,0
河北,2025,物理类,本科批,1344,陕西师范大学,,物理,608,19367,,,5,,,0,0
河北,2025,物理类,本科批,1344,陕西师范大学,,"物理,化学",567,11635,,,36,,,0,0
河北,2025,物理类,本科批,1344,陕西师范大学,,"物理,地理",606,22695,,,5,,,0,0
河北,2025,物理类,本科批,1344,陕西师范大学,,"物理,生物",600,27073,,,4,,,0,0
河北,2025,物理类,本科批,1347,陕西学前师范学院,,物理,511,112447,,,9,,,0,0
河北,2025,物理类,本科批,1347,陕西学前师范学院,,"物理,化学",521,99987,,,11,,,0,0
河北,2025,物理类,本科批,1347,陕西学前师范学院,,"物理,地理",514,136965,,,3,,,0,0
河北,2025,物理类,本科批,1351,陕西中医药大学,,物理,565,39881,,,5,,,0,0
河北,2025,物理类,本科批,1351,陕西中医药大学,,"物理,化学",561,35284,,,14,,,0,0
河北,2025,物理类,本科批,1352,汕头大学,,物理,556,32692,,,8,,,0,0
河北,2025,物理类,本科批,1352,汕头大学,,"物理,化学",552,30996,,,32,,,0,0
河北,2025,物理类,本科批,1354,商洛学院,,物理,514,136965,,,2,,,0,0
河北,2025,物理类,本科批,1354,商洛学院,,"物理,化学",512,93962,,,15,,,0,0
河北,2025,物理类,本科批,1356,商丘师范学院,,物理,514,125369,,,9,,,0,0
河北,2025,物理类,本科批,1356,商丘师范学院,,"物理,化学",507,86664,,,39,,,0,0
河北,2025,物理类,本科批,1356,商丘师范学院,,"物理,生物",525,118812,,,1,,,0,0
河北,2025,物理类,本科批,1358,上海财经大学,,物理,625,4006,,,34,,,0,0
河北,2025,物理类,本科批,1358,上海财经大学,,"物理,化学",636,5846,,,12,,,0,0
河北,2025,物理类,本科批,136,北京协和医学院,,"物理,化学",619,4252,,,6,,,0,0
河北,2025,物理类,本科批,1362,上海大学,,物理,618,15171,,,5,,,0,0
河北,2025,物理类,本科批,1362,上海大学,,"物理,化学",612,6838,,,59,,,0,0
河北,2025,物理类,本科批,1363,上海第二工业大学,,物理,561,66470,,,2,,,0,0
河北,2025,物理类,本科批,1363,上海第二工业大学,,"物理,化学",547,31807,,,91,,,0,0
河北,2025,物理类,本科批,1364,上海电机学院,,"物理,化学",566,41921,,,44,,,0,0
河北,2025,物理类,本科批,1366,上海电力大学,,物理,599,27821,,,4,,,0,0
河北,2025,物理类,本科批,1366,上海电力大学,,"物理,化学",608,12091,,,26,,,0,0
河北,2025,物理类,本科批,1368,上海对外经贸大学,,物理,563,18720,,,21,,,0,0
河北,2025,物理类,本科批,137,北京信息科技大学,,物理,586,19367,,,11,,,0,0
河北,2025,物理类,本科批,137,北京信息科技大学,,"物理,化学",565,14636,,,67,,,0,0
河北,2025,物理类,本科批,1370,上海工程技术大学,,物理,551,44928,,,19,,,0,0
河北,2025,物理类,本科批,1370,上海工程技术大学,,"物理,化学",548,33539,,,63,,,0,0
河北,2025,物理类,本科批,1373,上海海事大学,,物理,587,29374,,,6,,,0,0
河北,2025,物理类,本科批,1373,上海海事大学,,"物理,化学",578,20009,,,28,,,0,0
河北,2025,物理类,本科批,1374,上海海洋大学,,"物理,化学",574,22695,,,21,,,0,0
河北,2025,物理类,本科批,1376,上海健康医学院,,"物理,化学",540,85258,,,40,,,0,0
河北,2025,物理类,本科批,1377,上海交通大学,,"物理,化学",680,82,,,28,,,0,0
河北,2025,物理类,本科批,1379,上海交通大学医学院,,"物理,化学",662,233,,,26,,,0,0
河北,2025,物理类,本科批,1381,上海交通大学,,"物理,化学",669,788,,,4,,,0,0
河北,2025,物理类,本科批,1385,上海理工大学,,"物理,化学",600,20009,,,60,,,0,0
河北,2025,物理类,本科批,1387,上海立信会计金融学院,,物理,560,24100,,,34,,,0,0
河北,2025,物理类,本科批,1387,上海立信会计金融学院,,"物理,化学",567,38943,,,17,,,0,0
河北,2025,物理类,本科批,1392,上海商学院,,物理,542,59117,,,19,,,0,0
河北,2025,物理类,本科批,1392,上海商学院,,"物理,化学",538,98476,,,4,,,0,0
河北,2025,物理类,本科批,1394,上海体育大学,,"物理,化学",575,30996,,,7,,,0,0
河北,2025,物理类,本科批,1395,上海外国语大学,,物理,613,18114,,,2,,,0,0
河北,2025,物理类,本科批,1395,上海外国语大学,,"物理,化学",615,16934,,,4,,,0,0
河北,2025,物理类,本科批,14,安徽工业大学,,物理,550,44928,,,16,,,0,0
河北,2025,物理类,本科批,14,安徽工业大学,,"物理,化学",526,32692,,,139,,,0,0
河北,2025,物理类,本科批,140,北京印刷学院,,物理,566,53452,,,8,,,0,0
河北,2025,物理类,本科批,140,北京印刷学院,,"物理,化学",560,39881,,,50,,,0,0
河北,2025,物理类,本科批,1400,上海应用技术大学,,物理,544,41921,,,4,,,0,0
河北,2025,物理类,本科批,1400,上海应用技术大学,,"物理,化学",543,33539,,,76,,,0,0
河北,2025,物理类,本科批,1401,上海政法学院,,物理,552,20009,,,50,,,0,0
河北,2025,物理类,本科批,1402,上饶师范学院,,物理,513,136965,,,4,,,0,0
河北,2025,物理类,本科批,1402,上饶师范学院,,"物理,化学",508,114051,,,15,,,0,0
河北,2025,物理类,本科批,1402,上饶师范学院,,"物理,地理",518,130251,,,2,,,0,0
河北,2025,物理类,本科批,1402,上饶师范学院,,"物理,生物",503,155469,,,3,,,0,0
河北,2025,物理类,本科批,1406,韶关学院,,"物理,化学",508,112447,,,30,,,0,0
河北,2025,物理类,本科批,1407,邵阳学院,,物理,508,140302,,,9,,,0,0
河北,2025,物理类,本科批,1407,邵阳学院,,"物理,化学",508,79754,,,46,,,0,0
河北,2025,物理类,本科批,1408,绍兴理工学院,,物理,526,117158,,,3,,,0,0
河北,2025,物理类,本科批,1408,绍兴理工学院,,"物理,化学",520,76985,,,39,,,0,0
河北,2025,物理类,本科批,1408,绍兴理工学院,,"物理,生物",520,122069,,,15,,,0,0
河北,2025,物理类,本科批,1409,绍兴文理学院,,物理,525,118812,,,8,,,0,0
河北,2025,物理类,本科批,1409,绍兴文理学院,,"物理,化学",531,74291,,,39,,,0,0
河北,2025,物理类,本科批,1409,绍兴文理学院,,"物理,生物",529,112447,,,10,,,0,0
河北,2025,物理类,本科批,1410,深圳北理莫斯科大学,,物理,555,71632,,,6,,,0,0
河北,2025,物理类,本科批,1410,深圳北理莫斯科大学,,"物理,化学",566,55712,,,4,,,0,0
河北,2025,物理类,本科批,1411,深圳大学,,物理,619,12592,,,3,,,0,0
河北,2025,物理类,本科批,1411,深圳大学,,"物理,化学",620,6503,,,29,,,0,0
河北,2025,物理类,本科批,1411,深圳大学,,"物理,生物",632,8622,,,1,,,0,0
河北,2025,物理类,本科批,1412,深圳技术大学,,"物理,化学",595,11635,,,23,,,0,0
河北,2025,物理类,本科批,1416,沈阳大学,,物理,537,99987,,,3,,,0,0
河北,2025,物理类,本科批,1416,沈阳大学,,"物理,化学",537,42923,,,21,,,0,0
河北,2025,物理类,本科批,1417,沈阳工程学院,,"物理,化学",553,24100,,,57,,,0,0
河北,2025,物理类,本科批,1418,沈阳工业大学,,物理,532,45972,,,21,,,0,0
河北,2025,物理类,本科批,1418,沈阳工业大学,,"物理,化学",540,22695,,,112,,,0,0
河北,2025,物理类,本科批,142,北京邮电大学,,"物理,化学",616,1236,,,194,,,0,0
河北,2025,物理类,本科批,1420,沈阳航空航天大学,,物理,564,62725,,,6,,,0,0
河北,2025,物理类,本科批,1420,沈阳航空航天大学,,"物理,化学",560,18720,,,82,,,0,0
河北,2025,物理类,本科批,1422,沈阳化工大学,,物理,534,55712,,,14,,,0,0
河北,2025,物理类,本科批,1422,沈阳化工大学,,"物理,化学",533,41921,,,114,,,0,0
河北,2025,物理类,本科批,1423,沈阳建筑大学,,物理,501,38007,,,25,,,0,0
河北,2025,物理类,本科批,1423,沈阳建筑大学,,"物理,化学",511,30194,,,72,,,0,0
河北,2025,物理类,本科批,1425,沈阳理工大学,,物理,564,39881,,,5,,,0,0
河北,2025,物理类,本科批,1425,沈阳理工大学,,"物理,化学",522,28597,,,89,,,0,0
河北,2025,物理类,本科批,1427,沈阳农业大学,,物理,529,53452,,,16,,,0,0
河北,2025,物理类,本科批,1427,沈阳农业大学,,"物理,化学",528,33539,,,114,,,0,0
河北,2025,物理类,本科批,1427,沈阳农业大学,,"物理,生物",535,103048,,,2,,,0,0
河北,2025,物理类,本科批,1429,沈阳师范大学,,物理,516,85258,,,15,,,0,0
河北,2025,物理类,本科批,1429,沈阳师范大学,,"物理,化学",526,56852,,,38,,,0,0
河北,2025,物理类,本科批,1430,沈阳体育学院,,物理,512,122069,,,11,,,0,0
河北,2025,物理类,本科批,1431,沈阳药科大学,,"物理,化学",557,18720,,,85,,,0,0
河北,2025,物理类,本科批,1433,沈阳医学院,,"物理,化学",534,40924,,,41,,,0,0
河北,2025,物理类,本科批,1433,沈阳医学院,,"物理,生物",548,83898,,,2,,,0,0
河北,2025,物理类,本科批,1436,石河子大学,,物理,562,40924,,,41,,,0,0
河北,2025,物理类,本科批,1436,石河子大学,,"物理,化学",560,24100,,,218,,,0,0
河北,2025,物理类,本科批,1436,石河子大学,,"物理,化学,生物",570,54583,,,14,,,0,0
河北,2025,物理类,本科批,1436,石河子大学,,"物理,地理",552,63946,,,12,,,0,0
河北,2025,物理类,本科批,1436,石河子大学,,"物理,生物",557,71632,,,6,,,0,0
河北,2025,物理类,本科批,1439,石家庄铁道大学,,物理,557,48060,,,239,,,0,0
河北,2025,物理类,本科批,1439,石家庄铁道大学,,"物理,化学",555,22695,,,1970,,,0,0
河北,2025,物理类,本科批,144,北京语言大学,,物理,529,24100,,,27,,,0,0
河北,2025,物理类,本科批,144,北京语言大学,,"物理,化学",604,24100,,,19,,,0,0
河北,2025,物理类,本科批,144,北京语言大学,,"物理,政治",586,33539,,,3,,,0,0
河北,2025,物理类,本科批,1440,石家庄铁道大学,,物理,562,65166,,,5,,,0,0
河北,2025,物理类,本科批,1440,石家庄铁道大学,,"物理,化学",556,27821,,,80,,,0,0
河北,2025,物理类,本科批,1442,石家庄铁道大学,,物理,549,82490,,,38,,,0,0
河北,2025,物理类,本科批,1445,石家庄学院,,物理,520,67726,,,343,,,0,0
河北,2025,物理类,本科批,1445,石家庄学院,,"物理,化学",496,79754,,,1982,,,0,0
河北,2025,物理类,本科批,1445,石家庄学院,,"物理,地理",523,106095,,,60,,,0,0
河北,2025,物理类,本科批,1445,石家庄学院,,"物理,政治",546,86664,,,10,,,0,0
河北,2025,物理类,本科批,1451,首都经济贸易大学,,物理,597,14636,,,10,,,0,0
河北,2025,物理类,本科批,1451,首都经济贸易大学,,"物理,化学",572,32692,,,11,,,0,0
河北,2025,物理类,本科批,1452,首都师范大学,,物理,596,21354,,,4,,,0,0
河北,2025,物理类,本科批,1452,首都师范大学,,"物理,化学",598,11148,,,31,,,0,0
河北,2025,物理类,本科批,1453,首都体育学院,,物理,543,74291,,,5,,,0,0
河北,2025,物理类,本科批,1454,首都医科大学,,物理,590,35284,,,2,,,0,0
河北,2025,物理类,本科批,1454,首都医科大学,,"物理,化学",591,868,,,43,,,0,0
河北,2025,物理类,本科批,1460,四川大学,,物理,632,8622,,,6,,,0,0
河北,2025,物理类,本科批,1460,四川大学,,"物理,化学",626,395,,,229,,,0,0
河北,2025,物理类,本科批,1463,四川工程职业技术大学,,物理,510,112447,,,30,,,0,0
河北,2025,物理类,本科批,1467,四川旅游学院,,"物理,化学",495,88117,,,20,,,0,0
河北,2025,物理类,本科批,1468,四川美术学院,,物理,536,72914,,,3,,,0,0
河北,2025,物理类,本科批,1468,四川美术学院,,"物理,化学",560,67726,,,1,,,0,0
河北,2025,物理类,本科批,147,北京中医药大学,,物理,603,14636,,,13,,,0,0
河北,2025,物理类,本科批,147,北京中医药大学,,"物理,化学",597,3105,,,84,,,0,0
河北,2025,物理类,本科批,1470,四川农业大学,,物理,561,27821,,,49,,,0,0
河北,2025,物理类,本科批,1470,四川农业大学,,"物理,化学",546,18720,,,94,,,0,0
河北,2025,物理类,本科批,1471,四川轻化工大学,,物理,538,59117,,,12,,,0,0
河北,2025,物理类,本科批,1471,四川轻化工大学,,"物理,化学",551,52384,,,12,,,0,0
河北,2025,物理类,本科批,1472,四川师范大学,,物理,539,28597,,,38,,,0,0
河北,2025,物理类,本科批,1472,四川师范大学,,"物理,化学",555,31807,,,37,,,0,0
河北,2025,物理类,本科批,1472,四川师范大学,,"物理,化学,生物",562,55712,,,6,,,0,0
河北,2025,物理类,本科批,1472,四川师范大学,,"物理,地理",554,48060,,,5,,,0,0
河北,2025,物理类,本科批,1474,四川外国语大学,,物理,531,41921,,,19,,,0,0
河北,2025,物理类,本科批,1474,四川外国语大学,,"物理,政治",559,68977,,,2,,,0,0
河北,2025,物理类,本科批,1476,四川文理学院,,物理,514,136965,,,3,,,0,0
河北,2025,物理类,本科批,1476,四川文理学院,,"物理,化学",521,123731,,,8,,,0,0
河北,2025,物理类,本科批,1478,四川音乐学院,,物理,537,99987,,,1,,,0,0
河北,2025,物理类,本科批,1485,苏州大学,,物理,624,12091,,,2,,,0,0
河北,2025,物理类,本科批,1485,苏州大学,,"物理,化学",603,3754,,,49,,,0,0
河北,2025,物理类,本科批,1487,苏州工学院,,"物理,化学",537,88117,,,13,,,0,0
河北,2025,物理类,本科批,149,北师香港浸会大学,,物理,544,61528,,,20,,,0,0
河北,2025,物理类,本科批,149,北师香港浸会大学,,"物理,化学",551,56852,,,16,,,0,0
河北,2025,物理类,本科批,1492,苏州科技大学,,物理,541,66470,,,6,,,0,0
河北,2025,物理类,本科批,1492,苏州科技大学,,"物理,化学",534,27821,,,20,,,0,0
河北,2025,物理类,本科批,1494,宿州学院,,"物理,化学",513,131912,,,24,,,0,0
河北,2025,物理类,本科批,1496,绥化学院,,物理,504,120435,,,16,,,0,0
河北,2025,物理类,本科批,1496,绥化学院,,"物理,化学",505,106095,,,41,,,0,0
河北,2025,物理类,本科批,1498,塔里木大学,,物理,502,138592,,,46,,,0,0
河北,2025,物理类,本科批,1498,塔里木大学,,"物理,化学",502,91027,,,296,,,0,0
河北,2025,物理类,本科批,1498,塔里木大学,,"物理,化学,生物",512,85258,,,12,,,0,0
河北,2025,物理类,本科批,150,滨州医学院,,物理,526,82490,,,3,,,0,0
河北,2025,物理类,本科批,150,滨州医学院,,"物理,化学",536,30996,,,27,,,0,0
河北,2025,物理类,本科批,1501,台州学院,,"物理,化学",526,59117,,,10,,,0,0
河北,2025,物理类,本科批,1503,太原工业学院,,物理,522,83898,,,7,,,0,0
河北,2025,物理类,本科批,1503,太原工业学院,,"物理,化学",518,60306,,,98,,,0,0
河北,2025,物理类,本科批,1504,太原科技大学,,物理,555,50224,,,26,,,0,0
河北,2025,物理类,本科批,1504,太原科技大学,,"物理,化学",531,38007,,,328,,,0,0
河北,2025,物理类,本科批,1505,太原理工大学,,物理,590,19367,,,18,,,0,0
河北,2025,物理类,本科批,1505,太原理工大学,,"物理,化学",587,9436,,,313,,,0,0
河北,2025,物理类,本科批,1506,太原师范学院,,物理,494,82490,,,13,,,0,0
河北,2025,物理类,本科批,1506,太原师范学院,,"物理,化学",531,70324,,,29,,,0,0
河北,2025,物理类,本科批,1506,太原师范学院,,"物理,地理",545,88117,,,4,,,0,0
河北,2025,物理类,本科批,1507,太原学院,,物理,511,61528,,,14,,,0,0
河北,2025,物理类,本科批,1507,太原学院,,"物理,化学",511,122069,,,16,,,0,0
河北,2025,物理类,本科批,1507,太原学院,,"物理,生物",511,142016,,,2,,,0,0
河北,2025,物理类,本科批,1508,太原学院,,物理,459,224230,,,3,,,0,0
河北,2025,物理类,本科批,1510,泰山学院,,"物理,化学",504,92489,,,61,,,0,0
河北,2025,物理类,本科批,1512,唐山工业职业技术大学,,物理,500,125369,,,765,,,0,0
河北,2025,物理类,本科批,1512,唐山工业职业技术大学,,"物理,化学",506,150409,,,120,,,0,0
河北,2025,物理类,本科批,1514,唐山师范学院,,物理,508,72914,,,344,,,0,0
河北,2025,物理类,本科批,1514,唐山师范学院,,"物理,化学",500,103048,,,1127,,,0,0
河北,2025,物理类,本科批,1514,唐山师范学院,,"物理,地理",522,101526,,,28,,,0,0
河北,2025,物理类,本科批,1514,唐山师范学院,,"物理,政治",540,95459,,,30,,,0,0
河北,2025,物理类,本科批,1516,唐山师范学院,,"物理,化学",495,169008,,,180,,,0,0
河北,2025,物理类,本科批,1517,唐山师范学院,,物理,520,127001,,,20,,,0,0
河北,2025,物理类,本科批,1517,唐山师范学院,,"物理,化学",525,107712,,,240,,,0,0
河北,2025,物理类,本科批,1518,唐山学院,,物理,507,88117,,,604,,,0,0
河北,2025,物理类,本科批,1518,唐山学院,,"物理,化学",503,91027,,,2361,,,0,0
河北,2025,物理类,本科批,1523,天津财经大学,,物理,564,17521,,,66,,,0,0
河北,2025,物理类,本科批,1523,天津财经大学,,"物理,化学",592,18720,,,19,,,0,0
河北,2025,物理类,本科批,1524,天津城建大学,,物理,503,47025,,,29,,,0,0
河北,2025,物理类,本科批,1524,天津城建大学,,"物理,化学",504,33539,,,120,,,0,0
河北,2025,物理类,本科批,1524,天津城建大学,,"物理,地理",566,60306,,,2,,,0,0
河北,2025,物理类,本科批,1527,天津大学,,"物理,化学",640,2505,,,361,,,0,0
河北,2025,物理类,本科批,153,亳州学院,,物理,514,131912,,,6,,,0,0
河北,2025,物理类,本科批,153,亳州学院,,"物理,化学",510,125369,,,14,,,0,0
河北,2025,物理类,本科批,1530,天津工业大学,,"物理,化学",590,14636,,,195,,,0,0
河北,2025,物理类,本科批,1539,天津科技大学,,物理,566,29374,,,35,,,0,0
河北,2025,物理类,本科批,1539,天津科技大学,,"物理,化学",566,22695,,,237,,,0,0
河北,2025,物理类,本科批,1541,天津理工大学,,物理,548,27821,,,25,,,0,0
河北,2025,物理类,本科批,1541,天津理工大学,,"物理,化学",586,19367,,,154,,,0,0
河北,2025,物理类,本科批,1542,天津美术学院,,物理,553,76985,,,1,,,0,0
河北,2025,物理类,本科批,1543,天津农学院,,物理,530,56852,,,20,,,0,0
河北,2025,物理类,本科批,1543,天津农学院,,"物理,化学",524,54583,,,105,,,0,0
河北,2025,物理类,本科批,1543,天津农学院,,"物理,生物",528,114051,,,2,,,0,0
河北,2025,物理类,本科批,1546,天津商业大学,,物理,555,34450,,,78,,,0,0
河北,2025,物理类,本科批,1546,天津商业大学,,"物理,化学",549,30996,,,135,,,0,0
河北,2025,物理类,本科批,1548,天津师范大学,,物理,567,22695,,,68,,,0,0
河北,2025,物理类,本科批,1548,天津师范大学,,"物理,化学",582,22009,,,140,,,0,0
河北,2025,物理类,本科批,1548,天津师范大学,,"物理,地理",584,28597,,,7,,,0,0
河北,2025,物理类,本科批,1553,天津体育学院,,物理,492,79754,,,3,,,0,0
河北,2025,物理类,本科批,1553,天津体育学院,,"物理,化学",545,88117,,,2,,,0,0
河北,2025,物理类,本科批,1556,天津外国语大学,,物理,541,27073,,,32,,,0,0
河北,2025,物理类,本科批,1556,天津外国语大学,,"物理,化学",593,32692,,,2,,,0,0
河北,2025,物理类,本科批,1558,天津医科大学,,"物理,化学",606,10271,,,11,,,0,0
河北,2025,物理类,本科批,1558,天津医科大学,,"物理,化学,生物",612,1944,,,31,,,0,0
河北,2025,物理类,本科批,1563,天津职业技术师范大学,,物理,533,43929,,,6,,,0,0
河北,2025,物理类,本科批,1563,天津职业技术师范大学,,"物理,化学",545,49142,,,29,,,0,0
河北,2025,物理类,本科批,1564,天津中德应用技术大学,,物理,538,98476,,,10,,,0,0
河北,2025,物理类,本科批,1564,天津中德应用技术大学,,"物理,化学",541,58000,,,86,,,0,0
河北,2025,物理类,本科批,1565,天津中医药大学,,物理,560,42923,,,18,,,0,0
河北,2025,物理类,本科批,1565,天津中医药大学,,"物理,化学",542,6181,,,191,,,0,0
河北,2025,物理类,本科批,1568,天水师范大学,,物理,527,115590,,,3,,,0,0
河北,2025,物理类,本科批,1568,天水师范大学,,"物理,化学",516,114051,,,8,,,0,0
河北,2025,物理类,本科批,1571,通化师范学院,,物理,513,138592,,,4,,,0,0
河北,2025,物理类,本科批,1571,通化师范学院,,"物理,化学",490,109287,,,16,,,0,0
河北,2025,物理类,本科批,1571,通化师范学院,,"物理,地理",522,123731,,,2,,,0,0
河北,2025,物理类,本科批,1575,同济大学,,"物理,化学",650,733,,,136,,,0,0
河北,2025,物理类,本科批,158,渤海大学,,物理,518,54583,,,38,,,0,0
河北,2025,物理类,本科批,158,渤海大学,,"物理,化学",510,45972,,,71,,,0,0
河北,2025,物理类,本科批,1585,皖南医学院,,"物理,化学",544,43929,,,20,,,0,0
河北,2025,物理类,本科批,159,沧州师范学院,,物理,501,86664,,,487,,,0,0
河北,2025,物理类,本科批,159,沧州师范学院,,"物理,化学",505,112447,,,1353,,,0,0
河北,2025,物理类,本科批,159,沧州师范学院,,"物理,政治",526,101526,,,30,,,0,0
河北,2025,物理类,本科批,159,沧州师范学院,,"物理,生物",517,131912,,,35,,,0,0
河北,2025,物理类,本科批,1591,潍坊学院,,物理,525,74291,,,6,,,0,0
河北,2025,物理类,本科批,1591,潍坊学院,,"物理,化学",523,62725,,,32,,,0,0
河北,2025,物理类,本科批,1591,潍坊学院,,"物理,化学,生物",519,114051,,,4,,,0,0
河北,2025,物理类,本科批,1593,渭南师范学院,,"物理,化学",518,117158,,,14,,,0,0
河北,2025,物理类,本科批,1594,温州大学,,物理,565,52384,,,5,,,0,0
河北,2025,物理类,本科批,1594,温州大学,,"物理,化学",545,27821,,,27,,,0,0
河北,2025,物理类,本科批,1595,温州肯恩大学,,物理,514,85258,,,28,,,0,0
河北,2025,物理类,本科批,1595,温州肯恩大学,,"物理,化学",530,93962,,,26,,,0,0
河北,2025,物理类,本科批,1596,温州理工学院,,物理,537,99987,,,3,,,0,0
河北,2025,物理类,本科批,1596,温州理工学院,,"物理,化学",533,63946,,,7,,,0,0
河北,2025,物理类,本科批,1597,温州医科大学,,物理,567,59117,,,4,,,0,0
河北,2025,物理类,本科批,1597,温州医科大学,,"物理,化学",561,4006,,,16,,,0,0
河北,2025,物理类,本科批,160,沧州师范学院,,物理,499,162246,,,25,,,0,0
河北,2025,物理类,本科批,1602,乌鲁木齐职业大学,,物理,497,165687,,,10,,,0,0
河北,2025,物理类,本科批,1605,无锡学院,,物理,561,66470,,,2,,,0,0
河北,2025,物理类,本科批,1605,无锡学院,,"物理,化学",530,45972,,,32,,,0,0
河北,2025,物理类,本科批,1606,梧州学院,,"物理,化学",519,122069,,,3,,,0,0
河北,2025,物理类,本科批,1607,五邑大学,,物理,565,61528,,,1,,,0,0
河北,2025,物理类,本科批,1607,五邑大学,,"物理,化学",538,58000,,,8,,,0,0
河北,2025,物理类,本科批,1611,武汉大学,,物理,652,2366,,,9,,,0,0
河北,2025,物理类,本科批,1611,武汉大学,,"物理,化学",653,622,,,99,,,0,0
河北,2025,物理类,本科批,1615,武汉纺织大学,,物理,546,75607,,,10,,,0,0
河北,2025,物理类,本科批,1615,武汉纺织大学,,"物理,化学",540,42923,,,85,,,0,0
河北,2025,物理类,本科批,1616,武汉工程大学,,物理,586,33539,,,13,,,0,0
河北,2025,物理类,本科批,1616,武汉工程大学,,"物理,化学",542,25574,,,116,,,0,0
河北,2025,物理类,本科批,1622,武汉科技大学,,物理,583,37123,,,4,,,0,0
河北,2025,物理类,本科批,1622,武汉科技大学,,"物理,化学",536,18720,,,76,,,0,0
河北,2025,物理类,本科批,1623,武汉理工大学,,物理,600,16339,,,16,,,0,0
河北,2025,物理类,本科批,1623,武汉理工大学,,"物理,化学",590,6503,,,312,,,0,0
河北,2025,物理类,本科批,1626,武汉轻工大学,,物理,519,78313,,,8,,,0,0
河北,2025,物理类,本科批,1626,武汉轻工大学,,"物理,化学",507,37123,,,42,,,0,0
河北,2025,物理类,本科批,1628,武汉商学院,,"物理,化学",529,63946,,,12,,,0,0
河北,2025,物理类,本科批,1629,武汉体育学院,,物理,533,106095,,,2,,,0,0
河北,2025,物理类,本科批,1629,武汉体育学院,,"物理,化学",543,89552,,,5,,,0,0
河北,2025,物理类,本科批,1634,武夷学院,,物理,500,110872,,,10,,,0,0
河北,2025,物理类,本科批,1634,武夷学院,,"物理,化学",501,70324,,,35,,,0,0
河北,2025,物理类,本科批,1635,西安财经大学,,物理,534,41921,,,27,,,0,0
河北,2025,物理类,本科批,1635,西安财经大学,,"物理,化学",583,33539,,,12,,,0,0
河北,2025,物理类,本科批,1637,西安电子科技大学,,物理,600,10271,,,22,,,0,0
河北,2025,物理类,本科批,1637,西安电子科技大学,,"物理,化学",615,4252,,,286,,,0,0
河北,2025,物理类,本科批,1639,西安工程大学,,物理,549,38007,,,14,,,0,0
河北,2025,物理类,本科批,1639,西安工程大学,,"物理,化学",540,28597,,,128,,,0,0
河北,2025,物理类,本科批,1641,西安工业大学,,物理,586,35284,,,6,,,0,0
河北,2025,物理类,本科批,1641,西安工业大学,,"物理,化学",543,22009,,,58,,,0,0
河北,2025,物理类,本科批,1642,西安航空学院,,"物理,化学",514,60306,,,21,,,0,0
河北,2025,物理类,本科批,1645,西安建筑科技大学,,物理,536,31807,,,24,,,0,0
河北,2025,物理类,本科批,1645,西安建筑科技大学,,"物理,化学",538,22695,,,90,,,0,0
河北,2025,物理类,本科批,1646,西安交通大学,,"物理,化学",661,267,,,149,,,0,0
河北,2025,物理类,本科批,1648,西安交通大学,,"物理,化学",610,5573,,,20,,,0,0
河北,2025,物理类,本科批,1649,西安科技大学,,物理,573,52384,,,4,,,0,0
河北,2025,物理类,本科批,1649,西安科技大学,,"物理,化学",554,21354,,,85,,,0,0
河北,2025,物理类,本科批,1649,西安科技大学,,"物理,地理",579,45972,,,5,,,0,0
河北,2025,物理类,本科批,1650,西安理工大学,,物理,583,36180,,,4,,,0,0
河北,2025,物理类,本科批,1650,西安理工大学,,"物理,化学",526,18114,,,93,,,0,0
河北,2025,物理类,本科批,1653,西安石油大学,,物理,572,53452,,,3,,,0,0
河北,2025,物理类,本科批,1653,西安石油大学,,"物理,化学",551,29374,,,74,,,0,0
河北,2025,物理类,本科批,1654,西安体育学院,,物理,517,131912,,,2,,,0,0
河北,2025,物理类,本科批,1654,西安体育学院,,"物理,化学",538,98476,,,2,,,0,0
河北,2025,物理类,本科批,1656,西安外国语大学,,物理,565,35284,,,15,,,0,0
河北,2025,物理类,本科批,1656,西安外国语大学,,"物理,化学",582,42923,,,3,,,0,0
河北,2025,物理类,本科批,1657,西安文理学院,,物理,551,79754,,,6,,,0,0
河北,2025,物理类,本科批,1657,西安文理学院,,"物理,化学",533,99987,,,12,,,0,0
河北,2025,物理类,本科批,1657,西安文理学院,,"物理,化学,生物",557,71632,,,7,,,0,0
河北,2025,物理类,本科批,1657,西安文理学院,,"物理,政治",530,110872,,,4,,,0,0
河北,2025,物理类,本科批,1658,西安医学院,,物理,527,112447,,,3,,,0,0
河北,2025,物理类,本科批,1658,西安医学院,,"物理,化学",511,72914,,,12,,,0,0
河北,2025,物理类,本科批,1658,西安医学院,,"物理,化学,生物",583,41921,,,2,,,0,0
河北,2025,物理类,本科批,1658,西安医学院,,"物理,生物",522,86664,,,4,,,0,0
河北,2025,物理类,本科批,1660,西安邮电大学,,"物理,化学",567,16934,,,76,,,0,0
河北,2025,物理类,本科批,1661,西安邮电大学,,物理,564,62725,,,2,,,0,0
河北,2025,物理类,本科批,1663,西北大学,,物理,600,18114,,,12,,,0,0
河北,2025,物理类,本科批,1663,西北大学,,"物理,化学",586,9012,,,52,,,0,0
河北,2025,物理类,本科批,1663,西北大学,,"物理,地理",599,27821,,,4,,,0,0
河北,2025,物理类,本科批,1665,西北工业大学,,"物理,化学",626,868,,,212,,,0,0
河北,2025,物理类,本科批,1666,西北民族大学,,物理,529,112447,,,2,,,0,0
河北,2025,物理类,本科批,1666,西北民族大学,,"物理,化学",521,59117,,,74,,,0,0
河北,2025,物理类,本科批,1668,西北农林科技大学,,物理,604,13077,,,35,,,0,0
河北,2025,物理类,本科批,1668,西北农林科技大学,,"物理,化学",587,9012,,,262,,,0,0
河北,2025,物理类,本科批,1668,西北农林科技大学,,"物理,化学,生物",614,17521,,,24,,,0,0
河北,2025,物理类,本科批,1668,西北农林科技大学,,"物理,地理",612,18720,,,4,,,0,0
河北,2025,物理类,本科批,1668,西北农林科技大学,,"物理,生物",607,22009,,,3,,,0,0
河北,2025,物理类,本科批,1669,西北师范大学,,物理,534,52384,,,22,,,0,0
河北,2025,物理类,本科批,1669,西北师范大学,,"物理,化学",533,39881,,,48,,,0,0
河北,2025,物理类,本科批,1669,西北师范大学,,"物理,地理",558,65166,,,8,,,0,0
河北,2025,物理类,本科批,1670,西北师范大学,,物理,528,114051,,,2,,,0,0
河北,2025,物理类,本科批,1671,西北政法大学,,物理,600,13077,,,20,,,0,0
河北,2025,物理类,本科批,1672,西藏大学,,物理,548,60306,,,19,,,0,0
河北,2025,物理类,本科批,1672,西藏大学,,"物理,化学",544,45972,,,41,,,0,0
河北,2025,物理类,本科批,1672,西藏大学,,"物理,化学,生物",554,50224,,,12,,,0,0
河北,2025,物理类,本科批,1672,西藏大学,,"物理,地理",552,78313,,,3,,,0,0
河北,2025,物理类,本科批,1673,西藏民族大学,,物理,515,89552,,,15,,,0,0
河北,2025,物理类,本科批,1673,西藏民族大学,,"物理,化学",549,65166,,,25,,,0,0
河北,2025,物理类,本科批,1673,西藏民族大学,,"物理,化学,生物",556,72914,,,10,,,0,0
河北,2025,物理类,本科批,1674,西藏农牧学院,,"物理,化学",494,128615,,,61,,,0,0
河北,2025,物理类,本科批,1674,西藏农牧学院,,"物理,生物",495,169008,,,2,,,0,0
河北,2025,物理类,本科批,1677,西昌学院,,物理,487,173920,,,10,,,0,0
河北,2025,物理类,本科批,1677,西昌学院,,"物理,化学",500,99987,,,15,,,0,0
河北,2025,物理类,本科批,1678,西华大学,,物理,557,59117,,,7,,,0,0
河北,2025,物理类,本科批,1678,西华大学,,"物理,化学",549,36180,,,42,,,0,0
河北,2025,物理类,本科批,1679,西华师范大学,,物理,539,96962,,,5,,,0,0
河北,2025,物理类,本科批,1679,西华师范大学,,"物理,化学",528,67726,,,31,,,0,0
河北,2025,物理类,本科批,1680,西交利物浦大学,,物理,569,54583,,,24,,,0,0
河北,2025,物理类,本科批,1680,西交利物浦大学,,"物理,化学",568,48060,,,71,,,0,0
河北,2025,物理类,本科批,1681,西南财经大学,,物理,574,5846,,,42,,,0,0
河北,2025,物理类,本科批,1681,西南财经大学,,"物理,化学",621,8236,,,15,,,0,0
河北,2025,物理类,本科批,1683,西南大学,,物理,593,12091,,,14,,,0,0
河北,2025,物理类,本科批,1683,西南大学,,"物理,化学",567,7522,,,95,,,0,0
河北,2025,物理类,本科批,1683,西南大学,,"物理,化学,生物",614,16339,,,4,,,0,0
河北,2025,物理类,本科批,1683,西南大学,,"物理,地理",605,23383,,,2,,,0,0
河北,2025,物理类,本科批,1683,西南大学,,"物理,政治",610,20009,,,1,,,0,0
河北,2025,物理类,本科批,1683,西南大学,,"物理,生物",588,30996,,,3,,,0,0
河北,2025,物理类,本科批,1686,西南大学,,物理,603,24833,,,2,,,0,0
河北,2025,物理类,本科批,1686,西南大学,,"物理,化学",565,28597,,,11,,,0,0
河北,2025,物理类,本科批,1688,西南交通大学,,"物理,化学",570,5573,,,216,,,0,0
河北,2025,物理类,本科批,1690,西南科技大学,,物理,526,58000,,,22,,,0,0
河北,2025,物理类,本科批,1690,西南科技大学,,"物理,化学",502,37123,,,123,,,0,0
河北,2025,物理类,本科批,1690,西南科技大学,,"物理,地理",566,60306,,,4,,,0,0
河北,2025,物理类,本科批,1691,西南林业大学,,物理,520,70324,,,6,,,0,0
河北,2025,物理类,本科批,1691,西南林业大学,,"物理,化学",517,60306,,,58,,,0,0
河北,2025,物理类,本科批,1691,西南林业大学,,"物理,生物",513,138592,,,1,,,0,0
河北,2025,物理类,本科批,1692,西南民族大学,,物理,542,34450,,,32,,,0,0
河北,2025,物理类,本科批,1692,西南民族大学,,"物理,化学",547,36180,,,113,,,0,0
河北,2025,物理类,本科批,1694,西南石油大学,,物理,572,27073,,,20,,,0,0
河北,2025,物理类,本科批,1694,西南石油大学,,"物理,化学",567,21354,,,195,,,0,0
河北,2025,物理类,本科批,1694,西南石油大学,,"物理,地理",589,36180,,,5,,,0,0
河北,2025,物理类,本科批,1696,西南医科大学,,"物理,化学",543,35284,,,38,,,0,0
河北,2025,物理类,本科批,1697,西南政法大学,,物理,606,7522,,,26,,,0,0
河北,2025,物理类,本科批,1697,西南政法大学,,"物理,化学",617,15775,,,2,,,0,0
河北,2025,物理类,本科批,1700,厦门大学,,物理,642,4252,,,13,,,0,0
河北,2025,物理类,本科批,1700,厦门大学,,"物理,化学",640,3513,,,91,,,0,0
河北,2025,物理类,本科批,1702,厦门大学,,物理,609,20009,,,6,,,0,0
河北,2025,物理类,本科批,1702,厦门大学,,"物理,化学",603,12592,,,28,,,0,0
河北,2025,物理类,本科批,1703,厦门理工学院,,物理,541,93962,,,3,,,0,0
河北,2025,物理类,本科批,1703,厦门理工学院,,"物理,化学",524,50224,,,35,,,0,0
河北,2025,物理类,本科批,1704,厦门医学院,,物理,529,112447,,,5,,,0,0
河北,2025,物理类,本科批,1704,厦门医学院,,"物理,化学",522,45972,,,33,,,0,0
河北,2025,物理类,本科批,1704,厦门医学院,,"物理,生物",523,114051,,,17,,,0,0
河北,2025,物理类,本科批,1707,咸阳师范学院,,物理,479,106095,,,8,,,0,0
河北,2025,物理类,本科批,1707,咸阳师范学院,,"物理,化学",524,82490,,,12,,,0,0
河北,2025,物理类,本科批,1713,香港珠海学院,,物理,485,173920,,,6,,,0,0
河北,2025,物理类,本科批,1714,湘南学院,,物理,507,81112,,,15,,,0,0
河北,2025,物理类,本科批,1714,湘南学院,,"物理,化学",521,62725,,,41,,,0,0
河北,2025,物理类,本科批,1715,湘潭大学,,物理,581,24100,,,33,,,0,0
河北,2025,物理类,本科批,1715,湘潭大学,,"物理,化学",566,13077,,,210,,,0,0
河北,2025,物理类,本科批,1717,忻州师范学院,,物理,504,82490,,,16,,,0,0
河北,2025,物理类,本科批,1717,忻州师范学院,,"物理,化学",508,98476,,,22,,,0,0
河北,2025,物理类,本科批,1717,忻州师范学院,,"物理,化学,生物",513,138592,,,8,,,0,0
河北,2025,物理类,本科批,1717,忻州师范学院,,"物理,地理",518,127001,,,3,,,0,0
河北,2025,物理类,本科批,1719,新疆财经大学,,物理,505,72914,,,54,,,0,0
河北,2025,物理类,本科批,1719,新疆财经大学,,"物理,化学",526,78313,,,23,,,0,0
河北,2025,物理类,本科批,1719,新疆财经大学,,"物理,政治",514,67726,,,6,,,0,0
河北,2025,物理类,本科批,172,昌吉学院,,物理,496,135284,,,48,,,0,0
河北,2025,物理类,本科批,172,昌吉学院,,"物理,化学",496,147056,,,293,,,0,0
河北,2025,物理类,本科批,1720,新疆大学,,物理,564,40924,,,32,,,0,0
河北,2025,物理类,本科批,1720,新疆大学,,"物理,化学",561,17521,,,173,,,0,0
河北,2025,物理类,本科批,1720,新疆大学,,"物理,地理",565,44928,,,7,,,0,0
河北,2025,物理类,本科批,1720,新疆大学,,"物理,政治",568,58000,,,2,,,0,0
河北,2025,物理类,本科批,1721,新疆第二医学院,,"物理,化学",519,128615,,,1,,,0,0
河北,2025,物理类,本科批,1721,新疆第二医学院,,"物理,化学,生物",506,79754,,,36,,,0,0
河北,2025,物理类,本科批,1722,新疆工程学院,,"物理,化学",495,112447,,,174,,,0,0
河北,2025,物理类,本科批,1723,新疆工业学院,,物理,494,162246,,,24,,,0,0
河北,2025,物理类,本科批,1723,新疆工业学院,,"物理,化学",495,131912,,,136,,,0,0
河北,2025,物理类,本科批,1724,新疆和田学院,,物理,497,163962,,,13,,,0,0
河北,2025,物理类,本科批,1724,新疆和田学院,,"物理,化学",494,153782,,,72,,,0,0
河北,2025,物理类,本科批,1726,新疆交通职业技术大学,,物理,498,157169,,,18,,,0,0
河北,2025,物理类,本科批,1727,新疆警察学院,,物理,529,112447,,,2,,,0,0
河北,2025,物理类,本科批,1727,新疆警察学院,,"物理,化学",521,115590,,,5,,,0,0
河北,2025,物理类,本科批,1728,新疆科技学院,,物理,497,130251,,,33,,,0,0
河北,2025,物理类,本科批,1728,新疆科技学院,,"物理,化学",496,135284,,,113,,,0,0
河北,2025,物理类,本科批,1728,新疆科技学院,,"物理,化学,生物",498,163962,,,4,,,0,0
河北,2025,物理类,本科批,1728,新疆科技学院,,"物理,生物",514,136965,,,3,,,0,0
河北,2025,物理类,本科批,1729,新疆理工学院,,物理,493,112447,,,32,,,0,0
河北,2025,物理类,本科批,1729,新疆理工学院,,"物理,化学",496,133592,,,232,,,0,0
河北,2025,物理类,本科批,173,长安大学,,物理,594,15171,,,34,,,0,0
河北,2025,物理类,本科批,173,长安大学,,"物理,化学",573,8622,,,229,,,0,0
河北,2025,物理类,本科批,1730,新疆农业大学,,"物理,化学",359,277415,,,2,,,0,0
河北,2025,物理类,本科批,1731,新疆农业大学,,物理,503,82490,,,58,,,0,0
河北,2025,物理类,本科批,1731,新疆农业大学,,"物理,化学",496,82490,,,199,,,0,0
河北,2025,物理类,本科批,1732,新疆农业职业技术大学,,物理,494,147056,,,56,,,0,0
河北,2025,物理类,本科批,1735,新疆师范大学,,物理,408,284335,,,1,,,0,0
河北,2025,物理类,本科批,1736,新疆师范大学,,物理,509,59117,,,65,,,0,0
河北,2025,物理类,本科批,1736,新疆师范大学,,"物理,化学",506,86664,,,87,,,0,0
河北,2025,物理类,本科批,1736,新疆师范大学,,"物理,地理",525,101526,,,11,,,0,0
河北,2025,物理类,本科批,1736,新疆师范大学,,"物理,政治",521,125369,,,2,,,0,0
河北,2025,物理类,本科批,1742,新疆医科大学,,物理,518,81112,,,7,,,0,0
河北,2025,物理类,本科批,1742,新疆医科大学,,"物理,化学",523,42923,,,27,,,0,0
河北,2025,物理类,本科批,1742,新疆医科大学,,"物理,化学,生物",526,19367,,,77,,,0,0
河北,2025,物理类,本科批,1744,新疆艺术学院,,物理,496,167370,,,7,,,0,0
河北,2025,物理类,本科批,1746,新疆政法学院,,物理,499,109287,,,56,,,0,0
河北,2025,物理类,本科批,1746,新疆政法学院,,"物理,化学",501,145351,,,39,,,0,0
河北,2025,物理类,本科批,1746,新疆政法学院,,"物理,政治",511,142016,,,2,,,0,0
河北,2025,物理类,本科批,1748,新乡学院,,物理,502,157169,,,4,,,0,0
河北,2025,物理类,本科批,1748,新乡学院,,"物理,化学",515,96962,,,59,,,0,0
河北,2025,物理类,本科批,1751,新余学院,,"物理,化学",518,72914,,,16,,,0,0
河北,2025,物理类,本科批,1751,新余学院,,"物理,生物",526,117158,,,3,,,0,0
河北,2025,物理类,本科批,1752,信阳农林学院,,"物理,化学",513,112447,,,22,,,0,0
河北,2025,物理类,本科批,1753,信阳师范大学,,物理,535,103048,,,5,,,0,0
河北,2025,物理类,本科批,1753,信阳师范大学,,"物理,化学",531,109287,,,5,,,0,0
河北,2025,物理类,本科批,1757,邢台学院,,物理,506,89552,,,320,,,0,0
河北,2025,物理类,本科批,1757,邢台学院,,"物理,化学",505,106095,,,1017,,,0,0
河北,2025,物理类,本科批,1757,邢台学院,,"物理,地理",514,125369,,,20,,,0,0
河北,2025,物理类,本科批,1757,邢台学院,,"物理,政治",530,110872,,,15,,,0,0
河北,2025,物理类,本科批,1758,邢台学院,,物理,499,162246,,,10,,,0,0
河北,2025,物理类,本科批,1759,邢台医学院,,物理,502,157169,,,104,,,0,0
河北,2025,物理类,本科批,1759,邢台医学院,,"物理,化学",504,138592,,,1190,,,0,0
河北,2025,物理类,本科批,176,长春大学,,物理,532,56852,,,11,,,0,0
河北,2025,物理类,本科批,176,长春大学,,"物理,化学",508,43929,,,74,,,0,0
河北,2025,物理类,本科批,176,长春大学,,"物理,生物",525,118812,,,4,,,0,0
河北,2025,物理类,本科批,1760,徐州工程学院,,物理,534,103048,,,3,,,0,0
河北,2025,物理类,本科批,1760,徐州工程学院,,"物理,化学",542,58000,,,2,,,0,0
河北,2025,物理类,本科批,1763,许昌学院,,物理,520,127001,,,5,,,0,0
河北,2025,物理类,本科批,1763,许昌学院,,"物理,化学",519,62725,,,53,,,0,0
河北,2025,物理类,本科批,1766,烟台大学,,物理,541,76985,,,10,,,0,0
河北,2025,物理类,本科批,1766,烟台大学,,"物理,化学",539,34450,,,56,,,0,0
河北,2025,物理类,本科批,1767,烟台大学,,物理,531,109287,,,2,,,0,0
河北,2025,物理类,本科批,177,长春工程学院,,物理,507,93962,,,17,,,0,0
河北,2025,物理类,本科批,177,长春工程学院,,"物理,化学",489,41921,,,126,,,0,0
河北,2025,物理类,本科批,1771,延安大学,,物理,540,70324,,,6,,,0,0
河北,2025,物理类,本科批,1771,延安大学,,"物理,化学",536,48060,,,15,,,0,0
河北,2025,物理类,本科批,1771,延安大学,,"物理,化学,生物",568,55712,,,4,,,0,0
河北,2025,物理类,本科批,1774,延边大学,,物理,571,31807,,,11,,,0,0
河北,2025,物理类,本科批,1774,延边大学,,"物理,化学",561,19367,,,70,,,0,0
河北,2025,物理类,本科批,1774,延边大学,,"物理,地理",589,36180,,,3,,,0,0
河北,2025,物理类,本科批,1774,延边大学,,"物理,生物",569,35284,,,13,,,0,0
河北,2025,物理类,本科批,1776,盐城工学院,,"物理,化学",525,91027,,,5,,,0,0
河北,2025,物理类,本科批,1778,盐城师范学院,,"物理,化学",524,104591,,,5,,,0,0
河北,2025,物理类,本科批,178,长春工程学院,,物理,508,147056,,,3,,,0,0
河北,2025,物理类,本科批,1780,燕山大学,,"物理,化学",526,91027,,,60,,,0,0
河北,2025,物理类,本科批,1781,燕山大学,,"物理,化学",561,21354,,,105,,,0,0
河北,2025,物理类,本科批,1783,燕山大学,,物理,553,36180,,,199,,,0,0
河北,2025,物理类,本科批,1783,燕山大学,,"物理,化学",565,14098,,,1930,,,0,0
河北,2025,物理类,本科批,1784,燕山大学,,物理,570,55712,,,45,,,0,0
河北,2025,物理类,本科批,1785,扬州大学,,物理,583,41921,,,1,,,0,0
河北,2025,物理类,本科批,1785,扬州大学,,"物理,化学",565,19367,,,27,,,0,0
河北,2025,物理类,本科批,179,长春工业大学,,物理,522,52384,,,33,,,0,0
河北,2025,物理类,本科批,179,长春工业大学,,"物理,化学",545,35284,,,131,,,0,0
河北,2025,物理类,本科批,1791,伊犁师范大学,,物理,497,104591,,,54,,,0,0
河北,2025,物理类,本科批,1791,伊犁师范大学,,"物理,化学",494,117158,,,206,,,0,0
河北,2025,物理类,本科批,1791,伊犁师范大学,,"物理,地理",502,148725,,,17,,,0,0
河北,2025,物理类,本科批,1791,伊犁师范大学,,"物理,生物",505,152124,,,4,,,0,0
河北,2025,物理类,本科批,1794,宜宾学院,,物理,523,115590,,,8,,,0,0
河北,2025,物理类,本科批,1794,宜宾学院,,"物理,化学",521,79754,,,23,,,0,0
河北,2025,物理类,本科批,1796,宜春学院,,物理,523,89552,,,4,,,0,0
河北,2025,物理类,本科批,1796,宜春学院,,"物理,化学",499,82490,,,45,,,0,0
河北,2025,物理类,本科批,1796,宜春学院,,"物理,化学,生物",519,127001,,,4,,,0,0
河北,2025,物理类,本科批,1797,营口理工学院,,物理,519,127001,,,8,,,0,0
河北,2025,物理类,本科批,1797,营口理工学院,,"物理,化学",509,68977,,,43,,,0,0
河北,2025,物理类,本科批,180,长春工业大学,,"物理,化学",447,217182,,,4,,,0,0
河北,2025,物理类,本科批,1801,右江民族医学院,,物理,506,145351,,,2,,,0,0
河北,2025,物理类,本科批,1801,右江民族医学院,,"物理,化学",519,81112,,,9,,,0,0
河北,2025,物理类,本科批,1802,榆林学院,,物理,521,125369,,,2,,,0,0
河北,2025,物理类,本科批,1802,榆林学院,,"物理,化学",496,107712,,,11,,,0,0
河北,2025,物理类,本科批,1804,玉林师范学院,,"物理,化学",516,133592,,,5,,,0,0
河北,2025,物理类,本科批,1804,玉林师范学院,,"物理,化学,生物",506,150409,,,5,,,0,0
河北,2025,物理类,本科批,1805,玉溪师范学院,,"物理,化学",510,123731,,,8,,,0,0
河北,2025,物理类,本科批,1806,云南财经大学,,物理,515,51275,,,72,,,0,0
河北,2025,物理类,本科批,1806,云南财经大学,,"物理,化学",560,58000,,,11,,,0,0
河北,2025,物理类,本科批,1806,云南财经大学,,"物理,政治",532,107712,,,2,,,0,0
河北,2025,物理类,本科批,1808,云南大学,,物理,585,20009,,,28,,,0,0
河北,2025,物理类,本科批,1808,云南大学,,"物理,化学",546,18114,,,82,,,0,0
河北,2025,物理类,本科批,1808,云南大学,,"物理,化学,生物",579,15171,,,47,,,0,0
河北,2025,物理类,本科批,1808,云南大学,,"物理,地理",580,34450,,,11,,,0,0
河北,2025,物理类,本科批,1808,云南大学,,"物理,政治",610,20009,,,2,,,0,0
河北,2025,物理类,本科批,1810,云南警官学院,,"物理,化学",550,81112,,,1,,,0,0
河北,2025,物理类,本科批,1812,云南民族大学,,物理,538,98476,,,3,,,0,0
河北,2025,物理类,本科批,1812,云南民族大学,,"物理,化学",534,104591,,,5,,,0,0
河北,2025,物理类,本科批,1812,云南民族大学,,"物理,政治",537,99987,,,5,,,0,0
河北,2025,物理类,本科批,1814,云南农业大学,,物理,524,88117,,,6,,,0,0
河北,2025,物理类,本科批,1814,云南农业大学,,"物理,化学",498,51275,,,50,,,0,0
河北,2025,物理类,本科批,1814,云南农业大学,,"物理,生物",521,125369,,,2,,,0,0
河北,2025,物理类,本科批,1815,云南师范大学,,"物理,化学",545,49142,,,16,,,0,0
河北,2025,物理类,本科批,182,长春理工大学,,物理,559,39881,,,18,,,0,0
河北,2025,物理类,本科批,182,长春理工大学,,"物理,化学",525,20698,,,185,,,0,0
河北,2025,物理类,本科批,182,长春理工大学,,"物理,化学,生物",570,55712,,,2,,,0,0
河北,2025,物理类,本科批,1820,云南中医药大学,,物理,525,50224,,,6,,,0,0
河北,2025,物理类,本科批,1820,云南中医药大学,,"物理,化学",534,75607,,,12,,,0,0
河北,2025,物理类,本科批,1823,运城学院,,"物理,化学",517,92489,,,40,,,0,0
河北,2025,物理类,本科批,1826,枣庄学院,,"物理,化学",506,103048,,,30,,,0,0
河北,2025,物理类,本科批,183,长春汽车职业技术大学,,物理,500,142016,,,289,,,0,0
河北,2025,物理类,本科批,1832,张家口学院,,物理,501,101526,,,400,,,0,0
河北,2025,物理类,本科批,1832,张家口学院,,"物理,化学",501,123731,,,938,,,0,0
河北,2025,物理类,本科批,1832,张家口学院,,"物理,生物",508,118812,,,160,,,0,0
河北,2025,物理类,本科批,1836,肇庆学院,,"物理,化学",514,106095,,,6,,,0,0
河北,2025,物理类,本科批,1837,肇庆医学院,,"物理,化学",533,78313,,,3,,,0,0
河北,2025,物理类,本科批,1838,浙大城市学院,,物理,548,59117,,,17,,,0,0
河北,2025,物理类,本科批,1838,浙大城市学院,,"物理,化学",542,39881,,,45,,,0,0
河北,2025,物理类,本科批,1839,浙大宁波理工学院,,物理,548,83898,,,2,,,0,0
河北,2025,物理类,本科批,1839,浙大宁波理工学院,,"物理,化学",538,49142,,,73,,,0,0
河北,2025,物理类,本科批,184,长春师范大学,,物理,504,86664,,,9,,,0,0
河北,2025,物理类,本科批,184,长春师范大学,,"物理,化学",541,70324,,,25,,,0,0
河北,2025,物理类,本科批,1842,浙江财经大学,,物理,548,21354,,,54,,,0,0
河北,2025,物理类,本科批,1842,浙江财经大学,,"物理,化学",595,27073,,,15,,,0,0
河北,2025,物理类,本科批,1843,浙江传媒学院,,物理,546,35284,,,11,,,0,0
河北,2025,物理类,本科批,1843,浙江传媒学院,,"物理,化学",532,32692,,,18,,,0,0
河北,2025,物理类,本科批,1844,浙江传媒学院,,物理,546,40924,,,4,,,0,0
河北,2025,物理类,本科批,1845,浙江大学,,"物理,化学",650,3294,,,15,,,0,0
河北,2025,物理类,本科批,1846,浙江大学,,"物理,化学",679,159,,,34,,,0,0
河北,2025,物理类,本科批,1848,浙江大学医学院,,"物理,化学",660,681,,,20,,,0,0
河北,2025,物理类,本科批,1850,浙江大学医学院,,"物理,化学",638,6503,,,11,,,0,0
河北,2025,物理类,本科批,1851,浙江工商大学,,物理,560,36180,,,19,,,0,0
河北,2025,物理类,本科批,1851,浙江工商大学,,"物理,化学",561,53452,,,20,,,0,0
河北,2025,物理类,本科批,1854,浙江工业大学,,"物理,化学",546,15171,,,68,,,0,0
河北,2025,物理类,本科批,1855,浙江海洋大学,,物理,554,75607,,,2,,,0,0
河北,2025,物理类,本科批,1855,浙江海洋大学,,"物理,化学",531,39881,,,146,,,0,0
河北,2025,物理类,本科批,1855,浙江海洋大学,,"物理,生物",550,81112,,,4,,,0,0
河北,2025,物理类,本科批,1856,浙江机电职业技术大学,,物理,527,76985,,,24,,,0,0
河北,2025,物理类,本科批,1863,浙江科技大学,,物理,548,62725,,,14,,,0,0
河北,2025,物理类,本科批,1863,浙江科技大学,,"物理,化学",497,39881,,,80,,,0,0
河北,2025,物理类,本科批,1864,浙江理工大学,,物理,550,27821,,,15,,,0,0
河北,2025,物理类,本科批,1864,浙江理工大学,,"物理,化学",566,18720,,,72,,,0,0
河北,2025,物理类,本科批,1866,浙江农林大学,,物理,559,52384,,,7,,,0,0
河北,2025,物理类,本科批,1866,浙江农林大学,,"物理,化学",534,31807,,,61,,,0,0
河北,2025,物理类,本科批,1866,浙江农林大学,,"物理,地理",581,43929,,,1,,,0,0
河北,2025,物理类,本科批,1866,浙江农林大学,,"物理,生物",568,58000,,,2,,,0,0
河北,2025,物理类,本科批,1868,浙江师范大学,,物理,471,42923,,,17,,,0,0
河北,2025,物理类,本科批,1868,浙江师范大学,,"物理,化学",563,27073,,,67,,,0,0
河北,2025,物理类,本科批,1869,浙江水利水电学院,,物理,522,123731,,,5,,,0,0
河北,2025,物理类,本科批,1869,浙江水利水电学院,,"物理,化学",532,49142,,,34,,,0,0
河北,2025,物理类,本科批,187,长春职业技术大学,,"物理,化学",505,133592,,,76,,,0,0
河北,2025,物理类,本科批,187,长春职业技术大学,,"物理,化学,生物",499,162246,,,25,,,0,0
河北,2025,物理类,本科批,1871,浙江外国语学院,,物理,526,95459,,,18,,,0,0
河北,2025,物理类,本科批,1872,浙江万里学院,,物理,504,107712,,,84,,,0,0
河北,2025,物理类,本科批,1872,浙江万里学院,,"物理,化学",505,88117,,,99,,,0,0
河北,2025,物理类,本科批,1873,浙江药科职业大学,,物理,513,103048,,,65,,,0,0
河北,2025,物理类,本科批,1875,浙江中医药大学,,"物理,化学",541,11148,,,52,,,0,0
河北,2025,物理类,本科批,1877,郑州大学,,物理,598,13077,,,28,,,0,0
河北,2025,物理类,本科批,1877,郑州大学,,"物理,化学",596,10271,,,220,,,0,0
河北,2025,物理类,本科批,1879,郑州工程技术学院,,"物理,化学",509,125369,,,16,,,0,0
河北,2025,物理类,本科批,1880,郑州航空工业管理学院,,物理,502,65166,,,42,,,0,0
河北,2025,物理类,本科批,1880,郑州航空工业管理学院,,"物理,化学",518,56852,,,72,,,0,0
河北,2025,物理类,本科批,1883,郑州轻工业大学,,"物理,化学",523,32692,,,158,,,0,0
河北,2025,物理类,本科批,1887,中北大学,,物理,551,43929,,,26,,,0,0
河北,2025,物理类,本科批,1887,中北大学,,"物理,化学",557,16339,,,294,,,0,0
河北,2025,物理类,本科批,1888,中国传媒大学,,物理,616,14098,,,10,,,0,0
河北,2025,物理类,本科批,1888,中国传媒大学,,"物理,化学",584,6838,,,36,,,0,0
河北,2025,物理类,本科批,1888,中国传媒大学,,"物理,政治",604,24100,,,3,,,0,0
河北,2025,物理类,本科批,1889,中国传媒大学,,物理,617,15775,,,2,,,0,0
河北,2025,物理类,本科批,189,长春中医药大学,,物理,521,28597,,,62,,,0,0
河北,2025,物理类,本科批,189,长春中医药大学,,"物理,化学",525,44928,,,72,,,0,0
河北,2025,物理类,本科批,1891,中国地质大学(北京),,物理,605,11635,,,13,,,0,0
河北,2025,物理类,本科批,1891,中国地质大学(北京),,"物理,化学",601,6838,,,102,,,0,0
河北,2025,物理类,本科批,1893,中国地质大学(武汉),,物理,600,24100,,,10,,,0,0
河北,2025,物理类,本科批,1893,中国地质大学(武汉),,"物理,化学",573,9436,,,192,,,0,0
河北,2025,物理类,本科批,1895,中国海洋大学,,物理,618,9827,,,12,,,0,0
河北,2025,物理类,本科批,1895,中国海洋大学,,"物理,化学",602,6503,,,119,,,0,0
河北,2025,物理类,本科批,1897,中国计量大学,,物理,584,33539,,,14,,,0,0
河北,2025,物理类,本科批,1897,中国计量大学,,"物理,化学",578,20009,,,99,,,0,0
河北,2025,物理类,本科批,1899,中国科学技术大学,,"物理,化学",675,361,,,31,,,0,0
河北,2025,物理类,本科批,190,长江大学,,物理,542,54583,,,45,,,0,0
河北,2025,物理类,本科批,190,长江大学,,"物理,化学",502,27073,,,314,,,0,0
河北,2025,物理类,本科批,190,长江大学,,"物理,生物",499,47025,,,12,,,0,0
河北,2025,物理类,本科批,1900,中国科学院大学,,"物理,化学",681,146,,,17,,,0,0
河北,2025,物理类,本科批,1901,中国矿业大学(徐州),,物理,607,15171,,,12,,,0,0
河北,2025,物理类,本科批,1901,中国矿业大学(徐州),,"物理,化学",574,9827,,,237,,,0,0
河北,2025,物理类,本科批,1902,中国矿业大学(北京),,物理,598,24833,,,21,,,0,0
河北,2025,物理类,本科批,1902,中国矿业大学(北京),,"物理,化学",597,7879,,,127,,,0,0
河北,2025,物理类,本科批,1905,中国劳动关系学院,,物理,546,47025,,,30,,,0,0
河北,2025,物理类,本科批,1905,中国劳动关系学院,,"物理,化学",542,56852,,,16,,,0,0
河北,2025,物理类,本科批,1907,中国美术学院,,"物理,化学",578,47025,,,5,,,0,0
河北,2025,物理类,本科批,1909,中国民航大学,,物理,598,28597,,,11,,,0,0
河北,2025,物理类,本科批,1909,中国民航大学,,"物理,化学",599,14636,,,179,,,0,0
河北,2025,物理类,本科批,1910,中国民用航空飞行学院,,物理,549,40924,,,11,,,0,0
河北,2025,物理类,本科批,1910,中国民用航空飞行学院,,"物理,化学",566,37123,,,65,,,0,0
河北,2025,物理类,本科批,1910,中国民用航空飞行学院,,"物理,政治",548,83898,,,1,,,0,0
河北,2025,物理类,本科批,1912,中国农业大学,,物理,599,18114,,,4,,,0,0
河北,2025,物理类,本科批,1912,中国农业大学,,"物理,化学",610,3294,,,137,,,0,0
河北,2025,物理类,本科批,1912,中国农业大学,,"物理,生物",630,9436,,,3,,,0,0
河北,2025,物理类,本科批,1914,中国人民大学,,物理,681,233,,,2,,,0,0
河北,2025,物理类,本科批,1914,中国人民大学,,"物理,化学",673,267,,,20,,,0,0
河北,2025,物理类,本科批,1916,中国人民大学,,物理,629,7522,,,5,,,0,0
河北,2025,物理类,本科批,1916,中国人民大学,,"物理,化学",652,2914,,,1,,,0,0
河北,2025,物理类,本科批,192,长江师范学院,,物理,534,104591,,,3,,,0,0
河北,2025,物理类,本科批,192,长江师范学院,,"物理,化学",513,70324,,,74,,,0,0
河北,2025,物理类,本科批,1920,中国人民警察大学,,物理,559,68977,,,8,,,0,0
河北,2025,物理类,本科批,1920,中国人民警察大学,,"物理,化学",562,39881,,,32,,,0,0
河北,2025,物理类,本科批,1920,中国人民警察大学,,"物理,政治",554,75607,,,6,,,0,0
河北,2025,物理类,本科批,1921,中国社会科学院大学,,物理,628,7522,,,3,,,0,0
河北,2025,物理类,本科批,1923,中国石油大学(北京),,物理,612,14098,,,19,,,0,0
河北,2025,物理类,本科批,1923,中国石油大学(北京),,"物理,化学",610,7879,,,118,,,0,0
河北,2025,物理类,本科批,1925,中国石油大学(北京)克拉玛依校区,,物理,569,40924,,,19,,,0,0
河北,2025,物理类,本科批,1925,中国石油大学(北京)克拉玛依校区,,"物理,化学",580,27821,,,190,,,0,0
河北,2025,物理类,本科批,1928,中国石油大学(华东),,物理,600,15171,,,25,,,0,0
河北,2025,物理类,本科批,1928,中国石油大学(华东),,"物理,化学",599,9436,,,264,,,0,0
河北,2025,物理类,本科批,1934,中国药科大学,,"物理,化学",600,4995,,,94,,,0,0
河北,2025,物理类,本科批,1936,中国医科大学,,"物理,化学",544,2914,,,69,,,0,0
河北,2025,物理类,本科批,1938,中国政法大学,,物理,627,2081,,,43,,,0,0
河北,2025,物理类,本科批,1940,中华女子学院,,物理,556,65166,,,10,,,0,0
河北,2025,物理类,本科批,1940,中华女子学院,,"物理,化学",560,65166,,,8,,,0,0
河北,2025,物理类,本科批,1942,中南财经政法大学,,物理,571,9012,,,65,,,0,0
河北,2025,物理类,本科批,1942,中南财经政法大学,,"物理,化学",601,10271,,,25,,,0,0
河北,2025,物理类,本科批,1943,中南大学,,"物理,化学",599,2914,,,272,,,0,0
河北,2025,物理类,本科批,1943,中南大学,,"物理,化学,生物",639,1236,,,15,,,0,0
河北,2025,物理类,本科批,1945,中南林业科技大学,,物理,524,44928,,,72,,,0,0
河北,2025,物理类,本科批,1945,中南林业科技大学,,"物理,化学",522,37123,,,186,,,0,0
河北,2025,物理类,本科批,1945,中南林业科技大学,,"物理,生物",535,103048,,,4,,,0,0
河北,2025,物理类,本科批,1946,中南民族大学,,物理,577,44928,,,5,,,0,0
河北,2025,物理类,本科批,1946,中南民族大学,,"物理,化学",559,30194,,,35,,,0,0
河北,2025,物理类,本科批,1947,中山大学,,物理,641,3513,,,8,,,0,0
河北,2025,物理类,本科批,1947,中山大学,,"物理,化学",641,622,,,79,,,0,0
河北,2025,物理类,本科批,1949,中央财经大学,,物理,618,5846,,,43,,,0,0
河北,2025,物理类,本科批,1949,中央财经大学,,"物理,化学",636,5268,,,16,,,0,0
河北,2025,物理类,本科批,1951,中央美术学院,,物理,568,32692,,,4,,,0,0
河北,2025,物理类,本科批,1952,中央民族大学,,物理,622,9827,,,24,,,0,0
河北,2025,物理类,本科批,1952,中央民族大学,,"物理,化学",607,8622,,,91,,,0,0
河北,2025,物理类,本科批,1958,中原工学院,,物理,525,118812,,,5,,,0,0
河北,2025,物理类,本科批,1958,中原工学院,,"物理,化学",512,68977,,,53,,,0,0
河北,2025,物理类,本科批,1958,中原工学院,,"物理,化学,生物",515,135284,,,5,,,0,0
河北,2025,物理类,本科批,1959,周口师范学院,,物理,512,101526,,,18,,,0,0
河北,2025,物理类,本科批,1959,周口师范学院,,"物理,化学",485,93962,,,50,,,0,0
河北,2025,物理类,本科批,1959,周口师范学院,,"物理,生物",522,123731,,,2,,,0,0
河北,2025,物理类,本科批,1964,遵义师范学院,,"物理,化学",529,112447,,,2,,,0,0
河北,2025,物理类,本科批,1965,遵义医科大学,,"物理,化学",530,31807,,,34,,,0,0
河北,2025,物理类,本科批,1968,安徽医科大学临床医学院,,"物理,化学",539,96962,,,10,,,0,0
河北,2025,物理类,本科批,1969,北京第二外国语学院中瑞酒店管理学院,,物理,459,197758,,,43,,,0,0
河北,2025,物理类,本科批,197,长沙理工大学,,物理,560,27821,,,15,,,0,0
河北,2025,物理类,本科批,197,长沙理工大学,,"物理,化学",560,13077,,,236,,,0,0
河北,2025,物理类,本科批,1970,北京工业大学耿丹学院,,物理,460,173920,,,33,,,0,0
河北,2025,物理类,本科批,1970,北京工业大学耿丹学院,,"物理,化学",459,191536,,,57,,,0,0
河北,2025,物理类,本科批,1971,北京科技大学天津学院,,物理,487,99987,,,44,,,0,0
河北,2025,物理类,本科批,1971,北京科技大学天津学院,,"物理,化学",492,128615,,,126,,,0,0
河北,2025,物理类,本科批,1972,北京邮电大学世纪学院,,物理,493,147056,,,10,,,0,0
河北,2025,物理类,本科批,1972,北京邮电大学世纪学院,,"物理,化学",492,123731,,,55,,,0,0
河北,2025,物理类,本科批,1973,北京中医药大学东方学院,,物理,476,183545,,,1250,,,0,0
河北,2025,物理类,本科批,1973,北京中医药大学东方学院,,"物理,化学",465,181967,,,2383,,,0,0
河北,2025,物理类,本科批,1973,北京中医药大学东方学院,,"物理,生物",478,196199,,,690,,,0,0
河北,2025,物理类,本科批,1974,长春大学旅游学院,,物理,459,183545,,,38,,,0,0
河北,2025,物理类,本科批,1974,长春大学旅游学院,,"物理,化学",459,217182,,,53,,,0,0
河北,2025,物理类,本科批,1975,长春工业大学人文信息学院,,物理,460,167370,,,27,,,0,0
河北,2025,物理类,本科批,1975,长春工业大学人文信息学院,,"物理,化学",459,173920,,,150,,,0,0
河北,2025,物理类,本科批,1976,长江大学文理学院,,物理,494,170629,,,2,,,0,0
河北,2025,物理类,本科批,1976,长江大学文理学院,,"物理,化学",493,172221,,,3,,,0,0
河北,2025,物理类,本科批,1977,常州大学怀德学院,,"物理,化学",503,140302,,,9,,,0,0
河北,2025,物理类,本科批,1978,成都理工大学工程技术学院,,"物理,化学",492,143731,,,15,,,0,0
河北,2025,物理类,本科批,1979,重庆工商大学派斯学院,,物理,500,145351,,,10,,,0,0
河北,2025,物理类,本科批,1980,大连工业大学艺术与信息工程学院,,物理,465,186805,,,28,,,0,0
河北,2025,物理类,本科批,1980,大连工业大学艺术与信息工程学院,,"物理,化学",462,172221,,,74,,,0,0
河北,2025,物理类,本科批,1981,大连理工大学城市学院,,物理,466,152124,,,53,,,0,0
河北,2025,物理类,本科批,1981,大连理工大学城市学院,,"物理,化学",474,155469,,,80,,,0,0
河北,2025,物理类,本科批,1982,大连医科大学中山学院,,物理,466,196199,,,7,,,0,0
河北,2025,物理类,本科批,1982,大连医科大学中山学院,,"物理,化学",479,95459,,,46,,,0,0
河北,2025,物理类,本科批,1983,电子科技大学成都学院,,"物理,化学",518,98476,,,35,,,0,0
河北,2025,物理类,本科批,1984,东南大学成贤学院,,物理,500,160507,,,2,,,0,0
河北,2025,物理类,本科批,1984,东南大学成贤学院,,"物理,化学",499,99987,,,16,,,0,0
河北,2025,物理类,本科批,1985,福州大学至诚学院,,物理,473,155469,,,13,,,0,0
河北,2025,物理类,本科批,1985,福州大学至诚学院,,"物理,化学",476,153782,,,104,,,0,0
河北,2025,物理类,本科批,1986,赣南师范大学科技学院,,"物理,化学",500,150409,,,7,,,0,0
河北,2025,物理类,本科批,1987,广东外语外贸大学南国商学院,,物理,489,178836,,,2,,,0,0
河北,2025,物理类,本科批,1987,广东外语外贸大学南国商学院,,"物理,化学",492,173920,,,2,,,0,0
河北,2025,物理类,本科批,1988,广西民族大学相思湖学院,,物理,481,169008,,,41,,,0,0
河北,2025,物理类,本科批,1988,广西民族大学相思湖学院,,"物理,化学",491,175569,,,10,,,0,0
河北,2025,物理类,本科批,1989,广西中医药大学赛恩斯新医药学院,,物理,517,122069,,,16,,,0,0
河北,2025,物理类,本科批,1989,广西中医药大学赛恩斯新医药学院,,"物理,化学",506,150409,,,2,,,0,0
河北,2025,物理类,本科批,1989,广西中医药大学赛恩斯新医药学院,,"物理,生物",511,142016,,,2,,,0,0
河北,2025,物理类,本科批,1990,贵州中医药大学时珍学院,,"物理,化学",502,136965,,,10,,,0,0
河北,2025,物理类,本科批,1991,杭州电子科技大学信息工程学院,,物理,505,152124,,,5,,,0,0
河北,2025,物理类,本科批,1991,杭州电子科技大学信息工程学院,,"物理,化学",507,118812,,,100,,,0,0
河北,2025,物理类,本科批,1992,河北地质大学华信学院,,物理,473,158849,,,801,,,0,0
河北,2025,物理类,本科批,1992,河北地质大学华信学院,,"物理,化学",466,196199,,,1739,,,0,0
河北,2025,物理类,本科批,1992,河北地质大学华信学院,,"物理,生物",466,202340,,,384,,,0,0
河北,2025,物理类,本科批,1993,河北工程大学科信学院,,物理,495,135284,,,166,,,0,0
河北,2025,物理类,本科批,1993,河北工程大学科信学院,,"物理,化学",493,148725,,,1189,,,0,0
河北,2025,物理类,本科批,1994,河北经贸大学经济管理学院,,物理,496,117158,,,565,,,0,0
河北,2025,物理类,本科批,1994,河北经贸大学经济管理学院,,"物理,化学",501,152124,,,316,,,0,0
河北,2025,物理类,本科批,1995,河北农业大学现代科技学院,,物理,494,136965,,,210,,,0,0
河北,2025,物理类,本科批,1995,河北农业大学现代科技学院,,"物理,化学",495,150409,,,1110,,,0,0
河北,2025,物理类,本科批,1996,河北医科大学临床学院,,"物理,化学",524,101526,,,59,,,0,0
河北,2025,物理类,本科批,1996,河北医科大学临床学院,,"物理,化学,生物",521,91027,,,242,,,0,0
河北,2025,物理类,本科批,1996,河北医科大学临床学院,,"物理,生物",519,128615,,,97,,,0,0
河北,2025,物理类,本科批,1997,黑龙江工程学院昆仑旅游学院,,物理,460,215723,,,75,,,0,0
河北,2025,物理类,本科批,1997,黑龙江工程学院昆仑旅游学院,,"物理,化学",459,222850,,,80,,,0,0
河北,2025,物理类,本科批,1998,湖北大学知行学院,,物理,495,131912,,,5,,,0,0
河北,2025,物理类,本科批,1998,湖北大学知行学院,,"物理,化学",494,133592,,,9,,,0,0
河北,2025,物理类,本科批,2000,湖北工程学院新技术学院,,物理,494,148725,,,9,,,0,0
河北,2025,物理类,本科批,2000,湖北工程学院新技术学院,,"物理,化学",493,150409,,,22,,,0,0
河北,2025,物理类,本科批,2001,湖北工业大学工程技术学院,,"物理,化学",500,152124,,,12,,,0,0
河北,2025,物理类,本科批,2002,湖北经济学院法商学院,,物理,500,147056,,,7,,,0,0
河北,2025,物理类,本科批,2003,湖北师范大学文理学院,,"物理,化学",500,153782,,,5,,,0,0
河北,2025,物理类,本科批,2004,湖北医药学院药护学院,,"物理,化学",526,103048,,,14,,,0,0
河北,2025,物理类,本科批,2005,湖南科技大学潇湘学院,,物理,505,152124,,,1,,,0,0
河北,2025,物理类,本科批,2005,湖南科技大学潇湘学院,,"物理,化学",492,130251,,,10,,,0,0
河北,2025,物理类,本科批,2006,湖南农业大学东方科技学院,,"物理,化学",496,160507,,,7,,,0,0
河北,2025,物理类,本科批,2007,华北理工大学轻工学院,,物理,467,157169,,,162,,,0,0
河北,2025,物理类,本科批,2007,华北理工大学轻工学院,,"物理,化学",460,183545,,,1625,,,0,0
河北,2025,物理类,本科批,2008,华南农业大学珠江学院,,物理,463,172221,,,12,,,0,0
河北,2025,物理类,本科批,2008,华南农业大学珠江学院,,"物理,化学",459,169008,,,12,,,0,0
河北,2025,物理类,本科批,2009,吉林师范大学博达学院,,物理,477,177231,,,23,,,0,0
河北,2025,物理类,本科批,2009,吉林师范大学博达学院,,"物理,化学",469,178836,,,35,,,0,0
河北,2025,物理类,本科批,2009,吉林师范大学博达学院,,"物理,地理",484,186805,,,5,,,0,0
河北,2025,物理类,本科批,201,长沙学院,,物理,513,71632,,,10,,,0,0
河北,2025,物理类,本科批,201,长沙学院,,"物理,化学",557,54583,,,8,,,0,0
河北,2025,物理类,本科批,2010,集美大学诚毅学院,,物理,494,123731,,,15,,,0,0
河北,2025,物理类,本科批,2010,集美大学诚毅学院,,"物理,化学",502,118812,,,21,,,0,0
河北,2025,物理类,本科批,2011,江苏科技大学苏州理工学院,,物理,499,150409,,,3,,,0,0
河北,2025,物理类,本科批,2011,江苏科技大学苏州理工学院,,"物理,化学",507,130251,,,4,,,0,0
河北,2025,物理类,本科批,2012,江苏师范大学科文学院,,物理,493,117158,,,10,,,0,0
河北,2025,物理类,本科批,2012,江苏师范大学科文学院,,"物理,化学",499,148725,,,18,,,0,0
河北,2025,物理类,本科批,2013,江西财经大学现代经济管理学院,,物理,496,95459,,,13,,,0,0
河北,2025,物理类,本科批,2013,江西财经大学现代经济管理学院,,"物理,化学",512,135284,,,3,,,0,0
河北,2025,物理类,本科批,2014,江西农业大学南昌商学院,,物理,494,118812,,,11,,,0,0
河北,2025,物理类,本科批,2014,江西农业大学南昌商学院,,"物理,化学",494,155469,,,8,,,0,0
河北,2025,物理类,本科批,2014,江西农业大学南昌商学院,,"物理,生物",495,169008,,,2,,,0,0
河北,2025,物理类,本科批,2015,江西农业大学南昌商学院,,物理,497,165687,,,1,,,0,0
河北,2025,物理类,本科批,2016,江西师范大学科学技术学院,,物理,495,140302,,,5,,,0,0
河北,2025,物理类,本科批,2016,江西师范大学科学技术学院,,"物理,化学",502,155469,,,5,,,0,0
河北,2025,物理类,本科批,2017,锦州医科大学医疗学院,,物理,475,186805,,,4,,,0,0
河北,2025,物理类,本科批,2017,锦州医科大学医疗学院,,"物理,化学",465,93962,,,59,,,0,0
河北,2025,物理类,本科批,2018,昆明理工大学津桥学院,,物理,479,133592,,,4,,,0,0
河北,2025,物理类,本科批,2018,昆明理工大学津桥学院,,"物理,化学",491,165687,,,7,,,0,0
河北,2025,物理类,本科批,2019,昆明医科大学海源学院,,"物理,化学",487,103048,,,28,,,0,0
河北,2025,物理类,本科批,2019,昆明医科大学海源学院,,"物理,生物",497,165687,,,2,,,0,0
河北,2025,物理类,本科批,2020,辽宁师范大学海华学院,,物理,467,172221,,,57,,,0,0
河北,2025,物理类,本科批,2020,辽宁师范大学海华学院,,"物理,化学",469,199215,,,77,,,0,0
河北,2025,物理类,本科批,2020,辽宁师范大学海华学院,,"物理,政治",479,194622,,,7,,,0,0
河北,2025,物理类,本科批,2021,辽宁中医药大学杏林学院,,"物理,化学",481,181967,,,90,,,0,0
河北,2025,物理类,本科批,2022,聊城大学东昌学院,,物理,493,172221,,,6,,,0,0
河北,2025,物理类,本科批,2022,聊城大学东昌学院,,"物理,化学",494,169008,,,12,,,0,0
河北,2025,物理类,本科批,2023,南昌大学共青学院,,物理,492,165687,,,9,,,0,0
河北,2025,物理类,本科批,2023,南昌大学共青学院,,"物理,化学",501,155469,,,7,,,0,0
河北,2025,物理类,本科批,2024,南昌大学科学技术学院,,物理,495,122069,,,10,,,0,0
河北,2025,物理类,本科批,2024,南昌大学科学技术学院,,"物理,化学",494,135284,,,22,,,0,0
河北,2025,物理类,本科批,2025,南昌航空大学科技学院,,"物理,化学",502,120435,,,7,,,0,0
河北,2025,物理类,本科批,2026,南华大学船山学院,,"物理,化学",493,150409,,,4,,,0,0
河北,2025,物理类,本科批,2027,南京财经大学红山学院,,物理,497,109287,,,41,,,0,0
河北,2025,物理类,本科批,2028,南京工业大学浦江学院,,物理,501,153782,,,5,,,0,0
河北,2025,物理类,本科批,2028,南京工业大学浦江学院,,"物理,化学",496,123731,,,11,,,0,0
河北,2025,物理类,本科批,2029,南京理工大学泰州科技学院,,"物理,化学",491,175569,,,10,,,0,0
河北,2025,物理类,本科批,203,长治学院,,"物理,化学",525,75607,,,5,,,0,0
河北,2025,物理类,本科批,2030,南京审计大学金审学院,,物理,507,95459,,,12,,,0,0
河北,2025,物理类,本科批,2030,南京审计大学金审学院,,"物理,化学",525,103048,,,5,,,0,0
河北,2025,物理类,本科批,2032,南京邮电大学通达学院,,"物理,化学",520,103048,,,24,,,0,0
河北,2025,物理类,本科批,2033,南宁师范大学师园学院,,物理,497,165687,,,4,,,0,0
河北,2025,物理类,本科批,2033,南宁师范大学师园学院,,"物理,化学",496,165687,,,6,,,0,0
河北,2025,物理类,本科批,2034,内蒙古大学创业学院,,物理,491,155469,,,14,,,0,0
河北,2025,物理类,本科批,2034,内蒙古大学创业学院,,"物理,化学",485,155469,,,30,,,0,0
河北,2025,物理类,本科批,2035,宁波大学科学技术学院,,物理,484,118812,,,21,,,0,0
河北,2025,物理类,本科批,2035,宁波大学科学技术学院,,"物理,化学",473,147056,,,80,,,0,0
河北,2025,物理类,本科批,2036,宁夏大学新华学院,,物理,476,167370,,,9,,,0,0
河北,2025,物理类,本科批,2036,宁夏大学新华学院,,"物理,化学",472,165687,,,14,,,0,0
河北,2025,物理类,本科批,2037,青岛农业大学海都学院,,物理,492,153782,,,3,,,0,0
河北,2025,物理类,本科批,2037,青岛农业大学海都学院,,"物理,化学",492,131912,,,16,,,0,0
河北,2025,物理类,本科批,2037,青岛农业大学海都学院,,"物理,生物",489,178836,,,2,,,0,0
河北,2025,物理类,本科批,2038,三峡大学科技学院,,"物理,化学",504,101526,,,19,,,0,0
河北,2025,物理类,本科批,2039,山东财经大学东方学院,,物理,497,122069,,,20,,,0,0
河北,2025,物理类,本科批,2039,山东财经大学东方学院,,"物理,化学",501,158849,,,5,,,0,0
河北,2025,物理类,本科批,204,长治医学院,,物理,534,67726,,,3,,,0,0
河北,2025,物理类,本科批,204,长治医学院,,"物理,化学",513,48060,,,34,,,0,0
河北,2025,物理类,本科批,204,长治医学院,,"物理,生物",522,99987,,,7,,,0,0
河北,2025,物理类,本科批,2040,陕西科技大学镐京学院,,物理,460,170629,,,32,,,0,0
河北,2025,物理类,本科批,2040,陕西科技大学镐京学院,,"物理,化学",464,175569,,,79,,,0,0
河北,2025,物理类,本科批,2041,上海财经大学浙江学院,,物理,532,96962,,,3,,,0,0
河北,2025,物理类,本科批,2041,上海财经大学浙江学院,,"物理,化学",503,130251,,,24,,,0,0
河北,2025,物理类,本科批,2042,上海师范大学天华学院,,物理,502,157169,,,4,,,0,0
河北,2025,物理类,本科批,2042,上海师范大学天华学院,,"物理,化学",477,185132,,,12,,,0,0
河北,2025,物理类,本科批,2043,上海外国语大学贤达经济人文学院,,物理,461,118812,,,21,,,0,0
河北,2025,物理类,本科批,2044,石家庄铁道大学四方学院,,物理,496,128615,,,254,,,0,0
河北,2025,物理类,本科批,2044,石家庄铁道大学四方学院,,"物理,化学",494,117158,,,1590,,,0,0
河北,2025,物理类,本科批,2045,首都师范大学科德学院,,物理,461,180401,,,11,,,0,0
河北,2025,物理类,本科批,2045,首都师范大学科德学院,,"物理,化学",461,208299,,,6,,,0,0
河北,2025,物理类,本科批,2046,四川大学锦江学院,,物理,498,128615,,,7,,,0,0
河北,2025,物理类,本科批,2046,四川大学锦江学院,,"物理,化学",513,123731,,,7,,,0,0
河北,2025,物理类,本科批,2046,四川大学锦江学院,,"物理,政治",498,163962,,,1,,,0,0
河北,2025,物理类,本科批,2047,苏州大学应用技术学院,,物理,511,93962,,,5,,,0,0
河北,2025,物理类,本科批,2048,天津财经大学珠江学院,,物理,496,131912,,,138,,,0,0
河北,2025,物理类,本科批,2048,天津财经大学珠江学院,,"物理,化学",479,131912,,,16,,,0,0
河北,2025,物理类,本科批,2049,天津理工大学中环信息学院,,物理,501,158849,,,2,,,0,0
河北,2025,物理类,本科批,2049,天津理工大学中环信息学院,,"物理,化学",503,123731,,,106,,,0,0
河北,2025,物理类,本科批,2050,天津商业大学宝德学院,,物理,495,133592,,,73,,,0,0
河北,2025,物理类,本科批,2051,天津商业大学宝德学院,,物理,481,183545,,,4,,,0,0
河北,2025,物理类,本科批,2052,天津外国语大学滨海外事学院,,物理,496,127001,,,9,,,0,0
河北,2025,物理类,本科批,2053,天津医科大学临床医学院,,物理,496,120435,,,11,,,0,0
河北,2025,物理类,本科批,2053,天津医科大学临床医学院,,"物理,化学",518,115590,,,36,,,0,0
河北,2025,物理类,本科批,2053,天津医科大学临床医学院,,"物理,化学,生物",540,78313,,,17,,,0,0
河北,2025,物理类,本科批,2054,温州医科大学仁济学院,,"物理,化学",505,96962,,,10,,,0,0
河北,2025,物理类,本科批,2055,武汉纺织大学外经贸学院,,物理,491,175569,,,1,,,0,0
河北,2025,物理类,本科批,2055,武汉纺织大学外经贸学院,,"物理,化学",499,150409,,,4,,,0,0
河北,2025,物理类,本科批,2056,武汉工程大学邮电与信息工程学院,,"物理,化学",496,142016,,,5,,,0,0
河北,2025,物理类,本科批,2057,武汉体育学院体育科技学院,,物理,492,170629,,,4,,,0,0
河北,2025,物理类,本科批,2059,西安建筑科技大学华清学院,,物理,487,172221,,,9,,,0,0
河北,2025,物理类,本科批,2059,西安建筑科技大学华清学院,,"物理,化学",482,148725,,,20,,,0,0
河北,2025,物理类,本科批,2060,西安交通大学城市学院,,物理,492,136965,,,13,,,0,0
河北,2025,物理类,本科批,2060,西安交通大学城市学院,,"物理,化学",490,130251,,,43,,,0,0
河北,2025,物理类,本科批,2061,西安科技大学高新学院,,物理,477,186805,,,11,,,0,0
河北,2025,物理类,本科批,2061,西安科技大学高新学院,,"物理,化学",480,155469,,,12,,,0,0
河北,2025,物理类,本科批,2062,西北大学现代学院,,物理,486,162246,,,2,,,0,0
河北,2025,物理类,本科批,2063,西北大学现代学院,,物理,481,191536,,,1,,,0,0
河北,2025,物理类,本科批,2064,西南财经大学天府学院,,物理,513,125369,,,6,,,0,0
河北,2025,物理类,本科批,2064,西南财经大学天府学院,,"物理,化学",519,128615,,,1,,,0,0
河北,2025,物理类,本科批,2065,西南交通大学希望学院,,"物理,化学",491,120435,,,3,,,0,0
河北,2025,物理类,本科批,2066,厦门大学嘉庚学院,,物理,496,125369,,,19,,,0,0
河北,2025,物理类,本科批,2066,厦门大学嘉庚学院,,"物理,化学",500,117158,,,46,,,0,0
河北,2025,物理类,本科批,2067,延安大学西安创新学院,,物理,468,165687,,,15,,,0,0
河北,2025,物理类,本科批,2067,延安大学西安创新学院,,"物理,化学",479,158849,,,17,,,0,0
河北,2025,物理类,本科批,2067,延安大学西安创新学院,,"物理,化学,生物",487,181967,,,2,,,0,0
河北,2025,物理类,本科批,2067,延安大学西安创新学院,,"物理,生物",488,180401,,,3,,,0,0
河北,2025,物理类,本科批,2068,浙江工商大学杭州商学院,,物理,492,130251,,,24,,,0,0
河北,2025,物理类,本科批,2068,浙江工商大学杭州商学院,,"物理,化学",505,140302,,,7,,,0,0
河北,2025,物理类,本科批,2069,浙江工业大学之江学院,,"物理,化学",503,131912,,,25,,,0,0
河北,2025,物理类,本科批,207,常州大学,,"物理,化学",584,38007,,,5,,,0,0
河北,2025,物理类,本科批,2070,浙江理工大学科技与艺术学院,,物理,489,157169,,,24,,,0,0
河北,2025,物理类,本科批,2070,浙江理工大学科技与艺术学院,,"物理,化学",480,158849,,,26,,,0,0
河北,2025,物理类,本科批,2071,浙江农林大学暨阳学院,,物理,492,173920,,,2,,,0,0
河北,2025,物理类,本科批,2071,浙江农林大学暨阳学院,,"物理,化学",488,163962,,,30,,,0,0
河北,2025,物理类,本科批,2071,浙江农林大学暨阳学院,,"物理,地理",486,183545,,,3,,,0,0
河北,2025,物理类,本科批,2072,浙江师范大学行知学院,,"物理,化学",489,140302,,,9,,,0,0
河北,2025,物理类,本科批,2073,中国计量大学现代科技学院,,物理,486,162246,,,13,,,0,0
河北,2025,物理类,本科批,2073,中国计量大学现代科技学院,,"物理,化学",496,130251,,,25,,,0,0
河北,2025,物理类,本科批,2074,中国矿业大学徐海学院,,物理,511,142016,,,6,,,0,0
河北,2025,物理类,本科批,2074,中国矿业大学徐海学院,,"物理,化学",491,135284,,,48,,,0,0
河北,2025,物理类,本科批,2075,中南林业科技大学涉外学院,,物理,493,142016,,,19,,,0,0
河北,2025,物理类,本科批,2075,中南林业科技大学涉外学院,,"物理,化学",497,145351,,,8,,,0,0
河北,2025,物理类,本科批,2076,遵义医科大学医学与科技学院,,"物理,化学",540,95459,,,5,,,0,0
河北,2025,物理类,本科批,2079,安徽外国语学院,,物理,466,173920,,,5,,,0,0
河北,2025,物理类,本科批,208,常州工学院,,"物理,化学",536,60306,,,10,,,0,0
河北,2025,物理类,本科批,2080,安徽新华学院,,物理,483,183545,,,6,,,0,0
河北,2025,物理类,本科批,2080,安徽新华学院,,"物理,化学",491,165687,,,9,,,0,0
河北,2025,物理类,本科批,2081,安阳学院,,物理,494,152124,,,15,,,0,0
河北,2025,物理类,本科批,2081,安阳学院,,"物理,化学",496,163962,,,30,,,0,0
河北,2025,物理类,本科批,2084,蚌埠工商学院,,物理,493,155469,,,8,,,0,0
河北,2025,物理类,本科批,2088,保定理工学院,,物理,459,205382,,,1761,,,0,0
河北,2025,物理类,本科批,2088,保定理工学院,,"物理,化学",459,208299,,,1471,,,0,0
河北,2025,物理类,本科批,2088,保定理工学院,,"物理,生物",462,220074,,,65,,,0,0
河北,2025,物理类,本科批,2090,北海艺术设计学院,,物理,467,196199,,,9,,,0,0
河北,2025,物理类,本科批,2092,北京城市学院,,物理,505,152124,,,1,,,0,0
河北,2025,物理类,本科批,2092,北京城市学院,,"物理,化学",476,115590,,,65,,,0,0
河北,2025,物理类,本科批,2094,北京金融科技学院,,物理,459,202340,,,10,,,0,0
河北,2025,物理类,本科批,2094,北京金融科技学院,,"物理,化学",460,218647,,,9,,,0,0
河北,2025,物理类,本科批,21,安徽建筑大学,,物理,530,59117,,,26,,,0,0
河北,2025,物理类,本科批,21,安徽建筑大学,,"物理,化学",531,42923,,,81,,,0,0
河北,2025,物理类,本科批,21,安徽建筑大学,,"物理,地理",558,70324,,,3,,,0,0
河北,2025,物理类,本科批,2105,沧州交通学院,,物理,469,157169,,,637,,,0,0
河北,2025,物理类,本科批,2105,沧州交通学院,,"物理,化学",459,170629,,,3605,,,0,0
河北,2025,物理类,本科批,2107,长春财经学院,,物理,459,167370,,,107,,,0,0
河北,2025,物理类,本科批,2107,长春财经学院,,"物理,化学",463,189932,,,43,,,0,0
河北,2025,物理类,本科批,2108,长春电子科技学院,,"物理,化学",459,186805,,,137,,,0,0
河北,2025,物理类,本科批,211,巢湖学院,,物理,519,117158,,,10,,,0,0
河北,2025,物理类,本科批,211,巢湖学院,,"物理,化学",517,131912,,,20,,,0,0
河北,2025,物理类,本科批,2110,长春光华学院,,物理,462,206836,,,8,,,0,0
河北,2025,物理类,本科批,2110,长春光华学院,,"物理,化学",463,173920,,,116,,,0,0
河北,2025,物理类,本科批,2111,长春建筑学院,,物理,460,212828,,,27,,,0,0
河北,2025,物理类,本科批,2111,长春建筑学院,,"物理,化学",459,177231,,,126,,,0,0
河北,2025,物理类,本科批,2113,长春科技学院,,物理,459,194622,,,75,,,0,0
河北,2025,物理类,本科批,2113,长春科技学院,,"物理,化学",459,185132,,,135,,,0,0
河北,2025,物理类,本科批,2113,长春科技学院,,"物理,生物",462,220074,,,20,,,0,0
河北,2025,物理类,本科批,2114,长春人文学院,,物理,468,163962,,,26,,,0,0
河北,2025,物理类,本科批,2114,长春人文学院,,"物理,化学",460,173920,,,37,,,0,0
河北,2025,物理类,本科批,212,朝阳师范学院,,物理,505,101526,,,8,,,0,0
河北,2025,物理类,本科批,212,朝阳师范学院,,"物理,化学",520,127001,,,2,,,0,0
河北,2025,物理类,本科批,2124,长沙医学院,,物理,519,128615,,,3,,,0,0
河北,2025,物理类,本科批,2124,长沙医学院,,"物理,化学",527,103048,,,9,,,0,0
河北,2025,物理类,本科批,2127,常德学院,,"物理,化学",483,157169,,,17,,,0,0
河北,2025,物理类,本科批,213,成都大学,,物理,516,44928,,,13,,,0,0
河北,2025,物理类,本科批,213,成都大学,,"物理,化学",553,26287,,,61,,,0,0
河北,2025,物理类,本科批,213,成都大学,,"物理,化学,生物",594,31807,,,3,,,0,0
河北,2025,物理类,本科批,2130,成都东软学院,,物理,497,160507,,,4,,,0,0
河北,2025,物理类,本科批,2130,成都东软学院,,"物理,化学",502,127001,,,16,,,0,0
河北,2025,物理类,本科批,2131,成都锦城学院,,物理,493,128615,,,14,,,0,0
河北,2025,物理类,本科批,2131,成都锦城学院,,"物理,化学",495,131912,,,20,,,0,0
河北,2025,物理类,本科批,2132,成都锦城学院,,物理,485,185132,,,2,,,0,0
河北,2025,物理类,本科批,2133,成都外国语学院,,物理,493,112447,,,11,,,0,0
河北,2025,物理类,本科批,2134,成都文理学院,,物理,467,162246,,,10,,,0,0
河北,2025,物理类,本科批,2134,成都文理学院,,"物理,化学",500,160507,,,15,,,0,0
河北,2025,物理类,本科批,2135,成都艺术职业大学,,物理,489,178836,,,10,,,0,0
河北,2025,物理类,本科批,2136,成都银杏酒店管理学院,,物理,483,160507,,,10,,,0,0
河北,2025,物理类,本科批,2136,成都银杏酒店管理学院,,"物理,生物",486,183545,,,5,,,0,0
河北,2025,物理类,本科批,2138,重庆财经学院,,物理,477,109287,,,12,,,0,0
河北,2025,物理类,本科批,2138,重庆财经学院,,"物理,化学",510,128615,,,8,,,0,0
河北,2025,物理类,本科批,2139,重庆城市科技学院,,物理,488,138592,,,22,,,0,0
河北,2025,物理类,本科批,2139,重庆城市科技学院,,"物理,化学",499,157169,,,24,,,0,0
河北,2025,物理类,本科批,2143,重庆对外经贸学院,,物理,492,158849,,,11,,,0,0
河北,2025,物理类,本科批,2143,重庆对外经贸学院,,"物理,化学",495,158849,,,14,,,0,0
河北,2025,物理类,本科批,2143,重庆对外经贸学院,,"物理,地理",495,169008,,,2,,,0,0
河北,2025,物理类,本科批,2146,重庆机电职业技术大学,,物理,496,160507,,,20,,,0,0
河北,2025,物理类,本科批,2158,重庆人文科技学院,,物理,494,170629,,,4,,,0,0
河北,2025,物理类,本科批,2158,重庆人文科技学院,,"物理,化学",497,152124,,,49,,,0,0
河北,2025,物理类,本科批,216,成都工业学院,,"物理,化学",539,52384,,,28,,,0,0
河北,2025,物理类,本科批,2161,重庆外语外事学院,,物理,480,153782,,,19,,,0,0
河北,2025,物理类,本科批,2161,重庆外语外事学院,,"物理,化学",500,157169,,,9,,,0,0
河北,2025,物理类,本科批,2164,重庆移通学院,,物理,495,162246,,,17,,,0,0
河北,2025,物理类,本科批,2164,重庆移通学院,,"物理,化学",459,150409,,,150,,,0,0
河北,2025,物理类,本科批,2169,大连财经学院,,物理,474,142016,,,86,,,0,0
河北,2025,物理类,本科批,2170,大连东软信息学院,,物理,459,181967,,,98,,,0,0
河北,2025,物理类,本科批,2170,大连东软信息学院,,"物理,化学",464,153782,,,199,,,0,0
河北,2025,物理类,本科批,2173,大连科技学院,,"物理,化学",470,185132,,,66,,,0,0
河北,2025,物理类,本科批,2175,大连艺术学院,,物理,459,200789,,,16,,,0,0
河北,2025,物理类,本科批,2175,大连艺术学院,,"物理,化学",460,222850,,,10,,,0,0
河北,2025,物理类,本科批,2182,滇池学院,,物理,462,162246,,,27,,,0,0
河北,2025,物理类,本科批,2182,滇池学院,,"物理,化学",467,175569,,,8,,,0,0
河北,2025,物理类,本科批,2183,东莞城市学院,,"物理,化学",466,194622,,,10,,,0,0
河北,2025,物理类,本科批,2184,福州理工学院,,物理,461,191536,,,3,,,0,0
河北,2025,物理类,本科批,2184,福州理工学院,,"物理,化学",484,186805,,,2,,,0,0
河北,2025,物理类,本科批,2185,福州外语外贸学院,,物理,482,186805,,,4,,,0,0
河北,2025,物理类,本科批,2185,福州外语外贸学院,,"物理,化学",469,209841,,,2,,,0,0
河北,2025,物理类,本科批,219,成都理工大学,,物理,560,24100,,,49,,,0,0
河北,2025,物理类,本科批,219,成都理工大学,,"物理,化学",573,17521,,,155,,,0,0
河北,2025,物理类,本科批,219,成都理工大学,,"物理,地理",542,71632,,,13,,,0,0
河北,2025,物理类,本科批,2190,广东白云学院,,物理,481,191536,,,2,,,0,0
河北,2025,物理类,本科批,2190,广东白云学院,,"物理,化学",463,178836,,,12,,,0,0
河北,2025,物理类,本科批,2193,广东东软学院,,物理,464,217182,,,6,,,0,0
河北,2025,物理类,本科批,2193,广东东软学院,,"物理,化学",470,193088,,,29,,,0,0
河北,2025,物理类,本科批,2194,广东工商职业技术大学,,物理,460,215723,,,25,,,0,0
河北,2025,物理类,本科批,2196,广东科技学院,,"物理,化学",464,191536,,,15,,,0,0
河北,2025,物理类,本科批,220,成都师范学院,,"物理,化学",538,95459,,,3,,,0,0
河北,2025,物理类,本科批,2202,广西城市职业大学,,物理,459,203868,,,30,,,0,0
河北,2025,物理类,本科批,2206,广西外国语学院,,物理,459,185132,,,2,,,0,0
河北,2025,物理类,本科批,2206,广西外国语学院,,"物理,化学",464,180401,,,5,,,0,0
河北,2025,物理类,本科批,221,成都体育学院,,物理,543,91027,,,2,,,0,0
河北,2025,物理类,本科批,221,成都体育学院,,"物理,化学",537,99987,,,3,,,0,0
河北,2025,物理类,本科批,2211,广州城市理工学院,,物理,463,157169,,,17,,,0,0
河北,2025,物理类,本科批,2211,广州城市理工学院,,"物理,化学",463,170629,,,17,,,0,0
河北,2025,物理类,本科批,2212,广州工商学院,,"物理,化学",460,221488,,,11,,,0,0
河北,2025,物理类,本科批,2214,广州华立学院,,物理,460,180401,,,9,,,0,0
河北,2025,物理类,本科批,2214,广州华立学院,,"物理,化学",464,175569,,,3,,,0,0
河北,2025,物理类,本科批,2218,广州南方学院,,物理,461,193088,,,6,,,0,0
河北,2025,物理类,本科批,2218,广州南方学院,,"物理,化学",469,178836,,,10,,,0,0
河北,2025,物理类,本科批,222,成都信息工程大学,,物理,550,42923,,,5,,,0,0
河北,2025,物理类,本科批,222,成都信息工程大学,,"物理,化学",564,22009,,,76,,,0,0
河北,2025,物理类,本科批,222,成都信息工程大学,,"物理,地理",581,43929,,,2,,,0,0
河北,2025,物理类,本科批,2220,广州软件学院,,"物理,化学",492,147056,,,14,,,0,0
河北,2025,物理类,本科批,2221,广州商学院,,物理,465,169008,,,11,,,0,0
河北,2025,物理类,本科批,2223,广州新华学院,,物理,459,180401,,,13,,,0,0
河北,2025,物理类,本科批,2223,广州新华学院,,"物理,化学",462,180401,,,15,,,0,0
河北,2025,物理类,本科批,2226,贵阳信息科技学院,,"物理,化学",492,173920,,,3,,,0,0
河北,2025,物理类,本科批,223,成都医学院,,"物理,化学",534,91027,,,26,,,0,0
河北,2025,物理类,本科批,2232,贵州黔南经济学院,,物理,487,173920,,,4,,,0,0
河北,2025,物理类,本科批,2233,贵州黔南科技学院,,"物理,化学",494,170629,,,6,,,0,0
河北,2025,物理类,本科批,224,成都中医药大学,,物理,598,24833,,,6,,,0,0
河北,2025,物理类,本科批,224,成都中医药大学,,"物理,化学",534,23383,,,34,,,0,0
河北,2025,物理类,本科批,2240,桂林信息科技学院,,物理,459,203868,,,30,,,0,0
河北,2025,物理类,本科批,2240,桂林信息科技学院,,"物理,化学",459,200789,,,166,,,0,0
河北,2025,物理类,本科批,2241,桂林学院,,物理,463,170629,,,24,,,0,0
河北,2025,物理类,本科批,2241,桂林学院,,"物理,化学",475,170629,,,30,,,0,0
河北,2025,物理类,本科批,2245,哈尔滨广厦学院,,物理,459,199215,,,57,,,0,0
河北,2025,物理类,本科批,2245,哈尔滨广厦学院,,"物理,化学",460,203868,,,56,,,0,0
河北,2025,物理类,本科批,2246,哈尔滨华德学院,,物理,459,209841,,,31,,,0,0
河北,2025,物理类,本科批,2246,哈尔滨华德学院,,"物理,化学",459,205382,,,287,,,0,0
河北,2025,物理类,本科批,2247,哈尔滨剑桥学院,,物理,459,200789,,,140,,,0,0
河北,2025,物理类,本科批,2247,哈尔滨剑桥学院,,"物理,化学",459,205382,,,140,,,0,0
河北,2025,物理类,本科批,2248,哈尔滨石油学院,,物理,459,188387,,,30,,,0,0
河北,2025,物理类,本科批,2248,哈尔滨石油学院,,"物理,化学",460,180401,,,209,,,0,0
河北,2025,物理类,本科批,2249,哈尔滨信息工程学院,,物理,475,200789,,,3,,,0,0
河北,2025,物理类,本科批,2249,哈尔滨信息工程学院,,"物理,化学",459,212828,,,75,,,0,0
河北,2025,物理类,本科批,2251,哈尔滨远东理工学院,,"物理,化学",459,220074,,,20,,,0,0
河北,2025,物理类,本科批,2252,海口经济学院,,物理,460,206836,,,23,,,0,0
河北,2025,物理类,本科批,2252,海口经济学院,,"物理,化学",460,211317,,,10,,,0,0
河北,2025,物理类,本科批,2257,海南科技职业大学,,物理,460,199215,,,16,,,0,0
河北,2025,物理类,本科批,2259,汉口学院,,"物理,化学",492,173920,,,2,,,0,0
河北,2025,物理类,本科批,226,承德医学院,,物理,523,75607,,,170,,,0,0
河北,2025,物理类,本科批,226,承德医学院,,"物理,化学",520,43929,,,1219,,,0,0
河北,2025,物理类,本科批,226,承德医学院,,"物理,生物",523,109287,,,319,,,0,0
河北,2025,物理类,本科批,2260,合肥城市学院,,物理,479,194622,,,2,,,0,0
河北,2025,物理类,本科批,2260,合肥城市学院,,"物理,化学",473,183545,,,15,,,0,0
河北,2025,物理类,本科批,2264,河北传媒学院,,物理,459,165687,,,429,,,0,0
河北,2025,物理类,本科批,2264,河北传媒学院,,"物理,化学",488,169008,,,531,,,0,0
河北,2025,物理类,本科批,2265,河北东方学院,,物理,459,180401,,,845,,,0,0
河北,2025,物理类,本科批,2265,河北东方学院,,"物理,化学",459,206836,,,1940,,,0,0
河北,2025,物理类,本科批,2265,河北东方学院,,"物理,生物",462,220074,,,551,,,0,0
河北,2025,物理类,本科批,2266,河北工程技术学院,,物理,461,162246,,,480,,,0,0
河北,2025,物理类,本科批,2266,河北工程技术学院,,"物理,化学",459,180401,,,2558,,,0,0
河北,2025,物理类,本科批,2267,河北科技学院,,物理,459,200789,,,1311,,,0,0
河北,2025,物理类,本科批,2267,河北科技学院,,"物理,化学",459,199215,,,1615,,,0,0
河北,2025,物理类,本科批,2267,河北科技学院,,"物理,生物",459,222850,,,338,,,0,0
河北,2025,物理类,本科批,2268,河北美术学院,,物理,459,218647,,,270,,,0,0
河北,2025,物理类,本科批,2268,河北美术学院,,"物理,化学",459,224230,,,310,,,0,0
河北,2025,物理类,本科批,2269,河北外国语学院,,物理,459,165687,,,571,,,0,0
河北,2025,物理类,本科批,2269,河北外国语学院,,"物理,化学",459,169008,,,469,,,0,0
河北,2025,物理类,本科批,2270,河南开封科技传媒学院,,物理,492,167370,,,11,,,0,0
河北,2025,物理类,本科批,2270,河南开封科技传媒学院,,"物理,化学",494,170629,,,5,,,0,0
河北,2025,物理类,本科批,2272,黑龙江财经学院,,物理,460,172221,,,36,,,0,0
河北,2025,物理类,本科批,2272,黑龙江财经学院,,"物理,化学",470,185132,,,12,,,0,0
河北,2025,物理类,本科批,2273,黑龙江东方学院,,物理,459,193088,,,30,,,0,0
河北,2025,物理类,本科批,2273,黑龙江东方学院,,"物理,化学",459,170629,,,45,,,0,0
河北,2025,物理类,本科批,2274,黑龙江工商学院,,物理,478,196199,,,8,,,0,0
河北,2025,物理类,本科批,2274,黑龙江工商学院,,"物理,化学",459,205382,,,75,,,0,0
河北,2025,物理类,本科批,2276,黑龙江外国语学院,,物理,459,217182,,,45,,,0,0
河北,2025,物理类,本科批,2276,黑龙江外国语学院,,"物理,化学",459,215723,,,105,,,0,0
河北,2025,物理类,本科批,2279,湖北恩施学院,,物理,494,170629,,,2,,,0,0
河北,2025,物理类,本科批,2281,湖北三峡航空学院,,"物理,化学",494,165687,,,4,,,0,0
河北,2025,物理类,本科批,2282,湖北商贸学院,,"物理,化学",498,163962,,,2,,,0,0
河北,2025,物理类,本科批,229,池州学院,,"物理,化学",523,98476,,,10,,,0,0
河北,2025,物理类,本科批,2290,湖南软件职业技术大学,,物理,477,183545,,,4,,,0,0
河北,2025,物理类,本科批,2292,湖南涉外经济学院,,物理,459,170629,,,31,,,0,0
河北,2025,物理类,本科批,2292,湖南涉外经济学院,,"物理,化学",468,188387,,,18,,,0,0
河北,2025,物理类,本科批,2296,黄河科技学院,,物理,495,169008,,,3,,,0,0
河北,2025,物理类,本科批,2296,黄河科技学院,,"物理,化学",499,148725,,,19,,,0,0
河北,2025,物理类,本科批,2298,吉利学院,,物理,490,177231,,,2,,,0,0
河北,2025,物理类,本科批,2298,吉利学院,,"物理,化学",488,169008,,,23,,,0,0
河北,2025,物理类,本科批,2300,吉林动画学院,,"物理,化学",469,185132,,,38,,,0,0
河北,2025,物理类,本科批,2301,吉林建筑科技学院,,物理,461,178836,,,18,,,0,0
河北,2025,物理类,本科批,2301,吉林建筑科技学院,,"物理,化学",459,185132,,,122,,,0,0
河北,2025,物理类,本科批,2303,吉林外国语大学,,物理,460,142016,,,42,,,0,0
河北,2025,物理类,本科批,2303,吉林外国语大学,,"物理,化学",489,169008,,,11,,,0,0
河北,2025,物理类,本科批,2309,江西服装学院,,"物理,化学",464,193088,,,5,,,0,0
河北,2025,物理类,本科批,231,赤峰学院,,物理,506,140302,,,12,,,0,0
河北,2025,物理类,本科批,231,赤峰学院,,"物理,化学",506,140302,,,17,,,0,0
河北,2025,物理类,本科批,231,赤峰学院,,"物理,化学,生物",515,125369,,,12,,,0,0
河北,2025,物理类,本科批,2310,江西工程学院,,"物理,化学",496,160507,,,3,,,0,0
河北,2025,物理类,本科批,2315,江西科技学院,,"物理,化学",487,170629,,,12,,,0,0
河北,2025,物理类,本科批,2320,江西应用科技学院,,"物理,化学",459,197758,,,14,,,0,0
河北,2025,物理类,本科批,2325,晋中信息学院,,物理,494,163962,,,8,,,0,0
河北,2025,物理类,本科批,2325,晋中信息学院,,"物理,化学",492,153782,,,62,,,0,0
河北,2025,物理类,本科批,2326,荆州学院,,"物理,化学",487,163962,,,28,,,0,0
河北,2025,物理类,本科批,2328,景德镇艺术职业大学,,物理,494,163962,,,6,,,0,0
河北,2025,物理类,本科批,2330,昆明城市学院,,物理,462,181967,,,12,,,0,0
河北,2025,物理类,本科批,2330,昆明城市学院,,"物理,化学",480,169008,,,8,,,0,0
河北,2025,物理类,本科批,2331,昆明传媒学院,,物理,463,188387,,,10,,,0,0
河北,2025,物理类,本科批,2331,昆明传媒学院,,"物理,化学",475,200789,,,5,,,0,0
河北,2025,物理类,本科批,2333,昆明文理学院,,物理,484,173920,,,4,,,0,0
河北,2025,物理类,本科批,2333,昆明文理学院,,"物理,化学",464,177231,,,6,,,0,0
河北,2025,物理类,本科批,2336,兰州博文科技学院,,物理,480,193088,,,2,,,0,0
河北,2025,物理类,本科批,2336,兰州博文科技学院,,"物理,化学",478,163962,,,14,,,0,0
河北,2025,物理类,本科批,2337,兰州工商学院,,物理,462,163962,,,10,,,0,0
河北,2025,物理类,本科批,2340,兰州信息科技学院,,"物理,化学",473,172221,,,21,,,0,0
河北,2025,物理类,本科批,2341,丽江文化旅游学院,,物理,459,172221,,,35,,,0,0
河北,2025,物理类,本科批,2341,丽江文化旅游学院,,"物理,化学",459,208299,,,114,,,0,0
河北,2025,物理类,本科批,2342,辽宁传媒学院,,物理,461,217182,,,15,,,0,0
河北,2025,物理类,本科批,2342,辽宁传媒学院,,"物理,化学",475,200789,,,10,,,0,0
河北,2025,物理类,本科批,2343,辽宁对外经贸学院,,物理,459,152124,,,35,,,0,0
河北,2025,物理类,本科批,2345,辽宁何氏医学院,,物理,469,209841,,,2,,,0,0
河北,2025,物理类,本科批,2345,辽宁何氏医学院,,"物理,化学",463,117158,,,75,,,0,0
河北,2025,物理类,本科批,2346,辽宁理工学院,,物理,459,185132,,,31,,,0,0
河北,2025,物理类,本科批,2346,辽宁理工学院,,"物理,化学",459,211317,,,124,,,0,0
河北,2025,物理类,本科批,2347,辽宁理工职业大学,,物理,459,196199,,,42,,,0,0
河北,2025,物理类,本科批,2347,辽宁理工职业大学,,"物理,化学",459,212828,,,49,,,0,0
河北,2025,物理类,本科批,2349,柳州工学院,,物理,460,202340,,,15,,,0,0
河北,2025,物理类,本科批,2349,柳州工学院,,"物理,化学",460,186805,,,80,,,0,0
河北,2025,物理类,本科批,2349,柳州工学院,,"物理,政治",468,211317,,,5,,,0,0
河北,2025,物理类,本科批,2352,漯河食品工程职业大学,,物理,491,172221,,,10,,,0,0
河北,2025,物理类,本科批,2353,茅台学院,,物理,500,160507,,,2,,,0,0
河北,2025,物理类,本科批,2353,茅台学院,,"物理,化学",497,143731,,,22,,,0,0
河北,2025,物理类,本科批,2356,绵阳城市学院,,"物理,化学",497,162246,,,5,,,0,0
河北,2025,物理类,本科批,2364,南昌工学院,,"物理,化学",478,153782,,,31,,,0,0
河北,2025,物理类,本科批,2364,南昌工学院,,"物理,生物",484,186805,,,3,,,0,0
河北,2025,物理类,本科批,2365,南昌交通学院,,"物理,化学",489,157169,,,9,,,0,0
河北,2025,物理类,本科批,2366,南昌理工学院,,物理,484,177231,,,9,,,0,0
河北,2025,物理类,本科批,2366,南昌理工学院,,"物理,化学",459,157169,,,36,,,0,0
河北,2025,物理类,本科批,2367,南昌应用技术师范学院,,"物理,化学",496,163962,,,21,,,0,0
河北,2025,物理类,本科批,237,重庆大学,,物理,625,11635,,,8,,,0,0
河北,2025,物理类,本科批,237,重庆大学,,"物理,化学",621,3513,,,141,,,0,0
河北,2025,物理类,本科批,2372,南京传媒学院,,"物理,化学",502,155469,,,4,,,0,0
河北,2025,物理类,本科批,2374,南宁理工学院,,物理,459,196199,,,62,,,0,0
河北,2025,物理类,本科批,2374,南宁理工学院,,"物理,化学",459,199215,,,61,,,0,0
河北,2025,物理类,本科批,2374,南宁理工学院,,"物理,地理",479,194622,,,5,,,0,0
河北,2025,物理类,本科批,2375,南宁学院,,物理,459,194622,,,16,,,0,0
河北,2025,物理类,本科批,2375,南宁学院,,"物理,化学",473,170629,,,35,,,0,0
河北,2025,物理类,本科批,2376,南通理工学院,,物理,483,188387,,,4,,,0,0
河北,2025,物理类,本科批,2376,南通理工学院,,"物理,化学",462,169008,,,27,,,0,0
河北,2025,物理类,本科批,2380,内蒙古鸿德文理学院,,物理,481,165687,,,20,,,0,0
河北,2025,物理类,本科批,2384,宁波财经学院,,物理,473,155469,,,28,,,0,0
河北,2025,物理类,本科批,2384,宁波财经学院,,"物理,化学",475,173920,,,34,,,0,0
河北,2025,物理类,本科批,2385,宁夏理工学院,,物理,459,169008,,,16,,,0,0
河北,2025,物理类,本科批,2385,宁夏理工学院,,"物理,化学",459,194622,,,322,,,0,0
河北,2025,物理类,本科批,2387,齐鲁理工学院,,物理,498,163962,,,5,,,0,0
河北,2025,物理类,本科批,2387,齐鲁理工学院,,"物理,化学",491,163962,,,23,,,0,0
河北,2025,物理类,本科批,2387,齐鲁理工学院,,"物理,生物",491,175569,,,5,,,0,0
河北,2025,物理类,本科批,2388,齐鲁医药学院,,"物理,化学",499,86664,,,18,,,0,0
河北,2025,物理类,本科批,2389,齐齐哈尔工程学院,,物理,459,224230,,,8,,,0,0
河北,2025,物理类,本科批,2389,齐齐哈尔工程学院,,"物理,化学",459,211317,,,88,,,0,0
河北,2025,物理类,本科批,239,重庆大学,,"物理,化学",607,22009,,,1,,,0,0
河北,2025,物理类,本科批,2392,青岛滨海学院,,"物理,化学",485,165687,,,16,,,0,0
河北,2025,物理类,本科批,2392,青岛滨海学院,,"物理,生物",489,178836,,,4,,,0,0
河北,2025,物理类,本科批,2393,青岛城市学院,,物理,479,170629,,,13,,,0,0
河北,2025,物理类,本科批,2393,青岛城市学院,,"物理,化学",481,147056,,,19,,,0,0
河北,2025,物理类,本科批,2394,青岛电影学院,,"物理,化学",464,217182,,,2,,,0,0
河北,2025,物理类,本科批,2395,青岛工学院,,物理,478,142016,,,23,,,0,0
河北,2025,物理类,本科批,2395,青岛工学院,,"物理,化学",481,157169,,,58,,,0,0
河北,2025,物理类,本科批,2397,青岛恒星科技学院,,物理,466,205382,,,8,,,0,0
河北,2025,物理类,本科批,2397,青岛恒星科技学院,,"物理,化学",468,175569,,,23,,,0,0
河北,2025,物理类,本科批,2398,青岛黄海学院,,物理,487,160507,,,6,,,0,0
河北,2025,物理类,本科批,2398,青岛黄海学院,,"物理,化学",472,167370,,,92,,,0,0
河北,2025,物理类,本科批,2398,青岛黄海学院,,"物理,生物",495,169008,,,6,,,0,0
河北,2025,物理类,本科批,24,安徽科技学院,,物理,525,109287,,,6,,,0,0
河北,2025,物理类,本科批,24,安徽科技学院,,"物理,化学",523,104591,,,10,,,0,0
河北,2025,物理类,本科批,24,安徽科技学院,,"物理,地理",515,127001,,,4,,,0,0
河北,2025,物理类,本科批,2406,泉州信息工程学院,,物理,469,209841,,,3,,,0,0
河北,2025,物理类,本科批,2406,泉州信息工程学院,,"物理,化学",462,172221,,,24,,,0,0
河北,2025,物理类,本科批,2407,泉州职业技术大学,,物理,472,183545,,,30,,,0,0
河北,2025,物理类,本科批,241,重庆第二师范学院,,物理,515,98476,,,6,,,0,0
河北,2025,物理类,本科批,241,重庆第二师范学院,,"物理,化学",534,96962,,,8,,,0,0
河北,2025,物理类,本科批,241,重庆第二师范学院,,"物理,政治",542,92489,,,2,,,0,0
河北,2025,物理类,本科批,2410,三江学院,,物理,468,162246,,,14,,,0,0
河北,2025,物理类,本科批,2410,三江学院,,"物理,化学",461,160507,,,17,,,0,0
河北,2025,物理类,本科批,2415,三亚学院,,物理,459,183545,,,76,,,0,0
河北,2025,物理类,本科批,2415,三亚学院,,"物理,化学",459,209841,,,158,,,0,0
河北,2025,物理类,本科批,2417,山东工程职业技术大学,,物理,480,165687,,,25,,,0,0
河北,2025,物理类,本科批,2419,山东华宇工学院,,物理,482,189932,,,15,,,0,0
河北,2025,物理类,本科批,2419,山东华宇工学院,,"物理,化学",491,169008,,,70,,,0,0
河北,2025,物理类,本科批,2422,山东外国语职业技术大学,,物理,482,163962,,,15,,,0,0
河北,2025,物理类,本科批,2425,山东现代学院,,物理,501,158849,,,1,,,0,0
河北,2025,物理类,本科批,2425,山东现代学院,,"物理,化学",487,160507,,,29,,,0,0
河北,2025,物理类,本科批,2425,山东现代学院,,"物理,生物",493,162246,,,4,,,0,0
河北,2025,物理类,本科批,2426,山东协和学院,,物理,494,152124,,,10,,,0,0
河北,2025,物理类,本科批,2426,山东协和学院,,"物理,化学",487,106095,,,26,,,0,0
河北,2025,物理类,本科批,2426,山东协和学院,,"物理,生物",499,162246,,,11,,,0,0
河北,2025,物理类,本科批,2428,山东英才学院,,物理,475,200789,,,2,,,0,0
河北,2025,物理类,本科批,2428,山东英才学院,,"物理,化学",468,200789,,,13,,,0,0
河北,2025,物理类,本科批,2428,山东英才学院,,"物理,生物",468,211317,,,12,,,0,0
河北,2025,物理类,本科批,2429,山西工商学院,,物理,490,158849,,,47,,,0,0
河北,2025,物理类,本科批,2429,山西工商学院,,"物理,化学",492,162246,,,9,,,0,0
河北,2025,物理类,本科批,243,重庆电子科技职业大学,,物理,529,95459,,,95,,,0,0
河北,2025,物理类,本科批,2430,山西晋中理工学院,,"物理,化学",496,162246,,,22,,,0,0
河北,2025,物理类,本科批,2434,山西应用科技学院,,物理,491,155469,,,27,,,0,0
河北,2025,物理类,本科批,2434,山西应用科技学院,,"物理,化学",493,162246,,,23,,,0,0
河北,2025,物理类,本科批,2436,陕西服装工程学院,,物理,460,197758,,,5,,,0,0
河北,2025,物理类,本科批,2436,陕西服装工程学院,,"物理,化学",460,208299,,,5,,,0,0
河北,2025,物理类,本科批,2437,陕西国际商贸学院,,"物理,化学",467,183545,,,43,,,0,0
河北,2025,物理类,本科批,2439,商丘工学院,,物理,490,175569,,,45,,,0,0
河北,2025,物理类,本科批,2439,商丘工学院,,"物理,化学",488,165687,,,145,,,0,0
河北,2025,物理类,本科批,2447,上海建桥学院,,物理,464,191536,,,14,,,0,0
河北,2025,物理类,本科批,2447,上海建桥学院,,"物理,化学",464,167370,,,29,,,0,0
河北,2025,物理类,本科批,2448,上海立达学院,,物理,461,173920,,,23,,,0,0
河北,2025,物理类,本科批,2448,上海立达学院,,"物理,化学",467,208299,,,24,,,0,0
河北,2025,物理类,本科批,245,重庆工商大学,,物理,518,34450,,,56,,,0,0
河北,2025,物理类,本科批,245,重庆工商大学,,"物理,化学",556,30996,,,23,,,0,0
河北,2025,物理类,本科批,2450,上海杉达学院,,物理,479,130251,,,2,,,0,0
河北,2025,物理类,本科批,2450,上海杉达学院,,"物理,化学",483,157169,,,17,,,0,0
河北,2025,物理类,本科批,2454,上海中侨职业技术大学,,物理,459,199215,,,37,,,0,0
河北,2025,物理类,本科批,2457,沈阳城市建设学院,,物理,467,186805,,,11,,,0,0
河北,2025,物理类,本科批,2457,沈阳城市建设学院,,"物理,化学",463,191536,,,65,,,0,0
河北,2025,物理类,本科批,2458,沈阳城市学院,,物理,459,188387,,,58,,,0,0
河北,2025,物理类,本科批,2458,沈阳城市学院,,"物理,化学",459,180401,,,47,,,0,0
河北,2025,物理类,本科批,2459,沈阳工学院,,物理,459,175569,,,38,,,0,0
河北,2025,物理类,本科批,2459,沈阳工学院,,"物理,化学",459,172221,,,168,,,0,0
河北,2025,物理类,本科批,2459,沈阳工学院,,"物理,生物",459,224230,,,10,,,0,0
河北,2025,物理类,本科批,2460,沈阳科技学院,,物理,461,189932,,,14,,,0,0
河北,2025,物理类,本科批,2460,沈阳科技学院,,"物理,化学",459,186805,,,69,,,0,0
河北,2025,物理类,本科批,2475,四川传媒学院,,物理,490,127001,,,15,,,0,0
河北,2025,物理类,本科批,2475,四川传媒学院,,"物理,化学",495,155469,,,2,,,0,0
河北,2025,物理类,本科批,2476,四川电影电视学院,,物理,482,172221,,,6,,,0,0
河北,2025,物理类,本科批,2476,四川电影电视学院,,"物理,化学",497,165687,,,3,,,0,0
河北,2025,物理类,本科批,2478,四川工商学院,,物理,494,157169,,,4,,,0,0
河北,2025,物理类,本科批,2478,四川工商学院,,"物理,化学",499,160507,,,4,,,0,0
河北,2025,物理类,本科批,2479,四川工业科技学院,,"物理,化学",497,165687,,,7,,,0,0
河北,2025,物理类,本科批,2486,四川文化艺术学院,,"物理,化学",486,183545,,,11,,,0,0
河北,2025,物理类,本科批,2499,泰山科技学院,,"物理,化学",472,175569,,,13,,,0,0
河北,2025,物理类,本科批,25,安徽理工大学,,物理,537,51275,,,48,,,0,0
河北,2025,物理类,本科批,25,安徽理工大学,,"物理,化学",532,28597,,,309,,,0,0
河北,2025,物理类,本科批,2505,天津传媒学院,,"物理,化学",479,194622,,,25,,,0,0
河北,2025,物理类,本科批,2506,天津仁爱学院,,物理,460,163962,,,66,,,0,0
河北,2025,物理类,本科批,2506,天津仁爱学院,,"物理,化学",459,180401,,,313,,,0,0
河北,2025,物理类,本科批,2507,天津天狮学院,,物理,483,173920,,,14,,,0,0
河北,2025,物理类,本科批,2507,天津天狮学院,,"物理,化学",459,188387,,,79,,,0,0
河北,2025,物理类,本科批,2507,天津天狮学院,,"物理,化学,生物",470,208299,,,10,,,0,0
河北,2025,物理类,本科批,2508,皖江工学院,,"物理,化学",462,170629,,,30,,,0,0
河北,2025,物理类,本科批,2511,潍坊科技学院,,物理,496,167370,,,2,,,0,0
河北,2025,物理类,本科批,2511,潍坊科技学院,,"物理,化学",491,153782,,,48,,,0,0
河北,2025,物理类,本科批,2515,温州商学院,,物理,462,158849,,,30,,,0,0
河北,2025,物理类,本科批,2515,温州商学院,,"物理,化学",463,194622,,,26,,,0,0
河北,2025,物理类,本科批,2516,文华学院,,物理,475,169008,,,5,,,0,0
河北,2025,物理类,本科批,2516,文华学院,,"物理,化学",477,138592,,,21,,,0,0
河北,2025,物理类,本科批,2518,无锡太湖学院,,物理,483,152124,,,24,,,0,0
河北,2025,物理类,本科批,2518,无锡太湖学院,,"物理,化学",476,157169,,,30,,,0,0
河北,2025,物理类,本科批,2518,无锡太湖学院,,"物理,生物",466,214306,,,20,,,0,0
河北,2025,物理类,本科批,252,重庆交通大学,,物理,552,41921,,,18,,,0,0
河北,2025,物理类,本科批,252,重庆交通大学,,"物理,化学",550,23383,,,80,,,0,0
河北,2025,物理类,本科批,2520,武昌工学院,,物理,491,175569,,,5,,,0,0
河北,2025,物理类,本科批,2520,武昌工学院,,"物理,化学",478,169008,,,22,,,0,0
河北,2025,物理类,本科批,2521,武昌理工学院,,"物理,化学",463,162246,,,12,,,0,0
河北,2025,物理类,本科批,2522,武昌首义学院,,"物理,化学",486,127001,,,17,,,0,0
河北,2025,物理类,本科批,2525,武汉城市学院,,物理,489,143731,,,3,,,0,0
河北,2025,物理类,本科批,2525,武汉城市学院,,"物理,化学",490,125369,,,6,,,0,0
河北,2025,物理类,本科批,2527,武汉东湖学院,,物理,516,133592,,,2,,,0,0
河北,2025,物理类,本科批,2527,武汉东湖学院,,"物理,化学",500,152124,,,9,,,0,0
河北,2025,物理类,本科批,2528,武汉工程科技学院,,"物理,化学",501,158849,,,2,,,0,0
河北,2025,物理类,本科批,253,重庆科技大学,,物理,522,55712,,,11,,,0,0
河北,2025,物理类,本科批,253,重庆科技大学,,"物理,化学",535,37123,,,60,,,0,0
河北,2025,物理类,本科批,2531,武汉华夏理工学院,,物理,494,170629,,,3,,,0,0
河北,2025,物理类,本科批,2531,武汉华夏理工学院,,"物理,化学",496,157169,,,11,,,0,0
河北,2025,物理类,本科批,2532,武汉晴川学院,,"物理,化学",497,155469,,,9,,,0,0
河北,2025,物理类,本科批,2534,武汉设计工程学院,,"物理,化学",492,162246,,,4,,,0,0
河北,2025,物理类,本科批,2535,武汉生物工程学院,,"物理,化学",495,143731,,,14,,,0,0
河北,2025,物理类,本科批,2537,武汉文理学院,,物理,488,130251,,,17,,,0,0
河北,2025,物理类,本科批,2537,武汉文理学院,,"物理,化学",495,145351,,,21,,,0,0
河北,2025,物理类,本科批,2537,武汉文理学院,,"物理,生物",515,135284,,,1,,,0,0
河北,2025,物理类,本科批,2539,武汉学院,,物理,494,115590,,,18,,,0,0
河北,2025,物理类,本科批,2539,武汉学院,,"物理,化学",503,155469,,,3,,,0,0
河北,2025,物理类,本科批,254,重庆理工大学,,物理,572,34450,,,15,,,0,0
河北,2025,物理类,本科批,254,重庆理工大学,,"物理,化学",572,24100,,,123,,,0,0
河北,2025,物理类,本科批,2542,西安翻译学院,,物理,462,180401,,,21,,,0,0
河北,2025,物理类,本科批,2542,西安翻译学院,,"物理,化学",469,178836,,,22,,,0,0
河北,2025,物理类,本科批,2544,西安工商学院,,物理,468,191536,,,14,,,0,0
河北,2025,物理类,本科批,2544,西安工商学院,,"物理,化学",478,189932,,,28,,,0,0
河北,2025,物理类,本科批,2546,西安交通工程学院,,物理,494,170629,,,3,,,0,0
河北,2025,物理类,本科批,2546,西安交通工程学院,,"物理,化学",495,163962,,,14,,,0,0
河北,2025,物理类,本科批,2547,西安明德理工学院,,物理,488,180401,,,2,,,0,0
河北,2025,物理类,本科批,2547,西安明德理工学院,,"物理,化学",489,162246,,,16,,,0,0
河北,2025,物理类,本科批,2548,西安欧亚学院,,物理,462,172221,,,21,,,0,0
河北,2025,物理类,本科批,2548,西安欧亚学院,,"物理,化学",461,178836,,,50,,,0,0
河北,2025,物理类,本科批,2549,西安培华学院,,物理,469,142016,,,51,,,0,0
河北,2025,物理类,本科批,2549,西安培华学院,,"物理,化学",494,136965,,,23,,,0,0
河北,2025,物理类,本科批,2549,西安培华学院,,"物理,生物",497,165687,,,2,,,0,0
河北,2025,物理类,本科批,2550,西安汽车职业大学,,物理,477,165687,,,45,,,0,0
河北,2025,物理类,本科批,2551,西安思源学院,,物理,461,158849,,,37,,,0,0
河北,2025,物理类,本科批,2551,西安思源学院,,"物理,化学",462,167370,,,29,,,0,0
河北,2025,物理类,本科批,2551,西安思源学院,,"物理,生物",493,172221,,,3,,,0,0
河北,2025,物理类,本科批,2552,西安外事学院,,"物理,化学",485,162246,,,9,,,0,0
河北,2025,物理类,本科批,2552,西安外事学院,,"物理,生物",484,186805,,,5,,,0,0
河北,2025,物理类,本科批,2553,西安信息职业大学,,物理,480,167370,,,31,,,0,0
河北,2025,物理类,本科批,2555,西京学院,,物理,493,128615,,,13,,,0,0
河北,2025,物理类,本科批,2555,西京学院,,"物理,化学",485,140302,,,35,,,0,0
河北,2025,物理类,本科批,2555,西京学院,,"物理,生物",489,178836,,,2,,,0,0
河北,2025,物理类,本科批,2558,厦门工学院,,物理,459,191536,,,26,,,0,0
河北,2025,物理类,本科批,2558,厦门工学院,,"物理,化学",466,170629,,,30,,,0,0
河北,2025,物理类,本科批,256,重庆三峡学院,,"物理,化学",523,48060,,,46,,,0,0
河北,2025,物理类,本科批,2560,厦门华厦学院,,"物理,化学",475,177231,,,5,,,0,0
河北,2025,物理类,本科批,2565,湘潭理工学院,,物理,487,173920,,,5,,,0,0
河北,2025,物理类,本科批,2565,湘潭理工学院,,"物理,化学",493,163962,,,8,,,0,0
河北,2025,物理类,本科批,2570,新疆天山职业技术大学,,物理,480,170629,,,203,,,0,0
河北,2025,物理类,本科批,2574,信阳学院,,"物理,化学",498,152124,,,5,,,0,0
河北,2025,物理类,本科批,2579,烟台科技学院,,物理,492,173920,,,4,,,0,0
河北,2025,物理类,本科批,2579,烟台科技学院,,"物理,化学",494,158849,,,30,,,0,0
河北,2025,物理类,本科批,2580,烟台理工学院,,物理,489,178836,,,3,,,0,0
河北,2025,物理类,本科批,2580,烟台理工学院,,"物理,化学",498,157169,,,12,,,0,0
河北,2025,物理类,本科批,2581,烟台南山学院,,物理,492,172221,,,8,,,0,0
河北,2025,物理类,本科批,2581,烟台南山学院,,"物理,化学",492,158849,,,48,,,0,0
河北,2025,物理类,本科批,2583,燕京理工学院,,物理,459,158849,,,1886,,,0,0
河北,2025,物理类,本科批,2583,燕京理工学院,,"物理,化学",459,169008,,,1975,,,0,0
河北,2025,物理类,本科批,2583,燕京理工学院,,"物理,生物",481,191536,,,151,,,0,0
河北,2025,物理类,本科批,2585,阳光学院,,物理,460,199215,,,6,,,0,0
河北,2025,物理类,本科批,2585,阳光学院,,"物理,化学",460,197758,,,16,,,0,0
河北,2025,物理类,本科批,2586,仰恩大学,,物理,485,185132,,,3,,,0,0
河北,2025,物理类,本科批,2587,银川科技学院,,物理,459,194622,,,29,,,0,0
河北,2025,物理类,本科批,2587,银川科技学院,,"物理,化学",459,199215,,,45,,,0,0
河北,2025,物理类,本科批,2588,银川能源学院,,物理,461,186805,,,31,,,0,0
河北,2025,物理类,本科批,2588,银川能源学院,,"物理,化学",459,188387,,,148,,,0,0
河北,2025,物理类,本科批,2588,银川能源学院,,"物理,生物",461,221488,,,8,,,0,0
河北,2025,物理类,本科批,259,重庆师范大学,,物理,532,58000,,,3,,,0,0
河北,2025,物理类,本科批,259,重庆师范大学,,"物理,化学",565,38943,,,24,,,0,0
河北,2025,物理类,本科批,259,重庆师范大学,,"物理,化学,生物",522,123731,,,5,,,0,0
河北,2025,物理类,本科批,259,重庆师范大学,,"物理,政治",586,38943,,,1,,,0,0
河北,2025,物理类,本科批,2590,豫北医学院,,"物理,化学",506,150409,,,1,,,0,0
河北,2025,物理类,本科批,2590,豫北医学院,,"物理,化学,生物",539,96962,,,2,,,0,0
河北,2025,物理类,本科批,2590,豫北医学院,,"物理,生物",517,131912,,,2,,,0,0
河北,2025,物理类,本科批,2592,岳阳学院,,物理,477,140302,,,10,,,0,0
河北,2025,物理类,本科批,2592,岳阳学院,,"物理,化学",481,142016,,,14,,,0,0
河北,2025,物理类,本科批,2596,云南经济管理学院,,物理,469,181967,,,10,,,0,0
河北,2025,物理类,本科批,2596,云南经济管理学院,,"物理,化学",485,185132,,,4,,,0,0
河北,2025,物理类,本科批,26,安徽农业大学,,物理,540,59117,,,8,,,0,0
河北,2025,物理类,本科批,26,安徽农业大学,,"物理,化学",532,36180,,,121,,,0,0
河北,2025,物理类,本科批,26,安徽农业大学,,"物理,生物",535,103048,,,4,,,0,0
河北,2025,物理类,本科批,2605,运城职业技术大学,,物理,490,157169,,,30,,,0,0
河北,2025,物理类,本科批,2607,张家界学院,,物理,475,200789,,,1,,,0,0
河北,2025,物理类,本科批,2607,张家界学院,,"物理,化学",462,177231,,,9,,,0,0
河北,2025,物理类,本科批,261,重庆文理学院,,物理,518,86664,,,9,,,0,0
河北,2025,物理类,本科批,261,重庆文理学院,,"物理,化学",498,68977,,,42,,,0,0
河北,2025,物理类,本科批,2610,浙江广厦建设职业技术大学,,物理,459,197758,,,71,,,0,0
河北,2025,物理类,本科批,2611,浙江树人学院,,"物理,化学",480,155469,,,28,,,0,0
河北,2025,物理类,本科批,2611,浙江树人学院,,"物理,生物",474,202340,,,9,,,0,0
河北,2025,物理类,本科批,2612,浙江越秀外国语学院,,物理,459,172221,,,39,,,0,0
河北,2025,物理类,本科批,2612,浙江越秀外国语学院,,"物理,化学",470,196199,,,12,,,0,0
河北,2025,物理类,本科批,2613,郑州财经学院,,物理,497,138592,,,29,,,0,0
河北,2025,物理类,本科批,2613,郑州财经学院,,"物理,化学",491,155469,,,23,,,0,0
河北,2025,物理类,本科批,2615,郑州工商学院,,物理,494,155469,,,60,,,0,0
河北,2025,物理类,本科批,2615,郑州工商学院,,"物理,化学",496,163962,,,145,,,0,0
河北,2025,物理类,本科批,2616,郑州工业应用技术学院,,物理,490,177231,,,7,,,0,0
河北,2025,物理类,本科批,2616,郑州工业应用技术学院,,"物理,化学,生物",498,163962,,,10,,,0,0
河北,2025,物理类,本科批,2617,郑州经贸学院,,物理,493,165687,,,15,,,0,0
河北,2025,物理类,本科批,2617,郑州经贸学院,,"物理,化学",496,152124,,,60,,,0,0
河北,2025,物理类,本科批,2618,郑州科技学院,,物理,496,152124,,,6,,,0,0
河北,2025,物理类,本科批,2618,郑州科技学院,,"物理,化学",502,136965,,,19,,,0,0
河北,2025,物理类,本科批,2621,郑州商学院,,物理,493,142016,,,53,,,0,0
河北,2025,物理类,本科批,2621,郑州商学院,,"物理,化学",499,158849,,,27,,,0,0
河北,2025,物理类,本科批,2622,郑州升达经贸管理学院,,物理,492,145351,,,13,,,0,0
河北,2025,物理类,本科批,2622,郑州升达经贸管理学院,,"物理,化学",492,155469,,,18,,,0,0
河北,2025,物理类,本科批,2624,郑州西亚斯学院,,物理,461,155469,,,20,,,0,0
河北,2025,物理类,本科批,2624,郑州西亚斯学院,,"物理,化学",500,158849,,,15,,,0,0
河北,2025,物理类,本科批,2629,珠海科技学院,,"物理,化学",525,82490,,,21,,,0,0
河北,2025,物理类,本科批,264,重庆医科大学,,"物理,化学",548,5573,,,36,,,0,0
河北,2025,物理类,本科批,266,重庆邮电大学,,物理,610,20009,,,2,,,0,0
河北,2025,物理类,本科批,266,重庆邮电大学,,"物理,化学",561,13077,,,148,,,0,0
河北,2025,物理类,本科批,267,重庆中医药学院,,物理,544,50224,,,15,,,0,0
河北,2025,物理类,本科批,267,重庆中医药学院,,"物理,化学",537,93962,,,11,,,0,0
河北,2025,物理类,本科批,271,楚雄师范学院,,物理,503,155469,,,3,,,0,0
河北,2025,物理类,本科批,271,楚雄师范学院,,"物理,化学",504,145351,,,10,,,0,0
河北,2025,物理类,本科批,271,楚雄师范学院,,"物理,地理",503,155469,,,4,,,0,0
河北,2025,物理类,本科批,273,川北医学院,,"物理,化学",575,50224,,,5,,,0,0
河北,2025,物理类,本科批,273,川北医学院,,"物理,生物",540,95459,,,5,,,0,0
河北,2025,物理类,本科批,275,大理大学,,物理,532,67726,,,8,,,0,0
河北,2025,物理类,本科批,275,大理大学,,"物理,化学",530,44928,,,30,,,0,0
河北,2025,物理类,本科批,275,大理大学,,"物理,生物",537,99987,,,2,,,0,0
河北,2025,物理类,本科批,276,大连大学,,物理,499,38007,,,29,,,0,0
河北,2025,物理类,本科批,276,大连大学,,"物理,化学",530,37123,,,29,,,0,0
河北,2025,物理类,本科批,278,大连工业大学,,物理,531,48060,,,15,,,0,0
河北,2025,物理类,本科批,278,大连工业大学,,"物理,化学",542,30194,,,140,,,0,0
河北,2025,物理类,本科批,278,大连工业大学,,"物理,政治",531,109287,,,2,,,0,0
河北,2025,物理类,本科批,279,大连海事大学,,物理,603,14098,,,21,,,0,0
河北,2025,物理类,本科批,279,大连海事大学,,"物理,化学",561,12592,,,125,,,0,0
河北,2025,物理类,本科批,281,大连海洋大学,,物理,534,51275,,,13,,,0,0
河北,2025,物理类,本科批,281,大连海洋大学,,"物理,化学",534,47025,,,41,,,0,0
河北,2025,物理类,本科批,283,大连交通大学,,物理,548,83898,,,3,,,0,0
河北,2025,物理类,本科批,283,大连交通大学,,"物理,化学",536,24100,,,74,,,0,0
河北,2025,物理类,本科批,285,大连理工大学,,物理,646,4252,,,7,,,0,0
河北,2025,物理类,本科批,285,大连理工大学,,"物理,化学",621,1816,,,183,,,0,0
河北,2025,物理类,本科批,287,大连理工大学,,物理,616,16339,,,17,,,0,0
河北,2025,物理类,本科批,287,大连理工大学,,"物理,化学",579,13077,,,105,,,0,0
河北,2025,物理类,本科批,288,大连民族大学,,物理,541,50224,,,33,,,0,0
河北,2025,物理类,本科批,288,大连民族大学,,"物理,化学",530,37123,,,145,,,0,0
河北,2025,物理类,本科批,288,大连民族大学,,"物理,化学,生物",532,72914,,,61,,,0,0
河北,2025,物理类,本科批,290,大连外国语大学,,物理,556,49142,,,14,,,0,0
河北,2025,物理类,本科批,291,大连医科大学,,物理,589,36180,,,1,,,0,0
河北,2025,物理类,本科批,291,大连医科大学,,"物理,化学",563,7879,,,45,,,0,0
河北,2025,物理类,本科批,294,大庆师范学院,,"物理,化学",512,127001,,,16,,,0,0
河北,2025,物理类,本科批,30,安徽师范大学,,物理,480,36180,,,44,,,0,0
河北,2025,物理类,本科批,30,安徽师范大学,,"物理,化学",535,35284,,,80,,,0,0
河北,2025,物理类,本科批,30,安徽师范大学,,"物理,地理",569,56852,,,2,,,0,0
河北,2025,物理类,本科批,300,德州学院,,"物理,化学",530,110872,,,5,,,0,0
河北,2025,物理类,本科批,303,滇西应用技术大学,,物理,511,103048,,,5,,,0,0
河北,2025,物理类,本科批,303,滇西应用技术大学,,"物理,化学",495,79754,,,16,,,0,0
河北,2025,物理类,本科批,303,滇西应用技术大学,,"物理,生物",526,117158,,,1,,,0,0
河北,2025,物理类,本科批,304,电子科技大学,,"物理,化学",652,868,,,149,,,0,0
河北,2025,物理类,本科批,306,电子科技大学,,"物理,化学",605,2699,,,82,,,0,0
河北,2025,物理类,本科批,308,东北财经大学,,物理,569,14098,,,48,,,0,0
河北,2025,物理类,本科批,308,东北财经大学,,"物理,化学",599,18114,,,11,,,0,0
河北,2025,物理类,本科批,310,东北大学秦皇岛分校,,物理,607,14636,,,47,,,0,0
河北,2025,物理类,本科批,310,东北大学秦皇岛分校,,"物理,化学",597,7186,,,333,,,0,0
河北,2025,物理类,本科批,311,东北大学,,物理,617,13587,,,21,,,0,0
河北,2025,物理类,本科批,311,东北大学,,"物理,化学",624,4006,,,178,,,0,0
河北,2025,物理类,本科批,313,东北大学,,"物理,化学",602,22009,,,25,,,0,0
河北,2025,物理类,本科批,314,东北电力大学,,物理,563,32692,,,10,,,0,0
河北,2025,物理类,本科批,314,东北电力大学,,"物理,化学",526,14636,,,164,,,0,0
河北,2025,物理类,本科批,316,东北林业大学,,物理,584,20009,,,26,,,0,0
河北,2025,物理类,本科批,316,东北林业大学,,"物理,化学",541,16934,,,183,,,0,0
河北,2025,物理类,本科批,316,东北林业大学,,"物理,生物",586,38943,,,5,,,0,0
河北,2025,物理类,本科批,317,东北农业大学,,物理,562,30194,,,7,,,0,0
河北,2025,物理类,本科批,317,东北农业大学,,"物理,化学",536,16339,,,78,,,0,0
河北,2025,物理类,本科批,317,东北农业大学,,"物理,生物",579,45972,,,7,,,0,0
河北,2025,物理类,本科批,318,东北师范大学,,物理,557,14098,,,24,,,0,0
河北,2025,物理类,本科批,318,东北师范大学,,"物理,化学",594,13077,,,47,,,0,0
河北,2025,物理类,本科批,322,东北石油大学,,物理,561,66470,,,2,,,0,0
河北,2025,物理类,本科批,322,东北石油大学,,"物理,化学",536,28597,,,99,,,0,0
河北,2025,物理类,本科批,324,东华大学,,"物理,化学",607,8236,,,81,,,0,0
河北,2025,物理类,本科批,325,东华理工大学,,物理,527,86664,,,20,,,0,0
河北,2025,物理类,本科批,325,东华理工大学,,"物理,化学",529,32692,,,162,,,0,0
河北,2025,物理类,本科批,325,东华理工大学,,"物理,地理",537,99987,,,3,,,0,0
河北,2025,物理类,本科批,328,东南大学,,"物理,化学",658,868,,,104,,,0,0
河北,2025,物理类,本科批,329,东莞理工学院,,物理,552,78313,,,2,,,0,0
河北,2025,物理类,本科批,329,东莞理工学院,,"物理,化学",521,40924,,,19,,,0,0
河北,2025,物理类,本科批,333,对外经济贸易大学,,物理,629,6181,,,36,,,0,0
河北,2025,物理类,本科批,333,对外经济贸易大学,,"物理,化学",603,7522,,,13,,,0,0
河北,2025,物理类,本科批,336,鄂尔多斯应用技术学院,,物理,524,120435,,,4,,,0,0
河北,2025,物理类,本科批,336,鄂尔多斯应用技术学院,,"物理,化学",502,122069,,,34,,,0,0
河北,2025,物理类,本科批,336,鄂尔多斯应用技术学院,,"物理,化学,生物",512,138592,,,8,,,0,0
河北,2025,物理类,本科批,341,防灾科技学院,,物理,530,75607,,,51,,,0,0
河北,2025,物理类,本科批,341,防灾科技学院,,"物理,化学",523,66470,,,228,,,0,0
河北,2025,物理类,本科批,341,防灾科技学院,,"物理,地理",536,101526,,,4,,,0,0
河北,2025,物理类,本科批,342,福建技术师范学院,,物理,507,112447,,,9,,,0,0
河北,2025,物理类,本科批,342,福建技术师范学院,,"物理,化学",506,86664,,,37,,,0,0
河北,2025,物理类,本科批,343,福建江夏学院,,物理,518,54583,,,30,,,0,0
河北,2025,物理类,本科批,343,福建江夏学院,,"物理,化学",519,72914,,,10,,,0,0
河北,2025,物理类,本科批,344,福建理工大学,,物理,529,70324,,,28,,,0,0
河北,2025,物理类,本科批,344,福建理工大学,,"物理,化学",516,54583,,,23,,,0,0
河北,2025,物理类,本科批,345,福建农林大学,,物理,503,66470,,,29,,,0,0
河北,2025,物理类,本科批,345,福建农林大学,,"物理,化学",530,52384,,,108,,,0,0
河北,2025,物理类,本科批,345,福建农林大学,,"物理,生物",530,110872,,,3,,,0,0
河北,2025,物理类,本科批,346,福建商学院,,物理,512,75607,,,26,,,0,0
河北,2025,物理类,本科批,346,福建商学院,,"物理,化学",515,76985,,,7,,,0,0
河北,2025,物理类,本科批,347,福建商学院,,物理,444,244173,,,2,,,0,0
河北,2025,物理类,本科批,348,福建师范大学,,物理,557,45972,,,15,,,0,0
河北,2025,物理类,本科批,348,福建师范大学,,"物理,化学",553,37123,,,53,,,0,0
河北,2025,物理类,本科批,348,福建师范大学,,"物理,化学,生物",547,60306,,,17,,,0,0
河北,2025,物理类,本科批,348,福建师范大学,,"物理,地理",570,55712,,,5,,,0,0
河北,2025,物理类,本科批,35,安徽医科大学,,物理,546,86664,,,2,,,0,0
河北,2025,物理类,本科批,35,安徽医科大学,,"物理,化学",561,20009,,,17,,,0,0
河北,2025,物理类,本科批,350,福建医科大学,,"物理,化学",531,66470,,,6,,,0,0
河北,2025,物理类,本科批,350,福建医科大学,,"物理,化学,生物",528,14636,,,27,,,0,0
河北,2025,物理类,本科批,351,福建中医药大学,,"物理,化学",549,41921,,,10,,,0,0
河北,2025,物理类,本科批,351,福建中医药大学,,"物理,生物",525,42923,,,17,,,0,0
河北,2025,物理类,本科批,352,福州大学,,物理,584,16934,,,7,,,0,0
河北,2025,物理类,本科批,352,福州大学,,"物理,化学",590,9827,,,41,,,0,0
河北,2025,物理类,本科批,360,阜阳师范大学,,物理,531,75607,,,8,,,0,0
河北,2025,物理类,本科批,360,阜阳师范大学,,"物理,化学",534,67726,,,14,,,0,0
河北,2025,物理类,本科批,364,复旦大学,,"物理,化学",680,121,,,20,,,0,0
河北,2025,物理类,本科批,365,复旦大学医学院,,"物理,化学",660,233,,,22,,,0,0
河北,2025,物理类,本科批,372,甘肃林业职业技术大学,,物理,494,153782,,,17,,,0,0
河北,2025,物理类,本科批,373,甘肃民族师范学院,,物理,503,155469,,,2,,,0,0
河北,2025,物理类,本科批,373,甘肃民族师范学院,,"物理,化学",508,114051,,,6,,,0,0
河北,2025,物理类,本科批,374,甘肃农业大学,,物理,520,76985,,,7,,,0,0
河北,2025,物理类,本科批,374,甘肃农业大学,,"物理,化学",519,65166,,,113,,,0,0
河北,2025,物理类,本科批,374,甘肃农业大学,,"物理,生物",521,125369,,,7,,,0,0
河北,2025,物理类,本科批,377,甘肃医学院,,"物理,化学",524,70324,,,5,,,0,0
河北,2025,物理类,本科批,379,甘肃政法大学,,物理,554,47025,,,15,,,0,0
河北,2025,物理类,本科批,379,甘肃政法大学,,"物理,化学",562,56852,,,7,,,0,0
河北,2025,物理类,本科批,380,甘肃中医药大学,,物理,516,30194,,,17,,,0,0
河北,2025,物理类,本科批,380,甘肃中医药大学,,"物理,化学",527,51275,,,61,,,0,0
河北,2025,物理类,本科批,381,赣东学院,,物理,517,110872,,,4,,,0,0
河北,2025,物理类,本科批,381,赣东学院,,"物理,化学",520,89552,,,20,,,0,0
河北,2025,物理类,本科批,382,赣南科技学院,,物理,518,130251,,,2,,,0,0
河北,2025,物理类,本科批,382,赣南科技学院,,"物理,化学",512,86664,,,18,,,0,0
河北,2025,物理类,本科批,383,赣南师范大学,,物理,530,63946,,,14,,,0,0
河北,2025,物理类,本科批,383,赣南师范大学,,"物理,化学",523,59117,,,49,,,0,0
河北,2025,物理类,本科批,383,赣南师范大学,,"物理,地理",490,89552,,,4,,,0,0
河北,2025,物理类,本科批,383,赣南师范大学,,"物理,政治",504,153782,,,2,,,0,0
河北,2025,物理类,本科批,385,赣南医科大学,,"物理,化学",533,49142,,,8,,,0,0
河北,2025,物理类,本科批,385,赣南医科大学,,"物理,生物",532,107712,,,2,,,0,0
河北,2025,物理类,本科批,387,广东财经大学,,物理,579,42923,,,4,,,0,0
河北,2025,物理类,本科批,387,广东财经大学,,"物理,地理",579,45972,,,1,,,0,0
河北,2025,物理类,本科批,392,广东工业大学,,物理,557,37123,,,8,,,0,0
河北,2025,物理类,本科批,392,广东工业大学,,"物理,化学",572,17521,,,37,,,0,0
河北,2025,物理类,本科批,393,广东海洋大学,,物理,549,82490,,,2,,,0,0
河北,2025,物理类,本科批,393,广东海洋大学,,"物理,化学",531,41921,,,24,,,0,0
河北,2025,物理类,本科批,393,广东海洋大学,,"物理,化学,生物",549,60306,,,4,,,0,0
河北,2025,物理类,本科批,393,广东海洋大学,,"物理,生物",533,106095,,,3,,,0,0
河北,2025,物理类,本科批,394,广东技术师范大学,,"物理,化学",559,68977,,,3,,,0,0
河北,2025,物理类,本科批,397,广东金融学院,,物理,561,48060,,,5,,,0,0
河北,2025,物理类,本科批,397,广东金融学院,,"物理,化学",576,49142,,,1,,,0,0
河北,2025,物理类,本科批,40,安徽中医药大学,,物理,541,37123,,,10,,,0,0
河北,2025,物理类,本科批,40,安徽中医药大学,,"物理,化学",542,54583,,,21,,,0,0
河北,2025,物理类,本科批,405,广东轻工职业技术大学,,物理,512,98476,,,2,,,0,0
河北,2025,物理类,本科批,408,广东石油化工学院,,"物理,化学",524,68977,,,10,,,0,0
河北,2025,物理类,本科批,41,安康学院,,物理,517,104591,,,4,,,0,0
河北,2025,物理类,本科批,41,安康学院,,"物理,化学",514,103048,,,18,,,0,0
河北,2025,物理类,本科批,41,安康学院,,"物理,生物",507,148725,,,2,,,0,0
河北,2025,物理类,本科批,410,广东外语外贸大学,,物理,560,24833,,,19,,,0,0
河北,2025,物理类,本科批,411,广东药科大学,,"物理,化学",545,50224,,,23,,,0,0
河北,2025,物理类,本科批,412,广东医科大学,,"物理,化学",534,20698,,,20,,,0,0
河北,2025,物理类,本科批,413,广东以色列理工学院,,"物理,化学",557,30996,,,16,,,0,0
河北,2025,物理类,本科批,416,广西财经学院,,物理,504,89552,,,14,,,0,0
河北,2025,物理类,本科批,416,广西财经学院,,"物理,化学",502,79754,,,14,,,0,0
河北,2025,物理类,本科批,417,广西大学,,物理,585,30996,,,20,,,0,0
河北,2025,物理类,本科批,417,广西大学,,"物理,化学",575,18114,,,86,,,0,0
河北,2025,物理类,本科批,421,广西警察学院,,物理,511,142016,,,2,,,0,0
河北,2025,物理类,本科批,422,广西科技大学,,物理,529,112447,,,6,,,0,0
河北,2025,物理类,本科批,422,广西科技大学,,"物理,化学",503,58000,,,79,,,0,0
河北,2025,物理类,本科批,422,广西科技大学,,"物理,化学,生物",562,65166,,,2,,,0,0
河北,2025,物理类,本科批,423,广西科技师范学院,,物理,521,125369,,,2,,,0,0
河北,2025,物理类,本科批,423,广西科技师范学院,,"物理,化学",508,99987,,,20,,,0,0
河北,2025,物理类,本科批,424,广西民族大学,,物理,475,106095,,,35,,,0,0
河北,2025,物理类,本科批,424,广西民族大学,,"物理,化学",470,81112,,,23,,,0,0
河北,2025,物理类,本科批,424,广西民族大学,,"物理,化学,生物",525,106095,,,4,,,0,0
河北,2025,物理类,本科批,425,广西民族大学,,物理,508,147056,,,2,,,0,0
河北,2025,物理类,本科批,426,广西民族师范学院,,"物理,化学",504,127001,,,15,,,0,0
河北,2025,物理类,本科批,428,广西师范大学,,物理,519,59117,,,9,,,0,0
河北,2025,物理类,本科批,428,广西师范大学,,"物理,化学",530,52384,,,28,,,0,0
河北,2025,物理类,本科批,428,广西师范大学,,"物理,地理",545,79754,,,4,,,0,0
河北,2025,物理类,本科批,43,安庆师范大学,,物理,532,107712,,,10,,,0,0
河北,2025,物理类,本科批,43,安庆师范大学,,"物理,化学",531,68977,,,40,,,0,0
河北,2025,物理类,本科批,431,广西医科大学,,物理,526,117158,,,3,,,0,0
河北,2025,物理类,本科批,431,广西医科大学,,"物理,化学",548,74291,,,8,,,0,0
河北,2025,物理类,本科批,431,广西医科大学,,"物理,生物",547,85258,,,2,,,0,0
河北,2025,物理类,本科批,432,广西艺术学院,,物理,490,177231,,,2,,,0,0
河北,2025,物理类,本科批,434,广西中医药大学,,物理,560,28597,,,3,,,0,0
河北,2025,物理类,本科批,434,广西中医药大学,,"物理,化学",537,31807,,,6,,,0,0
河北,2025,物理类,本科批,437,广州大学,,"物理,化学",581,22695,,,16,,,0,0
河北,2025,物理类,本科批,445,广州医科大学,,"物理,化学",563,12592,,,4,,,0,0
河北,2025,物理类,本科批,446,广州中医药大学,,物理,558,9436,,,16,,,0,0
河北,2025,物理类,本科批,446,广州中医药大学,,"物理,化学",574,25574,,,12,,,0,0
河北,2025,物理类,本科批,446,广州中医药大学,,"物理,生物",557,45972,,,5,,,0,0
河北,2025,物理类,本科批,447,贵阳康养职业大学,,物理,519,114051,,,4,,,0,0
河北,2025,物理类,本科批,447,贵阳康养职业大学,,"物理,化学",514,136965,,,2,,,0,0
河北,2025,物理类,本科批,448,贵州财经大学,,物理,502,59117,,,20,,,0,0
河北,2025,物理类,本科批,45,安顺学院,,"物理,化学",508,106095,,,3,,,0,0
河北,2025,物理类,本科批,45,安顺学院,,"物理,地理",527,115590,,,1,,,0,0
河北,2025,物理类,本科批,450,贵州大学,,物理,544,29374,,,30,,,0,0
河北,2025,物理类,本科批,450,贵州大学,,"物理,化学",555,16339,,,82,,,0,0
河北,2025,物理类,本科批,450,贵州大学,,"物理,政治",587,38007,,,2,,,0,0
河北,2025,物理类,本科批,452,贵州工程应用技术学院,,"物理,化学",503,104591,,,10,,,0,0
河北,2025,物理类,本科批,459,贵州理工学院,,物理,513,138592,,,3,,,0,0
河北,2025,物理类,本科批,459,贵州理工学院,,"物理,化学",555,74291,,,2,,,0,0
河北,2025,物理类,本科批,46,安阳工学院,,物理,502,157169,,,4,,,0,0
河北,2025,物理类,本科批,46,安阳工学院,,"物理,化学",491,93962,,,51,,,0,0
河北,2025,物理类,本科批,460,贵州民族大学,,物理,520,127001,,,3,,,0,0
河北,2025,物理类,本科批,460,贵州民族大学,,"物理,化学",519,68977,,,38,,,0,0
河北,2025,物理类,本科批,460,贵州民族大学,,"物理,化学,生物",529,112447,,,4,,,0,0
河北,2025,物理类,本科批,463,贵州商学院,,物理,516,118812,,,6,,,0,0
河北,2025,物理类,本科批,463,贵州商学院,,"物理,化学",529,112447,,,2,,,0,0
河北,2025,物理类,本科批,465,贵州师范大学,,物理,492,93962,,,33,,,0,0
河北,2025,物理类,本科批,465,贵州师范大学,,"物理,化学",533,68977,,,37,,,0,0
河北,2025,物理类,本科批,465,贵州师范大学,,"物理,化学,生物",529,112447,,,13,,,0,0
河北,2025,物理类,本科批,466,贵州师范学院,,"物理,化学",535,103048,,,3,,,0,0
河北,2025,物理类,本科批,468,贵州医科大学,,物理,524,120435,,,6,,,0,0
河北,2025,物理类,本科批,468,贵州医科大学,,"物理,化学",509,30996,,,39,,,0,0
河北,2025,物理类,本科批,47,安阳师范学院,,物理,515,135284,,,6,,,0,0
河北,2025,物理类,本科批,47,安阳师范学院,,"物理,化学",505,78313,,,36,,,0,0
河北,2025,物理类,本科批,470,贵州中医药大学,,物理,517,50224,,,12,,,0,0
河北,2025,物理类,本科批,470,贵州中医药大学,,"物理,化学",509,71632,,,39,,,0,0
河北,2025,物理类,本科批,471,桂林电子科技大学,,物理,549,41921,,,13,,,0,0
河北,2025,物理类,本科批,471,桂林电子科技大学,,"物理,化学",542,19367,,,141,,,0,0
河北,2025,物理类,本科批,472,桂林航天工业学院,,物理,516,96962,,,10,,,0,0
河北,2025,物理类,本科批,472,桂林航天工业学院,,"物理,化学",516,63946,,,46,,,0,0
河北,2025,物理类,本科批,473,桂林理工大学,,物理,530,93962,,,6,,,0,0
河北,2025,物理类,本科批,473,桂林理工大学,,"物理,化学",530,43929,,,49,,,0,0
河北,2025,物理类,本科批,473,桂林理工大学,,"物理,地理",555,74291,,,3,,,0,0
河北,2025,物理类,本科批,474,桂林旅游学院,,物理,475,189932,,,5,,,0,0
河北,2025,物理类,本科批,474,桂林旅游学院,,"物理,化学",482,189932,,,6,,,0,0
河北,2025,物理类,本科批,476,桂林医科大学,,"物理,化学",499,53452,,,13,,,0,0
河北,2025,物理类,本科批,480,哈尔滨工程大学,,"物理,化学",557,4006,,,278,,,0,0
河北,2025,物理类,本科批,482,哈尔滨工业大学,,物理,622,7186,,,8,,,0,0
河北,2025,物理类,本科批,482,哈尔滨工业大学,,"物理,化学",625,233,,,53,,,0,0
河北,2025,物理类,本科批,484,哈尔滨工业大学(深圳),,"物理,化学",639,1013,,,49,,,0,0
河北,2025,物理类,本科批,485,哈尔滨工业大学(威海),,"物理,化学",625,2699,,,155,,,0,0
河北,2025,物理类,本科批,487,哈尔滨金融学院,,物理,529,62725,,,4,,,0,0
河北,2025,物理类,本科批,487,哈尔滨金融学院,,"物理,化学",560,67726,,,2,,,0,0
河北,2025,物理类,本科批,489,哈尔滨理工大学,,物理,554,38943,,,26,,,0,0
河北,2025,物理类,本科批,489,哈尔滨理工大学,,"物理,化学",568,22695,,,123,,,0,0
河北,2025,物理类,本科批,491,哈尔滨商业大学,,物理,519,48060,,,70,,,0,0
河北,2025,物理类,本科批,491,哈尔滨商业大学,,"物理,化学",539,60306,,,35,,,0,0
河北,2025,物理类,本科批,492,哈尔滨师范大学,,物理,519,38007,,,24,,,0,0
河北,2025,物理类,本科批,492,哈尔滨师范大学,,"物理,化学",558,55712,,,30,,,0,0
河北,2025,物理类,本科批,492,哈尔滨师范大学,,"物理,地理",557,65166,,,8,,,0,0
河北,2025,物理类,本科批,493,哈尔滨体育学院,,物理,508,147056,,,2,,,0,0
河北,2025,物理类,本科批,495,哈尔滨学院,,"物理,化学",518,88117,,,7,,,0,0
河北,2025,物理类,本科批,496,哈尔滨医科大学,,物理,574,51275,,,1,,,0,0
河北,2025,物理类,本科批,496,哈尔滨医科大学,,"物理,化学",555,35284,,,13,,,0,0
河北,2025,物理类,本科批,496,哈尔滨医科大学,,"物理,化学,生物",507,3513,,,45,,,0,0
河北,2025,物理类,本科批,496,哈尔滨医科大学,,"物理,生物",564,52384,,,6,,,0,0
河北,2025,物理类,本科批,5,安徽财经大学,,物理,536,29374,,,59,,,0,0
河北,2025,物理类,本科批,5,安徽财经大学,,"物理,化学",572,37123,,,14,,,0,0
河北,2025,物理类,本科批,50,鞍山师范学院,,物理,510,120435,,,4,,,0,0
河北,2025,物理类,本科批,50,鞍山师范学院,,"物理,化学",521,125369,,,5,,,0,0
河北,2025,物理类,本科批,50,鞍山师范学院,,"物理,政治",527,115590,,,2,,,0,0
河北,2025,物理类,本科批,500,哈尔滨职业技术大学,,物理,506,143731,,,95,,,0,0
河北,2025,物理类,本科批,502,海军军医大学,,"物理,化学",600,10271,,,21,,,0,0
河北,2025,物理类,本科批,503,海南比勒费尔德应用科学大学,,物理,459,212828,,,12,,,0,0
河北,2025,物理类,本科批,503,海南比勒费尔德应用科学大学,,"物理,化学",469,202340,,,14,,,0,0
河北,2025,物理类,本科批,504,海南大学,,物理,544,27073,,,24,,,0,0
河北,2025,物理类,本科批,504,海南大学,,"物理,化学",577,15171,,,159,,,0,0
河北,2025,物理类,本科批,504,海南大学,,"物理,化学,生物",581,43929,,,2,,,0,0
河北,2025,物理类,本科批,506,海南热带海洋学院,,物理,485,122069,,,15,,,0,0
河北,2025,物理类,本科批,506,海南热带海洋学院,,"物理,化学",506,95459,,,51,,,0,0
河北,2025,物理类,本科批,508,海南师范大学,,物理,487,58000,,,41,,,0,0
河北,2025,物理类,本科批,508,海南师范大学,,"物理,化学",531,51275,,,64,,,0,0
河北,2025,物理类,本科批,508,海南师范大学,,"物理,化学,生物",524,103048,,,12,,,0,0
河北,2025,物理类,本科批,508,海南师范大学,,"物理,地理",549,82490,,,3,,,0,0
河北,2025,物理类,本科批,509,海南师范大学,,物理,497,128615,,,4,,,0,0
河北,2025,物理类,本科批,512,海南医科大学,,物理,561,66470,,,5,,,0,0
河北,2025,物理类,本科批,512,海南医科大学,,"物理,化学",504,43929,,,56,,,0,0
河北,2025,物理类,本科批,515,邯郸学院,,物理,506,103048,,,270,,,0,0
河北,2025,物理类,本科批,515,邯郸学院,,"物理,化学",461,99987,,,1179,,,0,0
河北,2025,物理类,本科批,515,邯郸学院,,"物理,地理",521,120435,,,35,,,0,0
河北,2025,物理类,本科批,519,韩山师范学院,,"物理,化学",512,130251,,,2,,,0,0
河北,2025,物理类,本科批,520,汉江师范学院,,"物理,化学",520,117158,,,6,,,0,0
河北,2025,物理类,本科批,520,汉江师范学院,,"物理,地理",524,120435,,,3,,,0,0
河北,2025,物理类,本科批,522,杭州电子科技大学,,物理,588,20698,,,27,,,0,0
河北,2025,物理类,本科批,522,杭州电子科技大学,,"物理,化学",602,8622,,,56,,,0,0
河北,2025,物理类,本科批,523,杭州师范大学,,"物理,化学",551,26287,,,87,,,0,0
河北,2025,物理类,本科批,525,杭州医学院,,"物理,化学",535,38007,,,40,,,0,0
河北,2025,物理类,本科批,527,合肥大学,,物理,532,68977,,,13,,,0,0
河北,2025,物理类,本科批,527,合肥大学,,"物理,化学",550,30194,,,18,,,0,0
河北,2025,物理类,本科批,528,合肥工业大学,,物理,580,12592,,,33,,,0,0
河北,2025,物理类,本科批,528,合肥工业大学,,"物理,化学",605,6503,,,210,,,0,0
河北,2025,物理类,本科批,53,白城师范学院,,物理,507,115590,,,23,,,0,0
河北,2025,物理类,本科批,53,白城师范学院,,"物理,化学",503,110872,,,100,,,0,0
河北,2025,物理类,本科批,53,白城师范学院,,"物理,地理",519,128615,,,3,,,0,0
河北,2025,物理类,本科批,530,合肥工业大学,,物理,600,27073,,,6,,,0,0
河北,2025,物理类,本科批,530,合肥工业大学,,"物理,化学",591,11635,,,94,,,0,0
河北,2025,物理类,本科批,532,合肥理工学院,,"物理,化学",536,101526,,,10,,,0,0
河北,2025,物理类,本科批,533,合肥师范学院,,物理,522,112447,,,21,,,0,0
河北,2025,物理类,本科批,533,合肥师范学院,,"物理,化学",521,75607,,,64,,,0,0
河北,2025,物理类,本科批,533,合肥师范学院,,"物理,化学,生物",525,118812,,,10,,,0,0
河北,2025,物理类,本科批,537,河北北方学院,,物理,499,88117,,,574,,,0,0
河北,2025,物理类,本科批,537,河北北方学院,,"物理,化学",500,63946,,,2586,,,0,0
河北,2025,物理类,本科批,537,河北北方学院,,"物理,政治",525,118812,,,40,,,0,0
河北,2025,物理类,本科批,537,河北北方学院,,"物理,生物",529,112447,,,60,,,0,0
河北,2025,物理类,本科批,539,河北大学,,物理,506,29374,,,650,,,0,0
河北,2025,物理类,本科批,539,河北大学,,"物理,化学",548,27821,,,2330,,,0,0
河北,2025,物理类,本科批,539,河北大学,,"物理,生物",545,88117,,,255,,,0,0
河北,2025,物理类,本科批,540,河北大学,,物理,496,115590,,,40,,,0,0
河北,2025,物理类,本科批,541,河北大学,,物理,553,71632,,,15,,,0,0
河北,2025,物理类,本科批,541,河北大学,,"物理,化学",542,53452,,,194,,,0,0
河北,2025,物理类,本科批,542,河北大学,,物理,524,93962,,,310,,,0,0
河北,2025,物理类,本科批,542,河北大学,,"物理,化学",560,65166,,,240,,,0,0
河北,2025,物理类,本科批,545,河北大学,,物理,553,76985,,,35,,,0,0
河北,2025,物理类,本科批,546,河北地质大学,,物理,526,56852,,,407,,,0,0
河北,2025,物理类,本科批,546,河北地质大学,,"物理,化学",525,61528,,,887,,,0,0
河北,2025,物理类,本科批,547,河北地质大学,,物理,538,81112,,,25,,,0,0
河北,2025,物理类,本科批,547,河北地质大学,,"物理,化学",531,54583,,,43,,,0,0
河北,2025,物理类,本科批,550,河北工程大学,,物理,540,72914,,,17,,,0,0
河北,2025,物理类,本科批,550,河北工程大学,,"物理,化学",542,56852,,,97,,,0,0
河北,2025,物理类,本科批,552,河北工程大学,,物理,538,41921,,,145,,,0,0
河北,2025,物理类,本科批,552,河北工程大学,,"物理,化学",506,42923,,,2248,,,0,0
河北,2025,物理类,本科批,552,河北工程大学,,"物理,生物",534,89552,,,80,,,0,0
河北,2025,物理类,本科批,554,河北工业大学,,物理,594,18720,,,4,,,0,0
河北,2025,物理类,本科批,554,河北工业大学,,"物理,化学",588,11635,,,114,,,0,0
河北,2025,物理类,本科批,555,河北工业大学,,"物理,化学",554,56852,,,45,,,0,0
河北,2025,物理类,本科批,557,河北工业大学,,物理,585,39881,,,45,,,0,0
河北,2025,物理类,本科批,558,河北工业大学,,物理,588,15171,,,50,,,0,0
河北,2025,物理类,本科批,558,河北工业大学,,"物理,化学",571,9436,,,3857,,,0,0
河北,2025,物理类,本科批,561,河北工业职业技术大学,,物理,499,120435,,,1599,,,0,0
河北,2025,物理类,本科批,561,河北工业职业技术大学,,"物理,化学",499,147056,,,298,,,0,0
河北,2025,物理类,本科批,567,河北环境工程学院,,物理,502,128615,,,214,,,0,0
河北,2025,物理类,本科批,567,河北环境工程学院,,"物理,化学",481,110872,,,826,,,0,0
河北,2025,物理类,本科批,567,河北环境工程学院,,"物理,生物",497,148725,,,163,,,0,0
河北,2025,物理类,本科批,57,百色学院,,物理,500,160507,,,2,,,0,0
河北,2025,物理类,本科批,57,百色学院,,"物理,化学",499,140302,,,12,,,0,0
河北,2025,物理类,本科批,57,百色学院,,"物理,地理",510,143731,,,2,,,0,0
河北,2025,物理类,本科批,570,河北建筑工程学院,,物理,500,107712,,,524,,,0,0
河北,2025,物理类,本科批,570,河北建筑工程学院,,"物理,化学",500,89552,,,2099,,,0,0
河北,2025,物理类,本科批,572,河北金融学院,,物理,459,224230,,,70,,,0,0
河北,2025,物理类,本科批,572,河北金融学院,,"物理,化学",459,224230,,,60,,,0,0
河北,2025,物理类,本科批,573,河北金融学院,,物理,517,63946,,,1150,,,0,0
河北,2025,物理类,本科批,573,河北金融学院,,"物理,化学",533,81112,,,699,,,0,0
河北,2025,物理类,本科批,574,河北经贸大学,,物理,510,43929,,,1171,,,0,0
河北,2025,物理类,本科批,574,河北经贸大学,,"物理,化学",559,48060,,,494,,,0,0
河北,2025,物理类,本科批,575,河北经贸大学,,物理,533,49142,,,74,,,0,0
河北,2025,物理类,本科批,575,河北经贸大学,,"物理,化学",561,49142,,,15,,,0,0
河北,2025,物理类,本科批,576,河北经贸大学,,物理,516,81112,,,190,,,0,0
河北,2025,物理类,本科批,576,河北经贸大学,,"物理,化学",536,101526,,,150,,,0,0
河北,2025,物理类,本科批,578,河北经贸大学,,物理,531,109287,,,27,,,0,0
河北,2025,物理类,本科批,579,河北科技大学,,物理,516,65166,,,479,,,0,0
河北,2025,物理类,本科批,579,河北科技大学,,"物理,化学",506,43929,,,3047,,,0,0
河北,2025,物理类,本科批,580,河北科技大学,,"物理,化学",535,41921,,,115,,,0,0
河北,2025,物理类,本科批,582,河北科技大学,,物理,536,101526,,,30,,,0,0
河北,2025,物理类,本科批,583,河北科技工程职业技术大学,,物理,497,127001,,,1950,,,0,0
河北,2025,物理类,本科批,583,河北科技工程职业技术大学,,"物理,化学",497,163962,,,318,,,0,0
河北,2025,物理类,本科批,584,河北科技师范学院,,物理,506,71632,,,429,,,0,0
河北,2025,物理类,本科批,584,河北科技师范学院,,"物理,化学",497,89552,,,2180,,,0,0
河北,2025,物理类,本科批,584,河北科技师范学院,,"物理,生物",496,167370,,,120,,,0,0
河北,2025,物理类,本科批,587,河北民族师范学院,,物理,506,74291,,,138,,,0,0
河北,2025,物理类,本科批,587,河北民族师范学院,,"物理,化学",502,107712,,,655,,,0,0
河北,2025,物理类,本科批,587,河北民族师范学院,,"物理,地理",527,115590,,,10,,,0,0
河北,2025,物理类,本科批,588,河北民族师范学院,,物理,506,150409,,,30,,,0,0
河北,2025,物理类,本科批,588,河北民族师范学院,,"物理,化学",485,173920,,,140,,,0,0
河北,2025,物理类,本科批,59,蚌埠学院,,"物理,化学",530,88117,,,5,,,0,0
河北,2025,物理类,本科批,591,河北农业大学,,物理,530,53452,,,647,,,0,0
河北,2025,物理类,本科批,591,河北农业大学,,"物理,化学",520,45972,,,4659,,,0,0
河北,2025,物理类,本科批,591,河北农业大学,,"物理,生物",530,110872,,,84,,,0,0
河北,2025,物理类,本科批,592,河北农业大学,,"物理,化学",528,47025,,,191,,,0,0
河北,2025,物理类,本科批,594,河北农业大学,,"物理,化学",524,56852,,,450,,,0,0
河北,2025,物理类,本科批,595,河北农业大学,,物理,533,106095,,,20,,,0,0
河北,2025,物理类,本科批,60,蚌埠医科大学,,"物理,化学",535,39881,,,20,,,0,0
河北,2025,物理类,本科批,600,河北师范大学,,物理,517,36180,,,744,,,0,0
河北,2025,物理类,本科批,600,河北师范大学,,"物理,化学",553,40924,,,1541,,,0,0
河北,2025,物理类,本科批,600,河北师范大学,,"物理,化学,生物",549,56852,,,247,,,0,0
河北,2025,物理类,本科批,600,河北师范大学,,"物理,地理",557,53452,,,109,,,0,0
河北,2025,物理类,本科批,600,河北师范大学,,"物理,政治",557,38943,,,77,,,0,0
河北,2025,物理类,本科批,601,河北师范大学,,物理,550,42923,,,24,,,0,0
河北,2025,物理类,本科批,601,河北师范大学,,"物理,化学",563,36180,,,63,,,0,0
河北,2025,物理类,本科批,601,河北师范大学,,"物理,化学,生物",578,47025,,,3,,,0,0
河北,2025,物理类,本科批,601,河北师范大学,,"物理,地理",566,60306,,,5,,,0,0
河北,2025,物理类,本科批,601,河北师范大学,,"物理,政治",583,41921,,,5,,,0,0
河北,2025,物理类,本科批,604,河北师范大学,,物理,546,86664,,,20,,,0,0
河北,2025,物理类,本科批,606,河北石油职业技术大学,,物理,499,128615,,,1534,,,0,0
河北,2025,物理类,本科批,607,河北水利电力学院,,物理,501,106095,,,405,,,0,0
河北,2025,物理类,本科批,607,河北水利电力学院,,"物理,化学",500,86664,,,1897,,,0,0
河北,2025,物理类,本科批,609,河北体育学院,,物理,498,153782,,,120,,,0,0
河北,2025,物理类,本科批,610,河北医科大学,,物理,553,76985,,,12,,,0,0
河北,2025,物理类,本科批,610,河北医科大学,,"物理,化学",555,39881,,,354,,,0,0
河北,2025,物理类,本科批,610,河北医科大学,,"物理,化学,生物",562,9827,,,774,,,0,0
河北,2025,物理类,本科批,610,河北医科大学,,"物理,生物",560,67726,,,78,,,0,0
河北,2025,物理类,本科批,611,河北医科大学,,"物理,化学",563,41921,,,28,,,0,0
河北,2025,物理类,本科批,611,河北医科大学,,"物理,化学,生物",561,25574,,,14,,,0,0
河北,2025,物理类,本科批,611,河北医科大学,,"物理,生物",558,70324,,,10,,,0,0
河北,2025,物理类,本科批,617,河北中医药大学,,物理,531,27821,,,327,,,0,0
河北,2025,物理类,本科批,617,河北中医药大学,,"物理,化学",532,27821,,,521,,,0,0
河北,2025,物理类,本科批,617,河北中医药大学,,"物理,生物",533,103048,,,193,,,0,0
河北,2025,物理类,本科批,618,河北中医药大学,,物理,553,50224,,,14,,,0,0
河北,2025,物理类,本科批,618,河北中医药大学,,"物理,化学",542,83898,,,28,,,0,0
河北,2025,物理类,本科批,622,河池学院,,物理,511,142016,,,3,,,0,0
河北,2025,物理类,本科批,622,河池学院,,"物理,化学",511,114051,,,21,,,0,0
河北,2025,物理类,本科批,623,河海大学,,物理,606,12091,,,13,,,0,0
河北,2025,物理类,本科批,623,河海大学,,"物理,化学",578,6181,,,183,,,0,0
河北,2025,物理类,本科批,625,河南财经政法大学,,物理,542,28597,,,12,,,0,0
河北,2025,物理类,本科批,625,河南财经政法大学,,"物理,化学",560,40924,,,33,,,0,0
河北,2025,物理类,本科批,626,河南财政金融学院,,物理,499,67726,,,19,,,0,0
河北,2025,物理类,本科批,626,河南财政金融学院,,"物理,化学",541,67726,,,8,,,0,0
河北,2025,物理类,本科批,628,河南城建学院,,物理,498,136965,,,21,,,0,0
河北,2025,物理类,本科批,628,河南城建学院,,"物理,化学",505,92489,,,155,,,0,0
河北,2025,物理类,本科批,628,河南城建学院,,"物理,生物",502,157169,,,5,,,0,0
河北,2025,物理类,本科批,629,河南大学,,物理,538,22695,,,44,,,0,0
河北,2025,物理类,本科批,629,河南大学,,"物理,化学",548,19367,,,139,,,0,0
河北,2025,物理类,本科批,629,河南大学,,"物理,地理",592,33539,,,3,,,0,0
河北,2025,物理类,本科批,631,河南工程学院,,物理,520,107712,,,18,,,0,0
河北,2025,物理类,本科批,631,河南工程学院,,"物理,化学",496,56852,,,42,,,0,0
河北,2025,物理类,本科批,631,河南工程学院,,"物理,化学,地理",527,115590,,,2,,,0,0
河北,2025,物理类,本科批,632,河南工学院,,"物理,化学",537,74291,,,58,,,0,0
河北,2025,物理类,本科批,633,河南工业大学,,物理,550,30996,,,25,,,0,0
河北,2025,物理类,本科批,633,河南工业大学,,"物理,化学",530,32692,,,208,,,0,0
河北,2025,物理类,本科批,64,宝鸡文理学院,,物理,535,103048,,,2,,,0,0
河北,2025,物理类,本科批,64,宝鸡文理学院,,"物理,化学",511,82490,,,108,,,0,0
河北,2025,物理类,本科批,64,宝鸡文理学院,,"物理,地理",515,122069,,,12,,,0,0
河北,2025,物理类,本科批,641,河南科技大学,,物理,538,63946,,,13,,,0,0
河北,2025,物理类,本科批,641,河南科技大学,,"物理,化学",508,30194,,,87,,,0,0
河北,2025,物理类,本科批,642,河南科技学院,,物理,522,95459,,,10,,,0,0
河北,2025,物理类,本科批,642,河南科技学院,,"物理,化学",519,104591,,,33,,,0,0
河北,2025,物理类,本科批,643,河南理工大学,,物理,529,44928,,,26,,,0,0
河北,2025,物理类,本科批,643,河南理工大学,,"物理,化学",536,30996,,,237,,,0,0
河北,2025,物理类,本科批,644,河南牧业经济学院,,物理,509,130251,,,10,,,0,0
河北,2025,物理类,本科批,644,河南牧业经济学院,,"物理,化学",504,120435,,,25,,,0,0
河北,2025,物理类,本科批,644,河南牧业经济学院,,"物理,生物",505,152124,,,10,,,0,0
河北,2025,物理类,本科批,645,河南农业大学,,物理,532,92489,,,11,,,0,0
河北,2025,物理类,本科批,645,河南农业大学,,"物理,化学",517,40924,,,73,,,0,0
河北,2025,物理类,本科批,645,河南农业大学,,"物理,化学,生物",519,103048,,,16,,,0,0
河北,2025,物理类,本科批,648,河南师范大学,,物理,527,115590,,,6,,,0,0
河北,2025,物理类,本科批,648,河南师范大学,,"物理,化学",521,44928,,,60,,,0,0
河北,2025,物理类,本科批,655,河南医药大学,,"物理,化学",553,49142,,,20,,,0,0
河北,2025,物理类,本科批,657,河南中医药大学,,物理,535,93962,,,5,,,0,0
河北,2025,物理类,本科批,657,河南中医药大学,,"物理,化学",576,49142,,,4,,,0,0
河北,2025,物理类,本科批,657,河南中医药大学,,"物理,生物",559,68977,,,2,,,0,0
河北,2025,物理类,本科批,658,河西学院,,物理,503,152124,,,8,,,0,0
河北,2025,物理类,本科批,658,河西学院,,"物理,化学",498,110872,,,34,,,0,0
河北,2025,物理类,本科批,661,菏泽学院,,物理,513,115590,,,3,,,0,0
河北,2025,物理类,本科批,661,菏泽学院,,"物理,化学",519,89552,,,15,,,0,0
河北,2025,物理类,本科批,664,贺州学院,,物理,508,147056,,,3,,,0,0
河北,2025,物理类,本科批,664,贺州学院,,"物理,化学",498,117158,,,18,,,0,0
河北,2025,物理类,本科批,668,黑河学院,,物理,503,138592,,,6,,,0,0
河北,2025,物理类,本科批,668,黑河学院,,"物理,化学",504,118812,,,33,,,0,0
河北,2025,物理类,本科批,67,保定学院,,物理,515,89552,,,196,,,0,0
河北,2025,物理类,本科批,67,保定学院,,"物理,化学",513,96962,,,1171,,,0,0
河北,2025,物理类,本科批,67,保定学院,,"物理,地理",521,110872,,,20,,,0,0
河北,2025,物理类,本科批,670,黑龙江八一农垦大学,,物理,519,76985,,,10,,,0,0
河北,2025,物理类,本科批,670,黑龙江八一农垦大学,,"物理,化学",518,65166,,,86,,,0,0
河北,2025,物理类,本科批,670,黑龙江八一农垦大学,,"物理,生物",520,127001,,,3,,,0,0
河北,2025,物理类,本科批,672,黑龙江大学,,物理,551,70324,,,4,,,0,0
河北,2025,物理类,本科批,672,黑龙江大学,,"物理,化学",553,27821,,,36,,,0,0
河北,2025,物理类,本科批,673,黑龙江工程学院,,物理,517,89552,,,6,,,0,0
河北,2025,物理类,本科批,673,黑龙江工程学院,,"物理,化学",520,72914,,,40,,,0,0
河北,2025,物理类,本科批,674,黑龙江工业学院,,物理,505,152124,,,2,,,0,0
河北,2025,物理类,本科批,674,黑龙江工业学院,,"物理,化学",500,93962,,,41,,,0,0
河北,2025,物理类,本科批,678,黑龙江科技大学,,物理,525,99987,,,7,,,0,0
河北,2025,物理类,本科批,678,黑龙江科技大学,,"物理,化学",526,47025,,,66,,,0,0
河北,2025,物理类,本科批,68,保定学院,,物理,510,143731,,,5,,,0,0
河北,2025,物理类,本科批,693,黑龙江中医药大学,,物理,530,16934,,,42,,,0,0
河北,2025,物理类,本科批,693,黑龙江中医药大学,,"物理,化学",533,59117,,,28,,,0,0
河北,2025,物理类,本科批,693,黑龙江中医药大学,,"物理,生物",530,51275,,,20,,,0,0
河北,2025,物理类,本科批,695,衡水学院,,物理,498,115590,,,472,,,0,0
河北,2025,物理类,本科批,695,衡水学院,,"物理,化学",484,114051,,,1340,,,0,0
河北,2025,物理类,本科批,695,衡水学院,,"物理,生物",502,157169,,,20,,,0,0
河北,2025,物理类,本科批,701,衡阳师范学院,,物理,524,70324,,,3,,,0,0
河北,2025,物理类,本科批,701,衡阳师范学院,,"物理,化学",525,72914,,,7,,,0,0
河北,2025,物理类,本科批,701,衡阳师范学院,,"物理,化学,生物",521,125369,,,2,,,0,0
河北,2025,物理类,本科批,701,衡阳师范学院,,"物理,地理",550,81112,,,1,,,0,0
河北,2025,物理类,本科批,703,红河学院,,物理,500,148725,,,5,,,0,0
河北,2025,物理类,本科批,703,红河学院,,"物理,化学",501,152124,,,4,,,0,0
河北,2025,物理类,本科批,704,呼和浩特民族学院,,"物理,化学",500,136965,,,19,,,0,0
河北,2025,物理类,本科批,705,呼和浩特民族学院,,物理,353,325037,,,4,,,0,0
河北,2025,物理类,本科批,707,呼伦贝尔学院,,物理,500,155469,,,11,,,0,0
河北,2025,物理类,本科批,707,呼伦贝尔学院,,"物理,化学",504,136965,,,15,,,0,0
河北,2025,物理类,本科批,71,北部湾大学,,"物理,化学",515,68977,,,40,,,0,0
河北,2025,物理类,本科批,712,湖北大学,,物理,557,71632,,,4,,,0,0
河北,2025,物理类,本科批,712,湖北大学,,"物理,化学",542,23383,,,81,,,0,0
河北,2025,物理类,本科批,713,湖北第二师范学院,,物理,529,112447,,,5,,,0,0
河北,2025,物理类,本科批,713,湖北第二师范学院,,"物理,化学",536,68977,,,9,,,0,0
河北,2025,物理类,本科批,714,湖北工程学院,,物理,506,103048,,,14,,,0,0
河北,2025,物理类,本科批,714,湖北工程学院,,"物理,化学",507,62725,,,19,,,0,0
河北,2025,物理类,本科批,716,湖北工业大学,,物理,552,44928,,,20,,,0,0
河北,2025,物理类,本科批,716,湖北工业大学,,"物理,化学",517,24833,,,121,,,0,0
河北,2025,物理类,本科批,72,北方工业大学,,"物理,化学",550,15775,,,55,,,0,0
河北,2025,物理类,本科批,722,湖北经济学院,,物理,493,49142,,,10,,,0,0
河北,2025,物理类,本科批,722,湖北经济学院,,"物理,化学",564,47025,,,6,,,0,0
河北,2025,物理类,本科批,723,湖北科技学院,,"物理,化学",528,65166,,,22,,,0,0
河北,2025,物理类,本科批,725,湖北理工学院,,"物理,化学",516,66470,,,40,,,0,0
河北,2025,物理类,本科批,727,湖北民族大学,,"物理,化学",524,59117,,,21,,,0,0
河北,2025,物理类,本科批,728,湖北汽车工业学院,,物理,511,98476,,,6,,,0,0
河北,2025,物理类,本科批,728,湖北汽车工业学院,,"物理,化学",530,58000,,,26,,,0,0
河北,2025,物理类,本科批,733,湖北师范大学,,"物理,化学",557,44928,,,7,,,0,0
河北,2025,物理类,本科批,737,湖北文理学院,,"物理,化学",501,72914,,,39,,,0,0
河北,2025,物理类,本科批,738,湖北医药学院,,"物理,化学",546,42923,,,17,,,0,0
河北,2025,物理类,本科批,74,北方民族大学,,物理,524,81112,,,15,,,0,0
河北,2025,物理类,本科批,74,北方民族大学,,"物理,化学",519,60306,,,52,,,0,0
河北,2025,物理类,本科批,74,北方民族大学,,"物理,政治",549,82490,,,1,,,0,0
河北,2025,物理类,本科批,741,湖北中医药大学,,物理,539,34450,,,12,,,0,0
河北,2025,物理类,本科批,741,湖北中医药大学,,"物理,化学",543,51275,,,33,,,0,0
河北,2025,物理类,本科批,745,湖南财政经济学院,,物理,508,63946,,,19,,,0,0
河北,2025,物理类,本科批,745,湖南财政经济学院,,"物理,化学",543,67726,,,5,,,0,0
河北,2025,物理类,本科批,747,湖南城市学院,,物理,507,112447,,,6,,,0,0
河北,2025,物理类,本科批,747,湖南城市学院,,"物理,化学",505,66470,,,33,,,0,0
河北,2025,物理类,本科批,748,湖南大学,,物理,630,6181,,,21,,,0,0
河北,2025,物理类,本科批,748,湖南大学,,"物理,化学",634,3294,,,117,,,0,0
河北,2025,物理类,本科批,751,湖南第一师范学院,,"物理,化学",553,54583,,,20,,,0,0
河北,2025,物理类,本科批,753,湖南工程学院,,物理,489,109287,,,16,,,0,0
河北,2025,物理类,本科批,753,湖南工程学院,,"物理,化学",514,67726,,,27,,,0,0
河北,2025,物理类,本科批,755,湖南工商大学,,物理,524,47025,,,14,,,0,0
河北,2025,物理类,本科批,755,湖南工商大学,,"物理,化学",510,39881,,,17,,,0,0
河北,2025,物理类,本科批,755,湖南工商大学,,"物理,地理",541,93962,,,3,,,0,0
河北,2025,物理类,本科批,756,湖南工学院,,"物理,化学",534,62725,,,30,,,0,0
河北,2025,物理类,本科批,757,湖南工业大学,,物理,480,42923,,,61,,,0,0
河北,2025,物理类,本科批,757,湖南工业大学,,"物理,化学",515,34450,,,259,,,0,0
河北,2025,物理类,本科批,76,北华大学,,物理,524,59117,,,23,,,0,0
河北,2025,物理类,本科批,76,北华大学,,"物理,化学",499,41921,,,111,,,0,0
河北,2025,物理类,本科批,76,北华大学,,"物理,化学,生物",574,45972,,,6,,,0,0
河北,2025,物理类,本科批,763,湖南科技大学,,物理,531,48060,,,41,,,0,0
河北,2025,物理类,本科批,763,湖南科技大学,,"物理,化学",531,25574,,,227,,,0,0
河北,2025,物理类,本科批,763,湖南科技大学,,"物理,地理",575,50224,,,2,,,0,0
河北,2025,物理类,本科批,764,湖南科技学院,,物理,512,140302,,,3,,,0,0
河北,2025,物理类,本科批,764,湖南科技学院,,"物理,化学",507,79754,,,30,,,0,0
河北,2025,物理类,本科批,765,湖南理工学院,,物理,521,115590,,,11,,,0,0
河北,2025,物理类,本科批,765,湖南理工学院,,"物理,化学",532,62725,,,39,,,0,0
河北,2025,物理类,本科批,766,湖南农业大学,,物理,530,50224,,,26,,,0,0
河北,2025,物理类,本科批,766,湖南农业大学,,"物理,化学",530,38943,,,119,,,0,0
河北,2025,物理类,本科批,766,湖南农业大学,,"物理,政治",556,72914,,,2,,,0,0
河北,2025,物理类,本科批,767,湖南女子学院,,物理,508,127001,,,10,,,0,0
河北,2025,物理类,本科批,767,湖南女子学院,,"物理,化学",526,98476,,,9,,,0,0
河北,2025,物理类,本科批,77,北华航天工业学院,,物理,526,68977,,,124,,,0,0
河北,2025,物理类,本科批,77,北华航天工业学院,,"物理,化学",523,66470,,,1448,,,0,0
河北,2025,物理类,本科批,77,北华航天工业学院,,"物理,地理",531,109287,,,72,,,0,0
河北,2025,物理类,本科批,770,湖南人文科技学院,,物理,547,85258,,,1,,,0,0
河北,2025,物理类,本科批,770,湖南人文科技学院,,"物理,化学",508,147056,,,6,,,0,0
河北,2025,物理类,本科批,772,湖南师范大学,,物理,596,15171,,,23,,,0,0
河北,2025,物理类,本科批,772,湖南师范大学,,"物理,化学",587,13587,,,101,,,0,0
河北,2025,物理类,本科批,772,湖南师范大学,,"物理,地理",575,22695,,,8,,,0,0
河北,2025,物理类,本科批,773,湖南师范大学,,物理,593,32692,,,1,,,0,0
河北,2025,物理类,本科批,779,湖南文理学院,,物理,501,158849,,,4,,,0,0
河北,2025,物理类,本科批,779,湖南文理学院,,"物理,化学",520,70324,,,15,,,0,0
河北,2025,物理类,本科批,781,湖南医药学院,,物理,544,89552,,,2,,,0,0
河北,2025,物理类,本科批,781,湖南医药学院,,"物理,化学",533,60306,,,7,,,0,0
河北,2025,物理类,本科批,783,湖南中医药大学,,物理,533,16934,,,57,,,0,0
河北,2025,物理类,本科批,783,湖南中医药大学,,"物理,化学",536,30194,,,104,,,0,0
河北,2025,物理类,本科批,784,湖州师范学院,,物理,525,118812,,,3,,,0,0
河北,2025,物理类,本科批,784,湖州师范学院,,"物理,化学",526,66470,,,33,,,0,0
河北,2025,物理类,本科批,785,湖州学院,,"物理,化学",521,71632,,,54,,,0,0
河北,2025,物理类,本科批,787,华北电力大学(保定),,物理,609,13587,,,36,,,0,0
河北,2025,物理类,本科批,787,华北电力大学(保定),,"物理,化学",604,6503,,,299,,,0,0
河北,2025,物理类,本科批,789,华北电力大学(北京),,物理,616,11148,,,14,,,0,0
河北,2025,物理类,本科批,789,华北电力大学(北京),,"物理,化学",616,3513,,,103,,,0,0
河北,2025,物理类,本科批,79,北京大学,,"物理,化学",688,82,,,25,,,0,0
河北,2025,物理类,本科批,792,华北科技学院,,物理,524,114051,,,29,,,0,0
河北,2025,物理类,本科批,792,华北科技学院,,"物理,化学",521,56852,,,317,,,0,0
河北,2025,物理类,本科批,793,华北理工大学,,物理,533,52384,,,46,,,0,0
河北,2025,物理类,本科批,793,华北理工大学,,"物理,化学",527,38007,,,191,,,0,0
河北,2025,物理类,本科批,793,华北理工大学,,"物理,化学,生物",582,29374,,,6,,,0,0
河北,2025,物理类,本科批,793,华北理工大学,,"物理,生物",556,67726,,,6,,,0,0
河北,2025,物理类,本科批,796,华北理工大学,,物理,532,107712,,,27,,,0,0
河北,2025,物理类,本科批,797,华北理工大学,,物理,534,50224,,,478,,,0,0
河北,2025,物理类,本科批,797,华北理工大学,,"物理,化学",512,36180,,,3332,,,0,0
河北,2025,物理类,本科批,797,华北理工大学,,"物理,化学,生物",557,38943,,,304,,,0,0
河北,2025,物理类,本科批,797,华北理工大学,,"物理,生物",556,66470,,,69,,,0,0
河北,2025,物理类,本科批,798,华北水利水电大学,,物理,513,47025,,,26,,,0,0
河北,2025,物理类,本科批,798,华北水利水电大学,,"物理,化学",521,28597,,,149,,,0,0
河北,2025,物理类,本科批,799,华东交通大学,,物理,545,38007,,,25,,,0,0
河北,2025,物理类,本科批,799,华东交通大学,,"物理,化学",553,27073,,,127,,,0,0
河北,2025,物理类,本科批,8,安徽大学,,物理,605,17521,,,9,,,0,0
河北,2025,物理类,本科批,8,安徽大学,,"物理,化学",589,9827,,,94,,,0,0
河北,2025,物理类,本科批,800,华东理工大学,,物理,622,13077,,,2,,,0,0
河北,2025,物理类,本科批,800,华东理工大学,,"物理,化学",618,6181,,,120,,,0,0
河北,2025,物理类,本科批,802,华东师范大学,,物理,646,4252,,,2,,,0,0
河北,2025,物理类,本科批,802,华东师范大学,,"物理,化学",641,2366,,,29,,,0,0
河北,2025,物理类,本科批,807,华东政法大学,,物理,631,9012,,,6,,,0,0
河北,2025,物理类,本科批,808,华南理工大学,,物理,638,4724,,,6,,,0,0
河北,2025,物理类,本科批,808,华南理工大学,,"物理,化学",628,2081,,,86,,,0,0
河北,2025,物理类,本科批,81,北京大学医学部,,物理,677,361,,,1,,,0,0
河北,2025,物理类,本科批,81,北京大学医学部,,"物理,化学",673,121,,,25,,,0,0
河北,2025,物理类,本科批,810,华南农业大学,,"物理,化学",548,20009,,,51,,,0,0
河北,2025,物理类,本科批,812,华南师范大学,,物理,599,24833,,,7,,,0,0
河北,2025,物理类,本科批,812,华南师范大学,,"物理,化学",609,15775,,,30,,,0,0
河北,2025,物理类,本科批,813,华侨大学,,物理,544,30996,,,38,,,0,0
河北,2025,物理类,本科批,813,华侨大学,,"物理,化学",555,25574,,,87,,,0,0
河北,2025,物理类,本科批,813,华侨大学,,"物理,政治",561,66470,,,2,,,0,0
河北,2025,物理类,本科批,814,华中科技大学,,"物理,化学",627,622,,,121,,,0,0
河北,2025,物理类,本科批,817,华中农业大学,,物理,588,15775,,,37,,,0,0
河北,2025,物理类,本科批,817,华中农业大学,,"物理,化学",561,14098,,,167,,,0,0
河北,2025,物理类,本科批,817,华中农业大学,,"物理,地理",601,26287,,,4,,,0,0
河北,2025,物理类,本科批,817,华中农业大学,,"物理,生物",589,36180,,,4,,,0,0
河北,2025,物理类,本科批,820,华中师范大学,,物理,599,13587,,,26,,,0,0
河北,2025,物理类,本科批,820,华中师范大学,,"物理,化学",620,7522,,,41,,,0,0
河北,2025,物理类,本科批,820,华中师范大学,,"物理,地理",613,18114,,,2,,,0,0
河北,2025,物理类,本科批,822,怀化学院,,"物理,化学",515,79754,,,48,,,0,0
河北,2025,物理类,本科批,824,淮北师范大学,,物理,529,81112,,,6,,,0,0
河北,2025,物理类,本科批,824,淮北师范大学,,"物理,化学",561,65166,,,4,,,0,0
河北,2025,物理类,本科批,824,淮北师范大学,,"物理,化学,生物",518,45972,,,40,,,0,0
河北,2025,物理类,本科批,827,淮南师范学院,,物理,516,110872,,,15,,,0,0
河北,2025,物理类,本科批,827,淮南师范学院,,"物理,化学",517,95459,,,29,,,0,0
河北,2025,物理类,本科批,829,淮阴工学院,,物理,515,110872,,,27,,,0,0
河北,2025,物理类,本科批,829,淮阴工学院,,"物理,化学",519,66470,,,17,,,0,0
河北,2025,物理类,本科批,83,北京第二外国语学院,,物理,577,30194,,,7,,,0,0
河北,2025,物理类,本科批,83,北京第二外国语学院,,"物理,地理",583,41921,,,1,,,0,0
河北,2025,物理类,本科批,83,北京第二外国语学院,,"物理,政治",592,30996,,,2,,,0,0
河北,2025,物理类,本科批,830,淮阴师范学院,,物理,521,96962,,,17,,,0,0
河北,2025,物理类,本科批,830,淮阴师范学院,,"物理,化学",511,122069,,,41,,,0,0
河北,2025,物理类,本科批,831,黄冈师范学院,,物理,519,128615,,,3,,,0,0
河北,2025,物理类,本科批,831,黄冈师范学院,,"物理,化学",509,85258,,,15,,,0,0
河北,2025,物理类,本科批,833,黄淮学院,,物理,509,145351,,,5,,,0,0
河北,2025,物理类,本科批,833,黄淮学院,,"物理,化学",509,115590,,,115,,,0,0
河北,2025,物理类,本科批,833,黄淮学院,,"物理,生物",505,152124,,,5,,,0,0
河北,2025,物理类,本科批,834,黄山学院,,物理,510,143731,,,5,,,0,0
河北,2025,物理类,本科批,834,黄山学院,,"物理,化学",503,122069,,,45,,,0,0
河北,2025,物理类,本科批,839,惠州学院,,物理,519,128615,,,3,,,0,0
河北,2025,物理类,本科批,839,惠州学院,,"物理,地理",524,120435,,,3,,,0,0
河北,2025,物理类,本科批,84,北京电影学院,,物理,606,22695,,,1,,,0,0
河北,2025,物理类,本科批,842,吉林财经大学,,物理,498,42923,,,58,,,0,0
河北,2025,物理类,本科批,842,吉林财经大学,,"物理,化学",561,47025,,,8,,,0,0
河北,2025,物理类,本科批,843,吉林大学,,物理,620,5846,,,42,,,0,0
河北,2025,物理类,本科批,843,吉林大学,,"物理,化学",612,3105,,,336,,,0,0
河北,2025,物理类,本科批,843,吉林大学,,"物理,政治",624,12091,,,3,,,0,0
河北,2025,物理类,本科批,846,吉林工程技术师范学院,,"物理,化学",502,125369,,,125,,,0,0
河北,2025,物理类,本科批,848,吉林工商学院,,物理,501,83898,,,84,,,0,0
河北,2025,物理类,本科批,848,吉林工商学院,,"物理,化学",503,85258,,,54,,,0,0
河北,2025,物理类,本科批,848,吉林工商学院,,"物理,化学,生物",509,145351,,,2,,,0,0
河北,2025,物理类,本科批,850,吉林化工大学,,物理,525,75607,,,18,,,0,0
河北,2025,物理类,本科批,850,吉林化工大学,,"物理,化学",509,61528,,,246,,,0,0
河北,2025,物理类,本科批,851,吉林建筑大学,,物理,509,67726,,,13,,,0,0
河北,2025,物理类,本科批,851,吉林建筑大学,,"物理,化学",509,51275,,,70,,,0,0
河北,2025,物理类,本科批,853,吉林警察学院,,物理,513,63946,,,8,,,0,0
河北,2025,物理类,本科批,853,吉林警察学院,,"物理,化学",543,91027,,,23,,,0,0
河北,2025,物理类,本科批,854,吉林农业大学,,物理,525,83898,,,14,,,0,0
河北,2025,物理类,本科批,854,吉林农业大学,,"物理,化学",525,59117,,,77,,,0,0
河北,2025,物理类,本科批,854,吉林农业大学,,"物理,化学,生物",520,68977,,,97,,,0,0
河北,2025,物理类,本科批,854,吉林农业大学,,"物理,生物",525,118812,,,6,,,0,0
河北,2025,物理类,本科批,855,吉林农业科技学院,,物理,518,130251,,,2,,,0,0
河北,2025,物理类,本科批,855,吉林农业科技学院,,"物理,化学",501,92489,,,122,,,0,0
河北,2025,物理类,本科批,855,吉林农业科技学院,,"物理,生物",508,147056,,,2,,,0,0
河北,2025,物理类,本科批,856,吉林师范大学,,物理,547,83898,,,7,,,0,0
河北,2025,物理类,本科批,856,吉林师范大学,,"物理,化学",527,52384,,,56,,,0,0
河北,2025,物理类,本科批,860,吉林体育学院,,物理,496,153782,,,19,,,0,0
河北,2025,物理类,本科批,861,吉林铁道职业技术大学,,物理,529,91027,,,59,,,0,0
河北,2025,物理类,本科批,862,吉林医药学院,,物理,527,115590,,,2,,,0,0
河北,2025,物理类,本科批,862,吉林医药学院,,"物理,化学",522,93962,,,30,,,0,0
河北,2025,物理类,本科批,862,吉林医药学院,,"物理,化学,生物",502,76985,,,21,,,0,0
河北,2025,物理类,本科批,864,吉林艺术学院,,物理,505,152124,,,2,,,0,0
河北,2025,物理类,本科批,865,吉首大学,,物理,537,81112,,,10,,,0,0
河北,2025,物理类,本科批,865,吉首大学,,"物理,化学",521,53452,,,58,,,0,0
河北,2025,物理类,本科批,865,吉首大学,,"物理,化学,生物",535,103048,,,4,,,0,0
河北,2025,物理类,本科批,865,吉首大学,,"物理,生物",530,110872,,,4,,,0,0
河北,2025,物理类,本科批,867,集美大学,,物理,545,33539,,,13,,,0,0
河北,2025,物理类,本科批,867,集美大学,,"物理,化学",569,27073,,,57,,,0,0
河北,2025,物理类,本科批,867,集美大学,,"物理,化学,生物",551,68977,,,9,,,0,0
河北,2025,物理类,本科批,868,集宁师范学院,,"物理,化学",507,136965,,,8,,,0,0
河北,2025,物理类,本科批,868,集宁师范学院,,"物理,地理",509,145351,,,7,,,0,0
河北,2025,物理类,本科批,869,济南大学,,物理,548,37123,,,38,,,0,0
河北,2025,物理类,本科批,869,济南大学,,"物理,化学",544,22009,,,180,,,0,0
河北,2025,物理类,本科批,869,济南大学,,"物理,化学,地理",561,66470,,,4,,,0,0
河北,2025,物理类,本科批,87,北京服装学院,,"物理,化学",538,71632,,,22,,,0,0
河北,2025,物理类,本科批,873,济宁学院,,"物理,化学",519,128615,,,5,,,0,0
河北,2025,物理类,本科批,874,济宁医学院,,"物理,化学",522,40924,,,40,,,0,0
河北,2025,物理类,本科批,877,暨南大学,,物理,598,15171,,,19,,,0,0
河北,2025,物理类,本科批,877,暨南大学,,"物理,化学",595,8622,,,58,,,0,0
河北,2025,物理类,本科批,88,北京工商大学,,物理,591,24100,,,15,,,0,0
河北,2025,物理类,本科批,88,北京工商大学,,"物理,化学",534,31807,,,50,,,0,0
河北,2025,物理类,本科批,880,佳木斯大学,,物理,538,91027,,,8,,,0,0
河北,2025,物理类,本科批,880,佳木斯大学,,"物理,化学",528,70324,,,58,,,0,0
河北,2025,物理类,本科批,880,佳木斯大学,,"物理,化学,生物",530,79754,,,26,,,0,0
河北,2025,物理类,本科批,880,佳木斯大学,,"物理,地理",527,115590,,,5,,,0,0
河北,2025,物理类,本科批,880,佳木斯大学,,"物理,生物",528,114051,,,5,,,0,0
河北,2025,物理类,本科批,882,嘉兴大学,,物理,545,58000,,,29,,,0,0
河北,2025,物理类,本科批,882,嘉兴大学,,"物理,化学",534,44928,,,121,,,0,0
河北,2025,物理类,本科批,882,嘉兴大学,,"物理,生物",544,89552,,,10,,,0,0
河北,2025,物理类,本科批,883,嘉兴南湖学院,,物理,536,86664,,,2,,,0,0
河北,2025,物理类,本科批,883,嘉兴南湖学院,,"物理,化学",535,58000,,,16,,,0,0
河北,2025,物理类,本科批,885,江汉大学,,"物理,化学",580,42923,,,20,,,0,0
河北,2025,物理类,本科批,889,江南大学,,物理,590,14636,,,26,,,0,0
河北,2025,物理类,本科批,889,江南大学,,"物理,化学",601,7186,,,169,,,0,0
河北,2025,物理类,本科批,89,北京工业大学,,物理,589,12091,,,23,,,0,0
河北,2025,物理类,本科批,89,北京工业大学,,"物理,化学",605,7186,,,46,,,0,0
河北,2025,物理类,本科批,896,江苏大学,,物理,591,33539,,,7,,,0,0
河北,2025,物理类,本科批,896,江苏大学,,"物理,化学",586,15775,,,84,,,0,0
河北,2025,物理类,本科批,897,江苏第二师范学院,,"物理,化学",554,71632,,,4,,,0,0
河北,2025,物理类,本科批,897,江苏第二师范学院,,"物理,地理",548,83898,,,2,,,0,0
河北,2025,物理类,本科批,902,江苏海洋大学,,"物理,化学",529,49142,,,56,,,0,0
河北,2025,物理类,本科批,909,江苏科技大学,,物理,570,45972,,,6,,,0,0
河北,2025,物理类,本科批,909,江苏科技大学,,"物理,化学",546,22009,,,86,,,0,0
河北,2025,物理类,本科批,910,江苏理工学院,,物理,546,63946,,,6,,,0,0
河北,2025,物理类,本科批,910,江苏理工学院,,"物理,化学",533,59117,,,17,,,0,0
河北,2025,物理类,本科批,914,江苏师范大学,,物理,555,35284,,,10,,,0,0
河北,2025,物理类,本科批,914,江苏师范大学,,"物理,化学",570,28597,,,31,,,0,0
河北,2025,物理类,本科批,914,江苏师范大学,,"物理,地理",571,54583,,,3,,,0,0
河北,2025,物理类,本科批,919,江西财经大学,,物理,526,18114,,,45,,,0,0
河北,2025,物理类,本科批,919,江西财经大学,,"物理,化学",527,20698,,,32,,,0,0
河北,2025,物理类,本科批,92,北京航空航天大学,,"物理,化学",669,267,,,135,,,0,0
河北,2025,物理类,本科批,922,江西飞行学院,,物理,515,98476,,,16,,,0,0
河北,2025,物理类,本科批,922,江西飞行学院,,"物理,化学",528,93962,,,40,,,0,0
河北,2025,物理类,本科批,93,北京航空航天大学,,"物理,化学",647,2224,,,21,,,0,0
河北,2025,物理类,本科批,930,江西科技师范大学,,"物理,化学",519,51275,,,44,,,0,0
河北,2025,物理类,本科批,931,江西理工大学,,物理,542,78313,,,11,,,0,0
河北,2025,物理类,本科批,931,江西理工大学,,"物理,化学",534,36180,,,122,,,0,0
河北,2025,物理类,本科批,931,江西理工大学,,"物理,地理",562,65166,,,4,,,0,0
河北,2025,物理类,本科批,932,江西农业大学,,物理,527,56852,,,21,,,0,0
河北,2025,物理类,本科批,932,江西农业大学,,"物理,化学",527,52384,,,61,,,0,0
河北,2025,物理类,本科批,936,江西师范大学,,物理,488,38943,,,54,,,0,0
河北,2025,物理类,本科批,936,江西师范大学,,"物理,化学",555,38007,,,72,,,0,0
河北,2025,物理类,本科批,936,江西师范大学,,"物理,地理",564,47025,,,10,,,0,0
河北,2025,物理类,本科批,939,江西水利电力大学,,物理,525,85258,,,13,,,0,0
河北,2025,物理类,本科批,939,江西水利电力大学,,"物理,化学",506,48060,,,88,,,0,0
河北,2025,物理类,本科批,939,江西水利电力大学,,"物理,生物",523,122069,,,6,,,0,0
河北,2025,物理类,本科批,95,北京化工大学,,"物理,化学",595,8622,,,165,,,0,0
河北,2025,物理类,本科批,953,江西职业技术大学,,物理,503,112447,,,30,,,0,0
河北,2025,物理类,本科批,954,江西中医药大学,,物理,530,19367,,,14,,,0,0
河北,2025,物理类,本科批,954,江西中医药大学,,"物理,化学",543,63946,,,9,,,0,0
河北,2025,物理类,本科批,954,江西中医药大学,,"物理,生物",540,63946,,,7,,,0,0
河北,2025,物理类,本科批,957,金华职业技术大学,,物理,521,79754,,,18,,,0,0
河北,2025,物理类,本科批,958,金陵科技学院,,物理,537,76985,,,3,,,0,0
河北,2025,物理类,本科批,958,金陵科技学院,,"物理,化学",536,41921,,,10,,,0,0
河北,2025,物理类,本科批,960,锦州医科大学,,"物理,化学",527,28597,,,58,,,0,0
河北,2025,物理类,本科批,960,锦州医科大学,,"物理,生物",509,145351,,,4,,,0,0
河北,2025,物理类,本科批,962,晋中学院,,物理,525,117158,,,3,,,0,0
河北,2025,物理类,本科批,962,晋中学院,,"物理,化学",509,98476,,,51,,,0,0
河北,2025,物理类,本科批,963,荆楚理工学院,,物理,516,133592,,,3,,,0,0
河北,2025,物理类,本科批,963,荆楚理工学院,,"物理,化学",509,68977,,,17,,,0,0
河北,2025,物理类,本科批,967,井冈山大学,,物理,513,65166,,,15,,,0,0
河北,2025,物理类,本科批,967,井冈山大学,,"物理,化学",523,56852,,,76,,,0,0
河北,2025,物理类,本科批,968,景德镇陶瓷大学,,物理,537,91027,,,3,,,0,0
河北,2025,物理类,本科批,968,景德镇陶瓷大学,,"物理,化学",535,51275,,,27,,,0,0
河北,2025,物理类,本科批,969,景德镇学院,,物理,514,131912,,,6,,,0,0
河北,2025,物理类,本科批,969,景德镇学院,,"物理,化学",537,93962,,,5,,,0,0
河北,2025,物理类,本科批,97,北京建筑大学,,物理,578,30194,,,4,,,0,0
河北,2025,物理类,本科批,97,北京建筑大学,,"物理,化学",569,13587,,,45,,,0,0
河北,2025,物理类,本科批,970,九江学院,,"物理,化学",514,67726,,,35,,,0,0
河北,2025,物理类,本科批,973,喀什大学,,物理,495,104591,,,83,,,0,0
河北,2025,物理类,本科批,973,喀什大学,,"物理,化学",498,83898,,,123,,,0,0
河北,2025,物理类,本科批,973,喀什大学,,"物理,地理",517,131912,,,2,,,0,0
河北,2025,物理类,本科批,973,喀什大学,,"物理,政治",530,110872,,,2,,,0,0
河北,2025,物理类,本科批,973,喀什大学,,"物理,生物",519,128615,,,6,,,0,0
河北,2025,物理类,本科批,977,凯里学院,,"物理,化学",519,118812,,,11,,,0,0
河北,2025,物理类,本科批,978,康复大学,,"物理,化学",583,24100,,,24,,,0,0
河北,2025,物理类,本科批,98,北京交通大学,,物理,625,11635,,,15,,,0,0
河北,2025,物理类,本科批,98,北京交通大学,,"物理,化学",611,4006,,,150,,,0,0
河北,2025,物理类,本科批,981,空军军医大学,,"物理,化学",613,8236,,,22,,,0,0
河北,2025,物理类,本科批,982,昆明理工大学,,物理,503,54583,,,20,,,0,0
河北,2025,物理类,本科批,982,昆明理工大学,,"物理,化学",554,26287,,,98,,,0,0
河北,2025,物理类,本科批,982,昆明理工大学,,"物理,化学,生物",549,31807,,,12,,,0,0
河北,2025,物理类,本科批,982,昆明理工大学,,"物理,地理",543,59117,,,4,,,0,0
河北,2025,物理类,本科批,983,昆明学院,,物理,511,95459,,,5,,,0,0
河北,2025,物理类,本科批,983,昆明学院,,"物理,化学",510,76985,,,12,,,0,0
河北,2025,物理类,本科批,983,昆明学院,,"物理,化学,生物",535,81112,,,3,,,0,0
河北,2025,物理类,本科批,983,昆明学院,,"物理,政治",511,107712,,,5,,,0,0
河北,2025,物理类,本科批,984,昆明医科大学,,"物理,化学",545,22009,,,26,,,0,0
河北,2025,物理类,本科批,989,兰州财经大学,,物理,519,62725,,,28,,,0,0
河北,2025,物理类,本科批,989,兰州财经大学,,"物理,化学",559,56852,,,16,,,0,0
河北,2025,物理类,本科批,991,兰州城市学院,,"物理,化学",511,107712,,,39,,,0,0
河北,2025,物理类,本科批,991,兰州城市学院,,"物理,地理",506,138592,,,11,,,0,0
河北,2025,物理类,本科批,992,兰州大学,,物理,617,11635,,,15,,,0,0
河北,2025,物理类,本科批,992,兰州大学,,"物理,化学",618,6181,,,148,,,0,0
河北,2025,物理类,本科批,994,兰州工业学院,,"物理,化学",515,93962,,,32,,,0,0
河北,2025,物理类,本科批,995,兰州工业学院,,"物理,化学",348,327623,,,2,,,0,0
河北,2025,物理类,本科批,997,兰州交通大学,,物理,556,48060,,,14,,,0,0
河北,2025,物理类,本科批,997,兰州交通大学,,"物理,化学",556,20698,,,187,,,0,0
河北,2025,物理类,本科批,997,兰州交通大学,,"物理,地理",567,59117,,,3,,,0,0
河北,2025,物理类,本科批,998,兰州交通大学,,"物理,化学",404,287262,,,4,,,0,0
河北,2025,物理类,本科批,999,兰州理工大学,,物理,527,59117,,,12,,,0,0
河北,2025,物理类,本科批,999,兰州理工大学,,"物理,化学",532,34450,,,180,,,0,0
河北,2025,物理类,本科提前批A段,1318,山西农业大学,,"物理,化学,生物",537,99987,,,6,,,0,0
河北,2025,物理类,本科提前批A段,1372,上海海关学院,,物理,637,5573,,,5,,,0,0
河北,2025,物理类,本科提前批A段,1474,四川外国语大学,,物理,545,47025,,,10,,,0,0
河北,2025,物理类,本科提前批A段,1888,中国传媒大学,,物理,579,45972,,,2,,,0,0
河北,2025,物理类,本科提前批A段,1917,中国人民公安大学,,"物理,化学",638,1570,,,41,,,0,0
河北,2025,物理类,本科提前批A段,1917,中国人民公安大学,,"物理,政治",581,3105,,,25,,,0,0
河北,2025,物理类,本科提前批A段,1918,中国人民公安大学,,"物理,化学",626,7522,,,5,,,0,0
河北,2025,物理类,本科提前批A段,1930,中国消防救援学院,,"物理,化学",575,32692,,,5,,,0,0
河北,2025,物理类,本科提前批A段,1931,中国刑事警察学院,,"物理,化学",617,15775,,,1,,,0,0
河北,2025,物理类,本科提前批A段,1932,中国刑事警察学院,,"物理,化学",629,2366,,,32,,,0,0
河北,2025,物理类,本科提前批A段,1932,中国刑事警察学院,,"物理,政治",606,9827,,,6,,,0,0
河北,2025,物理类,本科提前批A段,506,海南热带海洋学院,,"物理,化学",512,140302,,,5,,,0,0
河北,2025,物理类,本科提前批A段,820,华中师范大学,,物理,594,31807,,,2,,,0,0
河北,2025,物理类,本科提前批B段,1015,辽宁大学,,"物理,化学",611,19367,,,2,,,0,0
河北,2025,物理类,本科提前批B段,1018,辽宁工程技术大学,,"物理,化学",562,65166,,,2,,,0,0
河北,2025,物理类,本科提前批B段,1026,辽宁科技大学,,"物理,化学",583,41921,,,1,,,0,0
河北,2025,物理类,本科提前批B段,1037,辽宁石油化工大学,,"物理,化学",583,41921,,,2,,,0,0
河北,2025,物理类,本科提前批B段,107,北京科技大学,,"物理,化学",608,11148,,,14,,,0,0
河北,2025,物理类,本科提前批B段,1094,南京大学,,"物理,化学",659,1816,,,3,,,0,0
河北,2025,物理类,本科提前批B段,1097,南京工业大学,,"物理,化学",590,19367,,,4,,,0,0
河北,2025,物理类,本科提前批B段,1100,南京航空航天大学,,"物理,化学",632,6181,,,13,,,0,0
河北,2025,物理类,本科提前批B段,1106,南京理工大学,,物理,607,20009,,,6,,,0,0
河北,2025,物理类,本科提前批B段,1106,南京理工大学,,"物理,化学",615,15171,,,4,,,0,0
河北,2025,物理类,本科提前批B段,1108,南京林业大学,,"物理,化学",605,23383,,,3,,,0,0
河北,2025,物理类,本科提前批B段,1111,南京农业大学,,物理,599,27821,,,1,,,0,0
河北,2025,物理类,本科提前批B段,1111,南京农业大学,,"物理,化学",587,17521,,,13,,,0,0
河北,2025,物理类,本科提前批B段,1114,南京师范大学,,"物理,化学",594,31807,,,3,,,0,0
河北,2025,物理类,本科提前批B段,1119,南京信息工程大学,,"物理,化学",587,38007,,,3,,,0,0
河北,2025,物理类,本科提前批B段,112,北京理工大学,,"物理,化学",653,1345,,,18,,,0,0
河北,2025,物理类,本科提前批B段,1126,南京邮电大学,,物理,615,16934,,,3,,,0,0
河北,2025,物理类,本科提前批B段,1128,南开大学,,"物理,化学",644,4724,,,5,,,0,0
河北,2025,物理类,本科提前批B段,116,北京林业大学,,"物理,化学",606,18114,,,6,,,0,0
河北,2025,物理类,本科提前批B段,122,北京师范大学,,"物理,化学",647,4006,,,3,,,0,0
河北,2025,物理类,本科提前批B段,1226,清华大学,,"物理,化学",678,121,,,14,,,0,0
河北,2025,物理类,本科提前批B段,123,北京师范大学,,"物理,化学",644,4006,,,3,,,0,0
河北,2025,物理类,本科提前批B段,124,北京师范大学,,物理,626,11148,,,2,,,0,0
河北,2025,物理类,本科提前批B段,124,北京师范大学,,"物理,化学",617,12592,,,6,,,0,0
河北,2025,物理类,本科提前批B段,1251,山东大学,,"物理,化学",639,6181,,,3,,,0,0
河北,2025,物理类,本科提前批B段,1253,山东大学威海分校,,物理,631,9012,,,2,,,0,0
河北,2025,物理类,本科提前批B段,1253,山东大学威海分校,,"物理,化学",626,6181,,,4,,,0,0
河北,2025,物理类,本科提前批B段,127,北京体育大学,,物理,585,25574,,,8,,,0,0
河北,2025,物理类,本科提前批B段,1273,山东理工大学,,"物理,化学",563,27073,,,21,,,0,0
河北,2025,物理类,本科提前批B段,130,北京外国语大学,,物理,618,15171,,,1,,,0,0
河北,2025,物理类,本科提前批B段,134,北京物资学院,,物理,576,45972,,,4,,,0,0
河北,2025,物理类,本科提前批B段,134,北京物资学院,,"物理,化学",578,20698,,,6,,,0,0
河北,2025,物理类,本科提前批B段,1342,陕西师范大学,,物理,627,9012,,,2,,,0,0
河北,2025,物理类,本科提前批B段,1342,陕西师范大学,,"物理,化学",631,6181,,,7,,,0,0
河北,2025,物理类,本科提前批B段,1342,陕西师范大学,,"物理,地理",626,11148,,,1,,,0,0
河北,2025,物理类,本科提前批B段,1342,陕西师范大学,,"物理,生物",628,10271,,,1,,,0,0
河北,2025,物理类,本科提前批B段,1343,陕西师范大学,,"物理,化学",597,9827,,,5,,,0,0
河北,2025,物理类,本科提前批B段,1343,陕西师范大学,,"物理,地理",619,14636,,,1,,,0,0
河北,2025,物理类,本科提前批B段,1343,陕西师范大学,,"物理,生物",605,23383,,,1,,,0,0
河北,2025,物理类,本科提前批B段,1345,陕西师范大学,,"物理,化学",605,18114,,,9,,,0,0
河北,2025,物理类,本科提前批B段,1345,陕西师范大学,,"物理,地理",609,20698,,,1,,,0,0
河北,2025,物理类,本科提前批B段,1359,上海财经大学,,物理,620,14098,,,2,,,0,0
河北,2025,物理类,本科提前批B段,1359,上海财经大学,,"物理,化学",626,11148,,,2,,,0,0
河北,2025,物理类,本科提前批B段,1365,上海电机学院,,"物理,化学",555,74291,,,5,,,0,0
河北,2025,物理类,本科提前批B段,1369,上海对外经贸大学,,物理,593,32692,,,2,,,0,0
河北,2025,物理类,本科提前批B段,1369,上海对外经贸大学,,"物理,化学",601,21354,,,4,,,0,0
河北,2025,物理类,本科提前批B段,1378,上海交通大学,,"物理,化学",668,330,,,12,,,0,0
河北,2025,物理类,本科提前批B段,1380,上海交通大学医学院,,"物理,化学",638,1447,,,11,,,0,0
河北,2025,物理类,本科提前批B段,1386,上海理工大学,,"物理,化学",604,24100,,,5,,,0,0
河北,2025,物理类,本科提前批B段,1396,上海外国语大学,,物理,611,19367,,,2,,,0,0
河北,2025,物理类,本科提前批B段,141,北京印刷学院,,"物理,化学",562,65166,,,5,,,0,0
河北,2025,物理类,本科提前批B段,1419,沈阳工业大学,,"物理,化学",612,18720,,,1,,,0,0
河北,2025,物理类,本科提前批B段,1421,沈阳航空航天大学,,"物理,化学",613,18114,,,1,,,0,0
河北,2025,物理类,本科提前批B段,1424,沈阳建筑大学,,"物理,化学",597,29374,,,1,,,0,0
河北,2025,物理类,本科提前批B段,1426,沈阳理工大学,,"物理,化学",601,26287,,,1,,,0,0
河北,2025,物理类,本科提前批B段,1428,沈阳农业大学,,"物理,化学",540,95459,,,2,,,0,0
河北,2025,物理类,本科提前批B段,143,北京邮电大学,,物理,633,4724,,,6,,,0,0
河北,2025,物理类,本科提前批B段,143,北京邮电大学,,"物理,化学",651,3105,,,2,,,0,0
河北,2025,物理类,本科提前批B段,1432,沈阳药科大学,,"物理,化学",587,28597,,,2,,,0,0
河北,2025,物理类,本科提前批B段,1437,石河子大学,,物理,572,53452,,,3,,,0,0
河北,2025,物理类,本科提前批B段,1437,石河子大学,,"物理,化学",581,43929,,,2,,,0,0
河北,2025,物理类,本科提前批B段,1441,石家庄铁道大学,,"物理,化学",558,29374,,,77,,,0,0
河北,2025,物理类,本科提前批B段,1446,石家庄学院,,物理,582,40924,,,6,,,0,0
河北,2025,物理类,本科提前批B段,145,北京语言大学,,物理,593,27073,,,3,,,0,0
河北,2025,物理类,本科提前批B段,145,北京语言大学,,"物理,化学",584,20009,,,3,,,0,0
河北,2025,物理类,本科提前批B段,1462,四川大学,,物理,613,10703,,,15,,,0,0
河北,2025,物理类,本科提前批B段,148,北京中医药大学,,物理,622,13077,,,1,,,0,0
河北,2025,物理类,本科提前批B段,148,北京中医药大学,,"物理,化学",598,14636,,,2,,,0,0
河北,2025,物理类,本科提前批B段,1486,苏州大学,,物理,601,26287,,,1,,,0,0
河北,2025,物理类,本科提前批B段,1486,苏州大学,,"物理,化学",610,20009,,,3,,,0,0
河北,2025,物理类,本科提前批B段,1499,塔里木大学,,物理,520,127001,,,7,,,0,0
河北,2025,物理类,本科提前批B段,1515,唐山师范学院,,物理,572,14636,,,47,,,0,0
河北,2025,物理类,本科提前批B段,1515,唐山师范学院,,"物理,化学",574,20698,,,82,,,0,0
河北,2025,物理类,本科提前批B段,1528,天津大学,,"物理,化学",642,5268,,,9,,,0,0
河北,2025,物理类,本科提前批B段,1531,天津工业大学,,物理,591,34450,,,4,,,0,0
河北,2025,物理类,本科提前批B段,1531,天津工业大学,,"物理,化学",593,29374,,,6,,,0,0
河北,2025,物理类,本科提前批B段,1540,天津科技大学,,"物理,化学",602,17521,,,3,,,0,0
河北,2025,物理类,本科提前批B段,1559,天津医科大学,,"物理,化学",590,35284,,,2,,,0,0
河北,2025,物理类,本科提前批B段,1559,天津医科大学,,"物理,化学,生物",606,22695,,,1,,,0,0
河北,2025,物理类,本科提前批B段,1566,天津中医药大学,,"物理,化学",568,58000,,,7,,,0,0
河北,2025,物理类,本科提前批B段,1574,同济大学,,"物理,化学",634,4467,,,9,,,0,0
河北,2025,物理类,本科提前批B段,161,沧州师范学院,,物理,574,24833,,,65,,,0,0
河北,2025,物理类,本科提前批B段,1613,武汉大学,,"物理,化学",635,1816,,,14,,,0,0
河北,2025,物理类,本科提前批B段,1624,武汉理工大学,,"物理,化学",598,8236,,,30,,,0,0
河北,2025,物理类,本科提前批B段,1638,西安电子科技大学,,"物理,化学",629,4252,,,23,,,0,0
河北,2025,物理类,本科提前批B段,1647,西安交通大学,,物理,642,5268,,,3,,,0,0
河北,2025,物理类,本科提前批B段,1647,西安交通大学,,"物理,化学",621,1345,,,22,,,0,0
河北,2025,物理类,本科提前批B段,1664,西北工业大学,,"物理,化学",641,3754,,,8,,,0,0
河北,2025,物理类,本科提前批B段,1667,西北农林科技大学,,"物理,化学",602,18720,,,11,,,0,0
河北,2025,物理类,本科提前批B段,1682,西南财经大学,,物理,609,14098,,,3,,,0,0
河北,2025,物理类,本科提前批B段,1682,西南财经大学,,"物理,化学",630,9436,,,1,,,0,0
河北,2025,物理类,本科提前批B段,1684,西南大学,,物理,627,8236,,,2,,,0,0
河北,2025,物理类,本科提前批B段,1684,西南大学,,"物理,化学",629,8622,,,17,,,0,0
河北,2025,物理类,本科提前批B段,1684,西南大学,,"物理,化学,生物",629,9827,,,4,,,0,0
河北,2025,物理类,本科提前批B段,1684,西南大学,,"物理,地理",617,15775,,,3,,,0,0
河北,2025,物理类,本科提前批B段,1685,西南大学,,物理,588,15171,,,5,,,0,0
河北,2025,物理类,本科提前批B段,1685,西南大学,,"物理,化学",586,12091,,,19,,,0,0
河北,2025,物理类,本科提前批B段,1685,西南大学,,"物理,化学,生物",617,15775,,,1,,,0,0
河北,2025,物理类,本科提前批B段,1685,西南大学,,"物理,生物",587,37123,,,4,,,0,0
河北,2025,物理类,本科提前批B段,1687,西南大学,,"物理,化学",620,14098,,,1,,,0,0
河北,2025,物理类,本科提前批B段,1689,西南交通大学,,"物理,化学",579,8622,,,14,,,0,0
河北,2025,物理类,本科提前批B段,1693,西南民族大学,,"物理,化学",554,36180,,,10,,,0,0
河北,2025,物理类,本科提前批B段,1701,厦门大学,,物理,630,9436,,,2,,,0,0
河北,2025,物理类,本科提前批B段,1701,厦门大学,,"物理,化学",632,7879,,,6,,,0,0
河北,2025,物理类,本科提前批B段,174,长安大学,,物理,593,32692,,,1,,,0,0
河北,2025,物理类,本科提前批B段,174,长安大学,,"物理,化学",583,7879,,,24,,,0,0
河北,2025,物理类,本科提前批B段,1782,燕山大学,,"物理,化学",567,21354,,,84,,,0,0
河北,2025,物理类,本科提前批B段,1786,扬州大学,,"物理,化学",575,38943,,,3,,,0,0
河北,2025,物理类,本科提前批B段,1841,浙江财经大学,,物理,572,25574,,,6,,,0,0
河北,2025,物理类,本科提前批B段,1841,浙江财经大学,,"物理,化学",601,26287,,,3,,,0,0
河北,2025,物理类,本科提前批B段,1847,浙江大学,,"物理,化学",654,361,,,11,,,0,0
河北,2025,物理类,本科提前批B段,1849,浙江大学医学院,,"物理,化学",647,1570,,,6,,,0,0
河北,2025,物理类,本科提前批B段,1853,浙江工业大学,,"物理,化学",603,16934,,,5,,,0,0
河北,2025,物理类,本科提前批B段,1890,中国传媒大学,,物理,619,13587,,,4,,,0,0
河北,2025,物理类,本科提前批B段,1890,中国传媒大学,,"物理,化学",621,10703,,,8,,,0,0
河北,2025,物理类,本科提前批B段,1892,中国地质大学(北京),,物理,616,16339,,,1,,,0,0
河北,2025,物理类,本科提前批B段,1892,中国地质大学(北京),,"物理,化学",621,9012,,,3,,,0,0
河北,2025,物理类,本科提前批B段,1894,中国地质大学(武汉),,"物理,化学",598,11635,,,33,,,0,0
河北,2025,物理类,本科提前批B段,1896,中国海洋大学,,"物理,化学",613,6838,,,10,,,0,0
河北,2025,物理类,本科提前批B段,1898,中国科学技术大学,,"物理,化学",667,622,,,5,,,0,0
河北,2025,物理类,本科提前批B段,1903,中国矿业大学(北京),,"物理,化学",606,9827,,,5,,,0,0
河北,2025,物理类,本科提前批B段,1904,中国矿业大学(徐州),,物理,596,29374,,,7,,,0,0
河北,2025,物理类,本科提前批B段,1904,中国矿业大学(徐州),,"物理,化学",581,17521,,,17,,,0,0
河北,2025,物理类,本科提前批B段,1906,中国劳动关系学院,,物理,533,55712,,,6,,,0,0
河北,2025,物理类,本科提前批B段,1906,中国劳动关系学院,,"物理,化学",528,53452,,,9,,,0,0
河北,2025,物理类,本科提前批B段,1908,中国民航大学,,"物理,化学",596,27073,,,29,,,0,0
河北,2025,物理类,本科提前批B段,1911,中国民用航空飞行学院,,"物理,化学",579,45972,,,1,,,0,0
河北,2025,物理类,本科提前批B段,1913,中国农业大学,,物理,632,8622,,,1,,,0,0
河北,2025,物理类,本科提前批B段,1913,中国农业大学,,"物理,化学",623,7879,,,7,,,0,0
河北,2025,物理类,本科提前批B段,1913,中国农业大学,,"物理,生物",621,13587,,,1,,,0,0
河北,2025,物理类,本科提前批B段,1915,中国人民大学,,物理,664,1236,,,1,,,0,0
河北,2025,物理类,本科提前批B段,1915,中国人民大学,,"物理,化学",651,868,,,8,,,0,0
河北,2025,物理类,本科提前批B段,1919,中国人民警察大学,,"物理,化学",576,41921,,,4,,,0,0
河北,2025,物理类,本科提前批B段,1924,中国石油大学(北京),,物理,617,14098,,,2,,,0,0
河北,2025,物理类,本科提前批B段,1924,中国石油大学(北京),,"物理,化学",605,15775,,,3,,,0,0
河北,2025,物理类,本科提前批B段,1926,中国石油大学(北京)克拉玛依校区,,"物理,化学",573,36180,,,8,,,0,0
河北,2025,物理类,本科提前批B段,1927,中国石油大学(华东),,物理,601,26287,,,2,,,0,0
河北,2025,物理类,本科提前批B段,1927,中国石油大学(华东),,"物理,化学",596,19367,,,12,,,0,0
河北,2025,物理类,本科提前批B段,1933,中国药科大学,,"物理,化学",606,11635,,,6,,,0,0
河北,2025,物理类,本科提前批B段,1935,中国医科大学,,"物理,化学",605,23383,,,1,,,0,0
河北,2025,物理类,本科提前批B段,1939,中国政法大学,,物理,639,6181,,,2,,,0,0
河北,2025,物理类,本科提前批B段,1941,中南财经政法大学,,物理,582,26287,,,5,,,0,0
河北,2025,物理类,本科提前批B段,1944,中南大学,,物理,630,9436,,,2,,,0,0
河北,2025,物理类,本科提前批B段,1944,中南大学,,"物理,化学,生物",626,11148,,,1,,,0,0
河北,2025,物理类,本科提前批B段,1948,中山大学,,物理,625,11635,,,3,,,0,0
河北,2025,物理类,本科提前批B段,1948,中山大学,,"物理,化学",627,4006,,,14,,,0,0
河北,2025,物理类,本科提前批B段,1950,中央财经大学,,物理,631,9012,,,2,,,0,0
河北,2025,物理类,本科提前批B段,1950,中央财经大学,,"物理,化学",636,7186,,,2,,,0,0
河北,2025,物理类,本科提前批B段,1953,中央民族大学,,"物理,化学",628,9827,,,6,,,0,0
河北,2025,物理类,本科提前批B段,227,承德医学院,,"物理,化学",540,66470,,,52,,,0,0
河北,2025,物理类,本科提前批B段,240,重庆大学,,"物理,化学",602,5268,,,13,,,0,0
河北,2025,物理类,本科提前批B段,277,大连大学,,"物理,化学",603,24833,,,1,,,0,0
河北,2025,物理类,本科提前批B段,280,大连海事大学,,物理,570,36180,,,4,,,0,0
河北,2025,物理类,本科提前批B段,280,大连海事大学,,"物理,化学",620,14098,,,1,,,0,0
河北,2025,物理类,本科提前批B段,284,大连交通大学,,"物理,化学",601,24100,,,2,,,0,0
河北,2025,物理类,本科提前批B段,286,大连理工大学,,物理,615,7186,,,6,,,0,0
河北,2025,物理类,本科提前批B段,286,大连理工大学,,"物理,化学",633,6838,,,6,,,0,0
河北,2025,物理类,本科提前批B段,289,大连民族大学,,"物理,化学",575,38943,,,20,,,0,0
河北,2025,物理类,本科提前批B段,292,大连医科大学,,"物理,化学",564,62725,,,2,,,0,0
河北,2025,物理类,本科提前批B段,305,电子科技大学,,"物理,化学",649,2081,,,22,,,0,0
河北,2025,物理类,本科提前批B段,312,东北大学,,"物理,化学",615,6503,,,15,,,0,0
河北,2025,物理类,本科提前批B段,315,东北林业大学,,物理,574,30996,,,7,,,0,0
河北,2025,物理类,本科提前批B段,315,东北林业大学,,"物理,化学",581,43929,,,3,,,0,0
河北,2025,物理类,本科提前批B段,319,东北师范大学,,物理,621,8622,,,8,,,0,0
河北,2025,物理类,本科提前批B段,319,东北师范大学,,"物理,化学",626,5846,,,21,,,0,0
河北,2025,物理类,本科提前批B段,320,东北师范大学,,"物理,化学",616,16339,,,4,,,0,0
河北,2025,物理类,本科提前批B段,321,东北师范大学,,"物理,化学",606,22695,,,2,,,0,0
河北,2025,物理类,本科提前批B段,323,东华大学,,"物理,化学",603,17521,,,12,,,0,0
河北,2025,物理类,本科提前批B段,327,东南大学,,"物理,化学",641,4006,,,8,,,0,0
河北,2025,物理类,本科提前批B段,334,对外经济贸易大学,,物理,632,8622,,,1,,,0,0
河北,2025,物理类,本科提前批B段,334,对外经济贸易大学,,"物理,化学",631,9012,,,2,,,0,0
河北,2025,物理类,本科提前批B段,340,防灾科技学院,,物理,550,81112,,,4,,,0,0
河北,2025,物理类,本科提前批B段,353,福州大学,,物理,588,18114,,,4,,,0,0
河北,2025,物理类,本科提前批B段,353,福州大学,,"物理,化学",603,18114,,,6,,,0,0
河北,2025,物理类,本科提前批B段,363,复旦大学,,"物理,化学",666,443,,,2,,,0,0
河北,2025,物理类,本科提前批B段,366,复旦大学医学院,,"物理,化学",647,4006,,,5,,,0,0
河北,2025,物理类,本科提前批B段,481,哈尔滨工程大学,,"物理,化学",623,7522,,,8,,,0,0
河北,2025,物理类,本科提前批B段,483,哈尔滨工业大学,,"物理,化学",652,2914,,,8,,,0,0
河北,2025,物理类,本科提前批B段,486,哈尔滨工业大学(威海),,"物理,化学",639,6181,,,11,,,0,0
河北,2025,物理类,本科提前批B段,490,哈尔滨理工大学,,"物理,化学",588,23383,,,7,,,0,0
河北,2025,物理类,本科提前批B段,516,邯郸学院,,物理,576,42923,,,27,,,0,0
河北,2025,物理类,本科提前批B段,516,邯郸学院,,"物理,化学",578,19367,,,66,,,0,0
河北,2025,物理类,本科提前批B段,524,杭州师范大学,,物理,574,43929,,,12,,,0,0
河北,2025,物理类,本科提前批B段,529,合肥工业大学,,物理,581,43929,,,3,,,0,0
河北,2025,物理类,本科提前批B段,529,合肥工业大学,,"物理,化学",609,11635,,,8,,,0,0
河北,2025,物理类,本科提前批B段,531,合肥工业大学,,"物理,化学",580,14098,,,4,,,0,0
河北,2025,物理类,本科提前批B段,538,河北北方学院,,"物理,化学",533,48060,,,50,,,0,0
河北,2025,物理类,本科提前批B段,543,河北大学,,物理,554,71632,,,13,,,0,0
河北,2025,物理类,本科提前批B段,543,河北大学,,"物理,化学",551,45972,,,59,,,0,0
河北,2025,物理类,本科提前批B段,544,河北大学,,"物理,化学",546,42923,,,47,,,0,0
河北,2025,物理类,本科提前批B段,548,河北地质大学,,物理,541,65166,,,41,,,0,0
河北,2025,物理类,本科提前批B段,548,河北地质大学,,"物理,化学",534,58000,,,38,,,0,0
河北,2025,物理类,本科提前批B段,551,河北工程大学,,物理,545,88117,,,7,,,0,0
河北,2025,物理类,本科提前批B段,551,河北工程大学,,"物理,化学",544,56852,,,69,,,0,0
河北,2025,物理类,本科提前批B段,553,河北工程大学,,"物理,化学",546,34450,,,50,,,0,0
河北,2025,物理类,本科提前批B段,556,河北工业大学,,物理,595,19367,,,5,,,0,0
河北,2025,物理类,本科提前批B段,556,河北工业大学,,"物理,化学",592,12592,,,81,,,0,0
河北,2025,物理类,本科提前批B段,577,河北经贸大学,,物理,538,49142,,,47,,,0,0
河北,2025,物理类,本科提前批B段,577,河北经贸大学,,"物理,化学",566,51275,,,11,,,0,0
河北,2025,物理类,本科提前批B段,581,河北科技大学,,"物理,化学",537,45972,,,79,,,0,0
河北,2025,物理类,本科提前批B段,589,河北民族师范学院,,物理,559,38007,,,34,,,0,0
河北,2025,物理类,本科提前批B段,589,河北民族师范学院,,"物理,化学",559,21354,,,140,,,0,0
河北,2025,物理类,本科提前批B段,593,河北农业大学,,"物理,化学",530,50224,,,77,,,0,0
河北,2025,物理类,本科提前批B段,602,河北师范大学,,物理,582,10703,,,105,,,0,0
河北,2025,物理类,本科提前批B段,602,河北师范大学,,"物理,化学",593,9012,,,245,,,0,0
河北,2025,物理类,本科提前批B段,602,河北师范大学,,"物理,化学,生物",584,14098,,,54,,,0,0
河北,2025,物理类,本科提前批B段,602,河北师范大学,,"物理,地理",583,15171,,,27,,,0,0
河北,2025,物理类,本科提前批B段,602,河北师范大学,,"物理,政治",588,17521,,,26,,,0,0
河北,2025,物理类,本科提前批B段,603,河北师范大学,,物理,557,42923,,,16,,,0,0
河北,2025,物理类,本科提前批B段,603,河北师范大学,,"物理,化学",572,34450,,,47,,,0,0
河北,2025,物理类,本科提前批B段,603,河北师范大学,,"物理,化学,生物",575,50224,,,3,,,0,0
河北,2025,物理类,本科提前批B段,603,河北师范大学,,"物理,地理",567,59117,,,3,,,0,0
河北,2025,物理类,本科提前批B段,605,河北师范大学,,物理,564,21354,,,45,,,0,0
河北,2025,物理类,本科提前批B段,605,河北师范大学,,"物理,化学,生物",575,25574,,,21,,,0,0
河北,2025,物理类,本科提前批B段,605,河北师范大学,,"物理,地理",581,30194,,,9,,,0,0
河北,2025,物理类,本科提前批B段,605,河北师范大学,,"物理,政治",581,29374,,,5,,,0,0
河北,2025,物理类,本科提前批B段,612,河北医科大学,,"物理,化学",559,37123,,,25,,,0,0
河北,2025,物理类,本科提前批B段,612,河北医科大学,,"物理,化学,生物",572,19367,,,73,,,0,0
河北,2025,物理类,本科提前批B段,613,河北医科大学,,"物理,化学,生物",551,15171,,,116,,,0,0
河北,2025,物理类,本科提前批B段,619,河北中医药大学,,物理,566,60306,,,9,,,0,0
河北,2025,物理类,本科提前批B段,619,河北中医药大学,,"物理,化学",546,82490,,,23,,,0,0
河北,2025,物理类,本科提前批B段,620,河北中医药大学,,物理,540,34450,,,60,,,0,0
河北,2025,物理类,本科提前批B段,624,河海大学,,"物理,化学",583,15171,,,10,,,0,0
河北,2025,物理类,本科提前批B段,696,衡水学院,,物理,582,24100,,,15,,,0,0
河北,2025,物理类,本科提前批B段,73,北方民族大学,,"物理,化学",566,30194,,,8,,,0,0
河北,2025,物理类,本科提前批B段,749,湖南大学,,物理,610,8236,,,16,,,0,0
河北,2025,物理类,本科提前批B段,788,华北电力大学(保定),,物理,617,14098,,,3,,,0,0
河北,2025,物理类,本科提前批B段,788,华北电力大学(保定),,"物理,化学",632,5573,,,6,,,0,0
河北,2025,物理类,本科提前批B段,790,华北电力大学(北京),,"物理,化学",639,3294,,,3,,,0,0
河北,2025,物理类,本科提前批B段,791,华北科技学院,,"物理,化学",569,56852,,,5,,,0,0
河北,2025,物理类,本科提前批B段,794,华北理工大学,,物理,569,55712,,,6,,,0,0
河北,2025,物理类,本科提前批B段,794,华北理工大学,,"物理,化学",534,30194,,,66,,,0,0
河北,2025,物理类,本科提前批B段,794,华北理工大学,,"物理,化学,生物",592,33539,,,3,,,0,0
河北,2025,物理类,本科提前批B段,795,华北理工大学,,"物理,化学,生物",545,36180,,,58,,,0,0
河北,2025,物理类,本科提前批B段,80,北京大学,,物理,677,330,,,2,,,0,0
河北,2025,物理类,本科提前批B段,80,北京大学,,"物理,化学",679,267,,,2,,,0,0
河北,2025,物理类,本科提前批B段,801,华东理工大学,,"物理,化学",612,7879,,,9,,,0,0
河北,2025,物理类,本科提前批B段,803,华东师范大学,,"物理,化学",646,3754,,,5,,,0,0
河北,2025,物理类,本科提前批B段,804,华东师范大学,,"物理,化学",622,9436,,,6,,,0,0
河北,2025,物理类,本科提前批B段,805,华东师范大学,,"物理,化学",611,13587,,,3,,,0,0
河北,2025,物理类,本科提前批B段,806,华东政法大学,,物理,597,29374,,,4,,,0,0
河北,2025,物理类,本科提前批B段,809,华南理工大学,,"物理,化学",623,6181,,,13,,,0,0
河北,2025,物理类,本科提前批B段,811,华南农业大学,,"物理,化学",555,54583,,,23,,,0,0
河北,2025,物理类,本科提前批B段,815,华中科技大学,,"物理,化学",635,4467,,,15,,,0,0
河北,2025,物理类,本科提前批B段,816,华中农业大学,,"物理,化学",583,14636,,,11,,,0,0
河北,2025,物理类,本科提前批B段,818,华中师范大学,,物理,629,4006,,,3,,,0,0
河北,2025,物理类,本科提前批B段,818,华中师范大学,,"物理,化学",636,5268,,,6,,,0,0
河北,2025,物理类,本科提前批B段,818,华中师范大学,,"物理,地理",626,11148,,,2,,,0,0
河北,2025,物理类,本科提前批B段,819,华中师范大学,,"物理,化学",609,10271,,,5,,,0,0
河北,2025,物理类,本科提前批B段,82,北京大学医学部,,"物理,化学",675,443,,,4,,,0,0
河北,2025,物理类,本科提前批B段,821,华中师范大学,,物理,616,16339,,,1,,,0,0
河北,2025,物理类,本科提前批B段,821,华中师范大学,,"物理,化学",609,15775,,,5,,,0,0
河北,2025,物理类,本科提前批B段,844,吉林大学,,物理,623,12592,,,4,,,0,0
河北,2025,物理类,本科提前批B段,844,吉林大学,,"物理,化学",609,5846,,,10,,,0,0
河北,2025,物理类,本科提前批B段,844,吉林大学,,"物理,化学,生物",609,20698,,,4,,,0,0
河北,2025,物理类,本科提前批B段,866,集美大学,,"物理,化学",594,31807,,,3,,,0,0
河北,2025,物理类,本科提前批B段,878,暨南大学,,物理,605,23383,,,3,,,0,0
河北,2025,物理类,本科提前批B段,878,暨南大学,,"物理,化学",620,14098,,,3,,,0,0
河北,2025,物理类,本科提前批B段,888,江南大学,,物理,583,41921,,,3,,,0,0
河北,2025,物理类,本科提前批B段,888,江南大学,,"物理,化学",598,13587,,,5,,,0,0
河北,2025,物理类,本科提前批B段,888,江南大学,,"物理,生物",583,41921,,,2,,,0,0
河北,2025,物理类,本科提前批B段,895,江苏大学,,"物理,化学",586,38943,,,3,,,0,0
河北,2025,物理类,本科提前批B段,908,江苏科技大学,,"物理,化学",577,42923,,,4,,,0,0
河北,2025,物理类,本科提前批B段,94,北京航空航天大学,,"物理,化学",665,1013,,,8,,,0,0
河北,2025,物理类,本科提前批B段,96,北京化工大学,,"物理,化学",617,14098,,,11,,,0,0
河北,2025,物理类,本科提前批B段,99,北京交通大学,,物理,615,16934,,,3,,,0,0
河北,2025,物理类,本科提前批B段,99,北京交通大学,,"物理,化学",609,20698,,,6,,,0,0
河北,2025,物理类,本科提前批B段,993,兰州大学,,物理,604,13587,,,4,,,0,0
河北,2025,物理类,本科提前批B段,993,兰州大学,,"物理,化学",618,13587,,,4,,,0,0
河北,2025,物理类,本科提前批C段,115,北京林业大学,,物理,592,33539,,,1,,,0,0
河北,2025,物理类,本科提前批C段,115,北京林业大学,,"物理,化学",579,20698,,,5,,,0,0
河北,2025,物理类,本科提前批C段,115,北京林业大学,,"物理,生物",597,29374,,,1,,,0,0
河北,2025,物理类,本科提前批C段,1358,上海财经大学,,"物理,化学",598,28597,,,2,,,0,0
河北,2025,物理类,本科提前批C段,147,北京中医药大学,,"物理,化学",608,13077,,,2,,,0,0
河北,2025,物理类,本科提前批C段,1891,中国地质大学(北京),,"物理,化学",585,18720,,,5,,,0,0
河北,2025,物理类,本科提前批C段,1895,中国海洋大学,,"物理,化学",606,12592,,,3,,,0,0
河北,2025,物理类,本科提前批C段,1928,中国石油大学(华东),,"物理,化学",595,16934,,,8,,,0,0
河北,2025,物理类,本科提前批C段,316,东北林业大学,,"物理,化学",586,22009,,,15,,,0,0
河北,2025,物理类,本科提前批C段,450,贵州大学,,"物理,化学",580,20698,,,14,,,0,0
河北,2025,物理类,本科提前批C段,485,哈尔滨工业大学(威海),,"物理,化学",639,6181,,,3,,,0,0
河北,2025,物理类,本科提前批C段,802,华东师范大学,,"物理,化学",576,16934,,,2,,,0,0
河北,2025,物理类,本科提前批C段,820,华中师范大学,,物理,565,45972,,,2,,,0,0
河北,2025,物理类,本科提前批C段,843,吉林大学,,"物理,化学",555,27073,,,16,,,0,0
河北,2025,物理类,本科提前批C段,843,吉林大学,,"物理,化学,生物",597,29374,,,2,,,0,0
河北,2025,物理类,本科提前批C段,889,江南大学,,"物理,化学",602,21354,,,5,,,0,0
河北,2025,物理类,高职专科,1,阿克苏工业职业技术学院,,物理,336,308740,,,61,,,0,0
河北,2025,物理类,高职专科,10,安徽电子信息职业技术学院,,物理,404,263340,,,21,,,0,0
河北,2025,物理类,高职专科,1000,兰州石化职业技术大学,,物理,417,206836,,,41,,,0,0
河北,2025,物理类,高职专科,1002,兰州职业技术学院,,物理,380,245391,,,15,,,0,0
河北,2025,物理类,高职专科,1003,兰州资源环境职业技术大学,,物理,443,212828,,,6,,,0,0
河北,2025,物理类,高职专科,1007,廊坊卫生职业学院,,物理,409,205382,,,395,,,0,0
河北,2025,物理类,高职专科,1008,廊坊燕京职业技术学院,,物理,359,209841,,,107,,,0,0
河北,2025,物理类,高职专科,1009,廊坊职业技术学院,,物理,353,211317,,,228,,,0,0
河北,2025,物理类,高职专科,101,北京交通运输职业学院,,物理,448,188387,,,47,,,0,0
河北,2025,物理类,高职专科,1012,连云港职业技术学院,,物理,454,229804,,,10,,,0,0
河北,2025,物理类,高职专科,1016,辽宁地质工程职业学院,,物理,391,253975,,,13,,,0,0
河北,2025,物理类,高职专科,102,北京交通职业技术学院,,物理,443,194622,,,71,,,0,0
河北,2025,物理类,高职专科,1020,辽宁轨道交通职业学院,,物理,452,193088,,,62,,,0,0
河北,2025,物理类,高职专科,1021,辽宁机电职业技术学院,,物理,405,224230,,,75,,,0,0
河北,2025,物理类,高职专科,1022,辽宁建筑职业学院,,物理,377,242920,,,88,,,0,0
河北,2025,物理类,高职专科,1023,辽宁金融职业学院,,物理,407,214306,,,25,,,0,0
河北,2025,物理类,高职专科,1024,辽宁经济职业技术学院,,物理,420,199215,,,36,,,0,0
河北,2025,物理类,高职专科,1028,辽宁民族师范高等专科学校,,物理,380,268973,,,36,,,0,0
河北,2025,物理类,高职专科,1029,辽宁轻工职业学院,,物理,382,211317,,,56,,,0,0
河北,2025,物理类,高职专科,103,北京京北职业技术学院,,物理,425,211317,,,65,,,0,0
河北,2025,物理类,高职专科,1030,辽宁生态工程职业学院,,物理,387,239067,,,59,,,0,0
河北,2025,物理类,高职专科,1031,辽宁省交通高等专科学校,,物理,408,196199,,,45,,,0,0
河北,2025,物理类,高职专科,1034,辽宁师范高等专科学校,,物理,393,297943,,,7,,,0,0
河北,2025,物理类,高职专科,1035,辽宁石化职业技术学院,,物理,424,239067,,,35,,,0,0
河北,2025,物理类,高职专科,1038,辽宁铁道职业技术学院,,物理,454,175569,,,52,,,0,0
河北,2025,物理类,高职专科,1039,辽宁现代服务职业技术学院,,物理,376,258796,,,30,,,0,0
河北,2025,物理类,高职专科,104,北京经济管理职业学院,,物理,425,191536,,,151,,,0,0
河北,2025,物理类,高职专科,1040,辽宁冶金职业技术学院,,物理,415,257615,,,16,,,0,0
河北,2025,物理类,高职专科,1041,辽宁医药职业学院,,物理,443,203868,,,15,,,0,0
河北,2025,物理类,高职专科,1043,辽宁装备制造职业技术学院,,物理,411,228462,,,30,,,0,0
河北,2025,物理类,高职专科,1044,辽源职业技术学院,,物理,244,304225,,,46,,,0,0
河北,2025,物理类,高职专科,1046,临汾职业技术学院,,物理,437,252764,,,3,,,0,0
河北,2025,物理类,高职专科,1048,临沂科技职业学院,,物理,409,247903,,,30,,,0,0
河北,2025,物理类,高职专科,1050,柳州铁道职业技术学院,,物理,451,217182,,,21,,,0,0
河北,2025,物理类,高职专科,1051,六安职业技术学院,,物理,386,233839,,,22,,,0,0
河北,2025,物理类,高职专科,1053,六盘水幼儿师范高等专科学校,,物理,353,325037,,,5,,,0,0
河北,2025,物理类,高职专科,1054,六盘水职业技术学院,,物理,368,278461,,,18,,,0,0
河北,2025,物理类,高职专科,1057,泸州职业技术学院,,"物理,生物",397,294532,,,5,,,0,0
河北,2025,物理类,高职专科,1060,潞安职业技术学院,,物理,375,283376,,,72,,,0,0
河北,2025,物理类,高职专科,1061,罗定职业技术学院,,物理,414,278461,,,3,,,0,0
河北,2025,物理类,高职专科,1064,洛阳职业技术学院,,物理,447,215723,,,49,,,0,0
河北,2025,物理类,高职专科,1065,漯河医学高等专科学校,,物理,427,178836,,,55,,,0,0
河北,2025,物理类,高职专科,1067,吕梁职业技术学院,,物理,369,262216,,,162,,,0,0
河北,2025,物理类,高职专科,1068,马鞍山职业技术学院,,物理,411,258796,,,10,,,0,0
河北,2025,物理类,高职专科,1069,满洲里俄语职业学院,,物理,307,298777,,,72,,,0,0
河北,2025,物理类,高职专科,1070,茂名职业技术学院,,物理,394,267857,,,13,,,0,0
河北,2025,物理类,高职专科,1071,湄洲湾职业技术学院,,物理,412,264546,,,40,,,0,0
河北,2025,物理类,高职专科,1073,绵阳职业技术学院,,物理,455,229804,,,5,,,0,0
河北,2025,物理类,高职专科,1074,民政职业大学,,物理,423,178836,,,68,,,0,0
河北,2025,物理类,高职专科,1074,民政职业大学,,"物理,化学",471,206836,,,3,,,0,0
河北,2025,物理类,高职专科,1075,闽江师范高等专科学校,,物理,396,246657,,,11,,,0,0
河北,2025,物理类,高职专科,1079,牡丹江大学,,物理,382,246657,,,35,,,0,0
河北,2025,物理类,高职专科,108,北京科技职业大学,,物理,484,150409,,,76,,,0,0
河北,2025,物理类,高职专科,1084,南昌健康职业技术学院,,物理,431,258796,,,5,,,0,0
河北,2025,物理类,高职专科,1087,南充文化旅游职业学院,,物理,386,291853,,,13,,,0,0
河北,2025,物理类,高职专科,1092,南京城市职业学院,,物理,465,191536,,,18,,,0,0
河北,2025,物理类,高职专科,110,北京劳动保障职业学院,,物理,436,224230,,,58,,,0,0
河北,2025,物理类,高职专科,110,北京劳动保障职业学院,,"物理,化学,生物",416,276393,,,31,,,0,0
河北,2025,物理类,高职专科,1101,南京机电职业技术学院,,物理,465,158849,,,9,,,0,0
河北,2025,物理类,高职专科,1104,南京科技职业学院,,物理,414,209841,,,27,,,0,0
河北,2025,物理类,高职专科,1109,南京旅游职业学院,,物理,430,212828,,,15,,,0,0
河北,2025,物理类,高职专科,1120,南京信息职业技术学院,,物理,485,165687,,,8,,,0,0
河北,2025,物理类,高职专科,1132,南通科技职业学院,,物理,432,225599,,,21,,,0,0
河北,2025,物理类,高职专科,1133,南通师范高等专科学校,,物理,445,229804,,,7,,,0,0
河北,2025,物理类,高职专科,1134,南通职业大学,,物理,456,200789,,,25,,,0,0
河北,2025,物理类,高职专科,1135,南阳科技职业学院,,物理,392,252764,,,25,,,0,0
河北,2025,物理类,高职专科,1137,南阳农业职业学院,,物理,405,227077,,,45,,,0,0
河北,2025,物理类,高职专科,1139,南阳医学高等专科学校,,物理,444,167370,,,39,,,0,0
河北,2025,物理类,高职专科,1145,内蒙古电子信息职业技术学院,,物理,413,227077,,,17,,,0,0
河北,2025,物理类,高职专科,1147,内蒙古化工职业学院,,物理,391,256401,,,208,,,0,0
河北,2025,物理类,高职专科,1148,内蒙古交通职业技术学院,,物理,351,263340,,,315,,,0,0
河北,2025,物理类,高职专科,1155,内蒙古农业大学,,物理,483,188387,,,3,,,0,0
河北,2025,物理类,高职专科,1157,内蒙古商贸职业学院,,物理,331,264546,,,60,,,0,0
河北,2025,物理类,高职专科,1167,宁夏工商职业技术学院,,物理,388,261102,,,18,,,0,0
河北,2025,物理类,高职专科,1167,宁夏工商职业技术学院,,"物理,化学",407,285293,,,3,,,0,0
河北,2025,物理类,高职专科,1172,宁夏卫生健康职业技术学院,,物理,379,291853,,,70,,,0,0
河北,2025,物理类,高职专科,1178,盘锦职业技术学院,,物理,390,241650,,,15,,,0,0
河北,2025,物理类,高职专科,1179,培黎职业学院,,物理,313,290945,,,108,,,0,0
河北,2025,物理类,高职专科,118,北京农业职业学院,,物理,442,158849,,,67,,,0,0
河北,2025,物理类,高职专科,1180,平顶山工业职业技术学院,,物理,419,265644,,,12,,,0,0
河北,2025,物理类,高职专科,1182,平凉职业技术学院,,物理,358,277415,,,10,,,0,0
河北,2025,物理类,高职专科,1183,萍乡卫生职业学院,,物理,414,252764,,,9,,,0,0
河北,2025,物理类,高职专科,1186,濮阳科技职业学院,,物理,401,258796,,,5,,,0,0
河北,2025,物理类,高职专科,1187,濮阳石油化工职业技术学院,,物理,391,275349,,,80,,,0,0
河北,2025,物理类,高职专科,1188,濮阳医学高等专科学校,,物理,420,225599,,,8,,,0,0
河北,2025,物理类,高职专科,1189,濮阳职业技术学院,,物理,383,253975,,,60,,,0,0
河北,2025,物理类,高职专科,119,北京青年政治学院,,物理,456,157169,,,19,,,0,0
河北,2025,物理类,高职专科,1191,七台河职业学院,,物理,353,255217,,,90,,,0,0
河北,2025,物理类,高职专科,1195,齐齐哈尔高等师范专科学校,,物理,370,275349,,,50,,,0,0
河北,2025,物理类,高职专科,1198,黔东南理工职业学院,,物理,333,312305,,,15,,,0,0
河北,2025,物理类,高职专科,1199,黔东南民族职业技术学院,,物理,416,218647,,,9,,,0,0
河北,2025,物理类,高职专科,12,安徽工贸职业技术学院,,物理,375,246657,,,35,,,0,0
河北,2025,物理类,高职专科,1201,黔南民族医学高等专科学校,,物理,404,206836,,,23,,,0,0
河北,2025,物理类,高职专科,1201,黔南民族医学高等专科学校,,"物理,化学,生物",428,263340,,,2,,,0,0
河北,2025,物理类,高职专科,1202,黔南民族幼儿师范高等专科学校,,物理,326,290057,,,13,,,0,0
河北,2025,物理类,高职专科,1203,黔南民族职业技术学院,,物理,358,282414,,,28,,,0,0
河北,2025,物理类,高职专科,1204,黔西南民族职业技术学院,,物理,358,297095,,,7,,,0,0
河北,2025,物理类,高职专科,1205,钦州幼儿师范高等专科学校,,物理,232,352332,,,60,,,0,0
河北,2025,物理类,高职专科,1206,秦皇岛工业职业技术学院,,物理,392,277415,,,2807,,,0,0
河北,2025,物理类,高职专科,1207,秦皇岛职业技术学院,,物理,348,217182,,,1005,,,0,0
河北,2025,物理类,高职专科,1209,青岛港湾职业技术学院,,物理,439,212828,,,28,,,0,0
河北,2025,物理类,高职专科,1210,青岛工程职业学院,,物理,444,199215,,,49,,,0,0
河北,2025,物理类,高职专科,1211,青岛酒店管理职业技术学院,,物理,403,232534,,,22,,,0,0
河北,2025,物理类,高职专科,1216,青岛职业技术学院,,物理,451,194622,,,21,,,0,0
河北,2025,物理类,高职专科,1218,青海建筑职业技术学院,,物理,381,298777,,,4,,,0,0
河北,2025,物理类,高职专科,1223,青海卫生职业技术学院,,"物理,化学,生物",402,231162,,,10,,,0,0
河北,2025,物理类,高职专科,1227,庆阳职业技术学院,,物理,348,279445,,,55,,,0,0
河北,2025,物理类,高职专科,1230,曲靖健康医学院,,物理,371,272245,,,30,,,0,0
河北,2025,物理类,高职专科,1234,泉州经贸职业技术学院,,物理,405,276393,,,15,,,0,0
河北,2025,物理类,高职专科,1236,日喀则职业技术学院,,物理,337,321080,,,6,,,0,0
河北,2025,物理类,高职专科,1237,日照职业技术学院,,物理,433,189932,,,30,,,0,0
河北,2025,物理类,高职专科,1238,汝州职业技术学院,,物理,406,284335,,,21,,,0,0
河北,2025,物理类,高职专科,1239,三门峡社会管理职业学院,,物理,373,214306,,,62,,,0,0
河北,2025,物理类,高职专科,1240,三门峡职业技术学院,,物理,420,244173,,,19,,,0,0
河北,2025,物理类,高职专科,1242,三明医学科技职业学院,,物理,351,217182,,,44,,,0,0
河北,2025,物理类,高职专科,1244,三峡电力职业学院,,物理,425,222850,,,42,,,0,0
河北,2025,物理类,高职专科,1245,三峡旅游职业技术学院,,物理,375,249128,,,29,,,0,0
河北,2025,物理类,高职专科,1247,山东城市服务职业学院,,物理,399,270096,,,80,,,0,0
河北,2025,物理类,高职专科,1248,山东城市建设职业学院,,物理,407,253975,,,15,,,0,0
河北,2025,物理类,高职专科,1256,山东电子职业技术学院,,物理,392,200789,,,35,,,0,0
河北,2025,物理类,高职专科,1258,山东工业职业学院,,物理,388,240357,,,135,,,0,0
河北,2025,物理类,高职专科,1263,山东化工职业学院,,物理,385,253975,,,180,,,0,0
河北,2025,物理类,高职专科,1267,山东交通职业学院,,物理,426,222850,,,10,,,0,0
河北,2025,物理类,高职专科,1269,山东经贸职业学院,,物理,423,225599,,,15,,,0,0
河北,2025,物理类,高职专科,1271,山东科技职业学院,,物理,452,202340,,,14,,,0,0
河北,2025,物理类,高职专科,1272,山东劳动职业技术学院,,物理,398,241650,,,30,,,0,0
河北,2025,物理类,高职专科,1275,山东理工职业学院,,物理,471,200789,,,4,,,0,0
河北,2025,物理类,高职专科,1276,山东旅游职业学院,,物理,403,289151,,,5,,,0,0
河北,2025,物理类,高职专科,1277,山东铝业职业学院,,物理,371,279445,,,200,,,0,0
河北,2025,物理类,高职专科,128,北京体育职业学院,,物理,408,272245,,,16,,,0,0
河北,2025,物理类,高职专科,1282,山东轻工职业学院,,物理,394,218647,,,10,,,0,0
河北,2025,物理类,高职专科,1283,山东商务职业学院,,物理,394,239067,,,105,,,0,0
河北,2025,物理类,高职专科,1284,山东商业职业技术学院,,物理,437,196199,,,15,,,0,0
河北,2025,物理类,高职专科,1287,山东水利职业学院,,物理,416,212828,,,31,,,0,0
河北,2025,物理类,高职专科,1291,山东外贸职业学院,,物理,399,228462,,,29,,,0,0
河北,2025,物理类,高职专科,1292,山东文化艺术职业学院,,物理,396,258796,,,10,,,0,0
河北,2025,物理类,高职专科,1293,山东信息职业技术学院,,物理,296,205382,,,27,,,0,0
河北,2025,物理类,高职专科,1295,山东畜牧兽医职业学院,,物理,433,215723,,,81,,,0,0
河北,2025,物理类,高职专科,1296,山东药品食品职业学院,,物理,431,212828,,,25,,,0,0
河北,2025,物理类,高职专科,1300,山东职业学院,,物理,449,167370,,,32,,,0,0
河北,2025,物理类,高职专科,1308,山西工程科技职业大学,,物理,405,253975,,,65,,,0,0
河北,2025,物理类,高职专科,1309,山西工程职业学院,,物理,430,214306,,,17,,,0,0
河北,2025,物理类,高职专科,1311,山西管理职业学院,,物理,391,261102,,,17,,,0,0
河北,2025,物理类,高职专科,1312,山西国际商务职业学院,,物理,399,246657,,,5,,,0,0
河北,2025,物理类,高职专科,1313,山西机电职业技术学院,,物理,435,231162,,,24,,,0,0
河北,2025,物理类,高职专科,1314,山西金融职业学院,,物理,369,249128,,,27,,,0,0
河北,2025,物理类,高职专科,1315,山西经贸职业学院,,物理,414,241650,,,24,,,0,0
河北,2025,物理类,高职专科,1316,山西林业职业技术学院,,物理,377,242920,,,21,,,0,0
河北,2025,物理类,高职专科,1319,山西省财政税务专科学校,,物理,405,189932,,,24,,,0,0
河北,2025,物理类,高职专科,1321,山西水利职业技术学院,,物理,416,255217,,,25,,,0,0
河北,2025,物理类,高职专科,1322,山西铁道职业技术学院,,物理,442,208299,,,8,,,0,0
河北,2025,物理类,高职专科,1323,山西通用航空职业技术学院,,物理,447,233839,,,5,,,0,0
河北,2025,物理类,高职专科,1323,山西通用航空职业技术学院,,"物理,化学",450,236491,,,2,,,0,0
河北,2025,物理类,高职专科,1324,山西卫生健康职业学院,,物理,466,175569,,,5,,,0,0
河北,2025,物理类,高职专科,1325,山西药科职业学院,,物理,446,233839,,,6,,,0,0
河北,2025,物理类,高职专科,1328,山西运城农业职业技术学院,,物理,381,252764,,,25,,,0,0
河北,2025,物理类,高职专科,1329,山西职业技术学院,,物理,437,212828,,,10,,,0,0
河北,2025,物理类,高职专科,1331,陕西财经职业技术学院,,物理,395,218647,,,30,,,0,0
河北,2025,物理类,高职专科,1332,陕西工商职业学院,,物理,386,237730,,,213,,,0,0
河北,2025,物理类,高职专科,1333,陕西工业职业技术学院,,物理,491,175569,,,3,,,0,0
河北,2025,物理类,高职专科,1334,陕西国防工业职业技术学院,,物理,444,180401,,,50,,,0,0
河北,2025,物理类,高职专科,1335,陕西航空职业技术学院,,物理,442,225599,,,46,,,0,0
河北,2025,物理类,高职专科,1336,陕西机电职业技术学院,,物理,424,212828,,,87,,,0,0
河北,2025,物理类,高职专科,1337,陕西交通职业技术学院,,物理,429,197758,,,58,,,0,0
河北,2025,物理类,高职专科,1340,陕西能源职业技术学院,,物理,435,220074,,,8,,,0,0
河北,2025,物理类,高职专科,1341,陕西青年职业学院,,物理,420,222850,,,28,,,0,0
河北,2025,物理类,高职专科,1346,陕西铁路工程职业技术学院,,物理,452,181967,,,14,,,0,0
河北,2025,物理类,高职专科,1349,陕西邮电职业技术学院,,物理,430,221488,,,24,,,0,0
河北,2025,物理类,高职专科,1350,陕西职业技术学院,,物理,419,222850,,,10,,,0,0
河北,2025,物理类,高职专科,1353,汕头职业技术学院,,物理,379,264546,,,18,,,0,0
河北,2025,物理类,高职专科,1355,商洛职业技术学院,,物理,357,228462,,,45,,,0,0
河北,2025,物理类,高职专科,1357,商丘医学高等专科学校,,物理,453,180401,,,10,,,0,0
河北,2025,物理类,高职专科,1360,上海城建职业学院,,物理,430,188387,,,22,,,0,0
河北,2025,物理类,高职专科,1361,上海出版印刷高等专科学校,,物理,430,228462,,,34,,,0,0
河北,2025,物理类,高职专科,1367,上海电子信息职业技术学院,,物理,454,205382,,,58,,,0,0
河北,2025,物理类,高职专科,1371,上海工艺美术职业学院,,物理,492,172221,,,2,,,0,0
河北,2025,物理类,高职专科,1375,上海建设管理职业技术学院,,物理,402,262216,,,20,,,0,0
河北,2025,物理类,高职专科,1382,上海交通职业技术学院,,物理,416,232534,,,31,,,0,0
河北,2025,物理类,高职专科,1383,上海科创职业技术学院,,物理,410,211317,,,16,,,0,0
河北,2025,物理类,高职专科,1384,上海科学技术职业学院,,物理,429,157169,,,70,,,0,0
河北,2025,物理类,高职专科,1388,上海旅游高等专科学校,,物理,427,220074,,,11,,,0,0
河北,2025,物理类,高职专科,1389,上海民航职业技术学院,,物理,437,200789,,,79,,,0,0
河北,2025,物理类,高职专科,139,北京信息职业技术学院,,物理,465,185132,,,74,,,0,0
河北,2025,物理类,高职专科,1390,上海闵行职业技术学院,,物理,435,232534,,,11,,,0,0
河北,2025,物理类,高职专科,1398,上海行健职业学院,,物理,435,233839,,,23,,,0,0
河北,2025,物理类,高职专科,1403,上饶卫生健康职业学院,,物理,413,279445,,,2,,,0,0
河北,2025,物理类,高职专科,1403,上饶卫生健康职业学院,,"物理,化学",404,288231,,,1,,,0,0
河北,2025,物理类,高职专科,1404,上饶幼儿师范高等专科学校,,物理,370,286270,,,8,,,0,0
河北,2025,物理类,高职专科,1405,上饶职业技术学院,,物理,402,259929,,,25,,,0,0
河北,2025,物理类,高职专科,1413,深圳信息职业技术大学,,物理,498,163962,,,10,,,0,0
河北,2025,物理类,高职专科,1414,深圳职业技术大学,,物理,494,125369,,,20,,,0,0
河北,2025,物理类,高职专科,1415,神木职业技术学院,,物理,389,250364,,,29,,,0,0
河北,2025,物理类,高职专科,1417,沈阳工程学院,,物理,443,189932,,,6,,,0,0
河北,2025,物理类,高职专科,1435,沈阳职业技术学院,,物理,418,203868,,,67,,,0,0
河北,2025,物理类,高职专科,1436,石河子大学,,"物理,化学",461,165687,,,44,,,0,0
河北,2025,物理类,高职专科,1438,石河子工程职业技术学院,,物理,316,286270,,,162,,,0,0
河北,2025,物理类,高职专科,1443,石家庄铁路职业技术学院,,物理,437,136965,,,399,,,0,0
河北,2025,物理类,高职专科,1444,石家庄信息工程职业学院,,物理,427,180401,,,1688,,,0,0
河北,2025,物理类,高职专科,1447,石家庄邮电职业技术学院,,物理,481,140302,,,200,,,0,0
河北,2025,物理类,高职专科,1448,石家庄幼儿师范高等专科学校,,物理,392,221488,,,132,,,0,0
河北,2025,物理类,高职专科,1449,石家庄职业技术学院,,物理,207,167370,,,528,,,0,0
河北,2025,物理类,高职专科,1450,石嘴山工贸职业技术学院,,物理,342,284335,,,45,,,0,0
河北,2025,物理类,高职专科,1455,首钢工学院,,物理,475,160507,,,3,,,0,0
河北,2025,物理类,高职专科,1456,双河职业技术学院,,物理,295,316929,,,165,,,0,0
河北,2025,物理类,高职专科,1457,朔州师范高等专科学校,,物理,395,291853,,,110,,,0,0
河北,2025,物理类,高职专科,1458,朔州陶瓷职业技术学院,,物理,396,295438,,,2,,,0,0
河北,2025,物理类,高职专科,1459,朔州职业技术学院,,物理,417,267857,,,10,,,0,0
河北,2025,物理类,高职专科,146,北京政法职业学院,,物理,425,218647,,,46,,,0,0
河北,2025,物理类,高职专科,1463,四川工程职业技术大学,,物理,406,177231,,,20,,,0,0
河北,2025,物理类,高职专科,1464,四川航天职业技术学院,,物理,453,232534,,,8,,,0,0
河北,2025,物理类,高职专科,1465,四川建筑职业技术学院,,物理,427,250364,,,7,,,0,0
河北,2025,物理类,高职专科,1466,四川交通职业技术学院,,物理,496,167370,,,1,,,0,0
河北,2025,物理类,高职专科,1473,四川水利职业技术学院,,物理,436,239067,,,5,,,0,0
河北,2025,物理类,高职专科,1475,四川文化产业职业学院,,物理,430,249128,,,10,,,0,0
河北,2025,物理类,高职专科,1480,四川职业技术学院,,物理,411,264546,,,15,,,0,0
河北,2025,物理类,高职专科,1481,四川中医药高等专科学校,,"物理,化学",445,169008,,,15,,,0,0
河北,2025,物理类,高职专科,1482,四平职业大学,,物理,365,301252,,,77,,,0,0
河北,2025,物理类,高职专科,1483,松原职业技术学院,,物理,326,245391,,,48,,,0,0
河北,2025,物理类,高职专科,1484,苏州百年职业学院,,物理,211,330559,,,112,,,0,0
河北,2025,物理类,高职专科,1488,苏州工业园区服务外包职业学院,,物理,454,217182,,,11,,,0,0
河北,2025,物理类,高职专科,1489,苏州工业职业技术学院,,物理,472,188387,,,15,,,0,0
河北,2025,物理类,高职专科,1491,苏州经贸职业技术学院,,物理,472,180401,,,5,,,0,0
河北,2025,物理类,高职专科,1493,苏州职业技术大学,,物理,476,169008,,,5,,,0,0
河北,2025,物理类,高职专科,1495,宿州职业技术学院,,物理,421,252764,,,7,,,0,0
河北,2025,物理类,高职专科,1497,塔城职业技术学院,,物理,339,286270,,,7,,,0,0
河北,2025,物理类,高职专科,15,安徽工业经济职业技术学院,,物理,387,236491,,,34,,,0,0
河北,2025,物理类,高职专科,1500,塔里木职业技术学院,,物理,347,217182,,,89,,,0,0
河北,2025,物理类,高职专科,1502,太原城市职业技术学院,,物理,398,245391,,,20,,,0,0
河北,2025,物理类,高职专科,1509,太原幼儿师范高等专科学校,,物理,368,277415,,,29,,,0,0
河北,2025,物理类,高职专科,151,滨州职业学院,,物理,419,241650,,,18,,,0,0
河北,2025,物理类,高职专科,1512,唐山工业职业技术大学,,物理,414,185132,,,1014,,,0,0
河北,2025,物理类,高职专科,1513,唐山科技职业技术学院,,物理,400,233839,,,232,,,0,0
河北,2025,物理类,高职专科,1519,唐山幼儿师范高等专科学校,,物理,370,258796,,,527,,,0,0
河北,2025,物理类,高职专科,1520,唐山职业技术学院,,物理,394,193088,,,1161,,,0,0
河北,2025,物理类,高职专科,1521,天津滨海职业学院,,物理,435,177231,,,118,,,0,0
河北,2025,物理类,高职专科,1522,天津渤海职业技术学院,,物理,434,186805,,,170,,,0,0
河北,2025,物理类,高职专科,1525,天津城市建设管理职业技术学院,,物理,405,228462,,,262,,,0,0
河北,2025,物理类,高职专科,1526,天津城市职业学院,,物理,401,209841,,,144,,,0,0
河北,2025,物理类,高职专科,1529,天津电子信息职业技术学院,,物理,464,173920,,,301,,,0,0
河北,2025,物理类,高职专科,1532,天津工业职业学院,,物理,422,222850,,,300,,,0,0
河北,2025,物理类,高职专科,1534,天津国土资源和房屋职业学院,,物理,408,227077,,,56,,,0,0
河北,2025,物理类,高职专科,1535,天津海运职业学院,,物理,424,212828,,,93,,,0,0
河北,2025,物理类,高职专科,1536,天津机电职业技术学院,,物理,451,189932,,,267,,,0,0
河北,2025,物理类,高职专科,1537,天津交通职业学院,,物理,418,193088,,,275,,,0,0
河北,2025,物理类,高职专科,1538,天津警察学院,,物理,445,206836,,,25,,,0,0
河北,2025,物理类,高职专科,154,亳州职业技术学院,,物理,430,235189,,,8,,,0,0
河北,2025,物理类,高职专科,1544,天津轻工职业技术学院,,物理,462,178836,,,30,,,0,0
河北,2025,物理类,高职专科,1545,天津商务职业学院,,物理,357,196199,,,351,,,0,0
河北,2025,物理类,高职专科,1547,天津生物工程职业技术学院,,物理,432,225599,,,38,,,0,0
河北,2025,物理类,高职专科,155,博尔塔拉职业技术学院,,物理,322,295438,,,26,,,0,0
河北,2025,物理类,高职专科,1551,天津石油职业技术学院,,物理,410,233839,,,817,,,0,0
河北,2025,物理类,高职专科,1552,天津市职业大学,,物理,473,160507,,,108,,,0,0
河北,2025,物理类,高职专科,1555,天津铁道职业技术学院,,物理,449,165687,,,343,,,0,0
河北,2025,物理类,高职专科,1557,天津现代职业技术学院,,物理,456,170629,,,139,,,0,0
河北,2025,物理类,高职专科,156,渤海船舶职业学院,,物理,430,240357,,,60,,,0,0
河北,2025,物理类,高职专科,1560,天津医学高等专科学校,,物理,439,158849,,,13,,,0,0
河北,2025,物理类,高职专科,1560,天津医学高等专科学校,,"物理,化学,生物",459,140302,,,87,,,0,0
河北,2025,物理类,高职专科,1564,天津中德应用技术大学,,物理,494,167370,,,24,,,0,0
河北,2025,物理类,高职专科,1567,天门职业学院,,物理,368,270096,,,29,,,0,0
河北,2025,物理类,高职专科,1569,铁岭师范高等专科学校,,物理,379,240357,,,42,,,0,0
河北,2025,物理类,高职专科,1570,铁门关职业技术学院,,物理,351,268973,,,110,,,0,0
河北,2025,物理类,高职专科,1572,通化医药健康职业学院,,物理,285,244173,,,22,,,0,0
河北,2025,物理类,高职专科,1573,通辽职业学院,,物理,409,283376,,,10,,,0,0
河北,2025,物理类,高职专科,1576,桐城师范高等专科学校,,物理,415,277415,,,5,,,0,0
河北,2025,物理类,高职专科,1577,铜川职业技术学院,,物理,399,272245,,,18,,,0,0
河北,2025,物理类,高职专科,1578,铜陵职业技术学院,,物理,349,193088,,,13,,,0,0
河北,2025,物理类,高职专科,1579,铜仁幼儿师范高等专科学校,,物理,362,319901,,,5,,,0,0
河北,2025,物理类,高职专科,1580,铜仁职业技术大学,,物理,437,245391,,,5,,,0,0
河北,2025,物理类,高职专科,1581,图木舒克职业技术学院,,物理,326,307275,,,115,,,0,0
河北,2025,物理类,高职专科,1582,吐鲁番职业技术学院,,物理,323,293648,,,18,,,0,0
河北,2025,物理类,高职专科,1584,皖北卫生职业学院,,物理,412,245391,,,40,,,0,0
河北,2025,物理类,高职专科,1586,皖西卫生职业学院,,物理,427,264546,,,5,,,0,0
河北,2025,物理类,高职专科,1587,威海海洋职业学院,,物理,429,231162,,,15,,,0,0
河北,2025,物理类,高职专科,1588,威海职业学院,,物理,409,208299,,,19,,,0,0
河北,2025,物理类,高职专科,1592,潍坊职业学院,,物理,457,227077,,,5,,,0,0
河北,2025,物理类,高职专科,1599,乌海职业技术学院,,物理,398,293648,,,30,,,0,0
河北,2025,物理类,高职专科,16,安徽工业职业技术学院,,物理,383,257615,,,15,,,0,0
河北,2025,物理类,高职专科,1600,乌兰察布医学高等专科学校,,物理,420,244173,,,32,,,0,0
河北,2025,物理类,高职专科,1601,乌兰察布职业学院,,物理,346,281438,,,630,,,0,0
河北,2025,物理类,高职专科,1601,乌兰察布职业学院,,"物理,化学",377,309445,,,20,,,0,0
河北,2025,物理类,高职专科,1601,乌兰察布职业学院,,"物理,地理",341,325037,,,40,,,0,0
河北,2025,物理类,高职专科,1601,乌兰察布职业学院,,"物理,生物",364,272245,,,30,,,0,0
河北,2025,物理类,高职专科,1602,乌鲁木齐职业大学,,物理,318,280425,,,21,,,0,0
河北,2025,物理类,高职专科,1602,乌鲁木齐职业大学,,"物理,化学,政治",350,281438,,,15,,,0,0
河北,2025,物理类,高职专科,1603,乌鲁木齐职业技术学院,,物理,379,300429,,,10,,,0,0
河北,2025,物理类,高职专科,1604,无锡城市职业技术学院,,物理,428,188387,,,21,,,0,0
河北,2025,物理类,高职专科,1608,武汉城市职业学院,,物理,463,194622,,,34,,,0,0
河北,2025,物理类,高职专科,1609,武汉船舶职业技术学院,,物理,423,186805,,,41,,,0,0
河北,2025,物理类,高职专科,1614,武汉电力职业技术学院,,物理,467,169008,,,32,,,0,0
河北,2025,物理类,高职专科,1617,武汉工程职业技术学院,,物理,422,196199,,,40,,,0,0
河北,2025,物理类,高职专科,1619,武汉交通职业学院,,物理,425,224230,,,60,,,0,0
河北,2025,物理类,高职专科,162,沧州医学高等专科学校,,物理,418,185132,,,1521,,,0,0
河北,2025,物理类,高职专科,1621,武汉警官职业学院,,物理,433,206836,,,29,,,0,0
河北,2025,物理类,高职专科,1625,武汉民政职业学院,,物理,416,232534,,,10,,,0,0
河北,2025,物理类,高职专科,1627,武汉软件工程职业学院,,物理,454,180401,,,32,,,0,0
河北,2025,物理类,高职专科,163,沧州幼儿师范高等专科学校,,物理,307,270096,,,1203,,,0,0
河北,2025,物理类,高职专科,1630,武汉铁路桥梁职业学院,,物理,420,232534,,,35,,,0,0
河北,2025,物理类,高职专科,1631,武汉铁路职业技术学院,,物理,437,155469,,,37,,,0,0
河北,2025,物理类,高职专科,1633,武汉职业技术大学,,物理,457,178836,,,53,,,0,0
河北,2025,物理类,高职专科,1636,西安电力高等专科学校,,物理,484,118812,,,10,,,0,0
河北,2025,物理类,高职专科,164,沧州职业技术学院,,物理,356,227077,,,1431,,,0,0
河北,2025,物理类,高职专科,1643,西安航空职业技术学院,,物理,457,205382,,,12,,,0,0
河北,2025,物理类,高职专科,1643,西安航空职业技术学院,,"物理,化学",467,177231,,,25,,,0,0
河北,2025,物理类,高职专科,165,沧州职业技术学院,,物理,417,251580,,,119,,,0,0
河北,2025,物理类,高职专科,1655,西安铁路职业技术学院,,物理,465,191536,,,34,,,0,0
河北,2025,物理类,高职专科,166,沧州职业技术学院,,物理,395,261102,,,53,,,0,0
河北,2025,物理类,高职专科,1662,西安职业技术学院,,物理,366,227077,,,90,,,0,0
河北,2025,物理类,高职专科,167,沧州职业技术学院,,物理,423,253975,,,63,,,0,0
河北,2025,物理类,高职专科,1675,西藏职业技术学院,,物理,336,333371,,,5,,,0,0
河北,2025,物理类,高职专科,1675,西藏职业技术学院,,"物理,化学",338,299558,,,26,,,0,0
河北,2025,物理类,高职专科,1675,西藏职业技术学院,,"物理,化学,生物",320,323896,,,22,,,0,0
河北,2025,物理类,高职专科,1675,西藏职业技术学院,,"物理,政治",319,328093,,,13,,,0,0
河北,2025,物理类,高职专科,1676,西昌民族幼儿师范高等专科学校,,物理,370,289151,,,17,,,0,0
河北,2025,物理类,高职专科,168,沧州职业技术学院,,物理,381,259929,,,90,,,0,0
河北,2025,物理类,高职专科,169,沧州职业技术学院,,物理,397,282414,,,65,,,0,0
河北,2025,物理类,高职专科,1698,锡林郭勒职业学院,,物理,302,271169,,,208,,,0,0
河北,2025,物理类,高职专科,1699,厦门城市职业学院,,物理,408,235189,,,54,,,0,0
河北,2025,物理类,高职专科,17,安徽广播影视职业技术学院,,物理,420,268973,,,20,,,0,0
河北,2025,物理类,高职专科,170,沧州职业技术学院,,物理,377,310139,,,2,,,0,0
河北,2025,物理类,高职专科,1705,仙桃职业学院,,物理,400,256401,,,20,,,0,0
河北,2025,物理类,高职专科,1706,咸宁职业技术学院,,物理,379,241650,,,34,,,0,0
河北,2025,物理类,高职专科,1708,咸阳职业技术学院,,物理,434,225599,,,5,,,0,0
河北,2025,物理类,高职专科,171,沧州职业技术学院,,物理,396,247903,,,175,,,0,0
河北,2025,物理类,高职专科,1716,襄阳汽车职业技术学院,,物理,380,249128,,,80,,,0,0
河北,2025,物理类,高职专科,1718,忻州职业技术学院,,物理,365,233839,,,25,,,0,0
河北,2025,物理类,高职专科,1724,新疆和田学院,,物理,337,315565,,,35,,,0,0
河北,2025,物理类,高职专科,1724,新疆和田学院,,"物理,化学",363,317549,,,20,,,0,0
河北,2025,物理类,高职专科,1724,新疆和田学院,,"物理,化学,生物",333,281438,,,55,,,0,0
河北,2025,物理类,高职专科,1725,新疆建设职业技术学院,,物理,336,310867,,,13,,,0,0
河北,2025,物理类,高职专科,1726,新疆交通职业技术大学,,物理,315,264546,,,89,,,0,0
河北,2025,物理类,高职专科,1727,新疆警察学院,,物理,410,270096,,,10,,,0,0
河北,2025,物理类,高职专科,1732,新疆农业职业技术大学,,物理,321,225599,,,85,,,0,0
河北,2025,物理类,高职专科,1733,新疆轻工职业技术学院,,物理,341,253975,,,65,,,0,0
河北,2025,物理类,高职专科,1734,新疆生产建设兵团兴新职业技术学院,,物理,369,194622,,,16,,,0,0
河北,2025,物理类,高职专科,1737,新疆师范高等专科学校,,物理,253,296285,,,41,,,0,0
河北,2025,物理类,高职专科,1738,新疆石河子职业技术学院,,物理,271,273302,,,86,,,0,0
河北,2025,物理类,高职专科,1739,新疆司法警官职业学院,,物理,400,250364,,,29,,,0,0
河北,2025,物理类,高职专科,1741,新疆铁道职业技术学院,,物理,452,228462,,,10,,,0,0
河北,2025,物理类,高职专科,1745,新疆应用职业技术学院,,物理,308,306526,,,36,,,0,0
河北,2025,物理类,高职专科,1745,新疆应用职业技术学院,,"物理,化学",312,292792,,,34,,,0,0
河北,2025,物理类,高职专科,1745,新疆应用职业技术学院,,"物理,化学,生物",371,314276,,,5,,,0,0
河北,2025,物理类,高职专科,1745,新疆应用职业技术学院,,"物理,生物",352,325559,,,2,,,0,0
河北,2025,物理类,高职专科,1747,新疆职业大学,,物理,323,244173,,,80,,,0,0
河北,2025,物理类,高职专科,1749,新乡职业技术学院,,物理,402,268973,,,60,,,0,0
河北,2025,物理类,高职专科,175,长白山职业技术学院,,物理,309,271169,,,25,,,0,0
河北,2025,物理类,高职专科,1750,新星职业技术学院,,物理,310,241650,,,242,,,0,0
河北,2025,物理类,高职专科,1752,信阳农林学院,,物理,400,291853,,,10,,,0,0
河北,2025,物理类,高职专科,1752,信阳农林学院,,"物理,化学",394,277415,,,20,,,0,0
河北,2025,物理类,高职专科,1754,信阳职业技术学院,,物理,390,236491,,,8,,,0,0
河北,2025,物理类,高职专科,1755,兴安职业技术大学,,物理,286,282414,,,76,,,0,0
河北,2025,物理类,高职专科,1759,邢台医学院,,物理,415,222850,,,1496,,,0,0
河北,2025,物理类,高职专科,1759,邢台医学院,,"物理,化学",427,209841,,,518,,,0,0
河北,2025,物理类,高职专科,1761,徐州工业职业技术学院,,物理,430,222850,,,85,,,0,0
河北,2025,物理类,高职专科,1762,徐州生物工程职业技术学院,,物理,417,194622,,,35,,,0,0
河北,2025,物理类,高职专科,1764,宣城职业技术学院,,物理,423,263340,,,5,,,0,0
河北,2025,物理类,高职专科,1765,宣化科技职业学院,,物理,367,240357,,,824,,,0,0
河北,2025,物理类,高职专科,1768,烟台工程职业技术学院,,物理,382,249128,,,45,,,0,0
河北,2025,物理类,高职专科,1769,烟台汽车工程职业学院,,物理,391,263340,,,44,,,0,0
河北,2025,物理类,高职专科,1770,烟台文化旅游职业学院,,物理,367,239067,,,50,,,0,0
河北,2025,物理类,高职专科,1772,延安职业技术学院,,物理,359,209841,,,72,,,0,0
河北,2025,物理类,高职专科,1775,延边职业技术学院,,物理,220,264546,,,165,,,0,0
河北,2025,物理类,高职专科,1777,盐城工业职业技术学院,,物理,398,253975,,,15,,,0,0
河北,2025,物理类,高职专科,1779,盐城幼儿师范高等专科学校,,物理,359,202340,,,27,,,0,0
河北,2025,物理类,高职专科,1789,阳泉职业技术学院,,物理,391,252764,,,40,,,0,0
河北,2025,物理类,高职专科,1790,伊春职业学院,,物理,331,218647,,,78,,,0,0
河北,2025,物理类,高职专科,1793,伊犁职业技术学院,,物理,306,263340,,,19,,,0,0
河北,2025,物理类,高职专科,1795,宜宾职业技术学院,,物理,425,266798,,,5,,,0,0
河北,2025,物理类,高职专科,1798,营口职业技术学院,,物理,391,232534,,,35,,,0,0
河北,2025,物理类,高职专科,1799,永城职业学院,,物理,422,270096,,,8,,,0,0
河北,2025,物理类,高职专科,18,安徽国防科技职业学院,,物理,400,258796,,,88,,,0,0
河北,2025,物理类,高职专科,1800,永州职业技术学院,,物理,428,249128,,,2,,,0,0
河北,2025,物理类,高职专科,1803,榆林职业技术学院,,物理,410,246657,,,50,,,0,0
河北,2025,物理类,高职专科,1807,云南财经职业学院,,物理,366,278461,,,14,,,0,0
河北,2025,物理类,高职专科,1809,云南国土资源职业学院,,物理,380,308000,,,5,,,0,0
河北,2025,物理类,高职专科,1809,云南国土资源职业学院,,"物理,化学",400,291853,,,5,,,0,0
河北,2025,物理类,高职专科,181,长春金融高等专科学校,,物理,390,205382,,,43,,,0,0
河北,2025,物理类,高职专科,1811,云南林业职业技术学院,,物理,414,272245,,,3,,,0,0
河北,2025,物理类,高职专科,1811,云南林业职业技术学院,,"物理,生物",389,258796,,,2,,,0,0
河北,2025,物理类,高职专科,1813,云南能源职业技术学院,,物理,403,265644,,,4,,,0,0
河北,2025,物理类,高职专科,1816,云南特殊教育职业学院,,物理,379,290945,,,8,,,0,0
河北,2025,物理类,高职专科,1816,云南特殊教育职业学院,,"物理,化学,生物",388,302031,,,1,,,0,0
河北,2025,物理类,高职专科,1821,运城护理职业学院,,物理,456,193088,,,13,,,0,0
河北,2025,物理类,高职专科,1822,运城师范高等专科学校,,物理,411,279445,,,15,,,0,0
河北,2025,物理类,高职专科,1824,运城幼儿师范高等专科学校,,物理,381,307275,,,10,,,0,0
河北,2025,物理类,高职专科,1825,枣庄科技职业学院,,物理,370,271169,,,34,,,0,0
河北,2025,物理类,高职专科,1827,枣庄职业学院,,物理,372,188387,,,40,,,0,0
河北,2025,物理类,高职专科,1828,扎兰屯职业学院,,物理,218,266798,,,89,,,0,0
河北,2025,物理类,高职专科,1829,湛江幼儿师范专科学校,,物理,378,285293,,,9,,,0,0
河北,2025,物理类,高职专科,1830,张家界航空工业职业技术学院,,物理,443,218647,,,27,,,0,0
河北,2025,物理类,高职专科,1832,张家口学院,,物理,476,175569,,,54,,,0,0
河北,2025,物理类,高职专科,1833,张家口职业技术学院,,物理,210,245391,,,1025,,,0,0
河北,2025,物理类,高职专科,1834,漳州职业技术学院,,物理,448,209841,,,6,,,0,0
河北,2025,物理类,高职专科,1835,昭通卫生职业学院,,物理,346,241650,,,39,,,0,0
河北,2025,物理类,高职专科,1840,浙江安防职业技术学院,,物理,428,229804,,,9,,,0,0
河北,2025,物理类,高职专科,185,长春师范高等专科学校,,物理,215,264546,,,119,,,0,0
河北,2025,物理类,高职专科,1852,浙江工商职业技术学院,,物理,455,209841,,,3,,,0,0
河北,2025,物理类,高职专科,1856,浙江机电职业技术大学,,物理,482,152124,,,13,,,0,0
河北,2025,物理类,高职专科,1857,浙江建设职业技术学院,,物理,441,203868,,,15,,,0,0
河北,2025,物理类,高职专科,186,长春医学高等专科学校,,物理,473,170629,,,16,,,0,0
河北,2025,物理类,高职专科,1860,浙江金融职业学院,,物理,485,162246,,,5,,,0,0
河北,2025,物理类,高职专科,1861,浙江经济职业技术学院,,物理,446,183545,,,16,,,0,0
河北,2025,物理类,高职专科,1862,浙江经贸职业技术学院,,物理,467,160507,,,14,,,0,0
河北,2025,物理类,高职专科,1865,浙江旅游职业学院,,物理,440,236491,,,2,,,0,0
河北,2025,物理类,高职专科,1867,浙江商业职业技术学院,,物理,430,188387,,,26,,,0,0
河北,2025,物理类,高职专科,187,长春职业技术大学,,物理,419,191536,,,80,,,0,0
河北,2025,物理类,高职专科,1876,郑州财税金融职业学院,,物理,443,239067,,,10,,,0,0
河北,2025,物理类,高职专科,1878,郑州电力高等专科学校,,物理,466,191536,,,50,,,0,0
河北,2025,物理类,高职专科,1885,郑州幼儿师范高等专科学校,,物理,411,281438,,,3,,,0,0
河北,2025,物理类,高职专科,1886,郑州职业技术学院,,物理,420,247903,,,15,,,0,0
河北,2025,物理类,高职专科,19,安徽国际商务职业学院,,物理,403,242920,,,22,,,0,0
河北,2025,物理类,高职专科,191,长江工程职业技术学院,,物理,396,240357,,,35,,,0,0
河北,2025,物理类,高职专科,1910,中国民用航空飞行学院,,物理,495,169008,,,10,,,0,0
河北,2025,物理类,高职专科,193,长江职业学院,,物理,441,224230,,,17,,,0,0
河北,2025,物理类,高职专科,194,长沙航空职业技术学院,,物理,474,152124,,,60,,,0,0
河北,2025,物理类,高职专科,196,长沙环境保护职业技术学院,,物理,403,279445,,,9,,,0,0
河北,2025,物理类,高职专科,1960,周口职业技术学院,,物理,416,239067,,,13,,,0,0
河北,2025,物理类,高职专科,1961,珠海城市职业技术学院,,物理,422,232534,,,12,,,0,0
河北,2025,物理类,高职专科,1962,驻马店职业技术学院,,物理,376,275349,,,52,,,0,0
河北,2025,物理类,高职专科,1963,淄博师范高等专科学校,,物理,443,245391,,,5,,,0,0
河北,2025,物理类,高职专科,1966,遵义医药高等专科学校,,物理,440,214306,,,8,,,0,0
河北,2025,物理类,高职专科,1967,遵义职业技术学院,,物理,362,291853,,,15,,,0,0
河北,2025,物理类,高职专科,1973,北京中医药大学东方学院,,物理,405,287262,,,66,,,0,0
河北,2025,物理类,高职专科,1973,北京中医药大学东方学院,,"物理,化学",399,292792,,,42,,,0,0
河北,2025,物理类,高职专科,1976,长江大学文理学院,,物理,396,294532,,,10,,,0,0
河北,2025,物理类,高职专科,198,长沙民政职业技术学院,,物理,456,157169,,,42,,,0,0
河北,2025,物理类,高职专科,199,长沙商贸旅游职业技术学院,,物理,448,239067,,,2,,,0,0
河北,2025,物理类,高职专科,2,阿克苏职业技术学院,,物理,305,300429,,,158,,,0,0
河北,2025,物理类,高职专科,2,阿克苏职业技术学院,,"物理,化学",414,278461,,,2,,,0,0
河北,2025,物理类,高职专科,2000,湖北工程学院新技术学院,,物理,369,276393,,,18,,,0,0
河北,2025,物理类,高职专科,2003,湖北师范大学文理学院,,物理,368,277415,,,36,,,0,0
河北,2025,物理类,高职专科,2007,华北理工大学轻工学院,,物理,327,292792,,,75,,,0,0
河北,2025,物理类,高职专科,202,长沙职业技术学院,,物理,465,183545,,,3,,,0,0
河北,2025,物理类,高职专科,2037,青岛农业大学海都学院,,物理,286,283376,,,100,,,0,0
河北,2025,物理类,高职专科,2038,三峡大学科技学院,,物理,402,262216,,,11,,,0,0
河北,2025,物理类,高职专科,205,长治职业技术学院,,物理,382,257615,,,20,,,0,0
河北,2025,物理类,高职专科,2055,武汉纺织大学外经贸学院,,物理,348,256401,,,22,,,0,0
河北,2025,物理类,高职专科,206,常德职业技术学院,,物理,421,246657,,,6,,,0,0
河北,2025,物理类,高职专科,2077,安徽矿业职业技术学院,,物理,364,301252,,,70,,,0,0
河北,2025,物理类,高职专科,2078,安徽绿海商务职业学院,,物理,210,307275,,,120,,,0,0
河北,2025,物理类,高职专科,2082,巴中职业技术学院,,物理,207,285293,,,251,,,0,0
河北,2025,物理类,高职专科,2083,白银希望职业技术学院,,物理,208,321080,,,305,,,0,0
河北,2025,物理类,高职专科,2085,蚌埠经济技术职业学院,,物理,263,354663,,,25,,,0,0
河北,2025,物理类,高职专科,2086,宝鸡三和职业学院,,物理,222,315565,,,200,,,0,0
河北,2025,物理类,高职专科,2087,宝鸡中北职业学院,,物理,215,341275,,,210,,,0,0
河北,2025,物理类,高职专科,2088,保定理工学院,,物理,278,300429,,,224,,,0,0
河北,2025,物理类,高职专科,2089,北海康养职业学院,,物理,244,318152,,,29,,,0,0
河北,2025,物理类,高职专科,209,常州工业职业技术学院,,物理,445,240357,,,9,,,0,0
河北,2025,物理类,高职专科,2091,北京北大方正软件职业技术学院,,物理,211,336795,,,90,,,0,0
河北,2025,物理类,高职专科,2093,北京汇佳职业学院,,物理,247,292792,,,59,,,0,0
河北,2025,物理类,高职专科,2095,北京经济技术职业学院,,物理,265,306526,,,114,,,0,0
河北,2025,物理类,高职专科,2096,北京经贸职业学院,,物理,333,309445,,,80,,,0,0
河北,2025,物理类,高职专科,2097,北京科技经营管理学院,,物理,305,314276,,,33,,,0,0
河北,2025,物理类,高职专科,2098,北京科技职业学院,,物理,343,258796,,,46,,,0,0
河北,2025,物理类,高职专科,2099,北京培黎职业学院,,物理,234,295438,,,127,,,0,0
河北,2025,物理类,高职专科,210,常州信息职业技术学院,,物理,489,167370,,,15,,,0,0
河北,2025,物理类,高职专科,2100,北京网络职业学院,,物理,344,264546,,,53,,,0,0
河北,2025,物理类,高职专科,2101,北京艺术传媒职业学院,,物理,208,350127,,,60,,,0,0
河北,2025,物理类,高职专科,2102,滨州科技职业学院,,物理,215,314276,,,368,,,0,0
河北,2025,物理类,高职专科,2103,渤海理工职业学院,,物理,204,302031,,,826,,,0,0
河北,2025,物理类,高职专科,2104,沧州航空职业学院,,物理,201,344185,,,2060,,,0,0
河北,2025,物理类,高职专科,2106,曹妃甸职业技术学院,,物理,201,314942,,,1434,,,0,0
河北,2025,物理类,高职专科,2109,长春东方职业学院,,物理,212,319901,,,797,,,0,0
河北,2025,物理类,高职专科,2112,长春健康职业学院,,物理,203,331988,,,230,,,0,0
河北,2025,物理类,高职专科,2113,长春科技学院,,物理,221,308000,,,148,,,0,0
河北,2025,物理类,高职专科,2116,长春数字科技职业学院,,物理,217,336365,,,209,,,0,0
河北,2025,物理类,高职专科,2117,长春信息技术职业学院,,物理,209,331050,,,445,,,0,0
河北,2025,物理类,高职专科,2118,长春早期教育职业学院,,物理,234,348625,,,400,,,0,0
河北,2025,物理类,高职专科,2119,长江艺术工程职业学院,,物理,218,310867,,,99,,,0,0
河北,2025,物理类,高职专科,212,朝阳师范学院,,物理,406,231162,,,49,,,0,0
河北,2025,物理类,高职专科,2120,长沙轨道交通职业学院,,物理,205,298777,,,21,,,0,0
河北,2025,物理类,高职专科,2121,长沙科技职业学院,,物理,210,347080,,,22,,,0,0
河北,2025,物理类,高职专科,2122,长沙南方职业学院,,物理,369,315565,,,3,,,0,0
河北,2025,物理类,高职专科,2123,长沙文创艺术职业学院,,物理,313,342278,,,7,,,0,0
河北,2025,物理类,高职专科,2125,长沙医药健康职业学院,,物理,295,325037,,,8,,,0,0
河北,2025,物理类,高职专科,2126,长垣烹饪职业技术学院,,物理,322,315565,,,20,,,0,0
河北,2025,物理类,高职专科,2128,郴州思科职业学院,,物理,228,342935,,,13,,,0,0
河北,2025,物理类,高职专科,2129,郴州智能科技职业学院,,物理,229,353534,,,12,,,0,0
河北,2025,物理类,高职专科,2134,成都文理学院,,物理,218,312305,,,80,,,0,0
河北,2025,物理类,高职专科,2135,成都艺术职业大学,,物理,217,354991,,,205,,,0,0
河北,2025,物理类,高职专科,2137,重庆安防职业学院,,物理,206,345410,,,230,,,0,0
河北,2025,物理类,高职专科,214,成都纺织高等专科学校,,物理,442,175569,,,9,,,0,0
河北,2025,物理类,高职专科,2140,重庆传媒职业学院,,物理,274,294532,,,58,,,0,0
河北,2025,物理类,高职专科,2141,重庆电信职业学院,,物理,211,318152,,,233,,,0,0
河北,2025,物理类,高职专科,2142,重庆电讯职业学院,,物理,225,319901,,,162,,,0,0
河北,2025,物理类,高职专科,2144,重庆公共运输职业学院,,物理,221,291853,,,108,,,0,0
河北,2025,物理类,高职专科,2145,重庆海联职业技术学院,,物理,216,330559,,,313,,,0,0
河北,2025,物理类,高职专科,2148,重庆建筑科技职业学院,,物理,224,290945,,,45,,,0,0
河北,2025,物理类,高职专科,2149,重庆健康职业学院,,物理,200,337613,,,944,,,0,0
河北,2025,物理类,高职专科,215,成都工贸职业技术学院,,物理,449,237730,,,5,,,0,0
河北,2025,物理类,高职专科,2150,重庆交通职业学院,,物理,402,290057,,,5,,,0,0
河北,2025,物理类,高职专科,2152,重庆经贸职业学院,,物理,236,326104,,,175,,,0,0
河北,2025,物理类,高职专科,2153,重庆科创职业学院,,物理,361,271169,,,3,,,0,0
河北,2025,物理类,高职专科,2154,重庆科技职业学院,,物理,216,304983,,,135,,,0,0
河北,2025,物理类,高职专科,2155,重庆理工职业学院,,物理,255,337613,,,57,,,0,0
河北,2025,物理类,高职专科,2156,重庆能源职业学院,,物理,211,318756,,,160,,,0,0
河北,2025,物理类,高职专科,2157,重庆轻工职业学院,,物理,204,307275,,,200,,,0,0
河北,2025,物理类,高职专科,2160,重庆数字产业职业技术学院,,物理,204,351263,,,115,,,0,0
河北,2025,物理类,高职专科,2162,重庆现代制造职业学院,,物理,257,321658,,,110,,,0,0
河北,2025,物理类,高职专科,2163,重庆信息技术职业学院,,物理,268,298777,,,89,,,0,0
河北,2025,物理类,高职专科,2165,重庆艺术工程职业学院,,物理,216,312978,,,47,,,0,0
河北,2025,物理类,高职专科,2166,重庆应用技术职业学院,,物理,226,327623,,,130,,,0,0
河北,2025,物理类,高职专科,2167,重庆智能工程职业学院,,物理,206,329605,,,289,,,0,0
河北,2025,物理类,高职专科,2168,重庆资源与环境保护职业学院,,物理,200,309445,,,236,,,0,0
河北,2025,物理类,高职专科,217,成都航空职业技术大学,,物理,450,173920,,,56,,,0,0
河北,2025,物理类,高职专科,2170,大连东软信息学院,,物理,251,291853,,,71,,,0,0
河北,2025,物理类,高职专科,2171,大连枫叶职业技术学院,,物理,219,324467,,,32,,,0,0
河北,2025,物理类,高职专科,2172,大连航运职业技术学院,,物理,351,294532,,,10,,,0,0
河北,2025,物理类,高职专科,2174,大连汽车职业技术学院,,物理,242,298777,,,24,,,0,0
河北,2025,物理类,高职专科,2175,大连艺术学院,,物理,212,334702,,,11,,,0,0
河北,2025,物理类,高职专科,2176,大连装备制造职业技术学院,,物理,394,259929,,,17,,,0,0
河北,2025,物理类,高职专科,2177,德阳城市轨道交通职业学院,,物理,229,326104,,,700,,,0,0
河北,2025,物理类,高职专科,2178,德阳科贸职业学院,,物理,240,338382,,,120,,,0,0
河北,2025,物理类,高职专科,2179,德阳农业科技职业学院,,物理,202,334702,,,85,,,0,0
河北,2025,物理类,高职专科,2180,德州工程职业学院,,物理,278,302738,,,90,,,0,0
河北,2025,物理类,高职专科,2181,德州科技职业学院,,物理,322,298777,,,295,,,0,0
河北,2025,物理类,高职专科,2186,阜阳科技职业学院,,物理,363,304983,,,10,,,0,0
河北,2025,物理类,高职专科,2188,赣西科技职业学院,,物理,215,310139,,,50,,,0,0
河北,2025,物理类,高职专科,2189,共青科技职业学院,,物理,286,313639,,,17,,,0,0
河北,2025,物理类,高职专科,2191,广东碧桂园职业学院,,物理,205,361210,,,1,,,0,0
河北,2025,物理类,高职专科,2192,广东创新科技职业学院,,物理,203,340256,,,22,,,0,0
河北,2025,物理类,高职专科,2195,广东酒店管理职业技术学院,,物理,235,355194,,,17,,,0,0
河北,2025,物理类,高职专科,2197,广东岭南职业技术学院,,物理,237,327623,,,25,,,0,0
河北,2025,物理类,高职专科,2198,广东南方职业学院,,物理,215,334261,,,10,,,0,0
河北,2025,物理类,高职专科,2199,广东文理职业学院,,物理,203,265644,,,124,,,0,0
河北,2025,物理类,高职专科,22,安徽交通职业技术学院,,物理,431,250364,,,20,,,0,0
河北,2025,物理类,高职专科,2200,广东亚视演艺职业学院,,物理,236,335946,,,20,,,0,0
河北,2025,物理类,高职专科,2201,广东肇庆航空职业学院,,物理,244,331539,,,19,,,0,0
河北,2025,物理类,高职专科,2203,广西经济职业学院,,物理,204,314942,,,84,,,0,0
河北,2025,物理类,高职专科,2205,广西理工职业技术学院,,物理,211,330559,,,14,,,0,0
河北,2025,物理类,高职专科,2207,广西演艺职业学院,,物理,207,350365,,,24,,,0,0
河北,2025,物理类,高职专科,2209,广元中核职业技术学院,,物理,439,245391,,,6,,,0,0
河北,2025,物理类,高职专科,2210,广州城建职业学院,,物理,339,303438,,,10,,,0,0
河北,2025,物理类,高职专科,2213,广州华立科技职业学院,,物理,200,284335,,,37,,,0,0
河北,2025,物理类,高职专科,2216,广州华商职业学院,,物理,231,342604,,,15,,,0,0
河北,2025,物理类,高职专科,2217,广州华夏职业学院,,物理,256,342604,,,5,,,0,0
河北,2025,物理类,高职专科,2219,广州南洋理工职业学院,,物理,257,282414,,,28,,,0,0
河北,2025,物理类,高职专科,2222,广州涉外经济职业技术学院,,物理,207,351033,,,60,,,0,0
河北,2025,物理类,高职专科,2224,广州珠江职业技术学院,,物理,279,337613,,,10,,,0,0
河北,2025,物理类,高职专科,2225,硅湖职业技术学院,,物理,202,276393,,,12,,,0,0
河北,2025,物理类,高职专科,2227,贵州城市职业学院,,物理,221,342278,,,316,,,0,0
河北,2025,物理类,高职专科,2228,贵州工程职业学院,,物理,262,316929,,,65,,,0,0
河北,2025,物理类,高职专科,2229,贵州工贸职业学院,,物理,221,330092,,,101,,,0,0
河北,2025,物理类,高职专科,2230,贵州工商职业学院,,物理,206,329119,,,469,,,0,0
河北,2025,物理类,高职专科,2231,贵州民用航空职业学院,,物理,215,315565,,,226,,,0,0
河北,2025,物理类,高职专科,2234,贵州盛华职业学院,,物理,240,329605,,,50,,,0,0
河北,2025,物理类,高职专科,2235,贵州铜仁数据职业学院,,物理,200,328606,,,94,,,0,0
河北,2025,物理类,高职专科,2236,贵州应用技术职业学院,,物理,229,329119,,,208,,,0,0
河北,2025,物理类,高职专科,2237,桂林山水职业学院,,物理,222,357947,,,180,,,0,0
河北,2025,物理类,高职专科,2238,桂林生命与健康职业技术学院,,物理,223,329605,,,130,,,0,0
河北,2025,物理类,高职专科,2239,桂林信息工程职业学院,,物理,265,338382,,,19,,,0,0
河北,2025,物理类,高职专科,2242,哈尔滨北方航空职业技术学院,,物理,203,330559,,,130,,,0,0
河北,2025,物理类,高职专科,2243,哈尔滨城市职业学院,,物理,221,360112,,,7,,,0,0
河北,2025,物理类,高职专科,2244,哈尔滨传媒职业学院,,物理,227,332915,,,63,,,0,0
河北,2025,物理类,高职专科,225,承德护理职业学院,,物理,386,217182,,,811,,,0,0
河北,2025,物理类,高职专科,2250,哈尔滨应用职业技术学院,,物理,215,325559,,,58,,,0,0
河北,2025,物理类,高职专科,2252,海口经济学院,,物理,201,305728,,,142,,,0,0
河北,2025,物理类,高职专科,2254,海南东方新丝路职业学院,,物理,200,313639,,,206,,,0,0
河北,2025,物理类,高职专科,2255,海南工商职业学院,,物理,218,312978,,,300,,,0,0
河北,2025,物理类,高职专科,2256,海南健康管理职业技术学院,,物理,231,349167,,,15,,,0,0
河北,2025,物理类,高职专科,2257,海南科技职业大学,,物理,218,322236,,,103,,,0,0
河北,2025,物理类,高职专科,2258,邯郸应用技术职业学院,,物理,201,356614,,,2010,,,0,0
河北,2025,物理类,高职专科,2259,汉口学院,,物理,289,287262,,,25,,,0,0
河北,2025,物理类,高职专科,2261,合肥共达职业技术学院,,物理,360,293648,,,30,,,0,0
河北,2025,物理类,高职专科,2262,合肥科技职业学院,,物理,263,304983,,,20,,,0,0
河北,2025,物理类,高职专科,2263,和君职业学院,,物理,212,340256,,,10,,,0,0
河北,2025,物理类,高职专科,2267,河北科技学院,,物理,200,316253,,,1457,,,0,0
河北,2025,物理类,高职专科,2268,河北美术学院,,物理,214,356143,,,20,,,0,0
河北,2025,物理类,高职专科,2269,河北外国语学院,,物理,203,295438,,,952,,,0,0
河北,2025,物理类,高职专科,2271,鹤壁汽车工程职业学院,,物理,215,327623,,,290,,,0,0
河北,2025,物理类,高职专科,2275,黑龙江三江美术职业学院,,物理,206,353534,,,46,,,0,0
河北,2025,物理类,高职专科,2277,衡阳科技职业学院,,物理,214,360112,,,30,,,0,0
河北,2025,物理类,高职专科,2278,衡阳理工职业学院,,物理,211,316929,,,28,,,0,0
河北,2025,物理类,高职专科,2279,湖北恩施学院,,物理,268,279445,,,80,,,0,0
河北,2025,物理类,高职专科,228,承德应用技术职业学院,,物理,362,240357,,,493,,,0,0
河北,2025,物理类,高职专科,2280,湖北健康职业学院,,物理,288,319329,,,30,,,0,0
河北,2025,物理类,高职专科,2281,湖北三峡航空学院,,物理,225,310867,,,16,,,0,0
河北,2025,物理类,高职专科,2282,湖北商贸学院,,物理,328,302031,,,40,,,0,0
河北,2025,物理类,高职专科,2283,湖北孝感美珈职业学院,,物理,213,328093,,,160,,,0,0
河北,2025,物理类,高职专科,2284,湖南电子科技职业学院,,物理,243,315565,,,10,,,0,0
河北,2025,物理类,高职专科,2285,湖南都市职业学院,,物理,370,314942,,,12,,,0,0
河北,2025,物理类,高职专科,2286,湖南高尔夫旅游职业学院,,物理,224,316253,,,16,,,0,0
河北,2025,物理类,高职专科,2287,湖南工商职业学院,,物理,276,349673,,,2,,,0,0
河北,2025,物理类,高职专科,2288,湖南吉利汽车职业技术学院,,物理,313,297095,,,24,,,0,0
河北,2025,物理类,高职专科,2289,湖南交通工程学院,,物理,232,335946,,,7,,,0,0
河北,2025,物理类,高职专科,2290,湖南软件职业技术大学,,物理,203,320481,,,12,,,0,0
河北,2025,物理类,高职专科,2291,湖南三一工业职业技术学院,,物理,279,286270,,,9,,,0,0
河北,2025,物理类,高职专科,2293,湖南外国语职业学院,,物理,224,314942,,,25,,,0,0
河北,2025,物理类,高职专科,2295,黄冈科技职业学院,,物理,263,323896,,,60,,,0,0
河北,2025,物理类,高职专科,2297,黄山健康职业学院,,物理,233,331988,,,113,,,0,0
河北,2025,物理类,高职专科,2299,吉林城市职业技术学院,,物理,243,329605,,,198,,,0,0
河北,2025,物理类,高职专科,230,赤峰工业职业技术学院,,物理,352,273302,,,202,,,0,0
河北,2025,物理类,高职专科,2302,吉林科技职业技术学院,,物理,215,328606,,,49,,,0,0
河北,2025,物理类,高职专科,2304,吉林职业技术学院,,物理,204,324467,,,120,,,0,0
河北,2025,物理类,高职专科,2305,建东职业技术学院,,物理,239,341275,,,20,,,0,0
河北,2025,物理类,高职专科,2306,江海职业技术学院,,物理,200,338000,,,52,,,0,0
河北,2025,物理类,高职专科,2307,江南影视艺术职业学院,,物理,201,361425,,,2,,,0,0
河北,2025,物理类,高职专科,2308,江西枫林涉外经贸职业学院,,物理,218,319329,,,105,,,0,0
河北,2025,物理类,高职专科,2311,江西工商职业技术学院,,物理,216,290945,,,41,,,0,0
河北,2025,物理类,高职专科,2312,江西航空职业技术学院,,物理,360,211317,,,46,,,0,0
河北,2025,物理类,高职专科,2314,江西洪州职业学院,,物理,220,304225,,,32,,,0,0
河北,2025,物理类,高职专科,2315,江西科技学院,,物理,307,290057,,,17,,,0,0
河北,2025,物理类,高职专科,2316,江西科技职业学院,,物理,241,304225,,,126,,,0,0
河北,2025,物理类,高职专科,2317,江西软件职业技术大学,,物理,212,285293,,,46,,,0,0
河北,2025,物理类,高职专科,2318,江西泰豪动漫职业学院,,物理,235,341596,,,35,,,0,0
河北,2025,物理类,高职专科,2319,江西新能源科技职业学院,,物理,279,309445,,,61,,,0,0
河北,2025,物理类,高职专科,2320,江西应用科技学院,,物理,264,341933,,,8,,,0,0
河北,2025,物理类,高职专科,2321,江西樟树中医药职业学院,,物理,272,305728,,,36,,,0,0
河北,2025,物理类,高职专科,2322,江阳城建职业学院,,物理,200,352957,,,460,,,0,0
河北,2025,物理类,高职专科,2323,金肯职业技术学院,,物理,211,353168,,,12,,,0,0
河北,2025,物理类,高职专科,2324,金山职业技术学院,,物理,205,330092,,,170,,,0,0
河北,2025,物理类,高职专科,2326,荆州学院,,物理,262,306526,,,50,,,0,0
河北,2025,物理类,高职专科,2327,景德镇陶瓷职业技术学院,,物理,201,339885,,,146,,,0,0
河北,2025,物理类,高职专科,2328,景德镇艺术职业大学,,物理,310,325037,,,47,,,0,0
河北,2025,物理类,高职专科,2329,九州职业技术学院,,物理,238,348373,,,3,,,0,0
河北,2025,物理类,高职专科,233,赤峰应用技术职业学院,,物理,324,246657,,,59,,,0,0
河北,2025,物理类,高职专科,2330,昆明城市学院,,物理,205,351263,,,90,,,0,0
河北,2025,物理类,高职专科,2331,昆明传媒学院,,物理,250,356767,,,10,,,0,0
河北,2025,物理类,高职专科,2332,昆明卫生职业学院,,物理,444,244173,,,2,,,0,0
河北,2025,物理类,高职专科,2332,昆明卫生职业学院,,"物理,生物",420,271169,,,2,,,0,0
河北,2025,物理类,高职专科,2335,昆山登云科技职业学院,,物理,259,352332,,,4,,,0,0
河北,2025,物理类,高职专科,2338,兰州科技职业学院,,物理,210,323896,,,31,,,0,0
河北,2025,物理类,高职专科,2339,兰州外语职业学院,,物理,217,339885,,,708,,,0,0
河北,2025,物理类,高职专科,234,重庆财经职业学院,,物理,436,206836,,,27,,,0,0
河北,2025,物理类,高职专科,2341,丽江文化旅游学院,,物理,205,345106,,,12,,,0,0
河北,2025,物理类,高职专科,2342,辽宁传媒学院,,物理,205,344820,,,10,,,0,0
河北,2025,物理类,高职专科,2344,辽宁广告职业学院,,物理,230,334261,,,38,,,0,0
河北,2025,物理类,高职专科,2347,辽宁理工职业大学,,物理,200,349167,,,18,,,0,0
河北,2025,物理类,高职专科,2348,林州建筑职业技术学院,,物理,212,325037,,,80,,,0,0
河北,2025,物理类,高职专科,235,重庆城市管理职业学院,,物理,399,196199,,,150,,,0,0
河北,2025,物理类,高职专科,2350,泸州医疗器械职业学院,,物理,334,312305,,,21,,,0,0
河北,2025,物理类,高职专科,2351,洛阳科技职业学院,,物理,230,322812,,,72,,,0,0
河北,2025,物理类,高职专科,2352,漯河食品工程职业大学,,物理,263,351685,,,80,,,0,0
河北,2025,物理类,高职专科,2354,眉山药科职业学院,,物理,265,332447,,,108,,,0,0
河北,2025,物理类,高职专科,2355,梅河口康美职业技术学院,,物理,238,308000,,,75,,,0,0
河北,2025,物理类,高职专科,2357,绵阳飞行职业学院,,物理,208,332915,,,165,,,0,0
河北,2025,物理类,高职专科,2358,民办合肥滨湖职业技术学院,,物理,260,314942,,,42,,,0,0
河北,2025,物理类,高职专科,2359,民办合肥财经职业学院,,物理,339,308000,,,15,,,0,0
河北,2025,物理类,高职专科,236,重庆城市职业学院,,物理,393,239067,,,52,,,0,0
河北,2025,物理类,高职专科,2360,民办合肥经济技术职业学院,,物理,308,276393,,,6,,,0,0
河北,2025,物理类,高职专科,2361,民办四川天一学院,,物理,209,339518,,,335,,,0,0
河北,2025,物理类,高职专科,2362,民办万博科技职业学院,,物理,255,331050,,,75,,,0,0
河北,2025,物理类,高职专科,2363,明达职业技术学院,,物理,201,342935,,,25,,,0,0
河北,2025,物理类,高职专科,2364,南昌工学院,,物理,239,293648,,,89,,,0,0
河北,2025,物理类,高职专科,2366,南昌理工学院,,物理,217,285293,,,117,,,0,0
河北,2025,物理类,高职专科,2367,南昌应用技术师范学院,,物理,340,301252,,,8,,,0,0
河北,2025,物理类,高职专科,2368,南昌影视传播职业学院,,物理,289,349167,,,3,,,0,0
河北,2025,物理类,高职专科,2369,南昌职业大学,,物理,289,328606,,,10,,,0,0
河北,2025,物理类,高职专科,2370,南充电影工业职业学院,,物理,201,339885,,,516,,,0,0
河北,2025,物理类,高职专科,2371,南充科技职业学院,,物理,200,340256,,,52,,,0,0
河北,2025,物理类,高职专科,2373,南京视觉艺术职业学院,,物理,204,313639,,,28,,,0,0
河北,2025,物理类,高职专科,2377,南阳职业学院,,物理,203,295438,,,35,,,0,0
河北,2025,物理类,高职专科,2378,内蒙古北方职业技术学院,,物理,206,276393,,,359,,,0,0
河北,2025,物理类,高职专科,2379,内蒙古丰州职业学院,,物理,269,312305,,,80,,,0,0
河北,2025,物理类,高职专科,2381,内蒙古科技职业学院,,物理,324,328606,,,20,,,0,0
河北,2025,物理类,高职专科,2382,内蒙古美术职业学院,,物理,282,334702,,,20,,,0,0
河北,2025,物理类,高职专科,2383,内蒙古能源职业学院,,物理,360,305728,,,5,,,0,0
河北,2025,物理类,高职专科,2386,攀枝花攀西职业学院,,物理,201,344185,,,108,,,0,0
河北,2025,物理类,高职专科,2387,齐鲁理工学院,,物理,374,304983,,,15,,,0,0
河北,2025,物理类,高职专科,2388,齐鲁医药学院,,物理,394,231162,,,18,,,0,0
河北,2025,物理类,高职专科,2390,齐齐哈尔理工职业学院,,物理,200,361477,,,10,,,0,0
河北,2025,物理类,高职专科,2391,齐齐哈尔立德健康职业学院,,物理,204,360204,,,183,,,0,0
河北,2025,物理类,高职专科,2396,青岛航空科技职业学院,,物理,267,312305,,,46,,,0,0
河北,2025,物理类,高职专科,2397,青岛恒星科技学院,,物理,210,333820,,,105,,,0,0
河北,2025,物理类,高职专科,2398,青岛黄海学院,,物理,226,304983,,,68,,,0,0
河北,2025,物理类,高职专科,2399,青岛求实职业技术学院,,物理,340,284335,,,78,,,0,0
河北,2025,物理类,高职专科,2400,曲阜远东职业技术学院,,物理,205,325037,,,30,,,0,0
河北,2025,物理类,高职专科,2401,泉州纺织服装职业学院,,物理,262,323896,,,75,,,0,0
河北,2025,物理类,高职专科,2402,泉州工程职业技术学院,,物理,309,283376,,,5,,,0,0
河北,2025,物理类,高职专科,2403,泉州海洋职业学院,,物理,216,251580,,,141,,,0,0
河北,2025,物理类,高职专科,2404,泉州华光职业学院,,物理,250,337194,,,7,,,0,0
河北,2025,物理类,高职专科,2405,泉州轻工职业学院,,物理,234,358846,,,2,,,0,0
河北,2025,物理类,高职专科,2408,日照航海工程职业学院,,物理,289,289151,,,121,,,0,0
河北,2025,物理类,高职专科,2409,日照康养职业学院,,物理,204,350791,,,23,,,0,0
河北,2025,物理类,高职专科,2411,三亚城市职业学院,,物理,214,321658,,,116,,,0,0
河北,2025,物理类,高职专科,2412,三亚航空旅游职业学院,,物理,200,331539,,,65,,,0,0
河北,2025,物理类,高职专科,2413,三亚护理职业学院,,物理,240,250364,,,65,,,0,0
河北,2025,物理类,高职专科,2414,三亚理工职业学院,,物理,254,303438,,,13,,,0,0
河北,2025,物理类,高职专科,2416,三亚中瑞酒店管理职业学院,,物理,206,347872,,,57,,,0,0
河北,2025,物理类,高职专科,2417,山东工程职业技术大学,,物理,202,334702,,,210,,,0,0
河北,2025,物理类,高职专科,2418,山东海事职业学院,,物理,329,285293,,,106,,,0,0
河北,2025,物理类,高职专科,242,重庆电力高等专科学校,,物理,462,167370,,,60,,,0,0
河北,2025,物理类,高职专科,2420,山东力明科技职业学院,,物理,218,240357,,,65,,,0,0
河北,2025,物理类,高职专科,2421,山东圣翰财贸职业学院,,物理,220,296285,,,302,,,0,0
河北,2025,物理类,高职专科,2422,山东外国语职业技术大学,,物理,354,304225,,,6,,,0,0
河北,2025,物理类,高职专科,2422,山东外国语职业技术大学,,"物理,化学",325,302031,,,69,,,0,0
河北,2025,物理类,高职专科,2423,山东外事职业大学,,物理,200,319901,,,290,,,0,0
河北,2025,物理类,高职专科,2424,山东文化产业职业学院,,物理,200,328093,,,130,,,0,0
河北,2025,物理类,高职专科,2425,山东现代学院,,物理,365,263340,,,18,,,0,0
河北,2025,物理类,高职专科,2427,山东艺术设计职业学院,,物理,220,341933,,,95,,,0,0
河北,2025,物理类,高职专科,2428,山东英才学院,,物理,214,329119,,,135,,,0,0
河北,2025,物理类,高职专科,243,重庆电子科技职业大学,,物理,455,217182,,,15,,,0,0
河北,2025,物理类,高职专科,2431,山西老区职业技术学院,,物理,431,259929,,,5,,,0,0
河北,2025,物理类,高职专科,2432,山西同文职业技术学院,,物理,312,290057,,,65,,,0,0
河北,2025,物理类,高职专科,2433,山西信息职业技术学院,,物理,219,352542,,,110,,,0,0
河北,2025,物理类,高职专科,2435,陕西电子信息职业技术学院,,物理,313,279445,,,55,,,0,0
河北,2025,物理类,高职专科,2437,陕西国际商贸学院,,物理,251,301252,,,32,,,0,0
河北,2025,物理类,高职专科,2438,陕西旅游烹饪职业学院,,物理,233,304983,,,37,,,0,0
河北,2025,物理类,高职专科,244,重庆工程职业技术学院,,物理,408,188387,,,43,,,0,0
河北,2025,物理类,高职专科,2441,上海邦德职业技术学院,,物理,222,333371,,,22,,,0,0
河北,2025,物理类,高职专科,2442,上海电影艺术职业学院,,物理,215,318152,,,5,,,0,0
河北,2025,物理类,高职专科,2443,上海东海职业技术学院,,物理,239,300429,,,41,,,0,0
河北,2025,物理类,高职专科,2444,上海工商外国语职业学院,,物理,268,319901,,,2,,,0,0
河北,2025,物理类,高职专科,2445,上海工商职业技术学院,,物理,202,335108,,,41,,,0,0
河北,2025,物理类,高职专科,2446,上海济光职业技术学院,,物理,252,310139,,,36,,,0,0
河北,2025,物理类,高职专科,2448,上海立达学院,,物理,386,303438,,,2,,,0,0
河北,2025,物理类,高职专科,2449,上海民远职业技术学院,,物理,211,352542,,,26,,,0,0
河北,2025,物理类,高职专科,2452,上海思博职业技术学院,,物理,284,327130,,,4,,,0,0
河北,2025,物理类,高职专科,2453,上海震旦职业学院,,物理,200,325559,,,26,,,0,0
河北,2025,物理类,高职专科,2454,上海中侨职业技术大学,,物理,298,345106,,,4,,,0,0
河北,2025,物理类,高职专科,2456,沈阳北软信息职业技术学院,,物理,363,305728,,,45,,,0,0
河北,2025,物理类,高职专科,2457,沈阳城市建设学院,,物理,317,297095,,,18,,,0,0
河北,2025,物理类,高职专科,2459,沈阳工学院,,物理,391,272245,,,28,,,0,0
河北,2025,物理类,高职专科,246,重庆工商职业学院,,物理,411,208299,,,92,,,0,0
河北,2025,物理类,高职专科,2461,石家庄财经职业学院,,物理,200,295438,,,2498,,,0,0
河北,2025,物理类,高职专科,2462,石家庄城市经济职业学院,,物理,208,294532,,,1706,,,0,0
河北,2025,物理类,高职专科,2463,石家庄工程职业学院,,物理,200,297943,,,1159,,,0,0
河北,2025,物理类,高职专科,2464,石家庄工商职业学院,,物理,321,288231,,,497,,,0,0
河北,2025,物理类,高职专科,2465,石家庄金融职业学院,,物理,200,358962,,,2410,,,0,0
河北,2025,物理类,高职专科,2466,石家庄经济职业学院,,物理,205,310139,,,2825,,,0,0
河北,2025,物理类,高职专科,2467,石家庄科技信息职业学院,,物理,210,277415,,,641,,,0,0
河北,2025,物理类,高职专科,2468,石家庄科技职业学院,,物理,203,299558,,,1114,,,0,0
河北,2025,物理类,高职专科,2469,石家庄理工职业学院,,物理,200,281438,,,1344,,,0,0
河北,2025,物理类,高职专科,247,重庆工信职业学院,,物理,431,232534,,,30,,,0,0
河北,2025,物理类,高职专科,2470,石家庄农林职业学院,,物理,200,327130,,,765,,,0,0
河北,2025,物理类,高职专科,2471,石家庄人民医学高等专科学校,,物理,250,263340,,,568,,,0,0
河北,2025,物理类,高职专科,2472,石家庄医学高等专科学校,,物理,202,267857,,,1105,,,0,0
河北,2025,物理类,高职专科,2473,四川长江职业学院,,物理,211,320481,,,115,,,0,0
河北,2025,物理类,高职专科,2474,四川城市职业学院,,物理,231,337613,,,180,,,0,0
河北,2025,物理类,高职专科,2475,四川传媒学院,,物理,382,306526,,,2,,,0,0
河北,2025,物理类,高职专科,2476,四川电影电视学院,,物理,227,293648,,,29,,,0,0
河北,2025,物理类,高职专科,2477,四川电子机械职业技术学院,,物理,231,326104,,,38,,,0,0
河北,2025,物理类,高职专科,2478,四川工商学院,,物理,342,322236,,,9,,,0,0
河北,2025,物理类,高职专科,2479,四川工业科技学院,,物理,419,265644,,,2,,,0,0
河北,2025,物理类,高职专科,248,重庆工业职业技术大学,,物理,436,193088,,,8,,,0,0
河北,2025,物理类,高职专科,2480,四川国际标榜职业学院,,物理,239,339518,,,55,,,0,0
河北,2025,物理类,高职专科,2481,四川华新现代职业学院,,物理,217,328606,,,89,,,0,0
河北,2025,物理类,高职专科,2482,四川科技职业学院,,物理,218,328606,,,140,,,0,0
河北,2025,物理类,高职专科,2483,四川汽车职业技术学院,,物理,202,333371,,,135,,,0,0
河北,2025,物理类,高职专科,2484,四川托普信息技术职业学院,,物理,237,335532,,,43,,,0,0
河北,2025,物理类,高职专科,2485,四川文化传媒职业学院,,物理,223,325559,,,39,,,0,0
河北,2025,物理类,高职专科,2486,四川文化艺术学院,,物理,304,326104,,,3,,,0,0
河北,2025,物理类,高职专科,2487,四川文轩职业学院,,物理,202,316253,,,304,,,0,0
河北,2025,物理类,高职专科,2488,四川西南航空职业学院,,物理,200,322812,,,310,,,0,0
河北,2025,物理类,高职专科,2489,四川希望汽车职业学院,,物理,236,340256,,,165,,,0,0
河北,2025,物理类,高职专科,249,重庆航天职业技术学院,,物理,468,211317,,,2,,,0,0
河北,2025,物理类,高职专科,2490,四川现代职业学院,,物理,299,302031,,,28,,,0,0
河北,2025,物理类,高职专科,2491,四川应用技术职业学院,,物理,208,335532,,,325,,,0,0
河北,2025,物理类,高职专科,2492,苏州高博职业学院,,物理,232,342604,,,99,,,0,0
河北,2025,物理类,高职专科,2493,宿迁泽达职业技术学院,,物理,281,342935,,,5,,,0,0
河北,2025,物理类,高职专科,2494,宿迁职业技术学院,,物理,233,341275,,,65,,,0,0
河北,2025,物理类,高职专科,2495,宿州航空职业学院,,物理,234,324467,,,65,,,0,0
河北,2025,物理类,高职专科,2496,遂宁工程职业学院,,物理,238,339518,,,125,,,0,0
河北,2025,物理类,高职专科,2497,遂宁职业学院,,物理,240,343230,,,165,,,0,0
河北,2025,物理类,高职专科,2498,太湖创意职业技术学院,,物理,410,282414,,,1,,,0,0
河北,2025,物理类,高职专科,2499,泰山科技学院,,物理,208,342604,,,184,,,0,0
河北,2025,物理类,高职专科,2500,唐山海运职业学院,,物理,201,330092,,,1190,,,0,0
河北,2025,物理类,高职专科,2501,天府新区航空旅游职业学院,,物理,205,349673,,,462,,,0,0
河北,2025,物理类,高职专科,2502,天府新区通用航空职业学院,,物理,202,331988,,,129,,,0,0
河北,2025,物理类,高职专科,2503,天府新区信息职业学院,,物理,212,339518,,,193,,,0,0
河北,2025,物理类,高职专科,2504,天津滨海汽车工程职业学院,,物理,203,314276,,,1345,,,0,0
河北,2025,物理类,高职专科,2507,天津天狮学院,,物理,201,349167,,,52,,,0,0
河北,2025,物理类,高职专科,2509,潍坊工商职业学院,,物理,215,267857,,,245,,,0,0
河北,2025,物理类,高职专科,251,重庆化工职业学院,,物理,435,245391,,,10,,,0,0
河北,2025,物理类,高职专科,2510,潍坊环境工程职业学院,,物理,221,289151,,,157,,,0,0
河北,2025,物理类,高职专科,2513,潍坊理工学院,,物理,325,304225,,,13,,,0,0
河北,2025,物理类,高职专科,2514,潍坊食品科技职业学院,,物理,219,323896,,,95,,,0,0
河北,2025,物理类,高职专科,2515,温州商学院,,物理,324,323896,,,3,,,0,0
河北,2025,物理类,高职专科,2516,文华学院,,物理,276,280425,,,50,,,0,0
河北,2025,物理类,高职专科,2517,无锡南洋职业技术学院,,物理,233,351263,,,42,,,0,0
河北,2025,物理类,高职专科,2519,梧州医学高等专科学校,,物理,308,295438,,,7,,,0,0
河北,2025,物理类,高职专科,2521,武昌理工学院,,物理,315,281438,,,28,,,0,0
河北,2025,物理类,高职专科,2522,武昌首义学院,,物理,314,280425,,,75,,,0,0
河北,2025,物理类,高职专科,2523,武昌职业学院,,物理,261,304983,,,50,,,0,0
河北,2025,物理类,高职专科,2526,武汉传媒学院,,物理,328,316929,,,13,,,0,0
河北,2025,物理类,高职专科,2527,武汉东湖学院,,物理,304,299558,,,95,,,0,0
河北,2025,物理类,高职专科,2528,武汉工程科技学院,,物理,298,297943,,,75,,,0,0
河北,2025,物理类,高职专科,2529,武汉工商学院,,物理,381,290057,,,14,,,0,0
河北,2025,物理类,高职专科,2530,武汉光谷职业学院,,物理,334,282414,,,45,,,0,0
河北,2025,物理类,高职专科,2533,武汉商贸职业学院,,物理,304,281438,,,64,,,0,0
河北,2025,物理类,高职专科,2534,武汉设计工程学院,,物理,323,299558,,,20,,,0,0
河北,2025,物理类,高职专科,2535,武汉生物工程学院,,物理,329,262216,,,39,,,0,0
河北,2025,物理类,高职专科,2536,武汉外语外事职业学院,,物理,343,281438,,,28,,,0,0
河北,2025,物理类,高职专科,2537,武汉文理学院,,物理,304,281438,,,32,,,0,0
河北,2025,物理类,高职专科,2538,武汉信息传播职业技术学院,,物理,338,295438,,,10,,,0,0
河北,2025,物理类,高职专科,2540,武夷山职业学院,,物理,241,341596,,,98,,,0,0
河北,2025,物理类,高职专科,2541,西安城市建设职业学院,,物理,205,318756,,,587,,,0,0
河北,2025,物理类,高职专科,2542,西安翻译学院,,物理,280,274318,,,11,,,0,0
河北,2025,物理类,高职专科,2543,西安高新科技职业学院,,物理,331,276393,,,40,,,0,0
河北,2025,物理类,高职专科,2544,西安工商学院,,物理,313,304983,,,53,,,0,0
河北,2025,物理类,高职专科,2545,西安海棠职业学院,,物理,308,282414,,,177,,,0,0
河北,2025,物理类,高职专科,2546,西安交通工程学院,,物理,378,272245,,,26,,,0,0
河北,2025,物理类,高职专科,2547,西安明德理工学院,,物理,383,284335,,,46,,,0,0
河北,2025,物理类,高职专科,2548,西安欧亚学院,,物理,270,284335,,,23,,,0,0
河北,2025,物理类,高职专科,255,重庆青年职业技术学院,,物理,431,240357,,,35,,,0,0
河北,2025,物理类,高职专科,2550,西安汽车职业大学,,物理,239,298777,,,211,,,0,0
河北,2025,物理类,高职专科,2551,西安思源学院,,物理,203,285293,,,53,,,0,0
河北,2025,物理类,高职专科,2552,西安外事学院,,物理,260,294532,,,63,,,0,0
河北,2025,物理类,高职专科,2553,西安信息职业大学,,物理,223,294532,,,230,,,0,0
河北,2025,物理类,高职专科,2554,西安医学高等专科学校,,物理,424,232534,,,40,,,0,0
河北,2025,物理类,高职专科,2556,厦门安防科技职业学院,,物理,255,303438,,,9,,,0,0
河北,2025,物理类,高职专科,2557,厦门东海职业技术学院,,物理,219,341275,,,22,,,0,0
河北,2025,物理类,高职专科,2559,厦门华天涉外职业技术学院,,物理,254,355686,,,140,,,0,0
河北,2025,物理类,高职专科,2561,厦门南洋职业学院,,物理,315,304983,,,18,,,0,0
河北,2025,物理类,高职专科,2562,厦门软件职业技术学院,,物理,345,329119,,,6,,,0,0
河北,2025,物理类,高职专科,2563,厦门兴才职业技术学院,,物理,201,338000,,,31,,,0,0
河北,2025,物理类,高职专科,2564,厦门演艺职业学院,,物理,213,360751,,,20,,,0,0
河北,2025,物理类,高职专科,2566,潇湘职业学院,,物理,347,328093,,,2,,,0,0
河北,2025,物理类,高职专科,2567,新疆科技职业技术学院,,物理,206,347872,,,89,,,0,0
河北,2025,物理类,高职专科,2568,新疆科信职业技术学院,,物理,216,351909,,,100,,,0,0
河北,2025,物理类,高职专科,2569,新疆能源职业技术学院,,物理,215,308000,,,127,,,0,0
河北,2025,物理类,高职专科,257,重庆三峡医药高等专科学校,,物理,460,175569,,,20,,,0,0
河北,2025,物理类,高职专科,2570,新疆天山职业技术大学,,物理,307,314276,,,16,,,0,0
河北,2025,物理类,高职专科,2571,新疆现代职业技术学院,,物理,222,320481,,,24,,,0,0
河北,2025,物理类,高职专科,2572,信阳航空职业学院,,物理,235,344487,,,80,,,0,0
河北,2025,物理类,高职专科,2573,信阳涉外职业技术学院,,物理,230,333371,,,30,,,0,0
河北,2025,物理类,高职专科,2575,邢台新能源职业学院,,物理,202,303438,,,1808,,,0,0
河北,2025,物理类,高职专科,2576,邢台应用技术职业学院,,物理,200,340616,,,1325,,,0,0
河北,2025,物理类,高职专科,2577,烟台城市科技职业学院,,物理,237,288231,,,132,,,0,0
河北,2025,物理类,高职专科,2578,烟台黄金职业学院,,物理,207,308740,,,235,,,0,0
河北,2025,物理类,高职专科,2579,烟台科技学院,,物理,364,313639,,,15,,,0,0
河北,2025,物理类,高职专科,258,重庆商务职业学院,,物理,421,218647,,,21,,,0,0
河北,2025,物理类,高职专科,2581,烟台南山学院,,物理,254,285293,,,112,,,0,0
河北,2025,物理类,高职专科,2582,炎黄职业技术学院,,物理,279,350127,,,8,,,0,0
河北,2025,物理类,高职专科,2583,燕京理工学院,,物理,202,329119,,,2176,,,0,0
河北,2025,物理类,高职专科,2584,扬州中瑞酒店职业学院,,物理,205,338756,,,33,,,0,0
河北,2025,物理类,高职专科,2587,银川科技学院,,物理,259,314942,,,33,,,0,0
河北,2025,物理类,高职专科,2589,榆林能源科技职业学院,,物理,227,310139,,,292,,,0,0
河北,2025,物理类,高职专科,2591,岳阳现代服务职业学院,,物理,295,347580,,,1,,,0,0
河北,2025,物理类,高职专科,2593,云南城市建设职业学院,,物理,203,323896,,,210,,,0,0
河北,2025,物理类,高职专科,2594,云南工程职业学院,,物理,305,331050,,,4,,,0,0
河北,2025,物理类,高职专科,2595,云南工商学院,,物理,226,337194,,,602,,,0,0
河北,2025,物理类,高职专科,2596,云南经济管理学院,,物理,256,278461,,,22,,,0,0
河北,2025,物理类,高职专科,2597,云南经贸外事职业学院,,物理,228,352130,,,4,,,0,0
河北,2025,物理类,高职专科,2597,云南经贸外事职业学院,,"物理,化学",245,355991,,,5,,,0,0
河北,2025,物理类,高职专科,2597,云南经贸外事职业学院,,"物理,生物",243,357691,,,2,,,0,0
河北,2025,物理类,高职专科,2598,云南科技信息职业学院,,物理,275,314942,,,8,,,0,0
河北,2025,物理类,高职专科,2599,云南理工职业学院,,物理,200,331050,,,44,,,0,0
河北,2025,物理类,高职专科,260,重庆水利电力职业技术学院,,物理,454,209841,,,7,,,0,0
河北,2025,物理类,高职专科,2600,云南三鑫职业技术学院,,物理,221,315565,,,144,,,0,0
河北,2025,物理类,高职专科,2601,云南商务职业学院,,物理,201,344820,,,96,,,0,0
河北,2025,物理类,高职专科,2602,云南外事外语职业学院,,物理,242,341275,,,75,,,0,0
河北,2025,物理类,高职专科,2603,云南新兴职业学院,,物理,245,329119,,,50,,,0,0
河北,2025,物理类,高职专科,2604,云南医药健康职业学院,,物理,225,282414,,,75,,,0,0
河北,2025,物理类,高职专科,2607,张家界学院,,物理,240,326104,,,7,,,0,0
河北,2025,物理类,高职专科,2608,漳州科技职业学院,,物理,205,327130,,,34,,,0,0
河北,2025,物理类,高职专科,2609,漳州理工职业学院,,物理,249,297095,,,10,,,0,0
河北,2025,物理类,高职专科,2614,郑州城市职业学院,,物理,237,316253,,,50,,,0,0
河北,2025,物理类,高职专科,2616,郑州工业应用技术学院,,物理,351,326104,,,10,,,0,0
河北,2025,物理类,高职专科,2618,郑州科技学院,,物理,350,302031,,,15,,,0,0
河北,2025,物理类,高职专科,2620,郑州商贸旅游职业学院,,物理,345,329119,,,5,,,0,0
河北,2025,物理类,高职专科,2623,郑州食品工程职业学院,,物理,217,313639,,,34,,,0,0
河北,2025,物理类,高职专科,2625,郑州信息工程职业学院,,物理,288,326104,,,25,,,0,0
河北,2025,物理类,高职专科,2626,郑州医药健康职业学院,,物理,339,291853,,,33,,,0,0
河北,2025,物理类,高职专科,2628,株洲科技职业学院,,物理,217,328606,,,8,,,0,0
河北,2025,物理类,高职专科,263,重庆五一职业技术学院,,物理,421,244173,,,40,,,0,0
河北,2025,物理类,高职专科,2630,珠海艺术职业学院,,物理,238,358345,,,4,,,0,0
河北,2025,物理类,高职专科,2631,资阳环境科技职业学院,,物理,209,326104,,,104,,,0,0
河北,2025,物理类,高职专科,2632,资阳口腔职业学院,,物理,251,356278,,,30,,,0,0
河北,2025,物理类,高职专科,2632,资阳口腔职业学院,,"物理,化学",401,290945,,,25,,,0,0
河北,2025,物理类,高职专科,2633,自贡职业技术学院,,物理,202,348625,,,225,,,0,0
河北,2025,物理类,高职专科,265,重庆医药高等专科学校,,物理,472,142016,,,10,,,0,0
河北,2025,物理类,高职专科,265,重庆医药高等专科学校,,"物理,化学",487,181967,,,2,,,0,0
河北,2025,物理类,高职专科,268,滁州城市职业学院,,物理,411,265644,,,15,,,0,0
河北,2025,物理类,高职专科,27,安徽汽车职业技术学院,,物理,400,239067,,,20,,,0,0
河北,2025,物理类,高职专科,270,滁州职业技术学院,,物理,423,268973,,,5,,,0,0
河北,2025,物理类,高职专科,272,楚雄医药高等专科学校,,"物理,化学,生物",408,227077,,,8,,,0,0
河北,2025,物理类,高职专科,28,安徽商贸职业技术学院,,物理,427,208299,,,8,,,0,0
河北,2025,物理类,高职专科,29,安徽审计职业学院,,物理,426,235189,,,8,,,0,0
河北,2025,物理类,高职专科,293,大连职业技术学院,,物理,432,202340,,,62,,,0,0
河北,2025,物理类,高职专科,295,大庆医学高等专科学校,,物理,355,186805,,,68,,,0,0
河北,2025,物理类,高职专科,296,大庆职业学院,,物理,384,221488,,,26,,,0,0
河北,2025,物理类,高职专科,297,大同师范高等专科学校,,物理,408,244173,,,42,,,0,0
河北,2025,物理类,高职专科,298,大兴安岭职业学院,,物理,338,267857,,,17,,,0,0
河北,2025,物理类,高职专科,298,大兴安岭职业学院,,"物理,化学",406,225599,,,19,,,0,0
河北,2025,物理类,高职专科,298,大兴安岭职业学院,,"物理,生物",441,247903,,,2,,,0,0
河北,2025,物理类,高职专科,299,德宏职业学院,,物理,458,225599,,,1,,,0,0
河北,2025,物理类,高职专科,3,阿拉善职业技术学院,,物理,260,298777,,,262,,,0,0
河北,2025,物理类,高职专科,301,德州职业技术学院,,物理,374,268973,,,70,,,0,0
河北,2025,物理类,高职专科,307,定西职业技术学院,,物理,375,272245,,,49,,,0,0
河北,2025,物理类,高职专科,31,安徽水利水电职业技术学院,,物理,454,231162,,,5,,,0,0
河北,2025,物理类,高职专科,32,安徽卫生健康职业学院,,物理,418,263340,,,22,,,0,0
河北,2025,物理类,高职专科,33,安徽新闻出版职业技术学院,,物理,400,235189,,,10,,,0,0
河北,2025,物理类,高职专科,330,东莞职业技术学院,,物理,325,227077,,,12,,,0,0
河北,2025,物理类,高职专科,331,东营科技职业学院,,物理,386,231162,,,150,,,0,0
河北,2025,物理类,高职专科,332,东营职业学院,,物理,451,235189,,,4,,,0,0
河北,2025,物理类,高职专科,335,鄂尔多斯生态环境职业学院,,物理,303,264546,,,75,,,0,0
河北,2025,物理类,高职专科,337,鄂尔多斯职业学院,,物理,304,268973,,,91,,,0,0
河北,2025,物理类,高职专科,338,鄂州职业大学,,物理,388,251580,,,41,,,0,0
河北,2025,物理类,高职专科,339,恩施职业技术学院,,物理,360,278461,,,39,,,0,0
河北,2025,物理类,高职专科,34,安徽冶金科技职业学院,,物理,396,237730,,,33,,,0,0
河北,2025,物理类,高职专科,349,福建水利电力职业技术学院,,物理,412,244173,,,17,,,0,0
河北,2025,物理类,高职专科,354,福州墨尔本理工职业学院,,物理,270,318756,,,31,,,0,0
河北,2025,物理类,高职专科,355,抚顺职业技术学院,,物理,389,251580,,,15,,,0,0
河北,2025,物理类,高职专科,356,抚州医药学院,,物理,436,220074,,,23,,,0,0
河北,2025,物理类,高职专科,359,阜新高等专科学校,,物理,372,245391,,,20,,,0,0
河北,2025,物理类,高职专科,361,阜阳职业技术学院,,物理,398,258796,,,10,,,0,0
河北,2025,物理类,高职专科,367,甘肃财贸职业学院,,物理,367,252764,,,28,,,0,0
河北,2025,物理类,高职专科,368,甘肃钢铁职业技术学院,,物理,362,237730,,,14,,,0,0
河北,2025,物理类,高职专科,369,甘肃工业职业技术大学,,物理,390,220074,,,23,,,0,0
河北,2025,物理类,高职专科,37,安徽邮电职业技术学院,,物理,434,256401,,,10,,,0,0
河北,2025,物理类,高职专科,370,甘肃建筑职业技术学院,,物理,347,294532,,,15,,,0,0
河北,2025,物理类,高职专科,371,甘肃交通职业技术学院,,物理,410,231162,,,4,,,0,0
河北,2025,物理类,高职专科,372,甘肃林业职业技术大学,,物理,366,239067,,,5,,,0,0
河北,2025,物理类,高职专科,375,甘肃农业职业技术学院,,物理,392,288231,,,6,,,0,0
河北,2025,物理类,高职专科,376,甘肃畜牧工程职业技术学院,,物理,260,266798,,,259,,,0,0
河北,2025,物理类,高职专科,378,甘肃有色冶金职业技术学院,,物理,258,279445,,,107,,,0,0
河北,2025,物理类,高职专科,38,安徽职业技术大学,,物理,433,181967,,,6,,,0,0
河北,2025,物理类,高职专科,384,赣南卫生健康职业学院,,物理,413,279445,,,2,,,0,0
河北,2025,物理类,高职专科,386,赣州职业技术学院,,物理,220,258796,,,19,,,0,0
河北,2025,物理类,高职专科,388,广东财贸职业学院,,物理,397,264546,,,20,,,0,0
河北,2025,物理类,高职专科,39,安徽中澳科技职业学院,,物理,387,247903,,,12,,,0,0
河北,2025,物理类,高职专科,390,广东工程职业技术学院,,物理,423,268973,,,10,,,0,0
河北,2025,物理类,高职专科,391,广东工贸职业技术学院,,物理,433,257615,,,5,,,0,0
河北,2025,物理类,高职专科,395,广东江门中医药职业学院,,物理,379,233839,,,18,,,0,0
河北,2025,物理类,高职专科,396,广东交通职业技术学院,,物理,442,246657,,,5,,,0,0
河北,2025,物理类,高职专科,398,广东科贸职业学院,,物理,437,244173,,,18,,,0,0
河北,2025,物理类,高职专科,399,广东科学技术职业学院,,物理,436,183545,,,17,,,0,0
河北,2025,物理类,高职专科,4,阿勒泰职业技术学院,,物理,306,267857,,,45,,,0,0
河北,2025,物理类,高职专科,400,广东理工职业学院,,物理,381,235189,,,21,,,0,0
河北,2025,物理类,高职专科,401,广东茂名健康职业学院,,"物理,化学",378,288231,,,23,,,0,0
河北,2025,物理类,高职专科,402,广东南华工商职业学院,,物理,253,268973,,,10,,,0,0
河北,2025,物理类,高职专科,403,广东农工商职业技术学院,,物理,311,331988,,,8,,,0,0
河北,2025,物理类,高职专科,404,广东女子职业技术学院,,物理,412,268973,,,7,,,0,0
河北,2025,物理类,高职专科,405,广东轻工职业技术大学,,物理,456,191536,,,11,,,0,0
河北,2025,物理类,高职专科,406,广东生态工程职业学院,,物理,389,224230,,,15,,,0,0
河北,2025,物理类,高职专科,407,广东省外语艺术职业学院,,物理,363,319329,,,10,,,0,0
河北,2025,物理类,高职专科,409,广东食品药品职业学院,,物理,395,231162,,,13,,,0,0
河北,2025,物理类,高职专科,415,广西安全工程职业技术学院,,物理,358,296285,,,55,,,0,0
河北,2025,物理类,高职专科,418,广西电力职业技术学院,,物理,444,228462,,,22,,,0,0
河北,2025,物理类,高职专科,419,广西国际商务职业技术学院,,物理,353,274318,,,7,,,0,0
河北,2025,物理类,高职专科,42,安康职业技术学院,,物理,357,245391,,,33,,,0,0
河北,2025,物理类,高职专科,420,广西建设职业技术学院,,物理,383,279445,,,9,,,0,0
河北,2025,物理类,高职专科,427,广西生态工程职业技术学院,,物理,267,270096,,,40,,,0,0
河北,2025,物理类,高职专科,429,广西体育高等专科学校,,物理,406,286270,,,1,,,0,0
河北,2025,物理类,高职专科,430,广西物流职业技术学院,,物理,391,299558,,,5,,,0,0
河北,2025,物理类,高职专科,433,广西幼儿师范高等专科学校,,物理,364,306526,,,10,,,0,0
河北,2025,物理类,高职专科,435,广西自然资源职业技术学院,,物理,318,282414,,,67,,,0,0
河北,2025,物理类,高职专科,436,广州城市职业学院,,物理,373,225599,,,32,,,0,0
河北,2025,物理类,高职专科,439,广州科技贸易职业学院,,物理,398,264546,,,17,,,0,0
河北,2025,物理类,高职专科,439,广州科技贸易职业学院,,"物理,化学",420,233839,,,5,,,0,0
河北,2025,物理类,高职专科,441,广州民航职业技术学院,,物理,402,135284,,,131,,,0,0
河北,2025,物理类,高职专科,443,广州铁路职业技术学院,,物理,458,214306,,,25,,,0,0
河北,2025,物理类,高职专科,444,广州卫生职业技术学院,,物理,388,186805,,,12,,,0,0
河北,2025,物理类,高职专科,449,贵州传媒职业学院,,物理,375,285293,,,35,,,0,0
河北,2025,物理类,高职专科,451,贵州电子信息职业技术学院,,物理,333,265644,,,94,,,0,0
河北,2025,物理类,高职专科,453,贵州工业职业技术学院,,物理,403,262216,,,20,,,0,0
河北,2025,物理类,高职专科,454,贵州机电职业技术学院,,物理,423,240357,,,7,,,0,0
河北,2025,物理类,高职专科,455,贵州健康职业学院,,物理,408,284335,,,5,,,0,0
河北,2025,物理类,高职专科,456,贵州交通职业大学,,物理,392,237730,,,19,,,0,0
河北,2025,物理类,高职专科,457,贵州经贸职业技术学院,,物理,375,311624,,,30,,,0,0
河北,2025,物理类,高职专科,462,贵州轻工职业大学,,物理,408,240357,,,12,,,0,0
河北,2025,物理类,高职专科,464,贵州生态能源职业学院,,物理,375,276393,,,15,,,0,0
河北,2025,物理类,高职专科,469,贵州职业技术学院,,物理,351,242920,,,47,,,0,0
河北,2025,物理类,高职专科,473,桂林理工大学,,物理,436,186805,,,76,,,0,0
河北,2025,物理类,高职专科,474,桂林旅游学院,,物理,378,282414,,,4,,,0,0
河北,2025,物理类,高职专科,475,桂林师范学院,,物理,332,232534,,,18,,,0,0
河北,2025,物理类,高职专科,479,哈尔滨电力职业技术学院,,物理,446,208299,,,15,,,0,0
河北,2025,物理类,高职专科,488,哈尔滨科学技术职业学院,,物理,329,235189,,,40,,,0,0
河北,2025,物理类,高职专科,49,安阳职业技术学院,,物理,399,257615,,,98,,,0,0
河北,2025,物理类,高职专科,494,哈尔滨铁道职业技术学院,,物理,451,193088,,,50,,,0,0
河北,2025,物理类,高职专科,499,哈尔滨幼儿师范高等专科学校,,物理,237,256401,,,106,,,0,0
河北,2025,物理类,高职专科,500,哈尔滨职业技术大学,,物理,456,217182,,,10,,,0,0
河北,2025,物理类,高职专科,501,哈密职业技术学院,,物理,345,286270,,,23,,,0,0
河北,2025,物理类,高职专科,505,海南经贸职业技术学院,,物理,418,261102,,,9,,,0,0
河北,2025,物理类,高职专科,507,海南软件职业技术学院,,物理,412,262216,,,6,,,0,0
河北,2025,物理类,高职专科,51,鞍山职业技术学院,,物理,402,180401,,,6,,,0,0
河北,2025,物理类,高职专科,510,海南外国语职业学院,,物理,370,312305,,,4,,,0,0
河北,2025,物理类,高职专科,511,海南卫生健康职业学院,,物理,374,236491,,,13,,,0,0
河北,2025,物理类,高职专科,513,海南职业技术学院,,物理,349,257615,,,43,,,0,0
河北,2025,物理类,高职专科,514,邯郸科技职业学院,,物理,403,236491,,,880,,,0,0
河北,2025,物理类,高职专科,517,邯郸幼儿师范高等专科学校,,物理,385,255217,,,678,,,0,0
河北,2025,物理类,高职专科,518,邯郸职业技术学院,,物理,382,222850,,,1318,,,0,0
河北,2025,物理类,高职专科,52,巴音郭楞职业技术学院,,物理,296,302031,,,300,,,0,0
河北,2025,物理类,高职专科,520,汉江师范学院,,物理,440,241650,,,19,,,0,0
河北,2025,物理类,高职专科,521,汉中职业技术学院,,物理,294,205382,,,103,,,0,0
河北,2025,物理类,高职专科,526,杭州职业技术大学,,物理,482,167370,,,25,,,0,0
河北,2025,物理类,高职专科,534,合肥通用职业技术学院,,物理,391,259929,,,36,,,0,0
河北,2025,物理类,高职专科,535,合肥幼儿师范高等专科学校,,物理,398,235189,,,10,,,0,0
河北,2025,物理类,高职专科,536,和田职业技术学院,,物理,328,300429,,,18,,,0,0
河北,2025,物理类,高职专科,54,白城医学高等专科学校,,物理,482,165687,,,4,,,0,0
河北,2025,物理类,高职专科,549,河北对外经贸职业学院,,物理,333,214306,,,456,,,0,0
河北,2025,物理类,高职专科,55,白城职业技术学院,,物理,362,319901,,,100,,,0,0
河北,2025,物理类,高职专科,56,白银矿冶职业技术学院,,物理,357,278461,,,55,,,0,0
河北,2025,物理类,高职专科,561,河北工业职业技术大学,,物理,356,205382,,,2015,,,0,0
河北,2025,物理类,高职专科,562,河北工业职业技术大学,,物理,417,183545,,,300,,,0,0
河北,2025,物理类,高职专科,563,河北工艺美术职业学院,,物理,396,275349,,,55,,,0,0
河北,2025,物理类,高职专科,565,河北轨道运输职业技术学院,,物理,437,142016,,,662,,,0,0
河北,2025,物理类,高职专科,566,河北化工医药职业技术学院,,物理,406,206836,,,1704,,,0,0
河北,2025,物理类,高职专科,568,河北机电职业技术学院,,物理,315,232534,,,1035,,,0,0
河北,2025,物理类,高职专科,569,河北建材职业技术学院,,物理,383,235189,,,391,,,0,0
河北,2025,物理类,高职专科,571,河北交通职业技术学院,,物理,415,222850,,,490,,,0,0
河北,2025,物理类,高职专科,58,百色职业学院,,物理,360,263340,,,41,,,0,0
河北,2025,物理类,高职专科,583,河北科技工程职业技术大学,,物理,404,189932,,,240,,,0,0
河北,2025,物理类,高职专科,585,河北劳动关系职业学院,,物理,357,249128,,,805,,,0,0
河北,2025,物理类,高职专科,586,河北旅游职业学院,,物理,227,235189,,,508,,,0,0
河北,2025,物理类,高职专科,590,河北能源职业技术学院,,物理,380,208299,,,304,,,0,0
河北,2025,物理类,高职专科,596,河北女子职业技术学院,,物理,385,255217,,,284,,,0,0
河北,2025,物理类,高职专科,597,河北青年管理干部学院,,物理,293,253975,,,2099,,,0,0
河北,2025,物理类,高职专科,598,河北软件职业技术学院,,物理,377,220074,,,407,,,0,0
河北,2025,物理类,高职专科,599,河北软件职业技术学院,,物理,405,245391,,,295,,,0,0
河北,2025,物理类,高职专科,6,安徽财贸职业学院,,物理,414,265644,,,15,,,0,0
河北,2025,物理类,高职专科,606,河北石油职业技术大学,,物理,451,208299,,,243,,,0,0
河北,2025,物理类,高职专科,608,河北司法警官职业学院,,物理,396,246657,,,790,,,0,0
河北,2025,物理类,高职专科,61,包头钢铁职业技术学院,,物理,427,264546,,,5,,,0,0
河北,2025,物理类,高职专科,614,河北艺术职业学院,,物理,376,270096,,,70,,,0,0
河北,2025,物理类,高职专科,615,河北正定师范高等专科学校,,物理,400,228462,,,218,,,0,0
河北,2025,物理类,高职专科,616,河北政法职业学院,,物理,383,221488,,,1666,,,0,0
河北,2025,物理类,高职专科,62,包头铁道职业技术学院,,物理,459,199215,,,35,,,0,0
河北,2025,物理类,高职专科,621,河北资源环境职业技术学院,,物理,378,259929,,,796,,,0,0
河北,2025,物理类,高职专科,627,河南测绘职业学院,,物理,395,268973,,,22,,,0,0
河北,2025,物理类,高职专科,63,包头职业技术学院,,物理,399,256401,,,160,,,0,0
河北,2025,物理类,高职专科,630,河南地矿职业学院,,物理,389,271169,,,50,,,0,0
河北,2025,物理类,高职专科,634,河南工业和信息化职业学院,,物理,387,252764,,,150,,,0,0
河北,2025,物理类,高职专科,635,河南工业贸易职业学院,,物理,428,263340,,,12,,,0,0
河北,2025,物理类,高职专科,636,河南工业职业技术学院,,物理,417,240357,,,20,,,0,0
河北,2025,物理类,高职专科,637,河南护理职业学院,,物理,410,236491,,,14,,,0,0
河北,2025,物理类,高职专科,640,河南经贸职业学院,,物理,431,200789,,,13,,,0,0
河北,2025,物理类,高职专科,646,河南农业职业学院,,物理,392,280425,,,25,,,0,0
河北,2025,物理类,高职专科,647,河南轻工职业学院,,物理,405,259929,,,19,,,0,0
河北,2025,物理类,高职专科,65,宝鸡职业技术学院,,物理,331,186805,,,50,,,0,0
河北,2025,物理类,高职专科,650,河南水利与环境职业学院,,物理,364,261102,,,60,,,0,0
河北,2025,物理类,高职专科,651,河南司法警官职业学院,,物理,434,256401,,,2,,,0,0
河北,2025,物理类,高职专科,652,河南推拿职业学院,,物理,454,231162,,,15,,,0,0
河北,2025,物理类,高职专科,653,河南医学高等专科学校,,物理,455,229804,,,10,,,0,0
河北,2025,物理类,高职专科,656,河南应用技术职业学院,,物理,399,247903,,,58,,,0,0
河北,2025,物理类,高职专科,659,河源职业技术学院,,物理,411,274318,,,13,,,0,0
河北,2025,物理类,高职专科,66,保定电力职业技术学院,,物理,452,131912,,,322,,,0,0
河北,2025,物理类,高职专科,660,菏泽家政职业学院,,物理,415,275349,,,10,,,0,0
河北,2025,物理类,高职专科,662,菏泽医学专科学校,,物理,469,183545,,,12,,,0,0
河北,2025,物理类,高职专科,662,菏泽医学专科学校,,"物理,化学",469,209841,,,3,,,0,0
河北,2025,物理类,高职专科,663,菏泽职业学院,,物理,385,252764,,,75,,,0,0
河北,2025,物理类,高职专科,665,鹤壁能源化工职业学院,,物理,392,270096,,,103,,,0,0
河北,2025,物理类,高职专科,666,鹤壁职业技术学院,,物理,383,264546,,,70,,,0,0
河北,2025,物理类,高职专科,667,鹤岗师范高等专科学校,,物理,321,287262,,,55,,,0,0
河北,2025,物理类,高职专科,671,黑龙江冰雪体育职业学院,,物理,402,290057,,,5,,,0,0
河北,2025,物理类,高职专科,675,黑龙江护理高等专科学校,,物理,414,202340,,,85,,,0,0
河北,2025,物理类,高职专科,676,黑龙江建筑职业技术学院,,物理,407,246657,,,10,,,0,0
河北,2025,物理类,高职专科,677,黑龙江交通职业技术学院,,物理,432,215723,,,69,,,0,0
河北,2025,物理类,高职专科,679,黑龙江林业职业技术学院,,物理,361,262216,,,55,,,0,0
河北,2025,物理类,高职专科,680,黑龙江旅游职业技术学院,,物理,333,259929,,,65,,,0,0
河北,2025,物理类,高职专科,681,黑龙江民族职业学院,,物理,372,233839,,,8,,,0,0
河北,2025,物理类,高职专科,682,黑龙江能源职业学院,,物理,364,264546,,,90,,,0,0
河北,2025,物理类,高职专科,683,黑龙江农垦职业学院,,物理,350,244173,,,79,,,0,0
河北,2025,物理类,高职专科,684,黑龙江农业工程职业学院,,物理,437,239067,,,3,,,0,0
河北,2025,物理类,高职专科,685,黑龙江农业经济职业学院,,物理,362,253975,,,22,,,0,0
河北,2025,物理类,高职专科,686,黑龙江农业职业技术学院,,物理,356,251580,,,20,,,0,0
河北,2025,物理类,高职专科,687,黑龙江商业职业学院,,物理,350,282414,,,108,,,0,0
河北,2025,物理类,高职专科,688,黑龙江生态工程职业学院,,物理,255,281438,,,43,,,0,0
河北,2025,物理类,高职专科,689,黑龙江司法警官职业学院,,物理,393,257615,,,25,,,0,0
河北,2025,物理类,高职专科,69,保定幼儿师范高等专科学校,,物理,362,259929,,,433,,,0,0
河北,2025,物理类,高职专科,690,黑龙江艺术职业学院,,物理,363,294532,,,11,,,0,0
河北,2025,物理类,高职专科,691,黑龙江幼儿师范高等专科学校,,物理,332,305728,,,84,,,0,0
河北,2025,物理类,高职专科,692,黑龙江职业学院,,物理,348,200789,,,56,,,0,0
河北,2025,物理类,高职专科,694,衡水健康科技职业学院,,物理,368,261102,,,2115,,,0,0
河北,2025,物理类,高职专科,697,衡水职业技术学院,,物理,388,245391,,,85,,,0,0
河北,2025,物理类,高职专科,698,衡水职业技术学院,,物理,390,256401,,,25,,,0,0
河北,2025,物理类,高职专科,699,衡水职业技术学院,,物理,387,256401,,,35,,,0,0
河北,2025,物理类,高职专科,7,安徽城市管理职业学院,,物理,410,245391,,,20,,,0,0
河北,2025,物理类,高职专科,70,保定职业技术学院,,物理,367,225599,,,1406,,,0,0
河北,2025,物理类,高职专科,700,衡水职业技术学院,,物理,254,245391,,,275,,,0,0
河北,2025,物理类,高职专科,702,红河卫生职业学院,,物理,417,231162,,,8,,,0,0
河北,2025,物理类,高职专科,706,呼和浩特职业技术大学,,物理,426,231162,,,21,,,0,0
河北,2025,物理类,高职专科,709,呼伦贝尔职业技术学院,,物理,278,274318,,,159,,,0,0
河北,2025,物理类,高职专科,710,湖北财税职业学院,,物理,419,209841,,,4,,,0,0
河北,2025,物理类,高职专科,711,湖北城市建设职业技术学院,,物理,402,272245,,,18,,,0,0
河北,2025,物理类,高职专科,715,湖北工程职业学院,,物理,444,236491,,,30,,,0,0
河北,2025,物理类,高职专科,717,湖北工业职业技术学院,,物理,356,232534,,,40,,,0,0
河北,2025,物理类,高职专科,718,湖北国土资源职业学院,,物理,404,245391,,,34,,,0,0
河北,2025,物理类,高职专科,719,湖北黄冈应急管理职业技术学院,,物理,400,252764,,,12,,,0,0
河北,2025,物理类,高职专科,720,湖北交通职业技术学院,,物理,436,225599,,,36,,,0,0
河北,2025,物理类,高职专科,724,湖北科技职业学院,,物理,399,232534,,,18,,,0,0
河北,2025,物理类,高职专科,729,湖北轻工职业技术学院,,物理,413,236491,,,12,,,0,0
河北,2025,物理类,高职专科,730,湖北三峡职业技术学院,,物理,418,153782,,,34,,,0,0
河北,2025,物理类,高职专科,731,湖北生态工程职业技术学院,,物理,386,233839,,,63,,,0,0
河北,2025,物理类,高职专科,732,湖北生物科技职业学院,,物理,336,245391,,,30,,,0,0
河北,2025,物理类,高职专科,734,湖北水利水电职业技术学院,,物理,438,231162,,,40,,,0,0
河北,2025,物理类,高职专科,736,湖北铁道运输职业学院,,物理,444,227077,,,36,,,0,0
河北,2025,物理类,高职专科,740,湖北职业技术学院,,物理,376,183545,,,32,,,0,0
河北,2025,物理类,高职专科,742,湖北中医药高等专科学校,,物理,353,112447,,,15,,,0,0
河北,2025,物理类,高职专科,743,湖南安全技术职业学院,,物理,435,255217,,,5,,,0,0
河北,2025,物理类,高职专科,744,湖南财经工业职业技术学院,,物理,435,246657,,,5,,,0,0
河北,2025,物理类,高职专科,746,湖南城建职业技术学院,,物理,401,290945,,,3,,,0,0
河北,2025,物理类,高职专科,750,湖南大众传媒职业技术学院,,物理,447,200789,,,10,,,0,0
河北,2025,物理类,高职专科,752,湖南高速铁路职业技术学院,,物理,466,202340,,,10,,,0,0
河北,2025,物理类,高职专科,754,湖南工程职业技术学院,,物理,423,235189,,,10,,,0,0
河北,2025,物理类,高职专科,758,湖南工业职业技术学院,,物理,460,194622,,,12,,,0,0
河北,2025,物理类,高职专科,761,湖南化工职业技术学院,,物理,441,217182,,,11,,,0,0
河北,2025,物理类,高职专科,762,湖南交通职业技术学院,,物理,463,218647,,,2,,,0,0
河北,2025,物理类,高职专科,768,湖南汽车工程职业大学,,物理,443,236491,,,8,,,0,0
河北,2025,物理类,高职专科,771,湖南商务职业技术学院,,物理,415,259929,,,18,,,0,0
河北,2025,物理类,高职专科,774,湖南石油化工职业技术学院,,物理,442,246657,,,3,,,0,0
河北,2025,物理类,高职专科,775,湖南水利水电职业技术学院,,物理,450,228462,,,9,,,0,0
河北,2025,物理类,高职专科,776,湖南司法警官职业学院,,物理,415,275349,,,6,,,0,0
河北,2025,物理类,高职专科,778,湖南铁道职业技术学院,,物理,441,194622,,,40,,,0,0
河北,2025,物理类,高职专科,78,北京财贸职业学院,,物理,450,172221,,,61,,,0,0
河北,2025,物理类,高职专科,780,湖南现代物流职业技术学院,,物理,402,276393,,,10,,,0,0
河北,2025,物理类,高职专科,782,湖南邮电职业技术学院,,物理,441,242920,,,7,,,0,0
河北,2025,物理类,高职专科,786,湖州职业技术学院,,物理,462,206836,,,20,,,0,0
河北,2025,物理类,高职专科,823,怀化职业技术学院,,物理,411,232534,,,6,,,0,0
河北,2025,物理类,高职专科,825,淮北职业技术学院,,物理,418,242920,,,12,,,0,0
河北,2025,物理类,高职专科,826,淮南联合大学,,物理,378,244173,,,44,,,0,0
河北,2025,物理类,高职专科,828,淮南职业技术学院,,物理,385,278461,,,35,,,0,0
河北,2025,物理类,高职专科,832,黄河水利职业技术大学,,物理,471,169008,,,40,,,0,0
河北,2025,物理类,高职专科,835,徽商职业学院,,物理,381,251580,,,31,,,0,0
河北,2025,物理类,高职专科,836,惠州城市职业学院,,物理,373,312978,,,10,,,0,0
河北,2025,物理类,高职专科,836,惠州城市职业学院,,"物理,化学",376,310867,,,13,,,0,0
河北,2025,物理类,高职专科,837,惠州工程职业学院,,物理,357,252764,,,9,,,0,0
河北,2025,物理类,高职专科,838,惠州卫生职业技术学院,,"物理,化学",396,221488,,,17,,,0,0
河北,2025,物理类,高职专科,840,吉安幼儿师范高等专科学校,,物理,383,299558,,,7,,,0,0
河北,2025,物理类,高职专科,841,吉安职业技术学院,,物理,350,257615,,,12,,,0,0
河北,2025,物理类,高职专科,845,吉林电子信息职业技术学院,,物理,403,240357,,,13,,,0,0
河北,2025,物理类,高职专科,847,吉林工程职业学院,,物理,351,250364,,,85,,,0,0
河北,2025,物理类,高职专科,849,吉林工业职业技术学院,,物理,408,257615,,,24,,,0,0
河北,2025,物理类,高职专科,852,吉林交通职业技术学院,,物理,368,236491,,,21,,,0,0
河北,2025,物理类,高职专科,858,吉林水利电力职业学院,,物理,433,245391,,,24,,,0,0
河北,2025,物理类,高职专科,859,吉林司法警官职业学院,,物理,402,276393,,,18,,,0,0
河北,2025,物理类,高职专科,861,吉林铁道职业技术大学,,物理,464,177231,,,40,,,0,0
河北,2025,物理类,高职专科,870,济南护理职业学院,,物理,450,217182,,,22,,,0,0
河北,2025,物理类,高职专科,872,济南职业学院,,物理,449,225599,,,20,,,0,0
河北,2025,物理类,高职专科,875,济宁职业技术学院,,物理,436,253975,,,10,,,0,0
河北,2025,物理类,高职专科,876,济源职业技术学院,,物理,389,261102,,,39,,,0,0
河北,2025,物理类,高职专科,879,冀中职业学院,,物理,384,235189,,,385,,,0,0
河北,2025,物理类,高职专科,881,佳木斯职业学院,,物理,377,301252,,,130,,,0,0
河北,2025,物理类,高职专科,886,江汉艺术职业学院,,物理,417,259929,,,5,,,0,0
河北,2025,物理类,高职专科,887,江门职业技术学院,,物理,403,270096,,,9,,,0,0
河北,2025,物理类,高职专科,890,江苏安全技术职业学院,,物理,318,209841,,,45,,,0,0
河北,2025,物理类,高职专科,891,江苏财会职业学院,,物理,430,233839,,,23,,,0,0
河北,2025,物理类,高职专科,892,江苏财经职业技术学院,,物理,427,225599,,,25,,,0,0
河北,2025,物理类,高职专科,893,江苏城市职业学院,,物理,460,189932,,,5,,,0,0
河北,2025,物理类,高职专科,894,江苏城乡建设职业学院,,物理,397,255217,,,18,,,0,0
河北,2025,物理类,高职专科,898,江苏电子信息职业学院,,物理,452,214306,,,10,,,0,0
河北,2025,物理类,高职专科,899,江苏工程职业技术学院,,物理,363,214306,,,24,,,0,0
河北,2025,物理类,高职专科,9,安徽第二医学院,,物理,442,197758,,,46,,,0,0
河北,2025,物理类,高职专科,9,安徽第二医学院,,"物理,化学",455,177231,,,17,,,0,0
河北,2025,物理类,高职专科,90,北京工业职业技术学院,,物理,457,172221,,,83,,,0,0
河北,2025,物理类,高职专科,900,江苏海事职业技术学院,,物理,458,173920,,,4,,,0,0
河北,2025,物理类,高职专科,903,江苏航空职业技术学院,,物理,429,205382,,,75,,,0,0
河北,2025,物理类,高职专科,904,江苏航运职业技术学院,,物理,447,181967,,,19,,,0,0
河北,2025,物理类,高职专科,905,江苏护理职业学院,,物理,438,197758,,,11,,,0,0
河北,2025,物理类,高职专科,906,江苏建筑职业技术学院,,物理,361,245391,,,26,,,0,0
河北,2025,物理类,高职专科,907,江苏经贸职业技术学院,,物理,474,180401,,,5,,,0,0
河北,2025,物理类,高职专科,911,江苏旅游职业学院,,物理,421,231162,,,25,,,0,0
河北,2025,物理类,高职专科,912,江苏农牧科技职业学院,,物理,424,178836,,,27,,,0,0
河北,2025,物理类,高职专科,913,江苏商贸职业学院,,物理,365,224230,,,37,,,0,0
河北,2025,物理类,高职专科,915,江苏食品药品职业技术学院,,物理,426,255217,,,17,,,0,0
河北,2025,物理类,高职专科,916,江苏信息职业技术学院,,物理,462,200789,,,11,,,0,0
河北,2025,物理类,高职专科,918,江苏医药职业学院,,物理,449,222850,,,8,,,0,0
河北,2025,物理类,高职专科,918,江苏医药职业学院,,"物理,化学",415,237730,,,7,,,0,0
河北,2025,物理类,高职专科,920,江西财经职业学院,,物理,413,250364,,,31,,,0,0
河北,2025,物理类,高职专科,921,江西电力职业技术学院,,物理,455,200789,,,15,,,0,0
河北,2025,物理类,高职专科,923,江西工程职业学院,,物理,428,249128,,,15,,,0,0
河北,2025,物理类,高职专科,924,江西工业工程职业技术学院,,物理,415,253975,,,20,,,0,0
河北,2025,物理类,高职专科,925,江西工业贸易职业技术学院,,物理,382,286270,,,8,,,0,0
河北,2025,物理类,高职专科,926,江西环境工程职业学院,,物理,420,247903,,,12,,,0,0
河北,2025,物理类,高职专科,927,江西机电职业技术学院,,物理,391,242920,,,56,,,0,0
河北,2025,物理类,高职专科,928,江西建设职业技术学院,,物理,387,258796,,,17,,,0,0
河北,2025,物理类,高职专科,929,江西交通职业技术学院,,物理,412,235189,,,18,,,0,0
河北,2025,物理类,高职专科,933,江西农业工程职业学院,,物理,390,255217,,,16,,,0,0
河北,2025,物理类,高职专科,934,江西青年职业学院,,物理,346,240357,,,4,,,0,0
河北,2025,物理类,高职专科,935,江西生物科技职业学院,,物理,435,172221,,,12,,,0,0
河北,2025,物理类,高职专科,938,江西师范高等专科学校,,物理,453,232534,,,2,,,0,0
河北,2025,物理类,高职专科,941,江西水利职业学院,,物理,427,259929,,,6,,,0,0
河北,2025,物理类,高职专科,942,江西司法警官职业学院,,物理,425,264546,,,4,,,0,0
河北,2025,物理类,高职专科,945,江西婺源茶业职业学院,,物理,361,289151,,,20,,,0,0
河北,2025,物理类,高职专科,946,江西现代职业技术学院,,物理,429,256401,,,10,,,0,0
河北,2025,物理类,高职专科,947,江西信息应用职业技术学院,,物理,447,240357,,,2,,,0,0
河北,2025,物理类,高职专科,949,江西医学高等专科学校,,物理,420,209841,,,3,,,0,0
河北,2025,物理类,高职专科,949,江西医学高等专科学校,,"物理,化学",315,173920,,,23,,,0,0
河北,2025,物理类,高职专科,949,江西医学高等专科学校,,"物理,化学,生物",464,217182,,,1,,,0,0
河北,2025,物理类,高职专科,951,江西应用工程职业学院,,物理,414,228462,,,20,,,0,0
河北,2025,物理类,高职专科,952,江西应用技术职业学院,,物理,464,217182,,,1,,,0,0
河北,2025,物理类,高职专科,953,江西职业技术大学,,物理,427,196199,,,20,,,0,0
河北,2025,物理类,高职专科,955,焦作大学,,物理,436,231162,,,30,,,0,0
河北,2025,物理类,高职专科,959,锦州师范高等专科学校,,物理,372,237730,,,60,,,0,0
河北,2025,物理类,高职专科,961,晋城职业技术学院,,物理,430,261102,,,10,,,0,0
河北,2025,物理类,高职专科,964,荆门职业学院,,物理,393,246657,,,81,,,0,0
河北,2025,物理类,高职专科,965,荆州理工职业学院,,物理,346,251580,,,55,,,0,0
河北,2025,物理类,高职专科,966,荆州职业技术学院,,物理,395,239067,,,70,,,0,0
河北,2025,物理类,高职专科,971,九江职业大学,,物理,403,232534,,,15,,,0,0
河北,2025,物理类,高职专科,972,酒泉职业技术大学,,物理,438,214306,,,2,,,0,0
河北,2025,物理类,高职专科,974,喀什理工职业技术学院,,物理,340,304225,,,197,,,0,0
河北,2025,物理类,高职专科,975,喀什职业技术学院,,物理,292,288231,,,90,,,0,0
河北,2025,物理类,高职专科,975,喀什职业技术学院,,"物理,化学",375,303438,,,14,,,0,0
河北,2025,物理类,高职专科,975,喀什职业技术学院,,"物理,化学,生物",350,285293,,,30,,,0,0
河北,2025,物理类,高职专科,976,开封大学,,物理,494,165687,,,5,,,0,0
河北,2025,物理类,高职专科,979,可克达拉职业技术学院,,物理,265,301252,,,192,,,0,0
河北,2025,物理类,高职专科,980,克拉玛依职业技术学院,,物理,345,261102,,,46,,,0,0
河北,2025,物理类,高职专科,986,昆玉职业技术学院,,物理,326,203868,,,173,,,0,0
河北,2025,物理类,高职专科,987,莱芜职业技术学院,,物理,424,229804,,,10,,,0,0
河北,2025,物理类,高职专科,988,兰考三农职业学院,,物理,377,270096,,,25,,,0,0
河北,2025,物理类,高职专科,996,兰州航空职业技术学院,,物理,426,245391,,,20,,,0,0
