province,year,category,batch,university_code,university_name,major_group,subject_req,min_score,min_rank,control_score,score_diff,admit_count,school_province,school_nature,is_985,is_211
山东,2025,综合,提前批,,兰州资源环境职业技术大学,,不限,416,363727,,,0,甘肃,公办,0,0
山东,2025,综合,提前批,,北京科技职业大学,,物理必选,459,182602,,,0,北京,公办,0,0
山东,2025,综合,提前批,,江西水利电力大学,,物理必选,244,290189,,,0,江西,公办,0,0
山东,2025,综合,提前批A类,,中国人民公安大学,,思想政治必选,613,1262,,,0,北京,公办,0,0
山东,2025,综合,提前批A类,,中国人民公安大学,,物理、化学(2科必选),632,890,,,0,北京,公办,0,0
山东,2025,综合,提前批A类,,中国刑事警察学院,,思想政治必选,567,8601,,,0,辽宁,公办,0,0
山东,2025,综合,提前批A类,,中国刑事警察学院,,物理、化学(2科必选),614,7293,,,0,辽宁,公办,0,0
山东,2025,综合,提前批A类,,中国民航大学,,物理、化学(2科必选),538,104154,,,0,天津,公办,0,0
山东,2025,综合,提前批A类,,中国消防救援学院,,思想政治必选,551,81231,,,0,北京,公办,0,0
山东,2025,综合,提前批A类,,中国消防救援学院,,物理、化学(2科必选),549,64571,,,0,北京,公办,0,0
山东,2025,综合,提前批A类,,北部湾大学,,物理、化学(2科必选),467,261977,,,0,广西,公办,0,0
山东,2025,综合,提前批A类,,海南热带海洋学院,,物理、化学(2科必选),459,289884,,,0,海南,公办,0,0
山东,2025,综合,提前批B类,,临沂大学,,地理必选,586,19752,,,0,山东,公办,0,0
山东,2025,综合,提前批B类,,临沂大学,,物理、化学(2科必选),572,19132,,,0,山东,公办,0,0
山东,2025,综合,提前批B类,,华东师范大学,,不限,648,3219,,,0,上海,公办,1,1
山东,2025,综合,提前批B类,,华东师范大学,,思想政治必选,647,4203,,,0,上海,公办,1,1
山东,2025,综合,提前批B类,,华东师范大学,,物理、化学(2科必选),645,2540,,,0,上海,公办,1,1
山东,2025,综合,提前批B类,,华中师范大学,,不限,610,7011,,,0,湖北,公办,0,1
山东,2025,综合,提前批B类,,华中师范大学,,历史必选,640,5151,,,0,湖北,公办,0,1
山东,2025,综合,提前批B类,,华中师范大学,,地理必选,638,6446,,,0,湖北,公办,0,1
山东,2025,综合,提前批B类,,华中师范大学,,思想政治必选,635,7293,,,0,湖北,公办,0,1
山东,2025,综合,提前批B类,,华中师范大学,,物理、化学(2科必选),626,6730,,,0,湖北,公办,0,1
山东,2025,综合,提前批B类,,华中师范大学,,物理必选,619,11446,,,0,湖北,公办,0,1
山东,2025,综合,提前批B类,,安徽师范大学,,思想政治必选,584,38477,,,0,安徽,公办,0,0
山东,2025,综合,提前批B类,,曲阜师范大学,,不限,580,13205,,,0,山东,公办,0,0
山东,2025,综合,提前批B类,,曲阜师范大学,,思想政治必选,590,13205,,,0,山东,公办,0,0
山东,2025,综合,提前批B类,,曲阜师范大学,,物理、化学(2科必选),577,15730,,,0,山东,公办,0,0
山东,2025,综合,提前批B类,,曲阜师范大学,,物理必选,584,38477,,,0,山东,公办,0,0
山东,2025,综合,提前批B类,,河西学院,,物理、化学(2科必选),521,138878,,,0,甘肃,公办,0,0
山东,2025,综合,提前批B类,,滨州医学院,,物理必选,578,30395,,,0,山东,公办,0,0
山东,2025,综合,提前批B类,,聊城大学,,不限,587,19752,,,0,山东,公办,0,0
山东,2025,综合,提前批B类,,聊城大学,,历史必选,587,14159,,,0,山东,公办,0,0
山东,2025,综合,提前批B类,,聊城大学,,物理、化学(2科必选),573,15730,,,0,山东,公办,0,0
山东,2025,综合,提前批B类,,西安交通大学,,思想政治必选,637,6730,,,0,陕西,公办,1,1
山东,2025,综合,提前批B类,,鲁东大学,,不限,587,18530,,,0,山东,公办,0,0
山东,2025,综合,提前批B类,,鲁东大学,,物理、化学(2科必选),573,17940,,,0,山东,公办,0,0
山东,2025,综合,普通类一段,,三亚学院,,不限,467,186441,,,0,海南,民办,0,0
山东,2025,综合,普通类一段,,三亚学院,,物理、化学(2科必选),442,329936,,,0,海南,民办,0,0
山东,2025,综合,普通类一段,,三亚学院,,物理必选,458,268254,,,0,海南,民办,0,0
山东,2025,综合,普通类一段,,三峡大学,,不限,537,56275,,,0,湖北,公办,0,0
山东,2025,综合,普通类一段,,三峡大学,,物理、化学(2科必选),515,24422,,,0,湖北,公办,0,0
山东,2025,综合,普通类一段,,三峡大学,,物理必选,535,108034,,,0,湖北,公办,0,0
山东,2025,综合,普通类一段,,三峡大学科技学院,,不限,510,162308,,,0,湖北,民办,0,0
山东,2025,综合,普通类一段,,三峡大学科技学院,,物理、化学(2科必选),475,195805,,,0,湖北,民办,0,0
山东,2025,综合,普通类一段,,三明学院,,不限,501,172444,,,0,福建,公办,0,0
山东,2025,综合,普通类一段,,三明学院,,物理、化学(2科必选),466,198075,,,0,福建,公办,0,0
山东,2025,综合,普通类一段,,三明学院,,物理必选,481,209392,,,0,福建,公办,0,0
山东,2025,综合,普通类一段,,三江学院,,不限,489,185503,,,0,江苏,民办,0,0
山东,2025,综合,普通类一段,,三江学院,,物理、化学(2科必选),444,268059,,,0,江苏,民办,0,0
山东,2025,综合,普通类一段,,上海中侨职业技术大学,,不限,483,193920,,,0,上海,民办,0,0
山东,2025,综合,普通类一段,,上海中侨职业技术大学,,物理必选,451,194787,,,0,上海,民办,0,0
山东,2025,综合,普通类一段,,上海中医药大学,,物理、化学(2科必选),602,5631,,,0,上海,公办,0,0
山东,2025,综合,普通类一段,,上海交通大学,,不限,671,364,,,0,上海,公办,1,1
山东,2025,综合,普通类一段,,上海交通大学,,物理、化学(2科必选),654,192,,,0,上海,公办,1,1
山东,2025,综合,普通类一段,,上海交通大学医学院,,物理、化学(2科必选),665,307,,,0,上海,公办,1,1
山东,2025,综合,普通类一段,,上海体育大学,,不限,576,33792,,,0,上海,公办,0,0
山东,2025,综合,普通类一段,,上海体育大学,,物理、化学(2科必选),569,44244,,,0,上海,公办,0,0
山东,2025,综合,普通类一段,,上海健康医学院,,不限,532,96810,,,0,上海,公办,0,0
山东,2025,综合,普通类一段,,上海健康医学院,,化学必选,493,132390,,,0,上海,公办,0,0
山东,2025,综合,普通类一段,,上海健康医学院,,物理、化学(2科必选),517,91414,,,0,上海,公办,0,0
山东,2025,综合,普通类一段,,上海商学院,,不限,514,53662,,,0,上海,公办,0,0
山东,2025,综合,普通类一段,,上海商学院,,物理必选,537,105618,,,0,上海,公办,0,0
山东,2025,综合,普通类一段,,上海外国语大学,,不限,613,11716,,,0,上海,公办,0,1
山东,2025,综合,普通类一段,,上海外国语大学,,思想政治必选,611,13068,,,0,上海,公办,0,1
山东,2025,综合,普通类一段,,上海外国语大学贤达经济人文学院,,不限,487,138533,,,0,上海,民办,0,0
山东,2025,综合,普通类一段,,上海外国语大学贤达经济人文学院,,物理必选,454,301727,,,0,上海,民办,0,0
山东,2025,综合,普通类一段,,上海大学,,不限,598,16070,,,0,上海,公办,0,1
山东,2025,综合,普通类一段,,上海大学,,物理、化学(2科必选),578,12876,,,0,上海,公办,0,1
山东,2025,综合,普通类一段,,上海大学,,物理必选,604,19699,,,0,上海,公办,0,1
山东,2025,综合,普通类一段,,上海对外经贸大学,,不限,573,17934,,,0,上海,公办,0,0
山东,2025,综合,普通类一段,,上海对外经贸大学,,思想政治必选,588,34376,,,0,上海,公办,0,0
山东,2025,综合,普通类一段,,上海对外经贸大学,,物理、化学(2科必选),571,24775,,,0,上海,公办,0,0
山东,2025,综合,普通类一段,,上海工商外国语职业学院,,不限,366,472786,,,0,上海,民办,0,0
山东,2025,综合,普通类一段,,上海工程技术大学,,不限,547,50409,,,0,上海,公办,0,0
山东,2025,综合,普通类一段,,上海工程技术大学,,物理、化学(2科必选),527,39068,,,0,上海,公办,0,0
山东,2025,综合,普通类一段,,上海工程技术大学,,物理必选,559,63766,,,0,上海,公办,0,0
山东,2025,综合,普通类一段,,上海师范大学,,不限,557,23663,,,0,上海,公办,0,0
山东,2025,综合,普通类一段,,上海师范大学,,思想政治必选,590,32966,,,0,上海,公办,0,0
山东,2025,综合,普通类一段,,上海师范大学,,物理、化学(2科必选),506,38477,,,0,上海,公办,0,0
山东,2025,综合,普通类一段,,上海师范大学天华学院,,物理、化学(2科必选),457,292942,,,0,上海,民办,0,0
山东,2025,综合,普通类一段,,上海应用技术大学,,不限,571,52215,,,0,上海,公办,0,0
山东,2025,综合,普通类一段,,上海应用技术大学,,物理、化学(2科必选),543,39617,,,0,上海,公办,0,0
山东,2025,综合,普通类一段,,上海应用技术大学,,物理必选,570,54008,,,0,上海,公办,0,0
山东,2025,综合,普通类一段,,上海建桥学院,,不限,494,172056,,,0,上海,民办,0,0
山东,2025,综合,普通类一段,,上海建桥学院,,物理、化学(2科必选),482,226741,,,0,上海,民办,0,0
山东,2025,综合,普通类一段,,上海戏剧学院,,不限,563,31065,,,0,上海,公办,0,0
山东,2025,综合,普通类一段,,上海政法学院,,不限,550,18530,,,0,上海,公办,0,0
山东,2025,综合,普通类一段,,上海杉达学院,,不限,506,114916,,,0,上海,民办,0,0
山东,2025,综合,普通类一段,,上海杉达学院,,物理、化学(2科必选),484,179781,,,0,上海,民办,0,0
山东,2025,综合,普通类一段,,上海海事大学,,不限,590,18432,,,0,上海,公办,0,0
山东,2025,综合,普通类一段,,上海海事大学,,思想政治必选,591,31486,,,0,上海,公办,0,0
山东,2025,综合,普通类一段,,上海海事大学,,物理、化学(2科必选),574,26744,,,0,上海,公办,0,0
山东,2025,综合,普通类一段,,上海海关学院,,不限,585,22107,,,0,上海,公办,0,0
山东,2025,综合,普通类一段,,上海海关学院,,物理、化学(2科必选),589,33438,,,0,上海,公办,0,0
山东,2025,综合,普通类一段,,上海海关学院,,物理必选,585,37059,,,0,上海,公办,0,0
山东,2025,综合,普通类一段,,上海海洋大学,,不限,558,26492,,,0,上海,公办,0,0
山东,2025,综合,普通类一段,,上海海洋大学,,物理、化学(2科必选),566,29549,,,0,上海,公办,0,0
山东,2025,综合,普通类一段,,上海海洋大学,,物理必选,561,65979,,,0,上海,公办,0,0
山东,2025,综合,普通类一段,,上海理工大学,,不限,555,29901,,,0,上海,公办,0,0
山东,2025,综合,普通类一段,,上海理工大学,,物理、化学(2科必选),581,24542,,,0,上海,公办,0,0
山东,2025,综合,普通类一段,,上海电力大学,,物理、化学(2科必选),577,19967,,,0,上海,公办,0,0
山东,2025,综合,普通类一段,,上海电力大学,,物理必选,582,39706,,,0,上海,公办,0,0
山东,2025,综合,普通类一段,,上海电机学院,,不限,526,105072,,,0,上海,公办,0,0
山东,2025,综合,普通类一段,,上海电机学院,,物理、化学(2科必选),527,72112,,,0,上海,公办,0,0
山东,2025,综合,普通类一段,,上海电机学院,,物理必选,526,122236,,,0,上海,公办,0,0
山东,2025,综合,普通类一段,,上海立信会计金融学院,,不限,559,30967,,,0,上海,公办,0,0
山东,2025,综合,普通类一段,,上海立信会计金融学院,,物理、化学(2科必选),546,53837,,,0,上海,公办,0,0
山东,2025,综合,普通类一段,,上海立信会计金融学院,,物理必选,544,66415,,,0,上海,公办,0,0
山东,2025,综合,普通类一段,,上海立达学院,,不限,481,231261,,,0,上海,民办,0,0
山东,2025,综合,普通类一段,,上海立达学院,,物理、化学(2科必选),441,328937,,,0,上海,民办,0,0
山东,2025,综合,普通类一段,,上海第二工业大学,,物理、化学(2科必选),546,61734,,,0,上海,公办,0,0
山东,2025,综合,普通类一段,,上海视觉艺术学院,,不限,493,202914,,,0,上海,民办,0,0
山东,2025,综合,普通类一段,,上海财经大学,,不限,630,2834,,,0,上海,公办,0,1
山东,2025,综合,普通类一段,,上海财经大学,,思想政治必选,619,13265,,,0,上海,公办,0,1
山东,2025,综合,普通类一段,,上海财经大学,,物理、化学(2科必选),621,5934,,,0,上海,公办,0,1
山东,2025,综合,普通类一段,,上海财经大学,,物理必选,622,9629,,,0,上海,公办,0,1
山东,2025,综合,普通类一段,,上海财经大学浙江学院,,不限,501,155067,,,0,浙江,民办,0,0
山东,2025,综合,普通类一段,,上海财经大学浙江学院,,物理必选,490,211384,,,0,浙江,民办,0,0
山东,2025,综合,普通类一段,,上海音乐学院,,历史必选,572,51426,,,0,上海,公办,0,0
山东,2025,综合,普通类一段,,上饶师范学院,,不限,503,100410,,,0,江西,公办,0,0
山东,2025,综合,普通类一段,,上饶师范学院,,物理、化学(2科必选),468,199747,,,0,江西,公办,0,0
山东,2025,综合,普通类一段,,东北农业大学,,不限,552,23661,,,0,黑龙江,公办,0,1
山东,2025,综合,普通类一段,,东北农业大学,,物理、化学(2科必选),519,26642,,,0,黑龙江,公办,0,1
山东,2025,综合,普通类一段,,东北农业大学,,物理必选,577,45345,,,0,黑龙江,公办,0,1
山东,2025,综合,普通类一段,,东北农业大学,,生物必选,576,46954,,,0,黑龙江,公办,0,1
山东,2025,综合,普通类一段,,东北大学,,不限,602,17123,,,0,辽宁,公办,1,1
山东,2025,综合,普通类一段,,东北大学,,历史、思想政治(2科必选),611,17742,,,0,辽宁,公办,1,1
山东,2025,综合,普通类一段,,东北大学,,物理、化学(2科必选),593,6333,,,0,辽宁,公办,1,1
山东,2025,综合,普通类一段,,东北大学,,物理必选,604,22082,,,0,辽宁,公办,1,1
山东,2025,综合,普通类一段,,东北大学秦皇岛分校,,不限,600,20956,,,0,河北,公办,1,1
山东,2025,综合,普通类一段,,东北大学秦皇岛分校,,物理、化学(2科必选),585,13210,,,0,河北,公办,1,1
山东,2025,综合,普通类一段,,东北大学秦皇岛分校,,物理必选,593,22077,,,0,河北,公办,1,1
山东,2025,综合,普通类一段,,东北师范大学,,不限,558,14012,,,0,吉林,公办,0,1
山东,2025,综合,普通类一段,,东北师范大学,,历史必选,611,17717,,,0,吉林,公办,0,1
山东,2025,综合,普通类一段,,东北师范大学,,思想政治必选,611,17735,,,0,吉林,公办,0,1
山东,2025,综合,普通类一段,,东北师范大学,,物理、化学(2科必选),582,20019,,,0,吉林,公办,0,1
山东,2025,综合,普通类一段,,东北林业大学,,不限,583,20238,,,0,黑龙江,公办,0,1
山东,2025,综合,普通类一段,,东北林业大学,,历史、思想政治(2科必选),591,27779,,,0,黑龙江,公办,0,1
山东,2025,综合,普通类一段,,东北林业大学,,物理、化学(2科必选),527,22526,,,0,黑龙江,公办,0,1
山东,2025,综合,普通类一段,,东北林业大学,,物理、生物(2科必选),566,58344,,,0,黑龙江,公办,0,1
山东,2025,综合,普通类一段,,东北林业大学,,物理必选,566,49299,,,0,黑龙江,公办,0,1
山东,2025,综合,普通类一段,,东北电力大学,,不限,522,109170,,,0,吉林,公办,0,0
山东,2025,综合,普通类一段,,东北电力大学,,思想政治必选,564,61546,,,0,吉林,公办,0,0
山东,2025,综合,普通类一段,,东北电力大学,,物理、化学(2科必选),489,23016,,,0,吉林,公办,0,0
山东,2025,综合,普通类一段,,东北电力大学,,物理必选,530,118413,,,0,吉林,公办,0,0
山东,2025,综合,普通类一段,,东北石油大学,,不限,523,59086,,,0,黑龙江,公办,0,0
山东,2025,综合,普通类一段,,东北石油大学,,历史必选,558,70089,,,0,黑龙江,公办,0,0
山东,2025,综合,普通类一段,,东北石油大学,,物理、化学(2科必选),509,55522,,,0,黑龙江,公办,0,0
山东,2025,综合,普通类一段,,东北石油大学,,物理必选,513,135423,,,0,黑龙江,公办,0,0
山东,2025,综合,普通类一段,,东北财经大学,,不限,537,14522,,,0,辽宁,公办,0,0
山东,2025,综合,普通类一段,,东北财经大学,,物理、化学(2科必选),583,32437,,,0,辽宁,公办,0,0
山东,2025,综合,普通类一段,,东北财经大学,,物理必选,559,35855,,,0,辽宁,公办,0,0
山东,2025,综合,普通类一段,,东华大学,,不限,606,19123,,,0,上海,公办,0,1
山东,2025,综合,普通类一段,,东华大学,,物理、化学(2科必选),595,13839,,,0,上海,公办,0,1
山东,2025,综合,普通类一段,,东华理工大学,,不限,505,65786,,,0,江西,公办,0,0
山东,2025,综合,普通类一段,,东华理工大学,,地理必选,528,123547,,,0,江西,公办,0,0
山东,2025,综合,普通类一段,,东华理工大学,,物理、化学(2科必选),446,48718,,,0,江西,公办,0,0
山东,2025,综合,普通类一段,,东华理工大学,,物理必选,503,171630,,,0,江西,公办,0,0
山东,2025,综合,普通类一段,,东南大学,,不限,642,5145,,,0,江苏,公办,1,1
山东,2025,综合,普通类一段,,东南大学,,物理、化学(2科必选),647,1237,,,0,江苏,公办,1,1
山东,2025,综合,普通类一段,,东南大学成贤学院,,不限,501,184911,,,0,江苏,民办,0,0
山东,2025,综合,普通类一段,,东南大学成贤学院,,化学必选,489,212559,,,0,江苏,民办,0,0
山东,2025,综合,普通类一段,,东南大学成贤学院,,物理、化学(2科必选),457,143554,,,0,江苏,民办,0,0
山东,2025,综合,普通类一段,,东南大学成贤学院,,物理必选,475,247071,,,0,江苏,民办,0,0
山东,2025,综合,普通类一段,,东莞城市学院,,不限,477,241125,,,0,广东,民办,0,0
山东,2025,综合,普通类一段,,东莞理工学院,,不限,532,107659,,,0,广东,公办,0,0
山东,2025,综合,普通类一段,,东莞理工学院,,物理、化学(2科必选),514,121226,,,0,广东,公办,0,0
山东,2025,综合,普通类一段,,中北大学,,不限,533,91378,,,0,山西,公办,0,0
山东,2025,综合,普通类一段,,中北大学,,物理、化学(2科必选),521,25828,,,0,山西,公办,0,0
山东,2025,综合,普通类一段,,中北大学,,物理必选,518,73557,,,0,山西,公办,0,0
山东,2025,综合,普通类一段,,中华女子学院,,不限,537,50512,,,0,北京,公办,0,0
山东,2025,综合,普通类一段,,中华女子学院,,物理、化学(2科必选),525,120249,,,0,北京,公办,0,0
山东,2025,综合,普通类一段,,中南大学,,不限,612,7594,,,0,湖南,公办,1,1
山东,2025,综合,普通类一段,,中南大学,,物化生(3科必选),632,1766,,,0,湖南,公办,1,1
山东,2025,综合,普通类一段,,中南大学,,物理、化学(2科必选),585,3879,,,0,湖南,公办,1,1
山东,2025,综合,普通类一段,,中南林业科技大学,,不限,533,43292,,,0,湖南,公办,0,0
山东,2025,综合,普通类一段,,中南林业科技大学,,物理、化学(2科必选),480,48633,,,0,湖南,公办,0,0
山东,2025,综合,普通类一段,,中南林业科技大学,,物理必选,522,101188,,,0,湖南,公办,0,0
山东,2025,综合,普通类一段,,中南林业科技大学,,生物必选,560,66766,,,0,湖南,公办,0,0
山东,2025,综合,普通类一段,,中南林业科技大学涉外学院,,不限,497,165552,,,0,湖南,民办,0,0
山东,2025,综合,普通类一段,,中南林业科技大学涉外学院,,物理、化学(2科必选),466,261508,,,0,湖南,民办,0,0
山东,2025,综合,普通类一段,,中南民族大学,,不限,560,29174,,,0,湖北,公办,0,0
山东,2025,综合,普通类一段,,中南民族大学,,物理、化学(2科必选),519,50860,,,0,湖北,公办,0,0
山东,2025,综合,普通类一段,,中南民族大学,,物理必选,529,73795,,,0,湖北,公办,0,0
山东,2025,综合,普通类一段,,中南财经政法大学,,不限,570,6427,,,0,湖北,公办,0,1
山东,2025,综合,普通类一段,,中南财经政法大学,,思想政治必选,605,21260,,,0,湖北,公办,0,1
山东,2025,综合,普通类一段,,中南财经政法大学,,物理、化学(2科必选),582,17856,,,0,湖北,公办,0,1
山东,2025,综合,普通类一段,,中南财经政法大学,,物理必选,598,21839,,,0,湖北,公办,0,1
山东,2025,综合,普通类一段,,中原工学院,,不限,509,101925,,,0,河南,公办,0,0
山东,2025,综合,普通类一段,,中原工学院,,物理、化学(2科必选),466,150800,,,0,河南,公办,0,0
山东,2025,综合,普通类一段,,中原工学院,,物理必选,480,234664,,,0,河南,公办,0,0
山东,2025,综合,普通类一段,,中国人民大学,,不限,666,386,,,0,北京,公办,1,1
山东,2025,综合,普通类一段,,中国人民大学,,物理、化学(2科必选),665,542,,,0,北京,公办,1,1
山东,2025,综合,普通类一段,,中国人民大学（苏州校区）,,不限,631,7628,,,0,江苏,公办,1,1
山东,2025,综合,普通类一段,,中国人民大学（苏州校区）,,物理、化学(2科必选),648,1480,,,0,江苏,公办,1,1
山东,2025,综合,普通类一段,,中国人民解放军国防科技大学,,物理、化学(2科必选),640,1399,,,0,湖南,公办,1,1
山东,2025,综合,普通类一段,,中国人民解放军空军军医大学,,物理、化学(2科必选),576,13665,,,0,陕西,公办,0,1
山东,2025,综合,普通类一段,,中国人民警察大学,,不限,568,56488,,,0,河北,公办,0,0
山东,2025,综合,普通类一段,,中国人民警察大学,,思想政治必选,563,62032,,,0,河北,公办,0,0
山东,2025,综合,普通类一段,,中国人民警察大学,,物理、化学(2科必选),536,62513,,,0,河北,公办,0,0
山东,2025,综合,普通类一段,,中国传媒大学,,不限,592,9365,,,0,北京,公办,0,1
山东,2025,综合,普通类一段,,中国传媒大学,,思想政治必选,610,18472,,,0,北京,公办,0,1
山东,2025,综合,普通类一段,,中国传媒大学,,物理、化学(2科必选),575,11195,,,0,北京,公办,0,1
山东,2025,综合,普通类一段,,中国传媒大学,,物理必选,593,18156,,,0,北京,公办,0,1
山东,2025,综合,普通类一段,,中国农业大学,,不限,590,8148,,,0,北京,公办,1,1
山东,2025,综合,普通类一段,,中国农业大学,,物理、化学(2科必选),577,3731,,,0,北京,公办,1,1
山东,2025,综合,普通类一段,,中国农业大学,,物理、生物(2科必选),620,13052,,,0,北京,公办,1,1
山东,2025,综合,普通类一段,,中国劳动关系学院,,不限,543,39491,,,0,北京,公办,0,0
山东,2025,综合,普通类一段,,中国劳动关系学院,,历史必选,568,55905,,,0,北京,公办,0,0
山东,2025,综合,普通类一段,,中国劳动关系学院,,思想政治必选,549,61423,,,0,北京,公办,0,0
山东,2025,综合,普通类一段,,中国劳动关系学院,,物理、化学(2科必选),530,101991,,,0,北京,公办,0,0
山东,2025,综合,普通类一段,,中国医科大学,,物理、化学(2科必选),538,5367,,,0,辽宁,公办,0,0
山东,2025,综合,普通类一段,,中国地质大学（北京）,,不限,597,13612,,,0,北京,公办,0,1
山东,2025,综合,普通类一段,,中国地质大学（北京）,,物理、化学(2科必选),585,14445,,,0,北京,公办,0,1
山东,2025,综合,普通类一段,,中国地质大学（北京）,,物理必选,593,24339,,,0,北京,公办,0,1
山东,2025,综合,普通类一段,,中国地质大学（武汉）,,不限,596,15943,,,0,湖北,公办,0,1
山东,2025,综合,普通类一段,,中国地质大学（武汉）,,物理、化学(2科必选),567,17636,,,0,湖北,公办,0,1
山东,2025,综合,普通类一段,,中国戏曲学院,,不限,557,69891,,,0,北京,公办,0,0
山东,2025,综合,普通类一段,,中国政法大学,,不限,615,1579,,,0,北京,公办,0,1
山东,2025,综合,普通类一段,,中国政法大学,,思想政治必选,624,7282,,,0,北京,公办,0,1
山东,2025,综合,普通类一段,,中国政法大学,,物理必选,611,8200,,,0,北京,公办,0,1
山东,2025,综合,普通类一段,,中国民用航空飞行学院,,不限,526,83517,,,0,四川,公办,0,0
山东,2025,综合,普通类一段,,中国民用航空飞行学院,,思想政治必选,537,105770,,,0,四川,公办,0,0
山东,2025,综合,普通类一段,,中国民用航空飞行学院,,物理、化学(2科必选),537,51191,,,0,四川,公办,0,0
山东,2025,综合,普通类一段,,中国民用航空飞行学院,,物理必选,526,56974,,,0,四川,公办,0,0
山东,2025,综合,普通类一段,,中国民航大学,,不限,581,35635,,,0,天津,公办,0,0
山东,2025,综合,普通类一段,,中国民航大学,,物理、化学(2科必选),578,25787,,,0,天津,公办,0,0
山东,2025,综合,普通类一段,,中国民航大学,,物理必选,579,43708,,,0,天津,公办,0,0
山东,2025,综合,普通类一段,,中国海洋大学,,不限,602,9385,,,0,山东,公办,1,1
山东,2025,综合,普通类一段,,中国海洋大学,,思想政治必选,614,16140,,,0,山东,公办,1,1
山东,2025,综合,普通类一段,,中国海洋大学,,物理、化学(2科必选),582,8950,,,0,山东,公办,1,1
山东,2025,综合,普通类一段,,中国石油大学（北京）,,不限,608,19654,,,0,北京,公办,0,1
山东,2025,综合,普通类一段,,中国石油大学（北京）,,历史、思想政治(2科必选),608,19496,,,0,北京,公办,0,1
山东,2025,综合,普通类一段,,中国石油大学（北京）,,物理、化学(2科必选),593,14266,,,0,北京,公办,0,1
山东,2025,综合,普通类一段,,中国石油大学（北京）,,物理必选,597,21584,,,0,北京,公办,0,1
山东,2025,综合,普通类一段,,中国石油大学（北京）克拉玛依校区,,不限,574,33903,,,0,新疆,公办,0,1
山东,2025,综合,普通类一段,,中国石油大学（北京）克拉玛依校区,,历史、思想政治(2科必选),584,38339,,,0,新疆,公办,0,1
山东,2025,综合,普通类一段,,中国石油大学（北京）克拉玛依校区,,物理、化学(2科必选),567,35316,,,0,新疆,公办,0,1
山东,2025,综合,普通类一段,,中国石油大学（华东）,,不限,598,15283,,,0,山东,公办,0,1
山东,2025,综合,普通类一段,,中国石油大学（华东）,,物理、化学(2科必选),595,13216,,,0,山东,公办,0,1
山东,2025,综合,普通类一段,,中国石油大学（华东）,,物理必选,593,30031,,,0,山东,公办,0,1
山东,2025,综合,普通类一段,,中国矿业大学,,不限,595,17873,,,0,江苏,公办,0,1
山东,2025,综合,普通类一段,,中国矿业大学,,物理、化学(2科必选),557,18016,,,0,江苏,公办,0,1
山东,2025,综合,普通类一段,,中国矿业大学,,物理必选,600,24597,,,0,江苏,公办,0,1
山东,2025,综合,普通类一段,,中国矿业大学徐海学院,,不限,496,169276,,,0,江苏,民办,0,0
山东,2025,综合,普通类一段,,中国矿业大学徐海学院,,物理、化学(2科必选),460,254692,,,0,江苏,民办,0,0
山东,2025,综合,普通类一段,,中国矿业大学（北京）,,不限,594,24943,,,0,北京,公办,0,1
山东,2025,综合,普通类一段,,中国矿业大学（北京）,,物理、化学(2科必选),576,14921,,,0,北京,公办,0,1
山东,2025,综合,普通类一段,,中国矿业大学（北京）,,物理必选,589,33322,,,0,北京,公办,0,1
山东,2025,综合,普通类一段,,中国社会科学院大学,,不限,614,6140,,,0,北京,公办,0,0
山东,2025,综合,普通类一段,,中国社会科学院大学,,思想政治必选,617,12623,,,0,北京,公办,0,0
山东,2025,综合,普通类一段,,中国科学技术大学,,物理、化学(2科必选),672,621,,,0,安徽,公办,1,1
山东,2025,综合,普通类一段,,中国科学院大学,,物理、化学(2科必选),677,212,,,0,北京,公办,0,0
山东,2025,综合,普通类一段,,中国美术学院,,不限,568,37459,,,0,浙江,公办,0,0
山东,2025,综合,普通类一段,,中国美术学院,,物理、化学(2科必选),584,37844,,,0,浙江,公办,0,0
山东,2025,综合,普通类一段,,中国药科大学,,物理、化学(2科必选),578,3258,,,0,江苏,公办,0,1
山东,2025,综合,普通类一段,,中国计量大学,,不限,585,21647,,,0,浙江,公办,0,0
山东,2025,综合,普通类一段,,中国计量大学,,物理、化学(2科必选),571,31768,,,0,浙江,公办,0,0
山东,2025,综合,普通类一段,,中国计量大学,,物理必选,567,40169,,,0,浙江,公办,0,0
山东,2025,综合,普通类一段,,中国计量大学现代科技学院,,物理、化学(2科必选),494,194667,,,0,浙江,民办,0,0
山东,2025,综合,普通类一段,,中央戏剧学院,,不限,573,20165,,,0,北京,公办,0,0
山东,2025,综合,普通类一段,,中央民族大学,,不限,609,11225,,,0,北京,公办,1,1
山东,2025,综合,普通类一段,,中央民族大学,,历史必选,614,15054,,,0,北京,公办,1,1
山东,2025,综合,普通类一段,,中央民族大学,,物理、化学(2科必选),580,15285,,,0,北京,公办,1,1
山东,2025,综合,普通类一段,,中央民族大学,,物理必选,608,19421,,,0,北京,公办,1,1
山东,2025,综合,普通类一段,,中央美术学院,,不限,562,38464,,,0,北京,公办,0,0
山东,2025,综合,普通类一段,,中央美术学院,,历史必选,583,39303,,,0,北京,公办,0,0
山东,2025,综合,普通类一段,,中央美术学院,,物理、化学(2科必选),584,37981,,,0,北京,公办,0,0
山东,2025,综合,普通类一段,,中央财经大学,,不限,613,3957,,,0,北京,公办,0,1
山东,2025,综合,普通类一段,,中央财经大学,,物理、化学(2科必选),626,8114,,,0,北京,公办,0,1
山东,2025,综合,普通类一段,,中央财经大学,,物理必选,608,3991,,,0,北京,公办,0,1
山东,2025,综合,普通类一段,,中山大学,,不限,636,3162,,,0,广东,公办,1,1
山东,2025,综合,普通类一段,,中山大学,,思想政治必选,635,7219,,,0,广东,公办,1,1
山东,2025,综合,普通类一段,,中山大学,,物理、化学(2科必选),636,662,,,0,广东,公办,1,1
山东,2025,综合,普通类一段,,临沂大学,,不限,502,75349,,,0,山东,公办,0,0
山东,2025,综合,普通类一段,,临沂大学,,地理必选,533,113356,,,0,山东,公办,0,0
山东,2025,综合,普通类一段,,临沂大学,,思想政治必选,545,90739,,,0,山东,公办,0,0
山东,2025,综合,普通类一段,,临沂大学,,物理、化学(2科必选),446,121306,,,0,山东,公办,0,0
山东,2025,综合,普通类一段,,临沂大学,,物理必选,509,162647,,,0,山东,公办,0,0
山东,2025,综合,普通类一段,,临沂大学,,生物必选,527,125783,,,0,山东,公办,0,0
山东,2025,综合,普通类一段,,丽水学院,,化学必选,502,180322,,,0,浙江,公办,0,0
山东,2025,综合,普通类一段,,丽水学院,,物理、化学(2科必选),513,66587,,,0,浙江,公办,0,0
山东,2025,综合,普通类一段,,丽江文化旅游学院,,物理、化学(2科必选),442,312111,,,0,云南,民办,0,0
山东,2025,综合,普通类一段,,乌鲁木齐职业大学,,不限,501,184569,,,0,新疆,公办,0,0
山东,2025,综合,普通类一段,,乌鲁木齐职业大学,,物理必选,474,250264,,,0,新疆,公办,0,0
山东,2025,综合,普通类一段,,乐山师范学院,,历史必选,513,156451,,,0,四川,公办,0,0
山东,2025,综合,普通类一段,,乐山师范学院,,物理、化学(2科必选),478,241321,,,0,四川,公办,0,0
山东,2025,综合,普通类一段,,九江学院,,不限,497,107790,,,0,江西,公办,0,0
山东,2025,综合,普通类一段,,九江学院,,化学必选,494,201329,,,0,江西,公办,0,0
山东,2025,综合,普通类一段,,九江学院,,物理、化学(2科必选),467,95359,,,0,江西,公办,0,0
山东,2025,综合,普通类一段,,云南中医药大学,,不限,522,44683,,,0,云南,公办,0,0
山东,2025,综合,普通类一段,,云南中医药大学,,化学必选,529,120801,,,0,云南,公办,0,0
山东,2025,综合,普通类一段,,云南中医药大学,,物理、化学(2科必选),484,152939,,,0,云南,公办,0,0
山东,2025,综合,普通类一段,,云南农业大学,,不限,508,104154,,,0,云南,公办,0,0
山东,2025,综合,普通类一段,,云南农业大学,,物理、化学(2科必选),457,106077,,,0,云南,公办,0,0
山东,2025,综合,普通类一段,,云南农业大学,,物理必选,478,159068,,,0,云南,公办,0,0
山东,2025,综合,普通类一段,,云南大学,,不限,587,29980,,,0,云南,公办,0,1
山东,2025,综合,普通类一段,,云南大学,,历史、思想政治(2科必选),591,29372,,,0,云南,公办,0,1
山东,2025,综合,普通类一段,,云南大学,,历史必选,600,21607,,,0,云南,公办,0,1
山东,2025,综合,普通类一段,,云南大学,,史政地(3科必选),591,30369,,,0,云南,公办,0,1
山东,2025,综合,普通类一段,,云南大学,,地理必选,590,26855,,,0,云南,公办,0,1
山东,2025,综合,普通类一段,,云南大学,,思想政治必选,595,18477,,,0,云南,公办,0,1
山东,2025,综合,普通类一段,,云南大学,,物化生(3科必选),571,25092,,,0,云南,公办,0,1
山东,2025,综合,普通类一段,,云南大学,,物理、化学(2科必选),549,26211,,,0,云南,公办,0,1
山东,2025,综合,普通类一段,,云南大学,,物理、地理(2科必选),565,57137,,,0,云南,公办,0,1
山东,2025,综合,普通类一段,,云南大学,,物理必选,568,27332,,,0,云南,公办,0,1
山东,2025,综合,普通类一段,,云南师范大学,,不限,528,70152,,,0,云南,公办,0,0
山东,2025,综合,普通类一段,,云南师范大学,,历史、思想政治(2科必选),539,51472,,,0,云南,公办,0,0
山东,2025,综合,普通类一段,,云南师范大学,,地理必选,555,65212,,,0,云南,公办,0,0
山东,2025,综合,普通类一段,,云南师范大学,,物理、化学(2科必选),500,116934,,,0,云南,公办,0,0
山东,2025,综合,普通类一段,,云南民族大学,,不限,504,117676,,,0,云南,公办,0,0
山东,2025,综合,普通类一段,,云南民族大学,,历史必选,539,102243,,,0,云南,公办,0,0
山东,2025,综合,普通类一段,,云南民族大学,,史政地(3科必选),553,77460,,,0,云南,公办,0,0
山东,2025,综合,普通类一段,,云南民族大学,,思想政治必选,526,100975,,,0,云南,公办,0,0
山东,2025,综合,普通类一段,,云南民族大学,,物理、化学(2科必选),480,120065,,,0,云南,公办,0,0
山东,2025,综合,普通类一段,,云南民族大学,,物理必选,519,141447,,,0,云南,公办,0,0
山东,2025,综合,普通类一段,,云南经济管理学院,,物理、化学(2科必选),443,326763,,,0,云南,民办,0,0
山东,2025,综合,普通类一段,,云南经济管理学院,,生物必选,487,218329,,,0,云南,民办,0,0
山东,2025,综合,普通类一段,,云南艺术学院,,不限,500,168911,,,0,云南,公办,0,0
山东,2025,综合,普通类一段,,云南警官学院,,历史、思想政治(2科必选),545,90792,,,0,云南,公办,0,0
山东,2025,综合,普通类一段,,云南警官学院,,物理、化学(2科必选),514,153791,,,0,云南,公办,0,0
山东,2025,综合,普通类一段,,云南财经大学,,不限,514,50687,,,0,云南,公办,0,0
山东,2025,综合,普通类一段,,云南财经大学,,物理、化学(2科必选),514,128392,,,0,云南,公办,0,0
山东,2025,综合,普通类一段,,云南财经大学,,物理必选,473,130496,,,0,云南,公办,0,0
山东,2025,综合,普通类一段,,五邑大学,,不限,553,77457,,,0,广东,公办,0,0
山东,2025,综合,普通类一段,,五邑大学,,物理、化学(2科必选),545,85473,,,0,广东,公办,0,0
山东,2025,综合,普通类一段,,井冈山大学,,不限,510,85094,,,0,江西,公办,0,0
山东,2025,综合,普通类一段,,井冈山大学,,物理、化学(2科必选),475,95169,,,0,江西,公办,0,0
山东,2025,综合,普通类一段,,亳州学院,,不限,503,173930,,,0,安徽,公办,0,0
山东,2025,综合,普通类一段,,亳州学院,,史政地(3科必选),511,160289,,,0,安徽,公办,0,0
山东,2025,综合,普通类一段,,亳州学院,,物理、化学(2科必选),469,217294,,,0,安徽,公办,0,0
山东,2025,综合,普通类一段,,仰恩大学,,不限,489,211969,,,0,福建,民办,0,0
山东,2025,综合,普通类一段,,伊犁师范大学,,不限,502,114930,,,0,新疆,公办,0,0
山东,2025,综合,普通类一段,,伊犁师范大学,,历史、地理(2科必选),502,182161,,,0,新疆,公办,0,0
山东,2025,综合,普通类一段,,伊犁师范大学,,历史、思想政治(2科必选),517,146336,,,0,新疆,公办,0,0
山东,2025,综合,普通类一段,,伊犁师范大学,,历史必选,511,161210,,,0,新疆,公办,0,0
山东,2025,综合,普通类一段,,伊犁师范大学,,地理必选,504,159782,,,0,新疆,公办,0,0
山东,2025,综合,普通类一段,,伊犁师范大学,,物理、化学(2科必选),463,210637,,,0,新疆,公办,0,0
山东,2025,综合,普通类一段,,伊犁师范大学,,物理、地理(2科必选),481,232490,,,0,新疆,公办,0,0
山东,2025,综合,普通类一段,,伊犁师范大学,,物理、生物(2科必选),476,245857,,,0,新疆,公办,0,0
山东,2025,综合,普通类一段,,伊犁师范大学,,物理必选,468,241050,,,0,新疆,公办,0,0
山东,2025,综合,普通类一段,,佛山大学,,物理、化学(2科必选),496,184158,,,0,广东,公办,0,0
山东,2025,综合,普通类一段,,佛山大学,,物理必选,502,181449,,,0,广东,公办,0,0
山东,2025,综合,普通类一段,,佳木斯大学,,不限,511,101401,,,0,黑龙江,公办,0,0
山东,2025,综合,普通类一段,,佳木斯大学,,物化生(3科必选),525,128920,,,0,黑龙江,公办,0,0
山东,2025,综合,普通类一段,,佳木斯大学,,物理、化学(2科必选),470,174726,,,0,黑龙江,公办,0,0
山东,2025,综合,普通类一段,,佳木斯大学,,生物必选,518,143807,,,0,黑龙江,公办,0,0
山东,2025,综合,普通类一段,,保定学院,,不限,510,108955,,,0,河北,公办,0,0
山东,2025,综合,普通类一段,,保定学院,,历史必选,521,82817,,,0,河北,公办,0,0
山东,2025,综合,普通类一段,,保定学院,,思想政治必选,538,103491,,,0,河北,公办,0,0
山东,2025,综合,普通类一段,,保定学院,,物理、化学(2科必选),483,122209,,,0,河北,公办,0,0
山东,2025,综合,普通类一段,,保定学院,,物理必选,502,181594,,,0,河北,公办,0,0
山东,2025,综合,普通类一段,,保定理工学院,,不限,484,193925,,,0,河北,民办,0,0
山东,2025,综合,普通类一段,,保定理工学院,,物理、化学(2科必选),445,283381,,,0,河北,民办,0,0
山东,2025,综合,普通类一段,,保定理工学院,,物理必选,451,297004,,,0,河北,民办,0,0
山东,2025,综合,普通类一段,,保山学院,,物理、化学(2科必选),464,268542,,,0,云南,公办,0,0
山东,2025,综合,普通类一段,,信阳农林学院,,物理、化学(2科必选),466,241913,,,0,河南,公办,0,0
山东,2025,综合,普通类一段,,信阳学院,,不限,503,179030,,,0,河南,民办,0,0
山东,2025,综合,普通类一段,,信阳学院,,物理、化学(2科必选),465,272177,,,0,河南,民办,0,0
山东,2025,综合,普通类一段,,信阳师范大学,,物理、化学(2科必选),460,181111,,,0,河南,公办,0,0
山东,2025,综合,普通类一段,,六盘水师范学院,,不限,502,148851,,,0,贵州,公办,0,0
山东,2025,综合,普通类一段,,六盘水师范学院,,物理、化学(2科必选),468,223096,,,0,贵州,公办,0,0
山东,2025,综合,普通类一段,,兰州交通大学,,不限,527,55957,,,0,甘肃,公办,0,0
山东,2025,综合,普通类一段,,兰州交通大学,,物理、化学(2科必选),518,37063,,,0,甘肃,公办,0,0
山东,2025,综合,普通类一段,,兰州交通大学,,物理、地理(2科必选),547,86650,,,0,甘肃,公办,0,0
山东,2025,综合,普通类一段,,兰州交通大学,,物理必选,526,86620,,,0,甘肃,公办,0,0
山东,2025,综合,普通类一段,,兰州信息科技学院,,不限,490,211651,,,0,甘肃,民办,0,0
山东,2025,综合,普通类一段,,兰州信息科技学院,,物理、化学(2科必选),441,294958,,,0,甘肃,民办,0,0
山东,2025,综合,普通类一段,,兰州博文科技学院,,不限,481,201387,,,0,甘肃,民办,0,0
山东,2025,综合,普通类一段,,兰州博文科技学院,,物理、化学(2科必选),441,295456,,,0,甘肃,民办,0,0
山东,2025,综合,普通类一段,,兰州博文科技学院,,物理必选,442,317701,,,0,甘肃,民办,0,0
山东,2025,综合,普通类一段,,兰州城市学院,,历史、思想政治(2科必选),511,148658,,,0,甘肃,公办,0,0
山东,2025,综合,普通类一段,,兰州城市学院,,物理、化学(2科必选),463,237227,,,0,甘肃,公办,0,0
山东,2025,综合,普通类一段,,兰州大学,,不限,607,12691,,,0,甘肃,公办,1,1
山东,2025,综合,普通类一段,,兰州大学,,历史必选,610,15127,,,0,甘肃,公办,1,1
山东,2025,综合,普通类一段,,兰州大学,,思想政治必选,609,17210,,,0,甘肃,公办,1,1
山东,2025,综合,普通类一段,,兰州大学,,物理、化学(2科必选),605,12580,,,0,甘肃,公办,1,1
山东,2025,综合,普通类一段,,兰州工业学院,,物理、化学(2科必选),469,167612,,,0,甘肃,公办,0,0
山东,2025,综合,普通类一段,,兰州工商学院,,不限,481,204097,,,0,甘肃,民办,0,0
山东,2025,综合,普通类一段,,兰州工商学院,,历史、思想政治(2科必选),497,190024,,,0,甘肃,民办,0,0
山东,2025,综合,普通类一段,,兰州工商学院,,物理、化学(2科必选),441,317234,,,0,甘肃,民办,0,0
山东,2025,综合,普通类一段,,兰州工商学院,,物理必选,441,332798,,,0,甘肃,民办,0,0
山东,2025,综合,普通类一段,,兰州文理学院,,不限,502,129073,,,0,甘肃,公办,0,0
山东,2025,综合,普通类一段,,兰州文理学院,,思想政治必选,509,164624,,,0,甘肃,公办,0,0
山东,2025,综合,普通类一段,,兰州文理学院,,物理、化学(2科必选),467,226773,,,0,甘肃,公办,0,0
山东,2025,综合,普通类一段,,兰州理工大学,,不限,522,68603,,,0,甘肃,公办,0,0
山东,2025,综合,普通类一段,,兰州理工大学,,物理、化学(2科必选),497,54469,,,0,甘肃,公办,0,0
山东,2025,综合,普通类一段,,兰州石化职业技术大学,,历史必选,504,156198,,,0,甘肃,公办,0,0
山东,2025,综合,普通类一段,,兰州石化职业技术大学,,物理、化学(2科必选),471,247411,,,0,甘肃,公办,0,0
山东,2025,综合,普通类一段,,兰州石化职业技术大学,,物理必选,478,162403,,,0,甘肃,公办,0,0
山东,2025,综合,普通类一段,,兰州财经大学,,不限,509,62582,,,0,甘肃,公办,0,0
山东,2025,综合,普通类一段,,兰州财经大学,,地理必选,521,138821,,,0,甘肃,公办,0,0
山东,2025,综合,普通类一段,,兰州财经大学,,物理、化学(2科必选),509,112011,,,0,甘肃,公办,0,0
山东,2025,综合,普通类一段,,兰州财经大学,,物理必选,499,142883,,,0,甘肃,公办,0,0
山东,2025,综合,普通类一段,,兰州资源环境职业技术大学,,历史必选,502,162581,,,0,甘肃,公办,0,0
山东,2025,综合,普通类一段,,兰州资源环境职业技术大学,,物理必选,472,171111,,,0,甘肃,公办,0,0
山东,2025,综合,普通类一段,,内江师范学院,,历史必选,528,123479,,,0,四川,公办,0,0
山东,2025,综合,普通类一段,,内江师范学院,,思想政治必选,526,127356,,,0,四川,公办,0,0
山东,2025,综合,普通类一段,,内江师范学院,,物理、化学(2科必选),487,217547,,,0,四川,公办,0,0
山东,2025,综合,普通类一段,,内蒙古农业大学,,不限,514,111297,,,0,内蒙古,公办,0,0
山东,2025,综合,普通类一段,,内蒙古农业大学,,物理、化学(2科必选),465,116850,,,0,内蒙古,公办,0,0
山东,2025,综合,普通类一段,,内蒙古农业大学,,生物必选,512,158064,,,0,内蒙古,公办,0,0
山东,2025,综合,普通类一段,,内蒙古医科大学,,不限,566,59066,,,0,内蒙古,公办,0,0
山东,2025,综合,普通类一段,,内蒙古医科大学,,物化生(3科必选),493,75006,,,0,内蒙古,公办,0,0
山东,2025,综合,普通类一段,,内蒙古医科大学,,物理、生物(2科必选),526,91119,,,0,内蒙古,公办,0,0
山东,2025,综合,普通类一段,,内蒙古大学,,不限,576,20182,,,0,内蒙古,公办,0,1
山东,2025,综合,普通类一段,,内蒙古大学,,历史、思想政治(2科必选),599,25404,,,0,内蒙古,公办,0,1
山东,2025,综合,普通类一段,,内蒙古大学,,历史必选,583,22341,,,0,内蒙古,公办,0,1
山东,2025,综合,普通类一段,,内蒙古大学,,思想政治必选,589,31531,,,0,内蒙古,公办,0,1
山东,2025,综合,普通类一段,,内蒙古大学,,物理、化学(2科必选),553,25415,,,0,内蒙古,公办,0,1
山东,2025,综合,普通类一段,,内蒙古大学,,物理必选,556,72076,,,0,内蒙古,公办,0,1
山东,2025,综合,普通类一段,,内蒙古大学创业学院,,不限,498,184057,,,0,内蒙古,民办,0,0
山东,2025,综合,普通类一段,,内蒙古工业大学,,不限,515,150932,,,0,内蒙古,公办,0,0
山东,2025,综合,普通类一段,,内蒙古工业大学,,化学必选,502,181961,,,0,内蒙古,公办,0,0
山东,2025,综合,普通类一段,,内蒙古工业大学,,物理、化学(2科必选),480,96518,,,0,内蒙古,公办,0,0
山东,2025,综合,普通类一段,,内蒙古工业大学,,物理必选,474,226801,,,0,内蒙古,公办,0,0
山东,2025,综合,普通类一段,,内蒙古师范大学,,不限,514,70186,,,0,内蒙古,公办,0,0
山东,2025,综合,普通类一段,,内蒙古师范大学,,地理必选,543,94300,,,0,内蒙古,公办,0,0
山东,2025,综合,普通类一段,,内蒙古师范大学,,思想政治必选,539,102031,,,0,内蒙古,公办,0,0
山东,2025,综合,普通类一段,,内蒙古师范大学,,物理、化学(2科必选),487,150636,,,0,内蒙古,公办,0,0
山东,2025,综合,普通类一段,,内蒙古民族大学,,不限,512,84955,,,0,内蒙古,公办,0,0
山东,2025,综合,普通类一段,,内蒙古民族大学,,历史必选,513,155296,,,0,内蒙古,公办,0,0
山东,2025,综合,普通类一段,,内蒙古民族大学,,思想政治必选,529,121663,,,0,内蒙古,公办,0,0
山东,2025,综合,普通类一段,,内蒙古民族大学,,物化生(3科必选),479,237425,,,0,内蒙古,公办,0,0
山东,2025,综合,普通类一段,,内蒙古民族大学,,物理、化学(2科必选),476,116143,,,0,内蒙古,公办,0,0
山东,2025,综合,普通类一段,,内蒙古民族大学,,生物必选,514,129176,,,0,内蒙古,公办,0,0
山东,2025,综合,普通类一段,,内蒙古科技大学,,不限,513,87886,,,0,内蒙古,公办,0,0
山东,2025,综合,普通类一段,,内蒙古科技大学,,思想政治必选,530,119271,,,0,内蒙古,公办,0,0
山东,2025,综合,普通类一段,,内蒙古科技大学,,物化生(3科必选),500,185764,,,0,内蒙古,公办,0,0
山东,2025,综合,普通类一段,,内蒙古科技大学,,物理、化学(2科必选),478,133433,,,0,内蒙古,公办,0,0
山东,2025,综合,普通类一段,,内蒙古科技大学,,物理必选,503,177788,,,0,内蒙古,公办,0,0
山东,2025,综合,普通类一段,,内蒙古科技大学包头医学院,,物化生(3科必选),479,124194,,,0,内蒙古,公办,0,0
山东,2025,综合,普通类一段,,内蒙古科技大学包头师范学院,,不限,500,158998,,,0,内蒙古,公办,0,0
山东,2025,综合,普通类一段,,内蒙古科技大学包头师范学院,,历史必选,512,134421,,,0,内蒙古,公办,0,0
山东,2025,综合,普通类一段,,内蒙古科技大学包头师范学院,,地理必选,519,129224,,,0,内蒙古,公办,0,0
山东,2025,综合,普通类一段,,内蒙古科技大学包头师范学院,,思想政治必选,518,144728,,,0,内蒙古,公办,0,0
山东,2025,综合,普通类一段,,内蒙古科技大学包头师范学院,,物理、化学(2科必选),464,239520,,,0,内蒙古,公办,0,0
山东,2025,综合,普通类一段,,内蒙古艺术学院,,不限,500,183070,,,0,内蒙古,公办,0,0
山东,2025,综合,普通类一段,,内蒙古财经大学,,不限,524,77771,,,0,内蒙古,公办,0,0
山东,2025,综合,普通类一段,,内蒙古财经大学,,物理、化学(2科必选),500,167311,,,0,内蒙古,公办,0,0
山东,2025,综合,普通类一段,,内蒙古财经大学,,物理必选,496,195273,,,0,内蒙古,公办,0,0
山东,2025,综合,普通类一段,,凯里学院,,物理、化学(2科必选),466,252763,,,0,贵州,公办,0,0
山东,2025,综合,普通类一段,,北京中医药大学,,不限,601,14528,,,0,北京,公办,0,1
山东,2025,综合,普通类一段,,北京中医药大学,,物理、化学(2科必选),570,3596,,,0,北京,公办,0,1
山东,2025,综合,普通类一段,,北京中医药大学东方学院,,不限,492,94883,,,0,河北,民办,0,0
山东,2025,综合,普通类一段,,北京中医药大学东方学院,,化学必选,483,227261,,,0,河北,民办,0,0
山东,2025,综合,普通类一段,,北京中医药大学东方学院,,物理、化学(2科必选),459,163970,,,0,河北,民办,0,0
山东,2025,综合,普通类一段,,北京中医药大学东方学院,,生物必选,509,164200,,,0,河北,民办,0,0
山东,2025,综合,普通类一段,,北京交通大学,,不限,585,11263,,,0,北京,公办,0,1
山东,2025,综合,普通类一段,,北京交通大学,,物理、化学(2科必选),572,5128,,,0,北京,公办,0,1
山东,2025,综合,普通类一段,,北京交通大学,,物理必选,607,20007,,,0,北京,公办,0,1
山东,2025,综合,普通类一段,,北京交通大学（威海校区）,,不限,585,28690,,,0,山东,中外合作办学,0,1
山东,2025,综合,普通类一段,,北京交通大学（威海校区）,,物理、化学(2科必选),572,25031,,,0,山东,中外合作办学,0,1
山东,2025,综合,普通类一段,,北京体育大学,,不限,530,20337,,,0,北京,公办,0,1
山东,2025,综合,普通类一段,,北京体育大学,,历史、思想政治(2科必选),603,22773,,,0,北京,公办,0,1
山东,2025,综合,普通类一段,,北京体育大学,,物理、化学(2科必选),575,29305,,,0,北京,公办,0,1
山东,2025,综合,普通类一段,,北京体育大学,,物理必选,585,27915,,,0,北京,公办,0,1
山东,2025,综合,普通类一段,,北京信息科技大学,,不限,577,26712,,,0,北京,公办,0,0
山东,2025,综合,普通类一段,,北京信息科技大学,,物理、化学(2科必选),550,23468,,,0,北京,公办,0,0
山东,2025,综合,普通类一段,,北京信息科技大学,,物理必选,584,37873,,,0,北京,公办,0,0
山东,2025,综合,普通类一段,,北京农学院,,不限,522,98596,,,0,北京,公办,0,0
山东,2025,综合,普通类一段,,北京农学院,,物理、化学(2科必选),472,101016,,,0,北京,公办,0,0
山东,2025,综合,普通类一段,,北京化工大学,,不限,604,14007,,,0,北京,公办,0,1
山东,2025,综合,普通类一段,,北京化工大学,,物理、化学(2科必选),575,15838,,,0,北京,公办,0,1
山东,2025,综合,普通类一段,,北京协和医学院,,物理、化学(2科必选),589,3962,,,0,北京,公办,0,0
山东,2025,综合,普通类一段,,北京印刷学院,,不限,556,49121,,,0,北京,公办,0,0
山东,2025,综合,普通类一段,,北京印刷学院,,物理、化学(2科必选),535,75576,,,0,北京,公办,0,0
山东,2025,综合,普通类一段,,北京城市学院,,不限,499,161297,,,0,北京,民办,0,0
山东,2025,综合,普通类一段,,北京城市学院,,物理、化学(2科必选),442,225556,,,0,北京,民办,0,0
山东,2025,综合,普通类一段,,北京外国语大学,,不限,613,5149,,,0,北京,公办,0,1
山东,2025,综合,普通类一段,,北京外国语大学,,思想政治必选,596,8938,,,0,北京,公办,0,1
山东,2025,综合,普通类一段,,北京外国语大学,,物理必选,604,21713,,,0,北京,公办,0,1
山东,2025,综合,普通类一段,,北京大学,,不限,684,178,,,0,北京,公办,1,1
山东,2025,综合,普通类一段,,北京大学,,物理、化学(2科必选),685,138,,,0,北京,公办,1,1
山东,2025,综合,普通类一段,,北京大学医学部,,不限,670,819,,,0,北京,公办,1,1
山东,2025,综合,普通类一段,,北京大学医学部,,物理、化学(2科必选),679,204,,,0,北京,公办,1,1
山东,2025,综合,普通类一段,,北京工业大学,,不限,601,24231,,,0,北京,公办,0,1
山东,2025,综合,普通类一段,,北京工业大学,,物理、化学(2科必选),584,12371,,,0,北京,公办,0,1
山东,2025,综合,普通类一段,,北京工业大学,,物理必选,586,21698,,,0,北京,公办,0,1
山东,2025,综合,普通类一段,,北京工业大学耿丹学院,,物理、化学(2科必选),475,247683,,,0,北京,民办,0,0
山东,2025,综合,普通类一段,,北京工业大学耿丹学院,,物理必选,486,220849,,,0,北京,民办,0,0
山东,2025,综合,普通类一段,,北京工商大学,,不限,576,24325,,,0,北京,公办,0,0
山东,2025,综合,普通类一段,,北京工商大学,,物理、化学(2科必选),522,42130,,,0,北京,公办,0,0
山东,2025,综合,普通类一段,,北京工商大学,,物理必选,570,53164,,,0,北京,公办,0,0
山东,2025,综合,普通类一段,,北京师范大学,,不限,623,3432,,,0,北京,公办,1,1
山东,2025,综合,普通类一段,,北京师范大学,,物理、化学(2科必选),635,3463,,,0,北京,公办,1,1
山东,2025,综合,普通类一段,,北京师范大学（珠海校区）,,不限,625,10200,,,0,广东,公办,1,1
山东,2025,综合,普通类一段,,北京师范大学（珠海校区）,,物理、化学(2科必选),618,11343,,,0,广东,公办,1,1
山东,2025,综合,普通类一段,,北京建筑大学,,不限,583,39461,,,0,北京,公办,0,0
山东,2025,综合,普通类一段,,北京建筑大学,,物理、化学(2科必选),537,25841,,,0,北京,公办,0,0
山东,2025,综合,普通类一段,,北京建筑大学,,物理必选,533,54929,,,0,北京,公办,0,0
山东,2025,综合,普通类一段,,北京服装学院,,不限,540,71631,,,0,北京,公办,0,0
山东,2025,综合,普通类一段,,北京服装学院,,物理、化学(2科必选),510,106550,,,0,北京,公办,0,0
山东,2025,综合,普通类一段,,北京林业大学,,不限,596,14155,,,0,北京,公办,0,1
山东,2025,综合,普通类一段,,北京林业大学,,地理必选,603,21508,,,0,北京,公办,0,1
山东,2025,综合,普通类一段,,北京林业大学,,物理、化学(2科必选),555,16682,,,0,北京,公办,0,1
山东,2025,综合,普通类一段,,北京林业大学,,物理必选,593,25366,,,0,北京,公办,0,1
山东,2025,综合,普通类一段,,北京林业大学,,生物必选,587,34886,,,0,北京,公办,0,1
山东,2025,综合,普通类一段,,北京物资学院,,不限,524,43136,,,0,北京,公办,0,0
山东,2025,综合,普通类一段,,北京物资学院,,物理、化学(2科必选),522,53321,,,0,北京,公办,0,0
山东,2025,综合,普通类一段,,北京物资学院,,物理必选,504,90030,,,0,北京,公办,0,0
山东,2025,综合,普通类一段,,北京理工大学,,不限,628,9718,,,0,北京,公办,1,1
山东,2025,综合,普通类一段,,北京理工大学,,物理、化学(2科必选),627,723,,,0,北京,公办,1,1
山东,2025,综合,普通类一段,,北京电影学院,,不限,579,30248,,,0,北京,公办,0,0
山东,2025,综合,普通类一段,,北京电影学院,,物理、化学(2科必选),593,29598,,,0,北京,公办,0,0
山东,2025,综合,普通类一段,,北京电影学院,,物理必选,581,41010,,,0,北京,公办,0,0
山东,2025,综合,普通类一段,,北京石油化工学院,,不限,531,107453,,,0,北京,公办,0,0
山东,2025,综合,普通类一段,,北京石油化工学院,,物理、化学(2科必选),528,57377,,,0,北京,公办,0,0
山东,2025,综合,普通类一段,,北京石油化工学院,,物理必选,546,88208,,,0,北京,公办,0,0
山东,2025,综合,普通类一段,,北京科技大学,,不限,609,17095,,,0,北京,公办,0,1
山东,2025,综合,普通类一段,,北京科技大学,,物理、化学(2科必选),607,6794,,,0,北京,公办,0,1
山东,2025,综合,普通类一段,,北京科技大学,,物理必选,611,17477,,,0,北京,公办,0,1
山东,2025,综合,普通类一段,,北京科技大学天津学院,,不限,498,130114,,,0,天津,民办,0,0
山东,2025,综合,普通类一段,,北京科技大学天津学院,,化学必选,489,212711,,,0,天津,民办,0,0
山东,2025,综合,普通类一段,,北京科技大学天津学院,,物理、化学(2科必选),461,247640,,,0,天津,民办,0,0
山东,2025,综合,普通类一段,,北京科技职业大学,,物理必选,512,138952,,,0,北京,公办,0,0
山东,2025,综合,普通类一段,,北京第二外国语学院,,不限,571,24913,,,0,北京,公办,0,0
山东,2025,综合,普通类一段,,北京第二外国语学院,,地理必选,579,43239,,,0,北京,公办,0,0
山东,2025,综合,普通类一段,,北京第二外国语学院,,思想政治必选,582,33340,,,0,北京,公办,0,0
山东,2025,综合,普通类一段,,北京第二外国语学院中瑞酒店管理学院,,不限,489,206811,,,0,北京,民办,0,0
山东,2025,综合,普通类一段,,北京联合大学,,不限,543,36076,,,0,北京,公办,0,0
山东,2025,综合,普通类一段,,北京联合大学,,物理、化学(2科必选),514,43119,,,0,北京,公办,0,0
山东,2025,综合,普通类一段,,北京联合大学,,物理必选,563,62035,,,0,北京,公办,0,0
山东,2025,综合,普通类一段,,北京舞蹈学院,,不限,582,40477,,,0,北京,公办,0,0
山东,2025,综合,普通类一段,,北京航空航天大学,,历史必选,645,4432,,,0,北京,公办,1,1
山东,2025,综合,普通类一段,,北京航空航天大学,,物理、化学(2科必选),645,452,,,0,北京,公办,1,1
山东,2025,综合,普通类一段,,北京语言大学,,不限,537,22765,,,0,北京,公办,0,0
山东,2025,综合,普通类一段,,北京语言大学,,思想政治必选,589,28685,,,0,北京,公办,0,0
山东,2025,综合,普通类一段,,北京语言大学,,物理、化学(2科必选),584,37662,,,0,北京,公办,0,0
山东,2025,综合,普通类一段,,北京语言大学,,物理必选,502,44840,,,0,北京,公办,0,0
山东,2025,综合,普通类一段,,北京邮电大学,,历史必选,608,7863,,,0,北京,公办,0,1
山东,2025,综合,普通类一段,,北京邮电大学,,物理、化学(2科必选),602,2250,,,0,北京,公办,0,1
山东,2025,综合,普通类一段,,北华大学,,不限,512,63038,,,0,吉林,公办,0,0
山东,2025,综合,普通类一段,,北华大学,,思想政治必选,554,76123,,,0,吉林,公办,0,0
山东,2025,综合,普通类一段,,北华大学,,物化生(3科必选),542,95027,,,0,吉林,公办,0,0
山东,2025,综合,普通类一段,,北华大学,,物理、化学(2科必选),456,84691,,,0,吉林,公办,0,0
山东,2025,综合,普通类一段,,北华航天工业学院,,不限,513,90838,,,0,河北,公办,0,0
山东,2025,综合,普通类一段,,北华航天工业学院,,物理、化学(2科必选),491,60755,,,0,河北,公办,0,0
山东,2025,综合,普通类一段,,北华航天工业学院,,物理、地理(2科必选),514,152337,,,0,河北,公办,0,0
山东,2025,综合,普通类一段,,北师香港浸会大学,,不限,559,58674,,,0,广东,内地与港澳台地区合作办学,0,0
山东,2025,综合,普通类一段,,北师香港浸会大学,,物理、化学(2科必选),551,59236,,,0,广东,内地与港澳台地区合作办学,0,0
山东,2025,综合,普通类一段,,北师香港浸会大学,,物理必选,562,63115,,,0,广东,内地与港澳台地区合作办学,0,0
山东,2025,综合,普通类一段,,北方工业大学,,不限,559,21478,,,0,北京,公办,0,0
山东,2025,综合,普通类一段,,北方工业大学,,物理、化学(2科必选),504,22008,,,0,北京,公办,0,0
山东,2025,综合,普通类一段,,北方民族大学,,不限,514,74080,,,0,宁夏,公办,0,0
山东,2025,综合,普通类一段,,北方民族大学,,历史必选,537,83683,,,0,宁夏,公办,0,0
山东,2025,综合,普通类一段,,北方民族大学,,思想政治必选,529,121308,,,0,宁夏,公办,0,0
山东,2025,综合,普通类一段,,北方民族大学,,物理、化学(2科必选),462,125433,,,0,宁夏,公办,0,0
山东,2025,综合,普通类一段,,北海艺术设计学院,,不限,479,220594,,,0,广西,民办,0,0
山东,2025,综合,普通类一段,,北部湾大学,,不限,510,123772,,,0,广西,公办,0,0
山东,2025,综合,普通类一段,,北部湾大学,,地理必选,529,120800,,,0,广西,公办,0,0
山东,2025,综合,普通类一段,,北部湾大学,,物理、化学(2科必选),470,120872,,,0,广西,公办,0,0
山东,2025,综合,普通类一段,,北部湾大学,,物理必选,495,198908,,,0,广西,公办,0,0
山东,2025,综合,普通类一段,,华东交通大学,,不限,525,36495,,,0,江西,公办,0,0
山东,2025,综合,普通类一段,,华东交通大学,,物理、化学(2科必选),517,41652,,,0,江西,公办,0,0
山东,2025,综合,普通类一段,,华东交通大学,,物理必选,509,92278,,,0,江西,公办,0,0
山东,2025,综合,普通类一段,,华东师范大学,,不限,628,4806,,,0,上海,公办,1,1
山东,2025,综合,普通类一段,,华东师范大学,,思想政治必选,632,7173,,,0,上海,公办,1,1
山东,2025,综合,普通类一段,,华东师范大学,,物理、化学(2科必选),632,3364,,,0,上海,公办,1,1
山东,2025,综合,普通类一段,,华东政法大学,,不限,609,5653,,,0,上海,公办,0,0
山东,2025,综合,普通类一段,,华东政法大学,,思想政治必选,620,12991,,,0,上海,公办,0,0
山东,2025,综合,普通类一段,,华东理工大学,,不限,603,13205,,,0,上海,公办,0,1
山东,2025,综合,普通类一段,,华东理工大学,,物理、化学(2科必选),600,10176,,,0,上海,公办,0,1
山东,2025,综合,普通类一段,,华中农业大学,,不限,579,17231,,,0,湖北,公办,0,1
山东,2025,综合,普通类一段,,华中农业大学,,物理、化学(2科必选),547,22386,,,0,湖北,公办,0,1
山东,2025,综合,普通类一段,,华中农业大学,,物理、地理(2科必选),596,27291,,,0,湖北,公办,0,1
山东,2025,综合,普通类一段,,华中农业大学,,物理、生物(2科必选),579,43533,,,0,湖北,公办,0,1
山东,2025,综合,普通类一段,,华中农业大学,,物理必选,585,32396,,,0,湖北,公办,0,1
山东,2025,综合,普通类一段,,华中师范大学,,不限,599,19752,,,0,湖北,公办,0,1
山东,2025,综合,普通类一段,,华中师范大学,,历史必选,616,12288,,,0,湖北,公办,0,1
山东,2025,综合,普通类一段,,华中师范大学,,思想政治必选,610,17358,,,0,湖北,公办,0,1
山东,2025,综合,普通类一段,,华中师范大学,,物理、化学(2科必选),597,14643,,,0,湖北,公办,0,1
山东,2025,综合,普通类一段,,华中师范大学,,物理必选,593,29549,,,0,湖北,公办,0,1
山东,2025,综合,普通类一段,,华中科技大学,,物理、化学(2科必选),610,1043,,,0,湖北,公办,1,1
山东,2025,综合,普通类一段,,华侨大学,,不限,547,28414,,,0,福建,公办,0,0
山东,2025,综合,普通类一段,,华侨大学,,思想政治必选,580,42512,,,0,福建,公办,0,0
山东,2025,综合,普通类一段,,华侨大学,,物理、化学(2科必选),529,34030,,,0,福建,公办,0,0
山东,2025,综合,普通类一段,,华侨大学,,物理必选,559,67581,,,0,福建,公办,0,0
山东,2025,综合,普通类一段,,华北水利水电大学,,不限,504,109515,,,0,河南,公办,0,0
山东,2025,综合,普通类一段,,华北水利水电大学,,物理、化学(2科必选),478,52625,,,0,河南,公办,0,0
山东,2025,综合,普通类一段,,华北水利水电大学,,物理必选,525,129225,,,0,河南,公办,0,0
山东,2025,综合,普通类一段,,华北理工大学,,不限,521,44321,,,0,河北,公办,0,0
山东,2025,综合,普通类一段,,华北理工大学,,化学必选,532,115085,,,0,河北,公办,0,0
山东,2025,综合,普通类一段,,华北理工大学,,物化生(3科必选),525,40094,,,0,河北,公办,0,0
山东,2025,综合,普通类一段,,华北理工大学,,物理、化学(2科必选),468,53186,,,0,河北,公办,0,0
山东,2025,综合,普通类一段,,华北理工大学,,物理必选,481,103033,,,0,河北,公办,0,0
山东,2025,综合,普通类一段,,华北理工大学,,生物必选,558,51220,,,0,河北,公办,0,0
山东,2025,综合,普通类一段,,华北理工大学轻工学院,,不限,493,192138,,,0,河北,民办,0,0
山东,2025,综合,普通类一段,,华北理工大学轻工学院,,物理、化学(2科必选),449,312965,,,0,河北,民办,0,0
山东,2025,综合,普通类一段,,华北电力大学（保定）,,历史必选,590,18284,,,0,河北,公办,0,1
山东,2025,综合,普通类一段,,华北电力大学（保定）,,物理、化学(2科必选),586,10567,,,0,河北,公办,0,1
山东,2025,综合,普通类一段,,华北电力大学（保定）,,物理必选,590,25441,,,0,河北,公办,0,1
山东,2025,综合,普通类一段,,华北电力大学（北京）,,历史必选,599,15673,,,0,北京,公办,0,1
山东,2025,综合,普通类一段,,华北电力大学（北京）,,物理、化学(2科必选),601,5759,,,0,北京,公办,0,1
山东,2025,综合,普通类一段,,华北电力大学（北京）,,物理必选,597,20720,,,0,北京,公办,0,1
山东,2025,综合,普通类一段,,华北科技学院,,不限,511,76460,,,0,河北,公办,0,0
山东,2025,综合,普通类一段,,华北科技学院,,物理、化学(2科必选),472,121014,,,0,河北,公办,0,0
山东,2025,综合,普通类一段,,华南农业大学,,物理、化学(2科必选),531,38863,,,0,广东,公办,0,0
山东,2025,综合,普通类一段,,华南农业大学,,生物必选,577,45710,,,0,广东,公办,0,0
山东,2025,综合,普通类一段,,华南师范大学,,不限,587,17616,,,0,广东,公办,0,1
山东,2025,综合,普通类一段,,华南师范大学,,历史必选,601,23958,,,0,广东,公办,0,1
山东,2025,综合,普通类一段,,华南师范大学,,地理必选,593,29841,,,0,广东,公办,0,1
山东,2025,综合,普通类一段,,华南师范大学,,物理、化学(2科必选),581,23205,,,0,广东,公办,0,1
山东,2025,综合,普通类一段,,华南师范大学,,物理必选,594,29357,,,0,广东,公办,0,1
山东,2025,综合,普通类一段,,华南理工大学,,不限,633,6840,,,0,广东,公办,1,1
山东,2025,综合,普通类一段,,华南理工大学,,物理、化学(2科必选),627,2487,,,0,广东,公办,1,1
山东,2025,综合,普通类一段,,华南理工大学,,物理必选,640,5816,,,0,广东,公办,1,1
山东,2025,综合,普通类一段,,南京中医药大学,,不限,607,16225,,,0,江苏,公办,0,0
山东,2025,综合,普通类一段,,南京中医药大学,,物理、化学(2科必选),556,35913,,,0,江苏,公办,0,0
山东,2025,综合,普通类一段,,南京传媒学院,,不限,494,136336,,,0,江苏,民办,0,0
山东,2025,综合,普通类一段,,南京体育学院,,不限,514,154427,,,0,江苏,公办,0,0
山东,2025,综合,普通类一段,,南京体育学院,,物理、生物(2科必选),504,175508,,,0,江苏,公办,0,0
山东,2025,综合,普通类一段,,南京信息工程大学,,不限,578,17702,,,0,江苏,公办,0,0
山东,2025,综合,普通类一段,,南京信息工程大学,,历史、思想政治(2科必选),598,26417,,,0,江苏,公办,0,0
山东,2025,综合,普通类一段,,南京信息工程大学,,物理、化学(2科必选),572,17972,,,0,江苏,公办,0,0
山东,2025,综合,普通类一段,,南京信息工程大学,,物理必选,584,28979,,,0,江苏,公办,0,0
山东,2025,综合,普通类一段,,南京农业大学,,不限,592,19466,,,0,江苏,公办,0,1
山东,2025,综合,普通类一段,,南京农业大学,,地理必选,596,27601,,,0,江苏,公办,0,1
山东,2025,综合,普通类一段,,南京农业大学,,物理、化学(2科必选),580,19343,,,0,江苏,公办,0,1
山东,2025,综合,普通类一段,,南京农业大学,,物理、生物(2科必选),579,42705,,,0,江苏,公办,0,1
山东,2025,综合,普通类一段,,南京农业大学,,物理必选,584,29990,,,0,江苏,公办,0,1
山东,2025,综合,普通类一段,,南京医科大学,,物理、化学(2科必选),566,5440,,,0,江苏,公办,0,0
山东,2025,综合,普通类一段,,南京医科大学康达学院,,不限,499,180052,,,0,江苏,民办,0,0
山东,2025,综合,普通类一段,,南京医科大学康达学院,,物理、化学(2科必选),452,141213,,,0,江苏,民办,0,0
山东,2025,综合,普通类一段,,南京医科大学康达学院,,生物必选,513,156441,,,0,江苏,民办,0,0
山东,2025,综合,普通类一段,,南京大学,,物理、化学(2科必选),637,450,,,0,江苏,公办,1,1
山东,2025,综合,普通类一段,,南京审计大学,,不限,590,16707,,,0,江苏,公办,0,0
山东,2025,综合,普通类一段,,南京审计大学,,物理、化学(2科必选),583,29795,,,0,江苏,公办,0,0
山东,2025,综合,普通类一段,,南京审计大学,,物理必选,550,36659,,,0,江苏,公办,0,0
山东,2025,综合,普通类一段,,南京审计大学金审学院,,不限,502,96051,,,0,江苏,民办,0,0
山东,2025,综合,普通类一段,,南京审计大学金审学院,,物理、化学(2科必选),479,210717,,,0,江苏,民办,0,0
山东,2025,综合,普通类一段,,南京审计大学金审学院,,物理必选,502,181886,,,0,江苏,民办,0,0
山东,2025,综合,普通类一段,,南京工业大学,,不限,571,27660,,,0,江苏,公办,0,0
山东,2025,综合,普通类一段,,南京工业大学,,物理、化学(2科必选),542,24857,,,0,江苏,公办,0,0
山东,2025,综合,普通类一段,,南京工业大学,,物理必选,564,41691,,,0,江苏,公办,0,0
山东,2025,综合,普通类一段,,南京工业大学浦江学院,,不限,497,172888,,,0,江苏,民办,0,0
山东,2025,综合,普通类一段,,南京工业大学浦江学院,,历史必选,498,191745,,,0,江苏,民办,0,0
山东,2025,综合,普通类一段,,南京工业大学浦江学院,,物理、化学(2科必选),455,260407,,,0,江苏,民办,0,0
山东,2025,综合,普通类一段,,南京工业大学浦江学院,,物理必选,469,263514,,,0,江苏,民办,0,0
山东,2025,综合,普通类一段,,南京工业职业技术大学,,不限,531,82267,,,0,江苏,公办,0,0
山东,2025,综合,普通类一段,,南京工业职业技术大学,,物理必选,530,52864,,,0,江苏,公办,0,0
山东,2025,综合,普通类一段,,南京工程学院,,不限,545,48069,,,0,江苏,公办,0,0
山东,2025,综合,普通类一段,,南京工程学院,,物理、化学(2科必选),475,21893,,,0,江苏,公办,0,0
山东,2025,综合,普通类一段,,南京师范大学,,不限,602,10988,,,0,江苏,公办,0,1
山东,2025,综合,普通类一段,,南京师范大学,,历史必选,603,12177,,,0,江苏,公办,0,1
山东,2025,综合,普通类一段,,南京师范大学,,地理必选,613,16723,,,0,江苏,公办,0,1
山东,2025,综合,普通类一段,,南京师范大学,,物理、化学(2科必选),588,15948,,,0,江苏,公办,0,1
山东,2025,综合,普通类一段,,南京师范大学,,物理必选,589,33206,,,0,江苏,公办,0,1
山东,2025,综合,普通类一段,,南京师范大学中北学院,,不限,501,174851,,,0,江苏,民办,0,0
山东,2025,综合,普通类一段,,南京师范大学中北学院,,物理、化学(2科必选),469,257178,,,0,江苏,民办,0,0
山东,2025,综合,普通类一段,,南京师范大学泰州学院,,不限,493,156355,,,0,江苏,民办,0,0
山东,2025,综合,普通类一段,,南京师范大学泰州学院,,物理、化学(2科必选),452,275297,,,0,江苏,民办,0,0
山东,2025,综合,普通类一段,,南京晓庄学院,,不限,530,70190,,,0,江苏,公办,0,0
山东,2025,综合,普通类一段,,南京晓庄学院,,物理、化学(2科必选),515,110631,,,0,江苏,公办,0,0
山东,2025,综合,普通类一段,,南京林业大学,,不限,585,21145,,,0,江苏,公办,0,0
山东,2025,综合,普通类一段,,南京林业大学,,物理、化学(2科必选),527,24039,,,0,江苏,公办,0,0
山东,2025,综合,普通类一段,,南京林业大学,,物理必选,571,30906,,,0,江苏,公办,0,0
山东,2025,综合,普通类一段,,南京林业大学,,生物必选,580,42068,,,0,江苏,公办,0,0
山东,2025,综合,普通类一段,,南京特殊教育师范学院,,不限,519,59561,,,0,江苏,公办,0,0
山东,2025,综合,普通类一段,,南京特殊教育师范学院,,思想政治必选,532,115311,,,0,江苏,公办,0,0
山东,2025,综合,普通类一段,,南京特殊教育师范学院,,物理、化学(2科必选),488,166734,,,0,江苏,公办,0,0
山东,2025,综合,普通类一段,,南京理工大学,,历史必选,619,13658,,,0,江苏,公办,0,1
山东,2025,综合,普通类一段,,南京理工大学,,物理、化学(2科必选),617,5639,,,0,江苏,公办,0,1
山东,2025,综合,普通类一段,,南京理工大学泰州科技学院,,物理、化学(2科必选),460,275101,,,0,江苏,民办,0,0
山东,2025,综合,普通类一段,,南京理工大学紫金学院,,不限,511,125597,,,0,江苏,民办,0,0
山东,2025,综合,普通类一段,,南京理工大学紫金学院,,物理、化学(2科必选),481,198107,,,0,江苏,民办,0,0
山东,2025,综合,普通类一段,,南京航空航天大学,,历史必选,623,11502,,,0,江苏,公办,0,1
山东,2025,综合,普通类一段,,南京航空航天大学,,物理、化学(2科必选),593,4310,,,0,江苏,公办,0,1
山东,2025,综合,普通类一段,,南京航空航天大学金城学院,,不限,508,109776,,,0,江苏,民办,0,0
山东,2025,综合,普通类一段,,南京航空航天大学金城学院,,物理、化学(2科必选),471,245220,,,0,江苏,民办,0,0
山东,2025,综合,普通类一段,,南京艺术学院,,不限,558,34483,,,0,江苏,公办,0,0
山东,2025,综合,普通类一段,,南京艺术学院,,物理、化学(2科必选),540,99540,,,0,江苏,公办,0,0
山东,2025,综合,普通类一段,,南京财经大学,,不限,577,20901,,,0,江苏,公办,0,0
山东,2025,综合,普通类一段,,南京财经大学,,物理、化学(2科必选),563,33953,,,0,江苏,公办,0,0
山东,2025,综合,普通类一段,,南京财经大学,,物理必选,557,38840,,,0,江苏,公办,0,0
山东,2025,综合,普通类一段,,南京财经大学红山学院,,不限,497,151496,,,0,江苏,民办,0,0
山东,2025,综合,普通类一段,,南京邮电大学,,不限,598,26278,,,0,江苏,公办,0,0
山东,2025,综合,普通类一段,,南京邮电大学,,物理、化学(2科必选),600,14220,,,0,江苏,公办,0,0
山东,2025,综合,普通类一段,,南京邮电大学,,物理必选,596,27585,,,0,江苏,公办,0,0
山东,2025,综合,普通类一段,,南京邮电大学通达学院,,不限,499,166423,,,0,江苏,民办,0,0
山东,2025,综合,普通类一段,,南京邮电大学通达学院,,物理、化学(2科必选),472,137491,,,0,江苏,民办,0,0
山东,2025,综合,普通类一段,,南京邮电大学通达学院,,物理必选,483,227185,,,0,江苏,民办,0,0
山东,2025,综合,普通类一段,,南华大学,,不限,531,41377,,,0,湖南,公办,0,0
山东,2025,综合,普通类一段,,南华大学,,化学必选,509,164848,,,0,湖南,公办,0,0
山东,2025,综合,普通类一段,,南华大学,,物理、化学(2科必选),493,33959,,,0,湖南,公办,0,0
山东,2025,综合,普通类一段,,南华大学,,物理必选,509,164929,,,0,湖南,公办,0,0
山东,2025,综合,普通类一段,,南华大学船山学院,,不限,498,191852,,,0,湖南,民办,0,0
山东,2025,综合,普通类一段,,南华大学船山学院,,物理、化学(2科必选),458,291061,,,0,湖南,民办,0,0
山东,2025,综合,普通类一段,,南宁学院,,不限,485,206595,,,0,广西,民办,0,0
山东,2025,综合,普通类一段,,南宁学院,,物理、化学(2科必选),441,286086,,,0,广西,民办,0,0
山东,2025,综合,普通类一段,,南宁学院,,物理必选,447,290001,,,0,广西,民办,0,0
山东,2025,综合,普通类一段,,南宁师范大学,,不限,509,123461,,,0,广西,公办,0,0
山东,2025,综合,普通类一段,,南宁师范大学,,历史、思想政治(2科必选),545,91129,,,0,广西,公办,0,0
山东,2025,综合,普通类一段,,南宁师范大学,,思想政治必选,540,99356,,,0,广西,公办,0,0
山东,2025,综合,普通类一段,,南宁师范大学,,物化生(3科必选),482,230864,,,0,广西,公办,0,0
山东,2025,综合,普通类一段,,南宁师范大学,,物理、化学(2科必选),485,144582,,,0,广西,公办,0,0
山东,2025,综合,普通类一段,,南宁师范大学,,物理、地理(2科必选),505,152224,,,0,广西,公办,0,0
山东,2025,综合,普通类一段,,南宁师范大学,,物理必选,494,200069,,,0,广西,公办,0,0
山东,2025,综合,普通类一段,,南宁理工学院,,不限,474,210778,,,0,广西,民办,0,0
山东,2025,综合,普通类一段,,南宁理工学院,,物理、化学(2科必选),453,303692,,,0,广西,民办,0,0
山东,2025,综合,普通类一段,,南宁职业技术大学,,不限,502,182380,,,0,广西,公办,0,0
山东,2025,综合,普通类一段,,南宁职业技术大学,,物理必选,476,244495,,,0,广西,公办,0,0
山东,2025,综合,普通类一段,,南开大学,,不限,648,2078,,,0,天津,公办,1,1
山东,2025,综合,普通类一段,,南开大学,,物理、化学(2科必选),649,1874,,,0,天津,公办,1,1
山东,2025,综合,普通类一段,,南方医科大学,,不限,599,25061,,,0,广东,公办,0,0
山东,2025,综合,普通类一段,,南方医科大学,,物理、化学(2科必选),575,2494,,,0,广东,公办,0,0
山东,2025,综合,普通类一段,,南方科技大学,,物理、化学(2科必选),647,4091,,,0,广东,公办,0,0
山东,2025,综合,普通类一段,,南昌交通学院,,不限,488,173671,,,0,江西,民办,0,0
山东,2025,综合,普通类一段,,南昌交通学院,,物理、化学(2科必选),448,275845,,,0,江西,民办,0,0
山东,2025,综合,普通类一段,,南昌交通学院,,物理必选,464,276383,,,0,江西,民办,0,0
山东,2025,综合,普通类一段,,南昌医学院,,不限,522,136301,,,0,江西,公办,0,0
山东,2025,综合,普通类一段,,南昌医学院,,物理、化学(2科必选),503,76246,,,0,江西,公办,0,0
山东,2025,综合,普通类一段,,南昌医学院,,物理、生物(2科必选),551,77081,,,0,江西,公办,0,0
山东,2025,综合,普通类一段,,南昌医学院,,生物必选,533,113060,,,0,江西,公办,0,0
山东,2025,综合,普通类一段,,南昌大学,,不限,584,16722,,,0,江西,公办,0,1
山东,2025,综合,普通类一段,,南昌大学,,物化生(3科必选),611,17789,,,0,江西,公办,0,1
山东,2025,综合,普通类一段,,南昌大学,,物理、化学(2科必选),570,18040,,,0,江西,公办,0,1
山东,2025,综合,普通类一段,,南昌大学,,物理必选,589,30058,,,0,江西,公办,0,1
山东,2025,综合,普通类一段,,南昌大学,,生物必选,587,35526,,,0,江西,公办,0,1
山东,2025,综合,普通类一段,,南昌大学科学技术学院,,不限,498,172635,,,0,江西,民办,0,0
山东,2025,综合,普通类一段,,南昌大学科学技术学院,,物理、化学(2科必选),460,284947,,,0,江西,民办,0,0
山东,2025,综合,普通类一段,,南昌工学院,,不限,479,205930,,,0,江西,民办,0,0
山东,2025,综合,普通类一段,,南昌工学院,,思想政治必选,495,197707,,,0,江西,民办,0,0
山东,2025,综合,普通类一段,,南昌工学院,,物理、化学(2科必选),443,264802,,,0,江西,民办,0,0
山东,2025,综合,普通类一段,,南昌工学院,,物理必选,464,273366,,,0,江西,民办,0,0
山东,2025,综合,普通类一段,,南昌工学院,,生物必选,488,216384,,,0,江西,民办,0,0
山东,2025,综合,普通类一段,,南昌师范学院,,不限,507,123243,,,0,江西,公办,0,0
山东,2025,综合,普通类一段,,南昌师范学院,,历史、思想政治(2科必选),523,132475,,,0,江西,公办,0,0
山东,2025,综合,普通类一段,,南昌师范学院,,思想政治必选,539,101838,,,0,江西,公办,0,0
山东,2025,综合,普通类一段,,南昌师范学院,,物理、化学(2科必选),470,167018,,,0,江西,公办,0,0
山东,2025,综合,普通类一段,,南昌应用技术师范学院,,不限,502,181401,,,0,江西,民办,0,0
山东,2025,综合,普通类一段,,南昌应用技术师范学院,,物理、化学(2科必选),462,280146,,,0,江西,民办,0,0
山东,2025,综合,普通类一段,,南昌理工学院,,不限,486,206552,,,0,江西,民办,0,0
山东,2025,综合,普通类一段,,南昌理工学院,,物理、化学(2科必选),443,274266,,,0,江西,民办,0,0
山东,2025,综合,普通类一段,,南昌理工学院,,物理必选,445,322160,,,0,江西,民办,0,0
山东,2025,综合,普通类一段,,南昌职业大学,,物理必选,454,270500,,,0,江西,民办,0,0
山东,2025,综合,普通类一段,,南昌航空大学,,不限,537,61444,,,0,江西,公办,0,0
山东,2025,综合,普通类一段,,南昌航空大学,,物理、化学(2科必选),510,35350,,,0,江西,公办,0,0
山东,2025,综合,普通类一段,,南昌航空大学,,物理必选,528,74666,,,0,江西,公办,0,0
山东,2025,综合,普通类一段,,南昌航空大学科技学院,,不限,496,189208,,,0,江西,民办,0,0
山东,2025,综合,普通类一段,,南昌航空大学科技学院,,物理、化学(2科必选),462,184145,,,0,江西,民办,0,0
山东,2025,综合,普通类一段,,南通大学,,不限,560,30564,,,0,江苏,公办,0,0
山东,2025,综合,普通类一段,,南通大学,,思想政治必选,585,37433,,,0,江苏,公办,0,0
山东,2025,综合,普通类一段,,南通大学,,物理、化学(2科必选),526,24772,,,0,江苏,公办,0,0
山东,2025,综合,普通类一段,,南通大学,,物理必选,527,43098,,,0,江苏,公办,0,0
山东,2025,综合,普通类一段,,南通大学杏林学院,,不限,497,192896,,,0,江苏,民办,0,0
山东,2025,综合,普通类一段,,南通大学杏林学院,,物理、化学(2科必选),453,270126,,,0,江苏,民办,0,0
山东,2025,综合,普通类一段,,南通理工学院,,不限,484,218738,,,0,江苏,民办,0,0
山东,2025,综合,普通类一段,,南通理工学院,,化学必选,468,265184,,,0,江苏,民办,0,0
山东,2025,综合,普通类一段,,南通理工学院,,物理、化学(2科必选),441,290935,,,0,江苏,民办,0,0
山东,2025,综合,普通类一段,,南通理工学院,,物理必选,448,303122,,,0,江苏,民办,0,0
山东,2025,综合,普通类一段,,南阳师范学院,,不限,502,108947,,,0,河南,公办,0,0
山东,2025,综合,普通类一段,,南阳师范学院,,思想政治必选,515,152085,,,0,河南,公办,0,0
山东,2025,综合,普通类一段,,南阳师范学院,,物理、化学(2科必选),466,220036,,,0,河南,公办,0,0
山东,2025,综合,普通类一段,,南阳师范学院,,物理必选,477,241121,,,0,河南,公办,0,0
山东,2025,综合,普通类一段,,南阳理工学院,,不限,502,130064,,,0,河南,公办,0,0
山东,2025,综合,普通类一段,,南阳理工学院,,化学必选,494,200328,,,0,河南,公办,0,0
山东,2025,综合,普通类一段,,南阳理工学院,,物化生(3科必选),477,242513,,,0,河南,公办,0,0
山东,2025,综合,普通类一段,,南阳理工学院,,物理、化学(2科必选),465,140438,,,0,河南,公办,0,0
山东,2025,综合,普通类一段,,南阳理工学院,,物理必选,509,165003,,,0,河南,公办,0,0
山东,2025,综合,普通类一段,,厦门医学院,,物理、化学(2科必选),511,55038,,,0,福建,公办,0,0
山东,2025,综合,普通类一段,,厦门医学院,,生物必选,539,101852,,,0,福建,公办,0,0
山东,2025,综合,普通类一段,,厦门华厦学院,,不限,490,209938,,,0,福建,民办,0,0
山东,2025,综合,普通类一段,,厦门华厦学院,,物理、化学(2科必选),442,282542,,,0,福建,民办,0,0
山东,2025,综合,普通类一段,,厦门华厦学院,,物理必选,445,270410,,,0,福建,民办,0,0
山东,2025,综合,普通类一段,,厦门大学,,不限,595,3759,,,0,福建,公办,1,1
山东,2025,综合,普通类一段,,厦门大学,,物理、化学(2科必选),588,4315,,,0,福建,公办,1,1
山东,2025,综合,普通类一段,,厦门大学,,物理必选,636,6801,,,0,福建,公办,1,1
山东,2025,综合,普通类一段,,厦门大学嘉庚学院,,不限,497,124716,,,0,福建,民办,0,0
山东,2025,综合,普通类一段,,厦门大学嘉庚学院,,物理、化学(2科必选),463,229713,,,0,福建,民办,0,0
山东,2025,综合,普通类一段,,厦门大学嘉庚学院,,物理必选,449,217608,,,0,福建,民办,0,0
山东,2025,综合,普通类一段,,厦门工学院,,物理、化学(2科必选),457,290598,,,0,福建,民办,0,0
山东,2025,综合,普通类一段,,厦门理工学院,,不限,528,87573,,,0,福建,公办,0,0
山东,2025,综合,普通类一段,,厦门理工学院,,物理、化学(2科必选),497,81339,,,0,福建,公办,0,0
山东,2025,综合,普通类一段,,厦门理工学院,,物理必选,516,148789,,,0,福建,公办,0,0
山东,2025,综合,普通类一段,,台州学院,,不限,511,121533,,,0,浙江,公办,0,0
山东,2025,综合,普通类一段,,台州学院,,物理、化学(2科必选),499,115910,,,0,浙江,公办,0,0
山东,2025,综合,普通类一段,,右江民族医学院,,物理、化学(2科必选),485,119792,,,0,广西,公办,0,0
山东,2025,综合,普通类一段,,右江民族医学院,,生物必选,510,161944,,,0,广西,公办,0,0
山东,2025,综合,普通类一段,,合肥城市学院,,不限,492,205615,,,0,安徽,民办,0,0
山东,2025,综合,普通类一段,,合肥城市学院,,物理、化学(2科必选),443,311651,,,0,安徽,民办,0,0
山东,2025,综合,普通类一段,,合肥大学,,不限,511,73253,,,0,安徽,公办,0,0
山东,2025,综合,普通类一段,,合肥大学,,物理、化学(2科必选),550,81939,,,0,安徽,公办,0,0
山东,2025,综合,普通类一段,,合肥大学,,物理必选,518,143638,,,0,安徽,公办,0,0
山东,2025,综合,普通类一段,,合肥工业大学,,不限,582,40544,,,0,安徽,公办,0,1
山东,2025,综合,普通类一段,,合肥工业大学,,思想政治必选,609,18977,,,0,安徽,公办,0,1
山东,2025,综合,普通类一段,,合肥工业大学,,物理、化学(2科必选),596,13981,,,0,安徽,公办,0,1
山东,2025,综合,普通类一段,,合肥工业大学,,物理必选,592,19380,,,0,安徽,公办,0,1
山东,2025,综合,普通类一段,,合肥工业大学（宣城校区）,,不限,598,25798,,,0,安徽,公办,0,1
山东,2025,综合,普通类一段,,合肥工业大学（宣城校区）,,物理、化学(2科必选),581,18293,,,0,安徽,公办,0,1
山东,2025,综合,普通类一段,,合肥师范学院,,不限,509,155036,,,0,安徽,公办,0,0
山东,2025,综合,普通类一段,,合肥师范学院,,思想政治必选,526,127991,,,0,安徽,公办,0,0
山东,2025,综合,普通类一段,,合肥理工学院,,物理、化学(2科必选),481,163205,,,0,安徽,公办,0,0
山东,2025,综合,普通类一段,,吉利学院,,不限,483,217917,,,0,四川,民办,0,0
山东,2025,综合,普通类一段,,吉利学院,,物理、化学(2科必选),443,303124,,,0,四川,民办,0,0
山东,2025,综合,普通类一段,,吉利学院,,物理必选,442,327261,,,0,四川,民办,0,0
山东,2025,综合,普通类一段,,吉林体育学院,,不限,501,182966,,,0,吉林,公办,0,0
山东,2025,综合,普通类一段,,吉林体育学院,,物理必选,484,224910,,,0,吉林,公办,0,0
山东,2025,综合,普通类一段,,吉林农业大学,,不限,520,109640,,,0,吉林,公办,0,0
山东,2025,综合,普通类一段,,吉林农业大学,,思想政治必选,551,81187,,,0,吉林,公办,0,0
山东,2025,综合,普通类一段,,吉林农业大学,,物化生(3科必选),467,102694,,,0,吉林,公办,0,0
山东,2025,综合,普通类一段,,吉林农业大学,,物理、化学(2科必选),485,122451,,,0,吉林,公办,0,0
山东,2025,综合,普通类一段,,吉林农业科技学院,,不限,513,155935,,,0,吉林,公办,0,0
山东,2025,综合,普通类一段,,吉林农业科技学院,,物理、化学(2科必选),460,193393,,,0,吉林,公办,0,0
山东,2025,综合,普通类一段,,吉林动画学院,,不限,468,254162,,,0,吉林,民办,0,0
山东,2025,综合,普通类一段,,吉林动画学院,,物理、化学(2科必选),441,315626,,,0,吉林,民办,0,0
山东,2025,综合,普通类一段,,吉林化工大学,,不限,512,149445,,,0,吉林,公办,0,0
山东,2025,综合,普通类一段,,吉林化工大学,,物理、化学(2科必选),467,122809,,,0,吉林,公办,0,0
山东,2025,综合,普通类一段,,吉林化工大学,,物理必选,494,195980,,,0,吉林,公办,0,0
山东,2025,综合,普通类一段,,吉林医药学院,,历史必选,508,167361,,,0,吉林,公办,0,0
山东,2025,综合,普通类一段,,吉林医药学院,,物化生(3科必选),471,117996,,,0,吉林,公办,0,0
山东,2025,综合,普通类一段,,吉林医药学院,,物理、化学(2科必选),476,119923,,,0,吉林,公办,0,0
山东,2025,综合,普通类一段,,吉林医药学院,,物理必选,493,201853,,,0,吉林,公办,0,0
山东,2025,综合,普通类一段,,吉林外国语大学,,不限,486,175379,,,0,吉林,民办,0,0
山东,2025,综合,普通类一段,,吉林外国语大学,,物理、化学(2科必选),461,277664,,,0,吉林,民办,0,0
山东,2025,综合,普通类一段,,吉林大学,,不限,611,3345,,,0,吉林,公办,1,1
山东,2025,综合,普通类一段,,吉林大学,,化学必选,593,30221,,,0,吉林,公办,1,1
山东,2025,综合,普通类一段,,吉林大学,,历史必选,606,2374,,,0,吉林,公办,1,1
山东,2025,综合,普通类一段,,吉林大学,,思想政治必选,614,15566,,,0,吉林,公办,1,1
山东,2025,综合,普通类一段,,吉林大学,,物化生(3科必选),595,28612,,,0,吉林,公办,1,1
山东,2025,综合,普通类一段,,吉林大学,,物理、化学(2科必选),595,4595,,,0,吉林,公办,1,1
山东,2025,综合,普通类一段,,吉林大学,,物理必选,602,12839,,,0,吉林,公办,1,1
山东,2025,综合,普通类一段,,吉林工商学院,,不限,503,108699,,,0,吉林,公办,0,0
山东,2025,综合,普通类一段,,吉林工商学院,,物化生(3科必选),468,266080,,,0,吉林,公办,0,0
山东,2025,综合,普通类一段,,吉林工商学院,,物理、化学(2科必选),468,189412,,,0,吉林,公办,0,0
山东,2025,综合,普通类一段,,吉林工商学院,,物理必选,473,252189,,,0,吉林,公办,0,0
山东,2025,综合,普通类一段,,吉林工程技术师范学院,,不限,503,155585,,,0,吉林,公办,0,0
山东,2025,综合,普通类一段,,吉林工程技术师范学院,,物理、化学(2科必选),464,248205,,,0,吉林,公办,0,0
山东,2025,综合,普通类一段,,吉林师范大学,,不限,506,38816,,,0,吉林,公办,0,0
山东,2025,综合,普通类一段,,吉林师范大学,,地理必选,555,74305,,,0,吉林,公办,0,0
山东,2025,综合,普通类一段,,吉林师范大学,,思想政治必选,570,53315,,,0,吉林,公办,0,0
山东,2025,综合,普通类一段,,吉林师范大学,,物理、化学(2科必选),480,95021,,,0,吉林,公办,0,0
山东,2025,综合,普通类一段,,吉林建筑大学,,不限,504,118606,,,0,吉林,公办,0,0
山东,2025,综合,普通类一段,,吉林建筑大学,,物理、化学(2科必选),463,123087,,,0,吉林,公办,0,0
山东,2025,综合,普通类一段,,吉林建筑大学,,物理必选,473,201902,,,0,吉林,公办,0,0
山东,2025,综合,普通类一段,,吉林建筑大学,,生物、地理(2科必选),513,155239,,,0,吉林,公办,0,0
山东,2025,综合,普通类一段,,吉林建筑科技学院,,物理、化学(2科必选),446,319530,,,0,吉林,民办,0,0
山东,2025,综合,普通类一段,,吉林艺术学院,,不限,500,180446,,,0,吉林,公办,0,0
山东,2025,综合,普通类一段,,吉林警察学院,,不限,518,103445,,,0,吉林,公办,0,0
山东,2025,综合,普通类一段,,吉林警察学院,,物理、化学(2科必选),495,197688,,,0,吉林,公办,0,0
山东,2025,综合,普通类一段,,吉林财经大学,,不限,515,43742,,,0,吉林,公办,0,0
山东,2025,综合,普通类一段,,吉林财经大学,,物理、化学(2科必选),519,75757,,,0,吉林,公办,0,0
山东,2025,综合,普通类一段,,吉林财经大学,,物理必选,528,88640,,,0,吉林,公办,0,0
山东,2025,综合,普通类一段,,吉首大学,,不限,535,108837,,,0,湖南,公办,0,0
山东,2025,综合,普通类一段,,吉首大学,,历史必选,557,71087,,,0,湖南,公办,0,0
山东,2025,综合,普通类一段,,吉首大学,,地理必选,518,115050,,,0,湖南,公办,0,0
山东,2025,综合,普通类一段,,吉首大学,,思想政治必选,538,68529,,,0,湖南,公办,0,0
山东,2025,综合,普通类一段,,吉首大学,,物化生(3科必选),484,214997,,,0,湖南,公办,0,0
山东,2025,综合,普通类一段,,吉首大学,,物理、化学(2科必选),494,93336,,,0,湖南,公办,0,0
山东,2025,综合,普通类一段,,吉首大学,,物理必选,505,173545,,,0,湖南,公办,0,0
山东,2025,综合,普通类一段,,吉首大学,,生物必选,531,117292,,,0,湖南,公办,0,0
山东,2025,综合,普通类一段,,同济大学,,不限,645,4543,,,0,上海,公办,1,1
山东,2025,综合,普通类一段,,同济大学,,思想政治必选,643,5082,,,0,上海,公办,1,1
山东,2025,综合,普通类一段,,同济大学,,物理、化学(2科必选),647,1104,,,0,上海,公办,1,1
山东,2025,综合,普通类一段,,吕梁学院,,不限,502,138281,,,0,山西,公办,0,0
山东,2025,综合,普通类一段,,吕梁学院,,历史、思想政治(2科必选),515,151574,,,0,山西,公办,0,0
山东,2025,综合,普通类一段,,吕梁学院,,历史必选,508,141832,,,0,山西,公办,0,0
山东,2025,综合,普通类一段,,吕梁学院,,地理必选,502,179033,,,0,山西,公办,0,0
山东,2025,综合,普通类一段,,吕梁学院,,物化生(3科必选),468,264829,,,0,山西,公办,0,0
山东,2025,综合,普通类一段,,吕梁学院,,物理、化学(2科必选),465,222028,,,0,山西,公办,0,0
山东,2025,综合,普通类一段,,吕梁学院,,物理、生物(2科必选),479,237171,,,0,山西,公办,0,0
山东,2025,综合,普通类一段,,吕梁学院,,物理必选,475,247838,,,0,山西,公办,0,0
山东,2025,综合,普通类一段,,吕梁学院,,生物必选,502,182598,,,0,山西,公办,0,0
山东,2025,综合,普通类一段,,周口师范学院,,不限,505,107402,,,0,河南,公办,0,0
山东,2025,综合,普通类一段,,周口师范学院,,思想政治必选,513,140804,,,0,河南,公办,0,0
山东,2025,综合,普通类一段,,周口师范学院,,物理、化学(2科必选),467,197589,,,0,河南,公办,0,0
山东,2025,综合,普通类一段,,周口师范学院,,物理、生物(2科必选),495,198879,,,0,河南,公办,0,0
山东,2025,综合,普通类一段,,周口师范学院,,物理必选,477,243242,,,0,河南,公办,0,0
山东,2025,综合,普通类一段,,呼伦贝尔学院,,不限,504,151660,,,0,内蒙古,公办,0,0
山东,2025,综合,普通类一段,,呼伦贝尔学院,,历史必选,513,156110,,,0,内蒙古,公办,0,0
山东,2025,综合,普通类一段,,呼伦贝尔学院,,地理必选,507,170553,,,0,内蒙古,公办,0,0
山东,2025,综合,普通类一段,,呼伦贝尔学院,,物理、化学(2科必选),463,245383,,,0,内蒙古,公办,0,0
山东,2025,综合,普通类一段,,呼和浩特民族学院,,不限,508,147355,,,0,内蒙古,公办,0,0
山东,2025,综合,普通类一段,,呼和浩特民族学院,,思想政治必选,519,142663,,,0,内蒙古,公办,0,0
山东,2025,综合,普通类一段,,呼和浩特民族学院,,物理、化学(2科必选),466,269702,,,0,内蒙古,公办,0,0
山东,2025,综合,普通类一段,,咸阳师范学院,,不限,495,117689,,,0,陕西,公办,0,0
山东,2025,综合,普通类一段,,咸阳师范学院,,历史必选,540,100450,,,0,陕西,公办,0,0
山东,2025,综合,普通类一段,,咸阳师范学院,,物理、化学(2科必选),485,224215,,,0,陕西,公办,0,0
山东,2025,综合,普通类一段,,咸阳师范学院,,物理必选,481,234230,,,0,陕西,公办,0,0
山东,2025,综合,普通类一段,,哈尔滨体育学院,,不限,502,176061,,,0,黑龙江,公办,0,0
山东,2025,综合,普通类一段,,哈尔滨信息工程学院,,物理、化学(2科必选),454,300129,,,0,黑龙江,民办,0,0
山东,2025,综合,普通类一段,,哈尔滨剑桥学院,,不限,470,253941,,,0,黑龙江,民办,0,0
山东,2025,综合,普通类一段,,哈尔滨医科大学,,化学必选,485,223525,,,0,黑龙江,公办,0,0
山东,2025,综合,普通类一段,,哈尔滨医科大学,,历史必选,551,42370,,,0,黑龙江,公办,0,0
山东,2025,综合,普通类一段,,哈尔滨医科大学,,物化生(3科必选),534,10454,,,0,黑龙江,公办,0,0
山东,2025,综合,普通类一段,,哈尔滨医科大学,,物理、化学(2科必选),524,40647,,,0,黑龙江,公办,0,0
山东,2025,综合,普通类一段,,哈尔滨医科大学,,物理必选,520,128403,,,0,黑龙江,公办,0,0
山东,2025,综合,普通类一段,,哈尔滨医科大学,,生物必选,555,59190,,,0,黑龙江,公办,0,0
山东,2025,综合,普通类一段,,哈尔滨商业大学,,不限,516,53998,,,0,黑龙江,公办,0,0
山东,2025,综合,普通类一段,,哈尔滨商业大学,,物理、化学(2科必选),481,105060,,,0,黑龙江,公办,0,0
山东,2025,综合,普通类一段,,哈尔滨商业大学,,物理必选,503,136892,,,0,黑龙江,公办,0,0
山东,2025,综合,普通类一段,,哈尔滨学院,,不限,506,120263,,,0,黑龙江,公办,0,0
山东,2025,综合,普通类一段,,哈尔滨学院,,历史、思想政治(2科必选),535,109521,,,0,黑龙江,公办,0,0
山东,2025,综合,普通类一段,,哈尔滨学院,,历史必选,514,88242,,,0,黑龙江,公办,0,0
山东,2025,综合,普通类一段,,哈尔滨学院,,地理必选,524,130867,,,0,黑龙江,公办,0,0
山东,2025,综合,普通类一段,,哈尔滨学院,,物理、化学(2科必选),477,154678,,,0,黑龙江,公办,0,0
山东,2025,综合,普通类一段,,哈尔滨工业大学,,物理、化学(2科必选),616,426,,,0,黑龙江,公办,1,1
山东,2025,综合,普通类一段,,哈尔滨工业大学,,物理必选,605,14875,,,0,黑龙江,公办,1,1
山东,2025,综合,普通类一段,,哈尔滨工业大学（威海）,,物理、化学(2科必选),607,3904,,,0,山东,公办,1,1
山东,2025,综合,普通类一段,,哈尔滨工业大学（深圳）,,物理、化学(2科必选),664,1390,,,0,广东,公办,1,1
山东,2025,综合,普通类一段,,哈尔滨工程大学,,物理、化学(2科必选),571,4675,,,0,黑龙江,公办,0,1
山东,2025,综合,普通类一段,,哈尔滨师范大学,,不限,499,59065,,,0,黑龙江,公办,0,0
山东,2025,综合,普通类一段,,哈尔滨师范大学,,历史必选,567,57739,,,0,黑龙江,公办,0,0
山东,2025,综合,普通类一段,,哈尔滨师范大学,,物理、化学(2科必选),481,63714,,,0,黑龙江,公办,0,0
山东,2025,综合,普通类一段,,哈尔滨师范大学,,物理、地理(2科必选),553,76922,,,0,黑龙江,公办,0,0
山东,2025,综合,普通类一段,,哈尔滨理工大学,,不限,519,82851,,,0,黑龙江,公办,0,0
山东,2025,综合,普通类一段,,哈尔滨理工大学,,物理、化学(2科必选),498,31231,,,0,黑龙江,公办,0,0
山东,2025,综合,普通类一段,,哈尔滨理工大学,,物理必选,454,68038,,,0,黑龙江,公办,0,0
山东,2025,综合,普通类一段,,哈尔滨石油学院,,物理、化学(2科必选),452,277547,,,0,黑龙江,民办,0,0
山东,2025,综合,普通类一段,,哈尔滨职业技术大学,,不限,503,180094,,,0,黑龙江,公办,0,0
山东,2025,综合,普通类一段,,哈尔滨职业技术大学,,物理必选,480,215189,,,0,黑龙江,公办,0,0
山东,2025,综合,普通类一段,,哈尔滨金融学院,,不限,509,97217,,,0,黑龙江,公办,0,0
山东,2025,综合,普通类一段,,哈尔滨金融学院,,物理、化学(2科必选),501,182648,,,0,黑龙江,公办,0,0
山东,2025,综合,普通类一段,,哈尔滨金融学院,,物理必选,486,175779,,,0,黑龙江,公办,0,0
山东,2025,综合,普通类一段,,哈尔滨音乐学院,,不限,504,176919,,,0,黑龙江,公办,0,0
山东,2025,综合,普通类一段,,唐山学院,,不限,517,146960,,,0,河北,公办,0,0
山东,2025,综合,普通类一段,,唐山学院,,物理、化学(2科必选),487,194162,,,0,河北,公办,0,0
山东,2025,综合,普通类一段,,唐山师范学院,,不限,511,161255,,,0,河北,公办,0,0
山东,2025,综合,普通类一段,,唐山师范学院,,地理必选,513,155425,,,0,河北,公办,0,0
山东,2025,综合,普通类一段,,唐山师范学院,,物理、化学(2科必选),467,263033,,,0,河北,公办,0,0
山东,2025,综合,普通类一段,,商丘工学院,,物理、化学(2科必选),455,275266,,,0,河南,民办,0,0
山东,2025,综合,普通类一段,,商丘师范学院,,不限,504,85810,,,0,河南,公办,0,0
山东,2025,综合,普通类一段,,商丘师范学院,,地理必选,522,131077,,,0,河南,公办,0,0
山东,2025,综合,普通类一段,,商丘师范学院,,物理、化学(2科必选),466,166455,,,0,河南,公办,0,0
山东,2025,综合,普通类一段,,商丘师范学院,,物理必选,481,206124,,,0,河南,公办,0,0
山东,2025,综合,普通类一段,,商丘师范学院,,生物必选,506,172543,,,0,河南,公办,0,0
山东,2025,综合,普通类一段,,商洛学院,,不限,509,162737,,,0,陕西,公办,0,0
山东,2025,综合,普通类一段,,商洛学院,,历史、地理(2科必选),504,176992,,,0,陕西,公办,0,0
山东,2025,综合,普通类一段,,商洛学院,,历史、思想政治(2科必选),515,151725,,,0,陕西,公办,0,0
山东,2025,综合,普通类一段,,商洛学院,,物理、化学(2科必选),465,244698,,,0,陕西,公办,0,0
山东,2025,综合,普通类一段,,喀什大学,,不限,501,129699,,,0,新疆,公办,0,0
山东,2025,综合,普通类一段,,喀什大学,,历史必选,508,167983,,,0,新疆,公办,0,0
山东,2025,综合,普通类一段,,喀什大学,,地理必选,509,165942,,,0,新疆,公办,0,0
山东,2025,综合,普通类一段,,喀什大学,,思想政治必选,511,161069,,,0,新疆,公办,0,0
山东,2025,综合,普通类一段,,喀什大学,,物理、化学(2科必选),463,207513,,,0,新疆,公办,0,0
山东,2025,综合,普通类一段,,喀什大学,,物理、生物(2科必选),482,230486,,,0,新疆,公办,0,0
山东,2025,综合,普通类一段,,喀什大学,,物理必选,468,214481,,,0,新疆,公办,0,0
山东,2025,综合,普通类一段,,嘉兴南湖学院,,不限,523,73056,,,0,浙江,公办,0,0
山东,2025,综合,普通类一段,,嘉兴南湖学院,,物理、化学(2科必选),516,104766,,,0,浙江,公办,0,0
山东,2025,综合,普通类一段,,嘉兴大学,,物理、化学(2科必选),505,76858,,,0,浙江,公办,0,0
山东,2025,综合,普通类一段,,嘉兴大学,,物理必选,523,133089,,,0,浙江,公办,0,0
山东,2025,综合,普通类一段,,嘉兴大学,,生物必选,541,98158,,,0,浙江,公办,0,0
山东,2025,综合,普通类一段,,嘉应学院,,不限,504,176724,,,0,广东,公办,0,0
山东,2025,综合,普通类一段,,嘉应学院,,物理、化学(2科必选),466,229644,,,0,广东,公办,0,0
山东,2025,综合,普通类一段,,嘉应学院,,生物必选,513,156298,,,0,广东,公办,0,0
山东,2025,综合,普通类一段,,四川传媒学院,,不限,489,195465,,,0,四川,民办,0,0
山东,2025,综合,普通类一段,,四川传媒学院,,物理、化学(2科必选),457,293728,,,0,四川,民办,0,0
山东,2025,综合,普通类一段,,四川农业大学,,不限,586,21564,,,0,四川,公办,0,1
山东,2025,综合,普通类一段,,四川农业大学,,化学必选,571,52121,,,0,四川,公办,0,1
山东,2025,综合,普通类一段,,四川农业大学,,物理、化学(2科必选),562,29762,,,0,四川,公办,0,1
山东,2025,综合,普通类一段,,四川农业大学,,物理必选,571,51794,,,0,四川,公办,0,1
山东,2025,综合,普通类一段,,四川农业大学,,生物必选,583,39181,,,0,四川,公办,0,1
山东,2025,综合,普通类一段,,四川外国语大学,,不限,532,37426,,,0,重庆,公办,0,0
山东,2025,综合,普通类一段,,四川外国语大学,,物理必选,546,79150,,,0,重庆,公办,0,0
山东,2025,综合,普通类一段,,四川大学,,不限,591,6130,,,0,四川,公办,1,1
山东,2025,综合,普通类一段,,四川大学,,物理、化学(2科必选),611,916,,,0,四川,公办,1,1
山东,2025,综合,普通类一段,,四川大学,,物理必选,613,14319,,,0,四川,公办,1,1
山东,2025,综合,普通类一段,,四川工业科技学院,,不限,494,200353,,,0,四川,民办,0,0
山东,2025,综合,普通类一段,,四川工业科技学院,,物理、化学(2科必选),452,286207,,,0,四川,民办,0,0
山东,2025,综合,普通类一段,,四川工商学院,,不限,499,189159,,,0,四川,民办,0,0
山东,2025,综合,普通类一段,,四川工商学院,,物理、化学(2科必选),464,275538,,,0,四川,民办,0,0
山东,2025,综合,普通类一段,,四川工程职业技术大学,,物理必选,479,158524,,,0,四川,公办,0,0
山东,2025,综合,普通类一段,,四川师范大学,,不限,528,30376,,,0,四川,公办,0,0
山东,2025,综合,普通类一段,,四川师范大学,,历史、地理(2科必选),577,45652,,,0,四川,公办,0,0
山东,2025,综合,普通类一段,,四川师范大学,,历史、思想政治(2科必选),568,32946,,,0,四川,公办,0,0
山东,2025,综合,普通类一段,,四川师范大学,,历史必选,531,117044,,,0,四川,公办,0,0
山东,2025,综合,普通类一段,,四川师范大学,,地理必选,569,54251,,,0,四川,公办,0,0
山东,2025,综合,普通类一段,,四川师范大学,,思想政治必选,574,49117,,,0,四川,公办,0,0
山东,2025,综合,普通类一段,,四川师范大学,,物化生(3科必选),508,131877,,,0,四川,公办,0,0
山东,2025,综合,普通类一段,,四川师范大学,,物理、化学(2科必选),497,50137,,,0,四川,公办,0,0
山东,2025,综合,普通类一段,,四川师范大学,,物理、地理(2科必选),564,60790,,,0,四川,公办,0,0
山东,2025,综合,普通类一段,,四川师范大学,,物理必选,532,80803,,,0,四川,公办,0,0
山东,2025,综合,普通类一段,,四川文化艺术学院,,不限,480,195608,,,0,四川,民办,0,0
山东,2025,综合,普通类一段,,四川文化艺术学院,,物理、化学(2科必选),445,306085,,,0,四川,民办,0,0
山东,2025,综合,普通类一段,,四川文理学院,,不限,501,184194,,,0,四川,公办,0,0
山东,2025,综合,普通类一段,,四川文理学院,,史政地(3科必选),516,149498,,,0,四川,公办,0,0
山东,2025,综合,普通类一段,,四川文理学院,,思想政治必选,516,149007,,,0,四川,公办,0,0
山东,2025,综合,普通类一段,,四川文理学院,,物理、化学(2科必选),465,244497,,,0,四川,公办,0,0
山东,2025,综合,普通类一段,,四川文理学院,,物理必选,485,221988,,,0,四川,公办,0,0
山东,2025,综合,普通类一段,,四川旅游学院,,不限,505,138298,,,0,四川,公办,0,0
山东,2025,综合,普通类一段,,四川旅游学院,,历史、地理(2科必选),507,170506,,,0,四川,公办,0,0
山东,2025,综合,普通类一段,,四川旅游学院,,物理、化学(2科必选),463,246242,,,0,四川,公办,0,0
山东,2025,综合,普通类一段,,四川电影电视学院,,不限,489,194141,,,0,四川,民办,0,0
山东,2025,综合,普通类一段,,四川电影电视学院,,物理、化学(2科必选),471,258257,,,0,四川,民办,0,0
山东,2025,综合,普通类一段,,四川美术学院,,不限,524,68196,,,0,重庆,公办,0,0
山东,2025,综合,普通类一段,,四川美术学院,,物理、化学(2科必选),551,80616,,,0,重庆,公办,0,0
山东,2025,综合,普通类一段,,四川轻化工大学,,不限,521,87870,,,0,四川,公办,0,0
山东,2025,综合,普通类一段,,四川轻化工大学,,物理、化学(2科必选),506,83000,,,0,四川,公办,0,0
山东,2025,综合,普通类一段,,四川音乐学院,,不限,500,113640,,,0,四川,公办,0,0
山东,2025,综合,普通类一段,,塔里木大学,,不限,502,107789,,,0,新疆,公办,0,0
山东,2025,综合,普通类一段,,塔里木大学,,化学必选,496,196163,,,0,新疆,公办,0,0
山东,2025,综合,普通类一段,,塔里木大学,,历史、思想政治(2科必选),520,140767,,,0,新疆,公办,0,0
山东,2025,综合,普通类一段,,塔里木大学,,物化生(3科必选),475,136608,,,0,新疆,公办,0,0
山东,2025,综合,普通类一段,,塔里木大学,,物理、化学(2科必选),465,139945,,,0,新疆,公办,0,0
山东,2025,综合,普通类一段,,塔里木大学,,生物必选,501,184482,,,0,新疆,公办,0,0
山东,2025,综合,普通类一段,,复旦大学,,不限,670,513,,,0,上海,公办,1,1
山东,2025,综合,普通类一段,,复旦大学,,物理、化学(2科必选),674,203,,,0,上海,公办,1,1
山东,2025,综合,普通类一段,,复旦大学上海医学院,,物理、化学(2科必选),663,288,,,0,上海,公办,1,1
山东,2025,综合,普通类一段,,大庆师范学院,,不限,502,113327,,,0,黑龙江,公办,0,0
山东,2025,综合,普通类一段,,大庆师范学院,,历史、思想政治(2科必选),511,161312,,,0,黑龙江,公办,0,0
山东,2025,综合,普通类一段,,大庆师范学院,,史政地(3科必选),504,156718,,,0,黑龙江,公办,0,0
山东,2025,综合,普通类一段,,大庆师范学院,,物理、化学(2科必选),467,243226,,,0,黑龙江,公办,0,0
山东,2025,综合,普通类一段,,大理大学,,不限,515,74614,,,0,云南,公办,0,0
山东,2025,综合,普通类一段,,大理大学,,物理、化学(2科必选),488,97719,,,0,云南,公办,0,0
山东,2025,综合,普通类一段,,大理大学,,生物必选,534,111368,,,0,云南,公办,0,0
山东,2025,综合,普通类一段,,大连东软信息学院,,物理、化学(2科必选),455,293680,,,0,辽宁,民办,0,0
山东,2025,综合,普通类一段,,大连交通大学,,不限,540,99969,,,0,辽宁,公办,0,0
山东,2025,综合,普通类一段,,大连交通大学,,物理、化学(2科必选),503,33912,,,0,辽宁,公办,0,0
山东,2025,综合,普通类一段,,大连医科大学,,不限,592,30885,,,0,辽宁,公办,0,0
山东,2025,综合,普通类一段,,大连医科大学,,物理、化学(2科必选),503,10972,,,0,辽宁,公办,0,0
山东,2025,综合,普通类一段,,大连外国语大学,,不限,538,38213,,,0,辽宁,公办,0,0
山东,2025,综合,普通类一段,,大连外国语大学,,思想政治必选,563,63101,,,0,辽宁,公办,0,0
山东,2025,综合,普通类一段,,大连外国语大学,,物理必选,525,128096,,,0,辽宁,公办,0,0
山东,2025,综合,普通类一段,,大连大学,,不限,518,36471,,,0,辽宁,公办,0,0
山东,2025,综合,普通类一段,,大连大学,,化学必选,511,116095,,,0,辽宁,公办,0,0
山东,2025,综合,普通类一段,,大连大学,,物理、化学(2科必选),503,36235,,,0,辽宁,公办,0,0
山东,2025,综合,普通类一段,,大连大学,,物理必选,517,142339,,,0,辽宁,公办,0,0
山东,2025,综合,普通类一段,,大连工业大学,,不限,525,128089,,,0,辽宁,公办,0,0
山东,2025,综合,普通类一段,,大连工业大学,,物理、化学(2科必选),506,59153,,,0,辽宁,公办,0,0
山东,2025,综合,普通类一段,,大连民族大学,,不限,537,39451,,,0,辽宁,公办,0,0
山东,2025,综合,普通类一段,,大连民族大学,,历史必选,576,46880,,,0,辽宁,公办,0,0
山东,2025,综合,普通类一段,,大连民族大学,,物化生(3科必选),500,117815,,,0,辽宁,公办,0,0
山东,2025,综合,普通类一段,,大连民族大学,,物理、化学(2科必选),527,74299,,,0,辽宁,公办,0,0
山东,2025,综合,普通类一段,,大连民族大学,,物理必选,529,120428,,,0,辽宁,公办,0,0
山东,2025,综合,普通类一段,,大连海事大学,,不限,594,14623,,,0,辽宁,公办,0,1
山东,2025,综合,普通类一段,,大连海事大学,,物理、化学(2科必选),549,21219,,,0,辽宁,公办,0,1
山东,2025,综合,普通类一段,,大连海事大学,,物理必选,585,35481,,,0,辽宁,公办,0,1
山东,2025,综合,普通类一段,,大连海洋大学,,物理、化学(2科必选),483,74025,,,0,辽宁,公办,0,0
山东,2025,综合,普通类一段,,大连理工大学,,物理、化学(2科必选),603,2268,,,0,辽宁,公办,1,1
山东,2025,综合,普通类一段,,大连理工大学,,物理必选,643,5036,,,0,辽宁,公办,1,1
山东,2025,综合,普通类一段,,大连理工大学城市学院,,不限,491,196691,,,0,辽宁,民办,0,0
山东,2025,综合,普通类一段,,大连理工大学城市学院,,物理、化学(2科必选),455,282843,,,0,辽宁,民办,0,0
山东,2025,综合,普通类一段,,大连理工大学城市学院,,物理必选,469,263488,,,0,辽宁,民办,0,0
山东,2025,综合,普通类一段,,大连理工大学（盘锦校区）,,物理、化学(2科必选),575,19169,,,0,辽宁,公办,1,1
山东,2025,综合,普通类一段,,大连理工大学（盘锦校区）,,物理必选,600,24620,,,0,辽宁,公办,1,1
山东,2025,综合,普通类一段,,大连艺术学院,,不限,467,251491,,,0,辽宁,民办,0,0
山东,2025,综合,普通类一段,,大连艺术学院,,物理、化学(2科必选),441,329550,,,0,辽宁,民办,0,0
山东,2025,综合,普通类一段,,天水师范大学,,不限,509,111684,,,0,甘肃,公办,0,0
山东,2025,综合,普通类一段,,天水师范大学,,历史、思想政治(2科必选),522,136718,,,0,甘肃,公办,0,0
山东,2025,综合,普通类一段,,天水师范大学,,历史必选,514,128088,,,0,甘肃,公办,0,0
山东,2025,综合,普通类一段,,天水师范大学,,地理必选,519,143184,,,0,甘肃,公办,0,0
山东,2025,综合,普通类一段,,天水师范大学,,物理、化学(2科必选),472,219213,,,0,甘肃,公办,0,0
山东,2025,综合,普通类一段,,天津中医药大学,,不限,579,32119,,,0,天津,公办,0,0
山东,2025,综合,普通类一段,,天津中医药大学,,化学必选,564,61073,,,0,天津,公办,0,0
山东,2025,综合,普通类一段,,天津中医药大学,,历史必选,591,31638,,,0,天津,公办,0,0
山东,2025,综合,普通类一段,,天津中医药大学,,物理、化学(2科必选),558,6240,,,0,天津,公办,0,0
山东,2025,综合,普通类一段,,天津中德应用技术大学,,不限,509,103806,,,0,天津,公办,0,0
山东,2025,综合,普通类一段,,天津中德应用技术大学,,物理、化学(2科必选),497,149161,,,0,天津,公办,0,0
山东,2025,综合,普通类一段,,天津中德应用技术大学,,物理必选,501,182785,,,0,天津,公办,0,0
山东,2025,综合,普通类一段,,天津仁爱学院,,不限,488,181502,,,0,天津,民办,0,0
山东,2025,综合,普通类一段,,天津仁爱学院,,历史、思想政治(2科必选),505,174137,,,0,天津,民办,0,0
山东,2025,综合,普通类一段,,天津仁爱学院,,物理、化学(2科必选),441,260060,,,0,天津,民办,0,0
山东,2025,综合,普通类一段,,天津仁爱学院,,物理必选,446,303266,,,0,天津,民办,0,0
山东,2025,综合,普通类一段,,天津传媒学院,,不限,469,260905,,,0,天津,民办,0,0
山东,2025,综合,普通类一段,,天津体育学院,,不限,514,112579,,,0,天津,公办,0,0
山东,2025,综合,普通类一段,,天津体育学院,,物理、化学(2科必选),506,170731,,,0,天津,公办,0,0
山东,2025,综合,普通类一段,,天津农学院,,不限,528,123378,,,0,天津,公办,0,0
山东,2025,综合,普通类一段,,天津农学院,,物理、化学(2科必选),483,108065,,,0,天津,公办,0,0
山东,2025,综合,普通类一段,,天津农学院,,物理必选,518,143833,,,0,天津,公办,0,0
山东,2025,综合,普通类一段,,天津医科大学,,不限,593,30027,,,0,天津,公办,0,1
山东,2025,综合,普通类一段,,天津医科大学,,化学必选,586,35732,,,0,天津,公办,0,1
山东,2025,综合,普通类一段,,天津医科大学,,物化生(3科必选),591,2585,,,0,天津,公办,0,1
山东,2025,综合,普通类一段,,天津医科大学,,物理、化学(2科必选),597,15890,,,0,天津,公办,0,1
山东,2025,综合,普通类一段,,天津医科大学临床医学院,,化学必选,484,224707,,,0,天津,民办,0,0
山东,2025,综合,普通类一段,,天津医科大学临床医学院,,物化生(3科必选),512,97374,,,0,天津,民办,0,0
山东,2025,综合,普通类一段,,天津商业大学,,不限,544,36411,,,0,天津,公办,0,0
山东,2025,综合,普通类一段,,天津商业大学,,物理、化学(2科必选),517,74990,,,0,天津,公办,0,0
山东,2025,综合,普通类一段,,天津商业大学,,物理必选,557,71187,,,0,天津,公办,0,0
山东,2025,综合,普通类一段,,天津商业大学宝德学院,,不限,492,74696,,,0,天津,民办,0,0
山东,2025,综合,普通类一段,,天津城建大学,,不限,501,63011,,,0,天津,公办,0,0
山东,2025,综合,普通类一段,,天津城建大学,,地理必选,563,62996,,,0,天津,公办,0,0
山东,2025,综合,普通类一段,,天津城建大学,,物理、化学(2科必选),492,57357,,,0,天津,公办,0,0
山东,2025,综合,普通类一段,,天津城建大学,,物理必选,527,74185,,,0,天津,公办,0,0
山东,2025,综合,普通类一段,,天津外国语大学,,不限,551,25401,,,0,天津,公办,0,0
山东,2025,综合,普通类一段,,天津外国语大学,,思想政治必选,584,38324,,,0,天津,公办,0,0
山东,2025,综合,普通类一段,,天津外国语大学,,物理、化学(2科必选),577,45806,,,0,天津,公办,0,0
山东,2025,综合,普通类一段,,天津外国语大学,,物理必选,565,59355,,,0,天津,公办,0,0
山东,2025,综合,普通类一段,,天津外国语大学滨海外事学院,,不限,498,156443,,,0,天津,民办,0,0
山东,2025,综合,普通类一段,,天津大学,,物理、化学(2科必选),633,3526,,,0,天津,公办,1,1
山东,2025,综合,普通类一段,,天津天狮学院,,不限,487,216550,,,0,天津,民办,0,0
山东,2025,综合,普通类一段,,天津天狮学院,,物理、化学(2科必选),441,331272,,,0,天津,民办,0,0
山东,2025,综合,普通类一段,,天津工业大学,,不限,550,21074,,,0,天津,公办,0,0
山东,2025,综合,普通类一段,,天津工业大学,,物理、化学(2科必选),569,22788,,,0,天津,公办,0,0
山东,2025,综合,普通类一段,,天津工业大学,,物理必选,564,38562,,,0,天津,公办,0,0
山东,2025,综合,普通类一段,,天津师范大学,,不限,532,22267,,,0,天津,公办,0,0
山东,2025,综合,普通类一段,,天津师范大学,,历史、思想政治(2科必选),594,29262,,,0,天津,公办,0,0
山东,2025,综合,普通类一段,,天津师范大学,,历史必选,597,27084,,,0,天津,公办,0,0
山东,2025,综合,普通类一段,,天津师范大学,,地理必选,588,33163,,,0,天津,公办,0,0
山东,2025,综合,普通类一段,,天津师范大学,,思想政治必选,589,33604,,,0,天津,公办,0,0
山东,2025,综合,普通类一段,,天津师范大学,,物理、化学(2科必选),544,34957,,,0,天津,公办,0,0
山东,2025,综合,普通类一段,,天津师范大学,,物理必选,568,42749,,,0,天津,公办,0,0
山东,2025,综合,普通类一段,,天津理工大学,,不限,544,40023,,,0,天津,公办,0,0
山东,2025,综合,普通类一段,,天津理工大学,,物理、化学(2科必选),548,22436,,,0,天津,公办,0,0
山东,2025,综合,普通类一段,,天津理工大学,,物理必选,536,39013,,,0,天津,公办,0,0
山东,2025,综合,普通类一段,,天津理工大学中环信息学院,,不限,501,169463,,,0,天津,民办,0,0
山东,2025,综合,普通类一段,,天津理工大学中环信息学院,,物理、化学(2科必选),462,136763,,,0,天津,民办,0,0
山东,2025,综合,普通类一段,,天津理工大学中环信息学院,,物理必选,492,204453,,,0,天津,民办,0,0
山东,2025,综合,普通类一段,,天津科技大学,,不限,556,33771,,,0,天津,公办,0,0
山东,2025,综合,普通类一段,,天津科技大学,,物理、化学(2科必选),539,31388,,,0,天津,公办,0,0
山东,2025,综合,普通类一段,,天津科技大学,,物理必选,544,70995,,,0,天津,公办,0,0
山东,2025,综合,普通类一段,,天津美术学院,,不限,519,68573,,,0,天津,公办,0,0
山东,2025,综合,普通类一段,,天津职业技术师范大学,,不限,527,79457,,,0,天津,公办,0,0
山东,2025,综合,普通类一段,,天津职业技术师范大学,,物理、化学(2科必选),516,67531,,,0,天津,公办,0,0
山东,2025,综合,普通类一段,,天津财经大学,,不限,553,21236,,,0,天津,公办,0,0
山东,2025,综合,普通类一段,,天津财经大学,,物理、化学(2科必选),567,33576,,,0,天津,公办,0,0
山东,2025,综合,普通类一段,,天津财经大学,,物理必选,565,43176,,,0,天津,公办,0,0
山东,2025,综合,普通类一段,,天津财经大学珠江学院,,不限,505,174023,,,0,天津,民办,0,0
山东,2025,综合,普通类一段,,天津财经大学珠江学院,,物理必选,441,257758,,,0,天津,民办,0,0
山东,2025,综合,普通类一段,,太原学院,,不限,446,167626,,,0,山西,公办,0,0
山东,2025,综合,普通类一段,,太原学院,,物理、化学(2科必选),466,248183,,,0,山西,公办,0,0
山东,2025,综合,普通类一段,,太原学院,,物理必选,483,226702,,,0,山西,公办,0,0
山东,2025,综合,普通类一段,,太原学院,,生物必选,505,174913,,,0,山西,公办,0,0
山东,2025,综合,普通类一段,,太原工业学院,,不限,507,152975,,,0,山西,公办,0,0
山东,2025,综合,普通类一段,,太原工业学院,,物理、化学(2科必选),471,157054,,,0,山西,公办,0,0
山东,2025,综合,普通类一段,,太原工业学院,,物理必选,491,207203,,,0,山西,公办,0,0
山东,2025,综合,普通类一段,,太原师范学院,,不限,499,96810,,,0,山西,公办,0,0
山东,2025,综合,普通类一段,,太原师范学院,,历史必选,521,121771,,,0,山西,公办,0,0
山东,2025,综合,普通类一段,,太原师范学院,,地理必选,516,126019,,,0,山西,公办,0,0
山东,2025,综合,普通类一段,,太原师范学院,,思想政治必选,530,119781,,,0,山西,公办,0,0
山东,2025,综合,普通类一段,,太原师范学院,,物理、化学(2科必选),469,226644,,,0,山西,公办,0,0
山东,2025,综合,普通类一段,,太原理工大学,,不限,576,19235,,,0,山西,公办,0,1
山东,2025,综合,普通类一段,,太原理工大学,,思想政治必选,600,25028,,,0,山西,公办,0,1
山东,2025,综合,普通类一段,,太原理工大学,,物理、化学(2科必选),574,15797,,,0,山西,公办,0,1
山东,2025,综合,普通类一段,,太原理工大学,,物理必选,577,45628,,,0,山西,公办,0,1
山东,2025,综合,普通类一段,,太原科技大学,,不限,545,62837,,,0,山西,公办,0,0
山东,2025,综合,普通类一段,,太原科技大学,,物理、化学(2科必选),498,51260,,,0,山西,公办,0,0
山东,2025,综合,普通类一段,,太原科技大学,,物理必选,531,103362,,,0,山西,公办,0,0
山东,2025,综合,普通类一段,,宁夏医科大学,,不限,522,136690,,,0,宁夏,公办,0,0
山东,2025,综合,普通类一段,,宁夏医科大学,,化学、生物(2科必选),490,210731,,,0,宁夏,公办,0,0
山东,2025,综合,普通类一段,,宁夏医科大学,,物理、化学(2科必选),490,34211,,,0,宁夏,公办,0,0
山东,2025,综合,普通类一段,,宁夏大学,,不限,560,24329,,,0,宁夏,公办,0,1
山东,2025,综合,普通类一段,,宁夏大学,,历史、思想政治(2科必选),587,35536,,,0,宁夏,公办,0,1
山东,2025,综合,普通类一段,,宁夏大学,,历史必选,570,32019,,,0,宁夏,公办,0,1
山东,2025,综合,普通类一段,,宁夏大学,,地理必选,573,39465,,,0,宁夏,公办,0,1
山东,2025,综合,普通类一段,,宁夏大学,,物理、化学(2科必选),523,31761,,,0,宁夏,公办,0,1
山东,2025,综合,普通类一段,,宁夏大学,,物理必选,552,78735,,,0,宁夏,公办,0,1
山东,2025,综合,普通类一段,,宁夏大学新华学院,,物理、化学(2科必选),443,282532,,,0,宁夏,民办,0,0
山东,2025,综合,普通类一段,,宁夏师范大学,,不限,512,119781,,,0,宁夏,公办,0,0
山东,2025,综合,普通类一段,,宁夏师范大学,,思想政治必选,519,143184,,,0,宁夏,公办,0,0
山东,2025,综合,普通类一段,,宁夏师范大学,,物理、化学(2科必选),476,159068,,,0,宁夏,公办,0,0
山东,2025,综合,普通类一段,,宁夏师范大学,,物理必选,510,163637,,,0,宁夏,公办,0,0
山东,2025,综合,普通类一段,,宁夏理工学院,,不限,482,191999,,,0,宁夏,民办,0,0
山东,2025,综合,普通类一段,,宁夏理工学院,,物理、化学(2科必选),446,280377,,,0,宁夏,民办,0,0
山东,2025,综合,普通类一段,,宁夏理工学院,,物理必选,463,278768,,,0,宁夏,民办,0,0
山东,2025,综合,普通类一段,,宁德师范学院,,不限,509,130211,,,0,福建,公办,0,0
山东,2025,综合,普通类一段,,宁德师范学院,,物理、化学(2科必选),471,201021,,,0,福建,公办,0,0
山东,2025,综合,普通类一段,,宁波大学,,不限,550,16203,,,0,浙江,公办,0,0
山东,2025,综合,普通类一段,,宁波大学,,地理必选,562,64424,,,0,浙江,公办,0,0
山东,2025,综合,普通类一段,,宁波大学,,物理、化学(2科必选),563,20627,,,0,浙江,公办,0,0
山东,2025,综合,普通类一段,,宁波大学,,物理必选,584,37624,,,0,浙江,公办,0,0
山东,2025,综合,普通类一段,,宁波工程学院,,不限,521,118632,,,0,浙江,公办,0,0
山东,2025,综合,普通类一段,,宁波工程学院,,物理、化学(2科必选),483,95534,,,0,浙江,公办,0,0
山东,2025,综合,普通类一段,,宁波工程学院,,物理必选,517,145348,,,0,浙江,公办,0,0
山东,2025,综合,普通类一段,,宁波诺丁汉大学,,不限,563,47976,,,0,浙江,中外合作办学,0,0
山东,2025,综合,普通类一段,,宁波诺丁汉大学,,思想政治必选,570,54097,,,0,浙江,中外合作办学,0,0
山东,2025,综合,普通类一段,,宁波诺丁汉大学,,物理、化学(2科必选),562,35815,,,0,浙江,中外合作办学,0,0
山东,2025,综合,普通类一段,,安庆师范大学,,不限,515,77637,,,0,安徽,公办,0,0
山东,2025,综合,普通类一段,,安庆师范大学,,物理、化学(2科必选),455,133128,,,0,安徽,公办,0,0
山东,2025,综合,普通类一段,,安康学院,,不限,504,137346,,,0,陕西,公办,0,0
山东,2025,综合,普通类一段,,安康学院,,思想政治必选,517,146678,,,0,陕西,公办,0,0
山东,2025,综合,普通类一段,,安康学院,,物理、化学(2科必选),467,247690,,,0,陕西,公办,0,0
山东,2025,综合,普通类一段,,安康学院,,物理必选,476,246188,,,0,陕西,公办,0,0
山东,2025,综合,普通类一段,,安康学院,,生物必选,504,175766,,,0,陕西,公办,0,0
山东,2025,综合,普通类一段,,安徽三联学院,,不限,478,210781,,,0,安徽,民办,0,0
山东,2025,综合,普通类一段,,安徽中医药大学,,不限,529,40556,,,0,安徽,公办,0,0
山东,2025,综合,普通类一段,,安徽中医药大学,,化学必选,521,138878,,,0,安徽,公办,0,0
山东,2025,综合,普通类一段,,安徽中医药大学,,物理、化学(2科必选),521,117689,,,0,安徽,公办,0,0
山东,2025,综合,普通类一段,,安徽信息工程学院,,不限,482,209571,,,0,安徽,民办,0,0
山东,2025,综合,普通类一段,,安徽信息工程学院,,物理、化学(2科必选),446,296261,,,0,安徽,民办,0,0
山东,2025,综合,普通类一段,,安徽农业大学,,不限,533,43604,,,0,安徽,公办,0,0
山东,2025,综合,普通类一段,,安徽农业大学,,物理、化学(2科必选),505,63686,,,0,安徽,公办,0,0
山东,2025,综合,普通类一段,,安徽农业大学,,生物必选,530,118018,,,0,安徽,公办,0,0
山东,2025,综合,普通类一段,,安徽医科大学,,不限,526,33305,,,0,安徽,公办,0,0
山东,2025,综合,普通类一段,,安徽医科大学,,化学必选,539,101837,,,0,安徽,公办,0,0
山东,2025,综合,普通类一段,,安徽医科大学,,物理、化学(2科必选),548,19594,,,0,安徽,公办,0,0
山东,2025,综合,普通类一段,,安徽医科大学临床医学院,,物理、化学(2科必选),513,155880,,,0,安徽,独立学院,0,0
山东,2025,综合,普通类一段,,安徽大学,,不限,598,15856,,,0,安徽,公办,0,1
山东,2025,综合,普通类一段,,安徽大学,,历史必选,601,23832,,,0,安徽,公办,0,1
山东,2025,综合,普通类一段,,安徽大学,,物理、化学(2科必选),574,17699,,,0,安徽,公办,0,1
山东,2025,综合,普通类一段,,安徽大学,,物理必选,593,28779,,,0,安徽,公办,0,1
山东,2025,综合,普通类一段,,安徽工业大学,,不限,529,52618,,,0,安徽,公办,0,0
山东,2025,综合,普通类一段,,安徽工业大学,,物理、化学(2科必选),492,49429,,,0,安徽,公办,0,0
山东,2025,综合,普通类一段,,安徽工业大学,,物理必选,522,91472,,,0,安徽,公办,0,0
山东,2025,综合,普通类一段,,安徽工程大学,,不限,512,158455,,,0,安徽,公办,0,0
山东,2025,综合,普通类一段,,安徽工程大学,,物理、化学(2科必选),491,147778,,,0,安徽,公办,0,0
山东,2025,综合,普通类一段,,安徽师范大学,,不限,514,31570,,,0,安徽,公办,0,0
山东,2025,综合,普通类一段,,安徽师范大学,,地理必选,575,48171,,,0,安徽,公办,0,0
山东,2025,综合,普通类一段,,安徽师范大学,,思想政治必选,581,41135,,,0,安徽,公办,0,0
山东,2025,综合,普通类一段,,安徽师范大学,,物理、化学(2科必选),499,50539,,,0,安徽,公办,0,0
山东,2025,综合,普通类一段,,安徽师范大学,,物理必选,512,104869,,,0,安徽,公办,0,0
山东,2025,综合,普通类一段,,安徽建筑大学,,不限,524,58323,,,0,安徽,公办,0,0
山东,2025,综合,普通类一段,,安徽建筑大学,,物理、化学(2科必选),489,73642,,,0,安徽,公办,0,0
山东,2025,综合,普通类一段,,安徽建筑大学,,物理、地理(2科必选),542,95756,,,0,安徽,公办,0,0
山东,2025,综合,普通类一段,,安徽建筑大学,,物理必选,477,136985,,,0,安徽,公办,0,0
山东,2025,综合,普通类一段,,安徽文达信息工程学院,,物理、化学(2科必选),448,308920,,,0,安徽,民办,0,0
山东,2025,综合,普通类一段,,安徽新华学院,,不限,475,245694,,,0,安徽,民办,0,0
山东,2025,综合,普通类一段,,安徽新华学院,,物理、化学(2科必选),442,322576,,,0,安徽,民办,0,0
山东,2025,综合,普通类一段,,安徽理工大学,,不限,538,73267,,,0,安徽,公办,0,0
山东,2025,综合,普通类一段,,安徽理工大学,,物理、化学(2科必选),494,41423,,,0,安徽,公办,0,0
山东,2025,综合,普通类一段,,安徽理工大学,,物理必选,504,140515,,,0,安徽,公办,0,0
山东,2025,综合,普通类一段,,安徽科技学院,,地理必选,515,106811,,,0,安徽,公办,0,0
山东,2025,综合,普通类一段,,安徽科技学院,,物理、化学(2科必选),478,178388,,,0,安徽,公办,0,0
山东,2025,综合,普通类一段,,安徽科技学院,,物理必选,490,202941,,,0,安徽,公办,0,0
山东,2025,综合,普通类一段,,安徽财经大学,,不限,530,36343,,,0,安徽,公办,0,0
山东,2025,综合,普通类一段,,安徽财经大学,,物理、化学(2科必选),533,72771,,,0,安徽,公办,0,0
山东,2025,综合,普通类一段,,安徽财经大学,,物理必选,527,84730,,,0,安徽,公办,0,0
山东,2025,综合,普通类一段,,安阳工学院,,不限,505,169710,,,0,河南,公办,0,0
山东,2025,综合,普通类一段,,安阳工学院,,物理、化学(2科必选),455,192613,,,0,河南,公办,0,0
山东,2025,综合,普通类一段,,安阳工学院,,物理必选,464,275803,,,0,河南,公办,0,0
山东,2025,综合,普通类一段,,安阳师范学院,,不限,512,106454,,,0,河南,公办,0,0
山东,2025,综合,普通类一段,,安阳师范学院,,地理必选,523,134143,,,0,河南,公办,0,0
山东,2025,综合,普通类一段,,安阳师范学院,,思想政治必选,525,129492,,,0,河南,公办,0,0
山东,2025,综合,普通类一段,,安阳师范学院,,物理、化学(2科必选),466,173568,,,0,河南,公办,0,0
山东,2025,综合,普通类一段,,安顺学院,,不限,501,181220,,,0,贵州,公办,0,0
山东,2025,综合,普通类一段,,安顺学院,,历史必选,521,138322,,,0,贵州,公办,0,0
山东,2025,综合,普通类一段,,安顺学院,,地理必选,508,167030,,,0,贵州,公办,0,0
山东,2025,综合,普通类一段,,安顺学院,,物理、化学(2科必选),468,202296,,,0,贵州,公办,0,0
山东,2025,综合,普通类一段,,宜春学院,,不限,509,111400,,,0,江西,公办,0,0
山东,2025,综合,普通类一段,,宜春学院,,物化生(3科必选),529,121067,,,0,江西,公办,0,0
山东,2025,综合,普通类一段,,宜春学院,,物理、化学(2科必选),460,173221,,,0,江西,公办,0,0
山东,2025,综合,普通类一段,,宜春学院,,物理必选,498,190208,,,0,江西,公办,0,0
山东,2025,综合,普通类一段,,宜春学院,,生物必选,526,127528,,,0,江西,公办,0,0
山东,2025,综合,普通类一段,,宝鸡文理学院,,不限,502,132390,,,0,陕西,公办,0,0
山东,2025,综合,普通类一段,,宝鸡文理学院,,历史必选,524,132390,,,0,陕西,公办,0,0
山东,2025,综合,普通类一段,,宝鸡文理学院,,思想政治必选,518,145334,,,0,陕西,公办,0,0
山东,2025,综合,普通类一段,,宝鸡文理学院,,物理、化学(2科必选),470,201791,,,0,陕西,公办,0,0
山东,2025,综合,普通类一段,,宝鸡文理学院,,物理、地理(2科必选),483,163637,,,0,陕西,公办,0,0
山东,2025,综合,普通类一段,,宝鸡文理学院,,物理必选,495,182602,,,0,陕西,公办,0,0
山东,2025,综合,普通类一段,,宿州学院,,不限,526,126609,,,0,安徽,公办,0,0
山东,2025,综合,普通类一段,,宿州学院,,地理必选,515,151637,,,0,安徽,公办,0,0
山东,2025,综合,普通类一段,,宿州学院,,物理、化学(2科必选),471,192988,,,0,安徽,公办,0,0
山东,2025,综合,普通类一段,,对外经济贸易大学,,不限,629,4883,,,0,北京,公办,0,1
山东,2025,综合,普通类一段,,对外经济贸易大学,,物理、化学(2科必选),588,16749,,,0,北京,公办,0,1
山东,2025,综合,普通类一段,,对外经济贸易大学,,物理必选,614,12539,,,0,北京,公办,0,1
山东,2025,综合,普通类一段,,山东中医药大学,,不限,521,81181,,,0,山东,公办,0,0
山东,2025,综合,普通类一段,,山东中医药大学,,化学必选,513,137713,,,0,山东,公办,0,0
山东,2025,综合,普通类一段,,山东中医药大学,,物理、化学(2科必选),496,38862,,,0,山东,公办,0,0
山东,2025,综合,普通类一段,,山东中医药大学,,物理必选,515,119610,,,0,山东,公办,0,0
山东,2025,综合,普通类一段,,山东交通学院,,不限,509,99387,,,0,山东,公办,0,0
山东,2025,综合,普通类一段,,山东交通学院,,物理、化学(2科必选),450,135610,,,0,山东,公办,0,0
山东,2025,综合,普通类一段,,山东交通学院,,物理必选,481,172024,,,0,山东,公办,0,0
山东,2025,综合,普通类一段,,山东体育学院,,不限,502,164025,,,0,山东,公办,0,0
山东,2025,综合,普通类一段,,山东体育学院,,物理、化学(2科必选),485,223273,,,0,山东,公办,0,0
山东,2025,综合,普通类一段,,山东农业大学,,不限,508,54110,,,0,山东,公办,0,0
山东,2025,综合,普通类一段,,山东农业大学,,地理必选,548,85605,,,0,山东,公办,0,0
山东,2025,综合,普通类一段,,山东农业大学,,思想政治必选,554,75985,,,0,山东,公办,0,0
山东,2025,综合,普通类一段,,山东农业大学,,物理、化学(2科必选),490,61935,,,0,山东,公办,0,0
山东,2025,综合,普通类一段,,山东农业大学,,物理必选,516,126838,,,0,山东,公办,0,0
山东,2025,综合,普通类一段,,山东农业大学,,生物必选,537,104393,,,0,山东,公办,0,0
山东,2025,综合,普通类一段,,山东农业工程学院,,不限,504,132084,,,0,山东,公办,0,0
山东,2025,综合,普通类一段,,山东农业工程学院,,物理、化学(2科必选),449,206956,,,0,山东,公办,0,0
山东,2025,综合,普通类一段,,山东农业工程学院,,物理必选,474,232372,,,0,山东,公办,0,0
山东,2025,综合,普通类一段,,山东农业工程学院,,生物必选,502,181486,,,0,山东,公办,0,0
山东,2025,综合,普通类一段,,山东华宇工学院,,不限,489,198846,,,0,山东,民办,0,0
山东,2025,综合,普通类一段,,山东华宇工学院,,物理、化学(2科必选),441,287204,,,0,山东,民办,0,0
山东,2025,综合,普通类一段,,山东华宇工学院,,物理必选,441,324686,,,0,山东,民办,0,0
山东,2025,综合,普通类一段,,山东协和学院,,不限,481,188196,,,0,山东,民办,0,0
山东,2025,综合,普通类一段,,山东协和学院,,物理、化学(2科必选),441,215243,,,0,山东,民办,0,0
山东,2025,综合,普通类一段,,山东协和学院,,物理必选,443,316867,,,0,山东,民办,0,0
山东,2025,综合,普通类一段,,山东协和学院,,生物必选,491,208811,,,0,山东,民办,0,0
山东,2025,综合,普通类一段,,山东外事职业大学,,不限,467,220669,,,0,山东,民办,0,0
山东,2025,综合,普通类一段,,山东外事职业大学,,物理必选,441,325026,,,0,山东,民办,0,0
山东,2025,综合,普通类一段,,山东外国语职业技术大学,,不限,473,199338,,,0,山东,民办,0,0
山东,2025,综合,普通类一段,,山东外国语职业技术大学,,物理、化学(2科必选),451,307554,,,0,山东,民办,0,0
山东,2025,综合,普通类一段,,山东外国语职业技术大学,,物理必选,441,329675,,,0,山东,民办,0,0
山东,2025,综合,普通类一段,,山东大学,,不限,615,4001,,,0,山东,公办,1,1
山东,2025,综合,普通类一段,,山东大学,,思想政治必选,622,11878,,,0,山东,公办,1,1
山东,2025,综合,普通类一段,,山东大学,,物化生(3科必选),588,2146,,,0,山东,公办,1,1
山东,2025,综合,普通类一段,,山东大学,,物理、化学(2科必选),580,2550,,,0,山东,公办,1,1
山东,2025,综合,普通类一段,,山东大学（威海）,,不限,615,12243,,,0,山东,公办,1,1
山东,2025,综合,普通类一段,,山东大学（威海）,,思想政治必选,616,14886,,,0,山东,公办,1,1
山东,2025,综合,普通类一段,,山东大学（威海）,,物理、化学(2科必选),615,12565,,,0,山东,公办,1,1
山东,2025,综合,普通类一段,,山东女子学院,,不限,503,127607,,,0,山东,公办,0,0
山东,2025,综合,普通类一段,,山东女子学院,,物理、化学(2科必选),467,212038,,,0,山东,公办,0,0
山东,2025,综合,普通类一段,,山东女子学院,,物理必选,476,217227,,,0,山东,公办,0,0
山东,2025,综合,普通类一段,,山东工商学院,,不限,500,76387,,,0,山东,公办,0,0
山东,2025,综合,普通类一段,,山东工商学院,,物理、化学(2科必选),494,146014,,,0,山东,公办,0,0
山东,2025,综合,普通类一段,,山东工商学院,,物理必选,491,162483,,,0,山东,公办,0,0
山东,2025,综合,普通类一段,,山东工程职业技术大学,,不限,473,213539,,,0,山东,民办,0,0
山东,2025,综合,普通类一段,,山东工程职业技术大学,,物理必选,441,317417,,,0,山东,民办,0,0
山东,2025,综合,普通类一段,,山东工艺美术学院,,不限,501,175914,,,0,山东,公办,0,0
山东,2025,综合,普通类一段,,山东工艺美术学院,,物理、化学(2科必选),441,212528,,,0,山东,公办,0,0
山东,2025,综合,普通类一段,,山东工艺美术学院,,物理必选,472,255294,,,0,山东,公办,0,0
山东,2025,综合,普通类一段,,山东师范大学,,不限,522,35105,,,0,山东,公办,0,0
山东,2025,综合,普通类一段,,山东师范大学,,地理必选,569,53928,,,0,山东,公办,0,0
山东,2025,综合,普通类一段,,山东师范大学,,思想政治必选,565,38429,,,0,山东,公办,0,0
山东,2025,综合,普通类一段,,山东师范大学,,物理、化学(2科必选),533,45229,,,0,山东,公办,0,0
山东,2025,综合,普通类一段,,山东师范大学,,物理必选,540,53744,,,0,山东,公办,0,0
山东,2025,综合,普通类一段,,山东建筑大学,,不限,498,68406,,,0,山东,公办,0,0
山东,2025,综合,普通类一段,,山东建筑大学,,地理必选,533,100370,,,0,山东,公办,0,0
山东,2025,综合,普通类一段,,山东建筑大学,,物理、化学(2科必选),454,91662,,,0,山东,公办,0,0
山东,2025,综合,普通类一段,,山东建筑大学,,物理必选,501,138429,,,0,山东,公办,0,0
山东,2025,综合,普通类一段,,山东政法学院,,不限,521,36111,,,0,山东,公办,0,0
山东,2025,综合,普通类一段,,山东政法学院,,思想政治必选,540,99774,,,0,山东,公办,0,0
山东,2025,综合,普通类一段,,山东政法学院,,物理、化学(2科必选),512,153716,,,0,山东,公办,0,0
山东,2025,综合,普通类一段,,山东政法学院,,物理必选,504,150272,,,0,山东,公办,0,0
山东,2025,综合,普通类一段,,山东现代学院,,不限,482,200853,,,0,山东,民办,0,0
山东,2025,综合,普通类一段,,山东现代学院,,物理、化学(2科必选),441,293027,,,0,山东,民办,0,0
山东,2025,综合,普通类一段,,山东现代学院,,物理、生物(2科必选),441,290996,,,0,山东,民办,0,0
山东,2025,综合,普通类一段,,山东现代学院,,物理必选,451,309109,,,0,山东,民办,0,0
山东,2025,综合,普通类一段,,山东理工大学,,不限,528,57240,,,0,山东,公办,0,0
山东,2025,综合,普通类一段,,山东理工大学,,物理、化学(2科必选),485,45180,,,0,山东,公办,0,0
山东,2025,综合,普通类一段,,山东理工大学,,物理必选,510,117597,,,0,山东,公办,0,0
山东,2025,综合,普通类一段,,山东石油化工学院,,不限,507,107527,,,0,山东,公办,0,0
山东,2025,综合,普通类一段,,山东石油化工学院,,化学必选,495,199209,,,0,山东,公办,0,0
山东,2025,综合,普通类一段,,山东石油化工学院,,物化生(3科必选),473,252776,,,0,山东,公办,0,0
山东,2025,综合,普通类一段,,山东石油化工学院,,物理、化学(2科必选),469,187746,,,0,山东,公办,0,0
山东,2025,综合,普通类一段,,山东石油化工学院,,物理必选,479,238258,,,0,山东,公办,0,0
山东,2025,综合,普通类一段,,山东科技大学,,不限,527,42564,,,0,山东,公办,0,0
山东,2025,综合,普通类一段,,山东科技大学,,物理、化学(2科必选),490,25653,,,0,山东,公办,0,0
山东,2025,综合,普通类一段,,山东科技大学,,物理、地理(2科必选),555,74562,,,0,山东,公办,0,0
山东,2025,综合,普通类一段,,山东科技大学,,物理必选,493,59313,,,0,山东,公办,0,0
山东,2025,综合,普通类一段,,山东第一医科大学,,不限,523,116056,,,0,山东,公办,0,0
山东,2025,综合,普通类一段,,山东第一医科大学,,物理、化学(2科必选),485,50107,,,0,山东,公办,0,0
山东,2025,综合,普通类一段,,山东第二医科大学,,不限,518,89556,,,0,山东,公办,0,0
山东,2025,综合,普通类一段,,山东第二医科大学,,化学必选,506,170927,,,0,山东,公办,0,0
山东,2025,综合,普通类一段,,山东第二医科大学,,物理、化学(2科必选),493,60183,,,0,山东,公办,0,0
山东,2025,综合,普通类一段,,山东第二医科大学,,物理必选,506,150471,,,0,山东,公办,0,0
山东,2025,综合,普通类一段,,山东管理学院,,不限,503,117518,,,0,山东,公办,0,0
山东,2025,综合,普通类一段,,山东管理学院,,物理、化学(2科必选),479,171057,,,0,山东,公办,0,0
山东,2025,综合,普通类一段,,山东管理学院,,物理必选,477,190071,,,0,山东,公办,0,0
山东,2025,综合,普通类一段,,山东航空学院,,不限,505,117903,,,0,山东,公办,0,0
山东,2025,综合,普通类一段,,山东航空学院,,思想政治必选,521,137779,,,0,山东,公办,0,0
山东,2025,综合,普通类一段,,山东航空学院,,物理、化学(2科必选),466,155433,,,0,山东,公办,0,0
山东,2025,综合,普通类一段,,山东航空学院,,物理必选,475,201136,,,0,山东,公办,0,0
山东,2025,综合,普通类一段,,山东艺术学院,,不限,500,174557,,,0,山东,公办,0,0
山东,2025,综合,普通类一段,,山东英才学院,,不限,469,210721,,,0,山东,民办,0,0
山东,2025,综合,普通类一段,,山东英才学院,,物理、化学(2科必选),441,316910,,,0,山东,民办,0,0
山东,2025,综合,普通类一段,,山东英才学院,,物理必选,441,329156,,,0,山东,民办,0,0
山东,2025,综合,普通类一段,,山东英才学院,,生物必选,469,262327,,,0,山东,民办,0,0
山东,2025,综合,普通类一段,,山东财经大学,,不限,534,35425,,,0,山东,公办,0,0
山东,2025,综合,普通类一段,,山东财经大学,,物理、化学(2科必选),521,67661,,,0,山东,公办,0,0
山东,2025,综合,普通类一段,,山东财经大学,,物理必选,525,75044,,,0,山东,公办,0,0
山东,2025,综合,普通类一段,,山东财经大学东方学院,,不限,495,164930,,,0,山东,民办,0,0
山东,2025,综合,普通类一段,,山东财经大学东方学院,,物理、化学(2科必选),464,273182,,,0,山东,民办,0,0
山东,2025,综合,普通类一段,,山东财经大学东方学院,,物理必选,459,265681,,,0,山东,民办,0,0
山东,2025,综合,普通类一段,,山东财经大学燕山学院,,不限,493,170305,,,0,山东,民办,0,0
山东,2025,综合,普通类一段,,山东财经大学燕山学院,,物理、化学(2科必选),464,266156,,,0,山东,民办,0,0
山东,2025,综合,普通类一段,,山东财经大学燕山学院,,物理必选,453,283033,,,0,山东,民办,0,0
山东,2025,综合,普通类一段,,山东青年政治学院,,不限,502,119714,,,0,山东,公办,0,0
山东,2025,综合,普通类一段,,山东青年政治学院,,思想政治必选,515,140623,,,0,山东,公办,0,0
山东,2025,综合,普通类一段,,山东青年政治学院,,物理、化学(2科必选),485,197304,,,0,山东,公办,0,0
山东,2025,综合,普通类一段,,山西中医药大学,,不限,532,25520,,,0,山西,公办,0,0
山东,2025,综合,普通类一段,,山西中医药大学,,物理、化学(2科必选),489,148124,,,0,山西,公办,0,0
山东,2025,综合,普通类一段,,山西中医药大学,,物理、生物(2科必选),531,117229,,,0,山西,公办,0,0
山东,2025,综合,普通类一段,,山西中医药大学,,物理必选,516,148820,,,0,山西,公办,0,0
山东,2025,综合,普通类一段,,山西中医药大学,,生物必选,534,110569,,,0,山西,公办,0,0
山东,2025,综合,普通类一段,,山西传媒学院,,不限,501,140932,,,0,山西,公办,0,0
山东,2025,综合,普通类一段,,山西传媒学院,,物理、化学(2科必选),486,191409,,,0,山西,公办,0,0
山东,2025,综合,普通类一段,,山西农业大学,,不限,518,121558,,,0,山西,公办,0,0
山东,2025,综合,普通类一段,,山西农业大学,,化学、生物(2科必选),516,148349,,,0,山西,公办,0,0
山东,2025,综合,普通类一段,,山西农业大学,,历史、思想政治(2科必选),522,73913,,,0,山西,公办,0,0
山东,2025,综合,普通类一段,,山西农业大学,,物化生(3科必选),478,134939,,,0,山西,公办,0,0
山东,2025,综合,普通类一段,,山西农业大学,,物理、化学(2科必选),479,107436,,,0,山西,公办,0,0
山东,2025,综合,普通类一段,,山西医科大学,,不限,522,99884,,,0,山西,公办,0,0
山东,2025,综合,普通类一段,,山西医科大学,,物化生(3科必选),522,18582,,,0,山西,公办,0,0
山东,2025,综合,普通类一段,,山西医科大学,,物理、化学(2科必选),504,69728,,,0,山西,公办,0,0
山东,2025,综合,普通类一段,,山西医科大学,,物理必选,529,121402,,,0,山西,公办,0,0
山东,2025,综合,普通类一段,,山西医科大学,,生物必选,529,78560,,,0,山西,公办,0,0
山东,2025,综合,普通类一段,,山西大同大学,,不限,550,69918,,,0,山西,公办,0,0
山东,2025,综合,普通类一段,,山西大同大学,,物化生(3科必选),526,126543,,,0,山西,公办,0,0
山东,2025,综合,普通类一段,,山西大同大学,,物理、化学(2科必选),494,199501,,,0,山西,公办,0,0
山东,2025,综合,普通类一段,,山西大学,,不限,566,22329,,,0,山西,公办,0,0
山东,2025,综合,普通类一段,,山西大学,,思想政治必选,580,36219,,,0,山西,公办,0,0
山东,2025,综合,普通类一段,,山西大学,,物理、化学(2科必选),540,22017,,,0,山西,公办,0,0
山东,2025,综合,普通类一段,,山西大学,,物理必选,570,46432,,,0,山西,公办,0,0
山东,2025,综合,普通类一段,,山西工商学院,,不限,491,189501,,,0,山西,民办,0,0
山东,2025,综合,普通类一段,,山西工商学院,,物理、化学(2科必选),463,277233,,,0,山西,民办,0,0
山东,2025,综合,普通类一段,,山西工学院,,不限,507,140346,,,0,山西,公办,0,0
山东,2025,综合,普通类一段,,山西工学院,,物理、化学(2科必选),467,182973,,,0,山西,公办,0,0
山东,2025,综合,普通类一段,,山西工程技术学院,,地理必选,527,124560,,,0,山西,公办,0,0
山东,2025,综合,普通类一段,,山西工程技术学院,,物理、化学(2科必选),465,160350,,,0,山西,公办,0,0
山东,2025,综合,普通类一段,,山西工程技术学院,,物理必选,474,236931,,,0,山西,公办,0,0
山东,2025,综合,普通类一段,,山西工程科技职业大学,,不限,501,155788,,,0,山西,公办,0,0
山东,2025,综合,普通类一段,,山西工程科技职业大学,,思想政治必选,516,149727,,,0,山西,公办,0,0
山东,2025,综合,普通类一段,,山西工程科技职业大学,,物理必选,469,195445,,,0,山西,公办,0,0
山东,2025,综合,普通类一段,,山西师范大学,,不限,522,35635,,,0,山西,公办,0,0
山东,2025,综合,普通类一段,,山西师范大学,,地理必选,549,64571,,,0,山西,公办,0,0
山东,2025,综合,普通类一段,,山西师范大学,,思想政治必选,572,51672,,,0,山西,公办,0,0
山东,2025,综合,普通类一段,,山西师范大学,,物理、化学(2科必选),487,70316,,,0,山西,公办,0,0
山东,2025,综合,普通类一段,,山西师范大学,,物理必选,514,113640,,,0,山西,公办,0,0
山东,2025,综合,普通类一段,,山西应用科技学院,,不限,489,195916,,,0,山西,民办,0,0
山东,2025,综合,普通类一段,,山西应用科技学院,,物理、化学(2科必选),453,285883,,,0,山西,民办,0,0
山东,2025,综合,普通类一段,,山西应用科技学院,,物理必选,441,331693,,,0,山西,民办,0,0
山东,2025,综合,普通类一段,,山西晋中理工学院,,不限,493,198744,,,0,山西,民办,0,0
山东,2025,综合,普通类一段,,山西晋中理工学院,,物理、化学(2科必选),453,282969,,,0,山西,民办,0,0
山东,2025,综合,普通类一段,,山西科技学院,,物理、化学(2科必选),476,148717,,,0,山西,公办,0,0
山东,2025,综合,普通类一段,,山西能源学院,,物理、化学(2科必选),470,209564,,,0,山西,公办,0,0
山东,2025,综合,普通类一段,,山西财经大学,,不限,521,35936,,,0,山西,公办,0,0
山东,2025,综合,普通类一段,,山西财经大学,,地理必选,546,72944,,,0,山西,公办,0,0
山东,2025,综合,普通类一段,,山西财经大学,,物理、化学(2科必选),526,67669,,,0,山西,公办,0,0
山东,2025,综合,普通类一段,,山西财经大学,,物理必选,509,74985,,,0,山西,公办,0,0
山东,2025,综合,普通类一段,,岭南师范学院,,不限,512,158942,,,0,广东,公办,0,0
山东,2025,综合,普通类一段,,岭南师范学院,,历史必选,539,101880,,,0,广东,公办,0,0
山东,2025,综合,普通类一段,,岭南师范学院,,物化生(3科必选),465,251949,,,0,广东,公办,0,0
山东,2025,综合,普通类一段,,岭南师范学院,,物理、化学(2科必选),470,201818,,,0,广东,公办,0,0
山东,2025,综合,普通类一段,,岭南师范学院,,物理必选,481,175772,,,0,广东,公办,0,0
山东,2025,综合,普通类一段,,岳阳学院,,物理、化学(2科必选),441,287785,,,0,湖南,民办,0,0
山东,2025,综合,普通类一段,,川北医学院,,物理、化学(2科必选),538,75630,,,0,四川,公办,0,0
山东,2025,综合,普通类一段,,巢湖学院,,不限,508,167285,,,0,安徽,公办,0,0
山东,2025,综合,普通类一段,,巢湖学院,,物理、化学(2科必选),469,239472,,,0,安徽,公办,0,0
山东,2025,综合,普通类一段,,巢湖学院,,物理必选,488,215387,,,0,安徽,公办,0,0
山东,2025,综合,普通类一段,,常州大学,,不限,553,36283,,,0,江苏,公办,0,0
山东,2025,综合,普通类一段,,常州大学,,历史、思想政治(2科必选),565,59656,,,0,江苏,公办,0,0
山东,2025,综合,普通类一段,,常州大学,,物理、化学(2科必选),539,35647,,,0,江苏,公办,0,0
山东,2025,综合,普通类一段,,常州大学,,物理必选,562,63965,,,0,江苏,公办,0,0
山东,2025,综合,普通类一段,,常州大学怀德学院,,不限,494,180009,,,0,江苏,民办,0,0
山东,2025,综合,普通类一段,,常州大学怀德学院,,物理、化学(2科必选),458,261003,,,0,江苏,民办,0,0
山东,2025,综合,普通类一段,,常州工学院,,物理必选,509,163975,,,0,江苏,公办,0,0
山东,2025,综合,普通类一段,,平顶山学院,,不限,502,167170,,,0,河南,公办,0,0
山东,2025,综合,普通类一段,,平顶山学院,,思想政治必选,532,115524,,,0,河南,公办,0,0
山东,2025,综合,普通类一段,,平顶山学院,,物理、化学(2科必选),466,197973,,,0,河南,公办,0,0
山东,2025,综合,普通类一段,,平顶山学院,,生物必选,517,146668,,,0,河南,公办,0,0
山东,2025,综合,普通类一段,,广东东软学院,,物理、化学(2科必选),434,314431,,,0,广东,民办,0,0
山东,2025,综合,普通类一段,,广东东软学院,,物理必选,438,340712,,,0,广东,民办,0,0
山东,2025,综合,普通类一段,,广东以色列理工学院,,物理、化学(2科必选),547,42063,,,0,广东,中外合作办学,0,0
山东,2025,综合,普通类一段,,广东医科大学,,化学必选,482,119081,,,0,广东,公办,0,0
山东,2025,综合,普通类一段,,广东医科大学,,物理、化学(2科必选),496,27437,,,0,广东,公办,0,0
山东,2025,综合,普通类一段,,广东培正学院,,不限,477,196261,,,0,广东,民办,0,0
山东,2025,综合,普通类一段,,广东外语外贸大学,,不限,567,27676,,,0,广东,公办,0,0
山东,2025,综合,普通类一段,,广东外语外贸大学,,思想政治必选,577,45787,,,0,广东,公办,0,0
山东,2025,综合,普通类一段,,广东外语外贸大学,,物理、化学(2科必选),564,60970,,,0,广东,公办,0,0
山东,2025,综合,普通类一段,,广东外语外贸大学,,物理必选,564,60653,,,0,广东,公办,0,0
山东,2025,综合,普通类一段,,广东工业大学,,不限,563,34335,,,0,广东,公办,0,0
山东,2025,综合,普通类一段,,广东工业大学,,物理、化学(2科必选),541,25091,,,0,广东,公办,0,0
山东,2025,综合,普通类一段,,广东工业大学,,物理必选,546,89231,,,0,广东,公办,0,0
山东,2025,综合,普通类一段,,广东工商职业技术大学,,历史、思想政治(2科必选),493,204322,,,0,广东,民办,0,0
山东,2025,综合,普通类一段,,广东工商职业技术大学,,物理必选,441,313569,,,0,广东,民办,0,0
山东,2025,综合,普通类一段,,广东技术师范大学,,不限,549,84555,,,0,广东,公办,0,0
山东,2025,综合,普通类一段,,广东技术师范大学,,物理、化学(2科必选),523,132882,,,0,广东,公办,0,0
山东,2025,综合,普通类一段,,广东海洋大学,,不限,537,55821,,,0,广东,公办,0,0
山东,2025,综合,普通类一段,,广东海洋大学,,物化生(3科必选),527,123952,,,0,广东,公办,0,0
山东,2025,综合,普通类一段,,广东海洋大学,,物理、化学(2科必选),496,50869,,,0,广东,公办,0,0
山东,2025,综合,普通类一段,,广东海洋大学,,物理必选,520,118717,,,0,广东,公办,0,0
山东,2025,综合,普通类一段,,广东理工学院,,不限,473,216642,,,0,广东,民办,0,0
山东,2025,综合,普通类一段,,广东理工学院,,物理、化学(2科必选),442,317976,,,0,广东,民办,0,0
山东,2025,综合,普通类一段,,广东理工学院,,物理必选,452,304995,,,0,广东,民办,0,0
山东,2025,综合,普通类一段,,广东白云学院,,不限,481,221261,,,0,广东,民办,0,0
山东,2025,综合,普通类一段,,广东石油化工学院,,物理、化学(2科必选),467,164536,,,0,广东,公办,0,0
山东,2025,综合,普通类一段,,广东药科大学,,不限,574,48909,,,0,广东,公办,0,0
山东,2025,综合,普通类一段,,广东药科大学,,物理、化学(2科必选),496,54528,,,0,广东,公办,0,0
山东,2025,综合,普通类一段,,广东财经大学,,不限,561,36824,,,0,广东,公办,0,0
山东,2025,综合,普通类一段,,广东财经大学,,地理必选,564,60793,,,0,广东,公办,0,0
山东,2025,综合,普通类一段,,广东财经大学,,物理、化学(2科必选),562,63840,,,0,广东,公办,0,0
山东,2025,综合,普通类一段,,广东财经大学,,物理必选,540,99114,,,0,广东,公办,0,0
山东,2025,综合,普通类一段,,广东轻工职业技术大学,,不限,523,132778,,,0,广东,公办,0,0
山东,2025,综合,普通类一段,,广东轻工职业技术大学,,物理必选,492,186700,,,0,广东,公办,0,0
山东,2025,综合,普通类一段,,广东金融学院,,不限,551,52583,,,0,广东,公办,0,0
山东,2025,综合,普通类一段,,广东金融学院,,物理、化学(2科必选),517,69242,,,0,广东,公办,0,0
山东,2025,综合,普通类一段,,广东金融学院,,物理必选,523,102881,,,0,广东,公办,0,0
山东,2025,综合,普通类一段,,广州中医药大学,,不限,577,2902,,,0,广东,公办,0,0
山东,2025,综合,普通类一段,,广州中医药大学,,物理、化学(2科必选),564,23214,,,0,广东,公办,0,0
山东,2025,综合,普通类一段,,广州中医药大学,,生物必选,562,42498,,,0,广东,公办,0,0
山东,2025,综合,普通类一段,,广州体育学院,,不限,523,91095,,,0,广东,公办,0,0
山东,2025,综合,普通类一段,,广州华立学院,,不限,479,226013,,,0,广东,民办,0,0
山东,2025,综合,普通类一段,,广州华立学院,,化学必选,467,269490,,,0,广东,民办,0,0
山东,2025,综合,普通类一段,,广州华立学院,,物理、化学(2科必选),441,327537,,,0,广东,民办,0,0
山东,2025,综合,普通类一段,,广州华立学院,,物理必选,459,288984,,,0,广东,民办,0,0
山东,2025,综合,普通类一段,,广州南方学院,,不限,481,224151,,,0,广东,民办,0,0
山东,2025,综合,普通类一段,,广州南方学院,,物理、化学(2科必选),447,301461,,,0,广东,民办,0,0
山东,2025,综合,普通类一段,,广州商学院,,不限,477,211192,,,0,广东,民办,0,0
山东,2025,综合,普通类一段,,广州城市理工学院,,不限,476,239087,,,0,广东,民办,0,0
山东,2025,综合,普通类一段,,广州城市理工学院,,物理、化学(2科必选),450,302810,,,0,广东,民办,0,0
山东,2025,综合,普通类一段,,广州大学,,不限,571,24216,,,0,广东,公办,0,0
山东,2025,综合,普通类一段,,广州大学,,物理、化学(2科必选),566,32204,,,0,广东,公办,0,0
山东,2025,综合,普通类一段,,广州工商学院,,不限,474,218637,,,0,广东,民办,0,0
山东,2025,综合,普通类一段,,广州工商学院,,物理、化学(2科必选),441,320975,,,0,广东,民办,0,0
山东,2025,综合,普通类一段,,广州新华学院,,不限,479,189486,,,0,广东,民办,0,0
山东,2025,综合,普通类一段,,广州新华学院,,化学必选,465,273177,,,0,广东,民办,0,0
山东,2025,综合,普通类一段,,广州新华学院,,地理必选,491,208058,,,0,广东,民办,0,0
山东,2025,综合,普通类一段,,广州新华学院,,物理、化学(2科必选),445,309927,,,0,广东,民办,0,0
山东,2025,综合,普通类一段,,广州航海学院,,物理、化学(2科必选),522,135533,,,0,广东,公办,0,0
山东,2025,综合,普通类一段,,广州软件学院,,不限,484,223946,,,0,广东,民办,0,0
山东,2025,综合,普通类一段,,广州软件学院,,物理、化学(2科必选),444,282410,,,0,广东,民办,0,0
山东,2025,综合,普通类一段,,广西中医药大学,,不限,564,24359,,,0,广西,公办,0,0
山东,2025,综合,普通类一段,,广西中医药大学,,物理、化学(2科必选),446,89230,,,0,广西,公办,0,0
山东,2025,综合,普通类一段,,广西中医药大学赛恩斯新医药学院,,不限,525,127839,,,0,广西,民办,0,0
山东,2025,综合,普通类一段,,广西中医药大学赛恩斯新医药学院,,物理、化学(2科必选),461,271478,,,0,广西,民办,0,0
山东,2025,综合,普通类一段,,广西农业职业技术大学,,不限,501,183224,,,0,广西,公办,0,0
山东,2025,综合,普通类一段,,广西农业职业技术大学,,物理必选,473,227009,,,0,广西,公办,0,0
山东,2025,综合,普通类一段,,广西医科大学,,不限,507,112601,,,0,广西,公办,0,0
山东,2025,综合,普通类一段,,广西医科大学,,物理、化学(2科必选),457,19548,,,0,广西,公办,0,0
山东,2025,综合,普通类一段,,广西医科大学,,物理必选,513,155707,,,0,广西,公办,0,0
山东,2025,综合,普通类一段,,广西医科大学,,生物必选,548,85175,,,0,广西,公办,0,0
山东,2025,综合,普通类一段,,广西城市职业大学,,不限,482,223048,,,0,广西,民办,0,0
山东,2025,综合,普通类一段,,广西城市职业大学,,物理必选,443,323303,,,0,广西,民办,0,0
山东,2025,综合,普通类一段,,广西外国语学院,,不限,469,207872,,,0,广西,民办,0,0
山东,2025,综合,普通类一段,,广西外国语学院,,物理、化学(2科必选),446,320556,,,0,广西,民办,0,0
山东,2025,综合,普通类一段,,广西外国语学院,,物理必选,441,318598,,,0,广西,民办,0,0
山东,2025,综合,普通类一段,,广西大学,,不限,578,23606,,,0,广西,公办,0,1
山东,2025,综合,普通类一段,,广西大学,,思想政治必选,591,32065,,,0,广西,公办,0,1
山东,2025,综合,普通类一段,,广西大学,,物化生(3科必选),561,56236,,,0,广西,公办,0,1
山东,2025,综合,普通类一段,,广西大学,,物理、化学(2科必选),549,26055,,,0,广西,公办,0,1
山东,2025,综合,普通类一段,,广西大学,,物理必选,555,44293,,,0,广西,公办,0,1
山东,2025,综合,普通类一段,,广西师范大学,,不限,504,45236,,,0,广西,公办,0,0
山东,2025,综合,普通类一段,,广西师范大学,,历史必选,535,54075,,,0,广西,公办,0,0
山东,2025,综合,普通类一段,,广西师范大学,,思想政治必选,568,56243,,,0,广西,公办,0,0
山东,2025,综合,普通类一段,,广西师范大学,,物理、化学(2科必选),480,63753,,,0,广西,公办,0,0
山东,2025,综合,普通类一段,,广西师范大学,,物理、地理(2科必选),531,105236,,,0,广西,公办,0,0
山东,2025,综合,普通类一段,,广西民族大学,,不限,476,61701,,,0,广西,公办,0,0
山东,2025,综合,普通类一段,,广西民族大学,,历史、思想政治(2科必选),524,112686,,,0,广西,公办,0,0
山东,2025,综合,普通类一段,,广西民族大学,,历史必选,555,64809,,,0,广西,公办,0,0
山东,2025,综合,普通类一段,,广西民族大学,,物化生(3科必选),476,222329,,,0,广西,公办,0,0
山东,2025,综合,普通类一段,,广西民族大学,,物理、化学(2科必选),448,112085,,,0,广西,公办,0,0
山东,2025,综合,普通类一段,,广西民族大学,,物理必选,490,186107,,,0,广西,公办,0,0
山东,2025,综合,普通类一段,,广西科技大学,,不限,513,155527,,,0,广西,公办,0,0
山东,2025,综合,普通类一段,,广西科技大学,,化学、生物(2科必选),490,210085,,,0,广西,公办,0,0
山东,2025,综合,普通类一段,,广西科技大学,,物理、化学(2科必选),469,118940,,,0,广西,公办,0,0
山东,2025,综合,普通类一段,,广西科技大学,,物理必选,512,158652,,,0,广西,公办,0,0
山东,2025,综合,普通类一段,,广西科技师范学院,,不限,507,145290,,,0,广西,公办,0,0
山东,2025,综合,普通类一段,,广西科技师范学院,,物理、化学(2科必选),464,216497,,,0,广西,公办,0,0
山东,2025,综合,普通类一段,,广西艺术学院,,不限,500,177402,,,0,广西,公办,0,0
山东,2025,综合,普通类一段,,广西财经学院,,不限,507,121310,,,0,广西,公办,0,0
山东,2025,综合,普通类一段,,广西财经学院,,物理、化学(2科必选),461,282795,,,0,广西,公办,0,0
山东,2025,综合,普通类一段,,广西财经学院,,物理必选,473,195940,,,0,广西,公办,0,0
山东,2025,综合,普通类一段,,康复大学,,物理、化学(2科必选),561,40841,,,0,山东,公办,0,0
山东,2025,综合,普通类一段,,廊坊师范学院,,不限,506,138286,,,0,河北,公办,0,0
山东,2025,综合,普通类一段,,廊坊师范学院,,历史必选,541,98275,,,0,河北,公办,0,0
山东,2025,综合,普通类一段,,延安大学,,不限,520,119781,,,0,陕西,公办,0,0
山东,2025,综合,普通类一段,,延安大学,,物化生(3科必选),505,79669,,,0,陕西,公办,0,0
山东,2025,综合,普通类一段,,延安大学,,物理、化学(2科必选),506,82928,,,0,陕西,公办,0,0
山东,2025,综合,普通类一段,,延安大学,,物理必选,509,165966,,,0,陕西,公办,0,0
山东,2025,综合,普通类一段,,延边大学,,不限,565,22274,,,0,吉林,公办,0,1
山东,2025,综合,普通类一段,,延边大学,,地理必选,580,42384,,,0,吉林,公办,0,1
山东,2025,综合,普通类一段,,延边大学,,物理、化学(2科必选),543,25300,,,0,吉林,公办,0,1
山东,2025,综合,普通类一段,,延边大学,,物理、生物(2科必选),578,43992,,,0,吉林,公办,0,1
山东,2025,综合,普通类一段,,延边大学,,生物必选,567,57394,,,0,吉林,公办,0,1
山东,2025,综合,普通类一段,,张家口学院,,物理、化学(2科必选),478,240216,,,0,河北,公办,0,0
山东,2025,综合,普通类一段,,徐州医科大学,,化学必选,558,69917,,,0,江苏,公办,0,0
山东,2025,综合,普通类一段,,徐州医科大学,,物理、化学(2科必选),555,25089,,,0,江苏,公办,0,0
山东,2025,综合,普通类一段,,徐州工程学院,,不限,512,87472,,,0,江苏,公办,0,0
山东,2025,综合,普通类一段,,徐州工程学院,,物理、化学(2科必选),481,148927,,,0,江苏,公办,0,0
山东,2025,综合,普通类一段,,徐州工程学院,,物理必选,518,143737,,,0,江苏,公办,0,0
山东,2025,综合,普通类一段,,德州学院,,不限,503,105823,,,0,山东,公办,0,0
山东,2025,综合,普通类一段,,德州学院,,地理必选,511,155784,,,0,山东,公办,0,0
山东,2025,综合,普通类一段,,德州学院,,思想政治必选,522,136391,,,0,山东,公办,0,0
山东,2025,综合,普通类一段,,德州学院,,物理、化学(2科必选),449,176042,,,0,山东,公办,0,0
山东,2025,综合,普通类一段,,德州学院,,物理必选,482,230311,,,0,山东,公办,0,0
山东,2025,综合,普通类一段,,德州学院,,生物必选,517,145970,,,0,山东,公办,0,0
山东,2025,综合,普通类一段,,忻州师范学院,,不限,505,110300,,,0,山西,公办,0,0
山东,2025,综合,普通类一段,,忻州师范学院,,历史必选,513,135822,,,0,山西,公办,0,0
山东,2025,综合,普通类一段,,忻州师范学院,,地理必选,513,154237,,,0,山西,公办,0,0
山东,2025,综合,普通类一段,,忻州师范学院,,思想政治必选,516,148484,,,0,山西,公办,0,0
山东,2025,综合,普通类一段,,忻州师范学院,,物化生(3科必选),465,272359,,,0,山西,公办,0,0
山东,2025,综合,普通类一段,,忻州师范学院,,物理、化学(2科必选),466,226234,,,0,山西,公办,0,0
山东,2025,综合,普通类一段,,忻州师范学院,,物理必选,480,236056,,,0,山西,公办,0,0
山东,2025,综合,普通类一段,,怀化学院,,不限,507,139796,,,0,湖南,公办,0,0
山东,2025,综合,普通类一段,,怀化学院,,物理、化学(2科必选),473,178368,,,0,湖南,公办,0,0
山东,2025,综合,普通类一段,,惠州学院,,不限,501,154412,,,0,广东,公办,0,0
山东,2025,综合,普通类一段,,惠州学院,,地理必选,521,138838,,,0,广东,公办,0,0
山东,2025,综合,普通类一段,,成都东软学院,,不限,489,196775,,,0,四川,民办,0,0
山东,2025,综合,普通类一段,,成都东软学院,,物理、化学(2科必选),454,279929,,,0,四川,民办,0,0
山东,2025,综合,普通类一段,,成都东软学院,,物理必选,450,280976,,,0,四川,民办,0,0
山东,2025,综合,普通类一段,,成都中医药大学,,不限,539,14192,,,0,四川,公办,0,0
山东,2025,综合,普通类一段,,成都中医药大学,,化学必选,560,67044,,,0,四川,公办,0,0
山东,2025,综合,普通类一段,,成都中医药大学,,物理、化学(2科必选),526,27249,,,0,四川,公办,0,0
山东,2025,综合,普通类一段,,成都体育学院,,不限,507,76794,,,0,四川,公办,0,0
山东,2025,综合,普通类一段,,成都体育学院,,物理、化学(2科必选),510,162481,,,0,四川,公办,0,0
山东,2025,综合,普通类一段,,成都信息工程大学,,不限,521,44637,,,0,四川,公办,0,0
山东,2025,综合,普通类一段,,成都信息工程大学,,物理、化学(2科必选),540,34060,,,0,四川,公办,0,0
山东,2025,综合,普通类一段,,成都信息工程大学,,物理必选,527,72039,,,0,四川,公办,0,0
山东,2025,综合,普通类一段,,成都医学院,,物理、化学(2科必选),564,60726,,,0,四川,公办,0,0
山东,2025,综合,普通类一段,,成都外国语学院,,不限,484,186677,,,0,四川,民办,0,0
山东,2025,综合,普通类一段,,成都大学,,不限,547,52650,,,0,四川,公办,0,0
山东,2025,综合,普通类一段,,成都大学,,物理、化学(2科必选),531,70607,,,0,四川,公办,0,0
山东,2025,综合,普通类一段,,成都大学,,物理必选,544,92818,,,0,四川,公办,0,0
山东,2025,综合,普通类一段,,成都工业学院,,物理、化学(2科必选),528,97975,,,0,四川,公办,0,0
山东,2025,综合,普通类一段,,成都工业学院,,物理必选,514,152898,,,0,四川,公办,0,0
山东,2025,综合,普通类一段,,成都师范学院,,不限,526,113626,,,0,四川,公办,0,0
山东,2025,综合,普通类一段,,成都师范学院,,物理、化学(2科必选),502,157505,,,0,四川,公办,0,0
山东,2025,综合,普通类一段,,成都理工大学,,不限,559,27137,,,0,四川,公办,0,0
山东,2025,综合,普通类一段,,成都理工大学,,思想政治必选,590,32405,,,0,四川,公办,0,0
山东,2025,综合,普通类一段,,成都理工大学,,物理、化学(2科必选),553,25483,,,0,四川,公办,0,0
山东,2025,综合,普通类一段,,成都理工大学,,物理必选,569,54604,,,0,四川,公办,0,0
山东,2025,综合,普通类一段,,成都理工大学工程技术学院,,不限,496,189163,,,0,四川,民办,0,0
山东,2025,综合,普通类一段,,成都理工大学工程技术学院,,物理、化学(2科必选),464,254659,,,0,四川,民办,0,0
山东,2025,综合,普通类一段,,成都银杏酒店管理学院,,不限,486,194724,,,0,四川,民办,0,0
山东,2025,综合,普通类一段,,成都银杏酒店管理学院,,物理、生物(2科必选),460,284953,,,0,四川,民办,0,0
山东,2025,综合,普通类一段,,成都锦城学院,,不限,493,163553,,,0,四川,民办,0,0
山东,2025,综合,普通类一段,,成都锦城学院,,物理、化学(2科必选),453,271373,,,0,四川,民办,0,0
山东,2025,综合,普通类一段,,成都锦城学院,,物理必选,452,264520,,,0,四川,民办,0,0
山东,2025,综合,普通类一段,,扬州大学,,不限,575,17928,,,0,江苏,公办,0,0
山东,2025,综合,普通类一段,,扬州大学,,物理、化学(2科必选),544,25831,,,0,江苏,公办,0,0
山东,2025,综合,普通类一段,,扬州大学,,物理必选,565,60361,,,0,江苏,公办,0,0
山东,2025,综合,普通类一段,,扬州大学广陵学院,,不限,499,183715,,,0,江苏,民办,0,0
山东,2025,综合,普通类一段,,扬州大学广陵学院,,物理、化学(2科必选),475,246044,,,0,江苏,民办,0,0
山东,2025,综合,普通类一段,,承德医学院,,物理、化学(2科必选),489,80069,,,0,河北,公办,0,0
山东,2025,综合,普通类一段,,承德医学院,,生物必选,541,98225,,,0,河北,公办,0,0
山东,2025,综合,普通类一段,,拉萨师范学院,,思想政治必选,501,184135,,,0,西藏,公办,0,0
山东,2025,综合,普通类一段,,攀枝花学院,,不限,515,151490,,,0,四川,公办,0,0
山东,2025,综合,普通类一段,,攀枝花学院,,物理、化学(2科必选),468,265254,,,0,四川,公办,0,0
山东,2025,综合,普通类一段,,文华学院,,不限,482,184193,,,0,湖北,民办,0,0
山东,2025,综合,普通类一段,,文华学院,,物理、化学(2科必选),444,257705,,,0,湖北,民办,0,0
山东,2025,综合,普通类一段,,文华学院,,物理必选,447,294070,,,0,湖北,民办,0,0
山东,2025,综合,普通类一段,,文山学院,,物理、化学(2科必选),465,267397,,,0,云南,公办,0,0
山东,2025,综合,普通类一段,,新乡学院,,不限,503,132515,,,0,河南,公办,0,0
山东,2025,综合,普通类一段,,新乡学院,,物理、化学(2科必选),468,219536,,,0,河南,公办,0,0
山东,2025,综合,普通类一段,,新乡学院,,物理必选,478,239714,,,0,河南,公办,0,0
山东,2025,综合,普通类一段,,新余学院,,不限,505,136211,,,0,江西,公办,0,0
山东,2025,综合,普通类一段,,新余学院,,物理、化学(2科必选),465,140008,,,0,江西,公办,0,0
山东,2025,综合,普通类一段,,新余学院,,物理必选,490,203211,,,0,江西,公办,0,0
山东,2025,综合,普通类一段,,新余学院,,生物必选,517,147069,,,0,江西,公办,0,0
山东,2025,综合,普通类一段,,新疆交通职业技术大学,,不限,500,186808,,,0,新疆,公办,0,0
山东,2025,综合,普通类一段,,新疆交通职业技术大学,,物理必选,470,257767,,,0,新疆,公办,0,0
山东,2025,综合,普通类一段,,新疆农业大学,,不限,502,107703,,,0,新疆,公办,0,0
山东,2025,综合,普通类一段,,新疆农业大学,,物理、化学(2科必选),458,171340,,,0,新疆,公办,0,0
山东,2025,综合,普通类一段,,新疆农业大学,,物理必选,474,222261,,,0,新疆,公办,0,0
山东,2025,综合,普通类一段,,新疆农业职业技术大学,,物理必选,467,239955,,,0,新疆,公办,0,0
山东,2025,综合,普通类一段,,新疆医科大学,,不限,513,86007,,,0,新疆,公办,0,0
山东,2025,综合,普通类一段,,新疆医科大学,,化学、生物(2科必选),482,231284,,,0,新疆,公办,0,0
山东,2025,综合,普通类一段,,新疆医科大学,,物化生(3科必选),484,33259,,,0,新疆,公办,0,0
山东,2025,综合,普通类一段,,新疆医科大学,,物理、化学(2科必选),483,81448,,,0,新疆,公办,0,0
山东,2025,综合,普通类一段,,新疆和田学院,,不限,500,166520,,,0,新疆,公办,0,0
山东,2025,综合,普通类一段,,新疆和田学院,,化学必选,495,197229,,,0,新疆,公办,0,0
山东,2025,综合,普通类一段,,新疆和田学院,,思想政治必选,506,171566,,,0,新疆,公办,0,0
山东,2025,综合,普通类一段,,新疆和田学院,,物理、化学(2科必选),461,242273,,,0,新疆,公办,0,0
山东,2025,综合,普通类一段,,新疆大学,,不限,563,27732,,,0,新疆,公办,0,1
山东,2025,综合,普通类一段,,新疆大学,,地理必选,569,34192,,,0,新疆,公办,0,1
山东,2025,综合,普通类一段,,新疆大学,,思想政治必选,575,32728,,,0,新疆,公办,0,1
山东,2025,综合,普通类一段,,新疆大学,,物理、化学(2科必选),546,25559,,,0,新疆,公办,0,1
山东,2025,综合,普通类一段,,新疆大学,,物理必选,550,57155,,,0,新疆,公办,0,1
山东,2025,综合,普通类一段,,新疆天山职业技术大学,,不限,479,196315,,,0,新疆,民办,0,0
山东,2025,综合,普通类一段,,新疆天山职业技术大学,,物理必选,441,296827,,,0,新疆,民办,0,0
山东,2025,综合,普通类一段,,新疆工业学院,,不限,501,184917,,,0,新疆,公办,0,0
山东,2025,综合,普通类一段,,新疆工业学院,,物理、化学(2科必选),460,244778,,,0,新疆,公办,0,0
山东,2025,综合,普通类一段,,新疆工业学院,,物理必选,473,252965,,,0,新疆,公办,0,0
山东,2025,综合,普通类一段,,新疆工程学院,,不限,505,174295,,,0,新疆,公办,0,0
山东,2025,综合,普通类一段,,新疆工程学院,,物理、化学(2科必选),462,212796,,,0,新疆,公办,0,0
山东,2025,综合,普通类一段,,新疆工程学院,,物理必选,468,266027,,,0,新疆,公办,0,0
山东,2025,综合,普通类一段,,新疆师范大学,,不限,507,86132,,,0,新疆,公办,0,0
山东,2025,综合,普通类一段,,新疆师范大学,,历史必选,509,165061,,,0,新疆,公办,0,0
山东,2025,综合,普通类一段,,新疆师范大学,,地理必选,520,122778,,,0,新疆,公办,0,0
山东,2025,综合,普通类一段,,新疆师范大学,,思想政治必选,522,105912,,,0,新疆,公办,0,0
山东,2025,综合,普通类一段,,新疆师范大学,,物理、化学(2科必选),464,183163,,,0,新疆,公办,0,0
山东,2025,综合,普通类一段,,新疆师范大学,,物理必选,481,205267,,,0,新疆,公办,0,0
山东,2025,综合,普通类一段,,新疆政法学院,,不限,502,123030,,,0,新疆,公办,0,0
山东,2025,综合,普通类一段,,新疆政法学院,,历史必选,507,169198,,,0,新疆,公办,0,0
山东,2025,综合,普通类一段,,新疆政法学院,,思想政治必选,511,143003,,,0,新疆,公办,0,0
山东,2025,综合,普通类一段,,新疆政法学院,,物理、化学(2科必选),467,252760,,,0,新疆,公办,0,0
山东,2025,综合,普通类一段,,新疆政法学院,,物理必选,473,252040,,,0,新疆,公办,0,0
山东,2025,综合,普通类一段,,新疆理工学院,,不限,501,129755,,,0,新疆,公办,0,0
山东,2025,综合,普通类一段,,新疆理工学院,,物理、化学(2科必选),461,239896,,,0,新疆,公办,0,0
山东,2025,综合,普通类一段,,新疆理工学院,,物理必选,469,247548,,,0,新疆,公办,0,0
山东,2025,综合,普通类一段,,新疆科技学院,,不限,501,181914,,,0,新疆,公办,0,0
山东,2025,综合,普通类一段,,新疆科技学院,,思想政治必选,501,183275,,,0,新疆,公办,0,0
山东,2025,综合,普通类一段,,新疆科技学院,,物理、化学(2科必选),461,248129,,,0,新疆,公办,0,0
山东,2025,综合,普通类一段,,新疆科技学院,,物理必选,474,232774,,,0,新疆,公办,0,0
山东,2025,综合,普通类一段,,新疆科技学院,,生物必选,508,167158,,,0,新疆,公办,0,0
山东,2025,综合,普通类一段,,新疆第二医学院,,化学、生物(2科必选),491,207472,,,0,新疆,公办,0,0
山东,2025,综合,普通类一段,,新疆第二医学院,,史生政(3科必选),502,181791,,,0,新疆,公办,0,0
山东,2025,综合,普通类一段,,新疆第二医学院,,物化生(3科必选),469,120234,,,0,新疆,公办,0,0
山东,2025,综合,普通类一段,,新疆第二医学院,,物理、化学(2科必选),487,218447,,,0,新疆,公办,0,0
山东,2025,综合,普通类一段,,新疆第二医学院,,物生政(3科必选),475,248438,,,0,新疆,公办,0,0
山东,2025,综合,普通类一段,,新疆艺术学院,,不限,499,187379,,,0,新疆,公办,0,0
山东,2025,综合,普通类一段,,新疆警察学院,,不限,532,114303,,,0,新疆,公办,0,0
山东,2025,综合,普通类一段,,新疆警察学院,,物理、化学(2科必选),478,222398,,,0,新疆,公办,0,0
山东,2025,综合,普通类一段,,新疆财经大学,,不限,503,100013,,,0,新疆,公办,0,0
山东,2025,综合,普通类一段,,新疆财经大学,,历史、思想政治(2科必选),518,115344,,,0,新疆,公办,0,0
山东,2025,综合,普通类一段,,新疆财经大学,,思想政治必选,509,102018,,,0,新疆,公办,0,0
山东,2025,综合,普通类一段,,新疆财经大学,,物理、化学(2科必选),484,168553,,,0,新疆,公办,0,0
山东,2025,综合,普通类一段,,新疆财经大学,,物理必选,471,176409,,,0,新疆,公办,0,0
山东,2025,综合,普通类一段,,无锡太湖学院,,不限,497,181865,,,0,江苏,民办,0,0
山东,2025,综合,普通类一段,,无锡太湖学院,,物理、化学(2科必选),461,280343,,,0,江苏,民办,0,0
山东,2025,综合,普通类一段,,无锡太湖学院,,生物必选,482,230965,,,0,江苏,民办,0,0
山东,2025,综合,普通类一段,,无锡学院,,不限,556,66986,,,0,江苏,公办,0,0
山东,2025,综合,普通类一段,,无锡学院,,物理、化学(2科必选),532,90486,,,0,江苏,公办,0,0
山东,2025,综合,普通类一段,,昆明医科大学,,化学必选,490,210156,,,0,云南,公办,0,0
山东,2025,综合,普通类一段,,昆明医科大学,,物理、化学(2科必选),520,36458,,,0,云南,公办,0,0
山东,2025,综合,普通类一段,,昆明医科大学海源学院,,物理、化学(2科必选),495,114554,,,0,云南,民办,0,0
山东,2025,综合,普通类一段,,昆明学院,,不限,504,156328,,,0,云南,公办,0,0
山东,2025,综合,普通类一段,,昆明学院,,历史必选,533,113567,,,0,云南,公办,0,0
山东,2025,综合,普通类一段,,昆明学院,,思想政治必选,512,144585,,,0,云南,公办,0,0
山东,2025,综合,普通类一段,,昆明学院,,物化生(3科必选),493,202550,,,0,云南,公办,0,0
山东,2025,综合,普通类一段,,昆明学院,,物理、化学(2科必选),471,119979,,,0,云南,公办,0,0
山东,2025,综合,普通类一段,,昆明学院,,物理必选,499,145670,,,0,云南,公办,0,0
山东,2025,综合,普通类一段,,昆明理工大学,,不限,547,37499,,,0,云南,公办,0,0
山东,2025,综合,普通类一段,,昆明理工大学,,化学、生物(2科必选),533,113640,,,0,云南,公办,0,0
山东,2025,综合,普通类一段,,昆明理工大学,,历史、地理(2科必选),535,109814,,,0,云南,公办,0,0
山东,2025,综合,普通类一段,,昆明理工大学,,地理必选,544,93253,,,0,云南,公办,0,0
山东,2025,综合,普通类一段,,昆明理工大学,,物化生(3科必选),566,51672,,,0,云南,公办,0,0
山东,2025,综合,普通类一段,,昆明理工大学,,物理、化学(2科必选),476,35635,,,0,云南,公办,0,0
山东,2025,综合,普通类一段,,昆明理工大学,,物理必选,470,73404,,,0,云南,公办,0,0
山东,2025,综合,普通类一段,,昆明理工大学津桥学院,,不限,483,193356,,,0,云南,民办,0,0
山东,2025,综合,普通类一段,,昆明理工大学津桥学院,,物理、化学(2科必选),441,292517,,,0,云南,民办,0,0
山东,2025,综合,普通类一段,,昌吉学院,,不限,501,153194,,,0,新疆,公办,0,0
山东,2025,综合,普通类一段,,昌吉学院,,思想政治必选,510,163600,,,0,新疆,公办,0,0
山东,2025,综合,普通类一段,,昌吉学院,,物理、化学(2科必选),464,243276,,,0,新疆,公办,0,0
山东,2025,综合,普通类一段,,昌吉学院,,物理必选,465,244938,,,0,新疆,公办,0,0
山东,2025,综合,普通类一段,,星海音乐学院,,不限,541,98041,,,0,广东,公办,0,0
山东,2025,综合,普通类一段,,晋中信息学院,,不限,494,184168,,,0,山西,民办,0,0
山东,2025,综合,普通类一段,,晋中信息学院,,物理、化学(2科必选),462,262331,,,0,山西,民办,0,0
山东,2025,综合,普通类一段,,晋中信息学院,,物理必选,467,268108,,,0,山西,民办,0,0
山东,2025,综合,普通类一段,,晋中学院,,不限,502,138858,,,0,山西,公办,0,0
山东,2025,综合,普通类一段,,晋中学院,,物理、化学(2科必选),467,238008,,,0,山西,公办,0,0
山东,2025,综合,普通类一段,,普洱学院,,不限,524,132103,,,0,云南,公办,0,0
山东,2025,综合,普通类一段,,普洱学院,,物理、化学(2科必选),464,269947,,,0,云南,公办,0,0
山东,2025,综合,普通类一段,,景德镇学院,,不限,523,134280,,,0,江西,公办,0,0
山东,2025,综合,普通类一段,,景德镇学院,,历史必选,521,136900,,,0,江西,公办,0,0
山东,2025,综合,普通类一段,,景德镇学院,,物理、化学(2科必选),477,242968,,,0,江西,公办,0,0
山东,2025,综合,普通类一段,,景德镇陶瓷大学,,不限,519,63067,,,0,江西,公办,0,0
山东,2025,综合,普通类一段,,景德镇陶瓷大学,,化学必选,548,84742,,,0,江西,公办,0,0
山东,2025,综合,普通类一段,,景德镇陶瓷大学,,历史必选,554,55093,,,0,江西,公办,0,0
山东,2025,综合,普通类一段,,景德镇陶瓷大学,,物理、化学(2科必选),504,97367,,,0,江西,公办,0,0
山东,2025,综合,普通类一段,,暨南大学,,不限,588,13194,,,0,广东,公办,0,1
山东,2025,综合,普通类一段,,暨南大学,,思想政治必选,601,23500,,,0,广东,公办,0,1
山东,2025,综合,普通类一段,,暨南大学,,物理、化学(2科必选),582,13372,,,0,广东,公办,0,1
山东,2025,综合,普通类一段,,暨南大学,,物理必选,581,25169,,,0,广东,公办,0,1
山东,2025,综合,普通类一段,,曲阜师范大学,,不限,526,45503,,,0,山东,公办,0,0
山东,2025,综合,普通类一段,,曲阜师范大学,,地理必选,549,84461,,,0,山东,公办,0,0
山东,2025,综合,普通类一段,,曲阜师范大学,,思想政治必选,550,57753,,,0,山东,公办,0,0
山东,2025,综合,普通类一段,,曲阜师范大学,,物理、化学(2科必选),441,88415,,,0,山东,公办,0,0
山东,2025,综合,普通类一段,,曲阜师范大学,,物理必选,505,144105,,,0,山东,公办,0,0
山东,2025,综合,普通类一段,,曲靖师范学院,,不限,509,135947,,,0,云南,公办,0,0
山东,2025,综合,普通类一段,,曲靖师范学院,,物理、化学(2科必选),467,257484,,,0,云南,公办,0,0
山东,2025,综合,普通类一段,,曲靖师范学院,,物理必选,489,212617,,,0,云南,公办,0,0
山东,2025,综合,普通类一段,,杭州师范大学,,不限,549,84532,,,0,浙江,公办,0,0
山东,2025,综合,普通类一段,,杭州师范大学,,化学必选,541,96844,,,0,浙江,公办,0,0
山东,2025,综合,普通类一段,,杭州师范大学,,物理、化学(2科必选),543,35840,,,0,浙江,公办,0,0
山东,2025,综合,普通类一段,,杭州师范大学,,物理必选,538,55260,,,0,浙江,公办,0,0
山东,2025,综合,普通类一段,,杭州电子科技大学,,不限,578,38377,,,0,浙江,公办,0,0
山东,2025,综合,普通类一段,,杭州电子科技大学,,物理、化学(2科必选),590,17325,,,0,浙江,公办,0,0
山东,2025,综合,普通类一段,,杭州电子科技大学,,物理必选,581,37921,,,0,浙江,公办,0,0
山东,2025,综合,普通类一段,,枣庄学院,,不限,503,125534,,,0,山东,公办,0,0
山东,2025,综合,普通类一段,,枣庄学院,,历史必选,517,147492,,,0,山东,公办,0,0
山东,2025,综合,普通类一段,,枣庄学院,,地理必选,515,152061,,,0,山东,公办,0,0
山东,2025,综合,普通类一段,,枣庄学院,,思想政治必选,520,140485,,,0,山东,公办,0,0
山东,2025,综合,普通类一段,,枣庄学院,,物化生(3科必选),472,255825,,,0,山东,公办,0,0
山东,2025,综合,普通类一段,,枣庄学院,,物理、化学(2科必选),450,200675,,,0,山东,公办,0,0
山东,2025,综合,普通类一段,,枣庄学院,,物理必选,478,214959,,,0,山东,公办,0,0
山东,2025,综合,普通类一段,,桂林信息科技学院,,不限,478,218253,,,0,广西,民办,0,0
山东,2025,综合,普通类一段,,桂林信息科技学院,,物理、化学(2科必选),442,317081,,,0,广西,民办,0,0
山东,2025,综合,普通类一段,,桂林医科大学,,物理、化学(2科必选),448,66096,,,0,广西,公办,0,0
山东,2025,综合,普通类一段,,桂林学院,,不限,475,184940,,,0,广西,民办,0,0
山东,2025,综合,普通类一段,,桂林学院,,物理、化学(2科必选),442,307161,,,0,广西,民办,0,0
山东,2025,综合,普通类一段,,桂林学院,,物理必选,446,321717,,,0,广西,民办,0,0
山东,2025,综合,普通类一段,,桂林师范学院,,不限,502,168615,,,0,广西,公办,0,0
山东,2025,综合,普通类一段,,桂林旅游学院,,不限,491,208294,,,0,广西,公办,0,0
山东,2025,综合,普通类一段,,桂林旅游学院,,物理、化学(2科必选),445,323444,,,0,广西,公办,0,0
山东,2025,综合,普通类一段,,桂林理工大学,,不限,506,124639,,,0,广西,公办,0,0
山东,2025,综合,普通类一段,,桂林理工大学,,物理、化学(2科必选),483,86936,,,0,广西,公办,0,0
山东,2025,综合,普通类一段,,桂林理工大学,,物理、地理(2科必选),520,139559,,,0,广西,公办,0,0
山东,2025,综合,普通类一段,,桂林电子科技大学,,不限,505,60124,,,0,广西,公办,0,0
山东,2025,综合,普通类一段,,桂林电子科技大学,,物理、化学(2科必选),518,26514,,,0,广西,公办,0,0
山东,2025,综合,普通类一段,,桂林电子科技大学,,物理必选,534,87706,,,0,广西,公办,0,0
山东,2025,综合,普通类一段,,桂林航天工业学院,,不限,504,146394,,,0,广西,公办,0,0
山东,2025,综合,普通类一段,,桂林航天工业学院,,物理、化学(2科必选),468,143747,,,0,广西,公办,0,0
山东,2025,综合,普通类一段,,桂林航天工业学院,,物理必选,488,215191,,,0,广西,公办,0,0
山东,2025,综合,普通类一段,,梧州学院,,不限,502,146361,,,0,广西,公办,0,0
山东,2025,综合,普通类一段,,梧州学院,,思想政治必选,511,159801,,,0,广西,公办,0,0
山东,2025,综合,普通类一段,,梧州学院,,物理、化学(2科必选),468,93439,,,0,广西,公办,0,0
山东,2025,综合,普通类一段,,楚雄师范学院,,物理、化学(2科必选),463,219934,,,0,云南,公办,0,0
山东,2025,综合,普通类一段,,榆林学院,,不限,509,145178,,,0,陕西,公办,0,0
山东,2025,综合,普通类一段,,榆林学院,,物理、化学(2科必选),457,207300,,,0,陕西,公办,0,0
山东,2025,综合,普通类一段,,武夷学院,,不限,505,113658,,,0,福建,公办,0,0
山东,2025,综合,普通类一段,,武夷学院,,物理、化学(2科必选),476,154624,,,0,福建,公办,0,0
山东,2025,综合,普通类一段,,武夷学院,,物理必选,475,248824,,,0,福建,公办,0,0
山东,2025,综合,普通类一段,,武昌工学院,,不限,481,201659,,,0,湖北,民办,0,0
山东,2025,综合,普通类一段,,武昌工学院,,物理、化学(2科必选),453,289913,,,0,湖北,民办,0,0
山东,2025,综合,普通类一段,,武昌工学院,,物理必选,442,329654,,,0,湖北,民办,0,0
山东,2025,综合,普通类一段,,武昌理工学院,,不限,483,170149,,,0,湖北,民办,0,0
山东,2025,综合,普通类一段,,武昌理工学院,,化学必选,478,240409,,,0,湖北,民办,0,0
山东,2025,综合,普通类一段,,武昌理工学院,,物理、化学(2科必选),446,270992,,,0,湖北,民办,0,0
山东,2025,综合,普通类一段,,武昌理工学院,,物理必选,449,312262,,,0,湖北,民办,0,0
山东,2025,综合,普通类一段,,武昌首义学院,,不限,488,150722,,,0,湖北,民办,0,0
山东,2025,综合,普通类一段,,武昌首义学院,,物理、化学(2科必选),454,250137,,,0,湖北,民办,0,0
山东,2025,综合,普通类一段,,武昌首义学院,,物理必选,447,280653,,,0,湖北,民办,0,0
山东,2025,综合,普通类一段,,武汉东湖学院,,不限,488,162803,,,0,湖北,民办,0,0
山东,2025,综合,普通类一段,,武汉东湖学院,,化学必选,478,240743,,,0,湖北,民办,0,0
山东,2025,综合,普通类一段,,武汉东湖学院,,物理、化学(2科必选),456,253523,,,0,湖北,民办,0,0
山东,2025,综合,普通类一段,,武汉东湖学院,,物理必选,478,240928,,,0,湖北,民办,0,0
山东,2025,综合,普通类一段,,武汉传媒学院,,不限,490,188599,,,0,湖北,民办,0,0
山东,2025,综合,普通类一段,,武汉体育学院,,不限,512,95866,,,0,湖北,公办,0,0
山东,2025,综合,普通类一段,,武汉体育学院,,物理、化学(2科必选),504,135601,,,0,湖北,公办,0,0
山东,2025,综合,普通类一段,,武汉体育学院,,物理必选,493,162088,,,0,湖北,公办,0,0
山东,2025,综合,普通类一段,,武汉体育学院体育科技学院,,不限,494,189637,,,0,湖北,民办,0,0
山东,2025,综合,普通类一段,,武汉华夏理工学院,,不限,486,219824,,,0,湖北,民办,0,0
山东,2025,综合,普通类一段,,武汉华夏理工学院,,物理、化学(2科必选),461,266347,,,0,湖北,民办,0,0
山东,2025,综合,普通类一段,,武汉商学院,,不限,520,119978,,,0,湖北,公办,0,0
山东,2025,综合,普通类一段,,武汉城市学院,,不限,514,152526,,,0,湖北,民办,0,0
山东,2025,综合,普通类一段,,武汉城市学院,,物理、化学(2科必选),477,243716,,,0,湖北,民办,0,0
山东,2025,综合,普通类一段,,武汉城市学院,,物理必选,457,294129,,,0,湖北,民办,0,0
山东,2025,综合,普通类一段,,武汉大学,,不限,648,1737,,,0,湖北,公办,1,1
山东,2025,综合,普通类一段,,武汉大学,,物理、化学(2科必选),647,522,,,0,湖北,公办,1,1
山东,2025,综合,普通类一段,,武汉学院,,不限,496,151309,,,0,湖北,民办,0,0
山东,2025,综合,普通类一段,,武汉学院,,物理必选,462,280717,,,0,湖北,民办,0,0
山东,2025,综合,普通类一段,,武汉工商学院,,不限,485,199309,,,0,湖北,民办,0,0
山东,2025,综合,普通类一段,,武汉工商学院,,物理、化学(2科必选),459,272559,,,0,湖北,民办,0,0
山东,2025,综合,普通类一段,,武汉工商学院,,物理必选,456,252982,,,0,湖北,民办,0,0
山东,2025,综合,普通类一段,,武汉工程大学,,不限,577,31882,,,0,湖北,公办,0,0
山东,2025,综合,普通类一段,,武汉工程大学,,物理、化学(2科必选),516,35295,,,0,湖北,公办,0,0
山东,2025,综合,普通类一段,,武汉工程大学,,物理必选,541,52314,,,0,湖北,公办,0,0
山东,2025,综合,普通类一段,,武汉工程大学邮电与信息工程学院,,物理、化学(2科必选),449,282983,,,0,湖北,民办,0,0
山东,2025,综合,普通类一段,,武汉工程科技学院,,物理、化学(2科必选),453,289968,,,0,湖北,民办,0,0
山东,2025,综合,普通类一段,,武汉晴川学院,,不限,488,210032,,,0,湖北,民办,0,0
山东,2025,综合,普通类一段,,武汉理工大学,,不限,594,20145,,,0,湖北,公办,0,1
山东,2025,综合,普通类一段,,武汉理工大学,,思想政治必选,605,21652,,,0,湖北,公办,0,1
山东,2025,综合,普通类一段,,武汉理工大学,,物理、化学(2科必选),575,11420,,,0,湖北,公办,0,1
山东,2025,综合,普通类一段,,武汉生物工程学院,,不限,493,195421,,,0,湖北,民办,0,0
山东,2025,综合,普通类一段,,武汉生物工程学院,,化学必选,477,242185,,,0,湖北,民办,0,0
山东,2025,综合,普通类一段,,武汉生物工程学院,,物理、化学(2科必选),461,273159,,,0,湖北,民办,0,0
山东,2025,综合,普通类一段,,武汉科技大学,,不限,578,43829,,,0,湖北,公办,0,0
山东,2025,综合,普通类一段,,武汉科技大学,,历史、思想政治(2科必选),577,45786,,,0,湖北,公办,0,0
山东,2025,综合,普通类一段,,武汉科技大学,,物理、化学(2科必选),533,27642,,,0,湖北,公办,0,0
山东,2025,综合,普通类一段,,武汉科技大学,,物理必选,570,53842,,,0,湖北,公办,0,0
山东,2025,综合,普通类一段,,武汉纺织大学,,不限,537,105761,,,0,湖北,公办,0,0
山东,2025,综合,普通类一段,,武汉纺织大学,,物理、化学(2科必选),526,73625,,,0,湖北,公办,0,0
山东,2025,综合,普通类一段,,武汉纺织大学,,物理必选,541,96916,,,0,湖北,公办,0,0
山东,2025,综合,普通类一段,,武汉纺织大学外经贸学院,,不限,491,202256,,,0,湖北,民办,0,0
山东,2025,综合,普通类一段,,武汉纺织大学外经贸学院,,物理、化学(2科必选),443,327117,,,0,湖北,民办,0,0
山东,2025,综合,普通类一段,,武汉纺织大学外经贸学院,,物理必选,468,264793,,,0,湖北,民办,0,0
山东,2025,综合,普通类一段,,武汉轻工大学,,不限,522,60274,,,0,湖北,公办,0,0
山东,2025,综合,普通类一段,,武汉轻工大学,,物理、化学(2科必选),483,55357,,,0,湖北,公办,0,0
山东,2025,综合,普通类一段,,武汉轻工大学,,物理必选,480,234762,,,0,湖北,公办,0,0
山东,2025,综合,普通类一段,,民政职业大学,,不限,520,113472,,,0,北京,公办,0,0
山东,2025,综合,普通类一段,,民政职业大学,,物理必选,491,207760,,,0,北京,公办,0,0
山东,2025,综合,普通类一段,,汉口学院,,不限,473,187460,,,0,湖北,民办,0,0
山东,2025,综合,普通类一段,,汉口学院,,物理、化学(2科必选),444,310117,,,0,湖北,民办,0,0
山东,2025,综合,普通类一段,,汉江师范学院,,思想政治必选,519,141939,,,0,湖北,公办,0,0
山东,2025,综合,普通类一段,,汉江师范学院,,物理、化学(2科必选),479,224680,,,0,湖北,公办,0,0
山东,2025,综合,普通类一段,,汕头大学,,不限,572,27193,,,0,广东,公办,0,0
山东,2025,综合,普通类一段,,汕头大学,,物理、化学(2科必选),531,13317,,,0,广东,公办,0,0
山东,2025,综合,普通类一段,,汕头大学,,物理必选,565,59474,,,0,广东,公办,0,0
山东,2025,综合,普通类一段,,江南大学,,不限,580,15841,,,0,江苏,公办,0,1
山东,2025,综合,普通类一段,,江南大学,,思想政治必选,607,20200,,,0,江苏,公办,0,1
山东,2025,综合,普通类一段,,江南大学,,物理、化学(2科必选),582,12360,,,0,江苏,公办,0,1
山东,2025,综合,普通类一段,,江南大学,,物理必选,573,22547,,,0,江苏,公办,0,1
山东,2025,综合,普通类一段,,江汉大学,,不限,548,61435,,,0,湖北,公办,0,0
山东,2025,综合,普通类一段,,江汉大学,,物理、化学(2科必选),508,83105,,,0,湖北,公办,0,0
山东,2025,综合,普通类一段,,江苏大学,,不限,579,21578,,,0,江苏,公办,0,0
山东,2025,综合,普通类一段,,江苏大学,,物理、化学(2科必选),567,20409,,,0,江苏,公办,0,0
山东,2025,综合,普通类一段,,江苏大学,,物理必选,581,39827,,,0,江苏,公办,0,0
山东,2025,综合,普通类一段,,江苏大学京江学院,,不限,498,187001,,,0,江苏,民办,0,0
山东,2025,综合,普通类一段,,江苏大学京江学院,,物理、化学(2科必选),453,78345,,,0,江苏,民办,0,0
山东,2025,综合,普通类一段,,江苏大学京江学院,,物理必选,474,250216,,,0,江苏,民办,0,0
山东,2025,综合,普通类一段,,江苏大学京江学院,,生物必选,509,164529,,,0,江苏,民办,0,0
山东,2025,综合,普通类一段,,江苏师范大学,,不限,543,26644,,,0,江苏,公办,0,0
山东,2025,综合,普通类一段,,江苏师范大学,,历史必选,585,37387,,,0,江苏,公办,0,0
山东,2025,综合,普通类一段,,江苏师范大学,,地理必选,579,40193,,,0,江苏,公办,0,0
山东,2025,综合,普通类一段,,江苏师范大学,,思想政治必选,589,33757,,,0,江苏,公办,0,0
山东,2025,综合,普通类一段,,江苏师范大学,,物理、化学(2科必选),509,46679,,,0,江苏,公办,0,0
山东,2025,综合,普通类一段,,江苏师范大学,,物理必选,526,69039,,,0,江苏,公办,0,0
山东,2025,综合,普通类一段,,江苏师范大学科文学院,,不限,495,165877,,,0,江苏,民办,0,0
山东,2025,综合,普通类一段,,江苏师范大学科文学院,,物理、化学(2科必选),462,279936,,,0,江苏,民办,0,0
山东,2025,综合,普通类一段,,江苏师范大学科文学院,,物理必选,451,307899,,,0,江苏,民办,0,0
山东,2025,综合,普通类一段,,江苏海洋大学,,不限,540,78269,,,0,江苏,公办,0,0
山东,2025,综合,普通类一段,,江苏海洋大学,,物理、化学(2科必选),502,71443,,,0,江苏,公办,0,0
山东,2025,综合,普通类一段,,江苏理工学院,,不限,522,77414,,,0,江苏,公办,0,0
山东,2025,综合,普通类一段,,江苏理工学院,,物理、化学(2科必选),466,101304,,,0,江苏,公办,0,0
山东,2025,综合,普通类一段,,江苏科技大学,,不限,549,63106,,,0,江苏,公办,0,0
山东,2025,综合,普通类一段,,江苏科技大学,,物理、化学(2科必选),519,32966,,,0,江苏,公办,0,0
山东,2025,综合,普通类一段,,江苏科技大学,,物理必选,565,60437,,,0,江苏,公办,0,0
山东,2025,综合,普通类一段,,江苏科技大学苏州理工学院,,不限,514,153472,,,0,江苏,民办,0,0
山东,2025,综合,普通类一段,,江苏科技大学苏州理工学院,,物理、化学(2科必选),470,214532,,,0,江苏,民办,0,0
山东,2025,综合,普通类一段,,江苏第二师范学院,,不限,548,62733,,,0,江苏,公办,0,0
山东,2025,综合,普通类一段,,江苏第二师范学院,,物理、化学(2科必选),490,203198,,,0,江苏,公办,0,0
山东,2025,综合,普通类一段,,江苏第二师范学院,,物理必选,486,180627,,,0,江苏,公办,0,0
山东,2025,综合,普通类一段,,江西中医药大学,,不限,518,22783,,,0,江西,公办,0,0
山东,2025,综合,普通类一段,,江西中医药大学,,物理、化学(2科必选),494,105869,,,0,江西,公办,0,0
山东,2025,综合,普通类一段,,江西中医药大学,,物理、生物(2科必选),539,101471,,,0,江西,公办,0,0
山东,2025,综合,普通类一段,,江西中医药大学,,生物必选,537,105611,,,0,江西,公办,0,0
山东,2025,综合,普通类一段,,江西农业大学,,不限,525,82224,,,0,江西,公办,0,0
山东,2025,综合,普通类一段,,江西农业大学,,物理、化学(2科必选),488,104764,,,0,江西,公办,0,0
山东,2025,综合,普通类一段,,江西农业大学,,物理必选,513,155997,,,0,江西,公办,0,0
山东,2025,综合,普通类一段,,江西农业大学南昌商学院,,不限,498,184881,,,0,江西,民办,0,0
山东,2025,综合,普通类一段,,江西农业大学南昌商学院,,物理必选,482,229452,,,0,江西,民办,0,0
山东,2025,综合,普通类一段,,江西工程学院,,不限,491,208432,,,0,江西,民办,0,0
山东,2025,综合,普通类一段,,江西工程学院,,物理、化学(2科必选),456,272192,,,0,江西,民办,0,0
山东,2025,综合,普通类一段,,江西师范大学,,不限,534,39587,,,0,江西,公办,0,0
山东,2025,综合,普通类一段,,江西师范大学,,历史、思想政治(2科必选),578,44697,,,0,江西,公办,0,0
山东,2025,综合,普通类一段,,江西师范大学,,地理必选,563,62944,,,0,江西,公办,0,0
山东,2025,综合,普通类一段,,江西师范大学,,物理、化学(2科必选),506,55827,,,0,江西,公办,0,0
山东,2025,综合,普通类一段,,江西师范大学,,物理必选,482,83324,,,0,江西,公办,0,0
山东,2025,综合,普通类一段,,江西师范大学科学技术学院,,物理、化学(2科必选),458,280522,,,0,江西,民办,0,0
山东,2025,综合,普通类一段,,江西师范大学科学技术学院,,物理必选,446,320847,,,0,江西,民办,0,0
山东,2025,综合,普通类一段,,江西应用科技学院,,不限,478,219182,,,0,江西,民办,0,0
山东,2025,综合,普通类一段,,江西应用科技学院,,物理、化学(2科必选),441,327088,,,0,江西,民办,0,0
山东,2025,综合,普通类一段,,江西应用科技学院,,物理必选,458,291891,,,0,江西,民办,0,0
山东,2025,综合,普通类一段,,江西服装学院,,不限,469,222865,,,0,江西,民办,0,0
山东,2025,综合,普通类一段,,江西服装学院,,物理、化学(2科必选),441,300042,,,0,江西,民办,0,0
山东,2025,综合,普通类一段,,江西水利电力大学,,不限,513,134551,,,0,江西,公办,0,0
山东,2025,综合,普通类一段,,江西水利电力大学,,物理、化学(2科必选),465,81036,,,0,江西,公办,0,0
山东,2025,综合,普通类一段,,江西水利电力大学,,物理、生物(2科必选),500,185266,,,0,江西,公办,0,0
山东,2025,综合,普通类一段,,江西水利电力大学,,物理必选,503,151513,,,0,江西,公办,0,0
山东,2025,综合,普通类一段,,江西理工大学,,不限,537,50984,,,0,江西,公办,0,0
山东,2025,综合,普通类一段,,江西理工大学,,历史必选,541,97709,,,0,江西,公办,0,0
山东,2025,综合,普通类一段,,江西理工大学,,地理必选,564,61359,,,0,江西,公办,0,0
山东,2025,综合,普通类一段,,江西理工大学,,物理、化学(2科必选),497,49683,,,0,江西,公办,0,0
山东,2025,综合,普通类一段,,江西理工大学,,物理必选,510,114512,,,0,江西,公办,0,0
山东,2025,综合,普通类一段,,江西科技学院,,不限,487,191134,,,0,江西,民办,0,0
山东,2025,综合,普通类一段,,江西科技学院,,物理、化学(2科必选),442,294120,,,0,江西,民办,0,0
山东,2025,综合,普通类一段,,江西科技师范大学,,不限,493,109732,,,0,江西,公办,0,0
山东,2025,综合,普通类一段,,江西科技师范大学,,历史必选,551,74082,,,0,江西,公办,0,0
山东,2025,综合,普通类一段,,江西科技师范大学,,思想政治必选,545,91145,,,0,江西,公办,0,0
山东,2025,综合,普通类一段,,江西科技师范大学,,物理、化学(2科必选),478,117118,,,0,江西,公办,0,0
山东,2025,综合,普通类一段,,江西科技师范大学,,物理必选,502,150022,,,0,江西,公办,0,0
山东,2025,综合,普通类一段,,江西职业技术大学,,物理必选,485,148187,,,0,江西,公办,0,0
山东,2025,综合,普通类一段,,江西财经大学,,不限,555,21282,,,0,江西,公办,0,0
山东,2025,综合,普通类一段,,江西财经大学,,物理、化学(2科必选),518,36694,,,0,江西,公办,0,0
山东,2025,综合,普通类一段,,江西财经大学,,物理必选,514,39924,,,0,江西,公办,0,0
山东,2025,综合,普通类一段,,江西财经大学现代经济管理学院,,不限,497,149660,,,0,江西,独立学院,0,0
山东,2025,综合,普通类一段,,江西财经大学现代经济管理学院,,物理、化学(2科必选),469,262247,,,0,江西,独立学院,0,0
山东,2025,综合,普通类一段,,江西财经大学现代经济管理学院,,物理必选,445,270176,,,0,江西,独立学院,0,0
山东,2025,综合,普通类一段,,江西飞行学院,,不限,507,129931,,,0,江西,公办,0,0
山东,2025,综合,普通类一段,,江西飞行学院,,物理、化学(2科必选),484,166955,,,0,江西,公办,0,0
山东,2025,综合,普通类一段,,江西飞行学院,,物理必选,483,189798,,,0,江西,公办,0,0
山东,2025,综合,普通类一段,,池州学院,,不限,502,181339,,,0,安徽,公办,0,0
山东,2025,综合,普通类一段,,池州学院,,物理、化学(2科必选),470,198626,,,0,安徽,公办,0,0
山东,2025,综合,普通类一段,,沈阳体育学院,,不限,507,146830,,,0,辽宁,公办,0,0
山东,2025,综合,普通类一段,,沈阳农业大学,,不限,541,66932,,,0,辽宁,公办,0,0
山东,2025,综合,普通类一段,,沈阳农业大学,,物理、化学(2科必选),499,70890,,,0,辽宁,公办,0,0
山东,2025,综合,普通类一段,,沈阳农业大学,,生物必选,533,112596,,,0,辽宁,公办,0,0
山东,2025,综合,普通类一段,,沈阳化工大学,,不限,523,87853,,,0,辽宁,公办,0,0
山东,2025,综合,普通类一段,,沈阳化工大学,,物理、化学(2科必选),489,75332,,,0,辽宁,公办,0,0
山东,2025,综合,普通类一段,,沈阳化工大学,,物理必选,491,183625,,,0,辽宁,公办,0,0
山东,2025,综合,普通类一段,,沈阳医学院,,物理、化学(2科必选),521,44600,,,0,辽宁,公办,0,0
山东,2025,综合,普通类一段,,沈阳医学院,,生物必选,525,84065,,,0,辽宁,公办,0,0
山东,2025,综合,普通类一段,,沈阳城市学院,,不限,468,263306,,,0,辽宁,民办,0,0
山东,2025,综合,普通类一段,,沈阳城市学院,,物理、化学(2科必选),453,298024,,,0,辽宁,民办,0,0
山东,2025,综合,普通类一段,,沈阳大学,,不限,517,117153,,,0,辽宁,公办,0,0
山东,2025,综合,普通类一段,,沈阳大学,,物理、化学(2科必选),493,113968,,,0,辽宁,公办,0,0
山东,2025,综合,普通类一段,,沈阳大学,,物理必选,484,183427,,,0,辽宁,公办,0,0
山东,2025,综合,普通类一段,,沈阳工业大学,,不限,528,56540,,,0,辽宁,公办,0,0
山东,2025,综合,普通类一段,,沈阳工业大学,,物理、化学(2科必选),498,29370,,,0,辽宁,公办,0,0
山东,2025,综合,普通类一段,,沈阳工业大学,,物理必选,505,78142,,,0,辽宁,公办,0,0
山东,2025,综合,普通类一段,,沈阳工学院,,不限,472,212060,,,0,辽宁,民办,0,0
山东,2025,综合,普通类一段,,沈阳工学院,,物理、化学(2科必选),445,298546,,,0,辽宁,民办,0,0
山东,2025,综合,普通类一段,,沈阳工程学院,,物理、化学(2科必选),548,33528,,,0,辽宁,公办,0,0
山东,2025,综合,普通类一段,,沈阳师范大学,,不限,514,77499,,,0,辽宁,公办,0,0
山东,2025,综合,普通类一段,,沈阳师范大学,,历史必选,563,62987,,,0,辽宁,公办,0,0
山东,2025,综合,普通类一段,,沈阳师范大学,,思想政治必选,566,58784,,,0,辽宁,公办,0,0
山东,2025,综合,普通类一段,,沈阳师范大学,,物理、化学(2科必选),484,106960,,,0,辽宁,公办,0,0
山东,2025,综合,普通类一段,,沈阳师范大学,,物理必选,494,200855,,,0,辽宁,公办,0,0
山东,2025,综合,普通类一段,,沈阳建筑大学,,历史必选,531,117207,,,0,辽宁,公办,0,0
山东,2025,综合,普通类一段,,沈阳建筑大学,,物理、化学(2科必选),488,52141,,,0,辽宁,公办,0,0
山东,2025,综合,普通类一段,,沈阳建筑大学,,物理必选,454,78644,,,0,辽宁,公办,0,0
山东,2025,综合,普通类一段,,沈阳理工大学,,不限,533,80752,,,0,辽宁,公办,0,0
山东,2025,综合,普通类一段,,沈阳理工大学,,物理、化学(2科必选),473,31556,,,0,辽宁,公办,0,0
山东,2025,综合,普通类一段,,沈阳理工大学,,物理必选,562,63636,,,0,辽宁,公办,0,0
山东,2025,综合,普通类一段,,沈阳航空航天大学,,不限,555,57848,,,0,辽宁,公办,0,0
山东,2025,综合,普通类一段,,沈阳航空航天大学,,物理、化学(2科必选),514,22049,,,0,辽宁,公办,0,0
山东,2025,综合,普通类一段,,沈阳药科大学,,化学必选,549,83396,,,0,辽宁,公办,0,0
山东,2025,综合,普通类一段,,沈阳药科大学,,物理、化学(2科必选),551,28215,,,0,辽宁,公办,0,0
山东,2025,综合,普通类一段,,沈阳音乐学院,,不限,501,163046,,,0,辽宁,公办,0,0
山东,2025,综合,普通类一段,,沧州交通学院,,不限,489,196313,,,0,河北,民办,0,0
山东,2025,综合,普通类一段,,沧州交通学院,,物理、化学(2科必选),445,287861,,,0,河北,民办,0,0
山东,2025,综合,普通类一段,,沧州交通学院,,物理必选,442,300052,,,0,河北,民办,0,0
山东,2025,综合,普通类一段,,沧州师范学院,,不限,502,181824,,,0,河北,公办,0,0
山东,2025,综合,普通类一段,,沧州师范学院,,思想政治必选,527,126019,,,0,河北,公办,0,0
山东,2025,综合,普通类一段,,沧州师范学院,,物理、化学(2科必选),498,191395,,,0,河北,公办,0,0
山东,2025,综合,普通类一段,,河北东方学院,,不限,490,192740,,,0,河北,民办,0,0
山东,2025,综合,普通类一段,,河北东方学院,,物理、化学(2科必选),456,272718,,,0,河北,民办,0,0
山东,2025,综合,普通类一段,,河北东方学院,,物理必选,455,299368,,,0,河北,民办,0,0
山东,2025,综合,普通类一段,,河北东方学院,,生物必选,495,197787,,,0,河北,民办,0,0
山东,2025,综合,普通类一段,,河北中医药大学,,不限,586,23488,,,0,河北,公办,0,0
山东,2025,综合,普通类一段,,河北中医药大学,,物理、化学(2科必选),497,123255,,,0,河北,公办,0,0
山东,2025,综合,普通类一段,,河北中医药大学,,生物必选,526,81990,,,0,河北,公办,0,0
山东,2025,综合,普通类一段,,河北传媒学院,,不限,468,189319,,,0,河北,民办,0,0
山东,2025,综合,普通类一段,,河北传媒学院,,物理、化学(2科必选),457,281037,,,0,河北,民办,0,0
山东,2025,综合,普通类一段,,河北农业大学,,物理、化学(2科必选),479,109176,,,0,河北,公办,0,0
山东,2025,综合,普通类一段,,河北农业大学,,生物必选,526,127597,,,0,河北,公办,0,0
山东,2025,综合,普通类一段,,河北北方学院,,物理、化学(2科必选),496,95305,,,0,河北,公办,0,0
山东,2025,综合,普通类一段,,河北医科大学,,物化生(3科必选),530,15988,,,0,河北,公办,0,0
山东,2025,综合,普通类一段,,河北医科大学,,物理、化学(2科必选),522,64859,,,0,河北,公办,0,0
山东,2025,综合,普通类一段,,河北医科大学,,生物必选,561,65543,,,0,河北,公办,0,0
山东,2025,综合,普通类一段,,河北医科大学临床学院,,物化生(3科必选),519,142466,,,0,河北,民办,0,0
山东,2025,综合,普通类一段,,河北医科大学临床学院,,生物必选,513,154736,,,0,河北,民办,0,0
山东,2025,综合,普通类一段,,河北地质大学,,不限,519,99596,,,0,河北,公办,0,0
山东,2025,综合,普通类一段,,河北地质大学,,物理、化学(2科必选),509,88686,,,0,河北,公办,0,0
山东,2025,综合,普通类一段,,河北地质大学,,物理必选,495,120179,,,0,河北,公办,0,0
山东,2025,综合,普通类一段,,河北地质大学华信学院,,不限,492,178820,,,0,河北,民办,0,0
山东,2025,综合,普通类一段,,河北地质大学华信学院,,物理、化学(2科必选),457,287967,,,0,河北,民办,0,0
山东,2025,综合,普通类一段,,河北地质大学华信学院,,物理必选,468,266062,,,0,河北,民办,0,0
山东,2025,综合,普通类一段,,河北地质大学华信学院,,生物必选,496,196435,,,0,河北,民办,0,0
山东,2025,综合,普通类一段,,河北外国语学院,,不限,472,198766,,,0,河北,民办,0,0
山东,2025,综合,普通类一段,,河北大学,,不限,512,23495,,,0,河北,公办,0,0
山东,2025,综合,普通类一段,,河北大学,,物理、化学(2科必选),523,33370,,,0,河北,公办,0,0
山东,2025,综合,普通类一段,,河北工业大学,,不限,588,24027,,,0,天津,公办,0,1
山东,2025,综合,普通类一段,,河北工业大学,,历史、思想政治(2科必选),602,23175,,,0,天津,公办,0,1
山东,2025,综合,普通类一段,,河北工业大学,,物理、化学(2科必选),571,11606,,,0,天津,公办,0,1
山东,2025,综合,普通类一段,,河北工业大学,,物理必选,578,44490,,,0,天津,公办,0,1
山东,2025,综合,普通类一段,,河北工业职业技术大学,,不限,501,171924,,,0,河北,公办,0,0
山东,2025,综合,普通类一段,,河北工业职业技术大学,,物理、化学(2科必选),469,240278,,,0,河北,公办,0,0
山东,2025,综合,普通类一段,,河北工业职业技术大学,,物理必选,476,140215,,,0,河北,公办,0,0
山东,2025,综合,普通类一段,,河北工程大学,,不限,516,49311,,,0,河北,公办,0,0
山东,2025,综合,普通类一段,,河北工程大学,,物理、化学(2科必选),464,61734,,,0,河北,公办,0,0
山东,2025,综合,普通类一段,,河北工程大学,,物理必选,528,109814,,,0,河北,公办,0,0
山东,2025,综合,普通类一段,,河北工程大学,,生物必选,489,98621,,,0,河北,公办,0,0
山东,2025,综合,普通类一段,,河北工程大学科信学院,,不限,501,165005,,,0,河北,民办,0,0
山东,2025,综合,普通类一段,,河北工程大学科信学院,,物理、化学(2科必选),460,234531,,,0,河北,民办,0,0
山东,2025,综合,普通类一段,,河北工程大学科信学院,,物理必选,462,280318,,,0,河北,民办,0,0
山东,2025,综合,普通类一段,,河北师范大学,,不限,498,47295,,,0,河北,公办,0,0
山东,2025,综合,普通类一段,,河北师范大学,,历史必选,575,37333,,,0,河北,公办,0,0
山东,2025,综合,普通类一段,,河北师范大学,,地理必选,570,53832,,,0,河北,公办,0,0
山东,2025,综合,普通类一段,,河北师范大学,,思想政治必选,561,35615,,,0,河北,公办,0,0
山东,2025,综合,普通类一段,,河北师范大学,,物理、化学(2科必选),524,53053,,,0,河北,公办,0,0
山东,2025,综合,普通类一段,,河北师范大学,,物理必选,525,104647,,,0,河北,公办,0,0
山东,2025,综合,普通类一段,,河北建筑工程学院,,不限,503,163339,,,0,河北,公办,0,0
山东,2025,综合,普通类一段,,河北建筑工程学院,,物理、化学(2科必选),473,158538,,,0,河北,公办,0,0
山东,2025,综合,普通类一段,,河北建筑工程学院,,物理必选,477,142683,,,0,河北,公办,0,0
山东,2025,综合,普通类一段,,河北民族师范学院,,不限,511,126767,,,0,河北,公办,0,0
山东,2025,综合,普通类一段,,河北民族师范学院,,历史必选,514,153612,,,0,河北,公办,0,0
山东,2025,综合,普通类一段,,河北水利电力学院,,物理、化学(2科必选),474,146300,,,0,河北,公办,0,0
山东,2025,综合,普通类一段,,河北环境工程学院,,不限,509,163860,,,0,河北,公办,0,0
山东,2025,综合,普通类一段,,河北环境工程学院,,物理、化学(2科必选),469,174671,,,0,河北,公办,0,0
山东,2025,综合,普通类一段,,河北石油职业技术大学,,不限,503,148483,,,0,河北,公办,0,0
山东,2025,综合,普通类一段,,河北石油职业技术大学,,物理必选,471,154467,,,0,河北,公办,0,0
山东,2025,综合,普通类一段,,河北科技大学,,不限,524,131781,,,0,河北,公办,0,0
山东,2025,综合,普通类一段,,河北科技大学,,物理、化学(2科必选),468,62040,,,0,河北,公办,0,0
山东,2025,综合,普通类一段,,河北科技大学,,物理必选,490,122189,,,0,河北,公办,0,0
山东,2025,综合,普通类一段,,河北科技学院,,不限,480,212675,,,0,河北,民办,0,0
山东,2025,综合,普通类一段,,河北科技学院,,物理、化学(2科必选),441,272437,,,0,河北,民办,0,0
山东,2025,综合,普通类一段,,河北科技学院,,物理必选,444,324473,,,0,河北,民办,0,0
山东,2025,综合,普通类一段,,河北科技工程职业技术大学,,不限,502,149232,,,0,河北,公办,0,0
山东,2025,综合,普通类一段,,河北科技工程职业技术大学,,物理必选,474,116530,,,0,河北,公办,0,0
山东,2025,综合,普通类一段,,河北科技师范学院,,不限,516,149611,,,0,河北,公办,0,0
山东,2025,综合,普通类一段,,河北科技师范学院,,物理、化学(2科必选),469,169131,,,0,河北,公办,0,0
山东,2025,综合,普通类一段,,河北经贸大学,,不限,511,46632,,,0,河北,公办,0,0
山东,2025,综合,普通类一段,,河北经贸大学,,物理、化学(2科必选),532,86280,,,0,河北,公办,0,0
山东,2025,综合,普通类一段,,河北经贸大学,,物理必选,528,92324,,,0,河北,公办,0,0
山东,2025,综合,普通类一段,,河北经贸大学经济管理学院,,不限,498,191372,,,0,河北,民办,0,0
山东,2025,综合,普通类一段,,河北美术学院,,不限,473,253597,,,0,河北,民办,0,0
山东,2025,综合,普通类一段,,河北美术学院,,物理、化学(2科必选),446,320361,,,0,河北,民办,0,0
山东,2025,综合,普通类一段,,河北金融学院,,不限,508,90823,,,0,河北,公办,0,0
山东,2025,综合,普通类一段,,河北金融学院,,物理、化学(2科必选),504,161485,,,0,河北,公办,0,0
山东,2025,综合,普通类一段,,河北金融学院,,物理必选,497,187564,,,0,河北,公办,0,0
山东,2025,综合,普通类一段,,河南中医药大学,,不限,526,127723,,,0,河南,公办,0,0
山东,2025,综合,普通类一段,,河南中医药大学,,物理、化学(2科必选),514,152455,,,0,河南,公办,0,0
山东,2025,综合,普通类一段,,河南中医药大学,,生物必选,551,80045,,,0,河南,公办,0,0
山东,2025,综合,普通类一段,,河南农业大学,,不限,523,57007,,,0,河南,公办,0,0
山东,2025,综合,普通类一段,,河南农业大学,,物化生(3科必选),484,207440,,,0,河南,公办,0,0
山东,2025,综合,普通类一段,,河南农业大学,,物理、化学(2科必选),478,78297,,,0,河南,公办,0,0
山东,2025,综合,普通类一段,,河南农业大学,,物理必选,459,168711,,,0,河南,公办,0,0
山东,2025,综合,普通类一段,,河南医药大学,,化学必选,514,153217,,,0,河南,公办,0,0
山东,2025,综合,普通类一段,,河南医药大学,,物理、化学(2科必选),496,80364,,,0,河南,公办,0,0
山东,2025,综合,普通类一段,,河南城建学院,,不限,502,179756,,,0,河南,公办,0,0
山东,2025,综合,普通类一段,,河南城建学院,,物理、化学(2科必选),464,214496,,,0,河南,公办,0,0
山东,2025,综合,普通类一段,,河南城建学院,,物理必选,480,236182,,,0,河南,公办,0,0
山东,2025,综合,普通类一段,,河南大学,,不限,552,20341,,,0,河南,公办,0,0
山东,2025,综合,普通类一段,,河南大学,,历史、地理(2科必选),590,32966,,,0,河南,公办,0,0
山东,2025,综合,普通类一段,,河南大学,,历史必选,598,26492,,,0,河南,公办,0,0
山东,2025,综合,普通类一段,,河南大学,,地理必选,588,34716,,,0,河南,公办,0,0
山东,2025,综合,普通类一段,,河南大学,,思想政治必选,593,30395,,,0,河南,公办,0,0
山东,2025,综合,普通类一段,,河南大学,,物理、化学(2科必选),534,27977,,,0,河南,公办,0,0
山东,2025,综合,普通类一段,,河南大学,,物理必选,563,45839,,,0,河南,公办,0,0
山东,2025,综合,普通类一段,,河南工业大学,,不限,538,48359,,,0,河南,公办,0,0
山东,2025,综合,普通类一段,,河南工业大学,,物理、化学(2科必选),494,70737,,,0,河南,公办,0,0
山东,2025,综合,普通类一段,,河南工业大学,,物理必选,512,129338,,,0,河南,公办,0,0
山东,2025,综合,普通类一段,,河南工学院,,不限,517,147209,,,0,河南,公办,0,0
山东,2025,综合,普通类一段,,河南工学院,,物理、化学(2科必选),475,209485,,,0,河南,公办,0,0
山东,2025,综合,普通类一段,,河南工学院,,物理必选,487,218141,,,0,河南,公办,0,0
山东,2025,综合,普通类一段,,河南工程学院,,不限,514,113165,,,0,河南,公办,0,0
山东,2025,综合,普通类一段,,河南工程学院,,历史必选,509,165720,,,0,河南,公办,0,0
山东,2025,综合,普通类一段,,河南工程学院,,思想政治必选,531,117681,,,0,河南,公办,0,0
山东,2025,综合,普通类一段,,河南工程学院,,物理、化学(2科必选),467,139440,,,0,河南,公办,0,0
山东,2025,综合,普通类一段,,河南工程学院,,物理必选,479,217301,,,0,河南,公办,0,0
山东,2025,综合,普通类一段,,河南师范大学,,不限,517,63938,,,0,河南,公办,0,0
山东,2025,综合,普通类一段,,河南师范大学,,地理必选,555,74258,,,0,河南,公办,0,0
山东,2025,综合,普通类一段,,河南师范大学,,物理、化学(2科必选),481,101088,,,0,河南,公办,0,0
山东,2025,综合,普通类一段,,河南师范大学,,物理必选,488,215678,,,0,河南,公办,0,0
山东,2025,综合,普通类一段,,河南开封科技传媒学院,,不限,502,181963,,,0,河南,民办,0,0
山东,2025,综合,普通类一段,,河南开封科技传媒学院,,历史必选,502,182597,,,0,河南,民办,0,0
山东,2025,综合,普通类一段,,河南开封科技传媒学院,,物理、化学(2科必选),458,282963,,,0,河南,民办,0,0
山东,2025,综合,普通类一段,,河南牧业经济学院,,不限,503,135498,,,0,河南,公办,0,0
山东,2025,综合,普通类一段,,河南牧业经济学院,,物理、化学(2科必选),465,257190,,,0,河南,公办,0,0
山东,2025,综合,普通类一段,,河南牧业经济学院,,物理必选,474,250722,,,0,河南,公办,0,0
山东,2025,综合,普通类一段,,河南牧业经济学院,,生物必选,501,184137,,,0,河南,公办,0,0
山东,2025,综合,普通类一段,,河南理工大学,,不限,525,52674,,,0,河南,公办,0,0
山东,2025,综合,普通类一段,,河南理工大学,,化学必选,531,91888,,,0,河南,公办,0,0
山东,2025,综合,普通类一段,,河南理工大学,,物理、化学(2科必选),494,54793,,,0,河南,公办,0,0
山东,2025,综合,普通类一段,,河南理工大学,,物理必选,526,112340,,,0,河南,公办,0,0
山东,2025,综合,普通类一段,,河南科技大学,,不限,525,50468,,,0,河南,公办,0,0
山东,2025,综合,普通类一段,,河南科技大学,,化学必选,515,151761,,,0,河南,公办,0,0
山东,2025,综合,普通类一段,,河南科技大学,,物理、化学(2科必选),474,56904,,,0,河南,公办,0,0
山东,2025,综合,普通类一段,,河南科技大学,,物理必选,512,158277,,,0,河南,公办,0,0
山东,2025,综合,普通类一段,,河南科技学院,,不限,512,158462,,,0,河南,公办,0,0
山东,2025,综合,普通类一段,,河南科技学院,,历史必选,530,119745,,,0,河南,公办,0,0
山东,2025,综合,普通类一段,,河南科技学院,,物理、化学(2科必选),468,178024,,,0,河南,公办,0,0
山东,2025,综合,普通类一段,,河南科技学院,,物理必选,478,228175,,,0,河南,公办,0,0
山东,2025,综合,普通类一段,,河南财政金融学院,,不限,507,92498,,,0,河南,公办,0,0
山东,2025,综合,普通类一段,,河南财政金融学院,,物理、化学(2科必选),490,171177,,,0,河南,公办,0,0
山东,2025,综合,普通类一段,,河南财政金融学院,,物理必选,477,197658,,,0,河南,公办,0,0
山东,2025,综合,普通类一段,,河南财经政法大学,,不限,537,36030,,,0,河南,公办,0,0
山东,2025,综合,普通类一段,,河南财经政法大学,,物理、化学(2科必选),530,106345,,,0,河南,公办,0,0
山东,2025,综合,普通类一段,,河南财经政法大学,,物理必选,513,154961,,,0,河南,公办,0,0
山东,2025,综合,普通类一段,,河池学院,,不限,501,154122,,,0,广西,公办,0,0
山东,2025,综合,普通类一段,,河池学院,,历史必选,508,167592,,,0,广西,公办,0,0
山东,2025,综合,普通类一段,,河池学院,,思想政治必选,509,165669,,,0,广西,公办,0,0
山东,2025,综合,普通类一段,,河池学院,,物理、化学(2科必选),467,221885,,,0,广西,公办,0,0
山东,2025,综合,普通类一段,,河海大学,,不限,597,13942,,,0,江苏,公办,0,1
山东,2025,综合,普通类一段,,河海大学,,历史、思想政治(2科必选),609,18739,,,0,江苏,公办,0,1
山东,2025,综合,普通类一段,,河海大学,,思想政治必选,612,17348,,,0,江苏,公办,0,1
山东,2025,综合,普通类一段,,河海大学,,物理、化学(2科必选),573,10203,,,0,江苏,公办,0,1
山东,2025,综合,普通类一段,,河海大学,,物理必选,592,18107,,,0,江苏,公办,0,1
山东,2025,综合,普通类一段,,河西学院,,不限,504,125037,,,0,甘肃,公办,0,0
山东,2025,综合,普通类一段,,河西学院,,化学必选,493,201983,,,0,甘肃,公办,0,0
山东,2025,综合,普通类一段,,河西学院,,物理、化学(2科必选),466,204537,,,0,甘肃,公办,0,0
山东,2025,综合,普通类一段,,河西学院,,物理必选,475,247615,,,0,甘肃,公办,0,0
山东,2025,综合,普通类一段,,泉州信息工程学院,,物理、化学(2科必选),441,304799,,,0,福建,民办,0,0
山东,2025,综合,普通类一段,,泉州信息工程学院,,物理必选,453,304134,,,0,福建,民办,0,0
山东,2025,综合,普通类一段,,泉州师范学院,,不限,511,135945,,,0,福建,公办,0,0
山东,2025,综合,普通类一段,,泉州师范学院,,历史必选,511,134453,,,0,福建,公办,0,0
山东,2025,综合,普通类一段,,泉州师范学院,,地理必选,515,136715,,,0,福建,公办,0,0
山东,2025,综合,普通类一段,,泉州师范学院,,物理、化学(2科必选),477,170729,,,0,福建,公办,0,0
山东,2025,综合,普通类一段,,泉州师范学院,,物理必选,488,216051,,,0,福建,公办,0,0
山东,2025,综合,普通类一段,,泉州职业技术大学,,不限,472,223249,,,0,福建,民办,0,0
山东,2025,综合,普通类一段,,泉州职业技术大学,,物理必选,441,295472,,,0,福建,民办,0,0
山东,2025,综合,普通类一段,,泰山学院,,不限,503,134153,,,0,山东,公办,0,0
山东,2025,综合,普通类一段,,泰山学院,,地理必选,515,151941,,,0,山东,公办,0,0
山东,2025,综合,普通类一段,,泰山学院,,思想政治必选,519,143107,,,0,山东,公办,0,0
山东,2025,综合,普通类一段,,泰山学院,,物理、化学(2科必选),463,209308,,,0,山东,公办,0,0
山东,2025,综合,普通类一段,,泰山科技学院,,不限,475,193220,,,0,山东,民办,0,0
山东,2025,综合,普通类一段,,泰山科技学院,,物理、化学(2科必选),441,296423,,,0,山东,民办,0,0
山东,2025,综合,普通类一段,,泰山科技学院,,物理必选,441,320240,,,0,山东,民办,0,0
山东,2025,综合,普通类一段,,洛阳师范学院,,不限,505,103845,,,0,河南,公办,0,0
山东,2025,综合,普通类一段,,洛阳师范学院,,历史、思想政治(2科必选),504,94860,,,0,河南,公办,0,0
山东,2025,综合,普通类一段,,洛阳师范学院,,历史必选,535,109623,,,0,河南,公办,0,0
山东,2025,综合,普通类一段,,洛阳师范学院,,地理必选,523,133150,,,0,河南,公办,0,0
山东,2025,综合,普通类一段,,洛阳师范学院,,物理、化学(2科必选),478,170783,,,0,河南,公办,0,0
山东,2025,综合,普通类一段,,洛阳师范学院,,物理必选,476,244465,,,0,河南,公办,0,0
山东,2025,综合,普通类一段,,洛阳理工学院,,不限,505,113369,,,0,河南,公办,0,0
山东,2025,综合,普通类一段,,洛阳理工学院,,物理、化学(2科必选),472,142184,,,0,河南,公办,0,0
山东,2025,综合,普通类一段,,洛阳理工学院,,物理必选,489,212428,,,0,河南,公办,0,0
山东,2025,综合,普通类一段,,济南大学,,不限,521,48938,,,0,山东,公办,0,0
山东,2025,综合,普通类一段,,济南大学,,化学、地理(2科必选),511,105421,,,0,山东,公办,0,0
山东,2025,综合,普通类一段,,济南大学,,思想政治必选,561,59914,,,0,山东,公办,0,0
山东,2025,综合,普通类一段,,济南大学,,物理、化学(2科必选),479,33300,,,0,山东,公办,0,0
山东,2025,综合,普通类一段,,济南大学,,物理必选,515,86858,,,0,山东,公办,0,0
山东,2025,综合,普通类一段,,济宁医学院,,不限,504,159745,,,0,山东,公办,0,0
山东,2025,综合,普通类一段,,济宁医学院,,化学必选,489,211813,,,0,山东,公办,0,0
山东,2025,综合,普通类一段,,济宁医学院,,物理、化学(2科必选),477,75794,,,0,山东,公办,0,0
山东,2025,综合,普通类一段,,济宁医学院,,物理必选,491,207418,,,0,山东,公办,0,0
山东,2025,综合,普通类一段,,济宁学院,,不限,505,128081,,,0,山东,公办,0,0
山东,2025,综合,普通类一段,,济宁学院,,思想政治必选,519,142851,,,0,山东,公办,0,0
山东,2025,综合,普通类一段,,济宁学院,,物理、化学(2科必选),448,192808,,,0,山东,公办,0,0
山东,2025,综合,普通类一段,,浙大城市学院,,不限,525,81034,,,0,浙江,公办,0,0
山东,2025,综合,普通类一段,,浙大城市学院,,物理、化学(2科必选),541,74105,,,0,浙江,公办,0,0
山东,2025,综合,普通类一段,,浙江万里学院,,不限,517,124578,,,0,浙江,公办,0,0
山东,2025,综合,普通类一段,,浙江万里学院,,物理、化学(2科必选),478,186737,,,0,浙江,公办,0,0
山东,2025,综合,普通类一段,,浙江中医药大学,,不限,571,51507,,,0,浙江,公办,0,0
山东,2025,综合,普通类一段,,浙江中医药大学,,化学必选,536,11892,,,0,浙江,公办,0,0
山东,2025,综合,普通类一段,,浙江中医药大学,,物理、化学(2科必选),533,19379,,,0,浙江,公办,0,0
山东,2025,综合,普通类一段,,浙江传媒学院,,不限,536,33770,,,0,浙江,公办,0,0
山东,2025,综合,普通类一段,,浙江传媒学院,,物理、化学(2科必选),510,56901,,,0,浙江,公办,0,0
山东,2025,综合,普通类一段,,浙江农林大学,,不限,560,29401,,,0,浙江,公办,0,0
山东,2025,综合,普通类一段,,浙江农林大学,,地理必选,580,42442,,,0,浙江,公办,0,0
山东,2025,综合,普通类一段,,浙江农林大学,,物理、化学(2科必选),507,36035,,,0,浙江,公办,0,0
山东,2025,综合,普通类一段,,浙江农林大学,,物理必选,544,82100,,,0,浙江,公办,0,0
山东,2025,综合,普通类一段,,浙江农林大学,,生物必选,563,62531,,,0,浙江,公办,0,0
山东,2025,综合,普通类一段,,浙江农林大学暨阳学院,,物理、化学(2科必选),463,251556,,,0,浙江,民办,0,0
山东,2025,综合,普通类一段,,浙江外国语学院,,不限,537,48961,,,0,浙江,公办,0,0
山东,2025,综合,普通类一段,,浙江外国语学院,,历史必选,582,39911,,,0,浙江,公办,0,0
山东,2025,综合,普通类一段,,浙江外国语学院,,物理、化学(2科必选),508,79863,,,0,浙江,公办,0,0
山东,2025,综合,普通类一段,,浙江外国语学院,,物理必选,486,128599,,,0,浙江,公办,0,0
山东,2025,综合,普通类一段,,浙江大学,,不限,658,1118,,,0,浙江,公办,1,1
山东,2025,综合,普通类一段,,浙江大学,,思想政治必选,657,2338,,,0,浙江,公办,1,1
山东,2025,综合,普通类一段,,浙江大学,,物理、化学(2科必选),646,274,,,0,浙江,公办,1,1
山东,2025,综合,普通类一段,,浙江大学,,生物必选,645,4628,,,0,浙江,公办,1,1
山东,2025,综合,普通类一段,,浙江大学医学院,,物理、化学(2科必选),661,1197,,,0,浙江,公办,1,1
山东,2025,综合,普通类一段,,浙江工业大学,,不限,573,36887,,,0,浙江,公办,0,0
山东,2025,综合,普通类一段,,浙江工业大学,,物理、化学(2科必选),533,21603,,,0,浙江,公办,0,0
山东,2025,综合,普通类一段,,浙江工业大学之江学院,,物理、化学(2科必选),466,270349,,,0,浙江,民办,0,0
山东,2025,综合,普通类一段,,浙江工商大学,,不限,563,18343,,,0,浙江,公办,0,0
山东,2025,综合,普通类一段,,浙江工商大学,,物理、化学(2科必选),542,30695,,,0,浙江,公办,0,0
山东,2025,综合,普通类一段,,浙江工商大学,,物理必选,577,40756,,,0,浙江,公办,0,0
山东,2025,综合,普通类一段,,浙江工商大学杭州商学院,,不限,497,161267,,,0,浙江,民办,0,0
山东,2025,综合,普通类一段,,浙江工商大学杭州商学院,,物理、化学(2科必选),474,193334,,,0,浙江,民办,0,0
山东,2025,综合,普通类一段,,浙江工商大学杭州商学院,,物理必选,474,250724,,,0,浙江,民办,0,0
山东,2025,综合,普通类一段,,浙江师范大学,,不限,528,25402,,,0,浙江,公办,0,0
山东,2025,综合,普通类一段,,浙江师范大学,,历史必选,590,32415,,,0,浙江,公办,0,0
山东,2025,综合,普通类一段,,浙江师范大学,,地理必选,564,61344,,,0,浙江,公办,0,0
山东,2025,综合,普通类一段,,浙江师范大学,,思想政治必选,594,29549,,,0,浙江,公办,0,0
山东,2025,综合,普通类一段,,浙江师范大学,,物理、化学(2科必选),549,34761,,,0,浙江,公办,0,0
山东,2025,综合,普通类一段,,浙江师范大学,,物理必选,557,71526,,,0,浙江,公办,0,0
山东,2025,综合,普通类一段,,浙江海洋大学,,物理、化学(2科必选),508,63527,,,0,浙江,公办,0,0
山东,2025,综合,普通类一段,,浙江海洋大学,,生物必选,545,90399,,,0,浙江,公办,0,0
山东,2025,综合,普通类一段,,浙江理工大学,,不限,575,36265,,,0,浙江,公办,0,0
山东,2025,综合,普通类一段,,浙江理工大学,,物理、化学(2科必选),542,25202,,,0,浙江,公办,0,0
山东,2025,综合,普通类一段,,浙江理工大学,,物理必选,525,66624,,,0,浙江,公办,0,0
山东,2025,综合,普通类一段,,浙江科技大学,,不限,534,111537,,,0,浙江,公办,0,0
山东,2025,综合,普通类一段,,浙江科技大学,,物理、化学(2科必选),484,68120,,,0,浙江,公办,0,0
山东,2025,综合,普通类一段,,浙江财经大学,,不限,550,21266,,,0,浙江,公办,0,0
山东,2025,综合,普通类一段,,浙江财经大学,,物理、化学(2科必选),582,36591,,,0,浙江,公办,0,0
山东,2025,综合,普通类一段,,浙江财经大学,,物理必选,561,46151,,,0,浙江,公办,0,0
山东,2025,综合,普通类一段,,海军军医大学,,物理、化学(2科必选),577,11478,,,0,上海,公办,0,1
山东,2025,综合,普通类一段,,海南医科大学,,不限,521,60702,,,0,海南,公办,0,0
山东,2025,综合,普通类一段,,海南医科大学,,化学必选,453,159991,,,0,海南,公办,0,0
山东,2025,综合,普通类一段,,海南医科大学,,物理、化学(2科必选),451,66933,,,0,海南,公办,0,0
山东,2025,综合,普通类一段,,海南大学,,不限,539,19132,,,0,海南,公办,0,1
山东,2025,综合,普通类一段,,海南大学,,化学、生物(2科必选),562,64571,,,0,海南,公办,0,1
山东,2025,综合,普通类一段,,海南大学,,历史、思想政治(2科必选),593,30395,,,0,海南,公办,0,1
山东,2025,综合,普通类一段,,海南大学,,历史必选,581,22343,,,0,海南,公办,0,1
山东,2025,综合,普通类一段,,海南大学,,地理必选,553,78074,,,0,海南,公办,0,1
山东,2025,综合,普通类一段,,海南大学,,思想政治必选,595,28704,,,0,海南,公办,0,1
山东,2025,综合,普通类一段,,海南大学,,物理、化学(2科必选),562,25787,,,0,海南,公办,0,1
山东,2025,综合,普通类一段,,海南大学,,物理必选,569,40556,,,0,海南,公办,0,1
山东,2025,综合,普通类一段,,海南师范大学,,不限,500,53105,,,0,海南,公办,0,0
山东,2025,综合,普通类一段,,海南师范大学,,历史、思想政治(2科必选),549,84565,,,0,海南,公办,0,0
山东,2025,综合,普通类一段,,海南师范大学,,历史必选,562,64512,,,0,海南,公办,0,0
山东,2025,综合,普通类一段,,海南师范大学,,物化生(3科必选),487,205700,,,0,海南,公办,0,0
山东,2025,综合,普通类一段,,海南师范大学,,物理、化学(2科必选),500,99538,,,0,海南,公办,0,0
山东,2025,综合,普通类一段,,海南师范大学,,物理必选,510,161556,,,0,海南,公办,0,0
山东,2025,综合,普通类一段,,海南比勒费尔德应用科学大学,,物理、化学(2科必选),447,307478,,,0,海南,境外高校独立办学,0,0
山东,2025,综合,普通类一段,,海南比勒费尔德应用科学大学,,物理必选,442,329779,,,0,海南,境外高校独立办学,0,0
山东,2025,综合,普通类一段,,海南热带海洋学院,,不限,494,145334,,,0,海南,公办,0,0
山东,2025,综合,普通类一段,,海南热带海洋学院,,历史必选,509,140982,,,0,海南,公办,0,0
山东,2025,综合,普通类一段,,海南热带海洋学院,,思想政治必选,508,168249,,,0,海南,公办,0,0
山东,2025,综合,普通类一段,,海南热带海洋学院,,物理、化学(2科必选),463,187310,,,0,海南,公办,0,0
山东,2025,综合,普通类一段,,海南科技职业大学,,不限,468,224836,,,0,海南,民办,0,0
山东,2025,综合,普通类一段,,海南科技职业大学,,物理必选,443,298962,,,0,海南,民办,0,0
山东,2025,综合,普通类一段,,海口经济学院,,不限,467,230732,,,0,海南,民办,0,0
山东,2025,综合,普通类一段,,海口经济学院,,物理、化学(2科必选),441,305261,,,0,海南,民办,0,0
山东,2025,综合,普通类一段,,海口经济学院,,物理必选,449,312484,,,0,海南,民办,0,0
山东,2025,综合,普通类一段,,淄博职业技术大学,,物理必选,470,201344,,,0,山东,公办,0,0
山东,2025,综合,普通类一段,,淮北师范大学,,不限,529,52713,,,0,安徽,公办,0,0
山东,2025,综合,普通类一段,,淮北师范大学,,历史、思想政治(2科必选),574,46874,,,0,安徽,公办,0,0
山东,2025,综合,普通类一段,,淮北师范大学,,历史必选,553,54038,,,0,安徽,公办,0,0
山东,2025,综合,普通类一段,,淮北师范大学,,史政地(3科必选),533,49072,,,0,安徽,公办,0,0
山东,2025,综合,普通类一段,,淮北师范大学,,物化生(3科必选),477,119793,,,0,安徽,公办,0,0
山东,2025,综合,普通类一段,,淮北师范大学,,物理、化学(2科必选),530,103060,,,0,安徽,公办,0,0
山东,2025,综合,普通类一段,,淮北师范大学,,物理必选,522,130807,,,0,安徽,公办,0,0
山东,2025,综合,普通类一段,,淮北理工学院,,不限,485,193956,,,0,安徽,民办,0,0
山东,2025,综合,普通类一段,,淮北理工学院,,物理、化学(2科必选),452,293637,,,0,安徽,民办,0,0
山东,2025,综合,普通类一段,,淮南师范学院,,不限,509,106037,,,0,安徽,公办,0,0
山东,2025,综合,普通类一段,,淮南师范学院,,思想政治必选,522,136058,,,0,安徽,公办,0,0
山东,2025,综合,普通类一段,,淮南师范学院,,物理、化学(2科必选),471,164574,,,0,安徽,公办,0,0
山东,2025,综合,普通类一段,,淮南师范学院,,物理必选,482,170906,,,0,安徽,公办,0,0
山东,2025,综合,普通类一段,,淮阴工学院,,不限,515,94734,,,0,江苏,公办,0,0
山东,2025,综合,普通类一段,,淮阴工学院,,物理、化学(2科必选),472,128937,,,0,江苏,公办,0,0
山东,2025,综合,普通类一段,,淮阴工学院,,物理必选,494,187992,,,0,江苏,公办,0,0
山东,2025,综合,普通类一段,,淮阴工学院,,生物必选,512,157554,,,0,江苏,公办,0,0
山东,2025,综合,普通类一段,,淮阴师范学院,,不限,506,136002,,,0,江苏,公办,0,0
山东,2025,综合,普通类一段,,淮阴师范学院,,物理、化学(2科必选),473,177092,,,0,江苏,公办,0,0
山东,2025,综合,普通类一段,,淮阴师范学院,,物理必选,488,215936,,,0,江苏,公办,0,0
山东,2025,综合,普通类一段,,深圳北理莫斯科大学,,不限,554,76307,,,0,广东,中外合作办学,0,0
山东,2025,综合,普通类一段,,深圳北理莫斯科大学,,物理、化学(2科必选),554,67072,,,0,广东,中外合作办学,0,0
山东,2025,综合,普通类一段,,深圳北理莫斯科大学,,物理必选,551,80335,,,0,广东,中外合作办学,0,0
山东,2025,综合,普通类一段,,深圳大学,,不限,601,15008,,,0,广东,公办,0,0
山东,2025,综合,普通类一段,,深圳大学,,物理、化学(2科必选),599,6312,,,0,广东,公办,0,0
山东,2025,综合,普通类一段,,深圳大学,,物理必选,571,16696,,,0,广东,公办,0,0
山东,2025,综合,普通类一段,,深圳大学,,生物必选,606,20503,,,0,广东,公办,0,0
山东,2025,综合,普通类一段,,深圳技术大学,,不限,571,44384,,,0,广东,公办,0,0
山东,2025,综合,普通类一段,,深圳技术大学,,物理、化学(2科必选),576,21674,,,0,广东,公办,0,0
山东,2025,综合,普通类一段,,深圳职业技术大学,,物理必选,535,75838,,,0,广东,公办,0,0
山东,2025,综合,普通类一段,,清华大学,,不限,692,50,,,0,北京,公办,1,1
山东,2025,综合,普通类一段,,清华大学,,物理、化学(2科必选),685,109,,,0,北京,公办,1,1
山东,2025,综合,普通类一段,,渤海大学,,不限,519,107877,,,0,辽宁,公办,0,0
山东,2025,综合,普通类一段,,渤海大学,,历史、思想政治(2科必选),548,86203,,,0,辽宁,公办,0,0
山东,2025,综合,普通类一段,,渤海大学,,物理、化学(2科必选),476,96440,,,0,辽宁,公办,0,0
山东,2025,综合,普通类一段,,渤海大学,,物理必选,511,160401,,,0,辽宁,公办,0,0
山东,2025,综合,普通类一段,,温州医科大学,,不限,567,57789,,,0,浙江,公办,0,0
山东,2025,综合,普通类一段,,温州医科大学,,化学必选,510,86751,,,0,浙江,公办,0,0
山东,2025,综合,普通类一段,,温州医科大学,,物理、化学(2科必选),545,9906,,,0,浙江,公办,0,0
山东,2025,综合,普通类一段,,温州医科大学,,物理必选,549,83344,,,0,浙江,公办,0,0
山东,2025,综合,普通类一段,,温州医科大学仁济学院,,不限,497,193941,,,0,浙江,民办,0,0
山东,2025,综合,普通类一段,,温州医科大学仁济学院,,化学必选,482,230916,,,0,浙江,民办,0,0
山东,2025,综合,普通类一段,,温州医科大学仁济学院,,物理、化学(2科必选),465,54137,,,0,浙江,民办,0,0
山东,2025,综合,普通类一段,,温州商学院,,不限,486,188145,,,0,浙江,民办,0,0
山东,2025,综合,普通类一段,,温州大学,,不限,557,24989,,,0,浙江,公办,0,0
山东,2025,综合,普通类一段,,温州大学,,物理、化学(2科必选),511,37865,,,0,浙江,公办,0,0
山东,2025,综合,普通类一段,,温州大学,,物理必选,527,75320,,,0,浙江,公办,0,0
山东,2025,综合,普通类一段,,温州肯恩大学,,不限,548,71285,,,0,浙江,中外合作办学,0,0
山东,2025,综合,普通类一段,,温州肯恩大学,,物理、化学(2科必选),541,87018,,,0,浙江,中外合作办学,0,0
山东,2025,综合,普通类一段,,温州肯恩大学,,物理必选,535,108393,,,0,浙江,中外合作办学,0,0
山东,2025,综合,普通类一段,,渭南师范学院,,不限,497,132390,,,0,陕西,公办,0,0
山东,2025,综合,普通类一段,,渭南师范学院,,思想政治必选,518,145334,,,0,陕西,公办,0,0
山东,2025,综合,普通类一段,,渭南师范学院,,物理、化学(2科必选),472,224215,,,0,陕西,公办,0,0
山东,2025,综合,普通类一段,,湖北三峡航空学院,,不限,484,211092,,,0,湖北,民办,0,0
山东,2025,综合,普通类一段,,湖北三峡航空学院,,物理、化学(2科必选),445,313988,,,0,湖北,民办,0,0
山东,2025,综合,普通类一段,,湖北中医药大学,,不限,527,20224,,,0,湖北,公办,0,0
山东,2025,综合,普通类一段,,湖北中医药大学,,化学必选,512,99795,,,0,湖北,公办,0,0
山东,2025,综合,普通类一段,,湖北中医药大学,,物理、化学(2科必选),510,72028,,,0,湖北,公办,0,0
山东,2025,综合,普通类一段,,湖北中医药大学,,物理必选,529,121618,,,0,湖北,公办,0,0
山东,2025,综合,普通类一段,,湖北医药学院,,物理、化学(2科必选),525,65250,,,0,湖北,公办,0,0
山东,2025,综合,普通类一段,,湖北医药学院药护学院,,物理、化学(2科必选),494,187924,,,0,湖北,民办,0,0
山东,2025,综合,普通类一段,,湖北大学,,不限,563,27925,,,0,湖北,公办,0,0
山东,2025,综合,普通类一段,,湖北大学,,地理必选,581,33827,,,0,湖北,公办,0,0
山东,2025,综合,普通类一段,,湖北大学,,思想政治必选,544,92769,,,0,湖北,公办,0,0
山东,2025,综合,普通类一段,,湖北大学,,物理、化学(2科必选),493,31731,,,0,湖北,公办,0,0
山东,2025,综合,普通类一段,,湖北大学知行学院,,不限,492,177422,,,0,湖北,民办,0,0
山东,2025,综合,普通类一段,,湖北大学知行学院,,物理、化学(2科必选),464,59883,,,0,湖北,民办,0,0
山东,2025,综合,普通类一段,,湖北工业大学,,不限,553,46737,,,0,湖北,公办,0,0
山东,2025,综合,普通类一段,,湖北工业大学,,物理、化学(2科必选),479,32039,,,0,湖北,公办,0,0
山东,2025,综合,普通类一段,,湖北工业大学工程技术学院,,不限,495,195862,,,0,湖北,民办,0,0
山东,2025,综合,普通类一段,,湖北工业大学工程技术学院,,物理、化学(2科必选),453,270379,,,0,湖北,民办,0,0
山东,2025,综合,普通类一段,,湖北工程学院,,不限,513,102963,,,0,湖北,公办,0,0
山东,2025,综合,普通类一段,,湖北工程学院,,物理、化学(2科必选),466,79734,,,0,湖北,公办,0,0
山东,2025,综合,普通类一段,,湖北工程学院,,物理必选,510,162119,,,0,湖北,公办,0,0
山东,2025,综合,普通类一段,,湖北师范大学,,不限,538,26358,,,0,湖北,公办,0,0
山东,2025,综合,普通类一段,,湖北师范大学,,历史必选,565,32777,,,0,湖北,公办,0,0
山东,2025,综合,普通类一段,,湖北师范大学,,地理必选,565,59216,,,0,湖北,公办,0,0
山东,2025,综合,普通类一段,,湖北师范大学,,思想政治必选,578,44185,,,0,湖北,公办,0,0
山东,2025,综合,普通类一段,,湖北师范大学,,物理、化学(2科必选),490,77908,,,0,湖北,公办,0,0
山东,2025,综合,普通类一段,,湖北师范大学文理学院,,不限,497,178304,,,0,湖北,民办,0,0
山东,2025,综合,普通类一段,,湖北师范大学文理学院,,物理、化学(2科必选),456,278387,,,0,湖北,民办,0,0
山东,2025,综合,普通类一段,,湖北恩施学院,,不限,494,184255,,,0,湖北,民办,0,0
山东,2025,综合,普通类一段,,湖北恩施学院,,物理、化学(2科必选),495,197982,,,0,湖北,民办,0,0
山东,2025,综合,普通类一段,,湖北文理学院,,不限,527,124795,,,0,湖北,公办,0,0
山东,2025,综合,普通类一段,,湖北文理学院,,物理、化学(2科必选),482,152785,,,0,湖北,公办,0,0
山东,2025,综合,普通类一段,,湖北文理学院理工学院,,不限,496,179749,,,0,湖北,民办,0,0
山东,2025,综合,普通类一段,,湖北文理学院理工学院,,物理、化学(2科必选),473,252076,,,0,湖北,民办,0,0
山东,2025,综合,普通类一段,,湖北民族大学,,不限,515,75776,,,0,湖北,公办,0,0
山东,2025,综合,普通类一段,,湖北民族大学,,物理、化学(2科必选),488,105305,,,0,湖北,公办,0,0
山东,2025,综合,普通类一段,,湖北汽车工业学院,,物理、化学(2科必选),522,122113,,,0,湖北,公办,0,0
山东,2025,综合,普通类一段,,湖北理工学院,,物理、化学(2科必选),475,124333,,,0,湖北,公办,0,0
山东,2025,综合,普通类一段,,湖北科技学院,,不限,542,96376,,,0,湖北,公办,0,0
山东,2025,综合,普通类一段,,湖北科技学院,,物理、化学(2科必选),529,121269,,,0,湖北,公办,0,0
山东,2025,综合,普通类一段,,湖北第二师范学院,,不限,532,93915,,,0,湖北,公办,0,0
山东,2025,综合,普通类一段,,湖北第二师范学院,,物理、化学(2科必选),491,208221,,,0,湖北,公办,0,0
山东,2025,综合,普通类一段,,湖北经济学院,,不限,546,70114,,,0,湖北,公办,0,0
山东,2025,综合,普通类一段,,湖北经济学院,,物理、化学(2科必选),532,114817,,,0,湖北,公办,0,0
山东,2025,综合,普通类一段,,湖北经济学院,,物理必选,526,127297,,,0,湖北,公办,0,0
山东,2025,综合,普通类一段,,湖北经济学院法商学院,,不限,496,178363,,,0,湖北,民办,0,0
山东,2025,综合,普通类一段,,湖北美术学院,,不限,537,105281,,,0,湖北,公办,0,0
山东,2025,综合,普通类一段,,湖北警官学院,,不限,548,85372,,,0,湖北,公办,0,0
山东,2025,综合,普通类一段,,湖北警官学院,,物理、化学(2科必选),517,146195,,,0,湖北,公办,0,0
山东,2025,综合,普通类一段,,湖南中医药大学,,不限,533,15554,,,0,湖南,公办,0,0
山东,2025,综合,普通类一段,,湖南中医药大学,,化学必选,533,112765,,,0,湖南,公办,0,0
山东,2025,综合,普通类一段,,湖南中医药大学,,物理、化学(2科必选),504,42007,,,0,湖南,公办,0,0
山东,2025,综合,普通类一段,,湖南交通工程学院,,不限,489,213274,,,0,湖南,民办,0,0
山东,2025,综合,普通类一段,,湖南交通工程学院,,物理、化学(2科必选),446,285889,,,0,湖南,民办,0,0
山东,2025,综合,普通类一段,,湖南人文科技学院,,不限,494,139558,,,0,湖南,公办,0,0
山东,2025,综合,普通类一段,,湖南人文科技学院,,思想政治必选,516,148975,,,0,湖南,公办,0,0
山东,2025,综合,普通类一段,,湖南人文科技学院,,物理、化学(2科必选),467,207320,,,0,湖南,公办,0,0
山东,2025,综合,普通类一段,,湖南人文科技学院,,物理必选,476,242094,,,0,湖南,公办,0,0
山东,2025,综合,普通类一段,,湖南农业大学,,不限,534,81718,,,0,湖南,公办,0,0
山东,2025,综合,普通类一段,,湖南农业大学,,思想政治必选,559,68686,,,0,湖南,公办,0,0
山东,2025,综合,普通类一段,,湖南农业大学,,物理、化学(2科必选),494,65628,,,0,湖南,公办,0,0
山东,2025,综合,普通类一段,,湖南农业大学,,物理必选,518,144595,,,0,湖南,公办,0,0
山东,2025,综合,普通类一段,,湖南医药学院,,不限,559,67441,,,0,湖南,公办,0,0
山东,2025,综合,普通类一段,,湖南医药学院,,化学必选,520,140669,,,0,湖南,公办,0,0
山东,2025,综合,普通类一段,,湖南医药学院,,物理、化学(2科必选),508,89705,,,0,湖南,公办,0,0
山东,2025,综合,普通类一段,,湖南城市学院,,不限,507,145146,,,0,湖南,公办,0,0
山东,2025,综合,普通类一段,,湖南城市学院,,思想政治必选,519,142797,,,0,湖南,公办,0,0
山东,2025,综合,普通类一段,,湖南城市学院,,物理、化学(2科必选),467,166352,,,0,湖南,公办,0,0
山东,2025,综合,普通类一段,,湖南大学,,不限,562,6900,,,0,湖南,公办,1,1
山东,2025,综合,普通类一段,,湖南大学,,历史必选,619,10490,,,0,湖南,公办,1,1
山东,2025,综合,普通类一段,,湖南大学,,物理、化学(2科必选),613,5990,,,0,湖南,公办,1,1
山东,2025,综合,普通类一段,,湖南大学,,物理必选,620,11484,,,0,湖南,公办,1,1
山东,2025,综合,普通类一段,,湖南女子学院,,不限,506,117655,,,0,湖南,公办,0,0
山东,2025,综合,普通类一段,,湖南女子学院,,物理、化学(2科必选),490,193243,,,0,湖南,公办,0,0
山东,2025,综合,普通类一段,,湖南女子学院,,物理必选,499,187942,,,0,湖南,公办,0,0
山东,2025,综合,普通类一段,,湖南工业大学,,不限,505,53295,,,0,湖南,公办,0,0
山东,2025,综合,普通类一段,,湖南工业大学,,物理、化学(2科必选),485,54410,,,0,湖南,公办,0,0
山东,2025,综合,普通类一段,,湖南工业大学,,物理必选,521,118209,,,0,湖南,公办,0,0
山东,2025,综合,普通类一段,,湖南工商大学,,不限,526,31123,,,0,湖南,公办,0,0
山东,2025,综合,普通类一段,,湖南工商大学,,物理、化学(2科必选),542,53869,,,0,湖南,公办,0,0
山东,2025,综合,普通类一段,,湖南工商大学,,物理必选,548,85660,,,0,湖南,公办,0,0
山东,2025,综合,普通类一段,,湖南工学院,,物理、化学(2科必选),476,141884,,,0,湖南,公办,0,0
山东,2025,综合,普通类一段,,湖南工程学院,,不限,515,120921,,,0,湖南,公办,0,0
山东,2025,综合,普通类一段,,湖南工程学院,,物理、化学(2科必选),477,150140,,,0,湖南,公办,0,0
山东,2025,综合,普通类一段,,湖南工程学院,,物理必选,512,157442,,,0,湖南,公办,0,0
山东,2025,综合,普通类一段,,湖南师范大学,,不限,584,16656,,,0,湖南,公办,0,1
山东,2025,综合,普通类一段,,湖南师范大学,,历史必选,592,18280,,,0,湖南,公办,0,1
山东,2025,综合,普通类一段,,湖南师范大学,,地理必选,592,23921,,,0,湖南,公办,0,1
山东,2025,综合,普通类一段,,湖南师范大学,,思想政治必选,600,20185,,,0,湖南,公办,0,1
山东,2025,综合,普通类一段,,湖南师范大学,,物理、化学(2科必选),571,21332,,,0,湖南,公办,0,1
山东,2025,综合,普通类一段,,湖南文理学院,,不限,508,144496,,,0,湖南,公办,0,0
山东,2025,综合,普通类一段,,湖南文理学院,,物化生(3科必选),475,248778,,,0,湖南,公办,0,0
山东,2025,综合,普通类一段,,湖南文理学院,,物理、化学(2科必选),473,251907,,,0,湖南,公办,0,0
山东,2025,综合,普通类一段,,湖南文理学院,,物理必选,481,219437,,,0,湖南,公办,0,0
山东,2025,综合,普通类一段,,湖南涉外经济学院,,不限,472,208292,,,0,湖南,民办,0,0
山东,2025,综合,普通类一段,,湖南涉外经济学院,,物理、化学(2科必选),443,295019,,,0,湖南,民办,0,0
山东,2025,综合,普通类一段,,湖南理工学院,,不限,515,149138,,,0,湖南,公办,0,0
山东,2025,综合,普通类一段,,湖南理工学院,,物理、化学(2科必选),474,177875,,,0,湖南,公办,0,0
山东,2025,综合,普通类一段,,湖南理工学院,,物理必选,481,192394,,,0,湖南,公办,0,0
山东,2025,综合,普通类一段,,湖南科技大学,,不限,530,35563,,,0,湖南,公办,0,0
山东,2025,综合,普通类一段,,湖南科技大学,,地理必选,560,61471,,,0,湖南,公办,0,0
山东,2025,综合,普通类一段,,湖南科技大学,,思想政治必选,570,54076,,,0,湖南,公办,0,0
山东,2025,综合,普通类一段,,湖南科技大学,,物理、化学(2科必选),483,31987,,,0,湖南,公办,0,0
山东,2025,综合,普通类一段,,湖南科技大学,,物理必选,491,106466,,,0,湖南,公办,0,0
山东,2025,综合,普通类一段,,湖南科技大学潇湘学院,,不限,501,142908,,,0,湖南,民办,0,0
山东,2025,综合,普通类一段,,湖南科技大学潇湘学院,,物理、化学(2科必选),458,265478,,,0,湖南,民办,0,0
山东,2025,综合,普通类一段,,湖南科技学院,,不限,502,165713,,,0,湖南,公办,0,0
山东,2025,综合,普通类一段,,湖南科技学院,,历史必选,532,115613,,,0,湖南,公办,0,0
山东,2025,综合,普通类一段,,湖南科技学院,,物理、化学(2科必选),469,239556,,,0,湖南,公办,0,0
山东,2025,综合,普通类一段,,湖南第一师范学院,,物理、化学(2科必选),504,124114,,,0,湖南,公办,0,0
山东,2025,综合,普通类一段,,湖南财政经济学院,,不限,507,75557,,,0,湖南,公办,0,0
山东,2025,综合,普通类一段,,湖南财政经济学院,,物理、化学(2科必选),519,135522,,,0,湖南,公办,0,0
山东,2025,综合,普通类一段,,湖南财政经济学院,,物理必选,492,133510,,,0,湖南,公办,0,0
山东,2025,综合,普通类一段,,湖州学院,,不限,525,128935,,,0,浙江,公办,0,0
山东,2025,综合,普通类一段,,湖州师范学院,,不限,534,84367,,,0,浙江,公办,0,0
山东,2025,综合,普通类一段,,湖州师范学院,,化学必选,503,178734,,,0,浙江,公办,0,0
山东,2025,综合,普通类一段,,湖州师范学院,,物理、化学(2科必选),497,109461,,,0,浙江,公办,0,0
山东,2025,综合,普通类一段,,湖州师范学院,,物理必选,513,154851,,,0,浙江,公办,0,0
山东,2025,综合,普通类一段,,湘南学院,,不限,508,81119,,,0,湖南,公办,0,0
山东,2025,综合,普通类一段,,湘南学院,,化学必选,505,174429,,,0,湖南,公办,0,0
山东,2025,综合,普通类一段,,湘南学院,,思想政治必选,524,132270,,,0,湖南,公办,0,0
山东,2025,综合,普通类一段,,湘南学院,,物理、化学(2科必选),475,81140,,,0,湖南,公办,0,0
山东,2025,综合,普通类一段,,湘南学院,,物理必选,497,193720,,,0,湖南,公办,0,0
山东,2025,综合,普通类一段,,湘潭大学,,不限,574,14995,,,0,湖南,公办,0,0
山东,2025,综合,普通类一段,,湘潭大学,,思想政治必选,593,20260,,,0,湖南,公办,0,0
山东,2025,综合,普通类一段,,湘潭大学,,物理、化学(2科必选),545,19152,,,0,湖南,公办,0,0
山东,2025,综合,普通类一段,,滁州学院,,不限,511,97841,,,0,安徽,公办,0,0
山东,2025,综合,普通类一段,,滁州学院,,历史必选,522,136180,,,0,安徽,公办,0,0
山东,2025,综合,普通类一段,,滇池学院,,不限,481,196590,,,0,云南,民办,0,0
山东,2025,综合,普通类一段,,滇池学院,,历史必选,493,202305,,,0,云南,民办,0,0
山东,2025,综合,普通类一段,,滇池学院,,物理、化学(2科必选),446,300487,,,0,云南,民办,0,0
山东,2025,综合,普通类一段,,滇池学院,,物理必选,446,319647,,,0,云南,民办,0,0
山东,2025,综合,普通类一段,,滇西应用技术大学,,不限,500,153529,,,0,云南,公办,0,0
山东,2025,综合,普通类一段,,滇西应用技术大学,,思想政治必选,512,157850,,,0,云南,公办,0,0
山东,2025,综合,普通类一段,,滇西应用技术大学,,物理、化学(2科必选),462,218014,,,0,云南,公办,0,0
山东,2025,综合,普通类一段,,滇西科技师范学院,,不限,502,156798,,,0,云南,公办,0,0
山东,2025,综合,普通类一段,,滨州医学院,,不限,508,140666,,,0,山东,公办,0,0
山东,2025,综合,普通类一段,,滨州医学院,,化学必选,494,199822,,,0,山东,公办,0,0
山东,2025,综合,普通类一段,,滨州医学院,,物理、化学(2科必选),469,57994,,,0,山东,公办,0,0
山东,2025,综合,普通类一段,,滨州医学院,,物理必选,486,142576,,,0,山东,公办,0,0
山东,2025,综合,普通类一段,,漯河食品工程职业大学,,物理必选,466,259259,,,0,河南,民办,0,0
山东,2025,综合,普通类一段,,潍坊学院,,不限,503,104074,,,0,山东,公办,0,0
山东,2025,综合,普通类一段,,潍坊学院,,化学、生物(2科必选),493,203720,,,0,山东,公办,0,0
山东,2025,综合,普通类一段,,潍坊学院,,历史必选,527,125989,,,0,山东,公办,0,0
山东,2025,综合,普通类一段,,潍坊学院,,思想政治必选,530,104151,,,0,山东,公办,0,0
山东,2025,综合,普通类一段,,潍坊学院,,物化生(3科必选),470,255789,,,0,山东,公办,0,0
山东,2025,综合,普通类一段,,潍坊学院,,物理、化学(2科必选),473,157377,,,0,山东,公办,0,0
山东,2025,综合,普通类一段,,潍坊学院,,物理必选,482,209305,,,0,山东,公办,0,0
山东,2025,综合,普通类一段,,潍坊理工学院,,不限,483,196381,,,0,山东,民办,0,0
山东,2025,综合,普通类一段,,潍坊理工学院,,历史必选,490,211737,,,0,山东,民办,0,0
山东,2025,综合,普通类一段,,潍坊理工学院,,思想政治必选,491,208201,,,0,山东,民办,0,0
山东,2025,综合,普通类一段,,潍坊理工学院,,物理、化学(2科必选),441,288134,,,0,山东,民办,0,0
山东,2025,综合,普通类一段,,潍坊理工学院,,物理必选,441,300931,,,0,山东,民办,0,0
山东,2025,综合,普通类一段,,潍坊科技学院,,不限,490,182398,,,0,山东,民办,0,0
山东,2025,综合,普通类一段,,潍坊科技学院,,历史必选,495,193878,,,0,山东,民办,0,0
山东,2025,综合,普通类一段,,潍坊科技学院,,思想政治必选,498,191794,,,0,山东,民办,0,0
山东,2025,综合,普通类一段,,潍坊科技学院,,物理、化学(2科必选),449,260673,,,0,山东,民办,0,0
山东,2025,综合,普通类一段,,潍坊科技学院,,物理必选,441,331760,,,0,山东,民办,0,0
山东,2025,综合,普通类一段,,潍坊科技学院,,生物必选,491,195760,,,0,山东,民办,0,0
山东,2025,综合,普通类一段,,烟台南山学院,,不限,490,183325,,,0,山东,民办,0,0
山东,2025,综合,普通类一段,,烟台南山学院,,化学必选,482,231262,,,0,山东,民办,0,0
山东,2025,综合,普通类一段,,烟台南山学院,,物理、化学(2科必选),448,273213,,,0,山东,民办,0,0
山东,2025,综合,普通类一段,,烟台南山学院,,物理必选,441,312376,,,0,山东,民办,0,0
山东,2025,综合,普通类一段,,烟台大学,,不限,495,27823,,,0,山东,公办,0,0
山东,2025,综合,普通类一段,,烟台大学,,物理、化学(2科必选),441,80398,,,0,山东,公办,0,0
山东,2025,综合,普通类一段,,烟台大学,,物理必选,492,152733,,,0,山东,公办,0,0
山东,2025,综合,普通类一段,,烟台理工学院,,不限,481,186221,,,0,山东,民办,0,0
山东,2025,综合,普通类一段,,烟台理工学院,,化学必选,458,290883,,,0,山东,民办,0,0
山东,2025,综合,普通类一段,,烟台理工学院,,物理、化学(2科必选),441,291017,,,0,山东,民办,0,0
山东,2025,综合,普通类一段,,烟台理工学院,,物理必选,442,329123,,,0,山东,民办,0,0
山东,2025,综合,普通类一段,,烟台科技学院,,不限,481,182348,,,0,山东,民办,0,0
山东,2025,综合,普通类一段,,烟台科技学院,,物理、化学(2科必选),441,275129,,,0,山东,民办,0,0
山东,2025,综合,普通类一段,,烟台科技学院,,物理必选,441,330781,,,0,山东,民办,0,0
山东,2025,综合,普通类一段,,燕山大学,,不限,547,29506,,,0,河北,公办,0,0
山东,2025,综合,普通类一段,,燕山大学,,思想政治必选,572,41989,,,0,河北,公办,0,0
山东,2025,综合,普通类一段,,燕山大学,,物理、化学(2科必选),490,23771,,,0,河北,公办,0,0
山东,2025,综合,普通类一段,,燕山大学,,物理必选,514,46772,,,0,河北,公办,0,0
山东,2025,综合,普通类一段,,牡丹江医科大学,,化学、生物(2科必选),507,168743,,,0,黑龙江,公办,0,0
山东,2025,综合,普通类一段,,牡丹江医科大学,,物化生(3科必选),498,104467,,,0,黑龙江,公办,0,0
山东,2025,综合,普通类一段,,牡丹江医科大学,,物理、化学(2科必选),495,105223,,,0,黑龙江,公办,0,0
山东,2025,综合,普通类一段,,牡丹江师范学院,,不限,501,132054,,,0,黑龙江,公办,0,0
山东,2025,综合,普通类一段,,牡丹江师范学院,,物理、化学(2科必选),467,199915,,,0,黑龙江,公办,0,0
山东,2025,综合,普通类一段,,牡丹江师范学院,,物理必选,478,240012,,,0,黑龙江,公办,0,0
山东,2025,综合,普通类一段,,玉林师范学院,,不限,501,169057,,,0,广西,公办,0,0
山东,2025,综合,普通类一段,,玉林师范学院,,历史必选,518,145225,,,0,广西,公办,0,0
山东,2025,综合,普通类一段,,玉林师范学院,,物理、化学(2科必选),470,242795,,,0,广西,公办,0,0
山东,2025,综合,普通类一段,,玉溪师范学院,,不限,500,117369,,,0,云南,公办,0,0
山东,2025,综合,普通类一段,,玉溪师范学院,,思想政治必选,513,156104,,,0,云南,公办,0,0
山东,2025,综合,普通类一段,,玉溪师范学院,,物理、化学(2科必选),467,257428,,,0,云南,公办,0,0
山东,2025,综合,普通类一段,,珠海科技学院,,不限,494,104921,,,0,广东,民办,0,0
山东,2025,综合,普通类一段,,珠海科技学院,,物理、化学(2科必选),478,213398,,,0,广东,民办,0,0
山东,2025,综合,普通类一段,,琼台师范学院,,不限,491,134596,,,0,海南,公办,0,0
山东,2025,综合,普通类一段,,甘肃中医药大学,,不限,514,24906,,,0,甘肃,公办,0,0
山东,2025,综合,普通类一段,,甘肃中医药大学,,化学必选,497,175988,,,0,甘肃,公办,0,0
山东,2025,综合,普通类一段,,甘肃中医药大学,,物理、化学(2科必选),483,84811,,,0,甘肃,公办,0,0
山东,2025,综合,普通类一段,,甘肃农业大学,,不限,514,136144,,,0,甘肃,公办,0,0
山东,2025,综合,普通类一段,,甘肃农业大学,,历史必选,540,100164,,,0,甘肃,公办,0,0
山东,2025,综合,普通类一段,,甘肃农业大学,,物理、化学(2科必选),477,150866,,,0,甘肃,公办,0,0
山东,2025,综合,普通类一段,,甘肃农业大学,,物理、生物(2科必选),474,249535,,,0,甘肃,公办,0,0
山东,2025,综合,普通类一段,,甘肃医学院,,物理、化学(2科必选),488,112356,,,0,甘肃,公办,0,0
山东,2025,综合,普通类一段,,甘肃政法大学,,不限,527,39683,,,0,甘肃,公办,0,0
山东,2025,综合,普通类一段,,甘肃政法大学,,思想政治必选,554,65791,,,0,甘肃,公办,0,0
山东,2025,综合,普通类一段,,甘肃政法大学,,物理、化学(2科必选),510,119994,,,0,甘肃,公办,0,0
山东,2025,综合,普通类一段,,甘肃政法大学,,物理必选,522,134844,,,0,甘肃,公办,0,0
山东,2025,综合,普通类一段,,甘肃林业职业技术大学,,物理必选,473,210356,,,0,甘肃,公办,0,0
山东,2025,综合,普通类一段,,甘肃民族师范学院,,不限,505,174984,,,0,甘肃,公办,0,0
山东,2025,综合,普通类一段,,甘肃民族师范学院,,历史必选,519,142841,,,0,甘肃,公办,0,0
山东,2025,综合,普通类一段,,甘肃民族师范学院,,地理必选,509,164606,,,0,甘肃,公办,0,0
山东,2025,综合,普通类一段,,甘肃民族师范学院,,物理、化学(2科必选),466,234492,,,0,甘肃,公办,0,0
山东,2025,综合,普通类一段,,电子科技大学,,物理、化学(2科必选),588,1495,,,0,四川,公办,1,1
山东,2025,综合,普通类一段,,电子科技大学成都学院,,不限,494,184121,,,0,四川,民办,0,0
山东,2025,综合,普通类一段,,电子科技大学成都学院,,物理、化学(2科必选),462,227199,,,0,四川,民办,0,0
山东,2025,综合,普通类一段,,白城师范学院,,不限,497,111475,,,0,吉林,公办,0,0
山东,2025,综合,普通类一段,,白城师范学院,,化学必选,504,175843,,,0,吉林,公办,0,0
山东,2025,综合,普通类一段,,白城师范学院,,地理必选,512,158713,,,0,吉林,公办,0,0
山东,2025,综合,普通类一段,,白城师范学院,,思想政治必选,514,153512,,,0,吉林,公办,0,0
山东,2025,综合,普通类一段,,白城师范学院,,物理、化学(2科必选),466,188438,,,0,吉林,公办,0,0
山东,2025,综合,普通类一段,,白城师范学院,,物理必选,474,251085,,,0,吉林,公办,0,0
山东,2025,综合,普通类一段,,百色学院,,不限,501,172098,,,0,广西,公办,0,0
山东,2025,综合,普通类一段,,百色学院,,物理、化学(2科必选),467,253126,,,0,广西,公办,0,0
山东,2025,综合,普通类一段,,皖江工学院,,不限,495,198288,,,0,安徽,民办,0,0
山东,2025,综合,普通类一段,,皖江工学院,,物理、化学(2科必选),442,277848,,,0,安徽,民办,0,0
山东,2025,综合,普通类一段,,皖江工学院,,物理必选,451,308521,,,0,安徽,民办,0,0
山东,2025,综合,普通类一段,,盐城师范学院,,不限,509,125840,,,0,江苏,公办,0,0
山东,2025,综合,普通类一段,,盐城师范学院,,物理、化学(2科必选),480,166671,,,0,江苏,公办,0,0
山东,2025,综合,普通类一段,,盐城师范学院,,物理必选,501,183460,,,0,江苏,公办,0,0
山东,2025,综合,普通类一段,,石家庄学院,,不限,504,177055,,,0,河北,公办,0,0
山东,2025,综合,普通类一段,,石家庄学院,,历史必选,517,146726,,,0,河北,公办,0,0
山东,2025,综合,普通类一段,,石家庄学院,,思想政治必选,522,136698,,,0,河北,公办,0,0
山东,2025,综合,普通类一段,,石家庄学院,,物理、化学(2科必选),468,239679,,,0,河北,公办,0,0
山东,2025,综合,普通类一段,,石家庄铁道大学,,不限,539,49624,,,0,河北,公办,0,0
山东,2025,综合,普通类一段,,石家庄铁道大学,,物理、化学(2科必选),518,24646,,,0,河北,公办,0,0
山东,2025,综合,普通类一段,,石家庄铁道大学,,物理必选,543,84082,,,0,河北,公办,0,0
山东,2025,综合,普通类一段,,石家庄铁道大学四方学院,,不限,506,164673,,,0,河北,民办,0,0
山东,2025,综合,普通类一段,,石家庄铁道大学四方学院,,物理、化学(2科必选),461,166360,,,0,河北,民办,0,0
山东,2025,综合,普通类一段,,石家庄铁道大学四方学院,,物理必选,463,270597,,,0,河北,民办,0,0
山东,2025,综合,普通类一段,,石河子大学,,不限,556,31159,,,0,新疆,公办,0,1
山东,2025,综合,普通类一段,,石河子大学,,化学必选,542,95723,,,0,新疆,公办,0,1
山东,2025,综合,普通类一段,,石河子大学,,历史、地理(2科必选),576,45959,,,0,新疆,公办,0,1
山东,2025,综合,普通类一段,,石河子大学,,地理必选,562,51559,,,0,新疆,公办,0,1
山东,2025,综合,普通类一段,,石河子大学,,思想政治必选,571,52863,,,0,新疆,公办,0,1
山东,2025,综合,普通类一段,,石河子大学,,物化生(3科必选),550,77563,,,0,新疆,公办,0,1
山东,2025,综合,普通类一段,,石河子大学,,物理、化学(2科必选),530,35163,,,0,新疆,公办,0,1
山东,2025,综合,普通类一段,,石河子大学,,物理、生物(2科必选),546,88679,,,0,新疆,公办,0,1
山东,2025,综合,普通类一段,,石河子大学,,物理必选,551,63470,,,0,新疆,公办,0,1
山东,2025,综合,普通类一段,,福州外语外贸学院,,不限,477,208950,,,0,福建,民办,0,0
山东,2025,综合,普通类一段,,福州外语外贸学院,,物理、化学(2科必选),446,319384,,,0,福建,民办,0,0
山东,2025,综合,普通类一段,,福州外语外贸学院,,物理必选,445,272293,,,0,福建,民办,0,0
山东,2025,综合,普通类一段,,福州大学,,不限,593,16550,,,0,福建,公办,0,1
山东,2025,综合,普通类一段,,福州大学,,物化生(3科必选),607,20087,,,0,福建,公办,0,1
山东,2025,综合,普通类一段,,福州大学,,物理、化学(2科必选),576,15235,,,0,福建,公办,0,1
山东,2025,综合,普通类一段,,福州大学,,物理必选,568,55560,,,0,福建,公办,0,1
山东,2025,综合,普通类一段,,福州理工学院,,不限,480,221687,,,0,福建,民办,0,0
山东,2025,综合,普通类一段,,福州理工学院,,物理、化学(2科必选),441,317897,,,0,福建,民办,0,0
山东,2025,综合,普通类一段,,福建中医药大学,,物理、化学(2科必选),545,50148,,,0,福建,公办,0,0
山东,2025,综合,普通类一段,,福建中医药大学,,物理、生物(2科必选),557,70809,,,0,福建,公办,0,0
山东,2025,综合,普通类一段,,福建中医药大学,,生物必选,524,35960,,,0,福建,公办,0,0
山东,2025,综合,普通类一段,,福建农林大学,,不限,503,82883,,,0,福建,公办,0,0
山东,2025,综合,普通类一段,,福建农林大学,,物理、化学(2科必选),473,90379,,,0,福建,公办,0,0
山东,2025,综合,普通类一段,,福建农林大学,,物理必选,503,135531,,,0,福建,公办,0,0
山东,2025,综合,普通类一段,,福建农林大学,,生物必选,542,95428,,,0,福建,公办,0,0
山东,2025,综合,普通类一段,,福建农林大学金山学院,,不限,485,223497,,,0,福建,民办,0,0
山东,2025,综合,普通类一段,,福建医科大学,,化学必选,473,68335,,,0,福建,公办,0,0
山东,2025,综合,普通类一段,,福建医科大学,,物化生(3科必选),538,18689,,,0,福建,公办,0,0
山东,2025,综合,普通类一段,,福建商学院,,不限,445,106979,,,0,福建,公办,0,0
山东,2025,综合,普通类一段,,福建商学院,,物理、化学(2科必选),477,174353,,,0,福建,公办,0,0
山东,2025,综合,普通类一段,,福建商学院,,物理必选,512,156872,,,0,福建,公办,0,0
山东,2025,综合,普通类一段,,福建师范大学,,不限,521,34312,,,0,福建,公办,0,0
山东,2025,综合,普通类一段,,福建师范大学,,地理必选,572,51073,,,0,福建,公办,0,0
山东,2025,综合,普通类一段,,福建师范大学,,物化生(3科必选),541,96821,,,0,福建,公办,0,0
山东,2025,综合,普通类一段,,福建师范大学,,物理、化学(2科必选),512,72399,,,0,福建,公办,0,0
山东,2025,综合,普通类一段,,福建师范大学,,物理必选,515,150196,,,0,福建,公办,0,0
山东,2025,综合,普通类一段,,福建江夏学院,,不限,503,160866,,,0,福建,公办,0,0
山东,2025,综合,普通类一段,,福建理工大学,,不限,526,126596,,,0,福建,公办,0,0
山东,2025,综合,普通类一段,,福建理工大学,,物理、化学(2科必选),484,112901,,,0,福建,公办,0,0
山东,2025,综合,普通类一段,,福建理工大学,,物理必选,507,140316,,,0,福建,公办,0,0
山东,2025,综合,普通类一段,,红河学院,,不限,506,149213,,,0,云南,公办,0,0
山东,2025,综合,普通类一段,,红河学院,,物理、化学(2科必选),469,216854,,,0,云南,公办,0,0
山东,2025,综合,普通类一段,,绍兴文理学院,,不限,500,187125,,,0,浙江,公办,0,0
山东,2025,综合,普通类一段,,绍兴文理学院,,物理、化学(2科必选),509,165144,,,0,浙江,公办,0,0
山东,2025,综合,普通类一段,,绍兴文理学院,,物理必选,485,223868,,,0,浙江,公办,0,0
山东,2025,综合,普通类一段,,绥化学院,,不限,505,147019,,,0,黑龙江,公办,0,0
山东,2025,综合,普通类一段,,绥化学院,,物理、化学(2科必选),467,214877,,,0,黑龙江,公办,0,0
山东,2025,综合,普通类一段,,绥化学院,,物理必选,482,229951,,,0,黑龙江,公办,0,0
山东,2025,综合,普通类一段,,绵阳城市学院,,不限,487,199088,,,0,四川,民办,0,0
山东,2025,综合,普通类一段,,绵阳城市学院,,物理、化学(2科必选),455,283969,,,0,四川,民办,0,0
山东,2025,综合,普通类一段,,绵阳城市学院,,物理、地理(2科必选),473,251959,,,0,四川,民办,0,0
山东,2025,综合,普通类一段,,绵阳城市学院,,物理必选,463,278661,,,0,四川,民办,0,0
山东,2025,综合,普通类一段,,绵阳师范学院,,不限,507,130043,,,0,四川,公办,0,0
山东,2025,综合,普通类一段,,绵阳师范学院,,物理、化学(2科必选),478,234545,,,0,四川,公办,0,0
山东,2025,综合,普通类一段,,聊城大学,,不限,500,79245,,,0,山东,公办,0,0
山东,2025,综合,普通类一段,,聊城大学,,化学必选,503,179260,,,0,山东,公办,0,0
山东,2025,综合,普通类一段,,聊城大学,,历史必选,528,85766,,,0,山东,公办,0,0
山东,2025,综合,普通类一段,,聊城大学,,地理必选,516,117340,,,0,山东,公办,0,0
山东,2025,综合,普通类一段,,聊城大学,,思想政治必选,542,96724,,,0,山东,公办,0,0
山东,2025,综合,普通类一段,,聊城大学,,物化生(3科必选),443,181823,,,0,山东,公办,0,0
山东,2025,综合,普通类一段,,聊城大学,,物理、化学(2科必选),446,119462,,,0,山东,公办,0,0
山东,2025,综合,普通类一段,,聊城大学,,物理必选,490,120377,,,0,山东,公办,0,0
山东,2025,综合,普通类一段,,聊城大学,,生物必选,514,153371,,,0,山东,公办,0,0
山东,2025,综合,普通类一段,,聊城大学东昌学院,,不限,499,172134,,,0,山东,民办,0,0
山东,2025,综合,普通类一段,,聊城大学东昌学院,,物理、化学(2科必选),458,255896,,,0,山东,民办,0,0
山东,2025,综合,普通类一段,,聊城大学东昌学院,,物理必选,447,289967,,,0,山东,民办,0,0
山东,2025,综合,普通类一段,,肇庆医学院,,化学必选,493,202051,,,0,广东,公办,0,0
山东,2025,综合,普通类一段,,肇庆医学院,,物理、化学(2科必选),488,124739,,,0,广东,公办,0,0
山东,2025,综合,普通类一段,,肇庆学院,,不限,504,172401,,,0,广东,公办,0,0
山东,2025,综合,普通类一段,,肇庆学院,,物理、化学(2科必选),464,221620,,,0,广东,公办,0,0
山东,2025,综合,普通类一段,,苏州大学,,不限,619,10411,,,0,江苏,公办,0,1
山东,2025,综合,普通类一段,,苏州大学,,史政地(3科必选),622,12287,,,0,江苏,公办,0,1
山东,2025,综合,普通类一段,,苏州大学,,物理、化学(2科必选),586,6452,,,0,江苏,公办,0,1
山东,2025,综合,普通类一段,,苏州大学,,生物必选,598,26133,,,0,江苏,公办,0,1
山东,2025,综合,普通类一段,,苏州工学院,,不限,527,80503,,,0,江苏,公办,0,0
山东,2025,综合,普通类一段,,苏州工学院,,物理、化学(2科必选),497,96353,,,0,江苏,公办,0,0
山东,2025,综合,普通类一段,,苏州科技大学,,不限,547,64521,,,0,江苏,公办,0,0
山东,2025,综合,普通类一段,,苏州科技大学,,思想政治必选,580,42366,,,0,江苏,公办,0,0
山东,2025,综合,普通类一段,,苏州科技大学,,物理、化学(2科必选),539,35388,,,0,江苏,公办,0,0
山东,2025,综合,普通类一段,,苏州科技大学天平学院,,不限,498,189444,,,0,江苏,民办,0,0
山东,2025,综合,普通类一段,,苏州科技大学天平学院,,化学必选,476,245894,,,0,江苏,民办,0,0
山东,2025,综合,普通类一段,,苏州科技大学天平学院,,物理、化学(2科必选),443,291298,,,0,江苏,民办,0,0
山东,2025,综合,普通类一段,,茅台学院,,不限,499,184763,,,0,贵州,民办,0,0
山东,2025,综合,普通类一段,,茅台学院,,物理、化学(2科必选),461,257740,,,0,贵州,民办,0,0
山东,2025,综合,普通类一段,,荆州学院,,不限,493,199240,,,0,湖北,民办,0,0
山东,2025,综合,普通类一段,,荆州学院,,物理、化学(2科必选),448,280898,,,0,湖北,民办,0,0
山东,2025,综合,普通类一段,,荆楚理工学院,,不限,506,147338,,,0,湖北,公办,0,0
山东,2025,综合,普通类一段,,荆楚理工学院,,物理、化学(2科必选),469,239652,,,0,湖北,公办,0,0
山东,2025,综合,普通类一段,,莆田学院,,不限,500,186986,,,0,福建,公办,0,0
山东,2025,综合,普通类一段,,莆田学院,,物理、化学(2科必选),471,131027,,,0,福建,公办,0,0
山东,2025,综合,普通类一段,,菏泽学院,,不限,503,136102,,,0,山东,公办,0,0
山东,2025,综合,普通类一段,,菏泽学院,,地理必选,510,162607,,,0,山东,公办,0,0
山东,2025,综合,普通类一段,,菏泽学院,,思想政治必选,518,145307,,,0,山东,公办,0,0
山东,2025,综合,普通类一段,,菏泽学院,,物化生(3科必选),467,267801,,,0,山东,公办,0,0
山东,2025,综合,普通类一段,,菏泽学院,,物理、化学(2科必选),456,197696,,,0,山东,公办,0,0
山东,2025,综合,普通类一段,,菏泽学院,,物理必选,478,240388,,,0,山东,公办,0,0
山东,2025,综合,普通类一段,,萍乡学院,,不限,518,144811,,,0,江西,公办,0,0
山东,2025,综合,普通类一段,,萍乡学院,,物理、化学(2科必选),468,240268,,,0,江西,公办,0,0
山东,2025,综合,普通类一段,,萍乡学院,,物理必选,484,224591,,,0,江西,公办,0,0
山东,2025,综合,普通类一段,,营口理工学院,,不限,505,173254,,,0,辽宁,公办,0,0
山东,2025,综合,普通类一段,,营口理工学院,,物理、化学(2科必选),469,204565,,,0,辽宁,公办,0,0
山东,2025,综合,普通类一段,,营口理工学院,,物理必选,476,244685,,,0,辽宁,公办,0,0
山东,2025,综合,普通类一段,,蚌埠医科大学,,物理、化学(2科必选),499,58257,,,0,安徽,公办,0,0
山东,2025,综合,普通类一段,,蚌埠学院,,不限,501,184448,,,0,安徽,公办,0,0
山东,2025,综合,普通类一段,,蚌埠学院,,物理、化学(2科必选),475,247646,,,0,安徽,公办,0,0
山东,2025,综合,普通类一段,,蚌埠工商学院,,不限,493,188936,,,0,安徽,民办,0,0
山东,2025,综合,普通类一段,,衡水学院,,不限,506,138608,,,0,河北,公办,0,0
山东,2025,综合,普通类一段,,衡水学院,,思想政治必选,518,140685,,,0,河北,公办,0,0
山东,2025,综合,普通类一段,,衡水学院,,物理、化学(2科必选),464,199481,,,0,河北,公办,0,0
山东,2025,综合,普通类一段,,衡阳师范学院,,不限,507,56401,,,0,湖南,公办,0,0
山东,2025,综合,普通类一段,,衡阳师范学院,,历史必选,536,107443,,,0,湖南,公办,0,0
山东,2025,综合,普通类一段,,衡阳师范学院,,地理必选,549,83862,,,0,湖南,公办,0,0
山东,2025,综合,普通类一段,,衡阳师范学院,,思想政治必选,539,102177,,,0,湖南,公办,0,0
山东,2025,综合,普通类一段,,衡阳师范学院,,物化生(3科必选),483,227611,,,0,湖南,公办,0,0
山东,2025,综合,普通类一段,,衡阳师范学院,,物理、化学(2科必选),479,127119,,,0,湖南,公办,0,0
山东,2025,综合,普通类一段,,衢州学院,,不限,509,164283,,,0,浙江,公办,0,0
山东,2025,综合,普通类一段,,衢州学院,,物理、化学(2科必选),481,159486,,,0,浙江,公办,0,0
山东,2025,综合,普通类一段,,衢州学院,,物理必选,494,199904,,,0,浙江,公办,0,0
山东,2025,综合,普通类一段,,西交利物浦大学,,不限,578,42463,,,0,江苏,中外合作办学,0,0
山东,2025,综合,普通类一段,,西交利物浦大学,,物理、化学(2科必选),570,47792,,,0,江苏,中外合作办学,0,0
山东,2025,综合,普通类一段,,西交利物浦大学,,物理必选,569,54292,,,0,江苏,中外合作办学,0,0
山东,2025,综合,普通类一段,,西京学院,,不限,499,182602,,,0,陕西,民办,0,0
山东,2025,综合,普通类一段,,西京学院,,物理、化学(2科必选),467,244345,,,0,陕西,民办,0,0
山东,2025,综合,普通类一段,,西京学院,,物理必选,458,292391,,,0,陕西,民办,0,0
山东,2025,综合,普通类一段,,西京学院,,生物必选,486,221738,,,0,陕西,民办,0,0
山东,2025,综合,普通类一段,,西北农林科技大学,,不限,600,16180,,,0,陕西,公办,1,1
山东,2025,综合,普通类一段,,西北农林科技大学,,物化生(3科必选),595,27390,,,0,陕西,公办,1,1
山东,2025,综合,普通类一段,,西北农林科技大学,,物理、化学(2科必选),571,15245,,,0,陕西,公办,1,1
山东,2025,综合,普通类一段,,西北农林科技大学,,物理、地理(2科必选),603,22690,,,0,陕西,公办,1,1
山东,2025,综合,普通类一段,,西北农林科技大学,,物理必选,585,30628,,,0,陕西,公办,1,1
山东,2025,综合,普通类一段,,西北农林科技大学,,生物必选,589,33375,,,0,陕西,公办,1,1
山东,2025,综合,普通类一段,,西北大学,,不限,594,17808,,,0,陕西,公办,0,1
山东,2025,综合,普通类一段,,西北大学,,化学必选,596,27394,,,0,陕西,公办,0,1
山东,2025,综合,普通类一段,,西北大学,,历史必选,595,15110,,,0,陕西,公办,0,1
山东,2025,综合,普通类一段,,西北大学,,物理、化学(2科必选),581,15396,,,0,陕西,公办,0,1
山东,2025,综合,普通类一段,,西北大学,,物理、地理(2科必选),588,34325,,,0,陕西,公办,0,1
山东,2025,综合,普通类一段,,西北大学,,物理必选,587,28453,,,0,陕西,公办,0,1
山东,2025,综合,普通类一段,,西北大学现代学院,,不限,476,236708,,,0,陕西,民办,0,0
山东,2025,综合,普通类一段,,西北大学现代学院,,物理必选,472,254438,,,0,陕西,民办,0,0
山东,2025,综合,普通类一段,,西北工业大学,,物理、化学(2科必选),612,1562,,,0,陕西,公办,1,1
山东,2025,综合,普通类一段,,西北师范大学,,不限,517,49924,,,0,甘肃,公办,0,0
山东,2025,综合,普通类一段,,西北师范大学,,历史必选,579,42916,,,0,甘肃,公办,0,0
山东,2025,综合,普通类一段,,西北师范大学,,地理必选,566,59137,,,0,甘肃,公办,0,0
山东,2025,综合,普通类一段,,西北师范大学,,思想政治必选,564,60833,,,0,甘肃,公办,0,0
山东,2025,综合,普通类一段,,西北师范大学,,物理、化学(2科必选),442,80211,,,0,甘肃,公办,0,0
山东,2025,综合,普通类一段,,西北师范大学,,物理、地理(2科必选),540,99982,,,0,甘肃,公办,0,0
山东,2025,综合,普通类一段,,西北师范大学,,物理必选,528,122231,,,0,甘肃,公办,0,0
山东,2025,综合,普通类一段,,西北政法大学,,不限,556,13607,,,0,陕西,公办,0,0
山东,2025,综合,普通类一段,,西北政法大学,,思想政治必选,601,24333,,,0,陕西,公办,0,0
山东,2025,综合,普通类一段,,西北民族大学,,不限,513,90581,,,0,甘肃,公办,0,0
山东,2025,综合,普通类一段,,西北民族大学,,化学必选,505,175043,,,0,甘肃,公办,0,0
山东,2025,综合,普通类一段,,西北民族大学,,历史必选,504,71215,,,0,甘肃,公办,0,0
山东,2025,综合,普通类一段,,西北民族大学,,思想政治必选,558,70157,,,0,甘肃,公办,0,0
山东,2025,综合,普通类一段,,西北民族大学,,物理、化学(2科必选),481,141080,,,0,甘肃,公办,0,0
山东,2025,综合,普通类一段,,西华大学,,不限,488,38359,,,0,四川,公办,0,0
山东,2025,综合,普通类一段,,西华大学,,物理、化学(2科必选),521,51926,,,0,四川,公办,0,0
山东,2025,综合,普通类一段,,西华大学,,物理必选,529,120213,,,0,四川,公办,0,0
山东,2025,综合,普通类一段,,西华师范大学,,不限,522,111277,,,0,四川,公办,0,0
山东,2025,综合,普通类一段,,西华师范大学,,物化生(3科必选),493,202417,,,0,四川,公办,0,0
山东,2025,综合,普通类一段,,西华师范大学,,物理、化学(2科必选),485,221920,,,0,四川,公办,0,0
山东,2025,综合,普通类一段,,西南交通大学,,历史、思想政治(2科必选),605,21486,,,0,四川,公办,0,1
山东,2025,综合,普通类一段,,西南交通大学,,历史必选,596,17193,,,0,四川,公办,0,1
山东,2025,综合,普通类一段,,西南交通大学,,思想政治必选,597,15138,,,0,四川,公办,0,1
山东,2025,综合,普通类一段,,西南交通大学,,物理、化学(2科必选),562,10413,,,0,四川,公办,0,1
山东,2025,综合,普通类一段,,西南交通大学希望学院,,不限,494,44703,,,0,四川,民办,0,0
山东,2025,综合,普通类一段,,西南交通大学希望学院,,物理、化学(2科必选),456,265440,,,0,四川,民办,0,0
山东,2025,综合,普通类一段,,西南交通大学希望学院,,物理必选,441,298768,,,0,四川,民办,0,0
山东,2025,综合,普通类一段,,西南医科大学,,不限,523,33741,,,0,四川,公办,0,0
山东,2025,综合,普通类一段,,西南医科大学,,物理、化学(2科必选),517,38962,,,0,四川,公办,0,0
山东,2025,综合,普通类一段,,西南大学,,不限,582,12849,,,0,重庆,公办,0,1
山东,2025,综合,普通类一段,,西南大学,,历史必选,614,14028,,,0,重庆,公办,0,1
山东,2025,综合,普通类一段,,西南大学,,地理必选,608,19403,,,0,重庆,公办,0,1
山东,2025,综合,普通类一段,,西南大学,,物化生(3科必选),596,24387,,,0,重庆,公办,0,1
山东,2025,综合,普通类一段,,西南大学,,物理、化学(2科必选),551,13414,,,0,重庆,公办,0,1
山东,2025,综合,普通类一段,,西南大学,,物理必选,585,37158,,,0,重庆,公办,0,1
山东,2025,综合,普通类一段,,西南大学,,生物必选,589,33655,,,0,重庆,公办,0,1
山东,2025,综合,普通类一段,,西南政法大学,,不限,599,9510,,,0,重庆,公办,0,0
山东,2025,综合,普通类一段,,西南政法大学,,思想政治必选,606,19464,,,0,重庆,公办,0,0
山东,2025,综合,普通类一段,,西南政法大学,,物理、化学(2科必选),588,34220,,,0,重庆,公办,0,0
山东,2025,综合,普通类一段,,西南政法大学,,物理必选,582,39980,,,0,重庆,公办,0,0
山东,2025,综合,普通类一段,,西南林业大学,,不限,515,128730,,,0,云南,公办,0,0
山东,2025,综合,普通类一段,,西南林业大学,,物理、化学(2科必选),481,134658,,,0,云南,公办,0,0
山东,2025,综合,普通类一段,,西南林业大学,,生物必选,526,127010,,,0,云南,公办,0,0
山东,2025,综合,普通类一段,,西南民族大学,,不限,509,30868,,,0,四川,公办,0,0
山东,2025,综合,普通类一段,,西南民族大学,,历史必选,562,64137,,,0,四川,公办,0,0
山东,2025,综合,普通类一段,,西南民族大学,,物理、化学(2科必选),527,64821,,,0,四川,公办,0,0
山东,2025,综合,普通类一段,,西南民族大学,,物理必选,545,90769,,,0,四川,公办,0,0
山东,2025,综合,普通类一段,,西南石油大学,,不限,553,22286,,,0,四川,公办,0,0
山东,2025,综合,普通类一段,,西南石油大学,,历史、思想政治(2科必选),590,32887,,,0,四川,公办,0,0
山东,2025,综合,普通类一段,,西南石油大学,,历史必选,581,41387,,,0,四川,公办,0,0
山东,2025,综合,普通类一段,,西南石油大学,,物理、化学(2科必选),546,24575,,,0,四川,公办,0,0
山东,2025,综合,普通类一段,,西南石油大学,,物理、地理(2科必选),578,44245,,,0,四川,公办,0,0
山东,2025,综合,普通类一段,,西南石油大学,,物理必选,564,61155,,,0,四川,公办,0,0
山东,2025,综合,普通类一段,,西南科技大学,,不限,528,51403,,,0,四川,公办,0,0
山东,2025,综合,普通类一段,,西南科技大学,,历史、思想政治(2科必选),558,69975,,,0,四川,公办,0,0
山东,2025,综合,普通类一段,,西南科技大学,,物理、化学(2科必选),450,48224,,,0,四川,公办,0,0
山东,2025,综合,普通类一段,,西南科技大学,,物理必选,514,106279,,,0,四川,公办,0,0
山东,2025,综合,普通类一段,,西南财经大学,,不限,582,9194,,,0,四川,公办,0,1
山东,2025,综合,普通类一段,,西南财经大学,,物理、化学(2科必选),606,13867,,,0,四川,公办,0,1
山东,2025,综合,普通类一段,,西南财经大学,,物理必选,580,14900,,,0,四川,公办,0,1
山东,2025,综合,普通类一段,,西南财经大学天府学院,,不限,496,194326,,,0,四川,民办,0,0
山东,2025,综合,普通类一段,,西南财经大学天府学院,,化学必选,481,233954,,,0,四川,民办,0,0
山东,2025,综合,普通类一段,,西南财经大学天府学院,,物理、化学(2科必选),450,311120,,,0,四川,民办,0,0
山东,2025,综合,普通类一段,,西安交通大学,,历史必选,640,4673,,,0,陕西,公办,1,1
山东,2025,综合,普通类一段,,西安交通大学,,物理、化学(2科必选),596,890,,,0,陕西,公办,1,1
山东,2025,综合,普通类一段,,西安交通大学,,物理必选,645,4673,,,0,陕西,公办,1,1
山东,2025,综合,普通类一段,,西安交通大学城市学院,,不限,501,184687,,,0,陕西,民办,0,0
山东,2025,综合,普通类一段,,西安交通大学城市学院,,物理、化学(2科必选),461,275908,,,0,陕西,民办,0,0
山东,2025,综合,普通类一段,,西安交通工程学院,,不限,487,198676,,,0,陕西,民办,0,0
山东,2025,综合,普通类一段,,西安交通工程学院,,物理、化学(2科必选),448,290079,,,0,陕西,民办,0,0
山东,2025,综合,普通类一段,,西安体育学院,,不限,506,151287,,,0,陕西,公办,0,0
山东,2025,综合,普通类一段,,西安体育学院,,物理、化学(2科必选),492,205798,,,0,陕西,公办,0,0
山东,2025,综合,普通类一段,,西安信息职业大学,,物理必选,448,210250,,,0,陕西,民办,0,0
山东,2025,综合,普通类一段,,西安医学院,,不限,514,149629,,,0,陕西,公办,0,0
山东,2025,综合,普通类一段,,西安医学院,,物理、化学(2科必选),447,162369,,,0,陕西,公办,0,0
山东,2025,综合,普通类一段,,西安医学院,,生物必选,525,109650,,,0,陕西,公办,0,0
山东,2025,综合,普通类一段,,西安培华学院,,不限,482,166823,,,0,陕西,民办,0,0
山东,2025,综合,普通类一段,,西安培华学院,,物理、化学(2科必选),443,277830,,,0,陕西,民办,0,0
山东,2025,综合,普通类一段,,西安培华学院,,物理必选,443,326819,,,0,陕西,民办,0,0
山东,2025,综合,普通类一段,,西安培华学院,,生物必选,502,182091,,,0,陕西,民办,0,0
山东,2025,综合,普通类一段,,西安外事学院,,不限,473,205689,,,0,陕西,民办,0,0
山东,2025,综合,普通类一段,,西安外事学院,,物理、化学(2科必选),443,326760,,,0,陕西,民办,0,0
山东,2025,综合,普通类一段,,西安外国语大学,,不限,570,32103,,,0,陕西,公办,0,0
山东,2025,综合,普通类一段,,西安外国语大学,,物理、化学(2科必选),569,54265,,,0,陕西,公办,0,0
山东,2025,综合,普通类一段,,西安工业大学,,不限,548,43903,,,0,陕西,公办,0,0
山东,2025,综合,普通类一段,,西安工业大学,,物理、化学(2科必选),511,30175,,,0,陕西,公办,0,0
山东,2025,综合,普通类一段,,西安工业大学,,物理必选,563,61956,,,0,陕西,公办,0,0
山东,2025,综合,普通类一段,,西安工商学院,,不限,486,204901,,,0,陕西,民办,0,0
山东,2025,综合,普通类一段,,西安工商学院,,物理、化学(2科必选),450,308538,,,0,陕西,民办,0,0
山东,2025,综合,普通类一段,,西安工商学院,,物理必选,457,272440,,,0,陕西,民办,0,0
山东,2025,综合,普通类一段,,西安工程大学,,不限,528,92614,,,0,陕西,公办,0,0
山东,2025,综合,普通类一段,,西安工程大学,,历史必选,545,90885,,,0,陕西,公办,0,0
山东,2025,综合,普通类一段,,西安工程大学,,物理、化学(2科必选),502,46721,,,0,陕西,公办,0,0
山东,2025,综合,普通类一段,,西安工程大学,,物理必选,524,67787,,,0,陕西,公办,0,0
山东,2025,综合,普通类一段,,西安建筑科技大学,,不限,555,30286,,,0,陕西,公办,0,0
山东,2025,综合,普通类一段,,西安建筑科技大学,,物理、化学(2科必选),498,35495,,,0,陕西,公办,0,0
山东,2025,综合,普通类一段,,西安建筑科技大学,,物理必选,498,60331,,,0,陕西,公办,0,0
山东,2025,综合,普通类一段,,西安建筑科技大学华清学院,,不限,485,189010,,,0,陕西,民办,0,0
山东,2025,综合,普通类一段,,西安建筑科技大学华清学院,,物理、化学(2科必选),447,270252,,,0,陕西,民办,0,0
山东,2025,综合,普通类一段,,西安建筑科技大学华清学院,,物理必选,462,268167,,,0,陕西,民办,0,0
山东,2025,综合,普通类一段,,西安思源学院,,不限,477,202776,,,0,陕西,民办,0,0
山东,2025,综合,普通类一段,,西安文理学院,,历史、思想政治(2科必选),527,125418,,,0,陕西,公办,0,0
山东,2025,综合,普通类一段,,西安文理学院,,历史必选,522,90572,,,0,陕西,公办,0,0
山东,2025,综合,普通类一段,,西安文理学院,,物理、化学(2科必选),483,202047,,,0,陕西,公办,0,0
山东,2025,综合,普通类一段,,西安明德理工学院,,不限,472,208076,,,0,陕西,民办,0,0
山东,2025,综合,普通类一段,,西安明德理工学院,,物理、化学(2科必选),447,277678,,,0,陕西,民办,0,0
山东,2025,综合,普通类一段,,西安明德理工学院,,物理必选,469,262639,,,0,陕西,民办,0,0
山东,2025,综合,普通类一段,,西安欧亚学院,,不限,482,189433,,,0,陕西,民办,0,0
山东,2025,综合,普通类一段,,西安欧亚学院,,物理、化学(2科必选),445,273044,,,0,陕西,民办,0,0
山东,2025,综合,普通类一段,,西安欧亚学院,,物理必选,442,331168,,,0,陕西,民办,0,0
山东,2025,综合,普通类一段,,西安汽车职业大学,,不限,484,211028,,,0,陕西,民办,0,0
山东,2025,综合,普通类一段,,西安汽车职业大学,,物理必选,453,244425,,,0,陕西,民办,0,0
山东,2025,综合,普通类一段,,西安理工大学,,物理、化学(2科必选),504,27755,,,0,陕西,公办,0,0
山东,2025,综合,普通类一段,,西安理工大学,,物理必选,553,39187,,,0,陕西,公办,0,0
山东,2025,综合,普通类一段,,西安理工大学,,生物必选,542,95355,,,0,陕西,公办,0,0
山东,2025,综合,普通类一段,,西安电子科技大学,,物理、化学(2科必选),601,7068,,,0,陕西,公办,0,1
山东,2025,综合,普通类一段,,西安电子科技大学,,物理必选,585,16584,,,0,陕西,公办,0,1
山东,2025,综合,普通类一段,,西安石油大学,,不限,547,44481,,,0,陕西,公办,0,0
山东,2025,综合,普通类一段,,西安石油大学,,物理、化学(2科必选),527,36953,,,0,陕西,公办,0,0
山东,2025,综合,普通类一段,,西安石油大学,,物理必选,562,63370,,,0,陕西,公办,0,0
山东,2025,综合,普通类一段,,西安科技大学,,不限,554,47373,,,0,陕西,公办,0,0
山东,2025,综合,普通类一段,,西安科技大学,,地理必选,568,56162,,,0,陕西,公办,0,0
山东,2025,综合,普通类一段,,西安科技大学,,物理、化学(2科必选),515,30309,,,0,陕西,公办,0,0
山东,2025,综合,普通类一段,,西安科技大学,,物理必选,533,77206,,,0,陕西,公办,0,0
山东,2025,综合,普通类一段,,西安科技大学高新学院,,不限,478,201002,,,0,陕西,民办,0,0
山东,2025,综合,普通类一段,,西安科技大学高新学院,,物理、化学(2科必选),447,300000,,,0,陕西,民办,0,0
山东,2025,综合,普通类一段,,西安美术学院,,不限,524,103188,,,0,陕西,公办,0,0
山东,2025,综合,普通类一段,,西安翻译学院,,不限,467,253766,,,0,陕西,民办,0,0
山东,2025,综合,普通类一段,,西安航空学院,,物理、化学(2科必选),479,95690,,,0,陕西,公办,0,0
山东,2025,综合,普通类一段,,西安财经大学,,不限,536,37389,,,0,陕西,公办,0,0
山东,2025,综合,普通类一段,,西安财经大学,,物理、化学(2科必选),557,66359,,,0,陕西,公办,0,0
山东,2025,综合,普通类一段,,西安财经大学,,物理必选,518,84942,,,0,陕西,公办,0,0
山东,2025,综合,普通类一段,,西安邮电大学,,不限,528,123426,,,0,陕西,公办,0,0
山东,2025,综合,普通类一段,,西安邮电大学,,物理、化学(2科必选),561,25853,,,0,陕西,公办,0,0
山东,2025,综合,普通类一段,,西昌学院,,不限,501,151286,,,0,四川,公办,0,0
山东,2025,综合,普通类一段,,西昌学院,,物理、化学(2科必选),464,224503,,,0,四川,公办,0,0
山东,2025,综合,普通类一段,,西藏农牧大学,,不限,500,174843,,,0,西藏,公办,0,0
山东,2025,综合,普通类一段,,西藏农牧大学,,地理必选,500,186610,,,0,西藏,公办,0,0
山东,2025,综合,普通类一段,,西藏农牧大学,,物理、化学(2科必选),461,209937,,,0,西藏,公办,0,0
山东,2025,综合,普通类一段,,西藏农牧大学,,生物必选,500,186447,,,0,西藏,公办,0,0
山东,2025,综合,普通类一段,,西藏大学,,不限,546,46872,,,0,西藏,公办,0,1
山东,2025,综合,普通类一段,,西藏大学,,历史、地理(2科必选),550,82893,,,0,西藏,公办,0,1
山东,2025,综合,普通类一段,,西藏大学,,历史、思想政治(2科必选),573,45807,,,0,西藏,公办,0,1
山东,2025,综合,普通类一段,,西藏大学,,历史必选,570,51618,,,0,西藏,公办,0,1
山东,2025,综合,普通类一段,,西藏大学,,地理必选,558,70091,,,0,西藏,公办,0,1
山东,2025,综合,普通类一段,,西藏大学,,物化生(3科必选),533,76065,,,0,西藏,公办,0,1
山东,2025,综合,普通类一段,,西藏大学,,物理、化学(2科必选),529,63401,,,0,西藏,公办,0,1
山东,2025,综合,普通类一段,,西藏大学,,物理必选,539,101650,,,0,西藏,公办,0,1
山东,2025,综合,普通类一段,,西藏民族大学,,不限,507,82884,,,0,陕西,公办,0,0
山东,2025,综合,普通类一段,,西藏民族大学,,历史、思想政治(2科必选),540,99910,,,0,陕西,公办,0,0
山东,2025,综合,普通类一段,,西藏民族大学,,历史必选,532,100263,,,0,陕西,公办,0,0
山东,2025,综合,普通类一段,,西藏民族大学,,物化生(3科必选),532,113723,,,0,陕西,公办,0,0
山东,2025,综合,普通类一段,,西藏民族大学,,物理、化学(2科必选),507,134911,,,0,陕西,公办,0,0
山东,2025,综合,普通类一段,,西藏民族大学,,物理必选,513,155334,,,0,陕西,公办,0,0
山东,2025,综合,普通类一段,,许昌学院,,不限,506,110602,,,0,河南,公办,0,0
山东,2025,综合,普通类一段,,许昌学院,,化学必选,493,203233,,,0,河南,公办,0,0
山东,2025,综合,普通类一段,,许昌学院,,地理必选,514,153896,,,0,河南,公办,0,0
山东,2025,综合,普通类一段,,许昌学院,,物理、化学(2科必选),473,201217,,,0,河南,公办,0,0
山东,2025,综合,普通类一段,,许昌学院,,物理必选,480,234465,,,0,河南,公办,0,0
山东,2025,综合,普通类一段,,豫北医学院,,物化生(3科必选),510,162182,,,0,河南,民办,0,0
山东,2025,综合,普通类一段,,豫北医学院,,物理、化学(2科必选),473,245463,,,0,河南,民办,0,0
山东,2025,综合,普通类一段,,贵州医科大学,,不限,535,41833,,,0,贵州,公办,0,0
山东,2025,综合,普通类一段,,贵州医科大学,,思想政治必选,537,105827,,,0,贵州,公办,0,0
山东,2025,综合,普通类一段,,贵州医科大学,,物理、化学(2科必选),449,48259,,,0,贵州,公办,0,0
山东,2025,综合,普通类一段,,贵州医科大学,,物理必选,497,155162,,,0,贵州,公办,0,0
山东,2025,综合,普通类一段,,贵州商学院,,不限,500,153901,,,0,贵州,公办,0,0
山东,2025,综合,普通类一段,,贵州大学,,不限,541,25037,,,0,贵州,公办,0,1
山东,2025,综合,普通类一段,,贵州大学,,思想政治必选,592,31186,,,0,贵州,公办,0,1
山东,2025,综合,普通类一段,,贵州大学,,物理、化学(2科必选),542,25234,,,0,贵州,公办,0,1
山东,2025,综合,普通类一段,,贵州大学,,物理必选,563,62001,,,0,贵州,公办,0,1
山东,2025,综合,普通类一段,,贵州师范大学,,不限,502,119475,,,0,贵州,公办,0,0
山东,2025,综合,普通类一段,,贵州师范大学,,历史必选,548,85463,,,0,贵州,公办,0,0
山东,2025,综合,普通类一段,,贵州师范大学,,地理必选,539,101967,,,0,贵州,公办,0,0
山东,2025,综合,普通类一段,,贵州师范大学,,物理、化学(2科必选),488,148702,,,0,贵州,公办,0,0
山东,2025,综合,普通类一段,,贵州师范学院,,不限,508,168052,,,0,贵州,公办,0,0
山东,2025,综合,普通类一段,,贵州师范学院,,物化生(3科必选),478,240359,,,0,贵州,公办,0,0
山东,2025,综合,普通类一段,,贵州师范学院,,物理、化学(2科必选),466,215931,,,0,贵州,公办,0,0
山东,2025,综合,普通类一段,,贵州师范学院,,物理必选,477,243478,,,0,贵州,公办,0,0
山东,2025,综合,普通类一段,,贵州民族大学,,不限,513,103920,,,0,贵州,公办,0,0
山东,2025,综合,普通类一段,,贵州民族大学,,史政地(3科必选),527,125397,,,0,贵州,公办,0,0
山东,2025,综合,普通类一段,,贵州民族大学,,思想政治、地理(2科必选),518,144705,,,0,贵州,公办,0,0
山东,2025,综合,普通类一段,,贵州民族大学,,物化生(3科必选),475,222517,,,0,贵州,公办,0,0
山东,2025,综合,普通类一段,,贵州民族大学,,物理、化学(2科必选),478,169562,,,0,贵州,公办,0,0
山东,2025,综合,普通类一段,,贵州民族大学,,物理必选,482,229242,,,0,贵州,公办,0,0
山东,2025,综合,普通类一段,,贵州民族大学,,生物、思想政治(2科必选),507,170213,,,0,贵州,公办,0,0
山东,2025,综合,普通类一段,,贵州理工学院,,物理、化学(2科必选),472,200315,,,0,贵州,公办,0,0
山东,2025,综合,普通类一段,,贵州理工学院,,物理、地理(2科必选),486,220897,,,0,贵州,公办,0,0
山东,2025,综合,普通类一段,,贵州警察学院,,不限,537,67470,,,0,贵州,公办,0,0
山东,2025,综合,普通类一段,,贵州警察学院,,物理、化学(2科必选),512,157626,,,0,贵州,公办,0,0
山东,2025,综合,普通类一段,,贵州财经大学,,不限,519,63045,,,0,贵州,公办,0,0
山东,2025,综合,普通类一段,,贵州财经大学,,物理、化学(2科必选),528,89694,,,0,贵州,公办,0,0
山东,2025,综合,普通类一段,,贵州财经大学,,物理必选,447,124385,,,0,贵州,公办,0,0
山东,2025,综合,普通类一段,,贵州黔南科技学院,,不限,490,210920,,,0,贵州,民办,0,0
山东,2025,综合,普通类一段,,贵阳信息科技学院,,不限,491,197569,,,0,贵州,民办,0,0
山东,2025,综合,普通类一段,,贵阳信息科技学院,,物理、化学(2科必选),446,293537,,,0,贵州,民办,0,0
山东,2025,综合,普通类一段,,贵阳信息科技学院,,物理必选,472,254775,,,0,贵州,民办,0,0
山东,2025,综合,普通类一段,,贵阳学院,,不限,512,91051,,,0,贵州,公办,0,0
山东,2025,综合,普通类一段,,贵阳学院,,物理、化学(2科必选),474,187045,,,0,贵州,公办,0,0
山东,2025,综合,普通类一段,,贵阳康养职业大学,,不限,508,154203,,,0,贵州,公办,0,0
山东,2025,综合,普通类一段,,贵阳康养职业大学,,物理、化学(2科必选),460,234917,,,0,贵州,公办,0,0
山东,2025,综合,普通类一段,,贵阳康养职业大学,,物理必选,490,165996,,,0,贵州,公办,0,0
山东,2025,综合,普通类一段,,贺州学院,,不限,500,153497,,,0,广西,公办,0,0
山东,2025,综合,普通类一段,,贺州学院,,思想政治必选,512,157251,,,0,广西,公办,0,0
山东,2025,综合,普通类一段,,贺州学院,,物理、化学(2科必选),477,211938,,,0,广西,公办,0,0
山东,2025,综合,普通类一段,,赣东学院,,不限,524,109113,,,0,江西,公办,0,0
山东,2025,综合,普通类一段,,赣东学院,,物理、化学(2科必选),472,214563,,,0,江西,公办,0,0
山东,2025,综合,普通类一段,,赣东学院,,物理必选,489,213284,,,0,江西,公办,0,0
山东,2025,综合,普通类一段,,赣南医科大学,,物理、化学(2科必选),493,72132,,,0,江西,公办,0,0
山东,2025,综合,普通类一段,,赣南师范大学,,不限,512,66874,,,0,江西,公办,0,0
山东,2025,综合,普通类一段,,赣南师范大学,,历史、思想政治(2科必选),549,84515,,,0,江西,公办,0,0
山东,2025,综合,普通类一段,,赣南师范大学,,历史必选,538,71718,,,0,江西,公办,0,0
山东,2025,综合,普通类一段,,赣南师范大学,,地理必选,524,93559,,,0,江西,公办,0,0
山东,2025,综合,普通类一段,,赣南师范大学,,思想政治必选,528,123443,,,0,江西,公办,0,0
山东,2025,综合,普通类一段,,赣南师范大学,,物理、化学(2科必选),483,124814,,,0,江西,公办,0,0
山东,2025,综合,普通类一段,,赣南师范大学,,物理必选,491,151708,,,0,江西,公办,0,0
山东,2025,综合,普通类一段,,赣南师范大学科技学院,,不限,498,170023,,,0,江西,民办,0,0
山东,2025,综合,普通类一段,,赣南师范大学科技学院,,历史必选,501,184641,,,0,江西,民办,0,0
山东,2025,综合,普通类一段,,赣南师范大学科技学院,,物理、化学(2科必选),455,273568,,,0,江西,民办,0,0
山东,2025,综合,普通类一段,,赣南科技学院,,不限,509,109325,,,0,江西,公办,0,0
山东,2025,综合,普通类一段,,赣南科技学院,,物理、化学(2科必选),469,209654,,,0,江西,公办,0,0
山东,2025,综合,普通类一段,,赣南科技学院,,物理必选,476,245742,,,0,江西,公办,0,0
山东,2025,综合,普通类一段,,赤峰学院,,历史必选,506,172919,,,0,内蒙古,公办,0,0
山东,2025,综合,普通类一段,,赤峰学院,,物理、化学(2科必选),466,231749,,,0,内蒙古,公办,0,0
山东,2025,综合,普通类一段,,辽宁中医药大学,,不限,518,36327,,,0,辽宁,公办,0,0
山东,2025,综合,普通类一段,,辽宁中医药大学,,化学必选,475,170339,,,0,辽宁,公办,0,0
山东,2025,综合,普通类一段,,辽宁中医药大学,,物理、化学(2科必选),493,122308,,,0,辽宁,公办,0,0
山东,2025,综合,普通类一段,,辽宁中医药大学,,物理必选,511,159515,,,0,辽宁,公办,0,0
山东,2025,综合,普通类一段,,辽宁传媒学院,,不限,468,219067,,,0,辽宁,民办,0,0
山东,2025,综合,普通类一段,,辽宁传媒学院,,物理、化学(2科必选),441,332636,,,0,辽宁,民办,0,0
山东,2025,综合,普通类一段,,辽宁传媒学院,,物理必选,441,327127,,,0,辽宁,民办,0,0
山东,2025,综合,普通类一段,,辽宁大学,,不限,567,15463,,,0,辽宁,公办,0,1
山东,2025,综合,普通类一段,,辽宁大学,,思想政治必选,593,30226,,,0,辽宁,公办,0,1
山东,2025,综合,普通类一段,,辽宁大学,,物理、化学(2科必选),568,21735,,,0,辽宁,公办,0,1
山东,2025,综合,普通类一段,,辽宁大学,,物理必选,584,37745,,,0,辽宁,公办,0,1
山东,2025,综合,普通类一段,,辽宁对外经贸学院,,不限,475,189692,,,0,辽宁,民办,0,0
山东,2025,综合,普通类一段,,辽宁对外经贸学院,,物理必选,467,267089,,,0,辽宁,民办,0,0
山东,2025,综合,普通类一段,,辽宁工业大学,,不限,527,125610,,,0,辽宁,公办,0,0
山东,2025,综合,普通类一段,,辽宁工业大学,,物理、化学(2科必选),466,67811,,,0,辽宁,公办,0,0
山东,2025,综合,普通类一段,,辽宁工业大学,,物理必选,478,239748,,,0,辽宁,公办,0,0
山东,2025,综合,普通类一段,,辽宁工程技术大学,,物理、化学(2科必选),507,87797,,,0,辽宁,公办,0,0
山东,2025,综合,普通类一段,,辽宁师范大学,,不限,515,151801,,,0,辽宁,公办,0,0
山东,2025,综合,普通类一段,,辽宁师范大学,,物理、化学(2科必选),527,75259,,,0,辽宁,公办,0,0
山东,2025,综合,普通类一段,,辽宁师范大学海华学院,,不限,493,187541,,,0,辽宁,民办,0,0
山东,2025,综合,普通类一段,,辽宁师范大学海华学院,,思想政治必选,492,205849,,,0,辽宁,民办,0,0
山东,2025,综合,普通类一段,,辽宁师范大学海华学院,,物理、化学(2科必选),453,285288,,,0,辽宁,民办,0,0
山东,2025,综合,普通类一段,,辽宁石油化工大学,,物理、化学(2科必选),494,77970,,,0,辽宁,公办,0,0
山东,2025,综合,普通类一段,,辽宁科技大学,,不限,517,107734,,,0,辽宁,公办,0,0
山东,2025,综合,普通类一段,,辽宁科技大学,,物理、化学(2科必选),465,56191,,,0,辽宁,公办,0,0
山东,2025,综合,普通类一段,,辽宁科技学院,,物理、化学(2科必选),475,141349,,,0,辽宁,公办,0,0
山东,2025,综合,普通类一段,,辽宁科技学院,,物理必选,483,227327,,,0,辽宁,公办,0,0
山东,2025,综合,普通类一段,,运城学院,,不限,501,174816,,,0,山西,公办,0,0
山东,2025,综合,普通类一段,,运城学院,,物理、化学(2科必选),469,237946,,,0,山西,公办,0,0
山东,2025,综合,普通类一段,,运城职业技术大学,,不限,490,182478,,,0,山西,民办,0,0
山东,2025,综合,普通类一段,,运城职业技术大学,,物理必选,450,255132,,,0,山西,民办,0,0
山东,2025,综合,普通类一段,,通化师范学院,,不限,503,117171,,,0,吉林,公办,0,0
山东,2025,综合,普通类一段,,通化师范学院,,思想政治必选,514,154378,,,0,吉林,公办,0,0
山东,2025,综合,普通类一段,,通化师范学院,,物理、化学(2科必选),457,234519,,,0,吉林,公办,0,0
山东,2025,综合,普通类一段,,遵义医科大学,,不限,524,131242,,,0,贵州,公办,0,0
山东,2025,综合,普通类一段,,遵义医科大学,,物理、化学(2科必选),500,50886,,,0,贵州,公办,0,0
山东,2025,综合,普通类一段,,遵义医科大学,,生物必选,543,94571,,,0,贵州,公办,0,0
山东,2025,综合,普通类一段,,遵义医科大学医学与科技学院,,物理、化学(2科必选),491,195097,,,0,贵州,民办,0,0
山东,2025,综合,普通类一段,,遵义师范学院,,不限,509,119776,,,0,贵州,公办,0,0
山东,2025,综合,普通类一段,,遵义师范学院,,历史必选,517,147584,,,0,贵州,公办,0,0
山东,2025,综合,普通类一段,,遵义师范学院,,思想政治必选,527,124819,,,0,贵州,公办,0,0
山东,2025,综合,普通类一段,,遵义师范学院,,物化生(3科必选),474,249362,,,0,贵州,公办,0,0
山东,2025,综合,普通类一段,,遵义师范学院,,物理、化学(2科必选),480,185129,,,0,贵州,公办,0,0
山东,2025,综合,普通类一段,,邢台学院,,不限,509,145254,,,0,河北,公办,0,0
山东,2025,综合,普通类一段,,邢台学院,,思想政治必选,516,149427,,,0,河北,公办,0,0
山东,2025,综合,普通类一段,,邢台学院,,物理、化学(2科必选),468,259506,,,0,河北,公办,0,0
山东,2025,综合,普通类一段,,邯郸学院,,不限,518,145183,,,0,河北,公办,0,0
山东,2025,综合,普通类一段,,邯郸学院,,物理、化学(2科必选),478,188626,,,0,河北,公办,0,0
山东,2025,综合,普通类一段,,邵阳学院,,不限,505,109813,,,0,湖南,公办,0,0
山东,2025,综合,普通类一段,,邵阳学院,,化学必选,487,216830,,,0,湖南,公办,0,0
山东,2025,综合,普通类一段,,邵阳学院,,思想政治必选,515,152051,,,0,湖南,公办,0,0
山东,2025,综合,普通类一段,,邵阳学院,,物理、化学(2科必选),465,124420,,,0,湖南,公办,0,0
山东,2025,综合,普通类一段,,邵阳学院,,物理必选,477,242930,,,0,湖南,公办,0,0
山东,2025,综合,普通类一段,,郑州健康学院,,化学必选,487,217905,,,0,河南,民办,0,0
山东,2025,综合,普通类一段,,郑州健康学院,,物理、化学(2科必选),460,280315,,,0,河南,民办,0,0
山东,2025,综合,普通类一段,,郑州升达经贸管理学院,,不限,493,178818,,,0,河南,民办,0,0
山东,2025,综合,普通类一段,,郑州升达经贸管理学院,,历史必选,502,181937,,,0,河南,民办,0,0
山东,2025,综合,普通类一段,,郑州升达经贸管理学院,,物理、化学(2科必选),459,285533,,,0,河南,民办,0,0
山东,2025,综合,普通类一段,,郑州商学院,,不限,494,181697,,,0,河南,民办,0,0
山东,2025,综合,普通类一段,,郑州商学院,,物理、化学(2科必选),461,272899,,,0,河南,民办,0,0
山东,2025,综合,普通类一段,,郑州商学院,,物理必选,441,332142,,,0,河南,民办,0,0
山东,2025,综合,普通类一段,,郑州大学,,不限,597,15654,,,0,河南,公办,0,1
山东,2025,综合,普通类一段,,郑州大学,,思想政治必选,595,28299,,,0,河南,公办,0,1
山东,2025,综合,普通类一段,,郑州大学,,物理、化学(2科必选),571,17044,,,0,河南,公办,0,1
山东,2025,综合,普通类一段,,郑州大学,,物理必选,583,28832,,,0,河南,公办,0,1
山东,2025,综合,普通类一段,,郑州工业应用技术学院,,不限,492,186538,,,0,河南,民办,0,0
山东,2025,综合,普通类一段,,郑州工商学院,,不限,502,158728,,,0,河南,民办,0,0
山东,2025,综合,普通类一段,,郑州工商学院,,物理、化学(2科必选),465,272441,,,0,河南,民办,0,0
山东,2025,综合,普通类一段,,郑州工程技术学院,,不限,506,168196,,,0,河南,公办,0,0
山东,2025,综合,普通类一段,,郑州工程技术学院,,物理、化学(2科必选),471,250623,,,0,河南,公办,0,0
山东,2025,综合,普通类一段,,郑州师范学院,,历史必选,548,86175,,,0,河南,公办,0,0
山东,2025,综合,普通类一段,,郑州师范学院,,物理、化学(2科必选),516,147631,,,0,河南,公办,0,0
山东,2025,综合,普通类一段,,郑州科技学院,,不限,497,186799,,,0,河南,民办,0,0
山东,2025,综合,普通类一段,,郑州科技学院,,物理、化学(2科必选),464,271018,,,0,河南,民办,0,0
山东,2025,综合,普通类一段,,郑州航空工业管理学院,,不限,524,131032,,,0,河南,公办,0,0
山东,2025,综合,普通类一段,,郑州航空工业管理学院,,物理、化学(2科必选),472,116575,,,0,河南,公办,0,0
山东,2025,综合,普通类一段,,郑州航空工业管理学院,,物理必选,467,131623,,,0,河南,公办,0,0
山东,2025,综合,普通类一段,,郑州西亚斯学院,,不限,478,187582,,,0,河南,民办,0,0
山东,2025,综合,普通类一段,,郑州西亚斯学院,,物理、化学(2科必选),456,270398,,,0,河南,民办,0,0
山东,2025,综合,普通类一段,,郑州财经学院,,不限,496,178501,,,0,河南,民办,0,0
山东,2025,综合,普通类一段,,郑州财经学院,,物理、化学(2科必选),450,280385,,,0,河南,民办,0,0
山东,2025,综合,普通类一段,,郑州财经学院,,物理必选,452,280451,,,0,河南,民办,0,0
山东,2025,综合,普通类一段,,郑州轻工业大学,,不限,534,58700,,,0,河南,公办,0,0
山东,2025,综合,普通类一段,,郑州轻工业大学,,物理、化学(2科必选),511,60940,,,0,河南,公办,0,0
山东,2025,综合,普通类一段,,酒泉职业技术大学,,不限,501,176185,,,0,甘肃,公办,0,0
山东,2025,综合,普通类一段,,酒泉职业技术大学,,物理必选,481,233290,,,0,甘肃,公办,0,0
山东,2025,综合,普通类一段,,重庆三峡学院,,不限,516,96558,,,0,重庆,公办,0,0
山东,2025,综合,普通类一段,,重庆三峡学院,,物理、化学(2科必选),481,117084,,,0,重庆,公办,0,0
山东,2025,综合,普通类一段,,重庆中医药学院,,不限,549,57378,,,0,重庆,公办,0,0
山东,2025,综合,普通类一段,,重庆中医药学院,,物理、化学(2科必选),490,133164,,,0,重庆,公办,0,0
山东,2025,综合,普通类一段,,重庆交通大学,,不限,556,50462,,,0,重庆,公办,0,0
山东,2025,综合,普通类一段,,重庆交通大学,,物理、化学(2科必选),515,36000,,,0,重庆,公办,0,0
山东,2025,综合,普通类一段,,重庆交通大学,,物理必选,465,98866,,,0,重庆,公办,0,0
山东,2025,综合,普通类一段,,重庆医科大学,,不限,570,54017,,,0,重庆,公办,0,0
山东,2025,综合,普通类一段,,重庆医科大学,,化学必选,566,58085,,,0,重庆,公办,0,0
山东,2025,综合,普通类一段,,重庆医科大学,,物理、化学(2科必选),520,8645,,,0,重庆,公办,0,0
山东,2025,综合,普通类一段,,重庆外语外事学院,,不限,490,189670,,,0,重庆,民办,0,0
山东,2025,综合,普通类一段,,重庆大学,,不限,627,9799,,,0,重庆,公办,1,1
山东,2025,综合,普通类一段,,重庆大学,,历史必选,626,10541,,,0,重庆,公办,1,1
山东,2025,综合,普通类一段,,重庆大学,,物理、化学(2科必选),607,4588,,,0,重庆,公办,1,1
山东,2025,综合,普通类一段,,重庆对外经贸学院,,不限,502,182538,,,0,重庆,民办,0,0
山东,2025,综合,普通类一段,,重庆对外经贸学院,,物理、化学(2科必选),463,277407,,,0,重庆,民办,0,0
山东,2025,综合,普通类一段,,重庆工商大学,,不限,533,32950,,,0,重庆,公办,0,0
山东,2025,综合,普通类一段,,重庆工商大学,,物理、化学(2科必选),516,50161,,,0,重庆,公办,0,0
山东,2025,综合,普通类一段,,重庆工商大学,,物理必选,519,58137,,,0,重庆,公办,0,0
山东,2025,综合,普通类一段,,重庆工商大学,,生物必选,527,125726,,,0,重庆,公办,0,0
山东,2025,综合,普通类一段,,重庆师范大学,,不限,544,39488,,,0,重庆,公办,0,0
山东,2025,综合,普通类一段,,重庆师范大学,,历史必选,543,38372,,,0,重庆,公办,0,0
山东,2025,综合,普通类一段,,重庆师范大学,,地理必选,572,51405,,,0,重庆,公办,0,0
山东,2025,综合,普通类一段,,重庆师范大学,,思想政治必选,583,39475,,,0,重庆,公办,0,0
山东,2025,综合,普通类一段,,重庆师范大学,,物化生(3科必选),464,274796,,,0,重庆,公办,0,0
山东,2025,综合,普通类一段,,重庆师范大学,,物理、化学(2科必选),468,55955,,,0,重庆,公办,0,0
山东,2025,综合,普通类一段,,重庆师范大学,,物理必选,509,164152,,,0,重庆,公办,0,0
山东,2025,综合,普通类一段,,重庆文理学院,,不限,512,99908,,,0,重庆,公办,0,0
山东,2025,综合,普通类一段,,重庆文理学院,,物理、化学(2科必选),450,124487,,,0,重庆,公办,0,0
山东,2025,综合,普通类一段,,重庆文理学院,,物理必选,479,237972,,,0,重庆,公办,0,0
山东,2025,综合,普通类一段,,重庆理工大学,,不限,536,43548,,,0,重庆,公办,0,0
山东,2025,综合,普通类一段,,重庆理工大学,,物理、化学(2科必选),544,40285,,,0,重庆,公办,0,0
山东,2025,综合,普通类一段,,重庆理工大学,,物理必选,532,63201,,,0,重庆,公办,0,0
山东,2025,综合,普通类一段,,重庆科技大学,,不限,531,77707,,,0,重庆,公办,0,0
山东,2025,综合,普通类一段,,重庆科技大学,,物理、化学(2科必选),510,82952,,,0,重庆,公办,0,0
山东,2025,综合,普通类一段,,重庆科技大学,,物理必选,493,153094,,,0,重庆,公办,0,0
山东,2025,综合,普通类一段,,重庆移通学院,,不限,496,187759,,,0,重庆,民办,0,0
山东,2025,综合,普通类一段,,重庆移通学院,,物理、化学(2科必选),466,269793,,,0,重庆,民办,0,0
山东,2025,综合,普通类一段,,重庆第二师范学院,,不限,510,110925,,,0,重庆,公办,0,0
山东,2025,综合,普通类一段,,重庆第二师范学院,,物理、化学(2科必选),460,147871,,,0,重庆,公办,0,0
山东,2025,综合,普通类一段,,重庆第二师范学院,,物理必选,488,215714,,,0,重庆,公办,0,0
山东,2025,综合,普通类一段,,重庆财经学院,,不限,506,172356,,,0,重庆,民办,0,0
山东,2025,综合,普通类一段,,重庆财经学院,,物理、化学(2科必选),475,247154,,,0,重庆,民办,0,0
山东,2025,综合,普通类一段,,重庆财经学院,,物理必选,461,283649,,,0,重庆,民办,0,0
山东,2025,综合,普通类一段,,重庆邮电大学,,物理、化学(2科必选),559,24763,,,0,重庆,公办,0,0
山东,2025,综合,普通类一段,,金陵科技学院,,不限,534,60437,,,0,江苏,公办,0,0
山东,2025,综合,普通类一段,,金陵科技学院,,物理、化学(2科必选),489,68893,,,0,江苏,公办,0,0
山东,2025,综合,普通类一段,,金陵科技学院,,物理必选,524,132390,,,0,江苏,公办,0,0
山东,2025,综合,普通类一段,,铜仁学院,,物理、化学(2科必选),467,254386,,,0,贵州,公办,0,0
山东,2025,综合,普通类一段,,铜陵学院,,不限,502,127226,,,0,安徽,公办,0,0
山东,2025,综合,普通类一段,,铜陵学院,,物理、化学(2科必选),468,255110,,,0,安徽,公办,0,0
山东,2025,综合,普通类一段,,银川科技学院,,不限,483,189717,,,0,宁夏,民办,0,0
山东,2025,综合,普通类一段,,银川科技学院,,物理、化学(2科必选),450,276553,,,0,宁夏,民办,0,0
山东,2025,综合,普通类一段,,银川科技学院,,物理必选,463,278721,,,0,宁夏,民办,0,0
山东,2025,综合,普通类一段,,银川能源学院,,物理、化学(2科必选),441,304350,,,0,宁夏,民办,0,0
山东,2025,综合,普通类一段,,锦州医科大学,,物理、化学(2科必选),496,34490,,,0,辽宁,公办,0,0
山东,2025,综合,普通类一段,,锦州医科大学,,物理、生物(2科必选),490,210914,,,0,辽宁,公办,0,0
山东,2025,综合,普通类一段,,长安大学,,不限,582,16679,,,0,陕西,公办,0,1
山东,2025,综合,普通类一段,,长安大学,,思想政治必选,604,22201,,,0,陕西,公办,0,1
山东,2025,综合,普通类一段,,长安大学,,物理、化学(2科必选),560,17365,,,0,陕西,公办,0,1
山东,2025,综合,普通类一段,,长安大学,,物理必选,583,24349,,,0,陕西,公办,0,1
山东,2025,综合,普通类一段,,长春中医药大学,,不限,533,23284,,,0,吉林,公办,0,0
山东,2025,综合,普通类一段,,长春中医药大学,,化学必选,511,108998,,,0,吉林,公办,0,0
山东,2025,综合,普通类一段,,长春中医药大学,,物理、化学(2科必选),483,74262,,,0,吉林,公办,0,0
山东,2025,综合,普通类一段,,长春人文学院,,不限,473,246109,,,0,吉林,民办,0,0
山东,2025,综合,普通类一段,,长春光华学院,,不限,467,201600,,,0,吉林,民办,0,0
山东,2025,综合,普通类一段,,长春光华学院,,物理、化学(2科必选),441,290208,,,0,吉林,民办,0,0
山东,2025,综合,普通类一段,,长春大学,,不限,502,80884,,,0,吉林,公办,0,0
山东,2025,综合,普通类一段,,长春大学,,物理、化学(2科必选),470,79995,,,0,吉林,公办,0,0
山东,2025,综合,普通类一段,,长春大学,,物理必选,498,191132,,,0,吉林,公办,0,0
山东,2025,综合,普通类一段,,长春大学,,生物必选,523,133907,,,0,吉林,公办,0,0
山东,2025,综合,普通类一段,,长春大学旅游学院,,不限,476,213639,,,0,吉林,民办,0,0
山东,2025,综合,普通类一段,,长春工业大学,,不限,520,89035,,,0,吉林,公办,0,0
山东,2025,综合,普通类一段,,长春工业大学,,物理、化学(2科必选),494,65888,,,0,吉林,公办,0,0
山东,2025,综合,普通类一段,,长春工业大学,,物理必选,490,104490,,,0,吉林,公办,0,0
山东,2025,综合,普通类一段,,长春工业大学人文信息学院,,不限,486,188898,,,0,吉林,民办,0,0
山东,2025,综合,普通类一段,,长春工业大学人文信息学院,,物理、化学(2科必选),446,294155,,,0,吉林,民办,0,0
山东,2025,综合,普通类一段,,长春工程学院,,不限,448,315649,,,0,吉林,公办,0,0
山东,2025,综合,普通类一段,,长春工程学院,,物理、化学(2科必选),451,74374,,,0,吉林,公办,0,0
山东,2025,综合,普通类一段,,长春工程学院,,物理必选,472,188555,,,0,吉林,公办,0,0
山东,2025,综合,普通类一段,,长春师范大学,,不限,512,79654,,,0,吉林,公办,0,0
山东,2025,综合,普通类一段,,长春师范大学,,历史必选,502,61296,,,0,吉林,公办,0,0
山东,2025,综合,普通类一段,,长春师范大学,,物理、化学(2科必选),499,157931,,,0,吉林,公办,0,0
山东,2025,综合,普通类一段,,长春建筑学院,,不限,477,221415,,,0,吉林,民办,0,0
山东,2025,综合,普通类一段,,长春建筑学院,,物理、化学(2科必选),441,314969,,,0,吉林,民办,0,0
山东,2025,综合,普通类一段,,长春建筑学院,,物理必选,453,300485,,,0,吉林,民办,0,0
山东,2025,综合,普通类一段,,长春汽车职业技术大学,,物理必选,478,190204,,,0,吉林,公办,0,0
山东,2025,综合,普通类一段,,长春理工大学,,不限,519,43694,,,0,吉林,公办,0,0
山东,2025,综合,普通类一段,,长春理工大学,,物化生(3科必选),529,121234,,,0,吉林,公办,0,0
山东,2025,综合,普通类一段,,长春理工大学,,物理、化学(2科必选),480,29236,,,0,吉林,公办,0,0
山东,2025,综合,普通类一段,,长春理工大学,,物理必选,521,57665,,,0,吉林,公办,0,0
山东,2025,综合,普通类一段,,长春电子科技学院,,物理、化学(2科必选),444,314755,,,0,吉林,民办,0,0
山东,2025,综合,普通类一段,,长春科技学院,,不限,487,141054,,,0,吉林,民办,0,0
山东,2025,综合,普通类一段,,长春科技学院,,物理、化学(2科必选),447,317773,,,0,吉林,民办,0,0
山东,2025,综合,普通类一段,,长春科技学院,,生物必选,493,203350,,,0,吉林,民办,0,0
山东,2025,综合,普通类一段,,长春财经学院,,不限,485,201278,,,0,吉林,民办,0,0
山东,2025,综合,普通类一段,,长春财经学院,,物理、化学(2科必选),445,317070,,,0,吉林,民办,0,0
山东,2025,综合,普通类一段,,长江大学,,不限,531,34533,,,0,湖北,公办,0,0
山东,2025,综合,普通类一段,,长江大学,,化学必选,532,114428,,,0,湖北,公办,0,0
山东,2025,综合,普通类一段,,长江大学,,思想政治必选,569,55147,,,0,湖北,公办,0,0
山东,2025,综合,普通类一段,,长江大学,,物理、化学(2科必选),463,46471,,,0,湖北,公办,0,0
山东,2025,综合,普通类一段,,长江大学,,物理、生物(2科必选),561,65210,,,0,湖北,公办,0,0
山东,2025,综合,普通类一段,,长江大学,,生物必选,536,107274,,,0,湖北,公办,0,0
山东,2025,综合,普通类一段,,长江师范学院,,不限,509,113575,,,0,重庆,公办,0,0
山东,2025,综合,普通类一段,,长江师范学院,,思想政治必选,522,136689,,,0,重庆,公办,0,0
山东,2025,综合,普通类一段,,长江师范学院,,物理、化学(2科必选),465,162387,,,0,重庆,公办,0,0
山东,2025,综合,普通类一段,,长江师范学院,,物理必选,490,186499,,,0,重庆,公办,0,0
山东,2025,综合,普通类一段,,长沙医学院,,不限,531,116877,,,0,湖南,民办,0,0
山东,2025,综合,普通类一段,,长沙医学院,,物理、化学(2科必选),492,131389,,,0,湖南,民办,0,0
山东,2025,综合,普通类一段,,长沙学院,,不限,519,72543,,,0,湖南,公办,0,0
山东,2025,综合,普通类一段,,长沙学院,,物理、化学(2科必选),518,122817,,,0,湖南,公办,0,0
山东,2025,综合,普通类一段,,长沙学院,,物理必选,480,152753,,,0,湖南,公办,0,0
山东,2025,综合,普通类一段,,长沙理工大学,,不限,555,27168,,,0,湖南,公办,0,0
山东,2025,综合,普通类一段,,长沙理工大学,,物理、化学(2科必选),515,20624,,,0,湖南,公办,0,0
山东,2025,综合,普通类一段,,长沙理工大学,,物理必选,550,81498,,,0,湖南,公办,0,0
山东,2025,综合,普通类一段,,长治医学院,,不限,509,57493,,,0,山西,公办,0,0
山东,2025,综合,普通类一段,,长治医学院,,物理、化学(2科必选),478,71935,,,0,山西,公办,0,0
山东,2025,综合,普通类一段,,长治医学院,,物理必选,516,148428,,,0,山西,公办,0,0
山东,2025,综合,普通类一段,,长治医学院,,生物必选,522,118448,,,0,山西,公办,0,0
山东,2025,综合,普通类一段,,长治学院,,不限,503,111084,,,0,山西,公办,0,0
山东,2025,综合,普通类一段,,长治学院,,历史、思想政治(2科必选),514,153118,,,0,山西,公办,0,0
山东,2025,综合,普通类一段,,长治学院,,历史必选,516,138103,,,0,山西,公办,0,0
山东,2025,综合,普通类一段,,长治学院,,物理、化学(2科必选),468,205180,,,0,山西,公办,0,0
山东,2025,综合,普通类一段,,闽南师范大学,,不限,496,98393,,,0,福建,公办,0,0
山东,2025,综合,普通类一段,,闽南师范大学,,物理、化学(2科必选),447,116299,,,0,福建,公办,0,0
山东,2025,综合,普通类一段,,闽南师范大学,,物理必选,489,212794,,,0,福建,公办,0,0
山东,2025,综合,普通类一段,,闽江学院,,不限,514,102143,,,0,福建,公办,0,0
山东,2025,综合,普通类一段,,闽江学院,,物理、化学(2科必选),518,128437,,,0,福建,公办,0,0
山东,2025,综合,普通类一段,,闽江学院,,物理必选,530,117966,,,0,福建,公办,0,0
山东,2025,综合,普通类一段,,阜阳师范大学,,地理必选,534,110662,,,0,安徽,公办,0,0
山东,2025,综合,普通类一段,,阜阳师范大学,,思想政治必选,547,87711,,,0,安徽,公办,0,0
山东,2025,综合,普通类一段,,阜阳师范大学,,物理、化学(2科必选),494,150787,,,0,安徽,公办,0,0
山东,2025,综合,普通类一段,,阜阳理工学院,,物理、化学(2科必选),453,292549,,,0,安徽,民办,0,0
山东,2025,综合,普通类一段,,防灾科技学院,,不限,516,88499,,,0,河北,公办,0,0
山东,2025,综合,普通类一段,,防灾科技学院,,物理、化学(2科必选),485,113841,,,0,河北,公办,0,0
山东,2025,综合,普通类一段,,防灾科技学院,,物理必选,497,192839,,,0,河北,公办,0,0
山东,2025,综合,普通类一段,,阳光学院,,不限,480,193704,,,0,福建,民办,0,0
山东,2025,综合,普通类一段,,阳光学院,,物理、化学(2科必选),441,312453,,,0,福建,民办,0,0
山东,2025,综合,普通类一段,,阳光学院,,物理必选,445,315778,,,0,福建,民办,0,0
山东,2025,综合,普通类一段,,阿坝师范学院,,不限,505,163605,,,0,四川,公办,0,0
山东,2025,综合,普通类一段,,阿坝师范学院,,历史、地理(2科必选),509,164702,,,0,四川,公办,0,0
山东,2025,综合,普通类一段,,阿坝师范学院,,历史、思想政治(2科必选),513,156461,,,0,四川,公办,0,0
山东,2025,综合,普通类一段,,阿坝师范学院,,历史必选,521,138390,,,0,四川,公办,0,0
山东,2025,综合,普通类一段,,阿坝师范学院,,物理、化学(2科必选),465,266284,,,0,四川,公办,0,0
山东,2025,综合,普通类一段,,陆军工程大学,,物理、化学(2科必选),557,19511,,,0,江苏,公办,0,0
山东,2025,综合,普通类一段,,陆军工程大学,,物理必选,578,40710,,,0,江苏,公办,0,0
山东,2025,综合,普通类一段,,陇东学院,,不限,503,143802,,,0,甘肃,公办,0,0
山东,2025,综合,普通类一段,,陇东学院,,化学、生物(2科必选),488,214979,,,0,甘肃,公办,0,0
山东,2025,综合,普通类一段,,陇东学院,,历史、思想政治(2科必选),511,161060,,,0,甘肃,公办,0,0
山东,2025,综合,普通类一段,,陇东学院,,历史必选,511,161147,,,0,甘肃,公办,0,0
山东,2025,综合,普通类一段,,陇东学院,,地理必选,507,163028,,,0,甘肃,公办,0,0
山东,2025,综合,普通类一段,,陇东学院,,物理、化学(2科必选),467,228552,,,0,甘肃,公办,0,0
山东,2025,综合,普通类一段,,陇东学院,,物理必选,482,230404,,,0,甘肃,公办,0,0
山东,2025,综合,普通类一段,,陇南师范学院,,不限,514,154353,,,0,甘肃,公办,0,0
山东,2025,综合,普通类一段,,陇南师范学院,,历史、思想政治(2科必选),510,163373,,,0,甘肃,公办,0,0
山东,2025,综合,普通类一段,,陇南师范学院,,物理、化学(2科必选),474,243870,,,0,甘肃,公办,0,0
山东,2025,综合,普通类一段,,陇南师范学院,,物理必选,483,228219,,,0,甘肃,公办,0,0
山东,2025,综合,普通类一段,,陕西中医药大学,,不限,580,42386,,,0,陕西,公办,0,0
山东,2025,综合,普通类一段,,陕西中医药大学,,化学必选,520,140383,,,0,陕西,公办,0,0
山东,2025,综合,普通类一段,,陕西中医药大学,,物理、化学(2科必选),535,47644,,,0,陕西,公办,0,0
山东,2025,综合,普通类一段,,陕西国际商贸学院,,不限,480,204276,,,0,陕西,民办,0,0
山东,2025,综合,普通类一段,,陕西国际商贸学院,,化学必选,455,298154,,,0,陕西,民办,0,0
山东,2025,综合,普通类一段,,陕西国际商贸学院,,物理、化学(2科必选),458,291448,,,0,陕西,民办,0,0
山东,2025,综合,普通类一段,,陕西学前师范学院,,不限,508,157034,,,0,陕西,公办,0,0
山东,2025,综合,普通类一段,,陕西学前师范学院,,历史必选,515,149188,,,0,陕西,公办,0,0
山东,2025,综合,普通类一段,,陕西学前师范学院,,地理必选,506,172114,,,0,陕西,公办,0,0
山东,2025,综合,普通类一段,,陕西学前师范学院,,思想政治必选,512,158424,,,0,陕西,公办,0,0
山东,2025,综合,普通类一段,,陕西学前师范学院,,物理、化学(2科必选),468,239969,,,0,陕西,公办,0,0
山东,2025,综合,普通类一段,,陕西师范大学,,不限,584,18165,,,0,陕西,公办,0,1
山东,2025,综合,普通类一段,,陕西师范大学,,历史必选,602,16736,,,0,陕西,公办,0,1
山东,2025,综合,普通类一段,,陕西师范大学,,地理必选,609,19036,,,0,陕西,公办,0,1
山东,2025,综合,普通类一段,,陕西师范大学,,思想政治必选,598,20155,,,0,陕西,公办,0,1
山东,2025,综合,普通类一段,,陕西师范大学,,物理、化学(2科必选),567,20509,,,0,陕西,公办,0,1
山东,2025,综合,普通类一段,,陕西师范大学,,物理、生物(2科必选),586,35953,,,0,陕西,公办,0,1
山东,2025,综合,普通类一段,,陕西师范大学,,物理必选,591,31509,,,0,陕西,公办,0,1
山东,2025,综合,普通类一段,,陕西服装工程学院,,不限,476,218920,,,0,陕西,民办,0,0
山东,2025,综合,普通类一段,,陕西服装工程学院,,物理必选,445,322416,,,0,陕西,民办,0,0
山东,2025,综合,普通类一段,,陕西理工大学,,不限,527,68458,,,0,陕西,公办,0,0
山东,2025,综合,普通类一段,,陕西理工大学,,物理、化学(2科必选),498,74927,,,0,陕西,公办,0,0
山东,2025,综合,普通类一段,,陕西科技大学,,不限,556,73031,,,0,陕西,公办,0,0
山东,2025,综合,普通类一段,,陕西科技大学,,物理、化学(2科必选),498,39594,,,0,陕西,公办,0,0
山东,2025,综合,普通类一段,,陕西科技大学镐京学院,,不限,478,198390,,,0,陕西,民办,0,0
山东,2025,综合,普通类一段,,陕西科技大学镐京学院,,物理、化学(2科必选),459,288201,,,0,陕西,民办,0,0
山东,2025,综合,普通类一段,,陕西警察学院,,不限,530,103636,,,0,陕西,公办,0,0
山东,2025,综合,普通类一段,,集宁师范学院,,不限,505,175212,,,0,内蒙古,公办,0,0
山东,2025,综合,普通类一段,,集宁师范学院,,历史、思想政治(2科必选),513,155979,,,0,内蒙古,公办,0,0
山东,2025,综合,普通类一段,,集宁师范学院,,物理、化学(2科必选),466,268626,,,0,内蒙古,公办,0,0
山东,2025,综合,普通类一段,,集美大学,,不限,550,40090,,,0,福建,公办,0,0
山东,2025,综合,普通类一段,,集美大学,,物化生(3科必选),531,98950,,,0,福建,公办,0,0
山东,2025,综合,普通类一段,,集美大学,,物理、化学(2科必选),546,37031,,,0,福建,公办,0,0
山东,2025,综合,普通类一段,,集美大学,,物理必选,562,63734,,,0,福建,公办,0,0
山东,2025,综合,普通类一段,,集美大学诚毅学院,,不限,497,131375,,,0,福建,民办,0,0
山东,2025,综合,普通类一段,,集美大学诚毅学院,,物理、化学(2科必选),465,209817,,,0,福建,民办,0,0
山东,2025,综合,普通类一段,,集美大学诚毅学院,,物理必选,465,273913,,,0,福建,民办,0,0
山东,2025,综合,普通类一段,,青岛农业大学,,不限,498,82781,,,0,山东,公办,0,0
山东,2025,综合,普通类一段,,青岛农业大学,,物理、化学(2科必选),450,108869,,,0,山东,公办,0,0
山东,2025,综合,普通类一段,,青岛农业大学,,物理必选,484,182986,,,0,山东,公办,0,0
山东,2025,综合,普通类一段,,青岛农业大学,,生物必选,518,144223,,,0,山东,公办,0,0
山东,2025,综合,普通类一段,,青岛农业大学海都学院,,不限,492,188729,,,0,山东,民办,0,0
山东,2025,综合,普通类一段,,青岛农业大学海都学院,,物理、化学(2科必选),453,273482,,,0,山东,民办,0,0
山东,2025,综合,普通类一段,,青岛农业大学海都学院,,物理、生物(2科必选),441,331262,,,0,山东,民办,0,0
山东,2025,综合,普通类一段,,青岛农业大学海都学院,,物理必选,444,324432,,,0,山东,民办,0,0
山东,2025,综合,普通类一段,,青岛城市学院,,不限,468,206752,,,0,山东,民办,0,0
山东,2025,综合,普通类一段,,青岛城市学院,,物理、化学(2科必选),441,317017,,,0,山东,民办,0,0
山东,2025,综合,普通类一段,,青岛城市学院,,物理必选,441,329150,,,0,山东,民办,0,0
山东,2025,综合,普通类一段,,青岛大学,,不限,545,26789,,,0,山东,公办,0,0
山东,2025,综合,普通类一段,,青岛大学,,历史必选,570,52893,,,0,山东,公办,0,0
山东,2025,综合,普通类一段,,青岛大学,,地理必选,554,75013,,,0,山东,公办,0,0
山东,2025,综合,普通类一段,,青岛大学,,思想政治必选,561,53750,,,0,山东,公办,0,0
山东,2025,综合,普通类一段,,青岛大学,,物理、化学(2科必选),504,10096,,,0,山东,公办,0,0
山东,2025,综合,普通类一段,,青岛大学,,物理必选,504,61905,,,0,山东,公办,0,0
山东,2025,综合,普通类一段,,青岛大学,,生物必选,553,63453,,,0,山东,公办,0,0
山东,2025,综合,普通类一段,,青岛工学院,,不限,478,191618,,,0,山东,民办,0,0
山东,2025,综合,普通类一段,,青岛工学院,,物理、化学(2科必选),441,269709,,,0,山东,民办,0,0
山东,2025,综合,普通类一段,,青岛工学院,,物理必选,443,326067,,,0,山东,民办,0,0
山东,2025,综合,普通类一段,,青岛恒星科技学院,,不限,469,214056,,,0,山东,民办,0,0
山东,2025,综合,普通类一段,,青岛恒星科技学院,,物理、化学(2科必选),441,322527,,,0,山东,民办,0,0
山东,2025,综合,普通类一段,,青岛恒星科技学院,,物理必选,441,326939,,,0,山东,民办,0,0
山东,2025,综合,普通类一段,,青岛恒星科技学院,,生物必选,468,264844,,,0,山东,民办,0,0
山东,2025,综合,普通类一段,,青岛滨海学院,,不限,468,201494,,,0,山东,民办,0,0
山东,2025,综合,普通类一段,,青岛滨海学院,,物理、化学(2科必选),441,288761,,,0,山东,民办,0,0
山东,2025,综合,普通类一段,,青岛滨海学院,,物理必选,441,316046,,,0,山东,民办,0,0
山东,2025,综合,普通类一段,,青岛滨海学院,,生物必选,478,222792,,,0,山东,民办,0,0
山东,2025,综合,普通类一段,,青岛理工大学,,不限,515,53147,,,0,山东,公办,0,0
山东,2025,综合,普通类一段,,青岛理工大学,,物理、化学(2科必选),456,59503,,,0,山东,公办,0,0
山东,2025,综合,普通类一段,,青岛理工大学,,物理必选,464,95918,,,0,山东,公办,0,0
山东,2025,综合,普通类一段,,青岛电影学院,,不限,464,225163,,,0,山东,民办,0,0
山东,2025,综合,普通类一段,,青岛电影学院,,物理、化学(2科必选),441,331813,,,0,山东,民办,0,0
山东,2025,综合,普通类一段,,青岛科技大学,,不限,524,44742,,,0,山东,公办,0,0
山东,2025,综合,普通类一段,,青岛科技大学,,物理、化学(2科必选),467,46059,,,0,山东,公办,0,0
山东,2025,综合,普通类一段,,青岛科技大学,,物理必选,533,112229,,,0,山东,公办,0,0
山东,2025,综合,普通类一段,,青岛黄海学院,,不限,471,201212,,,0,山东,民办,0,0
山东,2025,综合,普通类一段,,青岛黄海学院,,物理、化学(2科必选),441,285088,,,0,山东,民办,0,0
山东,2025,综合,普通类一段,,青岛黄海学院,,物理必选,441,324620,,,0,山东,民办,0,0
山东,2025,综合,普通类一段,,青岛黄海学院,,生物必选,480,235966,,,0,山东,民办,0,0
山东,2025,综合,普通类一段,,青海大学,,不限,556,34432,,,0,青海,公办,0,1
山东,2025,综合,普通类一段,,青海大学,,物化生(3科必选),523,37775,,,0,青海,公办,0,1
山东,2025,综合,普通类一段,,青海大学,,物理、化学(2科必选),534,32681,,,0,青海,公办,0,1
山东,2025,综合,普通类一段,,青海大学,,物理必选,552,55913,,,0,青海,公办,0,1
山东,2025,综合,普通类一段,,青海师范大学,,不限,510,62866,,,0,青海,公办,0,0
山东,2025,综合,普通类一段,,青海师范大学,,地理必选,534,110502,,,0,青海,公办,0,0
山东,2025,综合,普通类一段,,青海师范大学,,物理、化学(2科必选),475,128153,,,0,青海,公办,0,0
山东,2025,综合,普通类一段,,青海民族大学,,不限,508,142860,,,0,青海,公办,0,0
山东,2025,综合,普通类一段,,青海民族大学,,历史必选,507,114731,,,0,青海,公办,0,0
山东,2025,综合,普通类一段,,青海民族大学,,思想政治必选,522,124957,,,0,青海,公办,0,0
山东,2025,综合,普通类一段,,青海民族大学,,物理、化学(2科必选),475,169434,,,0,青海,公办,0,0
山东,2025,综合,普通类一段,,青海民族大学,,物理、地理(2科必选),449,312180,,,0,青海,公办,0,0
山东,2025,综合,普通类一段,,青海理工学院,,物理、化学(2科必选),462,224304,,,0,青海,公办,0,0
山东,2025,综合,普通类一段,,青海理工学院,,物理必选,470,258104,,,0,青海,公办,0,0
山东,2025,综合,普通类一段,,青海职业技术大学,,不限,503,165408,,,0,青海,公办,0,0
山东,2025,综合,普通类一段,,青海职业技术大学,,物理必选,473,219679,,,0,青海,公办,0,0
山东,2025,综合,普通类一段,,鞍山师范学院,,不限,505,142693,,,0,辽宁,公办,0,0
山东,2025,综合,普通类一段,,韩山师范学院,,不限,510,147320,,,0,广东,公办,0,0
山东,2025,综合,普通类一段,,韩山师范学院,,物理、化学(2科必选),476,174177,,,0,广东,公办,0,0
山东,2025,综合,普通类一段,,韶关学院,,不限,506,169728,,,0,广东,公办,0,0
山东,2025,综合,普通类一段,,韶关学院,,物理、化学(2科必选),485,222613,,,0,广东,公办,0,0
山东,2025,综合,普通类一段,,首都医科大学,,不限,597,27167,,,0,北京,公办,0,0
山东,2025,综合,普通类一段,,首都医科大学,,化学必选,575,33327,,,0,北京,公办,0,0
山东,2025,综合,普通类一段,,首都医科大学,,物理、化学(2科必选),585,1400,,,0,北京,公办,0,0
山东,2025,综合,普通类一段,,首都师范大学,,不限,590,16755,,,0,北京,公办,0,0
山东,2025,综合,普通类一段,,首都师范大学,,历史必选,606,20731,,,0,北京,公办,0,0
山东,2025,综合,普通类一段,,首都师范大学,,物理、化学(2科必选),585,16816,,,0,北京,公办,0,0
山东,2025,综合,普通类一段,,首都经济贸易大学,,不限,588,19248,,,0,北京,公办,0,0
山东,2025,综合,普通类一段,,首都经济贸易大学,,物理、化学(2科必选),560,30702,,,0,北京,公办,0,0
山东,2025,综合,普通类一段,,首都经济贸易大学,,物理必选,575,47404,,,0,北京,公办,0,0
山东,2025,综合,普通类一段,,香港珠海学院,,不限,471,246607,,,0,香港,民办,0,0
山东,2025,综合,普通类一段,,香港珠海学院,,物理必选,452,306581,,,0,香港,民办,0,0
山东,2025,综合,普通类一段,,马鞍山学院,,不限,490,210789,,,0,安徽,民办,0,0
山东,2025,综合,普通类一段,,马鞍山学院,,物理、化学(2科必选),455,292830,,,0,安徽,民办,0,0
山东,2025,综合,普通类一段,,鲁东大学,,不限,497,64218,,,0,山东,公办,0,0
山东,2025,综合,普通类一段,,鲁东大学,,思想政治必选,546,89436,,,0,山东,公办,0,0
山东,2025,综合,普通类一段,,鲁东大学,,物理、化学(2科必选),448,95639,,,0,山东,公办,0,0
山东,2025,综合,普通类一段,,黄冈师范学院,,不限,502,107163,,,0,湖北,公办,0,0
山东,2025,综合,普通类一段,,黄冈师范学院,,思想政治必选,527,123892,,,0,湖北,公办,0,0
山东,2025,综合,普通类一段,,黄冈师范学院,,物理、化学(2科必选),493,197957,,,0,湖北,公办,0,0
山东,2025,综合,普通类一段,,黄山学院,,不限,502,174663,,,0,安徽,公办,0,0
山东,2025,综合,普通类一段,,黄山学院,,物理、化学(2科必选),469,257556,,,0,安徽,公办,0,0
山东,2025,综合,普通类一段,,黄河水利职业技术大学,,物理必选,489,199019,,,0,河南,公办,0,0
山东,2025,综合,普通类一段,,黄河科技学院,,不限,495,198927,,,0,河南,民办,0,0
山东,2025,综合,普通类一段,,黄河科技学院,,物理、化学(2科必选),463,278056,,,0,河南,民办,0,0
山东,2025,综合,普通类一段,,黄淮学院,,不限,501,164580,,,0,河南,公办,0,0
山东,2025,综合,普通类一段,,黄淮学院,,历史必选,522,136113,,,0,河南,公办,0,0
山东,2025,综合,普通类一段,,黄淮学院,,物理、化学(2科必选),464,234558,,,0,河南,公办,0,0
山东,2025,综合,普通类一段,,黄淮学院,,生物必选,501,149639,,,0,河南,公办,0,0
山东,2025,综合,普通类一段,,黑河学院,,不限,501,124852,,,0,黑龙江,公办,0,0
山东,2025,综合,普通类一段,,黑河学院,,历史必选,512,158900,,,0,黑龙江,公办,0,0
山东,2025,综合,普通类一段,,黑河学院,,物理、化学(2科必选),467,227071,,,0,黑龙江,公办,0,0
山东,2025,综合,普通类一段,,黑龙江东方学院,,不限,472,211293,,,0,黑龙江,民办,0,0
山东,2025,综合,普通类一段,,黑龙江东方学院,,物理、化学(2科必选),441,303368,,,0,黑龙江,民办,0,0
山东,2025,综合,普通类一段,,黑龙江中医药大学,,不限,542,43978,,,0,黑龙江,公办,0,0
山东,2025,综合,普通类一段,,黑龙江中医药大学,,物理、化学(2科必选),500,101504,,,0,黑龙江,公办,0,0
山东,2025,综合,普通类一段,,黑龙江中医药大学,,物理、生物(2科必选),536,107122,,,0,黑龙江,公办,0,0
山东,2025,综合,普通类一段,,黑龙江中医药大学,,生物必选,539,101810,,,0,黑龙江,公办,0,0
山东,2025,综合,普通类一段,,黑龙江八一农垦大学,,不限,512,94550,,,0,黑龙江,公办,0,0
山东,2025,综合,普通类一段,,黑龙江八一农垦大学,,物理、化学(2科必选),475,144812,,,0,黑龙江,公办,0,0
山东,2025,综合,普通类一段,,黑龙江八一农垦大学,,生物必选,511,160294,,,0,黑龙江,公办,0,0
山东,2025,综合,普通类一段,,黑龙江外国语学院,,不限,468,251003,,,0,黑龙江,民办,0,0
山东,2025,综合,普通类一段,,黑龙江大学,,不限,532,19090,,,0,黑龙江,公办,0,0
山东,2025,综合,普通类一段,,黑龙江大学,,历史必选,586,36400,,,0,黑龙江,公办,0,0
山东,2025,综合,普通类一段,,黑龙江大学,,思想政治必选,576,46535,,,0,黑龙江,公办,0,0
山东,2025,综合,普通类一段,,黑龙江大学,,物理、化学(2科必选),502,42646,,,0,黑龙江,公办,0,0
山东,2025,综合,普通类一段,,黑龙江大学,,物理必选,550,81313,,,0,黑龙江,公办,0,0
山东,2025,综合,普通类一段,,黑龙江工业学院,,不限,502,148913,,,0,黑龙江,公办,0,0
山东,2025,综合,普通类一段,,黑龙江工业学院,,历史、思想政治(2科必选),510,162998,,,0,黑龙江,公办,0,0
山东,2025,综合,普通类一段,,黑龙江工业学院,,物理、化学(2科必选),463,204544,,,0,黑龙江,公办,0,0
山东,2025,综合,普通类一段,,黑龙江工商学院,,物理、化学(2科必选),443,326853,,,0,黑龙江,民办,0,0
山东,2025,综合,普通类一段,,黑龙江工程学院,,不限,503,165950,,,0,黑龙江,公办,0,0
山东,2025,综合,普通类一段,,黑龙江工程学院,,物理、化学(2科必选),474,163216,,,0,黑龙江,公办,0,0
山东,2025,综合,普通类一段,,黑龙江工程学院,,物理、地理(2科必选),477,178477,,,0,黑龙江,公办,0,0
山东,2025,综合,普通类一段,,黑龙江工程学院,,物理必选,483,204099,,,0,黑龙江,公办,0,0
山东,2025,综合,普通类一段,,黑龙江工程学院昆仑旅游学院,,不限,471,223447,,,0,黑龙江,民办,0,0
山东,2025,综合,普通类一段,,黑龙江工程学院昆仑旅游学院,,物理、化学(2科必选),441,331625,,,0,黑龙江,民办,0,0
山东,2025,综合,普通类一段,,黑龙江科技大学,,不限,521,87321,,,0,黑龙江,公办,0,0
山东,2025,综合,普通类一段,,黑龙江科技大学,,物理、化学(2科必选),507,75461,,,0,黑龙江,公办,0,0
山东,2025,综合,普通类一段,,黔南民族师范学院,,不限,504,144906,,,0,贵州,公办,0,0
山东,2025,综合,普通类一段,,黔南民族师范学院,,历史必选,510,162811,,,0,贵州,公办,0,0
山东,2025,综合,普通类一段,,黔南民族师范学院,,地理必选,514,154041,,,0,贵州,公办,0,0
山东,2025,综合,普通类一段,,黔南民族师范学院,,物理、化学(2科必选),478,237094,,,0,贵州,公办,0,0
山东,2025,综合,普通类一段,,齐鲁医药学院,,不限,493,188810,,,0,山东,民办,0,0
山东,2025,综合,普通类一段,,齐鲁医药学院,,化学必选,470,261118,,,0,山东,民办,0,0
山东,2025,综合,普通类一段,,齐鲁医药学院,,物理、化学(2科必选),459,195391,,,0,山东,民办,0,0
山东,2025,综合,普通类一段,,齐鲁工业大学,,不限,515,57669,,,0,山东,公办,0,0
山东,2025,综合,普通类一段,,齐鲁工业大学,,物化生(3科必选),513,154606,,,0,山东,公办,0,0
山东,2025,综合,普通类一段,,齐鲁工业大学,,物理、化学(2科必选),455,47779,,,0,山东,公办,0,0
山东,2025,综合,普通类一段,,齐鲁工业大学,,物理必选,507,95474,,,0,山东,公办,0,0
山东,2025,综合,普通类一段,,齐鲁师范学院,,不限,508,110613,,,0,山东,公办,0,0
山东,2025,综合,普通类一段,,齐鲁师范学院,,历史必选,523,134230,,,0,山东,公办,0,0
山东,2025,综合,普通类一段,,齐鲁师范学院,,地理必选,523,133470,,,0,山东,公办,0,0
山东,2025,综合,普通类一段,,齐鲁师范学院,,思想政治必选,523,120786,,,0,山东,公办,0,0
山东,2025,综合,普通类一段,,齐鲁师范学院,,物理、化学(2科必选),455,166431,,,0,山东,公办,0,0
山东,2025,综合,普通类一段,,齐鲁师范学院,,物理必选,481,228689,,,0,山东,公办,0,0
山东,2025,综合,普通类一段,,齐鲁师范学院,,生物必选,504,176263,,,0,山东,公办,0,0
山东,2025,综合,普通类一段,,齐鲁理工学院,,不限,478,196158,,,0,山东,民办,0,0
山东,2025,综合,普通类一段,,齐鲁理工学院,,物理、化学(2科必选),441,282374,,,0,山东,民办,0,0
山东,2025,综合,普通类一段,,齐鲁理工学院,,物理必选,441,321997,,,0,山东,民办,0,0
山东,2025,综合,普通类一段,,齐鲁理工学院,,生物必选,485,223711,,,0,山东,民办,0,0
山东,2025,综合,普通类一段,,齐齐哈尔医学院,,不限,513,125890,,,0,黑龙江,公办,0,0
山东,2025,综合,普通类一段,,齐齐哈尔医学院,,物化生(3科必选),492,119886,,,0,黑龙江,公办,0,0
山东,2025,综合,普通类一段,,齐齐哈尔医学院,,物理、化学(2科必选),490,179123,,,0,黑龙江,公办,0,0
山东,2025,综合,普通类一段,,齐齐哈尔大学,,不限,511,78190,,,0,黑龙江,公办,0,0
山东,2025,综合,普通类一段,,齐齐哈尔大学,,历史必选,526,126881,,,0,黑龙江,公办,0,0
山东,2025,综合,普通类一段,,齐齐哈尔大学,,地理必选,531,117146,,,0,黑龙江,公办,0,0
山东,2025,综合,普通类一段,,齐齐哈尔大学,,物理、化学(2科必选),481,126163,,,0,黑龙江,公办,0,0
山东,2025,综合,普通类一段,,齐齐哈尔工程学院,,不限,476,221502,,,0,黑龙江,民办,0,0
山东,2025,综合,普通类一段,,齐齐哈尔工程学院,,物理、化学(2科必选),441,298703,,,0,黑龙江,民办,0,0
山东,2025,综合,普通类一段,,齐齐哈尔工程学院,,物理必选,456,296478,,,0,黑龙江,民办,0,0
山东,2025,综合,普通类一段,,齐齐哈尔工程学院,,生物必选,478,239499,,,0,黑龙江,民办,0,0
山东,2025,综合,普通类一段,,龙岩学院,,不限,504,158335,,,0,福建,公办,0,0
山东,2025,综合,普通类一段,,龙岩学院,,物理、化学(2科必选),465,195244,,,0,福建,公办,0,0
山东,2025,综合,普通类二段,,七台河职业学院,,不限,375,413835,,,0,黑龙江,公办,0,0
山东,2025,综合,普通类二段,,三亚中瑞酒店管理职业学院,,不限,162,599053,,,0,海南,民办,0,0
山东,2025,综合,普通类二段,,三亚城市职业学院,,不限,152,454802,,,0,海南,民办,0,0
山东,2025,综合,普通类二段,,三亚学院,,不限,466,264037,,,0,海南,民办,0,0
山东,2025,综合,普通类二段,,三亚学院,,物理、化学(2科必选),434,348379,,,0,海南,民办,0,0
山东,2025,综合,普通类二段,,三亚学院,,物理必选,428,355688,,,0,海南,民办,0,0
山东,2025,综合,普通类二段,,三亚护理职业学院,,不限,150,658634,,,0,海南,民办,0,0
山东,2025,综合,普通类二段,,三亚理工职业学院,,不限,247,453595,,,0,海南,民办,0,0
山东,2025,综合,普通类二段,,三亚航空旅游职业学院,,不限,186,592753,,,0,海南,民办,0,0
山东,2025,综合,普通类二段,,三峡大学,,不限,558,70189,,,0,湖北,公办,0,0
山东,2025,综合,普通类二段,,三峡大学,,物理、化学(2科必选),568,55916,,,0,湖北,公办,0,0
山东,2025,综合,普通类二段,,三峡大学科技学院,,不限,415,347679,,,0,湖北,民办,0,0
山东,2025,综合,普通类二段,,三峡旅游职业技术学院,,不限,363,351205,,,0,湖北,公办,0,0
山东,2025,综合,普通类二段,,三峡电力职业学院,,不限,439,315580,,,0,湖北,公办,0,0
山东,2025,综合,普通类二段,,三门峡社会管理职业学院,,不限,276,274634,,,0,河南,公办,0,0
山东,2025,综合,普通类二段,,三门峡职业技术学院,,不限,394,358908,,,0,河南,公办,0,0
山东,2025,综合,普通类二段,,上海东海职业技术学院,,不限,257,264338,,,0,上海,民办,0,0
山东,2025,综合,普通类二段,,上海中侨职业技术大学,,不限,391,340122,,,0,上海,民办,0,0
山东,2025,综合,普通类二段,,上海中侨职业技术大学,,物理必选,440,334984,,,0,上海,民办,0,0
山东,2025,综合,普通类二段,,上海交通职业技术学院,,不限,425,279235,,,0,上海,公办,0,0
山东,2025,综合,普通类二段,,上海农林职业技术学院,,不限,427,256121,,,0,上海,公办,0,0
山东,2025,综合,普通类二段,,上海出版印刷高等专科学校,,不限,429,184863,,,0,上海,公办,0,0
山东,2025,综合,普通类二段,,上海出版印刷高等专科学校,,物理必选,440,312238,,,0,上海,公办,0,0
山东,2025,综合,普通类二段,,上海南湖职业技术学院,,不限,425,289884,,,0,上海,公办,0,0
山东,2025,综合,普通类二段,,上海城建职业学院,,不限,428,187845,,,0,上海,公办,0,0
山东,2025,综合,普通类二段,,上海工商职业技术学院,,不限,275,279879,,,0,上海,民办,0,0
山东,2025,综合,普通类二段,,上海工艺美术职业学院,,不限,448,240395,,,0,上海,公办,0,0
山东,2025,综合,普通类二段,,上海建设管理职业技术学院,,不限,414,338291,,,0,上海,公办,0,0
山东,2025,综合,普通类二段,,上海思博职业技术学院,,不限,275,532459,,,0,上海,民办,0,0
山东,2025,综合,普通类二段,,上海旅游高等专科学校,,不限,359,269656,,,0,上海,公办,0,0
山东,2025,综合,普通类二段,,上海杉达学院,,不限,428,273377,,,0,上海,民办,0,0
山东,2025,综合,普通类二段,,上海民航职业技术学院,,不限,338,265166,,,0,上海,公办,0,0
山东,2025,综合,普通类二段,,上海民远职业技术学院,,不限,280,458993,,,0,上海,民办,0,0
山东,2025,综合,普通类二段,,上海济光职业技术学院,,不限,265,283486,,,0,上海,民办,0,0
山东,2025,综合,普通类二段,,上海浦东职业技术学院,,不限,434,321717,,,0,上海,公办,0,0
山东,2025,综合,普通类二段,,上海现代化工职业学院,,不限,421,320431,,,0,上海,公办,0,0
山东,2025,综合,普通类二段,,上海电子信息职业技术学院,,不限,433,291437,,,0,上海,公办,0,0
山东,2025,综合,普通类二段,,上海电影艺术职业学院,,不限,178,608224,,,0,上海,民办,0,0
山东,2025,综合,普通类二段,,上海科创职业技术学院,,不限,422,331938,,,0,上海,公办,0,0
山东,2025,综合,普通类二段,,上海科学技术职业学院,,不限,435,179342,,,0,上海,公办,0,0
山东,2025,综合,普通类二段,,上海立达学院,,物理、化学(2科必选),431,352993,,,0,上海,民办,0,0
山东,2025,综合,普通类二段,,上海行健职业学院,,不限,429,277213,,,0,上海,公办,0,0
山东,2025,综合,普通类二段,,上海视觉艺术学院,,不限,486,221588,,,0,上海,民办,0,0
山东,2025,综合,普通类二段,,上海邦德职业技术学院,,不限,270,542218,,,0,上海,民办,0,0
山东,2025,综合,普通类二段,,上海闵行职业技术学院,,不限,426,343015,,,0,上海,公办,0,0
山东,2025,综合,普通类二段,,上海震旦职业学院,,不限,300,289884,,,0,上海,民办,0,0
山东,2025,综合,普通类二段,,上饶幼儿师范高等专科学校,,不限,297,405943,,,0,江西,公办,0,0
山东,2025,综合,普通类二段,,上饶职业技术学院,,不限,342,363544,,,0,江西,公办,0,0
山东,2025,综合,普通类二段,,东华理工大学,,物理、化学(2科必选),459,217479,,,0,江西,公办,0,0
山东,2025,综合,普通类二段,,东莞城市学院,,物理、化学(2科必选),430,358205,,,0,广东,民办,0,0
山东,2025,综合,普通类二段,,东营科技职业学院,,不限,313,256659,,,0,山东,公办,0,0
山东,2025,综合,普通类二段,,东营职业学院,,不限,200,199133,,,0,山东,公办,0,0
山东,2025,综合,普通类二段,,中南民族大学,,物理、化学(2科必选),564,60944,,,0,湖北,公办,0,0
山东,2025,综合,普通类二段,,中国农业大学,,物理、化学(2科必选),581,41446,,,0,北京,公办,1,1
山东,2025,综合,普通类二段,,中国民用航空飞行学院,,物理必选,464,275842,,,0,四川,公办,0,0
山东,2025,综合,普通类二段,,临汾职业技术学院,,不限,429,361017,,,0,山西,公办,0,0
山东,2025,综合,普通类二段,,临沂城市职业学院,,不限,256,618395,,,0,山东,民办,0,0
山东,2025,综合,普通类二段,,临沂大学,,不限,414,284610,,,0,山东,公办,0,0
山东,2025,综合,普通类二段,,临沂大学,,物理、化学(2科必选),428,352753,,,0,山东,公办,0,0
山东,2025,综合,普通类二段,,临沂科技职业学院,,不限,335,203516,,,0,山东,公办,0,0
山东,2025,综合,普通类二段,,临沂职业学院,,不限,296,184212,,,0,山东,公办,0,0
山东,2025,综合,普通类二段,,丽江师范学院,,不限,448,256786,,,0,云南,公办,0,0
山东,2025,综合,普通类二段,,丽江师范学院,,思想政治必选,456,296691,,,0,云南,公办,0,0
山东,2025,综合,普通类二段,,乌鲁木齐职业大学,,不限,274,340453,,,0,新疆,公办,0,0
山东,2025,综合,普通类二段,,乌鲁木齐职业大学,,物化政(3科必选),350,373070,,,0,新疆,公办,0,0
山东,2025,综合,普通类二段,,乌鲁木齐职业技术学院,,不限,272,458098,,,0,新疆,公办,0,0
山东,2025,综合,普通类二段,,九州职业技术学院,,不限,176,478345,,,0,江苏,民办,0,0
山东,2025,综合,普通类二段,,九江职业大学,,不限,402,308418,,,0,江西,公办,0,0
山东,2025,综合,普通类二段,,云南三鑫职业技术学院,,不限,162,672126,,,0,云南,民办,0,0
山东,2025,综合,普通类二段,,云南农业职业技术学院,,不限,420,380529,,,0,云南,公办,0,0
山东,2025,综合,普通类二段,,云南农业职业技术学院,,化学、生物(2科必选),396,431099,,,0,云南,公办,0,0
山东,2025,综合,普通类二段,,云南医药健康职业学院,,不限,155,426737,,,0,云南,民办,0,0
山东,2025,综合,普通类二段,,云南国土资源职业学院,,不限,368,454022,,,0,云南,公办,0,0
山东,2025,综合,普通类二段,,云南国土资源职业学院,,物理必选,372,478695,,,0,云南,公办,0,0
山东,2025,综合,普通类二段,,云南城市建设职业学院,,不限,170,587128,,,0,云南,民办,0,0
山东,2025,综合,普通类二段,,云南外事外语职业学院,,不限,243,494862,,,0,云南,民办,0,0
山东,2025,综合,普通类二段,,云南工商学院,,不限,162,641387,,,0,云南,民办,0,0
山东,2025,综合,普通类二段,,云南工程职业学院,,不限,172,510404,,,0,云南,民办,0,0
山东,2025,综合,普通类二段,,云南师范大学,,不限,557,71549,,,0,云南,公办,0,0
山东,2025,综合,普通类二段,,云南师范大学,,物理、化学(2科必选),532,113848,,,0,云南,公办,0,0
山东,2025,综合,普通类二段,,云南新兴职业学院,,不限,210,563861,,,0,云南,民办,0,0
山东,2025,综合,普通类二段,,云南林业职业技术学院,,不限,409,371814,,,0,云南,公办,0,0
山东,2025,综合,普通类二段,,云南林业职业技术学院,,生物必选,393,392515,,,0,云南,公办,0,0
山东,2025,综合,普通类二段,,云南理工职业学院,,不限,201,633996,,,0,云南,民办,0,0
山东,2025,综合,普通类二段,,云南经济管理学院,,不限,157,551659,,,0,云南,民办,0,0
山东,2025,综合,普通类二段,,云南经济管理学院,,物理、化学(2科必选),463,279370,,,0,云南,民办,0,0
山东,2025,综合,普通类二段,,云南经贸外事职业学院,,不限,237,638131,,,0,云南,民办,0,0
山东,2025,综合,普通类二段,,云南经贸外事职业学院,,物理、化学(2科必选),193,675098,,,0,云南,民办,0,0
山东,2025,综合,普通类二段,,云南能源职业技术学院,,不限,370,428719,,,0,云南,公办,0,0
山东,2025,综合,普通类二段,,仙桃职业学院,,不限,343,349341,,,0,湖北,公办,0,0
山东,2025,综合,普通类二段,,伊春职业学院,,不限,290,296152,,,0,黑龙江,公办,0,0
山东,2025,综合,普通类二段,,伊犁职业技术学院,,不限,285,343602,,,0,新疆,公办,0,0
山东,2025,综合,普通类二段,,佳木斯职业学院,,不限,211,669660,,,0,黑龙江,公办,0,0
山东,2025,综合,普通类二段,,保定理工学院,,物理、化学(2科必选),423,373226,,,0,河北,民办,0,0
山东,2025,综合,普通类二段,,保定理工学院,,物理必选,455,297379,,,0,河北,民办,0,0
山东,2025,综合,普通类二段,,保定电力职业技术学院,,不限,453,278859,,,0,河北,公办,0,0
山东,2025,综合,普通类二段,,保山中医药高等专科学校,,史政地(3科必选),387,261677,,,0,云南,公办,0,0
山东,2025,综合,普通类二段,,保山中医药高等专科学校,,物化生(3科必选),399,370904,,,0,云南,公办,0,0
山东,2025,综合,普通类二段,,信阳农林学院,,物理、化学(2科必选),425,369066,,,0,河南,公办,0,0
山东,2025,综合,普通类二段,,信阳涉外职业技术学院,,不限,200,656001,,,0,河南,民办,0,0
山东,2025,综合,普通类二段,,信阳职业技术学院,,不限,370,445713,,,0,河南,公办,0,0
山东,2025,综合,普通类二段,,信阳航空职业学院,,不限,164,644675,,,0,河南,民办,0,0
山东,2025,综合,普通类二段,,克孜勒苏职业技术学院,,不限,280,540837,,,0,新疆,公办,0,0
山东,2025,综合,普通类二段,,克拉玛依职业技术学院,,不限,295,366995,,,0,新疆,公办,0,0
山东,2025,综合,普通类二段,,六安职业技术学院,,不限,356,390927,,,0,安徽,公办,0,0
山东,2025,综合,普通类二段,,六盘水幼儿师范高等专科学校,,不限,295,561842,,,0,贵州,公办,0,0
山东,2025,综合,普通类二段,,六盘水职业技术学院,,不限,290,447607,,,0,贵州,公办,0,0
山东,2025,综合,普通类二段,,兰州信息科技学院,,物理、化学(2科必选),459,288759,,,0,甘肃,民办,0,0
山东,2025,综合,普通类二段,,兰州博文科技学院,,物理、化学(2科必选),449,312554,,,0,甘肃,民办,0,0
山东,2025,综合,普通类二段,,兰州博文科技学院,,物理必选,451,285343,,,0,甘肃,民办,0,0
山东,2025,综合,普通类二段,,兰州外语职业学院,,不限,171,590479,,,0,甘肃,民办,0,0
山东,2025,综合,普通类二段,,兰州现代职业学院,,不限,295,520449,,,0,甘肃,公办,0,0
山东,2025,综合,普通类二段,,兰州石化职业技术大学,,不限,410,296382,,,0,甘肃,公办,0,0
山东,2025,综合,普通类二段,,兰州科技职业学院,,不限,252,521937,,,0,甘肃,民办,0,0
山东,2025,综合,普通类二段,,兰州职业技术学院,,不限,326,375497,,,0,甘肃,公办,0,0
山东,2025,综合,普通类二段,,兰州资源环境职业技术大学,,不限,398,345118,,,0,甘肃,公办,0,0
山东,2025,综合,普通类二段,,兰考三农职业学院,,不限,328,525570,,,0,河南,公办,0,0
山东,2025,综合,普通类二段,,兴安职业技术大学,,不限,316,526091,,,0,内蒙古,公办,0,0
山东,2025,综合,普通类二段,,冀中职业学院,,不限,314,456049,,,0,河北,公办,0,0
山东,2025,综合,普通类二段,,内江卫生与健康职业学院,,不限,336,416352,,,0,四川,公办,0,0
山东,2025,综合,普通类二段,,内江职业技术学院,,不限,336,430107,,,0,四川,公办,0,0
山东,2025,综合,普通类二段,,内蒙古交通职业技术学院,,不限,291,398193,,,0,内蒙古,公办,0,0
山东,2025,综合,普通类二段,,内蒙古北方职业技术学院,,不限,197,413596,,,0,内蒙古,民办,0,0
山东,2025,综合,普通类二段,,包头职业技术学院,,不限,386,423781,,,0,内蒙古,公办,0,0
山东,2025,综合,普通类二段,,包头铁道职业技术学院,,不限,445,277558,,,0,内蒙古,公办,0,0
山东,2025,综合,普通类二段,,北京交通职业技术学院,,不限,422,271805,,,0,北京,公办,0,0
山东,2025,综合,普通类二段,,北京京北职业技术学院,,不限,429,279301,,,0,北京,公办,0,0
山东,2025,综合,普通类二段,,北京信息职业技术学院,,不限,458,279482,,,0,北京,公办,0,0
山东,2025,综合,普通类二段,,北京农业职业学院,,不限,467,206464,,,0,北京,公办,0,0
山东,2025,综合,普通类二段,,北京北大方正软件职业技术学院,,不限,177,631171,,,0,北京,民办,0,0
山东,2025,综合,普通类二段,,北京城市学院,,物理、化学(2科必选),456,220438,,,0,北京,民办,0,0
山东,2025,综合,普通类二段,,北京培黎职业学院,,不限,291,382917,,,0,北京,民办,0,0
山东,2025,综合,普通类二段,,北京工业职业技术学院,,不限,442,253367,,,0,北京,公办,0,0
山东,2025,综合,普通类二段,,北京政法职业学院,,不限,450,206966,,,0,北京,公办,0,0
山东,2025,综合,普通类二段,,北京汇佳职业学院,,不限,283,468489,,,0,北京,民办,0,0
山东,2025,综合,普通类二段,,北京科技经营管理学院,,不限,392,377858,,,0,北京,民办,0,0
山东,2025,综合,普通类二段,,北京科技职业大学,,不限,461,206330,,,0,北京,公办,0,0
山东,2025,综合,普通类二段,,北京科技职业大学,,物理必选,461,272993,,,0,北京,公办,0,0
山东,2025,综合,普通类二段,,北京科技职业学院,,不限,322,366291,,,0,北京,民办,0,0
山东,2025,综合,普通类二段,,北京经济技术职业学院,,不限,252,283905,,,0,河北,民办,0,0
山东,2025,综合,普通类二段,,北京经济管理职业学院,,不限,425,301583,,,0,北京,公办,0,0
山东,2025,综合,普通类二段,,北京经贸职业学院,,不限,346,421167,,,0,北京,民办,0,0
山东,2025,综合,普通类二段,,北京网络职业学院,,不限,383,418927,,,0,北京,民办,0,0
山东,2025,综合,普通类二段,,北京艺术传媒职业学院,,不限,381,462409,,,0,北京,民办,0,0
山东,2025,综合,普通类二段,,北京财贸职业学院,,不限,439,256144,,,0,北京,公办,0,0
山东,2025,综合,普通类二段,,北海康养职业学院,,不限,204,668214,,,0,广西,民办,0,0
山东,2025,综合,普通类二段,,北海职业学院,,不限,303,408720,,,0,广西,公办,0,0
山东,2025,综合,普通类二段,,南京交通职业技术学院,,不限,428,285583,,,0,江苏,公办,0,0
山东,2025,综合,普通类二段,,南京信息职业技术学院,,不限,459,188627,,,0,江苏,公办,0,0
山东,2025,综合,普通类二段,,南京城市职业学院,,不限,446,269248,,,0,江苏,公办,0,0
山东,2025,综合,普通类二段,,南京旅游职业学院,,不限,411,277052,,,0,江苏,公办,0,0
山东,2025,综合,普通类二段,,南京晓庄学院,,物理、化学(2科必选),545,90069,,,0,江苏,公办,0,0
山东,2025,综合,普通类二段,,南京机电职业技术学院,,不限,447,210801,,,0,江苏,公办,0,0
山东,2025,综合,普通类二段,,南京科技职业学院,,不限,436,273636,,,0,江苏,公办,0,0
山东,2025,综合,普通类二段,,南京视觉艺术职业学院,,不限,301,431785,,,0,江苏,民办,0,0
山东,2025,综合,普通类二段,,南京铁道职业技术学院,,不限,492,161263,,,0,江苏,公办,0,0
山东,2025,综合,普通类二段,,南充文化旅游职业学院,,不限,373,467869,,,0,四川,公办,0,0
山东,2025,综合,普通类二段,,南充电影工业职业学院,,不限,198,626188,,,0,四川,民办,0,0
山东,2025,综合,普通类二段,,南宁学院,,物理、化学(2科必选),445,284552,,,0,广西,民办,0,0
山东,2025,综合,普通类二段,,南宁学院,,物理必选,451,307278,,,0,广西,民办,0,0
山东,2025,综合,普通类二段,,南宁师范大学,,思想政治必选,567,57811,,,0,广西,公办,0,0
山东,2025,综合,普通类二段,,南宁理工学院,,物理、化学(2科必选),461,284312,,,0,广西,民办,0,0
山东,2025,综合,普通类二段,,南宁职业技术大学,,不限,393,359721,,,0,广西,公办,0,0
山东,2025,综合,普通类二段,,南昌工学院,,不限,183,391486,,,0,江西,民办,0,0
山东,2025,综合,普通类二段,,南昌工学院,,物理、化学(2科必选),435,345630,,,0,江西,民办,0,0
山东,2025,综合,普通类二段,,南昌工学院,,物理必选,439,276851,,,0,江西,民办,0,0
山东,2025,综合,普通类二段,,南昌应用技术师范学院,,不限,367,432614,,,0,江西,民办,0,0
山东,2025,综合,普通类二段,,南昌影视传播职业学院,,不限,333,549579,,,0,江西,民办,0,0
山东,2025,综合,普通类二段,,南昌理工学院,,不限,212,377114,,,0,江西,民办,0,0
山东,2025,综合,普通类二段,,南昌理工学院,,物理、化学(2科必选),458,291972,,,0,江西,民办,0,0
山东,2025,综合,普通类二段,,南昌理工学院,,物理必选,461,283049,,,0,江西,民办,0,0
山东,2025,综合,普通类二段,,南昌职业大学,,不限,293,606639,,,0,江西,民办,0,0
山东,2025,综合,普通类二段,,南通师范高等专科学校,,不限,442,305014,,,0,江苏,公办,0,0
山东,2025,综合,普通类二段,,南通科技职业学院,,不限,423,318740,,,0,江苏,公办,0,0
山东,2025,综合,普通类二段,,南通职业大学,,不限,447,279642,,,0,江苏,公办,0,0
山东,2025,综合,普通类二段,,南阳农业职业学院,,不限,331,552956,,,0,河南,公办,0,0
山东,2025,综合,普通类二段,,南阳医学高等专科学校,,不限,435,253748,,,0,河南,公办,0,0
山东,2025,综合,普通类二段,,南阳科技职业学院,,不限,335,415416,,,0,河南,公办,0,0
山东,2025,综合,普通类二段,,南阳职业学院,,不限,158,583317,,,0,河南,民办,0,0
山东,2025,综合,普通类二段,,博尔塔拉职业技术学院,,不限,259,499322,,,0,新疆,公办,0,0
山东,2025,综合,普通类二段,,厦门东海职业技术学院,,不限,257,587950,,,0,福建,民办,0,0
山东,2025,综合,普通类二段,,厦门兴才职业技术学院,,不限,195,587607,,,0,福建,民办,0,0
山东,2025,综合,普通类二段,,厦门华厦学院,,物理、化学(2科必选),450,310193,,,0,福建,民办,0,0
山东,2025,综合,普通类二段,,厦门华厦学院,,物理必选,440,334871,,,0,福建,民办,0,0
山东,2025,综合,普通类二段,,厦门华天涉外职业技术学院,,不限,304,443081,,,0,福建,民办,0,0
山东,2025,综合,普通类二段,,厦门南洋职业学院,,不限,352,517336,,,0,福建,民办,0,0
山东,2025,综合,普通类二段,,厦门城市职业学院,,不限,441,333465,,,0,福建,公办,0,0
山东,2025,综合,普通类二段,,厦门城市职业学院,,物理必选,423,357417,,,0,福建,公办,0,0
山东,2025,综合,普通类二段,,厦门安防科技职业学院,,不限,307,527139,,,0,福建,民办,0,0
山东,2025,综合,普通类二段,,厦门软件职业技术学院,,不限,382,459154,,,0,福建,民办,0,0
山东,2025,综合,普通类二段,,双河职业技术学院,,不限,239,573042,,,0,新疆,公办,0,0
山东,2025,综合,普通类二段,,双河职业技术学院,,历史必选,263,629010,,,0,新疆,公办,0,0
山东,2025,综合,普通类二段,,双河职业技术学院,,物理必选,199,579829,,,0,新疆,公办,0,0
山东,2025,综合,普通类二段,,可克达拉职业技术学院,,不限,286,529638,,,0,新疆,公办,0,0
山东,2025,综合,普通类二段,,合肥幼儿师范高等专科学校,,不限,401,301944,,,0,安徽,公办,0,0
山东,2025,综合,普通类二段,,合肥通用职业技术学院,,不限,412,362836,,,0,安徽,公办,0,0
山东,2025,综合,普通类二段,,吉利学院,,物理必选,437,337817,,,0,四川,民办,0,0
山东,2025,综合,普通类二段,,吉安幼儿师范高等专科学校,,不限,325,402989,,,0,江西,公办,0,0
山东,2025,综合,普通类二段,,吉安职业技术学院,,不限,293,393106,,,0,江西,公办,0,0
山东,2025,综合,普通类二段,,吉林交通职业技术学院,,不限,416,335057,,,0,吉林,公办,0,0
山东,2025,综合,普通类二段,,吉林动画学院,,物理、化学(2科必选),438,289174,,,0,吉林,民办,0,0
山东,2025,综合,普通类二段,,吉林司法警官职业学院,,不限,415,304621,,,0,吉林,公办,0,0
山东,2025,综合,普通类二段,,吉林工业职业技术学院,,不限,385,414384,,,0,吉林,公办,0,0
山东,2025,综合,普通类二段,,吉林工程职业学院,,不限,399,388281,,,0,吉林,公办,0,0
山东,2025,综合,普通类二段,,吉林建筑科技学院,,物理、化学(2科必选),436,344001,,,0,吉林,民办,0,0
山东,2025,综合,普通类二段,,吉林水利电力职业学院,,不限,422,358081,,,0,吉林,公办,0,0
山东,2025,综合,普通类二段,,吉林电子信息职业技术学院,,不限,388,373305,,,0,吉林,公办,0,0
山东,2025,综合,普通类二段,,吉林科技职业技术学院,,不限,192,551407,,,0,吉林,民办,0,0
山东,2025,综合,普通类二段,,吉林职业技术学院,,不限,322,427388,,,0,吉林,民办,0,0
山东,2025,综合,普通类二段,,吉林艺术学院,,不限,503,164523,,,0,吉林,公办,0,0
山东,2025,综合,普通类二段,,吉林通用航空职业技术学院,,不限,323,476456,,,0,吉林,公办,0,0
山东,2025,综合,普通类二段,,吉林铁道职业技术大学,,不限,444,206307,,,0,吉林,公办,0,0
山东,2025,综合,普通类二段,,吉首大学,,物理、化学(2科必选),563,62062,,,0,湖南,公办,0,0
山东,2025,综合,普通类二段,,吐鲁番职业技术学院,,不限,210,435651,,,0,新疆,公办,0,0
山东,2025,综合,普通类二段,,吐鲁番职业技术学院,,历史必选,287,328814,,,0,新疆,公办,0,0
山东,2025,综合,普通类二段,,吐鲁番职业技术学院,,物理必选,364,493956,,,0,新疆,公办,0,0
山东,2025,综合,普通类二段,,周口城市职业学院,,不限,168,638956,,,0,河南,民办,0,0
山东,2025,综合,普通类二段,,周口职业技术学院,,不限,265,414023,,,0,河南,公办,0,0
山东,2025,综合,普通类二段,,呼伦贝尔职业技术学院,,不限,252,352728,,,0,内蒙古,公办,0,0
山东,2025,综合,普通类二段,,呼和浩特职业技术大学,,不限,445,312521,,,0,内蒙古,公办,0,0
山东,2025,综合,普通类二段,,和君职业学院,,不限,217,474396,,,0,江西,民办,0,0
山东,2025,综合,普通类二段,,和田职业技术学院,,不限,286,454920,,,0,新疆,公办,0,0
山东,2025,综合,普通类二段,,咸宁职业技术学院,,不限,381,298561,,,0,湖北,公办,0,0
山东,2025,综合,普通类二段,,哈密职业技术学院,,不限,314,391564,,,0,新疆,公办,0,0
山东,2025,综合,普通类二段,,哈尔滨传媒职业学院,,不限,201,532921,,,0,黑龙江,民办,0,0
山东,2025,综合,普通类二段,,哈尔滨信息工程学院,,物理、化学(2科必选),440,333611,,,0,黑龙江,民办,0,0
山东,2025,综合,普通类二段,,哈尔滨北方航空职业技术学院,,不限,150,649273,,,0,黑龙江,民办,0,0
山东,2025,综合,普通类二段,,哈尔滨应用职业技术学院,,不限,175,632541,,,0,黑龙江,民办,0,0
山东,2025,综合,普通类二段,,哈尔滨电力职业技术学院,,不限,446,290768,,,0,黑龙江,公办,0,0
山东,2025,综合,普通类二段,,哈尔滨石油学院,,物理、化学(2科必选),444,291875,,,0,黑龙江,民办,0,0
山东,2025,综合,普通类二段,,哈尔滨科学技术职业学院,,不限,357,328757,,,0,黑龙江,公办,0,0
山东,2025,综合,普通类二段,,哈尔滨职业技术大学,,不限,453,294882,,,0,黑龙江,公办,0,0
山东,2025,综合,普通类二段,,哈尔滨铁道职业技术学院,,不限,439,248705,,,0,黑龙江,公办,0,0
山东,2025,综合,普通类二段,,唐山幼儿师范高等专科学校,,不限,324,238489,,,0,河北,公办,0,0
山东,2025,综合,普通类二段,,唐山海运职业学院,,不限,260,581161,,,0,河北,民办,0,0
山东,2025,综合,普通类二段,,商丘医学高等专科学校,,不限,432,279434,,,0,河南,公办,0,0
山东,2025,综合,普通类二段,,商丘工学院,,不限,262,639154,,,0,河南,民办,0,0
山东,2025,综合,普通类二段,,商丘职业技术学院,,不限,272,429121,,,0,河南,公办,0,0
山东,2025,综合,普通类二段,,商洛职业技术学院,,不限,353,313324,,,0,陕西,公办,0,0
山东,2025,综合,普通类二段,,喀什理工职业技术学院,,不限,290,529066,,,0,新疆,公办,0,0
山东,2025,综合,普通类二段,,喀什职业技术学院,,不限,281,440661,,,0,新疆,公办,0,0
山东,2025,综合,普通类二段,,喀什职业技术学院,,史政地(3科必选),297,585874,,,0,新疆,公办,0,0
山东,2025,综合,普通类二段,,喀什职业技术学院,,物化生(3科必选),313,462898,,,0,新疆,公办,0,0
山东,2025,综合,普通类二段,,喀什职业技术学院,,物理、化学(2科必选),336,526148,,,0,新疆,公办,0,0
山东,2025,综合,普通类二段,,喀什职业技术学院,,物理必选,307,507894,,,0,新疆,公办,0,0
山东,2025,综合,普通类二段,,四川中医药高等专科学校,,物理、化学(2科必选),427,285105,,,0,四川,公办,0,0
山东,2025,综合,普通类二段,,四川交通职业技术学院,,物理必选,437,331444,,,0,四川,公办,0,0
山东,2025,综合,普通类二段,,四川传媒学院,,不限,329,556025,,,0,四川,民办,0,0
山东,2025,综合,普通类二段,,四川化工职业技术学院,,不限,395,366114,,,0,四川,公办,0,0
山东,2025,综合,普通类二段,,四川华新现代职业学院,,不限,264,611582,,,0,四川,民办,0,0
山东,2025,综合,普通类二段,,四川国际标榜职业学院,,不限,153,655296,,,0,四川,民办,0,0
山东,2025,综合,普通类二段,,四川城市职业学院,,不限,178,643071,,,0,四川,民办,0,0
山东,2025,综合,普通类二段,,四川工业科技学院,,不限,388,391835,,,0,四川,民办,0,0
山东,2025,综合,普通类二段,,四川工商学院,,不限,216,514370,,,0,四川,民办,0,0
山东,2025,综合,普通类二段,,四川工商职业技术学院,,化学必选,380,462848,,,0,四川,公办,0,0
山东,2025,综合,普通类二段,,四川工程职业技术大学,,不限,324,256896,,,0,四川,公办,0,0
山东,2025,综合,普通类二段,,四川工程职业技术大学,,物理必选,406,318009,,,0,四川,公办,0,0
山东,2025,综合,普通类二段,,四川希望汽车职业学院,,不限,192,629368,,,0,四川,民办,0,0
山东,2025,综合,普通类二段,,四川应用技术职业学院,,不限,190,675860,,,0,四川,民办,0,0
山东,2025,综合,普通类二段,,四川建筑职业技术学院,,不限,423,300444,,,0,四川,公办,0,0
山东,2025,综合,普通类二段,,四川建筑职业技术学院,,历史必选,447,318907,,,0,四川,公办,0,0
山东,2025,综合,普通类二段,,四川建筑职业技术学院,,物理必选,408,370655,,,0,四川,公办,0,0
山东,2025,综合,普通类二段,,四川托普信息技术职业学院,,不限,197,614751,,,0,四川,民办,0,0
山东,2025,综合,普通类二段,,四川文化产业职业学院,,不限,423,316315,,,0,四川,公办,0,0
山东,2025,综合,普通类二段,,四川文化传媒职业学院,,不限,271,561530,,,0,四川,民办,0,0
山东,2025,综合,普通类二段,,四川文轩职业学院,,不限,153,583897,,,0,四川,民办,0,0
山东,2025,综合,普通类二段,,四川水利职业技术学院,,不限,450,302893,,,0,四川,公办,0,0
山东,2025,综合,普通类二段,,四川汽车职业技术学院,,不限,202,634480,,,0,四川,民办,0,0
山东,2025,综合,普通类二段,,四川现代职业学院,,不限,298,519851,,,0,四川,民办,0,0
山东,2025,综合,普通类二段,,四川现代职业学院,,物理必选,243,521573,,,0,四川,民办,0,0
山东,2025,综合,普通类二段,,四川电子机械职业技术学院,,不限,182,623855,,,0,四川,民办,0,0
山东,2025,综合,普通类二段,,四川电影电视学院,,不限,288,447990,,,0,四川,民办,0,0
山东,2025,综合,普通类二段,,四川科技职业学院,,不限,290,471900,,,0,四川,民办,0,0
山东,2025,综合,普通类二段,,四川职业技术学院,,不限,372,407081,,,0,四川,公办,0,0
山东,2025,综合,普通类二段,,四川航天职业技术学院,,不限,420,343927,,,0,四川,公办,0,0
山东,2025,综合,普通类二段,,四川西南航空职业学院,,不限,160,569188,,,0,四川,民办,0,0
山东,2025,综合,普通类二段,,四川长江职业学院,,不限,156,619902,,,0,四川,民办,0,0
山东,2025,综合,普通类二段,,图木舒克职业技术学院,,不限,263,567909,,,0,新疆,公办,0,0
山东,2025,综合,普通类二段,,培黎职业学院,,不限,284,527113,,,0,甘肃,公办,0,0
山东,2025,综合,普通类二段,,塔城职业技术学院,,不限,280,359234,,,0,新疆,公办,0,0
山东,2025,综合,普通类二段,,塔里木大学,,物理、化学(2科必选),496,175863,,,0,新疆,公办,0,0
山东,2025,综合,普通类二段,,塔里木职业技术学院,,不限,270,261828,,,0,新疆,公办,0,0
山东,2025,综合,普通类二段,,大兴安岭职业学院,,不限,318,402654,,,0,黑龙江,公办,0,0
山东,2025,综合,普通类二段,,大兴安岭职业学院,,物理、化学(2科必选),404,340802,,,0,黑龙江,公办,0,0
山东,2025,综合,普通类二段,,大兴安岭职业学院,,物理、生物(2科必选),436,343482,,,0,黑龙江,公办,0,0
山东,2025,综合,普通类二段,,大兴安岭职业学院,,物理必选,402,418127,,,0,黑龙江,公办,0,0
山东,2025,综合,普通类二段,,大同师范高等专科学校,,不限,394,276999,,,0,山西,公办,0,0
山东,2025,综合,普通类二段,,大庆医学高等专科学校,,不限,422,213681,,,0,黑龙江,公办,0,0
山东,2025,综合,普通类二段,,大庆职业学院,,不限,409,359995,,,0,黑龙江,公办,0,0
山东,2025,综合,普通类二段,,大理护理职业学院,,不限,378,452655,,,0,云南,公办,0,0
山东,2025,综合,普通类二段,,大连东软信息学院,,不限,219,412700,,,0,辽宁,民办,0,0
山东,2025,综合,普通类二段,,大连枫叶职业技术学院,,不限,159,397394,,,0,辽宁,民办,0,0
山东,2025,综合,普通类二段,,大连汽车职业技术学院,,不限,295,457963,,,0,辽宁,民办,0,0
山东,2025,综合,普通类二段,,大连职业技术学院,,不限,423,271164,,,0,辽宁,公办,0,0
山东,2025,综合,普通类二段,,大连航运职业技术学院,,不限,334,503124,,,0,辽宁,民办,0,0
山东,2025,综合,普通类二段,,大连艺术学院,,不限,265,504963,,,0,辽宁,民办,0,0
山东,2025,综合,普通类二段,,大连艺术学院,,物理、化学(2科必选),431,346846,,,0,辽宁,民办,0,0
山东,2025,综合,普通类二段,,天府新区信息职业学院,,不限,152,668042,,,0,四川,民办,0,0
山东,2025,综合,普通类二段,,天府新区航空旅游职业学院,,不限,164,622200,,,0,四川,民办,0,0
山东,2025,综合,普通类二段,,天府新区通用航空职业学院,,不限,230,549192,,,0,四川,民办,0,0
山东,2025,综合,普通类二段,,天津中德应用技术大学,,不限,457,294296,,,0,天津,公办,0,0
山东,2025,综合,普通类二段,,天津中德应用技术大学,,物理必选,452,295385,,,0,天津,公办,0,0
山东,2025,综合,普通类二段,,天津交通职业学院,,不限,360,261605,,,0,天津,公办,0,0
山东,2025,综合,普通类二段,,天津仁爱学院,,物理、化学(2科必选),440,305528,,,0,天津,民办,0,0
山东,2025,综合,普通类二段,,天津仁爱学院,,物理必选,439,300939,,,0,天津,民办,0,0
山东,2025,综合,普通类二段,,天津医学高等专科学校,,不限,465,273758,,,0,天津,公办,0,0
山东,2025,综合,普通类二段,,天津医学高等专科学校,,物化生(3科必选),416,222576,,,0,天津,公办,0,0
山东,2025,综合,普通类二段,,天津商务职业学院,,不限,384,288174,,,0,天津,公办,0,0
山东,2025,综合,普通类二段,,天津国土资源和房屋职业学院,,不限,395,319936,,,0,天津,公办,0,0
山东,2025,综合,普通类二段,,天津城市建设管理职业技术学院,,不限,390,339804,,,0,天津,公办,0,0
山东,2025,综合,普通类二段,,天津城市职业学院,,不限,430,279955,,,0,天津,公办,0,0
山东,2025,综合,普通类二段,,天津工业职业学院,,不限,436,290779,,,0,天津,公办,0,0
山东,2025,综合,普通类二段,,天津市职业大学,,不限,378,208337,,,0,天津,公办,0,0
山东,2025,综合,普通类二段,,天津机电职业技术学院,,不限,435,261522,,,0,天津,公办,0,0
山东,2025,综合,普通类二段,,天津海运职业学院,,不限,402,357083,,,0,天津,公办,0,0
山东,2025,综合,普通类二段,,天津渤海职业技术学院,,不限,403,268181,,,0,天津,公办,0,0
山东,2025,综合,普通类二段,,天津滨海汽车工程职业学院,,不限,196,540852,,,0,天津,民办,0,0
山东,2025,综合,普通类二段,,天津滨海职业学院,,不限,428,282179,,,0,天津,公办,0,0
山东,2025,综合,普通类二段,,天津现代职业技术学院,,不限,431,267202,,,0,天津,公办,0,0
山东,2025,综合,普通类二段,,天津生物工程职业技术学院,,不限,461,284437,,,0,天津,公办,0,0
山东,2025,综合,普通类二段,,天津电子信息职业技术学院,,不限,448,274204,,,0,天津,公办,0,0
山东,2025,综合,普通类二段,,天津石油职业技术学院,,不限,399,359480,,,0,天津,公办,0,0
山东,2025,综合,普通类二段,,天津艺术职业学院,,不限,423,303703,,,0,天津,公办,0,0
山东,2025,综合,普通类二段,,天津轻工职业技术学院,,不限,427,274628,,,0,天津,公办,0,0
山东,2025,综合,普通类二段,,天津铁道职业技术学院,,不限,434,241656,,,0,天津,公办,0,0
山东,2025,综合,普通类二段,,太原学院,,不限,445,323170,,,0,山西,公办,0,0
山东,2025,综合,普通类二段,,太原幼儿师范高等专科学校,,不限,368,448659,,,0,山西,公办,0,0
山东,2025,综合,普通类二段,,威海海洋职业学院,,不限,331,216434,,,0,山东,公办,0,0
山东,2025,综合,普通类二段,,威海职业学院,,不限,210,227903,,,0,山东,公办,0,0
山东,2025,综合,普通类二段,,宁夏工商职业技术大学,,不限,370,374583,,,0,宁夏,公办,0,0
山东,2025,综合,普通类二段,,宁夏幼儿师范高等专科学校,,不限,311,442192,,,0,宁夏,公办,0,0
山东,2025,综合,普通类二段,,宁夏建设职业技术学院,,不限,351,496376,,,0,宁夏,公办,0,0
山东,2025,综合,普通类二段,,宁夏职业技术大学,,不限,407,376371,,,0,宁夏,公办,0,0
山东,2025,综合,普通类二段,,宁夏职业技术大学,,物理必选,420,379785,,,0,宁夏,公办,0,0
山东,2025,综合,普通类二段,,宁波幼儿师范高等专科学校,,不限,255,644701,,,0,浙江,公办,0,0
山东,2025,综合,普通类二段,,安康职业技术学院,,不限,344,336693,,,0,陕西,公办,0,0
山东,2025,综合,普通类二段,,安徽中医药高等专科学校,,不限,425,226268,,,0,安徽,公办,0,0
山东,2025,综合,普通类二段,,安徽交通职业技术学院,,不限,401,420768,,,0,安徽,公办,0,0
山东,2025,综合,普通类二段,,安徽商贸职业技术学院,,不限,424,299744,,,0,安徽,公办,0,0
山东,2025,综合,普通类二段,,安徽国防科技职业学院,,不限,398,382001,,,0,安徽,公办,0,0
山东,2025,综合,普通类二段,,安徽国际商务职业学院,,不限,365,353105,,,0,安徽,公办,0,0
山东,2025,综合,普通类二段,,安徽城市管理职业学院,,不限,409,377342,,,0,安徽,公办,0,0
山东,2025,综合,普通类二段,,安徽审计职业学院,,不限,457,291865,,,0,安徽,公办,0,0
山东,2025,综合,普通类二段,,安徽广播影视职业技术学院,,不限,420,375276,,,0,安徽,公办,0,0
山东,2025,综合,普通类二段,,安徽新华学院,,物理、化学(2科必选),460,286291,,,0,安徽,民办,0,0
山东,2025,综合,普通类二段,,安徽新闻出版职业技术学院,,不限,375,342356,,,0,安徽,公办,0,0
山东,2025,综合,普通类二段,,安徽矿业职业技术学院,,不限,308,552519,,,0,安徽,民办,0,0
山东,2025,综合,普通类二段,,安徽第二医学院,,不限,452,257989,,,0,安徽,公办,0,0
山东,2025,综合,普通类二段,,安徽第二医学院,,化学必选,452,292477,,,0,安徽,公办,0,0
山东,2025,综合,普通类二段,,安徽第二医学院,,物理必选,445,323137,,,0,安徽,公办,0,0
山东,2025,综合,普通类二段,,安徽第二医学院,,生物必选,455,298710,,,0,安徽,公办,0,0
山东,2025,综合,普通类二段,,安徽职业技术大学,,不限,425,311840,,,0,安徽,公办,0,0
山东,2025,综合,普通类二段,,安徽职业技术大学,,物理必选,439,337203,,,0,安徽,公办,0,0
山东,2025,综合,普通类二段,,安徽警官职业学院,,不限,460,285662,,,0,安徽,公办,0,0
山东,2025,综合,普通类二段,,安徽财贸职业学院,,不限,362,420946,,,0,安徽,公办,0,0
山东,2025,综合,普通类二段,,安阳幼儿师范高等专科学校,,不限,320,376899,,,0,河南,公办,0,0
山东,2025,综合,普通类二段,,安阳职业技术学院,,不限,301,384852,,,0,河南,公办,0,0
山东,2025,综合,普通类二段,,定西职业技术学院,,不限,299,445058,,,0,甘肃,公办,0,0
山东,2025,综合,普通类二段,,宜昌科技职业学院,,不限,384,386289,,,0,湖北,公办,0,0
山东,2025,综合,普通类二段,,宜春幼儿师范高等专科学校,,不限,311,360662,,,0,江西,公办,0,0
山东,2025,综合,普通类二段,,宜春职业技术学院,,不限,424,338340,,,0,江西,公办,0,0
山东,2025,综合,普通类二段,,宝鸡三和职业学院,,不限,314,544785,,,0,陕西,民办,0,0
山东,2025,综合,普通类二段,,宝鸡中北职业学院,,不限,181,562555,,,0,陕西,民办,0,0
山东,2025,综合,普通类二段,,宣化科技职业学院,,不限,365,418315,,,0,河北,公办,0,0
山东,2025,综合,普通类二段,,宿州航空职业学院,,不限,171,640606,,,0,安徽,民办,0,0
山东,2025,综合,普通类二段,,宿迁幼儿师范高等专科学校,,不限,393,390947,,,0,江苏,公办,0,0
山东,2025,综合,普通类二段,,宿迁泽达职业技术学院,,不限,183,528575,,,0,江苏,民办,0,0
山东,2025,综合,普通类二段,,宿迁职业技术学院,,不限,318,450814,,,0,江苏,民办,0,0
山东,2025,综合,普通类二段,,山东中医药高等专科学校,,不限,424,76925,,,0,山东,公办,0,0
山东,2025,综合,普通类二段,,山东交通职业学院,,不限,356,245946,,,0,山东,公办,0,0
山东,2025,综合,普通类二段,,山东传媒职业学院,,不限,289,211560,,,0,山东,公办,0,0
山东,2025,综合,普通类二段,,山东信息职业技术学院,,不限,280,217664,,,0,山东,公办,0,0
山东,2025,综合,普通类二段,,山东农业工程学院,,不限,424,289939,,,0,山东,公办,0,0
山东,2025,综合,普通类二段,,山东力明科技职业学院,,不限,206,507930,,,0,山东,民办,0,0
山东,2025,综合,普通类二段,,山东劳动职业技术学院,,不限,322,240226,,,0,山东,公办,0,0
山东,2025,综合,普通类二段,,山东化工职业学院,,不限,319,243642,,,0,山东,公办,0,0
山东,2025,综合,普通类二段,,山东医学高等专科学校,,不限,408,90944,,,0,山东,公办,0,0
山东,2025,综合,普通类二段,,山东华宇工学院,,不限,236,572668,,,0,山东,民办,0,0
山东,2025,综合,普通类二段,,山东华宇工学院,,物理、化学(2科必选),451,307275,,,0,山东,民办,0,0
山东,2025,综合,普通类二段,,山东华宇工学院,,物理必选,442,276540,,,0,山东,民办,0,0
山东,2025,综合,普通类二段,,山东协和学院,,不限,157,419687,,,0,山东,民办,0,0
山东,2025,综合,普通类二段,,山东协和学院,,物理、化学(2科必选),452,293354,,,0,山东,民办,0,0
山东,2025,综合,普通类二段,,山东协和学院,,物理必选,455,286594,,,0,山东,民办,0,0
山东,2025,综合,普通类二段,,山东司法警官职业学院,,不限,395,164589,,,0,山东,公办,0,0
山东,2025,综合,普通类二段,,山东商业职业技术学院,,不限,280,187953,,,0,山东,公办,0,0
山东,2025,综合,普通类二段,,山东商业职业技术学院,,化学必选,429,265098,,,0,山东,公办,0,0
山东,2025,综合,普通类二段,,山东商务职业学院,,不限,264,209029,,,0,山东,公办,0,0
山东,2025,综合,普通类二段,,山东圣翰财贸职业学院,,不限,150,607697,,,0,山东,民办,0,0
山东,2025,综合,普通类二段,,山东城市建设职业学院,,不限,303,239778,,,0,山东,公办,0,0
山东,2025,综合,普通类二段,,山东城市服务职业学院,,不限,315,272282,,,0,山东,公办,0,0
山东,2025,综合,普通类二段,,山东外事职业大学,,不限,150,209814,,,0,山东,民办,0,0
山东,2025,综合,普通类二段,,山东外事职业大学,,物理必选,433,335896,,,0,山东,民办,0,0
山东,2025,综合,普通类二段,,山东外国语职业技术大学,,不限,198,563083,,,0,山东,民办,0,0
山东,2025,综合,普通类二段,,山东外国语职业技术大学,,物理、化学(2科必选),231,635090,,,0,山东,民办,0,0
山东,2025,综合,普通类二段,,山东外国语职业技术大学,,物理必选,438,314681,,,0,山东,民办,0,0
山东,2025,综合,普通类二段,,山东外贸职业学院,,不限,361,190390,,,0,山东,公办,0,0
山东,2025,综合,普通类二段,,山东女子学院,,不限,441,303459,,,0,山东,公办,0,0
山东,2025,综合,普通类二段,,山东工业职业学院,,不限,315,258174,,,0,山东,公办,0,0
山东,2025,综合,普通类二段,,山东工程职业技术大学,,不限,153,574794,,,0,山东,民办,0,0
山东,2025,综合,普通类二段,,山东工程职业技术大学,,物理必选,430,319781,,,0,山东,民办,0,0
山东,2025,综合,普通类二段,,山东工艺美术学院,,不限,439,337345,,,0,山东,公办,0,0
山东,2025,综合,普通类二段,,山东工艺美术学院,,物理、化学(2科必选),440,333759,,,0,山东,公办,0,0
山东,2025,综合,普通类二段,,山东政法学院,,不限,466,246716,,,0,山东,公办,0,0
山东,2025,综合,普通类二段,,山东文化产业职业学院,,不限,150,533631,,,0,山东,民办,0,0
山东,2025,综合,普通类二段,,山东文化艺术职业学院,,不限,381,429838,,,0,山东,公办,0,0
山东,2025,综合,普通类二段,,山东文化艺术职业学院,,物理必选,316,408266,,,0,山东,公办,0,0
山东,2025,综合,普通类二段,,山东旅游职业学院,,不限,281,269566,,,0,山东,公办,0,0
山东,2025,综合,普通类二段,,山东服装职业学院,,不限,285,184833,,,0,山东,公办,0,0
山东,2025,综合,普通类二段,,山东水利职业学院,,不限,352,203737,,,0,山东,公办,0,0
山东,2025,综合,普通类二段,,山东水利职业学院,,化学必选,361,501007,,,0,山东,公办,0,0
山东,2025,综合,普通类二段,,山东水利职业学院,,物理必选,369,271223,,,0,山东,公办,0,0
山东,2025,综合,普通类二段,,山东海事职业学院,,不限,155,274213,,,0,山东,民办,0,0
山东,2025,综合,普通类二段,,山东特殊教育职业学院,,不限,307,196596,,,0,山东,公办,0,0
山东,2025,综合,普通类二段,,山东现代学院,,不限,229,481056,,,0,山东,民办,0,0
山东,2025,综合,普通类二段,,山东现代学院,,物理、化学(2科必选),439,337029,,,0,山东,民办,0,0
山东,2025,综合,普通类二段,,山东现代学院,,物理、生物(2科必选),452,306164,,,0,山东,民办,0,0
山东,2025,综合,普通类二段,,山东现代学院,,物理必选,439,336035,,,0,山东,民办,0,0
山东,2025,综合,普通类二段,,山东理工职业学院,,不限,294,191803,,,0,山东,公办,0,0
山东,2025,综合,普通类二段,,山东电力高等专科学校,,不限,464,221550,,,0,山东,公办,0,0
山东,2025,综合,普通类二段,,山东电子职业技术学院,,不限,351,211251,,,0,山东,公办,0,0
山东,2025,综合,普通类二段,,山东畜牧兽医职业学院,,不限,274,196919,,,0,山东,公办,0,0
山东,2025,综合,普通类二段,,山东科技职业学院,,不限,243,188776,,,0,山东,公办,0,0
山东,2025,综合,普通类二段,,山东管理学院,,不限,353,279926,,,0,山东,公办,0,0
山东,2025,综合,普通类二段,,山东经贸职业学院,,不限,323,195382,,,0,山东,公办,0,0
山东,2025,综合,普通类二段,,山东职业学院,,不限,401,161707,,,0,山东,公办,0,0
山东,2025,综合,普通类二段,,山东职业学院,,物理必选,400,230703,,,0,山东,公办,0,0
山东,2025,综合,普通类二段,,山东胜利职业学院,,不限,290,215545,,,0,山东,公办,0,0
山东,2025,综合,普通类二段,,山东航空学院,,不限,361,327478,,,0,山东,公办,0,0
山东,2025,综合,普通类二段,,山东航空学院,,物理必选,422,362040,,,0,山东,公办,0,0
山东,2025,综合,普通类二段,,山东艺术设计职业学院,,不限,198,617531,,,0,山东,民办,0,0
山东,2025,综合,普通类二段,,山东英才学院,,不限,152,218632,,,0,山东,民办,0,0
山东,2025,综合,普通类二段,,山东英才学院,,物理、化学(2科必选),429,284559,,,0,山东,民办,0,0
山东,2025,综合,普通类二段,,山东英才学院,,物理必选,376,350735,,,0,山东,民办,0,0
山东,2025,综合,普通类二段,,山东药品食品职业学院,,不限,331,227844,,,0,山东,公办,0,0
山东,2025,综合,普通类二段,,山东财经大学东方学院,,不限,298,483840,,,0,山东,民办,0,0
山东,2025,综合,普通类二段,,山东财经大学燕山学院,,不限,186,612081,,,0,山东,民办,0,0
山东,2025,综合,普通类二段,,山东轻工职业学院,,不限,306,241351,,,0,山东,公办,0,0
山东,2025,综合,普通类二段,,山东铝业职业学院,,不限,291,272348,,,0,山东,公办,0,0
山东,2025,综合,普通类二段,,山东青年政治学院,,不限,407,271697,,,0,山东,公办,0,0
山东,2025,综合,普通类二段,,山西信息职业技术学院,,不限,196,649681,,,0,山西,民办,0,0
山东,2025,综合,普通类二段,,山西同文职业技术学院,,不限,233,580555,,,0,山西,民办,0,0
山东,2025,综合,普通类二段,,山西工程科技职业大学,,不限,405,310714,,,0,山西,公办,0,0
山东,2025,综合,普通类二段,,山西工程职业学院,,不限,395,290976,,,0,山西,公办,0,0
山东,2025,综合,普通类二段,,山西应用科技学院,,物理必选,464,270689,,,0,山西,民办,0,0
山东,2025,综合,普通类二段,,山西机电职业技术学院,,不限,432,306610,,,0,山西,公办,0,0
山东,2025,综合,普通类二段,,山西水利职业技术学院,,不限,321,539034,,,0,山西,公办,0,0
山东,2025,综合,普通类二段,,山西省财政税务专科学校,,不限,404,274535,,,0,山西,公办,0,0
山东,2025,综合,普通类二段,,山西管理职业学院,,不限,357,409214,,,0,山西,公办,0,0
山东,2025,综合,普通类二段,,山西老区职业技术学院,,不限,393,437081,,,0,山西,民办,0,0
山东,2025,综合,普通类二段,,山西职业技术学院,,不限,438,263415,,,0,山西,公办,0,0
山东,2025,综合,普通类二段,,山西金融职业学院,,不限,401,399722,,,0,山西,公办,0,0
山东,2025,综合,普通类二段,,山西铁道职业技术学院,,不限,412,308156,,,0,山西,公办,0,0
山东,2025,综合,普通类二段,,岳阳学院,,物理、化学(2科必选),466,271399,,,0,湖南,民办,0,0
山东,2025,综合,普通类二段,,巴中职业技术学院,,不限,196,432995,,,0,四川,民办,0,0
山东,2025,综合,普通类二段,,巴音郭楞职业技术学院,,不限,219,501760,,,0,新疆,公办,0,0
山东,2025,综合,普通类二段,,常州信息职业技术学院,,不限,459,196576,,,0,江苏,公办,0,0
山东,2025,综合,普通类二段,,常州工程职业技术学院,,不限,433,279124,,,0,江苏,公办,0,0
山东,2025,综合,普通类二段,,常州机电职业技术学院,,不限,432,271269,,,0,江苏,公办,0,0
山东,2025,综合,普通类二段,,常州纺织服装职业技术学院,,不限,362,370473,,,0,江苏,公办,0,0
山东,2025,综合,普通类二段,,常德职业技术学院,,不限,423,337442,,,0,湖南,公办,0,0
山东,2025,综合,普通类二段,,平顶山工业职业技术学院,,不限,317,480680,,,0,河南,公办,0,0
山东,2025,综合,普通类二段,,平顶山工业职业技术学院,,历史必选,344,530680,,,0,河南,公办,0,0
山东,2025,综合,普通类二段,,广东亚视演艺职业学院,,不限,167,553864,,,0,广东,民办,0,0
山东,2025,综合,普通类二段,,广东南华工商职业学院,,不限,300,277082,,,0,广东,公办,0,0
山东,2025,综合,普通类二段,,广东工商职业技术大学,,物理必选,438,336594,,,0,广东,民办,0,0
山东,2025,综合,普通类二段,,广东文理职业学院,,不限,238,439627,,,0,广东,民办,0,0
山东,2025,综合,普通类二段,,广东省外语艺术职业学院,,不限,328,558202,,,0,广东,公办,0,0
山东,2025,综合,普通类二段,,广东肇庆航空职业学院,,不限,157,669657,,,0,广东,民办,0,0
山东,2025,综合,普通类二段,,广东茂名幼儿师范专科学校,,不限,237,614741,,,0,广东,公办,0,0
山东,2025,综合,普通类二段,,广东轻工职业技术大学,,不限,462,274147,,,0,广东,公办,0,0
山东,2025,综合,普通类二段,,广东轻工职业技术大学,,物理必选,456,283833,,,0,广东,公办,0,0
山东,2025,综合,普通类二段,,广元中核职业技术学院,,不限,404,382179,,,0,四川,民办,0,0
山东,2025,综合,普通类二段,,广州华立学院,,物理、化学(2科必选),440,334091,,,0,广东,民办,0,0
山东,2025,综合,普通类二段,,广州华立科技职业学院,,不限,283,461697,,,0,广东,民办,0,0
山东,2025,综合,普通类二段,,广州卫生职业技术学院,,不限,421,297013,,,0,广东,公办,0,0
山东,2025,综合,普通类二段,,广州工商学院,,物理、化学(2科必选),425,362642,,,0,广东,民办,0,0
山东,2025,综合,普通类二段,,广州康大职业技术学院,,不限,219,522420,,,0,广东,民办,0,0
山东,2025,综合,普通类二段,,广州新华学院,,物理必选,440,334248,,,0,广东,民办,0,0
山东,2025,综合,普通类二段,,广州民航职业技术学院,,不限,331,240964,,,0,广东,公办,0,0
山东,2025,综合,普通类二段,,广州民航职业技术学院,,物理必选,426,275257,,,0,广东,公办,0,0
山东,2025,综合,普通类二段,,广州涉外经济职业技术学院,,不限,155,669495,,,0,广东,民办,0,0
山东,2025,综合,普通类二段,,广州珠江职业技术学院,,不限,304,434232,,,0,广东,民办,0,0
山东,2025,综合,普通类二段,,广州科技贸易职业学院,,不限,420,326827,,,0,广东,公办,0,0
山东,2025,综合,普通类二段,,广州科技贸易职业学院,,物理、化学(2科必选),430,357098,,,0,广东,公办,0,0
山东,2025,综合,普通类二段,,广州铁路职业技术学院,,不限,443,328564,,,0,广东,公办,0,0
山东,2025,综合,普通类二段,,广州铁路职业技术学院,,物理必选,413,310287,,,0,广东,公办,0,0
山东,2025,综合,普通类二段,,广西中医药大学,,物理、化学(2科必选),472,255223,,,0,广西,公办,0,0
山东,2025,综合,普通类二段,,广西交通职业技术学院,,不限,301,390095,,,0,广西,公办,0,0
山东,2025,综合,普通类二段,,广西体育高等专科学校,,不限,385,454203,,,0,广西,公办,0,0
山东,2025,综合,普通类二段,,广西农业工程职业技术学院,,不限,249,515838,,,0,广西,公办,0,0
山东,2025,综合,普通类二段,,广西国际商务职业技术学院,,不限,287,462586,,,0,广西,公办,0,0
山东,2025,综合,普通类二段,,广西城市职业大学,,物理必选,431,355636,,,0,广西,民办,0,0
山东,2025,综合,普通类二段,,广西培贤国际职业学院,,不限,235,594115,,,0,广西,民办,0,0
山东,2025,综合,普通类二段,,广西外国语学院,,物理、化学(2科必选),456,295103,,,0,广西,民办,0,0
山东,2025,综合,普通类二段,,广西工业职业技术学院,,不限,385,378638,,,0,广西,公办,0,0
山东,2025,综合,普通类二段,,广西工程职业学院,,不限,209,669950,,,0,广西,民办,0,0
山东,2025,综合,普通类二段,,广西幼儿师范高等专科学校,,不限,332,551055,,,0,广西,公办,0,0
山东,2025,综合,普通类二段,,广西建设职业技术学院,,不限,265,586874,,,0,广西,公办,0,0
山东,2025,综合,普通类二段,,广西机电职业技术学院,,不限,319,371281,,,0,广西,公办,0,0
山东,2025,综合,普通类二段,,广西机电职业技术学院,,物理必选,387,432829,,,0,广西,公办,0,0
山东,2025,综合,普通类二段,,广西水利电力职业技术学院,,不限,334,367879,,,0,广西,公办,0,0
山东,2025,综合,普通类二段,,广西物流职业技术学院,,不限,328,504515,,,0,广西,公办,0,0
山东,2025,综合,普通类二段,,广西物流职业技术学院,,物理必选,350,519636,,,0,广西,公办,0,0
山东,2025,综合,普通类二段,,广西电力职业技术学院,,不限,332,309418,,,0,广西,公办,0,0
山东,2025,综合,普通类二段,,广西科技职业学院,,不限,242,654072,,,0,广西,民办,0,0
山东,2025,综合,普通类二段,,广西经济职业学院,,不限,184,609893,,,0,广西,民办,0,0
山东,2025,综合,普通类二段,,广西自然资源职业技术学院,,不限,303,469846,,,0,广西,公办,0,0
山东,2025,综合,普通类二段,,广西英华国际职业学院,,不限,170,641086,,,0,广西,民办,0,0
山东,2025,综合,普通类二段,,广西财经学院,,物理、化学(2科必选),467,267102,,,0,广西,公办,0,0
山东,2025,综合,普通类二段,,广西金融职业技术学院,,不限,270,486678,,,0,广西,公办,0,0
山东,2025,综合,普通类二段,,庆阳职业技术学院,,不限,267,504083,,,0,甘肃,公办,0,0
山东,2025,综合,普通类二段,,康复大学,,物理、化学(2科必选),582,39797,,,0,山东,公办,0,0
山东,2025,综合,普通类二段,,廊坊卫生职业学院,,不限,292,347009,,,0,河北,公办,0,0
山东,2025,综合,普通类二段,,廊坊职业技术学院,,不限,398,428410,,,0,河北,公办,0,0
山东,2025,综合,普通类二段,,延边职业技术学院,,不限,314,344825,,,0,吉林,公办,0,0
山东,2025,综合,普通类二段,,建东职业技术学院,,不限,335,519397,,,0,江苏,民办,0,0
山东,2025,综合,普通类二段,,开封大学,,不限,462,261045,,,0,河南,公办,0,0
山东,2025,综合,普通类二段,,开封文化艺术职业学院,,不限,378,408277,,,0,河南,公办,0,0
山东,2025,综合,普通类二段,,张家界学院,,不限,227,605468,,,0,湖南,民办,0,0
山东,2025,综合,普通类二段,,张家界航空工业职业技术学院,,不限,398,308532,,,0,湖南,公办,0,0
山东,2025,综合,普通类二段,,徐州工业职业技术学院,,不限,421,329321,,,0,江苏,公办,0,0
山东,2025,综合,普通类二段,,徐州幼儿师范高等专科学校,,不限,270,358830,,,0,江苏,公办,0,0
山东,2025,综合,普通类二段,,徐州生物工程职业技术学院,,不限,419,279714,,,0,江苏,公办,0,0
山东,2025,综合,普通类二段,,德州学院,,不限,401,299235,,,0,山东,公办,0,0
山东,2025,综合,普通类二段,,德州工程职业学院,,不限,151,608068,,,0,山东,民办,0,0
山东,2025,综合,普通类二段,,德州科技职业学院,,不限,150,547484,,,0,山东,民办,0,0
山东,2025,综合,普通类二段,,德州职业技术学院,,不限,255,253945,,,0,山东,公办,0,0
山东,2025,综合,普通类二段,,德阳农业科技职业学院,,不限,154,575153,,,0,四川,民办,0,0
山东,2025,综合,普通类二段,,德阳城市轨道交通职业学院,,不限,204,613558,,,0,四川,民办,0,0
山东,2025,综合,普通类二段,,德阳科贸职业学院,,不限,178,577535,,,0,四川,民办,0,0
山东,2025,综合,普通类二段,,忻州职业技术学院,,不限,440,311692,,,0,山西,公办,0,0
山东,2025,综合,普通类二段,,恩施职业技术学院,,不限,349,379872,,,0,湖北,公办,0,0
山东,2025,综合,普通类二段,,成都东软学院,,物理、化学(2科必选),432,352779,,,0,四川,民办,0,0
山东,2025,综合,普通类二段,,成都外国语学院,,不限,427,299313,,,0,四川,民办,0,0
山东,2025,综合,普通类二段,,成都工贸职业技术学院,,不限,416,388564,,,0,四川,公办,0,0
山东,2025,综合,普通类二段,,成都纺织高等专科学校,,不限,407,302203,,,0,四川,公办,0,0
山东,2025,综合,普通类二段,,成都航空职业技术大学,,不限,371,304531,,,0,四川,公办,0,0
山东,2025,综合,普通类二段,,成都航空职业技术大学,,物理必选,437,295051,,,0,四川,公办,0,0
山东,2025,综合,普通类二段,,成都艺术职业大学,,不限,297,599264,,,0,四川,民办,0,0
山东,2025,综合,普通类二段,,成都锦城学院,,物理必选,465,273872,,,0,四川,民办,0,0
山东,2025,综合,普通类二段,,扎兰屯职业学院,,不限,164,372856,,,0,内蒙古,公办,0,0
山东,2025,综合,普通类二段,,扎兰屯职业学院,,物理必选,187,676357,,,0,内蒙古,公办,0,0
山东,2025,综合,普通类二段,,扬州中瑞酒店职业学院,,不限,187,564467,,,0,江苏,民办,0,0
山东,2025,综合,普通类二段,,扬州工业职业技术学院,,不限,425,328573,,,0,江苏,公办,0,0
山东,2025,综合,普通类二段,,扬州职业技术大学,,不限,451,249967,,,0,江苏,公办,0,0
山东,2025,综合,普通类二段,,承德护理职业学院,,不限,445,281720,,,0,河北,公办,0,0
山东,2025,综合,普通类二段,,抚州职业技术学院,,不限,360,397920,,,0,江西,公办,0,0
山东,2025,综合,普通类二段,,拉萨师范学院,,不限,334,374953,,,0,西藏,公办,0,0
山东,2025,综合,普通类二段,,拉萨师范学院,,物理、化学(2科必选),382,459943,,,0,西藏,公办,0,0
山东,2025,综合,普通类二段,,拉萨师范学院,,物理必选,332,550645,,,0,西藏,公办,0,0
山东,2025,综合,普通类二段,,攀枝花攀西职业学院,,不限,165,665556,,,0,四川,民办,0,0
山东,2025,综合,普通类二段,,文华学院,,不限,346,399740,,,0,湖北,民办,0,0
山东,2025,综合,普通类二段,,文华学院,,物理、化学(2科必选),472,255174,,,0,湖北,民办,0,0
山东,2025,综合,普通类二段,,文华学院,,物理必选,465,272450,,,0,湖北,民办,0,0
山东,2025,综合,普通类二段,,新乡职业技术学院,,不限,294,503130,,,0,河南,公办,0,0
山东,2025,综合,普通类二段,,新星职业技术学院,,不限,272,271968,,,0,新疆,公办,0,0
山东,2025,综合,普通类二段,,新疆交通职业技术大学,,不限,245,409897,,,0,新疆,公办,0,0
山东,2025,综合,普通类二段,,新疆农业职业技术大学,,不限,247,301847,,,0,新疆,公办,0,0
山东,2025,综合,普通类二段,,新疆司法警官职业学院,,不限,421,269449,,,0,新疆,公办,0,0
山东,2025,综合,普通类二段,,新疆和田学院,,不限,330,324028,,,0,新疆,公办,0,0
山东,2025,综合,普通类二段,,新疆和田学院,,化学、生物(2科必选),327,474889,,,0,新疆,公办,0,0
山东,2025,综合,普通类二段,,新疆和田学院,,物化生(3科必选),321,407869,,,0,新疆,公办,0,0
山东,2025,综合,普通类二段,,新疆和田学院,,物理、化学(2科必选),354,476603,,,0,新疆,公办,0,0
山东,2025,综合,普通类二段,,新疆天山职业技术大学,,不限,237,574988,,,0,新疆,民办,0,0
山东,2025,综合,普通类二段,,新疆天山职业技术大学,,物理必选,463,274292,,,0,新疆,民办,0,0
山东,2025,综合,普通类二段,,新疆应用职业技术学院,,不限,258,519580,,,0,新疆,公办,0,0
山东,2025,综合,普通类二段,,新疆应用职业技术学院,,化学、生物(2科必选),299,599391,,,0,新疆,公办,0,0
山东,2025,综合,普通类二段,,新疆应用职业技术学院,,物理、化学(2科必选),293,488331,,,0,新疆,公办,0,0
山东,2025,综合,普通类二段,,新疆应用职业技术学院,,物理必选,267,585582,,,0,新疆,公办,0,0
山东,2025,综合,普通类二段,,新疆应用职业技术学院,,生物必选,245,651968,,,0,新疆,公办,0,0
山东,2025,综合,普通类二段,,新疆生产建设兵团兴新职业技术学院,,不限,329,266871,,,0,新疆,公办,0,0
山东,2025,综合,普通类二段,,新疆石河子职业技术学院,,不限,267,460444,,,0,新疆,公办,0,0
山东,2025,综合,普通类二段,,新疆科信职业技术学院,,不限,160,615012,,,0,新疆,民办,0,0
山东,2025,综合,普通类二段,,新疆科技学院,,物理、化学(2科必选),532,113852,,,0,新疆,公办,0,0
山东,2025,综合,普通类二段,,新疆科技职业技术学院,,不限,188,624892,,,0,新疆,民办,0,0
山东,2025,综合,普通类二段,,新疆职业大学,,不限,261,289807,,,0,新疆,公办,0,0
山东,2025,综合,普通类二段,,新疆能源职业技术学院,,不限,240,603201,,,0,新疆,民办,0,0
山东,2025,综合,普通类二段,,新疆警察学院,,不限,446,311535,,,0,新疆,公办,0,0
山东,2025,综合,普通类二段,,新疆轻工职业技术学院,,不限,331,453555,,,0,新疆,公办,0,0
山东,2025,综合,普通类二段,,新疆铁道职业技术学院,,不限,440,301025,,,0,新疆,公办,0,0
山东,2025,综合,普通类二段,,无锡南洋职业技术学院,,不限,294,461275,,,0,江苏,民办,0,0
山东,2025,综合,普通类二段,,无锡商业职业技术学院,,不限,447,241752,,,0,江苏,公办,0,0
山东,2025,综合,普通类二段,,无锡城市职业技术学院,,不限,426,272923,,,0,江苏,公办,0,0
山东,2025,综合,普通类二段,,无锡师范高等专科学校,,不限,413,353207,,,0,江苏,公办,0,0
山东,2025,综合,普通类二段,,无锡科技职业学院,,不限,442,303855,,,0,江苏,公办,0,0
山东,2025,综合,普通类二段,,无锡职业技术大学,,不限,419,221695,,,0,江苏,公办,0,0
山东,2025,综合,普通类二段,,日喀则职业技术学院,,不限,288,546573,,,0,西藏,公办,0,0
山东,2025,综合,普通类二段,,日照康养职业学院,,不限,150,570346,,,0,山东,民办,0,0
山东,2025,综合,普通类二段,,日照科技职业学院,,不限,211,608869,,,0,山东,民办,0,0
山东,2025,综合,普通类二段,,日照职业技术学院,,不限,261,186160,,,0,山东,公办,0,0
山东,2025,综合,普通类二段,,日照航海工程职业学院,,不限,232,559111,,,0,山东,民办,0,0
山东,2025,综合,普通类二段,,昆山登云科技职业学院,,不限,241,502130,,,0,江苏,民办,0,0
山东,2025,综合,普通类二段,,昆明传媒学院,,不限,154,663246,,,0,云南,民办,0,0
山东,2025,综合,普通类二段,,昆明冶金高等专科学校,,不限,459,289010,,,0,云南,公办,0,0
山东,2025,综合,普通类二段,,昆明冶金高等专科学校,,物化生(3科必选),419,382570,,,0,云南,公办,0,0
山东,2025,综合,普通类二段,,昆明冶金高等专科学校,,物理、化学(2科必选),423,354816,,,0,云南,公办,0,0
山东,2025,综合,普通类二段,,昆明冶金高等专科学校,,物理必选,350,377511,,,0,云南,公办,0,0
山东,2025,综合,普通类二段,,昆明卫生职业学院,,不限,188,371031,,,0,云南,民办,0,0
山东,2025,综合,普通类二段,,昆明卫生职业学院,,化学必选,371,480629,,,0,云南,民办,0,0
山东,2025,综合,普通类二段,,昆明卫生职业学院,,物理、生物(2科必选),334,414022,,,0,云南,民办,0,0
山东,2025,综合,普通类二段,,昆明卫生职业学院,,生物必选,156,680545,,,0,云南,民办,0,0
山东,2025,综合,普通类二段,,昆明城市学院,,不限,182,647607,,,0,云南,民办,0,0
山东,2025,综合,普通类二段,,昆玉职业技术学院,,不限,297,267028,,,0,新疆,公办,0,0
山东,2025,综合,普通类二段,,昌吉学院,,物理、化学(2科必选),525,129209,,,0,新疆,公办,0,0
山东,2025,综合,普通类二段,,明达职业技术学院,,不限,285,509121,,,0,江苏,民办,0,0
山东,2025,综合,普通类二段,,景德镇艺术职业大学,,不限,277,535201,,,0,江西,民办,0,0
山东,2025,综合,普通类二段,,景德镇陶瓷职业技术学院,,不限,183,591319,,,0,江西,民办,0,0
山东,2025,综合,普通类二段,,曲阜师范大学,,物理、化学(2科必选),466,271235,,,0,山东,公办,0,0
山东,2025,综合,普通类二段,,曲阜远东职业技术学院,,不限,153,476370,,,0,山东,民办,0,0
山东,2025,综合,普通类二段,,曹妃甸职业技术学院,,不限,184,673374,,,0,河北,民办,0,0
山东,2025,综合,普通类二段,,朔州师范高等专科学校,,不限,417,316572,,,0,山西,公办,0,0
山东,2025,综合,普通类二段,,朔州职业技术学院,,不限,389,445337,,,0,山西,公办,0,0
山东,2025,综合,普通类二段,,朝阳师范学院,,不限,444,261568,,,0,辽宁,公办,0,0
山东,2025,综合,普通类二段,,松原职业技术学院,,不限,201,379740,,,0,吉林,公办,0,0
山东,2025,综合,普通类二段,,林州建筑职业技术学院,,不限,175,665925,,,0,河南,民办,0,0
山东,2025,综合,普通类二段,,枣庄学院,,不限,343,289393,,,0,山东,公办,0,0
山东,2025,综合,普通类二段,,枣庄学院,,物理、化学(2科必选),412,383934,,,0,山东,公办,0,0
山东,2025,综合,普通类二段,,枣庄学院,,物理必选,394,352555,,,0,山东,公办,0,0
山东,2025,综合,普通类二段,,枣庄应用技术职业学院,,不限,264,576024,,,0,山东,民办,0,0
山东,2025,综合,普通类二段,,枣庄科技职业学院,,不限,283,211189,,,0,山东,公办,0,0
山东,2025,综合,普通类二段,,枣庄职业学院,,不限,310,221604,,,0,山东,公办,0,0
山东,2025,综合,普通类二段,,柳州铁道职业技术学院,,不限,439,298323,,,0,广西,公办,0,0
山东,2025,综合,普通类二段,,柳州铁道职业技术学院,,物理必选,435,346104,,,0,广西,公办,0,0
山东,2025,综合,普通类二段,,株洲科技职业学院,,不限,189,617551,,,0,湖南,民办,0,0
山东,2025,综合,普通类二段,,桂林信息工程职业学院,,不限,214,629158,,,0,广西,民办,0,0
山东,2025,综合,普通类二段,,桂林信息科技学院,,物理、化学(2科必选),435,343795,,,0,广西,民办,0,0
山东,2025,综合,普通类二段,,桂林山水职业学院,,不限,201,631997,,,0,广西,民办,0,0
山东,2025,综合,普通类二段,,桂林师范学院,,不限,200,289590,,,0,广西,公办,0,0
山东,2025,综合,普通类二段,,桂林旅游学院,,不限,379,294548,,,0,广西,公办,0,0
山东,2025,综合,普通类二段,,桂林旅游学院,,物理、化学(2科必选),440,334849,,,0,广西,公办,0,0
山东,2025,综合,普通类二段,,桂林理工大学,,不限,446,253139,,,0,广西,公办,0,0
山东,2025,综合,普通类二段,,桂林生命与健康职业技术学院,,不限,244,544374,,,0,广西,民办,0,0
山东,2025,综合,普通类二段,,梧州职业学院,,不限,305,406913,,,0,广西,公办,0,0
山东,2025,综合,普通类二段,,楚雄医药高等专科学校,,不限,440,335490,,,0,云南,公办,0,0
山东,2025,综合,普通类二段,,楚雄医药高等专科学校,,化学、生物(2科必选),429,305242,,,0,云南,公办,0,0
山东,2025,综合,普通类二段,,楚雄医药高等专科学校,,物化生(3科必选),437,341647,,,0,云南,公办,0,0
山东,2025,综合,普通类二段,,榆林能源科技职业学院,,不限,176,523466,,,0,陕西,民办,0,0
山东,2025,综合,普通类二段,,正德职业技术学院,,不限,340,443145,,,0,江苏,民办,0,0
山东,2025,综合,普通类二段,,武昌工学院,,物理必选,464,275079,,,0,湖北,民办,0,0
山东,2025,综合,普通类二段,,武昌理工学院,,不限,334,374236,,,0,湖北,民办,0,0
山东,2025,综合,普通类二段,,武昌理工学院,,物理、化学(2科必选),438,338520,,,0,湖北,民办,0,0
山东,2025,综合,普通类二段,,武昌职业学院,,不限,271,477577,,,0,湖北,民办,0,0
山东,2025,综合,普通类二段,,武昌首义学院,,不限,387,339120,,,0,湖北,民办,0,0
山东,2025,综合,普通类二段,,武汉交通职业学院,,不限,422,325781,,,0,湖北,公办,0,0
山东,2025,综合,普通类二段,,武汉信息传播职业技术学院,,不限,311,421806,,,0,湖北,民办,0,0
山东,2025,综合,普通类二段,,武汉光谷职业学院,,不限,299,496915,,,0,湖北,民办,0,0
山东,2025,综合,普通类二段,,武汉商贸职业学院,,不限,278,448689,,,0,湖北,民办,0,0
山东,2025,综合,普通类二段,,武汉城市职业学院,,不限,430,269211,,,0,湖北,公办,0,0
山东,2025,综合,普通类二段,,武汉工程科技学院,,不限,384,384775,,,0,湖北,民办,0,0
山东,2025,综合,普通类二段,,武汉生物工程学院,,不限,379,327810,,,0,湖北,民办,0,0
山东,2025,综合,普通类二段,,武汉科技职业学院,,不限,367,391045,,,0,湖北,民办,0,0
山东,2025,综合,普通类二段,,武汉纺织大学外经贸学院,,不限,441,304673,,,0,湖北,民办,0,0
山东,2025,综合,普通类二段,,武汉职业技术大学,,不限,455,254147,,,0,湖北,公办,0,0
山东,2025,综合,普通类二段,,武汉航海职业技术学院,,不限,428,354995,,,0,湖北,公办,0,0
山东,2025,综合,普通类二段,,武汉船舶职业技术学院,,不限,410,264246,,,0,湖北,公办,0,0
山东,2025,综合,普通类二段,,武汉警官职业学院,,不限,446,256664,,,0,湖北,公办,0,0
山东,2025,综合,普通类二段,,武汉软件工程职业学院,,不限,445,276614,,,0,湖北,公办,0,0
山东,2025,综合,普通类二段,,武汉铁路桥梁职业学院,,不限,418,283965,,,0,湖北,公办,0,0
山东,2025,综合,普通类二段,,武汉铁路职业技术学院,,不限,464,184796,,,0,湖北,公办,0,0
山东,2025,综合,普通类二段,,民办四川天一学院,,不限,153,598556,,,0,四川,民办,0,0
山东,2025,综合,普通类二段,,民政职业大学,,不限,423,196586,,,0,北京,公办,0,0
山东,2025,综合,普通类二段,,民政职业大学,,化学必选,450,310664,,,0,北京,公办,0,0
山东,2025,综合,普通类二段,,永城职业学院,,不限,333,402509,,,0,河南,公办,0,0
山东,2025,综合,普通类二段,,永州职业技术学院,,不限,445,278560,,,0,湖南,公办,0,0
山东,2025,综合,普通类二段,,汉中职业技术学院,,不限,342,284409,,,0,陕西,公办,0,0
山东,2025,综合,普通类二段,,汉口学院,,不限,339,403297,,,0,湖北,民办,0,0
山东,2025,综合,普通类二段,,汉江师范学院,,不限,455,276774,,,0,湖北,公办,0,0
山东,2025,综合,普通类二段,,汝州职业技术学院,,不限,330,449229,,,0,河南,公办,0,0
山东,2025,综合,普通类二段,,江南影视艺术职业学院,,不限,331,553791,,,0,江苏,民办,0,0
山东,2025,综合,普通类二段,,江汉艺术职业学院,,不限,379,372711,,,0,湖北,公办,0,0
山东,2025,综合,普通类二段,,江海职业技术学院,,不限,242,551035,,,0,江苏,民办,0,0
山东,2025,综合,普通类二段,,江苏信息职业技术学院,,不限,452,263975,,,0,江苏,公办,0,0
山东,2025,综合,普通类二段,,江苏农林职业技术学院,,不限,362,271102,,,0,江苏,公办,0,0
山东,2025,综合,普通类二段,,江苏农林职业技术学院,,物理必选,438,338629,,,0,江苏,公办,0,0
山东,2025,综合,普通类二段,,江苏农牧科技职业学院,,不限,424,249232,,,0,江苏,公办,0,0
山东,2025,综合,普通类二段,,江苏医药职业学院,,不限,460,275518,,,0,江苏,公办,0,0
山东,2025,综合,普通类二段,,江苏医药职业学院,,物理、化学(2科必选),439,302622,,,0,江苏,公办,0,0
山东,2025,综合,普通类二段,,江苏卫生健康职业学院,,不限,474,199119,,,0,江苏,公办,0,0
山东,2025,综合,普通类二段,,江苏卫生健康职业学院,,物理、化学(2科必选),447,317182,,,0,江苏,公办,0,0
山东,2025,综合,普通类二段,,江苏商贸职业学院,,不限,416,274339,,,0,江苏,公办,0,0
山东,2025,综合,普通类二段,,江苏城乡建设职业学院,,不限,410,299745,,,0,江苏,公办,0,0
山东,2025,综合,普通类二段,,江苏安全技术职业学院,,不限,410,288401,,,0,江苏,公办,0,0
山东,2025,综合,普通类二段,,江苏工程职业技术学院,,不限,423,238876,,,0,江苏,公办,0,0
山东,2025,综合,普通类二段,,江苏建筑职业技术学院,,不限,425,301467,,,0,江苏,公办,0,0
山东,2025,综合,普通类二段,,江苏旅游职业学院,,不限,417,292090,,,0,江苏,公办,0,0
山东,2025,综合,普通类二段,,江苏海事职业技术学院,,不限,434,261030,,,0,江苏,公办,0,0
山东,2025,综合,普通类二段,,江苏电子信息职业学院,,不限,430,317489,,,0,江苏,公办,0,0
山东,2025,综合,普通类二段,,江苏经贸职业技术学院,,不限,455,249041,,,0,江苏,公办,0,0
山东,2025,综合,普通类二段,,江苏航空职业技术学院,,不限,392,327440,,,0,江苏,公办,0,0
山东,2025,综合,普通类二段,,江苏航运职业技术学院,,不限,427,341120,,,0,江苏,公办,0,0
山东,2025,综合,普通类二段,,江苏财会职业学院,,不限,438,259775,,,0,江苏,公办,0,0
山东,2025,综合,普通类二段,,江苏财经职业技术学院,,不限,436,271515,,,0,江苏,公办,0,0
山东,2025,综合,普通类二段,,江苏食品药品职业技术学院,,不限,433,322308,,,0,江苏,公办,0,0
山东,2025,综合,普通类二段,,江西交通职业技术学院,,不限,422,345800,,,0,江西,公办,0,0
山东,2025,综合,普通类二段,,江西信息应用职业技术学院,,不限,407,370943,,,0,江西,公办,0,0
山东,2025,综合,普通类二段,,江西冶金职业技术学院,,不限,336,372391,,,0,江西,公办,0,0
山东,2025,综合,普通类二段,,江西制造职业技术学院,,不限,422,326385,,,0,江西,公办,0,0
山东,2025,综合,普通类二段,,江西医学高等专科学校,,不限,456,296909,,,0,江西,公办,0,0
山东,2025,综合,普通类二段,,江西医学高等专科学校,,物化生(3科必选),462,280289,,,0,江西,公办,0,0
山东,2025,综合,普通类二段,,江西医学高等专科学校,,物理、化学(2科必选),356,280139,,,0,江西,公办,0,0
山东,2025,综合,普通类二段,,江西医学高等专科学校,,物理必选,436,343422,,,0,江西,公办,0,0
山东,2025,综合,普通类二段,,江西司法警官职业学院,,不限,446,276535,,,0,江西,公办,0,0
山东,2025,综合,普通类二段,,江西外语外贸职业学院,,不限,365,378962,,,0,江西,公办,0,0
山东,2025,综合,普通类二段,,江西婺源茶业职业学院,,不限,287,498397,,,0,江西,公办,0,0
山东,2025,综合,普通类二段,,江西工业工程职业技术学院,,不限,359,407763,,,0,江西,公办,0,0
山东,2025,综合,普通类二段,,江西工业贸易职业技术学院,,不限,328,374198,,,0,江西,公办,0,0
山东,2025,综合,普通类二段,,江西工商职业技术学院,,不限,190,534147,,,0,江西,民办,0,0
山东,2025,综合,普通类二段,,江西师范高等专科学校,,不限,437,342188,,,0,江西,公办,0,0
山东,2025,综合,普通类二段,,江西应用工程职业学院,,不限,377,335158,,,0,江西,公办,0,0
山东,2025,综合,普通类二段,,江西应用技术职业学院,,不限,405,316353,,,0,江西,公办,0,0
山东,2025,综合,普通类二段,,江西应用科技学院,,不限,195,191806,,,0,江西,民办,0,0
山东,2025,综合,普通类二段,,江西应用科技学院,,物理、化学(2科必选),434,341030,,,0,江西,民办,0,0
山东,2025,综合,普通类二段,,江西应用科技学院,,物理必选,458,290333,,,0,江西,民办,0,0
山东,2025,综合,普通类二段,,江西建设职业技术学院,,不限,350,407645,,,0,江西,公办,0,0
山东,2025,综合,普通类二段,,江西新能源科技职业学院,,不限,186,607884,,,0,江西,民办,0,0
山东,2025,综合,普通类二段,,江西旅游商贸职业学院,,不限,368,364617,,,0,江西,公办,0,0
山东,2025,综合,普通类二段,,江西服装学院,,物理、化学(2科必选),432,336664,,,0,江西,民办,0,0
山东,2025,综合,普通类二段,,江西机电职业技术学院,,不限,387,372765,,,0,江西,公办,0,0
山东,2025,综合,普通类二段,,江西枫林涉外经贸职业学院,,不限,171,584625,,,0,江西,民办,0,0
山东,2025,综合,普通类二段,,江西樟树中医药职业学院,,不限,315,528880,,,0,江西,民办,0,0
山东,2025,综合,普通类二段,,江西水利职业学院,,不限,381,315696,,,0,江西,公办,0,0
山东,2025,综合,普通类二段,,江西泰豪动漫职业学院,,不限,169,634715,,,0,江西,民办,0,0
山东,2025,综合,普通类二段,,江西环境工程职业学院,,不限,326,357312,,,0,江西,公办,0,0
山东,2025,综合,普通类二段,,江西现代职业技术学院,,不限,385,368974,,,0,江西,公办,0,0
山东,2025,综合,普通类二段,,江西生物科技职业学院,,不限,415,213350,,,0,江西,公办,0,0
山东,2025,综合,普通类二段,,江西电力职业技术学院,,不限,431,289502,,,0,江西,公办,0,0
山东,2025,综合,普通类二段,,江西电力职业技术学院,,物理必选,453,303890,,,0,江西,公办,0,0
山东,2025,综合,普通类二段,,江西科技学院,,物理、化学(2科必选),466,271312,,,0,江西,民办,0,0
山东,2025,综合,普通类二段,,江西科技职业学院,,不限,208,480319,,,0,江西,民办,0,0
山东,2025,综合,普通类二段,,江西职业技术大学,,不限,439,284073,,,0,江西,公办,0,0
山东,2025,综合,普通类二段,,江西航空职业技术学院,,不限,296,298734,,,0,江西,民办,0,0
山东,2025,综合,普通类二段,,江西财经职业学院,,不限,404,346083,,,0,江西,公办,0,0
山东,2025,综合,普通类二段,,江西软件职业技术大学,,不限,241,480618,,,0,江西,民办,0,0
山东,2025,综合,普通类二段,,江阳城建职业学院,,不限,174,666666,,,0,四川,民办,0,0
山东,2025,综合,普通类二段,,江阴职业技术学院,,不限,427,288770,,,0,江苏,公办,0,0
山东,2025,综合,普通类二段,,沈阳北软信息职业技术学院,,不限,362,423447,,,0,辽宁,民办,0,0
山东,2025,综合,普通类二段,,沈阳工学院,,不限,422,325359,,,0,辽宁,民办,0,0
山东,2025,综合,普通类二段,,沈阳工程学院,,不限,439,277946,,,0,辽宁,公办,0,0
山东,2025,综合,普通类二段,,沈阳职业技术学院,,不限,428,306107,,,0,辽宁,公办,0,0
山东,2025,综合,普通类二段,,沙洲职业工学院,,不限,410,297036,,,0,江苏,公办,0,0
山东,2025,综合,普通类二段,,沧州交通学院,,物理必选,461,278228,,,0,河北,民办,0,0
山东,2025,综合,普通类二段,,沧州医学高等专科学校,,不限,451,235932,,,0,河北,公办,0,0
山东,2025,综合,普通类二段,,沧州幼儿师范高等专科学校,,不限,328,433640,,,0,河北,公办,0,0
山东,2025,综合,普通类二段,,沧州职业技术学院,,不限,385,434911,,,0,河北,公办,0,0
山东,2025,综合,普通类二段,,沧州航空职业学院,,不限,214,397302,,,0,河北,民办,0,0
山东,2025,综合,普通类二段,,河北东方学院,,物理必选,464,275709,,,0,河北,民办,0,0
山东,2025,综合,普通类二段,,河北交通职业技术学院,,不限,418,293575,,,0,河北,公办,0,0
山东,2025,综合,普通类二段,,河北交通职业技术学院,,物理必选,424,372159,,,0,河北,公办,0,0
山东,2025,综合,普通类二段,,河北化工医药职业技术学院,,不限,378,363362,,,0,河北,公办,0,0
山东,2025,综合,普通类二段,,河北司法警官职业学院,,不限,451,282087,,,0,河北,公办,0,0
山东,2025,综合,普通类二段,,河北女子职业技术学院,,不限,407,409074,,,0,河北,公办,0,0
山东,2025,综合,普通类二段,,河北对外经贸职业学院,,不限,409,383118,,,0,河北,公办,0,0
山东,2025,综合,普通类二段,,河北工艺美术职业学院,,不限,398,427137,,,0,河北,公办,0,0
山东,2025,综合,普通类二段,,河北建材职业技术学院,,不限,307,322286,,,0,河北,公办,0,0
山东,2025,综合,普通类二段,,河北政法职业学院,,不限,459,270797,,,0,河北,公办,0,0
山东,2025,综合,普通类二段,,河北旅游职业学院,,不限,336,355877,,,0,河北,公办,0,0
山东,2025,综合,普通类二段,,河北科技学院,,物理、化学(2科必选),451,304042,,,0,河北,民办,0,0
山东,2025,综合,普通类二段,,河北科技学院,,物理必选,438,340134,,,0,河北,民办,0,0
山东,2025,综合,普通类二段,,河北科技工程职业技术大学,,不限,369,291040,,,0,河北,公办,0,0
山东,2025,综合,普通类二段,,河北美术学院,,物理、化学(2科必选),439,336253,,,0,河北,民办,0,0
山东,2025,综合,普通类二段,,河北能源职业技术学院,,不限,433,310011,,,0,河北,公办,0,0
山东,2025,综合,普通类二段,,河北资源环境职业技术学院,,不限,333,502606,,,0,河北,公办,0,0
山东,2025,综合,普通类二段,,河北轨道运输职业技术学院,,不限,457,200392,,,0,河北,公办,0,0
山东,2025,综合,普通类二段,,河北软件职业技术学院,,不限,384,412639,,,0,河北,公办,0,0
山东,2025,综合,普通类二段,,河南农业职业学院,,不限,380,321364,,,0,河南,公办,0,0
山东,2025,综合,普通类二段,,河南司法警官职业学院,,不限,448,316598,,,0,河南,公办,0,0
山东,2025,综合,普通类二段,,河南地矿职业学院,,不限,373,428387,,,0,河南,公办,0,0
山东,2025,综合,普通类二段,,河南工业和信息化职业学院,,不限,283,437274,,,0,河南,公办,0,0
山东,2025,综合,普通类二段,,河南工业职业技术学院,,不限,423,370649,,,0,河南,公办,0,0
山东,2025,综合,普通类二段,,河南工业贸易职业学院,,不限,423,373933,,,0,河南,公办,0,0
山东,2025,综合,普通类二段,,河南应用技术职业学院,,不限,372,412830,,,0,河南,公办,0,0
山东,2025,综合,普通类二段,,河南护理职业学院,,不限,423,372892,,,0,河南,公办,0,0
山东,2025,综合,普通类二段,,河南推拿职业学院,,不限,441,332848,,,0,河南,公办,0,0
山东,2025,综合,普通类二段,,河南检察职业学院,,不限,461,276970,,,0,河南,公办,0,0
山东,2025,综合,普通类二段,,河南测绘职业学院,,不限,368,447376,,,0,河南,公办,0,0
山东,2025,综合,普通类二段,,河南经贸职业学院,,不限,393,307081,,,0,河南,公办,0,0
山东,2025,综合,普通类二段,,河南职业技术学院,,物理必选,434,339786,,,0,河南,公办,0,0
山东,2025,综合,普通类二段,,河南轻工职业学院,,不限,361,456955,,,0,河南,公办,0,0
山东,2025,综合,普通类二段,,泉州信息工程学院,,物理、化学(2科必选),432,346536,,,0,福建,民办,0,0
山东,2025,综合,普通类二段,,泉州信息工程学院,,物理必选,433,351167,,,0,福建,民办,0,0
山东,2025,综合,普通类二段,,泉州华光职业学院,,不限,187,625928,,,0,福建,民办,0,0
山东,2025,综合,普通类二段,,泉州海洋职业学院,,不限,172,488715,,,0,福建,民办,0,0
山东,2025,综合,普通类二段,,泉州纺织服装职业学院,,不限,265,598384,,,0,福建,民办,0,0
山东,2025,综合,普通类二段,,泉州职业技术大学,,物理必选,439,295344,,,0,福建,民办,0,0
山东,2025,综合,普通类二段,,泉州轻工职业学院,,不限,221,586719,,,0,福建,民办,0,0
山东,2025,综合,普通类二段,,泰山学院,,不限,412,289014,,,0,山东,公办,0,0
山东,2025,综合,普通类二段,,泰山护理职业学院,,不限,332,209039,,,0,山东,公办,0,0
山东,2025,综合,普通类二段,,泰山科技学院,,不限,154,635513,,,0,山东,民办,0,0
山东,2025,综合,普通类二段,,泰山科技学院,,物理、化学(2科必选),429,312131,,,0,山东,民办,0,0
山东,2025,综合,普通类二段,,泰山科技学院,,物理必选,426,338564,,,0,山东,民办,0,0
山东,2025,综合,普通类二段,,泰山职业技术学院,,不限,310,240526,,,0,山东,公办,0,0
山东,2025,综合,普通类二段,,泸州医疗器械职业学院,,不限,163,586701,,,0,四川,民办,0,0
山东,2025,综合,普通类二段,,泸州职业技术学院,,不限,413,360409,,,0,四川,公办,0,0
山东,2025,综合,普通类二段,,泸州职业技术学院,,生物必选,416,389584,,,0,四川,公办,0,0
山东,2025,综合,普通类二段,,洛阳科技职业学院,,不限,174,630496,,,0,河南,民办,0,0
山东,2025,综合,普通类二段,,洛阳职业技术学院,,不限,427,332444,,,0,河南,公办,0,0
山东,2025,综合,普通类二段,,济南工程职业技术学院,,不限,314,215772,,,0,山东,公办,0,0
山东,2025,综合,普通类二段,,济南幼儿师范高等专科学校,,不限,322,212458,,,0,山东,公办,0,0
山东,2025,综合,普通类二段,,济南护理职业学院,,不限,358,204090,,,0,山东,公办,0,0
山东,2025,综合,普通类二段,,济南职业学院,,不限,273,198366,,,0,山东,公办,0,0
山东,2025,综合,普通类二段,,济宁学院,,不限,426,307018,,,0,山东,公办,0,0
山东,2025,综合,普通类二段,,济宁学院,,化学必选,432,352267,,,0,山东,公办,0,0
山东,2025,综合,普通类二段,,济宁学院,,物理必选,437,329733,,,0,山东,公办,0,0
山东,2025,综合,普通类二段,,济宁汽车工程职业学院,,不限,150,674164,,,0,山东,民办,0,0
山东,2025,综合,普通类二段,,济宁职业技术学院,,不限,293,206426,,,0,山东,公办,0,0
山东,2025,综合,普通类二段,,济源职业技术学院,,不限,330,446069,,,0,河南,公办,0,0
山东,2025,综合,普通类二段,,浙江交通职业技术学院,,不限,461,273866,,,0,浙江,公办,0,0
山东,2025,综合,普通类二段,,浙江建设职业技术学院,,不限,427,253997,,,0,浙江,公办,0,0
山东,2025,综合,普通类二段,,浙江旅游职业学院,,不限,450,311300,,,0,浙江,公办,0,0
山东,2025,综合,普通类二段,,浙江横店影视职业学院,,不限,370,483937,,,0,浙江,民办,0,0
山东,2025,综合,普通类二段,,浙江经济职业技术学院,,不限,462,255120,,,0,浙江,公办,0,0
山东,2025,综合,普通类二段,,浙江经贸职业技术学院,,不限,461,206697,,,0,浙江,公办,0,0
山东,2025,综合,普通类二段,,浙江金融职业学院,,不限,467,208988,,,0,浙江,公办,0,0
山东,2025,综合,普通类二段,,海南东方新丝路职业学院,,不限,152,629654,,,0,海南,民办,0,0
山东,2025,综合,普通类二段,,海南健康管理职业技术学院,,不限,156,586831,,,0,海南,民办,0,0
山东,2025,综合,普通类二段,,海南医科大学,,化学必选,460,286138,,,0,海南,公办,0,0
山东,2025,综合,普通类二段,,海南卫生健康职业学院,,不限,377,319920,,,0,海南,公办,0,0
山东,2025,综合,普通类二段,,海南外国语职业学院,,不限,440,304736,,,0,海南,公办,0,0
山东,2025,综合,普通类二段,,海南工商职业学院,,不限,259,633827,,,0,海南,民办,0,0
山东,2025,综合,普通类二段,,海南比勒费尔德应用科学大学,,物理必选,440,333730,,,0,海南,境外高校独立办学,0,0
山东,2025,综合,普通类二段,,海南科技职业大学,,不限,189,505348,,,0,海南,民办,0,0
山东,2025,综合,普通类二段,,海南科技职业大学,,物理必选,457,292974,,,0,海南,民办,0,0
山东,2025,综合,普通类二段,,海南职业技术学院,,不限,297,403625,,,0,海南,公办,0,0
山东,2025,综合,普通类二段,,海南软件职业技术学院,,不限,400,350609,,,0,海南,公办,0,0
山东,2025,综合,普通类二段,,海口经济学院,,不限,190,206705,,,0,海南,民办,0,0
山东,2025,综合,普通类二段,,海口经济学院,,物理、化学(2科必选),430,290718,,,0,海南,民办,0,0
山东,2025,综合,普通类二段,,海口经济学院,,物理必选,428,344240,,,0,海南,民办,0,0
山东,2025,综合,普通类二段,,淄博师范高等专科学校,,不限,299,236409,,,0,山东,公办,0,0
山东,2025,综合,普通类二段,,淄博职业技术大学,,不限,246,194270,,,0,山东,公办,0,0
山东,2025,综合,普通类二段,,淮北职业技术学院,,不限,398,342835,,,0,安徽,公办,0,0
山东,2025,综合,普通类二段,,淮南联合大学,,不限,404,233573,,,0,安徽,公办,0,0
山东,2025,综合,普通类二段,,深圳信息职业技术大学,,不限,473,218852,,,0,广东,公办,0,0
山东,2025,综合,普通类二段,,深圳信息职业技术大学,,物理必选,460,278026,,,0,广东,公办,0,0
山东,2025,综合,普通类二段,,深圳职业技术大学,,不限,469,193985,,,0,广东,公办,0,0
山东,2025,综合,普通类二段,,渤海理工职业学院,,不限,188,648759,,,0,河北,民办,0,0
山东,2025,综合,普通类二段,,渤海船舶职业学院,,不限,424,344280,,,0,辽宁,公办,0,0
山东,2025,综合,普通类二段,,渭南职业技术学院,,不限,424,284692,,,0,陕西,公办,0,0
山东,2025,综合,普通类二段,,湄洲湾职业技术学院,,不限,395,388227,,,0,福建,公办,0,0
山东,2025,综合,普通类二段,,湖北三峡职业技术学院,,不限,388,277966,,,0,湖北,公办,0,0
山东,2025,综合,普通类二段,,湖北中医药高等专科学校,,不限,454,177173,,,0,湖北,公办,0,0
山东,2025,综合,普通类二段,,湖北中医药高等专科学校,,物理必选,470,259727,,,0,湖北,公办,0,0
山东,2025,综合,普通类二段,,湖北交通职业技术学院,,不限,417,311051,,,0,湖北,公办,0,0
山东,2025,综合,普通类二段,,湖北体育职业学院,,不限,386,421555,,,0,湖北,公办,0,0
山东,2025,综合,普通类二段,,湖北健康职业学院,,不限,221,589639,,,0,湖北,民办,0,0
山东,2025,综合,普通类二段,,湖北商贸学院,,不限,320,358765,,,0,湖北,民办,0,0
山东,2025,综合,普通类二段,,湖北国土资源职业学院,,不限,412,360824,,,0,湖北,公办,0,0
山东,2025,综合,普通类二段,,湖北城市建设职业技术学院,,不限,403,371493,,,0,湖北,公办,0,0
山东,2025,综合,普通类二段,,湖北大学知行学院,,物理必选,473,252882,,,0,湖北,民办,0,0
山东,2025,综合,普通类二段,,湖北孝感美珈职业学院,,不限,200,524452,,,0,湖北,民办,0,0
山东,2025,综合,普通类二段,,湖北工业职业技术学院,,不限,331,337526,,,0,湖北,公办,0,0
山东,2025,综合,普通类二段,,湖北工程职业学院,,不限,431,316145,,,0,湖北,公办,0,0
山东,2025,综合,普通类二段,,湖北师范大学文理学院,,不限,315,361437,,,0,湖北,民办,0,0
山东,2025,综合,普通类二段,,湖北恩施学院,,不限,297,414366,,,0,湖北,民办,0,0
山东,2025,综合,普通类二段,,湖北水利水电职业技术学院,,不限,430,306578,,,0,湖北,公办,0,0
山东,2025,综合,普通类二段,,湖北生态工程职业技术学院,,不限,404,297166,,,0,湖北,公办,0,0
山东,2025,综合,普通类二段,,湖北生物科技职业学院,,不限,407,301773,,,0,湖北,公办,0,0
山东,2025,综合,普通类二段,,湖北科技职业学院,,不限,412,353255,,,0,湖北,公办,0,0
山东,2025,综合,普通类二段,,湖北职业技术学院,,不限,422,267987,,,0,湖北,公办,0,0
山东,2025,综合,普通类二段,,湖北轻工职业技术学院,,不限,402,311617,,,0,湖北,公办,0,0
山东,2025,综合,普通类二段,,湖北铁道运输职业学院,,不限,429,292705,,,0,湖北,公办,0,0
山东,2025,综合,普通类二段,,湖北黄冈应急管理职业技术学院,,不限,387,344477,,,0,湖北,公办,0,0
山东,2025,综合,普通类二段,,湖南三一工业职业技术学院,,不限,337,468860,,,0,湖南,民办,0,0
山东,2025,综合,普通类二段,,湖南交通工程学院,,不限,211,659427,,,0,湖南,民办,0,0
山东,2025,综合,普通类二段,,湖南交通职业技术学院,,不限,434,335424,,,0,湖南,公办,0,0
山东,2025,综合,普通类二段,,湖南化工职业技术学院,,不限,455,279362,,,0,湖南,公办,0,0
山东,2025,综合,普通类二段,,湖南司法警官职业学院,,不限,450,292896,,,0,湖南,公办,0,0
山东,2025,综合,普通类二段,,湖南吉利汽车职业技术学院,,不限,244,631576,,,0,湖南,民办,0,0
山东,2025,综合,普通类二段,,湖南国防工业职业技术学院,,不限,387,382815,,,0,湖南,公办,0,0
山东,2025,综合,普通类二段,,湖南大众传媒职业技术学院,,不限,441,271125,,,0,湖南,公办,0,0
山东,2025,综合,普通类二段,,湖南安全技术职业学院,,不限,371,482299,,,0,湖南,公办,0,0
山东,2025,综合,普通类二段,,湖南工业职业技术学院,,物理必选,445,303338,,,0,湖南,公办,0,0
山东,2025,综合,普通类二段,,湖南工程职业技术学院,,不限,403,290377,,,0,湖南,公办,0,0
山东,2025,综合,普通类二段,,湖南幼儿师范高等专科学校,,不限,309,585541,,,0,湖南,公办,0,0
山东,2025,综合,普通类二段,,湖南有色金属职业技术学院,,不限,377,438939,,,0,湖南,公办,0,0
山东,2025,综合,普通类二段,,湖南机电职业技术学院,,不限,395,432998,,,0,湖南,公办,0,0
山东,2025,综合,普通类二段,,湖南水利水电职业技术学院,,不限,419,350135,,,0,湖南,公办,0,0
山东,2025,综合,普通类二段,,湖南汽车工程职业大学,,不限,409,397226,,,0,湖南,公办,0,0
山东,2025,综合,普通类二段,,湖南涉外经济学院,,物理、化学(2科必选),440,317472,,,0,湖南,民办,0,0
山东,2025,综合,普通类二段,,湖南现代物流职业技术学院,,不限,395,375622,,,0,湖南,公办,0,0
山东,2025,综合,普通类二段,,湖南理工职业技术学院,,不限,416,380998,,,0,湖南,公办,0,0
山东,2025,综合,普通类二段,,湖南电子科技职业学院,,不限,203,594208,,,0,湖南,民办,0,0
山东,2025,综合,普通类二段,,湖南石油化工职业技术学院,,不限,410,357698,,,0,湖南,公办,0,0
山东,2025,综合,普通类二段,,湖南科技职业学院,,不限,414,291462,,,0,湖南,公办,0,0
山东,2025,综合,普通类二段,,湖南邮电职业技术学院,,不限,422,374975,,,0,湖南,公办,0,0
山东,2025,综合,普通类二段,,湖南铁道职业技术学院,,不限,413,229058,,,0,湖南,公办,0,0
山东,2025,综合,普通类二段,,湖南食品药品职业学院,,不限,418,374026,,,0,湖南,公办,0,0
山东,2025,综合,普通类二段,,湖南高速铁路职业技术学院,,不限,453,269183,,,0,湖南,公办,0,0
山东,2025,综合,普通类二段,,湖州职业技术学院,,不限,447,274405,,,0,浙江,公办,0,0
山东,2025,综合,普通类二段,,滁州职业技术学院,,不限,397,347538,,,0,安徽,公办,0,0
山东,2025,综合,普通类二段,,滇池学院,,不限,499,189155,,,0,云南,民办,0,0
山东,2025,综合,普通类二段,,滇池学院,,历史必选,499,188705,,,0,云南,民办,0,0
山东,2025,综合,普通类二段,,满洲里俄语职业学院,,不限,311,353499,,,0,内蒙古,公办,0,0
山东,2025,综合,普通类二段,,滨州科技职业学院,,不限,150,574199,,,0,山东,民办,0,0
山东,2025,综合,普通类二段,,滨州职业学院,,不限,225,235169,,,0,山东,公办,0,0
山东,2025,综合,普通类二段,,漯河医学高等专科学校,,不限,405,280244,,,0,河南,公办,0,0
山东,2025,综合,普通类二段,,漯河职业技术学院,,不限,316,376420,,,0,河南,公办,0,0
山东,2025,综合,普通类二段,,漯河食品工程职业大学,,不限,190,670808,,,0,河南,民办,0,0
山东,2025,综合,普通类二段,,漳州理工职业学院,,不限,318,572481,,,0,福建,民办,0,0
山东,2025,综合,普通类二段,,漳州科技职业学院,,不限,193,654399,,,0,福建,民办,0,0
山东,2025,综合,普通类二段,,潇湘职业学院,,不限,190,585919,,,0,湖南,民办,0,0
山东,2025,综合,普通类二段,,潍坊学院,,不限,430,274522,,,0,山东,公办,0,0
山东,2025,综合,普通类二段,,潍坊学院,,物理必选,448,295668,,,0,山东,公办,0,0
山东,2025,综合,普通类二段,,潍坊工商职业学院,,不限,153,224220,,,0,山东,民办,0,0
山东,2025,综合,普通类二段,,潍坊工程职业学院,,不限,312,219195,,,0,山东,公办,0,0
山东,2025,综合,普通类二段,,潍坊护理职业学院,,不限,321,181797,,,0,山东,公办,0,0
山东,2025,综合,普通类二段,,潍坊环境工程职业学院,,不限,256,269475,,,0,山东,民办,0,0
山东,2025,综合,普通类二段,,潍坊理工学院,,不限,150,514184,,,0,山东,民办,0,0
山东,2025,综合,普通类二段,,潍坊理工学院,,物理、化学(2科必选),461,271227,,,0,山东,民办,0,0
山东,2025,综合,普通类二段,,潍坊理工学院,,物理必选,449,312410,,,0,山东,民办,0,0
山东,2025,综合,普通类二段,,潍坊科技学院,,不限,271,403717,,,0,山东,民办,0,0
山东,2025,综合,普通类二段,,潍坊科技学院,,物理必选,466,270204,,,0,山东,民办,0,0
山东,2025,综合,普通类二段,,潍坊职业学院,,不限,290,216637,,,0,山东,公办,0,0
山东,2025,综合,普通类二段,,潍坊食品科技职业学院,,不限,158,537444,,,0,山东,民办,0,0
山东,2025,综合,普通类二段,,濮阳医学高等专科学校,,不限,423,286967,,,0,河南,公办,0,0
山东,2025,综合,普通类二段,,濮阳石油化工职业技术学院,,不限,330,512340,,,0,河南,公办,0,0
山东,2025,综合,普通类二段,,濮阳科技职业学院,,不限,375,432082,,,0,河南,公办,0,0
山东,2025,综合,普通类二段,,濮阳职业技术学院,,不限,317,458860,,,0,河南,公办,0,0
山东,2025,综合,普通类二段,,炎黄职业技术学院,,不限,279,613139,,,0,江苏,民办,0,0
山东,2025,综合,普通类二段,,烟台南山学院,,不限,150,522246,,,0,山东,民办,0,0
山东,2025,综合,普通类二段,,烟台南山学院,,物理必选,462,273744,,,0,山东,民办,0,0
山东,2025,综合,普通类二段,,烟台卫生健康职业学院,,不限,335,452457,,,0,山东,公办,0,0
山东,2025,综合,普通类二段,,烟台城市科技职业学院,,不限,154,550545,,,0,山东,民办,0,0
山东,2025,综合,普通类二段,,烟台工程职业技术学院,,不限,313,243659,,,0,山东,公办,0,0
山东,2025,综合,普通类二段,,烟台幼儿师范高等专科学校,,不限,312,235908,,,0,山东,公办,0,0
山东,2025,综合,普通类二段,,烟台文化旅游职业学院,,不限,155,255532,,,0,山东,公办,0,0
山东,2025,综合,普通类二段,,烟台汽车工程职业学院,,不限,315,210803,,,0,山东,公办,0,0
山东,2025,综合,普通类二段,,烟台汽车工程职业学院,,物理必选,339,276592,,,0,山东,公办,0,0
山东,2025,综合,普通类二段,,烟台理工学院,,不限,153,571150,,,0,山东,民办,0,0
山东,2025,综合,普通类二段,,烟台理工学院,,物理、化学(2科必选),436,303295,,,0,山东,民办,0,0
山东,2025,综合,普通类二段,,烟台理工学院,,物理必选,322,334835,,,0,山东,民办,0,0
山东,2025,综合,普通类二段,,烟台科技学院,,不限,204,590830,,,0,山东,民办,0,0
山东,2025,综合,普通类二段,,烟台科技学院,,物理、化学(2科必选),439,322095,,,0,山东,民办,0,0
山东,2025,综合,普通类二段,,烟台科技学院,,物理必选,439,277894,,,0,山东,民办,0,0
山东,2025,综合,普通类二段,,烟台职业学院,,不限,271,201200,,,0,山东,公办,0,0
山东,2025,综合,普通类二段,,烟台黄金职业学院,,不限,150,576636,,,0,山东,民办,0,0
山东,2025,综合,普通类二段,,焦作大学,,不限,437,279865,,,0,河南,公办,0,0
山东,2025,综合,普通类二段,,焦作师范高等专科学校,,史政地(3科必选),456,295546,,,0,河南,公办,0,0
山东,2025,综合,普通类二段,,燕京理工学院,,不限,348,446011,,,0,河北,民办,0,0
山东,2025,综合,普通类二段,,燕京理工学院,,物理必选,408,363275,,,0,河北,民办,0,0
山东,2025,综合,普通类二段,,牡丹江大学,,不限,428,284884,,,0,黑龙江,公办,0,0
山东,2025,综合,普通类二段,,甘肃交通职业技术学院,,不限,386,371378,,,0,甘肃,公办,0,0
山东,2025,综合,普通类二段,,甘肃工业职业技术大学,,不限,371,289187,,,0,甘肃,公办,0,0
山东,2025,综合,普通类二段,,甘肃建筑职业技术学院,,不限,311,483343,,,0,甘肃,公办,0,0
山东,2025,综合,普通类二段,,甘肃有色冶金职业技术学院,,不限,180,512691,,,0,甘肃,公办,0,0
山东,2025,综合,普通类二段,,甘肃林业职业技术大学,,不限,362,347520,,,0,甘肃,公办,0,0
山东,2025,综合,普通类二段,,甘肃畜牧工程职业技术学院,,不限,223,374025,,,0,甘肃,公办,0,0
山东,2025,综合,普通类二段,,甘肃财贸职业学院,,不限,332,374463,,,0,甘肃,公办,0,0
山东,2025,综合,普通类二段,,白城医学高等专科学校,,不限,464,249671,,,0,吉林,公办,0,0
山东,2025,综合,普通类二段,,白城职业技术学院,,不限,289,611456,,,0,吉林,公办,0,0
山东,2025,综合,普通类二段,,白银希望职业技术学院,,不限,167,658615,,,0,甘肃,民办,0,0
山东,2025,综合,普通类二段,,白银矿冶职业技术学院,,不限,310,493082,,,0,甘肃,公办,0,0
山东,2025,综合,普通类二段,,皖江工学院,,物理、化学(2科必选),434,349024,,,0,安徽,民办,0,0
山东,2025,综合,普通类二段,,皖江工学院,,物理必选,445,322518,,,0,安徽,民办,0,0
山东,2025,综合,普通类二段,,皖西卫生职业学院,,不限,383,431321,,,0,安徽,公办,0,0
山东,2025,综合,普通类二段,,益阳医学高等专科学校,,不限,441,228415,,,0,湖南,公办,0,0
山东,2025,综合,普通类二段,,盐城工业职业技术学院,,不限,416,384440,,,0,江苏,公办,0,0
山东,2025,综合,普通类二段,,盐城幼儿师范高等专科学校,,不限,411,292288,,,0,江苏,公办,0,0
山东,2025,综合,普通类二段,,盘锦职业技术学院,,不限,410,311265,,,0,辽宁,公办,0,0
山东,2025,综合,普通类二段,,眉山药科职业学院,,不限,160,669089,,,0,四川,民办,0,0
山东,2025,综合,普通类二段,,石家庄人民医学高等专科学校,,不限,380,318952,,,0,河北,民办,0,0
山东,2025,综合,普通类二段,,石家庄信息工程职业学院,,不限,421,288777,,,0,河北,公办,0,0
山东,2025,综合,普通类二段,,石家庄医学高等专科学校,,不限,180,326922,,,0,河北,民办,0,0
山东,2025,综合,普通类二段,,石家庄城市经济职业学院,,不限,158,638772,,,0,河北,民办,0,0
山东,2025,综合,普通类二段,,石家庄幼儿师范高等专科学校,,不限,289,379507,,,0,河北,公办,0,0
山东,2025,综合,普通类二段,,石家庄科技信息职业学院,,不限,166,535872,,,0,河北,民办,0,0
山东,2025,综合,普通类二段,,石家庄科技职业学院,,不限,275,514433,,,0,河北,民办,0,0
山东,2025,综合,普通类二段,,石家庄职业技术学院,,不限,437,273873,,,0,河北,公办,0,0
山东,2025,综合,普通类二段,,石家庄邮电职业技术学院,,不限,482,199007,,,0,河北,公办,0,0
山东,2025,综合,普通类二段,,石家庄铁路职业技术学院,,不限,429,203975,,,0,河北,公办,0,0
山东,2025,综合,普通类二段,,石河子工程职业技术学院,,不限,247,479663,,,0,新疆,公办,0,0
山东,2025,综合,普通类二段,,硅湖职业技术学院,,不限,283,361507,,,0,江苏,民办,0,0
山东,2025,综合,普通类二段,,神木职业技术学院,,不限,351,319077,,,0,陕西,公办,0,0
山东,2025,综合,普通类二段,,福州墨尔本理工职业学院,,不限,199,353786,,,0,福建,中外合作办学,0,0
山东,2025,综合,普通类二段,,福州外语外贸学院,,物理、化学(2科必选),429,355638,,,0,福建,民办,0,0
山东,2025,综合,普通类二段,,福州外语外贸学院,,物理必选,439,336497,,,0,福建,民办,0,0
山东,2025,综合,普通类二段,,福州理工学院,,物理、化学(2科必选),433,292881,,,0,福建,民办,0,0
山东,2025,综合,普通类二段,,福建商学院,,不限,439,337631,,,0,福建,公办,0,0
山东,2025,综合,普通类二段,,福建水利电力职业技术学院,,不限,442,330415,,,0,福建,公办,0,0
山东,2025,综合,普通类二段,,秦皇岛工业职业技术学院,,不限,364,461419,,,0,河北,公办,0,0
山东,2025,综合,普通类二段,,红河卫生职业学院,,不限,421,344316,,,0,云南,公办,0,0
山东,2025,综合,普通类二段,,绵阳职业技术学院,,不限,419,382483,,,0,四川,公办,0,0
山东,2025,综合,普通类二段,,绵阳职业技术学院,,物理必选,419,382288,,,0,四川,公办,0,0
山东,2025,综合,普通类二段,,绵阳飞行职业学院,,不限,162,626255,,,0,四川,民办,0,0
山东,2025,综合,普通类二段,,聊城大学东昌学院,,不限,150,606861,,,0,山东,民办,0,0
山东,2025,综合,普通类二段,,聊城大学东昌学院,,物理、化学(2科必选),155,680668,,,0,山东,民办,0,0
山东,2025,综合,普通类二段,,聊城大学东昌学院,,物理必选,309,586279,,,0,山东,民办,0,0
山东,2025,综合,普通类二段,,聊城科技职业学院,,不限,337,489947,,,0,山东,公办,0,0
山东,2025,综合,普通类二段,,聊城职业技术学院,,不限,318,198875,,,0,山东,公办,0,0
山东,2025,综合,普通类二段,,肇庆医学院,,不限,480,235800,,,0,广东,公办,0,0
山东,2025,综合,普通类二段,,肇庆医学院,,物理、化学(2科必选),459,240298,,,0,广东,公办,0,0
山东,2025,综合,普通类二段,,肇庆医学院,,物理必选,465,272915,,,0,广东,公办,0,0
山东,2025,综合,普通类二段,,自贡职业技术学院,,不限,186,647732,,,0,四川,民办,0,0
山东,2025,综合,普通类二段,,芜湖职业技术大学,,不限,437,292234,,,0,安徽,公办,0,0
山东,2025,综合,普通类二段,,苏州信息职业技术学院,,不限,437,331103,,,0,江苏,公办,0,0
山东,2025,综合,普通类二段,,苏州健雄职业技术学院,,不限,423,346708,,,0,江苏,公办,0,0
山东,2025,综合,普通类二段,,苏州工业园区服务外包职业学院,,不限,440,279985,,,0,江苏,公办,0,0
山东,2025,综合,普通类二段,,苏州工业园区职业技术学院,,不限,392,356567,,,0,江苏,民办,0,0
山东,2025,综合,普通类二段,,苏州工业职业技术学院,,不限,452,276792,,,0,江苏,公办,0,0
山东,2025,综合,普通类二段,,苏州百年职业学院,,不限,157,545947,,,0,江苏,中外合作办学,0,0
山东,2025,综合,普通类二段,,苏州科技大学天平学院,,物理、化学(2科必选),469,263367,,,0,江苏,民办,0,0
山东,2025,综合,普通类二段,,苏州经贸职业技术学院,,不限,465,206713,,,0,江苏,公办,0,0
山东,2025,综合,普通类二段,,苏州职业技术大学,,不限,408,219526,,,0,江苏,公办,0,0
山东,2025,综合,普通类二段,,苏州职业技术大学,,物理、化学(2科必选),458,290655,,,0,江苏,公办,0,0
山东,2025,综合,普通类二段,,苏州职业技术大学,,物理必选,451,276171,,,0,江苏,公办,0,0
山东,2025,综合,普通类二段,,苏州高博职业学院,,不限,344,448930,,,0,江苏,民办,0,0
山东,2025,综合,普通类二段,,荆州学院,,不限,308,487073,,,0,湖北,民办,0,0
山东,2025,综合,普通类二段,,荆州理工职业学院,,不限,373,331048,,,0,湖北,公办,0,0
山东,2025,综合,普通类二段,,荆州职业技术学院,,不限,376,334641,,,0,湖北,公办,0,0
山东,2025,综合,普通类二段,,荆门职业学院,,不限,370,322748,,,0,湖北,公办,0,0
山东,2025,综合,普通类二段,,莱芜职业技术学院,,不限,168,189026,,,0,山东,公办,0,0
山东,2025,综合,普通类二段,,菏泽医学专科学校,,不限,400,79585,,,0,山东,公办,0,0
山东,2025,综合,普通类二段,,菏泽医学专科学校,,化学必选,403,94440,,,0,山东,公办,0,0
山东,2025,综合,普通类二段,,菏泽医学专科学校,,物理必选,418,273093,,,0,山东,公办,0,0
山东,2025,综合,普通类二段,,菏泽学院,,不限,413,277888,,,0,山东,公办,0,0
山东,2025,综合,普通类二段,,菏泽学院,,物理、化学(2科必选),413,357521,,,0,山东,公办,0,0
山东,2025,综合,普通类二段,,菏泽学院,,物理必选,434,305551,,,0,山东,公办,0,0
山东,2025,综合,普通类二段,,菏泽家政职业学院,,不限,312,213192,,,0,山东,公办,0,0
山东,2025,综合,普通类二段,,菏泽生物医药职业学院,,不限,254,602160,,,0,山东,民办,0,0
山东,2025,综合,普通类二段,,菏泽职业学院,,不限,292,253821,,,0,山东,公办,0,0
山东,2025,综合,普通类二段,,萍乡卫生职业学院,,不限,412,312081,,,0,江西,公办,0,0
山东,2025,综合,普通类二段,,营口职业技术学院,,不限,401,326354,,,0,辽宁,公办,0,0
山东,2025,综合,普通类二段,,蚌埠经济技术职业学院,,不限,323,479389,,,0,安徽,民办,0,0
山东,2025,综合,普通类二段,,衡阳理工职业学院,,不限,179,665225,,,0,湖南,民办,0,0
山东,2025,综合,普通类二段,,衡阳科技职业学院,,不限,233,659525,,,0,湖南,民办,0,0
山东,2025,综合,普通类二段,,襄阳汽车职业技术学院,,不限,353,365582,,,0,湖北,公办,0,0
山东,2025,综合,普通类二段,,襄阳科技职业学院,,不限,337,376617,,,0,湖北,公办,0,0
山东,2025,综合,普通类二段,,襄阳职业技术学院,,不限,409,277158,,,0,湖北,公办,0,0
山东,2025,综合,普通类二段,,西北师范大学,,物理、化学(2科必选),493,203213,,,0,甘肃,公办,0,0
山东,2025,综合,普通类二段,,西安交通工程学院,,不限,307,496301,,,0,陕西,民办,0,0
山东,2025,综合,普通类二段,,西安信息职业大学,,不限,316,276921,,,0,陕西,民办,0,0
山东,2025,综合,普通类二段,,西安信息职业大学,,物理必选,435,336475,,,0,陕西,民办,0,0
山东,2025,综合,普通类二段,,西安城市建设职业学院,,不限,268,463315,,,0,陕西,民办,0,0
山东,2025,综合,普通类二段,,西安培华学院,,物理、化学(2科必选),463,273806,,,0,陕西,民办,0,0
山东,2025,综合,普通类二段,,西安培华学院,,物理必选,461,282464,,,0,陕西,民办,0,0
山东,2025,综合,普通类二段,,西安外事学院,,不限,178,340337,,,0,陕西,民办,0,0
山东,2025,综合,普通类二段,,西安工商学院,,不限,179,460507,,,0,陕西,民办,0,0
山东,2025,综合,普通类二段,,西安工商学院,,物理必选,430,358231,,,0,陕西,民办,0,0
山东,2025,综合,普通类二段,,西安思源学院,,不限,246,418852,,,0,陕西,民办,0,0
山东,2025,综合,普通类二段,,西安明德理工学院,,不限,397,401491,,,0,陕西,民办,0,0
山东,2025,综合,普通类二段,,西安汽车职业大学,,不限,273,369621,,,0,陕西,民办,0,0
山东,2025,综合,普通类二段,,西安海棠职业学院,,不限,258,452305,,,0,陕西,民办,0,0
山东,2025,综合,普通类二段,,西安电力高等专科学校,,物理必选,454,273253,,,0,陕西,公办,0,0
山东,2025,综合,普通类二段,,西安翻译学院,,不限,279,623140,,,0,陕西,民办,0,0
山东,2025,综合,普通类二段,,西安职业技术学院,,不限,416,336422,,,0,陕西,公办,0,0
山东,2025,综合,普通类二段,,西安航空职业技术学院,,不限,439,265984,,,0,陕西,公办,0,0
山东,2025,综合,普通类二段,,西安航空职业技术学院,,物理、化学(2科必选),444,290486,,,0,陕西,公办,0,0
山东,2025,综合,普通类二段,,西安铁路职业技术学院,,不限,462,278459,,,0,陕西,公办,0,0
山东,2025,综合,普通类二段,,西安高新科技职业学院,,不限,259,433720,,,0,陕西,民办,0,0
山东,2025,综合,普通类二段,,西藏职业技术学院,,不限,309,586113,,,0,西藏,公办,0,0
山东,2025,综合,普通类二段,,西藏职业技术学院,,历史、思想政治(2科必选),291,609668,,,0,西藏,公办,0,0
山东,2025,综合,普通类二段,,西藏职业技术学院,,史政地(3科必选),294,606021,,,0,西藏,公办,0,0
山东,2025,综合,普通类二段,,西藏职业技术学院,,物化政(3科必选),170,679079,,,0,西藏,公办,0,0
山东,2025,综合,普通类二段,,西藏职业技术学院,,物化生(3科必选),276,587216,,,0,西藏,公办,0,0
山东,2025,综合,普通类二段,,西藏职业技术学院,,物理、化学(2科必选),266,477033,,,0,西藏,公办,0,0
山东,2025,综合,普通类二段,,西藏职业技术学院,,物理、思想政治(2科必选),240,655377,,,0,西藏,公办,0,0
山东,2025,综合,普通类二段,,贵州交通职业大学,,不限,341,535668,,,0,贵州,公办,0,0
山东,2025,综合,普通类二段,,贵州交通职业大学,,物理必选,358,297341,,,0,贵州,公办,0,0
山东,2025,综合,普通类二段,,贵州传媒职业学院,,不限,320,485553,,,0,贵州,公办,0,0
山东,2025,综合,普通类二段,,贵州城市职业学院,,不限,177,612152,,,0,贵州,民办,0,0
山东,2025,综合,普通类二段,,贵州工业职业技术学院,,不限,313,430751,,,0,贵州,公办,0,0
山东,2025,综合,普通类二段,,贵州工商职业学院,,不限,181,644338,,,0,贵州,民办,0,0
山东,2025,综合,普通类二段,,贵州工贸职业学院,,不限,199,591856,,,0,贵州,民办,0,0
山东,2025,综合,普通类二段,,贵州应用技术职业学院,,不限,190,597271,,,0,贵州,民办,0,0
山东,2025,综合,普通类二段,,贵州机电职业技术学院,,不限,381,444230,,,0,贵州,公办,0,0
山东,2025,综合,普通类二段,,贵州民用航空职业学院,,不限,212,645769,,,0,贵州,民办,0,0
山东,2025,综合,普通类二段,,贵州水利水电职业技术学院,,不限,280,621392,,,0,贵州,公办,0,0
山东,2025,综合,普通类二段,,贵州生态能源职业学院,,不限,309,495420,,,0,贵州,公办,0,0
山东,2025,综合,普通类二段,,贵州电子信息职业技术学院,,不限,165,384238,,,0,贵州,公办,0,0
山东,2025,综合,普通类二段,,贵州盛华职业学院,,不限,205,606055,,,0,贵州,民办,0,0
山东,2025,综合,普通类二段,,贵州经贸职业技术学院,,不限,316,575577,,,0,贵州,公办,0,0
山东,2025,综合,普通类二段,,贵州职业技术学院,,不限,299,469004,,,0,贵州,公办,0,0
山东,2025,综合,普通类二段,,贵州航空职业技术学院,,不限,305,411021,,,0,贵州,公办,0,0
山东,2025,综合,普通类二段,,贵州财经大学,,物理必选,545,90407,,,0,贵州,公办,0,0
山东,2025,综合,普通类二段,,贵州轻工职业大学,,不限,417,361802,,,0,贵州,公办,0,0
山东,2025,综合,普通类二段,,贵州铜仁数据职业学院,,不限,180,609608,,,0,贵州,民办,0,0
山东,2025,综合,普通类二段,,贵阳信息科技学院,,物理必选,464,275308,,,0,贵州,民办,0,0
山东,2025,综合,普通类二段,,贵阳职业技术学院,,不限,373,405847,,,0,贵州,公办,0,0
山东,2025,综合,普通类二段,,资阳口腔职业学院,,不限,207,666375,,,0,四川,民办,0,0
山东,2025,综合,普通类二段,,资阳口腔职业学院,,物理、化学(2科必选),388,447666,,,0,四川,民办,0,0
山东,2025,综合,普通类二段,,资阳环境科技职业学院,,不限,176,568777,,,0,四川,民办,0,0
山东,2025,综合,普通类二段,,赣南卫生健康职业学院,,不限,392,439926,,,0,江西,公办,0,0
山东,2025,综合,普通类二段,,赣州职业技术学院,,不限,311,447071,,,0,江西,公办,0,0
山东,2025,综合,普通类二段,,赣西科技职业学院,,不限,212,599578,,,0,江西,民办,0,0
山东,2025,综合,普通类二段,,赤峰工业职业技术学院,,不限,245,493916,,,0,内蒙古,公办,0,0
山东,2025,综合,普通类二段,,赤峰应用技术职业学院,,不限,190,388452,,,0,内蒙古,公办,0,0
山东,2025,综合,普通类二段,,辽宁传媒学院,,不限,180,488784,,,0,辽宁,民办,0,0
山东,2025,综合,普通类二段,,辽宁传媒学院,,物理、化学(2科必选),437,341830,,,0,辽宁,民办,0,0
山东,2025,综合,普通类二段,,辽宁传媒学院,,物理必选,429,345435,,,0,辽宁,民办,0,0
山东,2025,综合,普通类二段,,辽宁农业职业技术学院,,不限,450,289506,,,0,辽宁,公办,0,0
山东,2025,综合,普通类二段,,辽宁地质工程职业学院,,不限,427,352232,,,0,辽宁,公办,0,0
山东,2025,综合,普通类二段,,辽宁广告职业学院,,不限,310,556062,,,0,辽宁,民办,0,0
山东,2025,综合,普通类二段,,辽宁机电职业技术学院,,不限,439,266528,,,0,辽宁,公办,0,0
山东,2025,综合,普通类二段,,辽宁生态工程职业学院,,不限,410,358584,,,0,辽宁,公办,0,0
山东,2025,综合,普通类二段,,辽宁省交通高等专科学校,,不限,430,273203,,,0,辽宁,公办,0,0
山东,2025,综合,普通类二段,,辽宁经济职业技术学院,,不限,453,295374,,,0,辽宁,公办,0,0
山东,2025,综合,普通类二段,,辽宁装备制造职业技术学院,,不限,422,359710,,,0,辽宁,公办,0,0
山东,2025,综合,普通类二段,,辽宁轨道交通职业学院,,不限,441,281458,,,0,辽宁,公办,0,0
山东,2025,综合,普通类二段,,辽宁轻工职业学院,,不限,343,299451,,,0,辽宁,公办,0,0
山东,2025,综合,普通类二段,,辽宁金融职业学院,,不限,428,311521,,,0,辽宁,公办,0,0
山东,2025,综合,普通类二段,,辽宁铁道职业技术学院,,不限,464,209121,,,0,辽宁,公办,0,0
山东,2025,综合,普通类二段,,辽宁铁道职业技术学院,,物理必选,446,267215,,,0,辽宁,公办,0,0
山东,2025,综合,普通类二段,,运城幼儿师范高等专科学校,,不限,315,437580,,,0,山西,公办,0,0
山东,2025,综合,普通类二段,,运城职业技术大学,,物理必选,474,249787,,,0,山西,民办,0,0
山东,2025,综合,普通类二段,,连云港师范学院,,不限,459,236498,,,0,江苏,公办,0,0
山东,2025,综合,普通类二段,,连云港职业技术学院,,不限,420,289593,,,0,江苏,公办,0,0
山东,2025,综合,普通类二段,,通化医药健康职业学院,,不限,402,382448,,,0,吉林,公办,0,0
山东,2025,综合,普通类二段,,遂宁工程职业学院,,不限,164,642277,,,0,四川,民办,0,0
山东,2025,综合,普通类二段,,遂宁职业学院,,不限,155,669813,,,0,四川,民办,0,0
山东,2025,综合,普通类二段,,遵义医药高等专科学校,,化学必选,439,336310,,,0,贵州,公办,0,0
山东,2025,综合,普通类二段,,遵义医药高等专科学校,,物理必选,412,298343,,,0,贵州,公办,0,0
山东,2025,综合,普通类二段,,邢台医学院,,不限,449,271318,,,0,河北,公办,0,0
山东,2025,综合,普通类二段,,邢台医学院,,化学必选,451,293320,,,0,河北,公办,0,0
山东,2025,综合,普通类二段,,邢台应用技术职业学院,,不限,258,641985,,,0,河北,民办,0,0
山东,2025,综合,普通类二段,,邯郸幼儿师范高等专科学校,,不限,370,366744,,,0,河北,公办,0,0
山东,2025,综合,普通类二段,,邯郸应用技术职业学院,,不限,208,606918,,,0,河北,民办,0,0
山东,2025,综合,普通类二段,,邯郸科技职业学院,,不限,375,469232,,,0,河北,公办,0,0
山东,2025,综合,普通类二段,,邯郸职业技术学院,,不限,429,360639,,,0,河北,公办,0,0
山东,2025,综合,普通类二段,,邵阳职业技术学院,,不限,371,338691,,,0,湖南,公办,0,0
山东,2025,综合,普通类二段,,郑州信息工程职业学院,,不限,160,680173,,,0,河南,民办,0,0
山东,2025,综合,普通类二段,,郑州健康学院,,不限,405,326224,,,0,河南,民办,0,0
山东,2025,综合,普通类二段,,郑州医药健康职业学院,,不限,299,505755,,,0,河南,民办,0,0
山东,2025,综合,普通类二段,,郑州卫生健康职业学院,,不限,402,399531,,,0,河南,公办,0,0
山东,2025,综合,普通类二段,,郑州商学院,,物理必选,466,269659,,,0,河南,民办,0,0
山东,2025,综合,普通类二段,,郑州商贸旅游职业学院,,不限,205,671807,,,0,河南,民办,0,0
山东,2025,综合,普通类二段,,郑州城市职业学院,,不限,204,664941,,,0,河南,民办,0,0
山东,2025,综合,普通类二段,,郑州工业安全职业学院,,不限,389,445342,,,0,河南,公办,0,0
山东,2025,综合,普通类二段,,郑州幼儿师范高等专科学校,,不限,380,464495,,,0,河南,公办,0,0
山东,2025,综合,普通类二段,,郑州旅游职业学院,,历史必选,359,453848,,,0,河南,公办,0,0
山东,2025,综合,普通类二段,,郑州电力职业技术学院,,不限,337,308069,,,0,河南,民办,0,0
山东,2025,综合,普通类二段,,郑州电力高等专科学校,,物理必选,452,285489,,,0,河南,公办,0,0
山东,2025,综合,普通类二段,,郑州财税金融职业学院,,不限,380,374759,,,0,河南,公办,0,0
山东,2025,综合,普通类二段,,郑州铁路职业技术学院,,不限,471,214013,,,0,河南,公办,0,0
山东,2025,综合,普通类二段,,郑州食品工程职业学院,,不限,212,647524,,,0,河南,民办,0,0
山东,2025,综合,普通类二段,,鄂尔多斯职业学院,,不限,327,472467,,,0,内蒙古,公办,0,0
山东,2025,综合,普通类二段,,鄂州职业大学,,不限,374,363634,,,0,湖北,公办,0,0
山东,2025,综合,普通类二段,,酒泉职业技术大学,,不限,382,390941,,,0,甘肃,公办,0,0
山东,2025,综合,普通类二段,,重庆三峡职业学院,,不限,424,298634,,,0,重庆,公办,0,0
山东,2025,综合,普通类二段,,重庆五一职业技术学院,,不限,398,385847,,,0,重庆,公办,0,0
山东,2025,综合,普通类二段,,重庆交通职业学院,,不限,358,506407,,,0,重庆,民办,0,0
山东,2025,综合,普通类二段,,重庆传媒职业学院,,不限,283,389843,,,0,重庆,民办,0,0
山东,2025,综合,普通类二段,,重庆信息技术职业学院,,不限,197,419323,,,0,重庆,民办,0,0
山东,2025,综合,普通类二段,,重庆健康职业学院,,不限,192,644043,,,0,重庆,民办,0,0
山东,2025,综合,普通类二段,,重庆化工职业学院,,不限,414,388148,,,0,重庆,公办,0,0
山东,2025,综合,普通类二段,,重庆医药高等专科学校,,不限,463,188787,,,0,重庆,公办,0,0
山东,2025,综合,普通类二段,,重庆医药高等专科学校,,化学必选,461,282416,,,0,重庆,公办,0,0
山东,2025,综合,普通类二段,,重庆城市管理职业学院,,不限,483,227656,,,0,重庆,公办,0,0
山东,2025,综合,普通类二段,,重庆工业职业技术大学,,不限,410,402631,,,0,重庆,公办,0,0
山东,2025,综合,普通类二段,,重庆工业职业技术大学,,物理必选,443,313122,,,0,重庆,公办,0,0
山东,2025,综合,普通类二段,,重庆工信职业学院,,不限,426,342555,,,0,重庆,公办,0,0
山东,2025,综合,普通类二段,,重庆工商职业学院,,不限,409,292140,,,0,重庆,公办,0,0
山东,2025,综合,普通类二段,,重庆工程职业技术学院,,不限,416,221596,,,0,重庆,公办,0,0
山东,2025,综合,普通类二段,,重庆建筑科技职业学院,,不限,193,419469,,,0,重庆,民办,0,0
山东,2025,综合,普通类二段,,重庆护理职业学院,,不限,272,352723,,,0,重庆,民办,0,0
山东,2025,综合,普通类二段,,重庆数字产业职业技术学院,,不限,200,654592,,,0,重庆,民办,0,0
山东,2025,综合,普通类二段,,重庆旅游职业学院,,不限,357,397558,,,0,重庆,公办,0,0
山东,2025,综合,普通类二段,,重庆智能工程职业学院,,不限,272,606755,,,0,重庆,民办,0,0
山东,2025,综合,普通类二段,,重庆水利电力职业技术学院,,不限,443,293759,,,0,重庆,公办,0,0
山东,2025,综合,普通类二段,,重庆海联职业技术学院,,不限,244,360099,,,0,重庆,民办,0,0
山东,2025,综合,普通类二段,,重庆现代制造职业学院,,不限,220,520085,,,0,重庆,民办,0,0
山东,2025,综合,普通类二段,,重庆理工职业学院,,不限,227,463507,,,0,重庆,民办,0,0
山东,2025,综合,普通类二段,,重庆电信职业学院,,不限,189,611680,,,0,重庆,民办,0,0
山东,2025,综合,普通类二段,,重庆电力高等专科学校,,不限,458,266379,,,0,重庆,公办,0,0
山东,2025,综合,普通类二段,,重庆电子科技职业大学,,不限,455,287356,,,0,重庆,公办,0,0
山东,2025,综合,普通类二段,,重庆电子科技职业大学,,物理必选,421,341410,,,0,重庆,公办,0,0
山东,2025,综合,普通类二段,,重庆电讯职业学院,,不限,188,587212,,,0,重庆,民办,0,0
山东,2025,综合,普通类二段,,重庆科技职业学院,,不限,252,559318,,,0,重庆,民办,0,0
山东,2025,综合,普通类二段,,重庆经贸职业学院,,不限,187,604017,,,0,重庆,民办,0,0
山东,2025,综合,普通类二段,,重庆能源职业学院,,不限,260,490745,,,0,重庆,民办,0,0
山东,2025,综合,普通类二段,,重庆艺术工程职业学院,,不限,216,537788,,,0,重庆,民办,0,0
山东,2025,综合,普通类二段,,重庆财经职业学院,,不限,425,235781,,,0,重庆,公办,0,0
山东,2025,综合,普通类二段,,重庆资源与环境保护职业学院,,不限,178,574719,,,0,重庆,民办,0,0
山东,2025,综合,普通类二段,,重庆轻工职业学院,,不限,187,527607,,,0,重庆,民办,0,0
山东,2025,综合,普通类二段,,金山职业技术学院,,不限,191,532217,,,0,江苏,民办,0,0
山东,2025,综合,普通类二段,,金肯职业技术学院,,不限,349,433696,,,0,江苏,民办,0,0
山东,2025,综合,普通类二段,,钟山职业技术学院,,不限,338,406819,,,0,江苏,民办,0,0
山东,2025,综合,普通类二段,,钦州幼儿师范高等专科学校,,不限,267,584576,,,0,广西,公办,0,0
山东,2025,综合,普通类二段,,铁岭师范高等专科学校,,不限,321,301858,,,0,辽宁,公办,0,0
山东,2025,综合,普通类二段,,铁门关职业技术学院,,不限,285,438972,,,0,新疆,公办,0,0
山东,2025,综合,普通类二段,,铜仁幼儿师范高等专科学校,,不限,315,577367,,,0,贵州,公办,0,0
山东,2025,综合,普通类二段,,铜仁职业技术大学,,不限,422,332772,,,0,贵州,公办,0,0
山东,2025,综合,普通类二段,,铜川职业技术学院,,不限,385,372604,,,0,陕西,公办,0,0
山东,2025,综合,普通类二段,,铜陵职业技术学院,,不限,388,321086,,,0,安徽,公办,0,0
山东,2025,综合,普通类二段,,银川能源学院,,物理、化学(2科必选),433,267702,,,0,宁夏,民办,0,0
山东,2025,综合,普通类二段,,锡林郭勒职业学院,,不限,287,467669,,,0,内蒙古,公办,0,0
山东,2025,综合,普通类二段,,锦州师范高等专科学校,,不限,423,341411,,,0,辽宁,公办,0,0
山东,2025,综合,普通类二段,,镇江市高等专科学校,,不限,451,269114,,,0,江苏,公办,0,0
山东,2025,综合,普通类二段,,长垣烹饪职业技术学院,,不限,300,571211,,,0,河南,民办,0,0
山东,2025,综合,普通类二段,,长春东方职业学院,,不限,251,585922,,,0,吉林,民办,0,0
山东,2025,综合,普通类二段,,长春信息技术职业学院,,不限,165,589391,,,0,吉林,民办,0,0
山东,2025,综合,普通类二段,,长春健康职业学院,,不限,171,583805,,,0,吉林,民办,0,0
山东,2025,综合,普通类二段,,长春光华学院,,物理、化学(2科必选),440,292859,,,0,吉林,民办,0,0
山东,2025,综合,普通类二段,,长春医学高等专科学校,,不限,463,215995,,,0,吉林,公办,0,0
山东,2025,综合,普通类二段,,长春工业大学人文信息学院,,物理、化学(2科必选),438,338470,,,0,吉林,民办,0,0
山东,2025,综合,普通类二段,,长春工程学院,,不限,504,176817,,,0,吉林,公办,0,0
山东,2025,综合,普通类二段,,长春师范高等专科学校,,不限,171,387595,,,0,吉林,公办,0,0
山东,2025,综合,普通类二段,,长春建筑学院,,物理、化学(2科必选),432,317225,,,0,吉林,民办,0,0
山东,2025,综合,普通类二段,,长春建筑学院,,物理必选,431,354908,,,0,吉林,民办,0,0
山东,2025,综合,普通类二段,,长春数字科技职业学院,,不限,184,632366,,,0,吉林,民办,0,0
山东,2025,综合,普通类二段,,长春早期教育职业学院,,不限,161,668352,,,0,吉林,民办,0,0
山东,2025,综合,普通类二段,,长春汽车职业技术大学,,不限,430,310144,,,0,吉林,公办,0,0
山东,2025,综合,普通类二段,,长春科技学院,,不限,253,467988,,,0,吉林,民办,0,0
山东,2025,综合,普通类二段,,长春科技学院,,物理、化学(2科必选),447,316876,,,0,吉林,民办,0,0
山东,2025,综合,普通类二段,,长春职业技术大学,,不限,444,320018,,,0,吉林,公办,0,0
山东,2025,综合,普通类二段,,长春金融高等专科学校,,不限,392,296003,,,0,吉林,公办,0,0
山东,2025,综合,普通类二段,,长江艺术工程职业学院,,不限,177,575545,,,0,湖北,民办,0,0
山东,2025,综合,普通类二段,,长沙医药健康职业学院,,不限,255,437540,,,0,湖南,民办,0,0
山东,2025,综合,普通类二段,,长沙南方职业学院,,不限,157,628229,,,0,湖南,民办,0,0
山东,2025,综合,普通类二段,,长沙民政职业技术学院,,不限,458,159005,,,0,湖南,公办,0,0
山东,2025,综合,普通类二段,,长沙环境保护职业技术学院,,不限,384,430099,,,0,湖南,公办,0,0
山东,2025,综合,普通类二段,,长沙电力职业技术学院,,不限,457,208863,,,0,湖南,公办,0,0
山东,2025,综合,普通类二段,,长沙科技职业学院,,不限,222,602662,,,0,湖南,民办,0,0
山东,2025,综合,普通类二段,,长沙航空职业技术学院,,不限,401,179400,,,0,湖南,公办,0,0
山东,2025,综合,普通类二段,,长白山职业技术学院,,不限,382,429072,,,0,吉林,公办,0,0
山东,2025,综合,普通类二段,,阜新高等专科学校,,不限,397,404910,,,0,辽宁,公办,0,0
山东,2025,综合,普通类二段,,阜阳科技职业学院,,不限,316,559332,,,0,安徽,民办,0,0
山东,2025,综合,普通类二段,,阜阳职业技术学院,,不限,371,351827,,,0,安徽,公办,0,0
山东,2025,综合,普通类二段,,阳光学院,,物理、化学(2科必选),435,336411,,,0,福建,民办,0,0
山东,2025,综合,普通类二段,,阳光学院,,物理必选,428,362367,,,0,福建,民办,0,0
山东,2025,综合,普通类二段,,阳泉师范高等专科学校,,不限,294,502577,,,0,山西,公办,0,0
山东,2025,综合,普通类二段,,阳泉职业技术学院,,不限,395,350227,,,0,山西,公办,0,0
山东,2025,综合,普通类二段,,阿克苏工业职业技术学院,,不限,245,616489,,,0,新疆,公办,0,0
山东,2025,综合,普通类二段,,阿克苏职业技术学院,,不限,274,536305,,,0,新疆,公办,0,0
山东,2025,综合,普通类二段,,阿克苏职业技术学院,,物理、化学(2科必选),413,394696,,,0,新疆,公办,0,0
山东,2025,综合,普通类二段,,阿勒泰职业技术学院,,不限,284,477014,,,0,新疆,公办,0,0
山东,2025,综合,普通类二段,,阿拉善职业技术学院,,不限,282,519590,,,0,内蒙古,公办,0,0
山东,2025,综合,普通类二段,,陕西交通职业技术学院,,不限,427,271402,,,0,陕西,公办,0,0
山东,2025,综合,普通类二段,,陕西国防工业职业技术学院,,不限,463,270536,,,0,陕西,公办,0,0
山东,2025,综合,普通类二段,,陕西国际商贸学院,,不限,333,203709,,,0,陕西,民办,0,0
山东,2025,综合,普通类二段,,陕西工商职业学院,,不限,408,304377,,,0,陕西,公办,0,0
山东,2025,综合,普通类二段,,陕西旅游烹饪职业学院,,不限,157,593226,,,0,陕西,民办,0,0
山东,2025,综合,普通类二段,,陕西服装工程学院,,不限,237,519605,,,0,陕西,民办,0,0
山东,2025,综合,普通类二段,,陕西服装工程学院,,物理必选,421,377815,,,0,陕西,民办,0,0
山东,2025,综合,普通类二段,,陕西机电职业技术学院,,不限,419,291056,,,0,陕西,公办,0,0
山东,2025,综合,普通类二段,,陕西电子信息职业技术学院,,不限,217,472296,,,0,陕西,民办,0,0
山东,2025,综合,普通类二段,,陕西电子信息职业技术学院,,物理必选,378,455745,,,0,陕西,民办,0,0
山东,2025,综合,普通类二段,,陕西能源职业技术学院,,不限,409,299400,,,0,陕西,公办,0,0
山东,2025,综合,普通类二段,,陕西航空职业技术学院,,不限,414,303434,,,0,陕西,公办,0,0
山东,2025,综合,普通类二段,,陕西警察学院,,不限,464,258985,,,0,陕西,公办,0,0
山东,2025,综合,普通类二段,,陕西财经职业技术学院,,不限,422,279007,,,0,陕西,公办,0,0
山东,2025,综合,普通类二段,,陕西邮电职业技术学院,,不限,423,293885,,,0,陕西,公办,0,0
山东,2025,综合,普通类二段,,陕西铁路工程职业技术学院,,不限,431,238632,,,0,陕西,公办,0,0
山东,2025,综合,普通类二段,,随州职业技术学院,,不限,345,351257,,,0,湖北,公办,0,0
山东,2025,综合,普通类二段,,青岛农业大学海都学院,,不限,158,464102,,,0,山东,民办,0,0
山东,2025,综合,普通类二段,,青岛农业大学海都学院,,物理、生物(2科必选),438,338917,,,0,山东,民办,0,0
山东,2025,综合,普通类二段,,青岛农业大学海都学院,,物理必选,439,337461,,,0,山东,民办,0,0
山东,2025,综合,普通类二段,,青岛城市学院,,不限,150,577531,,,0,山东,民办,0,0
山东,2025,综合,普通类二段,,青岛城市学院,,物理、化学(2科必选),431,297631,,,0,山东,民办,0,0
山东,2025,综合,普通类二段,,青岛城市学院,,物理必选,427,336566,,,0,山东,民办,0,0
山东,2025,综合,普通类二段,,青岛大学,,物理、化学(2科必选),517,146824,,,0,山东,公办,0,0
山东,2025,综合,普通类二段,,青岛工学院,,不限,153,629998,,,0,山东,民办,0,0
山东,2025,综合,普通类二段,,青岛工学院,,物理、化学(2科必选),438,277895,,,0,山东,民办,0,0
山东,2025,综合,普通类二段,,青岛工学院,,物理必选,432,331429,,,0,山东,民办,0,0
山东,2025,综合,普通类二段,,青岛工程职业学院,,不限,364,218710,,,0,山东,公办,0,0
山东,2025,综合,普通类二段,,青岛幼儿师范高等专科学校,,不限,288,209140,,,0,山东,公办,0,0
山东,2025,综合,普通类二段,,青岛恒星科技学院,,不限,150,212668,,,0,山东,民办,0,0
山东,2025,综合,普通类二段,,青岛恒星科技学院,,物理、化学(2科必选),429,337211,,,0,山东,民办,0,0
山东,2025,综合,普通类二段,,青岛恒星科技学院,,物理必选,425,348984,,,0,山东,民办,0,0
山东,2025,综合,普通类二段,,青岛求实职业技术学院,,不限,159,554110,,,0,山东,民办,0,0
山东,2025,综合,普通类二段,,青岛港湾职业技术学院,,不限,221,225201,,,0,山东,公办,0,0
山东,2025,综合,普通类二段,,青岛滨海学院,,不限,150,614658,,,0,山东,民办,0,0
山东,2025,综合,普通类二段,,青岛滨海学院,,物理、化学(2科必选),433,275324,,,0,山东,民办,0,0
山东,2025,综合,普通类二段,,青岛滨海学院,,物理必选,435,336204,,,0,山东,民办,0,0
山东,2025,综合,普通类二段,,青岛电影学院,,不限,155,225639,,,0,山东,民办,0,0
山东,2025,综合,普通类二段,,青岛电影学院,,物理、化学(2科必选),429,359882,,,0,山东,民办,0,0
山东,2025,综合,普通类二段,,青岛职业技术学院,,不限,253,223323,,,0,山东,公办,0,0
山东,2025,综合,普通类二段,,青岛航空科技职业学院,,不限,152,575239,,,0,山东,民办,0,0
山东,2025,综合,普通类二段,,青岛远洋船员职业学院,,不限,414,238767,,,0,山东,公办,0,0
山东,2025,综合,普通类二段,,青岛酒店管理职业技术学院,,不限,349,215146,,,0,山东,公办,0,0
山东,2025,综合,普通类二段,,青岛黄海学院,,不限,150,551763,,,0,山东,民办,0,0
山东,2025,综合,普通类二段,,青岛黄海学院,,物理、化学(2科必选),426,273127,,,0,山东,民办,0,0
山东,2025,综合,普通类二段,,青岛黄海学院,,物理必选,431,334825,,,0,山东,民办,0,0
山东,2025,综合,普通类二段,,青海卫生职业技术学院,,物化生(3科必选),225,338680,,,0,青海,公办,0,0
山东,2025,综合,普通类二段,,青海警官职业学院,,历史、思想政治(2科必选),430,342553,,,0,青海,公办,0,0
山东,2025,综合,普通类二段,,鞍山职业技术学院,,不限,411,290719,,,0,辽宁,公办,0,0
山东,2025,综合,普通类二段,,香港珠海学院,,物理必选,532,113996,,,0,香港,民办,0,0
山东,2025,综合,普通类二段,,驻马店职业技术学院,,不限,311,520799,,,0,河南,公办,0,0
山东,2025,综合,普通类二段,,鹤壁汽车工程职业学院,,不限,174,642578,,,0,河南,民办,0,0
山东,2025,综合,普通类二段,,鹤壁职业技术学院,,不限,292,465959,,,0,河南,公办,0,0
山东,2025,综合,普通类二段,,鹤壁能源化工职业学院,,不限,258,497711,,,0,河南,公办,0,0
山东,2025,综合,普通类二段,,鹤岗师范高等专科学校,,不限,400,340562,,,0,黑龙江,公办,0,0
山东,2025,综合,普通类二段,,黄冈科技职业学院,,不限,163,497697,,,0,湖北,民办,0,0
山东,2025,综合,普通类二段,,黄冈职业技术学院,,不限,441,279577,,,0,湖北,公办,0,0
山东,2025,综合,普通类二段,,黄山健康职业学院,,不限,295,561238,,,0,安徽,民办,0,0
山东,2025,综合,普通类二段,,黄河水利职业技术大学,,不限,421,235920,,,0,河南,公办,0,0
山东,2025,综合,普通类二段,,黑龙江三江美术职业学院,,不限,271,590709,,,0,黑龙江,民办,0,0
山东,2025,综合,普通类二段,,黑龙江东方学院,,物理、化学(2科必选),436,310622,,,0,黑龙江,民办,0,0
山东,2025,综合,普通类二段,,黑龙江交通职业技术学院,,不限,428,270364,,,0,黑龙江,公办,0,0
山东,2025,综合,普通类二段,,黑龙江农业工程职业学院,,不限,428,289378,,,0,黑龙江,公办,0,0
山东,2025,综合,普通类二段,,黑龙江农业经济职业学院,,不限,322,406529,,,0,黑龙江,公办,0,0
山东,2025,综合,普通类二段,,黑龙江农业职业技术学院,,不限,315,461282,,,0,黑龙江,公办,0,0
山东,2025,综合,普通类二段,,黑龙江农垦职业学院,,不限,203,399478,,,0,黑龙江,公办,0,0
山东,2025,综合,普通类二段,,黑龙江冰雪体育职业学院,,不限,404,414524,,,0,黑龙江,公办,0,0
山东,2025,综合,普通类二段,,黑龙江司法警官职业学院,,不限,430,303705,,,0,黑龙江,公办,0,0
山东,2025,综合,普通类二段,,黑龙江商业职业学院,,不限,373,343285,,,0,黑龙江,公办,0,0
山东,2025,综合,普通类二段,,黑龙江大学,,不限,574,49049,,,0,黑龙江,公办,0,0
山东,2025,综合,普通类二段,,黑龙江工商学院,,物理、化学(2科必选),438,338598,,,0,黑龙江,民办,0,0
山东,2025,综合,普通类二段,,黑龙江幼儿师范高等专科学校,,不限,299,412017,,,0,黑龙江,公办,0,0
山东,2025,综合,普通类二段,,黑龙江建筑职业技术学院,,不限,413,304499,,,0,黑龙江,公办,0,0
山东,2025,综合,普通类二段,,黑龙江护理高等专科学校,,不限,415,287831,,,0,黑龙江,公办,0,0
山东,2025,综合,普通类二段,,黑龙江旅游职业技术学院,,不限,365,385995,,,0,黑龙江,公办,0,0
山东,2025,综合,普通类二段,,黑龙江林业职业技术学院,,不限,316,397473,,,0,黑龙江,公办,0,0
山东,2025,综合,普通类二段,,黑龙江民族职业学院,,不限,299,599013,,,0,黑龙江,公办,0,0
山东,2025,综合,普通类二段,,黑龙江生态工程职业学院,,不限,304,445196,,,0,黑龙江,公办,0,0
山东,2025,综合,普通类二段,,黑龙江职业学院,,不限,388,274461,,,0,黑龙江,公办,0,0
山东,2025,综合,普通类二段,,黑龙江能源职业学院,,不限,268,430430,,,0,黑龙江,公办,0,0
山东,2025,综合,普通类二段,,黔东南民族职业技术学院,,不限,415,290586,,,0,贵州,公办,0,0
山东,2025,综合,普通类二段,,黔南民族医学高等专科学校,,不限,381,417769,,,0,贵州,公办,0,0
山东,2025,综合,普通类二段,,黔南民族医学高等专科学校,,物化生(3科必选),389,444993,,,0,贵州,公办,0,0
山东,2025,综合,普通类二段,,黔南民族医学高等专科学校,,物理必选,378,326648,,,0,贵州,公办,0,0
山东,2025,综合,普通类二段,,黔南民族幼儿师范高等专科学校,,不限,265,445778,,,0,贵州,公办,0,0
山东,2025,综合,普通类二段,,黔西南民族职业技术学院,,不限,259,426961,,,0,贵州,公办,0,0
山东,2025,综合,普通类二段,,齐鲁医药学院,,不限,322,402602,,,0,山东,民办,0,0
山东,2025,综合,普通类二段,,齐鲁师范学院,,不限,440,286364,,,0,山东,公办,0,0
山东,2025,综合,普通类二段,,齐鲁师范学院,,物理、化学(2科必选),431,328214,,,0,山东,公办,0,0
山东,2025,综合,普通类二段,,齐鲁理工学院,,不限,249,501496,,,0,山东,民办,0,0
山东,2025,综合,普通类二段,,齐鲁理工学院,,物理、化学(2科必选),434,281689,,,0,山东,民办,0,0
山东,2025,综合,普通类二段,,齐鲁理工学院,,物理必选,430,337480,,,0,山东,民办,0,0
山东,2025,综合,普通类二段,,齐齐哈尔工程学院,,物理、化学(2科必选),439,301166,,,0,黑龙江,民办,0,0
山东,2025,综合,普通类二段,,齐齐哈尔工程学院,,物理必选,430,358467,,,0,黑龙江,民办,0,0
山东,2025,综合,普通类二段,,齐齐哈尔理工职业学院,,不限,329,555613,,,0,黑龙江,民办,0,0
山东,2025,综合,普通类二段,,齐齐哈尔高等师范专科学校,,不限,324,361989,,,0,黑龙江,公办,0,0
山东,2025,综合,特殊类型批,,上海财经大学,,物理、化学(2科必选),583,39493,,,0,上海,公办,0,1
山东,2025,综合,特殊类型批,,上海财经大学,,物理必选,540,100450,,,0,上海,公办,0,1
山东,2025,综合,特殊类型批,,北京中医药大学,,不限,587,17358,,,0,北京,公办,0,1
山东,2025,综合,特殊类型批,,北京中医药大学,,物理必选,563,63106,,,0,北京,公办,0,1
山东,2025,综合,特殊类型批,,北京化工大学,,不限,594,29549,,,0,北京,公办,0,1
山东,2025,综合,特殊类型批,,北京化工大学,,物理、化学(2科必选),596,20341,,,0,北京,公办,0,1
山东,2025,综合,特殊类型批,,北京林业大学,,不限,595,28704,,,0,北京,公办,0,1
山东,2025,综合,特殊类型批,,北京林业大学,,物理、化学(2科必选),576,37499,,,0,北京,公办,0,1
山东,2025,综合,特殊类型批,,北京林业大学,,生物必选,587,35635,,,0,北京,公办,0,1
山东,2025,综合,特殊类型批,,华东师范大学,,不限,617,6730,,,0,上海,公办,1,1
山东,2025,综合,特殊类型批,,华东师范大学,,思想政治必选,625,11058,,,0,上海,公办,1,1
山东,2025,综合,特殊类型批,,华东师范大学,,物理、化学(2科必选),579,22343,,,0,上海,公办,1,1
山东,2025,综合,特殊类型批,,华东理工大学,,物理、化学(2科必选),590,16797,,,0,上海,公办,0,1
山东,2025,综合,特殊类型批,,华中师范大学,,不限,596,26492,,,0,湖北,公办,0,1
山东,2025,综合,特殊类型批,,华中师范大学,,物理、化学(2科必选),535,109814,,,0,湖北,公办,0,1
山东,2025,综合,特殊类型批,,南京师范大学,,不限,582,40556,,,0,江苏,公办,0,1
山东,2025,综合,特殊类型批,,南京师范大学,,物理必选,577,25787,,,0,江苏,公办,0,1
山东,2025,综合,特殊类型批,,南京理工大学,,物理必选,573,48195,,,0,江苏,公办,0,1
山东,2025,综合,特殊类型批,,哈尔滨工业大学（威海）,,物理、化学(2科必选),621,12753,,,0,山东,公办,1,1
山东,2025,综合,特殊类型批,,黑龙江大学,,不限,542,96810,,,0,黑龙江,公办,0,0
山东,2025,综合,特殊类型批,,黑龙江大学,,物理、化学(2科必选),521,128088,,,0,黑龙江,公办,0,0
山东,2025,艺术类,艺术类本科批,,郑州美术学院,,不限,474,,,,0,河南,民办,0,0
