province,year,category,batch,university_code,university_name,major_group,subject_req,min_score,min_rank,control_score,score_diff,admit_count,school_province,school_nature,is_985,is_211
重庆,2025,历史类,专科批,1166,北京培黎职业学院,,首选历史，再选不限,418,41336,,,0,北京,民办,0,0
重庆,2025,历史类,专科批,1223,天津市职业大学,,首选历史，再选不限,469,22503,,,0,天津,公办,0,0
重庆,2025,历史类,专科批,1228,天津现代职业技术学院,,首选历史，再选不限,398,35576,,,0,天津,公办,0,0
重庆,2025,历史类,专科批,1229,天津轻工职业技术学院,,首选历史，再选不限,420,40752,,,0,天津,公办,0,0
重庆,2025,历史类,专科批,1234,天津交通职业学院,,首选历史，再选不限,416,41973,,,0,天津,公办,0,0
重庆,2025,历史类,专科批,1237,天津石油职业技术学院,,首选历史，再选不限,381,48709,,,0,天津,公办,0,0
重庆,2025,历史类,专科批,1238,天津国土资源和房屋职业学院,,首选历史，再选不限,383,40440,,,0,天津,公办,0,0
重庆,2025,历史类,专科批,1248,天津城市建设管理职业技术学院,,首选历史，再选不限,374,49804,,,0,天津,公办,0,0
重庆,2025,历史类,专科批,1249,天津海运职业学院,,首选历史，再选不限,440,34669,,,0,天津,公办,0,0
重庆,2025,历史类,专科批,1253,天津城市职业学院,,首选历史，再选不限,462,20074,,,0,天津,公办,0,0
重庆,2025,历史类,专科批,1272,天津铁道职业技术学院,,首选历史，再选不限,432,32576,,,0,天津,公办,0,0
重庆,2025,历史类,专科批,1274,天津生物工程职业技术学院,,首选历史，再选不限,369,18730,,,0,天津,公办,0,0
重庆,2025,历史类,专科批,1323,邯郸职业技术学院,,首选历史，再选不限,412,43150,,,0,河北,公办,0,0
重庆,2025,历史类,专科批,1324,石家庄铁路职业技术学院,,首选历史，再选不限,469,21660,,,0,河北,公办,0,0
重庆,2025,历史类,专科批,1326,河北建材职业技术学院,,首选历史，再选不限,356,57321,,,0,河北,公办,0,0
重庆,2025,历史类,专科批,1328,河北软件职业技术学院,,首选历史，再选不限,360,57575,,,0,河北,公办,0,0
重庆,2025,历史类,专科批,1329,秦皇岛职业技术学院,,首选历史，再选不限,351,46382,,,0,河北,公办,0,0
重庆,2025,历史类,专科批,1330,唐山职业技术学院,,首选历史，再选不限,403,31993,,,0,河北,公办,0,0
重庆,2025,历史类,专科批,1332,河北旅游职业学院,,首选历史，再选不限,367,50372,,,0,河北,公办,0,0
重庆,2025,历史类,专科批,1334,河北化工医药职业技术学院,,首选历史，再选不限,340,47272,,,0,河北,公办,0,0
重庆,2025,历史类,专科批,1337,石家庄邮电职业技术学院,,首选历史，再选不限,497,17973,,,0,河北,公办,0,0
重庆,2025,历史类,专科批,1341,河北能源职业技术学院,,首选历史，再选不限,357,58373,,,0,河北,公办,0,0
重庆,2025,历史类,专科批,1347,河北对外经贸职业学院,,首选历史，再选不限,343,41973,,,0,河北,公办,0,0
重庆,2025,历史类,专科批,1349,石家庄工商职业学院,,首选历史，再选不限,235,66347,,,0,河北,民办,0,0
重庆,2025,历史类,专科批,1350,河北交通职业技术学院,,首选历史，再选不限,377,53097,,,0,河北,公办,0,0
重庆,2025,历史类,专科批,1352,邢台医学院,,首选历史，再选不限,428,28184,,,0,河北,公办,0,0
重庆,2025,历史类,专科批,1377,石家庄科技信息职业学院,,首选历史，再选不限,180,45237,,,0,河北,民办,0,0
重庆,2025,历史类,专科批,1383,石家庄医学高等专科学校,,首选历史，再选不限,180,41037,,,0,河北,民办,0,0
重庆,2025,历史类,专科批,1384,河北司法警官职业学院,,首选历史，再选不限,434,32868,,,0,河北,公办,0,0
重庆,2025,历史类,专科批,1392,石家庄人民医学高等专科学校,,首选历史，再选不限,364,41973,,,0,河北,民办,0,0
重庆,2025,历史类,专科批,1440,临汾职业技术学院,,首选历史，再选不限,404,45237,,,0,山西,公办,0,0
重庆,2025,历史类,专科批,1454,运城护理职业学院,,首选历史，再选不限,405,24430,,,0,山西,公办,0,0
重庆,2025,历史类,专科批,1455,运城幼儿师范高等专科学校,,首选历史，再选不限,336,49804,,,0,山西,公办,0,0
重庆,2025,历史类,专科批,1464,太原幼儿师范高等专科学校,,首选历史，再选不限,348,60477,,,0,山西,公办,0,0
重庆,2025,历史类,专科批,1476,阳泉师范高等专科学校,,首选历史，再选不限,358,55229,,,0,山西,公办,0,0
重庆,2025,历史类,专科批,1485,山西卫生健康职业学院,,首选历史，再选不限,439,25876,,,0,山西,公办,0,0
重庆,2025,历史类,专科批,1545,满洲里俄语职业学院,,首选历史，再选不限,341,62004,,,0,内蒙古,公办,0,0
重庆,2025,历史类,专科批,2132,大连财经学院,,首选历史，再选不限,336,40141,,,0,辽宁,民办,0,0
重庆,2025,历史类,专科批,2134,铁岭师范高等专科学校,,首选历史，再选不限,323,55782,,,0,辽宁,公办,0,0
重庆,2025,历史类,专科批,2135,辽宁省交通高等专科学校,,首选历史，再选不限,377,40440,,,0,辽宁,公办,0,0
重庆,2025,历史类,专科批,2137,大连职业技术学院,,首选历史，再选不限,350,53669,,,0,辽宁,公办,0,0
重庆,2025,历史类,专科批,2140,辽宁机电职业技术学院,,首选历史，再选不限,340,54687,,,0,辽宁,公办,0,0
重庆,2025,历史类,专科批,2142,辽宁广告职业学院,,首选历史，再选不限,180,68592,,,0,辽宁,民办,0,0
重庆,2025,历史类,专科批,2145,锦州师范高等专科学校,,首选历史，再选不限,360,47272,,,0,辽宁,公办,0,0
重庆,2025,历史类,专科批,2146,辽宁农业职业技术学院,,首选历史，再选不限,342,38984,,,0,辽宁,公办,0,0
重庆,2025,历史类,专科批,2149,抚顺职业技术学院,,首选历史，再选不限,342,54426,,,0,辽宁,公办,0,0
重庆,2025,历史类,专科批,2156,辽宁职业学院,,首选历史，再选不限,361,49804,,,0,辽宁,公办,0,0
重庆,2025,历史类,专科批,2171,沈阳职业技术学院,,首选历史，再选不限,354,53392,,,0,辽宁,公办,0,0
重庆,2025,历史类,专科批,2179,朝阳师范学院,,首选历史，再选不限,413,21940,,,0,辽宁,公办,0,0
重庆,2025,历史类,专科批,2188,沈阳北软信息职业技术学院,,首选历史，再选不限,326,64889,,,0,辽宁,民办,0,0
重庆,2025,历史类,专科批,2191,抚顺师范高等专科学校,,首选历史，再选不限,338,54168,,,0,辽宁,公办,0,0
重庆,2025,历史类,专科批,2192,营口职业技术学院,,首选历史，再选不限,370,34957,,,0,辽宁,公办,0,0
重庆,2025,历史类,专科批,2193,盘锦职业技术学院,,首选历史，再选不限,350,42272,,,0,辽宁,公办,0,0
重庆,2025,历史类,专科批,2196,辽宁何氏医学院,,首选历史，再选不限,331,64006,,,0,辽宁,民办,0,0
重庆,2025,历史类,专科批,2199,大连汽车职业技术学院,,首选历史，再选不限,260,64889,,,0,辽宁,民办,0,0
重庆,2025,历史类,专科批,2226,长春金融高等专科学校,,首选历史，再选不限,426,36211,,,0,吉林,公办,0,0
重庆,2025,历史类,专科批,2227,长春医学高等专科学校,,首选历史，再选不限,461,19556,,,0,吉林,公办,0,0
重庆,2025,历史类,专科批,2228,吉林交通职业技术学院,,首选历史，再选不限,336,59335,,,0,吉林,公办,0,0
重庆,2025,历史类,专科批,2240,吉林电子信息职业技术学院,,首选历史，再选不限,407,44661,,,0,吉林,公办,0,0
重庆,2025,历史类,专科批,2245,吉林司法警官职业学院,,首选历史，再选不限,418,41336,,,0,吉林,公办,0,0
重庆,2025,历史类,专科批,2267,白城职业技术学院,,首选历史，再选不限,372,54426,,,0,吉林,公办,0,0
重庆,2025,历史类,专科批,2268,长春健康职业学院,,首选历史，再选不限,343,61580,,,0,吉林,民办,0,0
重庆,2025,历史类,专科批,2321,牡丹江大学,,首选历史，再选不限,341,51518,,,0,黑龙江,公办,0,0
重庆,2025,历史类,专科批,2325,黑龙江农业工程职业学院,,首选历史，再选不限,344,35253,,,0,黑龙江,公办,0,0
重庆,2025,历史类,专科批,2326,黑龙江农垦职业学院,,首选历史，再选不限,347,49528,,,0,黑龙江,公办,0,0
重庆,2025,历史类,专科批,2327,哈尔滨铁道职业技术学院,,首选历史，再选不限,410,35919,,,0,黑龙江,公办,0,0
重庆,2025,历史类,专科批,2336,黑龙江生态工程职业学院,,首选历史，再选不限,343,61580,,,0,黑龙江,公办,0,0
重庆,2025,历史类,专科批,2341,黑龙江农业经济职业学院,,首选历史，再选不限,346,60903,,,0,黑龙江,公办,0,0
重庆,2025,历史类,专科批,2342,黑龙江林业职业技术学院,,首选历史，再选不限,327,59576,,,0,黑龙江,公办,0,0
重庆,2025,历史类,专科批,2347,黑龙江能源职业学院,,首选历史，再选不限,361,57321,,,0,黑龙江,公办,0,0
重庆,2025,历史类,专科批,2351,齐齐哈尔高等师范专科学校,,首选历史，再选不限,335,48421,,,0,黑龙江,公办,0,0
重庆,2025,历史类,专科批,2364,黑龙江交通职业技术学院,,首选历史，再选不限,390,37799,,,0,黑龙江,公办,0,0
重庆,2025,历史类,专科批,2366,伊春职业学院,,首选历史，再选不限,406,38984,,,0,黑龙江,公办,0,0
重庆,2025,历史类,专科批,2367,大庆职业学院,,首选历史，再选不限,354,34367,,,0,黑龙江,公办,0,0
重庆,2025,历史类,专科批,2368,大兴安岭职业学院,,首选历史，再选不限,398,47272,,,0,黑龙江,公办,0,0
重庆,2025,历史类,专科批,2371,大庆医学高等专科学校,,首选历史，再选不限,411,27581,,,0,黑龙江,公办,0,0
重庆,2025,历史类,专科批,2373,黑龙江幼儿师范高等专科学校,,首选历史，再选不限,337,60253,,,0,黑龙江,公办,0,0
重庆,2025,历史类,专科批,2374,哈尔滨科学技术职业学院,,首选历史，再选不限,340,52846,,,0,黑龙江,公办,0,0
重庆,2025,历史类,专科批,2375,佳木斯职业学院,,首选历史，再选不限,324,65225,,,0,黑龙江,公办,0,0
重庆,2025,历史类,专科批,2376,黑龙江护理高等专科学校,,首选历史，再选不限,391,34367,,,0,黑龙江,公办,0,0
重庆,2025,历史类,专科批,2379,哈尔滨幼儿师范高等专科学校,,首选历史，再选不限,333,49804,,,0,黑龙江,公办,0,0
重庆,2025,历史类,专科批,2388,哈尔滨北方航空职业技术学院,,首选历史，再选不限,313,66826,,,0,黑龙江,民办,0,0
重庆,2025,历史类,专科批,3122,上海旅游高等专科学校,,首选历史，再选不限,426,29657,,,8,上海,公办,0,0
重庆,2025,历史类,专科批,3123,上海济光职业技术学院,,首选历史，再选不限,386,50698,,,0,上海,民办,0,0
重庆,2025,历史类,专科批,3128,上海工艺美术职业学院,,首选历史，再选不限,441,31706,,,0,上海,公办,0,0
重庆,2025,历史类,专科批,3152,上海城建职业学院,,首选历史，再选不限,424,28184,,,0,上海,公办,0,0
重庆,2025,历史类,专科批,3153,上海交通职业技术学院,,首选历史，再选不限,415,35253,,,0,上海,公办,0,0
重庆,2025,历史类,专科批,3160,上海出版印刷高等专科学校,,首选历史，再选不限,433,34367,,,0,上海,公办,0,0
重庆,2025,历史类,专科批,3173,上海邦德职业技术学院,,首选历史，再选不限,375,53392,,,0,上海,民办,0,0
重庆,2025,历史类,专科批,3176,上海民航职业技术学院,,首选历史，再选不限,419,36211,,,0,上海,公办,0,0
重庆,2025,历史类,专科批,3177,上海科学技术职业学院,,首选历史，再选不限,438,33442,,,0,上海,公办,0,0
重庆,2025,历史类,专科批,3243,江苏海事职业技术学院,,首选历史，再选不限,490,20354,,,0,江苏,公办,0,0
重庆,2025,历史类,专科批,3253,江苏农牧科技职业学院,,首选历史，再选不限,431,19798,,,0,江苏,公办,0,0
重庆,2025,历史类,专科批,3256,苏州百年职业学院,,首选历史，再选不限,180,73373,,,0,江苏,中外合作办学,0,0
重庆,2025,历史类,专科批,3272,太湖创意职业技术学院,,首选历史，再选不限,282,63617,,,0,江苏,民办,0,0
重庆,2025,历史类,专科批,3279,苏州高博职业学院,,首选历史，再选不限,291,69656,,,0,江苏,民办,0,0
重庆,2025,历史类,专科批,3291,江苏城市职业学院,,首选历史，再选不限,419,28184,,,0,江苏,公办,0,0
重庆,2025,历史类,专科批,3293,连云港职业技术学院,,首选历史，再选不限,434,36516,,,0,江苏,公办,0,0
重庆,2025,历史类,专科批,3294,镇江市高等专科学校,,首选历史，再选不限,393,44340,,,0,江苏,公办,0,0
重庆,2025,历史类,专科批,3296,苏州职业技术大学,,首选历史，再选不限,343,19798,,,0,江苏,公办,0,0
重庆,2025,历史类,专科批,3315,浙江工贸职业技术学院,,首选历史，再选不限,434,20603,,,0,浙江,公办,0,0
重庆,2025,历史类,专科批,3334,浙江机电职业技术大学,,首选历史，再选不限,436,35919,,,0,浙江,公办,0,0
重庆,2025,历史类,专科批,3354,浙江商业职业技术学院,,首选历史，再选不限,425,22215,,,0,浙江,公办,0,0
重庆,2025,历史类,专科批,3355,浙江经济职业技术学院,,首选历史，再选不限,443,29657,,,0,浙江,公办,0,0
重庆,2025,历史类,专科批,3379,浙江工商职业技术学院,,首选历史，再选不限,427,34367,,,0,浙江,公办,0,0
重庆,2025,历史类,专科批,3436,马鞍山师范高等专科学校,,首选历史，再选不限,373,53669,,,0,安徽,公办,0,0
重庆,2025,历史类,专科批,3438,安徽新闻出版职业技术学院,,首选历史，再选不限,382,42554,,,0,安徽,公办,0,0
重庆,2025,历史类,专科批,3462,安徽审计职业学院,,首选历史，再选不限,432,37168,,,0,安徽,公办,0,0
重庆,2025,历史类,专科批,3472,合肥通用职业技术学院,,首选历史，再选不限,368,45825,,,0,安徽,公办,0,0
重庆,2025,历史类,专科批,3479,宣城职业技术学院,,首选历史，再选不限,379,41037,,,0,安徽,公办,0,0
重庆,2025,历史类,专科批,3515,黎明职业大学,,首选历史，再选不限,411,43442,,,0,福建,公办,0,0
重庆,2025,历史类,专科批,3517,漳州职业技术学院,,首选历史，再选不限,438,35253,,,0,福建,公办,0,0
重庆,2025,历史类,专科批,3523,泉州纺织服装职业学院,,首选历史，再选不限,283,68472,,,0,福建,民办,0,0
重庆,2025,历史类,专科批,3531,厦门华天涉外职业技术学院,,首选历史，再选不限,346,60903,,,0,福建,民办,0,0
重庆,2025,历史类,专科批,3541,泉州经贸职业技术学院,,首选历史，再选不限,357,52587,,,0,福建,公办,0,0
重庆,2025,历史类,专科批,3563,三明医学科技职业学院,,首选历史，再选不限,352,39557,,,0,福建,公办,0,0
重庆,2025,历史类,专科批,3564,泉州轻工职业学院,,首选历史，再选不限,180,61138,,,0,福建,民办,0,0
重庆,2025,历史类,专科批,3573,泉州海洋职业学院,,首选历史，再选不限,261,65381,,,0,福建,民办,0,0
重庆,2025,历史类,专科批,3583,厦门城市职业学院,,首选历史，再选不限,422,34367,,,0,福建,公办,0,0
重庆,2025,历史类,专科批,3593,福州墨尔本理工职业学院,,首选历史，再选不限,338,62662,,,0,福建,中外合作办学,0,0
重庆,2025,历史类,专科批,3598,福州软件职业技术学院,,首选历史，再选不限,180,73373,,,0,福建,民办,0,0
重庆,2025,历史类,专科批,3614,江西医学高等专科学校,,首选历史，再选不限,418,36860,,,0,江西,公办,0,0
重庆,2025,历史类,专科批,3631,九江职业大学,,首选历史，再选不限,397,38697,,,0,江西,公办,0,0
重庆,2025,历史类,专科批,3633,江西职业技术大学,,首选历史，再选不限,421,36211,,,0,江西,公办,0,0
重庆,2025,历史类,专科批,3636,南昌理工学院,,首选历史，再选不限,291,48981,,,0,江西,民办,0,0
重庆,2025,历史类,专科批,3637,江西司法警官职业学院,,首选历史，再选不限,408,38697,,,0,江西,公办,0,0
重庆,2025,历史类,专科批,3639,江西电力职业技术学院,,首选历史，再选不限,433,25005,,,0,江西,公办,0,0
重庆,2025,历史类,专科批,3641,江西机电职业技术学院,,首选历史，再选不限,363,19001,,,9,江西,公办,0,0
重庆,2025,历史类,专科批,3644,江西交通职业技术学院,,首选历史，再选不限,421,39838,,,0,江西,公办,0,0
重庆,2025,历史类,专科批,3646,江西财经职业学院,,首选历史，再选不限,403,38984,,,0,江西,公办,0,0
重庆,2025,历史类,专科批,3647,江西应用技术职业学院,,首选历史，再选不限,445,33174,,,0,江西,公办,0,0
重庆,2025,历史类,专科批,3648,江西现代职业技术学院,,首选历史，再选不限,386,43442,,,0,江西,公办,0,0
重庆,2025,历史类,专科批,3649,南昌工学院,,首选历史，再选不限,302,68472,,,0,江西,民办,0,0
重庆,2025,历史类,专科批,3650,南昌职业大学,,首选历史，再选不限,180,73373,,,0,江西,民办,0,0
重庆,2025,历史类,专科批,3652,江西科技职业学院,,首选历史，再选不限,313,63802,,,0,江西,民办,0,0
重庆,2025,历史类,专科批,3658,江西环境工程职业学院,,首选历史，再选不限,382,51006,,,0,江西,公办,0,0
重庆,2025,历史类,专科批,3659,宜春职业技术学院,,首选历史，再选不限,440,34669,,,0,江西,公办,0,0
重庆,2025,历史类,专科批,3661,江西建设职业技术学院,,首选历史，再选不限,362,54168,,,0,江西,公办,0,0
重庆,2025,历史类,专科批,3664,江西软件职业技术大学,,首选历史，再选不限,287,67146,,,0,江西,民办,0,0
重庆,2025,历史类,专科批,3670,抚州医药学院,,首选历史，再选不限,430,31993,,,0,江西,公办,0,0
重庆,2025,历史类,专科批,3673,江西信息应用职业技术学院,,首选历史，再选不限,432,37168,,,0,江西,公办,0,0
重庆,2025,历史类,专科批,3675,江西工程职业学院,,首选历史，再选不限,340,62215,,,0,江西,公办,0,0
重庆,2025,历史类,专科批,3682,江西新能源科技职业学院,,首选历史，再选不限,294,59335,,,0,江西,民办,0,0
重庆,2025,历史类,专科批,3683,江西水利职业学院,,首选历史，再选不限,336,47538,,,0,江西,公办,0,0
重庆,2025,历史类,专科批,3685,江西工商职业技术学院,,首选历史，再选不限,180,47272,,,0,江西,民办,0,0
重庆,2025,历史类,专科批,3686,江西洪州职业学院,,首选历史，再选不限,320,65861,,,0,江西,民办,0,0
重庆,2025,历史类,专科批,3690,江西航空职业技术学院,,首选历史，再选不限,330,59816,,,0,江西,民办,0,0
重庆,2025,历史类,专科批,3691,江西枫林涉外经贸职业学院,,首选历史，再选不限,180,70957,,,0,江西,民办,0,0
重庆,2025,历史类,专科批,3693,景德镇陶瓷职业技术学院,,首选历史，再选不限,180,63052,,,0,江西,民办,0,0
重庆,2025,历史类,专科批,3695,抚州职业技术学院,,首选历史，再选不限,389,44934,,,0,江西,公办,0,0
重庆,2025,历史类,专科批,3696,宜春幼儿师范高等专科学校,,首选历史，再选不限,324,47855,,,0,江西,公办,0,0
重庆,2025,历史类,专科批,3697,吉安职业技术学院,,首选历史，再选不限,342,35919,,,0,江西,公办,0,0
重庆,2025,历史类,专科批,3698,赣南卫生健康职业学院,,首选历史，再选不限,407,36516,,,0,江西,公办,0,0
重庆,2025,历史类,专科批,3721,山东水利职业学院,,首选历史，再选不限,364,45237,,,0,山东,公办,0,0
重庆,2025,历史类,专科批,3723,山东力明科技职业学院,,首选历史，再选不限,351,45530,,,0,山东,民办,0,0
重庆,2025,历史类,专科批,3724,青岛酒店管理职业技术学院,,首选历史，再选不限,378,52846,,,0,山东,公办,0,0
重庆,2025,历史类,专科批,3729,青岛求实职业技术学院,,首选历史，再选不限,278,65225,,,0,山东,民办,0,0
重庆,2025,历史类,专科批,3731,青岛黄海学院,,首选历史，再选不限,180,73373,,,0,山东,民办,0,0
重庆,2025,历史类,专科批,3733,山东畜牧兽医职业学院,,首选历史，再选不限,454,28475,,,0,山东,公办,0,0
重庆,2025,历史类,专科批,3736,曲阜远东职业技术学院,,首选历史，再选不限,180,48709,,,0,山东,民办,0,0
重庆,2025,历史类,专科批,3737,青岛港湾职业技术学院,,首选历史，再选不限,395,37799,,,0,山东,公办,0,0
重庆,2025,历史类,专科批,3747,日照职业技术学院,,首选历史，再选不限,436,29657,,,0,山东,公办,0,0
重庆,2025,历史类,专科批,3766,齐鲁理工学院,,首选历史，再选不限,368,55516,,,0,山东,民办,0,0
重庆,2025,历史类,专科批,3774,山东外国语职业技术大学,,首选历史，再选不限,180,48709,,,0,山东,民办,0,0
重庆,2025,历史类,专科批,3784,山东海事职业学院,,首选历史，再选不限,241,48160,,,0,山东,民办,0,0
重庆,2025,历史类,专科批,3798,菏泽家政职业学院,,首选历史，再选不限,385,51006,,,0,山东,公办,0,0
重庆,2025,历史类,专科批,4126,开封大学,,首选历史，再选不限,414,38086,,,0,河南,公办,0,0
重庆,2025,历史类,专科批,4133,焦作大学,,首选历史，再选不限,424,39557,,,0,河南,公办,0,0
重庆,2025,历史类,专科批,4135,焦作师范高等专科学校,,首选历史，再选不限,375,53669,,,0,河南,公办,0,0
重庆,2025,历史类,专科批,4139,鹤壁职业技术学院,,首选历史，再选不限,354,46956,,,0,河南,公办,0,0
重庆,2025,历史类,专科批,4150,漯河职业技术学院,,首选历史，再选不限,357,53669,,,0,河南,公办,0,0
重庆,2025,历史类,专科批,4151,三门峡职业技术学院,,首选历史，再选不限,377,49528,,,0,河南,公办,0,0
重庆,2025,历史类,专科批,4155,信阳职业技术学院,,首选历史，再选不限,368,41037,,,0,河南,公办,0,0
重庆,2025,历史类,专科批,4170,周口职业技术学院,,首选历史，再选不限,336,46382,,,0,河南,公办,0,0
重庆,2025,历史类,专科批,4182,开封文化艺术职业学院,,首选历史，再选不限,409,44040,,,0,河南,公办,0,0
重庆,2025,历史类,专科批,4186,郑州健康学院,,首选历史，再选不限,421,37799,,,0,河南,民办,0,0
重庆,2025,历史类,专科批,4188,安阳幼儿师范高等专科学校,,首选历史，再选不限,342,56302,,,0,河南,公办,0,0
重庆,2025,历史类,专科批,4189,河南医学高等专科学校,,首选历史，再选不限,426,38984,,,0,河南,公办,0,0
重庆,2025,历史类,专科批,4191,平顶山工业职业技术学院,,首选历史，再选不限,352,58625,,,0,河南,公办,0,0
重庆,2025,历史类,专科批,4193,济源职业技术学院,,首选历史，再选不限,361,46382,,,0,河南,公办,0,0
重庆,2025,历史类,专科批,4197,河南护理职业学院,,首选历史，再选不限,414,42554,,,0,河南,公办,0,0
重庆,2025,历史类,专科批,4239,鄂州职业大学,,首选历史，再选不限,387,41037,,,0,湖北,公办,0,0
重庆,2025,历史类,专科批,4240,武汉职业技术大学,,首选历史，再选不限,437,27581,,,0,湖北,公办,0,0
重庆,2025,历史类,专科批,4241,武汉船舶职业技术学院,,首选历史，再选不限,377,30235,,,0,湖北,公办,0,0
重庆,2025,历史类,专科批,4243,黄冈职业技术学院,,首选历史，再选不限,377,21940,,,0,湖北,公办,0,0
重庆,2025,历史类,专科批,4244,湖北职业技术学院,,首选历史，再选不限,397,23065,,,0,湖北,公办,0,0
重庆,2025,历史类,专科批,4247,襄阳职业技术学院,,首选历史，再选不限,424,21111,,,0,湖北,公办,0,0
重庆,2025,历史类,专科批,4248,恩施职业技术学院,,首选历史，再选不限,346,50698,,,0,湖北,公办,0,0
重庆,2025,历史类,专科批,4250,武汉生物工程学院,,首选历史，再选不限,342,40752,,,0,湖北,民办,0,0
重庆,2025,历史类,专科批,4251,湖北交通职业技术学院,,首选历史，再选不限,397,33759,,,0,湖北,公办,0,0
重庆,2025,历史类,专科批,4252,仙桃职业学院,,首选历史，再选不限,358,41037,,,0,湖北,公办,0,0
重庆,2025,历史类,专科批,4253,荆州职业技术学院,,首选历史，再选不限,381,44340,,,0,湖北,公办,0,0
重庆,2025,历史类,专科批,4255,武汉软件工程职业学院,,首选历史，再选不限,446,32868,,,0,湖北,公办,0,0
重庆,2025,历史类,专科批,4256,武汉电力职业技术学院,,首选历史，再选不限,456,29956,,,0,湖北,公办,0,0
重庆,2025,历史类,专科批,4257,湖北水利水电职业技术学院,,首选历史，再选不限,408,40440,,,0,湖北,公办,0,0
重庆,2025,历史类,专科批,4258,武汉商贸职业学院,,首选历史，再选不限,345,43442,,,0,湖北,民办,0,0
重庆,2025,历史类,专科批,4259,武汉科技职业学院,,首选历史，再选不限,313,63427,,,0,湖北,民办,0,0
重庆,2025,历史类,专科批,4261,武汉警官职业学院,,首选历史，再选不限,435,17460,,,0,湖北,公办,0,0
重庆,2025,历史类,专科批,4262,随州职业技术学院,,首选历史，再选不限,341,42853,,,0,湖北,公办,0,0
重庆,2025,历史类,专科批,4263,武汉交通职业学院,,首选历史，再选不限,386,23598,,,0,湖北,公办,0,0
重庆,2025,历史类,专科批,4264,咸宁职业技术学院,,首选历史，再选不限,368,43752,,,0,湖北,公办,0,0
重庆,2025,历史类,专科批,4265,长江工程职业技术学院,,首选历史，再选不限,405,37498,,,0,湖北,公办,0,0
重庆,2025,历史类,专科批,4267,湖北生态工程职业技术学院,,首选历史，再选不限,386,47538,,,0,湖北,公办,0,0
重庆,2025,历史类,专科批,4268,湖北生物科技职业学院,,首选历史，再选不限,374,39281,,,0,湖北,公办,0,0
重庆,2025,历史类,专科批,4274,湖北开放职业学院,,首选历史，再选不限,332,63802,,,0,湖北,民办,0,0
重庆,2025,历史类,专科批,4276,湖北三峡职业技术学院,,首选历史，再选不限,381,37498,,,0,湖北,公办,0,0
重庆,2025,历史类,专科批,4278,湖北恩施学院,,首选历史，再选不限,400,45237,,,0,湖北,民办,0,0
重庆,2025,历史类,专科批,4280,武汉铁路职业技术学院,,首选历史，再选不限,421,17015,,,0,湖北,公办,0,0
重庆,2025,历史类,专科批,4282,江汉艺术职业学院,,首选历史，再选不限,355,43150,,,0,湖北,公办,0,0
重庆,2025,历史类,专科批,4285,武汉城市职业学院,,首选历史，再选不限,382,51784,,,0,湖北,公办,0,0
重庆,2025,历史类,专科批,4286,三峡大学科技学院,,首选历史，再选不限,423,37168,,,0,湖北,民办,0,0
重庆,2025,历史类,专科批,4289,湖北国土资源职业学院,,首选历史，再选不限,414,39838,,,0,湖北,公办,0,0
重庆,2025,历史类,专科批,4296,湖北城市建设职业技术学院,,首选历史，再选不限,359,46956,,,0,湖北,公办,0,0
重庆,2025,历史类,专科批,4299,荆州理工职业学院,,首选历史，再选不限,356,47272,,,0,湖北,公办,0,0
重庆,2025,历史类,专科批,4329,长沙航空职业技术学院,,首选历史，再选不限,449,31130,,,0,湖南,公办,0,0
重庆,2025,历史类,专科批,4330,长沙民政职业技术学院,,首选历史，再选不限,395,18730,,,0,湖南,公办,0,0
重庆,2025,历史类,专科批,4331,湖南工业职业技术学院,,首选历史，再选不限,403,45825,,,0,湖南,公办,0,0
重庆,2025,历史类,专科批,4335,湖南铁道职业技术学院,,首选历史，再选不限,407,22779,,,0,湖南,公办,0,0
重庆,2025,历史类,专科批,4336,永州职业技术学院,,首选历史，再选不限,378,37168,,,0,湖南,公办,0,0
重庆,2025,历史类,专科批,4337,湘潭医卫职业技术学院,,首选历史，再选不限,424,34367,,,0,湖南,公办,0,0
重庆,2025,历史类,专科批,4338,湖南商务职业技术学院,,首选历史，再选不限,368,44040,,,0,湖南,公办,0,0
重庆,2025,历史类,专科批,4339,郴州职业技术学院,,首选历史，再选不限,381,26437,,,0,湖南,公办,0,0
重庆,2025,历史类,专科批,4341,张家界航空工业职业技术学院,,首选历史，再选不限,423,37498,,,0,湖南,公办,0,0
重庆,2025,历史类,专科批,4342,湖南工程职业技术学院,,首选历史，再选不限,396,38399,,,0,湖南,公办,0,0
重庆,2025,历史类,专科批,4343,长沙环境保护职业技术学院,,首选历史，再选不限,395,48160,,,0,湖南,公办,0,0
重庆,2025,历史类,专科批,4344,湖南机电职业技术学院,,首选历史，再选不限,376,53392,,,0,湖南,公办,0,0
重庆,2025,历史类,专科批,4348,怀化职业技术学院,,首选历史，再选不限,365,35576,,,0,湖南,公办,0,0
重庆,2025,历史类,专科批,4351,湖南民族职业学院,,首选历史，再选不限,359,49804,,,0,湖南,公办,0,0
重庆,2025,历史类,专科批,4355,常德职业技术学院,,首选历史，再选不限,368,37799,,,0,湖南,公办,0,0
重庆,2025,历史类,专科批,4356,湖南应用技术学院,,首选历史，再选不限,180,66997,,,0,湖南,民办,0,0
重庆,2025,历史类,专科批,4360,湖南石油化工职业技术学院,,首选历史，再选不限,430,37799,,,0,湖南,公办,0,0
重庆,2025,历史类,专科批,4363,湖南科技职业学院,,首选历史，再选不限,379,52587,,,0,湖南,公办,0,0
重庆,2025,历史类,专科批,4364,岳阳职业技术学院,,首选历史，再选不限,383,33759,,,0,湖南,公办,0,0
重庆,2025,历史类,专科批,4372,湖南大众传媒职业技术学院,,首选历史，再选不限,437,30824,,,0,湖南,公办,0,0
重庆,2025,历史类,专科批,4373,湖南交通职业技术学院,,首选历史，再选不限,452,31130,,,0,湖南,公办,0,0
重庆,2025,历史类,专科批,4377,湖南环境生物职业技术学院,,首选历史，再选不限,420,37168,,,0,湖南,公办,0,0
重庆,2025,历史类,专科批,4378,湖南城建职业技术学院,,首选历史，再选不限,391,49253,,,0,湖南,公办,0,0
重庆,2025,历史类,专科批,4380,湘西民族职业技术学院,,首选历史，再选不限,364,41680,,,0,湖南,公办,0,0
重庆,2025,历史类,专科批,4383,湖南高速铁路职业技术学院,,首选历史，再选不限,471,22215,,,0,湖南,公办,0,0
重庆,2025,历史类,专科批,4389,湖南司法警官职业学院,,首选历史，再选不限,438,34669,,,0,湖南,公办,0,0
重庆,2025,历史类,专科批,4393,湖南外国语职业学院,,首选历史，再选不限,180,71040,,,0,湖南,民办,0,0
重庆,2025,历史类,专科批,4396,湖南汽车工程职业大学,,首选历史，再选不限,411,40752,,,0,湖南,公办,0,0
重庆,2025,历史类,专科批,4397,湖南安全技术职业学院,,首选历史，再选不限,406,44934,,,0,湖南,公办,0,0
重庆,2025,历史类,专科批,4419,广东南华工商职业学院,,首选历史，再选不限,411,40141,,,0,广东,公办,0,0
重庆,2025,历史类,专科批,4421,广州民航职业技术学院,,首选历史，再选不限,366,17245,,,0,广东,公办,0,0
重庆,2025,历史类,专科批,4428,广东亚视演艺职业学院,,首选历史，再选不限,285,36516,,,0,广东,民办,0,0
重庆,2025,历史类,专科批,4430,珠海艺术职业学院,,首选历史，再选不限,304,68235,,,0,广东,民办,0,0
重庆,2025,历史类,专科批,4437,广东工贸职业技术学院,,首选历史，再选不限,440,34669,,,0,广东,公办,0,0
重庆,2025,历史类,专科批,4439,广东轻工职业技术大学,,首选历史，再选不限,444,31130,,,0,广东,公办,0,0
重庆,2025,历史类,专科批,4453,茂名职业技术学院,,首选历史，再选不限,378,52846,,,0,广东,公办,0,0
重庆,2025,历史类,专科批,4481,广东文理职业学院,,首选历史，再选不限,199,63802,,,0,广东,民办,0,0
重庆,2025,历史类,专科批,4483,广东科学技术职业学院,,首选历史，再选不限,434,34085,,,0,广东,公办,0,0
重庆,2025,历史类,专科批,4498,广州卫生职业技术学院,,首选历史，再选不限,431,19282,,,0,广东,公办,0,0
重庆,2025,历史类,专科批,4499,湛江幼儿师范专科学校,,首选历史，再选不限,352,52587,,,0,广东,公办,0,0
重庆,2025,历史类,专科批,4503,桂林理工大学,,首选历史，再选不限,428,29374,,,0,广西,公办,0,0
重庆,2025,历史类,专科批,4513,桂林旅游学院,,首选历史，再选不限,438,35253,,,0,广西,公办,0,0
重庆,2025,历史类,专科批,4517,南宁职业技术大学,,首选历史，再选不限,412,43150,,,0,广西,公办,0,0
重庆,2025,历史类,专科批,4523,广西工业职业技术学院,,首选历史，再选不限,377,49528,,,0,广西,公办,0,0
重庆,2025,历史类,专科批,4540,广西国际商务职业技术学院,,首选历史，再选不限,331,55516,,,0,广西,公办,0,0
重庆,2025,历史类,专科批,4551,柳州城市职业学院,,首选历史，再选不限,379,48981,,,0,广西,公办,0,0
重庆,2025,历史类,专科批,4553,广西电力职业技术学院,,首选历史，再选不限,408,36860,,,0,广西,公办,0,0
重庆,2025,历史类,专科批,4557,梧州职业学院,,首选历史，再选不限,336,55782,,,0,广西,公办,0,0
重庆,2025,历史类,专科批,4558,广西机电职业技术学院,,首选历史，再选不限,362,57053,,,0,广西,公办,0,0
重庆,2025,历史类,专科批,4560,广西卫生职业技术学院,,首选历史，再选不限,418,25005,,,0,广西,公办,0,0
重庆,2025,历史类,专科批,4564,广西幼儿师范高等专科学校,,首选历史，再选不限,351,37168,,,0,广西,公办,0,0
重庆,2025,历史类,专科批,4567,广西经济职业学院,,首选历史，再选不限,275,50066,,,0,广西,民办,0,0
重庆,2025,历史类,专科批,4571,广西理工职业技术学院,,首选历史，再选不限,285,70213,,,0,广西,民办,0,0
重庆,2025,历史类,专科批,4575,广西自然资源职业技术学院,,首选历史，再选不限,341,45825,,,0,广西,公办,0,0
重庆,2025,历史类,专科批,4576,钦州幼儿师范高等专科学校,,首选历史，再选不限,329,57841,,,0,广西,公办,0,0
重庆,2025,历史类,专科批,4579,梧州医学高等专科学校,,首选历史，再选不限,356,39281,,,0,广西,民办,0,0
重庆,2025,历史类,专科批,4580,桂林生命与健康职业技术学院,,首选历史，再选不限,313,56564,,,0,广西,民办,0,0
重庆,2025,历史类,专科批,4588,北海康养职业学院,,首选历史，再选不限,213,63617,,,0,广西,民办,0,0
重庆,2025,历史类,专科批,4605,海南职业技术学院,,首选历史，再选不限,359,51784,,,0,海南,公办,0,0
重庆,2025,历史类,专科批,4606,海口经济学院,,首选历史，再选不限,180,73373,,,0,海南,民办,0,0
重庆,2025,历史类,专科批,4607,三亚城市职业学院,,首选历史，再选不限,280,52329,,,0,海南,民办,0,0
重庆,2025,历史类,专科批,4608,海南软件职业技术学院,,首选历史，再选不限,396,47855,,,0,海南,公办,0,0
重庆,2025,历史类,专科批,4613,海南外国语职业学院,,首选历史，再选不限,376,34085,,,0,海南,公办,0,0
重庆,2025,历史类,专科批,4616,三亚航空旅游职业学院,,首选历史，再选不限,180,46956,,,0,海南,民办,0,0
重庆,2025,历史类,专科批,4617,三亚理工职业学院,,首选历史，再选不限,270,69031,,,0,海南,民办,0,0
重庆,2025,历史类,专科批,4620,海南科技职业大学,,首选历史，再选不限,180,72229,,,0,海南,民办,0,0
重庆,2025,历史类,专科批,4626,三亚中瑞酒店管理职业学院,,首选历史，再选不限,235,58862,,,0,海南,民办,0,0
重庆,2025,历史类,专科批,4627,海南健康管理职业技术学院,,首选历史，再选不限,263,71800,,,0,海南,民办,0,0
重庆,2025,历史类,专科批,4629,海南东方新丝路职业学院,,首选历史，再选不限,180,73373,,,0,海南,民办,0,0
重庆,2025,历史类,专科批,4631,三亚护理职业学院,,首选历史，再选不限,180,69460,,,0,海南,民办,0,0
重庆,2025,历史类,专科批,5028,重庆电子科技职业大学,,首选历史，再选不限,433,21660,,,0,重庆,公办,0,0
重庆,2025,历史类,专科批,5030,重庆电力高等专科学校,,首选历史，再选不限,407,18730,,,0,重庆,公办,0,0
重庆,2025,历史类,专科批,5031,重庆航天职业技术学院,,首选历史，再选不限,418,27885,,,0,重庆,公办,0,0
重庆,2025,历史类,专科批,5032,重庆工业职业技术大学,,首选历史，再选不限,422,29044,,,0,重庆,公办,0,0
重庆,2025,历史类,专科批,5033,重庆工程职业技术学院,,首选历史，再选不限,421,34957,,,0,重庆,公办,0,0
重庆,2025,历史类,专科批,5034,重庆城市管理职业学院,,首选历史，再选不限,428,22215,,,0,重庆,公办,0,0
重庆,2025,历史类,专科批,5037,重庆信息技术职业学院,,首选历史，再选不限,293,54687,,,0,重庆,民办,0,0
重庆,2025,历史类,专科批,5038,重庆海联职业技术学院,,首选历史，再选不限,289,54168,,,0,重庆,民办,0,0
重庆,2025,历史类,专科批,5039,重庆传媒职业学院,,首选历史，再选不限,267,60018,,,0,重庆,民办,0,0
重庆,2025,历史类,专科批,5040,重庆工商职业学院,,首选历史，再选不限,411,35253,,,0,重庆,公办,0,0
重庆,2025,历史类,专科批,5041,重庆建筑科技职业学院,,首选历史，再选不限,312,49804,,,0,重庆,民办,0,0
重庆,2025,历史类,专科批,5042,重庆三峡职业学院,,首选历史，再选不限,389,26437,,,0,重庆,公办,0,0
重庆,2025,历史类,专科批,5043,重庆工贸职业技术学院,,首选历史，再选不限,359,38399,,,0,重庆,公办,0,0
重庆,2025,历史类,专科批,5046,重庆财经职业学院,,首选历史，再选不限,382,38399,,,0,重庆,公办,0,0
重庆,2025,历史类,专科批,5047,重庆水利电力职业技术学院,,首选历史，再选不限,375,38984,,,0,重庆,公办,0,0
重庆,2025,历史类,专科批,5050,重庆机电职业技术大学,,首选历史，再选不限,385,51006,,,0,重庆,民办,0,0
重庆,2025,历史类,专科批,5054,重庆城市职业学院,,首选历史，再选不限,365,38984,,,0,重庆,公办,0,0
重庆,2025,历史类,专科批,5056,重庆应用技术职业学院,,首选历史，再选不限,257,66026,,,0,重庆,民办,0,0
重庆,2025,历史类,专科批,5058,重庆电讯职业学院,,首选历史，再选不限,261,62215,,,0,重庆,民办,0,0
重庆,2025,历史类,专科批,5059,重庆三峡医药高等专科学校,,首选历史，再选不限,437,16786,,,0,重庆,公办,0,0
重庆,2025,历史类,专科批,5060,重庆医药高等专科学校,,首选历史，再选不限,437,13442,,,0,重庆,公办,0,0
重庆,2025,历史类,专科批,5061,重庆化工职业学院,,首选历史，再选不限,368,38984,,,0,重庆,公办,0,0
重庆,2025,历史类,专科批,5062,重庆青年职业技术学院,,首选历史，再选不限,381,40440,,,0,重庆,公办,0,0
重庆,2025,历史类,专科批,5064,重庆科创职业学院,,首选历史，再选不限,324,47855,,,0,重庆,民办,0,0
重庆,2025,历史类,专科批,5065,重庆建筑工程职业学院,,首选历史，再选不限,386,35919,,,0,重庆,公办,0,0
重庆,2025,历史类,专科批,5066,重庆能源职业学院,,首选历史，再选不限,180,58373,,,0,重庆,民办,0,0
重庆,2025,历史类,专科批,5067,重庆商务职业学院,,首选历史，再选不限,396,35253,,,0,重庆,公办,0,0
重庆,2025,历史类,专科批,5069,重庆交通职业学院,,首选历史，再选不限,316,45530,,,0,重庆,民办,0,0
重庆,2025,历史类,专科批,5071,重庆旅游职业学院,,首选历史，再选不限,360,39557,,,0,重庆,公办,0,0
重庆,2025,历史类,专科批,5072,重庆现代制造职业学院,,首选历史，再选不限,267,62662,,,0,重庆,民办,0,0
重庆,2025,历史类,专科批,5073,重庆安防职业学院,,首选历史，再选不限,253,64006,,,0,重庆,民办,0,0
重庆,2025,历史类,专科批,5077,重庆五一职业技术学院,,首选历史，再选不限,360,43752,,,0,重庆,公办,0,0
重庆,2025,历史类,专科批,5078,重庆电信职业学院,,首选历史，再选不限,308,59576,,,0,重庆,民办,0,0
重庆,2025,历史类,专科批,5079,重庆公共运输职业学院,,首选历史，再选不限,308,41336,,,0,重庆,民办,0,0
重庆,2025,历史类,专科批,5080,重庆艺术工程职业学院,,首选历史，再选不限,180,66524,,,0,重庆,民办,0,0
重庆,2025,历史类,专科批,5081,重庆轻工职业学院,,首选历史，再选不限,265,56025,,,0,重庆,民办,0,0
重庆,2025,历史类,专科批,5082,重庆安全技术职业学院,,首选历史，再选不限,356,43752,,,0,重庆,公办,0,0
重庆,2025,历史类,专科批,5083,重庆经贸职业学院,,首选历史，再选不限,278,57321,,,0,重庆,民办,0,0
重庆,2025,历史类,专科批,5084,重庆文化艺术职业学院,,首选历史，再选不限,382,41680,,,0,重庆,公办,0,0
重庆,2025,历史类,专科批,5085,重庆科技职业学院,,首选历史，再选不限,266,57321,,,0,重庆,民办,0,0
重庆,2025,历史类,专科批,5086,重庆理工职业学院,,首选历史，再选不限,279,59110,,,0,重庆,民办,0,0
重庆,2025,历史类,专科批,5087,重庆幼儿师范高等专科学校,,首选历史，再选不限,355,35253,,,0,重庆,公办,0,0
重庆,2025,历史类,专科批,5088,重庆智能工程职业学院,,首选历史，再选不限,277,57321,,,0,重庆,民办,0,0
重庆,2025,历史类,专科批,5089,重庆健康职业学院,,首选历史，再选不限,180,66189,,,0,重庆,民办,0,0
重庆,2025,历史类,专科批,5090,重庆工信职业学院,,首选历史，再选不限,370,36516,,,0,重庆,公办,0,0
重庆,2025,历史类,专科批,5091,重庆数字产业职业技术学院,,首选历史，再选不限,180,71439,,,0,重庆,民办,0,0
重庆,2025,历史类,专科批,5093,重庆护理职业学院,,首选历史，再选不限,280,50066,,,0,重庆,民办,0,0
重庆,2025,历史类,专科批,5099,重庆资源与环境保护职业学院,,首选历史，再选不限,180,66347,,,0,重庆,民办,0,0
重庆,2025,历史类,专科批,5131,四川传媒学院,,首选历史，再选不限,401,46382,,,0,四川,民办,0,0
重庆,2025,历史类,专科批,5134,四川工商学院,,首选历史，再选不限,350,56564,,,0,四川,民办,0,0
重庆,2025,历史类,专科批,5135,成都外国语学院,,首选历史，再选不限,266,51006,,,0,四川,民办,0,0
重庆,2025,历史类,专科批,5140,成都纺织高等专科学校,,首选历史，再选不限,407,26996,,,0,四川,公办,0,0
重庆,2025,历史类,专科批,5141,民办四川天一学院,,首选历史，再选不限,273,63802,,,0,四川,民办,0,0
重庆,2025,历史类,专科批,5142,成都航空职业技术大学,,首选历史，再选不限,428,34669,,,0,四川,公办,0,0
重庆,2025,历史类,专科批,5143,四川交通职业技术学院,,首选历史，再选不限,428,25304,,,0,四川,公办,0,0
重庆,2025,历史类,专科批,5144,达州职业技术学院,,首选历史，再选不限,434,35919,,,0,四川,公办,0,0
重庆,2025,历史类,专科批,5145,四川机电职业技术学院,,首选历史，再选不限,399,46956,,,0,四川,公办,0,0
重庆,2025,历史类,专科批,5146,四川工程职业技术大学,,首选历史，再选不限,406,32265,,,0,四川,公办,0,0
重庆,2025,历史类,专科批,5148,绵阳职业技术学院,,首选历史，再选不限,391,49253,,,0,四川,公办,0,0
重庆,2025,历史类,专科批,5149,四川工商职业技术学院,,首选历史，再选不限,380,47855,,,0,四川,公办,0,0
重庆,2025,历史类,专科批,5150,四川建筑职业技术学院,,首选历史，再选不限,381,50372,,,0,四川,公办,0,0
重庆,2025,历史类,专科批,5152,四川国际标榜职业学院,,首选历史，再选不限,180,72508,,,0,四川,民办,0,0
重庆,2025,历史类,专科批,5153,成都农业科技职业学院,,首选历史，再选不限,411,28475,,,0,四川,公办,0,0
重庆,2025,历史类,专科批,5154,宜宾职业技术学院,,首选历史，再选不限,362,55229,,,0,四川,公办,0,0
重庆,2025,历史类,专科批,5156,四川托普信息技术职业学院,,首选历史，再选不限,280,65381,,,0,四川,民办,0,0
重庆,2025,历史类,专科批,5157,四川职业技术学院,,首选历史，再选不限,380,42272,,,0,四川,公办,0,0
重庆,2025,历史类,专科批,5159,泸州职业技术学院,,首选历史，再选不限,390,39838,,,0,四川,公办,0,0
重庆,2025,历史类,专科批,5160,乐山职业技术学院,,首选历史，再选生物,389,49804,,,0,四川,公办,0,0
重庆,2025,历史类,专科批,5161,成都职业技术学院,,首选历史，再选不限,433,32868,,,0,四川,公办,0,0
重庆,2025,历史类,专科批,5162,南充职业技术学院,,首选历史，再选不限,369,38697,,,0,四川,公办,0,0
重庆,2025,历史类,专科批,5163,四川水利职业技术学院,,首选历史，再选不限,419,40440,,,0,四川,公办,0,0
重庆,2025,历史类,专科批,5164,四川化工职业技术学院,,首选历史，再选不限,393,48709,,,0,四川,公办,0,0
重庆,2025,历史类,专科批,5165,四川航天职业技术学院,,首选历史，再选不限,403,41336,,,0,四川,公办,0,0
重庆,2025,历史类,专科批,5168,四川司法警官职业学院,,首选历史，再选不限,427,25876,,,0,四川,公办,0,0
重庆,2025,历史类,专科批,5175,四川商务职业学院,,首选历史，再选不限,374,49804,,,0,四川,公办,0,0
重庆,2025,历史类,专科批,5177,内江职业技术学院,,首选历史，再选不限,391,49253,,,0,四川,公办,0,0
重庆,2025,历史类,专科批,5178,四川现代职业学院,,首选历史，再选不限,180,59576,,,0,四川,民办,0,0
重庆,2025,历史类,专科批,5181,四川工业科技学院,,首选历史，再选不限,347,49804,,,0,四川,民办,0,0
重庆,2025,历史类,专科批,5183,广安职业技术学院,,首选历史，再选不限,360,45237,,,0,四川,公办,0,0
重庆,2025,历史类,专科批,5185,四川铁道职业学院,,首选历史，再选不限,490,19282,,,0,四川,公办,0,0
重庆,2025,历史类,专科批,5187,四川文化传媒职业学院,,首选历史，再选不限,271,68108,,,0,四川,民办,0,0
重庆,2025,历史类,专科批,5188,四川华新现代职业学院,,首选历史，再选不限,230,69867,,,0,四川,民办,0,0
重庆,2025,历史类,专科批,5191,四川大学锦江学院,,首选历史，再选不限,307,46382,,,0,四川,民办,0,0
重庆,2025,历史类,专科批,5193,四川科技职业学院,,首选历史，再选不限,323,43752,,,0,四川,民办,0,0
重庆,2025,历史类,专科批,5194,四川文化产业职业学院,,首选历史，再选不限,385,45825,,,0,四川,公办,0,0
重庆,2025,历史类,专科批,5196,四川财经职业学院,,首选历史，再选不限,380,52329,,,0,四川,公办,0,0
重庆,2025,历史类,专科批,5197,四川长江职业学院,,首选历史，再选不限,180,60698,,,0,四川,民办,0,0
重庆,2025,历史类,专科批,5198,四川城市职业学院,,首选历史，再选不限,213,67289,,,0,四川,民办,0,0
重庆,2025,历史类,专科批,5221,安顺职业技术学院,,首选历史，再选不限,414,42554,,,0,贵州,公办,0,0
重庆,2025,历史类,专科批,5222,黔东南民族职业技术学院,,首选历史，再选不限,348,29044,,,0,贵州,公办,0,0
重庆,2025,历史类,专科批,5223,遵义职业技术学院,,首选历史，再选不限,378,49528,,,0,贵州,公办,0,0
重庆,2025,历史类,专科批,5225,铜仁职业技术大学,,首选历史，再选不限,397,31993,,,0,贵州,公办,0,0
重庆,2025,历史类,专科批,5226,黔南民族职业技术学院,,首选历史，再选不限,362,56025,,,0,贵州,公办,0,0
重庆,2025,历史类,专科批,5233,六盘水职业技术学院,,首选历史，再选不限,362,41973,,,0,贵州,公办,0,0
重庆,2025,历史类,专科批,5235,贵州轻工职业大学,,首选历史，再选不限,404,42272,,,0,贵州,公办,0,0
重庆,2025,历史类,专科批,5242,贵阳职业技术学院,,首选历史，再选不限,407,31412,,,0,贵州,公办,0,0
重庆,2025,历史类,专科批,5243,贵州城市职业学院,,首选历史，再选不限,272,59816,,,0,贵州,民办,0,0
重庆,2025,历史类,专科批,5245,遵义医药高等专科学校,,首选历史，再选不限,445,32868,,,0,贵州,公办,0,0
重庆,2025,历史类,专科批,5246,毕节职业技术学院,,首选历史，再选不限,362,37168,,,0,贵州,公办,0,0
重庆,2025,历史类,专科批,5247,贵州经贸职业技术学院,,首选历史，再选不限,359,56302,,,0,贵州,公办,0,0
重庆,2025,历史类,专科批,5248,贵州工商职业学院,,首选历史，再选不限,319,58862,,,0,贵州,民办,0,0
重庆,2025,历史类,专科批,5250,毕节工业职业技术学院,,首选历史，再选不限,347,53906,,,0,贵州,公办,0,0
重庆,2025,历史类,专科批,5251,贵州机电职业技术学院,,首选历史，再选不限,395,43752,,,0,贵州,公办,0,0
重庆,2025,历史类,专科批,5252,贵州航空职业技术学院,,首选历史，再选不限,356,51784,,,0,贵州,公办,0,0
重庆,2025,历史类,专科批,5256,贵阳幼儿师范高等专科学校,,首选历史，再选不限,369,38697,,,0,贵州,公办,0,0
重庆,2025,历史类,专科批,5258,铜仁幼儿师范高等专科学校,,首选历史，再选不限,357,39838,,,0,贵州,公办,0,0
重庆,2025,历史类,专科批,5259,毕节医学高等专科学校,,首选历史，再选不限,431,21390,,,0,贵州,公办,0,0
重庆,2025,历史类,专科批,5261,贵州农业职业学院,,首选历史，再选不限,435,36211,,,0,贵州,公办,0,0
重庆,2025,历史类,专科批,5262,贵州工程职业学院,,首选历史，再选不限,355,46088,,,0,贵州,民办,0,0
重庆,2025,历史类,专科批,5265,黔西南民族职业技术学院,,首选历史，再选不限,382,36211,,,0,贵州,公办,0,0
重庆,2025,历史类,专科批,5266,黔南民族幼儿师范高等专科学校,,首选历史，再选不限,389,39557,,,0,贵州,公办,0,0
重庆,2025,历史类,专科批,5266,黔南民族幼儿师范高等专科学校,,首选历史，再选思想政治、地理(2科必选),419,41037,,,0,贵州,公办,0,0
重庆,2025,历史类,专科批,5267,贵州工贸职业学院,,首选历史，再选不限,270,65381,,,0,贵州,民办,0,0
重庆,2025,历史类,专科批,5269,贵州健康职业学院,,首选历史，再选不限,423,39838,,,0,贵州,公办,0,0
重庆,2025,历史类,专科批,5272,贵州职业技术学院,,首选历史，再选不限,377,42272,,,0,贵州,公办,0,0
重庆,2025,历史类,专科批,5273,贵州盛华职业学院,,首选历史，再选不限,329,57321,,,0,贵州,民办,0,0
重庆,2025,历史类,专科批,5274,毕节幼儿师范高等专科学校,,首选历史，再选不限,355,40440,,,0,贵州,公办,0,0
重庆,2025,历史类,专科批,5276,六盘水幼儿师范高等专科学校,,首选历史，再选不限,352,59576,,,0,贵州,公办,0,0
重庆,2025,历史类,专科批,5279,贵州护理职业技术学院,,首选历史，再选不限,416,41973,,,0,贵州,公办,0,0
重庆,2025,历史类,专科批,5280,贵州财经职业学院,,首选历史，再选不限,361,47272,,,0,贵州,公办,0,0
重庆,2025,历史类,专科批,5281,贵州民用航空职业学院,,首选历史，再选不限,335,61580,,,0,贵州,民办,0,0
重庆,2025,历史类,专科批,5282,贵州铜仁数据职业学院,,首选历史，再选不限,327,62215,,,0,贵州,民办,0,0
重庆,2025,历史类,专科批,5286,贵州生态能源职业学院,,首选历史，再选不限,353,52038,,,0,贵州,公办,0,0
重庆,2025,历史类,专科批,5314,丽江文化旅游学院,,首选历史，再选不限,248,69776,,,0,云南,民办,0,0
重庆,2025,历史类,专科批,5317,德宏师范学院,,首选历史，再选不限,375,30511,,,0,云南,公办,0,0
重庆,2025,历史类,专科批,5320,昆明冶金高等专科学校,,首选历史，再选不限,412,43150,,,0,云南,公办,0,0
重庆,2025,历史类,专科批,5324,云南农业职业技术学院,,首选历史，再选不限,364,52587,,,0,云南,公办,0,0
重庆,2025,历史类,专科批,5325,云南司法警官职业学院,,首选历史，再选不限,425,38086,,,0,云南,公办,0,0
重庆,2025,历史类,专科批,5326,云南经济管理学院,,首选历史，再选不限,298,51006,,,0,云南,民办,0,0
重庆,2025,历史类,专科批,5329,云南新兴职业学院,,首选历史，再选不限,338,53906,,,0,云南,民办,0,0
重庆,2025,历史类,专科批,5338,西双版纳职业技术学院,,首选历史，再选不限,349,51006,,,0,云南,公办,0,0
重庆,2025,历史类,专科批,5342,云南工商学院,,首选历史，再选不限,337,62855,,,0,云南,民办,0,0
重庆,2025,历史类,专科批,5345,云南林业职业技术学院,,首选历史，再选不限,435,36211,,,0,云南,公办,0,0
重庆,2025,历史类,专科批,5345,云南林业职业技术学院,,首选历史，再选生物,386,43752,,,0,云南,公办,0,0
重庆,2025,历史类,专科批,5346,楚雄医药高等专科学校,,首选历史，再选不限,418,41336,,,0,云南,公办,0,0
重庆,2025,历史类,专科批,5347,曲靖健康医学院,,首选历史，再选不限,421,40440,,,0,云南,公办,0,0
重庆,2025,历史类,专科批,5348,丽江师范学院,,首选历史，再选不限,432,22779,,,0,云南,公办,0,0
重庆,2025,历史类,专科批,5348,丽江师范学院,,首选历史，再选思想政治,452,31130,,,0,云南,公办,0,0
重庆,2025,历史类,专科批,5353,云南城市建设职业学院,,首选历史，再选不限,291,59110,,,0,云南,民办,0,0
重庆,2025,历史类,专科批,5361,昭通卫生职业学院,,首选历史，再选不限,399,34085,,,0,云南,公办,0,0
重庆,2025,历史类,专科批,5362,大理护理职业学院,,首选历史，再选不限,423,39838,,,0,云南,公办,0,0
重庆,2025,历史类,专科批,5373,保山中医药高等专科学校,,首选历史，再选思想政治、地理(2科必选),413,34669,,,0,云南,公办,0,0
重庆,2025,历史类,专科批,5375,德宏职业学院,,首选历史，再选不限,417,20863,,,0,云南,公办,0,0
重庆,2025,历史类,专科批,5381,昆明卫生职业学院,,首选历史，再选不限,300,41336,,,0,云南,民办,0,0
重庆,2025,历史类,专科批,5381,昆明卫生职业学院,,首选历史，再选化学,202,73247,,,0,云南,民办,0,0
重庆,2025,历史类,专科批,5382,云南财经职业学院,,首选历史，再选不限,377,53097,,,0,云南,公办,0,0
重庆,2025,历史类,专科批,5390,云南医药健康职业学院,,首选历史，再选不限,329,44340,,,0,云南,民办,0,0
重庆,2025,历史类,专科批,5392,云南商务职业学院,,首选历史，再选不限,282,59335,,,0,云南,民办,0,0
重庆,2025,历史类,专科批,5394,云南理工职业学院,,首选历史，再选不限,279,59110,,,0,云南,民办,0,0
重庆,2025,历史类,专科批,5406,西藏职业技术学院,,首选历史，再选不限,319,55516,,,0,西藏,公办,0,0
重庆,2025,历史类,专科批,5406,西藏职业技术学院,,首选历史，再选思想政治,311,67289,,,0,西藏,公办,0,0
重庆,2025,历史类,专科批,5406,西藏职业技术学院,,首选历史，再选思想政治、地理(2科必选),315,53906,,,0,西藏,公办,0,0
重庆,2025,历史类,专科批,5412,日喀则职业技术学院,,首选历史，再选不限,354,48160,,,0,西藏,公办,0,0
重庆,2025,历史类,专科批,6138,陕西交通职业技术学院,,首选历史，再选不限,428,36860,,,0,陕西,公办,0,0
重庆,2025,历史类,专科批,6140,西安航空职业技术学院,,首选历史，再选不限,429,35919,,,0,陕西,公办,0,0
重庆,2025,历史类,专科批,6142,西安思源学院,,首选历史，再选不限,180,48421,,,0,陕西,民办,0,0
重庆,2025,历史类,专科批,6143,陕西服装工程学院,,首选历史，再选不限,410,43752,,,0,陕西,民办,0,0
重庆,2025,历史类,专科批,6145,陕西航空职业技术学院,,首选历史，再选不限,388,34669,,,0,陕西,公办,0,0
重庆,2025,历史类,专科批,6147,陕西铁路工程职业技术学院,,首选历史，再选不限,497,17245,,,0,陕西,公办,0,0
重庆,2025,历史类,专科批,6150,西安海棠职业学院,,首选历史，再选不限,340,50698,,,0,陕西,民办,0,0
重庆,2025,历史类,专科批,6151,西安汽车职业大学,,首选历史，再选不限,180,67968,,,0,陕西,民办,0,0
重庆,2025,历史类,专科批,6158,西安工商学院,,首选历史，再选不限,267,42272,,,0,陕西,民办,0,0
重庆,2025,历史类,专科批,6160,西安城市建设职业学院,,首选历史，再选不限,180,66347,,,0,陕西,民办,0,0
重庆,2025,历史类,专科批,6167,西安铁路职业技术学院,,首选历史，再选不限,444,33442,,,0,陕西,公办,0,0
重庆,2025,历史类,专科批,6168,商洛职业技术学院,,首选历史，再选不限,417,41680,,,0,陕西,公办,0,0
重庆,2025,历史类,专科批,6169,渭南职业技术学院,,首选历史，再选不限,406,38399,,,0,陕西,公办,0,0
重庆,2025,历史类,专科批,6170,安康职业技术学院,,首选历史，再选不限,381,41973,,,0,陕西,公办,0,0
重庆,2025,历史类,专科批,6171,西安职业技术学院,,首选历史，再选不限,385,51006,,,0,陕西,公办,0,0
重庆,2025,历史类,专科批,6178,陕西工商职业学院,,首选历史，再选不限,366,48709,,,0,陕西,公办,0,0
重庆,2025,历史类,专科批,6179,陕西能源职业技术学院,,首选历史，再选不限,333,40141,,,0,陕西,公办,0,0
重庆,2025,历史类,专科批,6181,陕西财经职业技术学院,,首选历史，再选不限,409,44040,,,0,陕西,公办,0,0
重庆,2025,历史类,专科批,6182,西安信息职业大学,,首选历史，再选不限,180,41973,,,0,陕西,民办,0,0
重庆,2025,历史类,专科批,6183,西安医学高等专科学校,,首选历史，再选不限,408,35919,,,0,陕西,民办,0,0
重庆,2025,历史类,专科批,6186,宝鸡职业技术学院,,首选历史，再选不限,403,35253,,,0,陕西,公办,0,0
重庆,2025,历史类,专科批,6187,延安职业技术学院,,首选历史，再选不限,358,36860,,,0,陕西,公办,0,0
重庆,2025,历史类,专科批,6188,陕西邮电职业技术学院,,首选历史，再选不限,377,48981,,,0,陕西,公办,0,0
重庆,2025,历史类,专科批,6189,咸阳职业技术学院,,首选历史，再选不限,400,43150,,,0,陕西,公办,0,0
重庆,2025,历史类,专科批,6190,铜川职业技术学院,,首选历史，再选不限,359,55782,,,0,陕西,公办,0,0
重庆,2025,历史类,专科批,6191,陕西旅游烹饪职业学院,,首选历史，再选不限,283,69460,,,0,陕西,民办,0,0
重庆,2025,历史类,专科批,6199,榆林能源科技职业学院,,首选历史，再选不限,364,53906,,,0,陕西,民办,0,0
重庆,2025,历史类,专科批,6225,酒泉职业技术大学,,首选历史，再选不限,353,59335,,,0,甘肃,公办,0,0
重庆,2025,历史类,专科批,6228,甘肃建筑职业技术学院,,首选历史，再选不限,381,52038,,,0,甘肃,公办,0,0
重庆,2025,历史类,专科批,6230,兰州外语职业学院,,首选历史，再选不限,180,73031,,,0,甘肃,民办,0,0
重庆,2025,历史类,专科批,6231,甘肃交通职业技术学院,,首选历史，再选不限,381,35919,,,0,甘肃,公办,0,0
重庆,2025,历史类,专科批,6238,甘肃畜牧工程职业技术学院,,首选历史，再选不限,342,47272,,,0,甘肃,公办,0,0
重庆,2025,历史类,专科批,6240,甘肃有色冶金职业技术学院,,首选历史，再选不限,343,59110,,,0,甘肃,公办,0,0
重庆,2025,历史类,专科批,6253,兰州石化职业技术大学,,首选历史，再选不限,423,39838,,,0,甘肃,公办,0,0
重庆,2025,历史类,专科批,6307,青海农牧科技职业学院,,首选历史，再选不限,395,36211,,,0,青海,公办,0,0
重庆,2025,历史类,专科批,6513,乌鲁木齐职业大学,,首选历史，再选不限,355,42272,,,0,新疆,公办,0,0
重庆,2025,历史类,专科批,6514,新疆农业职业技术大学,,首选历史，再选不限,251,52329,,,0,新疆,公办,0,0
重庆,2025,历史类,专科批,6530,新疆石河子职业技术学院,,首选历史，再选不限,305,49804,,,0,新疆,公办,0,0
重庆,2025,历史类,专科批,6532,新疆职业大学,,首选历史，再选不限,335,47272,,,0,新疆,公办,0,0
重庆,2025,历史类,专科批,6533,巴音郭楞职业技术学院,,首选历史，再选不限,328,49528,,,0,新疆,公办,0,0
重庆,2025,历史类,专科批,6534,新疆应用职业技术学院,,首选历史，再选不限,309,62215,,,0,新疆,公办,0,0
重庆,2025,历史类,专科批,6536,新疆警察学院,,首选历史，再选不限,436,33174,,,0,新疆,公办,0,0
重庆,2025,历史类,专科批,6538,新疆师范高等专科学校,,首选历史，再选不限,346,33442,,,0,新疆,公办,0,0
重庆,2025,历史类,专科批,6540,新疆生产建设兵团兴新职业技术学院,,首选历史，再选不限,332,39281,,,0,新疆,公办,0,0
重庆,2025,历史类,专科批,6543,新疆和田学院,,首选历史，再选不限,349,44340,,,0,新疆,公办,0,0
重庆,2025,历史类,专科批,6546,吐鲁番职业技术学院,,首选历史，再选不限,304,51262,,,0,新疆,公办,0,0
重庆,2025,历史类,专科批,6548,博尔塔拉职业技术学院,,首选历史，再选不限,290,54687,,,0,新疆,公办,0,0
重庆,2025,历史类,专科批,6550,铁门关职业技术学院,,首选历史，再选不限,322,60903,,,0,新疆,公办,0,0
重庆,2025,历史类,专科批,6551,石河子工程职业技术学院,,首选历史，再选不限,306,59576,,,0,新疆,公办,0,0
重庆,2025,历史类,专科批,6552,喀什职业技术学院,,首选历史，再选不限,289,48160,,,0,新疆,公办,0,0
重庆,2025,历史类,专科批,6552,喀什职业技术学院,,首选历史，再选思想政治、地理(2科必选),278,63617,,,0,新疆,公办,0,0
重庆,2025,历史类,专科批,6555,阿勒泰职业技术学院,,首选历史，再选不限,389,49804,,,0,新疆,公办,0,0
重庆,2025,历史类,专科批,6556,塔城职业技术学院,,首选历史，再选不限,305,45825,,,0,新疆,公办,0,0
重庆,2025,历史类,专科批,6557,塔里木职业技术学院,,首选历史，再选不限,320,58122,,,0,新疆,公办,0,0
重庆,2025,历史类,专科批,6558,阿克苏工业职业技术学院,,首选历史，再选不限,354,59110,,,0,新疆,公办,0,0
重庆,2025,历史类,专科批,6559,新星职业技术学院,,首选历史，再选不限,340,59816,,,0,新疆,公办,0,0
重庆,2025,历史类,专科批,6561,昆玉职业技术学院,,首选历史，再选不限,334,63427,,,0,新疆,公办,0,0
重庆,2025,历史类,专科批,6563,喀什理工职业技术学院,,首选历史，再选不限,342,54973,,,0,新疆,公办,0,0
重庆,2025,历史类,专科批,6564,可克达拉职业技术学院,,首选历史，再选不限,180,56564,,,0,新疆,公办,0,0
重庆,2025,历史类,专科批,,三峡旅游职业技术学院,,首选历史，再选不限,367,44934,,,0,湖北,公办,0,0
重庆,2025,历史类,专科批,,三峡电力职业学院,,首选历史，再选不限,420,38399,,,0,湖北,公办,0,0
重庆,2025,历史类,专科批,,上饶卫生健康职业学院,,首选历史，再选不限,404,43752,,,0,江西,公办,0,0
重庆,2025,历史类,专科批,,上饶幼儿师范高等专科学校,,首选历史，再选不限,356,57575,,,0,江西,公办,0,0
重庆,2025,历史类,专科批,,北京中医药大学东方学院,,首选历史，再选不限,471,25591,,,0,河北,民办,0,0
重庆,2025,历史类,专科批,,南充文化旅游职业学院,,首选历史，再选不限,375,51518,,,0,四川,公办,0,0
重庆,2025,历史类,专科批,,南充电影工业职业学院,,首选历史，再选不限,180,70957,,,0,四川,民办,0,0
重庆,2025,历史类,专科批,,南充科技职业学院,,首选历史，再选不限,256,62215,,,0,四川,民办,0,0
重庆,2025,历史类,专科批,,南昌健康职业技术学院,,首选历史，再选不限,401,38086,,,0,江西,公办,0,0
重庆,2025,历史类,专科批,,南通师范高等专科学校,,首选历史，再选不限,418,36516,,,0,江苏,公办,0,0
重庆,2025,历史类,专科批,,南阳农业职业学院,,首选历史，再选不限,350,60018,,,0,河南,公办,0,0
重庆,2025,历史类,专科批,,南阳科技职业学院,,首选历史，再选不限,325,49804,,,0,河南,公办,0,0
重庆,2025,历史类,专科批,,唐山幼儿师范高等专科学校,,首选历史，再选不限,363,35576,,,0,河北,公办,0,0
重庆,2025,历史类,专科批,,四川三河职业学院,,首选历史，再选不限,340,41336,,,0,四川,民办,0,0
重庆,2025,历史类,专科批,,四川卫生康复职业学院,,首选历史，再选不限,420,34367,,,0,四川,公办,0,0
重庆,2025,历史类,专科批,,四川希望汽车职业学院,,首选历史，再选不限,180,73373,,,0,四川,民办,0,0
重庆,2025,历史类,专科批,,四川应用技术职业学院,,首选历史，再选不限,180,71105,,,0,四川,民办,0,0
重庆,2025,历史类,专科批,,四川护理职业学院,,首选历史，再选不限,427,35576,,,0,四川,公办,0,0
重庆,2025,历史类,专科批,,四川文轩职业学院,,首选历史，再选不限,328,53669,,,0,四川,民办,0,0
重庆,2025,历史类,专科批,,四川汽车职业技术学院,,首选历史，再选不限,180,66347,,,0,四川,民办,0,0
重庆,2025,历史类,专科批,,四川电子机械职业技术学院,,首选历史，再选不限,279,60018,,,0,四川,民办,0,0
重庆,2025,历史类,专科批,,四川电影电视学院,,首选历史，再选不限,400,41336,,,0,四川,民办,0,0
重庆,2025,历史类,专科批,,四川西南航空职业学院,,首选历史，再选不限,305,49804,,,0,四川,民办,0,0
重庆,2025,历史类,专科批,,天府新区信息职业学院,,首选历史，再选不限,180,65685,,,0,四川,民办,0,0
重庆,2025,历史类,专科批,,天府新区航空旅游职业学院,,首选历史，再选不限,257,61138,,,0,四川,民办,0,0
重庆,2025,历史类,专科批,,天府新区通用航空职业学院,,首选历史，再选不限,180,69556,,,0,四川,民办,0,0
重庆,2025,历史类,专科批,,安阳职业技术学院,,首选历史，再选不限,380,43752,,,0,河南,公办,0,0
重庆,2025,历史类,专科批,,宝鸡中北职业学院,,首选历史，再选不限,285,70213,,,0,陕西,民办,0,0
重庆,2025,历史类,专科批,,宿迁职业技术学院,,首选历史，再选不限,335,63242,,,0,江苏,民办,0,0
重庆,2025,历史类,专科批,,山东圣翰财贸职业学院,,首选历史，再选不限,180,73373,,,0,山东,民办,0,0
重庆,2025,历史类,专科批,,山东文化产业职业学院,,首选历史，再选不限,180,69776,,,0,山东,民办,0,0
重庆,2025,历史类,专科批,,川北幼儿师范高等专科学校,,首选历史，再选不限,415,42272,,,0,四川,公办,0,0
重庆,2025,历史类,专科批,,川南幼儿师范高等专科学校,,首选历史，再选不限,362,57053,,,0,四川,公办,0,0
重庆,2025,历史类,专科批,,巴中职业技术学院,,首选历史，再选不限,180,58373,,,0,四川,民办,0,0
重庆,2025,历史类,专科批,,广东信息工程职业学院,,首选历史，再选不限,294,65052,,,0,广东,民办,0,0
重庆,2025,历史类,专科批,,广东机电职业技术学院,,首选历史，再选不限,406,44934,,,0,广东,公办,0,0
重庆,2025,历史类,专科批,,广东艺术职业学院,,首选历史，再选不限,327,64693,,,0,广东,公办,0,0
重庆,2025,历史类,专科批,,广东茂名幼儿师范专科学校,,首选历史，再选不限,350,48421,,,0,广东,公办,0,0
重庆,2025,历史类,专科批,,广元中核职业技术学院,,首选历史，再选不限,375,53669,,,0,四川,民办,0,0
重庆,2025,历史类,专科批,,广州华立科技职业学院,,首选历史，再选不限,332,50066,,,0,广东,民办,0,0
重庆,2025,历史类,专科批,,广州科技贸易职业学院,,首选历史，再选不限,424,39557,,,0,广东,公办,0,0
重庆,2025,历史类,专科批,,廊坊卫生职业学院,,首选历史，再选不限,410,36211,,,0,河北,公办,0,0
重庆,2025,历史类,专科批,,廊坊燕京职业技术学院,,首选历史，再选不限,346,37498,,,0,河北,公办,0,0
重庆,2025,历史类,专科批,,徐州工业职业技术学院,,首选历史，再选不限,422,40141,,,0,江苏,公办,0,0
重庆,2025,历史类,专科批,,德阳农业科技职业学院,,首选历史，再选不限,180,73003,,,0,四川,民办,0,0
重庆,2025,历史类,专科批,,德阳城市轨道交通职业学院,,首选历史，再选不限,302,59576,,,0,四川,民办,0,0
重庆,2025,历史类,专科批,,德阳科贸职业学院,,首选历史，再选不限,292,60477,,,0,四川,民办,0,0
重庆,2025,历史类,专科批,,惠州卫生职业技术学院,,首选历史，再选生物,414,42554,,,0,广东,公办,0,0
重庆,2025,历史类,专科批,,成都工业职业技术学院,,首选历史，再选不限,432,30511,,,0,四川,公办,0,0
重庆,2025,历史类,专科批,,扬州中瑞酒店职业学院,,首选历史，再选不限,271,71329,,,0,江苏,民办,0,0
重庆,2025,历史类,专科批,,承德应用技术职业学院,,首选历史，再选不限,351,59816,,,0,河北,公办,0,0
重庆,2025,历史类,专科批,,承德护理职业学院,,首选历史，再选不限,412,31706,,,0,河北,公办,0,0
重庆,2025,历史类,专科批,,攀枝花攀西职业学院,,首选历史，再选不限,253,71105,,,0,四川,民办,0,0
重庆,2025,历史类,专科批,,日照航海工程职业学院,,首选历史，再选不限,180,63617,,,0,山东,民办,0,0
重庆,2025,历史类,专科批,,武昌职业学院,,首选历史，再选不限,283,66826,,,0,湖北,民办,0,0
重庆,2025,历史类,专科批,,武汉外语外事职业学院,,首选历史，再选不限,343,40141,,,0,湖北,民办,0,0
重庆,2025,历史类,专科批,,武汉海事职业学院,,首选历史，再选不限,494,19282,,,0,湖北,公办,0,0
重庆,2025,历史类,专科批,,武汉铁路桥梁职业学院,,首选历史，再选不限,401,24430,,,0,湖北,公办,0,0
重庆,2025,历史类,专科批,,江海职业技术学院,,首选历史，再选不限,357,58373,,,0,江苏,民办,0,0
重庆,2025,历史类,专科批,,江苏商贸职业学院,,首选历史，再选不限,429,23897,,,0,江苏,公办,0,0
重庆,2025,历史类,专科批,,江苏电子信息职业学院,,首选历史，再选不限,440,34669,,,0,江苏,公办,0,0
重庆,2025,历史类,专科批,,江苏航空职业技术学院,,首选历史，再选不限,414,35919,,,0,江苏,公办,0,0
重庆,2025,历史类,专科批,,江苏财会职业学院,,首选历史，再选不限,414,40752,,,0,江苏,公办,0,0
重庆,2025,历史类,专科批,,江西婺源茶业职业学院,,首选历史，再选不限,376,25005,,,0,江西,公办,0,0
重庆,2025,历史类,专科批,,江门职业技术学院,,首选历史，再选不限,391,39838,,,0,广东,公办,0,0
重庆,2025,历史类,专科批,,江阳城建职业学院,,首选历史，再选不限,271,70957,,,0,四川,民办,0,0
重庆,2025,历史类,专科批,,河北科技工程职业技术大学,,首选历史，再选不限,368,50698,,,0,河北,公办,0,0
重庆,2025,历史类,专科批,,河南地矿职业学院,,首选历史，再选不限,353,40141,,,0,河南,公办,0,0
重庆,2025,历史类,专科批,,河南测绘职业学院,,首选历史，再选不限,356,56302,,,0,河南,公办,0,0
重庆,2025,历史类,专科批,,泰山科技学院,,首选历史，再选不限,180,65685,,,0,山东,民办,0,0
重庆,2025,历史类,专科批,,泰山职业技术学院,,首选历史，再选不限,367,47538,,,0,山东,公办,0,0
重庆,2025,历史类,专科批,,泸州医疗器械职业学院,,首选历史，再选不限,180,55782,,,0,四川,民办,0,0
重庆,2025,历史类,专科批,,洛阳职业技术学院,,首选历史，再选不限,421,34669,,,0,河南,公办,0,0
重庆,2025,历史类,专科批,,济南幼儿师范高等专科学校,,首选历史，再选不限,344,61352,,,0,山东,公办,0,0
重庆,2025,历史类,专科批,,渤海理工职业学院,,首选历史，再选不限,313,66997,,,0,河北,民办,0,0
重庆,2025,历史类,专科批,,湖北孝感美珈职业学院,,首选历史，再选不限,180,62215,,,0,湖北,民办,0,0
重庆,2025,历史类,专科批,,湖北幼儿师范高等专科学校,,首选历史，再选不限,422,36211,,,0,湖北,公办,0,0
重庆,2025,历史类,专科批,,湖北铁道运输职业学院,,首选历史，再选不限,409,30511,,,0,湖北,公办,0,0
重庆,2025,历史类,专科批,,湖南三一工业职业技术学院,,首选历史，再选不限,416,41973,,,0,湖南,民办,0,0
重庆,2025,历史类,专科批,,湖南九嶷职业技术学院,,首选历史，再选不限,362,50372,,,0,湖南,公办,0,0
重庆,2025,历史类,专科批,,湖南化工职业技术学院,,首选历史，再选不限,420,40752,,,0,湖南,公办,0,0
重庆,2025,历史类,专科批,,湖南幼儿师范高等专科学校,,首选历史，再选不限,364,46088,,,0,湖南,公办,0,0
重庆,2025,历史类,专科批,,湖南邮电职业技术学院,,首选历史，再选不限,432,37168,,,0,湖南,公办,0,0
重庆,2025,历史类,专科批,,湖南食品药品职业学院,,首选历史，再选不限,402,38697,,,0,湖南,公办,0,0
重庆,2025,历史类,专科批,,湖南高尔夫旅游职业学院,,首选历史，再选不限,337,62855,,,0,湖南,民办,0,0
重庆,2025,历史类,专科批,,湘中幼儿师范高等专科学校,,首选历史，再选不限,335,37498,,,0,湖南,公办,0,0
重庆,2025,历史类,专科批,,湘南幼儿师范高等专科学校,,首选历史，再选不限,343,61580,,,0,湖南,公办,0,0
重庆,2025,历史类,专科批,,潍坊环境工程职业学院,,首选历史，再选不限,283,61138,,,0,山东,民办,0,0
重庆,2025,历史类,专科批,,濮阳医学高等专科学校,,首选历史，再选不限,424,38984,,,0,河南,公办,0,0
重庆,2025,历史类,专科批,,烟台黄金职业学院,,首选历史，再选不限,180,73373,,,0,山东,民办,0,0
重庆,2025,历史类,专科批,,益阳医学高等专科学校,,首选历史，再选不限,437,22779,,,0,湖南,公办,0,0
重庆,2025,历史类,专科批,,盐城幼儿师范高等专科学校,,首选历史，再选不限,373,37799,,,0,江苏,公办,0,0
重庆,2025,历史类,专科批,,眉山药科职业学院,,首选历史，再选不限,180,69031,,,0,四川,民办,0,0
重庆,2025,历史类,专科批,,石家庄幼儿师范高等专科学校,,首选历史，再选不限,357,53669,,,0,河北,公办,0,0
重庆,2025,历史类,专科批,,绵阳飞行职业学院,,首选历史，再选不限,294,65543,,,0,四川,民办,0,0
重庆,2025,历史类,专科批,,苏州卫生职业技术学院,,首选历史，再选不限,465,20863,,,0,江苏,公办,0,0
重庆,2025,历史类,专科批,,苏州工业职业技术学院,,首选历史，再选不限,410,43752,,,0,江苏,公办,0,0
重庆,2025,历史类,专科批,,萍乡卫生职业学院,,首选历史，再选不限,418,36211,,,0,江西,公办,0,0
重庆,2025,历史类,专科批,,襄阳汽车职业技术学院,,首选历史，再选不限,368,43442,,,0,湖北,公办,0,0
重庆,2025,历史类,专科批,,西南交通大学希望学院,,首选历史，再选不限,397,25304,,,0,四川,民办,0,0
重庆,2025,历史类,专科批,,西昌民族幼儿师范高等专科学校,,首选历史，再选不限,354,52329,,,0,四川,公办,0,0
重庆,2025,历史类,专科批,,资阳环境科技职业学院,,首选历史，再选不限,324,56564,,,0,四川,民办,0,0
重庆,2025,历史类,专科批,,赣州职业技术学院,,首选历史，再选不限,329,43150,,,0,江西,公办,0,0
重庆,2025,历史类,专科批,,达州中医药职业学院,,首选历史，再选不限,418,36211,,,0,四川,公办,0,0
重庆,2025,历史类,专科批,,遂宁职业学院,,首选历史，再选不限,180,67696,,,0,四川,民办,0,0
重庆,2025,历史类,专科批,,邯郸幼儿师范高等专科学校,,首选历史，再选不限,379,36860,,,0,河北,公办,0,0
重庆,2025,历史类,专科批,,重庆农业职业学院,,首选历史，再选不限,354,47272,,,0,重庆,公办,0,0
重庆,2025,历史类,专科批,,铁岭卫生职业学院,,首选历史，再选不限,391,49253,,,0,辽宁,公办,0,0
重庆,2025,历史类,专科批,,长江艺术工程职业学院,,首选历史，再选不限,180,73373,,,0,湖北,民办,0,0
重庆,2025,历史类,专科批,,长沙卫生职业学院,,首选历史，再选不限,423,19001,,,0,湖南,公办,0,0
重庆,2025,历史类,专科批,,长沙职业技术学院,,首选历史，再选不限,423,39838,,,0,湖南,公办,0,0
重庆,2025,历史类,专科批,,青岛航空科技职业学院,,首选历史，再选不限,365,56302,,,0,山东,民办,0,0
重庆,2025,历史类,专科批,,黄冈科技职业学院,,首选历史，再选不限,180,63052,,,0,湖北,民办,0,0
重庆,2025,历史类,专科批,,黄山健康职业学院,,首选历史，再选不限,337,62662,,,0,安徽,民办,0,0
重庆,2025,历史类,专科提前批,2135,辽宁省交通高等专科学校,,首选历史，再选不限,387,44340,,,0,辽宁,公办,0,0
重庆,2025,历史类,专科提前批,3690,江西航空职业技术学院,,首选历史，再选不限,396,41680,,,7,江西,民办,0,0
重庆,2025,历史类,专科提前批,3787,山东信息职业技术学院,,首选历史，再选不限,393,45825,,,0,山东,公办,0,0
重庆,2025,历史类,专科提前批,3799,威海职业学院,,首选历史，再选不限,362,48421,,,0,山东,公办,0,0
重庆,2025,历史类,专科提前批,4189,河南医学高等专科学校,,首选历史，再选不限,415,39838,,,0,河南,公办,0,0
重庆,2025,历史类,本科批,1101,北京大学,,首选历史，再选不限,661,66,,,0,北京,公办,1,1
重庆,2025,历史类,本科批,1104,清华大学,,首选历史，再选不限,667,66,,,0,北京,公办,1,1
重庆,2025,历史类,本科批,1105,北京交通大学,,首选历史，再选不限,595,1576,,,0,北京,公办,0,1
重庆,2025,历史类,本科批,1105,北京交通大学（威海校区）,,首选历史，再选不限,557,6017,,,0,山东,中外合作办学,0,1
重庆,2025,历史类,本科批,1106,北京航空航天大学,,首选历史，再选不限,626,372,,,0,北京,公办,1,1
重庆,2025,历史类,本科批,1107,北京理工大学,,首选历史，再选不限,615,669,,,0,北京,公办,1,1
重庆,2025,历史类,本科批,1108,北京科技大学,,首选历史，再选不限,592,1772,,,0,北京,公办,0,1
重庆,2025,历史类,本科批,1109,北方工业大学,,首选历史，再选不限,517,8116,,,0,北京,公办,0,0
重庆,2025,历史类,本科批,1110,北京化工大学,,首选历史，再选不限,580,2114,,,0,北京,公办,0,1
重庆,2025,历史类,本科批,1113,北京印刷学院,,首选历史，再选不限,541,5044,,,0,北京,公办,0,0
重庆,2025,历史类,本科批,1116,中国农业大学,,首选历史，再选不限,574,788,,,0,北京,公办,1,1
重庆,2025,历史类,本科批,1117,北京林业大学,,首选历史，再选不限,583,1576,,,0,北京,公办,0,1
重庆,2025,历史类,本科批,1117,北京林业大学,,首选历史，再选地理,591,2192,,,0,北京,公办,0,1
重庆,2025,历史类,本科批,1117,北京林业大学,,首选历史，再选生物,574,3804,,,0,北京,公办,0,1
重庆,2025,历史类,本科批,1118,北京中医药大学,,首选历史，再选不限,582,707,,,0,北京,公办,0,1
重庆,2025,历史类,本科批,1120,首都师范大学,,首选历史，再选不限,590,2192,,,0,北京,公办,0,0
重庆,2025,历史类,本科批,1121,首都体育学院,,首选历史，再选不限,522,12519,,,0,北京,公办,0,0
重庆,2025,历史类,本科批,1122,北京外国语大学,,首选历史，再选不限,604,499,,,0,北京,公办,0,1
重庆,2025,历史类,本科批,1122,北京外国语大学,,首选历史，再选思想政治,584,939,,,0,北京,公办,0,1
重庆,2025,历史类,本科批,1123,北京第二外国语学院,,首选历史，再选不限,555,3697,,,0,北京,公办,0,0
重庆,2025,历史类,本科批,1123,北京第二外国语学院,,首选历史，再选思想政治,567,4253,,,0,北京,公办,0,0
重庆,2025,历史类,本科批,1124,北京语言大学,,首选历史，再选不限,504,2422,,,0,北京,公办,0,0
重庆,2025,历史类,本科批,1124,北京语言大学,,首选历史，再选思想政治,581,2589,,,0,北京,公办,0,0
重庆,2025,历史类,本科批,1125,中国传媒大学,,首选历史，再选不限,584,901,,,0,北京,公办,0,1
重庆,2025,历史类,本科批,1125,中国传媒大学,,首选历史，再选思想政治,598,1703,,,0,北京,公办,0,1
重庆,2025,历史类,本科批,1126,中央财经大学,,首选历史，再选不限,603,393,,,0,北京,公办,0,1
重庆,2025,历史类,本科批,1127,对外经济贸易大学,,首选历史，再选不限,584,393,,,18,北京,公办,0,1
重庆,2025,历史类,本科批,1127,对外经济贸易大学,,首选历史，再选思想政治,620,634,,,3,北京,公办,0,1
重庆,2025,历史类,本科批,1128,北京物资学院,,首选历史，再选不限,521,4503,,,0,北京,公办,0,0
重庆,2025,历史类,本科批,1132,北京体育大学,,首选历史，再选不限,508,2589,,,0,北京,公办,0,1
重庆,2025,历史类,本科批,1135,中央美术学院,,首选历史，再选不限,545,3907,,,0,北京,公办,0,0
重庆,2025,历史类,本科批,1136,中央戏剧学院,,首选历史，再选不限,574,3697,,,0,北京,公办,0,0
重庆,2025,历史类,本科批,1137,中国戏曲学院,,首选历史，再选不限,553,6633,,,0,北京,公办,0,0
重庆,2025,历史类,本科批,1138,北京电影学院,,首选历史，再选不限,570,1820,,,0,北京,公办,0,0
重庆,2025,历史类,本科批,1140,中央民族大学,,首选历史，再选不限,588,1091,,,0,北京,公办,1,1
重庆,2025,历史类,本科批,1141,中国政法大学,,首选历史，再选不限,614,156,,,0,北京,公办,0,1
重庆,2025,历史类,本科批,1142,华北电力大学（北京）,,首选历史，再选不限,587,2031,,,0,北京,公办,0,1
重庆,2025,历史类,本科批,1145,中国矿业大学（北京）,,首选历史，再选不限,583,2840,,,0,北京,公办,0,1
重庆,2025,历史类,本科批,1146,中国石油大学（北京）,,首选历史，再选不限,582,2943,,,0,北京,公办,0,1
重庆,2025,历史类,本科批,1146,中国石油大学（北京）,,首选历史，再选思想政治,584,2756,,,0,北京,公办,0,1
重庆,2025,历史类,本科批,1147,中国地质大学（北京）,,首选历史，再选不限,580,2504,,,0,北京,公办,0,1
重庆,2025,历史类,本科批,1148,北京联合大学,,首选历史，再选不限,513,8640,,,0,北京,公办,0,0
重庆,2025,历史类,本科批,1149,北京城市学院,,首选历史，再选不限,504,16786,,,0,北京,民办,0,0
重庆,2025,历史类,本科批,1151,首都经济贸易大学,,首选历史，再选不限,569,3241,,,0,北京,公办,0,0
重庆,2025,历史类,本科批,1153,中华女子学院,,首选历史，再选不限,533,6310,,,0,北京,公办,0,0
重庆,2025,历史类,本科批,1168,中国劳动关系学院,,首选历史，再选不限,540,5175,,,0,北京,公办,0,0
重庆,2025,历史类,本科批,1188,中国社会科学院大学,,首选历史，再选不限,592,1038,,,0,北京,公办,0,0
重庆,2025,历史类,本科批,1188,中国社会科学院大学,,首选历史，再选思想政治,599,1300,,,0,北京,公办,0,0
重庆,2025,历史类,本科批,1199,民政职业大学,,首选历史，再选不限,517,9922,,,0,北京,公办,0,0
重庆,2025,历史类,本科批,1201,南开大学,,首选历史，再选不限,627,255,,,0,天津,公办,1,1
重庆,2025,历史类,本科批,1202,天津大学,,首选历史，再选不限,588,1820,,,0,天津,公办,1,1
重庆,2025,历史类,本科批,1203,天津科技大学,,首选历史，再选不限,535,8116,,,0,天津,公办,0,0
重庆,2025,历史类,本科批,1205,中国民航大学,,首选历史，再选不限,554,3349,,,0,天津,公办,0,0
重庆,2025,历史类,本科批,1208,天津中医药大学,,首选历史，再选不限,560,5621,,,0,天津,公办,0,0
重庆,2025,历史类,本科批,1209,天津外国语大学,,首选历史，再选不限,546,3804,,,0,天津,公办,0,0
重庆,2025,历史类,本科批,1209,天津外国语大学,,首选历史，再选思想政治,553,6469,,,0,天津,公办,0,0
重庆,2025,历史类,本科批,1210,天津商业大学,,首选历史，再选不限,516,6163,,,0,天津,公办,0,0
重庆,2025,历史类,本科批,1211,天津财经大学,,首选历史，再选不限,549,3042,,,0,天津,公办,0,0
重庆,2025,历史类,本科批,1212,天津体育学院,,首选历史，再选不限,507,16063,,,0,天津,公办,0,0
重庆,2025,历史类,本科批,1214,天津美术学院,,首选历史，再选不限,505,15318,,,0,天津,公办,0,0
重庆,2025,历史类,本科批,1215,河北工业大学,,首选历史，再选不限,570,3241,,,0,天津,公办,0,1
重庆,2025,历史类,本科批,1216,天津城建大学,,首选历史，再选不限,495,12075,,,0,天津,公办,0,0
重庆,2025,历史类,本科批,1219,北京科技大学天津学院,,首选历史，再选不限,497,17015,,,0,天津,民办,0,0
重庆,2025,历史类,本科批,1220,天津商业大学宝德学院,,首选历史，再选不限,464,17973,,,0,天津,民办,0,0
重庆,2025,历史类,本科批,1221,天津医科大学临床医学院,,首选历史，再选不限,529,10984,,,0,天津,民办,0,0
重庆,2025,历史类,本科批,1236,天津师范大学,,首选历史，再选不限,504,3697,,,0,天津,公办,0,0
重庆,2025,历史类,本科批,1236,天津师范大学,,首选历史，再选思想政治,571,4019,,,0,天津,公办,0,0
重庆,2025,历史类,本科批,1239,天津外国语大学滨海外事学院,,首选历史，再选不限,447,22503,,,0,天津,民办,0,0
重庆,2025,历史类,本科批,1246,天津理工大学中环信息学院,,首选历史，再选不限,495,18486,,,0,天津,民办,0,0
重庆,2025,历史类,本科批,1250,天津仁爱学院,,首选历史，再选不限,441,24430,,,0,天津,民办,0,0
重庆,2025,历史类,本科批,1250,天津仁爱学院,,首选历史，再选思想政治,493,19556,,,0,天津,民办,0,0
重庆,2025,历史类,本科批,1251,天津职业技术师范大学,,首选历史，再选不限,522,8463,,,0,天津,公办,0,0
重庆,2025,历史类,本科批,1252,天津财经大学珠江学院,,首选历史，再选不限,484,18730,,,0,天津,民办,0,0
重庆,2025,历史类,本科批,1301,河北工程大学,,首选历史，再选不限,540,8824,,,0,河北,公办,0,0
重庆,2025,历史类,本科批,1302,河北地质大学,,首选历史，再选不限,515,10338,,,0,河北,公办,0,0
重庆,2025,历史类,本科批,1303,华北电力大学（保定）,,首选历史，再选不限,564,3140,,,0,河北,公办,0,1
重庆,2025,历史类,本科批,1304,华北理工大学,,首选历史，再选不限,528,8824,,,0,河北,公办,0,0
重庆,2025,历史类,本科批,1307,邢台学院,,首选历史，再选不限,506,14156,,,0,河北,公办,0,0
重庆,2025,历史类,本科批,1308,石家庄铁道大学,,首选历史，再选不限,519,5044,,,0,河北,公办,0,0
重庆,2025,历史类,本科批,1309,燕山大学,,首选历史，再选不限,548,4503,,,0,河北,公办,0,0
重庆,2025,历史类,本科批,1309,燕山大学,,首选历史，再选思想政治,547,7586,,,0,河北,公办,0,0
重庆,2025,历史类,本科批,1310,华北科技学院,,首选历史，再选不限,508,9363,,,0,河北,公办,0,0
重庆,2025,历史类,本科批,1312,北华航天工业学院,,首选历史，再选不限,509,9922,,,0,河北,公办,0,0
重庆,2025,历史类,本科批,1314,东北大学秦皇岛分校,,首选历史，再选不限,590,1649,,,0,河北,公办,1,1
重庆,2025,历史类,本科批,1315,华北理工大学轻工学院,,首选历史，再选不限,457,29657,,,0,河北,民办,0,0
重庆,2025,历史类,本科批,1318,河北金融学院,,首选历史，再选不限,497,11865,,,0,河北,公办,0,0
重庆,2025,历史类,本科批,1319,防灾科技学院,,首选历史，再选不限,505,10766,,,0,河北,公办,0,0
重庆,2025,历史类,本科批,1339,河北外国语学院,,首选历史，再选不限,456,16786,,,0,河北,民办,0,0
重庆,2025,历史类,本科批,1339,河北外国语学院,,首选历史，再选化学,438,35253,,,0,河北,民办,0,0
重庆,2025,历史类,本科批,1342,河北环境工程学院,,首选历史，再选不限,501,17015,,,0,河北,公办,0,0
重庆,2025,历史类,本科批,1343,保定学院,,首选历史，再选不限,503,11622,,,0,河北,公办,0,0
重庆,2025,历史类,本科批,1358,河北医科大学,,首选历史，再选生物,534,9922,,,0,河北,公办,0,0
重庆,2025,历史类,本科批,1359,河北医科大学临床学院,,首选历史，再选生物,504,16786,,,0,河北,民办,0,0
重庆,2025,历史类,本科批,1361,衡水学院,,首选历史，再选不限,507,12962,,,0,河北,公办,0,0
重庆,2025,历史类,本科批,1366,石家庄铁道大学四方学院,,首选历史，再选不限,503,17015,,,0,河北,民办,0,0
重庆,2025,历史类,本科批,1369,河北大学,,首选历史，再选不限,535,4019,,,0,河北,公办,0,0
重庆,2025,历史类,本科批,1372,廊坊师范学院,,首选历史，再选不限,503,15318,,,0,河北,公办,0,0
重庆,2025,历史类,本科批,1378,河北地质大学华信学院,,首选历史，再选不限,474,18486,,,0,河北,民办,0,0
重庆,2025,历史类,本科批,1381,唐山师范学院,,首选历史，再选不限,504,14858,,,0,河北,公办,0,0
重庆,2025,历史类,本科批,1385,保定理工学院,,首选历史，再选不限,456,21940,,,0,河北,民办,0,0
重庆,2025,历史类,本科批,1386,河北经贸大学,,首选历史，再选不限,512,6163,,,0,河北,公办,0,0
重庆,2025,历史类,本科批,1388,唐山学院,,首选历史，再选不限,519,13219,,,0,河北,公办,0,0
重庆,2025,历史类,本科批,1390,河北东方学院,,首选历史，再选不限,471,18730,,,0,河北,民办,0,0
重庆,2025,历史类,本科批,1396,张家口学院,,首选历史，再选不限,502,17245,,,0,河北,公办,0,0
重庆,2025,历史类,本科批,1399,沧州师范学院,,首选历史，再选不限,500,16288,,,0,河北,公办,0,0
重庆,2025,历史类,本科批,1401,太原科技大学,,首选历史，再选不限,517,7239,,,0,山西,公办,0,0
重庆,2025,历史类,本科批,1403,太原理工大学,,首选历史，再选不限,565,3349,,,0,山西,公办,0,1
重庆,2025,历史类,本科批,1403,太原理工大学,,首选历史，再选思想政治,574,3804,,,0,山西,公办,0,1
重庆,2025,历史类,本科批,1404,山西农业大学,,首选历史，再选不限,514,11865,,,0,山西,公办,0,0
重庆,2025,历史类,本科批,1404,山西农业大学,,首选历史，再选思想政治,512,8298,,,0,山西,公办,0,0
重庆,2025,历史类,本科批,1405,山西医科大学,,首选历史，再选不限,519,9555,,,0,山西,公办,0,0
重庆,2025,历史类,本科批,1405,山西医科大学,,首选历史，再选生物,536,9555,,,0,山西,公办,0,0
重庆,2025,历史类,本科批,1406,山西大同大学,,首选历史，再选不限,536,6774,,,0,山西,公办,0,0
重庆,2025,历史类,本科批,1407,忻州师范学院,,首选历史，再选不限,500,11622,,,0,山西,公办,0,0
重庆,2025,历史类,本科批,1407,忻州师范学院,,首选历史，再选地理,515,13908,,,0,山西,公办,0,0
重庆,2025,历史类,本科批,1407,忻州师范学院,,首选历史，再选思想政治,515,14156,,,0,山西,公办,0,0
重庆,2025,历史类,本科批,1408,山西财经大学,,首选历史，再选不限,523,2840,,,0,山西,公办,0,0
重庆,2025,历史类,本科批,1408,山西财经大学,,首选历史，再选地理,529,10766,,,0,山西,公办,0,0
重庆,2025,历史类,本科批,1415,山西应用科技学院,,首选历史，再选不限,464,25005,,,0,山西,民办,0,0
重庆,2025,历史类,本科批,1425,山西大学,,首选历史，再选不限,571,3349,,,0,山西,公办,0,0
重庆,2025,历史类,本科批,1428,太原学院,,首选历史，再选不限,504,14604,,,0,山西,公办,0,0
重庆,2025,历史类,本科批,1430,山西晋中理工学院,,首选历史，再选不限,467,26729,,,0,山西,民办,0,0
重庆,2025,历史类,本科批,1433,山西师范大学,,首选历史，再选不限,508,5743,,,10,山西,公办,0,0
重庆,2025,历史类,本科批,1434,太原师范学院,,首选历史，再选不限,524,10984,,,0,山西,公办,0,0
重庆,2025,历史类,本科批,1434,太原师范学院,,首选历史，再选思想政治,521,12751,,,0,山西,公办,0,0
重庆,2025,历史类,本科批,1439,长治医学院,,首选历史，再选不限,504,12962,,,0,山西,公办,0,0
重庆,2025,历史类,本科批,1448,吕梁学院,,首选历史，再选不限,503,14156,,,0,山西,公办,0,0
重庆,2025,历史类,本科批,1449,山西中医药大学,,首选历史，再选不限,566,3581,,,0,山西,公办,0,0
重庆,2025,历史类,本科批,1450,山西传媒学院,,首选历史，再选不限,501,15080,,,0,山西,公办,0,0
重庆,2025,历史类,本科批,1452,运城职业技术大学,,首选历史，再选不限,447,17973,,,0,山西,民办,0,0
重庆,2025,历史类,本科批,1453,晋中信息学院,,首选历史，再选不限,471,19001,,,0,山西,民办,0,0
重庆,2025,历史类,本科批,1501,内蒙古大学,,首选历史，再选不限,563,3042,,,0,内蒙古,公办,0,1
重庆,2025,历史类,本科批,1501,内蒙古大学,,首选历史，再选思想政治,568,4253,,,0,内蒙古,公办,0,1
重庆,2025,历史类,本科批,1502,内蒙古科技大学,,首选历史，再选不限,504,9922,,,0,内蒙古,公办,0,0
重庆,2025,历史类,本科批,1505,内蒙古工业大学,,首选历史，再选不限,503,17015,,,0,内蒙古,公办,0,0
重庆,2025,历史类,本科批,1509,内蒙古师范大学,,首选历史，再选不限,497,11865,,,0,内蒙古,公办,0,0
重庆,2025,历史类,本科批,1513,内蒙古民族大学,,首选历史，再选不限,504,14376,,,0,内蒙古,公办,0,0
重庆,2025,历史类,本科批,1514,内蒙古财经大学,,首选历史，再选不限,526,11622,,,0,内蒙古,公办,0,0
重庆,2025,历史类,本科批,2104,沈阳理工大学,,首选历史，再选不限,507,7425,,,0,辽宁,公办,0,0
重庆,2025,历史类,本科批,2107,辽宁工程技术大学,,首选历史，再选不限,508,8640,,,0,辽宁,公办,0,0
重庆,2025,历史类,本科批,2107,辽宁工程技术大学,,首选历史，再选地理,534,9922,,,0,辽宁,公办,0,0
重庆,2025,历史类,本科批,2110,大连交通大学,,首选历史，再选不限,535,9726,,,0,辽宁,公办,0,0
重庆,2025,历史类,本科批,2111,大连海事大学,,首选历史，再选不限,566,2261,,,0,辽宁,公办,0,1
重庆,2025,历史类,本科批,2121,东北财经大学,,首选历史，再选不限,540,2114,,,0,辽宁,公办,0,0
重庆,2025,历史类,本科批,2125,大连民族大学,,首选历史，再选不限,515,12962,,,0,辽宁,公办,0,0
重庆,2025,历史类,本科批,2129,渤海大学,,首选历史，再选不限,525,11419,,,0,辽宁,公办,0,0
重庆,2025,历史类,本科批,2132,大连财经学院,,首选历史，再选不限,477,19282,,,0,辽宁,民办,0,0
重庆,2025,历史类,本科批,2147,辽宁对外经贸学院,,首选历史，再选不限,441,20863,,,0,辽宁,民办,0,0
重庆,2025,历史类,本科批,2150,辽宁理工学院,,首选历史，再选不限,475,19282,,,0,辽宁,民办,0,0
重庆,2025,历史类,本科批,2151,沈阳城市学院,,首选历史，再选不限,442,32576,,,0,辽宁,民办,0,0
重庆,2025,历史类,本科批,2153,辽宁大学,,首选历史，再选不限,535,3042,,,0,辽宁,公办,0,1
重庆,2025,历史类,本科批,2154,鞍山师范学院,,首选历史，再选不限,522,12519,,,0,辽宁,公办,0,0
重庆,2025,历史类,本科批,2159,沈阳工学院,,首选历史，再选不限,448,32265,,,0,辽宁,民办,0,0
重庆,2025,历史类,本科批,2166,大连大学,,首选历史，再选不限,541,6469,,,0,辽宁,公办,0,0
重庆,2025,历史类,本科批,2189,沈阳医学院,,首选历史，再选生物,532,10338,,,0,辽宁,公办,0,0
重庆,2025,历史类,本科批,2190,辽宁师范大学,,首选历史，再选不限,496,18730,,,0,辽宁,公办,0,0
重庆,2025,历史类,本科批,2201,吉林大学,,首选历史，再选不限,598,288,,,0,吉林,公办,1,1
重庆,2025,历史类,本科批,2201,吉林大学,,首选历史，再选思想政治,594,1953,,,0,吉林,公办,1,1
重庆,2025,历史类,本科批,2202,延边大学,,首选历史，再选不限,546,3581,,,0,吉林,公办,0,1
重庆,2025,历史类,本科批,2202,延边大学,,首选历史，再选地理,564,5044,,,0,吉林,公办,0,1
重庆,2025,历史类,本科批,2203,长春理工大学,,首选历史，再选不限,514,8116,,,0,吉林,公办,0,0
重庆,2025,历史类,本科批,2204,东北电力大学,,首选历史，再选思想政治,532,10338,,,0,吉林,公办,0,0
重庆,2025,历史类,本科批,2208,东北师范大学,,首选历史，再选不限,563,1820,,,0,吉林,公办,0,1
重庆,2025,历史类,本科批,2208,东北师范大学,,首选历史，再选思想政治,582,2681,,,0,吉林,公办,0,1
重庆,2025,历史类,本科批,2211,长春师范大学,,首选历史，再选不限,507,7586,,,0,吉林,公办,0,0
重庆,2025,历史类,本科批,2211,长春师范大学,,首选历史，再选思想政治,530,10766,,,0,吉林,公办,0,0
重庆,2025,历史类,本科批,2212,白城师范学院,,首选历史，再选不限,511,14376,,,0,吉林,公办,0,0
重庆,2025,历史类,本科批,2212,白城师范学院,,首选历史，再选地理,510,15318,,,0,吉林,公办,0,0
重庆,2025,历史类,本科批,2212,白城师范学院,,首选历史，再选思想政治,509,15556,,,0,吉林,公办,0,0
重庆,2025,历史类,本科批,2213,吉林财经大学,,首选历史，再选不限,506,11622,,,0,吉林,公办,0,0
重庆,2025,历史类,本科批,2214,吉林农业科技学院,,首选历史，再选不限,504,16786,,,0,吉林,公办,0,0
重庆,2025,历史类,本科批,2215,长春大学,,首选历史，再选不限,512,10338,,,0,吉林,公办,0,0
重庆,2025,历史类,本科批,2219,长春财经学院,,首选历史，再选不限,447,24696,,,0,吉林,民办,0,0
重庆,2025,历史类,本科批,2233,吉林师范大学,,首选历史，再选不限,501,7936,,,0,吉林,公办,0,0
重庆,2025,历史类,本科批,2235,长春工业大学人文信息学院,,首选历史，再选不限,443,24159,,,0,吉林,民办,0,0
重庆,2025,历史类,本科批,2237,吉林师范大学博达学院,,首选历史，再选不限,441,25304,,,0,吉林,民办,0,0
重庆,2025,历史类,本科批,2237,吉林师范大学博达学院,,首选历史，再选地理,472,25304,,,0,吉林,民办,0,0
重庆,2025,历史类,本科批,2243,北华大学,,首选历史，再选不限,534,9023,,,0,吉林,公办,0,0
重庆,2025,历史类,本科批,2244,吉林外国语大学,,首选历史，再选不限,480,18234,,,0,吉林,民办,0,0
重庆,2025,历史类,本科批,2247,吉林工商学院,,首选历史，再选不限,504,12962,,,0,吉林,公办,0,0
重庆,2025,历史类,本科批,2250,长春科技学院,,首选历史，再选不限,448,12075,,,0,吉林,民办,0,0
重庆,2025,历史类,本科批,2301,黑龙江大学,,首选历史，再选不限,531,3140,,,0,黑龙江,公办,0,0
重庆,2025,历史类,本科批,2301,黑龙江大学,,首选历史，再选思想政治,535,9726,,,0,黑龙江,公办,0,0
重庆,2025,历史类,本科批,2303,哈尔滨工程大学,,首选历史，再选不限,577,3464,,,0,黑龙江,公办,0,1
重庆,2025,历史类,本科批,2304,黑龙江科技大学,,首选历史，再选不限,503,10984,,,0,黑龙江,公办,0,0
重庆,2025,历史类,本科批,2304,黑龙江科技大学,,首选历史，再选思想政治,520,12962,,,0,黑龙江,公办,0,0
重庆,2025,历史类,本科批,2305,东北石油大学,,首选历史，再选不限,528,7586,,,0,黑龙江,公办,0,0
重庆,2025,历史类,本科批,2306,齐齐哈尔大学,,首选历史，再选不限,511,15080,,,0,黑龙江,公办,0,0
重庆,2025,历史类,本科批,2307,东北农业大学,,首选历史，再选不限,566,4253,,,0,黑龙江,公办,0,1
重庆,2025,历史类,本科批,2308,东北林业大学,,首选历史，再选不限,564,3581,,,0,黑龙江,公办,0,1
重庆,2025,历史类,本科批,2309,哈尔滨医科大学,,首选历史，再选生物,555,6310,,,0,黑龙江,公办,0,0
重庆,2025,历史类,本科批,2311,黑龙江中医药大学,,首选历史，再选不限,578,2840,,,0,黑龙江,公办,0,0
重庆,2025,历史类,本科批,2312,哈尔滨师范大学,,首选历史，再选不限,506,8116,,,0,黑龙江,公办,0,0
重庆,2025,历史类,本科批,2313,哈尔滨商业大学,,首选历史，再选不限,512,9922,,,0,黑龙江,公办,0,0
重庆,2025,历史类,本科批,2315,哈尔滨理工大学,,首选历史，再选不限,509,14858,,,0,黑龙江,公办,0,0
重庆,2025,历史类,本科批,2316,哈尔滨学院,,首选历史，再选不限,504,12519,,,0,黑龙江,公办,0,0
重庆,2025,历史类,本科批,2316,哈尔滨学院,,首选历史，再选地理,521,12751,,,0,黑龙江,公办,0,0
重庆,2025,历史类,本科批,2316,哈尔滨学院,,首选历史，再选思想政治,516,13908,,,0,黑龙江,公办,0,0
重庆,2025,历史类,本科批,2317,黑龙江工程学院,,首选历史，再选不限,503,16288,,,0,黑龙江,公办,0,0
重庆,2025,历史类,本科批,2318,黑龙江财经学院,,首选历史，再选不限,438,24696,,,0,黑龙江,民办,0,0
重庆,2025,历史类,本科批,2320,哈尔滨金融学院,,首选历史，再选不限,501,12316,,,0,黑龙江,公办,0,0
重庆,2025,历史类,本科批,2344,牡丹江师范学院,,首选历史，再选不限,495,14858,,,0,黑龙江,公办,0,0
重庆,2025,历史类,本科批,2350,绥化学院,,首选历史，再选不限,504,15814,,,0,黑龙江,公办,0,0
重庆,2025,历史类,本科批,2352,齐齐哈尔医学院,,首选历史，再选不限,504,14156,,,0,黑龙江,公办,0,0
重庆,2025,历史类,本科批,2354,黑龙江外国语学院,,首选历史，再选不限,440,34669,,,0,黑龙江,民办,0,0
重庆,2025,历史类,本科批,3101,复旦大学,,首选历史，再选不限,651,66,,,0,上海,公办,1,1
重庆,2025,历史类,本科批,3102,同济大学,,首选历史，再选不限,630,330,,,0,上海,公办,1,1
重庆,2025,历史类,本科批,3105,上海理工大学,,首选历史，再选不限,531,4750,,,0,上海,公办,0,0
重庆,2025,历史类,本科批,3106,上海海事大学,,首选历史，再选不限,551,3241,,,0,上海,公办,0,0
重庆,2025,历史类,本科批,3106,上海海事大学,,首选历史，再选思想政治,562,5334,,,0,上海,公办,0,0
重庆,2025,历史类,本科批,3107,东华大学,,首选历史，再选不限,593,1881,,,0,上海,公办,0,1
重庆,2025,历史类,本科批,3110,华东师范大学,,首选历史，再选不限,618,330,,,0,上海,公办,1,1
重庆,2025,历史类,本科批,3110,华东师范大学,,首选历史，再选思想政治,620,477,,,0,上海,公办,1,1
重庆,2025,历史类,本科批,3111,上海师范大学,,首选历史，再选不限,542,3349,,,0,上海,公办,0,0
重庆,2025,历史类,本科批,3112,上海外国语大学,,首选历史，再选不限,599,1038,,,0,上海,公办,0,1
重庆,2025,历史类,本科批,3113,上海财经大学,,首选历史，再选不限,619,347,,,0,上海,公办,0,1
重庆,2025,历史类,本科批,3114,上海对外经贸大学,,首选历史，再选不限,562,2943,,,0,上海,公办,0,0
重庆,2025,历史类,本科批,3114,上海对外经贸大学,,首选历史，再选思想政治,562,5334,,,0,上海,公办,0,0
重庆,2025,历史类,本科批,3115,华东政法大学,,首选历史，再选不限,579,707,,,0,上海,公办,0,0
重庆,2025,历史类,本科批,3119,上海大学,,首选历史，再选不限,581,1458,,,0,上海,公办,0,1
重庆,2025,历史类,本科批,3121,上海海关学院,,首选历史，再选不限,580,3140,,,0,上海,公办,0,0
重庆,2025,历史类,本科批,3124,上海建桥学院,,首选历史，再选不限,454,22503,,,0,上海,民办,0,0
重庆,2025,历史类,本科批,3124,上海建桥学院,,首选历史，再选生物,466,26996,,,0,上海,民办,0,0
重庆,2025,历史类,本科批,3125,上海兴伟学院,,首选历史，再选不限,438,31706,,,0,上海,民办,0,0
重庆,2025,历史类,本科批,3132,上海海洋大学,,首选历史，再选不限,563,5175,,,0,上海,公办,0,0
重庆,2025,历史类,本科批,3133,上海商学院,,首选历史，再选不限,543,5334,,,0,上海,公办,0,0
重庆,2025,历史类,本科批,3140,上海政法学院,,首选历史，再选不限,541,3042,,,0,上海,公办,0,0
重庆,2025,历史类,本科批,3141,上海视觉艺术学院,,首选历史，再选不限,468,26437,,,0,上海,民办,0,0
重庆,2025,历史类,本科批,3144,上海杉达学院,,首选历史，再选不限,502,17245,,,0,上海,民办,0,0
重庆,2025,历史类,本科批,3147,上海立信会计金融学院,,首选历史，再选不限,548,3697,,,0,上海,公办,0,0
重庆,2025,历史类,本科批,3156,上海师范大学天华学院,,首选历史，再选不限,451,31412,,,0,上海,民办,0,0
重庆,2025,历史类,本科批,3175,上海中侨职业技术大学,,首选历史，再选不限,445,19001,,,0,上海,民办,0,0
重庆,2025,历史类,本科批,3178,上海外国语大学贤达经济人文学院,,首选历史，再选不限,449,18234,,,0,上海,民办,0,0
重庆,2025,历史类,本科批,3201,南京大学,,首选历史，再选不限,641,117,,,0,江苏,公办,1,1
重庆,2025,历史类,本科批,3202,苏州大学,,首选历史，再选不限,598,1038,,,0,江苏,公办,0,1
重庆,2025,历史类,本科批,3202,苏州大学,,首选历史，再选思想政治、地理(2科必选),608,1141,,,0,江苏,公办,0,1
重庆,2025,历史类,本科批,3203,东南大学,,首选历史，再选不限,610,863,,,0,江苏,公办,1,1
重庆,2025,历史类,本科批,3206,江苏科技大学,,首选历史，再选不限,523,7760,,,8,江苏,公办,0,0
重庆,2025,历史类,本科批,3208,南京工业大学,,首选历史，再选不限,550,6163,,,0,江苏,公办,0,0
重庆,2025,历史类,本科批,3209,常州大学,,首选历史，再选不限,533,7936,,,0,江苏,公办,0,0
重庆,2025,历史类,本科批,3211,河海大学,,首选历史，再选不限,582,1649,,,0,江苏,公办,0,1
重庆,2025,历史类,本科批,3212,金陵科技学院,,首选历史，再选不限,516,9202,,,4,江苏,公办,0,0
重庆,2025,历史类,本科批,3213,江南大学,,首选历史，再选不限,570,2114,,,0,江苏,公办,0,1
重庆,2025,历史类,本科批,3213,江南大学,,首选历史，再选思想政治,585,2681,,,0,江苏,公办,0,1
重庆,2025,历史类,本科批,3215,江苏大学,,首选历史，再选不限,567,3349,,,0,江苏,公办,0,0
重庆,2025,历史类,本科批,3219,中国药科大学,,首选历史，再选不限,579,3140,,,0,江苏,公办,0,1
重庆,2025,历史类,本科批,3221,盐城师范学院,,首选历史，再选不限,502,9922,,,0,江苏,公办,0,0
重庆,2025,历史类,本科批,3222,南京财经大学,,首选历史，再选不限,562,3464,,,0,江苏,公办,0,0
重庆,2025,历史类,本科批,3223,南京艺术学院,,首选历史，再选不限,543,5743,,,0,江苏,公办,0,0
重庆,2025,历史类,本科批,3224,淮阴工学院,,首选历史，再选不限,502,17245,,,0,江苏,公办,0,0
重庆,2025,历史类,本科批,3226,南京审计大学,,首选历史，再选不限,571,1511,,,0,江苏,公办,0,0
重庆,2025,历史类,本科批,3227,江苏海洋大学,,首选历史，再选不限,504,9363,,,0,江苏,公办,0,0
重庆,2025,历史类,本科批,3228,南京工程学院,,首选历史，再选不限,515,13442,,,0,江苏,公办,0,0
重庆,2025,历史类,本科批,3229,苏州科技大学,,首选历史，再选不限,544,5621,,,0,江苏,公办,0,0
重庆,2025,历史类,本科批,3231,南通大学,,首选历史，再选不限,546,6774,,,0,江苏,公办,0,0
重庆,2025,历史类,本科批,3232,徐州工程学院,,首选历史，再选不限,512,8298,,,0,江苏,公办,0,0
重庆,2025,历史类,本科批,3233,南京传媒学院,,首选历史，再选不限,493,19556,,,0,江苏,民办,0,0
重庆,2025,历史类,本科批,3240,南京特殊教育师范学院,,首选历史，再选不限,505,6469,,,0,江苏,公办,0,0
重庆,2025,历史类,本科批,3242,无锡太湖学院,,首选历史，再选不限,472,21390,,,0,江苏,民办,0,0
重庆,2025,历史类,本科批,3244,东南大学成贤学院,,首选历史，再选不限,496,18234,,,0,江苏,民办,0,0
重庆,2025,历史类,本科批,3245,南京工业职业技术大学,,首选历史，再选不限,510,9726,,,0,江苏,公办,0,0
重庆,2025,历史类,本科批,3248,中国矿业大学徐海学院,,首选历史，再选不限,498,17717,,,0,江苏,民办,0,0
重庆,2025,历史类,本科批,3249,南京师范大学,,首选历史，再选不限,591,1346,,,0,江苏,公办,0,1
重庆,2025,历史类,本科批,3251,扬州大学,,首选历史，再选不限,570,2840,,,0,江苏,公办,0,0
重庆,2025,历史类,本科批,3257,无锡学院,,首选历史，再选不限,531,10541,,,0,江苏,公办,0,0
重庆,2025,历史类,本科批,3259,南京审计大学金审学院,,首选历史，再选不限,494,15556,,,0,江苏,民办,0,0
重庆,2025,历史类,本科批,3261,苏州工学院,,首选历史，再选不限,524,10338,,,0,江苏,公办,0,0
重庆,2025,历史类,本科批,3265,江苏理工学院,,首选历史，再选不限,505,12751,,,0,江苏,公办,0,0
重庆,2025,历史类,本科批,3268,南京工业大学浦江学院,,首选历史，再选不限,483,19798,,,0,江苏,民办,0,0
重庆,2025,历史类,本科批,3270,江苏大学京江学院,,首选历史，再选不限,488,18730,,,0,江苏,民办,0,0
重庆,2025,历史类,本科批,3275,西交利物浦大学,,首选历史，再选不限,549,6774,,,0,江苏,中外合作办学,0,0
重庆,2025,历史类,本科批,3282,南京航空航天大学金城学院,,首选历史，再选不限,481,19798,,,0,江苏,民办,0,0
重庆,2025,历史类,本科批,3284,南京晓庄学院,,首选历史，再选不限,511,7760,,,0,江苏,公办,0,0
重庆,2025,历史类,本科批,3297,三江学院,,首选历史，再选不限,463,23598,,,0,江苏,民办,0,0
重庆,2025,历史类,本科批,3301,浙江大学,,首选历史，再选不限,642,156,,,0,浙江,公办,1,1
重庆,2025,历史类,本科批,3302,杭州电子科技大学,,首选历史，再选不限,557,5482,,,0,浙江,公办,0,0
重庆,2025,历史类,本科批,3303,浙江工业大学,,首选历史，再选不限,554,5743,,,0,浙江,公办,0,0
重庆,2025,历史类,本科批,3304,浙江理工大学,,首选历史，再选不限,557,6017,,,0,浙江,公办,0,0
重庆,2025,历史类,本科批,3305,浙江农林大学,,首选历史，再选不限,538,6469,,,0,浙江,公办,0,0
重庆,2025,历史类,本科批,3308,浙江工商大学,,首选历史，再选不限,560,1953,,,0,浙江,公办,0,0
重庆,2025,历史类,本科批,3309,中国美术学院,,首选历史，再选不限,574,3804,,,0,浙江,公办,0,0
重庆,2025,历史类,本科批,3310,中国计量大学,,首选历史，再选不限,574,3697,,,0,浙江,公办,0,0
重庆,2025,历史类,本科批,3311,浙江万里学院,,首选历史，再选不限,501,9726,,,0,浙江,公办,0,0
重庆,2025,历史类,本科批,3312,宁波大学,,首选历史，再选不限,529,2504,,,0,浙江,公办,0,0
重庆,2025,历史类,本科批,3313,浙江传媒学院,,首选历史，再选不限,536,3907,,,0,浙江,公办,0,0
重庆,2025,历史类,本科批,3320,绍兴文理学院,,首选历史，再选不限,498,18234,,,0,浙江,公办,0,0
重庆,2025,历史类,本科批,3320,绍兴文理学院,,首选历史，再选生物,519,13219,,,0,浙江,公办,0,0
重庆,2025,历史类,本科批,3325,浙江师范大学,,首选历史，再选不限,518,2589,,,0,浙江,公办,0,0
重庆,2025,历史类,本科批,3327,宁波诺丁汉大学,,首选历史，再选不限,541,8298,,,0,浙江,中外合作办学,0,0
重庆,2025,历史类,本科批,3327,宁波诺丁汉大学,,首选历史，再选思想政治,561,5482,,,0,浙江,中外合作办学,0,0
重庆,2025,历史类,本科批,3328,温州大学,,首选历史，再选不限,566,4019,,,0,浙江,公办,0,0
重庆,2025,历史类,本科批,3331,丽水学院,,首选历史，再选不限,503,17015,,,0,浙江,公办,0,0
重庆,2025,历史类,本科批,3332,宁波工程学院,,首选历史，再选不限,517,9555,,,0,浙江,公办,0,0
重庆,2025,历史类,本科批,3344,嘉兴南湖学院,,首选历史，再选不限,547,6774,,,0,浙江,公办,0,0
重庆,2025,历史类,本科批,3357,温州肯恩大学,,首选历史，再选不限,514,13219,,,0,浙江,中外合作办学,0,0
重庆,2025,历史类,本科批,3359,浙江工商大学杭州商学院,,首选历史，再选不限,494,16063,,,0,浙江,民办,0,0
重庆,2025,历史类,本科批,3361,浙江财经大学,,首选历史，再选不限,572,3464,,,0,浙江,公办,0,0
重庆,2025,历史类,本科批,3362,温州商学院,,首选历史，再选不限,438,16786,,,0,浙江,民办,0,0
重庆,2025,历史类,本科批,3403,安徽工业大学,,首选历史，再选不限,524,9726,,,0,安徽,公办,0,0
重庆,2025,历史类,本科批,3405,安徽农业大学,,首选历史，再选不限,529,7425,,,0,安徽,公办,0,0
重庆,2025,历史类,本科批,3406,淮北师范大学,,首选历史，再选不限,538,6928,,,0,安徽,公办,0,0
重庆,2025,历史类,本科批,3406,淮北师范大学,,首选历史，再选思想政治,550,6310,,,0,安徽,公办,0,0
重庆,2025,历史类,本科批,3406,淮北师范大学,,首选历史，再选思想政治、地理(2科必选),517,6633,,,0,安徽,公办,0,0
重庆,2025,历史类,本科批,3407,安徽财经大学,,首选历史，再选不限,538,4142,,,0,安徽,公办,0,0
重庆,2025,历史类,本科批,3423,安徽建筑大学,,首选历史，再选不限,514,8116,,,0,安徽,公办,0,0
重庆,2025,历史类,本科批,3435,合肥城市学院,,首选历史，再选不限,450,31706,,,0,安徽,民办,0,0
重庆,2025,历史类,本科批,3440,安徽师范大学,,首选历史，再选不限,517,4503,,,0,安徽,公办,0,0
重庆,2025,历史类,本科批,3446,合肥大学,,首选历史，再选不限,522,8463,,,0,安徽,公办,0,0
重庆,2025,历史类,本科批,3448,安徽大学,,首选历史，再选不限,568,2943,,,0,安徽,公办,0,1
重庆,2025,历史类,本科批,3449,亳州学院,,首选历史，再选不限,504,14858,,,0,安徽,公办,0,0
重庆,2025,历史类,本科批,3452,合肥工业大学（宣城校区）,,首选历史，再选不限,562,5334,,,0,安徽,公办,0,1
重庆,2025,历史类,本科批,3452,合肥工业大学（宣城校区）,,首选历史，再选思想政治,570,4253,,,0,安徽,公办,0,1
重庆,2025,历史类,本科批,3453,阜阳师范大学,,首选历史，再选不限,524,7425,,,0,安徽,公办,0,0
重庆,2025,历史类,本科批,3455,安庆师范大学,,首选历史，再选不限,512,14858,,,0,安徽,公办,0,0
重庆,2025,历史类,本科批,3501,厦门大学,,首选历史，再选不限,585,270,,,0,福建,公办,1,1
重庆,2025,历史类,本科批,3501,厦门大学,,首选历史，再选思想政治,621,593,,,0,福建,公办,1,1
重庆,2025,历史类,本科批,3502,华侨大学,,首选历史，再选不限,530,4019,,,0,福建,公办,0,0
重庆,2025,历史类,本科批,3503,福州大学,,首选历史，再选不限,575,2681,,,0,福建,公办,0,1
重庆,2025,历史类,本科批,3506,福建师范大学,,首选历史，再选不限,540,8824,,,0,福建,公办,0,0
重庆,2025,历史类,本科批,3506,福建师范大学,,首选历史，再选地理,557,5889,,,0,福建,公办,0,0
重庆,2025,历史类,本科批,3508,莆田学院,,首选历史，再选不限,500,11865,,,0,福建,公办,0,0
重庆,2025,历史类,本科批,3509,仰恩大学,,首选历史，再选不限,481,22779,,,0,福建,民办,0,0
重庆,2025,历史类,本科批,3510,集美大学,,首选历史，再选不限,533,4253,,,0,福建,公办,0,0
重庆,2025,历史类,本科批,3511,厦门大学嘉庚学院,,首选历史，再选不限,497,17460,,,0,福建,民办,0,0
重庆,2025,历史类,本科批,3513,集美大学诚毅学院,,首选历史，再选不限,492,10766,,,0,福建,民办,0,0
重庆,2025,历史类,本科批,3514,武夷学院,,首选历史，再选不限,505,15080,,,0,福建,公办,0,0
重庆,2025,历史类,本科批,3529,福建农林大学,,首选历史，再选不限,527,11419,,,0,福建,公办,0,0
重庆,2025,历史类,本科批,3535,厦门理工学院,,首选历史，再选不限,532,9555,,,0,福建,公办,0,0
重庆,2025,历史类,本科批,3538,福建师范大学协和学院,,首选历史，再选不限,493,16786,,,0,福建,民办,0,0
重庆,2025,历史类,本科批,3540,福州外语外贸学院,,首选历史，再选不限,438,26437,,,0,福建,民办,0,0
重庆,2025,历史类,本科批,3542,福州理工学院,,首选历史，再选不限,439,30824,,,0,福建,民办,0,0
重庆,2025,历史类,本科批,3547,福州大学至诚学院,,首选历史，再选不限,493,19001,,,0,福建,民办,0,0
重庆,2025,历史类,本科批,3553,三明学院,,首选历史，再选不限,504,16516,,,0,福建,公办,0,0
重庆,2025,历史类,本科批,3554,福建江夏学院,,首选历史，再选不限,515,10766,,,0,福建,公办,0,0
重庆,2025,历史类,本科批,3562,厦门工学院,,首选历史，再选不限,462,22215,,,0,福建,民办,0,0
重庆,2025,历史类,本科批,3569,福建技术师范学院,,首选历史，再选不限,505,13219,,,0,福建,公办,0,0
重庆,2025,历史类,本科批,3577,龙岩学院,,首选历史，再选不限,502,17245,,,0,福建,公办,0,0
重庆,2025,历史类,本科批,3584,闽江学院,,首选历史，再选不限,519,10123,,,0,福建,公办,0,0
重庆,2025,历史类,本科批,3604,江西理工大学,,首选历史，再选不限,523,7586,,,0,江西,公办,0,0
重庆,2025,历史类,本科批,3605,景德镇陶瓷大学,,首选历史，再选不限,535,6774,,,0,江西,公办,0,0
重庆,2025,历史类,本科批,3606,江西农业大学,,首选历史，再选不限,529,10984,,,0,江西,公办,0,0
重庆,2025,历史类,本科批,3607,江西中医药大学,,首选历史，再选不限,520,3697,,,0,江西,公办,0,0
重庆,2025,历史类,本科批,3607,江西中医药大学,,首选历史，再选生物,544,8116,,,0,江西,公办,0,0
重庆,2025,历史类,本科批,3609,江西师范大学,,首选历史，再选不限,515,4019,,,0,江西,公办,0,0
重庆,2025,历史类,本科批,3609,江西师范大学,,首选历史，再选地理,566,4750,,,0,江西,公办,0,0
重庆,2025,历史类,本科批,3609,江西师范大学,,首选历史，再选思想政治,568,4503,,,0,江西,公办,0,0
重庆,2025,历史类,本科批,3610,上饶师范学院,,首选历史，再选不限,505,12316,,,0,江西,公办,0,0
重庆,2025,历史类,本科批,3610,上饶师范学院,,首选历史，再选思想政治,517,13677,,,0,江西,公办,0,0
重庆,2025,历史类,本科批,3611,赣南师范大学,,首选历史，再选不限,530,6310,,,6,江西,公办,0,0
重庆,2025,历史类,本科批,3612,井冈山大学,,首选历史，再选不限,508,7936,,,0,江西,公办,0,0
重庆,2025,历史类,本科批,3613,江西财经大学,,首选历史，再选不限,554,2192,,,0,江西,公办,0,0
重庆,2025,历史类,本科批,3615,江西科技师范大学,,首选历史，再选不限,474,7760,,,0,江西,公办,0,0
重庆,2025,历史类,本科批,3615,江西科技师范大学,,首选历史，再选思想政治,537,9363,,,0,江西,公办,0,0
重庆,2025,历史类,本科批,3616,江西水利电力大学,,首选历史，再选不限,507,10123,,,0,江西,公办,0,0
重庆,2025,历史类,本科批,3617,南昌大学,,首选历史，再选不限,565,2589,,,0,江西,公办,0,1
重庆,2025,历史类,本科批,3617,南昌大学,,首选历史，再选生物,560,5621,,,0,江西,公办,0,1
重庆,2025,历史类,本科批,3618,宜春学院,,首选历史，再选不限,511,11865,,,0,江西,公办,0,0
重庆,2025,历史类,本科批,3618,宜春学院,,首选历史，再选生物,526,11622,,,0,江西,公办,0,0
重庆,2025,历史类,本科批,3619,九江学院,,首选历史，再选不限,504,15080,,,0,江西,公办,0,0
重庆,2025,历史类,本科批,3621,江西师范大学科学技术学院,,首选历史，再选不限,497,18486,,,0,江西,民办,0,0
重庆,2025,历史类,本科批,3621,江西师范大学科学技术学院,,首选历史，再选地理,499,17973,,,0,江西,民办,0,0
重庆,2025,历史类,本科批,3622,南昌交通学院,,首选历史，再选不限,463,21390,,,0,江西,民办,0,0
重庆,2025,历史类,本科批,3623,赣南科技学院,,首选历史，再选不限,503,16516,,,0,江西,公办,0,0
重庆,2025,历史类,本科批,3626,南昌医学院,,首选历史，再选生物,535,9726,,,0,江西,公办,0,0
重庆,2025,历史类,本科批,3629,景德镇学院,,首选历史，再选不限,514,12519,,,0,江西,公办,0,0
重庆,2025,历史类,本科批,3629,景德镇学院,,首选历史，再选思想政治,516,13908,,,0,江西,公办,0,0
重庆,2025,历史类,本科批,3630,萍乡学院,,首选历史，再选不限,504,16786,,,0,江西,公办,0,0
重庆,2025,历史类,本科批,3632,新余学院,,首选历史，再选不限,506,12519,,,0,江西,公办,0,0
重庆,2025,历史类,本科批,3635,江西科技学院,,首选历史，再选不限,463,25005,,,0,江西,民办,0,0
重庆,2025,历史类,本科批,3636,南昌理工学院,,首选历史，再选不限,472,21940,,,0,江西,民办,0,0
重庆,2025,历史类,本科批,3638,江西应用科技学院,,首选历史，再选不限,444,28475,,,0,江西,民办,0,0
重庆,2025,历史类,本科批,3649,南昌工学院,,首选历史，再选不限,448,23065,,,0,江西,民办,0,0
重庆,2025,历史类,本科批,3650,南昌职业大学,,首选历史，再选不限,444,31993,,,0,江西,民办,0,0
重庆,2025,历史类,本科批,3651,江西服装学院,,首选历史，再选不限,442,33442,,,0,江西,民办,0,0
重庆,2025,历史类,本科批,3657,江西工程学院,,首选历史，再选不限,498,18234,,,0,江西,民办,0,0
重庆,2025,历史类,本科批,3660,江西农业大学南昌商学院,,首选历史，再选不限,495,17460,,,0,江西,民办,0,0
重庆,2025,历史类,本科批,3668,南昌应用技术师范学院,,首选历史，再选不限,467,20863,,,0,江西,民办,0,0
重庆,2025,历史类,本科批,3672,江西警察学院,,首选历史，再选不限,547,7586,,,0,江西,公办,0,0
重庆,2025,历史类,本科批,3674,豫章师范学院,,首选历史，再选不限,488,16288,,,0,江西,公办,0,0
重庆,2025,历史类,本科批,3679,江西财经大学现代经济管理学院,,首选历史，再选不限,498,16063,,,0,江西,独立学院,0,0
重庆,2025,历史类,本科批,3699,南昌师范学院,,首选历史，再选不限,501,16786,,,0,江西,公办,0,0
重庆,2025,历史类,本科批,3699,南昌师范学院,,首选历史，再选地理,524,12075,,,0,江西,公办,0,0
重庆,2025,历史类,本科批,3699,南昌师范学院,,首选历史，再选思想政治,516,13908,,,0,江西,公办,0,0
重庆,2025,历史类,本科批,3701,山东大学,,首选历史，再选不限,608,559,,,0,山东,公办,1,1
重庆,2025,历史类,本科批,3701,山东大学,,首选历史，再选思想政治,605,1300,,,0,山东,公办,1,1
重庆,2025,历史类,本科批,3702,中国海洋大学,,首选历史，再选不限,579,1179,,,0,山东,公办,1,1
重庆,2025,历史类,本科批,3705,青岛科技大学,,首选历史，再选不限,519,13219,,,0,山东,公办,0,0
重庆,2025,历史类,本科批,3706,山东建筑大学,,首选历史，再选不限,519,13219,,,0,山东,公办,0,0
重庆,2025,历史类,本科批,3709,临沂大学,,首选历史，再选不限,545,7936,,,0,山东,公办,0,0
重庆,2025,历史类,本科批,3710,泰山学院,,首选历史，再选不限,503,17015,,,0,山东,公办,0,0
重庆,2025,历史类,本科批,3711,山东财经大学,,首选历史，再选不限,526,3581,,,0,山东,公办,0,0
重庆,2025,历史类,本科批,3713,烟台大学,,首选历史，再选不限,539,6017,,,0,山东,公办,0,0
重庆,2025,历史类,本科批,3714,山东交通学院,,首选历史，再选不限,503,12519,,,0,山东,公办,0,0
重庆,2025,历史类,本科批,3715,山东工商学院,,首选历史，再选不限,503,6633,,,0,山东,公办,0,0
重庆,2025,历史类,本科批,3716,山东第一医科大学,,首选历史，再选不限,523,12316,,,0,山东,公办,0,0
重庆,2025,历史类,本科批,3717,潍坊学院,,首选历史，再选不限,509,14376,,,0,山东,公办,0,0
重庆,2025,历史类,本科批,3718,山东大学（威海）,,首选历史，再选不限,601,1091,,,0,山东,公办,1,1
重庆,2025,历史类,本科批,3728,青岛恒星科技学院,,首选历史，再选不限,442,34085,,,0,山东,民办,0,0
重庆,2025,历史类,本科批,3730,山东现代学院,,首选历史，再选不限,445,26437,,,0,山东,民办,0,0
重庆,2025,历史类,本科批,3731,青岛黄海学院,,首选历史，再选不限,455,25304,,,0,山东,民办,0,0
重庆,2025,历史类,本科批,3732,青岛理工大学,,首选历史，再选不限,526,6017,,,0,山东,公办,0,0
重庆,2025,历史类,本科批,3738,济南大学,,首选历史，再选不限,524,4750,,,0,山东,公办,0,0
重庆,2025,历史类,本科批,3739,山东理工大学,,首选历史，再选不限,526,11622,,,0,山东,公办,0,0
重庆,2025,历史类,本科批,3740,山东师范大学,,首选历史，再选不限,513,3140,,,0,山东,公办,0,0
重庆,2025,历史类,本科批,3740,山东师范大学,,首选历史，再选思想政治,580,3140,,,0,山东,公办,0,0
重庆,2025,历史类,本科批,3742,山东农业大学,,首选历史，再选不限,522,11193,,,0,山东,公办,0,0
重庆,2025,历史类,本科批,3742,山东农业大学,,首选历史，再选地理,540,8824,,,0,山东,公办,0,0
重庆,2025,历史类,本科批,3742,山东农业大学,,首选历史，再选思想政治,531,10541,,,0,山东,公办,0,0
重庆,2025,历史类,本科批,3744,聊城大学,,首选历史，再选不限,541,8640,,,0,山东,公办,0,0
重庆,2025,历史类,本科批,3744,聊城大学,,首选历史，再选地理,509,15556,,,0,山东,公办,0,0
重庆,2025,历史类,本科批,3745,鲁东大学,,首选历史，再选不限,515,12962,,,0,山东,公办,0,0
重庆,2025,历史类,本科批,3746,济宁学院,,首选历史，再选不限,508,15814,,,0,山东,公办,0,0
重庆,2025,历史类,本科批,3748,青岛城市学院,,首选历史，再选不限,444,23065,,,0,山东,民办,0,0
重庆,2025,历史类,本科批,3751,山东财经大学东方学院,,首选历史，再选不限,481,20603,,,0,山东,民办,0,0
重庆,2025,历史类,本科批,3752,齐鲁工业大学,,首选历史，再选不限,508,11865,,,0,山东,公办,0,0
重庆,2025,历史类,本科批,3753,曲阜师范大学,,首选历史，再选不限,544,6928,,,0,山东,公办,0,0
重庆,2025,历史类,本科批,3753,曲阜师范大学,,首选历史，再选思想政治,548,7425,,,0,山东,公办,0,0
重庆,2025,历史类,本科批,3754,山东航空学院,,首选历史，再选不限,515,14156,,,0,山东,公办,0,0
重庆,2025,历史类,本科批,3756,山东石油化工学院,,首选历史，再选不限,505,16516,,,0,山东,公办,0,0
重庆,2025,历史类,本科批,3761,青岛大学,,首选历史，再选不限,542,3907,,,0,山东,公办,0,0
重庆,2025,历史类,本科批,3763,青岛工学院,,首选历史，再选不限,465,24159,,,0,山东,民办,0,0
重庆,2025,历史类,本科批,3766,齐鲁理工学院,,首选历史，再选不限,452,31130,,,0,山东,民办,0,0
重庆,2025,历史类,本科批,3769,山东艺术学院,,首选历史，再选不限,502,17245,,,0,山东,公办,0,0
重庆,2025,历史类,本科批,3772,山东英才学院,,首选历史，再选不限,442,34085,,,0,山东,民办,0,0
重庆,2025,历史类,本科批,3772,山东英才学院,,首选历史，再选生物,467,26729,,,0,山东,民办,0,0
重庆,2025,历史类,本科批,3780,山东协和学院,,首选历史，再选不限,474,21660,,,0,山东,民办,0,0
重庆,2025,历史类,本科批,3780,山东协和学院,,首选历史，再选生物,483,22215,,,0,山东,民办,0,0
重庆,2025,历史类,本科批,3786,潍坊科技学院,,首选历史，再选不限,471,21111,,,0,山东,民办,0,0
重庆,2025,历史类,本科批,4102,郑州大学,,首选历史，再选不限,583,2114,,,0,河南,公办,0,1
重庆,2025,历史类,本科批,4102,郑州大学,,首选历史，再选思想政治,576,3581,,,0,河南,公办,0,1
重庆,2025,历史类,本科批,4103,河南理工大学,,首选历史，再选不限,528,6774,,,0,河南,公办,0,0
重庆,2025,历史类,本科批,4104,郑州轻工业大学,,首选历史，再选不限,513,8298,,,0,河南,公办,0,0
重庆,2025,历史类,本科批,4105,河南工业大学,,首选历史，再选不限,528,5482,,,0,河南,公办,0,0
重庆,2025,历史类,本科批,4106,河南科技大学,,首选历史，再选不限,532,8116,,,0,河南,公办,0,0
重庆,2025,历史类,本科批,4108,河南农业大学,,首选历史，再选不限,520,10766,,,0,河南,公办,0,0
重庆,2025,历史类,本科批,4109,河南中医药大学,,首选历史，再选不限,514,3349,,,0,河南,公办,0,0
重庆,2025,历史类,本科批,4111,许昌学院,,首选历史，再选不限,501,17460,,,0,河南,公办,0,0
重庆,2025,历史类,本科批,4112,南阳师范学院,,首选历史，再选不限,501,14156,,,0,河南,公办,0,0
重庆,2025,历史类,本科批,4113,商丘师范学院,,首选历史，再选不限,504,11419,,,0,河南,公办,0,0
重庆,2025,历史类,本科批,4114,郑州航空工业管理学院,,首选历史，再选不限,507,14604,,,0,河南,公办,0,0
重庆,2025,历史类,本科批,4115,安阳工学院,,首选历史，再选不限,506,16288,,,0,河南,公办,0,0
重庆,2025,历史类,本科批,4116,南阳理工学院,,首选历史，再选不限,504,14858,,,0,河南,公办,0,0
重庆,2025,历史类,本科批,4117,河南城建学院,,首选历史，再选不限,499,17973,,,0,河南,公办,0,0
重庆,2025,历史类,本科批,4119,郑州工商学院,,首选历史，再选不限,497,17015,,,0,河南,民办,0,0
重庆,2025,历史类,本科批,4125,郑州工程技术学院,,首选历史，再选不限,499,16516,,,0,河南,公办,0,0
重庆,2025,历史类,本科批,4127,洛阳理工学院,,首选历史，再选不限,508,10984,,,0,河南,公办,0,0
重庆,2025,历史类,本科批,4129,信阳农林学院,,首选历史，再选不限,501,17245,,,0,河南,公办,0,0
重庆,2025,历史类,本科批,4130,河南工学院,,首选历史，再选不限,503,17015,,,0,河南,公办,0,0
重庆,2025,历史类,本科批,4142,洛阳师范学院,,首选历史，再选不限,512,14858,,,0,河南,公办,0,0
重庆,2025,历史类,本科批,4142,洛阳师范学院,,首选历史，再选思想政治,514,13908,,,0,河南,公办,0,0
重庆,2025,历史类,本科批,4143,郑州财经学院,,首选历史，再选不限,495,17717,,,0,河南,民办,0,0
重庆,2025,历史类,本科批,4146,平顶山学院,,首选历史，再选不限,502,17015,,,0,河南,公办,0,0
重庆,2025,历史类,本科批,4147,安阳师范学院,,首选历史，再选不限,509,10123,,,0,河南,公办,0,0
重庆,2025,历史类,本科批,4147,安阳师范学院,,首选历史，再选思想政治,517,13677,,,0,河南,公办,0,0
重庆,2025,历史类,本科批,4149,河南大学,,首选历史，再选不限,550,3042,,,0,河南,公办,0,0
重庆,2025,历史类,本科批,4152,郑州工业应用技术学院,,首选历史，再选不限,458,29374,,,0,河南,民办,0,0
重庆,2025,历史类,本科批,4158,黄淮学院,,首选历史，再选不限,500,17015,,,0,河南,公办,0,0
重庆,2025,历史类,本科批,4159,郑州师范学院,,首选历史，再选不限,510,15318,,,0,河南,公办,0,0
重庆,2025,历史类,本科批,4164,河南财经政法大学,,首选历史，再选不限,532,4019,,,0,河南,公办,0,0
重庆,2025,历史类,本科批,4165,河南财政金融学院,,首选历史，再选不限,504,10123,,,0,河南,公办,0,0
重庆,2025,历史类,本科批,4167,河南工程学院,,首选历史，再选不限,504,11193,,,0,河南,公办,0,0
重庆,2025,历史类,本科批,4168,河南科技学院,,首选历史，再选不限,500,11622,,,0,河南,公办,0,0
重庆,2025,历史类,本科批,4173,河南师范大学,,首选历史，再选不限,536,7083,,,0,河南,公办,0,0
重庆,2025,历史类,本科批,4173,河南师范大学,,首选历史，再选思想政治,538,9202,,,0,河南,公办,0,0
重庆,2025,历史类,本科批,4174,郑州商学院,,首选历史，再选不限,494,18234,,,0,河南,民办,0,0
重庆,2025,历史类,本科批,4201,武汉大学,,首选历史，再选不限,630,137,,,0,湖北,公办,1,1
重庆,2025,历史类,本科批,4201,武汉大学,,首选历史，再选思想政治,636,238,,,0,湖北,公办,1,1
重庆,2025,历史类,本科批,4202,武汉工程大学,,首选历史，再选不限,549,5044,,,0,湖北,公办,0,0
重庆,2025,历史类,本科批,4203,中国地质大学（武汉）,,首选历史，再选不限,578,3140,,,0,湖北,公办,0,1
重庆,2025,历史类,本科批,4205,武汉轻工大学,,首选历史，再选不限,545,7936,,,0,湖北,公办,0,0
重庆,2025,历史类,本科批,4207,华中农业大学,,首选历史，再选不限,576,2943,,,0,湖北,公办,0,1
重庆,2025,历史类,本科批,4208,华中师范大学,,首选历史，再选不限,587,939,,,0,湖北,公办,0,1
重庆,2025,历史类,本科批,4208,华中师范大学,,首选历史，再选思想政治,604,1346,,,0,湖北,公办,0,1
重庆,2025,历史类,本科批,4209,湖北师范大学,,首选历史，再选不限,556,5482,,,0,湖北,公办,0,0
重庆,2025,历史类,本科批,4209,湖北师范大学,,首选历史，再选地理,558,5889,,,0,湖北,公办,0,0
重庆,2025,历史类,本科批,4210,湖北大学,,首选历史，再选不限,577,3464,,,0,湖北,公办,0,0
重庆,2025,历史类,本科批,4210,湖北大学,,首选历史，再选地理,565,4904,,,0,湖北,公办,0,0
重庆,2025,历史类,本科批,4211,湖北民族大学,,首选历史，再选不限,516,9202,,,0,湖北,公办,0,0
重庆,2025,历史类,本科批,4212,湖北文理学院,,首选历史，再选不限,499,9726,,,0,湖北,公办,0,0
重庆,2025,历史类,本科批,4213,武汉体育学院,,首选历史，再选不限,506,13219,,,0,湖北,公办,0,0
重庆,2025,历史类,本科批,4215,中南民族大学,,首选历史，再选不限,538,3697,,,0,湖北,公办,0,0
重庆,2025,历史类,本科批,4215,中南民族大学,,首选历史，再选思想政治,570,4253,,,0,湖北,公办,0,0
重庆,2025,历史类,本科批,4216,湖北汽车工业学院,,首选历史，再选不限,504,16786,,,0,湖北,公办,0,0
重庆,2025,历史类,本科批,4218,湖北理工学院,,首选历史，再选不限,510,13908,,,0,湖北,公办,0,0
重庆,2025,历史类,本科批,4220,湖北中医药大学,,首选历史，再选不限,557,2114,,,0,湖北,公办,0,0
重庆,2025,历史类,本科批,4221,武汉科技大学,,首选历史，再选不限,555,5482,,,0,湖北,公办,0,0
重庆,2025,历史类,本科批,4222,三峡大学,,首选历史，再选不限,527,8640,,,0,湖北,公办,0,0
重庆,2025,历史类,本科批,4223,中南财经政法大学,,首选历史，再选不限,553,634,,,0,湖北,公办,0,1
重庆,2025,历史类,本科批,4224,华中科技大学,,首选历史，再选不限,603,559,,,0,湖北,公办,1,1
重庆,2025,历史类,本科批,4225,武汉理工大学,,首选历史，再选不限,577,2943,,,0,湖北,公办,0,1
重庆,2025,历史类,本科批,4227,武昌理工学院,,首选历史，再选不限,469,26141,,,0,湖北,民办,0,0
重庆,2025,历史类,本科批,4229,长江大学,,首选历史，再选不限,522,5044,,,0,湖北,公办,0,0
重庆,2025,历史类,本科批,4229,长江大学,,首选历史，再选思想政治,555,6310,,,0,湖北,公办,0,0
重庆,2025,历史类,本科批,4231,湖北商贸学院,,首选历史，再选不限,468,21660,,,0,湖北,民办,0,0
重庆,2025,历史类,本科批,4235,武汉纺织大学外经贸学院,,首选历史，再选不限,476,20603,,,0,湖北,民办,0,0
重庆,2025,历史类,本科批,4236,武汉工商学院,,首选历史，再选不限,487,18486,,,0,湖北,民办,0,0
重庆,2025,历史类,本科批,4250,武汉生物工程学院,,首选历史，再选不限,475,19556,,,0,湖北,民办,0,0
重庆,2025,历史类,本科批,4266,江汉大学,,首选历史，再选不限,527,8640,,,0,湖北,公办,0,0
重庆,2025,历史类,本科批,4270,湖北第二师范学院,,首选历史，再选不限,521,8824,,,0,湖北,公办,0,0
重庆,2025,历史类,本科批,4270,湖北第二师范学院,,首选历史，再选思想政治,523,12316,,,0,湖北,公办,0,0
重庆,2025,历史类,本科批,4275,武汉华夏理工学院,,首选历史，再选不限,474,22215,,,0,湖北,民办,0,0
重庆,2025,历史类,本科批,4279,武汉城市学院,,首选历史，再选不限,473,18486,,,0,湖北,民办,0,0
重庆,2025,历史类,本科批,4281,湖北工业大学工程技术学院,,首选历史，再选不限,478,20863,,,0,湖北,民办,0,0
重庆,2025,历史类,本科批,4284,湖北经济学院,,首选历史，再选不限,509,7586,,,0,湖北,公办,0,0
重庆,2025,历史类,本科批,4286,三峡大学科技学院,,首选历史，再选不限,506,16288,,,0,湖北,民办,0,0
重庆,2025,历史类,本科批,4294,湖北大学知行学院,,首选历史，再选不限,487,15080,,,0,湖北,民办,0,0
重庆,2025,历史类,本科批,4295,武汉商学院,,首选历史，再选不限,514,10541,,,0,湖北,公办,0,0
重庆,2025,历史类,本科批,4301,湘潭大学,,首选历史，再选不限,558,2943,,,0,湖南,公办,0,0
重庆,2025,历史类,本科批,4302,吉首大学,,首选历史，再选不限,513,14604,,,0,湖南,公办,0,0
重庆,2025,历史类,本科批,4302,吉首大学,,首选历史，再选地理,534,9922,,,0,湖南,公办,0,0
重庆,2025,历史类,本科批,4302,吉首大学,,首选历史，再选思想政治,534,8116,,,0,湖南,公办,0,0
重庆,2025,历史类,本科批,4303,湖南大学,,首选历史，再选不限,589,559,,,0,湖南,公办,1,1
重庆,2025,历史类,本科批,4304,湖南农业大学,,首选历史，再选不限,504,5621,,,0,湖南,公办,0,0
重庆,2025,历史类,本科批,4305,中南林业科技大学,,首选历史，再选不限,516,6633,,,0,湖南,公办,0,0
重庆,2025,历史类,本科批,4306,湖南中医药大学,,首选历史，再选不限,519,2422,,,0,湖南,公办,0,0
重庆,2025,历史类,本科批,4307,湖南理工学院,,首选历史，再选不限,515,10984,,,0,湖南,公办,0,0
重庆,2025,历史类,本科批,4308,衡阳师范学院,,首选历史，再选不限,507,11193,,,0,湖南,公办,0,0
重庆,2025,历史类,本科批,4308,衡阳师范学院,,首选历史，再选地理,542,8463,,,0,湖南,公办,0,0
重庆,2025,历史类,本科批,4308,衡阳师范学院,,首选历史，再选思想政治,544,8116,,,0,湖南,公办,0,0
重庆,2025,历史类,本科批,4309,怀化学院,,首选历史，再选不限,509,14156,,,0,湖南,公办,0,0
重庆,2025,历史类,本科批,4310,湖南文理学院,,首选历史，再选不限,505,12751,,,0,湖南,公办,0,0
重庆,2025,历史类,本科批,4310,湖南文理学院,,首选历史，再选思想政治,531,10541,,,0,湖南,公办,0,0
重庆,2025,历史类,本科批,4311,湖南科技学院,,首选历史，再选不限,505,13677,,,0,湖南,公办,0,0
重庆,2025,历史类,本科批,4312,湖南工商大学,,首选历史，再选不限,535,5621,,,0,湖南,公办,0,0
重庆,2025,历史类,本科批,4313,湖南工业大学,,首选历史，再选不限,513,11419,,,0,湖南,公办,0,0
重庆,2025,历史类,本科批,4314,南华大学,,首选历史，再选不限,547,5044,,,0,湖南,公办,0,0
重庆,2025,历史类,本科批,4315,中南大学,,首选历史，再选不限,601,749,,,0,湖南,公办,1,1
重庆,2025,历史类,本科批,4316,湖南工程学院,,首选历史，再选不限,509,15318,,,0,湖南,公办,0,0
重庆,2025,历史类,本科批,4317,邵阳学院,,首选历史，再选不限,508,13442,,,0,湖南,公办,0,0
重庆,2025,历史类,本科批,4318,湖南城市学院,,首选历史，再选不限,505,14858,,,0,湖南,公办,0,0
重庆,2025,历史类,本科批,4320,长沙理工大学,,首选历史，再选不限,547,3581,,,0,湖南,公办,0,0
重庆,2025,历史类,本科批,4321,湖南科技大学,,首选历史，再选不限,539,4142,,,0,湖南,公办,0,0
重庆,2025,历史类,本科批,4321,湖南科技大学,,首选历史，再选思想政治,555,6310,,,0,湖南,公办,0,0
重庆,2025,历史类,本科批,4322,湘南学院,,首选历史，再选不限,517,6633,,,0,湖南,公办,0,0
重庆,2025,历史类,本科批,4322,湘南学院,,首选历史，再选思想政治,524,12075,,,0,湖南,公办,0,0
重庆,2025,历史类,本科批,4327,湖南财政经济学院,,首选历史，再选不限,511,8298,,,0,湖南,公办,0,0
重庆,2025,历史类,本科批,4334,湖南涉外经济学院,,首选历史，再选不限,441,22779,,,0,湖南,民办,0,0
重庆,2025,历史类,本科批,4349,湖南女子学院,,首选历史，再选不限,504,16063,,,0,湖南,公办,0,0
重庆,2025,历史类,本科批,4356,湖南应用技术学院,,首选历史，再选不限,468,18730,,,0,湖南,民办,0,0
重庆,2025,历史类,本科批,4357,衡阳师范学院南岳学院,,首选历史，再选不限,498,16786,,,0,湖南,民办,0,0
重庆,2025,历史类,本科批,4361,中南林业科技大学涉外学院,,首选历史，再选不限,494,17973,,,0,湖南,民办,0,0
重庆,2025,历史类,本科批,4362,常德学院,,首选历史，再选不限,477,23897,,,0,湖南,民办,0,0
重庆,2025,历史类,本科批,4367,湖南师范大学,,首选历史，再选不限,564,1881,,,0,湖南,公办,0,1
重庆,2025,历史类,本科批,4367,湖南师范大学,,首选历史，再选地理,581,3042,,,0,湖南,公办,0,1
重庆,2025,历史类,本科批,4367,湖南师范大学,,首选历史，再选思想政治,581,2422,,,0,湖南,公办,0,1
重庆,2025,历史类,本科批,4376,湖南科技大学潇湘学院,,首选历史，再选不限,504,15556,,,0,湖南,民办,0,0
重庆,2025,历史类,本科批,4386,长沙学院,,首选历史，再选不限,514,8824,,,0,湖南,公办,0,0
重庆,2025,历史类,本科批,4392,长沙师范学院,,首选历史，再选不限,518,13442,,,0,湖南,公办,0,0
重庆,2025,历史类,本科批,4401,中山大学,,首选历史，再选不限,620,311,,,0,广东,公办,1,1
重庆,2025,历史类,本科批,4401,中山大学,,首选历史，再选思想政治,626,447,,,0,广东,公办,1,1
重庆,2025,历史类,本科批,4402,暨南大学,,首选历史，再选不限,573,1346,,,0,广东,公办,0,1
重庆,2025,历史类,本科批,4402,暨南大学,,首选历史，再选思想政治,595,1881,,,0,广东,公办,0,1
重庆,2025,历史类,本科批,4403,华南理工大学,,首选历史，再选不限,608,749,,,0,广东,公办,1,1
重庆,2025,历史类,本科批,4405,广东海洋大学,,首选历史，再选不限,525,4503,,,0,广东,公办,0,0
重庆,2025,历史类,本科批,4405,广东海洋大学,,首选历史，再选思想政治,542,8463,,,0,广东,公办,0,0
重庆,2025,历史类,本科批,4406,广州中医药大学,,首选历史，再选不限,570,3907,,,0,广东,公办,0,0
重庆,2025,历史类,本科批,4406,广州中医药大学,,首选历史，再选生物,578,3042,,,0,广东,公办,0,0
重庆,2025,历史类,本科批,4407,广州大学,,首选历史，再选不限,523,3241,,,0,广东,公办,0,0
重庆,2025,历史类,本科批,4409,五邑大学,,首选历史，再选不限,555,6310,,,0,广东,公办,0,0
重庆,2025,历史类,本科批,4410,广东金融学院,,首选历史，再选不限,534,6469,,,0,广东,公办,0,0
重庆,2025,历史类,本科批,4412,东莞理工学院,,首选历史，再选不限,519,11622,,,0,广东,公办,0,0
重庆,2025,历史类,本科批,4413,广东外语外贸大学,,首选历史，再选不限,552,3241,,,0,广东,公办,0,0
重庆,2025,历史类,本科批,4413,广东外语外贸大学,,首选历史，再选思想政治,559,5743,,,0,广东,公办,0,0
重庆,2025,历史类,本科批,4414,广东工业大学,,首选历史，再选不限,550,4019,,,0,广东,公办,0,0
重庆,2025,历史类,本科批,4418,广东培正学院,,首选历史，再选不限,442,29956,,,0,广东,民办,0,0
重庆,2025,历史类,本科批,4431,深圳大学,,首选历史，再选不限,583,1881,,,0,广东,公办,0,0
重庆,2025,历史类,本科批,4433,惠州学院,,首选历史，再选不限,506,16288,,,0,广东,公办,0,0
重庆,2025,历史类,本科批,4435,韶关学院,,首选历史，再选不限,506,16288,,,0,广东,公办,0,0
重庆,2025,历史类,本科批,4436,珠海科技学院,,首选历史，再选不限,484,17973,,,0,广东,民办,0,0
重庆,2025,历史类,本科批,4439,广东轻工职业技术大学,,首选历史，再选不限,509,15556,,,0,广东,公办,0,0
重庆,2025,历史类,本科批,4440,南方医科大学,,首选历史，再选不限,549,1407,,,0,广东,公办,0,0
重庆,2025,历史类,本科批,4443,广州商学院,,首选历史，再选不限,457,20863,,,0,广东,民办,0,0
重庆,2025,历史类,本科批,4447,华南师范大学,,首选历史，再选不限,572,2031,,,0,广东,公办,0,1
重庆,2025,历史类,本科批,4456,嘉应学院,,首选历史，再选不限,505,15814,,,0,广东,公办,0,0
重庆,2025,历史类,本科批,4461,广州城市理工学院,,首选历史，再选不限,447,21111,,,0,广东,民办,0,0
重庆,2025,历史类,本科批,4462,广州南方学院,,首选历史，再选不限,462,21940,,,0,广东,民办,0,0
重庆,2025,历史类,本科批,4464,广州华立学院,,首选历史，再选不限,441,27885,,,0,广东,民办,0,0
重庆,2025,历史类,本科批,4468,北师香港浸会大学,,首选历史，再选不限,538,8463,,,0,广东,内地与港澳台地区合作办学,0,0
重庆,2025,历史类,本科批,4469,广东财经大学,,首选历史，再选不限,542,3464,,,0,广东,公办,0,0
重庆,2025,历史类,本科批,4470,广州软件学院,,首选历史，再选不限,456,25591,,,0,广东,民办,0,0
重庆,2025,历史类,本科批,4471,广东外语外贸大学南国商学院,,首选历史，再选不限,465,23343,,,0,广东,民办,0,0
重庆,2025,历史类,本科批,4472,华南农业大学珠江学院,,首选历史，再选不限,441,34085,,,0,广东,民办,0,0
重庆,2025,历史类,本科批,4474,肇庆学院,,首选历史，再选不限,514,12519,,,0,广东,公办,0,0
重庆,2025,历史类,本科批,4475,广东技术师范大学,,首选历史，再选不限,528,11193,,,0,广东,公办,0,0
重庆,2025,历史类,本科批,4479,湛江科技学院,,首选历史，再选不限,443,32868,,,0,广东,民办,0,0
重庆,2025,历史类,本科批,4485,广州新华学院,,首选历史，再选不限,451,20603,,,0,广东,民办,0,0
重庆,2025,历史类,本科批,4487,岭南师范学院,,首选历史，再选不限,511,9023,,,0,广东,公办,0,0
重庆,2025,历史类,本科批,4489,哈尔滨工业大学（深圳）,,首选历史，再选不限,606,447,,,0,广东,公办,1,1
重庆,2025,历史类,本科批,4490,佛山大学,,首选历史，再选不限,518,13442,,,0,广东,公办,0,0
重庆,2025,历史类,本科批,4492,广东工商职业技术大学,,首选历史，再选不限,442,31412,,,0,广东,民办,0,0
重庆,2025,历史类,本科批,4497,汕头大学,,首选历史，再选不限,550,3581,,,0,广东,公办,0,0
重庆,2025,历史类,本科批,4502,桂林电子科技大学,,首选历史，再选不限,516,7586,,,0,广西,公办,0,0
重庆,2025,历史类,本科批,4503,桂林理工大学,,首选历史，再选不限,510,12075,,,0,广西,公办,0,0
重庆,2025,历史类,本科批,4504,广西师范大学,,首选历史，再选不限,507,3804,,,0,广西,公办,0,0
重庆,2025,历史类,本科批,4504,广西师范大学,,首选历史，再选思想政治,558,5889,,,0,广西,公办,0,0
重庆,2025,历史类,本科批,4505,河池学院,,首选历史，再选不限,505,14376,,,11,广西,公办,0,0
重庆,2025,历史类,本科批,4510,广西财经学院,,首选历史，再选不限,510,10766,,,0,广西,公办,0,0
重庆,2025,历史类,本科批,4511,广西科技师范学院,,首选历史，再选不限,503,13442,,,0,广西,公办,0,0
重庆,2025,历史类,本科批,4511,广西科技师范学院,,首选历史，再选思想政治,514,14376,,,0,广西,公办,0,0
重庆,2025,历史类,本科批,4512,桂林航天工业学院,,首选历史，再选不限,505,16063,,,0,广西,公办,0,0
重庆,2025,历史类,本科批,4513,桂林旅游学院,,首选历史，再选不限,503,15814,,,0,广西,公办,0,0
重庆,2025,历史类,本科批,4514,南宁学院,,首选历史，再选不限,466,25304,,,0,广西,民办,0,0
重庆,2025,历史类,本科批,4517,南宁职业技术大学,,首选历史，再选不限,500,17717,,,0,广西,公办,0,0
重庆,2025,历史类,本科批,4525,贺州学院,,首选历史，再选不限,503,16516,,,0,广西,公办,0,0
重庆,2025,历史类,本科批,4525,贺州学院,,首选历史，再选思想政治,514,14376,,,0,广西,公办,0,0
重庆,2025,历史类,本科批,4527,广西大学,,首选历史，再选不限,577,3464,,,0,广西,公办,0,1
重庆,2025,历史类,本科批,4531,梧州学院,,首选历史，再选不限,503,12316,,,0,广西,公办,0,0
重庆,2025,历史类,本科批,4538,广西中医药大学,,首选历史，再选不限,572,1703,,,0,广西,公办,0,0
重庆,2025,历史类,本科批,4539,南宁师范大学,,首选历史，再选不限,524,6928,,,0,广西,公办,0,0
重庆,2025,历史类,本科批,4542,广西外国语学院,,首选历史，再选不限,443,25591,,,0,广西,民办,0,0
重庆,2025,历史类,本科批,4543,广西民族大学,,首选历史，再选不限,501,6310,,,0,广西,公办,0,0
重庆,2025,历史类,本科批,4543,广西民族大学,,首选历史，再选思想政治,529,10984,,,0,广西,公办,0,0
重庆,2025,历史类,本科批,4544,北部湾大学,,首选历史，再选不限,509,11419,,,0,广西,公办,0,0
重庆,2025,历史类,本科批,4547,南宁理工学院,,首选历史，再选不限,443,26729,,,0,广西,民办,0,0
重庆,2025,历史类,本科批,4550,桂林信息科技学院,,首选历史，再选不限,443,32868,,,0,广西,民办,0,0
重庆,2025,历史类,本科批,4552,百色学院,,首选历史，再选不限,503,14376,,,0,广西,公办,0,0
重庆,2025,历史类,本科批,4552,百色学院,,首选历史，再选思想政治,513,14604,,,0,广西,公办,0,0
重庆,2025,历史类,本科批,4556,南宁师范大学师园学院,,首选历史，再选不限,497,18234,,,0,广西,民办,0,0
重庆,2025,历史类,本科批,4566,右江民族医学院,,首选历史，再选生物,526,11622,,,0,广西,公办,0,0
重庆,2025,历史类,本科批,4602,海南大学,,首选历史，再选不限,513,2756,,,0,海南,公办,0,1
重庆,2025,历史类,本科批,4602,海南大学,,首选历史，再选地理,541,8640,,,0,海南,公办,0,1
重庆,2025,历史类,本科批,4602,海南大学,,首选历史，再选思想政治,574,3140,,,0,海南,公办,0,1
重庆,2025,历史类,本科批,4603,海南热带海洋学院,,首选历史，再选不限,497,13677,,,0,海南,公办,0,0
重庆,2025,历史类,本科批,4603,海南热带海洋学院,,首选历史，再选思想政治,509,15556,,,0,海南,公办,0,0
重庆,2025,历史类,本科批,4604,海南师范大学,,首选历史，再选不限,491,5334,,,0,海南,公办,0,0
重庆,2025,历史类,本科批,4604,海南师范大学,,首选历史，再选思想政治,541,6310,,,0,海南,公办,0,0
重庆,2025,历史类,本科批,4606,海口经济学院,,首选历史，再选不限,438,34085,,,0,海南,民办,0,0
重庆,2025,历史类,本科批,4612,琼台师范学院,,首选历史，再选不限,472,13219,,,0,海南,公办,0,0
重庆,2025,历史类,本科批,4612,琼台师范学院,,首选历史，再选思想政治,516,13908,,,0,海南,公办,0,0
重庆,2025,历史类,本科批,4615,三亚学院,,首选历史，再选不限,438,23065,,,0,海南,民办,0,0
重庆,2025,历史类,本科批,4620,海南科技职业大学,,首选历史，再选不限,441,23343,,,0,海南,民办,0,0
重庆,2025,历史类,本科批,5001,重庆大学,,首选历史，再选不限,560,1038,,,0,重庆,公办,1,1
重庆,2025,历史类,本科批,5001,重庆大学,,首选历史，再选思想政治,603,1407,,,0,重庆,公办,1,1
重庆,2025,历史类,本科批,5002,重庆邮电大学,,首选历史，再选不限,510,3907,,,0,重庆,公办,0,0
重庆,2025,历史类,本科批,5003,重庆交通大学,,首选历史，再选不限,523,5889,,,0,重庆,公办,0,0
重庆,2025,历史类,本科批,5005,重庆医科大学,,首选历史，再选不限,532,8298,,,0,重庆,公办,0,0
重庆,2025,历史类,本科批,5005,重庆医科大学,,首选历史，再选化学,450,31706,,,0,重庆,公办,0,0
重庆,2025,历史类,本科批,5006,西南大学,,首选历史，再选不限,569,1953,,,0,重庆,公办,0,1
重庆,2025,历史类,本科批,5006,西南大学,,首选历史，再选地理,593,2031,,,0,重庆,公办,0,1
重庆,2025,历史类,本科批,5006,西南大学,,首选历史，再选思想政治,587,2031,,,0,重庆,公办,0,1
重庆,2025,历史类,本科批,5007,重庆师范大学,,首选历史，再选不限,508,3349,,,0,重庆,公办,0,0
重庆,2025,历史类,本科批,5007,重庆师范大学,,首选历史，再选地理,554,5889,,,0,重庆,公办,0,0
重庆,2025,历史类,本科批,5007,重庆师范大学,,首选历史，再选思想政治,556,6163,,,0,重庆,公办,0,0
重庆,2025,历史类,本科批,5008,重庆文理学院,,首选历史，再选不限,502,9726,,,0,重庆,公办,0,0
重庆,2025,历史类,本科批,5008,重庆文理学院,,首选历史，再选生物,504,16786,,,0,重庆,公办,0,0
重庆,2025,历史类,本科批,5009,重庆三峡学院,,首选历史，再选不限,505,9023,,,0,重庆,公办,0,0
重庆,2025,历史类,本科批,5009,重庆三峡学院,,首选历史，再选思想政治,522,12519,,,0,重庆,公办,0,0
重庆,2025,历史类,本科批,5010,长江师范学院,,首选历史，再选不限,504,11419,,,0,重庆,公办,0,0
重庆,2025,历史类,本科批,5010,长江师范学院,,首选历史，再选思想政治,516,12316,,,0,重庆,公办,0,0
重庆,2025,历史类,本科批,5010,长江师范学院,,首选历史，再选生物,504,16786,,,0,重庆,公办,0,0
重庆,2025,历史类,本科批,5011,四川外国语大学,,首选历史，再选不限,499,4375,,,0,重庆,公办,0,0
重庆,2025,历史类,本科批,5011,四川外国语大学,,首选历史，再选思想政治,537,5334,,,0,重庆,公办,0,0
重庆,2025,历史类,本科批,5012,西南政法大学,,首选历史，再选不限,556,830,,,0,重庆,公办,0,0
重庆,2025,历史类,本科批,5012,西南政法大学,,首选历史，再选思想政治,570,3349,,,0,重庆,公办,0,0
重庆,2025,历史类,本科批,5013,四川美术学院,,首选历史，再选不限,506,13908,,,0,重庆,公办,0,0
重庆,2025,历史类,本科批,5015,重庆理工大学,,首选历史，再选不限,518,5334,,,0,重庆,公办,0,0
重庆,2025,历史类,本科批,5016,重庆工商大学,,首选历史，再选不限,488,6310,,,0,重庆,公办,0,0
重庆,2025,历史类,本科批,5016,重庆工商大学,,首选历史，再选生物,516,13219,,,0,重庆,公办,0,0
重庆,2025,历史类,本科批,5017,重庆中医药学院,,首选历史，再选不限,538,4750,,,0,重庆,公办,0,0
重庆,2025,历史类,本科批,5019,重庆人文科技学院,,首选历史，再选不限,448,17717,,,0,重庆,民办,0,0
重庆,2025,历史类,本科批,5019,重庆人文科技学院,,首选历史，再选思想政治,488,20863,,,0,重庆,民办,0,0
重庆,2025,历史类,本科批,5019,重庆人文科技学院,,首选历史，再选生物,442,34085,,,0,重庆,民办,0,0
重庆,2025,历史类,本科批,5020,重庆外语外事学院,,首选历史，再选不限,443,23065,,,0,重庆,民办,0,0
重庆,2025,历史类,本科批,5021,重庆对外经贸学院,,首选历史，再选不限,449,20863,,,0,重庆,民办,0,0
重庆,2025,历史类,本科批,5021,重庆对外经贸学院,,首选历史，再选地理,482,22503,,,0,重庆,民办,0,0
重庆,2025,历史类,本科批,5022,重庆财经学院,,首选历史，再选不限,465,17717,,,0,重庆,民办,0,0
重庆,2025,历史类,本科批,5023,重庆工商大学派斯学院,,首选历史，再选不限,449,23897,,,0,重庆,民办,0,0
重庆,2025,历史类,本科批,5026,重庆移通学院,,首选历史，再选不限,446,28475,,,0,重庆,民办,0,0
重庆,2025,历史类,本科批,5027,重庆科技大学,,首选历史，再选不限,511,9023,,,0,重庆,公办,0,0
重庆,2025,历史类,本科批,5029,重庆第二师范学院,,首选历史，再选不限,506,10123,,,0,重庆,公办,0,0
重庆,2025,历史类,本科批,5029,重庆第二师范学院,,首选历史，再选思想政治,530,10766,,,0,重庆,公办,0,0
重庆,2025,历史类,本科批,5045,重庆工程学院,,首选历史，再选不限,445,28475,,,0,重庆,民办,0,0
重庆,2025,历史类,本科批,5050,重庆机电职业技术大学,,首选历史，再选不限,446,29374,,,0,重庆,民办,0,0
重庆,2025,历史类,本科批,5057,重庆城市科技学院,,首选历史，再选不限,444,21390,,,0,重庆,民办,0,0
重庆,2025,历史类,本科批,5057,重庆城市科技学院,,首选历史，再选思想政治,481,22779,,,0,重庆,民办,0,0
重庆,2025,历史类,本科批,5102,西南交通大学,,首选历史，再选不限,577,2192,,,0,四川,公办,0,1
重庆,2025,历史类,本科批,5102,西南交通大学,,首选历史，再选思想政治,578,2114,,,0,四川,公办,0,1
重庆,2025,历史类,本科批,5104,电子科技大学,,首选历史，再选不限,599,1300,,,0,四川,公办,1,1
重庆,2025,历史类,本科批,5105,西南石油大学,,首选历史，再选不限,539,3697,,,0,四川,公办,0,0
重庆,2025,历史类,本科批,5105,西南石油大学,,首选历史，再选思想政治,573,3907,,,0,四川,公办,0,0
重庆,2025,历史类,本科批,5106,成都理工大学,,首选历史，再选不限,537,3581,,,0,四川,公办,0,0
重庆,2025,历史类,本科批,5106,成都理工大学,,首选历史，再选地理,548,7425,,,0,四川,公办,0,0
重庆,2025,历史类,本科批,5106,成都理工大学,,首选历史，再选思想政治,568,4503,,,0,四川,公办,0,0
重庆,2025,历史类,本科批,5107,西南科技大学,,首选历史，再选不限,519,5621,,,0,四川,公办,0,0
重庆,2025,历史类,本科批,5107,西南科技大学,,首选历史，再选思想政治,548,7425,,,0,四川,公办,0,0
重庆,2025,历史类,本科批,5108,成都信息工程大学,,首选历史，再选不限,453,7239,,,0,四川,公办,0,0
重庆,2025,历史类,本科批,5109,四川轻化工大学,,首选历史，再选不限,526,6633,,,0,四川,公办,0,0
重庆,2025,历史类,本科批,5110,西华大学,,首选历史，再选不限,497,5482,,,0,四川,公办,0,0
重庆,2025,历史类,本科批,5111,中国民用航空飞行学院,,首选历史，再选不限,515,7586,,,0,四川,公办,0,0
重庆,2025,历史类,本科批,5111,中国民用航空飞行学院,,首选历史，再选思想政治,542,8463,,,0,四川,公办,0,0
重庆,2025,历史类,本科批,5112,四川农业大学,,首选历史，再选不限,536,3349,,,0,四川,公办,0,1
重庆,2025,历史类,本科批,5113,西南医科大学,,首选历史，再选不限,516,3241,,,0,四川,公办,0,0
重庆,2025,历史类,本科批,5114,成都中医药大学,,首选历史，再选不限,520,270,,,0,四川,公办,0,0
重庆,2025,历史类,本科批,5115,川北医学院,,首选历史，再选不限,512,12962,,,0,四川,公办,0,0
重庆,2025,历史类,本科批,5115,川北医学院,,首选历史，再选生物,519,10338,,,0,四川,公办,0,0
重庆,2025,历史类,本科批,5116,四川师范大学,,首选历史，再选不限,510,3697,,,0,四川,公办,0,0
重庆,2025,历史类,本科批,5116,四川师范大学,,首选历史，再选地理,559,3907,,,0,四川,公办,0,0
重庆,2025,历史类,本科批,5116,四川师范大学,,首选历史，再选思想政治,553,3349,,,0,四川,公办,0,0
重庆,2025,历史类,本科批,5117,西华师范大学,,首选历史，再选不限,523,5743,,,0,四川,公办,0,0
重庆,2025,历史类,本科批,5117,西华师范大学,,首选历史，再选思想政治,555,6310,,,0,四川,公办,0,0
重庆,2025,历史类,本科批,5118,绵阳师范学院,,首选历史，再选不限,504,7425,,,0,四川,公办,0,0
重庆,2025,历史类,本科批,5118,绵阳师范学院,,首选历史，再选地理,542,8463,,,0,四川,公办,0,0
重庆,2025,历史类,本科批,5118,绵阳师范学院,,首选历史，再选思想政治,539,9023,,,0,四川,公办,0,0
重庆,2025,历史类,本科批,5119,内江师范学院,,首选历史，再选不限,519,9023,,,0,四川,公办,0,0
重庆,2025,历史类,本科批,5119,内江师范学院,,首选历史，再选地理,523,9363,,,0,四川,公办,0,0
重庆,2025,历史类,本科批,5119,内江师范学院,,首选历史，再选思想政治,537,9363,,,0,四川,公办,0,0
重庆,2025,历史类,本科批,5120,宜宾学院,,首选历史，再选不限,509,9922,,,0,四川,公办,0,0
重庆,2025,历史类,本科批,5120,宜宾学院,,首选历史，再选思想政治,522,12519,,,0,四川,公办,0,0
重庆,2025,历史类,本科批,5121,乐山师范学院,,首选历史，再选不限,512,10984,,,0,四川,公办,0,0
重庆,2025,历史类,本科批,5122,西南财经大学,,首选历史，再选不限,556,939,,,0,四川,公办,0,1
重庆,2025,历史类,本科批,5123,成都体育学院,,首选历史，再选不限,487,6163,,,0,四川,公办,0,0
重庆,2025,历史类,本科批,5124,四川音乐学院,,首选历史，再选不限,499,16288,,,0,四川,公办,0,0
重庆,2025,历史类,本科批,5125,西南民族大学,,首选历史，再选不限,518,3464,,,0,四川,公办,0,0
重庆,2025,历史类,本科批,5126,攀枝花学院,,首选历史，再选不限,509,10541,,,0,四川,公办,0,0
重庆,2025,历史类,本科批,5127,四川大学,,首选历史，再选不限,591,477,,,0,四川,公办,1,1
重庆,2025,历史类,本科批,5127,四川大学,,首选历史，再选思想政治,608,1141,,,0,四川,公办,1,1
重庆,2025,历史类,本科批,5129,西昌学院,,首选历史，再选不限,498,12962,,,0,四川,公办,0,0
重庆,2025,历史类,本科批,5130,成都理工大学工程技术学院,,首选历史，再选不限,480,18730,,,0,四川,民办,0,0
重庆,2025,历史类,本科批,5131,四川传媒学院,,首选历史，再选不限,487,18234,,,0,四川,民办,0,0
重庆,2025,历史类,本科批,5132,成都银杏酒店管理学院,,首选历史，再选不限,450,25591,,,0,四川,民办,0,0
重庆,2025,历史类,本科批,5133,成都文理学院,,首选历史，再选不限,475,24430,,,0,四川,民办,0,0
重庆,2025,历史类,本科批,5134,四川工商学院,,首选历史，再选不限,499,17015,,,0,四川,民办,0,0
重庆,2025,历史类,本科批,5135,成都外国语学院,,首选历史，再选不限,454,17973,,,0,四川,民办,0,0
重庆,2025,历史类,本科批,5136,电子科技大学成都学院,,首选历史，再选不限,478,18486,,,0,四川,民办,0,0
重庆,2025,历史类,本科批,5137,四川文理学院,,首选历史，再选不限,504,10123,,,0,四川,公办,0,0
重庆,2025,历史类,本科批,5137,四川文理学院,,首选历史，再选思想政治,519,13219,,,0,四川,公办,0,0
重庆,2025,历史类,本科批,5138,成都工业学院,,首选历史，再选不限,509,13677,,,0,四川,公办,0,0
重庆,2025,历史类,本科批,5139,四川旅游学院,,首选历史，再选不限,505,15556,,,0,四川,公办,0,0
重庆,2025,历史类,本科批,5151,四川警察学院,,首选历史，再选不限,563,5175,,,0,四川,公办,0,0
重庆,2025,历史类,本科批,5167,成都东软学院,,首选历史，再选不限,477,19556,,,0,四川,民办,0,0
重庆,2025,历史类,本科批,5170,四川民族学院,,首选历史，再选不限,519,9202,,,0,四川,公办,0,0
重庆,2025,历史类,本科批,5176,吉利学院,,首选历史，再选不限,446,26996,,,0,四川,民办,0,0
重庆,2025,历史类,本科批,5179,阿坝师范学院,,首选历史，再选不限,508,12519,,,0,四川,公办,0,0
重庆,2025,历史类,本科批,5179,阿坝师范学院,,首选历史，再选地理,513,14604,,,0,四川,公办,0,0
重庆,2025,历史类,本科批,5179,阿坝师范学院,,首选历史，再选思想政治,518,13442,,,0,四川,公办,0,0
重庆,2025,历史类,本科批,5180,成都大学,,首选历史，再选不限,515,4253,,,0,四川,公办,0,0
重庆,2025,历史类,本科批,5180,成都大学,,首选历史，再选化学,438,35253,,,0,四川,公办,0,0
重庆,2025,历史类,本科批,5180,成都大学,,首选历史，再选思想政治,558,4253,,,0,四川,公办,0,0
重庆,2025,历史类,本科批,5181,四川工业科技学院,,首选历史，再选不限,461,23065,,,0,四川,民办,0,0
重庆,2025,历史类,本科批,5182,成都师范学院,,首选历史，再选不限,504,7083,,,0,四川,公办,0,0
重庆,2025,历史类,本科批,5182,成都师范学院,,首选历史，再选地理,544,8116,,,0,四川,公办,0,0
重庆,2025,历史类,本科批,5184,成都锦城学院,,首选历史，再选不限,483,14156,,,0,四川,民办,0,0
重庆,2025,历史类,本科批,5190,西南财经大学天府学院,,首选历史，再选不限,473,19001,,,0,四川,民办,0,0
重庆,2025,历史类,本科批,5190,西南财经大学天府学院,,首选历史，再选化学,438,35253,,,0,四川,民办,0,0
重庆,2025,历史类,本科批,5191,四川大学锦江学院,,首选历史，再选不限,490,17460,,,0,四川,民办,0,0
重庆,2025,历史类,本科批,5191,四川大学锦江学院,,首选历史，再选思想政治,500,17717,,,0,四川,民办,0,0
重庆,2025,历史类,本科批,5192,四川文化艺术学院,,首选历史，再选不限,459,18234,,,0,四川,民办,0,0
重庆,2025,历史类,本科批,5199,绵阳城市学院,,首选历史，再选不限,468,23065,,,0,四川,民办,0,0
重庆,2025,历史类,本科批,5201,贵州大学,,首选历史，再选不限,533,2840,,,0,贵州,公办,0,1
重庆,2025,历史类,本科批,5201,贵州大学,,首选历史，再选思想政治,574,3804,,,0,贵州,公办,0,1
重庆,2025,历史类,本科批,5203,遵义医科大学,,首选历史，再选不限,522,9023,,,0,贵州,公办,0,0
重庆,2025,历史类,本科批,5203,遵义医科大学,,首选历史，再选生物,508,8824,,,0,贵州,公办,0,0
重庆,2025,历史类,本科批,5204,贵州中医药大学,,首选历史，再选不限,541,3349,,,0,贵州,公办,0,0
重庆,2025,历史类,本科批,5205,贵州师范大学,,首选历史，再选不限,537,9363,,,0,贵州,公办,0,0
重庆,2025,历史类,本科批,5205,贵州师范大学,,首选历史，再选思想政治,550,7083,,,0,贵州,公办,0,0
重庆,2025,历史类,本科批,5206,遵义师范学院,,首选历史，再选不限,525,11193,,,0,贵州,公办,0,0
重庆,2025,历史类,本科批,5206,遵义师范学院,,首选历史，再选思想政治,527,11419,,,0,贵州,公办,0,0
重庆,2025,历史类,本科批,5207,黔南民族师范学院,,首选历史，再选不限,505,16516,,,0,贵州,公办,0,0
重庆,2025,历史类,本科批,5207,黔南民族师范学院,,首选历史，再选思想政治,518,13442,,,0,贵州,公办,0,0
重庆,2025,历史类,本科批,5208,贵州财经大学,,首选历史，再选不限,522,6469,,,0,贵州,公办,0,0
重庆,2025,历史类,本科批,5209,贵州民族大学,,首选历史，再选不限,519,13219,,,0,贵州,公办,0,0
重庆,2025,历史类,本科批,5209,贵州民族大学,,首选历史，再选思想政治,544,8116,,,0,贵州,公办,0,0
重庆,2025,历史类,本科批,5209,贵州民族大学,,首选历史，再选思想政治、地理(2科必选),510,15318,,,0,贵州,公办,0,0
重庆,2025,历史类,本科批,5211,贵州黔南经济学院,,首选历史，再选不限,477,23897,,,0,贵州,民办,0,0
重庆,2025,历史类,本科批,5215,贵阳学院,,首选历史，再选不限,515,12962,,,0,贵州,公办,0,0
重庆,2025,历史类,本科批,5216,安顺学院,,首选历史，再选不限,505,13677,,,0,贵州,公办,0,0
重庆,2025,历史类,本科批,5220,贵州警察学院,,首选历史，再选不限,543,8298,,,0,贵州,公办,0,0
重庆,2025,历史类,本科批,5229,贵州医科大学神奇民族医药学院,,首选历史，再选生物,498,18234,,,0,贵州,民办,0,0
重庆,2025,历史类,本科批,5231,贵阳信息科技学院,,首选历史，再选不限,465,27281,,,0,贵州,民办,0,0
重庆,2025,历史类,本科批,5232,六盘水师范学院,,首选历史，再选不限,517,13677,,,0,贵州,公办,0,0
重庆,2025,历史类,本科批,5236,铜仁学院,,首选历史，再选不限,505,13908,,,11,贵州,公办,0,0
重庆,2025,历史类,本科批,5237,兴义民族师范学院,,首选历史，再选不限,513,12519,,,0,贵州,公办,0,0
重庆,2025,历史类,本科批,5237,兴义民族师范学院,,首选历史，再选思想政治,518,13442,,,0,贵州,公办,0,0
重庆,2025,历史类,本科批,5238,贵州工程应用技术学院,,首选历史，再选地理,509,15556,,,0,贵州,公办,0,0
重庆,2025,历史类,本科批,5239,贵州商学院,,首选历史，再选不限,499,17973,,,0,贵州,公办,0,0
重庆,2025,历史类,本科批,5241,凯里学院,,首选历史，再选不限,503,17015,,,0,贵州,公办,0,0
重庆,2025,历史类,本科批,5244,贵州师范学院,,首选历史，再选不限,503,12962,,,0,贵州,公办,0,0
重庆,2025,历史类,本科批,5244,贵州师范学院,,首选历史，再选思想政治,526,11622,,,0,贵州,公办,0,0
重庆,2025,历史类,本科批,5244,贵州师范学院,,首选历史，再选思想政治、地理(2科必选),524,12075,,,0,贵州,公办,0,0
重庆,2025,历史类,本科批,5253,贵阳康养职业大学,,首选历史，再选不限,505,7760,,,0,贵州,公办,0,0
重庆,2025,历史类,本科批,5301,云南大学,,首选历史，再选不限,574,2589,,,0,云南,公办,0,1
重庆,2025,历史类,本科批,5301,云南大学,,首选历史，再选思想政治,577,2681,,,0,云南,公办,0,1
重庆,2025,历史类,本科批,5301,云南大学,,首选历史，再选思想政治、地理(2科必选),578,3349,,,0,云南,公办,0,1
重庆,2025,历史类,本科批,5302,昆明理工大学,,首选历史，再选不限,533,4904,,,0,云南,公办,0,0
重庆,2025,历史类,本科批,5302,昆明理工大学,,首选历史，再选地理,525,10766,,,0,云南,公办,0,0
重庆,2025,历史类,本科批,5303,云南农业大学,,首选历史，再选不限,500,9555,,,10,云南,公办,0,0
重庆,2025,历史类,本科批,5304,西南林业大学,,首选历史，再选不限,510,7936,,,0,云南,公办,0,0
重庆,2025,历史类,本科批,5305,大理大学,,首选历史，再选不限,512,7425,,,0,云南,公办,0,0
重庆,2025,历史类,本科批,5305,大理大学,,首选历史，再选生物,532,10338,,,0,云南,公办,0,0
重庆,2025,历史类,本科批,5306,云南师范大学,,首选历史，再选不限,518,6633,,,0,云南,公办,0,0
重庆,2025,历史类,本科批,5306,云南师范大学,,首选历史，再选思想政治,555,5175,,,0,云南,公办,0,0
重庆,2025,历史类,本科批,5307,曲靖师范学院,,首选历史，再选不限,505,10123,,,0,云南,公办,0,0
重庆,2025,历史类,本科批,5308,云南艺术学院,,首选历史，再选不限,501,14156,,,0,云南,公办,0,0
重庆,2025,历史类,本科批,5309,云南民族大学,,首选历史，再选不限,506,11193,,,0,云南,公办,0,0
重庆,2025,历史类,本科批,5309,云南民族大学,,首选历史，再选地理,535,9726,,,0,云南,公办,0,0
重庆,2025,历史类,本科批,5309,云南民族大学,,首选历史，再选思想政治、地理(2科必选),546,7760,,,0,云南,公办,0,0
重庆,2025,历史类,本科批,5310,玉溪师范学院,,首选历史，再选不限,514,12075,,,0,云南,公办,0,0
重庆,2025,历史类,本科批,5311,楚雄师范学院,,首选历史，再选不限,505,16063,,,0,云南,公办,0,0
重庆,2025,历史类,本科批,5312,昆明医科大学海源学院,,首选历史，再选不限,490,20354,,,0,云南,民办,0,0
重庆,2025,历史类,本科批,5313,滇池学院,,首选历史，再选不限,451,17973,,,0,云南,民办,0,0
重庆,2025,历史类,本科批,5314,丽江文化旅游学院,,首选历史，再选不限,445,24430,,,0,云南,民办,0,0
重庆,2025,历史类,本科批,5315,昆明城市学院,,首选历史，再选不限,483,19001,,,0,云南,民办,0,0
重庆,2025,历史类,本科批,5318,昆明学院,,首选历史，再选不限,504,10123,,,0,云南,公办,0,0
重庆,2025,历史类,本科批,5326,云南经济管理学院,,首选历史，再选不限,452,21940,,,0,云南,民办,0,0
重庆,2025,历史类,本科批,5326,云南经济管理学院,,首选历史，再选生物,481,22779,,,0,云南,民办,0,0
重庆,2025,历史类,本科批,5327,昆明文理学院,,首选历史，再选不限,462,17973,,,0,云南,民办,0,0
重庆,2025,历史类,本科批,5330,云南财经大学,,首选历史，再选不限,500,6017,,,0,云南,公办,0,0
重庆,2025,历史类,本科批,5330,云南财经大学,,首选历史，再选思想政治,523,12316,,,0,云南,公办,0,0
重庆,2025,历史类,本科批,5334,云南警官学院,,首选历史，再选思想政治,547,7586,,,0,云南,公办,0,0
重庆,2025,历史类,本科批,5336,保山学院,,首选历史，再选不限,516,13908,,,0,云南,公办,0,0
重庆,2025,历史类,本科批,5337,红河学院,,首选历史，再选不限,501,13442,,,0,云南,公办,0,0
重庆,2025,历史类,本科批,5339,昆明理工大学津桥学院,,首选历史，再选不限,447,22503,,,0,云南,民办,0,0
重庆,2025,历史类,本科批,5340,昭通学院,,首选历史，再选不限,507,14156,,,0,云南,公办,0,0
重庆,2025,历史类,本科批,5340,昭通学院,,首选历史，再选思想政治,513,14604,,,0,云南,公办,0,0
重庆,2025,历史类,本科批,5342,云南工商学院,,首选历史，再选不限,470,22215,,,0,云南,民办,0,0
重庆,2025,历史类,本科批,5349,滇西科技师范学院,,首选历史，再选不限,506,16288,,,0,云南,公办,0,0
重庆,2025,历史类,本科批,5352,云南中医药大学,,首选历史，再选不限,525,3140,,,0,云南,公办,0,0
重庆,2025,历史类,本科批,5372,滇西应用技术大学,,首选历史，再选不限,499,10984,,,0,云南,公办,0,0
重庆,2025,历史类,本科批,5401,西藏大学,,首选历史，再选不限,557,5334,,,0,西藏,公办,0,1
重庆,2025,历史类,本科批,5401,西藏大学,,首选历史，再选地理,551,6928,,,0,西藏,公办,0,1
重庆,2025,历史类,本科批,5401,西藏大学,,首选历史，再选思想政治,559,5334,,,0,西藏,公办,0,1
重庆,2025,历史类,本科批,5402,西藏民族大学,,首选历史，再选不限,504,8463,,,0,陕西,公办,0,0
重庆,2025,历史类,本科批,5407,西藏农牧大学,,首选历史，再选不限,498,16063,,,0,西藏,公办,0,0
重庆,2025,历史类,本科批,5407,西藏农牧大学,,首选历史，再选地理,501,17460,,,0,西藏,公办,0,0
重庆,2025,历史类,本科批,6101,西安交通大学,,首选历史，再选不限,620,499,,,0,陕西,公办,1,1
重庆,2025,历史类,本科批,6102,西北工业大学,,首选历史，再选不限,596,1300,,,0,陕西,公办,1,1
重庆,2025,历史类,本科批,6104,西安电子科技大学,,首选历史，再选不限,579,3241,,,0,陕西,公办,0,1
重庆,2025,历史类,本科批,6105,西安工业大学,,首选历史，再选不限,540,5621,,,0,陕西,公办,0,0
重庆,2025,历史类,本科批,6106,西安建筑科技大学,,首选历史，再选不限,531,10338,,,0,陕西,公办,0,0
重庆,2025,历史类,本科批,6108,西安石油大学,,首选历史，再选不限,521,9202,,,0,陕西,公办,0,0
重庆,2025,历史类,本科批,6109,陕西科技大学,,首选历史，再选不限,507,16063,,,0,陕西,公办,0,0
重庆,2025,历史类,本科批,6111,陕西师范大学,,首选历史，再选不限,560,1407,,,0,陕西,公办,0,1
重庆,2025,历史类,本科批,6111,陕西师范大学,,首选历史，再选思想政治,582,2943,,,0,陕西,公办,0,1
重庆,2025,历史类,本科批,6112,延安大学,,首选历史，再选不限,543,7425,,,6,陕西,公办,0,0
重庆,2025,历史类,本科批,6113,渭南师范学院,,首选历史，再选不限,490,15556,,,11,陕西,公办,0,0
重庆,2025,历史类,本科批,6114,西安外国语大学,,首选历史，再选不限,517,4503,,,0,陕西,公办,0,0
重庆,2025,历史类,本科批,6114,西安外国语大学,,首选历史，再选思想政治,546,6633,,,0,陕西,公办,0,0
重庆,2025,历史类,本科批,6115,西北政法大学,,首选历史，再选不限,562,2840,,,0,陕西,公办,0,0
重庆,2025,历史类,本科批,6118,西安美术学院,,首选历史，再选不限,501,17460,,,0,陕西,公办,0,0
重庆,2025,历史类,本科批,6119,西安培华学院,,首选历史，再选不限,457,20074,,,0,陕西,民办,0,0
重庆,2025,历史类,本科批,6122,宝鸡文理学院,,首选历史，再选不限,509,15556,,,2,陕西,公办,0,0
重庆,2025,历史类,本科批,6123,西北农林科技大学,,首选历史，再选不限,589,1703,,,0,陕西,公办,1,1
重庆,2025,历史类,本科批,6124,长安大学,,首选历史，再选不限,560,2943,,,0,陕西,公办,0,1
重庆,2025,历史类,本科批,6124,长安大学,,首选历史，再选思想政治,581,3042,,,0,陕西,公办,0,1
重庆,2025,历史类,本科批,6125,陕西理工大学,,首选历史，再选不限,504,5889,,,0,陕西,公办,0,0
重庆,2025,历史类,本科批,6125,陕西理工大学,,首选历史，再选地理,537,9363,,,0,陕西,公办,0,0
重庆,2025,历史类,本科批,6125,陕西理工大学,,首选历史，再选思想政治,544,8116,,,0,陕西,公办,0,0
重庆,2025,历史类,本科批,6126,西安财经大学,,首选历史，再选不限,538,5175,,,0,陕西,公办,0,0
重庆,2025,历史类,本科批,6129,西安文理学院,,首选历史，再选不限,509,11622,,,0,陕西,公办,0,0
重庆,2025,历史类,本科批,6133,西安欧亚学院,,首选历史，再选不限,443,25876,,,0,陕西,民办,0,0
重庆,2025,历史类,本科批,6134,西安翻译学院,,首选历史，再选不限,443,28747,,,0,陕西,民办,0,0
重庆,2025,历史类,本科批,6135,西安外事学院,,首选历史，再选不限,456,25591,,,0,陕西,民办,0,0
重庆,2025,历史类,本科批,6136,西京学院,,首选历史，再选不限,444,21111,,,5,陕西,民办,0,0
重庆,2025,历史类,本科批,6142,西安思源学院,,首选历史，再选不限,474,23065,,,0,陕西,民办,0,0
重庆,2025,历史类,本科批,6142,西安思源学院,,首选历史，再选生物,477,23897,,,0,陕西,民办,0,0
重庆,2025,历史类,本科批,6143,陕西服装工程学院,,首选历史，再选不限,449,30824,,,0,陕西,民办,0,0
重庆,2025,历史类,本科批,6144,陕西国际商贸学院,,首选历史，再选不限,449,26437,,,0,陕西,民办,0,0
重庆,2025,历史类,本科批,6148,陕西警察学院,,首选历史，再选不限,526,11419,,,0,陕西,公办,0,0
重庆,2025,历史类,本科批,6151,西安汽车职业大学,,首选历史，再选不限,445,25591,,,0,陕西,民办,0,0
重庆,2025,历史类,本科批,6152,陕西科技大学镐京学院,,首选历史，再选不限,440,33174,,,0,陕西,民办,0,0
重庆,2025,历史类,本科批,6156,西安医学院,,首选历史，再选不限,517,13677,,,0,陕西,公办,0,0
重庆,2025,历史类,本科批,6156,西安医学院,,首选历史，再选生物,531,10541,,,0,陕西,公办,0,0
重庆,2025,历史类,本科批,6158,西安工商学院,,首选历史，再选不限,442,26141,,,0,陕西,民办,0,0
重庆,2025,历史类,本科批,6159,咸阳师范学院,,首选历史，再选不限,499,12075,,,8,陕西,公办,0,0
重庆,2025,历史类,本科批,6162,延安大学西安创新学院,,首选历史，再选生物,483,22215,,,0,陕西,民办,0,0
重庆,2025,历史类,本科批,6164,西北大学,,首选历史，再选不限,575,1576,,,0,陕西,公办,0,1
重庆,2025,历史类,本科批,6166,西安明德理工学院,,首选历史，再选不限,445,29374,,,0,陕西,民办,0,0
重庆,2025,历史类,本科批,6174,榆林学院,,首选历史，再选不限,503,14376,,,0,陕西,公办,0,0
重庆,2025,历史类,本科批,6175,安康学院,,首选历史，再选不限,514,13442,,,0,陕西,公办,0,0
重庆,2025,历史类,本科批,6180,西安科技大学高新学院,,首选历史，再选不限,438,25005,,,0,陕西,民办,0,0
重庆,2025,历史类,本科批,6184,商洛学院,,首选历史，再选不限,514,14376,,,0,陕西,公办,0,0
重庆,2025,历史类,本科批,6184,商洛学院,,首选历史，再选生物,545,7936,,,0,陕西,公办,0,0
重庆,2025,历史类,本科批,6193,陕西学前师范学院,,首选历史，再选不限,510,15318,,,0,陕西,公办,0,0
重庆,2025,历史类,本科批,6193,陕西学前师范学院,,首选历史，再选地理,508,15814,,,0,陕西,公办,0,0
重庆,2025,历史类,本科批,6194,西安交通工程学院,,首选历史，再选不限,443,26437,,,0,陕西,民办,0,0
重庆,2025,历史类,本科批,6201,兰州大学,,首选历史，再选不限,585,1300,,,0,甘肃,公办,1,1
重庆,2025,历史类,本科批,6201,兰州大学,,首选历史，再选思想政治,595,1511,,,0,甘肃,公办,1,1
重庆,2025,历史类,本科批,6202,兰州理工大学,,首选历史，再选不限,543,7425,,,0,甘肃,公办,0,0
重庆,2025,历史类,本科批,6203,兰州交通大学,,首选历史，再选不限,519,7239,,,0,甘肃,公办,0,0
重庆,2025,历史类,本科批,6204,天水师范大学,,首选历史，再选不限,512,13442,,,0,甘肃,公办,0,0
重庆,2025,历史类,本科批,6205,河西学院,,首选历史，再选不限,501,16288,,,0,甘肃,公办,0,0
重庆,2025,历史类,本科批,6206,兰州财经大学,,首选历史，再选不限,507,7760,,,0,甘肃,公办,0,0
重庆,2025,历史类,本科批,6207,西北民族大学,,首选历史，再选不限,504,8116,,,0,甘肃,公办,0,0
重庆,2025,历史类,本科批,6207,西北民族大学,,首选历史，再选思想政治,544,8116,,,0,甘肃,公办,0,0
重庆,2025,历史类,本科批,6208,甘肃政法大学,,首选历史，再选不限,537,4620,,,0,甘肃,公办,0,0
重庆,2025,历史类,本科批,6217,西北师范大学,,首选历史，再选不限,528,4620,,,0,甘肃,公办,0,0
重庆,2025,历史类,本科批,6217,西北师范大学,,首选历史，再选思想政治,556,6163,,,0,甘肃,公办,0,0
重庆,2025,历史类,本科批,6218,陇南师范学院,,首选历史，再选不限,512,14858,,,0,甘肃,公办,0,0
重庆,2025,历史类,本科批,6219,陇东学院,,首选历史，再选不限,504,12962,,,0,甘肃,公办,0,0
重庆,2025,历史类,本科批,6219,陇东学院,,首选历史，再选化学、生物(2科必选),438,35253,,,0,甘肃,公办,0,0
重庆,2025,历史类,本科批,6222,甘肃中医药大学,,首选历史，再选不限,529,5044,,,0,甘肃,公办,0,0
重庆,2025,历史类,本科批,6225,酒泉职业技术大学,,首选历史，再选不限,500,17717,,,0,甘肃,公办,0,0
重庆,2025,历史类,本科批,6227,兰州文理学院,,首选历史，再选思想政治,505,16516,,,0,甘肃,公办,0,0
重庆,2025,历史类,本科批,6233,甘肃民族师范学院,,首选历史，再选不限,504,16786,,,0,甘肃,公办,0,0
重庆,2025,历史类,本科批,6233,甘肃民族师范学院,,首选历史，再选思想政治,511,15080,,,0,甘肃,公办,0,0
重庆,2025,历史类,本科批,6253,兰州石化职业技术大学,,首选历史，再选不限,517,13677,,,0,甘肃,公办,0,0
重庆,2025,历史类,本科批,6302,青海民族大学,,首选历史，再选不限,504,11193,,,0,青海,公办,0,0
重庆,2025,历史类,本科批,6302,青海民族大学,,首选历史，再选思想政治,530,10766,,,0,青海,公办,0,0
重庆,2025,历史类,本科批,6304,青海师范大学,,首选历史，再选不限,510,8298,,,0,青海,公办,0,0
重庆,2025,历史类,本科批,6304,青海师范大学,,首选历史，再选思想政治,538,9202,,,0,青海,公办,0,0
重庆,2025,历史类,本科批,6401,宁夏大学,,首选历史，再选不限,561,3581,,,0,宁夏,公办,0,1
重庆,2025,历史类,本科批,6401,宁夏大学,,首选历史，再选思想政治,574,3804,,,0,宁夏,公办,0,1
重庆,2025,历史类,本科批,6403,北方民族大学,,首选历史，再选不限,508,9023,,,0,宁夏,公办,0,0
重庆,2025,历史类,本科批,6403,北方民族大学,,首选历史，再选思想政治,538,9202,,,0,宁夏,公办,0,0
重庆,2025,历史类,本科批,6404,宁夏师范大学,,首选历史，再选不限,507,16063,,,3,宁夏,公办,0,0
重庆,2025,历史类,本科批,6405,宁夏理工学院,,首选历史，再选不限,444,21390,,,0,宁夏,民办,0,0
重庆,2025,历史类,本科批,6412,银川科技学院,,首选历史，再选不限,464,23598,,,0,宁夏,民办,0,0
重庆,2025,历史类,本科批,6501,新疆大学,,首选历史，再选不限,552,4142,,,0,新疆,公办,0,1
重庆,2025,历史类,本科批,6502,新疆农业大学,,首选历史，再选不限,499,15318,,,0,新疆,公办,0,0
重庆,2025,历史类,本科批,6503,石河子大学,,首选历史，再选不限,542,4503,,,0,新疆,公办,0,1
重庆,2025,历史类,本科批,6503,石河子大学,,首选历史，再选地理,556,6163,,,0,新疆,公办,0,1
重庆,2025,历史类,本科批,6503,石河子大学,,首选历史，再选思想政治,561,5482,,,0,新疆,公办,0,1
重庆,2025,历史类,本科批,6504,新疆师范大学,,首选历史，再选不限,500,8463,,,0,新疆,公办,0,0
重庆,2025,历史类,本科批,6504,新疆师范大学,,首选历史，再选思想政治,517,10541,,,0,新疆,公办,0,0
重庆,2025,历史类,本科批,6505,伊犁师范大学,,首选历史，再选不限,503,12316,,,0,新疆,公办,0,0
重庆,2025,历史类,本科批,6505,伊犁师范大学,,首选历史，再选地理,502,17245,,,0,新疆,公办,0,0
重庆,2025,历史类,本科批,6505,伊犁师范大学,,首选历史，再选思想政治,513,14604,,,0,新疆,公办,0,0
重庆,2025,历史类,本科批,6506,新疆财经大学,,首选历史，再选不限,502,9922,,,0,新疆,公办,0,0
重庆,2025,历史类,本科批,6506,新疆财经大学,,首选历史，再选思想政治,506,9726,,,0,新疆,公办,0,0
重庆,2025,历史类,本科批,6507,新疆科技学院,,首选历史，再选不限,503,15556,,,0,新疆,公办,0,0
重庆,2025,历史类,本科批,6507,新疆科技学院,,首选历史，再选思想政治,502,14604,,,0,新疆,公办,0,0
重庆,2025,历史类,本科批,6507,新疆科技学院,,首选历史，再选生物,508,15814,,,0,新疆,公办,0,0
重庆,2025,历史类,本科批,6508,新疆理工学院,,首选历史，再选不限,500,13442,,,0,新疆,公办,0,0
重庆,2025,历史类,本科批,6510,新疆第二医学院,,首选历史，再选生物、思想政治(2科必选),503,17015,,,0,新疆,公办,0,0
重庆,2025,历史类,本科批,6514,新疆农业职业技术大学,,首选历史，再选不限,496,18486,,,0,新疆,公办,0,0
重庆,2025,历史类,本科批,6520,新疆天山职业技术大学,,首选历史，再选不限,450,20863,,,0,新疆,民办,0,0
重庆,2025,历史类,本科批,6522,新疆政法学院,,首选历史，再选不限,500,9726,,,0,新疆,公办,0,0
重庆,2025,历史类,本科批,6522,新疆政法学院,,首选历史，再选思想政治,512,12962,,,0,新疆,公办,0,0
重庆,2025,历史类,本科批,6524,喀什大学,,首选历史，再选不限,502,11193,,,0,新疆,公办,0,0
重庆,2025,历史类,本科批,6524,喀什大学,,首选历史，再选地理,514,14376,,,0,新疆,公办,0,0
重庆,2025,历史类,本科批,6524,喀什大学,,首选历史，再选思想政治,512,14858,,,0,新疆,公办,0,0
重庆,2025,历史类,本科批,6525,昌吉学院,,首选历史，再选不限,504,15080,,,0,新疆,公办,0,0
重庆,2025,历史类,本科批,6525,昌吉学院,,首选历史，再选思想政治,511,15080,,,0,新疆,公办,0,0
重庆,2025,历史类,本科批,6527,新疆艺术学院,,首选历史，再选不限,500,17460,,,0,新疆,公办,0,0
重庆,2025,历史类,本科批,6536,新疆警察学院,,首选历史，再选不限,525,11865,,,0,新疆,公办,0,0
重庆,2025,历史类,本科批,6537,中国石油大学（北京）克拉玛依校区,,首选历史，再选不限,557,4750,,,0,新疆,公办,0,1
重庆,2025,历史类,本科批,6537,中国石油大学（北京）克拉玛依校区,,首选历史，再选思想政治,563,5175,,,0,新疆,公办,0,1
重庆,2025,历史类,本科批,6543,新疆和田学院,,首选历史，再选不限,501,16516,,,0,新疆,公办,0,0
重庆,2025,历史类,本科批,6543,新疆和田学院,,首选历史，再选思想政治,505,16516,,,0,新疆,公办,0,0
重庆,2025,历史类,本科批,,上海财经大学浙江学院,,首选历史，再选不限,489,14156,,,0,浙江,民办,0,0
重庆,2025,历史类,本科批,,中国人民大学,,首选历史，再选不限,646,66,,,0,北京,公办,1,1
重庆,2025,历史类,本科批,,中国人民大学,,首选历史，再选思想政治,651,66,,,0,北京,公办,1,1
重庆,2025,历史类,本科批,,中国人民大学（苏州校区）,,首选历史，再选不限,617,593,,,0,江苏,公办,1,1
重庆,2025,历史类,本科批,,中国矿业大学,,首选历史，再选不限,575,2422,,,0,江苏,公办,0,1
重庆,2025,历史类,本科批,,北京中医药大学东方学院,,首选历史，再选不限,483,9023,,,0,河北,民办,0,0
重庆,2025,历史类,本科批,,北京中医药大学东方学院,,首选历史，再选化学,438,35253,,,0,河北,民办,0,0
重庆,2025,历史类,本科批,,北京中医药大学东方学院,,首选历史，再选生物,501,17460,,,0,河北,民办,0,0
重庆,2025,历史类,本科批,,北京师范大学,,首选历史，再选不限,629,255,,,0,北京,公办,1,1
重庆,2025,历史类,本科批,,南京理工大学紫金学院,,首选历史，再选不限,499,14858,,,0,江苏,民办,0,0
重庆,2025,历史类,本科批,,南京财经大学红山学院,,首选历史，再选不限,489,17245,,,0,江苏,民办,0,0
重庆,2025,历史类,本科批,,南通大学杏林学院,,首选历史，再选不限,472,21111,,,0,江苏,民办,0,0
重庆,2025,历史类,本科批,,南通理工学院,,首选历史，再选不限,446,25005,,,0,江苏,民办,0,0
重庆,2025,历史类,本科批,,四川电影电视学院,,首选历史，再选不限,485,17973,,,0,四川,民办,0,0
重庆,2025,历史类,本科批,,山东女子学院,,首选历史，再选不限,502,12316,,,0,山东,公办,0,0
重庆,2025,历史类,本科批,,山东青年政治学院,,首选历史，再选不限,507,16063,,,0,山东,公办,0,0
重庆,2025,历史类,本科批,,山东青年政治学院,,首选历史，再选思想政治,513,14604,,,0,山东,公办,0,0
重庆,2025,历史类,本科批,,常州大学怀德学院,,首选历史，再选不限,478,20354,,,0,江苏,民办,0,0
重庆,2025,历史类,本科批,,扬州大学广陵学院,,首选历史，再选不限,487,17245,,,0,江苏,民办,0,0
重庆,2025,历史类,本科批,,武汉传媒学院,,首选历史，再选不限,472,24430,,,0,湖北,民办,0,0
重庆,2025,历史类,本科批,,武汉体育学院体育科技学院,,首选历史，再选不限,484,21940,,,0,湖北,民办,0,0
重庆,2025,历史类,本科批,,武汉工程大学邮电与信息工程学院,,首选历史，再选不限,454,17973,,,0,湖北,民办,0,0
重庆,2025,历史类,本科批,,江苏第二师范学院,,首选历史，再选不限,521,8824,,,0,江苏,公办,0,0
重庆,2025,历史类,本科批,,江西飞行学院,,首选历史，再选不限,504,14858,,,0,江西,公办,0,0
重庆,2025,历史类,本科批,,河北工业职业技术大学,,首选历史，再选不限,498,17717,,,0,河北,公办,0,0
重庆,2025,历史类,本科批,,河北石油职业技术大学,,首选历史，再选不限,499,15318,,,0,河北,公办,0,0
重庆,2025,历史类,本科批,,河北科技工程职业技术大学,,首选历史，再选不限,501,16786,,,0,河北,公办,0,0
重庆,2025,历史类,本科批,,深圳技术大学,,首选历史，再选不限,571,4142,,,0,广东,公办,0,0
重庆,2025,历史类,本科批,,湖北经济学院法商学院,,首选历史，再选不限,478,19001,,,0,湖北,民办,0,0
重庆,2025,历史类,本科批,,湖南交通工程学院,,首选历史，再选不限,443,31130,,,0,湖南,民办,0,0
重庆,2025,历史类,本科批,,烟台南山学院,,首选历史，再选不限,449,31706,,,0,山东,民办,0,0
重庆,2025,历史类,本科批,,烟台科技学院,,首选历史，再选不限,453,30824,,,0,山东,民办,0,0
重庆,2025,历史类,本科批,,燕京理工学院,,首选历史，再选不限,493,18234,,,0,河北,民办,0,0
重庆,2025,历史类,本科批,,苏州城市学院,,首选历史，再选不限,532,9202,,,8,江苏,公办,0,0
重庆,2025,历史类,本科批,,西南交通大学希望学院,,首选历史，再选不限,483,16516,,,0,四川,民办,0,0
重庆,2025,历史类,本科批,,郑州西亚斯学院,,首选历史，再选不限,493,19556,,,0,河南,民办,0,0
重庆,2025,历史类,本科批,,长江大学文理学院,,首选历史，再选不限,493,19556,,,0,湖北,民办,0,0
重庆,2025,历史类,本科提前批A段,1130,中国人民公安大学,,首选历史，再选思想政治,610,207,,,0,北京,公办,0,0
重庆,2025,历史类,本科提前批A段,1144,中国消防救援学院,,首选历史，再选思想政治,587,2504,,,0,北京,公办,0,0
重庆,2025,历史类,本科提前批A段,2122,中国刑事警察学院,,首选历史，再选思想政治,447,634,,,10,辽宁,公办,0,0
重庆,2025,历史类,本科提前批A段,4223,中南财经政法大学,,首选历史，再选思想政治,571,4142,,,0,湖北,公办,0,1
重庆,2025,历史类,本科提前批A段,5128,武警警官学院,,首选历史，再选不限,594,1953,,,0,四川,公办,0,0
重庆,2025,历史类,本科提前批B段,1125,中国传媒大学,,首选历史，再选不限,575,1407,,,0,北京,公办,0,1
重庆,2025,历史类,本科提前批B段,1126,中央财经大学,,首选历史，再选不限,587,1233,,,0,北京,公办,0,1
重庆,2025,历史类,本科提前批B段,1127,对外经济贸易大学,,首选历史，再选不限,591,1038,,,6,北京,公办,0,1
重庆,2025,历史类,本科提前批B段,1129,外交学院,,首选历史，再选不限,603,939,,,0,北京,公办,0,0
重庆,2025,历史类,本科提前批B段,1129,外交学院,,首选历史，再选思想政治,614,863,,,0,北京,公办,0,0
重庆,2025,历史类,本科提前批B段,1236,天津师范大学,,首选历史，再选不限,555,3804,,,0,天津,公办,0,0
重庆,2025,历史类,本科提前批B段,2201,吉林大学,,首选历史，再选不限,592,2114,,,0,吉林,公办,1,1
重庆,2025,历史类,本科提前批B段,2201,吉林大学,,首选历史，再选思想政治,617,749,,,0,吉林,公办,1,1
重庆,2025,历史类,本科提前批B段,2208,东北师范大学,,首选历史，再选不限,610,985,,,0,吉林,公办,0,1
重庆,2025,历史类,本科提前批B段,2208,东北师范大学,,首选历史，再选思想政治,582,1038,,,0,吉林,公办,0,1
重庆,2025,历史类,本科提前批B段,2301,黑龙江大学,,首选历史，再选不限,527,7760,,,0,黑龙江,公办,0,0
重庆,2025,历史类,本科提前批B段,2307,东北农业大学,,首选历史，再选不限,571,4142,,,0,黑龙江,公办,0,1
重庆,2025,历史类,本科提前批B段,3104,华东理工大学,,首选历史，再选不限,578,3349,,,0,上海,公办,0,1
重庆,2025,历史类,本科提前批B段,3110,华东师范大学,,首选历史，再选不限,611,167,,,0,上海,公办,1,1
重庆,2025,历史类,本科提前批B段,3110,华东师范大学,,首选历史，再选思想政治,616,311,,,0,上海,公办,1,1
重庆,2025,历史类,本科提前批B段,3249,南京师范大学,,首选历史，再选不限,583,2756,,,0,江苏,公办,0,1
重庆,2025,历史类,本科提前批B段,3251,扬州大学,,首选历史，再选不限,562,3140,,,0,江苏,公办,0,0
重庆,2025,历史类,本科提前批B段,3501,厦门大学,,首选历史，再选不限,624,477,,,0,福建,公办,1,1
重庆,2025,历史类,本科提前批B段,3701,山东大学,,首选历史，再选不限,592,1141,,,0,山东,公办,1,1
重庆,2025,历史类,本科提前批B段,3702,中国海洋大学,,首选历史，再选不限,588,1091,,,0,山东,公办,1,1
重庆,2025,历史类,本科提前批B段,3718,山东大学（威海）,,首选历史，再选不限,586,1141,,,0,山东,公办,1,1
重庆,2025,历史类,本科提前批B段,3740,山东师范大学,,首选历史，再选不限,520,5175,,,0,山东,公办,0,0
重庆,2025,历史类,本科提前批B段,3740,山东师范大学,,首选历史，再选地理,563,5175,,,0,山东,公办,0,0
重庆,2025,历史类,本科提前批B段,4208,华中师范大学,,首选历史，再选不限,558,499,,,0,湖北,公办,0,1
重庆,2025,历史类,本科提前批B段,4208,华中师范大学,,首选历史，再选地理,594,634,,,0,湖北,公办,0,1
重庆,2025,历史类,本科提前批B段,4208,华中师范大学,,首选历史，再选思想政治,620,634,,,0,湖北,公办,0,1
重庆,2025,历史类,本科提前批B段,4223,中南财经政法大学,,首选历史，再选不限,576,669,,,0,湖北,公办,0,1
重庆,2025,历史类,本科提前批B段,4504,广西师范大学,,首选历史，再选思想政治,562,5334,,,0,广西,公办,0,0
重庆,2025,历史类,本科提前批B段,5003,重庆交通大学,,首选历史，再选不限,537,6017,,,0,重庆,公办,0,0
重庆,2025,历史类,本科提前批B段,5006,西南大学,,首选历史，再选不限,564,749,,,0,重庆,公办,0,1
重庆,2025,历史类,本科提前批B段,5006,西南大学,,首选历史，再选地理,588,939,,,0,重庆,公办,0,1
重庆,2025,历史类,本科提前批B段,5006,西南大学,,首选历史，再选思想政治,594,863,,,0,重庆,公办,0,1
重庆,2025,历史类,本科提前批B段,5007,重庆师范大学,,首选历史，再选不限,570,1091,,,0,重庆,公办,0,0
重庆,2025,历史类,本科提前批B段,5007,重庆师范大学,,首选历史，再选思想政治,595,1233,,,0,重庆,公办,0,0
重庆,2025,历史类,本科提前批B段,5011,四川外国语大学,,首选历史，再选不限,510,5044,,,0,重庆,公办,0,0
重庆,2025,历史类,本科提前批B段,5015,重庆理工大学,,首选历史，再选不限,531,5044,,,0,重庆,公办,0,0
重庆,2025,历史类,本科提前批B段,5122,西南财经大学,,首选历史，再选不限,578,1458,,,0,四川,公办,0,1
重庆,2025,历史类,本科提前批B段,5125,西南民族大学,,首选历史，再选不限,544,7760,,,0,四川,公办,0,0
重庆,2025,历史类,本科提前批B段,5201,贵州大学,,首选历史，再选不限,575,3697,,,0,贵州,公办,0,1
重庆,2025,物理类,专科批,1166,北京培黎职业学院,,首选物理，再选不限,410,109455,,,0,北京,民办,0,0
重庆,2025,物理类,专科批,1223,天津市职业大学,,首选物理，再选不限,475,75574,,,0,天津,公办,0,0
重庆,2025,物理类,专科批,1224,天津医学高等专科学校,,首选物理，再选不限,353,77404,,,0,天津,公办,0,0
重庆,2025,物理类,专科批,1224,天津医学高等专科学校,,首选物理，再选化学、生物(2科必选),421,55069,,,0,天津,公办,0,0
重庆,2025,物理类,专科批,1228,天津现代职业技术学院,,首选物理，再选不限,422,97772,,,0,天津,公办,0,0
重庆,2025,物理类,专科批,1229,天津轻工职业技术学院,,首选物理，再选不限,404,111757,,,0,天津,公办,0,0
重庆,2025,物理类,专科批,1230,天津电子信息职业技术学院,,首选物理，再选不限,417,98260,,,0,天津,公办,0,0
重庆,2025,物理类,专科批,1234,天津交通职业学院,,首选物理，再选不限,409,109842,,,0,天津,公办,0,0
重庆,2025,物理类,专科批,1237,天津石油职业技术学院,,首选物理，再选不限,376,115282,,,0,天津,公办,0,0
重庆,2025,物理类,专科批,1238,天津国土资源和房屋职业学院,,首选物理，再选不限,402,112465,,,0,天津,公办,0,0
重庆,2025,物理类,专科批,1248,天津城市建设管理职业技术学院,,首选物理，再选不限,406,110623,,,0,天津,公办,0,0
重庆,2025,物理类,专科批,1249,天津海运职业学院,,首选物理，再选不限,460,84831,,,0,天津,公办,0,0
重庆,2025,物理类,专科批,1253,天津城市职业学院,,首选物理，再选不限,389,105425,,,0,天津,公办,0,0
重庆,2025,物理类,专科批,1272,天津铁道职业技术学院,,首选物理，再选不限,391,96773,,,0,天津,公办,0,0
重庆,2025,物理类,专科批,1274,天津生物工程职业技术学院,,首选物理，再选不限,312,104066,,,0,天津,公办,0,0
重庆,2025,物理类,专科批,1275,天津滨海汽车工程职业学院,,首选物理，再选不限,253,138340,,,0,天津,民办,0,0
重庆,2025,物理类,专科批,1323,邯郸职业技术学院,,首选物理，再选不限,360,116566,,,0,河北,公办,0,0
重庆,2025,物理类,专科批,1324,石家庄铁路职业技术学院,,首选物理，再选不限,457,83738,,,0,河北,公办,0,0
重庆,2025,物理类,专科批,1328,河北软件职业技术学院,,首选物理，再选不限,395,114918,,,0,河北,公办,0,0
重庆,2025,物理类,专科批,1329,秦皇岛职业技术学院,,首选物理，再选不限,335,119690,,,0,河北,公办,0,0
重庆,2025,物理类,专科批,1330,唐山职业技术学院,,首选物理，再选不限,381,103653,,,0,河北,公办,0,0
重庆,2025,物理类,专科批,1332,河北旅游职业学院,,首选物理，再选不限,351,123916,,,0,河北,公办,0,0
重庆,2025,物理类,专科批,1334,河北化工医药职业技术学院,,首选物理，再选不限,354,112465,,,0,河北,公办,0,0
重庆,2025,物理类,专科批,1337,石家庄邮电职业技术学院,,首选物理，再选不限,489,53788,,,0,河北,公办,0,0
重庆,2025,物理类,专科批,1341,河北能源职业技术学院,,首选物理，再选不限,339,129189,,,0,河北,公办,0,0
重庆,2025,物理类,专科批,1347,河北对外经贸职业学院,,首选物理，再选不限,341,114918,,,0,河北,公办,0,0
重庆,2025,物理类,专科批,1349,石家庄工商职业学院,,首选物理，再选不限,264,132645,,,0,河北,民办,0,0
重庆,2025,物理类,专科批,1350,河北交通职业技术学院,,首选物理，再选不限,401,112843,,,0,河北,公办,0,0
重庆,2025,物理类,专科批,1352,邢台医学院,,首选物理，再选不限,411,89678,,,0,河北,公办,0,0
重庆,2025,物理类,专科批,1352,邢台医学院,,首选物理，再选化学,436,93312,,,0,河北,公办,0,0
重庆,2025,物理类,专科批,1363,石家庄城市经济职业学院,,首选物理，再选不限,228,138022,,,0,河北,民办,0,0
重庆,2025,物理类,专科批,1364,河北机电职业技术学院,,首选物理，再选不限,357,119416,,,0,河北,公办,0,0
重庆,2025,物理类,专科批,1377,石家庄科技信息职业学院,,首选物理，再选不限,264,122703,,,0,河北,民办,0,0
重庆,2025,物理类,专科批,1383,石家庄医学高等专科学校,,首选物理，再选不限,180,113203,,,0,河北,民办,0,0
重庆,2025,物理类,专科批,1384,河北司法警官职业学院,,首选物理，再选不限,426,92301,,,0,河北,公办,0,0
重庆,2025,物理类,专科批,1392,石家庄人民医学高等专科学校,,首选物理，再选不限,372,107852,,,0,河北,民办,0,0
重庆,2025,物理类,专科批,1413,山西工程职业学院,,首选物理，再选不限,354,126004,,,0,山西,公办,0,0
重庆,2025,物理类,专科批,1440,临汾职业技术学院,,首选物理，再选不限,368,120512,,,0,山西,公办,0,0
重庆,2025,物理类,专科批,1454,运城护理职业学院,,首选物理，再选不限,379,102787,,,0,山西,公办,0,0
重庆,2025,物理类,专科批,1485,山西卫生健康职业学院,,首选物理，再选不限,385,95801,,,0,山西,公办,0,0
重庆,2025,物理类,专科批,1530,包头铁道职业技术学院,,首选物理，再选不限,416,107061,,,0,内蒙古,公办,0,0
重庆,2025,物理类,专科批,1545,满洲里俄语职业学院,,首选物理，再选不限,180,139478,,,0,内蒙古,公办,0,0
重庆,2025,物理类,专科批,2132,大连财经学院,,首选物理，再选不限,180,111757,,,0,辽宁,民办,0,0
重庆,2025,物理类,专科批,2134,铁岭师范高等专科学校,,首选物理，再选不限,180,120512,,,0,辽宁,公办,0,0
重庆,2025,物理类,专科批,2135,辽宁省交通高等专科学校,,首选物理，再选不限,335,110972,,,0,辽宁,公办,0,0
重庆,2025,物理类,专科批,2137,大连职业技术学院,,首选物理，再选不限,349,107852,,,0,辽宁,公办,0,0
重庆,2025,物理类,专科批,2140,辽宁机电职业技术学院,,首选物理，再选不限,351,101438,,,0,辽宁,公办,0,0
重庆,2025,物理类,专科批,2142,辽宁广告职业学院,,首选物理，再选不限,180,132498,,,0,辽宁,民办,0,0
重庆,2025,物理类,专科批,2145,锦州师范高等专科学校,,首选物理，再选不限,180,115614,,,0,辽宁,公办,0,0
重庆,2025,物理类,专科批,2146,辽宁农业职业技术学院,,首选物理，再选不限,284,115614,,,0,辽宁,公办,0,0
重庆,2025,物理类,专科批,2149,抚顺职业技术学院,,首选物理，再选不限,270,112125,,,0,辽宁,公办,0,0
重庆,2025,物理类,专科批,2156,辽宁职业学院,,首选物理，再选不限,362,120813,,,0,辽宁,公办,0,0
重庆,2025,物理类,专科批,2167,辽宁石化职业技术学院,,首选物理，再选不限,360,124405,,,0,辽宁,公办,0,0
重庆,2025,物理类,专科批,2171,沈阳职业技术学院,,首选物理，再选不限,303,116254,,,0,辽宁,公办,0,0
重庆,2025,物理类,专科批,2179,朝阳师范学院,,首选物理，再选不限,267,103653,,,0,辽宁,公办,0,0
重庆,2025,物理类,专科批,2184,大连航运职业技术学院,,首选物理，再选不限,180,129017,,,0,辽宁,民办,0,0
重庆,2025,物理类,专科批,2188,沈阳北软信息职业技术学院,,首选物理，再选不限,283,134938,,,0,辽宁,民办,0,0
重庆,2025,物理类,专科批,2191,抚顺师范高等专科学校,,首选物理，再选不限,298,125293,,,0,辽宁,公办,0,0
重庆,2025,物理类,专科批,2192,营口职业技术学院,,首选物理，再选不限,347,112125,,,0,辽宁,公办,0,0
重庆,2025,物理类,专科批,2193,盘锦职业技术学院,,首选物理，再选不限,350,117838,,,0,辽宁,公办,0,0
重庆,2025,物理类,专科批,2196,辽宁何氏医学院,,首选物理，再选不限,180,115614,,,0,辽宁,民办,0,0
重庆,2025,物理类,专科批,2198,辽宁铁道职业技术学院,,首选物理，再选不限,384,99645,,,0,辽宁,公办,0,0
重庆,2025,物理类,专科批,2199,大连汽车职业技术学院,,首选物理，再选不限,180,128832,,,0,辽宁,民办,0,0
重庆,2025,物理类,专科批,2226,长春金融高等专科学校,,首选物理，再选不限,355,110623,,,0,吉林,公办,0,0
重庆,2025,物理类,专科批,2227,长春医学高等专科学校,,首选物理，再选不限,397,76786,,,0,吉林,公办,0,0
重庆,2025,物理类,专科批,2228,吉林交通职业技术学院,,首选物理，再选不限,337,120244,,,0,吉林,公办,0,0
重庆,2025,物理类,专科批,2229,辽源职业技术学院,,首选物理，再选不限,344,84250,,,0,吉林,公办,0,0
重庆,2025,物理类,专科批,2240,吉林电子信息职业技术学院,,首选物理，再选不限,363,124163,,,0,吉林,公办,0,0
重庆,2025,物理类,专科批,2245,吉林司法警官职业学院,,首选物理，再选不限,383,118751,,,0,吉林,公办,0,0
重庆,2025,物理类,专科批,2260,梅河口康美职业技术学院,,首选物理，再选不限,180,120813,,,0,吉林,民办,0,0
重庆,2025,物理类,专科批,2267,白城职业技术学院,,首选物理，再选不限,348,127491,,,0,吉林,公办,0,0
重庆,2025,物理类,专科批,2268,长春健康职业学院,,首选物理，再选不限,319,132498,,,0,吉林,民办,0,0
重庆,2025,物理类,专科批,2321,牡丹江大学,,首选物理，再选不限,317,109026,,,0,黑龙江,公办,0,0
重庆,2025,物理类,专科批,2323,黑龙江建筑职业技术学院,,首选物理，再选不限,300,104066,,,0,黑龙江,公办,0,0
重庆,2025,物理类,专科批,2325,黑龙江农业工程职业学院,,首选物理，再选不限,348,102787,,,0,黑龙江,公办,0,0
重庆,2025,物理类,专科批,2326,黑龙江农垦职业学院,,首选物理，再选不限,264,119416,,,0,黑龙江,公办,0,0
重庆,2025,物理类,专科批,2327,哈尔滨铁道职业技术学院,,首选物理，再选不限,399,103219,,,0,黑龙江,公办,0,0
重庆,2025,物理类,专科批,2336,黑龙江生态工程职业学院,,首选物理，再选不限,326,131452,,,0,黑龙江,公办,0,0
重庆,2025,物理类,专科批,2341,黑龙江农业经济职业学院,,首选物理，再选不限,341,128832,,,0,黑龙江,公办,0,0
重庆,2025,物理类,专科批,2342,黑龙江林业职业技术学院,,首选物理，再选不限,329,126882,,,0,黑龙江,公办,0,0
重庆,2025,物理类,专科批,2343,哈尔滨职业技术大学,,首选物理，再选不限,383,113525,,,0,黑龙江,公办,0,0
重庆,2025,物理类,专科批,2347,黑龙江能源职业学院,,首选物理，再选不限,314,129017,,,0,黑龙江,公办,0,0
重庆,2025,物理类,专科批,2351,齐齐哈尔高等师范专科学校,,首选物理，再选不限,302,123916,,,0,黑龙江,公办,0,0
重庆,2025,物理类,专科批,2362,黑龙江司法警官职业学院,,首选物理，再选不限,375,117512,,,0,黑龙江,公办,0,0
重庆,2025,物理类,专科批,2364,黑龙江交通职业技术学院,,首选物理，再选不限,378,111360,,,0,黑龙江,公办,0,0
重庆,2025,物理类,专科批,2366,伊春职业学院,,首选物理，再选不限,357,111757,,,0,黑龙江,公办,0,0
重庆,2025,物理类,专科批,2367,大庆职业学院,,首选物理，再选不限,310,108277,,,0,黑龙江,公办,0,0
重庆,2025,物理类,专科批,2368,大兴安岭职业学院,,首选物理，再选不限,375,121108,,,0,黑龙江,公办,0,0
重庆,2025,物理类,专科批,2368,大兴安岭职业学院,,首选物理，再选化学,382,107852,,,0,黑龙江,公办,0,0
重庆,2025,物理类,专科批,2368,大兴安岭职业学院,,首选物理，再选生物,405,111360,,,0,黑龙江,公办,0,0
重庆,2025,物理类,专科批,2371,大庆医学高等专科学校,,首选物理，再选不限,402,77404,,,0,黑龙江,公办,0,0
重庆,2025,物理类,专科批,2373,黑龙江幼儿师范高等专科学校,,首选物理，再选不限,247,127491,,,0,黑龙江,公办,0,0
重庆,2025,物理类,专科批,2374,哈尔滨科学技术职业学院,,首选物理，再选不限,322,121108,,,0,黑龙江,公办,0,0
重庆,2025,物理类,专科批,2375,佳木斯职业学院,,首选物理，再选不限,330,130802,,,0,黑龙江,公办,0,0
重庆,2025,物理类,专科批,2376,黑龙江护理高等专科学校,,首选物理，再选不限,378,101917,,,0,黑龙江,公办,0,0
重庆,2025,物理类,专科批,2379,哈尔滨幼儿师范高等专科学校,,首选物理，再选不限,180,121108,,,0,黑龙江,公办,0,0
重庆,2025,物理类,专科批,2388,哈尔滨北方航空职业技术学院,,首选物理，再选不限,180,138022,,,0,黑龙江,民办,0,0
重庆,2025,物理类,专科批,3122,上海旅游高等专科学校,,首选物理，再选不限,414,96289,,,5,上海,公办,0,0
重庆,2025,物理类,专科批,3123,上海济光职业技术学院,,首选物理，再选不限,378,116882,,,0,上海,民办,0,0
重庆,2025,物理类,专科批,3128,上海工艺美术职业学院,,首选物理，再选不限,416,95317,,,0,上海,公办,0,0
重庆,2025,物理类,专科批,3149,上海电子信息职业技术学院,,首选物理，再选不限,425,87032,,,0,上海,公办,0,0
重庆,2025,物理类,专科批,3152,上海城建职业学院,,首选物理，再选不限,417,82102,,,0,上海,公办,0,0
重庆,2025,物理类,专科批,3153,上海交通职业技术学院,,首选物理，再选不限,410,99150,,,0,上海,公办,0,0
重庆,2025,物理类,专科批,3160,上海出版印刷高等专科学校,,首选物理，再选不限,413,102787,,,0,上海,公办,0,0
重庆,2025,物理类,专科批,3173,上海邦德职业技术学院,,首选物理，再选不限,356,125534,,,0,上海,民办,0,0
重庆,2025,物理类,专科批,3176,上海民航职业技术学院,,首选物理，再选不限,421,85348,,,0,上海,公办,0,0
重庆,2025,物理类,专科批,3177,上海科学技术职业学院,,首选物理，再选不限,442,70203,,,0,上海,公办,0,0
重庆,2025,物理类,专科批,3235,江苏建筑职业技术学院,,首选物理，再选不限,387,114243,,,0,江苏,公办,0,0
重庆,2025,物理类,专科批,3238,江苏食品药品职业技术学院,,首选物理，再选不限,392,115930,,,0,江苏,公办,0,0
重庆,2025,物理类,专科批,3243,江苏海事职业技术学院,,首选物理，再选不限,481,73860,,,0,江苏,公办,0,0
重庆,2025,物理类,专科批,3253,江苏农牧科技职业学院,,首选物理，再选不限,410,78587,,,0,江苏,公办,0,0
重庆,2025,物理类,专科批,3256,苏州百年职业学院,,首选物理，再选不限,325,123916,,,0,江苏,中外合作办学,0,0
重庆,2025,物理类,专科批,3272,太湖创意职业技术学院,,首选物理，再选不限,320,131132,,,0,江苏,民办,0,0
重庆,2025,物理类,专科批,3279,苏州高博职业学院,,首选物理，再选不限,302,124643,,,0,江苏,民办,0,0
重庆,2025,物理类,专科批,3291,江苏城市职业学院,,首选物理，再选不限,403,106225,,,0,江苏,公办,0,0
重庆,2025,物理类,专科批,3292,明达职业技术学院,,首选物理，再选不限,180,139478,,,0,江苏,民办,0,0
重庆,2025,物理类,专科批,3293,连云港职业技术学院,,首选物理，再选不限,387,117512,,,0,江苏,公办,0,0
重庆,2025,物理类,专科批,3294,镇江市高等专科学校,,首选物理，再选不限,388,112125,,,0,江苏,公办,0,0
重庆,2025,物理类,专科批,3296,苏州职业技术大学,,首选物理，再选不限,409,83220,,,0,江苏,公办,0,0
重庆,2025,物理类,专科批,3315,浙江工贸职业技术学院,,首选物理，再选不限,438,89678,,,0,浙江,公办,0,0
重庆,2025,物理类,专科批,3334,浙江机电职业技术大学,,首选物理，再选不限,466,75574,,,0,浙江,公办,0,0
重庆,2025,物理类,专科批,3354,浙江商业职业技术学院,,首选物理，再选不限,413,80338,,,0,浙江,公办,0,0
重庆,2025,物理类,专科批,3355,浙江经济职业技术学院,,首选物理，再选不限,430,84831,,,0,浙江,公办,0,0
重庆,2025,物理类,专科批,3379,浙江工商职业技术学院,,首选物理，再选不限,421,80338,,,0,浙江,公办,0,0
重庆,2025,物理类,专科批,3415,安徽第二医学院,,首选物理，再选不限,436,92792,,,0,安徽,公办,0,0
重庆,2025,物理类,专科批,3415,安徽第二医学院,,首选物理，再选化学,434,99150,,,0,安徽,公办,0,0
重庆,2025,物理类,专科批,3415,安徽第二医学院,,首选物理，再选生物,422,104526,,,0,安徽,公办,0,0
重庆,2025,物理类,专科批,3438,安徽新闻出版职业技术学院,,首选物理，再选不限,346,113525,,,0,安徽,公办,0,0
重庆,2025,物理类,专科批,3462,安徽审计职业学院,,首选物理，再选不限,396,114578,,,0,安徽,公办,0,0
重庆,2025,物理类,专科批,3464,合肥职业技术学院,,首选物理，再选不限,387,117512,,,0,安徽,公办,0,0
重庆,2025,物理类,专科批,3472,合肥通用职业技术学院,,首选物理，再选不限,342,124855,,,0,安徽,公办,0,0
重庆,2025,物理类,专科批,3479,宣城职业技术学院,,首选物理，再选不限,378,120244,,,0,安徽,公办,0,0
重庆,2025,物理类,专科批,3515,黎明职业大学,,首选物理，再选不限,394,107852,,,0,福建,公办,0,0
重庆,2025,物理类,专科批,3517,漳州职业技术学院,,首选物理，再选不限,424,87578,,,0,福建,公办,0,0
重庆,2025,物理类,专科批,3523,泉州纺织服装职业学院,,首选物理，再选不限,180,139478,,,0,福建,民办,0,0
重庆,2025,物理类,专科批,3531,厦门华天涉外职业技术学院,,首选物理，再选不限,328,123183,,,0,福建,民办,0,0
重庆,2025,物理类,专科批,3541,泉州经贸职业技术学院,,首选物理，再选不限,353,123654,,,0,福建,公办,0,0
重庆,2025,物理类,专科批,3548,厦门兴才职业技术学院,,首选物理，再选不限,327,131286,,,0,福建,民办,0,0
重庆,2025,物理类,专科批,3550,厦门软件职业技术学院,,首选物理，再选不限,419,105820,,,0,福建,民办,0,0
重庆,2025,物理类,专科批,3551,厦门南洋职业学院,,首选物理，再选不限,329,130964,,,0,福建,民办,0,0
重庆,2025,物理类,专科批,3563,三明医学科技职业学院,,首选物理，再选不限,333,89678,,,0,福建,公办,0,0
重庆,2025,物理类,专科批,3564,泉州轻工职业学院,,首选物理，再选不限,284,136215,,,0,福建,民办,0,0
重庆,2025,物理类,专科批,3572,漳州科技职业学院,,首选物理，再选不限,180,139478,,,0,福建,民办,0,0
重庆,2025,物理类,专科批,3573,泉州海洋职业学院,,首选物理，再选不限,336,128832,,,0,福建,民办,0,0
重庆,2025,物理类,专科批,3582,武夷山职业学院,,首选物理，再选不限,180,139478,,,0,福建,民办,0,0
重庆,2025,物理类,专科批,3583,厦门城市职业学院,,首选物理，再选不限,398,106225,,,0,福建,公办,0,0
重庆,2025,物理类,专科批,3593,福州墨尔本理工职业学院,,首选物理，再选不限,180,136798,,,0,福建,中外合作办学,0,0
重庆,2025,物理类,专科批,3598,福州软件职业技术学院,,首选物理，再选不限,180,139478,,,0,福建,民办,0,0
重庆,2025,物理类,专科批,3614,江西医学高等专科学校,,首选物理，再选不限,412,102364,,,0,江西,公办,0,0
重庆,2025,物理类,专科批,3614,江西医学高等专科学校,,首选物理，再选化学,311,92792,,,0,江西,公办,0,0
重庆,2025,物理类,专科批,3631,九江职业大学,,首选物理，再选不限,320,104987,,,0,江西,公办,0,0
重庆,2025,物理类,专科批,3633,江西职业技术大学,,首选物理，再选不限,404,91780,,,0,江西,公办,0,0
重庆,2025,物理类,专科批,3634,江西工业职业技术学院,,首选物理，再选不限,378,110249,,,0,江西,公办,0,0
重庆,2025,物理类,专科批,3636,南昌理工学院,,首选物理，再选不限,212,118146,,,0,江西,民办,0,0
重庆,2025,物理类,专科批,3637,江西司法警官职业学院,,首选物理，再选不限,396,110249,,,0,江西,公办,0,0
重庆,2025,物理类,专科批,3638,江西应用科技学院,,首选物理，再选不限,180,139478,,,0,江西,民办,0,0
重庆,2025,物理类,专科批,3639,江西电力职业技术学院,,首选物理，再选不限,448,72625,,,0,江西,公办,0,0
重庆,2025,物理类,专科批,3641,江西机电职业技术学院,,首选物理，再选不限,376,111360,,,11,江西,公办,0,0
重庆,2025,物理类,专科批,3644,江西交通职业技术学院,,首选物理，再选不限,374,115930,,,0,江西,公办,0,0
重庆,2025,物理类,专科批,3646,江西财经职业学院,,首选物理，再选不限,384,114243,,,0,江西,公办,0,0
重庆,2025,物理类,专科批,3647,江西应用技术职业学院,,首选物理，再选不限,485,71425,,,0,江西,公办,0,0
重庆,2025,物理类,专科批,3648,江西现代职业技术学院,,首选物理，再选不限,378,119987,,,0,江西,公办,0,0
重庆,2025,物理类,专科批,3649,南昌工学院,,首选物理，再选不限,317,124405,,,0,江西,民办,0,0
重庆,2025,物理类,专科批,3650,南昌职业大学,,首选物理，再选不限,180,132916,,,0,江西,民办,0,0
重庆,2025,物理类,专科批,3652,江西科技职业学院,,首选物理，再选不限,324,127087,,,0,江西,民办,0,0
重庆,2025,物理类,专科批,3658,江西环境工程职业学院,,首选物理，再选不限,349,118146,,,0,江西,公办,0,0
重庆,2025,物理类,专科批,3659,宜春职业技术学院,,首选物理，再选不限,370,109026,,,0,江西,公办,0,0
重庆,2025,物理类,专科批,3661,江西建设职业技术学院,,首选物理，再选不限,333,121108,,,0,江西,公办,0,0
重庆,2025,物理类,专科批,3664,江西软件职业技术大学,,首选物理，再选不限,180,139478,,,0,江西,民办,0,0
重庆,2025,物理类,专科批,3666,赣西科技职业学院,,首选物理，再选不限,329,130964,,,0,江西,民办,0,0
重庆,2025,物理类,专科批,3670,抚州医药学院,,首选物理，再选不限,409,107473,,,0,江西,公办,0,0
重庆,2025,物理类,专科批,3673,江西信息应用职业技术学院,,首选物理，再选不限,477,76161,,,0,江西,公办,0,0
重庆,2025,物理类,专科批,3675,江西工程职业学院,,首选物理，再选不限,378,120244,,,0,江西,公办,0,0
重庆,2025,物理类,专科批,3682,江西新能源科技职业学院,,首选物理，再选不限,241,127491,,,0,江西,民办,0,0
重庆,2025,物理类,专科批,3683,江西水利职业学院,,首选物理，再选不限,367,118751,,,0,江西,公办,0,0
重庆,2025,物理类,专科批,3685,江西工商职业技术学院,,首选物理，再选不限,180,130290,,,0,江西,民办,0,0
重庆,2025,物理类,专科批,3688,江西师范高等专科学校,,首选物理，再选不限,379,119987,,,0,江西,公办,0,0
重庆,2025,物理类,专科批,3690,江西航空职业技术学院,,首选物理，再选不限,330,129759,,,0,江西,民办,0,0
重庆,2025,物理类,专科批,3691,江西枫林涉外经贸职业学院,,首选物理，再选不限,339,129189,,,0,江西,民办,0,0
重庆,2025,物理类,专科批,3693,景德镇陶瓷职业技术学院,,首选物理，再选不限,180,139478,,,0,江西,民办,0,0
重庆,2025,物理类,专科批,3697,吉安职业技术学院,,首选物理，再选不限,342,109842,,,0,江西,公办,0,0
重庆,2025,物理类,专科批,3698,赣南卫生健康职业学院,,首选物理，再选不限,375,113525,,,0,江西,公办,0,0
重庆,2025,物理类,专科批,3698,赣南卫生健康职业学院,,首选物理，再选化学、生物(2科必选),434,99150,,,0,江西,公办,0,0
重庆,2025,物理类,专科批,3721,山东水利职业学院,,首选物理，再选不限,376,109026,,,0,山东,公办,0,0
重庆,2025,物理类,专科批,3723,山东力明科技职业学院,,首选物理，再选不限,180,109455,,,0,山东,民办,0,0
重庆,2025,物理类,专科批,3724,青岛酒店管理职业技术学院,,首选物理，再选不限,355,126004,,,0,山东,公办,0,0
重庆,2025,物理类,专科批,3729,青岛求实职业技术学院,,首选物理，再选不限,180,127491,,,0,山东,民办,0,0
重庆,2025,物理类,专科批,3731,青岛黄海学院,,首选物理，再选不限,180,121418,,,0,山东,民办,0,0
重庆,2025,物理类,专科批,3733,山东畜牧兽医职业学院,,首选物理，再选不限,424,80338,,,0,山东,公办,0,0
重庆,2025,物理类,专科批,3736,曲阜远东职业技术学院,,首选物理，再选不限,180,139478,,,0,山东,民办,0,0
重庆,2025,物理类,专科批,3737,青岛港湾职业技术学院,,首选物理，再选不限,413,87032,,,0,山东,公办,0,0
重庆,2025,物理类,专科批,3747,日照职业技术学院,,首选物理，再选不限,354,97269,,,0,山东,公办,0,0
重庆,2025,物理类,专科批,3766,齐鲁理工学院,,首选物理，再选不限,180,137473,,,0,山东,民办,0,0
重庆,2025,物理类,专科批,3782,山东职业学院,,首选物理，再选不限,408,94799,,,0,山东,公办,0,0
重庆,2025,物理类,专科批,3783,山东铝业职业学院,,首选物理，再选不限,321,120512,,,0,山东,公办,0,0
重庆,2025,物理类,专科批,3784,山东海事职业学院,,首选物理，再选不限,180,128832,,,0,山东,民办,0,0
重庆,2025,物理类,专科批,4126,开封大学,,首选物理，再选不限,387,102787,,,0,河南,公办,0,0
重庆,2025,物理类,专科批,4131,濮阳职业技术学院,,首选物理，再选不限,295,135326,,,0,河南,公办,0,0
重庆,2025,物理类,专科批,4133,焦作大学,,首选物理，再选不限,411,109026,,,0,河南,公办,0,0
重庆,2025,物理类,专科批,4134,郑州电力高等专科学校,,首选物理，再选不限,464,83738,,,0,河南,公办,0,0
重庆,2025,物理类,专科批,4137,黄河水利职业技术大学,,首选物理，再选不限,419,78587,,,0,河南,公办,0,0
重庆,2025,物理类,专科批,4139,鹤壁职业技术学院,,首选物理，再选不限,347,120813,,,0,河南,公办,0,0
重庆,2025,物理类,专科批,4140,河南工业职业技术学院,,首选物理，再选不限,383,118751,,,0,河南,公办,0,0
重庆,2025,物理类,专科批,4150,漯河职业技术学院,,首选物理，再选不限,326,116566,,,0,河南,公办,0,0
重庆,2025,物理类,专科批,4151,三门峡职业技术学院,,首选物理，再选不限,365,121958,,,0,河南,公办,0,0
重庆,2025,物理类,专科批,4155,信阳职业技术学院,,首选物理，再选不限,344,112465,,,0,河南,公办,0,0
重庆,2025,物理类,专科批,4161,漯河医学高等专科学校,,首选物理，再选不限,347,80338,,,0,河南,公办,0,0
重庆,2025,物理类,专科批,4170,周口职业技术学院,,首选物理，再选不限,369,122703,,,0,河南,公办,0,0
重庆,2025,物理类,专科批,4179,商丘医学高等专科学校,,首选物理，再选不限,412,95801,,,0,河南,公办,0,0
重庆,2025,物理类,专科批,4186,郑州健康学院,,首选物理，再选不限,409,89678,,,0,河南,民办,0,0
重庆,2025,物理类,专科批,4189,河南医学高等专科学校,,首选物理，再选不限,402,112465,,,0,河南,公办,0,0
重庆,2025,物理类,专科批,4191,平顶山工业职业技术学院,,首选物理，再选不限,354,125087,,,0,河南,公办,0,0
重庆,2025,物理类,专科批,4193,济源职业技术学院,,首选物理，再选不限,371,119063,,,0,河南,公办,0,0
重庆,2025,物理类,专科批,4197,河南护理职业学院,,首选物理，再选不限,389,116882,,,0,河南,公办,0,0
重庆,2025,物理类,专科批,4239,鄂州职业大学,,首选物理，再选不限,263,112843,,,0,湖北,公办,0,0
重庆,2025,物理类,专科批,4240,武汉职业技术大学,,首选物理，再选不限,437,74439,,,0,湖北,公办,0,0
重庆,2025,物理类,专科批,4241,武汉船舶职业技术学院,,首选物理，再选不限,341,91780,,,0,湖北,公办,0,0
重庆,2025,物理类,专科批,4243,黄冈职业技术学院,,首选物理，再选不限,372,93312,,,0,湖北,公办,0,0
重庆,2025,物理类,专科批,4244,湖北职业技术学院,,首选物理，再选不限,389,83738,,,0,湖北,公办,0,0
重庆,2025,物理类,专科批,4247,襄阳职业技术学院,,首选物理，再选不限,395,77404,,,0,湖北,公办,0,0
重庆,2025,物理类,专科批,4248,恩施职业技术学院,,首选物理，再选不限,180,111757,,,0,湖北,公办,0,0
重庆,2025,物理类,专科批,4250,武汉生物工程学院,,首选物理，再选不限,315,109026,,,0,湖北,民办,0,0
重庆,2025,物理类,专科批,4251,湖北交通职业技术学院,,首选物理，再选不限,376,107061,,,0,湖北,公办,0,0
重庆,2025,物理类,专科批,4252,仙桃职业学院,,首选物理，再选不限,341,113892,,,0,湖北,公办,0,0
重庆,2025,物理类,专科批,4253,荆州职业技术学院,,首选物理，再选不限,358,118467,,,0,湖北,公办,0,0
重庆,2025,物理类,专科批,4255,武汉软件工程职业学院,,首选物理，再选不限,478,72040,,,0,湖北,公办,0,0
重庆,2025,物理类,专科批,4256,武汉电力职业技术学院,,首选物理，再选不限,463,83220,,,0,湖北,公办,0,0
重庆,2025,物理类,专科批,4257,湖北水利水电职业技术学院,,首选物理，再选不限,415,104987,,,0,湖北,公办,0,0
重庆,2025,物理类,专科批,4258,武汉商贸职业学院,,首选物理，再选不限,313,120244,,,0,湖北,民办,0,0
重庆,2025,物理类,专科批,4259,武汉科技职业学院,,首选物理，再选不限,180,127299,,,0,湖北,民办,0,0
重庆,2025,物理类,专科批,4261,武汉警官职业学院,,首选物理，再选不限,426,72625,,,0,湖北,公办,0,0
重庆,2025,物理类,专科批,4262,随州职业技术学院,,首选物理，再选不限,324,114918,,,0,湖北,公办,0,0
重庆,2025,物理类,专科批,4263,武汉交通职业学院,,首选物理，再选不限,376,104526,,,0,湖北,公办,0,0
重庆,2025,物理类,专科批,4264,咸宁职业技术学院,,首选物理，再选不限,180,108668,,,0,湖北,公办,0,0
重庆,2025,物理类,专科批,4265,长江工程职业技术学院,,首选物理，再选不限,379,105425,,,0,湖北,公办,0,0
重庆,2025,物理类,专科批,4267,湖北生态工程职业技术学院,,首选物理，再选不限,370,112465,,,0,湖北,公办,0,0
重庆,2025,物理类,专科批,4268,湖北生物科技职业学院,,首选物理，再选不限,336,109842,,,0,湖北,公办,0,0
重庆,2025,物理类,专科批,4274,湖北开放职业学院,,首选物理，再选不限,300,134938,,,0,湖北,民办,0,0
重庆,2025,物理类,专科批,4276,湖北三峡职业技术学院,,首选物理，再选不限,180,91780,,,0,湖北,公办,0,0
重庆,2025,物理类,专科批,4278,湖北恩施学院,,首选物理，再选不限,323,114578,,,0,湖北,民办,0,0
重庆,2025,物理类,专科批,4280,武汉铁路职业技术学院,,首选物理，再选不限,409,42282,,,0,湖北,公办,0,0
重庆,2025,物理类,专科批,4285,武汉城市职业学院,,首选物理，再选不限,386,107473,,,0,湖北,公办,0,0
重庆,2025,物理类,专科批,4286,三峡大学科技学院,,首选物理，再选不限,360,104987,,,0,湖北,民办,0,0
重庆,2025,物理类,专科批,4289,湖北国土资源职业学院,,首选物理，再选不限,409,104987,,,0,湖北,公办,0,0
重庆,2025,物理类,专科批,4290,湖北中医药高等专科学校,,首选物理，再选不限,460,42282,,,0,湖北,公办,0,0
重庆,2025,物理类,专科批,4296,湖北城市建设职业技术学院,,首选物理，再选不限,293,100543,,,0,湖北,公办,0,0
重庆,2025,物理类,专科批,4299,荆州理工职业学院,,首选物理，再选不限,339,112843,,,0,湖北,公办,0,0
重庆,2025,物理类,专科批,4329,长沙航空职业技术学院,,首选物理，再选不限,427,84250,,,0,湖南,公办,0,0
重庆,2025,物理类,专科批,4330,长沙民政职业技术学院,,首选物理，再选不限,385,73224,,,0,湖南,公办,0,0
重庆,2025,物理类,专科批,4331,湖南工业职业技术学院,,首选物理，再选不限,405,106225,,,0,湖南,公办,0,0
重庆,2025,物理类,专科批,4332,湖南信息职业技术学院,,首选物理，再选不限,419,97772,,,0,湖南,公办,0,0
重庆,2025,物理类,专科批,4335,湖南铁道职业技术学院,,首选物理，再选不限,409,82102,,,0,湖南,公办,0,0
重庆,2025,物理类,专科批,4336,永州职业技术学院,,首选物理，再选不限,315,79189,,,0,湖南,公办,0,0
重庆,2025,物理类,专科批,4337,湘潭医卫职业技术学院,,首选物理，再选不限,387,113203,,,0,湖南,公办,0,0
重庆,2025,物理类,专科批,4339,郴州职业技术学院,,首选物理，再选不限,371,107061,,,0,湖南,公办,0,0
重庆,2025,物理类,专科批,4341,张家界航空工业职业技术学院,,首选物理，再选不限,406,107852,,,0,湖南,公办,0,0
重庆,2025,物理类,专科批,4342,湖南工程职业技术学院,,首选物理，再选不限,389,111757,,,0,湖南,公办,0,0
重庆,2025,物理类,专科批,4343,长沙环境保护职业技术学院,,首选物理，再选不限,375,121108,,,0,湖南,公办,0,0
重庆,2025,物理类,专科批,4344,湖南机电职业技术学院,,首选物理，再选不限,346,127895,,,0,湖南,公办,0,0
重庆,2025,物理类,专科批,4348,怀化职业技术学院,,首选物理，再选不限,362,101917,,,0,湖南,公办,0,0
重庆,2025,物理类,专科批,4351,湖南民族职业学院,,首选物理，再选不限,328,121418,,,0,湖南,公办,0,0
重庆,2025,物理类,专科批,4355,常德职业技术学院,,首选物理，再选不限,381,109026,,,0,湖南,公办,0,0
重庆,2025,物理类,专科批,4356,湖南应用技术学院,,首选物理，再选不限,180,116254,,,0,湖南,民办,0,0
重庆,2025,物理类,专科批,4360,湖南石油化工职业技术学院,,首选物理，再选不限,410,109455,,,0,湖南,公办,0,0
重庆,2025,物理类,专科批,4363,湖南科技职业学院,,首选物理，再选不限,436,98260,,,0,湖南,公办,0,0
重庆,2025,物理类,专科批,4364,岳阳职业技术学院,,首选物理，再选不限,180,96773,,,0,湖南,公办,0,0
重庆,2025,物理类,专科批,4372,湖南大众传媒职业技术学院,,首选物理，再选不限,408,101438,,,0,湖南,公办,0,0
重庆,2025,物理类,专科批,4373,湖南交通职业技术学院,,首选物理，再选不限,403,112125,,,0,湖南,公办,0,0
重庆,2025,物理类,专科批,4377,湖南环境生物职业技术学院,,首选物理，再选不限,389,109455,,,0,湖南,公办,0,0
重庆,2025,物理类,专科批,4378,湖南城建职业技术学院,,首选物理，再选不限,371,122227,,,0,湖南,公办,0,0
重庆,2025,物理类,专科批,4380,湘西民族职业技术学院,,首选物理，再选不限,350,101438,,,0,湖南,公办,0,0
重庆,2025,物理类,专科批,4383,湖南高速铁路职业技术学院,,首选物理，再选不限,465,73860,,,0,湖南,公办,0,0
重庆,2025,物理类,专科批,4389,湖南司法警官职业学院,,首选物理，再选不限,401,112125,,,0,湖南,公办,0,0
重庆,2025,物理类,专科批,4390,长沙商贸旅游职业技术学院,,首选物理，再选不限,379,119987,,,0,湖南,公办,0,0
重庆,2025,物理类,专科批,4393,湖南外国语职业学院,,首选物理，再选不限,180,129572,,,0,湖南,民办,0,0
重庆,2025,物理类,专科批,4396,湖南汽车工程职业大学,,首选物理，再选不限,383,104526,,,0,湖南,公办,0,0
重庆,2025,物理类,专科批,4397,湖南安全技术职业学院,,首选物理，再选不限,363,124163,,,0,湖南,公办,0,0
重庆,2025,物理类,专科批,4419,广东南华工商职业学院,,首选物理，再选不限,428,88104,,,0,广东,公办,0,0
重庆,2025,物理类,专科批,4421,广州民航职业技术学院,,首选物理，再选不限,396,73860,,,0,广东,公办,0,0
重庆,2025,物理类,专科批,4428,广东亚视演艺职业学院,,首选物理，再选不限,180,120512,,,0,广东,民办,0,0
重庆,2025,物理类,专科批,4430,珠海艺术职业学院,,首选物理，再选不限,264,137823,,,0,广东,民办,0,0
重庆,2025,物理类,专科批,4437,广东工贸职业技术学院,,首选物理，再选不限,420,104987,,,0,广东,公办,0,0
重庆,2025,物理类,专科批,4439,广东轻工职业技术大学,,首选物理，再选不限,414,75574,,,0,广东,公办,0,0
重庆,2025,物理类,专科批,4458,深圳职业技术大学,,首选物理，再选不限,478,70780,,,0,广东,公办,0,0
重庆,2025,物理类,专科批,4481,广东文理职业学院,,首选物理，再选不限,180,132498,,,0,广东,民办,0,0
重庆,2025,物理类,专科批,4483,广东科学技术职业学院,,首选物理，再选不限,412,82102,,,0,广东,公办,0,0
重庆,2025,物理类,专科批,4498,广州卫生职业技术学院,,首选物理，再选不限,417,68311,,,0,广东,公办,0,0
重庆,2025,物理类,专科批,4503,桂林理工大学,,首选物理，再选不限,430,76161,,,0,广西,公办,0,0
重庆,2025,物理类,专科批,4513,桂林旅游学院,,首选物理，再选不限,419,100092,,,0,广西,公办,0,0
重庆,2025,物理类,专科批,4517,南宁职业技术大学,,首选物理，再选不限,308,115282,,,0,广西,公办,0,0
重庆,2025,物理类,专科批,4523,广西工业职业技术学院,,首选物理，再选不限,371,113892,,,0,广西,公办,0,0
重庆,2025,物理类,专科批,4540,广西国际商务职业技术学院,,首选物理，再选不限,180,115282,,,0,广西,公办,0,0
重庆,2025,物理类,专科批,4551,柳州城市职业学院,,首选物理，再选不限,361,110623,,,0,广西,公办,0,0
重庆,2025,物理类,专科批,4553,广西电力职业技术学院,,首选物理，再选不限,397,100543,,,0,广西,公办,0,0
重庆,2025,物理类,专科批,4557,梧州职业学院,,首选物理，再选不限,310,123654,,,0,广西,公办,0,0
重庆,2025,物理类,专科批,4558,广西机电职业技术学院,,首选物理，再选不限,362,114578,,,0,广西,公办,0,0
重庆,2025,物理类,专科批,4560,广西卫生职业技术学院,,首选物理，再选不限,386,108668,,,0,广西,公办,0,0
重庆,2025,物理类,专科批,4564,广西幼儿师范高等专科学校,,首选物理，再选不限,344,124855,,,0,广西,公办,0,0
重庆,2025,物理类,专科批,4567,广西经济职业学院,,首选物理，再选不限,180,138376,,,0,广西,民办,0,0
重庆,2025,物理类,专科批,4571,广西理工职业技术学院,,首选物理，再选不限,309,133867,,,0,广西,民办,0,0
重庆,2025,物理类,专科批,4572,广西科技职业学院,,首选物理，再选不限,180,139478,,,0,广西,民办,0,0
重庆,2025,物理类,专科批,4575,广西自然资源职业技术学院,,首选物理，再选不限,289,117838,,,0,广西,公办,0,0
重庆,2025,物理类,专科批,4576,钦州幼儿师范高等专科学校,,首选物理，再选不限,180,129017,,,0,广西,公办,0,0
重庆,2025,物理类,专科批,4579,梧州医学高等专科学校,,首选物理，再选不限,344,119987,,,0,广西,民办,0,0
重庆,2025,物理类,专科批,4580,桂林生命与健康职业技术学院,,首选物理，再选不限,180,139478,,,0,广西,民办,0,0
重庆,2025,物理类,专科批,4588,北海康养职业学院,,首选物理，再选不限,180,139478,,,0,广西,民办,0,0
重庆,2025,物理类,专科批,4605,海南职业技术学院,,首选物理，再选不限,327,125754,,,0,海南,公办,0,0
重庆,2025,物理类,专科批,4606,海口经济学院,,首选物理，再选不限,180,138022,,,0,海南,民办,0,0
重庆,2025,物理类,专科批,4607,三亚城市职业学院,,首选物理，再选不限,180,118467,,,0,海南,民办,0,0
重庆,2025,物理类,专科批,4608,海南软件职业技术学院,,首选物理，再选不限,364,123916,,,0,海南,公办,0,0
重庆,2025,物理类,专科批,4609,海南工商职业学院,,首选物理，再选不限,180,139478,,,0,海南,民办,0,0
重庆,2025,物理类,专科批,4613,海南外国语职业学院,,首选物理，再选不限,346,115282,,,0,海南,公办,0,0
重庆,2025,物理类,专科批,4616,三亚航空旅游职业学院,,首选物理，再选不限,180,114918,,,0,海南,民办,0,0
重庆,2025,物理类,专科批,4617,三亚理工职业学院,,首选物理，再选不限,286,134704,,,0,海南,民办,0,0
重庆,2025,物理类,专科批,4620,海南科技职业大学,,首选物理，再选不限,180,134362,,,0,海南,民办,0,0
重庆,2025,物理类,专科批,4626,三亚中瑞酒店管理职业学院,,首选物理，再选不限,180,137403,,,0,海南,民办,0,0
重庆,2025,物理类,专科批,4627,海南健康管理职业技术学院,,首选物理，再选不限,197,139421,,,0,海南,民办,0,0
重庆,2025,物理类,专科批,4629,海南东方新丝路职业学院,,首选物理，再选不限,180,139478,,,0,海南,民办,0,0
重庆,2025,物理类,专科批,4631,三亚护理职业学院,,首选物理，再选不限,180,139478,,,0,海南,民办,0,0
重庆,2025,物理类,专科批,5028,重庆电子科技职业大学,,首选物理，再选不限,412,78003,,,0,重庆,公办,0,0
重庆,2025,物理类,专科批,5030,重庆电力高等专科学校,,首选物理，再选不限,405,71425,,,0,重庆,公办,0,0
重庆,2025,物理类,专科批,5031,重庆航天职业技术学院,,首选物理，再选不限,400,89161,,,0,重庆,公办,0,0
重庆,2025,物理类,专科批,5032,重庆工业职业技术大学,,首选物理，再选不限,404,95317,,,0,重庆,公办,0,0
重庆,2025,物理类,专科批,5033,重庆工程职业技术学院,,首选物理，再选不限,391,89678,,,0,重庆,公办,0,0
重庆,2025,物理类,专科批,5034,重庆城市管理职业学院,,首选物理，再选不限,180,76786,,,0,重庆,公办,0,0
重庆,2025,物理类,专科批,5037,重庆信息技术职业学院,,首选物理，再选不限,257,125754,,,0,重庆,民办,0,0
重庆,2025,物理类,专科批,5038,重庆海联职业技术学院,,首选物理，再选不限,180,121418,,,0,重庆,民办,0,0
重庆,2025,物理类,专科批,5039,重庆传媒职业学院,,首选物理，再选不限,180,128832,,,0,重庆,民办,0,0
重庆,2025,物理类,专科批,5040,重庆工商职业学院,,首选物理，再选不限,383,97269,,,0,重庆,公办,0,0
重庆,2025,物理类,专科批,5041,重庆建筑科技职业学院,,首选物理，再选不限,180,119690,,,0,重庆,民办,0,0
重庆,2025,物理类,专科批,5042,重庆三峡职业学院,,首选物理，再选不限,363,97269,,,0,重庆,公办,0,0
重庆,2025,物理类,专科批,5043,重庆工贸职业技术学院,,首选物理，再选不限,346,100988,,,0,重庆,公办,0,0
重庆,2025,物理类,专科批,5046,重庆财经职业学院,,首选物理，再选不限,362,107061,,,0,重庆,公办,0,0
重庆,2025,物理类,专科批,5047,重庆水利电力职业技术学院,,首选物理，再选不限,342,104066,,,0,重庆,公办,0,0
重庆,2025,物理类,专科批,5050,重庆机电职业技术大学,,首选物理，再选不限,326,112843,,,0,重庆,民办,0,0
重庆,2025,物理类,专科批,5054,重庆城市职业学院,,首选物理，再选不限,344,107473,,,0,重庆,公办,0,0
重庆,2025,物理类,专科批,5056,重庆应用技术职业学院,,首选物理，再选不限,180,131775,,,0,重庆,民办,0,0
重庆,2025,物理类,专科批,5058,重庆电讯职业学院,,首选物理，再选不限,180,129396,,,0,重庆,民办,0,0
重庆,2025,物理类,专科批,5059,重庆三峡医药高等专科学校,,首选物理，再选不限,414,76161,,,0,重庆,公办,0,0
重庆,2025,物理类,专科批,5060,重庆医药高等专科学校,,首选物理，再选不限,415,52572,,,0,重庆,公办,0,0
重庆,2025,物理类,专科批,5060,重庆医药高等专科学校,,首选物理，再选化学,404,101438,,,0,重庆,公办,0,0
重庆,2025,物理类,专科批,5061,重庆化工职业学院,,首选物理，再选不限,357,109455,,,0,重庆,公办,0,0
重庆,2025,物理类,专科批,5062,重庆青年职业技术学院,,首选物理，再选不限,370,108668,,,0,重庆,公办,0,0
重庆,2025,物理类,专科批,5064,重庆科创职业学院,,首选物理，再选不限,325,118751,,,0,重庆,民办,0,0
重庆,2025,物理类,专科批,5065,重庆建筑工程职业学院,,首选物理，再选不限,373,101438,,,0,重庆,公办,0,0
重庆,2025,物理类,专科批,5066,重庆能源职业学院,,首选物理，再选不限,180,129017,,,0,重庆,民办,0,0
重庆,2025,物理类,专科批,5067,重庆商务职业学院,,首选物理，再选不限,374,106225,,,0,重庆,公办,0,0
重庆,2025,物理类,专科批,5069,重庆交通职业学院,,首选物理，再选不限,308,117838,,,0,重庆,民办,0,0
重庆,2025,物理类,专科批,5071,重庆旅游职业学院,,首选物理，再选不限,346,110972,,,0,重庆,公办,0,0
重庆,2025,物理类,专科批,5072,重庆现代制造职业学院,,首选物理，再选不限,273,129017,,,0,重庆,民办,0,0
重庆,2025,物理类,专科批,5073,重庆安防职业学院,,首选物理，再选不限,180,139478,,,0,重庆,民办,0,0
重庆,2025,物理类,专科批,5077,重庆五一职业技术学院,,首选物理，再选不限,348,113892,,,0,重庆,公办,0,0
重庆,2025,物理类,专科批,5078,重庆电信职业学院,,首选物理，再选不限,279,122932,,,0,重庆,民办,0,0
重庆,2025,物理类,专科批,5079,重庆公共运输职业学院,,首选物理，再选不限,312,103653,,,0,重庆,民办,0,0
重庆,2025,物理类,专科批,5080,重庆艺术工程职业学院,,首选物理，再选不限,180,133607,,,0,重庆,民办,0,0
重庆,2025,物理类,专科批,5081,重庆轻工职业学院,,首选物理，再选不限,180,121418,,,0,重庆,民办,0,0
重庆,2025,物理类,专科批,5082,重庆安全技术职业学院,,首选物理，再选不限,347,110623,,,0,重庆,公办,0,0
重庆,2025,物理类,专科批,5083,重庆经贸职业学院,,首选物理，再选不限,180,126466,,,0,重庆,民办,0,0
重庆,2025,物理类,专科批,5084,重庆文化艺术职业学院,,首选物理，再选不限,397,107473,,,0,重庆,公办,0,0
重庆,2025,物理类,专科批,5085,重庆科技职业学院,,首选物理，再选不限,180,130802,,,0,重庆,民办,0,0
重庆,2025,物理类,专科批,5086,重庆理工职业学院,,首选物理，再选不限,180,126466,,,0,重庆,民办,0,0
重庆,2025,物理类,专科批,5087,重庆幼儿师范高等专科学校,,首选物理，再选不限,329,103219,,,0,重庆,公办,0,0
重庆,2025,物理类,专科批,5088,重庆智能工程职业学院,,首选物理，再选不限,267,129955,,,0,重庆,民办,0,0
重庆,2025,物理类,专科批,5089,重庆健康职业学院,,首选物理，再选不限,180,139292,,,0,重庆,民办,0,0
重庆,2025,物理类,专科批,5090,重庆工信职业学院,,首选物理，再选不限,359,106632,,,0,重庆,公办,0,0
重庆,2025,物理类,专科批,5091,重庆数字产业职业技术学院,,首选物理，再选不限,180,139440,,,0,重庆,民办,0,0
重庆,2025,物理类,专科批,5093,重庆护理职业学院,,首选物理，再选不限,180,121418,,,0,重庆,民办,0,0
重庆,2025,物理类,专科批,5099,重庆资源与环境保护职业学院,,首选物理，再选不限,180,131775,,,0,重庆,民办,0,0
重庆,2025,物理类,专科批,5111,中国民用航空飞行学院,,首选物理，再选不限,492,67042,,,0,四川,公办,0,0
重庆,2025,物理类,专科批,5131,四川传媒学院,,首选物理，再选不限,338,129396,,,0,四川,民办,0,0
重庆,2025,物理类,专科批,5134,四川工商学院,,首选物理，再选不限,360,103653,,,0,四川,民办,0,0
重庆,2025,物理类,专科批,5135,成都外国语学院,,首选物理，再选不限,180,118146,,,0,四川,民办,0,0
重庆,2025,物理类,专科批,5140,成都纺织高等专科学校,,首选物理，再选不限,398,97269,,,0,四川,公办,0,0
重庆,2025,物理类,专科批,5141,民办四川天一学院,,首选物理，再选不限,180,133351,,,0,四川,民办,0,0
重庆,2025,物理类,专科批,5142,成都航空职业技术大学,,首选物理，再选不限,425,70780,,,0,四川,公办,0,0
重庆,2025,物理类,专科批,5143,四川交通职业技术学院,,首选物理，再选不限,381,94296,,,0,四川,公办,0,0
重庆,2025,物理类,专科批,5144,达州职业技术学院,,首选物理，再选不限,376,107061,,,0,四川,公办,0,0
重庆,2025,物理类,专科批,5145,四川机电职业技术学院,,首选物理，再选不限,417,106632,,,0,四川,公办,0,0
重庆,2025,物理类,专科批,5146,四川工程职业技术大学,,首选物理，再选不限,357,79745,,,0,四川,公办,0,0
重庆,2025,物理类,专科批,5147,四川电力职业技术学院,,首选物理，再选不限,416,74439,,,0,四川,公办,0,0
重庆,2025,物理类,专科批,5148,绵阳职业技术学院,,首选物理，再选不限,395,114918,,,0,四川,公办,0,0
重庆,2025,物理类,专科批,5149,四川工商职业技术学院,,首选物理，再选不限,367,120244,,,0,四川,公办,0,0
重庆,2025,物理类,专科批,5150,四川建筑职业技术学院,,首选物理，再选不限,350,117512,,,0,四川,公办,0,0
重庆,2025,物理类,专科批,5152,四川国际标榜职业学院,,首选物理，再选不限,180,139478,,,0,四川,民办,0,0
重庆,2025,物理类,专科批,5153,成都农业科技职业学院,,首选物理，再选不限,401,76786,,,0,四川,公办,0,0
重庆,2025,物理类,专科批,5154,宜宾职业技术学院,,首选物理，再选不限,357,119690,,,0,四川,公办,0,0
重庆,2025,物理类,专科批,5156,四川托普信息技术职业学院,,首选物理，再选不限,293,134938,,,0,四川,民办,0,0
重庆,2025,物理类,专科批,5157,四川职业技术学院,,首选物理，再选不限,358,116254,,,0,四川,公办,0,0
重庆,2025,物理类,专科批,5159,泸州职业技术学院,,首选物理，再选不限,372,113203,,,0,四川,公办,0,0
重庆,2025,物理类,专科批,5159,泸州职业技术学院,,首选物理，再选生物,382,119063,,,0,四川,公办,0,0
重庆,2025,物理类,专科批,5160,乐山职业技术学院,,首选物理，再选化学,402,112465,,,0,四川,公办,0,0
重庆,2025,物理类,专科批,5160,乐山职业技术学院,,首选物理，再选生物,375,121108,,,0,四川,公办,0,0
重庆,2025,物理类,专科批,5161,成都职业技术学院,,首选物理，再选不限,389,107061,,,0,四川,公办,0,0
重庆,2025,物理类,专科批,5162,南充职业技术学院,,首选物理，再选不限,365,111360,,,0,四川,公办,0,0
重庆,2025,物理类,专科批,5163,四川水利职业技术学院,,首选物理，再选不限,388,104526,,,0,四川,公办,0,0
重庆,2025,物理类,专科批,5164,四川化工职业技术学院,,首选物理，再选不限,363,124163,,,0,四川,公办,0,0
重庆,2025,物理类,专科批,5165,四川航天职业技术学院,,首选物理，再选不限,393,108277,,,0,四川,公办,0,0
重庆,2025,物理类,专科批,5168,四川司法警官职业学院,,首选物理，再选不限,403,100988,,,0,四川,公办,0,0
重庆,2025,物理类,专科批,5172,自贡职业技术学院,,首选物理，再选不限,180,139308,,,0,四川,民办,0,0
重庆,2025,物理类,专科批,5173,雅安职业技术学院,,首选物理，再选不限,398,108668,,,0,四川,公办,0,0
重庆,2025,物理类,专科批,5173,雅安职业技术学院,,首选物理，再选化学、生物(2科必选),383,114243,,,0,四川,公办,0,0
重庆,2025,物理类,专科批,5177,内江职业技术学院,,首选物理，再选不限,379,119987,,,0,四川,公办,0,0
重庆,2025,物理类,专科批,5178,四川现代职业学院,,首选物理，再选不限,180,130964,,,0,四川,民办,0,0
重庆,2025,物理类,专科批,5180,成都大学,,首选物理，再选不限,412,108668,,,0,四川,公办,0,0
重庆,2025,物理类,专科批,5181,四川工业科技学院,,首选物理，再选不限,400,113203,,,0,四川,民办,0,0
重庆,2025,物理类,专科批,5183,广安职业技术学院,,首选物理，再选不限,327,114578,,,0,四川,公办,0,0
重庆,2025,物理类,专科批,5185,四川铁道职业学院,,首选物理，再选不限,404,75574,,,0,四川,公办,0,0
重庆,2025,物理类,专科批,5187,四川文化传媒职业学院,,首选物理，再选不限,180,134002,,,0,四川,民办,0,0
重庆,2025,物理类,专科批,5188,四川华新现代职业学院,,首选物理，再选不限,180,136883,,,0,四川,民办,0,0
重庆,2025,物理类,专科批,5189,四川中医药高等专科学校,,首选物理，再选不限,453,80338,,,0,四川,公办,0,0
重庆,2025,物理类,专科批,5189,四川中医药高等专科学校,,首选物理，再选化学,422,64536,,,0,四川,公办,0,0
重庆,2025,物理类,专科批,5191,四川大学锦江学院,,首选物理，再选不限,362,113203,,,0,四川,民办,0,0
重庆,2025,物理类,专科批,5193,四川科技职业学院,,首选物理，再选不限,247,125087,,,0,四川,民办,0,0
重庆,2025,物理类,专科批,5194,四川文化产业职业学院,,首选物理，再选不限,370,122465,,,0,四川,公办,0,0
重庆,2025,物理类,专科批,5196,四川财经职业学院,,首选物理，再选不限,363,114918,,,0,四川,公办,0,0
重庆,2025,物理类,专科批,5197,四川长江职业学院,,首选物理，再选不限,180,130120,,,0,四川,民办,0,0
重庆,2025,物理类,专科批,5198,四川城市职业学院,,首选物理，再选不限,180,132054,,,0,四川,民办,0,0
重庆,2025,物理类,专科批,5217,黔南民族医学高等专科学校,,首选物理，再选不限,381,88620,,,0,贵州,公办,0,0
重庆,2025,物理类,专科批,5217,黔南民族医学高等专科学校,,首选物理，再选化学、生物(2科必选),397,114243,,,0,贵州,公办,0,0
重庆,2025,物理类,专科批,5218,贵州航天职业技术学院,,首选物理，再选不限,362,113525,,,0,贵州,公办,0,0
重庆,2025,物理类,专科批,5219,贵州交通职业大学,,首选物理，再选不限,423,87032,,,0,贵州,公办,0,0
重庆,2025,物理类,专科批,5221,安顺职业技术学院,,首选物理，再选不限,388,117216,,,0,贵州,公办,0,0
重庆,2025,物理类,专科批,5221,安顺职业技术学院,,首选物理，再选化学、生物(2科必选),386,112843,,,0,贵州,公办,0,0
重庆,2025,物理类,专科批,5222,黔东南民族职业技术学院,,首选物理，再选不限,370,93312,,,0,贵州,公办,0,0
重庆,2025,物理类,专科批,5223,遵义职业技术学院,,首选物理，再选不限,358,110623,,,0,贵州,公办,0,0
重庆,2025,物理类,专科批,5224,贵州工业职业技术学院,,首选物理，再选不限,363,111757,,,0,贵州,公办,0,0
重庆,2025,物理类,专科批,5225,铜仁职业技术大学,,首选物理，再选不限,375,103653,,,0,贵州,公办,0,0
重庆,2025,物理类,专科批,5226,黔南民族职业技术学院,,首选物理，再选不限,349,125087,,,0,贵州,公办,0,0
重庆,2025,物理类,专科批,5228,贵州电子信息职业技术学院,,首选物理，再选不限,360,116566,,,0,贵州,公办,0,0
重庆,2025,物理类,专科批,5233,六盘水职业技术学院,,首选物理，再选不限,324,113525,,,0,贵州,公办,0,0
重庆,2025,物理类,专科批,5235,贵州轻工职业大学,,首选物理，再选不限,405,106632,,,0,贵州,公办,0,0
重庆,2025,物理类,专科批,5242,贵阳职业技术学院,,首选物理，再选不限,364,100543,,,0,贵州,公办,0,0
重庆,2025,物理类,专科批,5243,贵州城市职业学院,,首选物理，再选不限,180,136574,,,0,贵州,民办,0,0
重庆,2025,物理类,专科批,5245,遵义医药高等专科学校,,首选物理，再选不限,403,78003,,,0,贵州,公办,0,0
重庆,2025,物理类,专科批,5245,遵义医药高等专科学校,,首选物理，再选化学,417,106632,,,0,贵州,公办,0,0
重庆,2025,物理类,专科批,5246,毕节职业技术学院,,首选物理，再选不限,337,107473,,,0,贵州,公办,0,0
重庆,2025,物理类,专科批,5247,贵州经贸职业技术学院,,首选物理，再选不限,352,126004,,,0,贵州,公办,0,0
重庆,2025,物理类,专科批,5248,贵州工商职业学院,,首选物理，再选不限,180,127895,,,0,贵州,民办,0,0
重庆,2025,物理类,专科批,5250,毕节工业职业技术学院,,首选物理，再选不限,349,121108,,,0,贵州,公办,0,0
重庆,2025,物理类,专科批,5251,贵州机电职业技术学院,,首选物理，再选不限,380,102364,,,0,贵州,公办,0,0
重庆,2025,物理类,专科批,5252,贵州航空职业技术学院,,首选物理，再选不限,359,111360,,,0,贵州,公办,0,0
重庆,2025,物理类,专科批,5256,贵阳幼儿师范高等专科学校,,首选物理，再选不限,344,114578,,,0,贵州,公办,0,0
重庆,2025,物理类,专科批,5258,铜仁幼儿师范高等专科学校,,首选物理，再选不限,355,118146,,,0,贵州,公办,0,0
重庆,2025,物理类,专科批,5259,毕节医学高等专科学校,,首选物理，再选不限,389,108668,,,0,贵州,公办,0,0
重庆,2025,物理类,专科批,5259,毕节医学高等专科学校,,首选物理，再选化学,438,72625,,,0,贵州,公办,0,0
重庆,2025,物理类,专科批,5261,贵州农业职业学院,,首选物理，再选不限,366,105820,,,0,贵州,公办,0,0
重庆,2025,物理类,专科批,5262,贵州工程职业学院,,首选物理，再选不限,341,122932,,,0,贵州,民办,0,0
重庆,2025,物理类,专科批,5265,黔西南民族职业技术学院,,首选物理，再选不限,306,115282,,,0,贵州,公办,0,0
重庆,2025,物理类,专科批,5266,黔南民族幼儿师范高等专科学校,,首选物理，再选不限,300,111360,,,0,贵州,公办,0,0
重庆,2025,物理类,专科批,5266,黔南民族幼儿师范高等专科学校,,首选物理，再选生物、思想政治(2科必选),391,116254,,,0,贵州,公办,0,0
重庆,2025,物理类,专科批,5267,贵州工贸职业学院,,首选物理，再选不限,180,129955,,,0,贵州,民办,0,0
重庆,2025,物理类,专科批,5269,贵州健康职业学院,,首选物理，再选不限,414,107852,,,0,贵州,公办,0,0
重庆,2025,物理类,专科批,5272,贵州职业技术学院,,首选物理，再选不限,339,85897,,,0,贵州,公办,0,0
重庆,2025,物理类,专科批,5273,贵州盛华职业学院,,首选物理，再选不限,307,125293,,,0,贵州,民办,0,0
重庆,2025,物理类,专科批,5274,毕节幼儿师范高等专科学校,,首选物理，再选不限,349,112125,,,0,贵州,公办,0,0
重庆,2025,物理类,专科批,5276,六盘水幼儿师范高等专科学校,,首选物理，再选不限,356,125754,,,0,贵州,公办,0,0
重庆,2025,物理类,专科批,5279,贵州护理职业技术学院,,首选物理，再选不限,406,110972,,,0,贵州,公办,0,0
重庆,2025,物理类,专科批,5280,贵州财经职业学院,,首选物理，再选不限,180,120244,,,0,贵州,公办,0,0
重庆,2025,物理类,专科批,5281,贵州民用航空职业学院,,首选物理，再选不限,295,134938,,,0,贵州,民办,0,0
重庆,2025,物理类,专科批,5282,贵州铜仁数据职业学院,,首选物理，再选不限,320,127299,,,0,贵州,民办,0,0
重庆,2025,物理类,专科批,5283,贵州传媒职业学院,,首选物理，再选不限,354,117512,,,0,贵州,公办,0,0
重庆,2025,物理类,专科批,5284,黔东南理工职业学院,,首选物理，再选不限,342,123654,,,0,贵州,公办,0,0
重庆,2025,物理类,专科批,5286,贵州生态能源职业学院,,首选物理，再选不限,316,123916,,,0,贵州,公办,0,0
重庆,2025,物理类,专科批,5314,丽江文化旅游学院,,首选物理，再选不限,180,135632,,,0,云南,民办,0,0
重庆,2025,物理类,专科批,5317,德宏师范学院,,首选物理，再选不限,304,114918,,,0,云南,公办,0,0
重庆,2025,物理类,专科批,5317,德宏师范学院,,首选物理，再选化学,311,127087,,,0,云南,公办,0,0
重庆,2025,物理类,专科批,5320,昆明冶金高等专科学校,,首选物理，再选不限,385,115930,,,0,云南,公办,0,0
重庆,2025,物理类,专科批,5320,昆明冶金高等专科学校,,首选物理，再选化学,381,79745,,,0,云南,公办,0,0
重庆,2025,物理类,专科批,5320,昆明冶金高等专科学校,,首选物理，再选化学、生物(2科必选),392,115930,,,0,云南,公办,0,0
重庆,2025,物理类,专科批,5321,云南国土资源职业学院,,首选物理，再选不限,352,126666,,,0,云南,公办,0,0
重庆,2025,物理类,专科批,5324,云南农业职业技术学院,,首选物理，再选不限,356,124163,,,0,云南,公办,0,0
重庆,2025,物理类,专科批,5324,云南农业职业技术学院,,首选物理，再选化学、生物(2科必选),354,126240,,,0,云南,公办,0,0
重庆,2025,物理类,专科批,5325,云南司法警官职业学院,,首选物理，再选不限,399,109026,,,0,云南,公办,0,0
重庆,2025,物理类,专科批,5326,云南经济管理学院,,首选物理，再选不限,180,126240,,,0,云南,民办,0,0
重庆,2025,物理类,专科批,5329,云南新兴职业学院,,首选物理，再选不限,180,125534,,,0,云南,民办,0,0
重庆,2025,物理类,专科批,5331,云南机电职业技术学院,,首选物理，再选不限,392,115614,,,0,云南,公办,0,0
重庆,2025,物理类,专科批,5333,云南交通职业技术学院,,首选物理，再选不限,364,113525,,,0,云南,公办,0,0
重庆,2025,物理类,专科批,5333,云南交通职业技术学院,,首选物理，再选地理,357,122703,,,0,云南,公办,0,0
重庆,2025,物理类,专科批,5335,玉溪农业职业技术学院,,首选物理，再选不限,297,103653,,,0,云南,公办,0,0
重庆,2025,物理类,专科批,5338,西双版纳职业技术学院,,首选物理，再选不限,348,127491,,,0,云南,公办,0,0
重庆,2025,物理类,专科批,5338,西双版纳职业技术学院,,首选物理，再选化学,364,120512,,,0,云南,公办,0,0
重庆,2025,物理类,专科批,5342,云南工商学院,,首选物理，再选不限,180,139478,,,0,云南,民办,0,0
重庆,2025,物理类,专科批,5345,云南林业职业技术学院,,首选物理，再选不限,389,109026,,,0,云南,公办,0,0
重庆,2025,物理类,专科批,5345,云南林业职业技术学院,,首选物理，再选生物,393,86477,,,0,云南,公办,0,0
重庆,2025,物理类,专科批,5346,楚雄医药高等专科学校,,首选物理，再选不限,400,113203,,,0,云南,公办,0,0
重庆,2025,物理类,专科批,5346,楚雄医药高等专科学校,,首选物理，再选化学、生物(2科必选),386,91261,,,0,云南,公办,0,0
重庆,2025,物理类,专科批,5347,曲靖健康医学院,,首选物理，再选不限,398,104987,,,0,云南,公办,0,0
重庆,2025,物理类,专科批,5348,丽江师范学院,,首选物理，再选不限,404,93312,,,0,云南,公办,0,0
重庆,2025,物理类,专科批,5348,丽江师范学院,,首选物理，再选思想政治,418,106225,,,0,云南,公办,0,0
重庆,2025,物理类,专科批,5350,云南经贸外事职业学院,,首选物理，再选不限,180,134002,,,0,云南,民办,0,0
重庆,2025,物理类,专科批,5350,云南经贸外事职业学院,,首选物理，再选化学,180,139478,,,0,云南,民办,0,0
重庆,2025,物理类,专科批,5353,云南城市建设职业学院,,首选物理，再选不限,180,137873,,,0,云南,民办,0,0
重庆,2025,物理类,专科批,5355,昆明工业职业技术学院,,首选物理，再选不限,333,127895,,,0,云南,公办,0,0
重庆,2025,物理类,专科批,5361,昭通卫生职业学院,,首选物理，再选不限,361,99150,,,0,云南,公办,0,0
重庆,2025,物理类,专科批,5362,大理护理职业学院,,首选物理，再选不限,389,108277,,,0,云南,公办,0,0
重庆,2025,物理类,专科批,5373,保山中医药高等专科学校,,首选物理，再选化学、生物(2科必选),355,109026,,,0,云南,公办,0,0
重庆,2025,物理类,专科批,5374,云南三鑫职业技术学院,,首选物理，再选不限,180,136649,,,0,云南,民办,0,0
重庆,2025,物理类,专科批,5375,德宏职业学院,,首选物理，再选不限,389,98260,,,0,云南,公办,0,0
重庆,2025,物理类,专科批,5379,大理农林职业技术学院,,首选物理，再选不限,360,124163,,,0,云南,公办,0,0
重庆,2025,物理类,专科批,5381,昆明卫生职业学院,,首选物理，再选不限,180,115930,,,0,云南,民办,0,0
重庆,2025,物理类,专科批,5381,昆明卫生职业学院,,首选物理，再选化学,388,117216,,,0,云南,民办,0,0
重庆,2025,物理类,专科批,5381,昆明卫生职业学院,,首选物理，再选生物,369,117216,,,0,云南,民办,0,0
重庆,2025,物理类,专科批,5382,云南财经职业学院,,首选物理，再选不限,363,124163,,,0,云南,公办,0,0
重庆,2025,物理类,专科批,5384,昆明铁道职业技术学院,,首选物理，再选不限,387,87578,,,0,云南,公办,0,0
重庆,2025,物理类,专科批,5390,云南医药健康职业学院,,首选物理，再选不限,355,117216,,,0,云南,民办,0,0
重庆,2025,物理类,专科批,5392,云南商务职业学院,,首选物理，再选不限,180,138022,,,0,云南,民办,0,0
重庆,2025,物理类,专科批,5394,云南理工职业学院,,首选物理，再选不限,180,126882,,,0,云南,民办,0,0
重庆,2025,物理类,专科批,5406,西藏职业技术学院,,首选物理，再选不限,329,127087,,,0,西藏,公办,0,0
重庆,2025,物理类,专科批,5406,西藏职业技术学院,,首选物理，再选化学,318,118751,,,0,西藏,公办,0,0
重庆,2025,物理类,专科批,5406,西藏职业技术学院,,首选物理，再选化学、生物(2科必选),379,119987,,,0,西藏,公办,0,0
重庆,2025,物理类,专科批,5406,西藏职业技术学院,,首选物理，再选生物、地理(2科必选),180,139478,,,0,西藏,公办,0,0
重庆,2025,物理类,专科批,5412,日喀则职业技术学院,,首选物理，再选不限,291,125293,,,0,西藏,公办,0,0
重庆,2025,物理类,专科批,6138,陕西交通职业技术学院,,首选物理，再选不限,317,79189,,,0,陕西,公办,0,0
重庆,2025,物理类,专科批,6140,西安航空职业技术学院,,首选物理，再选不限,430,100988,,,0,陕西,公办,0,0
重庆,2025,物理类,专科批,6140,西安航空职业技术学院,,首选物理，再选化学,438,84250,,,0,陕西,公办,0,0
重庆,2025,物理类,专科批,6142,西安思源学院,,首选物理，再选不限,180,116254,,,0,陕西,民办,0,0
重庆,2025,物理类,专科批,6145,陕西航空职业技术学院,,首选物理，再选不限,404,104066,,,0,陕西,公办,0,0
重庆,2025,物理类,专科批,6147,陕西铁路工程职业技术学院,,首选物理，再选不限,467,80906,,,0,陕西,公办,0,0
重庆,2025,物理类,专科批,6150,西安海棠职业学院,,首选物理，再选不限,291,119063,,,0,陕西,民办,0,0
重庆,2025,物理类,专科批,6151,西安汽车职业大学,,首选物理，再选不限,307,129017,,,0,陕西,民办,0,0
重庆,2025,物理类,专科批,6158,西安工商学院,,首选物理，再选不限,274,115614,,,0,陕西,民办,0,0
重庆,2025,物理类,专科批,6160,西安城市建设职业学院,,首选物理，再选不限,180,128103,,,0,陕西,民办,0,0
重庆,2025,物理类,专科批,6167,西安铁路职业技术学院,,首选物理，再选不限,450,91261,,,0,陕西,公办,0,0
重庆,2025,物理类,专科批,6168,商洛职业技术学院,,首选物理，再选不限,391,116254,,,0,陕西,公办,0,0
重庆,2025,物理类,专科批,6169,渭南职业技术学院,,首选物理，再选不限,371,109455,,,0,陕西,公办,0,0
重庆,2025,物理类,专科批,6170,安康职业技术学院,,首选物理，再选不限,339,106225,,,0,陕西,公办,0,0
重庆,2025,物理类,专科批,6171,西安职业技术学院,,首选物理，再选不限,378,120244,,,0,陕西,公办,0,0
重庆,2025,物理类,专科批,6179,陕西能源职业技术学院,,首选物理，再选不限,346,107473,,,0,陕西,公办,0,0
重庆,2025,物理类,专科批,6181,陕西财经职业技术学院,,首选物理，再选不限,390,116566,,,0,陕西,公办,0,0
重庆,2025,物理类,专科批,6182,西安信息职业大学,,首选物理，再选不限,180,117512,,,0,陕西,民办,0,0
重庆,2025,物理类,专科批,6183,西安医学高等专科学校,,首选物理，再选不限,336,108668,,,0,陕西,民办,0,0
重庆,2025,物理类,专科批,6186,宝鸡职业技术学院,,首选物理，再选不限,369,88104,,,0,陕西,公办,0,0
重庆,2025,物理类,专科批,6187,延安职业技术学院,,首选物理，再选不限,356,100092,,,0,陕西,公办,0,0
重庆,2025,物理类,专科批,6188,陕西邮电职业技术学院,,首选物理，再选不限,368,98260,,,0,陕西,公办,0,0
重庆,2025,物理类,专科批,6189,咸阳职业技术学院,,首选物理，再选不限,364,114918,,,0,陕西,公办,0,0
重庆,2025,物理类,专科批,6190,铜川职业技术学院,,首选物理，再选不限,346,122465,,,0,陕西,公办,0,0
重庆,2025,物理类,专科批,6191,陕西旅游烹饪职业学院,,首选物理，再选不限,263,137873,,,0,陕西,民办,0,0
重庆,2025,物理类,专科批,6194,西安交通工程学院,,首选物理，再选不限,352,126666,,,0,陕西,民办,0,0
重庆,2025,物理类,专科批,6196,汉中职业技术学院,,首选物理，再选不限,180,80338,,,0,陕西,公办,0,0
重庆,2025,物理类,专科批,6199,榆林能源科技职业学院,,首选物理，再选不限,180,129572,,,0,陕西,民办,0,0
重庆,2025,物理类,专科批,6211,兰州资源环境职业技术大学,,首选物理，再选不限,420,105425,,,0,甘肃,公办,0,0
重庆,2025,物理类,专科批,6225,酒泉职业技术大学,,首选物理，再选不限,375,115282,,,0,甘肃,公办,0,0
重庆,2025,物理类,专科批,6228,甘肃建筑职业技术学院,,首选物理，再选不限,336,128468,,,0,甘肃,公办,0,0
重庆,2025,物理类,专科批,6230,兰州外语职业学院,,首选物理，再选不限,180,139478,,,0,甘肃,民办,0,0
重庆,2025,物理类,专科批,6231,甘肃交通职业技术学院,,首选物理，再选不限,374,112465,,,0,甘肃,公办,0,0
重庆,2025,物理类,专科批,6238,甘肃畜牧工程职业技术学院,,首选物理，再选不限,311,122227,,,0,甘肃,公办,0,0
重庆,2025,物理类,专科批,6240,甘肃有色冶金职业技术学院,,首选物理，再选不限,343,126882,,,0,甘肃,公办,0,0
重庆,2025,物理类,专科批,6253,兰州石化职业技术大学,,首选物理，再选不限,340,89678,,,0,甘肃,公办,0,0
重庆,2025,物理类,专科批,6307,青海农牧科技职业学院,,首选物理，再选不限,364,97269,,,0,青海,公办,0,0
重庆,2025,物理类,专科批,6308,青海卫生职业技术学院,,首选物理，再选化学、生物(2科必选),180,103219,,,0,青海,公办,0,0
重庆,2025,物理类,专科批,6512,新疆工程学院,,首选物理，再选不限,180,139478,,,0,新疆,公办,0,0
重庆,2025,物理类,专科批,6512,新疆工程学院,,首选物理，再选化学,286,131909,,,0,新疆,公办,0,0
重庆,2025,物理类,专科批,6513,乌鲁木齐职业大学,,首选物理，再选不限,180,126466,,,0,新疆,公办,0,0
重庆,2025,物理类,专科批,6513,乌鲁木齐职业大学,,首选物理，再选化学、思想政治(2科必选),180,130634,,,0,新疆,公办,0,0
重庆,2025,物理类,专科批,6514,新疆农业职业技术大学,,首选物理，再选不限,180,121418,,,0,新疆,公办,0,0
重庆,2025,物理类,专科批,6516,新疆轻工职业技术学院,,首选物理，再选不限,300,119690,,,0,新疆,公办,0,0
重庆,2025,物理类,专科批,6530,新疆石河子职业技术学院,,首选物理，再选不限,322,115282,,,0,新疆,公办,0,0
重庆,2025,物理类,专科批,6532,新疆职业大学,,首选物理，再选不限,180,110249,,,0,新疆,公办,0,0
重庆,2025,物理类,专科批,6533,巴音郭楞职业技术学院,,首选物理，再选不限,180,126004,,,0,新疆,公办,0,0
重庆,2025,物理类,专科批,6534,新疆应用职业技术学院,,首选物理，再选不限,277,129396,,,0,新疆,公办,0,0
重庆,2025,物理类,专科批,6534,新疆应用职业技术学院,,首选物理，再选化学,324,125754,,,0,新疆,公办,0,0
重庆,2025,物理类,专科批,6534,新疆应用职业技术学院,,首选物理，再选化学、生物(2科必选),325,131604,,,0,新疆,公办,0,0
重庆,2025,物理类,专科批,6536,新疆警察学院,,首选物理，再选不限,422,104066,,,0,新疆,公办,0,0
重庆,2025,物理类,专科批,6538,新疆师范高等专科学校,,首选物理，再选不限,350,113203,,,0,新疆,公办,0,0
重庆,2025,物理类,专科批,6540,新疆生产建设兵团兴新职业技术学院,,首选物理，再选不限,372,119063,,,0,新疆,公办,0,0
重庆,2025,物理类,专科批,6543,新疆和田学院,,首选物理，再选不限,332,125293,,,0,新疆,公办,0,0
重庆,2025,物理类,专科批,6543,新疆和田学院,,首选物理，再选化学,335,125534,,,0,新疆,公办,0,0
重庆,2025,物理类,专科批,6543,新疆和田学院,,首选物理，再选化学、生物(2科必选),305,121418,,,0,新疆,公办,0,0
重庆,2025,物理类,专科批,6545,阿克苏职业技术学院,,首选物理，再选不限,303,127895,,,0,新疆,公办,0,0
重庆,2025,物理类,专科批,6546,吐鲁番职业技术学院,,首选物理，再选不限,180,126466,,,0,新疆,公办,0,0
重庆,2025,物理类,专科批,6548,博尔塔拉职业技术学院,,首选物理，再选不限,180,110249,,,0,新疆,公办,0,0
重庆,2025,物理类,专科批,6550,铁门关职业技术学院,,首选物理，再选不限,180,129017,,,0,新疆,公办,0,0
重庆,2025,物理类,专科批,6551,石河子工程职业技术学院,,首选物理，再选不限,180,126666,,,0,新疆,公办,0,0
重庆,2025,物理类,专科批,6552,喀什职业技术学院,,首选物理，再选不限,180,112465,,,0,新疆,公办,0,0
重庆,2025,物理类,专科批,6552,喀什职业技术学院,,首选物理，再选化学,348,121688,,,0,新疆,公办,0,0
重庆,2025,物理类,专科批,6552,喀什职业技术学院,,首选物理，再选化学、生物(2科必选),357,120512,,,0,新疆,公办,0,0
重庆,2025,物理类,专科批,6553,克孜勒苏职业技术学院,,首选物理，再选不限,180,137924,,,0,新疆,公办,0,0
重庆,2025,物理类,专科批,6555,阿勒泰职业技术学院,,首选物理，再选不限,298,103219,,,0,新疆,公办,0,0
重庆,2025,物理类,专科批,6556,塔城职业技术学院,,首选物理，再选不限,180,107473,,,0,新疆,公办,0,0
重庆,2025,物理类,专科批,6557,塔里木职业技术学院,,首选物理，再选不限,180,120244,,,0,新疆,公办,0,0
重庆,2025,物理类,专科批,6558,阿克苏工业职业技术学院,,首选物理，再选不限,349,127299,,,0,新疆,公办,0,0
重庆,2025,物理类,专科批,6559,新星职业技术学院,,首选物理，再选不限,310,128103,,,0,新疆,公办,0,0
重庆,2025,物理类,专科批,6560,图木舒克职业技术学院,,首选物理，再选不限,253,132916,,,0,新疆,公办,0,0
重庆,2025,物理类,专科批,6561,昆玉职业技术学院,,首选物理，再选不限,314,129572,,,0,新疆,公办,0,0
重庆,2025,物理类,专科批,6563,喀什理工职业技术学院,,首选物理，再选不限,180,121958,,,0,新疆,公办,0,0
重庆,2025,物理类,专科批,6564,可克达拉职业技术学院,,首选物理，再选不限,180,131286,,,0,新疆,公办,0,0
重庆,2025,物理类,专科批,,三峡旅游职业技术学院,,首选物理，再选不限,361,117512,,,0,湖北,公办,0,0
重庆,2025,物理类,专科批,,三峡电力职业学院,,首选物理，再选不限,417,102787,,,0,湖北,公办,0,0
重庆,2025,物理类,专科批,,上饶卫生健康职业学院,,首选物理，再选不限,413,108277,,,0,江西,公办,0,0
重庆,2025,物理类,专科批,,上饶卫生健康职业学院,,首选物理，再选化学,403,112125,,,0,江西,公办,0,0
重庆,2025,物理类,专科批,,上饶幼儿师范高等专科学校,,首选物理，再选不限,330,109455,,,0,江西,公办,0,0
重庆,2025,物理类,专科批,,内江卫生与健康职业学院,,首选物理，再选不限,350,112125,,,0,四川,公办,0,0
重庆,2025,物理类,专科批,,北京中医药大学东方学院,,首选物理，再选不限,403,112125,,,0,河北,民办,0,0
重庆,2025,物理类,专科批,,北京中医药大学东方学院,,首选物理，再选化学,422,104526,,,0,河北,民办,0,0
重庆,2025,物理类,专科批,,南充文化旅游职业学院,,首选物理，再选不限,364,119690,,,0,四川,公办,0,0
重庆,2025,物理类,专科批,,南充电影工业职业学院,,首选物理，再选不限,180,138881,,,0,四川,民办,0,0
重庆,2025,物理类,专科批,,南充科技职业学院,,首选物理，再选不限,180,130290,,,0,四川,民办,0,0
重庆,2025,物理类,专科批,,南昌健康职业技术学院,,首选物理，再选不限,360,117838,,,0,江西,公办,0,0
重庆,2025,物理类,专科批,,南通师范高等专科学校,,首选物理，再选不限,371,109842,,,0,江苏,公办,0,0
重庆,2025,物理类,专科批,,南阳农业职业学院,,首选物理，再选不限,326,119690,,,0,河南,公办,0,0
重庆,2025,物理类,专科批,,南阳科技职业学院,,首选物理，再选不限,311,123654,,,0,河南,公办,0,0
重庆,2025,物理类,专科批,,唐山幼儿师范高等专科学校,,首选物理，再选不限,302,116566,,,0,河北,公办,0,0
重庆,2025,物理类,专科批,,四川三河职业学院,,首选物理，再选不限,327,116882,,,0,四川,民办,0,0
重庆,2025,物理类,专科批,,四川卫生康复职业学院,,首选物理，再选不限,367,100988,,,0,四川,公办,0,0
重庆,2025,物理类,专科批,,四川希望汽车职业学院,,首选物理，再选不限,180,139478,,,0,四川,民办,0,0
重庆,2025,物理类,专科批,,四川应用技术职业学院,,首选物理，再选不限,180,139478,,,0,四川,民办,0,0
重庆,2025,物理类,专科批,,四川护理职业学院,,首选物理，再选不限,403,104066,,,0,四川,公办,0,0
重庆,2025,物理类,专科批,,四川文轩职业学院,,首选物理，再选不限,180,137403,,,0,四川,民办,0,0
重庆,2025,物理类,专科批,,四川汽车职业技术学院,,首选物理，再选不限,180,136036,,,0,四川,民办,0,0
重庆,2025,物理类,专科批,,四川电子机械职业技术学院,,首选物理，再选不限,180,131604,,,0,四川,民办,0,0
重庆,2025,物理类,专科批,,四川电影电视学院,,首选物理，再选不限,233,120244,,,0,四川,民办,0,0
重庆,2025,物理类,专科批,,四川西南航空职业学院,,首选物理，再选不限,180,120512,,,0,四川,民办,0,0
重庆,2025,物理类,专科批,,天府新区信息职业学院,,首选物理，再选不限,180,138063,,,0,四川,民办,0,0
重庆,2025,物理类,专科批,,天府新区航空旅游职业学院,,首选物理，再选不限,266,136036,,,0,四川,民办,0,0
重庆,2025,物理类,专科批,,天府新区通用航空职业学院,,首选物理，再选不限,180,134938,,,0,四川,民办,0,0
重庆,2025,物理类,专科批,,安阳职业技术学院,,首选物理，再选不限,343,102364,,,0,河南,公办,0,0
重庆,2025,物理类,专科批,,宝鸡中北职业学院,,首选物理，再选不限,180,139478,,,0,陕西,民办,0,0
重庆,2025,物理类,专科批,,宿州航空职业学院,,首选物理，再选不限,180,132645,,,0,安徽,民办,0,0
重庆,2025,物理类,专科批,,宿迁职业技术学院,,首选物理，再选不限,256,129955,,,0,江苏,民办,0,0
重庆,2025,物理类,专科批,,山东圣翰财贸职业学院,,首选物理，再选不限,180,139478,,,0,山东,民办,0,0
重庆,2025,物理类,专科批,,山东文化产业职业学院,,首选物理，再选不限,180,139478,,,0,山东,民办,0,0
重庆,2025,物理类,专科批,,川北幼儿师范高等专科学校,,首选物理，再选不限,383,118751,,,0,四川,公办,0,0
重庆,2025,物理类,专科批,,川南幼儿师范高等专科学校,,首选物理，再选不限,353,126466,,,0,四川,公办,0,0
重庆,2025,物理类,专科批,,巴中职业技术学院,,首选物理，再选不限,180,116882,,,0,四川,民办,0,0
重庆,2025,物理类,专科批,,广东信息工程职业学院,,首选物理，再选不限,275,122227,,,0,广东,民办,0,0
重庆,2025,物理类,专科批,,广东机电职业技术学院,,首选物理，再选不限,380,119690,,,0,广东,公办,0,0
重庆,2025,物理类,专科批,,广东茂名幼儿师范专科学校,,首选物理，再选不限,359,125087,,,0,广东,公办,0,0
重庆,2025,物理类,专科批,,广元中核职业技术学院,,首选物理，再选不限,354,126240,,,0,四川,民办,0,0
重庆,2025,物理类,专科批,,广州华立科技职业学院,,首选物理，再选不限,324,119416,,,0,广东,民办,0,0
重庆,2025,物理类,专科批,,广州科技贸易职业学院,,首选物理，再选化学,413,105425,,,0,广东,公办,0,0
重庆,2025,物理类,专科批,,广州铁路职业技术学院,,首选物理，再选不限,421,90201,,,0,广东,公办,0,0
重庆,2025,物理类,专科批,,廊坊卫生职业学院,,首选物理，再选不限,378,108668,,,0,河北,公办,0,0
重庆,2025,物理类,专科批,,廊坊燕京职业技术学院,,首选物理，再选不限,339,114578,,,0,河北,公办,0,0
重庆,2025,物理类,专科批,,廊坊职业技术学院,,首选物理，再选不限,352,126666,,,5,河北,公办,0,0
重庆,2025,物理类,专科批,,徐州工业职业技术学院,,首选物理，再选不限,405,111360,,,0,江苏,公办,0,0
重庆,2025,物理类,专科批,,德阳农业科技职业学院,,首选物理，再选不限,180,138122,,,0,四川,民办,0,0
重庆,2025,物理类,专科批,,德阳城市轨道交通职业学院,,首选物理，再选不限,272,130470,,,0,四川,民办,0,0
重庆,2025,物理类,专科批,,德阳科贸职业学院,,首选物理，再选不限,180,131132,,,0,四川,民办,0,0
重庆,2025,物理类,专科批,,惠州卫生职业技术学院,,首选物理，再选化学,411,90201,,,0,广东,公办,0,0
重庆,2025,物理类,专科批,,成都工业职业技术学院,,首选物理，再选不限,412,98260,,,0,四川,公办,0,0
重庆,2025,物理类,专科批,,扬州中瑞酒店职业学院,,首选物理，再选不限,180,139478,,,0,江苏,民办,0,0
重庆,2025,物理类,专科批,,承德应用技术职业学院,,首选物理，再选不限,345,128103,,,0,河北,公办,0,0
重庆,2025,物理类,专科批,,承德护理职业学院,,首选物理，再选不限,385,94799,,,0,河北,公办,0,0
重庆,2025,物理类,专科批,,攀枝花攀西职业学院,,首选物理，再选不限,180,139478,,,0,四川,民办,0,0
重庆,2025,物理类,专科批,,日照航海工程职业学院,,首选物理，再选不限,180,134123,,,0,山东,民办,0,0
重庆,2025,物理类,专科批,,武昌职业学院,,首选物理，再选不限,180,139478,,,0,湖北,民办,0,0
重庆,2025,物理类,专科批,,武汉外语外事职业学院,,首选物理，再选不限,180,118467,,,0,湖北,民办,0,0
重庆,2025,物理类,专科批,,武汉海事职业学院,,首选物理，再选不限,434,87578,,,0,湖北,公办,0,0
重庆,2025,物理类,专科批,,武汉铁路桥梁职业学院,,首选物理，再选不限,388,98699,,,0,湖北,公办,0,0
重庆,2025,物理类,专科批,,汕尾职业技术学院,,首选物理，再选不限,262,137924,,,0,广东,公办,0,0
重庆,2025,物理类,专科批,,江海职业技术学院,,首选物理，再选不限,283,136574,,,0,江苏,民办,0,0
重庆,2025,物理类,专科批,,江苏医药职业学院,,首选物理，再选不限,422,104526,,,0,江苏,公办,0,0
重庆,2025,物理类,专科批,,江苏医药职业学院,,首选物理，再选化学,408,104987,,,0,江苏,公办,0,0
重庆,2025,物理类,专科批,,江苏卫生健康职业学院,,首选物理，再选不限,426,71425,,,0,江苏,公办,0,0
重庆,2025,物理类,专科批,,江苏商贸职业学院,,首选物理，再选不限,404,110249,,,0,江苏,公办,0,0
重庆,2025,物理类,专科批,,江苏电子信息职业学院,,首选物理，再选不限,411,108277,,,0,江苏,公办,0,0
重庆,2025,物理类,专科批,,江苏航空职业技术学院,,首选物理，再选不限,414,75006,,,0,江苏,公办,0,0
重庆,2025,物理类,专科批,,江苏财会职业学院,,首选物理，再选不限,382,116254,,,0,江苏,公办,0,0
重庆,2025,物理类,专科批,,江西婺源茶业职业学院,,首选物理，再选不限,374,101917,,,0,江西,公办,0,0
重庆,2025,物理类,专科批,,江门职业技术学院,,首选物理，再选不限,416,82660,,,0,广东,公办,0,0
重庆,2025,物理类,专科批,,江阳城建职业学院,,首选物理，再选不限,180,137823,,,0,四川,民办,0,0
重庆,2025,物理类,专科批,,河北科技工程职业技术大学,,首选物理，再选不限,378,117838,,,0,河北,公办,0,0
重庆,2025,物理类,专科批,,河南地矿职业学院,,首选物理，再选不限,334,117838,,,0,河南,公办,0,0
重庆,2025,物理类,专科批,,河南测绘职业学院,,首选物理，再选不限,363,121418,,,0,河南,公办,0,0
重庆,2025,物理类,专科批,,河南轻工职业学院,,首选物理，再选不限,348,124163,,,0,河南,公办,0,0
重庆,2025,物理类,专科批,,泰山科技学院,,首选物理，再选不限,180,133487,,,0,山东,民办,0,0
重庆,2025,物理类,专科批,,泰山职业技术学院,,首选物理，再选不限,343,126004,,,0,山东,公办,0,0
重庆,2025,物理类,专科批,,泸州医疗器械职业学院,,首选物理，再选不限,180,126240,,,0,四川,民办,0,0
重庆,2025,物理类,专科批,,洛阳职业技术学院,,首选物理，再选不限,408,104066,,,0,河南,公办,0,0
重庆,2025,物理类,专科批,,渤海理工职业学院,,首选物理，再选不限,191,139449,,,0,河北,民办,0,0
重庆,2025,物理类,专科批,,湖北孝感美珈职业学院,,首选物理，再选不限,180,128832,,,0,湖北,民办,0,0
重庆,2025,物理类,专科批,,湖北铁道运输职业学院,,首选物理，再选不限,397,93312,,,0,湖北,公办,0,0
重庆,2025,物理类,专科批,,湖南三一工业职业技术学院,,首选物理，再选不限,355,115282,,,0,湖南,民办,0,0
重庆,2025,物理类,专科批,,湖南九嶷职业技术学院,,首选物理，再选不限,361,124643,,,0,湖南,公办,0,0
重庆,2025,物理类,专科批,,湖南化工职业技术学院,,首选物理，再选不限,403,109842,,,0,湖南,公办,0,0
重庆,2025,物理类,专科批,,湖南幼儿师范高等专科学校,,首选物理，再选不限,180,139478,,,0,湖南,公办,0,0
重庆,2025,物理类,专科批,,湖南邮电职业技术学院,,首选物理，再选不限,401,112843,,,0,湖南,公办,0,0
重庆,2025,物理类,专科批,,湖南食品药品职业学院,,首选物理，再选不限,340,110249,,,0,湖南,公办,0,0
重庆,2025,物理类,专科批,,湖南高尔夫旅游职业学院,,首选物理，再选不限,180,139478,,,0,湖南,民办,0,0
重庆,2025,物理类,专科批,,湘中幼儿师范高等专科学校,,首选物理，再选不限,180,139478,,,0,湖南,公办,0,0
重庆,2025,物理类,专科批,,湘南幼儿师范高等专科学校,,首选物理，再选不限,302,130120,,,0,湖南,公办,0,0
重庆,2025,物理类,专科批,,潍坊环境工程职业学院,,首选物理，再选不限,180,130802,,,0,山东,民办,0,0
重庆,2025,物理类,专科批,,濮阳医学高等专科学校,,首选物理，再选不限,383,109842,,,0,河南,公办,0,0
重庆,2025,物理类,专科批,,烟台黄金职业学院,,首选物理，再选不限,180,139478,,,0,山东,民办,0,0
重庆,2025,物理类,专科批,,益阳医学高等专科学校,,首选物理，再选不限,412,85897,,,0,湖南,公办,0,0
重庆,2025,物理类,专科批,,盐城幼儿师范高等专科学校,,首选物理，再选不限,380,118146,,,0,江苏,公办,0,0
重庆,2025,物理类,专科批,,眉山药科职业学院,,首选物理，再选不限,180,133055,,,0,四川,民办,0,0
重庆,2025,物理类,专科批,,石家庄幼儿师范高等专科学校,,首选物理，再选不限,359,111360,,,0,河北,公办,0,0
重庆,2025,物理类,专科批,,硅湖职业技术学院,,首选物理，再选不限,257,128657,,,0,江苏,民办,0,0
重庆,2025,物理类,专科批,,绵阳飞行职业学院,,首选物理，再选不限,180,136322,,,0,四川,民办,0,0
重庆,2025,物理类,专科批,,苏州卫生职业技术学院,,首选物理，再选不限,423,99150,,,0,江苏,公办,0,0
重庆,2025,物理类,专科批,,苏州工业职业技术学院,,首选物理，再选不限,419,97269,,,0,江苏,公办,0,0
重庆,2025,物理类,专科批,,萍乡卫生职业学院,,首选物理，再选不限,390,109026,,,0,江西,公办,0,0
重庆,2025,物理类,专科批,,襄阳汽车职业技术学院,,首选物理，再选不限,355,104526,,,0,湖北,公办,0,0
重庆,2025,物理类,专科批,,西南交通大学希望学院,,首选物理，再选不限,387,94296,,,0,四川,民办,0,0
重庆,2025,物理类,专科批,,西昌民族幼儿师范高等专科学校,,首选物理，再选不限,317,127702,,,0,四川,公办,0,0
重庆,2025,物理类,专科批,,资阳口腔职业学院,,首选物理，再选不限,332,130470,,,0,四川,民办,0,0
重庆,2025,物理类,专科批,,资阳口腔职业学院,,首选物理，再选化学,365,123654,,,0,四川,民办,0,0
重庆,2025,物理类,专科批,,资阳环境科技职业学院,,首选物理，再选不限,180,131452,,,0,四川,民办,0,0
重庆,2025,物理类,专科批,,赣州职业技术学院,,首选物理，再选不限,337,109842,,,0,江西,公办,0,0
重庆,2025,物理类,专科批,,达州中医药职业学院,,首选物理，再选不限,394,107061,,,0,四川,公办,0,0
重庆,2025,物理类,专科批,,遂宁职业学院,,首选物理，再选不限,180,139478,,,0,四川,民办,0,0
重庆,2025,物理类,专科批,,邯郸幼儿师范高等专科学校,,首选物理，再选不限,351,122227,,,0,河北,公办,0,0
重庆,2025,物理类,专科批,,郴州智能科技职业学院,,首选物理，再选不限,180,139478,,,0,湖南,民办,0,0
重庆,2025,物理类,专科批,,重庆农业职业学院,,首选物理，再选不限,340,125534,,,0,重庆,公办,0,0
重庆,2025,物理类,专科批,,铁岭卫生职业学院,,首选物理，再选不限,363,124163,,,0,辽宁,公办,0,0
重庆,2025,物理类,专科批,,长江艺术工程职业学院,,首选物理，再选不限,279,136883,,,0,湖北,民办,0,0
重庆,2025,物理类,专科批,,长沙卫生职业学院,,首选物理，再选不限,327,72625,,,0,湖南,公办,0,0
重庆,2025,物理类,专科批,,青岛航空科技职业学院,,首选物理，再选不限,225,139134,,,0,山东,民办,0,0
重庆,2025,物理类,专科批,,黄冈科技职业学院,,首选物理，再选不限,180,139478,,,0,湖北,民办,0,0
重庆,2025,物理类,专科批,,黄山健康职业学院,,首选物理，再选不限,180,132645,,,0,安徽,民办,0,0
重庆,2025,物理类,专科提前批,1154,北京科技职业大学,,首选物理，再选不限,413,101438,,,10,北京,公办,0,0
重庆,2025,物理类,专科提前批,2135,辽宁省交通高等专科学校,,首选物理，再选不限,377,117838,,,0,辽宁,公办,0,0
重庆,2025,物理类,专科提前批,3616,江西水利电力大学,,首选物理，再选不限,382,114918,,,10,江西,公办,0,0
重庆,2025,物理类,专科提前批,3690,江西航空职业技术学院,,首选物理，再选不限,393,111757,,,13,江西,民办,0,0
重庆,2025,物理类,专科提前批,3787,山东信息职业技术学院,,首选物理，再选不限,338,120244,,,0,山东,公办,0,0
重庆,2025,物理类,专科提前批,3799,威海职业学院,,首选物理，再选不限,356,119690,,,0,山东,公办,0,0
重庆,2025,物理类,专科提前批,4156,河南交通职业技术学院,,首选物理，再选不限,379,114918,,,0,河南,公办,0,0
重庆,2025,物理类,专科提前批,4189,河南医学高等专科学校,,首选物理，再选不限,380,114243,,,0,河南,公办,0,0
重庆,2025,物理类,专科提前批,5166,四川邮电职业技术学院,,首选物理，再选不限,415,102364,,,0,四川,公办,0,0
重庆,2025,物理类,专科提前批,6211,兰州资源环境职业技术大学,,首选物理，再选不限,293,132348,,,0,甘肃,公办,0,0
重庆,2025,物理类,专科提前批,6406,宁夏职业技术大学,,首选物理，再选不限,202,107473,,,0,宁夏,公办,0,0
重庆,2025,物理类,专科提前批,,潍坊工程职业学院,,首选物理，再选不限,249,137592,,,0,山东,公办,0,0
重庆,2025,物理类,本科批,1101,北京大学,,首选物理，再选化学,693,159,,,0,北京,公办,1,1
重庆,2025,物理类,本科批,1102,北京大学医学部,,首选物理，再选化学,673,159,,,0,北京,公办,1,1
重庆,2025,物理类,本科批,1104,清华大学,,首选物理，再选化学,692,159,,,0,北京,公办,1,1
重庆,2025,物理类,本科批,1105,北京交通大学,,首选物理，再选不限,590,14988,,,0,北京,公办,0,1
重庆,2025,物理类,本科批,1105,北京交通大学,,首选物理，再选化学,595,2715,,,0,北京,公办,0,1
重庆,2025,物理类,本科批,1105,北京交通大学（威海校区）,,首选物理，再选化学,561,11716,,,0,山东,中外合作办学,0,1
重庆,2025,物理类,本科批,1106,北京航空航天大学,,首选物理，再选化学,643,217,,,0,北京,公办,1,1
重庆,2025,物理类,本科批,1107,北京理工大学,,首选物理，再选不限,618,6864,,,0,北京,公办,1,1
重庆,2025,物理类,本科批,1107,北京理工大学,,首选物理，再选化学,639,470,,,0,北京,公办,1,1
重庆,2025,物理类,本科批,1108,北京科技大学,,首选物理，再选不限,618,6864,,,0,北京,公办,0,1
重庆,2025,物理类,本科批,1108,北京科技大学,,首选物理，再选化学,612,2592,,,0,北京,公办,0,1
重庆,2025,物理类,本科批,1109,北方工业大学,,首选物理，再选化学,533,10556,,,0,北京,公办,0,0
重庆,2025,物理类,本科批,1110,北京化工大学,,首选物理，再选化学,579,6407,,,0,北京,公办,0,1
重庆,2025,物理类,本科批,1112,北京邮电大学,,首选物理，再选化学,597,1381,,,0,北京,公办,0,1
重庆,2025,物理类,本科批,1113,北京印刷学院,,首选物理，再选不限,537,39422,,,0,北京,公办,0,0
重庆,2025,物理类,本科批,1113,北京印刷学院,,首选物理，再选化学,518,29255,,,0,北京,公办,0,0
重庆,2025,物理类,本科批,1114,北京石油化工学院,,首选物理，再选化学,543,36058,,,0,北京,公办,0,0
重庆,2025,物理类,本科批,1116,中国农业大学,,首选物理，再选不限,585,13949,,,0,北京,公办,1,1
重庆,2025,物理类,本科批,1116,中国农业大学,,首选物理，再选化学,597,1701,,,0,北京,公办,1,1
重庆,2025,物理类,本科批,1116,中国农业大学,,首选物理，再选生物,615,7630,,,0,北京,公办,1,1
重庆,2025,物理类,本科批,1117,北京林业大学,,首选物理，再选不限,579,12962,,,0,北京,公办,0,1
重庆,2025,物理类,本科批,1117,北京林业大学,,首选物理，再选化学,544,8639,,,0,北京,公办,0,1
重庆,2025,物理类,本科批,1117,北京林业大学,,首选物理，再选地理,594,13602,,,0,北京,公办,0,1
重庆,2025,物理类,本科批,1117,北京林业大学,,首选物理，再选生物,582,17853,,,0,北京,公办,0,1
重庆,2025,物理类,本科批,1118,北京中医药大学,,首选物理，再选不限,584,7630,,,0,北京,公办,0,1
重庆,2025,物理类,本科批,1118,北京中医药大学,,首选物理，再选化学,586,792,,,0,北京,公办,0,1
重庆,2025,物理类,本科批,1120,首都师范大学,,首选物理，再选化学,597,8639,,,0,北京,公办,0,0
重庆,2025,物理类,本科批,1121,首都体育学院,,首选物理，再选不限,519,50211,,,0,北京,公办,0,0
重庆,2025,物理类,本科批,1122,北京外国语大学,,首选物理，再选不限,603,5142,,,0,北京,公办,0,1
重庆,2025,物理类,本科批,1122,北京外国语大学,,首选物理，再选化学,619,5565,,,0,北京,公办,0,1
重庆,2025,物理类,本科批,1122,北京外国语大学,,首选物理，再选思想政治,600,11716,,,0,北京,公办,0,1
重庆,2025,物理类,本科批,1123,北京第二外国语学院,,首选物理，再选不限,560,19815,,,0,北京,公办,0,0
重庆,2025,物理类,本科批,1123,北京第二外国语学院,,首选物理，再选地理,559,27774,,,0,北京,公办,0,0
重庆,2025,物理类,本科批,1124,北京语言大学,,首选物理，再选不限,482,18260,,,0,北京,公办,0,0
重庆,2025,物理类,本科批,1124,北京语言大学,,首选物理，再选化学,581,18260,,,0,北京,公办,0,0
重庆,2025,物理类,本科批,1124,北京语言大学,,首选物理，再选思想政治,563,25811,,,0,北京,公办,0,0
重庆,2025,物理类,本科批,1125,中国传媒大学,,首选物理，再选不限,610,8129,,,0,北京,公办,0,1
重庆,2025,物理类,本科批,1125,中国传媒大学,,首选物理，再选化学,574,4544,,,0,北京,公办,0,1
重庆,2025,物理类,本科批,1126,中央财经大学,,首选物理，再选不限,600,2715,,,0,北京,公办,0,1
重庆,2025,物理类,本科批,1126,中央财经大学,,首选物理，再选化学,629,4055,,,0,北京,公办,0,1
重庆,2025,物理类,本科批,1127,对外经济贸易大学,,首选物理，再选不限,597,4393,,,23,北京,公办,0,1
重庆,2025,物理类,本科批,1127,对外经济贸易大学,,首选物理，再选化学,601,5142,,,7,北京,公办,0,1
重庆,2025,物理类,本科批,1128,北京物资学院,,首选物理，再选不限,495,21842,,,0,北京,公办,0,0
重庆,2025,物理类,本科批,1128,北京物资学院,,首选物理，再选化学,513,27291,,,0,北京,公办,0,0
重庆,2025,物理类,本科批,1132,北京体育大学,,首选物理，再选不限,520,13287,,,0,北京,公办,0,1
重庆,2025,物理类,本科批,1132,北京体育大学,,首选物理，再选化学,581,14293,,,0,北京,公办,0,1
重庆,2025,物理类,本科批,1135,中央美术学院,,首选物理，再选不限,523,16401,,,0,北京,公办,0,0
重庆,2025,物理类,本科批,1140,中央民族大学,,首选物理，再选不限,593,7630,,,0,北京,公办,1,1
重庆,2025,物理类,本科批,1140,中央民族大学,,首选物理，再选化学,594,6864,,,0,北京,公办,1,1
重庆,2025,物理类,本科批,1141,中国政法大学,,首选物理，再选不限,613,1454,,,0,北京,公办,0,1
重庆,2025,物理类,本科批,1142,华北电力大学（北京）,,首选物理，再选不限,593,11125,,,0,北京,公办,0,1
重庆,2025,物理类,本科批,1142,华北电力大学（北京）,,首选物理，再选化学,600,2592,,,0,北京,公办,0,1
重庆,2025,物理类,本科批,1143,北京信息科技大学,,首选物理，再选不限,575,20633,,,0,北京,公办,0,0
重庆,2025,物理类,本科批,1143,北京信息科技大学,,首选物理，再选化学,582,11420,,,0,北京,公办,0,0
重庆,2025,物理类,本科批,1145,中国矿业大学（北京）,,首选物理，再选不限,572,17853,,,0,北京,公办,0,1
重庆,2025,物理类,本科批,1145,中国矿业大学（北京）,,首选物理，再选化学,576,7630,,,0,北京,公办,0,1
重庆,2025,物理类,本科批,1146,中国石油大学（北京）,,首选物理，再选不限,596,10294,,,0,北京,公办,0,1
重庆,2025,物理类,本科批,1146,中国石油大学（北京）,,首选物理，再选化学,591,7630,,,0,北京,公办,0,1
重庆,2025,物理类,本科批,1147,中国地质大学（北京）,,首选物理，再选不限,590,11716,,,0,北京,公办,0,1
重庆,2025,物理类,本科批,1147,中国地质大学（北京）,,首选物理，再选化学,574,6202,,,0,北京,公办,0,1
重庆,2025,物理类,本科批,1148,北京联合大学,,首选物理，再选不限,527,45354,,,0,北京,公办,0,0
重庆,2025,物理类,本科批,1148,北京联合大学,,首选物理，再选化学,573,21426,,,0,北京,公办,0,0
重庆,2025,物理类,本科批,1148,北京联合大学,,首选物理，再选地理,545,34938,,,0,北京,公办,0,0
重庆,2025,物理类,本科批,1149,北京城市学院,,首选物理，再选化学,471,68964,,,0,北京,民办,0,0
重庆,2025,物理类,本科批,1151,首都经济贸易大学,,首选物理，再选不限,569,22294,,,0,北京,公办,0,0
重庆,2025,物理类,本科批,1151,首都经济贸易大学,,首选物理，再选化学,554,21842,,,0,北京,公办,0,0
重庆,2025,物理类,本科批,1152,北京工商大学,,首选物理，再选不限,549,27774,,,0,北京,公办,0,0
重庆,2025,物理类,本科批,1152,北京工商大学,,首选物理，再选化学,556,19056,,,0,北京,公办,0,0
重庆,2025,物理类,本科批,1153,中华女子学院,,首选物理，再选不限,515,39422,,,0,北京,公办,0,0
重庆,2025,物理类,本科批,1153,中华女子学院,,首选物理，再选化学,526,45961,,,0,北京,公办,0,0
重庆,2025,物理类,本科批,1154,北京科技职业大学,,首选物理，再选不限,513,53788,,,0,北京,公办,0,0
重庆,2025,物理类,本科批,1168,中国劳动关系学院,,首选物理，再选不限,520,30286,,,0,北京,公办,0,0
重庆,2025,物理类,本科批,1168,中国劳动关系学院,,首选物理，再选化学,524,37736,,,0,北京,公办,0,0
重庆,2025,物理类,本科批,1173,北京农学院,,首选物理，再选化学,521,39422,,,0,北京,公办,0,0
重庆,2025,物理类,本科批,1186,北京工业大学,,首选物理，再选化学,581,6202,,,0,北京,公办,0,1
重庆,2025,物理类,本科批,1188,中国社会科学院大学,,首选物理，再选不限,611,3902,,,0,北京,公办,0,0
重庆,2025,物理类,本科批,1190,北京协和医学院,,首选物理，再选化学,597,12651,,,0,北京,公办,0,0
重庆,2025,物理类,本科批,1198,北京建筑大学,,首选物理，再选不限,519,50211,,,0,北京,公办,0,0
重庆,2025,物理类,本科批,1199,民政职业大学,,首选物理，再选不限,498,38272,,,0,北京,公办,0,0
重庆,2025,物理类,本科批,1201,南开大学,,首选物理，再选不限,645,2108,,,0,天津,公办,1,1
重庆,2025,物理类,本科批,1201,南开大学,,首选物理，再选化学,643,740,,,0,天津,公办,1,1
重庆,2025,物理类,本科批,1202,天津大学,,首选物理，再选不限,626,5142,,,0,天津,公办,1,1
重庆,2025,物理类,本科批,1202,天津大学,,首选物理，再选化学,627,1619,,,0,天津,公办,1,1
重庆,2025,物理类,本科批,1203,天津科技大学,,首选物理，再选化学,534,21842,,,0,天津,公办,0,0
重庆,2025,物理类,本科批,1204,天津工业大学,,首选物理，再选不限,568,23571,,,0,天津,公办,0,0
重庆,2025,物理类,本科批,1204,天津工业大学,,首选物理，再选化学,560,10556,,,0,天津,公办,0,0
重庆,2025,物理类,本科批,1205,中国民航大学,,首选物理，再选不限,579,19056,,,0,天津,公办,0,0
重庆,2025,物理类,本科批,1205,中国民航大学,,首选物理，再选化学,568,8639,,,0,天津,公办,0,0
重庆,2025,物理类,本科批,1206,天津理工大学,,首选物理，再选不限,534,25339,,,0,天津,公办,0,0
重庆,2025,物理类,本科批,1206,天津理工大学,,首选物理，再选化学,528,13949,,,0,天津,公办,0,0
重庆,2025,物理类,本科批,1207,天津农学院,,首选物理，再选不限,500,58277,,,0,天津,公办,0,0
重庆,2025,物理类,本科批,1207,天津农学院,,首选物理，再选化学,500,39989,,,0,天津,公办,0,0
重庆,2025,物理类,本科批,1207,天津农学院,,首选物理，再选生物,497,63946,,,0,天津,公办,0,0
重庆,2025,物理类,本科批,1208,天津中医药大学,,首选物理，再选不限,539,38272,,,0,天津,公办,0,0
重庆,2025,物理类,本科批,1208,天津中医药大学,,首选物理，再选化学,536,3585,,,0,天津,公办,0,0
重庆,2025,物理类,本科批,1209,天津外国语大学,,首选物理，再选不限,479,29783,,,0,天津,公办,0,0
重庆,2025,物理类,本科批,1209,天津外国语大学,,首选物理，再选化学,564,25339,,,0,天津,公办,0,0
重庆,2025,物理类,本科批,1210,天津商业大学,,首选物理，再选不限,507,41158,,,0,天津,公办,0,0
重庆,2025,物理类,本科批,1210,天津商业大学,,首选物理，再选化学,507,34376,,,0,天津,公办,0,0
重庆,2025,物理类,本科批,1211,天津财经大学,,首选物理，再选不限,531,20247,,,0,天津,公办,0,0
重庆,2025,物理类,本科批,1211,天津财经大学,,首选物理，再选化学,567,23142,,,0,天津,公办,0,0
重庆,2025,物理类,本科批,1212,天津体育学院,,首选物理，再选不限,509,49565,,,0,天津,公办,0,0
重庆,2025,物理类,本科批,1215,河北工业大学,,首选物理，再选不限,591,14652,,,0,天津,公办,0,1
重庆,2025,物理类,本科批,1215,河北工业大学,,首选物理，再选化学,541,7131,,,0,天津,公办,0,1
重庆,2025,物理类,本科批,1216,天津城建大学,,首选物理，再选不限,485,45961,,,0,天津,公办,0,0
重庆,2025,物理类,本科批,1216,天津城建大学,,首选物理，再选化学,478,32804,,,0,天津,公办,0,0
重庆,2025,物理类,本科批,1216,天津城建大学,,首选物理，再选地理,519,50211,,,0,天津,公办,0,0
重庆,2025,物理类,本科批,1217,天津中德应用技术大学,,首选物理，再选化学,518,50814,,,0,天津,公办,0,0
重庆,2025,物理类,本科批,1218,天津医科大学,,首选物理，再选化学,590,12008,,,0,天津,公办,0,1
重庆,2025,物理类,本科批,1218,天津医科大学,,首选物理，再选化学、生物(2科必选),595,2715,,,0,天津,公办,0,1
重庆,2025,物理类,本科批,1219,北京科技大学天津学院,,首选物理，再选不限,478,72625,,,0,天津,民办,0,0
重庆,2025,物理类,本科批,1219,北京科技大学天津学院,,首选物理，再选化学,467,69571,,,0,天津,民办,0,0
重庆,2025,物理类,本科批,1220,天津商业大学宝德学院,,首选物理，再选不限,453,71425,,,0,天津,民办,0,0
重庆,2025,物理类,本科批,1221,天津医科大学临床医学院,,首选物理，再选不限,479,75006,,,0,天津,民办,0,0
重庆,2025,物理类,本科批,1221,天津医科大学临床医学院,,首选物理，再选化学,483,65119,,,0,天津,民办,0,0
重庆,2025,物理类,本科批,1221,天津医科大学临床医学院,,首选物理，再选化学、生物(2科必选),539,36058,,,0,天津,民办,0,0
重庆,2025,物理类,本科批,1236,天津师范大学,,首选物理，再选不限,535,21842,,,0,天津,公办,0,0
重庆,2025,物理类,本科批,1236,天津师范大学,,首选物理，再选化学,546,17147,,,0,天津,公办,0,0
重庆,2025,物理类,本科批,1239,天津外国语大学滨海外事学院,,首选物理，再选不限,472,79189,,,0,天津,民办,0,0
重庆,2025,物理类,本科批,1246,天津理工大学中环信息学院,,首选物理，再选不限,471,79745,,,0,天津,民办,0,0
重庆,2025,物理类,本科批,1246,天津理工大学中环信息学院,,首选物理，再选化学,475,62078,,,0,天津,民办,0,0
重庆,2025,物理类,本科批,1250,天津仁爱学院,,首选物理，再选不限,425,93815,,,0,天津,民办,0,0
重庆,2025,物理类,本科批,1250,天津仁爱学院,,首选物理，再选化学,425,82660,,,0,天津,民办,0,0
重庆,2025,物理类,本科批,1251,天津职业技术师范大学,,首选物理，再选不限,493,46560,,,0,天津,公办,0,0
重庆,2025,物理类,本科批,1251,天津职业技术师范大学,,首选物理，再选化学,512,45961,,,0,天津,公办,0,0
重庆,2025,物理类,本科批,1252,天津财经大学珠江学院,,首选物理，再选不限,451,74439,,,0,天津,民办,0,0
重庆,2025,物理类,本科批,1301,河北工程大学,,首选物理，再选不限,504,53788,,,0,河北,公办,0,0
重庆,2025,物理类,本科批,1301,河北工程大学,,首选物理，再选化学,504,23571,,,0,河北,公办,0,0
重庆,2025,物理类,本科批,1302,河北地质大学,,首选物理，再选不限,509,46560,,,0,河北,公办,0,0
重庆,2025,物理类,本科批,1302,河北地质大学,,首选物理，再选化学,496,37736,,,0,河北,公办,0,0
重庆,2025,物理类,本科批,1303,华北电力大学（保定）,,首选物理，再选不限,586,9455,,,0,河北,公办,0,1
重庆,2025,物理类,本科批,1303,华北电力大学（保定）,,首选物理，再选化学,575,3902,,,0,河北,公办,0,1
重庆,2025,物理类,本科批,1304,华北理工大学,,首选物理，再选不限,520,49565,,,0,河北,公办,0,0
重庆,2025,物理类,本科批,1304,华北理工大学,,首选物理，再选化学,515,21426,,,0,河北,公办,0,0
重庆,2025,物理类,本科批,1304,华北理工大学,,首选物理，再选化学、生物(2科必选),581,18260,,,0,河北,公办,0,0
重庆,2025,物理类,本科批,1305,河北师范大学,,首选物理，再选不限,490,45354,,,0,河北,公办,0,0
重庆,2025,物理类,本科批,1305,河北师范大学,,首选物理，再选化学,468,44745,,,0,河北,公办,0,0
重庆,2025,物理类,本科批,1305,河北师范大学,,首选物理，再选化学、生物(2科必选),479,75006,,,0,河北,公办,0,0
重庆,2025,物理类,本科批,1306,邯郸学院,,首选物理，再选化学,489,58277,,,0,河北,公办,0,0
重庆,2025,物理类,本科批,1307,邢台学院,,首选物理，再选不限,495,55069,,,0,河北,公办,0,0
重庆,2025,物理类,本科批,1307,邢台学院,,首选物理，再选化学,497,63946,,,0,河北,公办,0,0
重庆,2025,物理类,本科批,1308,石家庄铁道大学,,首选物理，再选不限,512,31257,,,0,河北,公办,0,0
重庆,2025,物理类,本科批,1308,石家庄铁道大学,,首选物理，再选化学,502,22723,,,0,河北,公办,0,0
重庆,2025,物理类,本科批,1309,燕山大学,,首选物理，再选化学,533,13602,,,0,河北,公办,0,0
重庆,2025,物理类,本科批,1310,华北科技学院,,首选物理，再选不限,493,66408,,,0,河北,公办,0,0
重庆,2025,物理类,本科批,1310,华北科技学院,,首选物理，再选化学,491,36620,,,0,河北,公办,0,0
重庆,2025,物理类,本科批,1311,中国人民警察大学,,首选物理，再选化学,522,19441,,,0,河北,公办,0,0
重庆,2025,物理类,本科批,1311,中国人民警察大学,,首选物理，再选思想政治,529,44108,,,0,河北,公办,0,0
重庆,2025,物理类,本科批,1312,北华航天工业学院,,首选物理，再选不限,506,50814,,,0,河北,公办,0,0
重庆,2025,物理类,本科批,1312,北华航天工业学院,,首选物理，再选化学,504,24396,,,0,河北,公办,0,0
重庆,2025,物理类,本科批,1312,北华航天工业学院,,首选物理，再选地理,514,53184,,,0,河北,公办,0,0
重庆,2025,物理类,本科批,1314,东北大学秦皇岛分校,,首选物理，再选不限,601,8369,,,0,河北,公办,1,1
重庆,2025,物理类,本科批,1314,东北大学秦皇岛分校,,首选物理，再选化学,596,4946,,,0,河北,公办,1,1
重庆,2025,物理类,本科批,1315,华北理工大学轻工学院,,首选物理，再选不限,442,95317,,,0,河北,民办,0,0
重庆,2025,物理类,本科批,1315,华北理工大学轻工学院,,首选物理，再选化学,432,100092,,,0,河北,民办,0,0
重庆,2025,物理类,本科批,1316,河北工程大学科信学院,,首选物理，再选不限,483,72625,,,0,河北,民办,0,0
重庆,2025,物理类,本科批,1316,河北工程大学科信学院,,首选物理，再选化学,473,66408,,,0,河北,民办,0,0
重庆,2025,物理类,本科批,1318,河北金融学院,,首选物理，再选不限,482,53788,,,0,河北,公办,0,0
重庆,2025,物理类,本科批,1319,防灾科技学院,,首选物理，再选不限,494,53184,,,0,河北,公办,0,0
重庆,2025,物理类,本科批,1319,防灾科技学院,,首选物理，再选化学,465,42889,,,0,河北,公办,0,0
重庆,2025,物理类,本科批,1339,河北外国语学院,,首选物理，再选不限,425,73224,,,0,河北,民办,0,0
重庆,2025,物理类,本科批,1339,河北外国语学院,,首选物理，再选化学,443,71425,,,0,河北,民办,0,0
重庆,2025,物理类,本科批,1342,河北环境工程学院,,首选物理，再选不限,486,70780,,,0,河北,公办,0,0
重庆,2025,物理类,本科批,1342,河北环境工程学院,,首选物理，再选化学,485,62675,,,0,河北,公办,0,0
重庆,2025,物理类,本科批,1342,河北环境工程学院,,首选物理，再选生物,487,70203,,,0,河北,公办,0,0
重庆,2025,物理类,本科批,1343,保定学院,,首选物理，再选不限,500,60202,,,0,河北,公办,0,0
重庆,2025,物理类,本科批,1343,保定学院,,首选物理，再选化学,494,45961,,,0,河北,公办,0,0
重庆,2025,物理类,本科批,1344,河北北方学院,,首选物理，再选化学,520,33846,,,0,河北,公办,0,0
重庆,2025,物理类,本科批,1352,邢台医学院,,首选物理，再选化学,512,54412,,,0,河北,公办,0,0
重庆,2025,物理类,本科批,1353,河北农业大学,,首选物理，再选化学,492,53184,,,0,河北,公办,0,0
重庆,2025,物理类,本科批,1356,河北建筑工程学院,,首选物理，再选不限,484,67042,,,0,河北,公办,0,0
重庆,2025,物理类,本科批,1356,河北建筑工程学院,,首选物理，再选化学,490,46560,,,0,河北,公办,0,0
重庆,2025,物理类,本科批,1358,河北医科大学,,首选物理，再选化学,545,27774,,,0,河北,公办,0,0
重庆,2025,物理类,本科批,1358,河北医科大学,,首选物理，再选化学、生物(2科必选),583,14293,,,0,河北,公办,0,0
重庆,2025,物理类,本科批,1358,河北医科大学,,首选物理，再选生物,536,39989,,,0,河北,公办,0,0
重庆,2025,物理类,本科批,1359,河北医科大学临床学院,,首选物理，再选化学,513,53788,,,0,河北,民办,0,0
重庆,2025,物理类,本科批,1359,河北医科大学临床学院,,首选物理，再选化学、生物(2科必选),543,36058,,,0,河北,民办,0,0
重庆,2025,物理类,本科批,1359,河北医科大学临床学院,,首选物理，再选生物,513,53788,,,0,河北,民办,0,0
重庆,2025,物理类,本科批,1361,衡水学院,,首选物理，再选化学,490,62675,,,0,河北,公办,0,0
重庆,2025,物理类,本科批,1366,石家庄铁道大学四方学院,,首选物理，再选不限,481,73860,,,0,河北,民办,0,0
重庆,2025,物理类,本科批,1366,石家庄铁道大学四方学院,,首选物理，再选化学,483,67042,,,0,河北,民办,0,0
重庆,2025,物理类,本科批,1369,河北大学,,首选物理，再选不限,517,26280,,,0,河北,公办,0,0
重庆,2025,物理类,本科批,1369,河北大学,,首选物理，再选化学,528,20247,,,0,河北,公办,0,0
重庆,2025,物理类,本科批,1370,河北科技大学,,首选物理，再选化学,509,30286,,,0,河北,公办,0,0
重庆,2025,物理类,本科批,1372,廊坊师范学院,,首选物理，再选不限,489,62675,,,0,河北,公办,0,0
重庆,2025,物理类,本科批,1372,廊坊师范学院,,首选物理，再选化学,487,53184,,,0,河北,公办,0,0
重庆,2025,物理类,本科批,1373,河北工程技术学院,,首选物理，再选化学,425,97772,,,0,河北,民办,0,0
重庆,2025,物理类,本科批,1378,河北地质大学华信学院,,首选物理，再选不限,434,87032,,,0,河北,民办,0,0
重庆,2025,物理类,本科批,1378,河北地质大学华信学院,,首选物理，再选化学,460,85897,,,0,河北,民办,0,0
重庆,2025,物理类,本科批,1378,河北地质大学华信学院,,首选物理，再选生物,472,79189,,,0,河北,民办,0,0
重庆,2025,物理类,本科批,1381,唐山师范学院,,首选物理，再选不限,489,63323,,,0,河北,公办,0,0
重庆,2025,物理类,本科批,1381,唐山师范学院,,首选物理，再选化学,486,70780,,,0,河北,公办,0,0
重庆,2025,物理类,本科批,1385,保定理工学院,,首选物理，再选不限,466,82660,,,0,河北,民办,0,0
重庆,2025,物理类,本科批,1385,保定理工学院,,首选物理，再选化学,470,80338,,,0,河北,民办,0,0
重庆,2025,物理类,本科批,1386,河北经贸大学,,首选物理，再选不限,499,38835,,,0,河北,公办,0,0
重庆,2025,物理类,本科批,1386,河北经贸大学,,首选物理，再选化学,534,41158,,,0,河北,公办,0,0
重庆,2025,物理类,本科批,1388,唐山学院,,首选物理，再选化学,510,55724,,,0,河北,公办,0,0
重庆,2025,物理类,本科批,1390,河北东方学院,,首选物理，再选不限,475,77404,,,0,河北,民办,0,0
重庆,2025,物理类,本科批,1390,河北东方学院,,首选物理，再选化学,465,69571,,,0,河北,民办,0,0
重庆,2025,物理类,本科批,1390,河北东方学院,,首选物理，再选生物,489,68964,,,0,河北,民办,0,0
重庆,2025,物理类,本科批,1391,承德医学院,,首选物理，再选化学,569,23142,,,0,河北,公办,0,0
重庆,2025,物理类,本科批,1391,承德医学院,,首选物理，再选生物,523,47737,,,0,河北,公办,0,0
重庆,2025,物理类,本科批,1395,河北中医药大学,,首选物理，再选不限,536,28271,,,0,河北,公办,0,0
重庆,2025,物理类,本科批,1395,河北中医药大学,,首选物理，再选化学,533,27291,,,0,河北,公办,0,0
重庆,2025,物理类,本科批,1399,沧州师范学院,,首选物理，再选不限,494,65772,,,0,河北,公办,0,0
重庆,2025,物理类,本科批,1399,沧州师范学院,,首选物理，再选化学,487,61431,,,0,河北,公办,0,0
重庆,2025,物理类,本科批,1401,太原科技大学,,首选物理，再选不限,525,46560,,,0,山西,公办,0,0
重庆,2025,物理类,本科批,1401,太原科技大学,,首选物理，再选化学,504,26280,,,0,山西,公办,0,0
重庆,2025,物理类,本科批,1402,中北大学,,首选物理，再选不限,516,38272,,,0,山西,公办,0,0
重庆,2025,物理类,本科批,1402,中北大学,,首选物理，再选化学,520,13949,,,0,山西,公办,0,0
重庆,2025,物理类,本科批,1403,太原理工大学,,首选物理，再选不限,565,16764,,,0,山西,公办,0,1
重庆,2025,物理类,本科批,1403,太原理工大学,,首选物理，再选化学,552,7630,,,0,山西,公办,0,1
重庆,2025,物理类,本科批,1404,山西农业大学,,首选物理，再选不限,483,55724,,,0,山西,公办,0,0
重庆,2025,物理类,本科批,1404,山西农业大学,,首选物理，再选化学,494,32804,,,0,山西,公办,0,0
重庆,2025,物理类,本科批,1404,山西农业大学,,首选物理，再选化学、生物(2科必选),494,27774,,,0,山西,公办,0,0
重庆,2025,物理类,本科批,1405,山西医科大学,,首选物理，再选不限,484,39422,,,0,山西,公办,0,0
重庆,2025,物理类,本科批,1405,山西医科大学,,首选物理，再选化学,532,27774,,,0,山西,公办,0,0
重庆,2025,物理类,本科批,1405,山西医科大学,,首选物理，再选化学、生物(2科必选),534,7131,,,0,山西,公办,0,0
重庆,2025,物理类,本科批,1405,山西医科大学,,首选物理，再选生物,534,41158,,,0,山西,公办,0,0
重庆,2025,物理类,本科批,1406,山西大同大学,,首选物理，再选化学,502,51989,,,0,山西,公办,0,0
重庆,2025,物理类,本科批,1406,山西大同大学,,首选物理，再选化学、生物(2科必选),545,34938,,,0,山西,公办,0,0
重庆,2025,物理类,本科批,1407,忻州师范学院,,首选物理，再选不限,488,66408,,,0,山西,公办,0,0
重庆,2025,物理类,本科批,1407,忻州师范学院,,首选物理，再选化学,495,40611,,,0,山西,公办,0,0
重庆,2025,物理类,本科批,1407,忻州师范学院,,首选物理，再选化学、生物(2科必选),486,70203,,,0,山西,公办,0,0
重庆,2025,物理类,本科批,1408,山西财经大学,,首选物理，再选不限,501,22294,,,0,山西,公办,0,0
重庆,2025,物理类,本科批,1408,山西财经大学,,首选物理，再选化学,547,25339,,,0,山西,公办,0,0
重庆,2025,物理类,本科批,1408,山西财经大学,,首选物理，再选地理,512,51989,,,0,山西,公办,0,0
重庆,2025,物理类,本科批,1415,山西应用科技学院,,首选物理，再选不限,454,89161,,,0,山西,民办,0,0
重庆,2025,物理类,本科批,1415,山西应用科技学院,,首选物理，再选化学,451,90739,,,0,山西,民办,0,0
重庆,2025,物理类,本科批,1423,山西工学院,,首选物理，再选化学,510,22723,,,0,山西,公办,0,0
重庆,2025,物理类,本科批,1425,山西大学,,首选物理，再选化学,578,8639,,,0,山西,公办,0,0
重庆,2025,物理类,本科批,1428,太原学院,,首选物理，再选不限,431,62078,,,0,山西,公办,0,0
重庆,2025,物理类,本科批,1428,太原学院,,首选物理，再选化学,490,65119,,,0,山西,公办,0,0
重庆,2025,物理类,本科批,1428,太原学院,,首选物理，再选生物,485,71425,,,0,山西,公办,0,0
重庆,2025,物理类,本科批,1430,山西晋中理工学院,,首选物理，再选化学,468,78003,,,0,山西,民办,0,0
重庆,2025,物理类,本科批,1433,山西师范大学,,首选物理，再选不限,496,57604,,,4,山西,公办,0,0
重庆,2025,物理类,本科批,1433,山西师范大学,,首选物理，再选化学,506,54412,,,6,山西,公办,0,0
重庆,2025,物理类,本科批,1434,太原师范学院,,首选物理，再选不限,503,60202,,,0,山西,公办,0,0
重庆,2025,物理类,本科批,1434,太原师范学院,,首选物理，再选化学,499,61431,,,0,山西,公办,0,0
重庆,2025,物理类,本科批,1439,长治医学院,,首选物理，再选不限,506,34938,,,0,山西,公办,0,0
重庆,2025,物理类,本科批,1439,长治医学院,,首选物理，再选化学,506,22723,,,0,山西,公办,0,0
重庆,2025,物理类,本科批,1439,长治医学院,,首选物理，再选生物,520,45354,,,0,山西,公办,0,0
重庆,2025,物理类,本科批,1445,晋中学院,,首选物理，再选化学,488,60834,,,0,山西,公办,0,0
重庆,2025,物理类,本科批,1446,太原工业学院,,首选物理，再选化学,492,47131,,,0,山西,公办,0,0
重庆,2025,物理类,本科批,1448,吕梁学院,,首选物理，再选不限,487,60834,,,0,山西,公办,0,0
重庆,2025,物理类,本科批,1448,吕梁学院,,首选物理，再选化学,490,60202,,,0,山西,公办,0,0
重庆,2025,物理类,本科批,1449,山西中医药大学,,首选物理，再选不限,541,25811,,,0,山西,公办,0,0
重庆,2025,物理类,本科批,1449,山西中医药大学,,首选物理，再选化学,519,32260,,,0,山西,公办,0,0
重庆,2025,物理类,本科批,1449,山西中医药大学,,首选物理，再选生物,530,31746,,,0,山西,公办,0,0
重庆,2025,物理类,本科批,1450,山西传媒学院,,首选物理，再选不限,488,67042,,,0,山西,公办,0,0
重庆,2025,物理类,本科批,1451,山西电子科技学院,,首选物理，再选化学,492,61431,,,0,山西,公办,0,0
重庆,2025,物理类,本科批,1452,运城职业技术大学,,首选物理，再选不限,446,72040,,,0,山西,民办,0,0
重庆,2025,物理类,本科批,1453,晋中信息学院,,首选物理，再选不限,462,76786,,,0,山西,民办,0,0
重庆,2025,物理类,本科批,1453,晋中信息学院,,首选物理，再选化学,449,72040,,,0,山西,民办,0,0
重庆,2025,物理类,本科批,1465,山西工程技术学院,,首选物理，再选不限,481,67694,,,0,山西,公办,0,0
重庆,2025,物理类,本科批,1465,山西工程技术学院,,首选物理，再选化学,488,49565,,,0,山西,公办,0,0
重庆,2025,物理类,本科批,1501,内蒙古大学,,首选物理，再选不限,544,22294,,,0,内蒙古,公办,0,1
重庆,2025,物理类,本科批,1501,内蒙古大学,,首选物理，再选化学,542,13949,,,0,内蒙古,公办,0,1
重庆,2025,物理类,本科批,1502,内蒙古科技大学,,首选物理，再选不限,495,64536,,,0,内蒙古,公办,0,0
重庆,2025,物理类,本科批,1502,内蒙古科技大学,,首选物理，再选化学,482,46560,,,0,内蒙古,公办,0,0
重庆,2025,物理类,本科批,1505,内蒙古工业大学,,首选物理，再选不限,497,63946,,,0,内蒙古,公办,0,0
重庆,2025,物理类,本科批,1505,内蒙古工业大学,,首选物理，再选化学,482,46560,,,0,内蒙古,公办,0,0
重庆,2025,物理类,本科批,1508,内蒙古农业大学,,首选物理，再选不限,500,62078,,,0,内蒙古,公办,0,0
重庆,2025,物理类,本科批,1508,内蒙古农业大学,,首选物理，再选化学,490,40611,,,0,内蒙古,公办,0,0
重庆,2025,物理类,本科批,1508,内蒙古农业大学,,首选物理，再选生物,498,63323,,,0,内蒙古,公办,0,0
重庆,2025,物理类,本科批,1509,内蒙古师范大学,,首选物理，再选不限,489,68964,,,0,内蒙古,公办,0,0
重庆,2025,物理类,本科批,1509,内蒙古师范大学,,首选物理，再选化学,515,52572,,,0,内蒙古,公办,0,0
重庆,2025,物理类,本科批,1509,内蒙古师范大学,,首选物理，再选地理,507,57604,,,0,内蒙古,公办,0,0
重庆,2025,物理类,本科批,1510,呼伦贝尔学院,,首选物理，再选不限,486,70780,,,0,内蒙古,公办,0,0
重庆,2025,物理类,本科批,1513,内蒙古民族大学,,首选物理，再选不限,495,65119,,,0,内蒙古,公办,0,0
重庆,2025,物理类,本科批,1513,内蒙古民族大学,,首选物理，再选化学,486,53788,,,0,内蒙古,公办,0,0
重庆,2025,物理类,本科批,1514,内蒙古财经大学,,首选物理，再选不限,496,64536,,,0,内蒙古,公办,0,0
重庆,2025,物理类,本科批,1515,内蒙古医科大学,,首选物理，再选不限,543,36058,,,0,内蒙古,公办,0,0
重庆,2025,物理类,本科批,1515,内蒙古医科大学,,首选物理，再选化学、生物(2科必选),518,26800,,,0,内蒙古,公办,0,0
重庆,2025,物理类,本科批,1556,内蒙古科技大学包头医学院,,首选物理，再选化学、生物(2科必选),494,44745,,,0,内蒙古,公办,0,0
重庆,2025,物理类,本科批,2102,沈阳工业大学,,首选物理，再选不限,510,53788,,,0,辽宁,公办,0,0
重庆,2025,物理类,本科批,2102,沈阳工业大学,,首选物理，再选化学,518,19815,,,0,辽宁,公办,0,0
重庆,2025,物理类,本科批,2104,沈阳理工大学,,首选物理，再选不限,506,36620,,,0,辽宁,公办,0,0
重庆,2025,物理类,本科批,2104,沈阳理工大学,,首选物理，再选化学,482,21426,,,0,辽宁,公办,0,0
重庆,2025,物理类,本科批,2105,东北大学,,首选物理，再选不限,599,10294,,,0,辽宁,公办,1,1
重庆,2025,物理类,本科批,2105,东北大学,,首选物理，再选化学,612,3304,,,0,辽宁,公办,1,1
重庆,2025,物理类,本科批,2106,辽宁科技大学,,首选物理，再选化学,495,33312,,,0,辽宁,公办,0,0
重庆,2025,物理类,本科批,2107,辽宁工程技术大学,,首选物理，再选不限,509,50814,,,0,辽宁,公办,0,0
重庆,2025,物理类,本科批,2107,辽宁工程技术大学,,首选物理，再选化学,502,25811,,,0,辽宁,公办,0,0
重庆,2025,物理类,本科批,2107,辽宁工程技术大学,,首选物理，再选地理,509,56392,,,0,辽宁,公办,0,0
重庆,2025,物理类,本科批,2108,辽宁石油化工大学,,首选物理，再选化学,532,35519,,,0,辽宁,公办,0,0
重庆,2025,物理类,本科批,2109,沈阳化工大学,,首选物理，再选化学,514,26800,,,0,辽宁,公办,0,0
重庆,2025,物理类,本科批,2110,大连交通大学,,首选物理，再选不限,530,43501,,,0,辽宁,公办,0,0
重庆,2025,物理类,本科批,2110,大连交通大学,,首选物理，再选化学,527,24396,,,0,辽宁,公办,0,0
重庆,2025,物理类,本科批,2111,大连海事大学,,首选物理，再选不限,559,14293,,,0,辽宁,公办,0,1
重庆,2025,物理类,本科批,2111,大连海事大学,,首选物理，再选化学,537,10026,,,0,辽宁,公办,0,1
重庆,2025,物理类,本科批,2113,沈阳建筑大学,,首选物理，再选不限,503,37736,,,0,辽宁,公办,0,0
重庆,2025,物理类,本科批,2113,沈阳建筑大学,,首选物理，再选化学,505,32260,,,0,辽宁,公办,0,0
重庆,2025,物理类,本科批,2115,沈阳农业大学,,首选物理，再选化学,518,28751,,,0,辽宁,公办,0,0
重庆,2025,物理类,本科批,2116,中国医科大学,,首选物理，再选化学,526,1889,,,0,辽宁,公办,0,0
重庆,2025,物理类,本科批,2117,锦州医科大学,,首选物理，再选化学,523,20247,,,0,辽宁,公办,0,0
重庆,2025,物理类,本科批,2118,大连医科大学,,首选物理，再选化学,557,5354,,,0,辽宁,公办,0,0
重庆,2025,物理类,本科批,2119,沈阳药科大学,,首选物理，再选化学,525,13287,,,0,辽宁,公办,0,0
重庆,2025,物理类,本科批,2121,东北财经大学,,首选物理，再选不限,524,16401,,,0,辽宁,公办,0,0
重庆,2025,物理类,本科批,2121,东北财经大学,,首选物理，再选化学,572,21842,,,0,辽宁,公办,0,0
重庆,2025,物理类,本科批,2125,大连民族大学,,首选物理，再选不限,510,55724,,,0,辽宁,公办,0,0
重庆,2025,物理类,本科批,2125,大连民族大学,,首选物理，再选化学,502,40611,,,0,辽宁,公办,0,0
重庆,2025,物理类,本科批,2125,大连民族大学,,首选物理，再选化学、生物(2科必选),518,50814,,,0,辽宁,公办,0,0
重庆,2025,物理类,本科批,2126,辽宁科技学院,,首选物理，再选化学,505,50814,,,0,辽宁,公办,0,0
重庆,2025,物理类,本科批,2128,辽宁中医药大学,,首选物理，再选不限,521,48947,,,0,辽宁,公办,0,0
重庆,2025,物理类,本科批,2128,辽宁中医药大学,,首选物理，再选化学,513,32804,,,0,辽宁,公办,0,0
重庆,2025,物理类,本科批,2129,渤海大学,,首选物理，再选不限,464,53184,,,0,辽宁,公办,0,0
重庆,2025,物理类,本科批,2130,沈阳工程学院,,首选物理，再选化学,560,11716,,,0,辽宁,公办,0,0
重庆,2025,物理类,本科批,2132,大连财经学院,,首选物理，再选不限,451,71425,,,0,辽宁,民办,0,0
重庆,2025,物理类,本科批,2143,大连东软信息学院,,首选物理，再选不限,426,102787,,,0,辽宁,民办,0,0
重庆,2025,物理类,本科批,2143,大连东软信息学院,,首选物理，再选化学,426,96773,,,0,辽宁,民办,0,0
重庆,2025,物理类,本科批,2147,辽宁对外经贸学院,,首选物理，再选不限,425,93312,,,0,辽宁,民办,0,0
重庆,2025,物理类,本科批,2148,沈阳大学,,首选物理，再选不限,483,50211,,,0,辽宁,公办,0,0
重庆,2025,物理类,本科批,2148,沈阳大学,,首选物理，再选化学,503,59528,,,0,辽宁,公办,0,0
重庆,2025,物理类,本科批,2150,辽宁理工学院,,首选物理，再选不限,439,95317,,,0,辽宁,民办,0,0
重庆,2025,物理类,本科批,2150,辽宁理工学院,,首选物理，再选化学,455,85348,,,0,辽宁,民办,0,0
重庆,2025,物理类,本科批,2151,沈阳城市学院,,首选物理，再选不限,425,98699,,,0,辽宁,民办,0,0
重庆,2025,物理类,本科批,2151,沈阳城市学院,,首选物理，再选化学,425,78587,,,0,辽宁,民办,0,0
重庆,2025,物理类,本科批,2153,辽宁大学,,首选物理，再选不限,574,19056,,,0,辽宁,公办,0,1
重庆,2025,物理类,本科批,2153,辽宁大学,,首选物理，再选化学,594,13602,,,0,辽宁,公办,0,1
重庆,2025,物理类,本科批,2154,鞍山师范学院,,首选物理，再选不限,521,48947,,,0,辽宁,公办,0,0
重庆,2025,物理类,本科批,2159,沈阳工学院,,首选物理，再选不限,429,96289,,,0,辽宁,民办,0,0
重庆,2025,物理类,本科批,2159,沈阳工学院,,首选物理，再选化学,425,71425,,,0,辽宁,民办,0,0
重庆,2025,物理类,本科批,2160,沈阳城市建设学院,,首选物理，再选不限,425,103219,,,0,辽宁,民办,0,0
重庆,2025,物理类,本科批,2160,沈阳城市建设学院,,首选物理，再选化学,425,91780,,,0,辽宁,民办,0,0
重庆,2025,物理类,本科批,2161,锦州医科大学医疗学院,,首选物理，再选化学,521,37736,,,0,辽宁,民办,0,0
重庆,2025,物理类,本科批,2162,辽宁传媒学院,,首选物理，再选化学,425,103219,,,0,辽宁,民办,0,0
重庆,2025,物理类,本科批,2166,大连大学,,首选物理，再选不限,506,31257,,,0,辽宁,公办,0,0
重庆,2025,物理类,本科批,2166,大连大学,,首选物理，再选化学,502,34938,,,0,辽宁,公办,0,0
重庆,2025,物理类,本科批,2177,大连理工大学,,首选物理，再选化学,607,1315,,,0,辽宁,公办,1,1
重庆,2025,物理类,本科批,2177,大连理工大学（盘锦校区）,,首选物理，再选不限,604,10556,,,0,辽宁,公办,1,1
重庆,2025,物理类,本科批,2177,大连理工大学（盘锦校区）,,首选物理，再选化学,597,7362,,,0,辽宁,公办,1,1
重庆,2025,物理类,本科批,2178,大连海洋大学,,首选物理，再选不限,503,44745,,,0,辽宁,公办,0,0
重庆,2025,物理类,本科批,2178,大连海洋大学,,首选物理，再选化学,511,40611,,,0,辽宁,公办,0,0
重庆,2025,物理类,本科批,2189,沈阳医学院,,首选物理，再选化学,508,18678,,,0,辽宁,公办,0,0
重庆,2025,物理类,本科批,2189,沈阳医学院,,首选物理，再选生物,527,45354,,,0,辽宁,公办,0,0
重庆,2025,物理类,本科批,2190,辽宁师范大学,,首选物理，再选不限,483,72625,,,0,辽宁,公办,0,0
重庆,2025,物理类,本科批,2194,大连医科大学中山学院,,首选物理，再选化学,466,73860,,,0,辽宁,民办,0,0
重庆,2025,物理类,本科批,2196,辽宁何氏医学院,,首选物理，再选化学,500,56995,,,0,辽宁,民办,0,0
重庆,2025,物理类,本科批,2201,吉林大学,,首选物理，再选不限,594,4748,,,0,吉林,公办,1,1
重庆,2025,物理类,本科批,2201,吉林大学,,首选物理，再选化学,603,2871,,,0,吉林,公办,1,1
重庆,2025,物理类,本科批,2202,延边大学,,首选物理，再选化学,558,15673,,,0,吉林,公办,0,1
重庆,2025,物理类,本科批,2202,延边大学,,首选物理，再选地理,559,27774,,,0,吉林,公办,0,1
重庆,2025,物理类,本科批,2203,长春理工大学,,首选物理，再选不限,516,35519,,,0,吉林,公办,0,0
重庆,2025,物理类,本科批,2203,长春理工大学,,首选物理，再选化学,490,14293,,,0,吉林,公办,0,0
重庆,2025,物理类,本科批,2203,长春理工大学,,首选物理，再选化学、生物(2科必选),526,45961,,,0,吉林,公办,0,0
重庆,2025,物理类,本科批,2204,东北电力大学,,首选物理，再选化学,529,9740,,,0,吉林,公办,0,0
重庆,2025,物理类,本科批,2205,长春工业大学,,首选物理，再选不限,509,50211,,,0,吉林,公办,0,0
重庆,2025,物理类,本科批,2205,长春工业大学,,首选物理，再选化学,513,22294,,,0,吉林,公办,0,0
重庆,2025,物理类,本科批,2206,吉林建筑大学,,首选物理，再选不限,503,60202,,,0,吉林,公办,0,0
重庆,2025,物理类,本科批,2206,吉林建筑大学,,首选物理，再选化学,489,44745,,,0,吉林,公办,0,0
重庆,2025,物理类,本科批,2207,吉林农业大学,,首选物理，再选化学,530,39422,,,0,吉林,公办,0,0
重庆,2025,物理类,本科批,2207,吉林农业大学,,首选物理，再选化学、生物(2科必选),489,45354,,,0,吉林,公办,0,0
重庆,2025,物理类,本科批,2208,东北师范大学,,首选物理，再选不限,560,13949,,,0,吉林,公办,0,1
重庆,2025,物理类,本科批,2208,东北师范大学,,首选物理，再选化学,566,11125,,,0,吉林,公办,0,1
重庆,2025,物理类,本科批,2209,通化师范学院,,首选物理，再选不限,496,64536,,,0,吉林,公办,0,0
重庆,2025,物理类,本科批,2209,通化师范学院,,首选物理，再选化学,488,58277,,,0,吉林,公办,0,0
重庆,2025,物理类,本科批,2211,长春师范大学,,首选物理，再选不限,468,81501,,,0,吉林,公办,0,0
重庆,2025,物理类,本科批,2211,长春师范大学,,首选物理，再选化学,499,46560,,,0,吉林,公办,0,0
重庆,2025,物理类,本科批,2212,白城师范学院,,首选物理，再选不限,491,67694,,,0,吉林,公办,0,0
重庆,2025,物理类,本科批,2212,白城师范学院,,首选物理，再选化学,487,62078,,,0,吉林,公办,0,0
重庆,2025,物理类,本科批,2213,吉林财经大学,,首选物理，再选不限,496,50211,,,0,吉林,公办,0,0
重庆,2025,物理类,本科批,2214,吉林农业科技学院,,首选物理，再选化学,491,44745,,,0,吉林,公办,0,0
重庆,2025,物理类,本科批,2214,吉林农业科技学院,,首选物理，再选生物,490,68311,,,0,吉林,公办,0,0
重庆,2025,物理类,本科批,2215,长春大学,,首选物理，再选不限,455,49565,,,0,吉林,公办,0,0
重庆,2025,物理类,本科批,2215,长春大学,,首选物理，再选化学,455,34938,,,0,吉林,公办,0,0
重庆,2025,物理类,本科批,2216,长春工程学院,,首选物理，再选不限,489,64536,,,0,吉林,公办,0,0
重庆,2025,物理类,本科批,2216,长春工程学院,,首选物理，再选化学,482,30770,,,0,吉林,公办,0,0
重庆,2025,物理类,本科批,2219,长春财经学院,,首选物理，再选不限,454,87578,,,0,吉林,民办,0,0
重庆,2025,物理类,本科批,2219,长春财经学院,,首选物理，再选化学,425,103219,,,0,吉林,民办,0,0
重庆,2025,物理类,本科批,2221,长春建筑学院,,首选物理，再选不限,425,103219,,,0,吉林,民办,0,0
重庆,2025,物理类,本科批,2221,长春建筑学院,,首选物理，再选化学,425,93815,,,0,吉林,民办,0,0
重庆,2025,物理类,本科批,2225,长春汽车职业技术大学,,首选物理，再选不限,490,61431,,,0,吉林,公办,0,0
重庆,2025,物理类,本科批,2233,吉林师范大学,,首选物理，再选不限,505,58929,,,0,吉林,公办,0,0
重庆,2025,物理类,本科批,2233,吉林师范大学,,首选物理，再选化学,499,51374,,,0,吉林,公办,0,0
重庆,2025,物理类,本科批,2234,长春大学旅游学院,,首选物理，再选不限,425,103219,,,0,吉林,民办,0,0
重庆,2025,物理类,本科批,2235,长春工业大学人文信息学院,,首选物理，再选不限,425,97269,,,0,吉林,民办,0,0
重庆,2025,物理类,本科批,2235,长春工业大学人文信息学院,,首选物理，再选化学,425,89161,,,0,吉林,民办,0,0
重庆,2025,物理类,本科批,2237,吉林师范大学博达学院,,首选物理，再选不限,425,83738,,,0,吉林,民办,0,0
重庆,2025,物理类,本科批,2237,吉林师范大学博达学院,,首选物理，再选化学,425,97772,,,0,吉林,民办,0,0
重庆,2025,物理类,本科批,2237,吉林师范大学博达学院,,首选物理，再选地理,451,90739,,,0,吉林,民办,0,0
重庆,2025,物理类,本科批,2241,长春电子科技学院,,首选物理，再选化学,425,91780,,,0,吉林,民办,0,0
重庆,2025,物理类,本科批,2242,长春中医药大学,,首选物理，再选不限,544,14293,,,0,吉林,公办,0,0
重庆,2025,物理类,本科批,2242,长春中医药大学,,首选物理，再选化学,554,21842,,,0,吉林,公办,0,0
重庆,2025,物理类,本科批,2243,北华大学,,首选物理，再选化学,430,28751,,,0,吉林,公办,0,0
重庆,2025,物理类,本科批,2243,北华大学,,首选物理，再选化学、生物(2科必选),555,29783,,,0,吉林,公办,0,0
重庆,2025,物理类,本科批,2244,吉林外国语大学,,首选物理，再选不限,473,78587,,,0,吉林,民办,0,0
重庆,2025,物理类,本科批,2244,吉林外国语大学,,首选物理，再选化学,489,68964,,,0,吉林,民办,0,0
重庆,2025,物理类,本科批,2246,吉林医药学院,,首选物理，再选不限,513,53788,,,0,吉林,公办,0,0
重庆,2025,物理类,本科批,2246,吉林医药学院,,首选物理，再选化学,497,44108,,,0,吉林,公办,0,0
重庆,2025,物理类,本科批,2246,吉林医药学院,,首选物理，再选化学、生物(2科必选),484,27774,,,0,吉林,公办,0,0
重庆,2025,物理类,本科批,2247,吉林工商学院,,首选物理，再选不限,499,50211,,,0,吉林,公办,0,0
重庆,2025,物理类,本科批,2247,吉林工商学院,,首选物理，再选化学,497,58277,,,0,吉林,公办,0,0
重庆,2025,物理类,本科批,2250,长春科技学院,,首选物理，再选不限,425,62675,,,0,吉林,民办,0,0
重庆,2025,物理类,本科批,2250,长春科技学院,,首选物理，再选化学,464,83738,,,0,吉林,民办,0,0
重庆,2025,物理类,本科批,2250,长春科技学院,,首选物理，再选生物,448,92301,,,0,吉林,民办,0,0
重庆,2025,物理类,本科批,2301,黑龙江大学,,首选物理，再选化学,519,26280,,,0,黑龙江,公办,0,0
重庆,2025,物理类,本科批,2302,哈尔滨工业大学,,首选物理，再选不限,615,3012,,,0,黑龙江,公办,1,1
重庆,2025,物理类,本科批,2302,哈尔滨工业大学,,首选物理，再选化学,617,176,,,0,黑龙江,公办,1,1
重庆,2025,物理类,本科批,2303,哈尔滨工程大学,,首选物理，再选化学,591,4393,,,0,黑龙江,公办,0,1
重庆,2025,物理类,本科批,2304,黑龙江科技大学,,首选物理，再选不限,495,56995,,,0,黑龙江,公办,0,0
重庆,2025,物理类,本科批,2304,黑龙江科技大学,,首选物理，再选化学,501,32260,,,0,黑龙江,公办,0,0
重庆,2025,物理类,本科批,2305,东北石油大学,,首选物理，再选不限,510,30770,,,0,黑龙江,公办,0,0
重庆,2025,物理类,本科批,2305,东北石油大学,,首选物理，再选化学,505,10026,,,0,黑龙江,公办,0,0
重庆,2025,物理类,本科批,2306,齐齐哈尔大学,,首选物理，再选化学,488,41158,,,0,黑龙江,公办,0,0
重庆,2025,物理类,本科批,2307,东北农业大学,,首选物理，再选化学,530,12651,,,0,黑龙江,公办,0,1
重庆,2025,物理类,本科批,2307,东北农业大学,,首选物理，再选生物,559,27774,,,0,黑龙江,公办,0,1
重庆,2025,物理类,本科批,2308,东北林业大学,,首选物理，再选不限,561,22294,,,0,黑龙江,公办,0,1
重庆,2025,物理类,本科批,2308,东北林业大学,,首选物理，再选化学,529,11420,,,0,黑龙江,公办,0,1
重庆,2025,物理类,本科批,2308,东北林业大学,,首选物理，再选生物,565,24885,,,0,黑龙江,公办,0,1
重庆,2025,物理类,本科批,2309,哈尔滨医科大学,,首选物理，再选化学,543,17853,,,0,黑龙江,公办,0,0
重庆,2025,物理类,本科批,2309,哈尔滨医科大学,,首选物理，再选化学、生物(2科必选),545,1994,,,0,黑龙江,公办,0,0
重庆,2025,物理类,本科批,2309,哈尔滨医科大学,,首选物理，再选生物,559,27774,,,0,黑龙江,公办,0,0
重庆,2025,物理类,本科批,2311,黑龙江中医药大学,,首选物理，再选不限,529,12962,,,0,黑龙江,公办,0,0
重庆,2025,物理类,本科批,2311,黑龙江中医药大学,,首选物理，再选化学,518,30286,,,0,黑龙江,公办,0,0
重庆,2025,物理类,本科批,2311,黑龙江中医药大学,,首选物理，再选生物,533,32260,,,0,黑龙江,公办,0,0
重庆,2025,物理类,本科批,2312,哈尔滨师范大学,,首选物理，再选不限,488,33846,,,0,黑龙江,公办,0,0
重庆,2025,物理类,本科批,2312,哈尔滨师范大学,,首选物理，再选化学,526,45961,,,0,黑龙江,公办,0,0
重庆,2025,物理类,本科批,2312,哈尔滨师范大学,,首选物理，再选地理,500,48947,,,0,黑龙江,公办,0,0
重庆,2025,物理类,本科批,2313,哈尔滨商业大学,,首选物理，再选不限,499,48378,,,0,黑龙江,公办,0,0
重庆,2025,物理类,本科批,2313,哈尔滨商业大学,,首选物理，再选化学,500,56995,,,0,黑龙江,公办,0,0
重庆,2025,物理类,本科批,2314,佳木斯大学,,首选物理，再选化学,506,56995,,,0,黑龙江,公办,0,0
重庆,2025,物理类,本科批,2315,哈尔滨理工大学,,首选物理，再选不限,545,32260,,,0,黑龙江,公办,0,0
重庆,2025,物理类,本科批,2315,哈尔滨理工大学,,首选物理，再选化学,541,16764,,,0,黑龙江,公办,0,0
重庆,2025,物理类,本科批,2316,哈尔滨学院,,首选物理，再选不限,489,49565,,,0,黑龙江,公办,0,0
重庆,2025,物理类,本科批,2316,哈尔滨学院,,首选物理，再选化学,486,53184,,,0,黑龙江,公办,0,0
重庆,2025,物理类,本科批,2316,哈尔滨学院,,首选物理，再选地理,503,60202,,,0,黑龙江,公办,0,0
重庆,2025,物理类,本科批,2317,黑龙江工程学院,,首选物理，再选化学,485,48378,,,0,黑龙江,公办,0,0
重庆,2025,物理类,本科批,2317,黑龙江工程学院,,首选物理，再选地理,484,67042,,,0,黑龙江,公办,0,0
重庆,2025,物理类,本科批,2318,黑龙江财经学院,,首选物理，再选不限,425,76161,,,0,黑龙江,民办,0,0
重庆,2025,物理类,本科批,2318,黑龙江财经学院,,首选物理，再选化学,425,97772,,,0,黑龙江,民办,0,0
重庆,2025,物理类,本科批,2320,哈尔滨金融学院,,首选物理，再选不限,485,56995,,,0,黑龙江,公办,0,0
重庆,2025,物理类,本科批,2320,哈尔滨金融学院,,首选物理，再选化学,491,62078,,,0,黑龙江,公办,0,0
重庆,2025,物理类,本科批,2324,齐齐哈尔工程学院,,首选物理，再选化学,438,97269,,,0,黑龙江,民办,0,0
重庆,2025,物理类,本科批,2324,齐齐哈尔工程学院,,首选物理，再选生物,448,92301,,,0,黑龙江,民办,0,0
重庆,2025,物理类,本科批,2328,哈尔滨信息工程学院,,首选物理，再选化学,425,103219,,,0,黑龙江,民办,0,0
重庆,2025,物理类,本科批,2340,牡丹江医科大学,,首选物理，再选化学,515,28271,,,0,黑龙江,公办,0,0
重庆,2025,物理类,本科批,2340,牡丹江医科大学,,首选物理，再选化学、生物(2科必选),484,27291,,,0,黑龙江,公办,0,0
重庆,2025,物理类,本科批,2343,哈尔滨职业技术大学,,首选物理，再选不限,484,71425,,,0,黑龙江,公办,0,0
重庆,2025,物理类,本科批,2344,牡丹江师范学院,,首选物理，再选不限,485,66408,,,0,黑龙江,公办,0,0
重庆,2025,物理类,本科批,2344,牡丹江师范学院,,首选物理，再选化学,487,68964,,,0,黑龙江,公办,0,0
重庆,2025,物理类,本科批,2350,绥化学院,,首选物理，再选不限,487,68311,,,0,黑龙江,公办,0,0
重庆,2025,物理类,本科批,2350,绥化学院,,首选物理，再选化学,489,59528,,,0,黑龙江,公办,0,0
重庆,2025,物理类,本科批,2352,齐齐哈尔医学院,,首选物理，再选化学,495,47737,,,0,黑龙江,公办,0,0
重庆,2025,物理类,本科批,2352,齐齐哈尔医学院,,首选物理，再选化学、生物(2科必选),501,32260,,,0,黑龙江,公办,0,0
重庆,2025,物理类,本科批,2352,齐齐哈尔医学院,,首选物理，再选生物,504,52572,,,0,黑龙江,公办,0,0
重庆,2025,物理类,本科批,2354,黑龙江外国语学院,,首选物理，再选不限,425,103219,,,0,黑龙江,民办,0,0
重庆,2025,物理类,本科批,2363,黑龙江八一农垦大学,,首选物理，再选化学,504,41740,,,0,黑龙江,公办,0,0
重庆,2025,物理类,本科批,3101,复旦大学,,首选物理，再选化学,676,159,,,0,上海,公办,1,1
重庆,2025,物理类,本科批,3102,同济大学,,首选物理，再选化学,651,602,,,0,上海,公办,1,1
重庆,2025,物理类,本科批,3103,上海交通大学,,首选物理，再选化学,676,159,,,0,上海,公办,1,1
重庆,2025,物理类,本科批,3104,华东理工大学,,首选物理，再选不限,605,10294,,,0,上海,公办,0,1
重庆,2025,物理类,本科批,3104,华东理工大学,,首选物理，再选化学,603,3733,,,0,上海,公办,0,1
重庆,2025,物理类,本科批,3105,上海理工大学,,首选物理，再选不限,556,29255,,,0,上海,公办,0,0
重庆,2025,物理类,本科批,3105,上海理工大学,,首选物理，再选化学,572,13287,,,0,上海,公办,0,0
重庆,2025,物理类,本科批,3106,上海海事大学,,首选物理，再选不限,550,18260,,,0,上海,公办,0,0
重庆,2025,物理类,本科批,3106,上海海事大学,,首选物理，再选化学,563,18260,,,0,上海,公办,0,0
重庆,2025,物理类,本科批,3107,东华大学,,首选物理，再选化学,593,6632,,,0,上海,公办,0,1
重庆,2025,物理类,本科批,3108,上海电力大学,,首选物理，再选不限,561,22723,,,0,上海,公办,0,0
重庆,2025,物理类,本科批,3108,上海电力大学,,首选物理，再选化学,588,7131,,,0,上海,公办,0,0
重庆,2025,物理类,本科批,3110,华东师范大学,,首选物理，再选不限,639,3012,,,0,上海,公办,1,1
重庆,2025,物理类,本科批,3110,华东师范大学,,首选物理，再选化学,638,1803,,,0,上海,公办,1,1
重庆,2025,物理类,本科批,3111,上海师范大学,,首选物理，再选不限,553,30770,,,0,上海,公办,0,0
重庆,2025,物理类,本科批,3111,上海师范大学,,首选物理，再选化学,504,21842,,,0,上海,公办,0,0
重庆,2025,物理类,本科批,3112,上海外国语大学,,首选物理，再选不限,612,8129,,,0,上海,公办,0,1
重庆,2025,物理类,本科批,3112,上海外国语大学,,首选物理，再选化学,611,8639,,,0,上海,公办,0,1
重庆,2025,物理类,本科批,3113,上海财经大学,,首选物理，再选不限,624,1619,,,0,上海,公办,0,1
重庆,2025,物理类,本科批,3113,上海财经大学,,首选物理，再选化学,634,2472,,,0,上海,公办,0,1
重庆,2025,物理类,本科批,3114,上海对外经贸大学,,首选物理，再选不限,535,12962,,,0,上海,公办,0,0
重庆,2025,物理类,本科批,3115,华东政法大学,,首选物理，再选不限,571,6632,,,0,上海,公办,0,0
重庆,2025,物理类,本科批,3119,上海大学,,首选物理，再选不限,593,11125,,,0,上海,公办,0,1
重庆,2025,物理类,本科批,3119,上海大学,,首选物理，再选化学,612,4946,,,0,上海,公办,0,1
重庆,2025,物理类,本科批,3120,上海健康医学院,,首选物理，再选化学,502,48378,,,0,上海,公办,0,0
重庆,2025,物理类,本科批,3121,上海海关学院,,首选物理，再选不限,596,12962,,,0,上海,公办,0,0
重庆,2025,物理类,本科批,3124,上海建桥学院,,首选物理，再选不限,437,87032,,,0,上海,民办,0,0
重庆,2025,物理类,本科批,3124,上海建桥学院,,首选物理，再选化学,425,76786,,,0,上海,民办,0,0
重庆,2025,物理类,本科批,3124,上海建桥学院,,首选物理，再选生物,471,79745,,,0,上海,民办,0,0
重庆,2025,物理类,本科批,3125,上海兴伟学院,,首选物理，再选不限,425,103219,,,0,上海,民办,0,0
重庆,2025,物理类,本科批,3130,上海第二工业大学,,首选物理，再选不限,517,37736,,,0,上海,公办,0,0
重庆,2025,物理类,本科批,3130,上海第二工业大学,,首选物理，再选化学,522,25339,,,0,上海,公办,0,0
重庆,2025,物理类,本科批,3132,上海海洋大学,,首选物理，再选化学,559,21426,,,0,上海,公办,0,0
重庆,2025,物理类,本科批,3133,上海商学院,,首选物理，再选不限,518,44108,,,0,上海,公办,0,0
重庆,2025,物理类,本科批,3133,上海商学院,,首选物理，再选化学,516,35519,,,0,上海,公办,0,0
重庆,2025,物理类,本科批,3139,上海工程技术大学,,首选物理，再选不限,519,42889,,,0,上海,公办,0,0
重庆,2025,物理类,本科批,3139,上海工程技术大学,,首选物理，再选化学,518,20633,,,0,上海,公办,0,0
重庆,2025,物理类,本科批,3140,上海政法学院,,首选物理，再选不限,512,21006,,,0,上海,公办,0,0
重庆,2025,物理类,本科批,3141,上海视觉艺术学院,,首选物理，再选不限,485,71425,,,0,上海,民办,0,0
重庆,2025,物理类,本科批,3144,上海杉达学院,,首选物理，再选化学,488,69571,,,0,上海,民办,0,0
重庆,2025,物理类,本科批,3145,上海电机学院,,首选物理，再选不限,518,46560,,,0,上海,公办,0,0
重庆,2025,物理类,本科批,3145,上海电机学院,,首选物理，再选化学,539,30286,,,0,上海,公办,0,0
重庆,2025,物理类,本科批,3147,上海立信会计金融学院,,首选物理，再选不限,527,24004,,,0,上海,公办,0,0
重庆,2025,物理类,本科批,3147,上海立信会计金融学院,,首选物理，再选化学,538,33312,,,0,上海,公办,0,0
重庆,2025,物理类,本科批,3151,上海交通大学医学院,,首选物理，再选化学,666,159,,,0,上海,公办,1,1
重庆,2025,物理类,本科批,3156,上海师范大学天华学院,,首选物理，再选化学,432,100092,,,0,上海,民办,0,0
重庆,2025,物理类,本科批,3159,上海应用技术大学,,首选物理，再选不限,517,34938,,,0,上海,公办,0,0
重庆,2025,物理类,本科批,3159,上海应用技术大学,,首选物理，再选化学,515,27291,,,0,上海,公办,0,0
重庆,2025,物理类,本科批,3175,上海中侨职业技术大学,,首选物理，再选不限,425,79189,,,0,上海,民办,0,0
重庆,2025,物理类,本科批,3178,上海外国语大学贤达经济人文学院,,首选物理，再选不限,436,69571,,,0,上海,民办,0,0
重庆,2025,物理类,本科批,3179,复旦大学上海医学院,,首选物理，再选化学,662,159,,,0,上海,公办,1,1
重庆,2025,物理类,本科批,3201,南京大学,,首选物理，再选化学,643,276,,,0,江苏,公办,1,1
重庆,2025,物理类,本科批,3202,苏州大学,,首选物理，再选化学,619,3012,,,0,江苏,公办,0,1
重庆,2025,物理类,本科批,3203,东南大学,,首选物理，再选化学,654,844,,,0,江苏,公办,1,1
重庆,2025,物理类,本科批,3204,南京航空航天大学,,首选物理，再选化学,607,2472,,,0,江苏,公办,0,1
重庆,2025,物理类,本科批,3205,南京理工大学,,首选物理，再选化学,600,1803,,,0,江苏,公办,0,1
重庆,2025,物理类,本科批,3206,江苏科技大学,,首选物理，再选不限,547,28751,,,8,江苏,公办,0,0
重庆,2025,物理类,本科批,3206,江苏科技大学,,首选物理，再选化学,495,15673,,,81,江苏,公办,0,0
重庆,2025,物理类,本科批,3208,南京工业大学,,首选物理，再选化学,533,13602,,,0,江苏,公办,0,0
重庆,2025,物理类,本科批,3209,常州大学,,首选物理，再选不限,541,37188,,,0,江苏,公办,0,0
重庆,2025,物理类,本科批,3209,常州大学,,首选物理，再选化学,514,23571,,,0,江苏,公办,0,0
重庆,2025,物理类,本科批,3210,南京邮电大学,,首选物理，再选化学,615,6407,,,0,江苏,公办,0,0
重庆,2025,物理类,本科批,3211,河海大学,,首选物理，再选不限,603,10294,,,0,江苏,公办,0,1
重庆,2025,物理类,本科批,3211,河海大学,,首选物理，再选化学,597,4748,,,0,江苏,公办,0,1
重庆,2025,物理类,本科批,3212,金陵科技学院,,首选物理，再选不限,516,45961,,,2,江苏,公办,0,0
重庆,2025,物理类,本科批,3212,金陵科技学院,,首选物理，再选化学,524,11125,,,9,江苏,公办,0,0
重庆,2025,物理类,本科批,3212,金陵科技学院,,首选物理，再选生物,505,58929,,,1,江苏,公办,0,0
重庆,2025,物理类,本科批,3213,江南大学,,首选物理，再选不限,563,16058,,,0,江苏,公办,0,1
重庆,2025,物理类,本科批,3213,江南大学,,首选物理，再选化学,582,7131,,,0,江苏,公办,0,1
重庆,2025,物理类,本科批,3214,南京林业大学,,首选物理，再选不限,565,24885,,,0,江苏,公办,0,0
重庆,2025,物理类,本科批,3214,南京林业大学,,首选物理，再选化学,521,14293,,,0,江苏,公办,0,0
重庆,2025,物理类,本科批,3215,江苏大学,,首选物理，再选不限,574,17147,,,0,江苏,公办,0,0
重庆,2025,物理类,本科批,3215,江苏大学,,首选物理，再选化学,559,10294,,,0,江苏,公办,0,0
重庆,2025,物理类,本科批,3216,南京信息工程大学,,首选物理，再选化学,610,8639,,,0,江苏,公办,0,0
重庆,2025,物理类,本科批,3217,南京农业大学,,首选物理，再选不限,575,16401,,,0,江苏,公办,0,1
重庆,2025,物理类,本科批,3217,南京农业大学,,首选物理，再选化学,578,11125,,,0,江苏,公办,0,1
重庆,2025,物理类,本科批,3217,南京农业大学,,首选物理，再选生物,576,20247,,,0,江苏,公办,0,1
重庆,2025,物理类,本科批,3218,南京中医药大学,,首选物理，再选不限,625,5354,,,0,江苏,公办,0,0
重庆,2025,物理类,本科批,3218,南京中医药大学,,首选物理，再选化学,554,13602,,,0,江苏,公办,0,0
重庆,2025,物理类,本科批,3219,中国药科大学,,首选物理，再选不限,574,21006,,,0,江苏,公办,0,1
重庆,2025,物理类,本科批,3219,中国药科大学,,首选物理，再选化学,575,3902,,,0,江苏,公办,0,1
重庆,2025,物理类,本科批,3221,盐城师范学院,,首选物理，再选不限,501,61431,,,0,江苏,公办,0,0
重庆,2025,物理类,本科批,3222,南京财经大学,,首选物理，再选不限,540,21842,,,0,江苏,公办,0,0
重庆,2025,物理类,本科批,3222,南京财经大学,,首选物理，再选化学,543,17490,,,0,江苏,公办,0,0
重庆,2025,物理类,本科批,3223,南京艺术学院,,首选物理，再选化学,554,30286,,,0,江苏,公办,0,0
重庆,2025,物理类,本科批,3224,淮阴工学院,,首选物理，再选不限,487,60202,,,0,江苏,公办,0,0
重庆,2025,物理类,本科批,3224,淮阴工学院,,首选物理，再选化学,491,56995,,,0,江苏,公办,0,0
重庆,2025,物理类,本科批,3225,常州工学院,,首选物理，再选化学,507,47737,,,0,江苏,公办,0,0
重庆,2025,物理类,本科批,3226,南京审计大学,,首选物理，再选不限,539,9189,,,0,江苏,公办,0,0
重庆,2025,物理类,本科批,3226,南京审计大学,,首选物理，再选化学,584,17147,,,0,江苏,公办,0,0
重庆,2025,物理类,本科批,3227,江苏海洋大学,,首选物理，再选化学,504,29255,,,0,江苏,公办,0,0
重庆,2025,物理类,本科批,3228,南京工程学院,,首选物理，再选化学,492,10294,,,0,江苏,公办,0,0
重庆,2025,物理类,本科批,3229,苏州科技大学,,首选物理，再选不限,537,39422,,,0,江苏,公办,0,0
重庆,2025,物理类,本科批,3229,苏州科技大学,,首选物理，再选化学,515,42282,,,0,江苏,公办,0,0
重庆,2025,物理类,本科批,3230,陆军工程大学,,首选物理，再选不限,578,14652,,,0,江苏,公办,0,0
重庆,2025,物理类,本科批,3230,陆军工程大学,,首选物理，再选化学,570,9740,,,0,江苏,公办,0,0
重庆,2025,物理类,本科批,3231,南通大学,,首选物理，再选化学,531,20633,,,0,江苏,公办,0,0
重庆,2025,物理类,本科批,3232,徐州工程学院,,首选物理，再选不限,507,55724,,,0,江苏,公办,0,0
重庆,2025,物理类,本科批,3232,徐州工程学院,,首选物理，再选化学,508,56995,,,0,江苏,公办,0,0
重庆,2025,物理类,本科批,3240,南京特殊教育师范学院,,首选物理，再选不限,495,38835,,,0,江苏,公办,0,0
重庆,2025,物理类,本科批,3240,南京特殊教育师范学院,,首选物理，再选化学,499,53788,,,0,江苏,公办,0,0
重庆,2025,物理类,本科批,3242,无锡太湖学院,,首选物理，再选不限,455,83220,,,0,江苏,民办,0,0
重庆,2025,物理类,本科批,3242,无锡太湖学院,,首选物理，再选化学,456,88104,,,0,江苏,民办,0,0
重庆,2025,物理类,本科批,3242,无锡太湖学院,,首选物理，再选生物,443,94799,,,0,江苏,民办,0,0
重庆,2025,物理类,本科批,3244,东南大学成贤学院,,首选物理，再选不限,481,73860,,,0,江苏,民办,0,0
重庆,2025,物理类,本科批,3244,东南大学成贤学院,,首选物理，再选化学,472,53788,,,0,江苏,民办,0,0
重庆,2025,物理类,本科批,3245,南京工业职业技术大学,,首选物理，再选不限,523,36620,,,0,江苏,公办,0,0
重庆,2025,物理类,本科批,3248,中国矿业大学徐海学院,,首选物理，再选化学,472,76786,,,0,江苏,民办,0,0
重庆,2025,物理类,本科批,3249,南京师范大学,,首选物理，再选化学,597,8898,,,0,江苏,公办,0,1
重庆,2025,物理类,本科批,3249,南京师范大学,,首选物理，再选地理,602,11125,,,0,江苏,公办,0,1
重庆,2025,物理类,本科批,3251,扬州大学,,首选物理，再选不限,546,34376,,,0,江苏,公办,0,0
重庆,2025,物理类,本科批,3251,扬州大学,,首选物理，再选化学,545,12327,,,0,江苏,公办,0,0
重庆,2025,物理类,本科批,3252,南京医科大学,,首选物理，再选化学,572,2224,,,0,江苏,公办,0,0
重庆,2025,物理类,本科批,3257,无锡学院,,首选物理，再选化学,545,32260,,,0,江苏,公办,0,0
重庆,2025,物理类,本科批,3258,南京邮电大学通达学院,,首选物理，再选化学,479,70203,,,0,江苏,民办,0,0
重庆,2025,物理类,本科批,3259,南京审计大学金审学院,,首选物理，再选不限,472,60202,,,0,江苏,民办,0,0
重庆,2025,物理类,本科批,3259,南京审计大学金审学院,,首选物理，再选化学,482,69571,,,0,江苏,民办,0,0
重庆,2025,物理类,本科批,3261,苏州工学院,,首选物理，再选化学,509,38272,,,0,江苏,公办,0,0
重庆,2025,物理类,本科批,3264,盐城工学院,,首选物理，再选化学,519,47131,,,0,江苏,公办,0,0
重庆,2025,物理类,本科批,3265,江苏理工学院,,首选物理，再选不限,516,51989,,,0,江苏,公办,0,0
重庆,2025,物理类,本科批,3265,江苏理工学院,,首选物理，再选化学,513,36058,,,0,江苏,公办,0,0
重庆,2025,物理类,本科批,3268,南京工业大学浦江学院,,首选物理，再选不限,476,76786,,,0,江苏,民办,0,0
重庆,2025,物理类,本科批,3268,南京工业大学浦江学院,,首选物理，再选化学,458,68311,,,0,江苏,民办,0,0
重庆,2025,物理类,本科批,3270,江苏大学京江学院,,首选物理，再选化学,448,62078,,,0,江苏,民办,0,0
重庆,2025,物理类,本科批,3275,西交利物浦大学,,首选物理，再选不限,550,30286,,,0,江苏,中外合作办学,0,0
重庆,2025,物理类,本科批,3275,西交利物浦大学,,首选物理，再选化学,544,28751,,,0,江苏,中外合作办学,0,0
重庆,2025,物理类,本科批,3282,南京航空航天大学金城学院,,首选物理，再选化学,484,60834,,,0,江苏,民办,0,0
重庆,2025,物理类,本科批,3284,南京晓庄学院,,首选物理，再选化学,517,38272,,,0,江苏,公办,0,0
重庆,2025,物理类,本科批,3297,三江学院,,首选物理，再选不限,436,78003,,,0,江苏,民办,0,0
重庆,2025,物理类,本科批,3297,三江学院,,首选物理，再选化学,425,87578,,,0,江苏,民办,0,0
重庆,2025,物理类,本科批,3301,浙江大学,,首选物理，再选化学,676,159,,,0,浙江,公办,1,1
重庆,2025,物理类,本科批,3302,杭州电子科技大学,,首选物理，再选不限,565,17853,,,0,浙江,公办,0,0
重庆,2025,物理类,本科批,3302,杭州电子科技大学,,首选物理，再选化学,583,7131,,,0,浙江,公办,0,0
重庆,2025,物理类,本科批,3303,浙江工业大学,,首选物理，再选不限,558,24004,,,0,浙江,公办,0,0
重庆,2025,物理类,本科批,3303,浙江工业大学,,首选物理，再选化学,506,10859,,,0,浙江,公办,0,0
重庆,2025,物理类,本科批,3304,浙江理工大学,,首选物理，再选不限,552,21426,,,0,浙江,公办,0,0
重庆,2025,物理类,本科批,3304,浙江理工大学,,首选物理，再选化学,529,18260,,,0,浙江,公办,0,0
重庆,2025,物理类,本科批,3305,浙江农林大学,,首选物理，再选不限,538,36620,,,0,浙江,公办,0,0
重庆,2025,物理类,本科批,3305,浙江农林大学,,首选物理，再选化学,520,31746,,,0,浙江,公办,0,0
重庆,2025,物理类,本科批,3306,杭州师范大学,,首选物理，再选化学,534,24004,,,0,浙江,公办,0,0
重庆,2025,物理类,本科批,3308,浙江工商大学,,首选物理，再选不限,533,16058,,,0,浙江,公办,0,0
重庆,2025,物理类,本科批,3308,浙江工商大学,,首选物理，再选化学,536,15673,,,0,浙江,公办,0,0
重庆,2025,物理类,本科批,3310,中国计量大学,,首选物理，再选不限,558,20633,,,0,浙江,公办,0,0
重庆,2025,物理类,本科批,3310,中国计量大学,,首选物理，再选化学,556,17147,,,0,浙江,公办,0,0
重庆,2025,物理类,本科批,3311,浙江万里学院,,首选物理，再选化学,495,56392,,,0,浙江,公办,0,0
重庆,2025,物理类,本科批,3312,宁波大学,,首选物理，再选化学,552,13949,,,0,浙江,公办,0,0
重庆,2025,物理类,本科批,3312,宁波大学,,首选物理，再选地理,537,39422,,,0,浙江,公办,0,0
重庆,2025,物理类,本科批,3313,浙江传媒学院,,首选物理，再选不限,528,11716,,,0,浙江,公办,0,0
重庆,2025,物理类,本科批,3313,浙江传媒学院,,首选物理，再选化学,517,19056,,,0,浙江,公办,0,0
重庆,2025,物理类,本科批,3319,嘉兴大学,,首选物理，再选不限,525,34938,,,0,浙江,公办,0,0
重庆,2025,物理类,本科批,3319,嘉兴大学,,首选物理，再选化学,510,24004,,,0,浙江,公办,0,0
重庆,2025,物理类,本科批,3319,嘉兴大学,,首选物理，再选生物,529,44108,,,0,浙江,公办,0,0
重庆,2025,物理类,本科批,3320,绍兴文理学院,,首选物理，再选不限,480,74439,,,0,浙江,公办,0,0
重庆,2025,物理类,本科批,3320,绍兴文理学院,,首选物理，再选生物,517,51374,,,0,浙江,公办,0,0
重庆,2025,物理类,本科批,3325,浙江师范大学,,首选物理，再选不限,562,26280,,,0,浙江,公办,0,0
重庆,2025,物理类,本科批,3325,浙江师范大学,,首选物理，再选化学,545,17490,,,0,浙江,公办,0,0
重庆,2025,物理类,本科批,3325,浙江师范大学,,首选物理，再选地理,530,43501,,,0,浙江,公办,0,0
重庆,2025,物理类,本科批,3327,宁波诺丁汉大学,,首选物理，再选不限,551,26800,,,0,浙江,中外合作办学,0,0
重庆,2025,物理类,本科批,3327,宁波诺丁汉大学,,首选物理，再选化学,545,12651,,,0,浙江,中外合作办学,0,0
重庆,2025,物理类,本科批,3328,温州大学,,首选物理，再选不限,548,33312,,,0,浙江,公办,0,0
重庆,2025,物理类,本科批,3328,温州大学,,首选物理，再选化学,521,19056,,,0,浙江,公办,0,0
重庆,2025,物理类,本科批,3331,丽水学院,,首选物理，再选不限,488,69571,,,0,浙江,公办,0,0
重庆,2025,物理类,本科批,3332,宁波工程学院,,首选物理，再选化学,502,37188,,,0,浙江,公办,0,0
重庆,2025,物理类,本科批,3335,浙江海洋大学,,首选物理，再选化学,523,33846,,,0,浙江,公办,0,0
重庆,2025,物理类,本科批,3338,浙大宁波理工学院,,首选物理，再选化学,505,37188,,,0,浙江,公办,0,0
重庆,2025,物理类,本科批,3343,温州理工学院,,首选物理，再选不限,512,54412,,,0,浙江,公办,0,0
重庆,2025,物理类,本科批,3343,温州理工学院,,首选物理，再选化学,531,40611,,,0,浙江,公办,0,0
重庆,2025,物理类,本科批,3344,嘉兴南湖学院,,首选物理，再选化学,524,37736,,,0,浙江,公办,0,0
重庆,2025,物理类,本科批,3349,湖州师范学院,,首选物理，再选不限,498,63323,,,0,浙江,公办,0,0
重庆,2025,物理类,本科批,3349,湖州师范学院,,首选物理，再选化学,510,41158,,,0,浙江,公办,0,0
重庆,2025,物理类,本科批,3350,湖州学院,,首选物理，再选化学,521,47131,,,0,浙江,公办,0,0
重庆,2025,物理类,本科批,3352,温州医科大学,,首选物理，再选化学,589,2224,,,0,浙江,公办,0,0
重庆,2025,物理类,本科批,3356,浙江工业大学之江学院,,首选物理，再选化学,475,77404,,,0,浙江,民办,0,0
重庆,2025,物理类,本科批,3357,温州肯恩大学,,首选物理，再选不限,494,50211,,,0,浙江,中外合作办学,0,0
重庆,2025,物理类,本科批,3357,温州肯恩大学,,首选物理，再选化学,444,55069,,,0,浙江,中外合作办学,0,0
重庆,2025,物理类,本科批,3358,浙江大学医学院,,首选物理，再选化学,663,561,,,0,浙江,公办,1,1
重庆,2025,物理类,本科批,3359,浙江工商大学杭州商学院,,首选物理，再选不限,477,51989,,,0,浙江,民办,0,0
重庆,2025,物理类,本科批,3359,浙江工商大学杭州商学院,,首选物理，再选化学,478,71425,,,0,浙江,民办,0,0
重庆,2025,物理类,本科批,3361,浙江财经大学,,首选物理，再选不限,546,16401,,,0,浙江,公办,0,0
重庆,2025,物理类,本科批,3361,浙江财经大学,,首选物理，再选化学,565,22723,,,0,浙江,公办,0,0
重庆,2025,物理类,本科批,3362,温州商学院,,首选物理，再选不限,472,74439,,,0,浙江,民办,0,0
重庆,2025,物理类,本科批,3365,衢州学院,,首选物理，再选化学,501,43501,,,0,浙江,公办,0,0
重庆,2025,物理类,本科批,3401,中国科学技术大学,,首选物理，再选化学,673,217,,,0,安徽,公办,1,1
重庆,2025,物理类,本科批,3403,安徽工业大学,,首选物理，再选化学,499,18260,,,0,安徽,公办,0,0
重庆,2025,物理类,本科批,3404,安徽理工大学,,首选物理，再选不限,513,34938,,,0,安徽,公办,0,0
重庆,2025,物理类,本科批,3404,安徽理工大学,,首选物理，再选化学,495,21842,,,0,安徽,公办,0,0
重庆,2025,物理类,本科批,3405,安徽农业大学,,首选物理，再选化学,505,23571,,,0,安徽,公办,0,0
重庆,2025,物理类,本科批,3405,安徽农业大学,,首选物理，再选生物,515,52572,,,0,安徽,公办,0,0
重庆,2025,物理类,本科批,3406,淮北师范大学,,首选物理，再选不限,511,53788,,,0,安徽,公办,0,0
重庆,2025,物理类,本科批,3406,淮北师范大学,,首选物理，再选化学,543,36058,,,0,安徽,公办,0,0
重庆,2025,物理类,本科批,3406,淮北师范大学,,首选物理，再选化学、生物(2科必选),505,38272,,,0,安徽,公办,0,0
重庆,2025,物理类,本科批,3407,安徽财经大学,,首选物理，再选不限,517,23142,,,0,安徽,公办,0,0
重庆,2025,物理类,本科批,3407,安徽财经大学,,首选物理，再选化学,534,41158,,,0,安徽,公办,0,0
重庆,2025,物理类,本科批,3408,安徽科技学院,,首选物理，再选不限,503,57604,,,0,安徽,公办,0,0
重庆,2025,物理类,本科批,3408,安徽科技学院,,首选物理，再选化学,494,54412,,,0,安徽,公办,0,0
重庆,2025,物理类,本科批,3408,安徽科技学院,,首选物理，再选地理,500,51374,,,0,安徽,公办,0,0
重庆,2025,物理类,本科批,3414,蚌埠学院,,首选物理，再选化学,498,52572,,,0,安徽,公办,0,0
重庆,2025,物理类,本科批,3422,安徽医科大学,,首选物理，再选化学,538,12651,,,0,安徽,公办,0,0
重庆,2025,物理类,本科批,3423,安徽建筑大学,,首选物理，再选不限,489,40611,,,0,安徽,公办,0,0
重庆,2025,物理类,本科批,3423,安徽建筑大学,,首选物理，再选化学,506,28271,,,0,安徽,公办,0,0
重庆,2025,物理类,本科批,3430,淮南师范学院,,首选物理，再选不限,493,65119,,,0,安徽,公办,0,0
重庆,2025,物理类,本科批,3430,淮南师范学院,,首选物理，再选化学,493,56392,,,0,安徽,公办,0,0
重庆,2025,物理类,本科批,3435,合肥城市学院,,首选物理，再选不限,425,103219,,,0,安徽,民办,0,0
重庆,2025,物理类,本科批,3435,合肥城市学院,,首选物理，再选化学,425,99150,,,0,安徽,民办,0,0
重庆,2025,物理类,本科批,3440,安徽师范大学,,首选物理，再选不限,519,39422,,,0,安徽,公办,0,0
重庆,2025,物理类,本科批,3440,安徽师范大学,,首选物理，再选化学,492,33846,,,0,安徽,公办,0,0
重庆,2025,物理类,本科批,3446,合肥大学,,首选物理，再选不限,509,55724,,,0,安徽,公办,0,0
重庆,2025,物理类,本科批,3446,合肥大学,,首选物理，再选化学,508,48378,,,0,安徽,公办,0,0
重庆,2025,物理类,本科批,3448,安徽大学,,首选物理，再选化学,553,8898,,,0,安徽,公办,0,1
重庆,2025,物理类,本科批,3449,亳州学院,,首选物理，再选不限,496,55724,,,0,安徽,公办,0,0
重庆,2025,物理类,本科批,3449,亳州学院,,首选物理，再选化学,498,55724,,,0,安徽,公办,0,0
重庆,2025,物理类,本科批,3450,安徽医科大学临床医学院,,首选物理，再选化学,528,44745,,,0,安徽,独立学院,0,0
重庆,2025,物理类,本科批,3452,合肥工业大学,,首选物理，再选不限,548,9455,,,0,安徽,公办,0,1
重庆,2025,物理类,本科批,3452,合肥工业大学,,首选物理，再选化学,575,5765,,,0,安徽,公办,0,1
重庆,2025,物理类,本科批,3452,合肥工业大学（宣城校区）,,首选物理，再选化学,594,9189,,,0,安徽,公办,0,1
重庆,2025,物理类,本科批,3453,阜阳师范大学,,首选物理，再选不限,502,60834,,,0,安徽,公办,0,0
重庆,2025,物理类,本科批,3453,阜阳师范大学,,首选物理，再选化学,528,44745,,,0,安徽,公办,0,0
重庆,2025,物理类,本科批,3455,安庆师范大学,,首选物理，再选化学,492,47737,,,0,安徽,公办,0,0
重庆,2025,物理类,本科批,3469,安徽新华学院,,首选物理，再选化学,426,96289,,,0,安徽,民办,0,0
重庆,2025,物理类,本科批,3501,厦门大学,,首选物理，再选不限,628,2472,,,0,福建,公办,1,1
重庆,2025,物理类,本科批,3501,厦门大学,,首选物理，再选化学,599,1803,,,0,福建,公办,1,1
重庆,2025,物理类,本科批,3502,华侨大学,,首选物理，再选不限,507,27774,,,0,福建,公办,0,0
重庆,2025,物理类,本科批,3502,华侨大学,,首选物理，再选化学,520,18678,,,0,福建,公办,0,0
重庆,2025,物理类,本科批,3502,华侨大学,,首选物理，再选思想政治,536,39989,,,0,福建,公办,0,0
重庆,2025,物理类,本科批,3503,福州大学,,首选物理，再选不限,571,22294,,,0,福建,公办,0,1
重庆,2025,物理类,本科批,3503,福州大学,,首选物理，再选化学,573,7866,,,0,福建,公办,0,1
重庆,2025,物理类,本科批,3504,福建理工大学,,首选物理，再选不限,512,38835,,,0,福建,公办,0,0
重庆,2025,物理类,本科批,3504,福建理工大学,,首选物理，再选化学,490,31746,,,0,福建,公办,0,0
重庆,2025,物理类,本科批,3505,福建医科大学,,首选物理，再选不限,516,41740,,,0,福建,公办,0,0
重庆,2025,物理类,本科批,3505,福建医科大学,,首选物理，再选化学,539,38272,,,0,福建,公办,0,0
重庆,2025,物理类,本科批,3505,福建医科大学,,首选物理，再选化学、生物(2科必选),431,14293,,,0,福建,公办,0,0
重庆,2025,物理类,本科批,3506,福建师范大学,,首选物理，再选不限,520,30286,,,0,福建,公办,0,0
重庆,2025,物理类,本科批,3506,福建师范大学,,首选物理，再选化学,526,26280,,,0,福建,公办,0,0
重庆,2025,物理类,本科批,3506,福建师范大学,,首选物理，再选化学、生物(2科必选),525,36620,,,0,福建,公办,0,0
重庆,2025,物理类,本科批,3506,福建师范大学,,首选物理，再选地理,549,32804,,,0,福建,公办,0,0
重庆,2025,物理类,本科批,3508,莆田学院,,首选物理，再选不限,485,71425,,,0,福建,公办,0,0
重庆,2025,物理类,本科批,3508,莆田学院,,首选物理，再选化学,559,27774,,,0,福建,公办,0,0
重庆,2025,物理类,本科批,3509,仰恩大学,,首选物理，再选不限,456,88104,,,0,福建,民办,0,0
重庆,2025,物理类,本科批,3509,仰恩大学,,首选物理，再选化学,462,82660,,,0,福建,民办,0,0
重庆,2025,物理类,本科批,3510,集美大学,,首选物理，再选不限,528,26280,,,0,福建,公办,0,0
重庆,2025,物理类,本科批,3510,集美大学,,首选物理，再选化学,544,21006,,,0,福建,公办,0,0
重庆,2025,物理类,本科批,3510,集美大学,,首选物理，再选化学、生物(2科必选),538,38835,,,0,福建,公办,0,0
重庆,2025,物理类,本科批,3511,厦门大学嘉庚学院,,首选物理，再选不限,470,67042,,,0,福建,民办,0,0
重庆,2025,物理类,本科批,3511,厦门大学嘉庚学院,,首选物理，再选化学,470,63946,,,0,福建,民办,0,0
重庆,2025,物理类,本科批,3513,集美大学诚毅学院,,首选物理，再选不限,472,72625,,,0,福建,民办,0,0
重庆,2025,物理类,本科批,3513,集美大学诚毅学院,,首选物理，再选化学,478,63946,,,0,福建,民办,0,0
重庆,2025,物理类,本科批,3514,武夷学院,,首选物理，再选不限,497,63323,,,0,福建,公办,0,0
重庆,2025,物理类,本科批,3514,武夷学院,,首选物理，再选化学,490,45961,,,0,福建,公办,0,0
重庆,2025,物理类,本科批,3529,福建农林大学,,首选物理，再选不限,455,51374,,,0,福建,公办,0,0
重庆,2025,物理类,本科批,3529,福建农林大学,,首选物理，再选化学,492,39422,,,0,福建,公办,0,0
重庆,2025,物理类,本科批,3529,福建农林大学,,首选物理，再选生物,510,55724,,,0,福建,公办,0,0
重庆,2025,物理类,本科批,3535,厦门理工学院,,首选物理，再选化学,531,35519,,,0,福建,公办,0,0
重庆,2025,物理类,本科批,3538,福建师范大学协和学院,,首选物理，再选不限,468,70780,,,0,福建,民办,0,0
重庆,2025,物理类,本科批,3538,福建师范大学协和学院,,首选物理，再选化学,469,80906,,,0,福建,民办,0,0
重庆,2025,物理类,本科批,3540,福州外语外贸学院,,首选物理，再选不限,425,88104,,,0,福建,民办,0,0
重庆,2025,物理类,本科批,3540,福州外语外贸学院,,首选物理，再选化学,425,103219,,,0,福建,民办,0,0
重庆,2025,物理类,本科批,3542,福州理工学院,,首选物理，再选不限,425,103219,,,0,福建,民办,0,0
重庆,2025,物理类,本科批,3542,福州理工学院,,首选物理，再选化学,425,103219,,,0,福建,民办,0,0
重庆,2025,物理类,本科批,3543,福建中医药大学,,首选物理，再选化学,546,16058,,,0,福建,公办,0,0
重庆,2025,物理类,本科批,3543,福建中医药大学,,首选物理，再选生物,572,20247,,,0,福建,公办,0,0
重庆,2025,物理类,本科批,3547,福州大学至诚学院,,首选物理，再选化学,468,73860,,,0,福建,民办,0,0
重庆,2025,物理类,本科批,3553,三明学院,,首选物理，再选不限,488,66408,,,0,福建,公办,0,0
重庆,2025,物理类,本科批,3553,三明学院,,首选物理，再选化学,473,51374,,,0,福建,公办,0,0
重庆,2025,物理类,本科批,3554,福建江夏学院,,首选物理，再选不限,503,52572,,,0,福建,公办,0,0
重庆,2025,物理类,本科批,3554,福建江夏学院,,首选物理，再选化学,503,60202,,,0,福建,公办,0,0
重庆,2025,物理类,本科批,3555,泉州师范学院,,首选物理，再选不限,495,62078,,,0,福建,公办,0,0
重庆,2025,物理类,本科批,3555,泉州师范学院,,首选物理，再选化学,503,48947,,,0,福建,公办,0,0
重庆,2025,物理类,本科批,3555,泉州师范学院,,首选物理，再选化学、生物(2科必选),504,59528,,,0,福建,公办,0,0
重庆,2025,物理类,本科批,3555,泉州师范学院,,首选物理，再选地理,498,63323,,,0,福建,公办,0,0
重庆,2025,物理类,本科批,3561,厦门华厦学院,,首选物理，再选不限,425,92301,,,0,福建,民办,0,0
重庆,2025,物理类,本科批,3561,厦门华厦学院,,首选物理，再选化学,462,74439,,,0,福建,民办,0,0
重庆,2025,物理类,本科批,3562,厦门工学院,,首选物理，再选不限,425,93312,,,0,福建,民办,0,0
重庆,2025,物理类,本科批,3562,厦门工学院,,首选物理，再选化学,425,76161,,,0,福建,民办,0,0
重庆,2025,物理类,本科批,3569,福建技术师范学院,,首选物理，再选不限,494,58277,,,0,福建,公办,0,0
重庆,2025,物理类,本科批,3569,福建技术师范学院,,首选物理，再选化学,493,53184,,,0,福建,公办,0,0
重庆,2025,物理类,本科批,3571,泉州信息工程学院,,首选物理，再选不限,425,91780,,,0,福建,民办,0,0
重庆,2025,物理类,本科批,3571,泉州信息工程学院,,首选物理，再选化学,425,87578,,,0,福建,民办,0,0
重庆,2025,物理类,本科批,3576,闽南师范大学,,首选物理，再选不限,476,48378,,,0,福建,公办,0,0
重庆,2025,物理类,本科批,3576,闽南师范大学,,首选物理，再选化学,509,38272,,,0,福建,公办,0,0
重庆,2025,物理类,本科批,3577,龙岩学院,,首选物理，再选不限,487,70203,,,0,福建,公办,0,0
重庆,2025,物理类,本科批,3577,龙岩学院,,首选物理，再选化学,485,56995,,,0,福建,公办,0,0
重庆,2025,物理类,本科批,3581,厦门医学院,,首选物理，再选不限,506,58277,,,0,福建,公办,0,0
重庆,2025,物理类,本科批,3581,厦门医学院,,首选物理，再选化学,512,16058,,,0,福建,公办,0,0
重庆,2025,物理类,本科批,3581,厦门医学院,,首选物理，再选生物,515,49565,,,0,福建,公办,0,0
重庆,2025,物理类,本科批,3584,闽江学院,,首选物理，再选化学,505,42889,,,0,福建,公办,0,0
重庆,2025,物理类,本科批,3601,华东交通大学,,首选物理，再选不限,507,36620,,,0,江西,公办,0,0
重庆,2025,物理类,本科批,3601,华东交通大学,,首选物理，再选化学,500,16401,,,0,江西,公办,0,0
重庆,2025,物理类,本科批,3602,东华理工大学,,首选物理，再选不限,515,51989,,,0,江西,公办,0,0
重庆,2025,物理类,本科批,3602,东华理工大学,,首选物理，再选化学,497,21006,,,0,江西,公办,0,0
重庆,2025,物理类,本科批,3603,南昌航空大学,,首选物理，再选化学,519,23571,,,0,江西,公办,0,0
重庆,2025,物理类,本科批,3604,江西理工大学,,首选物理，再选不限,505,41740,,,0,江西,公办,0,0
重庆,2025,物理类,本科批,3604,江西理工大学,,首选物理，再选化学,508,27291,,,0,江西,公办,0,0
重庆,2025,物理类,本科批,3605,景德镇陶瓷大学,,首选物理，再选不限,509,56392,,,0,江西,公办,0,0
重庆,2025,物理类,本科批,3605,景德镇陶瓷大学,,首选物理，再选化学,518,37736,,,0,江西,公办,0,0
重庆,2025,物理类,本科批,3606,江西农业大学,,首选物理，再选不限,506,56392,,,0,江西,公办,0,0
重庆,2025,物理类,本科批,3606,江西农业大学,,首选物理，再选化学,515,40611,,,0,江西,公办,0,0
重庆,2025,物理类,本科批,3606,江西农业大学,,首选物理，再选生物,510,55724,,,0,江西,公办,0,0
重庆,2025,物理类,本科批,3607,江西中医药大学,,首选物理，再选不限,498,12327,,,0,江西,公办,0,0
重庆,2025,物理类,本科批,3607,江西中医药大学,,首选物理，再选化学,534,30770,,,0,江西,公办,0,0
重庆,2025,物理类,本科批,3607,江西中医药大学,,首选物理，再选生物,530,22294,,,0,江西,公办,0,0
重庆,2025,物理类,本科批,3608,赣南医科大学,,首选物理，再选不限,522,44108,,,0,江西,公办,0,0
重庆,2025,物理类,本科批,3608,赣南医科大学,,首选物理，再选化学,506,20247,,,0,江西,公办,0,0
重庆,2025,物理类,本科批,3608,赣南医科大学,,首选物理，再选生物,524,47131,,,0,江西,公办,0,0
重庆,2025,物理类,本科批,3609,江西师范大学,,首选物理，再选不限,526,27291,,,0,江西,公办,0,0
重庆,2025,物理类,本科批,3609,江西师范大学,,首选物理，再选化学,425,24396,,,0,江西,公办,0,0
重庆,2025,物理类,本科批,3609,江西师范大学,,首选物理，再选地理,552,31257,,,0,江西,公办,0,0
重庆,2025,物理类,本科批,3610,上饶师范学院,,首选物理，再选不限,484,72040,,,0,江西,公办,0,0
重庆,2025,物理类,本科批,3610,上饶师范学院,,首选物理，再选化学,493,55069,,,0,江西,公办,0,0
重庆,2025,物理类,本科批,3610,上饶师范学院,,首选物理，再选地理,509,56392,,,0,江西,公办,0,0
重庆,2025,物理类,本科批,3611,赣南师范大学,,首选物理，再选不限,501,53184,,,3,江西,公办,0,0
重庆,2025,物理类,本科批,3611,赣南师范大学,,首选物理，再选化学,511,37736,,,6,江西,公办,0,0
重庆,2025,物理类,本科批,3612,井冈山大学,,首选物理，再选不限,506,45961,,,0,江西,公办,0,0
重庆,2025,物理类,本科批,3612,井冈山大学,,首选物理，再选化学,506,28751,,,0,江西,公办,0,0
重庆,2025,物理类,本科批,3613,江西财经大学,,首选物理，再选不限,489,14652,,,0,江西,公办,0,0
重庆,2025,物理类,本科批,3613,江西财经大学,,首选物理，再选化学,476,19056,,,0,江西,公办,0,0
重庆,2025,物理类,本科批,3615,江西科技师范大学,,首选物理，再选不限,520,39422,,,0,江西,公办,0,0
重庆,2025,物理类,本科批,3615,江西科技师范大学,,首选物理，再选化学,502,44745,,,0,江西,公办,0,0
重庆,2025,物理类,本科批,3616,江西水利电力大学,,首选物理，再选不限,504,53184,,,0,江西,公办,0,0
重庆,2025,物理类,本科批,3616,江西水利电力大学,,首选物理，再选化学,485,30286,,,0,江西,公办,0,0
重庆,2025,物理类,本科批,3616,江西水利电力大学,,首选物理，再选生物,502,60834,,,0,江西,公办,0,0
重庆,2025,物理类,本科批,3617,南昌大学,,首选物理，再选不限,562,19815,,,0,江西,公办,0,1
重庆,2025,物理类,本科批,3617,南昌大学,,首选物理，再选化学,562,8129,,,0,江西,公办,0,1
重庆,2025,物理类,本科批,3618,宜春学院,,首选物理，再选不限,527,45354,,,0,江西,公办,0,0
重庆,2025,物理类,本科批,3618,宜春学院,,首选物理，再选化学,483,48947,,,0,江西,公办,0,0
重庆,2025,物理类,本科批,3618,宜春学院,,首选物理，再选化学、生物(2科必选),550,31257,,,0,江西,公办,0,0
重庆,2025,物理类,本科批,3618,宜春学院,,首选物理，再选生物,517,51374,,,0,江西,公办,0,0
重庆,2025,物理类,本科批,3619,九江学院,,首选物理，再选不限,488,69571,,,0,江西,公办,0,0
重庆,2025,物理类,本科批,3619,九江学院,,首选物理，再选化学,499,56392,,,0,江西,公办,0,0
重庆,2025,物理类,本科批,3620,南昌大学科学技术学院,,首选物理，再选化学,482,73224,,,0,江西,民办,0,0
重庆,2025,物理类,本科批,3621,江西师范大学科学技术学院,,首选物理，再选不限,483,72625,,,0,江西,民办,0,0
重庆,2025,物理类,本科批,3621,江西师范大学科学技术学院,,首选物理，再选化学,482,73224,,,0,江西,民办,0,0
重庆,2025,物理类,本科批,3622,南昌交通学院,,首选物理，再选化学,472,74439,,,0,江西,民办,0,0
重庆,2025,物理类,本科批,3623,赣南科技学院,,首选物理，再选不限,489,68964,,,0,江西,公办,0,0
重庆,2025,物理类,本科批,3623,赣南科技学院,,首选物理，再选化学,508,49565,,,0,江西,公办,0,0
重庆,2025,物理类,本科批,3624,赣东学院,,首选物理，再选不限,488,60202,,,0,江西,公办,0,0
重庆,2025,物理类,本科批,3624,赣东学院,,首选物理，再选化学,494,54412,,,0,江西,公办,0,0
重庆,2025,物理类,本科批,3625,南昌航空大学科技学院,,首选物理，再选化学,480,65119,,,0,江西,民办,0,0
重庆,2025,物理类,本科批,3626,南昌医学院,,首选物理，再选化学,531,21426,,,0,江西,公办,0,0
重庆,2025,物理类,本科批,3629,景德镇学院,,首选物理，再选化学,497,56995,,,0,江西,公办,0,0
重庆,2025,物理类,本科批,3630,萍乡学院,,首选物理，再选不限,490,68311,,,0,江西,公办,0,0
重庆,2025,物理类,本科批,3630,萍乡学院,,首选物理，再选化学,503,59528,,,0,江西,公办,0,0
重庆,2025,物理类,本科批,3632,新余学院,,首选物理，再选化学,489,52572,,,0,江西,公办,0,0
重庆,2025,物理类,本科批,3633,江西职业技术大学,,首选物理，再选不限,484,63323,,,0,江西,公办,0,0
重庆,2025,物理类,本科批,3635,江西科技学院,,首选物理，再选化学,438,92792,,,0,江西,民办,0,0
重庆,2025,物理类,本科批,3635,江西科技学院,,首选物理，再选生物,467,82102,,,0,江西,民办,0,0
重庆,2025,物理类,本科批,3636,南昌理工学院,,首选物理，再选化学,425,76161,,,0,江西,民办,0,0
重庆,2025,物理类,本科批,3638,江西应用科技学院,,首选物理，再选不限,439,91780,,,0,江西,民办,0,0
重庆,2025,物理类,本科批,3638,江西应用科技学院,,首选物理，再选化学,425,94296,,,0,江西,民办,0,0
重庆,2025,物理类,本科批,3649,南昌工学院,,首选物理，再选不限,425,103219,,,0,江西,民办,0,0
重庆,2025,物理类,本科批,3649,南昌工学院,,首选物理，再选化学,429,86477,,,0,江西,民办,0,0
重庆,2025,物理类,本科批,3650,南昌职业大学,,首选物理，再选不限,437,86477,,,0,江西,民办,0,0
重庆,2025,物理类,本科批,3657,江西工程学院,,首选物理，再选不限,453,89678,,,0,江西,民办,0,0
重庆,2025,物理类,本科批,3657,江西工程学院,,首选物理，再选化学,470,74439,,,0,江西,民办,0,0
重庆,2025,物理类,本科批,3660,江西农业大学南昌商学院,,首选物理，再选不限,472,72040,,,0,江西,民办,0,0
重庆,2025,物理类,本科批,3660,江西农业大学南昌商学院,,首选物理，再选化学,470,73860,,,0,江西,民办,0,0
重庆,2025,物理类,本科批,3662,景德镇艺术职业大学,,首选物理，再选不限,459,81501,,,0,江西,民办,0,0
重庆,2025,物理类,本科批,3668,南昌应用技术师范学院,,首选物理，再选化学,477,73860,,,0,江西,民办,0,0
重庆,2025,物理类,本科批,3672,江西警察学院,,首选物理，再选不限,536,39989,,,0,江西,公办,0,0
重庆,2025,物理类,本科批,3672,江西警察学院,,首选物理，再选化学,539,38272,,,0,江西,公办,0,0
重庆,2025,物理类,本科批,3674,豫章师范学院,,首选物理，再选不限,466,82660,,,0,江西,公办,0,0
重庆,2025,物理类,本科批,3674,豫章师范学院,,首选物理，再选化学,468,66408,,,0,江西,公办,0,0
重庆,2025,物理类,本科批,3679,江西财经大学现代经济管理学院,,首选物理，再选不限,477,67042,,,0,江西,独立学院,0,0
重庆,2025,物理类,本科批,3679,江西财经大学现代经济管理学院,,首选物理，再选化学,476,66408,,,0,江西,独立学院,0,0
重庆,2025,物理类,本科批,3699,南昌师范学院,,首选物理，再选不限,479,59528,,,0,江西,公办,0,0
重庆,2025,物理类,本科批,3699,南昌师范学院,,首选物理，再选化学,487,48378,,,0,江西,公办,0,0
重庆,2025,物理类,本科批,3699,南昌师范学院,,首选物理，再选思想政治,503,60202,,,0,江西,公办,0,0
重庆,2025,物理类,本科批,3701,山东大学,,首选物理，再选化学,616,1701,,,0,山东,公办,1,1
重庆,2025,物理类,本科批,3701,山东大学,,首选物理，再选化学、生物(2科必选),640,1099,,,0,山东,公办,1,1
重庆,2025,物理类,本科批,3701,山东大学,,首选物理，再选生物,593,13949,,,0,山东,公办,1,1
重庆,2025,物理类,本科批,3702,中国海洋大学,,首选物理，再选不限,595,10294,,,0,山东,公办,1,1
重庆,2025,物理类,本科批,3702,中国海洋大学,,首选物理，再选化学,594,4946,,,0,山东,公办,1,1
重庆,2025,物理类,本科批,3703,中国石油大学（华东）,,首选物理，再选不限,585,13602,,,0,山东,公办,0,1
重庆,2025,物理类,本科批,3703,中国石油大学（华东）,,首选物理，再选化学,587,7866,,,0,山东,公办,0,1
重庆,2025,物理类,本科批,3704,哈尔滨工业大学（威海）,,首选物理，再选化学,651,1381,,,0,山东,公办,1,1
重庆,2025,物理类,本科批,3705,青岛科技大学,,首选物理，再选化学,528,24885,,,0,山东,公办,0,0
重庆,2025,物理类,本科批,3706,山东建筑大学,,首选物理，再选不限,504,51374,,,0,山东,公办,0,0
重庆,2025,物理类,本科批,3706,山东建筑大学,,首选物理，再选化学,506,28271,,,0,山东,公办,0,0
重庆,2025,物理类,本科批,3707,青岛农业大学,,首选物理，再选化学,487,52572,,,0,山东,公办,0,0
重庆,2025,物理类,本科批,3709,临沂大学,,首选物理，再选化学,520,36620,,,0,山东,公办,0,0
重庆,2025,物理类,本科批,3710,泰山学院,,首选物理，再选化学,494,60202,,,0,山东,公办,0,0
重庆,2025,物理类,本科批,3711,山东财经大学,,首选物理，再选不限,522,22294,,,0,山东,公办,0,0
重庆,2025,物理类,本科批,3711,山东财经大学,,首选物理，再选化学,548,25339,,,0,山东,公办,0,0
重庆,2025,物理类,本科批,3713,烟台大学,,首选物理，再选不限,505,56995,,,0,山东,公办,0,0
重庆,2025,物理类,本科批,3713,烟台大学,,首选物理，再选化学,505,28271,,,0,山东,公办,0,0
重庆,2025,物理类,本科批,3714,山东交通学院,,首选物理，再选不限,493,60834,,,0,山东,公办,0,0
重庆,2025,物理类,本科批,3714,山东交通学院,,首选物理，再选化学,440,36620,,,0,山东,公办,0,0
重庆,2025,物理类,本科批,3715,山东工商学院,,首选物理，再选不限,501,46560,,,0,山东,公办,0,0
重庆,2025,物理类,本科批,3715,山东工商学院,,首选物理，再选化学,499,43501,,,0,山东,公办,0,0
重庆,2025,物理类,本科批,3716,山东第一医科大学,,首选物理，再选化学,522,14652,,,0,山东,公办,0,0
重庆,2025,物理类,本科批,3717,潍坊学院,,首选物理，再选化学,492,56392,,,0,山东,公办,0,0
重庆,2025,物理类,本科批,3717,潍坊学院,,首选物理，再选化学、生物(2科必选),494,65772,,,0,山东,公办,0,0
重庆,2025,物理类,本科批,3718,山东大学（威海）,,首选物理，再选不限,609,9189,,,0,山东,公办,1,1
重庆,2025,物理类,本科批,3718,山东大学（威海）,,首选物理，再选化学,605,3585,,,0,山东,公办,1,1
重庆,2025,物理类,本科批,3728,青岛恒星科技学院,,首选物理，再选不限,425,103219,,,0,山东,民办,0,0
重庆,2025,物理类,本科批,3730,山东现代学院,,首选物理，再选不限,444,94296,,,0,山东,民办,0,0
重庆,2025,物理类,本科批,3730,山东现代学院,,首选物理，再选化学,428,73860,,,0,山东,民办,0,0
重庆,2025,物理类,本科批,3730,山东现代学院,,首选物理，再选生物,471,79745,,,0,山东,民办,0,0
重庆,2025,物理类,本科批,3731,青岛黄海学院,,首选物理，再选化学,425,78003,,,0,山东,民办,0,0
重庆,2025,物理类,本科批,3731,青岛黄海学院,,首选物理，再选生物,470,80338,,,0,山东,民办,0,0
重庆,2025,物理类,本科批,3732,青岛理工大学,,首选物理，再选不限,508,34376,,,0,山东,公办,0,0
重庆,2025,物理类,本科批,3732,青岛理工大学,,首选物理，再选化学,479,18678,,,0,山东,公办,0,0
重庆,2025,物理类,本科批,3738,济南大学,,首选物理，再选不限,521,44108,,,0,山东,公办,0,0
重庆,2025,物理类,本科批,3738,济南大学,,首选物理，再选化学,509,18678,,,0,山东,公办,0,0
重庆,2025,物理类,本科批,3739,山东理工大学,,首选物理，再选不限,525,46560,,,0,山东,公办,0,0
重庆,2025,物理类,本科批,3739,山东理工大学,,首选物理，再选化学,505,21842,,,0,山东,公办,0,0
重庆,2025,物理类,本科批,3740,山东师范大学,,首选物理，再选不限,527,23571,,,0,山东,公办,0,0
重庆,2025,物理类,本科批,3740,山东师范大学,,首选物理，再选化学,540,30286,,,0,山东,公办,0,0
重庆,2025,物理类,本科批,3742,山东农业大学,,首选物理，再选不限,507,57604,,,0,山东,公办,0,0
重庆,2025,物理类,本科批,3742,山东农业大学,,首选物理，再选化学,483,39989,,,0,山东,公办,0,0
重庆,2025,物理类,本科批,3742,山东农业大学,,首选物理，再选生物,492,67042,,,0,山东,公办,0,0
重庆,2025,物理类,本科批,3743,滨州医学院,,首选物理，再选化学,510,22294,,,0,山东,公办,0,0
重庆,2025,物理类,本科批,3744,聊城大学,,首选物理，再选不限,514,46560,,,0,山东,公办,0,0
重庆,2025,物理类,本科批,3744,聊城大学,,首选物理，再选化学,511,42889,,,0,山东,公办,0,0
重庆,2025,物理类,本科批,3745,鲁东大学,,首选物理，再选不限,502,60834,,,0,山东,公办,0,0
重庆,2025,物理类,本科批,3745,鲁东大学,,首选物理，再选化学,479,33846,,,0,山东,公办,0,0
重庆,2025,物理类,本科批,3746,济宁学院,,首选物理，再选化学,494,65772,,,0,山东,公办,0,0
重庆,2025,物理类,本科批,3748,青岛城市学院,,首选物理，再选不限,425,80906,,,0,山东,民办,0,0
重庆,2025,物理类,本科批,3748,青岛城市学院,,首选物理，再选化学,425,75006,,,0,山东,民办,0,0
重庆,2025,物理类,本科批,3751,山东财经大学东方学院,,首选物理，再选不限,452,75006,,,0,山东,民办,0,0
重庆,2025,物理类,本科批,3751,山东财经大学东方学院,,首选物理，再选化学,461,85348,,,0,山东,民办,0,0
重庆,2025,物理类,本科批,3752,齐鲁工业大学,,首选物理，再选不限,513,53788,,,0,山东,公办,0,0
重庆,2025,物理类,本科批,3752,齐鲁工业大学,,首选物理，再选化学,508,47737,,,0,山东,公办,0,0
重庆,2025,物理类,本科批,3753,曲阜师范大学,,首选物理，再选不限,505,47131,,,0,山东,公办,0,0
重庆,2025,物理类,本科批,3753,曲阜师范大学,,首选物理，再选化学,521,38835,,,0,山东,公办,0,0
重庆,2025,物理类,本科批,3754,山东航空学院,,首选物理，再选不限,503,60202,,,0,山东,公办,0,0
重庆,2025,物理类,本科批,3754,山东航空学院,,首选物理，再选化学,486,48947,,,0,山东,公办,0,0
重庆,2025,物理类,本科批,3755,枣庄学院,,首选物理，再选化学,486,70780,,,0,山东,公办,0,0
重庆,2025,物理类,本科批,3756,山东石油化工学院,,首选物理，再选化学,500,50211,,,0,山东,公办,0,0
重庆,2025,物理类,本科批,3757,山东第二医科大学,,首选物理，再选化学,528,17490,,,0,山东,公办,0,0
重庆,2025,物理类,本科批,3759,齐鲁医药学院,,首选物理，再选化学,474,41158,,,0,山东,民办,0,0
重庆,2025,物理类,本科批,3761,青岛大学,,首选物理，再选不限,539,31257,,,0,山东,公办,0,0
重庆,2025,物理类,本科批,3761,青岛大学,,首选物理，再选化学,525,11420,,,0,山东,公办,0,0
重庆,2025,物理类,本科批,3761,青岛大学,,首选物理，再选生物,534,41158,,,0,山东,公办,0,0
重庆,2025,物理类,本科批,3763,青岛工学院,,首选物理，再选不限,447,92792,,,0,山东,民办,0,0
重庆,2025,物理类,本科批,3763,青岛工学院,,首选物理，再选化学,427,82660,,,0,山东,民办,0,0
重庆,2025,物理类,本科批,3764,济宁医学院,,首选物理，再选化学,498,20247,,,0,山东,公办,0,0
重庆,2025,物理类,本科批,3766,齐鲁理工学院,,首选物理，再选化学,473,78587,,,0,山东,民办,0,0
重庆,2025,物理类,本科批,3766,齐鲁理工学院,,首选物理，再选生物,453,89678,,,0,山东,民办,0,0
重庆,2025,物理类,本科批,3772,山东英才学院,,首选物理，再选不限,425,103219,,,0,山东,民办,0,0
重庆,2025,物理类,本科批,3772,山东英才学院,,首选物理，再选化学,425,103219,,,0,山东,民办,0,0
重庆,2025,物理类,本科批,3778,山东工程职业技术大学,,首选物理，再选不限,426,102787,,,0,山东,民办,0,0
重庆,2025,物理类,本科批,3780,山东协和学院,,首选物理，再选化学,472,42282,,,0,山东,民办,0,0
重庆,2025,物理类,本科批,3780,山东协和学院,,首选物理，再选生物,484,72040,,,0,山东,民办,0,0
重庆,2025,物理类,本科批,3781,山东科技大学,,首选物理，再选不限,533,31746,,,0,山东,公办,0,0
重庆,2025,物理类,本科批,3781,山东科技大学,,首选物理，再选化学,513,17853,,,0,山东,公办,0,0
重庆,2025,物理类,本科批,3781,山东科技大学,,首选物理，再选地理,557,28751,,,0,山东,公办,0,0
重庆,2025,物理类,本科批,3786,潍坊科技学院,,首选物理，再选不限,463,82102,,,0,山东,民办,0,0
重庆,2025,物理类,本科批,3786,潍坊科技学院,,首选物理，再选化学,475,74439,,,0,山东,民办,0,0
重庆,2025,物理类,本科批,3796,山东中医药大学,,首选物理，再选化学,523,20247,,,0,山东,公办,0,0
重庆,2025,物理类,本科批,4101,华北水利水电大学,,首选物理，再选不限,476,50814,,,0,河南,公办,0,0
重庆,2025,物理类,本科批,4101,华北水利水电大学,,首选物理，再选化学,485,23571,,,0,河南,公办,0,0
重庆,2025,物理类,本科批,4102,郑州大学,,首选物理，再选不限,565,13287,,,0,河南,公办,0,1
重庆,2025,物理类,本科批,4102,郑州大学,,首选物理，再选化学,561,7866,,,0,河南,公办,0,1
重庆,2025,物理类,本科批,4103,河南理工大学,,首选物理，再选不限,489,39422,,,0,河南,公办,0,0
重庆,2025,物理类,本科批,4103,河南理工大学,,首选物理，再选化学,509,22723,,,0,河南,公办,0,0
重庆,2025,物理类,本科批,4104,郑州轻工业大学,,首选物理，再选化学,491,26280,,,0,河南,公办,0,0
重庆,2025,物理类,本科批,4105,河南工业大学,,首选物理，再选不限,508,36058,,,0,河南,公办,0,0
重庆,2025,物理类,本科批,4105,河南工业大学,,首选物理，再选化学,498,25811,,,0,河南,公办,0,0
重庆,2025,物理类,本科批,4106,河南科技大学,,首选物理，再选化学,519,22294,,,0,河南,公办,0,0
重庆,2025,物理类,本科批,4107,中原工学院,,首选物理，再选化学,492,58929,,,0,河南,公办,0,0
重庆,2025,物理类,本科批,4108,河南农业大学,,首选物理，再选化学,525,27774,,,0,河南,公办,0,0
重庆,2025,物理类,本科批,4108,河南农业大学,,首选物理，再选化学、生物(2科必选),516,51374,,,0,河南,公办,0,0
重庆,2025,物理类,本科批,4109,河南中医药大学,,首选物理，再选不限,514,28751,,,0,河南,公办,0,0
重庆,2025,物理类,本科批,4109,河南中医药大学,,首选物理，再选化学,569,23142,,,0,河南,公办,0,0
重庆,2025,物理类,本科批,4110,河南医药大学,,首选物理，再选化学,542,26800,,,15,河南,公办,0,0
重庆,2025,物理类,本科批,4112,南阳师范学院,,首选物理，再选不限,495,62675,,,0,河南,公办,0,0
重庆,2025,物理类,本科批,4112,南阳师范学院,,首选物理，再选化学,493,66408,,,0,河南,公办,0,0
重庆,2025,物理类,本科批,4113,商丘师范学院,,首选物理，再选不限,485,65772,,,0,河南,公办,0,0
重庆,2025,物理类,本科批,4113,商丘师范学院,,首选物理，再选化学,490,58929,,,0,河南,公办,0,0
重庆,2025,物理类,本科批,4114,郑州航空工业管理学院,,首选物理，再选不限,487,47737,,,0,河南,公办,0,0
重庆,2025,物理类,本科批,4114,郑州航空工业管理学院,,首选物理，再选化学,489,34376,,,0,河南,公办,0,0
重庆,2025,物理类,本科批,4115,安阳工学院,,首选物理，再选不限,484,72040,,,0,河南,公办,0,0
重庆,2025,物理类,本科批,4115,安阳工学院,,首选物理，再选化学,483,58929,,,0,河南,公办,0,0
重庆,2025,物理类,本科批,4116,南阳理工学院,,首选物理，再选不限,500,60202,,,0,河南,公办,0,0
重庆,2025,物理类,本科批,4116,南阳理工学院,,首选物理，再选化学,483,48378,,,0,河南,公办,0,0
重庆,2025,物理类,本科批,4116,南阳理工学院,,首选物理，再选化学、生物(2科必选),488,65772,,,0,河南,公办,0,0
重庆,2025,物理类,本科批,4117,河南城建学院,,首选物理，再选化学,488,61431,,,0,河南,公办,0,0
重庆,2025,物理类,本科批,4119,郑州工商学院,,首选物理，再选化学,482,72040,,,0,河南,民办,0,0
重庆,2025,物理类,本科批,4121,豫北医学院,,首选物理，再选化学,492,67042,,,0,河南,民办,0,0
重庆,2025,物理类,本科批,4121,豫北医学院,,首选物理，再选化学、生物(2科必选),531,42889,,,0,河南,民办,0,0
重庆,2025,物理类,本科批,4121,豫北医学院,,首选物理，再选生物,500,62078,,,0,河南,民办,0,0
重庆,2025,物理类,本科批,4123,河南牧业经济学院,,首选物理，再选不限,489,68964,,,0,河南,公办,0,0
重庆,2025,物理类,本科批,4123,河南牧业经济学院,,首选物理，再选化学,493,61431,,,0,河南,公办,0,0
重庆,2025,物理类,本科批,4123,河南牧业经济学院,,首选物理，再选生物,484,72040,,,0,河南,公办,0,0
重庆,2025,物理类,本科批,4125,郑州工程技术学院,,首选物理，再选化学,512,54412,,,0,河南,公办,0,0
重庆,2025,物理类,本科批,4127,洛阳理工学院,,首选物理，再选化学,487,40611,,,0,河南,公办,0,0
重庆,2025,物理类,本科批,4129,信阳农林学院,,首选物理，再选化学,499,62675,,,0,河南,公办,0,0
重庆,2025,物理类,本科批,4130,河南工学院,,首选物理，再选化学,501,55069,,,0,河南,公办,0,0
重庆,2025,物理类,本科批,4142,洛阳师范学院,,首选物理，再选不限,491,67694,,,0,河南,公办,0,0
重庆,2025,物理类,本科批,4142,洛阳师范学院,,首选物理，再选化学,514,53184,,,0,河南,公办,0,0
重庆,2025,物理类,本科批,4142,洛阳师范学院,,首选物理，再选地理,498,63323,,,0,河南,公办,0,0
重庆,2025,物理类,本科批,4143,郑州财经学院,,首选物理，再选不限,473,70780,,,0,河南,民办,0,0
重庆,2025,物理类,本科批,4143,郑州财经学院,,首选物理，再选化学,473,72625,,,0,河南,民办,0,0
重庆,2025,物理类,本科批,4146,平顶山学院,,首选物理，再选不限,488,67042,,,0,河南,公办,0,0
重庆,2025,物理类,本科批,4147,安阳师范学院,,首选物理，再选化学,519,48947,,,0,河南,公办,0,0
重庆,2025,物理类,本科批,4149,河南大学,,首选物理，再选不限,558,27774,,,0,河南,公办,0,0
重庆,2025,物理类,本科批,4149,河南大学,,首选物理，再选化学,553,12962,,,0,河南,公办,0,0
重庆,2025,物理类,本科批,4149,河南大学,,首选物理，再选地理,567,24004,,,0,河南,公办,0,0
重庆,2025,物理类,本科批,4152,郑州工业应用技术学院,,首选物理，再选不限,467,82102,,,0,河南,民办,0,0
重庆,2025,物理类,本科批,4152,郑州工业应用技术学院,,首选物理，再选化学、生物(2科必选),475,77404,,,0,河南,民办,0,0
重庆,2025,物理类,本科批,4158,黄淮学院,,首选物理，再选化学,488,63946,,,0,河南,公办,0,0
重庆,2025,物理类,本科批,4159,郑州师范学院,,首选物理，再选化学,503,60202,,,0,河南,公办,0,0
重庆,2025,物理类,本科批,4164,河南财经政法大学,,首选物理，再选不限,515,26280,,,0,河南,公办,0,0
重庆,2025,物理类,本科批,4164,河南财经政法大学,,首选物理，再选化学,502,46560,,,0,河南,公办,0,0
重庆,2025,物理类,本科批,4165,河南财政金融学院,,首选物理，再选不限,495,65119,,,0,河南,公办,0,0
重庆,2025,物理类,本科批,4165,河南财政金融学院,,首选物理，再选化学,517,51374,,,0,河南,公办,0,0
重庆,2025,物理类,本科批,4167,河南工程学院,,首选物理，再选不限,494,65772,,,0,河南,公办,0,0
重庆,2025,物理类,本科批,4167,河南工程学院,,首选物理，再选化学,487,48378,,,0,河南,公办,0,0
重庆,2025,物理类,本科批,4168,河南科技学院,,首选物理，再选化学,490,62675,,,0,河南,公办,0,0
重庆,2025,物理类,本科批,4169,信阳师范大学,,首选物理，再选不限,492,67042,,,0,河南,公办,0,0
重庆,2025,物理类,本科批,4169,信阳师范大学,,首选物理，再选化学,502,60834,,,0,河南,公办,0,0
重庆,2025,物理类,本科批,4173,河南师范大学,,首选物理，再选化学,495,39422,,,0,河南,公办,0,0
重庆,2025,物理类,本科批,4174,郑州商学院,,首选物理，再选不限,473,72040,,,0,河南,民办,0,0
重庆,2025,物理类,本科批,4174,郑州商学院,,首选物理，再选化学,484,72040,,,0,河南,民办,0,0
重庆,2025,物理类,本科批,4177,周口师范学院,,首选物理，再选化学,501,58277,,,0,河南,公办,0,0
重庆,2025,物理类,本科批,4201,武汉大学,,首选物理，再选不限,656,1099,,,0,湖北,公办,1,1
重庆,2025,物理类,本科批,4201,武汉大学,,首选物理，再选化学,623,433,,,0,湖北,公办,1,1
重庆,2025,物理类,本科批,4202,武汉工程大学,,首选物理，再选化学,558,15346,,,0,湖北,公办,0,0
重庆,2025,物理类,本科批,4203,中国地质大学（武汉）,,首选物理，再选化学,544,7630,,,0,湖北,公办,0,1
重庆,2025,物理类,本科批,4204,武汉纺织大学,,首选物理，再选化学,531,28271,,,0,湖北,公办,0,0
重庆,2025,物理类,本科批,4205,武汉轻工大学,,首选物理，再选化学,521,22723,,,0,湖北,公办,0,0
重庆,2025,物理类,本科批,4206,湖北工业大学,,首选物理，再选化学,507,19815,,,0,湖北,公办,0,0
重庆,2025,物理类,本科批,4207,华中农业大学,,首选物理，再选不限,564,12651,,,0,湖北,公办,0,1
重庆,2025,物理类,本科批,4207,华中农业大学,,首选物理，再选化学,576,7630,,,0,湖北,公办,0,1
重庆,2025,物理类,本科批,4207,华中农业大学,,首选物理，再选地理,593,13949,,,0,湖北,公办,0,1
重庆,2025,物理类,本科批,4207,华中农业大学,,首选物理，再选生物,580,18678,,,0,湖北,公办,0,1
重庆,2025,物理类,本科批,4208,华中师范大学,,首选物理，再选不限,585,12651,,,0,湖北,公办,0,1
重庆,2025,物理类,本科批,4208,华中师范大学,,首选物理，再选化学,604,4748,,,0,湖北,公办,0,1
重庆,2025,物理类,本科批,4209,湖北师范大学,,首选物理，再选化学,531,32804,,,0,湖北,公办,0,0
重庆,2025,物理类,本科批,4210,湖北大学,,首选物理，再选不限,571,22294,,,0,湖北,公办,0,0
重庆,2025,物理类,本科批,4210,湖北大学,,首选物理，再选化学,542,14988,,,0,湖北,公办,0,0
重庆,2025,物理类,本科批,4211,湖北民族大学,,首选物理，再选化学,489,24396,,,0,湖北,公办,0,0
重庆,2025,物理类,本科批,4212,湖北文理学院,,首选物理，再选化学,487,29255,,,0,湖北,公办,0,0
重庆,2025,物理类,本科批,4215,中南民族大学,,首选物理，再选不限,521,24004,,,0,湖北,公办,0,0
重庆,2025,物理类,本科批,4215,中南民族大学,,首选物理，再选化学,519,22294,,,0,湖北,公办,0,0
重庆,2025,物理类,本科批,4216,湖北汽车工业学院,,首选物理，再选不限,502,60834,,,0,湖北,公办,0,0
重庆,2025,物理类,本科批,4216,湖北汽车工业学院,,首选物理，再选化学,502,38272,,,0,湖北,公办,0,0
重庆,2025,物理类,本科批,4218,湖北理工学院,,首选物理，再选化学,515,30770,,,0,湖北,公办,0,0
重庆,2025,物理类,本科批,4219,湖北医药学院,,首选物理，再选化学,545,21426,,,0,湖北,公办,0,0
重庆,2025,物理类,本科批,4220,湖北中医药大学,,首选物理，再选不限,568,7866,,,0,湖北,公办,0,0
重庆,2025,物理类,本科批,4220,湖北中医药大学,,首选物理，再选化学,537,22294,,,0,湖北,公办,0,0
重庆,2025,物理类,本科批,4221,武汉科技大学,,首选物理，再选化学,567,13602,,,0,湖北,公办,0,0
重庆,2025,物理类,本科批,4222,三峡大学,,首选物理，再选不限,542,24396,,,0,湖北,公办,0,0
重庆,2025,物理类,本科批,4222,三峡大学,,首选物理，再选化学,544,9189,,,0,湖北,公办,0,0
重庆,2025,物理类,本科批,4223,中南财经政法大学,,首选物理，再选不限,533,6864,,,0,湖北,公办,0,1
重庆,2025,物理类,本科批,4223,中南财经政法大学,,首选物理，再选化学,610,8639,,,0,湖北,公办,0,1
重庆,2025,物理类,本科批,4224,华中科技大学,,首选物理，再选化学,625,403,,,0,湖北,公办,1,1
重庆,2025,物理类,本科批,4225,武汉理工大学,,首选物理，再选不限,589,12008,,,0,湖北,公办,0,1
重庆,2025,物理类,本科批,4225,武汉理工大学,,首选物理，再选化学,592,3733,,,0,湖北,公办,0,1
重庆,2025,物理类,本科批,4227,武昌理工学院,,首选物理，再选化学,483,71425,,,0,湖北,民办,0,0
重庆,2025,物理类,本科批,4229,长江大学,,首选物理，再选不限,517,37188,,,0,湖北,公办,0,0
重庆,2025,物理类,本科批,4229,长江大学,,首选物理，再选化学,481,16401,,,0,湖北,公办,0,0
重庆,2025,物理类,本科批,4229,长江大学,,首选物理，再选生物,499,26800,,,0,湖北,公办,0,0
重庆,2025,物理类,本科批,4231,湖北商贸学院,,首选物理，再选不限,461,85348,,,0,湖北,民办,0,0
重庆,2025,物理类,本科批,4231,湖北商贸学院,,首选物理，再选化学,470,80338,,,0,湖北,民办,0,0
重庆,2025,物理类,本科批,4235,武汉纺织大学外经贸学院,,首选物理，再选化学,476,75574,,,0,湖北,民办,0,0
重庆,2025,物理类,本科批,4236,武汉工商学院,,首选物理，再选不限,470,80338,,,0,湖北,民办,0,0
重庆,2025,物理类,本科批,4240,武汉职业技术大学,,首选物理，再选不限,496,64536,,,0,湖北,公办,0,0
重庆,2025,物理类,本科批,4246,荆楚理工学院,,首选物理，再选化学,502,22723,,,0,湖北,公办,0,0
重庆,2025,物理类,本科批,4250,武汉生物工程学院,,首选物理，再选化学,480,66408,,,0,湖北,民办,0,0
重庆,2025,物理类,本科批,4266,江汉大学,,首选物理，再选化学,561,18678,,,0,湖北,公办,0,0
重庆,2025,物理类,本科批,4270,湖北第二师范学院,,首选物理，再选不限,521,48947,,,0,湖北,公办,0,0
重庆,2025,物理类,本科批,4270,湖北第二师范学院,,首选物理，再选化学,514,51374,,,0,湖北,公办,0,0
重庆,2025,物理类,本科批,4275,武汉华夏理工学院,,首选物理，再选不限,462,78587,,,0,湖北,民办,0,0
重庆,2025,物理类,本科批,4275,武汉华夏理工学院,,首选物理，再选化学,472,79189,,,0,湖北,民办,0,0
重庆,2025,物理类,本科批,4278,湖北恩施学院,,首选物理，再选化学,518,49565,,,0,湖北,民办,0,0
重庆,2025,物理类,本科批,4278,湖北恩施学院,,首选物理，再选生物,480,74439,,,0,湖北,民办,0,0
重庆,2025,物理类,本科批,4279,武汉城市学院,,首选物理，再选不限,461,76161,,,0,湖北,民办,0,0
重庆,2025,物理类,本科批,4279,武汉城市学院,,首选物理，再选化学,486,68964,,,0,湖北,民办,0,0
重庆,2025,物理类,本科批,4281,湖北工业大学工程技术学院,,首选物理，再选化学,476,72040,,,0,湖北,民办,0,0
重庆,2025,物理类,本科批,4284,湖北经济学院,,首选物理，再选不限,505,52572,,,0,湖北,公办,0,0
重庆,2025,物理类,本科批,4284,湖北经济学院,,首选物理，再选化学,527,45354,,,0,湖北,公办,0,0
重庆,2025,物理类,本科批,4286,三峡大学科技学院,,首选物理，再选化学,479,46560,,,0,湖北,民办,0,0
重庆,2025,物理类,本科批,4294,湖北大学知行学院,,首选物理，再选不限,473,67694,,,0,湖北,民办,0,0
重庆,2025,物理类,本科批,4294,湖北大学知行学院,,首选物理，再选化学,480,66408,,,0,湖北,民办,0,0
重庆,2025,物理类,本科批,4298,湖北科技学院,,首选物理，再选化学,515,26800,,,0,湖北,公办,0,0
重庆,2025,物理类,本科批,4301,湘潭大学,,首选物理，再选不限,561,20633,,,0,湖南,公办,0,0
重庆,2025,物理类,本科批,4301,湘潭大学,,首选物理，再选化学,542,12327,,,0,湖南,公办,0,0
重庆,2025,物理类,本科批,4302,吉首大学,,首选物理，再选不限,510,50814,,,0,湖南,公办,0,0
重庆,2025,物理类,本科批,4302,吉首大学,,首选物理，再选化学,510,35519,,,0,湖南,公办,0,0
重庆,2025,物理类,本科批,4302,吉首大学,,首选物理，再选地理,499,62675,,,0,湖南,公办,0,0
重庆,2025,物理类,本科批,4303,湖南大学,,首选物理，再选不限,608,3585,,,0,湖南,公办,1,1
重庆,2025,物理类,本科批,4303,湖南大学,,首选物理，再选化学,616,2871,,,0,湖南,公办,1,1
重庆,2025,物理类,本科批,4304,湖南农业大学,,首选物理，再选不限,498,46560,,,0,湖南,公办,0,0
重庆,2025,物理类,本科批,4304,湖南农业大学,,首选物理，再选化学,493,28271,,,0,湖南,公办,0,0
重庆,2025,物理类,本科批,4305,中南林业科技大学,,首选物理，再选不限,507,35519,,,0,湖南,公办,0,0
重庆,2025,物理类,本科批,4305,中南林业科技大学,,首选物理，再选化学,486,24004,,,0,湖南,公办,0,0
重庆,2025,物理类,本科批,4305,中南林业科技大学,,首选物理，再选生物,525,46560,,,0,湖南,公办,0,0
重庆,2025,物理类,本科批,4306,湖南中医药大学,,首选物理，再选不限,525,7362,,,0,湖南,公办,0,0
重庆,2025,物理类,本科批,4306,湖南中医药大学,,首选物理，再选化学,536,11125,,,0,湖南,公办,0,0
重庆,2025,物理类,本科批,4307,湖南理工学院,,首选物理，再选不限,508,47131,,,0,湖南,公办,0,0
重庆,2025,物理类,本科批,4307,湖南理工学院,,首选物理，再选化学,514,53184,,,0,湖南,公办,0,0
重庆,2025,物理类,本科批,4308,衡阳师范学院,,首选物理，再选不限,499,41740,,,0,湖南,公办,0,0
重庆,2025,物理类,本科批,4308,衡阳师范学院,,首选物理，再选化学,526,38272,,,0,湖南,公办,0,0
重庆,2025,物理类,本科批,4308,衡阳师范学院,,首选物理，再选化学、生物(2科必选),500,62078,,,0,湖南,公办,0,0
重庆,2025,物理类,本科批,4309,怀化学院,,首选物理，再选化学,501,45961,,,0,湖南,公办,0,0
重庆,2025,物理类,本科批,4310,湖南文理学院,,首选物理，再选不限,494,64536,,,0,湖南,公办,0,0
重庆,2025,物理类,本科批,4310,湖南文理学院,,首选物理，再选化学,506,42282,,,0,湖南,公办,0,0
重庆,2025,物理类,本科批,4311,湖南科技学院,,首选物理，再选化学,499,62675,,,0,湖南,公办,0,0
重庆,2025,物理类,本科批,4312,湖南工商大学,,首选物理，再选不限,525,31746,,,0,湖南,公办,0,0
重庆,2025,物理类,本科批,4312,湖南工商大学,,首选物理，再选化学,536,28751,,,0,湖南,公办,0,0
重庆,2025,物理类,本科批,4313,湖南工业大学,,首选物理，再选不限,501,30770,,,0,湖南,公办,0,0
重庆,2025,物理类,本科批,4313,湖南工业大学,,首选物理，再选化学,505,26280,,,0,湖南,公办,0,0
重庆,2025,物理类,本科批,4314,南华大学,,首选物理，再选不限,517,41158,,,0,湖南,公办,0,0
重庆,2025,物理类,本科批,4314,南华大学,,首选物理，再选化学,514,12008,,,0,湖南,公办,0,0
重庆,2025,物理类,本科批,4315,中南大学,,首选物理，再选化学,594,1889,,,0,湖南,公办,1,1
重庆,2025,物理类,本科批,4315,中南大学,,首选物理，再选化学、生物(2科必选),641,643,,,0,湖南,公办,1,1
重庆,2025,物理类,本科批,4316,湖南工程学院,,首选物理，再选不限,504,56392,,,0,湖南,公办,0,0
重庆,2025,物理类,本科批,4316,湖南工程学院,,首选物理，再选化学,500,39422,,,0,湖南,公办,0,0
重庆,2025,物理类,本科批,4317,邵阳学院,,首选物理，再选不限,510,50814,,,0,湖南,公办,0,0
重庆,2025,物理类,本科批,4317,邵阳学院,,首选物理，再选化学,488,29255,,,0,湖南,公办,0,0
重庆,2025,物理类,本科批,4318,湖南城市学院,,首选物理，再选不限,487,62078,,,0,湖南,公办,0,0
重庆,2025,物理类,本科批,4318,湖南城市学院,,首选物理，再选化学,492,47737,,,0,湖南,公办,0,0
重庆,2025,物理类,本科批,4320,长沙理工大学,,首选物理，再选不限,529,25339,,,0,湖南,公办,0,0
重庆,2025,物理类,本科批,4320,长沙理工大学,,首选物理，再选化学,502,8129,,,0,湖南,公办,0,0
重庆,2025,物理类,本科批,4321,湖南科技大学,,首选物理，再选不限,495,24396,,,0,湖南,公办,0,0
重庆,2025,物理类,本科批,4321,湖南科技大学,,首选物理，再选化学,509,16401,,,0,湖南,公办,0,0
重庆,2025,物理类,本科批,4322,湘南学院,,首选物理，再选不限,506,26800,,,0,湖南,公办,0,0
重庆,2025,物理类,本科批,4322,湘南学院,,首选物理，再选化学,511,21426,,,0,湖南,公办,0,0
重庆,2025,物理类,本科批,4326,湖南工学院,,首选物理，再选化学,487,41740,,,0,湖南,公办,0,0
重庆,2025,物理类,本科批,4327,湖南财政经济学院,,首选物理，再选不限,472,40611,,,0,湖南,公办,0,0
重庆,2025,物理类,本科批,4327,湖南财政经济学院,,首选物理，再选化学,524,44745,,,0,湖南,公办,0,0
重庆,2025,物理类,本科批,4328,湖南医药学院,,首选物理，再选不限,549,32804,,,0,湖南,公办,0,0
重庆,2025,物理类,本科批,4328,湖南医药学院,,首选物理，再选化学,521,23571,,,0,湖南,公办,0,0
重庆,2025,物理类,本科批,4334,湖南涉外经济学院,,首选物理，再选不限,425,73224,,,0,湖南,民办,0,0
重庆,2025,物理类,本科批,4334,湖南涉外经济学院,,首选物理，再选化学,425,97269,,,0,湖南,民办,0,0
重庆,2025,物理类,本科批,4353,湖南工程学院应用技术学院,,首选物理，再选化学,481,72040,,,0,湖南,民办,0,0
重庆,2025,物理类,本科批,4356,湖南应用技术学院,,首选物理，再选化学,425,78003,,,0,湖南,民办,0,0
重庆,2025,物理类,本科批,4361,中南林业科技大学涉外学院,,首选物理，再选不限,468,72625,,,0,湖南,民办,0,0
重庆,2025,物理类,本科批,4361,中南林业科技大学涉外学院,,首选物理，再选化学,483,72040,,,0,湖南,民办,0,0
重庆,2025,物理类,本科批,4362,常德学院,,首选物理，再选化学,447,76786,,,0,湖南,民办,0,0
重庆,2025,物理类,本科批,4367,湖南师范大学,,首选物理，再选不限,566,13287,,,0,湖南,公办,0,1
重庆,2025,物理类,本科批,4367,湖南师范大学,,首选物理，再选化学,573,10026,,,0,湖南,公办,0,1
重庆,2025,物理类,本科批,4367,湖南师范大学,,首选物理，再选地理,579,17147,,,0,湖南,公办,0,1
重庆,2025,物理类,本科批,4368,长沙医学院,,首选物理，再选不限,502,60834,,,0,湖南,民办,0,0
重庆,2025,物理类,本科批,4368,长沙医学院,,首选物理，再选化学,502,45961,,,0,湖南,民办,0,0
重庆,2025,物理类,本科批,4371,湖南人文科技学院,,首选物理，再选不限,491,67694,,,0,湖南,公办,0,0
重庆,2025,物理类,本科批,4371,湖南人文科技学院,,首选物理，再选化学,491,60202,,,0,湖南,公办,0,0
重庆,2025,物理类,本科批,4376,湖南科技大学潇湘学院,,首选物理，再选不限,489,65772,,,0,湖南,民办,0,0
重庆,2025,物理类,本科批,4376,湖南科技大学潇湘学院,,首选物理，再选化学,465,62675,,,0,湖南,民办,0,0
重庆,2025,物理类,本科批,4386,长沙学院,,首选物理，再选不限,500,58929,,,0,湖南,公办,0,0
重庆,2025,物理类,本科批,4386,长沙学院,,首选物理，再选化学,526,36620,,,0,湖南,公办,0,0
重庆,2025,物理类,本科批,4387,湖南中医药大学湘杏学院,,首选物理，再选不限,517,49565,,,0,湖南,民办,0,0
重庆,2025,物理类,本科批,4387,湖南中医药大学湘杏学院,,首选物理，再选化学,507,50211,,,0,湖南,民办,0,0
重庆,2025,物理类,本科批,4392,长沙师范学院,,首选物理，再选不限,498,50814,,,0,湖南,公办,0,0
重庆,2025,物理类,本科批,4398,湖南第一师范学院,,首选物理，再选化学,531,35519,,,0,湖南,公办,0,0
重庆,2025,物理类,本科批,4401,中山大学,,首选物理，再选不限,641,1803,,,0,广东,公办,1,1
重庆,2025,物理类,本科批,4401,中山大学,,首选物理，再选化学,606,403,,,0,广东,公办,1,1
重庆,2025,物理类,本科批,4402,暨南大学,,首选物理，再选不限,579,9740,,,0,广东,公办,0,1
重庆,2025,物理类,本科批,4402,暨南大学,,首选物理，再选化学,584,5565,,,0,广东,公办,0,1
重庆,2025,物理类,本科批,4403,华南理工大学,,首选物理，再选不限,630,2108,,,0,广东,公办,1,1
重庆,2025,物理类,本科批,4403,华南理工大学,,首选物理，再选化学,629,1164,,,0,广东,公办,1,1
重庆,2025,物理类,本科批,4404,华南农业大学,,首选物理，再选化学,528,9189,,,0,广东,公办,0,0
重庆,2025,物理类,本科批,4404,华南农业大学,,首选物理，再选生物,550,32260,,,0,广东,公办,0,0
重庆,2025,物理类,本科批,4405,广东海洋大学,,首选物理，再选不限,512,40611,,,0,广东,公办,0,0
重庆,2025,物理类,本科批,4405,广东海洋大学,,首选物理，再选化学,506,25339,,,0,广东,公办,0,0
重庆,2025,物理类,本科批,4405,广东海洋大学,,首选物理，再选化学、生物(2科必选),530,41158,,,0,广东,公办,0,0
重庆,2025,物理类,本科批,4405,广东海洋大学,,首选物理，再选生物,510,55724,,,0,广东,公办,0,0
重庆,2025,物理类,本科批,4406,广州中医药大学,,首选物理，再选不限,583,4748,,,0,广东,公办,0,0
重庆,2025,物理类,本科批,4406,广州中医药大学,,首选物理，再选化学,568,12327,,,0,广东,公办,0,0
重庆,2025,物理类,本科批,4406,广州中医药大学,,首选物理，再选生物,571,22294,,,0,广东,公办,0,0
重庆,2025,物理类,本科批,4407,广州大学,,首选物理，再选化学,571,12651,,,0,广东,公办,0,0
重庆,2025,物理类,本科批,4409,五邑大学,,首选物理，再选不限,529,44108,,,0,广东,公办,0,0
重庆,2025,物理类,本科批,4409,五邑大学,,首选物理，再选化学,531,36620,,,0,广东,公办,0,0
重庆,2025,物理类,本科批,4410,广东金融学院,,首选物理，再选不限,511,20633,,,0,广东,公办,0,0
重庆,2025,物理类,本科批,4410,广东金融学院,,首选物理，再选化学,549,31746,,,0,广东,公办,0,0
重庆,2025,物理类,本科批,4411,广东石油化工学院,,首选物理，再选不限,506,58277,,,0,广东,公办,0,0
重庆,2025,物理类,本科批,4411,广东石油化工学院,,首选物理，再选化学,498,42282,,,0,广东,公办,0,0
重庆,2025,物理类,本科批,4412,东莞理工学院,,首选物理，再选不限,524,39989,,,0,广东,公办,0,0
重庆,2025,物理类,本科批,4412,东莞理工学院,,首选物理，再选化学,530,22723,,,0,广东,公办,0,0
重庆,2025,物理类,本科批,4413,广东外语外贸大学,,首选物理，再选不限,528,13602,,,0,广东,公办,0,0
重庆,2025,物理类,本科批,4413,广东外语外贸大学,,首选物理，再选思想政治,536,39989,,,0,广东,公办,0,0
重庆,2025,物理类,本科批,4414,广东工业大学,,首选物理，再选不限,527,30286,,,0,广东,公办,0,0
重庆,2025,物理类,本科批,4414,广东工业大学,,首选物理，再选化学,532,10556,,,0,广东,公办,0,0
重庆,2025,物理类,本科批,4417,广州航海学院,,首选物理，再选化学,525,46560,,,0,广东,公办,0,0
重庆,2025,物理类,本科批,4418,广东培正学院,,首选物理，再选不限,425,88104,,,0,广东,民办,0,0
重庆,2025,物理类,本科批,4429,广东东软学院,,首选物理，再选不限,427,102364,,,0,广东,民办,0,0
重庆,2025,物理类,本科批,4429,广东东软学院,,首选物理，再选化学,416,96289,,,0,广东,民办,0,0
重庆,2025,物理类,本科批,4431,深圳大学,,首选物理，再选不限,577,7362,,,0,广东,公办,0,0
重庆,2025,物理类,本科批,4431,深圳大学,,首选物理，再选化学,609,3304,,,0,广东,公办,0,0
重庆,2025,物理类,本科批,4431,深圳大学,,首选物理，再选生物,611,8639,,,0,广东,公办,0,0
重庆,2025,物理类,本科批,4433,惠州学院,,首选物理，再选化学,487,43501,,,0,广东,公办,0,0
重庆,2025,物理类,本科批,4435,韶关学院,,首选物理，再选化学,514,53184,,,0,广东,公办,0,0
重庆,2025,物理类,本科批,4435,韶关学院,,首选物理，再选生物,490,68311,,,0,广东,公办,0,0
重庆,2025,物理类,本科批,4436,珠海科技学院,,首选物理，再选不限,481,71425,,,0,广东,民办,0,0
重庆,2025,物理类,本科批,4436,珠海科技学院,,首选物理，再选化学,479,60834,,,0,广东,民办,0,0
重庆,2025,物理类,本科批,4439,广东轻工职业技术大学,,首选物理，再选不限,486,70780,,,0,广东,公办,0,0
重庆,2025,物理类,本科批,4440,南方医科大学,,首选物理，再选不限,588,13949,,,0,广东,公办,0,0
重庆,2025,物理类,本科批,4440,南方医科大学,,首选物理，再选化学,573,844,,,0,广东,公办,0,0
重庆,2025,物理类,本科批,4443,广州商学院,,首选物理，再选不限,430,82102,,,0,广东,民办,0,0
重庆,2025,物理类,本科批,4447,华南师范大学,,首选物理，再选化学,574,12327,,,0,广东,公办,0,1
重庆,2025,物理类,本科批,4449,广州医科大学,,首选物理，再选不限,542,36620,,,0,广东,公办,0,0
重庆,2025,物理类,本科批,4449,广州医科大学,,首选物理，再选化学,554,7630,,,0,广东,公办,0,0
重庆,2025,物理类,本科批,4450,广东医科大学,,首选物理，再选化学,495,9455,,,0,广东,公办,0,0
重庆,2025,物理类,本科批,4451,广东药科大学,,首选物理，再选化学,530,28271,,,0,广东,公办,0,0
重庆,2025,物理类,本科批,4456,嘉应学院,,首选物理，再选不限,488,65119,,,0,广东,公办,0,0
重庆,2025,物理类,本科批,4456,嘉应学院,,首选物理，再选化学,487,68311,,,0,广东,公办,0,0
重庆,2025,物理类,本科批,4461,广州城市理工学院,,首选物理，再选不限,425,79745,,,0,广东,民办,0,0
重庆,2025,物理类,本科批,4461,广州城市理工学院,,首选物理，再选化学,427,76161,,,0,广东,民办,0,0
重庆,2025,物理类,本科批,4462,广州南方学院,,首选物理，再选化学,453,69571,,,0,广东,民办,0,0
重庆,2025,物理类,本科批,4464,广州华立学院,,首选物理，再选不限,443,94296,,,0,广东,民办,0,0
重庆,2025,物理类,本科批,4464,广州华立学院,,首选物理，再选化学,428,83220,,,0,广东,民办,0,0
重庆,2025,物理类,本科批,4468,北师香港浸会大学,,首选物理，再选不限,537,36058,,,0,广东,内地与港澳台地区合作办学,0,0
重庆,2025,物理类,本科批,4468,北师香港浸会大学,,首选物理，再选化学,540,21842,,,0,广东,内地与港澳台地区合作办学,0,0
重庆,2025,物理类,本科批,4469,广东财经大学,,首选物理，再选不限,550,30770,,,0,广东,公办,0,0
重庆,2025,物理类,本科批,4469,广东财经大学,,首选物理，再选化学,553,30770,,,0,广东,公办,0,0
重庆,2025,物理类,本科批,4470,广州软件学院,,首选物理，再选化学,437,75574,,,0,广东,民办,0,0
重庆,2025,物理类,本科批,4471,广东外语外贸大学南国商学院,,首选物理，再选不限,454,89161,,,0,广东,民办,0,0
重庆,2025,物理类,本科批,4471,广东外语外贸大学南国商学院,,首选物理，再选化学,457,87578,,,0,广东,民办,0,0
重庆,2025,物理类,本科批,4472,华南农业大学珠江学院,,首选物理，再选不限,425,92301,,,0,广东,民办,0,0
重庆,2025,物理类,本科批,4474,肇庆学院,,首选物理，再选化学,491,50211,,,0,广东,公办,0,0
重庆,2025,物理类,本科批,4475,广东技术师范大学,,首选物理，再选化学,530,43501,,,0,广东,公办,0,0
重庆,2025,物理类,本科批,4479,湛江科技学院,,首选物理，再选化学,441,91261,,,0,广东,民办,0,0
重庆,2025,物理类,本科批,4485,广州新华学院,,首选物理，再选不限,425,85897,,,0,广东,民办,0,0
重庆,2025,物理类,本科批,4485,广州新华学院,,首选物理，再选化学,425,75574,,,0,广东,民办,0,0
重庆,2025,物理类,本科批,4485,广州新华学院,,首选物理，再选地理,425,103219,,,0,广东,民办,0,0
重庆,2025,物理类,本科批,4487,岭南师范学院,,首选物理，再选不限,498,63323,,,0,广东,公办,0,0
重庆,2025,物理类,本科批,4487,岭南师范学院,,首选物理，再选化学,488,52572,,,0,广东,公办,0,0
重庆,2025,物理类,本科批,4487,岭南师范学院,,首选物理，再选化学、生物(2科必选),488,69571,,,0,广东,公办,0,0
重庆,2025,物理类,本科批,4488,广东以色列理工学院,,首选物理，再选化学,425,24396,,,0,广东,中外合作办学,0,0
重庆,2025,物理类,本科批,4489,哈尔滨工业大学（深圳）,,首选物理，再选化学,637,693,,,0,广东,公办,1,1
重庆,2025,物理类,本科批,4490,佛山大学,,首选物理，再选不限,507,57604,,,0,广东,公办,0,0
重庆,2025,物理类,本科批,4490,佛山大学,,首选物理，再选化学,507,49565,,,0,广东,公办,0,0
重庆,2025,物理类,本科批,4492,广东工商职业技术大学,,首选物理，再选不限,425,90739,,,0,广东,民办,0,0
重庆,2025,物理类,本科批,4497,汕头大学,,首选物理，再选不限,535,25339,,,0,广东,公办,0,0
重庆,2025,物理类,本科批,4497,汕头大学,,首选物理，再选化学,538,22294,,,0,广东,公办,0,0
重庆,2025,物理类,本科批,4501,广西科技大学,,首选物理，再选不限,516,51989,,,0,广西,公办,0,0
重庆,2025,物理类,本科批,4501,广西科技大学,,首选物理，再选化学,493,33846,,,0,广西,公办,0,0
重庆,2025,物理类,本科批,4502,桂林电子科技大学,,首选物理，再选不限,505,45961,,,0,广西,公办,0,0
重庆,2025,物理类,本科批,4502,桂林电子科技大学,,首选物理，再选化学,529,14988,,,0,广西,公办,0,0
重庆,2025,物理类,本科批,4503,桂林理工大学,,首选物理，再选化学,511,27774,,,0,广西,公办,0,0
重庆,2025,物理类,本科批,4504,广西师范大学,,首选物理，再选不限,497,37736,,,0,广西,公办,0,0
重庆,2025,物理类,本科批,4504,广西师范大学,,首选物理，再选化学,493,23571,,,0,广西,公办,0,0
重庆,2025,物理类,本科批,4504,广西师范大学,,首选物理，再选地理,537,39422,,,0,广西,公办,0,0
重庆,2025,物理类,本科批,4505,河池学院,,首选物理，再选不限,487,70203,,,7,广西,公办,0,0
重庆,2025,物理类,本科批,4505,河池学院,,首选物理，再选化学,490,61431,,,12,广西,公办,0,0
重庆,2025,物理类,本科批,4506,玉林师范学院,,首选物理，再选化学,498,63323,,,0,广西,公办,0,0
重庆,2025,物理类,本科批,4507,柳州工学院,,首选物理，再选化学,425,96773,,,0,广西,民办,0,0
重庆,2025,物理类,本科批,4510,广西财经学院,,首选物理，再选不限,483,50211,,,0,广西,公办,0,0
重庆,2025,物理类,本科批,4510,广西财经学院,,首选物理，再选化学,483,55069,,,0,广西,公办,0,0
重庆,2025,物理类,本科批,4511,广西科技师范学院,,首选物理，再选不限,492,58929,,,0,广西,公办,0,0
重庆,2025,物理类,本科批,4511,广西科技师范学院,,首选物理，再选化学,484,54412,,,0,广西,公办,0,0
重庆,2025,物理类,本科批,4512,桂林航天工业学院,,首选物理，再选不限,506,58277,,,0,广西,公办,0,0
重庆,2025,物理类,本科批,4512,桂林航天工业学院,,首选物理，再选化学,514,43501,,,0,广西,公办,0,0
重庆,2025,物理类,本科批,4513,桂林旅游学院,,首选物理，再选不限,489,67042,,,0,广西,公办,0,0
重庆,2025,物理类,本科批,4513,桂林旅游学院,,首选物理，再选化学,491,67694,,,0,广西,公办,0,0
重庆,2025,物理类,本科批,4513,桂林旅游学院,,首选物理，再选生物,492,67042,,,0,广西,公办,0,0
重庆,2025,物理类,本科批,4514,南宁学院,,首选物理，再选不限,425,94296,,,0,广西,民办,0,0
重庆,2025,物理类,本科批,4514,南宁学院,,首选物理，再选化学,447,79189,,,0,广西,民办,0,0
重庆,2025,物理类,本科批,4516,柳州职业技术大学,,首选物理，再选不限,485,70203,,,0,广西,公办,0,0
重庆,2025,物理类,本科批,4517,南宁职业技术大学,,首选物理，再选不限,483,71425,,,0,广西,公办,0,0
重庆,2025,物理类,本科批,4525,贺州学院,,首选物理，再选不限,492,64536,,,0,广西,公办,0,0
重庆,2025,物理类,本科批,4525,贺州学院,,首选物理，再选化学,491,59528,,,0,广西,公办,0,0
重庆,2025,物理类,本科批,4527,广西大学,,首选物理，再选不限,565,21842,,,0,广西,公办,0,1
重庆,2025,物理类,本科批,4527,广西大学,,首选物理，再选化学,551,12962,,,0,广西,公办,0,1
重庆,2025,物理类,本科批,4531,梧州学院,,首选物理，再选不限,493,64536,,,0,广西,公办,0,0
重庆,2025,物理类,本科批,4531,梧州学院,,首选物理，再选化学,485,54412,,,0,广西,公办,0,0
重庆,2025,物理类,本科批,4531,梧州学院,,首选物理，再选地理,494,65772,,,0,广西,公办,0,0
重庆,2025,物理类,本科批,4534,广西中医药大学赛恩斯新医药学院,,首选物理，再选不限,505,58277,,,0,广西,民办,0,0
重庆,2025,物理类,本科批,4534,广西中医药大学赛恩斯新医药学院,,首选物理，再选化学,485,58929,,,0,广西,民办,0,0
重庆,2025,物理类,本科批,4534,广西中医药大学赛恩斯新医药学院,,首选物理，再选生物,491,67694,,,0,广西,民办,0,0
重庆,2025,物理类,本科批,4537,广西医科大学,,首选物理，再选不限,512,54412,,,0,广西,公办,0,0
重庆,2025,物理类,本科批,4537,广西医科大学,,首选物理，再选化学,480,6864,,,0,广西,公办,0,0
重庆,2025,物理类,本科批,4538,广西中医药大学,,首选物理，再选不限,551,8129,,,0,广西,公办,0,0
重庆,2025,物理类,本科批,4538,广西中医药大学,,首选物理，再选化学,532,15673,,,0,广西,公办,0,0
重庆,2025,物理类,本科批,4539,南宁师范大学,,首选物理，再选不限,506,58277,,,0,广西,公办,0,0
重庆,2025,物理类,本科批,4539,南宁师范大学,,首选物理，再选化学,494,39989,,,0,广西,公办,0,0
重庆,2025,物理类,本科批,4539,南宁师范大学,,首选物理，再选地理,529,44108,,,0,广西,公办,0,0
重庆,2025,物理类,本科批,4542,广西外国语学院,,首选物理，再选不限,425,76161,,,0,广西,民办,0,0
重庆,2025,物理类,本科批,4542,广西外国语学院,,首选物理，再选化学,482,73224,,,0,广西,民办,0,0
重庆,2025,物理类,本科批,4543,广西民族大学,,首选物理，再选不限,477,45354,,,0,广西,公办,0,0
重庆,2025,物理类,本科批,4543,广西民族大学,,首选物理，再选化学,487,40611,,,0,广西,公办,0,0
重庆,2025,物理类,本科批,4543,广西民族大学,,首选物理，再选化学、生物(2科必选),508,50211,,,0,广西,公办,0,0
重庆,2025,物理类,本科批,4544,北部湾大学,,首选物理，再选不限,508,56995,,,0,广西,公办,0,0
重庆,2025,物理类,本科批,4544,北部湾大学,,首选物理，再选化学,501,48947,,,0,广西,公办,0,0
重庆,2025,物理类,本科批,4547,南宁理工学院,,首选物理，再选不限,425,89161,,,0,广西,民办,0,0
重庆,2025,物理类,本科批,4547,南宁理工学院,,首选物理，再选化学,425,73860,,,0,广西,民办,0,0
重庆,2025,物理类,本科批,4547,南宁理工学院,,首选物理，再选地理,478,75574,,,0,广西,民办,0,0
重庆,2025,物理类,本科批,4550,桂林信息科技学院,,首选物理，再选不限,425,93815,,,0,广西,民办,0,0
重庆,2025,物理类,本科批,4550,桂林信息科技学院,,首选物理，再选化学,425,76161,,,0,广西,民办,0,0
重庆,2025,物理类,本科批,4552,百色学院,,首选物理，再选不限,491,67694,,,0,广西,公办,0,0
重庆,2025,物理类,本科批,4552,百色学院,,首选物理，再选化学,486,52572,,,0,广西,公办,0,0
重庆,2025,物理类,本科批,4552,百色学院,,首选物理，再选地理,492,67042,,,0,广西,公办,0,0
重庆,2025,物理类,本科批,4555,桂林医科大学,,首选物理，再选化学,492,21006,,,0,广西,公办,0,0
重庆,2025,物理类,本科批,4556,南宁师范大学师园学院,,首选物理，再选不限,486,70780,,,0,广西,民办,0,0
重庆,2025,物理类,本科批,4556,南宁师范大学师园学院,,首选物理，再选化学,475,77404,,,0,广西,民办,0,0
重庆,2025,物理类,本科批,4566,右江民族医学院,,首选物理，再选不限,499,58277,,,0,广西,公办,0,0
重庆,2025,物理类,本科批,4566,右江民族医学院,,首选物理，再选化学,507,24396,,,0,广西,公办,0,0
重庆,2025,物理类,本科批,4566,右江民族医学院,,首选物理，再选生物,518,50814,,,0,广西,公办,0,0
重庆,2025,物理类,本科批,4602,海南大学,,首选物理，再选不限,521,21842,,,0,海南,公办,0,1
重庆,2025,物理类,本科批,4602,海南大学,,首选物理，再选化学,554,10859,,,0,海南,公办,0,1
重庆,2025,物理类,本科批,4602,海南大学,,首选物理，再选化学、生物(2科必选),557,28751,,,0,海南,公办,0,1
重庆,2025,物理类,本科批,4603,海南热带海洋学院,,首选物理，再选不限,469,79189,,,0,海南,公办,0,0
重庆,2025,物理类,本科批,4603,海南热带海洋学院,,首选物理，再选化学,490,51374,,,0,海南,公办,0,0
重庆,2025,物理类,本科批,4604,海南师范大学,,首选物理，再选不限,503,33846,,,0,海南,公办,0,0
重庆,2025,物理类,本科批,4604,海南师范大学,,首选物理，再选化学,514,32804,,,0,海南,公办,0,0
重庆,2025,物理类,本科批,4604,海南师范大学,,首选物理，再选化学、生物(2科必选),510,55724,,,0,海南,公办,0,0
重庆,2025,物理类,本科批,4606,海口经济学院,,首选物理，再选不限,425,99150,,,0,海南,民办,0,0
重庆,2025,物理类,本科批,4606,海口经济学院,,首选物理，再选化学,425,101917,,,0,海南,民办,0,0
重庆,2025,物理类,本科批,4612,琼台师范学院,,首选物理，再选不限,487,63323,,,0,海南,公办,0,0
重庆,2025,物理类,本科批,4612,琼台师范学院,,首选物理，再选化学,497,53184,,,0,海南,公办,0,0
重庆,2025,物理类,本科批,4614,海南医科大学,,首选物理，再选不限,545,27774,,,7,海南,公办,0,0
重庆,2025,物理类,本科批,4614,海南医科大学,,首选物理，再选化学,507,16058,,,52,海南,公办,0,0
重庆,2025,物理类,本科批,4615,三亚学院,,首选物理，再选不限,425,100988,,,0,海南,民办,0,0
重庆,2025,物理类,本科批,4615,三亚学院,,首选物理，再选化学,425,100988,,,0,海南,民办,0,0
重庆,2025,物理类,本科批,4618,海南比勒费尔德应用科学大学,,首选物理，再选不限,425,103219,,,0,海南,境外高校独立办学,0,0
重庆,2025,物理类,本科批,4618,海南比勒费尔德应用科学大学,,首选物理，再选化学,425,103219,,,0,海南,境外高校独立办学,0,0
重庆,2025,物理类,本科批,4620,海南科技职业大学,,首选物理，再选不限,425,78587,,,0,海南,民办,0,0
重庆,2025,物理类,本科批,5001,重庆大学,,首选物理，再选不限,611,8639,,,0,重庆,公办,1,1
重庆,2025,物理类,本科批,5001,重庆大学,,首选物理，再选化学,584,1994,,,0,重庆,公办,1,1
重庆,2025,物理类,本科批,5002,重庆邮电大学,,首选物理，再选不限,548,18260,,,0,重庆,公办,0,0
重庆,2025,物理类,本科批,5002,重庆邮电大学,,首选物理，再选化学,548,13287,,,0,重庆,公办,0,0
重庆,2025,物理类,本科批,5003,重庆交通大学,,首选物理，再选不限,509,25811,,,0,重庆,公办,0,0
重庆,2025,物理类,本科批,5003,重庆交通大学,,首选物理，再选化学,513,20247,,,0,重庆,公办,0,0
重庆,2025,物理类,本科批,5005,重庆医科大学,,首选物理，再选不限,541,33312,,,0,重庆,公办,0,0
重庆,2025,物理类,本科批,5005,重庆医科大学,,首选物理，再选化学,514,1454,,,0,重庆,公办,0,0
重庆,2025,物理类,本科批,5006,西南大学,,首选物理，再选不限,565,10026,,,0,重庆,公办,0,1
重庆,2025,物理类,本科批,5006,西南大学,,首选物理，再选化学,536,7630,,,0,重庆,公办,0,1
重庆,2025,物理类,本科批,5006,西南大学,,首选物理，再选化学、生物(2科必选),592,12327,,,0,重庆,公办,0,1
重庆,2025,物理类,本科批,5006,西南大学,,首选物理，再选地理,584,17147,,,0,重庆,公办,0,1
重庆,2025,物理类,本科批,5006,西南大学,,首选物理，再选思想政治,571,11420,,,0,重庆,公办,0,1
重庆,2025,物理类,本科批,5006,西南大学,,首选物理，再选生物,567,23571,,,0,重庆,公办,0,1
重庆,2025,物理类,本科批,5007,重庆师范大学,,首选物理，再选不限,517,18260,,,0,重庆,公办,0,0
重庆,2025,物理类,本科批,5007,重庆师范大学,,首选物理，再选化学,516,20247,,,0,重庆,公办,0,0
重庆,2025,物理类,本科批,5007,重庆师范大学,,首选物理，再选化学、生物(2科必选),518,50814,,,0,重庆,公办,0,0
重庆,2025,物理类,本科批,5007,重庆师范大学,,首选物理，再选地理,538,38835,,,0,重庆,公办,0,0
重庆,2025,物理类,本科批,5007,重庆师范大学,,首选物理，再选思想政治,573,21426,,,0,重庆,公办,0,0
重庆,2025,物理类,本科批,5008,重庆文理学院,,首选物理，再选不限,492,45354,,,0,重庆,公办,0,0
重庆,2025,物理类,本科批,5008,重庆文理学院,,首选物理，再选化学,476,27291,,,0,重庆,公办,0,0
重庆,2025,物理类,本科批,5008,重庆文理学院,,首选物理，再选生物,492,26800,,,0,重庆,公办,0,0
重庆,2025,物理类,本科批,5009,重庆三峡学院,,首选物理，再选不限,490,47737,,,0,重庆,公办,0,0
重庆,2025,物理类,本科批,5009,重庆三峡学院,,首选物理，再选化学,486,49565,,,0,重庆,公办,0,0
重庆,2025,物理类,本科批,5009,重庆三峡学院,,首选物理，再选思想政治,506,58277,,,0,重庆,公办,0,0
重庆,2025,物理类,本科批,5010,长江师范学院,,首选物理，再选不限,489,55724,,,0,重庆,公办,0,0
重庆,2025,物理类,本科批,5010,长江师范学院,,首选物理，再选化学,488,23571,,,0,重庆,公办,0,0
重庆,2025,物理类,本科批,5010,长江师范学院,,首选物理，再选思想政治,498,59528,,,0,重庆,公办,0,0
重庆,2025,物理类,本科批,5010,长江师范学院,,首选物理，再选生物,491,67694,,,0,重庆,公办,0,0
重庆,2025,物理类,本科批,5011,四川外国语大学,,首选物理，再选不限,487,32260,,,0,重庆,公办,0,0
重庆,2025,物理类,本科批,5011,四川外国语大学,,首选物理，再选思想政治,513,49565,,,0,重庆,公办,0,0
重庆,2025,物理类,本科批,5012,西南政法大学,,首选物理，再选不限,540,10294,,,0,重庆,公办,0,0
重庆,2025,物理类,本科批,5012,西南政法大学,,首选物理，再选化学,577,19815,,,0,重庆,公办,0,0
重庆,2025,物理类,本科批,5012,西南政法大学,,首选物理，再选思想政治,551,23571,,,0,重庆,公办,0,0
重庆,2025,物理类,本科批,5013,四川美术学院,,首选物理，再选不限,510,45354,,,0,重庆,公办,0,0
重庆,2025,物理类,本科批,5013,四川美术学院,,首选物理，再选化学,535,40611,,,0,重庆,公办,0,0
重庆,2025,物理类,本科批,5014,中国人民解放军陆军军医大学,,首选物理，再选化学,585,5354,,,0,重庆,公办,0,0
重庆,2025,物理类,本科批,5015,重庆理工大学,,首选物理，再选不限,518,33312,,,0,重庆,公办,0,0
重庆,2025,物理类,本科批,5015,重庆理工大学,,首选物理，再选化学,526,23571,,,0,重庆,公办,0,0
重庆,2025,物理类,本科批,5016,重庆工商大学,,首选物理，再选不限,465,32260,,,0,重庆,公办,0,0
重庆,2025,物理类,本科批,5016,重庆工商大学,,首选物理，再选化学,515,34938,,,0,重庆,公办,0,0
重庆,2025,物理类,本科批,5016,重庆工商大学,,首选物理，再选生物,516,51989,,,0,重庆,公办,0,0
重庆,2025,物理类,本科批,5017,重庆中医药学院,,首选物理，再选不限,527,27291,,,0,重庆,公办,0,0
重庆,2025,物理类,本科批,5017,重庆中医药学院,,首选物理，再选化学,521,32804,,,0,重庆,公办,0,0
重庆,2025,物理类,本科批,5019,重庆人文科技学院,,首选物理，再选不限,457,70780,,,0,重庆,民办,0,0
重庆,2025,物理类,本科批,5019,重庆人文科技学院,,首选物理，再选化学,462,73224,,,0,重庆,民办,0,0
重庆,2025,物理类,本科批,5019,重庆人文科技学院,,首选物理，再选思想政治,479,75006,,,0,重庆,民办,0,0
重庆,2025,物理类,本科批,5019,重庆人文科技学院,,首选物理，再选生物,458,87032,,,0,重庆,民办,0,0
重庆,2025,物理类,本科批,5020,重庆外语外事学院,,首选物理，再选不限,425,80906,,,0,重庆,民办,0,0
重庆,2025,物理类,本科批,5020,重庆外语外事学院,,首选物理，再选化学,427,86477,,,0,重庆,民办,0,0
重庆,2025,物理类,本科批,5021,重庆对外经贸学院,,首选物理，再选不限,439,75006,,,0,重庆,民办,0,0
重庆,2025,物理类,本科批,5021,重庆对外经贸学院,,首选物理，再选化学,437,83738,,,0,重庆,民办,0,0
重庆,2025,物理类,本科批,5021,重庆对外经贸学院,,首选物理，再选地理,465,83220,,,0,重庆,民办,0,0
重庆,2025,物理类,本科批,5022,重庆财经学院,,首选物理，再选不限,425,70203,,,0,重庆,民办,0,0
重庆,2025,物理类,本科批,5022,重庆财经学院,,首选物理，再选化学,455,78003,,,0,重庆,民办,0,0
重庆,2025,物理类,本科批,5023,重庆工商大学派斯学院,,首选物理，再选不限,431,79745,,,0,重庆,民办,0,0
重庆,2025,物理类,本科批,5023,重庆工商大学派斯学院,,首选物理，再选化学,440,84250,,,0,重庆,民办,0,0
重庆,2025,物理类,本科批,5026,重庆移通学院,,首选物理，再选不限,425,75574,,,0,重庆,民办,0,0
重庆,2025,物理类,本科批,5026,重庆移通学院,,首选物理，再选化学,425,78587,,,0,重庆,民办,0,0
重庆,2025,物理类,本科批,5027,重庆科技大学,,首选物理，再选不限,491,41740,,,0,重庆,公办,0,0
重庆,2025,物理类,本科批,5027,重庆科技大学,,首选物理，再选化学,507,33846,,,0,重庆,公办,0,0
重庆,2025,物理类,本科批,5028,重庆电子科技职业大学,,首选物理，再选不限,486,68311,,,0,重庆,公办,0,0
重庆,2025,物理类,本科批,5029,重庆第二师范学院,,首选物理，再选不限,487,44108,,,0,重庆,公办,0,0
重庆,2025,物理类,本科批,5029,重庆第二师范学院,,首选物理，再选化学,466,53184,,,0,重庆,公办,0,0
重庆,2025,物理类,本科批,5029,重庆第二师范学院,,首选物理，再选思想政治,508,56995,,,0,重庆,公办,0,0
重庆,2025,物理类,本科批,5045,重庆工程学院,,首选物理，再选不限,425,87032,,,0,重庆,民办,0,0
重庆,2025,物理类,本科批,5045,重庆工程学院,,首选物理，再选化学,425,93312,,,0,重庆,民办,0,0
重庆,2025,物理类,本科批,5050,重庆机电职业技术大学,,首选物理，再选不限,425,85897,,,0,重庆,民办,0,0
重庆,2025,物理类,本科批,5057,重庆城市科技学院,,首选物理，再选不限,425,73860,,,0,重庆,民办,0,0
重庆,2025,物理类,本科批,5057,重庆城市科技学院,,首选物理，再选化学,425,84250,,,0,重庆,民办,0,0
重庆,2025,物理类,本科批,5057,重庆城市科技学院,,首选物理，再选思想政治,457,87578,,,0,重庆,民办,0,0
重庆,2025,物理类,本科批,5101,成都医学院,,首选物理，再选化学,574,21006,,,0,四川,公办,0,0
重庆,2025,物理类,本科批,5102,西南交通大学,,首选物理，再选化学,536,4946,,,0,四川,公办,0,1
重庆,2025,物理类,本科批,5104,电子科技大学,,首选物理，再选化学,613,516,,,0,四川,公办,1,1
重庆,2025,物理类,本科批,5105,西南石油大学,,首选物理，再选不限,559,21426,,,0,四川,公办,0,0
重庆,2025,物理类,本科批,5105,西南石油大学,,首选物理，再选化学,551,14652,,,0,四川,公办,0,0
重庆,2025,物理类,本科批,5105,西南石油大学,,首选物理，再选地理,569,23142,,,0,四川,公办,0,0
重庆,2025,物理类,本科批,5106,成都理工大学,,首选物理，再选不限,529,13949,,,0,四川,公办,0,0
重庆,2025,物理类,本科批,5106,成都理工大学,,首选物理，再选化学,544,10026,,,0,四川,公办,0,0
重庆,2025,物理类,本科批,5106,成都理工大学,,首选物理，再选地理,535,34376,,,0,四川,公办,0,0
重庆,2025,物理类,本科批,5107,西南科技大学,,首选物理，再选不限,525,34376,,,0,四川,公办,0,0
重庆,2025,物理类,本科批,5107,西南科技大学,,首选物理，再选化学,489,20633,,,0,四川,公办,0,0
重庆,2025,物理类,本科批,5107,西南科技大学,,首选物理，再选地理,548,33312,,,0,四川,公办,0,0
重庆,2025,物理类,本科批,5108,成都信息工程大学,,首选物理，再选不限,536,25339,,,0,四川,公办,0,0
重庆,2025,物理类,本科批,5108,成都信息工程大学,,首选物理，再选化学,521,15673,,,0,四川,公办,0,0
重庆,2025,物理类,本科批,5108,成都信息工程大学,,首选物理，再选地理,565,24885,,,0,四川,公办,0,0
重庆,2025,物理类,本科批,5109,四川轻化工大学,,首选物理，再选不限,528,44745,,,0,四川,公办,0,0
重庆,2025,物理类,本科批,5109,四川轻化工大学,,首选物理，再选化学,524,29783,,,0,四川,公办,0,0
重庆,2025,物理类,本科批,5110,西华大学,,首选物理，再选不限,510,43501,,,0,四川,公办,0,0
重庆,2025,物理类,本科批,5110,西华大学,,首选物理，再选化学,512,21842,,,0,四川,公办,0,0
重庆,2025,物理类,本科批,5111,中国民用航空飞行学院,,首选物理，再选不限,522,25339,,,0,四川,公办,0,0
重庆,2025,物理类,本科批,5111,中国民用航空飞行学院,,首选物理，再选化学,536,24004,,,0,四川,公办,0,0
重庆,2025,物理类,本科批,5111,中国民用航空飞行学院,,首选物理，再选思想政治,522,48378,,,0,四川,公办,0,0
重庆,2025,物理类,本科批,5112,四川农业大学,,首选物理，再选不限,529,16058,,,0,四川,公办,0,1
重庆,2025,物理类,本科批,5112,四川农业大学,,首选物理，再选化学,525,11716,,,0,四川,公办,0,1
重庆,2025,物理类,本科批,5112,四川农业大学,,首选物理，再选生物,559,27774,,,0,四川,公办,0,1
重庆,2025,物理类,本科批,5113,西南医科大学,,首选物理，再选不限,508,19056,,,0,四川,公办,0,0
重庆,2025,物理类,本科批,5113,西南医科大学,,首选物理，再选化学,491,6864,,,0,四川,公办,0,0
重庆,2025,物理类,本科批,5114,成都中医药大学,,首选物理，再选不限,521,2715,,,0,四川,公办,0,0
重庆,2025,物理类,本科批,5114,成都中医药大学,,首选物理，再选化学,513,6202,,,0,四川,公办,0,0
重庆,2025,物理类,本科批,5115,川北医学院,,首选物理，再选不限,528,41158,,,0,四川,公办,0,0
重庆,2025,物理类,本科批,5115,川北医学院,,首选物理，再选化学,527,16401,,,0,四川,公办,0,0
重庆,2025,物理类,本科批,5115,川北医学院,,首选物理，再选生物,528,32260,,,0,四川,公办,0,0
重庆,2025,物理类,本科批,5116,四川师范大学,,首选物理，再选不限,481,19441,,,0,四川,公办,0,0
重庆,2025,物理类,本科批,5116,四川师范大学,,首选物理，再选化学,487,16764,,,0,四川,公办,0,0
重庆,2025,物理类,本科批,5116,四川师范大学,,首选物理，再选化学、生物(2科必选),539,26800,,,0,四川,公办,0,0
重庆,2025,物理类,本科批,5116,四川师范大学,,首选物理，再选地理,536,23571,,,0,四川,公办,0,0
重庆,2025,物理类,本科批,5117,西华师范大学,,首选物理，再选不限,509,38835,,,0,四川,公办,0,0
重庆,2025,物理类,本科批,5117,西华师范大学,,首选物理，再选化学,508,32804,,,0,四川,公办,0,0
重庆,2025,物理类,本科批,5117,西华师范大学,,首选物理，再选化学、生物(2科必选),532,42282,,,0,四川,公办,0,0
重庆,2025,物理类,本科批,5118,绵阳师范学院,,首选物理，再选不限,506,42889,,,0,四川,公办,0,0
重庆,2025,物理类,本科批,5118,绵阳师范学院,,首选物理，再选化学,511,37188,,,0,四川,公办,0,0
重庆,2025,物理类,本科批,5118,绵阳师范学院,,首选物理，再选生物,490,68311,,,0,四川,公办,0,0
重庆,2025,物理类,本科批,5119,内江师范学院,,首选物理，再选不限,505,49565,,,0,四川,公办,0,0
重庆,2025,物理类,本科批,5119,内江师范学院,,首选物理，再选化学,503,45961,,,0,四川,公办,0,0
重庆,2025,物理类,本科批,5119,内江师范学院,,首选物理，再选化学、生物(2科必选),504,55069,,,0,四川,公办,0,0
重庆,2025,物理类,本科批,5119,内江师范学院,,首选物理，再选地理,511,48378,,,0,四川,公办,0,0
重庆,2025,物理类,本科批,5120,宜宾学院,,首选物理，再选不限,500,55724,,,0,四川,公办,0,0
重庆,2025,物理类,本科批,5120,宜宾学院,,首选物理，再选化学,498,40611,,,0,四川,公办,0,0
重庆,2025,物理类,本科批,5120,宜宾学院,,首选物理，再选化学、生物(2科必选),509,56392,,,0,四川,公办,0,0
重庆,2025,物理类,本科批,5121,乐山师范学院,,首选物理，再选不限,503,58929,,,0,四川,公办,0,0
重庆,2025,物理类,本科批,5121,乐山师范学院,,首选物理，再选化学,494,65772,,,0,四川,公办,0,0
重庆,2025,物理类,本科批,5122,西南财经大学,,首选物理，再选不限,555,4393,,,0,四川,公办,0,1
重庆,2025,物理类,本科批,5122,西南财经大学,,首选物理，再选化学,600,7362,,,0,四川,公办,0,1
重庆,2025,物理类,本科批,5123,成都体育学院,,首选物理，再选不限,474,34376,,,0,四川,公办,0,0
重庆,2025,物理类,本科批,5123,成都体育学院,,首选物理，再选化学,527,45354,,,0,四川,公办,0,0
重庆,2025,物理类,本科批,5124,四川音乐学院,,首选物理，再选不限,502,60202,,,0,四川,公办,0,0
重庆,2025,物理类,本科批,5125,西南民族大学,,首选物理，再选不限,517,24885,,,0,四川,公办,0,0
重庆,2025,物理类,本科批,5125,西南民族大学,,首选物理，再选化学,526,24396,,,0,四川,公办,0,0
重庆,2025,物理类,本科批,5126,攀枝花学院,,首选物理，再选化学,504,27291,,,0,四川,公办,0,0
重庆,2025,物理类,本科批,5127,四川大学,,首选物理，再选不限,614,6202,,,0,四川,公办,1,1
重庆,2025,物理类,本科批,5127,四川大学,,首选物理，再选化学,618,244,,,0,四川,公办,1,1
重庆,2025,物理类,本科批,5129,西昌学院,,首选物理，再选不限,488,67042,,,0,四川,公办,0,0
重庆,2025,物理类,本科批,5129,西昌学院,,首选物理，再选化学,483,50814,,,0,四川,公办,0,0
重庆,2025,物理类,本科批,5130,成都理工大学工程技术学院,,首选物理，再选化学,476,68964,,,0,四川,民办,0,0
重庆,2025,物理类,本科批,5131,四川传媒学院,,首选物理，再选不限,476,65772,,,0,四川,民办,0,0
重庆,2025,物理类,本科批,5131,四川传媒学院,,首选物理，再选化学,475,65119,,,0,四川,民办,0,0
重庆,2025,物理类,本科批,5132,成都银杏酒店管理学院,,首选物理，再选不限,433,84831,,,0,四川,民办,0,0
重庆,2025,物理类,本科批,5132,成都银杏酒店管理学院,,首选物理，再选生物,462,84831,,,0,四川,民办,0,0
重庆,2025,物理类,本科批,5133,成都文理学院,,首选物理，再选化学,485,71425,,,0,四川,民办,0,0
重庆,2025,物理类,本科批,5134,四川工商学院,,首选物理，再选不限,487,67042,,,0,四川,民办,0,0
重庆,2025,物理类,本科批,5134,四川工商学院,,首选物理，再选化学,482,71425,,,0,四川,民办,0,0
重庆,2025,物理类,本科批,5135,成都外国语学院,,首选物理，再选不限,464,65772,,,0,四川,民办,0,0
重庆,2025,物理类,本科批,5136,电子科技大学成都学院,,首选物理，再选不限,471,71425,,,0,四川,民办,0,0
重庆,2025,物理类,本科批,5136,电子科技大学成都学院,,首选物理，再选化学,478,63323,,,0,四川,民办,0,0
重庆,2025,物理类,本科批,5137,四川文理学院,,首选物理，再选不限,500,58277,,,0,四川,公办,0,0
重庆,2025,物理类,本科批,5137,四川文理学院,,首选物理，再选化学,482,53184,,,0,四川,公办,0,0
重庆,2025,物理类,本科批,5138,成都工业学院,,首选物理，再选不限,514,47131,,,0,四川,公办,0,0
重庆,2025,物理类,本科批,5138,成都工业学院,,首选物理，再选化学,515,34376,,,0,四川,公办,0,0
重庆,2025,物理类,本科批,5139,四川旅游学院,,首选物理，再选不限,495,63323,,,0,四川,公办,0,0
重庆,2025,物理类,本科批,5139,四川旅游学院,,首选物理，再选化学,487,59528,,,0,四川,公办,0,0
重庆,2025,物理类,本科批,5146,四川工程职业技术大学,,首选物理，再选不限,486,60202,,,0,四川,公办,0,0
重庆,2025,物理类,本科批,5151,四川警察学院,,首选物理，再选不限,563,25811,,,0,四川,公办,0,0
重庆,2025,物理类,本科批,5167,成都东软学院,,首选物理，再选不限,481,73224,,,0,四川,民办,0,0
重庆,2025,物理类,本科批,5167,成都东软学院,,首选物理，再选化学,425,67042,,,0,四川,民办,0,0
重庆,2025,物理类,本科批,5167,成都东软学院（中外合作办学项目）,,首选物理，再选化学,425,103219,,,0,四川,中外合作办学,0,0
重庆,2025,物理类,本科批,5170,四川民族学院,,首选物理，再选不限,498,52572,,,0,四川,公办,0,0
重庆,2025,物理类,本科批,5170,四川民族学院,,首选物理，再选化学,506,58277,,,0,四川,公办,0,0
重庆,2025,物理类,本科批,5176,吉利学院,,首选物理，再选不限,425,103219,,,0,四川,民办,0,0
重庆,2025,物理类,本科批,5176,吉利学院,,首选物理，再选化学,425,93815,,,0,四川,民办,0,0
重庆,2025,物理类,本科批,5179,阿坝师范学院,,首选物理，再选不限,494,61431,,,0,四川,公办,0,0
重庆,2025,物理类,本科批,5179,阿坝师范学院,,首选物理，再选化学,494,64536,,,0,四川,公办,0,0
重庆,2025,物理类,本科批,5180,成都大学,,首选物理，再选不限,491,25811,,,0,四川,公办,0,0
重庆,2025,物理类,本科批,5180,成都大学,,首选物理，再选化学,520,16764,,,0,四川,公办,0,0
重庆,2025,物理类,本科批,5181,四川工业科技学院,,首选物理，再选不限,449,84250,,,0,四川,民办,0,0
重庆,2025,物理类,本科批,5181,四川工业科技学院,,首选物理，再选化学,469,76161,,,0,四川,民办,0,0
重庆,2025,物理类,本科批,5182,成都师范学院,,首选物理，再选不限,519,50211,,,0,四川,公办,0,0
重庆,2025,物理类,本科批,5182,成都师范学院,,首选物理，再选化学,504,38272,,,0,四川,公办,0,0
重庆,2025,物理类,本科批,5184,成都锦城学院,,首选物理，再选不限,473,64536,,,0,四川,民办,0,0
重庆,2025,物理类,本科批,5184,成都锦城学院,,首选物理，再选化学,465,58277,,,0,四川,民办,0,0
重庆,2025,物理类,本科批,5190,西南财经大学天府学院,,首选物理，再选不限,455,75006,,,0,四川,民办,0,0
重庆,2025,物理类,本科批,5190,西南财经大学天府学院,,首选物理，再选化学,425,69571,,,0,四川,民办,0,0
重庆,2025,物理类,本科批,5191,四川大学锦江学院,,首选物理，再选不限,469,73224,,,0,四川,民办,0,0
重庆,2025,物理类,本科批,5191,四川大学锦江学院,,首选物理，再选化学,469,63946,,,0,四川,民办,0,0
重庆,2025,物理类,本科批,5191,四川大学锦江学院,,首选物理，再选思想政治,469,80906,,,0,四川,民办,0,0
重庆,2025,物理类,本科批,5192,四川文化艺术学院,,首选物理，再选不限,463,73224,,,0,四川,民办,0,0
重庆,2025,物理类,本科批,5192,四川文化艺术学院,,首选物理，再选化学,452,90201,,,0,四川,民办,0,0
重庆,2025,物理类,本科批,5199,绵阳城市学院,,首选物理，再选不限,462,76161,,,0,四川,民办,0,0
重庆,2025,物理类,本科批,5199,绵阳城市学院,,首选物理，再选化学,464,76161,,,0,四川,民办,0,0
重庆,2025,物理类,本科批,5201,贵州大学,,首选物理，再选不限,523,17490,,,0,贵州,公办,0,1
重庆,2025,物理类,本科批,5201,贵州大学,,首选物理，再选化学,533,9740,,,0,贵州,公办,0,1
重庆,2025,物理类,本科批,5201,贵州大学,,首选物理，再选思想政治,570,22723,,,0,贵州,公办,0,1
重庆,2025,物理类,本科批,5202,贵州医科大学,,首选物理，再选化学,486,10556,,,0,贵州,公办,0,0
重庆,2025,物理类,本科批,5203,遵义医科大学,,首选物理，再选不限,547,33846,,,0,贵州,公办,0,0
重庆,2025,物理类,本科批,5203,遵义医科大学,,首选物理，再选化学,517,10859,,,0,贵州,公办,0,0
重庆,2025,物理类,本科批,5203,遵义医科大学,,首选物理，再选生物,538,32260,,,0,贵州,公办,0,0
重庆,2025,物理类,本科批,5204,贵州中医药大学,,首选物理，再选不限,529,21842,,,0,贵州,公办,0,0
重庆,2025,物理类,本科批,5204,贵州中医药大学,,首选物理，再选化学,498,27774,,,0,贵州,公办,0,0
重庆,2025,物理类,本科批,5205,贵州师范大学,,首选物理，再选不限,520,49565,,,0,贵州,公办,0,0
重庆,2025,物理类,本科批,5205,贵州师范大学,,首选物理，再选化学,532,41158,,,0,贵州,公办,0,0
重庆,2025,物理类,本科批,5206,遵义师范学院,,首选物理，再选不限,501,50814,,,0,贵州,公办,0,0
重庆,2025,物理类,本科批,5206,遵义师范学院,,首选物理，再选化学,506,45354,,,0,贵州,公办,0,0
重庆,2025,物理类,本科批,5207,黔南民族师范学院,,首选物理，再选化学,490,60202,,,0,贵州,公办,0,0
重庆,2025,物理类,本科批,5208,贵州财经大学,,首选物理，再选不限,477,47131,,,0,贵州,公办,0,0
重庆,2025,物理类,本科批,5208,贵州财经大学,,首选物理，再选化学,539,38272,,,0,贵州,公办,0,0
重庆,2025,物理类,本科批,5209,贵州民族大学,,首选物理，再选不限,510,55724,,,0,贵州,公办,0,0
重庆,2025,物理类,本科批,5209,贵州民族大学,,首选物理，再选化学,498,44108,,,0,贵州,公办,0,0
重庆,2025,物理类,本科批,5209,贵州民族大学,,首选物理，再选化学、生物(2科必选),513,53788,,,0,贵州,公办,0,0
重庆,2025,物理类,本科批,5210,贵州中医药大学时珍学院,,首选物理，再选化学,496,62078,,,0,贵州,民办,0,0
重庆,2025,物理类,本科批,5211,贵州黔南经济学院,,首选物理，再选不限,439,96773,,,0,贵州,民办,0,0
重庆,2025,物理类,本科批,5213,遵义医科大学医学与科技学院,,首选物理，再选化学,521,36058,,,0,贵州,民办,0,0
重庆,2025,物理类,本科批,5215,贵阳学院,,首选物理，再选不限,511,53184,,,0,贵州,公办,0,0
重庆,2025,物理类,本科批,5215,贵阳学院,,首选物理，再选化学,504,53184,,,0,贵州,公办,0,0
重庆,2025,物理类,本科批,5216,安顺学院,,首选物理，再选不限,498,59528,,,0,贵州,公办,0,0
重庆,2025,物理类,本科批,5216,安顺学院,,首选物理，再选化学,491,57604,,,0,贵州,公办,0,0
重庆,2025,物理类,本科批,5220,贵州警察学院,,首选物理，再选不限,540,27774,,,0,贵州,公办,0,0
重庆,2025,物理类,本科批,5220,贵州警察学院,,首选物理，再选化学,552,31257,,,0,贵州,公办,0,0
重庆,2025,物理类,本科批,5229,贵州医科大学神奇民族医药学院,,首选物理，再选化学,502,60834,,,0,贵州,民办,0,0
重庆,2025,物理类,本科批,5229,贵州医科大学神奇民族医药学院,,首选物理，再选生物,500,62078,,,0,贵州,民办,0,0
重庆,2025,物理类,本科批,5230,贵州黔南科技学院,,首选物理，再选不限,466,82660,,,0,贵州,民办,0,0
重庆,2025,物理类,本科批,5231,贵阳信息科技学院,,首选物理，再选化学,472,77404,,,0,贵州,民办,0,0
重庆,2025,物理类,本科批,5231,贵阳信息科技学院,,首选物理，再选地理,482,73224,,,0,贵州,民办,0,0
重庆,2025,物理类,本科批,5232,六盘水师范学院,,首选物理，再选化学,490,54412,,,0,贵州,公办,0,0
重庆,2025,物理类,本科批,5236,铜仁学院,,首选物理，再选化学,476,66408,,,16,贵州,公办,0,0
重庆,2025,物理类,本科批,5237,兴义民族师范学院,,首选物理，再选化学,497,62078,,,0,贵州,公办,0,0
重庆,2025,物理类,本科批,5238,贵州工程应用技术学院,,首选物理，再选化学,487,58277,,,0,贵州,公办,0,0
重庆,2025,物理类,本科批,5239,贵州商学院,,首选物理，再选不限,488,63323,,,0,贵州,公办,0,0
重庆,2025,物理类,本科批,5241,凯里学院,,首选物理，再选不限,487,70203,,,0,贵州,公办,0,0
重庆,2025,物理类,本科批,5241,凯里学院,,首选物理，再选化学,489,62675,,,0,贵州,公办,0,0
重庆,2025,物理类,本科批,5244,贵州师范学院,,首选物理，再选不限,500,62078,,,0,贵州,公办,0,0
重庆,2025,物理类,本科批,5244,贵州师范学院,,首选物理，再选化学,496,51989,,,0,贵州,公办,0,0
重庆,2025,物理类,本科批,5244,贵州师范学院,,首选物理，再选化学、生物(2科必选),519,50211,,,0,贵州,公办,0,0
重庆,2025,物理类,本科批,5249,贵州理工学院,,首选物理，再选不限,493,66408,,,0,贵州,公办,0,0
重庆,2025,物理类,本科批,5249,贵州理工学院,,首选物理，再选化学,498,31746,,,0,贵州,公办,0,0
重庆,2025,物理类,本科批,5253,贵阳康养职业大学,,首选物理，再选不限,492,50211,,,0,贵州,公办,0,0
重庆,2025,物理类,本科批,5253,贵阳康养职业大学,,首选物理，再选化学,514,53184,,,0,贵州,公办,0,0
重庆,2025,物理类,本科批,5270,茅台学院,,首选物理，再选不限,484,72040,,,0,贵州,民办,0,0
重庆,2025,物理类,本科批,5270,茅台学院,,首选物理，再选化学,486,58929,,,0,贵州,民办,0,0
重庆,2025,物理类,本科批,5301,云南大学,,首选物理，再选不限,570,13287,,,0,云南,公办,0,1
重庆,2025,物理类,本科批,5301,云南大学,,首选物理，再选化学,529,11716,,,0,云南,公办,0,1
重庆,2025,物理类,本科批,5301,云南大学,,首选物理，再选化学、生物(2科必选),563,10294,,,0,云南,公办,0,1
重庆,2025,物理类,本科批,5301,云南大学,,首选物理，再选地理,580,17147,,,0,云南,公办,0,1
重庆,2025,物理类,本科批,5302,昆明理工大学,,首选物理，再选不限,505,29783,,,0,云南,公办,0,0
重庆,2025,物理类,本科批,5302,昆明理工大学,,首选物理，再选化学,514,15346,,,0,云南,公办,0,0
重庆,2025,物理类,本科批,5302,昆明理工大学,,首选物理，再选化学、生物(2科必选),570,20247,,,0,云南,公办,0,0
重庆,2025,物理类,本科批,5302,昆明理工大学,,首选物理，再选地理,527,45354,,,0,云南,公办,0,0
重庆,2025,物理类,本科批,5303,云南农业大学,,首选物理，再选不限,506,50211,,,6,云南,公办,0,0
重庆,2025,物理类,本科批,5303,云南农业大学,,首选物理，再选化学,486,22723,,,34,云南,公办,0,0
重庆,2025,物理类,本科批,5304,西南林业大学,,首选物理，再选不限,508,39422,,,0,云南,公办,0,0
重庆,2025,物理类,本科批,5304,西南林业大学,,首选物理，再选化学,501,27291,,,0,云南,公办,0,0
重庆,2025,物理类,本科批,5304,西南林业大学,,首选物理，再选生物,518,50814,,,0,云南,公办,0,0
重庆,2025,物理类,本科批,5305,大理大学,,首选物理，再选不限,522,42282,,,0,云南,公办,0,0
重庆,2025,物理类,本科批,5305,大理大学,,首选物理，再选化学,512,19056,,,0,云南,公办,0,0
重庆,2025,物理类,本科批,5305,大理大学,,首选物理，再选生物,536,39989,,,0,云南,公办,0,0
重庆,2025,物理类,本科批,5306,云南师范大学,,首选物理，再选不限,488,45354,,,0,云南,公办,0,0
重庆,2025,物理类,本科批,5306,云南师范大学,,首选物理，再选化学,528,36620,,,0,云南,公办,0,0
重庆,2025,物理类,本科批,5307,曲靖师范学院,,首选物理，再选不限,488,54412,,,0,云南,公办,0,0
重庆,2025,物理类,本科批,5307,曲靖师范学院,,首选物理，再选化学,499,61431,,,0,云南,公办,0,0
重庆,2025,物理类,本科批,5309,云南民族大学,,首选物理，再选不限,510,55724,,,0,云南,公办,0,0
重庆,2025,物理类,本科批,5309,云南民族大学,,首选物理，再选化学,515,37736,,,0,云南,公办,0,0
重庆,2025,物理类,本科批,5310,玉溪师范学院,,首选物理，再选化学,497,52572,,,0,云南,公办,0,0
重庆,2025,物理类,本科批,5311,楚雄师范学院,,首选物理，再选不限,491,67694,,,0,云南,公办,0,0
重庆,2025,物理类,本科批,5311,楚雄师范学院,,首选物理，再选化学,496,64536,,,0,云南,公办,0,0
重庆,2025,物理类,本科批,5311,楚雄师范学院,,首选物理，再选地理,503,60202,,,0,云南,公办,0,0
重庆,2025,物理类,本科批,5312,昆明医科大学海源学院,,首选物理，再选化学,480,41740,,,0,云南,民办,0,0
重庆,2025,物理类,本科批,5313,滇池学院,,首选物理，再选不限,425,86477,,,0,云南,民办,0,0
重庆,2025,物理类,本科批,5313,滇池学院,,首选物理，再选化学,425,80338,,,0,云南,民办,0,0
重庆,2025,物理类,本科批,5314,丽江文化旅游学院,,首选物理，再选不限,425,84831,,,0,云南,民办,0,0
重庆,2025,物理类,本科批,5314,丽江文化旅游学院,,首选物理，再选化学,425,83738,,,0,云南,民办,0,0
重庆,2025,物理类,本科批,5315,昆明城市学院,,首选物理，再选不限,425,76161,,,0,云南,民办,0,0
重庆,2025,物理类,本科批,5315,昆明城市学院,,首选物理，再选化学,466,81501,,,0,云南,民办,0,0
重庆,2025,物理类,本科批,5318,昆明学院,,首选物理，再选不限,497,63946,,,0,云南,公办,0,0
重庆,2025,物理类,本科批,5318,昆明学院,,首选物理，再选化学,499,38835,,,0,云南,公办,0,0
重庆,2025,物理类,本科批,5318,昆明学院,,首选物理，再选化学、生物(2科必选),557,28751,,,0,云南,公办,0,0
重庆,2025,物理类,本科批,5318,昆明学院,,首选物理，再选思想政治,489,68964,,,0,云南,公办,0,0
重庆,2025,物理类,本科批,5319,文山学院,,首选物理，再选化学,492,67042,,,0,云南,公办,0,0
重庆,2025,物理类,本科批,5326,云南经济管理学院,,首选物理，再选不限,429,80338,,,0,云南,民办,0,0
重庆,2025,物理类,本科批,5326,云南经济管理学院,,首选物理，再选化学,425,77404,,,0,云南,民办,0,0
重庆,2025,物理类,本科批,5326,云南经济管理学院,,首选物理，再选生物,467,82102,,,0,云南,民办,0,0
重庆,2025,物理类,本科批,5327,昆明文理学院,,首选物理，再选不限,436,85897,,,0,云南,民办,0,0
重庆,2025,物理类,本科批,5327,昆明文理学院,,首选物理，再选化学,457,77404,,,0,云南,民办,0,0
重庆,2025,物理类,本科批,5330,云南财经大学,,首选物理，再选不限,484,31257,,,0,云南,公办,0,0
重庆,2025,物理类,本科批,5330,云南财经大学,,首选物理，再选化学,531,33312,,,0,云南,公办,0,0
重庆,2025,物理类,本科批,5330,云南财经大学,,首选物理，再选思想政治,507,57604,,,0,云南,公办,0,0
重庆,2025,物理类,本科批,5334,云南警官学院,,首选物理，再选化学,553,30770,,,0,云南,公办,0,0
重庆,2025,物理类,本科批,5336,保山学院,,首选物理，再选化学,492,63323,,,0,云南,公办,0,0
重庆,2025,物理类,本科批,5337,红河学院,,首选物理，再选不限,496,59528,,,0,云南,公办,0,0
重庆,2025,物理类,本科批,5337,红河学院,,首选物理，再选化学,483,58929,,,0,云南,公办,0,0
重庆,2025,物理类,本科批,5339,昆明理工大学津桥学院,,首选物理，再选不限,425,80906,,,0,云南,民办,0,0
重庆,2025,物理类,本科批,5339,昆明理工大学津桥学院,,首选物理，再选化学,425,76786,,,0,云南,民办,0,0
重庆,2025,物理类,本科批,5340,昭通学院,,首选物理，再选化学,492,52572,,,0,云南,公办,0,0
重庆,2025,物理类,本科批,5342,云南工商学院,,首选物理，再选不限,462,84831,,,0,云南,民办,0,0
重庆,2025,物理类,本科批,5342,云南工商学院,,首选物理，再选化学,459,80906,,,0,云南,民办,0,0
重庆,2025,物理类,本科批,5349,滇西科技师范学院,,首选物理，再选化学,491,60202,,,0,云南,公办,0,0
重庆,2025,物理类,本科批,5351,昆明医科大学,,首选物理，再选化学,534,9189,,,0,云南,公办,0,0
重庆,2025,物理类,本科批,5352,云南中医药大学,,首选物理，再选不限,551,17853,,,0,云南,公办,0,0
重庆,2025,物理类,本科批,5352,云南中医药大学,,首选物理，再选化学,528,25811,,,0,云南,公办,0,0
重庆,2025,物理类,本科批,5359,普洱学院,,首选物理，再选化学,487,70203,,,0,云南,公办,0,0
重庆,2025,物理类,本科批,5372,滇西应用技术大学,,首选物理，再选不限,493,59528,,,0,云南,公办,0,0
重庆,2025,物理类,本科批,5372,滇西应用技术大学,,首选物理，再选化学,480,53184,,,0,云南,公办,0,0
重庆,2025,物理类,本科批,5401,西藏大学,,首选物理，再选不限,525,32260,,,0,西藏,公办,0,1
重庆,2025,物理类,本科批,5401,西藏大学,,首选物理，再选化学,529,21006,,,0,西藏,公办,0,1
重庆,2025,物理类,本科批,5401,西藏大学,,首选物理，再选化学、生物(2科必选),554,24004,,,0,西藏,公办,0,1
重庆,2025,物理类,本科批,5401,西藏大学,,首选物理，再选地理,538,38835,,,0,西藏,公办,0,1
重庆,2025,物理类,本科批,5402,西藏民族大学,,首选物理，再选不限,506,58277,,,0,陕西,公办,0,0
重庆,2025,物理类,本科批,5402,西藏民族大学,,首选物理，再选化学,521,44745,,,0,陕西,公办,0,0
重庆,2025,物理类,本科批,5402,西藏民族大学,,首选物理，再选化学、生物(2科必选),553,30770,,,0,陕西,公办,0,0
重庆,2025,物理类,本科批,5403,西藏藏医药大学,,首选物理，再选不限,480,74439,,,0,西藏,公办,0,0
重庆,2025,物理类,本科批,5407,西藏农牧大学,,首选物理，再选化学,485,56392,,,0,西藏,公办,0,0
重庆,2025,物理类,本科批,6101,西安交通大学,,首选物理，再选不限,625,5354,,,0,陕西,公办,1,1
重庆,2025,物理类,本科批,6101,西安交通大学,,首选物理，再选化学,607,374,,,0,陕西,公办,1,1
重庆,2025,物理类,本科批,6102,西北工业大学,,首选物理，再选化学,618,693,,,0,陕西,公办,1,1
重庆,2025,物理类,本科批,6103,西安理工大学,,首选物理，再选不限,558,22723,,,0,陕西,公办,0,0
重庆,2025,物理类,本科批,6103,西安理工大学,,首选物理，再选化学,551,13602,,,0,陕西,公办,0,0
重庆,2025,物理类,本科批,6104,西安电子科技大学,,首选物理，再选不限,620,6407,,,0,陕西,公办,0,1
重庆,2025,物理类,本科批,6104,西安电子科技大学,,首选物理，再选化学,638,2592,,,0,陕西,公办,0,1
重庆,2025,物理类,本科批,6105,西安工业大学,,首选物理，再选不限,561,26800,,,0,陕西,公办,0,0
重庆,2025,物理类,本科批,6105,西安工业大学,,首选物理，再选化学,504,15346,,,0,陕西,公办,0,0
重庆,2025,物理类,本科批,6106,西安建筑科技大学,,首选物理，再选不限,512,30770,,,0,陕西,公办,0,0
重庆,2025,物理类,本科批,6106,西安建筑科技大学,,首选物理，再选化学,501,20633,,,0,陕西,公办,0,0
重庆,2025,物理类,本科批,6107,西安科技大学,,首选物理，再选不限,531,42889,,,0,陕西,公办,0,0
重庆,2025,物理类,本科批,6107,西安科技大学,,首选物理，再选化学,527,19441,,,0,陕西,公办,0,0
重庆,2025,物理类,本科批,6107,西安科技大学,,首选物理，再选地理,549,32804,,,0,陕西,公办,0,0
重庆,2025,物理类,本科批,6108,西安石油大学,,首选物理，再选不限,531,30286,,,0,陕西,公办,0,0
重庆,2025,物理类,本科批,6108,西安石油大学,,首选物理，再选化学,531,17853,,,0,陕西,公办,0,0
重庆,2025,物理类,本科批,6109,陕西科技大学,,首选物理，再选不限,539,38272,,,0,陕西,公办,0,0
重庆,2025,物理类,本科批,6109,陕西科技大学,,首选物理，再选化学,511,21006,,,0,陕西,公办,0,0
重庆,2025,物理类,本科批,6110,西安工程大学,,首选物理，再选不限,546,34376,,,0,陕西,公办,0,0
重庆,2025,物理类,本科批,6110,西安工程大学,,首选物理，再选化学,516,24004,,,0,陕西,公办,0,0
重庆,2025,物理类,本科批,6111,陕西师范大学,,首选物理，再选不限,555,29783,,,0,陕西,公办,0,1
重庆,2025,物理类,本科批,6111,陕西师范大学,,首选物理，再选化学,556,10556,,,0,陕西,公办,0,1
重庆,2025,物理类,本科批,6111,陕西师范大学,,首选物理，再选地理,553,14988,,,0,陕西,公办,0,1
重庆,2025,物理类,本科批,6112,延安大学,,首选物理，再选不限,510,44108,,,8,陕西,公办,0,0
重庆,2025,物理类,本科批,6112,延安大学,,首选物理，再选化学,516,29783,,,16,陕西,公办,0,0
重庆,2025,物理类,本科批,6114,西安外国语大学,,首选物理，再选不限,502,27774,,,0,陕西,公办,0,0
重庆,2025,物理类,本科批,6114,西安外国语大学,,首选物理，再选化学,537,39422,,,0,陕西,公办,0,0
重庆,2025,物理类,本科批,6114,西安外国语大学,,首选物理，再选思想政治,518,50211,,,0,陕西,公办,0,0
重庆,2025,物理类,本科批,6115,西北政法大学,,首选物理，再选不限,561,19441,,,0,陕西,公办,0,0
重庆,2025,物理类,本科批,6119,西安培华学院,,首选物理，再选不限,424,76161,,,0,陕西,民办,0,0
重庆,2025,物理类,本科批,6119,西安培华学院,,首选物理，再选化学,470,60834,,,0,陕西,民办,0,0
重庆,2025,物理类,本科批,6120,西安邮电大学,,首选物理，再选化学,550,14293,,,0,陕西,公办,0,0
重庆,2025,物理类,本科批,6122,宝鸡文理学院,,首选物理，再选不限,490,63323,,,4,陕西,公办,0,0
重庆,2025,物理类,本科批,6122,宝鸡文理学院,,首选物理，再选地理,506,58277,,,2,陕西,公办,0,0
重庆,2025,物理类,本科批,6123,西北农林科技大学,,首选物理，再选不限,589,10859,,,0,陕西,公办,1,1
重庆,2025,物理类,本科批,6123,西北农林科技大学,,首选物理，再选化学,567,5565,,,0,陕西,公办,1,1
重庆,2025,物理类,本科批,6123,西北农林科技大学,,首选物理，再选化学、生物(2科必选),599,10026,,,0,陕西,公办,1,1
重庆,2025,物理类,本科批,6123,西北农林科技大学,,首选物理，再选地理,606,10026,,,0,陕西,公办,1,1
重庆,2025,物理类,本科批,6123,西北农林科技大学,,首选物理，再选生物,594,13602,,,0,陕西,公办,1,1
重庆,2025,物理类,本科批,6124,长安大学,,首选物理，再选不限,575,10859,,,0,陕西,公办,0,1
重庆,2025,物理类,本科批,6124,长安大学,,首选物理，再选化学,552,7131,,,0,陕西,公办,0,1
重庆,2025,物理类,本科批,6125,陕西理工大学,,首选物理，再选不限,516,51989,,,0,陕西,公办,0,0
重庆,2025,物理类,本科批,6125,陕西理工大学,,首选物理，再选化学,500,17490,,,0,陕西,公办,0,0
重庆,2025,物理类,本科批,6126,西安财经大学,,首选物理，再选不限,496,34938,,,0,陕西,公办,0,0
重庆,2025,物理类,本科批,6126,西安财经大学,,首选物理，再选化学,545,31257,,,0,陕西,公办,0,0
重庆,2025,物理类,本科批,6129,西安文理学院,,首选物理，再选化学,513,44108,,,0,陕西,公办,0,0
重庆,2025,物理类,本科批,6130,西安航空学院,,首选物理，再选化学,502,36058,,,0,陕西,公办,0,0
重庆,2025,物理类,本科批,6133,西安欧亚学院,,首选物理，再选不限,425,90739,,,0,陕西,民办,0,0
重庆,2025,物理类,本科批,6133,西安欧亚学院,,首选物理，再选化学,425,89678,,,0,陕西,民办,0,0
重庆,2025,物理类,本科批,6134,西安翻译学院,,首选物理，再选化学,425,85348,,,0,陕西,民办,0,0
重庆,2025,物理类,本科批,6135,西安外事学院,,首选物理，再选不限,454,89161,,,0,陕西,民办,0,0
重庆,2025,物理类,本科批,6135,西安外事学院,,首选物理，再选化学,432,81501,,,0,陕西,民办,0,0
重庆,2025,物理类,本科批,6136,西京学院,,首选物理，再选不限,450,78003,,,4,陕西,民办,0,0
重庆,2025,物理类,本科批,6136,西京学院,,首选物理，再选化学,434,84250,,,5,陕西,民办,0,0
重庆,2025,物理类,本科批,6142,西安思源学院,,首选物理，再选不限,464,83738,,,0,陕西,民办,0,0
重庆,2025,物理类,本科批,6142,西安思源学院,,首选物理，再选化学,473,78587,,,0,陕西,民办,0,0
重庆,2025,物理类,本科批,6142,西安思源学院,,首选物理，再选生物,464,83738,,,0,陕西,民办,0,0
重庆,2025,物理类,本科批,6143,陕西服装工程学院,,首选物理，再选不限,429,92792,,,0,陕西,民办,0,0
重庆,2025,物理类,本科批,6143,陕西服装工程学院,,首选物理，再选化学,425,95317,,,0,陕西,民办,0,0
重庆,2025,物理类,本科批,6144,陕西国际商贸学院,,首选物理，再选化学,425,72625,,,0,陕西,民办,0,0
重庆,2025,物理类,本科批,6148,陕西警察学院,,首选物理，再选不限,522,41740,,,0,陕西,公办,0,0
重庆,2025,物理类,本科批,6151,西安汽车职业大学,,首选物理，再选不限,425,82102,,,0,陕西,民办,0,0
重庆,2025,物理类,本科批,6152,陕西科技大学镐京学院,,首选物理，再选不限,425,90201,,,0,陕西,民办,0,0
重庆,2025,物理类,本科批,6152,陕西科技大学镐京学院,,首选物理，再选化学,425,76786,,,0,陕西,民办,0,0
重庆,2025,物理类,本科批,6156,西安医学院,,首选物理，再选化学,547,28271,,,0,陕西,公办,0,0
重庆,2025,物理类,本科批,6156,西安医学院,,首选物理，再选生物,542,36620,,,0,陕西,公办,0,0
重庆,2025,物理类,本科批,6158,西安工商学院,,首选物理，再选不限,452,90201,,,0,陕西,民办,0,0
重庆,2025,物理类,本科批,6158,西安工商学院,,首选物理，再选化学,428,84250,,,0,陕西,民办,0,0
重庆,2025,物理类,本科批,6159,咸阳师范学院,,首选物理，再选不限,508,56995,,,2,陕西,公办,0,0
重庆,2025,物理类,本科批,6159,咸阳师范学院,,首选物理，再选化学,526,45961,,,1,陕西,公办,0,0
重庆,2025,物理类,本科批,6161,西安建筑科技大学华清学院,,首选物理，再选不限,442,90739,,,0,陕西,民办,0,0
重庆,2025,物理类,本科批,6162,延安大学西安创新学院,,首选物理，再选不限,437,97772,,,0,陕西,民办,0,0
重庆,2025,物理类,本科批,6162,延安大学西安创新学院,,首选物理，再选化学,425,79189,,,0,陕西,民办,0,0
重庆,2025,物理类,本科批,6162,延安大学西安创新学院,,首选物理，再选化学、生物(2科必选),425,103219,,,0,陕西,民办,0,0
重庆,2025,物理类,本科批,6162,延安大学西安创新学院,,首选物理，再选生物,458,87032,,,0,陕西,民办,0,0
重庆,2025,物理类,本科批,6164,西北大学,,首选物理，再选不限,596,12962,,,0,陕西,公办,0,1
重庆,2025,物理类,本科批,6164,西北大学,,首选物理，再选化学,566,8129,,,0,陕西,公办,0,1
重庆,2025,物理类,本科批,6164,西北大学,,首选物理，再选地理,584,17147,,,0,陕西,公办,0,1
重庆,2025,物理类,本科批,6166,西安明德理工学院,,首选物理，再选不限,457,87578,,,0,陕西,民办,0,0
重庆,2025,物理类,本科批,6166,西安明德理工学院,,首选物理，再选化学,444,85348,,,0,陕西,民办,0,0
重庆,2025,物理类,本科批,6173,陕西中医药大学,,首选物理，再选不限,564,25339,,,0,陕西,公办,0,0
重庆,2025,物理类,本科批,6173,陕西中医药大学,,首选物理，再选化学,545,22294,,,0,陕西,公办,0,0
重庆,2025,物理类,本科批,6174,榆林学院,,首选物理，再选化学,498,61431,,,0,陕西,公办,0,0
重庆,2025,物理类,本科批,6175,安康学院,,首选物理，再选化学,496,52572,,,0,陕西,公办,0,0
重庆,2025,物理类,本科批,6180,西安科技大学高新学院,,首选物理，再选不限,425,103219,,,0,陕西,民办,0,0
重庆,2025,物理类,本科批,6180,西安科技大学高新学院,,首选物理，再选化学,425,103219,,,0,陕西,民办,0,0
重庆,2025,物理类,本科批,6182,西安信息职业大学,,首选物理，再选不限,449,75006,,,0,陕西,民办,0,0
重庆,2025,物理类,本科批,6184,商洛学院,,首选物理，再选不限,484,56392,,,0,陕西,公办,0,0
重庆,2025,物理类,本科批,6184,商洛学院,,首选物理，再选化学,503,57604,,,0,陕西,公办,0,0
重庆,2025,物理类,本科批,6184,商洛学院,,首选物理，再选生物,518,50814,,,0,陕西,公办,0,0
重庆,2025,物理类,本科批,6193,陕西学前师范学院,,首选物理，再选化学,488,57604,,,0,陕西,公办,0,0
重庆,2025,物理类,本科批,6194,西安交通工程学院,,首选物理，再选不限,425,95317,,,0,陕西,民办,0,0
重庆,2025,物理类,本科批,6194,西安交通工程学院,,首选物理，再选化学,443,83738,,,0,陕西,民办,0,0
重庆,2025,物理类,本科批,6201,兰州大学,,首选物理，再选不限,604,9189,,,0,甘肃,公办,1,1
重庆,2025,物理类,本科批,6201,兰州大学,,首选物理，再选化学,600,4544,,,0,甘肃,公办,1,1
重庆,2025,物理类,本科批,6202,兰州理工大学,,首选物理，再选不限,530,40611,,,0,甘肃,公办,0,0
重庆,2025,物理类,本科批,6202,兰州理工大学,,首选物理，再选化学,504,23571,,,0,甘肃,公办,0,0
重庆,2025,物理类,本科批,6203,兰州交通大学,,首选物理，再选不限,530,34938,,,0,甘肃,公办,0,0
重庆,2025,物理类,本科批,6203,兰州交通大学,,首选物理，再选化学,523,10556,,,0,甘肃,公办,0,0
重庆,2025,物理类,本科批,6203,兰州交通大学,,首选物理，再选地理,544,35519,,,0,甘肃,公办,0,0
重庆,2025,物理类,本科批,6204,天水师范大学,,首选物理，再选化学,492,60202,,,0,甘肃,公办,0,0
重庆,2025,物理类,本科批,6205,河西学院,,首选物理，再选不限,490,68311,,,0,甘肃,公办,0,0
重庆,2025,物理类,本科批,6205,河西学院,,首选物理，再选化学,486,53184,,,0,甘肃,公办,0,0
重庆,2025,物理类,本科批,6206,兰州财经大学,,首选物理，再选不限,503,42282,,,0,甘肃,公办,0,0
重庆,2025,物理类,本科批,6206,兰州财经大学,,首选物理，再选化学,521,42282,,,0,甘肃,公办,0,0
重庆,2025,物理类,本科批,6207,西北民族大学,,首选物理，再选不限,499,50814,,,0,甘肃,公办,0,0
重庆,2025,物理类,本科批,6207,西北民族大学,,首选物理，再选化学,498,44108,,,0,甘肃,公办,0,0
重庆,2025,物理类,本科批,6207,西北民族大学,,首选物理，再选化学、生物(2科必选),558,22723,,,0,甘肃,公办,0,0
重庆,2025,物理类,本科批,6208,甘肃政法大学,,首选物理，再选不限,507,23142,,,0,甘肃,公办,0,0
重庆,2025,物理类,本科批,6208,甘肃政法大学,,首选物理，再选化学,544,30286,,,0,甘肃,公办,0,0
重庆,2025,物理类,本科批,6211,兰州资源环境职业技术大学,,首选物理，再选不限,484,62078,,,0,甘肃,公办,0,0
重庆,2025,物理类,本科批,6215,兰州博文科技学院,,首选物理，再选化学,436,76786,,,0,甘肃,民办,0,0
重庆,2025,物理类,本科批,6216,甘肃农业大学,,首选物理，再选化学,502,55724,,,0,甘肃,公办,0,0
重庆,2025,物理类,本科批,6217,西北师范大学,,首选物理，再选不限,509,38835,,,0,甘肃,公办,0,0
重庆,2025,物理类,本科批,6217,西北师范大学,,首选物理，再选化学,502,30286,,,0,甘肃,公办,0,0
重庆,2025,物理类,本科批,6217,西北师范大学,,首选物理，再选地理,505,58929,,,0,甘肃,公办,0,0
重庆,2025,物理类,本科批,6218,陇南师范学院,,首选物理，再选化学,495,63946,,,0,甘肃,公办,0,0
重庆,2025,物理类,本科批,6219,陇东学院,,首选物理，再选不限,492,58929,,,0,甘肃,公办,0,0
重庆,2025,物理类,本科批,6219,陇东学院,,首选物理，再选化学,490,56995,,,0,甘肃,公办,0,0
重庆,2025,物理类,本科批,6219,陇东学院,,首选物理，再选化学、生物(2科必选),510,55724,,,0,甘肃,公办,0,0
重庆,2025,物理类,本科批,6220,兰州信息科技学院,,首选物理，再选不限,425,103219,,,0,甘肃,民办,0,0
重庆,2025,物理类,本科批,6220,兰州信息科技学院,,首选物理，再选化学,425,84831,,,0,甘肃,民办,0,0
重庆,2025,物理类,本科批,6221,兰州城市学院,,首选物理，再选化学,493,62675,,,0,甘肃,公办,0,0
重庆,2025,物理类,本科批,6222,甘肃中医药大学,,首选物理，再选不限,505,14988,,,0,甘肃,公办,0,0
重庆,2025,物理类,本科批,6222,甘肃中医药大学,,首选物理，再选化学,507,24885,,,0,甘肃,公办,0,0
重庆,2025,物理类,本科批,6223,甘肃林业职业技术大学,,首选物理，再选不限,484,70203,,,0,甘肃,公办,0,0
重庆,2025,物理类,本科批,6225,酒泉职业技术大学,,首选物理，再选不限,484,72040,,,0,甘肃,公办,0,0
重庆,2025,物理类,本科批,6227,兰州文理学院,,首选物理，再选化学,514,53184,,,0,甘肃,公办,0,0
重庆,2025,物理类,本科批,6229,甘肃医学院,,首选物理，再选化学,526,28751,,,0,甘肃,公办,0,0
重庆,2025,物理类,本科批,6233,甘肃民族师范学院,,首选物理，再选化学,499,62078,,,0,甘肃,公办,0,0
重庆,2025,物理类,本科批,6253,兰州石化职业技术大学,,首选物理，再选不限,505,45354,,,0,甘肃,公办,0,0
重庆,2025,物理类,本科批,6301,青海大学,,首选物理，再选不限,561,19056,,,0,青海,公办,0,1
重庆,2025,物理类,本科批,6301,青海大学,,首选物理，再选化学,549,11125,,,0,青海,公办,0,1
重庆,2025,物理类,本科批,6301,青海大学,,首选物理，再选化学、生物(2科必选),556,12651,,,0,青海,公办,0,1
重庆,2025,物理类,本科批,6302,青海民族大学,,首选物理，再选不限,506,29255,,,0,青海,公办,0,0
重庆,2025,物理类,本科批,6302,青海民族大学,,首选物理，再选化学,514,45354,,,0,青海,公办,0,0
重庆,2025,物理类,本科批,6302,青海民族大学,,首选物理，再选地理,471,79745,,,0,青海,公办,0,0
重庆,2025,物理类,本科批,6304,青海师范大学,,首选物理，再选化学,511,39989,,,0,青海,公办,0,0
重庆,2025,物理类,本科批,6304,青海师范大学,,首选物理，再选地理,526,34938,,,0,青海,公办,0,0
重庆,2025,物理类,本科批,6313,青海理工学院,,首选物理，再选不限,496,63323,,,0,青海,公办,0,0
重庆,2025,物理类,本科批,6313,青海理工学院,,首选物理，再选化学,492,55069,,,0,青海,公办,0,0
重庆,2025,物理类,本科批,6401,宁夏大学,,首选物理，再选不限,556,29255,,,0,宁夏,公办,0,1
重庆,2025,物理类,本科批,6401,宁夏大学,,首选物理，再选化学,527,13949,,,0,宁夏,公办,0,1
重庆,2025,物理类,本科批,6402,宁夏医科大学,,首选物理，再选化学,502,12651,,,0,宁夏,公办,0,0
重庆,2025,物理类,本科批,6403,北方民族大学,,首选物理，再选不限,498,41158,,,0,宁夏,公办,0,0
重庆,2025,物理类,本科批,6403,北方民族大学,,首选物理，再选化学,496,37736,,,0,宁夏,公办,0,0
重庆,2025,物理类,本科批,6403,北方民族大学,,首选物理，再选思想政治,508,56995,,,0,宁夏,公办,0,0
重庆,2025,物理类,本科批,6404,宁夏师范大学,,首选物理，再选不限,499,62675,,,3,宁夏,公办,0,0
重庆,2025,物理类,本科批,6404,宁夏师范大学,,首选物理，再选化学,509,55069,,,5,宁夏,公办,0,0
重庆,2025,物理类,本科批,6405,宁夏理工学院,,首选物理，再选不限,454,89161,,,0,宁夏,民办,0,0
重庆,2025,物理类,本科批,6405,宁夏理工学院,,首选物理，再选化学,436,76161,,,0,宁夏,民办,0,0
重庆,2025,物理类,本科批,6408,宁夏大学新华学院,,首选物理，再选化学,441,88620,,,0,宁夏,民办,0,0
重庆,2025,物理类,本科批,6412,银川科技学院,,首选物理，再选化学,448,85897,,,0,宁夏,民办,0,0
重庆,2025,物理类,本科批,6501,新疆大学,,首选物理，再选不限,535,31257,,,0,新疆,公办,0,1
重庆,2025,物理类,本科批,6501,新疆大学,,首选物理，再选化学,530,14293,,,0,新疆,公办,0,1
重庆,2025,物理类,本科批,6501,新疆大学,,首选物理，再选地理,559,27774,,,0,新疆,公办,0,1
重庆,2025,物理类,本科批,6502,新疆农业大学,,首选物理，再选不限,485,63946,,,0,新疆,公办,0,0
重庆,2025,物理类,本科批,6502,新疆农业大学,,首选物理，再选化学,479,47737,,,0,新疆,公办,0,0
重庆,2025,物理类,本科批,6503,石河子大学,,首选物理，再选不限,539,27774,,,0,新疆,公办,0,1
重庆,2025,物理类,本科批,6503,石河子大学,,首选物理，再选化学,533,15673,,,0,新疆,公办,0,1
重庆,2025,物理类,本科批,6503,石河子大学,,首选物理，再选化学、生物(2科必选),543,36058,,,0,新疆,公办,0,1
重庆,2025,物理类,本科批,6503,石河子大学,,首选物理，再选地理,533,33312,,,0,新疆,公办,0,1
重庆,2025,物理类,本科批,6503,石河子大学,,首选物理，再选生物,529,44108,,,0,新疆,公办,0,1
重庆,2025,物理类,本科批,6504,新疆师范大学,,首选物理，再选不限,486,48378,,,0,新疆,公办,0,0
重庆,2025,物理类,本科批,6504,新疆师范大学,,首选物理，再选化学,485,44108,,,0,新疆,公办,0,0
重庆,2025,物理类,本科批,6504,新疆师范大学,,首选物理，再选地理,492,50211,,,0,新疆,公办,0,0
重庆,2025,物理类,本科批,6504,新疆师范大学,,首选物理，再选思想政治,498,63323,,,0,新疆,公办,0,0
重庆,2025,物理类,本科批,6505,伊犁师范大学,,首选物理，再选不限,486,55724,,,0,新疆,公办,0,0
重庆,2025,物理类,本科批,6505,伊犁师范大学,,首选物理，再选化学,481,62078,,,0,新疆,公办,0,0
重庆,2025,物理类,本科批,6505,伊犁师范大学,,首选物理，再选地理,490,63323,,,0,新疆,公办,0,0
重庆,2025,物理类,本科批,6505,伊犁师范大学,,首选物理，再选生物,487,70203,,,0,新疆,公办,0,0
重庆,2025,物理类,本科批,6506,新疆财经大学,,首选物理，再选不限,487,44108,,,0,新疆,公办,0,0
重庆,2025,物理类,本科批,6506,新疆财经大学,,首选物理，再选化学,494,45354,,,0,新疆,公办,0,0
重庆,2025,物理类,本科批,6506,新疆财经大学,,首选物理，再选思想政治,493,48378,,,0,新疆,公办,0,0
重庆,2025,物理类,本科批,6507,新疆科技学院,,首选物理，再选不限,479,64536,,,0,新疆,公办,0,0
重庆,2025,物理类,本科批,6507,新疆科技学院,,首选物理，再选化学,483,62078,,,0,新疆,公办,0,0
重庆,2025,物理类,本科批,6507,新疆科技学院,,首选物理，再选化学、生物(2科必选),484,72040,,,0,新疆,公办,0,0
重庆,2025,物理类,本科批,6507,新疆科技学院,,首选物理，再选生物,508,56995,,,0,新疆,公办,0,0
重庆,2025,物理类,本科批,6508,新疆理工学院,,首选物理，再选不限,478,60202,,,0,新疆,公办,0,0
重庆,2025,物理类,本科批,6508,新疆理工学院,,首选物理，再选化学,482,57604,,,0,新疆,公办,0,0
重庆,2025,物理类,本科批,6509,新疆工业学院,,首选物理，再选不限,483,72040,,,0,新疆,公办,0,0
重庆,2025,物理类,本科批,6509,新疆工业学院,,首选物理，再选化学,481,62675,,,0,新疆,公办,0,0
重庆,2025,物理类,本科批,6510,新疆第二医学院,,首选物理，再选化学,507,57604,,,0,新疆,公办,0,0
重庆,2025,物理类,本科批,6510,新疆第二医学院,,首选物理，再选化学、生物(2科必选),492,34938,,,0,新疆,公办,0,0
重庆,2025,物理类,本科批,6510,新疆第二医学院,,首选物理，再选生物、思想政治(2科必选),484,72040,,,0,新疆,公办,0,0
重庆,2025,物理类,本科批,6512,新疆工程学院,,首选物理，再选不限,487,69571,,,0,新疆,公办,0,0
重庆,2025,物理类,本科批,6512,新疆工程学院,,首选物理，再选化学,482,54412,,,0,新疆,公办,0,0
重庆,2025,物理类,本科批,6513,乌鲁木齐职业大学,,首选物理，再选不限,481,72625,,,0,新疆,公办,0,0
重庆,2025,物理类,本科批,6514,新疆农业职业技术大学,,首选物理，再选不限,477,71425,,,0,新疆,公办,0,0
重庆,2025,物理类,本科批,6520,新疆天山职业技术大学,,首选物理，再选不限,446,76161,,,0,新疆,民办,0,0
重庆,2025,物理类,本科批,6522,新疆政法学院,,首选物理，再选不限,483,45961,,,0,新疆,公办,0,0
重庆,2025,物理类,本科批,6522,新疆政法学院,,首选物理，再选化学,486,62675,,,0,新疆,公办,0,0
重庆,2025,物理类,本科批,6522,新疆政法学院,,首选物理，再选思想政治,498,53788,,,0,新疆,公办,0,0
重庆,2025,物理类,本科批,6523,新疆医科大学,,首选物理，再选不限,542,36620,,,0,新疆,公办,0,0
重庆,2025,物理类,本科批,6523,新疆医科大学,,首选物理，再选化学,510,21006,,,0,新疆,公办,0,0
重庆,2025,物理类,本科批,6523,新疆医科大学,,首选物理，再选化学、生物(2科必选),519,12327,,,0,新疆,公办,0,0
重庆,2025,物理类,本科批,6524,喀什大学,,首选物理，再选不限,483,51989,,,0,新疆,公办,0,0
重庆,2025,物理类,本科批,6524,喀什大学,,首选物理，再选化学,485,48378,,,0,新疆,公办,0,0
重庆,2025,物理类,本科批,6524,喀什大学,,首选物理，再选地理,512,54412,,,0,新疆,公办,0,0
重庆,2025,物理类,本科批,6524,喀什大学,,首选物理，再选思想政治,489,68964,,,0,新疆,公办,0,0
重庆,2025,物理类,本科批,6524,喀什大学,,首选物理，再选生物,513,53788,,,0,新疆,公办,0,0
重庆,2025,物理类,本科批,6525,昌吉学院,,首选物理，再选不限,486,67042,,,0,新疆,公办,0,0
重庆,2025,物理类,本科批,6525,昌吉学院,,首选物理，再选化学,485,67694,,,0,新疆,公办,0,0
重庆,2025,物理类,本科批,6526,塔里木大学,,首选物理，再选不限,489,68964,,,0,新疆,公办,0,0
重庆,2025,物理类,本科批,6526,塔里木大学,,首选物理，再选化学,486,51989,,,0,新疆,公办,0,0
重庆,2025,物理类,本科批,6526,塔里木大学,,首选物理，再选生物,487,70203,,,0,新疆,公办,0,0
重庆,2025,物理类,本科批,6527,新疆艺术学院,,首选物理，再选不限,485,70780,,,0,新疆,公办,0,0
重庆,2025,物理类,本科批,6536,新疆警察学院,,首选物理，再选不限,519,50211,,,0,新疆,公办,0,0
重庆,2025,物理类,本科批,6536,新疆警察学院,,首选物理，再选化学,521,44108,,,0,新疆,公办,0,0
重庆,2025,物理类,本科批,6537,中国石油大学（北京）克拉玛依校区,,首选物理，再选不限,557,28751,,,0,新疆,公办,0,1
重庆,2025,物理类,本科批,6537,中国石油大学（北京）克拉玛依校区,,首选物理，再选化学,561,16401,,,0,新疆,公办,0,1
重庆,2025,物理类,本科批,6543,新疆和田学院,,首选物理，再选不限,481,60834,,,0,新疆,公办,0,0
重庆,2025,物理类,本科批,6543,新疆和田学院,,首选物理，再选化学,478,64536,,,0,新疆,公办,0,0
重庆,2025,物理类,本科批,,上海财经大学浙江学院,,首选物理，再选不限,489,60834,,,0,浙江,民办,0,0
重庆,2025,物理类,本科批,,中国人民大学,,首选物理，再选不限,669,516,,,0,北京,公办,1,1
重庆,2025,物理类,本科批,,中国人民大学,,首选物理，再选化学,672,305,,,0,北京,公办,1,1
重庆,2025,物理类,本科批,,中国人民大学（苏州校区）,,首选物理，再选不限,633,2592,,,0,江苏,公办,1,1
重庆,2025,物理类,本科批,,中国人民大学（苏州校区）,,首选物理，再选化学,655,1315,,,0,江苏,公办,1,1
重庆,2025,物理类,本科批,,中国矿业大学,,首选物理，再选不限,596,11420,,,0,江苏,公办,0,1
重庆,2025,物理类,本科批,,中国矿业大学,,首选物理，再选化学,544,7630,,,0,江苏,公办,0,1
重庆,2025,物理类,本科批,,北京中医药大学东方学院,,首选物理，再选不限,467,44745,,,0,河北,民办,0,0
重庆,2025,物理类,本科批,,北京中医药大学东方学院,,首选物理，再选化学,479,51374,,,0,河北,民办,0,0
重庆,2025,物理类,本科批,,北京中医药大学东方学院,,首选物理，再选生物,502,60834,,,0,河北,民办,0,0
重庆,2025,物理类,本科批,,北京师范大学,,首选物理，再选不限,634,3304,,,0,北京,公办,1,1
重庆,2025,物理类,本科批,,北京师范大学,,首选物理，再选化学,638,1540,,,0,北京,公办,1,1
重庆,2025,物理类,本科批,,南京理工大学泰州科技学院,,首选物理，再选化学,474,78003,,,0,江苏,民办,0,0
重庆,2025,物理类,本科批,,南京理工大学紫金学院,,首选物理，再选不限,478,68311,,,0,江苏,民办,0,0
重庆,2025,物理类,本科批,,南京理工大学紫金学院,,首选物理，再选化学,484,19056,,,0,江苏,民办,0,0
重庆,2025,物理类,本科批,,南京财经大学红山学院,,首选物理，再选不限,466,60834,,,0,江苏,民办,0,0
重庆,2025,物理类,本科批,,南通大学杏林学院,,首选物理，再选化学,458,81501,,,0,江苏,民办,0,0
重庆,2025,物理类,本科批,,南通理工学院,,首选物理，再选不限,425,90739,,,0,江苏,民办,0,0
重庆,2025,物理类,本科批,,南通理工学院,,首选物理，再选化学,425,80906,,,0,江苏,民办,0,0
重庆,2025,物理类,本科批,,四川电影电视学院,,首选物理，再选不限,469,79189,,,0,四川,民办,0,0
重庆,2025,物理类,本科批,,四川电影电视学院,,首选物理，再选化学,484,72040,,,0,四川,民办,0,0
重庆,2025,物理类,本科批,,山东农业工程学院,,首选物理，再选不限,489,56995,,,0,山东,公办,0,0
重庆,2025,物理类,本科批,,山东女子学院,,首选物理，再选不限,488,60834,,,0,山东,公办,0,0
重庆,2025,物理类,本科批,,山东女子学院,,首选物理，再选化学,495,60202,,,0,山东,公办,0,0
重庆,2025,物理类,本科批,,常州大学怀德学院,,首选物理，再选化学,468,76161,,,0,江苏,民办,0,0
重庆,2025,物理类,本科批,,扬州大学广陵学院,,首选物理，再选不限,471,65119,,,0,江苏,民办,0,0
重庆,2025,物理类,本科批,,扬州大学广陵学院,,首选物理，再选化学,481,65772,,,0,江苏,民办,0,0
重庆,2025,物理类,本科批,,武汉工程大学邮电与信息工程学院,,首选物理，再选化学,450,75006,,,0,湖北,民办,0,0
重庆,2025,物理类,本科批,,江苏第二师范学院,,首选物理，再选化学,520,46560,,,0,江苏,公办,0,0
重庆,2025,物理类,本科批,,江苏第二师范学院,,首选物理，再选地理,511,55069,,,0,江苏,公办,0,0
重庆,2025,物理类,本科批,,江西飞行学院,,首选物理，再选不限,485,60834,,,0,江西,公办,0,0
重庆,2025,物理类,本科批,,江西飞行学院,,首选物理，再选化学,495,53184,,,0,江西,公办,0,0
重庆,2025,物理类,本科批,,河北工业职业技术大学,,首选物理，再选不限,484,60834,,,0,河北,公办,0,0
重庆,2025,物理类,本科批,,河北工业职业技术大学,,首选物理，再选化学,490,68311,,,0,河北,公办,0,0
重庆,2025,物理类,本科批,,河北石油职业技术大学,,首选物理，再选不限,485,62078,,,0,河北,公办,0,0
重庆,2025,物理类,本科批,,河北科技工程职业技术大学,,首选物理，再选不限,496,61431,,,0,河北,公办,0,0
重庆,2025,物理类,本科批,,泰山科技学院,,首选物理，再选不限,425,89161,,,0,山东,民办,0,0
重庆,2025,物理类,本科批,,泰山科技学院,,首选物理，再选化学,425,103219,,,0,山东,民办,0,0
重庆,2025,物理类,本科批,,深圳技术大学,,首选物理，再选化学,598,9740,,,0,广东,公办,0,0
重庆,2025,物理类,本科批,,湖北医药学院药护学院,,首选物理，再选化学,470,48947,,,0,湖北,民办,0,0
重庆,2025,物理类,本科批,,湖北经济学院法商学院,,首选物理，再选不限,471,73224,,,0,湖北,民办,0,0
重庆,2025,物理类,本科批,,湖南交通工程学院,,首选物理，再选不限,425,103219,,,0,湖南,民办,0,0
重庆,2025,物理类,本科批,,湖南交通工程学院,,首选物理，再选化学,425,87578,,,0,湖南,民办,0,0
重庆,2025,物理类,本科批,,烟台南山学院,,首选物理，再选化学,452,78003,,,0,山东,民办,0,0
重庆,2025,物理类,本科批,,烟台科技学院,,首选物理，再选化学,454,80906,,,0,山东,民办,0,0
重庆,2025,物理类,本科批,,燕京理工学院,,首选物理，再选不限,467,75006,,,0,河北,民办,0,0
重庆,2025,物理类,本科批,,燕京理工学院,,首选物理，再选化学,482,62078,,,0,河北,民办,0,0
重庆,2025,物理类,本科批,,燕京理工学院,,首选物理，再选生物,489,68964,,,0,河北,民办,0,0
重庆,2025,物理类,本科批,,肇庆医学院,,首选物理，再选化学,514,21426,,,0,广东,公办,0,0
重庆,2025,物理类,本科批,,苏州城市学院,,首选物理，再选化学,522,45961,,,15,江苏,公办,0,0
重庆,2025,物理类,本科批,,苏州大学应用技术学院,,首选物理，再选化学,476,70203,,,0,江苏,民办,0,0
重庆,2025,物理类,本科批,,西南交通大学希望学院,,首选物理，再选不限,483,72040,,,0,四川,民办,0,0
重庆,2025,物理类,本科批,,西南交通大学希望学院,,首选物理，再选化学,473,32260,,,0,四川,民办,0,0
重庆,2025,物理类,本科批,,西湖大学,,首选物理，再选化学,669,516,,,0,浙江,民办,0,0
重庆,2025,物理类,本科批,,郑州西亚斯学院,,首选物理，再选化学,472,77404,,,0,河南,民办,0,0
重庆,2025,物理类,本科批,,重庆医科大学莱斯特大学联合学院,,首选物理，再选化学,514,19056,,,0,重庆,中外合作办学,0,0
重庆,2025,物理类,本科批,,重庆移通学院德国工程学院,,首选物理，再选不限,425,103219,,,0,重庆,中外合作办学,0,0
重庆,2025,物理类,本科批,,重庆移通学院德国工程学院,,首选物理，再选化学,425,103219,,,0,重庆,中外合作办学,0,0
重庆,2025,物理类,本科批,,长江大学文理学院,,首选物理，再选化学,465,83220,,,0,湖北,民办,0,0
重庆,2025,物理类,本科提前批A段,1130,中国人民公安大学,,首选物理，再选化学,627,305,,,0,北京,公办,0,0
重庆,2025,物理类,本科提前批A段,1130,中国人民公安大学,,首选物理，再选思想政治,620,3585,,,0,北京,公办,0,0
重庆,2025,物理类,本科提前批A段,1144,中国消防救援学院,,首选物理，再选化学,573,16058,,,0,北京,公办,0,0
重庆,2025,物理类,本科提前批A段,2122,中国刑事警察学院,,首选物理，再选化学,609,3447,,,10,辽宁,公办,0,0
重庆,2025,物理类,本科提前批A段,2122,中国刑事警察学院,,首选物理，再选思想政治,616,4393,,,2,辽宁,公办,0,0
重庆,2025,物理类,本科提前批A段,4223,中南财经政法大学,,首选物理，再选思想政治,519,50211,,,0,湖北,公办,0,1
重庆,2025,物理类,本科提前批A段,5014,中国人民解放军陆军军医大学,,首选物理，再选不限,579,19056,,,0,重庆,公办,0,0
重庆,2025,物理类,本科提前批A段,5014,中国人民解放军陆军军医大学,,首选物理，再选化学,577,1027,,,0,重庆,公办,0,0
重庆,2025,物理类,本科提前批A段,5128,武警警官学院,,首选物理，再选不限,565,13949,,,0,四川,公办,0,0
重庆,2025,物理类,本科提前批A段,5128,武警警官学院,,首选物理，再选化学,594,13602,,,0,四川,公办,0,0
重庆,2025,物理类,本科提前批B段,1108,北京科技大学,,首选物理，再选化学,579,12651,,,9,北京,公办,0,1
重庆,2025,物理类,本科提前批B段,1110,北京化工大学,,首选物理，再选化学,598,9740,,,0,北京,公办,0,1
重庆,2025,物理类,本科提前批B段,1112,北京邮电大学,,首选物理，再选不限,621,3902,,,6,北京,公办,0,1
重庆,2025,物理类,本科提前批B段,1112,北京邮电大学,,首选物理，再选化学,638,2715,,,5,北京,公办,0,1
重庆,2025,物理类,本科提前批B段,1117,北京林业大学,,首选物理，再选不限,572,21842,,,0,北京,公办,0,1
重庆,2025,物理类,本科提前批B段,1117,北京林业大学,,首选物理，再选化学,561,17147,,,0,北京,公办,0,1
重庆,2025,物理类,本科提前批B段,1117,北京林业大学,,首选物理，再选生物,577,19815,,,0,北京,公办,0,1
重庆,2025,物理类,本科提前批B段,1118,北京中医药大学,,首选物理，再选不限,620,6407,,,0,北京,公办,0,1
重庆,2025,物理类,本科提前批B段,1118,北京中医药大学,,首选物理，再选化学,584,5354,,,0,北京,公办,0,1
重庆,2025,物理类,本科提前批B段,1125,中国传媒大学,,首选物理，再选不限,575,20633,,,0,北京,公办,0,1
重庆,2025,物理类,本科提前批B段,1125,中国传媒大学,,首选物理，再选化学,609,7362,,,0,北京,公办,0,1
重庆,2025,物理类,本科提前批B段,1126,中央财经大学,,首选物理，再选不限,563,11420,,,0,北京,公办,0,1
重庆,2025,物理类,本科提前批B段,1127,对外经济贸易大学,,首选物理，再选不限,600,4748,,,0,北京,公办,0,1
重庆,2025,物理类,本科提前批B段,1129,外交学院,,首选物理，再选不限,630,4393,,,0,北京,公办,0,0
重庆,2025,物理类,本科提前批B段,1129,外交学院,,首选物理，再选思想政治,615,7630,,,0,北京,公办,0,0
重庆,2025,物理类,本科提前批B段,1140,中央民族大学,,首选物理，再选化学,603,7630,,,0,北京,公办,1,1
重庆,2025,物理类,本科提前批B段,1145,中国矿业大学（北京）,,首选物理，再选化学,528,17147,,,0,北京,公办,0,1
重庆,2025,物理类,本科提前批B段,1147,中国地质大学（北京）,,首选物理，再选化学,577,12651,,,0,北京,公办,0,1
重庆,2025,物理类,本科提前批B段,1152,北京工商大学,,首选物理，再选化学,570,22294,,,0,北京,公办,0,0
重庆,2025,物理类,本科提前批B段,1186,北京工业大学,,首选物理，再选化学,569,20633,,,0,北京,公办,0,1
重庆,2025,物理类,本科提前批B段,1198,北京建筑大学,,首选物理，再选不限,563,25811,,,0,北京,公办,0,0
重庆,2025,物理类,本科提前批B段,1198,北京建筑大学,,首选物理，再选化学,540,13602,,,0,北京,公办,0,0
重庆,2025,物理类,本科提前批B段,1204,天津工业大学,,首选物理，再选不限,548,33312,,,0,天津,公办,0,0
重庆,2025,物理类,本科提前批B段,1204,天津工业大学,,首选物理，再选化学,557,28751,,,0,天津,公办,0,0
重庆,2025,物理类,本科提前批B段,1205,中国民航大学,,首选物理，再选化学,579,17853,,,0,天津,公办,0,0
重庆,2025,物理类,本科提前批B段,1236,天津师范大学,,首选物理，再选不限,524,24004,,,0,天津,公办,0,0
重庆,2025,物理类,本科提前批B段,2104,沈阳理工大学,,首选物理，再选化学,564,25339,,,0,辽宁,公办,0,0
重庆,2025,物理类,本科提前批B段,2108,辽宁石油化工大学,,首选物理，再选化学,570,22723,,,2,辽宁,公办,0,0
重庆,2025,物理类,本科提前批B段,2111,大连海事大学,,首选物理，再选不限,546,21006,,,0,辽宁,公办,0,1
重庆,2025,物理类,本科提前批B段,2111,大连海事大学,,首选物理，再选化学,569,14652,,,0,辽宁,公办,0,1
重庆,2025,物理类,本科提前批B段,2113,沈阳建筑大学,,首选物理，再选化学,534,25339,,,0,辽宁,公办,0,0
重庆,2025,物理类,本科提前批B段,2115,沈阳农业大学,,首选物理，再选化学,534,41158,,,0,辽宁,公办,0,0
重庆,2025,物理类,本科提前批B段,2118,大连医科大学,,首选物理，再选不限,517,51374,,,0,辽宁,公办,0,0
重庆,2025,物理类,本科提前批B段,2118,大连医科大学,,首选物理，再选化学,540,37736,,,0,辽宁,公办,0,0
重庆,2025,物理类,本科提前批B段,2166,大连大学,,首选物理，再选不限,566,24396,,,1,辽宁,公办,0,0
重庆,2025,物理类,本科提前批B段,2201,吉林大学,,首选物理，再选不限,601,11125,,,0,吉林,公办,1,1
重庆,2025,物理类,本科提前批B段,2201,吉林大学,,首选物理，再选化学,576,3585,,,0,吉林,公办,1,1
重庆,2025,物理类,本科提前批B段,2201,吉林大学,,首选物理，再选思想政治,578,19441,,,0,吉林,公办,1,1
重庆,2025,物理类,本科提前批B段,2208,东北师范大学,,首选物理，再选不限,577,4748,,,0,吉林,公办,0,1
重庆,2025,物理类,本科提前批B段,2208,东北师范大学,,首选物理，再选化学,622,4393,,,0,吉林,公办,0,1
重庆,2025,物理类,本科提前批B段,2301,黑龙江大学,,首选物理，再选不限,535,37188,,,0,黑龙江,公办,0,0
重庆,2025,物理类,本科提前批B段,2301,黑龙江大学,,首选物理，再选化学,565,24885,,,0,黑龙江,公办,0,0
重庆,2025,物理类,本科提前批B段,2307,东北农业大学,,首选物理，再选化学,571,22294,,,0,黑龙江,公办,0,1
重庆,2025,物理类,本科提前批B段,2307,东北农业大学,,首选物理，再选生物,551,31746,,,0,黑龙江,公办,0,1
重庆,2025,物理类,本科提前批B段,2308,东北林业大学,,首选物理，再选不限,537,28271,,,0,黑龙江,公办,0,1
重庆,2025,物理类,本科提前批B段,2308,东北林业大学,,首选物理，再选化学,555,14988,,,0,黑龙江,公办,0,1
重庆,2025,物理类,本科提前批B段,2315,哈尔滨理工大学,,首选物理，再选化学,561,15673,,,0,黑龙江,公办,0,0
重庆,2025,物理类,本科提前批B段,3104,华东理工大学,,首选物理，再选化学,590,6864,,,0,上海,公办,0,1
重庆,2025,物理类,本科提前批B段,3110,华东师范大学,,首选物理，再选化学,615,1164,,,0,上海,公办,1,1
重庆,2025,物理类,本科提前批B段,3113,上海财经大学,,首选物理，再选不限,596,5983,,,0,上海,公办,0,1
重庆,2025,物理类,本科提前批B段,3113,上海财经大学,,首选物理，再选化学,626,4220,,,0,上海,公办,0,1
重庆,2025,物理类,本科提前批B段,3114,上海对外经贸大学,,首选物理，再选化学,569,23142,,,0,上海,公办,0,0
重庆,2025,物理类,本科提前批B段,3132,上海海洋大学,,首选物理，再选化学,553,30770,,,0,上海,公办,0,0
重庆,2025,物理类,本科提前批B段,3205,南京理工大学,,首选物理，再选化学,571,9740,,,0,江苏,公办,0,1
重庆,2025,物理类,本科提前批B段,3208,南京工业大学,,首选物理，再选化学,541,19441,,,10,江苏,公办,0,0
重庆,2025,物理类,本科提前批B段,3210,南京邮电大学,,首选物理，再选不限,588,12652,,,0,江苏,公办,0,0
重庆,2025,物理类,本科提前批B段,3210,南京邮电大学,,首选物理，再选化学,575,20248,,,0,江苏,公办,0,0
重庆,2025,物理类,本科提前批B段,3213,江南大学,,首选物理，再选不限,587,15674,,,2,江苏,公办,0,1
重庆,2025,物理类,本科提前批B段,3213,江南大学,,首选物理，再选化学,574,10294,,,12,江苏,公办,0,1
重庆,2025,物理类,本科提前批B段,3213,江南大学,,首选物理，再选生物,560,26801,,,2,江苏,公办,0,1
重庆,2025,物理类,本科提前批B段,3215,江苏大学,,首选物理，再选化学,558,21426,,,9,江苏,公办,0,0
重庆,2025,物理类,本科提前批B段,3216,南京信息工程大学,,首选物理，再选化学,563,22723,,,0,江苏,公办,0,0
重庆,2025,物理类,本科提前批B段,3249,南京师范大学,,首选物理，再选不限,576,20247,,,0,江苏,公办,0,1
重庆,2025,物理类,本科提前批B段,3249,南京师范大学,,首选物理，再选化学,567,11125,,,0,江苏,公办,0,1
重庆,2025,物理类,本科提前批B段,3249,南京师范大学,,首选物理，再选地理,577,19815,,,0,江苏,公办,0,1
重庆,2025,物理类,本科提前批B段,3251,扬州大学,,首选物理，再选不限,547,33846,,,0,江苏,公办,0,0
重庆,2025,物理类,本科提前批B段,3251,扬州大学,,首选物理，再选化学,539,19441,,,0,江苏,公办,0,0
重庆,2025,物理类,本科提前批B段,3306,杭州师范大学,,首选物理，再选不限,536,31257,,,12,浙江,公办,0,0
重庆,2025,物理类,本科提前批B段,3312,宁波大学,,首选物理，再选化学,539,38272,,,0,浙江,公办,0,0
重庆,2025,物理类,本科提前批B段,3335,浙江海洋大学,,首选物理，再选化学,544,33312,,,0,浙江,公办,0,0
重庆,2025,物理类,本科提前批B段,3501,厦门大学,,首选物理，再选不限,618,6864,,,0,福建,公办,1,1
重庆,2025,物理类,本科提前批B段,3501,厦门大学,,首选物理，再选化学,629,4055,,,0,福建,公办,1,1
重庆,2025,物理类,本科提前批B段,3510,集美大学,,首选物理，再选不限,534,41158,,,2,福建,公办,0,0
重庆,2025,物理类,本科提前批B段,3510,集美大学,,首选物理，再选化学,549,24004,,,18,福建,公办,0,0
重庆,2025,物理类,本科提前批B段,3510,集美大学,,首选物理，再选化学、生物(2科必选),541,37188,,,2,福建,公办,0,0
重庆,2025,物理类,本科提前批B段,3701,山东大学,,首选物理，再选化学,597,4946,,,0,山东,公办,1,1
重庆,2025,物理类,本科提前批B段,3702,中国海洋大学,,首选物理，再选化学,589,6202,,,0,山东,公办,1,1
重庆,2025,物理类,本科提前批B段,3703,中国石油大学（华东）,,首选物理，再选化学,582,10026,,,0,山东,公办,0,1
重庆,2025,物理类,本科提前批B段,3704,哈尔滨工业大学（威海）,,首选物理，再选化学,637,2871,,,0,山东,公办,1,1
重庆,2025,物理类,本科提前批B段,3718,山东大学（威海）,,首选物理，再选不限,593,13949,,,0,山东,公办,1,1
重庆,2025,物理类,本科提前批B段,3718,山东大学（威海）,,首选物理，再选化学,593,4220,,,0,山东,公办,1,1
重庆,2025,物理类,本科提前批B段,3739,山东理工大学,,首选物理，再选化学,558,28271,,,0,山东,公办,0,0
重庆,2025,物理类,本科提前批B段,3740,山东师范大学,,首选物理，再选不限,538,24885,,,0,山东,公办,0,0
重庆,2025,物理类,本科提前批B段,3740,山东师范大学,,首选物理，再选化学,535,14652,,,0,山东,公办,0,0
重庆,2025,物理类,本科提前批B段,3740,山东师范大学,,首选物理，再选地理,546,34376,,,0,山东,公办,0,0
重庆,2025,物理类,本科提前批B段,4203,中国地质大学（武汉）,,首选物理，再选化学,558,8898,,,0,湖北,公办,0,1
重庆,2025,物理类,本科提前批B段,4208,华中师范大学,,首选物理，再选不限,562,2871,,,0,湖北,公办,0,1
重庆,2025,物理类,本科提前批B段,4208,华中师范大学,,首选物理，再选化学,595,3304,,,0,湖北,公办,0,1
重庆,2025,物理类,本科提前批B段,4208,华中师范大学,,首选物理，再选地理,631,4220,,,0,湖北,公办,0,1
重庆,2025,物理类,本科提前批B段,4223,中南财经政法大学,,首选物理，再选不限,558,8129,,,0,湖北,公办,0,1
重庆,2025,物理类,本科提前批B段,4417,广州航海学院,,首选物理，再选化学,523,27774,,,13,广东,公办,0,0
重庆,2025,物理类,本科提前批B段,4489,哈尔滨工业大学（深圳）,,首选物理，再选化学,657,1164,,,0,广东,公办,1,1
重庆,2025,物理类,本科提前批B段,4527,广西大学,,首选物理，再选化学,560,12327,,,0,广西,公办,0,1
重庆,2025,物理类,本科提前批B段,4544,北部湾大学,,首选物理，再选化学,521,48378,,,0,广西,公办,0,0
重庆,2025,物理类,本科提前批B段,4603,海南热带海洋学院,,首选物理，再选化学,520,49565,,,0,海南,公办,0,0
重庆,2025,物理类,本科提前批B段,5003,重庆交通大学,,首选物理，再选不限,520,30286,,,0,重庆,公办,0,0
重庆,2025,物理类,本科提前批B段,5003,重庆交通大学,,首选物理，再选化学,518,20247,,,0,重庆,公办,0,0
重庆,2025,物理类,本科提前批B段,5005,重庆医科大学,,首选物理，再选化学,551,5983,,,0,重庆,公办,0,0
重庆,2025,物理类,本科提前批B段,5006,西南大学,,首选物理，再选不限,562,3733,,,0,重庆,公办,0,1
重庆,2025,物理类,本科提前批B段,5006,西南大学,,首选物理，再选化学,557,4220,,,0,重庆,公办,0,1
重庆,2025,物理类,本科提前批B段,5006,西南大学,,首选物理，再选化学、生物(2科必选),626,5142,,,0,重庆,公办,0,1
重庆,2025,物理类,本科提前批B段,5006,西南大学,,首选物理，再选地理,597,6407,,,0,重庆,公办,0,1
重庆,2025,物理类,本科提前批B段,5006,西南大学,,首选物理，再选思想政治,598,5983,,,0,重庆,公办,0,1
重庆,2025,物理类,本科提前批B段,5006,西南大学,,首选物理，再选生物,566,21842,,,0,重庆,公办,0,1
重庆,2025,物理类,本科提前批B段,5007,重庆师范大学,,首选物理，再选不限,565,9189,,,0,重庆,公办,0,0
重庆,2025,物理类,本科提前批B段,5007,重庆师范大学,,首选物理，再选化学,556,5983,,,0,重庆,公办,0,0
重庆,2025,物理类,本科提前批B段,5007,重庆师范大学,,首选物理，再选地理,599,6864,,,0,重庆,公办,0,0
重庆,2025,物理类,本科提前批B段,5011,四川外国语大学,,首选物理，再选不限,498,31746,,,0,重庆,公办,0,0
重庆,2025,物理类,本科提前批B段,5015,重庆理工大学,,首选物理，再选不限,521,29255,,,0,重庆,公办,0,0
重庆,2025,物理类,本科提前批B段,5015,重庆理工大学,,首选物理，再选化学,541,20633,,,0,重庆,公办,0,0
重庆,2025,物理类,本科提前批B段,5122,西南财经大学,,首选物理，再选不限,594,8369,,,0,四川,公办,0,1
重庆,2025,物理类,本科提前批B段,5122,西南财经大学,,首选物理，再选化学,574,7362,,,0,四川,公办,0,1
重庆,2025,物理类,本科提前批B段,5125,西南民族大学,,首选物理，再选化学,541,27774,,,0,四川,公办,0,0
重庆,2025,物理类,本科提前批B段,5201,贵州大学,,首选物理，再选化学,567,19815,,,0,贵州,公办,0,1
重庆,2025,物理类,本科提前批B段,6205,河西学院,,首选物理，再选化学,550,32260,,,0,甘肃,公办,0,0
重庆,2025,物理类,本科提前批B段,6403,北方民族大学,,首选物理，再选不限,534,38835,,,0,宁夏,公办,0,0
重庆,2025,物理类,本科提前批B段,6403,北方民族大学,,首选物理，再选化学,522,25339,,,0,宁夏,公办,0,0
重庆,2025,物理类,本科提前批B段,6503,石河子大学,,首选物理，再选不限,551,31746,,,0,新疆,公办,0,1
重庆,2025,物理类,本科提前批B段,6503,石河子大学,,首选物理，再选化学,572,21842,,,0,新疆,公办,0,1
重庆,2025,物理类,本科提前批B段,6526,塔里木大学,,首选物理，再选化学,517,51374,,,0,新疆,公办,0,0
重庆,2025,物理类,本科提前批B段,6537,中国石油大学（北京）克拉玛依校区,,首选物理，再选不限,554,30286,,,0,新疆,公办,0,1
重庆,2025,物理类,本科提前批B段,6537,中国石油大学（北京）克拉玛依校区,,首选物理，再选化学,545,17490,,,0,新疆,公办,0,1
重庆,2025,物理类,民航飞行技术批,1205,中国民航大学,,首选物理，再选化学,551,31746,,,0,天津,公办,0,0
